CUDA_VISIBLE_DEVICES=0\,1\,2\,3\,4\,5\,6\,7 /home/hychen/min_fa3_demo/.venv/bin/torchrun --standalone --nproc_per_node=8 --module dcp_test.benchmark_dcp_mega_batch --config dcp_test/configs/dcp_mega_six_loads.json --trace-config dcp_test/trace/example_config.json --trace-cases benchmark_logs/experiment_suite/dcp-suite/01_dcp_wave-b-timestamps-20260814-132129/results/arrival_2/dcp_4/trace/cases.jsonl --trace-arrival-time-scale 2 --trace-dcp-size 4 --num-cases 100 --dcp-sizes 4 --implementations mega --num-splits 0 --mega-block-n auto --mega-num-comm-sms 16 --warmup 40 --iters 60 --no-check --no-cuda-graph --mega-phase-timestamps --no-baseline-phase-timing --mega-scheduler-heuristic --mega-history-order auto --output-dir benchmark_logs/experiment_suite/dcp-suite/01_dcp_wave-b-timestamps-20260814-132129/results/arrival_2/dcp_4/critical_wave_auto_lpt --manifest benchmark_logs/experiment_suite/dcp-suite/01_dcp_wave-b-timestamps-20260814-132129/results/arrival_2/dcp_4/critical_wave_auto_lpt/manifest.json
Mega DCP batch: name=dcp_mega_trace, mode=eager, cases=100, methods=['dcp_mega_varlen'], comm_sm_sweep=[16], baseline_phase_timing=False

================================================================================
Mega comm_sm=16, case 1/100: case_000000_dcp4_hkv2: B=19, Sq=[16, 16, 16, 16, 16, 16, 16, 16, 16, 16, 16, 16, 16, 16, 16, 16, 16, 16, 16], Sk=[1458, 95870, 67433, 1256, 67753, 4966, 8788, 9912, 15221, 15272, 5890, 16546, 11994, 2741, 9023, 7447, 27540, 4161, 18588], DCP=4, Hkv=2
================================================================================
Config: world_size=8, methods=['dcp_mega_varlen'], QH=32, KVH=2, D=128, TP=8, DCP=4, workload=chunk, execution=eager, baseline_phase_timing=False, warmup=40, iters=60, check=False
Workload: B=19, q_tokens=304, history_tokens=391859, q_seqlens=[16, 16, 16, 16, 16, 16, 16, 16, 16, 16, 16, 16, 16, 16, 16, 16, 16, 16, 16], history_seqlens=[1458, 95870, 67433, 1256, 67753, 4966, 8788, 9912, 15221, 15272, 5890, 16546, 11994, 2741, 9023, 7447, 27540, 4161, 18588]
Agg TFLOPS uses useful attention work across all TP ranks and p50(max_across_ranks); Avg/GPU divides it by world_size.
KV GB/s/GPU is average logical BF16 K+V bytes read per TP rank divided by p50(max_across_ranks); it is not hardware-counter HBM traffic.

Running B=19, q_tokens=304, history_tokens=391859, causal=True

B=19, q_tokens=304, history_tokens=391859, QH=32, KVH=2, D=128, TP=8, DCP=4, mode=causal
Method                   Time ms                                                                                                                                     Agg TFLOPS    Avg/GPU  KV GB/s/GPU      Check  Note
dcp_mega_varlen          t0=0.108, t1=0.136, t2=0.134, t3=0.133, t4=0.137, t5=0.135, t6=0.110, t7=0.133 | p50(max_across_ranks)=0.137, p90(max_across_ranks)=0.141        749.6       93.7        367.0       skip  eager; output=bf16_ipc_a2a; runner_preallocated; timing=mega_kernel_only

Mega %globaltimer phase timestamps (per-iteration maximum across benchmark ranks, then p50/p90 across samples; us)
Method                   Phase                                                             p50        p90
dcp_mega_varlen          kernel_start                                                    0.000      0.000
dcp_mega_varlen          q_allgather_done                                                6.688      6.912
dcp_mega_varlen          attention_done                                                 86.016     86.592
dcp_mega_varlen          history_combine_done                                           97.712     98.422
dcp_mega_varlen          publish_done                                                   97.712     98.422
dcp_mega_varlen          receive_done                                                  125.680    129.994
dcp_mega_varlen          final_combine_done                                            130.176    134.448
dcp_mega_varlen          kernel_done                                                   130.496    134.768
dcp_mega_varlen          post_completion/q_done_to_publish_done                         91.360     92.195
dcp_mega_varlen          post_completion/publish_done_to_receive_done                   30.880     35.136
dcp_mega_varlen          post_completion/attention_done_to_history_combine_done         12.112     12.512
dcp_mega_varlen          post_completion/history_combine_done_to_final_combine_done     35.360     39.658
Wrote benchmark JSON to benchmark_logs/experiment_suite/dcp-suite/01_dcp_wave-b-timestamps-20260814-132129/results/arrival_2/dcp_4/critical_wave_auto_lpt/comm_sm_16/case_000000_dcp4_hkv2_eager.json

================================================================================
Mega comm_sm=16, case 2/100: case_000001_dcp4_hkv2: B=14, Sq=[16, 16, 16, 16, 16, 16, 16, 16, 16, 16, 16, 16, 16, 16], Sk=[2006, 15574, 29934, 1292, 1118, 13418, 11877, 8998, 5191, 1630, 4901, 8137, 999, 7858], DCP=4, Hkv=2
================================================================================
Config: world_size=8, methods=['dcp_mega_varlen'], QH=32, KVH=2, D=128, TP=8, DCP=4, workload=chunk, execution=eager, baseline_phase_timing=False, warmup=40, iters=60, check=False
Workload: B=14, q_tokens=224, history_tokens=112933, q_seqlens=[16, 16, 16, 16, 16, 16, 16, 16, 16, 16, 16, 16, 16, 16], history_seqlens=[2006, 15574, 29934, 1292, 1118, 13418, 11877, 8998, 5191, 1630, 4901, 8137, 999, 7858]
Agg TFLOPS uses useful attention work across all TP ranks and p50(max_across_ranks); Avg/GPU divides it by world_size.
KV GB/s/GPU is average logical BF16 K+V bytes read per TP rank divided by p50(max_across_ranks); it is not hardware-counter HBM traffic.

Running B=14, q_tokens=224, history_tokens=112933, causal=True

B=14, q_tokens=224, history_tokens=112933, QH=32, KVH=2, D=128, TP=8, DCP=4, mode=causal
Method                   Time ms                                                                                                                                     Agg TFLOPS    Avg/GPU  KV GB/s/GPU      Check  Note
dcp_mega_varlen          t0=0.074, t1=0.075, t2=0.073, t3=0.070, t4=0.075, t5=0.073, t6=0.073, t7=0.071 | p50(max_across_ranks)=0.076, p90(max_across_ranks)=0.078        389.5       48.7        191.5       skip  eager; output=bf16_ipc_a2a; runner_preallocated; timing=mega_kernel_only

Mega %globaltimer phase timestamps (per-iteration maximum across benchmark ranks, then p50/p90 across samples; us)
Method                   Phase                                                             p50        p90
dcp_mega_varlen          kernel_start                                                    0.000      0.000
dcp_mega_varlen          q_allgather_done                                                5.792      6.019
dcp_mega_varlen          attention_done                                                 48.112     48.355
dcp_mega_varlen          history_combine_done                                           58.464     59.277
dcp_mega_varlen          publish_done                                                   58.464     59.277
dcp_mega_varlen          receive_done                                                   65.264     66.800
dcp_mega_varlen          final_combine_done                                             69.184     70.726
dcp_mega_varlen          kernel_done                                                    69.504     70.950
dcp_mega_varlen          post_completion/q_done_to_publish_done                         52.976     53.862
dcp_mega_varlen          post_completion/publish_done_to_receive_done                    8.880     10.662
dcp_mega_varlen          post_completion/attention_done_to_history_combine_done         10.960     11.872
dcp_mega_varlen          post_completion/history_combine_done_to_final_combine_done     12.720     14.595
Wrote benchmark JSON to benchmark_logs/experiment_suite/dcp-suite/01_dcp_wave-b-timestamps-20260814-132129/results/arrival_2/dcp_4/critical_wave_auto_lpt/comm_sm_16/case_000001_dcp4_hkv2_eager.json

================================================================================
Mega comm_sm=16, case 3/100: case_000002_dcp4_hkv2: B=14, Sq=[16, 16, 16, 16, 16, 16, 16, 16, 16, 16, 16, 16, 16, 16], Sk=[21598, 18093, 1351, 17231, 66610, 28813, 11887, 6134, 5172, 8666, 83928, 2309, 95046, 5404], DCP=4, Hkv=2
================================================================================
Config: world_size=8, methods=['dcp_mega_varlen'], QH=32, KVH=2, D=128, TP=8, DCP=4, workload=chunk, execution=eager, baseline_phase_timing=False, warmup=40, iters=60, check=False
Workload: B=14, q_tokens=224, history_tokens=372242, q_seqlens=[16, 16, 16, 16, 16, 16, 16, 16, 16, 16, 16, 16, 16, 16], history_seqlens=[21598, 18093, 1351, 17231, 66610, 28813, 11887, 6134, 5172, 8666, 83928, 2309, 95046, 5404]
Agg TFLOPS uses useful attention work across all TP ranks and p50(max_across_ranks); Avg/GPU divides it by world_size.
KV GB/s/GPU is average logical BF16 K+V bytes read per TP rank divided by p50(max_across_ranks); it is not hardware-counter HBM traffic.

Running B=14, q_tokens=224, history_tokens=372242, causal=True

B=14, q_tokens=224, history_tokens=372242, QH=32, KVH=2, D=128, TP=8, DCP=4, mode=causal
Method                   Time ms                                                                                                                                     Agg TFLOPS    Avg/GPU  KV GB/s/GPU      Check  Note
dcp_mega_varlen          t0=0.088, t1=0.087, t2=0.086, t3=0.083, t4=0.088, t5=0.086, t6=0.085, t7=0.083 | p50(max_across_ranks)=0.089, p90(max_across_ranks)=0.103       1097.5      137.2        537.0       skip  eager; output=bf16_ipc_a2a; runner_preallocated; timing=mega_kernel_only

Mega %globaltimer phase timestamps (per-iteration maximum across benchmark ranks, then p50/p90 across samples; us)
Method                   Phase                                                             p50        p90
dcp_mega_varlen          kernel_start                                                    0.000      0.000
dcp_mega_varlen          q_allgather_done                                                6.112      6.211
dcp_mega_varlen          attention_done                                                 46.112     46.694
dcp_mega_varlen          history_combine_done                                           70.448     71.459
dcp_mega_varlen          publish_done                                                   70.448     71.459
dcp_mega_varlen          receive_done                                                   78.048     92.358
dcp_mega_varlen          final_combine_done                                             82.288     96.550
dcp_mega_varlen          kernel_done                                                    82.576     96.861
dcp_mega_varlen          post_completion/q_done_to_publish_done                         64.704     65.632
dcp_mega_varlen          post_completion/publish_done_to_receive_done                    9.584     24.208
dcp_mega_varlen          post_completion/attention_done_to_history_combine_done         25.632     26.643
dcp_mega_varlen          post_completion/history_combine_done_to_final_combine_done     13.744     28.803
Wrote benchmark JSON to benchmark_logs/experiment_suite/dcp-suite/01_dcp_wave-b-timestamps-20260814-132129/results/arrival_2/dcp_4/critical_wave_auto_lpt/comm_sm_16/case_000002_dcp4_hkv2_eager.json

================================================================================
Mega comm_sm=16, case 4/100: case_000003_dcp4_hkv2: B=8, Sq=[16, 16, 16, 16, 16, 16, 16, 16], Sk=[33687, 6745, 1314, 2395, 1661, 14146, 6849, 3470], DCP=4, Hkv=2
================================================================================
Config: world_size=8, methods=['dcp_mega_varlen'], QH=32, KVH=2, D=128, TP=8, DCP=4, workload=chunk, execution=eager, baseline_phase_timing=False, warmup=40, iters=60, check=False
Workload: B=8, q_tokens=128, history_tokens=70267, q_seqlens=[16, 16, 16, 16, 16, 16, 16, 16], history_seqlens=[33687, 6745, 1314, 2395, 1661, 14146, 6849, 3470]
Agg TFLOPS uses useful attention work across all TP ranks and p50(max_across_ranks); Avg/GPU divides it by world_size.
KV GB/s/GPU is average logical BF16 K+V bytes read per TP rank divided by p50(max_across_ranks); it is not hardware-counter HBM traffic.

Running B=8, q_tokens=128, history_tokens=70267, causal=True

B=8, q_tokens=128, history_tokens=70267, QH=32, KVH=2, D=128, TP=8, DCP=4, mode=causal
Method                   Time ms                                                                                                                                     Agg TFLOPS    Avg/GPU  KV GB/s/GPU      Check  Note
dcp_mega_varlen          t0=0.054, t1=0.055, t2=0.054, t3=0.051, t4=0.055, t5=0.053, t6=0.052, t7=0.051 | p50(max_across_ranks)=0.056, p90(max_across_ranks)=0.057        332.0       41.5        163.1       skip  eager; output=bf16_ipc_a2a; runner_preallocated; timing=mega_kernel_only

Mega %globaltimer phase timestamps (per-iteration maximum across benchmark ranks, then p50/p90 across samples; us)
Method                   Phase                                                             p50        p90
dcp_mega_varlen          kernel_start                                                    0.000      0.000
dcp_mega_varlen          q_allgather_done                                                4.672      4.800
dcp_mega_varlen          attention_done                                                 27.040     27.232
dcp_mega_varlen          history_combine_done                                           38.352     39.274
dcp_mega_varlen          publish_done                                                   38.352     39.274
dcp_mega_varlen          receive_done                                                   44.624     46.250
dcp_mega_varlen          final_combine_done                                             48.592     50.051
dcp_mega_varlen          kernel_done                                                    48.880     50.342
dcp_mega_varlen          post_completion/q_done_to_publish_done                         33.760     34.723
dcp_mega_varlen          post_completion/publish_done_to_receive_done                    8.576      9.939
dcp_mega_varlen          post_completion/attention_done_to_history_combine_done         11.776     12.810
dcp_mega_varlen          post_completion/history_combine_done_to_final_combine_done     12.304     13.632
Wrote benchmark JSON to benchmark_logs/experiment_suite/dcp-suite/01_dcp_wave-b-timestamps-20260814-132129/results/arrival_2/dcp_4/critical_wave_auto_lpt/comm_sm_16/case_000003_dcp4_hkv2_eager.json

================================================================================
Mega comm_sm=16, case 5/100: case_000004_dcp4_hkv2: B=11, Sq=[16, 16, 16, 16, 16, 16, 16, 16, 16, 16, 16], Sk=[10641, 18780, 24398, 9745, 2001, 6759, 2732, 18820, 967, 4559, 18946], DCP=4, Hkv=2
================================================================================
Config: world_size=8, methods=['dcp_mega_varlen'], QH=32, KVH=2, D=128, TP=8, DCP=4, workload=chunk, execution=eager, baseline_phase_timing=False, warmup=40, iters=60, check=False
Workload: B=11, q_tokens=176, history_tokens=118348, q_seqlens=[16, 16, 16, 16, 16, 16, 16, 16, 16, 16, 16], history_seqlens=[10641, 18780, 24398, 9745, 2001, 6759, 2732, 18820, 967, 4559, 18946]
Agg TFLOPS uses useful attention work across all TP ranks and p50(max_across_ranks); Avg/GPU divides it by world_size.
KV GB/s/GPU is average logical BF16 K+V bytes read per TP rank divided by p50(max_across_ranks); it is not hardware-counter HBM traffic.

Running B=11, q_tokens=176, history_tokens=118348, causal=True

B=11, q_tokens=176, history_tokens=118348, QH=32, KVH=2, D=128, TP=8, DCP=4, mode=causal
Method                   Time ms                                                                                                                                     Agg TFLOPS    Avg/GPU  KV GB/s/GPU      Check  Note
dcp_mega_varlen          t0=0.071, t1=0.071, t2=0.070, t3=0.069, t4=0.072, t5=0.069, t6=0.070, t7=0.068 | p50(max_across_ranks)=0.072, p90(max_across_ranks)=0.074        429.0       53.6        210.6       skip  eager; output=bf16_ipc_a2a; runner_preallocated; timing=mega_kernel_only

Mega %globaltimer phase timestamps (per-iteration maximum across benchmark ranks, then p50/p90 across samples; us)
Method                   Phase                                                             p50        p90
dcp_mega_varlen          kernel_start                                                    0.000      0.000
dcp_mega_varlen          q_allgather_done                                                5.152      5.280
dcp_mega_varlen          attention_done                                                 44.768     45.059
dcp_mega_varlen          history_combine_done                                           54.864     55.750
dcp_mega_varlen          publish_done                                                   54.864     55.750
dcp_mega_varlen          receive_done                                                   61.376     62.800
dcp_mega_varlen          final_combine_done                                             65.392     66.826
dcp_mega_varlen          kernel_done                                                    65.712     67.146
dcp_mega_varlen          post_completion/q_done_to_publish_done                         49.872     50.730
dcp_mega_varlen          post_completion/publish_done_to_receive_done                    8.560     10.067
dcp_mega_varlen          post_completion/attention_done_to_history_combine_done         10.528     11.392
dcp_mega_varlen          post_completion/history_combine_done_to_final_combine_done     12.416     14.058
Wrote benchmark JSON to benchmark_logs/experiment_suite/dcp-suite/01_dcp_wave-b-timestamps-20260814-132129/results/arrival_2/dcp_4/critical_wave_auto_lpt/comm_sm_16/case_000004_dcp4_hkv2_eager.json

================================================================================
Mega comm_sm=16, case 6/100: case_000005_dcp4_hkv2: B=12, Sq=[16, 16, 16, 16, 16, 16, 16, 16, 16, 16, 16, 16], Sk=[20862, 1190, 1715, 1140, 8037, 13080, 67338, 12913, 6559, 3112, 10345, 917], DCP=4, Hkv=2
================================================================================
Config: world_size=8, methods=['dcp_mega_varlen'], QH=32, KVH=2, D=128, TP=8, DCP=4, workload=chunk, execution=eager, baseline_phase_timing=False, warmup=40, iters=60, check=False
Workload: B=12, q_tokens=192, history_tokens=147208, q_seqlens=[16, 16, 16, 16, 16, 16, 16, 16, 16, 16, 16, 16], history_seqlens=[20862, 1190, 1715, 1140, 8037, 13080, 67338, 12913, 6559, 3112, 10345, 917]
Agg TFLOPS uses useful attention work across all TP ranks and p50(max_across_ranks); Avg/GPU divides it by world_size.
KV GB/s/GPU is average logical BF16 K+V bytes read per TP rank divided by p50(max_across_ranks); it is not hardware-counter HBM traffic.

Running B=12, q_tokens=192, history_tokens=147208, causal=True

B=12, q_tokens=192, history_tokens=147208, QH=32, KVH=2, D=128, TP=8, DCP=4, mode=causal
Method                   Time ms                                                                                                                                     Agg TFLOPS    Avg/GPU  KV GB/s/GPU      Check  Note
dcp_mega_varlen          t0=0.074, t1=0.074, t2=0.072, t3=0.071, t4=0.075, t5=0.073, t6=0.072, t7=0.071 | p50(max_across_ranks)=0.076, p90(max_across_ranks)=0.081        511.3       63.9        250.8       skip  eager; output=bf16_ipc_a2a; runner_preallocated; timing=mega_kernel_only

Mega %globaltimer phase timestamps (per-iteration maximum across benchmark ranks, then p50/p90 across samples; us)
Method                   Phase                                                             p50        p90
dcp_mega_varlen          kernel_start                                                    0.000      0.000
dcp_mega_varlen          q_allgather_done                                                5.344      5.472
dcp_mega_varlen          attention_done                                                 46.784     46.976
dcp_mega_varlen          history_combine_done                                           57.728     58.336
dcp_mega_varlen          publish_done                                                   57.728     58.336
dcp_mega_varlen          receive_done                                                   64.480     69.728
dcp_mega_varlen          final_combine_done                                             68.736     74.029
dcp_mega_varlen          kernel_done                                                    69.056     74.349
dcp_mega_varlen          post_completion/q_done_to_publish_done                         52.576     53.184
dcp_mega_varlen          post_completion/publish_done_to_receive_done                    8.720     13.955
dcp_mega_varlen          post_completion/attention_done_to_history_combine_done         11.552     12.486
dcp_mega_varlen          post_completion/history_combine_done_to_final_combine_done     13.040     18.102
Wrote benchmark JSON to benchmark_logs/experiment_suite/dcp-suite/01_dcp_wave-b-timestamps-20260814-132129/results/arrival_2/dcp_4/critical_wave_auto_lpt/comm_sm_16/case_000005_dcp4_hkv2_eager.json

================================================================================
Mega comm_sm=16, case 7/100: case_000006_dcp4_hkv2: B=10, Sq=[16, 16, 16, 16, 16, 16, 16, 16, 16, 16], Sk=[1868, 1305, 13222, 67487, 13075, 6711, 15222, 39684, 3840, 27631], DCP=4, Hkv=2
================================================================================
Config: world_size=8, methods=['dcp_mega_varlen'], QH=32, KVH=2, D=128, TP=8, DCP=4, workload=chunk, execution=eager, baseline_phase_timing=False, warmup=40, iters=60, check=False
Workload: B=10, q_tokens=160, history_tokens=190045, q_seqlens=[16, 16, 16, 16, 16, 16, 16, 16, 16, 16], history_seqlens=[1868, 1305, 13222, 67487, 13075, 6711, 15222, 39684, 3840, 27631]
Agg TFLOPS uses useful attention work across all TP ranks and p50(max_across_ranks); Avg/GPU divides it by world_size.
KV GB/s/GPU is average logical BF16 K+V bytes read per TP rank divided by p50(max_across_ranks); it is not hardware-counter HBM traffic.

Running B=10, q_tokens=160, history_tokens=190045, causal=True

B=10, q_tokens=160, history_tokens=190045, QH=32, KVH=2, D=128, TP=8, DCP=4, mode=causal
Method                   Time ms                                                                                                                                     Agg TFLOPS    Avg/GPU  KV GB/s/GPU      Check  Note
dcp_mega_varlen          t0=0.080, t1=0.079, t2=0.078, t3=0.075, t4=0.080, t5=0.078, t6=0.078, t7=0.076 | p50(max_across_ranks)=0.081, p90(max_across_ranks)=0.107        615.8       77.0        301.5       skip  eager; output=bf16_ipc_a2a; runner_preallocated; timing=mega_kernel_only

Mega %globaltimer phase timestamps (per-iteration maximum across benchmark ranks, then p50/p90 across samples; us)
Method                   Phase                                                             p50        p90
dcp_mega_varlen          kernel_start                                                    0.000      0.000
dcp_mega_varlen          q_allgather_done                                                5.120      5.216
dcp_mega_varlen          attention_done                                                 52.160     52.515
dcp_mega_varlen          history_combine_done                                           62.800     63.552
dcp_mega_varlen          publish_done                                                   62.800     63.552
dcp_mega_varlen          receive_done                                                   70.208     95.850
dcp_mega_varlen          final_combine_done                                             74.192    100.006
dcp_mega_varlen          kernel_done                                                    74.512    100.346
dcp_mega_varlen          post_completion/q_done_to_publish_done                         57.856     58.563
dcp_mega_varlen          post_completion/publish_done_to_receive_done                    9.264     35.763
dcp_mega_varlen          post_completion/attention_done_to_history_combine_done         11.488     11.939
dcp_mega_varlen          post_completion/history_combine_done_to_final_combine_done     13.280     39.888
Wrote benchmark JSON to benchmark_logs/experiment_suite/dcp-suite/01_dcp_wave-b-timestamps-20260814-132129/results/arrival_2/dcp_4/critical_wave_auto_lpt/comm_sm_16/case_000006_dcp4_hkv2_eager.json

================================================================================
Mega comm_sm=16, case 8/100: case_000007_dcp4_hkv2: B=15, Sq=[16, 16, 16, 16, 16, 16, 16, 16, 16, 16, 16, 16, 16, 4096, 4096], Sk=[124461, 2751, 6140, 7133, 4306, 25800, 34377, 21021, 2028, 999, 15581, 915, 11174, 57856, 12800], DCP=4, Hkv=2
================================================================================
Config: world_size=8, methods=['dcp_mega_varlen'], QH=32, KVH=2, D=128, TP=8, DCP=4, workload=chunk, execution=eager, baseline_phase_timing=False, warmup=40, iters=60, check=False
Workload: B=15, q_tokens=8400, history_tokens=327342, q_seqlens=[16, 16, 16, 16, 16, 16, 16, 16, 16, 16, 16, 16, 16, 4096, 4096], history_seqlens=[124461, 2751, 6140, 7133, 4306, 25800, 34377, 21021, 2028, 999, 15581, 915, 11174, 57856, 12800]
Agg TFLOPS uses useful attention work across all TP ranks and p50(max_across_ranks); Avg/GPU divides it by world_size.
KV GB/s/GPU is average logical BF16 K+V bytes read per TP rank divided by p50(max_across_ranks); it is not hardware-counter HBM traffic.

Running B=15, q_tokens=8400, history_tokens=327342, causal=True

B=15, q_tokens=8400, history_tokens=327342, QH=32, KVH=2, D=128, TP=8, DCP=4, mode=causal
Method                   Time ms                                                                                                                                     Agg TFLOPS    Avg/GPU  KV GB/s/GPU      Check  Note
dcp_mega_varlen          t0=1.189, t1=1.225, t2=1.191, t3=1.207, t4=1.187, t5=1.221, t6=1.186, t7=1.207 | p50(max_across_ranks)=1.225, p90(max_across_ranks)=1.232       4148.6      518.6         37.7       skip  eager; output=bf16_ipc_a2a; runner_preallocated; timing=mega_kernel_only

Mega %globaltimer phase timestamps (per-iteration maximum across benchmark ranks, then p50/p90 across samples; us)
Method                   Phase                                                             p50        p90
dcp_mega_varlen          kernel_start                                                    0.000      0.000
dcp_mega_varlen          q_allgather_done                                               98.432    100.810
dcp_mega_varlen          attention_done                                               1014.784   1020.890
dcp_mega_varlen          history_combine_done                                         1123.600   1129.574
dcp_mega_varlen          publish_done                                                 1123.600   1129.574
dcp_mega_varlen          receive_done                                                 1170.576   1178.966
dcp_mega_varlen          final_combine_done                                           1217.584   1223.667
dcp_mega_varlen          kernel_done                                                  1217.872   1223.990
dcp_mega_varlen          post_completion/q_done_to_publish_done                       1029.056   1034.518
dcp_mega_varlen          post_completion/publish_done_to_receive_done                   84.688     95.827
dcp_mega_varlen          post_completion/attention_done_to_history_combine_done        111.312    112.522
dcp_mega_varlen          post_completion/history_combine_done_to_final_combine_done    100.208    110.534
Wrote benchmark JSON to benchmark_logs/experiment_suite/dcp-suite/01_dcp_wave-b-timestamps-20260814-132129/results/arrival_2/dcp_4/critical_wave_auto_lpt/comm_sm_16/case_000007_dcp4_hkv2_eager.json

================================================================================
Mega comm_sm=16, case 9/100: case_000008_dcp4_hkv2: B=12, Sq=[16, 16, 16, 16, 16, 16, 16, 16, 16, 16, 16, 2720], Sk=[7482, 8904, 45717, 28457, 4491, 2165, 1049, 24162, 7464, 27141, 1307, 512], DCP=4, Hkv=2
================================================================================
Config: world_size=8, methods=['dcp_mega_varlen'], QH=32, KVH=2, D=128, TP=8, DCP=4, workload=chunk, execution=eager, baseline_phase_timing=False, warmup=40, iters=60, check=False
Workload: B=12, q_tokens=2896, history_tokens=158851, q_seqlens=[16, 16, 16, 16, 16, 16, 16, 16, 16, 16, 16, 2720], history_seqlens=[7482, 8904, 45717, 28457, 4491, 2165, 1049, 24162, 7464, 27141, 1307, 512]
Agg TFLOPS uses useful attention work across all TP ranks and p50(max_across_ranks); Avg/GPU divides it by world_size.
KV GB/s/GPU is average logical BF16 K+V bytes read per TP rank divided by p50(max_across_ranks); it is not hardware-counter HBM traffic.

Running B=12, q_tokens=2896, history_tokens=158851, causal=True

B=12, q_tokens=2896, history_tokens=158851, QH=32, KVH=2, D=128, TP=8, DCP=4, mode=causal
Method                   Time ms                                                                                                                                     Agg TFLOPS    Avg/GPU  KV GB/s/GPU      Check  Note
dcp_mega_varlen          t0=0.184, t1=0.183, t2=0.183, t3=0.178, t4=0.184, t5=0.182, t6=0.182, t7=0.178 | p50(max_across_ranks)=0.186, p90(max_across_ranks)=0.197        673.6       84.2        117.6       skip  eager; output=bf16_ipc_a2a; runner_preallocated; timing=mega_kernel_only

Mega %globaltimer phase timestamps (per-iteration maximum across benchmark ranks, then p50/p90 across samples; us)
Method                   Phase                                                             p50        p90
dcp_mega_varlen          kernel_start                                                    0.000      0.000
dcp_mega_varlen          q_allgather_done                                               37.328     38.272
dcp_mega_varlen          attention_done                                                139.184    140.099
dcp_mega_varlen          history_combine_done                                          161.376    161.997
dcp_mega_varlen          publish_done                                                  161.376    161.997
dcp_mega_varlen          receive_done                                                  170.272    181.965
dcp_mega_varlen          final_combine_done                                            178.400    190.013
dcp_mega_varlen          kernel_done                                                   178.720    190.323
dcp_mega_varlen          post_completion/q_done_to_publish_done                        125.792    127.232
dcp_mega_varlen          post_completion/publish_done_to_receive_done                   12.080     24.403
dcp_mega_varlen          post_completion/attention_done_to_history_combine_done         22.944     23.747
dcp_mega_varlen          post_completion/history_combine_done_to_final_combine_done     20.176     32.451
Wrote benchmark JSON to benchmark_logs/experiment_suite/dcp-suite/01_dcp_wave-b-timestamps-20260814-132129/results/arrival_2/dcp_4/critical_wave_auto_lpt/comm_sm_16/case_000008_dcp4_hkv2_eager.json

================================================================================
Mega comm_sm=16, case 10/100: case_000009_dcp4_hkv2: B=26, Sq=[16, 16, 16, 16, 16, 16, 16, 16, 16, 16, 16, 16, 16, 16, 16, 16, 16, 16, 16, 16, 16, 16, 16, 16, 16, 16], Sk=[5934, 1472, 24053, 10830, 7889, 33190, 1881, 4532, 5947, 43356, 26295, 4765, 12370, 1100, 28613, 6599, 26872, 1274, 24212, 1023, 5156, 2648, 9542, 1284, 4856, 1413], DCP=4, Hkv=2
================================================================================
Config: world_size=8, methods=['dcp_mega_varlen'], QH=32, KVH=2, D=128, TP=8, DCP=4, workload=chunk, execution=eager, baseline_phase_timing=False, warmup=40, iters=60, check=False
Workload: B=26, q_tokens=416, history_tokens=297106, q_seqlens=[16, 16, 16, 16, 16, 16, 16, 16, 16, 16, 16, 16, 16, 16, 16, 16, 16, 16, 16, 16, 16, 16, 16, 16, 16, 16], history_seqlens=[5934, 1472, 24053, 10830, 7889, 33190, 1881, 4532, 5947, 43356, 26295, 4765, 12370, 1100, 28613, 6599, 26872, 1274, 24212, 1023, 5156, 2648, 9542, 1284, 4856, 1413]
Agg TFLOPS uses useful attention work across all TP ranks and p50(max_across_ranks); Avg/GPU divides it by world_size.
KV GB/s/GPU is average logical BF16 K+V bytes read per TP rank divided by p50(max_across_ranks); it is not hardware-counter HBM traffic.

Running B=26, q_tokens=416, history_tokens=297106, causal=True

B=26, q_tokens=416, history_tokens=297106, QH=32, KVH=2, D=128, TP=8, DCP=4, mode=causal
Method                   Time ms                                                                                                                                     Agg TFLOPS    Avg/GPU  KV GB/s/GPU      Check  Note
dcp_mega_varlen          t0=0.120, t1=0.119, t2=0.119, t3=0.116, t4=0.120, t5=0.118, t6=0.118, t7=0.116 | p50(max_across_ranks)=0.120, p90(max_across_ranks)=0.122        646.9       80.9        317.4       skip  eager; output=bf16_ipc_a2a; runner_preallocated; timing=mega_kernel_only

Mega %globaltimer phase timestamps (per-iteration maximum across benchmark ranks, then p50/p90 across samples; us)
Method                   Phase                                                             p50        p90
dcp_mega_varlen          kernel_start                                                    0.000      0.000
dcp_mega_varlen          q_allgather_done                                               11.056     11.299
dcp_mega_varlen          attention_done                                                 90.304     90.787
dcp_mega_varlen          history_combine_done                                          102.576    103.590
dcp_mega_varlen          publish_done                                                  102.576    103.590
dcp_mega_varlen          receive_done                                                  109.760    111.101
dcp_mega_varlen          final_combine_done                                            113.712    115.251
dcp_mega_varlen          kernel_done                                                   114.000    115.514
dcp_mega_varlen          post_completion/q_done_to_publish_done                         92.352     93.184
dcp_mega_varlen          post_completion/publish_done_to_receive_done                    9.616     11.750
dcp_mega_varlen          post_completion/attention_done_to_history_combine_done         13.264     14.182
dcp_mega_varlen          post_completion/history_combine_done_to_final_combine_done     13.664     16.048
Wrote benchmark JSON to benchmark_logs/experiment_suite/dcp-suite/01_dcp_wave-b-timestamps-20260814-132129/results/arrival_2/dcp_4/critical_wave_auto_lpt/comm_sm_16/case_000009_dcp4_hkv2_eager.json

================================================================================
Mega comm_sm=16, case 11/100: case_000010_dcp4_hkv2: B=24, Sq=[16, 16, 16, 16, 16, 16, 16, 16, 16, 16, 16, 16, 16, 16, 16, 16, 16, 16, 16, 16, 16, 16, 16, 16], Sk=[1576, 4115, 30627, 11332, 13601, 17054, 1268, 19085, 17369, 1179, 24420, 6072, 2358, 8982, 11077, 10968, 15322, 15033, 1062, 14095, 7965, 12995, 32417, 1579], DCP=4, Hkv=2
================================================================================
Config: world_size=8, methods=['dcp_mega_varlen'], QH=32, KVH=2, D=128, TP=8, DCP=4, workload=chunk, execution=eager, baseline_phase_timing=False, warmup=40, iters=60, check=False
Workload: B=24, q_tokens=384, history_tokens=281551, q_seqlens=[16, 16, 16, 16, 16, 16, 16, 16, 16, 16, 16, 16, 16, 16, 16, 16, 16, 16, 16, 16, 16, 16, 16, 16], history_seqlens=[1576, 4115, 30627, 11332, 13601, 17054, 1268, 19085, 17369, 1179, 24420, 6072, 2358, 8982, 11077, 10968, 15322, 15033, 1062, 14095, 7965, 12995, 32417, 1579]
Agg TFLOPS uses useful attention work across all TP ranks and p50(max_across_ranks); Avg/GPU divides it by world_size.
KV GB/s/GPU is average logical BF16 K+V bytes read per TP rank divided by p50(max_across_ranks); it is not hardware-counter HBM traffic.

Running B=24, q_tokens=384, history_tokens=281551, causal=True

B=24, q_tokens=384, history_tokens=281551, QH=32, KVH=2, D=128, TP=8, DCP=4, mode=causal
Method                   Time ms                                                                                                                                     Agg TFLOPS    Avg/GPU  KV GB/s/GPU      Check  Note
dcp_mega_varlen          t0=0.094, t1=0.094, t2=0.094, t3=0.090, t4=0.094, t5=0.093, t6=0.092, t7=0.090 | p50(max_across_ranks)=0.096, p90(max_across_ranks)=0.097        772.7       96.6        379.1       skip  eager; output=bf16_ipc_a2a; runner_preallocated; timing=mega_kernel_only

Mega %globaltimer phase timestamps (per-iteration maximum across benchmark ranks, then p50/p90 across samples; us)
Method                   Phase                                                             p50        p90
dcp_mega_varlen          kernel_start                                                    0.000      0.000
dcp_mega_varlen          q_allgather_done                                                7.936      8.288
dcp_mega_varlen          attention_done                                                 65.184     65.795
dcp_mega_varlen          history_combine_done                                           77.024     77.856
dcp_mega_varlen          publish_done                                                   77.024     77.856
dcp_mega_varlen          receive_done                                                   84.272     85.251
dcp_mega_varlen          final_combine_done                                             88.608     89.405
dcp_mega_varlen          kernel_done                                                    88.864     89.750
dcp_mega_varlen          post_completion/q_done_to_publish_done                         69.488     70.323
dcp_mega_varlen          post_completion/publish_done_to_receive_done                   10.432     11.814
dcp_mega_varlen          post_completion/attention_done_to_history_combine_done         12.752     13.382
dcp_mega_varlen          post_completion/history_combine_done_to_final_combine_done     14.832     16.067
Wrote benchmark JSON to benchmark_logs/experiment_suite/dcp-suite/01_dcp_wave-b-timestamps-20260814-132129/results/arrival_2/dcp_4/critical_wave_auto_lpt/comm_sm_16/case_000010_dcp4_hkv2_eager.json

================================================================================
Mega comm_sm=16, case 12/100: case_000011_dcp4_hkv2: B=15, Sq=[16, 16, 16, 16, 16, 16, 16, 16, 16, 16, 16, 16, 4096, 4096, 1928], Sk=[3376, 11546, 6689, 11085, 4037, 3223, 4062, 4252, 4302, 1797, 42378, 7037, 33280, 8704, 4608], DCP=4, Hkv=2
================================================================================
Config: world_size=8, methods=['dcp_mega_varlen'], QH=32, KVH=2, D=128, TP=8, DCP=4, workload=chunk, execution=eager, baseline_phase_timing=False, warmup=40, iters=60, check=False
Workload: B=15, q_tokens=10312, history_tokens=150376, q_seqlens=[16, 16, 16, 16, 16, 16, 16, 16, 16, 16, 16, 16, 4096, 4096, 1928], history_seqlens=[3376, 11546, 6689, 11085, 4037, 3223, 4062, 4252, 4302, 1797, 42378, 7037, 33280, 8704, 4608]
Agg TFLOPS uses useful attention work across all TP ranks and p50(max_across_ranks); Avg/GPU divides it by world_size.
KV GB/s/GPU is average logical BF16 K+V bytes read per TP rank divided by p50(max_across_ranks); it is not hardware-counter HBM traffic.

Running B=15, q_tokens=10312, history_tokens=150376, causal=True

B=15, q_tokens=10312, history_tokens=150376, QH=32, KVH=2, D=128, TP=8, DCP=4, mode=causal
Method                   Time ms                                                                                                                                     Agg TFLOPS    Avg/GPU  KV GB/s/GPU      Check  Note
dcp_mega_varlen          t0=0.921, t1=0.927, t2=0.917, t3=0.919, t4=0.911, t5=0.919, t6=0.917, t7=0.924 | p50(max_across_ranks)=0.928, p90(max_across_ranks)=0.930       3551.5      443.9         26.4       skip  eager; output=bf16_ipc_a2a; runner_preallocated; timing=mega_kernel_only

Mega %globaltimer phase timestamps (per-iteration maximum across benchmark ranks, then p50/p90 across samples; us)
Method                   Phase                                                             p50        p90
dcp_mega_varlen          kernel_start                                                    0.000      0.000
dcp_mega_varlen          q_allgather_done                                              124.624    126.931
dcp_mega_varlen          attention_done                                                657.408    658.214
dcp_mega_varlen          history_combine_done                                          805.120    806.896
dcp_mega_varlen          publish_done                                                  805.120    806.896
dcp_mega_varlen          receive_done                                                  874.208    882.512
dcp_mega_varlen          final_combine_done                                            920.080    921.891
dcp_mega_varlen          kernel_done                                                   920.352    922.240
dcp_mega_varlen          post_completion/q_done_to_publish_done                        692.192    694.048
dcp_mega_varlen          post_completion/publish_done_to_receive_done                   81.424     86.803
dcp_mega_varlen          post_completion/attention_done_to_history_combine_done        148.816    149.898
dcp_mega_varlen          post_completion/history_combine_done_to_final_combine_done    117.232    118.243
Wrote benchmark JSON to benchmark_logs/experiment_suite/dcp-suite/01_dcp_wave-b-timestamps-20260814-132129/results/arrival_2/dcp_4/critical_wave_auto_lpt/comm_sm_16/case_000011_dcp4_hkv2_eager.json

================================================================================
Mega comm_sm=16, case 13/100: case_000012_dcp4_hkv2: B=17, Sq=[16, 16, 16, 16, 16, 16, 16, 16, 16, 16, 16, 16, 16, 16, 16, 16, 4096], Sk=[12649, 25525, 7210, 3455, 3063, 15137, 23989, 30934, 3469, 6250, 16018, 8692, 4190, 13057, 5925, 6923, 25088], DCP=4, Hkv=2
================================================================================
Config: world_size=8, methods=['dcp_mega_varlen'], QH=32, KVH=2, D=128, TP=8, DCP=4, workload=chunk, execution=eager, baseline_phase_timing=False, warmup=40, iters=60, check=False
Workload: B=17, q_tokens=4352, history_tokens=211574, q_seqlens=[16, 16, 16, 16, 16, 16, 16, 16, 16, 16, 16, 16, 16, 16, 16, 16, 4096], history_seqlens=[12649, 25525, 7210, 3455, 3063, 15137, 23989, 30934, 3469, 6250, 16018, 8692, 4190, 13057, 5925, 6923, 25088]
Agg TFLOPS uses useful attention work across all TP ranks and p50(max_across_ranks); Avg/GPU divides it by world_size.
KV GB/s/GPU is average logical BF16 K+V bytes read per TP rank divided by p50(max_across_ranks); it is not hardware-counter HBM traffic.

Running B=17, q_tokens=4352, history_tokens=211574, causal=True

B=17, q_tokens=4352, history_tokens=211574, QH=32, KVH=2, D=128, TP=8, DCP=4, mode=causal
Method                   Time ms                                                                                                                                     Agg TFLOPS    Avg/GPU  KV GB/s/GPU      Check  Note
dcp_mega_varlen          t0=0.480, t1=0.480, t2=0.477, t3=0.480, t4=0.477, t5=0.478, t6=0.475, t7=0.478 | p50(max_across_ranks)=0.481, p90(max_across_ranks)=0.483       3888.2      486.0         60.9       skip  eager; output=bf16_ipc_a2a; runner_preallocated; timing=mega_kernel_only

Mega %globaltimer phase timestamps (per-iteration maximum across benchmark ranks, then p50/p90 across samples; us)
Method                   Phase                                                             p50        p90
dcp_mega_varlen          kernel_start                                                    0.000      0.000
dcp_mega_varlen          q_allgather_done                                               55.376     56.864
dcp_mega_varlen          attention_done                                                402.560    403.526
dcp_mega_varlen          history_combine_done                                          434.288    435.626
dcp_mega_varlen          publish_done                                                  434.288    435.626
dcp_mega_varlen          receive_done                                                  457.600    459.750
dcp_mega_varlen          final_combine_done                                            473.376    474.950
dcp_mega_varlen          kernel_done                                                   473.696    475.174
dcp_mega_varlen          post_completion/q_done_to_publish_done                        382.160    383.302
dcp_mega_varlen          post_completion/publish_done_to_receive_done                   29.040     30.963
dcp_mega_varlen          post_completion/attention_done_to_history_combine_done         34.016     34.915
dcp_mega_varlen          post_completion/history_combine_done_to_final_combine_done     43.680     45.792
Wrote benchmark JSON to benchmark_logs/experiment_suite/dcp-suite/01_dcp_wave-b-timestamps-20260814-132129/results/arrival_2/dcp_4/critical_wave_auto_lpt/comm_sm_16/case_000012_dcp4_hkv2_eager.json

================================================================================
Mega comm_sm=16, case 14/100: case_000013_dcp4_hkv2: B=17, Sq=[16, 16, 16, 16, 16, 16, 16, 16, 16, 16, 16, 16, 16, 16, 16, 16, 16], Sk=[4596, 11962, 4977, 6704, 4658, 12524, 4321, 13974, 6037, 21392, 21796, 2558, 1645, 24750, 8576, 4963, 16788], DCP=4, Hkv=2
================================================================================
Config: world_size=8, methods=['dcp_mega_varlen'], QH=32, KVH=2, D=128, TP=8, DCP=4, workload=chunk, execution=eager, baseline_phase_timing=False, warmup=40, iters=60, check=False
Workload: B=17, q_tokens=272, history_tokens=172221, q_seqlens=[16, 16, 16, 16, 16, 16, 16, 16, 16, 16, 16, 16, 16, 16, 16, 16, 16], history_seqlens=[4596, 11962, 4977, 6704, 4658, 12524, 4321, 13974, 6037, 21392, 21796, 2558, 1645, 24750, 8576, 4963, 16788]
Agg TFLOPS uses useful attention work across all TP ranks and p50(max_across_ranks); Avg/GPU divides it by world_size.
KV GB/s/GPU is average logical BF16 K+V bytes read per TP rank divided by p50(max_across_ranks); it is not hardware-counter HBM traffic.

Running B=17, q_tokens=272, history_tokens=172221, causal=True

B=17, q_tokens=272, history_tokens=172221, QH=32, KVH=2, D=128, TP=8, DCP=4, mode=causal
Method                   Time ms                                                                                                                                     Agg TFLOPS    Avg/GPU  KV GB/s/GPU      Check  Note
dcp_mega_varlen          t0=0.086, t1=0.084, t2=0.085, t3=0.082, t4=0.086, t5=0.084, t6=0.083, t7=0.081 | p50(max_across_ranks)=0.086, p90(max_across_ranks)=0.110        524.3       65.5        257.4       skip  eager; output=bf16_ipc_a2a; runner_preallocated; timing=mega_kernel_only

Mega %globaltimer phase timestamps (per-iteration maximum across benchmark ranks, then p50/p90 across samples; us)
Method                   Phase                                                             p50        p90
dcp_mega_varlen          kernel_start                                                    0.000      0.000
dcp_mega_varlen          q_allgather_done                                                6.304      6.464
dcp_mega_varlen          attention_done                                                 56.736     57.187
dcp_mega_varlen          history_combine_done                                           68.272     69.312
dcp_mega_varlen          publish_done                                                   68.272     69.312
dcp_mega_varlen          receive_done                                                   75.664     99.158
dcp_mega_varlen          final_combine_done                                             79.424    103.155
dcp_mega_varlen          kernel_done                                                    79.664    103.411
dcp_mega_varlen          post_completion/q_done_to_publish_done                         62.304     63.146
dcp_mega_varlen          post_completion/publish_done_to_receive_done                    9.792     34.685
dcp_mega_varlen          post_completion/attention_done_to_history_combine_done         12.272     13.062
dcp_mega_varlen          post_completion/history_combine_done_to_final_combine_done     13.584     38.685
Wrote benchmark JSON to benchmark_logs/experiment_suite/dcp-suite/01_dcp_wave-b-timestamps-20260814-132129/results/arrival_2/dcp_4/critical_wave_auto_lpt/comm_sm_16/case_000013_dcp4_hkv2_eager.json

================================================================================
Mega comm_sm=16, case 15/100: case_000014_dcp4_hkv2: B=18, Sq=[16, 16, 16, 16, 16, 16, 16, 16, 16, 16, 16, 16, 16, 16, 16, 16, 16, 16], Sk=[1752, 17497, 1650, 2699, 6701, 10274, 2202, 9192, 21820, 18725, 10257, 3339, 1116, 10820, 34831, 9013, 3197, 5285], DCP=4, Hkv=2
================================================================================
Config: world_size=8, methods=['dcp_mega_varlen'], QH=32, KVH=2, D=128, TP=8, DCP=4, workload=chunk, execution=eager, baseline_phase_timing=False, warmup=40, iters=60, check=False
Workload: B=18, q_tokens=288, history_tokens=170370, q_seqlens=[16, 16, 16, 16, 16, 16, 16, 16, 16, 16, 16, 16, 16, 16, 16, 16, 16, 16], history_seqlens=[1752, 17497, 1650, 2699, 6701, 10274, 2202, 9192, 21820, 18725, 10257, 3339, 1116, 10820, 34831, 9013, 3197, 5285]
Agg TFLOPS uses useful attention work across all TP ranks and p50(max_across_ranks); Avg/GPU divides it by world_size.
KV GB/s/GPU is average logical BF16 K+V bytes read per TP rank divided by p50(max_across_ranks); it is not hardware-counter HBM traffic.

Running B=18, q_tokens=288, history_tokens=170370, causal=True

B=18, q_tokens=288, history_tokens=170370, QH=32, KVH=2, D=128, TP=8, DCP=4, mode=causal
Method                   Time ms                                                                                                                                     Agg TFLOPS    Avg/GPU  KV GB/s/GPU      Check  Note
dcp_mega_varlen          t0=0.089, t1=0.088, t2=0.088, t3=0.085, t4=0.089, t5=0.088, t6=0.087, t7=0.086 | p50(max_across_ranks)=0.090, p90(max_across_ranks)=0.098        497.4       62.2        244.3       skip  eager; output=bf16_ipc_a2a; runner_preallocated; timing=mega_kernel_only

Mega %globaltimer phase timestamps (per-iteration maximum across benchmark ranks, then p50/p90 across samples; us)
Method                   Phase                                                             p50        p90
dcp_mega_varlen          kernel_start                                                    0.000      0.000
dcp_mega_varlen          q_allgather_done                                                6.528      6.816
dcp_mega_varlen          attention_done                                                 61.968     62.240
dcp_mega_varlen          history_combine_done                                           72.448     73.712
dcp_mega_varlen          publish_done                                                   72.448     73.712
dcp_mega_varlen          receive_done                                                   79.408     86.269
dcp_mega_varlen          final_combine_done                                             83.184     90.493
dcp_mega_varlen          kernel_done                                                    83.440     90.803
dcp_mega_varlen          post_completion/q_done_to_publish_done                         66.352     67.597
dcp_mega_varlen          post_completion/publish_done_to_receive_done                    8.416     16.301
dcp_mega_varlen          post_completion/attention_done_to_history_combine_done         10.816     12.032
dcp_mega_varlen          post_completion/history_combine_done_to_final_combine_done     12.240     19.949
Wrote benchmark JSON to benchmark_logs/experiment_suite/dcp-suite/01_dcp_wave-b-timestamps-20260814-132129/results/arrival_2/dcp_4/critical_wave_auto_lpt/comm_sm_16/case_000014_dcp4_hkv2_eager.json

================================================================================
Mega comm_sm=16, case 16/100: case_000015_dcp4_hkv2: B=16, Sq=[16, 16, 16, 16, 16, 16, 16, 16, 16, 16, 16, 16, 16, 16, 16, 4096], Sk=[17624, 1785, 2823, 2341, 9324, 21945, 18861, 10947, 34972, 3339, 17949, 7794, 2582, 21552, 15070, 25088], DCP=4, Hkv=2
================================================================================
Config: world_size=8, methods=['dcp_mega_varlen'], QH=32, KVH=2, D=128, TP=8, DCP=4, workload=chunk, execution=eager, baseline_phase_timing=False, warmup=40, iters=60, check=False
Workload: B=16, q_tokens=4336, history_tokens=213996, q_seqlens=[16, 16, 16, 16, 16, 16, 16, 16, 16, 16, 16, 16, 16, 16, 16, 4096], history_seqlens=[17624, 1785, 2823, 2341, 9324, 21945, 18861, 10947, 34972, 3339, 17949, 7794, 2582, 21552, 15070, 25088]
Agg TFLOPS uses useful attention work across all TP ranks and p50(max_across_ranks); Avg/GPU divides it by world_size.
KV GB/s/GPU is average logical BF16 K+V bytes read per TP rank divided by p50(max_across_ranks); it is not hardware-counter HBM traffic.

Running B=16, q_tokens=4336, history_tokens=213996, causal=True

B=16, q_tokens=4336, history_tokens=213996, QH=32, KVH=2, D=128, TP=8, DCP=4, mode=causal
Method                   Time ms                                                                                                                                     Agg TFLOPS    Avg/GPU  KV GB/s/GPU      Check  Note
dcp_mega_varlen          t0=0.480, t1=0.480, t2=0.478, t3=0.481, t4=0.479, t5=0.477, t6=0.477, t7=0.479 | p50(max_across_ranks)=0.482, p90(max_across_ranks)=0.483       3883.7      485.5         61.5       skip  eager; output=bf16_ipc_a2a; runner_preallocated; timing=mega_kernel_only

Mega %globaltimer phase timestamps (per-iteration maximum across benchmark ranks, then p50/p90 across samples; us)
Method                   Phase                                                             p50        p90
dcp_mega_varlen          kernel_start                                                    0.000      0.000
dcp_mega_varlen          q_allgather_done                                               57.888     59.619
dcp_mega_varlen          attention_done                                                399.744    400.291
dcp_mega_varlen          history_combine_done                                          433.472    434.640
dcp_mega_varlen          publish_done                                                  433.472    434.640
dcp_mega_varlen          receive_done                                                  459.024    460.899
dcp_mega_varlen          final_combine_done                                            474.368    475.533
dcp_mega_varlen          kernel_done                                                   474.704    475.853
dcp_mega_varlen          post_completion/q_done_to_publish_done                        380.624    382.317
dcp_mega_varlen          post_completion/publish_done_to_receive_done                   33.376     35.654
dcp_mega_varlen          post_completion/attention_done_to_history_combine_done         34.656     35.718
dcp_mega_varlen          post_completion/history_combine_done_to_final_combine_done     48.608     50.822
Wrote benchmark JSON to benchmark_logs/experiment_suite/dcp-suite/01_dcp_wave-b-timestamps-20260814-132129/results/arrival_2/dcp_4/critical_wave_auto_lpt/comm_sm_16/case_000015_dcp4_hkv2_eager.json

================================================================================
Mega comm_sm=16, case 17/100: case_000016_dcp4_hkv2: B=22, Sq=[16, 16, 16, 16, 16, 16, 16, 16, 16, 16, 16, 16, 16, 16, 16, 16, 16, 16, 16, 16, 16, 4096], Sk=[11283, 8129, 2944, 21915, 5498, 28975, 6831, 1889, 54854, 4583, 4366, 30637, 5388, 13705, 3865, 1019, 10398, 8652, 15677, 931, 1281, 512], DCP=4, Hkv=2
================================================================================
Config: world_size=8, methods=['dcp_mega_varlen'], QH=32, KVH=2, D=128, TP=8, DCP=4, workload=chunk, execution=eager, baseline_phase_timing=False, warmup=40, iters=60, check=False
Workload: B=22, q_tokens=4432, history_tokens=243332, q_seqlens=[16, 16, 16, 16, 16, 16, 16, 16, 16, 16, 16, 16, 16, 16, 16, 16, 16, 16, 16, 16, 16, 4096], history_seqlens=[11283, 8129, 2944, 21915, 5498, 28975, 6831, 1889, 54854, 4583, 4366, 30637, 5388, 13705, 3865, 1019, 10398, 8652, 15677, 931, 1281, 512]
Agg TFLOPS uses useful attention work across all TP ranks and p50(max_across_ranks); Avg/GPU divides it by world_size.
KV GB/s/GPU is average logical BF16 K+V bytes read per TP rank divided by p50(max_across_ranks); it is not hardware-counter HBM traffic.

Running B=22, q_tokens=4432, history_tokens=243332, causal=True

B=22, q_tokens=4432, history_tokens=243332, QH=32, KVH=2, D=128, TP=8, DCP=4, mode=causal
Method                   Time ms                                                                                                                                     Agg TFLOPS    Avg/GPU  KV GB/s/GPU      Check  Note
dcp_mega_varlen          t0=0.223, t1=0.222, t2=0.223, t3=0.220, t4=0.224, t5=0.222, t6=0.220, t7=0.219 | p50(max_across_ranks)=0.225, p90(max_across_ranks)=0.227       1045.6      130.7        148.3       skip  eager; output=bf16_ipc_a2a; runner_preallocated; timing=mega_kernel_only

Mega %globaltimer phase timestamps (per-iteration maximum across benchmark ranks, then p50/p90 across samples; us)
Method                   Phase                                                             p50        p90
dcp_mega_varlen          kernel_start                                                    0.000      0.000
dcp_mega_varlen          q_allgather_done                                               54.704     55.971
dcp_mega_varlen          attention_done                                                172.576    173.507
dcp_mega_varlen          history_combine_done                                          194.656    196.099
dcp_mega_varlen          publish_done                                                  194.656    196.099
dcp_mega_varlen          receive_done                                                  204.112    205.680
dcp_mega_varlen          final_combine_done                                            218.032    220.282
dcp_mega_varlen          kernel_done                                                   218.304    220.602
dcp_mega_varlen          post_completion/q_done_to_publish_done                        141.968    143.562
dcp_mega_varlen          post_completion/publish_done_to_receive_done                   11.856     14.986
dcp_mega_varlen          post_completion/attention_done_to_history_combine_done         23.056     24.323
dcp_mega_varlen          post_completion/history_combine_done_to_final_combine_done     26.048     28.666
Wrote benchmark JSON to benchmark_logs/experiment_suite/dcp-suite/01_dcp_wave-b-timestamps-20260814-132129/results/arrival_2/dcp_4/critical_wave_auto_lpt/comm_sm_16/case_000016_dcp4_hkv2_eager.json

================================================================================
Mega comm_sm=16, case 18/100: case_000017_dcp4_hkv2: B=14, Sq=[16, 16, 16, 16, 16, 16, 16, 16, 16, 16, 16, 16, 16, 16], Sk=[31971, 8904, 2108, 20326, 1349, 3680, 6206, 12816, 14788, 13663, 5156, 7433, 13862, 11903], DCP=4, Hkv=2
================================================================================
Config: world_size=8, methods=['dcp_mega_varlen'], QH=32, KVH=2, D=128, TP=8, DCP=4, workload=chunk, execution=eager, baseline_phase_timing=False, warmup=40, iters=60, check=False
Workload: B=14, q_tokens=224, history_tokens=154165, q_seqlens=[16, 16, 16, 16, 16, 16, 16, 16, 16, 16, 16, 16, 16, 16], history_seqlens=[31971, 8904, 2108, 20326, 1349, 3680, 6206, 12816, 14788, 13663, 5156, 7433, 13862, 11903]
Agg TFLOPS uses useful attention work across all TP ranks and p50(max_across_ranks); Avg/GPU divides it by world_size.
KV GB/s/GPU is average logical BF16 K+V bytes read per TP rank divided by p50(max_across_ranks); it is not hardware-counter HBM traffic.

Running B=14, q_tokens=224, history_tokens=154165, causal=True

B=14, q_tokens=224, history_tokens=154165, QH=32, KVH=2, D=128, TP=8, DCP=4, mode=causal
Method                   Time ms                                                                                                                                     Agg TFLOPS    Avg/GPU  KV GB/s/GPU      Check  Note
dcp_mega_varlen          t0=0.080, t1=0.080, t2=0.078, t3=0.076, t4=0.080, t5=0.077, t6=0.077, t7=0.076 | p50(max_across_ranks)=0.081, p90(max_across_ranks)=0.085        500.7       62.6        245.7       skip  eager; output=bf16_ipc_a2a; runner_preallocated; timing=mega_kernel_only

Mega %globaltimer phase timestamps (per-iteration maximum across benchmark ranks, then p50/p90 across samples; us)
Method                   Phase                                                             p50        p90
dcp_mega_varlen          kernel_start                                                    0.000      0.000
dcp_mega_varlen          q_allgather_done                                                5.760      5.955
dcp_mega_varlen          attention_done                                                 50.880     51.107
dcp_mega_varlen          history_combine_done                                           62.400     63.200
dcp_mega_varlen          publish_done                                                   62.400     63.200
dcp_mega_varlen          receive_done                                                   69.504     73.376
dcp_mega_varlen          final_combine_done                                             73.664     77.552
dcp_mega_varlen          kernel_done                                                    74.000     77.901
dcp_mega_varlen          post_completion/q_done_to_publish_done                         56.896     57.664
dcp_mega_varlen          post_completion/publish_done_to_receive_done                    9.152     12.573
dcp_mega_varlen          post_completion/attention_done_to_history_combine_done         12.032     12.614
dcp_mega_varlen          post_completion/history_combine_done_to_final_combine_done     13.264     16.877
Wrote benchmark JSON to benchmark_logs/experiment_suite/dcp-suite/01_dcp_wave-b-timestamps-20260814-132129/results/arrival_2/dcp_4/critical_wave_auto_lpt/comm_sm_16/case_000017_dcp4_hkv2_eager.json

================================================================================
Mega comm_sm=16, case 19/100: case_000018_dcp4_hkv2: B=22, Sq=[16, 16, 16, 16, 16, 16, 16, 16, 16, 16, 16, 16, 16, 16, 16, 16, 16, 16, 16, 16, 16, 16], Sk=[7617, 1527, 7205, 3780, 6081, 1250, 4895, 5607, 6714, 9861, 2730, 1169, 1537, 14253, 7194, 94909, 11034, 1681, 19801, 1049, 1290, 950], DCP=4, Hkv=2
================================================================================
Config: world_size=8, methods=['dcp_mega_varlen'], QH=32, KVH=2, D=128, TP=8, DCP=4, workload=chunk, execution=eager, baseline_phase_timing=False, warmup=40, iters=60, check=False
Workload: B=22, q_tokens=352, history_tokens=212134, q_seqlens=[16, 16, 16, 16, 16, 16, 16, 16, 16, 16, 16, 16, 16, 16, 16, 16, 16, 16, 16, 16, 16, 16], history_seqlens=[7617, 1527, 7205, 3780, 6081, 1250, 4895, 5607, 6714, 9861, 2730, 1169, 1537, 14253, 7194, 94909, 11034, 1681, 19801, 1049, 1290, 950]
Agg TFLOPS uses useful attention work across all TP ranks and p50(max_across_ranks); Avg/GPU divides it by world_size.
KV GB/s/GPU is average logical BF16 K+V bytes read per TP rank divided by p50(max_across_ranks); it is not hardware-counter HBM traffic.

Running B=22, q_tokens=352, history_tokens=212134, causal=True

B=22, q_tokens=352, history_tokens=212134, QH=32, KVH=2, D=128, TP=8, DCP=4, mode=causal
Method                   Time ms                                                                                                                                     Agg TFLOPS    Avg/GPU  KV GB/s/GPU      Check  Note
dcp_mega_varlen          t0=0.094, t1=0.093, t2=0.093, t3=0.090, t4=0.094, t5=0.092, t6=0.092, t7=0.090 | p50(max_across_ranks)=0.095, p90(max_across_ranks)=0.096        587.7       73.5        288.6       skip  eager; output=bf16_ipc_a2a; runner_preallocated; timing=mega_kernel_only

Mega %globaltimer phase timestamps (per-iteration maximum across benchmark ranks, then p50/p90 across samples; us)
Method                   Phase                                                             p50        p90
dcp_mega_varlen          kernel_start                                                    0.000      0.000
dcp_mega_varlen          q_allgather_done                                                7.136      7.462
dcp_mega_varlen          attention_done                                                 66.080     66.339
dcp_mega_varlen          history_combine_done                                           76.736     77.446
dcp_mega_varlen          publish_done                                                   76.736     77.446
dcp_mega_varlen          receive_done                                                   83.520     84.749
dcp_mega_varlen          final_combine_done                                             87.744     89.283
dcp_mega_varlen          kernel_done                                                    88.080     89.632
dcp_mega_varlen          post_completion/q_done_to_publish_done                         69.824     70.442
dcp_mega_varlen          post_completion/publish_done_to_receive_done                   10.384     12.234
dcp_mega_varlen          post_completion/attention_done_to_history_combine_done         11.024     11.850
dcp_mega_varlen          post_completion/history_combine_done_to_final_combine_done     14.560     16.282
Wrote benchmark JSON to benchmark_logs/experiment_suite/dcp-suite/01_dcp_wave-b-timestamps-20260814-132129/results/arrival_2/dcp_4/critical_wave_auto_lpt/comm_sm_16/case_000018_dcp4_hkv2_eager.json

================================================================================
Mega comm_sm=16, case 20/100: case_000019_dcp4_hkv2: B=16, Sq=[16, 16, 16, 16, 16, 16, 16, 16, 16, 16, 16, 16, 16, 16, 16, 16], Sk=[39093, 1442, 2805, 3752, 15768, 1469, 3756, 5455, 10232, 33514, 994, 9334, 3008, 4846, 5441, 1924], DCP=4, Hkv=2
================================================================================
Config: world_size=8, methods=['dcp_mega_varlen'], QH=32, KVH=2, D=128, TP=8, DCP=4, workload=chunk, execution=eager, baseline_phase_timing=False, warmup=40, iters=60, check=False
Workload: B=16, q_tokens=256, history_tokens=142833, q_seqlens=[16, 16, 16, 16, 16, 16, 16, 16, 16, 16, 16, 16, 16, 16, 16, 16], history_seqlens=[39093, 1442, 2805, 3752, 15768, 1469, 3756, 5455, 10232, 33514, 994, 9334, 3008, 4846, 5441, 1924]
Agg TFLOPS uses useful attention work across all TP ranks and p50(max_across_ranks); Avg/GPU divides it by world_size.
KV GB/s/GPU is average logical BF16 K+V bytes read per TP rank divided by p50(max_across_ranks); it is not hardware-counter HBM traffic.

Running B=16, q_tokens=256, history_tokens=142833, causal=True

B=16, q_tokens=256, history_tokens=142833, QH=32, KVH=2, D=128, TP=8, DCP=4, mode=causal
Method                   Time ms                                                                                                                                     Agg TFLOPS    Avg/GPU  KV GB/s/GPU      Check  Note
dcp_mega_varlen          t0=0.084, t1=0.083, t2=0.083, t3=0.081, t4=0.085, t5=0.083, t6=0.082, t7=0.081 | p50(max_across_ranks)=0.085, p90(max_across_ranks)=0.087        440.7       55.1        216.5       skip  eager; output=bf16_ipc_a2a; runner_preallocated; timing=mega_kernel_only

Mega %globaltimer phase timestamps (per-iteration maximum across benchmark ranks, then p50/p90 across samples; us)
Method                   Phase                                                             p50        p90
dcp_mega_varlen          kernel_start                                                    0.000      0.000
dcp_mega_varlen          q_allgather_done                                                6.112      6.355
dcp_mega_varlen          attention_done                                                 57.632     57.856
dcp_mega_varlen          history_combine_done                                           66.928     67.629
dcp_mega_varlen          publish_done                                                   66.928     67.629
dcp_mega_varlen          receive_done                                                   74.128     75.872
dcp_mega_varlen          final_combine_done                                             78.176     80.016
dcp_mega_varlen          kernel_done                                                    78.496     80.336
dcp_mega_varlen          post_completion/q_done_to_publish_done                         61.184     61.709
dcp_mega_varlen          post_completion/publish_done_to_receive_done                    8.896     11.184
dcp_mega_varlen          post_completion/attention_done_to_history_combine_done          9.696     10.240
dcp_mega_varlen          post_completion/history_combine_done_to_final_combine_done     13.040     15.466
Wrote benchmark JSON to benchmark_logs/experiment_suite/dcp-suite/01_dcp_wave-b-timestamps-20260814-132129/results/arrival_2/dcp_4/critical_wave_auto_lpt/comm_sm_16/case_000019_dcp4_hkv2_eager.json

================================================================================
Mega comm_sm=16, case 21/100: case_000020_dcp4_hkv2: B=13, Sq=[16, 16, 16, 16, 16, 16, 16, 16, 16, 16, 16, 16, 16], Sk=[1405, 1676, 1684, 1157, 1999, 3273, 1306, 5280, 16365, 39269, 1454, 27395, 1449], DCP=4, Hkv=2
================================================================================
Config: world_size=8, methods=['dcp_mega_varlen'], QH=32, KVH=2, D=128, TP=8, DCP=4, workload=chunk, execution=eager, baseline_phase_timing=False, warmup=40, iters=60, check=False
Workload: B=13, q_tokens=208, history_tokens=103712, q_seqlens=[16, 16, 16, 16, 16, 16, 16, 16, 16, 16, 16, 16, 16], history_seqlens=[1405, 1676, 1684, 1157, 1999, 3273, 1306, 5280, 16365, 39269, 1454, 27395, 1449]
Agg TFLOPS uses useful attention work across all TP ranks and p50(max_across_ranks); Avg/GPU divides it by world_size.
KV GB/s/GPU is average logical BF16 K+V bytes read per TP rank divided by p50(max_across_ranks); it is not hardware-counter HBM traffic.

Running B=13, q_tokens=208, history_tokens=103712, causal=True

B=13, q_tokens=208, history_tokens=103712, QH=32, KVH=2, D=128, TP=8, DCP=4, mode=causal
Method                   Time ms                                                                                                                                     Agg TFLOPS    Avg/GPU  KV GB/s/GPU      Check  Note
dcp_mega_varlen          t0=0.075, t1=0.075, t2=0.073, t3=0.071, t4=0.075, t5=0.073, t6=0.072, t7=0.071 | p50(max_across_ranks)=0.076, p90(max_across_ranks)=0.078        357.2       44.7        175.6       skip  eager; output=bf16_ipc_a2a; runner_preallocated; timing=mega_kernel_only

Mega %globaltimer phase timestamps (per-iteration maximum across benchmark ranks, then p50/p90 across samples; us)
Method                   Phase                                                             p50        p90
dcp_mega_varlen          kernel_start                                                    0.000      0.000
dcp_mega_varlen          q_allgather_done                                                5.728      5.952
dcp_mega_varlen          attention_done                                                 49.248     49.443
dcp_mega_varlen          history_combine_done                                           58.144     58.838
dcp_mega_varlen          publish_done                                                   58.144     58.838
dcp_mega_varlen          receive_done                                                   65.408     66.768
dcp_mega_varlen          final_combine_done                                             69.328     70.752
dcp_mega_varlen          kernel_done                                                    69.600     71.091
dcp_mega_varlen          post_completion/q_done_to_publish_done                         52.800     53.584
dcp_mega_varlen          post_completion/publish_done_to_receive_done                   10.192     11.914
dcp_mega_varlen          post_completion/attention_done_to_history_combine_done          9.216      9.891
dcp_mega_varlen          post_completion/history_combine_done_to_final_combine_done     14.112     15.568
Wrote benchmark JSON to benchmark_logs/experiment_suite/dcp-suite/01_dcp_wave-b-timestamps-20260814-132129/results/arrival_2/dcp_4/critical_wave_auto_lpt/comm_sm_16/case_000020_dcp4_hkv2_eager.json

================================================================================
Mega comm_sm=16, case 22/100: case_000021_dcp4_hkv2: B=12, Sq=[16, 16, 16, 16, 16, 16, 16, 16, 16, 16, 16, 16], Sk=[3749, 16807, 7916, 3816, 21471, 19875, 1656, 40474, 1768, 2144, 17940, 3133], DCP=4, Hkv=2
================================================================================
Config: world_size=8, methods=['dcp_mega_varlen'], QH=32, KVH=2, D=128, TP=8, DCP=4, workload=chunk, execution=eager, baseline_phase_timing=False, warmup=40, iters=60, check=False
Workload: B=12, q_tokens=192, history_tokens=140749, q_seqlens=[16, 16, 16, 16, 16, 16, 16, 16, 16, 16, 16, 16], history_seqlens=[3749, 16807, 7916, 3816, 21471, 19875, 1656, 40474, 1768, 2144, 17940, 3133]
Agg TFLOPS uses useful attention work across all TP ranks and p50(max_across_ranks); Avg/GPU divides it by world_size.
KV GB/s/GPU is average logical BF16 K+V bytes read per TP rank divided by p50(max_across_ranks); it is not hardware-counter HBM traffic.

Running B=12, q_tokens=192, history_tokens=140749, causal=True

B=12, q_tokens=192, history_tokens=140749, QH=32, KVH=2, D=128, TP=8, DCP=4, mode=causal
Method                   Time ms                                                                                                                                     Agg TFLOPS    Avg/GPU  KV GB/s/GPU      Check  Note
dcp_mega_varlen          t0=0.096, t1=0.095, t2=0.093, t3=0.092, t4=0.096, t5=0.095, t6=0.094, t7=0.092 | p50(max_across_ranks)=0.097, p90(max_across_ranks)=0.098        382.6       47.8        187.7       skip  eager; output=bf16_ipc_a2a; runner_preallocated; timing=mega_kernel_only

Mega %globaltimer phase timestamps (per-iteration maximum across benchmark ranks, then p50/p90 across samples; us)
Method                   Phase                                                             p50        p90
dcp_mega_varlen          kernel_start                                                    0.000      0.000
dcp_mega_varlen          q_allgather_done                                                5.632      5.728
dcp_mega_varlen          attention_done                                                 67.616     67.875
dcp_mega_varlen          history_combine_done                                           78.432     79.056
dcp_mega_varlen          publish_done                                                   78.432     79.056
dcp_mega_varlen          receive_done                                                   85.696     86.886
dcp_mega_varlen          final_combine_done                                             89.600     90.851
dcp_mega_varlen          kernel_done                                                    89.936     91.171
dcp_mega_varlen          post_completion/q_done_to_publish_done                         73.168     73.856
dcp_mega_varlen          post_completion/publish_done_to_receive_done                    9.120     10.528
dcp_mega_varlen          post_completion/attention_done_to_history_combine_done         11.168     11.907
dcp_mega_varlen          post_completion/history_combine_done_to_final_combine_done     13.024     14.563
Wrote benchmark JSON to benchmark_logs/experiment_suite/dcp-suite/01_dcp_wave-b-timestamps-20260814-132129/results/arrival_2/dcp_4/critical_wave_auto_lpt/comm_sm_16/case_000021_dcp4_hkv2_eager.json

================================================================================
Mega comm_sm=16, case 23/100: case_000022_dcp4_hkv2: B=11, Sq=[16, 16, 16, 16, 16, 16, 16, 16, 16, 16, 16], Sk=[2249, 2626, 1241, 75029, 2803, 8083, 17092, 5436, 9473, 11686, 1158], DCP=4, Hkv=2
================================================================================
Config: world_size=8, methods=['dcp_mega_varlen'], QH=32, KVH=2, D=128, TP=8, DCP=4, workload=chunk, execution=eager, baseline_phase_timing=False, warmup=40, iters=60, check=False
Workload: B=11, q_tokens=176, history_tokens=136876, q_seqlens=[16, 16, 16, 16, 16, 16, 16, 16, 16, 16, 16], history_seqlens=[2249, 2626, 1241, 75029, 2803, 8083, 17092, 5436, 9473, 11686, 1158]
Agg TFLOPS uses useful attention work across all TP ranks and p50(max_across_ranks); Avg/GPU divides it by world_size.
KV GB/s/GPU is average logical BF16 K+V bytes read per TP rank divided by p50(max_across_ranks); it is not hardware-counter HBM traffic.

Running B=11, q_tokens=176, history_tokens=136876, causal=True

B=11, q_tokens=176, history_tokens=136876, QH=32, KVH=2, D=128, TP=8, DCP=4, mode=causal
Method                   Time ms                                                                                                                                     Agg TFLOPS    Avg/GPU  KV GB/s/GPU      Check  Note
dcp_mega_varlen          t0=0.083, t1=0.082, t2=0.081, t3=0.079, t4=0.083, t5=0.082, t6=0.080, t7=0.079 | p50(max_across_ranks)=0.084, p90(max_across_ranks)=0.086        426.7       53.3        209.3       skip  eager; output=bf16_ipc_a2a; runner_preallocated; timing=mega_kernel_only

Mega %globaltimer phase timestamps (per-iteration maximum across benchmark ranks, then p50/p90 across samples; us)
Method                   Phase                                                             p50        p90
dcp_mega_varlen          kernel_start                                                    0.000      0.000
dcp_mega_varlen          q_allgather_done                                                5.152      5.248
dcp_mega_varlen          attention_done                                                 57.440     57.670
dcp_mega_varlen          history_combine_done                                           65.536     66.470
dcp_mega_varlen          publish_done                                                   65.536     66.470
dcp_mega_varlen          receive_done                                                   73.232     74.374
dcp_mega_varlen          final_combine_done                                             77.328     78.538
dcp_mega_varlen          kernel_done                                                    77.664     78.861
dcp_mega_varlen          post_completion/q_done_to_publish_done                         60.480     61.418
dcp_mega_varlen          post_completion/publish_done_to_receive_done                    9.648     11.168
dcp_mega_varlen          post_completion/attention_done_to_history_combine_done          8.576      9.443
dcp_mega_varlen          post_completion/history_combine_done_to_final_combine_done     13.888     15.120
Wrote benchmark JSON to benchmark_logs/experiment_suite/dcp-suite/01_dcp_wave-b-timestamps-20260814-132129/results/arrival_2/dcp_4/critical_wave_auto_lpt/comm_sm_16/case_000022_dcp4_hkv2_eager.json

================================================================================
Mega comm_sm=16, case 24/100: case_000023_dcp4_hkv2: B=16, Sq=[16, 16, 16, 16, 16, 16, 16, 16, 16, 16, 16, 16, 16, 16, 16, 4096], Sk=[12634, 17891, 58058, 2171, 1055, 1017, 68156, 5056, 5940, 26802, 2148, 6948, 16377, 1100, 11969, 37376], DCP=4, Hkv=2
================================================================================
Config: world_size=8, methods=['dcp_mega_varlen'], QH=32, KVH=2, D=128, TP=8, DCP=4, workload=chunk, execution=eager, baseline_phase_timing=False, warmup=40, iters=60, check=False
Workload: B=16, q_tokens=4336, history_tokens=274698, q_seqlens=[16, 16, 16, 16, 16, 16, 16, 16, 16, 16, 16, 16, 16, 16, 16, 4096], history_seqlens=[12634, 17891, 58058, 2171, 1055, 1017, 68156, 5056, 5940, 26802, 2148, 6948, 16377, 1100, 11969, 37376]
Agg TFLOPS uses useful attention work across all TP ranks and p50(max_across_ranks); Avg/GPU divides it by world_size.
KV GB/s/GPU is average logical BF16 K+V bytes read per TP rank divided by p50(max_across_ranks); it is not hardware-counter HBM traffic.

Running B=16, q_tokens=4336, history_tokens=274698, causal=True

B=16, q_tokens=4336, history_tokens=274698, QH=32, KVH=2, D=128, TP=8, DCP=4, mode=causal
Method                   Time ms                                                                                                                                     Agg TFLOPS    Avg/GPU  KV GB/s/GPU      Check  Note
dcp_mega_varlen          t0=0.648, t1=0.638, t2=0.636, t3=0.635, t4=0.628, t5=0.632, t6=0.628, t7=0.627 | p50(max_across_ranks)=0.649, p90(max_across_ranks)=0.661       4174.8      521.8         57.6       skip  eager; output=bf16_ipc_a2a; runner_preallocated; timing=mega_kernel_only

Mega %globaltimer phase timestamps (per-iteration maximum across benchmark ranks, then p50/p90 across samples; us)
Method                   Phase                                                             p50        p90
dcp_mega_varlen          kernel_start                                                    0.000      0.000
dcp_mega_varlen          q_allgather_done                                               57.088     58.787
dcp_mega_varlen          attention_done                                                581.760    592.106
dcp_mega_varlen          history_combine_done                                          608.800    619.894
dcp_mega_varlen          publish_done                                                  608.800    619.894
dcp_mega_varlen          receive_done                                                  615.328    633.360
dcp_mega_varlen          final_combine_done                                            641.680    653.834
dcp_mega_varlen          kernel_done                                                   641.952    654.099
dcp_mega_varlen          post_completion/q_done_to_publish_done                        556.416    563.574
dcp_mega_varlen          post_completion/publish_done_to_receive_done                   26.544     42.186
dcp_mega_varlen          post_completion/attention_done_to_history_combine_done         28.912     29.990
dcp_mega_varlen          post_completion/history_combine_done_to_final_combine_done     41.008     56.554
Wrote benchmark JSON to benchmark_logs/experiment_suite/dcp-suite/01_dcp_wave-b-timestamps-20260814-132129/results/arrival_2/dcp_4/critical_wave_auto_lpt/comm_sm_16/case_000023_dcp4_hkv2_eager.json

================================================================================
Mega comm_sm=16, case 25/100: case_000024_dcp4_hkv2: B=15, Sq=[16, 16, 16, 16, 16, 16, 16, 16, 16, 16, 16, 16, 16, 16, 16], Sk=[58337, 2460, 1342, 68420, 5335, 6202, 2409, 16630, 46775, 12247, 1325, 21696, 1164, 2828, 9169], DCP=4, Hkv=2
================================================================================
Config: world_size=8, methods=['dcp_mega_varlen'], QH=32, KVH=2, D=128, TP=8, DCP=4, workload=chunk, execution=eager, baseline_phase_timing=False, warmup=40, iters=60, check=False
Workload: B=15, q_tokens=240, history_tokens=256339, q_seqlens=[16, 16, 16, 16, 16, 16, 16, 16, 16, 16, 16, 16, 16, 16, 16], history_seqlens=[58337, 2460, 1342, 68420, 5335, 6202, 2409, 16630, 46775, 12247, 1325, 21696, 1164, 2828, 9169]
Agg TFLOPS uses useful attention work across all TP ranks and p50(max_across_ranks); Avg/GPU divides it by world_size.
KV GB/s/GPU is average logical BF16 K+V bytes read per TP rank divided by p50(max_across_ranks); it is not hardware-counter HBM traffic.

Running B=15, q_tokens=240, history_tokens=256339, causal=True

B=15, q_tokens=240, history_tokens=256339, QH=32, KVH=2, D=128, TP=8, DCP=4, mode=causal
Method                   Time ms                                                                                                                                     Agg TFLOPS    Avg/GPU  KV GB/s/GPU      Check  Note
dcp_mega_varlen          t0=0.102, t1=0.100, t2=0.100, t3=0.098, t4=0.103, t5=0.101, t6=0.100, t7=0.099 | p50(max_across_ranks)=0.103, p90(max_across_ranks)=0.126        653.5       81.7        320.1       skip  eager; output=bf16_ipc_a2a; runner_preallocated; timing=mega_kernel_only

Mega %globaltimer phase timestamps (per-iteration maximum across benchmark ranks, then p50/p90 across samples; us)
Method                   Phase                                                             p50        p90
dcp_mega_varlen          kernel_start                                                    0.000      0.000
dcp_mega_varlen          q_allgather_done                                                6.064      6.339
dcp_mega_varlen          attention_done                                                 76.592     76.867
dcp_mega_varlen          history_combine_done                                           84.624     85.792
dcp_mega_varlen          publish_done                                                   84.624     85.792
dcp_mega_varlen          receive_done                                                   91.920    113.728
dcp_mega_varlen          final_combine_done                                             96.208    118.368
dcp_mega_varlen          kernel_done                                                    96.528    118.710
dcp_mega_varlen          post_completion/q_done_to_publish_done                         78.816     80.003
dcp_mega_varlen          post_completion/publish_done_to_receive_done                    9.616     31.146
dcp_mega_varlen          post_completion/attention_done_to_history_combine_done          9.136      9.635
dcp_mega_varlen          post_completion/history_combine_done_to_final_combine_done     13.888     35.843
Wrote benchmark JSON to benchmark_logs/experiment_suite/dcp-suite/01_dcp_wave-b-timestamps-20260814-132129/results/arrival_2/dcp_4/critical_wave_auto_lpt/comm_sm_16/case_000024_dcp4_hkv2_eager.json

================================================================================
Mega comm_sm=16, case 26/100: case_000025_dcp4_hkv2: B=18, Sq=[16, 16, 16, 16, 16, 16, 16, 16, 16, 16, 16, 16, 16, 16, 16, 16, 16, 16], Sk=[10405, 27112, 3311, 21194, 2889, 7486, 5782, 6922, 60238, 24518, 17817, 11034, 1055, 7530, 3702, 11898, 21229, 1410], DCP=4, Hkv=2
================================================================================
Config: world_size=8, methods=['dcp_mega_varlen'], QH=32, KVH=2, D=128, TP=8, DCP=4, workload=chunk, execution=eager, baseline_phase_timing=False, warmup=40, iters=60, check=False
Workload: B=18, q_tokens=288, history_tokens=245532, q_seqlens=[16, 16, 16, 16, 16, 16, 16, 16, 16, 16, 16, 16, 16, 16, 16, 16, 16, 16], history_seqlens=[10405, 27112, 3311, 21194, 2889, 7486, 5782, 6922, 60238, 24518, 17817, 11034, 1055, 7530, 3702, 11898, 21229, 1410]
Agg TFLOPS uses useful attention work across all TP ranks and p50(max_across_ranks); Avg/GPU divides it by world_size.
KV GB/s/GPU is average logical BF16 K+V bytes read per TP rank divided by p50(max_across_ranks); it is not hardware-counter HBM traffic.

Running B=18, q_tokens=288, history_tokens=245532, causal=True

B=18, q_tokens=288, history_tokens=245532, QH=32, KVH=2, D=128, TP=8, DCP=4, mode=causal
Method                   Time ms                                                                                                                                     Agg TFLOPS    Avg/GPU  KV GB/s/GPU      Check  Note
dcp_mega_varlen          t0=0.099, t1=0.098, t2=0.097, t3=0.095, t4=0.099, t5=0.098, t6=0.097, t7=0.096 | p50(max_across_ranks)=0.100, p90(max_across_ranks)=0.101        646.0       80.8        316.7       skip  eager; output=bf16_ipc_a2a; runner_preallocated; timing=mega_kernel_only

Mega %globaltimer phase timestamps (per-iteration maximum across benchmark ranks, then p50/p90 across samples; us)
Method                   Phase                                                             p50        p90
dcp_mega_varlen          kernel_start                                                    0.000      0.000
dcp_mega_varlen          q_allgather_done                                                6.640      6.886
dcp_mega_varlen          attention_done                                                 69.088     69.411
dcp_mega_varlen          history_combine_done                                           81.728     82.352
dcp_mega_varlen          publish_done                                                   81.728     82.352
dcp_mega_varlen          receive_done                                                   88.656     90.307
dcp_mega_varlen          final_combine_done                                             92.800     94.480
dcp_mega_varlen          kernel_done                                                    93.040     94.707
dcp_mega_varlen          post_completion/q_done_to_publish_done                         75.392     76.163
dcp_mega_varlen          post_completion/publish_done_to_receive_done                    9.488     11.808
dcp_mega_varlen          post_completion/attention_done_to_history_combine_done         13.120     13.766
dcp_mega_varlen          post_completion/history_combine_done_to_final_combine_done     13.664     16.099
Wrote benchmark JSON to benchmark_logs/experiment_suite/dcp-suite/01_dcp_wave-b-timestamps-20260814-132129/results/arrival_2/dcp_4/critical_wave_auto_lpt/comm_sm_16/case_000025_dcp4_hkv2_eager.json

================================================================================
Mega comm_sm=16, case 27/100: case_000026_dcp4_hkv2: B=20, Sq=[16, 16, 16, 16, 16, 16, 16, 16, 16, 16, 16, 16, 16, 16, 16, 16, 16, 16, 16, 16], Sk=[3396, 8130, 12080, 25536, 14471, 25044, 12973, 4167, 24748, 1817, 2283, 8545, 6064, 1061, 7078, 1841, 1110, 917, 14372, 3665], DCP=4, Hkv=2
================================================================================
Config: world_size=8, methods=['dcp_mega_varlen'], QH=32, KVH=2, D=128, TP=8, DCP=4, workload=chunk, execution=eager, baseline_phase_timing=False, warmup=40, iters=60, check=False
Workload: B=20, q_tokens=320, history_tokens=179298, q_seqlens=[16, 16, 16, 16, 16, 16, 16, 16, 16, 16, 16, 16, 16, 16, 16, 16, 16, 16, 16, 16], history_seqlens=[3396, 8130, 12080, 25536, 14471, 25044, 12973, 4167, 24748, 1817, 2283, 8545, 6064, 1061, 7078, 1841, 1110, 917, 14372, 3665]
Agg TFLOPS uses useful attention work across all TP ranks and p50(max_across_ranks); Avg/GPU divides it by world_size.
KV GB/s/GPU is average logical BF16 K+V bytes read per TP rank divided by p50(max_across_ranks); it is not hardware-counter HBM traffic.

Running B=20, q_tokens=320, history_tokens=179298, causal=True

B=20, q_tokens=320, history_tokens=179298, QH=32, KVH=2, D=128, TP=8, DCP=4, mode=causal
Method                   Time ms                                                                                                                                     Agg TFLOPS    Avg/GPU  KV GB/s/GPU      Check  Note
dcp_mega_varlen          t0=0.081, t1=0.080, t2=0.079, t3=0.077, t4=0.081, t5=0.080, t6=0.079, t7=0.077 | p50(max_across_ranks)=0.082, p90(max_across_ranks)=0.083        573.6       71.7        281.8       skip  eager; output=bf16_ipc_a2a; runner_preallocated; timing=mega_kernel_only

Mega %globaltimer phase timestamps (per-iteration maximum across benchmark ranks, then p50/p90 across samples; us)
Method                   Phase                                                             p50        p90
dcp_mega_varlen          kernel_start                                                    0.000      0.000
dcp_mega_varlen          q_allgather_done                                                7.088      7.488
dcp_mega_varlen          attention_done                                                 51.552     52.003
dcp_mega_varlen          history_combine_done                                           64.000     65.101
dcp_mega_varlen          publish_done                                                   64.000     65.101
dcp_mega_varlen          receive_done                                                   71.392     72.330
dcp_mega_varlen          final_combine_done                                             75.264     76.269
dcp_mega_varlen          kernel_done                                                    75.504     76.522
dcp_mega_varlen          post_completion/q_done_to_publish_done                         57.440     58.416
dcp_mega_varlen          post_completion/publish_done_to_receive_done                    9.248     12.205
dcp_mega_varlen          post_completion/attention_done_to_history_combine_done         13.248     13.888
dcp_mega_varlen          post_completion/history_combine_done_to_final_combine_done     13.264     16.208
Wrote benchmark JSON to benchmark_logs/experiment_suite/dcp-suite/01_dcp_wave-b-timestamps-20260814-132129/results/arrival_2/dcp_4/critical_wave_auto_lpt/comm_sm_16/case_000026_dcp4_hkv2_eager.json

================================================================================
Mega comm_sm=16, case 28/100: case_000027_dcp4_hkv2: B=18, Sq=[16, 16, 16, 16, 16, 16, 16, 16, 16, 16, 16, 16, 16, 16, 16, 16, 16, 16], Sk=[10904, 8049, 2209, 3135, 19756, 3139, 12528, 4745, 3838, 1647, 29258, 3080, 15169, 1026, 5240, 947, 927, 13107], DCP=4, Hkv=2
================================================================================
Config: world_size=8, methods=['dcp_mega_varlen'], QH=32, KVH=2, D=128, TP=8, DCP=4, workload=chunk, execution=eager, baseline_phase_timing=False, warmup=40, iters=60, check=False
Workload: B=18, q_tokens=288, history_tokens=138704, q_seqlens=[16, 16, 16, 16, 16, 16, 16, 16, 16, 16, 16, 16, 16, 16, 16, 16, 16, 16], history_seqlens=[10904, 8049, 2209, 3135, 19756, 3139, 12528, 4745, 3838, 1647, 29258, 3080, 15169, 1026, 5240, 947, 927, 13107]
Agg TFLOPS uses useful attention work across all TP ranks and p50(max_across_ranks); Avg/GPU divides it by world_size.
KV GB/s/GPU is average logical BF16 K+V bytes read per TP rank divided by p50(max_across_ranks); it is not hardware-counter HBM traffic.

Running B=18, q_tokens=288, history_tokens=138704, causal=True

B=18, q_tokens=288, history_tokens=138704, QH=32, KVH=2, D=128, TP=8, DCP=4, mode=causal
Method                   Time ms                                                                                                                                     Agg TFLOPS    Avg/GPU  KV GB/s/GPU      Check  Note
dcp_mega_varlen          t0=0.080, t1=0.079, t2=0.079, t3=0.076, t4=0.080, t5=0.078, t6=0.077, t7=0.076 | p50(max_across_ranks)=0.080, p90(max_across_ranks)=0.082        452.6       56.6        222.6       skip  eager; output=bf16_ipc_a2a; runner_preallocated; timing=mega_kernel_only

Mega %globaltimer phase timestamps (per-iteration maximum across benchmark ranks, then p50/p90 across samples; us)
Method                   Phase                                                             p50        p90
dcp_mega_varlen          kernel_start                                                    0.000      0.000
dcp_mega_varlen          q_allgather_done                                                6.464      6.659
dcp_mega_varlen          attention_done                                                 52.384     52.736
dcp_mega_varlen          history_combine_done                                           63.360     64.352
dcp_mega_varlen          publish_done                                                   63.360     64.352
dcp_mega_varlen          receive_done                                                   69.904     72.035
dcp_mega_varlen          final_combine_done                                             73.520     75.619
dcp_mega_varlen          kernel_done                                                    73.760     75.843
dcp_mega_varlen          post_completion/q_done_to_publish_done                         57.216     58.182
dcp_mega_varlen          post_completion/publish_done_to_receive_done                    8.736     10.832
dcp_mega_varlen          post_completion/attention_done_to_history_combine_done         11.328     12.208
dcp_mega_varlen          post_completion/history_combine_done_to_final_combine_done     12.432     14.342
Wrote benchmark JSON to benchmark_logs/experiment_suite/dcp-suite/01_dcp_wave-b-timestamps-20260814-132129/results/arrival_2/dcp_4/critical_wave_auto_lpt/comm_sm_16/case_000027_dcp4_hkv2_eager.json

================================================================================
Mega comm_sm=16, case 29/100: case_000028_dcp4_hkv2: B=19, Sq=[16, 16, 16, 16, 16, 16, 16, 16, 16, 16, 16, 16, 16, 16, 16, 16, 16, 16, 16], Sk=[11610, 2955, 46052, 20065, 41199, 14595, 5591, 1749, 9369, 98766, 26544, 3732, 12330, 15865, 5134, 16229, 2772, 92144, 1330], DCP=4, Hkv=2
================================================================================
Config: world_size=8, methods=['dcp_mega_varlen'], QH=32, KVH=2, D=128, TP=8, DCP=4, workload=chunk, execution=eager, baseline_phase_timing=False, warmup=40, iters=60, check=False
Workload: B=19, q_tokens=304, history_tokens=428031, q_seqlens=[16, 16, 16, 16, 16, 16, 16, 16, 16, 16, 16, 16, 16, 16, 16, 16, 16, 16, 16], history_seqlens=[11610, 2955, 46052, 20065, 41199, 14595, 5591, 1749, 9369, 98766, 26544, 3732, 12330, 15865, 5134, 16229, 2772, 92144, 1330]
Agg TFLOPS uses useful attention work across all TP ranks and p50(max_across_ranks); Avg/GPU divides it by world_size.
KV GB/s/GPU is average logical BF16 K+V bytes read per TP rank divided by p50(max_across_ranks); it is not hardware-counter HBM traffic.

Running B=19, q_tokens=304, history_tokens=428031, causal=True

B=19, q_tokens=304, history_tokens=428031, QH=32, KVH=2, D=128, TP=8, DCP=4, mode=causal
Method                   Time ms                                                                                                                                     Agg TFLOPS    Avg/GPU  KV GB/s/GPU      Check  Note
dcp_mega_varlen          t0=0.096, t1=0.094, t2=0.093, t3=0.091, t4=0.096, t5=0.094, t6=0.093, t7=0.091 | p50(max_across_ranks)=0.096, p90(max_across_ranks)=0.106       1165.8      145.7        570.6       skip  eager; output=bf16_ipc_a2a; runner_preallocated; timing=mega_kernel_only

Mega %globaltimer phase timestamps (per-iteration maximum across benchmark ranks, then p50/p90 across samples; us)
Method                   Phase                                                             p50        p90
dcp_mega_varlen          kernel_start                                                    0.000      0.000
dcp_mega_varlen          q_allgather_done                                                6.944      7.139
dcp_mega_varlen          attention_done                                                 51.936     52.387
dcp_mega_varlen          history_combine_done                                           77.760     78.688
dcp_mega_varlen          publish_done                                                   77.760     78.688
dcp_mega_varlen          receive_done                                                   85.312     94.000
dcp_mega_varlen          final_combine_done                                             89.568     98.688
dcp_mega_varlen          kernel_done                                                    89.792     99.008
dcp_mega_varlen          post_completion/q_done_to_publish_done                         71.168     72.134
dcp_mega_varlen          post_completion/publish_done_to_receive_done                    9.888     17.261
dcp_mega_varlen          post_completion/attention_done_to_history_combine_done         26.704     27.523
dcp_mega_varlen          post_completion/history_combine_done_to_final_combine_done     14.080     21.946
Wrote benchmark JSON to benchmark_logs/experiment_suite/dcp-suite/01_dcp_wave-b-timestamps-20260814-132129/results/arrival_2/dcp_4/critical_wave_auto_lpt/comm_sm_16/case_000028_dcp4_hkv2_eager.json

================================================================================
Mega comm_sm=16, case 30/100: case_000029_dcp4_hkv2: B=18, Sq=[16, 16, 16, 16, 16, 16, 16, 16, 16, 16, 16, 16, 16, 16, 16, 16, 16, 16], Sk=[20644, 34146, 13513, 19654, 1709, 10171, 31895, 11796, 6698, 14716, 1104, 3965, 17579, 12947, 1858, 974, 4751, 8689], DCP=4, Hkv=2
================================================================================
Config: world_size=8, methods=['dcp_mega_varlen'], QH=32, KVH=2, D=128, TP=8, DCP=4, workload=chunk, execution=eager, baseline_phase_timing=False, warmup=40, iters=60, check=False
Workload: B=18, q_tokens=288, history_tokens=216809, q_seqlens=[16, 16, 16, 16, 16, 16, 16, 16, 16, 16, 16, 16, 16, 16, 16, 16, 16, 16], history_seqlens=[20644, 34146, 13513, 19654, 1709, 10171, 31895, 11796, 6698, 14716, 1104, 3965, 17579, 12947, 1858, 974, 4751, 8689]
Agg TFLOPS uses useful attention work across all TP ranks and p50(max_across_ranks); Avg/GPU divides it by world_size.
KV GB/s/GPU is average logical BF16 K+V bytes read per TP rank divided by p50(max_across_ranks); it is not hardware-counter HBM traffic.

Running B=18, q_tokens=288, history_tokens=216809, causal=True

B=18, q_tokens=288, history_tokens=216809, QH=32, KVH=2, D=128, TP=8, DCP=4, mode=causal
Method                   Time ms                                                                                                                                     Agg TFLOPS    Avg/GPU  KV GB/s/GPU      Check  Note
dcp_mega_varlen          t0=0.094, t1=0.094, t2=0.094, t3=0.091, t4=0.095, t5=0.093, t6=0.093, t7=0.092 | p50(max_across_ranks)=0.096, p90(max_across_ranks)=0.097        595.0       74.4        291.9       skip  eager; output=bf16_ipc_a2a; runner_preallocated; timing=mega_kernel_only

Mega %globaltimer phase timestamps (per-iteration maximum across benchmark ranks, then p50/p90 across samples; us)
Method                   Phase                                                             p50        p90
dcp_mega_varlen          kernel_start                                                    0.000      0.000
dcp_mega_varlen          q_allgather_done                                                6.560      6.752
dcp_mega_varlen          attention_done                                                 67.376     67.683
dcp_mega_varlen          history_combine_done                                           77.712     78.528
dcp_mega_varlen          publish_done                                                   77.712     78.528
dcp_mega_varlen          receive_done                                                   84.832     86.480
dcp_mega_varlen          final_combine_done                                             88.912     90.576
dcp_mega_varlen          kernel_done                                                    89.248     90.899
dcp_mega_varlen          post_completion/q_done_to_publish_done                         71.440     72.304
dcp_mega_varlen          post_completion/publish_done_to_receive_done                    8.896     10.438
dcp_mega_varlen          post_completion/attention_done_to_history_combine_done         10.752     11.523
dcp_mega_varlen          post_completion/history_combine_done_to_final_combine_done     12.976     14.496
Wrote benchmark JSON to benchmark_logs/experiment_suite/dcp-suite/01_dcp_wave-b-timestamps-20260814-132129/results/arrival_2/dcp_4/critical_wave_auto_lpt/comm_sm_16/case_000029_dcp4_hkv2_eager.json

================================================================================
Mega comm_sm=16, case 31/100: case_000030_dcp4_hkv2: B=22, Sq=[16, 16, 16, 16, 16, 16, 16, 16, 16, 16, 16, 16, 16, 16, 16, 16, 16, 16, 16, 16, 16, 16], Sk=[10490, 8212, 3048, 7913, 1740, 1232, 1450, 12151, 3753, 16102, 9774, 8836, 111941, 18526, 1224, 4480, 14254, 1188, 5866, 16309, 956, 13277], DCP=4, Hkv=2
================================================================================
Config: world_size=8, methods=['dcp_mega_varlen'], QH=32, KVH=2, D=128, TP=8, DCP=4, workload=chunk, execution=eager, baseline_phase_timing=False, warmup=40, iters=60, check=False
Workload: B=22, q_tokens=352, history_tokens=272722, q_seqlens=[16, 16, 16, 16, 16, 16, 16, 16, 16, 16, 16, 16, 16, 16, 16, 16, 16, 16, 16, 16, 16, 16], history_seqlens=[10490, 8212, 3048, 7913, 1740, 1232, 1450, 12151, 3753, 16102, 9774, 8836, 111941, 18526, 1224, 4480, 14254, 1188, 5866, 16309, 956, 13277]
Agg TFLOPS uses useful attention work across all TP ranks and p50(max_across_ranks); Avg/GPU divides it by world_size.
KV GB/s/GPU is average logical BF16 K+V bytes read per TP rank divided by p50(max_across_ranks); it is not hardware-counter HBM traffic.

Running B=22, q_tokens=352, history_tokens=272722, causal=True

B=22, q_tokens=352, history_tokens=272722, QH=32, KVH=2, D=128, TP=8, DCP=4, mode=causal
Method                   Time ms                                                                                                                                     Agg TFLOPS    Avg/GPU  KV GB/s/GPU      Check  Note
dcp_mega_varlen          t0=0.087, t1=0.087, t2=0.086, t3=0.084, t4=0.088, t5=0.087, t6=0.086, t7=0.084 | p50(max_across_ranks)=0.089, p90(max_across_ranks)=0.090        805.9      100.7        395.3       skip  eager; output=bf16_ipc_a2a; runner_preallocated; timing=mega_kernel_only

Mega %globaltimer phase timestamps (per-iteration maximum across benchmark ranks, then p50/p90 across samples; us)
Method                   Phase                                                             p50        p90
dcp_mega_varlen          kernel_start                                                    0.000      0.000
dcp_mega_varlen          q_allgather_done                                                7.488      7.843
dcp_mega_varlen          attention_done                                                 58.480     58.912
dcp_mega_varlen          history_combine_done                                           70.608     71.398
dcp_mega_varlen          publish_done                                                   70.608     71.398
dcp_mega_varlen          receive_done                                                   77.696     79.149
dcp_mega_varlen          final_combine_done                                             81.920     83.478
dcp_mega_varlen          kernel_done                                                    82.272     83.830
dcp_mega_varlen          post_completion/q_done_to_publish_done                         63.648     64.544
dcp_mega_varlen          post_completion/publish_done_to_receive_done                    8.992     10.269
dcp_mega_varlen          post_completion/attention_done_to_history_combine_done         12.624     13.328
dcp_mega_varlen          post_completion/history_combine_done_to_final_combine_done     13.392     14.595
Wrote benchmark JSON to benchmark_logs/experiment_suite/dcp-suite/01_dcp_wave-b-timestamps-20260814-132129/results/arrival_2/dcp_4/critical_wave_auto_lpt/comm_sm_16/case_000030_dcp4_hkv2_eager.json

================================================================================
Mega comm_sm=16, case 32/100: case_000031_dcp4_hkv2: B=10, Sq=[16, 16, 16, 16, 16, 16, 16, 16, 16, 16], Sk=[40524, 1350, 1088, 12764, 4797, 973, 966, 16413, 48573, 40131], DCP=4, Hkv=2
================================================================================
Config: world_size=8, methods=['dcp_mega_varlen'], QH=32, KVH=2, D=128, TP=8, DCP=4, workload=chunk, execution=eager, baseline_phase_timing=False, warmup=40, iters=60, check=False
Workload: B=10, q_tokens=160, history_tokens=167579, q_seqlens=[16, 16, 16, 16, 16, 16, 16, 16, 16, 16], history_seqlens=[40524, 1350, 1088, 12764, 4797, 973, 966, 16413, 48573, 40131]
Agg TFLOPS uses useful attention work across all TP ranks and p50(max_across_ranks); Avg/GPU divides it by world_size.
KV GB/s/GPU is average logical BF16 K+V bytes read per TP rank divided by p50(max_across_ranks); it is not hardware-counter HBM traffic.

Running B=10, q_tokens=160, history_tokens=167579, causal=True

B=10, q_tokens=160, history_tokens=167579, QH=32, KVH=2, D=128, TP=8, DCP=4, mode=causal
Method                   Time ms                                                                                                                                     Agg TFLOPS    Avg/GPU  KV GB/s/GPU      Check  Note
dcp_mega_varlen          t0=0.083, t1=0.083, t2=0.081, t3=0.078, t4=0.083, t5=0.081, t6=0.079, t7=0.078 | p50(max_across_ranks)=0.084, p90(max_across_ranks)=0.086        523.1       65.4        256.3       skip  eager; output=bf16_ipc_a2a; runner_preallocated; timing=mega_kernel_only

Mega %globaltimer phase timestamps (per-iteration maximum across benchmark ranks, then p50/p90 across samples; us)
Method                   Phase                                                             p50        p90
dcp_mega_varlen          kernel_start                                                    0.000      0.000
dcp_mega_varlen          q_allgather_done                                                4.992      5.120
dcp_mega_varlen          attention_done                                                 56.096     56.384
dcp_mega_varlen          history_combine_done                                           65.760     66.755
dcp_mega_varlen          publish_done                                                   65.760     66.755
dcp_mega_varlen          receive_done                                                   72.736     74.762
dcp_mega_varlen          final_combine_done                                             76.992     79.030
dcp_mega_varlen          kernel_done                                                    77.312     79.350
dcp_mega_varlen          post_completion/q_done_to_publish_done                         60.864     61.933
dcp_mega_varlen          post_completion/publish_done_to_receive_done                    9.664     11.594
dcp_mega_varlen          post_completion/attention_done_to_history_combine_done         10.368     11.395
dcp_mega_varlen          post_completion/history_combine_done_to_final_combine_done     13.936     15.869
Wrote benchmark JSON to benchmark_logs/experiment_suite/dcp-suite/01_dcp_wave-b-timestamps-20260814-132129/results/arrival_2/dcp_4/critical_wave_auto_lpt/comm_sm_16/case_000031_dcp4_hkv2_eager.json

================================================================================
Mega comm_sm=16, case 33/100: case_000032_dcp4_hkv2: B=18, Sq=[16, 16, 16, 16, 16, 16, 16, 16, 16, 16, 16, 16, 16, 16, 16, 16, 16, 16], Sk=[23794, 1882, 13415, 8402, 1993, 81091, 19327, 1152, 1898, 1341, 4622, 5760, 4362, 14433, 14607, 2458, 3809, 10827], DCP=4, Hkv=2
================================================================================
Config: world_size=8, methods=['dcp_mega_varlen'], QH=32, KVH=2, D=128, TP=8, DCP=4, workload=chunk, execution=eager, baseline_phase_timing=False, warmup=40, iters=60, check=False
Workload: B=18, q_tokens=288, history_tokens=215173, q_seqlens=[16, 16, 16, 16, 16, 16, 16, 16, 16, 16, 16, 16, 16, 16, 16, 16, 16, 16], history_seqlens=[23794, 1882, 13415, 8402, 1993, 81091, 19327, 1152, 1898, 1341, 4622, 5760, 4362, 14433, 14607, 2458, 3809, 10827]
Agg TFLOPS uses useful attention work across all TP ranks and p50(max_across_ranks); Avg/GPU divides it by world_size.
KV GB/s/GPU is average logical BF16 K+V bytes read per TP rank divided by p50(max_across_ranks); it is not hardware-counter HBM traffic.

Running B=18, q_tokens=288, history_tokens=215173, causal=True

B=18, q_tokens=288, history_tokens=215173, QH=32, KVH=2, D=128, TP=8, DCP=4, mode=causal
Method                   Time ms                                                                                                                                     Agg TFLOPS    Avg/GPU  KV GB/s/GPU      Check  Note
dcp_mega_varlen          t0=0.083, t1=0.083, t2=0.082, t3=0.079, t4=0.084, t5=0.083, t6=0.082, t7=0.079 | p50(max_across_ranks)=0.085, p90(max_across_ranks)=0.085        667.9       83.5        327.6       skip  eager; output=bf16_ipc_a2a; runner_preallocated; timing=mega_kernel_only

Mega %globaltimer phase timestamps (per-iteration maximum across benchmark ranks, then p50/p90 across samples; us)
Method                   Phase                                                             p50        p90
dcp_mega_varlen          kernel_start                                                    0.000      0.000
dcp_mega_varlen          q_allgather_done                                                6.528      6.720
dcp_mega_varlen          attention_done                                                 56.832     57.056
dcp_mega_varlen          history_combine_done                                           65.712     66.854
dcp_mega_varlen          publish_done                                                   65.712     66.854
dcp_mega_varlen          receive_done                                                   73.552     74.550
dcp_mega_varlen          final_combine_done                                             77.712     78.582
dcp_mega_varlen          kernel_done                                                    78.032     78.906
dcp_mega_varlen          post_completion/q_done_to_publish_done                         59.488     60.634
dcp_mega_varlen          post_completion/publish_done_to_receive_done                    8.848      9.766
dcp_mega_varlen          post_completion/attention_done_to_history_combine_done          9.184     10.547
dcp_mega_varlen          post_completion/history_combine_done_to_final_combine_done     12.976     13.862
Wrote benchmark JSON to benchmark_logs/experiment_suite/dcp-suite/01_dcp_wave-b-timestamps-20260814-132129/results/arrival_2/dcp_4/critical_wave_auto_lpt/comm_sm_16/case_000032_dcp4_hkv2_eager.json

================================================================================
Mega comm_sm=16, case 34/100: case_000033_dcp4_hkv2: B=15, Sq=[16, 16, 16, 16, 16, 16, 16, 16, 16, 16, 16, 16, 16, 16, 16], Sk=[5125, 12359, 8233, 9246, 18808, 3504, 7350, 29462, 15406, 8750, 34069, 6284, 12655, 9441, 20416], DCP=4, Hkv=2
================================================================================
Config: world_size=8, methods=['dcp_mega_varlen'], QH=32, KVH=2, D=128, TP=8, DCP=4, workload=chunk, execution=eager, baseline_phase_timing=False, warmup=40, iters=60, check=False
Workload: B=15, q_tokens=240, history_tokens=201108, q_seqlens=[16, 16, 16, 16, 16, 16, 16, 16, 16, 16, 16, 16, 16, 16, 16], history_seqlens=[5125, 12359, 8233, 9246, 18808, 3504, 7350, 29462, 15406, 8750, 34069, 6284, 12655, 9441, 20416]
Agg TFLOPS uses useful attention work across all TP ranks and p50(max_across_ranks); Avg/GPU divides it by world_size.
KV GB/s/GPU is average logical BF16 K+V bytes read per TP rank divided by p50(max_across_ranks); it is not hardware-counter HBM traffic.

Running B=15, q_tokens=240, history_tokens=201108, causal=True

B=15, q_tokens=240, history_tokens=201108, QH=32, KVH=2, D=128, TP=8, DCP=4, mode=causal
Method                   Time ms                                                                                                                                     Agg TFLOPS    Avg/GPU  KV GB/s/GPU      Check  Note
dcp_mega_varlen          t0=0.094, t1=0.093, t2=0.093, t3=0.090, t4=0.094, t5=0.092, t6=0.092, t7=0.089 | p50(max_across_ranks)=0.095, p90(max_across_ranks)=0.096        556.4       69.5        272.8       skip  eager; output=bf16_ipc_a2a; runner_preallocated; timing=mega_kernel_only

Mega %globaltimer phase timestamps (per-iteration maximum across benchmark ranks, then p50/p90 across samples; us)
Method                   Phase                                                             p50        p90
dcp_mega_varlen          kernel_start                                                    0.000      0.000
dcp_mega_varlen          q_allgather_done                                                6.032      6.243
dcp_mega_varlen          attention_done                                                 65.984     66.240
dcp_mega_varlen          history_combine_done                                           76.240     77.194
dcp_mega_varlen          publish_done                                                   76.240     77.194
dcp_mega_varlen          receive_done                                                   83.584     84.832
dcp_mega_varlen          final_combine_done                                             87.776     88.944
dcp_mega_varlen          kernel_done                                                    88.080     89.267
dcp_mega_varlen          post_completion/q_done_to_publish_done                         70.528     71.555
dcp_mega_varlen          post_completion/publish_done_to_receive_done                    9.504     11.424
dcp_mega_varlen          post_completion/attention_done_to_history_combine_done         10.816     11.494
dcp_mega_varlen          post_completion/history_combine_done_to_final_combine_done     13.696     15.443
Wrote benchmark JSON to benchmark_logs/experiment_suite/dcp-suite/01_dcp_wave-b-timestamps-20260814-132129/results/arrival_2/dcp_4/critical_wave_auto_lpt/comm_sm_16/case_000033_dcp4_hkv2_eager.json

================================================================================
Mega comm_sm=16, case 35/100: case_000034_dcp4_hkv2: B=19, Sq=[16, 16, 16, 16, 16, 16, 16, 16, 16, 16, 16, 16, 16, 16, 16, 16, 16, 16, 16], Sk=[8392, 18984, 3664, 7524, 15578, 8914, 34223, 6433, 9603, 20586, 6081, 6146, 5409, 84876, 2932, 19030, 992, 9187, 1556], DCP=4, Hkv=2
================================================================================
Config: world_size=8, methods=['dcp_mega_varlen'], QH=32, KVH=2, D=128, TP=8, DCP=4, workload=chunk, execution=eager, baseline_phase_timing=False, warmup=40, iters=60, check=False
Workload: B=19, q_tokens=304, history_tokens=270110, q_seqlens=[16, 16, 16, 16, 16, 16, 16, 16, 16, 16, 16, 16, 16, 16, 16, 16, 16, 16, 16], history_seqlens=[8392, 18984, 3664, 7524, 15578, 8914, 34223, 6433, 9603, 20586, 6081, 6146, 5409, 84876, 2932, 19030, 992, 9187, 1556]
Agg TFLOPS uses useful attention work across all TP ranks and p50(max_across_ranks); Avg/GPU divides it by world_size.
KV GB/s/GPU is average logical BF16 K+V bytes read per TP rank divided by p50(max_across_ranks); it is not hardware-counter HBM traffic.

Running B=19, q_tokens=304, history_tokens=270110, causal=True

B=19, q_tokens=304, history_tokens=270110, QH=32, KVH=2, D=128, TP=8, DCP=4, mode=causal
Method                   Time ms                                                                                                                                     Agg TFLOPS    Avg/GPU  KV GB/s/GPU      Check  Note
dcp_mega_varlen          t0=0.095, t1=0.095, t2=0.094, t3=0.091, t4=0.096, t5=0.093, t6=0.093, t7=0.090 | p50(max_across_ranks)=0.096, p90(max_across_ranks)=0.097        735.2       91.9        360.4       skip  eager; output=bf16_ipc_a2a; runner_preallocated; timing=mega_kernel_only

Mega %globaltimer phase timestamps (per-iteration maximum across benchmark ranks, then p50/p90 across samples; us)
Method                   Phase                                                             p50        p90
dcp_mega_varlen          kernel_start                                                    0.000      0.000
dcp_mega_varlen          q_allgather_done                                                6.896      7.142
dcp_mega_varlen          attention_done                                                 68.224     68.643
dcp_mega_varlen          history_combine_done                                           78.048     78.694
dcp_mega_varlen          publish_done                                                   78.048     78.694
dcp_mega_varlen          receive_done                                                   85.712     86.762
dcp_mega_varlen          final_combine_done                                             89.680     90.656
dcp_mega_varlen          kernel_done                                                    89.904     90.880
dcp_mega_varlen          post_completion/q_done_to_publish_done                         71.488     72.134
dcp_mega_varlen          post_completion/publish_done_to_receive_done                   10.752     11.789
dcp_mega_varlen          post_completion/attention_done_to_history_combine_done         10.400     10.918
dcp_mega_varlen          post_completion/history_combine_done_to_final_combine_done     14.624     15.850
Wrote benchmark JSON to benchmark_logs/experiment_suite/dcp-suite/01_dcp_wave-b-timestamps-20260814-132129/results/arrival_2/dcp_4/critical_wave_auto_lpt/comm_sm_16/case_000034_dcp4_hkv2_eager.json

================================================================================
Mega comm_sm=16, case 36/100: case_000035_dcp4_hkv2: B=17, Sq=[16, 16, 16, 16, 16, 16, 16, 16, 16, 16, 16, 16, 16, 16, 16, 16, 4096], Sk=[2991, 16408, 5104, 16775, 1109, 11795, 6103, 4009, 1029, 7688, 5844, 19339, 2329, 4474, 7497, 914, 10240], DCP=4, Hkv=2
================================================================================
Config: world_size=8, methods=['dcp_mega_varlen'], QH=32, KVH=2, D=128, TP=8, DCP=4, workload=chunk, execution=eager, baseline_phase_timing=False, warmup=40, iters=60, check=False
Workload: B=17, q_tokens=4352, history_tokens=123648, q_seqlens=[16, 16, 16, 16, 16, 16, 16, 16, 16, 16, 16, 16, 16, 16, 16, 16, 4096], history_seqlens=[2991, 16408, 5104, 16775, 1109, 11795, 6103, 4009, 1029, 7688, 5844, 19339, 2329, 4474, 7497, 914, 10240]
Agg TFLOPS uses useful attention work across all TP ranks and p50(max_across_ranks); Avg/GPU divides it by world_size.
KV GB/s/GPU is average logical BF16 K+V bytes read per TP rank divided by p50(max_across_ranks); it is not hardware-counter HBM traffic.

Running B=17, q_tokens=4352, history_tokens=123648, causal=True

B=17, q_tokens=4352, history_tokens=123648, QH=32, KVH=2, D=128, TP=8, DCP=4, mode=causal
Method                   Time ms                                                                                                                                     Agg TFLOPS    Avg/GPU  KV GB/s/GPU      Check  Note
dcp_mega_varlen          t0=0.315, t1=0.314, t2=0.313, t3=0.312, t4=0.314, t5=0.312, t6=0.311, t7=0.307 | p50(max_across_ranks)=0.317, p90(max_across_ranks)=0.321       2692.4      336.6         56.9       skip  eager; output=bf16_ipc_a2a; runner_preallocated; timing=mega_kernel_only

Mega %globaltimer phase timestamps (per-iteration maximum across benchmark ranks, then p50/p90 across samples; us)
Method                   Phase                                                             p50        p90
dcp_mega_varlen          kernel_start                                                    0.000      0.000
dcp_mega_varlen          q_allgather_done                                               56.400     58.675
dcp_mega_varlen          attention_done                                                201.664    202.115
dcp_mega_varlen          history_combine_done                                          255.536    256.739
dcp_mega_varlen          publish_done                                                  255.536    256.739
dcp_mega_varlen          receive_done                                                  294.992    299.270
dcp_mega_varlen          final_combine_done                                            309.888    313.466
dcp_mega_varlen          kernel_done                                                   310.144    313.805
dcp_mega_varlen          post_completion/q_done_to_publish_done                        203.376    204.950
dcp_mega_varlen          post_completion/publish_done_to_receive_done                   43.040     46.499
dcp_mega_varlen          post_completion/attention_done_to_history_combine_done         55.648     57.002
dcp_mega_varlen          post_completion/history_combine_done_to_final_combine_done     57.552     61.325
Wrote benchmark JSON to benchmark_logs/experiment_suite/dcp-suite/01_dcp_wave-b-timestamps-20260814-132129/results/arrival_2/dcp_4/critical_wave_auto_lpt/comm_sm_16/case_000035_dcp4_hkv2_eager.json

================================================================================
Mega comm_sm=16, case 37/100: case_000036_dcp4_hkv2: B=23, Sq=[16, 16, 16, 16, 16, 16, 16, 16, 16, 16, 16, 16, 16, 16, 16, 16, 16, 16, 16, 16, 16, 16, 1648], Sk=[34439, 12261, 7951, 6773, 3260, 4227, 15954, 3666, 2571, 3909, 2408, 25900, 1075, 2752, 6014, 1469, 2413, 1338, 997, 19907, 4627, 17564, 16896], DCP=4, Hkv=2
================================================================================
Config: world_size=8, methods=['dcp_mega_varlen'], QH=32, KVH=2, D=128, TP=8, DCP=4, workload=chunk, execution=eager, baseline_phase_timing=False, warmup=40, iters=60, check=False
Workload: B=23, q_tokens=2000, history_tokens=198371, q_seqlens=[16, 16, 16, 16, 16, 16, 16, 16, 16, 16, 16, 16, 16, 16, 16, 16, 16, 16, 16, 16, 16, 16, 1648], history_seqlens=[34439, 12261, 7951, 6773, 3260, 4227, 15954, 3666, 2571, 3909, 2408, 25900, 1075, 2752, 6014, 1469, 2413, 1338, 997, 19907, 4627, 17564, 16896]
Agg TFLOPS uses useful attention work across all TP ranks and p50(max_across_ranks); Avg/GPU divides it by world_size.
KV GB/s/GPU is average logical BF16 K+V bytes read per TP rank divided by p50(max_across_ranks); it is not hardware-counter HBM traffic.

Running B=23, q_tokens=2000, history_tokens=198371, causal=True

B=23, q_tokens=2000, history_tokens=198371, QH=32, KVH=2, D=128, TP=8, DCP=4, mode=causal
Method                   Time ms                                                                                                                                     Agg TFLOPS    Avg/GPU  KV GB/s/GPU      Check  Note
dcp_mega_varlen          t0=0.188, t1=0.185, t2=0.185, t3=0.183, t4=0.188, t5=0.184, t6=0.184, t7=0.183 | p50(max_across_ranks)=0.189, p90(max_across_ranks)=0.191       2787.9      348.5        140.0       skip  eager; output=bf16_ipc_a2a; runner_preallocated; timing=mega_kernel_only

Mega %globaltimer phase timestamps (per-iteration maximum across benchmark ranks, then p50/p90 across samples; us)
Method                   Phase                                                             p50        p90
dcp_mega_varlen          kernel_start                                                    0.000      0.000
dcp_mega_varlen          q_allgather_done                                               28.656     29.501
dcp_mega_varlen          attention_done                                                130.768    131.917
dcp_mega_varlen          history_combine_done                                          153.984    155.427
dcp_mega_varlen          publish_done                                                  153.984    155.427
dcp_mega_varlen          receive_done                                                  173.856    175.878
dcp_mega_varlen          final_combine_done                                            181.760    184.054
dcp_mega_varlen          kernel_done                                                   182.048    184.403
dcp_mega_varlen          post_completion/q_done_to_publish_done                        126.320    127.654
dcp_mega_varlen          post_completion/publish_done_to_receive_done                   23.600     26.675
dcp_mega_varlen          post_completion/attention_done_to_history_combine_done         24.784     25.798
dcp_mega_varlen          post_completion/history_combine_done_to_final_combine_done     31.488     34.854
Wrote benchmark JSON to benchmark_logs/experiment_suite/dcp-suite/01_dcp_wave-b-timestamps-20260814-132129/results/arrival_2/dcp_4/critical_wave_auto_lpt/comm_sm_16/case_000036_dcp4_hkv2_eager.json

================================================================================
Mega comm_sm=16, case 38/100: case_000037_dcp4_hkv2: B=17, Sq=[16, 16, 16, 16, 16, 16, 16, 16, 16, 16, 16, 16, 16, 16, 16, 16, 16], Sk=[35253, 1329, 16490, 3943, 18839, 42390, 4982, 2094, 2381, 1721, 4878, 5972, 22543, 14718, 3614, 11609, 10862], DCP=4, Hkv=2
================================================================================
Config: world_size=8, methods=['dcp_mega_varlen'], QH=32, KVH=2, D=128, TP=8, DCP=4, workload=chunk, execution=eager, baseline_phase_timing=False, warmup=40, iters=60, check=False
Workload: B=17, q_tokens=272, history_tokens=203618, q_seqlens=[16, 16, 16, 16, 16, 16, 16, 16, 16, 16, 16, 16, 16, 16, 16, 16, 16], history_seqlens=[35253, 1329, 16490, 3943, 18839, 42390, 4982, 2094, 2381, 1721, 4878, 5972, 22543, 14718, 3614, 11609, 10862]
Agg TFLOPS uses useful attention work across all TP ranks and p50(max_across_ranks); Avg/GPU divides it by world_size.
KV GB/s/GPU is average logical BF16 K+V bytes read per TP rank divided by p50(max_across_ranks); it is not hardware-counter HBM traffic.

Running B=17, q_tokens=272, history_tokens=203618, causal=True

B=17, q_tokens=272, history_tokens=203618, QH=32, KVH=2, D=128, TP=8, DCP=4, mode=causal
Method                   Time ms                                                                                                                                     Agg TFLOPS    Avg/GPU  KV GB/s/GPU      Check  Note
dcp_mega_varlen          t0=0.096, t1=0.094, t2=0.094, t3=0.091, t4=0.096, t5=0.094, t6=0.093, t7=0.091 | p50(max_across_ranks)=0.096, p90(max_across_ranks)=0.098        554.4       69.3        271.9       skip  eager; output=bf16_ipc_a2a; runner_preallocated; timing=mega_kernel_only

Mega %globaltimer phase timestamps (per-iteration maximum across benchmark ranks, then p50/p90 across samples; us)
Method                   Phase                                                             p50        p90
dcp_mega_varlen          kernel_start                                                    0.000      0.000
dcp_mega_varlen          q_allgather_done                                                6.528      6.822
dcp_mega_varlen          attention_done                                                 70.000     70.211
dcp_mega_varlen          history_combine_done                                           77.376     78.634
dcp_mega_varlen          publish_done                                                   77.376     78.634
dcp_mega_varlen          receive_done                                                   85.120     87.046
dcp_mega_varlen          final_combine_done                                             89.360     91.427
dcp_mega_varlen          kernel_done                                                    89.680     91.747
dcp_mega_varlen          post_completion/q_done_to_publish_done                         71.424     72.643
dcp_mega_varlen          post_completion/publish_done_to_receive_done                    8.864     10.816
dcp_mega_varlen          post_completion/attention_done_to_history_combine_done          7.648      9.059
dcp_mega_varlen          post_completion/history_combine_done_to_final_combine_done     13.072     14.950
Wrote benchmark JSON to benchmark_logs/experiment_suite/dcp-suite/01_dcp_wave-b-timestamps-20260814-132129/results/arrival_2/dcp_4/critical_wave_auto_lpt/comm_sm_16/case_000037_dcp4_hkv2_eager.json

================================================================================
Mega comm_sm=16, case 39/100: case_000038_dcp4_hkv2: B=15, Sq=[16, 16, 16, 16, 16, 16, 16, 16, 16, 16, 16, 16, 16, 16, 16], Sk=[35479, 19075, 42614, 2325, 1935, 5128, 14947, 3828, 11840, 11106, 1597, 1429, 20563, 15501, 1100], DCP=4, Hkv=2
================================================================================
Config: world_size=8, methods=['dcp_mega_varlen'], QH=32, KVH=2, D=128, TP=8, DCP=4, workload=chunk, execution=eager, baseline_phase_timing=False, warmup=40, iters=60, check=False
Workload: B=15, q_tokens=240, history_tokens=188467, q_seqlens=[16, 16, 16, 16, 16, 16, 16, 16, 16, 16, 16, 16, 16, 16, 16], history_seqlens=[35479, 19075, 42614, 2325, 1935, 5128, 14947, 3828, 11840, 11106, 1597, 1429, 20563, 15501, 1100]
Agg TFLOPS uses useful attention work across all TP ranks and p50(max_across_ranks); Avg/GPU divides it by world_size.
KV GB/s/GPU is average logical BF16 K+V bytes read per TP rank divided by p50(max_across_ranks); it is not hardware-counter HBM traffic.

Running B=15, q_tokens=240, history_tokens=188467, causal=True

B=15, q_tokens=240, history_tokens=188467, QH=32, KVH=2, D=128, TP=8, DCP=4, mode=causal
Method                   Time ms                                                                                                                                     Agg TFLOPS    Avg/GPU  KV GB/s/GPU      Check  Note
dcp_mega_varlen          t0=0.096, t1=0.095, t2=0.094, t3=0.093, t4=0.096, t5=0.095, t6=0.095, t7=0.092 | p50(max_across_ranks)=0.097, p90(max_across_ranks)=0.099        508.4       63.5        249.3       skip  eager; output=bf16_ipc_a2a; runner_preallocated; timing=mega_kernel_only

Mega %globaltimer phase timestamps (per-iteration maximum across benchmark ranks, then p50/p90 across samples; us)
Method                   Phase                                                             p50        p90
dcp_mega_varlen          kernel_start                                                    0.000      0.000
dcp_mega_varlen          q_allgather_done                                                6.112      6.336
dcp_mega_varlen          attention_done                                                 69.664     69.891
dcp_mega_varlen          history_combine_done                                           79.312     80.301
dcp_mega_varlen          publish_done                                                   79.312     80.301
dcp_mega_varlen          receive_done                                                   86.000     87.475
dcp_mega_varlen          final_combine_done                                             90.208     91.648
dcp_mega_varlen          kernel_done                                                    90.544     91.968
dcp_mega_varlen          post_completion/q_done_to_publish_done                         73.472     74.384
dcp_mega_varlen          post_completion/publish_done_to_receive_done                    9.184     10.413
dcp_mega_varlen          post_completion/attention_done_to_history_combine_done          9.952     10.800
dcp_mega_varlen          post_completion/history_combine_done_to_final_combine_done     13.120     14.656
Wrote benchmark JSON to benchmark_logs/experiment_suite/dcp-suite/01_dcp_wave-b-timestamps-20260814-132129/results/arrival_2/dcp_4/critical_wave_auto_lpt/comm_sm_16/case_000038_dcp4_hkv2_eager.json

================================================================================
Mega comm_sm=16, case 40/100: case_000039_dcp4_hkv2: B=25, Sq=[16, 16, 16, 16, 16, 16, 16, 16, 16, 16, 16, 16, 16, 16, 16, 16, 16, 16, 16, 16, 16, 16, 16, 16, 16], Sk=[43205, 33729, 1712, 11157, 1954, 8682, 32971, 71320, 18882, 4171, 8793, 17670, 11161, 10614, 28037, 118482, 1808, 4205, 13218, 118526, 21510, 979, 25368, 14253, 44534], DCP=4, Hkv=2
================================================================================
Config: world_size=8, methods=['dcp_mega_varlen'], QH=32, KVH=2, D=128, TP=8, DCP=4, workload=chunk, execution=eager, baseline_phase_timing=False, warmup=40, iters=60, check=False
Workload: B=25, q_tokens=400, history_tokens=666941, q_seqlens=[16, 16, 16, 16, 16, 16, 16, 16, 16, 16, 16, 16, 16, 16, 16, 16, 16, 16, 16, 16, 16, 16, 16, 16, 16], history_seqlens=[43205, 33729, 1712, 11157, 1954, 8682, 32971, 71320, 18882, 4171, 8793, 17670, 11161, 10614, 28037, 118482, 1808, 4205, 13218, 118526, 21510, 979, 25368, 14253, 44534]
Agg TFLOPS uses useful attention work across all TP ranks and p50(max_across_ranks); Avg/GPU divides it by world_size.
KV GB/s/GPU is average logical BF16 K+V bytes read per TP rank divided by p50(max_across_ranks); it is not hardware-counter HBM traffic.

Running B=25, q_tokens=400, history_tokens=666941, causal=True

B=25, q_tokens=400, history_tokens=666941, QH=32, KVH=2, D=128, TP=8, DCP=4, mode=causal
Method                   Time ms                                                                                                                                     Agg TFLOPS    Avg/GPU  KV GB/s/GPU      Check  Note
dcp_mega_varlen          t0=0.118, t1=0.117, t2=0.117, t3=0.114, t4=0.119, t5=0.117, t6=0.116, t7=0.115 | p50(max_across_ranks)=0.119, p90(max_across_ranks)=0.122       1463.7      183.0        716.2       skip  eager; output=bf16_ipc_a2a; runner_preallocated; timing=mega_kernel_only

Mega %globaltimer phase timestamps (per-iteration maximum across benchmark ranks, then p50/p90 across samples; us)
Method                   Phase                                                             p50        p90
dcp_mega_varlen          kernel_start                                                    0.000      0.000
dcp_mega_varlen          q_allgather_done                                               10.576     11.136
dcp_mega_varlen          attention_done                                                 77.728     78.531
dcp_mega_varlen          history_combine_done                                          101.840    102.733
dcp_mega_varlen          publish_done                                                  101.840    102.733
dcp_mega_varlen          receive_done                                                  108.384    110.986
dcp_mega_varlen          final_combine_done                                            112.512    115.302
dcp_mega_varlen          kernel_done                                                   112.784    115.526
dcp_mega_varlen          post_completion/q_done_to_publish_done                         91.984     93.450
dcp_mega_varlen          post_completion/publish_done_to_receive_done                    9.584     12.720
dcp_mega_varlen          post_completion/attention_done_to_history_combine_done         24.992     26.339
dcp_mega_varlen          post_completion/history_combine_done_to_final_combine_done     14.016     17.072
Wrote benchmark JSON to benchmark_logs/experiment_suite/dcp-suite/01_dcp_wave-b-timestamps-20260814-132129/results/arrival_2/dcp_4/critical_wave_auto_lpt/comm_sm_16/case_000039_dcp4_hkv2_eager.json

================================================================================
Mega comm_sm=16, case 41/100: case_000040_dcp4_hkv2: B=16, Sq=[16, 16, 16, 16, 16, 16, 16, 16, 16, 16, 16, 16, 16, 16, 16, 16], Sk=[15963, 6433, 1255, 22617, 43909, 21496, 11589, 1821, 2166, 1756, 4994, 8208, 1312, 9939, 6475, 963], DCP=4, Hkv=2
================================================================================
Config: world_size=8, methods=['dcp_mega_varlen'], QH=32, KVH=2, D=128, TP=8, DCP=4, workload=chunk, execution=eager, baseline_phase_timing=False, warmup=40, iters=60, check=False
Workload: B=16, q_tokens=256, history_tokens=160896, q_seqlens=[16, 16, 16, 16, 16, 16, 16, 16, 16, 16, 16, 16, 16, 16, 16, 16], history_seqlens=[15963, 6433, 1255, 22617, 43909, 21496, 11589, 1821, 2166, 1756, 4994, 8208, 1312, 9939, 6475, 963]
Agg TFLOPS uses useful attention work across all TP ranks and p50(max_across_ranks); Avg/GPU divides it by world_size.
KV GB/s/GPU is average logical BF16 K+V bytes read per TP rank divided by p50(max_across_ranks); it is not hardware-counter HBM traffic.

Running B=16, q_tokens=256, history_tokens=160896, causal=True

B=16, q_tokens=256, history_tokens=160896, QH=32, KVH=2, D=128, TP=8, DCP=4, mode=causal
Method                   Time ms                                                                                                                                     Agg TFLOPS    Avg/GPU  KV GB/s/GPU      Check  Note
dcp_mega_varlen          t0=0.081, t1=0.081, t2=0.080, t3=0.077, t4=0.082, t5=0.081, t6=0.080, t7=0.078 | p50(max_across_ranks)=0.083, p90(max_across_ranks)=0.084        511.2       63.9        251.0       skip  eager; output=bf16_ipc_a2a; runner_preallocated; timing=mega_kernel_only

Mega %globaltimer phase timestamps (per-iteration maximum across benchmark ranks, then p50/p90 across samples; us)
Method                   Phase                                                             p50        p90
dcp_mega_varlen          kernel_start                                                    0.000      0.000
dcp_mega_varlen          q_allgather_done                                                6.048      6.275
dcp_mega_varlen          attention_done                                                 55.008     55.424
dcp_mega_varlen          history_combine_done                                           64.864     65.770
dcp_mega_varlen          publish_done                                                   64.864     65.770
dcp_mega_varlen          receive_done                                                   71.888     73.450
dcp_mega_varlen          final_combine_done                                             75.664     77.158
dcp_mega_varlen          kernel_done                                                    75.920     77.386
dcp_mega_varlen          post_completion/q_done_to_publish_done                         59.072     60.099
dcp_mega_varlen          post_completion/publish_done_to_receive_done                    9.584     11.494
dcp_mega_varlen          post_completion/attention_done_to_history_combine_done         10.944     11.597
dcp_mega_varlen          post_completion/history_combine_done_to_final_combine_done     13.392     15.005
Wrote benchmark JSON to benchmark_logs/experiment_suite/dcp-suite/01_dcp_wave-b-timestamps-20260814-132129/results/arrival_2/dcp_4/critical_wave_auto_lpt/comm_sm_16/case_000040_dcp4_hkv2_eager.json

================================================================================
Mega comm_sm=16, case 42/100: case_000041_dcp4_hkv2: B=24, Sq=[16, 16, 16, 16, 16, 16, 16, 16, 16, 16, 16, 16, 16, 16, 16, 16, 16, 16, 16, 16, 16, 16, 16, 16], Sk=[16440, 1438, 1441, 1458, 15463, 3854, 5136, 2816, 53446, 3428, 1174, 5781, 7859, 2752, 11776, 1712, 13320, 20841, 12705, 2672, 31732, 1038, 2154, 22643], DCP=4, Hkv=2
================================================================================
Config: world_size=8, methods=['dcp_mega_varlen'], QH=32, KVH=2, D=128, TP=8, DCP=4, workload=chunk, execution=eager, baseline_phase_timing=False, warmup=40, iters=60, check=False
Workload: B=24, q_tokens=384, history_tokens=243079, q_seqlens=[16, 16, 16, 16, 16, 16, 16, 16, 16, 16, 16, 16, 16, 16, 16, 16, 16, 16, 16, 16, 16, 16, 16, 16], history_seqlens=[16440, 1438, 1441, 1458, 15463, 3854, 5136, 2816, 53446, 3428, 1174, 5781, 7859, 2752, 11776, 1712, 13320, 20841, 12705, 2672, 31732, 1038, 2154, 22643]
Agg TFLOPS uses useful attention work across all TP ranks and p50(max_across_ranks); Avg/GPU divides it by world_size.
KV GB/s/GPU is average logical BF16 K+V bytes read per TP rank divided by p50(max_across_ranks); it is not hardware-counter HBM traffic.

Running B=24, q_tokens=384, history_tokens=243079, causal=True

B=24, q_tokens=384, history_tokens=243079, QH=32, KVH=2, D=128, TP=8, DCP=4, mode=causal
Method                   Time ms                                                                                                                                     Agg TFLOPS    Avg/GPU  KV GB/s/GPU      Check  Note
dcp_mega_varlen          t0=0.096, t1=0.096, t2=0.095, t3=0.092, t4=0.097, t5=0.096, t6=0.094, t7=0.092 | p50(max_across_ranks)=0.097, p90(max_across_ranks)=0.099        656.4       82.1        322.3       skip  eager; output=bf16_ipc_a2a; runner_preallocated; timing=mega_kernel_only

Mega %globaltimer phase timestamps (per-iteration maximum across benchmark ranks, then p50/p90 across samples; us)
Method                   Phase                                                             p50        p90
dcp_mega_varlen          kernel_start                                                    0.000      0.000
dcp_mega_varlen          q_allgather_done                                                7.776      8.032
dcp_mega_varlen          attention_done                                                 68.480     68.899
dcp_mega_varlen          history_combine_done                                           79.600     80.371
dcp_mega_varlen          publish_done                                                   79.600     80.371
dcp_mega_varlen          receive_done                                                   86.272     87.392
dcp_mega_varlen          final_combine_done                                             90.336     91.818
dcp_mega_varlen          kernel_done                                                    90.672     92.128
dcp_mega_varlen          post_completion/q_done_to_publish_done                         72.512     73.251
dcp_mega_varlen          post_completion/publish_done_to_receive_done                    9.488     10.499
dcp_mega_varlen          post_completion/attention_done_to_history_combine_done         11.760     12.163
dcp_mega_varlen          post_completion/history_combine_done_to_final_combine_done     13.552     14.912
Wrote benchmark JSON to benchmark_logs/experiment_suite/dcp-suite/01_dcp_wave-b-timestamps-20260814-132129/results/arrival_2/dcp_4/critical_wave_auto_lpt/comm_sm_16/case_000041_dcp4_hkv2_eager.json

================================================================================
Mega comm_sm=16, case 43/100: case_000042_dcp4_hkv2: B=23, Sq=[16, 16, 16, 16, 16, 16, 16, 16, 16, 16, 16, 16, 16, 16, 16, 16, 16, 16, 16, 16, 16, 16, 4096], Sk=[3853, 5540, 8233, 4747, 1178, 3041, 30245, 8467, 4212, 6191, 19366, 2760, 5378, 11910, 12303, 5101, 27377, 15764, 918, 7517, 913, 5093, 11264], DCP=4, Hkv=2
================================================================================
Config: world_size=8, methods=['dcp_mega_varlen'], QH=32, KVH=2, D=128, TP=8, DCP=4, workload=chunk, execution=eager, baseline_phase_timing=False, warmup=40, iters=60, check=False
Workload: B=23, q_tokens=4448, history_tokens=201371, q_seqlens=[16, 16, 16, 16, 16, 16, 16, 16, 16, 16, 16, 16, 16, 16, 16, 16, 16, 16, 16, 16, 16, 16, 4096], history_seqlens=[3853, 5540, 8233, 4747, 1178, 3041, 30245, 8467, 4212, 6191, 19366, 2760, 5378, 11910, 12303, 5101, 27377, 15764, 918, 7517, 913, 5093, 11264]
Agg TFLOPS uses useful attention work across all TP ranks and p50(max_across_ranks); Avg/GPU divides it by world_size.
KV GB/s/GPU is average logical BF16 K+V bytes read per TP rank divided by p50(max_across_ranks); it is not hardware-counter HBM traffic.

Running B=23, q_tokens=4448, history_tokens=201371, causal=True

B=23, q_tokens=4448, history_tokens=201371, QH=32, KVH=2, D=128, TP=8, DCP=4, mode=causal
Method                   Time ms                                                                                                                                     Agg TFLOPS    Avg/GPU  KV GB/s/GPU      Check  Note
dcp_mega_varlen          t0=0.330, t1=0.327, t2=0.326, t3=0.325, t4=0.331, t5=0.326, t6=0.328, t7=0.323 | p50(max_across_ranks)=0.332, p90(max_across_ranks)=0.337       2837.5      354.7         84.4       skip  eager; output=bf16_ipc_a2a; runner_preallocated; timing=mega_kernel_only

Mega %globaltimer phase timestamps (per-iteration maximum across benchmark ranks, then p50/p90 across samples; us)
Method                   Phase                                                             p50        p90
dcp_mega_varlen          kernel_start                                                    0.000      0.000
dcp_mega_varlen          q_allgather_done                                               57.856     59.498
dcp_mega_varlen          attention_done                                                214.880    215.430
dcp_mega_varlen          history_combine_done                                          270.080    271.302
dcp_mega_varlen          publish_done                                                  270.080    271.302
dcp_mega_varlen          receive_done                                                  310.704    314.582
dcp_mega_varlen          final_combine_done                                            325.472    329.264
dcp_mega_varlen          kernel_done                                                   325.728    329.587
dcp_mega_varlen          post_completion/q_done_to_publish_done                        217.104    219.021
dcp_mega_varlen          post_completion/publish_done_to_receive_done                   43.456     46.384
dcp_mega_varlen          post_completion/attention_done_to_history_combine_done         56.944     57.798
dcp_mega_varlen          post_completion/history_combine_done_to_final_combine_done     58.224     61.283
Wrote benchmark JSON to benchmark_logs/experiment_suite/dcp-suite/01_dcp_wave-b-timestamps-20260814-132129/results/arrival_2/dcp_4/critical_wave_auto_lpt/comm_sm_16/case_000042_dcp4_hkv2_eager.json

================================================================================
Mega comm_sm=16, case 44/100: case_000043_dcp4_hkv2: B=13, Sq=[16, 16, 16, 16, 16, 16, 16, 16, 16, 16, 16, 16, 16], Sk=[4280, 16750, 4105, 4682, 9790, 17793, 21947, 10583, 4307, 11004, 8821, 4524, 38524], DCP=4, Hkv=2
================================================================================
Config: world_size=8, methods=['dcp_mega_varlen'], QH=32, KVH=2, D=128, TP=8, DCP=4, workload=chunk, execution=eager, baseline_phase_timing=False, warmup=40, iters=60, check=False
Workload: B=13, q_tokens=208, history_tokens=157110, q_seqlens=[16, 16, 16, 16, 16, 16, 16, 16, 16, 16, 16, 16, 16], history_seqlens=[4280, 16750, 4105, 4682, 9790, 17793, 21947, 10583, 4307, 11004, 8821, 4524, 38524]
Agg TFLOPS uses useful attention work across all TP ranks and p50(max_across_ranks); Avg/GPU divides it by world_size.
KV GB/s/GPU is average logical BF16 K+V bytes read per TP rank divided by p50(max_across_ranks); it is not hardware-counter HBM traffic.

Running B=13, q_tokens=208, history_tokens=157110, causal=True

B=13, q_tokens=208, history_tokens=157110, QH=32, KVH=2, D=128, TP=8, DCP=4, mode=causal
Method                   Time ms                                                                                                                                     Agg TFLOPS    Avg/GPU  KV GB/s/GPU      Check  Note
dcp_mega_varlen          t0=0.061, t1=0.060, t2=0.059, t3=0.056, t4=0.061, t5=0.058, t6=0.058, t7=0.056 | p50(max_across_ranks)=0.062, p90(max_across_ranks)=0.063        669.8       83.7        328.5       skip  eager; output=bf16_ipc_a2a; runner_preallocated; timing=mega_kernel_only

Mega %globaltimer phase timestamps (per-iteration maximum across benchmark ranks, then p50/p90 across samples; us)
Method                   Phase                                                             p50        p90
dcp_mega_varlen          kernel_start                                                    0.000      0.000
dcp_mega_varlen          q_allgather_done                                                5.760      5.923
dcp_mega_varlen          attention_done                                                 22.464     22.784
dcp_mega_varlen          history_combine_done                                           43.344     44.294
dcp_mega_varlen          publish_done                                                   43.344     44.294
dcp_mega_varlen          receive_done                                                   50.752     52.074
dcp_mega_varlen          final_combine_done                                             54.800     56.198
dcp_mega_varlen          kernel_done                                                    55.072     56.429
dcp_mega_varlen          post_completion/q_done_to_publish_done                         37.920     38.816
dcp_mega_varlen          post_completion/publish_done_to_receive_done                    8.848     10.669
dcp_mega_varlen          post_completion/attention_done_to_history_combine_done         21.248     22.182
dcp_mega_varlen          post_completion/history_combine_done_to_final_combine_done     12.960     14.662
Wrote benchmark JSON to benchmark_logs/experiment_suite/dcp-suite/01_dcp_wave-b-timestamps-20260814-132129/results/arrival_2/dcp_4/critical_wave_auto_lpt/comm_sm_16/case_000043_dcp4_hkv2_eager.json

================================================================================
Mega comm_sm=16, case 45/100: case_000044_dcp4_hkv2: B=16, Sq=[16, 16, 16, 16, 16, 16, 16, 16, 16, 16, 16, 16, 16, 16, 16, 16], Sk=[21146, 20381, 22266, 3586, 5046, 1624, 27292, 5475, 4951, 27740, 1417, 11388, 2827, 1030, 8277, 15691], DCP=4, Hkv=2
================================================================================
Config: world_size=8, methods=['dcp_mega_varlen'], QH=32, KVH=2, D=128, TP=8, DCP=4, workload=chunk, execution=eager, baseline_phase_timing=False, warmup=40, iters=60, check=False
Workload: B=16, q_tokens=256, history_tokens=180137, q_seqlens=[16, 16, 16, 16, 16, 16, 16, 16, 16, 16, 16, 16, 16, 16, 16, 16], history_seqlens=[21146, 20381, 22266, 3586, 5046, 1624, 27292, 5475, 4951, 27740, 1417, 11388, 2827, 1030, 8277, 15691]
Agg TFLOPS uses useful attention work across all TP ranks and p50(max_across_ranks); Avg/GPU divides it by world_size.
KV GB/s/GPU is average logical BF16 K+V bytes read per TP rank divided by p50(max_across_ranks); it is not hardware-counter HBM traffic.

Running B=16, q_tokens=256, history_tokens=180137, causal=True

B=16, q_tokens=256, history_tokens=180137, QH=32, KVH=2, D=128, TP=8, DCP=4, mode=causal
Method                   Time ms                                                                                                                                     Agg TFLOPS    Avg/GPU  KV GB/s/GPU      Check  Note
dcp_mega_varlen          t0=0.110, t1=0.110, t2=0.109, t3=0.105, t4=0.111, t5=0.109, t6=0.109, t7=0.105 | p50(max_across_ranks)=0.111, p90(max_across_ranks)=0.113        424.2       53.0        208.1       skip  eager; output=bf16_ipc_a2a; runner_preallocated; timing=mega_kernel_only

Mega %globaltimer phase timestamps (per-iteration maximum across benchmark ranks, then p50/p90 across samples; us)
Method                   Phase                                                             p50        p90
dcp_mega_varlen          kernel_start                                                    0.000      0.000
dcp_mega_varlen          q_allgather_done                                                6.144      6.310
dcp_mega_varlen          attention_done                                                 84.480     84.835
dcp_mega_varlen          history_combine_done                                           92.656     93.379
dcp_mega_varlen          publish_done                                                   92.656     93.379
dcp_mega_varlen          receive_done                                                  100.608    102.368
dcp_mega_varlen          final_combine_done                                            104.544    106.179
dcp_mega_varlen          kernel_done                                                   104.816    106.499
dcp_mega_varlen          post_completion/q_done_to_publish_done                         86.816     87.494
dcp_mega_varlen          post_completion/publish_done_to_receive_done                    9.584     11.075
dcp_mega_varlen          post_completion/attention_done_to_history_combine_done          8.880      9.347
dcp_mega_varlen          post_completion/history_combine_done_to_final_combine_done     13.392     14.816
Wrote benchmark JSON to benchmark_logs/experiment_suite/dcp-suite/01_dcp_wave-b-timestamps-20260814-132129/results/arrival_2/dcp_4/critical_wave_auto_lpt/comm_sm_16/case_000044_dcp4_hkv2_eager.json

================================================================================
Mega comm_sm=16, case 46/100: case_000045_dcp4_hkv2: B=7, Sq=[16, 16, 16, 16, 16, 16, 2592], Sk=[21813, 8922, 32264, 8541, 4131, 3315, 8704], DCP=4, Hkv=2
================================================================================
Config: world_size=8, methods=['dcp_mega_varlen'], QH=32, KVH=2, D=128, TP=8, DCP=4, workload=chunk, execution=eager, baseline_phase_timing=False, warmup=40, iters=60, check=False
Workload: B=7, q_tokens=2688, history_tokens=87690, q_seqlens=[16, 16, 16, 16, 16, 16, 2592], history_seqlens=[21813, 8922, 32264, 8541, 4131, 3315, 8704]
Agg TFLOPS uses useful attention work across all TP ranks and p50(max_across_ranks); Avg/GPU divides it by world_size.
KV GB/s/GPU is average logical BF16 K+V bytes read per TP rank divided by p50(max_across_ranks); it is not hardware-counter HBM traffic.

Running B=7, q_tokens=2688, history_tokens=87690, causal=True

B=7, q_tokens=2688, history_tokens=87690, QH=32, KVH=2, D=128, TP=8, DCP=4, mode=causal
Method                   Time ms                                                                                                                                     Agg TFLOPS    Avg/GPU  KV GB/s/GPU      Check  Note
dcp_mega_varlen          t0=0.197, t1=0.196, t2=0.195, t3=0.192, t4=0.197, t5=0.194, t6=0.194, t7=0.190 | p50(max_across_ranks)=0.199, p90(max_across_ranks)=0.201       2241.2      280.2         63.4       skip  eager; output=bf16_ipc_a2a; runner_preallocated; timing=mega_kernel_only

Mega %globaltimer phase timestamps (per-iteration maximum across benchmark ranks, then p50/p90 across samples; us)
Method                   Phase                                                             p50        p90
dcp_mega_varlen          kernel_start                                                    0.000      0.000
dcp_mega_varlen          q_allgather_done                                               35.600     36.630
dcp_mega_varlen          attention_done                                                121.104    121.510
dcp_mega_varlen          history_combine_done                                          151.168    152.410
dcp_mega_varlen          publish_done                                                  151.168    152.410
dcp_mega_varlen          receive_done                                                  183.376    185.363
dcp_mega_varlen          final_combine_done                                            191.664    193.686
dcp_mega_varlen          kernel_done                                                   191.936    194.000
dcp_mega_varlen          post_completion/q_done_to_publish_done                        118.832    120.755
dcp_mega_varlen          post_completion/publish_done_to_receive_done                   35.360     37.827
dcp_mega_varlen          post_completion/attention_done_to_history_combine_done         30.544     31.651
dcp_mega_varlen          post_completion/history_combine_done_to_final_combine_done     43.792     45.670
Wrote benchmark JSON to benchmark_logs/experiment_suite/dcp-suite/01_dcp_wave-b-timestamps-20260814-132129/results/arrival_2/dcp_4/critical_wave_auto_lpt/comm_sm_16/case_000045_dcp4_hkv2_eager.json

================================================================================
Mega comm_sm=16, case 47/100: case_000046_dcp4_hkv2: B=13, Sq=[16, 16, 16, 16, 16, 16, 16, 16, 16, 16, 16, 16, 16], Sk=[4599, 3781, 39274, 8279, 19350, 2298, 6497, 2106, 7421, 1733, 1026, 12851, 1229], DCP=4, Hkv=2
================================================================================
Config: world_size=8, methods=['dcp_mega_varlen'], QH=32, KVH=2, D=128, TP=8, DCP=4, workload=chunk, execution=eager, baseline_phase_timing=False, warmup=40, iters=60, check=False
Workload: B=13, q_tokens=208, history_tokens=110444, q_seqlens=[16, 16, 16, 16, 16, 16, 16, 16, 16, 16, 16, 16, 16], history_seqlens=[4599, 3781, 39274, 8279, 19350, 2298, 6497, 2106, 7421, 1733, 1026, 12851, 1229]
Agg TFLOPS uses useful attention work across all TP ranks and p50(max_across_ranks); Avg/GPU divides it by world_size.
KV GB/s/GPU is average logical BF16 K+V bytes read per TP rank divided by p50(max_across_ranks); it is not hardware-counter HBM traffic.

Running B=13, q_tokens=208, history_tokens=110444, causal=True

B=13, q_tokens=208, history_tokens=110444, QH=32, KVH=2, D=128, TP=8, DCP=4, mode=causal
Method                   Time ms                                                                                                                                     Agg TFLOPS    Avg/GPU  KV GB/s/GPU      Check  Note
dcp_mega_varlen          t0=0.064, t1=0.063, t2=0.064, t3=0.061, t4=0.065, t5=0.062, t6=0.062, t7=0.061 | p50(max_across_ranks)=0.065, p90(max_across_ranks)=0.066        445.7       55.7        219.0       skip  eager; output=bf16_ipc_a2a; runner_preallocated; timing=mega_kernel_only

Mega %globaltimer phase timestamps (per-iteration maximum across benchmark ranks, then p50/p90 across samples; us)
Method                   Phase                                                             p50        p90
dcp_mega_varlen          kernel_start                                                    0.000      0.000
dcp_mega_varlen          q_allgather_done                                                5.792      6.016
dcp_mega_varlen          attention_done                                                 38.160     38.467
dcp_mega_varlen          history_combine_done                                           47.808     48.672
dcp_mega_varlen          publish_done                                                   47.808     48.672
dcp_mega_varlen          receive_done                                                   54.688     55.718
dcp_mega_varlen          final_combine_done                                             58.256     59.338
dcp_mega_varlen          kernel_done                                                    58.496     59.658
dcp_mega_varlen          post_completion/q_done_to_publish_done                         42.560     43.334
dcp_mega_varlen          post_completion/publish_done_to_receive_done                    8.928      9.827
dcp_mega_varlen          post_completion/attention_done_to_history_combine_done          9.936     10.694
dcp_mega_varlen          post_completion/history_combine_done_to_final_combine_done     12.592     13.568
Wrote benchmark JSON to benchmark_logs/experiment_suite/dcp-suite/01_dcp_wave-b-timestamps-20260814-132129/results/arrival_2/dcp_4/critical_wave_auto_lpt/comm_sm_16/case_000046_dcp4_hkv2_eager.json

================================================================================
Mega comm_sm=16, case 48/100: case_000047_dcp4_hkv2: B=16, Sq=[16, 16, 16, 16, 16, 16, 16, 16, 16, 16, 16, 16, 16, 16, 16, 16], Sk=[19525, 2443, 7565, 1882, 1165, 12999, 1016, 993, 3293, 966, 13931, 960, 4521, 28943, 1700, 8892], DCP=4, Hkv=2
================================================================================
Config: world_size=8, methods=['dcp_mega_varlen'], QH=32, KVH=2, D=128, TP=8, DCP=4, workload=chunk, execution=eager, baseline_phase_timing=False, warmup=40, iters=60, check=False
Workload: B=16, q_tokens=256, history_tokens=110794, q_seqlens=[16, 16, 16, 16, 16, 16, 16, 16, 16, 16, 16, 16, 16, 16, 16, 16], history_seqlens=[19525, 2443, 7565, 1882, 1165, 12999, 1016, 993, 3293, 966, 13931, 960, 4521, 28943, 1700, 8892]
Agg TFLOPS uses useful attention work across all TP ranks and p50(max_across_ranks); Avg/GPU divides it by world_size.
KV GB/s/GPU is average logical BF16 K+V bytes read per TP rank divided by p50(max_across_ranks); it is not hardware-counter HBM traffic.

Running B=16, q_tokens=256, history_tokens=110794, causal=True

B=16, q_tokens=256, history_tokens=110794, QH=32, KVH=2, D=128, TP=8, DCP=4, mode=causal
Method                   Time ms                                                                                                                                     Agg TFLOPS    Avg/GPU  KV GB/s/GPU      Check  Note
dcp_mega_varlen          t0=0.077, t1=0.076, t2=0.076, t3=0.074, t4=0.078, t5=0.077, t6=0.077, t7=0.074 | p50(max_across_ranks)=0.078, p90(max_across_ranks)=0.080        370.5       46.3        182.4       skip  eager; output=bf16_ipc_a2a; runner_preallocated; timing=mega_kernel_only

Mega %globaltimer phase timestamps (per-iteration maximum across benchmark ranks, then p50/p90 across samples; us)
Method                   Phase                                                             p50        p90
dcp_mega_varlen          kernel_start                                                    0.000      0.000
dcp_mega_varlen          q_allgather_done                                                6.240      6.528
dcp_mega_varlen          attention_done                                                 51.520     51.875
dcp_mega_varlen          history_combine_done                                           60.928     61.702
dcp_mega_varlen          publish_done                                                   60.928     61.702
dcp_mega_varlen          receive_done                                                   67.696     69.504
dcp_mega_varlen          final_combine_done                                             71.648     73.408
dcp_mega_varlen          kernel_done                                                    71.968     73.731
dcp_mega_varlen          post_completion/q_done_to_publish_done                         54.976     55.808
dcp_mega_varlen          post_completion/publish_done_to_receive_done                    9.616     11.587
dcp_mega_varlen          post_completion/attention_done_to_history_combine_done         10.064     10.854
dcp_mega_varlen          post_completion/history_combine_done_to_final_combine_done     13.536     15.440
Wrote benchmark JSON to benchmark_logs/experiment_suite/dcp-suite/01_dcp_wave-b-timestamps-20260814-132129/results/arrival_2/dcp_4/critical_wave_auto_lpt/comm_sm_16/case_000047_dcp4_hkv2_eager.json

================================================================================
Mega comm_sm=16, case 49/100: case_000048_dcp4_hkv2: B=21, Sq=[16, 16, 16, 16, 16, 16, 16, 16, 16, 16, 16, 16, 16, 16, 16, 16, 16, 16, 16, 16, 4096], Sk=[1522, 1396, 14872, 7253, 109175, 7039, 1333, 5490, 13976, 13830, 37076, 18087, 10450, 3944, 2758, 5609, 8808, 5190, 4476, 15475, 8704], DCP=4, Hkv=2
================================================================================
Config: world_size=8, methods=['dcp_mega_varlen'], QH=32, KVH=2, D=128, TP=8, DCP=4, workload=chunk, execution=eager, baseline_phase_timing=False, warmup=40, iters=60, check=False
Workload: B=21, q_tokens=4416, history_tokens=296463, q_seqlens=[16, 16, 16, 16, 16, 16, 16, 16, 16, 16, 16, 16, 16, 16, 16, 16, 16, 16, 16, 16, 4096], history_seqlens=[1522, 1396, 14872, 7253, 109175, 7039, 1333, 5490, 13976, 13830, 37076, 18087, 10450, 3944, 2758, 5609, 8808, 5190, 4476, 15475, 8704]
Agg TFLOPS uses useful attention work across all TP ranks and p50(max_across_ranks); Avg/GPU divides it by world_size.
KV GB/s/GPU is average logical BF16 K+V bytes read per TP rank divided by p50(max_across_ranks); it is not hardware-counter HBM traffic.

Running B=21, q_tokens=4416, history_tokens=296463, causal=True

B=21, q_tokens=4416, history_tokens=296463, QH=32, KVH=2, D=128, TP=8, DCP=4, mode=causal
Method                   Time ms                                                                                                                                     Agg TFLOPS    Avg/GPU  KV GB/s/GPU      Check  Note
dcp_mega_varlen          t0=0.311, t1=0.312, t2=0.310, t3=0.306, t4=0.312, t5=0.310, t6=0.309, t7=0.305 | p50(max_across_ranks)=0.315, p90(max_across_ranks)=0.318       2528.4      316.0        127.5       skip  eager; output=bf16_ipc_a2a; runner_preallocated; timing=mega_kernel_only

Mega %globaltimer phase timestamps (per-iteration maximum across benchmark ranks, then p50/p90 across samples; us)
Method                   Phase                                                             p50        p90
dcp_mega_varlen          kernel_start                                                    0.000      0.000
dcp_mega_varlen          q_allgather_done                                               54.928     56.582
dcp_mega_varlen          attention_done                                                191.344    192.352
dcp_mega_varlen          history_combine_done                                          245.680    246.656
dcp_mega_varlen          publish_done                                                  245.680    246.656
dcp_mega_varlen          receive_done                                                  292.096    295.539
dcp_mega_varlen          final_combine_done                                            307.696    311.248
dcp_mega_varlen          kernel_done                                                   307.968    311.568
dcp_mega_varlen          post_completion/q_done_to_publish_done                        194.560    196.064
dcp_mega_varlen          post_completion/publish_done_to_receive_done                   48.992     53.261
dcp_mega_varlen          post_completion/attention_done_to_history_combine_done         57.072     58.250
dcp_mega_varlen          post_completion/history_combine_done_to_final_combine_done     65.008     68.227
Wrote benchmark JSON to benchmark_logs/experiment_suite/dcp-suite/01_dcp_wave-b-timestamps-20260814-132129/results/arrival_2/dcp_4/critical_wave_auto_lpt/comm_sm_16/case_000048_dcp4_hkv2_eager.json

================================================================================
Mega comm_sm=16, case 50/100: case_000049_dcp4_hkv2: B=21, Sq=[16, 16, 16, 16, 16, 16, 16, 16, 16, 16, 16, 16, 16, 16, 16, 16, 16, 16, 16, 16, 16], Sk=[12142, 93664, 21271, 22935, 1354, 4020, 30918, 2248, 20019, 4163, 8640, 15867, 12409, 9395, 2097, 12378, 1003, 14139, 2424, 24633, 5913], DCP=4, Hkv=2
================================================================================
Config: world_size=8, methods=['dcp_mega_varlen'], QH=32, KVH=2, D=128, TP=8, DCP=4, workload=chunk, execution=eager, baseline_phase_timing=False, warmup=40, iters=60, check=False
Workload: B=21, q_tokens=336, history_tokens=321632, q_seqlens=[16, 16, 16, 16, 16, 16, 16, 16, 16, 16, 16, 16, 16, 16, 16, 16, 16, 16, 16, 16, 16], history_seqlens=[12142, 93664, 21271, 22935, 1354, 4020, 30918, 2248, 20019, 4163, 8640, 15867, 12409, 9395, 2097, 12378, 1003, 14139, 2424, 24633, 5913]
Agg TFLOPS uses useful attention work across all TP ranks and p50(max_across_ranks); Avg/GPU divides it by world_size.
KV GB/s/GPU is average logical BF16 K+V bytes read per TP rank divided by p50(max_across_ranks); it is not hardware-counter HBM traffic.

Running B=21, q_tokens=336, history_tokens=321632, causal=True

B=21, q_tokens=336, history_tokens=321632, QH=32, KVH=2, D=128, TP=8, DCP=4, mode=causal
Method                   Time ms                                                                                                                                     Agg TFLOPS    Avg/GPU  KV GB/s/GPU      Check  Note
dcp_mega_varlen          t0=0.103, t1=0.103, t2=0.102, t3=0.100, t4=0.104, t5=0.102, t6=0.102, t7=0.099 | p50(max_across_ranks)=0.105, p90(max_across_ranks)=0.106        804.5      100.6        394.2       skip  eager; output=bf16_ipc_a2a; runner_preallocated; timing=mega_kernel_only

Mega %globaltimer phase timestamps (per-iteration maximum across benchmark ranks, then p50/p90 across samples; us)
Method                   Phase                                                             p50        p90
dcp_mega_varlen          kernel_start                                                    0.000      0.000
dcp_mega_varlen          q_allgather_done                                                7.280      7.520
dcp_mega_varlen          attention_done                                                 76.656     77.216
dcp_mega_varlen          history_combine_done                                           86.432     87.050
dcp_mega_varlen          publish_done                                                   86.432     87.050
dcp_mega_varlen          receive_done                                                   93.616     94.880
dcp_mega_varlen          final_combine_done                                             97.968     99.149
dcp_mega_varlen          kernel_done                                                    98.288     99.469
dcp_mega_varlen          post_completion/q_done_to_publish_done                         79.584     79.984
dcp_mega_varlen          post_completion/publish_done_to_receive_done                    9.488     10.989
dcp_mega_varlen          post_completion/attention_done_to_history_combine_done         10.320     11.043
dcp_mega_varlen          post_completion/history_combine_done_to_final_combine_done     13.792     15.306
Wrote benchmark JSON to benchmark_logs/experiment_suite/dcp-suite/01_dcp_wave-b-timestamps-20260814-132129/results/arrival_2/dcp_4/critical_wave_auto_lpt/comm_sm_16/case_000049_dcp4_hkv2_eager.json

================================================================================
Mega comm_sm=16, case 51/100: case_000050_dcp4_hkv2: B=17, Sq=[16, 16, 16, 16, 16, 16, 16, 16, 16, 16, 16, 16, 16, 16, 16, 16, 16], Sk=[21786, 4575, 4039, 3504, 8119, 22247, 8591, 6227, 8212, 40977, 40460, 1318, 10668, 955, 15512, 3861, 5830], DCP=4, Hkv=2
================================================================================
Config: world_size=8, methods=['dcp_mega_varlen'], QH=32, KVH=2, D=128, TP=8, DCP=4, workload=chunk, execution=eager, baseline_phase_timing=False, warmup=40, iters=60, check=False
Workload: B=17, q_tokens=272, history_tokens=206881, q_seqlens=[16, 16, 16, 16, 16, 16, 16, 16, 16, 16, 16, 16, 16, 16, 16, 16, 16], history_seqlens=[21786, 4575, 4039, 3504, 8119, 22247, 8591, 6227, 8212, 40977, 40460, 1318, 10668, 955, 15512, 3861, 5830]
Agg TFLOPS uses useful attention work across all TP ranks and p50(max_across_ranks); Avg/GPU divides it by world_size.
KV GB/s/GPU is average logical BF16 K+V bytes read per TP rank divided by p50(max_across_ranks); it is not hardware-counter HBM traffic.

Running B=17, q_tokens=272, history_tokens=206881, causal=True

B=17, q_tokens=272, history_tokens=206881, QH=32, KVH=2, D=128, TP=8, DCP=4, mode=causal
Method                   Time ms                                                                                                                                     Agg TFLOPS    Avg/GPU  KV GB/s/GPU      Check  Note
dcp_mega_varlen          t0=0.080, t1=0.078, t2=0.078, t3=0.076, t4=0.080, t5=0.078, t6=0.078, t7=0.076 | p50(max_across_ranks)=0.081, p90(max_across_ranks)=0.088        671.8       84.0        329.5       skip  eager; output=bf16_ipc_a2a; runner_preallocated; timing=mega_kernel_only

Mega %globaltimer phase timestamps (per-iteration maximum across benchmark ranks, then p50/p90 across samples; us)
Method                   Phase                                                             p50        p90
dcp_mega_varlen          kernel_start                                                    0.000      0.000
dcp_mega_varlen          q_allgather_done                                                6.560      6.915
dcp_mega_varlen          attention_done                                                 34.592     34.947
dcp_mega_varlen          history_combine_done                                           63.264     64.134
dcp_mega_varlen          publish_done                                                   63.264     64.134
dcp_mega_varlen          receive_done                                                   70.128     76.838
dcp_mega_varlen          final_combine_done                                             74.032     81.216
dcp_mega_varlen          kernel_done                                                    74.272     81.440
dcp_mega_varlen          post_completion/q_done_to_publish_done                         57.088     57.834
dcp_mega_varlen          post_completion/publish_done_to_receive_done                    9.392     14.781
dcp_mega_varlen          post_completion/attention_done_to_history_combine_done         29.248     30.304
dcp_mega_varlen          post_completion/history_combine_done_to_final_combine_done     13.440     19.158
Wrote benchmark JSON to benchmark_logs/experiment_suite/dcp-suite/01_dcp_wave-b-timestamps-20260814-132129/results/arrival_2/dcp_4/critical_wave_auto_lpt/comm_sm_16/case_000050_dcp4_hkv2_eager.json

================================================================================
Mega comm_sm=16, case 52/100: case_000051_dcp4_hkv2: B=22, Sq=[16, 16, 16, 16, 16, 16, 16, 16, 16, 16, 16, 16, 16, 16, 16, 16, 16, 16, 16, 16, 16, 16], Sk=[55209, 2427, 23074, 2049, 16034, 3324, 1978, 11428, 6628, 3226, 10746, 4633, 6763, 18140, 51364, 1327, 29773, 14292, 921, 8212, 4942, 5120], DCP=4, Hkv=2
================================================================================
Config: world_size=8, methods=['dcp_mega_varlen'], QH=32, KVH=2, D=128, TP=8, DCP=4, workload=chunk, execution=eager, baseline_phase_timing=False, warmup=40, iters=60, check=False
Workload: B=22, q_tokens=352, history_tokens=281610, q_seqlens=[16, 16, 16, 16, 16, 16, 16, 16, 16, 16, 16, 16, 16, 16, 16, 16, 16, 16, 16, 16, 16, 16], history_seqlens=[55209, 2427, 23074, 2049, 16034, 3324, 1978, 11428, 6628, 3226, 10746, 4633, 6763, 18140, 51364, 1327, 29773, 14292, 921, 8212, 4942, 5120]
Agg TFLOPS uses useful attention work across all TP ranks and p50(max_across_ranks); Avg/GPU divides it by world_size.
KV GB/s/GPU is average logical BF16 K+V bytes read per TP rank divided by p50(max_across_ranks); it is not hardware-counter HBM traffic.

Running B=22, q_tokens=352, history_tokens=281610, causal=True

B=22, q_tokens=352, history_tokens=281610, QH=32, KVH=2, D=128, TP=8, DCP=4, mode=causal
Method                   Time ms                                                                                                                                     Agg TFLOPS    Avg/GPU  KV GB/s/GPU      Check  Note
dcp_mega_varlen          t0=0.107, t1=0.108, t2=0.107, t3=0.104, t4=0.108, t5=0.107, t6=0.107, t7=0.104 | p50(max_across_ranks)=0.108, p90(max_across_ranks)=0.109        681.1       85.1        334.0       skip  eager; output=bf16_ipc_a2a; runner_preallocated; timing=mega_kernel_only

Mega %globaltimer phase timestamps (per-iteration maximum across benchmark ranks, then p50/p90 across samples; us)
Method                   Phase                                                             p50        p90
dcp_mega_varlen          kernel_start                                                    0.000      0.000
dcp_mega_varlen          q_allgather_done                                                7.504      7.904
dcp_mega_varlen          attention_done                                                 83.008     83.558
dcp_mega_varlen          history_combine_done                                           90.832     91.594
dcp_mega_varlen          publish_done                                                   90.832     91.594
dcp_mega_varlen          receive_done                                                   97.584     98.442
dcp_mega_varlen          final_combine_done                                            101.584    102.477
dcp_mega_varlen          kernel_done                                                   101.824    102.672
dcp_mega_varlen          post_completion/q_done_to_publish_done                         83.600     84.522
dcp_mega_varlen          post_completion/publish_done_to_receive_done                    8.480      9.392
dcp_mega_varlen          post_completion/attention_done_to_history_combine_done          7.792      9.507
dcp_mega_varlen          post_completion/history_combine_done_to_final_combine_done     12.624     13.578
Wrote benchmark JSON to benchmark_logs/experiment_suite/dcp-suite/01_dcp_wave-b-timestamps-20260814-132129/results/arrival_2/dcp_4/critical_wave_auto_lpt/comm_sm_16/case_000051_dcp4_hkv2_eager.json

================================================================================
Mega comm_sm=16, case 53/100: case_000052_dcp4_hkv2: B=23, Sq=[16, 16, 16, 16, 16, 16, 16, 16, 16, 16, 16, 16, 16, 16, 16, 16, 16, 16, 16, 16, 16, 16, 16], Sk=[22848, 1512, 1411, 5192, 22024, 62781, 14891, 54748, 10000, 6262, 19859, 20512, 1191, 14203, 33640, 13231, 8521, 10453, 19737, 982, 7332, 19657, 11113], DCP=4, Hkv=2
================================================================================
Config: world_size=8, methods=['dcp_mega_varlen'], QH=32, KVH=2, D=128, TP=8, DCP=4, workload=chunk, execution=eager, baseline_phase_timing=False, warmup=40, iters=60, check=False
Workload: B=23, q_tokens=368, history_tokens=382100, q_seqlens=[16, 16, 16, 16, 16, 16, 16, 16, 16, 16, 16, 16, 16, 16, 16, 16, 16, 16, 16, 16, 16, 16, 16], history_seqlens=[22848, 1512, 1411, 5192, 22024, 62781, 14891, 54748, 10000, 6262, 19859, 20512, 1191, 14203, 33640, 13231, 8521, 10453, 19737, 982, 7332, 19657, 11113]
Agg TFLOPS uses useful attention work across all TP ranks and p50(max_across_ranks); Avg/GPU divides it by world_size.
KV GB/s/GPU is average logical BF16 K+V bytes read per TP rank divided by p50(max_across_ranks); it is not hardware-counter HBM traffic.

Running B=23, q_tokens=368, history_tokens=382100, causal=True

B=23, q_tokens=368, history_tokens=382100, QH=32, KVH=2, D=128, TP=8, DCP=4, mode=causal
Method                   Time ms                                                                                                                                     Agg TFLOPS    Avg/GPU  KV GB/s/GPU      Check  Note
dcp_mega_varlen          t0=0.105, t1=0.104, t2=0.102, t3=0.100, t4=0.105, t5=0.104, t6=0.102, t7=0.100 | p50(max_across_ranks)=0.106, p90(max_across_ranks)=0.107        949.5      118.7        465.1       skip  eager; output=bf16_ipc_a2a; runner_preallocated; timing=mega_kernel_only

Mega %globaltimer phase timestamps (per-iteration maximum across benchmark ranks, then p50/p90 across samples; us)
Method                   Phase                                                             p50        p90
dcp_mega_varlen          kernel_start                                                    0.000      0.000
dcp_mega_varlen          q_allgather_done                                                7.632      8.000
dcp_mega_varlen          attention_done                                                 73.632     74.048
dcp_mega_varlen          history_combine_done                                           86.720     88.368
dcp_mega_varlen          publish_done                                                   86.720     88.368
dcp_mega_varlen          receive_done                                                   94.416     95.750
dcp_mega_varlen          final_combine_done                                             98.704    100.067
dcp_mega_varlen          kernel_done                                                    98.976    100.387
dcp_mega_varlen          post_completion/q_done_to_publish_done                         79.600     81.043
dcp_mega_varlen          post_completion/publish_done_to_receive_done                    9.680     11.437
dcp_mega_varlen          post_completion/attention_done_to_history_combine_done         13.728     15.107
dcp_mega_varlen          post_completion/history_combine_done_to_final_combine_done     13.744     15.776
Wrote benchmark JSON to benchmark_logs/experiment_suite/dcp-suite/01_dcp_wave-b-timestamps-20260814-132129/results/arrival_2/dcp_4/critical_wave_auto_lpt/comm_sm_16/case_000052_dcp4_hkv2_eager.json

================================================================================
Mega comm_sm=16, case 54/100: case_000053_dcp4_hkv2: B=23, Sq=[16, 16, 16, 16, 16, 16, 16, 16, 16, 16, 16, 16, 16, 16, 16, 16, 16, 16, 16, 16, 16, 16, 16], Sk=[1618, 5301, 22130, 62899, 54872, 6365, 20645, 14324, 33759, 13341, 8644, 10569, 19851, 1112, 7453, 19771, 11233, 33500, 15395, 15551, 10573, 12197, 14024], DCP=4, Hkv=2
================================================================================
Config: world_size=8, methods=['dcp_mega_varlen'], QH=32, KVH=2, D=128, TP=8, DCP=4, workload=chunk, execution=eager, baseline_phase_timing=False, warmup=40, iters=60, check=False
Workload: B=23, q_tokens=368, history_tokens=415127, q_seqlens=[16, 16, 16, 16, 16, 16, 16, 16, 16, 16, 16, 16, 16, 16, 16, 16, 16, 16, 16, 16, 16, 16, 16], history_seqlens=[1618, 5301, 22130, 62899, 54872, 6365, 20645, 14324, 33759, 13341, 8644, 10569, 19851, 1112, 7453, 19771, 11233, 33500, 15395, 15551, 10573, 12197, 14024]
Agg TFLOPS uses useful attention work across all TP ranks and p50(max_across_ranks); Avg/GPU divides it by world_size.
KV GB/s/GPU is average logical BF16 K+V bytes read per TP rank divided by p50(max_across_ranks); it is not hardware-counter HBM traffic.

Running B=23, q_tokens=368, history_tokens=415127, causal=True

B=23, q_tokens=368, history_tokens=415127, QH=32, KVH=2, D=128, TP=8, DCP=4, mode=causal
Method                   Time ms                                                                                                                                     Agg TFLOPS    Avg/GPU  KV GB/s/GPU      Check  Note
dcp_mega_varlen          t0=0.099, t1=0.097, t2=0.097, t3=0.094, t4=0.099, t5=0.097, t6=0.095, t7=0.094 | p50(max_across_ranks)=0.100, p90(max_across_ranks)=0.101       1092.4      136.6        535.0       skip  eager; output=bf16_ipc_a2a; runner_preallocated; timing=mega_kernel_only

Mega %globaltimer phase timestamps (per-iteration maximum across benchmark ranks, then p50/p90 across samples; us)
Method                   Phase                                                             p50        p90
dcp_mega_varlen          kernel_start                                                    0.000      0.000
dcp_mega_varlen          q_allgather_done                                                7.712      8.163
dcp_mega_varlen          attention_done                                                 54.416     55.011
dcp_mega_varlen          history_combine_done                                           81.232     82.198
dcp_mega_varlen          publish_done                                                   81.232     82.198
dcp_mega_varlen          receive_done                                                   88.576     90.000
dcp_mega_varlen          final_combine_done                                             92.848     94.483
dcp_mega_varlen          kernel_done                                                    93.200     94.832
dcp_mega_varlen          post_completion/q_done_to_publish_done                         73.936     74.944
dcp_mega_varlen          post_completion/publish_done_to_receive_done                   10.176     12.109
dcp_mega_varlen          post_completion/attention_done_to_history_combine_done         27.552     28.493
dcp_mega_varlen          post_completion/history_combine_done_to_final_combine_done     14.496     16.189
Wrote benchmark JSON to benchmark_logs/experiment_suite/dcp-suite/01_dcp_wave-b-timestamps-20260814-132129/results/arrival_2/dcp_4/critical_wave_auto_lpt/comm_sm_16/case_000053_dcp4_hkv2_eager.json

================================================================================
Mega comm_sm=16, case 55/100: case_000054_dcp4_hkv2: B=20, Sq=[16, 16, 16, 16, 16, 16, 16, 16, 16, 16, 16, 16, 16, 16, 16, 16, 16, 16, 16, 16], Sk=[2721, 24057, 2526, 23177, 7815, 1232, 9056, 5763, 16386, 1164, 8235, 1053, 9122, 11037, 9087, 979, 27436, 9302, 4308, 13854], DCP=4, Hkv=2
================================================================================
Config: world_size=8, methods=['dcp_mega_varlen'], QH=32, KVH=2, D=128, TP=8, DCP=4, workload=chunk, execution=eager, baseline_phase_timing=False, warmup=40, iters=60, check=False
Workload: B=20, q_tokens=320, history_tokens=188310, q_seqlens=[16, 16, 16, 16, 16, 16, 16, 16, 16, 16, 16, 16, 16, 16, 16, 16, 16, 16, 16, 16], history_seqlens=[2721, 24057, 2526, 23177, 7815, 1232, 9056, 5763, 16386, 1164, 8235, 1053, 9122, 11037, 9087, 979, 27436, 9302, 4308, 13854]
Agg TFLOPS uses useful attention work across all TP ranks and p50(max_across_ranks); Avg/GPU divides it by world_size.
KV GB/s/GPU is average logical BF16 K+V bytes read per TP rank divided by p50(max_across_ranks); it is not hardware-counter HBM traffic.

Running B=20, q_tokens=320, history_tokens=188310, causal=True

B=20, q_tokens=320, history_tokens=188310, QH=32, KVH=2, D=128, TP=8, DCP=4, mode=causal
Method                   Time ms                                                                                                                                     Agg TFLOPS    Avg/GPU  KV GB/s/GPU      Check  Note
dcp_mega_varlen          t0=0.084, t1=0.083, t2=0.083, t3=0.081, t4=0.084, t5=0.082, t6=0.082, t7=0.080 | p50(max_across_ranks)=0.085, p90(max_across_ranks)=0.086        582.7       72.8        286.2       skip  eager; output=bf16_ipc_a2a; runner_preallocated; timing=mega_kernel_only

Mega %globaltimer phase timestamps (per-iteration maximum across benchmark ranks, then p50/p90 across samples; us)
Method                   Phase                                                             p50        p90
dcp_mega_varlen          kernel_start                                                    0.000      0.000
dcp_mega_varlen          q_allgather_done                                                6.912      7.264
dcp_mega_varlen          attention_done                                                 56.480     56.803
dcp_mega_varlen          history_combine_done                                           67.952     68.867
dcp_mega_varlen          publish_done                                                   67.952     68.867
dcp_mega_varlen          receive_done                                                   73.968     75.277
dcp_mega_varlen          final_combine_done                                             77.968     79.414
dcp_mega_varlen          kernel_done                                                    78.208     79.731
dcp_mega_varlen          post_completion/q_done_to_publish_done                         61.344     62.186
dcp_mega_varlen          post_completion/publish_done_to_receive_done                    8.448     10.061
dcp_mega_varlen          post_completion/attention_done_to_history_combine_done         12.416     13.635
dcp_mega_varlen          post_completion/history_combine_done_to_final_combine_done     12.464     14.070
Wrote benchmark JSON to benchmark_logs/experiment_suite/dcp-suite/01_dcp_wave-b-timestamps-20260814-132129/results/arrival_2/dcp_4/critical_wave_auto_lpt/comm_sm_16/case_000054_dcp4_hkv2_eager.json

================================================================================
Mega comm_sm=16, case 56/100: case_000055_dcp4_hkv2: B=19, Sq=[16, 16, 16, 16, 16, 16, 16, 16, 16, 16, 16, 16, 16, 16, 16, 16, 16, 16, 16], Sk=[9523, 9486, 9711, 14322, 4668, 15449, 13533, 1105, 6462, 2659, 3605, 47656, 9243, 9996, 24861, 1220, 6323, 31182, 11766], DCP=4, Hkv=2
================================================================================
Config: world_size=8, methods=['dcp_mega_varlen'], QH=32, KVH=2, D=128, TP=8, DCP=4, workload=chunk, execution=eager, baseline_phase_timing=False, warmup=40, iters=60, check=False
Workload: B=19, q_tokens=304, history_tokens=232770, q_seqlens=[16, 16, 16, 16, 16, 16, 16, 16, 16, 16, 16, 16, 16, 16, 16, 16, 16, 16, 16], history_seqlens=[9523, 9486, 9711, 14322, 4668, 15449, 13533, 1105, 6462, 2659, 3605, 47656, 9243, 9996, 24861, 1220, 6323, 31182, 11766]
Agg TFLOPS uses useful attention work across all TP ranks and p50(max_across_ranks); Avg/GPU divides it by world_size.
KV GB/s/GPU is average logical BF16 K+V bytes read per TP rank divided by p50(max_across_ranks); it is not hardware-counter HBM traffic.

Running B=19, q_tokens=304, history_tokens=232770, causal=True

B=19, q_tokens=304, history_tokens=232770, QH=32, KVH=2, D=128, TP=8, DCP=4, mode=causal
Method                   Time ms                                                                                                                                     Agg TFLOPS    Avg/GPU  KV GB/s/GPU      Check  Note
dcp_mega_varlen          t0=0.085, t1=0.084, t2=0.083, t3=0.081, t4=0.085, t5=0.084, t6=0.083, t7=0.081 | p50(max_across_ranks)=0.086, p90(max_across_ranks)=0.087        710.3       88.8        348.4       skip  eager; output=bf16_ipc_a2a; runner_preallocated; timing=mega_kernel_only

Mega %globaltimer phase timestamps (per-iteration maximum across benchmark ranks, then p50/p90 across samples; us)
Method                   Phase                                                             p50        p90
dcp_mega_varlen          kernel_start                                                    0.000      0.000
dcp_mega_varlen          q_allgather_done                                                6.720      7.014
dcp_mega_varlen          attention_done                                                 56.896     57.126
dcp_mega_varlen          history_combine_done                                           67.664     68.451
dcp_mega_varlen          publish_done                                                   67.664     68.451
dcp_mega_varlen          receive_done                                                   74.928     76.326
dcp_mega_varlen          final_combine_done                                             79.008     80.419
dcp_mega_varlen          kernel_done                                                    79.296     80.742
dcp_mega_varlen          post_completion/q_done_to_publish_done                         61.248     61.987
dcp_mega_varlen          post_completion/publish_done_to_receive_done                    9.520     10.986
dcp_mega_varlen          post_completion/attention_done_to_history_combine_done         11.616     12.576
dcp_mega_varlen          post_completion/history_combine_done_to_final_combine_done     13.648     15.110
Wrote benchmark JSON to benchmark_logs/experiment_suite/dcp-suite/01_dcp_wave-b-timestamps-20260814-132129/results/arrival_2/dcp_4/critical_wave_auto_lpt/comm_sm_16/case_000055_dcp4_hkv2_eager.json

================================================================================
Mega comm_sm=16, case 57/100: case_000056_dcp4_hkv2: B=12, Sq=[16, 16, 16, 16, 16, 16, 16, 16, 16, 16, 16, 16], Sk=[24739, 4488, 11982, 1568, 41410, 6323, 3635, 8058, 997, 1125, 6567, 5026], DCP=4, Hkv=2
================================================================================
Config: world_size=8, methods=['dcp_mega_varlen'], QH=32, KVH=2, D=128, TP=8, DCP=4, workload=chunk, execution=eager, baseline_phase_timing=False, warmup=40, iters=60, check=False
Workload: B=12, q_tokens=192, history_tokens=115918, q_seqlens=[16, 16, 16, 16, 16, 16, 16, 16, 16, 16, 16, 16], history_seqlens=[24739, 4488, 11982, 1568, 41410, 6323, 3635, 8058, 997, 1125, 6567, 5026]
Agg TFLOPS uses useful attention work across all TP ranks and p50(max_across_ranks); Avg/GPU divides it by world_size.
KV GB/s/GPU is average logical BF16 K+V bytes read per TP rank divided by p50(max_across_ranks); it is not hardware-counter HBM traffic.

Running B=12, q_tokens=192, history_tokens=115918, causal=True

B=12, q_tokens=192, history_tokens=115918, QH=32, KVH=2, D=128, TP=8, DCP=4, mode=causal
Method                   Time ms                                                                                                                                     Agg TFLOPS    Avg/GPU  KV GB/s/GPU      Check  Note
dcp_mega_varlen          t0=0.061, t1=0.060, t2=0.059, t3=0.058, t4=0.061, t5=0.059, t6=0.059, t7=0.057 | p50(max_across_ranks)=0.062, p90(max_across_ranks)=0.065        491.9       61.5        241.6       skip  eager; output=bf16_ipc_a2a; runner_preallocated; timing=mega_kernel_only

Mega %globaltimer phase timestamps (per-iteration maximum across benchmark ranks, then p50/p90 across samples; us)
Method                   Phase                                                             p50        p90
dcp_mega_varlen          kernel_start                                                    0.000      0.000
dcp_mega_varlen          q_allgather_done                                                5.376      5.504
dcp_mega_varlen          attention_done                                                 32.720     33.315
dcp_mega_varlen          history_combine_done                                           44.064     44.867
dcp_mega_varlen          publish_done                                                   44.064     44.867
dcp_mega_varlen          receive_done                                                   50.880     53.994
dcp_mega_varlen          final_combine_done                                             54.992     58.064
dcp_mega_varlen          kernel_done                                                    55.296     58.384
dcp_mega_varlen          post_completion/q_done_to_publish_done                         38.864     39.683
dcp_mega_varlen          post_completion/publish_done_to_receive_done                    8.352     10.858
dcp_mega_varlen          post_completion/attention_done_to_history_combine_done         12.176     12.944
dcp_mega_varlen          post_completion/history_combine_done_to_final_combine_done     12.528     14.634
Wrote benchmark JSON to benchmark_logs/experiment_suite/dcp-suite/01_dcp_wave-b-timestamps-20260814-132129/results/arrival_2/dcp_4/critical_wave_auto_lpt/comm_sm_16/case_000056_dcp4_hkv2_eager.json

================================================================================
Mega comm_sm=16, case 58/100: case_000057_dcp4_hkv2: B=13, Sq=[16, 16, 16, 16, 16, 16, 16, 16, 16, 16, 16, 16, 16], Sk=[4550, 12051, 41461, 6389, 3694, 8110, 1066, 6639, 5085, 1738, 20933, 11986, 11142], DCP=4, Hkv=2
================================================================================
Config: world_size=8, methods=['dcp_mega_varlen'], QH=32, KVH=2, D=128, TP=8, DCP=4, workload=chunk, execution=eager, baseline_phase_timing=False, warmup=40, iters=60, check=False
Workload: B=13, q_tokens=208, history_tokens=134844, q_seqlens=[16, 16, 16, 16, 16, 16, 16, 16, 16, 16, 16, 16, 16], history_seqlens=[4550, 12051, 41461, 6389, 3694, 8110, 1066, 6639, 5085, 1738, 20933, 11986, 11142]
Agg TFLOPS uses useful attention work across all TP ranks and p50(max_across_ranks); Avg/GPU divides it by world_size.
KV GB/s/GPU is average logical BF16 K+V bytes read per TP rank divided by p50(max_across_ranks); it is not hardware-counter HBM traffic.

Running B=13, q_tokens=208, history_tokens=134844, causal=True

B=13, q_tokens=208, history_tokens=134844, QH=32, KVH=2, D=128, TP=8, DCP=4, mode=causal
Method                   Time ms                                                                                                                                     Agg TFLOPS    Avg/GPU  KV GB/s/GPU      Check  Note
dcp_mega_varlen          t0=0.072, t1=0.071, t2=0.071, t3=0.069, t4=0.072, t5=0.070, t6=0.070, t7=0.068 | p50(max_across_ranks)=0.073, p90(max_across_ranks)=0.074        484.7       60.6        237.9       skip  eager; output=bf16_ipc_a2a; runner_preallocated; timing=mega_kernel_only

Mega %globaltimer phase timestamps (per-iteration maximum across benchmark ranks, then p50/p90 across samples; us)
Method                   Phase                                                             p50        p90
dcp_mega_varlen          kernel_start                                                    0.000      0.000
dcp_mega_varlen          q_allgather_done                                                5.728      5.891
dcp_mega_varlen          attention_done                                                 43.632     43.843
dcp_mega_varlen          history_combine_done                                           55.072     55.626
dcp_mega_varlen          publish_done                                                   55.072     55.626
dcp_mega_varlen          receive_done                                                   62.224     63.427
dcp_mega_varlen          final_combine_done                                             66.208     67.110
dcp_mega_varlen          kernel_done                                                    66.512     67.402
dcp_mega_varlen          post_completion/q_done_to_publish_done                         49.552     50.314
dcp_mega_varlen          post_completion/publish_done_to_receive_done                    9.152     10.595
dcp_mega_varlen          post_completion/attention_done_to_history_combine_done         11.824     12.544
dcp_mega_varlen          post_completion/history_combine_done_to_final_combine_done     13.056     14.403
Wrote benchmark JSON to benchmark_logs/experiment_suite/dcp-suite/01_dcp_wave-b-timestamps-20260814-132129/results/arrival_2/dcp_4/critical_wave_auto_lpt/comm_sm_16/case_000057_dcp4_hkv2_eager.json

================================================================================
Mega comm_sm=16, case 59/100: case_000058_dcp4_hkv2: B=19, Sq=[16, 16, 16, 16, 16, 16, 16, 16, 16, 16, 16, 16, 16, 16, 16, 16, 16, 16, 4096], Sk=[5161, 1624, 3059, 20879, 1303, 2344, 1357, 2158, 75231, 17931, 5937, 1155, 17785, 5287, 4535, 18149, 3152, 937, 512], DCP=4, Hkv=2
================================================================================
Config: world_size=8, methods=['dcp_mega_varlen'], QH=32, KVH=2, D=128, TP=8, DCP=4, workload=chunk, execution=eager, baseline_phase_timing=False, warmup=40, iters=60, check=False
Workload: B=19, q_tokens=4384, history_tokens=188496, q_seqlens=[16, 16, 16, 16, 16, 16, 16, 16, 16, 16, 16, 16, 16, 16, 16, 16, 16, 16, 4096], history_seqlens=[5161, 1624, 3059, 20879, 1303, 2344, 1357, 2158, 75231, 17931, 5937, 1155, 17785, 5287, 4535, 18149, 3152, 937, 512]
Agg TFLOPS uses useful attention work across all TP ranks and p50(max_across_ranks); Avg/GPU divides it by world_size.
KV GB/s/GPU is average logical BF16 K+V bytes read per TP rank divided by p50(max_across_ranks); it is not hardware-counter HBM traffic.

Running B=19, q_tokens=4384, history_tokens=188496, causal=True

B=19, q_tokens=4384, history_tokens=188496, QH=32, KVH=2, D=128, TP=8, DCP=4, mode=causal
Method                   Time ms                                                                                                                                     Agg TFLOPS    Avg/GPU  KV GB/s/GPU      Check  Note
dcp_mega_varlen          t0=0.207, t1=0.206, t2=0.204, t3=0.203, t4=0.206, t5=0.207, t6=0.204, t7=0.203 | p50(max_across_ranks)=0.209, p90(max_across_ranks)=0.216       1058.4      132.3        126.2       skip  eager; output=bf16_ipc_a2a; runner_preallocated; timing=mega_kernel_only

Mega %globaltimer phase timestamps (per-iteration maximum across benchmark ranks, then p50/p90 across samples; us)
Method                   Phase                                                             p50        p90
dcp_mega_varlen          kernel_start                                                    0.000      0.000
dcp_mega_varlen          q_allgather_done                                               53.888     55.434
dcp_mega_varlen          attention_done                                                129.680    130.086
dcp_mega_varlen          history_combine_done                                          154.128    155.510
dcp_mega_varlen          publish_done                                                  154.128    155.510
dcp_mega_varlen          receive_done                                                  185.792    191.610
dcp_mega_varlen          final_combine_done                                            201.824    208.186
dcp_mega_varlen          kernel_done                                                   202.096    208.419
dcp_mega_varlen          post_completion/q_done_to_publish_done                        102.800    104.266
dcp_mega_varlen          post_completion/publish_done_to_receive_done                   34.880     40.506
dcp_mega_varlen          post_completion/attention_done_to_history_combine_done         25.904     27.075
dcp_mega_varlen          post_completion/history_combine_done_to_final_combine_done     51.184     56.477
Wrote benchmark JSON to benchmark_logs/experiment_suite/dcp-suite/01_dcp_wave-b-timestamps-20260814-132129/results/arrival_2/dcp_4/critical_wave_auto_lpt/comm_sm_16/case_000058_dcp4_hkv2_eager.json

================================================================================
Mega comm_sm=16, case 60/100: case_000059_dcp4_hkv2: B=24, Sq=[16, 16, 16, 16, 16, 16, 16, 16, 16, 16, 16, 16, 16, 16, 16, 16, 16, 16, 16, 16, 16, 16, 16, 16], Sk=[5460, 75540, 1479, 5598, 18472, 3488, 5941, 7727, 6417, 59282, 4970, 1607, 97242, 82502, 18785, 5893, 46103, 6711, 22770, 5251, 20037, 30278, 4401, 2517], DCP=4, Hkv=2
================================================================================
Config: world_size=8, methods=['dcp_mega_varlen'], QH=32, KVH=2, D=128, TP=8, DCP=4, workload=chunk, execution=eager, baseline_phase_timing=False, warmup=40, iters=60, check=False
Workload: B=24, q_tokens=384, history_tokens=538471, q_seqlens=[16, 16, 16, 16, 16, 16, 16, 16, 16, 16, 16, 16, 16, 16, 16, 16, 16, 16, 16, 16, 16, 16, 16, 16], history_seqlens=[5460, 75540, 1479, 5598, 18472, 3488, 5941, 7727, 6417, 59282, 4970, 1607, 97242, 82502, 18785, 5893, 46103, 6711, 22770, 5251, 20037, 30278, 4401, 2517]
Agg TFLOPS uses useful attention work across all TP ranks and p50(max_across_ranks); Avg/GPU divides it by world_size.
KV GB/s/GPU is average logical BF16 K+V bytes read per TP rank divided by p50(max_across_ranks); it is not hardware-counter HBM traffic.

Running B=24, q_tokens=384, history_tokens=538471, causal=True

B=24, q_tokens=384, history_tokens=538471, QH=32, KVH=2, D=128, TP=8, DCP=4, mode=causal
Method                   Time ms                                                                                                                                     Agg TFLOPS    Avg/GPU  KV GB/s/GPU      Check  Note
dcp_mega_varlen          t0=0.103, t1=0.102, t2=0.101, t3=0.099, t4=0.103, t5=0.101, t6=0.100, t7=0.098 | p50(max_across_ranks)=0.104, p90(max_across_ranks)=0.105       1363.7      170.5        667.5       skip  eager; output=bf16_ipc_a2a; runner_preallocated; timing=mega_kernel_only

Mega %globaltimer phase timestamps (per-iteration maximum across benchmark ranks, then p50/p90 across samples; us)
Method                   Phase                                                             p50        p90
dcp_mega_varlen          kernel_start                                                    0.000      0.000
dcp_mega_varlen          q_allgather_done                                                7.856      8.131
dcp_mega_varlen          attention_done                                                 59.136     59.584
dcp_mega_varlen          history_combine_done                                           85.200     86.019
dcp_mega_varlen          publish_done                                                   85.200     86.019
dcp_mega_varlen          receive_done                                                   92.528     93.626
dcp_mega_varlen          final_combine_done                                             96.848     97.958
dcp_mega_varlen          kernel_done                                                    97.088     98.182
dcp_mega_varlen          post_completion/q_done_to_publish_done                         77.824     78.509
dcp_mega_varlen          post_completion/publish_done_to_receive_done                    9.728     11.235
dcp_mega_varlen          post_completion/attention_done_to_history_combine_done         27.136     27.846
dcp_mega_varlen          post_completion/history_combine_done_to_final_combine_done     14.128     15.504
Wrote benchmark JSON to benchmark_logs/experiment_suite/dcp-suite/01_dcp_wave-b-timestamps-20260814-132129/results/arrival_2/dcp_4/critical_wave_auto_lpt/comm_sm_16/case_000059_dcp4_hkv2_eager.json

================================================================================
Mega comm_sm=16, case 61/100: case_000060_dcp4_hkv2: B=29, Sq=[16, 16, 16, 16, 16, 16, 16, 16, 16, 16, 16, 16, 16, 16, 16, 16, 16, 16, 16, 16, 16, 16, 16, 16, 16, 16, 16, 16, 4096], Sk=[8535, 64027, 2320, 14328, 6144, 33249, 6088, 12060, 9259, 6928, 1519, 13244, 15638, 16529, 14240, 16547, 4891, 13383, 10313, 15622, 15091, 1173, 9466, 25711, 10354, 1203, 13559, 9584, 512], DCP=4, Hkv=2
================================================================================
Config: world_size=8, methods=['dcp_mega_varlen'], QH=32, KVH=2, D=128, TP=8, DCP=4, workload=chunk, execution=eager, baseline_phase_timing=False, warmup=40, iters=60, check=False
Workload: B=29, q_tokens=4544, history_tokens=371517, q_seqlens=[16, 16, 16, 16, 16, 16, 16, 16, 16, 16, 16, 16, 16, 16, 16, 16, 16, 16, 16, 16, 16, 16, 16, 16, 16, 16, 16, 16, 4096], history_seqlens=[8535, 64027, 2320, 14328, 6144, 33249, 6088, 12060, 9259, 6928, 1519, 13244, 15638, 16529, 14240, 16547, 4891, 13383, 10313, 15622, 15091, 1173, 9466, 25711, 10354, 1203, 13559, 9584, 512]
Agg TFLOPS uses useful attention work across all TP ranks and p50(max_across_ranks); Avg/GPU divides it by world_size.
KV GB/s/GPU is average logical BF16 K+V bytes read per TP rank divided by p50(max_across_ranks); it is not hardware-counter HBM traffic.

Running B=29, q_tokens=4544, history_tokens=371517, causal=True

B=29, q_tokens=4544, history_tokens=371517, QH=32, KVH=2, D=128, TP=8, DCP=4, mode=causal
Method                   Time ms                                                                                                                                     Agg TFLOPS    Avg/GPU  KV GB/s/GPU      Check  Note
dcp_mega_varlen          t0=0.221, t1=0.218, t2=0.218, t3=0.217, t4=0.222, t5=0.220, t6=0.218, t7=0.216 | p50(max_across_ranks)=0.223, p90(max_across_ranks)=0.242       1204.3      150.5        223.2       skip  eager; output=bf16_ipc_a2a; runner_preallocated; timing=mega_kernel_only

Mega %globaltimer phase timestamps (per-iteration maximum across benchmark ranks, then p50/p90 across samples; us)
Method                   Phase                                                             p50        p90
dcp_mega_varlen          kernel_start                                                    0.000      0.000
dcp_mega_varlen          q_allgather_done                                               56.352     57.472
dcp_mega_varlen          attention_done                                                118.512    119.168
dcp_mega_varlen          history_combine_done                                          158.384    159.328
dcp_mega_varlen          publish_done                                                  158.384    159.328
dcp_mega_varlen          receive_done                                                  200.224    218.522
dcp_mega_varlen          final_combine_done                                            216.432    234.678
dcp_mega_varlen          kernel_done                                                   216.752    234.989
dcp_mega_varlen          post_completion/q_done_to_publish_done                        106.336    107.846
dcp_mega_varlen          post_completion/publish_done_to_receive_done                   44.672     62.160
dcp_mega_varlen          post_completion/attention_done_to_history_combine_done         41.376     42.528
dcp_mega_varlen          post_completion/history_combine_done_to_final_combine_done     60.720     78.317
Wrote benchmark JSON to benchmark_logs/experiment_suite/dcp-suite/01_dcp_wave-b-timestamps-20260814-132129/results/arrival_2/dcp_4/critical_wave_auto_lpt/comm_sm_16/case_000060_dcp4_hkv2_eager.json

================================================================================
Mega comm_sm=16, case 62/100: case_000061_dcp4_hkv2: B=24, Sq=[16, 16, 16, 16, 16, 16, 16, 16, 16, 16, 16, 16, 16, 16, 16, 16, 16, 16, 16, 16, 16, 16, 16, 4096], Sk=[1716, 6899, 2069, 1804, 4063, 1269, 8579, 2572, 1276, 1240, 25645, 18799, 3378, 10190, 3094, 1136, 8898, 1352, 1330, 1833, 1758, 9254, 23808, 8704], DCP=4, Hkv=2
================================================================================
Config: world_size=8, methods=['dcp_mega_varlen'], QH=32, KVH=2, D=128, TP=8, DCP=4, workload=chunk, execution=eager, baseline_phase_timing=False, warmup=40, iters=60, check=False
Workload: B=24, q_tokens=4464, history_tokens=150666, q_seqlens=[16, 16, 16, 16, 16, 16, 16, 16, 16, 16, 16, 16, 16, 16, 16, 16, 16, 16, 16, 16, 16, 16, 16, 4096], history_seqlens=[1716, 6899, 2069, 1804, 4063, 1269, 8579, 2572, 1276, 1240, 25645, 18799, 3378, 10190, 3094, 1136, 8898, 1352, 1330, 1833, 1758, 9254, 23808, 8704]
Agg TFLOPS uses useful attention work across all TP ranks and p50(max_across_ranks); Avg/GPU divides it by world_size.
KV GB/s/GPU is average logical BF16 K+V bytes read per TP rank divided by p50(max_across_ranks); it is not hardware-counter HBM traffic.

Running B=24, q_tokens=4464, history_tokens=150666, causal=True

B=24, q_tokens=4464, history_tokens=150666, QH=32, KVH=2, D=128, TP=8, DCP=4, mode=causal
Method                   Time ms                                                                                                                                     Agg TFLOPS    Avg/GPU  KV GB/s/GPU      Check  Note
dcp_mega_varlen          t0=0.304, t1=0.303, t2=0.304, t3=0.301, t4=0.306, t5=0.305, t6=0.302, t7=0.299 | p50(max_across_ranks)=0.309, p90(max_across_ranks)=0.313       2456.3      307.0         69.8       skip  eager; output=bf16_ipc_a2a; runner_preallocated; timing=mega_kernel_only

Mega %globaltimer phase timestamps (per-iteration maximum across benchmark ranks, then p50/p90 across samples; us)
Method                   Phase                                                             p50        p90
dcp_mega_varlen          kernel_start                                                    0.000      0.000
dcp_mega_varlen          q_allgather_done                                               57.120     58.477
dcp_mega_varlen          attention_done                                                184.288    184.816
dcp_mega_varlen          history_combine_done                                          241.872    243.107
dcp_mega_varlen          publish_done                                                  241.872    243.107
dcp_mega_varlen          receive_done                                                  286.752    289.600
dcp_mega_varlen          final_combine_done                                            301.712    305.414
dcp_mega_varlen          kernel_done                                                   301.952    305.738
dcp_mega_varlen          post_completion/q_done_to_publish_done                        189.888    191.478
dcp_mega_varlen          post_completion/publish_done_to_receive_done                   47.360     51.923
dcp_mega_varlen          post_completion/attention_done_to_history_combine_done         59.232     60.246
dcp_mega_varlen          post_completion/history_combine_done_to_final_combine_done     62.288     67.328
Wrote benchmark JSON to benchmark_logs/experiment_suite/dcp-suite/01_dcp_wave-b-timestamps-20260814-132129/results/arrival_2/dcp_4/critical_wave_auto_lpt/comm_sm_16/case_000061_dcp4_hkv2_eager.json

================================================================================
Mega comm_sm=16, case 63/100: case_000062_dcp4_hkv2: B=23, Sq=[16, 16, 16, 16, 16, 16, 16, 16, 16, 16, 16, 16, 16, 16, 16, 16, 16, 16, 16, 16, 16, 16, 16], Sk=[4744, 2056, 2382, 8119, 2070, 7639, 5264, 16671, 20248, 12186, 59096, 2636, 14273, 5181, 18533, 17737, 1770, 1510, 4660, 2860, 5946, 13874, 6967], DCP=4, Hkv=2
================================================================================
Config: world_size=8, methods=['dcp_mega_varlen'], QH=32, KVH=2, D=128, TP=8, DCP=4, workload=chunk, execution=eager, baseline_phase_timing=False, warmup=40, iters=60, check=False
Workload: B=23, q_tokens=368, history_tokens=236422, q_seqlens=[16, 16, 16, 16, 16, 16, 16, 16, 16, 16, 16, 16, 16, 16, 16, 16, 16, 16, 16, 16, 16, 16, 16], history_seqlens=[4744, 2056, 2382, 8119, 2070, 7639, 5264, 16671, 20248, 12186, 59096, 2636, 14273, 5181, 18533, 17737, 1770, 1510, 4660, 2860, 5946, 13874, 6967]
Agg TFLOPS uses useful attention work across all TP ranks and p50(max_across_ranks); Avg/GPU divides it by world_size.
KV GB/s/GPU is average logical BF16 K+V bytes read per TP rank divided by p50(max_across_ranks); it is not hardware-counter HBM traffic.

Running B=23, q_tokens=368, history_tokens=236422, causal=True

B=23, q_tokens=368, history_tokens=236422, QH=32, KVH=2, D=128, TP=8, DCP=4, mode=causal
Method                   Time ms                                                                                                                                     Agg TFLOPS    Avg/GPU  KV GB/s/GPU      Check  Note
dcp_mega_varlen          t0=0.096, t1=0.095, t2=0.095, t3=0.092, t4=0.096, t5=0.095, t6=0.094, t7=0.092 | p50(max_across_ranks)=0.097, p90(max_across_ranks)=0.098        640.6       80.1        314.5       skip  eager; output=bf16_ipc_a2a; runner_preallocated; timing=mega_kernel_only

Mega %globaltimer phase timestamps (per-iteration maximum across benchmark ranks, then p50/p90 across samples; us)
Method                   Phase                                                             p50        p90
dcp_mega_varlen          kernel_start                                                    0.000      0.000
dcp_mega_varlen          q_allgather_done                                                7.616      7.875
dcp_mega_varlen          attention_done                                                 67.728     68.067
dcp_mega_varlen          history_combine_done                                           78.672     79.616
dcp_mega_varlen          publish_done                                                   78.672     79.616
dcp_mega_varlen          receive_done                                                   85.856     86.922
dcp_mega_varlen          final_combine_done                                             89.968     91.059
dcp_mega_varlen          kernel_done                                                    90.304     91.411
dcp_mega_varlen          post_completion/q_done_to_publish_done                         71.584     72.326
dcp_mega_varlen          post_completion/publish_done_to_receive_done                    9.392     11.078
dcp_mega_varlen          post_completion/attention_done_to_history_combine_done         11.584     12.576
dcp_mega_varlen          post_completion/history_combine_done_to_final_combine_done     13.472     15.155
Wrote benchmark JSON to benchmark_logs/experiment_suite/dcp-suite/01_dcp_wave-b-timestamps-20260814-132129/results/arrival_2/dcp_4/critical_wave_auto_lpt/comm_sm_16/case_000062_dcp4_hkv2_eager.json

================================================================================
Mega comm_sm=16, case 64/100: case_000063_dcp4_hkv2: B=18, Sq=[16, 16, 16, 16, 16, 16, 16, 16, 16, 16, 16, 16, 16, 16, 16, 16, 16, 4096], Sk=[5495, 16911, 59326, 18741, 17971, 1977, 1733, 3090, 6180, 14098, 19000, 37173, 1985, 1003, 32202, 970, 19078, 12800], DCP=4, Hkv=2
================================================================================
Config: world_size=8, methods=['dcp_mega_varlen'], QH=32, KVH=2, D=128, TP=8, DCP=4, workload=chunk, execution=eager, baseline_phase_timing=False, warmup=40, iters=60, check=False
Workload: B=18, q_tokens=4368, history_tokens=269733, q_seqlens=[16, 16, 16, 16, 16, 16, 16, 16, 16, 16, 16, 16, 16, 16, 16, 16, 16, 4096], history_seqlens=[5495, 16911, 59326, 18741, 17971, 1977, 1733, 3090, 6180, 14098, 19000, 37173, 1985, 1003, 32202, 970, 19078, 12800]
Agg TFLOPS uses useful attention work across all TP ranks and p50(max_across_ranks); Avg/GPU divides it by world_size.
KV GB/s/GPU is average logical BF16 K+V bytes read per TP rank divided by p50(max_across_ranks); it is not hardware-counter HBM traffic.

Running B=18, q_tokens=4368, history_tokens=269733, causal=True

B=18, q_tokens=4368, history_tokens=269733, QH=32, KVH=2, D=128, TP=8, DCP=4, mode=causal
Method                   Time ms                                                                                                                                     Agg TFLOPS    Avg/GPU  KV GB/s/GPU      Check  Note
dcp_mega_varlen          t0=0.357, t1=0.355, t2=0.356, t3=0.350, t4=0.355, t5=0.353, t6=0.354, t7=0.350 | p50(max_across_ranks)=0.359, p90(max_across_ranks)=0.364       2964.0      370.5        102.4       skip  eager; output=bf16_ipc_a2a; runner_preallocated; timing=mega_kernel_only

Mega %globaltimer phase timestamps (per-iteration maximum across benchmark ranks, then p50/p90 across samples; us)
Method                   Phase                                                             p50        p90
dcp_mega_varlen          kernel_start                                                    0.000      0.000
dcp_mega_varlen          q_allgather_done                                               57.312     59.107
dcp_mega_varlen          attention_done                                                245.184    245.824
dcp_mega_varlen          history_combine_done                                          298.688    300.336
dcp_mega_varlen          publish_done                                                  298.688    300.336
dcp_mega_varlen          receive_done                                                  336.384    340.742
dcp_mega_varlen          final_combine_done                                            351.584    356.198
dcp_mega_varlen          kernel_done                                                   351.856    356.422
dcp_mega_varlen          post_completion/q_done_to_publish_done                        246.144    248.051
dcp_mega_varlen          post_completion/publish_done_to_receive_done                   44.624     48.995
dcp_mega_varlen          post_completion/attention_done_to_history_combine_done         54.224     56.166
dcp_mega_varlen          post_completion/history_combine_done_to_final_combine_done     59.408     64.387
Wrote benchmark JSON to benchmark_logs/experiment_suite/dcp-suite/01_dcp_wave-b-timestamps-20260814-132129/results/arrival_2/dcp_4/critical_wave_auto_lpt/comm_sm_16/case_000063_dcp4_hkv2_eager.json

================================================================================
Mega comm_sm=16, case 65/100: case_000064_dcp4_hkv2: B=18, Sq=[16, 16, 16, 16, 16, 16, 16, 16, 16, 16, 16, 16, 16, 16, 16, 16, 16, 16], Sk=[47863, 14668, 3744, 6281, 11862, 8403, 19340, 16822, 13831, 2213, 7943, 1069, 25538, 2557, 50335, 9725, 20215, 15705], DCP=4, Hkv=2
================================================================================
Config: world_size=8, methods=['dcp_mega_varlen'], QH=32, KVH=2, D=128, TP=8, DCP=4, workload=chunk, execution=eager, baseline_phase_timing=False, warmup=40, iters=60, check=False
Workload: B=18, q_tokens=288, history_tokens=278114, q_seqlens=[16, 16, 16, 16, 16, 16, 16, 16, 16, 16, 16, 16, 16, 16, 16, 16, 16, 16], history_seqlens=[47863, 14668, 3744, 6281, 11862, 8403, 19340, 16822, 13831, 2213, 7943, 1069, 25538, 2557, 50335, 9725, 20215, 15705]
Agg TFLOPS uses useful attention work across all TP ranks and p50(max_across_ranks); Avg/GPU divides it by world_size.
KV GB/s/GPU is average logical BF16 K+V bytes read per TP rank divided by p50(max_across_ranks); it is not hardware-counter HBM traffic.

Running B=18, q_tokens=288, history_tokens=278114, causal=True

B=18, q_tokens=288, history_tokens=278114, QH=32, KVH=2, D=128, TP=8, DCP=4, mode=causal
Method                   Time ms                                                                                                                                     Agg TFLOPS    Avg/GPU  KV GB/s/GPU      Check  Note
dcp_mega_varlen          t0=0.096, t1=0.095, t2=0.095, t3=0.092, t4=0.097, t5=0.095, t6=0.093, t7=0.092 | p50(max_across_ranks)=0.097, p90(max_across_ranks)=0.098        752.8       94.1        368.9       skip  eager; output=bf16_ipc_a2a; runner_preallocated; timing=mega_kernel_only

Mega %globaltimer phase timestamps (per-iteration maximum across benchmark ranks, then p50/p90 across samples; us)
Method                   Phase                                                             p50        p90
dcp_mega_varlen          kernel_start                                                    0.000      0.000
dcp_mega_varlen          q_allgather_done                                                6.656      6.848
dcp_mega_varlen          attention_done                                                 66.704     67.360
dcp_mega_varlen          history_combine_done                                           78.480     79.392
dcp_mega_varlen          publish_done                                                   78.480     79.392
dcp_mega_varlen          receive_done                                                   85.776     87.139
dcp_mega_varlen          final_combine_done                                             90.064     91.462
dcp_mega_varlen          kernel_done                                                    90.336     91.782
dcp_mega_varlen          post_completion/q_done_to_publish_done                         72.192     72.842
dcp_mega_varlen          post_completion/publish_done_to_receive_done                    8.896     10.586
dcp_mega_varlen          post_completion/attention_done_to_history_combine_done         12.288     12.931
dcp_mega_varlen          post_completion/history_combine_done_to_final_combine_done     13.168     14.659
Wrote benchmark JSON to benchmark_logs/experiment_suite/dcp-suite/01_dcp_wave-b-timestamps-20260814-132129/results/arrival_2/dcp_4/critical_wave_auto_lpt/comm_sm_16/case_000064_dcp4_hkv2_eager.json

================================================================================
Mega comm_sm=16, case 66/100: case_000065_dcp4_hkv2: B=23, Sq=[16, 16, 16, 16, 16, 16, 16, 16, 16, 16, 16, 16, 16, 16, 16, 16, 16, 16, 16, 16, 16, 16, 16], Sk=[20383, 1809, 21283, 18074, 25195, 25453, 12267, 7048, 14795, 1271, 10622, 6867, 1246, 1823, 9352, 5724, 7140, 15334, 50465, 10281, 7628, 917, 2330], DCP=4, Hkv=2
================================================================================
Config: world_size=8, methods=['dcp_mega_varlen'], QH=32, KVH=2, D=128, TP=8, DCP=4, workload=chunk, execution=eager, baseline_phase_timing=False, warmup=40, iters=60, check=False
Workload: B=23, q_tokens=368, history_tokens=277307, q_seqlens=[16, 16, 16, 16, 16, 16, 16, 16, 16, 16, 16, 16, 16, 16, 16, 16, 16, 16, 16, 16, 16, 16, 16], history_seqlens=[20383, 1809, 21283, 18074, 25195, 25453, 12267, 7048, 14795, 1271, 10622, 6867, 1246, 1823, 9352, 5724, 7140, 15334, 50465, 10281, 7628, 917, 2330]
Agg TFLOPS uses useful attention work across all TP ranks and p50(max_across_ranks); Avg/GPU divides it by world_size.
KV GB/s/GPU is average logical BF16 K+V bytes read per TP rank divided by p50(max_across_ranks); it is not hardware-counter HBM traffic.

Running B=23, q_tokens=368, history_tokens=277307, causal=True

B=23, q_tokens=368, history_tokens=277307, QH=32, KVH=2, D=128, TP=8, DCP=4, mode=causal
Method                   Time ms                                                                                                                                     Agg TFLOPS    Avg/GPU  KV GB/s/GPU      Check  Note
dcp_mega_varlen          t0=0.099, t1=0.099, t2=0.099, t3=0.096, t4=0.099, t5=0.098, t6=0.097, t7=0.096 | p50(max_across_ranks)=0.100, p90(max_across_ranks)=0.102        727.2       90.9        356.7       skip  eager; output=bf16_ipc_a2a; runner_preallocated; timing=mega_kernel_only

Mega %globaltimer phase timestamps (per-iteration maximum across benchmark ranks, then p50/p90 across samples; us)
Method                   Phase                                                             p50        p90
dcp_mega_varlen          kernel_start                                                    0.000      0.000
dcp_mega_varlen          q_allgather_done                                                7.888      8.259
dcp_mega_varlen          attention_done                                                 70.240     70.694
dcp_mega_varlen          history_combine_done                                           81.920     82.922
dcp_mega_varlen          publish_done                                                   81.920     82.922
dcp_mega_varlen          receive_done                                                   89.056     90.938
dcp_mega_varlen          final_combine_done                                             93.168     95.088
dcp_mega_varlen          kernel_done                                                    93.456     95.370
dcp_mega_varlen          post_completion/q_done_to_publish_done                         74.544     75.379
dcp_mega_varlen          post_completion/publish_done_to_receive_done                    9.088     11.939
dcp_mega_varlen          post_completion/attention_done_to_history_combine_done         12.384     13.232
dcp_mega_varlen          post_completion/history_combine_done_to_final_combine_done     13.200     16.090
Wrote benchmark JSON to benchmark_logs/experiment_suite/dcp-suite/01_dcp_wave-b-timestamps-20260814-132129/results/arrival_2/dcp_4/critical_wave_auto_lpt/comm_sm_16/case_000065_dcp4_hkv2_eager.json

================================================================================
Mega comm_sm=16, case 67/100: case_000066_dcp4_hkv2: B=15, Sq=[16, 16, 16, 16, 16, 16, 16, 16, 16, 16, 16, 16, 16, 16, 16], Sk=[25696, 10757, 6725, 13549, 11815, 10118, 14625, 10277, 1568, 1415, 4006, 2762, 4186, 3827, 3635], DCP=4, Hkv=2
================================================================================
Config: world_size=8, methods=['dcp_mega_varlen'], QH=32, KVH=2, D=128, TP=8, DCP=4, workload=chunk, execution=eager, baseline_phase_timing=False, warmup=40, iters=60, check=False
Workload: B=15, q_tokens=240, history_tokens=124961, q_seqlens=[16, 16, 16, 16, 16, 16, 16, 16, 16, 16, 16, 16, 16, 16, 16], history_seqlens=[25696, 10757, 6725, 13549, 11815, 10118, 14625, 10277, 1568, 1415, 4006, 2762, 4186, 3827, 3635]
Agg TFLOPS uses useful attention work across all TP ranks and p50(max_across_ranks); Avg/GPU divides it by world_size.
KV GB/s/GPU is average logical BF16 K+V bytes read per TP rank divided by p50(max_across_ranks); it is not hardware-counter HBM traffic.

Running B=15, q_tokens=240, history_tokens=124961, causal=True

B=15, q_tokens=240, history_tokens=124961, QH=32, KVH=2, D=128, TP=8, DCP=4, mode=causal
Method                   Time ms                                                                                                                                     Agg TFLOPS    Avg/GPU  KV GB/s/GPU      Check  Note
dcp_mega_varlen          t0=0.076, t1=0.075, t2=0.076, t3=0.072, t4=0.077, t5=0.075, t6=0.074, t7=0.072 | p50(max_across_ranks)=0.077, p90(max_across_ranks)=0.078        424.1       53.0        208.4       skip  eager; output=bf16_ipc_a2a; runner_preallocated; timing=mega_kernel_only

Mega %globaltimer phase timestamps (per-iteration maximum across benchmark ranks, then p50/p90 across samples; us)
Method                   Phase                                                             p50        p90
dcp_mega_varlen          kernel_start                                                    0.000      0.000
dcp_mega_varlen          q_allgather_done                                                6.080      6.403
dcp_mega_varlen          attention_done                                                 48.608     49.056
dcp_mega_varlen          history_combine_done                                           59.360     60.074
dcp_mega_varlen          publish_done                                                   59.360     60.074
dcp_mega_varlen          receive_done                                                   66.688     67.782
dcp_mega_varlen          final_combine_done                                             70.448     71.629
dcp_mega_varlen          kernel_done                                                    70.736     71.949
dcp_mega_varlen          post_completion/q_done_to_publish_done                         53.616     54.563
dcp_mega_varlen          post_completion/publish_done_to_receive_done                    9.280     11.267
dcp_mega_varlen          post_completion/attention_done_to_history_combine_done         11.264     12.064
dcp_mega_varlen          post_completion/history_combine_done_to_final_combine_done     13.120     14.822
Wrote benchmark JSON to benchmark_logs/experiment_suite/dcp-suite/01_dcp_wave-b-timestamps-20260814-132129/results/arrival_2/dcp_4/critical_wave_auto_lpt/comm_sm_16/case_000066_dcp4_hkv2_eager.json

================================================================================
Mega comm_sm=16, case 68/100: case_000067_dcp4_hkv2: B=12, Sq=[16, 16, 16, 16, 16, 16, 16, 16, 16, 16, 16, 16], Sk=[43431, 13327, 7195, 14713, 2677, 6137, 6428, 11384, 19646, 18302, 7094, 18633], DCP=4, Hkv=2
================================================================================
Config: world_size=8, methods=['dcp_mega_varlen'], QH=32, KVH=2, D=128, TP=8, DCP=4, workload=chunk, execution=eager, baseline_phase_timing=False, warmup=40, iters=60, check=False
Workload: B=12, q_tokens=192, history_tokens=168967, q_seqlens=[16, 16, 16, 16, 16, 16, 16, 16, 16, 16, 16, 16], history_seqlens=[43431, 13327, 7195, 14713, 2677, 6137, 6428, 11384, 19646, 18302, 7094, 18633]
Agg TFLOPS uses useful attention work across all TP ranks and p50(max_across_ranks); Avg/GPU divides it by world_size.
KV GB/s/GPU is average logical BF16 K+V bytes read per TP rank divided by p50(max_across_ranks); it is not hardware-counter HBM traffic.

Running B=12, q_tokens=192, history_tokens=168967, causal=True

B=12, q_tokens=192, history_tokens=168967, QH=32, KVH=2, D=128, TP=8, DCP=4, mode=causal
Method                   Time ms                                                                                                                                     Agg TFLOPS    Avg/GPU  KV GB/s/GPU      Check  Note
dcp_mega_varlen          t0=0.091, t1=0.090, t2=0.089, t3=0.087, t4=0.092, t5=0.090, t6=0.088, t7=0.088 | p50(max_across_ranks)=0.092, p90(max_across_ranks)=0.094        481.6       60.2        236.1       skip  eager; output=bf16_ipc_a2a; runner_preallocated; timing=mega_kernel_only

Mega %globaltimer phase timestamps (per-iteration maximum across benchmark ranks, then p50/p90 across samples; us)
Method                   Phase                                                             p50        p90
dcp_mega_varlen          kernel_start                                                    0.000      0.000
dcp_mega_varlen          q_allgather_done                                                5.600      5.760
dcp_mega_varlen          attention_done                                                 64.208     64.419
dcp_mega_varlen          history_combine_done                                           74.016     74.758
dcp_mega_varlen          publish_done                                                   74.016     74.758
dcp_mega_varlen          receive_done                                                   81.200     82.982
dcp_mega_varlen          final_combine_done                                             85.168     86.947
dcp_mega_varlen          kernel_done                                                    85.456     87.267
dcp_mega_varlen          post_completion/q_done_to_publish_done                         68.832     69.446
dcp_mega_varlen          post_completion/publish_done_to_receive_done                    8.704     10.605
dcp_mega_varlen          post_completion/attention_done_to_history_combine_done         10.240     10.829
dcp_mega_varlen          post_completion/history_combine_done_to_final_combine_done     12.736     14.723
Wrote benchmark JSON to benchmark_logs/experiment_suite/dcp-suite/01_dcp_wave-b-timestamps-20260814-132129/results/arrival_2/dcp_4/critical_wave_auto_lpt/comm_sm_16/case_000067_dcp4_hkv2_eager.json

================================================================================
Mega comm_sm=16, case 69/100: case_000068_dcp4_hkv2: B=15, Sq=[16, 16, 16, 16, 16, 16, 16, 16, 16, 16, 16, 16, 16, 16, 16], Sk=[8427, 4909, 7457, 25467, 6472, 1848, 1286, 20505, 8659, 3234, 1364, 7528, 3574, 5680, 21269], DCP=4, Hkv=2
================================================================================
Config: world_size=8, methods=['dcp_mega_varlen'], QH=32, KVH=2, D=128, TP=8, DCP=4, workload=chunk, execution=eager, baseline_phase_timing=False, warmup=40, iters=60, check=False
Workload: B=15, q_tokens=240, history_tokens=127679, q_seqlens=[16, 16, 16, 16, 16, 16, 16, 16, 16, 16, 16, 16, 16, 16, 16], history_seqlens=[8427, 4909, 7457, 25467, 6472, 1848, 1286, 20505, 8659, 3234, 1364, 7528, 3574, 5680, 21269]
Agg TFLOPS uses useful attention work across all TP ranks and p50(max_across_ranks); Avg/GPU divides it by world_size.
KV GB/s/GPU is average logical BF16 K+V bytes read per TP rank divided by p50(max_across_ranks); it is not hardware-counter HBM traffic.

Running B=15, q_tokens=240, history_tokens=127679, causal=True

B=15, q_tokens=240, history_tokens=127679, QH=32, KVH=2, D=128, TP=8, DCP=4, mode=causal
Method                   Time ms                                                                                                                                     Agg TFLOPS    Avg/GPU  KV GB/s/GPU      Check  Note
dcp_mega_varlen          t0=0.069, t1=0.068, t2=0.068, t3=0.066, t4=0.069, t5=0.067, t6=0.066, t7=0.066 | p50(max_across_ranks)=0.070, p90(max_across_ranks)=0.070        480.6       60.1        236.2       skip  eager; output=bf16_ipc_a2a; runner_preallocated; timing=mega_kernel_only

Mega %globaltimer phase timestamps (per-iteration maximum across benchmark ranks, then p50/p90 across samples; us)
Method                   Phase                                                             p50        p90
dcp_mega_varlen          kernel_start                                                    0.000      0.000
dcp_mega_varlen          q_allgather_done                                                5.872      6.048
dcp_mega_varlen          attention_done                                                 41.744     42.118
dcp_mega_varlen          history_combine_done                                           51.808     52.710
dcp_mega_varlen          publish_done                                                   51.808     52.710
dcp_mega_varlen          receive_done                                                   58.544     59.562
dcp_mega_varlen          final_combine_done                                             62.528     63.555
dcp_mega_varlen          kernel_done                                                    62.800     63.843
dcp_mega_varlen          post_completion/q_done_to_publish_done                         46.160     47.267
dcp_mega_varlen          post_completion/publish_done_to_receive_done                    8.224     10.282
dcp_mega_varlen          post_completion/attention_done_to_history_combine_done         10.896     11.811
dcp_mega_varlen          post_completion/history_combine_done_to_final_combine_done     12.256     14.326
Wrote benchmark JSON to benchmark_logs/experiment_suite/dcp-suite/01_dcp_wave-b-timestamps-20260814-132129/results/arrival_2/dcp_4/critical_wave_auto_lpt/comm_sm_16/case_000068_dcp4_hkv2_eager.json

================================================================================
Mega comm_sm=16, case 70/100: case_000069_dcp4_hkv2: B=12, Sq=[16, 16, 16, 16, 16, 16, 16, 16, 16, 16, 16, 16], Sk=[16960, 1457, 24092, 14010, 2572, 15092, 10519, 6773, 14954, 6289, 11988, 6686], DCP=4, Hkv=2
================================================================================
Config: world_size=8, methods=['dcp_mega_varlen'], QH=32, KVH=2, D=128, TP=8, DCP=4, workload=chunk, execution=eager, baseline_phase_timing=False, warmup=40, iters=60, check=False
Workload: B=12, q_tokens=192, history_tokens=131392, q_seqlens=[16, 16, 16, 16, 16, 16, 16, 16, 16, 16, 16, 16], history_seqlens=[16960, 1457, 24092, 14010, 2572, 15092, 10519, 6773, 14954, 6289, 11988, 6686]
Agg TFLOPS uses useful attention work across all TP ranks and p50(max_across_ranks); Avg/GPU divides it by world_size.
KV GB/s/GPU is average logical BF16 K+V bytes read per TP rank divided by p50(max_across_ranks); it is not hardware-counter HBM traffic.

Running B=12, q_tokens=192, history_tokens=131392, causal=True

B=12, q_tokens=192, history_tokens=131392, QH=32, KVH=2, D=128, TP=8, DCP=4, mode=causal
Method                   Time ms                                                                                                                                     Agg TFLOPS    Avg/GPU  KV GB/s/GPU      Check  Note
dcp_mega_varlen          t0=0.079, t1=0.079, t2=0.078, t3=0.076, t4=0.080, t5=0.078, t6=0.077, t7=0.076 | p50(max_across_ranks)=0.080, p90(max_across_ranks)=0.082        428.2       53.5        210.2       skip  eager; output=bf16_ipc_a2a; runner_preallocated; timing=mega_kernel_only

Mega %globaltimer phase timestamps (per-iteration maximum across benchmark ranks, then p50/p90 across samples; us)
Method                   Phase                                                             p50        p90
dcp_mega_varlen          kernel_start                                                    0.000      0.000
dcp_mega_varlen          q_allgather_done                                                5.664      5.827
dcp_mega_varlen          attention_done                                                 51.984     52.512
dcp_mega_varlen          history_combine_done                                           62.864     63.782
dcp_mega_varlen          publish_done                                                   62.864     63.782
dcp_mega_varlen          receive_done                                                   69.584     71.046
dcp_mega_varlen          final_combine_done                                             73.760     75.018
dcp_mega_varlen          kernel_done                                                    74.048     75.338
dcp_mega_varlen          post_completion/q_done_to_publish_done                         57.552     58.515
dcp_mega_varlen          post_completion/publish_done_to_receive_done                    8.832     10.019
dcp_mega_varlen          post_completion/attention_done_to_history_combine_done         11.296     12.227
dcp_mega_varlen          post_completion/history_combine_done_to_final_combine_done     12.656     13.962
Wrote benchmark JSON to benchmark_logs/experiment_suite/dcp-suite/01_dcp_wave-b-timestamps-20260814-132129/results/arrival_2/dcp_4/critical_wave_auto_lpt/comm_sm_16/case_000069_dcp4_hkv2_eager.json

================================================================================
Mega comm_sm=16, case 71/100: case_000070_dcp4_hkv2: B=23, Sq=[16, 16, 16, 16, 16, 16, 16, 16, 16, 16, 16, 16, 16, 16, 16, 16, 16, 16, 16, 16, 16, 16, 128], Sk=[54496, 18978, 1410, 5462, 8581, 14424, 7919, 1710, 4951, 8874, 4750, 7002, 6021, 32628, 9878, 1411, 4771, 78037, 4929, 6115, 22758, 6141, 4608], DCP=4, Hkv=2
================================================================================
Config: world_size=8, methods=['dcp_mega_varlen'], QH=32, KVH=2, D=128, TP=8, DCP=4, workload=chunk, execution=eager, baseline_phase_timing=False, warmup=40, iters=60, check=False
Workload: B=23, q_tokens=480, history_tokens=315854, q_seqlens=[16, 16, 16, 16, 16, 16, 16, 16, 16, 16, 16, 16, 16, 16, 16, 16, 16, 16, 16, 16, 16, 16, 128], history_seqlens=[54496, 18978, 1410, 5462, 8581, 14424, 7919, 1710, 4951, 8874, 4750, 7002, 6021, 32628, 9878, 1411, 4771, 78037, 4929, 6115, 22758, 6141, 4608]
Agg TFLOPS uses useful attention work across all TP ranks and p50(max_across_ranks); Avg/GPU divides it by world_size.
KV GB/s/GPU is average logical BF16 K+V bytes read per TP rank divided by p50(max_across_ranks); it is not hardware-counter HBM traffic.

Running B=23, q_tokens=480, history_tokens=315854, causal=True

B=23, q_tokens=480, history_tokens=315854, QH=32, KVH=2, D=128, TP=8, DCP=4, mode=causal
Method                   Time ms                                                                                                                                     Agg TFLOPS    Avg/GPU  KV GB/s/GPU      Check  Note
dcp_mega_varlen          t0=0.091, t1=0.089, t2=0.089, t3=0.086, t4=0.091, t5=0.089, t6=0.088, t7=0.087 | p50(max_across_ranks)=0.091, p90(max_across_ranks)=0.093       1000.3      125.0        445.0       skip  eager; output=bf16_ipc_a2a; runner_preallocated; timing=mega_kernel_only

Mega %globaltimer phase timestamps (per-iteration maximum across benchmark ranks, then p50/p90 across samples; us)
Method                   Phase                                                             p50        p90
dcp_mega_varlen          kernel_start                                                    0.000      0.000
dcp_mega_varlen          q_allgather_done                                               11.696     12.230
dcp_mega_varlen          attention_done                                                 46.176     46.723
dcp_mega_varlen          history_combine_done                                           73.136     74.278
dcp_mega_varlen          publish_done                                                   73.136     74.278
dcp_mega_varlen          receive_done                                                   79.872     80.992
dcp_mega_varlen          final_combine_done                                             84.576     85.914
dcp_mega_varlen          kernel_done                                                    84.896     86.234
dcp_mega_varlen          post_completion/q_done_to_publish_done                         62.432     63.747
dcp_mega_varlen          post_completion/publish_done_to_receive_done                    8.640      9.981
dcp_mega_varlen          post_completion/attention_done_to_history_combine_done         27.808     28.835
dcp_mega_varlen          post_completion/history_combine_done_to_final_combine_done     13.344     14.704
Wrote benchmark JSON to benchmark_logs/experiment_suite/dcp-suite/01_dcp_wave-b-timestamps-20260814-132129/results/arrival_2/dcp_4/critical_wave_auto_lpt/comm_sm_16/case_000070_dcp4_hkv2_eager.json

================================================================================
Mega comm_sm=16, case 72/100: case_000071_dcp4_hkv2: B=19, Sq=[16, 16, 16, 16, 16, 16, 16, 16, 16, 16, 16, 16, 16, 16, 16, 16, 16, 16, 16], Sk=[6738, 1319, 18651, 12745, 1920, 18881, 2917, 1183, 11217, 6878, 17894, 6100, 31895, 5301, 12009, 9627, 11243, 6618, 1145], DCP=4, Hkv=2
================================================================================
Config: world_size=8, methods=['dcp_mega_varlen'], QH=32, KVH=2, D=128, TP=8, DCP=4, workload=chunk, execution=eager, baseline_phase_timing=False, warmup=40, iters=60, check=False
Workload: B=19, q_tokens=304, history_tokens=184281, q_seqlens=[16, 16, 16, 16, 16, 16, 16, 16, 16, 16, 16, 16, 16, 16, 16, 16, 16, 16, 16], history_seqlens=[6738, 1319, 18651, 12745, 1920, 18881, 2917, 1183, 11217, 6878, 17894, 6100, 31895, 5301, 12009, 9627, 11243, 6618, 1145]
Agg TFLOPS uses useful attention work across all TP ranks and p50(max_across_ranks); Avg/GPU divides it by world_size.
KV GB/s/GPU is average logical BF16 K+V bytes read per TP rank divided by p50(max_across_ranks); it is not hardware-counter HBM traffic.

Running B=19, q_tokens=304, history_tokens=184281, causal=True

B=19, q_tokens=304, history_tokens=184281, QH=32, KVH=2, D=128, TP=8, DCP=4, mode=causal
Method                   Time ms                                                                                                                                     Agg TFLOPS    Avg/GPU  KV GB/s/GPU      Check  Note
dcp_mega_varlen          t0=0.090, t1=0.089, t2=0.089, t3=0.086, t4=0.091, t5=0.089, t6=0.088, t7=0.087 | p50(max_across_ranks)=0.091, p90(max_across_ranks)=0.093        529.8       66.2        260.2       skip  eager; output=bf16_ipc_a2a; runner_preallocated; timing=mega_kernel_only

Mega %globaltimer phase timestamps (per-iteration maximum across benchmark ranks, then p50/p90 across samples; us)
Method                   Phase                                                             p50        p90
dcp_mega_varlen          kernel_start                                                    0.000      0.000
dcp_mega_varlen          q_allgather_done                                                6.688      6.912
dcp_mega_varlen          attention_done                                                 62.592     62.915
dcp_mega_varlen          history_combine_done                                           73.168     74.627
dcp_mega_varlen          publish_done                                                   73.168     74.627
dcp_mega_varlen          receive_done                                                   80.128     81.760
dcp_mega_varlen          final_combine_done                                             84.336     85.942
dcp_mega_varlen          kernel_done                                                    84.672     86.291
dcp_mega_varlen          post_completion/q_done_to_publish_done                         66.800     67.946
dcp_mega_varlen          post_completion/publish_done_to_receive_done                    9.104     10.838
dcp_mega_varlen          post_completion/attention_done_to_history_combine_done         11.264     12.611
dcp_mega_varlen          post_completion/history_combine_done_to_final_combine_done     13.104     15.203
Wrote benchmark JSON to benchmark_logs/experiment_suite/dcp-suite/01_dcp_wave-b-timestamps-20260814-132129/results/arrival_2/dcp_4/critical_wave_auto_lpt/comm_sm_16/case_000071_dcp4_hkv2_eager.json

================================================================================
Mega comm_sm=16, case 73/100: case_000072_dcp4_hkv2: B=13, Sq=[16, 16, 16, 16, 16, 16, 16, 16, 16, 16, 16, 16, 16], Sk=[1656, 32238, 9964, 6973, 18925, 3230, 4842, 1076, 2413, 1906, 1033, 24767, 1294], DCP=4, Hkv=2
================================================================================
Config: world_size=8, methods=['dcp_mega_varlen'], QH=32, KVH=2, D=128, TP=8, DCP=4, workload=chunk, execution=eager, baseline_phase_timing=False, warmup=40, iters=60, check=False
Workload: B=13, q_tokens=208, history_tokens=110317, q_seqlens=[16, 16, 16, 16, 16, 16, 16, 16, 16, 16, 16, 16, 16], history_seqlens=[1656, 32238, 9964, 6973, 18925, 3230, 4842, 1076, 2413, 1906, 1033, 24767, 1294]
Agg TFLOPS uses useful attention work across all TP ranks and p50(max_across_ranks); Avg/GPU divides it by world_size.
KV GB/s/GPU is average logical BF16 K+V bytes read per TP rank divided by p50(max_across_ranks); it is not hardware-counter HBM traffic.

Running B=13, q_tokens=208, history_tokens=110317, causal=True

B=13, q_tokens=208, history_tokens=110317, QH=32, KVH=2, D=128, TP=8, DCP=4, mode=causal
Method                   Time ms                                                                                                                                     Agg TFLOPS    Avg/GPU  KV GB/s/GPU      Check  Note
dcp_mega_varlen          t0=0.068, t1=0.067, t2=0.068, t3=0.064, t4=0.068, t5=0.066, t6=0.065, t7=0.065 | p50(max_across_ranks)=0.069, p90(max_across_ranks)=0.071        421.0       52.6        206.9       skip  eager; output=bf16_ipc_a2a; runner_preallocated; timing=mega_kernel_only

Mega %globaltimer phase timestamps (per-iteration maximum across benchmark ranks, then p50/p90 across samples; us)
Method                   Phase                                                             p50        p90
dcp_mega_varlen          kernel_start                                                    0.000      0.000
dcp_mega_varlen          q_allgather_done                                                5.472      5.635
dcp_mega_varlen          attention_done                                                 41.472     41.635
dcp_mega_varlen          history_combine_done                                           50.720     51.562
dcp_mega_varlen          publish_done                                                   50.720     51.562
dcp_mega_varlen          receive_done                                                   57.968     59.773
dcp_mega_varlen          final_combine_done                                             61.872     63.542
dcp_mega_varlen          kernel_done                                                    62.128     63.795
dcp_mega_varlen          post_completion/q_done_to_publish_done                         45.328     46.086
dcp_mega_varlen          post_completion/publish_done_to_receive_done                    9.104     10.934
dcp_mega_varlen          post_completion/attention_done_to_history_combine_done         10.032     10.656
dcp_mega_varlen          post_completion/history_combine_done_to_final_combine_done     13.088     14.691
Wrote benchmark JSON to benchmark_logs/experiment_suite/dcp-suite/01_dcp_wave-b-timestamps-20260814-132129/results/arrival_2/dcp_4/critical_wave_auto_lpt/comm_sm_16/case_000072_dcp4_hkv2_eager.json

================================================================================
Mega comm_sm=16, case 74/100: case_000073_dcp4_hkv2: B=16, Sq=[16, 16, 16, 16, 16, 16, 16, 16, 16, 16, 16, 16, 16, 16, 16, 4096], Sk=[1754, 2400, 5136, 3133, 4511, 2365, 3603, 4505, 1776, 23286, 8927, 18009, 8645, 7675, 3326, 29184], DCP=4, Hkv=2
================================================================================
Config: world_size=8, methods=['dcp_mega_varlen'], QH=32, KVH=2, D=128, TP=8, DCP=4, workload=chunk, execution=eager, baseline_phase_timing=False, warmup=40, iters=60, check=False
Workload: B=16, q_tokens=4336, history_tokens=128235, q_seqlens=[16, 16, 16, 16, 16, 16, 16, 16, 16, 16, 16, 16, 16, 16, 16, 4096], history_seqlens=[1754, 2400, 5136, 3133, 4511, 2365, 3603, 4505, 1776, 23286, 8927, 18009, 8645, 7675, 3326, 29184]
Agg TFLOPS uses useful attention work across all TP ranks and p50(max_across_ranks); Avg/GPU divides it by world_size.
KV GB/s/GPU is average logical BF16 K+V bytes read per TP rank divided by p50(max_across_ranks); it is not hardware-counter HBM traffic.

Running B=16, q_tokens=4336, history_tokens=128235, causal=True

B=16, q_tokens=4336, history_tokens=128235, QH=32, KVH=2, D=128, TP=8, DCP=4, mode=causal
Method                   Time ms                                                                                                                                     Agg TFLOPS    Avg/GPU  KV GB/s/GPU      Check  Note
dcp_mega_varlen          t0=0.521, t1=0.525, t2=0.519, t3=0.524, t4=0.520, t5=0.518, t6=0.519, t7=0.518 | p50(max_across_ranks)=0.525, p90(max_across_ranks)=0.527       4040.8      505.1         35.5       skip  eager; output=bf16_ipc_a2a; runner_preallocated; timing=mega_kernel_only

Mega %globaltimer phase timestamps (per-iteration maximum across benchmark ranks, then p50/p90 across samples; us)
Method                   Phase                                                             p50        p90
dcp_mega_varlen          kernel_start                                                    0.000      0.000
dcp_mega_varlen          q_allgather_done                                               57.456     59.331
dcp_mega_varlen          attention_done                                                455.744    456.547
dcp_mega_varlen          history_combine_done                                          485.632    487.014
dcp_mega_varlen          publish_done                                                  485.632    487.014
dcp_mega_varlen          receive_done                                                  499.760    502.461
dcp_mega_varlen          final_combine_done                                            517.744    518.992
dcp_mega_varlen          kernel_done                                                   518.064    519.338
dcp_mega_varlen          post_completion/q_done_to_publish_done                        430.688    432.227
dcp_mega_varlen          post_completion/publish_done_to_receive_done                   25.328     28.605
dcp_mega_varlen          post_completion/attention_done_to_history_combine_done         31.376     32.445
dcp_mega_varlen          post_completion/history_combine_done_to_final_combine_done     40.192     43.683
Wrote benchmark JSON to benchmark_logs/experiment_suite/dcp-suite/01_dcp_wave-b-timestamps-20260814-132129/results/arrival_2/dcp_4/critical_wave_auto_lpt/comm_sm_16/case_000073_dcp4_hkv2_eager.json

================================================================================
Mega comm_sm=16, case 75/100: case_000074_dcp4_hkv2: B=16, Sq=[16, 16, 16, 16, 16, 16, 16, 16, 16, 16, 16, 16, 16, 16, 16, 4096], Sk=[23650, 1827, 2457, 6991, 2079, 19294, 3809, 18426, 15328, 9619, 4166, 33139, 1290, 42721, 8187, 37376], DCP=4, Hkv=2
================================================================================
Config: world_size=8, methods=['dcp_mega_varlen'], QH=32, KVH=2, D=128, TP=8, DCP=4, workload=chunk, execution=eager, baseline_phase_timing=False, warmup=40, iters=60, check=False
Workload: B=16, q_tokens=4336, history_tokens=230359, q_seqlens=[16, 16, 16, 16, 16, 16, 16, 16, 16, 16, 16, 16, 16, 16, 16, 4096], history_seqlens=[23650, 1827, 2457, 6991, 2079, 19294, 3809, 18426, 15328, 9619, 4166, 33139, 1290, 42721, 8187, 37376]
Agg TFLOPS uses useful attention work across all TP ranks and p50(max_across_ranks); Avg/GPU divides it by world_size.
KV GB/s/GPU is average logical BF16 K+V bytes read per TP rank divided by p50(max_across_ranks); it is not hardware-counter HBM traffic.

Running B=16, q_tokens=4336, history_tokens=230359, causal=True

B=16, q_tokens=4336, history_tokens=230359, QH=32, KVH=2, D=128, TP=8, DCP=4, mode=causal
Method                   Time ms                                                                                                                                     Agg TFLOPS    Avg/GPU  KV GB/s/GPU      Check  Note
dcp_mega_varlen          t0=0.643, t1=0.637, t2=0.646, t3=0.634, t4=0.629, t5=0.627, t6=0.624, t7=0.631 | p50(max_across_ranks)=0.646, p90(max_across_ranks)=0.667       4173.8      521.7         49.1       skip  eager; output=bf16_ipc_a2a; runner_preallocated; timing=mega_kernel_only

Mega %globaltimer phase timestamps (per-iteration maximum across benchmark ranks, then p50/p90 across samples; us)
Method                   Phase                                                             p50        p90
dcp_mega_varlen          kernel_start                                                    0.000      0.000
dcp_mega_varlen          q_allgather_done                                               56.384     58.464
dcp_mega_varlen          attention_done                                                580.784    598.979
dcp_mega_varlen          history_combine_done                                          607.840    625.155
dcp_mega_varlen          publish_done                                                  607.840    625.155
dcp_mega_varlen          receive_done                                                  616.784    634.026
dcp_mega_varlen          final_combine_done                                            639.088    659.952
dcp_mega_varlen          kernel_done                                                   639.376    660.272
dcp_mega_varlen          post_completion/q_done_to_publish_done                        552.448    570.634
dcp_mega_varlen          post_completion/publish_done_to_receive_done                   23.776     43.568
dcp_mega_varlen          post_completion/attention_done_to_history_combine_done         28.752     29.584
dcp_mega_varlen          post_completion/history_combine_done_to_final_combine_done     38.576     58.330
Wrote benchmark JSON to benchmark_logs/experiment_suite/dcp-suite/01_dcp_wave-b-timestamps-20260814-132129/results/arrival_2/dcp_4/critical_wave_auto_lpt/comm_sm_16/case_000074_dcp4_hkv2_eager.json

================================================================================
Mega comm_sm=16, case 76/100: case_000075_dcp4_hkv2: B=19, Sq=[16, 16, 16, 16, 16, 16, 16, 16, 16, 16, 16, 16, 16, 16, 16, 16, 16, 16, 672], Sk=[14791, 4808, 9741, 24282, 16013, 1227, 5674, 30087, 3169, 9297, 18368, 16640, 2784, 42861, 17056, 1754, 979, 5514, 1536], DCP=4, Hkv=2
================================================================================
Config: world_size=8, methods=['dcp_mega_varlen'], QH=32, KVH=2, D=128, TP=8, DCP=4, workload=chunk, execution=eager, baseline_phase_timing=False, warmup=40, iters=60, check=False
Workload: B=19, q_tokens=960, history_tokens=226581, q_seqlens=[16, 16, 16, 16, 16, 16, 16, 16, 16, 16, 16, 16, 16, 16, 16, 16, 16, 16, 672], history_seqlens=[14791, 4808, 9741, 24282, 16013, 1227, 5674, 30087, 3169, 9297, 18368, 16640, 2784, 42861, 17056, 1754, 979, 5514, 1536]
Agg TFLOPS uses useful attention work across all TP ranks and p50(max_across_ranks); Avg/GPU divides it by world_size.
KV GB/s/GPU is average logical BF16 K+V bytes read per TP rank divided by p50(max_across_ranks); it is not hardware-counter HBM traffic.

Running B=19, q_tokens=960, history_tokens=226581, causal=True

B=19, q_tokens=960, history_tokens=226581, QH=32, KVH=2, D=128, TP=8, DCP=4, mode=causal
Method                   Time ms                                                                                                                                     Agg TFLOPS    Avg/GPU  KV GB/s/GPU      Check  Note
dcp_mega_varlen          t0=0.104, t1=0.104, t2=0.102, t3=0.100, t4=0.104, t5=0.103, t6=0.101, t7=0.099 | p50(max_across_ranks)=0.106, p90(max_across_ranks)=0.114        755.0       94.4        279.6       skip  eager; output=bf16_ipc_a2a; runner_preallocated; timing=mega_kernel_only

Mega %globaltimer phase timestamps (per-iteration maximum across benchmark ranks, then p50/p90 across samples; us)
Method                   Phase                                                             p50        p90
dcp_mega_varlen          kernel_start                                                    0.000      0.000
dcp_mega_varlen          q_allgather_done                                               16.048     16.387
dcp_mega_varlen          attention_done                                                 57.648     58.147
dcp_mega_varlen          history_combine_done                                           80.256     81.517
dcp_mega_varlen          publish_done                                                   80.256     81.517
dcp_mega_varlen          receive_done                                                   93.712    102.128
dcp_mega_varlen          final_combine_done                                             98.352    106.966
dcp_mega_varlen          kernel_done                                                    98.640    107.315
dcp_mega_varlen          post_completion/q_done_to_publish_done                         65.056     66.115
dcp_mega_varlen          post_completion/publish_done_to_receive_done                   15.504     25.507
dcp_mega_varlen          post_completion/attention_done_to_history_combine_done         23.584     24.384
dcp_mega_varlen          post_completion/history_combine_done_to_final_combine_done     20.160     30.230
Wrote benchmark JSON to benchmark_logs/experiment_suite/dcp-suite/01_dcp_wave-b-timestamps-20260814-132129/results/arrival_2/dcp_4/critical_wave_auto_lpt/comm_sm_16/case_000075_dcp4_hkv2_eager.json

================================================================================
Mega comm_sm=16, case 77/100: case_000076_dcp4_hkv2: B=22, Sq=[16, 16, 16, 16, 16, 16, 16, 16, 16, 16, 16, 16, 16, 16, 16, 16, 16, 16, 16, 16, 16, 4032], Sk=[62170, 17553, 3683, 14787, 11813, 68229, 3858, 1657, 10888, 1164, 5344, 1186, 1203, 2329, 22158, 15255, 4513, 1286, 8350, 15441, 970, 8704], DCP=4, Hkv=2
================================================================================
Config: world_size=8, methods=['dcp_mega_varlen'], QH=32, KVH=2, D=128, TP=8, DCP=4, workload=chunk, execution=eager, baseline_phase_timing=False, warmup=40, iters=60, check=False
Workload: B=22, q_tokens=4368, history_tokens=282541, q_seqlens=[16, 16, 16, 16, 16, 16, 16, 16, 16, 16, 16, 16, 16, 16, 16, 16, 16, 16, 16, 16, 16, 4032], history_seqlens=[62170, 17553, 3683, 14787, 11813, 68229, 3858, 1657, 10888, 1164, 5344, 1186, 1203, 2329, 22158, 15255, 4513, 1286, 8350, 15441, 970, 8704]
Agg TFLOPS uses useful attention work across all TP ranks and p50(max_across_ranks); Avg/GPU divides it by world_size.
KV GB/s/GPU is average logical BF16 K+V bytes read per TP rank divided by p50(max_across_ranks); it is not hardware-counter HBM traffic.

Running B=22, q_tokens=4368, history_tokens=282541, causal=True

B=22, q_tokens=4368, history_tokens=282541, QH=32, KVH=2, D=128, TP=8, DCP=4, mode=causal
Method                   Time ms                                                                                                                                     Agg TFLOPS    Avg/GPU  KV GB/s/GPU      Check  Note
dcp_mega_varlen          t0=0.313, t1=0.311, t2=0.311, t3=0.309, t4=0.313, t5=0.310, t6=0.308, t7=0.306 | p50(max_across_ranks)=0.315, p90(max_across_ranks)=0.320       2473.5      309.2        121.8       skip  eager; output=bf16_ipc_a2a; runner_preallocated; timing=mega_kernel_only

Mega %globaltimer phase timestamps (per-iteration maximum across benchmark ranks, then p50/p90 across samples; us)
Method                   Phase                                                             p50        p90
dcp_mega_varlen          kernel_start                                                    0.000      0.000
dcp_mega_varlen          q_allgather_done                                               56.528     58.208
dcp_mega_varlen          attention_done                                                212.032    212.547
dcp_mega_varlen          history_combine_done                                          247.056    248.435
dcp_mega_varlen          publish_done                                                  247.056    248.435
dcp_mega_varlen          receive_done                                                  292.624    297.690
dcp_mega_varlen          final_combine_done                                            308.224    313.181
dcp_mega_varlen          kernel_done                                                   308.576    313.504
dcp_mega_varlen          post_completion/q_done_to_publish_done                        194.752    196.518
dcp_mega_varlen          post_completion/publish_done_to_receive_done                   49.408     54.749
dcp_mega_varlen          post_completion/attention_done_to_history_combine_done         36.928     37.642
dcp_mega_varlen          post_completion/history_combine_done_to_final_combine_done     65.200     69.894
Wrote benchmark JSON to benchmark_logs/experiment_suite/dcp-suite/01_dcp_wave-b-timestamps-20260814-132129/results/arrival_2/dcp_4/critical_wave_auto_lpt/comm_sm_16/case_000076_dcp4_hkv2_eager.json

================================================================================
Mega comm_sm=16, case 78/100: case_000077_dcp4_hkv2: B=15, Sq=[16, 16, 16, 16, 16, 16, 16, 16, 16, 16, 16, 16, 16, 16, 16], Sk=[109581, 3966, 7594, 1999, 4548, 1482, 2543, 19913, 20781, 2511, 1101, 5854, 1041, 2087, 14273], DCP=4, Hkv=2
================================================================================
Config: world_size=8, methods=['dcp_mega_varlen'], QH=32, KVH=2, D=128, TP=8, DCP=4, workload=chunk, execution=eager, baseline_phase_timing=False, warmup=40, iters=60, check=False
Workload: B=15, q_tokens=240, history_tokens=199274, q_seqlens=[16, 16, 16, 16, 16, 16, 16, 16, 16, 16, 16, 16, 16, 16, 16], history_seqlens=[109581, 3966, 7594, 1999, 4548, 1482, 2543, 19913, 20781, 2511, 1101, 5854, 1041, 2087, 14273]
Agg TFLOPS uses useful attention work across all TP ranks and p50(max_across_ranks); Avg/GPU divides it by world_size.
KV GB/s/GPU is average logical BF16 K+V bytes read per TP rank divided by p50(max_across_ranks); it is not hardware-counter HBM traffic.

Running B=15, q_tokens=240, history_tokens=199274, causal=True

B=15, q_tokens=240, history_tokens=199274, QH=32, KVH=2, D=128, TP=8, DCP=4, mode=causal
Method                   Time ms                                                                                                                                     Agg TFLOPS    Avg/GPU  KV GB/s/GPU      Check  Note
dcp_mega_varlen          t0=0.074, t1=0.073, t2=0.072, t3=0.070, t4=0.075, t5=0.073, t6=0.072, t7=0.070 | p50(max_across_ranks)=0.075, p90(max_across_ranks)=0.077        694.7       86.8        340.6       skip  eager; output=bf16_ipc_a2a; runner_preallocated; timing=mega_kernel_only

Mega %globaltimer phase timestamps (per-iteration maximum across benchmark ranks, then p50/p90 across samples; us)
Method                   Phase                                                             p50        p90
dcp_mega_varlen          kernel_start                                                    0.000      0.000
dcp_mega_varlen          q_allgather_done                                                6.272      6.627
dcp_mega_varlen          attention_done                                                 42.032     42.336
dcp_mega_varlen          history_combine_done                                           57.248     58.179
dcp_mega_varlen          publish_done                                                   57.248     58.179
dcp_mega_varlen          receive_done                                                   64.080     65.536
dcp_mega_varlen          final_combine_done                                             68.272     69.523
dcp_mega_varlen          kernel_done                                                    68.528     69.834
dcp_mega_varlen          post_completion/q_done_to_publish_done                         51.408     52.480
dcp_mega_varlen          post_completion/publish_done_to_receive_done                    8.672     10.736
dcp_mega_varlen          post_completion/attention_done_to_history_combine_done         16.000     17.254
dcp_mega_varlen          post_completion/history_combine_done_to_final_combine_done     12.816     14.874
Wrote benchmark JSON to benchmark_logs/experiment_suite/dcp-suite/01_dcp_wave-b-timestamps-20260814-132129/results/arrival_2/dcp_4/critical_wave_auto_lpt/comm_sm_16/case_000077_dcp4_hkv2_eager.json

================================================================================
Mega comm_sm=16, case 79/100: case_000078_dcp4_hkv2: B=21, Sq=[16, 16, 16, 16, 16, 16, 16, 16, 16, 16, 16, 16, 16, 16, 16, 16, 16, 16, 16, 16, 4096], Sk=[3007, 2175, 4505, 3098, 1290, 9030, 1924, 19654, 7779, 2477, 12867, 1060, 18624, 4004, 1012, 10201, 11674, 18939, 35885, 52400, 20992], DCP=4, Hkv=2
================================================================================
Config: world_size=8, methods=['dcp_mega_varlen'], QH=32, KVH=2, D=128, TP=8, DCP=4, workload=chunk, execution=eager, baseline_phase_timing=False, warmup=40, iters=60, check=False
Workload: B=21, q_tokens=4416, history_tokens=242597, q_seqlens=[16, 16, 16, 16, 16, 16, 16, 16, 16, 16, 16, 16, 16, 16, 16, 16, 16, 16, 16, 16, 4096], history_seqlens=[3007, 2175, 4505, 3098, 1290, 9030, 1924, 19654, 7779, 2477, 12867, 1060, 18624, 4004, 1012, 10201, 11674, 18939, 35885, 52400, 20992]
Agg TFLOPS uses useful attention work across all TP ranks and p50(max_across_ranks); Avg/GPU divides it by world_size.
KV GB/s/GPU is average logical BF16 K+V bytes read per TP rank divided by p50(max_across_ranks); it is not hardware-counter HBM traffic.

Running B=21, q_tokens=4416, history_tokens=242597, causal=True

B=21, q_tokens=4416, history_tokens=242597, QH=32, KVH=2, D=128, TP=8, DCP=4, mode=causal
Method                   Time ms                                                                                                                                     Agg TFLOPS    Avg/GPU  KV GB/s/GPU      Check  Note
dcp_mega_varlen          t0=0.436, t1=0.434, t2=0.435, t3=0.436, t4=0.434, t5=0.432, t6=0.432, t7=0.430 | p50(max_across_ranks)=0.437, p90(max_across_ranks)=0.439       3669.6      458.7         76.2       skip  eager; output=bf16_ipc_a2a; runner_preallocated; timing=mega_kernel_only

Mega %globaltimer phase timestamps (per-iteration maximum across benchmark ranks, then p50/p90 across samples; us)
Method                   Phase                                                             p50        p90
dcp_mega_varlen          kernel_start                                                    0.000      0.000
dcp_mega_varlen          q_allgather_done                                               57.520     59.277
dcp_mega_varlen          attention_done                                                344.416    345.222
dcp_mega_varlen          history_combine_done                                          382.064    383.104
dcp_mega_varlen          publish_done                                                  382.064    383.104
dcp_mega_varlen          receive_done                                                  414.656    417.014
dcp_mega_varlen          final_combine_done                                            429.840    431.725
dcp_mega_varlen          kernel_done                                                   430.160    432.035
dcp_mega_varlen          post_completion/q_done_to_publish_done                        328.304    329.936
dcp_mega_varlen          post_completion/publish_done_to_receive_done                   40.736     43.872
dcp_mega_varlen          post_completion/attention_done_to_history_combine_done         39.072     40.672
dcp_mega_varlen          post_completion/history_combine_done_to_final_combine_done     55.872     59.155
Wrote benchmark JSON to benchmark_logs/experiment_suite/dcp-suite/01_dcp_wave-b-timestamps-20260814-132129/results/arrival_2/dcp_4/critical_wave_auto_lpt/comm_sm_16/case_000078_dcp4_hkv2_eager.json

================================================================================
Mega comm_sm=16, case 80/100: case_000079_dcp4_hkv2: B=25, Sq=[16, 16, 16, 16, 16, 16, 16, 16, 16, 16, 16, 16, 16, 16, 16, 16, 16, 16, 16, 16, 16, 16, 16, 16, 16], Sk=[2452, 9370, 53409, 4459, 1523, 1499, 13026, 25563, 22559, 7294, 4633, 27596, 2923, 7373, 10329, 5432, 1103, 7076, 13702, 2352, 2866, 1068, 7733, 61826, 15488], DCP=4, Hkv=2
================================================================================
Config: world_size=8, methods=['dcp_mega_varlen'], QH=32, KVH=2, D=128, TP=8, DCP=4, workload=chunk, execution=eager, baseline_phase_timing=False, warmup=40, iters=60, check=False
Workload: B=25, q_tokens=400, history_tokens=312654, q_seqlens=[16, 16, 16, 16, 16, 16, 16, 16, 16, 16, 16, 16, 16, 16, 16, 16, 16, 16, 16, 16, 16, 16, 16, 16, 16], history_seqlens=[2452, 9370, 53409, 4459, 1523, 1499, 13026, 25563, 22559, 7294, 4633, 27596, 2923, 7373, 10329, 5432, 1103, 7076, 13702, 2352, 2866, 1068, 7733, 61826, 15488]
Agg TFLOPS uses useful attention work across all TP ranks and p50(max_across_ranks); Avg/GPU divides it by world_size.
KV GB/s/GPU is average logical BF16 K+V bytes read per TP rank divided by p50(max_across_ranks); it is not hardware-counter HBM traffic.

Running B=25, q_tokens=400, history_tokens=312654, causal=True

B=25, q_tokens=400, history_tokens=312654, QH=32, KVH=2, D=128, TP=8, DCP=4, mode=causal
Method                   Time ms                                                                                                                                     Agg TFLOPS    Avg/GPU  KV GB/s/GPU      Check  Note
dcp_mega_varlen          t0=0.092, t1=0.090, t2=0.090, t3=0.087, t4=0.091, t5=0.090, t6=0.088, t7=0.087 | p50(max_across_ranks)=0.092, p90(max_across_ranks)=0.094        888.1      111.0        435.6       skip  eager; output=bf16_ipc_a2a; runner_preallocated; timing=mega_kernel_only

Mega %globaltimer phase timestamps (per-iteration maximum across benchmark ranks, then p50/p90 across samples; us)
Method                   Phase                                                             p50        p90
dcp_mega_varlen          kernel_start                                                    0.000      0.000
dcp_mega_varlen          q_allgather_done                                               10.736     11.232
dcp_mega_varlen          attention_done                                                 46.128     46.560
dcp_mega_varlen          history_combine_done                                           73.888     74.771
dcp_mega_varlen          publish_done                                                   73.888     74.771
dcp_mega_varlen          receive_done                                                   81.376     82.688
dcp_mega_varlen          final_combine_done                                             85.664     86.794
dcp_mega_varlen          kernel_done                                                    85.984     87.133
dcp_mega_varlen          post_completion/q_done_to_publish_done                         63.952     64.832
dcp_mega_varlen          post_completion/publish_done_to_receive_done                    9.216     10.717
dcp_mega_varlen          post_completion/attention_done_to_history_combine_done         29.344     30.243
dcp_mega_varlen          post_completion/history_combine_done_to_final_combine_done     13.504     14.970
Wrote benchmark JSON to benchmark_logs/experiment_suite/dcp-suite/01_dcp_wave-b-timestamps-20260814-132129/results/arrival_2/dcp_4/critical_wave_auto_lpt/comm_sm_16/case_000079_dcp4_hkv2_eager.json

================================================================================
Mega comm_sm=16, case 81/100: case_000080_dcp4_hkv2: B=17, Sq=[16, 16, 16, 16, 16, 16, 16, 16, 16, 16, 16, 16, 16, 16, 16, 16, 16], Sk=[16558, 7109, 15826, 7244, 5342, 11002, 1087, 1209, 18977, 15676, 14395, 2177, 5571, 4287, 56495, 1533, 4131], DCP=4, Hkv=2
================================================================================
Config: world_size=8, methods=['dcp_mega_varlen'], QH=32, KVH=2, D=128, TP=8, DCP=4, workload=chunk, execution=eager, baseline_phase_timing=False, warmup=40, iters=60, check=False
Workload: B=17, q_tokens=272, history_tokens=188619, q_seqlens=[16, 16, 16, 16, 16, 16, 16, 16, 16, 16, 16, 16, 16, 16, 16, 16, 16], history_seqlens=[16558, 7109, 15826, 7244, 5342, 11002, 1087, 1209, 18977, 15676, 14395, 2177, 5571, 4287, 56495, 1533, 4131]
Agg TFLOPS uses useful attention work across all TP ranks and p50(max_across_ranks); Avg/GPU divides it by world_size.
KV GB/s/GPU is average logical BF16 K+V bytes read per TP rank divided by p50(max_across_ranks); it is not hardware-counter HBM traffic.

Running B=17, q_tokens=272, history_tokens=188619, causal=True

B=17, q_tokens=272, history_tokens=188619, QH=32, KVH=2, D=128, TP=8, DCP=4, mode=causal
Method                   Time ms                                                                                                                                     Agg TFLOPS    Avg/GPU  KV GB/s/GPU      Check  Note
dcp_mega_varlen          t0=0.085, t1=0.084, t2=0.084, t3=0.082, t4=0.086, t5=0.084, t6=0.084, t7=0.082 | p50(max_across_ranks)=0.086, p90(max_across_ranks)=0.088        574.3       71.8        281.8       skip  eager; output=bf16_ipc_a2a; runner_preallocated; timing=mega_kernel_only

Mega %globaltimer phase timestamps (per-iteration maximum across benchmark ranks, then p50/p90 across samples; us)
Method                   Phase                                                             p50        p90
dcp_mega_varlen          kernel_start                                                    0.000      0.000
dcp_mega_varlen          q_allgather_done                                                6.304      6.496
dcp_mega_varlen          attention_done                                                 57.072     57.254
dcp_mega_varlen          history_combine_done                                           68.080     68.803
dcp_mega_varlen          publish_done                                                   68.080     68.803
dcp_mega_varlen          receive_done                                                   75.392     76.816
dcp_mega_varlen          final_combine_done                                             79.456     80.941
dcp_mega_varlen          kernel_done                                                    79.776     81.203
dcp_mega_varlen          post_completion/q_done_to_publish_done                         62.000     62.960
dcp_mega_varlen          post_completion/publish_done_to_receive_done                    9.392     11.603
dcp_mega_varlen          post_completion/attention_done_to_history_combine_done         11.392     12.198
dcp_mega_varlen          post_completion/history_combine_done_to_final_combine_done     13.392     15.754
Wrote benchmark JSON to benchmark_logs/experiment_suite/dcp-suite/01_dcp_wave-b-timestamps-20260814-132129/results/arrival_2/dcp_4/critical_wave_auto_lpt/comm_sm_16/case_000080_dcp4_hkv2_eager.json

================================================================================
Mega comm_sm=16, case 82/100: case_000081_dcp4_hkv2: B=14, Sq=[16, 16, 16, 16, 16, 16, 16, 16, 16, 16, 16, 16, 16, 4096], Sk=[51646, 6109, 1962, 4983, 27175, 3872, 8073, 19526, 1026, 1036, 1014, 3252, 42080, 78336], DCP=4, Hkv=2
================================================================================
Config: world_size=8, methods=['dcp_mega_varlen'], QH=32, KVH=2, D=128, TP=8, DCP=4, workload=chunk, execution=eager, baseline_phase_timing=False, warmup=40, iters=60, check=False
Workload: B=14, q_tokens=4304, history_tokens=250090, q_seqlens=[16, 16, 16, 16, 16, 16, 16, 16, 16, 16, 16, 16, 16, 4096], history_seqlens=[51646, 6109, 1962, 4983, 27175, 3872, 8073, 19526, 1026, 1036, 1014, 3252, 42080, 78336]
Agg TFLOPS uses useful attention work across all TP ranks and p50(max_across_ranks); Avg/GPU divides it by world_size.
KV GB/s/GPU is average logical BF16 K+V bytes read per TP rank divided by p50(max_across_ranks); it is not hardware-counter HBM traffic.

Running B=14, q_tokens=4304, history_tokens=250090, causal=True

B=14, q_tokens=4304, history_tokens=250090, QH=32, KVH=2, D=128, TP=8, DCP=4, mode=causal
Method                   Time ms                                                                                                                                     Agg TFLOPS    Avg/GPU  KV GB/s/GPU      Check  Note
dcp_mega_varlen          t0=1.218, t1=1.221, t2=1.214, t3=1.216, t4=1.209, t5=1.203, t6=1.201, t7=1.202 | p50(max_across_ranks)=1.229, p90(max_across_ranks)=1.248       4425.7      553.2         27.8       skip  eager; output=bf16_ipc_a2a; runner_preallocated; timing=mega_kernel_only

Mega %globaltimer phase timestamps (per-iteration maximum across benchmark ranks, then p50/p90 across samples; us)
Method                   Phase                                                             p50        p90
dcp_mega_varlen          kernel_start                                                    0.000      0.000
dcp_mega_varlen          q_allgather_done                                               57.776     59.968
dcp_mega_varlen          attention_done                                               1158.992   1185.251
dcp_mega_varlen          history_combine_done                                         1185.248   1212.816
dcp_mega_varlen          publish_done                                                 1185.248   1212.816
dcp_mega_varlen          receive_done                                                 1202.528   1223.510
dcp_mega_varlen          final_combine_done                                           1222.096   1240.205
dcp_mega_varlen          kernel_done                                                  1222.384   1240.461
dcp_mega_varlen          post_completion/q_done_to_publish_done                       1131.744   1160.118
dcp_mega_varlen          post_completion/publish_done_to_receive_done                   65.808     95.443
dcp_mega_varlen          post_completion/attention_done_to_history_combine_done         28.192     29.107
dcp_mega_varlen          post_completion/history_combine_done_to_final_combine_done     80.336    109.949
Wrote benchmark JSON to benchmark_logs/experiment_suite/dcp-suite/01_dcp_wave-b-timestamps-20260814-132129/results/arrival_2/dcp_4/critical_wave_auto_lpt/comm_sm_16/case_000081_dcp4_hkv2_eager.json

================================================================================
Mega comm_sm=16, case 83/100: case_000082_dcp4_hkv2: B=21, Sq=[16, 16, 16, 16, 16, 16, 16, 16, 16, 16, 16, 16, 16, 16, 16, 16, 16, 16, 16, 16, 16], Sk=[40570, 23141, 10050, 1300, 4137, 1266, 1262, 13730, 13268, 9661, 7081, 19964, 12002, 8850, 4455, 8096, 11154, 9508, 2408, 9251, 1394], DCP=4, Hkv=2
================================================================================
Config: world_size=8, methods=['dcp_mega_varlen'], QH=32, KVH=2, D=128, TP=8, DCP=4, workload=chunk, execution=eager, baseline_phase_timing=False, warmup=40, iters=60, check=False
Workload: B=21, q_tokens=336, history_tokens=212548, q_seqlens=[16, 16, 16, 16, 16, 16, 16, 16, 16, 16, 16, 16, 16, 16, 16, 16, 16, 16, 16, 16, 16], history_seqlens=[40570, 23141, 10050, 1300, 4137, 1266, 1262, 13730, 13268, 9661, 7081, 19964, 12002, 8850, 4455, 8096, 11154, 9508, 2408, 9251, 1394]
Agg TFLOPS uses useful attention work across all TP ranks and p50(max_across_ranks); Avg/GPU divides it by world_size.
KV GB/s/GPU is average logical BF16 K+V bytes read per TP rank divided by p50(max_across_ranks); it is not hardware-counter HBM traffic.

Running B=21, q_tokens=336, history_tokens=212548, causal=True

B=21, q_tokens=336, history_tokens=212548, QH=32, KVH=2, D=128, TP=8, DCP=4, mode=causal
Method                   Time ms                                                                                                                                     Agg TFLOPS    Avg/GPU  KV GB/s/GPU      Check  Note
dcp_mega_varlen          t0=0.078, t1=0.077, t2=0.077, t3=0.075, t4=0.079, t5=0.077, t6=0.077, t7=0.075 | p50(max_across_ranks)=0.079, p90(max_across_ranks)=0.080        703.5       87.9        345.4       skip  eager; output=bf16_ipc_a2a; runner_preallocated; timing=mega_kernel_only

Mega %globaltimer phase timestamps (per-iteration maximum across benchmark ranks, then p50/p90 across samples; us)
Method                   Phase                                                             p50        p90
dcp_mega_varlen          kernel_start                                                    0.000      0.000
dcp_mega_varlen          q_allgather_done                                                7.264      7.552
dcp_mega_varlen          attention_done                                                 50.496     50.976
dcp_mega_varlen          history_combine_done                                           61.664     62.442
dcp_mega_varlen          publish_done                                                   61.664     62.442
dcp_mega_varlen          receive_done                                                   68.352     69.776
dcp_mega_varlen          final_combine_done                                             72.528     73.770
dcp_mega_varlen          kernel_done                                                    72.800     73.997
dcp_mega_varlen          post_completion/q_done_to_publish_done                         54.960     55.782
dcp_mega_varlen          post_completion/publish_done_to_receive_done                    8.480      9.920
dcp_mega_varlen          post_completion/attention_done_to_history_combine_done         11.824     12.512
dcp_mega_varlen          post_completion/history_combine_done_to_final_combine_done     12.560     14.019
Wrote benchmark JSON to benchmark_logs/experiment_suite/dcp-suite/01_dcp_wave-b-timestamps-20260814-132129/results/arrival_2/dcp_4/critical_wave_auto_lpt/comm_sm_16/case_000082_dcp4_hkv2_eager.json

================================================================================
Mega comm_sm=16, case 84/100: case_000083_dcp4_hkv2: B=16, Sq=[16, 16, 16, 16, 16, 16, 16, 16, 16, 16, 16, 16, 16, 16, 16, 16], Sk=[2109, 4973, 3723, 1221, 9612, 7255, 6595, 12493, 23346, 41867, 30007, 1032, 14909, 1038, 12769, 1588], DCP=4, Hkv=2
================================================================================
Config: world_size=8, methods=['dcp_mega_varlen'], QH=32, KVH=2, D=128, TP=8, DCP=4, workload=chunk, execution=eager, baseline_phase_timing=False, warmup=40, iters=60, check=False
Workload: B=16, q_tokens=256, history_tokens=174537, q_seqlens=[16, 16, 16, 16, 16, 16, 16, 16, 16, 16, 16, 16, 16, 16, 16, 16], history_seqlens=[2109, 4973, 3723, 1221, 9612, 7255, 6595, 12493, 23346, 41867, 30007, 1032, 14909, 1038, 12769, 1588]
Agg TFLOPS uses useful attention work across all TP ranks and p50(max_across_ranks); Avg/GPU divides it by world_size.
KV GB/s/GPU is average logical BF16 K+V bytes read per TP rank divided by p50(max_across_ranks); it is not hardware-counter HBM traffic.

Running B=16, q_tokens=256, history_tokens=174537, causal=True

B=16, q_tokens=256, history_tokens=174537, QH=32, KVH=2, D=128, TP=8, DCP=4, mode=causal
Method                   Time ms                                                                                                                                     Agg TFLOPS    Avg/GPU  KV GB/s/GPU      Check  Note
dcp_mega_varlen          t0=0.082, t1=0.081, t2=0.080, t3=0.078, t4=0.082, t5=0.081, t6=0.080, t7=0.078 | p50(max_across_ranks)=0.083, p90(max_across_ranks)=0.092        552.8       69.1        271.3       skip  eager; output=bf16_ipc_a2a; runner_preallocated; timing=mega_kernel_only

Mega %globaltimer phase timestamps (per-iteration maximum across benchmark ranks, then p50/p90 across samples; us)
Method                   Phase                                                             p50        p90
dcp_mega_varlen          kernel_start                                                    0.000      0.000
dcp_mega_varlen          q_allgather_done                                                6.048      6.211
dcp_mega_varlen          attention_done                                                 53.520     53.795
dcp_mega_varlen          history_combine_done                                           65.072     65.763
dcp_mega_varlen          publish_done                                                   65.072     65.763
dcp_mega_varlen          receive_done                                                   72.416     81.331
dcp_mega_varlen          final_combine_done                                             75.968     85.242
dcp_mega_varlen          kernel_done                                                    76.240     85.565
dcp_mega_varlen          post_completion/q_done_to_publish_done                         59.264     60.006
dcp_mega_varlen          post_completion/publish_done_to_receive_done                   10.192     18.323
dcp_mega_varlen          post_completion/attention_done_to_history_combine_done         12.112     12.640
dcp_mega_varlen          post_completion/history_combine_done_to_final_combine_done     14.032     22.234
Wrote benchmark JSON to benchmark_logs/experiment_suite/dcp-suite/01_dcp_wave-b-timestamps-20260814-132129/results/arrival_2/dcp_4/critical_wave_auto_lpt/comm_sm_16/case_000083_dcp4_hkv2_eager.json

================================================================================
Mega comm_sm=16, case 85/100: case_000084_dcp4_hkv2: B=19, Sq=[16, 16, 16, 16, 16, 16, 16, 16, 16, 16, 16, 16, 16, 16, 16, 16, 16, 16, 4096], Sk=[14081, 11149, 4757, 7723, 1884, 3356, 2659, 4234, 6030, 7572, 1104, 18542, 2641, 10593, 7199, 79063, 4771, 1295, 12800], DCP=4, Hkv=2
================================================================================
Config: world_size=8, methods=['dcp_mega_varlen'], QH=32, KVH=2, D=128, TP=8, DCP=4, workload=chunk, execution=eager, baseline_phase_timing=False, warmup=40, iters=60, check=False
Workload: B=19, q_tokens=4384, history_tokens=201453, q_seqlens=[16, 16, 16, 16, 16, 16, 16, 16, 16, 16, 16, 16, 16, 16, 16, 16, 16, 16, 4096], history_seqlens=[14081, 11149, 4757, 7723, 1884, 3356, 2659, 4234, 6030, 7572, 1104, 18542, 2641, 10593, 7199, 79063, 4771, 1295, 12800]
Agg TFLOPS uses useful attention work across all TP ranks and p50(max_across_ranks); Avg/GPU divides it by world_size.
KV GB/s/GPU is average logical BF16 K+V bytes read per TP rank divided by p50(max_across_ranks); it is not hardware-counter HBM traffic.

Running B=19, q_tokens=4384, history_tokens=201453, causal=True

B=19, q_tokens=4384, history_tokens=201453, QH=32, KVH=2, D=128, TP=8, DCP=4, mode=causal
Method                   Time ms                                                                                                                                     Agg TFLOPS    Avg/GPU  KV GB/s/GPU      Check  Note
dcp_mega_varlen          t0=0.351, t1=0.350, t2=0.349, t3=0.347, t4=0.353, t5=0.353, t6=0.350, t7=0.348 | p50(max_across_ranks)=0.356, p90(max_across_ranks)=0.359       2941.9      367.7         78.8       skip  eager; output=bf16_ipc_a2a; runner_preallocated; timing=mega_kernel_only

Mega %globaltimer phase timestamps (per-iteration maximum across benchmark ranks, then p50/p90 across samples; us)
Method                   Phase                                                             p50        p90
dcp_mega_varlen          kernel_start                                                    0.000      0.000
dcp_mega_varlen          q_allgather_done                                               57.040     58.512
dcp_mega_varlen          attention_done                                                250.096    250.688
dcp_mega_varlen          history_combine_done                                          294.432    296.442
dcp_mega_varlen          publish_done                                                  294.432    296.442
dcp_mega_varlen          receive_done                                                  332.832    337.046
dcp_mega_varlen          final_combine_done                                            348.192    352.586
dcp_mega_varlen          kernel_done                                                   348.448    352.906
dcp_mega_varlen          post_completion/q_done_to_publish_done                        242.496    244.714
dcp_mega_varlen          post_completion/publish_done_to_receive_done                   42.416     46.950
dcp_mega_varlen          post_completion/attention_done_to_history_combine_done         46.464     47.597
dcp_mega_varlen          post_completion/history_combine_done_to_final_combine_done     57.712     62.083
Wrote benchmark JSON to benchmark_logs/experiment_suite/dcp-suite/01_dcp_wave-b-timestamps-20260814-132129/results/arrival_2/dcp_4/critical_wave_auto_lpt/comm_sm_16/case_000084_dcp4_hkv2_eager.json

================================================================================
Mega comm_sm=16, case 86/100: case_000085_dcp4_hkv2: B=13, Sq=[16, 16, 16, 16, 16, 16, 16, 16, 16, 16, 16, 16, 16], Sk=[6460, 30366, 9283, 74957, 3784, 4162, 17612, 7651, 10151, 17282, 13903, 26647, 4335], DCP=4, Hkv=2
================================================================================
Config: world_size=8, methods=['dcp_mega_varlen'], QH=32, KVH=2, D=128, TP=8, DCP=4, workload=chunk, execution=eager, baseline_phase_timing=False, warmup=40, iters=60, check=False
Workload: B=13, q_tokens=208, history_tokens=226593, q_seqlens=[16, 16, 16, 16, 16, 16, 16, 16, 16, 16, 16, 16, 16], history_seqlens=[6460, 30366, 9283, 74957, 3784, 4162, 17612, 7651, 10151, 17282, 13903, 26647, 4335]
Agg TFLOPS uses useful attention work across all TP ranks and p50(max_across_ranks); Avg/GPU divides it by world_size.
KV GB/s/GPU is average logical BF16 K+V bytes read per TP rank divided by p50(max_across_ranks); it is not hardware-counter HBM traffic.

Running B=13, q_tokens=208, history_tokens=226593, causal=True

B=13, q_tokens=208, history_tokens=226593, QH=32, KVH=2, D=128, TP=8, DCP=4, mode=causal
Method                   Time ms                                                                                                                                     Agg TFLOPS    Avg/GPU  KV GB/s/GPU      Check  Note
dcp_mega_varlen          t0=0.085, t1=0.085, t2=0.085, t3=0.082, t4=0.086, t5=0.084, t6=0.085, t7=0.082 | p50(max_across_ranks)=0.087, p90(max_across_ranks)=0.089        684.5       85.6        335.3       skip  eager; output=bf16_ipc_a2a; runner_preallocated; timing=mega_kernel_only

Mega %globaltimer phase timestamps (per-iteration maximum across benchmark ranks, then p50/p90 across samples; us)
Method                   Phase                                                             p50        p90
dcp_mega_varlen          kernel_start                                                    0.000      0.000
dcp_mega_varlen          q_allgather_done                                                5.696      5.792
dcp_mega_varlen          attention_done                                                 58.624     58.819
dcp_mega_varlen          history_combine_done                                           68.784     69.395
dcp_mega_varlen          publish_done                                                   68.784     69.395
dcp_mega_varlen          receive_done                                                   75.664     77.094
dcp_mega_varlen          final_combine_done                                             79.920     81.344
dcp_mega_varlen          kernel_done                                                    80.224     81.667
dcp_mega_varlen          post_completion/q_done_to_publish_done                         63.312     63.910
dcp_mega_varlen          post_completion/publish_done_to_receive_done                    8.976     11.078
dcp_mega_varlen          post_completion/attention_done_to_history_combine_done         10.784     11.523
dcp_mega_varlen          post_completion/history_combine_done_to_final_combine_done     13.264     15.242
Wrote benchmark JSON to benchmark_logs/experiment_suite/dcp-suite/01_dcp_wave-b-timestamps-20260814-132129/results/arrival_2/dcp_4/critical_wave_auto_lpt/comm_sm_16/case_000085_dcp4_hkv2_eager.json

================================================================================
Mega comm_sm=16, case 87/100: case_000086_dcp4_hkv2: B=15, Sq=[16, 16, 16, 16, 16, 16, 16, 16, 16, 16, 16, 16, 16, 16, 4096], Sk=[75403, 14339, 2863, 25206, 95732, 6934, 7199, 20569, 7323, 4701, 13220, 5941, 1642, 16276, 12800], DCP=4, Hkv=2
================================================================================
Config: world_size=8, methods=['dcp_mega_varlen'], QH=32, KVH=2, D=128, TP=8, DCP=4, workload=chunk, execution=eager, baseline_phase_timing=False, warmup=40, iters=60, check=False
Workload: B=15, q_tokens=4320, history_tokens=310148, q_seqlens=[16, 16, 16, 16, 16, 16, 16, 16, 16, 16, 16, 16, 16, 16, 4096], history_seqlens=[75403, 14339, 2863, 25206, 95732, 6934, 7199, 20569, 7323, 4701, 13220, 5941, 1642, 16276, 12800]
Agg TFLOPS uses useful attention work across all TP ranks and p50(max_across_ranks); Avg/GPU divides it by world_size.
KV GB/s/GPU is average logical BF16 K+V bytes read per TP rank divided by p50(max_across_ranks); it is not hardware-counter HBM traffic.

Running B=15, q_tokens=4320, history_tokens=310148, causal=True

B=15, q_tokens=4320, history_tokens=310148, QH=32, KVH=2, D=128, TP=8, DCP=4, mode=causal
Method                   Time ms                                                                                                                                     Agg TFLOPS    Avg/GPU  KV GB/s/GPU      Check  Note
dcp_mega_varlen          t0=0.360, t1=0.357, t2=0.357, t3=0.354, t4=0.358, t5=0.358, t6=0.356, t7=0.353 | p50(max_across_ranks)=0.362, p90(max_across_ranks)=0.365       2964.5      370.6        115.6       skip  eager; output=bf16_ipc_a2a; runner_preallocated; timing=mega_kernel_only

Mega %globaltimer phase timestamps (per-iteration maximum across benchmark ranks, then p50/p90 across samples; us)
Method                   Phase                                                             p50        p90
dcp_mega_varlen          kernel_start                                                    0.000      0.000
dcp_mega_varlen          q_allgather_done                                               56.832     58.730
dcp_mega_varlen          attention_done                                                284.736    285.315
dcp_mega_varlen          history_combine_done                                          312.224    313.280
dcp_mega_varlen          publish_done                                                  312.224    313.280
dcp_mega_varlen          receive_done                                                  339.840    342.739
dcp_mega_varlen          final_combine_done                                            354.976    357.856
dcp_mega_varlen          kernel_done                                                   355.296    358.179
dcp_mega_varlen          post_completion/q_done_to_publish_done                        259.872    261.638
dcp_mega_varlen          post_completion/publish_done_to_receive_done                   33.968     37.635
dcp_mega_varlen          post_completion/attention_done_to_history_combine_done         29.824     31.075
dcp_mega_varlen          post_completion/history_combine_done_to_final_combine_done     48.832     52.323
Wrote benchmark JSON to benchmark_logs/experiment_suite/dcp-suite/01_dcp_wave-b-timestamps-20260814-132129/results/arrival_2/dcp_4/critical_wave_auto_lpt/comm_sm_16/case_000086_dcp4_hkv2_eager.json

================================================================================
Mega comm_sm=16, case 88/100: case_000087_dcp4_hkv2: B=21, Sq=[16, 16, 16, 16, 16, 16, 16, 16, 16, 16, 16, 16, 16, 16, 16, 16, 16, 16, 16, 16, 16], Sk=[2788, 5404, 7944, 1980, 5639, 5374, 13430, 12282, 15203, 36831, 8844, 27022, 2392, 16653, 19292, 13111, 34390, 5382, 28132, 4061, 913], DCP=4, Hkv=2
================================================================================
Config: world_size=8, methods=['dcp_mega_varlen'], QH=32, KVH=2, D=128, TP=8, DCP=4, workload=chunk, execution=eager, baseline_phase_timing=False, warmup=40, iters=60, check=False
Workload: B=21, q_tokens=336, history_tokens=267067, q_seqlens=[16, 16, 16, 16, 16, 16, 16, 16, 16, 16, 16, 16, 16, 16, 16, 16, 16, 16, 16, 16, 16], history_seqlens=[2788, 5404, 7944, 1980, 5639, 5374, 13430, 12282, 15203, 36831, 8844, 27022, 2392, 16653, 19292, 13111, 34390, 5382, 28132, 4061, 913]
Agg TFLOPS uses useful attention work across all TP ranks and p50(max_across_ranks); Avg/GPU divides it by world_size.
KV GB/s/GPU is average logical BF16 K+V bytes read per TP rank divided by p50(max_across_ranks); it is not hardware-counter HBM traffic.

Running B=21, q_tokens=336, history_tokens=267067, causal=True

B=21, q_tokens=336, history_tokens=267067, QH=32, KVH=2, D=128, TP=8, DCP=4, mode=causal
Method                   Time ms                                                                                                                                     Agg TFLOPS    Avg/GPU  KV GB/s/GPU      Check  Note
dcp_mega_varlen          t0=0.111, t1=0.111, t2=0.110, t3=0.107, t4=0.112, t5=0.110, t6=0.109, t7=0.107 | p50(max_across_ranks)=0.112, p90(max_across_ranks)=0.144        623.7       78.0        305.9       skip  eager; output=bf16_ipc_a2a; runner_preallocated; timing=mega_kernel_only

Mega %globaltimer phase timestamps (per-iteration maximum across benchmark ranks, then p50/p90 across samples; us)
Method                   Phase                                                             p50        p90
dcp_mega_varlen          kernel_start                                                    0.000      0.000
dcp_mega_varlen          q_allgather_done                                                7.392      7.715
dcp_mega_varlen          attention_done                                                 83.936     84.480
dcp_mega_varlen          history_combine_done                                           94.224     95.274
dcp_mega_varlen          publish_done                                                   94.224     95.274
dcp_mega_varlen          receive_done                                                  101.488    133.155
dcp_mega_varlen          final_combine_done                                            105.552    137.210
dcp_mega_varlen          kernel_done                                                   105.888    137.530
dcp_mega_varlen          post_completion/q_done_to_publish_done                         87.392     88.390
dcp_mega_varlen          post_completion/publish_done_to_receive_done                    9.424     41.776
dcp_mega_varlen          post_completion/attention_done_to_history_combine_done         11.104     11.584
dcp_mega_varlen          post_completion/history_combine_done_to_final_combine_done     13.296     45.888
Wrote benchmark JSON to benchmark_logs/experiment_suite/dcp-suite/01_dcp_wave-b-timestamps-20260814-132129/results/arrival_2/dcp_4/critical_wave_auto_lpt/comm_sm_16/case_000087_dcp4_hkv2_eager.json

================================================================================
Mega comm_sm=16, case 89/100: case_000088_dcp4_hkv2: B=12, Sq=[16, 16, 16, 16, 16, 16, 16, 16, 16, 16, 16, 16], Sk=[2991, 8166, 5595, 2584, 19494, 34599, 5584, 28327, 1089, 37505, 991, 955], DCP=4, Hkv=2
================================================================================
Config: world_size=8, methods=['dcp_mega_varlen'], QH=32, KVH=2, D=128, TP=8, DCP=4, workload=chunk, execution=eager, baseline_phase_timing=False, warmup=40, iters=60, check=False
Workload: B=12, q_tokens=192, history_tokens=147880, q_seqlens=[16, 16, 16, 16, 16, 16, 16, 16, 16, 16, 16, 16], history_seqlens=[2991, 8166, 5595, 2584, 19494, 34599, 5584, 28327, 1089, 37505, 991, 955]
Agg TFLOPS uses useful attention work across all TP ranks and p50(max_across_ranks); Avg/GPU divides it by world_size.
KV GB/s/GPU is average logical BF16 K+V bytes read per TP rank divided by p50(max_across_ranks); it is not hardware-counter HBM traffic.

Running B=12, q_tokens=192, history_tokens=147880, causal=True

B=12, q_tokens=192, history_tokens=147880, QH=32, KVH=2, D=128, TP=8, DCP=4, mode=causal
Method                   Time ms                                                                                                                                     Agg TFLOPS    Avg/GPU  KV GB/s/GPU      Check  Note
dcp_mega_varlen          t0=0.077, t1=0.076, t2=0.075, t3=0.072, t4=0.076, t5=0.075, t6=0.074, t7=0.072 | p50(max_across_ranks)=0.078, p90(max_across_ranks)=0.110        499.8       62.5        245.1       skip  eager; output=bf16_ipc_a2a; runner_preallocated; timing=mega_kernel_only

Mega %globaltimer phase timestamps (per-iteration maximum across benchmark ranks, then p50/p90 across samples; us)
Method                   Phase                                                             p50        p90
dcp_mega_varlen          kernel_start                                                    0.000      0.000
dcp_mega_varlen          q_allgather_done                                                5.792      5.952
dcp_mega_varlen          attention_done                                                 50.368     50.563
dcp_mega_varlen          history_combine_done                                           59.072     60.099
dcp_mega_varlen          publish_done                                                   59.072     60.099
dcp_mega_varlen          receive_done                                                   66.496     98.563
dcp_mega_varlen          final_combine_done                                             70.720    103.136
dcp_mega_varlen          kernel_done                                                    71.040    103.456
dcp_mega_varlen          post_completion/q_done_to_publish_done                         53.792     54.787
dcp_mega_varlen          post_completion/publish_done_to_receive_done                    9.392     41.091
dcp_mega_varlen          post_completion/attention_done_to_history_combine_done          9.200      9.994
dcp_mega_varlen          post_completion/history_combine_done_to_final_combine_done     13.664     45.664
Wrote benchmark JSON to benchmark_logs/experiment_suite/dcp-suite/01_dcp_wave-b-timestamps-20260814-132129/results/arrival_2/dcp_4/critical_wave_auto_lpt/comm_sm_16/case_000088_dcp4_hkv2_eager.json

================================================================================
Mega comm_sm=16, case 90/100: case_000089_dcp4_hkv2: B=12, Sq=[16, 16, 16, 16, 16, 16, 16, 16, 16, 16, 16, 4096], Sk=[8234, 2662, 34667, 28395, 1166, 37581, 1067, 1030, 6295, 4083, 922, 25088], DCP=4, Hkv=2
================================================================================
Config: world_size=8, methods=['dcp_mega_varlen'], QH=32, KVH=2, D=128, TP=8, DCP=4, workload=chunk, execution=eager, baseline_phase_timing=False, warmup=40, iters=60, check=False
Workload: B=12, q_tokens=4272, history_tokens=151190, q_seqlens=[16, 16, 16, 16, 16, 16, 16, 16, 16, 16, 16, 4096], history_seqlens=[8234, 2662, 34667, 28395, 1166, 37581, 1067, 1030, 6295, 4083, 922, 25088]
Agg TFLOPS uses useful attention work across all TP ranks and p50(max_across_ranks); Avg/GPU divides it by world_size.
KV GB/s/GPU is average logical BF16 K+V bytes read per TP rank divided by p50(max_across_ranks); it is not hardware-counter HBM traffic.

Running B=12, q_tokens=4272, history_tokens=151190, causal=True

B=12, q_tokens=4272, history_tokens=151190, QH=32, KVH=2, D=128, TP=8, DCP=4, mode=causal
Method                   Time ms                                                                                                                                     Agg TFLOPS    Avg/GPU  KV GB/s/GPU      Check  Note
dcp_mega_varlen          t0=0.475, t1=0.474, t2=0.471, t3=0.473, t4=0.472, t5=0.470, t6=0.470, t7=0.468 | p50(max_across_ranks)=0.475, p90(max_across_ranks)=0.479       3900.6      487.6         45.3       skip  eager; output=bf16_ipc_a2a; runner_preallocated; timing=mega_kernel_only

Mega %globaltimer phase timestamps (per-iteration maximum across benchmark ranks, then p50/p90 across samples; us)
Method                   Phase                                                             p50        p90
dcp_mega_varlen          kernel_start                                                    0.000      0.000
dcp_mega_varlen          q_allgather_done                                               56.064     58.800
dcp_mega_varlen          attention_done                                                398.240    399.472
dcp_mega_varlen          history_combine_done                                          428.480    430.195
dcp_mega_varlen          publish_done                                                  428.480    430.195
dcp_mega_varlen          receive_done                                                  453.744    458.192
dcp_mega_varlen          final_combine_done                                            468.272    472.493
dcp_mega_varlen          kernel_done                                                   468.512    472.803
dcp_mega_varlen          post_completion/q_done_to_publish_done                        376.208    377.744
dcp_mega_varlen          post_completion/publish_done_to_receive_done                   30.960     34.810
dcp_mega_varlen          post_completion/attention_done_to_history_combine_done         33.920     35.312
dcp_mega_varlen          post_completion/history_combine_done_to_final_combine_done     45.456     49.350
Wrote benchmark JSON to benchmark_logs/experiment_suite/dcp-suite/01_dcp_wave-b-timestamps-20260814-132129/results/arrival_2/dcp_4/critical_wave_auto_lpt/comm_sm_16/case_000089_dcp4_hkv2_eager.json

================================================================================
Mega comm_sm=16, case 91/100: case_000090_dcp4_hkv2: B=15, Sq=[16, 16, 16, 16, 16, 16, 16, 16, 16, 16, 16, 16, 16, 16, 16], Sk=[36687, 46930, 4892, 3287, 34229, 18611, 15832, 1054, 1301, 4098, 1548, 2749, 4343, 4522, 3839], DCP=4, Hkv=2
================================================================================
Config: world_size=8, methods=['dcp_mega_varlen'], QH=32, KVH=2, D=128, TP=8, DCP=4, workload=chunk, execution=eager, baseline_phase_timing=False, warmup=40, iters=60, check=False
Workload: B=15, q_tokens=240, history_tokens=183922, q_seqlens=[16, 16, 16, 16, 16, 16, 16, 16, 16, 16, 16, 16, 16, 16, 16], history_seqlens=[36687, 46930, 4892, 3287, 34229, 18611, 15832, 1054, 1301, 4098, 1548, 2749, 4343, 4522, 3839]
Agg TFLOPS uses useful attention work across all TP ranks and p50(max_across_ranks); Avg/GPU divides it by world_size.
KV GB/s/GPU is average logical BF16 K+V bytes read per TP rank divided by p50(max_across_ranks); it is not hardware-counter HBM traffic.

Running B=15, q_tokens=240, history_tokens=183922, causal=True

B=15, q_tokens=240, history_tokens=183922, QH=32, KVH=2, D=128, TP=8, DCP=4, mode=causal
Method                   Time ms                                                                                                                                     Agg TFLOPS    Avg/GPU  KV GB/s/GPU      Check  Note
dcp_mega_varlen          t0=0.090, t1=0.090, t2=0.090, t3=0.087, t4=0.090, t5=0.089, t6=0.089, t7=0.087 | p50(max_across_ranks)=0.091, p90(max_across_ranks)=0.094        529.3       66.2        259.6       skip  eager; output=bf16_ipc_a2a; runner_preallocated; timing=mega_kernel_only

Mega %globaltimer phase timestamps (per-iteration maximum across benchmark ranks, then p50/p90 across samples; us)
Method                   Phase                                                             p50        p90
dcp_mega_varlen          kernel_start                                                    0.000      0.000
dcp_mega_varlen          q_allgather_done                                                6.048      6.275
dcp_mega_varlen          attention_done                                                 61.536     61.795
dcp_mega_varlen          history_combine_done                                           74.112     74.822
dcp_mega_varlen          publish_done                                                   74.112     74.822
dcp_mega_varlen          receive_done                                                   80.288     83.709
dcp_mega_varlen          final_combine_done                                             84.272     87.552
dcp_mega_varlen          kernel_done                                                    84.528     87.786
dcp_mega_varlen          post_completion/q_done_to_publish_done                         68.352     69.254
dcp_mega_varlen          post_completion/publish_done_to_receive_done                    8.704     12.310
dcp_mega_varlen          post_completion/attention_done_to_history_combine_done         12.976     14.090
dcp_mega_varlen          post_completion/history_combine_done_to_final_combine_done     12.736     16.176
Wrote benchmark JSON to benchmark_logs/experiment_suite/dcp-suite/01_dcp_wave-b-timestamps-20260814-132129/results/arrival_2/dcp_4/critical_wave_auto_lpt/comm_sm_16/case_000090_dcp4_hkv2_eager.json

================================================================================
Mega comm_sm=16, case 92/100: case_000091_dcp4_hkv2: B=19, Sq=[16, 16, 16, 16, 16, 16, 16, 16, 16, 16, 16, 16, 16, 16, 16, 16, 16, 16, 16], Sk=[5984, 4922, 1259, 1249, 7007, 7053, 1915, 9875, 10307, 2123, 12970, 4570, 30734, 10040, 10570, 22021, 29371, 9448, 907], DCP=4, Hkv=2
================================================================================
Config: world_size=8, methods=['dcp_mega_varlen'], QH=32, KVH=2, D=128, TP=8, DCP=4, workload=chunk, execution=eager, baseline_phase_timing=False, warmup=40, iters=60, check=False
Workload: B=19, q_tokens=304, history_tokens=182325, q_seqlens=[16, 16, 16, 16, 16, 16, 16, 16, 16, 16, 16, 16, 16, 16, 16, 16, 16, 16, 16], history_seqlens=[5984, 4922, 1259, 1249, 7007, 7053, 1915, 9875, 10307, 2123, 12970, 4570, 30734, 10040, 10570, 22021, 29371, 9448, 907]
Agg TFLOPS uses useful attention work across all TP ranks and p50(max_across_ranks); Avg/GPU divides it by world_size.
KV GB/s/GPU is average logical BF16 K+V bytes read per TP rank divided by p50(max_across_ranks); it is not hardware-counter HBM traffic.

Running B=19, q_tokens=304, history_tokens=182325, causal=True

B=19, q_tokens=304, history_tokens=182325, QH=32, KVH=2, D=128, TP=8, DCP=4, mode=causal
Method                   Time ms                                                                                                                                     Agg TFLOPS    Avg/GPU  KV GB/s/GPU      Check  Note
dcp_mega_varlen          t0=0.081, t1=0.081, t2=0.079, t3=0.078, t4=0.081, t5=0.080, t6=0.079, t7=0.077 | p50(max_across_ranks)=0.082, p90(max_across_ranks)=0.084        583.0       72.9        286.3       skip  eager; output=bf16_ipc_a2a; runner_preallocated; timing=mega_kernel_only

Mega %globaltimer phase timestamps (per-iteration maximum across benchmark ranks, then p50/p90 across samples; us)
Method                   Phase                                                             p50        p90
dcp_mega_varlen          kernel_start                                                    0.000      0.000
dcp_mega_varlen          q_allgather_done                                                6.720      6.944
dcp_mega_varlen          attention_done                                                 55.200     55.523
dcp_mega_varlen          history_combine_done                                           63.872     65.034
dcp_mega_varlen          publish_done                                                   63.872     65.034
dcp_mega_varlen          receive_done                                                   71.232     72.938
dcp_mega_varlen          final_combine_done                                             75.104     77.011
dcp_mega_varlen          kernel_done                                                    75.424     77.360
dcp_mega_varlen          post_completion/q_done_to_publish_done                         57.520     58.755
dcp_mega_varlen          post_completion/publish_done_to_receive_done                    8.960     10.294
dcp_mega_varlen          post_completion/attention_done_to_history_combine_done          9.216     10.346
dcp_mega_varlen          post_completion/history_combine_done_to_final_combine_done     12.992     14.717
Wrote benchmark JSON to benchmark_logs/experiment_suite/dcp-suite/01_dcp_wave-b-timestamps-20260814-132129/results/arrival_2/dcp_4/critical_wave_auto_lpt/comm_sm_16/case_000091_dcp4_hkv2_eager.json

================================================================================
Mega comm_sm=16, case 93/100: case_000092_dcp4_hkv2: B=15, Sq=[16, 16, 16, 16, 16, 16, 16, 16, 16, 16, 16, 16, 16, 16, 4096], Sk=[1341, 29055, 2826, 17520, 13927, 12176, 7660, 1101, 7934, 12452, 57383, 2276, 2489, 17410, 25088], DCP=4, Hkv=2
================================================================================
Config: world_size=8, methods=['dcp_mega_varlen'], QH=32, KVH=2, D=128, TP=8, DCP=4, workload=chunk, execution=eager, baseline_phase_timing=False, warmup=40, iters=60, check=False
Workload: B=15, q_tokens=4320, history_tokens=210638, q_seqlens=[16, 16, 16, 16, 16, 16, 16, 16, 16, 16, 16, 16, 16, 16, 4096], history_seqlens=[1341, 29055, 2826, 17520, 13927, 12176, 7660, 1101, 7934, 12452, 57383, 2276, 2489, 17410, 25088]
Agg TFLOPS uses useful attention work across all TP ranks and p50(max_across_ranks); Avg/GPU divides it by world_size.
KV GB/s/GPU is average logical BF16 K+V bytes read per TP rank divided by p50(max_across_ranks); it is not hardware-counter HBM traffic.

Running B=15, q_tokens=4320, history_tokens=210638, causal=True

B=15, q_tokens=4320, history_tokens=210638, QH=32, KVH=2, D=128, TP=8, DCP=4, mode=causal
Method                   Time ms                                                                                                                                     Agg TFLOPS    Avg/GPU  KV GB/s/GPU      Check  Note
dcp_mega_varlen          t0=0.478, t1=0.481, t2=0.475, t3=0.475, t4=0.477, t5=0.476, t6=0.475, t7=0.479 | p50(max_across_ranks)=0.481, p90(max_across_ranks)=0.489       3883.4      485.4         60.6       skip  eager; output=bf16_ipc_a2a; runner_preallocated; timing=mega_kernel_only

Mega %globaltimer phase timestamps (per-iteration maximum across benchmark ranks, then p50/p90 across samples; us)
Method                   Phase                                                             p50        p90
dcp_mega_varlen          kernel_start                                                    0.000      0.000
dcp_mega_varlen          q_allgather_done                                               57.216     59.014
dcp_mega_varlen          attention_done                                                401.120    402.093
dcp_mega_varlen          history_combine_done                                          434.048    435.530
dcp_mega_varlen          publish_done                                                  434.048    435.530
dcp_mega_varlen          receive_done                                                  456.384    465.789
dcp_mega_varlen          final_combine_done                                            473.808    481.456
dcp_mega_varlen          kernel_done                                                   474.144    481.766
dcp_mega_varlen          post_completion/q_done_to_publish_done                        379.008    380.912
dcp_mega_varlen          post_completion/publish_done_to_receive_done                   31.040     41.578
dcp_mega_varlen          post_completion/attention_done_to_history_combine_done         34.624     35.434
dcp_mega_varlen          post_completion/history_combine_done_to_final_combine_done     46.128     55.946
Wrote benchmark JSON to benchmark_logs/experiment_suite/dcp-suite/01_dcp_wave-b-timestamps-20260814-132129/results/arrival_2/dcp_4/critical_wave_auto_lpt/comm_sm_16/case_000092_dcp4_hkv2_eager.json

================================================================================
Mega comm_sm=16, case 94/100: case_000093_dcp4_hkv2: B=19, Sq=[16, 16, 16, 16, 16, 16, 16, 16, 16, 16, 16, 16, 16, 16, 16, 16, 16, 16, 4096], Sk=[11243, 2512, 1260, 1937, 24631, 17939, 2021, 17980, 4443, 2105, 4074, 1489, 9694, 11655, 61689, 1506, 10792, 12316, 12800], DCP=4, Hkv=2
================================================================================
Config: world_size=8, methods=['dcp_mega_varlen'], QH=32, KVH=2, D=128, TP=8, DCP=4, workload=chunk, execution=eager, baseline_phase_timing=False, warmup=40, iters=60, check=False
Workload: B=19, q_tokens=4384, history_tokens=212086, q_seqlens=[16, 16, 16, 16, 16, 16, 16, 16, 16, 16, 16, 16, 16, 16, 16, 16, 16, 16, 4096], history_seqlens=[11243, 2512, 1260, 1937, 24631, 17939, 2021, 17980, 4443, 2105, 4074, 1489, 9694, 11655, 61689, 1506, 10792, 12316, 12800]
Agg TFLOPS uses useful attention work across all TP ranks and p50(max_across_ranks); Avg/GPU divides it by world_size.
KV GB/s/GPU is average logical BF16 K+V bytes read per TP rank divided by p50(max_across_ranks); it is not hardware-counter HBM traffic.

Running B=19, q_tokens=4384, history_tokens=212086, causal=True

B=19, q_tokens=4384, history_tokens=212086, QH=32, KVH=2, D=128, TP=8, DCP=4, mode=causal
Method                   Time ms                                                                                                                                     Agg TFLOPS    Avg/GPU  KV GB/s/GPU      Check  Note
dcp_mega_varlen          t0=0.351, t1=0.351, t2=0.349, t3=0.346, t4=0.350, t5=0.349, t6=0.347, t7=0.344 | p50(max_across_ranks)=0.354, p90(max_across_ranks)=0.356       2966.7      370.8         83.1       skip  eager; output=bf16_ipc_a2a; runner_preallocated; timing=mega_kernel_only

Mega %globaltimer phase timestamps (per-iteration maximum across benchmark ranks, then p50/p90 across samples; us)
Method                   Phase                                                             p50        p90
dcp_mega_varlen          kernel_start                                                    0.000      0.000
dcp_mega_varlen          q_allgather_done                                               55.792     57.824
dcp_mega_varlen          attention_done                                                243.536    244.291
dcp_mega_varlen          history_combine_done                                          295.456    297.440
dcp_mega_varlen          publish_done                                                  295.456    297.440
dcp_mega_varlen          receive_done                                                  331.296    333.600
dcp_mega_varlen          final_combine_done                                            346.208    348.672
dcp_mega_varlen          kernel_done                                                   346.432    348.992
dcp_mega_varlen          post_completion/q_done_to_publish_done                        243.776    245.866
dcp_mega_varlen          post_completion/publish_done_to_receive_done                   41.056     43.798
dcp_mega_varlen          post_completion/attention_done_to_history_combine_done         54.272     55.539
dcp_mega_varlen          post_completion/history_combine_done_to_final_combine_done     55.952     58.470
Wrote benchmark JSON to benchmark_logs/experiment_suite/dcp-suite/01_dcp_wave-b-timestamps-20260814-132129/results/arrival_2/dcp_4/critical_wave_auto_lpt/comm_sm_16/case_000093_dcp4_hkv2_eager.json

================================================================================
Mega comm_sm=16, case 95/100: case_000094_dcp4_hkv2: B=31, Sq=[16, 16, 16, 16, 16, 16, 16, 16, 16, 16, 16, 16, 16, 16, 16, 16, 16, 16, 16, 16, 16, 16, 16, 16, 16, 16, 16, 16, 16, 16, 16], Sk=[3562, 9353, 2936, 63271, 13206, 1272, 1342, 14701, 22602, 4784, 10241, 1473, 6421, 1855, 5277, 27010, 16987, 4526, 1107, 10632, 34192, 5962, 5388, 32338, 21701, 14815, 8533, 958, 1463, 18242, 1332], DCP=4, Hkv=2
================================================================================
Config: world_size=8, methods=['dcp_mega_varlen'], QH=32, KVH=2, D=128, TP=8, DCP=4, workload=chunk, execution=eager, baseline_phase_timing=False, warmup=40, iters=60, check=False
Workload: B=31, q_tokens=496, history_tokens=367482, q_seqlens=[16, 16, 16, 16, 16, 16, 16, 16, 16, 16, 16, 16, 16, 16, 16, 16, 16, 16, 16, 16, 16, 16, 16, 16, 16, 16, 16, 16, 16, 16, 16], history_seqlens=[3562, 9353, 2936, 63271, 13206, 1272, 1342, 14701, 22602, 4784, 10241, 1473, 6421, 1855, 5277, 27010, 16987, 4526, 1107, 10632, 34192, 5962, 5388, 32338, 21701, 14815, 8533, 958, 1463, 18242, 1332]
Agg TFLOPS uses useful attention work across all TP ranks and p50(max_across_ranks); Avg/GPU divides it by world_size.
KV GB/s/GPU is average logical BF16 K+V bytes read per TP rank divided by p50(max_across_ranks); it is not hardware-counter HBM traffic.

Running B=31, q_tokens=496, history_tokens=367482, causal=True

B=31, q_tokens=496, history_tokens=367482, QH=32, KVH=2, D=128, TP=8, DCP=4, mode=causal
Method                   Time ms                                                                                                                                     Agg TFLOPS    Avg/GPU  KV GB/s/GPU      Check  Note
dcp_mega_varlen          t0=0.098, t1=0.097, t2=0.096, t3=0.093, t4=0.097, t5=0.096, t6=0.095, t7=0.094 | p50(max_across_ranks)=0.098, p90(max_across_ranks)=0.099        982.9      122.9        482.2       skip  eager; output=bf16_ipc_a2a; runner_preallocated; timing=mega_kernel_only

Mega %globaltimer phase timestamps (per-iteration maximum across benchmark ranks, then p50/p90 across samples; us)
Method                   Phase                                                             p50        p90
dcp_mega_varlen          kernel_start                                                    0.000      0.000
dcp_mega_varlen          q_allgather_done                                               11.648     12.032
dcp_mega_varlen          attention_done                                                 49.696     50.339
dcp_mega_varlen          history_combine_done                                           79.808     80.742
dcp_mega_varlen          publish_done                                                   79.808     80.742
dcp_mega_varlen          receive_done                                                   86.576     87.942
dcp_mega_varlen          final_combine_done                                             91.200     92.355
dcp_mega_varlen          kernel_done                                                    91.504     92.579
dcp_mega_varlen          post_completion/q_done_to_publish_done                         68.960     69.731
dcp_mega_varlen          post_completion/publish_done_to_receive_done                    8.544      9.984
dcp_mega_varlen          post_completion/attention_done_to_history_combine_done         31.264     32.035
dcp_mega_varlen          post_completion/history_combine_done_to_final_combine_done     13.216     14.506
Wrote benchmark JSON to benchmark_logs/experiment_suite/dcp-suite/01_dcp_wave-b-timestamps-20260814-132129/results/arrival_2/dcp_4/critical_wave_auto_lpt/comm_sm_16/case_000094_dcp4_hkv2_eager.json

================================================================================
Mega comm_sm=16, case 96/100: case_000095_dcp4_hkv2: B=20, Sq=[16, 16, 16, 16, 16, 16, 16, 16, 16, 16, 16, 16, 16, 16, 16, 16, 16, 16, 16, 2592], Sk=[1792, 1296, 11991, 3249, 44085, 31055, 1107, 1163, 1316, 8390, 17606, 22323, 4492, 1085, 4346, 3045, 17082, 4934, 7368, 8704], DCP=4, Hkv=2
================================================================================
Config: world_size=8, methods=['dcp_mega_varlen'], QH=32, KVH=2, D=128, TP=8, DCP=4, workload=chunk, execution=eager, baseline_phase_timing=False, warmup=40, iters=60, check=False
Workload: B=20, q_tokens=2896, history_tokens=196429, q_seqlens=[16, 16, 16, 16, 16, 16, 16, 16, 16, 16, 16, 16, 16, 16, 16, 16, 16, 16, 16, 2592], history_seqlens=[1792, 1296, 11991, 3249, 44085, 31055, 1107, 1163, 1316, 8390, 17606, 22323, 4492, 1085, 4346, 3045, 17082, 4934, 7368, 8704]
Agg TFLOPS uses useful attention work across all TP ranks and p50(max_across_ranks); Avg/GPU divides it by world_size.
KV GB/s/GPU is average logical BF16 K+V bytes read per TP rank divided by p50(max_across_ranks); it is not hardware-counter HBM traffic.

Running B=20, q_tokens=2896, history_tokens=196429, causal=True

B=20, q_tokens=2896, history_tokens=196429, QH=32, KVH=2, D=128, TP=8, DCP=4, mode=causal
Method                   Time ms                                                                                                                                     Agg TFLOPS    Avg/GPU  KV GB/s/GPU      Check  Note
dcp_mega_varlen          t0=0.209, t1=0.209, t2=0.207, t3=0.204, t4=0.208, t5=0.208, t6=0.207, t7=0.203 | p50(max_across_ranks)=0.211, p90(max_across_ranks)=0.227       2244.1      280.5        126.1       skip  eager; output=bf16_ipc_a2a; runner_preallocated; timing=mega_kernel_only

Mega %globaltimer phase timestamps (per-iteration maximum across benchmark ranks, then p50/p90 across samples; us)
Method                   Phase                                                             p50        p90
dcp_mega_varlen          kernel_start                                                    0.000      0.000
dcp_mega_varlen          q_allgather_done                                               37.840     39.078
dcp_mega_varlen          attention_done                                                140.784    142.093
dcp_mega_varlen          history_combine_done                                          165.376    166.307
dcp_mega_varlen          publish_done                                                  165.376    166.307
dcp_mega_varlen          receive_done                                                  195.616    211.446
dcp_mega_varlen          final_combine_done                                            203.952    220.192
dcp_mega_varlen          kernel_done                                                   204.240    220.502
dcp_mega_varlen          post_completion/q_done_to_publish_done                        129.488    130.531
dcp_mega_varlen          post_completion/publish_done_to_receive_done                   34.032     50.912
dcp_mega_varlen          post_completion/attention_done_to_history_combine_done         25.872     27.024
dcp_mega_varlen          post_completion/history_combine_done_to_final_combine_done     42.496     59.658
Wrote benchmark JSON to benchmark_logs/experiment_suite/dcp-suite/01_dcp_wave-b-timestamps-20260814-132129/results/arrival_2/dcp_4/critical_wave_auto_lpt/comm_sm_16/case_000095_dcp4_hkv2_eager.json

================================================================================
Mega comm_sm=16, case 97/100: case_000096_dcp4_hkv2: B=12, Sq=[16, 16, 16, 16, 16, 16, 16, 16, 16, 16, 16, 16], Sk=[1780, 5420, 2044, 38810, 5972, 7136, 5058, 1174, 7405, 14926, 2627, 1695], DCP=4, Hkv=2
================================================================================
Config: world_size=8, methods=['dcp_mega_varlen'], QH=32, KVH=2, D=128, TP=8, DCP=4, workload=chunk, execution=eager, baseline_phase_timing=False, warmup=40, iters=60, check=False
Workload: B=12, q_tokens=192, history_tokens=94047, q_seqlens=[16, 16, 16, 16, 16, 16, 16, 16, 16, 16, 16, 16], history_seqlens=[1780, 5420, 2044, 38810, 5972, 7136, 5058, 1174, 7405, 14926, 2627, 1695]
Agg TFLOPS uses useful attention work across all TP ranks and p50(max_across_ranks); Avg/GPU divides it by world_size.
KV GB/s/GPU is average logical BF16 K+V bytes read per TP rank divided by p50(max_across_ranks); it is not hardware-counter HBM traffic.

Running B=12, q_tokens=192, history_tokens=94047, causal=True

B=12, q_tokens=192, history_tokens=94047, QH=32, KVH=2, D=128, TP=8, DCP=4, mode=causal
Method                   Time ms                                                                                                                                     Agg TFLOPS    Avg/GPU  KV GB/s/GPU      Check  Note
dcp_mega_varlen          t0=0.062, t1=0.061, t2=0.060, t3=0.058, t4=0.062, t5=0.060, t6=0.059, t7=0.057 | p50(max_across_ranks)=0.062, p90(max_across_ranks)=0.063        396.2       49.5        194.8       skip  eager; output=bf16_ipc_a2a; runner_preallocated; timing=mega_kernel_only

Mega %globaltimer phase timestamps (per-iteration maximum across benchmark ranks, then p50/p90 across samples; us)
Method                   Phase                                                             p50        p90
dcp_mega_varlen          kernel_start                                                    0.000      0.000
dcp_mega_varlen          q_allgather_done                                                5.312      5.440
dcp_mega_varlen          attention_done                                                 32.992     33.283
dcp_mega_varlen          history_combine_done                                           44.256     44.963
dcp_mega_varlen          publish_done                                                   44.256     44.963
dcp_mega_varlen          receive_done                                                   51.408     52.400
dcp_mega_varlen          final_combine_done                                             55.520     56.346
dcp_mega_varlen          kernel_done                                                    55.872     56.698
dcp_mega_varlen          post_completion/q_done_to_publish_done                         39.168     39.782
dcp_mega_varlen          post_completion/publish_done_to_receive_done                    8.624      9.917
dcp_mega_varlen          post_completion/attention_done_to_history_combine_done         11.664     12.355
dcp_mega_varlen          post_completion/history_combine_done_to_final_combine_done     12.720     14.115
Wrote benchmark JSON to benchmark_logs/experiment_suite/dcp-suite/01_dcp_wave-b-timestamps-20260814-132129/results/arrival_2/dcp_4/critical_wave_auto_lpt/comm_sm_16/case_000096_dcp4_hkv2_eager.json

================================================================================
Mega comm_sm=16, case 98/100: case_000097_dcp4_hkv2: B=12, Sq=[16, 16, 16, 16, 16, 16, 16, 16, 16, 16, 16, 16], Sk=[1864, 5505, 2123, 7230, 5150, 1266, 15036, 1783, 1311, 940, 16136, 51560], DCP=4, Hkv=2
================================================================================
Config: world_size=8, methods=['dcp_mega_varlen'], QH=32, KVH=2, D=128, TP=8, DCP=4, workload=chunk, execution=eager, baseline_phase_timing=False, warmup=40, iters=60, check=False
Workload: B=12, q_tokens=192, history_tokens=109904, q_seqlens=[16, 16, 16, 16, 16, 16, 16, 16, 16, 16, 16, 16], history_seqlens=[1864, 5505, 2123, 7230, 5150, 1266, 15036, 1783, 1311, 940, 16136, 51560]
Agg TFLOPS uses useful attention work across all TP ranks and p50(max_across_ranks); Avg/GPU divides it by world_size.
KV GB/s/GPU is average logical BF16 K+V bytes read per TP rank divided by p50(max_across_ranks); it is not hardware-counter HBM traffic.

Running B=12, q_tokens=192, history_tokens=109904, causal=True

B=12, q_tokens=192, history_tokens=109904, QH=32, KVH=2, D=128, TP=8, DCP=4, mode=causal
Method                   Time ms                                                                                                                                     Agg TFLOPS    Avg/GPU  KV GB/s/GPU      Check  Note
dcp_mega_varlen          t0=0.080, t1=0.080, t2=0.078, t3=0.076, t4=0.080, t5=0.079, t6=0.078, t7=0.076 | p50(max_across_ranks)=0.081, p90(max_across_ranks)=0.082        357.4       44.7        175.6       skip  eager; output=bf16_ipc_a2a; runner_preallocated; timing=mega_kernel_only

Mega %globaltimer phase timestamps (per-iteration maximum across benchmark ranks, then p50/p90 across samples; us)
Method                   Phase                                                             p50        p90
dcp_mega_varlen          kernel_start                                                    0.000      0.000
dcp_mega_varlen          q_allgather_done                                                5.632      5.731
dcp_mega_varlen          attention_done                                                 54.464     54.627
dcp_mega_varlen          history_combine_done                                           62.656     63.939
dcp_mega_varlen          publish_done                                                   62.656     63.939
dcp_mega_varlen          receive_done                                                   69.888     70.854
dcp_mega_varlen          final_combine_done                                             73.792     74.787
dcp_mega_varlen          kernel_done                                                    74.096     75.107
dcp_mega_varlen          post_completion/q_done_to_publish_done                         57.456     58.787
dcp_mega_varlen          post_completion/publish_done_to_receive_done                    9.120     10.208
dcp_mega_varlen          post_completion/attention_done_to_history_combine_done          8.624      9.606
dcp_mega_varlen          post_completion/history_combine_done_to_final_combine_done     12.864     13.987
Wrote benchmark JSON to benchmark_logs/experiment_suite/dcp-suite/01_dcp_wave-b-timestamps-20260814-132129/results/arrival_2/dcp_4/critical_wave_auto_lpt/comm_sm_16/case_000097_dcp4_hkv2_eager.json

================================================================================
Mega comm_sm=16, case 99/100: case_000098_dcp4_hkv2: B=23, Sq=[16, 16, 16, 16, 16, 16, 16, 16, 16, 16, 16, 16, 16, 16, 16, 16, 16, 16, 16, 16, 16, 16, 1960], Sk=[12720, 1781, 7131, 4408, 23871, 1740, 3629, 30761, 1256, 6593, 79230, 3739, 8635, 30305, 19361, 4559, 37280, 3187, 7877, 7946, 2185, 6764, 4608], DCP=4, Hkv=2
================================================================================
Config: world_size=8, methods=['dcp_mega_varlen'], QH=32, KVH=2, D=128, TP=8, DCP=4, workload=chunk, execution=eager, baseline_phase_timing=False, warmup=40, iters=60, check=False
Workload: B=23, q_tokens=2312, history_tokens=309566, q_seqlens=[16, 16, 16, 16, 16, 16, 16, 16, 16, 16, 16, 16, 16, 16, 16, 16, 16, 16, 16, 16, 16, 16, 1960], history_seqlens=[12720, 1781, 7131, 4408, 23871, 1740, 3629, 30761, 1256, 6593, 79230, 3739, 8635, 30305, 19361, 4559, 37280, 3187, 7877, 7946, 2185, 6764, 4608]
Agg TFLOPS uses useful attention work across all TP ranks and p50(max_across_ranks); Avg/GPU divides it by world_size.
KV GB/s/GPU is average logical BF16 K+V bytes read per TP rank divided by p50(max_across_ranks); it is not hardware-counter HBM traffic.

Running B=23, q_tokens=2312, history_tokens=309566, causal=True

B=23, q_tokens=2312, history_tokens=309566, QH=32, KVH=2, D=128, TP=8, DCP=4, mode=causal
Method                   Time ms                                                                                                                                     Agg TFLOPS    Avg/GPU  KV GB/s/GPU      Check  Note
dcp_mega_varlen          t0=0.165, t1=0.165, t2=0.164, t3=0.162, t4=0.167, t5=0.163, t6=0.163, t7=0.160 | p50(max_across_ranks)=0.167, p90(max_across_ranks)=0.169       1552.6      194.1        244.2       skip  eager; output=bf16_ipc_a2a; runner_preallocated; timing=mega_kernel_only

Mega %globaltimer phase timestamps (per-iteration maximum across benchmark ranks, then p50/p90 across samples; us)
Method                   Phase                                                             p50        p90
dcp_mega_varlen          kernel_start                                                    0.000      0.000
dcp_mega_varlen          q_allgather_done                                               31.376     32.426
dcp_mega_varlen          attention_done                                                127.104    127.946
dcp_mega_varlen          history_combine_done                                          142.432    143.722
dcp_mega_varlen          publish_done                                                  142.432    143.722
dcp_mega_varlen          receive_done                                                  152.304    154.294
dcp_mega_varlen          final_combine_done                                            160.080    162.342
dcp_mega_varlen          kernel_done                                                   160.352    162.653
dcp_mega_varlen          post_completion/q_done_to_publish_done                        113.088    114.349
dcp_mega_varlen          post_completion/publish_done_to_receive_done                   12.864     15.261
dcp_mega_varlen          post_completion/attention_done_to_history_combine_done         16.656     17.539
dcp_mega_varlen          post_completion/history_combine_done_to_final_combine_done     20.704     23.206
Wrote benchmark JSON to benchmark_logs/experiment_suite/dcp-suite/01_dcp_wave-b-timestamps-20260814-132129/results/arrival_2/dcp_4/critical_wave_auto_lpt/comm_sm_16/case_000098_dcp4_hkv2_eager.json

================================================================================
Mega comm_sm=16, case 100/100: case_000099_dcp4_hkv2: B=22, Sq=[16, 16, 16, 16, 16, 16, 16, 16, 16, 16, 16, 16, 16, 16, 16, 16, 16, 16, 16, 16, 4096, 1368], Sk=[3071, 6574, 8879, 12076, 118673, 4037, 27706, 13633, 1075, 37369, 10834, 5171, 1294, 12284, 2777, 3928, 4812, 17212, 1062, 938, 12800, 512], DCP=4, Hkv=2
================================================================================
Config: world_size=8, methods=['dcp_mega_varlen'], QH=32, KVH=2, D=128, TP=8, DCP=4, workload=chunk, execution=eager, baseline_phase_timing=False, warmup=40, iters=60, check=False
Workload: B=22, q_tokens=5784, history_tokens=306717, q_seqlens=[16, 16, 16, 16, 16, 16, 16, 16, 16, 16, 16, 16, 16, 16, 16, 16, 16, 16, 16, 16, 4096, 1368], history_seqlens=[3071, 6574, 8879, 12076, 118673, 4037, 27706, 13633, 1075, 37369, 10834, 5171, 1294, 12284, 2777, 3928, 4812, 17212, 1062, 938, 12800, 512]
Agg TFLOPS uses useful attention work across all TP ranks and p50(max_across_ranks); Avg/GPU divides it by world_size.
KV GB/s/GPU is average logical BF16 K+V bytes read per TP rank divided by p50(max_across_ranks); it is not hardware-counter HBM traffic.

Running B=22, q_tokens=5784, history_tokens=306717, causal=True

B=22, q_tokens=5784, history_tokens=306717, QH=32, KVH=2, D=128, TP=8, DCP=4, mode=causal
Method                   Time ms                                                                                                                                     Agg TFLOPS    Avg/GPU  KV GB/s/GPU      Check  Note
dcp_mega_varlen          t0=0.410, t1=0.411, t2=0.409, t3=0.411, t4=0.410, t5=0.408, t6=0.409, t7=0.410 | p50(max_across_ranks)=0.413, p90(max_across_ranks)=0.416       2662.5      332.8        102.2       skip  eager; output=bf16_ipc_a2a; runner_preallocated; timing=mega_kernel_only

Mega %globaltimer phase timestamps (per-iteration maximum across benchmark ranks, then p50/p90 across samples; us)
Method                   Phase                                                             p50        p90
dcp_mega_varlen          kernel_start                                                    0.000      0.000
dcp_mega_varlen          q_allgather_done                                               73.536     75.277
dcp_mega_varlen          attention_done                                                355.872    357.094
dcp_mega_varlen          history_combine_done                                          378.976    380.202
dcp_mega_varlen          publish_done                                                  378.976    380.202
dcp_mega_varlen          receive_done                                                  390.080    393.578
dcp_mega_varlen          final_combine_done                                            405.824    409.008
dcp_mega_varlen          kernel_done                                                   406.144    409.328
dcp_mega_varlen          post_completion/q_done_to_publish_done                        312.960    314.931
dcp_mega_varlen          post_completion/publish_done_to_receive_done                   17.520     21.245
dcp_mega_varlen          post_completion/attention_done_to_history_combine_done         24.512     25.648
dcp_mega_varlen          post_completion/history_combine_done_to_final_combine_done     32.272     36.301
Wrote benchmark JSON to benchmark_logs/experiment_suite/dcp-suite/01_dcp_wave-b-timestamps-20260814-132129/results/arrival_2/dcp_4/critical_wave_auto_lpt/comm_sm_16/case_000099_dcp4_hkv2_eager.json

Mega comm_sm=16 summary

Mega DCP batch summary
Case                   DCP Method                       p50 ms     p90 ms   Agg TFLOPS
case_000000_dcp4_hkv2    4 dcp_mega_varlen               0.137      0.141        749.6
case_000001_dcp4_hkv2    4 dcp_mega_varlen               0.076      0.078        389.5
case_000002_dcp4_hkv2    4 dcp_mega_varlen               0.089      0.103       1097.5
case_000003_dcp4_hkv2    4 dcp_mega_varlen               0.056      0.057        332.0
case_000004_dcp4_hkv2    4 dcp_mega_varlen               0.072      0.074        429.0
case_000005_dcp4_hkv2    4 dcp_mega_varlen               0.076      0.081        511.3
case_000006_dcp4_hkv2    4 dcp_mega_varlen               0.081      0.107        615.8
case_000007_dcp4_hkv2    4 dcp_mega_varlen               1.225      1.232       4148.6
case_000008_dcp4_hkv2    4 dcp_mega_varlen               0.186      0.197        673.6
case_000009_dcp4_hkv2    4 dcp_mega_varlen               0.120      0.122        646.9
case_000010_dcp4_hkv2    4 dcp_mega_varlen               0.096      0.097        772.7
case_000011_dcp4_hkv2    4 dcp_mega_varlen               0.928      0.930       3551.5
case_000012_dcp4_hkv2    4 dcp_mega_varlen               0.481      0.483       3888.2
case_000013_dcp4_hkv2    4 dcp_mega_varlen               0.086      0.110        524.3
case_000014_dcp4_hkv2    4 dcp_mega_varlen               0.090      0.098        497.4
case_000015_dcp4_hkv2    4 dcp_mega_varlen               0.482      0.483       3883.7
case_000016_dcp4_hkv2    4 dcp_mega_varlen               0.225      0.227       1045.6
case_000017_dcp4_hkv2    4 dcp_mega_varlen               0.081      0.085        500.7
case_000018_dcp4_hkv2    4 dcp_mega_varlen               0.095      0.096        587.7
case_000019_dcp4_hkv2    4 dcp_mega_varlen               0.085      0.087        440.7
case_000020_dcp4_hkv2    4 dcp_mega_varlen               0.076      0.078        357.2
case_000021_dcp4_hkv2    4 dcp_mega_varlen               0.097      0.098        382.6
case_000022_dcp4_hkv2    4 dcp_mega_varlen               0.084      0.086        426.7
case_000023_dcp4_hkv2    4 dcp_mega_varlen               0.649      0.661       4174.8
case_000024_dcp4_hkv2    4 dcp_mega_varlen               0.103      0.126        653.5
case_000025_dcp4_hkv2    4 dcp_mega_varlen               0.100      0.101        646.0
case_000026_dcp4_hkv2    4 dcp_mega_varlen               0.082      0.083        573.6
case_000027_dcp4_hkv2    4 dcp_mega_varlen               0.080      0.082        452.6
case_000028_dcp4_hkv2    4 dcp_mega_varlen               0.096      0.106       1165.8
case_000029_dcp4_hkv2    4 dcp_mega_varlen               0.096      0.097        595.0
case_000030_dcp4_hkv2    4 dcp_mega_varlen               0.089      0.090        805.9
case_000031_dcp4_hkv2    4 dcp_mega_varlen               0.084      0.086        523.1
case_000032_dcp4_hkv2    4 dcp_mega_varlen               0.085      0.085        667.9
case_000033_dcp4_hkv2    4 dcp_mega_varlen               0.095      0.096        556.4
case_000034_dcp4_hkv2    4 dcp_mega_varlen               0.096      0.097        735.2
case_000035_dcp4_hkv2    4 dcp_mega_varlen               0.317      0.321       2692.4
case_000036_dcp4_hkv2    4 dcp_mega_varlen               0.189      0.191       2787.9
case_000037_dcp4_hkv2    4 dcp_mega_varlen               0.096      0.098        554.4
case_000038_dcp4_hkv2    4 dcp_mega_varlen               0.097      0.099        508.4
case_000039_dcp4_hkv2    4 dcp_mega_varlen               0.119      0.122       1463.7
case_000040_dcp4_hkv2    4 dcp_mega_varlen               0.083      0.084        511.2
case_000041_dcp4_hkv2    4 dcp_mega_varlen               0.097      0.099        656.4
case_000042_dcp4_hkv2    4 dcp_mega_varlen               0.332      0.337       2837.5
case_000043_dcp4_hkv2    4 dcp_mega_varlen               0.062      0.063        669.8
case_000044_dcp4_hkv2    4 dcp_mega_varlen               0.111      0.113        424.2
case_000045_dcp4_hkv2    4 dcp_mega_varlen               0.199      0.201       2241.2
case_000046_dcp4_hkv2    4 dcp_mega_varlen               0.065      0.066        445.7
case_000047_dcp4_hkv2    4 dcp_mega_varlen               0.078      0.080        370.5
case_000048_dcp4_hkv2    4 dcp_mega_varlen               0.315      0.318       2528.4
case_000049_dcp4_hkv2    4 dcp_mega_varlen               0.105      0.106        804.5
case_000050_dcp4_hkv2    4 dcp_mega_varlen               0.081      0.088        671.8
case_000051_dcp4_hkv2    4 dcp_mega_varlen               0.108      0.109        681.1
case_000052_dcp4_hkv2    4 dcp_mega_varlen               0.106      0.107        949.5
case_000053_dcp4_hkv2    4 dcp_mega_varlen               0.100      0.101       1092.4
case_000054_dcp4_hkv2    4 dcp_mega_varlen               0.085      0.086        582.7
case_000055_dcp4_hkv2    4 dcp_mega_varlen               0.086      0.087        710.3
case_000056_dcp4_hkv2    4 dcp_mega_varlen               0.062      0.065        491.9
case_000057_dcp4_hkv2    4 dcp_mega_varlen               0.073      0.074        484.7
case_000058_dcp4_hkv2    4 dcp_mega_varlen               0.209      0.216       1058.4
case_000059_dcp4_hkv2    4 dcp_mega_varlen               0.104      0.105       1363.7
case_000060_dcp4_hkv2    4 dcp_mega_varlen               0.223      0.242       1204.3
case_000061_dcp4_hkv2    4 dcp_mega_varlen               0.309      0.313       2456.3
case_000062_dcp4_hkv2    4 dcp_mega_varlen               0.097      0.098        640.6
case_000063_dcp4_hkv2    4 dcp_mega_varlen               0.359      0.364       2964.0
case_000064_dcp4_hkv2    4 dcp_mega_varlen               0.097      0.098        752.8
case_000065_dcp4_hkv2    4 dcp_mega_varlen               0.100      0.102        727.2
case_000066_dcp4_hkv2    4 dcp_mega_varlen               0.077      0.078        424.1
case_000067_dcp4_hkv2    4 dcp_mega_varlen               0.092      0.094        481.6
case_000068_dcp4_hkv2    4 dcp_mega_varlen               0.070      0.070        480.6
case_000069_dcp4_hkv2    4 dcp_mega_varlen               0.080      0.082        428.2
case_000070_dcp4_hkv2    4 dcp_mega_varlen               0.091      0.093       1000.3
case_000071_dcp4_hkv2    4 dcp_mega_varlen               0.091      0.093        529.8
case_000072_dcp4_hkv2    4 dcp_mega_varlen               0.069      0.071        421.0
case_000073_dcp4_hkv2    4 dcp_mega_varlen               0.525      0.527       4040.8
case_000074_dcp4_hkv2    4 dcp_mega_varlen               0.646      0.667       4173.8
case_000075_dcp4_hkv2    4 dcp_mega_varlen               0.106      0.114        755.0
case_000076_dcp4_hkv2    4 dcp_mega_varlen               0.315      0.320       2473.5
case_000077_dcp4_hkv2    4 dcp_mega_varlen               0.075      0.077        694.7
case_000078_dcp4_hkv2    4 dcp_mega_varlen               0.437      0.439       3669.6
case_000079_dcp4_hkv2    4 dcp_mega_varlen               0.092      0.094        888.1
case_000080_dcp4_hkv2    4 dcp_mega_varlen               0.086      0.088        574.3
case_000081_dcp4_hkv2    4 dcp_mega_varlen               1.229      1.248       4425.7
case_000082_dcp4_hkv2    4 dcp_mega_varlen               0.079      0.080        703.5
case_000083_dcp4_hkv2    4 dcp_mega_varlen               0.083      0.092        552.8
case_000084_dcp4_hkv2    4 dcp_mega_varlen               0.356      0.359       2941.9
case_000085_dcp4_hkv2    4 dcp_mega_varlen               0.087      0.089        684.5
case_000086_dcp4_hkv2    4 dcp_mega_varlen               0.362      0.365       2964.5
case_000087_dcp4_hkv2    4 dcp_mega_varlen               0.112      0.144        623.7
case_000088_dcp4_hkv2    4 dcp_mega_varlen               0.078      0.110        499.8
case_000089_dcp4_hkv2    4 dcp_mega_varlen               0.475      0.479       3900.6
case_000090_dcp4_hkv2    4 dcp_mega_varlen               0.091      0.094        529.3
case_000091_dcp4_hkv2    4 dcp_mega_varlen               0.082      0.084        583.0
case_000092_dcp4_hkv2    4 dcp_mega_varlen               0.481      0.489       3883.4
case_000093_dcp4_hkv2    4 dcp_mega_varlen               0.354      0.356       2966.7
case_000094_dcp4_hkv2    4 dcp_mega_varlen               0.098      0.099        982.9
case_000095_dcp4_hkv2    4 dcp_mega_varlen               0.211      0.227       2244.1
case_000096_dcp4_hkv2    4 dcp_mega_varlen               0.062      0.063        396.2
case_000097_dcp4_hkv2    4 dcp_mega_varlen               0.081      0.082        357.4
case_000098_dcp4_hkv2    4 dcp_mega_varlen               0.167      0.169       1552.6
case_000099_dcp4_hkv2    4 dcp_mega_varlen               0.413      0.416       2662.5

Mega DCP workload-weighted summary
Topology        DCP Method                     Cases    Mean ms  Mean TFLOPS     Weighted  Weighted/GPU
dcp4_hkv2         4 dcp_mega_varlen              100      0.189       1288.2       2462.3         307.8
Wrote batch manifest to benchmark_logs/experiment_suite/dcp-suite/01_dcp_wave-b-timestamps-20260814-132129/results/arrival_2/dcp_4/critical_wave_auto_lpt/manifest.json
