CUDA_VISIBLE_DEVICES=0\,1\,2\,3\,4\,5\,6\,7 /home/hychen/min_fa3_demo/.venv/bin/torchrun --standalone --nproc_per_node=8 --module dcp_test.benchmark_dcp_mega_batch --config dcp_test/configs/dcp_mega_six_loads.json --trace-config dcp_test/trace/example_config.json --trace-cases benchmark_logs/experiment_suite/dcp-suite/01_dcp_wave-b-timestamps-20260814-132129/results/arrival_1/dcp_2/trace/cases.jsonl --trace-arrival-time-scale 1 --trace-dcp-size 2 --num-cases 100 --dcp-sizes 2 --implementations mega --num-splits 0 --mega-block-n auto --mega-num-comm-sms 12 --warmup 40 --iters 60 --no-check --no-cuda-graph --mega-phase-timestamps --no-baseline-phase-timing --no-mega-scheduler-heuristic --mega-history-order fifo --output-dir benchmark_logs/experiment_suite/dcp-suite/01_dcp_wave-b-timestamps-20260814-132129/results/arrival_1/dcp_2/fa3_native_fifo --manifest benchmark_logs/experiment_suite/dcp-suite/01_dcp_wave-b-timestamps-20260814-132129/results/arrival_1/dcp_2/fa3_native_fifo/manifest.json
Mega DCP batch: name=dcp_mega_trace, mode=eager, cases=100, methods=['dcp_mega_varlen'], comm_sm_sweep=[12], baseline_phase_timing=False

================================================================================
Mega comm_sm=12, case 1/100: case_000000_dcp2_hkv4: B=7, Sq=[16, 16, 16, 16, 16, 16, 16], Sk=[34829, 19299, 4851, 18875, 19831, 9812, 3803], DCP=2, Hkv=4
================================================================================
Config: world_size=8, methods=['dcp_mega_varlen'], QH=32, KVH=4, D=128, TP=8, DCP=2, workload=chunk, execution=eager, baseline_phase_timing=False, warmup=40, iters=60, check=False
Workload: B=7, q_tokens=112, history_tokens=111300, q_seqlens=[16, 16, 16, 16, 16, 16, 16], history_seqlens=[34829, 19299, 4851, 18875, 19831, 9812, 3803]
Agg TFLOPS uses useful attention work across all TP ranks and p50(max_across_ranks); Avg/GPU divides it by world_size.
KV GB/s/GPU is average logical BF16 K+V bytes read per TP rank divided by p50(max_across_ranks); it is not hardware-counter HBM traffic.

Running B=7, q_tokens=112, history_tokens=111300, causal=True

B=7, q_tokens=112, history_tokens=111300, QH=32, KVH=4, D=128, TP=8, DCP=2, mode=causal
Method                   Time ms                                                                                                                                     Agg TFLOPS    Avg/GPU  KV GB/s/GPU      Check  Note
dcp_mega_varlen          t0=0.057, t1=0.057, t2=0.057, t3=0.057, t4=0.055, t5=0.057, t6=0.057, t7=0.057 | p50(max_across_ranks)=0.058, p90(max_across_ranks)=0.061        500.6       62.6        489.5       skip  eager; output=bf16_ipc_a2a; runner_preallocated; timing=mega_kernel_only

Mega %globaltimer phase timestamps (per-iteration maximum across benchmark ranks, then p50/p90 across samples; us)
Method                   Phase                                                             p50        p90
dcp_mega_varlen          kernel_start                                                    0.000      0.000
dcp_mega_varlen          q_allgather_done                                                4.480      4.576
dcp_mega_varlen          attention_done                                                 20.384     20.640
dcp_mega_varlen          history_combine_done                                           43.904     44.576
dcp_mega_varlen          publish_done                                                   43.904     44.576
dcp_mega_varlen          receive_done                                                   48.672     51.190
dcp_mega_varlen          final_combine_done                                             51.568     54.051
dcp_mega_varlen          kernel_done                                                    51.904     54.371
dcp_mega_varlen          post_completion/q_done_to_publish_done                         39.600     40.291
dcp_mega_varlen          post_completion/publish_done_to_receive_done                    6.096      7.706
dcp_mega_varlen          post_completion/attention_done_to_history_combine_done         23.984     24.576
dcp_mega_varlen          post_completion/history_combine_done_to_final_combine_done      8.992     10.630
Wrote benchmark JSON to benchmark_logs/experiment_suite/dcp-suite/01_dcp_wave-b-timestamps-20260814-132129/results/arrival_1/dcp_2/fa3_native_fifo/comm_sm_12/case_000000_dcp2_hkv4_eager.json

================================================================================
Mega comm_sm=12, case 2/100: case_000001_dcp2_hkv4: B=5, Sq=[16, 16, 16, 16, 16], Sk=[2107, 2455, 3537, 11209, 946], DCP=2, Hkv=4
================================================================================
Config: world_size=8, methods=['dcp_mega_varlen'], QH=32, KVH=4, D=128, TP=8, DCP=2, workload=chunk, execution=eager, baseline_phase_timing=False, warmup=40, iters=60, check=False
Workload: B=5, q_tokens=80, history_tokens=20254, q_seqlens=[16, 16, 16, 16, 16], history_seqlens=[2107, 2455, 3537, 11209, 946]
Agg TFLOPS uses useful attention work across all TP ranks and p50(max_across_ranks); Avg/GPU divides it by world_size.
KV GB/s/GPU is average logical BF16 K+V bytes read per TP rank divided by p50(max_across_ranks); it is not hardware-counter HBM traffic.

Running B=5, q_tokens=80, history_tokens=20254, causal=True

B=5, q_tokens=80, history_tokens=20254, QH=32, KVH=4, D=128, TP=8, DCP=2, mode=causal
Method                   Time ms                                                                                                                                     Agg TFLOPS    Avg/GPU  KV GB/s/GPU      Check  Note
dcp_mega_varlen          t0=0.054, t1=0.053, t2=0.053, t3=0.052, t4=0.052, t5=0.052, t6=0.052, t7=0.054 | p50(max_across_ranks)=0.054, p90(max_across_ranks)=0.056         98.0       12.3         96.3       skip  eager; output=bf16_ipc_a2a; runner_preallocated; timing=mega_kernel_only

Mega %globaltimer phase timestamps (per-iteration maximum across benchmark ranks, then p50/p90 across samples; us)
Method                   Phase                                                             p50        p90
dcp_mega_varlen          kernel_start                                                    0.000      0.000
dcp_mega_varlen          q_allgather_done                                                3.968      4.003
dcp_mega_varlen          attention_done                                                 14.112     14.403
dcp_mega_varlen          history_combine_done                                           39.488     39.782
dcp_mega_varlen          publish_done                                                   39.488     39.782
dcp_mega_varlen          receive_done                                                   44.752     46.339
dcp_mega_varlen          final_combine_done                                             47.760     49.414
dcp_mega_varlen          kernel_done                                                    47.984     49.638
dcp_mega_varlen          post_completion/q_done_to_publish_done                         35.552     35.843
dcp_mega_varlen          post_completion/publish_done_to_receive_done                    6.512      8.192
dcp_mega_varlen          post_completion/attention_done_to_history_combine_done         25.376     25.635
dcp_mega_varlen          post_completion/history_combine_done_to_final_combine_done      9.536     11.184
Wrote benchmark JSON to benchmark_logs/experiment_suite/dcp-suite/01_dcp_wave-b-timestamps-20260814-132129/results/arrival_1/dcp_2/fa3_native_fifo/comm_sm_12/case_000001_dcp2_hkv4_eager.json

================================================================================
Mega comm_sm=12, case 3/100: case_000002_dcp2_hkv4: B=6, Sq=[16, 16, 16, 16, 16, 16], Sk=[29183, 10423, 8206, 76751, 4964, 1138], DCP=2, Hkv=4
================================================================================
Config: world_size=8, methods=['dcp_mega_varlen'], QH=32, KVH=4, D=128, TP=8, DCP=2, workload=chunk, execution=eager, baseline_phase_timing=False, warmup=40, iters=60, check=False
Workload: B=6, q_tokens=96, history_tokens=130665, q_seqlens=[16, 16, 16, 16, 16, 16], history_seqlens=[29183, 10423, 8206, 76751, 4964, 1138]
Agg TFLOPS uses useful attention work across all TP ranks and p50(max_across_ranks); Avg/GPU divides it by world_size.
KV GB/s/GPU is average logical BF16 K+V bytes read per TP rank divided by p50(max_across_ranks); it is not hardware-counter HBM traffic.

Running B=6, q_tokens=96, history_tokens=130665, causal=True

B=6, q_tokens=96, history_tokens=130665, QH=32, KVH=4, D=128, TP=8, DCP=2, mode=causal
Method                   Time ms                                                                                                                                     Agg TFLOPS    Avg/GPU  KV GB/s/GPU      Check  Note
dcp_mega_varlen          t0=0.078, t1=0.078, t2=0.078, t3=0.077, t4=0.076, t5=0.078, t6=0.076, t7=0.080 | p50(max_across_ranks)=0.080, p90(max_across_ranks)=0.082        430.3       53.8        420.7       skip  eager; output=bf16_ipc_a2a; runner_preallocated; timing=mega_kernel_only

Mega %globaltimer phase timestamps (per-iteration maximum across benchmark ranks, then p50/p90 across samples; us)
Method                   Phase                                                             p50        p90
dcp_mega_varlen          kernel_start                                                    0.000      0.000
dcp_mega_varlen          q_allgather_done                                                4.512      4.582
dcp_mega_varlen          attention_done                                                 24.992     25.248
dcp_mega_varlen          history_combine_done                                           63.840     64.355
dcp_mega_varlen          publish_done                                                   63.840     64.355
dcp_mega_varlen          receive_done                                                   70.144     72.221
dcp_mega_varlen          final_combine_done                                             73.088     75.267
dcp_mega_varlen          kernel_done                                                    73.408     75.619
dcp_mega_varlen          post_completion/q_done_to_publish_done                         59.456     60.096
dcp_mega_varlen          post_completion/publish_done_to_receive_done                    7.392      9.632
dcp_mega_varlen          post_completion/attention_done_to_history_combine_done         39.408     39.776
dcp_mega_varlen          post_completion/history_combine_done_to_final_combine_done     10.528     12.730
Wrote benchmark JSON to benchmark_logs/experiment_suite/dcp-suite/01_dcp_wave-b-timestamps-20260814-132129/results/arrival_1/dcp_2/fa3_native_fifo/comm_sm_12/case_000002_dcp2_hkv4_eager.json

================================================================================
Mega comm_sm=12, case 4/100: case_000003_dcp2_hkv4: B=5, Sq=[16, 16, 16, 16, 16], Sk=[31636, 5773, 8882, 24402, 11777], DCP=2, Hkv=4
================================================================================
Config: world_size=8, methods=['dcp_mega_varlen'], QH=32, KVH=4, D=128, TP=8, DCP=2, workload=chunk, execution=eager, baseline_phase_timing=False, warmup=40, iters=60, check=False
Workload: B=5, q_tokens=80, history_tokens=82470, q_seqlens=[16, 16, 16, 16, 16], history_seqlens=[31636, 5773, 8882, 24402, 11777]
Agg TFLOPS uses useful attention work across all TP ranks and p50(max_across_ranks); Avg/GPU divides it by world_size.
KV GB/s/GPU is average logical BF16 K+V bytes read per TP rank divided by p50(max_across_ranks); it is not hardware-counter HBM traffic.

Running B=5, q_tokens=80, history_tokens=82470, causal=True

B=5, q_tokens=80, history_tokens=82470, QH=32, KVH=4, D=128, TP=8, DCP=2, mode=causal
Method                   Time ms                                                                                                                                     Agg TFLOPS    Avg/GPU  KV GB/s/GPU      Check  Note
dcp_mega_varlen          t0=0.060, t1=0.058, t2=0.061, t3=0.058, t4=0.057, t5=0.060, t6=0.056, t7=0.062 | p50(max_across_ranks)=0.062, p90(max_across_ranks)=0.064        348.9       43.6        341.2       skip  eager; output=bf16_ipc_a2a; runner_preallocated; timing=mega_kernel_only

Mega %globaltimer phase timestamps (per-iteration maximum across benchmark ranks, then p50/p90 across samples; us)
Method                   Phase                                                             p50        p90
dcp_mega_varlen          kernel_start                                                    0.000      0.000
dcp_mega_varlen          q_allgather_done                                                4.416      4.544
dcp_mega_varlen          attention_done                                                 18.240     18.464
dcp_mega_varlen          history_combine_done                                           45.952     46.275
dcp_mega_varlen          publish_done                                                   45.952     46.275
dcp_mega_varlen          receive_done                                                   52.608     54.358
dcp_mega_varlen          final_combine_done                                             55.392     57.270
dcp_mega_varlen          kernel_done                                                    55.744     57.619
dcp_mega_varlen          post_completion/q_done_to_publish_done                         41.760     42.147
dcp_mega_varlen          post_completion/publish_done_to_receive_done                    8.096      9.990
dcp_mega_varlen          post_completion/attention_done_to_history_combine_done         27.888     28.352
dcp_mega_varlen          post_completion/history_combine_done_to_final_combine_done     10.912     12.758
Wrote benchmark JSON to benchmark_logs/experiment_suite/dcp-suite/01_dcp_wave-b-timestamps-20260814-132129/results/arrival_1/dcp_2/fa3_native_fifo/comm_sm_12/case_000003_dcp2_hkv4_eager.json

================================================================================
Mega comm_sm=12, case 5/100: case_000004_dcp2_hkv4: B=4, Sq=[16, 16, 16, 16], Sk=[1996, 4473, 15481, 29852], DCP=2, Hkv=4
================================================================================
Config: world_size=8, methods=['dcp_mega_varlen'], QH=32, KVH=4, D=128, TP=8, DCP=2, workload=chunk, execution=eager, baseline_phase_timing=False, warmup=40, iters=60, check=False
Workload: B=4, q_tokens=64, history_tokens=51802, q_seqlens=[16, 16, 16, 16], history_seqlens=[1996, 4473, 15481, 29852]
Agg TFLOPS uses useful attention work across all TP ranks and p50(max_across_ranks); Avg/GPU divides it by world_size.
KV GB/s/GPU is average logical BF16 K+V bytes read per TP rank divided by p50(max_across_ranks); it is not hardware-counter HBM traffic.

Running B=4, q_tokens=64, history_tokens=51802, causal=True

B=4, q_tokens=64, history_tokens=51802, QH=32, KVH=4, D=128, TP=8, DCP=2, mode=causal
Method                   Time ms                                                                                                                                     Agg TFLOPS    Avg/GPU  KV GB/s/GPU      Check  Note
dcp_mega_varlen          t0=0.067, t1=0.066, t2=0.067, t3=0.066, t4=0.065, t5=0.067, t6=0.064, t7=0.068 | p50(max_across_ranks)=0.069, p90(max_across_ranks)=0.070        198.3       24.8        194.0       skip  eager; output=bf16_ipc_a2a; runner_preallocated; timing=mega_kernel_only

Mega %globaltimer phase timestamps (per-iteration maximum across benchmark ranks, then p50/p90 across samples; us)
Method                   Phase                                                             p50        p90
dcp_mega_varlen          kernel_start                                                    0.000      0.000
dcp_mega_varlen          q_allgather_done                                                4.064      4.224
dcp_mega_varlen          attention_done                                                 15.504     15.875
dcp_mega_varlen          history_combine_done                                           52.608     52.992
dcp_mega_varlen          publish_done                                                   52.608     52.992
dcp_mega_varlen          receive_done                                                   58.752     59.994
dcp_mega_varlen          final_combine_done                                             62.048     63.309
dcp_mega_varlen          kernel_done                                                    62.288     63.622
dcp_mega_varlen          post_completion/q_done_to_publish_done                         48.864     49.254
dcp_mega_varlen          post_completion/publish_done_to_receive_done                    7.616      8.944
dcp_mega_varlen          post_completion/attention_done_to_history_combine_done         37.360     37.699
dcp_mega_varlen          post_completion/history_combine_done_to_final_combine_done     10.704     12.234
Wrote benchmark JSON to benchmark_logs/experiment_suite/dcp-suite/01_dcp_wave-b-timestamps-20260814-132129/results/arrival_1/dcp_2/fa3_native_fifo/comm_sm_12/case_000004_dcp2_hkv4_eager.json

================================================================================
Mega comm_sm=12, case 6/100: case_000005_dcp2_hkv4: B=4, Sq=[16, 16, 16, 16], Sk=[16217, 19656, 9886, 5595], DCP=2, Hkv=4
================================================================================
Config: world_size=8, methods=['dcp_mega_varlen'], QH=32, KVH=4, D=128, TP=8, DCP=2, workload=chunk, execution=eager, baseline_phase_timing=False, warmup=40, iters=60, check=False
Workload: B=4, q_tokens=64, history_tokens=51354, q_seqlens=[16, 16, 16, 16], history_seqlens=[16217, 19656, 9886, 5595]
Agg TFLOPS uses useful attention work across all TP ranks and p50(max_across_ranks); Avg/GPU divides it by world_size.
KV GB/s/GPU is average logical BF16 K+V bytes read per TP rank divided by p50(max_across_ranks); it is not hardware-counter HBM traffic.

Running B=4, q_tokens=64, history_tokens=51354, causal=True

B=4, q_tokens=64, history_tokens=51354, QH=32, KVH=4, D=128, TP=8, DCP=2, mode=causal
Method                   Time ms                                                                                                                                     Agg TFLOPS    Avg/GPU  KV GB/s/GPU      Check  Note
dcp_mega_varlen          t0=0.056, t1=0.054, t2=0.057, t3=0.055, t4=0.055, t5=0.056, t6=0.053, t7=0.057 | p50(max_across_ranks)=0.058, p90(max_across_ranks)=0.060        234.1       29.3        229.0       skip  eager; output=bf16_ipc_a2a; runner_preallocated; timing=mega_kernel_only

Mega %globaltimer phase timestamps (per-iteration maximum across benchmark ranks, then p50/p90 across samples; us)
Method                   Phase                                                             p50        p90
dcp_mega_varlen          kernel_start                                                    0.000      0.000
dcp_mega_varlen          q_allgather_done                                                4.144      4.256
dcp_mega_varlen          attention_done                                                 16.064     16.224
dcp_mega_varlen          history_combine_done                                           41.936     42.243
dcp_mega_varlen          publish_done                                                   41.936     42.243
dcp_mega_varlen          receive_done                                                   47.952     50.208
dcp_mega_varlen          final_combine_done                                             51.040     53.213
dcp_mega_varlen          kernel_done                                                    51.312     53.446
dcp_mega_varlen          post_completion/q_done_to_publish_done                         38.144     38.432
dcp_mega_varlen          post_completion/publish_done_to_receive_done                    7.216      9.539
dcp_mega_varlen          post_completion/attention_done_to_history_combine_done         26.288     26.531
dcp_mega_varlen          post_completion/history_combine_done_to_final_combine_done     10.368     12.688
Wrote benchmark JSON to benchmark_logs/experiment_suite/dcp-suite/01_dcp_wave-b-timestamps-20260814-132129/results/arrival_1/dcp_2/fa3_native_fifo/comm_sm_12/case_000005_dcp2_hkv4_eager.json

================================================================================
Mega comm_sm=12, case 7/100: case_000006_dcp2_hkv4: B=14, Sq=[16, 16, 16, 16, 16, 16, 16, 16, 16, 16, 16, 16, 16, 16], Sk=[1846, 1539, 11878, 5678, 52304, 15116, 5585, 5939, 5868, 1059, 36689, 28881, 15188, 26989], DCP=2, Hkv=4
================================================================================
Config: world_size=8, methods=['dcp_mega_varlen'], QH=32, KVH=4, D=128, TP=8, DCP=2, workload=chunk, execution=eager, baseline_phase_timing=False, warmup=40, iters=60, check=False
Workload: B=14, q_tokens=224, history_tokens=214559, q_seqlens=[16, 16, 16, 16, 16, 16, 16, 16, 16, 16, 16, 16, 16, 16], history_seqlens=[1846, 1539, 11878, 5678, 52304, 15116, 5585, 5939, 5868, 1059, 36689, 28881, 15188, 26989]
Agg TFLOPS uses useful attention work across all TP ranks and p50(max_across_ranks); Avg/GPU divides it by world_size.
KV GB/s/GPU is average logical BF16 K+V bytes read per TP rank divided by p50(max_across_ranks); it is not hardware-counter HBM traffic.

Running B=14, q_tokens=224, history_tokens=214559, causal=True

B=14, q_tokens=224, history_tokens=214559, QH=32, KVH=4, D=128, TP=8, DCP=2, mode=causal
Method                   Time ms                                                                                                                                     Agg TFLOPS    Avg/GPU  KV GB/s/GPU      Check  Note
dcp_mega_varlen          t0=0.070, t1=0.070, t2=0.071, t3=0.069, t4=0.070, t5=0.071, t6=0.070, t7=0.071 | p50(max_across_ranks)=0.072, p90(max_across_ranks)=0.074        782.3       97.8        765.1       skip  eager; output=bf16_ipc_a2a; runner_preallocated; timing=mega_kernel_only

Mega %globaltimer phase timestamps (per-iteration maximum across benchmark ranks, then p50/p90 across samples; us)
Method                   Phase                                                             p50        p90
dcp_mega_varlen          kernel_start                                                    0.000      0.000
dcp_mega_varlen          q_allgather_done                                                4.512      4.608
dcp_mega_varlen          attention_done                                                 37.152     37.930
dcp_mega_varlen          history_combine_done                                           56.784     57.475
dcp_mega_varlen          publish_done                                                   56.784     57.475
dcp_mega_varlen          receive_done                                                   61.984     64.090
dcp_mega_varlen          final_combine_done                                             65.536     67.536
dcp_mega_varlen          kernel_done                                                    65.760     67.760
dcp_mega_varlen          post_completion/q_done_to_publish_done                         52.448     53.219
dcp_mega_varlen          post_completion/publish_done_to_receive_done                    7.344      9.798
dcp_mega_varlen          post_completion/attention_done_to_history_combine_done         21.520     22.349
dcp_mega_varlen          post_completion/history_combine_done_to_final_combine_done     10.672     13.245
Wrote benchmark JSON to benchmark_logs/experiment_suite/dcp-suite/01_dcp_wave-b-timestamps-20260814-132129/results/arrival_1/dcp_2/fa3_native_fifo/comm_sm_12/case_000006_dcp2_hkv4_eager.json

================================================================================
Mega comm_sm=12, case 8/100: case_000007_dcp2_hkv4: B=7, Sq=[16, 16, 16, 16, 16, 16, 16], Sk=[8813, 2652, 19239, 6525, 1108, 18667, 10759], DCP=2, Hkv=4
================================================================================
Config: world_size=8, methods=['dcp_mega_varlen'], QH=32, KVH=4, D=128, TP=8, DCP=2, workload=chunk, execution=eager, baseline_phase_timing=False, warmup=40, iters=60, check=False
Workload: B=7, q_tokens=112, history_tokens=67763, q_seqlens=[16, 16, 16, 16, 16, 16, 16], history_seqlens=[8813, 2652, 19239, 6525, 1108, 18667, 10759]
Agg TFLOPS uses useful attention work across all TP ranks and p50(max_across_ranks); Avg/GPU divides it by world_size.
KV GB/s/GPU is average logical BF16 K+V bytes read per TP rank divided by p50(max_across_ranks); it is not hardware-counter HBM traffic.

Running B=7, q_tokens=112, history_tokens=67763, causal=True

B=7, q_tokens=112, history_tokens=67763, QH=32, KVH=4, D=128, TP=8, DCP=2, mode=causal
Method                   Time ms                                                                                                                                     Agg TFLOPS    Avg/GPU  KV GB/s/GPU      Check  Note
dcp_mega_varlen          t0=0.050, t1=0.049, t2=0.050, t3=0.049, t4=0.049, t5=0.050, t6=0.049, t7=0.050 | p50(max_across_ranks)=0.051, p90(max_across_ranks)=0.053        348.2       43.5        340.9       skip  eager; output=bf16_ipc_a2a; runner_preallocated; timing=mega_kernel_only

Mega %globaltimer phase timestamps (per-iteration maximum across benchmark ranks, then p50/p90 across samples; us)
Method                   Phase                                                             p50        p90
dcp_mega_varlen          kernel_start                                                    0.000      0.000
dcp_mega_varlen          q_allgather_done                                                4.224      4.352
dcp_mega_varlen          attention_done                                                 17.200     17.315
dcp_mega_varlen          history_combine_done                                           36.288     36.547
dcp_mega_varlen          publish_done                                                   36.288     36.547
dcp_mega_varlen          receive_done                                                   41.408     43.302
dcp_mega_varlen          final_combine_done                                             44.352     46.179
dcp_mega_varlen          kernel_done                                                    44.608     46.403
dcp_mega_varlen          post_completion/q_done_to_publish_done                         32.288     32.515
dcp_mega_varlen          post_completion/publish_done_to_receive_done                    5.936      7.501
dcp_mega_varlen          post_completion/attention_done_to_history_combine_done         19.712     20.000
dcp_mega_varlen          post_completion/history_combine_done_to_final_combine_done      8.912     10.352
Wrote benchmark JSON to benchmark_logs/experiment_suite/dcp-suite/01_dcp_wave-b-timestamps-20260814-132129/results/arrival_1/dcp_2/fa3_native_fifo/comm_sm_12/case_000007_dcp2_hkv4_eager.json

================================================================================
Mega comm_sm=12, case 9/100: case_000008_dcp2_hkv4: B=9, Sq=[16, 16, 16, 16, 16, 16, 16, 16, 16], Sk=[2374, 32782, 10855, 11310, 13315, 20167, 32383, 13820, 7857], DCP=2, Hkv=4
================================================================================
Config: world_size=8, methods=['dcp_mega_varlen'], QH=32, KVH=4, D=128, TP=8, DCP=2, workload=chunk, execution=eager, baseline_phase_timing=False, warmup=40, iters=60, check=False
Workload: B=9, q_tokens=144, history_tokens=144863, q_seqlens=[16, 16, 16, 16, 16, 16, 16, 16, 16], history_seqlens=[2374, 32782, 10855, 11310, 13315, 20167, 32383, 13820, 7857]
Agg TFLOPS uses useful attention work across all TP ranks and p50(max_across_ranks); Avg/GPU divides it by world_size.
KV GB/s/GPU is average logical BF16 K+V bytes read per TP rank divided by p50(max_across_ranks); it is not hardware-counter HBM traffic.

Running B=9, q_tokens=144, history_tokens=144863, causal=True

B=9, q_tokens=144, history_tokens=144863, QH=32, KVH=4, D=128, TP=8, DCP=2, mode=causal
Method                   Time ms                                                                                                                                     Agg TFLOPS    Avg/GPU  KV GB/s/GPU      Check  Note
dcp_mega_varlen          t0=0.062, t1=0.061, t2=0.062, t3=0.061, t4=0.060, t5=0.062, t6=0.060, t7=0.061 | p50(max_across_ranks)=0.063, p90(max_across_ranks)=0.065        606.6       75.8        593.2       skip  eager; output=bf16_ipc_a2a; runner_preallocated; timing=mega_kernel_only

Mega %globaltimer phase timestamps (per-iteration maximum across benchmark ranks, then p50/p90 across samples; us)
Method                   Phase                                                             p50        p90
dcp_mega_varlen          kernel_start                                                    0.000      0.000
dcp_mega_varlen          q_allgather_done                                                4.480      4.608
dcp_mega_varlen          attention_done                                                 28.640     29.194
dcp_mega_varlen          history_combine_done                                           47.600     48.064
dcp_mega_varlen          publish_done                                                   47.600     48.064
dcp_mega_varlen          receive_done                                                   52.800     54.918
dcp_mega_varlen          final_combine_done                                             55.920     58.093
dcp_mega_varlen          kernel_done                                                    56.224     58.317
dcp_mega_varlen          post_completion/q_done_to_publish_done                         43.296     43.747
dcp_mega_varlen          post_completion/publish_done_to_receive_done                    5.888      8.029
dcp_mega_varlen          post_completion/attention_done_to_history_combine_done         19.904     20.358
dcp_mega_varlen          post_completion/history_combine_done_to_final_combine_done      8.992     11.091
Wrote benchmark JSON to benchmark_logs/experiment_suite/dcp-suite/01_dcp_wave-b-timestamps-20260814-132129/results/arrival_1/dcp_2/fa3_native_fifo/comm_sm_12/case_000008_dcp2_hkv4_eager.json

================================================================================
Mega comm_sm=12, case 10/100: case_000009_dcp2_hkv4: B=5, Sq=[16, 16, 16, 16, 16], Sk=[20744, 6699, 35554, 3210, 1074], DCP=2, Hkv=4
================================================================================
Config: world_size=8, methods=['dcp_mega_varlen'], QH=32, KVH=4, D=128, TP=8, DCP=2, workload=chunk, execution=eager, baseline_phase_timing=False, warmup=40, iters=60, check=False
Workload: B=5, q_tokens=80, history_tokens=67281, q_seqlens=[16, 16, 16, 16, 16], history_seqlens=[20744, 6699, 35554, 3210, 1074]
Agg TFLOPS uses useful attention work across all TP ranks and p50(max_across_ranks); Avg/GPU divides it by world_size.
KV GB/s/GPU is average logical BF16 K+V bytes read per TP rank divided by p50(max_across_ranks); it is not hardware-counter HBM traffic.

Running B=5, q_tokens=80, history_tokens=67281, causal=True

B=5, q_tokens=80, history_tokens=67281, QH=32, KVH=4, D=128, TP=8, DCP=2, mode=causal
Method                   Time ms                                                                                                                                     Agg TFLOPS    Avg/GPU  KV GB/s/GPU      Check  Note
dcp_mega_varlen          t0=0.062, t1=0.060, t2=0.061, t3=0.061, t4=0.060, t5=0.061, t6=0.060, t7=0.061 | p50(max_across_ranks)=0.062, p90(max_across_ranks)=0.065        284.2       35.5        278.0       skip  eager; output=bf16_ipc_a2a; runner_preallocated; timing=mega_kernel_only

Mega %globaltimer phase timestamps (per-iteration maximum across benchmark ranks, then p50/p90 across samples; us)
Method                   Phase                                                             p50        p90
dcp_mega_varlen          kernel_start                                                    0.000      0.000
dcp_mega_varlen          q_allgather_done                                                4.112      4.195
dcp_mega_varlen          attention_done                                                 17.280     17.379
dcp_mega_varlen          history_combine_done                                           47.392     47.904
dcp_mega_varlen          publish_done                                                   47.392     47.904
dcp_mega_varlen          receive_done                                                   52.528     54.941
dcp_mega_varlen          final_combine_done                                             55.392     57.965
dcp_mega_varlen          kernel_done                                                    55.728     58.314
dcp_mega_varlen          post_completion/q_done_to_publish_done                         43.408     43.779
dcp_mega_varlen          post_completion/publish_done_to_receive_done                    5.936      8.218
dcp_mega_varlen          post_completion/attention_done_to_history_combine_done         30.400     30.723
dcp_mega_varlen          post_completion/history_combine_done_to_final_combine_done      8.912     11.114
Wrote benchmark JSON to benchmark_logs/experiment_suite/dcp-suite/01_dcp_wave-b-timestamps-20260814-132129/results/arrival_1/dcp_2/fa3_native_fifo/comm_sm_12/case_000009_dcp2_hkv4_eager.json

================================================================================
Mega comm_sm=12, case 11/100: case_000010_dcp2_hkv4: B=6, Sq=[16, 16, 16, 16, 16, 16], Sk=[1145, 5197, 5174, 27678, 920, 5544], DCP=2, Hkv=4
================================================================================
Config: world_size=8, methods=['dcp_mega_varlen'], QH=32, KVH=4, D=128, TP=8, DCP=2, workload=chunk, execution=eager, baseline_phase_timing=False, warmup=40, iters=60, check=False
Workload: B=6, q_tokens=96, history_tokens=45658, q_seqlens=[16, 16, 16, 16, 16, 16], history_seqlens=[1145, 5197, 5174, 27678, 920, 5544]
Agg TFLOPS uses useful attention work across all TP ranks and p50(max_across_ranks); Avg/GPU divides it by world_size.
KV GB/s/GPU is average logical BF16 K+V bytes read per TP rank divided by p50(max_across_ranks); it is not hardware-counter HBM traffic.

Running B=6, q_tokens=96, history_tokens=45658, causal=True

B=6, q_tokens=96, history_tokens=45658, QH=32, KVH=4, D=128, TP=8, DCP=2, mode=causal
Method                   Time ms                                                                                                                                     Agg TFLOPS    Avg/GPU  KV GB/s/GPU      Check  Note
dcp_mega_varlen          t0=0.064, t1=0.063, t2=0.064, t3=0.063, t4=0.063, t5=0.064, t6=0.064, t7=0.064 | p50(max_across_ranks)=0.065, p90(max_across_ranks)=0.068        183.9       23.0        180.1       skip  eager; output=bf16_ipc_a2a; runner_preallocated; timing=mega_kernel_only

Mega %globaltimer phase timestamps (per-iteration maximum across benchmark ranks, then p50/p90 across samples; us)
Method                   Phase                                                             p50        p90
dcp_mega_varlen          kernel_start                                                    0.000      0.000
dcp_mega_varlen          q_allgather_done                                                4.160      4.288
dcp_mega_varlen          attention_done                                                 15.648     15.904
dcp_mega_varlen          history_combine_done                                           50.176     50.531
dcp_mega_varlen          publish_done                                                   50.176     50.531
dcp_mega_varlen          receive_done                                                   55.568     58.147
dcp_mega_varlen          final_combine_done                                             58.528     61.117
dcp_mega_varlen          kernel_done                                                    58.800     61.440
dcp_mega_varlen          post_completion/q_done_to_publish_done                         46.256     46.688
dcp_mega_varlen          post_completion/publish_done_to_receive_done                    6.224      8.605
dcp_mega_varlen          post_completion/attention_done_to_history_combine_done         34.816     35.171
dcp_mega_varlen          post_completion/history_combine_done_to_final_combine_done      9.200     11.776
Wrote benchmark JSON to benchmark_logs/experiment_suite/dcp-suite/01_dcp_wave-b-timestamps-20260814-132129/results/arrival_1/dcp_2/fa3_native_fifo/comm_sm_12/case_000010_dcp2_hkv4_eager.json

================================================================================
Mega comm_sm=12, case 12/100: case_000011_dcp2_hkv4: B=9, Sq=[16, 16, 16, 16, 16, 16, 16, 16, 16], Sk=[1664, 5157, 16423, 16189, 25995, 6229, 22251, 5791, 15741], DCP=2, Hkv=4
================================================================================
Config: world_size=8, methods=['dcp_mega_varlen'], QH=32, KVH=4, D=128, TP=8, DCP=2, workload=chunk, execution=eager, baseline_phase_timing=False, warmup=40, iters=60, check=False
Workload: B=9, q_tokens=144, history_tokens=115440, q_seqlens=[16, 16, 16, 16, 16, 16, 16, 16, 16], history_seqlens=[1664, 5157, 16423, 16189, 25995, 6229, 22251, 5791, 15741]
Agg TFLOPS uses useful attention work across all TP ranks and p50(max_across_ranks); Avg/GPU divides it by world_size.
KV GB/s/GPU is average logical BF16 K+V bytes read per TP rank divided by p50(max_across_ranks); it is not hardware-counter HBM traffic.

Running B=9, q_tokens=144, history_tokens=115440, causal=True

B=9, q_tokens=144, history_tokens=115440, QH=32, KVH=4, D=128, TP=8, DCP=2, mode=causal
Method                   Time ms                                                                                                                                     Agg TFLOPS    Avg/GPU  KV GB/s/GPU      Check  Note
dcp_mega_varlen          t0=0.056, t1=0.056, t2=0.056, t3=0.055, t4=0.054, t5=0.056, t6=0.055, t7=0.056 | p50(max_across_ranks)=0.057, p90(max_across_ranks)=0.062        529.6       66.2        518.1       skip  eager; output=bf16_ipc_a2a; runner_preallocated; timing=mega_kernel_only

Mega %globaltimer phase timestamps (per-iteration maximum across benchmark ranks, then p50/p90 across samples; us)
Method                   Phase                                                             p50        p90
dcp_mega_varlen          kernel_start                                                    0.000      0.000
dcp_mega_varlen          q_allgather_done                                                4.480      4.576
dcp_mega_varlen          attention_done                                                 23.536     24.515
dcp_mega_varlen          history_combine_done                                           42.176     42.659
dcp_mega_varlen          publish_done                                                   42.176     42.659
dcp_mega_varlen          receive_done                                                   47.424     52.614
dcp_mega_varlen          final_combine_done                                             50.592     55.523
dcp_mega_varlen          kernel_done                                                    50.896     55.747
dcp_mega_varlen          post_completion/q_done_to_publish_done                         37.904     38.378
dcp_mega_varlen          post_completion/publish_done_to_receive_done                    6.496     11.379
dcp_mega_varlen          post_completion/attention_done_to_history_combine_done         19.248     19.776
dcp_mega_varlen          post_completion/history_combine_done_to_final_combine_done      9.792     14.288
Wrote benchmark JSON to benchmark_logs/experiment_suite/dcp-suite/01_dcp_wave-b-timestamps-20260814-132129/results/arrival_1/dcp_2/fa3_native_fifo/comm_sm_12/case_000011_dcp2_hkv4_eager.json

================================================================================
Mega comm_sm=12, case 13/100: case_000012_dcp2_hkv4: B=6, Sq=[16, 16, 16, 16, 16, 16], Sk=[1735, 39864, 3989, 27748, 7209, 5112], DCP=2, Hkv=4
================================================================================
Config: world_size=8, methods=['dcp_mega_varlen'], QH=32, KVH=4, D=128, TP=8, DCP=2, workload=chunk, execution=eager, baseline_phase_timing=False, warmup=40, iters=60, check=False
Workload: B=6, q_tokens=96, history_tokens=85657, q_seqlens=[16, 16, 16, 16, 16, 16], history_seqlens=[1735, 39864, 3989, 27748, 7209, 5112]
Agg TFLOPS uses useful attention work across all TP ranks and p50(max_across_ranks); Avg/GPU divides it by world_size.
KV GB/s/GPU is average logical BF16 K+V bytes read per TP rank divided by p50(max_across_ranks); it is not hardware-counter HBM traffic.

Running B=6, q_tokens=96, history_tokens=85657, causal=True

B=6, q_tokens=96, history_tokens=85657, QH=32, KVH=4, D=128, TP=8, DCP=2, mode=causal
Method                   Time ms                                                                                                                                     Agg TFLOPS    Avg/GPU  KV GB/s/GPU      Check  Note
dcp_mega_varlen          t0=0.066, t1=0.066, t2=0.068, t3=0.065, t4=0.065, t5=0.067, t6=0.066, t7=0.066 | p50(max_across_ranks)=0.068, p90(max_across_ranks)=0.073        328.2       41.0        321.0       skip  eager; output=bf16_ipc_a2a; runner_preallocated; timing=mega_kernel_only

Mega %globaltimer phase timestamps (per-iteration maximum across benchmark ranks, then p50/p90 across samples; us)
Method                   Phase                                                             p50        p90
dcp_mega_varlen          kernel_start                                                    0.000      0.000
dcp_mega_varlen          q_allgather_done                                                4.480      4.608
dcp_mega_varlen          attention_done                                                 18.688     18.886
dcp_mega_varlen          history_combine_done                                           52.720     53.248
dcp_mega_varlen          publish_done                                                   52.720     53.248
dcp_mega_varlen          receive_done                                                   58.576     63.213
dcp_mega_varlen          final_combine_done                                             61.712     66.304
dcp_mega_varlen          kernel_done                                                    62.048     66.627
dcp_mega_varlen          post_completion/q_done_to_publish_done                         48.432     48.931
dcp_mega_varlen          post_completion/publish_done_to_receive_done                    7.472     11.898
dcp_mega_varlen          post_completion/attention_done_to_history_combine_done         34.256     34.752
dcp_mega_varlen          post_completion/history_combine_done_to_final_combine_done     10.512     14.886
Wrote benchmark JSON to benchmark_logs/experiment_suite/dcp-suite/01_dcp_wave-b-timestamps-20260814-132129/results/arrival_1/dcp_2/fa3_native_fifo/comm_sm_12/case_000012_dcp2_hkv4_eager.json

================================================================================
Mega comm_sm=12, case 14/100: case_000013_dcp2_hkv4: B=9, Sq=[16, 16, 16, 16, 16, 16, 16, 16, 16], Sk=[2276, 27288, 1248, 7323, 1508, 47636, 7628, 5157, 74812], DCP=2, Hkv=4
================================================================================
Config: world_size=8, methods=['dcp_mega_varlen'], QH=32, KVH=4, D=128, TP=8, DCP=2, workload=chunk, execution=eager, baseline_phase_timing=False, warmup=40, iters=60, check=False
Workload: B=9, q_tokens=144, history_tokens=174876, q_seqlens=[16, 16, 16, 16, 16, 16, 16, 16, 16], history_seqlens=[2276, 27288, 1248, 7323, 1508, 47636, 7628, 5157, 74812]
Agg TFLOPS uses useful attention work across all TP ranks and p50(max_across_ranks); Avg/GPU divides it by world_size.
KV GB/s/GPU is average logical BF16 K+V bytes read per TP rank divided by p50(max_across_ranks); it is not hardware-counter HBM traffic.

Running B=9, q_tokens=144, history_tokens=174876, causal=True

B=9, q_tokens=144, history_tokens=174876, QH=32, KVH=4, D=128, TP=8, DCP=2, mode=causal
Method                   Time ms                                                                                                                                     Agg TFLOPS    Avg/GPU  KV GB/s/GPU      Check  Note
dcp_mega_varlen          t0=0.078, t1=0.077, t2=0.078, t3=0.077, t4=0.077, t5=0.078, t6=0.077, t7=0.077 | p50(max_across_ranks)=0.079, p90(max_across_ranks)=0.080        582.5       72.8        569.5       skip  eager; output=bf16_ipc_a2a; runner_preallocated; timing=mega_kernel_only

Mega %globaltimer phase timestamps (per-iteration maximum across benchmark ranks, then p50/p90 across samples; us)
Method                   Phase                                                             p50        p90
dcp_mega_varlen          kernel_start                                                    0.000      0.000
dcp_mega_varlen          q_allgather_done                                                4.496      4.608
dcp_mega_varlen          attention_done                                                 32.064     33.472
dcp_mega_varlen          history_combine_done                                           63.872     64.323
dcp_mega_varlen          publish_done                                                   63.872     64.323
dcp_mega_varlen          receive_done                                                   68.784     70.102
dcp_mega_varlen          final_combine_done                                             72.112     73.440
dcp_mega_varlen          kernel_done                                                    72.336     73.664
dcp_mega_varlen          post_completion/q_done_to_publish_done                         59.472     60.003
dcp_mega_varlen          post_completion/publish_done_to_receive_done                    5.952      7.584
dcp_mega_varlen          post_completion/attention_done_to_history_combine_done         33.184     33.539
dcp_mega_varlen          post_completion/history_combine_done_to_final_combine_done      9.248     10.768
Wrote benchmark JSON to benchmark_logs/experiment_suite/dcp-suite/01_dcp_wave-b-timestamps-20260814-132129/results/arrival_1/dcp_2/fa3_native_fifo/comm_sm_12/case_000013_dcp2_hkv4_eager.json

================================================================================
Mega comm_sm=12, case 15/100: case_000014_dcp2_hkv4: B=9, Sq=[16, 16, 16, 16, 16, 16, 16, 16, 4096], Sk=[8376, 10306, 3986, 3205, 3558, 10148, 12786, 26101, 111104], DCP=2, Hkv=4
================================================================================
Config: world_size=8, methods=['dcp_mega_varlen'], QH=32, KVH=4, D=128, TP=8, DCP=2, workload=chunk, execution=eager, baseline_phase_timing=False, warmup=40, iters=60, check=False
Workload: B=9, q_tokens=4224, history_tokens=189570, q_seqlens=[16, 16, 16, 16, 16, 16, 16, 16, 4096], history_seqlens=[8376, 10306, 3986, 3205, 3558, 10148, 12786, 26101, 111104]
Agg TFLOPS uses useful attention work across all TP ranks and p50(max_across_ranks); Avg/GPU divides it by world_size.
KV GB/s/GPU is average logical BF16 K+V bytes read per TP rank divided by p50(max_across_ranks); it is not hardware-counter HBM traffic.

Running B=9, q_tokens=4224, history_tokens=189570, causal=True

B=9, q_tokens=4224, history_tokens=189570, QH=32, KVH=4, D=128, TP=8, DCP=2, mode=causal
Method                   Time ms                                                                                                                                     Agg TFLOPS    Avg/GPU  KV GB/s/GPU      Check  Note
dcp_mega_varlen          t0=1.927, t1=1.923, t2=1.936, t3=1.922, t4=1.920, t5=1.917, t6=1.927, t7=1.916 | p50(max_across_ranks)=1.941, p90(max_across_ranks)=1.953       3922.0      490.3         26.1       skip  eager; output=bf16_ipc_a2a; runner_preallocated; timing=mega_kernel_only

Mega %globaltimer phase timestamps (per-iteration maximum across benchmark ranks, then p50/p90 across samples; us)
Method                   Phase                                                             p50        p90
dcp_mega_varlen          kernel_start                                                    0.000      0.000
dcp_mega_varlen          q_allgather_done                                               27.840     28.416
dcp_mega_varlen          attention_done                                               1903.360   1911.130
dcp_mega_varlen          history_combine_done                                         1918.624   1927.456
dcp_mega_varlen          publish_done                                                 1918.624   1927.456
dcp_mega_varlen          receive_done                                                 1926.720   1937.459
dcp_mega_varlen          final_combine_done                                           1934.544   1945.629
dcp_mega_varlen          kernel_done                                                  1934.848   1945.952
dcp_mega_varlen          post_completion/q_done_to_publish_done                       1891.712   1900.070
dcp_mega_varlen          post_completion/publish_done_to_receive_done                   47.440     60.746
dcp_mega_varlen          post_completion/attention_done_to_history_combine_done         16.576     17.667
dcp_mega_varlen          post_completion/history_combine_done_to_final_combine_done     55.616     68.960
Wrote benchmark JSON to benchmark_logs/experiment_suite/dcp-suite/01_dcp_wave-b-timestamps-20260814-132129/results/arrival_1/dcp_2/fa3_native_fifo/comm_sm_12/case_000014_dcp2_hkv4_eager.json

================================================================================
Mega comm_sm=12, case 16/100: case_000015_dcp2_hkv4: B=6, Sq=[16, 16, 16, 16, 16, 16], Sk=[14590, 4109, 28470, 40398, 16136, 9396], DCP=2, Hkv=4
================================================================================
Config: world_size=8, methods=['dcp_mega_varlen'], QH=32, KVH=4, D=128, TP=8, DCP=2, workload=chunk, execution=eager, baseline_phase_timing=False, warmup=40, iters=60, check=False
Workload: B=6, q_tokens=96, history_tokens=113099, q_seqlens=[16, 16, 16, 16, 16, 16], history_seqlens=[14590, 4109, 28470, 40398, 16136, 9396]
Agg TFLOPS uses useful attention work across all TP ranks and p50(max_across_ranks); Avg/GPU divides it by world_size.
KV GB/s/GPU is average logical BF16 K+V bytes read per TP rank divided by p50(max_across_ranks); it is not hardware-counter HBM traffic.

Running B=6, q_tokens=96, history_tokens=113099, causal=True

B=6, q_tokens=96, history_tokens=113099, QH=32, KVH=4, D=128, TP=8, DCP=2, mode=causal
Method                   Time ms                                                                                                                                     Agg TFLOPS    Avg/GPU  KV GB/s/GPU      Check  Note
dcp_mega_varlen          t0=0.063, t1=0.063, t2=0.063, t3=0.062, t4=0.062, t5=0.064, t6=0.062, t7=0.063 | p50(max_across_ranks)=0.065, p90(max_across_ranks)=0.075        457.0       57.1        446.8       skip  eager; output=bf16_ipc_a2a; runner_preallocated; timing=mega_kernel_only

Mega %globaltimer phase timestamps (per-iteration maximum across benchmark ranks, then p50/p90 across samples; us)
Method                   Phase                                                             p50        p90
dcp_mega_varlen          kernel_start                                                    0.000      0.000
dcp_mega_varlen          q_allgather_done                                                4.512      4.611
dcp_mega_varlen          attention_done                                                 21.760     21.955
dcp_mega_varlen          history_combine_done                                           49.184     49.696
dcp_mega_varlen          publish_done                                                   49.184     49.696
dcp_mega_varlen          receive_done                                                   54.912     64.966
dcp_mega_varlen          final_combine_done                                             58.160     68.282
dcp_mega_varlen          kernel_done                                                    58.432     68.592
dcp_mega_varlen          post_completion/q_done_to_publish_done                         44.896     45.414
dcp_mega_varlen          post_completion/publish_done_to_receive_done                    7.008     16.000
dcp_mega_varlen          post_completion/attention_done_to_history_combine_done         27.968     28.582
dcp_mega_varlen          post_completion/history_combine_done_to_final_combine_done     10.016     19.315
Wrote benchmark JSON to benchmark_logs/experiment_suite/dcp-suite/01_dcp_wave-b-timestamps-20260814-132129/results/arrival_1/dcp_2/fa3_native_fifo/comm_sm_12/case_000015_dcp2_hkv4_eager.json

================================================================================
Mega comm_sm=12, case 17/100: case_000016_dcp2_hkv4: B=10, Sq=[16, 16, 16, 16, 16, 16, 16, 16, 16, 16], Sk=[29259, 7530, 41393, 1308, 11671, 14112, 949, 11962, 1962, 1255], DCP=2, Hkv=4
================================================================================
Config: world_size=8, methods=['dcp_mega_varlen'], QH=32, KVH=4, D=128, TP=8, DCP=2, workload=chunk, execution=eager, baseline_phase_timing=False, warmup=40, iters=60, check=False
Workload: B=10, q_tokens=160, history_tokens=121401, q_seqlens=[16, 16, 16, 16, 16, 16, 16, 16, 16, 16], history_seqlens=[29259, 7530, 41393, 1308, 11671, 14112, 949, 11962, 1962, 1255]
Agg TFLOPS uses useful attention work across all TP ranks and p50(max_across_ranks); Avg/GPU divides it by world_size.
KV GB/s/GPU is average logical BF16 K+V bytes read per TP rank divided by p50(max_across_ranks); it is not hardware-counter HBM traffic.

Running B=10, q_tokens=160, history_tokens=121401, causal=True

B=10, q_tokens=160, history_tokens=121401, QH=32, KVH=4, D=128, TP=8, DCP=2, mode=causal
Method                   Time ms                                                                                                                                     Agg TFLOPS    Avg/GPU  KV GB/s/GPU      Check  Note
dcp_mega_varlen          t0=0.065, t1=0.063, t2=0.065, t3=0.064, t4=0.064, t5=0.065, t6=0.064, t7=0.065 | p50(max_across_ranks)=0.066, p90(max_across_ranks)=0.067        481.9       60.2        471.6       skip  eager; output=bf16_ipc_a2a; runner_preallocated; timing=mega_kernel_only

Mega %globaltimer phase timestamps (per-iteration maximum across benchmark ranks, then p50/p90 across samples; us)
Method                   Phase                                                             p50        p90
dcp_mega_varlen          kernel_start                                                    0.000      0.000
dcp_mega_varlen          q_allgather_done                                                4.512      4.579
dcp_mega_varlen          attention_done                                                 30.496     31.296
dcp_mega_varlen          history_combine_done                                           51.296     51.875
dcp_mega_varlen          publish_done                                                   51.296     51.875
dcp_mega_varlen          receive_done                                                   56.496     57.440
dcp_mega_varlen          final_combine_done                                             59.472     60.342
dcp_mega_varlen          kernel_done                                                    59.712     60.566
dcp_mega_varlen          post_completion/q_done_to_publish_done                         46.912     47.459
dcp_mega_varlen          post_completion/publish_done_to_receive_done                    6.656      7.680
dcp_mega_varlen          post_completion/attention_done_to_history_combine_done         23.552     24.195
dcp_mega_varlen          post_completion/history_combine_done_to_final_combine_done      9.648     10.605
Wrote benchmark JSON to benchmark_logs/experiment_suite/dcp-suite/01_dcp_wave-b-timestamps-20260814-132129/results/arrival_1/dcp_2/fa3_native_fifo/comm_sm_12/case_000016_dcp2_hkv4_eager.json

================================================================================
Mega comm_sm=12, case 18/100: case_000017_dcp2_hkv4: B=4, Sq=[16, 16, 16, 16], Sk=[12038, 85467, 1552, 3132], DCP=2, Hkv=4
================================================================================
Config: world_size=8, methods=['dcp_mega_varlen'], QH=32, KVH=4, D=128, TP=8, DCP=2, workload=chunk, execution=eager, baseline_phase_timing=False, warmup=40, iters=60, check=False
Workload: B=4, q_tokens=64, history_tokens=102189, q_seqlens=[16, 16, 16, 16], history_seqlens=[12038, 85467, 1552, 3132]
Agg TFLOPS uses useful attention work across all TP ranks and p50(max_across_ranks); Avg/GPU divides it by world_size.
KV GB/s/GPU is average logical BF16 K+V bytes read per TP rank divided by p50(max_across_ranks); it is not hardware-counter HBM traffic.

Running B=4, q_tokens=64, history_tokens=102189, causal=True

B=4, q_tokens=64, history_tokens=102189, QH=32, KVH=4, D=128, TP=8, DCP=2, mode=causal
Method                   Time ms                                                                                                                                     Agg TFLOPS    Avg/GPU  KV GB/s/GPU      Check  Note
dcp_mega_varlen          t0=0.084, t1=0.084, t2=0.084, t3=0.085, t4=0.083, t5=0.084, t6=0.085, t7=0.085 | p50(max_across_ranks)=0.086, p90(max_across_ranks)=0.090        311.7       39.0        304.6       skip  eager; output=bf16_ipc_a2a; runner_preallocated; timing=mega_kernel_only

Mega %globaltimer phase timestamps (per-iteration maximum across benchmark ranks, then p50/p90 across samples; us)
Method                   Phase                                                             p50        p90
dcp_mega_varlen          kernel_start                                                    0.000      0.000
dcp_mega_varlen          q_allgather_done                                                4.480      4.576
dcp_mega_varlen          attention_done                                                 19.696     20.003
dcp_mega_varlen          history_combine_done                                           71.840     72.234
dcp_mega_varlen          publish_done                                                   71.840     72.234
dcp_mega_varlen          receive_done                                                   76.064     80.086
dcp_mega_varlen          final_combine_done                                             79.248     83.328
dcp_mega_varlen          kernel_done                                                    79.536     83.562
dcp_mega_varlen          post_completion/q_done_to_publish_done                         67.472     67.814
dcp_mega_varlen          post_completion/publish_done_to_receive_done                    6.736     10.102
dcp_mega_varlen          post_completion/attention_done_to_history_combine_done         52.208     52.643
dcp_mega_varlen          post_completion/history_combine_done_to_final_combine_done      9.840     13.171
Wrote benchmark JSON to benchmark_logs/experiment_suite/dcp-suite/01_dcp_wave-b-timestamps-20260814-132129/results/arrival_1/dcp_2/fa3_native_fifo/comm_sm_12/case_000017_dcp2_hkv4_eager.json

================================================================================
Mega comm_sm=12, case 19/100: case_000018_dcp2_hkv4: B=14, Sq=[16, 16, 16, 16, 16, 16, 16, 16, 16, 16, 16, 16, 16, 16], Sk=[4883, 1734, 6446, 12764, 9695, 6521, 1063, 1862, 12596, 3370, 4515, 10032, 3938, 5570], DCP=2, Hkv=4
================================================================================
Config: world_size=8, methods=['dcp_mega_varlen'], QH=32, KVH=4, D=128, TP=8, DCP=2, workload=chunk, execution=eager, baseline_phase_timing=False, warmup=40, iters=60, check=False
Workload: B=14, q_tokens=224, history_tokens=84989, q_seqlens=[16, 16, 16, 16, 16, 16, 16, 16, 16, 16, 16, 16, 16, 16], history_seqlens=[4883, 1734, 6446, 12764, 9695, 6521, 1063, 1862, 12596, 3370, 4515, 10032, 3938, 5570]
Agg TFLOPS uses useful attention work across all TP ranks and p50(max_across_ranks); Avg/GPU divides it by world_size.
KV GB/s/GPU is average logical BF16 K+V bytes read per TP rank divided by p50(max_across_ranks); it is not hardware-counter HBM traffic.

Running B=14, q_tokens=224, history_tokens=84989, causal=True

B=14, q_tokens=224, history_tokens=84989, QH=32, KVH=4, D=128, TP=8, DCP=2, mode=causal
Method                   Time ms                                                                                                                                     Agg TFLOPS    Avg/GPU  KV GB/s/GPU      Check  Note
dcp_mega_varlen          t0=0.051, t1=0.052, t2=0.053, t3=0.050, t4=0.050, t5=0.052, t6=0.050, t7=0.051 | p50(max_across_ranks)=0.054, p90(max_across_ranks)=0.110        409.8       51.2        401.7       skip  eager; output=bf16_ipc_a2a; runner_preallocated; timing=mega_kernel_only

Mega %globaltimer phase timestamps (per-iteration maximum across benchmark ranks, then p50/p90 across samples; us)
Method                   Phase                                                             p50        p90
dcp_mega_varlen          kernel_start                                                    0.000      0.000
dcp_mega_varlen          q_allgather_done                                                4.800      4.995
dcp_mega_varlen          attention_done                                                 19.552     19.808
dcp_mega_varlen          history_combine_done                                           37.376     38.253
dcp_mega_varlen          publish_done                                                   37.376     38.253
dcp_mega_varlen          receive_done                                                   44.384    100.355
dcp_mega_varlen          final_combine_done                                             47.696    103.530
dcp_mega_varlen          kernel_done                                                    48.016    103.754
dcp_mega_varlen          post_completion/q_done_to_publish_done                         33.152     34.112
dcp_mega_varlen          post_completion/publish_done_to_receive_done                    8.368     63.738
dcp_mega_varlen          post_completion/attention_done_to_history_combine_done         18.384     19.232
dcp_mega_varlen          post_completion/history_combine_done_to_final_combine_done     11.664     66.912
Wrote benchmark JSON to benchmark_logs/experiment_suite/dcp-suite/01_dcp_wave-b-timestamps-20260814-132129/results/arrival_1/dcp_2/fa3_native_fifo/comm_sm_12/case_000018_dcp2_hkv4_eager.json

================================================================================
Mega comm_sm=12, case 20/100: case_000019_dcp2_hkv4: B=11, Sq=[16, 16, 16, 16, 16, 16, 16, 16, 16, 16, 16], Sk=[5352, 16514, 5045, 12628, 1487, 11291, 30568, 3732, 6745, 55705, 960], DCP=2, Hkv=4
================================================================================
Config: world_size=8, methods=['dcp_mega_varlen'], QH=32, KVH=4, D=128, TP=8, DCP=2, workload=chunk, execution=eager, baseline_phase_timing=False, warmup=40, iters=60, check=False
Workload: B=11, q_tokens=176, history_tokens=150027, q_seqlens=[16, 16, 16, 16, 16, 16, 16, 16, 16, 16, 16], history_seqlens=[5352, 16514, 5045, 12628, 1487, 11291, 30568, 3732, 6745, 55705, 960]
Agg TFLOPS uses useful attention work across all TP ranks and p50(max_across_ranks); Avg/GPU divides it by world_size.
KV GB/s/GPU is average logical BF16 K+V bytes read per TP rank divided by p50(max_across_ranks); it is not hardware-counter HBM traffic.

Running B=11, q_tokens=176, history_tokens=150027, causal=True

B=11, q_tokens=176, history_tokens=150027, QH=32, KVH=4, D=128, TP=8, DCP=2, mode=causal
Method                   Time ms                                                                                                                                     Agg TFLOPS    Avg/GPU  KV GB/s/GPU      Check  Note
dcp_mega_varlen          t0=0.074, t1=0.072, t2=0.074, t3=0.072, t4=0.072, t5=0.074, t6=0.073, t7=0.074 | p50(max_across_ranks)=0.075, p90(max_across_ranks)=0.077        524.1       65.5        512.7       skip  eager; output=bf16_ipc_a2a; runner_preallocated; timing=mega_kernel_only

Mega %globaltimer phase timestamps (per-iteration maximum across benchmark ranks, then p50/p90 across samples; us)
Method                   Phase                                                             p50        p90
dcp_mega_varlen          kernel_start                                                    0.000      0.000
dcp_mega_varlen          q_allgather_done                                                4.608      4.672
dcp_mega_varlen          attention_done                                                 31.568     32.294
dcp_mega_varlen          history_combine_done                                           59.296     59.939
dcp_mega_varlen          publish_done                                                   59.296     59.939
dcp_mega_varlen          receive_done                                                   65.024     67.242
dcp_mega_varlen          final_combine_done                                             68.400     70.608
dcp_mega_varlen          kernel_done                                                    68.688     70.861
dcp_mega_varlen          post_completion/q_done_to_publish_done                         54.960     55.747
dcp_mega_varlen          post_completion/publish_done_to_receive_done                    6.880      8.950
dcp_mega_varlen          post_completion/attention_done_to_history_combine_done         30.000     30.986
dcp_mega_varlen          post_completion/history_combine_done_to_final_combine_done     10.288     12.390
Wrote benchmark JSON to benchmark_logs/experiment_suite/dcp-suite/01_dcp_wave-b-timestamps-20260814-132129/results/arrival_1/dcp_2/fa3_native_fifo/comm_sm_12/case_000019_dcp2_hkv4_eager.json

================================================================================
Mega comm_sm=12, case 21/100: case_000020_dcp2_hkv4: B=8, Sq=[16, 16, 16, 16, 16, 16, 16, 4096], Sk=[1552, 4077, 30520, 11078, 13329, 16775, 17897, 512], DCP=2, Hkv=4
================================================================================
Config: world_size=8, methods=['dcp_mega_varlen'], QH=32, KVH=4, D=128, TP=8, DCP=2, workload=chunk, execution=eager, baseline_phase_timing=False, warmup=40, iters=60, check=False
Workload: B=8, q_tokens=4208, history_tokens=95740, q_seqlens=[16, 16, 16, 16, 16, 16, 16, 4096], history_seqlens=[1552, 4077, 30520, 11078, 13329, 16775, 17897, 512]
Agg TFLOPS uses useful attention work across all TP ranks and p50(max_across_ranks); Avg/GPU divides it by world_size.
KV GB/s/GPU is average logical BF16 K+V bytes read per TP rank divided by p50(max_across_ranks); it is not hardware-counter HBM traffic.

Running B=8, q_tokens=4208, history_tokens=95740, causal=True

B=8, q_tokens=4208, history_tokens=95740, QH=32, KVH=4, D=128, TP=8, DCP=2, mode=causal
Method                   Time ms                                                                                                                                     Agg TFLOPS    Avg/GPU  KV GB/s/GPU      Check  Note
dcp_mega_varlen          t0=0.223, t1=0.218, t2=0.220, t3=0.218, t4=0.219, t5=0.216, t6=0.218, t7=0.218 | p50(max_across_ranks)=0.223, p90(max_across_ranks)=0.226        882.7      110.3        119.6       skip  eager; output=bf16_ipc_a2a; runner_preallocated; timing=mega_kernel_only

Mega %globaltimer phase timestamps (per-iteration maximum across benchmark ranks, then p50/p90 across samples; us)
Method                   Phase                                                             p50        p90
dcp_mega_varlen          kernel_start                                                    0.000      0.000
dcp_mega_varlen          q_allgather_done                                               30.016     30.675
dcp_mega_varlen          attention_done                                                191.488    191.981
dcp_mega_varlen          history_combine_done                                          202.096    202.640
dcp_mega_varlen          publish_done                                                  202.096    202.640
dcp_mega_varlen          receive_done                                                  208.352    211.526
dcp_mega_varlen          final_combine_done                                            216.224    218.739
dcp_mega_varlen          kernel_done                                                   216.448    219.050
dcp_mega_varlen          post_completion/q_done_to_publish_done                        173.568    174.403
dcp_mega_varlen          post_completion/publish_done_to_receive_done                   10.960     12.509
dcp_mega_varlen          post_completion/attention_done_to_history_combine_done         11.712     11.971
dcp_mega_varlen          post_completion/history_combine_done_to_final_combine_done     18.720     20.406
Wrote benchmark JSON to benchmark_logs/experiment_suite/dcp-suite/01_dcp_wave-b-timestamps-20260814-132129/results/arrival_1/dcp_2/fa3_native_fifo/comm_sm_12/case_000020_dcp2_hkv4_eager.json

================================================================================
Mega comm_sm=12, case 22/100: case_000021_dcp2_hkv4: B=12, Sq=[16, 16, 16, 16, 16, 16, 16, 16, 16, 16, 16, 16], Sk=[9888, 9186, 11590, 12261, 30146, 6585, 8044, 8879, 7492, 1319, 13416, 6870], DCP=2, Hkv=4
================================================================================
Config: world_size=8, methods=['dcp_mega_varlen'], QH=32, KVH=4, D=128, TP=8, DCP=2, workload=chunk, execution=eager, baseline_phase_timing=False, warmup=40, iters=60, check=False
Workload: B=12, q_tokens=192, history_tokens=125676, q_seqlens=[16, 16, 16, 16, 16, 16, 16, 16, 16, 16, 16, 16], history_seqlens=[9888, 9186, 11590, 12261, 30146, 6585, 8044, 8879, 7492, 1319, 13416, 6870]
Agg TFLOPS uses useful attention work across all TP ranks and p50(max_across_ranks); Avg/GPU divides it by world_size.
KV GB/s/GPU is average logical BF16 K+V bytes read per TP rank divided by p50(max_across_ranks); it is not hardware-counter HBM traffic.

Running B=12, q_tokens=192, history_tokens=125676, causal=True

B=12, q_tokens=192, history_tokens=125676, QH=32, KVH=4, D=128, TP=8, DCP=2, mode=causal
Method                   Time ms                                                                                                                                     Agg TFLOPS    Avg/GPU  KV GB/s/GPU      Check  Note
dcp_mega_varlen          t0=0.057, t1=0.057, t2=0.058, t3=0.056, t4=0.056, t5=0.056, t6=0.056, t7=0.057 | p50(max_across_ranks)=0.058, p90(max_across_ranks)=0.060        565.7       70.7        553.7       skip  eager; output=bf16_ipc_a2a; runner_preallocated; timing=mega_kernel_only

Mega %globaltimer phase timestamps (per-iteration maximum across benchmark ranks, then p50/p90 across samples; us)
Method                   Phase                                                             p50        p90
dcp_mega_varlen          kernel_start                                                    0.000      0.000
dcp_mega_varlen          q_allgather_done                                                4.528      4.608
dcp_mega_varlen          attention_done                                                 24.544     24.960
dcp_mega_varlen          history_combine_done                                           43.104     43.523
dcp_mega_varlen          publish_done                                                   43.104     43.523
dcp_mega_varlen          receive_done                                                   48.176     49.526
dcp_mega_varlen          final_combine_done                                             51.440     52.963
dcp_mega_varlen          kernel_done                                                    51.680     53.187
dcp_mega_varlen          post_completion/q_done_to_publish_done                         38.688     39.264
dcp_mega_varlen          post_completion/publish_done_to_receive_done                    6.032      6.803
dcp_mega_varlen          post_completion/attention_done_to_history_combine_done         18.880     19.296
dcp_mega_varlen          post_completion/history_combine_done_to_final_combine_done      9.312     10.144
Wrote benchmark JSON to benchmark_logs/experiment_suite/dcp-suite/01_dcp_wave-b-timestamps-20260814-132129/results/arrival_1/dcp_2/fa3_native_fifo/comm_sm_12/case_000021_dcp2_hkv4_eager.json

================================================================================
Mega comm_sm=12, case 23/100: case_000022_dcp2_hkv4: B=9, Sq=[16, 16, 16, 16, 16, 16, 16, 16, 16], Sk=[12027, 4798, 6581, 4503, 12323, 4122, 13725, 5784, 21104], DCP=2, Hkv=4
================================================================================
Config: world_size=8, methods=['dcp_mega_varlen'], QH=32, KVH=4, D=128, TP=8, DCP=2, workload=chunk, execution=eager, baseline_phase_timing=False, warmup=40, iters=60, check=False
Workload: B=9, q_tokens=144, history_tokens=84967, q_seqlens=[16, 16, 16, 16, 16, 16, 16, 16, 16], history_seqlens=[12027, 4798, 6581, 4503, 12323, 4122, 13725, 5784, 21104]
Agg TFLOPS uses useful attention work across all TP ranks and p50(max_across_ranks); Avg/GPU divides it by world_size.
KV GB/s/GPU is average logical BF16 K+V bytes read per TP rank divided by p50(max_across_ranks); it is not hardware-counter HBM traffic.

Running B=9, q_tokens=144, history_tokens=84967, causal=True

B=9, q_tokens=144, history_tokens=84967, QH=32, KVH=4, D=128, TP=8, DCP=2, mode=causal
Method                   Time ms                                                                                                                                     Agg TFLOPS    Avg/GPU  KV GB/s/GPU      Check  Note
dcp_mega_varlen          t0=0.054, t1=0.052, t2=0.054, t3=0.053, t4=0.052, t5=0.052, t6=0.052, t7=0.053 | p50(max_across_ranks)=0.055, p90(max_across_ranks)=0.058        408.2       51.0        399.7       skip  eager; output=bf16_ipc_a2a; runner_preallocated; timing=mega_kernel_only

Mega %globaltimer phase timestamps (per-iteration maximum across benchmark ranks, then p50/p90 across samples; us)
Method                   Phase                                                             p50        p90
dcp_mega_varlen          kernel_start                                                    0.000      0.000
dcp_mega_varlen          q_allgather_done                                                4.512      4.608
dcp_mega_varlen          attention_done                                                 19.296     19.658
dcp_mega_varlen          history_combine_done                                           39.216     39.552
dcp_mega_varlen          publish_done                                                   39.216     39.552
dcp_mega_varlen          receive_done                                                   44.512     47.862
dcp_mega_varlen          final_combine_done                                             47.744     50.896
dcp_mega_varlen          kernel_done                                                    48.016     51.120
dcp_mega_varlen          post_completion/q_done_to_publish_done                         34.896     35.235
dcp_mega_varlen          post_completion/publish_done_to_receive_done                    6.096      9.734
dcp_mega_varlen          post_completion/attention_done_to_history_combine_done         20.320     20.704
dcp_mega_varlen          post_completion/history_combine_done_to_final_combine_done      9.200     12.912
Wrote benchmark JSON to benchmark_logs/experiment_suite/dcp-suite/01_dcp_wave-b-timestamps-20260814-132129/results/arrival_1/dcp_2/fa3_native_fifo/comm_sm_12/case_000022_dcp2_hkv4_eager.json

================================================================================
Mega comm_sm=12, case 24/100: case_000023_dcp2_hkv4: B=9, Sq=[16, 16, 16, 16, 16, 16, 16, 16, 16], Sk=[12090, 4862, 6645, 4567, 12379, 4178, 13787, 5849, 21168], DCP=2, Hkv=4
================================================================================
Config: world_size=8, methods=['dcp_mega_varlen'], QH=32, KVH=4, D=128, TP=8, DCP=2, workload=chunk, execution=eager, baseline_phase_timing=False, warmup=40, iters=60, check=False
Workload: B=9, q_tokens=144, history_tokens=85525, q_seqlens=[16, 16, 16, 16, 16, 16, 16, 16, 16], history_seqlens=[12090, 4862, 6645, 4567, 12379, 4178, 13787, 5849, 21168]
Agg TFLOPS uses useful attention work across all TP ranks and p50(max_across_ranks); Avg/GPU divides it by world_size.
KV GB/s/GPU is average logical BF16 K+V bytes read per TP rank divided by p50(max_across_ranks); it is not hardware-counter HBM traffic.

Running B=9, q_tokens=144, history_tokens=85525, causal=True

B=9, q_tokens=144, history_tokens=85525, QH=32, KVH=4, D=128, TP=8, DCP=2, mode=causal
Method                   Time ms                                                                                                                                     Agg TFLOPS    Avg/GPU  KV GB/s/GPU      Check  Note
dcp_mega_varlen          t0=0.054, t1=0.053, t2=0.054, t3=0.052, t4=0.052, t5=0.053, t6=0.052, t7=0.054 | p50(max_across_ranks)=0.055, p90(max_across_ranks)=0.057        409.8       51.2        401.2       skip  eager; output=bf16_ipc_a2a; runner_preallocated; timing=mega_kernel_only

Mega %globaltimer phase timestamps (per-iteration maximum across benchmark ranks, then p50/p90 across samples; us)
Method                   Phase                                                             p50        p90
dcp_mega_varlen          kernel_start                                                    0.000      0.000
dcp_mega_varlen          q_allgather_done                                                4.512      4.608
dcp_mega_varlen          attention_done                                                 19.136     19.491
dcp_mega_varlen          history_combine_done                                           39.584     39.885
dcp_mega_varlen          publish_done                                                   39.584     39.885
dcp_mega_varlen          receive_done                                                   45.008     47.027
dcp_mega_varlen          final_combine_done                                             48.192     50.240
dcp_mega_varlen          kernel_done                                                    48.448     50.502
dcp_mega_varlen          post_completion/q_done_to_publish_done                         35.264     35.594
dcp_mega_varlen          post_completion/publish_done_to_receive_done                    6.256      8.109
dcp_mega_varlen          post_completion/attention_done_to_history_combine_done         20.720     21.184
dcp_mega_varlen          post_completion/history_combine_done_to_final_combine_done      9.392     11.322
Wrote benchmark JSON to benchmark_logs/experiment_suite/dcp-suite/01_dcp_wave-b-timestamps-20260814-132129/results/arrival_1/dcp_2/fa3_native_fifo/comm_sm_12/case_000023_dcp2_hkv4_eager.json

================================================================================
Mega comm_sm=12, case 25/100: case_000024_dcp2_hkv4: B=5, Sq=[16, 16, 16, 16, 16], Sk=[6209, 1146, 1225, 7000, 901], DCP=2, Hkv=4
================================================================================
Config: world_size=8, methods=['dcp_mega_varlen'], QH=32, KVH=4, D=128, TP=8, DCP=2, workload=chunk, execution=eager, baseline_phase_timing=False, warmup=40, iters=60, check=False
Workload: B=5, q_tokens=80, history_tokens=16481, q_seqlens=[16, 16, 16, 16, 16], history_seqlens=[6209, 1146, 1225, 7000, 901]
Agg TFLOPS uses useful attention work across all TP ranks and p50(max_across_ranks); Avg/GPU divides it by world_size.
KV GB/s/GPU is average logical BF16 K+V bytes read per TP rank divided by p50(max_across_ranks); it is not hardware-counter HBM traffic.

Running B=5, q_tokens=80, history_tokens=16481, causal=True

B=5, q_tokens=80, history_tokens=16481, QH=32, KVH=4, D=128, TP=8, DCP=2, mode=causal
Method                   Time ms                                                                                                                                     Agg TFLOPS    Avg/GPU  KV GB/s/GPU      Check  Note
dcp_mega_varlen          t0=0.047, t1=0.045, t2=0.046, t3=0.045, t4=0.043, t5=0.047, t6=0.045, t7=0.045 | p50(max_across_ranks)=0.047, p90(max_across_ranks)=0.049         91.6       11.5         90.1       skip  eager; output=bf16_ipc_a2a; runner_preallocated; timing=mega_kernel_only

Mega %globaltimer phase timestamps (per-iteration maximum across benchmark ranks, then p50/p90 across samples; us)
Method                   Phase                                                             p50        p90
dcp_mega_varlen          kernel_start                                                    0.000      0.000
dcp_mega_varlen          q_allgather_done                                                3.712      3.811
dcp_mega_varlen          attention_done                                                 14.464     14.752
dcp_mega_varlen          history_combine_done                                           31.888     32.726
dcp_mega_varlen          publish_done                                                   31.888     32.726
dcp_mega_varlen          receive_done                                                   37.632     39.494
dcp_mega_varlen          final_combine_done                                             40.672     42.528
dcp_mega_varlen          kernel_done                                                    40.960     42.848
dcp_mega_varlen          post_completion/q_done_to_publish_done                         28.240     29.139
dcp_mega_varlen          post_completion/publish_done_to_receive_done                    7.392      9.616
dcp_mega_varlen          post_completion/attention_done_to_history_combine_done         17.888     18.982
dcp_mega_varlen          post_completion/history_combine_done_to_final_combine_done     10.448     12.653
Wrote benchmark JSON to benchmark_logs/experiment_suite/dcp-suite/01_dcp_wave-b-timestamps-20260814-132129/results/arrival_1/dcp_2/fa3_native_fifo/comm_sm_12/case_000024_dcp2_hkv4_eager.json

================================================================================
Mega comm_sm=12, case 26/100: case_000025_dcp2_hkv4: B=10, Sq=[16, 16, 16, 16, 16, 16, 16, 16, 16, 16], Sk=[7303, 1223, 2435, 20873, 68107, 10730, 16428, 31930, 5353, 3085], DCP=2, Hkv=4
================================================================================
Config: world_size=8, methods=['dcp_mega_varlen'], QH=32, KVH=4, D=128, TP=8, DCP=2, workload=chunk, execution=eager, baseline_phase_timing=False, warmup=40, iters=60, check=False
Workload: B=10, q_tokens=160, history_tokens=167467, q_seqlens=[16, 16, 16, 16, 16, 16, 16, 16, 16, 16], history_seqlens=[7303, 1223, 2435, 20873, 68107, 10730, 16428, 31930, 5353, 3085]
Agg TFLOPS uses useful attention work across all TP ranks and p50(max_across_ranks); Avg/GPU divides it by world_size.
KV GB/s/GPU is average logical BF16 K+V bytes read per TP rank divided by p50(max_across_ranks); it is not hardware-counter HBM traffic.

Running B=10, q_tokens=160, history_tokens=167467, causal=True

B=10, q_tokens=160, history_tokens=167467, QH=32, KVH=4, D=128, TP=8, DCP=2, mode=causal
Method                   Time ms                                                                                                                                     Agg TFLOPS    Avg/GPU  KV GB/s/GPU      Check  Note
dcp_mega_varlen          t0=0.075, t1=0.074, t2=0.073, t3=0.072, t4=0.071, t5=0.074, t6=0.072, t7=0.074 | p50(max_across_ranks)=0.075, p90(max_across_ranks)=0.081        583.3       72.9        570.5       skip  eager; output=bf16_ipc_a2a; runner_preallocated; timing=mega_kernel_only

Mega %globaltimer phase timestamps (per-iteration maximum across benchmark ranks, then p50/p90 across samples; us)
Method                   Phase                                                             p50        p90
dcp_mega_varlen          kernel_start                                                    0.000      0.000
dcp_mega_varlen          q_allgather_done                                                4.480      4.579
dcp_mega_varlen          attention_done                                                 30.912     31.363
dcp_mega_varlen          history_combine_done                                           60.256     60.838
dcp_mega_varlen          publish_done                                                   60.256     60.838
dcp_mega_varlen          receive_done                                                   65.536     70.906
dcp_mega_varlen          final_combine_done                                             68.704     74.342
dcp_mega_varlen          kernel_done                                                    68.928     74.579
dcp_mega_varlen          post_completion/q_done_to_publish_done                         55.936     56.515
dcp_mega_varlen          post_completion/publish_done_to_receive_done                    7.888     12.390
dcp_mega_varlen          post_completion/attention_done_to_history_combine_done         30.240     30.819
dcp_mega_varlen          post_completion/history_combine_done_to_final_combine_done     11.136     15.827
Wrote benchmark JSON to benchmark_logs/experiment_suite/dcp-suite/01_dcp_wave-b-timestamps-20260814-132129/results/arrival_1/dcp_2/fa3_native_fifo/comm_sm_12/case_000025_dcp2_hkv4_eager.json

================================================================================
Mega comm_sm=12, case 27/100: case_000026_dcp2_hkv4: B=6, Sq=[16, 16, 16, 16, 16, 16], Sk=[1435, 5011, 2505, 28514, 10352, 16922], DCP=2, Hkv=4
================================================================================
Config: world_size=8, methods=['dcp_mega_varlen'], QH=32, KVH=4, D=128, TP=8, DCP=2, workload=chunk, execution=eager, baseline_phase_timing=False, warmup=40, iters=60, check=False
Workload: B=6, q_tokens=96, history_tokens=64739, q_seqlens=[16, 16, 16, 16, 16, 16], history_seqlens=[1435, 5011, 2505, 28514, 10352, 16922]
Agg TFLOPS uses useful attention work across all TP ranks and p50(max_across_ranks); Avg/GPU divides it by world_size.
KV GB/s/GPU is average logical BF16 K+V bytes read per TP rank divided by p50(max_across_ranks); it is not hardware-counter HBM traffic.

Running B=6, q_tokens=96, history_tokens=64739, causal=True

B=6, q_tokens=96, history_tokens=64739, QH=32, KVH=4, D=128, TP=8, DCP=2, mode=causal
Method                   Time ms                                                                                                                                     Agg TFLOPS    Avg/GPU  KV GB/s/GPU      Check  Note
dcp_mega_varlen          t0=0.057, t1=0.056, t2=0.058, t3=0.055, t4=0.055, t5=0.056, t6=0.057, t7=0.057 | p50(max_across_ranks)=0.058, p90(max_across_ranks)=0.059        293.7       36.7        287.5       skip  eager; output=bf16_ipc_a2a; runner_preallocated; timing=mega_kernel_only

Mega %globaltimer phase timestamps (per-iteration maximum across benchmark ranks, then p50/p90 across samples; us)
Method                   Phase                                                             p50        p90
dcp_mega_varlen          kernel_start                                                    0.000      0.000
dcp_mega_varlen          q_allgather_done                                                4.352      4.512
dcp_mega_varlen          attention_done                                                 17.264     17.536
dcp_mega_varlen          history_combine_done                                           43.040     43.334
dcp_mega_varlen          publish_done                                                   43.040     43.334
dcp_mega_varlen          receive_done                                                   48.304     49.862
dcp_mega_varlen          final_combine_done                                             51.136     52.611
dcp_mega_varlen          kernel_done                                                    51.376     52.867
dcp_mega_varlen          post_completion/q_done_to_publish_done                         38.896     39.296
dcp_mega_varlen          post_completion/publish_done_to_receive_done                    6.560      8.195
dcp_mega_varlen          post_completion/attention_done_to_history_combine_done         26.032     26.368
dcp_mega_varlen          post_completion/history_combine_done_to_final_combine_done      9.360     10.893
Wrote benchmark JSON to benchmark_logs/experiment_suite/dcp-suite/01_dcp_wave-b-timestamps-20260814-132129/results/arrival_1/dcp_2/fa3_native_fifo/comm_sm_12/case_000026_dcp2_hkv4_eager.json

================================================================================
Mega comm_sm=12, case 28/100: case_000027_dcp2_hkv4: B=11, Sq=[16, 16, 16, 16, 16, 16, 16, 16, 16, 16, 16], Sk=[4171, 26467, 4934, 55749, 3527, 3265, 19309, 14221, 12172, 3108, 7672], DCP=2, Hkv=4
================================================================================
Config: world_size=8, methods=['dcp_mega_varlen'], QH=32, KVH=4, D=128, TP=8, DCP=2, workload=chunk, execution=eager, baseline_phase_timing=False, warmup=40, iters=60, check=False
Workload: B=11, q_tokens=176, history_tokens=154595, q_seqlens=[16, 16, 16, 16, 16, 16, 16, 16, 16, 16, 16], history_seqlens=[4171, 26467, 4934, 55749, 3527, 3265, 19309, 14221, 12172, 3108, 7672]
Agg TFLOPS uses useful attention work across all TP ranks and p50(max_across_ranks); Avg/GPU divides it by world_size.
KV GB/s/GPU is average logical BF16 K+V bytes read per TP rank divided by p50(max_across_ranks); it is not hardware-counter HBM traffic.

Running B=11, q_tokens=176, history_tokens=154595, causal=True

B=11, q_tokens=176, history_tokens=154595, QH=32, KVH=4, D=128, TP=8, DCP=2, mode=causal
Method                   Time ms                                                                                                                                     Agg TFLOPS    Avg/GPU  KV GB/s/GPU      Check  Note
dcp_mega_varlen          t0=0.068, t1=0.067, t2=0.067, t3=0.066, t4=0.067, t5=0.068, t6=0.067, t7=0.068 | p50(max_across_ranks)=0.069, p90(max_across_ranks)=0.072        588.3       73.5        575.5       skip  eager; output=bf16_ipc_a2a; runner_preallocated; timing=mega_kernel_only

Mega %globaltimer phase timestamps (per-iteration maximum across benchmark ranks, then p50/p90 across samples; us)
Method                   Phase                                                             p50        p90
dcp_mega_varlen          kernel_start                                                    0.000      0.000
dcp_mega_varlen          q_allgather_done                                                4.512      4.611
dcp_mega_varlen          attention_done                                                 28.704     29.216
dcp_mega_varlen          history_combine_done                                           54.048     54.730
dcp_mega_varlen          publish_done                                                   54.048     54.730
dcp_mega_varlen          receive_done                                                   59.280     62.602
dcp_mega_varlen          final_combine_done                                             62.240     65.757
dcp_mega_varlen          kernel_done                                                    62.528     66.109
dcp_mega_varlen          post_completion/q_done_to_publish_done                         49.728     50.368
dcp_mega_varlen          post_completion/publish_done_to_receive_done                    6.496      9.136
dcp_mega_varlen          post_completion/attention_done_to_history_combine_done         25.968     26.240
dcp_mega_varlen          post_completion/history_combine_done_to_final_combine_done      9.680     12.291
Wrote benchmark JSON to benchmark_logs/experiment_suite/dcp-suite/01_dcp_wave-b-timestamps-20260814-132129/results/arrival_1/dcp_2/fa3_native_fifo/comm_sm_12/case_000027_dcp2_hkv4_eager.json

================================================================================
Mega comm_sm=12, case 29/100: case_000028_dcp2_hkv4: B=6, Sq=[16, 16, 16, 16, 16, 16], Sk=[47765, 30576, 2389, 12859, 1027, 11068], DCP=2, Hkv=4
================================================================================
Config: world_size=8, methods=['dcp_mega_varlen'], QH=32, KVH=4, D=128, TP=8, DCP=2, workload=chunk, execution=eager, baseline_phase_timing=False, warmup=40, iters=60, check=False
Workload: B=6, q_tokens=96, history_tokens=105684, q_seqlens=[16, 16, 16, 16, 16, 16], history_seqlens=[47765, 30576, 2389, 12859, 1027, 11068]
Agg TFLOPS uses useful attention work across all TP ranks and p50(max_across_ranks); Avg/GPU divides it by world_size.
KV GB/s/GPU is average logical BF16 K+V bytes read per TP rank divided by p50(max_across_ranks); it is not hardware-counter HBM traffic.

Running B=6, q_tokens=96, history_tokens=105684, causal=True

B=6, q_tokens=96, history_tokens=105684, QH=32, KVH=4, D=128, TP=8, DCP=2, mode=causal
Method                   Time ms                                                                                                                                     Agg TFLOPS    Avg/GPU  KV GB/s/GPU      Check  Note
dcp_mega_varlen          t0=0.064, t1=0.064, t2=0.064, t3=0.062, t4=0.061, t5=0.066, t6=0.062, t7=0.065 | p50(max_across_ranks)=0.066, p90(max_across_ranks)=0.072        420.7       52.6        411.4       skip  eager; output=bf16_ipc_a2a; runner_preallocated; timing=mega_kernel_only

Mega %globaltimer phase timestamps (per-iteration maximum across benchmark ranks, then p50/p90 across samples; us)
Method                   Phase                                                             p50        p90
dcp_mega_varlen          kernel_start                                                    0.000      0.000
dcp_mega_varlen          q_allgather_done                                                4.464      4.547
dcp_mega_varlen          attention_done                                                 20.320     20.579
dcp_mega_varlen          history_combine_done                                           50.976     51.302
dcp_mega_varlen          publish_done                                                   50.976     51.302
dcp_mega_varlen          receive_done                                                   56.368     62.154
dcp_mega_varlen          final_combine_done                                             59.264     65.370
dcp_mega_varlen          kernel_done                                                    59.568     65.690
dcp_mega_varlen          post_completion/q_done_to_publish_done                         46.752     47.011
dcp_mega_varlen          post_completion/publish_done_to_receive_done                    7.984     13.872
dcp_mega_varlen          post_completion/attention_done_to_history_combine_done         30.960     31.174
dcp_mega_varlen          post_completion/history_combine_done_to_final_combine_done     10.960     17.088
Wrote benchmark JSON to benchmark_logs/experiment_suite/dcp-suite/01_dcp_wave-b-timestamps-20260814-132129/results/arrival_1/dcp_2/fa3_native_fifo/comm_sm_12/case_000028_dcp2_hkv4_eager.json

================================================================================
Mega comm_sm=12, case 30/100: case_000029_dcp2_hkv4: B=13, Sq=[16, 16, 16, 16, 16, 16, 16, 16, 16, 16, 16, 16, 16], Sk=[6077, 1224, 4883, 5548, 6682, 9784, 2624, 1101, 1452, 14151, 7081, 94799, 10879], DCP=2, Hkv=4
================================================================================
Config: world_size=8, methods=['dcp_mega_varlen'], QH=32, KVH=4, D=128, TP=8, DCP=2, workload=chunk, execution=eager, baseline_phase_timing=False, warmup=40, iters=60, check=False
Workload: B=13, q_tokens=208, history_tokens=166285, q_seqlens=[16, 16, 16, 16, 16, 16, 16, 16, 16, 16, 16, 16, 16], history_seqlens=[6077, 1224, 4883, 5548, 6682, 9784, 2624, 1101, 1452, 14151, 7081, 94799, 10879]
Agg TFLOPS uses useful attention work across all TP ranks and p50(max_across_ranks); Avg/GPU divides it by world_size.
KV GB/s/GPU is average logical BF16 K+V bytes read per TP rank divided by p50(max_across_ranks); it is not hardware-counter HBM traffic.

Running B=13, q_tokens=208, history_tokens=166285, causal=True

B=13, q_tokens=208, history_tokens=166285, QH=32, KVH=4, D=128, TP=8, DCP=2, mode=causal
Method                   Time ms                                                                                                                                     Agg TFLOPS    Avg/GPU  KV GB/s/GPU      Check  Note
dcp_mega_varlen          t0=0.085, t1=0.083, t2=0.084, t3=0.083, t4=0.083, t5=0.084, t6=0.083, t7=0.084 | p50(max_across_ranks)=0.085, p90(max_across_ranks)=0.087        511.1       63.9        500.0       skip  eager; output=bf16_ipc_a2a; runner_preallocated; timing=mega_kernel_only

Mega %globaltimer phase timestamps (per-iteration maximum across benchmark ranks, then p50/p90 across samples; us)
Method                   Phase                                                             p50        p90
dcp_mega_varlen          kernel_start                                                    0.000      0.000
dcp_mega_varlen          q_allgather_done                                                4.528      4.672
dcp_mega_varlen          attention_done                                                 32.896     33.731
dcp_mega_varlen          history_combine_done                                           70.144     70.947
dcp_mega_varlen          publish_done                                                   70.144     70.947
dcp_mega_varlen          receive_done                                                   75.248     77.251
dcp_mega_varlen          final_combine_done                                             78.592     80.458
dcp_mega_varlen          kernel_done                                                    78.880     80.778
dcp_mega_varlen          post_completion/q_done_to_publish_done                         65.792     66.544
dcp_mega_varlen          post_completion/publish_done_to_receive_done                    6.528      7.862
dcp_mega_varlen          post_completion/attention_done_to_history_combine_done         40.192     40.906
dcp_mega_varlen          post_completion/history_combine_done_to_final_combine_done      9.760     11.328
Wrote benchmark JSON to benchmark_logs/experiment_suite/dcp-suite/01_dcp_wave-b-timestamps-20260814-132129/results/arrival_1/dcp_2/fa3_native_fifo/comm_sm_12/case_000029_dcp2_hkv4_eager.json

================================================================================
Mega comm_sm=12, case 31/100: case_000030_dcp2_hkv4: B=10, Sq=[16, 16, 16, 16, 16, 16, 16, 16, 16, 16], Sk=[2868, 1930, 8020, 39268, 7856, 16626, 4909, 4124, 3111, 958], DCP=2, Hkv=4
================================================================================
Config: world_size=8, methods=['dcp_mega_varlen'], QH=32, KVH=4, D=128, TP=8, DCP=2, workload=chunk, execution=eager, baseline_phase_timing=False, warmup=40, iters=60, check=False
Workload: B=10, q_tokens=160, history_tokens=89670, q_seqlens=[16, 16, 16, 16, 16, 16, 16, 16, 16, 16], history_seqlens=[2868, 1930, 8020, 39268, 7856, 16626, 4909, 4124, 3111, 958]
Agg TFLOPS uses useful attention work across all TP ranks and p50(max_across_ranks); Avg/GPU divides it by world_size.
KV GB/s/GPU is average logical BF16 K+V bytes read per TP rank divided by p50(max_across_ranks); it is not hardware-counter HBM traffic.

Running B=10, q_tokens=160, history_tokens=89670, causal=True

B=10, q_tokens=160, history_tokens=89670, QH=32, KVH=4, D=128, TP=8, DCP=2, mode=causal
Method                   Time ms                                                                                                                                     Agg TFLOPS    Avg/GPU  KV GB/s/GPU      Check  Note
dcp_mega_varlen          t0=0.067, t1=0.066, t2=0.068, t3=0.066, t4=0.065, t5=0.067, t6=0.065, t7=0.068 | p50(max_across_ranks)=0.069, p90(max_across_ranks)=0.073        341.4       42.7        334.3       skip  eager; output=bf16_ipc_a2a; runner_preallocated; timing=mega_kernel_only

Mega %globaltimer phase timestamps (per-iteration maximum across benchmark ranks, then p50/p90 across samples; us)
Method                   Phase                                                             p50        p90
dcp_mega_varlen          kernel_start                                                    0.000      0.000
dcp_mega_varlen          q_allgather_done                                                4.544      4.672
dcp_mega_varlen          attention_done                                                 23.904     24.397
dcp_mega_varlen          history_combine_done                                           53.312     53.728
dcp_mega_varlen          publish_done                                                   53.312     53.728
dcp_mega_varlen          receive_done                                                   59.360     62.870
dcp_mega_varlen          final_combine_done                                             62.256     66.019
dcp_mega_varlen          kernel_done                                                    62.480     66.339
dcp_mega_varlen          post_completion/q_done_to_publish_done                         48.960     49.475
dcp_mega_varlen          post_completion/publish_done_to_receive_done                    7.600     11.504
dcp_mega_varlen          post_completion/attention_done_to_history_combine_done         30.144     30.835
dcp_mega_varlen          post_completion/history_combine_done_to_final_combine_done     10.320     14.522
Wrote benchmark JSON to benchmark_logs/experiment_suite/dcp-suite/01_dcp_wave-b-timestamps-20260814-132129/results/arrival_1/dcp_2/fa3_native_fifo/comm_sm_12/case_000030_dcp2_hkv4_eager.json

================================================================================
Mega comm_sm=12, case 32/100: case_000031_dcp2_hkv4: B=6, Sq=[16, 16, 16, 16, 16, 16], Sk=[1462, 7233, 15574, 1119, 13357, 12440], DCP=2, Hkv=4
================================================================================
Config: world_size=8, methods=['dcp_mega_varlen'], QH=32, KVH=4, D=128, TP=8, DCP=2, workload=chunk, execution=eager, baseline_phase_timing=False, warmup=40, iters=60, check=False
Workload: B=6, q_tokens=96, history_tokens=51185, q_seqlens=[16, 16, 16, 16, 16, 16], history_seqlens=[1462, 7233, 15574, 1119, 13357, 12440]
Agg TFLOPS uses useful attention work across all TP ranks and p50(max_across_ranks); Avg/GPU divides it by world_size.
KV GB/s/GPU is average logical BF16 K+V bytes read per TP rank divided by p50(max_across_ranks); it is not hardware-counter HBM traffic.

Running B=6, q_tokens=96, history_tokens=51185, causal=True

B=6, q_tokens=96, history_tokens=51185, QH=32, KVH=4, D=128, TP=8, DCP=2, mode=causal
Method                   Time ms                                                                                                                                     Agg TFLOPS    Avg/GPU  KV GB/s/GPU      Check  Note
dcp_mega_varlen          t0=0.052, t1=0.052, t2=0.052, t3=0.052, t4=0.051, t5=0.052, t6=0.051, t7=0.052 | p50(max_across_ranks)=0.053, p90(max_across_ranks)=0.062        252.7       31.6        247.5       skip  eager; output=bf16_ipc_a2a; runner_preallocated; timing=mega_kernel_only

Mega %globaltimer phase timestamps (per-iteration maximum across benchmark ranks, then p50/p90 across samples; us)
Method                   Phase                                                             p50        p90
dcp_mega_varlen          kernel_start                                                    0.000      0.000
dcp_mega_varlen          q_allgather_done                                                4.128      4.227
dcp_mega_varlen          attention_done                                                 15.904     16.067
dcp_mega_varlen          history_combine_done                                           37.888     38.208
dcp_mega_varlen          publish_done                                                   37.888     38.208
dcp_mega_varlen          receive_done                                                   43.648     51.379
dcp_mega_varlen          final_combine_done                                             46.432     54.355
dcp_mega_varlen          kernel_done                                                    46.752     54.698
dcp_mega_varlen          post_completion/q_done_to_publish_done                         33.888     34.208
dcp_mega_varlen          post_completion/publish_done_to_receive_done                    6.640     14.518
dcp_mega_varlen          post_completion/attention_done_to_history_combine_done         22.416     22.720
dcp_mega_varlen          post_completion/history_combine_done_to_final_combine_done      9.536     17.494
Wrote benchmark JSON to benchmark_logs/experiment_suite/dcp-suite/01_dcp_wave-b-timestamps-20260814-132129/results/arrival_1/dcp_2/fa3_native_fifo/comm_sm_12/case_000031_dcp2_hkv4_eager.json

================================================================================
Mega comm_sm=12, case 33/100: case_000032_dcp2_hkv4: B=6, Sq=[16, 16, 16, 16, 16, 4096], Sk=[1701, 4041, 1060, 3030, 15752, 82432], DCP=2, Hkv=4
================================================================================
Config: world_size=8, methods=['dcp_mega_varlen'], QH=32, KVH=4, D=128, TP=8, DCP=2, workload=chunk, execution=eager, baseline_phase_timing=False, warmup=40, iters=60, check=False
Workload: B=6, q_tokens=4176, history_tokens=108016, q_seqlens=[16, 16, 16, 16, 16, 4096], history_seqlens=[1701, 4041, 1060, 3030, 15752, 82432]
Agg TFLOPS uses useful attention work across all TP ranks and p50(max_across_ranks); Avg/GPU divides it by world_size.
KV GB/s/GPU is average logical BF16 K+V bytes read per TP rank divided by p50(max_across_ranks); it is not hardware-counter HBM traffic.

Running B=6, q_tokens=4176, history_tokens=108016, causal=True

B=6, q_tokens=4176, history_tokens=108016, QH=32, KVH=4, D=128, TP=8, DCP=2, mode=causal
Method                   Time ms                                                                                                                                     Agg TFLOPS    Avg/GPU  KV GB/s/GPU      Check  Note
dcp_mega_varlen          t0=1.450, t1=1.436, t2=1.441, t3=1.429, t4=1.440, t5=1.433, t6=1.441, t7=1.432 | p50(max_across_ranks)=1.457, p90(max_across_ranks)=1.478       3895.7      487.0         20.4       skip  eager; output=bf16_ipc_a2a; runner_preallocated; timing=mega_kernel_only

Mega %globaltimer phase timestamps (per-iteration maximum across benchmark ranks, then p50/p90 across samples; us)
Method                   Phase                                                             p50        p90
dcp_mega_varlen          kernel_start                                                    0.000      0.000
dcp_mega_varlen          q_allgather_done                                               29.728     30.637
dcp_mega_varlen          attention_done                                               1418.272   1431.507
dcp_mega_varlen          history_combine_done                                         1433.104   1447.357
dcp_mega_varlen          publish_done                                                 1433.104   1447.357
dcp_mega_varlen          receive_done                                                 1441.552   1462.022
dcp_mega_varlen          final_combine_done                                           1449.744   1469.971
dcp_mega_varlen          kernel_done                                                  1450.080   1470.323
dcp_mega_varlen          post_completion/q_done_to_publish_done                       1403.952   1419.952
dcp_mega_varlen          post_completion/publish_done_to_receive_done                   38.560     57.398
dcp_mega_varlen          post_completion/attention_done_to_history_combine_done         16.928     17.734
dcp_mega_varlen          post_completion/history_combine_done_to_final_combine_done     46.816     65.635
Wrote benchmark JSON to benchmark_logs/experiment_suite/dcp-suite/01_dcp_wave-b-timestamps-20260814-132129/results/arrival_1/dcp_2/fa3_native_fifo/comm_sm_12/case_000032_dcp2_hkv4_eager.json

================================================================================
Mega comm_sm=12, case 34/100: case_000033_dcp2_hkv4: B=6, Sq=[16, 16, 16, 16, 16, 16], Sk=[38987, 1291, 16840, 1638, 2346, 11835], DCP=2, Hkv=4
================================================================================
Config: world_size=8, methods=['dcp_mega_varlen'], QH=32, KVH=4, D=128, TP=8, DCP=2, workload=chunk, execution=eager, baseline_phase_timing=False, warmup=40, iters=60, check=False
Workload: B=6, q_tokens=96, history_tokens=72937, q_seqlens=[16, 16, 16, 16, 16, 16], history_seqlens=[38987, 1291, 16840, 1638, 2346, 11835]
Agg TFLOPS uses useful attention work across all TP ranks and p50(max_across_ranks); Avg/GPU divides it by world_size.
KV GB/s/GPU is average logical BF16 K+V bytes read per TP rank divided by p50(max_across_ranks); it is not hardware-counter HBM traffic.

Running B=6, q_tokens=96, history_tokens=72937, causal=True

B=6, q_tokens=96, history_tokens=72937, QH=32, KVH=4, D=128, TP=8, DCP=2, mode=causal
Method                   Time ms                                                                                                                                     Agg TFLOPS    Avg/GPU  KV GB/s/GPU      Check  Note
dcp_mega_varlen          t0=0.064, t1=0.064, t2=0.067, t3=0.064, t4=0.063, t5=0.064, t6=0.065, t7=0.063 | p50(max_across_ranks)=0.067, p90(max_across_ranks)=0.068        285.7       35.7        279.6       skip  eager; output=bf16_ipc_a2a; runner_preallocated; timing=mega_kernel_only

Mega %globaltimer phase timestamps (per-iteration maximum across benchmark ranks, then p50/p90 across samples; us)
Method                   Phase                                                             p50        p90
dcp_mega_varlen          kernel_start                                                    0.000      0.000
dcp_mega_varlen          q_allgather_done                                                4.544      4.640
dcp_mega_varlen          attention_done                                                 18.304     18.432
dcp_mega_varlen          history_combine_done                                           51.728     52.160
dcp_mega_varlen          publish_done                                                   51.728     52.160
dcp_mega_varlen          receive_done                                                   57.328     58.304
dcp_mega_varlen          final_combine_done                                             60.224     61.091
dcp_mega_varlen          kernel_done                                                    60.480     61.347
dcp_mega_varlen          post_completion/q_done_to_publish_done                         47.328     47.747
dcp_mega_varlen          post_completion/publish_done_to_receive_done                    7.280      8.067
dcp_mega_varlen          post_completion/attention_done_to_history_combine_done         33.568     33.856
dcp_mega_varlen          post_completion/history_combine_done_to_final_combine_done     10.288     11.027
Wrote benchmark JSON to benchmark_logs/experiment_suite/dcp-suite/01_dcp_wave-b-timestamps-20260814-132129/results/arrival_1/dcp_2/fa3_native_fifo/comm_sm_12/case_000033_dcp2_hkv4_eager.json

================================================================================
Mega comm_sm=12, case 35/100: case_000034_dcp2_hkv4: B=4, Sq=[16, 16, 16, 16], Sk=[6336, 16275, 39633, 3157], DCP=2, Hkv=4
================================================================================
Config: world_size=8, methods=['dcp_mega_varlen'], QH=32, KVH=4, D=128, TP=8, DCP=2, workload=chunk, execution=eager, baseline_phase_timing=False, warmup=40, iters=60, check=False
Workload: B=4, q_tokens=64, history_tokens=65401, q_seqlens=[16, 16, 16, 16], history_seqlens=[6336, 16275, 39633, 3157]
Agg TFLOPS uses useful attention work across all TP ranks and p50(max_across_ranks); Avg/GPU divides it by world_size.
KV GB/s/GPU is average logical BF16 K+V bytes read per TP rank divided by p50(max_across_ranks); it is not hardware-counter HBM traffic.

Running B=4, q_tokens=64, history_tokens=65401, causal=True

B=4, q_tokens=64, history_tokens=65401, QH=32, KVH=4, D=128, TP=8, DCP=2, mode=causal
Method                   Time ms                                                                                                                                     Agg TFLOPS    Avg/GPU  KV GB/s/GPU      Check  Note
dcp_mega_varlen          t0=0.064, t1=0.064, t2=0.065, t3=0.062, t4=0.063, t5=0.065, t6=0.062, t7=0.064 | p50(max_across_ranks)=0.066, p90(max_across_ranks)=0.067        261.4       32.7        255.6       skip  eager; output=bf16_ipc_a2a; runner_preallocated; timing=mega_kernel_only

Mega %globaltimer phase timestamps (per-iteration maximum across benchmark ranks, then p50/p90 across samples; us)
Method                   Phase                                                             p50        p90
dcp_mega_varlen          kernel_start                                                    0.000      0.000
dcp_mega_varlen          q_allgather_done                                                4.192      4.288
dcp_mega_varlen          attention_done                                                 17.088     17.248
dcp_mega_varlen          history_combine_done                                           50.352     50.688
dcp_mega_varlen          publish_done                                                   50.352     50.688
dcp_mega_varlen          receive_done                                                   55.920     57.290
dcp_mega_varlen          final_combine_done                                             58.928     60.262
dcp_mega_varlen          kernel_done                                                    59.232     60.547
dcp_mega_varlen          post_completion/q_done_to_publish_done                         46.336     46.656
dcp_mega_varlen          post_completion/publish_done_to_receive_done                    7.264      8.592
dcp_mega_varlen          post_completion/attention_done_to_history_combine_done         33.472     33.696
dcp_mega_varlen          post_completion/history_combine_done_to_final_combine_done     10.240     11.651
Wrote benchmark JSON to benchmark_logs/experiment_suite/dcp-suite/01_dcp_wave-b-timestamps-20260814-132129/results/arrival_1/dcp_2/fa3_native_fifo/comm_sm_12/case_000034_dcp2_hkv4_eager.json

================================================================================
Mega comm_sm=12, case 36/100: case_000035_dcp2_hkv4: B=6, Sq=[16, 16, 16, 16, 16, 16], Sk=[15926, 10119, 1428, 11258, 993, 12791], DCP=2, Hkv=4
================================================================================
Config: world_size=8, methods=['dcp_mega_varlen'], QH=32, KVH=4, D=128, TP=8, DCP=2, workload=chunk, execution=eager, baseline_phase_timing=False, warmup=40, iters=60, check=False
Workload: B=6, q_tokens=96, history_tokens=52515, q_seqlens=[16, 16, 16, 16, 16, 16], history_seqlens=[15926, 10119, 1428, 11258, 993, 12791]
Agg TFLOPS uses useful attention work across all TP ranks and p50(max_across_ranks); Avg/GPU divides it by world_size.
KV GB/s/GPU is average logical BF16 K+V bytes read per TP rank divided by p50(max_across_ranks); it is not hardware-counter HBM traffic.

Running B=6, q_tokens=96, history_tokens=52515, causal=True

B=6, q_tokens=96, history_tokens=52515, QH=32, KVH=4, D=128, TP=8, DCP=2, mode=causal
Method                   Time ms                                                                                                                                     Agg TFLOPS    Avg/GPU  KV GB/s/GPU      Check  Note
dcp_mega_varlen          t0=0.052, t1=0.051, t2=0.052, t3=0.051, t4=0.051, t5=0.053, t6=0.051, t7=0.052 | p50(max_across_ranks)=0.054, p90(max_across_ranks)=0.057        257.0       32.1        251.7       skip  eager; output=bf16_ipc_a2a; runner_preallocated; timing=mega_kernel_only

Mega %globaltimer phase timestamps (per-iteration maximum across benchmark ranks, then p50/p90 across samples; us)
Method                   Phase                                                             p50        p90
dcp_mega_varlen          kernel_start                                                    0.000      0.000
dcp_mega_varlen          q_allgather_done                                                4.064      4.160
dcp_mega_varlen          attention_done                                                 16.096     16.291
dcp_mega_varlen          history_combine_done                                           38.432     38.787
dcp_mega_varlen          publish_done                                                   38.432     38.787
dcp_mega_varlen          receive_done                                                   43.984     46.582
dcp_mega_varlen          final_combine_done                                             46.880     49.347
dcp_mega_varlen          kernel_done                                                    47.184     49.574
dcp_mega_varlen          post_completion/q_done_to_publish_done                         34.416     34.752
dcp_mega_varlen          post_completion/publish_done_to_receive_done                    7.248      9.894
dcp_mega_varlen          post_completion/attention_done_to_history_combine_done         22.528     22.848
dcp_mega_varlen          post_completion/history_combine_done_to_final_combine_done     10.128     12.717
Wrote benchmark JSON to benchmark_logs/experiment_suite/dcp-suite/01_dcp_wave-b-timestamps-20260814-132129/results/arrival_1/dcp_2/fa3_native_fifo/comm_sm_12/case_000035_dcp2_hkv4_eager.json

================================================================================
Mega comm_sm=12, case 37/100: case_000036_dcp2_hkv4: B=9, Sq=[16, 16, 16, 16, 16, 16, 16, 16, 16], Sk=[1254, 10326, 15527, 1617, 26752, 24284, 6915, 91704, 11997], DCP=2, Hkv=4
================================================================================
Config: world_size=8, methods=['dcp_mega_varlen'], QH=32, KVH=4, D=128, TP=8, DCP=2, workload=chunk, execution=eager, baseline_phase_timing=False, warmup=40, iters=60, check=False
Workload: B=9, q_tokens=144, history_tokens=190376, q_seqlens=[16, 16, 16, 16, 16, 16, 16, 16, 16], history_seqlens=[1254, 10326, 15527, 1617, 26752, 24284, 6915, 91704, 11997]
Agg TFLOPS uses useful attention work across all TP ranks and p50(max_across_ranks); Avg/GPU divides it by world_size.
KV GB/s/GPU is average logical BF16 K+V bytes read per TP rank divided by p50(max_across_ranks); it is not hardware-counter HBM traffic.

Running B=9, q_tokens=144, history_tokens=190376, causal=True

B=9, q_tokens=144, history_tokens=190376, QH=32, KVH=4, D=128, TP=8, DCP=2, mode=causal
Method                   Time ms                                                                                                                                     Agg TFLOPS    Avg/GPU  KV GB/s/GPU      Check  Note
dcp_mega_varlen          t0=0.082, t1=0.081, t2=0.082, t3=0.081, t4=0.080, t5=0.082, t6=0.080, t7=0.082 | p50(max_across_ranks)=0.083, p90(max_across_ranks)=0.085        602.2       75.3        588.7       skip  eager; output=bf16_ipc_a2a; runner_preallocated; timing=mega_kernel_only

Mega %globaltimer phase timestamps (per-iteration maximum across benchmark ranks, then p50/p90 across samples; us)
Method                   Phase                                                             p50        p90
dcp_mega_varlen          kernel_start                                                    0.000      0.000
dcp_mega_varlen          q_allgather_done                                                4.512      4.576
dcp_mega_varlen          attention_done                                                 32.944     33.638
dcp_mega_varlen          history_combine_done                                           67.584     68.166
dcp_mega_varlen          publish_done                                                   67.584     68.166
dcp_mega_varlen          receive_done                                                   72.832     74.739
dcp_mega_varlen          final_combine_done                                             76.240     78.147
dcp_mega_varlen          kernel_done                                                    76.496     78.442
dcp_mega_varlen          post_completion/q_done_to_publish_done                         63.216     63.811
dcp_mega_varlen          post_completion/publish_done_to_receive_done                    6.528      7.690
dcp_mega_varlen          post_completion/attention_done_to_history_combine_done         35.136     35.648
dcp_mega_varlen          post_completion/history_combine_done_to_final_combine_done      9.952     11.232
Wrote benchmark JSON to benchmark_logs/experiment_suite/dcp-suite/01_dcp_wave-b-timestamps-20260814-132129/results/arrival_1/dcp_2/fa3_native_fifo/comm_sm_12/case_000036_dcp2_hkv4_eager.json

================================================================================
Mega comm_sm=12, case 38/100: case_000037_dcp2_hkv4: B=19, Sq=[16, 16, 16, 16, 16, 16, 16, 16, 16, 16, 16, 16, 16, 16, 16, 16, 16, 16, 512], Sk=[40330, 4043, 24158, 2515, 11719, 22523, 5961, 7685, 5265, 7287, 6877, 11475, 15710, 19440, 66324, 1516, 32750, 31159, 32256], DCP=2, Hkv=4
================================================================================
Config: world_size=8, methods=['dcp_mega_varlen'], QH=32, KVH=4, D=128, TP=8, DCP=2, workload=chunk, execution=eager, baseline_phase_timing=False, warmup=40, iters=60, check=False
Workload: B=19, q_tokens=800, history_tokens=348993, q_seqlens=[16, 16, 16, 16, 16, 16, 16, 16, 16, 16, 16, 16, 16, 16, 16, 16, 16, 16, 512], history_seqlens=[40330, 4043, 24158, 2515, 11719, 22523, 5961, 7685, 5265, 7287, 6877, 11475, 15710, 19440, 66324, 1516, 32750, 31159, 32256]
Agg TFLOPS uses useful attention work across all TP ranks and p50(max_across_ranks); Avg/GPU divides it by world_size.
KV GB/s/GPU is average logical BF16 K+V bytes read per TP rank divided by p50(max_across_ranks); it is not hardware-counter HBM traffic.

Running B=19, q_tokens=800, history_tokens=348993, causal=True

B=19, q_tokens=800, history_tokens=348993, QH=32, KVH=4, D=128, TP=8, DCP=2, mode=causal
Method                   Time ms                                                                                                                                     Agg TFLOPS    Avg/GPU  KV GB/s/GPU      Check  Note
dcp_mega_varlen          t0=0.143, t1=0.142, t2=0.143, t3=0.142, t4=0.140, t5=0.142, t6=0.141, t7=0.142 | p50(max_across_ranks)=0.144, p90(max_across_ranks)=0.147       2477.8      309.7        625.0       skip  eager; output=bf16_ipc_a2a; runner_preallocated; timing=mega_kernel_only

Mega %globaltimer phase timestamps (per-iteration maximum across benchmark ranks, then p50/p90 across samples; us)
Method                   Phase                                                             p50        p90
dcp_mega_varlen          kernel_start                                                    0.000      0.000
dcp_mega_varlen          q_allgather_done                                                8.416      8.614
dcp_mega_varlen          attention_done                                                122.064    122.627
dcp_mega_varlen          history_combine_done                                          128.224    128.704
dcp_mega_varlen          publish_done                                                  128.224    128.704
dcp_mega_varlen          receive_done                                                  133.200    135.894
dcp_mega_varlen          final_combine_done                                            136.944    139.542
dcp_mega_varlen          kernel_done                                                   137.280    139.866
dcp_mega_varlen          post_completion/q_done_to_publish_done                        120.240    120.768
dcp_mega_varlen          post_completion/publish_done_to_receive_done                    7.104      9.846
dcp_mega_varlen          post_completion/attention_done_to_history_combine_done          6.304      6.470
dcp_mega_varlen          post_completion/history_combine_done_to_final_combine_done     10.848     13.667
Wrote benchmark JSON to benchmark_logs/experiment_suite/dcp-suite/01_dcp_wave-b-timestamps-20260814-132129/results/arrival_1/dcp_2/fa3_native_fifo/comm_sm_12/case_000037_dcp2_hkv4_eager.json

================================================================================
Mega comm_sm=12, case 39/100: case_000038_dcp2_hkv4: B=9, Sq=[16, 16, 16, 16, 16, 16, 16, 16, 16], Sk=[3091, 11692, 14466, 10251, 5892, 7304, 1912, 9248, 3807], DCP=2, Hkv=4
================================================================================
Config: world_size=8, methods=['dcp_mega_varlen'], QH=32, KVH=4, D=128, TP=8, DCP=2, workload=chunk, execution=eager, baseline_phase_timing=False, warmup=40, iters=60, check=False
Workload: B=9, q_tokens=144, history_tokens=67663, q_seqlens=[16, 16, 16, 16, 16, 16, 16, 16, 16], history_seqlens=[3091, 11692, 14466, 10251, 5892, 7304, 1912, 9248, 3807]
Agg TFLOPS uses useful attention work across all TP ranks and p50(max_across_ranks); Avg/GPU divides it by world_size.
KV GB/s/GPU is average logical BF16 K+V bytes read per TP rank divided by p50(max_across_ranks); it is not hardware-counter HBM traffic.

Running B=9, q_tokens=144, history_tokens=67663, causal=True

B=9, q_tokens=144, history_tokens=67663, QH=32, KVH=4, D=128, TP=8, DCP=2, mode=causal
Method                   Time ms                                                                                                                                     Agg TFLOPS    Avg/GPU  KV GB/s/GPU      Check  Note
dcp_mega_varlen          t0=0.047, t1=0.046, t2=0.047, t3=0.046, t4=0.045, t5=0.048, t6=0.046, t7=0.047 | p50(max_across_ranks)=0.048, p90(max_across_ranks)=0.063        367.1       45.9        359.6       skip  eager; output=bf16_ipc_a2a; runner_preallocated; timing=mega_kernel_only

Mega %globaltimer phase timestamps (per-iteration maximum across benchmark ranks, then p50/p90 across samples; us)
Method                   Phase                                                             p50        p90
dcp_mega_varlen          kernel_start                                                    0.000      0.000
dcp_mega_varlen          q_allgather_done                                                4.064      4.131
dcp_mega_varlen          attention_done                                                 16.800     17.091
dcp_mega_varlen          history_combine_done                                           33.184     33.827
dcp_mega_varlen          publish_done                                                   33.184     33.827
dcp_mega_varlen          receive_done                                                   38.784     54.026
dcp_mega_varlen          final_combine_done                                             41.792     56.614
dcp_mega_varlen          kernel_done                                                    42.112     56.838
dcp_mega_varlen          post_completion/q_done_to_publish_done                         29.280     30.016
dcp_mega_varlen          post_completion/publish_done_to_receive_done                    6.624     21.610
dcp_mega_varlen          post_completion/attention_done_to_history_combine_done         16.768     17.344
dcp_mega_varlen          post_completion/history_combine_done_to_final_combine_done      9.392     24.198
Wrote benchmark JSON to benchmark_logs/experiment_suite/dcp-suite/01_dcp_wave-b-timestamps-20260814-132129/results/arrival_1/dcp_2/fa3_native_fifo/comm_sm_12/case_000038_dcp2_hkv4_eager.json

================================================================================
Mega comm_sm=12, case 40/100: case_000039_dcp2_hkv4: B=7, Sq=[16, 16, 16, 16, 16, 16, 16], Sk=[3161, 11748, 14540, 5957, 7365, 9318, 15579], DCP=2, Hkv=4
================================================================================
Config: world_size=8, methods=['dcp_mega_varlen'], QH=32, KVH=4, D=128, TP=8, DCP=2, workload=chunk, execution=eager, baseline_phase_timing=False, warmup=40, iters=60, check=False
Workload: B=7, q_tokens=112, history_tokens=67668, q_seqlens=[16, 16, 16, 16, 16, 16, 16], history_seqlens=[3161, 11748, 14540, 5957, 7365, 9318, 15579]
Agg TFLOPS uses useful attention work across all TP ranks and p50(max_across_ranks); Avg/GPU divides it by world_size.
KV GB/s/GPU is average logical BF16 K+V bytes read per TP rank divided by p50(max_across_ranks); it is not hardware-counter HBM traffic.

Running B=7, q_tokens=112, history_tokens=67668, causal=True

B=7, q_tokens=112, history_tokens=67668, QH=32, KVH=4, D=128, TP=8, DCP=2, mode=causal
Method                   Time ms                                                                                                                                     Agg TFLOPS    Avg/GPU  KV GB/s/GPU      Check  Note
dcp_mega_varlen          t0=0.048, t1=0.047, t2=0.048, t3=0.047, t4=0.047, t5=0.048, t6=0.046, t7=0.048 | p50(max_across_ranks)=0.049, p90(max_across_ranks)=0.053        363.7       45.5        356.0       skip  eager; output=bf16_ipc_a2a; runner_preallocated; timing=mega_kernel_only

Mega %globaltimer phase timestamps (per-iteration maximum across benchmark ranks, then p50/p90 across samples; us)
Method                   Phase                                                             p50        p90
dcp_mega_varlen          kernel_start                                                    0.000      0.000
dcp_mega_varlen          q_allgather_done                                                4.096      4.195
dcp_mega_varlen          attention_done                                                 16.656     16.899
dcp_mega_varlen          history_combine_done                                           33.472     33.955
dcp_mega_varlen          publish_done                                                   33.472     33.955
dcp_mega_varlen          receive_done                                                   38.912     42.067
dcp_mega_varlen          final_combine_done                                             42.032     45.046
dcp_mega_varlen          kernel_done                                                    42.352     45.357
dcp_mega_varlen          post_completion/q_done_to_publish_done                         29.600     30.179
dcp_mega_varlen          post_completion/publish_done_to_receive_done                    6.336      9.629
dcp_mega_varlen          post_completion/attention_done_to_history_combine_done         17.184     17.645
dcp_mega_varlen          post_completion/history_combine_done_to_final_combine_done      9.296     12.608
Wrote benchmark JSON to benchmark_logs/experiment_suite/dcp-suite/01_dcp_wave-b-timestamps-20260814-132129/results/arrival_1/dcp_2/fa3_native_fifo/comm_sm_12/case_000039_dcp2_hkv4_eager.json

================================================================================
Mega comm_sm=12, case 41/100: case_000040_dcp2_hkv4: B=8, Sq=[16, 16, 16, 16, 16, 16, 16, 16], Sk=[3304, 4610, 20396, 14906, 33412, 16441, 14630, 1881], DCP=2, Hkv=4
================================================================================
Config: world_size=8, methods=['dcp_mega_varlen'], QH=32, KVH=4, D=128, TP=8, DCP=2, workload=chunk, execution=eager, baseline_phase_timing=False, warmup=40, iters=60, check=False
Workload: B=8, q_tokens=128, history_tokens=109580, q_seqlens=[16, 16, 16, 16, 16, 16, 16, 16], history_seqlens=[3304, 4610, 20396, 14906, 33412, 16441, 14630, 1881]
Agg TFLOPS uses useful attention work across all TP ranks and p50(max_across_ranks); Avg/GPU divides it by world_size.
KV GB/s/GPU is average logical BF16 K+V bytes read per TP rank divided by p50(max_across_ranks); it is not hardware-counter HBM traffic.

Running B=8, q_tokens=128, history_tokens=109580, causal=True

B=8, q_tokens=128, history_tokens=109580, QH=32, KVH=4, D=128, TP=8, DCP=2, mode=causal
Method                   Time ms                                                                                                                                     Agg TFLOPS    Avg/GPU  KV GB/s/GPU      Check  Note
dcp_mega_varlen          t0=0.058, t1=0.057, t2=0.059, t3=0.057, t4=0.056, t5=0.058, t6=0.056, t7=0.058 | p50(max_across_ranks)=0.059, p90(max_across_ranks)=0.060        486.5       60.8        475.9       skip  eager; output=bf16_ipc_a2a; runner_preallocated; timing=mega_kernel_only

Mega %globaltimer phase timestamps (per-iteration maximum across benchmark ranks, then p50/p90 across samples; us)
Method                   Phase                                                             p50        p90
dcp_mega_varlen          kernel_start                                                    0.000      0.000
dcp_mega_varlen          q_allgather_done                                                4.448      4.576
dcp_mega_varlen          attention_done                                                 20.480     20.803
dcp_mega_varlen          history_combine_done                                           43.648     43.971
dcp_mega_varlen          publish_done                                                   43.648     43.971
dcp_mega_varlen          receive_done                                                   49.440     51.056
dcp_mega_varlen          final_combine_done                                             52.448     54.192
dcp_mega_varlen          kernel_done                                                    52.704     54.512
dcp_mega_varlen          post_completion/q_done_to_publish_done                         39.408     39.754
dcp_mega_varlen          post_completion/publish_done_to_receive_done                    6.352      7.734
dcp_mega_varlen          post_completion/attention_done_to_history_combine_done         23.520     23.936
dcp_mega_varlen          post_completion/history_combine_done_to_final_combine_done      9.424     10.851
Wrote benchmark JSON to benchmark_logs/experiment_suite/dcp-suite/01_dcp_wave-b-timestamps-20260814-132129/results/arrival_1/dcp_2/fa3_native_fifo/comm_sm_12/case_000040_dcp2_hkv4_eager.json

================================================================================
Mega comm_sm=12, case 42/100: case_000041_dcp2_hkv4: B=9, Sq=[16, 16, 16, 16, 16, 16, 16, 16, 16], Sk=[11061, 2198, 3112, 19649, 3024, 2461, 12330, 4510, 3558], DCP=2, Hkv=4
================================================================================
Config: world_size=8, methods=['dcp_mega_varlen'], QH=32, KVH=4, D=128, TP=8, DCP=2, workload=chunk, execution=eager, baseline_phase_timing=False, warmup=40, iters=60, check=False
Workload: B=9, q_tokens=144, history_tokens=61903, q_seqlens=[16, 16, 16, 16, 16, 16, 16, 16, 16], history_seqlens=[11061, 2198, 3112, 19649, 3024, 2461, 12330, 4510, 3558]
Agg TFLOPS uses useful attention work across all TP ranks and p50(max_across_ranks); Avg/GPU divides it by world_size.
KV GB/s/GPU is average logical BF16 K+V bytes read per TP rank divided by p50(max_across_ranks); it is not hardware-counter HBM traffic.

Running B=9, q_tokens=144, history_tokens=61903, causal=True

B=9, q_tokens=144, history_tokens=61903, QH=32, KVH=4, D=128, TP=8, DCP=2, mode=causal
Method                   Time ms                                                                                                                                     Agg TFLOPS    Avg/GPU  KV GB/s/GPU      Check  Note
dcp_mega_varlen          t0=0.050, t1=0.049, t2=0.052, t3=0.050, t4=0.050, t5=0.050, t6=0.049, t7=0.051 | p50(max_across_ranks)=0.052, p90(max_across_ranks)=0.062        311.7       39.0        305.4       skip  eager; output=bf16_ipc_a2a; runner_preallocated; timing=mega_kernel_only

Mega %globaltimer phase timestamps (per-iteration maximum across benchmark ranks, then p50/p90 across samples; us)
Method                   Phase                                                             p50        p90
dcp_mega_varlen          kernel_start                                                    0.000      0.000
dcp_mega_varlen          q_allgather_done                                                4.352      4.480
dcp_mega_varlen          attention_done                                                 17.120     17.347
dcp_mega_varlen          history_combine_done                                           36.928     37.184
dcp_mega_varlen          publish_done                                                   36.928     37.184
dcp_mega_varlen          receive_done                                                   42.288     52.554
dcp_mega_varlen          final_combine_done                                             45.280     55.472
dcp_mega_varlen          kernel_done                                                    45.616     55.782
dcp_mega_varlen          post_completion/q_done_to_publish_done                         32.928     33.184
dcp_mega_varlen          post_completion/publish_done_to_receive_done                    6.112     16.013
dcp_mega_varlen          post_completion/attention_done_to_history_combine_done         20.016     20.198
dcp_mega_varlen          post_completion/history_combine_done_to_final_combine_done      9.120     18.931
Wrote benchmark JSON to benchmark_logs/experiment_suite/dcp-suite/01_dcp_wave-b-timestamps-20260814-132129/results/arrival_1/dcp_2/fa3_native_fifo/comm_sm_12/case_000041_dcp2_hkv4_eager.json

================================================================================
Mega comm_sm=12, case 43/100: case_000042_dcp2_hkv4: B=13, Sq=[16, 16, 16, 16, 16, 16, 16, 16, 16, 16, 16, 16, 16], Sk=[46692, 99093, 5280, 2927, 92245, 1440, 12538, 27558, 1075, 8138, 12461, 9900, 916], DCP=2, Hkv=4
================================================================================
Config: world_size=8, methods=['dcp_mega_varlen'], QH=32, KVH=4, D=128, TP=8, DCP=2, workload=chunk, execution=eager, baseline_phase_timing=False, warmup=40, iters=60, check=False
Workload: B=13, q_tokens=208, history_tokens=320263, q_seqlens=[16, 16, 16, 16, 16, 16, 16, 16, 16, 16, 16, 16, 16], history_seqlens=[46692, 99093, 5280, 2927, 92245, 1440, 12538, 27558, 1075, 8138, 12461, 9900, 916]
Agg TFLOPS uses useful attention work across all TP ranks and p50(max_across_ranks); Avg/GPU divides it by world_size.
KV GB/s/GPU is average logical BF16 K+V bytes read per TP rank divided by p50(max_across_ranks); it is not hardware-counter HBM traffic.

Running B=13, q_tokens=208, history_tokens=320263, causal=True

B=13, q_tokens=208, history_tokens=320263, QH=32, KVH=4, D=128, TP=8, DCP=2, mode=causal
Method                   Time ms                                                                                                                                     Agg TFLOPS    Avg/GPU  KV GB/s/GPU      Check  Note
dcp_mega_varlen          t0=0.086, t1=0.085, t2=0.086, t3=0.085, t4=0.085, t5=0.086, t6=0.085, t7=0.086 | p50(max_across_ranks)=0.087, p90(max_across_ranks)=0.088        962.4      120.3        940.8       skip  eager; output=bf16_ipc_a2a; runner_preallocated; timing=mega_kernel_only

Mega %globaltimer phase timestamps (per-iteration maximum across benchmark ranks, then p50/p90 across samples; us)
Method                   Phase                                                             p50        p90
dcp_mega_varlen          kernel_start                                                    0.000      0.000
dcp_mega_varlen          q_allgather_done                                                4.512      4.608
dcp_mega_varlen          attention_done                                                 47.008     48.109
dcp_mega_varlen          history_combine_done                                           72.096     73.030
dcp_mega_varlen          publish_done                                                   72.096     73.030
dcp_mega_varlen          receive_done                                                   77.120     78.467
dcp_mega_varlen          final_combine_done                                             80.512     81.834
dcp_mega_varlen          kernel_done                                                    80.864     82.067
dcp_mega_varlen          post_completion/q_done_to_publish_done                         67.728     68.803
dcp_mega_varlen          post_completion/publish_done_to_receive_done                    7.152      9.094
dcp_mega_varlen          post_completion/attention_done_to_history_combine_done         26.304     27.392
dcp_mega_varlen          post_completion/history_combine_done_to_final_combine_done     10.416     12.528
Wrote benchmark JSON to benchmark_logs/experiment_suite/dcp-suite/01_dcp_wave-b-timestamps-20260814-132129/results/arrival_1/dcp_2/fa3_native_fifo/comm_sm_12/case_000042_dcp2_hkv4_eager.json

================================================================================
Mega comm_sm=12, case 44/100: case_000043_dcp2_hkv4: B=19, Sq=[16, 16, 16, 16, 16, 16, 16, 16, 16, 16, 16, 16, 16, 16, 16, 16, 16, 16, 16], Sk=[3980, 6986, 4924, 65729, 2842, 1801, 5125, 2918, 19190, 1473, 25309, 31014, 9606, 4520, 2440, 5162, 24937, 1335, 7417], DCP=2, Hkv=4
================================================================================
Config: world_size=8, methods=['dcp_mega_varlen'], QH=32, KVH=4, D=128, TP=8, DCP=2, workload=chunk, execution=eager, baseline_phase_timing=False, warmup=40, iters=60, check=False
Workload: B=19, q_tokens=304, history_tokens=226708, q_seqlens=[16, 16, 16, 16, 16, 16, 16, 16, 16, 16, 16, 16, 16, 16, 16, 16, 16, 16, 16], history_seqlens=[3980, 6986, 4924, 65729, 2842, 1801, 5125, 2918, 19190, 1473, 25309, 31014, 9606, 4520, 2440, 5162, 24937, 1335, 7417]
Agg TFLOPS uses useful attention work across all TP ranks and p50(max_across_ranks); Avg/GPU divides it by world_size.
KV GB/s/GPU is average logical BF16 K+V bytes read per TP rank divided by p50(max_across_ranks); it is not hardware-counter HBM traffic.

Running B=19, q_tokens=304, history_tokens=226708, causal=True

B=19, q_tokens=304, history_tokens=226708, QH=32, KVH=4, D=128, TP=8, DCP=2, mode=causal
Method                   Time ms                                                                                                                                     Agg TFLOPS    Avg/GPU  KV GB/s/GPU      Check  Note
dcp_mega_varlen          t0=0.074, t1=0.074, t2=0.076, t3=0.074, t4=0.074, t5=0.075, t6=0.074, t7=0.075 | p50(max_across_ranks)=0.077, p90(max_across_ranks)=0.079        773.4       96.7        756.8       skip  eager; output=bf16_ipc_a2a; runner_preallocated; timing=mega_kernel_only

Mega %globaltimer phase timestamps (per-iteration maximum across benchmark ranks, then p50/p90 across samples; us)
Method                   Phase                                                             p50        p90
dcp_mega_varlen          kernel_start                                                    0.000      0.000
dcp_mega_varlen          q_allgather_done                                                4.544      4.611
dcp_mega_varlen          attention_done                                                 40.128     41.229
dcp_mega_varlen          history_combine_done                                           61.104     62.186
dcp_mega_varlen          publish_done                                                   61.104     62.186
dcp_mega_varlen          receive_done                                                   66.752     69.408
dcp_mega_varlen          final_combine_done                                             70.176     73.075
dcp_mega_varlen          kernel_done                                                    70.416     73.299
dcp_mega_varlen          post_completion/q_done_to_publish_done                         56.784     57.805
dcp_mega_varlen          post_completion/publish_done_to_receive_done                    7.504      9.907
dcp_mega_varlen          post_completion/attention_done_to_history_combine_done         23.392     24.544
dcp_mega_varlen          post_completion/history_combine_done_to_final_combine_done     10.960     13.443
Wrote benchmark JSON to benchmark_logs/experiment_suite/dcp-suite/01_dcp_wave-b-timestamps-20260814-132129/results/arrival_1/dcp_2/fa3_native_fifo/comm_sm_12/case_000043_dcp2_hkv4_eager.json

================================================================================
Mega comm_sm=12, case 45/100: case_000044_dcp2_hkv4: B=13, Sq=[16, 16, 16, 16, 16, 16, 16, 16, 16, 16, 16, 16, 456], Sk=[11102, 1907, 19798, 2684, 2810, 7254, 4792, 14773, 2562, 2200, 13124, 11421, 4608], DCP=2, Hkv=4
================================================================================
Config: world_size=8, methods=['dcp_mega_varlen'], QH=32, KVH=4, D=128, TP=8, DCP=2, workload=chunk, execution=eager, baseline_phase_timing=False, warmup=40, iters=60, check=False
Workload: B=13, q_tokens=648, history_tokens=99035, q_seqlens=[16, 16, 16, 16, 16, 16, 16, 16, 16, 16, 16, 16, 456], history_seqlens=[11102, 1907, 19798, 2684, 2810, 7254, 4792, 14773, 2562, 2200, 13124, 11421, 4608]
Agg TFLOPS uses useful attention work across all TP ranks and p50(max_across_ranks); Avg/GPU divides it by world_size.
KV GB/s/GPU is average logical BF16 K+V bytes read per TP rank divided by p50(max_across_ranks); it is not hardware-counter HBM traffic.

Running B=13, q_tokens=648, history_tokens=99035, causal=True

B=13, q_tokens=648, history_tokens=99035, QH=32, KVH=4, D=128, TP=8, DCP=2, mode=causal
Method                   Time ms                                                                                                                                     Agg TFLOPS    Avg/GPU  KV GB/s/GPU      Check  Note
dcp_mega_varlen          t0=0.068, t1=0.067, t2=0.069, t3=0.068, t4=0.067, t5=0.069, t6=0.067, t7=0.068 | p50(max_across_ranks)=0.070, p90(max_across_ranks)=0.073        874.8      109.4        368.9       skip  eager; output=bf16_ipc_a2a; runner_preallocated; timing=mega_kernel_only

Mega %globaltimer phase timestamps (per-iteration maximum across benchmark ranks, then p50/p90 across samples; us)
Method                   Phase                                                             p50        p90
dcp_mega_varlen          kernel_start                                                    0.000      0.000
dcp_mega_varlen          q_allgather_done                                                8.176      8.480
dcp_mega_varlen          attention_done                                                 41.152     41.862
dcp_mega_varlen          history_combine_done                                           53.920     55.072
dcp_mega_varlen          publish_done                                                   53.920     55.072
dcp_mega_varlen          receive_done                                                   59.440     62.454
dcp_mega_varlen          final_combine_done                                             63.056     65.878
dcp_mega_varlen          kernel_done                                                    63.376     66.230
dcp_mega_varlen          post_completion/q_done_to_publish_done                         46.272     47.046
dcp_mega_varlen          post_completion/publish_done_to_receive_done                    6.864      9.712
dcp_mega_varlen          post_completion/attention_done_to_history_combine_done         13.776     14.922
dcp_mega_varlen          post_completion/history_combine_done_to_final_combine_done     10.608     13.347
Wrote benchmark JSON to benchmark_logs/experiment_suite/dcp-suite/01_dcp_wave-b-timestamps-20260814-132129/results/arrival_1/dcp_2/fa3_native_fifo/comm_sm_12/case_000044_dcp2_hkv4_eager.json

================================================================================
Mega comm_sm=12, case 46/100: case_000045_dcp2_hkv4: B=7, Sq=[16, 16, 16, 16, 16, 16, 16], Sk=[5043, 9558, 1921, 12485, 14396, 5178, 5623], DCP=2, Hkv=4
================================================================================
Config: world_size=8, methods=['dcp_mega_varlen'], QH=32, KVH=4, D=128, TP=8, DCP=2, workload=chunk, execution=eager, baseline_phase_timing=False, warmup=40, iters=60, check=False
Workload: B=7, q_tokens=112, history_tokens=54204, q_seqlens=[16, 16, 16, 16, 16, 16, 16], history_seqlens=[5043, 9558, 1921, 12485, 14396, 5178, 5623]
Agg TFLOPS uses useful attention work across all TP ranks and p50(max_across_ranks); Avg/GPU divides it by world_size.
KV GB/s/GPU is average logical BF16 K+V bytes read per TP rank divided by p50(max_across_ranks); it is not hardware-counter HBM traffic.

Running B=7, q_tokens=112, history_tokens=54204, causal=True

B=7, q_tokens=112, history_tokens=54204, QH=32, KVH=4, D=128, TP=8, DCP=2, mode=causal
Method                   Time ms                                                                                                                                     Agg TFLOPS    Avg/GPU  KV GB/s/GPU      Check  Note
dcp_mega_varlen          t0=0.051, t1=0.050, t2=0.051, t3=0.050, t4=0.050, t5=0.051, t6=0.050, t7=0.050 | p50(max_across_ranks)=0.052, p90(max_across_ranks)=0.054        273.4       34.2        267.8       skip  eager; output=bf16_ipc_a2a; runner_preallocated; timing=mega_kernel_only

Mega %globaltimer phase timestamps (per-iteration maximum across benchmark ranks, then p50/p90 across samples; us)
Method                   Phase                                                             p50        p90
dcp_mega_varlen          kernel_start                                                    0.000      0.000
dcp_mega_varlen          q_allgather_done                                                4.096      4.195
dcp_mega_varlen          attention_done                                                 16.032     16.224
dcp_mega_varlen          history_combine_done                                           36.800     37.158
dcp_mega_varlen          publish_done                                                   36.800     37.158
dcp_mega_varlen          receive_done                                                   42.256     44.256
dcp_mega_varlen          final_combine_done                                             45.360     47.155
dcp_mega_varlen          kernel_done                                                    45.664     47.475
dcp_mega_varlen          post_completion/q_done_to_publish_done                         32.816     33.248
dcp_mega_varlen          post_completion/publish_done_to_receive_done                    6.512      8.013
dcp_mega_varlen          post_completion/attention_done_to_history_combine_done         21.232     21.571
dcp_mega_varlen          post_completion/history_combine_done_to_final_combine_done      9.680     11.133
Wrote benchmark JSON to benchmark_logs/experiment_suite/dcp-suite/01_dcp_wave-b-timestamps-20260814-132129/results/arrival_1/dcp_2/fa3_native_fifo/comm_sm_12/case_000045_dcp2_hkv4_eager.json

================================================================================
Mega comm_sm=12, case 47/100: case_000046_dcp2_hkv4: B=6, Sq=[16, 16, 16, 16, 16, 16], Sk=[4859, 4827, 11972, 21219, 9551, 5215], DCP=2, Hkv=4
================================================================================
Config: world_size=8, methods=['dcp_mega_varlen'], QH=32, KVH=4, D=128, TP=8, DCP=2, workload=chunk, execution=eager, baseline_phase_timing=False, warmup=40, iters=60, check=False
Workload: B=6, q_tokens=96, history_tokens=57643, q_seqlens=[16, 16, 16, 16, 16, 16], history_seqlens=[4859, 4827, 11972, 21219, 9551, 5215]
Agg TFLOPS uses useful attention work across all TP ranks and p50(max_across_ranks); Avg/GPU divides it by world_size.
KV GB/s/GPU is average logical BF16 K+V bytes read per TP rank divided by p50(max_across_ranks); it is not hardware-counter HBM traffic.

Running B=6, q_tokens=96, history_tokens=57643, causal=True

B=6, q_tokens=96, history_tokens=57643, QH=32, KVH=4, D=128, TP=8, DCP=2, mode=causal
Method                   Time ms                                                                                                                                     Agg TFLOPS    Avg/GPU  KV GB/s/GPU      Check  Note
dcp_mega_varlen          t0=0.058, t1=0.058, t2=0.059, t3=0.058, t4=0.056, t5=0.061, t6=0.058, t7=0.058 | p50(max_across_ranks)=0.061, p90(max_across_ranks)=0.063        246.4       30.8        241.2       skip  eager; output=bf16_ipc_a2a; runner_preallocated; timing=mega_kernel_only

Mega %globaltimer phase timestamps (per-iteration maximum across benchmark ranks, then p50/p90 across samples; us)
Method                   Phase                                                             p50        p90
dcp_mega_varlen          kernel_start                                                    0.000      0.000
dcp_mega_varlen          q_allgather_done                                                4.176      4.352
dcp_mega_varlen          attention_done                                                 16.672     17.091
dcp_mega_varlen          history_combine_done                                           44.448     44.646
dcp_mega_varlen          publish_done                                                   44.448     44.646
dcp_mega_varlen          receive_done                                                   51.920     53.446
dcp_mega_varlen          final_combine_done                                             54.848     56.429
dcp_mega_varlen          kernel_done                                                    55.184     56.781
dcp_mega_varlen          post_completion/q_done_to_publish_done                         40.608     40.835
dcp_mega_varlen          post_completion/publish_done_to_receive_done                    7.680      9.322
dcp_mega_varlen          post_completion/attention_done_to_history_combine_done         28.128     28.416
dcp_mega_varlen          post_completion/history_combine_done_to_final_combine_done     10.672     12.435
Wrote benchmark JSON to benchmark_logs/experiment_suite/dcp-suite/01_dcp_wave-b-timestamps-20260814-132129/results/arrival_1/dcp_2/fa3_native_fifo/comm_sm_12/case_000046_dcp2_hkv4_eager.json

================================================================================
Mega comm_sm=12, case 48/100: case_000047_dcp2_hkv4: B=9, Sq=[16, 16, 16, 16, 16, 16, 16, 16, 16], Sk=[93753, 1605, 10139, 6044, 15394, 1140, 1011, 970, 5249], DCP=2, Hkv=4
================================================================================
Config: world_size=8, methods=['dcp_mega_varlen'], QH=32, KVH=4, D=128, TP=8, DCP=2, workload=chunk, execution=eager, baseline_phase_timing=False, warmup=40, iters=60, check=False
Workload: B=9, q_tokens=144, history_tokens=135305, q_seqlens=[16, 16, 16, 16, 16, 16, 16, 16, 16], history_seqlens=[93753, 1605, 10139, 6044, 15394, 1140, 1011, 970, 5249]
Agg TFLOPS uses useful attention work across all TP ranks and p50(max_across_ranks); Avg/GPU divides it by world_size.
KV GB/s/GPU is average logical BF16 K+V bytes read per TP rank divided by p50(max_across_ranks); it is not hardware-counter HBM traffic.

Running B=9, q_tokens=144, history_tokens=135305, causal=True

B=9, q_tokens=144, history_tokens=135305, QH=32, KVH=4, D=128, TP=8, DCP=2, mode=causal
Method                   Time ms                                                                                                                                     Agg TFLOPS    Avg/GPU  KV GB/s/GPU      Check  Note
dcp_mega_varlen          t0=0.084, t1=0.083, t2=0.085, t3=0.084, t4=0.083, t5=0.088, t6=0.083, t7=0.085 | p50(max_across_ranks)=0.088, p90(max_across_ranks)=0.090        404.9       50.6        396.0       skip  eager; output=bf16_ipc_a2a; runner_preallocated; timing=mega_kernel_only

Mega %globaltimer phase timestamps (per-iteration maximum across benchmark ranks, then p50/p90 across samples; us)
Method                   Phase                                                             p50        p90
dcp_mega_varlen          kernel_start                                                    0.000      0.000
dcp_mega_varlen          q_allgather_done                                                4.544      4.672
dcp_mega_varlen          attention_done                                                 25.856     26.243
dcp_mega_varlen          history_combine_done                                           71.056     71.616
dcp_mega_varlen          publish_done                                                   71.056     71.616
dcp_mega_varlen          receive_done                                                   78.112     79.712
dcp_mega_varlen          final_combine_done                                             81.232     82.979
dcp_mega_varlen          kernel_done                                                    81.472     83.235
dcp_mega_varlen          post_completion/q_done_to_publish_done                         66.752     67.328
dcp_mega_varlen          post_completion/publish_done_to_receive_done                    8.640     10.493
dcp_mega_varlen          post_completion/attention_done_to_history_combine_done         45.904     46.506
dcp_mega_varlen          post_completion/history_combine_done_to_final_combine_done     11.728     13.738
Wrote benchmark JSON to benchmark_logs/experiment_suite/dcp-suite/01_dcp_wave-b-timestamps-20260814-132129/results/arrival_1/dcp_2/fa3_native_fifo/comm_sm_12/case_000047_dcp2_hkv4_eager.json

================================================================================
Mega comm_sm=12, case 49/100: case_000048_dcp2_hkv4: B=10, Sq=[16, 16, 16, 16, 16, 16, 16, 16, 16, 16], Sk=[2288, 2353, 15819, 16831, 1089, 5741, 7977, 14548, 2419, 925], DCP=2, Hkv=4
================================================================================
Config: world_size=8, methods=['dcp_mega_varlen'], QH=32, KVH=4, D=128, TP=8, DCP=2, workload=chunk, execution=eager, baseline_phase_timing=False, warmup=40, iters=60, check=False
Workload: B=10, q_tokens=160, history_tokens=69990, q_seqlens=[16, 16, 16, 16, 16, 16, 16, 16, 16, 16], history_seqlens=[2288, 2353, 15819, 16831, 1089, 5741, 7977, 14548, 2419, 925]
Agg TFLOPS uses useful attention work across all TP ranks and p50(max_across_ranks); Avg/GPU divides it by world_size.
KV GB/s/GPU is average logical BF16 K+V bytes read per TP rank divided by p50(max_across_ranks); it is not hardware-counter HBM traffic.

Running B=10, q_tokens=160, history_tokens=69990, causal=True

B=10, q_tokens=160, history_tokens=69990, QH=32, KVH=4, D=128, TP=8, DCP=2, mode=causal
Method                   Time ms                                                                                                                                     Agg TFLOPS    Avg/GPU  KV GB/s/GPU      Check  Note
dcp_mega_varlen          t0=0.048, t1=0.047, t2=0.050, t3=0.047, t4=0.047, t5=0.052, t6=0.048, t7=0.048 | p50(max_across_ranks)=0.052, p90(max_across_ranks)=0.053        353.4       44.2        346.2       skip  eager; output=bf16_ipc_a2a; runner_preallocated; timing=mega_kernel_only

Mega %globaltimer phase timestamps (per-iteration maximum across benchmark ranks, then p50/p90 across samples; us)
Method                   Phase                                                             p50        p90
dcp_mega_varlen          kernel_start                                                    0.000      0.000
dcp_mega_varlen          q_allgather_done                                                4.160      4.288
dcp_mega_varlen          attention_done                                                 17.120     17.315
dcp_mega_varlen          history_combine_done                                           34.816     35.107
dcp_mega_varlen          publish_done                                                   34.816     35.107
dcp_mega_varlen          receive_done                                                   42.400     43.334
dcp_mega_varlen          final_combine_done                                             45.408     46.464
dcp_mega_varlen          kernel_done                                                    45.744     46.784
dcp_mega_varlen          post_completion/q_done_to_publish_done                         30.784     31.136
dcp_mega_varlen          post_completion/publish_done_to_receive_done                    8.016      9.187
dcp_mega_varlen          post_completion/attention_done_to_history_combine_done         18.016     18.275
dcp_mega_varlen          post_completion/history_combine_done_to_final_combine_done     11.136     12.179
Wrote benchmark JSON to benchmark_logs/experiment_suite/dcp-suite/01_dcp_wave-b-timestamps-20260814-132129/results/arrival_1/dcp_2/fa3_native_fifo/comm_sm_12/case_000048_dcp2_hkv4_eager.json

================================================================================
Mega comm_sm=12, case 50/100: case_000049_dcp2_hkv4: B=12, Sq=[16, 16, 16, 16, 16, 16, 16, 16, 16, 16, 16, 16], Sk=[1663, 2874, 53471, 3412, 1136, 5736, 7780, 2693, 8369, 11684, 1576, 13179], DCP=2, Hkv=4
================================================================================
Config: world_size=8, methods=['dcp_mega_varlen'], QH=32, KVH=4, D=128, TP=8, DCP=2, workload=chunk, execution=eager, baseline_phase_timing=False, warmup=40, iters=60, check=False
Workload: B=12, q_tokens=192, history_tokens=113573, q_seqlens=[16, 16, 16, 16, 16, 16, 16, 16, 16, 16, 16, 16], history_seqlens=[1663, 2874, 53471, 3412, 1136, 5736, 7780, 2693, 8369, 11684, 1576, 13179]
Agg TFLOPS uses useful attention work across all TP ranks and p50(max_across_ranks); Avg/GPU divides it by world_size.
KV GB/s/GPU is average logical BF16 K+V bytes read per TP rank divided by p50(max_across_ranks); it is not hardware-counter HBM traffic.

Running B=12, q_tokens=192, history_tokens=113573, causal=True

B=12, q_tokens=192, history_tokens=113573, QH=32, KVH=4, D=128, TP=8, DCP=2, mode=causal
Method                   Time ms                                                                                                                                     Agg TFLOPS    Avg/GPU  KV GB/s/GPU      Check  Note
dcp_mega_varlen          t0=0.070, t1=0.071, t2=0.071, t3=0.070, t4=0.068, t5=0.072, t6=0.069, t7=0.070 | p50(max_across_ranks)=0.073, p90(max_across_ranks)=0.074        408.4       51.1        399.8       skip  eager; output=bf16_ipc_a2a; runner_preallocated; timing=mega_kernel_only

Mega %globaltimer phase timestamps (per-iteration maximum across benchmark ranks, then p50/p90 across samples; us)
Method                   Phase                                                             p50        p90
dcp_mega_varlen          kernel_start                                                    0.000      0.000
dcp_mega_varlen          q_allgather_done                                                4.480      4.576
dcp_mega_varlen          attention_done                                                 24.544     25.206
dcp_mega_varlen          history_combine_done                                           56.784     57.443
dcp_mega_varlen          publish_done                                                   56.784     57.443
dcp_mega_varlen          receive_done                                                   63.072     64.464
dcp_mega_varlen          final_combine_done                                             66.208     67.661
dcp_mega_varlen          kernel_done                                                    66.528     67.981
dcp_mega_varlen          post_completion/q_done_to_publish_done                         52.544     53.187
dcp_mega_varlen          post_completion/publish_done_to_receive_done                    7.296      8.749
dcp_mega_varlen          post_completion/attention_done_to_history_combine_done         33.456     34.170
dcp_mega_varlen          post_completion/history_combine_done_to_final_combine_done     10.512     11.872
Wrote benchmark JSON to benchmark_logs/experiment_suite/dcp-suite/01_dcp_wave-b-timestamps-20260814-132129/results/arrival_1/dcp_2/fa3_native_fifo/comm_sm_12/case_000049_dcp2_hkv4_eager.json

================================================================================
Mega comm_sm=12, case 51/100: case_000050_dcp2_hkv4: B=4, Sq=[16, 16, 16, 16], Sk=[8861, 16140, 24958, 31913], DCP=2, Hkv=4
================================================================================
Config: world_size=8, methods=['dcp_mega_varlen'], QH=32, KVH=4, D=128, TP=8, DCP=2, workload=chunk, execution=eager, baseline_phase_timing=False, warmup=40, iters=60, check=False
Workload: B=4, q_tokens=64, history_tokens=81872, q_seqlens=[16, 16, 16, 16], history_seqlens=[8861, 16140, 24958, 31913]
Agg TFLOPS uses useful attention work across all TP ranks and p50(max_across_ranks); Avg/GPU divides it by world_size.
KV GB/s/GPU is average logical BF16 K+V bytes read per TP rank divided by p50(max_across_ranks); it is not hardware-counter HBM traffic.

Running B=4, q_tokens=64, history_tokens=81872, causal=True

B=4, q_tokens=64, history_tokens=81872, QH=32, KVH=4, D=128, TP=8, DCP=2, mode=causal
Method                   Time ms                                                                                                                                     Agg TFLOPS    Avg/GPU  KV GB/s/GPU      Check  Note
dcp_mega_varlen          t0=0.059, t1=0.058, t2=0.059, t3=0.059, t4=0.057, t5=0.062, t6=0.059, t7=0.059 | p50(max_across_ranks)=0.062, p90(max_across_ranks)=0.064        346.9       43.4        339.2       skip  eager; output=bf16_ipc_a2a; runner_preallocated; timing=mega_kernel_only

Mega %globaltimer phase timestamps (per-iteration maximum across benchmark ranks, then p50/p90 across samples; us)
Method                   Phase                                                             p50        p90
dcp_mega_varlen          kernel_start                                                    0.000      0.000
dcp_mega_varlen          q_allgather_done                                                4.128      4.259
dcp_mega_varlen          attention_done                                                 17.392     17.632
dcp_mega_varlen          history_combine_done                                           45.504     46.048
dcp_mega_varlen          publish_done                                                   45.504     46.048
dcp_mega_varlen          receive_done                                                   52.400     54.717
dcp_mega_varlen          final_combine_done                                             55.376     57.859
dcp_mega_varlen          kernel_done                                                    55.600     58.112
dcp_mega_varlen          post_completion/q_done_to_publish_done                         41.680     42.080
dcp_mega_varlen          post_completion/publish_done_to_receive_done                    7.952     10.406
dcp_mega_varlen          post_completion/attention_done_to_history_combine_done         28.448     29.123
dcp_mega_varlen          post_completion/history_combine_done_to_final_combine_done     10.960     13.306
Wrote benchmark JSON to benchmark_logs/experiment_suite/dcp-suite/01_dcp_wave-b-timestamps-20260814-132129/results/arrival_1/dcp_2/fa3_native_fifo/comm_sm_12/case_000050_dcp2_hkv4_eager.json

================================================================================
Mega comm_sm=12, case 52/100: case_000051_dcp2_hkv4: B=10, Sq=[16, 16, 16, 16, 16, 16, 16, 16, 16, 16], Sk=[13090, 9854, 2404, 1384, 18871, 1729, 3451, 5381, 7908, 6644], DCP=2, Hkv=4
================================================================================
Config: world_size=8, methods=['dcp_mega_varlen'], QH=32, KVH=4, D=128, TP=8, DCP=2, workload=chunk, execution=eager, baseline_phase_timing=False, warmup=40, iters=60, check=False
Workload: B=10, q_tokens=160, history_tokens=70716, q_seqlens=[16, 16, 16, 16, 16, 16, 16, 16, 16, 16], history_seqlens=[13090, 9854, 2404, 1384, 18871, 1729, 3451, 5381, 7908, 6644]
Agg TFLOPS uses useful attention work across all TP ranks and p50(max_across_ranks); Avg/GPU divides it by world_size.
KV GB/s/GPU is average logical BF16 K+V bytes read per TP rank divided by p50(max_across_ranks); it is not hardware-counter HBM traffic.

Running B=10, q_tokens=160, history_tokens=70716, causal=True

B=10, q_tokens=160, history_tokens=70716, QH=32, KVH=4, D=128, TP=8, DCP=2, mode=causal
Method                   Time ms                                                                                                                                     Agg TFLOPS    Avg/GPU  KV GB/s/GPU      Check  Note
dcp_mega_varlen          t0=0.050, t1=0.049, t2=0.051, t3=0.048, t4=0.047, t5=0.052, t6=0.048, t7=0.049 | p50(max_across_ranks)=0.053, p90(max_across_ranks)=0.058        351.7       44.0        344.6       skip  eager; output=bf16_ipc_a2a; runner_preallocated; timing=mega_kernel_only

Mega %globaltimer phase timestamps (per-iteration maximum across benchmark ranks, then p50/p90 across samples; us)
Method                   Phase                                                             p50        p90
dcp_mega_varlen          kernel_start                                                    0.000      0.000
dcp_mega_varlen          q_allgather_done                                                4.160      4.288
dcp_mega_varlen          attention_done                                                 16.928     17.184
dcp_mega_varlen          history_combine_done                                           35.264     35.552
dcp_mega_varlen          publish_done                                                   35.264     35.552
dcp_mega_varlen          receive_done                                                   43.152     48.301
dcp_mega_varlen          final_combine_done                                             46.224     51.366
dcp_mega_varlen          kernel_done                                                    46.448     51.594
dcp_mega_varlen          post_completion/q_done_to_publish_done                         31.328     31.683
dcp_mega_varlen          post_completion/publish_done_to_receive_done                    8.480     13.744
dcp_mega_varlen          post_completion/attention_done_to_history_combine_done         18.656     18.957
dcp_mega_varlen          post_completion/history_combine_done_to_final_combine_done     11.504     16.886
Wrote benchmark JSON to benchmark_logs/experiment_suite/dcp-suite/01_dcp_wave-b-timestamps-20260814-132129/results/arrival_1/dcp_2/fa3_native_fifo/comm_sm_12/case_000051_dcp2_hkv4_eager.json

================================================================================
Mega comm_sm=12, case 53/100: case_000052_dcp2_hkv4: B=6, Sq=[16, 16, 16, 16, 16, 16], Sk=[22079, 3793, 10389, 9643, 11090, 22232], DCP=2, Hkv=4
================================================================================
Config: world_size=8, methods=['dcp_mega_varlen'], QH=32, KVH=4, D=128, TP=8, DCP=2, workload=chunk, execution=eager, baseline_phase_timing=False, warmup=40, iters=60, check=False
Workload: B=6, q_tokens=96, history_tokens=79226, q_seqlens=[16, 16, 16, 16, 16, 16], history_seqlens=[22079, 3793, 10389, 9643, 11090, 22232]
Agg TFLOPS uses useful attention work across all TP ranks and p50(max_across_ranks); Avg/GPU divides it by world_size.
KV GB/s/GPU is average logical BF16 K+V bytes read per TP rank divided by p50(max_across_ranks); it is not hardware-counter HBM traffic.

Running B=6, q_tokens=96, history_tokens=79226, causal=True

B=6, q_tokens=96, history_tokens=79226, QH=32, KVH=4, D=128, TP=8, DCP=2, mode=causal
Method                   Time ms                                                                                                                                     Agg TFLOPS    Avg/GPU  KV GB/s/GPU      Check  Note
dcp_mega_varlen          t0=0.054, t1=0.053, t2=0.054, t3=0.053, t4=0.052, t5=0.057, t6=0.053, t7=0.054 | p50(max_across_ranks)=0.057, p90(max_across_ranks)=0.059        365.5       45.7        357.5       skip  eager; output=bf16_ipc_a2a; runner_preallocated; timing=mega_kernel_only

Mega %globaltimer phase timestamps (per-iteration maximum across benchmark ranks, then p50/p90 across samples; us)
Method                   Phase                                                             p50        p90
dcp_mega_varlen          kernel_start                                                    0.000      0.000
dcp_mega_varlen          q_allgather_done                                                4.432      4.576
dcp_mega_varlen          attention_done                                                 18.208     18.371
dcp_mega_varlen          history_combine_done                                           39.584     39.904
dcp_mega_varlen          publish_done                                                   39.584     39.904
dcp_mega_varlen          receive_done                                                   46.992     48.333
dcp_mega_varlen          final_combine_done                                             50.320     51.683
dcp_mega_varlen          kernel_done                                                    50.672     52.032
dcp_mega_varlen          post_completion/q_done_to_publish_done                         35.296     35.622
dcp_mega_varlen          post_completion/publish_done_to_receive_done                    8.368      9.984
dcp_mega_varlen          post_completion/attention_done_to_history_combine_done         21.728     22.051
dcp_mega_varlen          post_completion/history_combine_done_to_final_combine_done     11.632     13.478
Wrote benchmark JSON to benchmark_logs/experiment_suite/dcp-suite/01_dcp_wave-b-timestamps-20260814-132129/results/arrival_1/dcp_2/fa3_native_fifo/comm_sm_12/case_000052_dcp2_hkv4_eager.json

================================================================================
Mega comm_sm=12, case 54/100: case_000053_dcp2_hkv4: B=11, Sq=[16, 16, 16, 16, 16, 16, 16, 16, 16, 16, 16], Sk=[15600, 4771, 5987, 4915, 11518, 29856, 16469, 20321, 14695, 4618, 13577], DCP=2, Hkv=4
================================================================================
Config: world_size=8, methods=['dcp_mega_varlen'], QH=32, KVH=4, D=128, TP=8, DCP=2, workload=chunk, execution=eager, baseline_phase_timing=False, warmup=40, iters=60, check=False
Workload: B=11, q_tokens=176, history_tokens=142327, q_seqlens=[16, 16, 16, 16, 16, 16, 16, 16, 16, 16, 16], history_seqlens=[15600, 4771, 5987, 4915, 11518, 29856, 16469, 20321, 14695, 4618, 13577]
Agg TFLOPS uses useful attention work across all TP ranks and p50(max_across_ranks); Avg/GPU divides it by world_size.
KV GB/s/GPU is average logical BF16 K+V bytes read per TP rank divided by p50(max_across_ranks); it is not hardware-counter HBM traffic.

Running B=11, q_tokens=176, history_tokens=142327, causal=True

B=11, q_tokens=176, history_tokens=142327, QH=32, KVH=4, D=128, TP=8, DCP=2, mode=causal
Method                   Time ms                                                                                                                                     Agg TFLOPS    Avg/GPU  KV GB/s/GPU      Check  Note
dcp_mega_varlen          t0=0.060, t1=0.059, t2=0.060, t3=0.059, t4=0.058, t5=0.062, t6=0.059, t7=0.059 | p50(max_across_ranks)=0.063, p90(max_across_ranks)=0.064        597.2       74.7        584.3       skip  eager; output=bf16_ipc_a2a; runner_preallocated; timing=mega_kernel_only

Mega %globaltimer phase timestamps (per-iteration maximum across benchmark ranks, then p50/p90 across samples; us)
Method                   Phase                                                             p50        p90
dcp_mega_varlen          kernel_start                                                    0.000      0.000
dcp_mega_varlen          q_allgather_done                                                4.480      4.576
dcp_mega_varlen          attention_done                                                 28.224     29.123
dcp_mega_varlen          history_combine_done                                           45.504     45.920
dcp_mega_varlen          publish_done                                                   45.504     45.920
dcp_mega_varlen          receive_done                                                   52.576     53.939
dcp_mega_varlen          final_combine_done                                             55.872     57.440
dcp_mega_varlen          kernel_done                                                    56.224     57.763
dcp_mega_varlen          post_completion/q_done_to_publish_done                         41.216     41.638
dcp_mega_varlen          post_completion/publish_done_to_receive_done                    7.824      9.184
dcp_mega_varlen          post_completion/attention_done_to_history_combine_done         18.368     18.752
dcp_mega_varlen          post_completion/history_combine_done_to_final_combine_done     11.152     12.490
Wrote benchmark JSON to benchmark_logs/experiment_suite/dcp-suite/01_dcp_wave-b-timestamps-20260814-132129/results/arrival_1/dcp_2/fa3_native_fifo/comm_sm_12/case_000053_dcp2_hkv4_eager.json

================================================================================
Mega comm_sm=12, case 55/100: case_000054_dcp2_hkv4: B=8, Sq=[16, 16, 16, 16, 16, 16, 16, 616], Sk=[1398, 7165, 6767, 24497, 4352, 1593, 3169, 1536], DCP=2, Hkv=4
================================================================================
Config: world_size=8, methods=['dcp_mega_varlen'], QH=32, KVH=4, D=128, TP=8, DCP=2, workload=chunk, execution=eager, baseline_phase_timing=False, warmup=40, iters=60, check=False
Workload: B=8, q_tokens=728, history_tokens=50477, q_seqlens=[16, 16, 16, 16, 16, 16, 16, 616], history_seqlens=[1398, 7165, 6767, 24497, 4352, 1593, 3169, 1536]
Agg TFLOPS uses useful attention work across all TP ranks and p50(max_across_ranks); Avg/GPU divides it by world_size.
KV GB/s/GPU is average logical BF16 K+V bytes read per TP rank divided by p50(max_across_ranks); it is not hardware-counter HBM traffic.

Running B=8, q_tokens=728, history_tokens=50477, causal=True

B=8, q_tokens=728, history_tokens=50477, QH=32, KVH=4, D=128, TP=8, DCP=2, mode=causal
Method                   Time ms                                                                                                                                     Agg TFLOPS    Avg/GPU  KV GB/s/GPU      Check  Note
dcp_mega_varlen          t0=0.077, t1=0.076, t2=0.078, t3=0.076, t4=0.075, t5=0.080, t6=0.076, t7=0.077 | p50(max_across_ranks)=0.080, p90(max_across_ranks)=0.082        392.5       49.1        165.9       skip  eager; output=bf16_ipc_a2a; runner_preallocated; timing=mega_kernel_only

Mega %globaltimer phase timestamps (per-iteration maximum across benchmark ranks, then p50/p90 across samples; us)
Method                   Phase                                                             p50        p90
dcp_mega_varlen          kernel_start                                                    0.000      0.000
dcp_mega_varlen          q_allgather_done                                                8.320      8.486
dcp_mega_varlen          attention_done                                                 55.920     56.576
dcp_mega_varlen          history_combine_done                                           62.704     63.360
dcp_mega_varlen          publish_done                                                   62.704     63.360
dcp_mega_varlen          receive_done                                                   69.968     71.523
dcp_mega_varlen          final_combine_done                                             73.376     75.046
dcp_mega_varlen          kernel_done                                                    73.712     75.366
dcp_mega_varlen          post_completion/q_done_to_publish_done                         54.768     55.302
dcp_mega_varlen          post_completion/publish_done_to_receive_done                    8.496      9.658
dcp_mega_varlen          post_completion/attention_done_to_history_combine_done          7.136      7.360
dcp_mega_varlen          post_completion/history_combine_done_to_final_combine_done     11.984     13.328
Wrote benchmark JSON to benchmark_logs/experiment_suite/dcp-suite/01_dcp_wave-b-timestamps-20260814-132129/results/arrival_1/dcp_2/fa3_native_fifo/comm_sm_12/case_000054_dcp2_hkv4_eager.json

================================================================================
Mega comm_sm=12, case 56/100: case_000055_dcp2_hkv4: B=5, Sq=[16, 16, 16, 16, 16], Sk=[14878, 9621, 2315, 10974, 1100], DCP=2, Hkv=4
================================================================================
Config: world_size=8, methods=['dcp_mega_varlen'], QH=32, KVH=4, D=128, TP=8, DCP=2, workload=chunk, execution=eager, baseline_phase_timing=False, warmup=40, iters=60, check=False
Workload: B=5, q_tokens=80, history_tokens=38888, q_seqlens=[16, 16, 16, 16, 16], history_seqlens=[14878, 9621, 2315, 10974, 1100]
Agg TFLOPS uses useful attention work across all TP ranks and p50(max_across_ranks); Avg/GPU divides it by world_size.
KV GB/s/GPU is average logical BF16 K+V bytes read per TP rank divided by p50(max_across_ranks); it is not hardware-counter HBM traffic.

Running B=5, q_tokens=80, history_tokens=38888, causal=True

B=5, q_tokens=80, history_tokens=38888, QH=32, KVH=4, D=128, TP=8, DCP=2, mode=causal
Method                   Time ms                                                                                                                                     Agg TFLOPS    Avg/GPU  KV GB/s/GPU      Check  Note
dcp_mega_varlen          t0=0.050, t1=0.049, t2=0.051, t3=0.048, t4=0.047, t5=0.053, t6=0.048, t7=0.050 | p50(max_across_ranks)=0.054, p90(max_across_ranks)=0.056        189.9       23.7        186.0       skip  eager; output=bf16_ipc_a2a; runner_preallocated; timing=mega_kernel_only

Mega %globaltimer phase timestamps (per-iteration maximum across benchmark ranks, then p50/p90 across samples; us)
Method                   Phase                                                             p50        p90
dcp_mega_varlen          kernel_start                                                    0.000      0.000
dcp_mega_varlen          q_allgather_done                                                3.936      4.000
dcp_mega_varlen          attention_done                                                 15.920     16.163
dcp_mega_varlen          history_combine_done                                           36.384     36.899
dcp_mega_varlen          publish_done                                                   36.384     36.899
dcp_mega_varlen          receive_done                                                   44.304     46.870
dcp_mega_varlen          final_combine_done                                             47.120     49.632
dcp_mega_varlen          kernel_done                                                    47.440     49.955
dcp_mega_varlen          post_completion/q_done_to_publish_done                         32.432     32.995
dcp_mega_varlen          post_completion/publish_done_to_receive_done                    9.488     12.250
dcp_mega_varlen          post_completion/attention_done_to_history_combine_done         20.800     21.152
dcp_mega_varlen          post_completion/history_combine_done_to_final_combine_done     12.272     15.181
Wrote benchmark JSON to benchmark_logs/experiment_suite/dcp-suite/01_dcp_wave-b-timestamps-20260814-132129/results/arrival_1/dcp_2/fa3_native_fifo/comm_sm_12/case_000055_dcp2_hkv4_eager.json

================================================================================
Mega comm_sm=12, case 57/100: case_000056_dcp2_hkv4: B=7, Sq=[16, 16, 16, 16, 16, 16, 16], Sk=[10754, 22303, 21052, 31849, 18058, 5316, 2288], DCP=2, Hkv=4
================================================================================
Config: world_size=8, methods=['dcp_mega_varlen'], QH=32, KVH=4, D=128, TP=8, DCP=2, workload=chunk, execution=eager, baseline_phase_timing=False, warmup=40, iters=60, check=False
Workload: B=7, q_tokens=112, history_tokens=111620, q_seqlens=[16, 16, 16, 16, 16, 16, 16], history_seqlens=[10754, 22303, 21052, 31849, 18058, 5316, 2288]
Agg TFLOPS uses useful attention work across all TP ranks and p50(max_across_ranks); Avg/GPU divides it by world_size.
KV GB/s/GPU is average logical BF16 K+V bytes read per TP rank divided by p50(max_across_ranks); it is not hardware-counter HBM traffic.

Running B=7, q_tokens=112, history_tokens=111620, causal=True

B=7, q_tokens=112, history_tokens=111620, QH=32, KVH=4, D=128, TP=8, DCP=2, mode=causal
Method                   Time ms                                                                                                                                     Agg TFLOPS    Avg/GPU  KV GB/s/GPU      Check  Note
dcp_mega_varlen          t0=0.057, t1=0.057, t2=0.058, t3=0.056, t4=0.055, t5=0.059, t6=0.057, t7=0.057 | p50(max_across_ranks)=0.060, p90(max_across_ranks)=0.062        491.3       61.4        480.5       skip  eager; output=bf16_ipc_a2a; runner_preallocated; timing=mega_kernel_only

Mega %globaltimer phase timestamps (per-iteration maximum across benchmark ranks, then p50/p90 across samples; us)
Method                   Phase                                                             p50        p90
dcp_mega_varlen          kernel_start                                                    0.000      0.000
dcp_mega_varlen          q_allgather_done                                                4.480      4.576
dcp_mega_varlen          attention_done                                                 20.864     21.315
dcp_mega_varlen          history_combine_done                                           43.264     43.718
dcp_mega_varlen          publish_done                                                   43.264     43.718
dcp_mega_varlen          receive_done                                                   50.128     51.981
dcp_mega_varlen          final_combine_done                                             52.976     55.002
dcp_mega_varlen          kernel_done                                                    53.200     55.229
dcp_mega_varlen          post_completion/q_done_to_publish_done                         39.072     39.459
dcp_mega_varlen          post_completion/publish_done_to_receive_done                    7.504      9.590
dcp_mega_varlen          post_completion/attention_done_to_history_combine_done         22.912     23.328
dcp_mega_varlen          post_completion/history_combine_done_to_final_combine_done     10.448     12.643
Wrote benchmark JSON to benchmark_logs/experiment_suite/dcp-suite/01_dcp_wave-b-timestamps-20260814-132129/results/arrival_1/dcp_2/fa3_native_fifo/comm_sm_12/case_000056_dcp2_hkv4_eager.json

================================================================================
Mega comm_sm=12, case 58/100: case_000057_dcp2_hkv4: B=8, Sq=[16, 16, 16, 16, 16, 16, 16, 16], Sk=[19200, 48158, 8257, 7464, 10078, 4215, 6080, 1212], DCP=2, Hkv=4
================================================================================
Config: world_size=8, methods=['dcp_mega_varlen'], QH=32, KVH=4, D=128, TP=8, DCP=2, workload=chunk, execution=eager, baseline_phase_timing=False, warmup=40, iters=60, check=False
Workload: B=8, q_tokens=128, history_tokens=104664, q_seqlens=[16, 16, 16, 16, 16, 16, 16, 16], history_seqlens=[19200, 48158, 8257, 7464, 10078, 4215, 6080, 1212]
Agg TFLOPS uses useful attention work across all TP ranks and p50(max_across_ranks); Avg/GPU divides it by world_size.
KV GB/s/GPU is average logical BF16 K+V bytes read per TP rank divided by p50(max_across_ranks); it is not hardware-counter HBM traffic.

Running B=8, q_tokens=128, history_tokens=104664, causal=True

B=8, q_tokens=128, history_tokens=104664, QH=32, KVH=4, D=128, TP=8, DCP=2, mode=causal
Method                   Time ms                                                                                                                                     Agg TFLOPS    Avg/GPU  KV GB/s/GPU      Check  Note
dcp_mega_varlen          t0=0.064, t1=0.064, t2=0.066, t3=0.062, t4=0.062, t5=0.067, t6=0.064, t7=0.064 | p50(max_across_ranks)=0.068, p90(max_across_ranks)=0.075        406.7       50.8        397.9       skip  eager; output=bf16_ipc_a2a; runner_preallocated; timing=mega_kernel_only

Mega %globaltimer phase timestamps (per-iteration maximum across benchmark ranks, then p50/p90 across samples; us)
Method                   Phase                                                             p50        p90
dcp_mega_varlen          kernel_start                                                    0.000      0.000
dcp_mega_varlen          q_allgather_done                                                4.512      4.640
dcp_mega_varlen          attention_done                                                 19.808     20.070
dcp_mega_varlen          history_combine_done                                           50.672     51.075
dcp_mega_varlen          publish_done                                                   50.672     51.075
dcp_mega_varlen          receive_done                                                   57.824     65.293
dcp_mega_varlen          final_combine_done                                             60.992     68.195
dcp_mega_varlen          kernel_done                                                    61.312     68.515
dcp_mega_varlen          post_completion/q_done_to_publish_done                         46.528     46.947
dcp_mega_varlen          post_completion/publish_done_to_receive_done                    8.992     15.078
dcp_mega_varlen          post_completion/attention_done_to_history_combine_done         31.328     31.651
dcp_mega_varlen          post_completion/history_combine_done_to_final_combine_done     12.096     17.981
Wrote benchmark JSON to benchmark_logs/experiment_suite/dcp-suite/01_dcp_wave-b-timestamps-20260814-132129/results/arrival_1/dcp_2/fa3_native_fifo/comm_sm_12/case_000057_dcp2_hkv4_eager.json

================================================================================
Mega comm_sm=12, case 59/100: case_000058_dcp2_hkv4: B=8, Sq=[16, 16, 16, 16, 16, 16, 16, 16], Sk=[3244, 2082, 5398, 1762, 1817, 1448, 8679, 44699], DCP=2, Hkv=4
================================================================================
Config: world_size=8, methods=['dcp_mega_varlen'], QH=32, KVH=4, D=128, TP=8, DCP=2, workload=chunk, execution=eager, baseline_phase_timing=False, warmup=40, iters=60, check=False
Workload: B=8, q_tokens=128, history_tokens=69129, q_seqlens=[16, 16, 16, 16, 16, 16, 16, 16], history_seqlens=[3244, 2082, 5398, 1762, 1817, 1448, 8679, 44699]
Agg TFLOPS uses useful attention work across all TP ranks and p50(max_across_ranks); Avg/GPU divides it by world_size.
KV GB/s/GPU is average logical BF16 K+V bytes read per TP rank divided by p50(max_across_ranks); it is not hardware-counter HBM traffic.

Running B=8, q_tokens=128, history_tokens=69129, causal=True

B=8, q_tokens=128, history_tokens=69129, QH=32, KVH=4, D=128, TP=8, DCP=2, mode=causal
Method                   Time ms                                                                                                                                     Agg TFLOPS    Avg/GPU  KV GB/s/GPU      Check  Note
dcp_mega_varlen          t0=0.068, t1=0.068, t2=0.069, t3=0.068, t4=0.067, t5=0.071, t6=0.068, t7=0.069 | p50(max_across_ranks)=0.071, p90(max_across_ranks)=0.074        255.9       32.0        250.5       skip  eager; output=bf16_ipc_a2a; runner_preallocated; timing=mega_kernel_only

Mega %globaltimer phase timestamps (per-iteration maximum across benchmark ranks, then p50/p90 across samples; us)
Method                   Phase                                                             p50        p90
dcp_mega_varlen          kernel_start                                                    0.000      0.000
dcp_mega_varlen          q_allgather_done                                                4.576      4.643
dcp_mega_varlen          attention_done                                                 17.344     17.504
dcp_mega_varlen          history_combine_done                                           55.168     55.498
dcp_mega_varlen          publish_done                                                   55.168     55.498
dcp_mega_varlen          receive_done                                                   61.536     64.205
dcp_mega_varlen          final_combine_done                                             64.496     67.149
dcp_mega_varlen          kernel_done                                                    64.720     67.350
dcp_mega_varlen          post_completion/q_done_to_publish_done                         50.816     51.299
dcp_mega_varlen          post_completion/publish_done_to_receive_done                    6.976      9.475
dcp_mega_varlen          post_completion/attention_done_to_history_combine_done         38.128     38.602
dcp_mega_varlen          post_completion/history_combine_done_to_final_combine_done      9.936     12.477
Wrote benchmark JSON to benchmark_logs/experiment_suite/dcp-suite/01_dcp_wave-b-timestamps-20260814-132129/results/arrival_1/dcp_2/fa3_native_fifo/comm_sm_12/case_000058_dcp2_hkv4_eager.json

================================================================================
Mega comm_sm=12, case 60/100: case_000059_dcp2_hkv4: B=8, Sq=[16, 16, 16, 16, 16, 16, 16, 4096], Sk=[6089, 25323, 7445, 7274, 14399, 1576, 2074, 12800], DCP=2, Hkv=4
================================================================================
Config: world_size=8, methods=['dcp_mega_varlen'], QH=32, KVH=4, D=128, TP=8, DCP=2, workload=chunk, execution=eager, baseline_phase_timing=False, warmup=40, iters=60, check=False
Workload: B=8, q_tokens=4208, history_tokens=76980, q_seqlens=[16, 16, 16, 16, 16, 16, 16, 4096], history_seqlens=[6089, 25323, 7445, 7274, 14399, 1576, 2074, 12800]
Agg TFLOPS uses useful attention work across all TP ranks and p50(max_across_ranks); Avg/GPU divides it by world_size.
KV GB/s/GPU is average logical BF16 K+V bytes read per TP rank divided by p50(max_across_ranks); it is not hardware-counter HBM traffic.

Running B=8, q_tokens=4208, history_tokens=76980, causal=True

B=8, q_tokens=4208, history_tokens=76980, QH=32, KVH=4, D=128, TP=8, DCP=2, mode=causal
Method                   Time ms                                                                                                                                     Agg TFLOPS    Avg/GPU  KV GB/s/GPU      Check  Note
dcp_mega_varlen          t0=0.288, t1=0.283, t2=0.288, t3=0.283, t4=0.280, t5=0.291, t6=0.284, t7=0.286 | p50(max_across_ranks)=0.292, p90(max_across_ranks)=0.295       3474.6      434.3         75.0       skip  eager; output=bf16_ipc_a2a; runner_preallocated; timing=mega_kernel_only

Mega %globaltimer phase timestamps (per-iteration maximum across benchmark ranks, then p50/p90 across samples; us)
Method                   Phase                                                             p50        p90
dcp_mega_varlen          kernel_start                                                    0.000      0.000
dcp_mega_varlen          q_allgather_done                                               28.368     29.254
dcp_mega_varlen          attention_done                                                250.368    251.043
dcp_mega_varlen          history_combine_done                                          266.160    267.235
dcp_mega_varlen          publish_done                                                  266.160    267.235
dcp_mega_varlen          receive_done                                                  276.864    280.099
dcp_mega_varlen          final_combine_done                                            284.960    287.901
dcp_mega_varlen          kernel_done                                                   285.264    288.195
dcp_mega_varlen          post_completion/q_done_to_publish_done                        239.904    241.165
dcp_mega_varlen          post_completion/publish_done_to_receive_done                   16.656     18.957
dcp_mega_varlen          post_completion/attention_done_to_history_combine_done         16.944     17.834
dcp_mega_varlen          post_completion/history_combine_done_to_final_combine_done     24.320     27.120
Wrote benchmark JSON to benchmark_logs/experiment_suite/dcp-suite/01_dcp_wave-b-timestamps-20260814-132129/results/arrival_1/dcp_2/fa3_native_fifo/comm_sm_12/case_000059_dcp2_hkv4_eager.json

================================================================================
Mega comm_sm=12, case 61/100: case_000060_dcp2_hkv4: B=13, Sq=[16, 16, 16, 16, 16, 16, 16, 16, 16, 16, 16, 16, 16], Sk=[1506, 1436, 13666, 5306, 3605, 7767, 4537, 3352, 14920, 13577, 32892, 6117, 968], DCP=2, Hkv=4
================================================================================
Config: world_size=8, methods=['dcp_mega_varlen'], QH=32, KVH=4, D=128, TP=8, DCP=2, workload=chunk, execution=eager, baseline_phase_timing=False, warmup=40, iters=60, check=False
Workload: B=13, q_tokens=208, history_tokens=109649, q_seqlens=[16, 16, 16, 16, 16, 16, 16, 16, 16, 16, 16, 16, 16], history_seqlens=[1506, 1436, 13666, 5306, 3605, 7767, 4537, 3352, 14920, 13577, 32892, 6117, 968]
Agg TFLOPS uses useful attention work across all TP ranks and p50(max_across_ranks); Avg/GPU divides it by world_size.
KV GB/s/GPU is average logical BF16 K+V bytes read per TP rank divided by p50(max_across_ranks); it is not hardware-counter HBM traffic.

Running B=13, q_tokens=208, history_tokens=109649, causal=True

B=13, q_tokens=208, history_tokens=109649, QH=32, KVH=4, D=128, TP=8, DCP=2, mode=causal
Method                   Time ms                                                                                                                                     Agg TFLOPS    Avg/GPU  KV GB/s/GPU      Check  Note
dcp_mega_varlen          t0=0.060, t1=0.060, t2=0.060, t3=0.059, t4=0.058, t5=0.063, t6=0.058, t7=0.061 | p50(max_across_ranks)=0.063, p90(max_across_ranks)=0.065        454.6       56.8        445.2       skip  eager; output=bf16_ipc_a2a; runner_preallocated; timing=mega_kernel_only

Mega %globaltimer phase timestamps (per-iteration maximum across benchmark ranks, then p50/p90 across samples; us)
Method                   Phase                                                             p50        p90
dcp_mega_varlen          kernel_start                                                    0.000      0.000
dcp_mega_varlen          q_allgather_done                                                4.480      4.608
dcp_mega_varlen          attention_done                                                 23.440     24.096
dcp_mega_varlen          history_combine_done                                           46.816     47.424
dcp_mega_varlen          publish_done                                                   46.816     47.424
dcp_mega_varlen          receive_done                                                   53.760     55.616
dcp_mega_varlen          final_combine_done                                             56.832     58.570
dcp_mega_varlen          kernel_done                                                    57.056     58.765
dcp_mega_varlen          post_completion/q_done_to_publish_done                         42.592     43.238
dcp_mega_varlen          post_completion/publish_done_to_receive_done                    8.784     10.541
dcp_mega_varlen          post_completion/attention_done_to_history_combine_done         23.856     24.288
dcp_mega_varlen          post_completion/history_combine_done_to_final_combine_done     11.840     13.568
Wrote benchmark JSON to benchmark_logs/experiment_suite/dcp-suite/01_dcp_wave-b-timestamps-20260814-132129/results/arrival_1/dcp_2/fa3_native_fifo/comm_sm_12/case_000060_dcp2_hkv4_eager.json

================================================================================
Mega comm_sm=12, case 62/100: case_000061_dcp2_hkv4: B=7, Sq=[16, 16, 16, 16, 16, 16, 16], Sk=[3743, 20732, 9086, 1333, 1841, 5197, 13474], DCP=2, Hkv=4
================================================================================
Config: world_size=8, methods=['dcp_mega_varlen'], QH=32, KVH=4, D=128, TP=8, DCP=2, workload=chunk, execution=eager, baseline_phase_timing=False, warmup=40, iters=60, check=False
Workload: B=7, q_tokens=112, history_tokens=55406, q_seqlens=[16, 16, 16, 16, 16, 16, 16], history_seqlens=[3743, 20732, 9086, 1333, 1841, 5197, 13474]
Agg TFLOPS uses useful attention work across all TP ranks and p50(max_across_ranks); Avg/GPU divides it by world_size.
KV GB/s/GPU is average logical BF16 K+V bytes read per TP rank divided by p50(max_across_ranks); it is not hardware-counter HBM traffic.

Running B=7, q_tokens=112, history_tokens=55406, causal=True

B=7, q_tokens=112, history_tokens=55406, QH=32, KVH=4, D=128, TP=8, DCP=2, mode=causal
Method                   Time ms                                                                                                                                     Agg TFLOPS    Avg/GPU  KV GB/s/GPU      Check  Note
dcp_mega_varlen          t0=0.057, t1=0.056, t2=0.058, t3=0.055, t4=0.055, t5=0.059, t6=0.055, t7=0.057 | p50(max_across_ranks)=0.059, p90(max_across_ranks)=0.062        245.3       30.7        240.2       skip  eager; output=bf16_ipc_a2a; runner_preallocated; timing=mega_kernel_only

Mega %globaltimer phase timestamps (per-iteration maximum across benchmark ranks, then p50/p90 across samples; us)
Method                   Phase                                                             p50        p90
dcp_mega_varlen          kernel_start                                                    0.000      0.000
dcp_mega_varlen          q_allgather_done                                                4.320      4.544
dcp_mega_varlen          attention_done                                                 15.952     16.256
dcp_mega_varlen          history_combine_done                                           42.848     43.274
dcp_mega_varlen          publish_done                                                   42.848     43.274
dcp_mega_varlen          receive_done                                                   49.584     52.678
dcp_mega_varlen          final_combine_done                                             52.624     55.587
dcp_mega_varlen          kernel_done                                                    52.960     55.907
dcp_mega_varlen          post_completion/q_done_to_publish_done                         38.656     39.085
dcp_mega_varlen          post_completion/publish_done_to_receive_done                    7.536     10.282
dcp_mega_varlen          post_completion/attention_done_to_history_combine_done         27.168     27.565
dcp_mega_varlen          post_completion/history_combine_done_to_final_combine_done     10.576     13.178
Wrote benchmark JSON to benchmark_logs/experiment_suite/dcp-suite/01_dcp_wave-b-timestamps-20260814-132129/results/arrival_1/dcp_2/fa3_native_fifo/comm_sm_12/case_000061_dcp2_hkv4_eager.json

================================================================================
Mega comm_sm=12, case 63/100: case_000062_dcp2_hkv4: B=7, Sq=[16, 16, 16, 16, 16, 16, 16], Sk=[4387, 11763, 48591, 17436, 3589, 2146, 1121], DCP=2, Hkv=4
================================================================================
Config: world_size=8, methods=['dcp_mega_varlen'], QH=32, KVH=4, D=128, TP=8, DCP=2, workload=chunk, execution=eager, baseline_phase_timing=False, warmup=40, iters=60, check=False
Workload: B=7, q_tokens=112, history_tokens=89033, q_seqlens=[16, 16, 16, 16, 16, 16, 16], history_seqlens=[4387, 11763, 48591, 17436, 3589, 2146, 1121]
Agg TFLOPS uses useful attention work across all TP ranks and p50(max_across_ranks); Avg/GPU divides it by world_size.
KV GB/s/GPU is average logical BF16 K+V bytes read per TP rank divided by p50(max_across_ranks); it is not hardware-counter HBM traffic.

Running B=7, q_tokens=112, history_tokens=89033, causal=True

B=7, q_tokens=112, history_tokens=89033, QH=32, KVH=4, D=128, TP=8, DCP=2, mode=causal
Method                   Time ms                                                                                                                                     Agg TFLOPS    Avg/GPU  KV GB/s/GPU      Check  Note
dcp_mega_varlen          t0=0.073, t1=0.072, t2=0.073, t3=0.072, t4=0.071, t5=0.075, t6=0.072, t7=0.073 | p50(max_across_ranks)=0.075, p90(max_across_ranks)=0.077        312.3       39.0        305.5       skip  eager; output=bf16_ipc_a2a; runner_preallocated; timing=mega_kernel_only

Mega %globaltimer phase timestamps (per-iteration maximum across benchmark ranks, then p50/p90 across samples; us)
Method                   Phase                                                             p50        p90
dcp_mega_varlen          kernel_start                                                    0.000      0.000
dcp_mega_varlen          q_allgather_done                                                4.448      4.576
dcp_mega_varlen          attention_done                                                 19.680     20.010
dcp_mega_varlen          history_combine_done                                           59.280     59.814
dcp_mega_varlen          publish_done                                                   59.280     59.814
dcp_mega_varlen          receive_done                                                   65.696     67.693
dcp_mega_varlen          final_combine_done                                             68.368     70.342
dcp_mega_varlen          kernel_done                                                    68.656     70.570
dcp_mega_varlen          post_completion/q_done_to_publish_done                         55.072     55.619
dcp_mega_varlen          post_completion/publish_done_to_receive_done                    7.232      9.350
dcp_mega_varlen          post_completion/attention_done_to_history_combine_done         40.128     40.640
dcp_mega_varlen          post_completion/history_combine_done_to_final_combine_done      9.984     12.070
Wrote benchmark JSON to benchmark_logs/experiment_suite/dcp-suite/01_dcp_wave-b-timestamps-20260814-132129/results/arrival_1/dcp_2/fa3_native_fifo/comm_sm_12/case_000062_dcp2_hkv4_eager.json

================================================================================
Mega comm_sm=12, case 64/100: case_000063_dcp2_hkv4: B=8, Sq=[16, 16, 16, 16, 16, 16, 16, 16], Sk=[8734, 2194, 34780, 4364, 13675, 1744, 9701, 2967], DCP=2, Hkv=4
================================================================================
Config: world_size=8, methods=['dcp_mega_varlen'], QH=32, KVH=4, D=128, TP=8, DCP=2, workload=chunk, execution=eager, baseline_phase_timing=False, warmup=40, iters=60, check=False
Workload: B=8, q_tokens=128, history_tokens=78159, q_seqlens=[16, 16, 16, 16, 16, 16, 16, 16], history_seqlens=[8734, 2194, 34780, 4364, 13675, 1744, 9701, 2967]
Agg TFLOPS uses useful attention work across all TP ranks and p50(max_across_ranks); Avg/GPU divides it by world_size.
KV GB/s/GPU is average logical BF16 K+V bytes read per TP rank divided by p50(max_across_ranks); it is not hardware-counter HBM traffic.

Running B=8, q_tokens=128, history_tokens=78159, causal=True

B=8, q_tokens=128, history_tokens=78159, QH=32, KVH=4, D=128, TP=8, DCP=2, mode=causal
Method                   Time ms                                                                                                                                     Agg TFLOPS    Avg/GPU  KV GB/s/GPU      Check  Note
dcp_mega_varlen          t0=0.061, t1=0.061, t2=0.063, t3=0.061, t4=0.058, t5=0.062, t6=0.061, t7=0.060 | p50(max_across_ranks)=0.063, p90(max_across_ranks)=0.064        324.8       40.6        318.0       skip  eager; output=bf16_ipc_a2a; runner_preallocated; timing=mega_kernel_only

Mega %globaltimer phase timestamps (per-iteration maximum across benchmark ranks, then p50/p90 across samples; us)
Method                   Phase                                                             p50        p90
dcp_mega_varlen          kernel_start                                                    0.000      0.000
dcp_mega_varlen          q_allgather_done                                                4.416      4.480
dcp_mega_varlen          attention_done                                                 17.264     17.440
dcp_mega_varlen          history_combine_done                                           48.032     48.576
dcp_mega_varlen          publish_done                                                   48.032     48.576
dcp_mega_varlen          receive_done                                                   53.664     54.410
dcp_mega_varlen          final_combine_done                                             56.448     57.088
dcp_mega_varlen          kernel_done                                                    56.720     57.408
dcp_mega_varlen          post_completion/q_done_to_publish_done                         43.936     44.451
dcp_mega_varlen          post_completion/publish_done_to_receive_done                    7.232      8.512
dcp_mega_varlen          post_completion/attention_done_to_history_combine_done         30.976     31.392
dcp_mega_varlen          post_completion/history_combine_done_to_final_combine_done     10.144     11.277
Wrote benchmark JSON to benchmark_logs/experiment_suite/dcp-suite/01_dcp_wave-b-timestamps-20260814-132129/results/arrival_1/dcp_2/fa3_native_fifo/comm_sm_12/case_000063_dcp2_hkv4_eager.json

================================================================================
Mega comm_sm=12, case 65/100: case_000064_dcp2_hkv4: B=7, Sq=[16, 16, 16, 16, 16, 16, 16], Sk=[5362, 1350, 18594, 2622, 16046, 20440, 2642], DCP=2, Hkv=4
================================================================================
Config: world_size=8, methods=['dcp_mega_varlen'], QH=32, KVH=4, D=128, TP=8, DCP=2, workload=chunk, execution=eager, baseline_phase_timing=False, warmup=40, iters=60, check=False
Workload: B=7, q_tokens=112, history_tokens=67056, q_seqlens=[16, 16, 16, 16, 16, 16, 16], history_seqlens=[5362, 1350, 18594, 2622, 16046, 20440, 2642]
Agg TFLOPS uses useful attention work across all TP ranks and p50(max_across_ranks); Avg/GPU divides it by world_size.
KV GB/s/GPU is average logical BF16 K+V bytes read per TP rank divided by p50(max_across_ranks); it is not hardware-counter HBM traffic.

Running B=7, q_tokens=112, history_tokens=67056, causal=True

B=7, q_tokens=112, history_tokens=67056, QH=32, KVH=4, D=128, TP=8, DCP=2, mode=causal
Method                   Time ms                                                                                                                                     Agg TFLOPS    Avg/GPU  KV GB/s/GPU      Check  Note
dcp_mega_varlen          t0=0.051, t1=0.050, t2=0.051, t3=0.050, t4=0.048, t5=0.054, t6=0.050, t7=0.051 | p50(max_across_ranks)=0.054, p90(max_across_ranks)=0.055        327.5       40.9        320.6       skip  eager; output=bf16_ipc_a2a; runner_preallocated; timing=mega_kernel_only

Mega %globaltimer phase timestamps (per-iteration maximum across benchmark ranks, then p50/p90 across samples; us)
Method                   Phase                                                             p50        p90
dcp_mega_varlen          kernel_start                                                    0.000      0.000
dcp_mega_varlen          q_allgather_done                                                4.448      4.611
dcp_mega_varlen          attention_done                                                 17.120     17.376
dcp_mega_varlen          history_combine_done                                           36.832     37.312
dcp_mega_varlen          publish_done                                                   36.832     37.312
dcp_mega_varlen          receive_done                                                   43.792     44.838
dcp_mega_varlen          final_combine_done                                             47.040     48.102
dcp_mega_varlen          kernel_done                                                    47.392     48.451
dcp_mega_varlen          post_completion/q_done_to_publish_done                         32.768     33.027
dcp_mega_varlen          post_completion/publish_done_to_receive_done                    7.760      8.998
dcp_mega_varlen          post_completion/attention_done_to_history_combine_done         20.064     20.387
dcp_mega_varlen          post_completion/history_combine_done_to_final_combine_done     10.976     12.102
Wrote benchmark JSON to benchmark_logs/experiment_suite/dcp-suite/01_dcp_wave-b-timestamps-20260814-132129/results/arrival_1/dcp_2/fa3_native_fifo/comm_sm_12/case_000064_dcp2_hkv4_eager.json

================================================================================
Mega comm_sm=12, case 66/100: case_000065_dcp2_hkv4: B=9, Sq=[16, 16, 16, 16, 16, 16, 16, 16, 400], Sk=[2085, 14196, 2563, 19769, 1251, 2519, 8897, 4113, 512], DCP=2, Hkv=4
================================================================================
Config: world_size=8, methods=['dcp_mega_varlen'], QH=32, KVH=4, D=128, TP=8, DCP=2, workload=chunk, execution=eager, baseline_phase_timing=False, warmup=40, iters=60, check=False
Workload: B=9, q_tokens=528, history_tokens=55905, q_seqlens=[16, 16, 16, 16, 16, 16, 16, 16, 400], history_seqlens=[2085, 14196, 2563, 19769, 1251, 2519, 8897, 4113, 512]
Agg TFLOPS uses useful attention work across all TP ranks and p50(max_across_ranks); Avg/GPU divides it by world_size.
KV GB/s/GPU is average logical BF16 K+V bytes read per TP rank divided by p50(max_across_ranks); it is not hardware-counter HBM traffic.

Running B=9, q_tokens=528, history_tokens=55905, causal=True

B=9, q_tokens=528, history_tokens=55905, QH=32, KVH=4, D=128, TP=8, DCP=2, mode=causal
Method                   Time ms                                                                                                                                     Agg TFLOPS    Avg/GPU  KV GB/s/GPU      Check  Note
dcp_mega_varlen          t0=0.055, t1=0.055, t2=0.057, t3=0.053, t4=0.053, t5=0.058, t6=0.055, t7=0.056 | p50(max_across_ranks)=0.058, p90(max_across_ranks)=0.060        332.0       41.5        252.0       skip  eager; output=bf16_ipc_a2a; runner_preallocated; timing=mega_kernel_only

Mega %globaltimer phase timestamps (per-iteration maximum across benchmark ranks, then p50/p90 across samples; us)
Method                   Phase                                                             p50        p90
dcp_mega_varlen          kernel_start                                                    0.000      0.000
dcp_mega_varlen          q_allgather_done                                                5.056      5.152
dcp_mega_varlen          attention_done                                                 33.360     33.638
dcp_mega_varlen          history_combine_done                                           41.216     41.507
dcp_mega_varlen          publish_done                                                   41.216     41.507
dcp_mega_varlen          receive_done                                                   47.920     49.552
dcp_mega_varlen          final_combine_done                                             51.248     52.774
dcp_mega_varlen          kernel_done                                                    51.552     53.085
dcp_mega_varlen          post_completion/q_done_to_publish_done                         36.512     37.059
dcp_mega_varlen          post_completion/publish_done_to_receive_done                    7.648      9.005
dcp_mega_varlen          post_completion/attention_done_to_history_combine_done          8.256      8.576
dcp_mega_varlen          post_completion/history_combine_done_to_final_combine_done     10.944     12.371
Wrote benchmark JSON to benchmark_logs/experiment_suite/dcp-suite/01_dcp_wave-b-timestamps-20260814-132129/results/arrival_1/dcp_2/fa3_native_fifo/comm_sm_12/case_000065_dcp2_hkv4_eager.json

================================================================================
Mega comm_sm=12, case 67/100: case_000066_dcp2_hkv4: B=11, Sq=[16, 16, 16, 16, 16, 16, 16, 16, 16, 16, 16], Sk=[14568, 3614, 4265, 9629, 16227, 2672, 5902, 14321, 12905, 8894, 1462], DCP=2, Hkv=4
================================================================================
Config: world_size=8, methods=['dcp_mega_varlen'], QH=32, KVH=4, D=128, TP=8, DCP=2, workload=chunk, execution=eager, baseline_phase_timing=False, warmup=40, iters=60, check=False
Workload: B=11, q_tokens=176, history_tokens=94459, q_seqlens=[16, 16, 16, 16, 16, 16, 16, 16, 16, 16, 16], history_seqlens=[14568, 3614, 4265, 9629, 16227, 2672, 5902, 14321, 12905, 8894, 1462]
Agg TFLOPS uses useful attention work across all TP ranks and p50(max_across_ranks); Avg/GPU divides it by world_size.
KV GB/s/GPU is average logical BF16 K+V bytes read per TP rank divided by p50(max_across_ranks); it is not hardware-counter HBM traffic.

Running B=11, q_tokens=176, history_tokens=94459, causal=True

B=11, q_tokens=176, history_tokens=94459, QH=32, KVH=4, D=128, TP=8, DCP=2, mode=causal
Method                   Time ms                                                                                                                                     Agg TFLOPS    Avg/GPU  KV GB/s/GPU      Check  Note
dcp_mega_varlen          t0=0.048, t1=0.047, t2=0.048, t3=0.047, t4=0.045, t5=0.050, t6=0.047, t7=0.047 | p50(max_across_ranks)=0.050, p90(max_across_ranks)=0.052        497.5       62.2        487.1       skip  eager; output=bf16_ipc_a2a; runner_preallocated; timing=mega_kernel_only

Mega %globaltimer phase timestamps (per-iteration maximum across benchmark ranks, then p50/p90 across samples; us)
Method                   Phase                                                             p50        p90
dcp_mega_varlen          kernel_start                                                    0.000      0.000
dcp_mega_varlen          q_allgather_done                                                4.432      4.640
dcp_mega_varlen          attention_done                                                 18.720     19.046
dcp_mega_varlen          history_combine_done                                           33.504     34.486
dcp_mega_varlen          publish_done                                                   33.504     34.486
dcp_mega_varlen          receive_done                                                   40.192     41.709
dcp_mega_varlen          final_combine_done                                             43.344     44.899
dcp_mega_varlen          kernel_done                                                    43.664     45.158
dcp_mega_varlen          post_completion/q_done_to_publish_done                         29.392     30.659
dcp_mega_varlen          post_completion/publish_done_to_receive_done                    7.808      9.286
dcp_mega_varlen          post_completion/attention_done_to_history_combine_done         15.200     16.387
dcp_mega_varlen          post_completion/history_combine_done_to_final_combine_done     10.912     12.464
Wrote benchmark JSON to benchmark_logs/experiment_suite/dcp-suite/01_dcp_wave-b-timestamps-20260814-132129/results/arrival_1/dcp_2/fa3_native_fifo/comm_sm_12/case_000066_dcp2_hkv4_eager.json

================================================================================
Mega comm_sm=12, case 68/100: case_000067_dcp2_hkv4: B=8, Sq=[16, 16, 16, 16, 16, 16, 16, 16], Sk=[2647, 16728, 1254, 4958, 7694, 1263, 1908, 2364], DCP=2, Hkv=4
================================================================================
Config: world_size=8, methods=['dcp_mega_varlen'], QH=32, KVH=4, D=128, TP=8, DCP=2, workload=chunk, execution=eager, baseline_phase_timing=False, warmup=40, iters=60, check=False
Workload: B=8, q_tokens=128, history_tokens=38816, q_seqlens=[16, 16, 16, 16, 16, 16, 16, 16], history_seqlens=[2647, 16728, 1254, 4958, 7694, 1263, 1908, 2364]
Agg TFLOPS uses useful attention work across all TP ranks and p50(max_across_ranks); Avg/GPU divides it by world_size.
KV GB/s/GPU is average logical BF16 K+V bytes read per TP rank divided by p50(max_across_ranks); it is not hardware-counter HBM traffic.

Running B=8, q_tokens=128, history_tokens=38816, causal=True

B=8, q_tokens=128, history_tokens=38816, QH=32, KVH=4, D=128, TP=8, DCP=2, mode=causal
Method                   Time ms                                                                                                                                     Agg TFLOPS    Avg/GPU  KV GB/s/GPU      Check  Note
dcp_mega_varlen          t0=0.051, t1=0.051, t2=0.052, t3=0.051, t4=0.050, t5=0.053, t6=0.050, t7=0.051 | p50(max_across_ranks)=0.053, p90(max_across_ranks)=0.055        191.0       23.9        187.4       skip  eager; output=bf16_ipc_a2a; runner_preallocated; timing=mega_kernel_only

Mega %globaltimer phase timestamps (per-iteration maximum across benchmark ranks, then p50/p90 across samples; us)
Method                   Phase                                                             p50        p90
dcp_mega_varlen          kernel_start                                                    0.000      0.000
dcp_mega_varlen          q_allgather_done                                                4.032      4.096
dcp_mega_varlen          attention_done                                                 15.136     15.392
dcp_mega_varlen          history_combine_done                                           37.792     38.208
dcp_mega_varlen          publish_done                                                   37.792     38.208
dcp_mega_varlen          receive_done                                                   43.728     44.806
dcp_mega_varlen          final_combine_done                                             46.640     47.754
dcp_mega_varlen          kernel_done                                                    46.960     48.077
dcp_mega_varlen          post_completion/q_done_to_publish_done                         33.968     34.342
dcp_mega_varlen          post_completion/publish_done_to_receive_done                    6.480      7.472
dcp_mega_varlen          post_completion/attention_done_to_history_combine_done         22.800     23.107
dcp_mega_varlen          post_completion/history_combine_done_to_final_combine_done      9.344     10.326
Wrote benchmark JSON to benchmark_logs/experiment_suite/dcp-suite/01_dcp_wave-b-timestamps-20260814-132129/results/arrival_1/dcp_2/fa3_native_fifo/comm_sm_12/case_000067_dcp2_hkv4_eager.json

================================================================================
Mega comm_sm=12, case 69/100: case_000068_dcp2_hkv4: B=10, Sq=[16, 16, 16, 16, 16, 16, 16, 16, 16, 16], Sk=[10637, 15331, 8481, 4844, 15971, 1085, 6729, 18439, 20854, 23058], DCP=2, Hkv=4
================================================================================
Config: world_size=8, methods=['dcp_mega_varlen'], QH=32, KVH=4, D=128, TP=8, DCP=2, workload=chunk, execution=eager, baseline_phase_timing=False, warmup=40, iters=60, check=False
Workload: B=10, q_tokens=160, history_tokens=125429, q_seqlens=[16, 16, 16, 16, 16, 16, 16, 16, 16, 16], history_seqlens=[10637, 15331, 8481, 4844, 15971, 1085, 6729, 18439, 20854, 23058]
Agg TFLOPS uses useful attention work across all TP ranks and p50(max_across_ranks); Avg/GPU divides it by world_size.
KV GB/s/GPU is average logical BF16 K+V bytes read per TP rank divided by p50(max_across_ranks); it is not hardware-counter HBM traffic.

Running B=10, q_tokens=160, history_tokens=125429, causal=True

B=10, q_tokens=160, history_tokens=125429, QH=32, KVH=4, D=128, TP=8, DCP=2, mode=causal
Method                   Time ms                                                                                                                                     Agg TFLOPS    Avg/GPU  KV GB/s/GPU      Check  Note
dcp_mega_varlen          t0=0.058, t1=0.058, t2=0.059, t3=0.058, t4=0.056, t5=0.061, t6=0.058, t7=0.058 | p50(max_across_ranks)=0.061, p90(max_across_ranks)=0.063        539.9       67.5        528.2       skip  eager; output=bf16_ipc_a2a; runner_preallocated; timing=mega_kernel_only

Mega %globaltimer phase timestamps (per-iteration maximum across benchmark ranks, then p50/p90 across samples; us)
Method                   Phase                                                             p50        p90
dcp_mega_varlen          kernel_start                                                    0.000      0.000
dcp_mega_varlen          q_allgather_done                                                4.512      4.579
dcp_mega_varlen          attention_done                                                 23.360     23.715
dcp_mega_varlen          history_combine_done                                           44.736     45.283
dcp_mega_varlen          publish_done                                                   44.736     45.283
dcp_mega_varlen          receive_done                                                   51.472     53.386
dcp_mega_varlen          final_combine_done                                             54.592     56.214
dcp_mega_varlen          kernel_done                                                    54.832     56.451
dcp_mega_varlen          post_completion/q_done_to_publish_done                         40.528     41.027
dcp_mega_varlen          post_completion/publish_done_to_receive_done                    9.408     10.813
dcp_mega_varlen          post_completion/attention_done_to_history_combine_done         22.096     22.688
dcp_mega_varlen          post_completion/history_combine_done_to_final_combine_done     12.528     14.010
Wrote benchmark JSON to benchmark_logs/experiment_suite/dcp-suite/01_dcp_wave-b-timestamps-20260814-132129/results/arrival_1/dcp_2/fa3_native_fifo/comm_sm_12/case_000068_dcp2_hkv4_eager.json

================================================================================
Mega comm_sm=12, case 70/100: case_000069_dcp2_hkv4: B=5, Sq=[16, 16, 16, 16, 16], Sk=[3323, 11331, 40589, 58538, 6431], DCP=2, Hkv=4
================================================================================
Config: world_size=8, methods=['dcp_mega_varlen'], QH=32, KVH=4, D=128, TP=8, DCP=2, workload=chunk, execution=eager, baseline_phase_timing=False, warmup=40, iters=60, check=False
Workload: B=5, q_tokens=80, history_tokens=120212, q_seqlens=[16, 16, 16, 16, 16], history_seqlens=[3323, 11331, 40589, 58538, 6431]
Agg TFLOPS uses useful attention work across all TP ranks and p50(max_across_ranks); Avg/GPU divides it by world_size.
KV GB/s/GPU is average logical BF16 K+V bytes read per TP rank divided by p50(max_across_ranks); it is not hardware-counter HBM traffic.

Running B=5, q_tokens=80, history_tokens=120212, causal=True

B=5, q_tokens=80, history_tokens=120212, QH=32, KVH=4, D=128, TP=8, DCP=2, mode=causal
Method                   Time ms                                                                                                                                     Agg TFLOPS    Avg/GPU  KV GB/s/GPU      Check  Note
dcp_mega_varlen          t0=0.075, t1=0.074, t2=0.075, t3=0.073, t4=0.072, t5=0.078, t6=0.072, t7=0.074 | p50(max_across_ranks)=0.078, p90(max_across_ranks)=0.079        406.2       50.8        397.1       skip  eager; output=bf16_ipc_a2a; runner_preallocated; timing=mega_kernel_only

Mega %globaltimer phase timestamps (per-iteration maximum across benchmark ranks, then p50/p90 across samples; us)
Method                   Phase                                                             p50        p90
dcp_mega_varlen          kernel_start                                                    0.000      0.000
dcp_mega_varlen          q_allgather_done                                                4.480      4.576
dcp_mega_varlen          attention_done                                                 25.200     27.584
dcp_mega_varlen          history_combine_done                                           60.832     61.315
dcp_mega_varlen          publish_done                                                   60.832     61.315
dcp_mega_varlen          receive_done                                                   68.144     69.539
dcp_mega_varlen          final_combine_done                                             71.120     72.394
dcp_mega_varlen          kernel_done                                                    71.344     72.621
dcp_mega_varlen          post_completion/q_done_to_publish_done                         56.608     57.123
dcp_mega_varlen          post_completion/publish_done_to_receive_done                    8.944     10.480
dcp_mega_varlen          post_completion/attention_done_to_history_combine_done         37.248     37.763
dcp_mega_varlen          post_completion/history_combine_done_to_final_combine_done     11.904     13.389
Wrote benchmark JSON to benchmark_logs/experiment_suite/dcp-suite/01_dcp_wave-b-timestamps-20260814-132129/results/arrival_1/dcp_2/fa3_native_fifo/comm_sm_12/case_000069_dcp2_hkv4_eager.json

================================================================================
Mega comm_sm=12, case 71/100: case_000070_dcp2_hkv4: B=10, Sq=[16, 16, 16, 16, 16, 16, 16, 16, 16, 16], Sk=[3256, 15600, 3515, 2941, 1156, 1152, 4543, 1008, 3080, 11947], DCP=2, Hkv=4
================================================================================
Config: world_size=8, methods=['dcp_mega_varlen'], QH=32, KVH=4, D=128, TP=8, DCP=2, workload=chunk, execution=eager, baseline_phase_timing=False, warmup=40, iters=60, check=False
Workload: B=10, q_tokens=160, history_tokens=48198, q_seqlens=[16, 16, 16, 16, 16, 16, 16, 16, 16, 16], history_seqlens=[3256, 15600, 3515, 2941, 1156, 1152, 4543, 1008, 3080, 11947]
Agg TFLOPS uses useful attention work across all TP ranks and p50(max_across_ranks); Avg/GPU divides it by world_size.
KV GB/s/GPU is average logical BF16 K+V bytes read per TP rank divided by p50(max_across_ranks); it is not hardware-counter HBM traffic.

Running B=10, q_tokens=160, history_tokens=48198, causal=True

B=10, q_tokens=160, history_tokens=48198, QH=32, KVH=4, D=128, TP=8, DCP=2, mode=causal
Method                   Time ms                                                                                                                                     Agg TFLOPS    Avg/GPU  KV GB/s/GPU      Check  Note
dcp_mega_varlen          t0=0.050, t1=0.051, t2=0.051, t3=0.050, t4=0.048, t5=0.053, t6=0.050, t7=0.050 | p50(max_across_ranks)=0.053, p90(max_across_ranks)=0.055        236.8       29.6        232.4       skip  eager; output=bf16_ipc_a2a; runner_preallocated; timing=mega_kernel_only

Mega %globaltimer phase timestamps (per-iteration maximum across benchmark ranks, then p50/p90 across samples; us)
Method                   Phase                                                             p50        p90
dcp_mega_varlen          kernel_start                                                    0.000      0.000
dcp_mega_varlen          q_allgather_done                                                4.320      4.384
dcp_mega_varlen          attention_done                                                 15.664     15.907
dcp_mega_varlen          history_combine_done                                           37.152     37.507
dcp_mega_varlen          publish_done                                                   37.152     37.507
dcp_mega_varlen          receive_done                                                   43.840     45.066
dcp_mega_varlen          final_combine_done                                             46.800     48.102
dcp_mega_varlen          kernel_done                                                    47.136     48.426
dcp_mega_varlen          post_completion/q_done_to_publish_done                         33.168     33.568
dcp_mega_varlen          post_completion/publish_done_to_receive_done                    7.792      9.290
dcp_mega_varlen          post_completion/attention_done_to_history_combine_done         22.016     22.208
dcp_mega_varlen          post_completion/history_combine_done_to_final_combine_done     10.768     12.323
Wrote benchmark JSON to benchmark_logs/experiment_suite/dcp-suite/01_dcp_wave-b-timestamps-20260814-132129/results/arrival_1/dcp_2/fa3_native_fifo/comm_sm_12/case_000070_dcp2_hkv4_eager.json

================================================================================
Mega comm_sm=12, case 72/100: case_000071_dcp2_hkv4: B=4, Sq=[16, 16, 16, 16], Sk=[1313, 95285, 24119, 14797], DCP=2, Hkv=4
================================================================================
Config: world_size=8, methods=['dcp_mega_varlen'], QH=32, KVH=4, D=128, TP=8, DCP=2, workload=chunk, execution=eager, baseline_phase_timing=False, warmup=40, iters=60, check=False
Workload: B=4, q_tokens=64, history_tokens=135514, q_seqlens=[16, 16, 16, 16], history_seqlens=[1313, 95285, 24119, 14797]
Agg TFLOPS uses useful attention work across all TP ranks and p50(max_across_ranks); Avg/GPU divides it by world_size.
KV GB/s/GPU is average logical BF16 K+V bytes read per TP rank divided by p50(max_across_ranks); it is not hardware-counter HBM traffic.

Running B=4, q_tokens=64, history_tokens=135514, causal=True

B=4, q_tokens=64, history_tokens=135514, QH=32, KVH=4, D=128, TP=8, DCP=2, mode=causal
Method                   Time ms                                                                                                                                     Agg TFLOPS    Avg/GPU  KV GB/s/GPU      Check  Note
dcp_mega_varlen          t0=0.084, t1=0.084, t2=0.084, t3=0.084, t4=0.081, t5=0.089, t6=0.083, t7=0.086 | p50(max_across_ranks)=0.089, p90(max_across_ranks)=0.093        397.6       49.7        388.5       skip  eager; output=bf16_ipc_a2a; runner_preallocated; timing=mega_kernel_only

Mega %globaltimer phase timestamps (per-iteration maximum across benchmark ranks, then p50/p90 across samples; us)
Method                   Phase                                                             p50        p90
dcp_mega_varlen          kernel_start                                                    0.000      0.000
dcp_mega_varlen          q_allgather_done                                                4.400      4.512
dcp_mega_varlen          attention_done                                                 25.104     25.600
dcp_mega_varlen          history_combine_done                                           72.032     72.688
dcp_mega_varlen          publish_done                                                   72.032     72.688
dcp_mega_varlen          receive_done                                                   79.664     83.626
dcp_mega_varlen          final_combine_done                                             82.896     86.787
dcp_mega_varlen          kernel_done                                                    83.216     87.107
dcp_mega_varlen          post_completion/q_done_to_publish_done                         67.888     68.675
dcp_mega_varlen          post_completion/publish_done_to_receive_done                   10.512     14.128
dcp_mega_varlen          post_completion/attention_done_to_history_combine_done         47.200     47.718
dcp_mega_varlen          post_completion/history_combine_done_to_final_combine_done     13.776     17.254
Wrote benchmark JSON to benchmark_logs/experiment_suite/dcp-suite/01_dcp_wave-b-timestamps-20260814-132129/results/arrival_1/dcp_2/fa3_native_fifo/comm_sm_12/case_000071_dcp2_hkv4_eager.json

================================================================================
Mega comm_sm=12, case 73/100: case_000072_dcp2_hkv4: B=5, Sq=[16, 16, 16, 16, 16], Sk=[1691, 4276, 5047, 1060, 931], DCP=2, Hkv=4
================================================================================
Config: world_size=8, methods=['dcp_mega_varlen'], QH=32, KVH=4, D=128, TP=8, DCP=2, workload=chunk, execution=eager, baseline_phase_timing=False, warmup=40, iters=60, check=False
Workload: B=5, q_tokens=80, history_tokens=13005, q_seqlens=[16, 16, 16, 16, 16], history_seqlens=[1691, 4276, 5047, 1060, 931]
Agg TFLOPS uses useful attention work across all TP ranks and p50(max_across_ranks); Avg/GPU divides it by world_size.
KV GB/s/GPU is average logical BF16 K+V bytes read per TP rank divided by p50(max_across_ranks); it is not hardware-counter HBM traffic.

Running B=5, q_tokens=80, history_tokens=13005, causal=True

B=5, q_tokens=80, history_tokens=13005, QH=32, KVH=4, D=128, TP=8, DCP=2, mode=causal
Method                   Time ms                                                                                                                                     Agg TFLOPS    Avg/GPU  KV GB/s/GPU      Check  Note
dcp_mega_varlen          t0=0.042, t1=0.041, t2=0.042, t3=0.041, t4=0.040, t5=0.044, t6=0.041, t7=0.043 | p50(max_across_ranks)=0.045, p90(max_across_ranks)=0.046         76.6        9.6         75.5       skip  eager; output=bf16_ipc_a2a; runner_preallocated; timing=mega_kernel_only

Mega %globaltimer phase timestamps (per-iteration maximum across benchmark ranks, then p50/p90 across samples; us)
Method                   Phase                                                             p50        p90
dcp_mega_varlen          kernel_start                                                    0.000      0.000
dcp_mega_varlen          q_allgather_done                                                3.712      3.779
dcp_mega_varlen          attention_done                                                 13.184     13.440
dcp_mega_varlen          history_combine_done                                           28.560     28.896
dcp_mega_varlen          publish_done                                                   28.560     28.896
dcp_mega_varlen          receive_done                                                   34.848     36.534
dcp_mega_varlen          final_combine_done                                             38.000     39.648
dcp_mega_varlen          kernel_done                                                    38.272     39.968
dcp_mega_varlen          post_completion/q_done_to_publish_done                         24.928     25.347
dcp_mega_varlen          post_completion/publish_done_to_receive_done                    7.888      9.866
dcp_mega_varlen          post_completion/attention_done_to_history_combine_done         15.712     15.971
dcp_mega_varlen          post_completion/history_combine_done_to_final_combine_done     10.944     13.059
Wrote benchmark JSON to benchmark_logs/experiment_suite/dcp-suite/01_dcp_wave-b-timestamps-20260814-132129/results/arrival_1/dcp_2/fa3_native_fifo/comm_sm_12/case_000072_dcp2_hkv4_eager.json

================================================================================
Mega comm_sm=12, case 74/100: case_000073_dcp2_hkv4: B=7, Sq=[16, 16, 16, 16, 16, 16, 16], Sk=[109473, 3820, 7001, 7363, 9089, 1744, 4273], DCP=2, Hkv=4
================================================================================
Config: world_size=8, methods=['dcp_mega_varlen'], QH=32, KVH=4, D=128, TP=8, DCP=2, workload=chunk, execution=eager, baseline_phase_timing=False, warmup=40, iters=60, check=False
Workload: B=7, q_tokens=112, history_tokens=142763, q_seqlens=[16, 16, 16, 16, 16, 16, 16], history_seqlens=[109473, 3820, 7001, 7363, 9089, 1744, 4273]
Agg TFLOPS uses useful attention work across all TP ranks and p50(max_across_ranks); Avg/GPU divides it by world_size.
KV GB/s/GPU is average logical BF16 K+V bytes read per TP rank divided by p50(max_across_ranks); it is not hardware-counter HBM traffic.

Running B=7, q_tokens=112, history_tokens=142763, causal=True

B=7, q_tokens=112, history_tokens=142763, QH=32, KVH=4, D=128, TP=8, DCP=2, mode=causal
Method                   Time ms                                                                                                                                     Agg TFLOPS    Avg/GPU  KV GB/s/GPU      Check  Note
dcp_mega_varlen          t0=0.092, t1=0.091, t2=0.093, t3=0.090, t4=0.089, t5=0.094, t6=0.090, t7=0.092 | p50(max_across_ranks)=0.094, p90(max_across_ranks)=0.096        397.8       49.7        388.9       skip  eager; output=bf16_ipc_a2a; runner_preallocated; timing=mega_kernel_only

Mega %globaltimer phase timestamps (per-iteration maximum across benchmark ranks, then p50/p90 across samples; us)
Method                   Phase                                                             p50        p90
dcp_mega_varlen          kernel_start                                                    0.000      0.000
dcp_mega_varlen          q_allgather_done                                                4.544      4.640
dcp_mega_varlen          attention_done                                                 28.048     28.576
dcp_mega_varlen          history_combine_done                                           78.064     78.531
dcp_mega_varlen          publish_done                                                   78.064     78.531
dcp_mega_varlen          receive_done                                                   84.480     85.779
dcp_mega_varlen          final_combine_done                                             87.744     88.922
dcp_mega_varlen          kernel_done                                                    88.000     89.232
dcp_mega_varlen          post_completion/q_done_to_publish_done                         73.760     74.307
dcp_mega_varlen          post_completion/publish_done_to_receive_done                    8.192      9.629
dcp_mega_varlen          post_completion/attention_done_to_history_combine_done         51.776     52.333
dcp_mega_varlen          post_completion/history_combine_done_to_final_combine_done     11.392     12.810
Wrote benchmark JSON to benchmark_logs/experiment_suite/dcp-suite/01_dcp_wave-b-timestamps-20260814-132129/results/arrival_1/dcp_2/fa3_native_fifo/comm_sm_12/case_000073_dcp2_hkv4_eager.json

================================================================================
Mega comm_sm=12, case 75/100: case_000074_dcp2_hkv4: B=14, Sq=[16, 16, 16, 16, 16, 16, 16, 16, 16, 16, 16, 16, 16, 16], Sk=[33784, 1322, 23660, 15241, 17366, 5628, 4103, 14722, 30289, 8289, 49727, 13117, 1172, 28644], DCP=2, Hkv=4
================================================================================
Config: world_size=8, methods=['dcp_mega_varlen'], QH=32, KVH=4, D=128, TP=8, DCP=2, workload=chunk, execution=eager, baseline_phase_timing=False, warmup=40, iters=60, check=False
Workload: B=14, q_tokens=224, history_tokens=247064, q_seqlens=[16, 16, 16, 16, 16, 16, 16, 16, 16, 16, 16, 16, 16, 16], history_seqlens=[33784, 1322, 23660, 15241, 17366, 5628, 4103, 14722, 30289, 8289, 49727, 13117, 1172, 28644]
Agg TFLOPS uses useful attention work across all TP ranks and p50(max_across_ranks); Avg/GPU divides it by world_size.
KV GB/s/GPU is average logical BF16 K+V bytes read per TP rank divided by p50(max_across_ranks); it is not hardware-counter HBM traffic.

Running B=14, q_tokens=224, history_tokens=247064, causal=True

B=14, q_tokens=224, history_tokens=247064, QH=32, KVH=4, D=128, TP=8, DCP=2, mode=causal
Method                   Time ms                                                                                                                                     Agg TFLOPS    Avg/GPU  KV GB/s/GPU      Check  Note
dcp_mega_varlen          t0=0.074, t1=0.074, t2=0.075, t3=0.073, t4=0.073, t5=0.078, t6=0.074, t7=0.074 | p50(max_across_ranks)=0.078, p90(max_across_ranks)=0.081        831.1      103.9        812.7       skip  eager; output=bf16_ipc_a2a; runner_preallocated; timing=mega_kernel_only

Mega %globaltimer phase timestamps (per-iteration maximum across benchmark ranks, then p50/p90 across samples; us)
Method                   Phase                                                             p50        p90
dcp_mega_varlen          kernel_start                                                    0.000      0.000
dcp_mega_varlen          q_allgather_done                                                4.512      4.707
dcp_mega_varlen          attention_done                                                 41.104     41.568
dcp_mega_varlen          history_combine_done                                           60.944     61.862
dcp_mega_varlen          publish_done                                                   60.944     61.862
dcp_mega_varlen          receive_done                                                   68.080     70.307
dcp_mega_varlen          final_combine_done                                             71.552     73.696
dcp_mega_varlen          kernel_done                                                    71.776     73.923
dcp_mega_varlen          post_completion/q_done_to_publish_done                         56.704     57.555
dcp_mega_varlen          post_completion/publish_done_to_receive_done                    9.600     12.339
dcp_mega_varlen          post_completion/attention_done_to_history_combine_done         20.560     21.114
dcp_mega_varlen          post_completion/history_combine_done_to_final_combine_done     13.120     15.872
Wrote benchmark JSON to benchmark_logs/experiment_suite/dcp-suite/01_dcp_wave-b-timestamps-20260814-132129/results/arrival_1/dcp_2/fa3_native_fifo/comm_sm_12/case_000074_dcp2_hkv4_eager.json

================================================================================
Mega comm_sm=12, case 76/100: case_000075_dcp2_hkv4: B=9, Sq=[16, 16, 16, 16, 16, 16, 16, 16, 16], Sk=[34124, 8602, 28971, 4206, 11859, 15223, 2108, 13995, 5210], DCP=2, Hkv=4
================================================================================
Config: world_size=8, methods=['dcp_mega_varlen'], QH=32, KVH=4, D=128, TP=8, DCP=2, workload=chunk, execution=eager, baseline_phase_timing=False, warmup=40, iters=60, check=False
Workload: B=9, q_tokens=144, history_tokens=124298, q_seqlens=[16, 16, 16, 16, 16, 16, 16, 16, 16], history_seqlens=[34124, 8602, 28971, 4206, 11859, 15223, 2108, 13995, 5210]
Agg TFLOPS uses useful attention work across all TP ranks and p50(max_across_ranks); Avg/GPU divides it by world_size.
KV GB/s/GPU is average logical BF16 K+V bytes read per TP rank divided by p50(max_across_ranks); it is not hardware-counter HBM traffic.

Running B=9, q_tokens=144, history_tokens=124298, causal=True

B=9, q_tokens=144, history_tokens=124298, QH=32, KVH=4, D=128, TP=8, DCP=2, mode=causal
Method                   Time ms                                                                                                                                     Agg TFLOPS    Avg/GPU  KV GB/s/GPU      Check  Note
dcp_mega_varlen          t0=0.056, t1=0.055, t2=0.057, t3=0.055, t4=0.053, t5=0.058, t6=0.055, t7=0.057 | p50(max_across_ranks)=0.059, p90(max_across_ranks)=0.060        557.1       69.6        544.9       skip  eager; output=bf16_ipc_a2a; runner_preallocated; timing=mega_kernel_only

Mega %globaltimer phase timestamps (per-iteration maximum across benchmark ranks, then p50/p90 across samples; us)
Method                   Phase                                                             p50        p90
dcp_mega_varlen          kernel_start                                                    0.000      0.000
dcp_mega_varlen          q_allgather_done                                                4.496      4.579
dcp_mega_varlen          attention_done                                                 23.648     24.000
dcp_mega_varlen          history_combine_done                                           42.432     42.822
dcp_mega_varlen          publish_done                                                   42.432     42.822
dcp_mega_varlen          receive_done                                                   49.264     50.189
dcp_mega_varlen          final_combine_done                                             52.208     53.222
dcp_mega_varlen          kernel_done                                                    52.448     53.478
dcp_mega_varlen          post_completion/q_done_to_publish_done                         38.224     38.691
dcp_mega_varlen          post_completion/publish_done_to_receive_done                    7.904      9.117
dcp_mega_varlen          post_completion/attention_done_to_history_combine_done         19.632     19.971
dcp_mega_varlen          post_completion/history_combine_done_to_final_combine_done     10.928     12.294
Wrote benchmark JSON to benchmark_logs/experiment_suite/dcp-suite/01_dcp_wave-b-timestamps-20260814-132129/results/arrival_1/dcp_2/fa3_native_fifo/comm_sm_12/case_000075_dcp2_hkv4_eager.json

================================================================================
Mega comm_sm=12, case 77/100: case_000076_dcp2_hkv4: B=6, Sq=[16, 16, 16, 16, 16, 16], Sk=[4213, 21817, 18299, 5447, 19231, 4827], DCP=2, Hkv=4
================================================================================
Config: world_size=8, methods=['dcp_mega_varlen'], QH=32, KVH=4, D=128, TP=8, DCP=2, workload=chunk, execution=eager, baseline_phase_timing=False, warmup=40, iters=60, check=False
Workload: B=6, q_tokens=96, history_tokens=73834, q_seqlens=[16, 16, 16, 16, 16, 16], history_seqlens=[4213, 21817, 18299, 5447, 19231, 4827]
Agg TFLOPS uses useful attention work across all TP ranks and p50(max_across_ranks); Avg/GPU divides it by world_size.
KV GB/s/GPU is average logical BF16 K+V bytes read per TP rank divided by p50(max_across_ranks); it is not hardware-counter HBM traffic.

Running B=6, q_tokens=96, history_tokens=73834, causal=True

B=6, q_tokens=96, history_tokens=73834, QH=32, KVH=4, D=128, TP=8, DCP=2, mode=causal
Method                   Time ms                                                                                                                                     Agg TFLOPS    Avg/GPU  KV GB/s/GPU      Check  Note
dcp_mega_varlen          t0=0.054, t1=0.052, t2=0.054, t3=0.052, t4=0.051, t5=0.056, t6=0.052, t7=0.053 | p50(max_across_ranks)=0.056, p90(max_across_ranks)=0.058        347.7       43.5        340.2       skip  eager; output=bf16_ipc_a2a; runner_preallocated; timing=mega_kernel_only

Mega %globaltimer phase timestamps (per-iteration maximum across benchmark ranks, then p50/p90 across samples; us)
Method                   Phase                                                             p50        p90
dcp_mega_varlen          kernel_start                                                    0.000      0.000
dcp_mega_varlen          q_allgather_done                                                4.416      4.515
dcp_mega_varlen          attention_done                                                 17.888     18.016
dcp_mega_varlen          history_combine_done                                           38.976     39.267
dcp_mega_varlen          publish_done                                                   38.976     39.267
dcp_mega_varlen          receive_done                                                   46.144     47.984
dcp_mega_varlen          final_combine_done                                             49.072     51.107
dcp_mega_varlen          kernel_done                                                    49.424     51.459
dcp_mega_varlen          post_completion/q_done_to_publish_done                         34.784     35.040
dcp_mega_varlen          post_completion/publish_done_to_receive_done                    7.872      9.568
dcp_mega_varlen          post_completion/attention_done_to_history_combine_done         21.328     21.539
dcp_mega_varlen          post_completion/history_combine_done_to_final_combine_done     10.880     12.576
Wrote benchmark JSON to benchmark_logs/experiment_suite/dcp-suite/01_dcp_wave-b-timestamps-20260814-132129/results/arrival_1/dcp_2/fa3_native_fifo/comm_sm_12/case_000076_dcp2_hkv4_eager.json

================================================================================
Mega comm_sm=12, case 78/100: case_000077_dcp2_hkv4: B=10, Sq=[16, 16, 16, 16, 16, 16, 16, 16, 4096, 4096], Sk=[22549, 4333, 1595, 10042, 35320, 4521, 64380, 1300, 25088, 20992], DCP=2, Hkv=4
================================================================================
Config: world_size=8, methods=['dcp_mega_varlen'], QH=32, KVH=4, D=128, TP=8, DCP=2, workload=chunk, execution=eager, baseline_phase_timing=False, warmup=40, iters=60, check=False
Workload: B=10, q_tokens=8320, history_tokens=190120, q_seqlens=[16, 16, 16, 16, 16, 16, 16, 16, 4096, 4096], history_seqlens=[22549, 4333, 1595, 10042, 35320, 4521, 64380, 1300, 25088, 20992]
Agg TFLOPS uses useful attention work across all TP ranks and p50(max_across_ranks); Avg/GPU divides it by world_size.
KV GB/s/GPU is average logical BF16 K+V bytes read per TP rank divided by p50(max_across_ranks); it is not hardware-counter HBM traffic.

Running B=10, q_tokens=8320, history_tokens=190120, causal=True

B=10, q_tokens=8320, history_tokens=190120, QH=32, KVH=4, D=128, TP=8, DCP=2, mode=causal
Method                   Time ms                                                                                                                                     Agg TFLOPS    Avg/GPU  KV GB/s/GPU      Check  Note
dcp_mega_varlen          t0=0.779, t1=0.772, t2=0.763, t3=0.768, t4=0.830, t5=0.821, t6=0.829, t7=0.837 | p50(max_across_ranks)=0.837, p90(max_across_ranks)=0.841       4066.0      508.3         63.2       skip  eager; output=bf16_ipc_a2a; runner_preallocated; timing=mega_kernel_only

Mega %globaltimer phase timestamps (per-iteration maximum across benchmark ranks, then p50/p90 across samples; us)
Method                   Phase                                                             p50        p90
dcp_mega_varlen          kernel_start                                                    0.000      0.000
dcp_mega_varlen          q_allgather_done                                               53.952     55.277
dcp_mega_varlen          attention_done                                                779.808    781.216
dcp_mega_varlen          history_combine_done                                          803.344    805.293
dcp_mega_varlen          publish_done                                                  803.344    805.293
dcp_mega_varlen          receive_done                                                  813.008    815.715
dcp_mega_varlen          final_combine_done                                            829.936    833.837
dcp_mega_varlen          kernel_done                                                   830.288    834.189
dcp_mega_varlen          post_completion/q_done_to_publish_done                        754.464    756.954
dcp_mega_varlen          post_completion/publish_done_to_receive_done                   81.680     84.976
dcp_mega_varlen          post_completion/attention_done_to_history_combine_done         25.120     25.830
dcp_mega_varlen          post_completion/history_combine_done_to_final_combine_done     90.016     94.019
Wrote benchmark JSON to benchmark_logs/experiment_suite/dcp-suite/01_dcp_wave-b-timestamps-20260814-132129/results/arrival_1/dcp_2/fa3_native_fifo/comm_sm_12/case_000077_dcp2_hkv4_eager.json

================================================================================
Mega comm_sm=12, case 79/100: case_000078_dcp2_hkv4: B=8, Sq=[16, 16, 16, 16, 16, 16, 16, 16], Sk=[8677, 1828, 32269, 14832, 4730, 43231, 1018, 3922], DCP=2, Hkv=4
================================================================================
Config: world_size=8, methods=['dcp_mega_varlen'], QH=32, KVH=4, D=128, TP=8, DCP=2, workload=chunk, execution=eager, baseline_phase_timing=False, warmup=40, iters=60, check=False
Workload: B=8, q_tokens=128, history_tokens=110507, q_seqlens=[16, 16, 16, 16, 16, 16, 16, 16], history_seqlens=[8677, 1828, 32269, 14832, 4730, 43231, 1018, 3922]
Agg TFLOPS uses useful attention work across all TP ranks and p50(max_across_ranks); Avg/GPU divides it by world_size.
KV GB/s/GPU is average logical BF16 K+V bytes read per TP rank divided by p50(max_across_ranks); it is not hardware-counter HBM traffic.

Running B=8, q_tokens=128, history_tokens=110507, causal=True

B=8, q_tokens=128, history_tokens=110507, QH=32, KVH=4, D=128, TP=8, DCP=2, mode=causal
Method                   Time ms                                                                                                                                     Agg TFLOPS    Avg/GPU  KV GB/s/GPU      Check  Note
dcp_mega_varlen          t0=0.065, t1=0.063, t2=0.064, t3=0.064, t4=0.062, t5=0.067, t6=0.064, t7=0.064 | p50(max_across_ranks)=0.067, p90(max_across_ranks)=0.068        432.8       54.1        423.4       skip  eager; output=bf16_ipc_a2a; runner_preallocated; timing=mega_kernel_only

Mega %globaltimer phase timestamps (per-iteration maximum across benchmark ranks, then p50/p90 across samples; us)
Method                   Phase                                                             p50        p90
dcp_mega_varlen          kernel_start                                                    0.000      0.000
dcp_mega_varlen          q_allgather_done                                                4.512      4.640
dcp_mega_varlen          attention_done                                                 20.976     21.286
dcp_mega_varlen          history_combine_done                                           50.688     51.232
dcp_mega_varlen          publish_done                                                   50.688     51.232
dcp_mega_varlen          receive_done                                                   57.408     58.323
dcp_mega_varlen          final_combine_done                                             60.528     61.571
dcp_mega_varlen          kernel_done                                                    60.768     61.795
dcp_mega_varlen          post_completion/q_done_to_publish_done                         46.272     46.755
dcp_mega_varlen          post_completion/publish_done_to_receive_done                    7.744      8.822
dcp_mega_varlen          post_completion/attention_done_to_history_combine_done         30.016     30.467
dcp_mega_varlen          post_completion/history_combine_done_to_final_combine_done     10.832     12.077
Wrote benchmark JSON to benchmark_logs/experiment_suite/dcp-suite/01_dcp_wave-b-timestamps-20260814-132129/results/arrival_1/dcp_2/fa3_native_fifo/comm_sm_12/case_000078_dcp2_hkv4_eager.json

================================================================================
Mega comm_sm=12, case 80/100: case_000079_dcp2_hkv4: B=9, Sq=[16, 16, 16, 16, 16, 16, 16, 16, 592], Sk=[9271, 5322, 7408, 9085, 24588, 2838, 9289, 23871, 4608], DCP=2, Hkv=4
================================================================================
Config: world_size=8, methods=['dcp_mega_varlen'], QH=32, KVH=4, D=128, TP=8, DCP=2, workload=chunk, execution=eager, baseline_phase_timing=False, warmup=40, iters=60, check=False
Workload: B=9, q_tokens=720, history_tokens=96280, q_seqlens=[16, 16, 16, 16, 16, 16, 16, 16, 592], history_seqlens=[9271, 5322, 7408, 9085, 24588, 2838, 9289, 23871, 4608]
Agg TFLOPS uses useful attention work across all TP ranks and p50(max_across_ranks); Avg/GPU divides it by world_size.
KV GB/s/GPU is average logical BF16 K+V bytes read per TP rank divided by p50(max_across_ranks); it is not hardware-counter HBM traffic.

Running B=9, q_tokens=720, history_tokens=96280, causal=True

B=9, q_tokens=720, history_tokens=96280, QH=32, KVH=4, D=128, TP=8, DCP=2, mode=causal
Method                   Time ms                                                                                                                                     Agg TFLOPS    Avg/GPU  KV GB/s/GPU      Check  Note
dcp_mega_varlen          t0=0.075, t1=0.075, t2=0.075, t3=0.075, t4=0.077, t5=0.077, t6=0.075, t7=0.075 | p50(max_across_ranks)=0.078, p90(max_across_ranks)=0.080        923.9      115.5        322.7       skip  eager; output=bf16_ipc_a2a; runner_preallocated; timing=mega_kernel_only

Mega %globaltimer phase timestamps (per-iteration maximum across benchmark ranks, then p50/p90 across samples; us)
Method                   Phase                                                             p50        p90
dcp_mega_varlen          kernel_start                                                    0.000      0.000
dcp_mega_varlen          q_allgather_done                                                8.352      8.547
dcp_mega_varlen          attention_done                                                 34.624     35.491
dcp_mega_varlen          history_combine_done                                           55.296     56.061
dcp_mega_varlen          publish_done                                                   55.296     56.061
dcp_mega_varlen          receive_done                                                   62.720     65.222
dcp_mega_varlen          final_combine_done                                             70.608     73.120
dcp_mega_varlen          kernel_done                                                    70.928     73.440
dcp_mega_varlen          post_completion/q_done_to_publish_done                         47.376     48.109
dcp_mega_varlen          post_completion/publish_done_to_receive_done                    9.200     10.922
dcp_mega_varlen          post_completion/attention_done_to_history_combine_done         21.424     22.147
dcp_mega_varlen          post_completion/history_combine_done_to_final_combine_done     17.184     18.752
Wrote benchmark JSON to benchmark_logs/experiment_suite/dcp-suite/01_dcp_wave-b-timestamps-20260814-132129/results/arrival_1/dcp_2/fa3_native_fifo/comm_sm_12/case_000079_dcp2_hkv4_eager.json

================================================================================
Mega comm_sm=12, case 81/100: case_000080_dcp2_hkv4: B=8, Sq=[16, 16, 16, 16, 16, 16, 16, 16], Sk=[4683, 1830, 8706, 21710, 26532, 3827, 2769, 5147], DCP=2, Hkv=4
================================================================================
Config: world_size=8, methods=['dcp_mega_varlen'], QH=32, KVH=4, D=128, TP=8, DCP=2, workload=chunk, execution=eager, baseline_phase_timing=False, warmup=40, iters=60, check=False
Workload: B=8, q_tokens=128, history_tokens=75204, q_seqlens=[16, 16, 16, 16, 16, 16, 16, 16], history_seqlens=[4683, 1830, 8706, 21710, 26532, 3827, 2769, 5147]
Agg TFLOPS uses useful attention work across all TP ranks and p50(max_across_ranks); Avg/GPU divides it by world_size.
KV GB/s/GPU is average logical BF16 K+V bytes read per TP rank divided by p50(max_across_ranks); it is not hardware-counter HBM traffic.

Running B=8, q_tokens=128, history_tokens=75204, causal=True

B=8, q_tokens=128, history_tokens=75204, QH=32, KVH=4, D=128, TP=8, DCP=2, mode=causal
Method                   Time ms                                                                                                                                     Agg TFLOPS    Avg/GPU  KV GB/s/GPU      Check  Note
dcp_mega_varlen          t0=0.057, t1=0.055, t2=0.057, t3=0.055, t4=0.054, t5=0.058, t6=0.055, t7=0.056 | p50(max_across_ranks)=0.058, p90(max_across_ranks)=0.060        338.8       42.4        331.7       skip  eager; output=bf16_ipc_a2a; runner_preallocated; timing=mega_kernel_only

Mega %globaltimer phase timestamps (per-iteration maximum across benchmark ranks, then p50/p90 across samples; us)
Method                   Phase                                                             p50        p90
dcp_mega_varlen          kernel_start                                                    0.000      0.000
dcp_mega_varlen          q_allgather_done                                                4.480      4.576
dcp_mega_varlen          attention_done                                                 17.792     17.984
dcp_mega_varlen          history_combine_done                                           42.128     42.563
dcp_mega_varlen          publish_done                                                   42.128     42.563
dcp_mega_varlen          receive_done                                                   48.480     49.894
dcp_mega_varlen          final_combine_done                                             51.632     52.992
dcp_mega_varlen          kernel_done                                                    51.968     53.315
dcp_mega_varlen          post_completion/q_done_to_publish_done                         37.888     38.310
dcp_mega_varlen          post_completion/publish_done_to_receive_done                    6.992      8.480
dcp_mega_varlen          post_completion/attention_done_to_history_combine_done         24.736     24.992
dcp_mega_varlen          post_completion/history_combine_done_to_final_combine_done     10.192     11.683
Wrote benchmark JSON to benchmark_logs/experiment_suite/dcp-suite/01_dcp_wave-b-timestamps-20260814-132129/results/arrival_1/dcp_2/fa3_native_fifo/comm_sm_12/case_000080_dcp2_hkv4_eager.json

================================================================================
Mega comm_sm=12, case 82/100: case_000081_dcp2_hkv4: B=9, Sq=[16, 16, 16, 16, 16, 16, 16, 16, 16], Sk=[4715, 1850, 8731, 21738, 26558, 3855, 2799, 5179, 1291], DCP=2, Hkv=4
================================================================================
Config: world_size=8, methods=['dcp_mega_varlen'], QH=32, KVH=4, D=128, TP=8, DCP=2, workload=chunk, execution=eager, baseline_phase_timing=False, warmup=40, iters=60, check=False
Workload: B=9, q_tokens=144, history_tokens=76716, q_seqlens=[16, 16, 16, 16, 16, 16, 16, 16, 16], history_seqlens=[4715, 1850, 8731, 21738, 26558, 3855, 2799, 5179, 1291]
Agg TFLOPS uses useful attention work across all TP ranks and p50(max_across_ranks); Avg/GPU divides it by world_size.
KV GB/s/GPU is average logical BF16 K+V bytes read per TP rank divided by p50(max_across_ranks); it is not hardware-counter HBM traffic.

Running B=9, q_tokens=144, history_tokens=76716, causal=True

B=9, q_tokens=144, history_tokens=76716, QH=32, KVH=4, D=128, TP=8, DCP=2, mode=causal
Method                   Time ms                                                                                                                                     Agg TFLOPS    Avg/GPU  KV GB/s/GPU      Check  Note
dcp_mega_varlen          t0=0.057, t1=0.056, t2=0.057, t3=0.055, t4=0.055, t5=0.059, t6=0.055, t7=0.057 | p50(max_across_ranks)=0.059, p90(max_across_ranks)=0.060        343.0       42.9        335.9       skip  eager; output=bf16_ipc_a2a; runner_preallocated; timing=mega_kernel_only

Mega %globaltimer phase timestamps (per-iteration maximum across benchmark ranks, then p50/p90 across samples; us)
Method                   Phase                                                             p50        p90
dcp_mega_varlen          kernel_start                                                    0.000      0.000
dcp_mega_varlen          q_allgather_done                                                4.464      4.544
dcp_mega_varlen          attention_done                                                 17.856     18.051
dcp_mega_varlen          history_combine_done                                           42.544     42.816
dcp_mega_varlen          publish_done                                                   42.544     42.816
dcp_mega_varlen          receive_done                                                   49.312     50.470
dcp_mega_varlen          final_combine_done                                             52.352     53.597
dcp_mega_varlen          kernel_done                                                    52.640     53.853
dcp_mega_varlen          post_completion/q_done_to_publish_done                         38.240     38.528
dcp_mega_varlen          post_completion/publish_done_to_receive_done                    7.424      8.861
dcp_mega_varlen          post_completion/attention_done_to_history_combine_done         24.960     25.280
dcp_mega_varlen          post_completion/history_combine_done_to_final_combine_done     10.544     11.930
Wrote benchmark JSON to benchmark_logs/experiment_suite/dcp-suite/01_dcp_wave-b-timestamps-20260814-132129/results/arrival_1/dcp_2/fa3_native_fifo/comm_sm_12/case_000081_dcp2_hkv4_eager.json

================================================================================
Mega comm_sm=12, case 83/100: case_000082_dcp2_hkv4: B=8, Sq=[16, 16, 16, 16, 16, 16, 16, 16], Sk=[4095, 3988, 9172, 21766, 29230, 1222, 10350, 5243], DCP=2, Hkv=4
================================================================================
Config: world_size=8, methods=['dcp_mega_varlen'], QH=32, KVH=4, D=128, TP=8, DCP=2, workload=chunk, execution=eager, baseline_phase_timing=False, warmup=40, iters=60, check=False
Workload: B=8, q_tokens=128, history_tokens=85066, q_seqlens=[16, 16, 16, 16, 16, 16, 16, 16], history_seqlens=[4095, 3988, 9172, 21766, 29230, 1222, 10350, 5243]
Agg TFLOPS uses useful attention work across all TP ranks and p50(max_across_ranks); Avg/GPU divides it by world_size.
KV GB/s/GPU is average logical BF16 K+V bytes read per TP rank divided by p50(max_across_ranks); it is not hardware-counter HBM traffic.

Running B=8, q_tokens=128, history_tokens=85066, causal=True

B=8, q_tokens=128, history_tokens=85066, QH=32, KVH=4, D=128, TP=8, DCP=2, mode=causal
Method                   Time ms                                                                                                                                     Agg TFLOPS    Avg/GPU  KV GB/s/GPU      Check  Note
dcp_mega_varlen          t0=0.059, t1=0.058, t2=0.060, t3=0.058, t4=0.057, t5=0.062, t6=0.059, t7=0.059 | p50(max_across_ranks)=0.062, p90(max_across_ranks)=0.063        360.3       45.0        352.7       skip  eager; output=bf16_ipc_a2a; runner_preallocated; timing=mega_kernel_only

Mega %globaltimer phase timestamps (per-iteration maximum across benchmark ranks, then p50/p90 across samples; us)
Method                   Phase                                                             p50        p90
dcp_mega_varlen          kernel_start                                                    0.000      0.000
dcp_mega_varlen          q_allgather_done                                                4.544      4.643
dcp_mega_varlen          attention_done                                                 19.440     19.715
dcp_mega_varlen          history_combine_done                                           45.376     45.706
dcp_mega_varlen          publish_done                                                   45.376     45.706
dcp_mega_varlen          receive_done                                                   52.080     53.190
dcp_mega_varlen          final_combine_done                                             55.280     56.426
dcp_mega_varlen          kernel_done                                                    55.600     56.778
dcp_mega_varlen          post_completion/q_done_to_publish_done                         41.056     41.475
dcp_mega_varlen          post_completion/publish_done_to_receive_done                    7.328      8.346
dcp_mega_varlen          post_completion/attention_done_to_history_combine_done         26.336     26.723
dcp_mega_varlen          post_completion/history_combine_done_to_final_combine_done     10.528     11.504
Wrote benchmark JSON to benchmark_logs/experiment_suite/dcp-suite/01_dcp_wave-b-timestamps-20260814-132129/results/arrival_1/dcp_2/fa3_native_fifo/comm_sm_12/case_000082_dcp2_hkv4_eager.json

================================================================================
Mega comm_sm=12, case 84/100: case_000083_dcp2_hkv4: B=8, Sq=[16, 16, 16, 16, 16, 16, 16, 16], Sk=[50866, 1965, 8855, 6423, 3336, 3374, 3654, 4103], DCP=2, Hkv=4
================================================================================
Config: world_size=8, methods=['dcp_mega_varlen'], QH=32, KVH=4, D=128, TP=8, DCP=2, workload=chunk, execution=eager, baseline_phase_timing=False, warmup=40, iters=60, check=False
Workload: B=8, q_tokens=128, history_tokens=82576, q_seqlens=[16, 16, 16, 16, 16, 16, 16, 16], history_seqlens=[50866, 1965, 8855, 6423, 3336, 3374, 3654, 4103]
Agg TFLOPS uses useful attention work across all TP ranks and p50(max_across_ranks); Avg/GPU divides it by world_size.
KV GB/s/GPU is average logical BF16 K+V bytes read per TP rank divided by p50(max_across_ranks); it is not hardware-counter HBM traffic.

Running B=8, q_tokens=128, history_tokens=82576, causal=True

B=8, q_tokens=128, history_tokens=82576, QH=32, KVH=4, D=128, TP=8, DCP=2, mode=causal
Method                   Time ms                                                                                                                                     Agg TFLOPS    Avg/GPU  KV GB/s/GPU      Check  Note
dcp_mega_varlen          t0=0.074, t1=0.073, t2=0.074, t3=0.073, t4=0.072, t5=0.075, t6=0.072, t7=0.074 | p50(max_across_ranks)=0.076, p90(max_across_ranks)=0.077        286.4       35.8        280.4       skip  eager; output=bf16_ipc_a2a; runner_preallocated; timing=mega_kernel_only

Mega %globaltimer phase timestamps (per-iteration maximum across benchmark ranks, then p50/p90 across samples; us)
Method                   Phase                                                             p50        p90
dcp_mega_varlen          kernel_start                                                    0.000      0.000
dcp_mega_varlen          q_allgather_done                                                4.544      4.640
dcp_mega_varlen          attention_done                                                 18.464     18.624
dcp_mega_varlen          history_combine_done                                           59.920     60.326
dcp_mega_varlen          publish_done                                                   59.920     60.326
dcp_mega_varlen          receive_done                                                   66.176     67.523
dcp_mega_varlen          final_combine_done                                             69.136     70.502
dcp_mega_varlen          kernel_done                                                    69.392     70.726
dcp_mega_varlen          post_completion/q_done_to_publish_done                         55.584     55.907
dcp_mega_varlen          post_completion/publish_done_to_receive_done                    7.264      8.390
dcp_mega_varlen          post_completion/attention_done_to_history_combine_done         41.680     42.083
dcp_mega_varlen          post_completion/history_combine_done_to_final_combine_done     10.240     11.408
Wrote benchmark JSON to benchmark_logs/experiment_suite/dcp-suite/01_dcp_wave-b-timestamps-20260814-132129/results/arrival_1/dcp_2/fa3_native_fifo/comm_sm_12/case_000083_dcp2_hkv4_eager.json

================================================================================
Mega comm_sm=12, case 85/100: case_000084_dcp2_hkv4: B=9, Sq=[16, 16, 16, 16, 16, 16, 16, 16, 4096], Sk=[12191, 1335, 9198, 1915, 3046, 1183, 5688, 66146, 512], DCP=2, Hkv=4
================================================================================
Config: world_size=8, methods=['dcp_mega_varlen'], QH=32, KVH=4, D=128, TP=8, DCP=2, workload=chunk, execution=eager, baseline_phase_timing=False, warmup=40, iters=60, check=False
Workload: B=9, q_tokens=4224, history_tokens=101214, q_seqlens=[16, 16, 16, 16, 16, 16, 16, 16, 4096], history_seqlens=[12191, 1335, 9198, 1915, 3046, 1183, 5688, 66146, 512]
Agg TFLOPS uses useful attention work across all TP ranks and p50(max_across_ranks); Avg/GPU divides it by world_size.
KV GB/s/GPU is average logical BF16 K+V bytes read per TP rank divided by p50(max_across_ranks); it is not hardware-counter HBM traffic.

Running B=9, q_tokens=4224, history_tokens=101214, causal=True

B=9, q_tokens=4224, history_tokens=101214, QH=32, KVH=4, D=128, TP=8, DCP=2, mode=causal
Method                   Time ms                                                                                                                                     Agg TFLOPS    Avg/GPU  KV GB/s/GPU      Check  Note
dcp_mega_varlen          t0=0.408, t1=0.405, t2=0.415, t3=0.405, t4=0.408, t5=0.415, t6=0.412, t7=0.405 | p50(max_across_ranks)=0.417, p90(max_across_ranks)=0.421        476.0       59.5         67.4       skip  eager; output=bf16_ipc_a2a; runner_preallocated; timing=mega_kernel_only

Mega %globaltimer phase timestamps (per-iteration maximum across benchmark ranks, then p50/p90 across samples; us)
Method                   Phase                                                             p50        p90
dcp_mega_varlen          kernel_start                                                    0.000      0.000
dcp_mega_varlen          q_allgather_done                                               27.856     28.778
dcp_mega_varlen          attention_done                                                382.800    383.910
dcp_mega_varlen          history_combine_done                                          394.192    395.392
dcp_mega_varlen          publish_done                                                  394.192    395.392
dcp_mega_varlen          receive_done                                                  402.080    406.746
dcp_mega_varlen          final_combine_done                                            409.664    414.122
dcp_mega_varlen          kernel_done                                                   409.920    414.355
dcp_mega_varlen          post_completion/q_done_to_publish_done                        367.776    369.251
dcp_mega_varlen          post_completion/publish_done_to_receive_done                   15.056     21.731
dcp_mega_varlen          post_completion/attention_done_to_history_combine_done         11.808     12.006
dcp_mega_varlen          post_completion/history_combine_done_to_final_combine_done     23.088     29.107
Wrote benchmark JSON to benchmark_logs/experiment_suite/dcp-suite/01_dcp_wave-b-timestamps-20260814-132129/results/arrival_1/dcp_2/fa3_native_fifo/comm_sm_12/case_000084_dcp2_hkv4_eager.json

================================================================================
Mega comm_sm=12, case 86/100: case_000085_dcp2_hkv4: B=6, Sq=[16, 16, 16, 16, 16, 16], Sk=[1182, 40183, 37132, 3449, 4806, 1657], DCP=2, Hkv=4
================================================================================
Config: world_size=8, methods=['dcp_mega_varlen'], QH=32, KVH=4, D=128, TP=8, DCP=2, workload=chunk, execution=eager, baseline_phase_timing=False, warmup=40, iters=60, check=False
Workload: B=6, q_tokens=96, history_tokens=88409, q_seqlens=[16, 16, 16, 16, 16, 16], history_seqlens=[1182, 40183, 37132, 3449, 4806, 1657]
Agg TFLOPS uses useful attention work across all TP ranks and p50(max_across_ranks); Avg/GPU divides it by world_size.
KV GB/s/GPU is average logical BF16 K+V bytes read per TP rank divided by p50(max_across_ranks); it is not hardware-counter HBM traffic.

Running B=6, q_tokens=96, history_tokens=88409, causal=True

B=6, q_tokens=96, history_tokens=88409, QH=32, KVH=4, D=128, TP=8, DCP=2, mode=causal
Method                   Time ms                                                                                                                                     Agg TFLOPS    Avg/GPU  KV GB/s/GPU      Check  Note
dcp_mega_varlen          t0=0.067, t1=0.066, t2=0.067, t3=0.065, t4=0.065, t5=0.068, t6=0.067, t7=0.067 | p50(max_across_ranks)=0.068, p90(max_across_ranks)=0.070        339.8       42.5        332.4       skip  eager; output=bf16_ipc_a2a; runner_preallocated; timing=mega_kernel_only

Mega %globaltimer phase timestamps (per-iteration maximum across benchmark ranks, then p50/p90 across samples; us)
Method                   Phase                                                             p50        p90
dcp_mega_varlen          kernel_start                                                    0.000      0.000
dcp_mega_varlen          q_allgather_done                                                4.416      4.483
dcp_mega_varlen          attention_done                                                 19.168     19.424
dcp_mega_varlen          history_combine_done                                           53.008     53.443
dcp_mega_varlen          publish_done                                                   53.008     53.443
dcp_mega_varlen          receive_done                                                   58.528     60.496
dcp_mega_varlen          final_combine_done                                             61.664     63.754
dcp_mega_varlen          kernel_done                                                    61.984     64.102
dcp_mega_varlen          post_completion/q_done_to_publish_done                         48.752     49.184
dcp_mega_varlen          post_completion/publish_done_to_receive_done                    7.120      9.107
dcp_mega_varlen          post_completion/attention_done_to_history_combine_done         34.448     34.912
dcp_mega_varlen          post_completion/history_combine_done_to_final_combine_done     10.320     12.208
Wrote benchmark JSON to benchmark_logs/experiment_suite/dcp-suite/01_dcp_wave-b-timestamps-20260814-132129/results/arrival_1/dcp_2/fa3_native_fifo/comm_sm_12/case_000085_dcp2_hkv4_eager.json

================================================================================
Mega comm_sm=12, case 87/100: case_000086_dcp2_hkv4: B=12, Sq=[16, 16, 16, 16, 16, 16, 16, 16, 16, 16, 16, 16], Sk=[1781, 9213, 4759, 8397, 11459, 9811, 2614, 9438, 13766, 7279, 11117, 16903], DCP=2, Hkv=4
================================================================================
Config: world_size=8, methods=['dcp_mega_varlen'], QH=32, KVH=4, D=128, TP=8, DCP=2, workload=chunk, execution=eager, baseline_phase_timing=False, warmup=40, iters=60, check=False
Workload: B=12, q_tokens=192, history_tokens=106537, q_seqlens=[16, 16, 16, 16, 16, 16, 16, 16, 16, 16, 16, 16], history_seqlens=[1781, 9213, 4759, 8397, 11459, 9811, 2614, 9438, 13766, 7279, 11117, 16903]
Agg TFLOPS uses useful attention work across all TP ranks and p50(max_across_ranks); Avg/GPU divides it by world_size.
KV GB/s/GPU is average logical BF16 K+V bytes read per TP rank divided by p50(max_across_ranks); it is not hardware-counter HBM traffic.

Running B=12, q_tokens=192, history_tokens=106537, causal=True

B=12, q_tokens=192, history_tokens=106537, QH=32, KVH=4, D=128, TP=8, DCP=2, mode=causal
Method                   Time ms                                                                                                                                     Agg TFLOPS    Avg/GPU  KV GB/s/GPU      Check  Note
dcp_mega_varlen          t0=0.052, t1=0.052, t2=0.054, t3=0.051, t4=0.051, t5=0.054, t6=0.052, t7=0.053 | p50(max_across_ranks)=0.055, p90(max_across_ranks)=0.056        511.3       63.9        500.7       skip  eager; output=bf16_ipc_a2a; runner_preallocated; timing=mega_kernel_only

Mega %globaltimer phase timestamps (per-iteration maximum across benchmark ranks, then p50/p90 across samples; us)
Method                   Phase                                                             p50        p90
dcp_mega_varlen          kernel_start                                                    0.000      0.000
dcp_mega_varlen          q_allgather_done                                                4.544      4.768
dcp_mega_varlen          attention_done                                                 20.864     21.347
dcp_mega_varlen          history_combine_done                                           38.512     38.922
dcp_mega_varlen          publish_done                                                   38.512     38.922
dcp_mega_varlen          receive_done                                                   44.768     46.333
dcp_mega_varlen          final_combine_done                                             48.064     49.600
dcp_mega_varlen          kernel_done                                                    48.336     49.914
dcp_mega_varlen          post_completion/q_done_to_publish_done                         34.240     34.662
dcp_mega_varlen          post_completion/publish_done_to_receive_done                    7.056      8.992
dcp_mega_varlen          post_completion/attention_done_to_history_combine_done         18.448     18.880
dcp_mega_varlen          post_completion/history_combine_done_to_final_combine_done     10.224     12.230
Wrote benchmark JSON to benchmark_logs/experiment_suite/dcp-suite/01_dcp_wave-b-timestamps-20260814-132129/results/arrival_1/dcp_2/fa3_native_fifo/comm_sm_12/case_000086_dcp2_hkv4_eager.json

================================================================================
Mega comm_sm=12, case 88/100: case_000087_dcp2_hkv4: B=5, Sq=[16, 16, 16, 16, 16], Sk=[13078, 19454, 22090, 13314, 2295], DCP=2, Hkv=4
================================================================================
Config: world_size=8, methods=['dcp_mega_varlen'], QH=32, KVH=4, D=128, TP=8, DCP=2, workload=chunk, execution=eager, baseline_phase_timing=False, warmup=40, iters=60, check=False
Workload: B=5, q_tokens=80, history_tokens=70231, q_seqlens=[16, 16, 16, 16, 16], history_seqlens=[13078, 19454, 22090, 13314, 2295]
Agg TFLOPS uses useful attention work across all TP ranks and p50(max_across_ranks); Avg/GPU divides it by world_size.
KV GB/s/GPU is average logical BF16 K+V bytes read per TP rank divided by p50(max_across_ranks); it is not hardware-counter HBM traffic.

Running B=5, q_tokens=80, history_tokens=70231, causal=True

B=5, q_tokens=80, history_tokens=70231, QH=32, KVH=4, D=128, TP=8, DCP=2, mode=causal
Method                   Time ms                                                                                                                                     Agg TFLOPS    Avg/GPU  KV GB/s/GPU      Check  Note
dcp_mega_varlen          t0=0.052, t1=0.051, t2=0.053, t3=0.051, t4=0.050, t5=0.054, t6=0.052, t7=0.052 | p50(max_across_ranks)=0.054, p90(max_across_ranks)=0.056        340.3       42.5        332.9       skip  eager; output=bf16_ipc_a2a; runner_preallocated; timing=mega_kernel_only

Mega %globaltimer phase timestamps (per-iteration maximum across benchmark ranks, then p50/p90 across samples; us)
Method                   Phase                                                             p50        p90
dcp_mega_varlen          kernel_start                                                    0.000      0.000
dcp_mega_varlen          q_allgather_done                                                4.448      4.611
dcp_mega_varlen          attention_done                                                 17.632     17.888
dcp_mega_varlen          history_combine_done                                           38.240     38.662
dcp_mega_varlen          publish_done                                                   38.240     38.662
dcp_mega_varlen          receive_done                                                   44.992     46.541
dcp_mega_varlen          final_combine_done                                             47.760     49.408
dcp_mega_varlen          kernel_done                                                    47.984     49.632
dcp_mega_varlen          post_completion/q_done_to_publish_done                         34.048     34.307
dcp_mega_varlen          post_completion/publish_done_to_receive_done                    7.632      9.286
dcp_mega_varlen          post_completion/attention_done_to_history_combine_done         20.864     21.088
dcp_mega_varlen          post_completion/history_combine_done_to_final_combine_done     10.336     12.154
Wrote benchmark JSON to benchmark_logs/experiment_suite/dcp-suite/01_dcp_wave-b-timestamps-20260814-132129/results/arrival_1/dcp_2/fa3_native_fifo/comm_sm_12/case_000087_dcp2_hkv4_eager.json

================================================================================
Mega comm_sm=12, case 89/100: case_000088_dcp2_hkv4: B=7, Sq=[16, 16, 16, 16, 16, 16, 16], Sk=[11502, 1197, 63646, 6427, 19636, 30571, 11357], DCP=2, Hkv=4
================================================================================
Config: world_size=8, methods=['dcp_mega_varlen'], QH=32, KVH=4, D=128, TP=8, DCP=2, workload=chunk, execution=eager, baseline_phase_timing=False, warmup=40, iters=60, check=False
Workload: B=7, q_tokens=112, history_tokens=144336, q_seqlens=[16, 16, 16, 16, 16, 16, 16], history_seqlens=[11502, 1197, 63646, 6427, 19636, 30571, 11357]
Agg TFLOPS uses useful attention work across all TP ranks and p50(max_across_ranks); Avg/GPU divides it by world_size.
KV GB/s/GPU is average logical BF16 K+V bytes read per TP rank divided by p50(max_across_ranks); it is not hardware-counter HBM traffic.

Running B=7, q_tokens=112, history_tokens=144336, causal=True

B=7, q_tokens=112, history_tokens=144336, QH=32, KVH=4, D=128, TP=8, DCP=2, mode=causal
Method                   Time ms                                                                                                                                     Agg TFLOPS    Avg/GPU  KV GB/s/GPU      Check  Note
dcp_mega_varlen          t0=0.074, t1=0.072, t2=0.074, t3=0.072, t4=0.070, t5=0.074, t6=0.072, t7=0.073 | p50(max_across_ranks)=0.075, p90(max_across_ranks)=0.077        504.3       63.0        493.1       skip  eager; output=bf16_ipc_a2a; runner_preallocated; timing=mega_kernel_only

Mega %globaltimer phase timestamps (per-iteration maximum across benchmark ranks, then p50/p90 across samples; us)
Method                   Phase                                                             p50        p90
dcp_mega_varlen          kernel_start                                                    0.000      0.000
dcp_mega_varlen          q_allgather_done                                                4.416      4.544
dcp_mega_varlen          attention_done                                                 27.472     27.974
dcp_mega_varlen          history_combine_done                                           59.664     60.192
dcp_mega_varlen          publish_done                                                   59.664     60.192
dcp_mega_varlen          receive_done                                                   65.552     67.747
dcp_mega_varlen          final_combine_done                                             68.480     70.646
dcp_mega_varlen          kernel_done                                                    68.720     70.870
dcp_mega_varlen          post_completion/q_done_to_publish_done                         55.440     55.974
dcp_mega_varlen          post_completion/publish_done_to_receive_done                    8.032     10.019
dcp_mega_varlen          post_completion/attention_done_to_history_combine_done         32.992     33.539
dcp_mega_varlen          post_completion/history_combine_done_to_final_combine_done     10.976     12.970
Wrote benchmark JSON to benchmark_logs/experiment_suite/dcp-suite/01_dcp_wave-b-timestamps-20260814-132129/results/arrival_1/dcp_2/fa3_native_fifo/comm_sm_12/case_000088_dcp2_hkv4_eager.json

================================================================================
Mega comm_sm=12, case 90/100: case_000089_dcp2_hkv4: B=3, Sq=[16, 16, 16], Sk=[75335, 14038, 4360], DCP=2, Hkv=4
================================================================================
Config: world_size=8, methods=['dcp_mega_varlen'], QH=32, KVH=4, D=128, TP=8, DCP=2, workload=chunk, execution=eager, baseline_phase_timing=False, warmup=40, iters=60, check=False
Workload: B=3, q_tokens=48, history_tokens=93733, q_seqlens=[16, 16, 16], history_seqlens=[75335, 14038, 4360]
Agg TFLOPS uses useful attention work across all TP ranks and p50(max_across_ranks); Avg/GPU divides it by world_size.
KV GB/s/GPU is average logical BF16 K+V bytes read per TP rank divided by p50(max_across_ranks); it is not hardware-counter HBM traffic.

Running B=3, q_tokens=48, history_tokens=93733, causal=True

B=3, q_tokens=48, history_tokens=93733, QH=32, KVH=4, D=128, TP=8, DCP=2, mode=causal
Method                   Time ms                                                                                                                                     Agg TFLOPS    Avg/GPU  KV GB/s/GPU      Check  Note
dcp_mega_varlen          t0=0.077, t1=0.077, t2=0.078, t3=0.076, t4=0.076, t5=0.079, t6=0.078, t7=0.076 | p50(max_across_ranks)=0.079, p90(max_across_ranks)=0.085        309.8       38.7        302.8       skip  eager; output=bf16_ipc_a2a; runner_preallocated; timing=mega_kernel_only

Mega %globaltimer phase timestamps (per-iteration maximum across benchmark ranks, then p50/p90 across samples; us)
Method                   Phase                                                             p50        p90
dcp_mega_varlen          kernel_start                                                    0.000      0.000
dcp_mega_varlen          q_allgather_done                                                4.544      4.643
dcp_mega_varlen          attention_done                                                 19.552     19.744
dcp_mega_varlen          history_combine_done                                           64.768     65.574
dcp_mega_varlen          publish_done                                                   64.768     65.574
dcp_mega_varlen          receive_done                                                   69.824     75.651
dcp_mega_varlen          final_combine_done                                             72.784     78.538
dcp_mega_varlen          kernel_done                                                    73.056     78.858
dcp_mega_varlen          post_completion/q_done_to_publish_done                         60.416     61.162
dcp_mega_varlen          post_completion/publish_done_to_receive_done                    7.504     12.928
dcp_mega_varlen          post_completion/attention_done_to_history_combine_done         45.360     46.125
dcp_mega_varlen          post_completion/history_combine_done_to_final_combine_done     10.480     15.814
Wrote benchmark JSON to benchmark_logs/experiment_suite/dcp-suite/01_dcp_wave-b-timestamps-20260814-132129/results/arrival_1/dcp_2/fa3_native_fifo/comm_sm_12/case_000089_dcp2_hkv4_eager.json

================================================================================
Mega comm_sm=12, case 91/100: case_000090_dcp2_hkv4: B=17, Sq=[16, 16, 16, 16, 16, 16, 16, 16, 16, 16, 16, 16, 16, 16, 16, 16, 16], Sk=[52580, 1328, 1313, 1246, 9961, 32871, 1332, 6428, 5812, 2918, 2837, 14704, 5013, 14094, 7682, 3731, 4478], DCP=2, Hkv=4
================================================================================
Config: world_size=8, methods=['dcp_mega_varlen'], QH=32, KVH=4, D=128, TP=8, DCP=2, workload=chunk, execution=eager, baseline_phase_timing=False, warmup=40, iters=60, check=False
Workload: B=17, q_tokens=272, history_tokens=168328, q_seqlens=[16, 16, 16, 16, 16, 16, 16, 16, 16, 16, 16, 16, 16, 16, 16, 16, 16], history_seqlens=[52580, 1328, 1313, 1246, 9961, 32871, 1332, 6428, 5812, 2918, 2837, 14704, 5013, 14094, 7682, 3731, 4478]
Agg TFLOPS uses useful attention work across all TP ranks and p50(max_across_ranks); Avg/GPU divides it by world_size.
KV GB/s/GPU is average logical BF16 K+V bytes read per TP rank divided by p50(max_across_ranks); it is not hardware-counter HBM traffic.

Running B=17, q_tokens=272, history_tokens=168328, causal=True

B=17, q_tokens=272, history_tokens=168328, QH=32, KVH=4, D=128, TP=8, DCP=2, mode=causal
Method                   Time ms                                                                                                                                     Agg TFLOPS    Avg/GPU  KV GB/s/GPU      Check  Note
dcp_mega_varlen          t0=0.069, t1=0.068, t2=0.069, t3=0.068, t4=0.067, t5=0.071, t6=0.067, t7=0.068 | p50(max_across_ranks)=0.071, p90(max_across_ranks)=0.074        619.3       77.4        606.2       skip  eager; output=bf16_ipc_a2a; runner_preallocated; timing=mega_kernel_only

Mega %globaltimer phase timestamps (per-iteration maximum across benchmark ranks, then p50/p90 across samples; us)
Method                   Phase                                                             p50        p90
dcp_mega_varlen          kernel_start                                                    0.000      0.000
dcp_mega_varlen          q_allgather_done                                                4.512      4.672
dcp_mega_varlen          attention_done                                                 32.352     33.094
dcp_mega_varlen          history_combine_done                                           55.008     56.467
dcp_mega_varlen          publish_done                                                   55.008     56.467
dcp_mega_varlen          receive_done                                                   61.216     64.070
dcp_mega_varlen          final_combine_done                                             64.672     67.661
dcp_mega_varlen          kernel_done                                                    64.912     67.888
dcp_mega_varlen          post_completion/q_done_to_publish_done                         50.768     52.125
dcp_mega_varlen          post_completion/publish_done_to_receive_done                    7.760     10.416
dcp_mega_varlen          post_completion/attention_done_to_history_combine_done         24.144     25.578
dcp_mega_varlen          post_completion/history_combine_done_to_final_combine_done     11.120     13.693
Wrote benchmark JSON to benchmark_logs/experiment_suite/dcp-suite/01_dcp_wave-b-timestamps-20260814-132129/results/arrival_1/dcp_2/fa3_native_fifo/comm_sm_12/case_000090_dcp2_hkv4_eager.json

================================================================================
Mega comm_sm=12, case 92/100: case_000091_dcp2_hkv4: B=13, Sq=[16, 16, 16, 16, 16, 16, 16, 16, 16, 16, 16, 592, 4096], Sk=[2360, 3183, 6866, 16663, 2988, 18236, 4289, 52311, 3042, 4364, 52034, 16896, 512], DCP=2, Hkv=4
================================================================================
Config: world_size=8, methods=['dcp_mega_varlen'], QH=32, KVH=4, D=128, TP=8, DCP=2, workload=chunk, execution=eager, baseline_phase_timing=False, warmup=40, iters=60, check=False
Workload: B=13, q_tokens=4864, history_tokens=183744, q_seqlens=[16, 16, 16, 16, 16, 16, 16, 16, 16, 16, 16, 592, 4096], history_seqlens=[2360, 3183, 6866, 16663, 2988, 18236, 4289, 52311, 3042, 4364, 52034, 16896, 512]
Agg TFLOPS uses useful attention work across all TP ranks and p50(max_across_ranks); Avg/GPU divides it by world_size.
KV GB/s/GPU is average logical BF16 K+V bytes read per TP rank divided by p50(max_across_ranks); it is not hardware-counter HBM traffic.

Running B=13, q_tokens=4864, history_tokens=183744, causal=True

B=13, q_tokens=4864, history_tokens=183744, QH=32, KVH=4, D=128, TP=8, DCP=2, mode=causal
Method                   Time ms                                                                                                                                     Agg TFLOPS    Avg/GPU  KV GB/s/GPU      Check  Note
dcp_mega_varlen          t0=0.349, t1=0.342, t2=0.345, t3=0.343, t4=0.341, t5=0.348, t6=0.343, t7=0.344 | p50(max_across_ranks)=0.349, p90(max_across_ranks)=0.353       1093.7      136.7        141.7       skip  eager; output=bf16_ipc_a2a; runner_preallocated; timing=mega_kernel_only

Mega %globaltimer phase timestamps (per-iteration maximum across benchmark ranks, then p50/p90 across samples; us)
Method                   Phase                                                             p50        p90
dcp_mega_varlen          kernel_start                                                    0.000      0.000
dcp_mega_varlen          q_allgather_done                                               31.328     32.374
dcp_mega_varlen          attention_done                                                310.432    311.366
dcp_mega_varlen          history_combine_done                                          327.328    328.739
dcp_mega_varlen          publish_done                                                  327.328    328.739
dcp_mega_varlen          receive_done                                                  334.688    338.733
dcp_mega_varlen          final_combine_done                                            342.528    346.272
dcp_mega_varlen          kernel_done                                                   342.848    346.592
dcp_mega_varlen          post_completion/q_done_to_publish_done                        297.392    298.784
dcp_mega_varlen          post_completion/publish_done_to_receive_done                   12.848     17.670
dcp_mega_varlen          post_completion/attention_done_to_history_combine_done         18.432     20.163
dcp_mega_varlen          post_completion/history_combine_done_to_final_combine_done     20.672     25.094
Wrote benchmark JSON to benchmark_logs/experiment_suite/dcp-suite/01_dcp_wave-b-timestamps-20260814-132129/results/arrival_1/dcp_2/fa3_native_fifo/comm_sm_12/case_000091_dcp2_hkv4_eager.json

================================================================================
Mega comm_sm=12, case 93/100: case_000092_dcp2_hkv4: B=8, Sq=[16, 16, 16, 16, 16, 16, 16, 16], Sk=[35428, 57819, 1362, 16824, 24141, 1061, 4085, 17397], DCP=2, Hkv=4
================================================================================
Config: world_size=8, methods=['dcp_mega_varlen'], QH=32, KVH=4, D=128, TP=8, DCP=2, workload=chunk, execution=eager, baseline_phase_timing=False, warmup=40, iters=60, check=False
Workload: B=8, q_tokens=128, history_tokens=158117, q_seqlens=[16, 16, 16, 16, 16, 16, 16, 16], history_seqlens=[35428, 57819, 1362, 16824, 24141, 1061, 4085, 17397]
Agg TFLOPS uses useful attention work across all TP ranks and p50(max_across_ranks); Avg/GPU divides it by world_size.
KV GB/s/GPU is average logical BF16 K+V bytes read per TP rank divided by p50(max_across_ranks); it is not hardware-counter HBM traffic.

Running B=8, q_tokens=128, history_tokens=158117, causal=True

B=8, q_tokens=128, history_tokens=158117, QH=32, KVH=4, D=128, TP=8, DCP=2, mode=causal
Method                   Time ms                                                                                                                                     Agg TFLOPS    Avg/GPU  KV GB/s/GPU      Check  Note
dcp_mega_varlen          t0=0.069, t1=0.066, t2=0.069, t3=0.066, t4=0.066, t5=0.068, t6=0.067, t7=0.067 | p50(max_across_ranks)=0.070, p90(max_across_ranks)=0.073        595.9       74.5        582.7       skip  eager; output=bf16_ipc_a2a; runner_preallocated; timing=mega_kernel_only

Mega %globaltimer phase timestamps (per-iteration maximum across benchmark ranks, then p50/p90 across samples; us)
Method                   Phase                                                             p50        p90
dcp_mega_varlen          kernel_start                                                    0.000      0.000
dcp_mega_varlen          q_allgather_done                                                4.512      4.608
dcp_mega_varlen          attention_done                                                 28.208     28.643
dcp_mega_varlen          history_combine_done                                           54.112     54.541
dcp_mega_varlen          publish_done                                                   54.112     54.541
dcp_mega_varlen          receive_done                                                   59.488     63.059
dcp_mega_varlen          final_combine_done                                             62.896     66.429
dcp_mega_varlen          kernel_done                                                    63.216     66.749
dcp_mega_varlen          post_completion/q_done_to_publish_done                         49.856     50.336
dcp_mega_varlen          post_completion/publish_done_to_receive_done                    7.392     10.650
dcp_mega_varlen          post_completion/attention_done_to_history_combine_done         26.368     26.723
dcp_mega_varlen          post_completion/history_combine_done_to_final_combine_done     10.720     14.019
Wrote benchmark JSON to benchmark_logs/experiment_suite/dcp-suite/01_dcp_wave-b-timestamps-20260814-132129/results/arrival_1/dcp_2/fa3_native_fifo/comm_sm_12/case_000092_dcp2_hkv4_eager.json

================================================================================
Mega comm_sm=12, case 94/100: case_000093_dcp2_hkv4: B=13, Sq=[16, 16, 16, 16, 16, 16, 16, 16, 16, 16, 16, 16, 16], Sk=[1286, 1252, 7040, 7094, 1880, 9881, 28012, 10260, 2061, 12888, 4519, 3652, 30575], DCP=2, Hkv=4
================================================================================
Config: world_size=8, methods=['dcp_mega_varlen'], QH=32, KVH=4, D=128, TP=8, DCP=2, workload=chunk, execution=eager, baseline_phase_timing=False, warmup=40, iters=60, check=False
Workload: B=13, q_tokens=208, history_tokens=120400, q_seqlens=[16, 16, 16, 16, 16, 16, 16, 16, 16, 16, 16, 16, 16], history_seqlens=[1286, 1252, 7040, 7094, 1880, 9881, 28012, 10260, 2061, 12888, 4519, 3652, 30575]
Agg TFLOPS uses useful attention work across all TP ranks and p50(max_across_ranks); Avg/GPU divides it by world_size.
KV GB/s/GPU is average logical BF16 K+V bytes read per TP rank divided by p50(max_across_ranks); it is not hardware-counter HBM traffic.

Running B=13, q_tokens=208, history_tokens=120400, causal=True

B=13, q_tokens=208, history_tokens=120400, QH=32, KVH=4, D=128, TP=8, DCP=2, mode=causal
Method                   Time ms                                                                                                                                     Agg TFLOPS    Avg/GPU  KV GB/s/GPU      Check  Note
dcp_mega_varlen          t0=0.063, t1=0.062, t2=0.064, t3=0.062, t4=0.062, t5=0.066, t6=0.062, t7=0.063 | p50(max_across_ranks)=0.066, p90(max_across_ranks)=0.067        479.0       59.9        469.0       skip  eager; output=bf16_ipc_a2a; runner_preallocated; timing=mega_kernel_only

Mega %globaltimer phase timestamps (per-iteration maximum across benchmark ranks, then p50/p90 across samples; us)
Method                   Phase                                                             p50        p90
dcp_mega_varlen          kernel_start                                                    0.000      0.000
dcp_mega_varlen          q_allgather_done                                                4.512      4.608
dcp_mega_varlen          attention_done                                                 30.000     30.528
dcp_mega_varlen          history_combine_done                                           49.104     49.635
dcp_mega_varlen          publish_done                                                   49.104     49.635
dcp_mega_varlen          receive_done                                                   55.984     56.870
dcp_mega_varlen          final_combine_done                                             59.296     60.198
dcp_mega_varlen          kernel_done                                                    59.616     60.518
dcp_mega_varlen          post_completion/q_done_to_publish_done                         44.800     45.382
dcp_mega_varlen          post_completion/publish_done_to_receive_done                    7.568      8.637
dcp_mega_varlen          post_completion/attention_done_to_history_combine_done         22.000     22.538
dcp_mega_varlen          post_completion/history_combine_done_to_final_combine_done     10.880     12.016
Wrote benchmark JSON to benchmark_logs/experiment_suite/dcp-suite/01_dcp_wave-b-timestamps-20260814-132129/results/arrival_1/dcp_2/fa3_native_fifo/comm_sm_12/case_000093_dcp2_hkv4_eager.json

================================================================================
Mega comm_sm=12, case 95/100: case_000094_dcp2_hkv4: B=5, Sq=[16, 16, 16, 16, 16], Sk=[8472, 3751, 18873, 1565, 1892], DCP=2, Hkv=4
================================================================================
Config: world_size=8, methods=['dcp_mega_varlen'], QH=32, KVH=4, D=128, TP=8, DCP=2, workload=chunk, execution=eager, baseline_phase_timing=False, warmup=40, iters=60, check=False
Workload: B=5, q_tokens=80, history_tokens=34553, q_seqlens=[16, 16, 16, 16, 16], history_seqlens=[8472, 3751, 18873, 1565, 1892]
Agg TFLOPS uses useful attention work across all TP ranks and p50(max_across_ranks); Avg/GPU divides it by world_size.
KV GB/s/GPU is average logical BF16 K+V bytes read per TP rank divided by p50(max_across_ranks); it is not hardware-counter HBM traffic.

Running B=5, q_tokens=80, history_tokens=34553, causal=True

B=5, q_tokens=80, history_tokens=34553, QH=32, KVH=4, D=128, TP=8, DCP=2, mode=causal
Method                   Time ms                                                                                                                                     Agg TFLOPS    Avg/GPU  KV GB/s/GPU      Check  Note
dcp_mega_varlen          t0=0.054, t1=0.053, t2=0.053, t3=0.053, t4=0.051, t5=0.056, t6=0.052, t7=0.054 | p50(max_across_ranks)=0.056, p90(max_across_ranks)=0.057        162.6       20.3        159.3       skip  eager; output=bf16_ipc_a2a; runner_preallocated; timing=mega_kernel_only

Mega %globaltimer phase timestamps (per-iteration maximum across benchmark ranks, then p50/p90 across samples; us)
Method                   Phase                                                             p50        p90
dcp_mega_varlen          kernel_start                                                    0.000      0.000
dcp_mega_varlen          q_allgather_done                                                3.968      4.032
dcp_mega_varlen          attention_done                                                 15.776     16.010
dcp_mega_varlen          history_combine_done                                           39.488     39.971
dcp_mega_varlen          publish_done                                                   39.488     39.971
dcp_mega_varlen          receive_done                                                   46.096     47.309
dcp_mega_varlen          final_combine_done                                             49.216     50.349
dcp_mega_varlen          kernel_done                                                    49.552     50.669
dcp_mega_varlen          post_completion/q_done_to_publish_done                         35.664     36.163
dcp_mega_varlen          post_completion/publish_done_to_receive_done                    7.520      8.928
dcp_mega_varlen          post_completion/attention_done_to_history_combine_done         24.768     25.219
dcp_mega_varlen          post_completion/history_combine_done_to_final_combine_done     10.592     12.000
Wrote benchmark JSON to benchmark_logs/experiment_suite/dcp-suite/01_dcp_wave-b-timestamps-20260814-132129/results/arrival_1/dcp_2/fa3_native_fifo/comm_sm_12/case_000094_dcp2_hkv4_eager.json

================================================================================
Mega comm_sm=12, case 96/100: case_000095_dcp2_hkv4: B=8, Sq=[16, 16, 16, 16, 16, 16, 16, 16], Sk=[2476, 5076, 34310, 1428, 4047, 996, 7357, 5854], DCP=2, Hkv=4
================================================================================
Config: world_size=8, methods=['dcp_mega_varlen'], QH=32, KVH=4, D=128, TP=8, DCP=2, workload=chunk, execution=eager, baseline_phase_timing=False, warmup=40, iters=60, check=False
Workload: B=8, q_tokens=128, history_tokens=61544, q_seqlens=[16, 16, 16, 16, 16, 16, 16, 16], history_seqlens=[2476, 5076, 34310, 1428, 4047, 996, 7357, 5854]
Agg TFLOPS uses useful attention work across all TP ranks and p50(max_across_ranks); Avg/GPU divides it by world_size.
KV GB/s/GPU is average logical BF16 K+V bytes read per TP rank divided by p50(max_across_ranks); it is not hardware-counter HBM traffic.

Running B=8, q_tokens=128, history_tokens=61544, causal=True

B=8, q_tokens=128, history_tokens=61544, QH=32, KVH=4, D=128, TP=8, DCP=2, mode=causal
Method                   Time ms                                                                                                                                     Agg TFLOPS    Avg/GPU  KV GB/s/GPU      Check  Note
dcp_mega_varlen          t0=0.059, t1=0.059, t2=0.061, t3=0.058, t4=0.058, t5=0.062, t6=0.059, t7=0.060 | p50(max_across_ranks)=0.062, p90(max_across_ranks)=0.063        261.2       32.6        255.8       skip  eager; output=bf16_ipc_a2a; runner_preallocated; timing=mega_kernel_only

Mega %globaltimer phase timestamps (per-iteration maximum across benchmark ranks, then p50/p90 across samples; us)
Method                   Phase                                                             p50        p90
dcp_mega_varlen          kernel_start                                                    0.000      0.000
dcp_mega_varlen          q_allgather_done                                                4.128      4.224
dcp_mega_varlen          attention_done                                                 16.768     17.056
dcp_mega_varlen          history_combine_done                                           46.128     46.467
dcp_mega_varlen          publish_done                                                   46.128     46.467
dcp_mega_varlen          receive_done                                                   52.272     53.539
dcp_mega_varlen          final_combine_done                                             55.088     56.509
dcp_mega_varlen          kernel_done                                                    55.408     56.826
dcp_mega_varlen          post_completion/q_done_to_publish_done                         42.128     42.435
dcp_mega_varlen          post_completion/publish_done_to_receive_done                    6.944      8.822
dcp_mega_varlen          post_completion/attention_done_to_history_combine_done         29.648     29.958
dcp_mega_varlen          post_completion/history_combine_done_to_final_combine_done      9.936     11.795
Wrote benchmark JSON to benchmark_logs/experiment_suite/dcp-suite/01_dcp_wave-b-timestamps-20260814-132129/results/arrival_1/dcp_2/fa3_native_fifo/comm_sm_12/case_000095_dcp2_hkv4_eager.json

================================================================================
Mega comm_sm=12, case 97/100: case_000096_dcp2_hkv4: B=17, Sq=[16, 16, 16, 16, 16, 16, 16, 16, 16, 16, 16, 16, 16, 16, 16, 16, 16], Sk=[63460, 13315, 1376, 14715, 22633, 4804, 10229, 1399, 6367, 1776, 5206, 26885, 16890, 4411, 966, 10503, 34048], DCP=2, Hkv=4
================================================================================
Config: world_size=8, methods=['dcp_mega_varlen'], QH=32, KVH=4, D=128, TP=8, DCP=2, workload=chunk, execution=eager, baseline_phase_timing=False, warmup=40, iters=60, check=False
Workload: B=17, q_tokens=272, history_tokens=238983, q_seqlens=[16, 16, 16, 16, 16, 16, 16, 16, 16, 16, 16, 16, 16, 16, 16, 16, 16], history_seqlens=[63460, 13315, 1376, 14715, 22633, 4804, 10229, 1399, 6367, 1776, 5206, 26885, 16890, 4411, 966, 10503, 34048]
Agg TFLOPS uses useful attention work across all TP ranks and p50(max_across_ranks); Avg/GPU divides it by world_size.
KV GB/s/GPU is average logical BF16 K+V bytes read per TP rank divided by p50(max_across_ranks); it is not hardware-counter HBM traffic.

Running B=17, q_tokens=272, history_tokens=238983, causal=True

B=17, q_tokens=272, history_tokens=238983, QH=32, KVH=4, D=128, TP=8, DCP=2, mode=causal
Method                   Time ms                                                                                                                                     Agg TFLOPS    Avg/GPU  KV GB/s/GPU      Check  Note
dcp_mega_varlen          t0=0.078, t1=0.076, t2=0.078, t3=0.076, t4=0.075, t5=0.079, t6=0.076, t7=0.077 | p50(max_across_ranks)=0.079, p90(max_across_ranks)=0.081        789.9       98.7        772.7       skip  eager; output=bf16_ipc_a2a; runner_preallocated; timing=mega_kernel_only

Mega %globaltimer phase timestamps (per-iteration maximum across benchmark ranks, then p50/p90 across samples; us)
Method                   Phase                                                             p50        p90
dcp_mega_varlen          kernel_start                                                    0.000      0.000
dcp_mega_varlen          q_allgather_done                                                4.512      4.608
dcp_mega_varlen          attention_done                                                 48.336     49.190
dcp_mega_varlen          history_combine_done                                           63.680     64.576
dcp_mega_varlen          publish_done                                                   63.680     64.576
dcp_mega_varlen          receive_done                                                   69.392     70.979
dcp_mega_varlen          final_combine_done                                             72.736     74.346
dcp_mega_varlen          kernel_done                                                    72.960     74.656
dcp_mega_varlen          post_completion/q_done_to_publish_done                         59.392     60.211
dcp_mega_varlen          post_completion/publish_done_to_receive_done                    8.048     10.019
dcp_mega_varlen          post_completion/attention_done_to_history_combine_done         18.880     19.926
dcp_mega_varlen          post_completion/history_combine_done_to_final_combine_done     11.408     13.427
Wrote benchmark JSON to benchmark_logs/experiment_suite/dcp-suite/01_dcp_wave-b-timestamps-20260814-132129/results/arrival_1/dcp_2/fa3_native_fifo/comm_sm_12/case_000096_dcp2_hkv4_eager.json

================================================================================
Mega comm_sm=12, case 98/100: case_000097_dcp2_hkv4: B=6, Sq=[16, 16, 16, 16, 16, 16], Sk=[1256, 1816, 17135, 4887, 1318, 1624], DCP=2, Hkv=4
================================================================================
Config: world_size=8, methods=['dcp_mega_varlen'], QH=32, KVH=4, D=128, TP=8, DCP=2, workload=chunk, execution=eager, baseline_phase_timing=False, warmup=40, iters=60, check=False
Workload: B=6, q_tokens=96, history_tokens=28036, q_seqlens=[16, 16, 16, 16, 16, 16], history_seqlens=[1256, 1816, 17135, 4887, 1318, 1624]
Agg TFLOPS uses useful attention work across all TP ranks and p50(max_across_ranks); Avg/GPU divides it by world_size.
KV GB/s/GPU is average logical BF16 K+V bytes read per TP rank divided by p50(max_across_ranks); it is not hardware-counter HBM traffic.

Running B=6, q_tokens=96, history_tokens=28036, causal=True

B=6, q_tokens=96, history_tokens=28036, QH=32, KVH=4, D=128, TP=8, DCP=2, mode=causal
Method                   Time ms                                                                                                                                     Agg TFLOPS    Avg/GPU  KV GB/s/GPU      Check  Note
dcp_mega_varlen          t0=0.065, t1=0.063, t2=0.063, t3=0.062, t4=0.062, t5=0.067, t6=0.063, t7=0.063 | p50(max_across_ranks)=0.067, p90(max_across_ranks)=0.069        110.5       13.8        108.5       skip  eager; output=bf16_ipc_a2a; runner_preallocated; timing=mega_kernel_only

Mega %globaltimer phase timestamps (per-iteration maximum across benchmark ranks, then p50/p90 across samples; us)
Method                   Phase                                                             p50        p90
dcp_mega_varlen          kernel_start                                                    0.000      0.000
dcp_mega_varlen          q_allgather_done                                                4.000      4.064
dcp_mega_varlen          attention_done                                                 15.136     15.328
dcp_mega_varlen          history_combine_done                                           50.368     50.723
dcp_mega_varlen          publish_done                                                   50.368     50.723
dcp_mega_varlen          receive_done                                                   57.072     59.027
dcp_mega_varlen          final_combine_done                                             59.952     61.974
dcp_mega_varlen          kernel_done                                                    60.272     62.294
dcp_mega_varlen          post_completion/q_done_to_publish_done                         46.416     46.752
dcp_mega_varlen          post_completion/publish_done_to_receive_done                    8.656     10.298
dcp_mega_varlen          post_completion/attention_done_to_history_combine_done         35.552     35.875
dcp_mega_varlen          post_completion/history_combine_done_to_final_combine_done     11.520     13.085
Wrote benchmark JSON to benchmark_logs/experiment_suite/dcp-suite/01_dcp_wave-b-timestamps-20260814-132129/results/arrival_1/dcp_2/fa3_native_fifo/comm_sm_12/case_000097_dcp2_hkv4_eager.json

================================================================================
Mega comm_sm=12, case 99/100: case_000098_dcp2_hkv4: B=3, Sq=[16, 16, 400], Sk=[1631, 1956, 512], DCP=2, Hkv=4
================================================================================
Config: world_size=8, methods=['dcp_mega_varlen'], QH=32, KVH=4, D=128, TP=8, DCP=2, workload=chunk, execution=eager, baseline_phase_timing=False, warmup=40, iters=60, check=False
Workload: B=3, q_tokens=432, history_tokens=4099, q_seqlens=[16, 16, 400], history_seqlens=[1631, 1956, 512]
Agg TFLOPS uses useful attention work across all TP ranks and p50(max_across_ranks); Avg/GPU divides it by world_size.
KV GB/s/GPU is average logical BF16 K+V bytes read per TP rank divided by p50(max_across_ranks); it is not hardware-counter HBM traffic.

Running B=3, q_tokens=432, history_tokens=4099, causal=True

B=3, q_tokens=432, history_tokens=4099, QH=32, KVH=4, D=128, TP=8, DCP=2, mode=causal
Method                   Time ms                                                                                                                                     Agg TFLOPS    Avg/GPU  KV GB/s/GPU      Check  Note
dcp_mega_varlen          t0=0.045, t1=0.044, t2=0.045, t3=0.043, t4=0.042, t5=0.047, t6=0.044, t7=0.044 | p50(max_across_ranks)=0.047, p90(max_across_ranks)=0.050        119.8       15.0         27.1       skip  eager; output=bf16_ipc_a2a; runner_preallocated; timing=mega_kernel_only

Mega %globaltimer phase timestamps (per-iteration maximum across benchmark ranks, then p50/p90 across samples; us)
Method                   Phase                                                             p50        p90
dcp_mega_varlen          kernel_start                                                    0.000      0.000
dcp_mega_varlen          q_allgather_done                                                4.416      4.544
dcp_mega_varlen          attention_done                                                 14.048     14.307
dcp_mega_varlen          history_combine_done                                           30.784     31.488
dcp_mega_varlen          publish_done                                                   30.784     31.488
dcp_mega_varlen          receive_done                                                   37.120     39.098
dcp_mega_varlen          final_combine_done                                             40.224     42.374
dcp_mega_varlen          kernel_done                                                    40.544     42.694
dcp_mega_varlen          post_completion/q_done_to_publish_done                         26.544     27.331
dcp_mega_varlen          post_completion/publish_done_to_receive_done                    7.792     10.006
dcp_mega_varlen          post_completion/attention_done_to_history_combine_done         17.184     17.894
dcp_mega_varlen          post_completion/history_combine_done_to_final_combine_done     10.848     13.126
Wrote benchmark JSON to benchmark_logs/experiment_suite/dcp-suite/01_dcp_wave-b-timestamps-20260814-132129/results/arrival_1/dcp_2/fa3_native_fifo/comm_sm_12/case_000098_dcp2_hkv4_eager.json

================================================================================
Mega comm_sm=12, case 100/100: case_000099_dcp2_hkv4: B=10, Sq=[16, 16, 16, 16, 16, 16, 16, 16, 16, 16], Sk=[1728, 22644, 1431, 5197, 11475, 17491, 6091, 5082, 963, 1688], DCP=2, Hkv=4
================================================================================
Config: world_size=8, methods=['dcp_mega_varlen'], QH=32, KVH=4, D=128, TP=8, DCP=2, workload=chunk, execution=eager, baseline_phase_timing=False, warmup=40, iters=60, check=False
Workload: B=10, q_tokens=160, history_tokens=73790, q_seqlens=[16, 16, 16, 16, 16, 16, 16, 16, 16, 16], history_seqlens=[1728, 22644, 1431, 5197, 11475, 17491, 6091, 5082, 963, 1688]
Agg TFLOPS uses useful attention work across all TP ranks and p50(max_across_ranks); Avg/GPU divides it by world_size.
KV GB/s/GPU is average logical BF16 K+V bytes read per TP rank divided by p50(max_across_ranks); it is not hardware-counter HBM traffic.

Running B=10, q_tokens=160, history_tokens=73790, causal=True

B=10, q_tokens=160, history_tokens=73790, QH=32, KVH=4, D=128, TP=8, DCP=2, mode=causal
Method                   Time ms                                                                                                                                     Agg TFLOPS    Avg/GPU  KV GB/s/GPU      Check  Note
dcp_mega_varlen          t0=0.052, t1=0.051, t2=0.053, t3=0.052, t4=0.051, t5=0.054, t6=0.051, t7=0.052 | p50(max_across_ranks)=0.054, p90(max_across_ranks)=0.055        356.5       44.6        349.3       skip  eager; output=bf16_ipc_a2a; runner_preallocated; timing=mega_kernel_only

Mega %globaltimer phase timestamps (per-iteration maximum across benchmark ranks, then p50/p90 across samples; us)
Method                   Phase                                                             p50        p90
dcp_mega_varlen          kernel_start                                                    0.000      0.000
dcp_mega_varlen          q_allgather_done                                                4.512      4.640
dcp_mega_varlen          attention_done                                                 17.504     17.728
dcp_mega_varlen          history_combine_done                                           38.336     38.560
dcp_mega_varlen          publish_done                                                   38.336     38.560
dcp_mega_varlen          receive_done                                                   44.688     45.565
dcp_mega_varlen          final_combine_done                                             47.696     48.614
dcp_mega_varlen          kernel_done                                                    48.016     48.934
dcp_mega_varlen          post_completion/q_done_to_publish_done                         33.920     34.176
dcp_mega_varlen          post_completion/publish_done_to_receive_done                    7.008      8.160
dcp_mega_varlen          post_completion/attention_done_to_history_combine_done         21.056     21.251
dcp_mega_varlen          post_completion/history_combine_done_to_final_combine_done      9.984     11.142
Wrote benchmark JSON to benchmark_logs/experiment_suite/dcp-suite/01_dcp_wave-b-timestamps-20260814-132129/results/arrival_1/dcp_2/fa3_native_fifo/comm_sm_12/case_000099_dcp2_hkv4_eager.json

Mega comm_sm=12 summary

Mega DCP batch summary
Case                   DCP Method                       p50 ms     p90 ms   Agg TFLOPS
case_000000_dcp2_hkv4    2 dcp_mega_varlen               0.058      0.061        500.6
case_000001_dcp2_hkv4    2 dcp_mega_varlen               0.054      0.056         98.0
case_000002_dcp2_hkv4    2 dcp_mega_varlen               0.080      0.082        430.3
case_000003_dcp2_hkv4    2 dcp_mega_varlen               0.062      0.064        348.9
case_000004_dcp2_hkv4    2 dcp_mega_varlen               0.069      0.070        198.3
case_000005_dcp2_hkv4    2 dcp_mega_varlen               0.058      0.060        234.1
case_000006_dcp2_hkv4    2 dcp_mega_varlen               0.072      0.074        782.3
case_000007_dcp2_hkv4    2 dcp_mega_varlen               0.051      0.053        348.2
case_000008_dcp2_hkv4    2 dcp_mega_varlen               0.063      0.065        606.6
case_000009_dcp2_hkv4    2 dcp_mega_varlen               0.062      0.065        284.2
case_000010_dcp2_hkv4    2 dcp_mega_varlen               0.065      0.068        183.9
case_000011_dcp2_hkv4    2 dcp_mega_varlen               0.057      0.062        529.6
case_000012_dcp2_hkv4    2 dcp_mega_varlen               0.068      0.073        328.2
case_000013_dcp2_hkv4    2 dcp_mega_varlen               0.079      0.080        582.5
case_000014_dcp2_hkv4    2 dcp_mega_varlen               1.941      1.953       3922.0
case_000015_dcp2_hkv4    2 dcp_mega_varlen               0.065      0.075        457.0
case_000016_dcp2_hkv4    2 dcp_mega_varlen               0.066      0.067        481.9
case_000017_dcp2_hkv4    2 dcp_mega_varlen               0.086      0.090        311.7
case_000018_dcp2_hkv4    2 dcp_mega_varlen               0.054      0.110        409.8
case_000019_dcp2_hkv4    2 dcp_mega_varlen               0.075      0.077        524.1
case_000020_dcp2_hkv4    2 dcp_mega_varlen               0.223      0.226        882.7
case_000021_dcp2_hkv4    2 dcp_mega_varlen               0.058      0.060        565.7
case_000022_dcp2_hkv4    2 dcp_mega_varlen               0.055      0.058        408.2
case_000023_dcp2_hkv4    2 dcp_mega_varlen               0.055      0.057        409.8
case_000024_dcp2_hkv4    2 dcp_mega_varlen               0.047      0.049         91.6
case_000025_dcp2_hkv4    2 dcp_mega_varlen               0.075      0.081        583.3
case_000026_dcp2_hkv4    2 dcp_mega_varlen               0.058      0.059        293.7
case_000027_dcp2_hkv4    2 dcp_mega_varlen               0.069      0.072        588.3
case_000028_dcp2_hkv4    2 dcp_mega_varlen               0.066      0.072        420.7
case_000029_dcp2_hkv4    2 dcp_mega_varlen               0.085      0.087        511.1
case_000030_dcp2_hkv4    2 dcp_mega_varlen               0.069      0.073        341.4
case_000031_dcp2_hkv4    2 dcp_mega_varlen               0.053      0.062        252.7
case_000032_dcp2_hkv4    2 dcp_mega_varlen               1.457      1.478       3895.7
case_000033_dcp2_hkv4    2 dcp_mega_varlen               0.067      0.068        285.7
case_000034_dcp2_hkv4    2 dcp_mega_varlen               0.066      0.067        261.4
case_000035_dcp2_hkv4    2 dcp_mega_varlen               0.054      0.057        257.0
case_000036_dcp2_hkv4    2 dcp_mega_varlen               0.083      0.085        602.2
case_000037_dcp2_hkv4    2 dcp_mega_varlen               0.144      0.147       2477.8
case_000038_dcp2_hkv4    2 dcp_mega_varlen               0.048      0.063        367.1
case_000039_dcp2_hkv4    2 dcp_mega_varlen               0.049      0.053        363.7
case_000040_dcp2_hkv4    2 dcp_mega_varlen               0.059      0.060        486.5
case_000041_dcp2_hkv4    2 dcp_mega_varlen               0.052      0.062        311.7
case_000042_dcp2_hkv4    2 dcp_mega_varlen               0.087      0.088        962.4
case_000043_dcp2_hkv4    2 dcp_mega_varlen               0.077      0.079        773.4
case_000044_dcp2_hkv4    2 dcp_mega_varlen               0.070      0.073        874.8
case_000045_dcp2_hkv4    2 dcp_mega_varlen               0.052      0.054        273.4
case_000046_dcp2_hkv4    2 dcp_mega_varlen               0.061      0.063        246.4
case_000047_dcp2_hkv4    2 dcp_mega_varlen               0.088      0.090        404.9
case_000048_dcp2_hkv4    2 dcp_mega_varlen               0.052      0.053        353.4
case_000049_dcp2_hkv4    2 dcp_mega_varlen               0.073      0.074        408.4
case_000050_dcp2_hkv4    2 dcp_mega_varlen               0.062      0.064        346.9
case_000051_dcp2_hkv4    2 dcp_mega_varlen               0.053      0.058        351.7
case_000052_dcp2_hkv4    2 dcp_mega_varlen               0.057      0.059        365.5
case_000053_dcp2_hkv4    2 dcp_mega_varlen               0.063      0.064        597.2
case_000054_dcp2_hkv4    2 dcp_mega_varlen               0.080      0.082        392.5
case_000055_dcp2_hkv4    2 dcp_mega_varlen               0.054      0.056        189.9
case_000056_dcp2_hkv4    2 dcp_mega_varlen               0.060      0.062        491.3
case_000057_dcp2_hkv4    2 dcp_mega_varlen               0.068      0.075        406.7
case_000058_dcp2_hkv4    2 dcp_mega_varlen               0.071      0.074        255.9
case_000059_dcp2_hkv4    2 dcp_mega_varlen               0.292      0.295       3474.6
case_000060_dcp2_hkv4    2 dcp_mega_varlen               0.063      0.065        454.6
case_000061_dcp2_hkv4    2 dcp_mega_varlen               0.059      0.062        245.3
case_000062_dcp2_hkv4    2 dcp_mega_varlen               0.075      0.077        312.3
case_000063_dcp2_hkv4    2 dcp_mega_varlen               0.063      0.064        324.8
case_000064_dcp2_hkv4    2 dcp_mega_varlen               0.054      0.055        327.5
case_000065_dcp2_hkv4    2 dcp_mega_varlen               0.058      0.060        332.0
case_000066_dcp2_hkv4    2 dcp_mega_varlen               0.050      0.052        497.5
case_000067_dcp2_hkv4    2 dcp_mega_varlen               0.053      0.055        191.0
case_000068_dcp2_hkv4    2 dcp_mega_varlen               0.061      0.063        539.9
case_000069_dcp2_hkv4    2 dcp_mega_varlen               0.078      0.079        406.2
case_000070_dcp2_hkv4    2 dcp_mega_varlen               0.053      0.055        236.8
case_000071_dcp2_hkv4    2 dcp_mega_varlen               0.089      0.093        397.6
case_000072_dcp2_hkv4    2 dcp_mega_varlen               0.045      0.046         76.6
case_000073_dcp2_hkv4    2 dcp_mega_varlen               0.094      0.096        397.8
case_000074_dcp2_hkv4    2 dcp_mega_varlen               0.078      0.081        831.1
case_000075_dcp2_hkv4    2 dcp_mega_varlen               0.059      0.060        557.1
case_000076_dcp2_hkv4    2 dcp_mega_varlen               0.056      0.058        347.7
case_000077_dcp2_hkv4    2 dcp_mega_varlen               0.837      0.841       4066.0
case_000078_dcp2_hkv4    2 dcp_mega_varlen               0.067      0.068        432.8
case_000079_dcp2_hkv4    2 dcp_mega_varlen               0.078      0.080        923.9
case_000080_dcp2_hkv4    2 dcp_mega_varlen               0.058      0.060        338.8
case_000081_dcp2_hkv4    2 dcp_mega_varlen               0.059      0.060        343.0
case_000082_dcp2_hkv4    2 dcp_mega_varlen               0.062      0.063        360.3
case_000083_dcp2_hkv4    2 dcp_mega_varlen               0.076      0.077        286.4
case_000084_dcp2_hkv4    2 dcp_mega_varlen               0.417      0.421        476.0
case_000085_dcp2_hkv4    2 dcp_mega_varlen               0.068      0.070        339.8
case_000086_dcp2_hkv4    2 dcp_mega_varlen               0.055      0.056        511.3
case_000087_dcp2_hkv4    2 dcp_mega_varlen               0.054      0.056        340.3
case_000088_dcp2_hkv4    2 dcp_mega_varlen               0.075      0.077        504.3
case_000089_dcp2_hkv4    2 dcp_mega_varlen               0.079      0.085        309.8
case_000090_dcp2_hkv4    2 dcp_mega_varlen               0.071      0.074        619.3
case_000091_dcp2_hkv4    2 dcp_mega_varlen               0.349      0.353       1093.7
case_000092_dcp2_hkv4    2 dcp_mega_varlen               0.070      0.073        595.9
case_000093_dcp2_hkv4    2 dcp_mega_varlen               0.066      0.067        479.0
case_000094_dcp2_hkv4    2 dcp_mega_varlen               0.056      0.057        162.6
case_000095_dcp2_hkv4    2 dcp_mega_varlen               0.062      0.063        261.2
case_000096_dcp2_hkv4    2 dcp_mega_varlen               0.079      0.081        789.9
case_000097_dcp2_hkv4    2 dcp_mega_varlen               0.067      0.069        110.5
case_000098_dcp2_hkv4    2 dcp_mega_varlen               0.047      0.050        119.8
case_000099_dcp2_hkv4    2 dcp_mega_varlen               0.054      0.055        356.5

Mega DCP workload-weighted summary
Topology        DCP Method                     Cases    Mean ms  Mean TFLOPS     Weighted  Weighted/GPU
dcp2_hkv4         2 dcp_mega_varlen              100      0.116        576.9       1841.4         230.2
Wrote batch manifest to benchmark_logs/experiment_suite/dcp-suite/01_dcp_wave-b-timestamps-20260814-132129/results/arrival_1/dcp_2/fa3_native_fifo/manifest.json
