CUDA_VISIBLE_DEVICES=0\,1\,2\,3\,4\,5\,6\,7 /home/hychen/min_fa3_demo/.venv/bin/torchrun --standalone --nproc_per_node=8 --module dcp_test.benchmark_dcp_mega_batch --config dcp_test/configs/dcp_mega_six_loads.json --trace-config dcp_test/trace/example_config.json --trace-cases benchmark_logs/experiment_suite/dcp-suite/01_dcp_wave-b-timestamps-20260814-132129/results/arrival_1/dcp_2/trace/cases.jsonl --trace-arrival-time-scale 1 --trace-dcp-size 2 --num-cases 100 --dcp-sizes 2 --implementations mega --num-splits 0 --mega-block-n auto --mega-num-comm-sms 12 --warmup 40 --iters 60 --no-check --no-cuda-graph --mega-phase-timestamps --no-baseline-phase-timing --mega-scheduler-heuristic --mega-history-order auto --output-dir benchmark_logs/experiment_suite/dcp-suite/01_dcp_wave-b-timestamps-20260814-132129/results/arrival_1/dcp_2/critical_wave_auto_lpt --manifest benchmark_logs/experiment_suite/dcp-suite/01_dcp_wave-b-timestamps-20260814-132129/results/arrival_1/dcp_2/critical_wave_auto_lpt/manifest.json
Mega DCP batch: name=dcp_mega_trace, mode=eager, cases=100, methods=['dcp_mega_varlen'], comm_sm_sweep=[12], baseline_phase_timing=False

================================================================================
Mega comm_sm=12, case 1/100: case_000000_dcp2_hkv4: B=7, Sq=[16, 16, 16, 16, 16, 16, 16], Sk=[34829, 19299, 4851, 18875, 19831, 9812, 3803], DCP=2, Hkv=4
================================================================================
Config: world_size=8, methods=['dcp_mega_varlen'], QH=32, KVH=4, D=128, TP=8, DCP=2, workload=chunk, execution=eager, baseline_phase_timing=False, warmup=40, iters=60, check=False
Workload: B=7, q_tokens=112, history_tokens=111300, q_seqlens=[16, 16, 16, 16, 16, 16, 16], history_seqlens=[34829, 19299, 4851, 18875, 19831, 9812, 3803]
Agg TFLOPS uses useful attention work across all TP ranks and p50(max_across_ranks); Avg/GPU divides it by world_size.
KV GB/s/GPU is average logical BF16 K+V bytes read per TP rank divided by p50(max_across_ranks); it is not hardware-counter HBM traffic.

Running B=7, q_tokens=112, history_tokens=111300, causal=True

B=7, q_tokens=112, history_tokens=111300, QH=32, KVH=4, D=128, TP=8, DCP=2, mode=causal
Method                   Time ms                                                                                                                                     Agg TFLOPS    Avg/GPU  KV GB/s/GPU      Check  Note
dcp_mega_varlen          t0=0.059, t1=0.057, t2=0.057, t3=0.057, t4=0.056, t5=0.058, t6=0.057, t7=0.056 | p50(max_across_ranks)=0.059, p90(max_across_ranks)=0.061        494.7       61.8        483.8       skip  eager; output=bf16_ipc_a2a; runner_preallocated; timing=mega_kernel_only

Mega %globaltimer phase timestamps (per-iteration maximum across benchmark ranks, then p50/p90 across samples; us)
Method                   Phase                                                             p50        p90
dcp_mega_varlen          kernel_start                                                    0.000      0.000
dcp_mega_varlen          q_allgather_done                                                4.480      4.640
dcp_mega_varlen          attention_done                                                 20.352     20.771
dcp_mega_varlen          history_combine_done                                           44.096     44.451
dcp_mega_varlen          publish_done                                                   44.096     44.451
dcp_mega_varlen          receive_done                                                   49.456     51.578
dcp_mega_varlen          final_combine_done                                             52.320     54.470
dcp_mega_varlen          kernel_done                                                    52.592     54.822
dcp_mega_varlen          post_completion/q_done_to_publish_done                         39.840     40.195
dcp_mega_varlen          post_completion/publish_done_to_receive_done                    6.480      8.826
dcp_mega_varlen          post_completion/attention_done_to_history_combine_done         24.128     24.547
dcp_mega_varlen          post_completion/history_combine_done_to_final_combine_done      9.392     11.690
Wrote benchmark JSON to benchmark_logs/experiment_suite/dcp-suite/01_dcp_wave-b-timestamps-20260814-132129/results/arrival_1/dcp_2/critical_wave_auto_lpt/comm_sm_12/case_000000_dcp2_hkv4_eager.json

================================================================================
Mega comm_sm=12, case 2/100: case_000001_dcp2_hkv4: B=5, Sq=[16, 16, 16, 16, 16], Sk=[2107, 2455, 3537, 11209, 946], DCP=2, Hkv=4
================================================================================
Config: world_size=8, methods=['dcp_mega_varlen'], QH=32, KVH=4, D=128, TP=8, DCP=2, workload=chunk, execution=eager, baseline_phase_timing=False, warmup=40, iters=60, check=False
Workload: B=5, q_tokens=80, history_tokens=20254, q_seqlens=[16, 16, 16, 16, 16], history_seqlens=[2107, 2455, 3537, 11209, 946]
Agg TFLOPS uses useful attention work across all TP ranks and p50(max_across_ranks); Avg/GPU divides it by world_size.
KV GB/s/GPU is average logical BF16 K+V bytes read per TP rank divided by p50(max_across_ranks); it is not hardware-counter HBM traffic.

Running B=5, q_tokens=80, history_tokens=20254, causal=True

B=5, q_tokens=80, history_tokens=20254, QH=32, KVH=4, D=128, TP=8, DCP=2, mode=causal
Method                   Time ms                                                                                                                                     Agg TFLOPS    Avg/GPU  KV GB/s/GPU      Check  Note
dcp_mega_varlen          t0=0.049, t1=0.049, t2=0.050, t3=0.049, t4=0.048, t5=0.050, t6=0.049, t7=0.049 | p50(max_across_ranks)=0.051, p90(max_across_ranks)=0.053        104.3       13.0        102.5       skip  eager; output=bf16_ipc_a2a; runner_preallocated; timing=mega_kernel_only

Mega %globaltimer phase timestamps (per-iteration maximum across benchmark ranks, then p50/p90 across samples; us)
Method                   Phase                                                             p50        p90
dcp_mega_varlen          kernel_start                                                    0.000      0.000
dcp_mega_varlen          q_allgather_done                                                3.936      4.032
dcp_mega_varlen          attention_done                                                 28.352     28.608
dcp_mega_varlen          history_combine_done                                           35.696     36.262
dcp_mega_varlen          publish_done                                                   35.696     36.262
dcp_mega_varlen          receive_done                                                   41.248     43.107
dcp_mega_varlen          final_combine_done                                             44.432     46.144
dcp_mega_varlen          kernel_done                                                    44.768     46.464
dcp_mega_varlen          post_completion/q_done_to_publish_done                         31.904     32.512
dcp_mega_varlen          post_completion/publish_done_to_receive_done                    6.912      8.947
dcp_mega_varlen          post_completion/attention_done_to_history_combine_done          7.760      8.128
dcp_mega_varlen          post_completion/history_combine_done_to_final_combine_done      9.984     12.042
Wrote benchmark JSON to benchmark_logs/experiment_suite/dcp-suite/01_dcp_wave-b-timestamps-20260814-132129/results/arrival_1/dcp_2/critical_wave_auto_lpt/comm_sm_12/case_000001_dcp2_hkv4_eager.json

================================================================================
Mega comm_sm=12, case 3/100: case_000002_dcp2_hkv4: B=6, Sq=[16, 16, 16, 16, 16, 16], Sk=[29183, 10423, 8206, 76751, 4964, 1138], DCP=2, Hkv=4
================================================================================
Config: world_size=8, methods=['dcp_mega_varlen'], QH=32, KVH=4, D=128, TP=8, DCP=2, workload=chunk, execution=eager, baseline_phase_timing=False, warmup=40, iters=60, check=False
Workload: B=6, q_tokens=96, history_tokens=130665, q_seqlens=[16, 16, 16, 16, 16, 16], history_seqlens=[29183, 10423, 8206, 76751, 4964, 1138]
Agg TFLOPS uses useful attention work across all TP ranks and p50(max_across_ranks); Avg/GPU divides it by world_size.
KV GB/s/GPU is average logical BF16 K+V bytes read per TP rank divided by p50(max_across_ranks); it is not hardware-counter HBM traffic.

Running B=6, q_tokens=96, history_tokens=130665, causal=True

B=6, q_tokens=96, history_tokens=130665, QH=32, KVH=4, D=128, TP=8, DCP=2, mode=causal
Method                   Time ms                                                                                                                                     Agg TFLOPS    Avg/GPU  KV GB/s/GPU      Check  Note
dcp_mega_varlen          t0=0.077, t1=0.075, t2=0.077, t3=0.075, t4=0.076, t5=0.077, t6=0.078, t7=0.073 | p50(max_across_ranks)=0.079, p90(max_across_ranks)=0.084        434.9       54.4        425.1       skip  eager; output=bf16_ipc_a2a; runner_preallocated; timing=mega_kernel_only

Mega %globaltimer phase timestamps (per-iteration maximum across benchmark ranks, then p50/p90 across samples; us)
Method                   Phase                                                             p50        p90
dcp_mega_varlen          kernel_start                                                    0.000      0.000
dcp_mega_varlen          q_allgather_done                                                4.256      4.355
dcp_mega_varlen          attention_done                                                 55.456     55.683
dcp_mega_varlen          history_combine_done                                           62.064     62.912
dcp_mega_varlen          publish_done                                                   62.064     62.912
dcp_mega_varlen          receive_done                                                   68.768     73.840
dcp_mega_varlen          final_combine_done                                             72.160     77.357
dcp_mega_varlen          kernel_done                                                    72.496     77.709
dcp_mega_varlen          post_completion/q_done_to_publish_done                         58.000     58.794
dcp_mega_varlen          post_completion/publish_done_to_receive_done                    7.776     12.336
dcp_mega_varlen          post_completion/attention_done_to_history_combine_done          6.960      7.747
dcp_mega_varlen          post_completion/history_combine_done_to_final_combine_done     11.344     15.853
Wrote benchmark JSON to benchmark_logs/experiment_suite/dcp-suite/01_dcp_wave-b-timestamps-20260814-132129/results/arrival_1/dcp_2/critical_wave_auto_lpt/comm_sm_12/case_000002_dcp2_hkv4_eager.json

================================================================================
Mega comm_sm=12, case 4/100: case_000003_dcp2_hkv4: B=5, Sq=[16, 16, 16, 16, 16], Sk=[31636, 5773, 8882, 24402, 11777], DCP=2, Hkv=4
================================================================================
Config: world_size=8, methods=['dcp_mega_varlen'], QH=32, KVH=4, D=128, TP=8, DCP=2, workload=chunk, execution=eager, baseline_phase_timing=False, warmup=40, iters=60, check=False
Workload: B=5, q_tokens=80, history_tokens=82470, q_seqlens=[16, 16, 16, 16, 16], history_seqlens=[31636, 5773, 8882, 24402, 11777]
Agg TFLOPS uses useful attention work across all TP ranks and p50(max_across_ranks); Avg/GPU divides it by world_size.
KV GB/s/GPU is average logical BF16 K+V bytes read per TP rank divided by p50(max_across_ranks); it is not hardware-counter HBM traffic.

Running B=5, q_tokens=80, history_tokens=82470, causal=True

B=5, q_tokens=80, history_tokens=82470, QH=32, KVH=4, D=128, TP=8, DCP=2, mode=causal
Method                   Time ms                                                                                                                                     Agg TFLOPS    Avg/GPU  KV GB/s/GPU      Check  Note
dcp_mega_varlen          t0=0.076, t1=0.074, t2=0.075, t3=0.075, t4=0.074, t5=0.075, t6=0.075, t7=0.075 | p50(max_across_ranks)=0.077, p90(max_across_ranks)=0.080        282.4       35.3        276.2       skip  eager; output=bf16_ipc_a2a; runner_preallocated; timing=mega_kernel_only

Mega %globaltimer phase timestamps (per-iteration maximum across benchmark ranks, then p50/p90 across samples; us)
Method                   Phase                                                             p50        p90
dcp_mega_varlen          kernel_start                                                    0.000      0.000
dcp_mega_varlen          q_allgather_done                                                3.872      4.003
dcp_mega_varlen          attention_done                                                 53.440     53.632
dcp_mega_varlen          history_combine_done                                           61.408     61.923
dcp_mega_varlen          publish_done                                                   61.408     61.923
dcp_mega_varlen          receive_done                                                   66.608     70.352
dcp_mega_varlen          final_combine_done                                             69.728     73.542
dcp_mega_varlen          kernel_done                                                    70.016     73.808
dcp_mega_varlen          post_completion/q_done_to_publish_done                         57.664     58.243
dcp_mega_varlen          post_completion/publish_done_to_receive_done                    6.672     10.374
dcp_mega_varlen          post_completion/attention_done_to_history_combine_done          8.208      8.771
dcp_mega_varlen          post_completion/history_combine_done_to_final_combine_done      9.888     13.488
Wrote benchmark JSON to benchmark_logs/experiment_suite/dcp-suite/01_dcp_wave-b-timestamps-20260814-132129/results/arrival_1/dcp_2/critical_wave_auto_lpt/comm_sm_12/case_000003_dcp2_hkv4_eager.json

================================================================================
Mega comm_sm=12, case 5/100: case_000004_dcp2_hkv4: B=4, Sq=[16, 16, 16, 16], Sk=[1996, 4473, 15481, 29852], DCP=2, Hkv=4
================================================================================
Config: world_size=8, methods=['dcp_mega_varlen'], QH=32, KVH=4, D=128, TP=8, DCP=2, workload=chunk, execution=eager, baseline_phase_timing=False, warmup=40, iters=60, check=False
Workload: B=4, q_tokens=64, history_tokens=51802, q_seqlens=[16, 16, 16, 16], history_seqlens=[1996, 4473, 15481, 29852]
Agg TFLOPS uses useful attention work across all TP ranks and p50(max_across_ranks); Avg/GPU divides it by world_size.
KV GB/s/GPU is average logical BF16 K+V bytes read per TP rank divided by p50(max_across_ranks); it is not hardware-counter HBM traffic.

Running B=4, q_tokens=64, history_tokens=51802, causal=True

B=4, q_tokens=64, history_tokens=51802, QH=32, KVH=4, D=128, TP=8, DCP=2, mode=causal
Method                   Time ms                                                                                                                                     Agg TFLOPS    Avg/GPU  KV GB/s/GPU      Check  Note
dcp_mega_varlen          t0=0.061, t1=0.059, t2=0.059, t3=0.059, t4=0.060, t5=0.060, t6=0.059, t7=0.059 | p50(max_across_ranks)=0.061, p90(max_across_ranks)=0.062        222.3       27.8        217.5       skip  eager; output=bf16_ipc_a2a; runner_preallocated; timing=mega_kernel_only

Mega %globaltimer phase timestamps (per-iteration maximum across benchmark ranks, then p50/p90 across samples; us)
Method                   Phase                                                             p50        p90
dcp_mega_varlen          kernel_start                                                    0.000      0.000
dcp_mega_varlen          q_allgather_done                                                3.904      3.968
dcp_mega_varlen          attention_done                                                 38.928     39.203
dcp_mega_varlen          history_combine_done                                           46.080     46.502
dcp_mega_varlen          publish_done                                                   46.080     46.502
dcp_mega_varlen          receive_done                                                   51.360     52.090
dcp_mega_varlen          final_combine_done                                             54.544     55.379
dcp_mega_varlen          kernel_done                                                    54.800     55.731
dcp_mega_varlen          post_completion/q_done_to_publish_done                         42.240     42.819
dcp_mega_varlen          post_completion/publish_done_to_receive_done                    6.192      7.402
dcp_mega_varlen          post_completion/attention_done_to_history_combine_done          8.064      8.416
dcp_mega_varlen          post_completion/history_combine_done_to_final_combine_done      9.296     10.566
Wrote benchmark JSON to benchmark_logs/experiment_suite/dcp-suite/01_dcp_wave-b-timestamps-20260814-132129/results/arrival_1/dcp_2/critical_wave_auto_lpt/comm_sm_12/case_000004_dcp2_hkv4_eager.json

================================================================================
Mega comm_sm=12, case 6/100: case_000005_dcp2_hkv4: B=4, Sq=[16, 16, 16, 16], Sk=[16217, 19656, 9886, 5595], DCP=2, Hkv=4
================================================================================
Config: world_size=8, methods=['dcp_mega_varlen'], QH=32, KVH=4, D=128, TP=8, DCP=2, workload=chunk, execution=eager, baseline_phase_timing=False, warmup=40, iters=60, check=False
Workload: B=4, q_tokens=64, history_tokens=51354, q_seqlens=[16, 16, 16, 16], history_seqlens=[16217, 19656, 9886, 5595]
Agg TFLOPS uses useful attention work across all TP ranks and p50(max_across_ranks); Avg/GPU divides it by world_size.
KV GB/s/GPU is average logical BF16 K+V bytes read per TP rank divided by p50(max_across_ranks); it is not hardware-counter HBM traffic.

Running B=4, q_tokens=64, history_tokens=51354, causal=True

B=4, q_tokens=64, history_tokens=51354, QH=32, KVH=4, D=128, TP=8, DCP=2, mode=causal
Method                   Time ms                                                                                                                                     Agg TFLOPS    Avg/GPU  KV GB/s/GPU      Check  Note
dcp_mega_varlen          t0=0.043, t1=0.073, t2=0.048, t3=0.050, t4=0.072, t5=0.043, t6=0.049, t7=0.050 | p50(max_across_ranks)=0.073, p90(max_across_ranks)=0.080        183.4       22.9        179.5       skip  eager; output=bf16_ipc_a2a; runner_preallocated; timing=mega_kernel_only

Mega %globaltimer phase timestamps (per-iteration maximum across benchmark ranks, then p50/p90 across samples; us)
Method                   Phase                                                             p50        p90
dcp_mega_varlen          kernel_start                                                    0.000      0.000
dcp_mega_varlen          q_allgather_done                                                3.904      3.968
dcp_mega_varlen          attention_done                                                 25.824     26.048
dcp_mega_varlen          history_combine_done                                           36.272     37.347
dcp_mega_varlen          publish_done                                                   36.272     37.347
dcp_mega_varlen          receive_done                                                   63.632     69.981
dcp_mega_varlen          final_combine_done                                             66.800     73.229
dcp_mega_varlen          kernel_done                                                    67.024     73.542
dcp_mega_varlen          post_completion/q_done_to_publish_done                         32.464     33.418
dcp_mega_varlen          post_completion/publish_done_to_receive_done                   29.120     33.197
dcp_mega_varlen          post_completion/attention_done_to_history_combine_done         10.880     11.680
dcp_mega_varlen          post_completion/history_combine_done_to_final_combine_done     32.208     36.288
Wrote benchmark JSON to benchmark_logs/experiment_suite/dcp-suite/01_dcp_wave-b-timestamps-20260814-132129/results/arrival_1/dcp_2/critical_wave_auto_lpt/comm_sm_12/case_000005_dcp2_hkv4_eager.json

================================================================================
Mega comm_sm=12, case 7/100: case_000006_dcp2_hkv4: B=14, Sq=[16, 16, 16, 16, 16, 16, 16, 16, 16, 16, 16, 16, 16, 16], Sk=[1846, 1539, 11878, 5678, 52304, 15116, 5585, 5939, 5868, 1059, 36689, 28881, 15188, 26989], DCP=2, Hkv=4
================================================================================
Config: world_size=8, methods=['dcp_mega_varlen'], QH=32, KVH=4, D=128, TP=8, DCP=2, workload=chunk, execution=eager, baseline_phase_timing=False, warmup=40, iters=60, check=False
Workload: B=14, q_tokens=224, history_tokens=214559, q_seqlens=[16, 16, 16, 16, 16, 16, 16, 16, 16, 16, 16, 16, 16, 16], history_seqlens=[1846, 1539, 11878, 5678, 52304, 15116, 5585, 5939, 5868, 1059, 36689, 28881, 15188, 26989]
Agg TFLOPS uses useful attention work across all TP ranks and p50(max_across_ranks); Avg/GPU divides it by world_size.
KV GB/s/GPU is average logical BF16 K+V bytes read per TP rank divided by p50(max_across_ranks); it is not hardware-counter HBM traffic.

Running B=14, q_tokens=224, history_tokens=214559, causal=True

B=14, q_tokens=224, history_tokens=214559, QH=32, KVH=4, D=128, TP=8, DCP=2, mode=causal
Method                   Time ms                                                                                                                                     Agg TFLOPS    Avg/GPU  KV GB/s/GPU      Check  Note
dcp_mega_varlen          t0=0.087, t1=0.087, t2=0.086, t3=0.089, t4=0.087, t5=0.087, t6=0.087, t7=0.087 | p50(max_across_ranks)=0.090, p90(max_across_ranks)=0.096        622.2       77.8        608.5       skip  eager; output=bf16_ipc_a2a; runner_preallocated; timing=mega_kernel_only

Mega %globaltimer phase timestamps (per-iteration maximum across benchmark ranks, then p50/p90 across samples; us)
Method                   Phase                                                             p50        p90
dcp_mega_varlen          kernel_start                                                    0.000      0.000
dcp_mega_varlen          q_allgather_done                                                4.928      5.059
dcp_mega_varlen          attention_done                                                 65.024     65.536
dcp_mega_varlen          history_combine_done                                           73.408     74.435
dcp_mega_varlen          publish_done                                                   73.408     74.435
dcp_mega_varlen          receive_done                                                   79.856     85.315
dcp_mega_varlen          final_combine_done                                             83.456     88.858
dcp_mega_varlen          kernel_done                                                    83.776     89.178
dcp_mega_varlen          post_completion/q_done_to_publish_done                         69.056     70.080
dcp_mega_varlen          post_completion/publish_done_to_receive_done                    8.240     13.786
dcp_mega_varlen          post_completion/attention_done_to_history_combine_done          9.200      9.926
dcp_mega_varlen          post_completion/history_combine_done_to_final_combine_done     11.600     17.328
Wrote benchmark JSON to benchmark_logs/experiment_suite/dcp-suite/01_dcp_wave-b-timestamps-20260814-132129/results/arrival_1/dcp_2/critical_wave_auto_lpt/comm_sm_12/case_000006_dcp2_hkv4_eager.json

================================================================================
Mega comm_sm=12, case 8/100: case_000007_dcp2_hkv4: B=7, Sq=[16, 16, 16, 16, 16, 16, 16], Sk=[8813, 2652, 19239, 6525, 1108, 18667, 10759], DCP=2, Hkv=4
================================================================================
Config: world_size=8, methods=['dcp_mega_varlen'], QH=32, KVH=4, D=128, TP=8, DCP=2, workload=chunk, execution=eager, baseline_phase_timing=False, warmup=40, iters=60, check=False
Workload: B=7, q_tokens=112, history_tokens=67763, q_seqlens=[16, 16, 16, 16, 16, 16, 16], history_seqlens=[8813, 2652, 19239, 6525, 1108, 18667, 10759]
Agg TFLOPS uses useful attention work across all TP ranks and p50(max_across_ranks); Avg/GPU divides it by world_size.
KV GB/s/GPU is average logical BF16 K+V bytes read per TP rank divided by p50(max_across_ranks); it is not hardware-counter HBM traffic.

Running B=7, q_tokens=112, history_tokens=67763, causal=True

B=7, q_tokens=112, history_tokens=67763, QH=32, KVH=4, D=128, TP=8, DCP=2, mode=causal
Method                   Time ms                                                                                                                                     Agg TFLOPS    Avg/GPU  KV GB/s/GPU      Check  Note
dcp_mega_varlen          t0=0.057, t1=0.056, t2=0.056, t3=0.057, t4=0.056, t5=0.057, t6=0.057, t7=0.056 | p50(max_across_ranks)=0.058, p90(max_across_ranks)=0.062        304.4       38.0        297.9       skip  eager; output=bf16_ipc_a2a; runner_preallocated; timing=mega_kernel_only

Mega %globaltimer phase timestamps (per-iteration maximum across benchmark ranks, then p50/p90 across samples; us)
Method                   Phase                                                             p50        p90
dcp_mega_varlen          kernel_start                                                    0.000      0.000
dcp_mega_varlen          q_allgather_done                                                3.936      4.032
dcp_mega_varlen          attention_done                                                 35.184     35.520
dcp_mega_varlen          history_combine_done                                           43.120     43.686
dcp_mega_varlen          publish_done                                                   43.120     43.686
dcp_mega_varlen          receive_done                                                   48.608     50.458
dcp_mega_varlen          final_combine_done                                             51.760     53.709
dcp_mega_varlen          kernel_done                                                    52.032     54.032
dcp_mega_varlen          post_completion/q_done_to_publish_done                         39.328     39.843
dcp_mega_varlen          post_completion/publish_done_to_receive_done                    6.896      8.643
dcp_mega_varlen          post_completion/attention_done_to_history_combine_done          8.528      8.995
dcp_mega_varlen          post_completion/history_combine_done_to_final_combine_done     10.000     11.859
Wrote benchmark JSON to benchmark_logs/experiment_suite/dcp-suite/01_dcp_wave-b-timestamps-20260814-132129/results/arrival_1/dcp_2/critical_wave_auto_lpt/comm_sm_12/case_000007_dcp2_hkv4_eager.json

================================================================================
Mega comm_sm=12, case 9/100: case_000008_dcp2_hkv4: B=9, Sq=[16, 16, 16, 16, 16, 16, 16, 16, 16], Sk=[2374, 32782, 10855, 11310, 13315, 20167, 32383, 13820, 7857], DCP=2, Hkv=4
================================================================================
Config: world_size=8, methods=['dcp_mega_varlen'], QH=32, KVH=4, D=128, TP=8, DCP=2, workload=chunk, execution=eager, baseline_phase_timing=False, warmup=40, iters=60, check=False
Workload: B=9, q_tokens=144, history_tokens=144863, q_seqlens=[16, 16, 16, 16, 16, 16, 16, 16, 16], history_seqlens=[2374, 32782, 10855, 11310, 13315, 20167, 32383, 13820, 7857]
Agg TFLOPS uses useful attention work across all TP ranks and p50(max_across_ranks); Avg/GPU divides it by world_size.
KV GB/s/GPU is average logical BF16 K+V bytes read per TP rank divided by p50(max_across_ranks); it is not hardware-counter HBM traffic.

Running B=9, q_tokens=144, history_tokens=144863, causal=True

B=9, q_tokens=144, history_tokens=144863, QH=32, KVH=4, D=128, TP=8, DCP=2, mode=causal
Method                   Time ms                                                                                                                                     Agg TFLOPS    Avg/GPU  KV GB/s/GPU      Check  Note
dcp_mega_varlen          t0=0.061, t1=0.061, t2=0.061, t3=0.061, t4=0.060, t5=0.060, t6=0.060, t7=0.058 | p50(max_across_ranks)=0.062, p90(max_across_ranks)=0.065        614.2       76.8        600.7       skip  eager; output=bf16_ipc_a2a; runner_preallocated; timing=mega_kernel_only

Mega %globaltimer phase timestamps (per-iteration maximum across benchmark ranks, then p50/p90 across samples; us)
Method                   Phase                                                             p50        p90
dcp_mega_varlen          kernel_start                                                    0.000      0.000
dcp_mega_varlen          q_allgather_done                                                4.416      4.608
dcp_mega_varlen          attention_done                                                 29.072     29.667
dcp_mega_varlen          history_combine_done                                           46.496     47.200
dcp_mega_varlen          publish_done                                                   46.496     47.200
dcp_mega_varlen          receive_done                                                   51.648     54.662
dcp_mega_varlen          final_combine_done                                             55.056     57.814
dcp_mega_varlen          kernel_done                                                    55.392     58.166
dcp_mega_varlen          post_completion/q_done_to_publish_done                         42.240     42.947
dcp_mega_varlen          post_completion/publish_done_to_receive_done                    6.352      9.462
dcp_mega_varlen          post_completion/attention_done_to_history_combine_done         18.656     19.238
dcp_mega_varlen          post_completion/history_combine_done_to_final_combine_done      9.696     12.570
Wrote benchmark JSON to benchmark_logs/experiment_suite/dcp-suite/01_dcp_wave-b-timestamps-20260814-132129/results/arrival_1/dcp_2/critical_wave_auto_lpt/comm_sm_12/case_000008_dcp2_hkv4_eager.json

================================================================================
Mega comm_sm=12, case 10/100: case_000009_dcp2_hkv4: B=5, Sq=[16, 16, 16, 16, 16], Sk=[20744, 6699, 35554, 3210, 1074], DCP=2, Hkv=4
================================================================================
Config: world_size=8, methods=['dcp_mega_varlen'], QH=32, KVH=4, D=128, TP=8, DCP=2, workload=chunk, execution=eager, baseline_phase_timing=False, warmup=40, iters=60, check=False
Workload: B=5, q_tokens=80, history_tokens=67281, q_seqlens=[16, 16, 16, 16, 16], history_seqlens=[20744, 6699, 35554, 3210, 1074]
Agg TFLOPS uses useful attention work across all TP ranks and p50(max_across_ranks); Avg/GPU divides it by world_size.
KV GB/s/GPU is average logical BF16 K+V bytes read per TP rank divided by p50(max_across_ranks); it is not hardware-counter HBM traffic.

Running B=5, q_tokens=80, history_tokens=67281, causal=True

B=5, q_tokens=80, history_tokens=67281, QH=32, KVH=4, D=128, TP=8, DCP=2, mode=causal
Method                   Time ms                                                                                                                                     Agg TFLOPS    Avg/GPU  KV GB/s/GPU      Check  Note
dcp_mega_varlen          t0=0.061, t1=0.059, t2=0.060, t3=0.061, t4=0.059, t5=0.060, t6=0.060, t7=0.060 | p50(max_across_ranks)=0.061, p90(max_across_ranks)=0.063        287.8       36.0        281.5       skip  eager; output=bf16_ipc_a2a; runner_preallocated; timing=mega_kernel_only

Mega %globaltimer phase timestamps (per-iteration maximum across benchmark ranks, then p50/p90 across samples; us)
Method                   Phase                                                             p50        p90
dcp_mega_varlen          kernel_start                                                    0.000      0.000
dcp_mega_varlen          q_allgather_done                                                3.904      3.968
dcp_mega_varlen          attention_done                                                 38.880     39.046
dcp_mega_varlen          history_combine_done                                           45.920     46.250
dcp_mega_varlen          publish_done                                                   45.920     46.250
dcp_mega_varlen          receive_done                                                   51.392     52.451
dcp_mega_varlen          final_combine_done                                             54.496     55.546
dcp_mega_varlen          kernel_done                                                    54.784     55.862
dcp_mega_varlen          post_completion/q_done_to_publish_done                         42.160     42.435
dcp_mega_varlen          post_completion/publish_done_to_receive_done                    6.304      7.187
dcp_mega_varlen          post_completion/attention_done_to_history_combine_done          7.264      7.584
dcp_mega_varlen          post_completion/history_combine_done_to_final_combine_done      9.408     10.339
Wrote benchmark JSON to benchmark_logs/experiment_suite/dcp-suite/01_dcp_wave-b-timestamps-20260814-132129/results/arrival_1/dcp_2/critical_wave_auto_lpt/comm_sm_12/case_000009_dcp2_hkv4_eager.json

================================================================================
Mega comm_sm=12, case 11/100: case_000010_dcp2_hkv4: B=6, Sq=[16, 16, 16, 16, 16, 16], Sk=[1145, 5197, 5174, 27678, 920, 5544], DCP=2, Hkv=4
================================================================================
Config: world_size=8, methods=['dcp_mega_varlen'], QH=32, KVH=4, D=128, TP=8, DCP=2, workload=chunk, execution=eager, baseline_phase_timing=False, warmup=40, iters=60, check=False
Workload: B=6, q_tokens=96, history_tokens=45658, q_seqlens=[16, 16, 16, 16, 16, 16], history_seqlens=[1145, 5197, 5174, 27678, 920, 5544]
Agg TFLOPS uses useful attention work across all TP ranks and p50(max_across_ranks); Avg/GPU divides it by world_size.
KV GB/s/GPU is average logical BF16 K+V bytes read per TP rank divided by p50(max_across_ranks); it is not hardware-counter HBM traffic.

Running B=6, q_tokens=96, history_tokens=45658, causal=True

B=6, q_tokens=96, history_tokens=45658, QH=32, KVH=4, D=128, TP=8, DCP=2, mode=causal
Method                   Time ms                                                                                                                                     Agg TFLOPS    Avg/GPU  KV GB/s/GPU      Check  Note
dcp_mega_varlen          t0=0.059, t1=0.058, t2=0.059, t3=0.059, t4=0.058, t5=0.059, t6=0.059, t7=0.058 | p50(max_across_ranks)=0.060, p90(max_across_ranks)=0.061        200.8       25.1        196.7       skip  eager; output=bf16_ipc_a2a; runner_preallocated; timing=mega_kernel_only

Mega %globaltimer phase timestamps (per-iteration maximum across benchmark ranks, then p50/p90 across samples; us)
Method                   Phase                                                             p50        p90
dcp_mega_varlen          kernel_start                                                    0.000      0.000
dcp_mega_varlen          q_allgather_done                                                4.032      4.096
dcp_mega_varlen          attention_done                                                 38.432     38.659
dcp_mega_varlen          history_combine_done                                           44.640     45.120
dcp_mega_varlen          publish_done                                                   44.640     45.120
dcp_mega_varlen          receive_done                                                   49.904     51.789
dcp_mega_varlen          final_combine_done                                             53.040     54.992
dcp_mega_varlen          kernel_done                                                    53.328     55.306
dcp_mega_varlen          post_completion/q_done_to_publish_done                         40.784     41.184
dcp_mega_varlen          post_completion/publish_done_to_receive_done                    6.128      8.166
dcp_mega_varlen          post_completion/attention_done_to_history_combine_done          6.656      6.982
dcp_mega_varlen          post_completion/history_combine_done_to_final_combine_done      9.280     11.139
Wrote benchmark JSON to benchmark_logs/experiment_suite/dcp-suite/01_dcp_wave-b-timestamps-20260814-132129/results/arrival_1/dcp_2/critical_wave_auto_lpt/comm_sm_12/case_000010_dcp2_hkv4_eager.json

================================================================================
Mega comm_sm=12, case 12/100: case_000011_dcp2_hkv4: B=9, Sq=[16, 16, 16, 16, 16, 16, 16, 16, 16], Sk=[1664, 5157, 16423, 16189, 25995, 6229, 22251, 5791, 15741], DCP=2, Hkv=4
================================================================================
Config: world_size=8, methods=['dcp_mega_varlen'], QH=32, KVH=4, D=128, TP=8, DCP=2, workload=chunk, execution=eager, baseline_phase_timing=False, warmup=40, iters=60, check=False
Workload: B=9, q_tokens=144, history_tokens=115440, q_seqlens=[16, 16, 16, 16, 16, 16, 16, 16, 16], history_seqlens=[1664, 5157, 16423, 16189, 25995, 6229, 22251, 5791, 15741]
Agg TFLOPS uses useful attention work across all TP ranks and p50(max_across_ranks); Avg/GPU divides it by world_size.
KV GB/s/GPU is average logical BF16 K+V bytes read per TP rank divided by p50(max_across_ranks); it is not hardware-counter HBM traffic.

Running B=9, q_tokens=144, history_tokens=115440, causal=True

B=9, q_tokens=144, history_tokens=115440, QH=32, KVH=4, D=128, TP=8, DCP=2, mode=causal
Method                   Time ms                                                                                                                                     Agg TFLOPS    Avg/GPU  KV GB/s/GPU      Check  Note
dcp_mega_varlen          t0=0.067, t1=0.067, t2=0.066, t3=0.067, t4=0.067, t5=0.068, t6=0.067, t7=0.067 | p50(max_across_ranks)=0.068, p90(max_across_ranks)=0.069        442.6       55.3        433.0       skip  eager; output=bf16_ipc_a2a; runner_preallocated; timing=mega_kernel_only

Mega %globaltimer phase timestamps (per-iteration maximum across benchmark ranks, then p50/p90 across samples; us)
Method                   Phase                                                             p50        p90
dcp_mega_varlen          kernel_start                                                    0.000      0.000
dcp_mega_varlen          q_allgather_done                                                4.368      4.512
dcp_mega_varlen          attention_done                                                 44.320     44.579
dcp_mega_varlen          history_combine_done                                           53.376     54.179
dcp_mega_varlen          publish_done                                                   53.376     54.179
dcp_mega_varlen          receive_done                                                   58.544     59.456
dcp_mega_varlen          final_combine_done                                             61.664     62.691
dcp_mega_varlen          kernel_done                                                    61.904     62.915
dcp_mega_varlen          post_completion/q_done_to_publish_done                         49.328     50.115
dcp_mega_varlen          post_completion/publish_done_to_receive_done                    7.184      8.384
dcp_mega_varlen          post_completion/attention_done_to_history_combine_done          9.728     10.397
dcp_mega_varlen          post_completion/history_combine_done_to_final_combine_done     10.464     11.619
Wrote benchmark JSON to benchmark_logs/experiment_suite/dcp-suite/01_dcp_wave-b-timestamps-20260814-132129/results/arrival_1/dcp_2/critical_wave_auto_lpt/comm_sm_12/case_000011_dcp2_hkv4_eager.json

================================================================================
Mega comm_sm=12, case 13/100: case_000012_dcp2_hkv4: B=6, Sq=[16, 16, 16, 16, 16, 16], Sk=[1735, 39864, 3989, 27748, 7209, 5112], DCP=2, Hkv=4
================================================================================
Config: world_size=8, methods=['dcp_mega_varlen'], QH=32, KVH=4, D=128, TP=8, DCP=2, workload=chunk, execution=eager, baseline_phase_timing=False, warmup=40, iters=60, check=False
Workload: B=6, q_tokens=96, history_tokens=85657, q_seqlens=[16, 16, 16, 16, 16, 16], history_seqlens=[1735, 39864, 3989, 27748, 7209, 5112]
Agg TFLOPS uses useful attention work across all TP ranks and p50(max_across_ranks); Avg/GPU divides it by world_size.
KV GB/s/GPU is average logical BF16 K+V bytes read per TP rank divided by p50(max_across_ranks); it is not hardware-counter HBM traffic.

Running B=6, q_tokens=96, history_tokens=85657, causal=True

B=6, q_tokens=96, history_tokens=85657, QH=32, KVH=4, D=128, TP=8, DCP=2, mode=causal
Method                   Time ms                                                                                                                                     Agg TFLOPS    Avg/GPU  KV GB/s/GPU      Check  Note
dcp_mega_varlen          t0=0.071, t1=0.071, t2=0.072, t3=0.072, t4=0.072, t5=0.071, t6=0.071, t7=0.071 | p50(max_across_ranks)=0.073, p90(max_across_ranks)=0.076        307.3       38.4        300.6       skip  eager; output=bf16_ipc_a2a; runner_preallocated; timing=mega_kernel_only

Mega %globaltimer phase timestamps (per-iteration maximum across benchmark ranks, then p50/p90 across samples; us)
Method                   Phase                                                             p50        p90
dcp_mega_varlen          kernel_start                                                    0.000      0.000
dcp_mega_varlen          q_allgather_done                                                4.096      4.192
dcp_mega_varlen          attention_done                                                 49.136     49.280
dcp_mega_varlen          history_combine_done                                           57.648     58.080
dcp_mega_varlen          publish_done                                                   57.648     58.080
dcp_mega_varlen          receive_done                                                   63.264     65.142
dcp_mega_varlen          final_combine_done                                             66.464     68.138
dcp_mega_varlen          kernel_done                                                    66.784     68.474
dcp_mega_varlen          post_completion/q_done_to_publish_done                         53.712     54.176
dcp_mega_varlen          post_completion/publish_done_to_receive_done                    7.184     10.090
dcp_mega_varlen          post_completion/attention_done_to_history_combine_done          9.056      9.440
dcp_mega_varlen          post_completion/history_combine_done_to_final_combine_done     10.336     13.011
Wrote benchmark JSON to benchmark_logs/experiment_suite/dcp-suite/01_dcp_wave-b-timestamps-20260814-132129/results/arrival_1/dcp_2/critical_wave_auto_lpt/comm_sm_12/case_000012_dcp2_hkv4_eager.json

================================================================================
Mega comm_sm=12, case 14/100: case_000013_dcp2_hkv4: B=9, Sq=[16, 16, 16, 16, 16, 16, 16, 16, 16], Sk=[2276, 27288, 1248, 7323, 1508, 47636, 7628, 5157, 74812], DCP=2, Hkv=4
================================================================================
Config: world_size=8, methods=['dcp_mega_varlen'], QH=32, KVH=4, D=128, TP=8, DCP=2, workload=chunk, execution=eager, baseline_phase_timing=False, warmup=40, iters=60, check=False
Workload: B=9, q_tokens=144, history_tokens=174876, q_seqlens=[16, 16, 16, 16, 16, 16, 16, 16, 16], history_seqlens=[2276, 27288, 1248, 7323, 1508, 47636, 7628, 5157, 74812]
Agg TFLOPS uses useful attention work across all TP ranks and p50(max_across_ranks); Avg/GPU divides it by world_size.
KV GB/s/GPU is average logical BF16 K+V bytes read per TP rank divided by p50(max_across_ranks); it is not hardware-counter HBM traffic.

Running B=9, q_tokens=144, history_tokens=174876, causal=True

B=9, q_tokens=144, history_tokens=174876, QH=32, KVH=4, D=128, TP=8, DCP=2, mode=causal
Method                   Time ms                                                                                                                                     Agg TFLOPS    Avg/GPU  KV GB/s/GPU      Check  Note
dcp_mega_varlen          t0=0.078, t1=0.078, t2=0.078, t3=0.079, t4=0.086, t5=0.074, t6=0.079, t7=0.079 | p50(max_across_ranks)=0.086, p90(max_across_ranks)=0.096        530.2       66.3        518.4       skip  eager; output=bf16_ipc_a2a; runner_preallocated; timing=mega_kernel_only

Mega %globaltimer phase timestamps (per-iteration maximum across benchmark ranks, then p50/p90 across samples; us)
Method                   Phase                                                             p50        p90
dcp_mega_varlen          kernel_start                                                    0.000      0.000
dcp_mega_varlen          q_allgather_done                                                4.752      4.960
dcp_mega_varlen          attention_done                                                 56.576     56.928
dcp_mega_varlen          history_combine_done                                           65.408     66.048
dcp_mega_varlen          publish_done                                                   65.408     66.048
dcp_mega_varlen          receive_done                                                   77.232     86.285
dcp_mega_varlen          final_combine_done                                             80.144     89.296
dcp_mega_varlen          kernel_done                                                    80.384     89.549
dcp_mega_varlen          post_completion/q_done_to_publish_done                         60.992     61.795
dcp_mega_varlen          post_completion/publish_done_to_receive_done                   11.984     21.926
dcp_mega_varlen          post_completion/attention_done_to_history_combine_done          9.600     10.144
dcp_mega_varlen          post_completion/history_combine_done_to_final_combine_done     14.784     24.995
Wrote benchmark JSON to benchmark_logs/experiment_suite/dcp-suite/01_dcp_wave-b-timestamps-20260814-132129/results/arrival_1/dcp_2/critical_wave_auto_lpt/comm_sm_12/case_000013_dcp2_hkv4_eager.json

================================================================================
Mega comm_sm=12, case 15/100: case_000014_dcp2_hkv4: B=9, Sq=[16, 16, 16, 16, 16, 16, 16, 16, 4096], Sk=[8376, 10306, 3986, 3205, 3558, 10148, 12786, 26101, 111104], DCP=2, Hkv=4
================================================================================
Config: world_size=8, methods=['dcp_mega_varlen'], QH=32, KVH=4, D=128, TP=8, DCP=2, workload=chunk, execution=eager, baseline_phase_timing=False, warmup=40, iters=60, check=False
Workload: B=9, q_tokens=4224, history_tokens=189570, q_seqlens=[16, 16, 16, 16, 16, 16, 16, 16, 4096], history_seqlens=[8376, 10306, 3986, 3205, 3558, 10148, 12786, 26101, 111104]
Agg TFLOPS uses useful attention work across all TP ranks and p50(max_across_ranks); Avg/GPU divides it by world_size.
KV GB/s/GPU is average logical BF16 K+V bytes read per TP rank divided by p50(max_across_ranks); it is not hardware-counter HBM traffic.

Running B=9, q_tokens=4224, history_tokens=189570, causal=True

B=9, q_tokens=4224, history_tokens=189570, QH=32, KVH=4, D=128, TP=8, DCP=2, mode=causal
Method                   Time ms                                                                                                                                     Agg TFLOPS    Avg/GPU  KV GB/s/GPU      Check  Note
dcp_mega_varlen          t0=1.842, t1=1.832, t2=1.848, t3=1.837, t4=1.832, t5=1.820, t6=1.819, t7=1.807 | p50(max_across_ranks)=1.851, p90(max_across_ranks)=1.872       4114.5      514.3         27.4       skip  eager; output=bf16_ipc_a2a; runner_preallocated; timing=mega_kernel_only

Mega %globaltimer phase timestamps (per-iteration maximum across benchmark ranks, then p50/p90 across samples; us)
Method                   Phase                                                             p50        p90
dcp_mega_varlen          kernel_start                                                    0.000      0.000
dcp_mega_varlen          q_allgather_done                                               30.096     30.755
dcp_mega_varlen          attention_done                                               1810.144   1832.659
dcp_mega_varlen          history_combine_done                                         1826.304   1848.576
dcp_mega_varlen          publish_done                                                 1826.304   1848.576
dcp_mega_varlen          receive_done                                                 1832.880   1854.998
dcp_mega_varlen          final_combine_done                                           1843.344   1865.258
dcp_mega_varlen          kernel_done                                                  1843.632   1865.578
dcp_mega_varlen          post_completion/q_done_to_publish_done                       1796.976   1820.224
dcp_mega_varlen          post_completion/publish_done_to_receive_done                   50.608     82.083
dcp_mega_varlen          post_completion/attention_done_to_history_combine_done         18.064     19.021
dcp_mega_varlen          post_completion/history_combine_done_to_final_combine_done     60.464     92.541
Wrote benchmark JSON to benchmark_logs/experiment_suite/dcp-suite/01_dcp_wave-b-timestamps-20260814-132129/results/arrival_1/dcp_2/critical_wave_auto_lpt/comm_sm_12/case_000014_dcp2_hkv4_eager.json

================================================================================
Mega comm_sm=12, case 16/100: case_000015_dcp2_hkv4: B=6, Sq=[16, 16, 16, 16, 16, 16], Sk=[14590, 4109, 28470, 40398, 16136, 9396], DCP=2, Hkv=4
================================================================================
Config: world_size=8, methods=['dcp_mega_varlen'], QH=32, KVH=4, D=128, TP=8, DCP=2, workload=chunk, execution=eager, baseline_phase_timing=False, warmup=40, iters=60, check=False
Workload: B=6, q_tokens=96, history_tokens=113099, q_seqlens=[16, 16, 16, 16, 16, 16], history_seqlens=[14590, 4109, 28470, 40398, 16136, 9396]
Agg TFLOPS uses useful attention work across all TP ranks and p50(max_across_ranks); Avg/GPU divides it by world_size.
KV GB/s/GPU is average logical BF16 K+V bytes read per TP rank divided by p50(max_across_ranks); it is not hardware-counter HBM traffic.

Running B=6, q_tokens=96, history_tokens=113099, causal=True

B=6, q_tokens=96, history_tokens=113099, QH=32, KVH=4, D=128, TP=8, DCP=2, mode=causal
Method                   Time ms                                                                                                                                     Agg TFLOPS    Avg/GPU  KV GB/s/GPU      Check  Note
dcp_mega_varlen          t0=0.062, t1=0.061, t2=0.063, t3=0.062, t4=0.062, t5=0.062, t6=0.062, t7=0.061 | p50(max_across_ranks)=0.063, p90(max_across_ranks)=0.064        469.6       58.7        459.1       skip  eager; output=bf16_ipc_a2a; runner_preallocated; timing=mega_kernel_only

Mega %globaltimer phase timestamps (per-iteration maximum across benchmark ranks, then p50/p90 across samples; us)
Method                   Phase                                                             p50        p90
dcp_mega_varlen          kernel_start                                                    0.000      0.000
dcp_mega_varlen          q_allgather_done                                                4.544      4.704
dcp_mega_varlen          attention_done                                                 21.552     21.859
dcp_mega_varlen          history_combine_done                                           48.464     48.899
dcp_mega_varlen          publish_done                                                   48.464     48.899
dcp_mega_varlen          receive_done                                                   53.408     54.688
dcp_mega_varlen          final_combine_done                                             56.288     57.504
dcp_mega_varlen          kernel_done                                                    56.624     57.728
dcp_mega_varlen          post_completion/q_done_to_publish_done                         44.064     44.582
dcp_mega_varlen          post_completion/publish_done_to_receive_done                    6.224      7.872
dcp_mega_varlen          post_completion/attention_done_to_history_combine_done         27.504     27.939
dcp_mega_varlen          post_completion/history_combine_done_to_final_combine_done      9.088     10.627
Wrote benchmark JSON to benchmark_logs/experiment_suite/dcp-suite/01_dcp_wave-b-timestamps-20260814-132129/results/arrival_1/dcp_2/critical_wave_auto_lpt/comm_sm_12/case_000015_dcp2_hkv4_eager.json

================================================================================
Mega comm_sm=12, case 17/100: case_000016_dcp2_hkv4: B=10, Sq=[16, 16, 16, 16, 16, 16, 16, 16, 16, 16], Sk=[29259, 7530, 41393, 1308, 11671, 14112, 949, 11962, 1962, 1255], DCP=2, Hkv=4
================================================================================
Config: world_size=8, methods=['dcp_mega_varlen'], QH=32, KVH=4, D=128, TP=8, DCP=2, workload=chunk, execution=eager, baseline_phase_timing=False, warmup=40, iters=60, check=False
Workload: B=10, q_tokens=160, history_tokens=121401, q_seqlens=[16, 16, 16, 16, 16, 16, 16, 16, 16, 16], history_seqlens=[29259, 7530, 41393, 1308, 11671, 14112, 949, 11962, 1962, 1255]
Agg TFLOPS uses useful attention work across all TP ranks and p50(max_across_ranks); Avg/GPU divides it by world_size.
KV GB/s/GPU is average logical BF16 K+V bytes read per TP rank divided by p50(max_across_ranks); it is not hardware-counter HBM traffic.

Running B=10, q_tokens=160, history_tokens=121401, causal=True

B=10, q_tokens=160, history_tokens=121401, QH=32, KVH=4, D=128, TP=8, DCP=2, mode=causal
Method                   Time ms                                                                                                                                     Agg TFLOPS    Avg/GPU  KV GB/s/GPU      Check  Note
dcp_mega_varlen          t0=0.066, t1=0.064, t2=0.065, t3=0.065, t4=0.064, t5=0.065, t6=0.064, t7=0.064 | p50(max_across_ranks)=0.066, p90(max_across_ranks)=0.069        479.4       59.9        469.1       skip  eager; output=bf16_ipc_a2a; runner_preallocated; timing=mega_kernel_only

Mega %globaltimer phase timestamps (per-iteration maximum across benchmark ranks, then p50/p90 across samples; us)
Method                   Phase                                                             p50        p90
dcp_mega_varlen          kernel_start                                                    0.000      0.000
dcp_mega_varlen          q_allgather_done                                                4.528      4.704
dcp_mega_varlen          attention_done                                                 30.640     31.610
dcp_mega_varlen          history_combine_done                                           50.992     51.456
dcp_mega_varlen          publish_done                                                   50.992     51.456
dcp_mega_varlen          receive_done                                                   56.224     58.118
dcp_mega_varlen          final_combine_done                                             59.472     61.283
dcp_mega_varlen          kernel_done                                                    59.776     61.546
dcp_mega_varlen          post_completion/q_done_to_publish_done                         46.608     47.072
dcp_mega_varlen          post_completion/publish_done_to_receive_done                    6.048      7.606
dcp_mega_varlen          post_completion/attention_done_to_history_combine_done         21.696     22.154
dcp_mega_varlen          post_completion/history_combine_done_to_final_combine_done      9.344     10.835
Wrote benchmark JSON to benchmark_logs/experiment_suite/dcp-suite/01_dcp_wave-b-timestamps-20260814-132129/results/arrival_1/dcp_2/critical_wave_auto_lpt/comm_sm_12/case_000016_dcp2_hkv4_eager.json

================================================================================
Mega comm_sm=12, case 18/100: case_000017_dcp2_hkv4: B=4, Sq=[16, 16, 16, 16], Sk=[12038, 85467, 1552, 3132], DCP=2, Hkv=4
================================================================================
Config: world_size=8, methods=['dcp_mega_varlen'], QH=32, KVH=4, D=128, TP=8, DCP=2, workload=chunk, execution=eager, baseline_phase_timing=False, warmup=40, iters=60, check=False
Workload: B=4, q_tokens=64, history_tokens=102189, q_seqlens=[16, 16, 16, 16], history_seqlens=[12038, 85467, 1552, 3132]
Agg TFLOPS uses useful attention work across all TP ranks and p50(max_across_ranks); Avg/GPU divides it by world_size.
KV GB/s/GPU is average logical BF16 K+V bytes read per TP rank divided by p50(max_across_ranks); it is not hardware-counter HBM traffic.

Running B=4, q_tokens=64, history_tokens=102189, causal=True

B=4, q_tokens=64, history_tokens=102189, QH=32, KVH=4, D=128, TP=8, DCP=2, mode=causal
Method                   Time ms                                                                                                                                     Agg TFLOPS    Avg/GPU  KV GB/s/GPU      Check  Note
dcp_mega_varlen          t0=0.071, t1=0.069, t2=0.070, t3=0.070, t4=0.069, t5=0.070, t6=0.070, t7=0.069 | p50(max_across_ranks)=0.071, p90(max_across_ranks)=0.072        377.0       47.1        368.5       skip  eager; output=bf16_ipc_a2a; runner_preallocated; timing=mega_kernel_only

Mega %globaltimer phase timestamps (per-iteration maximum across benchmark ranks, then p50/p90 across samples; us)
Method                   Phase                                                             p50        p90
dcp_mega_varlen          kernel_start                                                    0.000      0.000
dcp_mega_varlen          q_allgather_done                                                4.064      4.163
dcp_mega_varlen          attention_done                                                 43.824     44.288
dcp_mega_varlen          history_combine_done                                           55.904     56.195
dcp_mega_varlen          publish_done                                                   55.904     56.195
dcp_mega_varlen          receive_done                                                   61.120     62.410
dcp_mega_varlen          final_combine_done                                             64.272     65.373
dcp_mega_varlen          kernel_done                                                    64.608     65.606
dcp_mega_varlen          post_completion/q_done_to_publish_done                         52.064     52.352
dcp_mega_varlen          post_completion/publish_done_to_receive_done                    6.160      7.555
dcp_mega_varlen          post_completion/attention_done_to_history_combine_done         12.288     12.483
dcp_mega_varlen          post_completion/history_combine_done_to_final_combine_done      9.296     10.726
Wrote benchmark JSON to benchmark_logs/experiment_suite/dcp-suite/01_dcp_wave-b-timestamps-20260814-132129/results/arrival_1/dcp_2/critical_wave_auto_lpt/comm_sm_12/case_000017_dcp2_hkv4_eager.json

================================================================================
Mega comm_sm=12, case 19/100: case_000018_dcp2_hkv4: B=14, Sq=[16, 16, 16, 16, 16, 16, 16, 16, 16, 16, 16, 16, 16, 16], Sk=[4883, 1734, 6446, 12764, 9695, 6521, 1063, 1862, 12596, 3370, 4515, 10032, 3938, 5570], DCP=2, Hkv=4
================================================================================
Config: world_size=8, methods=['dcp_mega_varlen'], QH=32, KVH=4, D=128, TP=8, DCP=2, workload=chunk, execution=eager, baseline_phase_timing=False, warmup=40, iters=60, check=False
Workload: B=14, q_tokens=224, history_tokens=84989, q_seqlens=[16, 16, 16, 16, 16, 16, 16, 16, 16, 16, 16, 16, 16, 16], history_seqlens=[4883, 1734, 6446, 12764, 9695, 6521, 1063, 1862, 12596, 3370, 4515, 10032, 3938, 5570]
Agg TFLOPS uses useful attention work across all TP ranks and p50(max_across_ranks); Avg/GPU divides it by world_size.
KV GB/s/GPU is average logical BF16 K+V bytes read per TP rank divided by p50(max_across_ranks); it is not hardware-counter HBM traffic.

Running B=14, q_tokens=224, history_tokens=84989, causal=True

B=14, q_tokens=224, history_tokens=84989, QH=32, KVH=4, D=128, TP=8, DCP=2, mode=causal
Method                   Time ms                                                                                                                                     Agg TFLOPS    Avg/GPU  KV GB/s/GPU      Check  Note
dcp_mega_varlen          t0=0.068, t1=0.066, t2=0.067, t3=0.070, t4=0.067, t5=0.068, t6=0.067, t7=0.067 | p50(max_across_ranks)=0.070, p90(max_across_ranks)=0.072        318.1       39.8        311.8       skip  eager; output=bf16_ipc_a2a; runner_preallocated; timing=mega_kernel_only

Mega %globaltimer phase timestamps (per-iteration maximum across benchmark ranks, then p50/p90 across samples; us)
Method                   Phase                                                             p50        p90
dcp_mega_varlen          kernel_start                                                    0.000      0.000
dcp_mega_varlen          q_allgather_done                                                4.288      4.387
dcp_mega_varlen          attention_done                                                 45.824     46.176
dcp_mega_varlen          history_combine_done                                           54.656     55.626
dcp_mega_varlen          publish_done                                                   54.656     55.626
dcp_mega_varlen          receive_done                                                   60.224     61.920
dcp_mega_varlen          final_combine_done                                             63.456     65.270
dcp_mega_varlen          kernel_done                                                    63.760     65.590
dcp_mega_varlen          post_completion/q_done_to_publish_done                         50.496     51.590
dcp_mega_varlen          post_completion/publish_done_to_receive_done                    8.176     10.218
dcp_mega_varlen          post_completion/attention_done_to_history_combine_done          9.344     10.086
dcp_mega_varlen          post_completion/history_combine_done_to_final_combine_done     11.360     13.338
Wrote benchmark JSON to benchmark_logs/experiment_suite/dcp-suite/01_dcp_wave-b-timestamps-20260814-132129/results/arrival_1/dcp_2/critical_wave_auto_lpt/comm_sm_12/case_000018_dcp2_hkv4_eager.json

================================================================================
Mega comm_sm=12, case 20/100: case_000019_dcp2_hkv4: B=11, Sq=[16, 16, 16, 16, 16, 16, 16, 16, 16, 16, 16], Sk=[5352, 16514, 5045, 12628, 1487, 11291, 30568, 3732, 6745, 55705, 960], DCP=2, Hkv=4
================================================================================
Config: world_size=8, methods=['dcp_mega_varlen'], QH=32, KVH=4, D=128, TP=8, DCP=2, workload=chunk, execution=eager, baseline_phase_timing=False, warmup=40, iters=60, check=False
Workload: B=11, q_tokens=176, history_tokens=150027, q_seqlens=[16, 16, 16, 16, 16, 16, 16, 16, 16, 16, 16], history_seqlens=[5352, 16514, 5045, 12628, 1487, 11291, 30568, 3732, 6745, 55705, 960]
Agg TFLOPS uses useful attention work across all TP ranks and p50(max_across_ranks); Avg/GPU divides it by world_size.
KV GB/s/GPU is average logical BF16 K+V bytes read per TP rank divided by p50(max_across_ranks); it is not hardware-counter HBM traffic.

Running B=11, q_tokens=176, history_tokens=150027, causal=True

B=11, q_tokens=176, history_tokens=150027, QH=32, KVH=4, D=128, TP=8, DCP=2, mode=causal
Method                   Time ms                                                                                                                                     Agg TFLOPS    Avg/GPU  KV GB/s/GPU      Check  Note
dcp_mega_varlen          t0=0.088, t1=0.085, t2=0.088, t3=0.087, t4=0.087, t5=0.088, t6=0.087, t7=0.088 | p50(max_across_ranks)=0.089, p90(max_across_ranks)=0.093        442.9       55.4        433.3       skip  eager; output=bf16_ipc_a2a; runner_preallocated; timing=mega_kernel_only

Mega %globaltimer phase timestamps (per-iteration maximum across benchmark ranks, then p50/p90 across samples; us)
Method                   Phase                                                             p50        p90
dcp_mega_varlen          kernel_start                                                    0.000      0.000
dcp_mega_varlen          q_allgather_done                                                4.672      4.739
dcp_mega_varlen          attention_done                                                 66.336     66.592
dcp_mega_varlen          history_combine_done                                           73.712     74.115
dcp_mega_varlen          publish_done                                                   73.712     74.115
dcp_mega_varlen          receive_done                                                   78.784     82.637
dcp_mega_varlen          final_combine_done                                             82.016     86.016
dcp_mega_varlen          kernel_done                                                    82.320     86.326
dcp_mega_varlen          post_completion/q_done_to_publish_done                         69.312     69.699
dcp_mega_varlen          post_completion/publish_done_to_receive_done                    6.960     10.365
dcp_mega_varlen          post_completion/attention_done_to_history_combine_done          7.744      8.131
dcp_mega_varlen          post_completion/history_combine_done_to_final_combine_done     10.176     13.642
Wrote benchmark JSON to benchmark_logs/experiment_suite/dcp-suite/01_dcp_wave-b-timestamps-20260814-132129/results/arrival_1/dcp_2/critical_wave_auto_lpt/comm_sm_12/case_000019_dcp2_hkv4_eager.json

================================================================================
Mega comm_sm=12, case 21/100: case_000020_dcp2_hkv4: B=8, Sq=[16, 16, 16, 16, 16, 16, 16, 4096], Sk=[1552, 4077, 30520, 11078, 13329, 16775, 17897, 512], DCP=2, Hkv=4
================================================================================
Config: world_size=8, methods=['dcp_mega_varlen'], QH=32, KVH=4, D=128, TP=8, DCP=2, workload=chunk, execution=eager, baseline_phase_timing=False, warmup=40, iters=60, check=False
Workload: B=8, q_tokens=4208, history_tokens=95740, q_seqlens=[16, 16, 16, 16, 16, 16, 16, 4096], history_seqlens=[1552, 4077, 30520, 11078, 13329, 16775, 17897, 512]
Agg TFLOPS uses useful attention work across all TP ranks and p50(max_across_ranks); Avg/GPU divides it by world_size.
KV GB/s/GPU is average logical BF16 K+V bytes read per TP rank divided by p50(max_across_ranks); it is not hardware-counter HBM traffic.

Running B=8, q_tokens=4208, history_tokens=95740, causal=True

B=8, q_tokens=4208, history_tokens=95740, QH=32, KVH=4, D=128, TP=8, DCP=2, mode=causal
Method                   Time ms                                                                                                                                     Agg TFLOPS    Avg/GPU  KV GB/s/GPU      Check  Note
dcp_mega_varlen          t0=0.160, t1=0.159, t2=0.161, t3=0.160, t4=0.159, t5=0.159, t6=0.162, t7=0.158 | p50(max_across_ranks)=0.163, p90(max_across_ranks)=0.166       1206.5      150.8        163.5       skip  eager; output=bf16_ipc_a2a; runner_preallocated; timing=mega_kernel_only

Mega %globaltimer phase timestamps (per-iteration maximum across benchmark ranks, then p50/p90 across samples; us)
Method                   Phase                                                             p50        p90
dcp_mega_varlen          kernel_start                                                    0.000      0.000
dcp_mega_varlen          q_allgather_done                                               27.984     28.838
dcp_mega_varlen          attention_done                                                118.128    119.043
dcp_mega_varlen          history_combine_done                                          138.576    139.776
dcp_mega_varlen          publish_done                                                  138.576    139.776
dcp_mega_varlen          receive_done                                                  145.168    148.624
dcp_mega_varlen          final_combine_done                                            156.032    158.992
dcp_mega_varlen          kernel_done                                                   156.288    159.226
dcp_mega_varlen          post_completion/q_done_to_publish_done                        112.704    113.987
dcp_mega_varlen          post_completion/publish_done_to_receive_done                   10.176     12.707
dcp_mega_varlen          post_completion/attention_done_to_history_combine_done         21.456     22.214
dcp_mega_varlen          post_completion/history_combine_done_to_final_combine_done     21.056     24.128
Wrote benchmark JSON to benchmark_logs/experiment_suite/dcp-suite/01_dcp_wave-b-timestamps-20260814-132129/results/arrival_1/dcp_2/critical_wave_auto_lpt/comm_sm_12/case_000020_dcp2_hkv4_eager.json

================================================================================
Mega comm_sm=12, case 22/100: case_000021_dcp2_hkv4: B=12, Sq=[16, 16, 16, 16, 16, 16, 16, 16, 16, 16, 16, 16], Sk=[9888, 9186, 11590, 12261, 30146, 6585, 8044, 8879, 7492, 1319, 13416, 6870], DCP=2, Hkv=4
================================================================================
Config: world_size=8, methods=['dcp_mega_varlen'], QH=32, KVH=4, D=128, TP=8, DCP=2, workload=chunk, execution=eager, baseline_phase_timing=False, warmup=40, iters=60, check=False
Workload: B=12, q_tokens=192, history_tokens=125676, q_seqlens=[16, 16, 16, 16, 16, 16, 16, 16, 16, 16, 16, 16], history_seqlens=[9888, 9186, 11590, 12261, 30146, 6585, 8044, 8879, 7492, 1319, 13416, 6870]
Agg TFLOPS uses useful attention work across all TP ranks and p50(max_across_ranks); Avg/GPU divides it by world_size.
KV GB/s/GPU is average logical BF16 K+V bytes read per TP rank divided by p50(max_across_ranks); it is not hardware-counter HBM traffic.

Running B=12, q_tokens=192, history_tokens=125676, causal=True

B=12, q_tokens=192, history_tokens=125676, QH=32, KVH=4, D=128, TP=8, DCP=2, mode=causal
Method                   Time ms                                                                                                                                     Agg TFLOPS    Avg/GPU  KV GB/s/GPU      Check  Note
dcp_mega_varlen          t0=0.056, t1=0.054, t2=0.055, t3=0.054, t4=0.056, t5=0.054, t6=0.055, t7=0.055 | p50(max_across_ranks)=0.056, p90(max_across_ranks)=0.058        584.1       73.0        571.7       skip  eager; output=bf16_ipc_a2a; runner_preallocated; timing=mega_kernel_only

Mega %globaltimer phase timestamps (per-iteration maximum across benchmark ranks, then p50/p90 across samples; us)
Method                   Phase                                                             p50        p90
dcp_mega_varlen          kernel_start                                                    0.000      0.000
dcp_mega_varlen          q_allgather_done                                                4.448      4.579
dcp_mega_varlen          attention_done                                                 24.032     24.352
dcp_mega_varlen          history_combine_done                                           41.376     41.824
dcp_mega_varlen          publish_done                                                   41.376     41.824
dcp_mega_varlen          receive_done                                                   46.336     47.686
dcp_mega_varlen          final_combine_done                                             49.616     50.883
dcp_mega_varlen          kernel_done                                                    49.888     51.203
dcp_mega_varlen          post_completion/q_done_to_publish_done                         37.216     37.670
dcp_mega_varlen          post_completion/publish_done_to_receive_done                    6.592      7.779
dcp_mega_varlen          post_completion/attention_done_to_history_combine_done         17.728     18.051
dcp_mega_varlen          post_completion/history_combine_done_to_final_combine_done      9.840     10.925
Wrote benchmark JSON to benchmark_logs/experiment_suite/dcp-suite/01_dcp_wave-b-timestamps-20260814-132129/results/arrival_1/dcp_2/critical_wave_auto_lpt/comm_sm_12/case_000021_dcp2_hkv4_eager.json

================================================================================
Mega comm_sm=12, case 23/100: case_000022_dcp2_hkv4: B=9, Sq=[16, 16, 16, 16, 16, 16, 16, 16, 16], Sk=[12027, 4798, 6581, 4503, 12323, 4122, 13725, 5784, 21104], DCP=2, Hkv=4
================================================================================
Config: world_size=8, methods=['dcp_mega_varlen'], QH=32, KVH=4, D=128, TP=8, DCP=2, workload=chunk, execution=eager, baseline_phase_timing=False, warmup=40, iters=60, check=False
Workload: B=9, q_tokens=144, history_tokens=84967, q_seqlens=[16, 16, 16, 16, 16, 16, 16, 16, 16], history_seqlens=[12027, 4798, 6581, 4503, 12323, 4122, 13725, 5784, 21104]
Agg TFLOPS uses useful attention work across all TP ranks and p50(max_across_ranks); Avg/GPU divides it by world_size.
KV GB/s/GPU is average logical BF16 K+V bytes read per TP rank divided by p50(max_across_ranks); it is not hardware-counter HBM traffic.

Running B=9, q_tokens=144, history_tokens=84967, causal=True

B=9, q_tokens=144, history_tokens=84967, QH=32, KVH=4, D=128, TP=8, DCP=2, mode=causal
Method                   Time ms                                                                                                                                     Agg TFLOPS    Avg/GPU  KV GB/s/GPU      Check  Note
dcp_mega_varlen          t0=0.067, t1=0.065, t2=0.068, t3=0.067, t4=0.067, t5=0.067, t6=0.066, t7=0.066 | p50(max_across_ranks)=0.068, p90(max_across_ranks)=0.071        325.5       40.7        318.7       skip  eager; output=bf16_ipc_a2a; runner_preallocated; timing=mega_kernel_only

Mega %globaltimer phase timestamps (per-iteration maximum across benchmark ranks, then p50/p90 across samples; us)
Method                   Phase                                                             p50        p90
dcp_mega_varlen          kernel_start                                                    0.000      0.000
dcp_mega_varlen          q_allgather_done                                                4.096      4.192
dcp_mega_varlen          attention_done                                                 44.448     44.739
dcp_mega_varlen          history_combine_done                                           53.344     53.888
dcp_mega_varlen          publish_done                                                   53.344     53.888
dcp_mega_varlen          receive_done                                                   58.400     61.146
dcp_mega_varlen          final_combine_done                                             61.664     64.173
dcp_mega_varlen          kernel_done                                                    61.888     64.522
dcp_mega_varlen          post_completion/q_done_to_publish_done                         49.392     49.955
dcp_mega_varlen          post_completion/publish_done_to_receive_done                    7.216     10.080
dcp_mega_varlen          post_completion/attention_done_to_history_combine_done          9.456     10.051
dcp_mega_varlen          post_completion/history_combine_done_to_final_combine_done     10.416     13.107
Wrote benchmark JSON to benchmark_logs/experiment_suite/dcp-suite/01_dcp_wave-b-timestamps-20260814-132129/results/arrival_1/dcp_2/critical_wave_auto_lpt/comm_sm_12/case_000022_dcp2_hkv4_eager.json

================================================================================
Mega comm_sm=12, case 24/100: case_000023_dcp2_hkv4: B=9, Sq=[16, 16, 16, 16, 16, 16, 16, 16, 16], Sk=[12090, 4862, 6645, 4567, 12379, 4178, 13787, 5849, 21168], DCP=2, Hkv=4
================================================================================
Config: world_size=8, methods=['dcp_mega_varlen'], QH=32, KVH=4, D=128, TP=8, DCP=2, workload=chunk, execution=eager, baseline_phase_timing=False, warmup=40, iters=60, check=False
Workload: B=9, q_tokens=144, history_tokens=85525, q_seqlens=[16, 16, 16, 16, 16, 16, 16, 16, 16], history_seqlens=[12090, 4862, 6645, 4567, 12379, 4178, 13787, 5849, 21168]
Agg TFLOPS uses useful attention work across all TP ranks and p50(max_across_ranks); Avg/GPU divides it by world_size.
KV GB/s/GPU is average logical BF16 K+V bytes read per TP rank divided by p50(max_across_ranks); it is not hardware-counter HBM traffic.

Running B=9, q_tokens=144, history_tokens=85525, causal=True

B=9, q_tokens=144, history_tokens=85525, QH=32, KVH=4, D=128, TP=8, DCP=2, mode=causal
Method                   Time ms                                                                                                                                     Agg TFLOPS    Avg/GPU  KV GB/s/GPU      Check  Note
dcp_mega_varlen          t0=0.067, t1=0.066, t2=0.067, t3=0.068, t4=0.068, t5=0.068, t6=0.066, t7=0.067 | p50(max_across_ranks)=0.069, p90(max_across_ranks)=0.071        325.3       40.7        318.4       skip  eager; output=bf16_ipc_a2a; runner_preallocated; timing=mega_kernel_only

Mega %globaltimer phase timestamps (per-iteration maximum across benchmark ranks, then p50/p90 across samples; us)
Method                   Phase                                                             p50        p90
dcp_mega_varlen          kernel_start                                                    0.000      0.000
dcp_mega_varlen          q_allgather_done                                                4.208      4.320
dcp_mega_varlen          attention_done                                                 45.296     45.539
dcp_mega_varlen          history_combine_done                                           54.160     55.264
dcp_mega_varlen          publish_done                                                   54.160     55.264
dcp_mega_varlen          receive_done                                                   59.280     60.922
dcp_mega_varlen          final_combine_done                                             62.320     64.093
dcp_mega_varlen          kernel_done                                                    62.544     64.413
dcp_mega_varlen          post_completion/q_done_to_publish_done                         50.112     51.018
dcp_mega_varlen          post_completion/publish_done_to_receive_done                    7.360      8.624
dcp_mega_varlen          post_completion/attention_done_to_history_combine_done          9.552      9.987
dcp_mega_varlen          post_completion/history_combine_done_to_final_combine_done     10.464     11.693
Wrote benchmark JSON to benchmark_logs/experiment_suite/dcp-suite/01_dcp_wave-b-timestamps-20260814-132129/results/arrival_1/dcp_2/critical_wave_auto_lpt/comm_sm_12/case_000023_dcp2_hkv4_eager.json

================================================================================
Mega comm_sm=12, case 25/100: case_000024_dcp2_hkv4: B=5, Sq=[16, 16, 16, 16, 16], Sk=[6209, 1146, 1225, 7000, 901], DCP=2, Hkv=4
================================================================================
Config: world_size=8, methods=['dcp_mega_varlen'], QH=32, KVH=4, D=128, TP=8, DCP=2, workload=chunk, execution=eager, baseline_phase_timing=False, warmup=40, iters=60, check=False
Workload: B=5, q_tokens=80, history_tokens=16481, q_seqlens=[16, 16, 16, 16, 16], history_seqlens=[6209, 1146, 1225, 7000, 901]
Agg TFLOPS uses useful attention work across all TP ranks and p50(max_across_ranks); Avg/GPU divides it by world_size.
KV GB/s/GPU is average logical BF16 K+V bytes read per TP rank divided by p50(max_across_ranks); it is not hardware-counter HBM traffic.

Running B=5, q_tokens=80, history_tokens=16481, causal=True

B=5, q_tokens=80, history_tokens=16481, QH=32, KVH=4, D=128, TP=8, DCP=2, mode=causal
Method                   Time ms                                                                                                                                     Agg TFLOPS    Avg/GPU  KV GB/s/GPU      Check  Note
dcp_mega_varlen          t0=0.043, t1=0.041, t2=0.042, t3=0.042, t4=0.042, t5=0.042, t6=0.042, t7=0.042 | p50(max_across_ranks)=0.044, p90(max_across_ranks)=0.047         98.8       12.3         97.1       skip  eager; output=bf16_ipc_a2a; runner_preallocated; timing=mega_kernel_only

Mega %globaltimer phase timestamps (per-iteration maximum across benchmark ranks, then p50/p90 across samples; us)
Method                   Phase                                                             p50        p90
dcp_mega_varlen          kernel_start                                                    0.000      0.000
dcp_mega_varlen          q_allgather_done                                                3.936      4.000
dcp_mega_varlen          attention_done                                                 20.032     20.166
dcp_mega_varlen          history_combine_done                                           28.368     29.232
dcp_mega_varlen          publish_done                                                   28.368     29.232
dcp_mega_varlen          receive_done                                                   33.904     36.438
dcp_mega_varlen          final_combine_done                                             37.056     39.546
dcp_mega_varlen          kernel_done                                                    37.376     39.866
dcp_mega_varlen          post_completion/q_done_to_publish_done                         24.512     25.443
dcp_mega_varlen          post_completion/publish_done_to_receive_done                    6.656      8.720
dcp_mega_varlen          post_completion/attention_done_to_history_combine_done          8.496      9.709
dcp_mega_varlen          post_completion/history_combine_done_to_final_combine_done      9.792     11.885
Wrote benchmark JSON to benchmark_logs/experiment_suite/dcp-suite/01_dcp_wave-b-timestamps-20260814-132129/results/arrival_1/dcp_2/critical_wave_auto_lpt/comm_sm_12/case_000024_dcp2_hkv4_eager.json

================================================================================
Mega comm_sm=12, case 26/100: case_000025_dcp2_hkv4: B=10, Sq=[16, 16, 16, 16, 16, 16, 16, 16, 16, 16], Sk=[7303, 1223, 2435, 20873, 68107, 10730, 16428, 31930, 5353, 3085], DCP=2, Hkv=4
================================================================================
Config: world_size=8, methods=['dcp_mega_varlen'], QH=32, KVH=4, D=128, TP=8, DCP=2, workload=chunk, execution=eager, baseline_phase_timing=False, warmup=40, iters=60, check=False
Workload: B=10, q_tokens=160, history_tokens=167467, q_seqlens=[16, 16, 16, 16, 16, 16, 16, 16, 16, 16], history_seqlens=[7303, 1223, 2435, 20873, 68107, 10730, 16428, 31930, 5353, 3085]
Agg TFLOPS uses useful attention work across all TP ranks and p50(max_across_ranks); Avg/GPU divides it by world_size.
KV GB/s/GPU is average logical BF16 K+V bytes read per TP rank divided by p50(max_across_ranks); it is not hardware-counter HBM traffic.

Running B=10, q_tokens=160, history_tokens=167467, causal=True

B=10, q_tokens=160, history_tokens=167467, QH=32, KVH=4, D=128, TP=8, DCP=2, mode=causal
Method                   Time ms                                                                                                                                     Agg TFLOPS    Avg/GPU  KV GB/s/GPU      Check  Note
dcp_mega_varlen          t0=0.078, t1=0.077, t2=0.078, t3=0.077, t4=0.079, t5=0.078, t6=0.077, t7=0.078 | p50(max_across_ranks)=0.080, p90(max_across_ranks)=0.082        549.7       68.7        537.6       skip  eager; output=bf16_ipc_a2a; runner_preallocated; timing=mega_kernel_only

Mega %globaltimer phase timestamps (per-iteration maximum across benchmark ranks, then p50/p90 across samples; us)
Method                   Phase                                                             p50        p90
dcp_mega_varlen          kernel_start                                                    0.000      0.000
dcp_mega_varlen          q_allgather_done                                                4.608      4.704
dcp_mega_varlen          attention_done                                                 56.480     56.835
dcp_mega_varlen          history_combine_done                                           64.480     65.120
dcp_mega_varlen          publish_done                                                   64.480     65.120
dcp_mega_varlen          receive_done                                                   69.904     71.626
dcp_mega_varlen          final_combine_done                                             73.280     74.963
dcp_mega_varlen          kernel_done                                                    73.616     75.283
dcp_mega_varlen          post_completion/q_done_to_publish_done                         60.208     60.768
dcp_mega_varlen          post_completion/publish_done_to_receive_done                    6.784      9.402
dcp_mega_varlen          post_completion/attention_done_to_history_combine_done          8.848      9.408
dcp_mega_varlen          post_completion/history_combine_done_to_final_combine_done     10.272     12.899
Wrote benchmark JSON to benchmark_logs/experiment_suite/dcp-suite/01_dcp_wave-b-timestamps-20260814-132129/results/arrival_1/dcp_2/critical_wave_auto_lpt/comm_sm_12/case_000025_dcp2_hkv4_eager.json

================================================================================
Mega comm_sm=12, case 27/100: case_000026_dcp2_hkv4: B=6, Sq=[16, 16, 16, 16, 16, 16], Sk=[1435, 5011, 2505, 28514, 10352, 16922], DCP=2, Hkv=4
================================================================================
Config: world_size=8, methods=['dcp_mega_varlen'], QH=32, KVH=4, D=128, TP=8, DCP=2, workload=chunk, execution=eager, baseline_phase_timing=False, warmup=40, iters=60, check=False
Workload: B=6, q_tokens=96, history_tokens=64739, q_seqlens=[16, 16, 16, 16, 16, 16], history_seqlens=[1435, 5011, 2505, 28514, 10352, 16922]
Agg TFLOPS uses useful attention work across all TP ranks and p50(max_across_ranks); Avg/GPU divides it by world_size.
KV GB/s/GPU is average logical BF16 K+V bytes read per TP rank divided by p50(max_across_ranks); it is not hardware-counter HBM traffic.

Running B=6, q_tokens=96, history_tokens=64739, causal=True

B=6, q_tokens=96, history_tokens=64739, QH=32, KVH=4, D=128, TP=8, DCP=2, mode=causal
Method                   Time ms                                                                                                                                     Agg TFLOPS    Avg/GPU  KV GB/s/GPU      Check  Note
dcp_mega_varlen          t0=0.060, t1=0.059, t2=0.060, t3=0.061, t4=0.061, t5=0.061, t6=0.061, t7=0.060 | p50(max_across_ranks)=0.062, p90(max_across_ranks)=0.064        272.9       34.1        267.1       skip  eager; output=bf16_ipc_a2a; runner_preallocated; timing=mega_kernel_only

Mega %globaltimer phase timestamps (per-iteration maximum across benchmark ranks, then p50/p90 across samples; us)
Method                   Phase                                                             p50        p90
dcp_mega_varlen          kernel_start                                                    0.000      0.000
dcp_mega_varlen          q_allgather_done                                                3.968      4.032
dcp_mega_varlen          attention_done                                                 38.944     39.264
dcp_mega_varlen          history_combine_done                                           46.816     47.494
dcp_mega_varlen          publish_done                                                   46.816     47.494
dcp_mega_varlen          receive_done                                                   52.416     53.510
dcp_mega_varlen          final_combine_done                                             55.472     56.662
dcp_mega_varlen          kernel_done                                                    55.808     56.982
dcp_mega_varlen          post_completion/q_done_to_publish_done                         42.912     43.654
dcp_mega_varlen          post_completion/publish_done_to_receive_done                    7.008      8.381
dcp_mega_varlen          post_completion/attention_done_to_history_combine_done          8.576      9.219
dcp_mega_varlen          post_completion/history_combine_done_to_final_combine_done     10.080     11.341
Wrote benchmark JSON to benchmark_logs/experiment_suite/dcp-suite/01_dcp_wave-b-timestamps-20260814-132129/results/arrival_1/dcp_2/critical_wave_auto_lpt/comm_sm_12/case_000026_dcp2_hkv4_eager.json

================================================================================
Mega comm_sm=12, case 28/100: case_000027_dcp2_hkv4: B=11, Sq=[16, 16, 16, 16, 16, 16, 16, 16, 16, 16, 16], Sk=[4171, 26467, 4934, 55749, 3527, 3265, 19309, 14221, 12172, 3108, 7672], DCP=2, Hkv=4
================================================================================
Config: world_size=8, methods=['dcp_mega_varlen'], QH=32, KVH=4, D=128, TP=8, DCP=2, workload=chunk, execution=eager, baseline_phase_timing=False, warmup=40, iters=60, check=False
Workload: B=11, q_tokens=176, history_tokens=154595, q_seqlens=[16, 16, 16, 16, 16, 16, 16, 16, 16, 16, 16], history_seqlens=[4171, 26467, 4934, 55749, 3527, 3265, 19309, 14221, 12172, 3108, 7672]
Agg TFLOPS uses useful attention work across all TP ranks and p50(max_across_ranks); Avg/GPU divides it by world_size.
KV GB/s/GPU is average logical BF16 K+V bytes read per TP rank divided by p50(max_across_ranks); it is not hardware-counter HBM traffic.

Running B=11, q_tokens=176, history_tokens=154595, causal=True

B=11, q_tokens=176, history_tokens=154595, QH=32, KVH=4, D=128, TP=8, DCP=2, mode=causal
Method                   Time ms                                                                                                                                     Agg TFLOPS    Avg/GPU  KV GB/s/GPU      Check  Note
dcp_mega_varlen          t0=0.068, t1=0.067, t2=0.068, t3=0.066, t4=0.067, t5=0.067, t6=0.065, t7=0.067 | p50(max_across_ranks)=0.068, p90(max_across_ranks)=0.069        593.8       74.2        580.9       skip  eager; output=bf16_ipc_a2a; runner_preallocated; timing=mega_kernel_only

Mega %globaltimer phase timestamps (per-iteration maximum across benchmark ranks, then p50/p90 across samples; us)
Method                   Phase                                                             p50        p90
dcp_mega_varlen          kernel_start                                                    0.000      0.000
dcp_mega_varlen          q_allgather_done                                                4.544      4.643
dcp_mega_varlen          attention_done                                                 28.704     29.344
dcp_mega_varlen          history_combine_done                                           53.744     54.160
dcp_mega_varlen          publish_done                                                   53.744     54.160
dcp_mega_varlen          receive_done                                                   58.320     58.989
dcp_mega_varlen          final_combine_done                                             61.536     62.374
dcp_mega_varlen          kernel_done                                                    61.792     62.688
dcp_mega_varlen          post_completion/q_done_to_publish_done                         49.424     49.888
dcp_mega_varlen          post_completion/publish_done_to_receive_done                    7.088      7.846
dcp_mega_varlen          post_completion/attention_done_to_history_combine_done         25.504     25.920
dcp_mega_varlen          post_completion/history_combine_done_to_final_combine_done     10.368     11.046
Wrote benchmark JSON to benchmark_logs/experiment_suite/dcp-suite/01_dcp_wave-b-timestamps-20260814-132129/results/arrival_1/dcp_2/critical_wave_auto_lpt/comm_sm_12/case_000027_dcp2_hkv4_eager.json

================================================================================
Mega comm_sm=12, case 29/100: case_000028_dcp2_hkv4: B=6, Sq=[16, 16, 16, 16, 16, 16], Sk=[47765, 30576, 2389, 12859, 1027, 11068], DCP=2, Hkv=4
================================================================================
Config: world_size=8, methods=['dcp_mega_varlen'], QH=32, KVH=4, D=128, TP=8, DCP=2, workload=chunk, execution=eager, baseline_phase_timing=False, warmup=40, iters=60, check=False
Workload: B=6, q_tokens=96, history_tokens=105684, q_seqlens=[16, 16, 16, 16, 16, 16], history_seqlens=[47765, 30576, 2389, 12859, 1027, 11068]
Agg TFLOPS uses useful attention work across all TP ranks and p50(max_across_ranks); Avg/GPU divides it by world_size.
KV GB/s/GPU is average logical BF16 K+V bytes read per TP rank divided by p50(max_across_ranks); it is not hardware-counter HBM traffic.

Running B=6, q_tokens=96, history_tokens=105684, causal=True

B=6, q_tokens=96, history_tokens=105684, QH=32, KVH=4, D=128, TP=8, DCP=2, mode=causal
Method                   Time ms                                                                                                                                     Agg TFLOPS    Avg/GPU  KV GB/s/GPU      Check  Note
dcp_mega_varlen          t0=0.087, t1=0.086, t2=0.087, t3=0.086, t4=0.087, t5=0.087, t6=0.087, t7=0.085 | p50(max_across_ranks)=0.088, p90(max_across_ranks)=0.089        313.8       39.2        306.9       skip  eager; output=bf16_ipc_a2a; runner_preallocated; timing=mega_kernel_only

Mega %globaltimer phase timestamps (per-iteration maximum across benchmark ranks, then p50/p90 across samples; us)
Method                   Phase                                                             p50        p90
dcp_mega_varlen          kernel_start                                                    0.000      0.000
dcp_mega_varlen          q_allgather_done                                                4.192      4.291
dcp_mega_varlen          attention_done                                                 65.536     65.763
dcp_mega_varlen          history_combine_done                                           73.104     73.632
dcp_mega_varlen          publish_done                                                   73.104     73.632
dcp_mega_varlen          receive_done                                                   78.144     79.123
dcp_mega_varlen          final_combine_done                                             81.520     82.518
dcp_mega_varlen          kernel_done                                                    81.856     82.838
dcp_mega_varlen          post_completion/q_done_to_publish_done                         69.232     69.667
dcp_mega_varlen          post_completion/publish_done_to_receive_done                    6.880      8.195
dcp_mega_varlen          post_completion/attention_done_to_history_combine_done          8.320      8.611
dcp_mega_varlen          post_completion/history_combine_done_to_final_combine_done     10.112     11.558
Wrote benchmark JSON to benchmark_logs/experiment_suite/dcp-suite/01_dcp_wave-b-timestamps-20260814-132129/results/arrival_1/dcp_2/critical_wave_auto_lpt/comm_sm_12/case_000028_dcp2_hkv4_eager.json

================================================================================
Mega comm_sm=12, case 30/100: case_000029_dcp2_hkv4: B=13, Sq=[16, 16, 16, 16, 16, 16, 16, 16, 16, 16, 16, 16, 16], Sk=[6077, 1224, 4883, 5548, 6682, 9784, 2624, 1101, 1452, 14151, 7081, 94799, 10879], DCP=2, Hkv=4
================================================================================
Config: world_size=8, methods=['dcp_mega_varlen'], QH=32, KVH=4, D=128, TP=8, DCP=2, workload=chunk, execution=eager, baseline_phase_timing=False, warmup=40, iters=60, check=False
Workload: B=13, q_tokens=208, history_tokens=166285, q_seqlens=[16, 16, 16, 16, 16, 16, 16, 16, 16, 16, 16, 16, 16], history_seqlens=[6077, 1224, 4883, 5548, 6682, 9784, 2624, 1101, 1452, 14151, 7081, 94799, 10879]
Agg TFLOPS uses useful attention work across all TP ranks and p50(max_across_ranks); Avg/GPU divides it by world_size.
KV GB/s/GPU is average logical BF16 K+V bytes read per TP rank divided by p50(max_across_ranks); it is not hardware-counter HBM traffic.

Running B=13, q_tokens=208, history_tokens=166285, causal=True

B=13, q_tokens=208, history_tokens=166285, QH=32, KVH=4, D=128, TP=8, DCP=2, mode=causal
Method                   Time ms                                                                                                                                     Agg TFLOPS    Avg/GPU  KV GB/s/GPU      Check  Note
dcp_mega_varlen          t0=0.085, t1=0.082, t2=0.084, t3=0.085, t4=0.085, t5=0.085, t6=0.083, t7=0.083 | p50(max_across_ranks)=0.086, p90(max_across_ranks)=0.091        509.8       63.7        498.7       skip  eager; output=bf16_ipc_a2a; runner_preallocated; timing=mega_kernel_only

Mega %globaltimer phase timestamps (per-iteration maximum across benchmark ranks, then p50/p90 across samples; us)
Method                   Phase                                                             p50        p90
dcp_mega_varlen          kernel_start                                                    0.000      0.000
dcp_mega_varlen          q_allgather_done                                                4.608      4.710
dcp_mega_varlen          attention_done                                                 64.544     64.800
dcp_mega_varlen          history_combine_done                                           70.032     70.368
dcp_mega_varlen          publish_done                                                   70.032     70.368
dcp_mega_varlen          receive_done                                                   75.408     80.544
dcp_mega_varlen          final_combine_done                                             78.800     83.718
dcp_mega_varlen          kernel_done                                                    79.088     83.984
dcp_mega_varlen          post_completion/q_done_to_publish_done                         65.664     65.958
dcp_mega_varlen          post_completion/publish_done_to_receive_done                    7.072     12.416
dcp_mega_varlen          post_completion/attention_done_to_history_combine_done          5.856      5.952
dcp_mega_varlen          post_completion/history_combine_done_to_final_combine_done     10.256     15.590
Wrote benchmark JSON to benchmark_logs/experiment_suite/dcp-suite/01_dcp_wave-b-timestamps-20260814-132129/results/arrival_1/dcp_2/critical_wave_auto_lpt/comm_sm_12/case_000029_dcp2_hkv4_eager.json

================================================================================
Mega comm_sm=12, case 31/100: case_000030_dcp2_hkv4: B=10, Sq=[16, 16, 16, 16, 16, 16, 16, 16, 16, 16], Sk=[2868, 1930, 8020, 39268, 7856, 16626, 4909, 4124, 3111, 958], DCP=2, Hkv=4
================================================================================
Config: world_size=8, methods=['dcp_mega_varlen'], QH=32, KVH=4, D=128, TP=8, DCP=2, workload=chunk, execution=eager, baseline_phase_timing=False, warmup=40, iters=60, check=False
Workload: B=10, q_tokens=160, history_tokens=89670, q_seqlens=[16, 16, 16, 16, 16, 16, 16, 16, 16, 16], history_seqlens=[2868, 1930, 8020, 39268, 7856, 16626, 4909, 4124, 3111, 958]
Agg TFLOPS uses useful attention work across all TP ranks and p50(max_across_ranks); Avg/GPU divides it by world_size.
KV GB/s/GPU is average logical BF16 K+V bytes read per TP rank divided by p50(max_across_ranks); it is not hardware-counter HBM traffic.

Running B=10, q_tokens=160, history_tokens=89670, causal=True

B=10, q_tokens=160, history_tokens=89670, QH=32, KVH=4, D=128, TP=8, DCP=2, mode=causal
Method                   Time ms                                                                                                                                     Agg TFLOPS    Avg/GPU  KV GB/s/GPU      Check  Note
dcp_mega_varlen          t0=0.072, t1=0.070, t2=0.072, t3=0.071, t4=0.072, t5=0.072, t6=0.072, t7=0.071 | p50(max_across_ranks)=0.072, p90(max_across_ranks)=0.074        324.6       40.6        317.8       skip  eager; output=bf16_ipc_a2a; runner_preallocated; timing=mega_kernel_only

Mega %globaltimer phase timestamps (per-iteration maximum across benchmark ranks, then p50/p90 across samples; us)
Method                   Phase                                                             p50        p90
dcp_mega_varlen          kernel_start                                                    0.000      0.000
dcp_mega_varlen          q_allgather_done                                                4.192      4.320
dcp_mega_varlen          attention_done                                                 51.728     52.131
dcp_mega_varlen          history_combine_done                                           57.568     57.888
dcp_mega_varlen          publish_done                                                   57.568     57.888
dcp_mega_varlen          receive_done                                                   62.480     64.019
dcp_mega_varlen          final_combine_done                                             65.760     67.402
dcp_mega_varlen          kernel_done                                                    66.016     67.715
dcp_mega_varlen          post_completion/q_done_to_publish_done                         53.456     53.795
dcp_mega_varlen          post_completion/publish_done_to_receive_done                    6.080      7.398
dcp_mega_varlen          post_completion/attention_done_to_history_combine_done          5.888      6.221
dcp_mega_varlen          post_completion/history_combine_done_to_final_combine_done      9.248     10.461
Wrote benchmark JSON to benchmark_logs/experiment_suite/dcp-suite/01_dcp_wave-b-timestamps-20260814-132129/results/arrival_1/dcp_2/critical_wave_auto_lpt/comm_sm_12/case_000030_dcp2_hkv4_eager.json

================================================================================
Mega comm_sm=12, case 32/100: case_000031_dcp2_hkv4: B=6, Sq=[16, 16, 16, 16, 16, 16], Sk=[1462, 7233, 15574, 1119, 13357, 12440], DCP=2, Hkv=4
================================================================================
Config: world_size=8, methods=['dcp_mega_varlen'], QH=32, KVH=4, D=128, TP=8, DCP=2, workload=chunk, execution=eager, baseline_phase_timing=False, warmup=40, iters=60, check=False
Workload: B=6, q_tokens=96, history_tokens=51185, q_seqlens=[16, 16, 16, 16, 16, 16], history_seqlens=[1462, 7233, 15574, 1119, 13357, 12440]
Agg TFLOPS uses useful attention work across all TP ranks and p50(max_across_ranks); Avg/GPU divides it by world_size.
KV GB/s/GPU is average logical BF16 K+V bytes read per TP rank divided by p50(max_across_ranks); it is not hardware-counter HBM traffic.

Running B=6, q_tokens=96, history_tokens=51185, causal=True

B=6, q_tokens=96, history_tokens=51185, QH=32, KVH=4, D=128, TP=8, DCP=2, mode=causal
Method                   Time ms                                                                                                                                     Agg TFLOPS    Avg/GPU  KV GB/s/GPU      Check  Note
dcp_mega_varlen          t0=0.056, t1=0.055, t2=0.056, t3=0.056, t4=0.056, t5=0.056, t6=0.056, t7=0.056 | p50(max_across_ranks)=0.057, p90(max_across_ranks)=0.059        234.8       29.4        229.9       skip  eager; output=bf16_ipc_a2a; runner_preallocated; timing=mega_kernel_only

Mega %globaltimer phase timestamps (per-iteration maximum across benchmark ranks, then p50/p90 across samples; us)
Method                   Phase                                                             p50        p90
dcp_mega_varlen          kernel_start                                                    0.000      0.000
dcp_mega_varlen          q_allgather_done                                                3.968      4.064
dcp_mega_varlen          attention_done                                                 33.600     33.827
dcp_mega_varlen          history_combine_done                                           42.016     42.531
dcp_mega_varlen          publish_done                                                   42.016     42.531
dcp_mega_varlen          receive_done                                                   47.344     49.101
dcp_mega_varlen          final_combine_done                                             50.448     52.106
dcp_mega_varlen          kernel_done                                                    50.768     52.416
dcp_mega_varlen          post_completion/q_done_to_publish_done                         38.144     38.691
dcp_mega_varlen          post_completion/publish_done_to_receive_done                    6.832      8.963
dcp_mega_varlen          post_completion/attention_done_to_history_combine_done          8.960      9.507
dcp_mega_varlen          post_completion/history_combine_done_to_final_combine_done      9.808     11.917
Wrote benchmark JSON to benchmark_logs/experiment_suite/dcp-suite/01_dcp_wave-b-timestamps-20260814-132129/results/arrival_1/dcp_2/critical_wave_auto_lpt/comm_sm_12/case_000031_dcp2_hkv4_eager.json

================================================================================
Mega comm_sm=12, case 33/100: case_000032_dcp2_hkv4: B=6, Sq=[16, 16, 16, 16, 16, 4096], Sk=[1701, 4041, 1060, 3030, 15752, 82432], DCP=2, Hkv=4
================================================================================
Config: world_size=8, methods=['dcp_mega_varlen'], QH=32, KVH=4, D=128, TP=8, DCP=2, workload=chunk, execution=eager, baseline_phase_timing=False, warmup=40, iters=60, check=False
Workload: B=6, q_tokens=4176, history_tokens=108016, q_seqlens=[16, 16, 16, 16, 16, 4096], history_seqlens=[1701, 4041, 1060, 3030, 15752, 82432]
Agg TFLOPS uses useful attention work across all TP ranks and p50(max_across_ranks); Avg/GPU divides it by world_size.
KV GB/s/GPU is average logical BF16 K+V bytes read per TP rank divided by p50(max_across_ranks); it is not hardware-counter HBM traffic.

Running B=6, q_tokens=4176, history_tokens=108016, causal=True

B=6, q_tokens=4176, history_tokens=108016, QH=32, KVH=4, D=128, TP=8, DCP=2, mode=causal
Method                   Time ms                                                                                                                                     Agg TFLOPS    Avg/GPU  KV GB/s/GPU      Check  Note
dcp_mega_varlen          t0=1.367, t1=1.358, t2=1.365, t3=1.358, t4=1.374, t5=1.371, t6=1.380, t7=1.368 | p50(max_across_ranks)=1.381, p90(max_across_ranks)=1.387       4110.2      513.8         21.6       skip  eager; output=bf16_ipc_a2a; runner_preallocated; timing=mega_kernel_only

Mega %globaltimer phase timestamps (per-iteration maximum across benchmark ranks, then p50/p90 across samples; us)
Method                   Phase                                                             p50        p90
dcp_mega_varlen          kernel_start                                                    0.000      0.000
dcp_mega_varlen          q_allgather_done                                               29.904     30.752
dcp_mega_varlen          attention_done                                               1339.440   1342.976
dcp_mega_varlen          history_combine_done                                         1356.272   1360.611
dcp_mega_varlen          publish_done                                                 1356.272   1360.611
dcp_mega_varlen          receive_done                                                 1363.584   1369.130
dcp_mega_varlen          final_combine_done                                           1373.728   1379.264
dcp_mega_varlen          kernel_done                                                  1374.016   1379.501
dcp_mega_varlen          post_completion/q_done_to_publish_done                       1329.824   1333.917
dcp_mega_varlen          post_completion/publish_done_to_receive_done                   24.496     29.779
dcp_mega_varlen          post_completion/attention_done_to_history_combine_done         18.176     19.114
dcp_mega_varlen          post_completion/history_combine_done_to_final_combine_done     34.800     40.042
Wrote benchmark JSON to benchmark_logs/experiment_suite/dcp-suite/01_dcp_wave-b-timestamps-20260814-132129/results/arrival_1/dcp_2/critical_wave_auto_lpt/comm_sm_12/case_000032_dcp2_hkv4_eager.json

================================================================================
Mega comm_sm=12, case 34/100: case_000033_dcp2_hkv4: B=6, Sq=[16, 16, 16, 16, 16, 16], Sk=[38987, 1291, 16840, 1638, 2346, 11835], DCP=2, Hkv=4
================================================================================
Config: world_size=8, methods=['dcp_mega_varlen'], QH=32, KVH=4, D=128, TP=8, DCP=2, workload=chunk, execution=eager, baseline_phase_timing=False, warmup=40, iters=60, check=False
Workload: B=6, q_tokens=96, history_tokens=72937, q_seqlens=[16, 16, 16, 16, 16, 16], history_seqlens=[38987, 1291, 16840, 1638, 2346, 11835]
Agg TFLOPS uses useful attention work across all TP ranks and p50(max_across_ranks); Avg/GPU divides it by world_size.
KV GB/s/GPU is average logical BF16 K+V bytes read per TP rank divided by p50(max_across_ranks); it is not hardware-counter HBM traffic.

Running B=6, q_tokens=96, history_tokens=72937, causal=True

B=6, q_tokens=96, history_tokens=72937, QH=32, KVH=4, D=128, TP=8, DCP=2, mode=causal
Method                   Time ms                                                                                                                                     Agg TFLOPS    Avg/GPU  KV GB/s/GPU      Check  Note
dcp_mega_varlen          t0=0.064, t1=0.063, t2=0.062, t3=0.064, t4=0.065, t5=0.065, t6=0.065, t7=0.064 | p50(max_across_ranks)=0.066, p90(max_across_ranks)=0.067        290.7       36.3        284.5       skip  eager; output=bf16_ipc_a2a; runner_preallocated; timing=mega_kernel_only

Mega %globaltimer phase timestamps (per-iteration maximum across benchmark ranks, then p50/p90 across samples; us)
Method                   Phase                                                             p50        p90
dcp_mega_varlen          kernel_start                                                    0.000      0.000
dcp_mega_varlen          q_allgather_done                                                4.032      4.128
dcp_mega_varlen          attention_done                                                 43.584     44.032
dcp_mega_varlen          history_combine_done                                           50.640     51.014
dcp_mega_varlen          publish_done                                                   50.640     51.014
dcp_mega_varlen          receive_done                                                   55.984     57.856
dcp_mega_varlen          final_combine_done                                             59.200     60.787
dcp_mega_varlen          kernel_done                                                    59.456     61.021
dcp_mega_varlen          post_completion/q_done_to_publish_done                         46.704     47.075
dcp_mega_varlen          post_completion/publish_done_to_receive_done                    6.864      9.715
dcp_mega_varlen          post_completion/attention_done_to_history_combine_done          7.584      8.003
dcp_mega_varlen          post_completion/history_combine_done_to_final_combine_done     10.016     12.758
Wrote benchmark JSON to benchmark_logs/experiment_suite/dcp-suite/01_dcp_wave-b-timestamps-20260814-132129/results/arrival_1/dcp_2/critical_wave_auto_lpt/comm_sm_12/case_000033_dcp2_hkv4_eager.json

================================================================================
Mega comm_sm=12, case 35/100: case_000034_dcp2_hkv4: B=4, Sq=[16, 16, 16, 16], Sk=[6336, 16275, 39633, 3157], DCP=2, Hkv=4
================================================================================
Config: world_size=8, methods=['dcp_mega_varlen'], QH=32, KVH=4, D=128, TP=8, DCP=2, workload=chunk, execution=eager, baseline_phase_timing=False, warmup=40, iters=60, check=False
Workload: B=4, q_tokens=64, history_tokens=65401, q_seqlens=[16, 16, 16, 16], history_seqlens=[6336, 16275, 39633, 3157]
Agg TFLOPS uses useful attention work across all TP ranks and p50(max_across_ranks); Avg/GPU divides it by world_size.
KV GB/s/GPU is average logical BF16 K+V bytes read per TP rank divided by p50(max_across_ranks); it is not hardware-counter HBM traffic.

Running B=4, q_tokens=64, history_tokens=65401, causal=True

B=4, q_tokens=64, history_tokens=65401, QH=32, KVH=4, D=128, TP=8, DCP=2, mode=causal
Method                   Time ms                                                                                                                                     Agg TFLOPS    Avg/GPU  KV GB/s/GPU      Check  Note
dcp_mega_varlen          t0=0.065, t1=0.063, t2=0.064, t3=0.064, t4=0.064, t5=0.064, t6=0.064, t7=0.064 | p50(max_across_ranks)=0.066, p90(max_across_ranks)=0.066        261.4       32.7        255.6       skip  eager; output=bf16_ipc_a2a; runner_preallocated; timing=mega_kernel_only

Mega %globaltimer phase timestamps (per-iteration maximum across benchmark ranks, then p50/p90 across samples; us)
Method                   Phase                                                             p50        p90
dcp_mega_varlen          kernel_start                                                    0.000      0.000
dcp_mega_varlen          q_allgather_done                                                3.904      3.971
dcp_mega_varlen          attention_done                                                 44.080     44.256
dcp_mega_varlen          history_combine_done                                           50.480     50.723
dcp_mega_varlen          publish_done                                                   50.480     50.723
dcp_mega_varlen          receive_done                                                   55.696     56.547
dcp_mega_varlen          final_combine_done                                             58.816     59.779
dcp_mega_varlen          kernel_done                                                    59.152     60.131
dcp_mega_varlen          post_completion/q_done_to_publish_done                         46.656     46.883
dcp_mega_varlen          post_completion/publish_done_to_receive_done                    6.288      7.590
dcp_mega_varlen          post_completion/attention_done_to_history_combine_done          6.704      7.011
dcp_mega_varlen          post_completion/history_combine_done_to_final_combine_done      9.408     10.675
Wrote benchmark JSON to benchmark_logs/experiment_suite/dcp-suite/01_dcp_wave-b-timestamps-20260814-132129/results/arrival_1/dcp_2/critical_wave_auto_lpt/comm_sm_12/case_000034_dcp2_hkv4_eager.json

================================================================================
Mega comm_sm=12, case 36/100: case_000035_dcp2_hkv4: B=6, Sq=[16, 16, 16, 16, 16, 16], Sk=[15926, 10119, 1428, 11258, 993, 12791], DCP=2, Hkv=4
================================================================================
Config: world_size=8, methods=['dcp_mega_varlen'], QH=32, KVH=4, D=128, TP=8, DCP=2, workload=chunk, execution=eager, baseline_phase_timing=False, warmup=40, iters=60, check=False
Workload: B=6, q_tokens=96, history_tokens=52515, q_seqlens=[16, 16, 16, 16, 16, 16], history_seqlens=[15926, 10119, 1428, 11258, 993, 12791]
Agg TFLOPS uses useful attention work across all TP ranks and p50(max_across_ranks); Avg/GPU divides it by world_size.
KV GB/s/GPU is average logical BF16 K+V bytes read per TP rank divided by p50(max_across_ranks); it is not hardware-counter HBM traffic.

Running B=6, q_tokens=96, history_tokens=52515, causal=True

B=6, q_tokens=96, history_tokens=52515, QH=32, KVH=4, D=128, TP=8, DCP=2, mode=causal
Method                   Time ms                                                                                                                                     Agg TFLOPS    Avg/GPU  KV GB/s/GPU      Check  Note
dcp_mega_varlen          t0=0.063, t1=0.062, t2=0.063, t3=0.062, t4=0.061, t5=0.062, t6=0.062, t7=0.062 | p50(max_across_ranks)=0.064, p90(max_across_ranks)=0.066        216.2       27.0        211.7       skip  eager; output=bf16_ipc_a2a; runner_preallocated; timing=mega_kernel_only

Mega %globaltimer phase timestamps (per-iteration maximum across benchmark ranks, then p50/p90 across samples; us)
Method                   Phase                                                             p50        p90
dcp_mega_varlen          kernel_start                                                    0.000      0.000
dcp_mega_varlen          q_allgather_done                                                3.984      4.032
dcp_mega_varlen          attention_done                                                 40.640     40.870
dcp_mega_varlen          history_combine_done                                           48.256     49.360
dcp_mega_varlen          publish_done                                                   48.256     49.360
dcp_mega_varlen          receive_done                                                   53.680     55.619
dcp_mega_varlen          final_combine_done                                             56.736     58.797
dcp_mega_varlen          kernel_done                                                    56.992     59.107
dcp_mega_varlen          post_completion/q_done_to_publish_done                         44.496     45.539
dcp_mega_varlen          post_completion/publish_done_to_receive_done                    6.912      9.094
dcp_mega_varlen          post_completion/attention_done_to_history_combine_done          8.176      9.059
dcp_mega_varlen          post_completion/history_combine_done_to_final_combine_done     10.016     12.093
Wrote benchmark JSON to benchmark_logs/experiment_suite/dcp-suite/01_dcp_wave-b-timestamps-20260814-132129/results/arrival_1/dcp_2/critical_wave_auto_lpt/comm_sm_12/case_000035_dcp2_hkv4_eager.json

================================================================================
Mega comm_sm=12, case 37/100: case_000036_dcp2_hkv4: B=9, Sq=[16, 16, 16, 16, 16, 16, 16, 16, 16], Sk=[1254, 10326, 15527, 1617, 26752, 24284, 6915, 91704, 11997], DCP=2, Hkv=4
================================================================================
Config: world_size=8, methods=['dcp_mega_varlen'], QH=32, KVH=4, D=128, TP=8, DCP=2, workload=chunk, execution=eager, baseline_phase_timing=False, warmup=40, iters=60, check=False
Workload: B=9, q_tokens=144, history_tokens=190376, q_seqlens=[16, 16, 16, 16, 16, 16, 16, 16, 16], history_seqlens=[1254, 10326, 15527, 1617, 26752, 24284, 6915, 91704, 11997]
Agg TFLOPS uses useful attention work across all TP ranks and p50(max_across_ranks); Avg/GPU divides it by world_size.
KV GB/s/GPU is average logical BF16 K+V bytes read per TP rank divided by p50(max_across_ranks); it is not hardware-counter HBM traffic.

Running B=9, q_tokens=144, history_tokens=190376, causal=True

B=9, q_tokens=144, history_tokens=190376, QH=32, KVH=4, D=128, TP=8, DCP=2, mode=causal
Method                   Time ms                                                                                                                                     Agg TFLOPS    Avg/GPU  KV GB/s/GPU      Check  Note
dcp_mega_varlen          t0=0.087, t1=0.086, t2=0.088, t3=0.086, t4=0.086, t5=0.085, t6=0.087, t7=0.086 | p50(max_across_ranks)=0.088, p90(max_across_ranks)=0.093        566.0       70.8        553.4       skip  eager; output=bf16_ipc_a2a; runner_preallocated; timing=mega_kernel_only

Mega %globaltimer phase timestamps (per-iteration maximum across benchmark ranks, then p50/p90 across samples; us)
Method                   Phase                                                             p50        p90
dcp_mega_varlen          kernel_start                                                    0.000      0.000
dcp_mega_varlen          q_allgather_done                                                4.640      4.832
dcp_mega_varlen          attention_done                                                 66.672     67.075
dcp_mega_varlen          history_combine_done                                           72.368     72.835
dcp_mega_varlen          publish_done                                                   72.368     72.835
dcp_mega_varlen          receive_done                                                   77.728     82.784
dcp_mega_varlen          final_combine_done                                             81.104     86.234
dcp_mega_varlen          kernel_done                                                    81.408     86.554
dcp_mega_varlen          post_completion/q_done_to_publish_done                         67.936     68.288
dcp_mega_varlen          post_completion/publish_done_to_receive_done                    6.416     11.098
dcp_mega_varlen          post_completion/attention_done_to_history_combine_done          6.016      6.246
dcp_mega_varlen          post_completion/history_combine_done_to_final_combine_done      9.888     14.547
Wrote benchmark JSON to benchmark_logs/experiment_suite/dcp-suite/01_dcp_wave-b-timestamps-20260814-132129/results/arrival_1/dcp_2/critical_wave_auto_lpt/comm_sm_12/case_000036_dcp2_hkv4_eager.json

================================================================================
Mega comm_sm=12, case 38/100: case_000037_dcp2_hkv4: B=19, Sq=[16, 16, 16, 16, 16, 16, 16, 16, 16, 16, 16, 16, 16, 16, 16, 16, 16, 16, 512], Sk=[40330, 4043, 24158, 2515, 11719, 22523, 5961, 7685, 5265, 7287, 6877, 11475, 15710, 19440, 66324, 1516, 32750, 31159, 32256], DCP=2, Hkv=4
================================================================================
Config: world_size=8, methods=['dcp_mega_varlen'], QH=32, KVH=4, D=128, TP=8, DCP=2, workload=chunk, execution=eager, baseline_phase_timing=False, warmup=40, iters=60, check=False
Workload: B=19, q_tokens=800, history_tokens=348993, q_seqlens=[16, 16, 16, 16, 16, 16, 16, 16, 16, 16, 16, 16, 16, 16, 16, 16, 16, 16, 512], history_seqlens=[40330, 4043, 24158, 2515, 11719, 22523, 5961, 7685, 5265, 7287, 6877, 11475, 15710, 19440, 66324, 1516, 32750, 31159, 32256]
Agg TFLOPS uses useful attention work across all TP ranks and p50(max_across_ranks); Avg/GPU divides it by world_size.
KV GB/s/GPU is average logical BF16 K+V bytes read per TP rank divided by p50(max_across_ranks); it is not hardware-counter HBM traffic.

Running B=19, q_tokens=800, history_tokens=348993, causal=True

B=19, q_tokens=800, history_tokens=348993, QH=32, KVH=4, D=128, TP=8, DCP=2, mode=causal
Method                   Time ms                                                                                                                                     Agg TFLOPS    Avg/GPU  KV GB/s/GPU      Check  Note
dcp_mega_varlen          t0=0.144, t1=0.142, t2=0.142, t3=0.141, t4=0.142, t5=0.143, t6=0.143, t7=0.140 | p50(max_across_ranks)=0.144, p90(max_across_ranks)=0.147       2467.0      308.4        622.3       skip  eager; output=bf16_ipc_a2a; runner_preallocated; timing=mega_kernel_only

Mega %globaltimer phase timestamps (per-iteration maximum across benchmark ranks, then p50/p90 across samples; us)
Method                   Phase                                                             p50        p90
dcp_mega_varlen          kernel_start                                                    0.000      0.000
dcp_mega_varlen          q_allgather_done                                                8.384      8.611
dcp_mega_varlen          attention_done                                                122.240    123.021
dcp_mega_varlen          history_combine_done                                          128.288    129.094
dcp_mega_varlen          publish_done                                                  128.288    129.094
dcp_mega_varlen          receive_done                                                  133.872    135.843
dcp_mega_varlen          final_combine_done                                            137.616    139.584
dcp_mega_varlen          kernel_done                                                   137.872    139.818
dcp_mega_varlen          post_completion/q_done_to_publish_done                        120.160    121.123
dcp_mega_varlen          post_completion/publish_done_to_receive_done                    7.456     10.061
dcp_mega_varlen          post_completion/attention_done_to_history_combine_done          6.272      6.374
dcp_mega_varlen          post_completion/history_combine_done_to_final_combine_done     11.184     13.795
Wrote benchmark JSON to benchmark_logs/experiment_suite/dcp-suite/01_dcp_wave-b-timestamps-20260814-132129/results/arrival_1/dcp_2/critical_wave_auto_lpt/comm_sm_12/case_000037_dcp2_hkv4_eager.json

================================================================================
Mega comm_sm=12, case 39/100: case_000038_dcp2_hkv4: B=9, Sq=[16, 16, 16, 16, 16, 16, 16, 16, 16], Sk=[3091, 11692, 14466, 10251, 5892, 7304, 1912, 9248, 3807], DCP=2, Hkv=4
================================================================================
Config: world_size=8, methods=['dcp_mega_varlen'], QH=32, KVH=4, D=128, TP=8, DCP=2, workload=chunk, execution=eager, baseline_phase_timing=False, warmup=40, iters=60, check=False
Workload: B=9, q_tokens=144, history_tokens=67663, q_seqlens=[16, 16, 16, 16, 16, 16, 16, 16, 16], history_seqlens=[3091, 11692, 14466, 10251, 5892, 7304, 1912, 9248, 3807]
Agg TFLOPS uses useful attention work across all TP ranks and p50(max_across_ranks); Avg/GPU divides it by world_size.
KV GB/s/GPU is average logical BF16 K+V bytes read per TP rank divided by p50(max_across_ranks); it is not hardware-counter HBM traffic.

Running B=9, q_tokens=144, history_tokens=67663, causal=True

B=9, q_tokens=144, history_tokens=67663, QH=32, KVH=4, D=128, TP=8, DCP=2, mode=causal
Method                   Time ms                                                                                                                                     Agg TFLOPS    Avg/GPU  KV GB/s/GPU      Check  Note
dcp_mega_varlen          t0=0.047, t1=0.045, t2=0.046, t3=0.046, t4=0.046, t5=0.046, t6=0.045, t7=0.045 | p50(max_across_ranks)=0.047, p90(max_across_ranks)=0.049        377.5       47.2        369.8       skip  eager; output=bf16_ipc_a2a; runner_preallocated; timing=mega_kernel_only

Mega %globaltimer phase timestamps (per-iteration maximum across benchmark ranks, then p50/p90 across samples; us)
Method                   Phase                                                             p50        p90
dcp_mega_varlen          kernel_start                                                    0.000      0.000
dcp_mega_varlen          q_allgather_done                                                4.016      4.099
dcp_mega_varlen          attention_done                                                 16.736     16.931
dcp_mega_varlen          history_combine_done                                           32.032     32.579
dcp_mega_varlen          publish_done                                                   32.032     32.579
dcp_mega_varlen          receive_done                                                   37.424     39.184
dcp_mega_varlen          final_combine_done                                             40.352     42.074
dcp_mega_varlen          kernel_done                                                    40.672     42.294
dcp_mega_varlen          post_completion/q_done_to_publish_done                         28.160     28.643
dcp_mega_varlen          post_completion/publish_done_to_receive_done                    5.984      7.763
dcp_mega_varlen          post_completion/attention_done_to_history_combine_done         15.568     16.067
dcp_mega_varlen          post_completion/history_combine_done_to_final_combine_done      8.976     10.653
Wrote benchmark JSON to benchmark_logs/experiment_suite/dcp-suite/01_dcp_wave-b-timestamps-20260814-132129/results/arrival_1/dcp_2/critical_wave_auto_lpt/comm_sm_12/case_000038_dcp2_hkv4_eager.json

================================================================================
Mega comm_sm=12, case 40/100: case_000039_dcp2_hkv4: B=7, Sq=[16, 16, 16, 16, 16, 16, 16], Sk=[3161, 11748, 14540, 5957, 7365, 9318, 15579], DCP=2, Hkv=4
================================================================================
Config: world_size=8, methods=['dcp_mega_varlen'], QH=32, KVH=4, D=128, TP=8, DCP=2, workload=chunk, execution=eager, baseline_phase_timing=False, warmup=40, iters=60, check=False
Workload: B=7, q_tokens=112, history_tokens=67668, q_seqlens=[16, 16, 16, 16, 16, 16, 16], history_seqlens=[3161, 11748, 14540, 5957, 7365, 9318, 15579]
Agg TFLOPS uses useful attention work across all TP ranks and p50(max_across_ranks); Avg/GPU divides it by world_size.
KV GB/s/GPU is average logical BF16 K+V bytes read per TP rank divided by p50(max_across_ranks); it is not hardware-counter HBM traffic.

Running B=7, q_tokens=112, history_tokens=67668, causal=True

B=7, q_tokens=112, history_tokens=67668, QH=32, KVH=4, D=128, TP=8, DCP=2, mode=causal
Method                   Time ms                                                                                                                                     Agg TFLOPS    Avg/GPU  KV GB/s/GPU      Check  Note
dcp_mega_varlen          t0=0.048, t1=0.047, t2=0.047, t3=0.047, t4=0.047, t5=0.047, t6=0.047, t7=0.047 | p50(max_across_ranks)=0.049, p90(max_across_ranks)=0.050        365.0       45.6        357.3       skip  eager; output=bf16_ipc_a2a; runner_preallocated; timing=mega_kernel_only

Mega %globaltimer phase timestamps (per-iteration maximum across benchmark ranks, then p50/p90 across samples; us)
Method                   Phase                                                             p50        p90
dcp_mega_varlen          kernel_start                                                    0.000      0.000
dcp_mega_varlen          q_allgather_done                                                4.064      4.131
dcp_mega_varlen          attention_done                                                 16.800     16.995
dcp_mega_varlen          history_combine_done                                           34.288     34.861
dcp_mega_varlen          publish_done                                                   34.288     34.861
dcp_mega_varlen          receive_done                                                   38.944     40.064
dcp_mega_varlen          final_combine_done                                             41.936     43.171
dcp_mega_varlen          kernel_done                                                    42.256     43.402
dcp_mega_varlen          post_completion/q_done_to_publish_done                         30.512     31.018
dcp_mega_varlen          post_completion/publish_done_to_receive_done                    6.112      7.267
dcp_mega_varlen          post_completion/attention_done_to_history_combine_done         17.792     18.438
dcp_mega_varlen          post_completion/history_combine_done_to_final_combine_done      9.120     10.291
Wrote benchmark JSON to benchmark_logs/experiment_suite/dcp-suite/01_dcp_wave-b-timestamps-20260814-132129/results/arrival_1/dcp_2/critical_wave_auto_lpt/comm_sm_12/case_000039_dcp2_hkv4_eager.json

================================================================================
Mega comm_sm=12, case 41/100: case_000040_dcp2_hkv4: B=8, Sq=[16, 16, 16, 16, 16, 16, 16, 16], Sk=[3304, 4610, 20396, 14906, 33412, 16441, 14630, 1881], DCP=2, Hkv=4
================================================================================
Config: world_size=8, methods=['dcp_mega_varlen'], QH=32, KVH=4, D=128, TP=8, DCP=2, workload=chunk, execution=eager, baseline_phase_timing=False, warmup=40, iters=60, check=False
Workload: B=8, q_tokens=128, history_tokens=109580, q_seqlens=[16, 16, 16, 16, 16, 16, 16, 16], history_seqlens=[3304, 4610, 20396, 14906, 33412, 16441, 14630, 1881]
Agg TFLOPS uses useful attention work across all TP ranks and p50(max_across_ranks); Avg/GPU divides it by world_size.
KV GB/s/GPU is average logical BF16 K+V bytes read per TP rank divided by p50(max_across_ranks); it is not hardware-counter HBM traffic.

Running B=8, q_tokens=128, history_tokens=109580, causal=True

B=8, q_tokens=128, history_tokens=109580, QH=32, KVH=4, D=128, TP=8, DCP=2, mode=causal
Method                   Time ms                                                                                                                                     Agg TFLOPS    Avg/GPU  KV GB/s/GPU      Check  Note
dcp_mega_varlen          t0=0.073, t1=0.073, t2=0.073, t3=0.073, t4=0.072, t5=0.073, t6=0.073, t7=0.073 | p50(max_across_ranks)=0.074, p90(max_across_ranks)=0.076        386.1       48.3        377.7       skip  eager; output=bf16_ipc_a2a; runner_preallocated; timing=mega_kernel_only

Mega %globaltimer phase timestamps (per-iteration maximum across benchmark ranks, then p50/p90 across samples; us)
Method                   Phase                                                             p50        p90
dcp_mega_varlen          kernel_start                                                    0.000      0.000
dcp_mega_varlen          q_allgather_done                                                4.288      4.384
dcp_mega_varlen          attention_done                                                 51.008     51.299
dcp_mega_varlen          history_combine_done                                           59.376     59.907
dcp_mega_varlen          publish_done                                                   59.376     59.907
dcp_mega_varlen          receive_done                                                   64.336     65.994
dcp_mega_varlen          final_combine_done                                             67.600     69.277
dcp_mega_varlen          kernel_done                                                    67.840     69.616
dcp_mega_varlen          post_completion/q_done_to_publish_done                         55.296     55.779
dcp_mega_varlen          post_completion/publish_done_to_receive_done                    6.720      8.656
dcp_mega_varlen          post_completion/attention_done_to_history_combine_done          8.896      9.440
dcp_mega_varlen          post_completion/history_combine_done_to_final_combine_done     10.016     12.192
Wrote benchmark JSON to benchmark_logs/experiment_suite/dcp-suite/01_dcp_wave-b-timestamps-20260814-132129/results/arrival_1/dcp_2/critical_wave_auto_lpt/comm_sm_12/case_000040_dcp2_hkv4_eager.json

================================================================================
Mega comm_sm=12, case 42/100: case_000041_dcp2_hkv4: B=9, Sq=[16, 16, 16, 16, 16, 16, 16, 16, 16], Sk=[11061, 2198, 3112, 19649, 3024, 2461, 12330, 4510, 3558], DCP=2, Hkv=4
================================================================================
Config: world_size=8, methods=['dcp_mega_varlen'], QH=32, KVH=4, D=128, TP=8, DCP=2, workload=chunk, execution=eager, baseline_phase_timing=False, warmup=40, iters=60, check=False
Workload: B=9, q_tokens=144, history_tokens=61903, q_seqlens=[16, 16, 16, 16, 16, 16, 16, 16, 16], history_seqlens=[11061, 2198, 3112, 19649, 3024, 2461, 12330, 4510, 3558]
Agg TFLOPS uses useful attention work across all TP ranks and p50(max_across_ranks); Avg/GPU divides it by world_size.
KV GB/s/GPU is average logical BF16 K+V bytes read per TP rank divided by p50(max_across_ranks); it is not hardware-counter HBM traffic.

Running B=9, q_tokens=144, history_tokens=61903, causal=True

B=9, q_tokens=144, history_tokens=61903, QH=32, KVH=4, D=128, TP=8, DCP=2, mode=causal
Method                   Time ms                                                                                                                                     Agg TFLOPS    Avg/GPU  KV GB/s/GPU      Check  Note
dcp_mega_varlen          t0=0.060, t1=0.060, t2=0.061, t3=0.061, t4=0.060, t5=0.061, t6=0.060, t7=0.060 | p50(max_across_ranks)=0.062, p90(max_across_ranks)=0.072        261.7       32.7        256.4       skip  eager; output=bf16_ipc_a2a; runner_preallocated; timing=mega_kernel_only

Mega %globaltimer phase timestamps (per-iteration maximum across benchmark ranks, then p50/p90 across samples; us)
Method                   Phase                                                             p50        p90
dcp_mega_varlen          kernel_start                                                    0.000      0.000
dcp_mega_varlen          q_allgather_done                                                4.064      4.192
dcp_mega_varlen          attention_done                                                 39.600     39.776
dcp_mega_varlen          history_combine_done                                           47.008     47.680
dcp_mega_varlen          publish_done                                                   47.008     47.680
dcp_mega_varlen          receive_done                                                   52.448     62.624
dcp_mega_varlen          final_combine_done                                             55.504     65.776
dcp_mega_varlen          kernel_done                                                    55.744     66.086
dcp_mega_varlen          post_completion/q_done_to_publish_done                         43.232     43.814
dcp_mega_varlen          post_completion/publish_done_to_receive_done                    6.496     16.515
dcp_mega_varlen          post_completion/attention_done_to_history_combine_done          7.792      8.288
dcp_mega_varlen          post_completion/history_combine_done_to_final_combine_done      9.344     19.667
Wrote benchmark JSON to benchmark_logs/experiment_suite/dcp-suite/01_dcp_wave-b-timestamps-20260814-132129/results/arrival_1/dcp_2/critical_wave_auto_lpt/comm_sm_12/case_000041_dcp2_hkv4_eager.json

================================================================================
Mega comm_sm=12, case 43/100: case_000042_dcp2_hkv4: B=13, Sq=[16, 16, 16, 16, 16, 16, 16, 16, 16, 16, 16, 16, 16], Sk=[46692, 99093, 5280, 2927, 92245, 1440, 12538, 27558, 1075, 8138, 12461, 9900, 916], DCP=2, Hkv=4
================================================================================
Config: world_size=8, methods=['dcp_mega_varlen'], QH=32, KVH=4, D=128, TP=8, DCP=2, workload=chunk, execution=eager, baseline_phase_timing=False, warmup=40, iters=60, check=False
Workload: B=13, q_tokens=208, history_tokens=320263, q_seqlens=[16, 16, 16, 16, 16, 16, 16, 16, 16, 16, 16, 16, 16], history_seqlens=[46692, 99093, 5280, 2927, 92245, 1440, 12538, 27558, 1075, 8138, 12461, 9900, 916]
Agg TFLOPS uses useful attention work across all TP ranks and p50(max_across_ranks); Avg/GPU divides it by world_size.
KV GB/s/GPU is average logical BF16 K+V bytes read per TP rank divided by p50(max_across_ranks); it is not hardware-counter HBM traffic.

Running B=13, q_tokens=208, history_tokens=320263, causal=True

B=13, q_tokens=208, history_tokens=320263, QH=32, KVH=4, D=128, TP=8, DCP=2, mode=causal
Method                   Time ms                                                                                                                                     Agg TFLOPS    Avg/GPU  KV GB/s/GPU      Check  Note
dcp_mega_varlen          t0=0.084, t1=0.083, t2=0.083, t3=0.085, t4=0.086, t5=0.084, t6=0.083, t7=0.083 | p50(max_across_ranks)=0.087, p90(max_across_ranks)=0.088        969.0      121.1        947.2       skip  eager; output=bf16_ipc_a2a; runner_preallocated; timing=mega_kernel_only

Mega %globaltimer phase timestamps (per-iteration maximum across benchmark ranks, then p50/p90 across samples; us)
Method                   Phase                                                             p50        p90
dcp_mega_varlen          kernel_start                                                    0.000      0.000
dcp_mega_varlen          q_allgather_done                                                4.544      4.672
dcp_mega_varlen          attention_done                                                 46.480     47.187
dcp_mega_varlen          history_combine_done                                           71.632     72.995
dcp_mega_varlen          publish_done                                                   71.632     72.995
dcp_mega_varlen          receive_done                                                   76.608     78.144
dcp_mega_varlen          final_combine_done                                             79.984     81.504
dcp_mega_varlen          kernel_done                                                    80.224     81.728
dcp_mega_varlen          post_completion/q_done_to_publish_done                         67.392     68.704
dcp_mega_varlen          post_completion/publish_done_to_receive_done                    7.600      9.117
dcp_mega_varlen          post_completion/attention_done_to_history_combine_done         26.064     26.979
dcp_mega_varlen          post_completion/history_combine_done_to_final_combine_done     11.024     12.714
Wrote benchmark JSON to benchmark_logs/experiment_suite/dcp-suite/01_dcp_wave-b-timestamps-20260814-132129/results/arrival_1/dcp_2/critical_wave_auto_lpt/comm_sm_12/case_000042_dcp2_hkv4_eager.json

================================================================================
Mega comm_sm=12, case 44/100: case_000043_dcp2_hkv4: B=19, Sq=[16, 16, 16, 16, 16, 16, 16, 16, 16, 16, 16, 16, 16, 16, 16, 16, 16, 16, 16], Sk=[3980, 6986, 4924, 65729, 2842, 1801, 5125, 2918, 19190, 1473, 25309, 31014, 9606, 4520, 2440, 5162, 24937, 1335, 7417], DCP=2, Hkv=4
================================================================================
Config: world_size=8, methods=['dcp_mega_varlen'], QH=32, KVH=4, D=128, TP=8, DCP=2, workload=chunk, execution=eager, baseline_phase_timing=False, warmup=40, iters=60, check=False
Workload: B=19, q_tokens=304, history_tokens=226708, q_seqlens=[16, 16, 16, 16, 16, 16, 16, 16, 16, 16, 16, 16, 16, 16, 16, 16, 16, 16, 16], history_seqlens=[3980, 6986, 4924, 65729, 2842, 1801, 5125, 2918, 19190, 1473, 25309, 31014, 9606, 4520, 2440, 5162, 24937, 1335, 7417]
Agg TFLOPS uses useful attention work across all TP ranks and p50(max_across_ranks); Avg/GPU divides it by world_size.
KV GB/s/GPU is average logical BF16 K+V bytes read per TP rank divided by p50(max_across_ranks); it is not hardware-counter HBM traffic.

Running B=19, q_tokens=304, history_tokens=226708, causal=True

B=19, q_tokens=304, history_tokens=226708, QH=32, KVH=4, D=128, TP=8, DCP=2, mode=causal
Method                   Time ms                                                                                                                                     Agg TFLOPS    Avg/GPU  KV GB/s/GPU      Check  Note
dcp_mega_varlen          t0=0.090, t1=0.088, t2=0.089, t3=0.089, t4=0.089, t5=0.090, t6=0.089, t7=0.089 | p50(max_across_ranks)=0.091, p90(max_across_ranks)=0.093        654.4       81.8        640.3       skip  eager; output=bf16_ipc_a2a; runner_preallocated; timing=mega_kernel_only

Mega %globaltimer phase timestamps (per-iteration maximum across benchmark ranks, then p50/p90 across samples; us)
Method                   Phase                                                             p50        p90
dcp_mega_varlen          kernel_start                                                    0.000      0.000
dcp_mega_varlen          q_allgather_done                                                4.608      4.771
dcp_mega_varlen          attention_done                                                 68.144     68.608
dcp_mega_varlen          history_combine_done                                           75.200     75.875
dcp_mega_varlen          publish_done                                                   75.200     75.875
dcp_mega_varlen          receive_done                                                   80.768     82.781
dcp_mega_varlen          final_combine_done                                             84.032     86.192
dcp_mega_varlen          kernel_done                                                    84.304     86.509
dcp_mega_varlen          post_completion/q_done_to_publish_done                         70.752     71.651
dcp_mega_varlen          post_completion/publish_done_to_receive_done                    6.896      8.822
dcp_mega_varlen          post_completion/attention_done_to_history_combine_done          7.840      8.618
dcp_mega_varlen          post_completion/history_combine_done_to_final_combine_done     10.128     11.978
Wrote benchmark JSON to benchmark_logs/experiment_suite/dcp-suite/01_dcp_wave-b-timestamps-20260814-132129/results/arrival_1/dcp_2/critical_wave_auto_lpt/comm_sm_12/case_000043_dcp2_hkv4_eager.json

================================================================================
Mega comm_sm=12, case 45/100: case_000044_dcp2_hkv4: B=13, Sq=[16, 16, 16, 16, 16, 16, 16, 16, 16, 16, 16, 16, 456], Sk=[11102, 1907, 19798, 2684, 2810, 7254, 4792, 14773, 2562, 2200, 13124, 11421, 4608], DCP=2, Hkv=4
================================================================================
Config: world_size=8, methods=['dcp_mega_varlen'], QH=32, KVH=4, D=128, TP=8, DCP=2, workload=chunk, execution=eager, baseline_phase_timing=False, warmup=40, iters=60, check=False
Workload: B=13, q_tokens=648, history_tokens=99035, q_seqlens=[16, 16, 16, 16, 16, 16, 16, 16, 16, 16, 16, 16, 456], history_seqlens=[11102, 1907, 19798, 2684, 2810, 7254, 4792, 14773, 2562, 2200, 13124, 11421, 4608]
Agg TFLOPS uses useful attention work across all TP ranks and p50(max_across_ranks); Avg/GPU divides it by world_size.
KV GB/s/GPU is average logical BF16 K+V bytes read per TP rank divided by p50(max_across_ranks); it is not hardware-counter HBM traffic.

Running B=13, q_tokens=648, history_tokens=99035, causal=True

B=13, q_tokens=648, history_tokens=99035, QH=32, KVH=4, D=128, TP=8, DCP=2, mode=causal
Method                   Time ms                                                                                                                                     Agg TFLOPS    Avg/GPU  KV GB/s/GPU      Check  Note
dcp_mega_varlen          t0=0.068, t1=0.067, t2=0.068, t3=0.066, t4=0.067, t5=0.068, t6=0.067, t7=0.068 | p50(max_across_ranks)=0.069, p90(max_across_ranks)=0.071        882.1      110.3        371.9       skip  eager; output=bf16_ipc_a2a; runner_preallocated; timing=mega_kernel_only

Mega %globaltimer phase timestamps (per-iteration maximum across benchmark ranks, then p50/p90 across samples; us)
Method                   Phase                                                             p50        p90
dcp_mega_varlen          kernel_start                                                    0.000      0.000
dcp_mega_varlen          q_allgather_done                                                8.032      8.195
dcp_mega_varlen          attention_done                                                 43.328     43.555
dcp_mega_varlen          history_combine_done                                           53.280     54.384
dcp_mega_varlen          publish_done                                                   53.280     54.384
dcp_mega_varlen          receive_done                                                   58.576     60.704
dcp_mega_varlen          final_combine_done                                             62.272     64.432
dcp_mega_varlen          kernel_done                                                    62.544     64.781
dcp_mega_varlen          post_completion/q_done_to_publish_done                         45.760     46.816
dcp_mega_varlen          post_completion/publish_done_to_receive_done                    6.800      8.938
dcp_mega_varlen          post_completion/attention_done_to_history_combine_done         10.464     11.366
dcp_mega_varlen          post_completion/history_combine_done_to_final_combine_done     10.464     12.544
Wrote benchmark JSON to benchmark_logs/experiment_suite/dcp-suite/01_dcp_wave-b-timestamps-20260814-132129/results/arrival_1/dcp_2/critical_wave_auto_lpt/comm_sm_12/case_000044_dcp2_hkv4_eager.json

================================================================================
Mega comm_sm=12, case 46/100: case_000045_dcp2_hkv4: B=7, Sq=[16, 16, 16, 16, 16, 16, 16], Sk=[5043, 9558, 1921, 12485, 14396, 5178, 5623], DCP=2, Hkv=4
================================================================================
Config: world_size=8, methods=['dcp_mega_varlen'], QH=32, KVH=4, D=128, TP=8, DCP=2, workload=chunk, execution=eager, baseline_phase_timing=False, warmup=40, iters=60, check=False
Workload: B=7, q_tokens=112, history_tokens=54204, q_seqlens=[16, 16, 16, 16, 16, 16, 16], history_seqlens=[5043, 9558, 1921, 12485, 14396, 5178, 5623]
Agg TFLOPS uses useful attention work across all TP ranks and p50(max_across_ranks); Avg/GPU divides it by world_size.
KV GB/s/GPU is average logical BF16 K+V bytes read per TP rank divided by p50(max_across_ranks); it is not hardware-counter HBM traffic.

Running B=7, q_tokens=112, history_tokens=54204, causal=True

B=7, q_tokens=112, history_tokens=54204, QH=32, KVH=4, D=128, TP=8, DCP=2, mode=causal
Method                   Time ms                                                                                                                                     Agg TFLOPS    Avg/GPU  KV GB/s/GPU      Check  Note
dcp_mega_varlen          t0=0.060, t1=0.059, t2=0.060, t3=0.060, t4=0.060, t5=0.060, t6=0.060, t7=0.059 | p50(max_across_ranks)=0.061, p90(max_across_ranks)=0.062        232.6       29.1        227.8       skip  eager; output=bf16_ipc_a2a; runner_preallocated; timing=mega_kernel_only

Mega %globaltimer phase timestamps (per-iteration maximum across benchmark ranks, then p50/p90 across samples; us)
Method                   Phase                                                             p50        p90
dcp_mega_varlen          kernel_start                                                    0.000      0.000
dcp_mega_varlen          q_allgather_done                                                3.968      4.035
dcp_mega_varlen          attention_done                                                 37.952     38.118
dcp_mega_varlen          history_combine_done                                           46.176     46.595
dcp_mega_varlen          publish_done                                                   46.176     46.595
dcp_mega_varlen          receive_done                                                   51.280     52.170
dcp_mega_varlen          final_combine_done                                             54.400     55.254
dcp_mega_varlen          kernel_done                                                    54.736     55.565
dcp_mega_varlen          post_completion/q_done_to_publish_done                         42.336     42.752
dcp_mega_varlen          post_completion/publish_done_to_receive_done                    7.072      7.786
dcp_mega_varlen          post_completion/attention_done_to_history_combine_done          8.608      9.120
dcp_mega_varlen          post_completion/history_combine_done_to_final_combine_done     10.192     10.995
Wrote benchmark JSON to benchmark_logs/experiment_suite/dcp-suite/01_dcp_wave-b-timestamps-20260814-132129/results/arrival_1/dcp_2/critical_wave_auto_lpt/comm_sm_12/case_000045_dcp2_hkv4_eager.json

================================================================================
Mega comm_sm=12, case 47/100: case_000046_dcp2_hkv4: B=6, Sq=[16, 16, 16, 16, 16, 16], Sk=[4859, 4827, 11972, 21219, 9551, 5215], DCP=2, Hkv=4
================================================================================
Config: world_size=8, methods=['dcp_mega_varlen'], QH=32, KVH=4, D=128, TP=8, DCP=2, workload=chunk, execution=eager, baseline_phase_timing=False, warmup=40, iters=60, check=False
Workload: B=6, q_tokens=96, history_tokens=57643, q_seqlens=[16, 16, 16, 16, 16, 16], history_seqlens=[4859, 4827, 11972, 21219, 9551, 5215]
Agg TFLOPS uses useful attention work across all TP ranks and p50(max_across_ranks); Avg/GPU divides it by world_size.
KV GB/s/GPU is average logical BF16 K+V bytes read per TP rank divided by p50(max_across_ranks); it is not hardware-counter HBM traffic.

Running B=6, q_tokens=96, history_tokens=57643, causal=True

B=6, q_tokens=96, history_tokens=57643, QH=32, KVH=4, D=128, TP=8, DCP=2, mode=causal
Method                   Time ms                                                                                                                                     Agg TFLOPS    Avg/GPU  KV GB/s/GPU      Check  Note
dcp_mega_varlen          t0=0.054, t1=0.053, t2=0.054, t3=0.053, t4=0.055, t5=0.054, t6=0.053, t7=0.054 | p50(max_across_ranks)=0.055, p90(max_across_ranks)=0.059        272.8       34.1        267.1       skip  eager; output=bf16_ipc_a2a; runner_preallocated; timing=mega_kernel_only

Mega %globaltimer phase timestamps (per-iteration maximum across benchmark ranks, then p50/p90 across samples; us)
Method                   Phase                                                             p50        p90
dcp_mega_varlen          kernel_start                                                    0.000      0.000
dcp_mega_varlen          q_allgather_done                                                3.968      4.003
dcp_mega_varlen          attention_done                                                 32.208     32.547
dcp_mega_varlen          history_combine_done                                           40.160     40.896
dcp_mega_varlen          publish_done                                                   40.160     40.896
dcp_mega_varlen          receive_done                                                   45.552     49.466
dcp_mega_varlen          final_combine_done                                             48.720     52.630
dcp_mega_varlen          kernel_done                                                    49.040     52.864
dcp_mega_varlen          post_completion/q_done_to_publish_done                         36.208     36.995
dcp_mega_varlen          post_completion/publish_done_to_receive_done                    6.944     10.202
dcp_mega_varlen          post_completion/attention_done_to_history_combine_done          8.368      9.187
dcp_mega_varlen          post_completion/history_combine_done_to_final_combine_done      9.952     13.280
Wrote benchmark JSON to benchmark_logs/experiment_suite/dcp-suite/01_dcp_wave-b-timestamps-20260814-132129/results/arrival_1/dcp_2/critical_wave_auto_lpt/comm_sm_12/case_000046_dcp2_hkv4_eager.json

================================================================================
Mega comm_sm=12, case 48/100: case_000047_dcp2_hkv4: B=9, Sq=[16, 16, 16, 16, 16, 16, 16, 16, 16], Sk=[93753, 1605, 10139, 6044, 15394, 1140, 1011, 970, 5249], DCP=2, Hkv=4
================================================================================
Config: world_size=8, methods=['dcp_mega_varlen'], QH=32, KVH=4, D=128, TP=8, DCP=2, workload=chunk, execution=eager, baseline_phase_timing=False, warmup=40, iters=60, check=False
Workload: B=9, q_tokens=144, history_tokens=135305, q_seqlens=[16, 16, 16, 16, 16, 16, 16, 16, 16], history_seqlens=[93753, 1605, 10139, 6044, 15394, 1140, 1011, 970, 5249]
Agg TFLOPS uses useful attention work across all TP ranks and p50(max_across_ranks); Avg/GPU divides it by world_size.
KV GB/s/GPU is average logical BF16 K+V bytes read per TP rank divided by p50(max_across_ranks); it is not hardware-counter HBM traffic.

Running B=9, q_tokens=144, history_tokens=135305, causal=True

B=9, q_tokens=144, history_tokens=135305, QH=32, KVH=4, D=128, TP=8, DCP=2, mode=causal
Method                   Time ms                                                                                                                                     Agg TFLOPS    Avg/GPU  KV GB/s/GPU      Check  Note
dcp_mega_varlen          t0=0.084, t1=0.083, t2=0.084, t3=0.083, t4=0.083, t5=0.084, t6=0.083, t7=0.084 | p50(max_across_ranks)=0.085, p90(max_across_ranks)=0.086        418.3       52.3        409.1       skip  eager; output=bf16_ipc_a2a; runner_preallocated; timing=mega_kernel_only

Mega %globaltimer phase timestamps (per-iteration maximum across benchmark ranks, then p50/p90 across samples; us)
Method                   Phase                                                             p50        p90
dcp_mega_varlen          kernel_start                                                    0.000      0.000
dcp_mega_varlen          q_allgather_done                                                4.256      4.352
dcp_mega_varlen          attention_done                                                 64.176     64.512
dcp_mega_varlen          history_combine_done                                           69.872     70.243
dcp_mega_varlen          publish_done                                                   69.872     70.243
dcp_mega_varlen          receive_done                                                   74.768     76.374
dcp_mega_varlen          final_combine_done                                             77.920     79.562
dcp_mega_varlen          kernel_done                                                    78.176     79.875
dcp_mega_varlen          post_completion/q_done_to_publish_done                         65.792     66.147
dcp_mega_varlen          post_completion/publish_done_to_receive_done                    6.080      7.594
dcp_mega_varlen          post_completion/attention_done_to_history_combine_done          5.856      5.923
dcp_mega_varlen          post_completion/history_combine_done_to_final_combine_done      9.264     10.800
Wrote benchmark JSON to benchmark_logs/experiment_suite/dcp-suite/01_dcp_wave-b-timestamps-20260814-132129/results/arrival_1/dcp_2/critical_wave_auto_lpt/comm_sm_12/case_000047_dcp2_hkv4_eager.json

================================================================================
Mega comm_sm=12, case 49/100: case_000048_dcp2_hkv4: B=10, Sq=[16, 16, 16, 16, 16, 16, 16, 16, 16, 16], Sk=[2288, 2353, 15819, 16831, 1089, 5741, 7977, 14548, 2419, 925], DCP=2, Hkv=4
================================================================================
Config: world_size=8, methods=['dcp_mega_varlen'], QH=32, KVH=4, D=128, TP=8, DCP=2, workload=chunk, execution=eager, baseline_phase_timing=False, warmup=40, iters=60, check=False
Workload: B=10, q_tokens=160, history_tokens=69990, q_seqlens=[16, 16, 16, 16, 16, 16, 16, 16, 16, 16], history_seqlens=[2288, 2353, 15819, 16831, 1089, 5741, 7977, 14548, 2419, 925]
Agg TFLOPS uses useful attention work across all TP ranks and p50(max_across_ranks); Avg/GPU divides it by world_size.
KV GB/s/GPU is average logical BF16 K+V bytes read per TP rank divided by p50(max_across_ranks); it is not hardware-counter HBM traffic.

Running B=10, q_tokens=160, history_tokens=69990, causal=True

B=10, q_tokens=160, history_tokens=69990, QH=32, KVH=4, D=128, TP=8, DCP=2, mode=causal
Method                   Time ms                                                                                                                                     Agg TFLOPS    Avg/GPU  KV GB/s/GPU      Check  Note
dcp_mega_varlen          t0=0.048, t1=0.047, t2=0.048, t3=0.047, t4=0.048, t5=0.048, t6=0.048, t7=0.047 | p50(max_across_ranks)=0.050, p90(max_across_ranks)=0.052        369.2       46.1        361.7       skip  eager; output=bf16_ipc_a2a; runner_preallocated; timing=mega_kernel_only

Mega %globaltimer phase timestamps (per-iteration maximum across benchmark ranks, then p50/p90 across samples; us)
Method                   Phase                                                             p50        p90
dcp_mega_varlen          kernel_start                                                    0.000      0.000
dcp_mega_varlen          q_allgather_done                                                4.128      4.224
dcp_mega_varlen          attention_done                                                 17.024     17.219
dcp_mega_varlen          history_combine_done                                           34.288     35.168
dcp_mega_varlen          publish_done                                                   34.288     35.168
dcp_mega_varlen          receive_done                                                   39.920     41.923
dcp_mega_varlen          final_combine_done                                             42.752     44.653
dcp_mega_varlen          kernel_done                                                    42.976     44.877
dcp_mega_varlen          post_completion/q_done_to_publish_done                         30.288     31.424
dcp_mega_varlen          post_completion/publish_done_to_receive_done                    6.864      9.190
dcp_mega_varlen          post_completion/attention_done_to_history_combine_done         17.616     18.563
dcp_mega_varlen          post_completion/history_combine_done_to_final_combine_done      9.696     12.134
Wrote benchmark JSON to benchmark_logs/experiment_suite/dcp-suite/01_dcp_wave-b-timestamps-20260814-132129/results/arrival_1/dcp_2/critical_wave_auto_lpt/comm_sm_12/case_000048_dcp2_hkv4_eager.json

================================================================================
Mega comm_sm=12, case 50/100: case_000049_dcp2_hkv4: B=12, Sq=[16, 16, 16, 16, 16, 16, 16, 16, 16, 16, 16, 16], Sk=[1663, 2874, 53471, 3412, 1136, 5736, 7780, 2693, 8369, 11684, 1576, 13179], DCP=2, Hkv=4
================================================================================
Config: world_size=8, methods=['dcp_mega_varlen'], QH=32, KVH=4, D=128, TP=8, DCP=2, workload=chunk, execution=eager, baseline_phase_timing=False, warmup=40, iters=60, check=False
Workload: B=12, q_tokens=192, history_tokens=113573, q_seqlens=[16, 16, 16, 16, 16, 16, 16, 16, 16, 16, 16, 16], history_seqlens=[1663, 2874, 53471, 3412, 1136, 5736, 7780, 2693, 8369, 11684, 1576, 13179]
Agg TFLOPS uses useful attention work across all TP ranks and p50(max_across_ranks); Avg/GPU divides it by world_size.
KV GB/s/GPU is average logical BF16 K+V bytes read per TP rank divided by p50(max_across_ranks); it is not hardware-counter HBM traffic.

Running B=12, q_tokens=192, history_tokens=113573, causal=True

B=12, q_tokens=192, history_tokens=113573, QH=32, KVH=4, D=128, TP=8, DCP=2, mode=causal
Method                   Time ms                                                                                                                                     Agg TFLOPS    Avg/GPU  KV GB/s/GPU      Check  Note
dcp_mega_varlen          t0=0.092, t1=0.092, t2=0.093, t3=0.092, t4=0.091, t5=0.094, t6=0.091, t7=0.093 | p50(max_across_ranks)=0.094, p90(max_across_ranks)=0.095        316.9       39.6        310.2       skip  eager; output=bf16_ipc_a2a; runner_preallocated; timing=mega_kernel_only

Mega %globaltimer phase timestamps (per-iteration maximum across benchmark ranks, then p50/p90 across samples; us)
Method                   Phase                                                             p50        p90
dcp_mega_varlen          kernel_start                                                    0.000      0.000
dcp_mega_varlen          q_allgather_done                                                4.384      4.480
dcp_mega_varlen          attention_done                                                 72.672     72.896
dcp_mega_varlen          history_combine_done                                           78.672     79.238
dcp_mega_varlen          publish_done                                                   78.672     79.238
dcp_mega_varlen          receive_done                                                   84.064     85.037
dcp_mega_varlen          final_combine_done                                             87.280     88.422
dcp_mega_varlen          kernel_done                                                    87.632     88.736
dcp_mega_varlen          post_completion/q_done_to_publish_done                         74.576     75.104
dcp_mega_varlen          post_completion/publish_done_to_receive_done                    7.440      8.422
dcp_mega_varlen          post_completion/attention_done_to_history_combine_done          6.416      6.720
dcp_mega_varlen          post_completion/history_combine_done_to_final_combine_done     10.672     11.760
Wrote benchmark JSON to benchmark_logs/experiment_suite/dcp-suite/01_dcp_wave-b-timestamps-20260814-132129/results/arrival_1/dcp_2/critical_wave_auto_lpt/comm_sm_12/case_000049_dcp2_hkv4_eager.json

================================================================================
Mega comm_sm=12, case 51/100: case_000050_dcp2_hkv4: B=4, Sq=[16, 16, 16, 16], Sk=[8861, 16140, 24958, 31913], DCP=2, Hkv=4
================================================================================
Config: world_size=8, methods=['dcp_mega_varlen'], QH=32, KVH=4, D=128, TP=8, DCP=2, workload=chunk, execution=eager, baseline_phase_timing=False, warmup=40, iters=60, check=False
Workload: B=4, q_tokens=64, history_tokens=81872, q_seqlens=[16, 16, 16, 16], history_seqlens=[8861, 16140, 24958, 31913]
Agg TFLOPS uses useful attention work across all TP ranks and p50(max_across_ranks); Avg/GPU divides it by world_size.
KV GB/s/GPU is average logical BF16 K+V bytes read per TP rank divided by p50(max_across_ranks); it is not hardware-counter HBM traffic.

Running B=4, q_tokens=64, history_tokens=81872, causal=True

B=4, q_tokens=64, history_tokens=81872, QH=32, KVH=4, D=128, TP=8, DCP=2, mode=causal
Method                   Time ms                                                                                                                                     Agg TFLOPS    Avg/GPU  KV GB/s/GPU      Check  Note
dcp_mega_varlen          t0=0.060, t1=0.058, t2=0.059, t3=0.058, t4=0.059, t5=0.060, t6=0.059, t7=0.059 | p50(max_across_ranks)=0.060, p90(max_across_ranks)=0.061        355.0       44.4        347.1       skip  eager; output=bf16_ipc_a2a; runner_preallocated; timing=mega_kernel_only

Mega %globaltimer phase timestamps (per-iteration maximum across benchmark ranks, then p50/p90 across samples; us)
Method                   Phase                                                             p50        p90
dcp_mega_varlen          kernel_start                                                    0.000      0.000
dcp_mega_varlen          q_allgather_done                                                4.256      4.419
dcp_mega_varlen          attention_done                                                 17.696     17.987
dcp_mega_varlen          history_combine_done                                           45.984     46.432
dcp_mega_varlen          publish_done                                                   45.984     46.432
dcp_mega_varlen          receive_done                                                   50.896     52.518
dcp_mega_varlen          final_combine_done                                             53.776     55.277
dcp_mega_varlen          kernel_done                                                    54.000     55.482
dcp_mega_varlen          post_completion/q_done_to_publish_done                         41.952     42.275
dcp_mega_varlen          post_completion/publish_done_to_receive_done                    6.848      8.000
dcp_mega_varlen          post_completion/attention_done_to_history_combine_done         28.768     28.928
dcp_mega_varlen          post_completion/history_combine_done_to_final_combine_done      9.520     10.762
Wrote benchmark JSON to benchmark_logs/experiment_suite/dcp-suite/01_dcp_wave-b-timestamps-20260814-132129/results/arrival_1/dcp_2/critical_wave_auto_lpt/comm_sm_12/case_000050_dcp2_hkv4_eager.json

================================================================================
Mega comm_sm=12, case 52/100: case_000051_dcp2_hkv4: B=10, Sq=[16, 16, 16, 16, 16, 16, 16, 16, 16, 16], Sk=[13090, 9854, 2404, 1384, 18871, 1729, 3451, 5381, 7908, 6644], DCP=2, Hkv=4
================================================================================
Config: world_size=8, methods=['dcp_mega_varlen'], QH=32, KVH=4, D=128, TP=8, DCP=2, workload=chunk, execution=eager, baseline_phase_timing=False, warmup=40, iters=60, check=False
Workload: B=10, q_tokens=160, history_tokens=70716, q_seqlens=[16, 16, 16, 16, 16, 16, 16, 16, 16, 16], history_seqlens=[13090, 9854, 2404, 1384, 18871, 1729, 3451, 5381, 7908, 6644]
Agg TFLOPS uses useful attention work across all TP ranks and p50(max_across_ranks); Avg/GPU divides it by world_size.
KV GB/s/GPU is average logical BF16 K+V bytes read per TP rank divided by p50(max_across_ranks); it is not hardware-counter HBM traffic.

Running B=10, q_tokens=160, history_tokens=70716, causal=True

B=10, q_tokens=160, history_tokens=70716, QH=32, KVH=4, D=128, TP=8, DCP=2, mode=causal
Method                   Time ms                                                                                                                                     Agg TFLOPS    Avg/GPU  KV GB/s/GPU      Check  Note
dcp_mega_varlen          t0=0.049, t1=0.048, t2=0.049, t3=0.050, t4=0.049, t5=0.049, t6=0.048, t7=0.048 | p50(max_across_ranks)=0.050, p90(max_across_ranks)=0.051        372.6       46.6        365.1       skip  eager; output=bf16_ipc_a2a; runner_preallocated; timing=mega_kernel_only

Mega %globaltimer phase timestamps (per-iteration maximum across benchmark ranks, then p50/p90 across samples; us)
Method                   Phase                                                             p50        p90
dcp_mega_varlen          kernel_start                                                    0.000      0.000
dcp_mega_varlen          q_allgather_done                                                4.096      4.256
dcp_mega_varlen          attention_done                                                 17.120     17.248
dcp_mega_varlen          history_combine_done                                           35.056     35.392
dcp_mega_varlen          publish_done                                                   35.056     35.392
dcp_mega_varlen          receive_done                                                   40.000     41.283
dcp_mega_varlen          final_combine_done                                             42.960     44.416
dcp_mega_varlen          kernel_done                                                    43.312     44.768
dcp_mega_varlen          post_completion/q_done_to_publish_done                         31.088     31.392
dcp_mega_varlen          post_completion/publish_done_to_receive_done                    5.824      7.376
dcp_mega_varlen          post_completion/attention_done_to_history_combine_done         18.464     18.701
dcp_mega_varlen          post_completion/history_combine_done_to_final_combine_done      8.800     10.368
Wrote benchmark JSON to benchmark_logs/experiment_suite/dcp-suite/01_dcp_wave-b-timestamps-20260814-132129/results/arrival_1/dcp_2/critical_wave_auto_lpt/comm_sm_12/case_000051_dcp2_hkv4_eager.json

================================================================================
Mega comm_sm=12, case 53/100: case_000052_dcp2_hkv4: B=6, Sq=[16, 16, 16, 16, 16, 16], Sk=[22079, 3793, 10389, 9643, 11090, 22232], DCP=2, Hkv=4
================================================================================
Config: world_size=8, methods=['dcp_mega_varlen'], QH=32, KVH=4, D=128, TP=8, DCP=2, workload=chunk, execution=eager, baseline_phase_timing=False, warmup=40, iters=60, check=False
Workload: B=6, q_tokens=96, history_tokens=79226, q_seqlens=[16, 16, 16, 16, 16, 16], history_seqlens=[22079, 3793, 10389, 9643, 11090, 22232]
Agg TFLOPS uses useful attention work across all TP ranks and p50(max_across_ranks); Avg/GPU divides it by world_size.
KV GB/s/GPU is average logical BF16 K+V bytes read per TP rank divided by p50(max_across_ranks); it is not hardware-counter HBM traffic.

Running B=6, q_tokens=96, history_tokens=79226, causal=True

B=6, q_tokens=96, history_tokens=79226, QH=32, KVH=4, D=128, TP=8, DCP=2, mode=causal
Method                   Time ms                                                                                                                                     Agg TFLOPS    Avg/GPU  KV GB/s/GPU      Check  Note
dcp_mega_varlen          t0=0.061, t1=0.060, t2=0.061, t3=0.060, t4=0.060, t5=0.061, t6=0.061, t7=0.061 | p50(max_across_ranks)=0.062, p90(max_across_ranks)=0.065        333.2       41.7        326.0       skip  eager; output=bf16_ipc_a2a; runner_preallocated; timing=mega_kernel_only

Mega %globaltimer phase timestamps (per-iteration maximum across benchmark ranks, then p50/p90 across samples; us)
Method                   Phase                                                             p50        p90
dcp_mega_varlen          kernel_start                                                    0.000      0.000
dcp_mega_varlen          q_allgather_done                                                3.936      4.064
dcp_mega_varlen          attention_done                                                 39.136     39.398
dcp_mega_varlen          history_combine_done                                           46.720     47.712
dcp_mega_varlen          publish_done                                                   46.720     47.712
dcp_mega_varlen          receive_done                                                   52.256     54.272
dcp_mega_varlen          final_combine_done                                             55.456     57.571
dcp_mega_varlen          kernel_done                                                    55.712     57.824
dcp_mega_varlen          post_completion/q_done_to_publish_done                         42.896     43.936
dcp_mega_varlen          post_completion/publish_done_to_receive_done                    6.848      8.838
dcp_mega_varlen          post_completion/attention_done_to_history_combine_done          8.144      9.389
dcp_mega_varlen          post_completion/history_combine_done_to_final_combine_done     10.112     12.157
Wrote benchmark JSON to benchmark_logs/experiment_suite/dcp-suite/01_dcp_wave-b-timestamps-20260814-132129/results/arrival_1/dcp_2/critical_wave_auto_lpt/comm_sm_12/case_000052_dcp2_hkv4_eager.json

================================================================================
Mega comm_sm=12, case 54/100: case_000053_dcp2_hkv4: B=11, Sq=[16, 16, 16, 16, 16, 16, 16, 16, 16, 16, 16], Sk=[15600, 4771, 5987, 4915, 11518, 29856, 16469, 20321, 14695, 4618, 13577], DCP=2, Hkv=4
================================================================================
Config: world_size=8, methods=['dcp_mega_varlen'], QH=32, KVH=4, D=128, TP=8, DCP=2, workload=chunk, execution=eager, baseline_phase_timing=False, warmup=40, iters=60, check=False
Workload: B=11, q_tokens=176, history_tokens=142327, q_seqlens=[16, 16, 16, 16, 16, 16, 16, 16, 16, 16, 16], history_seqlens=[15600, 4771, 5987, 4915, 11518, 29856, 16469, 20321, 14695, 4618, 13577]
Agg TFLOPS uses useful attention work across all TP ranks and p50(max_across_ranks); Avg/GPU divides it by world_size.
KV GB/s/GPU is average logical BF16 K+V bytes read per TP rank divided by p50(max_across_ranks); it is not hardware-counter HBM traffic.

Running B=11, q_tokens=176, history_tokens=142327, causal=True

B=11, q_tokens=176, history_tokens=142327, QH=32, KVH=4, D=128, TP=8, DCP=2, mode=causal
Method                   Time ms                                                                                                                                     Agg TFLOPS    Avg/GPU  KV GB/s/GPU      Check  Note
dcp_mega_varlen          t0=0.058, t1=0.057, t2=0.058, t3=0.058, t4=0.057, t5=0.057, t6=0.057, t7=0.057 | p50(max_across_ranks)=0.059, p90(max_across_ranks)=0.060        634.8       79.3        621.0       skip  eager; output=bf16_ipc_a2a; runner_preallocated; timing=mega_kernel_only

Mega %globaltimer phase timestamps (per-iteration maximum across benchmark ranks, then p50/p90 across samples; us)
Method                   Phase                                                             p50        p90
dcp_mega_varlen          kernel_start                                                    0.000      0.000
dcp_mega_varlen          q_allgather_done                                                4.512      4.643
dcp_mega_varlen          attention_done                                                 28.256     28.909
dcp_mega_varlen          history_combine_done                                           43.136     43.808
dcp_mega_varlen          publish_done                                                   43.136     43.808
dcp_mega_varlen          receive_done                                                   48.448     49.827
dcp_mega_varlen          final_combine_done                                             51.824     53.030
dcp_mega_varlen          kernel_done                                                    52.144     53.293
dcp_mega_varlen          post_completion/q_done_to_publish_done                         38.928     39.526
dcp_mega_varlen          post_completion/publish_done_to_receive_done                    6.288      7.715
dcp_mega_varlen          post_completion/attention_done_to_history_combine_done         16.608     16.966
dcp_mega_varlen          post_completion/history_combine_done_to_final_combine_done      9.632     11.046
Wrote benchmark JSON to benchmark_logs/experiment_suite/dcp-suite/01_dcp_wave-b-timestamps-20260814-132129/results/arrival_1/dcp_2/critical_wave_auto_lpt/comm_sm_12/case_000053_dcp2_hkv4_eager.json

================================================================================
Mega comm_sm=12, case 55/100: case_000054_dcp2_hkv4: B=8, Sq=[16, 16, 16, 16, 16, 16, 16, 616], Sk=[1398, 7165, 6767, 24497, 4352, 1593, 3169, 1536], DCP=2, Hkv=4
================================================================================
Config: world_size=8, methods=['dcp_mega_varlen'], QH=32, KVH=4, D=128, TP=8, DCP=2, workload=chunk, execution=eager, baseline_phase_timing=False, warmup=40, iters=60, check=False
Workload: B=8, q_tokens=728, history_tokens=50477, q_seqlens=[16, 16, 16, 16, 16, 16, 16, 616], history_seqlens=[1398, 7165, 6767, 24497, 4352, 1593, 3169, 1536]
Agg TFLOPS uses useful attention work across all TP ranks and p50(max_across_ranks); Avg/GPU divides it by world_size.
KV GB/s/GPU is average logical BF16 K+V bytes read per TP rank divided by p50(max_across_ranks); it is not hardware-counter HBM traffic.

Running B=8, q_tokens=728, history_tokens=50477, causal=True

B=8, q_tokens=728, history_tokens=50477, QH=32, KVH=4, D=128, TP=8, DCP=2, mode=causal
Method                   Time ms                                                                                                                                     Agg TFLOPS    Avg/GPU  KV GB/s/GPU      Check  Note
dcp_mega_varlen          t0=0.077, t1=0.075, t2=0.077, t3=0.075, t4=0.075, t5=0.076, t6=0.075, t7=0.076 | p50(max_across_ranks)=0.077, p90(max_across_ranks)=0.079        406.0       50.8        171.6       skip  eager; output=bf16_ipc_a2a; runner_preallocated; timing=mega_kernel_only

Mega %globaltimer phase timestamps (per-iteration maximum across benchmark ranks, then p50/p90 across samples; us)
Method                   Phase                                                             p50        p90
dcp_mega_varlen          kernel_start                                                    0.000      0.000
dcp_mega_varlen          q_allgather_done                                                8.256      8.416
dcp_mega_varlen          attention_done                                                 54.896     55.424
dcp_mega_varlen          history_combine_done                                           61.920     62.275
dcp_mega_varlen          publish_done                                                   61.920     62.275
dcp_mega_varlen          receive_done                                                   67.232     68.579
dcp_mega_varlen          final_combine_done                                             70.560     71.853
dcp_mega_varlen          kernel_done                                                    70.880     72.173
dcp_mega_varlen          post_completion/q_done_to_publish_done                         54.064     54.755
dcp_mega_varlen          post_completion/publish_done_to_receive_done                    6.928      8.518
dcp_mega_varlen          post_completion/attention_done_to_history_combine_done          7.488      7.811
dcp_mega_varlen          post_completion/history_combine_done_to_final_combine_done     10.240     11.907
Wrote benchmark JSON to benchmark_logs/experiment_suite/dcp-suite/01_dcp_wave-b-timestamps-20260814-132129/results/arrival_1/dcp_2/critical_wave_auto_lpt/comm_sm_12/case_000054_dcp2_hkv4_eager.json

================================================================================
Mega comm_sm=12, case 56/100: case_000055_dcp2_hkv4: B=5, Sq=[16, 16, 16, 16, 16], Sk=[14878, 9621, 2315, 10974, 1100], DCP=2, Hkv=4
================================================================================
Config: world_size=8, methods=['dcp_mega_varlen'], QH=32, KVH=4, D=128, TP=8, DCP=2, workload=chunk, execution=eager, baseline_phase_timing=False, warmup=40, iters=60, check=False
Workload: B=5, q_tokens=80, history_tokens=38888, q_seqlens=[16, 16, 16, 16, 16], history_seqlens=[14878, 9621, 2315, 10974, 1100]
Agg TFLOPS uses useful attention work across all TP ranks and p50(max_across_ranks); Avg/GPU divides it by world_size.
KV GB/s/GPU is average logical BF16 K+V bytes read per TP rank divided by p50(max_across_ranks); it is not hardware-counter HBM traffic.

Running B=5, q_tokens=80, history_tokens=38888, causal=True

B=5, q_tokens=80, history_tokens=38888, QH=32, KVH=4, D=128, TP=8, DCP=2, mode=causal
Method                   Time ms                                                                                                                                     Agg TFLOPS    Avg/GPU  KV GB/s/GPU      Check  Note
dcp_mega_varlen          t0=0.050, t1=0.048, t2=0.050, t3=0.049, t4=0.050, t5=0.050, t6=0.050, t7=0.049 | p50(max_across_ranks)=0.051, p90(max_across_ranks)=0.052        200.8       25.1        196.7       skip  eager; output=bf16_ipc_a2a; runner_preallocated; timing=mega_kernel_only

Mega %globaltimer phase timestamps (per-iteration maximum across benchmark ranks, then p50/p90 across samples; us)
Method                   Phase                                                             p50        p90
dcp_mega_varlen          kernel_start                                                    0.000      0.000
dcp_mega_varlen          q_allgather_done                                                3.840      3.904
dcp_mega_varlen          attention_done                                                 27.936     28.096
dcp_mega_varlen          history_combine_done                                           35.872     36.131
dcp_mega_varlen          publish_done                                                   35.872     36.131
dcp_mega_varlen          receive_done                                                   40.960     42.179
dcp_mega_varlen          final_combine_done                                             43.968     45.248
dcp_mega_varlen          kernel_done                                                    44.288     45.568
dcp_mega_varlen          post_completion/q_done_to_publish_done                         32.064     32.416
dcp_mega_varlen          post_completion/publish_done_to_receive_done                    6.480      7.702
dcp_mega_varlen          post_completion/attention_done_to_history_combine_done          8.352      8.800
dcp_mega_varlen          post_completion/history_combine_done_to_final_combine_done      9.472     10.717
Wrote benchmark JSON to benchmark_logs/experiment_suite/dcp-suite/01_dcp_wave-b-timestamps-20260814-132129/results/arrival_1/dcp_2/critical_wave_auto_lpt/comm_sm_12/case_000055_dcp2_hkv4_eager.json

================================================================================
Mega comm_sm=12, case 57/100: case_000056_dcp2_hkv4: B=7, Sq=[16, 16, 16, 16, 16, 16, 16], Sk=[10754, 22303, 21052, 31849, 18058, 5316, 2288], DCP=2, Hkv=4
================================================================================
Config: world_size=8, methods=['dcp_mega_varlen'], QH=32, KVH=4, D=128, TP=8, DCP=2, workload=chunk, execution=eager, baseline_phase_timing=False, warmup=40, iters=60, check=False
Workload: B=7, q_tokens=112, history_tokens=111620, q_seqlens=[16, 16, 16, 16, 16, 16, 16], history_seqlens=[10754, 22303, 21052, 31849, 18058, 5316, 2288]
Agg TFLOPS uses useful attention work across all TP ranks and p50(max_across_ranks); Avg/GPU divides it by world_size.
KV GB/s/GPU is average logical BF16 K+V bytes read per TP rank divided by p50(max_across_ranks); it is not hardware-counter HBM traffic.

Running B=7, q_tokens=112, history_tokens=111620, causal=True

B=7, q_tokens=112, history_tokens=111620, QH=32, KVH=4, D=128, TP=8, DCP=2, mode=causal
Method                   Time ms                                                                                                                                     Agg TFLOPS    Avg/GPU  KV GB/s/GPU      Check  Note
dcp_mega_varlen          t0=0.056, t1=0.055, t2=0.056, t3=0.055, t4=0.055, t5=0.055, t6=0.055, t7=0.055 | p50(max_across_ranks)=0.057, p90(max_across_ranks)=0.057        517.9       64.7        506.5       skip  eager; output=bf16_ipc_a2a; runner_preallocated; timing=mega_kernel_only

Mega %globaltimer phase timestamps (per-iteration maximum across benchmark ranks, then p50/p90 across samples; us)
Method                   Phase                                                             p50        p90
dcp_mega_varlen          kernel_start                                                    0.000      0.000
dcp_mega_varlen          q_allgather_done                                                4.256      4.384
dcp_mega_varlen          attention_done                                                 20.288     20.646
dcp_mega_varlen          history_combine_done                                           41.824     42.179
dcp_mega_varlen          publish_done                                                   41.824     42.179
dcp_mega_varlen          receive_done                                                   46.752     47.427
dcp_mega_varlen          final_combine_done                                             49.696     50.390
dcp_mega_varlen          kernel_done                                                    50.016     50.701
dcp_mega_varlen          post_completion/q_done_to_publish_done                         37.792     38.115
dcp_mega_varlen          post_completion/publish_done_to_receive_done                    5.808      6.576
dcp_mega_varlen          post_completion/attention_done_to_history_combine_done         22.032     22.336
dcp_mega_varlen          post_completion/history_combine_done_to_final_combine_done      8.752      9.568
Wrote benchmark JSON to benchmark_logs/experiment_suite/dcp-suite/01_dcp_wave-b-timestamps-20260814-132129/results/arrival_1/dcp_2/critical_wave_auto_lpt/comm_sm_12/case_000056_dcp2_hkv4_eager.json

================================================================================
Mega comm_sm=12, case 58/100: case_000057_dcp2_hkv4: B=8, Sq=[16, 16, 16, 16, 16, 16, 16, 16], Sk=[19200, 48158, 8257, 7464, 10078, 4215, 6080, 1212], DCP=2, Hkv=4
================================================================================
Config: world_size=8, methods=['dcp_mega_varlen'], QH=32, KVH=4, D=128, TP=8, DCP=2, workload=chunk, execution=eager, baseline_phase_timing=False, warmup=40, iters=60, check=False
Workload: B=8, q_tokens=128, history_tokens=104664, q_seqlens=[16, 16, 16, 16, 16, 16, 16, 16], history_seqlens=[19200, 48158, 8257, 7464, 10078, 4215, 6080, 1212]
Agg TFLOPS uses useful attention work across all TP ranks and p50(max_across_ranks); Avg/GPU divides it by world_size.
KV GB/s/GPU is average logical BF16 K+V bytes read per TP rank divided by p50(max_across_ranks); it is not hardware-counter HBM traffic.

Running B=8, q_tokens=128, history_tokens=104664, causal=True

B=8, q_tokens=128, history_tokens=104664, QH=32, KVH=4, D=128, TP=8, DCP=2, mode=causal
Method                   Time ms                                                                                                                                     Agg TFLOPS    Avg/GPU  KV GB/s/GPU      Check  Note
dcp_mega_varlen          t0=0.074, t1=0.073, t2=0.075, t3=0.074, t4=0.074, t5=0.075, t6=0.075, t7=0.074 | p50(max_across_ranks)=0.076, p90(max_across_ranks)=0.078        361.9       45.2        354.1       skip  eager; output=bf16_ipc_a2a; runner_preallocated; timing=mega_kernel_only

Mega %globaltimer phase timestamps (per-iteration maximum across benchmark ranks, then p50/p90 across samples; us)
Method                   Phase                                                             p50        p90
dcp_mega_varlen          kernel_start                                                    0.000      0.000
dcp_mega_varlen          q_allgather_done                                                4.096      4.224
dcp_mega_varlen          attention_done                                                 54.688     55.046
dcp_mega_varlen          history_combine_done                                           60.832     61.155
dcp_mega_varlen          publish_done                                                   60.832     61.155
dcp_mega_varlen          receive_done                                                   65.760     67.853
dcp_mega_varlen          final_combine_done                                             69.120     71.270
dcp_mega_varlen          kernel_done                                                    69.456     71.590
dcp_mega_varlen          post_completion/q_done_to_publish_done                         56.896     57.187
dcp_mega_varlen          post_completion/publish_done_to_receive_done                    6.480      8.550
dcp_mega_varlen          post_completion/attention_done_to_history_combine_done          6.448      6.691
dcp_mega_varlen          post_completion/history_combine_done_to_final_combine_done      9.856     11.968
Wrote benchmark JSON to benchmark_logs/experiment_suite/dcp-suite/01_dcp_wave-b-timestamps-20260814-132129/results/arrival_1/dcp_2/critical_wave_auto_lpt/comm_sm_12/case_000057_dcp2_hkv4_eager.json

================================================================================
Mega comm_sm=12, case 59/100: case_000058_dcp2_hkv4: B=8, Sq=[16, 16, 16, 16, 16, 16, 16, 16], Sk=[3244, 2082, 5398, 1762, 1817, 1448, 8679, 44699], DCP=2, Hkv=4
================================================================================
Config: world_size=8, methods=['dcp_mega_varlen'], QH=32, KVH=4, D=128, TP=8, DCP=2, workload=chunk, execution=eager, baseline_phase_timing=False, warmup=40, iters=60, check=False
Workload: B=8, q_tokens=128, history_tokens=69129, q_seqlens=[16, 16, 16, 16, 16, 16, 16, 16], history_seqlens=[3244, 2082, 5398, 1762, 1817, 1448, 8679, 44699]
Agg TFLOPS uses useful attention work across all TP ranks and p50(max_across_ranks); Avg/GPU divides it by world_size.
KV GB/s/GPU is average logical BF16 K+V bytes read per TP rank divided by p50(max_across_ranks); it is not hardware-counter HBM traffic.

Running B=8, q_tokens=128, history_tokens=69129, causal=True

B=8, q_tokens=128, history_tokens=69129, QH=32, KVH=4, D=128, TP=8, DCP=2, mode=causal
Method                   Time ms                                                                                                                                     Agg TFLOPS    Avg/GPU  KV GB/s/GPU      Check  Note
dcp_mega_varlen          t0=0.057, t1=0.056, t2=0.058, t3=0.057, t4=0.057, t5=0.058, t6=0.058, t7=0.057 | p50(max_across_ranks)=0.059, p90(max_across_ranks)=0.060        309.9       38.7        303.5       skip  eager; output=bf16_ipc_a2a; runner_preallocated; timing=mega_kernel_only

Mega %globaltimer phase timestamps (per-iteration maximum across benchmark ranks, then p50/p90 across samples; us)
Method                   Phase                                                             p50        p90
dcp_mega_varlen          kernel_start                                                    0.000      0.000
dcp_mega_varlen          q_allgather_done                                                4.032      4.128
dcp_mega_varlen          attention_done                                                 33.744     34.051
dcp_mega_varlen          history_combine_done                                           43.744     44.099
dcp_mega_varlen          publish_done                                                   43.744     44.099
dcp_mega_varlen          receive_done                                                   48.672     49.850
dcp_mega_varlen          final_combine_done                                             51.792     52.998
dcp_mega_varlen          kernel_done                                                    52.016     53.226
dcp_mega_varlen          post_completion/q_done_to_publish_done                         39.760     40.006
dcp_mega_varlen          post_completion/publish_done_to_receive_done                    6.128      7.318
dcp_mega_varlen          post_completion/attention_done_to_history_combine_done         10.256     10.435
dcp_mega_varlen          post_completion/history_combine_done_to_final_combine_done      9.216     10.384
Wrote benchmark JSON to benchmark_logs/experiment_suite/dcp-suite/01_dcp_wave-b-timestamps-20260814-132129/results/arrival_1/dcp_2/critical_wave_auto_lpt/comm_sm_12/case_000058_dcp2_hkv4_eager.json

================================================================================
Mega comm_sm=12, case 60/100: case_000059_dcp2_hkv4: B=8, Sq=[16, 16, 16, 16, 16, 16, 16, 4096], Sk=[6089, 25323, 7445, 7274, 14399, 1576, 2074, 12800], DCP=2, Hkv=4
================================================================================
Config: world_size=8, methods=['dcp_mega_varlen'], QH=32, KVH=4, D=128, TP=8, DCP=2, workload=chunk, execution=eager, baseline_phase_timing=False, warmup=40, iters=60, check=False
Workload: B=8, q_tokens=4208, history_tokens=76980, q_seqlens=[16, 16, 16, 16, 16, 16, 16, 4096], history_seqlens=[6089, 25323, 7445, 7274, 14399, 1576, 2074, 12800]
Agg TFLOPS uses useful attention work across all TP ranks and p50(max_across_ranks); Avg/GPU divides it by world_size.
KV GB/s/GPU is average logical BF16 K+V bytes read per TP rank divided by p50(max_across_ranks); it is not hardware-counter HBM traffic.

Running B=8, q_tokens=4208, history_tokens=76980, causal=True

B=8, q_tokens=4208, history_tokens=76980, QH=32, KVH=4, D=128, TP=8, DCP=2, mode=causal
Method                   Time ms                                                                                                                                     Agg TFLOPS    Avg/GPU  KV GB/s/GPU      Check  Note
dcp_mega_varlen          t0=0.282, t1=0.281, t2=0.282, t3=0.282, t4=0.279, t5=0.284, t6=0.282, t7=0.279 | p50(max_across_ranks)=0.284, p90(max_across_ranks)=0.288       3565.4      445.7         76.9       skip  eager; output=bf16_ipc_a2a; runner_preallocated; timing=mega_kernel_only

Mega %globaltimer phase timestamps (per-iteration maximum across benchmark ranks, then p50/p90 across samples; us)
Method                   Phase                                                             p50        p90
dcp_mega_varlen          kernel_start                                                    0.000      0.000
dcp_mega_varlen          q_allgather_done                                               29.968     30.691
dcp_mega_varlen          attention_done                                                242.080    242.694
dcp_mega_varlen          history_combine_done                                          259.744    261.187
dcp_mega_varlen          publish_done                                                  259.744    261.187
dcp_mega_varlen          receive_done                                                  267.360    270.861
dcp_mega_varlen          final_combine_done                                            277.296    281.075
dcp_mega_varlen          kernel_done                                                   277.648    281.398
dcp_mega_varlen          post_completion/q_done_to_publish_done                        232.880    234.026
dcp_mega_varlen          post_completion/publish_done_to_receive_done                   11.728     14.845
dcp_mega_varlen          post_completion/attention_done_to_history_combine_done         18.752     19.686
dcp_mega_varlen          post_completion/history_combine_done_to_final_combine_done     21.952     25.088
Wrote benchmark JSON to benchmark_logs/experiment_suite/dcp-suite/01_dcp_wave-b-timestamps-20260814-132129/results/arrival_1/dcp_2/critical_wave_auto_lpt/comm_sm_12/case_000059_dcp2_hkv4_eager.json

================================================================================
Mega comm_sm=12, case 61/100: case_000060_dcp2_hkv4: B=13, Sq=[16, 16, 16, 16, 16, 16, 16, 16, 16, 16, 16, 16, 16], Sk=[1506, 1436, 13666, 5306, 3605, 7767, 4537, 3352, 14920, 13577, 32892, 6117, 968], DCP=2, Hkv=4
================================================================================
Config: world_size=8, methods=['dcp_mega_varlen'], QH=32, KVH=4, D=128, TP=8, DCP=2, workload=chunk, execution=eager, baseline_phase_timing=False, warmup=40, iters=60, check=False
Workload: B=13, q_tokens=208, history_tokens=109649, q_seqlens=[16, 16, 16, 16, 16, 16, 16, 16, 16, 16, 16, 16, 16], history_seqlens=[1506, 1436, 13666, 5306, 3605, 7767, 4537, 3352, 14920, 13577, 32892, 6117, 968]
Agg TFLOPS uses useful attention work across all TP ranks and p50(max_across_ranks); Avg/GPU divides it by world_size.
KV GB/s/GPU is average logical BF16 K+V bytes read per TP rank divided by p50(max_across_ranks); it is not hardware-counter HBM traffic.

Running B=13, q_tokens=208, history_tokens=109649, causal=True

B=13, q_tokens=208, history_tokens=109649, QH=32, KVH=4, D=128, TP=8, DCP=2, mode=causal
Method                   Time ms                                                                                                                                     Agg TFLOPS    Avg/GPU  KV GB/s/GPU      Check  Note
dcp_mega_varlen          t0=0.075, t1=0.074, t2=0.074, t3=0.074, t4=0.075, t5=0.074, t6=0.074, t7=0.073 | p50(max_across_ranks)=0.076, p90(max_across_ranks)=0.077        379.2       47.4        371.4       skip  eager; output=bf16_ipc_a2a; runner_preallocated; timing=mega_kernel_only

Mega %globaltimer phase timestamps (per-iteration maximum across benchmark ranks, then p50/p90 across samples; us)
Method                   Phase                                                             p50        p90
dcp_mega_varlen          kernel_start                                                    0.000      0.000
dcp_mega_varlen          q_allgather_done                                                4.288      4.384
dcp_mega_varlen          attention_done                                                 53.120     53.408
dcp_mega_varlen          history_combine_done                                           60.448     61.670
dcp_mega_varlen          publish_done                                                   60.448     61.670
dcp_mega_varlen          receive_done                                                   65.664     67.910
dcp_mega_varlen          final_combine_done                                             68.992     71.171
dcp_mega_varlen          kernel_done                                                    69.264     71.482
dcp_mega_varlen          post_completion/q_done_to_publish_done                         56.352     57.603
dcp_mega_varlen          post_completion/publish_done_to_receive_done                    6.688      9.581
dcp_mega_varlen          post_completion/attention_done_to_history_combine_done          8.240      8.906
dcp_mega_varlen          post_completion/history_combine_done_to_final_combine_done      9.936     12.579
Wrote benchmark JSON to benchmark_logs/experiment_suite/dcp-suite/01_dcp_wave-b-timestamps-20260814-132129/results/arrival_1/dcp_2/critical_wave_auto_lpt/comm_sm_12/case_000060_dcp2_hkv4_eager.json

================================================================================
Mega comm_sm=12, case 62/100: case_000061_dcp2_hkv4: B=7, Sq=[16, 16, 16, 16, 16, 16, 16], Sk=[3743, 20732, 9086, 1333, 1841, 5197, 13474], DCP=2, Hkv=4
================================================================================
Config: world_size=8, methods=['dcp_mega_varlen'], QH=32, KVH=4, D=128, TP=8, DCP=2, workload=chunk, execution=eager, baseline_phase_timing=False, warmup=40, iters=60, check=False
Workload: B=7, q_tokens=112, history_tokens=55406, q_seqlens=[16, 16, 16, 16, 16, 16, 16], history_seqlens=[3743, 20732, 9086, 1333, 1841, 5197, 13474]
Agg TFLOPS uses useful attention work across all TP ranks and p50(max_across_ranks); Avg/GPU divides it by world_size.
KV GB/s/GPU is average logical BF16 K+V bytes read per TP rank divided by p50(max_across_ranks); it is not hardware-counter HBM traffic.

Running B=7, q_tokens=112, history_tokens=55406, causal=True

B=7, q_tokens=112, history_tokens=55406, QH=32, KVH=4, D=128, TP=8, DCP=2, mode=causal
Method                   Time ms                                                                                                                                     Agg TFLOPS    Avg/GPU  KV GB/s/GPU      Check  Note
dcp_mega_varlen          t0=0.053, t1=0.052, t2=0.052, t3=0.052, t4=0.052, t5=0.053, t6=0.053, t7=0.052 | p50(max_across_ranks)=0.054, p90(max_across_ranks)=0.055        269.7       33.7        264.1       skip  eager; output=bf16_ipc_a2a; runner_preallocated; timing=mega_kernel_only

Mega %globaltimer phase timestamps (per-iteration maximum across benchmark ranks, then p50/p90 across samples; us)
Method                   Phase                                                             p50        p90
dcp_mega_varlen          kernel_start                                                    0.000      0.000
dcp_mega_varlen          q_allgather_done                                                3.936      4.000
dcp_mega_varlen          attention_done                                                 30.048     30.208
dcp_mega_varlen          history_combine_done                                           38.800     39.690
dcp_mega_varlen          publish_done                                                   38.800     39.690
dcp_mega_varlen          receive_done                                                   44.128     45.254
dcp_mega_varlen          final_combine_done                                             47.200     48.365
dcp_mega_varlen          kernel_done                                                    47.504     48.592
dcp_mega_varlen          post_completion/q_done_to_publish_done                         34.960     35.814
dcp_mega_varlen          post_completion/publish_done_to_receive_done                    6.976      8.608
dcp_mega_varlen          post_completion/attention_done_to_history_combine_done          9.360      9.997
dcp_mega_varlen          post_completion/history_combine_done_to_final_combine_done      9.968     11.686
Wrote benchmark JSON to benchmark_logs/experiment_suite/dcp-suite/01_dcp_wave-b-timestamps-20260814-132129/results/arrival_1/dcp_2/critical_wave_auto_lpt/comm_sm_12/case_000061_dcp2_hkv4_eager.json

================================================================================
Mega comm_sm=12, case 63/100: case_000062_dcp2_hkv4: B=7, Sq=[16, 16, 16, 16, 16, 16, 16], Sk=[4387, 11763, 48591, 17436, 3589, 2146, 1121], DCP=2, Hkv=4
================================================================================
Config: world_size=8, methods=['dcp_mega_varlen'], QH=32, KVH=4, D=128, TP=8, DCP=2, workload=chunk, execution=eager, baseline_phase_timing=False, warmup=40, iters=60, check=False
Workload: B=7, q_tokens=112, history_tokens=89033, q_seqlens=[16, 16, 16, 16, 16, 16, 16], history_seqlens=[4387, 11763, 48591, 17436, 3589, 2146, 1121]
Agg TFLOPS uses useful attention work across all TP ranks and p50(max_across_ranks); Avg/GPU divides it by world_size.
KV GB/s/GPU is average logical BF16 K+V bytes read per TP rank divided by p50(max_across_ranks); it is not hardware-counter HBM traffic.

Running B=7, q_tokens=112, history_tokens=89033, causal=True

B=7, q_tokens=112, history_tokens=89033, QH=32, KVH=4, D=128, TP=8, DCP=2, mode=causal
Method                   Time ms                                                                                                                                     Agg TFLOPS    Avg/GPU  KV GB/s/GPU      Check  Note
dcp_mega_varlen          t0=0.065, t1=0.063, t2=0.064, t3=0.064, t4=0.064, t5=0.064, t6=0.065, t7=0.064 | p50(max_across_ranks)=0.066, p90(max_across_ranks)=0.067        354.4       44.3        346.7       skip  eager; output=bf16_ipc_a2a; runner_preallocated; timing=mega_kernel_only

Mega %globaltimer phase timestamps (per-iteration maximum across benchmark ranks, then p50/p90 across samples; us)
Method                   Phase                                                             p50        p90
dcp_mega_varlen          kernel_start                                                    0.000      0.000
dcp_mega_varlen          q_allgather_done                                                4.192      4.320
dcp_mega_varlen          attention_done                                                 42.208     42.432
dcp_mega_varlen          history_combine_done                                           50.368     50.979
dcp_mega_varlen          publish_done                                                   50.368     50.979
dcp_mega_varlen          receive_done                                                   56.032     56.960
dcp_mega_varlen          final_combine_done                                             59.264     60.198
dcp_mega_varlen          kernel_done                                                    59.616     60.547
dcp_mega_varlen          post_completion/q_done_to_publish_done                         46.352     46.890
dcp_mega_varlen          post_completion/publish_done_to_receive_done                    6.800      7.978
dcp_mega_varlen          post_completion/attention_done_to_history_combine_done          8.560      8.899
dcp_mega_varlen          post_completion/history_combine_done_to_final_combine_done      9.984     11.210
Wrote benchmark JSON to benchmark_logs/experiment_suite/dcp-suite/01_dcp_wave-b-timestamps-20260814-132129/results/arrival_1/dcp_2/critical_wave_auto_lpt/comm_sm_12/case_000062_dcp2_hkv4_eager.json

================================================================================
Mega comm_sm=12, case 64/100: case_000063_dcp2_hkv4: B=8, Sq=[16, 16, 16, 16, 16, 16, 16, 16], Sk=[8734, 2194, 34780, 4364, 13675, 1744, 9701, 2967], DCP=2, Hkv=4
================================================================================
Config: world_size=8, methods=['dcp_mega_varlen'], QH=32, KVH=4, D=128, TP=8, DCP=2, workload=chunk, execution=eager, baseline_phase_timing=False, warmup=40, iters=60, check=False
Workload: B=8, q_tokens=128, history_tokens=78159, q_seqlens=[16, 16, 16, 16, 16, 16, 16, 16], history_seqlens=[8734, 2194, 34780, 4364, 13675, 1744, 9701, 2967]
Agg TFLOPS uses useful attention work across all TP ranks and p50(max_across_ranks); Avg/GPU divides it by world_size.
KV GB/s/GPU is average logical BF16 K+V bytes read per TP rank divided by p50(max_across_ranks); it is not hardware-counter HBM traffic.

Running B=8, q_tokens=128, history_tokens=78159, causal=True

B=8, q_tokens=128, history_tokens=78159, QH=32, KVH=4, D=128, TP=8, DCP=2, mode=causal
Method                   Time ms                                                                                                                                     Agg TFLOPS    Avg/GPU  KV GB/s/GPU      Check  Note
dcp_mega_varlen          t0=0.069, t1=0.067, t2=0.067, t3=0.067, t4=0.067, t5=0.067, t6=0.068, t7=0.068 | p50(max_across_ranks)=0.069, p90(max_across_ranks)=0.072        297.0       37.1        290.7       skip  eager; output=bf16_ipc_a2a; runner_preallocated; timing=mega_kernel_only

Mega %globaltimer phase timestamps (per-iteration maximum across benchmark ranks, then p50/p90 across samples; us)
Method                   Phase                                                             p50        p90
dcp_mega_varlen          kernel_start                                                    0.000      0.000
dcp_mega_varlen          q_allgather_done                                                4.000      4.067
dcp_mega_varlen          attention_done                                                 46.896     47.360
dcp_mega_varlen          history_combine_done                                           53.664     53.952
dcp_mega_varlen          publish_done                                                   53.664     53.952
dcp_mega_varlen          receive_done                                                   58.992     61.347
dcp_mega_varlen          final_combine_done                                             62.304     64.531
dcp_mega_varlen          kernel_done                                                    62.640     64.870
dcp_mega_varlen          post_completion/q_done_to_publish_done                         49.728     49.955
dcp_mega_varlen          post_completion/publish_done_to_receive_done                    6.352      9.286
dcp_mega_varlen          post_completion/attention_done_to_history_combine_done          7.088      7.232
dcp_mega_varlen          post_completion/history_combine_done_to_final_combine_done      9.664     12.522
Wrote benchmark JSON to benchmark_logs/experiment_suite/dcp-suite/01_dcp_wave-b-timestamps-20260814-132129/results/arrival_1/dcp_2/critical_wave_auto_lpt/comm_sm_12/case_000063_dcp2_hkv4_eager.json

================================================================================
Mega comm_sm=12, case 65/100: case_000064_dcp2_hkv4: B=7, Sq=[16, 16, 16, 16, 16, 16, 16], Sk=[5362, 1350, 18594, 2622, 16046, 20440, 2642], DCP=2, Hkv=4
================================================================================
Config: world_size=8, methods=['dcp_mega_varlen'], QH=32, KVH=4, D=128, TP=8, DCP=2, workload=chunk, execution=eager, baseline_phase_timing=False, warmup=40, iters=60, check=False
Workload: B=7, q_tokens=112, history_tokens=67056, q_seqlens=[16, 16, 16, 16, 16, 16, 16], history_seqlens=[5362, 1350, 18594, 2622, 16046, 20440, 2642]
Agg TFLOPS uses useful attention work across all TP ranks and p50(max_across_ranks); Avg/GPU divides it by world_size.
KV GB/s/GPU is average logical BF16 K+V bytes read per TP rank divided by p50(max_across_ranks); it is not hardware-counter HBM traffic.

Running B=7, q_tokens=112, history_tokens=67056, causal=True

B=7, q_tokens=112, history_tokens=67056, QH=32, KVH=4, D=128, TP=8, DCP=2, mode=causal
Method                   Time ms                                                                                                                                     Agg TFLOPS    Avg/GPU  KV GB/s/GPU      Check  Note
dcp_mega_varlen          t0=0.063, t1=0.061, t2=0.062, t3=0.062, t4=0.062, t5=0.062, t6=0.062, t7=0.062 | p50(max_across_ranks)=0.064, p90(max_across_ranks)=0.067        276.0       34.5        270.2       skip  eager; output=bf16_ipc_a2a; runner_preallocated; timing=mega_kernel_only

Mega %globaltimer phase timestamps (per-iteration maximum across benchmark ranks, then p50/p90 across samples; us)
Method                   Phase                                                             p50        p90
dcp_mega_varlen          kernel_start                                                    0.000      0.000
dcp_mega_varlen          q_allgather_done                                                3.936      4.000
dcp_mega_varlen          attention_done                                                 39.344     39.648
dcp_mega_varlen          history_combine_done                                           48.368     48.870
dcp_mega_varlen          publish_done                                                   48.368     48.870
dcp_mega_varlen          receive_done                                                   53.888     56.243
dcp_mega_varlen          final_combine_done                                             56.976     59.523
dcp_mega_varlen          kernel_done                                                    57.280     59.843
dcp_mega_varlen          post_completion/q_done_to_publish_done                         44.576     45.059
dcp_mega_varlen          post_completion/publish_done_to_receive_done                    7.328      9.789
dcp_mega_varlen          post_completion/attention_done_to_history_combine_done          9.984     10.275
dcp_mega_varlen          post_completion/history_combine_done_to_final_combine_done     10.400     13.107
Wrote benchmark JSON to benchmark_logs/experiment_suite/dcp-suite/01_dcp_wave-b-timestamps-20260814-132129/results/arrival_1/dcp_2/critical_wave_auto_lpt/comm_sm_12/case_000064_dcp2_hkv4_eager.json

================================================================================
Mega comm_sm=12, case 66/100: case_000065_dcp2_hkv4: B=9, Sq=[16, 16, 16, 16, 16, 16, 16, 16, 400], Sk=[2085, 14196, 2563, 19769, 1251, 2519, 8897, 4113, 512], DCP=2, Hkv=4
================================================================================
Config: world_size=8, methods=['dcp_mega_varlen'], QH=32, KVH=4, D=128, TP=8, DCP=2, workload=chunk, execution=eager, baseline_phase_timing=False, warmup=40, iters=60, check=False
Workload: B=9, q_tokens=528, history_tokens=55905, q_seqlens=[16, 16, 16, 16, 16, 16, 16, 16, 400], history_seqlens=[2085, 14196, 2563, 19769, 1251, 2519, 8897, 4113, 512]
Agg TFLOPS uses useful attention work across all TP ranks and p50(max_across_ranks); Avg/GPU divides it by world_size.
KV GB/s/GPU is average logical BF16 K+V bytes read per TP rank divided by p50(max_across_ranks); it is not hardware-counter HBM traffic.

Running B=9, q_tokens=528, history_tokens=55905, causal=True

B=9, q_tokens=528, history_tokens=55905, QH=32, KVH=4, D=128, TP=8, DCP=2, mode=causal
Method                   Time ms                                                                                                                                     Agg TFLOPS    Avg/GPU  KV GB/s/GPU      Check  Note
dcp_mega_varlen          t0=0.057, t1=0.055, t2=0.056, t3=0.055, t4=0.056, t5=0.056, t6=0.055, t7=0.055 | p50(max_across_ranks)=0.057, p90(max_across_ranks)=0.060        336.4       42.0        255.4       skip  eager; output=bf16_ipc_a2a; runner_preallocated; timing=mega_kernel_only

Mega %globaltimer phase timestamps (per-iteration maximum across benchmark ranks, then p50/p90 across samples; us)
Method                   Phase                                                             p50        p90
dcp_mega_varlen          kernel_start                                                    0.000      0.000
dcp_mega_varlen          q_allgather_done                                                5.056      5.120
dcp_mega_varlen          attention_done                                                 33.696     33.952
dcp_mega_varlen          history_combine_done                                           41.536     41.795
dcp_mega_varlen          publish_done                                                   41.536     41.795
dcp_mega_varlen          receive_done                                                   46.832     50.330
dcp_mega_varlen          final_combine_done                                             50.176     53.526
dcp_mega_varlen          kernel_done                                                    50.512     53.837
dcp_mega_varlen          post_completion/q_done_to_publish_done                         36.800     37.152
dcp_mega_varlen          post_completion/publish_done_to_receive_done                    6.064     10.214
dcp_mega_varlen          post_completion/attention_done_to_history_combine_done          8.272      8.522
dcp_mega_varlen          post_completion/history_combine_done_to_final_combine_done      9.440     13.443
Wrote benchmark JSON to benchmark_logs/experiment_suite/dcp-suite/01_dcp_wave-b-timestamps-20260814-132129/results/arrival_1/dcp_2/critical_wave_auto_lpt/comm_sm_12/case_000065_dcp2_hkv4_eager.json

================================================================================
Mega comm_sm=12, case 67/100: case_000066_dcp2_hkv4: B=11, Sq=[16, 16, 16, 16, 16, 16, 16, 16, 16, 16, 16], Sk=[14568, 3614, 4265, 9629, 16227, 2672, 5902, 14321, 12905, 8894, 1462], DCP=2, Hkv=4
================================================================================
Config: world_size=8, methods=['dcp_mega_varlen'], QH=32, KVH=4, D=128, TP=8, DCP=2, workload=chunk, execution=eager, baseline_phase_timing=False, warmup=40, iters=60, check=False
Workload: B=11, q_tokens=176, history_tokens=94459, q_seqlens=[16, 16, 16, 16, 16, 16, 16, 16, 16, 16, 16], history_seqlens=[14568, 3614, 4265, 9629, 16227, 2672, 5902, 14321, 12905, 8894, 1462]
Agg TFLOPS uses useful attention work across all TP ranks and p50(max_across_ranks); Avg/GPU divides it by world_size.
KV GB/s/GPU is average logical BF16 K+V bytes read per TP rank divided by p50(max_across_ranks); it is not hardware-counter HBM traffic.

Running B=11, q_tokens=176, history_tokens=94459, causal=True

B=11, q_tokens=176, history_tokens=94459, QH=32, KVH=4, D=128, TP=8, DCP=2, mode=causal
Method                   Time ms                                                                                                                                     Agg TFLOPS    Avg/GPU  KV GB/s/GPU      Check  Note
dcp_mega_varlen          t0=0.048, t1=0.046, t2=0.048, t3=0.048, t4=0.047, t5=0.047, t6=0.047, t7=0.047 | p50(max_across_ranks)=0.049, p90(max_across_ranks)=0.050        507.4       63.4        496.9       skip  eager; output=bf16_ipc_a2a; runner_preallocated; timing=mega_kernel_only

Mega %globaltimer phase timestamps (per-iteration maximum across benchmark ranks, then p50/p90 across samples; us)
Method                   Phase                                                             p50        p90
dcp_mega_varlen          kernel_start                                                    0.000      0.000
dcp_mega_varlen          q_allgather_done                                                4.160      4.358
dcp_mega_varlen          attention_done                                                 18.912     19.078
dcp_mega_varlen          history_combine_done                                           33.280     34.122
dcp_mega_varlen          publish_done                                                   33.280     34.122
dcp_mega_varlen          receive_done                                                   38.832     39.680
dcp_mega_varlen          final_combine_done                                             42.048     43.027
dcp_mega_varlen          kernel_done                                                    42.352     43.350
dcp_mega_varlen          post_completion/q_done_to_publish_done                         29.200     30.243
dcp_mega_varlen          post_completion/publish_done_to_receive_done                    6.640      7.558
dcp_mega_varlen          post_completion/attention_done_to_history_combine_done         14.752     15.654
dcp_mega_varlen          post_completion/history_combine_done_to_final_combine_done      9.920     10.912
Wrote benchmark JSON to benchmark_logs/experiment_suite/dcp-suite/01_dcp_wave-b-timestamps-20260814-132129/results/arrival_1/dcp_2/critical_wave_auto_lpt/comm_sm_12/case_000066_dcp2_hkv4_eager.json

================================================================================
Mega comm_sm=12, case 68/100: case_000067_dcp2_hkv4: B=8, Sq=[16, 16, 16, 16, 16, 16, 16, 16], Sk=[2647, 16728, 1254, 4958, 7694, 1263, 1908, 2364], DCP=2, Hkv=4
================================================================================
Config: world_size=8, methods=['dcp_mega_varlen'], QH=32, KVH=4, D=128, TP=8, DCP=2, workload=chunk, execution=eager, baseline_phase_timing=False, warmup=40, iters=60, check=False
Workload: B=8, q_tokens=128, history_tokens=38816, q_seqlens=[16, 16, 16, 16, 16, 16, 16, 16], history_seqlens=[2647, 16728, 1254, 4958, 7694, 1263, 1908, 2364]
Agg TFLOPS uses useful attention work across all TP ranks and p50(max_across_ranks); Avg/GPU divides it by world_size.
KV GB/s/GPU is average logical BF16 K+V bytes read per TP rank divided by p50(max_across_ranks); it is not hardware-counter HBM traffic.

Running B=8, q_tokens=128, history_tokens=38816, causal=True

B=8, q_tokens=128, history_tokens=38816, QH=32, KVH=4, D=128, TP=8, DCP=2, mode=causal
Method                   Time ms                                                                                                                                     Agg TFLOPS    Avg/GPU  KV GB/s/GPU      Check  Note
dcp_mega_varlen          t0=0.058, t1=0.056, t2=0.058, t3=0.058, t4=0.057, t5=0.057, t6=0.057, t7=0.057 | p50(max_across_ranks)=0.059, p90(max_across_ranks)=0.060        172.8       21.6        169.6       skip  eager; output=bf16_ipc_a2a; runner_preallocated; timing=mega_kernel_only

Mega %globaltimer phase timestamps (per-iteration maximum across benchmark ranks, then p50/p90 across samples; us)
Method                   Phase                                                             p50        p90
dcp_mega_varlen          kernel_start                                                    0.000      0.000
dcp_mega_varlen          q_allgather_done                                                4.000      4.067
dcp_mega_varlen          attention_done                                                 37.024     37.315
dcp_mega_varlen          history_combine_done                                           43.872     44.291
dcp_mega_varlen          publish_done                                                   43.872     44.291
dcp_mega_varlen          receive_done                                                   48.960     50.294
dcp_mega_varlen          final_combine_done                                             52.176     53.462
dcp_mega_varlen          kernel_done                                                    52.464     53.782
dcp_mega_varlen          post_completion/q_done_to_publish_done                         40.000     40.384
dcp_mega_varlen          post_completion/publish_done_to_receive_done                    6.816      8.224
dcp_mega_varlen          post_completion/attention_done_to_history_combine_done          7.360      7.651
dcp_mega_varlen          post_completion/history_combine_done_to_final_combine_done      9.984     11.450
Wrote benchmark JSON to benchmark_logs/experiment_suite/dcp-suite/01_dcp_wave-b-timestamps-20260814-132129/results/arrival_1/dcp_2/critical_wave_auto_lpt/comm_sm_12/case_000067_dcp2_hkv4_eager.json

================================================================================
Mega comm_sm=12, case 69/100: case_000068_dcp2_hkv4: B=10, Sq=[16, 16, 16, 16, 16, 16, 16, 16, 16, 16], Sk=[10637, 15331, 8481, 4844, 15971, 1085, 6729, 18439, 20854, 23058], DCP=2, Hkv=4
================================================================================
Config: world_size=8, methods=['dcp_mega_varlen'], QH=32, KVH=4, D=128, TP=8, DCP=2, workload=chunk, execution=eager, baseline_phase_timing=False, warmup=40, iters=60, check=False
Workload: B=10, q_tokens=160, history_tokens=125429, q_seqlens=[16, 16, 16, 16, 16, 16, 16, 16, 16, 16], history_seqlens=[10637, 15331, 8481, 4844, 15971, 1085, 6729, 18439, 20854, 23058]
Agg TFLOPS uses useful attention work across all TP ranks and p50(max_across_ranks); Avg/GPU divides it by world_size.
KV GB/s/GPU is average logical BF16 K+V bytes read per TP rank divided by p50(max_across_ranks); it is not hardware-counter HBM traffic.

Running B=10, q_tokens=160, history_tokens=125429, causal=True

B=10, q_tokens=160, history_tokens=125429, QH=32, KVH=4, D=128, TP=8, DCP=2, mode=causal
Method                   Time ms                                                                                                                                     Agg TFLOPS    Avg/GPU  KV GB/s/GPU      Check  Note
dcp_mega_varlen          t0=0.056, t1=0.055, t2=0.056, t3=0.056, t4=0.056, t5=0.056, t6=0.056, t7=0.055 | p50(max_across_ranks)=0.057, p90(max_across_ranks)=0.058        576.7       72.1        564.2       skip  eager; output=bf16_ipc_a2a; runner_preallocated; timing=mega_kernel_only

Mega %globaltimer phase timestamps (per-iteration maximum across benchmark ranks, then p50/p90 across samples; us)
Method                   Phase                                                             p50        p90
dcp_mega_varlen          kernel_start                                                    0.000      0.000
dcp_mega_varlen          q_allgather_done                                                4.464      4.576
dcp_mega_varlen          attention_done                                                 22.928     23.370
dcp_mega_varlen          history_combine_done                                           41.984     42.563
dcp_mega_varlen          publish_done                                                   41.984     42.563
dcp_mega_varlen          receive_done                                                   47.136     48.582
dcp_mega_varlen          final_combine_done                                             50.288     51.706
dcp_mega_varlen          kernel_done                                                    50.528     51.958
dcp_mega_varlen          post_completion/q_done_to_publish_done                         37.824     38.403
dcp_mega_varlen          post_completion/publish_done_to_receive_done                    6.288      7.648
dcp_mega_varlen          post_completion/attention_done_to_history_combine_done         19.456     19.882
dcp_mega_varlen          post_completion/history_combine_done_to_final_combine_done      9.440     11.018
Wrote benchmark JSON to benchmark_logs/experiment_suite/dcp-suite/01_dcp_wave-b-timestamps-20260814-132129/results/arrival_1/dcp_2/critical_wave_auto_lpt/comm_sm_12/case_000068_dcp2_hkv4_eager.json

================================================================================
Mega comm_sm=12, case 70/100: case_000069_dcp2_hkv4: B=5, Sq=[16, 16, 16, 16, 16], Sk=[3323, 11331, 40589, 58538, 6431], DCP=2, Hkv=4
================================================================================
Config: world_size=8, methods=['dcp_mega_varlen'], QH=32, KVH=4, D=128, TP=8, DCP=2, workload=chunk, execution=eager, baseline_phase_timing=False, warmup=40, iters=60, check=False
Workload: B=5, q_tokens=80, history_tokens=120212, q_seqlens=[16, 16, 16, 16, 16], history_seqlens=[3323, 11331, 40589, 58538, 6431]
Agg TFLOPS uses useful attention work across all TP ranks and p50(max_across_ranks); Avg/GPU divides it by world_size.
KV GB/s/GPU is average logical BF16 K+V bytes read per TP rank divided by p50(max_across_ranks); it is not hardware-counter HBM traffic.

Running B=5, q_tokens=80, history_tokens=120212, causal=True

B=5, q_tokens=80, history_tokens=120212, QH=32, KVH=4, D=128, TP=8, DCP=2, mode=causal
Method                   Time ms                                                                                                                                     Agg TFLOPS    Avg/GPU  KV GB/s/GPU      Check  Note
dcp_mega_varlen          t0=0.077, t1=0.076, t2=0.077, t3=0.076, t4=0.076, t5=0.076, t6=0.076, t7=0.077 | p50(max_across_ranks)=0.078, p90(max_across_ranks)=0.087        404.1       50.5        395.0       skip  eager; output=bf16_ipc_a2a; runner_preallocated; timing=mega_kernel_only

Mega %globaltimer phase timestamps (per-iteration maximum across benchmark ranks, then p50/p90 across samples; us)
Method                   Phase                                                             p50        p90
dcp_mega_varlen          kernel_start                                                    0.000      0.000
dcp_mega_varlen          q_allgather_done                                                4.256      4.448
dcp_mega_varlen          attention_done                                                 54.432     54.723
dcp_mega_varlen          history_combine_done                                           62.784     63.139
dcp_mega_varlen          publish_done                                                   62.784     63.139
dcp_mega_varlen          receive_done                                                   67.904     77.248
dcp_mega_varlen          final_combine_done                                             71.200     80.077
dcp_mega_varlen          kernel_done                                                    71.504     80.301
dcp_mega_varlen          post_completion/q_done_to_publish_done                         58.736     59.171
dcp_mega_varlen          post_completion/publish_done_to_receive_done                    6.192     15.248
dcp_mega_varlen          post_completion/attention_done_to_history_combine_done          8.640      8.934
dcp_mega_varlen          post_completion/history_combine_done_to_final_combine_done      9.472     18.077
Wrote benchmark JSON to benchmark_logs/experiment_suite/dcp-suite/01_dcp_wave-b-timestamps-20260814-132129/results/arrival_1/dcp_2/critical_wave_auto_lpt/comm_sm_12/case_000069_dcp2_hkv4_eager.json

================================================================================
Mega comm_sm=12, case 71/100: case_000070_dcp2_hkv4: B=10, Sq=[16, 16, 16, 16, 16, 16, 16, 16, 16, 16], Sk=[3256, 15600, 3515, 2941, 1156, 1152, 4543, 1008, 3080, 11947], DCP=2, Hkv=4
================================================================================
Config: world_size=8, methods=['dcp_mega_varlen'], QH=32, KVH=4, D=128, TP=8, DCP=2, workload=chunk, execution=eager, baseline_phase_timing=False, warmup=40, iters=60, check=False
Workload: B=10, q_tokens=160, history_tokens=48198, q_seqlens=[16, 16, 16, 16, 16, 16, 16, 16, 16, 16], history_seqlens=[3256, 15600, 3515, 2941, 1156, 1152, 4543, 1008, 3080, 11947]
Agg TFLOPS uses useful attention work across all TP ranks and p50(max_across_ranks); Avg/GPU divides it by world_size.
KV GB/s/GPU is average logical BF16 K+V bytes read per TP rank divided by p50(max_across_ranks); it is not hardware-counter HBM traffic.

Running B=10, q_tokens=160, history_tokens=48198, causal=True

B=10, q_tokens=160, history_tokens=48198, QH=32, KVH=4, D=128, TP=8, DCP=2, mode=causal
Method                   Time ms                                                                                                                                     Agg TFLOPS    Avg/GPU  KV GB/s/GPU      Check  Note
dcp_mega_varlen          t0=0.056, t1=0.054, t2=0.055, t3=0.055, t4=0.055, t5=0.055, t6=0.055, t7=0.055 | p50(max_across_ranks)=0.057, p90(max_across_ranks)=0.058        222.5       27.8        218.3       skip  eager; output=bf16_ipc_a2a; runner_preallocated; timing=mega_kernel_only

Mega %globaltimer phase timestamps (per-iteration maximum across benchmark ranks, then p50/p90 across samples; us)
Method                   Phase                                                             p50        p90
dcp_mega_varlen          kernel_start                                                    0.000      0.000
dcp_mega_varlen          q_allgather_done                                                4.000      4.064
dcp_mega_varlen          attention_done                                                 33.856     34.147
dcp_mega_varlen          history_combine_done                                           42.048     42.467
dcp_mega_varlen          publish_done                                                   42.048     42.467
dcp_mega_varlen          receive_done                                                   46.960     47.747
dcp_mega_varlen          final_combine_done                                             49.984     50.861
dcp_mega_varlen          kernel_done                                                    50.320     51.210
dcp_mega_varlen          post_completion/q_done_to_publish_done                         38.144     38.595
dcp_mega_varlen          post_completion/publish_done_to_receive_done                    6.768      7.616
dcp_mega_varlen          post_completion/attention_done_to_history_combine_done          8.576      8.867
dcp_mega_varlen          post_completion/history_combine_done_to_final_combine_done      9.824     10.688
Wrote benchmark JSON to benchmark_logs/experiment_suite/dcp-suite/01_dcp_wave-b-timestamps-20260814-132129/results/arrival_1/dcp_2/critical_wave_auto_lpt/comm_sm_12/case_000070_dcp2_hkv4_eager.json

================================================================================
Mega comm_sm=12, case 72/100: case_000071_dcp2_hkv4: B=4, Sq=[16, 16, 16, 16], Sk=[1313, 95285, 24119, 14797], DCP=2, Hkv=4
================================================================================
Config: world_size=8, methods=['dcp_mega_varlen'], QH=32, KVH=4, D=128, TP=8, DCP=2, workload=chunk, execution=eager, baseline_phase_timing=False, warmup=40, iters=60, check=False
Workload: B=4, q_tokens=64, history_tokens=135514, q_seqlens=[16, 16, 16, 16], history_seqlens=[1313, 95285, 24119, 14797]
Agg TFLOPS uses useful attention work across all TP ranks and p50(max_across_ranks); Avg/GPU divides it by world_size.
KV GB/s/GPU is average logical BF16 K+V bytes read per TP rank divided by p50(max_across_ranks); it is not hardware-counter HBM traffic.

Running B=4, q_tokens=64, history_tokens=135514, causal=True

B=4, q_tokens=64, history_tokens=135514, QH=32, KVH=4, D=128, TP=8, DCP=2, mode=causal
Method                   Time ms                                                                                                                                     Agg TFLOPS    Avg/GPU  KV GB/s/GPU      Check  Note
dcp_mega_varlen          t0=0.073, t1=0.072, t2=0.072, t3=0.072, t4=0.073, t5=0.072, t6=0.073, t7=0.072 | p50(max_across_ranks)=0.074, p90(max_across_ranks)=0.076        482.2       60.3        471.2       skip  eager; output=bf16_ipc_a2a; runner_preallocated; timing=mega_kernel_only

Mega %globaltimer phase timestamps (per-iteration maximum across benchmark ranks, then p50/p90 across samples; us)
Method                   Phase                                                             p50        p90
dcp_mega_varlen          kernel_start                                                    0.000      0.000
dcp_mega_varlen          q_allgather_done                                                4.224      4.323
dcp_mega_varlen          attention_done                                                 45.824     46.150
dcp_mega_varlen          history_combine_done                                           58.560     58.982
dcp_mega_varlen          publish_done                                                   58.560     58.982
dcp_mega_varlen          receive_done                                                   63.792     65.232
dcp_mega_varlen          final_combine_done                                             67.056     68.486
dcp_mega_varlen          kernel_done                                                    67.344     68.826
dcp_mega_varlen          post_completion/q_done_to_publish_done                         54.480     55.040
dcp_mega_varlen          post_completion/publish_done_to_receive_done                    6.240      7.683
dcp_mega_varlen          post_completion/attention_done_to_history_combine_done         12.944     13.152
dcp_mega_varlen          post_completion/history_combine_done_to_final_combine_done      9.424     11.024
Wrote benchmark JSON to benchmark_logs/experiment_suite/dcp-suite/01_dcp_wave-b-timestamps-20260814-132129/results/arrival_1/dcp_2/critical_wave_auto_lpt/comm_sm_12/case_000071_dcp2_hkv4_eager.json

================================================================================
Mega comm_sm=12, case 73/100: case_000072_dcp2_hkv4: B=5, Sq=[16, 16, 16, 16, 16], Sk=[1691, 4276, 5047, 1060, 931], DCP=2, Hkv=4
================================================================================
Config: world_size=8, methods=['dcp_mega_varlen'], QH=32, KVH=4, D=128, TP=8, DCP=2, workload=chunk, execution=eager, baseline_phase_timing=False, warmup=40, iters=60, check=False
Workload: B=5, q_tokens=80, history_tokens=13005, q_seqlens=[16, 16, 16, 16, 16], history_seqlens=[1691, 4276, 5047, 1060, 931]
Agg TFLOPS uses useful attention work across all TP ranks and p50(max_across_ranks); Avg/GPU divides it by world_size.
KV GB/s/GPU is average logical BF16 K+V bytes read per TP rank divided by p50(max_across_ranks); it is not hardware-counter HBM traffic.

Running B=5, q_tokens=80, history_tokens=13005, causal=True

B=5, q_tokens=80, history_tokens=13005, QH=32, KVH=4, D=128, TP=8, DCP=2, mode=causal
Method                   Time ms                                                                                                                                     Agg TFLOPS    Avg/GPU  KV GB/s/GPU      Check  Note
dcp_mega_varlen          t0=0.042, t1=0.040, t2=0.041, t3=0.041, t4=0.041, t5=0.041, t6=0.041, t7=0.041 | p50(max_across_ranks)=0.043, p90(max_across_ranks)=0.044         80.5       10.1         79.3       skip  eager; output=bf16_ipc_a2a; runner_preallocated; timing=mega_kernel_only

Mega %globaltimer phase timestamps (per-iteration maximum across benchmark ranks, then p50/p90 across samples; us)
Method                   Phase                                                             p50        p90
dcp_mega_varlen          kernel_start                                                    0.000      0.000
dcp_mega_varlen          q_allgather_done                                                3.920      3.971
dcp_mega_varlen          attention_done                                                 18.432     18.595
dcp_mega_varlen          history_combine_done                                           27.344     28.160
dcp_mega_varlen          publish_done                                                   27.344     28.160
dcp_mega_varlen          receive_done                                                   32.576     34.010
dcp_mega_varlen          final_combine_done                                             35.712     37.094
dcp_mega_varlen          kernel_done                                                    36.016     37.446
dcp_mega_varlen          post_completion/q_done_to_publish_done                         23.584     24.288
dcp_mega_varlen          post_completion/publish_done_to_receive_done                    6.864      8.432
dcp_mega_varlen          post_completion/attention_done_to_history_combine_done          9.232     10.211
dcp_mega_varlen          post_completion/history_combine_done_to_final_combine_done      9.952     11.562
Wrote benchmark JSON to benchmark_logs/experiment_suite/dcp-suite/01_dcp_wave-b-timestamps-20260814-132129/results/arrival_1/dcp_2/critical_wave_auto_lpt/comm_sm_12/case_000072_dcp2_hkv4_eager.json

================================================================================
Mega comm_sm=12, case 74/100: case_000073_dcp2_hkv4: B=7, Sq=[16, 16, 16, 16, 16, 16, 16], Sk=[109473, 3820, 7001, 7363, 9089, 1744, 4273], DCP=2, Hkv=4
================================================================================
Config: world_size=8, methods=['dcp_mega_varlen'], QH=32, KVH=4, D=128, TP=8, DCP=2, workload=chunk, execution=eager, baseline_phase_timing=False, warmup=40, iters=60, check=False
Workload: B=7, q_tokens=112, history_tokens=142763, q_seqlens=[16, 16, 16, 16, 16, 16, 16], history_seqlens=[109473, 3820, 7001, 7363, 9089, 1744, 4273]
Agg TFLOPS uses useful attention work across all TP ranks and p50(max_across_ranks); Avg/GPU divides it by world_size.
KV GB/s/GPU is average logical BF16 K+V bytes read per TP rank divided by p50(max_across_ranks); it is not hardware-counter HBM traffic.

Running B=7, q_tokens=112, history_tokens=142763, causal=True

B=7, q_tokens=112, history_tokens=142763, QH=32, KVH=4, D=128, TP=8, DCP=2, mode=causal
Method                   Time ms                                                                                                                                     Agg TFLOPS    Avg/GPU  KV GB/s/GPU      Check  Note
dcp_mega_varlen          t0=0.076, t1=0.075, t2=0.075, t3=0.075, t4=0.081, t5=0.070, t6=0.076, t7=0.075 | p50(max_across_ranks)=0.081, p90(max_across_ranks)=0.087        462.7       57.8        452.4       skip  eager; output=bf16_ipc_a2a; runner_preallocated; timing=mega_kernel_only

Mega %globaltimer phase timestamps (per-iteration maximum across benchmark ranks, then p50/p90 across samples; us)
Method                   Phase                                                             p50        p90
dcp_mega_varlen          kernel_start                                                    0.000      0.000
dcp_mega_varlen          q_allgather_done                                                4.480      4.672
dcp_mega_varlen          attention_done                                                 48.896     49.094
dcp_mega_varlen          history_combine_done                                           61.488     61.923
dcp_mega_varlen          publish_done                                                   61.488     61.923
dcp_mega_varlen          receive_done                                                   70.848     77.379
dcp_mega_varlen          final_combine_done                                             74.320     80.608
dcp_mega_varlen          kernel_done                                                    74.640     80.928
dcp_mega_varlen          post_completion/q_done_to_publish_done                         57.216     57.632
dcp_mega_varlen          post_completion/publish_done_to_receive_done                   10.384     16.707
dcp_mega_varlen          post_completion/attention_done_to_history_combine_done         13.152     13.379
dcp_mega_varlen          post_completion/history_combine_done_to_final_combine_done     13.808     20.003
Wrote benchmark JSON to benchmark_logs/experiment_suite/dcp-suite/01_dcp_wave-b-timestamps-20260814-132129/results/arrival_1/dcp_2/critical_wave_auto_lpt/comm_sm_12/case_000073_dcp2_hkv4_eager.json

================================================================================
Mega comm_sm=12, case 75/100: case_000074_dcp2_hkv4: B=14, Sq=[16, 16, 16, 16, 16, 16, 16, 16, 16, 16, 16, 16, 16, 16], Sk=[33784, 1322, 23660, 15241, 17366, 5628, 4103, 14722, 30289, 8289, 49727, 13117, 1172, 28644], DCP=2, Hkv=4
================================================================================
Config: world_size=8, methods=['dcp_mega_varlen'], QH=32, KVH=4, D=128, TP=8, DCP=2, workload=chunk, execution=eager, baseline_phase_timing=False, warmup=40, iters=60, check=False
Workload: B=14, q_tokens=224, history_tokens=247064, q_seqlens=[16, 16, 16, 16, 16, 16, 16, 16, 16, 16, 16, 16, 16, 16], history_seqlens=[33784, 1322, 23660, 15241, 17366, 5628, 4103, 14722, 30289, 8289, 49727, 13117, 1172, 28644]
Agg TFLOPS uses useful attention work across all TP ranks and p50(max_across_ranks); Avg/GPU divides it by world_size.
KV GB/s/GPU is average logical BF16 K+V bytes read per TP rank divided by p50(max_across_ranks); it is not hardware-counter HBM traffic.

Running B=14, q_tokens=224, history_tokens=247064, causal=True

B=14, q_tokens=224, history_tokens=247064, QH=32, KVH=4, D=128, TP=8, DCP=2, mode=causal
Method                   Time ms                                                                                                                                     Agg TFLOPS    Avg/GPU  KV GB/s/GPU      Check  Note
dcp_mega_varlen          t0=0.078, t1=0.077, t2=0.078, t3=0.078, t4=0.077, t5=0.077, t6=0.078, t7=0.078 | p50(max_across_ranks)=0.079, p90(max_across_ranks)=0.080        819.1      102.4        801.0       skip  eager; output=bf16_ipc_a2a; runner_preallocated; timing=mega_kernel_only

Mega %globaltimer phase timestamps (per-iteration maximum across benchmark ranks, then p50/p90 across samples; us)
Method                   Phase                                                             p50        p90
dcp_mega_varlen          kernel_start                                                    0.000      0.000
dcp_mega_varlen          q_allgather_done                                                4.448      4.579
dcp_mega_varlen          attention_done                                                 39.312     39.882
dcp_mega_varlen          history_combine_done                                           63.696     64.483
dcp_mega_varlen          publish_done                                                   63.696     64.483
dcp_mega_varlen          receive_done                                                   69.088     70.154
dcp_mega_varlen          final_combine_done                                             72.464     73.638
dcp_mega_varlen          kernel_done                                                    72.704     73.862
dcp_mega_varlen          post_completion/q_done_to_publish_done                         59.408     60.160
dcp_mega_varlen          post_completion/publish_done_to_receive_done                    6.832      8.000
dcp_mega_varlen          post_completion/attention_done_to_history_combine_done         25.952     27.043
dcp_mega_varlen          post_completion/history_combine_done_to_final_combine_done     10.160     11.398
Wrote benchmark JSON to benchmark_logs/experiment_suite/dcp-suite/01_dcp_wave-b-timestamps-20260814-132129/results/arrival_1/dcp_2/critical_wave_auto_lpt/comm_sm_12/case_000074_dcp2_hkv4_eager.json

================================================================================
Mega comm_sm=12, case 76/100: case_000075_dcp2_hkv4: B=9, Sq=[16, 16, 16, 16, 16, 16, 16, 16, 16], Sk=[34124, 8602, 28971, 4206, 11859, 15223, 2108, 13995, 5210], DCP=2, Hkv=4
================================================================================
Config: world_size=8, methods=['dcp_mega_varlen'], QH=32, KVH=4, D=128, TP=8, DCP=2, workload=chunk, execution=eager, baseline_phase_timing=False, warmup=40, iters=60, check=False
Workload: B=9, q_tokens=144, history_tokens=124298, q_seqlens=[16, 16, 16, 16, 16, 16, 16, 16, 16], history_seqlens=[34124, 8602, 28971, 4206, 11859, 15223, 2108, 13995, 5210]
Agg TFLOPS uses useful attention work across all TP ranks and p50(max_across_ranks); Avg/GPU divides it by world_size.
KV GB/s/GPU is average logical BF16 K+V bytes read per TP rank divided by p50(max_across_ranks); it is not hardware-counter HBM traffic.

Running B=9, q_tokens=144, history_tokens=124298, causal=True

B=9, q_tokens=144, history_tokens=124298, QH=32, KVH=4, D=128, TP=8, DCP=2, mode=causal
Method                   Time ms                                                                                                                                     Agg TFLOPS    Avg/GPU  KV GB/s/GPU      Check  Note
dcp_mega_varlen          t0=0.055, t1=0.054, t2=0.055, t3=0.055, t4=0.055, t5=0.054, t6=0.055, t7=0.056 | p50(max_across_ranks)=0.056, p90(max_across_ranks)=0.058        581.4       72.7        568.7       skip  eager; output=bf16_ipc_a2a; runner_preallocated; timing=mega_kernel_only

Mega %globaltimer phase timestamps (per-iteration maximum across benchmark ranks, then p50/p90 across samples; us)
Method                   Phase                                                             p50        p90
dcp_mega_varlen          kernel_start                                                    0.000      0.000
dcp_mega_varlen          q_allgather_done                                                4.480      4.608
dcp_mega_varlen          attention_done                                                 22.784     23.238
dcp_mega_varlen          history_combine_done                                           41.472     42.090
dcp_mega_varlen          publish_done                                                   41.472     42.090
dcp_mega_varlen          receive_done                                                   46.400     47.853
dcp_mega_varlen          final_combine_done                                             49.424     50.842
dcp_mega_varlen          kernel_done                                                    49.632     51.094
dcp_mega_varlen          post_completion/q_done_to_publish_done                         37.264     38.006
dcp_mega_varlen          post_completion/publish_done_to_receive_done                    6.320      7.411
dcp_mega_varlen          post_completion/attention_done_to_history_combine_done         19.104     19.488
dcp_mega_varlen          post_completion/history_combine_done_to_final_combine_done      9.312     10.515
Wrote benchmark JSON to benchmark_logs/experiment_suite/dcp-suite/01_dcp_wave-b-timestamps-20260814-132129/results/arrival_1/dcp_2/critical_wave_auto_lpt/comm_sm_12/case_000075_dcp2_hkv4_eager.json

================================================================================
Mega comm_sm=12, case 77/100: case_000076_dcp2_hkv4: B=6, Sq=[16, 16, 16, 16, 16, 16], Sk=[4213, 21817, 18299, 5447, 19231, 4827], DCP=2, Hkv=4
================================================================================
Config: world_size=8, methods=['dcp_mega_varlen'], QH=32, KVH=4, D=128, TP=8, DCP=2, workload=chunk, execution=eager, baseline_phase_timing=False, warmup=40, iters=60, check=False
Workload: B=6, q_tokens=96, history_tokens=73834, q_seqlens=[16, 16, 16, 16, 16, 16], history_seqlens=[4213, 21817, 18299, 5447, 19231, 4827]
Agg TFLOPS uses useful attention work across all TP ranks and p50(max_across_ranks); Avg/GPU divides it by world_size.
KV GB/s/GPU is average logical BF16 K+V bytes read per TP rank divided by p50(max_across_ranks); it is not hardware-counter HBM traffic.

Running B=6, q_tokens=96, history_tokens=73834, causal=True

B=6, q_tokens=96, history_tokens=73834, QH=32, KVH=4, D=128, TP=8, DCP=2, mode=causal
Method                   Time ms                                                                                                                                     Agg TFLOPS    Avg/GPU  KV GB/s/GPU      Check  Note
dcp_mega_varlen          t0=0.060, t1=0.059, t2=0.059, t3=0.060, t4=0.059, t5=0.060, t6=0.059, t7=0.060 | p50(max_across_ranks)=0.061, p90(max_across_ranks)=0.062        317.9       39.7        311.0       skip  eager; output=bf16_ipc_a2a; runner_preallocated; timing=mega_kernel_only

Mega %globaltimer phase timestamps (per-iteration maximum across benchmark ranks, then p50/p90 across samples; us)
Method                   Phase                                                             p50        p90
dcp_mega_varlen          kernel_start                                                    0.000      0.000
dcp_mega_varlen          q_allgather_done                                                3.936      4.032
dcp_mega_varlen          attention_done                                                 36.256     36.832
dcp_mega_varlen          history_combine_done                                           45.424     46.275
dcp_mega_varlen          publish_done                                                   45.424     46.275
dcp_mega_varlen          receive_done                                                   50.896     51.750
dcp_mega_varlen          final_combine_done                                             54.144     54.893
dcp_mega_varlen          kernel_done                                                    54.432     55.206
dcp_mega_varlen          post_completion/q_done_to_publish_done                         41.584     42.346
dcp_mega_varlen          post_completion/publish_done_to_receive_done                    6.768      8.195
dcp_mega_varlen          post_completion/attention_done_to_history_combine_done          9.696     10.310
dcp_mega_varlen          post_completion/history_combine_done_to_final_combine_done      9.936     11.360
Wrote benchmark JSON to benchmark_logs/experiment_suite/dcp-suite/01_dcp_wave-b-timestamps-20260814-132129/results/arrival_1/dcp_2/critical_wave_auto_lpt/comm_sm_12/case_000076_dcp2_hkv4_eager.json

================================================================================
Mega comm_sm=12, case 78/100: case_000077_dcp2_hkv4: B=10, Sq=[16, 16, 16, 16, 16, 16, 16, 16, 4096, 4096], Sk=[22549, 4333, 1595, 10042, 35320, 4521, 64380, 1300, 25088, 20992], DCP=2, Hkv=4
================================================================================
Config: world_size=8, methods=['dcp_mega_varlen'], QH=32, KVH=4, D=128, TP=8, DCP=2, workload=chunk, execution=eager, baseline_phase_timing=False, warmup=40, iters=60, check=False
Workload: B=10, q_tokens=8320, history_tokens=190120, q_seqlens=[16, 16, 16, 16, 16, 16, 16, 16, 4096, 4096], history_seqlens=[22549, 4333, 1595, 10042, 35320, 4521, 64380, 1300, 25088, 20992]
Agg TFLOPS uses useful attention work across all TP ranks and p50(max_across_ranks); Avg/GPU divides it by world_size.
KV GB/s/GPU is average logical BF16 K+V bytes read per TP rank divided by p50(max_across_ranks); it is not hardware-counter HBM traffic.

Running B=10, q_tokens=8320, history_tokens=190120, causal=True

B=10, q_tokens=8320, history_tokens=190120, QH=32, KVH=4, D=128, TP=8, DCP=2, mode=causal
Method                   Time ms                                                                                                                                     Agg TFLOPS    Avg/GPU  KV GB/s/GPU      Check  Note
dcp_mega_varlen          t0=0.748, t1=0.751, t2=0.748, t3=0.749, t4=0.737, t5=0.749, t6=0.740, t7=0.752 | p50(max_across_ranks)=0.755, p90(max_across_ranks)=0.777       4508.7      563.6         70.1       skip  eager; output=bf16_ipc_a2a; runner_preallocated; timing=mega_kernel_only

Mega %globaltimer phase timestamps (per-iteration maximum across benchmark ranks, then p50/p90 across samples; us)
Method                   Phase                                                             p50        p90
dcp_mega_varlen          kernel_start                                                    0.000      0.000
dcp_mega_varlen          q_allgather_done                                               52.208     53.891
dcp_mega_varlen          attention_done                                                683.120    701.738
dcp_mega_varlen          history_combine_done                                          709.968    725.763
dcp_mega_varlen          publish_done                                                  709.968    725.763
dcp_mega_varlen          receive_done                                                  721.472    734.608
dcp_mega_varlen          final_combine_done                                            748.064    769.245
dcp_mega_varlen          kernel_done                                                   748.416    769.597
dcp_mega_varlen          post_completion/q_done_to_publish_done                        659.792    674.419
dcp_mega_varlen          post_completion/publish_done_to_receive_done                   23.840     30.426
dcp_mega_varlen          post_completion/attention_done_to_history_combine_done         26.624     27.923
dcp_mega_varlen          post_completion/history_combine_done_to_final_combine_done     42.848     46.733
Wrote benchmark JSON to benchmark_logs/experiment_suite/dcp-suite/01_dcp_wave-b-timestamps-20260814-132129/results/arrival_1/dcp_2/critical_wave_auto_lpt/comm_sm_12/case_000077_dcp2_hkv4_eager.json

================================================================================
Mega comm_sm=12, case 79/100: case_000078_dcp2_hkv4: B=8, Sq=[16, 16, 16, 16, 16, 16, 16, 16], Sk=[8677, 1828, 32269, 14832, 4730, 43231, 1018, 3922], DCP=2, Hkv=4
================================================================================
Config: world_size=8, methods=['dcp_mega_varlen'], QH=32, KVH=4, D=128, TP=8, DCP=2, workload=chunk, execution=eager, baseline_phase_timing=False, warmup=40, iters=60, check=False
Workload: B=8, q_tokens=128, history_tokens=110507, q_seqlens=[16, 16, 16, 16, 16, 16, 16, 16], history_seqlens=[8677, 1828, 32269, 14832, 4730, 43231, 1018, 3922]
Agg TFLOPS uses useful attention work across all TP ranks and p50(max_across_ranks); Avg/GPU divides it by world_size.
KV GB/s/GPU is average logical BF16 K+V bytes read per TP rank divided by p50(max_across_ranks); it is not hardware-counter HBM traffic.

Running B=8, q_tokens=128, history_tokens=110507, causal=True

B=8, q_tokens=128, history_tokens=110507, QH=32, KVH=4, D=128, TP=8, DCP=2, mode=causal
Method                   Time ms                                                                                                                                     Agg TFLOPS    Avg/GPU  KV GB/s/GPU      Check  Note
dcp_mega_varlen          t0=0.063, t1=0.061, t2=0.063, t3=0.063, t4=0.063, t5=0.062, t6=0.063, t7=0.060 | p50(max_across_ranks)=0.064, p90(max_across_ranks)=0.065        452.2       56.5        442.4       skip  eager; output=bf16_ipc_a2a; runner_preallocated; timing=mega_kernel_only

Mega %globaltimer phase timestamps (per-iteration maximum across benchmark ranks, then p50/p90 across samples; us)
Method                   Phase                                                             p50        p90
dcp_mega_varlen          kernel_start                                                    0.000      0.000
dcp_mega_varlen          q_allgather_done                                                4.320      4.416
dcp_mega_varlen          attention_done                                                 38.880     39.171
dcp_mega_varlen          history_combine_done                                           48.752     49.318
dcp_mega_varlen          publish_done                                                   48.752     49.318
dcp_mega_varlen          receive_done                                                   54.112     55.402
dcp_mega_varlen          final_combine_done                                             57.504     58.694
dcp_mega_varlen          kernel_done                                                    57.808     59.018
dcp_mega_varlen          post_completion/q_done_to_publish_done                         44.720     45.347
dcp_mega_varlen          post_completion/publish_done_to_receive_done                    7.584      9.178
dcp_mega_varlen          post_completion/attention_done_to_history_combine_done         10.640     11.341
dcp_mega_varlen          post_completion/history_combine_done_to_final_combine_done     10.928     12.554
Wrote benchmark JSON to benchmark_logs/experiment_suite/dcp-suite/01_dcp_wave-b-timestamps-20260814-132129/results/arrival_1/dcp_2/critical_wave_auto_lpt/comm_sm_12/case_000078_dcp2_hkv4_eager.json

================================================================================
Mega comm_sm=12, case 80/100: case_000079_dcp2_hkv4: B=9, Sq=[16, 16, 16, 16, 16, 16, 16, 16, 592], Sk=[9271, 5322, 7408, 9085, 24588, 2838, 9289, 23871, 4608], DCP=2, Hkv=4
================================================================================
Config: world_size=8, methods=['dcp_mega_varlen'], QH=32, KVH=4, D=128, TP=8, DCP=2, workload=chunk, execution=eager, baseline_phase_timing=False, warmup=40, iters=60, check=False
Workload: B=9, q_tokens=720, history_tokens=96280, q_seqlens=[16, 16, 16, 16, 16, 16, 16, 16, 592], history_seqlens=[9271, 5322, 7408, 9085, 24588, 2838, 9289, 23871, 4608]
Agg TFLOPS uses useful attention work across all TP ranks and p50(max_across_ranks); Avg/GPU divides it by world_size.
KV GB/s/GPU is average logical BF16 K+V bytes read per TP rank divided by p50(max_across_ranks); it is not hardware-counter HBM traffic.

Running B=9, q_tokens=720, history_tokens=96280, causal=True

B=9, q_tokens=720, history_tokens=96280, QH=32, KVH=4, D=128, TP=8, DCP=2, mode=causal
Method                   Time ms                                                                                                                                     Agg TFLOPS    Avg/GPU  KV GB/s/GPU      Check  Note
dcp_mega_varlen          t0=0.068, t1=0.067, t2=0.068, t3=0.067, t4=0.067, t5=0.069, t6=0.068, t7=0.067 | p50(max_across_ranks)=0.069, p90(max_across_ranks)=0.073       1033.5      129.2        361.0       skip  eager; output=bf16_ipc_a2a; runner_preallocated; timing=mega_kernel_only

Mega %globaltimer phase timestamps (per-iteration maximum across benchmark ranks, then p50/p90 across samples; us)
Method                   Phase                                                             p50        p90
dcp_mega_varlen          kernel_start                                                    0.000      0.000
dcp_mega_varlen          q_allgather_done                                                8.064      8.262
dcp_mega_varlen          attention_done                                                 33.600     34.035
dcp_mega_varlen          history_combine_done                                           53.712     54.566
dcp_mega_varlen          publish_done                                                   53.712     54.566
dcp_mega_varlen          receive_done                                                   58.960     61.491
dcp_mega_varlen          final_combine_done                                             62.496     65.258
dcp_mega_varlen          kernel_done                                                    62.848     65.578
dcp_mega_varlen          post_completion/q_done_to_publish_done                         45.872     46.790
dcp_mega_varlen          post_completion/publish_done_to_receive_done                    7.600     10.294
dcp_mega_varlen          post_completion/attention_done_to_history_combine_done         20.848     21.482
dcp_mega_varlen          post_completion/history_combine_done_to_final_combine_done     11.120     14.061
Wrote benchmark JSON to benchmark_logs/experiment_suite/dcp-suite/01_dcp_wave-b-timestamps-20260814-132129/results/arrival_1/dcp_2/critical_wave_auto_lpt/comm_sm_12/case_000079_dcp2_hkv4_eager.json

================================================================================
Mega comm_sm=12, case 81/100: case_000080_dcp2_hkv4: B=8, Sq=[16, 16, 16, 16, 16, 16, 16, 16], Sk=[4683, 1830, 8706, 21710, 26532, 3827, 2769, 5147], DCP=2, Hkv=4
================================================================================
Config: world_size=8, methods=['dcp_mega_varlen'], QH=32, KVH=4, D=128, TP=8, DCP=2, workload=chunk, execution=eager, baseline_phase_timing=False, warmup=40, iters=60, check=False
Workload: B=8, q_tokens=128, history_tokens=75204, q_seqlens=[16, 16, 16, 16, 16, 16, 16, 16], history_seqlens=[4683, 1830, 8706, 21710, 26532, 3827, 2769, 5147]
Agg TFLOPS uses useful attention work across all TP ranks and p50(max_across_ranks); Avg/GPU divides it by world_size.
KV GB/s/GPU is average logical BF16 K+V bytes read per TP rank divided by p50(max_across_ranks); it is not hardware-counter HBM traffic.

Running B=8, q_tokens=128, history_tokens=75204, causal=True

B=8, q_tokens=128, history_tokens=75204, QH=32, KVH=4, D=128, TP=8, DCP=2, mode=causal
Method                   Time ms                                                                                                                                     Agg TFLOPS    Avg/GPU  KV GB/s/GPU      Check  Note
dcp_mega_varlen          t0=0.063, t1=0.061, t2=0.064, t3=0.062, t4=0.062, t5=0.063, t6=0.063, t7=0.062 | p50(max_across_ranks)=0.065, p90(max_across_ranks)=0.070        304.4       38.0        298.0       skip  eager; output=bf16_ipc_a2a; runner_preallocated; timing=mega_kernel_only

Mega %globaltimer phase timestamps (per-iteration maximum across benchmark ranks, then p50/p90 across samples; us)
Method                   Phase                                                             p50        p90
dcp_mega_varlen          kernel_start                                                    0.000      0.000
dcp_mega_varlen          q_allgather_done                                                4.080      4.192
dcp_mega_varlen          attention_done                                                 40.736     41.155
dcp_mega_varlen          history_combine_done                                           49.440     50.243
dcp_mega_varlen          publish_done                                                   49.440     50.243
dcp_mega_varlen          receive_done                                                   55.056     60.464
dcp_mega_varlen          final_combine_done                                             58.112     63.507
dcp_mega_varlen          kernel_done                                                    58.368     63.789
dcp_mega_varlen          post_completion/q_done_to_publish_done                         45.488     46.339
dcp_mega_varlen          post_completion/publish_done_to_receive_done                    7.408     12.858
dcp_mega_varlen          post_completion/attention_done_to_history_combine_done          9.152      9.990
dcp_mega_varlen          post_completion/history_combine_done_to_final_combine_done     10.496     16.010
Wrote benchmark JSON to benchmark_logs/experiment_suite/dcp-suite/01_dcp_wave-b-timestamps-20260814-132129/results/arrival_1/dcp_2/critical_wave_auto_lpt/comm_sm_12/case_000080_dcp2_hkv4_eager.json

================================================================================
Mega comm_sm=12, case 82/100: case_000081_dcp2_hkv4: B=9, Sq=[16, 16, 16, 16, 16, 16, 16, 16, 16], Sk=[4715, 1850, 8731, 21738, 26558, 3855, 2799, 5179, 1291], DCP=2, Hkv=4
================================================================================
Config: world_size=8, methods=['dcp_mega_varlen'], QH=32, KVH=4, D=128, TP=8, DCP=2, workload=chunk, execution=eager, baseline_phase_timing=False, warmup=40, iters=60, check=False
Workload: B=9, q_tokens=144, history_tokens=76716, q_seqlens=[16, 16, 16, 16, 16, 16, 16, 16, 16], history_seqlens=[4715, 1850, 8731, 21738, 26558, 3855, 2799, 5179, 1291]
Agg TFLOPS uses useful attention work across all TP ranks and p50(max_across_ranks); Avg/GPU divides it by world_size.
KV GB/s/GPU is average logical BF16 K+V bytes read per TP rank divided by p50(max_across_ranks); it is not hardware-counter HBM traffic.

Running B=9, q_tokens=144, history_tokens=76716, causal=True

B=9, q_tokens=144, history_tokens=76716, QH=32, KVH=4, D=128, TP=8, DCP=2, mode=causal
Method                   Time ms                                                                                                                                     Agg TFLOPS    Avg/GPU  KV GB/s/GPU      Check  Note
dcp_mega_varlen          t0=0.063, t1=0.061, t2=0.063, t3=0.063, t4=0.066, t5=0.060, t6=0.062, t7=0.062 | p50(max_across_ranks)=0.066, p90(max_across_ranks)=0.072        306.6       38.3        300.3       skip  eager; output=bf16_ipc_a2a; runner_preallocated; timing=mega_kernel_only

Mega %globaltimer phase timestamps (per-iteration maximum across benchmark ranks, then p50/p90 across samples; us)
Method                   Phase                                                             p50        p90
dcp_mega_varlen          kernel_start                                                    0.000      0.000
dcp_mega_varlen          q_allgather_done                                                4.160      4.259
dcp_mega_varlen          attention_done                                                 40.096     40.518
dcp_mega_varlen          history_combine_done                                           48.848     50.051
dcp_mega_varlen          publish_done                                                   48.848     50.051
dcp_mega_varlen          receive_done                                                   56.016     62.227
dcp_mega_varlen          final_combine_done                                             58.912     65.107
dcp_mega_varlen          kernel_done                                                    59.136     65.360
dcp_mega_varlen          post_completion/q_done_to_publish_done                         44.944     46.115
dcp_mega_varlen          post_completion/publish_done_to_receive_done                    7.680     13.440
dcp_mega_varlen          post_completion/attention_done_to_history_combine_done          9.328     10.214
dcp_mega_varlen          post_completion/history_combine_done_to_final_combine_done     10.672     16.429
Wrote benchmark JSON to benchmark_logs/experiment_suite/dcp-suite/01_dcp_wave-b-timestamps-20260814-132129/results/arrival_1/dcp_2/critical_wave_auto_lpt/comm_sm_12/case_000081_dcp2_hkv4_eager.json

================================================================================
Mega comm_sm=12, case 83/100: case_000082_dcp2_hkv4: B=8, Sq=[16, 16, 16, 16, 16, 16, 16, 16], Sk=[4095, 3988, 9172, 21766, 29230, 1222, 10350, 5243], DCP=2, Hkv=4
================================================================================
Config: world_size=8, methods=['dcp_mega_varlen'], QH=32, KVH=4, D=128, TP=8, DCP=2, workload=chunk, execution=eager, baseline_phase_timing=False, warmup=40, iters=60, check=False
Workload: B=8, q_tokens=128, history_tokens=85066, q_seqlens=[16, 16, 16, 16, 16, 16, 16, 16], history_seqlens=[4095, 3988, 9172, 21766, 29230, 1222, 10350, 5243]
Agg TFLOPS uses useful attention work across all TP ranks and p50(max_across_ranks); Avg/GPU divides it by world_size.
KV GB/s/GPU is average logical BF16 K+V bytes read per TP rank divided by p50(max_across_ranks); it is not hardware-counter HBM traffic.

Running B=8, q_tokens=128, history_tokens=85066, causal=True

B=8, q_tokens=128, history_tokens=85066, QH=32, KVH=4, D=128, TP=8, DCP=2, mode=causal
Method                   Time ms                                                                                                                                     Agg TFLOPS    Avg/GPU  KV GB/s/GPU      Check  Note
dcp_mega_varlen          t0=0.059, t1=0.058, t2=0.058, t3=0.059, t4=0.058, t5=0.058, t6=0.058, t7=0.058 | p50(max_across_ranks)=0.059, p90(max_across_ranks)=0.064        375.7       47.0        367.7       skip  eager; output=bf16_ipc_a2a; runner_preallocated; timing=mega_kernel_only

Mega %globaltimer phase timestamps (per-iteration maximum across benchmark ranks, then p50/p90 across samples; us)
Method                   Phase                                                             p50        p90
dcp_mega_varlen          kernel_start                                                    0.000      0.000
dcp_mega_varlen          q_allgather_done                                                4.512      4.608
dcp_mega_varlen          attention_done                                                 18.944     19.139
dcp_mega_varlen          history_combine_done                                           44.352     44.707
dcp_mega_varlen          publish_done                                                   44.352     44.707
dcp_mega_varlen          receive_done                                                   49.632     54.125
dcp_mega_varlen          final_combine_done                                             52.752     57.296
dcp_mega_varlen          kernel_done                                                    53.056     57.562
dcp_mega_varlen          post_completion/q_done_to_publish_done                         40.064     40.387
dcp_mega_varlen          post_completion/publish_done_to_receive_done                    5.856     10.538
dcp_mega_varlen          post_completion/attention_done_to_history_combine_done         25.728     26.048
dcp_mega_varlen          post_completion/history_combine_done_to_final_combine_done      9.024     13.709
Wrote benchmark JSON to benchmark_logs/experiment_suite/dcp-suite/01_dcp_wave-b-timestamps-20260814-132129/results/arrival_1/dcp_2/critical_wave_auto_lpt/comm_sm_12/case_000082_dcp2_hkv4_eager.json

================================================================================
Mega comm_sm=12, case 84/100: case_000083_dcp2_hkv4: B=8, Sq=[16, 16, 16, 16, 16, 16, 16, 16], Sk=[50866, 1965, 8855, 6423, 3336, 3374, 3654, 4103], DCP=2, Hkv=4
================================================================================
Config: world_size=8, methods=['dcp_mega_varlen'], QH=32, KVH=4, D=128, TP=8, DCP=2, workload=chunk, execution=eager, baseline_phase_timing=False, warmup=40, iters=60, check=False
Workload: B=8, q_tokens=128, history_tokens=82576, q_seqlens=[16, 16, 16, 16, 16, 16, 16, 16], history_seqlens=[50866, 1965, 8855, 6423, 3336, 3374, 3654, 4103]
Agg TFLOPS uses useful attention work across all TP ranks and p50(max_across_ranks); Avg/GPU divides it by world_size.
KV GB/s/GPU is average logical BF16 K+V bytes read per TP rank divided by p50(max_across_ranks); it is not hardware-counter HBM traffic.

Running B=8, q_tokens=128, history_tokens=82576, causal=True

B=8, q_tokens=128, history_tokens=82576, QH=32, KVH=4, D=128, TP=8, DCP=2, mode=causal
Method                   Time ms                                                                                                                                     Agg TFLOPS    Avg/GPU  KV GB/s/GPU      Check  Note
dcp_mega_varlen          t0=0.077, t1=0.075, t2=0.077, t3=0.076, t4=0.075, t5=0.078, t6=0.076, t7=0.076 | p50(max_across_ranks)=0.078, p90(max_across_ranks)=0.079        278.6       34.8        272.6       skip  eager; output=bf16_ipc_a2a; runner_preallocated; timing=mega_kernel_only

Mega %globaltimer phase timestamps (per-iteration maximum across benchmark ranks, then p50/p90 across samples; us)
Method                   Phase                                                             p50        p90
dcp_mega_varlen          kernel_start                                                    0.000      0.000
dcp_mega_varlen          q_allgather_done                                                4.032      4.099
dcp_mega_varlen          attention_done                                                 57.120     57.475
dcp_mega_varlen          history_combine_done                                           62.656     62.976
dcp_mega_varlen          publish_done                                                   62.656     62.976
dcp_mega_varlen          receive_done                                                   67.872     68.845
dcp_mega_varlen          final_combine_done                                             71.072     72.042
dcp_mega_varlen          kernel_done                                                    71.376     72.352
dcp_mega_varlen          post_completion/q_done_to_publish_done                         58.688     59.011
dcp_mega_varlen          post_completion/publish_done_to_receive_done                    6.528      7.386
dcp_mega_varlen          post_completion/attention_done_to_history_combine_done          5.824      5.952
dcp_mega_varlen          post_completion/history_combine_done_to_final_combine_done      9.696     10.554
Wrote benchmark JSON to benchmark_logs/experiment_suite/dcp-suite/01_dcp_wave-b-timestamps-20260814-132129/results/arrival_1/dcp_2/critical_wave_auto_lpt/comm_sm_12/case_000083_dcp2_hkv4_eager.json

================================================================================
Mega comm_sm=12, case 85/100: case_000084_dcp2_hkv4: B=9, Sq=[16, 16, 16, 16, 16, 16, 16, 16, 4096], Sk=[12191, 1335, 9198, 1915, 3046, 1183, 5688, 66146, 512], DCP=2, Hkv=4
================================================================================
Config: world_size=8, methods=['dcp_mega_varlen'], QH=32, KVH=4, D=128, TP=8, DCP=2, workload=chunk, execution=eager, baseline_phase_timing=False, warmup=40, iters=60, check=False
Workload: B=9, q_tokens=4224, history_tokens=101214, q_seqlens=[16, 16, 16, 16, 16, 16, 16, 16, 4096], history_seqlens=[12191, 1335, 9198, 1915, 3046, 1183, 5688, 66146, 512]
Agg TFLOPS uses useful attention work across all TP ranks and p50(max_across_ranks); Avg/GPU divides it by world_size.
KV GB/s/GPU is average logical BF16 K+V bytes read per TP rank divided by p50(max_across_ranks); it is not hardware-counter HBM traffic.

Running B=9, q_tokens=4224, history_tokens=101214, causal=True

B=9, q_tokens=4224, history_tokens=101214, QH=32, KVH=4, D=128, TP=8, DCP=2, mode=causal
Method                   Time ms                                                                                                                                     Agg TFLOPS    Avg/GPU  KV GB/s/GPU      Check  Note
dcp_mega_varlen          t0=0.146, t1=0.143, t2=0.145, t3=0.146, t4=0.144, t5=0.147, t6=0.146, t7=0.145 | p50(max_across_ranks)=0.148, p90(max_across_ranks)=0.149       1343.1      167.9        190.2       skip  eager; output=bf16_ipc_a2a; runner_preallocated; timing=mega_kernel_only

Mega %globaltimer phase timestamps (per-iteration maximum across benchmark ranks, then p50/p90 across samples; us)
Method                   Phase                                                             p50        p90
dcp_mega_varlen          kernel_start                                                    0.000      0.000
dcp_mega_varlen          q_allgather_done                                               27.888     28.618
dcp_mega_varlen          attention_done                                                113.296    113.827
dcp_mega_varlen          history_combine_done                                          122.496    123.270
dcp_mega_varlen          publish_done                                                  122.496    123.270
dcp_mega_varlen          receive_done                                                  128.960    130.243
dcp_mega_varlen          final_combine_done                                            140.608    141.850
dcp_mega_varlen          kernel_done                                                   140.912    142.173
dcp_mega_varlen          post_completion/q_done_to_publish_done                         96.112     96.838
dcp_mega_varlen          post_completion/publish_done_to_receive_done                    8.864     10.448
dcp_mega_varlen          post_completion/attention_done_to_history_combine_done          9.856     10.144
dcp_mega_varlen          post_completion/history_combine_done_to_final_combine_done     20.528     21.763
Wrote benchmark JSON to benchmark_logs/experiment_suite/dcp-suite/01_dcp_wave-b-timestamps-20260814-132129/results/arrival_1/dcp_2/critical_wave_auto_lpt/comm_sm_12/case_000084_dcp2_hkv4_eager.json

================================================================================
Mega comm_sm=12, case 86/100: case_000085_dcp2_hkv4: B=6, Sq=[16, 16, 16, 16, 16, 16], Sk=[1182, 40183, 37132, 3449, 4806, 1657], DCP=2, Hkv=4
================================================================================
Config: world_size=8, methods=['dcp_mega_varlen'], QH=32, KVH=4, D=128, TP=8, DCP=2, workload=chunk, execution=eager, baseline_phase_timing=False, warmup=40, iters=60, check=False
Workload: B=6, q_tokens=96, history_tokens=88409, q_seqlens=[16, 16, 16, 16, 16, 16], history_seqlens=[1182, 40183, 37132, 3449, 4806, 1657]
Agg TFLOPS uses useful attention work across all TP ranks and p50(max_across_ranks); Avg/GPU divides it by world_size.
KV GB/s/GPU is average logical BF16 K+V bytes read per TP rank divided by p50(max_across_ranks); it is not hardware-counter HBM traffic.

Running B=6, q_tokens=96, history_tokens=88409, causal=True

B=6, q_tokens=96, history_tokens=88409, QH=32, KVH=4, D=128, TP=8, DCP=2, mode=causal
Method                   Time ms                                                                                                                                     Agg TFLOPS    Avg/GPU  KV GB/s/GPU      Check  Note
dcp_mega_varlen          t0=0.063, t1=0.062, t2=0.062, t3=0.063, t4=0.062, t5=0.063, t6=0.063, t7=0.062 | p50(max_across_ranks)=0.064, p90(max_across_ranks)=0.068        360.4       45.1        352.6       skip  eager; output=bf16_ipc_a2a; runner_preallocated; timing=mega_kernel_only

Mega %globaltimer phase timestamps (per-iteration maximum across benchmark ranks, then p50/p90 across samples; us)
Method                   Phase                                                             p50        p90
dcp_mega_varlen          kernel_start                                                    0.000      0.000
dcp_mega_varlen          q_allgather_done                                                3.968      4.128
dcp_mega_varlen          attention_done                                                 38.880     39.011
dcp_mega_varlen          history_combine_done                                           48.896     49.568
dcp_mega_varlen          publish_done                                                   48.896     49.568
dcp_mega_varlen          receive_done                                                   54.464     58.218
dcp_mega_varlen          final_combine_done                                             57.632     61.370
dcp_mega_varlen          kernel_done                                                    57.936     61.690
dcp_mega_varlen          post_completion/q_done_to_publish_done                         45.056     45.728
dcp_mega_varlen          post_completion/publish_done_to_receive_done                    7.056     10.630
dcp_mega_varlen          post_completion/attention_done_to_history_combine_done         10.384     10.979
dcp_mega_varlen          post_completion/history_combine_done_to_final_combine_done     10.352     13.987
Wrote benchmark JSON to benchmark_logs/experiment_suite/dcp-suite/01_dcp_wave-b-timestamps-20260814-132129/results/arrival_1/dcp_2/critical_wave_auto_lpt/comm_sm_12/case_000085_dcp2_hkv4_eager.json

================================================================================
Mega comm_sm=12, case 87/100: case_000086_dcp2_hkv4: B=12, Sq=[16, 16, 16, 16, 16, 16, 16, 16, 16, 16, 16, 16], Sk=[1781, 9213, 4759, 8397, 11459, 9811, 2614, 9438, 13766, 7279, 11117, 16903], DCP=2, Hkv=4
================================================================================
Config: world_size=8, methods=['dcp_mega_varlen'], QH=32, KVH=4, D=128, TP=8, DCP=2, workload=chunk, execution=eager, baseline_phase_timing=False, warmup=40, iters=60, check=False
Workload: B=12, q_tokens=192, history_tokens=106537, q_seqlens=[16, 16, 16, 16, 16, 16, 16, 16, 16, 16, 16, 16], history_seqlens=[1781, 9213, 4759, 8397, 11459, 9811, 2614, 9438, 13766, 7279, 11117, 16903]
Agg TFLOPS uses useful attention work across all TP ranks and p50(max_across_ranks); Avg/GPU divides it by world_size.
KV GB/s/GPU is average logical BF16 K+V bytes read per TP rank divided by p50(max_across_ranks); it is not hardware-counter HBM traffic.

Running B=12, q_tokens=192, history_tokens=106537, causal=True

B=12, q_tokens=192, history_tokens=106537, QH=32, KVH=4, D=128, TP=8, DCP=2, mode=causal
Method                   Time ms                                                                                                                                     Agg TFLOPS    Avg/GPU  KV GB/s/GPU      Check  Note
dcp_mega_varlen          t0=0.050, t1=0.049, t2=0.049, t3=0.050, t4=0.055, t5=0.045, t6=0.049, t7=0.049 | p50(max_across_ranks)=0.055, p90(max_across_ranks)=0.060        512.4       64.0        501.7       skip  eager; output=bf16_ipc_a2a; runner_preallocated; timing=mega_kernel_only

Mega %globaltimer phase timestamps (per-iteration maximum across benchmark ranks, then p50/p90 across samples; us)
Method                   Phase                                                             p50        p90
dcp_mega_varlen          kernel_start                                                    0.000      0.000
dcp_mega_varlen          q_allgather_done                                                4.384      4.614
dcp_mega_varlen          attention_done                                                 20.256     20.512
dcp_mega_varlen          history_combine_done                                           34.880     35.462
dcp_mega_varlen          publish_done                                                   34.880     35.462
dcp_mega_varlen          receive_done                                                   44.912     50.733
dcp_mega_varlen          final_combine_done                                             48.176     54.019
dcp_mega_varlen          kernel_done                                                    48.400     54.243
dcp_mega_varlen          post_completion/q_done_to_publish_done                         30.752     31.296
dcp_mega_varlen          post_completion/publish_done_to_receive_done                   10.368     16.080
dcp_mega_varlen          post_completion/attention_done_to_history_combine_done         15.072     15.392
dcp_mega_varlen          post_completion/history_combine_done_to_final_combine_done     13.536     19.366
Wrote benchmark JSON to benchmark_logs/experiment_suite/dcp-suite/01_dcp_wave-b-timestamps-20260814-132129/results/arrival_1/dcp_2/critical_wave_auto_lpt/comm_sm_12/case_000086_dcp2_hkv4_eager.json

================================================================================
Mega comm_sm=12, case 88/100: case_000087_dcp2_hkv4: B=5, Sq=[16, 16, 16, 16, 16], Sk=[13078, 19454, 22090, 13314, 2295], DCP=2, Hkv=4
================================================================================
Config: world_size=8, methods=['dcp_mega_varlen'], QH=32, KVH=4, D=128, TP=8, DCP=2, workload=chunk, execution=eager, baseline_phase_timing=False, warmup=40, iters=60, check=False
Workload: B=5, q_tokens=80, history_tokens=70231, q_seqlens=[16, 16, 16, 16, 16], history_seqlens=[13078, 19454, 22090, 13314, 2295]
Agg TFLOPS uses useful attention work across all TP ranks and p50(max_across_ranks); Avg/GPU divides it by world_size.
KV GB/s/GPU is average logical BF16 K+V bytes read per TP rank divided by p50(max_across_ranks); it is not hardware-counter HBM traffic.

Running B=5, q_tokens=80, history_tokens=70231, causal=True

B=5, q_tokens=80, history_tokens=70231, QH=32, KVH=4, D=128, TP=8, DCP=2, mode=causal
Method                   Time ms                                                                                                                                     Agg TFLOPS    Avg/GPU  KV GB/s/GPU      Check  Note
dcp_mega_varlen          t0=0.069, t1=0.068, t2=0.068, t3=0.068, t4=0.068, t5=0.069, t6=0.068, t7=0.068 | p50(max_across_ranks)=0.070, p90(max_across_ranks)=0.071        263.2       32.9        257.4       skip  eager; output=bf16_ipc_a2a; runner_preallocated; timing=mega_kernel_only

Mega %globaltimer phase timestamps (per-iteration maximum across benchmark ranks, then p50/p90 across samples; us)
Method                   Phase                                                             p50        p90
dcp_mega_varlen          kernel_start                                                    0.000      0.000
dcp_mega_varlen          q_allgather_done                                                3.968      4.035
dcp_mega_varlen          attention_done                                                 46.704     46.979
dcp_mega_varlen          history_combine_done                                           54.944     55.587
dcp_mega_varlen          publish_done                                                   54.944     55.587
dcp_mega_varlen          receive_done                                                   60.032     60.739
dcp_mega_varlen          final_combine_done                                             63.200     63.910
dcp_mega_varlen          kernel_done                                                    63.488     64.144
dcp_mega_varlen          post_completion/q_done_to_publish_done                         51.072     51.680
dcp_mega_varlen          post_completion/publish_done_to_receive_done                    6.640      7.616
dcp_mega_varlen          post_completion/attention_done_to_history_combine_done          8.832      9.184
dcp_mega_varlen          post_completion/history_combine_done_to_final_combine_done      9.808     10.720
Wrote benchmark JSON to benchmark_logs/experiment_suite/dcp-suite/01_dcp_wave-b-timestamps-20260814-132129/results/arrival_1/dcp_2/critical_wave_auto_lpt/comm_sm_12/case_000087_dcp2_hkv4_eager.json

================================================================================
Mega comm_sm=12, case 89/100: case_000088_dcp2_hkv4: B=7, Sq=[16, 16, 16, 16, 16, 16, 16], Sk=[11502, 1197, 63646, 6427, 19636, 30571, 11357], DCP=2, Hkv=4
================================================================================
Config: world_size=8, methods=['dcp_mega_varlen'], QH=32, KVH=4, D=128, TP=8, DCP=2, workload=chunk, execution=eager, baseline_phase_timing=False, warmup=40, iters=60, check=False
Workload: B=7, q_tokens=112, history_tokens=144336, q_seqlens=[16, 16, 16, 16, 16, 16, 16], history_seqlens=[11502, 1197, 63646, 6427, 19636, 30571, 11357]
Agg TFLOPS uses useful attention work across all TP ranks and p50(max_across_ranks); Avg/GPU divides it by world_size.
KV GB/s/GPU is average logical BF16 K+V bytes read per TP rank divided by p50(max_across_ranks); it is not hardware-counter HBM traffic.

Running B=7, q_tokens=112, history_tokens=144336, causal=True

B=7, q_tokens=112, history_tokens=144336, QH=32, KVH=4, D=128, TP=8, DCP=2, mode=causal
Method                   Time ms                                                                                                                                     Agg TFLOPS    Avg/GPU  KV GB/s/GPU      Check  Note
dcp_mega_varlen          t0=0.087, t1=0.087, t2=0.087, t3=0.086, t4=0.086, t5=0.088, t6=0.087, t7=0.086 | p50(max_across_ranks)=0.089, p90(max_across_ranks)=0.093        425.8       53.2        416.3       skip  eager; output=bf16_ipc_a2a; runner_preallocated; timing=mega_kernel_only

Mega %globaltimer phase timestamps (per-iteration maximum across benchmark ranks, then p50/p90 across samples; us)
Method                   Phase                                                             p50        p90
dcp_mega_varlen          kernel_start                                                    0.000      0.000
dcp_mega_varlen          q_allgather_done                                                4.336      4.480
dcp_mega_varlen          attention_done                                                 65.344     65.869
dcp_mega_varlen          history_combine_done                                           73.520     74.147
dcp_mega_varlen          publish_done                                                   73.520     74.147
dcp_mega_varlen          receive_done                                                   78.784     82.262
dcp_mega_varlen          final_combine_done                                             81.968     85.526
dcp_mega_varlen          kernel_done                                                    82.272     85.754
dcp_mega_varlen          post_completion/q_done_to_publish_done                         69.376     69.962
dcp_mega_varlen          post_completion/publish_done_to_receive_done                    7.296     10.630
dcp_mega_varlen          post_completion/attention_done_to_history_combine_done          9.264      9.824
dcp_mega_varlen          post_completion/history_combine_done_to_final_combine_done     10.480     13.834
Wrote benchmark JSON to benchmark_logs/experiment_suite/dcp-suite/01_dcp_wave-b-timestamps-20260814-132129/results/arrival_1/dcp_2/critical_wave_auto_lpt/comm_sm_12/case_000088_dcp2_hkv4_eager.json

================================================================================
Mega comm_sm=12, case 90/100: case_000089_dcp2_hkv4: B=3, Sq=[16, 16, 16], Sk=[75335, 14038, 4360], DCP=2, Hkv=4
================================================================================
Config: world_size=8, methods=['dcp_mega_varlen'], QH=32, KVH=4, D=128, TP=8, DCP=2, workload=chunk, execution=eager, baseline_phase_timing=False, warmup=40, iters=60, check=False
Workload: B=3, q_tokens=48, history_tokens=93733, q_seqlens=[16, 16, 16], history_seqlens=[75335, 14038, 4360]
Agg TFLOPS uses useful attention work across all TP ranks and p50(max_across_ranks); Avg/GPU divides it by world_size.
KV GB/s/GPU is average logical BF16 K+V bytes read per TP rank divided by p50(max_across_ranks); it is not hardware-counter HBM traffic.

Running B=3, q_tokens=48, history_tokens=93733, causal=True

B=3, q_tokens=48, history_tokens=93733, QH=32, KVH=4, D=128, TP=8, DCP=2, mode=causal
Method                   Time ms                                                                                                                                     Agg TFLOPS    Avg/GPU  KV GB/s/GPU      Check  Note
dcp_mega_varlen          t0=0.104, t1=0.102, t2=0.103, t3=0.103, t4=0.103, t5=0.103, t6=0.103, t7=0.101 | p50(max_across_ranks)=0.104, p90(max_across_ranks)=0.106        235.4       29.4        230.0       skip  eager; output=bf16_ipc_a2a; runner_preallocated; timing=mega_kernel_only

Mega %globaltimer phase timestamps (per-iteration maximum across benchmark ranks, then p50/p90 across samples; us)
Method                   Phase                                                             p50        p90
dcp_mega_varlen          kernel_start                                                    0.000      0.000
dcp_mega_varlen          q_allgather_done                                                4.096      4.224
dcp_mega_varlen          attention_done                                                 83.040     83.200
dcp_mega_varlen          history_combine_done                                           88.992     89.219
dcp_mega_varlen          publish_done                                                   88.992     89.219
dcp_mega_varlen          receive_done                                                   94.672     96.406
dcp_mega_varlen          final_combine_done                                             97.808     99.622
dcp_mega_varlen          kernel_done                                                    98.128     99.827
dcp_mega_varlen          post_completion/q_done_to_publish_done                         85.056     85.347
dcp_mega_varlen          post_completion/publish_done_to_receive_done                    6.960      8.070
dcp_mega_varlen          post_completion/attention_done_to_history_combine_done          6.400      6.592
dcp_mega_varlen          post_completion/history_combine_done_to_final_combine_done     10.208     11.264
Wrote benchmark JSON to benchmark_logs/experiment_suite/dcp-suite/01_dcp_wave-b-timestamps-20260814-132129/results/arrival_1/dcp_2/critical_wave_auto_lpt/comm_sm_12/case_000089_dcp2_hkv4_eager.json

================================================================================
Mega comm_sm=12, case 91/100: case_000090_dcp2_hkv4: B=17, Sq=[16, 16, 16, 16, 16, 16, 16, 16, 16, 16, 16, 16, 16, 16, 16, 16, 16], Sk=[52580, 1328, 1313, 1246, 9961, 32871, 1332, 6428, 5812, 2918, 2837, 14704, 5013, 14094, 7682, 3731, 4478], DCP=2, Hkv=4
================================================================================
Config: world_size=8, methods=['dcp_mega_varlen'], QH=32, KVH=4, D=128, TP=8, DCP=2, workload=chunk, execution=eager, baseline_phase_timing=False, warmup=40, iters=60, check=False
Workload: B=17, q_tokens=272, history_tokens=168328, q_seqlens=[16, 16, 16, 16, 16, 16, 16, 16, 16, 16, 16, 16, 16, 16, 16, 16, 16], history_seqlens=[52580, 1328, 1313, 1246, 9961, 32871, 1332, 6428, 5812, 2918, 2837, 14704, 5013, 14094, 7682, 3731, 4478]
Agg TFLOPS uses useful attention work across all TP ranks and p50(max_across_ranks); Avg/GPU divides it by world_size.
KV GB/s/GPU is average logical BF16 K+V bytes read per TP rank divided by p50(max_across_ranks); it is not hardware-counter HBM traffic.

Running B=17, q_tokens=272, history_tokens=168328, causal=True

B=17, q_tokens=272, history_tokens=168328, QH=32, KVH=4, D=128, TP=8, DCP=2, mode=causal
Method                   Time ms                                                                                                                                     Agg TFLOPS    Avg/GPU  KV GB/s/GPU      Check  Note
dcp_mega_varlen          t0=0.079, t1=0.078, t2=0.079, t3=0.079, t4=0.079, t5=0.079, t6=0.078, t7=0.079 | p50(max_across_ranks)=0.080, p90(max_across_ranks)=0.081        550.9       68.9        539.3       skip  eager; output=bf16_ipc_a2a; runner_preallocated; timing=mega_kernel_only

Mega %globaltimer phase timestamps (per-iteration maximum across benchmark ranks, then p50/p90 across samples; us)
Method                   Phase                                                             p50        p90
dcp_mega_varlen          kernel_start                                                    0.000      0.000
dcp_mega_varlen          q_allgather_done                                                4.608      4.736
dcp_mega_varlen          attention_done                                                 56.480     56.835
dcp_mega_varlen          history_combine_done                                           65.072     65.795
dcp_mega_varlen          publish_done                                                   65.072     65.795
dcp_mega_varlen          receive_done                                                   70.064     71.021
dcp_mega_varlen          final_combine_done                                             73.328     74.346
dcp_mega_varlen          kernel_done                                                    73.600     74.656
dcp_mega_varlen          post_completion/q_done_to_publish_done                         60.688     61.440
dcp_mega_varlen          post_completion/publish_done_to_receive_done                    6.512      7.725
dcp_mega_varlen          post_completion/attention_done_to_history_combine_done          9.152      9.990
dcp_mega_varlen          post_completion/history_combine_done_to_final_combine_done      9.760     10.915
Wrote benchmark JSON to benchmark_logs/experiment_suite/dcp-suite/01_dcp_wave-b-timestamps-20260814-132129/results/arrival_1/dcp_2/critical_wave_auto_lpt/comm_sm_12/case_000090_dcp2_hkv4_eager.json

================================================================================
Mega comm_sm=12, case 92/100: case_000091_dcp2_hkv4: B=13, Sq=[16, 16, 16, 16, 16, 16, 16, 16, 16, 16, 16, 592, 4096], Sk=[2360, 3183, 6866, 16663, 2988, 18236, 4289, 52311, 3042, 4364, 52034, 16896, 512], DCP=2, Hkv=4
================================================================================
Config: world_size=8, methods=['dcp_mega_varlen'], QH=32, KVH=4, D=128, TP=8, DCP=2, workload=chunk, execution=eager, baseline_phase_timing=False, warmup=40, iters=60, check=False
Workload: B=13, q_tokens=4864, history_tokens=183744, q_seqlens=[16, 16, 16, 16, 16, 16, 16, 16, 16, 16, 16, 592, 4096], history_seqlens=[2360, 3183, 6866, 16663, 2988, 18236, 4289, 52311, 3042, 4364, 52034, 16896, 512]
Agg TFLOPS uses useful attention work across all TP ranks and p50(max_across_ranks); Avg/GPU divides it by world_size.
KV GB/s/GPU is average logical BF16 K+V bytes read per TP rank divided by p50(max_across_ranks); it is not hardware-counter HBM traffic.

Running B=13, q_tokens=4864, history_tokens=183744, causal=True

B=13, q_tokens=4864, history_tokens=183744, QH=32, KVH=4, D=128, TP=8, DCP=2, mode=causal
Method                   Time ms                                                                                                                                     Agg TFLOPS    Avg/GPU  KV GB/s/GPU      Check  Note
dcp_mega_varlen          t0=0.200, t1=0.197, t2=0.199, t3=0.198, t4=0.198, t5=0.198, t6=0.199, t7=0.199 | p50(max_across_ranks)=0.200, p90(max_across_ranks)=0.202       1908.9      238.6        247.4       skip  eager; output=bf16_ipc_a2a; runner_preallocated; timing=mega_kernel_only

Mega %globaltimer phase timestamps (per-iteration maximum across benchmark ranks, then p50/p90 across samples; us)
Method                   Phase                                                             p50        p90
dcp_mega_varlen          kernel_start                                                    0.000      0.000
dcp_mega_varlen          q_allgather_done                                               31.296     32.141
dcp_mega_varlen          attention_done                                                165.952    166.531
dcp_mega_varlen          history_combine_done                                          173.936    174.624
dcp_mega_varlen          publish_done                                                  173.936    174.624
dcp_mega_varlen          receive_done                                                  181.552    183.274
dcp_mega_varlen          final_combine_done                                            193.344    194.966
dcp_mega_varlen          kernel_done                                                   193.680    195.286
dcp_mega_varlen          post_completion/q_done_to_publish_done                        145.280    146.080
dcp_mega_varlen          post_completion/publish_done_to_receive_done                    9.072     11.245
dcp_mega_varlen          post_completion/attention_done_to_history_combine_done          8.832      9.347
dcp_mega_varlen          post_completion/history_combine_done_to_final_combine_done     20.992     22.723
Wrote benchmark JSON to benchmark_logs/experiment_suite/dcp-suite/01_dcp_wave-b-timestamps-20260814-132129/results/arrival_1/dcp_2/critical_wave_auto_lpt/comm_sm_12/case_000091_dcp2_hkv4_eager.json

================================================================================
Mega comm_sm=12, case 93/100: case_000092_dcp2_hkv4: B=8, Sq=[16, 16, 16, 16, 16, 16, 16, 16], Sk=[35428, 57819, 1362, 16824, 24141, 1061, 4085, 17397], DCP=2, Hkv=4
================================================================================
Config: world_size=8, methods=['dcp_mega_varlen'], QH=32, KVH=4, D=128, TP=8, DCP=2, workload=chunk, execution=eager, baseline_phase_timing=False, warmup=40, iters=60, check=False
Workload: B=8, q_tokens=128, history_tokens=158117, q_seqlens=[16, 16, 16, 16, 16, 16, 16, 16], history_seqlens=[35428, 57819, 1362, 16824, 24141, 1061, 4085, 17397]
Agg TFLOPS uses useful attention work across all TP ranks and p50(max_across_ranks); Avg/GPU divides it by world_size.
KV GB/s/GPU is average logical BF16 K+V bytes read per TP rank divided by p50(max_across_ranks); it is not hardware-counter HBM traffic.

Running B=8, q_tokens=128, history_tokens=158117, causal=True

B=8, q_tokens=128, history_tokens=158117, QH=32, KVH=4, D=128, TP=8, DCP=2, mode=causal
Method                   Time ms                                                                                                                                     Agg TFLOPS    Avg/GPU  KV GB/s/GPU      Check  Note
dcp_mega_varlen          t0=0.068, t1=0.067, t2=0.068, t3=0.068, t4=0.067, t5=0.067, t6=0.068, t7=0.067 | p50(max_across_ranks)=0.069, p90(max_across_ranks)=0.070        602.2       75.3        588.7       skip  eager; output=bf16_ipc_a2a; runner_preallocated; timing=mega_kernel_only

Mega %globaltimer phase timestamps (per-iteration maximum across benchmark ranks, then p50/p90 across samples; us)
Method                   Phase                                                             p50        p90
dcp_mega_varlen          kernel_start                                                    0.000      0.000
dcp_mega_varlen          q_allgather_done                                                4.496      4.640
dcp_mega_varlen          attention_done                                                 28.256     28.576
dcp_mega_varlen          history_combine_done                                           53.984     54.400
dcp_mega_varlen          publish_done                                                   53.984     54.400
dcp_mega_varlen          receive_done                                                   58.864     59.360
dcp_mega_varlen          final_combine_done                                             62.112     62.723
dcp_mega_varlen          kernel_done                                                    62.368     63.043
dcp_mega_varlen          post_completion/q_done_to_publish_done                         49.680     50.080
dcp_mega_varlen          post_completion/publish_done_to_receive_done                    6.016      6.941
dcp_mega_varlen          post_completion/attention_done_to_history_combine_done         26.176     26.688
dcp_mega_varlen          post_completion/history_combine_done_to_final_combine_done      9.232     10.218
Wrote benchmark JSON to benchmark_logs/experiment_suite/dcp-suite/01_dcp_wave-b-timestamps-20260814-132129/results/arrival_1/dcp_2/critical_wave_auto_lpt/comm_sm_12/case_000092_dcp2_hkv4_eager.json

================================================================================
Mega comm_sm=12, case 94/100: case_000093_dcp2_hkv4: B=13, Sq=[16, 16, 16, 16, 16, 16, 16, 16, 16, 16, 16, 16, 16], Sk=[1286, 1252, 7040, 7094, 1880, 9881, 28012, 10260, 2061, 12888, 4519, 3652, 30575], DCP=2, Hkv=4
================================================================================
Config: world_size=8, methods=['dcp_mega_varlen'], QH=32, KVH=4, D=128, TP=8, DCP=2, workload=chunk, execution=eager, baseline_phase_timing=False, warmup=40, iters=60, check=False
Workload: B=13, q_tokens=208, history_tokens=120400, q_seqlens=[16, 16, 16, 16, 16, 16, 16, 16, 16, 16, 16, 16, 16], history_seqlens=[1286, 1252, 7040, 7094, 1880, 9881, 28012, 10260, 2061, 12888, 4519, 3652, 30575]
Agg TFLOPS uses useful attention work across all TP ranks and p50(max_across_ranks); Avg/GPU divides it by world_size.
KV GB/s/GPU is average logical BF16 K+V bytes read per TP rank divided by p50(max_across_ranks); it is not hardware-counter HBM traffic.

Running B=13, q_tokens=208, history_tokens=120400, causal=True

B=13, q_tokens=208, history_tokens=120400, QH=32, KVH=4, D=128, TP=8, DCP=2, mode=causal
Method                   Time ms                                                                                                                                     Agg TFLOPS    Avg/GPU  KV GB/s/GPU      Check  Note
dcp_mega_varlen          t0=0.083, t1=0.082, t2=0.084, t3=0.084, t4=0.086, t5=0.082, t6=0.083, t7=0.084 | p50(max_across_ranks)=0.086, p90(max_across_ranks)=0.091        367.1       45.9        359.4       skip  eager; output=bf16_ipc_a2a; runner_preallocated; timing=mega_kernel_only

Mega %globaltimer phase timestamps (per-iteration maximum across benchmark ranks, then p50/p90 across samples; us)
Method                   Phase                                                             p50        p90
dcp_mega_varlen          kernel_start                                                    0.000      0.000
dcp_mega_varlen          q_allgather_done                                                4.528      4.704
dcp_mega_varlen          attention_done                                                 63.424     63.651
dcp_mega_varlen          history_combine_done                                           70.112     70.915
dcp_mega_varlen          publish_done                                                   70.112     70.915
dcp_mega_varlen          receive_done                                                   75.984     80.483
dcp_mega_varlen          final_combine_done                                             79.360     83.814
dcp_mega_varlen          kernel_done                                                    79.632     84.134
dcp_mega_varlen          post_completion/q_done_to_publish_done                         65.808     66.720
dcp_mega_varlen          post_completion/publish_done_to_receive_done                    7.344     11.776
dcp_mega_varlen          post_completion/attention_done_to_history_combine_done          7.408      7.872
dcp_mega_varlen          post_completion/history_combine_done_to_final_combine_done     10.688     15.152
Wrote benchmark JSON to benchmark_logs/experiment_suite/dcp-suite/01_dcp_wave-b-timestamps-20260814-132129/results/arrival_1/dcp_2/critical_wave_auto_lpt/comm_sm_12/case_000093_dcp2_hkv4_eager.json

================================================================================
Mega comm_sm=12, case 95/100: case_000094_dcp2_hkv4: B=5, Sq=[16, 16, 16, 16, 16], Sk=[8472, 3751, 18873, 1565, 1892], DCP=2, Hkv=4
================================================================================
Config: world_size=8, methods=['dcp_mega_varlen'], QH=32, KVH=4, D=128, TP=8, DCP=2, workload=chunk, execution=eager, baseline_phase_timing=False, warmup=40, iters=60, check=False
Workload: B=5, q_tokens=80, history_tokens=34553, q_seqlens=[16, 16, 16, 16, 16], history_seqlens=[8472, 3751, 18873, 1565, 1892]
Agg TFLOPS uses useful attention work across all TP ranks and p50(max_across_ranks); Avg/GPU divides it by world_size.
KV GB/s/GPU is average logical BF16 K+V bytes read per TP rank divided by p50(max_across_ranks); it is not hardware-counter HBM traffic.

Running B=5, q_tokens=80, history_tokens=34553, causal=True

B=5, q_tokens=80, history_tokens=34553, QH=32, KVH=4, D=128, TP=8, DCP=2, mode=causal
Method                   Time ms                                                                                                                                     Agg TFLOPS    Avg/GPU  KV GB/s/GPU      Check  Note
dcp_mega_varlen          t0=0.055, t1=0.053, t2=0.054, t3=0.054, t4=0.055, t5=0.054, t6=0.054, t7=0.053 | p50(max_across_ranks)=0.056, p90(max_across_ranks)=0.058        162.9       20.4        159.6       skip  eager; output=bf16_ipc_a2a; runner_preallocated; timing=mega_kernel_only

Mega %globaltimer phase timestamps (per-iteration maximum across benchmark ranks, then p50/p90 across samples; us)
Method                   Phase                                                             p50        p90
dcp_mega_varlen          kernel_start                                                    0.000      0.000
dcp_mega_varlen          q_allgather_done                                                3.904      3.936
dcp_mega_varlen          attention_done                                                 33.152     33.376
dcp_mega_varlen          history_combine_done                                           40.192     40.864
dcp_mega_varlen          publish_done                                                   40.192     40.864
dcp_mega_varlen          receive_done                                                   45.856     47.949
dcp_mega_varlen          final_combine_done                                             48.992     51.325
dcp_mega_varlen          kernel_done                                                    49.280     51.674
dcp_mega_varlen          post_completion/q_done_to_publish_done                         36.448     37.059
dcp_mega_varlen          post_completion/publish_done_to_receive_done                    6.320      8.115
dcp_mega_varlen          post_completion/attention_done_to_history_combine_done          7.456      8.451
dcp_mega_varlen          post_completion/history_combine_done_to_final_combine_done      9.472     11.491
Wrote benchmark JSON to benchmark_logs/experiment_suite/dcp-suite/01_dcp_wave-b-timestamps-20260814-132129/results/arrival_1/dcp_2/critical_wave_auto_lpt/comm_sm_12/case_000094_dcp2_hkv4_eager.json

================================================================================
Mega comm_sm=12, case 96/100: case_000095_dcp2_hkv4: B=8, Sq=[16, 16, 16, 16, 16, 16, 16, 16], Sk=[2476, 5076, 34310, 1428, 4047, 996, 7357, 5854], DCP=2, Hkv=4
================================================================================
Config: world_size=8, methods=['dcp_mega_varlen'], QH=32, KVH=4, D=128, TP=8, DCP=2, workload=chunk, execution=eager, baseline_phase_timing=False, warmup=40, iters=60, check=False
Workload: B=8, q_tokens=128, history_tokens=61544, q_seqlens=[16, 16, 16, 16, 16, 16, 16, 16], history_seqlens=[2476, 5076, 34310, 1428, 4047, 996, 7357, 5854]
Agg TFLOPS uses useful attention work across all TP ranks and p50(max_across_ranks); Avg/GPU divides it by world_size.
KV GB/s/GPU is average logical BF16 K+V bytes read per TP rank divided by p50(max_across_ranks); it is not hardware-counter HBM traffic.

Running B=8, q_tokens=128, history_tokens=61544, causal=True

B=8, q_tokens=128, history_tokens=61544, QH=32, KVH=4, D=128, TP=8, DCP=2, mode=causal
Method                   Time ms                                                                                                                                     Agg TFLOPS    Avg/GPU  KV GB/s/GPU      Check  Note
dcp_mega_varlen          t0=0.054, t1=0.054, t2=0.054, t3=0.055, t4=0.055, t5=0.056, t6=0.055, t7=0.054 | p50(max_across_ranks)=0.056, p90(max_across_ranks)=0.057        286.8       35.8        280.9       skip  eager; output=bf16_ipc_a2a; runner_preallocated; timing=mega_kernel_only

Mega %globaltimer phase timestamps (per-iteration maximum across benchmark ranks, then p50/p90 across samples; us)
Method                   Phase                                                             p50        p90
dcp_mega_varlen          kernel_start                                                    0.000      0.000
dcp_mega_varlen          q_allgather_done                                                4.016      4.096
dcp_mega_varlen          attention_done                                                 31.632     31.968
dcp_mega_varlen          history_combine_done                                           41.312     41.898
dcp_mega_varlen          publish_done                                                   41.312     41.898
dcp_mega_varlen          receive_done                                                   46.368     47.296
dcp_mega_varlen          final_combine_done                                             49.568     50.470
dcp_mega_varlen          kernel_done                                                    49.872     50.790
dcp_mega_varlen          post_completion/q_done_to_publish_done                         37.344     37.955
dcp_mega_varlen          post_completion/publish_done_to_receive_done                    6.080      7.296
dcp_mega_varlen          post_completion/attention_done_to_history_combine_done         10.048     10.499
dcp_mega_varlen          post_completion/history_combine_done_to_final_combine_done      9.248     10.416
Wrote benchmark JSON to benchmark_logs/experiment_suite/dcp-suite/01_dcp_wave-b-timestamps-20260814-132129/results/arrival_1/dcp_2/critical_wave_auto_lpt/comm_sm_12/case_000095_dcp2_hkv4_eager.json

================================================================================
Mega comm_sm=12, case 97/100: case_000096_dcp2_hkv4: B=17, Sq=[16, 16, 16, 16, 16, 16, 16, 16, 16, 16, 16, 16, 16, 16, 16, 16, 16], Sk=[63460, 13315, 1376, 14715, 22633, 4804, 10229, 1399, 6367, 1776, 5206, 26885, 16890, 4411, 966, 10503, 34048], DCP=2, Hkv=4
================================================================================
Config: world_size=8, methods=['dcp_mega_varlen'], QH=32, KVH=4, D=128, TP=8, DCP=2, workload=chunk, execution=eager, baseline_phase_timing=False, warmup=40, iters=60, check=False
Workload: B=17, q_tokens=272, history_tokens=238983, q_seqlens=[16, 16, 16, 16, 16, 16, 16, 16, 16, 16, 16, 16, 16, 16, 16, 16, 16], history_seqlens=[63460, 13315, 1376, 14715, 22633, 4804, 10229, 1399, 6367, 1776, 5206, 26885, 16890, 4411, 966, 10503, 34048]
Agg TFLOPS uses useful attention work across all TP ranks and p50(max_across_ranks); Avg/GPU divides it by world_size.
KV GB/s/GPU is average logical BF16 K+V bytes read per TP rank divided by p50(max_across_ranks); it is not hardware-counter HBM traffic.

Running B=17, q_tokens=272, history_tokens=238983, causal=True

B=17, q_tokens=272, history_tokens=238983, QH=32, KVH=4, D=128, TP=8, DCP=2, mode=causal
Method                   Time ms                                                                                                                                     Agg TFLOPS    Avg/GPU  KV GB/s/GPU      Check  Note
dcp_mega_varlen          t0=0.080, t1=0.079, t2=0.080, t3=0.079, t4=0.079, t5=0.080, t6=0.081, t7=0.079 | p50(max_across_ranks)=0.082, p90(max_across_ranks)=0.085        766.0       95.7        749.3       skip  eager; output=bf16_ipc_a2a; runner_preallocated; timing=mega_kernel_only

Mega %globaltimer phase timestamps (per-iteration maximum across benchmark ranks, then p50/p90 across samples; us)
Method                   Phase                                                             p50        p90
dcp_mega_varlen          kernel_start                                                    0.000      0.000
dcp_mega_varlen          q_allgather_done                                                4.544      4.704
dcp_mega_varlen          attention_done                                                 47.072     47.808
dcp_mega_varlen          history_combine_done                                           66.032     66.819
dcp_mega_varlen          publish_done                                                   66.032     66.819
dcp_mega_varlen          receive_done                                                   71.408     73.466
dcp_mega_varlen          final_combine_done                                             74.880     77.024
dcp_mega_varlen          kernel_done                                                    75.200     77.344
dcp_mega_varlen          post_completion/q_done_to_publish_done                         61.696     62.515
dcp_mega_varlen          post_completion/publish_done_to_receive_done                    7.808     10.339
dcp_mega_varlen          post_completion/attention_done_to_history_combine_done         20.480     21.482
dcp_mega_varlen          post_completion/history_combine_done_to_final_combine_done     11.328     14.038
Wrote benchmark JSON to benchmark_logs/experiment_suite/dcp-suite/01_dcp_wave-b-timestamps-20260814-132129/results/arrival_1/dcp_2/critical_wave_auto_lpt/comm_sm_12/case_000096_dcp2_hkv4_eager.json

================================================================================
Mega comm_sm=12, case 98/100: case_000097_dcp2_hkv4: B=6, Sq=[16, 16, 16, 16, 16, 16], Sk=[1256, 1816, 17135, 4887, 1318, 1624], DCP=2, Hkv=4
================================================================================
Config: world_size=8, methods=['dcp_mega_varlen'], QH=32, KVH=4, D=128, TP=8, DCP=2, workload=chunk, execution=eager, baseline_phase_timing=False, warmup=40, iters=60, check=False
Workload: B=6, q_tokens=96, history_tokens=28036, q_seqlens=[16, 16, 16, 16, 16, 16], history_seqlens=[1256, 1816, 17135, 4887, 1318, 1624]
Agg TFLOPS uses useful attention work across all TP ranks and p50(max_across_ranks); Avg/GPU divides it by world_size.
KV GB/s/GPU is average logical BF16 K+V bytes read per TP rank divided by p50(max_across_ranks); it is not hardware-counter HBM traffic.

Running B=6, q_tokens=96, history_tokens=28036, causal=True

B=6, q_tokens=96, history_tokens=28036, QH=32, KVH=4, D=128, TP=8, DCP=2, mode=causal
Method                   Time ms                                                                                                                                     Agg TFLOPS    Avg/GPU  KV GB/s/GPU      Check  Note
dcp_mega_varlen          t0=0.058, t1=0.056, t2=0.057, t3=0.057, t4=0.057, t5=0.057, t6=0.057, t7=0.057 | p50(max_across_ranks)=0.059, p90(max_across_ranks)=0.060        125.7       15.7        123.3       skip  eager; output=bf16_ipc_a2a; runner_preallocated; timing=mega_kernel_only

Mega %globaltimer phase timestamps (per-iteration maximum across benchmark ranks, then p50/p90 across samples; us)
Method                   Phase                                                             p50        p90
dcp_mega_varlen          kernel_start                                                    0.000      0.000
dcp_mega_varlen          q_allgather_done                                                3.936      4.000
dcp_mega_varlen          attention_done                                                 36.192     36.512
dcp_mega_varlen          history_combine_done                                           43.264     43.526
dcp_mega_varlen          publish_done                                                   43.264     43.526
dcp_mega_varlen          receive_done                                                   48.704     49.693
dcp_mega_varlen          final_combine_done                                             51.824     52.813
dcp_mega_varlen          kernel_done                                                    52.080     53.133
dcp_mega_varlen          post_completion/q_done_to_publish_done                         39.456     39.680
dcp_mega_varlen          post_completion/publish_done_to_receive_done                    6.896      7.658
dcp_mega_varlen          post_completion/attention_done_to_history_combine_done          7.392      7.747
dcp_mega_varlen          post_completion/history_combine_done_to_final_combine_done      9.952     10.797
Wrote benchmark JSON to benchmark_logs/experiment_suite/dcp-suite/01_dcp_wave-b-timestamps-20260814-132129/results/arrival_1/dcp_2/critical_wave_auto_lpt/comm_sm_12/case_000097_dcp2_hkv4_eager.json

================================================================================
Mega comm_sm=12, case 99/100: case_000098_dcp2_hkv4: B=3, Sq=[16, 16, 400], Sk=[1631, 1956, 512], DCP=2, Hkv=4
================================================================================
Config: world_size=8, methods=['dcp_mega_varlen'], QH=32, KVH=4, D=128, TP=8, DCP=2, workload=chunk, execution=eager, baseline_phase_timing=False, warmup=40, iters=60, check=False
Workload: B=3, q_tokens=432, history_tokens=4099, q_seqlens=[16, 16, 400], history_seqlens=[1631, 1956, 512]
Agg TFLOPS uses useful attention work across all TP ranks and p50(max_across_ranks); Avg/GPU divides it by world_size.
KV GB/s/GPU is average logical BF16 K+V bytes read per TP rank divided by p50(max_across_ranks); it is not hardware-counter HBM traffic.

Running B=3, q_tokens=432, history_tokens=4099, causal=True

B=3, q_tokens=432, history_tokens=4099, QH=32, KVH=4, D=128, TP=8, DCP=2, mode=causal
Method                   Time ms                                                                                                                                     Agg TFLOPS    Avg/GPU  KV GB/s/GPU      Check  Note
dcp_mega_varlen          t0=0.045, t1=0.044, t2=0.044, t3=0.045, t4=0.045, t5=0.045, t6=0.045, t7=0.043 | p50(max_across_ranks)=0.046, p90(max_across_ranks)=0.047        121.2       15.2         27.4       skip  eager; output=bf16_ipc_a2a; runner_preallocated; timing=mega_kernel_only

Mega %globaltimer phase timestamps (per-iteration maximum across benchmark ranks, then p50/p90 across samples; us)
Method                   Phase                                                             p50        p90
dcp_mega_varlen          kernel_start                                                    0.000      0.000
dcp_mega_varlen          q_allgather_done                                                4.608      4.736
dcp_mega_varlen          attention_done                                                 21.440     21.574
dcp_mega_varlen          history_combine_done                                           31.488     32.352
dcp_mega_varlen          publish_done                                                   31.488     32.352
dcp_mega_varlen          receive_done                                                   36.736     37.507
dcp_mega_varlen          final_combine_done                                             39.664     40.448
dcp_mega_varlen          kernel_done                                                    39.984     40.768
dcp_mega_varlen          post_completion/q_done_to_publish_done                         27.168     27.882
dcp_mega_varlen          post_completion/publish_done_to_receive_done                    6.832      8.163
dcp_mega_varlen          post_completion/attention_done_to_history_combine_done         10.560     11.267
dcp_mega_varlen          post_completion/history_combine_done_to_final_combine_done      9.696     10.934
Wrote benchmark JSON to benchmark_logs/experiment_suite/dcp-suite/01_dcp_wave-b-timestamps-20260814-132129/results/arrival_1/dcp_2/critical_wave_auto_lpt/comm_sm_12/case_000098_dcp2_hkv4_eager.json

================================================================================
Mega comm_sm=12, case 100/100: case_000099_dcp2_hkv4: B=10, Sq=[16, 16, 16, 16, 16, 16, 16, 16, 16, 16], Sk=[1728, 22644, 1431, 5197, 11475, 17491, 6091, 5082, 963, 1688], DCP=2, Hkv=4
================================================================================
Config: world_size=8, methods=['dcp_mega_varlen'], QH=32, KVH=4, D=128, TP=8, DCP=2, workload=chunk, execution=eager, baseline_phase_timing=False, warmup=40, iters=60, check=False
Workload: B=10, q_tokens=160, history_tokens=73790, q_seqlens=[16, 16, 16, 16, 16, 16, 16, 16, 16, 16], history_seqlens=[1728, 22644, 1431, 5197, 11475, 17491, 6091, 5082, 963, 1688]
Agg TFLOPS uses useful attention work across all TP ranks and p50(max_across_ranks); Avg/GPU divides it by world_size.
KV GB/s/GPU is average logical BF16 K+V bytes read per TP rank divided by p50(max_across_ranks); it is not hardware-counter HBM traffic.

Running B=10, q_tokens=160, history_tokens=73790, causal=True

B=10, q_tokens=160, history_tokens=73790, QH=32, KVH=4, D=128, TP=8, DCP=2, mode=causal
Method                   Time ms                                                                                                                                     Agg TFLOPS    Avg/GPU  KV GB/s/GPU      Check  Note
dcp_mega_varlen          t0=0.064, t1=0.062, t2=0.064, t3=0.064, t4=0.064, t5=0.062, t6=0.064, t7=0.063 | p50(max_across_ranks)=0.066, p90(max_across_ranks)=0.068        295.6       37.0        289.6       skip  eager; output=bf16_ipc_a2a; runner_preallocated; timing=mega_kernel_only

Mega %globaltimer phase timestamps (per-iteration maximum across benchmark ranks, then p50/p90 across samples; us)
Method                   Phase                                                             p50        p90
dcp_mega_varlen          kernel_start                                                    0.000      0.000
dcp_mega_varlen          q_allgather_done                                                4.176      4.323
dcp_mega_varlen          attention_done                                                 42.144     42.368
dcp_mega_varlen          history_combine_done                                           49.872     50.627
dcp_mega_varlen          publish_done                                                   49.872     50.627
dcp_mega_varlen          receive_done                                                   55.440     57.363
dcp_mega_varlen          final_combine_done                                             58.624     60.707
dcp_mega_varlen          kernel_done                                                    58.896     61.027
dcp_mega_varlen          post_completion/q_done_to_publish_done                         45.888     46.659
dcp_mega_varlen          post_completion/publish_done_to_receive_done                    6.992      9.562
dcp_mega_varlen          post_completion/attention_done_to_history_combine_done          8.016      8.707
dcp_mega_varlen          post_completion/history_combine_done_to_final_combine_done     10.240     12.746
Wrote benchmark JSON to benchmark_logs/experiment_suite/dcp-suite/01_dcp_wave-b-timestamps-20260814-132129/results/arrival_1/dcp_2/critical_wave_auto_lpt/comm_sm_12/case_000099_dcp2_hkv4_eager.json

Mega comm_sm=12 summary

Mega DCP batch summary
Case                   DCP Method                       p50 ms     p90 ms   Agg TFLOPS
case_000000_dcp2_hkv4    2 dcp_mega_varlen               0.059      0.061        494.7
case_000001_dcp2_hkv4    2 dcp_mega_varlen               0.051      0.053        104.3
case_000002_dcp2_hkv4    2 dcp_mega_varlen               0.079      0.084        434.9
case_000003_dcp2_hkv4    2 dcp_mega_varlen               0.077      0.080        282.4
case_000004_dcp2_hkv4    2 dcp_mega_varlen               0.061      0.062        222.3
case_000005_dcp2_hkv4    2 dcp_mega_varlen               0.073      0.080        183.4
case_000006_dcp2_hkv4    2 dcp_mega_varlen               0.090      0.096        622.2
case_000007_dcp2_hkv4    2 dcp_mega_varlen               0.058      0.062        304.4
case_000008_dcp2_hkv4    2 dcp_mega_varlen               0.062      0.065        614.2
case_000009_dcp2_hkv4    2 dcp_mega_varlen               0.061      0.063        287.8
case_000010_dcp2_hkv4    2 dcp_mega_varlen               0.060      0.061        200.8
case_000011_dcp2_hkv4    2 dcp_mega_varlen               0.068      0.069        442.6
case_000012_dcp2_hkv4    2 dcp_mega_varlen               0.073      0.076        307.3
case_000013_dcp2_hkv4    2 dcp_mega_varlen               0.086      0.096        530.2
case_000014_dcp2_hkv4    2 dcp_mega_varlen               1.851      1.872       4114.5
case_000015_dcp2_hkv4    2 dcp_mega_varlen               0.063      0.064        469.6
case_000016_dcp2_hkv4    2 dcp_mega_varlen               0.066      0.069        479.4
case_000017_dcp2_hkv4    2 dcp_mega_varlen               0.071      0.072        377.0
case_000018_dcp2_hkv4    2 dcp_mega_varlen               0.070      0.072        318.1
case_000019_dcp2_hkv4    2 dcp_mega_varlen               0.089      0.093        442.9
case_000020_dcp2_hkv4    2 dcp_mega_varlen               0.163      0.166       1206.5
case_000021_dcp2_hkv4    2 dcp_mega_varlen               0.056      0.058        584.1
case_000022_dcp2_hkv4    2 dcp_mega_varlen               0.068      0.071        325.5
case_000023_dcp2_hkv4    2 dcp_mega_varlen               0.069      0.071        325.3
case_000024_dcp2_hkv4    2 dcp_mega_varlen               0.044      0.047         98.8
case_000025_dcp2_hkv4    2 dcp_mega_varlen               0.080      0.082        549.7
case_000026_dcp2_hkv4    2 dcp_mega_varlen               0.062      0.064        272.9
case_000027_dcp2_hkv4    2 dcp_mega_varlen               0.068      0.069        593.8
case_000028_dcp2_hkv4    2 dcp_mega_varlen               0.088      0.089        313.8
case_000029_dcp2_hkv4    2 dcp_mega_varlen               0.086      0.091        509.8
case_000030_dcp2_hkv4    2 dcp_mega_varlen               0.072      0.074        324.6
case_000031_dcp2_hkv4    2 dcp_mega_varlen               0.057      0.059        234.8
case_000032_dcp2_hkv4    2 dcp_mega_varlen               1.381      1.387       4110.2
case_000033_dcp2_hkv4    2 dcp_mega_varlen               0.066      0.067        290.7
case_000034_dcp2_hkv4    2 dcp_mega_varlen               0.066      0.066        261.4
case_000035_dcp2_hkv4    2 dcp_mega_varlen               0.064      0.066        216.2
case_000036_dcp2_hkv4    2 dcp_mega_varlen               0.088      0.093        566.0
case_000037_dcp2_hkv4    2 dcp_mega_varlen               0.144      0.147       2467.0
case_000038_dcp2_hkv4    2 dcp_mega_varlen               0.047      0.049        377.5
case_000039_dcp2_hkv4    2 dcp_mega_varlen               0.049      0.050        365.0
case_000040_dcp2_hkv4    2 dcp_mega_varlen               0.074      0.076        386.1
case_000041_dcp2_hkv4    2 dcp_mega_varlen               0.062      0.072        261.7
case_000042_dcp2_hkv4    2 dcp_mega_varlen               0.087      0.088        969.0
case_000043_dcp2_hkv4    2 dcp_mega_varlen               0.091      0.093        654.4
case_000044_dcp2_hkv4    2 dcp_mega_varlen               0.069      0.071        882.1
case_000045_dcp2_hkv4    2 dcp_mega_varlen               0.061      0.062        232.6
case_000046_dcp2_hkv4    2 dcp_mega_varlen               0.055      0.059        272.8
case_000047_dcp2_hkv4    2 dcp_mega_varlen               0.085      0.086        418.3
case_000048_dcp2_hkv4    2 dcp_mega_varlen               0.050      0.052        369.2
case_000049_dcp2_hkv4    2 dcp_mega_varlen               0.094      0.095        316.9
case_000050_dcp2_hkv4    2 dcp_mega_varlen               0.060      0.061        355.0
case_000051_dcp2_hkv4    2 dcp_mega_varlen               0.050      0.051        372.6
case_000052_dcp2_hkv4    2 dcp_mega_varlen               0.062      0.065        333.2
case_000053_dcp2_hkv4    2 dcp_mega_varlen               0.059      0.060        634.8
case_000054_dcp2_hkv4    2 dcp_mega_varlen               0.077      0.079        406.0
case_000055_dcp2_hkv4    2 dcp_mega_varlen               0.051      0.052        200.8
case_000056_dcp2_hkv4    2 dcp_mega_varlen               0.057      0.057        517.9
case_000057_dcp2_hkv4    2 dcp_mega_varlen               0.076      0.078        361.9
case_000058_dcp2_hkv4    2 dcp_mega_varlen               0.059      0.060        309.9
case_000059_dcp2_hkv4    2 dcp_mega_varlen               0.284      0.288       3565.4
case_000060_dcp2_hkv4    2 dcp_mega_varlen               0.076      0.077        379.2
case_000061_dcp2_hkv4    2 dcp_mega_varlen               0.054      0.055        269.7
case_000062_dcp2_hkv4    2 dcp_mega_varlen               0.066      0.067        354.4
case_000063_dcp2_hkv4    2 dcp_mega_varlen               0.069      0.072        297.0
case_000064_dcp2_hkv4    2 dcp_mega_varlen               0.064      0.067        276.0
case_000065_dcp2_hkv4    2 dcp_mega_varlen               0.057      0.060        336.4
case_000066_dcp2_hkv4    2 dcp_mega_varlen               0.049      0.050        507.4
case_000067_dcp2_hkv4    2 dcp_mega_varlen               0.059      0.060        172.8
case_000068_dcp2_hkv4    2 dcp_mega_varlen               0.057      0.058        576.7
case_000069_dcp2_hkv4    2 dcp_mega_varlen               0.078      0.087        404.1
case_000070_dcp2_hkv4    2 dcp_mega_varlen               0.057      0.058        222.5
case_000071_dcp2_hkv4    2 dcp_mega_varlen               0.074      0.076        482.2
case_000072_dcp2_hkv4    2 dcp_mega_varlen               0.043      0.044         80.5
case_000073_dcp2_hkv4    2 dcp_mega_varlen               0.081      0.087        462.7
case_000074_dcp2_hkv4    2 dcp_mega_varlen               0.079      0.080        819.1
case_000075_dcp2_hkv4    2 dcp_mega_varlen               0.056      0.058        581.4
case_000076_dcp2_hkv4    2 dcp_mega_varlen               0.061      0.062        317.9
case_000077_dcp2_hkv4    2 dcp_mega_varlen               0.755      0.777       4508.7
case_000078_dcp2_hkv4    2 dcp_mega_varlen               0.064      0.065        452.2
case_000079_dcp2_hkv4    2 dcp_mega_varlen               0.069      0.073       1033.5
case_000080_dcp2_hkv4    2 dcp_mega_varlen               0.065      0.070        304.4
case_000081_dcp2_hkv4    2 dcp_mega_varlen               0.066      0.072        306.6
case_000082_dcp2_hkv4    2 dcp_mega_varlen               0.059      0.064        375.7
case_000083_dcp2_hkv4    2 dcp_mega_varlen               0.078      0.079        278.6
case_000084_dcp2_hkv4    2 dcp_mega_varlen               0.148      0.149       1343.1
case_000085_dcp2_hkv4    2 dcp_mega_varlen               0.064      0.068        360.4
case_000086_dcp2_hkv4    2 dcp_mega_varlen               0.055      0.060        512.4
case_000087_dcp2_hkv4    2 dcp_mega_varlen               0.070      0.071        263.2
case_000088_dcp2_hkv4    2 dcp_mega_varlen               0.089      0.093        425.8
case_000089_dcp2_hkv4    2 dcp_mega_varlen               0.104      0.106        235.4
case_000090_dcp2_hkv4    2 dcp_mega_varlen               0.080      0.081        550.9
case_000091_dcp2_hkv4    2 dcp_mega_varlen               0.200      0.202       1908.9
case_000092_dcp2_hkv4    2 dcp_mega_varlen               0.069      0.070        602.2
case_000093_dcp2_hkv4    2 dcp_mega_varlen               0.086      0.091        367.1
case_000094_dcp2_hkv4    2 dcp_mega_varlen               0.056      0.058        162.9
case_000095_dcp2_hkv4    2 dcp_mega_varlen               0.056      0.057        286.8
case_000096_dcp2_hkv4    2 dcp_mega_varlen               0.082      0.085        766.0
case_000097_dcp2_hkv4    2 dcp_mega_varlen               0.059      0.060        125.7
case_000098_dcp2_hkv4    2 dcp_mega_varlen               0.046      0.047        121.2
case_000099_dcp2_hkv4    2 dcp_mega_varlen               0.066      0.068        295.6

Mega DCP workload-weighted summary
Topology        DCP Method                     Cases    Mean ms  Mean TFLOPS     Weighted  Weighted/GPU
dcp2_hkv4         2 dcp_mega_varlen              100      0.111        591.7       1919.4         239.9
Wrote batch manifest to benchmark_logs/experiment_suite/dcp-suite/01_dcp_wave-b-timestamps-20260814-132129/results/arrival_1/dcp_2/critical_wave_auto_lpt/manifest.json
