CUDA_VISIBLE_DEVICES=0\,1\,2\,3\,4\,5\,6\,7 /home/hychen/min_fa3_demo/.venv/bin/torchrun --standalone --nproc_per_node=8 --module dcp_test.benchmark_dcp_mega_batch --config dcp_test/configs/dcp_mega_six_loads.json --trace-config dcp_test/trace/example_config.json --trace-cases benchmark_logs/experiment_suite/dcp-suite/01_dcp_wave-b-timestamps-20260814-132129/results/arrival_1/dcp_8/trace/cases.jsonl --trace-arrival-time-scale 1 --trace-dcp-size 8 --num-cases 100 --dcp-sizes 8 --implementations mega --num-splits 0 --mega-block-n auto --mega-num-comm-sms 16 --warmup 40 --iters 60 --no-check --no-cuda-graph --mega-phase-timestamps --no-baseline-phase-timing --mega-scheduler-heuristic --mega-history-order auto --output-dir benchmark_logs/experiment_suite/dcp-suite/01_dcp_wave-b-timestamps-20260814-132129/results/arrival_1/dcp_8/critical_wave_auto_lpt --manifest benchmark_logs/experiment_suite/dcp-suite/01_dcp_wave-b-timestamps-20260814-132129/results/arrival_1/dcp_8/critical_wave_auto_lpt/manifest.json
Mega DCP batch: name=dcp_mega_trace, mode=eager, cases=100, methods=['dcp_mega_varlen'], comm_sm_sweep=[16], baseline_phase_timing=False

================================================================================
Mega comm_sm=16, case 1/100: case_000000_dcp8_hkv1: B=7, Sq=[16, 16, 16, 16, 16, 16, 16], Sk=[34829, 19299, 4851, 18875, 19831, 9812, 3803], DCP=8, Hkv=1
================================================================================
Config: world_size=8, methods=['dcp_mega_varlen'], QH=32, KVH=1, D=128, TP=8, DCP=8, workload=chunk, execution=eager, baseline_phase_timing=False, warmup=40, iters=60, check=False
Workload: B=7, q_tokens=112, history_tokens=111300, q_seqlens=[16, 16, 16, 16, 16, 16, 16], history_seqlens=[34829, 19299, 4851, 18875, 19831, 9812, 3803]
Agg TFLOPS uses useful attention work across all TP ranks and p50(max_across_ranks); Avg/GPU divides it by world_size.
KV GB/s/GPU is average logical BF16 K+V bytes read per TP rank divided by p50(max_across_ranks); it is not hardware-counter HBM traffic.

Running B=7, q_tokens=112, history_tokens=111300, causal=True

B=7, q_tokens=112, history_tokens=111300, QH=32, KVH=1, D=128, TP=8, DCP=8, mode=causal
Method                   Time ms                                                                                                                                     Agg TFLOPS    Avg/GPU  KV GB/s/GPU      Check  Note
dcp_mega_varlen          t0=0.072, t1=0.070, t2=0.069, t3=0.071, t4=0.070, t5=0.070, t6=0.070, t7=0.068 | p50(max_across_ranks)=0.072, p90(max_across_ranks)=0.073        405.1       50.6         99.6       skip  eager; output=bf16_ipc_a2a; runner_preallocated; timing=mega_kernel_only

Mega %globaltimer phase timestamps (per-iteration maximum across benchmark ranks, then p50/p90 across samples; us)
Method                   Phase                                                             p50        p90
dcp_mega_varlen          kernel_start                                                    0.000      0.000
dcp_mega_varlen          q_allgather_done                                                6.592      6.752
dcp_mega_varlen          attention_done                                                 39.616     39.840
dcp_mega_varlen          history_combine_done                                           52.464     53.162
dcp_mega_varlen          publish_done                                                   52.464     53.162
dcp_mega_varlen          receive_done                                                   58.528     59.251
dcp_mega_varlen          final_combine_done                                             64.720     65.350
dcp_mega_varlen          kernel_done                                                    65.024     65.699
dcp_mega_varlen          post_completion/q_done_to_publish_done                         46.176     47.104
dcp_mega_varlen          post_completion/publish_done_to_receive_done                    7.776      8.854
dcp_mega_varlen          post_completion/attention_done_to_history_combine_done         13.296     13.920
dcp_mega_varlen          post_completion/history_combine_done_to_final_combine_done     13.792     14.922
Wrote benchmark JSON to benchmark_logs/experiment_suite/dcp-suite/01_dcp_wave-b-timestamps-20260814-132129/results/arrival_1/dcp_8/critical_wave_auto_lpt/comm_sm_16/case_000000_dcp8_hkv1_eager.json

================================================================================
Mega comm_sm=16, case 2/100: case_000001_dcp8_hkv1: B=5, Sq=[16, 16, 16, 16, 16], Sk=[2107, 2455, 3537, 11209, 946], DCP=8, Hkv=1
================================================================================
Config: world_size=8, methods=['dcp_mega_varlen'], QH=32, KVH=1, D=128, TP=8, DCP=8, workload=chunk, execution=eager, baseline_phase_timing=False, warmup=40, iters=60, check=False
Workload: B=5, q_tokens=80, history_tokens=20254, q_seqlens=[16, 16, 16, 16, 16], history_seqlens=[2107, 2455, 3537, 11209, 946]
Agg TFLOPS uses useful attention work across all TP ranks and p50(max_across_ranks); Avg/GPU divides it by world_size.
KV GB/s/GPU is average logical BF16 K+V bytes read per TP rank divided by p50(max_across_ranks); it is not hardware-counter HBM traffic.

Running B=5, q_tokens=80, history_tokens=20254, causal=True

B=5, q_tokens=80, history_tokens=20254, QH=32, KVH=1, D=128, TP=8, DCP=8, mode=causal
Method                   Time ms                                                                                                                                     Agg TFLOPS    Avg/GPU  KV GB/s/GPU      Check  Note
dcp_mega_varlen          t0=0.052, t1=0.052, t2=0.051, t3=0.052, t4=0.051, t5=0.051, t6=0.052, t7=0.049 | p50(max_across_ranks)=0.053, p90(max_across_ranks)=0.055        100.6       12.6         25.3       skip  eager; output=bf16_ipc_a2a; runner_preallocated; timing=mega_kernel_only

Mega %globaltimer phase timestamps (per-iteration maximum across benchmark ranks, then p50/p90 across samples; us)
Method                   Phase                                                             p50        p90
dcp_mega_varlen          kernel_start                                                    0.000      0.000
dcp_mega_varlen          q_allgather_done                                                5.664      5.760
dcp_mega_varlen          attention_done                                                 20.512     20.768
dcp_mega_varlen          history_combine_done                                           33.392     34.250
dcp_mega_varlen          publish_done                                                   33.392     34.250
dcp_mega_varlen          receive_done                                                   39.696     42.026
dcp_mega_varlen          final_combine_done                                             45.376     47.808
dcp_mega_varlen          kernel_done                                                    45.696     48.045
dcp_mega_varlen          post_completion/q_done_to_publish_done                         27.920     28.672
dcp_mega_varlen          post_completion/publish_done_to_receive_done                    7.808      9.882
dcp_mega_varlen          post_completion/attention_done_to_history_combine_done         13.344     14.147
dcp_mega_varlen          post_completion/history_combine_done_to_final_combine_done     13.488     15.626
Wrote benchmark JSON to benchmark_logs/experiment_suite/dcp-suite/01_dcp_wave-b-timestamps-20260814-132129/results/arrival_1/dcp_8/critical_wave_auto_lpt/comm_sm_16/case_000001_dcp8_hkv1_eager.json

================================================================================
Mega comm_sm=16, case 3/100: case_000002_dcp8_hkv1: B=6, Sq=[16, 16, 16, 16, 16, 16], Sk=[29183, 10423, 8206, 76751, 4964, 1138], DCP=8, Hkv=1
================================================================================
Config: world_size=8, methods=['dcp_mega_varlen'], QH=32, KVH=1, D=128, TP=8, DCP=8, workload=chunk, execution=eager, baseline_phase_timing=False, warmup=40, iters=60, check=False
Workload: B=6, q_tokens=96, history_tokens=130665, q_seqlens=[16, 16, 16, 16, 16, 16], history_seqlens=[29183, 10423, 8206, 76751, 4964, 1138]
Agg TFLOPS uses useful attention work across all TP ranks and p50(max_across_ranks); Avg/GPU divides it by world_size.
KV GB/s/GPU is average logical BF16 K+V bytes read per TP rank divided by p50(max_across_ranks); it is not hardware-counter HBM traffic.

Running B=6, q_tokens=96, history_tokens=130665, causal=True

B=6, q_tokens=96, history_tokens=130665, QH=32, KVH=1, D=128, TP=8, DCP=8, mode=causal
Method                   Time ms                                                                                                                                     Agg TFLOPS    Avg/GPU  KV GB/s/GPU      Check  Note
dcp_mega_varlen          t0=0.082, t1=0.083, t2=0.065, t3=0.082, t4=0.082, t5=0.083, t6=0.083, t7=0.079 | p50(max_across_ranks)=0.083, p90(max_across_ranks)=0.086        411.3       51.4        101.0       skip  eager; output=bf16_ipc_a2a; runner_preallocated; timing=mega_kernel_only

Mega %globaltimer phase timestamps (per-iteration maximum across benchmark ranks, then p50/p90 across samples; us)
Method                   Phase                                                             p50        p90
dcp_mega_varlen          kernel_start                                                    0.000      0.000
dcp_mega_varlen          q_allgather_done                                                5.984      6.147
dcp_mega_varlen          attention_done                                                 46.944     47.168
dcp_mega_varlen          history_combine_done                                           55.744     56.621
dcp_mega_varlen          publish_done                                                   55.744     56.621
dcp_mega_varlen          receive_done                                                   69.424     72.019
dcp_mega_varlen          final_combine_done                                             75.696     78.064
dcp_mega_varlen          kernel_done                                                    76.032     78.416
dcp_mega_varlen          post_completion/q_done_to_publish_done                         50.000     50.816
dcp_mega_varlen          post_completion/publish_done_to_receive_done                   15.440     18.432
dcp_mega_varlen          post_completion/attention_done_to_history_combine_done          9.280     10.054
dcp_mega_varlen          post_completion/history_combine_done_to_final_combine_done     21.424     24.525
Wrote benchmark JSON to benchmark_logs/experiment_suite/dcp-suite/01_dcp_wave-b-timestamps-20260814-132129/results/arrival_1/dcp_8/critical_wave_auto_lpt/comm_sm_16/case_000002_dcp8_hkv1_eager.json

================================================================================
Mega comm_sm=16, case 4/100: case_000003_dcp8_hkv1: B=5, Sq=[16, 16, 16, 16, 16], Sk=[31636, 5773, 8882, 24402, 11777], DCP=8, Hkv=1
================================================================================
Config: world_size=8, methods=['dcp_mega_varlen'], QH=32, KVH=1, D=128, TP=8, DCP=8, workload=chunk, execution=eager, baseline_phase_timing=False, warmup=40, iters=60, check=False
Workload: B=5, q_tokens=80, history_tokens=82470, q_seqlens=[16, 16, 16, 16, 16], history_seqlens=[31636, 5773, 8882, 24402, 11777]
Agg TFLOPS uses useful attention work across all TP ranks and p50(max_across_ranks); Avg/GPU divides it by world_size.
KV GB/s/GPU is average logical BF16 K+V bytes read per TP rank divided by p50(max_across_ranks); it is not hardware-counter HBM traffic.

Running B=5, q_tokens=80, history_tokens=82470, causal=True

B=5, q_tokens=80, history_tokens=82470, QH=32, KVH=1, D=128, TP=8, DCP=8, mode=causal
Method                   Time ms                                                                                                                                     Agg TFLOPS    Avg/GPU  KV GB/s/GPU      Check  Note
dcp_mega_varlen          t0=0.056, t1=0.056, t2=0.054, t3=0.057, t4=0.055, t5=0.056, t6=0.056, t7=0.053 | p50(max_across_ranks)=0.057, p90(max_across_ranks)=0.059        378.4       47.3         93.0       skip  eager; output=bf16_ipc_a2a; runner_preallocated; timing=mega_kernel_only

Mega %globaltimer phase timestamps (per-iteration maximum across benchmark ranks, then p50/p90 across samples; us)
Method                   Phase                                                             p50        p90
dcp_mega_varlen          kernel_start                                                    0.000      0.000
dcp_mega_varlen          q_allgather_done                                                5.664      5.760
dcp_mega_varlen          attention_done                                                 19.104     19.328
dcp_mega_varlen          history_combine_done                                           38.032     38.563
dcp_mega_varlen          publish_done                                                   38.032     38.563
dcp_mega_varlen          receive_done                                                   44.032     45.520
dcp_mega_varlen          final_combine_done                                             49.984     51.296
dcp_mega_varlen          kernel_done                                                    50.304     51.616
dcp_mega_varlen          post_completion/q_done_to_publish_done                         32.608     33.024
dcp_mega_varlen          post_completion/publish_done_to_receive_done                    7.936      9.747
dcp_mega_varlen          post_completion/attention_done_to_history_combine_done         19.456     20.099
dcp_mega_varlen          post_completion/history_combine_done_to_final_combine_done     13.616     15.181
Wrote benchmark JSON to benchmark_logs/experiment_suite/dcp-suite/01_dcp_wave-b-timestamps-20260814-132129/results/arrival_1/dcp_8/critical_wave_auto_lpt/comm_sm_16/case_000003_dcp8_hkv1_eager.json

================================================================================
Mega comm_sm=16, case 5/100: case_000004_dcp8_hkv1: B=4, Sq=[16, 16, 16, 16], Sk=[1996, 4473, 15481, 29852], DCP=8, Hkv=1
================================================================================
Config: world_size=8, methods=['dcp_mega_varlen'], QH=32, KVH=1, D=128, TP=8, DCP=8, workload=chunk, execution=eager, baseline_phase_timing=False, warmup=40, iters=60, check=False
Workload: B=4, q_tokens=64, history_tokens=51802, q_seqlens=[16, 16, 16, 16], history_seqlens=[1996, 4473, 15481, 29852]
Agg TFLOPS uses useful attention work across all TP ranks and p50(max_across_ranks); Avg/GPU divides it by world_size.
KV GB/s/GPU is average logical BF16 K+V bytes read per TP rank divided by p50(max_across_ranks); it is not hardware-counter HBM traffic.

Running B=4, q_tokens=64, history_tokens=51802, causal=True

B=4, q_tokens=64, history_tokens=51802, QH=32, KVH=1, D=128, TP=8, DCP=8, mode=causal
Method                   Time ms                                                                                                                                     Agg TFLOPS    Avg/GPU  KV GB/s/GPU      Check  Note
dcp_mega_varlen          t0=0.063, t1=0.061, t2=0.060, t3=0.063, t4=0.062, t5=0.063, t6=0.062, t7=0.060 | p50(max_across_ranks)=0.063, p90(max_across_ranks)=0.064        214.4       26.8         52.8       skip  eager; output=bf16_ipc_a2a; runner_preallocated; timing=mega_kernel_only

Mega %globaltimer phase timestamps (per-iteration maximum across benchmark ranks, then p50/p90 across samples; us)
Method                   Phase                                                             p50        p90
dcp_mega_varlen          kernel_start                                                    0.000      0.000
dcp_mega_varlen          q_allgather_done                                                5.248      5.411
dcp_mega_varlen          attention_done                                                 33.328     33.603
dcp_mega_varlen          history_combine_done                                           43.744     44.544
dcp_mega_varlen          publish_done                                                   43.744     44.544
dcp_mega_varlen          receive_done                                                   50.032     51.075
dcp_mega_varlen          final_combine_done                                             56.096     56.826
dcp_mega_varlen          kernel_done                                                    56.432     57.149
dcp_mega_varlen          post_completion/q_done_to_publish_done                         38.688     39.616
dcp_mega_varlen          post_completion/publish_done_to_receive_done                    8.128      9.610
dcp_mega_varlen          post_completion/attention_done_to_history_combine_done         11.152     11.814
dcp_mega_varlen          post_completion/history_combine_done_to_final_combine_done     14.240     15.725
Wrote benchmark JSON to benchmark_logs/experiment_suite/dcp-suite/01_dcp_wave-b-timestamps-20260814-132129/results/arrival_1/dcp_8/critical_wave_auto_lpt/comm_sm_16/case_000004_dcp8_hkv1_eager.json

================================================================================
Mega comm_sm=16, case 6/100: case_000005_dcp8_hkv1: B=4, Sq=[16, 16, 16, 16], Sk=[16217, 19656, 9886, 5595], DCP=8, Hkv=1
================================================================================
Config: world_size=8, methods=['dcp_mega_varlen'], QH=32, KVH=1, D=128, TP=8, DCP=8, workload=chunk, execution=eager, baseline_phase_timing=False, warmup=40, iters=60, check=False
Workload: B=4, q_tokens=64, history_tokens=51354, q_seqlens=[16, 16, 16, 16], history_seqlens=[16217, 19656, 9886, 5595]
Agg TFLOPS uses useful attention work across all TP ranks and p50(max_across_ranks); Avg/GPU divides it by world_size.
KV GB/s/GPU is average logical BF16 K+V bytes read per TP rank divided by p50(max_across_ranks); it is not hardware-counter HBM traffic.

Running B=4, q_tokens=64, history_tokens=51354, causal=True

B=4, q_tokens=64, history_tokens=51354, QH=32, KVH=1, D=128, TP=8, DCP=8, mode=causal
Method                   Time ms                                                                                                                                     Agg TFLOPS    Avg/GPU  KV GB/s/GPU      Check  Note
dcp_mega_varlen          t0=0.053, t1=0.052, t2=0.052, t3=0.053, t4=0.052, t5=0.053, t6=0.052, t7=0.050 | p50(max_across_ranks)=0.054, p90(max_across_ranks)=0.058        250.4       31.3         61.7       skip  eager; output=bf16_ipc_a2a; runner_preallocated; timing=mega_kernel_only

Mega %globaltimer phase timestamps (per-iteration maximum across benchmark ranks, then p50/p90 across samples; us)
Method                   Phase                                                             p50        p90
dcp_mega_varlen          kernel_start                                                    0.000      0.000
dcp_mega_varlen          q_allgather_done                                                5.184      5.312
dcp_mega_varlen          attention_done                                                 17.408     17.632
dcp_mega_varlen          history_combine_done                                           34.912     35.718
dcp_mega_varlen          publish_done                                                   34.912     35.718
dcp_mega_varlen          receive_done                                                   40.736     45.795
dcp_mega_varlen          final_combine_done                                             46.592     51.366
dcp_mega_varlen          kernel_done                                                    46.816     51.683
dcp_mega_varlen          post_completion/q_done_to_publish_done                         29.920     30.659
dcp_mega_varlen          post_completion/publish_done_to_receive_done                    8.016     12.666
dcp_mega_varlen          post_completion/attention_done_to_history_combine_done         18.080     18.726
dcp_mega_varlen          post_completion/history_combine_done_to_final_combine_done     13.760     18.368
Wrote benchmark JSON to benchmark_logs/experiment_suite/dcp-suite/01_dcp_wave-b-timestamps-20260814-132129/results/arrival_1/dcp_8/critical_wave_auto_lpt/comm_sm_16/case_000005_dcp8_hkv1_eager.json

================================================================================
Mega comm_sm=16, case 7/100: case_000006_dcp8_hkv1: B=14, Sq=[16, 16, 16, 16, 16, 16, 16, 16, 16, 16, 16, 16, 16, 16], Sk=[1846, 1539, 11878, 5678, 52304, 15116, 5585, 5939, 5868, 1059, 36689, 28881, 15188, 26989], DCP=8, Hkv=1
================================================================================
Config: world_size=8, methods=['dcp_mega_varlen'], QH=32, KVH=1, D=128, TP=8, DCP=8, workload=chunk, execution=eager, baseline_phase_timing=False, warmup=40, iters=60, check=False
Workload: B=14, q_tokens=224, history_tokens=214559, q_seqlens=[16, 16, 16, 16, 16, 16, 16, 16, 16, 16, 16, 16, 16, 16], history_seqlens=[1846, 1539, 11878, 5678, 52304, 15116, 5585, 5939, 5868, 1059, 36689, 28881, 15188, 26989]
Agg TFLOPS uses useful attention work across all TP ranks and p50(max_across_ranks); Avg/GPU divides it by world_size.
KV GB/s/GPU is average logical BF16 K+V bytes read per TP rank divided by p50(max_across_ranks); it is not hardware-counter HBM traffic.

Running B=14, q_tokens=224, history_tokens=214559, causal=True

B=14, q_tokens=224, history_tokens=214559, QH=32, KVH=1, D=128, TP=8, DCP=8, mode=causal
Method                   Time ms                                                                                                                                     Agg TFLOPS    Avg/GPU  KV GB/s/GPU      Check  Note
dcp_mega_varlen          t0=0.095, t1=0.095, t2=0.094, t3=0.096, t4=0.095, t5=0.095, t6=0.094, t7=0.092 | p50(max_across_ranks)=0.096, p90(max_across_ranks)=0.120        584.4       73.0        143.8       skip  eager; output=bf16_ipc_a2a; runner_preallocated; timing=mega_kernel_only

Mega %globaltimer phase timestamps (per-iteration maximum across benchmark ranks, then p50/p90 across samples; us)
Method                   Phase                                                             p50        p90
dcp_mega_varlen          kernel_start                                                    0.000      0.000
dcp_mega_varlen          q_allgather_done                                               12.464     12.998
dcp_mega_varlen          attention_done                                                 65.232     65.923
dcp_mega_varlen          history_combine_done                                           76.848     78.080
dcp_mega_varlen          publish_done                                                   76.848     78.080
dcp_mega_varlen          receive_done                                                   83.056    106.275
dcp_mega_varlen          final_combine_done                                             88.880    112.195
dcp_mega_varlen          kernel_done                                                    89.168    112.518
dcp_mega_varlen          post_completion/q_done_to_publish_done                         65.136     65.834
dcp_mega_varlen          post_completion/publish_done_to_receive_done                    8.736     31.082
dcp_mega_varlen          post_completion/attention_done_to_history_combine_done         12.336     12.944
dcp_mega_varlen          post_completion/history_combine_done_to_final_combine_done     14.736     37.053
Wrote benchmark JSON to benchmark_logs/experiment_suite/dcp-suite/01_dcp_wave-b-timestamps-20260814-132129/results/arrival_1/dcp_8/critical_wave_auto_lpt/comm_sm_16/case_000006_dcp8_hkv1_eager.json

================================================================================
Mega comm_sm=16, case 8/100: case_000007_dcp8_hkv1: B=7, Sq=[16, 16, 16, 16, 16, 16, 16], Sk=[8813, 2652, 19239, 6525, 1108, 18667, 10759], DCP=8, Hkv=1
================================================================================
Config: world_size=8, methods=['dcp_mega_varlen'], QH=32, KVH=1, D=128, TP=8, DCP=8, workload=chunk, execution=eager, baseline_phase_timing=False, warmup=40, iters=60, check=False
Workload: B=7, q_tokens=112, history_tokens=67763, q_seqlens=[16, 16, 16, 16, 16, 16, 16], history_seqlens=[8813, 2652, 19239, 6525, 1108, 18667, 10759]
Agg TFLOPS uses useful attention work across all TP ranks and p50(max_across_ranks); Avg/GPU divides it by world_size.
KV GB/s/GPU is average logical BF16 K+V bytes read per TP rank divided by p50(max_across_ranks); it is not hardware-counter HBM traffic.

Running B=7, q_tokens=112, history_tokens=67763, causal=True

B=7, q_tokens=112, history_tokens=67763, QH=32, KVH=1, D=128, TP=8, DCP=8, mode=causal
Method                   Time ms                                                                                                                                     Agg TFLOPS    Avg/GPU  KV GB/s/GPU      Check  Note
dcp_mega_varlen          t0=0.069, t1=0.068, t2=0.067, t3=0.068, t4=0.068, t5=0.068, t6=0.068, t7=0.065 | p50(max_across_ranks)=0.070, p90(max_across_ranks)=0.129        255.4       31.9         63.1       skip  eager; output=bf16_ipc_a2a; runner_preallocated; timing=mega_kernel_only

Mega %globaltimer phase timestamps (per-iteration maximum across benchmark ranks, then p50/p90 across samples; us)
Method                   Phase                                                             p50        p90
dcp_mega_varlen          kernel_start                                                    0.000      0.000
dcp_mega_varlen          q_allgather_done                                                6.528      6.691
dcp_mega_varlen          attention_done                                                 38.368     38.755
dcp_mega_varlen          history_combine_done                                           48.896     49.686
dcp_mega_varlen          publish_done                                                   48.896     49.686
dcp_mega_varlen          receive_done                                                   55.216    114.749
dcp_mega_varlen          final_combine_done                                             62.176    121.328
dcp_mega_varlen          kernel_done                                                    62.512    121.674
dcp_mega_varlen          post_completion/q_done_to_publish_done                         42.704     43.587
dcp_mega_varlen          post_completion/publish_done_to_receive_done                    8.528     67.840
dcp_mega_varlen          post_completion/attention_done_to_history_combine_done         11.168     11.910
dcp_mega_varlen          post_completion/history_combine_done_to_final_combine_done     15.456     74.438
Wrote benchmark JSON to benchmark_logs/experiment_suite/dcp-suite/01_dcp_wave-b-timestamps-20260814-132129/results/arrival_1/dcp_8/critical_wave_auto_lpt/comm_sm_16/case_000007_dcp8_hkv1_eager.json

================================================================================
Mega comm_sm=16, case 9/100: case_000008_dcp8_hkv1: B=9, Sq=[16, 16, 16, 16, 16, 16, 16, 16, 16], Sk=[2374, 32782, 10855, 11310, 13315, 20167, 32383, 13820, 7857], DCP=8, Hkv=1
================================================================================
Config: world_size=8, methods=['dcp_mega_varlen'], QH=32, KVH=1, D=128, TP=8, DCP=8, workload=chunk, execution=eager, baseline_phase_timing=False, warmup=40, iters=60, check=False
Workload: B=9, q_tokens=144, history_tokens=144863, q_seqlens=[16, 16, 16, 16, 16, 16, 16, 16, 16], history_seqlens=[2374, 32782, 10855, 11310, 13315, 20167, 32383, 13820, 7857]
Agg TFLOPS uses useful attention work across all TP ranks and p50(max_across_ranks); Avg/GPU divides it by world_size.
KV GB/s/GPU is average logical BF16 K+V bytes read per TP rank divided by p50(max_across_ranks); it is not hardware-counter HBM traffic.

Running B=9, q_tokens=144, history_tokens=144863, causal=True

B=9, q_tokens=144, history_tokens=144863, QH=32, KVH=1, D=128, TP=8, DCP=8, mode=causal
Method                   Time ms                                                                                                                                     Agg TFLOPS    Avg/GPU  KV GB/s/GPU      Check  Note
dcp_mega_varlen          t0=0.088, t1=0.088, t2=0.088, t3=0.088, t4=0.087, t5=0.087, t6=0.087, t7=0.085 | p50(max_across_ranks)=0.089, p90(max_across_ranks)=0.110        427.7       53.5        105.2       skip  eager; output=bf16_ipc_a2a; runner_preallocated; timing=mega_kernel_only

Mega %globaltimer phase timestamps (per-iteration maximum across benchmark ranks, then p50/p90 across samples; us)
Method                   Phase                                                             p50        p90
dcp_mega_varlen          kernel_start                                                    0.000      0.000
dcp_mega_varlen          q_allgather_done                                                7.584      7.875
dcp_mega_varlen          attention_done                                                 57.472     57.888
dcp_mega_varlen          history_combine_done                                           68.416     69.261
dcp_mega_varlen          publish_done                                                   68.416     69.261
dcp_mega_varlen          receive_done                                                   75.216     95.843
dcp_mega_varlen          final_combine_done                                             81.376    102.445
dcp_mega_varlen          kernel_done                                                    81.616    102.650
dcp_mega_varlen          post_completion/q_done_to_publish_done                         61.328     62.083
dcp_mega_varlen          post_completion/publish_done_to_receive_done                    8.816     29.584
dcp_mega_varlen          post_completion/attention_done_to_history_combine_done         11.504     12.291
dcp_mega_varlen          post_completion/history_combine_done_to_final_combine_done     14.880     36.147
Wrote benchmark JSON to benchmark_logs/experiment_suite/dcp-suite/01_dcp_wave-b-timestamps-20260814-132129/results/arrival_1/dcp_8/critical_wave_auto_lpt/comm_sm_16/case_000008_dcp8_hkv1_eager.json

================================================================================
Mega comm_sm=16, case 10/100: case_000009_dcp8_hkv1: B=5, Sq=[16, 16, 16, 16, 16], Sk=[20744, 6699, 35554, 3210, 1074], DCP=8, Hkv=1
================================================================================
Config: world_size=8, methods=['dcp_mega_varlen'], QH=32, KVH=1, D=128, TP=8, DCP=8, workload=chunk, execution=eager, baseline_phase_timing=False, warmup=40, iters=60, check=False
Workload: B=5, q_tokens=80, history_tokens=67281, q_seqlens=[16, 16, 16, 16, 16], history_seqlens=[20744, 6699, 35554, 3210, 1074]
Agg TFLOPS uses useful attention work across all TP ranks and p50(max_across_ranks); Avg/GPU divides it by world_size.
KV GB/s/GPU is average logical BF16 K+V bytes read per TP rank divided by p50(max_across_ranks); it is not hardware-counter HBM traffic.

Running B=5, q_tokens=80, history_tokens=67281, causal=True

B=5, q_tokens=80, history_tokens=67281, QH=32, KVH=1, D=128, TP=8, DCP=8, mode=causal
Method                   Time ms                                                                                                                                     Agg TFLOPS    Avg/GPU  KV GB/s/GPU      Check  Note
dcp_mega_varlen          t0=0.069, t1=0.068, t2=0.067, t3=0.069, t4=0.068, t5=0.067, t6=0.068, t7=0.065 | p50(max_across_ranks)=0.069, p90(max_across_ranks)=0.084        254.5       31.8         62.7       skip  eager; output=bf16_ipc_a2a; runner_preallocated; timing=mega_kernel_only

Mega %globaltimer phase timestamps (per-iteration maximum across benchmark ranks, then p50/p90 across samples; us)
Method                   Phase                                                             p50        p90
dcp_mega_varlen          kernel_start                                                    0.000      0.000
dcp_mega_varlen          q_allgather_done                                                5.760      5.888
dcp_mega_varlen          attention_done                                                 40.224     40.352
dcp_mega_varlen          history_combine_done                                           49.568     50.467
dcp_mega_varlen          publish_done                                                   49.568     50.467
dcp_mega_varlen          receive_done                                                   55.680     69.574
dcp_mega_varlen          final_combine_done                                             61.632     76.547
dcp_mega_varlen          kernel_done                                                    61.968     76.899
dcp_mega_varlen          post_completion/q_done_to_publish_done                         44.160     45.014
dcp_mega_varlen          post_completion/publish_done_to_receive_done                    8.416     21.341
dcp_mega_varlen          post_completion/attention_done_to_history_combine_done         10.080     10.787
dcp_mega_varlen          post_completion/history_combine_done_to_final_combine_done     14.528     28.170
Wrote benchmark JSON to benchmark_logs/experiment_suite/dcp-suite/01_dcp_wave-b-timestamps-20260814-132129/results/arrival_1/dcp_8/critical_wave_auto_lpt/comm_sm_16/case_000009_dcp8_hkv1_eager.json

================================================================================
Mega comm_sm=16, case 11/100: case_000010_dcp8_hkv1: B=6, Sq=[16, 16, 16, 16, 16, 16], Sk=[1145, 5197, 5174, 27678, 920, 5544], DCP=8, Hkv=1
================================================================================
Config: world_size=8, methods=['dcp_mega_varlen'], QH=32, KVH=1, D=128, TP=8, DCP=8, workload=chunk, execution=eager, baseline_phase_timing=False, warmup=40, iters=60, check=False
Workload: B=6, q_tokens=96, history_tokens=45658, q_seqlens=[16, 16, 16, 16, 16, 16], history_seqlens=[1145, 5197, 5174, 27678, 920, 5544]
Agg TFLOPS uses useful attention work across all TP ranks and p50(max_across_ranks); Avg/GPU divides it by world_size.
KV GB/s/GPU is average logical BF16 K+V bytes read per TP rank divided by p50(max_across_ranks); it is not hardware-counter HBM traffic.

Running B=6, q_tokens=96, history_tokens=45658, causal=True

B=6, q_tokens=96, history_tokens=45658, QH=32, KVH=1, D=128, TP=8, DCP=8, mode=causal
Method                   Time ms                                                                                                                                     Agg TFLOPS    Avg/GPU  KV GB/s/GPU      Check  Note
dcp_mega_varlen          t0=0.055, t1=0.055, t2=0.053, t3=0.054, t4=0.055, t5=0.055, t6=0.055, t7=0.052 | p50(max_across_ranks)=0.056, p90(max_across_ranks)=0.056        215.1       26.9         53.3       skip  eager; output=bf16_ipc_a2a; runner_preallocated; timing=mega_kernel_only

Mega %globaltimer phase timestamps (per-iteration maximum across benchmark ranks, then p50/p90 across samples; us)
Method                   Phase                                                             p50        p90
dcp_mega_varlen          kernel_start                                                    0.000      0.000
dcp_mega_varlen          q_allgather_done                                                6.240      6.371
dcp_mega_varlen          attention_done                                                 23.664     23.875
dcp_mega_varlen          history_combine_done                                           36.432     37.062
dcp_mega_varlen          publish_done                                                   36.432     37.062
dcp_mega_varlen          receive_done                                                   42.304     42.816
dcp_mega_varlen          final_combine_done                                             48.240     49.069
dcp_mega_varlen          kernel_done                                                    48.592     49.389
dcp_mega_varlen          post_completion/q_done_to_publish_done                         30.464     31.075
dcp_mega_varlen          post_completion/publish_done_to_receive_done                    7.600      8.579
dcp_mega_varlen          post_completion/attention_done_to_history_combine_done         13.296     13.728
dcp_mega_varlen          post_completion/history_combine_done_to_final_combine_done     13.520     14.861
Wrote benchmark JSON to benchmark_logs/experiment_suite/dcp-suite/01_dcp_wave-b-timestamps-20260814-132129/results/arrival_1/dcp_8/critical_wave_auto_lpt/comm_sm_16/case_000010_dcp8_hkv1_eager.json

================================================================================
Mega comm_sm=16, case 12/100: case_000011_dcp8_hkv1: B=9, Sq=[16, 16, 16, 16, 16, 16, 16, 16, 16], Sk=[1664, 5157, 16423, 16189, 25995, 6229, 22251, 5791, 15741], DCP=8, Hkv=1
================================================================================
Config: world_size=8, methods=['dcp_mega_varlen'], QH=32, KVH=1, D=128, TP=8, DCP=8, workload=chunk, execution=eager, baseline_phase_timing=False, warmup=40, iters=60, check=False
Workload: B=9, q_tokens=144, history_tokens=115440, q_seqlens=[16, 16, 16, 16, 16, 16, 16, 16, 16], history_seqlens=[1664, 5157, 16423, 16189, 25995, 6229, 22251, 5791, 15741]
Agg TFLOPS uses useful attention work across all TP ranks and p50(max_across_ranks); Avg/GPU divides it by world_size.
KV GB/s/GPU is average logical BF16 K+V bytes read per TP rank divided by p50(max_across_ranks); it is not hardware-counter HBM traffic.

Running B=9, q_tokens=144, history_tokens=115440, causal=True

B=9, q_tokens=144, history_tokens=115440, QH=32, KVH=1, D=128, TP=8, DCP=8, mode=causal
Method                   Time ms                                                                                                                                     Agg TFLOPS    Avg/GPU  KV GB/s/GPU      Check  Note
dcp_mega_varlen          t0=0.074, t1=0.073, t2=0.072, t3=0.073, t4=0.072, t5=0.074, t6=0.073, t7=0.070 | p50(max_across_ranks)=0.074, p90(max_across_ranks)=0.077        406.5       50.8        100.2       skip  eager; output=bf16_ipc_a2a; runner_preallocated; timing=mega_kernel_only

Mega %globaltimer phase timestamps (per-iteration maximum across benchmark ranks, then p50/p90 across samples; us)
Method                   Phase                                                             p50        p90
dcp_mega_varlen          kernel_start                                                    0.000      0.000
dcp_mega_varlen          q_allgather_done                                                7.984      8.163
dcp_mega_varlen          attention_done                                                 43.520     44.128
dcp_mega_varlen          history_combine_done                                           55.328     56.022
dcp_mega_varlen          publish_done                                                   55.328     56.022
dcp_mega_varlen          receive_done                                                   61.312     63.830
dcp_mega_varlen          final_combine_done                                             67.008     69.210
dcp_mega_varlen          kernel_done                                                    67.312     69.533
dcp_mega_varlen          post_completion/q_done_to_publish_done                         47.984     48.739
dcp_mega_varlen          post_completion/publish_done_to_receive_done                    8.352     11.194
dcp_mega_varlen          post_completion/attention_done_to_history_combine_done         12.432     13.114
dcp_mega_varlen          post_completion/history_combine_done_to_final_combine_done     14.240     16.544
Wrote benchmark JSON to benchmark_logs/experiment_suite/dcp-suite/01_dcp_wave-b-timestamps-20260814-132129/results/arrival_1/dcp_8/critical_wave_auto_lpt/comm_sm_16/case_000011_dcp8_hkv1_eager.json

================================================================================
Mega comm_sm=16, case 13/100: case_000012_dcp8_hkv1: B=6, Sq=[16, 16, 16, 16, 16, 16], Sk=[1735, 39864, 3989, 27748, 7209, 5112], DCP=8, Hkv=1
================================================================================
Config: world_size=8, methods=['dcp_mega_varlen'], QH=32, KVH=1, D=128, TP=8, DCP=8, workload=chunk, execution=eager, baseline_phase_timing=False, warmup=40, iters=60, check=False
Workload: B=6, q_tokens=96, history_tokens=85657, q_seqlens=[16, 16, 16, 16, 16, 16], history_seqlens=[1735, 39864, 3989, 27748, 7209, 5112]
Agg TFLOPS uses useful attention work across all TP ranks and p50(max_across_ranks); Avg/GPU divides it by world_size.
KV GB/s/GPU is average logical BF16 K+V bytes read per TP rank divided by p50(max_across_ranks); it is not hardware-counter HBM traffic.

Running B=6, q_tokens=96, history_tokens=85657, causal=True

B=6, q_tokens=96, history_tokens=85657, QH=32, KVH=1, D=128, TP=8, DCP=8, mode=causal
Method                   Time ms                                                                                                                                     Agg TFLOPS    Avg/GPU  KV GB/s/GPU      Check  Note
dcp_mega_varlen          t0=0.068, t1=0.068, t2=0.067, t3=0.067, t4=0.066, t5=0.066, t6=0.067, t7=0.064 | p50(max_across_ranks)=0.068, p90(max_across_ranks)=0.070        328.5       41.1         80.9       skip  eager; output=bf16_ipc_a2a; runner_preallocated; timing=mega_kernel_only

Mega %globaltimer phase timestamps (per-iteration maximum across benchmark ranks, then p50/p90 across samples; us)
Method                   Phase                                                             p50        p90
dcp_mega_varlen          kernel_start                                                    0.000      0.000
dcp_mega_varlen          q_allgather_done                                                6.176      6.272
dcp_mega_varlen          attention_done                                                 39.968     40.262
dcp_mega_varlen          history_combine_done                                           48.560     49.386
dcp_mega_varlen          publish_done                                                   48.560     49.386
dcp_mega_varlen          receive_done                                                   54.624     57.066
dcp_mega_varlen          final_combine_done                                             60.736     63.005
dcp_mega_varlen          kernel_done                                                    61.040     63.210
dcp_mega_varlen          post_completion/q_done_to_publish_done                         42.608     43.434
dcp_mega_varlen          post_completion/publish_done_to_receive_done                    8.032     10.448
dcp_mega_varlen          post_completion/attention_done_to_history_combine_done          9.344      9.958
dcp_mega_varlen          post_completion/history_combine_done_to_final_combine_done     14.000     16.419
Wrote benchmark JSON to benchmark_logs/experiment_suite/dcp-suite/01_dcp_wave-b-timestamps-20260814-132129/results/arrival_1/dcp_8/critical_wave_auto_lpt/comm_sm_16/case_000012_dcp8_hkv1_eager.json

================================================================================
Mega comm_sm=16, case 14/100: case_000013_dcp8_hkv1: B=9, Sq=[16, 16, 16, 16, 16, 16, 16, 16, 16], Sk=[2276, 27288, 1248, 7323, 1508, 47636, 7628, 5157, 74812], DCP=8, Hkv=1
================================================================================
Config: world_size=8, methods=['dcp_mega_varlen'], QH=32, KVH=1, D=128, TP=8, DCP=8, workload=chunk, execution=eager, baseline_phase_timing=False, warmup=40, iters=60, check=False
Workload: B=9, q_tokens=144, history_tokens=174876, q_seqlens=[16, 16, 16, 16, 16, 16, 16, 16, 16], history_seqlens=[2276, 27288, 1248, 7323, 1508, 47636, 7628, 5157, 74812]
Agg TFLOPS uses useful attention work across all TP ranks and p50(max_across_ranks); Avg/GPU divides it by world_size.
KV GB/s/GPU is average logical BF16 K+V bytes read per TP rank divided by p50(max_across_ranks); it is not hardware-counter HBM traffic.

Running B=9, q_tokens=144, history_tokens=174876, causal=True

B=9, q_tokens=144, history_tokens=174876, QH=32, KVH=1, D=128, TP=8, DCP=8, mode=causal
Method                   Time ms                                                                                                                                     Agg TFLOPS    Avg/GPU  KV GB/s/GPU      Check  Note
dcp_mega_varlen          t0=0.079, t1=0.077, t2=0.077, t3=0.077, t4=0.077, t5=0.078, t6=0.077, t7=0.075 | p50(max_across_ranks)=0.079, p90(max_across_ranks)=0.080        580.4       72.5        142.6       skip  eager; output=bf16_ipc_a2a; runner_preallocated; timing=mega_kernel_only

Mega %globaltimer phase timestamps (per-iteration maximum across benchmark ranks, then p50/p90 across samples; us)
Method                   Phase                                                             p50        p90
dcp_mega_varlen          kernel_start                                                    0.000      0.000
dcp_mega_varlen          q_allgather_done                                                7.584      7.811
dcp_mega_varlen          attention_done                                                 29.504     30.051
dcp_mega_varlen          history_combine_done                                           59.728     60.739
dcp_mega_varlen          publish_done                                                   59.728     60.739
dcp_mega_varlen          receive_done                                                   65.824     66.880
dcp_mega_varlen          final_combine_done                                             71.504     72.432
dcp_mega_varlen          kernel_done                                                    71.728     72.694
dcp_mega_varlen          post_completion/q_done_to_publish_done                         52.640     53.546
dcp_mega_varlen          post_completion/publish_done_to_receive_done                    8.464      9.834
dcp_mega_varlen          post_completion/attention_done_to_history_combine_done         30.912     31.878
dcp_mega_varlen          post_completion/history_combine_done_to_final_combine_done     13.872     15.309
Wrote benchmark JSON to benchmark_logs/experiment_suite/dcp-suite/01_dcp_wave-b-timestamps-20260814-132129/results/arrival_1/dcp_8/critical_wave_auto_lpt/comm_sm_16/case_000013_dcp8_hkv1_eager.json

================================================================================
Mega comm_sm=16, case 15/100: case_000014_dcp8_hkv1: B=9, Sq=[16, 16, 16, 16, 16, 16, 16, 16, 4096], Sk=[8376, 10306, 3986, 3205, 3558, 10148, 12786, 26101, 111104], DCP=8, Hkv=1
================================================================================
Config: world_size=8, methods=['dcp_mega_varlen'], QH=32, KVH=1, D=128, TP=8, DCP=8, workload=chunk, execution=eager, baseline_phase_timing=False, warmup=40, iters=60, check=False
Workload: B=9, q_tokens=4224, history_tokens=189570, q_seqlens=[16, 16, 16, 16, 16, 16, 16, 16, 4096], history_seqlens=[8376, 10306, 3986, 3205, 3558, 10148, 12786, 26101, 111104]
Agg TFLOPS uses useful attention work across all TP ranks and p50(max_across_ranks); Avg/GPU divides it by world_size.
KV GB/s/GPU is average logical BF16 K+V bytes read per TP rank divided by p50(max_across_ranks); it is not hardware-counter HBM traffic.

Running B=9, q_tokens=4224, history_tokens=189570, causal=True

B=9, q_tokens=4224, history_tokens=189570, QH=32, KVH=1, D=128, TP=8, DCP=8, mode=causal
Method                   Time ms                                                                                                                                     Agg TFLOPS    Avg/GPU  KV GB/s/GPU      Check  Note
dcp_mega_varlen          t0=1.692, t1=1.697, t2=1.696, t3=1.696, t4=1.692, t5=1.691, t6=1.690, t7=1.685 | p50(max_across_ranks)=1.701, p90(max_across_ranks)=1.756       4475.2      559.4          8.4       skip  eager; output=bf16_ipc_a2a; runner_preallocated; timing=mega_kernel_only

Mega %globaltimer phase timestamps (per-iteration maximum across benchmark ranks, then p50/p90 across samples; us)
Method                   Phase                                                             p50        p90
dcp_mega_varlen          kernel_start                                                    0.000      0.000
dcp_mega_varlen          q_allgather_done                                              118.720    123.709
dcp_mega_varlen          attention_done                                               1502.832   1550.819
dcp_mega_varlen          history_combine_done                                         1591.840   1656.755
dcp_mega_varlen          publish_done                                                 1591.840   1656.755
dcp_mega_varlen          receive_done                                                 1649.088   1683.334
dcp_mega_varlen          final_combine_done                                           1693.312   1748.816
dcp_mega_varlen          kernel_done                                                  1693.632   1749.072
dcp_mega_varlen          post_completion/q_done_to_publish_done                       1479.104   1541.360
dcp_mega_varlen          post_completion/publish_done_to_receive_done                  127.648    178.816
dcp_mega_varlen          post_completion/attention_done_to_history_combine_done         98.896    106.278
dcp_mega_varlen          post_completion/history_combine_done_to_final_combine_done    167.920    209.562
Wrote benchmark JSON to benchmark_logs/experiment_suite/dcp-suite/01_dcp_wave-b-timestamps-20260814-132129/results/arrival_1/dcp_8/critical_wave_auto_lpt/comm_sm_16/case_000014_dcp8_hkv1_eager.json

================================================================================
Mega comm_sm=16, case 16/100: case_000015_dcp8_hkv1: B=6, Sq=[16, 16, 16, 16, 16, 16], Sk=[14590, 4109, 28470, 40398, 16136, 9396], DCP=8, Hkv=1
================================================================================
Config: world_size=8, methods=['dcp_mega_varlen'], QH=32, KVH=1, D=128, TP=8, DCP=8, workload=chunk, execution=eager, baseline_phase_timing=False, warmup=40, iters=60, check=False
Workload: B=6, q_tokens=96, history_tokens=113099, q_seqlens=[16, 16, 16, 16, 16, 16], history_seqlens=[14590, 4109, 28470, 40398, 16136, 9396]
Agg TFLOPS uses useful attention work across all TP ranks and p50(max_across_ranks); Avg/GPU divides it by world_size.
KV GB/s/GPU is average logical BF16 K+V bytes read per TP rank divided by p50(max_across_ranks); it is not hardware-counter HBM traffic.

Running B=6, q_tokens=96, history_tokens=113099, causal=True

B=6, q_tokens=96, history_tokens=113099, QH=32, KVH=1, D=128, TP=8, DCP=8, mode=causal
Method                   Time ms                                                                                                                                     Agg TFLOPS    Avg/GPU  KV GB/s/GPU      Check  Note
dcp_mega_varlen          t0=0.059, t1=0.059, t2=0.059, t3=0.061, t4=0.061, t5=0.061, t6=0.060, t7=0.058 | p50(max_across_ranks)=0.061, p90(max_across_ranks)=0.063        483.0       60.4        118.7       skip  eager; output=bf16_ipc_a2a; runner_preallocated; timing=mega_kernel_only

Mega %globaltimer phase timestamps (per-iteration maximum across benchmark ranks, then p50/p90 across samples; us)
Method                   Phase                                                             p50        p90
dcp_mega_varlen          kernel_start                                                    0.000      0.000
dcp_mega_varlen          q_allgather_done                                                6.080      6.243
dcp_mega_varlen          attention_done                                                 24.048     24.323
dcp_mega_varlen          history_combine_done                                           42.144     42.886
dcp_mega_varlen          publish_done                                                   42.144     42.886
dcp_mega_varlen          receive_done                                                   48.304     49.472
dcp_mega_varlen          final_combine_done                                             54.304     55.840
dcp_mega_varlen          kernel_done                                                    54.576     56.192
dcp_mega_varlen          post_completion/q_done_to_publish_done                         36.336     37.062
dcp_mega_varlen          post_completion/publish_done_to_receive_done                    8.112      9.923
dcp_mega_varlen          post_completion/attention_done_to_history_combine_done         18.864     19.456
dcp_mega_varlen          post_completion/history_combine_done_to_final_combine_done     14.336     16.426
Wrote benchmark JSON to benchmark_logs/experiment_suite/dcp-suite/01_dcp_wave-b-timestamps-20260814-132129/results/arrival_1/dcp_8/critical_wave_auto_lpt/comm_sm_16/case_000015_dcp8_hkv1_eager.json

================================================================================
Mega comm_sm=16, case 17/100: case_000016_dcp8_hkv1: B=10, Sq=[16, 16, 16, 16, 16, 16, 16, 16, 16, 16], Sk=[29259, 7530, 41393, 1308, 11671, 14112, 949, 11962, 1962, 1255], DCP=8, Hkv=1
================================================================================
Config: world_size=8, methods=['dcp_mega_varlen'], QH=32, KVH=1, D=128, TP=8, DCP=8, workload=chunk, execution=eager, baseline_phase_timing=False, warmup=40, iters=60, check=False
Workload: B=10, q_tokens=160, history_tokens=121401, q_seqlens=[16, 16, 16, 16, 16, 16, 16, 16, 16, 16], history_seqlens=[29259, 7530, 41393, 1308, 11671, 14112, 949, 11962, 1962, 1255]
Agg TFLOPS uses useful attention work across all TP ranks and p50(max_across_ranks); Avg/GPU divides it by world_size.
KV GB/s/GPU is average logical BF16 K+V bytes read per TP rank divided by p50(max_across_ranks); it is not hardware-counter HBM traffic.

Running B=10, q_tokens=160, history_tokens=121401, causal=True

B=10, q_tokens=160, history_tokens=121401, QH=32, KVH=1, D=128, TP=8, DCP=8, mode=causal
Method                   Time ms                                                                                                                                     Agg TFLOPS    Avg/GPU  KV GB/s/GPU      Check  Note
dcp_mega_varlen          t0=0.083, t1=0.082, t2=0.081, t3=0.083, t4=0.082, t5=0.082, t6=0.082, t7=0.079 | p50(max_across_ranks)=0.084, p90(max_across_ranks)=0.085        381.4       47.7         94.0       skip  eager; output=bf16_ipc_a2a; runner_preallocated; timing=mega_kernel_only

Mega %globaltimer phase timestamps (per-iteration maximum across benchmark ranks, then p50/p90 across samples; us)
Method                   Phase                                                             p50        p90
dcp_mega_varlen          kernel_start                                                    0.000      0.000
dcp_mega_varlen          q_allgather_done                                                8.336      8.771
dcp_mega_varlen          attention_done                                                 53.824     54.403
dcp_mega_varlen          history_combine_done                                           63.680     64.621
dcp_mega_varlen          publish_done                                                   63.680     64.621
dcp_mega_varlen          receive_done                                                   69.584     71.059
dcp_mega_varlen          final_combine_done                                             75.824     77.552
dcp_mega_varlen          kernel_done                                                    76.160     77.904
dcp_mega_varlen          post_completion/q_done_to_publish_done                         55.888     56.672
dcp_mega_varlen          post_completion/publish_done_to_receive_done                    8.896     10.966
dcp_mega_varlen          post_completion/attention_done_to_history_combine_done         10.448     11.011
dcp_mega_varlen          post_completion/history_combine_done_to_final_combine_done     15.152     17.200
Wrote benchmark JSON to benchmark_logs/experiment_suite/dcp-suite/01_dcp_wave-b-timestamps-20260814-132129/results/arrival_1/dcp_8/critical_wave_auto_lpt/comm_sm_16/case_000016_dcp8_hkv1_eager.json

================================================================================
Mega comm_sm=16, case 18/100: case_000017_dcp8_hkv1: B=4, Sq=[16, 16, 16, 16], Sk=[12038, 85467, 1552, 3132], DCP=8, Hkv=1
================================================================================
Config: world_size=8, methods=['dcp_mega_varlen'], QH=32, KVH=1, D=128, TP=8, DCP=8, workload=chunk, execution=eager, baseline_phase_timing=False, warmup=40, iters=60, check=False
Workload: B=4, q_tokens=64, history_tokens=102189, q_seqlens=[16, 16, 16, 16], history_seqlens=[12038, 85467, 1552, 3132]
Agg TFLOPS uses useful attention work across all TP ranks and p50(max_across_ranks); Avg/GPU divides it by world_size.
KV GB/s/GPU is average logical BF16 K+V bytes read per TP rank divided by p50(max_across_ranks); it is not hardware-counter HBM traffic.

Running B=4, q_tokens=64, history_tokens=102189, causal=True

B=4, q_tokens=64, history_tokens=102189, QH=32, KVH=1, D=128, TP=8, DCP=8, mode=causal
Method                   Time ms                                                                                                                                     Agg TFLOPS    Avg/GPU  KV GB/s/GPU      Check  Note
dcp_mega_varlen          t0=0.061, t1=0.062, t2=0.062, t3=0.064, t4=0.064, t5=0.064, t6=0.064, t7=0.061 | p50(max_across_ranks)=0.065, p90(max_across_ranks)=0.066        414.4       51.8        101.6       skip  eager; output=bf16_ipc_a2a; runner_preallocated; timing=mega_kernel_only

Mega %globaltimer phase timestamps (per-iteration maximum across benchmark ranks, then p50/p90 across samples; us)
Method                   Phase                                                             p50        p90
dcp_mega_varlen          kernel_start                                                    0.000      0.000
dcp_mega_varlen          q_allgather_done                                                5.280      5.411
dcp_mega_varlen          attention_done                                                 30.816     30.976
dcp_mega_varlen          history_combine_done                                           44.880     45.571
dcp_mega_varlen          publish_done                                                   44.880     45.571
dcp_mega_varlen          receive_done                                                   51.584     53.024
dcp_mega_varlen          final_combine_done                                             57.328     58.349
dcp_mega_varlen          kernel_done                                                    57.632     58.669
dcp_mega_varlen          post_completion/q_done_to_publish_done                         39.808     40.419
dcp_mega_varlen          post_completion/publish_done_to_receive_done                    8.368      9.978
dcp_mega_varlen          post_completion/attention_done_to_history_combine_done         14.528     15.331
dcp_mega_varlen          post_completion/history_combine_done_to_final_combine_done     14.336     15.498
Wrote benchmark JSON to benchmark_logs/experiment_suite/dcp-suite/01_dcp_wave-b-timestamps-20260814-132129/results/arrival_1/dcp_8/critical_wave_auto_lpt/comm_sm_16/case_000017_dcp8_hkv1_eager.json

================================================================================
Mega comm_sm=16, case 19/100: case_000018_dcp8_hkv1: B=14, Sq=[16, 16, 16, 16, 16, 16, 16, 16, 16, 16, 16, 16, 16, 16], Sk=[4883, 1734, 6446, 12764, 9695, 6521, 1063, 1862, 12596, 3370, 4515, 10032, 3938, 5570], DCP=8, Hkv=1
================================================================================
Config: world_size=8, methods=['dcp_mega_varlen'], QH=32, KVH=1, D=128, TP=8, DCP=8, workload=chunk, execution=eager, baseline_phase_timing=False, warmup=40, iters=60, check=False
Workload: B=14, q_tokens=224, history_tokens=84989, q_seqlens=[16, 16, 16, 16, 16, 16, 16, 16, 16, 16, 16, 16, 16, 16], history_seqlens=[4883, 1734, 6446, 12764, 9695, 6521, 1063, 1862, 12596, 3370, 4515, 10032, 3938, 5570]
Agg TFLOPS uses useful attention work across all TP ranks and p50(max_across_ranks); Avg/GPU divides it by world_size.
KV GB/s/GPU is average logical BF16 K+V bytes read per TP rank divided by p50(max_across_ranks); it is not hardware-counter HBM traffic.

Running B=14, q_tokens=224, history_tokens=84989, causal=True

B=14, q_tokens=224, history_tokens=84989, QH=32, KVH=1, D=128, TP=8, DCP=8, mode=causal
Method                   Time ms                                                                                                                                     Agg TFLOPS    Avg/GPU  KV GB/s/GPU      Check  Note
dcp_mega_varlen          t0=0.066, t1=0.065, t2=0.065, t3=0.066, t4=0.066, t5=0.066, t6=0.066, t7=0.063 | p50(max_across_ranks)=0.067, p90(max_across_ranks)=0.070        332.2       41.5         82.7       skip  eager; output=bf16_ipc_a2a; runner_preallocated; timing=mega_kernel_only

Mega %globaltimer phase timestamps (per-iteration maximum across benchmark ranks, then p50/p90 across samples; us)
Method                   Phase                                                             p50        p90
dcp_mega_varlen          kernel_start                                                    0.000      0.000
dcp_mega_varlen          q_allgather_done                                               12.224     12.941
dcp_mega_varlen          attention_done                                                 33.616     34.112
dcp_mega_varlen          history_combine_done                                           46.288     47.011
dcp_mega_varlen          publish_done                                                   46.288     47.011
dcp_mega_varlen          receive_done                                                   53.312     54.938
dcp_mega_varlen          final_combine_done                                             59.920     62.118
dcp_mega_varlen          kernel_done                                                    60.240     62.352
dcp_mega_varlen          post_completion/q_done_to_publish_done                         34.608     35.277
dcp_mega_varlen          post_completion/publish_done_to_receive_done                    9.280     10.781
dcp_mega_varlen          post_completion/attention_done_to_history_combine_done         13.440     14.240
dcp_mega_varlen          post_completion/history_combine_done_to_final_combine_done     16.048     18.186
Wrote benchmark JSON to benchmark_logs/experiment_suite/dcp-suite/01_dcp_wave-b-timestamps-20260814-132129/results/arrival_1/dcp_8/critical_wave_auto_lpt/comm_sm_16/case_000018_dcp8_hkv1_eager.json

================================================================================
Mega comm_sm=16, case 20/100: case_000019_dcp8_hkv1: B=11, Sq=[16, 16, 16, 16, 16, 16, 16, 16, 16, 16, 16], Sk=[5352, 16514, 5045, 12628, 1487, 11291, 30568, 3732, 6745, 55705, 960], DCP=8, Hkv=1
================================================================================
Config: world_size=8, methods=['dcp_mega_varlen'], QH=32, KVH=1, D=128, TP=8, DCP=8, workload=chunk, execution=eager, baseline_phase_timing=False, warmup=40, iters=60, check=False
Workload: B=11, q_tokens=176, history_tokens=150027, q_seqlens=[16, 16, 16, 16, 16, 16, 16, 16, 16, 16, 16], history_seqlens=[5352, 16514, 5045, 12628, 1487, 11291, 30568, 3732, 6745, 55705, 960]
Agg TFLOPS uses useful attention work across all TP ranks and p50(max_across_ranks); Avg/GPU divides it by world_size.
KV GB/s/GPU is average logical BF16 K+V bytes read per TP rank divided by p50(max_across_ranks); it is not hardware-counter HBM traffic.

Running B=11, q_tokens=176, history_tokens=150027, causal=True

B=11, q_tokens=176, history_tokens=150027, QH=32, KVH=1, D=128, TP=8, DCP=8, mode=causal
Method                   Time ms                                                                                                                                     Agg TFLOPS    Avg/GPU  KV GB/s/GPU      Check  Note
dcp_mega_varlen          t0=0.087, t1=0.086, t2=0.086, t3=0.087, t4=0.087, t5=0.088, t6=0.087, t7=0.084 | p50(max_across_ranks)=0.088, p90(max_across_ranks)=0.093        445.3       55.7        109.7       skip  eager; output=bf16_ipc_a2a; runner_preallocated; timing=mega_kernel_only

Mega %globaltimer phase timestamps (per-iteration maximum across benchmark ranks, then p50/p90 across samples; us)
Method                   Phase                                                             p50        p90
dcp_mega_varlen          kernel_start                                                    0.000      0.000
dcp_mega_varlen          q_allgather_done                                                8.416      8.678
dcp_mega_varlen          attention_done                                                 54.816     55.232
dcp_mega_varlen          history_combine_done                                           67.712     69.133
dcp_mega_varlen          publish_done                                                   67.712     69.133
dcp_mega_varlen          receive_done                                                   74.448     78.374
dcp_mega_varlen          final_combine_done                                             80.816     85.178
dcp_mega_varlen          kernel_done                                                    81.136     85.498
dcp_mega_varlen          post_completion/q_done_to_publish_done                         59.664     61.002
dcp_mega_varlen          post_completion/publish_done_to_receive_done                    9.456     13.373
dcp_mega_varlen          post_completion/attention_done_to_history_combine_done         13.296     14.640
dcp_mega_varlen          post_completion/history_combine_done_to_final_combine_done     15.840     20.150
Wrote benchmark JSON to benchmark_logs/experiment_suite/dcp-suite/01_dcp_wave-b-timestamps-20260814-132129/results/arrival_1/dcp_8/critical_wave_auto_lpt/comm_sm_16/case_000019_dcp8_hkv1_eager.json

================================================================================
Mega comm_sm=16, case 21/100: case_000020_dcp8_hkv1: B=8, Sq=[16, 16, 16, 16, 16, 16, 16, 4096], Sk=[1552, 4077, 30520, 11078, 13329, 16775, 17897, 512], DCP=8, Hkv=1
================================================================================
Config: world_size=8, methods=['dcp_mega_varlen'], QH=32, KVH=1, D=128, TP=8, DCP=8, workload=chunk, execution=eager, baseline_phase_timing=False, warmup=40, iters=60, check=False
Workload: B=8, q_tokens=4208, history_tokens=95740, q_seqlens=[16, 16, 16, 16, 16, 16, 16, 4096], history_seqlens=[1552, 4077, 30520, 11078, 13329, 16775, 17897, 512]
Agg TFLOPS uses useful attention work across all TP ranks and p50(max_across_ranks); Avg/GPU divides it by world_size.
KV GB/s/GPU is average logical BF16 K+V bytes read per TP rank divided by p50(max_across_ranks); it is not hardware-counter HBM traffic.

Running B=8, q_tokens=4208, history_tokens=95740, causal=True

B=8, q_tokens=4208, history_tokens=95740, QH=32, KVH=1, D=128, TP=8, DCP=8, mode=causal
Method                   Time ms                                                                                                                                     Agg TFLOPS    Avg/GPU  KV GB/s/GPU      Check  Note
dcp_mega_varlen          t0=0.360, t1=0.359, t2=0.360, t3=0.361, t4=0.361, t5=0.363, t6=0.361, t7=0.358 | p50(max_across_ranks)=0.366, p90(max_across_ranks)=0.372        537.5       67.2         22.6       skip  eager; output=bf16_ipc_a2a; runner_preallocated; timing=mega_kernel_only

Mega %globaltimer phase timestamps (per-iteration maximum across benchmark ranks, then p50/p90 across samples; us)
Method                   Phase                                                             p50        p90
dcp_mega_varlen          kernel_start                                                    0.000      0.000
dcp_mega_varlen          q_allgather_done                                              112.720    115.878
dcp_mega_varlen          attention_done                                                121.904    124.758
dcp_mega_varlen          history_combine_done                                          254.336    257.222
dcp_mega_varlen          publish_done                                                  254.336    257.222
dcp_mega_varlen          receive_done                                                  331.760    338.378
dcp_mega_varlen          final_combine_done                                            358.096    363.760
dcp_mega_varlen          kernel_done                                                   358.432    364.051
dcp_mega_varlen          post_completion/q_done_to_publish_done                        142.416    143.622
dcp_mega_varlen          post_completion/publish_done_to_receive_done                   83.008     88.173
dcp_mega_varlen          post_completion/attention_done_to_history_combine_done        133.200    134.314
dcp_mega_varlen          post_completion/history_combine_done_to_final_combine_done    109.072    114.307
Wrote benchmark JSON to benchmark_logs/experiment_suite/dcp-suite/01_dcp_wave-b-timestamps-20260814-132129/results/arrival_1/dcp_8/critical_wave_auto_lpt/comm_sm_16/case_000020_dcp8_hkv1_eager.json

================================================================================
Mega comm_sm=16, case 22/100: case_000021_dcp8_hkv1: B=12, Sq=[16, 16, 16, 16, 16, 16, 16, 16, 16, 16, 16, 16], Sk=[9888, 9186, 11590, 12261, 30146, 6585, 8044, 8879, 7492, 1319, 13416, 6870], DCP=8, Hkv=1
================================================================================
Config: world_size=8, methods=['dcp_mega_varlen'], QH=32, KVH=1, D=128, TP=8, DCP=8, workload=chunk, execution=eager, baseline_phase_timing=False, warmup=40, iters=60, check=False
Workload: B=12, q_tokens=192, history_tokens=125676, q_seqlens=[16, 16, 16, 16, 16, 16, 16, 16, 16, 16, 16, 16], history_seqlens=[9888, 9186, 11590, 12261, 30146, 6585, 8044, 8879, 7492, 1319, 13416, 6870]
Agg TFLOPS uses useful attention work across all TP ranks and p50(max_across_ranks); Avg/GPU divides it by world_size.
KV GB/s/GPU is average logical BF16 K+V bytes read per TP rank divided by p50(max_across_ranks); it is not hardware-counter HBM traffic.

Running B=12, q_tokens=192, history_tokens=125676, causal=True

B=12, q_tokens=192, history_tokens=125676, QH=32, KVH=1, D=128, TP=8, DCP=8, mode=causal
Method                   Time ms                                                                                                                                     Agg TFLOPS    Avg/GPU  KV GB/s/GPU      Check  Note
dcp_mega_varlen          t0=0.068, t1=0.068, t2=0.068, t3=0.068, t4=0.068, t5=0.067, t6=0.068, t7=0.065 | p50(max_across_ranks)=0.069, p90(max_across_ranks)=0.070        478.6       59.8        118.2       skip  eager; output=bf16_ipc_a2a; runner_preallocated; timing=mega_kernel_only

Mega %globaltimer phase timestamps (per-iteration maximum across benchmark ranks, then p50/p90 across samples; us)
Method                   Phase                                                             p50        p90
dcp_mega_varlen          kernel_start                                                    0.000      0.000
dcp_mega_varlen          q_allgather_done                                                9.344      9.728
dcp_mega_varlen          attention_done                                                 36.480     36.832
dcp_mega_varlen          history_combine_done                                           49.456     50.288
dcp_mega_varlen          publish_done                                                   49.456     50.288
dcp_mega_varlen          receive_done                                                   55.136     55.866
dcp_mega_varlen          final_combine_done                                             61.408     62.342
dcp_mega_varlen          kernel_done                                                    61.744     62.666
dcp_mega_varlen          post_completion/q_done_to_publish_done                         40.528     41.312
dcp_mega_varlen          post_completion/publish_done_to_receive_done                    7.920      9.350
dcp_mega_varlen          post_completion/attention_done_to_history_combine_done         13.568     14.371
dcp_mega_varlen          post_completion/history_combine_done_to_final_combine_done     14.096     15.830
Wrote benchmark JSON to benchmark_logs/experiment_suite/dcp-suite/01_dcp_wave-b-timestamps-20260814-132129/results/arrival_1/dcp_8/critical_wave_auto_lpt/comm_sm_16/case_000021_dcp8_hkv1_eager.json

================================================================================
Mega comm_sm=16, case 23/100: case_000022_dcp8_hkv1: B=9, Sq=[16, 16, 16, 16, 16, 16, 16, 16, 16], Sk=[12027, 4798, 6581, 4503, 12323, 4122, 13725, 5784, 21104], DCP=8, Hkv=1
================================================================================
Config: world_size=8, methods=['dcp_mega_varlen'], QH=32, KVH=1, D=128, TP=8, DCP=8, workload=chunk, execution=eager, baseline_phase_timing=False, warmup=40, iters=60, check=False
Workload: B=9, q_tokens=144, history_tokens=84967, q_seqlens=[16, 16, 16, 16, 16, 16, 16, 16, 16], history_seqlens=[12027, 4798, 6581, 4503, 12323, 4122, 13725, 5784, 21104]
Agg TFLOPS uses useful attention work across all TP ranks and p50(max_across_ranks); Avg/GPU divides it by world_size.
KV GB/s/GPU is average logical BF16 K+V bytes read per TP rank divided by p50(max_across_ranks); it is not hardware-counter HBM traffic.

Running B=9, q_tokens=144, history_tokens=84967, causal=True

B=9, q_tokens=144, history_tokens=84967, QH=32, KVH=1, D=128, TP=8, DCP=8, mode=causal
Method                   Time ms                                                                                                                                     Agg TFLOPS    Avg/GPU  KV GB/s/GPU      Check  Note
dcp_mega_varlen          t0=0.065, t1=0.065, t2=0.063, t3=0.064, t4=0.063, t5=0.065, t6=0.064, t7=0.061 | p50(max_across_ranks)=0.065, p90(max_across_ranks)=0.077        341.1       42.6         84.3       skip  eager; output=bf16_ipc_a2a; runner_preallocated; timing=mega_kernel_only

Mega %globaltimer phase timestamps (per-iteration maximum across benchmark ranks, then p50/p90 across samples; us)
Method                   Phase                                                             p50        p90
dcp_mega_varlen          kernel_start                                                    0.000      0.000
dcp_mega_varlen          q_allgather_done                                                7.456      7.744
dcp_mega_varlen          attention_done                                                 32.608     32.928
dcp_mega_varlen          history_combine_done                                           45.328     46.182
dcp_mega_varlen          publish_done                                                   45.328     46.182
dcp_mega_varlen          receive_done                                                   51.808     63.798
dcp_mega_varlen          final_combine_done                                             57.808     69.530
dcp_mega_varlen          kernel_done                                                    58.160     69.738
dcp_mega_varlen          post_completion/q_done_to_publish_done                         38.176     39.046
dcp_mega_varlen          post_completion/publish_done_to_receive_done                    8.480     20.301
dcp_mega_varlen          post_completion/attention_done_to_history_combine_done         13.344     13.798
dcp_mega_varlen          post_completion/history_combine_done_to_final_combine_done     14.480     26.022
Wrote benchmark JSON to benchmark_logs/experiment_suite/dcp-suite/01_dcp_wave-b-timestamps-20260814-132129/results/arrival_1/dcp_8/critical_wave_auto_lpt/comm_sm_16/case_000022_dcp8_hkv1_eager.json

================================================================================
Mega comm_sm=16, case 24/100: case_000023_dcp8_hkv1: B=9, Sq=[16, 16, 16, 16, 16, 16, 16, 16, 16], Sk=[12090, 4862, 6645, 4567, 12379, 4178, 13787, 5849, 21168], DCP=8, Hkv=1
================================================================================
Config: world_size=8, methods=['dcp_mega_varlen'], QH=32, KVH=1, D=128, TP=8, DCP=8, workload=chunk, execution=eager, baseline_phase_timing=False, warmup=40, iters=60, check=False
Workload: B=9, q_tokens=144, history_tokens=85525, q_seqlens=[16, 16, 16, 16, 16, 16, 16, 16, 16], history_seqlens=[12090, 4862, 6645, 4567, 12379, 4178, 13787, 5849, 21168]
Agg TFLOPS uses useful attention work across all TP ranks and p50(max_across_ranks); Avg/GPU divides it by world_size.
KV GB/s/GPU is average logical BF16 K+V bytes read per TP rank divided by p50(max_across_ranks); it is not hardware-counter HBM traffic.

Running B=9, q_tokens=144, history_tokens=85525, causal=True

B=9, q_tokens=144, history_tokens=85525, QH=32, KVH=1, D=128, TP=8, DCP=8, mode=causal
Method                   Time ms                                                                                                                                     Agg TFLOPS    Avg/GPU  KV GB/s/GPU      Check  Note
dcp_mega_varlen          t0=0.065, t1=0.063, t2=0.063, t3=0.065, t4=0.063, t5=0.063, t6=0.063, t7=0.061 | p50(max_across_ranks)=0.065, p90(max_across_ranks)=0.072        343.3       42.9         84.9       skip  eager; output=bf16_ipc_a2a; runner_preallocated; timing=mega_kernel_only

Mega %globaltimer phase timestamps (per-iteration maximum across benchmark ranks, then p50/p90 across samples; us)
Method                   Phase                                                             p50        p90
dcp_mega_varlen          kernel_start                                                    0.000      0.000
dcp_mega_varlen          q_allgather_done                                                7.456      7.808
dcp_mega_varlen          attention_done                                                 32.576     32.896
dcp_mega_varlen          history_combine_done                                           45.200     45.923
dcp_mega_varlen          publish_done                                                   45.200     45.923
dcp_mega_varlen          receive_done                                                   51.760     58.086
dcp_mega_varlen          final_combine_done                                             57.504     63.712
dcp_mega_varlen          kernel_done                                                    57.792     64.051
dcp_mega_varlen          post_completion/q_done_to_publish_done                         38.112     38.666
dcp_mega_varlen          post_completion/publish_done_to_receive_done                    8.240     14.074
dcp_mega_varlen          post_completion/attention_done_to_history_combine_done         13.264     13.760
dcp_mega_varlen          post_completion/history_combine_done_to_final_combine_done     14.080     20.246
Wrote benchmark JSON to benchmark_logs/experiment_suite/dcp-suite/01_dcp_wave-b-timestamps-20260814-132129/results/arrival_1/dcp_8/critical_wave_auto_lpt/comm_sm_16/case_000023_dcp8_hkv1_eager.json

================================================================================
Mega comm_sm=16, case 25/100: case_000024_dcp8_hkv1: B=5, Sq=[16, 16, 16, 16, 16], Sk=[6209, 1146, 1225, 7000, 901], DCP=8, Hkv=1
================================================================================
Config: world_size=8, methods=['dcp_mega_varlen'], QH=32, KVH=1, D=128, TP=8, DCP=8, workload=chunk, execution=eager, baseline_phase_timing=False, warmup=40, iters=60, check=False
Workload: B=5, q_tokens=80, history_tokens=16481, q_seqlens=[16, 16, 16, 16, 16], history_seqlens=[6209, 1146, 1225, 7000, 901]
Agg TFLOPS uses useful attention work across all TP ranks and p50(max_across_ranks); Avg/GPU divides it by world_size.
KV GB/s/GPU is average logical BF16 K+V bytes read per TP rank divided by p50(max_across_ranks); it is not hardware-counter HBM traffic.

Running B=5, q_tokens=80, history_tokens=16481, causal=True

B=5, q_tokens=80, history_tokens=16481, QH=32, KVH=1, D=128, TP=8, DCP=8, mode=causal
Method                   Time ms                                                                                                                                     Agg TFLOPS    Avg/GPU  KV GB/s/GPU      Check  Note
dcp_mega_varlen          t0=0.051, t1=0.052, t2=0.051, t3=0.052, t4=0.052, t5=0.053, t6=0.053, t7=0.050 | p50(max_across_ranks)=0.053, p90(max_across_ranks)=0.055         81.3       10.2         20.6       skip  eager; output=bf16_ipc_a2a; runner_preallocated; timing=mega_kernel_only

Mega %globaltimer phase timestamps (per-iteration maximum across benchmark ranks, then p50/p90 across samples; us)
Method                   Phase                                                             p50        p90
dcp_mega_varlen          kernel_start                                                    0.000      0.000
dcp_mega_varlen          q_allgather_done                                                5.664      5.824
dcp_mega_varlen          attention_done                                                 21.104     21.376
dcp_mega_varlen          history_combine_done                                           32.880     33.379
dcp_mega_varlen          publish_done                                                   32.880     33.379
dcp_mega_varlen          receive_done                                                   39.168     40.365
dcp_mega_varlen          final_combine_done                                             46.192     47.248
dcp_mega_varlen          kernel_done                                                    46.496     47.568
dcp_mega_varlen          post_completion/q_done_to_publish_done                         27.632     28.038
dcp_mega_varlen          post_completion/publish_done_to_receive_done                    7.952      9.402
dcp_mega_varlen          post_completion/attention_done_to_history_combine_done         12.176     12.768
dcp_mega_varlen          post_completion/history_combine_done_to_final_combine_done     15.280     16.323
Wrote benchmark JSON to benchmark_logs/experiment_suite/dcp-suite/01_dcp_wave-b-timestamps-20260814-132129/results/arrival_1/dcp_8/critical_wave_auto_lpt/comm_sm_16/case_000024_dcp8_hkv1_eager.json

================================================================================
Mega comm_sm=16, case 26/100: case_000025_dcp8_hkv1: B=10, Sq=[16, 16, 16, 16, 16, 16, 16, 16, 16, 16], Sk=[7303, 1223, 2435, 20873, 68107, 10730, 16428, 31930, 5353, 3085], DCP=8, Hkv=1
================================================================================
Config: world_size=8, methods=['dcp_mega_varlen'], QH=32, KVH=1, D=128, TP=8, DCP=8, workload=chunk, execution=eager, baseline_phase_timing=False, warmup=40, iters=60, check=False
Workload: B=10, q_tokens=160, history_tokens=167467, q_seqlens=[16, 16, 16, 16, 16, 16, 16, 16, 16, 16], history_seqlens=[7303, 1223, 2435, 20873, 68107, 10730, 16428, 31930, 5353, 3085]
Agg TFLOPS uses useful attention work across all TP ranks and p50(max_across_ranks); Avg/GPU divides it by world_size.
KV GB/s/GPU is average logical BF16 K+V bytes read per TP rank divided by p50(max_across_ranks); it is not hardware-counter HBM traffic.

Running B=10, q_tokens=160, history_tokens=167467, causal=True

B=10, q_tokens=160, history_tokens=167467, QH=32, KVH=1, D=128, TP=8, DCP=8, mode=causal
Method                   Time ms                                                                                                                                     Agg TFLOPS    Avg/GPU  KV GB/s/GPU      Check  Note
dcp_mega_varlen          t0=0.090, t1=0.090, t2=0.089, t3=0.091, t4=0.090, t5=0.090, t6=0.091, t7=0.086 | p50(max_across_ranks)=0.092, p90(max_across_ranks)=0.092        479.5       59.9        117.9       skip  eager; output=bf16_ipc_a2a; runner_preallocated; timing=mega_kernel_only

Mega %globaltimer phase timestamps (per-iteration maximum across benchmark ranks, then p50/p90 across samples; us)
Method                   Phase                                                             p50        p90
dcp_mega_varlen          kernel_start                                                    0.000      0.000
dcp_mega_varlen          q_allgather_done                                                8.160      8.451
dcp_mega_varlen          attention_done                                                 60.240     60.611
dcp_mega_varlen          history_combine_done                                           71.264     72.166
dcp_mega_varlen          publish_done                                                   71.264     72.166
dcp_mega_varlen          receive_done                                                   78.144     79.469
dcp_mega_varlen          final_combine_done                                             83.968     84.909
dcp_mega_varlen          kernel_done                                                    84.288     85.216
dcp_mega_varlen          post_completion/q_done_to_publish_done                         63.424     64.262
dcp_mega_varlen          post_completion/publish_done_to_receive_done                    9.280     10.822
dcp_mega_varlen          post_completion/attention_done_to_history_combine_done         11.376     12.163
dcp_mega_varlen          post_completion/history_combine_done_to_final_combine_done     15.376     16.790
Wrote benchmark JSON to benchmark_logs/experiment_suite/dcp-suite/01_dcp_wave-b-timestamps-20260814-132129/results/arrival_1/dcp_8/critical_wave_auto_lpt/comm_sm_16/case_000025_dcp8_hkv1_eager.json

================================================================================
Mega comm_sm=16, case 27/100: case_000026_dcp8_hkv1: B=6, Sq=[16, 16, 16, 16, 16, 16], Sk=[1435, 5011, 2505, 28514, 10352, 16922], DCP=8, Hkv=1
================================================================================
Config: world_size=8, methods=['dcp_mega_varlen'], QH=32, KVH=1, D=128, TP=8, DCP=8, workload=chunk, execution=eager, baseline_phase_timing=False, warmup=40, iters=60, check=False
Workload: B=6, q_tokens=96, history_tokens=64739, q_seqlens=[16, 16, 16, 16, 16, 16], history_seqlens=[1435, 5011, 2505, 28514, 10352, 16922]
Agg TFLOPS uses useful attention work across all TP ranks and p50(max_across_ranks); Avg/GPU divides it by world_size.
KV GB/s/GPU is average logical BF16 K+V bytes read per TP rank divided by p50(max_across_ranks); it is not hardware-counter HBM traffic.

Running B=6, q_tokens=96, history_tokens=64739, causal=True

B=6, q_tokens=96, history_tokens=64739, QH=32, KVH=1, D=128, TP=8, DCP=8, mode=causal
Method                   Time ms                                                                                                                                     Agg TFLOPS    Avg/GPU  KV GB/s/GPU      Check  Note
dcp_mega_varlen          t0=0.065, t1=0.065, t2=0.064, t3=0.065, t4=0.065, t5=0.065, t6=0.065, t7=0.062 | p50(max_across_ranks)=0.066, p90(max_across_ranks)=0.068        255.9       32.0         63.2       skip  eager; output=bf16_ipc_a2a; runner_preallocated; timing=mega_kernel_only

Mega %globaltimer phase timestamps (per-iteration maximum across benchmark ranks, then p50/p90 across samples; us)
Method                   Phase                                                             p50        p90
dcp_mega_varlen          kernel_start                                                    0.000      0.000
dcp_mega_varlen          q_allgather_done                                                6.144      6.240
dcp_mega_varlen          attention_done                                                 34.944     35.264
dcp_mega_varlen          history_combine_done                                           46.656     47.584
dcp_mega_varlen          publish_done                                                   46.656     47.584
dcp_mega_varlen          receive_done                                                   52.736     53.712
dcp_mega_varlen          final_combine_done                                             58.784     60.000
dcp_mega_varlen          kernel_done                                                    59.104     60.352
dcp_mega_varlen          post_completion/q_done_to_publish_done                         40.848     41.635
dcp_mega_varlen          post_completion/publish_done_to_receive_done                    7.920      9.955
dcp_mega_varlen          post_completion/attention_done_to_history_combine_done         12.192     12.832
dcp_mega_varlen          post_completion/history_combine_done_to_final_combine_done     14.048     15.622
Wrote benchmark JSON to benchmark_logs/experiment_suite/dcp-suite/01_dcp_wave-b-timestamps-20260814-132129/results/arrival_1/dcp_8/critical_wave_auto_lpt/comm_sm_16/case_000026_dcp8_hkv1_eager.json

================================================================================
Mega comm_sm=16, case 28/100: case_000027_dcp8_hkv1: B=11, Sq=[16, 16, 16, 16, 16, 16, 16, 16, 16, 16, 16], Sk=[4171, 26467, 4934, 55749, 3527, 3265, 19309, 14221, 12172, 3108, 7672], DCP=8, Hkv=1
================================================================================
Config: world_size=8, methods=['dcp_mega_varlen'], QH=32, KVH=1, D=128, TP=8, DCP=8, workload=chunk, execution=eager, baseline_phase_timing=False, warmup=40, iters=60, check=False
Workload: B=11, q_tokens=176, history_tokens=154595, q_seqlens=[16, 16, 16, 16, 16, 16, 16, 16, 16, 16, 16], history_seqlens=[4171, 26467, 4934, 55749, 3527, 3265, 19309, 14221, 12172, 3108, 7672]
Agg TFLOPS uses useful attention work across all TP ranks and p50(max_across_ranks); Avg/GPU divides it by world_size.
KV GB/s/GPU is average logical BF16 K+V bytes read per TP rank divided by p50(max_across_ranks); it is not hardware-counter HBM traffic.

Running B=11, q_tokens=176, history_tokens=154595, causal=True

B=11, q_tokens=176, history_tokens=154595, QH=32, KVH=1, D=128, TP=8, DCP=8, mode=causal
Method                   Time ms                                                                                                                                     Agg TFLOPS    Avg/GPU  KV GB/s/GPU      Check  Note
dcp_mega_varlen          t0=0.083, t1=0.084, t2=0.083, t3=0.083, t4=0.083, t5=0.083, t6=0.083, t7=0.080 | p50(max_across_ranks)=0.084, p90(max_across_ranks)=0.086        480.7       60.1        118.4       skip  eager; output=bf16_ipc_a2a; runner_preallocated; timing=mega_kernel_only

Mega %globaltimer phase timestamps (per-iteration maximum across benchmark ranks, then p50/p90 across samples; us)
Method                   Phase                                                             p50        p90
dcp_mega_varlen          kernel_start                                                    0.000      0.000
dcp_mega_varlen          q_allgather_done                                                8.736      9.059
dcp_mega_varlen          attention_done                                                 53.056     53.379
dcp_mega_varlen          history_combine_done                                           64.480     65.478
dcp_mega_varlen          publish_done                                                   64.480     65.478
dcp_mega_varlen          receive_done                                                   70.832     72.662
dcp_mega_varlen          final_combine_done                                             76.736     78.982
dcp_mega_varlen          kernel_done                                                    77.072     79.302
dcp_mega_varlen          post_completion/q_done_to_publish_done                         56.208     57.155
dcp_mega_varlen          post_completion/publish_done_to_receive_done                    8.416     11.187
dcp_mega_varlen          post_completion/attention_done_to_history_combine_done         12.112     12.739
dcp_mega_varlen          post_completion/history_combine_done_to_final_combine_done     14.192     16.717
Wrote benchmark JSON to benchmark_logs/experiment_suite/dcp-suite/01_dcp_wave-b-timestamps-20260814-132129/results/arrival_1/dcp_8/critical_wave_auto_lpt/comm_sm_16/case_000027_dcp8_hkv1_eager.json

================================================================================
Mega comm_sm=16, case 29/100: case_000028_dcp8_hkv1: B=6, Sq=[16, 16, 16, 16, 16, 16], Sk=[47765, 30576, 2389, 12859, 1027, 11068], DCP=8, Hkv=1
================================================================================
Config: world_size=8, methods=['dcp_mega_varlen'], QH=32, KVH=1, D=128, TP=8, DCP=8, workload=chunk, execution=eager, baseline_phase_timing=False, warmup=40, iters=60, check=False
Workload: B=6, q_tokens=96, history_tokens=105684, q_seqlens=[16, 16, 16, 16, 16, 16], history_seqlens=[47765, 30576, 2389, 12859, 1027, 11068]
Agg TFLOPS uses useful attention work across all TP ranks and p50(max_across_ranks); Avg/GPU divides it by world_size.
KV GB/s/GPU is average logical BF16 K+V bytes read per TP rank divided by p50(max_across_ranks); it is not hardware-counter HBM traffic.

Running B=6, q_tokens=96, history_tokens=105684, causal=True

B=6, q_tokens=96, history_tokens=105684, QH=32, KVH=1, D=128, TP=8, DCP=8, mode=causal
Method                   Time ms                                                                                                                                     Agg TFLOPS    Avg/GPU  KV GB/s/GPU      Check  Note
dcp_mega_varlen          t0=0.073, t1=0.073, t2=0.072, t3=0.072, t4=0.071, t5=0.072, t6=0.072, t7=0.069 | p50(max_across_ranks)=0.073, p90(max_across_ranks)=0.075        378.0       47.2         92.9       skip  eager; output=bf16_ipc_a2a; runner_preallocated; timing=mega_kernel_only

Mega %globaltimer phase timestamps (per-iteration maximum across benchmark ranks, then p50/p90 across samples; us)
Method                   Phase                                                             p50        p90
dcp_mega_varlen          kernel_start                                                    0.000      0.000
dcp_mega_varlen          q_allgather_done                                                5.984      6.112
dcp_mega_varlen          attention_done                                                 44.832     45.123
dcp_mega_varlen          history_combine_done                                           53.376     54.243
dcp_mega_varlen          publish_done                                                   53.376     54.243
dcp_mega_varlen          receive_done                                                   59.520     60.995
dcp_mega_varlen          final_combine_done                                             65.648     67.312
dcp_mega_varlen          kernel_done                                                    65.968     67.632
dcp_mega_varlen          post_completion/q_done_to_publish_done                         47.648     48.362
dcp_mega_varlen          post_completion/publish_done_to_receive_done                    7.568      9.107
dcp_mega_varlen          post_completion/attention_done_to_history_combine_done          8.960      9.891
dcp_mega_varlen          post_completion/history_combine_done_to_final_combine_done     13.664     15.360
Wrote benchmark JSON to benchmark_logs/experiment_suite/dcp-suite/01_dcp_wave-b-timestamps-20260814-132129/results/arrival_1/dcp_8/critical_wave_auto_lpt/comm_sm_16/case_000028_dcp8_hkv1_eager.json

================================================================================
Mega comm_sm=16, case 30/100: case_000029_dcp8_hkv1: B=13, Sq=[16, 16, 16, 16, 16, 16, 16, 16, 16, 16, 16, 16, 16], Sk=[6077, 1224, 4883, 5548, 6682, 9784, 2624, 1101, 1452, 14151, 7081, 94799, 10879], DCP=8, Hkv=1
================================================================================
Config: world_size=8, methods=['dcp_mega_varlen'], QH=32, KVH=1, D=128, TP=8, DCP=8, workload=chunk, execution=eager, baseline_phase_timing=False, warmup=40, iters=60, check=False
Workload: B=13, q_tokens=208, history_tokens=166285, q_seqlens=[16, 16, 16, 16, 16, 16, 16, 16, 16, 16, 16, 16, 16], history_seqlens=[6077, 1224, 4883, 5548, 6682, 9784, 2624, 1101, 1452, 14151, 7081, 94799, 10879]
Agg TFLOPS uses useful attention work across all TP ranks and p50(max_across_ranks); Avg/GPU divides it by world_size.
KV GB/s/GPU is average logical BF16 K+V bytes read per TP rank divided by p50(max_across_ranks); it is not hardware-counter HBM traffic.

Running B=13, q_tokens=208, history_tokens=166285, causal=True

B=13, q_tokens=208, history_tokens=166285, QH=32, KVH=1, D=128, TP=8, DCP=8, mode=causal
Method                   Time ms                                                                                                                                     Agg TFLOPS    Avg/GPU  KV GB/s/GPU      Check  Note
dcp_mega_varlen          t0=0.070, t1=0.070, t2=0.069, t3=0.069, t4=0.069, t5=0.069, t6=0.070, t7=0.068 | p50(max_across_ranks)=0.071, p90(max_across_ranks)=0.072        615.0       76.9        151.5       skip  eager; output=bf16_ipc_a2a; runner_preallocated; timing=mega_kernel_only

Mega %globaltimer phase timestamps (per-iteration maximum across benchmark ranks, then p50/p90 across samples; us)
Method                   Phase                                                             p50        p90
dcp_mega_varlen          kernel_start                                                    0.000      0.000
dcp_mega_varlen          q_allgather_done                                               11.936     12.483
dcp_mega_varlen          attention_done                                                 39.888     40.643
dcp_mega_varlen          history_combine_done                                           51.328     51.894
dcp_mega_varlen          publish_done                                                   51.328     51.894
dcp_mega_varlen          receive_done                                                   57.312     58.250
dcp_mega_varlen          final_combine_done                                             63.488     64.483
dcp_mega_varlen          kernel_done                                                    63.824     64.707
dcp_mega_varlen          post_completion/q_done_to_publish_done                         39.952     40.614
dcp_mega_varlen          post_completion/publish_done_to_receive_done                    7.136      8.707
dcp_mega_varlen          post_completion/attention_done_to_history_combine_done         12.000     12.736
dcp_mega_varlen          post_completion/history_combine_done_to_final_combine_done     13.488     14.570
Wrote benchmark JSON to benchmark_logs/experiment_suite/dcp-suite/01_dcp_wave-b-timestamps-20260814-132129/results/arrival_1/dcp_8/critical_wave_auto_lpt/comm_sm_16/case_000029_dcp8_hkv1_eager.json

================================================================================
Mega comm_sm=16, case 31/100: case_000030_dcp8_hkv1: B=10, Sq=[16, 16, 16, 16, 16, 16, 16, 16, 16, 16], Sk=[2868, 1930, 8020, 39268, 7856, 16626, 4909, 4124, 3111, 958], DCP=8, Hkv=1
================================================================================
Config: world_size=8, methods=['dcp_mega_varlen'], QH=32, KVH=1, D=128, TP=8, DCP=8, workload=chunk, execution=eager, baseline_phase_timing=False, warmup=40, iters=60, check=False
Workload: B=10, q_tokens=160, history_tokens=89670, q_seqlens=[16, 16, 16, 16, 16, 16, 16, 16, 16, 16], history_seqlens=[2868, 1930, 8020, 39268, 7856, 16626, 4909, 4124, 3111, 958]
Agg TFLOPS uses useful attention work across all TP ranks and p50(max_across_ranks); Avg/GPU divides it by world_size.
KV GB/s/GPU is average logical BF16 K+V bytes read per TP rank divided by p50(max_across_ranks); it is not hardware-counter HBM traffic.

Running B=10, q_tokens=160, history_tokens=89670, causal=True

B=10, q_tokens=160, history_tokens=89670, QH=32, KVH=1, D=128, TP=8, DCP=8, mode=causal
Method                   Time ms                                                                                                                                     Agg TFLOPS    Avg/GPU  KV GB/s/GPU      Check  Note
dcp_mega_varlen          t0=0.067, t1=0.067, t2=0.066, t3=0.066, t4=0.067, t5=0.067, t6=0.067, t7=0.064 | p50(max_across_ranks)=0.068, p90(max_across_ranks)=0.070        344.2       43.0         85.2       skip  eager; output=bf16_ipc_a2a; runner_preallocated; timing=mega_kernel_only

Mega %globaltimer phase timestamps (per-iteration maximum across benchmark ranks, then p50/p90 across samples; us)
Method                   Phase                                                             p50        p90
dcp_mega_varlen          kernel_start                                                    0.000      0.000
dcp_mega_varlen          q_allgather_done                                                8.320      8.608
dcp_mega_varlen          attention_done                                                 37.376     39.763
dcp_mega_varlen          history_combine_done                                           48.752     50.224
dcp_mega_varlen          publish_done                                                   48.752     50.224
dcp_mega_varlen          receive_done                                                   54.528     56.163
dcp_mega_varlen          final_combine_done                                             60.592     62.186
dcp_mega_varlen          kernel_done                                                    60.944     62.506
dcp_mega_varlen          post_completion/q_done_to_publish_done                         40.800     42.221
dcp_mega_varlen          post_completion/publish_done_to_receive_done                    8.672     10.214
dcp_mega_varlen          post_completion/attention_done_to_history_combine_done         11.760     12.531
dcp_mega_varlen          post_completion/history_combine_done_to_final_combine_done     14.784     16.147
Wrote benchmark JSON to benchmark_logs/experiment_suite/dcp-suite/01_dcp_wave-b-timestamps-20260814-132129/results/arrival_1/dcp_8/critical_wave_auto_lpt/comm_sm_16/case_000030_dcp8_hkv1_eager.json

================================================================================
Mega comm_sm=16, case 32/100: case_000031_dcp8_hkv1: B=6, Sq=[16, 16, 16, 16, 16, 16], Sk=[1462, 7233, 15574, 1119, 13357, 12440], DCP=8, Hkv=1
================================================================================
Config: world_size=8, methods=['dcp_mega_varlen'], QH=32, KVH=1, D=128, TP=8, DCP=8, workload=chunk, execution=eager, baseline_phase_timing=False, warmup=40, iters=60, check=False
Workload: B=6, q_tokens=96, history_tokens=51185, q_seqlens=[16, 16, 16, 16, 16, 16], history_seqlens=[1462, 7233, 15574, 1119, 13357, 12440]
Agg TFLOPS uses useful attention work across all TP ranks and p50(max_across_ranks); Avg/GPU divides it by world_size.
KV GB/s/GPU is average logical BF16 K+V bytes read per TP rank divided by p50(max_across_ranks); it is not hardware-counter HBM traffic.

Running B=6, q_tokens=96, history_tokens=51185, causal=True

B=6, q_tokens=96, history_tokens=51185, QH=32, KVH=1, D=128, TP=8, DCP=8, mode=causal
Method                   Time ms                                                                                                                                     Agg TFLOPS    Avg/GPU  KV GB/s/GPU      Check  Note
dcp_mega_varlen          t0=0.063, t1=0.061, t2=0.061, t3=0.064, t4=0.064, t5=0.064, t6=0.064, t7=0.061 | p50(max_across_ranks)=0.065, p90(max_across_ranks)=0.066        207.1       25.9         51.3       skip  eager; output=bf16_ipc_a2a; runner_preallocated; timing=mega_kernel_only

Mega %globaltimer phase timestamps (per-iteration maximum across benchmark ranks, then p50/p90 across samples; us)
Method                   Phase                                                             p50        p90
dcp_mega_varlen          kernel_start                                                    0.000      0.000
dcp_mega_varlen          q_allgather_done                                                5.952      6.118
dcp_mega_varlen          attention_done                                                 33.952     34.243
dcp_mega_varlen          history_combine_done                                           44.048     44.736
dcp_mega_varlen          publish_done                                                   44.048     44.736
dcp_mega_varlen          receive_done                                                   50.400     51.776
dcp_mega_varlen          final_combine_done                                             57.472     58.541
dcp_mega_varlen          kernel_done                                                    57.792     58.835
dcp_mega_varlen          post_completion/q_done_to_publish_done                         38.320     39.082
dcp_mega_varlen          post_completion/publish_done_to_receive_done                    7.936      9.206
dcp_mega_varlen          post_completion/attention_done_to_history_combine_done         10.672     11.523
dcp_mega_varlen          post_completion/history_combine_done_to_final_combine_done     15.040     16.448
Wrote benchmark JSON to benchmark_logs/experiment_suite/dcp-suite/01_dcp_wave-b-timestamps-20260814-132129/results/arrival_1/dcp_8/critical_wave_auto_lpt/comm_sm_16/case_000031_dcp8_hkv1_eager.json

================================================================================
Mega comm_sm=16, case 33/100: case_000032_dcp8_hkv1: B=6, Sq=[16, 16, 16, 16, 16, 4096], Sk=[1701, 4041, 1060, 3030, 15752, 82432], DCP=8, Hkv=1
================================================================================
Config: world_size=8, methods=['dcp_mega_varlen'], QH=32, KVH=1, D=128, TP=8, DCP=8, workload=chunk, execution=eager, baseline_phase_timing=False, warmup=40, iters=60, check=False
Workload: B=6, q_tokens=4176, history_tokens=108016, q_seqlens=[16, 16, 16, 16, 16, 4096], history_seqlens=[1701, 4041, 1060, 3030, 15752, 82432]
Agg TFLOPS uses useful attention work across all TP ranks and p50(max_across_ranks); Avg/GPU divides it by world_size.
KV GB/s/GPU is average logical BF16 K+V bytes read per TP rank divided by p50(max_across_ranks); it is not hardware-counter HBM traffic.

Running B=6, q_tokens=4176, history_tokens=108016, causal=True

B=6, q_tokens=4176, history_tokens=108016, QH=32, KVH=1, D=128, TP=8, DCP=8, mode=causal
Method                   Time ms                                                                                                                                     Agg TFLOPS    Avg/GPU  KV GB/s/GPU      Check  Note
dcp_mega_varlen          t0=1.319, t1=1.310, t2=1.307, t3=1.309, t4=1.311, t5=1.312, t6=1.318, t7=1.299 | p50(max_across_ranks)=1.323, p90(max_across_ranks)=1.330       4288.9      536.1          6.8       skip  eager; output=bf16_ipc_a2a; runner_preallocated; timing=mega_kernel_only

Mega %globaltimer phase timestamps (per-iteration maximum across benchmark ranks, then p50/p90 across samples; us)
Method                   Phase                                                             p50        p90
dcp_mega_varlen          kernel_start                                                    0.000      0.000
dcp_mega_varlen          q_allgather_done                                              114.864    120.032
dcp_mega_varlen          attention_done                                               1118.064   1120.778
dcp_mega_varlen          history_combine_done                                         1216.560   1220.416
dcp_mega_varlen          publish_done                                                 1216.560   1220.416
dcp_mega_varlen          receive_done                                                 1275.680   1281.254
dcp_mega_varlen          final_combine_done                                           1315.424   1322.445
dcp_mega_varlen          kernel_done                                                  1315.648   1322.755
dcp_mega_varlen          post_completion/q_done_to_publish_done                       1105.488   1110.147
dcp_mega_varlen          post_completion/publish_done_to_receive_done                   98.336    109.459
dcp_mega_varlen          post_completion/attention_done_to_history_combine_done        101.776    103.536
dcp_mega_varlen          post_completion/history_combine_done_to_final_combine_done    127.056    140.634
Wrote benchmark JSON to benchmark_logs/experiment_suite/dcp-suite/01_dcp_wave-b-timestamps-20260814-132129/results/arrival_1/dcp_8/critical_wave_auto_lpt/comm_sm_16/case_000032_dcp8_hkv1_eager.json

================================================================================
Mega comm_sm=16, case 34/100: case_000033_dcp8_hkv1: B=6, Sq=[16, 16, 16, 16, 16, 16], Sk=[38987, 1291, 16840, 1638, 2346, 11835], DCP=8, Hkv=1
================================================================================
Config: world_size=8, methods=['dcp_mega_varlen'], QH=32, KVH=1, D=128, TP=8, DCP=8, workload=chunk, execution=eager, baseline_phase_timing=False, warmup=40, iters=60, check=False
Workload: B=6, q_tokens=96, history_tokens=72937, q_seqlens=[16, 16, 16, 16, 16, 16], history_seqlens=[38987, 1291, 16840, 1638, 2346, 11835]
Agg TFLOPS uses useful attention work across all TP ranks and p50(max_across_ranks); Avg/GPU divides it by world_size.
KV GB/s/GPU is average logical BF16 K+V bytes read per TP rank divided by p50(max_across_ranks); it is not hardware-counter HBM traffic.

Running B=6, q_tokens=96, history_tokens=72937, causal=True

B=6, q_tokens=96, history_tokens=72937, QH=32, KVH=1, D=128, TP=8, DCP=8, mode=causal
Method                   Time ms                                                                                                                                     Agg TFLOPS    Avg/GPU  KV GB/s/GPU      Check  Note
dcp_mega_varlen          t0=0.065, t1=0.065, t2=0.064, t3=0.066, t4=0.064, t5=0.065, t6=0.065, t7=0.062 | p50(max_across_ranks)=0.066, p90(max_across_ranks)=0.068        288.4       36.1         71.1       skip  eager; output=bf16_ipc_a2a; runner_preallocated; timing=mega_kernel_only

Mega %globaltimer phase timestamps (per-iteration maximum across benchmark ranks, then p50/p90 across samples; us)
Method                   Phase                                                             p50        p90
dcp_mega_varlen          kernel_start                                                    0.000      0.000
dcp_mega_varlen          q_allgather_done                                                6.144      6.240
dcp_mega_varlen          attention_done                                                 35.168     35.491
dcp_mega_varlen          history_combine_done                                           47.120     47.840
dcp_mega_varlen          publish_done                                                   47.120     47.840
dcp_mega_varlen          receive_done                                                   52.480     53.670
dcp_mega_varlen          final_combine_done                                             58.784     59.760
dcp_mega_varlen          kernel_done                                                    59.072     60.109
dcp_mega_varlen          post_completion/q_done_to_publish_done                         41.168     42.054
dcp_mega_varlen          post_completion/publish_done_to_receive_done                    7.792      9.686
dcp_mega_varlen          post_completion/attention_done_to_history_combine_done         12.288     12.941
dcp_mega_varlen          post_completion/history_combine_done_to_final_combine_done     14.048     16.157
Wrote benchmark JSON to benchmark_logs/experiment_suite/dcp-suite/01_dcp_wave-b-timestamps-20260814-132129/results/arrival_1/dcp_8/critical_wave_auto_lpt/comm_sm_16/case_000033_dcp8_hkv1_eager.json

================================================================================
Mega comm_sm=16, case 35/100: case_000034_dcp8_hkv1: B=4, Sq=[16, 16, 16, 16], Sk=[6336, 16275, 39633, 3157], DCP=8, Hkv=1
================================================================================
Config: world_size=8, methods=['dcp_mega_varlen'], QH=32, KVH=1, D=128, TP=8, DCP=8, workload=chunk, execution=eager, baseline_phase_timing=False, warmup=40, iters=60, check=False
Workload: B=4, q_tokens=64, history_tokens=65401, q_seqlens=[16, 16, 16, 16], history_seqlens=[6336, 16275, 39633, 3157]
Agg TFLOPS uses useful attention work across all TP ranks and p50(max_across_ranks); Avg/GPU divides it by world_size.
KV GB/s/GPU is average logical BF16 K+V bytes read per TP rank divided by p50(max_across_ranks); it is not hardware-counter HBM traffic.

Running B=4, q_tokens=64, history_tokens=65401, causal=True

B=4, q_tokens=64, history_tokens=65401, QH=32, KVH=1, D=128, TP=8, DCP=8, mode=causal
Method                   Time ms                                                                                                                                     Agg TFLOPS    Avg/GPU  KV GB/s/GPU      Check  Note
dcp_mega_varlen          t0=0.058, t1=0.058, t2=0.058, t3=0.059, t4=0.057, t5=0.058, t6=0.059, t7=0.056 | p50(max_across_ranks)=0.060, p90(max_across_ranks)=0.063        287.7       36.0         70.8       skip  eager; output=bf16_ipc_a2a; runner_preallocated; timing=mega_kernel_only

Mega %globaltimer phase timestamps (per-iteration maximum across benchmark ranks, then p50/p90 across samples; us)
Method                   Phase                                                             p50        p90
dcp_mega_varlen          kernel_start                                                    0.000      0.000
dcp_mega_varlen          q_allgather_done                                                5.232      5.344
dcp_mega_varlen          attention_done                                                 30.400     30.531
dcp_mega_varlen          history_combine_done                                           39.904     40.998
dcp_mega_varlen          publish_done                                                   39.904     40.998
dcp_mega_varlen          receive_done                                                   46.064     49.600
dcp_mega_varlen          final_combine_done                                             52.000     55.869
dcp_mega_varlen          kernel_done                                                    52.272     56.218
dcp_mega_varlen          post_completion/q_done_to_publish_done                         34.880     35.914
dcp_mega_varlen          post_completion/publish_done_to_receive_done                    8.272     12.045
dcp_mega_varlen          post_completion/attention_done_to_history_combine_done          9.984     10.854
dcp_mega_varlen          post_completion/history_combine_done_to_final_combine_done     14.240     17.709
Wrote benchmark JSON to benchmark_logs/experiment_suite/dcp-suite/01_dcp_wave-b-timestamps-20260814-132129/results/arrival_1/dcp_8/critical_wave_auto_lpt/comm_sm_16/case_000034_dcp8_hkv1_eager.json

================================================================================
Mega comm_sm=16, case 36/100: case_000035_dcp8_hkv1: B=6, Sq=[16, 16, 16, 16, 16, 16], Sk=[15926, 10119, 1428, 11258, 993, 12791], DCP=8, Hkv=1
================================================================================
Config: world_size=8, methods=['dcp_mega_varlen'], QH=32, KVH=1, D=128, TP=8, DCP=8, workload=chunk, execution=eager, baseline_phase_timing=False, warmup=40, iters=60, check=False
Workload: B=6, q_tokens=96, history_tokens=52515, q_seqlens=[16, 16, 16, 16, 16, 16], history_seqlens=[15926, 10119, 1428, 11258, 993, 12791]
Agg TFLOPS uses useful attention work across all TP ranks and p50(max_across_ranks); Avg/GPU divides it by world_size.
KV GB/s/GPU is average logical BF16 K+V bytes read per TP rank divided by p50(max_across_ranks); it is not hardware-counter HBM traffic.

Running B=6, q_tokens=96, history_tokens=52515, causal=True

B=6, q_tokens=96, history_tokens=52515, QH=32, KVH=1, D=128, TP=8, DCP=8, mode=causal
Method                   Time ms                                                                                                                                     Agg TFLOPS    Avg/GPU  KV GB/s/GPU      Check  Note
dcp_mega_varlen          t0=0.062, t1=0.061, t2=0.060, t3=0.062, t4=0.061, t5=0.061, t6=0.061, t7=0.058 | p50(max_across_ranks)=0.063, p90(max_across_ranks)=0.064        220.0       27.5         54.4       skip  eager; output=bf16_ipc_a2a; runner_preallocated; timing=mega_kernel_only

Mega %globaltimer phase timestamps (per-iteration maximum across benchmark ranks, then p50/p90 across samples; us)
Method                   Phase                                                             p50        p90
dcp_mega_varlen          kernel_start                                                    0.000      0.000
dcp_mega_varlen          q_allgather_done                                                6.016      6.112
dcp_mega_varlen          attention_done                                                 29.920     30.176
dcp_mega_varlen          history_combine_done                                           42.592     43.110
dcp_mega_varlen          publish_done                                                   42.592     43.110
dcp_mega_varlen          receive_done                                                   48.784     49.837
dcp_mega_varlen          final_combine_done                                             54.896     56.426
dcp_mega_varlen          kernel_done                                                    55.232     56.746
dcp_mega_varlen          post_completion/q_done_to_publish_done                         36.864     37.318
dcp_mega_varlen          post_completion/publish_done_to_receive_done                    8.016      9.683
dcp_mega_varlen          post_completion/attention_done_to_history_combine_done         13.072     13.571
dcp_mega_varlen          post_completion/history_combine_done_to_final_combine_done     14.224     15.341
Wrote benchmark JSON to benchmark_logs/experiment_suite/dcp-suite/01_dcp_wave-b-timestamps-20260814-132129/results/arrival_1/dcp_8/critical_wave_auto_lpt/comm_sm_16/case_000035_dcp8_hkv1_eager.json

================================================================================
Mega comm_sm=16, case 37/100: case_000036_dcp8_hkv1: B=9, Sq=[16, 16, 16, 16, 16, 16, 16, 16, 16], Sk=[1254, 10326, 15527, 1617, 26752, 24284, 6915, 91704, 11997], DCP=8, Hkv=1
================================================================================
Config: world_size=8, methods=['dcp_mega_varlen'], QH=32, KVH=1, D=128, TP=8, DCP=8, workload=chunk, execution=eager, baseline_phase_timing=False, warmup=40, iters=60, check=False
Workload: B=9, q_tokens=144, history_tokens=190376, q_seqlens=[16, 16, 16, 16, 16, 16, 16, 16, 16], history_seqlens=[1254, 10326, 15527, 1617, 26752, 24284, 6915, 91704, 11997]
Agg TFLOPS uses useful attention work across all TP ranks and p50(max_across_ranks); Avg/GPU divides it by world_size.
KV GB/s/GPU is average logical BF16 K+V bytes read per TP rank divided by p50(max_across_ranks); it is not hardware-counter HBM traffic.

Running B=9, q_tokens=144, history_tokens=190376, causal=True

B=9, q_tokens=144, history_tokens=190376, QH=32, KVH=1, D=128, TP=8, DCP=8, mode=causal
Method                   Time ms                                                                                                                                     Agg TFLOPS    Avg/GPU  KV GB/s/GPU      Check  Note
dcp_mega_varlen          t0=0.081, t1=0.081, t2=0.080, t3=0.082, t4=0.080, t5=0.081, t6=0.081, t7=0.078 | p50(max_across_ranks)=0.082, p90(max_across_ranks)=0.085        605.8       75.7        148.7       skip  eager; output=bf16_ipc_a2a; runner_preallocated; timing=mega_kernel_only

Mega %globaltimer phase timestamps (per-iteration maximum across benchmark ranks, then p50/p90 across samples; us)
Method                   Phase                                                             p50        p90
dcp_mega_varlen          kernel_start                                                    0.000      0.000
dcp_mega_varlen          q_allgather_done                                                7.520      7.907
dcp_mega_varlen          attention_done                                                 50.432     50.880
dcp_mega_varlen          history_combine_done                                           62.656     63.360
dcp_mega_varlen          publish_done                                                   62.656     63.360
dcp_mega_varlen          receive_done                                                   69.296     71.347
dcp_mega_varlen          final_combine_done                                             74.768     77.245
dcp_mega_varlen          kernel_done                                                    75.024     77.482
dcp_mega_varlen          post_completion/q_done_to_publish_done                         55.488     56.070
dcp_mega_varlen          post_completion/publish_done_to_receive_done                    8.976     12.522
dcp_mega_varlen          post_completion/attention_done_to_history_combine_done         12.880     13.606
dcp_mega_varlen          post_completion/history_combine_done_to_final_combine_done     14.528     17.818
Wrote benchmark JSON to benchmark_logs/experiment_suite/dcp-suite/01_dcp_wave-b-timestamps-20260814-132129/results/arrival_1/dcp_8/critical_wave_auto_lpt/comm_sm_16/case_000036_dcp8_hkv1_eager.json

================================================================================
Mega comm_sm=16, case 38/100: case_000037_dcp8_hkv1: B=19, Sq=[16, 16, 16, 16, 16, 16, 16, 16, 16, 16, 16, 16, 16, 16, 16, 16, 16, 16, 512], Sk=[40330, 4043, 24158, 2515, 11719, 22523, 5961, 7685, 5265, 7287, 6877, 11475, 15710, 19440, 66324, 1516, 32750, 31159, 32256], DCP=8, Hkv=1
================================================================================
Config: world_size=8, methods=['dcp_mega_varlen'], QH=32, KVH=1, D=128, TP=8, DCP=8, workload=chunk, execution=eager, baseline_phase_timing=False, warmup=40, iters=60, check=False
Workload: B=19, q_tokens=800, history_tokens=348993, q_seqlens=[16, 16, 16, 16, 16, 16, 16, 16, 16, 16, 16, 16, 16, 16, 16, 16, 16, 16, 512], history_seqlens=[40330, 4043, 24158, 2515, 11719, 22523, 5961, 7685, 5265, 7287, 6877, 11475, 15710, 19440, 66324, 1516, 32750, 31159, 32256]
Agg TFLOPS uses useful attention work across all TP ranks and p50(max_across_ranks); Avg/GPU divides it by world_size.
KV GB/s/GPU is average logical BF16 K+V bytes read per TP rank divided by p50(max_across_ranks); it is not hardware-counter HBM traffic.

Running B=19, q_tokens=800, history_tokens=348993, causal=True

B=19, q_tokens=800, history_tokens=348993, QH=32, KVH=1, D=128, TP=8, DCP=8, mode=causal
Method                   Time ms                                                                                                                                     Agg TFLOPS    Avg/GPU  KV GB/s/GPU      Check  Note
dcp_mega_varlen          t0=0.165, t1=0.164, t2=0.164, t3=0.165, t4=0.165, t5=0.165, t6=0.164, t7=0.161 | p50(max_across_ranks)=0.166, p90(max_across_ranks)=0.205       2146.1      268.3        137.2       skip  eager; output=bf16_ipc_a2a; runner_preallocated; timing=mega_kernel_only

Mega %globaltimer phase timestamps (per-iteration maximum across benchmark ranks, then p50/p90 across samples; us)
Method                   Phase                                                             p50        p90
dcp_mega_varlen          kernel_start                                                    0.000      0.000
dcp_mega_varlen          q_allgather_done                                               28.288     29.040
dcp_mega_varlen          attention_done                                                122.400    123.565
dcp_mega_varlen          history_combine_done                                          141.696    142.928
dcp_mega_varlen          publish_done                                                  141.696    142.928
dcp_mega_varlen          receive_done                                                  151.104    188.998
dcp_mega_varlen          final_combine_done                                            158.272    196.890
dcp_mega_varlen          kernel_done                                                   158.608    197.200
dcp_mega_varlen          post_completion/q_done_to_publish_done                        114.272    115.558
dcp_mega_varlen          post_completion/publish_done_to_receive_done                   13.072     50.448
dcp_mega_varlen          post_completion/attention_done_to_history_combine_done         20.176     20.771
dcp_mega_varlen          post_completion/history_combine_done_to_final_combine_done     20.640     58.339
Wrote benchmark JSON to benchmark_logs/experiment_suite/dcp-suite/01_dcp_wave-b-timestamps-20260814-132129/results/arrival_1/dcp_8/critical_wave_auto_lpt/comm_sm_16/case_000037_dcp8_hkv1_eager.json

================================================================================
Mega comm_sm=16, case 39/100: case_000038_dcp8_hkv1: B=9, Sq=[16, 16, 16, 16, 16, 16, 16, 16, 16], Sk=[3091, 11692, 14466, 10251, 5892, 7304, 1912, 9248, 3807], DCP=8, Hkv=1
================================================================================
Config: world_size=8, methods=['dcp_mega_varlen'], QH=32, KVH=1, D=128, TP=8, DCP=8, workload=chunk, execution=eager, baseline_phase_timing=False, warmup=40, iters=60, check=False
Workload: B=9, q_tokens=144, history_tokens=67663, q_seqlens=[16, 16, 16, 16, 16, 16, 16, 16, 16], history_seqlens=[3091, 11692, 14466, 10251, 5892, 7304, 1912, 9248, 3807]
Agg TFLOPS uses useful attention work across all TP ranks and p50(max_across_ranks); Avg/GPU divides it by world_size.
KV GB/s/GPU is average logical BF16 K+V bytes read per TP rank divided by p50(max_across_ranks); it is not hardware-counter HBM traffic.

Running B=9, q_tokens=144, history_tokens=67663, causal=True

B=9, q_tokens=144, history_tokens=67663, QH=32, KVH=1, D=128, TP=8, DCP=8, mode=causal
Method                   Time ms                                                                                                                                     Agg TFLOPS    Avg/GPU  KV GB/s/GPU      Check  Note
dcp_mega_varlen          t0=0.062, t1=0.060, t2=0.060, t3=0.061, t4=0.061, t5=0.062, t6=0.060, t7=0.058 | p50(max_across_ranks)=0.062, p90(max_across_ranks)=0.064        285.3       35.7         70.8       skip  eager; output=bf16_ipc_a2a; runner_preallocated; timing=mega_kernel_only

Mega %globaltimer phase timestamps (per-iteration maximum across benchmark ranks, then p50/p90 across samples; us)
Method                   Phase                                                             p50        p90
dcp_mega_varlen          kernel_start                                                    0.000      0.000
dcp_mega_varlen          q_allgather_done                                                7.504      8.035
dcp_mega_varlen          attention_done                                                 29.600     30.022
dcp_mega_varlen          history_combine_done                                           42.880     43.590
dcp_mega_varlen          publish_done                                                   42.880     43.590
dcp_mega_varlen          receive_done                                                   48.736     50.026
dcp_mega_varlen          final_combine_done                                             54.816     56.582
dcp_mega_varlen          kernel_done                                                    55.136     56.899
dcp_mega_varlen          post_completion/q_done_to_publish_done                         35.824     36.515
dcp_mega_varlen          post_completion/publish_done_to_receive_done                    7.952      9.411
dcp_mega_varlen          post_completion/attention_done_to_history_combine_done         13.632     14.400
dcp_mega_varlen          post_completion/history_combine_done_to_final_combine_done     13.968     15.264
Wrote benchmark JSON to benchmark_logs/experiment_suite/dcp-suite/01_dcp_wave-b-timestamps-20260814-132129/results/arrival_1/dcp_8/critical_wave_auto_lpt/comm_sm_16/case_000038_dcp8_hkv1_eager.json

================================================================================
Mega comm_sm=16, case 40/100: case_000039_dcp8_hkv1: B=7, Sq=[16, 16, 16, 16, 16, 16, 16], Sk=[3161, 11748, 14540, 5957, 7365, 9318, 15579], DCP=8, Hkv=1
================================================================================
Config: world_size=8, methods=['dcp_mega_varlen'], QH=32, KVH=1, D=128, TP=8, DCP=8, workload=chunk, execution=eager, baseline_phase_timing=False, warmup=40, iters=60, check=False
Workload: B=7, q_tokens=112, history_tokens=67668, q_seqlens=[16, 16, 16, 16, 16, 16, 16], history_seqlens=[3161, 11748, 14540, 5957, 7365, 9318, 15579]
Agg TFLOPS uses useful attention work across all TP ranks and p50(max_across_ranks); Avg/GPU divides it by world_size.
KV GB/s/GPU is average logical BF16 K+V bytes read per TP rank divided by p50(max_across_ranks); it is not hardware-counter HBM traffic.

Running B=7, q_tokens=112, history_tokens=67668, causal=True

B=7, q_tokens=112, history_tokens=67668, QH=32, KVH=1, D=128, TP=8, DCP=8, mode=causal
Method                   Time ms                                                                                                                                     Agg TFLOPS    Avg/GPU  KV GB/s/GPU      Check  Note
dcp_mega_varlen          t0=0.063, t1=0.063, t2=0.062, t3=0.064, t4=0.063, t5=0.063, t6=0.063, t7=0.061 | p50(max_across_ranks)=0.064, p90(max_across_ranks)=0.067        276.7       34.6         68.4       skip  eager; output=bf16_ipc_a2a; runner_preallocated; timing=mega_kernel_only

Mega %globaltimer phase timestamps (per-iteration maximum across benchmark ranks, then p50/p90 across samples; us)
Method                   Phase                                                             p50        p90
dcp_mega_varlen          kernel_start                                                    0.000      0.000
dcp_mega_varlen          q_allgather_done                                                6.432      6.624
dcp_mega_varlen          attention_done                                                 32.704     33.152
dcp_mega_varlen          history_combine_done                                           44.368     45.354
dcp_mega_varlen          publish_done                                                   44.368     45.354
dcp_mega_varlen          receive_done                                                   50.528     53.165
dcp_mega_varlen          final_combine_done                                             56.624     59.760
dcp_mega_varlen          kernel_done                                                    56.960     60.080
dcp_mega_varlen          post_completion/q_done_to_publish_done                         38.288     39.200
dcp_mega_varlen          post_completion/publish_done_to_receive_done                    7.616      9.802
dcp_mega_varlen          post_completion/attention_done_to_history_combine_done         12.368     12.995
dcp_mega_varlen          post_completion/history_combine_done_to_final_combine_done     13.632     16.688
Wrote benchmark JSON to benchmark_logs/experiment_suite/dcp-suite/01_dcp_wave-b-timestamps-20260814-132129/results/arrival_1/dcp_8/critical_wave_auto_lpt/comm_sm_16/case_000039_dcp8_hkv1_eager.json

================================================================================
Mega comm_sm=16, case 41/100: case_000040_dcp8_hkv1: B=8, Sq=[16, 16, 16, 16, 16, 16, 16, 16], Sk=[3304, 4610, 20396, 14906, 33412, 16441, 14630, 1881], DCP=8, Hkv=1
================================================================================
Config: world_size=8, methods=['dcp_mega_varlen'], QH=32, KVH=1, D=128, TP=8, DCP=8, workload=chunk, execution=eager, baseline_phase_timing=False, warmup=40, iters=60, check=False
Workload: B=8, q_tokens=128, history_tokens=109580, q_seqlens=[16, 16, 16, 16, 16, 16, 16, 16], history_seqlens=[3304, 4610, 20396, 14906, 33412, 16441, 14630, 1881]
Agg TFLOPS uses useful attention work across all TP ranks and p50(max_across_ranks); Avg/GPU divides it by world_size.
KV GB/s/GPU is average logical BF16 K+V bytes read per TP rank divided by p50(max_across_ranks); it is not hardware-counter HBM traffic.

Running B=8, q_tokens=128, history_tokens=109580, causal=True

B=8, q_tokens=128, history_tokens=109580, QH=32, KVH=1, D=128, TP=8, DCP=8, mode=causal
Method                   Time ms                                                                                                                                     Agg TFLOPS    Avg/GPU  KV GB/s/GPU      Check  Note
dcp_mega_varlen          t0=0.070, t1=0.071, t2=0.069, t3=0.071, t4=0.071, t5=0.071, t6=0.070, t7=0.069 | p50(max_across_ranks)=0.072, p90(max_across_ranks)=0.079        399.9       50.0         98.5       skip  eager; output=bf16_ipc_a2a; runner_preallocated; timing=mega_kernel_only

Mega %globaltimer phase timestamps (per-iteration maximum across benchmark ranks, then p50/p90 across samples; us)
Method                   Phase                                                             p50        p90
dcp_mega_varlen          kernel_start                                                    0.000      0.000
dcp_mega_varlen          q_allgather_done                                                6.944      7.104
dcp_mega_varlen          attention_done                                                 39.744     40.096
dcp_mega_varlen          history_combine_done                                           51.936     52.522
dcp_mega_varlen          publish_done                                                   51.936     52.522
dcp_mega_varlen          receive_done                                                   58.384     64.912
dcp_mega_varlen          final_combine_done                                             64.400     71.584
dcp_mega_varlen          kernel_done                                                    64.672     71.904
dcp_mega_varlen          post_completion/q_done_to_publish_done                         45.280     45.862
dcp_mega_varlen          post_completion/publish_done_to_receive_done                    8.384     14.906
dcp_mega_varlen          post_completion/attention_done_to_history_combine_done         12.608     13.251
dcp_mega_varlen          post_completion/history_combine_done_to_final_combine_done     14.496     21.555
Wrote benchmark JSON to benchmark_logs/experiment_suite/dcp-suite/01_dcp_wave-b-timestamps-20260814-132129/results/arrival_1/dcp_8/critical_wave_auto_lpt/comm_sm_16/case_000040_dcp8_hkv1_eager.json

================================================================================
Mega comm_sm=16, case 42/100: case_000041_dcp8_hkv1: B=9, Sq=[16, 16, 16, 16, 16, 16, 16, 16, 16], Sk=[11061, 2198, 3112, 19649, 3024, 2461, 12330, 4510, 3558], DCP=8, Hkv=1
================================================================================
Config: world_size=8, methods=['dcp_mega_varlen'], QH=32, KVH=1, D=128, TP=8, DCP=8, workload=chunk, execution=eager, baseline_phase_timing=False, warmup=40, iters=60, check=False
Workload: B=9, q_tokens=144, history_tokens=61903, q_seqlens=[16, 16, 16, 16, 16, 16, 16, 16, 16], history_seqlens=[11061, 2198, 3112, 19649, 3024, 2461, 12330, 4510, 3558]
Agg TFLOPS uses useful attention work across all TP ranks and p50(max_across_ranks); Avg/GPU divides it by world_size.
KV GB/s/GPU is average logical BF16 K+V bytes read per TP rank divided by p50(max_across_ranks); it is not hardware-counter HBM traffic.

Running B=9, q_tokens=144, history_tokens=61903, causal=True

B=9, q_tokens=144, history_tokens=61903, QH=32, KVH=1, D=128, TP=8, DCP=8, mode=causal
Method                   Time ms                                                                                                                                     Agg TFLOPS    Avg/GPU  KV GB/s/GPU      Check  Note
dcp_mega_varlen          t0=0.063, t1=0.062, t2=0.062, t3=0.062, t4=0.063, t5=0.063, t6=0.061, t7=0.059 | p50(max_across_ranks)=0.064, p90(max_across_ranks)=0.109        254.6       31.8         63.2       skip  eager; output=bf16_ipc_a2a; runner_preallocated; timing=mega_kernel_only

Mega %globaltimer phase timestamps (per-iteration maximum across benchmark ranks, then p50/p90 across samples; us)
Method                   Phase                                                             p50        p90
dcp_mega_varlen          kernel_start                                                    0.000      0.000
dcp_mega_varlen          q_allgather_done                                                7.424      8.275
dcp_mega_varlen          attention_done                                                 30.880     31.648
dcp_mega_varlen          history_combine_done                                           43.632     44.707
dcp_mega_varlen          publish_done                                                   43.632     44.707
dcp_mega_varlen          receive_done                                                   50.432     94.755
dcp_mega_varlen          final_combine_done                                             56.448    101.331
dcp_mega_varlen          kernel_done                                                    56.768    101.654
dcp_mega_varlen          post_completion/q_done_to_publish_done                         36.640     37.696
dcp_mega_varlen          post_completion/publish_done_to_receive_done                    8.768     53.376
dcp_mega_varlen          post_completion/attention_done_to_history_combine_done         13.008     13.859
dcp_mega_varlen          post_completion/history_combine_done_to_final_combine_done     14.640     59.952
Wrote benchmark JSON to benchmark_logs/experiment_suite/dcp-suite/01_dcp_wave-b-timestamps-20260814-132129/results/arrival_1/dcp_8/critical_wave_auto_lpt/comm_sm_16/case_000041_dcp8_hkv1_eager.json

================================================================================
Mega comm_sm=16, case 43/100: case_000042_dcp8_hkv1: B=13, Sq=[16, 16, 16, 16, 16, 16, 16, 16, 16, 16, 16, 16, 16], Sk=[46692, 99093, 5280, 2927, 92245, 1440, 12538, 27558, 1075, 8138, 12461, 9900, 916], DCP=8, Hkv=1
================================================================================
Config: world_size=8, methods=['dcp_mega_varlen'], QH=32, KVH=1, D=128, TP=8, DCP=8, workload=chunk, execution=eager, baseline_phase_timing=False, warmup=40, iters=60, check=False
Workload: B=13, q_tokens=208, history_tokens=320263, q_seqlens=[16, 16, 16, 16, 16, 16, 16, 16, 16, 16, 16, 16, 16], history_seqlens=[46692, 99093, 5280, 2927, 92245, 1440, 12538, 27558, 1075, 8138, 12461, 9900, 916]
Agg TFLOPS uses useful attention work across all TP ranks and p50(max_across_ranks); Avg/GPU divides it by world_size.
KV GB/s/GPU is average logical BF16 K+V bytes read per TP rank divided by p50(max_across_ranks); it is not hardware-counter HBM traffic.

Running B=13, q_tokens=208, history_tokens=320263, causal=True

B=13, q_tokens=208, history_tokens=320263, QH=32, KVH=1, D=128, TP=8, DCP=8, mode=causal
Method                   Time ms                                                                                                                                     Agg TFLOPS    Avg/GPU  KV GB/s/GPU      Check  Note
dcp_mega_varlen          t0=0.111, t1=0.110, t2=0.110, t3=0.111, t4=0.110, t5=0.111, t6=0.110, t7=0.107 | p50(max_across_ranks)=0.112, p90(max_across_ranks)=0.113        750.7       93.8        184.2       skip  eager; output=bf16_ipc_a2a; runner_preallocated; timing=mega_kernel_only

Mega %globaltimer phase timestamps (per-iteration maximum across benchmark ranks, then p50/p90 across samples; us)
Method                   Phase                                                             p50        p90
dcp_mega_varlen          kernel_start                                                    0.000      0.000
dcp_mega_varlen          q_allgather_done                                               12.016     12.522
dcp_mega_varlen          attention_done                                                 82.496     82.893
dcp_mega_varlen          history_combine_done                                           91.888     92.560
dcp_mega_varlen          publish_done                                                   91.888     92.560
dcp_mega_varlen          receive_done                                                   97.888     98.922
dcp_mega_varlen          final_combine_done                                            104.400    105.450
dcp_mega_varlen          kernel_done                                                   104.672    105.731
dcp_mega_varlen          post_completion/q_done_to_publish_done                         80.464     81.267
dcp_mega_varlen          post_completion/publish_done_to_receive_done                    8.272      9.475
dcp_mega_varlen          post_completion/attention_done_to_history_combine_done          9.952     10.595
dcp_mega_varlen          post_completion/history_combine_done_to_final_combine_done     14.560     15.654
Wrote benchmark JSON to benchmark_logs/experiment_suite/dcp-suite/01_dcp_wave-b-timestamps-20260814-132129/results/arrival_1/dcp_8/critical_wave_auto_lpt/comm_sm_16/case_000042_dcp8_hkv1_eager.json

================================================================================
Mega comm_sm=16, case 44/100: case_000043_dcp8_hkv1: B=19, Sq=[16, 16, 16, 16, 16, 16, 16, 16, 16, 16, 16, 16, 16, 16, 16, 16, 16, 16, 16], Sk=[3980, 6986, 4924, 65729, 2842, 1801, 5125, 2918, 19190, 1473, 25309, 31014, 9606, 4520, 2440, 5162, 24937, 1335, 7417], DCP=8, Hkv=1
================================================================================
Config: world_size=8, methods=['dcp_mega_varlen'], QH=32, KVH=1, D=128, TP=8, DCP=8, workload=chunk, execution=eager, baseline_phase_timing=False, warmup=40, iters=60, check=False
Workload: B=19, q_tokens=304, history_tokens=226708, q_seqlens=[16, 16, 16, 16, 16, 16, 16, 16, 16, 16, 16, 16, 16, 16, 16, 16, 16, 16, 16], history_seqlens=[3980, 6986, 4924, 65729, 2842, 1801, 5125, 2918, 19190, 1473, 25309, 31014, 9606, 4520, 2440, 5162, 24937, 1335, 7417]
Agg TFLOPS uses useful attention work across all TP ranks and p50(max_across_ranks); Avg/GPU divides it by world_size.
KV GB/s/GPU is average logical BF16 K+V bytes read per TP rank divided by p50(max_across_ranks); it is not hardware-counter HBM traffic.

Running B=19, q_tokens=304, history_tokens=226708, causal=True

B=19, q_tokens=304, history_tokens=226708, QH=32, KVH=1, D=128, TP=8, DCP=8, mode=causal
Method                   Time ms                                                                                                                                     Agg TFLOPS    Avg/GPU  KV GB/s/GPU      Check  Note
dcp_mega_varlen          t0=0.094, t1=0.093, t2=0.092, t3=0.093, t4=0.093, t5=0.094, t6=0.094, t7=0.090 | p50(max_across_ranks)=0.095, p90(max_across_ranks)=0.096        627.0       78.4        154.6       skip  eager; output=bf16_ipc_a2a; runner_preallocated; timing=mega_kernel_only

Mega %globaltimer phase timestamps (per-iteration maximum across benchmark ranks, then p50/p90 across samples; us)
Method                   Phase                                                             p50        p90
dcp_mega_varlen          kernel_start                                                    0.000      0.000
dcp_mega_varlen          q_allgather_done                                               12.752     13.184
dcp_mega_varlen          attention_done                                                 62.064     62.598
dcp_mega_varlen          history_combine_done                                           72.304     73.024
dcp_mega_varlen          publish_done                                                   72.304     73.024
dcp_mega_varlen          receive_done                                                   80.704     82.112
dcp_mega_varlen          final_combine_done                                             87.200     88.746
dcp_mega_varlen          kernel_done                                                    87.520     89.069
dcp_mega_varlen          post_completion/q_done_to_publish_done                         60.096     60.618
dcp_mega_varlen          post_completion/publish_done_to_receive_done                   10.544     12.160
dcp_mega_varlen          post_completion/attention_done_to_history_combine_done         10.928     11.818
dcp_mega_varlen          post_completion/history_combine_done_to_final_combine_done     17.056     18.451
Wrote benchmark JSON to benchmark_logs/experiment_suite/dcp-suite/01_dcp_wave-b-timestamps-20260814-132129/results/arrival_1/dcp_8/critical_wave_auto_lpt/comm_sm_16/case_000043_dcp8_hkv1_eager.json

================================================================================
Mega comm_sm=16, case 45/100: case_000044_dcp8_hkv1: B=13, Sq=[16, 16, 16, 16, 16, 16, 16, 16, 16, 16, 16, 16, 456], Sk=[11102, 1907, 19798, 2684, 2810, 7254, 4792, 14773, 2562, 2200, 13124, 11421, 4608], DCP=8, Hkv=1
================================================================================
Config: world_size=8, methods=['dcp_mega_varlen'], QH=32, KVH=1, D=128, TP=8, DCP=8, workload=chunk, execution=eager, baseline_phase_timing=False, warmup=40, iters=60, check=False
Workload: B=13, q_tokens=648, history_tokens=99035, q_seqlens=[16, 16, 16, 16, 16, 16, 16, 16, 16, 16, 16, 16, 456], history_seqlens=[11102, 1907, 19798, 2684, 2810, 7254, 4792, 14773, 2562, 2200, 13124, 11421, 4608]
Agg TFLOPS uses useful attention work across all TP ranks and p50(max_across_ranks); Avg/GPU divides it by world_size.
KV GB/s/GPU is average logical BF16 K+V bytes read per TP rank divided by p50(max_across_ranks); it is not hardware-counter HBM traffic.

Running B=13, q_tokens=648, history_tokens=99035, causal=True

B=13, q_tokens=648, history_tokens=99035, QH=32, KVH=1, D=128, TP=8, DCP=8, mode=causal
Method                   Time ms                                                                                                                                     Agg TFLOPS    Avg/GPU  KV GB/s/GPU      Check  Note
dcp_mega_varlen          t0=0.098, t1=0.097, t2=0.098, t3=0.097, t4=0.097, t5=0.098, t6=0.099, t7=0.095 | p50(max_across_ranks)=0.100, p90(max_across_ranks)=0.101        610.3       76.3         66.8       skip  eager; output=bf16_ipc_a2a; runner_preallocated; timing=mega_kernel_only

Mega %globaltimer phase timestamps (per-iteration maximum across benchmark ranks, then p50/p90 across samples; us)
Method                   Phase                                                             p50        p90
dcp_mega_varlen          kernel_start                                                    0.000      0.000
dcp_mega_varlen          q_allgather_done                                               23.648     24.467
dcp_mega_varlen          attention_done                                                 47.424     48.269
dcp_mega_varlen          history_combine_done                                           67.568     68.944
dcp_mega_varlen          publish_done                                                   67.568     68.944
dcp_mega_varlen          receive_done                                                   84.000     85.619
dcp_mega_varlen          final_combine_done                                             92.272     93.882
dcp_mega_varlen          kernel_done                                                    92.592     94.202
dcp_mega_varlen          post_completion/q_done_to_publish_done                         45.024     45.926
dcp_mega_varlen          post_completion/publish_done_to_receive_done                   19.264     20.771
dcp_mega_varlen          post_completion/attention_done_to_history_combine_done         21.120     22.192
dcp_mega_varlen          post_completion/history_combine_done_to_final_combine_done     27.472     29.418
Wrote benchmark JSON to benchmark_logs/experiment_suite/dcp-suite/01_dcp_wave-b-timestamps-20260814-132129/results/arrival_1/dcp_8/critical_wave_auto_lpt/comm_sm_16/case_000044_dcp8_hkv1_eager.json

================================================================================
Mega comm_sm=16, case 46/100: case_000045_dcp8_hkv1: B=7, Sq=[16, 16, 16, 16, 16, 16, 16], Sk=[5043, 9558, 1921, 12485, 14396, 5178, 5623], DCP=8, Hkv=1
================================================================================
Config: world_size=8, methods=['dcp_mega_varlen'], QH=32, KVH=1, D=128, TP=8, DCP=8, workload=chunk, execution=eager, baseline_phase_timing=False, warmup=40, iters=60, check=False
Workload: B=7, q_tokens=112, history_tokens=54204, q_seqlens=[16, 16, 16, 16, 16, 16, 16], history_seqlens=[5043, 9558, 1921, 12485, 14396, 5178, 5623]
Agg TFLOPS uses useful attention work across all TP ranks and p50(max_across_ranks); Avg/GPU divides it by world_size.
KV GB/s/GPU is average logical BF16 K+V bytes read per TP rank divided by p50(max_across_ranks); it is not hardware-counter HBM traffic.

Running B=7, q_tokens=112, history_tokens=54204, causal=True

B=7, q_tokens=112, history_tokens=54204, QH=32, KVH=1, D=128, TP=8, DCP=8, mode=causal
Method                   Time ms                                                                                                                                     Agg TFLOPS    Avg/GPU  KV GB/s/GPU      Check  Note
dcp_mega_varlen          t0=0.061, t1=0.060, t2=0.058, t3=0.061, t4=0.060, t5=0.061, t6=0.060, t7=0.058 | p50(max_across_ranks)=0.062, p90(max_across_ranks)=0.063        230.7       28.8         57.2       skip  eager; output=bf16_ipc_a2a; runner_preallocated; timing=mega_kernel_only

Mega %globaltimer phase timestamps (per-iteration maximum across benchmark ranks, then p50/p90 across samples; us)
Method                   Phase                                                             p50        p90
dcp_mega_varlen          kernel_start                                                    0.000      0.000
dcp_mega_varlen          q_allgather_done                                                6.464      6.624
dcp_mega_varlen          attention_done                                                 29.952     30.179
dcp_mega_varlen          history_combine_done                                           41.888     42.560
dcp_mega_varlen          publish_done                                                   41.888     42.560
dcp_mega_varlen          receive_done                                                   47.936     49.283
dcp_mega_varlen          final_combine_done                                             53.920     55.747
dcp_mega_varlen          kernel_done                                                    54.240     56.067
dcp_mega_varlen          post_completion/q_done_to_publish_done                         35.808     36.512
dcp_mega_varlen          post_completion/publish_done_to_receive_done                    7.584      8.954
dcp_mega_varlen          post_completion/attention_done_to_history_combine_done         12.416     13.152
dcp_mega_varlen          post_completion/history_combine_done_to_final_combine_done     13.600     15.434
Wrote benchmark JSON to benchmark_logs/experiment_suite/dcp-suite/01_dcp_wave-b-timestamps-20260814-132129/results/arrival_1/dcp_8/critical_wave_auto_lpt/comm_sm_16/case_000045_dcp8_hkv1_eager.json

================================================================================
Mega comm_sm=16, case 47/100: case_000046_dcp8_hkv1: B=6, Sq=[16, 16, 16, 16, 16, 16], Sk=[4859, 4827, 11972, 21219, 9551, 5215], DCP=8, Hkv=1
================================================================================
Config: world_size=8, methods=['dcp_mega_varlen'], QH=32, KVH=1, D=128, TP=8, DCP=8, workload=chunk, execution=eager, baseline_phase_timing=False, warmup=40, iters=60, check=False
Workload: B=6, q_tokens=96, history_tokens=57643, q_seqlens=[16, 16, 16, 16, 16, 16], history_seqlens=[4859, 4827, 11972, 21219, 9551, 5215]
Agg TFLOPS uses useful attention work across all TP ranks and p50(max_across_ranks); Avg/GPU divides it by world_size.
KV GB/s/GPU is average logical BF16 K+V bytes read per TP rank divided by p50(max_across_ranks); it is not hardware-counter HBM traffic.

Running B=6, q_tokens=96, history_tokens=57643, causal=True

B=6, q_tokens=96, history_tokens=57643, QH=32, KVH=1, D=128, TP=8, DCP=8, mode=causal
Method                   Time ms                                                                                                                                     Agg TFLOPS    Avg/GPU  KV GB/s/GPU      Check  Note
dcp_mega_varlen          t0=0.060, t1=0.060, t2=0.058, t3=0.060, t4=0.059, t5=0.059, t6=0.060, t7=0.057 | p50(max_across_ranks)=0.061, p90(max_across_ranks)=0.062        248.7       31.1         61.5       skip  eager; output=bf16_ipc_a2a; runner_preallocated; timing=mega_kernel_only

Mega %globaltimer phase timestamps (per-iteration maximum across benchmark ranks, then p50/p90 across samples; us)
Method                   Phase                                                             p50        p90
dcp_mega_varlen          kernel_start                                                    0.000      0.000
dcp_mega_varlen          q_allgather_done                                                5.952      6.080
dcp_mega_varlen          attention_done                                                 28.208     28.387
dcp_mega_varlen          history_combine_done                                           40.896     41.475
dcp_mega_varlen          publish_done                                                   40.896     41.475
dcp_mega_varlen          receive_done                                                   47.120     48.400
dcp_mega_varlen          final_combine_done                                             53.104     54.310
dcp_mega_varlen          kernel_done                                                    53.440     54.634
dcp_mega_varlen          post_completion/q_done_to_publish_done                         35.184     35.715
dcp_mega_varlen          post_completion/publish_done_to_receive_done                    7.712      9.248
dcp_mega_varlen          post_completion/attention_done_to_history_combine_done         13.120     13.696
dcp_mega_varlen          post_completion/history_combine_done_to_final_combine_done     13.696     15.130
Wrote benchmark JSON to benchmark_logs/experiment_suite/dcp-suite/01_dcp_wave-b-timestamps-20260814-132129/results/arrival_1/dcp_8/critical_wave_auto_lpt/comm_sm_16/case_000046_dcp8_hkv1_eager.json

================================================================================
Mega comm_sm=16, case 48/100: case_000047_dcp8_hkv1: B=9, Sq=[16, 16, 16, 16, 16, 16, 16, 16, 16], Sk=[93753, 1605, 10139, 6044, 15394, 1140, 1011, 970, 5249], DCP=8, Hkv=1
================================================================================
Config: world_size=8, methods=['dcp_mega_varlen'], QH=32, KVH=1, D=128, TP=8, DCP=8, workload=chunk, execution=eager, baseline_phase_timing=False, warmup=40, iters=60, check=False
Workload: B=9, q_tokens=144, history_tokens=135305, q_seqlens=[16, 16, 16, 16, 16, 16, 16, 16, 16], history_seqlens=[93753, 1605, 10139, 6044, 15394, 1140, 1011, 970, 5249]
Agg TFLOPS uses useful attention work across all TP ranks and p50(max_across_ranks); Avg/GPU divides it by world_size.
KV GB/s/GPU is average logical BF16 K+V bytes read per TP rank divided by p50(max_across_ranks); it is not hardware-counter HBM traffic.

Running B=9, q_tokens=144, history_tokens=135305, causal=True

B=9, q_tokens=144, history_tokens=135305, QH=32, KVH=1, D=128, TP=8, DCP=8, mode=causal
Method                   Time ms                                                                                                                                     Agg TFLOPS    Avg/GPU  KV GB/s/GPU      Check  Note
dcp_mega_varlen          t0=0.066, t1=0.064, t2=0.064, t3=0.065, t4=0.064, t5=0.064, t6=0.065, t7=0.062 | p50(max_across_ranks)=0.066, p90(max_across_ranks)=0.067        535.6       67.0        131.8       skip  eager; output=bf16_ipc_a2a; runner_preallocated; timing=mega_kernel_only

Mega %globaltimer phase timestamps (per-iteration maximum across benchmark ranks, then p50/p90 across samples; us)
Method                   Phase                                                             p50        p90
dcp_mega_varlen          kernel_start                                                    0.000      0.000
dcp_mega_varlen          q_allgather_done                                                7.472      7.747
dcp_mega_varlen          attention_done                                                 35.472     35.811
dcp_mega_varlen          history_combine_done                                           46.528     46.915
dcp_mega_varlen          publish_done                                                   46.528     46.915
dcp_mega_varlen          receive_done                                                   52.848     53.869
dcp_mega_varlen          final_combine_done                                             58.592     59.814
dcp_mega_varlen          kernel_done                                                    58.912     60.131
dcp_mega_varlen          post_completion/q_done_to_publish_done                         39.392     39.776
dcp_mega_varlen          post_completion/publish_done_to_receive_done                    8.336      9.696
dcp_mega_varlen          post_completion/attention_done_to_history_combine_done         11.440     12.000
dcp_mega_varlen          post_completion/history_combine_done_to_final_combine_done     14.192     15.651
Wrote benchmark JSON to benchmark_logs/experiment_suite/dcp-suite/01_dcp_wave-b-timestamps-20260814-132129/results/arrival_1/dcp_8/critical_wave_auto_lpt/comm_sm_16/case_000047_dcp8_hkv1_eager.json

================================================================================
Mega comm_sm=16, case 49/100: case_000048_dcp8_hkv1: B=10, Sq=[16, 16, 16, 16, 16, 16, 16, 16, 16, 16], Sk=[2288, 2353, 15819, 16831, 1089, 5741, 7977, 14548, 2419, 925], DCP=8, Hkv=1
================================================================================
Config: world_size=8, methods=['dcp_mega_varlen'], QH=32, KVH=1, D=128, TP=8, DCP=8, workload=chunk, execution=eager, baseline_phase_timing=False, warmup=40, iters=60, check=False
Workload: B=10, q_tokens=160, history_tokens=69990, q_seqlens=[16, 16, 16, 16, 16, 16, 16, 16, 16, 16], history_seqlens=[2288, 2353, 15819, 16831, 1089, 5741, 7977, 14548, 2419, 925]
Agg TFLOPS uses useful attention work across all TP ranks and p50(max_across_ranks); Avg/GPU divides it by world_size.
KV GB/s/GPU is average logical BF16 K+V bytes read per TP rank divided by p50(max_across_ranks); it is not hardware-counter HBM traffic.

Running B=10, q_tokens=160, history_tokens=69990, causal=True

B=10, q_tokens=160, history_tokens=69990, QH=32, KVH=1, D=128, TP=8, DCP=8, mode=causal
Method                   Time ms                                                                                                                                     Agg TFLOPS    Avg/GPU  KV GB/s/GPU      Check  Note
dcp_mega_varlen          t0=0.068, t1=0.068, t2=0.066, t3=0.068, t4=0.067, t5=0.068, t6=0.066, t7=0.064 | p50(max_across_ranks)=0.069, p90(max_across_ranks)=0.070        268.1       33.5         66.6       skip  eager; output=bf16_ipc_a2a; runner_preallocated; timing=mega_kernel_only

Mega %globaltimer phase timestamps (per-iteration maximum across benchmark ranks, then p50/p90 across samples; us)
Method                   Phase                                                             p50        p90
dcp_mega_varlen          kernel_start                                                    0.000      0.000
dcp_mega_varlen          q_allgather_done                                                8.288      8.704
dcp_mega_varlen          attention_done                                                 35.936     36.288
dcp_mega_varlen          history_combine_done                                           47.600     48.803
dcp_mega_varlen          publish_done                                                   47.600     48.803
dcp_mega_varlen          receive_done                                                   54.080     55.552
dcp_mega_varlen          final_combine_done                                             61.040     62.243
dcp_mega_varlen          kernel_done                                                    61.392     62.595
dcp_mega_varlen          post_completion/q_done_to_publish_done                         39.888     41.286
dcp_mega_varlen          post_completion/publish_done_to_receive_done                    8.544     10.125
dcp_mega_varlen          post_completion/attention_done_to_history_combine_done         12.192     13.203
dcp_mega_varlen          post_completion/history_combine_done_to_final_combine_done     15.600     17.283
Wrote benchmark JSON to benchmark_logs/experiment_suite/dcp-suite/01_dcp_wave-b-timestamps-20260814-132129/results/arrival_1/dcp_8/critical_wave_auto_lpt/comm_sm_16/case_000048_dcp8_hkv1_eager.json

================================================================================
Mega comm_sm=16, case 50/100: case_000049_dcp8_hkv1: B=12, Sq=[16, 16, 16, 16, 16, 16, 16, 16, 16, 16, 16, 16], Sk=[1663, 2874, 53471, 3412, 1136, 5736, 7780, 2693, 8369, 11684, 1576, 13179], DCP=8, Hkv=1
================================================================================
Config: world_size=8, methods=['dcp_mega_varlen'], QH=32, KVH=1, D=128, TP=8, DCP=8, workload=chunk, execution=eager, baseline_phase_timing=False, warmup=40, iters=60, check=False
Workload: B=12, q_tokens=192, history_tokens=113573, q_seqlens=[16, 16, 16, 16, 16, 16, 16, 16, 16, 16, 16, 16], history_seqlens=[1663, 2874, 53471, 3412, 1136, 5736, 7780, 2693, 8369, 11684, 1576, 13179]
Agg TFLOPS uses useful attention work across all TP ranks and p50(max_across_ranks); Avg/GPU divides it by world_size.
KV GB/s/GPU is average logical BF16 K+V bytes read per TP rank divided by p50(max_across_ranks); it is not hardware-counter HBM traffic.

Running B=12, q_tokens=192, history_tokens=113573, causal=True

B=12, q_tokens=192, history_tokens=113573, QH=32, KVH=1, D=128, TP=8, DCP=8, mode=causal
Method                   Time ms                                                                                                                                     Agg TFLOPS    Avg/GPU  KV GB/s/GPU      Check  Note
dcp_mega_varlen          t0=0.069, t1=0.070, t2=0.069, t3=0.071, t4=0.070, t5=0.070, t6=0.069, t7=0.068 | p50(max_across_ranks)=0.071, p90(max_across_ranks)=0.072        419.9       52.5        103.8       skip  eager; output=bf16_ipc_a2a; runner_preallocated; timing=mega_kernel_only

Mega %globaltimer phase timestamps (per-iteration maximum across benchmark ranks, then p50/p90 across samples; us)
Method                   Phase                                                             p50        p90
dcp_mega_varlen          kernel_start                                                    0.000      0.000
dcp_mega_varlen          q_allgather_done                                                9.392      9.632
dcp_mega_varlen          attention_done                                                 40.320     40.704
dcp_mega_varlen          history_combine_done                                           51.232     52.032
dcp_mega_varlen          publish_done                                                   51.232     52.032
dcp_mega_varlen          receive_done                                                   57.360     58.250
dcp_mega_varlen          final_combine_done                                             63.248     64.163
dcp_mega_varlen          kernel_done                                                    63.536     64.422
dcp_mega_varlen          post_completion/q_done_to_publish_done                         42.336     42.928
dcp_mega_varlen          post_completion/publish_done_to_receive_done                    8.224      9.389
dcp_mega_varlen          post_completion/attention_done_to_history_combine_done         11.424     12.003
dcp_mega_varlen          post_completion/history_combine_done_to_final_combine_done     14.112     15.363
Wrote benchmark JSON to benchmark_logs/experiment_suite/dcp-suite/01_dcp_wave-b-timestamps-20260814-132129/results/arrival_1/dcp_8/critical_wave_auto_lpt/comm_sm_16/case_000049_dcp8_hkv1_eager.json

================================================================================
Mega comm_sm=16, case 51/100: case_000050_dcp8_hkv1: B=4, Sq=[16, 16, 16, 16], Sk=[8861, 16140, 24958, 31913], DCP=8, Hkv=1
================================================================================
Config: world_size=8, methods=['dcp_mega_varlen'], QH=32, KVH=1, D=128, TP=8, DCP=8, workload=chunk, execution=eager, baseline_phase_timing=False, warmup=40, iters=60, check=False
Workload: B=4, q_tokens=64, history_tokens=81872, q_seqlens=[16, 16, 16, 16], history_seqlens=[8861, 16140, 24958, 31913]
Agg TFLOPS uses useful attention work across all TP ranks and p50(max_across_ranks); Avg/GPU divides it by world_size.
KV GB/s/GPU is average logical BF16 K+V bytes read per TP rank divided by p50(max_across_ranks); it is not hardware-counter HBM traffic.

Running B=4, q_tokens=64, history_tokens=81872, causal=True

B=4, q_tokens=64, history_tokens=81872, QH=32, KVH=1, D=128, TP=8, DCP=8, mode=causal
Method                   Time ms                                                                                                                                     Agg TFLOPS    Avg/GPU  KV GB/s/GPU      Check  Note
dcp_mega_varlen          t0=0.065, t1=0.064, t2=0.064, t3=0.065, t4=0.064, t5=0.064, t6=0.065, t7=0.061 | p50(max_across_ranks)=0.066, p90(max_across_ranks)=0.067        325.7       40.7         80.0       skip  eager; output=bf16_ipc_a2a; runner_preallocated; timing=mega_kernel_only

Mega %globaltimer phase timestamps (per-iteration maximum across benchmark ranks, then p50/p90 across samples; us)
Method                   Phase                                                             p50        p90
dcp_mega_varlen          kernel_start                                                    0.000      0.000
dcp_mega_varlen          q_allgather_done                                                5.280      5.408
dcp_mega_varlen          attention_done                                                 33.744     33.888
dcp_mega_varlen          history_combine_done                                           46.176     46.912
dcp_mega_varlen          publish_done                                                   46.176     46.912
dcp_mega_varlen          receive_done                                                   51.968     53.526
dcp_mega_varlen          final_combine_done                                             58.224     59.622
dcp_mega_varlen          kernel_done                                                    58.576     59.974
dcp_mega_varlen          post_completion/q_done_to_publish_done                         41.120     41.834
dcp_mega_varlen          post_completion/publish_done_to_receive_done                    8.240     10.051
dcp_mega_varlen          post_completion/attention_done_to_history_combine_done         12.800     13.482
dcp_mega_varlen          post_completion/history_combine_done_to_final_combine_done     14.224     16.202
Wrote benchmark JSON to benchmark_logs/experiment_suite/dcp-suite/01_dcp_wave-b-timestamps-20260814-132129/results/arrival_1/dcp_8/critical_wave_auto_lpt/comm_sm_16/case_000050_dcp8_hkv1_eager.json

================================================================================
Mega comm_sm=16, case 52/100: case_000051_dcp8_hkv1: B=10, Sq=[16, 16, 16, 16, 16, 16, 16, 16, 16, 16], Sk=[13090, 9854, 2404, 1384, 18871, 1729, 3451, 5381, 7908, 6644], DCP=8, Hkv=1
================================================================================
Config: world_size=8, methods=['dcp_mega_varlen'], QH=32, KVH=1, D=128, TP=8, DCP=8, workload=chunk, execution=eager, baseline_phase_timing=False, warmup=40, iters=60, check=False
Workload: B=10, q_tokens=160, history_tokens=70716, q_seqlens=[16, 16, 16, 16, 16, 16, 16, 16, 16, 16], history_seqlens=[13090, 9854, 2404, 1384, 18871, 1729, 3451, 5381, 7908, 6644]
Agg TFLOPS uses useful attention work across all TP ranks and p50(max_across_ranks); Avg/GPU divides it by world_size.
KV GB/s/GPU is average logical BF16 K+V bytes read per TP rank divided by p50(max_across_ranks); it is not hardware-counter HBM traffic.

Running B=10, q_tokens=160, history_tokens=70716, causal=True

B=10, q_tokens=160, history_tokens=70716, QH=32, KVH=1, D=128, TP=8, DCP=8, mode=causal
Method                   Time ms                                                                                                                                     Agg TFLOPS    Avg/GPU  KV GB/s/GPU      Check  Note
dcp_mega_varlen          t0=0.063, t1=0.063, t2=0.062, t3=0.063, t4=0.062, t5=0.063, t6=0.063, t7=0.060 | p50(max_across_ranks)=0.064, p90(max_across_ranks)=0.065        290.4       36.3         72.1       skip  eager; output=bf16_ipc_a2a; runner_preallocated; timing=mega_kernel_only

Mega %globaltimer phase timestamps (per-iteration maximum across benchmark ranks, then p50/p90 across samples; us)
Method                   Phase                                                             p50        p90
dcp_mega_varlen          kernel_start                                                    0.000      0.000
dcp_mega_varlen          q_allgather_done                                                8.304      8.515
dcp_mega_varlen          attention_done                                                 31.680     32.714
dcp_mega_varlen          history_combine_done                                           44.752     45.542
dcp_mega_varlen          publish_done                                                   44.752     45.542
dcp_mega_varlen          receive_done                                                   50.480     51.642
dcp_mega_varlen          final_combine_done                                             56.432     57.638
dcp_mega_varlen          kernel_done                                                    56.768     57.958
dcp_mega_varlen          post_completion/q_done_to_publish_done                         36.864     37.683
dcp_mega_varlen          post_completion/publish_done_to_receive_done                    8.304     10.019
dcp_mega_varlen          post_completion/attention_done_to_history_combine_done         13.488     14.243
dcp_mega_varlen          post_completion/history_combine_done_to_final_combine_done     13.888     16.163
Wrote benchmark JSON to benchmark_logs/experiment_suite/dcp-suite/01_dcp_wave-b-timestamps-20260814-132129/results/arrival_1/dcp_8/critical_wave_auto_lpt/comm_sm_16/case_000051_dcp8_hkv1_eager.json

================================================================================
Mega comm_sm=16, case 53/100: case_000052_dcp8_hkv1: B=6, Sq=[16, 16, 16, 16, 16, 16], Sk=[22079, 3793, 10389, 9643, 11090, 22232], DCP=8, Hkv=1
================================================================================
Config: world_size=8, methods=['dcp_mega_varlen'], QH=32, KVH=1, D=128, TP=8, DCP=8, workload=chunk, execution=eager, baseline_phase_timing=False, warmup=40, iters=60, check=False
Workload: B=6, q_tokens=96, history_tokens=79226, q_seqlens=[16, 16, 16, 16, 16, 16], history_seqlens=[22079, 3793, 10389, 9643, 11090, 22232]
Agg TFLOPS uses useful attention work across all TP ranks and p50(max_across_ranks); Avg/GPU divides it by world_size.
KV GB/s/GPU is average logical BF16 K+V bytes read per TP rank divided by p50(max_across_ranks); it is not hardware-counter HBM traffic.

Running B=6, q_tokens=96, history_tokens=79226, causal=True

B=6, q_tokens=96, history_tokens=79226, QH=32, KVH=1, D=128, TP=8, DCP=8, mode=causal
Method                   Time ms                                                                                                                                     Agg TFLOPS    Avg/GPU  KV GB/s/GPU      Check  Note
dcp_mega_varlen          t0=0.070, t1=0.071, t2=0.069, t3=0.070, t4=0.070, t5=0.071, t6=0.070, t7=0.067 | p50(max_across_ranks)=0.071, p90(max_across_ranks)=0.073        291.1       36.4         71.7       skip  eager; output=bf16_ipc_a2a; runner_preallocated; timing=mega_kernel_only

Mega %globaltimer phase timestamps (per-iteration maximum across benchmark ranks, then p50/p90 across samples; us)
Method                   Phase                                                             p50        p90
dcp_mega_varlen          kernel_start                                                    0.000      0.000
dcp_mega_varlen          q_allgather_done                                                5.936      6.176
dcp_mega_varlen          attention_done                                                 41.568     41.920
dcp_mega_varlen          history_combine_done                                           51.360     51.779
dcp_mega_varlen          publish_done                                                   51.360     51.779
dcp_mega_varlen          receive_done                                                   57.504     58.640
dcp_mega_varlen          final_combine_done                                             64.272     65.360
dcp_mega_varlen          kernel_done                                                    64.608     65.709
dcp_mega_varlen          post_completion/q_done_to_publish_done                         45.552     46.115
dcp_mega_varlen          post_completion/publish_done_to_receive_done                    8.352     10.413
dcp_mega_varlen          post_completion/attention_done_to_history_combine_done         10.080     10.666
dcp_mega_varlen          post_completion/history_combine_done_to_final_combine_done     14.944     16.954
Wrote benchmark JSON to benchmark_logs/experiment_suite/dcp-suite/01_dcp_wave-b-timestamps-20260814-132129/results/arrival_1/dcp_8/critical_wave_auto_lpt/comm_sm_16/case_000052_dcp8_hkv1_eager.json

================================================================================
Mega comm_sm=16, case 54/100: case_000053_dcp8_hkv1: B=11, Sq=[16, 16, 16, 16, 16, 16, 16, 16, 16, 16, 16], Sk=[15600, 4771, 5987, 4915, 11518, 29856, 16469, 20321, 14695, 4618, 13577], DCP=8, Hkv=1
================================================================================
Config: world_size=8, methods=['dcp_mega_varlen'], QH=32, KVH=1, D=128, TP=8, DCP=8, workload=chunk, execution=eager, baseline_phase_timing=False, warmup=40, iters=60, check=False
Workload: B=11, q_tokens=176, history_tokens=142327, q_seqlens=[16, 16, 16, 16, 16, 16, 16, 16, 16, 16, 16], history_seqlens=[15600, 4771, 5987, 4915, 11518, 29856, 16469, 20321, 14695, 4618, 13577]
Agg TFLOPS uses useful attention work across all TP ranks and p50(max_across_ranks); Avg/GPU divides it by world_size.
KV GB/s/GPU is average logical BF16 K+V bytes read per TP rank divided by p50(max_across_ranks); it is not hardware-counter HBM traffic.

Running B=11, q_tokens=176, history_tokens=142327, causal=True

B=11, q_tokens=176, history_tokens=142327, QH=32, KVH=1, D=128, TP=8, DCP=8, mode=causal
Method                   Time ms                                                                                                                                     Agg TFLOPS    Avg/GPU  KV GB/s/GPU      Check  Note
dcp_mega_varlen          t0=0.076, t1=0.076, t2=0.074, t3=0.075, t4=0.075, t5=0.075, t6=0.075, t7=0.073 | p50(max_across_ranks)=0.076, p90(max_across_ranks)=0.078        488.1       61.0        120.3       skip  eager; output=bf16_ipc_a2a; runner_preallocated; timing=mega_kernel_only

Mega %globaltimer phase timestamps (per-iteration maximum across benchmark ranks, then p50/p90 across samples; us)
Method                   Phase                                                             p50        p90
dcp_mega_varlen          kernel_start                                                    0.000      0.000
dcp_mega_varlen          q_allgather_done                                                8.864      9.088
dcp_mega_varlen          attention_done                                                 41.888     42.218
dcp_mega_varlen          history_combine_done                                           56.320     57.030
dcp_mega_varlen          publish_done                                                   56.320     57.030
dcp_mega_varlen          receive_done                                                   62.448     63.088
dcp_mega_varlen          final_combine_done                                             68.720     69.568
dcp_mega_varlen          kernel_done                                                    69.056     69.888
dcp_mega_varlen          post_completion/q_done_to_publish_done                         47.936     48.710
dcp_mega_varlen          post_completion/publish_done_to_receive_done                    8.480      9.683
dcp_mega_varlen          post_completion/attention_done_to_history_combine_done         15.168     15.590
dcp_mega_varlen          post_completion/history_combine_done_to_final_combine_done     14.816     15.952
Wrote benchmark JSON to benchmark_logs/experiment_suite/dcp-suite/01_dcp_wave-b-timestamps-20260814-132129/results/arrival_1/dcp_8/critical_wave_auto_lpt/comm_sm_16/case_000053_dcp8_hkv1_eager.json

================================================================================
Mega comm_sm=16, case 55/100: case_000054_dcp8_hkv1: B=8, Sq=[16, 16, 16, 16, 16, 16, 16, 616], Sk=[1398, 7165, 6767, 24497, 4352, 1593, 3169, 1536], DCP=8, Hkv=1
================================================================================
Config: world_size=8, methods=['dcp_mega_varlen'], QH=32, KVH=1, D=128, TP=8, DCP=8, workload=chunk, execution=eager, baseline_phase_timing=False, warmup=40, iters=60, check=False
Workload: B=8, q_tokens=728, history_tokens=50477, q_seqlens=[16, 16, 16, 16, 16, 16, 16, 616], history_seqlens=[1398, 7165, 6767, 24497, 4352, 1593, 3169, 1536]
Agg TFLOPS uses useful attention work across all TP ranks and p50(max_across_ranks); Avg/GPU divides it by world_size.
KV GB/s/GPU is average logical BF16 K+V bytes read per TP rank divided by p50(max_across_ranks); it is not hardware-counter HBM traffic.

Running B=8, q_tokens=728, history_tokens=50477, causal=True

B=8, q_tokens=728, history_tokens=50477, QH=32, KVH=1, D=128, TP=8, DCP=8, mode=causal
Method                   Time ms                                                                                                                                     Agg TFLOPS    Avg/GPU  KV GB/s/GPU      Check  Note
dcp_mega_varlen          t0=0.103, t1=0.102, t2=0.102, t3=0.103, t4=0.102, t5=0.102, t6=0.103, t7=0.100 | p50(max_across_ranks)=0.105, p90(max_across_ranks)=0.109        300.4       37.5         34.4       skip  eager; output=bf16_ipc_a2a; runner_preallocated; timing=mega_kernel_only

Mega %globaltimer phase timestamps (per-iteration maximum across benchmark ranks, then p50/p90 across samples; us)
Method                   Phase                                                             p50        p90
dcp_mega_varlen          kernel_start                                                    0.000      0.000
dcp_mega_varlen          q_allgather_done                                               24.480     25.350
dcp_mega_varlen          attention_done                                                 52.624     53.811
dcp_mega_varlen          history_combine_done                                           71.456     73.075
dcp_mega_varlen          publish_done                                                   71.456     73.075
dcp_mega_varlen          receive_done                                                   89.472     94.179
dcp_mega_varlen          final_combine_done                                             96.912    102.198
dcp_mega_varlen          kernel_done                                                    97.216    102.550
dcp_mega_varlen          post_completion/q_done_to_publish_done                         47.824     49.280
dcp_mega_varlen          post_completion/publish_done_to_receive_done                   20.800     26.659
dcp_mega_varlen          post_completion/attention_done_to_history_combine_done         19.632     20.768
dcp_mega_varlen          post_completion/history_combine_done_to_final_combine_done     28.416     34.448
Wrote benchmark JSON to benchmark_logs/experiment_suite/dcp-suite/01_dcp_wave-b-timestamps-20260814-132129/results/arrival_1/dcp_8/critical_wave_auto_lpt/comm_sm_16/case_000054_dcp8_hkv1_eager.json

================================================================================
Mega comm_sm=16, case 56/100: case_000055_dcp8_hkv1: B=5, Sq=[16, 16, 16, 16, 16], Sk=[14878, 9621, 2315, 10974, 1100], DCP=8, Hkv=1
================================================================================
Config: world_size=8, methods=['dcp_mega_varlen'], QH=32, KVH=1, D=128, TP=8, DCP=8, workload=chunk, execution=eager, baseline_phase_timing=False, warmup=40, iters=60, check=False
Workload: B=5, q_tokens=80, history_tokens=38888, q_seqlens=[16, 16, 16, 16, 16], history_seqlens=[14878, 9621, 2315, 10974, 1100]
Agg TFLOPS uses useful attention work across all TP ranks and p50(max_across_ranks); Avg/GPU divides it by world_size.
KV GB/s/GPU is average logical BF16 K+V bytes read per TP rank divided by p50(max_across_ranks); it is not hardware-counter HBM traffic.

Running B=5, q_tokens=80, history_tokens=38888, causal=True

B=5, q_tokens=80, history_tokens=38888, QH=32, KVH=1, D=128, TP=8, DCP=8, mode=causal
Method                   Time ms                                                                                                                                     Agg TFLOPS    Avg/GPU  KV GB/s/GPU      Check  Note
dcp_mega_varlen          t0=0.058, t1=0.059, t2=0.058, t3=0.059, t4=0.059, t5=0.060, t6=0.059, t7=0.056 | p50(max_across_ranks)=0.060, p90(max_across_ranks)=0.063        169.5       21.2         42.0       skip  eager; output=bf16_ipc_a2a; runner_preallocated; timing=mega_kernel_only

Mega %globaltimer phase timestamps (per-iteration maximum across benchmark ranks, then p50/p90 across samples; us)
Method                   Phase                                                             p50        p90
dcp_mega_varlen          kernel_start                                                    0.000      0.000
dcp_mega_varlen          q_allgather_done                                                5.696      5.824
dcp_mega_varlen          attention_done                                                 26.592     26.784
dcp_mega_varlen          history_combine_done                                           40.432     41.411
dcp_mega_varlen          publish_done                                                   40.432     41.411
dcp_mega_varlen          receive_done                                                   47.216     49.715
dcp_mega_varlen          final_combine_done                                             53.136     55.430
dcp_mega_varlen          kernel_done                                                    53.456     55.750
dcp_mega_varlen          post_completion/q_done_to_publish_done                         35.104     36.035
dcp_mega_varlen          post_completion/publish_done_to_receive_done                    8.704     11.136
dcp_mega_varlen          post_completion/attention_done_to_history_combine_done         14.528     15.248
dcp_mega_varlen          post_completion/history_combine_done_to_final_combine_done     14.784     17.187
Wrote benchmark JSON to benchmark_logs/experiment_suite/dcp-suite/01_dcp_wave-b-timestamps-20260814-132129/results/arrival_1/dcp_8/critical_wave_auto_lpt/comm_sm_16/case_000055_dcp8_hkv1_eager.json

================================================================================
Mega comm_sm=16, case 57/100: case_000056_dcp8_hkv1: B=7, Sq=[16, 16, 16, 16, 16, 16, 16], Sk=[10754, 22303, 21052, 31849, 18058, 5316, 2288], DCP=8, Hkv=1
================================================================================
Config: world_size=8, methods=['dcp_mega_varlen'], QH=32, KVH=1, D=128, TP=8, DCP=8, workload=chunk, execution=eager, baseline_phase_timing=False, warmup=40, iters=60, check=False
Workload: B=7, q_tokens=112, history_tokens=111620, q_seqlens=[16, 16, 16, 16, 16, 16, 16], history_seqlens=[10754, 22303, 21052, 31849, 18058, 5316, 2288]
Agg TFLOPS uses useful attention work across all TP ranks and p50(max_across_ranks); Avg/GPU divides it by world_size.
KV GB/s/GPU is average logical BF16 K+V bytes read per TP rank divided by p50(max_across_ranks); it is not hardware-counter HBM traffic.

Running B=7, q_tokens=112, history_tokens=111620, causal=True

B=7, q_tokens=112, history_tokens=111620, QH=32, KVH=1, D=128, TP=8, DCP=8, mode=causal
Method                   Time ms                                                                                                                                     Agg TFLOPS    Avg/GPU  KV GB/s/GPU      Check  Note
dcp_mega_varlen          t0=0.074, t1=0.073, t2=0.073, t3=0.074, t4=0.073, t5=0.073, t6=0.073, t7=0.071 | p50(max_across_ranks)=0.074, p90(max_across_ranks)=0.082        393.2       49.1         96.7       skip  eager; output=bf16_ipc_a2a; runner_preallocated; timing=mega_kernel_only

Mega %globaltimer phase timestamps (per-iteration maximum across benchmark ranks, then p50/p90 across samples; us)
Method                   Phase                                                             p50        p90
dcp_mega_varlen          kernel_start                                                    0.000      0.000
dcp_mega_varlen          q_allgather_done                                                6.608      6.723
dcp_mega_varlen          attention_done                                                 42.208     42.438
dcp_mega_varlen          history_combine_done                                           54.528     55.206
dcp_mega_varlen          publish_done                                                   54.528     55.206
dcp_mega_varlen          receive_done                                                   60.816     69.101
dcp_mega_varlen          final_combine_done                                             66.704     74.957
dcp_mega_varlen          kernel_done                                                    67.024     75.194
dcp_mega_varlen          post_completion/q_done_to_publish_done                         48.256     48.899
dcp_mega_varlen          post_completion/publish_done_to_receive_done                    7.664     15.126
dcp_mega_varlen          post_completion/attention_done_to_history_combine_done         12.912     13.408
dcp_mega_varlen          post_completion/history_combine_done_to_final_combine_done     13.840     20.982
Wrote benchmark JSON to benchmark_logs/experiment_suite/dcp-suite/01_dcp_wave-b-timestamps-20260814-132129/results/arrival_1/dcp_8/critical_wave_auto_lpt/comm_sm_16/case_000056_dcp8_hkv1_eager.json

================================================================================
Mega comm_sm=16, case 58/100: case_000057_dcp8_hkv1: B=8, Sq=[16, 16, 16, 16, 16, 16, 16, 16], Sk=[19200, 48158, 8257, 7464, 10078, 4215, 6080, 1212], DCP=8, Hkv=1
================================================================================
Config: world_size=8, methods=['dcp_mega_varlen'], QH=32, KVH=1, D=128, TP=8, DCP=8, workload=chunk, execution=eager, baseline_phase_timing=False, warmup=40, iters=60, check=False
Workload: B=8, q_tokens=128, history_tokens=104664, q_seqlens=[16, 16, 16, 16, 16, 16, 16, 16], history_seqlens=[19200, 48158, 8257, 7464, 10078, 4215, 6080, 1212]
Agg TFLOPS uses useful attention work across all TP ranks and p50(max_across_ranks); Avg/GPU divides it by world_size.
KV GB/s/GPU is average logical BF16 K+V bytes read per TP rank divided by p50(max_across_ranks); it is not hardware-counter HBM traffic.

Running B=8, q_tokens=128, history_tokens=104664, causal=True

B=8, q_tokens=128, history_tokens=104664, QH=32, KVH=1, D=128, TP=8, DCP=8, mode=causal
Method                   Time ms                                                                                                                                     Agg TFLOPS    Avg/GPU  KV GB/s/GPU      Check  Note
dcp_mega_varlen          t0=0.069, t1=0.068, t2=0.068, t3=0.070, t4=0.069, t5=0.069, t6=0.068, t7=0.066 | p50(max_across_ranks)=0.070, p90(max_across_ranks)=0.071        391.6       48.9         96.5       skip  eager; output=bf16_ipc_a2a; runner_preallocated; timing=mega_kernel_only

Mega %globaltimer phase timestamps (per-iteration maximum across benchmark ranks, then p50/p90 across samples; us)
Method                   Phase                                                             p50        p90
dcp_mega_varlen          kernel_start                                                    0.000      0.000
dcp_mega_varlen          q_allgather_done                                                6.928      7.174
dcp_mega_varlen          attention_done                                                 38.848     39.171
dcp_mega_varlen          history_combine_done                                           50.656     51.203
dcp_mega_varlen          publish_done                                                   50.656     51.203
dcp_mega_varlen          receive_done                                                   56.544     57.926
dcp_mega_varlen          final_combine_done                                             62.720     63.568
dcp_mega_varlen          kernel_done                                                    63.008     63.888
dcp_mega_varlen          post_completion/q_done_to_publish_done                         44.096     44.707
dcp_mega_varlen          post_completion/publish_done_to_receive_done                    8.560      9.779
dcp_mega_varlen          post_completion/attention_done_to_history_combine_done         12.384     13.066
dcp_mega_varlen          post_completion/history_combine_done_to_final_combine_done     14.624     16.038
Wrote benchmark JSON to benchmark_logs/experiment_suite/dcp-suite/01_dcp_wave-b-timestamps-20260814-132129/results/arrival_1/dcp_8/critical_wave_auto_lpt/comm_sm_16/case_000057_dcp8_hkv1_eager.json

================================================================================
Mega comm_sm=16, case 59/100: case_000058_dcp8_hkv1: B=8, Sq=[16, 16, 16, 16, 16, 16, 16, 16], Sk=[3244, 2082, 5398, 1762, 1817, 1448, 8679, 44699], DCP=8, Hkv=1
================================================================================
Config: world_size=8, methods=['dcp_mega_varlen'], QH=32, KVH=1, D=128, TP=8, DCP=8, workload=chunk, execution=eager, baseline_phase_timing=False, warmup=40, iters=60, check=False
Workload: B=8, q_tokens=128, history_tokens=69129, q_seqlens=[16, 16, 16, 16, 16, 16, 16, 16], history_seqlens=[3244, 2082, 5398, 1762, 1817, 1448, 8679, 44699]
Agg TFLOPS uses useful attention work across all TP ranks and p50(max_across_ranks); Avg/GPU divides it by world_size.
KV GB/s/GPU is average logical BF16 K+V bytes read per TP rank divided by p50(max_across_ranks); it is not hardware-counter HBM traffic.

Running B=8, q_tokens=128, history_tokens=69129, causal=True

B=8, q_tokens=128, history_tokens=69129, QH=32, KVH=1, D=128, TP=8, DCP=8, mode=causal
Method                   Time ms                                                                                                                                     Agg TFLOPS    Avg/GPU  KV GB/s/GPU      Check  Note
dcp_mega_varlen          t0=0.059, t1=0.060, t2=0.059, t3=0.061, t4=0.060, t5=0.060, t6=0.060, t7=0.058 | p50(max_across_ranks)=0.061, p90(max_across_ranks)=0.063        297.2       37.1         73.6       skip  eager; output=bf16_ipc_a2a; runner_preallocated; timing=mega_kernel_only

Mega %globaltimer phase timestamps (per-iteration maximum across benchmark ranks, then p50/p90 across samples; us)
Method                   Phase                                                             p50        p90
dcp_mega_varlen          kernel_start                                                    0.000      0.000
dcp_mega_varlen          q_allgather_done                                                6.832      7.011
dcp_mega_varlen          attention_done                                                 29.712     29.984
dcp_mega_varlen          history_combine_done                                           41.808     42.592
dcp_mega_varlen          publish_done                                                   41.808     42.592
dcp_mega_varlen          receive_done                                                   47.616     49.152
dcp_mega_varlen          final_combine_done                                             53.584     55.075
dcp_mega_varlen          kernel_done                                                    53.872     55.366
dcp_mega_varlen          post_completion/q_done_to_publish_done                         35.200     35.939
dcp_mega_varlen          post_completion/publish_done_to_receive_done                    7.888      9.661
dcp_mega_varlen          post_completion/attention_done_to_history_combine_done         12.560     13.184
dcp_mega_varlen          post_completion/history_combine_done_to_final_combine_done     14.048     15.651
Wrote benchmark JSON to benchmark_logs/experiment_suite/dcp-suite/01_dcp_wave-b-timestamps-20260814-132129/results/arrival_1/dcp_8/critical_wave_auto_lpt/comm_sm_16/case_000058_dcp8_hkv1_eager.json

================================================================================
Mega comm_sm=16, case 60/100: case_000059_dcp8_hkv1: B=8, Sq=[16, 16, 16, 16, 16, 16, 16, 4096], Sk=[6089, 25323, 7445, 7274, 14399, 1576, 2074, 12800], DCP=8, Hkv=1
================================================================================
Config: world_size=8, methods=['dcp_mega_varlen'], QH=32, KVH=1, D=128, TP=8, DCP=8, workload=chunk, execution=eager, baseline_phase_timing=False, warmup=40, iters=60, check=False
Workload: B=8, q_tokens=4208, history_tokens=76980, q_seqlens=[16, 16, 16, 16, 16, 16, 16, 4096], history_seqlens=[6089, 25323, 7445, 7274, 14399, 1576, 2074, 12800]
Agg TFLOPS uses useful attention work across all TP ranks and p50(max_across_ranks); Avg/GPU divides it by world_size.
KV GB/s/GPU is average logical BF16 K+V bytes read per TP rank divided by p50(max_across_ranks); it is not hardware-counter HBM traffic.

Running B=8, q_tokens=4208, history_tokens=76980, causal=True

B=8, q_tokens=4208, history_tokens=76980, QH=32, KVH=1, D=128, TP=8, DCP=8, mode=causal
Method                   Time ms                                                                                                                                     Agg TFLOPS    Avg/GPU  KV GB/s/GPU      Check  Note
dcp_mega_varlen          t0=0.475, t1=0.475, t2=0.475, t3=0.479, t4=0.474, t5=0.478, t6=0.477, t7=0.474 | p50(max_across_ranks)=0.484, p90(max_across_ranks)=0.491       2093.6      261.7         14.6       skip  eager; output=bf16_ipc_a2a; runner_preallocated; timing=mega_kernel_only

Mega %globaltimer phase timestamps (per-iteration maximum across benchmark ranks, then p50/p90 across samples; us)
Method                   Phase                                                             p50        p90
dcp_mega_varlen          kernel_start                                                    0.000      0.000
dcp_mega_varlen          q_allgather_done                                              116.880    120.291
dcp_mega_varlen          attention_done                                                252.480    253.667
dcp_mega_varlen          history_combine_done                                          374.240    375.459
dcp_mega_varlen          publish_done                                                  374.240    375.459
dcp_mega_varlen          receive_done                                                  450.128    457.651
dcp_mega_varlen          final_combine_done                                            475.600    482.621
dcp_mega_varlen          kernel_done                                                   475.872    482.858
dcp_mega_varlen          post_completion/q_done_to_publish_done                        264.448    267.408
dcp_mega_varlen          post_completion/publish_done_to_receive_done                   78.928     85.830
dcp_mega_varlen          post_completion/attention_done_to_history_combine_done        122.976    123.875
dcp_mega_varlen          post_completion/history_combine_done_to_final_combine_done    103.744    110.941
Wrote benchmark JSON to benchmark_logs/experiment_suite/dcp-suite/01_dcp_wave-b-timestamps-20260814-132129/results/arrival_1/dcp_8/critical_wave_auto_lpt/comm_sm_16/case_000059_dcp8_hkv1_eager.json

================================================================================
Mega comm_sm=16, case 61/100: case_000060_dcp8_hkv1: B=13, Sq=[16, 16, 16, 16, 16, 16, 16, 16, 16, 16, 16, 16, 16], Sk=[1506, 1436, 13666, 5306, 3605, 7767, 4537, 3352, 14920, 13577, 32892, 6117, 968], DCP=8, Hkv=1
================================================================================
Config: world_size=8, methods=['dcp_mega_varlen'], QH=32, KVH=1, D=128, TP=8, DCP=8, workload=chunk, execution=eager, baseline_phase_timing=False, warmup=40, iters=60, check=False
Workload: B=13, q_tokens=208, history_tokens=109649, q_seqlens=[16, 16, 16, 16, 16, 16, 16, 16, 16, 16, 16, 16, 16], history_seqlens=[1506, 1436, 13666, 5306, 3605, 7767, 4537, 3352, 14920, 13577, 32892, 6117, 968]
Agg TFLOPS uses useful attention work across all TP ranks and p50(max_across_ranks); Avg/GPU divides it by world_size.
KV GB/s/GPU is average logical BF16 K+V bytes read per TP rank divided by p50(max_across_ranks); it is not hardware-counter HBM traffic.

Running B=13, q_tokens=208, history_tokens=109649, causal=True

B=13, q_tokens=208, history_tokens=109649, QH=32, KVH=1, D=128, TP=8, DCP=8, mode=causal
Method                   Time ms                                                                                                                                     Agg TFLOPS    Avg/GPU  KV GB/s/GPU      Check  Note
dcp_mega_varlen          t0=0.071, t1=0.070, t2=0.069, t3=0.071, t4=0.070, t5=0.071, t6=0.070, t7=0.066 | p50(max_across_ranks)=0.072, p90(max_across_ranks)=0.077        401.2       50.2         99.3       skip  eager; output=bf16_ipc_a2a; runner_preallocated; timing=mega_kernel_only

Mega %globaltimer phase timestamps (per-iteration maximum across benchmark ranks, then p50/p90 across samples; us)
Method                   Phase                                                             p50        p90
dcp_mega_varlen          kernel_start                                                    0.000      0.000
dcp_mega_varlen          q_allgather_done                                               11.952     12.672
dcp_mega_varlen          attention_done                                                 40.064     40.736
dcp_mega_varlen          history_combine_done                                           51.360     52.013
dcp_mega_varlen          publish_done                                                   51.360     52.013
dcp_mega_varlen          receive_done                                                   57.376     62.525
dcp_mega_varlen          final_combine_done                                             63.872     69.504
dcp_mega_varlen          kernel_done                                                    64.192     69.853
dcp_mega_varlen          post_completion/q_done_to_publish_done                         40.064     40.832
dcp_mega_varlen          post_completion/publish_done_to_receive_done                    8.352     14.915
dcp_mega_varlen          post_completion/attention_done_to_history_combine_done         12.112     12.736
dcp_mega_varlen          post_completion/history_combine_done_to_final_combine_done     14.960     21.744
Wrote benchmark JSON to benchmark_logs/experiment_suite/dcp-suite/01_dcp_wave-b-timestamps-20260814-132129/results/arrival_1/dcp_8/critical_wave_auto_lpt/comm_sm_16/case_000060_dcp8_hkv1_eager.json

================================================================================
Mega comm_sm=16, case 62/100: case_000061_dcp8_hkv1: B=7, Sq=[16, 16, 16, 16, 16, 16, 16], Sk=[3743, 20732, 9086, 1333, 1841, 5197, 13474], DCP=8, Hkv=1
================================================================================
Config: world_size=8, methods=['dcp_mega_varlen'], QH=32, KVH=1, D=128, TP=8, DCP=8, workload=chunk, execution=eager, baseline_phase_timing=False, warmup=40, iters=60, check=False
Workload: B=7, q_tokens=112, history_tokens=55406, q_seqlens=[16, 16, 16, 16, 16, 16, 16], history_seqlens=[3743, 20732, 9086, 1333, 1841, 5197, 13474]
Agg TFLOPS uses useful attention work across all TP ranks and p50(max_across_ranks); Avg/GPU divides it by world_size.
KV GB/s/GPU is average logical BF16 K+V bytes read per TP rank divided by p50(max_across_ranks); it is not hardware-counter HBM traffic.

Running B=7, q_tokens=112, history_tokens=55406, causal=True

B=7, q_tokens=112, history_tokens=55406, QH=32, KVH=1, D=128, TP=8, DCP=8, mode=causal
Method                   Time ms                                                                                                                                     Agg TFLOPS    Avg/GPU  KV GB/s/GPU      Check  Note
dcp_mega_varlen          t0=0.063, t1=0.061, t2=0.061, t3=0.062, t4=0.061, t5=0.062, t6=0.062, t7=0.058 | p50(max_across_ranks)=0.063, p90(max_across_ranks)=0.065        229.8       28.7         56.9       skip  eager; output=bf16_ipc_a2a; runner_preallocated; timing=mega_kernel_only

Mega %globaltimer phase timestamps (per-iteration maximum across benchmark ranks, then p50/p90 across samples; us)
Method                   Phase                                                             p50        p90
dcp_mega_varlen          kernel_start                                                    0.000      0.000
dcp_mega_varlen          q_allgather_done                                                6.432      6.624
dcp_mega_varlen          attention_done                                                 31.392     31.715
dcp_mega_varlen          history_combine_done                                           43.232     44.195
dcp_mega_varlen          publish_done                                                   43.232     44.195
dcp_mega_varlen          receive_done                                                   49.712     51.123
dcp_mega_varlen          final_combine_done                                             55.760     57.331
dcp_mega_varlen          kernel_done                                                    56.096     57.683
dcp_mega_varlen          post_completion/q_done_to_publish_done                         37.104     37.894
dcp_mega_varlen          post_completion/publish_done_to_receive_done                    8.400     10.323
dcp_mega_varlen          post_completion/attention_done_to_history_combine_done         12.464     13.258
dcp_mega_varlen          post_completion/history_combine_done_to_final_combine_done     14.592     16.582
Wrote benchmark JSON to benchmark_logs/experiment_suite/dcp-suite/01_dcp_wave-b-timestamps-20260814-132129/results/arrival_1/dcp_8/critical_wave_auto_lpt/comm_sm_16/case_000061_dcp8_hkv1_eager.json

================================================================================
Mega comm_sm=16, case 63/100: case_000062_dcp8_hkv1: B=7, Sq=[16, 16, 16, 16, 16, 16, 16], Sk=[4387, 11763, 48591, 17436, 3589, 2146, 1121], DCP=8, Hkv=1
================================================================================
Config: world_size=8, methods=['dcp_mega_varlen'], QH=32, KVH=1, D=128, TP=8, DCP=8, workload=chunk, execution=eager, baseline_phase_timing=False, warmup=40, iters=60, check=False
Workload: B=7, q_tokens=112, history_tokens=89033, q_seqlens=[16, 16, 16, 16, 16, 16, 16], history_seqlens=[4387, 11763, 48591, 17436, 3589, 2146, 1121]
Agg TFLOPS uses useful attention work across all TP ranks and p50(max_across_ranks); Avg/GPU divides it by world_size.
KV GB/s/GPU is average logical BF16 K+V bytes read per TP rank divided by p50(max_across_ranks); it is not hardware-counter HBM traffic.

Running B=7, q_tokens=112, history_tokens=89033, causal=True

B=7, q_tokens=112, history_tokens=89033, QH=32, KVH=1, D=128, TP=8, DCP=8, mode=causal
Method                   Time ms                                                                                                                                     Agg TFLOPS    Avg/GPU  KV GB/s/GPU      Check  Note
dcp_mega_varlen          t0=0.068, t1=0.067, t2=0.066, t3=0.067, t4=0.067, t5=0.067, t6=0.067, t7=0.064 | p50(max_across_ranks)=0.068, p90(max_across_ranks)=0.069        342.5       42.8         84.4       skip  eager; output=bf16_ipc_a2a; runner_preallocated; timing=mega_kernel_only

Mega %globaltimer phase timestamps (per-iteration maximum across benchmark ranks, then p50/p90 across samples; us)
Method                   Phase                                                             p50        p90
dcp_mega_varlen          kernel_start                                                    0.000      0.000
dcp_mega_varlen          q_allgather_done                                                6.368      6.595
dcp_mega_varlen          attention_done                                                 36.736     37.056
dcp_mega_varlen          history_combine_done                                           48.752     49.254
dcp_mega_varlen          publish_done                                                   48.752     49.254
dcp_mega_varlen          receive_done                                                   54.368     55.523
dcp_mega_varlen          final_combine_done                                             60.464     61.581
dcp_mega_varlen          kernel_done                                                    60.784     61.898
dcp_mega_varlen          post_completion/q_done_to_publish_done                         42.592     43.114
dcp_mega_varlen          post_completion/publish_done_to_receive_done                    7.616      9.267
dcp_mega_varlen          post_completion/attention_done_to_history_combine_done         12.464     13.123
dcp_mega_varlen          post_completion/history_combine_done_to_final_combine_done     13.808     15.651
Wrote benchmark JSON to benchmark_logs/experiment_suite/dcp-suite/01_dcp_wave-b-timestamps-20260814-132129/results/arrival_1/dcp_8/critical_wave_auto_lpt/comm_sm_16/case_000062_dcp8_hkv1_eager.json

================================================================================
Mega comm_sm=16, case 64/100: case_000063_dcp8_hkv1: B=8, Sq=[16, 16, 16, 16, 16, 16, 16, 16], Sk=[8734, 2194, 34780, 4364, 13675, 1744, 9701, 2967], DCP=8, Hkv=1
================================================================================
Config: world_size=8, methods=['dcp_mega_varlen'], QH=32, KVH=1, D=128, TP=8, DCP=8, workload=chunk, execution=eager, baseline_phase_timing=False, warmup=40, iters=60, check=False
Workload: B=8, q_tokens=128, history_tokens=78159, q_seqlens=[16, 16, 16, 16, 16, 16, 16, 16], history_seqlens=[8734, 2194, 34780, 4364, 13675, 1744, 9701, 2967]
Agg TFLOPS uses useful attention work across all TP ranks and p50(max_across_ranks); Avg/GPU divides it by world_size.
KV GB/s/GPU is average logical BF16 K+V bytes read per TP rank divided by p50(max_across_ranks); it is not hardware-counter HBM traffic.

Running B=8, q_tokens=128, history_tokens=78159, causal=True

B=8, q_tokens=128, history_tokens=78159, QH=32, KVH=1, D=128, TP=8, DCP=8, mode=causal
Method                   Time ms                                                                                                                                     Agg TFLOPS    Avg/GPU  KV GB/s/GPU      Check  Note
dcp_mega_varlen          t0=0.064, t1=0.063, t2=0.062, t3=0.064, t4=0.063, t5=0.064, t6=0.063, t7=0.061 | p50(max_across_ranks)=0.065, p90(max_across_ranks)=0.073        316.5       39.6         78.2       skip  eager; output=bf16_ipc_a2a; runner_preallocated; timing=mega_kernel_only

Mega %globaltimer phase timestamps (per-iteration maximum across benchmark ranks, then p50/p90 across samples; us)
Method                   Phase                                                             p50        p90
dcp_mega_varlen          kernel_start                                                    0.000      0.000
dcp_mega_varlen          q_allgather_done                                                6.944      7.168
dcp_mega_varlen          attention_done                                                 32.224     32.576
dcp_mega_varlen          history_combine_done                                           44.720     45.366
dcp_mega_varlen          publish_done                                                   44.720     45.366
dcp_mega_varlen          receive_done                                                   51.152     59.971
dcp_mega_varlen          final_combine_done                                             57.232     66.176
dcp_mega_varlen          kernel_done                                                    57.568     66.499
dcp_mega_varlen          post_completion/q_done_to_publish_done                         38.048     38.752
dcp_mega_varlen          post_completion/publish_done_to_receive_done                    7.984     16.899
dcp_mega_varlen          post_completion/attention_done_to_history_combine_done         13.056     13.638
dcp_mega_varlen          post_completion/history_combine_done_to_final_combine_done     14.384     23.683
Wrote benchmark JSON to benchmark_logs/experiment_suite/dcp-suite/01_dcp_wave-b-timestamps-20260814-132129/results/arrival_1/dcp_8/critical_wave_auto_lpt/comm_sm_16/case_000063_dcp8_hkv1_eager.json

================================================================================
Mega comm_sm=16, case 65/100: case_000064_dcp8_hkv1: B=7, Sq=[16, 16, 16, 16, 16, 16, 16], Sk=[5362, 1350, 18594, 2622, 16046, 20440, 2642], DCP=8, Hkv=1
================================================================================
Config: world_size=8, methods=['dcp_mega_varlen'], QH=32, KVH=1, D=128, TP=8, DCP=8, workload=chunk, execution=eager, baseline_phase_timing=False, warmup=40, iters=60, check=False
Workload: B=7, q_tokens=112, history_tokens=67056, q_seqlens=[16, 16, 16, 16, 16, 16, 16], history_seqlens=[5362, 1350, 18594, 2622, 16046, 20440, 2642]
Agg TFLOPS uses useful attention work across all TP ranks and p50(max_across_ranks); Avg/GPU divides it by world_size.
KV GB/s/GPU is average logical BF16 K+V bytes read per TP rank divided by p50(max_across_ranks); it is not hardware-counter HBM traffic.

Running B=7, q_tokens=112, history_tokens=67056, causal=True

B=7, q_tokens=112, history_tokens=67056, QH=32, KVH=1, D=128, TP=8, DCP=8, mode=causal
Method                   Time ms                                                                                                                                     Agg TFLOPS    Avg/GPU  KV GB/s/GPU      Check  Note
dcp_mega_varlen          t0=0.070, t1=0.069, t2=0.069, t3=0.070, t4=0.070, t5=0.069, t6=0.070, t7=0.068 | p50(max_across_ranks)=0.070, p90(max_across_ranks)=0.071        249.6       31.2         61.7       skip  eager; output=bf16_ipc_a2a; runner_preallocated; timing=mega_kernel_only

Mega %globaltimer phase timestamps (per-iteration maximum across benchmark ranks, then p50/p90 across samples; us)
Method                   Phase                                                             p50        p90
dcp_mega_varlen          kernel_start                                                    0.000      0.000
dcp_mega_varlen          q_allgather_done                                                6.464      6.659
dcp_mega_varlen          attention_done                                                 39.536     39.936
dcp_mega_varlen          history_combine_done                                           50.368     50.976
dcp_mega_varlen          publish_done                                                   50.368     50.976
dcp_mega_varlen          receive_done                                                   56.608     57.760
dcp_mega_varlen          final_combine_done                                             63.328     64.323
dcp_mega_varlen          kernel_done                                                    63.648     64.614
dcp_mega_varlen          post_completion/q_done_to_publish_done                         44.320     44.710
dcp_mega_varlen          post_completion/publish_done_to_receive_done                    8.064      9.264
dcp_mega_varlen          post_completion/attention_done_to_history_combine_done         11.536     11.981
dcp_mega_varlen          post_completion/history_combine_done_to_final_combine_done     14.784     15.750
Wrote benchmark JSON to benchmark_logs/experiment_suite/dcp-suite/01_dcp_wave-b-timestamps-20260814-132129/results/arrival_1/dcp_8/critical_wave_auto_lpt/comm_sm_16/case_000064_dcp8_hkv1_eager.json

================================================================================
Mega comm_sm=16, case 66/100: case_000065_dcp8_hkv1: B=9, Sq=[16, 16, 16, 16, 16, 16, 16, 16, 400], Sk=[2085, 14196, 2563, 19769, 1251, 2519, 8897, 4113, 512], DCP=8, Hkv=1
================================================================================
Config: world_size=8, methods=['dcp_mega_varlen'], QH=32, KVH=1, D=128, TP=8, DCP=8, workload=chunk, execution=eager, baseline_phase_timing=False, warmup=40, iters=60, check=False
Workload: B=9, q_tokens=528, history_tokens=55905, q_seqlens=[16, 16, 16, 16, 16, 16, 16, 16, 400], history_seqlens=[2085, 14196, 2563, 19769, 1251, 2519, 8897, 4113, 512]
Agg TFLOPS uses useful attention work across all TP ranks and p50(max_across_ranks); Avg/GPU divides it by world_size.
KV GB/s/GPU is average logical BF16 K+V bytes read per TP rank divided by p50(max_across_ranks); it is not hardware-counter HBM traffic.

Running B=9, q_tokens=528, history_tokens=55905, causal=True

B=9, q_tokens=528, history_tokens=55905, QH=32, KVH=1, D=128, TP=8, DCP=8, mode=causal
Method                   Time ms                                                                                                                                     Agg TFLOPS    Avg/GPU  KV GB/s/GPU      Check  Note
dcp_mega_varlen          t0=0.083, t1=0.083, t2=0.083, t3=0.083, t4=0.083, t5=0.083, t6=0.084, t7=0.080 | p50(max_across_ranks)=0.085, p90(max_across_ranks)=0.086        226.7       28.3         45.4       skip  eager; output=bf16_ipc_a2a; runner_preallocated; timing=mega_kernel_only

Mega %globaltimer phase timestamps (per-iteration maximum across benchmark ranks, then p50/p90 across samples; us)
Method                   Phase                                                             p50        p90
dcp_mega_varlen          kernel_start                                                    0.000      0.000
dcp_mega_varlen          q_allgather_done                                               18.560     19.331
dcp_mega_varlen          attention_done                                                 46.512     46.960
dcp_mega_varlen          history_combine_done                                           60.048     60.800
dcp_mega_varlen          publish_done                                                   60.048     60.800
dcp_mega_varlen          receive_done                                                   69.536     71.123
dcp_mega_varlen          final_combine_done                                             76.992     78.224
dcp_mega_varlen          kernel_done                                                    77.296     78.573
dcp_mega_varlen          post_completion/q_done_to_publish_done                         42.096     42.947
dcp_mega_varlen          post_completion/publish_done_to_receive_done                   11.856     13.162
dcp_mega_varlen          post_completion/attention_done_to_history_combine_done         14.560     14.925
dcp_mega_varlen          post_completion/history_combine_done_to_final_combine_done     19.152     20.646
Wrote benchmark JSON to benchmark_logs/experiment_suite/dcp-suite/01_dcp_wave-b-timestamps-20260814-132129/results/arrival_1/dcp_8/critical_wave_auto_lpt/comm_sm_16/case_000065_dcp8_hkv1_eager.json

================================================================================
Mega comm_sm=16, case 67/100: case_000066_dcp8_hkv1: B=11, Sq=[16, 16, 16, 16, 16, 16, 16, 16, 16, 16, 16], Sk=[14568, 3614, 4265, 9629, 16227, 2672, 5902, 14321, 12905, 8894, 1462], DCP=8, Hkv=1
================================================================================
Config: world_size=8, methods=['dcp_mega_varlen'], QH=32, KVH=1, D=128, TP=8, DCP=8, workload=chunk, execution=eager, baseline_phase_timing=False, warmup=40, iters=60, check=False
Workload: B=11, q_tokens=176, history_tokens=94459, q_seqlens=[16, 16, 16, 16, 16, 16, 16, 16, 16, 16, 16], history_seqlens=[14568, 3614, 4265, 9629, 16227, 2672, 5902, 14321, 12905, 8894, 1462]
Agg TFLOPS uses useful attention work across all TP ranks and p50(max_across_ranks); Avg/GPU divides it by world_size.
KV GB/s/GPU is average logical BF16 K+V bytes read per TP rank divided by p50(max_across_ranks); it is not hardware-counter HBM traffic.

Running B=11, q_tokens=176, history_tokens=94459, causal=True

B=11, q_tokens=176, history_tokens=94459, QH=32, KVH=1, D=128, TP=8, DCP=8, mode=causal
Method                   Time ms                                                                                                                                     Agg TFLOPS    Avg/GPU  KV GB/s/GPU      Check  Note
dcp_mega_varlen          t0=0.069, t1=0.068, t2=0.067, t3=0.069, t4=0.068, t5=0.069, t6=0.068, t7=0.066 | p50(max_across_ranks)=0.070, p90(max_across_ranks)=0.081        354.0       44.3         87.6       skip  eager; output=bf16_ipc_a2a; runner_preallocated; timing=mega_kernel_only

Mega %globaltimer phase timestamps (per-iteration maximum across benchmark ranks, then p50/p90 across samples; us)
Method                   Phase                                                             p50        p90
dcp_mega_varlen          kernel_start                                                    0.000      0.000
dcp_mega_varlen          q_allgather_done                                                8.896      9.126
dcp_mega_varlen          attention_done                                                 36.624     36.995
dcp_mega_varlen          history_combine_done                                           49.088     49.699
dcp_mega_varlen          publish_done                                                   49.088     49.699
dcp_mega_varlen          receive_done                                                   55.376     66.435
dcp_mega_varlen          final_combine_done                                             62.384     73.363
dcp_mega_varlen          kernel_done                                                    62.640     73.597
dcp_mega_varlen          post_completion/q_done_to_publish_done                         40.656     41.610
dcp_mega_varlen          post_completion/publish_done_to_receive_done                    9.008     18.794
dcp_mega_varlen          post_completion/attention_done_to_history_combine_done         13.248     13.824
dcp_mega_varlen          post_completion/history_combine_done_to_final_combine_done     15.680     25.798
Wrote benchmark JSON to benchmark_logs/experiment_suite/dcp-suite/01_dcp_wave-b-timestamps-20260814-132129/results/arrival_1/dcp_8/critical_wave_auto_lpt/comm_sm_16/case_000066_dcp8_hkv1_eager.json

================================================================================
Mega comm_sm=16, case 68/100: case_000067_dcp8_hkv1: B=8, Sq=[16, 16, 16, 16, 16, 16, 16, 16], Sk=[2647, 16728, 1254, 4958, 7694, 1263, 1908, 2364], DCP=8, Hkv=1
================================================================================
Config: world_size=8, methods=['dcp_mega_varlen'], QH=32, KVH=1, D=128, TP=8, DCP=8, workload=chunk, execution=eager, baseline_phase_timing=False, warmup=40, iters=60, check=False
Workload: B=8, q_tokens=128, history_tokens=38816, q_seqlens=[16, 16, 16, 16, 16, 16, 16, 16], history_seqlens=[2647, 16728, 1254, 4958, 7694, 1263, 1908, 2364]
Agg TFLOPS uses useful attention work across all TP ranks and p50(max_across_ranks); Avg/GPU divides it by world_size.
KV GB/s/GPU is average logical BF16 K+V bytes read per TP rank divided by p50(max_across_ranks); it is not hardware-counter HBM traffic.

Running B=8, q_tokens=128, history_tokens=38816, causal=True

B=8, q_tokens=128, history_tokens=38816, QH=32, KVH=1, D=128, TP=8, DCP=8, mode=causal
Method                   Time ms                                                                                                                                     Agg TFLOPS    Avg/GPU  KV GB/s/GPU      Check  Note
dcp_mega_varlen          t0=0.055, t1=0.055, t2=0.055, t3=0.056, t4=0.055, t5=0.056, t6=0.056, t7=0.054 | p50(max_across_ranks)=0.057, p90(max_across_ranks)=0.058        180.1       22.5         45.0       skip  eager; output=bf16_ipc_a2a; runner_preallocated; timing=mega_kernel_only

Mega %globaltimer phase timestamps (per-iteration maximum across benchmark ranks, then p50/p90 across samples; us)
Method                   Phase                                                             p50        p90
dcp_mega_varlen          kernel_start                                                    0.000      0.000
dcp_mega_varlen          q_allgather_done                                                6.976      7.171
dcp_mega_varlen          attention_done                                                 25.728     25.984
dcp_mega_varlen          history_combine_done                                           37.536     38.176
dcp_mega_varlen          publish_done                                                   37.536     38.176
dcp_mega_varlen          receive_done                                                   43.424     44.368
dcp_mega_varlen          final_combine_done                                             49.520     50.630
dcp_mega_varlen          kernel_done                                                    49.840     50.950
dcp_mega_varlen          post_completion/q_done_to_publish_done                         30.896     31.488
dcp_mega_varlen          post_completion/publish_done_to_receive_done                    7.712      9.421
dcp_mega_varlen          post_completion/attention_done_to_history_combine_done         12.352     12.899
dcp_mega_varlen          post_completion/history_combine_done_to_final_combine_done     13.744     15.491
Wrote benchmark JSON to benchmark_logs/experiment_suite/dcp-suite/01_dcp_wave-b-timestamps-20260814-132129/results/arrival_1/dcp_8/critical_wave_auto_lpt/comm_sm_16/case_000067_dcp8_hkv1_eager.json

================================================================================
Mega comm_sm=16, case 69/100: case_000068_dcp8_hkv1: B=10, Sq=[16, 16, 16, 16, 16, 16, 16, 16, 16, 16], Sk=[10637, 15331, 8481, 4844, 15971, 1085, 6729, 18439, 20854, 23058], DCP=8, Hkv=1
================================================================================
Config: world_size=8, methods=['dcp_mega_varlen'], QH=32, KVH=1, D=128, TP=8, DCP=8, workload=chunk, execution=eager, baseline_phase_timing=False, warmup=40, iters=60, check=False
Workload: B=10, q_tokens=160, history_tokens=125429, q_seqlens=[16, 16, 16, 16, 16, 16, 16, 16, 16, 16], history_seqlens=[10637, 15331, 8481, 4844, 15971, 1085, 6729, 18439, 20854, 23058]
Agg TFLOPS uses useful attention work across all TP ranks and p50(max_across_ranks); Avg/GPU divides it by world_size.
KV GB/s/GPU is average logical BF16 K+V bytes read per TP rank divided by p50(max_across_ranks); it is not hardware-counter HBM traffic.

Running B=10, q_tokens=160, history_tokens=125429, causal=True

B=10, q_tokens=160, history_tokens=125429, QH=32, KVH=1, D=128, TP=8, DCP=8, mode=causal
Method                   Time ms                                                                                                                                     Agg TFLOPS    Avg/GPU  KV GB/s/GPU      Check  Note
dcp_mega_varlen          t0=0.075, t1=0.077, t2=0.075, t3=0.076, t4=0.075, t5=0.075, t6=0.075, t7=0.073 | p50(max_across_ranks)=0.077, p90(max_across_ranks)=0.083        427.4       53.4        105.3       skip  eager; output=bf16_ipc_a2a; runner_preallocated; timing=mega_kernel_only

Mega %globaltimer phase timestamps (per-iteration maximum across benchmark ranks, then p50/p90 across samples; us)
Method                   Phase                                                             p50        p90
dcp_mega_varlen          kernel_start                                                    0.000      0.000
dcp_mega_varlen          q_allgather_done                                                8.000      8.672
dcp_mega_varlen          attention_done                                                 44.800     45.123
dcp_mega_varlen          history_combine_done                                           56.560     57.219
dcp_mega_varlen          publish_done                                                   56.560     57.219
dcp_mega_varlen          receive_done                                                   62.928     67.357
dcp_mega_varlen          final_combine_done                                             69.264     74.179
dcp_mega_varlen          kernel_done                                                    69.584     74.490
dcp_mega_varlen          post_completion/q_done_to_publish_done                         48.928     49.568
dcp_mega_varlen          post_completion/publish_done_to_receive_done                    8.560     13.158
dcp_mega_varlen          post_completion/attention_done_to_history_combine_done         12.384     12.931
dcp_mega_varlen          post_completion/history_combine_done_to_final_combine_done     14.960     19.434
Wrote benchmark JSON to benchmark_logs/experiment_suite/dcp-suite/01_dcp_wave-b-timestamps-20260814-132129/results/arrival_1/dcp_8/critical_wave_auto_lpt/comm_sm_16/case_000068_dcp8_hkv1_eager.json

================================================================================
Mega comm_sm=16, case 70/100: case_000069_dcp8_hkv1: B=5, Sq=[16, 16, 16, 16, 16], Sk=[3323, 11331, 40589, 58538, 6431], DCP=8, Hkv=1
================================================================================
Config: world_size=8, methods=['dcp_mega_varlen'], QH=32, KVH=1, D=128, TP=8, DCP=8, workload=chunk, execution=eager, baseline_phase_timing=False, warmup=40, iters=60, check=False
Workload: B=5, q_tokens=80, history_tokens=120212, q_seqlens=[16, 16, 16, 16, 16], history_seqlens=[3323, 11331, 40589, 58538, 6431]
Agg TFLOPS uses useful attention work across all TP ranks and p50(max_across_ranks); Avg/GPU divides it by world_size.
KV GB/s/GPU is average logical BF16 K+V bytes read per TP rank divided by p50(max_across_ranks); it is not hardware-counter HBM traffic.

Running B=5, q_tokens=80, history_tokens=120212, causal=True

B=5, q_tokens=80, history_tokens=120212, QH=32, KVH=1, D=128, TP=8, DCP=8, mode=causal
Method                   Time ms                                                                                                                                     Agg TFLOPS    Avg/GPU  KV GB/s/GPU      Check  Note
dcp_mega_varlen          t0=0.070, t1=0.069, t2=0.070, t3=0.071, t4=0.070, t5=0.071, t6=0.070, t7=0.068 | p50(max_across_ranks)=0.072, p90(max_across_ranks)=0.077        439.3       54.9        107.8       skip  eager; output=bf16_ipc_a2a; runner_preallocated; timing=mega_kernel_only

Mega %globaltimer phase timestamps (per-iteration maximum across benchmark ranks, then p50/p90 across samples; us)
Method                   Phase                                                             p50        p90
dcp_mega_varlen          kernel_start                                                    0.000      0.000
dcp_mega_varlen          q_allgather_done                                                5.632      5.760
dcp_mega_varlen          attention_done                                                 40.560     40.800
dcp_mega_varlen          history_combine_done                                           52.000     52.835
dcp_mega_varlen          publish_done                                                   52.000     52.835
dcp_mega_varlen          receive_done                                                   57.792     62.512
dcp_mega_varlen          final_combine_done                                             64.224     69.123
dcp_mega_varlen          kernel_done                                                    64.576     69.475
dcp_mega_varlen          post_completion/q_done_to_publish_done                         46.656     47.558
dcp_mega_varlen          post_completion/publish_done_to_receive_done                    8.192     13.146
dcp_mega_varlen          post_completion/attention_done_to_history_combine_done         11.968     12.739
dcp_mega_varlen          post_completion/history_combine_done_to_final_combine_done     14.400     19.440
Wrote benchmark JSON to benchmark_logs/experiment_suite/dcp-suite/01_dcp_wave-b-timestamps-20260814-132129/results/arrival_1/dcp_8/critical_wave_auto_lpt/comm_sm_16/case_000069_dcp8_hkv1_eager.json

================================================================================
Mega comm_sm=16, case 71/100: case_000070_dcp8_hkv1: B=10, Sq=[16, 16, 16, 16, 16, 16, 16, 16, 16, 16], Sk=[3256, 15600, 3515, 2941, 1156, 1152, 4543, 1008, 3080, 11947], DCP=8, Hkv=1
================================================================================
Config: world_size=8, methods=['dcp_mega_varlen'], QH=32, KVH=1, D=128, TP=8, DCP=8, workload=chunk, execution=eager, baseline_phase_timing=False, warmup=40, iters=60, check=False
Workload: B=10, q_tokens=160, history_tokens=48198, q_seqlens=[16, 16, 16, 16, 16, 16, 16, 16, 16, 16], history_seqlens=[3256, 15600, 3515, 2941, 1156, 1152, 4543, 1008, 3080, 11947]
Agg TFLOPS uses useful attention work across all TP ranks and p50(max_across_ranks); Avg/GPU divides it by world_size.
KV GB/s/GPU is average logical BF16 K+V bytes read per TP rank divided by p50(max_across_ranks); it is not hardware-counter HBM traffic.

Running B=10, q_tokens=160, history_tokens=48198, causal=True

B=10, q_tokens=160, history_tokens=48198, QH=32, KVH=1, D=128, TP=8, DCP=8, mode=causal
Method                   Time ms                                                                                                                                     Agg TFLOPS    Avg/GPU  KV GB/s/GPU      Check  Note
dcp_mega_varlen          t0=0.061, t1=0.059, t2=0.060, t3=0.061, t4=0.060, t5=0.061, t6=0.061, t7=0.057 | p50(max_across_ranks)=0.062, p90(max_across_ranks)=0.090        204.4       25.6         51.1       skip  eager; output=bf16_ipc_a2a; runner_preallocated; timing=mega_kernel_only

Mega %globaltimer phase timestamps (per-iteration maximum across benchmark ranks, then p50/p90 across samples; us)
Method                   Phase                                                             p50        p90
dcp_mega_varlen          kernel_start                                                    0.000      0.000
dcp_mega_varlen          q_allgather_done                                                8.224      8.515
dcp_mega_varlen          attention_done                                                 30.368     31.037
dcp_mega_varlen          history_combine_done                                           41.904     42.944
dcp_mega_varlen          publish_done                                                   41.904     42.944
dcp_mega_varlen          receive_done                                                   48.160     77.254
dcp_mega_varlen          final_combine_done                                             54.336     82.989
dcp_mega_varlen          kernel_done                                                    54.688     83.341
dcp_mega_varlen          post_completion/q_done_to_publish_done                         34.128     35.168
dcp_mega_varlen          post_completion/publish_done_to_receive_done                    8.912     37.370
dcp_mega_varlen          post_completion/attention_done_to_history_combine_done         12.112     13.056
dcp_mega_varlen          post_completion/history_combine_done_to_final_combine_done     15.184     43.104
Wrote benchmark JSON to benchmark_logs/experiment_suite/dcp-suite/01_dcp_wave-b-timestamps-20260814-132129/results/arrival_1/dcp_8/critical_wave_auto_lpt/comm_sm_16/case_000070_dcp8_hkv1_eager.json

================================================================================
Mega comm_sm=16, case 72/100: case_000071_dcp8_hkv1: B=4, Sq=[16, 16, 16, 16], Sk=[1313, 95285, 24119, 14797], DCP=8, Hkv=1
================================================================================
Config: world_size=8, methods=['dcp_mega_varlen'], QH=32, KVH=1, D=128, TP=8, DCP=8, workload=chunk, execution=eager, baseline_phase_timing=False, warmup=40, iters=60, check=False
Workload: B=4, q_tokens=64, history_tokens=135514, q_seqlens=[16, 16, 16, 16], history_seqlens=[1313, 95285, 24119, 14797]
Agg TFLOPS uses useful attention work across all TP ranks and p50(max_across_ranks); Avg/GPU divides it by world_size.
KV GB/s/GPU is average logical BF16 K+V bytes read per TP rank divided by p50(max_across_ranks); it is not hardware-counter HBM traffic.

Running B=4, q_tokens=64, history_tokens=135514, causal=True

B=4, q_tokens=64, history_tokens=135514, QH=32, KVH=1, D=128, TP=8, DCP=8, mode=causal
Method                   Time ms                                                                                                                                     Agg TFLOPS    Avg/GPU  KV GB/s/GPU      Check  Note
dcp_mega_varlen          t0=0.067, t1=0.066, t2=0.067, t3=0.067, t4=0.067, t5=0.066, t6=0.067, t7=0.064 | p50(max_across_ranks)=0.068, p90(max_across_ranks)=0.069        524.9       65.6        128.6       skip  eager; output=bf16_ipc_a2a; runner_preallocated; timing=mega_kernel_only

Mega %globaltimer phase timestamps (per-iteration maximum across benchmark ranks, then p50/p90 across samples; us)
Method                   Phase                                                             p50        p90
dcp_mega_varlen          kernel_start                                                    0.000      0.000
dcp_mega_varlen          q_allgather_done                                                5.152      5.248
dcp_mega_varlen          attention_done                                                 35.136     35.328
dcp_mega_varlen          history_combine_done                                           48.240     49.024
dcp_mega_varlen          publish_done                                                   48.240     49.024
dcp_mega_varlen          receive_done                                                   53.840     55.021
dcp_mega_varlen          final_combine_done                                             60.272     61.616
dcp_mega_varlen          kernel_done                                                    60.608     61.968
dcp_mega_varlen          post_completion/q_done_to_publish_done                         43.216     44.003
dcp_mega_varlen          post_completion/publish_done_to_receive_done                    8.480     10.202
dcp_mega_varlen          post_completion/attention_done_to_history_combine_done         13.648     14.403
dcp_mega_varlen          post_completion/history_combine_done_to_final_combine_done     14.960     16.630
Wrote benchmark JSON to benchmark_logs/experiment_suite/dcp-suite/01_dcp_wave-b-timestamps-20260814-132129/results/arrival_1/dcp_8/critical_wave_auto_lpt/comm_sm_16/case_000071_dcp8_hkv1_eager.json

================================================================================
Mega comm_sm=16, case 73/100: case_000072_dcp8_hkv1: B=5, Sq=[16, 16, 16, 16, 16], Sk=[1691, 4276, 5047, 1060, 931], DCP=8, Hkv=1
================================================================================
Config: world_size=8, methods=['dcp_mega_varlen'], QH=32, KVH=1, D=128, TP=8, DCP=8, workload=chunk, execution=eager, baseline_phase_timing=False, warmup=40, iters=60, check=False
Workload: B=5, q_tokens=80, history_tokens=13005, q_seqlens=[16, 16, 16, 16, 16], history_seqlens=[1691, 4276, 5047, 1060, 931]
Agg TFLOPS uses useful attention work across all TP ranks and p50(max_across_ranks); Avg/GPU divides it by world_size.
KV GB/s/GPU is average logical BF16 K+V bytes read per TP rank divided by p50(max_across_ranks); it is not hardware-counter HBM traffic.

Running B=5, q_tokens=80, history_tokens=13005, causal=True

B=5, q_tokens=80, history_tokens=13005, QH=32, KVH=1, D=128, TP=8, DCP=8, mode=causal
Method                   Time ms                                                                                                                                     Agg TFLOPS    Avg/GPU  KV GB/s/GPU      Check  Note
dcp_mega_varlen          t0=0.052, t1=0.051, t2=0.051, t3=0.051, t4=0.051, t5=0.052, t6=0.052, t7=0.049 | p50(max_across_ranks)=0.053, p90(max_across_ranks)=0.055         65.0        8.1         16.6       skip  eager; output=bf16_ipc_a2a; runner_preallocated; timing=mega_kernel_only

Mega %globaltimer phase timestamps (per-iteration maximum across benchmark ranks, then p50/p90 across samples; us)
Method                   Phase                                                             p50        p90
dcp_mega_varlen          kernel_start                                                    0.000      0.000
dcp_mega_varlen          q_allgather_done                                                5.728      5.856
dcp_mega_varlen          attention_done                                                 19.168     19.430
dcp_mega_varlen          history_combine_done                                           31.936     32.643
dcp_mega_varlen          publish_done                                                   31.936     32.643
dcp_mega_varlen          receive_done                                                   38.128     40.851
dcp_mega_varlen          final_combine_done                                             45.248     48.381
dcp_mega_varlen          kernel_done                                                    45.568     48.701
dcp_mega_varlen          post_completion/q_done_to_publish_done                         26.560     27.264
dcp_mega_varlen          post_completion/publish_done_to_receive_done                    7.760     10.304
dcp_mega_varlen          post_completion/attention_done_to_history_combine_done         13.168     13.824
dcp_mega_varlen          post_completion/history_combine_done_to_final_combine_done     14.976     17.661
Wrote benchmark JSON to benchmark_logs/experiment_suite/dcp-suite/01_dcp_wave-b-timestamps-20260814-132129/results/arrival_1/dcp_8/critical_wave_auto_lpt/comm_sm_16/case_000072_dcp8_hkv1_eager.json

================================================================================
Mega comm_sm=16, case 74/100: case_000073_dcp8_hkv1: B=7, Sq=[16, 16, 16, 16, 16, 16, 16], Sk=[109473, 3820, 7001, 7363, 9089, 1744, 4273], DCP=8, Hkv=1
================================================================================
Config: world_size=8, methods=['dcp_mega_varlen'], QH=32, KVH=1, D=128, TP=8, DCP=8, workload=chunk, execution=eager, baseline_phase_timing=False, warmup=40, iters=60, check=False
Workload: B=7, q_tokens=112, history_tokens=142763, q_seqlens=[16, 16, 16, 16, 16, 16, 16], history_seqlens=[109473, 3820, 7001, 7363, 9089, 1744, 4273]
Agg TFLOPS uses useful attention work across all TP ranks and p50(max_across_ranks); Avg/GPU divides it by world_size.
KV GB/s/GPU is average logical BF16 K+V bytes read per TP rank divided by p50(max_across_ranks); it is not hardware-counter HBM traffic.

Running B=7, q_tokens=112, history_tokens=142763, causal=True

B=7, q_tokens=112, history_tokens=142763, QH=32, KVH=1, D=128, TP=8, DCP=8, mode=causal
Method                   Time ms                                                                                                                                     Agg TFLOPS    Avg/GPU  KV GB/s/GPU      Check  Note
dcp_mega_varlen          t0=0.063, t1=0.063, t2=0.062, t3=0.064, t4=0.063, t5=0.064, t6=0.063, t7=0.060 | p50(max_across_ranks)=0.065, p90(max_across_ranks)=0.066        579.8       72.5        142.4       skip  eager; output=bf16_ipc_a2a; runner_preallocated; timing=mega_kernel_only

Mega %globaltimer phase timestamps (per-iteration maximum across benchmark ranks, then p50/p90 across samples; us)
Method                   Phase                                                             p50        p90
dcp_mega_varlen          kernel_start                                                    0.000      0.000
dcp_mega_varlen          q_allgather_done                                                6.464      6.688
dcp_mega_varlen          attention_done                                                 31.296     31.552
dcp_mega_varlen          history_combine_done                                           44.688     45.472
dcp_mega_varlen          publish_done                                                   44.688     45.472
dcp_mega_varlen          receive_done                                                   50.976     52.522
dcp_mega_varlen          final_combine_done                                             57.200     58.896
dcp_mega_varlen          kernel_done                                                    57.536     59.219
dcp_mega_varlen          post_completion/q_done_to_publish_done                         38.448     39.104
dcp_mega_varlen          post_completion/publish_done_to_receive_done                    8.560     10.362
dcp_mega_varlen          post_completion/attention_done_to_history_combine_done         13.840     14.816
dcp_mega_varlen          post_completion/history_combine_done_to_final_combine_done     14.544     16.861
Wrote benchmark JSON to benchmark_logs/experiment_suite/dcp-suite/01_dcp_wave-b-timestamps-20260814-132129/results/arrival_1/dcp_8/critical_wave_auto_lpt/comm_sm_16/case_000073_dcp8_hkv1_eager.json

================================================================================
Mega comm_sm=16, case 75/100: case_000074_dcp8_hkv1: B=14, Sq=[16, 16, 16, 16, 16, 16, 16, 16, 16, 16, 16, 16, 16, 16], Sk=[33784, 1322, 23660, 15241, 17366, 5628, 4103, 14722, 30289, 8289, 49727, 13117, 1172, 28644], DCP=8, Hkv=1
================================================================================
Config: world_size=8, methods=['dcp_mega_varlen'], QH=32, KVH=1, D=128, TP=8, DCP=8, workload=chunk, execution=eager, baseline_phase_timing=False, warmup=40, iters=60, check=False
Workload: B=14, q_tokens=224, history_tokens=247064, q_seqlens=[16, 16, 16, 16, 16, 16, 16, 16, 16, 16, 16, 16, 16, 16], history_seqlens=[33784, 1322, 23660, 15241, 17366, 5628, 4103, 14722, 30289, 8289, 49727, 13117, 1172, 28644]
Agg TFLOPS uses useful attention work across all TP ranks and p50(max_across_ranks); Avg/GPU divides it by world_size.
KV GB/s/GPU is average logical BF16 K+V bytes read per TP rank divided by p50(max_across_ranks); it is not hardware-counter HBM traffic.

Running B=14, q_tokens=224, history_tokens=247064, causal=True

B=14, q_tokens=224, history_tokens=247064, QH=32, KVH=1, D=128, TP=8, DCP=8, mode=causal
Method                   Time ms                                                                                                                                     Agg TFLOPS    Avg/GPU  KV GB/s/GPU      Check  Note
dcp_mega_varlen          t0=0.091, t1=0.092, t2=0.091, t3=0.093, t4=0.092, t5=0.093, t6=0.092, t7=0.090 | p50(max_across_ranks)=0.093, p90(max_across_ranks)=0.095        694.2       86.8        170.6       skip  eager; output=bf16_ipc_a2a; runner_preallocated; timing=mega_kernel_only

Mega %globaltimer phase timestamps (per-iteration maximum across benchmark ranks, then p50/p90 across samples; us)
Method                   Phase                                                             p50        p90
dcp_mega_varlen          kernel_start                                                    0.000      0.000
dcp_mega_varlen          q_allgather_done                                               12.032     12.355
dcp_mega_varlen          attention_done                                                 60.896     61.379
dcp_mega_varlen          history_combine_done                                           73.456     74.726
dcp_mega_varlen          publish_done                                                   73.456     74.726
dcp_mega_varlen          receive_done                                                   80.000     81.965
dcp_mega_varlen          final_combine_done                                             86.112     88.282
dcp_mega_varlen          kernel_done                                                    86.432     88.630
dcp_mega_varlen          post_completion/q_done_to_publish_done                         62.000     63.040
dcp_mega_varlen          post_completion/publish_done_to_receive_done                    8.672     10.800
dcp_mega_varlen          post_completion/attention_done_to_history_combine_done         13.568     14.218
dcp_mega_varlen          post_completion/history_combine_done_to_final_combine_done     14.688     16.829
Wrote benchmark JSON to benchmark_logs/experiment_suite/dcp-suite/01_dcp_wave-b-timestamps-20260814-132129/results/arrival_1/dcp_8/critical_wave_auto_lpt/comm_sm_16/case_000074_dcp8_hkv1_eager.json

================================================================================
Mega comm_sm=16, case 76/100: case_000075_dcp8_hkv1: B=9, Sq=[16, 16, 16, 16, 16, 16, 16, 16, 16], Sk=[34124, 8602, 28971, 4206, 11859, 15223, 2108, 13995, 5210], DCP=8, Hkv=1
================================================================================
Config: world_size=8, methods=['dcp_mega_varlen'], QH=32, KVH=1, D=128, TP=8, DCP=8, workload=chunk, execution=eager, baseline_phase_timing=False, warmup=40, iters=60, check=False
Workload: B=9, q_tokens=144, history_tokens=124298, q_seqlens=[16, 16, 16, 16, 16, 16, 16, 16, 16], history_seqlens=[34124, 8602, 28971, 4206, 11859, 15223, 2108, 13995, 5210]
Agg TFLOPS uses useful attention work across all TP ranks and p50(max_across_ranks); Avg/GPU divides it by world_size.
KV GB/s/GPU is average logical BF16 K+V bytes read per TP rank divided by p50(max_across_ranks); it is not hardware-counter HBM traffic.

Running B=9, q_tokens=144, history_tokens=124298, causal=True

B=9, q_tokens=144, history_tokens=124298, QH=32, KVH=1, D=128, TP=8, DCP=8, mode=causal
Method                   Time ms                                                                                                                                     Agg TFLOPS    Avg/GPU  KV GB/s/GPU      Check  Note
dcp_mega_varlen          t0=0.081, t1=0.080, t2=0.080, t3=0.081, t4=0.080, t5=0.080, t6=0.080, t7=0.078 | p50(max_across_ranks)=0.082, p90(max_across_ranks)=0.089        398.1       49.8         98.0       skip  eager; output=bf16_ipc_a2a; runner_preallocated; timing=mega_kernel_only

Mega %globaltimer phase timestamps (per-iteration maximum across benchmark ranks, then p50/p90 across samples; us)
Method                   Phase                                                             p50        p90
dcp_mega_varlen          kernel_start                                                    0.000      0.000
dcp_mega_varlen          q_allgather_done                                                7.856      8.099
dcp_mega_varlen          attention_done                                                 52.736     53.773
dcp_mega_varlen          history_combine_done                                           62.912     64.032
dcp_mega_varlen          publish_done                                                   62.912     64.032
dcp_mega_varlen          receive_done                                                   69.216     76.304
dcp_mega_varlen          final_combine_done                                             74.640     81.808
dcp_mega_varlen          kernel_done                                                    74.864     82.115
dcp_mega_varlen          post_completion/q_done_to_publish_done                         55.584     56.547
dcp_mega_varlen          post_completion/publish_done_to_receive_done                    9.312     17.267
dcp_mega_varlen          post_completion/attention_done_to_history_combine_done         10.704     11.267
dcp_mega_varlen          post_completion/history_combine_done_to_final_combine_done     14.672     22.570
Wrote benchmark JSON to benchmark_logs/experiment_suite/dcp-suite/01_dcp_wave-b-timestamps-20260814-132129/results/arrival_1/dcp_8/critical_wave_auto_lpt/comm_sm_16/case_000075_dcp8_hkv1_eager.json

================================================================================
Mega comm_sm=16, case 77/100: case_000076_dcp8_hkv1: B=6, Sq=[16, 16, 16, 16, 16, 16], Sk=[4213, 21817, 18299, 5447, 19231, 4827], DCP=8, Hkv=1
================================================================================
Config: world_size=8, methods=['dcp_mega_varlen'], QH=32, KVH=1, D=128, TP=8, DCP=8, workload=chunk, execution=eager, baseline_phase_timing=False, warmup=40, iters=60, check=False
Workload: B=6, q_tokens=96, history_tokens=73834, q_seqlens=[16, 16, 16, 16, 16, 16], history_seqlens=[4213, 21817, 18299, 5447, 19231, 4827]
Agg TFLOPS uses useful attention work across all TP ranks and p50(max_across_ranks); Avg/GPU divides it by world_size.
KV GB/s/GPU is average logical BF16 K+V bytes read per TP rank divided by p50(max_across_ranks); it is not hardware-counter HBM traffic.

Running B=6, q_tokens=96, history_tokens=73834, causal=True

B=6, q_tokens=96, history_tokens=73834, QH=32, KVH=1, D=128, TP=8, DCP=8, mode=causal
Method                   Time ms                                                                                                                                     Agg TFLOPS    Avg/GPU  KV GB/s/GPU      Check  Note
dcp_mega_varlen          t0=0.057, t1=0.057, t2=0.057, t3=0.059, t4=0.059, t5=0.059, t6=0.059, t7=0.056 | p50(max_across_ranks)=0.060, p90(max_across_ranks)=0.063        323.8       40.5         79.8       skip  eager; output=bf16_ipc_a2a; runner_preallocated; timing=mega_kernel_only

Mega %globaltimer phase timestamps (per-iteration maximum across benchmark ranks, then p50/p90 across samples; us)
Method                   Phase                                                             p50        p90
dcp_mega_varlen          kernel_start                                                    0.000      0.000
dcp_mega_varlen          q_allgather_done                                                6.048      6.246
dcp_mega_varlen          attention_done                                                 19.808     20.163
dcp_mega_varlen          history_combine_done                                           40.304     40.928
dcp_mega_varlen          publish_done                                                   40.304     40.928
dcp_mega_varlen          receive_done                                                   46.864     49.533
dcp_mega_varlen          final_combine_done                                             52.544     55.242
dcp_mega_varlen          kernel_done                                                    52.864     55.533
dcp_mega_varlen          post_completion/q_done_to_publish_done                         34.560     35.107
dcp_mega_varlen          post_completion/publish_done_to_receive_done                    7.888     11.715
dcp_mega_varlen          post_completion/attention_done_to_history_combine_done         20.976     21.443
dcp_mega_varlen          post_completion/history_combine_done_to_final_combine_done     13.984     17.386
Wrote benchmark JSON to benchmark_logs/experiment_suite/dcp-suite/01_dcp_wave-b-timestamps-20260814-132129/results/arrival_1/dcp_8/critical_wave_auto_lpt/comm_sm_16/case_000076_dcp8_hkv1_eager.json

================================================================================
Mega comm_sm=16, case 78/100: case_000077_dcp8_hkv1: B=10, Sq=[16, 16, 16, 16, 16, 16, 16, 16, 4096, 4096], Sk=[22549, 4333, 1595, 10042, 35320, 4521, 64380, 1300, 25088, 20992], DCP=8, Hkv=1
================================================================================
Config: world_size=8, methods=['dcp_mega_varlen'], QH=32, KVH=1, D=128, TP=8, DCP=8, workload=chunk, execution=eager, baseline_phase_timing=False, warmup=40, iters=60, check=False
Workload: B=10, q_tokens=8320, history_tokens=190120, q_seqlens=[16, 16, 16, 16, 16, 16, 16, 16, 4096, 4096], history_seqlens=[22549, 4333, 1595, 10042, 35320, 4521, 64380, 1300, 25088, 20992]
Agg TFLOPS uses useful attention work across all TP ranks and p50(max_across_ranks); Avg/GPU divides it by world_size.
KV GB/s/GPU is average logical BF16 K+V bytes read per TP rank divided by p50(max_across_ranks); it is not hardware-counter HBM traffic.

Running B=10, q_tokens=8320, history_tokens=190120, causal=True

B=10, q_tokens=8320, history_tokens=190120, QH=32, KVH=1, D=128, TP=8, DCP=8, mode=causal
Method                   Time ms                                                                                                                                     Agg TFLOPS    Avg/GPU  KV GB/s/GPU      Check  Note
dcp_mega_varlen          t0=1.099, t1=1.105, t2=1.098, t3=1.096, t4=1.087, t5=1.097, t6=1.100, t7=1.103 | p50(max_across_ranks)=1.107, p90(max_across_ranks)=1.130       3076.9      384.6         14.8       skip  eager; output=bf16_ipc_a2a; runner_preallocated; timing=mega_kernel_only

Mega %globaltimer phase timestamps (per-iteration maximum across benchmark ranks, then p50/p90 across samples; us)
Method                   Phase                                                             p50        p90
dcp_mega_varlen          kernel_start                                                    0.000      0.000
dcp_mega_varlen          q_allgather_done                                              229.248    234.410
dcp_mega_varlen          attention_done                                                696.736    697.798
dcp_mega_varlen          history_combine_done                                          924.784    926.515
dcp_mega_varlen          publish_done                                                  924.784    926.515
dcp_mega_varlen          receive_done                                                 1062.688   1069.677
dcp_mega_varlen          final_combine_done                                           1098.192   1120.294
dcp_mega_varlen          kernel_done                                                  1098.528   1120.614
dcp_mega_varlen          post_completion/q_done_to_publish_done                        709.024    713.578
dcp_mega_varlen          post_completion/publish_done_to_receive_done                  148.000    157.942
dcp_mega_varlen          post_completion/attention_done_to_history_combine_done        230.304    231.843
dcp_mega_varlen          post_completion/history_combine_done_to_final_combine_done    180.256    201.872
Wrote benchmark JSON to benchmark_logs/experiment_suite/dcp-suite/01_dcp_wave-b-timestamps-20260814-132129/results/arrival_1/dcp_8/critical_wave_auto_lpt/comm_sm_16/case_000077_dcp8_hkv1_eager.json

================================================================================
Mega comm_sm=16, case 79/100: case_000078_dcp8_hkv1: B=8, Sq=[16, 16, 16, 16, 16, 16, 16, 16], Sk=[8677, 1828, 32269, 14832, 4730, 43231, 1018, 3922], DCP=8, Hkv=1
================================================================================
Config: world_size=8, methods=['dcp_mega_varlen'], QH=32, KVH=1, D=128, TP=8, DCP=8, workload=chunk, execution=eager, baseline_phase_timing=False, warmup=40, iters=60, check=False
Workload: B=8, q_tokens=128, history_tokens=110507, q_seqlens=[16, 16, 16, 16, 16, 16, 16, 16], history_seqlens=[8677, 1828, 32269, 14832, 4730, 43231, 1018, 3922]
Agg TFLOPS uses useful attention work across all TP ranks and p50(max_across_ranks); Avg/GPU divides it by world_size.
KV GB/s/GPU is average logical BF16 K+V bytes read per TP rank divided by p50(max_across_ranks); it is not hardware-counter HBM traffic.

Running B=8, q_tokens=128, history_tokens=110507, causal=True

B=8, q_tokens=128, history_tokens=110507, QH=32, KVH=1, D=128, TP=8, DCP=8, mode=causal
Method                   Time ms                                                                                                                                     Agg TFLOPS    Avg/GPU  KV GB/s/GPU      Check  Note
dcp_mega_varlen          t0=0.083, t1=0.084, t2=0.083, t3=0.084, t4=0.083, t5=0.084, t6=0.084, t7=0.081 | p50(max_across_ranks)=0.085, p90(max_across_ranks)=0.087        340.3       42.5         83.8       skip  eager; output=bf16_ipc_a2a; runner_preallocated; timing=mega_kernel_only

Mega %globaltimer phase timestamps (per-iteration maximum across benchmark ranks, then p50/p90 across samples; us)
Method                   Phase                                                             p50        p90
dcp_mega_varlen          kernel_start                                                    0.000      0.000
dcp_mega_varlen          q_allgather_done                                                6.976      7.200
dcp_mega_varlen          attention_done                                                 56.176     56.512
dcp_mega_varlen          history_combine_done                                           65.824     66.464
dcp_mega_varlen          publish_done                                                   65.824     66.464
dcp_mega_varlen          receive_done                                                   71.344     73.408
dcp_mega_varlen          final_combine_done                                             77.536     79.187
dcp_mega_varlen          kernel_done                                                    77.856     79.536
dcp_mega_varlen          post_completion/q_done_to_publish_done                         59.232     59.910
dcp_mega_varlen          post_completion/publish_done_to_receive_done                    8.704     11.187
dcp_mega_varlen          post_completion/attention_done_to_history_combine_done         10.192     10.822
dcp_mega_varlen          post_completion/history_combine_done_to_final_combine_done     14.960     17.194
Wrote benchmark JSON to benchmark_logs/experiment_suite/dcp-suite/01_dcp_wave-b-timestamps-20260814-132129/results/arrival_1/dcp_8/critical_wave_auto_lpt/comm_sm_16/case_000078_dcp8_hkv1_eager.json

================================================================================
Mega comm_sm=16, case 80/100: case_000079_dcp8_hkv1: B=9, Sq=[16, 16, 16, 16, 16, 16, 16, 16, 592], Sk=[9271, 5322, 7408, 9085, 24588, 2838, 9289, 23871, 4608], DCP=8, Hkv=1
================================================================================
Config: world_size=8, methods=['dcp_mega_varlen'], QH=32, KVH=1, D=128, TP=8, DCP=8, workload=chunk, execution=eager, baseline_phase_timing=False, warmup=40, iters=60, check=False
Workload: B=9, q_tokens=720, history_tokens=96280, q_seqlens=[16, 16, 16, 16, 16, 16, 16, 16, 592], history_seqlens=[9271, 5322, 7408, 9085, 24588, 2838, 9289, 23871, 4608]
Agg TFLOPS uses useful attention work across all TP ranks and p50(max_across_ranks); Avg/GPU divides it by world_size.
KV GB/s/GPU is average logical BF16 K+V bytes read per TP rank divided by p50(max_across_ranks); it is not hardware-counter HBM traffic.

Running B=9, q_tokens=720, history_tokens=96280, causal=True

B=9, q_tokens=720, history_tokens=96280, QH=32, KVH=1, D=128, TP=8, DCP=8, mode=causal
Method                   Time ms                                                                                                                                     Agg TFLOPS    Avg/GPU  KV GB/s/GPU      Check  Note
dcp_mega_varlen          t0=0.106, t1=0.106, t2=0.105, t3=0.106, t4=0.105, t5=0.106, t6=0.106, t7=0.103 | p50(max_across_ranks)=0.108, p90(max_across_ranks)=0.109        665.0       83.1         60.6       skip  eager; output=bf16_ipc_a2a; runner_preallocated; timing=mega_kernel_only

Mega %globaltimer phase timestamps (per-iteration maximum across benchmark ranks, then p50/p90 across samples; us)
Method                   Phase                                                             p50        p90
dcp_mega_varlen          kernel_start                                                    0.000      0.000
dcp_mega_varlen          q_allgather_done                                               24.768     25.344
dcp_mega_varlen          attention_done                                                 53.504     54.595
dcp_mega_varlen          history_combine_done                                           72.624     73.603
dcp_mega_varlen          publish_done                                                   72.624     73.603
dcp_mega_varlen          receive_done                                                   92.400     93.510
dcp_mega_varlen          final_combine_done                                             99.904    101.283
dcp_mega_varlen          kernel_done                                                   100.240    101.606
dcp_mega_varlen          post_completion/q_done_to_publish_done                         48.944     50.016
dcp_mega_varlen          post_completion/publish_done_to_receive_done                   22.208     23.478
dcp_mega_varlen          post_completion/attention_done_to_history_combine_done         20.096     20.966
dcp_mega_varlen          post_completion/history_combine_done_to_final_combine_done     30.144     31.437
Wrote benchmark JSON to benchmark_logs/experiment_suite/dcp-suite/01_dcp_wave-b-timestamps-20260814-132129/results/arrival_1/dcp_8/critical_wave_auto_lpt/comm_sm_16/case_000079_dcp8_hkv1_eager.json

================================================================================
Mega comm_sm=16, case 81/100: case_000080_dcp8_hkv1: B=8, Sq=[16, 16, 16, 16, 16, 16, 16, 16], Sk=[4683, 1830, 8706, 21710, 26532, 3827, 2769, 5147], DCP=8, Hkv=1
================================================================================
Config: world_size=8, methods=['dcp_mega_varlen'], QH=32, KVH=1, D=128, TP=8, DCP=8, workload=chunk, execution=eager, baseline_phase_timing=False, warmup=40, iters=60, check=False
Workload: B=8, q_tokens=128, history_tokens=75204, q_seqlens=[16, 16, 16, 16, 16, 16, 16, 16], history_seqlens=[4683, 1830, 8706, 21710, 26532, 3827, 2769, 5147]
Agg TFLOPS uses useful attention work across all TP ranks and p50(max_across_ranks); Avg/GPU divides it by world_size.
KV GB/s/GPU is average logical BF16 K+V bytes read per TP rank divided by p50(max_across_ranks); it is not hardware-counter HBM traffic.

Running B=8, q_tokens=128, history_tokens=75204, causal=True

B=8, q_tokens=128, history_tokens=75204, QH=32, KVH=1, D=128, TP=8, DCP=8, mode=causal
Method                   Time ms                                                                                                                                     Agg TFLOPS    Avg/GPU  KV GB/s/GPU      Check  Note
dcp_mega_varlen          t0=0.071, t1=0.071, t2=0.070, t3=0.071, t4=0.070, t5=0.071, t6=0.071, t7=0.067 | p50(max_across_ranks)=0.072, p90(max_across_ranks)=0.073        273.9       34.2         67.7       skip  eager; output=bf16_ipc_a2a; runner_preallocated; timing=mega_kernel_only

Mega %globaltimer phase timestamps (per-iteration maximum across benchmark ranks, then p50/p90 across samples; us)
Method                   Phase                                                             p50        p90
dcp_mega_varlen          kernel_start                                                    0.000      0.000
dcp_mega_varlen          q_allgather_done                                                6.912      7.171
dcp_mega_varlen          attention_done                                                 42.592     42.915
dcp_mega_varlen          history_combine_done                                           52.384     52.979
dcp_mega_varlen          publish_done                                                   52.384     52.979
dcp_mega_varlen          receive_done                                                   58.352     59.568
dcp_mega_varlen          final_combine_done                                             64.320     65.584
dcp_mega_varlen          kernel_done                                                    64.608     65.904
dcp_mega_varlen          post_completion/q_done_to_publish_done                         45.872     46.314
dcp_mega_varlen          post_completion/publish_done_to_receive_done                    9.040     10.144
dcp_mega_varlen          post_completion/attention_done_to_history_combine_done         10.368     10.851
dcp_mega_varlen          post_completion/history_combine_done_to_final_combine_done     14.688     16.013
Wrote benchmark JSON to benchmark_logs/experiment_suite/dcp-suite/01_dcp_wave-b-timestamps-20260814-132129/results/arrival_1/dcp_8/critical_wave_auto_lpt/comm_sm_16/case_000080_dcp8_hkv1_eager.json

================================================================================
Mega comm_sm=16, case 82/100: case_000081_dcp8_hkv1: B=9, Sq=[16, 16, 16, 16, 16, 16, 16, 16, 16], Sk=[4715, 1850, 8731, 21738, 26558, 3855, 2799, 5179, 1291], DCP=8, Hkv=1
================================================================================
Config: world_size=8, methods=['dcp_mega_varlen'], QH=32, KVH=1, D=128, TP=8, DCP=8, workload=chunk, execution=eager, baseline_phase_timing=False, warmup=40, iters=60, check=False
Workload: B=9, q_tokens=144, history_tokens=76716, q_seqlens=[16, 16, 16, 16, 16, 16, 16, 16, 16], history_seqlens=[4715, 1850, 8731, 21738, 26558, 3855, 2799, 5179, 1291]
Agg TFLOPS uses useful attention work across all TP ranks and p50(max_across_ranks); Avg/GPU divides it by world_size.
KV GB/s/GPU is average logical BF16 K+V bytes read per TP rank divided by p50(max_across_ranks); it is not hardware-counter HBM traffic.

Running B=9, q_tokens=144, history_tokens=76716, causal=True

B=9, q_tokens=144, history_tokens=76716, QH=32, KVH=1, D=128, TP=8, DCP=8, mode=causal
Method                   Time ms                                                                                                                                     Agg TFLOPS    Avg/GPU  KV GB/s/GPU      Check  Note
dcp_mega_varlen          t0=0.072, t1=0.071, t2=0.070, t3=0.071, t4=0.070, t5=0.071, t6=0.071, t7=0.068 | p50(max_across_ranks)=0.073, p90(max_across_ranks)=0.074        277.1       34.6         68.6       skip  eager; output=bf16_ipc_a2a; runner_preallocated; timing=mega_kernel_only

Mega %globaltimer phase timestamps (per-iteration maximum across benchmark ranks, then p50/p90 across samples; us)
Method                   Phase                                                             p50        p90
dcp_mega_varlen          kernel_start                                                    0.000      0.000
dcp_mega_varlen          q_allgather_done                                                7.520      8.134
dcp_mega_varlen          attention_done                                                 43.104     43.459
dcp_mega_varlen          history_combine_done                                           53.344     54.054
dcp_mega_varlen          publish_done                                                   53.344     54.054
dcp_mega_varlen          receive_done                                                   59.136     60.675
dcp_mega_varlen          final_combine_done                                             64.992     66.342
dcp_mega_varlen          kernel_done                                                    65.248     66.682
dcp_mega_varlen          post_completion/q_done_to_publish_done                         46.160     46.883
dcp_mega_varlen          post_completion/publish_done_to_receive_done                    8.768     10.224
dcp_mega_varlen          post_completion/attention_done_to_history_combine_done         10.784     11.280
dcp_mega_varlen          post_completion/history_combine_done_to_final_combine_done     14.192     15.632
Wrote benchmark JSON to benchmark_logs/experiment_suite/dcp-suite/01_dcp_wave-b-timestamps-20260814-132129/results/arrival_1/dcp_8/critical_wave_auto_lpt/comm_sm_16/case_000081_dcp8_hkv1_eager.json

================================================================================
Mega comm_sm=16, case 83/100: case_000082_dcp8_hkv1: B=8, Sq=[16, 16, 16, 16, 16, 16, 16, 16], Sk=[4095, 3988, 9172, 21766, 29230, 1222, 10350, 5243], DCP=8, Hkv=1
================================================================================
Config: world_size=8, methods=['dcp_mega_varlen'], QH=32, KVH=1, D=128, TP=8, DCP=8, workload=chunk, execution=eager, baseline_phase_timing=False, warmup=40, iters=60, check=False
Workload: B=8, q_tokens=128, history_tokens=85066, q_seqlens=[16, 16, 16, 16, 16, 16, 16, 16], history_seqlens=[4095, 3988, 9172, 21766, 29230, 1222, 10350, 5243]
Agg TFLOPS uses useful attention work across all TP ranks and p50(max_across_ranks); Avg/GPU divides it by world_size.
KV GB/s/GPU is average logical BF16 K+V bytes read per TP rank divided by p50(max_across_ranks); it is not hardware-counter HBM traffic.

Running B=8, q_tokens=128, history_tokens=85066, causal=True

B=8, q_tokens=128, history_tokens=85066, QH=32, KVH=1, D=128, TP=8, DCP=8, mode=causal
Method                   Time ms                                                                                                                                     Agg TFLOPS    Avg/GPU  KV GB/s/GPU      Check  Note
dcp_mega_varlen          t0=0.071, t1=0.071, t2=0.070, t3=0.070, t4=0.071, t5=0.071, t6=0.071, t7=0.068 | p50(max_across_ranks)=0.072, p90(max_across_ranks)=0.074        308.7       38.6         76.2       skip  eager; output=bf16_ipc_a2a; runner_preallocated; timing=mega_kernel_only

Mega %globaltimer phase timestamps (per-iteration maximum across benchmark ranks, then p50/p90 across samples; us)
Method                   Phase                                                             p50        p90
dcp_mega_varlen          kernel_start                                                    0.000      0.000
dcp_mega_varlen          q_allgather_done                                                6.928      7.107
dcp_mega_varlen          attention_done                                                 42.784     43.104
dcp_mega_varlen          history_combine_done                                           52.752     53.344
dcp_mega_varlen          publish_done                                                   52.752     53.344
dcp_mega_varlen          receive_done                                                   58.704     60.573
dcp_mega_varlen          final_combine_done                                             64.928     66.522
dcp_mega_varlen          kernel_done                                                    65.280     66.842
dcp_mega_varlen          post_completion/q_done_to_publish_done                         46.144     46.499
dcp_mega_varlen          post_completion/publish_done_to_receive_done                    8.304     10.858
dcp_mega_varlen          post_completion/attention_done_to_history_combine_done         10.592     10.979
dcp_mega_varlen          post_completion/history_combine_done_to_final_combine_done     14.640     16.502
Wrote benchmark JSON to benchmark_logs/experiment_suite/dcp-suite/01_dcp_wave-b-timestamps-20260814-132129/results/arrival_1/dcp_8/critical_wave_auto_lpt/comm_sm_16/case_000082_dcp8_hkv1_eager.json

================================================================================
Mega comm_sm=16, case 84/100: case_000083_dcp8_hkv1: B=8, Sq=[16, 16, 16, 16, 16, 16, 16, 16], Sk=[50866, 1965, 8855, 6423, 3336, 3374, 3654, 4103], DCP=8, Hkv=1
================================================================================
Config: world_size=8, methods=['dcp_mega_varlen'], QH=32, KVH=1, D=128, TP=8, DCP=8, workload=chunk, execution=eager, baseline_phase_timing=False, warmup=40, iters=60, check=False
Workload: B=8, q_tokens=128, history_tokens=82576, q_seqlens=[16, 16, 16, 16, 16, 16, 16, 16], history_seqlens=[50866, 1965, 8855, 6423, 3336, 3374, 3654, 4103]
Agg TFLOPS uses useful attention work across all TP ranks and p50(max_across_ranks); Avg/GPU divides it by world_size.
KV GB/s/GPU is average logical BF16 K+V bytes read per TP rank divided by p50(max_across_ranks); it is not hardware-counter HBM traffic.

Running B=8, q_tokens=128, history_tokens=82576, causal=True

B=8, q_tokens=128, history_tokens=82576, QH=32, KVH=1, D=128, TP=8, DCP=8, mode=causal
Method                   Time ms                                                                                                                                     Agg TFLOPS    Avg/GPU  KV GB/s/GPU      Check  Note
dcp_mega_varlen          t0=0.060, t1=0.060, t2=0.059, t3=0.060, t4=0.060, t5=0.060, t6=0.060, t7=0.057 | p50(max_across_ranks)=0.061, p90(max_across_ranks)=0.062        355.2       44.4         87.7       skip  eager; output=bf16_ipc_a2a; runner_preallocated; timing=mega_kernel_only

Mega %globaltimer phase timestamps (per-iteration maximum across benchmark ranks, then p50/p90 across samples; us)
Method                   Phase                                                             p50        p90
dcp_mega_varlen          kernel_start                                                    0.000      0.000
dcp_mega_varlen          q_allgather_done                                                6.944      7.200
dcp_mega_varlen          attention_done                                                 28.800     29.155
dcp_mega_varlen          history_combine_done                                           41.344     42.278
dcp_mega_varlen          publish_done                                                   41.344     42.278
dcp_mega_varlen          receive_done                                                   47.472     49.219
dcp_mega_varlen          final_combine_done                                             53.536     54.954
dcp_mega_varlen          kernel_done                                                    53.840     55.267
dcp_mega_varlen          post_completion/q_done_to_publish_done                         34.720     35.648
dcp_mega_varlen          post_completion/publish_done_to_receive_done                    7.824      9.542
dcp_mega_varlen          post_completion/attention_done_to_history_combine_done         12.976     13.773
dcp_mega_varlen          post_completion/history_combine_done_to_final_combine_done     13.760     15.437
Wrote benchmark JSON to benchmark_logs/experiment_suite/dcp-suite/01_dcp_wave-b-timestamps-20260814-132129/results/arrival_1/dcp_8/critical_wave_auto_lpt/comm_sm_16/case_000083_dcp8_hkv1_eager.json

================================================================================
Mega comm_sm=16, case 85/100: case_000084_dcp8_hkv1: B=9, Sq=[16, 16, 16, 16, 16, 16, 16, 16, 4096], Sk=[12191, 1335, 9198, 1915, 3046, 1183, 5688, 66146, 512], DCP=8, Hkv=1
================================================================================
Config: world_size=8, methods=['dcp_mega_varlen'], QH=32, KVH=1, D=128, TP=8, DCP=8, workload=chunk, execution=eager, baseline_phase_timing=False, warmup=40, iters=60, check=False
Workload: B=9, q_tokens=4224, history_tokens=101214, q_seqlens=[16, 16, 16, 16, 16, 16, 16, 16, 4096], history_seqlens=[12191, 1335, 9198, 1915, 3046, 1183, 5688, 66146, 512]
Agg TFLOPS uses useful attention work across all TP ranks and p50(max_across_ranks); Avg/GPU divides it by world_size.
KV GB/s/GPU is average logical BF16 K+V bytes read per TP rank divided by p50(max_across_ranks); it is not hardware-counter HBM traffic.

Running B=9, q_tokens=4224, history_tokens=101214, causal=True

B=9, q_tokens=4224, history_tokens=101214, QH=32, KVH=1, D=128, TP=8, DCP=8, mode=causal
Method                   Time ms                                                                                                                                     Agg TFLOPS    Avg/GPU  KV GB/s/GPU      Check  Note
dcp_mega_varlen          t0=0.362, t1=0.361, t2=0.362, t3=0.362, t4=0.360, t5=0.363, t6=0.361, t7=0.358 | p50(max_across_ranks)=0.367, p90(max_across_ranks)=0.376        540.6       67.6         23.6       skip  eager; output=bf16_ipc_a2a; runner_preallocated; timing=mega_kernel_only

Mega %globaltimer phase timestamps (per-iteration maximum across benchmark ranks, then p50/p90 across samples; us)
Method                   Phase                                                             p50        p90
dcp_mega_varlen          kernel_start                                                    0.000      0.000
dcp_mega_varlen          q_allgather_done                                              112.608    114.739
dcp_mega_varlen          attention_done                                                121.840    123.904
dcp_mega_varlen          history_combine_done                                          253.696    255.770
dcp_mega_varlen          publish_done                                                  253.696    255.770
dcp_mega_varlen          receive_done                                                  332.560    339.987
dcp_mega_varlen          final_combine_done                                            358.928    366.112
dcp_mega_varlen          kernel_done                                                   359.216    366.461
dcp_mega_varlen          post_completion/q_done_to_publish_done                        142.640    143.718
dcp_mega_varlen          post_completion/publish_done_to_receive_done                   82.272     88.736
dcp_mega_varlen          post_completion/attention_done_to_history_combine_done        133.088    134.310
dcp_mega_varlen          post_completion/history_combine_done_to_final_combine_done    108.896    115.366
Wrote benchmark JSON to benchmark_logs/experiment_suite/dcp-suite/01_dcp_wave-b-timestamps-20260814-132129/results/arrival_1/dcp_8/critical_wave_auto_lpt/comm_sm_16/case_000084_dcp8_hkv1_eager.json

================================================================================
Mega comm_sm=16, case 86/100: case_000085_dcp8_hkv1: B=6, Sq=[16, 16, 16, 16, 16, 16], Sk=[1182, 40183, 37132, 3449, 4806, 1657], DCP=8, Hkv=1
================================================================================
Config: world_size=8, methods=['dcp_mega_varlen'], QH=32, KVH=1, D=128, TP=8, DCP=8, workload=chunk, execution=eager, baseline_phase_timing=False, warmup=40, iters=60, check=False
Workload: B=6, q_tokens=96, history_tokens=88409, q_seqlens=[16, 16, 16, 16, 16, 16], history_seqlens=[1182, 40183, 37132, 3449, 4806, 1657]
Agg TFLOPS uses useful attention work across all TP ranks and p50(max_across_ranks); Avg/GPU divides it by world_size.
KV GB/s/GPU is average logical BF16 K+V bytes read per TP rank divided by p50(max_across_ranks); it is not hardware-counter HBM traffic.

Running B=6, q_tokens=96, history_tokens=88409, causal=True

B=6, q_tokens=96, history_tokens=88409, QH=32, KVH=1, D=128, TP=8, DCP=8, mode=causal
Method                   Time ms                                                                                                                                     Agg TFLOPS    Avg/GPU  KV GB/s/GPU      Check  Note
dcp_mega_varlen          t0=0.117, t1=0.116, t2=0.091, t3=0.115, t4=0.115, t5=0.115, t6=0.115, t7=0.092 | p50(max_across_ranks)=0.117, p90(max_across_ranks)=0.119        198.4       24.8         48.8       skip  eager; output=bf16_ipc_a2a; runner_preallocated; timing=mega_kernel_only

Mega %globaltimer phase timestamps (per-iteration maximum across benchmark ranks, then p50/p90 across samples; us)
Method                   Phase                                                             p50        p90
dcp_mega_varlen          kernel_start                                                    0.000      0.000
dcp_mega_varlen          q_allgather_done                                                5.888      6.083
dcp_mega_varlen          attention_done                                                 64.640     64.906
dcp_mega_varlen          history_combine_done                                           74.496     75.142
dcp_mega_varlen          publish_done                                                   74.496     75.142
dcp_mega_varlen          receive_done                                                  102.320    104.838
dcp_mega_varlen          final_combine_done                                            109.232    111.789
dcp_mega_varlen          kernel_done                                                   109.552    112.138
dcp_mega_varlen          post_completion/q_done_to_publish_done                         68.880     69.635
dcp_mega_varlen          post_completion/publish_done_to_receive_done                   29.872     32.253
dcp_mega_varlen          post_completion/attention_done_to_history_combine_done         10.144     10.790
dcp_mega_varlen          post_completion/history_combine_done_to_final_combine_done     36.880     39.136
Wrote benchmark JSON to benchmark_logs/experiment_suite/dcp-suite/01_dcp_wave-b-timestamps-20260814-132129/results/arrival_1/dcp_8/critical_wave_auto_lpt/comm_sm_16/case_000085_dcp8_hkv1_eager.json

================================================================================
Mega comm_sm=16, case 87/100: case_000086_dcp8_hkv1: B=12, Sq=[16, 16, 16, 16, 16, 16, 16, 16, 16, 16, 16, 16], Sk=[1781, 9213, 4759, 8397, 11459, 9811, 2614, 9438, 13766, 7279, 11117, 16903], DCP=8, Hkv=1
================================================================================
Config: world_size=8, methods=['dcp_mega_varlen'], QH=32, KVH=1, D=128, TP=8, DCP=8, workload=chunk, execution=eager, baseline_phase_timing=False, warmup=40, iters=60, check=False
Workload: B=12, q_tokens=192, history_tokens=106537, q_seqlens=[16, 16, 16, 16, 16, 16, 16, 16, 16, 16, 16, 16], history_seqlens=[1781, 9213, 4759, 8397, 11459, 9811, 2614, 9438, 13766, 7279, 11117, 16903]
Agg TFLOPS uses useful attention work across all TP ranks and p50(max_across_ranks); Avg/GPU divides it by world_size.
KV GB/s/GPU is average logical BF16 K+V bytes read per TP rank divided by p50(max_across_ranks); it is not hardware-counter HBM traffic.

Running B=12, q_tokens=192, history_tokens=106537, causal=True

B=12, q_tokens=192, history_tokens=106537, QH=32, KVH=1, D=128, TP=8, DCP=8, mode=causal
Method                   Time ms                                                                                                                                     Agg TFLOPS    Avg/GPU  KV GB/s/GPU      Check  Note
dcp_mega_varlen          t0=0.070, t1=0.069, t2=0.068, t3=0.069, t4=0.069, t5=0.069, t6=0.069, t7=0.066 | p50(max_across_ranks)=0.071, p90(max_across_ranks)=0.072        394.9       49.4         97.7       skip  eager; output=bf16_ipc_a2a; runner_preallocated; timing=mega_kernel_only

Mega %globaltimer phase timestamps (per-iteration maximum across benchmark ranks, then p50/p90 across samples; us)
Method                   Phase                                                             p50        p90
dcp_mega_varlen          kernel_start                                                    0.000      0.000
dcp_mega_varlen          q_allgather_done                                                9.472      9.770
dcp_mega_varlen          attention_done                                                 39.536     39.907
dcp_mega_varlen          history_combine_done                                           50.288     51.309
dcp_mega_varlen          publish_done                                                   50.288     51.309
dcp_mega_varlen          receive_done                                                   55.840     56.867
dcp_mega_varlen          final_combine_done                                             63.264     64.234
dcp_mega_varlen          kernel_done                                                    63.584     64.554
dcp_mega_varlen          post_completion/q_done_to_publish_done                         41.280     42.310
dcp_mega_varlen          post_completion/publish_done_to_receive_done                    8.096      9.971
dcp_mega_varlen          post_completion/attention_done_to_history_combine_done         11.472     12.131
dcp_mega_varlen          post_completion/history_combine_done_to_final_combine_done     15.280     17.248
Wrote benchmark JSON to benchmark_logs/experiment_suite/dcp-suite/01_dcp_wave-b-timestamps-20260814-132129/results/arrival_1/dcp_8/critical_wave_auto_lpt/comm_sm_16/case_000086_dcp8_hkv1_eager.json

================================================================================
Mega comm_sm=16, case 88/100: case_000087_dcp8_hkv1: B=5, Sq=[16, 16, 16, 16, 16], Sk=[13078, 19454, 22090, 13314, 2295], DCP=8, Hkv=1
================================================================================
Config: world_size=8, methods=['dcp_mega_varlen'], QH=32, KVH=1, D=128, TP=8, DCP=8, workload=chunk, execution=eager, baseline_phase_timing=False, warmup=40, iters=60, check=False
Workload: B=5, q_tokens=80, history_tokens=70231, q_seqlens=[16, 16, 16, 16, 16], history_seqlens=[13078, 19454, 22090, 13314, 2295]
Agg TFLOPS uses useful attention work across all TP ranks and p50(max_across_ranks); Avg/GPU divides it by world_size.
KV GB/s/GPU is average logical BF16 K+V bytes read per TP rank divided by p50(max_across_ranks); it is not hardware-counter HBM traffic.

Running B=5, q_tokens=80, history_tokens=70231, causal=True

B=5, q_tokens=80, history_tokens=70231, QH=32, KVH=1, D=128, TP=8, DCP=8, mode=causal
Method                   Time ms                                                                                                                                     Agg TFLOPS    Avg/GPU  KV GB/s/GPU      Check  Note
dcp_mega_varlen          t0=0.073, t1=0.071, t2=0.070, t3=0.071, t4=0.071, t5=0.072, t6=0.072, t7=0.068 | p50(max_across_ranks)=0.073, p90(max_across_ranks)=0.074        252.9       31.6         62.3       skip  eager; output=bf16_ipc_a2a; runner_preallocated; timing=mega_kernel_only

Mega %globaltimer phase timestamps (per-iteration maximum across benchmark ranks, then p50/p90 across samples; us)
Method                   Phase                                                             p50        p90
dcp_mega_varlen          kernel_start                                                    0.000      0.000
dcp_mega_varlen          q_allgather_done                                                5.744      5.888
dcp_mega_varlen          attention_done                                                 41.168     41.408
dcp_mega_varlen          history_combine_done                                           51.888     52.451
dcp_mega_varlen          publish_done                                                   51.888     52.451
dcp_mega_varlen          receive_done                                                   58.176     59.152
dcp_mega_varlen          final_combine_done                                             65.264     66.048
dcp_mega_varlen          kernel_done                                                    65.600     66.368
dcp_mega_varlen          post_completion/q_done_to_publish_done                         46.400     46.912
dcp_mega_varlen          post_completion/publish_done_to_receive_done                    7.808      9.005
dcp_mega_varlen          post_completion/attention_done_to_history_combine_done         11.296     11.936
dcp_mega_varlen          post_completion/history_combine_done_to_final_combine_done     14.832     16.160
Wrote benchmark JSON to benchmark_logs/experiment_suite/dcp-suite/01_dcp_wave-b-timestamps-20260814-132129/results/arrival_1/dcp_8/critical_wave_auto_lpt/comm_sm_16/case_000087_dcp8_hkv1_eager.json

================================================================================
Mega comm_sm=16, case 89/100: case_000088_dcp8_hkv1: B=7, Sq=[16, 16, 16, 16, 16, 16, 16], Sk=[11502, 1197, 63646, 6427, 19636, 30571, 11357], DCP=8, Hkv=1
================================================================================
Config: world_size=8, methods=['dcp_mega_varlen'], QH=32, KVH=1, D=128, TP=8, DCP=8, workload=chunk, execution=eager, baseline_phase_timing=False, warmup=40, iters=60, check=False
Workload: B=7, q_tokens=112, history_tokens=144336, q_seqlens=[16, 16, 16, 16, 16, 16, 16], history_seqlens=[11502, 1197, 63646, 6427, 19636, 30571, 11357]
Agg TFLOPS uses useful attention work across all TP ranks and p50(max_across_ranks); Avg/GPU divides it by world_size.
KV GB/s/GPU is average logical BF16 K+V bytes read per TP rank divided by p50(max_across_ranks); it is not hardware-counter HBM traffic.

Running B=7, q_tokens=112, history_tokens=144336, causal=True

B=7, q_tokens=112, history_tokens=144336, QH=32, KVH=1, D=128, TP=8, DCP=8, mode=causal
Method                   Time ms                                                                                                                                     Agg TFLOPS    Avg/GPU  KV GB/s/GPU      Check  Note
dcp_mega_varlen          t0=0.086, t1=0.086, t2=0.085, t3=0.086, t4=0.086, t5=0.086, t6=0.086, t7=0.083 | p50(max_across_ranks)=0.087, p90(max_across_ranks)=0.088        433.8       54.2        106.5       skip  eager; output=bf16_ipc_a2a; runner_preallocated; timing=mega_kernel_only

Mega %globaltimer phase timestamps (per-iteration maximum across benchmark ranks, then p50/p90 across samples; us)
Method                   Phase                                                             p50        p90
dcp_mega_varlen          kernel_start                                                    0.000      0.000
dcp_mega_varlen          q_allgather_done                                                6.480      6.720
dcp_mega_varlen          attention_done                                                 56.048     56.288
dcp_mega_varlen          history_combine_done                                           67.232     68.163
dcp_mega_varlen          publish_done                                                   67.232     68.163
dcp_mega_varlen          receive_done                                                   73.728     74.912
dcp_mega_varlen          final_combine_done                                             79.616     80.816
dcp_mega_varlen          kernel_done                                                    79.952     81.136
dcp_mega_varlen          post_completion/q_done_to_publish_done                         60.960     61.910
dcp_mega_varlen          post_completion/publish_done_to_receive_done                    8.320      9.501
dcp_mega_varlen          post_completion/attention_done_to_history_combine_done         11.488     12.387
dcp_mega_varlen          post_completion/history_combine_done_to_final_combine_done     14.320     15.571
Wrote benchmark JSON to benchmark_logs/experiment_suite/dcp-suite/01_dcp_wave-b-timestamps-20260814-132129/results/arrival_1/dcp_8/critical_wave_auto_lpt/comm_sm_16/case_000088_dcp8_hkv1_eager.json

================================================================================
Mega comm_sm=16, case 90/100: case_000089_dcp8_hkv1: B=3, Sq=[16, 16, 16], Sk=[75335, 14038, 4360], DCP=8, Hkv=1
================================================================================
Config: world_size=8, methods=['dcp_mega_varlen'], QH=32, KVH=1, D=128, TP=8, DCP=8, workload=chunk, execution=eager, baseline_phase_timing=False, warmup=40, iters=60, check=False
Workload: B=3, q_tokens=48, history_tokens=93733, q_seqlens=[16, 16, 16], history_seqlens=[75335, 14038, 4360]
Agg TFLOPS uses useful attention work across all TP ranks and p50(max_across_ranks); Avg/GPU divides it by world_size.
KV GB/s/GPU is average logical BF16 K+V bytes read per TP rank divided by p50(max_across_ranks); it is not hardware-counter HBM traffic.

Running B=3, q_tokens=48, history_tokens=93733, causal=True

B=3, q_tokens=48, history_tokens=93733, QH=32, KVH=1, D=128, TP=8, DCP=8, mode=causal
Method                   Time ms                                                                                                                                     Agg TFLOPS    Avg/GPU  KV GB/s/GPU      Check  Note
dcp_mega_varlen          t0=0.061, t1=0.062, t2=0.059, t3=0.061, t4=0.060, t5=0.061, t6=0.061, t7=0.058 | p50(max_across_ranks)=0.062, p90(max_across_ranks)=0.063        396.6       49.6         97.2       skip  eager; output=bf16_ipc_a2a; runner_preallocated; timing=mega_kernel_only

Mega %globaltimer phase timestamps (per-iteration maximum across benchmark ranks, then p50/p90 across samples; us)
Method                   Phase                                                             p50        p90
dcp_mega_varlen          kernel_start                                                    0.000      0.000
dcp_mega_varlen          q_allgather_done                                                4.928      5.024
dcp_mega_varlen          attention_done                                                 30.528     30.883
dcp_mega_varlen          history_combine_done                                           42.368     42.995
dcp_mega_varlen          publish_done                                                   42.368     42.995
dcp_mega_varlen          receive_done                                                   48.288     49.411
dcp_mega_varlen          final_combine_done                                             54.416     55.306
dcp_mega_varlen          kernel_done                                                    54.752     55.658
dcp_mega_varlen          post_completion/q_done_to_publish_done                         37.760     38.352
dcp_mega_varlen          post_completion/publish_done_to_receive_done                    8.784     10.246
dcp_mega_varlen          post_completion/attention_done_to_history_combine_done         12.432     12.957
dcp_mega_varlen          post_completion/history_combine_done_to_final_combine_done     14.816     16.227
Wrote benchmark JSON to benchmark_logs/experiment_suite/dcp-suite/01_dcp_wave-b-timestamps-20260814-132129/results/arrival_1/dcp_8/critical_wave_auto_lpt/comm_sm_16/case_000089_dcp8_hkv1_eager.json

================================================================================
Mega comm_sm=16, case 91/100: case_000090_dcp8_hkv1: B=17, Sq=[16, 16, 16, 16, 16, 16, 16, 16, 16, 16, 16, 16, 16, 16, 16, 16, 16], Sk=[52580, 1328, 1313, 1246, 9961, 32871, 1332, 6428, 5812, 2918, 2837, 14704, 5013, 14094, 7682, 3731, 4478], DCP=8, Hkv=1
================================================================================
Config: world_size=8, methods=['dcp_mega_varlen'], QH=32, KVH=1, D=128, TP=8, DCP=8, workload=chunk, execution=eager, baseline_phase_timing=False, warmup=40, iters=60, check=False
Workload: B=17, q_tokens=272, history_tokens=168328, q_seqlens=[16, 16, 16, 16, 16, 16, 16, 16, 16, 16, 16, 16, 16, 16, 16, 16, 16], history_seqlens=[52580, 1328, 1313, 1246, 9961, 32871, 1332, 6428, 5812, 2918, 2837, 14704, 5013, 14094, 7682, 3731, 4478]
Agg TFLOPS uses useful attention work across all TP ranks and p50(max_across_ranks); Avg/GPU divides it by world_size.
KV GB/s/GPU is average logical BF16 K+V bytes read per TP rank divided by p50(max_across_ranks); it is not hardware-counter HBM traffic.

Running B=17, q_tokens=272, history_tokens=168328, causal=True

B=17, q_tokens=272, history_tokens=168328, QH=32, KVH=1, D=128, TP=8, DCP=8, mode=causal
Method                   Time ms                                                                                                                                     Agg TFLOPS    Avg/GPU  KV GB/s/GPU      Check  Note
dcp_mega_varlen          t0=0.091, t1=0.091, t2=0.091, t3=0.092, t4=0.093, t5=0.094, t6=0.094, t7=0.089 | p50(max_across_ranks)=0.095, p90(max_across_ranks)=0.096        466.2       58.3        115.2       skip  eager; output=bf16_ipc_a2a; runner_preallocated; timing=mega_kernel_only

Mega %globaltimer phase timestamps (per-iteration maximum across benchmark ranks, then p50/p90 across samples; us)
Method                   Phase                                                             p50        p90
dcp_mega_varlen          kernel_start                                                    0.000      0.000
dcp_mega_varlen          q_allgather_done                                               12.560     13.098
dcp_mega_varlen          attention_done                                                 60.976     61.539
dcp_mega_varlen          history_combine_done                                           72.784     73.344
dcp_mega_varlen          publish_done                                                   72.784     73.344
dcp_mega_varlen          receive_done                                                   81.184     82.208
dcp_mega_varlen          final_combine_done                                             87.328     88.291
dcp_mega_varlen          kernel_done                                                    87.680     88.643
dcp_mega_varlen          post_completion/q_done_to_publish_done                         60.832     61.251
dcp_mega_varlen          post_completion/publish_done_to_receive_done                   10.128     11.504
dcp_mega_varlen          post_completion/attention_done_to_history_combine_done         12.352     12.810
dcp_mega_varlen          post_completion/history_combine_done_to_final_combine_done     16.384     17.488
Wrote benchmark JSON to benchmark_logs/experiment_suite/dcp-suite/01_dcp_wave-b-timestamps-20260814-132129/results/arrival_1/dcp_8/critical_wave_auto_lpt/comm_sm_16/case_000090_dcp8_hkv1_eager.json

================================================================================
Mega comm_sm=16, case 92/100: case_000091_dcp8_hkv1: B=13, Sq=[16, 16, 16, 16, 16, 16, 16, 16, 16, 16, 16, 592, 4096], Sk=[2360, 3183, 6866, 16663, 2988, 18236, 4289, 52311, 3042, 4364, 52034, 16896, 512], DCP=8, Hkv=1
================================================================================
Config: world_size=8, methods=['dcp_mega_varlen'], QH=32, KVH=1, D=128, TP=8, DCP=8, workload=chunk, execution=eager, baseline_phase_timing=False, warmup=40, iters=60, check=False
Workload: B=13, q_tokens=4864, history_tokens=183744, q_seqlens=[16, 16, 16, 16, 16, 16, 16, 16, 16, 16, 16, 592, 4096], history_seqlens=[2360, 3183, 6866, 16663, 2988, 18236, 4289, 52311, 3042, 4364, 52034, 16896, 512]
Agg TFLOPS uses useful attention work across all TP ranks and p50(max_across_ranks); Avg/GPU divides it by world_size.
KV GB/s/GPU is average logical BF16 K+V bytes read per TP rank divided by p50(max_across_ranks); it is not hardware-counter HBM traffic.

Running B=13, q_tokens=4864, history_tokens=183744, causal=True

B=13, q_tokens=4864, history_tokens=183744, QH=32, KVH=1, D=128, TP=8, DCP=8, mode=causal
Method                   Time ms                                                                                                                                     Agg TFLOPS    Avg/GPU  KV GB/s/GPU      Check  Note
dcp_mega_varlen          t0=0.408, t1=0.409, t2=0.408, t3=0.409, t4=0.408, t5=0.407, t6=0.410, t7=0.404 | p50(max_across_ranks)=0.415, p90(max_across_ranks)=0.424        920.2      115.0         34.3       skip  eager; output=bf16_ipc_a2a; runner_preallocated; timing=mega_kernel_only

Mega %globaltimer phase timestamps (per-iteration maximum across benchmark ranks, then p50/p90 across samples; us)
Method                   Phase                                                             p50        p90
dcp_mega_varlen          kernel_start                                                    0.000      0.000
dcp_mega_varlen          q_allgather_done                                              131.952    135.789
dcp_mega_varlen          attention_done                                                141.120    145.789
dcp_mega_varlen          history_combine_done                                          289.200    293.642
dcp_mega_varlen          publish_done                                                  289.200    293.642
dcp_mega_varlen          receive_done                                                  379.408    389.488
dcp_mega_varlen          final_combine_done                                            407.456    416.707
dcp_mega_varlen          kernel_done                                                   407.760    417.059
dcp_mega_varlen          post_completion/q_done_to_publish_done                        159.296    160.819
dcp_mega_varlen          post_completion/publish_done_to_receive_done                   94.304    101.850
dcp_mega_varlen          post_completion/attention_done_to_history_combine_done        150.016    150.918
dcp_mega_varlen          post_completion/history_combine_done_to_final_combine_done    123.040    128.176
Wrote benchmark JSON to benchmark_logs/experiment_suite/dcp-suite/01_dcp_wave-b-timestamps-20260814-132129/results/arrival_1/dcp_8/critical_wave_auto_lpt/comm_sm_16/case_000091_dcp8_hkv1_eager.json

================================================================================
Mega comm_sm=16, case 93/100: case_000092_dcp8_hkv1: B=8, Sq=[16, 16, 16, 16, 16, 16, 16, 16], Sk=[35428, 57819, 1362, 16824, 24141, 1061, 4085, 17397], DCP=8, Hkv=1
================================================================================
Config: world_size=8, methods=['dcp_mega_varlen'], QH=32, KVH=1, D=128, TP=8, DCP=8, workload=chunk, execution=eager, baseline_phase_timing=False, warmup=40, iters=60, check=False
Workload: B=8, q_tokens=128, history_tokens=158117, q_seqlens=[16, 16, 16, 16, 16, 16, 16, 16], history_seqlens=[35428, 57819, 1362, 16824, 24141, 1061, 4085, 17397]
Agg TFLOPS uses useful attention work across all TP ranks and p50(max_across_ranks); Avg/GPU divides it by world_size.
KV GB/s/GPU is average logical BF16 K+V bytes read per TP rank divided by p50(max_across_ranks); it is not hardware-counter HBM traffic.

Running B=8, q_tokens=128, history_tokens=158117, causal=True

B=8, q_tokens=128, history_tokens=158117, QH=32, KVH=1, D=128, TP=8, DCP=8, mode=causal
Method                   Time ms                                                                                                                                     Agg TFLOPS    Avg/GPU  KV GB/s/GPU      Check  Note
dcp_mega_varlen          t0=0.087, t1=0.088, t2=0.087, t3=0.088, t4=0.087, t5=0.088, t6=0.087, t7=0.085 | p50(max_across_ranks)=0.089, p90(max_across_ranks)=0.094        466.7       58.3        114.6       skip  eager; output=bf16_ipc_a2a; runner_preallocated; timing=mega_kernel_only

Mega %globaltimer phase timestamps (per-iteration maximum across benchmark ranks, then p50/p90 across samples; us)
Method                   Phase                                                             p50        p90
dcp_mega_varlen          kernel_start                                                    0.000      0.000
dcp_mega_varlen          q_allgather_done                                                6.944      7.232
dcp_mega_varlen          attention_done                                                 59.360     59.843
dcp_mega_varlen          history_combine_done                                           69.424     70.150
dcp_mega_varlen          publish_done                                                   69.424     70.150
dcp_mega_varlen          receive_done                                                   75.120     79.910
dcp_mega_varlen          final_combine_done                                             81.344     86.442
dcp_mega_varlen          kernel_done                                                    81.680     86.762
dcp_mega_varlen          post_completion/q_done_to_publish_done                         62.800     63.555
dcp_mega_varlen          post_completion/publish_done_to_receive_done                    8.192     13.056
dcp_mega_varlen          post_completion/attention_done_to_history_combine_done         10.496     11.203
dcp_mega_varlen          post_completion/history_combine_done_to_final_combine_done     14.576     19.616
Wrote benchmark JSON to benchmark_logs/experiment_suite/dcp-suite/01_dcp_wave-b-timestamps-20260814-132129/results/arrival_1/dcp_8/critical_wave_auto_lpt/comm_sm_16/case_000092_dcp8_hkv1_eager.json

================================================================================
Mega comm_sm=16, case 94/100: case_000093_dcp8_hkv1: B=13, Sq=[16, 16, 16, 16, 16, 16, 16, 16, 16, 16, 16, 16, 16], Sk=[1286, 1252, 7040, 7094, 1880, 9881, 28012, 10260, 2061, 12888, 4519, 3652, 30575], DCP=8, Hkv=1
================================================================================
Config: world_size=8, methods=['dcp_mega_varlen'], QH=32, KVH=1, D=128, TP=8, DCP=8, workload=chunk, execution=eager, baseline_phase_timing=False, warmup=40, iters=60, check=False
Workload: B=13, q_tokens=208, history_tokens=120400, q_seqlens=[16, 16, 16, 16, 16, 16, 16, 16, 16, 16, 16, 16, 16], history_seqlens=[1286, 1252, 7040, 7094, 1880, 9881, 28012, 10260, 2061, 12888, 4519, 3652, 30575]
Agg TFLOPS uses useful attention work across all TP ranks and p50(max_across_ranks); Avg/GPU divides it by world_size.
KV GB/s/GPU is average logical BF16 K+V bytes read per TP rank divided by p50(max_across_ranks); it is not hardware-counter HBM traffic.

Running B=13, q_tokens=208, history_tokens=120400, causal=True

B=13, q_tokens=208, history_tokens=120400, QH=32, KVH=1, D=128, TP=8, DCP=8, mode=causal
Method                   Time ms                                                                                                                                     Agg TFLOPS    Avg/GPU  KV GB/s/GPU      Check  Note
dcp_mega_varlen          t0=0.088, t1=0.088, t2=0.087, t3=0.088, t4=0.087, t5=0.087, t6=0.086, t7=0.084 | p50(max_across_ranks)=0.088, p90(max_across_ranks)=0.141        357.2       44.7         88.3       skip  eager; output=bf16_ipc_a2a; runner_preallocated; timing=mega_kernel_only

Mega %globaltimer phase timestamps (per-iteration maximum across benchmark ranks, then p50/p90 across samples; us)
Method                   Phase                                                             p50        p90
dcp_mega_varlen          kernel_start                                                    0.000      0.000
dcp_mega_varlen          q_allgather_done                                               12.000     12.870
dcp_mega_varlen          attention_done                                                 57.552     58.371
dcp_mega_varlen          history_combine_done                                           68.256     69.152
dcp_mega_varlen          publish_done                                                   68.256     69.152
dcp_mega_varlen          receive_done                                                   74.096    126.195
dcp_mega_varlen          final_combine_done                                             80.848    133.197
dcp_mega_varlen          kernel_done                                                    81.072    133.430
dcp_mega_varlen          post_completion/q_done_to_publish_done                         56.624     57.184
dcp_mega_varlen          post_completion/publish_done_to_receive_done                    8.208     60.592
dcp_mega_varlen          post_completion/attention_done_to_history_combine_done         11.040     11.712
dcp_mega_varlen          post_completion/history_combine_done_to_final_combine_done     15.184     67.683
Wrote benchmark JSON to benchmark_logs/experiment_suite/dcp-suite/01_dcp_wave-b-timestamps-20260814-132129/results/arrival_1/dcp_8/critical_wave_auto_lpt/comm_sm_16/case_000093_dcp8_hkv1_eager.json

================================================================================
Mega comm_sm=16, case 95/100: case_000094_dcp8_hkv1: B=5, Sq=[16, 16, 16, 16, 16], Sk=[8472, 3751, 18873, 1565, 1892], DCP=8, Hkv=1
================================================================================
Config: world_size=8, methods=['dcp_mega_varlen'], QH=32, KVH=1, D=128, TP=8, DCP=8, workload=chunk, execution=eager, baseline_phase_timing=False, warmup=40, iters=60, check=False
Workload: B=5, q_tokens=80, history_tokens=34553, q_seqlens=[16, 16, 16, 16, 16], history_seqlens=[8472, 3751, 18873, 1565, 1892]
Agg TFLOPS uses useful attention work across all TP ranks and p50(max_across_ranks); Avg/GPU divides it by world_size.
KV GB/s/GPU is average logical BF16 K+V bytes read per TP rank divided by p50(max_across_ranks); it is not hardware-counter HBM traffic.

Running B=5, q_tokens=80, history_tokens=34553, causal=True

B=5, q_tokens=80, history_tokens=34553, QH=32, KVH=1, D=128, TP=8, DCP=8, mode=causal
Method                   Time ms                                                                                                                                     Agg TFLOPS    Avg/GPU  KV GB/s/GPU      Check  Note
dcp_mega_varlen          t0=0.057, t1=0.055, t2=0.056, t3=0.056, t4=0.056, t5=0.056, t6=0.056, t7=0.054 | p50(max_across_ranks)=0.057, p90(max_across_ranks)=0.058        158.2       19.8         39.3       skip  eager; output=bf16_ipc_a2a; runner_preallocated; timing=mega_kernel_only

Mega %globaltimer phase timestamps (per-iteration maximum across benchmark ranks, then p50/p90 across samples; us)
Method                   Phase                                                             p50        p90
dcp_mega_varlen          kernel_start                                                    0.000      0.000
dcp_mega_varlen          q_allgather_done                                                5.696      5.792
dcp_mega_varlen          attention_done                                                 25.632     25.898
dcp_mega_varlen          history_combine_done                                           38.144     38.816
dcp_mega_varlen          publish_done                                                   38.144     38.816
dcp_mega_varlen          receive_done                                                   44.064     45.011
dcp_mega_varlen          final_combine_done                                             49.616     50.592
dcp_mega_varlen          kernel_done                                                    49.872     50.826
dcp_mega_varlen          post_completion/q_done_to_publish_done                         32.800     33.344
dcp_mega_varlen          post_completion/publish_done_to_receive_done                    7.376      9.130
dcp_mega_varlen          post_completion/attention_done_to_history_combine_done         12.784     13.507
dcp_mega_varlen          post_completion/history_combine_done_to_final_combine_done     13.360     14.768
Wrote benchmark JSON to benchmark_logs/experiment_suite/dcp-suite/01_dcp_wave-b-timestamps-20260814-132129/results/arrival_1/dcp_8/critical_wave_auto_lpt/comm_sm_16/case_000094_dcp8_hkv1_eager.json

================================================================================
Mega comm_sm=16, case 96/100: case_000095_dcp8_hkv1: B=8, Sq=[16, 16, 16, 16, 16, 16, 16, 16], Sk=[2476, 5076, 34310, 1428, 4047, 996, 7357, 5854], DCP=8, Hkv=1
================================================================================
Config: world_size=8, methods=['dcp_mega_varlen'], QH=32, KVH=1, D=128, TP=8, DCP=8, workload=chunk, execution=eager, baseline_phase_timing=False, warmup=40, iters=60, check=False
Workload: B=8, q_tokens=128, history_tokens=61544, q_seqlens=[16, 16, 16, 16, 16, 16, 16, 16], history_seqlens=[2476, 5076, 34310, 1428, 4047, 996, 7357, 5854]
Agg TFLOPS uses useful attention work across all TP ranks and p50(max_across_ranks); Avg/GPU divides it by world_size.
KV GB/s/GPU is average logical BF16 K+V bytes read per TP rank divided by p50(max_across_ranks); it is not hardware-counter HBM traffic.

Running B=8, q_tokens=128, history_tokens=61544, causal=True

B=8, q_tokens=128, history_tokens=61544, QH=32, KVH=1, D=128, TP=8, DCP=8, mode=causal
Method                   Time ms                                                                                                                                     Agg TFLOPS    Avg/GPU  KV GB/s/GPU      Check  Note
dcp_mega_varlen          t0=0.058, t1=0.058, t2=0.056, t3=0.059, t4=0.058, t5=0.058, t6=0.058, t7=0.055 | p50(max_across_ranks)=0.059, p90(max_across_ranks)=0.060        273.8       34.2         67.9       skip  eager; output=bf16_ipc_a2a; runner_preallocated; timing=mega_kernel_only

Mega %globaltimer phase timestamps (per-iteration maximum across benchmark ranks, then p50/p90 across samples; us)
Method                   Phase                                                             p50        p90
dcp_mega_varlen          kernel_start                                                    0.000      0.000
dcp_mega_varlen          q_allgather_done                                                6.976      7.264
dcp_mega_varlen          attention_done                                                 26.432     26.723
dcp_mega_varlen          history_combine_done                                           39.456     40.291
dcp_mega_varlen          publish_done                                                   39.456     40.291
dcp_mega_varlen          receive_done                                                   45.536     46.598
dcp_mega_varlen          final_combine_done                                             51.600     52.755
dcp_mega_varlen          kernel_done                                                    51.952     53.075
dcp_mega_varlen          post_completion/q_done_to_publish_done                         32.608     33.475
dcp_mega_varlen          post_completion/publish_done_to_receive_done                    7.888      9.482
dcp_mega_varlen          post_completion/attention_done_to_history_combine_done         13.264     14.144
dcp_mega_varlen          post_completion/history_combine_done_to_final_combine_done     14.208     15.590
Wrote benchmark JSON to benchmark_logs/experiment_suite/dcp-suite/01_dcp_wave-b-timestamps-20260814-132129/results/arrival_1/dcp_8/critical_wave_auto_lpt/comm_sm_16/case_000095_dcp8_hkv1_eager.json

================================================================================
Mega comm_sm=16, case 97/100: case_000096_dcp8_hkv1: B=17, Sq=[16, 16, 16, 16, 16, 16, 16, 16, 16, 16, 16, 16, 16, 16, 16, 16, 16], Sk=[63460, 13315, 1376, 14715, 22633, 4804, 10229, 1399, 6367, 1776, 5206, 26885, 16890, 4411, 966, 10503, 34048], DCP=8, Hkv=1
================================================================================
Config: world_size=8, methods=['dcp_mega_varlen'], QH=32, KVH=1, D=128, TP=8, DCP=8, workload=chunk, execution=eager, baseline_phase_timing=False, warmup=40, iters=60, check=False
Workload: B=17, q_tokens=272, history_tokens=238983, q_seqlens=[16, 16, 16, 16, 16, 16, 16, 16, 16, 16, 16, 16, 16, 16, 16, 16, 16], history_seqlens=[63460, 13315, 1376, 14715, 22633, 4804, 10229, 1399, 6367, 1776, 5206, 26885, 16890, 4411, 966, 10503, 34048]
Agg TFLOPS uses useful attention work across all TP ranks and p50(max_across_ranks); Avg/GPU divides it by world_size.
KV GB/s/GPU is average logical BF16 K+V bytes read per TP rank divided by p50(max_across_ranks); it is not hardware-counter HBM traffic.

Running B=17, q_tokens=272, history_tokens=238983, causal=True

B=17, q_tokens=272, history_tokens=238983, QH=32, KVH=1, D=128, TP=8, DCP=8, mode=causal
Method                   Time ms                                                                                                                                     Agg TFLOPS    Avg/GPU  KV GB/s/GPU      Check  Note
dcp_mega_varlen          t0=0.094, t1=0.093, t2=0.094, t3=0.096, t4=0.094, t5=0.094, t6=0.095, t7=0.091 | p50(max_across_ranks)=0.096, p90(max_across_ranks)=0.097        653.2       81.6        160.8       skip  eager; output=bf16_ipc_a2a; runner_preallocated; timing=mega_kernel_only

Mega %globaltimer phase timestamps (per-iteration maximum across benchmark ranks, then p50/p90 across samples; us)
Method                   Phase                                                             p50        p90
dcp_mega_varlen          kernel_start                                                    0.000      0.000
dcp_mega_varlen          q_allgather_done                                               12.720     13.184
dcp_mega_varlen          attention_done                                                 62.080     62.467
dcp_mega_varlen          history_combine_done                                           74.416     74.723
dcp_mega_varlen          publish_done                                                   74.416     74.723
dcp_mega_varlen          receive_done                                                   82.352     83.331
dcp_mega_varlen          final_combine_done                                             88.496     89.450
dcp_mega_varlen          kernel_done                                                    88.800     89.770
dcp_mega_varlen          post_completion/q_done_to_publish_done                         62.160     62.624
dcp_mega_varlen          post_completion/publish_done_to_receive_done                    9.376     11.171
dcp_mega_varlen          post_completion/attention_done_to_history_combine_done         12.848     13.222
dcp_mega_varlen          post_completion/history_combine_done_to_final_combine_done     15.344     17.069
Wrote benchmark JSON to benchmark_logs/experiment_suite/dcp-suite/01_dcp_wave-b-timestamps-20260814-132129/results/arrival_1/dcp_8/critical_wave_auto_lpt/comm_sm_16/case_000096_dcp8_hkv1_eager.json

================================================================================
Mega comm_sm=16, case 98/100: case_000097_dcp8_hkv1: B=6, Sq=[16, 16, 16, 16, 16, 16], Sk=[1256, 1816, 17135, 4887, 1318, 1624], DCP=8, Hkv=1
================================================================================
Config: world_size=8, methods=['dcp_mega_varlen'], QH=32, KVH=1, D=128, TP=8, DCP=8, workload=chunk, execution=eager, baseline_phase_timing=False, warmup=40, iters=60, check=False
Workload: B=6, q_tokens=96, history_tokens=28036, q_seqlens=[16, 16, 16, 16, 16, 16], history_seqlens=[1256, 1816, 17135, 4887, 1318, 1624]
Agg TFLOPS uses useful attention work across all TP ranks and p50(max_across_ranks); Avg/GPU divides it by world_size.
KV GB/s/GPU is average logical BF16 K+V bytes read per TP rank divided by p50(max_across_ranks); it is not hardware-counter HBM traffic.

Running B=6, q_tokens=96, history_tokens=28036, causal=True

B=6, q_tokens=96, history_tokens=28036, QH=32, KVH=1, D=128, TP=8, DCP=8, mode=causal
Method                   Time ms                                                                                                                                     Agg TFLOPS    Avg/GPU  KV GB/s/GPU      Check  Note
dcp_mega_varlen          t0=0.053, t1=0.052, t2=0.051, t3=0.053, t4=0.052, t5=0.053, t6=0.053, t7=0.050 | p50(max_across_ranks)=0.054, p90(max_across_ranks)=0.055        137.6       17.2         34.5       skip  eager; output=bf16_ipc_a2a; runner_preallocated; timing=mega_kernel_only

Mega %globaltimer phase timestamps (per-iteration maximum across benchmark ranks, then p50/p90 across samples; us)
Method                   Phase                                                             p50        p90
dcp_mega_varlen          kernel_start                                                    0.000      0.000
dcp_mega_varlen          q_allgather_done                                                5.984      6.176
dcp_mega_varlen          attention_done                                                 20.832     21.030
dcp_mega_varlen          history_combine_done                                           33.728     34.186
dcp_mega_varlen          publish_done                                                   33.728     34.186
dcp_mega_varlen          receive_done                                                   40.416     42.118
dcp_mega_varlen          final_combine_done                                             46.128     47.558
dcp_mega_varlen          kernel_done                                                    46.448     47.882
dcp_mega_varlen          post_completion/q_done_to_publish_done                         27.888     28.416
dcp_mega_varlen          post_completion/publish_done_to_receive_done                    8.432     10.086
dcp_mega_varlen          post_completion/attention_done_to_history_combine_done         13.120     13.632
dcp_mega_varlen          post_completion/history_combine_done_to_final_combine_done     14.144     16.576
Wrote benchmark JSON to benchmark_logs/experiment_suite/dcp-suite/01_dcp_wave-b-timestamps-20260814-132129/results/arrival_1/dcp_8/critical_wave_auto_lpt/comm_sm_16/case_000097_dcp8_hkv1_eager.json

================================================================================
Mega comm_sm=16, case 99/100: case_000098_dcp8_hkv1: B=3, Sq=[16, 16, 400], Sk=[1631, 1956, 512], DCP=8, Hkv=1
================================================================================
Config: world_size=8, methods=['dcp_mega_varlen'], QH=32, KVH=1, D=128, TP=8, DCP=8, workload=chunk, execution=eager, baseline_phase_timing=False, warmup=40, iters=60, check=False
Workload: B=3, q_tokens=432, history_tokens=4099, q_seqlens=[16, 16, 400], history_seqlens=[1631, 1956, 512]
Agg TFLOPS uses useful attention work across all TP ranks and p50(max_across_ranks); Avg/GPU divides it by world_size.
KV GB/s/GPU is average logical BF16 K+V bytes read per TP rank divided by p50(max_across_ranks); it is not hardware-counter HBM traffic.

Running B=3, q_tokens=432, history_tokens=4099, causal=True

B=3, q_tokens=432, history_tokens=4099, QH=32, KVH=1, D=128, TP=8, DCP=8, mode=causal
Method                   Time ms                                                                                                                                     Agg TFLOPS    Avg/GPU  KV GB/s/GPU      Check  Note
dcp_mega_varlen          t0=0.070, t1=0.069, t2=0.069, t3=0.070, t4=0.069, t5=0.069, t6=0.070, t7=0.068 | p50(max_across_ranks)=0.071, p90(max_across_ranks)=0.073         78.7        9.8          6.8       skip  eager; output=bf16_ipc_a2a; runner_preallocated; timing=mega_kernel_only

Mega %globaltimer phase timestamps (per-iteration maximum across benchmark ranks, then p50/p90 across samples; us)
Method                   Phase                                                             p50        p90
dcp_mega_varlen          kernel_start                                                    0.000      0.000
dcp_mega_varlen          q_allgather_done                                               17.280     17.632
dcp_mega_varlen          attention_done                                                 26.688     27.302
dcp_mega_varlen          history_combine_done                                           45.392     46.246
dcp_mega_varlen          publish_done                                                   45.392     46.246
dcp_mega_varlen          receive_done                                                   56.912     58.880
dcp_mega_varlen          final_combine_done                                             63.584     65.859
dcp_mega_varlen          kernel_done                                                    63.840     66.176
dcp_mega_varlen          post_completion/q_done_to_publish_done                         28.800     29.478
dcp_mega_varlen          post_completion/publish_done_to_receive_done                   13.088     15.245
dcp_mega_varlen          post_completion/attention_done_to_history_combine_done         19.712     20.611
dcp_mega_varlen          post_completion/history_combine_done_to_final_combine_done     19.680     21.894
Wrote benchmark JSON to benchmark_logs/experiment_suite/dcp-suite/01_dcp_wave-b-timestamps-20260814-132129/results/arrival_1/dcp_8/critical_wave_auto_lpt/comm_sm_16/case_000098_dcp8_hkv1_eager.json

================================================================================
Mega comm_sm=16, case 100/100: case_000099_dcp8_hkv1: B=10, Sq=[16, 16, 16, 16, 16, 16, 16, 16, 16, 16], Sk=[1728, 22644, 1431, 5197, 11475, 17491, 6091, 5082, 963, 1688], DCP=8, Hkv=1
================================================================================
Config: world_size=8, methods=['dcp_mega_varlen'], QH=32, KVH=1, D=128, TP=8, DCP=8, workload=chunk, execution=eager, baseline_phase_timing=False, warmup=40, iters=60, check=False
Workload: B=10, q_tokens=160, history_tokens=73790, q_seqlens=[16, 16, 16, 16, 16, 16, 16, 16, 16, 16], history_seqlens=[1728, 22644, 1431, 5197, 11475, 17491, 6091, 5082, 963, 1688]
Agg TFLOPS uses useful attention work across all TP ranks and p50(max_across_ranks); Avg/GPU divides it by world_size.
KV GB/s/GPU is average logical BF16 K+V bytes read per TP rank divided by p50(max_across_ranks); it is not hardware-counter HBM traffic.

Running B=10, q_tokens=160, history_tokens=73790, causal=True

B=10, q_tokens=160, history_tokens=73790, QH=32, KVH=1, D=128, TP=8, DCP=8, mode=causal
Method                   Time ms                                                                                                                                     Agg TFLOPS    Avg/GPU  KV GB/s/GPU      Check  Note
dcp_mega_varlen          t0=0.068, t1=0.068, t2=0.067, t3=0.068, t4=0.068, t5=0.068, t6=0.068, t7=0.065 | p50(max_across_ranks)=0.069, p90(max_across_ranks)=0.071        280.0       35.0         69.5       skip  eager; output=bf16_ipc_a2a; runner_preallocated; timing=mega_kernel_only

Mega %globaltimer phase timestamps (per-iteration maximum across benchmark ranks, then p50/p90 across samples; us)
Method                   Phase                                                             p50        p90
dcp_mega_varlen          kernel_start                                                    0.000      0.000
dcp_mega_varlen          q_allgather_done                                                8.288      8.614
dcp_mega_varlen          attention_done                                                 38.176     38.656
dcp_mega_varlen          history_combine_done                                           49.360     50.240
dcp_mega_varlen          publish_done                                                   49.360     50.240
dcp_mega_varlen          receive_done                                                   55.760     56.960
dcp_mega_varlen          final_combine_done                                             61.760     62.909
dcp_mega_varlen          kernel_done                                                    62.096     63.229
dcp_mega_varlen          post_completion/q_done_to_publish_done                         41.728     42.627
dcp_mega_varlen          post_completion/publish_done_to_receive_done                    9.280     11.866
dcp_mega_varlen          post_completion/attention_done_to_history_combine_done         12.096     12.707
dcp_mega_varlen          post_completion/history_combine_done_to_final_combine_done     15.056     17.734
Wrote benchmark JSON to benchmark_logs/experiment_suite/dcp-suite/01_dcp_wave-b-timestamps-20260814-132129/results/arrival_1/dcp_8/critical_wave_auto_lpt/comm_sm_16/case_000099_dcp8_hkv1_eager.json

Mega comm_sm=16 summary

Mega DCP batch summary
Case                   DCP Method                       p50 ms     p90 ms   Agg TFLOPS
case_000000_dcp8_hkv1    8 dcp_mega_varlen               0.072      0.073        405.1
case_000001_dcp8_hkv1    8 dcp_mega_varlen               0.053      0.055        100.6
case_000002_dcp8_hkv1    8 dcp_mega_varlen               0.083      0.086        411.3
case_000003_dcp8_hkv1    8 dcp_mega_varlen               0.057      0.059        378.4
case_000004_dcp8_hkv1    8 dcp_mega_varlen               0.063      0.064        214.4
case_000005_dcp8_hkv1    8 dcp_mega_varlen               0.054      0.058        250.4
case_000006_dcp8_hkv1    8 dcp_mega_varlen               0.096      0.120        584.4
case_000007_dcp8_hkv1    8 dcp_mega_varlen               0.070      0.129        255.4
case_000008_dcp8_hkv1    8 dcp_mega_varlen               0.089      0.110        427.7
case_000009_dcp8_hkv1    8 dcp_mega_varlen               0.069      0.084        254.5
case_000010_dcp8_hkv1    8 dcp_mega_varlen               0.056      0.056        215.1
case_000011_dcp8_hkv1    8 dcp_mega_varlen               0.074      0.077        406.5
case_000012_dcp8_hkv1    8 dcp_mega_varlen               0.068      0.070        328.5
case_000013_dcp8_hkv1    8 dcp_mega_varlen               0.079      0.080        580.4
case_000014_dcp8_hkv1    8 dcp_mega_varlen               1.701      1.756       4475.2
case_000015_dcp8_hkv1    8 dcp_mega_varlen               0.061      0.063        483.0
case_000016_dcp8_hkv1    8 dcp_mega_varlen               0.084      0.085        381.4
case_000017_dcp8_hkv1    8 dcp_mega_varlen               0.065      0.066        414.4
case_000018_dcp8_hkv1    8 dcp_mega_varlen               0.067      0.070        332.2
case_000019_dcp8_hkv1    8 dcp_mega_varlen               0.088      0.093        445.3
case_000020_dcp8_hkv1    8 dcp_mega_varlen               0.366      0.372        537.5
case_000021_dcp8_hkv1    8 dcp_mega_varlen               0.069      0.070        478.6
case_000022_dcp8_hkv1    8 dcp_mega_varlen               0.065      0.077        341.1
case_000023_dcp8_hkv1    8 dcp_mega_varlen               0.065      0.072        343.3
case_000024_dcp8_hkv1    8 dcp_mega_varlen               0.053      0.055         81.3
case_000025_dcp8_hkv1    8 dcp_mega_varlen               0.092      0.092        479.5
case_000026_dcp8_hkv1    8 dcp_mega_varlen               0.066      0.068        255.9
case_000027_dcp8_hkv1    8 dcp_mega_varlen               0.084      0.086        480.7
case_000028_dcp8_hkv1    8 dcp_mega_varlen               0.073      0.075        378.0
case_000029_dcp8_hkv1    8 dcp_mega_varlen               0.071      0.072        615.0
case_000030_dcp8_hkv1    8 dcp_mega_varlen               0.068      0.070        344.2
case_000031_dcp8_hkv1    8 dcp_mega_varlen               0.065      0.066        207.1
case_000032_dcp8_hkv1    8 dcp_mega_varlen               1.323      1.330       4288.9
case_000033_dcp8_hkv1    8 dcp_mega_varlen               0.066      0.068        288.4
case_000034_dcp8_hkv1    8 dcp_mega_varlen               0.060      0.063        287.7
case_000035_dcp8_hkv1    8 dcp_mega_varlen               0.063      0.064        220.0
case_000036_dcp8_hkv1    8 dcp_mega_varlen               0.082      0.085        605.8
case_000037_dcp8_hkv1    8 dcp_mega_varlen               0.166      0.205       2146.1
case_000038_dcp8_hkv1    8 dcp_mega_varlen               0.062      0.064        285.3
case_000039_dcp8_hkv1    8 dcp_mega_varlen               0.064      0.067        276.7
case_000040_dcp8_hkv1    8 dcp_mega_varlen               0.072      0.079        399.9
case_000041_dcp8_hkv1    8 dcp_mega_varlen               0.064      0.109        254.6
case_000042_dcp8_hkv1    8 dcp_mega_varlen               0.112      0.113        750.7
case_000043_dcp8_hkv1    8 dcp_mega_varlen               0.095      0.096        627.0
case_000044_dcp8_hkv1    8 dcp_mega_varlen               0.100      0.101        610.3
case_000045_dcp8_hkv1    8 dcp_mega_varlen               0.062      0.063        230.7
case_000046_dcp8_hkv1    8 dcp_mega_varlen               0.061      0.062        248.7
case_000047_dcp8_hkv1    8 dcp_mega_varlen               0.066      0.067        535.6
case_000048_dcp8_hkv1    8 dcp_mega_varlen               0.069      0.070        268.1
case_000049_dcp8_hkv1    8 dcp_mega_varlen               0.071      0.072        419.9
case_000050_dcp8_hkv1    8 dcp_mega_varlen               0.066      0.067        325.7
case_000051_dcp8_hkv1    8 dcp_mega_varlen               0.064      0.065        290.4
case_000052_dcp8_hkv1    8 dcp_mega_varlen               0.071      0.073        291.1
case_000053_dcp8_hkv1    8 dcp_mega_varlen               0.076      0.078        488.1
case_000054_dcp8_hkv1    8 dcp_mega_varlen               0.105      0.109        300.4
case_000055_dcp8_hkv1    8 dcp_mega_varlen               0.060      0.063        169.5
case_000056_dcp8_hkv1    8 dcp_mega_varlen               0.074      0.082        393.2
case_000057_dcp8_hkv1    8 dcp_mega_varlen               0.070      0.071        391.6
case_000058_dcp8_hkv1    8 dcp_mega_varlen               0.061      0.063        297.2
case_000059_dcp8_hkv1    8 dcp_mega_varlen               0.484      0.491       2093.6
case_000060_dcp8_hkv1    8 dcp_mega_varlen               0.072      0.077        401.2
case_000061_dcp8_hkv1    8 dcp_mega_varlen               0.063      0.065        229.8
case_000062_dcp8_hkv1    8 dcp_mega_varlen               0.068      0.069        342.5
case_000063_dcp8_hkv1    8 dcp_mega_varlen               0.065      0.073        316.5
case_000064_dcp8_hkv1    8 dcp_mega_varlen               0.070      0.071        249.6
case_000065_dcp8_hkv1    8 dcp_mega_varlen               0.085      0.086        226.7
case_000066_dcp8_hkv1    8 dcp_mega_varlen               0.070      0.081        354.0
case_000067_dcp8_hkv1    8 dcp_mega_varlen               0.057      0.058        180.1
case_000068_dcp8_hkv1    8 dcp_mega_varlen               0.077      0.083        427.4
case_000069_dcp8_hkv1    8 dcp_mega_varlen               0.072      0.077        439.3
case_000070_dcp8_hkv1    8 dcp_mega_varlen               0.062      0.090        204.4
case_000071_dcp8_hkv1    8 dcp_mega_varlen               0.068      0.069        524.9
case_000072_dcp8_hkv1    8 dcp_mega_varlen               0.053      0.055         65.0
case_000073_dcp8_hkv1    8 dcp_mega_varlen               0.065      0.066        579.8
case_000074_dcp8_hkv1    8 dcp_mega_varlen               0.093      0.095        694.2
case_000075_dcp8_hkv1    8 dcp_mega_varlen               0.082      0.089        398.1
case_000076_dcp8_hkv1    8 dcp_mega_varlen               0.060      0.063        323.8
case_000077_dcp8_hkv1    8 dcp_mega_varlen               1.107      1.130       3076.9
case_000078_dcp8_hkv1    8 dcp_mega_varlen               0.085      0.087        340.3
case_000079_dcp8_hkv1    8 dcp_mega_varlen               0.108      0.109        665.0
case_000080_dcp8_hkv1    8 dcp_mega_varlen               0.072      0.073        273.9
case_000081_dcp8_hkv1    8 dcp_mega_varlen               0.073      0.074        277.1
case_000082_dcp8_hkv1    8 dcp_mega_varlen               0.072      0.074        308.7
case_000083_dcp8_hkv1    8 dcp_mega_varlen               0.061      0.062        355.2
case_000084_dcp8_hkv1    8 dcp_mega_varlen               0.367      0.376        540.6
case_000085_dcp8_hkv1    8 dcp_mega_varlen               0.117      0.119        198.4
case_000086_dcp8_hkv1    8 dcp_mega_varlen               0.071      0.072        394.9
case_000087_dcp8_hkv1    8 dcp_mega_varlen               0.073      0.074        252.9
case_000088_dcp8_hkv1    8 dcp_mega_varlen               0.087      0.088        433.8
case_000089_dcp8_hkv1    8 dcp_mega_varlen               0.062      0.063        396.6
case_000090_dcp8_hkv1    8 dcp_mega_varlen               0.095      0.096        466.2
case_000091_dcp8_hkv1    8 dcp_mega_varlen               0.415      0.424        920.2
case_000092_dcp8_hkv1    8 dcp_mega_varlen               0.089      0.094        466.7
case_000093_dcp8_hkv1    8 dcp_mega_varlen               0.088      0.141        357.2
case_000094_dcp8_hkv1    8 dcp_mega_varlen               0.057      0.058        158.2
case_000095_dcp8_hkv1    8 dcp_mega_varlen               0.059      0.060        273.8
case_000096_dcp8_hkv1    8 dcp_mega_varlen               0.096      0.097        653.2
case_000097_dcp8_hkv1    8 dcp_mega_varlen               0.054      0.055        137.6
case_000098_dcp8_hkv1    8 dcp_mega_varlen               0.071      0.073         78.7
case_000099_dcp8_hkv1    8 dcp_mega_varlen               0.069      0.071        280.0

Mega DCP workload-weighted summary
Topology        DCP Method                     Cases    Mean ms  Mean TFLOPS     Weighted  Weighted/GPU
dcp8_hkv1         8 dcp_mega_varlen              100      0.126        509.4       1692.4         211.6
Wrote batch manifest to benchmark_logs/experiment_suite/dcp-suite/01_dcp_wave-b-timestamps-20260814-132129/results/arrival_1/dcp_8/critical_wave_auto_lpt/manifest.json
