CUDA_VISIBLE_DEVICES=0\,1\,2\,3\,4\,5\,6\,7 /home/hychen/min_fa3_demo/.venv/bin/torchrun --standalone --nproc_per_node=8 --module dcp_test.benchmark_dcp_mega_batch --config dcp_test/configs/dcp_mega_six_loads.json --trace-config dcp_test/trace/example_config.json --trace-cases benchmark_logs/experiment_suite/dcp-suite/01_dcp_wave-b-timestamps-20260814-132129/results/arrival_2/dcp_2/trace/cases.jsonl --trace-arrival-time-scale 2 --trace-dcp-size 2 --num-cases 100 --dcp-sizes 2 --implementations mega --num-splits 0 --mega-block-n auto --mega-num-comm-sms 12 --warmup 40 --iters 60 --no-check --no-cuda-graph --mega-phase-timestamps --no-baseline-phase-timing --no-mega-scheduler-heuristic --mega-history-order fifo --output-dir benchmark_logs/experiment_suite/dcp-suite/01_dcp_wave-b-timestamps-20260814-132129/results/arrival_2/dcp_2/fa3_native_fifo --manifest benchmark_logs/experiment_suite/dcp-suite/01_dcp_wave-b-timestamps-20260814-132129/results/arrival_2/dcp_2/fa3_native_fifo/manifest.json
Mega DCP batch: name=dcp_mega_trace, mode=eager, cases=100, methods=['dcp_mega_varlen'], comm_sm_sweep=[12], baseline_phase_timing=False

================================================================================
Mega comm_sm=12, case 1/100: case_000000_dcp2_hkv4: B=19, Sq=[16, 16, 16, 16, 16, 16, 16, 16, 16, 16, 16, 16, 16, 16, 16, 16, 16, 16, 16], Sk=[1458, 95870, 67433, 1256, 67753, 4966, 8788, 9912, 15221, 15272, 5890, 16546, 11994, 2741, 9023, 7447, 27540, 4161, 18588], DCP=2, Hkv=4
================================================================================
Config: world_size=8, methods=['dcp_mega_varlen'], QH=32, KVH=4, D=128, TP=8, DCP=2, workload=chunk, execution=eager, baseline_phase_timing=False, warmup=40, iters=60, check=False
Workload: B=19, q_tokens=304, history_tokens=391859, q_seqlens=[16, 16, 16, 16, 16, 16, 16, 16, 16, 16, 16, 16, 16, 16, 16, 16, 16, 16, 16], history_seqlens=[1458, 95870, 67433, 1256, 67753, 4966, 8788, 9912, 15221, 15272, 5890, 16546, 11994, 2741, 9023, 7447, 27540, 4161, 18588]
Agg TFLOPS uses useful attention work across all TP ranks and p50(max_across_ranks); Avg/GPU divides it by world_size.
KV GB/s/GPU is average logical BF16 K+V bytes read per TP rank divided by p50(max_across_ranks); it is not hardware-counter HBM traffic.

Running B=19, q_tokens=304, history_tokens=391859, causal=True

B=19, q_tokens=304, history_tokens=391859, QH=32, KVH=4, D=128, TP=8, DCP=2, mode=causal
Method                   Time ms                                                                                                                                     Agg TFLOPS    Avg/GPU  KV GB/s/GPU      Check  Note
dcp_mega_varlen          t0=0.093, t1=0.090, t2=0.093, t3=0.090, t4=0.091, t5=0.092, t6=0.091, t7=0.093 | p50(max_across_ranks)=0.094, p90(max_across_ranks)=0.096       1090.8      136.4       1066.5       skip  eager; output=bf16_ipc_a2a; runner_preallocated; timing=mega_kernel_only

Mega %globaltimer phase timestamps (per-iteration maximum across benchmark ranks, then p50/p90 across samples; us)
Method                   Phase                                                             p50        p90
dcp_mega_varlen          kernel_start                                                    0.000      0.000
dcp_mega_varlen          q_allgather_done                                                4.608      4.736
dcp_mega_varlen          attention_done                                                 66.960     67.904
dcp_mega_varlen          history_combine_done                                           78.144     79.197
dcp_mega_varlen          publish_done                                                   78.144     79.197
dcp_mega_varlen          receive_done                                                   84.032     86.218
dcp_mega_varlen          final_combine_done                                             87.504     89.718
dcp_mega_varlen          kernel_done                                                    87.776     89.942
dcp_mega_varlen          post_completion/q_done_to_publish_done                         73.648     74.630
dcp_mega_varlen          post_completion/publish_done_to_receive_done                    7.664      9.626
dcp_mega_varlen          post_completion/attention_done_to_history_combine_done         13.984     14.915
dcp_mega_varlen          post_completion/history_combine_done_to_final_combine_done     11.200     13.123
Wrote benchmark JSON to benchmark_logs/experiment_suite/dcp-suite/01_dcp_wave-b-timestamps-20260814-132129/results/arrival_2/dcp_2/fa3_native_fifo/comm_sm_12/case_000000_dcp2_hkv4_eager.json

================================================================================
Mega comm_sm=12, case 2/100: case_000001_dcp2_hkv4: B=14, Sq=[16, 16, 16, 16, 16, 16, 16, 16, 16, 16, 16, 16, 16, 16], Sk=[2006, 15574, 29934, 1292, 1118, 13418, 11877, 8998, 5191, 1630, 4901, 8137, 999, 7858], DCP=2, Hkv=4
================================================================================
Config: world_size=8, methods=['dcp_mega_varlen'], QH=32, KVH=4, D=128, TP=8, DCP=2, workload=chunk, execution=eager, baseline_phase_timing=False, warmup=40, iters=60, check=False
Workload: B=14, q_tokens=224, history_tokens=112933, q_seqlens=[16, 16, 16, 16, 16, 16, 16, 16, 16, 16, 16, 16, 16, 16], history_seqlens=[2006, 15574, 29934, 1292, 1118, 13418, 11877, 8998, 5191, 1630, 4901, 8137, 999, 7858]
Agg TFLOPS uses useful attention work across all TP ranks and p50(max_across_ranks); Avg/GPU divides it by world_size.
KV GB/s/GPU is average logical BF16 K+V bytes read per TP rank divided by p50(max_across_ranks); it is not hardware-counter HBM traffic.

Running B=14, q_tokens=224, history_tokens=112933, causal=True

B=14, q_tokens=224, history_tokens=112933, QH=32, KVH=4, D=128, TP=8, DCP=2, mode=causal
Method                   Time ms                                                                                                                                     Agg TFLOPS    Avg/GPU  KV GB/s/GPU      Check  Note
dcp_mega_varlen          t0=0.062, t1=0.058, t2=0.055, t3=0.084, t4=0.055, t5=0.086, t6=0.058, t7=0.060 | p50(max_across_ranks)=0.086, p90(max_across_ranks)=0.094        344.5       43.1        337.4       skip  eager; output=bf16_ipc_a2a; runner_preallocated; timing=mega_kernel_only

Mega %globaltimer phase timestamps (per-iteration maximum across benchmark ranks, then p50/p90 across samples; us)
Method                   Phase                                                             p50        p90
dcp_mega_varlen          kernel_start                                                    0.000      0.000
dcp_mega_varlen          q_allgather_done                                                4.480      4.611
dcp_mega_varlen          attention_done                                                 24.560     24.995
dcp_mega_varlen          history_combine_done                                           46.128     47.523
dcp_mega_varlen          publish_done                                                   46.128     47.523
dcp_mega_varlen          receive_done                                                   76.464     84.157
dcp_mega_varlen          final_combine_done                                             79.584     87.165
dcp_mega_varlen          kernel_done                                                    79.888     87.485
dcp_mega_varlen          post_completion/q_done_to_publish_done                         41.920     43.350
dcp_mega_varlen          post_completion/publish_done_to_receive_done                   32.096     39.402
dcp_mega_varlen          post_completion/attention_done_to_history_combine_done         23.168     24.678
dcp_mega_varlen          post_completion/history_combine_done_to_final_combine_done     35.296     42.634
Wrote benchmark JSON to benchmark_logs/experiment_suite/dcp-suite/01_dcp_wave-b-timestamps-20260814-132129/results/arrival_2/dcp_2/fa3_native_fifo/comm_sm_12/case_000001_dcp2_hkv4_eager.json

================================================================================
Mega comm_sm=12, case 3/100: case_000002_dcp2_hkv4: B=14, Sq=[16, 16, 16, 16, 16, 16, 16, 16, 16, 16, 16, 16, 16, 16], Sk=[21598, 18093, 1351, 17231, 66610, 28813, 11887, 6134, 5172, 8666, 83928, 2309, 95046, 5404], DCP=2, Hkv=4
================================================================================
Config: world_size=8, methods=['dcp_mega_varlen'], QH=32, KVH=4, D=128, TP=8, DCP=2, workload=chunk, execution=eager, baseline_phase_timing=False, warmup=40, iters=60, check=False
Workload: B=14, q_tokens=224, history_tokens=372242, q_seqlens=[16, 16, 16, 16, 16, 16, 16, 16, 16, 16, 16, 16, 16, 16], history_seqlens=[21598, 18093, 1351, 17231, 66610, 28813, 11887, 6134, 5172, 8666, 83928, 2309, 95046, 5404]
Agg TFLOPS uses useful attention work across all TP ranks and p50(max_across_ranks); Avg/GPU divides it by world_size.
KV GB/s/GPU is average logical BF16 K+V bytes read per TP rank divided by p50(max_across_ranks); it is not hardware-counter HBM traffic.

Running B=14, q_tokens=224, history_tokens=372242, causal=True

B=14, q_tokens=224, history_tokens=372242, QH=32, KVH=4, D=128, TP=8, DCP=2, mode=causal
Method                   Time ms                                                                                                                                     Agg TFLOPS    Avg/GPU  KV GB/s/GPU      Check  Note
dcp_mega_varlen          t0=0.091, t1=0.090, t2=0.091, t3=0.088, t4=0.088, t5=0.093, t6=0.088, t7=0.090 | p50(max_across_ranks)=0.094, p90(max_across_ranks)=0.100       1043.4      130.4       1019.8       skip  eager; output=bf16_ipc_a2a; runner_preallocated; timing=mega_kernel_only

Mega %globaltimer phase timestamps (per-iteration maximum across benchmark ranks, then p50/p90 across samples; us)
Method                   Phase                                                             p50        p90
dcp_mega_varlen          kernel_start                                                    0.000      0.000
dcp_mega_varlen          q_allgather_done                                                4.672      4.896
dcp_mega_varlen          attention_done                                                 52.016     52.899
dcp_mega_varlen          history_combine_done                                           77.488     78.944
dcp_mega_varlen          publish_done                                                   77.488     78.944
dcp_mega_varlen          receive_done                                                   83.680     89.750
dcp_mega_varlen          final_combine_done                                             87.072     93.245
dcp_mega_varlen          kernel_done                                                    87.408     93.478
dcp_mega_varlen          post_completion/q_done_to_publish_done                         73.232     74.595
dcp_mega_varlen          post_completion/publish_done_to_receive_done                    9.760     16.330
dcp_mega_varlen          post_completion/attention_done_to_history_combine_done         25.920     27.590
dcp_mega_varlen          post_completion/history_combine_done_to_final_combine_done     13.072     19.824
Wrote benchmark JSON to benchmark_logs/experiment_suite/dcp-suite/01_dcp_wave-b-timestamps-20260814-132129/results/arrival_2/dcp_2/fa3_native_fifo/comm_sm_12/case_000002_dcp2_hkv4_eager.json

================================================================================
Mega comm_sm=12, case 4/100: case_000003_dcp2_hkv4: B=8, Sq=[16, 16, 16, 16, 16, 16, 16, 16], Sk=[33687, 6745, 1314, 2395, 1661, 14146, 6849, 3470], DCP=2, Hkv=4
================================================================================
Config: world_size=8, methods=['dcp_mega_varlen'], QH=32, KVH=4, D=128, TP=8, DCP=2, workload=chunk, execution=eager, baseline_phase_timing=False, warmup=40, iters=60, check=False
Workload: B=8, q_tokens=128, history_tokens=70267, q_seqlens=[16, 16, 16, 16, 16, 16, 16, 16], history_seqlens=[33687, 6745, 1314, 2395, 1661, 14146, 6849, 3470]
Agg TFLOPS uses useful attention work across all TP ranks and p50(max_across_ranks); Avg/GPU divides it by world_size.
KV GB/s/GPU is average logical BF16 K+V bytes read per TP rank divided by p50(max_across_ranks); it is not hardware-counter HBM traffic.

Running B=8, q_tokens=128, history_tokens=70267, causal=True

B=8, q_tokens=128, history_tokens=70267, QH=32, KVH=4, D=128, TP=8, DCP=2, mode=causal
Method                   Time ms                                                                                                                                     Agg TFLOPS    Avg/GPU  KV GB/s/GPU      Check  Note
dcp_mega_varlen          t0=0.061, t1=0.059, t2=0.061, t3=0.057, t4=0.058, t5=0.061, t6=0.058, t7=0.059 | p50(max_across_ranks)=0.061, p90(max_across_ranks)=0.064        300.3       37.5        294.1       skip  eager; output=bf16_ipc_a2a; runner_preallocated; timing=mega_kernel_only

Mega %globaltimer phase timestamps (per-iteration maximum across benchmark ranks, then p50/p90 across samples; us)
Method                   Phase                                                             p50        p90
dcp_mega_varlen          kernel_start                                                    0.000      0.000
dcp_mega_varlen          q_allgather_done                                                4.288      4.384
dcp_mega_varlen          attention_done                                                 17.088     17.347
dcp_mega_varlen          history_combine_done                                           45.760     46.246
dcp_mega_varlen          publish_done                                                   45.760     46.246
dcp_mega_varlen          receive_done                                                   51.648     53.216
dcp_mega_varlen          final_combine_done                                             54.528     55.898
dcp_mega_varlen          kernel_done                                                    54.848     56.250
dcp_mega_varlen          post_completion/q_done_to_publish_done                         41.664     42.061
dcp_mega_varlen          post_completion/publish_done_to_receive_done                    6.608      8.554
dcp_mega_varlen          post_completion/attention_done_to_history_combine_done         28.992     29.219
dcp_mega_varlen          post_completion/history_combine_done_to_final_combine_done      9.376     11.494
Wrote benchmark JSON to benchmark_logs/experiment_suite/dcp-suite/01_dcp_wave-b-timestamps-20260814-132129/results/arrival_2/dcp_2/fa3_native_fifo/comm_sm_12/case_000003_dcp2_hkv4_eager.json

================================================================================
Mega comm_sm=12, case 5/100: case_000004_dcp2_hkv4: B=11, Sq=[16, 16, 16, 16, 16, 16, 16, 16, 16, 16, 16], Sk=[10641, 18780, 24398, 9745, 2001, 6759, 2732, 18820, 967, 4559, 18946], DCP=2, Hkv=4
================================================================================
Config: world_size=8, methods=['dcp_mega_varlen'], QH=32, KVH=4, D=128, TP=8, DCP=2, workload=chunk, execution=eager, baseline_phase_timing=False, warmup=40, iters=60, check=False
Workload: B=11, q_tokens=176, history_tokens=118348, q_seqlens=[16, 16, 16, 16, 16, 16, 16, 16, 16, 16, 16], history_seqlens=[10641, 18780, 24398, 9745, 2001, 6759, 2732, 18820, 967, 4559, 18946]
Agg TFLOPS uses useful attention work across all TP ranks and p50(max_across_ranks); Avg/GPU divides it by world_size.
KV GB/s/GPU is average logical BF16 K+V bytes read per TP rank divided by p50(max_across_ranks); it is not hardware-counter HBM traffic.

Running B=11, q_tokens=176, history_tokens=118348, causal=True

B=11, q_tokens=176, history_tokens=118348, QH=32, KVH=4, D=128, TP=8, DCP=2, mode=causal
Method                   Time ms                                                                                                                                     Agg TFLOPS    Avg/GPU  KV GB/s/GPU      Check  Note
dcp_mega_varlen          t0=0.059, t1=0.058, t2=0.059, t3=0.056, t4=0.057, t5=0.058, t6=0.056, t7=0.058 | p50(max_across_ranks)=0.060, p90(max_across_ranks)=0.063        516.1       64.5        505.1       skip  eager; output=bf16_ipc_a2a; runner_preallocated; timing=mega_kernel_only

Mega %globaltimer phase timestamps (per-iteration maximum across benchmark ranks, then p50/p90 across samples; us)
Method                   Phase                                                             p50        p90
dcp_mega_varlen          kernel_start                                                    0.000      0.000
dcp_mega_varlen          q_allgather_done                                                4.512      4.643
dcp_mega_varlen          attention_done                                                 25.216     25.731
dcp_mega_varlen          history_combine_done                                           44.848     45.357
dcp_mega_varlen          publish_done                                                   44.848     45.357
dcp_mega_varlen          receive_done                                                   50.096     53.030
dcp_mega_varlen          final_combine_done                                             53.312     56.112
dcp_mega_varlen          kernel_done                                                    53.584     56.435
dcp_mega_varlen          post_completion/q_done_to_publish_done                         40.512     41.059
dcp_mega_varlen          post_completion/publish_done_to_receive_done                    7.088     10.061
dcp_mega_varlen          post_completion/attention_done_to_history_combine_done         21.456     22.064
dcp_mega_varlen          post_completion/history_combine_done_to_final_combine_done     10.304     13.142
Wrote benchmark JSON to benchmark_logs/experiment_suite/dcp-suite/01_dcp_wave-b-timestamps-20260814-132129/results/arrival_2/dcp_2/fa3_native_fifo/comm_sm_12/case_000004_dcp2_hkv4_eager.json

================================================================================
Mega comm_sm=12, case 6/100: case_000005_dcp2_hkv4: B=12, Sq=[16, 16, 16, 16, 16, 16, 16, 16, 16, 16, 16, 16], Sk=[20862, 1190, 1715, 1140, 8037, 13080, 67338, 12913, 6559, 3112, 10345, 917], DCP=2, Hkv=4
================================================================================
Config: world_size=8, methods=['dcp_mega_varlen'], QH=32, KVH=4, D=128, TP=8, DCP=2, workload=chunk, execution=eager, baseline_phase_timing=False, warmup=40, iters=60, check=False
Workload: B=12, q_tokens=192, history_tokens=147208, q_seqlens=[16, 16, 16, 16, 16, 16, 16, 16, 16, 16, 16, 16], history_seqlens=[20862, 1190, 1715, 1140, 8037, 13080, 67338, 12913, 6559, 3112, 10345, 917]
Agg TFLOPS uses useful attention work across all TP ranks and p50(max_across_ranks); Avg/GPU divides it by world_size.
KV GB/s/GPU is average logical BF16 K+V bytes read per TP rank divided by p50(max_across_ranks); it is not hardware-counter HBM traffic.

Running B=12, q_tokens=192, history_tokens=147208, causal=True

B=12, q_tokens=192, history_tokens=147208, QH=32, KVH=4, D=128, TP=8, DCP=2, mode=causal
Method                   Time ms                                                                                                                                     Agg TFLOPS    Avg/GPU  KV GB/s/GPU      Check  Note
dcp_mega_varlen          t0=0.077, t1=0.076, t2=0.071, t3=0.100, t4=0.071, t5=0.103, t6=0.075, t7=0.077 | p50(max_across_ranks)=0.103, p90(max_across_ranks)=0.105        376.6       47.1        368.5       skip  eager; output=bf16_ipc_a2a; runner_preallocated; timing=mega_kernel_only

Mega %globaltimer phase timestamps (per-iteration maximum across benchmark ranks, then p50/p90 across samples; us)
Method                   Phase                                                             p50        p90
dcp_mega_varlen          kernel_start                                                    0.000      0.000
dcp_mega_varlen          q_allgather_done                                                4.576      4.803
dcp_mega_varlen          attention_done                                                 33.728     34.742
dcp_mega_varlen          history_combine_done                                           62.784     63.520
dcp_mega_varlen          publish_done                                                   62.784     63.520
dcp_mega_varlen          receive_done                                                   92.864     94.666
dcp_mega_varlen          final_combine_done                                             96.192     98.061
dcp_mega_varlen          kernel_done                                                    96.512     98.381
dcp_mega_varlen          post_completion/q_done_to_publish_done                         58.384     59.206
dcp_mega_varlen          post_completion/publish_done_to_receive_done                   31.648     33.456
dcp_mega_varlen          post_completion/attention_done_to_history_combine_done         33.520     34.275
dcp_mega_varlen          post_completion/history_combine_done_to_final_combine_done     34.816     36.838
Wrote benchmark JSON to benchmark_logs/experiment_suite/dcp-suite/01_dcp_wave-b-timestamps-20260814-132129/results/arrival_2/dcp_2/fa3_native_fifo/comm_sm_12/case_000005_dcp2_hkv4_eager.json

================================================================================
Mega comm_sm=12, case 7/100: case_000006_dcp2_hkv4: B=10, Sq=[16, 16, 16, 16, 16, 16, 16, 16, 16, 16], Sk=[1868, 1305, 13222, 67487, 13075, 6711, 15222, 39684, 3840, 27631], DCP=2, Hkv=4
================================================================================
Config: world_size=8, methods=['dcp_mega_varlen'], QH=32, KVH=4, D=128, TP=8, DCP=2, workload=chunk, execution=eager, baseline_phase_timing=False, warmup=40, iters=60, check=False
Workload: B=10, q_tokens=160, history_tokens=190045, q_seqlens=[16, 16, 16, 16, 16, 16, 16, 16, 16, 16], history_seqlens=[1868, 1305, 13222, 67487, 13075, 6711, 15222, 39684, 3840, 27631]
Agg TFLOPS uses useful attention work across all TP ranks and p50(max_across_ranks); Avg/GPU divides it by world_size.
KV GB/s/GPU is average logical BF16 K+V bytes read per TP rank divided by p50(max_across_ranks); it is not hardware-counter HBM traffic.

Running B=10, q_tokens=160, history_tokens=190045, causal=True

B=10, q_tokens=160, history_tokens=190045, QH=32, KVH=4, D=128, TP=8, DCP=2, mode=causal
Method                   Time ms                                                                                                                                     Agg TFLOPS    Avg/GPU  KV GB/s/GPU      Check  Note
dcp_mega_varlen          t0=0.070, t1=0.071, t2=0.074, t3=0.070, t4=0.071, t5=0.073, t6=0.070, t7=0.071 | p50(max_across_ranks)=0.074, p90(max_across_ranks)=0.077        672.2       84.0        657.3       skip  eager; output=bf16_ipc_a2a; runner_preallocated; timing=mega_kernel_only

Mega %globaltimer phase timestamps (per-iteration maximum across benchmark ranks, then p50/p90 across samples; us)
Method                   Phase                                                             p50        p90
dcp_mega_varlen          kernel_start                                                    0.000      0.000
dcp_mega_varlen          q_allgather_done                                                4.576      4.678
dcp_mega_varlen          attention_done                                                 33.168     33.856
dcp_mega_varlen          history_combine_done                                           58.208     58.915
dcp_mega_varlen          publish_done                                                   58.208     58.915
dcp_mega_varlen          receive_done                                                   64.112     66.688
dcp_mega_varlen          final_combine_done                                             67.504     70.064
dcp_mega_varlen          kernel_done                                                    67.824     70.403
dcp_mega_varlen          post_completion/q_done_to_publish_done                         53.840     54.467
dcp_mega_varlen          post_completion/publish_done_to_receive_done                    7.376      9.674
dcp_mega_varlen          post_completion/attention_done_to_history_combine_done         26.256     26.883
dcp_mega_varlen          post_completion/history_combine_done_to_final_combine_done     10.640     12.848
Wrote benchmark JSON to benchmark_logs/experiment_suite/dcp-suite/01_dcp_wave-b-timestamps-20260814-132129/results/arrival_2/dcp_2/fa3_native_fifo/comm_sm_12/case_000006_dcp2_hkv4_eager.json

================================================================================
Mega comm_sm=12, case 8/100: case_000007_dcp2_hkv4: B=15, Sq=[16, 16, 16, 16, 16, 16, 16, 16, 16, 16, 16, 16, 16, 4096, 4096], Sk=[124461, 2751, 6140, 7133, 4306, 25800, 34377, 21021, 2028, 999, 15581, 915, 11174, 57856, 12800], DCP=2, Hkv=4
================================================================================
Config: world_size=8, methods=['dcp_mega_varlen'], QH=32, KVH=4, D=128, TP=8, DCP=2, workload=chunk, execution=eager, baseline_phase_timing=False, warmup=40, iters=60, check=False
Workload: B=15, q_tokens=8400, history_tokens=327342, q_seqlens=[16, 16, 16, 16, 16, 16, 16, 16, 16, 16, 16, 16, 16, 4096, 4096], history_seqlens=[124461, 2751, 6140, 7133, 4306, 25800, 34377, 21021, 2028, 999, 15581, 915, 11174, 57856, 12800]
Agg TFLOPS uses useful attention work across all TP ranks and p50(max_across_ranks); Avg/GPU divides it by world_size.
KV GB/s/GPU is average logical BF16 K+V bytes read per TP rank divided by p50(max_across_ranks); it is not hardware-counter HBM traffic.

Running B=15, q_tokens=8400, history_tokens=327342, causal=True

B=15, q_tokens=8400, history_tokens=327342, QH=32, KVH=4, D=128, TP=8, DCP=2, mode=causal
Method                   Time ms                                                                                                                                     Agg TFLOPS    Avg/GPU  KV GB/s/GPU      Check  Note
dcp_mega_varlen          t0=1.118, t1=1.128, t2=1.090, t3=1.077, t4=1.084, t5=1.079, t6=1.115, t7=1.110 | p50(max_across_ranks)=1.130, p90(max_across_ranks)=1.145       4497.5      562.2         77.9       skip  eager; output=bf16_ipc_a2a; runner_preallocated; timing=mega_kernel_only

Mega %globaltimer phase timestamps (per-iteration maximum across benchmark ranks, then p50/p90 across samples; us)
Method                   Phase                                                             p50        p90
dcp_mega_varlen          kernel_start                                                    0.000      0.000
dcp_mega_varlen          q_allgather_done                                               54.928     56.198
dcp_mega_varlen          attention_done                                               1084.848   1096.547
dcp_mega_varlen          history_combine_done                                         1109.552   1119.651
dcp_mega_varlen          publish_done                                                 1109.552   1119.651
dcp_mega_varlen          receive_done                                                 1114.928   1129.293
dcp_mega_varlen          final_combine_done                                           1123.488   1137.469
dcp_mega_varlen          kernel_done                                                  1123.728   1137.821
dcp_mega_varlen          post_completion/q_done_to_publish_done                       1058.736   1071.747
dcp_mega_varlen          post_completion/publish_done_to_receive_done                   39.392     60.730
dcp_mega_varlen          post_completion/attention_done_to_history_combine_done         25.056     26.080
dcp_mega_varlen          post_completion/history_combine_done_to_final_combine_done     47.264     68.330
Wrote benchmark JSON to benchmark_logs/experiment_suite/dcp-suite/01_dcp_wave-b-timestamps-20260814-132129/results/arrival_2/dcp_2/fa3_native_fifo/comm_sm_12/case_000007_dcp2_hkv4_eager.json

================================================================================
Mega comm_sm=12, case 9/100: case_000008_dcp2_hkv4: B=12, Sq=[16, 16, 16, 16, 16, 16, 16, 16, 16, 16, 16, 2720], Sk=[7482, 8904, 45717, 28457, 4491, 2165, 1049, 24162, 7464, 27141, 1307, 512], DCP=2, Hkv=4
================================================================================
Config: world_size=8, methods=['dcp_mega_varlen'], QH=32, KVH=4, D=128, TP=8, DCP=2, workload=chunk, execution=eager, baseline_phase_timing=False, warmup=40, iters=60, check=False
Workload: B=12, q_tokens=2896, history_tokens=158851, q_seqlens=[16, 16, 16, 16, 16, 16, 16, 16, 16, 16, 16, 2720], history_seqlens=[7482, 8904, 45717, 28457, 4491, 2165, 1049, 24162, 7464, 27141, 1307, 512]
Agg TFLOPS uses useful attention work across all TP ranks and p50(max_across_ranks); Avg/GPU divides it by world_size.
KV GB/s/GPU is average logical BF16 K+V bytes read per TP rank divided by p50(max_across_ranks); it is not hardware-counter HBM traffic.

Running B=12, q_tokens=2896, history_tokens=158851, causal=True

B=12, q_tokens=2896, history_tokens=158851, QH=32, KVH=4, D=128, TP=8, DCP=2, mode=causal
Method                   Time ms                                                                                                                                     Agg TFLOPS    Avg/GPU  KV GB/s/GPU      Check  Note
dcp_mega_varlen          t0=0.294, t1=0.291, t2=0.295, t3=0.289, t4=0.292, t5=0.293, t6=0.289, t7=0.292 | p50(max_across_ranks)=0.295, p90(max_across_ranks)=0.296        423.7       53.0        142.9       skip  eager; output=bf16_ipc_a2a; runner_preallocated; timing=mega_kernel_only

Mega %globaltimer phase timestamps (per-iteration maximum across benchmark ranks, then p50/p90 across samples; us)
Method                   Phase                                                             p50        p90
dcp_mega_varlen          kernel_start                                                    0.000      0.000
dcp_mega_varlen          q_allgather_done                                               19.744     20.256
dcp_mega_varlen          attention_done                                                263.696    265.286
dcp_mega_varlen          history_combine_done                                          274.816    276.045
dcp_mega_varlen          publish_done                                                  274.816    276.045
dcp_mega_varlen          receive_done                                                  282.000    283.190
dcp_mega_varlen          final_combine_done                                            287.840    289.098
dcp_mega_varlen          kernel_done                                                   288.128    289.418
dcp_mega_varlen          post_completion/q_done_to_publish_done                        255.888    257.219
dcp_mega_varlen          post_completion/publish_done_to_receive_done                    9.424     11.053
dcp_mega_varlen          post_completion/attention_done_to_history_combine_done         12.192     12.643
dcp_mega_varlen          post_completion/history_combine_done_to_final_combine_done     15.440     16.915
Wrote benchmark JSON to benchmark_logs/experiment_suite/dcp-suite/01_dcp_wave-b-timestamps-20260814-132129/results/arrival_2/dcp_2/fa3_native_fifo/comm_sm_12/case_000008_dcp2_hkv4_eager.json

================================================================================
Mega comm_sm=12, case 10/100: case_000009_dcp2_hkv4: B=26, Sq=[16, 16, 16, 16, 16, 16, 16, 16, 16, 16, 16, 16, 16, 16, 16, 16, 16, 16, 16, 16, 16, 16, 16, 16, 16, 16], Sk=[5934, 1472, 24053, 10830, 7889, 33190, 1881, 4532, 5947, 43356, 26295, 4765, 12370, 1100, 28613, 6599, 26872, 1274, 24212, 1023, 5156, 2648, 9542, 1284, 4856, 1413], DCP=2, Hkv=4
================================================================================
Config: world_size=8, methods=['dcp_mega_varlen'], QH=32, KVH=4, D=128, TP=8, DCP=2, workload=chunk, execution=eager, baseline_phase_timing=False, warmup=40, iters=60, check=False
Workload: B=26, q_tokens=416, history_tokens=297106, q_seqlens=[16, 16, 16, 16, 16, 16, 16, 16, 16, 16, 16, 16, 16, 16, 16, 16, 16, 16, 16, 16, 16, 16, 16, 16, 16, 16], history_seqlens=[5934, 1472, 24053, 10830, 7889, 33190, 1881, 4532, 5947, 43356, 26295, 4765, 12370, 1100, 28613, 6599, 26872, 1274, 24212, 1023, 5156, 2648, 9542, 1284, 4856, 1413]
Agg TFLOPS uses useful attention work across all TP ranks and p50(max_across_ranks); Avg/GPU divides it by world_size.
KV GB/s/GPU is average logical BF16 K+V bytes read per TP rank divided by p50(max_across_ranks); it is not hardware-counter HBM traffic.

Running B=26, q_tokens=416, history_tokens=297106, causal=True

B=26, q_tokens=416, history_tokens=297106, QH=32, KVH=4, D=128, TP=8, DCP=2, mode=causal
Method                   Time ms                                                                                                                                     Agg TFLOPS    Avg/GPU  KV GB/s/GPU      Check  Note
dcp_mega_varlen          t0=0.089, t1=0.086, t2=0.088, t3=0.084, t4=0.085, t5=0.088, t6=0.084, t7=0.087 | p50(max_across_ranks)=0.089, p90(max_across_ranks)=0.090        871.8      109.0        853.1       skip  eager; output=bf16_ipc_a2a; runner_preallocated; timing=mega_kernel_only

Mega %globaltimer phase timestamps (per-iteration maximum across benchmark ranks, then p50/p90 across samples; us)
Method                   Phase                                                             p50        p90
dcp_mega_varlen          kernel_start                                                    0.000      0.000
dcp_mega_varlen          q_allgather_done                                                4.832      4.960
dcp_mega_varlen          attention_done                                                 54.528     55.331
dcp_mega_varlen          history_combine_done                                           73.104     73.974
dcp_mega_varlen          publish_done                                                   73.104     73.974
dcp_mega_varlen          receive_done                                                   79.120     80.288
dcp_mega_varlen          final_combine_done                                             82.592     83.747
dcp_mega_varlen          kernel_done                                                    82.832     83.968
dcp_mega_varlen          post_completion/q_done_to_publish_done                         68.512     69.411
dcp_mega_varlen          post_completion/publish_done_to_receive_done                    8.064     10.054
dcp_mega_varlen          post_completion/attention_done_to_history_combine_done         20.080     20.810
dcp_mega_varlen          post_completion/history_combine_done_to_final_combine_done     11.616     13.533
Wrote benchmark JSON to benchmark_logs/experiment_suite/dcp-suite/01_dcp_wave-b-timestamps-20260814-132129/results/arrival_2/dcp_2/fa3_native_fifo/comm_sm_12/case_000009_dcp2_hkv4_eager.json

================================================================================
Mega comm_sm=12, case 11/100: case_000010_dcp2_hkv4: B=24, Sq=[16, 16, 16, 16, 16, 16, 16, 16, 16, 16, 16, 16, 16, 16, 16, 16, 16, 16, 16, 16, 16, 16, 16, 16], Sk=[1576, 4115, 30627, 11332, 13601, 17054, 1268, 19085, 17369, 1179, 24420, 6072, 2358, 8982, 11077, 10968, 15322, 15033, 1062, 14095, 7965, 12995, 32417, 1579], DCP=2, Hkv=4
================================================================================
Config: world_size=8, methods=['dcp_mega_varlen'], QH=32, KVH=4, D=128, TP=8, DCP=2, workload=chunk, execution=eager, baseline_phase_timing=False, warmup=40, iters=60, check=False
Workload: B=24, q_tokens=384, history_tokens=281551, q_seqlens=[16, 16, 16, 16, 16, 16, 16, 16, 16, 16, 16, 16, 16, 16, 16, 16, 16, 16, 16, 16, 16, 16, 16, 16], history_seqlens=[1576, 4115, 30627, 11332, 13601, 17054, 1268, 19085, 17369, 1179, 24420, 6072, 2358, 8982, 11077, 10968, 15322, 15033, 1062, 14095, 7965, 12995, 32417, 1579]
Agg TFLOPS uses useful attention work across all TP ranks and p50(max_across_ranks); Avg/GPU divides it by world_size.
KV GB/s/GPU is average logical BF16 K+V bytes read per TP rank divided by p50(max_across_ranks); it is not hardware-counter HBM traffic.

Running B=24, q_tokens=384, history_tokens=281551, causal=True

B=24, q_tokens=384, history_tokens=281551, QH=32, KVH=4, D=128, TP=8, DCP=2, mode=causal
Method                   Time ms                                                                                                                                     Agg TFLOPS    Avg/GPU  KV GB/s/GPU      Check  Note
dcp_mega_varlen          t0=0.086, t1=0.082, t2=0.083, t3=0.109, t4=0.084, t5=0.112, t6=0.083, t7=0.084 | p50(max_across_ranks)=0.112, p90(max_across_ranks)=0.114        659.2       82.4        645.0       skip  eager; output=bf16_ipc_a2a; runner_preallocated; timing=mega_kernel_only

Mega %globaltimer phase timestamps (per-iteration maximum across benchmark ranks, then p50/p90 across samples; us)
Method                   Phase                                                             p50        p90
dcp_mega_varlen          kernel_start                                                    0.000      0.000
dcp_mega_varlen          q_allgather_done                                                7.200      7.718
dcp_mega_varlen          attention_done                                                 51.072     52.442
dcp_mega_varlen          history_combine_done                                           71.392     72.291
dcp_mega_varlen          publish_done                                                   71.392     72.291
dcp_mega_varlen          receive_done                                                  101.760    104.006
dcp_mega_varlen          final_combine_done                                            105.504    107.629
dcp_mega_varlen          kernel_done                                                   105.760    107.866
dcp_mega_varlen          post_completion/q_done_to_publish_done                         65.760     66.752
dcp_mega_varlen          post_completion/publish_done_to_receive_done                   33.920     36.048
dcp_mega_varlen          post_completion/attention_done_to_history_combine_done         26.560     27.805
dcp_mega_varlen          post_completion/history_combine_done_to_final_combine_done     37.456     39.715
Wrote benchmark JSON to benchmark_logs/experiment_suite/dcp-suite/01_dcp_wave-b-timestamps-20260814-132129/results/arrival_2/dcp_2/fa3_native_fifo/comm_sm_12/case_000010_dcp2_hkv4_eager.json

================================================================================
Mega comm_sm=12, case 12/100: case_000011_dcp2_hkv4: B=15, Sq=[16, 16, 16, 16, 16, 16, 16, 16, 16, 16, 16, 16, 4096, 4096, 1928], Sk=[3376, 11546, 6689, 11085, 4037, 3223, 4062, 4252, 4302, 1797, 42378, 7037, 33280, 8704, 4608], DCP=2, Hkv=4
================================================================================
Config: world_size=8, methods=['dcp_mega_varlen'], QH=32, KVH=4, D=128, TP=8, DCP=2, workload=chunk, execution=eager, baseline_phase_timing=False, warmup=40, iters=60, check=False
Workload: B=15, q_tokens=10312, history_tokens=150376, q_seqlens=[16, 16, 16, 16, 16, 16, 16, 16, 16, 16, 16, 16, 4096, 4096, 1928], history_seqlens=[3376, 11546, 6689, 11085, 4037, 3223, 4062, 4252, 4302, 1797, 42378, 7037, 33280, 8704, 4608]
Agg TFLOPS uses useful attention work across all TP ranks and p50(max_across_ranks); Avg/GPU divides it by world_size.
KV GB/s/GPU is average logical BF16 K+V bytes read per TP rank divided by p50(max_across_ranks); it is not hardware-counter HBM traffic.

Running B=15, q_tokens=10312, history_tokens=150376, causal=True

B=15, q_tokens=10312, history_tokens=150376, QH=32, KVH=4, D=128, TP=8, DCP=2, mode=causal
Method                   Time ms                                                                                                                                     Agg TFLOPS    Avg/GPU  KV GB/s/GPU      Check  Note
dcp_mega_varlen          t0=0.760, t1=0.781, t2=0.753, t3=0.765, t4=0.754, t5=0.755, t6=0.783, t7=0.808 | p50(max_across_ranks)=0.810, p90(max_across_ranks)=0.825       4068.1      508.5         54.0       skip  eager; output=bf16_ipc_a2a; runner_preallocated; timing=mega_kernel_only

Mega %globaltimer phase timestamps (per-iteration maximum across benchmark ranks, then p50/p90 across samples; us)
Method                   Phase                                                             p50        p90
dcp_mega_varlen          kernel_start                                                    0.000      0.000
dcp_mega_varlen          q_allgather_done                                               61.392     62.662
dcp_mega_varlen          attention_done                                                678.352    692.704
dcp_mega_varlen          history_combine_done                                          737.472    752.029
dcp_mega_varlen          publish_done                                                  737.472    752.029
dcp_mega_varlen          receive_done                                                  769.952    798.003
dcp_mega_varlen          final_combine_done                                            802.240    817.350
dcp_mega_varlen          kernel_done                                                   802.576    817.674
dcp_mega_varlen          post_completion/q_done_to_publish_done                        678.896    691.699
dcp_mega_varlen          post_completion/publish_done_to_receive_done                   90.928    119.651
dcp_mega_varlen          post_completion/attention_done_to_history_combine_done         60.496     61.712
dcp_mega_varlen          post_completion/history_combine_done_to_final_combine_done    100.080    129.603
Wrote benchmark JSON to benchmark_logs/experiment_suite/dcp-suite/01_dcp_wave-b-timestamps-20260814-132129/results/arrival_2/dcp_2/fa3_native_fifo/comm_sm_12/case_000011_dcp2_hkv4_eager.json

================================================================================
Mega comm_sm=12, case 13/100: case_000012_dcp2_hkv4: B=17, Sq=[16, 16, 16, 16, 16, 16, 16, 16, 16, 16, 16, 16, 16, 16, 16, 16, 4096], Sk=[12649, 25525, 7210, 3455, 3063, 15137, 23989, 30934, 3469, 6250, 16018, 8692, 4190, 13057, 5925, 6923, 25088], DCP=2, Hkv=4
================================================================================
Config: world_size=8, methods=['dcp_mega_varlen'], QH=32, KVH=4, D=128, TP=8, DCP=2, workload=chunk, execution=eager, baseline_phase_timing=False, warmup=40, iters=60, check=False
Workload: B=17, q_tokens=4352, history_tokens=211574, q_seqlens=[16, 16, 16, 16, 16, 16, 16, 16, 16, 16, 16, 16, 16, 16, 16, 16, 4096], history_seqlens=[12649, 25525, 7210, 3455, 3063, 15137, 23989, 30934, 3469, 6250, 16018, 8692, 4190, 13057, 5925, 6923, 25088]
Agg TFLOPS uses useful attention work across all TP ranks and p50(max_across_ranks); Avg/GPU divides it by world_size.
KV GB/s/GPU is average logical BF16 K+V bytes read per TP rank divided by p50(max_across_ranks); it is not hardware-counter HBM traffic.

Running B=17, q_tokens=4352, history_tokens=211574, causal=True

B=17, q_tokens=4352, history_tokens=211574, QH=32, KVH=4, D=128, TP=8, DCP=2, mode=causal
Method                   Time ms                                                                                                                                     Agg TFLOPS    Avg/GPU  KV GB/s/GPU      Check  Note
dcp_mega_varlen          t0=0.501, t1=0.489, t2=0.501, t3=0.491, t4=0.489, t5=0.491, t6=0.498, t7=0.489 | p50(max_across_ranks)=0.502, p90(max_across_ranks)=0.503       3728.7      466.1        112.4       skip  eager; output=bf16_ipc_a2a; runner_preallocated; timing=mega_kernel_only

Mega %globaltimer phase timestamps (per-iteration maximum across benchmark ranks, then p50/p90 across samples; us)
Method                   Phase                                                             p50        p90
dcp_mega_varlen          kernel_start                                                    0.000      0.000
dcp_mega_varlen          q_allgather_done                                               28.432     29.133
dcp_mega_varlen          attention_done                                                462.944    463.878
dcp_mega_varlen          history_combine_done                                          478.272    479.280
dcp_mega_varlen          publish_done                                                  478.272    479.280
dcp_mega_varlen          receive_done                                                  486.656    488.483
dcp_mega_varlen          final_combine_done                                            494.368    496.336
dcp_mega_varlen          kernel_done                                                   494.576    496.614
dcp_mega_varlen          post_completion/q_done_to_publish_done                        451.392    452.877
dcp_mega_varlen          post_completion/publish_done_to_receive_done                   17.920     20.147
dcp_mega_varlen          post_completion/attention_done_to_history_combine_done         16.704     17.603
dcp_mega_varlen          post_completion/history_combine_done_to_final_combine_done     25.792     28.211
Wrote benchmark JSON to benchmark_logs/experiment_suite/dcp-suite/01_dcp_wave-b-timestamps-20260814-132129/results/arrival_2/dcp_2/fa3_native_fifo/comm_sm_12/case_000012_dcp2_hkv4_eager.json

================================================================================
Mega comm_sm=12, case 14/100: case_000013_dcp2_hkv4: B=17, Sq=[16, 16, 16, 16, 16, 16, 16, 16, 16, 16, 16, 16, 16, 16, 16, 16, 16], Sk=[4596, 11962, 4977, 6704, 4658, 12524, 4321, 13974, 6037, 21392, 21796, 2558, 1645, 24750, 8576, 4963, 16788], DCP=2, Hkv=4
================================================================================
Config: world_size=8, methods=['dcp_mega_varlen'], QH=32, KVH=4, D=128, TP=8, DCP=2, workload=chunk, execution=eager, baseline_phase_timing=False, warmup=40, iters=60, check=False
Workload: B=17, q_tokens=272, history_tokens=172221, q_seqlens=[16, 16, 16, 16, 16, 16, 16, 16, 16, 16, 16, 16, 16, 16, 16, 16, 16], history_seqlens=[4596, 11962, 4977, 6704, 4658, 12524, 4321, 13974, 6037, 21392, 21796, 2558, 1645, 24750, 8576, 4963, 16788]
Agg TFLOPS uses useful attention work across all TP ranks and p50(max_across_ranks); Avg/GPU divides it by world_size.
KV GB/s/GPU is average logical BF16 K+V bytes read per TP rank divided by p50(max_across_ranks); it is not hardware-counter HBM traffic.

Running B=17, q_tokens=272, history_tokens=172221, causal=True

B=17, q_tokens=272, history_tokens=172221, QH=32, KVH=4, D=128, TP=8, DCP=2, mode=causal
Method                   Time ms                                                                                                                                     Agg TFLOPS    Avg/GPU  KV GB/s/GPU      Check  Note
dcp_mega_varlen          t0=0.064, t1=0.064, t2=0.067, t3=0.063, t4=0.065, t5=0.066, t6=0.063, t7=0.066 | p50(max_across_ranks)=0.067, p90(max_across_ranks)=0.069        670.8       83.8        656.6       skip  eager; output=bf16_ipc_a2a; runner_preallocated; timing=mega_kernel_only

Mega %globaltimer phase timestamps (per-iteration maximum across benchmark ranks, then p50/p90 across samples; us)
Method                   Phase                                                             p50        p90
dcp_mega_varlen          kernel_start                                                    0.000      0.000
dcp_mega_varlen          q_allgather_done                                                4.608      4.768
dcp_mega_varlen          attention_done                                                 36.864     37.683
dcp_mega_varlen          history_combine_done                                           51.328     51.904
dcp_mega_varlen          publish_done                                                   51.328     51.904
dcp_mega_varlen          receive_done                                                   57.120     58.410
dcp_mega_varlen          final_combine_done                                             60.576     61.795
dcp_mega_varlen          kernel_done                                                    60.880     62.144
dcp_mega_varlen          post_completion/q_done_to_publish_done                         46.848     47.462
dcp_mega_varlen          post_completion/publish_done_to_receive_done                    7.744      8.704
dcp_mega_varlen          post_completion/attention_done_to_history_combine_done         16.768     17.667
dcp_mega_varlen          post_completion/history_combine_done_to_final_combine_done     11.152     12.102
Wrote benchmark JSON to benchmark_logs/experiment_suite/dcp-suite/01_dcp_wave-b-timestamps-20260814-132129/results/arrival_2/dcp_2/fa3_native_fifo/comm_sm_12/case_000013_dcp2_hkv4_eager.json

================================================================================
Mega comm_sm=12, case 15/100: case_000014_dcp2_hkv4: B=18, Sq=[16, 16, 16, 16, 16, 16, 16, 16, 16, 16, 16, 16, 16, 16, 16, 16, 16, 16], Sk=[1752, 17497, 1650, 2699, 6701, 10274, 2202, 9192, 21820, 18725, 10257, 3339, 1116, 10820, 34831, 9013, 3197, 5285], DCP=2, Hkv=4
================================================================================
Config: world_size=8, methods=['dcp_mega_varlen'], QH=32, KVH=4, D=128, TP=8, DCP=2, workload=chunk, execution=eager, baseline_phase_timing=False, warmup=40, iters=60, check=False
Workload: B=18, q_tokens=288, history_tokens=170370, q_seqlens=[16, 16, 16, 16, 16, 16, 16, 16, 16, 16, 16, 16, 16, 16, 16, 16, 16, 16], history_seqlens=[1752, 17497, 1650, 2699, 6701, 10274, 2202, 9192, 21820, 18725, 10257, 3339, 1116, 10820, 34831, 9013, 3197, 5285]
Agg TFLOPS uses useful attention work across all TP ranks and p50(max_across_ranks); Avg/GPU divides it by world_size.
KV GB/s/GPU is average logical BF16 K+V bytes read per TP rank divided by p50(max_across_ranks); it is not hardware-counter HBM traffic.

Running B=18, q_tokens=288, history_tokens=170370, causal=True

B=18, q_tokens=288, history_tokens=170370, QH=32, KVH=4, D=128, TP=8, DCP=2, mode=causal
Method                   Time ms                                                                                                                                     Agg TFLOPS    Avg/GPU  KV GB/s/GPU      Check  Note
dcp_mega_varlen          t0=0.068, t1=0.066, t2=0.069, t3=0.065, t4=0.065, t5=0.068, t6=0.066, t7=0.068 | p50(max_across_ranks)=0.070, p90(max_across_ranks)=0.073        638.9       79.9        625.5       skip  eager; output=bf16_ipc_a2a; runner_preallocated; timing=mega_kernel_only

Mega %globaltimer phase timestamps (per-iteration maximum across benchmark ranks, then p50/p90 across samples; us)
Method                   Phase                                                             p50        p90
dcp_mega_varlen          kernel_start                                                    0.000      0.000
dcp_mega_varlen          q_allgather_done                                                4.608      4.704
dcp_mega_varlen          attention_done                                                 33.104     33.683
dcp_mega_varlen          history_combine_done                                           54.304     55.744
dcp_mega_varlen          publish_done                                                   54.304     55.744
dcp_mega_varlen          receive_done                                                   60.016     62.342
dcp_mega_varlen          final_combine_done                                             63.264     65.610
dcp_mega_varlen          kernel_done                                                    63.616     65.962
dcp_mega_varlen          post_completion/q_done_to_publish_done                         49.840     51.142
dcp_mega_varlen          post_completion/publish_done_to_receive_done                    7.616     10.701
dcp_mega_varlen          post_completion/attention_done_to_history_combine_done         22.384     23.667
dcp_mega_varlen          post_completion/history_combine_done_to_final_combine_done     10.784     13.843
Wrote benchmark JSON to benchmark_logs/experiment_suite/dcp-suite/01_dcp_wave-b-timestamps-20260814-132129/results/arrival_2/dcp_2/fa3_native_fifo/comm_sm_12/case_000014_dcp2_hkv4_eager.json

================================================================================
Mega comm_sm=12, case 16/100: case_000015_dcp2_hkv4: B=16, Sq=[16, 16, 16, 16, 16, 16, 16, 16, 16, 16, 16, 16, 16, 16, 16, 4096], Sk=[17624, 1785, 2823, 2341, 9324, 21945, 18861, 10947, 34972, 3339, 17949, 7794, 2582, 21552, 15070, 25088], DCP=2, Hkv=4
================================================================================
Config: world_size=8, methods=['dcp_mega_varlen'], QH=32, KVH=4, D=128, TP=8, DCP=2, workload=chunk, execution=eager, baseline_phase_timing=False, warmup=40, iters=60, check=False
Workload: B=16, q_tokens=4336, history_tokens=213996, q_seqlens=[16, 16, 16, 16, 16, 16, 16, 16, 16, 16, 16, 16, 16, 16, 16, 4096], history_seqlens=[17624, 1785, 2823, 2341, 9324, 21945, 18861, 10947, 34972, 3339, 17949, 7794, 2582, 21552, 15070, 25088]
Agg TFLOPS uses useful attention work across all TP ranks and p50(max_across_ranks); Avg/GPU divides it by world_size.
KV GB/s/GPU is average logical BF16 K+V bytes read per TP rank divided by p50(max_across_ranks); it is not hardware-counter HBM traffic.

Running B=16, q_tokens=4336, history_tokens=213996, causal=True

B=16, q_tokens=4336, history_tokens=213996, QH=32, KVH=4, D=128, TP=8, DCP=2, mode=causal
Method                   Time ms                                                                                                                                     Agg TFLOPS    Avg/GPU  KV GB/s/GPU      Check  Note
dcp_mega_varlen          t0=0.495, t1=0.489, t2=0.501, t3=0.491, t4=0.493, t5=0.491, t6=0.498, t7=0.495 | p50(max_across_ranks)=0.501, p90(max_across_ranks)=0.504       3733.8      466.7        113.8       skip  eager; output=bf16_ipc_a2a; runner_preallocated; timing=mega_kernel_only

Mega %globaltimer phase timestamps (per-iteration maximum across benchmark ranks, then p50/p90 across samples; us)
Method                   Phase                                                             p50        p90
dcp_mega_varlen          kernel_start                                                    0.000      0.000
dcp_mega_varlen          q_allgather_done                                               28.528     29.507
dcp_mega_varlen          attention_done                                                462.720    463.552
dcp_mega_varlen          history_combine_done                                          478.176    479.437
dcp_mega_varlen          publish_done                                                  478.176    479.437
dcp_mega_varlen          receive_done                                                  485.936    488.858
dcp_mega_varlen          final_combine_done                                            493.696    496.637
dcp_mega_varlen          kernel_done                                                   493.920    496.861
dcp_mega_varlen          post_completion/q_done_to_publish_done                        451.312    453.059
dcp_mega_varlen          post_completion/publish_done_to_receive_done                   15.936     18.134
dcp_mega_varlen          post_completion/attention_done_to_history_combine_done         16.816     17.827
dcp_mega_varlen          post_completion/history_combine_done_to_final_combine_done     23.840     26.506
Wrote benchmark JSON to benchmark_logs/experiment_suite/dcp-suite/01_dcp_wave-b-timestamps-20260814-132129/results/arrival_2/dcp_2/fa3_native_fifo/comm_sm_12/case_000015_dcp2_hkv4_eager.json

================================================================================
Mega comm_sm=12, case 17/100: case_000016_dcp2_hkv4: B=22, Sq=[16, 16, 16, 16, 16, 16, 16, 16, 16, 16, 16, 16, 16, 16, 16, 16, 16, 16, 16, 16, 16, 4096], Sk=[11283, 8129, 2944, 21915, 5498, 28975, 6831, 1889, 54854, 4583, 4366, 30637, 5388, 13705, 3865, 1019, 10398, 8652, 15677, 931, 1281, 512], DCP=2, Hkv=4
================================================================================
Config: world_size=8, methods=['dcp_mega_varlen'], QH=32, KVH=4, D=128, TP=8, DCP=2, workload=chunk, execution=eager, baseline_phase_timing=False, warmup=40, iters=60, check=False
Workload: B=22, q_tokens=4432, history_tokens=243332, q_seqlens=[16, 16, 16, 16, 16, 16, 16, 16, 16, 16, 16, 16, 16, 16, 16, 16, 16, 16, 16, 16, 16, 4096], history_seqlens=[11283, 8129, 2944, 21915, 5498, 28975, 6831, 1889, 54854, 4583, 4366, 30637, 5388, 13705, 3865, 1019, 10398, 8652, 15677, 931, 1281, 512]
Agg TFLOPS uses useful attention work across all TP ranks and p50(max_across_ranks); Avg/GPU divides it by world_size.
KV GB/s/GPU is average logical BF16 K+V bytes read per TP rank divided by p50(max_across_ranks); it is not hardware-counter HBM traffic.

Running B=22, q_tokens=4432, history_tokens=243332, causal=True

B=22, q_tokens=4432, history_tokens=243332, QH=32, KVH=4, D=128, TP=8, DCP=2, mode=causal
Method                   Time ms                                                                                                                                     Agg TFLOPS    Avg/GPU  KV GB/s/GPU      Check  Note
dcp_mega_varlen          t0=0.355, t1=0.350, t2=0.356, t3=0.352, t4=0.351, t5=0.354, t6=0.353, t7=0.352 | p50(max_across_ranks)=0.357, p90(max_across_ranks)=0.359        660.0       82.5        180.9       skip  eager; output=bf16_ipc_a2a; runner_preallocated; timing=mega_kernel_only

Mega %globaltimer phase timestamps (per-iteration maximum across benchmark ranks, then p50/p90 across samples; us)
Method                   Phase                                                             p50        p90
dcp_mega_varlen          kernel_start                                                    0.000      0.000
dcp_mega_varlen          q_allgather_done                                               29.312     30.115
dcp_mega_varlen          attention_done                                                323.168    323.920
dcp_mega_varlen          history_combine_done                                          334.640    335.616
dcp_mega_varlen          publish_done                                                  334.640    335.616
dcp_mega_varlen          receive_done                                                  341.824    343.808
dcp_mega_varlen          final_combine_done                                            349.776    352.058
dcp_mega_varlen          kernel_done                                                   350.096    352.282
dcp_mega_varlen          post_completion/q_done_to_publish_done                        308.256    309.318
dcp_mega_varlen          post_completion/publish_done_to_receive_done                   10.544     12.694
dcp_mega_varlen          post_completion/attention_done_to_history_combine_done         12.032     12.640
dcp_mega_varlen          post_completion/history_combine_done_to_final_combine_done     18.464     20.275
Wrote benchmark JSON to benchmark_logs/experiment_suite/dcp-suite/01_dcp_wave-b-timestamps-20260814-132129/results/arrival_2/dcp_2/fa3_native_fifo/comm_sm_12/case_000016_dcp2_hkv4_eager.json

================================================================================
Mega comm_sm=12, case 18/100: case_000017_dcp2_hkv4: B=14, Sq=[16, 16, 16, 16, 16, 16, 16, 16, 16, 16, 16, 16, 16, 16], Sk=[31971, 8904, 2108, 20326, 1349, 3680, 6206, 12816, 14788, 13663, 5156, 7433, 13862, 11903], DCP=2, Hkv=4
================================================================================
Config: world_size=8, methods=['dcp_mega_varlen'], QH=32, KVH=4, D=128, TP=8, DCP=2, workload=chunk, execution=eager, baseline_phase_timing=False, warmup=40, iters=60, check=False
Workload: B=14, q_tokens=224, history_tokens=154165, q_seqlens=[16, 16, 16, 16, 16, 16, 16, 16, 16, 16, 16, 16, 16, 16], history_seqlens=[31971, 8904, 2108, 20326, 1349, 3680, 6206, 12816, 14788, 13663, 5156, 7433, 13862, 11903]
Agg TFLOPS uses useful attention work across all TP ranks and p50(max_across_ranks); Avg/GPU divides it by world_size.
KV GB/s/GPU is average logical BF16 K+V bytes read per TP rank divided by p50(max_across_ranks); it is not hardware-counter HBM traffic.

Running B=14, q_tokens=224, history_tokens=154165, causal=True

B=14, q_tokens=224, history_tokens=154165, QH=32, KVH=4, D=128, TP=8, DCP=2, mode=causal
Method                   Time ms                                                                                                                                     Agg TFLOPS    Avg/GPU  KV GB/s/GPU      Check  Note
dcp_mega_varlen          t0=0.065, t1=0.064, t2=0.066, t3=0.063, t4=0.063, t5=0.065, t6=0.063, t7=0.064 | p50(max_across_ranks)=0.066, p90(max_across_ranks)=0.067        608.5       76.1        595.5       skip  eager; output=bf16_ipc_a2a; runner_preallocated; timing=mega_kernel_only

Mega %globaltimer phase timestamps (per-iteration maximum across benchmark ranks, then p50/p90 across samples; us)
Method                   Phase                                                             p50        p90
dcp_mega_varlen          kernel_start                                                    0.000      0.000
dcp_mega_varlen          q_allgather_done                                                4.608      4.736
dcp_mega_varlen          attention_done                                                 28.624     29.229
dcp_mega_varlen          history_combine_done                                           51.072     51.914
dcp_mega_varlen          publish_done                                                   51.072     51.914
dcp_mega_varlen          receive_done                                                   56.384     57.293
dcp_mega_varlen          final_combine_done                                             59.600     60.531
dcp_mega_varlen          kernel_done                                                    59.872     60.794
dcp_mega_varlen          post_completion/q_done_to_publish_done                         46.624     47.498
dcp_mega_varlen          post_completion/publish_done_to_receive_done                    7.040      8.838
dcp_mega_varlen          post_completion/attention_done_to_history_combine_done         23.360     23.955
dcp_mega_varlen          post_completion/history_combine_done_to_final_combine_done     10.256     12.195
Wrote benchmark JSON to benchmark_logs/experiment_suite/dcp-suite/01_dcp_wave-b-timestamps-20260814-132129/results/arrival_2/dcp_2/fa3_native_fifo/comm_sm_12/case_000017_dcp2_hkv4_eager.json

================================================================================
Mega comm_sm=12, case 19/100: case_000018_dcp2_hkv4: B=22, Sq=[16, 16, 16, 16, 16, 16, 16, 16, 16, 16, 16, 16, 16, 16, 16, 16, 16, 16, 16, 16, 16, 16], Sk=[7617, 1527, 7205, 3780, 6081, 1250, 4895, 5607, 6714, 9861, 2730, 1169, 1537, 14253, 7194, 94909, 11034, 1681, 19801, 1049, 1290, 950], DCP=2, Hkv=4
================================================================================
Config: world_size=8, methods=['dcp_mega_varlen'], QH=32, KVH=4, D=128, TP=8, DCP=2, workload=chunk, execution=eager, baseline_phase_timing=False, warmup=40, iters=60, check=False
Workload: B=22, q_tokens=352, history_tokens=212134, q_seqlens=[16, 16, 16, 16, 16, 16, 16, 16, 16, 16, 16, 16, 16, 16, 16, 16, 16, 16, 16, 16, 16, 16], history_seqlens=[7617, 1527, 7205, 3780, 6081, 1250, 4895, 5607, 6714, 9861, 2730, 1169, 1537, 14253, 7194, 94909, 11034, 1681, 19801, 1049, 1290, 950]
Agg TFLOPS uses useful attention work across all TP ranks and p50(max_across_ranks); Avg/GPU divides it by world_size.
KV GB/s/GPU is average logical BF16 K+V bytes read per TP rank divided by p50(max_across_ranks); it is not hardware-counter HBM traffic.

Running B=22, q_tokens=352, history_tokens=212134, causal=True

B=22, q_tokens=352, history_tokens=212134, QH=32, KVH=4, D=128, TP=8, DCP=2, mode=causal
Method                   Time ms                                                                                                                                     Agg TFLOPS    Avg/GPU  KV GB/s/GPU      Check  Note
dcp_mega_varlen          t0=0.088, t1=0.084, t2=0.089, t3=0.083, t4=0.086, t5=0.086, t6=0.085, t7=0.086 | p50(max_across_ranks)=0.089, p90(max_across_ranks)=0.091        622.7       77.8        609.6       skip  eager; output=bf16_ipc_a2a; runner_preallocated; timing=mega_kernel_only

Mega %globaltimer phase timestamps (per-iteration maximum across benchmark ranks, then p50/p90 across samples; us)
Method                   Phase                                                             p50        p90
dcp_mega_varlen          kernel_start                                                    0.000      0.000
dcp_mega_varlen          q_allgather_done                                                4.704      4.832
dcp_mega_varlen          attention_done                                                 45.184     45.987
dcp_mega_varlen          history_combine_done                                           72.576     73.130
dcp_mega_varlen          publish_done                                                   72.576     73.130
dcp_mega_varlen          receive_done                                                   78.624     79.808
dcp_mega_varlen          final_combine_done                                             82.304     83.494
dcp_mega_varlen          kernel_done                                                    82.656     83.789
dcp_mega_varlen          post_completion/q_done_to_publish_done                         68.144     68.646
dcp_mega_varlen          post_completion/publish_done_to_receive_done                    9.776     12.272
dcp_mega_varlen          post_completion/attention_done_to_history_combine_done         33.792     34.730
dcp_mega_varlen          post_completion/history_combine_done_to_final_combine_done     13.536     15.952
Wrote benchmark JSON to benchmark_logs/experiment_suite/dcp-suite/01_dcp_wave-b-timestamps-20260814-132129/results/arrival_2/dcp_2/fa3_native_fifo/comm_sm_12/case_000018_dcp2_hkv4_eager.json

================================================================================
Mega comm_sm=12, case 20/100: case_000019_dcp2_hkv4: B=16, Sq=[16, 16, 16, 16, 16, 16, 16, 16, 16, 16, 16, 16, 16, 16, 16, 16], Sk=[39093, 1442, 2805, 3752, 15768, 1469, 3756, 5455, 10232, 33514, 994, 9334, 3008, 4846, 5441, 1924], DCP=2, Hkv=4
================================================================================
Config: world_size=8, methods=['dcp_mega_varlen'], QH=32, KVH=4, D=128, TP=8, DCP=2, workload=chunk, execution=eager, baseline_phase_timing=False, warmup=40, iters=60, check=False
Workload: B=16, q_tokens=256, history_tokens=142833, q_seqlens=[16, 16, 16, 16, 16, 16, 16, 16, 16, 16, 16, 16, 16, 16, 16, 16], history_seqlens=[39093, 1442, 2805, 3752, 15768, 1469, 3756, 5455, 10232, 33514, 994, 9334, 3008, 4846, 5441, 1924]
Agg TFLOPS uses useful attention work across all TP ranks and p50(max_across_ranks); Avg/GPU divides it by world_size.
KV GB/s/GPU is average logical BF16 K+V bytes read per TP rank divided by p50(max_across_ranks); it is not hardware-counter HBM traffic.

Running B=16, q_tokens=256, history_tokens=142833, causal=True

B=16, q_tokens=256, history_tokens=142833, QH=32, KVH=4, D=128, TP=8, DCP=2, mode=causal
Method                   Time ms                                                                                                                                     Agg TFLOPS    Avg/GPU  KV GB/s/GPU      Check  Note
dcp_mega_varlen          t0=0.067, t1=0.065, t2=0.068, t3=0.063, t4=0.064, t5=0.066, t6=0.064, t7=0.066 | p50(max_across_ranks)=0.068, p90(max_across_ranks)=0.070        551.2       68.9        539.7       skip  eager; output=bf16_ipc_a2a; runner_preallocated; timing=mega_kernel_only

Mega %globaltimer phase timestamps (per-iteration maximum across benchmark ranks, then p50/p90 across samples; us)
Method                   Phase                                                             p50        p90
dcp_mega_varlen          kernel_start                                                    0.000      0.000
dcp_mega_varlen          q_allgather_done                                                4.608      4.704
dcp_mega_varlen          attention_done                                                 29.408     29.987
dcp_mega_varlen          history_combine_done                                           52.496     53.408
dcp_mega_varlen          publish_done                                                   52.496     53.408
dcp_mega_varlen          receive_done                                                   58.176     59.850
dcp_mega_varlen          final_combine_done                                             61.184     62.890
dcp_mega_varlen          kernel_done                                                    61.440     63.200
dcp_mega_varlen          post_completion/q_done_to_publish_done                         48.048     48.973
dcp_mega_varlen          post_completion/publish_done_to_receive_done                    8.464     10.675
dcp_mega_varlen          post_completion/attention_done_to_history_combine_done         24.112     24.774
dcp_mega_varlen          post_completion/history_combine_done_to_final_combine_done     11.680     13.702
Wrote benchmark JSON to benchmark_logs/experiment_suite/dcp-suite/01_dcp_wave-b-timestamps-20260814-132129/results/arrival_2/dcp_2/fa3_native_fifo/comm_sm_12/case_000019_dcp2_hkv4_eager.json

================================================================================
Mega comm_sm=12, case 21/100: case_000020_dcp2_hkv4: B=13, Sq=[16, 16, 16, 16, 16, 16, 16, 16, 16, 16, 16, 16, 16], Sk=[1405, 1676, 1684, 1157, 1999, 3273, 1306, 5280, 16365, 39269, 1454, 27395, 1449], DCP=2, Hkv=4
================================================================================
Config: world_size=8, methods=['dcp_mega_varlen'], QH=32, KVH=4, D=128, TP=8, DCP=2, workload=chunk, execution=eager, baseline_phase_timing=False, warmup=40, iters=60, check=False
Workload: B=13, q_tokens=208, history_tokens=103712, q_seqlens=[16, 16, 16, 16, 16, 16, 16, 16, 16, 16, 16, 16, 16], history_seqlens=[1405, 1676, 1684, 1157, 1999, 3273, 1306, 5280, 16365, 39269, 1454, 27395, 1449]
Agg TFLOPS uses useful attention work across all TP ranks and p50(max_across_ranks); Avg/GPU divides it by world_size.
KV GB/s/GPU is average logical BF16 K+V bytes read per TP rank divided by p50(max_across_ranks); it is not hardware-counter HBM traffic.

Running B=13, q_tokens=208, history_tokens=103712, causal=True

B=13, q_tokens=208, history_tokens=103712, QH=32, KVH=4, D=128, TP=8, DCP=2, mode=causal
Method                   Time ms                                                                                                                                     Agg TFLOPS    Avg/GPU  KV GB/s/GPU      Check  Note
dcp_mega_varlen          t0=0.063, t1=0.061, t2=0.063, t3=0.059, t4=0.060, t5=0.063, t6=0.060, t7=0.062 | p50(max_across_ranks)=0.063, p90(max_across_ranks)=0.064        429.2       53.7        420.4       skip  eager; output=bf16_ipc_a2a; runner_preallocated; timing=mega_kernel_only

Mega %globaltimer phase timestamps (per-iteration maximum across benchmark ranks, then p50/p90 across samples; us)
Method                   Phase                                                             p50        p90
dcp_mega_varlen          kernel_start                                                    0.000      0.000
dcp_mega_varlen          q_allgather_done                                                4.384      4.515
dcp_mega_varlen          attention_done                                                 20.096     20.838
dcp_mega_varlen          history_combine_done                                           47.600     48.067
dcp_mega_varlen          publish_done                                                   47.600     48.067
dcp_mega_varlen          receive_done                                                   53.664     54.368
dcp_mega_varlen          final_combine_done                                             56.736     57.379
dcp_mega_varlen          kernel_done                                                    57.056     57.699
dcp_mega_varlen          post_completion/q_done_to_publish_done                         43.520     43.878
dcp_mega_varlen          post_completion/publish_done_to_receive_done                    7.200      7.853
dcp_mega_varlen          post_completion/attention_done_to_history_combine_done         28.416     28.835
dcp_mega_varlen          post_completion/history_combine_done_to_final_combine_done     10.176     10.864
Wrote benchmark JSON to benchmark_logs/experiment_suite/dcp-suite/01_dcp_wave-b-timestamps-20260814-132129/results/arrival_2/dcp_2/fa3_native_fifo/comm_sm_12/case_000020_dcp2_hkv4_eager.json

================================================================================
Mega comm_sm=12, case 22/100: case_000021_dcp2_hkv4: B=12, Sq=[16, 16, 16, 16, 16, 16, 16, 16, 16, 16, 16, 16], Sk=[3749, 16807, 7916, 3816, 21471, 19875, 1656, 40474, 1768, 2144, 17940, 3133], DCP=2, Hkv=4
================================================================================
Config: world_size=8, methods=['dcp_mega_varlen'], QH=32, KVH=4, D=128, TP=8, DCP=2, workload=chunk, execution=eager, baseline_phase_timing=False, warmup=40, iters=60, check=False
Workload: B=12, q_tokens=192, history_tokens=140749, q_seqlens=[16, 16, 16, 16, 16, 16, 16, 16, 16, 16, 16, 16], history_seqlens=[3749, 16807, 7916, 3816, 21471, 19875, 1656, 40474, 1768, 2144, 17940, 3133]
Agg TFLOPS uses useful attention work across all TP ranks and p50(max_across_ranks); Avg/GPU divides it by world_size.
KV GB/s/GPU is average logical BF16 K+V bytes read per TP rank divided by p50(max_across_ranks); it is not hardware-counter HBM traffic.

Running B=12, q_tokens=192, history_tokens=140749, causal=True

B=12, q_tokens=192, history_tokens=140749, QH=32, KVH=4, D=128, TP=8, DCP=2, mode=causal
Method                   Time ms                                                                                                                                     Agg TFLOPS    Avg/GPU  KV GB/s/GPU      Check  Note
dcp_mega_varlen          t0=0.065, t1=0.064, t2=0.066, t3=0.063, t4=0.063, t5=0.065, t6=0.063, t7=0.065 | p50(max_across_ranks)=0.066, p90(max_across_ranks)=0.069        556.2       69.5        544.3       skip  eager; output=bf16_ipc_a2a; runner_preallocated; timing=mega_kernel_only

Mega %globaltimer phase timestamps (per-iteration maximum across benchmark ranks, then p50/p90 across samples; us)
Method                   Phase                                                             p50        p90
dcp_mega_varlen          kernel_start                                                    0.000      0.000
dcp_mega_varlen          q_allgather_done                                                4.672      4.771
dcp_mega_varlen          attention_done                                                 29.024     29.539
dcp_mega_varlen          history_combine_done                                           50.528     51.302
dcp_mega_varlen          publish_done                                                   50.528     51.302
dcp_mega_varlen          receive_done                                                   56.240     59.530
dcp_mega_varlen          final_combine_done                                             59.488     62.467
dcp_mega_varlen          kernel_done                                                    59.824     62.701
dcp_mega_varlen          post_completion/q_done_to_publish_done                         46.016     46.787
dcp_mega_varlen          post_completion/publish_done_to_receive_done                    6.960     10.387
dcp_mega_varlen          post_completion/attention_done_to_history_combine_done         22.960     23.558
dcp_mega_varlen          post_completion/history_combine_done_to_final_combine_done     10.192     13.478
Wrote benchmark JSON to benchmark_logs/experiment_suite/dcp-suite/01_dcp_wave-b-timestamps-20260814-132129/results/arrival_2/dcp_2/fa3_native_fifo/comm_sm_12/case_000021_dcp2_hkv4_eager.json

================================================================================
Mega comm_sm=12, case 23/100: case_000022_dcp2_hkv4: B=11, Sq=[16, 16, 16, 16, 16, 16, 16, 16, 16, 16, 16], Sk=[2249, 2626, 1241, 75029, 2803, 8083, 17092, 5436, 9473, 11686, 1158], DCP=2, Hkv=4
================================================================================
Config: world_size=8, methods=['dcp_mega_varlen'], QH=32, KVH=4, D=128, TP=8, DCP=2, workload=chunk, execution=eager, baseline_phase_timing=False, warmup=40, iters=60, check=False
Workload: B=11, q_tokens=176, history_tokens=136876, q_seqlens=[16, 16, 16, 16, 16, 16, 16, 16, 16, 16, 16], history_seqlens=[2249, 2626, 1241, 75029, 2803, 8083, 17092, 5436, 9473, 11686, 1158]
Agg TFLOPS uses useful attention work across all TP ranks and p50(max_across_ranks); Avg/GPU divides it by world_size.
KV GB/s/GPU is average logical BF16 K+V bytes read per TP rank divided by p50(max_across_ranks); it is not hardware-counter HBM traffic.

Running B=11, q_tokens=176, history_tokens=136876, causal=True

B=11, q_tokens=176, history_tokens=136876, QH=32, KVH=4, D=128, TP=8, DCP=2, mode=causal
Method                   Time ms                                                                                                                                     Agg TFLOPS    Avg/GPU  KV GB/s/GPU      Check  Note
dcp_mega_varlen          t0=0.079, t1=0.076, t2=0.079, t3=0.075, t4=0.076, t5=0.079, t6=0.077, t7=0.076 | p50(max_across_ranks)=0.080, p90(max_across_ranks)=0.083        448.7       56.1        439.0       skip  eager; output=bf16_ipc_a2a; runner_preallocated; timing=mega_kernel_only

Mega %globaltimer phase timestamps (per-iteration maximum across benchmark ranks, then p50/p90 across samples; us)
Method                   Phase                                                             p50        p90
dcp_mega_varlen          kernel_start                                                    0.000      0.000
dcp_mega_varlen          q_allgather_done                                                4.608      4.672
dcp_mega_varlen          attention_done                                                 27.200     27.907
dcp_mega_varlen          history_combine_done                                           64.096     64.675
dcp_mega_varlen          publish_done                                                   64.096     64.675
dcp_mega_varlen          receive_done                                                   70.048     73.101
dcp_mega_varlen          final_combine_done                                             73.136     76.227
dcp_mega_varlen          kernel_done                                                    73.456     76.448
dcp_mega_varlen          post_completion/q_done_to_publish_done                         59.728     60.323
dcp_mega_varlen          post_completion/publish_done_to_receive_done                    7.360      9.894
dcp_mega_varlen          post_completion/attention_done_to_history_combine_done         38.048     38.627
dcp_mega_varlen          post_completion/history_combine_done_to_final_combine_done     10.464     12.918
Wrote benchmark JSON to benchmark_logs/experiment_suite/dcp-suite/01_dcp_wave-b-timestamps-20260814-132129/results/arrival_2/dcp_2/fa3_native_fifo/comm_sm_12/case_000022_dcp2_hkv4_eager.json

================================================================================
Mega comm_sm=12, case 24/100: case_000023_dcp2_hkv4: B=16, Sq=[16, 16, 16, 16, 16, 16, 16, 16, 16, 16, 16, 16, 16, 16, 16, 4096], Sk=[12634, 17891, 58058, 2171, 1055, 1017, 68156, 5056, 5940, 26802, 2148, 6948, 16377, 1100, 11969, 37376], DCP=2, Hkv=4
================================================================================
Config: world_size=8, methods=['dcp_mega_varlen'], QH=32, KVH=4, D=128, TP=8, DCP=2, workload=chunk, execution=eager, baseline_phase_timing=False, warmup=40, iters=60, check=False
Workload: B=16, q_tokens=4336, history_tokens=274698, q_seqlens=[16, 16, 16, 16, 16, 16, 16, 16, 16, 16, 16, 16, 16, 16, 16, 4096], history_seqlens=[12634, 17891, 58058, 2171, 1055, 1017, 68156, 5056, 5940, 26802, 2148, 6948, 16377, 1100, 11969, 37376]
Agg TFLOPS uses useful attention work across all TP ranks and p50(max_across_ranks); Avg/GPU divides it by world_size.
KV GB/s/GPU is average logical BF16 K+V bytes read per TP rank divided by p50(max_across_ranks); it is not hardware-counter HBM traffic.

Running B=16, q_tokens=4336, history_tokens=274698, causal=True

B=16, q_tokens=4336, history_tokens=274698, QH=32, KVH=4, D=128, TP=8, DCP=2, mode=causal
Method                   Time ms                                                                                                                                     Agg TFLOPS    Avg/GPU  KV GB/s/GPU      Check  Note
dcp_mega_varlen          t0=0.698, t1=0.695, t2=0.696, t3=0.696, t4=0.693, t5=0.687, t6=0.703, t7=0.693 | p50(max_across_ranks)=0.703, p90(max_across_ranks)=0.706       3852.3      481.5        103.2       skip  eager; output=bf16_ipc_a2a; runner_preallocated; timing=mega_kernel_only

Mega %globaltimer phase timestamps (per-iteration maximum across benchmark ranks, then p50/p90 across samples; us)
Method                   Phase                                                             p50        p90
dcp_mega_varlen          kernel_start                                                    0.000      0.000
dcp_mega_varlen          q_allgather_done                                               28.608     29.549
dcp_mega_varlen          attention_done                                                665.616    667.178
dcp_mega_varlen          history_combine_done                                          682.048    683.635
dcp_mega_varlen          publish_done                                                  682.048    683.635
dcp_mega_varlen          receive_done                                                  688.368    691.818
dcp_mega_varlen          final_combine_done                                            696.304    699.696
dcp_mega_varlen          kernel_done                                                   696.640    699.946
dcp_mega_varlen          post_completion/q_done_to_publish_done                        655.664    657.920
dcp_mega_varlen          post_completion/publish_done_to_receive_done                   18.992     21.997
dcp_mega_varlen          post_completion/attention_done_to_history_combine_done         17.072     18.051
dcp_mega_varlen          post_completion/history_combine_done_to_final_combine_done     26.896     29.853
Wrote benchmark JSON to benchmark_logs/experiment_suite/dcp-suite/01_dcp_wave-b-timestamps-20260814-132129/results/arrival_2/dcp_2/fa3_native_fifo/comm_sm_12/case_000023_dcp2_hkv4_eager.json

================================================================================
Mega comm_sm=12, case 25/100: case_000024_dcp2_hkv4: B=15, Sq=[16, 16, 16, 16, 16, 16, 16, 16, 16, 16, 16, 16, 16, 16, 16], Sk=[58337, 2460, 1342, 68420, 5335, 6202, 2409, 16630, 46775, 12247, 1325, 21696, 1164, 2828, 9169], DCP=2, Hkv=4
================================================================================
Config: world_size=8, methods=['dcp_mega_varlen'], QH=32, KVH=4, D=128, TP=8, DCP=2, workload=chunk, execution=eager, baseline_phase_timing=False, warmup=40, iters=60, check=False
Workload: B=15, q_tokens=240, history_tokens=256339, q_seqlens=[16, 16, 16, 16, 16, 16, 16, 16, 16, 16, 16, 16, 16, 16, 16], history_seqlens=[58337, 2460, 1342, 68420, 5335, 6202, 2409, 16630, 46775, 12247, 1325, 21696, 1164, 2828, 9169]
Agg TFLOPS uses useful attention work across all TP ranks and p50(max_across_ranks); Avg/GPU divides it by world_size.
KV GB/s/GPU is average logical BF16 K+V bytes read per TP rank divided by p50(max_across_ranks); it is not hardware-counter HBM traffic.

Running B=15, q_tokens=240, history_tokens=256339, causal=True

B=15, q_tokens=240, history_tokens=256339, QH=32, KVH=4, D=128, TP=8, DCP=2, mode=causal
Method                   Time ms                                                                                                                                     Agg TFLOPS    Avg/GPU  KV GB/s/GPU      Check  Note
dcp_mega_varlen          t0=0.078, t1=0.075, t2=0.078, t3=0.075, t4=0.075, t5=0.078, t6=0.075, t7=0.076 | p50(max_across_ranks)=0.079, p90(max_across_ranks)=0.082        849.4      106.2        830.6       skip  eager; output=bf16_ipc_a2a; runner_preallocated; timing=mega_kernel_only

Mega %globaltimer phase timestamps (per-iteration maximum across benchmark ranks, then p50/p90 across samples; us)
Method                   Phase                                                             p50        p90
dcp_mega_varlen          kernel_start                                                    0.000      0.000
dcp_mega_varlen          q_allgather_done                                                4.608      4.736
dcp_mega_varlen          attention_done                                                 42.240     43.552
dcp_mega_varlen          history_combine_done                                           62.912     63.846
dcp_mega_varlen          publish_done                                                   62.912     63.846
dcp_mega_varlen          receive_done                                                   68.976     71.808
dcp_mega_varlen          final_combine_done                                             72.256     75.024
dcp_mega_varlen          kernel_done                                                    72.480     75.334
dcp_mega_varlen          post_completion/q_done_to_publish_done                         58.560     59.555
dcp_mega_varlen          post_completion/publish_done_to_receive_done                    7.840     10.304
dcp_mega_varlen          post_completion/attention_done_to_history_combine_done         22.816     24.227
dcp_mega_varlen          post_completion/history_combine_done_to_final_combine_done     11.408     13.622
Wrote benchmark JSON to benchmark_logs/experiment_suite/dcp-suite/01_dcp_wave-b-timestamps-20260814-132129/results/arrival_2/dcp_2/fa3_native_fifo/comm_sm_12/case_000024_dcp2_hkv4_eager.json

================================================================================
Mega comm_sm=12, case 26/100: case_000025_dcp2_hkv4: B=18, Sq=[16, 16, 16, 16, 16, 16, 16, 16, 16, 16, 16, 16, 16, 16, 16, 16, 16, 16], Sk=[10405, 27112, 3311, 21194, 2889, 7486, 5782, 6922, 60238, 24518, 17817, 11034, 1055, 7530, 3702, 11898, 21229, 1410], DCP=2, Hkv=4
================================================================================
Config: world_size=8, methods=['dcp_mega_varlen'], QH=32, KVH=4, D=128, TP=8, DCP=2, workload=chunk, execution=eager, baseline_phase_timing=False, warmup=40, iters=60, check=False
Workload: B=18, q_tokens=288, history_tokens=245532, q_seqlens=[16, 16, 16, 16, 16, 16, 16, 16, 16, 16, 16, 16, 16, 16, 16, 16, 16, 16], history_seqlens=[10405, 27112, 3311, 21194, 2889, 7486, 5782, 6922, 60238, 24518, 17817, 11034, 1055, 7530, 3702, 11898, 21229, 1410]
Agg TFLOPS uses useful attention work across all TP ranks and p50(max_across_ranks); Avg/GPU divides it by world_size.
KV GB/s/GPU is average logical BF16 K+V bytes read per TP rank divided by p50(max_across_ranks); it is not hardware-counter HBM traffic.

Running B=18, q_tokens=288, history_tokens=245532, causal=True

B=18, q_tokens=288, history_tokens=245532, QH=32, KVH=4, D=128, TP=8, DCP=2, mode=causal
Method                   Time ms                                                                                                                                     Agg TFLOPS    Avg/GPU  KV GB/s/GPU      Check  Note
dcp_mega_varlen          t0=0.076, t1=0.080, t2=0.079, t3=0.077, t4=0.076, t5=0.079, t6=0.077, t7=0.078 | p50(max_across_ranks)=0.081, p90(max_across_ranks)=0.091        797.2       99.7        779.9       skip  eager; output=bf16_ipc_a2a; runner_preallocated; timing=mega_kernel_only

Mega %globaltimer phase timestamps (per-iteration maximum across benchmark ranks, then p50/p90 across samples; us)
Method                   Phase                                                             p50        p90
dcp_mega_varlen          kernel_start                                                    0.000      0.000
dcp_mega_varlen          q_allgather_done                                                4.640      5.888
dcp_mega_varlen          attention_done                                                 40.816     41.600
dcp_mega_varlen          history_combine_done                                           63.968     65.254
dcp_mega_varlen          publish_done                                                   63.968     65.254
dcp_mega_varlen          receive_done                                                   70.688     80.586
dcp_mega_varlen          final_combine_done                                             74.192     83.955
dcp_mega_varlen          kernel_done                                                    74.464     84.269
dcp_mega_varlen          post_completion/q_done_to_publish_done                         59.344     60.352
dcp_mega_varlen          post_completion/publish_done_to_receive_done                    8.688     18.669
dcp_mega_varlen          post_completion/attention_done_to_history_combine_done         24.816     25.699
dcp_mega_varlen          post_completion/history_combine_done_to_final_combine_done     12.208     21.946
Wrote benchmark JSON to benchmark_logs/experiment_suite/dcp-suite/01_dcp_wave-b-timestamps-20260814-132129/results/arrival_2/dcp_2/fa3_native_fifo/comm_sm_12/case_000025_dcp2_hkv4_eager.json

================================================================================
Mega comm_sm=12, case 27/100: case_000026_dcp2_hkv4: B=20, Sq=[16, 16, 16, 16, 16, 16, 16, 16, 16, 16, 16, 16, 16, 16, 16, 16, 16, 16, 16, 16], Sk=[3396, 8130, 12080, 25536, 14471, 25044, 12973, 4167, 24748, 1817, 2283, 8545, 6064, 1061, 7078, 1841, 1110, 917, 14372, 3665], DCP=2, Hkv=4
================================================================================
Config: world_size=8, methods=['dcp_mega_varlen'], QH=32, KVH=4, D=128, TP=8, DCP=2, workload=chunk, execution=eager, baseline_phase_timing=False, warmup=40, iters=60, check=False
Workload: B=20, q_tokens=320, history_tokens=179298, q_seqlens=[16, 16, 16, 16, 16, 16, 16, 16, 16, 16, 16, 16, 16, 16, 16, 16, 16, 16, 16, 16], history_seqlens=[3396, 8130, 12080, 25536, 14471, 25044, 12973, 4167, 24748, 1817, 2283, 8545, 6064, 1061, 7078, 1841, 1110, 917, 14372, 3665]
Agg TFLOPS uses useful attention work across all TP ranks and p50(max_across_ranks); Avg/GPU divides it by world_size.
KV GB/s/GPU is average logical BF16 K+V bytes read per TP rank divided by p50(max_across_ranks); it is not hardware-counter HBM traffic.

Running B=20, q_tokens=320, history_tokens=179298, causal=True

B=20, q_tokens=320, history_tokens=179298, QH=32, KVH=4, D=128, TP=8, DCP=2, mode=causal
Method                   Time ms                                                                                                                                     Agg TFLOPS    Avg/GPU  KV GB/s/GPU      Check  Note
dcp_mega_varlen          t0=0.070, t1=0.083, t2=0.073, t3=0.071, t4=0.071, t5=0.073, t6=0.070, t7=0.073 | p50(max_across_ranks)=0.083, p90(max_across_ranks)=0.088        568.6       71.1        556.8       skip  eager; output=bf16_ipc_a2a; runner_preallocated; timing=mega_kernel_only

Mega %globaltimer phase timestamps (per-iteration maximum across benchmark ranks, then p50/p90 across samples; us)
Method                   Phase                                                             p50        p90
dcp_mega_varlen          kernel_start                                                    0.000      0.000
dcp_mega_varlen          q_allgather_done                                                6.048      6.627
dcp_mega_varlen          attention_done                                                 40.640     41.731
dcp_mega_varlen          history_combine_done                                           58.624     59.942
dcp_mega_varlen          publish_done                                                   58.624     59.942
dcp_mega_varlen          receive_done                                                   72.704     77.536
dcp_mega_varlen          final_combine_done                                             76.112     80.880
dcp_mega_varlen          kernel_done                                                    76.384     81.203
dcp_mega_varlen          post_completion/q_done_to_publish_done                         53.904     55.075
dcp_mega_varlen          post_completion/publish_done_to_receive_done                   16.848     20.691
dcp_mega_varlen          post_completion/attention_done_to_history_combine_done         20.608     21.501
dcp_mega_varlen          post_completion/history_combine_done_to_final_combine_done     20.064     24.179
Wrote benchmark JSON to benchmark_logs/experiment_suite/dcp-suite/01_dcp_wave-b-timestamps-20260814-132129/results/arrival_2/dcp_2/fa3_native_fifo/comm_sm_12/case_000026_dcp2_hkv4_eager.json

================================================================================
Mega comm_sm=12, case 28/100: case_000027_dcp2_hkv4: B=18, Sq=[16, 16, 16, 16, 16, 16, 16, 16, 16, 16, 16, 16, 16, 16, 16, 16, 16, 16], Sk=[10904, 8049, 2209, 3135, 19756, 3139, 12528, 4745, 3838, 1647, 29258, 3080, 15169, 1026, 5240, 947, 927, 13107], DCP=2, Hkv=4
================================================================================
Config: world_size=8, methods=['dcp_mega_varlen'], QH=32, KVH=4, D=128, TP=8, DCP=2, workload=chunk, execution=eager, baseline_phase_timing=False, warmup=40, iters=60, check=False
Workload: B=18, q_tokens=288, history_tokens=138704, q_seqlens=[16, 16, 16, 16, 16, 16, 16, 16, 16, 16, 16, 16, 16, 16, 16, 16, 16, 16], history_seqlens=[10904, 8049, 2209, 3135, 19756, 3139, 12528, 4745, 3838, 1647, 29258, 3080, 15169, 1026, 5240, 947, 927, 13107]
Agg TFLOPS uses useful attention work across all TP ranks and p50(max_across_ranks); Avg/GPU divides it by world_size.
KV GB/s/GPU is average logical BF16 K+V bytes read per TP rank divided by p50(max_across_ranks); it is not hardware-counter HBM traffic.

Running B=18, q_tokens=288, history_tokens=138704, causal=True

B=18, q_tokens=288, history_tokens=138704, QH=32, KVH=4, D=128, TP=8, DCP=2, mode=causal
Method                   Time ms                                                                                                                                     Agg TFLOPS    Avg/GPU  KV GB/s/GPU      Check  Note
dcp_mega_varlen          t0=0.066, t1=0.072, t2=0.068, t3=0.067, t4=0.066, t5=0.067, t6=0.066, t7=0.068 | p50(max_across_ranks)=0.075, p90(max_across_ranks)=0.086        487.9       61.0        477.9       skip  eager; output=bf16_ipc_a2a; runner_preallocated; timing=mega_kernel_only

Mega %globaltimer phase timestamps (per-iteration maximum across benchmark ranks, then p50/p90 across samples; us)
Method                   Phase                                                             p50        p90
dcp_mega_varlen          kernel_start                                                    0.000      0.000
dcp_mega_varlen          q_allgather_done                                                4.736      6.467
dcp_mega_varlen          attention_done                                                 29.152     29.962
dcp_mega_varlen          history_combine_done                                           53.392     55.139
dcp_mega_varlen          publish_done                                                   53.392     55.139
dcp_mega_varlen          receive_done                                                   64.464     75.802
dcp_mega_varlen          final_combine_done                                             67.648     79.178
dcp_mega_varlen          kernel_done                                                    67.968     79.402
dcp_mega_varlen          post_completion/q_done_to_publish_done                         48.928     50.429
dcp_mega_varlen          post_completion/publish_done_to_receive_done                   12.496     25.894
dcp_mega_varlen          post_completion/attention_done_to_history_combine_done         25.632     26.950
dcp_mega_varlen          post_completion/history_combine_done_to_final_combine_done     15.760     29.270
Wrote benchmark JSON to benchmark_logs/experiment_suite/dcp-suite/01_dcp_wave-b-timestamps-20260814-132129/results/arrival_2/dcp_2/fa3_native_fifo/comm_sm_12/case_000027_dcp2_hkv4_eager.json

================================================================================
Mega comm_sm=12, case 29/100: case_000028_dcp2_hkv4: B=19, Sq=[16, 16, 16, 16, 16, 16, 16, 16, 16, 16, 16, 16, 16, 16, 16, 16, 16, 16, 16], Sk=[11610, 2955, 46052, 20065, 41199, 14595, 5591, 1749, 9369, 98766, 26544, 3732, 12330, 15865, 5134, 16229, 2772, 92144, 1330], DCP=2, Hkv=4
================================================================================
Config: world_size=8, methods=['dcp_mega_varlen'], QH=32, KVH=4, D=128, TP=8, DCP=2, workload=chunk, execution=eager, baseline_phase_timing=False, warmup=40, iters=60, check=False
Workload: B=19, q_tokens=304, history_tokens=428031, q_seqlens=[16, 16, 16, 16, 16, 16, 16, 16, 16, 16, 16, 16, 16, 16, 16, 16, 16, 16, 16], history_seqlens=[11610, 2955, 46052, 20065, 41199, 14595, 5591, 1749, 9369, 98766, 26544, 3732, 12330, 15865, 5134, 16229, 2772, 92144, 1330]
Agg TFLOPS uses useful attention work across all TP ranks and p50(max_across_ranks); Avg/GPU divides it by world_size.
KV GB/s/GPU is average logical BF16 K+V bytes read per TP rank divided by p50(max_across_ranks); it is not hardware-counter HBM traffic.

Running B=19, q_tokens=304, history_tokens=428031, causal=True

B=19, q_tokens=304, history_tokens=428031, QH=32, KVH=4, D=128, TP=8, DCP=2, mode=causal
Method                   Time ms                                                                                                                                     Agg TFLOPS    Avg/GPU  KV GB/s/GPU      Check  Note
dcp_mega_varlen          t0=0.099, t1=0.108, t2=0.102, t3=0.098, t4=0.098, t5=0.101, t6=0.100, t7=0.101 | p50(max_across_ranks)=0.109, p90(max_across_ranks)=0.117       1030.2      128.8       1007.1       skip  eager; output=bf16_ipc_a2a; runner_preallocated; timing=mega_kernel_only

Mega %globaltimer phase timestamps (per-iteration maximum across benchmark ranks, then p50/p90 across samples; us)
Method                   Phase                                                             p50        p90
dcp_mega_varlen          kernel_start                                                    0.000      0.000
dcp_mega_varlen          q_allgather_done                                                5.056      6.733
dcp_mega_varlen          attention_done                                                 57.456     58.115
dcp_mega_varlen          history_combine_done                                           86.816     88.291
dcp_mega_varlen          publish_done                                                   86.816     88.291
dcp_mega_varlen          receive_done                                                   98.752    107.091
dcp_mega_varlen          final_combine_done                                            102.272    110.454
dcp_mega_varlen          kernel_done                                                   102.560    110.771
dcp_mega_varlen          post_completion/q_done_to_publish_done                         82.320     83.702
dcp_mega_varlen          post_completion/publish_done_to_receive_done                   13.600     22.502
dcp_mega_varlen          post_completion/attention_done_to_history_combine_done         32.432     33.606
dcp_mega_varlen          post_completion/history_combine_done_to_final_combine_done     17.024     25.866
Wrote benchmark JSON to benchmark_logs/experiment_suite/dcp-suite/01_dcp_wave-b-timestamps-20260814-132129/results/arrival_2/dcp_2/fa3_native_fifo/comm_sm_12/case_000028_dcp2_hkv4_eager.json

================================================================================
Mega comm_sm=12, case 30/100: case_000029_dcp2_hkv4: B=18, Sq=[16, 16, 16, 16, 16, 16, 16, 16, 16, 16, 16, 16, 16, 16, 16, 16, 16, 16], Sk=[20644, 34146, 13513, 19654, 1709, 10171, 31895, 11796, 6698, 14716, 1104, 3965, 17579, 12947, 1858, 974, 4751, 8689], DCP=2, Hkv=4
================================================================================
Config: world_size=8, methods=['dcp_mega_varlen'], QH=32, KVH=4, D=128, TP=8, DCP=2, workload=chunk, execution=eager, baseline_phase_timing=False, warmup=40, iters=60, check=False
Workload: B=18, q_tokens=288, history_tokens=216809, q_seqlens=[16, 16, 16, 16, 16, 16, 16, 16, 16, 16, 16, 16, 16, 16, 16, 16, 16, 16], history_seqlens=[20644, 34146, 13513, 19654, 1709, 10171, 31895, 11796, 6698, 14716, 1104, 3965, 17579, 12947, 1858, 974, 4751, 8689]
Agg TFLOPS uses useful attention work across all TP ranks and p50(max_across_ranks); Avg/GPU divides it by world_size.
KV GB/s/GPU is average logical BF16 K+V bytes read per TP rank divided by p50(max_across_ranks); it is not hardware-counter HBM traffic.

Running B=18, q_tokens=288, history_tokens=216809, causal=True

B=18, q_tokens=288, history_tokens=216809, QH=32, KVH=4, D=128, TP=8, DCP=2, mode=causal
Method                   Time ms                                                                                                                                     Agg TFLOPS    Avg/GPU  KV GB/s/GPU      Check  Note
dcp_mega_varlen          t0=0.076, t1=0.074, t2=0.077, t3=0.074, t4=0.074, t5=0.078, t6=0.074, t7=0.076 | p50(max_across_ranks)=0.079, p90(max_across_ranks)=0.086        720.5       90.1        704.9       skip  eager; output=bf16_ipc_a2a; runner_preallocated; timing=mega_kernel_only

Mega %globaltimer phase timestamps (per-iteration maximum across benchmark ranks, then p50/p90 across samples; us)
Method                   Phase                                                             p50        p90
dcp_mega_varlen          kernel_start                                                    0.000      0.000
dcp_mega_varlen          q_allgather_done                                                4.672      4.768
dcp_mega_varlen          attention_done                                                 36.656     37.418
dcp_mega_varlen          history_combine_done                                           62.256     63.814
dcp_mega_varlen          publish_done                                                   62.256     63.814
dcp_mega_varlen          receive_done                                                   68.624     76.160
dcp_mega_varlen          final_combine_done                                             72.080     79.731
dcp_mega_varlen          kernel_done                                                    72.416     80.083
dcp_mega_varlen          post_completion/q_done_to_publish_done                         57.776     59.245
dcp_mega_varlen          post_completion/publish_done_to_receive_done                    8.240     15.462
dcp_mega_varlen          post_completion/attention_done_to_history_combine_done         26.624     28.067
dcp_mega_varlen          post_completion/history_combine_done_to_final_combine_done     11.568     19.034
Wrote benchmark JSON to benchmark_logs/experiment_suite/dcp-suite/01_dcp_wave-b-timestamps-20260814-132129/results/arrival_2/dcp_2/fa3_native_fifo/comm_sm_12/case_000029_dcp2_hkv4_eager.json

================================================================================
Mega comm_sm=12, case 31/100: case_000030_dcp2_hkv4: B=22, Sq=[16, 16, 16, 16, 16, 16, 16, 16, 16, 16, 16, 16, 16, 16, 16, 16, 16, 16, 16, 16, 16, 16], Sk=[10490, 8212, 3048, 7913, 1740, 1232, 1450, 12151, 3753, 16102, 9774, 8836, 111941, 18526, 1224, 4480, 14254, 1188, 5866, 16309, 956, 13277], DCP=2, Hkv=4
================================================================================
Config: world_size=8, methods=['dcp_mega_varlen'], QH=32, KVH=4, D=128, TP=8, DCP=2, workload=chunk, execution=eager, baseline_phase_timing=False, warmup=40, iters=60, check=False
Workload: B=22, q_tokens=352, history_tokens=272722, q_seqlens=[16, 16, 16, 16, 16, 16, 16, 16, 16, 16, 16, 16, 16, 16, 16, 16, 16, 16, 16, 16, 16, 16], history_seqlens=[10490, 8212, 3048, 7913, 1740, 1232, 1450, 12151, 3753, 16102, 9774, 8836, 111941, 18526, 1224, 4480, 14254, 1188, 5866, 16309, 956, 13277]
Agg TFLOPS uses useful attention work across all TP ranks and p50(max_across_ranks); Avg/GPU divides it by world_size.
KV GB/s/GPU is average logical BF16 K+V bytes read per TP rank divided by p50(max_across_ranks); it is not hardware-counter HBM traffic.

Running B=22, q_tokens=352, history_tokens=272722, causal=True

B=22, q_tokens=352, history_tokens=272722, QH=32, KVH=4, D=128, TP=8, DCP=2, mode=causal
Method                   Time ms                                                                                                                                     Agg TFLOPS    Avg/GPU  KV GB/s/GPU      Check  Note
dcp_mega_varlen          t0=0.089, t1=0.089, t2=0.091, t3=0.086, t4=0.086, t5=0.090, t6=0.088, t7=0.090 | p50(max_across_ranks)=0.091, p90(max_across_ranks)=0.094        783.9       98.0        767.0       skip  eager; output=bf16_ipc_a2a; runner_preallocated; timing=mega_kernel_only

Mega %globaltimer phase timestamps (per-iteration maximum across benchmark ranks, then p50/p90 across samples; us)
Method                   Phase                                                             p50        p90
dcp_mega_varlen          kernel_start                                                    0.000      0.000
dcp_mega_varlen          q_allgather_done                                                4.736      4.832
dcp_mega_varlen          attention_done                                                 53.392     54.019
dcp_mega_varlen          history_combine_done                                           75.120     75.754
dcp_mega_varlen          publish_done                                                   75.120     75.754
dcp_mega_varlen          receive_done                                                   81.216     83.078
dcp_mega_varlen          final_combine_done                                             84.528     86.250
dcp_mega_varlen          kernel_done                                                    84.752     86.477
dcp_mega_varlen          post_completion/q_done_to_publish_done                         70.704     71.373
dcp_mega_varlen          post_completion/publish_done_to_receive_done                    8.464     10.470
dcp_mega_varlen          post_completion/attention_done_to_history_combine_done         24.320     25.635
dcp_mega_varlen          post_completion/history_combine_done_to_final_combine_done     11.760     13.738
Wrote benchmark JSON to benchmark_logs/experiment_suite/dcp-suite/01_dcp_wave-b-timestamps-20260814-132129/results/arrival_2/dcp_2/fa3_native_fifo/comm_sm_12/case_000030_dcp2_hkv4_eager.json

================================================================================
Mega comm_sm=12, case 32/100: case_000031_dcp2_hkv4: B=10, Sq=[16, 16, 16, 16, 16, 16, 16, 16, 16, 16], Sk=[40524, 1350, 1088, 12764, 4797, 973, 966, 16413, 48573, 40131], DCP=2, Hkv=4
================================================================================
Config: world_size=8, methods=['dcp_mega_varlen'], QH=32, KVH=4, D=128, TP=8, DCP=2, workload=chunk, execution=eager, baseline_phase_timing=False, warmup=40, iters=60, check=False
Workload: B=10, q_tokens=160, history_tokens=167579, q_seqlens=[16, 16, 16, 16, 16, 16, 16, 16, 16, 16], history_seqlens=[40524, 1350, 1088, 12764, 4797, 973, 966, 16413, 48573, 40131]
Agg TFLOPS uses useful attention work across all TP ranks and p50(max_across_ranks); Avg/GPU divides it by world_size.
KV GB/s/GPU is average logical BF16 K+V bytes read per TP rank divided by p50(max_across_ranks); it is not hardware-counter HBM traffic.

Running B=10, q_tokens=160, history_tokens=167579, causal=True

B=10, q_tokens=160, history_tokens=167579, QH=32, KVH=4, D=128, TP=8, DCP=2, mode=causal
Method                   Time ms                                                                                                                                     Agg TFLOPS    Avg/GPU  KV GB/s/GPU      Check  Note
dcp_mega_varlen          t0=0.068, t1=0.067, t2=0.069, t3=0.065, t4=0.065, t5=0.068, t6=0.065, t7=0.068 | p50(max_across_ranks)=0.069, p90(max_across_ranks)=0.070        637.1       79.6        623.0       skip  eager; output=bf16_ipc_a2a; runner_preallocated; timing=mega_kernel_only

Mega %globaltimer phase timestamps (per-iteration maximum across benchmark ranks, then p50/p90 across samples; us)
Method                   Phase                                                             p50        p90
dcp_mega_varlen          kernel_start                                                    0.000      0.000
dcp_mega_varlen          q_allgather_done                                                4.608      4.704
dcp_mega_varlen          attention_done                                                 31.984     32.870
dcp_mega_varlen          history_combine_done                                           52.768     53.360
dcp_mega_varlen          publish_done                                                   52.768     53.360
dcp_mega_varlen          receive_done                                                   58.944     60.102
dcp_mega_varlen          final_combine_done                                             62.304     63.526
dcp_mega_varlen          kernel_done                                                    62.528     63.840
dcp_mega_varlen          post_completion/q_done_to_publish_done                         48.320     48.931
dcp_mega_varlen          post_completion/publish_done_to_receive_done                    7.168      8.342
dcp_mega_varlen          post_completion/attention_done_to_history_combine_done         23.056     23.680
dcp_mega_varlen          post_completion/history_combine_done_to_final_combine_done     10.624     11.725
Wrote benchmark JSON to benchmark_logs/experiment_suite/dcp-suite/01_dcp_wave-b-timestamps-20260814-132129/results/arrival_2/dcp_2/fa3_native_fifo/comm_sm_12/case_000031_dcp2_hkv4_eager.json

================================================================================
Mega comm_sm=12, case 33/100: case_000032_dcp2_hkv4: B=18, Sq=[16, 16, 16, 16, 16, 16, 16, 16, 16, 16, 16, 16, 16, 16, 16, 16, 16, 16], Sk=[23794, 1882, 13415, 8402, 1993, 81091, 19327, 1152, 1898, 1341, 4622, 5760, 4362, 14433, 14607, 2458, 3809, 10827], DCP=2, Hkv=4
================================================================================
Config: world_size=8, methods=['dcp_mega_varlen'], QH=32, KVH=4, D=128, TP=8, DCP=2, workload=chunk, execution=eager, baseline_phase_timing=False, warmup=40, iters=60, check=False
Workload: B=18, q_tokens=288, history_tokens=215173, q_seqlens=[16, 16, 16, 16, 16, 16, 16, 16, 16, 16, 16, 16, 16, 16, 16, 16, 16, 16], history_seqlens=[23794, 1882, 13415, 8402, 1993, 81091, 19327, 1152, 1898, 1341, 4622, 5760, 4362, 14433, 14607, 2458, 3809, 10827]
Agg TFLOPS uses useful attention work across all TP ranks and p50(max_across_ranks); Avg/GPU divides it by world_size.
KV GB/s/GPU is average logical BF16 K+V bytes read per TP rank divided by p50(max_across_ranks); it is not hardware-counter HBM traffic.

Running B=18, q_tokens=288, history_tokens=215173, causal=True

B=18, q_tokens=288, history_tokens=215173, QH=32, KVH=4, D=128, TP=8, DCP=2, mode=causal
Method                   Time ms                                                                                                                                     Agg TFLOPS    Avg/GPU  KV GB/s/GPU      Check  Note
dcp_mega_varlen          t0=0.077, t1=0.075, t2=0.079, t3=0.074, t4=0.074, t5=0.077, t6=0.075, t7=0.076 | p50(max_across_ranks)=0.079, p90(max_across_ranks)=0.080        716.9       89.6        701.5       skip  eager; output=bf16_ipc_a2a; runner_preallocated; timing=mega_kernel_only

Mega %globaltimer phase timestamps (per-iteration maximum across benchmark ranks, then p50/p90 across samples; us)
Method                   Phase                                                             p50        p90
dcp_mega_varlen          kernel_start                                                    0.000      0.000
dcp_mega_varlen          q_allgather_done                                                4.608      4.704
dcp_mega_varlen          attention_done                                                 36.496     37.360
dcp_mega_varlen          history_combine_done                                           62.144     62.886
dcp_mega_varlen          publish_done                                                   62.144     62.886
dcp_mega_varlen          receive_done                                                   68.464     69.606
dcp_mega_varlen          final_combine_done                                             71.904     73.059
dcp_mega_varlen          kernel_done                                                    72.144     73.315
dcp_mega_varlen          post_completion/q_done_to_publish_done                         57.760     58.531
dcp_mega_varlen          post_completion/publish_done_to_receive_done                    7.312      8.752
dcp_mega_varlen          post_completion/attention_done_to_history_combine_done         26.720     27.299
dcp_mega_varlen          post_completion/history_combine_done_to_final_combine_done     10.592     12.182
Wrote benchmark JSON to benchmark_logs/experiment_suite/dcp-suite/01_dcp_wave-b-timestamps-20260814-132129/results/arrival_2/dcp_2/fa3_native_fifo/comm_sm_12/case_000032_dcp2_hkv4_eager.json

================================================================================
Mega comm_sm=12, case 34/100: case_000033_dcp2_hkv4: B=15, Sq=[16, 16, 16, 16, 16, 16, 16, 16, 16, 16, 16, 16, 16, 16, 16], Sk=[5125, 12359, 8233, 9246, 18808, 3504, 7350, 29462, 15406, 8750, 34069, 6284, 12655, 9441, 20416], DCP=2, Hkv=4
================================================================================
Config: world_size=8, methods=['dcp_mega_varlen'], QH=32, KVH=4, D=128, TP=8, DCP=2, workload=chunk, execution=eager, baseline_phase_timing=False, warmup=40, iters=60, check=False
Workload: B=15, q_tokens=240, history_tokens=201108, q_seqlens=[16, 16, 16, 16, 16, 16, 16, 16, 16, 16, 16, 16, 16, 16, 16], history_seqlens=[5125, 12359, 8233, 9246, 18808, 3504, 7350, 29462, 15406, 8750, 34069, 6284, 12655, 9441, 20416]
Agg TFLOPS uses useful attention work across all TP ranks and p50(max_across_ranks); Avg/GPU divides it by world_size.
KV GB/s/GPU is average logical BF16 K+V bytes read per TP rank divided by p50(max_across_ranks); it is not hardware-counter HBM traffic.

Running B=15, q_tokens=240, history_tokens=201108, causal=True

B=15, q_tokens=240, history_tokens=201108, QH=32, KVH=4, D=128, TP=8, DCP=2, mode=causal
Method                   Time ms                                                                                                                                     Agg TFLOPS    Avg/GPU  KV GB/s/GPU      Check  Note
dcp_mega_varlen          t0=0.068, t1=0.067, t2=0.069, t3=0.065, t4=0.065, t5=0.068, t6=0.066, t7=0.069 | p50(max_across_ranks)=0.070, p90(max_across_ranks)=0.072        758.5       94.8        742.0       skip  eager; output=bf16_ipc_a2a; runner_preallocated; timing=mega_kernel_only

Mega %globaltimer phase timestamps (per-iteration maximum across benchmark ranks, then p50/p90 across samples; us)
Method                   Phase                                                             p50        p90
dcp_mega_varlen          kernel_start                                                    0.000      0.000
dcp_mega_varlen          q_allgather_done                                                4.608      4.675
dcp_mega_varlen          attention_done                                                 36.528     37.318
dcp_mega_varlen          history_combine_done                                           53.424     54.083
dcp_mega_varlen          publish_done                                                   53.424     54.083
dcp_mega_varlen          receive_done                                                   59.488     61.891
dcp_mega_varlen          final_combine_done                                             62.976     65.104
dcp_mega_varlen          kernel_done                                                    63.216     65.453
dcp_mega_varlen          post_completion/q_done_to_publish_done                         48.960     49.795
dcp_mega_varlen          post_completion/publish_done_to_receive_done                    7.552      9.274
dcp_mega_varlen          post_completion/attention_done_to_history_combine_done         17.792     18.432
dcp_mega_varlen          post_completion/history_combine_done_to_final_combine_done     11.024     12.486
Wrote benchmark JSON to benchmark_logs/experiment_suite/dcp-suite/01_dcp_wave-b-timestamps-20260814-132129/results/arrival_2/dcp_2/fa3_native_fifo/comm_sm_12/case_000033_dcp2_hkv4_eager.json

================================================================================
Mega comm_sm=12, case 35/100: case_000034_dcp2_hkv4: B=19, Sq=[16, 16, 16, 16, 16, 16, 16, 16, 16, 16, 16, 16, 16, 16, 16, 16, 16, 16, 16], Sk=[8392, 18984, 3664, 7524, 15578, 8914, 34223, 6433, 9603, 20586, 6081, 6146, 5409, 84876, 2932, 19030, 992, 9187, 1556], DCP=2, Hkv=4
================================================================================
Config: world_size=8, methods=['dcp_mega_varlen'], QH=32, KVH=4, D=128, TP=8, DCP=2, workload=chunk, execution=eager, baseline_phase_timing=False, warmup=40, iters=60, check=False
Workload: B=19, q_tokens=304, history_tokens=270110, q_seqlens=[16, 16, 16, 16, 16, 16, 16, 16, 16, 16, 16, 16, 16, 16, 16, 16, 16, 16, 16], history_seqlens=[8392, 18984, 3664, 7524, 15578, 8914, 34223, 6433, 9603, 20586, 6081, 6146, 5409, 84876, 2932, 19030, 992, 9187, 1556]
Agg TFLOPS uses useful attention work across all TP ranks and p50(max_across_ranks); Avg/GPU divides it by world_size.
KV GB/s/GPU is average logical BF16 K+V bytes read per TP rank divided by p50(max_across_ranks); it is not hardware-counter HBM traffic.

Running B=19, q_tokens=304, history_tokens=270110, causal=True

B=19, q_tokens=304, history_tokens=270110, QH=32, KVH=4, D=128, TP=8, DCP=2, mode=causal
Method                   Time ms                                                                                                                                     Agg TFLOPS    Avg/GPU  KV GB/s/GPU      Check  Note
dcp_mega_varlen          t0=0.086, t1=0.084, t2=0.087, t3=0.084, t4=0.084, t5=0.085, t6=0.083, t7=0.086 | p50(max_across_ranks)=0.087, p90(max_across_ranks)=0.089        809.8      101.2        792.2       skip  eager; output=bf16_ipc_a2a; runner_preallocated; timing=mega_kernel_only

Mega %globaltimer phase timestamps (per-iteration maximum across benchmark ranks, then p50/p90 across samples; us)
Method                   Phase                                                             p50        p90
dcp_mega_varlen          kernel_start                                                    0.000      0.000
dcp_mega_varlen          q_allgather_done                                                4.640      4.768
dcp_mega_varlen          attention_done                                                 52.384     52.941
dcp_mega_varlen          history_combine_done                                           71.200     72.230
dcp_mega_varlen          publish_done                                                   71.200     72.230
dcp_mega_varlen          receive_done                                                   77.296     78.547
dcp_mega_varlen          final_combine_done                                             80.704     82.080
dcp_mega_varlen          kernel_done                                                    80.928     82.307
dcp_mega_varlen          post_completion/q_done_to_publish_done                         66.720     67.683
dcp_mega_varlen          post_completion/publish_done_to_receive_done                    7.440      8.870
dcp_mega_varlen          post_completion/attention_done_to_history_combine_done         20.800     22.090
dcp_mega_varlen          post_completion/history_combine_done_to_final_combine_done     10.976     12.288
Wrote benchmark JSON to benchmark_logs/experiment_suite/dcp-suite/01_dcp_wave-b-timestamps-20260814-132129/results/arrival_2/dcp_2/fa3_native_fifo/comm_sm_12/case_000034_dcp2_hkv4_eager.json

================================================================================
Mega comm_sm=12, case 36/100: case_000035_dcp2_hkv4: B=17, Sq=[16, 16, 16, 16, 16, 16, 16, 16, 16, 16, 16, 16, 16, 16, 16, 16, 4096], Sk=[2991, 16408, 5104, 16775, 1109, 11795, 6103, 4009, 1029, 7688, 5844, 19339, 2329, 4474, 7497, 914, 10240], DCP=2, Hkv=4
================================================================================
Config: world_size=8, methods=['dcp_mega_varlen'], QH=32, KVH=4, D=128, TP=8, DCP=2, workload=chunk, execution=eager, baseline_phase_timing=False, warmup=40, iters=60, check=False
Workload: B=17, q_tokens=4352, history_tokens=123648, q_seqlens=[16, 16, 16, 16, 16, 16, 16, 16, 16, 16, 16, 16, 16, 16, 16, 16, 4096], history_seqlens=[2991, 16408, 5104, 16775, 1109, 11795, 6103, 4009, 1029, 7688, 5844, 19339, 2329, 4474, 7497, 914, 10240]
Agg TFLOPS uses useful attention work across all TP ranks and p50(max_across_ranks); Avg/GPU divides it by world_size.
KV GB/s/GPU is average logical BF16 K+V bytes read per TP rank divided by p50(max_across_ranks); it is not hardware-counter HBM traffic.

Running B=17, q_tokens=4352, history_tokens=123648, causal=True

B=17, q_tokens=4352, history_tokens=123648, QH=32, KVH=4, D=128, TP=8, DCP=2, mode=causal
Method                   Time ms                                                                                                                                     Agg TFLOPS    Avg/GPU  KV GB/s/GPU      Check  Note
dcp_mega_varlen          t0=0.254, t1=0.249, t2=0.254, t3=0.249, t4=0.248, t5=0.250, t6=0.251, t7=0.249 | p50(max_across_ranks)=0.255, p90(max_across_ranks)=0.257       3349.1      418.6        132.8       skip  eager; output=bf16_ipc_a2a; runner_preallocated; timing=mega_kernel_only

Mega %globaltimer phase timestamps (per-iteration maximum across benchmark ranks, then p50/p90 across samples; us)
Method                   Phase                                                             p50        p90
dcp_mega_varlen          kernel_start                                                    0.000      0.000
dcp_mega_varlen          q_allgather_done                                               28.736     29.901
dcp_mega_varlen          attention_done                                                213.904    214.464
dcp_mega_varlen          history_combine_done                                          230.800    232.160
dcp_mega_varlen          publish_done                                                  230.800    232.160
dcp_mega_varlen          receive_done                                                  239.808    241.645
dcp_mega_varlen          final_combine_done                                            247.952    249.699
dcp_mega_varlen          kernel_done                                                   248.256    249.920
dcp_mega_varlen          post_completion/q_done_to_publish_done                        204.448    205.904
dcp_mega_varlen          post_completion/publish_done_to_receive_done                   12.016     14.371
dcp_mega_varlen          post_completion/attention_done_to_history_combine_done         17.744     18.595
dcp_mega_varlen          post_completion/history_combine_done_to_final_combine_done     19.936     22.208
Wrote benchmark JSON to benchmark_logs/experiment_suite/dcp-suite/01_dcp_wave-b-timestamps-20260814-132129/results/arrival_2/dcp_2/fa3_native_fifo/comm_sm_12/case_000035_dcp2_hkv4_eager.json

================================================================================
Mega comm_sm=12, case 37/100: case_000036_dcp2_hkv4: B=23, Sq=[16, 16, 16, 16, 16, 16, 16, 16, 16, 16, 16, 16, 16, 16, 16, 16, 16, 16, 16, 16, 16, 16, 1648], Sk=[34439, 12261, 7951, 6773, 3260, 4227, 15954, 3666, 2571, 3909, 2408, 25900, 1075, 2752, 6014, 1469, 2413, 1338, 997, 19907, 4627, 17564, 16896], DCP=2, Hkv=4
================================================================================
Config: world_size=8, methods=['dcp_mega_varlen'], QH=32, KVH=4, D=128, TP=8, DCP=2, workload=chunk, execution=eager, baseline_phase_timing=False, warmup=40, iters=60, check=False
Workload: B=23, q_tokens=2000, history_tokens=198371, q_seqlens=[16, 16, 16, 16, 16, 16, 16, 16, 16, 16, 16, 16, 16, 16, 16, 16, 16, 16, 16, 16, 16, 16, 1648], history_seqlens=[34439, 12261, 7951, 6773, 3260, 4227, 15954, 3666, 2571, 3909, 2408, 25900, 1075, 2752, 6014, 1469, 2413, 1338, 997, 19907, 4627, 17564, 16896]
Agg TFLOPS uses useful attention work across all TP ranks and p50(max_across_ranks); Avg/GPU divides it by world_size.
KV GB/s/GPU is average logical BF16 K+V bytes read per TP rank divided by p50(max_across_ranks); it is not hardware-counter HBM traffic.

Running B=23, q_tokens=2000, history_tokens=198371, causal=True

B=23, q_tokens=2000, history_tokens=198371, QH=32, KVH=4, D=128, TP=8, DCP=2, mode=causal
Method                   Time ms                                                                                                                                     Agg TFLOPS    Avg/GPU  KV GB/s/GPU      Check  Note
dcp_mega_varlen          t0=0.200, t1=0.201, t2=0.199, t3=0.200, t4=0.199, t5=0.199, t6=0.198, t7=0.200 | p50(max_across_ranks)=0.201, p90(max_across_ranks)=0.202       2616.4      327.1        257.7       skip  eager; output=bf16_ipc_a2a; runner_preallocated; timing=mega_kernel_only

Mega %globaltimer phase timestamps (per-iteration maximum across benchmark ranks, then p50/p90 across samples; us)
Method                   Phase                                                             p50        p90
dcp_mega_varlen          kernel_start                                                    0.000      0.000
dcp_mega_varlen          q_allgather_done                                               14.816     15.075
dcp_mega_varlen          attention_done                                                130.624    131.050
dcp_mega_varlen          history_combine_done                                          168.448    169.162
dcp_mega_varlen          publish_done                                                  168.448    169.162
dcp_mega_varlen          receive_done                                                  177.344    178.806
dcp_mega_varlen          final_combine_done                                            194.144    194.733
dcp_mega_varlen          kernel_done                                                   194.416    195.046
dcp_mega_varlen          post_completion/q_done_to_publish_done                        154.288    155.107
dcp_mega_varlen          post_completion/publish_done_to_receive_done                   11.088     13.226
dcp_mega_varlen          post_completion/attention_done_to_history_combine_done         38.768     39.450
dcp_mega_varlen          post_completion/history_combine_done_to_final_combine_done     27.472     28.160
Wrote benchmark JSON to benchmark_logs/experiment_suite/dcp-suite/01_dcp_wave-b-timestamps-20260814-132129/results/arrival_2/dcp_2/fa3_native_fifo/comm_sm_12/case_000036_dcp2_hkv4_eager.json

================================================================================
Mega comm_sm=12, case 38/100: case_000037_dcp2_hkv4: B=17, Sq=[16, 16, 16, 16, 16, 16, 16, 16, 16, 16, 16, 16, 16, 16, 16, 16, 16], Sk=[35253, 1329, 16490, 3943, 18839, 42390, 4982, 2094, 2381, 1721, 4878, 5972, 22543, 14718, 3614, 11609, 10862], DCP=2, Hkv=4
================================================================================
Config: world_size=8, methods=['dcp_mega_varlen'], QH=32, KVH=4, D=128, TP=8, DCP=2, workload=chunk, execution=eager, baseline_phase_timing=False, warmup=40, iters=60, check=False
Workload: B=17, q_tokens=272, history_tokens=203618, q_seqlens=[16, 16, 16, 16, 16, 16, 16, 16, 16, 16, 16, 16, 16, 16, 16, 16, 16], history_seqlens=[35253, 1329, 16490, 3943, 18839, 42390, 4982, 2094, 2381, 1721, 4878, 5972, 22543, 14718, 3614, 11609, 10862]
Agg TFLOPS uses useful attention work across all TP ranks and p50(max_across_ranks); Avg/GPU divides it by world_size.
KV GB/s/GPU is average logical BF16 K+V bytes read per TP rank divided by p50(max_across_ranks); it is not hardware-counter HBM traffic.

Running B=17, q_tokens=272, history_tokens=203618, causal=True

B=17, q_tokens=272, history_tokens=203618, QH=32, KVH=4, D=128, TP=8, DCP=2, mode=causal
Method                   Time ms                                                                                                                                     Agg TFLOPS    Avg/GPU  KV GB/s/GPU      Check  Note
dcp_mega_varlen          t0=0.070, t1=0.069, t2=0.072, t3=0.067, t4=0.068, t5=0.070, t6=0.067, t7=0.070 | p50(max_across_ranks)=0.072, p90(max_across_ranks)=0.074        739.4       92.4        723.5       skip  eager; output=bf16_ipc_a2a; runner_preallocated; timing=mega_kernel_only

Mega %globaltimer phase timestamps (per-iteration maximum across benchmark ranks, then p50/p90 across samples; us)
Method                   Phase                                                             p50        p90
dcp_mega_varlen          kernel_start                                                    0.000      0.000
dcp_mega_varlen          q_allgather_done                                                4.640      4.736
dcp_mega_varlen          attention_done                                                 43.680     44.867
dcp_mega_varlen          history_combine_done                                           56.192     57.094
dcp_mega_varlen          publish_done                                                   56.192     57.094
dcp_mega_varlen          receive_done                                                   62.320     63.818
dcp_mega_varlen          final_combine_done                                             65.488     66.893
dcp_mega_varlen          kernel_done                                                    65.792     67.213
dcp_mega_varlen          post_completion/q_done_to_publish_done                         51.680     52.714
dcp_mega_varlen          post_completion/publish_done_to_receive_done                    8.832     11.056
dcp_mega_varlen          post_completion/attention_done_to_history_combine_done         15.216     16.064
dcp_mega_varlen          post_completion/history_combine_done_to_final_combine_done     11.968     14.304
Wrote benchmark JSON to benchmark_logs/experiment_suite/dcp-suite/01_dcp_wave-b-timestamps-20260814-132129/results/arrival_2/dcp_2/fa3_native_fifo/comm_sm_12/case_000037_dcp2_hkv4_eager.json

================================================================================
Mega comm_sm=12, case 39/100: case_000038_dcp2_hkv4: B=15, Sq=[16, 16, 16, 16, 16, 16, 16, 16, 16, 16, 16, 16, 16, 16, 16], Sk=[35479, 19075, 42614, 2325, 1935, 5128, 14947, 3828, 11840, 11106, 1597, 1429, 20563, 15501, 1100], DCP=2, Hkv=4
================================================================================
Config: world_size=8, methods=['dcp_mega_varlen'], QH=32, KVH=4, D=128, TP=8, DCP=2, workload=chunk, execution=eager, baseline_phase_timing=False, warmup=40, iters=60, check=False
Workload: B=15, q_tokens=240, history_tokens=188467, q_seqlens=[16, 16, 16, 16, 16, 16, 16, 16, 16, 16, 16, 16, 16, 16, 16], history_seqlens=[35479, 19075, 42614, 2325, 1935, 5128, 14947, 3828, 11840, 11106, 1597, 1429, 20563, 15501, 1100]
Agg TFLOPS uses useful attention work across all TP ranks and p50(max_across_ranks); Avg/GPU divides it by world_size.
KV GB/s/GPU is average logical BF16 K+V bytes read per TP rank divided by p50(max_across_ranks); it is not hardware-counter HBM traffic.

Running B=15, q_tokens=240, history_tokens=188467, causal=True

B=15, q_tokens=240, history_tokens=188467, QH=32, KVH=4, D=128, TP=8, DCP=2, mode=causal
Method                   Time ms                                                                                                                                     Agg TFLOPS    Avg/GPU  KV GB/s/GPU      Check  Note
dcp_mega_varlen          t0=0.072, t1=0.070, t2=0.072, t3=0.069, t4=0.070, t5=0.072, t6=0.070, t7=0.071 | p50(max_across_ranks)=0.073, p90(max_across_ranks)=0.076        676.6       84.6        662.0       skip  eager; output=bf16_ipc_a2a; runner_preallocated; timing=mega_kernel_only

Mega %globaltimer phase timestamps (per-iteration maximum across benchmark ranks, then p50/p90 across samples; us)
Method                   Phase                                                             p50        p90
dcp_mega_varlen          kernel_start                                                    0.000      0.000
dcp_mega_varlen          q_allgather_done                                                4.608      4.736
dcp_mega_varlen          attention_done                                                 34.032     35.136
dcp_mega_varlen          history_combine_done                                           57.040     57.763
dcp_mega_varlen          publish_done                                                   57.040     57.763
dcp_mega_varlen          receive_done                                                   62.944     65.766
dcp_mega_varlen          final_combine_done                                             66.336     69.251
dcp_mega_varlen          kernel_done                                                    66.608     69.475
dcp_mega_varlen          post_completion/q_done_to_publish_done                         52.688     53.286
dcp_mega_varlen          post_completion/publish_done_to_receive_done                    7.232     10.240
dcp_mega_varlen          post_completion/attention_done_to_history_combine_done         24.288     24.771
dcp_mega_varlen          post_completion/history_combine_done_to_final_combine_done     10.704     13.725
Wrote benchmark JSON to benchmark_logs/experiment_suite/dcp-suite/01_dcp_wave-b-timestamps-20260814-132129/results/arrival_2/dcp_2/fa3_native_fifo/comm_sm_12/case_000038_dcp2_hkv4_eager.json

================================================================================
Mega comm_sm=12, case 40/100: case_000039_dcp2_hkv4: B=25, Sq=[16, 16, 16, 16, 16, 16, 16, 16, 16, 16, 16, 16, 16, 16, 16, 16, 16, 16, 16, 16, 16, 16, 16, 16, 16], Sk=[43205, 33729, 1712, 11157, 1954, 8682, 32971, 71320, 18882, 4171, 8793, 17670, 11161, 10614, 28037, 118482, 1808, 4205, 13218, 118526, 21510, 979, 25368, 14253, 44534], DCP=2, Hkv=4
================================================================================
Config: world_size=8, methods=['dcp_mega_varlen'], QH=32, KVH=4, D=128, TP=8, DCP=2, workload=chunk, execution=eager, baseline_phase_timing=False, warmup=40, iters=60, check=False
Workload: B=25, q_tokens=400, history_tokens=666941, q_seqlens=[16, 16, 16, 16, 16, 16, 16, 16, 16, 16, 16, 16, 16, 16, 16, 16, 16, 16, 16, 16, 16, 16, 16, 16, 16], history_seqlens=[43205, 33729, 1712, 11157, 1954, 8682, 32971, 71320, 18882, 4171, 8793, 17670, 11161, 10614, 28037, 118482, 1808, 4205, 13218, 118526, 21510, 979, 25368, 14253, 44534]
Agg TFLOPS uses useful attention work across all TP ranks and p50(max_across_ranks); Avg/GPU divides it by world_size.
KV GB/s/GPU is average logical BF16 K+V bytes read per TP rank divided by p50(max_across_ranks); it is not hardware-counter HBM traffic.

Running B=25, q_tokens=400, history_tokens=666941, causal=True

B=25, q_tokens=400, history_tokens=666941, QH=32, KVH=4, D=128, TP=8, DCP=2, mode=causal
Method                   Time ms                                                                                                                                     Agg TFLOPS    Avg/GPU  KV GB/s/GPU      Check  Note
dcp_mega_varlen          t0=0.123, t1=0.121, t2=0.124, t3=0.120, t4=0.120, t5=0.123, t6=0.120, t7=0.123 | p50(max_across_ranks)=0.126, p90(max_across_ranks)=0.128       1390.8      173.9       1359.4       skip  eager; output=bf16_ipc_a2a; runner_preallocated; timing=mega_kernel_only

Mega %globaltimer phase timestamps (per-iteration maximum across benchmark ranks, then p50/p90 across samples; us)
Method                   Phase                                                             p50        p90
dcp_mega_varlen          kernel_start                                                    0.000      0.000
dcp_mega_varlen          q_allgather_done                                                4.800      4.896
dcp_mega_varlen          attention_done                                                 97.728     98.691
dcp_mega_varlen          history_combine_done                                          109.744    111.059
dcp_mega_varlen          publish_done                                                  109.744    111.059
dcp_mega_varlen          receive_done                                                  115.632    117.850
dcp_mega_varlen          final_combine_done                                            119.088    121.235
dcp_mega_varlen          kernel_done                                                   119.360    121.459
dcp_mega_varlen          post_completion/q_done_to_publish_done                        105.040    106.541
dcp_mega_varlen          post_completion/publish_done_to_receive_done                    8.832     11.875
dcp_mega_varlen          post_completion/attention_done_to_history_combine_done         16.016     17.478
dcp_mega_varlen          post_completion/history_combine_done_to_final_combine_done     12.240     15.222
Wrote benchmark JSON to benchmark_logs/experiment_suite/dcp-suite/01_dcp_wave-b-timestamps-20260814-132129/results/arrival_2/dcp_2/fa3_native_fifo/comm_sm_12/case_000039_dcp2_hkv4_eager.json

================================================================================
Mega comm_sm=12, case 41/100: case_000040_dcp2_hkv4: B=16, Sq=[16, 16, 16, 16, 16, 16, 16, 16, 16, 16, 16, 16, 16, 16, 16, 16], Sk=[15963, 6433, 1255, 22617, 43909, 21496, 11589, 1821, 2166, 1756, 4994, 8208, 1312, 9939, 6475, 963], DCP=2, Hkv=4
================================================================================
Config: world_size=8, methods=['dcp_mega_varlen'], QH=32, KVH=4, D=128, TP=8, DCP=2, workload=chunk, execution=eager, baseline_phase_timing=False, warmup=40, iters=60, check=False
Workload: B=16, q_tokens=256, history_tokens=160896, q_seqlens=[16, 16, 16, 16, 16, 16, 16, 16, 16, 16, 16, 16, 16, 16, 16, 16], history_seqlens=[15963, 6433, 1255, 22617, 43909, 21496, 11589, 1821, 2166, 1756, 4994, 8208, 1312, 9939, 6475, 963]
Agg TFLOPS uses useful attention work across all TP ranks and p50(max_across_ranks); Avg/GPU divides it by world_size.
KV GB/s/GPU is average logical BF16 K+V bytes read per TP rank divided by p50(max_across_ranks); it is not hardware-counter HBM traffic.

Running B=16, q_tokens=256, history_tokens=160896, causal=True

B=16, q_tokens=256, history_tokens=160896, QH=32, KVH=4, D=128, TP=8, DCP=2, mode=causal
Method                   Time ms                                                                                                                                     Agg TFLOPS    Avg/GPU  KV GB/s/GPU      Check  Note
dcp_mega_varlen          t0=0.070, t1=0.067, t2=0.071, t3=0.068, t4=0.066, t5=0.070, t6=0.068, t7=0.069 | p50(max_across_ranks)=0.071, p90(max_across_ranks)=0.073        592.0       74.0        579.4       skip  eager; output=bf16_ipc_a2a; runner_preallocated; timing=mega_kernel_only

Mega %globaltimer phase timestamps (per-iteration maximum across benchmark ranks, then p50/p90 across samples; us)
Method                   Phase                                                             p50        p90
dcp_mega_varlen          kernel_start                                                    0.000      0.000
dcp_mega_varlen          q_allgather_done                                                4.608      4.771
dcp_mega_varlen          attention_done                                                 31.616     32.742
dcp_mega_varlen          history_combine_done                                           54.976     55.840
dcp_mega_varlen          publish_done                                                   54.976     55.840
dcp_mega_varlen          receive_done                                                   61.040     62.230
dcp_mega_varlen          final_combine_done                                             64.352     65.779
dcp_mega_varlen          kernel_done                                                    64.656     66.122
dcp_mega_varlen          post_completion/q_done_to_publish_done                         50.592     51.277
dcp_mega_varlen          post_completion/publish_done_to_receive_done                    7.728      9.075
dcp_mega_varlen          post_completion/attention_done_to_history_combine_done         25.376     26.048
dcp_mega_varlen          post_completion/history_combine_done_to_final_combine_done     11.024     12.483
Wrote benchmark JSON to benchmark_logs/experiment_suite/dcp-suite/01_dcp_wave-b-timestamps-20260814-132129/results/arrival_2/dcp_2/fa3_native_fifo/comm_sm_12/case_000040_dcp2_hkv4_eager.json

================================================================================
Mega comm_sm=12, case 42/100: case_000041_dcp2_hkv4: B=24, Sq=[16, 16, 16, 16, 16, 16, 16, 16, 16, 16, 16, 16, 16, 16, 16, 16, 16, 16, 16, 16, 16, 16, 16, 16], Sk=[16440, 1438, 1441, 1458, 15463, 3854, 5136, 2816, 53446, 3428, 1174, 5781, 7859, 2752, 11776, 1712, 13320, 20841, 12705, 2672, 31732, 1038, 2154, 22643], DCP=2, Hkv=4
================================================================================
Config: world_size=8, methods=['dcp_mega_varlen'], QH=32, KVH=4, D=128, TP=8, DCP=2, workload=chunk, execution=eager, baseline_phase_timing=False, warmup=40, iters=60, check=False
Workload: B=24, q_tokens=384, history_tokens=243079, q_seqlens=[16, 16, 16, 16, 16, 16, 16, 16, 16, 16, 16, 16, 16, 16, 16, 16, 16, 16, 16, 16, 16, 16, 16, 16], history_seqlens=[16440, 1438, 1441, 1458, 15463, 3854, 5136, 2816, 53446, 3428, 1174, 5781, 7859, 2752, 11776, 1712, 13320, 20841, 12705, 2672, 31732, 1038, 2154, 22643]
Agg TFLOPS uses useful attention work across all TP ranks and p50(max_across_ranks); Avg/GPU divides it by world_size.
KV GB/s/GPU is average logical BF16 K+V bytes read per TP rank divided by p50(max_across_ranks); it is not hardware-counter HBM traffic.

Running B=24, q_tokens=384, history_tokens=243079, causal=True

B=24, q_tokens=384, history_tokens=243079, QH=32, KVH=4, D=128, TP=8, DCP=2, mode=causal
Method                   Time ms                                                                                                                                     Agg TFLOPS    Avg/GPU  KV GB/s/GPU      Check  Note
dcp_mega_varlen          t0=0.079, t1=0.077, t2=0.080, t3=0.077, t4=0.077, t5=0.079, t6=0.077, t7=0.080 | p50(max_across_ranks)=0.081, p90(max_across_ranks)=0.083        786.5       98.3        769.8       skip  eager; output=bf16_ipc_a2a; runner_preallocated; timing=mega_kernel_only

Mega %globaltimer phase timestamps (per-iteration maximum across benchmark ranks, then p50/p90 across samples; us)
Method                   Phase                                                             p50        p90
dcp_mega_varlen          kernel_start                                                    0.000      0.000
dcp_mega_varlen          q_allgather_done                                                4.800      4.928
dcp_mega_varlen          attention_done                                                 40.864     41.440
dcp_mega_varlen          history_combine_done                                           65.568     66.566
dcp_mega_varlen          publish_done                                                   65.568     66.566
dcp_mega_varlen          receive_done                                                   70.880     72.742
dcp_mega_varlen          final_combine_done                                             74.400     76.451
dcp_mega_varlen          kernel_done                                                    74.640     76.771
dcp_mega_varlen          post_completion/q_done_to_publish_done                         60.976     61.958
dcp_mega_varlen          post_completion/publish_done_to_receive_done                    7.728      9.334
dcp_mega_varlen          post_completion/attention_done_to_history_combine_done         26.224     27.238
dcp_mega_varlen          post_completion/history_combine_done_to_final_combine_done     11.248     12.915
Wrote benchmark JSON to benchmark_logs/experiment_suite/dcp-suite/01_dcp_wave-b-timestamps-20260814-132129/results/arrival_2/dcp_2/fa3_native_fifo/comm_sm_12/case_000041_dcp2_hkv4_eager.json

================================================================================
Mega comm_sm=12, case 43/100: case_000042_dcp2_hkv4: B=23, Sq=[16, 16, 16, 16, 16, 16, 16, 16, 16, 16, 16, 16, 16, 16, 16, 16, 16, 16, 16, 16, 16, 16, 4096], Sk=[3853, 5540, 8233, 4747, 1178, 3041, 30245, 8467, 4212, 6191, 19366, 2760, 5378, 11910, 12303, 5101, 27377, 15764, 918, 7517, 913, 5093, 11264], DCP=2, Hkv=4
================================================================================
Config: world_size=8, methods=['dcp_mega_varlen'], QH=32, KVH=4, D=128, TP=8, DCP=2, workload=chunk, execution=eager, baseline_phase_timing=False, warmup=40, iters=60, check=False
Workload: B=23, q_tokens=4448, history_tokens=201371, q_seqlens=[16, 16, 16, 16, 16, 16, 16, 16, 16, 16, 16, 16, 16, 16, 16, 16, 16, 16, 16, 16, 16, 16, 4096], history_seqlens=[3853, 5540, 8233, 4747, 1178, 3041, 30245, 8467, 4212, 6191, 19366, 2760, 5378, 11910, 12303, 5101, 27377, 15764, 918, 7517, 913, 5093, 11264]
Agg TFLOPS uses useful attention work across all TP ranks and p50(max_across_ranks); Avg/GPU divides it by world_size.
KV GB/s/GPU is average logical BF16 K+V bytes read per TP rank divided by p50(max_across_ranks); it is not hardware-counter HBM traffic.

Running B=23, q_tokens=4448, history_tokens=201371, causal=True

B=23, q_tokens=4448, history_tokens=201371, QH=32, KVH=4, D=128, TP=8, DCP=2, mode=causal
Method                   Time ms                                                                                                                                     Agg TFLOPS    Avg/GPU  KV GB/s/GPU      Check  Note
dcp_mega_varlen          t0=0.273, t1=0.269, t2=0.274, t3=0.269, t4=0.270, t5=0.271, t6=0.273, t7=0.272 | p50(max_across_ranks)=0.275, p90(max_across_ranks)=0.277       3432.8      429.1        195.9       skip  eager; output=bf16_ipc_a2a; runner_preallocated; timing=mega_kernel_only

Mega %globaltimer phase timestamps (per-iteration maximum across benchmark ranks, then p50/p90 across samples; us)
Method                   Phase                                                             p50        p90
dcp_mega_varlen          kernel_start                                                    0.000      0.000
dcp_mega_varlen          q_allgather_done                                               28.752     29.734
dcp_mega_varlen          attention_done                                                234.720    235.334
dcp_mega_varlen          history_combine_done                                          252.224    253.446
dcp_mega_varlen          publish_done                                                  252.224    253.446
dcp_mega_varlen          receive_done                                                  260.000    261.354
dcp_mega_varlen          final_combine_done                                            267.936    269.331
dcp_mega_varlen          kernel_done                                                   268.208    269.654
dcp_mega_varlen          post_completion/q_done_to_publish_done                        225.440    226.995
dcp_mega_varlen          post_completion/publish_done_to_receive_done                   12.352     14.019
dcp_mega_varlen          post_completion/attention_done_to_history_combine_done         18.240     18.851
dcp_mega_varlen          post_completion/history_combine_done_to_final_combine_done     20.224     22.016
Wrote benchmark JSON to benchmark_logs/experiment_suite/dcp-suite/01_dcp_wave-b-timestamps-20260814-132129/results/arrival_2/dcp_2/fa3_native_fifo/comm_sm_12/case_000042_dcp2_hkv4_eager.json

================================================================================
Mega comm_sm=12, case 44/100: case_000043_dcp2_hkv4: B=13, Sq=[16, 16, 16, 16, 16, 16, 16, 16, 16, 16, 16, 16, 16], Sk=[4280, 16750, 4105, 4682, 9790, 17793, 21947, 10583, 4307, 11004, 8821, 4524, 38524], DCP=2, Hkv=4
================================================================================
Config: world_size=8, methods=['dcp_mega_varlen'], QH=32, KVH=4, D=128, TP=8, DCP=2, workload=chunk, execution=eager, baseline_phase_timing=False, warmup=40, iters=60, check=False
Workload: B=13, q_tokens=208, history_tokens=157110, q_seqlens=[16, 16, 16, 16, 16, 16, 16, 16, 16, 16, 16, 16, 16], history_seqlens=[4280, 16750, 4105, 4682, 9790, 17793, 21947, 10583, 4307, 11004, 8821, 4524, 38524]
Agg TFLOPS uses useful attention work across all TP ranks and p50(max_across_ranks); Avg/GPU divides it by world_size.
KV GB/s/GPU is average logical BF16 K+V bytes read per TP rank divided by p50(max_across_ranks); it is not hardware-counter HBM traffic.

Running B=13, q_tokens=208, history_tokens=157110, causal=True

B=13, q_tokens=208, history_tokens=157110, QH=32, KVH=4, D=128, TP=8, DCP=2, mode=causal
Method                   Time ms                                                                                                                                     Agg TFLOPS    Avg/GPU  KV GB/s/GPU      Check  Note
dcp_mega_varlen          t0=0.069, t1=0.066, t2=0.070, t3=0.065, t4=0.068, t5=0.069, t6=0.066, t7=0.070 | p50(max_across_ranks)=0.071, p90(max_across_ranks)=0.074        582.0       72.7        569.5       skip  eager; output=bf16_ipc_a2a; runner_preallocated; timing=mega_kernel_only

Mega %globaltimer phase timestamps (per-iteration maximum across benchmark ranks, then p50/p90 across samples; us)
Method                   Phase                                                             p50        p90
dcp_mega_varlen          kernel_start                                                    0.000      0.000
dcp_mega_varlen          q_allgather_done                                                4.608      4.704
dcp_mega_varlen          attention_done                                                 28.544     29.123
dcp_mega_varlen          history_combine_done                                           54.000     54.570
dcp_mega_varlen          publish_done                                                   54.000     54.570
dcp_mega_varlen          receive_done                                                   61.008     64.205
dcp_mega_varlen          final_combine_done                                             64.336     67.562
dcp_mega_varlen          kernel_done                                                    64.576     67.885
dcp_mega_varlen          post_completion/q_done_to_publish_done                         49.632     50.211
dcp_mega_varlen          post_completion/publish_done_to_receive_done                    8.720     10.531
dcp_mega_varlen          post_completion/attention_done_to_history_combine_done         26.112     26.442
dcp_mega_varlen          post_completion/history_combine_done_to_final_combine_done     11.968     13.958
Wrote benchmark JSON to benchmark_logs/experiment_suite/dcp-suite/01_dcp_wave-b-timestamps-20260814-132129/results/arrival_2/dcp_2/fa3_native_fifo/comm_sm_12/case_000043_dcp2_hkv4_eager.json

================================================================================
Mega comm_sm=12, case 45/100: case_000044_dcp2_hkv4: B=16, Sq=[16, 16, 16, 16, 16, 16, 16, 16, 16, 16, 16, 16, 16, 16, 16, 16], Sk=[21146, 20381, 22266, 3586, 5046, 1624, 27292, 5475, 4951, 27740, 1417, 11388, 2827, 1030, 8277, 15691], DCP=2, Hkv=4
================================================================================
Config: world_size=8, methods=['dcp_mega_varlen'], QH=32, KVH=4, D=128, TP=8, DCP=2, workload=chunk, execution=eager, baseline_phase_timing=False, warmup=40, iters=60, check=False
Workload: B=16, q_tokens=256, history_tokens=180137, q_seqlens=[16, 16, 16, 16, 16, 16, 16, 16, 16, 16, 16, 16, 16, 16, 16, 16], history_seqlens=[21146, 20381, 22266, 3586, 5046, 1624, 27292, 5475, 4951, 27740, 1417, 11388, 2827, 1030, 8277, 15691]
Agg TFLOPS uses useful attention work across all TP ranks and p50(max_across_ranks); Avg/GPU divides it by world_size.
KV GB/s/GPU is average logical BF16 K+V bytes read per TP rank divided by p50(max_across_ranks); it is not hardware-counter HBM traffic.

Running B=16, q_tokens=256, history_tokens=180137, causal=True

B=16, q_tokens=256, history_tokens=180137, QH=32, KVH=4, D=128, TP=8, DCP=2, mode=causal
Method                   Time ms                                                                                                                                     Agg TFLOPS    Avg/GPU  KV GB/s/GPU      Check  Note
dcp_mega_varlen          t0=0.073, t1=0.069, t2=0.073, t3=0.069, t4=0.067, t5=0.083, t6=0.070, t7=0.072 | p50(max_across_ranks)=0.083, p90(max_across_ranks)=0.086        570.6       71.3        558.4       skip  eager; output=bf16_ipc_a2a; runner_preallocated; timing=mega_kernel_only

Mega %globaltimer phase timestamps (per-iteration maximum across benchmark ranks, then p50/p90 across samples; us)
Method                   Phase                                                             p50        p90
dcp_mega_varlen          kernel_start                                                    0.000      0.000
dcp_mega_varlen          q_allgather_done                                                6.176      6.787
dcp_mega_varlen          attention_done                                                 42.240     43.178
dcp_mega_varlen          history_combine_done                                           57.328     58.435
dcp_mega_varlen          publish_done                                                   57.328     58.435
dcp_mega_varlen          receive_done                                                   72.688     75.571
dcp_mega_varlen          final_combine_done                                             75.744     78.838
dcp_mega_varlen          kernel_done                                                    76.064     79.187
dcp_mega_varlen          post_completion/q_done_to_publish_done                         52.768     53.824
dcp_mega_varlen          post_completion/publish_done_to_receive_done                   16.832     20.435
dcp_mega_varlen          post_completion/attention_done_to_history_combine_done         18.336     19.494
dcp_mega_varlen          post_completion/history_combine_done_to_final_combine_done     20.000     23.654
Wrote benchmark JSON to benchmark_logs/experiment_suite/dcp-suite/01_dcp_wave-b-timestamps-20260814-132129/results/arrival_2/dcp_2/fa3_native_fifo/comm_sm_12/case_000044_dcp2_hkv4_eager.json

================================================================================
Mega comm_sm=12, case 46/100: case_000045_dcp2_hkv4: B=7, Sq=[16, 16, 16, 16, 16, 16, 2592], Sk=[21813, 8922, 32264, 8541, 4131, 3315, 8704], DCP=2, Hkv=4
================================================================================
Config: world_size=8, methods=['dcp_mega_varlen'], QH=32, KVH=4, D=128, TP=8, DCP=2, workload=chunk, execution=eager, baseline_phase_timing=False, warmup=40, iters=60, check=False
Workload: B=7, q_tokens=2688, history_tokens=87690, q_seqlens=[16, 16, 16, 16, 16, 16, 2592], history_seqlens=[21813, 8922, 32264, 8541, 4131, 3315, 8704]
Agg TFLOPS uses useful attention work across all TP ranks and p50(max_across_ranks); Avg/GPU divides it by world_size.
KV GB/s/GPU is average logical BF16 K+V bytes read per TP rank divided by p50(max_across_ranks); it is not hardware-counter HBM traffic.

Running B=7, q_tokens=2688, history_tokens=87690, causal=True

B=7, q_tokens=2688, history_tokens=87690, QH=32, KVH=4, D=128, TP=8, DCP=2, mode=causal
Method                   Time ms                                                                                                                                     Agg TFLOPS    Avg/GPU  KV GB/s/GPU      Check  Note
dcp_mega_varlen          t0=0.228, t1=0.225, t2=0.229, t3=0.225, t4=0.223, t5=0.226, t6=0.225, t7=0.226 | p50(max_across_ranks)=0.229, p90(max_across_ranks)=0.234       1942.7      242.8        103.9       skip  eager; output=bf16_ipc_a2a; runner_preallocated; timing=mega_kernel_only

Mega %globaltimer phase timestamps (per-iteration maximum across benchmark ranks, then p50/p90 across samples; us)
Method                   Phase                                                             p50        p90
dcp_mega_varlen          kernel_start                                                    0.000      0.000
dcp_mega_varlen          q_allgather_done                                               18.400     18.982
dcp_mega_varlen          attention_done                                                197.696    198.531
dcp_mega_varlen          history_combine_done                                          208.928    209.443
dcp_mega_varlen          publish_done                                                  208.928    209.443
dcp_mega_varlen          receive_done                                                  216.352    221.834
dcp_mega_varlen          final_combine_done                                            222.144    227.702
dcp_mega_varlen          kernel_done                                                   222.416    228.054
dcp_mega_varlen          post_completion/q_done_to_publish_done                        191.664    192.877
dcp_mega_varlen          post_completion/publish_done_to_receive_done                    8.576     14.918
dcp_mega_varlen          post_completion/attention_done_to_history_combine_done         12.320     12.704
dcp_mega_varlen          post_completion/history_combine_done_to_final_combine_done     14.224     20.787
Wrote benchmark JSON to benchmark_logs/experiment_suite/dcp-suite/01_dcp_wave-b-timestamps-20260814-132129/results/arrival_2/dcp_2/fa3_native_fifo/comm_sm_12/case_000045_dcp2_hkv4_eager.json

================================================================================
Mega comm_sm=12, case 47/100: case_000046_dcp2_hkv4: B=13, Sq=[16, 16, 16, 16, 16, 16, 16, 16, 16, 16, 16, 16, 16], Sk=[4599, 3781, 39274, 8279, 19350, 2298, 6497, 2106, 7421, 1733, 1026, 12851, 1229], DCP=2, Hkv=4
================================================================================
Config: world_size=8, methods=['dcp_mega_varlen'], QH=32, KVH=4, D=128, TP=8, DCP=2, workload=chunk, execution=eager, baseline_phase_timing=False, warmup=40, iters=60, check=False
Workload: B=13, q_tokens=208, history_tokens=110444, q_seqlens=[16, 16, 16, 16, 16, 16, 16, 16, 16, 16, 16, 16, 16], history_seqlens=[4599, 3781, 39274, 8279, 19350, 2298, 6497, 2106, 7421, 1733, 1026, 12851, 1229]
Agg TFLOPS uses useful attention work across all TP ranks and p50(max_across_ranks); Avg/GPU divides it by world_size.
KV GB/s/GPU is average logical BF16 K+V bytes read per TP rank divided by p50(max_across_ranks); it is not hardware-counter HBM traffic.

Running B=13, q_tokens=208, history_tokens=110444, causal=True

B=13, q_tokens=208, history_tokens=110444, QH=32, KVH=4, D=128, TP=8, DCP=2, mode=causal
Method                   Time ms                                                                                                                                     Agg TFLOPS    Avg/GPU  KV GB/s/GPU      Check  Note
dcp_mega_varlen          t0=0.063, t1=0.060, t2=0.064, t3=0.059, t4=0.060, t5=0.062, t6=0.060, t7=0.062 | p50(max_across_ranks)=0.064, p90(max_across_ranks)=0.065        454.4       56.8        445.0       skip  eager; output=bf16_ipc_a2a; runner_preallocated; timing=mega_kernel_only

Mega %globaltimer phase timestamps (per-iteration maximum across benchmark ranks, then p50/p90 across samples; us)
Method                   Phase                                                             p50        p90
dcp_mega_varlen          kernel_start                                                    0.000      0.000
dcp_mega_varlen          q_allgather_done                                                4.544      4.675
dcp_mega_varlen          attention_done                                                 23.440     24.262
dcp_mega_varlen          history_combine_done                                           48.000     48.576
dcp_mega_varlen          publish_done                                                   48.000     48.576
dcp_mega_varlen          receive_done                                                   54.224     55.456
dcp_mega_varlen          final_combine_done                                             57.120     58.400
dcp_mega_varlen          kernel_done                                                    57.360     58.624
dcp_mega_varlen          post_completion/q_done_to_publish_done                         43.616     44.323
dcp_mega_varlen          post_completion/publish_done_to_receive_done                    7.040      7.987
dcp_mega_varlen          post_completion/attention_done_to_history_combine_done         25.664     26.179
dcp_mega_varlen          post_completion/history_combine_done_to_final_combine_done      9.872     10.931
Wrote benchmark JSON to benchmark_logs/experiment_suite/dcp-suite/01_dcp_wave-b-timestamps-20260814-132129/results/arrival_2/dcp_2/fa3_native_fifo/comm_sm_12/case_000046_dcp2_hkv4_eager.json

================================================================================
Mega comm_sm=12, case 48/100: case_000047_dcp2_hkv4: B=16, Sq=[16, 16, 16, 16, 16, 16, 16, 16, 16, 16, 16, 16, 16, 16, 16, 16], Sk=[19525, 2443, 7565, 1882, 1165, 12999, 1016, 993, 3293, 966, 13931, 960, 4521, 28943, 1700, 8892], DCP=2, Hkv=4
================================================================================
Config: world_size=8, methods=['dcp_mega_varlen'], QH=32, KVH=4, D=128, TP=8, DCP=2, workload=chunk, execution=eager, baseline_phase_timing=False, warmup=40, iters=60, check=False
Workload: B=16, q_tokens=256, history_tokens=110794, q_seqlens=[16, 16, 16, 16, 16, 16, 16, 16, 16, 16, 16, 16, 16, 16, 16, 16], history_seqlens=[19525, 2443, 7565, 1882, 1165, 12999, 1016, 993, 3293, 966, 13931, 960, 4521, 28943, 1700, 8892]
Agg TFLOPS uses useful attention work across all TP ranks and p50(max_across_ranks); Avg/GPU divides it by world_size.
KV GB/s/GPU is average logical BF16 K+V bytes read per TP rank divided by p50(max_across_ranks); it is not hardware-counter HBM traffic.

Running B=16, q_tokens=256, history_tokens=110794, causal=True

B=16, q_tokens=256, history_tokens=110794, QH=32, KVH=4, D=128, TP=8, DCP=2, mode=causal
Method                   Time ms                                                                                                                                     Agg TFLOPS    Avg/GPU  KV GB/s/GPU      Check  Note
dcp_mega_varlen          t0=0.060, t1=0.059, t2=0.062, t3=0.057, t4=0.058, t5=0.059, t6=0.057, t7=0.059 | p50(max_across_ranks)=0.062, p90(max_across_ranks)=0.064        470.7       58.8        461.3       skip  eager; output=bf16_ipc_a2a; runner_preallocated; timing=mega_kernel_only

Mega %globaltimer phase timestamps (per-iteration maximum across benchmark ranks, then p50/p90 across samples; us)
Method                   Phase                                                             p50        p90
dcp_mega_varlen          kernel_start                                                    0.000      0.000
dcp_mega_varlen          q_allgather_done                                                4.608      4.736
dcp_mega_varlen          attention_done                                                 24.240     24.813
dcp_mega_varlen          history_combine_done                                           45.600     46.570
dcp_mega_varlen          publish_done                                                   45.600     46.570
dcp_mega_varlen          receive_done                                                   51.664     53.539
dcp_mega_varlen          final_combine_done                                             54.816     56.554
dcp_mega_varlen          kernel_done                                                    55.056     56.806
dcp_mega_varlen          post_completion/q_done_to_publish_done                         41.168     42.278
dcp_mega_varlen          post_completion/publish_done_to_receive_done                    7.904      9.808
dcp_mega_varlen          post_completion/attention_done_to_history_combine_done         22.864     23.955
dcp_mega_varlen          post_completion/history_combine_done_to_final_combine_done     11.056     12.899
Wrote benchmark JSON to benchmark_logs/experiment_suite/dcp-suite/01_dcp_wave-b-timestamps-20260814-132129/results/arrival_2/dcp_2/fa3_native_fifo/comm_sm_12/case_000047_dcp2_hkv4_eager.json

================================================================================
Mega comm_sm=12, case 49/100: case_000048_dcp2_hkv4: B=21, Sq=[16, 16, 16, 16, 16, 16, 16, 16, 16, 16, 16, 16, 16, 16, 16, 16, 16, 16, 16, 16, 4096], Sk=[1522, 1396, 14872, 7253, 109175, 7039, 1333, 5490, 13976, 13830, 37076, 18087, 10450, 3944, 2758, 5609, 8808, 5190, 4476, 15475, 8704], DCP=2, Hkv=4
================================================================================
Config: world_size=8, methods=['dcp_mega_varlen'], QH=32, KVH=4, D=128, TP=8, DCP=2, workload=chunk, execution=eager, baseline_phase_timing=False, warmup=40, iters=60, check=False
Workload: B=21, q_tokens=4416, history_tokens=296463, q_seqlens=[16, 16, 16, 16, 16, 16, 16, 16, 16, 16, 16, 16, 16, 16, 16, 16, 16, 16, 16, 16, 4096], history_seqlens=[1522, 1396, 14872, 7253, 109175, 7039, 1333, 5490, 13976, 13830, 37076, 18087, 10450, 3944, 2758, 5609, 8808, 5190, 4476, 15475, 8704]
Agg TFLOPS uses useful attention work across all TP ranks and p50(max_across_ranks); Avg/GPU divides it by world_size.
KV GB/s/GPU is average logical BF16 K+V bytes read per TP rank divided by p50(max_across_ranks); it is not hardware-counter HBM traffic.

Running B=21, q_tokens=4416, history_tokens=296463, causal=True

B=21, q_tokens=4416, history_tokens=296463, QH=32, KVH=4, D=128, TP=8, DCP=2, mode=causal
Method                   Time ms                                                                                                                                     Agg TFLOPS    Avg/GPU  KV GB/s/GPU      Check  Note
dcp_mega_varlen          t0=0.655, t1=0.655, t2=0.659, t3=0.649, t4=0.646, t5=0.653, t6=0.643, t7=0.649 | p50(max_across_ranks)=0.660, p90(max_across_ranks)=0.664       1207.7      151.0        118.4       skip  eager; output=bf16_ipc_a2a; runner_preallocated; timing=mega_kernel_only

Mega %globaltimer phase timestamps (per-iteration maximum across benchmark ranks, then p50/p90 across samples; us)
Method                   Phase                                                             p50        p90
dcp_mega_varlen          kernel_start                                                    0.000      0.000
dcp_mega_varlen          q_allgather_done                                               28.976     30.109
dcp_mega_varlen          attention_done                                                625.424    627.878
dcp_mega_varlen          history_combine_done                                          637.296    640.051
dcp_mega_varlen          publish_done                                                  637.296    640.051
dcp_mega_varlen          receive_done                                                  644.928    649.213
dcp_mega_varlen          final_combine_done                                            652.688    656.867
dcp_mega_varlen          kernel_done                                                   653.040    657.130
dcp_mega_varlen          post_completion/q_done_to_publish_done                        610.448    612.826
dcp_mega_varlen          post_completion/publish_done_to_receive_done                   16.512     21.021
dcp_mega_varlen          post_completion/attention_done_to_history_combine_done         12.480     12.704
dcp_mega_varlen          post_completion/history_combine_done_to_final_combine_done     24.384     28.931
Wrote benchmark JSON to benchmark_logs/experiment_suite/dcp-suite/01_dcp_wave-b-timestamps-20260814-132129/results/arrival_2/dcp_2/fa3_native_fifo/comm_sm_12/case_000048_dcp2_hkv4_eager.json

================================================================================
Mega comm_sm=12, case 50/100: case_000049_dcp2_hkv4: B=21, Sq=[16, 16, 16, 16, 16, 16, 16, 16, 16, 16, 16, 16, 16, 16, 16, 16, 16, 16, 16, 16, 16], Sk=[12142, 93664, 21271, 22935, 1354, 4020, 30918, 2248, 20019, 4163, 8640, 15867, 12409, 9395, 2097, 12378, 1003, 14139, 2424, 24633, 5913], DCP=2, Hkv=4
================================================================================
Config: world_size=8, methods=['dcp_mega_varlen'], QH=32, KVH=4, D=128, TP=8, DCP=2, workload=chunk, execution=eager, baseline_phase_timing=False, warmup=40, iters=60, check=False
Workload: B=21, q_tokens=336, history_tokens=321632, q_seqlens=[16, 16, 16, 16, 16, 16, 16, 16, 16, 16, 16, 16, 16, 16, 16, 16, 16, 16, 16, 16, 16], history_seqlens=[12142, 93664, 21271, 22935, 1354, 4020, 30918, 2248, 20019, 4163, 8640, 15867, 12409, 9395, 2097, 12378, 1003, 14139, 2424, 24633, 5913]
Agg TFLOPS uses useful attention work across all TP ranks and p50(max_across_ranks); Avg/GPU divides it by world_size.
KV GB/s/GPU is average logical BF16 K+V bytes read per TP rank divided by p50(max_across_ranks); it is not hardware-counter HBM traffic.

Running B=21, q_tokens=336, history_tokens=321632, causal=True

B=21, q_tokens=336, history_tokens=321632, QH=32, KVH=4, D=128, TP=8, DCP=2, mode=causal
Method                   Time ms                                                                                                                                     Agg TFLOPS    Avg/GPU  KV GB/s/GPU      Check  Note
dcp_mega_varlen          t0=0.087, t1=0.086, t2=0.088, t3=0.084, t4=0.084, t5=0.087, t6=0.083, t7=0.087 | p50(max_across_ranks)=0.088, p90(max_across_ranks)=0.090        957.1      119.6        936.1       skip  eager; output=bf16_ipc_a2a; runner_preallocated; timing=mega_kernel_only

Mega %globaltimer phase timestamps (per-iteration maximum across benchmark ranks, then p50/p90 across samples; us)
Method                   Phase                                                             p50        p90
dcp_mega_varlen          kernel_start                                                    0.000      0.000
dcp_mega_varlen          q_allgather_done                                                4.704      4.864
dcp_mega_varlen          attention_done                                                 56.736     57.536
dcp_mega_varlen          history_combine_done                                           72.320     73.504
dcp_mega_varlen          publish_done                                                   72.320     73.504
dcp_mega_varlen          receive_done                                                   78.032     79.235
dcp_mega_varlen          final_combine_done                                             81.424     82.688
dcp_mega_varlen          kernel_done                                                    81.728     82.954
dcp_mega_varlen          post_completion/q_done_to_publish_done                         67.904     69.008
dcp_mega_varlen          post_completion/publish_done_to_receive_done                    7.648      9.571
dcp_mega_varlen          post_completion/attention_done_to_history_combine_done         17.248     18.848
dcp_mega_varlen          post_completion/history_combine_done_to_final_combine_done     11.056     12.867
Wrote benchmark JSON to benchmark_logs/experiment_suite/dcp-suite/01_dcp_wave-b-timestamps-20260814-132129/results/arrival_2/dcp_2/fa3_native_fifo/comm_sm_12/case_000049_dcp2_hkv4_eager.json

================================================================================
Mega comm_sm=12, case 51/100: case_000050_dcp2_hkv4: B=17, Sq=[16, 16, 16, 16, 16, 16, 16, 16, 16, 16, 16, 16, 16, 16, 16, 16, 16], Sk=[21786, 4575, 4039, 3504, 8119, 22247, 8591, 6227, 8212, 40977, 40460, 1318, 10668, 955, 15512, 3861, 5830], DCP=2, Hkv=4
================================================================================
Config: world_size=8, methods=['dcp_mega_varlen'], QH=32, KVH=4, D=128, TP=8, DCP=2, workload=chunk, execution=eager, baseline_phase_timing=False, warmup=40, iters=60, check=False
Workload: B=17, q_tokens=272, history_tokens=206881, q_seqlens=[16, 16, 16, 16, 16, 16, 16, 16, 16, 16, 16, 16, 16, 16, 16, 16, 16], history_seqlens=[21786, 4575, 4039, 3504, 8119, 22247, 8591, 6227, 8212, 40977, 40460, 1318, 10668, 955, 15512, 3861, 5830]
Agg TFLOPS uses useful attention work across all TP ranks and p50(max_across_ranks); Avg/GPU divides it by world_size.
KV GB/s/GPU is average logical BF16 K+V bytes read per TP rank divided by p50(max_across_ranks); it is not hardware-counter HBM traffic.

Running B=17, q_tokens=272, history_tokens=206881, causal=True

B=17, q_tokens=272, history_tokens=206881, QH=32, KVH=4, D=128, TP=8, DCP=2, mode=causal
Method                   Time ms                                                                                                                                     Agg TFLOPS    Avg/GPU  KV GB/s/GPU      Check  Note
dcp_mega_varlen          t0=0.076, t1=0.073, t2=0.076, t3=0.072, t4=0.071, t5=0.075, t6=0.074, t7=0.075 | p50(max_across_ranks)=0.077, p90(max_across_ranks)=0.080        703.4       87.9        688.3       skip  eager; output=bf16_ipc_a2a; runner_preallocated; timing=mega_kernel_only

Mega %globaltimer phase timestamps (per-iteration maximum across benchmark ranks, then p50/p90 across samples; us)
Method                   Phase                                                             p50        p90
dcp_mega_varlen          kernel_start                                                    0.000      0.000
dcp_mega_varlen          q_allgather_done                                                4.640      4.768
dcp_mega_varlen          attention_done                                                 43.088     43.744
dcp_mega_varlen          history_combine_done                                           61.360     62.515
dcp_mega_varlen          publish_done                                                   61.360     62.515
dcp_mega_varlen          receive_done                                                   67.136     69.194
dcp_mega_varlen          final_combine_done                                             70.400     72.387
dcp_mega_varlen          kernel_done                                                    70.688     72.707
dcp_mega_varlen          post_completion/q_done_to_publish_done                         56.912     58.048
dcp_mega_varlen          post_completion/publish_done_to_receive_done                    8.736     11.050
dcp_mega_varlen          post_completion/attention_done_to_history_combine_done         22.464     24.163
dcp_mega_varlen          post_completion/history_combine_done_to_final_combine_done     11.984     14.256
Wrote benchmark JSON to benchmark_logs/experiment_suite/dcp-suite/01_dcp_wave-b-timestamps-20260814-132129/results/arrival_2/dcp_2/fa3_native_fifo/comm_sm_12/case_000050_dcp2_hkv4_eager.json

================================================================================
Mega comm_sm=12, case 52/100: case_000051_dcp2_hkv4: B=22, Sq=[16, 16, 16, 16, 16, 16, 16, 16, 16, 16, 16, 16, 16, 16, 16, 16, 16, 16, 16, 16, 16, 16], Sk=[55209, 2427, 23074, 2049, 16034, 3324, 1978, 11428, 6628, 3226, 10746, 4633, 6763, 18140, 51364, 1327, 29773, 14292, 921, 8212, 4942, 5120], DCP=2, Hkv=4
================================================================================
Config: world_size=8, methods=['dcp_mega_varlen'], QH=32, KVH=4, D=128, TP=8, DCP=2, workload=chunk, execution=eager, baseline_phase_timing=False, warmup=40, iters=60, check=False
Workload: B=22, q_tokens=352, history_tokens=281610, q_seqlens=[16, 16, 16, 16, 16, 16, 16, 16, 16, 16, 16, 16, 16, 16, 16, 16, 16, 16, 16, 16, 16, 16], history_seqlens=[55209, 2427, 23074, 2049, 16034, 3324, 1978, 11428, 6628, 3226, 10746, 4633, 6763, 18140, 51364, 1327, 29773, 14292, 921, 8212, 4942, 5120]
Agg TFLOPS uses useful attention work across all TP ranks and p50(max_across_ranks); Avg/GPU divides it by world_size.
KV GB/s/GPU is average logical BF16 K+V bytes read per TP rank divided by p50(max_across_ranks); it is not hardware-counter HBM traffic.

Running B=22, q_tokens=352, history_tokens=281610, causal=True

B=22, q_tokens=352, history_tokens=281610, QH=32, KVH=4, D=128, TP=8, DCP=2, mode=causal
Method                   Time ms                                                                                                                                     Agg TFLOPS    Avg/GPU  KV GB/s/GPU      Check  Note
dcp_mega_varlen          t0=0.085, t1=0.083, t2=0.087, t3=0.084, t4=0.084, t5=0.086, t6=0.085, t7=0.088 | p50(max_across_ranks)=0.088, p90(max_across_ranks)=0.089        837.0      104.6        818.9       skip  eager; output=bf16_ipc_a2a; runner_preallocated; timing=mega_kernel_only

Mega %globaltimer phase timestamps (per-iteration maximum across benchmark ranks, then p50/p90 across samples; us)
Method                   Phase                                                             p50        p90
dcp_mega_varlen          kernel_start                                                    0.000      0.000
dcp_mega_varlen          q_allgather_done                                                4.736      4.832
dcp_mega_varlen          attention_done                                                 49.392     50.944
dcp_mega_varlen          history_combine_done                                           72.320     73.286
dcp_mega_varlen          publish_done                                                   72.320     73.286
dcp_mega_varlen          receive_done                                                   78.080     79.594
dcp_mega_varlen          final_combine_done                                             81.472     83.075
dcp_mega_varlen          kernel_done                                                    81.824     83.328
dcp_mega_varlen          post_completion/q_done_to_publish_done                         67.808     68.896
dcp_mega_varlen          post_completion/publish_done_to_receive_done                    8.032      9.926
dcp_mega_varlen          post_completion/attention_done_to_history_combine_done         28.096     29.126
dcp_mega_varlen          post_completion/history_combine_done_to_final_combine_done     11.552     13.440
Wrote benchmark JSON to benchmark_logs/experiment_suite/dcp-suite/01_dcp_wave-b-timestamps-20260814-132129/results/arrival_2/dcp_2/fa3_native_fifo/comm_sm_12/case_000051_dcp2_hkv4_eager.json

================================================================================
Mega comm_sm=12, case 53/100: case_000052_dcp2_hkv4: B=23, Sq=[16, 16, 16, 16, 16, 16, 16, 16, 16, 16, 16, 16, 16, 16, 16, 16, 16, 16, 16, 16, 16, 16, 16], Sk=[22848, 1512, 1411, 5192, 22024, 62781, 14891, 54748, 10000, 6262, 19859, 20512, 1191, 14203, 33640, 13231, 8521, 10453, 19737, 982, 7332, 19657, 11113], DCP=2, Hkv=4
================================================================================
Config: world_size=8, methods=['dcp_mega_varlen'], QH=32, KVH=4, D=128, TP=8, DCP=2, workload=chunk, execution=eager, baseline_phase_timing=False, warmup=40, iters=60, check=False
Workload: B=23, q_tokens=368, history_tokens=382100, q_seqlens=[16, 16, 16, 16, 16, 16, 16, 16, 16, 16, 16, 16, 16, 16, 16, 16, 16, 16, 16, 16, 16, 16, 16], history_seqlens=[22848, 1512, 1411, 5192, 22024, 62781, 14891, 54748, 10000, 6262, 19859, 20512, 1191, 14203, 33640, 13231, 8521, 10453, 19737, 982, 7332, 19657, 11113]
Agg TFLOPS uses useful attention work across all TP ranks and p50(max_across_ranks); Avg/GPU divides it by world_size.
KV GB/s/GPU is average logical BF16 K+V bytes read per TP rank divided by p50(max_across_ranks); it is not hardware-counter HBM traffic.

Running B=23, q_tokens=368, history_tokens=382100, causal=True

B=23, q_tokens=368, history_tokens=382100, QH=32, KVH=4, D=128, TP=8, DCP=2, mode=causal
Method                   Time ms                                                                                                                                     Agg TFLOPS    Avg/GPU  KV GB/s/GPU      Check  Note
dcp_mega_varlen          t0=0.093, t1=0.092, t2=0.094, t3=0.090, t4=0.093, t5=0.095, t6=0.093, t7=0.094 | p50(max_across_ranks)=0.096, p90(max_across_ranks)=0.097       1045.3      130.7       1022.3       skip  eager; output=bf16_ipc_a2a; runner_preallocated; timing=mega_kernel_only

Mega %globaltimer phase timestamps (per-iteration maximum across benchmark ranks, then p50/p90 across samples; us)
Method                   Phase                                                             p50        p90
dcp_mega_varlen          kernel_start                                                    0.000      0.000
dcp_mega_varlen          q_allgather_done                                                4.704      4.800
dcp_mega_varlen          attention_done                                                 62.192     63.008
dcp_mega_varlen          history_combine_done                                           80.016     80.826
dcp_mega_varlen          publish_done                                                   80.016     80.826
dcp_mega_varlen          receive_done                                                   85.392     86.602
dcp_mega_varlen          final_combine_done                                             89.136     90.374
dcp_mega_varlen          kernel_done                                                    89.424     90.659
dcp_mega_varlen          post_completion/q_done_to_publish_done                         75.536     76.275
dcp_mega_varlen          post_completion/publish_done_to_receive_done                    8.128      9.488
dcp_mega_varlen          post_completion/attention_done_to_history_combine_done         19.136     20.509
dcp_mega_varlen          post_completion/history_combine_done_to_final_combine_done     11.760     13.280
Wrote benchmark JSON to benchmark_logs/experiment_suite/dcp-suite/01_dcp_wave-b-timestamps-20260814-132129/results/arrival_2/dcp_2/fa3_native_fifo/comm_sm_12/case_000052_dcp2_hkv4_eager.json

================================================================================
Mega comm_sm=12, case 54/100: case_000053_dcp2_hkv4: B=23, Sq=[16, 16, 16, 16, 16, 16, 16, 16, 16, 16, 16, 16, 16, 16, 16, 16, 16, 16, 16, 16, 16, 16, 16], Sk=[1618, 5301, 22130, 62899, 54872, 6365, 20645, 14324, 33759, 13341, 8644, 10569, 19851, 1112, 7453, 19771, 11233, 33500, 15395, 15551, 10573, 12197, 14024], DCP=2, Hkv=4
================================================================================
Config: world_size=8, methods=['dcp_mega_varlen'], QH=32, KVH=4, D=128, TP=8, DCP=2, workload=chunk, execution=eager, baseline_phase_timing=False, warmup=40, iters=60, check=False
Workload: B=23, q_tokens=368, history_tokens=415127, q_seqlens=[16, 16, 16, 16, 16, 16, 16, 16, 16, 16, 16, 16, 16, 16, 16, 16, 16, 16, 16, 16, 16, 16, 16], history_seqlens=[1618, 5301, 22130, 62899, 54872, 6365, 20645, 14324, 33759, 13341, 8644, 10569, 19851, 1112, 7453, 19771, 11233, 33500, 15395, 15551, 10573, 12197, 14024]
Agg TFLOPS uses useful attention work across all TP ranks and p50(max_across_ranks); Avg/GPU divides it by world_size.
KV GB/s/GPU is average logical BF16 K+V bytes read per TP rank divided by p50(max_across_ranks); it is not hardware-counter HBM traffic.

Running B=23, q_tokens=368, history_tokens=415127, causal=True

B=23, q_tokens=368, history_tokens=415127, QH=32, KVH=4, D=128, TP=8, DCP=2, mode=causal
Method                   Time ms                                                                                                                                     Agg TFLOPS    Avg/GPU  KV GB/s/GPU      Check  Note
dcp_mega_varlen          t0=0.099, t1=0.097, t2=0.099, t3=0.094, t4=0.094, t5=0.097, t6=0.096, t7=0.099 | p50(max_across_ranks)=0.100, p90(max_across_ranks)=0.107       1087.5      135.9       1063.4       skip  eager; output=bf16_ipc_a2a; runner_preallocated; timing=mega_kernel_only

Mega %globaltimer phase timestamps (per-iteration maximum across benchmark ranks, then p50/p90 across samples; us)
Method                   Phase                                                             p50        p90
dcp_mega_varlen          kernel_start                                                    0.000      0.000
dcp_mega_varlen          q_allgather_done                                                4.736      4.899
dcp_mega_varlen          attention_done                                                 68.096     68.835
dcp_mega_varlen          history_combine_done                                           84.064     84.771
dcp_mega_varlen          publish_done                                                   84.064     84.771
dcp_mega_varlen          receive_done                                                   89.920     96.643
dcp_mega_varlen          final_combine_done                                             93.440    100.118
dcp_mega_varlen          kernel_done                                                    93.664    100.355
dcp_mega_varlen          post_completion/q_done_to_publish_done                         79.520     80.198
dcp_mega_varlen          post_completion/publish_done_to_receive_done                    9.392     15.232
dcp_mega_varlen          post_completion/attention_done_to_history_combine_done         17.712     18.502
dcp_mega_varlen          post_completion/history_combine_done_to_final_combine_done     12.928     18.678
Wrote benchmark JSON to benchmark_logs/experiment_suite/dcp-suite/01_dcp_wave-b-timestamps-20260814-132129/results/arrival_2/dcp_2/fa3_native_fifo/comm_sm_12/case_000053_dcp2_hkv4_eager.json

================================================================================
Mega comm_sm=12, case 55/100: case_000054_dcp2_hkv4: B=20, Sq=[16, 16, 16, 16, 16, 16, 16, 16, 16, 16, 16, 16, 16, 16, 16, 16, 16, 16, 16, 16], Sk=[2721, 24057, 2526, 23177, 7815, 1232, 9056, 5763, 16386, 1164, 8235, 1053, 9122, 11037, 9087, 979, 27436, 9302, 4308, 13854], DCP=2, Hkv=4
================================================================================
Config: world_size=8, methods=['dcp_mega_varlen'], QH=32, KVH=4, D=128, TP=8, DCP=2, workload=chunk, execution=eager, baseline_phase_timing=False, warmup=40, iters=60, check=False
Workload: B=20, q_tokens=320, history_tokens=188310, q_seqlens=[16, 16, 16, 16, 16, 16, 16, 16, 16, 16, 16, 16, 16, 16, 16, 16, 16, 16, 16, 16], history_seqlens=[2721, 24057, 2526, 23177, 7815, 1232, 9056, 5763, 16386, 1164, 8235, 1053, 9122, 11037, 9087, 979, 27436, 9302, 4308, 13854]
Agg TFLOPS uses useful attention work across all TP ranks and p50(max_across_ranks); Avg/GPU divides it by world_size.
KV GB/s/GPU is average logical BF16 K+V bytes read per TP rank divided by p50(max_across_ranks); it is not hardware-counter HBM traffic.

Running B=20, q_tokens=320, history_tokens=188310, causal=True

B=20, q_tokens=320, history_tokens=188310, QH=32, KVH=4, D=128, TP=8, DCP=2, mode=causal
Method                   Time ms                                                                                                                                     Agg TFLOPS    Avg/GPU  KV GB/s/GPU      Check  Note
dcp_mega_varlen          t0=0.072, t1=0.070, t2=0.073, t3=0.069, t4=0.070, t5=0.072, t6=0.069, t7=0.071 | p50(max_across_ranks)=0.074, p90(max_across_ranks)=0.076        669.9       83.7        655.8       skip  eager; output=bf16_ipc_a2a; runner_preallocated; timing=mega_kernel_only

Mega %globaltimer phase timestamps (per-iteration maximum across benchmark ranks, then p50/p90 across samples; us)
Method                   Phase                                                             p50        p90
dcp_mega_varlen          kernel_start                                                    0.000      0.000
dcp_mega_varlen          q_allgather_done                                                4.608      4.736
dcp_mega_varlen          attention_done                                                 35.936     36.675
dcp_mega_varlen          history_combine_done                                           57.296     58.080
dcp_mega_varlen          publish_done                                                   57.296     58.080
dcp_mega_varlen          receive_done                                                   63.552     65.280
dcp_mega_varlen          final_combine_done                                             66.976     68.877
dcp_mega_varlen          kernel_done                                                    67.312     69.229
dcp_mega_varlen          post_completion/q_done_to_publish_done                         52.896     53.578
dcp_mega_varlen          post_completion/publish_done_to_receive_done                    7.904      9.510
dcp_mega_varlen          post_completion/attention_done_to_history_combine_done         23.024     23.878
dcp_mega_varlen          post_completion/history_combine_done_to_final_combine_done     11.392     12.912
Wrote benchmark JSON to benchmark_logs/experiment_suite/dcp-suite/01_dcp_wave-b-timestamps-20260814-132129/results/arrival_2/dcp_2/fa3_native_fifo/comm_sm_12/case_000054_dcp2_hkv4_eager.json

================================================================================
Mega comm_sm=12, case 56/100: case_000055_dcp2_hkv4: B=19, Sq=[16, 16, 16, 16, 16, 16, 16, 16, 16, 16, 16, 16, 16, 16, 16, 16, 16, 16, 16], Sk=[9523, 9486, 9711, 14322, 4668, 15449, 13533, 1105, 6462, 2659, 3605, 47656, 9243, 9996, 24861, 1220, 6323, 31182, 11766], DCP=2, Hkv=4
================================================================================
Config: world_size=8, methods=['dcp_mega_varlen'], QH=32, KVH=4, D=128, TP=8, DCP=2, workload=chunk, execution=eager, baseline_phase_timing=False, warmup=40, iters=60, check=False
Workload: B=19, q_tokens=304, history_tokens=232770, q_seqlens=[16, 16, 16, 16, 16, 16, 16, 16, 16, 16, 16, 16, 16, 16, 16, 16, 16, 16, 16], history_seqlens=[9523, 9486, 9711, 14322, 4668, 15449, 13533, 1105, 6462, 2659, 3605, 47656, 9243, 9996, 24861, 1220, 6323, 31182, 11766]
Agg TFLOPS uses useful attention work across all TP ranks and p50(max_across_ranks); Avg/GPU divides it by world_size.
KV GB/s/GPU is average logical BF16 K+V bytes read per TP rank divided by p50(max_across_ranks); it is not hardware-counter HBM traffic.

Running B=19, q_tokens=304, history_tokens=232770, causal=True

B=19, q_tokens=304, history_tokens=232770, QH=32, KVH=4, D=128, TP=8, DCP=2, mode=causal
Method                   Time ms                                                                                                                                     Agg TFLOPS    Avg/GPU  KV GB/s/GPU      Check  Note
dcp_mega_varlen          t0=0.080, t1=0.075, t2=0.077, t3=0.074, t4=0.075, t5=0.078, t6=0.075, t7=0.078 | p50(max_across_ranks)=0.080, p90(max_across_ranks)=0.092        763.9       95.5        747.4       skip  eager; output=bf16_ipc_a2a; runner_preallocated; timing=mega_kernel_only

Mega %globaltimer phase timestamps (per-iteration maximum across benchmark ranks, then p50/p90 across samples; us)
Method                   Phase                                                             p50        p90
dcp_mega_varlen          kernel_start                                                    0.000      0.000
dcp_mega_varlen          q_allgather_done                                                4.608      4.970
dcp_mega_varlen          attention_done                                                 45.760     46.880
dcp_mega_varlen          history_combine_done                                           62.944     63.683
dcp_mega_varlen          publish_done                                                   62.944     63.683
dcp_mega_varlen          receive_done                                                   69.536     82.122
dcp_mega_varlen          final_combine_done                                             72.832     85.549
dcp_mega_varlen          kernel_done                                                    73.136     85.869
dcp_mega_varlen          post_completion/q_done_to_publish_done                         58.480     59.267
dcp_mega_varlen          post_completion/publish_done_to_receive_done                    8.240     20.141
dcp_mega_varlen          post_completion/attention_done_to_history_combine_done         19.200     20.070
dcp_mega_varlen          post_completion/history_combine_done_to_final_combine_done     11.680     23.568
Wrote benchmark JSON to benchmark_logs/experiment_suite/dcp-suite/01_dcp_wave-b-timestamps-20260814-132129/results/arrival_2/dcp_2/fa3_native_fifo/comm_sm_12/case_000055_dcp2_hkv4_eager.json

================================================================================
Mega comm_sm=12, case 57/100: case_000056_dcp2_hkv4: B=12, Sq=[16, 16, 16, 16, 16, 16, 16, 16, 16, 16, 16, 16], Sk=[24739, 4488, 11982, 1568, 41410, 6323, 3635, 8058, 997, 1125, 6567, 5026], DCP=2, Hkv=4
================================================================================
Config: world_size=8, methods=['dcp_mega_varlen'], QH=32, KVH=4, D=128, TP=8, DCP=2, workload=chunk, execution=eager, baseline_phase_timing=False, warmup=40, iters=60, check=False
Workload: B=12, q_tokens=192, history_tokens=115918, q_seqlens=[16, 16, 16, 16, 16, 16, 16, 16, 16, 16, 16, 16], history_seqlens=[24739, 4488, 11982, 1568, 41410, 6323, 3635, 8058, 997, 1125, 6567, 5026]
Agg TFLOPS uses useful attention work across all TP ranks and p50(max_across_ranks); Avg/GPU divides it by world_size.
KV GB/s/GPU is average logical BF16 K+V bytes read per TP rank divided by p50(max_across_ranks); it is not hardware-counter HBM traffic.

Running B=12, q_tokens=192, history_tokens=115918, causal=True

B=12, q_tokens=192, history_tokens=115918, QH=32, KVH=4, D=128, TP=8, DCP=2, mode=causal
Method                   Time ms                                                                                                                                     Agg TFLOPS    Avg/GPU  KV GB/s/GPU      Check  Note
dcp_mega_varlen          t0=0.067, t1=0.063, t2=0.066, t3=0.062, t4=0.063, t5=0.065, t6=0.063, t7=0.066 | p50(max_across_ranks)=0.067, p90(max_across_ranks)=0.068        452.1       56.5        442.5       skip  eager; output=bf16_ipc_a2a; runner_preallocated; timing=mega_kernel_only

Mega %globaltimer phase timestamps (per-iteration maximum across benchmark ranks, then p50/p90 across samples; us)
Method                   Phase                                                             p50        p90
dcp_mega_varlen          kernel_start                                                    0.000      0.000
dcp_mega_varlen          q_allgather_done                                                4.576      4.672
dcp_mega_varlen          attention_done                                                 24.768     25.574
dcp_mega_varlen          history_combine_done                                           50.768     51.370
dcp_mega_varlen          publish_done                                                   50.768     51.370
dcp_mega_varlen          receive_done                                                   57.312     58.448
dcp_mega_varlen          final_combine_done                                             60.368     61.459
dcp_mega_varlen          kernel_done                                                    60.672     61.696
dcp_mega_varlen          post_completion/q_done_to_publish_done                         46.480     47.075
dcp_mega_varlen          post_completion/publish_done_to_receive_done                    7.328      8.480
dcp_mega_varlen          post_completion/attention_done_to_history_combine_done         27.280     27.936
dcp_mega_varlen          post_completion/history_combine_done_to_final_combine_done     10.400     11.539
Wrote benchmark JSON to benchmark_logs/experiment_suite/dcp-suite/01_dcp_wave-b-timestamps-20260814-132129/results/arrival_2/dcp_2/fa3_native_fifo/comm_sm_12/case_000056_dcp2_hkv4_eager.json

================================================================================
Mega comm_sm=12, case 58/100: case_000057_dcp2_hkv4: B=13, Sq=[16, 16, 16, 16, 16, 16, 16, 16, 16, 16, 16, 16, 16], Sk=[4550, 12051, 41461, 6389, 3694, 8110, 1066, 6639, 5085, 1738, 20933, 11986, 11142], DCP=2, Hkv=4
================================================================================
Config: world_size=8, methods=['dcp_mega_varlen'], QH=32, KVH=4, D=128, TP=8, DCP=2, workload=chunk, execution=eager, baseline_phase_timing=False, warmup=40, iters=60, check=False
Workload: B=13, q_tokens=208, history_tokens=134844, q_seqlens=[16, 16, 16, 16, 16, 16, 16, 16, 16, 16, 16, 16, 16], history_seqlens=[4550, 12051, 41461, 6389, 3694, 8110, 1066, 6639, 5085, 1738, 20933, 11986, 11142]
Agg TFLOPS uses useful attention work across all TP ranks and p50(max_across_ranks); Avg/GPU divides it by world_size.
KV GB/s/GPU is average logical BF16 K+V bytes read per TP rank divided by p50(max_across_ranks); it is not hardware-counter HBM traffic.

Running B=13, q_tokens=208, history_tokens=134844, causal=True

B=13, q_tokens=208, history_tokens=134844, QH=32, KVH=4, D=128, TP=8, DCP=2, mode=causal
Method                   Time ms                                                                                                                                     Agg TFLOPS    Avg/GPU  KV GB/s/GPU      Check  Note
dcp_mega_varlen          t0=0.064, t1=0.061, t2=0.064, t3=0.060, t4=0.061, t5=0.064, t6=0.062, t7=0.063 | p50(max_across_ranks)=0.065, p90(max_across_ranks)=0.066        546.2       68.3        534.6       skip  eager; output=bf16_ipc_a2a; runner_preallocated; timing=mega_kernel_only

Mega %globaltimer phase timestamps (per-iteration maximum across benchmark ranks, then p50/p90 across samples; us)
Method                   Phase                                                             p50        p90
dcp_mega_varlen          kernel_start                                                    0.000      0.000
dcp_mega_varlen          q_allgather_done                                                4.576      4.704
dcp_mega_varlen          attention_done                                                 27.296     27.872
dcp_mega_varlen          history_combine_done                                           48.992     49.472
dcp_mega_varlen          publish_done                                                   48.992     49.472
dcp_mega_varlen          receive_done                                                   55.024     55.987
dcp_mega_varlen          final_combine_done                                             58.112     58.973
dcp_mega_varlen          kernel_done                                                    58.352     59.283
dcp_mega_varlen          post_completion/q_done_to_publish_done                         44.800     45.184
dcp_mega_varlen          post_completion/publish_done_to_receive_done                    7.232      8.518
dcp_mega_varlen          post_completion/attention_done_to_history_combine_done         23.456     24.003
dcp_mega_varlen          post_completion/history_combine_done_to_final_combine_done     10.240     11.715
Wrote benchmark JSON to benchmark_logs/experiment_suite/dcp-suite/01_dcp_wave-b-timestamps-20260814-132129/results/arrival_2/dcp_2/fa3_native_fifo/comm_sm_12/case_000057_dcp2_hkv4_eager.json

================================================================================
Mega comm_sm=12, case 59/100: case_000058_dcp2_hkv4: B=19, Sq=[16, 16, 16, 16, 16, 16, 16, 16, 16, 16, 16, 16, 16, 16, 16, 16, 16, 16, 4096], Sk=[5161, 1624, 3059, 20879, 1303, 2344, 1357, 2158, 75231, 17931, 5937, 1155, 17785, 5287, 4535, 18149, 3152, 937, 512], DCP=2, Hkv=4
================================================================================
Config: world_size=8, methods=['dcp_mega_varlen'], QH=32, KVH=4, D=128, TP=8, DCP=2, workload=chunk, execution=eager, baseline_phase_timing=False, warmup=40, iters=60, check=False
Workload: B=19, q_tokens=4384, history_tokens=188496, q_seqlens=[16, 16, 16, 16, 16, 16, 16, 16, 16, 16, 16, 16, 16, 16, 16, 16, 16, 16, 4096], history_seqlens=[5161, 1624, 3059, 20879, 1303, 2344, 1357, 2158, 75231, 17931, 5937, 1155, 17785, 5287, 4535, 18149, 3152, 937, 512]
Agg TFLOPS uses useful attention work across all TP ranks and p50(max_across_ranks); Avg/GPU divides it by world_size.
KV GB/s/GPU is average logical BF16 K+V bytes read per TP rank divided by p50(max_across_ranks); it is not hardware-counter HBM traffic.

Running B=19, q_tokens=4384, history_tokens=188496, causal=True

B=19, q_tokens=4384, history_tokens=188496, QH=32, KVH=4, D=128, TP=8, DCP=2, mode=causal
Method                   Time ms                                                                                                                                     Agg TFLOPS    Avg/GPU  KV GB/s/GPU      Check  Note
dcp_mega_varlen          t0=0.465, t1=0.462, t2=0.465, t3=0.460, t4=0.463, t5=0.462, t6=0.464, t7=0.463 | p50(max_across_ranks)=0.466, p90(max_across_ranks)=0.476        474.2       59.3        108.3       skip  eager; output=bf16_ipc_a2a; runner_preallocated; timing=mega_kernel_only

Mega %globaltimer phase timestamps (per-iteration maximum across benchmark ranks, then p50/p90 across samples; us)
Method                   Phase                                                             p50        p90
dcp_mega_varlen          kernel_start                                                    0.000      0.000
dcp_mega_varlen          q_allgather_done                                               28.224     29.219
dcp_mega_varlen          attention_done                                                433.728    435.974
dcp_mega_varlen          history_combine_done                                          444.992    446.566
dcp_mega_varlen          publish_done                                                  444.992    446.566
dcp_mega_varlen          receive_done                                                  451.376    461.053
dcp_mega_varlen          final_combine_done                                            459.264    468.704
dcp_mega_varlen          kernel_done                                                   459.568    469.018
dcp_mega_varlen          post_completion/q_done_to_publish_done                        417.936    420.032
dcp_mega_varlen          post_completion/publish_done_to_receive_done                   10.096     17.846
dcp_mega_varlen          post_completion/attention_done_to_history_combine_done         12.368     12.736
dcp_mega_varlen          post_completion/history_combine_done_to_final_combine_done     17.920     26.064
Wrote benchmark JSON to benchmark_logs/experiment_suite/dcp-suite/01_dcp_wave-b-timestamps-20260814-132129/results/arrival_2/dcp_2/fa3_native_fifo/comm_sm_12/case_000058_dcp2_hkv4_eager.json

================================================================================
Mega comm_sm=12, case 60/100: case_000059_dcp2_hkv4: B=24, Sq=[16, 16, 16, 16, 16, 16, 16, 16, 16, 16, 16, 16, 16, 16, 16, 16, 16, 16, 16, 16, 16, 16, 16, 16], Sk=[5460, 75540, 1479, 5598, 18472, 3488, 5941, 7727, 6417, 59282, 4970, 1607, 97242, 82502, 18785, 5893, 46103, 6711, 22770, 5251, 20037, 30278, 4401, 2517], DCP=2, Hkv=4
================================================================================
Config: world_size=8, methods=['dcp_mega_varlen'], QH=32, KVH=4, D=128, TP=8, DCP=2, workload=chunk, execution=eager, baseline_phase_timing=False, warmup=40, iters=60, check=False
Workload: B=24, q_tokens=384, history_tokens=538471, q_seqlens=[16, 16, 16, 16, 16, 16, 16, 16, 16, 16, 16, 16, 16, 16, 16, 16, 16, 16, 16, 16, 16, 16, 16, 16], history_seqlens=[5460, 75540, 1479, 5598, 18472, 3488, 5941, 7727, 6417, 59282, 4970, 1607, 97242, 82502, 18785, 5893, 46103, 6711, 22770, 5251, 20037, 30278, 4401, 2517]
Agg TFLOPS uses useful attention work across all TP ranks and p50(max_across_ranks); Avg/GPU divides it by world_size.
KV GB/s/GPU is average logical BF16 K+V bytes read per TP rank divided by p50(max_across_ranks); it is not hardware-counter HBM traffic.

Running B=24, q_tokens=384, history_tokens=538471, causal=True

B=24, q_tokens=384, history_tokens=538471, QH=32, KVH=4, D=128, TP=8, DCP=2, mode=causal
Method                   Time ms                                                                                                                                     Agg TFLOPS    Avg/GPU  KV GB/s/GPU      Check  Note
dcp_mega_varlen          t0=0.114, t1=0.111, t2=0.114, t3=0.110, t4=0.110, t5=0.113, t6=0.112, t7=0.113 | p50(max_across_ranks)=0.115, p90(max_across_ranks)=0.118       1223.4      152.9       1196.0       skip  eager; output=bf16_ipc_a2a; runner_preallocated; timing=mega_kernel_only

Mega %globaltimer phase timestamps (per-iteration maximum across benchmark ranks, then p50/p90 across samples; us)
Method                   Phase                                                             p50        p90
dcp_mega_varlen          kernel_start                                                    0.000      0.000
dcp_mega_varlen          q_allgather_done                                                4.672      4.867
dcp_mega_varlen          attention_done                                                 80.240     80.803
dcp_mega_varlen          history_combine_done                                           99.232    100.230
dcp_mega_varlen          publish_done                                                   99.232    100.230
dcp_mega_varlen          receive_done                                                  105.088    107.904
dcp_mega_varlen          final_combine_done                                            108.512    111.411
dcp_mega_varlen          kernel_done                                                   108.848    111.725
dcp_mega_varlen          post_completion/q_done_to_publish_done                         94.736     95.814
dcp_mega_varlen          post_completion/publish_done_to_receive_done                    8.624     11.600
dcp_mega_varlen          post_completion/attention_done_to_history_combine_done         19.904     20.480
dcp_mega_varlen          post_completion/history_combine_done_to_final_combine_done     12.128     15.002
Wrote benchmark JSON to benchmark_logs/experiment_suite/dcp-suite/01_dcp_wave-b-timestamps-20260814-132129/results/arrival_2/dcp_2/fa3_native_fifo/comm_sm_12/case_000059_dcp2_hkv4_eager.json

================================================================================
Mega comm_sm=12, case 61/100: case_000060_dcp2_hkv4: B=29, Sq=[16, 16, 16, 16, 16, 16, 16, 16, 16, 16, 16, 16, 16, 16, 16, 16, 16, 16, 16, 16, 16, 16, 16, 16, 16, 16, 16, 16, 4096], Sk=[8535, 64027, 2320, 14328, 6144, 33249, 6088, 12060, 9259, 6928, 1519, 13244, 15638, 16529, 14240, 16547, 4891, 13383, 10313, 15622, 15091, 1173, 9466, 25711, 10354, 1203, 13559, 9584, 512], DCP=2, Hkv=4
================================================================================
Config: world_size=8, methods=['dcp_mega_varlen'], QH=32, KVH=4, D=128, TP=8, DCP=2, workload=chunk, execution=eager, baseline_phase_timing=False, warmup=40, iters=60, check=False
Workload: B=29, q_tokens=4544, history_tokens=371517, q_seqlens=[16, 16, 16, 16, 16, 16, 16, 16, 16, 16, 16, 16, 16, 16, 16, 16, 16, 16, 16, 16, 16, 16, 16, 16, 16, 16, 16, 16, 4096], history_seqlens=[8535, 64027, 2320, 14328, 6144, 33249, 6088, 12060, 9259, 6928, 1519, 13244, 15638, 16529, 14240, 16547, 4891, 13383, 10313, 15622, 15091, 1173, 9466, 25711, 10354, 1203, 13559, 9584, 512]
Agg TFLOPS uses useful attention work across all TP ranks and p50(max_across_ranks); Avg/GPU divides it by world_size.
KV GB/s/GPU is average logical BF16 K+V bytes read per TP rank divided by p50(max_across_ranks); it is not hardware-counter HBM traffic.

Running B=29, q_tokens=4544, history_tokens=371517, causal=True

B=29, q_tokens=4544, history_tokens=371517, QH=32, KVH=4, D=128, TP=8, DCP=2, mode=causal
Method                   Time ms                                                                                                                                     Agg TFLOPS    Avg/GPU  KV GB/s/GPU      Check  Note
dcp_mega_varlen          t0=0.404, t1=0.393, t2=0.405, t3=0.400, t4=0.400, t5=0.401, t6=0.402, t7=0.399 | p50(max_across_ranks)=0.405, p90(max_across_ranks)=0.410        663.9       83.0        240.3       skip  eager; output=bf16_ipc_a2a; runner_preallocated; timing=mega_kernel_only

Mega %globaltimer phase timestamps (per-iteration maximum across benchmark ranks, then p50/p90 across samples; us)
Method                   Phase                                                             p50        p90
dcp_mega_varlen          kernel_start                                                    0.000      0.000
dcp_mega_varlen          q_allgather_done                                               29.984     31.075
dcp_mega_varlen          attention_done                                                372.096    373.059
dcp_mega_varlen          history_combine_done                                          382.944    384.048
dcp_mega_varlen          publish_done                                                  382.944    384.048
dcp_mega_varlen          receive_done                                                  390.416    395.837
dcp_mega_varlen          final_combine_done                                            398.176    403.270
dcp_mega_varlen          kernel_done                                                   398.416    403.581
dcp_mega_varlen          post_completion/q_done_to_publish_done                        355.616    356.675
dcp_mega_varlen          post_completion/publish_done_to_receive_done                   15.120     17.229
dcp_mega_varlen          post_completion/attention_done_to_history_combine_done         11.616     12.160
dcp_mega_varlen          post_completion/history_combine_done_to_final_combine_done     22.944     25.117
Wrote benchmark JSON to benchmark_logs/experiment_suite/dcp-suite/01_dcp_wave-b-timestamps-20260814-132129/results/arrival_2/dcp_2/fa3_native_fifo/comm_sm_12/case_000060_dcp2_hkv4_eager.json

================================================================================
Mega comm_sm=12, case 62/100: case_000061_dcp2_hkv4: B=24, Sq=[16, 16, 16, 16, 16, 16, 16, 16, 16, 16, 16, 16, 16, 16, 16, 16, 16, 16, 16, 16, 16, 16, 16, 4096], Sk=[1716, 6899, 2069, 1804, 4063, 1269, 8579, 2572, 1276, 1240, 25645, 18799, 3378, 10190, 3094, 1136, 8898, 1352, 1330, 1833, 1758, 9254, 23808, 8704], DCP=2, Hkv=4
================================================================================
Config: world_size=8, methods=['dcp_mega_varlen'], QH=32, KVH=4, D=128, TP=8, DCP=2, workload=chunk, execution=eager, baseline_phase_timing=False, warmup=40, iters=60, check=False
Workload: B=24, q_tokens=4464, history_tokens=150666, q_seqlens=[16, 16, 16, 16, 16, 16, 16, 16, 16, 16, 16, 16, 16, 16, 16, 16, 16, 16, 16, 16, 16, 16, 16, 4096], history_seqlens=[1716, 6899, 2069, 1804, 4063, 1269, 8579, 2572, 1276, 1240, 25645, 18799, 3378, 10190, 3094, 1136, 8898, 1352, 1330, 1833, 1758, 9254, 23808, 8704]
Agg TFLOPS uses useful attention work across all TP ranks and p50(max_across_ranks); Avg/GPU divides it by world_size.
KV GB/s/GPU is average logical BF16 K+V bytes read per TP rank divided by p50(max_across_ranks); it is not hardware-counter HBM traffic.

Running B=24, q_tokens=4464, history_tokens=150666, causal=True

B=24, q_tokens=4464, history_tokens=150666, QH=32, KVH=4, D=128, TP=8, DCP=2, mode=causal
Method                   Time ms                                                                                                                                     Agg TFLOPS    Avg/GPU  KV GB/s/GPU      Check  Note
dcp_mega_varlen          t0=0.231, t1=0.224, t2=0.230, t3=0.226, t4=0.227, t5=0.228, t6=0.227, t7=0.228 | p50(max_across_ranks)=0.231, p90(max_across_ranks)=0.233       3279.5      409.9        176.6       skip  eager; output=bf16_ipc_a2a; runner_preallocated; timing=mega_kernel_only

Mega %globaltimer phase timestamps (per-iteration maximum across benchmark ranks, then p50/p90 across samples; us)
Method                   Phase                                                             p50        p90
dcp_mega_varlen          kernel_start                                                    0.000      0.000
dcp_mega_varlen          q_allgather_done                                               28.592     29.600
dcp_mega_varlen          attention_done                                                189.888    190.400
dcp_mega_varlen          history_combine_done                                          206.960    207.821
dcp_mega_varlen          publish_done                                                  206.960    207.821
dcp_mega_varlen          receive_done                                                  216.256    217.952
dcp_mega_varlen          final_combine_done                                            224.352    225.856
dcp_mega_varlen          kernel_done                                                   224.688    226.080
dcp_mega_varlen          post_completion/q_done_to_publish_done                        180.096    181.155
dcp_mega_varlen          post_completion/publish_done_to_receive_done                   14.176     16.339
dcp_mega_varlen          post_completion/attention_done_to_history_combine_done         18.032     18.947
dcp_mega_varlen          post_completion/history_combine_done_to_final_combine_done     22.080     24.195
Wrote benchmark JSON to benchmark_logs/experiment_suite/dcp-suite/01_dcp_wave-b-timestamps-20260814-132129/results/arrival_2/dcp_2/fa3_native_fifo/comm_sm_12/case_000061_dcp2_hkv4_eager.json

================================================================================
Mega comm_sm=12, case 63/100: case_000062_dcp2_hkv4: B=23, Sq=[16, 16, 16, 16, 16, 16, 16, 16, 16, 16, 16, 16, 16, 16, 16, 16, 16, 16, 16, 16, 16, 16, 16], Sk=[4744, 2056, 2382, 8119, 2070, 7639, 5264, 16671, 20248, 12186, 59096, 2636, 14273, 5181, 18533, 17737, 1770, 1510, 4660, 2860, 5946, 13874, 6967], DCP=2, Hkv=4
================================================================================
Config: world_size=8, methods=['dcp_mega_varlen'], QH=32, KVH=4, D=128, TP=8, DCP=2, workload=chunk, execution=eager, baseline_phase_timing=False, warmup=40, iters=60, check=False
Workload: B=23, q_tokens=368, history_tokens=236422, q_seqlens=[16, 16, 16, 16, 16, 16, 16, 16, 16, 16, 16, 16, 16, 16, 16, 16, 16, 16, 16, 16, 16, 16, 16], history_seqlens=[4744, 2056, 2382, 8119, 2070, 7639, 5264, 16671, 20248, 12186, 59096, 2636, 14273, 5181, 18533, 17737, 1770, 1510, 4660, 2860, 5946, 13874, 6967]
Agg TFLOPS uses useful attention work across all TP ranks and p50(max_across_ranks); Avg/GPU divides it by world_size.
KV GB/s/GPU is average logical BF16 K+V bytes read per TP rank divided by p50(max_across_ranks); it is not hardware-counter HBM traffic.

Running B=23, q_tokens=368, history_tokens=236422, causal=True

B=23, q_tokens=368, history_tokens=236422, QH=32, KVH=4, D=128, TP=8, DCP=2, mode=causal
Method                   Time ms                                                                                                                                     Agg TFLOPS    Avg/GPU  KV GB/s/GPU      Check  Note
dcp_mega_varlen          t0=0.079, t1=0.076, t2=0.080, t3=0.075, t4=0.076, t5=0.078, t6=0.076, t7=0.079 | p50(max_across_ranks)=0.080, p90(max_across_ranks)=0.104        771.3       96.4        755.0       skip  eager; output=bf16_ipc_a2a; runner_preallocated; timing=mega_kernel_only

Mega %globaltimer phase timestamps (per-iteration maximum across benchmark ranks, then p50/p90 across samples; us)
Method                   Phase                                                             p50        p90
dcp_mega_varlen          kernel_start                                                    0.000      0.000
dcp_mega_varlen          q_allgather_done                                                4.768      4.928
dcp_mega_varlen          attention_done                                                 47.808     48.515
dcp_mega_varlen          history_combine_done                                           64.240     65.219
dcp_mega_varlen          publish_done                                                   64.240     65.219
dcp_mega_varlen          receive_done                                                   70.144     93.523
dcp_mega_varlen          final_combine_done                                             73.744     97.021
dcp_mega_varlen          kernel_done                                                    74.048     97.341
dcp_mega_varlen          post_completion/q_done_to_publish_done                         59.744     60.746
dcp_mega_varlen          post_completion/publish_done_to_receive_done                    8.160     30.432
dcp_mega_varlen          post_completion/attention_done_to_history_combine_done         17.952     18.976
dcp_mega_varlen          post_completion/history_combine_done_to_final_combine_done     11.776     33.930
Wrote benchmark JSON to benchmark_logs/experiment_suite/dcp-suite/01_dcp_wave-b-timestamps-20260814-132129/results/arrival_2/dcp_2/fa3_native_fifo/comm_sm_12/case_000062_dcp2_hkv4_eager.json

================================================================================
Mega comm_sm=12, case 64/100: case_000063_dcp2_hkv4: B=18, Sq=[16, 16, 16, 16, 16, 16, 16, 16, 16, 16, 16, 16, 16, 16, 16, 16, 16, 4096], Sk=[5495, 16911, 59326, 18741, 17971, 1977, 1733, 3090, 6180, 14098, 19000, 37173, 1985, 1003, 32202, 970, 19078, 12800], DCP=2, Hkv=4
================================================================================
Config: world_size=8, methods=['dcp_mega_varlen'], QH=32, KVH=4, D=128, TP=8, DCP=2, workload=chunk, execution=eager, baseline_phase_timing=False, warmup=40, iters=60, check=False
Workload: B=18, q_tokens=4368, history_tokens=269733, q_seqlens=[16, 16, 16, 16, 16, 16, 16, 16, 16, 16, 16, 16, 16, 16, 16, 16, 16, 4096], history_seqlens=[5495, 16911, 59326, 18741, 17971, 1977, 1733, 3090, 6180, 14098, 19000, 37173, 1985, 1003, 32202, 970, 19078, 12800]
Agg TFLOPS uses useful attention work across all TP ranks and p50(max_across_ranks); Avg/GPU divides it by world_size.
KV GB/s/GPU is average logical BF16 K+V bytes read per TP rank divided by p50(max_across_ranks); it is not hardware-counter HBM traffic.

Running B=18, q_tokens=4368, history_tokens=269733, causal=True

B=18, q_tokens=4368, history_tokens=269733, QH=32, KVH=4, D=128, TP=8, DCP=2, mode=causal
Method                   Time ms                                                                                                                                     Agg TFLOPS    Avg/GPU  KV GB/s/GPU      Check  Note
dcp_mega_varlen          t0=0.387, t1=0.377, t2=0.388, t3=0.379, t4=0.385, t5=0.382, t6=0.384, t7=0.385 | p50(max_across_ranks)=0.388, p90(max_across_ranks)=0.392       2742.7      342.8        183.8       skip  eager; output=bf16_ipc_a2a; runner_preallocated; timing=mega_kernel_only

Mega %globaltimer phase timestamps (per-iteration maximum across benchmark ranks, then p50/p90 across samples; us)
Method                   Phase                                                             p50        p90
dcp_mega_varlen          kernel_start                                                    0.000      0.000
dcp_mega_varlen          q_allgather_done                                               28.672     29.734
dcp_mega_varlen          attention_done                                                354.160    354.765
dcp_mega_varlen          history_combine_done                                          366.128    366.858
dcp_mega_varlen          publish_done                                                  366.128    366.858
dcp_mega_varlen          receive_done                                                  372.864    377.149
dcp_mega_varlen          final_combine_done                                            380.848    385.082
dcp_mega_varlen          kernel_done                                                   381.072    385.306
dcp_mega_varlen          post_completion/q_done_to_publish_done                        339.120    340.419
dcp_mega_varlen          post_completion/publish_done_to_receive_done                   13.552     16.746
dcp_mega_varlen          post_completion/attention_done_to_history_combine_done         12.448     12.710
dcp_mega_varlen          post_completion/history_combine_done_to_final_combine_done     21.232     24.141
Wrote benchmark JSON to benchmark_logs/experiment_suite/dcp-suite/01_dcp_wave-b-timestamps-20260814-132129/results/arrival_2/dcp_2/fa3_native_fifo/comm_sm_12/case_000063_dcp2_hkv4_eager.json

================================================================================
Mega comm_sm=12, case 65/100: case_000064_dcp2_hkv4: B=18, Sq=[16, 16, 16, 16, 16, 16, 16, 16, 16, 16, 16, 16, 16, 16, 16, 16, 16, 16], Sk=[47863, 14668, 3744, 6281, 11862, 8403, 19340, 16822, 13831, 2213, 7943, 1069, 25538, 2557, 50335, 9725, 20215, 15705], DCP=2, Hkv=4
================================================================================
Config: world_size=8, methods=['dcp_mega_varlen'], QH=32, KVH=4, D=128, TP=8, DCP=2, workload=chunk, execution=eager, baseline_phase_timing=False, warmup=40, iters=60, check=False
Workload: B=18, q_tokens=288, history_tokens=278114, q_seqlens=[16, 16, 16, 16, 16, 16, 16, 16, 16, 16, 16, 16, 16, 16, 16, 16, 16, 16], history_seqlens=[47863, 14668, 3744, 6281, 11862, 8403, 19340, 16822, 13831, 2213, 7943, 1069, 25538, 2557, 50335, 9725, 20215, 15705]
Agg TFLOPS uses useful attention work across all TP ranks and p50(max_across_ranks); Avg/GPU divides it by world_size.
KV GB/s/GPU is average logical BF16 K+V bytes read per TP rank divided by p50(max_across_ranks); it is not hardware-counter HBM traffic.

Running B=18, q_tokens=288, history_tokens=278114, causal=True

B=18, q_tokens=288, history_tokens=278114, QH=32, KVH=4, D=128, TP=8, DCP=2, mode=causal
Method                   Time ms                                                                                                                                     Agg TFLOPS    Avg/GPU  KV GB/s/GPU      Check  Note
dcp_mega_varlen          t0=0.081, t1=0.077, t2=0.081, t3=0.077, t4=0.077, t5=0.080, t6=0.079, t7=0.080 | p50(max_across_ranks)=0.082, p90(max_across_ranks)=0.085        886.3      110.8        866.8       skip  eager; output=bf16_ipc_a2a; runner_preallocated; timing=mega_kernel_only

Mega %globaltimer phase timestamps (per-iteration maximum across benchmark ranks, then p50/p90 across samples; us)
Method                   Phase                                                             p50        p90
dcp_mega_varlen          kernel_start                                                    0.000      0.000
dcp_mega_varlen          q_allgather_done                                                4.608      4.707
dcp_mega_varlen          attention_done                                                 42.192     42.851
dcp_mega_varlen          history_combine_done                                           66.096     67.293
dcp_mega_varlen          publish_done                                                   66.096     67.293
dcp_mega_varlen          receive_done                                                   71.968     75.146
dcp_mega_varlen          final_combine_done                                             75.344     78.422
dcp_mega_varlen          kernel_done                                                    75.680     78.742
dcp_mega_varlen          post_completion/q_done_to_publish_done                         61.744     62.893
dcp_mega_varlen          post_completion/publish_done_to_receive_done                    8.560     11.178
dcp_mega_varlen          post_completion/attention_done_to_history_combine_done         24.864     25.709
dcp_mega_varlen          post_completion/history_combine_done_to_final_combine_done     11.904     14.557
Wrote benchmark JSON to benchmark_logs/experiment_suite/dcp-suite/01_dcp_wave-b-timestamps-20260814-132129/results/arrival_2/dcp_2/fa3_native_fifo/comm_sm_12/case_000064_dcp2_hkv4_eager.json

================================================================================
Mega comm_sm=12, case 66/100: case_000065_dcp2_hkv4: B=23, Sq=[16, 16, 16, 16, 16, 16, 16, 16, 16, 16, 16, 16, 16, 16, 16, 16, 16, 16, 16, 16, 16, 16, 16], Sk=[20383, 1809, 21283, 18074, 25195, 25453, 12267, 7048, 14795, 1271, 10622, 6867, 1246, 1823, 9352, 5724, 7140, 15334, 50465, 10281, 7628, 917, 2330], DCP=2, Hkv=4
================================================================================
Config: world_size=8, methods=['dcp_mega_varlen'], QH=32, KVH=4, D=128, TP=8, DCP=2, workload=chunk, execution=eager, baseline_phase_timing=False, warmup=40, iters=60, check=False
Workload: B=23, q_tokens=368, history_tokens=277307, q_seqlens=[16, 16, 16, 16, 16, 16, 16, 16, 16, 16, 16, 16, 16, 16, 16, 16, 16, 16, 16, 16, 16, 16, 16], history_seqlens=[20383, 1809, 21283, 18074, 25195, 25453, 12267, 7048, 14795, 1271, 10622, 6867, 1246, 1823, 9352, 5724, 7140, 15334, 50465, 10281, 7628, 917, 2330]
Agg TFLOPS uses useful attention work across all TP ranks and p50(max_across_ranks); Avg/GPU divides it by world_size.
KV GB/s/GPU is average logical BF16 K+V bytes read per TP rank divided by p50(max_across_ranks); it is not hardware-counter HBM traffic.

Running B=23, q_tokens=368, history_tokens=277307, causal=True

B=23, q_tokens=368, history_tokens=277307, QH=32, KVH=4, D=128, TP=8, DCP=2, mode=causal
Method                   Time ms                                                                                                                                     Agg TFLOPS    Avg/GPU  KV GB/s/GPU      Check  Note
dcp_mega_varlen          t0=0.086, t1=0.083, t2=0.087, t3=0.083, t4=0.082, t5=0.085, t6=0.082, t7=0.084 | p50(max_across_ranks)=0.087, p90(max_across_ranks)=0.089        833.3      104.2        815.4       skip  eager; output=bf16_ipc_a2a; runner_preallocated; timing=mega_kernel_only

Mega %globaltimer phase timestamps (per-iteration maximum across benchmark ranks, then p50/p90 across samples; us)
Method                   Phase                                                             p50        p90
dcp_mega_varlen          kernel_start                                                    0.000      0.000
dcp_mega_varlen          q_allgather_done                                                4.736      4.864
dcp_mega_varlen          attention_done                                                 43.456     44.400
dcp_mega_varlen          history_combine_done                                           71.456     72.803
dcp_mega_varlen          publish_done                                                   71.456     72.803
dcp_mega_varlen          receive_done                                                   76.720     78.448
dcp_mega_varlen          final_combine_done                                             80.304     82.138
dcp_mega_varlen          kernel_done                                                    80.624     82.477
dcp_mega_varlen          post_completion/q_done_to_publish_done                         66.896     68.326
dcp_mega_varlen          post_completion/publish_done_to_receive_done                    8.400     10.406
dcp_mega_varlen          post_completion/attention_done_to_history_combine_done         29.024     30.598
dcp_mega_varlen          post_completion/history_combine_done_to_final_combine_done     11.840     13.805
Wrote benchmark JSON to benchmark_logs/experiment_suite/dcp-suite/01_dcp_wave-b-timestamps-20260814-132129/results/arrival_2/dcp_2/fa3_native_fifo/comm_sm_12/case_000065_dcp2_hkv4_eager.json

================================================================================
Mega comm_sm=12, case 67/100: case_000066_dcp2_hkv4: B=15, Sq=[16, 16, 16, 16, 16, 16, 16, 16, 16, 16, 16, 16, 16, 16, 16], Sk=[25696, 10757, 6725, 13549, 11815, 10118, 14625, 10277, 1568, 1415, 4006, 2762, 4186, 3827, 3635], DCP=2, Hkv=4
================================================================================
Config: world_size=8, methods=['dcp_mega_varlen'], QH=32, KVH=4, D=128, TP=8, DCP=2, workload=chunk, execution=eager, baseline_phase_timing=False, warmup=40, iters=60, check=False
Workload: B=15, q_tokens=240, history_tokens=124961, q_seqlens=[16, 16, 16, 16, 16, 16, 16, 16, 16, 16, 16, 16, 16, 16, 16], history_seqlens=[25696, 10757, 6725, 13549, 11815, 10118, 14625, 10277, 1568, 1415, 4006, 2762, 4186, 3827, 3635]
Agg TFLOPS uses useful attention work across all TP ranks and p50(max_across_ranks); Avg/GPU divides it by world_size.
KV GB/s/GPU is average logical BF16 K+V bytes read per TP rank divided by p50(max_across_ranks); it is not hardware-counter HBM traffic.

Running B=15, q_tokens=240, history_tokens=124961, causal=True

B=15, q_tokens=240, history_tokens=124961, QH=32, KVH=4, D=128, TP=8, DCP=2, mode=causal
Method                   Time ms                                                                                                                                     Agg TFLOPS    Avg/GPU  KV GB/s/GPU      Check  Note
dcp_mega_varlen          t0=0.056, t1=0.054, t2=0.058, t3=0.054, t4=0.054, t5=0.057, t6=0.053, t7=0.056 | p50(max_across_ranks)=0.058, p90(max_across_ranks)=0.059        566.1       70.8        554.4       skip  eager; output=bf16_ipc_a2a; runner_preallocated; timing=mega_kernel_only

Mega %globaltimer phase timestamps (per-iteration maximum across benchmark ranks, then p50/p90 across samples; us)
Method                   Phase                                                             p50        p90
dcp_mega_varlen          kernel_start                                                    0.000      0.000
dcp_mega_varlen          q_allgather_done                                                4.608      4.704
dcp_mega_varlen          attention_done                                                 26.848     27.437
dcp_mega_varlen          history_combine_done                                           41.984     42.886
dcp_mega_varlen          publish_done                                                   41.984     42.886
dcp_mega_varlen          receive_done                                                   47.920     49.002
dcp_mega_varlen          final_combine_done                                             51.264     52.304
dcp_mega_varlen          kernel_done                                                    51.520     52.614
dcp_mega_varlen          post_completion/q_done_to_publish_done                         37.568     38.499
dcp_mega_varlen          post_completion/publish_done_to_receive_done                    7.376      8.976
dcp_mega_varlen          post_completion/attention_done_to_history_combine_done         16.800     17.632
dcp_mega_varlen          post_completion/history_combine_done_to_final_combine_done     10.672     12.096
Wrote benchmark JSON to benchmark_logs/experiment_suite/dcp-suite/01_dcp_wave-b-timestamps-20260814-132129/results/arrival_2/dcp_2/fa3_native_fifo/comm_sm_12/case_000066_dcp2_hkv4_eager.json

================================================================================
Mega comm_sm=12, case 68/100: case_000067_dcp2_hkv4: B=12, Sq=[16, 16, 16, 16, 16, 16, 16, 16, 16, 16, 16, 16], Sk=[43431, 13327, 7195, 14713, 2677, 6137, 6428, 11384, 19646, 18302, 7094, 18633], DCP=2, Hkv=4
================================================================================
Config: world_size=8, methods=['dcp_mega_varlen'], QH=32, KVH=4, D=128, TP=8, DCP=2, workload=chunk, execution=eager, baseline_phase_timing=False, warmup=40, iters=60, check=False
Workload: B=12, q_tokens=192, history_tokens=168967, q_seqlens=[16, 16, 16, 16, 16, 16, 16, 16, 16, 16, 16, 16], history_seqlens=[43431, 13327, 7195, 14713, 2677, 6137, 6428, 11384, 19646, 18302, 7094, 18633]
Agg TFLOPS uses useful attention work across all TP ranks and p50(max_across_ranks); Avg/GPU divides it by world_size.
KV GB/s/GPU is average logical BF16 K+V bytes read per TP rank divided by p50(max_across_ranks); it is not hardware-counter HBM traffic.

Running B=12, q_tokens=192, history_tokens=168967, causal=True

B=12, q_tokens=192, history_tokens=168967, QH=32, KVH=4, D=128, TP=8, DCP=2, mode=causal
Method                   Time ms                                                                                                                                     Agg TFLOPS    Avg/GPU  KV GB/s/GPU      Check  Note
dcp_mega_varlen          t0=0.065, t1=0.063, t2=0.064, t3=0.063, t4=0.060, t5=0.065, t6=0.062, t7=0.065 | p50(max_across_ranks)=0.066, p90(max_across_ranks)=0.067        671.5       83.9        656.9       skip  eager; output=bf16_ipc_a2a; runner_preallocated; timing=mega_kernel_only

Mega %globaltimer phase timestamps (per-iteration maximum across benchmark ranks, then p50/p90 across samples; us)
Method                   Phase                                                             p50        p90
dcp_mega_varlen          kernel_start                                                    0.000      0.000
dcp_mega_varlen          q_allgather_done                                                4.624      4.736
dcp_mega_varlen          attention_done                                                 32.160     33.130
dcp_mega_varlen          history_combine_done                                           50.400     50.922
dcp_mega_varlen          publish_done                                                   50.400     50.922
dcp_mega_varlen          receive_done                                                   56.064     56.826
dcp_mega_varlen          final_combine_done                                             59.360     60.259
dcp_mega_varlen          kernel_done                                                    59.680     60.608
dcp_mega_varlen          post_completion/q_done_to_publish_done                         45.968     46.374
dcp_mega_varlen          post_completion/publish_done_to_receive_done                    8.288      9.491
dcp_mega_varlen          post_completion/attention_done_to_history_combine_done         19.376     19.872
dcp_mega_varlen          post_completion/history_combine_done_to_final_combine_done     11.456     12.806
Wrote benchmark JSON to benchmark_logs/experiment_suite/dcp-suite/01_dcp_wave-b-timestamps-20260814-132129/results/arrival_2/dcp_2/fa3_native_fifo/comm_sm_12/case_000067_dcp2_hkv4_eager.json

================================================================================
Mega comm_sm=12, case 69/100: case_000068_dcp2_hkv4: B=15, Sq=[16, 16, 16, 16, 16, 16, 16, 16, 16, 16, 16, 16, 16, 16, 16], Sk=[8427, 4909, 7457, 25467, 6472, 1848, 1286, 20505, 8659, 3234, 1364, 7528, 3574, 5680, 21269], DCP=2, Hkv=4
================================================================================
Config: world_size=8, methods=['dcp_mega_varlen'], QH=32, KVH=4, D=128, TP=8, DCP=2, workload=chunk, execution=eager, baseline_phase_timing=False, warmup=40, iters=60, check=False
Workload: B=15, q_tokens=240, history_tokens=127679, q_seqlens=[16, 16, 16, 16, 16, 16, 16, 16, 16, 16, 16, 16, 16, 16, 16], history_seqlens=[8427, 4909, 7457, 25467, 6472, 1848, 1286, 20505, 8659, 3234, 1364, 7528, 3574, 5680, 21269]
Agg TFLOPS uses useful attention work across all TP ranks and p50(max_across_ranks); Avg/GPU divides it by world_size.
KV GB/s/GPU is average logical BF16 K+V bytes read per TP rank divided by p50(max_across_ranks); it is not hardware-counter HBM traffic.

Running B=15, q_tokens=240, history_tokens=127679, causal=True

B=15, q_tokens=240, history_tokens=127679, QH=32, KVH=4, D=128, TP=8, DCP=2, mode=causal
Method                   Time ms                                                                                                                                     Agg TFLOPS    Avg/GPU  KV GB/s/GPU      Check  Note
dcp_mega_varlen          t0=0.061, t1=0.058, t2=0.061, t3=0.057, t4=0.057, t5=0.060, t6=0.058, t7=0.058 | p50(max_across_ranks)=0.062, p90(max_across_ranks)=0.063        543.5       67.9        532.2       skip  eager; output=bf16_ipc_a2a; runner_preallocated; timing=mega_kernel_only

Mega %globaltimer phase timestamps (per-iteration maximum across benchmark ranks, then p50/p90 across samples; us)
Method                   Phase                                                             p50        p90
dcp_mega_varlen          kernel_start                                                    0.000      0.000
dcp_mega_varlen          q_allgather_done                                                4.576      4.800
dcp_mega_varlen          attention_done                                                 26.000     26.659
dcp_mega_varlen          history_combine_done                                           45.088     45.766
dcp_mega_varlen          publish_done                                                   45.088     45.766
dcp_mega_varlen          receive_done                                                   51.440     52.595
dcp_mega_varlen          final_combine_done                                             54.896     56.054
dcp_mega_varlen          kernel_done                                                    55.200     56.365
dcp_mega_varlen          post_completion/q_done_to_publish_done                         40.800     41.475
dcp_mega_varlen          post_completion/publish_done_to_receive_done                    7.488      8.765
dcp_mega_varlen          post_completion/attention_done_to_history_combine_done         20.832     21.190
dcp_mega_varlen          post_completion/history_combine_done_to_final_combine_done     10.864     12.134
Wrote benchmark JSON to benchmark_logs/experiment_suite/dcp-suite/01_dcp_wave-b-timestamps-20260814-132129/results/arrival_2/dcp_2/fa3_native_fifo/comm_sm_12/case_000068_dcp2_hkv4_eager.json

================================================================================
Mega comm_sm=12, case 70/100: case_000069_dcp2_hkv4: B=12, Sq=[16, 16, 16, 16, 16, 16, 16, 16, 16, 16, 16, 16], Sk=[16960, 1457, 24092, 14010, 2572, 15092, 10519, 6773, 14954, 6289, 11988, 6686], DCP=2, Hkv=4
================================================================================
Config: world_size=8, methods=['dcp_mega_varlen'], QH=32, KVH=4, D=128, TP=8, DCP=2, workload=chunk, execution=eager, baseline_phase_timing=False, warmup=40, iters=60, check=False
Workload: B=12, q_tokens=192, history_tokens=131392, q_seqlens=[16, 16, 16, 16, 16, 16, 16, 16, 16, 16, 16, 16], history_seqlens=[16960, 1457, 24092, 14010, 2572, 15092, 10519, 6773, 14954, 6289, 11988, 6686]
Agg TFLOPS uses useful attention work across all TP ranks and p50(max_across_ranks); Avg/GPU divides it by world_size.
KV GB/s/GPU is average logical BF16 K+V bytes read per TP rank divided by p50(max_across_ranks); it is not hardware-counter HBM traffic.

Running B=12, q_tokens=192, history_tokens=131392, causal=True

B=12, q_tokens=192, history_tokens=131392, QH=32, KVH=4, D=128, TP=8, DCP=2, mode=causal
Method                   Time ms                                                                                                                                     Agg TFLOPS    Avg/GPU  KV GB/s/GPU      Check  Note
dcp_mega_varlen          t0=0.055, t1=0.054, t2=0.057, t3=0.052, t4=0.054, t5=0.055, t6=0.053, t7=0.055 | p50(max_across_ranks)=0.057, p90(max_across_ranks)=0.060        602.3       75.3        589.4       skip  eager; output=bf16_ipc_a2a; runner_preallocated; timing=mega_kernel_only

Mega %globaltimer phase timestamps (per-iteration maximum across benchmark ranks, then p50/p90 across samples; us)
Method                   Phase                                                             p50        p90
dcp_mega_varlen          kernel_start                                                    0.000      0.000
dcp_mega_varlen          q_allgather_done                                                4.544      4.608
dcp_mega_varlen          attention_done                                                 25.456     25.930
dcp_mega_varlen          history_combine_done                                           40.960     41.542
dcp_mega_varlen          publish_done                                                   40.960     41.542
dcp_mega_varlen          receive_done                                                   47.440     49.642
dcp_mega_varlen          final_combine_done                                             50.368     52.557
dcp_mega_varlen          kernel_done                                                    50.688     52.867
dcp_mega_varlen          post_completion/q_done_to_publish_done                         36.544     37.216
dcp_mega_varlen          post_completion/publish_done_to_receive_done                    7.760     10.246
dcp_mega_varlen          post_completion/attention_done_to_history_combine_done         16.096     16.640
dcp_mega_varlen          post_completion/history_combine_done_to_final_combine_done     10.656     13.165
Wrote benchmark JSON to benchmark_logs/experiment_suite/dcp-suite/01_dcp_wave-b-timestamps-20260814-132129/results/arrival_2/dcp_2/fa3_native_fifo/comm_sm_12/case_000069_dcp2_hkv4_eager.json

================================================================================
Mega comm_sm=12, case 71/100: case_000070_dcp2_hkv4: B=23, Sq=[16, 16, 16, 16, 16, 16, 16, 16, 16, 16, 16, 16, 16, 16, 16, 16, 16, 16, 16, 16, 16, 16, 128], Sk=[54496, 18978, 1410, 5462, 8581, 14424, 7919, 1710, 4951, 8874, 4750, 7002, 6021, 32628, 9878, 1411, 4771, 78037, 4929, 6115, 22758, 6141, 4608], DCP=2, Hkv=4
================================================================================
Config: world_size=8, methods=['dcp_mega_varlen'], QH=32, KVH=4, D=128, TP=8, DCP=2, workload=chunk, execution=eager, baseline_phase_timing=False, warmup=40, iters=60, check=False
Workload: B=23, q_tokens=480, history_tokens=315854, q_seqlens=[16, 16, 16, 16, 16, 16, 16, 16, 16, 16, 16, 16, 16, 16, 16, 16, 16, 16, 16, 16, 16, 16, 128], history_seqlens=[54496, 18978, 1410, 5462, 8581, 14424, 7919, 1710, 4951, 8874, 4750, 7002, 6021, 32628, 9878, 1411, 4771, 78037, 4929, 6115, 22758, 6141, 4608]
Agg TFLOPS uses useful attention work across all TP ranks and p50(max_across_ranks); Avg/GPU divides it by world_size.
KV GB/s/GPU is average logical BF16 K+V bytes read per TP rank divided by p50(max_across_ranks); it is not hardware-counter HBM traffic.

Running B=23, q_tokens=480, history_tokens=315854, causal=True

B=23, q_tokens=480, history_tokens=315854, QH=32, KVH=4, D=128, TP=8, DCP=2, mode=causal
Method                   Time ms                                                                                                                                     Agg TFLOPS    Avg/GPU  KV GB/s/GPU      Check  Note
dcp_mega_varlen          t0=0.088, t1=0.087, t2=0.090, t3=0.085, t4=0.086, t5=0.089, t6=0.086, t7=0.088 | p50(max_across_ranks)=0.091, p90(max_across_ranks)=0.093       1009.4      126.2        895.3       skip  eager; output=bf16_ipc_a2a; runner_preallocated; timing=mega_kernel_only

Mega %globaltimer phase timestamps (per-iteration maximum across benchmark ranks, then p50/p90 across samples; us)
Method                   Phase                                                             p50        p90
dcp_mega_varlen          kernel_start                                                    0.000      0.000
dcp_mega_varlen          q_allgather_done                                                4.928      5.088
dcp_mega_varlen          attention_done                                                 53.936     54.464
dcp_mega_varlen          history_combine_done                                           74.128     75.235
dcp_mega_varlen          publish_done                                                   74.128     75.235
dcp_mega_varlen          receive_done                                                   80.416     82.320
dcp_mega_varlen          final_combine_done                                             83.920     85.757
dcp_mega_varlen          kernel_done                                                    84.192     86.096
dcp_mega_varlen          post_completion/q_done_to_publish_done                         69.360     70.496
dcp_mega_varlen          post_completion/publish_done_to_receive_done                    9.488     11.843
dcp_mega_varlen          post_completion/attention_done_to_history_combine_done         21.184     22.250
dcp_mega_varlen          post_completion/history_combine_done_to_final_combine_done     13.040     15.328
Wrote benchmark JSON to benchmark_logs/experiment_suite/dcp-suite/01_dcp_wave-b-timestamps-20260814-132129/results/arrival_2/dcp_2/fa3_native_fifo/comm_sm_12/case_000070_dcp2_hkv4_eager.json

================================================================================
Mega comm_sm=12, case 72/100: case_000071_dcp2_hkv4: B=19, Sq=[16, 16, 16, 16, 16, 16, 16, 16, 16, 16, 16, 16, 16, 16, 16, 16, 16, 16, 16], Sk=[6738, 1319, 18651, 12745, 1920, 18881, 2917, 1183, 11217, 6878, 17894, 6100, 31895, 5301, 12009, 9627, 11243, 6618, 1145], DCP=2, Hkv=4
================================================================================
Config: world_size=8, methods=['dcp_mega_varlen'], QH=32, KVH=4, D=128, TP=8, DCP=2, workload=chunk, execution=eager, baseline_phase_timing=False, warmup=40, iters=60, check=False
Workload: B=19, q_tokens=304, history_tokens=184281, q_seqlens=[16, 16, 16, 16, 16, 16, 16, 16, 16, 16, 16, 16, 16, 16, 16, 16, 16, 16, 16], history_seqlens=[6738, 1319, 18651, 12745, 1920, 18881, 2917, 1183, 11217, 6878, 17894, 6100, 31895, 5301, 12009, 9627, 11243, 6618, 1145]
Agg TFLOPS uses useful attention work across all TP ranks and p50(max_across_ranks); Avg/GPU divides it by world_size.
KV GB/s/GPU is average logical BF16 K+V bytes read per TP rank divided by p50(max_across_ranks); it is not hardware-counter HBM traffic.

Running B=19, q_tokens=304, history_tokens=184281, causal=True

B=19, q_tokens=304, history_tokens=184281, QH=32, KVH=4, D=128, TP=8, DCP=2, mode=causal
Method                   Time ms                                                                                                                                     Agg TFLOPS    Avg/GPU  KV GB/s/GPU      Check  Note
dcp_mega_varlen          t0=0.072, t1=0.071, t2=0.072, t3=0.070, t4=0.069, t5=0.073, t6=0.069, t7=0.072 | p50(max_across_ranks)=0.074, p90(max_across_ranks)=0.075        656.1       82.0        642.3       skip  eager; output=bf16_ipc_a2a; runner_preallocated; timing=mega_kernel_only

Mega %globaltimer phase timestamps (per-iteration maximum across benchmark ranks, then p50/p90 across samples; us)
Method                   Phase                                                             p50        p90
dcp_mega_varlen          kernel_start                                                    0.000      0.000
dcp_mega_varlen          q_allgather_done                                                4.640      4.736
dcp_mega_varlen          attention_done                                                 34.032     34.637
dcp_mega_varlen          history_combine_done                                           57.488     58.144
dcp_mega_varlen          publish_done                                                   57.488     58.144
dcp_mega_varlen          receive_done                                                   63.424     64.643
dcp_mega_varlen          final_combine_done                                             66.912     68.192
dcp_mega_varlen          kernel_done                                                    67.184     68.483
dcp_mega_varlen          post_completion/q_done_to_publish_done                         53.056     53.760
dcp_mega_varlen          post_completion/publish_done_to_receive_done                    8.320     10.176
dcp_mega_varlen          post_completion/attention_done_to_history_combine_done         24.992     25.699
dcp_mega_varlen          post_completion/history_combine_done_to_final_combine_done     11.760     13.814
Wrote benchmark JSON to benchmark_logs/experiment_suite/dcp-suite/01_dcp_wave-b-timestamps-20260814-132129/results/arrival_2/dcp_2/fa3_native_fifo/comm_sm_12/case_000071_dcp2_hkv4_eager.json

================================================================================
Mega comm_sm=12, case 73/100: case_000072_dcp2_hkv4: B=13, Sq=[16, 16, 16, 16, 16, 16, 16, 16, 16, 16, 16, 16, 16], Sk=[1656, 32238, 9964, 6973, 18925, 3230, 4842, 1076, 2413, 1906, 1033, 24767, 1294], DCP=2, Hkv=4
================================================================================
Config: world_size=8, methods=['dcp_mega_varlen'], QH=32, KVH=4, D=128, TP=8, DCP=2, workload=chunk, execution=eager, baseline_phase_timing=False, warmup=40, iters=60, check=False
Workload: B=13, q_tokens=208, history_tokens=110317, q_seqlens=[16, 16, 16, 16, 16, 16, 16, 16, 16, 16, 16, 16, 16], history_seqlens=[1656, 32238, 9964, 6973, 18925, 3230, 4842, 1076, 2413, 1906, 1033, 24767, 1294]
Agg TFLOPS uses useful attention work across all TP ranks and p50(max_across_ranks); Avg/GPU divides it by world_size.
KV GB/s/GPU is average logical BF16 K+V bytes read per TP rank divided by p50(max_across_ranks); it is not hardware-counter HBM traffic.

Running B=13, q_tokens=208, history_tokens=110317, causal=True

B=13, q_tokens=208, history_tokens=110317, QH=32, KVH=4, D=128, TP=8, DCP=2, mode=causal
Method                   Time ms                                                                                                                                     Agg TFLOPS    Avg/GPU  KV GB/s/GPU      Check  Note
dcp_mega_varlen          t0=0.060, t1=0.058, t2=0.061, t3=0.057, t4=0.057, t5=0.060, t6=0.057, t7=0.060 | p50(max_across_ranks)=0.061, p90(max_across_ranks)=0.064        472.5       59.1        462.7       skip  eager; output=bf16_ipc_a2a; runner_preallocated; timing=mega_kernel_only

Mega %globaltimer phase timestamps (per-iteration maximum across benchmark ranks, then p50/p90 across samples; us)
Method                   Phase                                                             p50        p90
dcp_mega_varlen          kernel_start                                                    0.000      0.000
dcp_mega_varlen          q_allgather_done                                                4.544      4.704
dcp_mega_varlen          attention_done                                                 23.680     24.426
dcp_mega_varlen          history_combine_done                                           44.896     45.315
dcp_mega_varlen          publish_done                                                   44.896     45.315
dcp_mega_varlen          receive_done                                                   51.392     53.232
dcp_mega_varlen          final_combine_done                                             54.512     56.464
dcp_mega_varlen          kernel_done                                                    54.784     56.784
dcp_mega_varlen          post_completion/q_done_to_publish_done                         40.576     41.027
dcp_mega_varlen          post_completion/publish_done_to_receive_done                    7.424      9.030
dcp_mega_varlen          post_completion/attention_done_to_history_combine_done         22.976     23.306
dcp_mega_varlen          post_completion/history_combine_done_to_final_combine_done     10.592     12.320
Wrote benchmark JSON to benchmark_logs/experiment_suite/dcp-suite/01_dcp_wave-b-timestamps-20260814-132129/results/arrival_2/dcp_2/fa3_native_fifo/comm_sm_12/case_000072_dcp2_hkv4_eager.json

================================================================================
Mega comm_sm=12, case 74/100: case_000073_dcp2_hkv4: B=16, Sq=[16, 16, 16, 16, 16, 16, 16, 16, 16, 16, 16, 16, 16, 16, 16, 4096], Sk=[1754, 2400, 5136, 3133, 4511, 2365, 3603, 4505, 1776, 23286, 8927, 18009, 8645, 7675, 3326, 29184], DCP=2, Hkv=4
================================================================================
Config: world_size=8, methods=['dcp_mega_varlen'], QH=32, KVH=4, D=128, TP=8, DCP=2, workload=chunk, execution=eager, baseline_phase_timing=False, warmup=40, iters=60, check=False
Workload: B=16, q_tokens=4336, history_tokens=128235, q_seqlens=[16, 16, 16, 16, 16, 16, 16, 16, 16, 16, 16, 16, 16, 16, 16, 4096], history_seqlens=[1754, 2400, 5136, 3133, 4511, 2365, 3603, 4505, 1776, 23286, 8927, 18009, 8645, 7675, 3326, 29184]
Agg TFLOPS uses useful attention work across all TP ranks and p50(max_across_ranks); Avg/GPU divides it by world_size.
KV GB/s/GPU is average logical BF16 K+V bytes read per TP rank divided by p50(max_across_ranks); it is not hardware-counter HBM traffic.

Running B=16, q_tokens=4336, history_tokens=128235, causal=True

B=16, q_tokens=4336, history_tokens=128235, QH=32, KVH=4, D=128, TP=8, DCP=2, mode=causal
Method                   Time ms                                                                                                                                     Agg TFLOPS    Avg/GPU  KV GB/s/GPU      Check  Note
dcp_mega_varlen          t0=0.568, t1=0.555, t2=0.561, t3=0.559, t4=0.557, t5=0.559, t6=0.564, t7=0.555 | p50(max_across_ranks)=0.568, p90(max_across_ranks)=0.579       3734.5      466.8         61.7       skip  eager; output=bf16_ipc_a2a; runner_preallocated; timing=mega_kernel_only

Mega %globaltimer phase timestamps (per-iteration maximum across benchmark ranks, then p50/p90 across samples; us)
Method                   Phase                                                             p50        p90
dcp_mega_varlen          kernel_start                                                    0.000      0.000
dcp_mega_varlen          q_allgather_done                                               28.704     29.731
dcp_mega_varlen          attention_done                                                527.840    528.998
dcp_mega_varlen          history_combine_done                                          543.872    545.776
dcp_mega_varlen          publish_done                                                  543.872    545.776
dcp_mega_varlen          receive_done                                                  553.408    564.762
dcp_mega_varlen          final_combine_done                                            561.200    572.547
dcp_mega_varlen          kernel_done                                                   561.424    572.774
dcp_mega_varlen          post_completion/q_done_to_publish_done                        517.232    519.437
dcp_mega_varlen          post_completion/publish_done_to_receive_done                   20.192     27.798
dcp_mega_varlen          post_completion/attention_done_to_history_combine_done         17.280     17.987
dcp_mega_varlen          post_completion/history_combine_done_to_final_combine_done     28.224     35.584
Wrote benchmark JSON to benchmark_logs/experiment_suite/dcp-suite/01_dcp_wave-b-timestamps-20260814-132129/results/arrival_2/dcp_2/fa3_native_fifo/comm_sm_12/case_000073_dcp2_hkv4_eager.json

================================================================================
Mega comm_sm=12, case 75/100: case_000074_dcp2_hkv4: B=16, Sq=[16, 16, 16, 16, 16, 16, 16, 16, 16, 16, 16, 16, 16, 16, 16, 4096], Sk=[23650, 1827, 2457, 6991, 2079, 19294, 3809, 18426, 15328, 9619, 4166, 33139, 1290, 42721, 8187, 37376], DCP=2, Hkv=4
================================================================================
Config: world_size=8, methods=['dcp_mega_varlen'], QH=32, KVH=4, D=128, TP=8, DCP=2, workload=chunk, execution=eager, baseline_phase_timing=False, warmup=40, iters=60, check=False
Workload: B=16, q_tokens=4336, history_tokens=230359, q_seqlens=[16, 16, 16, 16, 16, 16, 16, 16, 16, 16, 16, 16, 16, 16, 16, 4096], history_seqlens=[23650, 1827, 2457, 6991, 2079, 19294, 3809, 18426, 15328, 9619, 4166, 33139, 1290, 42721, 8187, 37376]
Agg TFLOPS uses useful attention work across all TP ranks and p50(max_across_ranks); Avg/GPU divides it by world_size.
KV GB/s/GPU is average logical BF16 K+V bytes read per TP rank divided by p50(max_across_ranks); it is not hardware-counter HBM traffic.

Running B=16, q_tokens=4336, history_tokens=230359, causal=True

B=16, q_tokens=4336, history_tokens=230359, QH=32, KVH=4, D=128, TP=8, DCP=2, mode=causal
Method                   Time ms                                                                                                                                     Agg TFLOPS    Avg/GPU  KV GB/s/GPU      Check  Note
dcp_mega_varlen          t0=0.700, t1=0.686, t2=0.702, t3=0.691, t4=0.681, t5=0.723, t6=0.693, t7=0.690 | p50(max_across_ranks)=0.724, p90(max_across_ranks)=0.734       3725.3      465.7         84.5       skip  eager; output=bf16_ipc_a2a; runner_preallocated; timing=mega_kernel_only

Mega %globaltimer phase timestamps (per-iteration maximum across benchmark ranks, then p50/p90 across samples; us)
Method                   Phase                                                             p50        p90
dcp_mega_varlen          kernel_start                                                    0.000      0.000
dcp_mega_varlen          q_allgather_done                                               30.560     31.437
dcp_mega_varlen          attention_done                                                662.176    663.424
dcp_mega_varlen          history_combine_done                                          676.832    678.566
dcp_mega_varlen          publish_done                                                  676.832    678.566
dcp_mega_varlen          receive_done                                                  709.120    719.341
dcp_mega_varlen          final_combine_done                                            717.152    727.152
dcp_mega_varlen          kernel_done                                                   717.440    727.389
dcp_mega_varlen          post_completion/q_done_to_publish_done                        649.968    651.658
dcp_mega_varlen          post_completion/publish_done_to_receive_done                   39.776     51.411
dcp_mega_varlen          post_completion/attention_done_to_history_combine_done         17.168     18.083
dcp_mega_varlen          post_completion/history_combine_done_to_final_combine_done     47.808     59.363
Wrote benchmark JSON to benchmark_logs/experiment_suite/dcp-suite/01_dcp_wave-b-timestamps-20260814-132129/results/arrival_2/dcp_2/fa3_native_fifo/comm_sm_12/case_000074_dcp2_hkv4_eager.json

================================================================================
Mega comm_sm=12, case 76/100: case_000075_dcp2_hkv4: B=19, Sq=[16, 16, 16, 16, 16, 16, 16, 16, 16, 16, 16, 16, 16, 16, 16, 16, 16, 16, 672], Sk=[14791, 4808, 9741, 24282, 16013, 1227, 5674, 30087, 3169, 9297, 18368, 16640, 2784, 42861, 17056, 1754, 979, 5514, 1536], DCP=2, Hkv=4
================================================================================
Config: world_size=8, methods=['dcp_mega_varlen'], QH=32, KVH=4, D=128, TP=8, DCP=2, workload=chunk, execution=eager, baseline_phase_timing=False, warmup=40, iters=60, check=False
Workload: B=19, q_tokens=960, history_tokens=226581, q_seqlens=[16, 16, 16, 16, 16, 16, 16, 16, 16, 16, 16, 16, 16, 16, 16, 16, 16, 16, 672], history_seqlens=[14791, 4808, 9741, 24282, 16013, 1227, 5674, 30087, 3169, 9297, 18368, 16640, 2784, 42861, 17056, 1754, 979, 5514, 1536]
Agg TFLOPS uses useful attention work across all TP ranks and p50(max_across_ranks); Avg/GPU divides it by world_size.
KV GB/s/GPU is average logical BF16 K+V bytes read per TP rank divided by p50(max_across_ranks); it is not hardware-counter HBM traffic.

Running B=19, q_tokens=960, history_tokens=226581, causal=True

B=19, q_tokens=960, history_tokens=226581, QH=32, KVH=4, D=128, TP=8, DCP=2, mode=causal
Method                   Time ms                                                                                                                                     Agg TFLOPS    Avg/GPU  KV GB/s/GPU      Check  Note
dcp_mega_varlen          t0=0.111, t1=0.113, t2=0.114, t3=0.109, t4=0.105, t5=0.147, t6=0.109, t7=0.113 | p50(max_across_ranks)=0.147, p90(max_across_ranks)=0.154        542.1       67.8        398.1       skip  eager; output=bf16_ipc_a2a; runner_preallocated; timing=mega_kernel_only

Mega %globaltimer phase timestamps (per-iteration maximum across benchmark ranks, then p50/p90 across samples; us)
Method                   Phase                                                             p50        p90
dcp_mega_varlen          kernel_start                                                    0.000      0.000
dcp_mega_varlen          q_allgather_done                                                9.024      9.318
dcp_mega_varlen          attention_done                                                 90.528     90.982
dcp_mega_varlen          history_combine_done                                           97.248     97.738
dcp_mega_varlen          publish_done                                                   97.248     97.738
dcp_mega_varlen          receive_done                                                  136.736    144.403
dcp_mega_varlen          final_combine_done                                            140.448    148.166
dcp_mega_varlen          kernel_done                                                   140.720    148.426
dcp_mega_varlen          post_completion/q_done_to_publish_done                         89.120     89.744
dcp_mega_varlen          post_completion/publish_done_to_receive_done                   40.704     47.165
dcp_mega_varlen          post_completion/attention_done_to_history_combine_done          7.040      7.238
dcp_mega_varlen          post_completion/history_combine_done_to_final_combine_done     44.336     50.979
Wrote benchmark JSON to benchmark_logs/experiment_suite/dcp-suite/01_dcp_wave-b-timestamps-20260814-132129/results/arrival_2/dcp_2/fa3_native_fifo/comm_sm_12/case_000075_dcp2_hkv4_eager.json

================================================================================
Mega comm_sm=12, case 77/100: case_000076_dcp2_hkv4: B=22, Sq=[16, 16, 16, 16, 16, 16, 16, 16, 16, 16, 16, 16, 16, 16, 16, 16, 16, 16, 16, 16, 16, 4032], Sk=[62170, 17553, 3683, 14787, 11813, 68229, 3858, 1657, 10888, 1164, 5344, 1186, 1203, 2329, 22158, 15255, 4513, 1286, 8350, 15441, 970, 8704], DCP=2, Hkv=4
================================================================================
Config: world_size=8, methods=['dcp_mega_varlen'], QH=32, KVH=4, D=128, TP=8, DCP=2, workload=chunk, execution=eager, baseline_phase_timing=False, warmup=40, iters=60, check=False
Workload: B=22, q_tokens=4368, history_tokens=282541, q_seqlens=[16, 16, 16, 16, 16, 16, 16, 16, 16, 16, 16, 16, 16, 16, 16, 16, 16, 16, 16, 16, 16, 4032], history_seqlens=[62170, 17553, 3683, 14787, 11813, 68229, 3858, 1657, 10888, 1164, 5344, 1186, 1203, 2329, 22158, 15255, 4513, 1286, 8350, 15441, 970, 8704]
Agg TFLOPS uses useful attention work across all TP ranks and p50(max_across_ranks); Avg/GPU divides it by world_size.
KV GB/s/GPU is average logical BF16 K+V bytes read per TP rank divided by p50(max_across_ranks); it is not hardware-counter HBM traffic.

Running B=22, q_tokens=4368, history_tokens=282541, causal=True

B=22, q_tokens=4368, history_tokens=282541, QH=32, KVH=4, D=128, TP=8, DCP=2, mode=causal
Method                   Time ms                                                                                                                                     Agg TFLOPS    Avg/GPU  KV GB/s/GPU      Check  Note
dcp_mega_varlen          t0=0.435, t1=0.429, t2=0.430, t3=0.431, t4=0.430, t5=0.428, t6=0.430, t7=0.428 | p50(max_across_ranks)=0.435, p90(max_across_ranks)=0.446       1792.1      224.0        171.3       skip  eager; output=bf16_ipc_a2a; runner_preallocated; timing=mega_kernel_only

Mega %globaltimer phase timestamps (per-iteration maximum across benchmark ranks, then p50/p90 across samples; us)
Method                   Phase                                                             p50        p90
dcp_mega_varlen          kernel_start                                                    0.000      0.000
dcp_mega_varlen          q_allgather_done                                               29.088     30.253
dcp_mega_varlen          attention_done                                                401.280    402.352
dcp_mega_varlen          history_combine_done                                          412.800    414.125
dcp_mega_varlen          publish_done                                                  412.800    414.125
dcp_mega_varlen          receive_done                                                  420.208    431.082
dcp_mega_varlen          final_combine_done                                            427.936    439.069
dcp_mega_varlen          kernel_done                                                   428.224    439.296
dcp_mega_varlen          post_completion/q_done_to_publish_done                        385.504    387.126
dcp_mega_varlen          post_completion/publish_done_to_receive_done                   11.040     19.984
dcp_mega_varlen          post_completion/attention_done_to_history_combine_done         12.416     12.707
dcp_mega_varlen          post_completion/history_combine_done_to_final_combine_done     18.960     27.718
Wrote benchmark JSON to benchmark_logs/experiment_suite/dcp-suite/01_dcp_wave-b-timestamps-20260814-132129/results/arrival_2/dcp_2/fa3_native_fifo/comm_sm_12/case_000076_dcp2_hkv4_eager.json

================================================================================
Mega comm_sm=12, case 78/100: case_000077_dcp2_hkv4: B=15, Sq=[16, 16, 16, 16, 16, 16, 16, 16, 16, 16, 16, 16, 16, 16, 16], Sk=[109581, 3966, 7594, 1999, 4548, 1482, 2543, 19913, 20781, 2511, 1101, 5854, 1041, 2087, 14273], DCP=2, Hkv=4
================================================================================
Config: world_size=8, methods=['dcp_mega_varlen'], QH=32, KVH=4, D=128, TP=8, DCP=2, workload=chunk, execution=eager, baseline_phase_timing=False, warmup=40, iters=60, check=False
Workload: B=15, q_tokens=240, history_tokens=199274, q_seqlens=[16, 16, 16, 16, 16, 16, 16, 16, 16, 16, 16, 16, 16, 16, 16], history_seqlens=[109581, 3966, 7594, 1999, 4548, 1482, 2543, 19913, 20781, 2511, 1101, 5854, 1041, 2087, 14273]
Agg TFLOPS uses useful attention work across all TP ranks and p50(max_across_ranks); Avg/GPU divides it by world_size.
KV GB/s/GPU is average logical BF16 K+V bytes read per TP rank divided by p50(max_across_ranks); it is not hardware-counter HBM traffic.

Running B=15, q_tokens=240, history_tokens=199274, causal=True

B=15, q_tokens=240, history_tokens=199274, QH=32, KVH=4, D=128, TP=8, DCP=2, mode=causal
Method                   Time ms                                                                                                                                     Agg TFLOPS    Avg/GPU  KV GB/s/GPU      Check  Note
dcp_mega_varlen          t0=0.091, t1=0.084, t2=0.089, t3=0.086, t4=0.085, t5=0.089, t6=0.080, t7=0.093 | p50(max_across_ranks)=0.094, p90(max_across_ranks)=0.119        557.3       69.7        545.2       skip  eager; output=bf16_ipc_a2a; runner_preallocated; timing=mega_kernel_only

Mega %globaltimer phase timestamps (per-iteration maximum across benchmark ranks, then p50/p90 across samples; us)
Method                   Phase                                                             p50        p90
dcp_mega_varlen          kernel_start                                                    0.000      0.000
dcp_mega_varlen          q_allgather_done                                                4.672      6.938
dcp_mega_varlen          attention_done                                                 36.160     36.608
dcp_mega_varlen          history_combine_done                                           73.088     74.227
dcp_mega_varlen          publish_done                                                   73.088     74.227
dcp_mega_varlen          receive_done                                                   83.712    108.394
dcp_mega_varlen          final_combine_done                                             86.848    111.696
dcp_mega_varlen          kernel_done                                                    87.088    111.930
dcp_mega_varlen          post_completion/q_done_to_publish_done                         68.672     69.402
dcp_mega_varlen          post_completion/publish_done_to_receive_done                   12.480     35.878
dcp_mega_varlen          post_completion/attention_done_to_history_combine_done         38.496     39.459
dcp_mega_varlen          post_completion/history_combine_done_to_final_combine_done     15.712     39.181
Wrote benchmark JSON to benchmark_logs/experiment_suite/dcp-suite/01_dcp_wave-b-timestamps-20260814-132129/results/arrival_2/dcp_2/fa3_native_fifo/comm_sm_12/case_000077_dcp2_hkv4_eager.json

================================================================================
Mega comm_sm=12, case 79/100: case_000078_dcp2_hkv4: B=21, Sq=[16, 16, 16, 16, 16, 16, 16, 16, 16, 16, 16, 16, 16, 16, 16, 16, 16, 16, 16, 16, 4096], Sk=[3007, 2175, 4505, 3098, 1290, 9030, 1924, 19654, 7779, 2477, 12867, 1060, 18624, 4004, 1012, 10201, 11674, 18939, 35885, 52400, 20992], DCP=2, Hkv=4
================================================================================
Config: world_size=8, methods=['dcp_mega_varlen'], QH=32, KVH=4, D=128, TP=8, DCP=2, workload=chunk, execution=eager, baseline_phase_timing=False, warmup=40, iters=60, check=False
Workload: B=21, q_tokens=4416, history_tokens=242597, q_seqlens=[16, 16, 16, 16, 16, 16, 16, 16, 16, 16, 16, 16, 16, 16, 16, 16, 16, 16, 16, 16, 4096], history_seqlens=[3007, 2175, 4505, 3098, 1290, 9030, 1924, 19654, 7779, 2477, 12867, 1060, 18624, 4004, 1012, 10201, 11674, 18939, 35885, 52400, 20992]
Agg TFLOPS uses useful attention work across all TP ranks and p50(max_across_ranks); Avg/GPU divides it by world_size.
KV GB/s/GPU is average logical BF16 K+V bytes read per TP rank divided by p50(max_across_ranks); it is not hardware-counter HBM traffic.

Running B=21, q_tokens=4416, history_tokens=242597, causal=True

B=21, q_tokens=4416, history_tokens=242597, QH=32, KVH=4, D=128, TP=8, DCP=2, mode=causal
Method                   Time ms                                                                                                                                     Agg TFLOPS    Avg/GPU  KV GB/s/GPU      Check  Note
dcp_mega_varlen          t0=0.432, t1=0.428, t2=0.432, t3=0.428, t4=0.427, t5=0.427, t6=0.428, t7=0.427 | p50(max_across_ranks)=0.433, p90(max_across_ranks)=0.436       3705.0      463.1        148.6       skip  eager; output=bf16_ipc_a2a; runner_preallocated; timing=mega_kernel_only

Mega %globaltimer phase timestamps (per-iteration maximum across benchmark ranks, then p50/p90 across samples; us)
Method                   Phase                                                             p50        p90
dcp_mega_varlen          kernel_start                                                    0.000      0.000
dcp_mega_varlen          q_allgather_done                                               29.008     30.051
dcp_mega_varlen          attention_done                                                393.184    393.760
dcp_mega_varlen          history_combine_done                                          408.928    409.894
dcp_mega_varlen          publish_done                                                  408.928    409.894
dcp_mega_varlen          receive_done                                                  417.984    420.566
dcp_mega_varlen          final_combine_done                                            425.856    428.016
dcp_mega_varlen          kernel_done                                                   426.144    428.269
dcp_mega_varlen          post_completion/q_done_to_publish_done                        381.808    383.174
dcp_mega_varlen          post_completion/publish_done_to_receive_done                   12.080     14.339
dcp_mega_varlen          post_completion/attention_done_to_history_combine_done         16.912     17.664
dcp_mega_varlen          post_completion/history_combine_done_to_final_combine_done     19.744     21.994
Wrote benchmark JSON to benchmark_logs/experiment_suite/dcp-suite/01_dcp_wave-b-timestamps-20260814-132129/results/arrival_2/dcp_2/fa3_native_fifo/comm_sm_12/case_000078_dcp2_hkv4_eager.json

================================================================================
Mega comm_sm=12, case 80/100: case_000079_dcp2_hkv4: B=25, Sq=[16, 16, 16, 16, 16, 16, 16, 16, 16, 16, 16, 16, 16, 16, 16, 16, 16, 16, 16, 16, 16, 16, 16, 16, 16], Sk=[2452, 9370, 53409, 4459, 1523, 1499, 13026, 25563, 22559, 7294, 4633, 27596, 2923, 7373, 10329, 5432, 1103, 7076, 13702, 2352, 2866, 1068, 7733, 61826, 15488], DCP=2, Hkv=4
================================================================================
Config: world_size=8, methods=['dcp_mega_varlen'], QH=32, KVH=4, D=128, TP=8, DCP=2, workload=chunk, execution=eager, baseline_phase_timing=False, warmup=40, iters=60, check=False
Workload: B=25, q_tokens=400, history_tokens=312654, q_seqlens=[16, 16, 16, 16, 16, 16, 16, 16, 16, 16, 16, 16, 16, 16, 16, 16, 16, 16, 16, 16, 16, 16, 16, 16, 16], history_seqlens=[2452, 9370, 53409, 4459, 1523, 1499, 13026, 25563, 22559, 7294, 4633, 27596, 2923, 7373, 10329, 5432, 1103, 7076, 13702, 2352, 2866, 1068, 7733, 61826, 15488]
Agg TFLOPS uses useful attention work across all TP ranks and p50(max_across_ranks); Avg/GPU divides it by world_size.
KV GB/s/GPU is average logical BF16 K+V bytes read per TP rank divided by p50(max_across_ranks); it is not hardware-counter HBM traffic.

Running B=25, q_tokens=400, history_tokens=312654, causal=True

B=25, q_tokens=400, history_tokens=312654, QH=32, KVH=4, D=128, TP=8, DCP=2, mode=causal
Method                   Time ms                                                                                                                                     Agg TFLOPS    Avg/GPU  KV GB/s/GPU      Check  Note
dcp_mega_varlen          t0=0.088, t1=0.086, t2=0.089, t3=0.086, t4=0.086, t5=0.088, t6=0.087, t7=0.088 | p50(max_across_ranks)=0.091, p90(max_across_ranks)=0.092        904.2      113.0        884.7       skip  eager; output=bf16_ipc_a2a; runner_preallocated; timing=mega_kernel_only

Mega %globaltimer phase timestamps (per-iteration maximum across benchmark ranks, then p50/p90 across samples; us)
Method                   Phase                                                             p50        p90
dcp_mega_varlen          kernel_start                                                    0.000      0.000
dcp_mega_varlen          q_allgather_done                                                4.800      4.928
dcp_mega_varlen          attention_done                                                 54.432     55.363
dcp_mega_varlen          history_combine_done                                           74.608     76.707
dcp_mega_varlen          publish_done                                                   74.608     76.707
dcp_mega_varlen          receive_done                                                   80.288     82.083
dcp_mega_varlen          final_combine_done                                             83.984     85.453
dcp_mega_varlen          kernel_done                                                    84.272     85.792
dcp_mega_varlen          post_completion/q_done_to_publish_done                         70.128     72.176
dcp_mega_varlen          post_completion/publish_done_to_receive_done                    8.800     10.813
dcp_mega_varlen          post_completion/attention_done_to_history_combine_done         22.448     24.522
dcp_mega_varlen          post_completion/history_combine_done_to_final_combine_done     12.384     14.256
Wrote benchmark JSON to benchmark_logs/experiment_suite/dcp-suite/01_dcp_wave-b-timestamps-20260814-132129/results/arrival_2/dcp_2/fa3_native_fifo/comm_sm_12/case_000079_dcp2_hkv4_eager.json

================================================================================
Mega comm_sm=12, case 81/100: case_000080_dcp2_hkv4: B=17, Sq=[16, 16, 16, 16, 16, 16, 16, 16, 16, 16, 16, 16, 16, 16, 16, 16, 16], Sk=[16558, 7109, 15826, 7244, 5342, 11002, 1087, 1209, 18977, 15676, 14395, 2177, 5571, 4287, 56495, 1533, 4131], DCP=2, Hkv=4
================================================================================
Config: world_size=8, methods=['dcp_mega_varlen'], QH=32, KVH=4, D=128, TP=8, DCP=2, workload=chunk, execution=eager, baseline_phase_timing=False, warmup=40, iters=60, check=False
Workload: B=17, q_tokens=272, history_tokens=188619, q_seqlens=[16, 16, 16, 16, 16, 16, 16, 16, 16, 16, 16, 16, 16, 16, 16, 16, 16], history_seqlens=[16558, 7109, 15826, 7244, 5342, 11002, 1087, 1209, 18977, 15676, 14395, 2177, 5571, 4287, 56495, 1533, 4131]
Agg TFLOPS uses useful attention work across all TP ranks and p50(max_across_ranks); Avg/GPU divides it by world_size.
KV GB/s/GPU is average logical BF16 K+V bytes read per TP rank divided by p50(max_across_ranks); it is not hardware-counter HBM traffic.

Running B=17, q_tokens=272, history_tokens=188619, causal=True

B=17, q_tokens=272, history_tokens=188619, QH=32, KVH=4, D=128, TP=8, DCP=2, mode=causal
Method                   Time ms                                                                                                                                     Agg TFLOPS    Avg/GPU  KV GB/s/GPU      Check  Note
dcp_mega_varlen          t0=0.079, t1=0.075, t2=0.078, t3=0.073, t4=0.076, t5=0.075, t6=0.076, t7=0.076 | p50(max_across_ranks)=0.079, p90(max_across_ranks)=0.081        626.3       78.3        612.9       skip  eager; output=bf16_ipc_a2a; runner_preallocated; timing=mega_kernel_only

Mega %globaltimer phase timestamps (per-iteration maximum across benchmark ranks, then p50/p90 across samples; us)
Method                   Phase                                                             p50        p90
dcp_mega_varlen          kernel_start                                                    0.000      0.000
dcp_mega_varlen          q_allgather_done                                                4.608      4.704
dcp_mega_varlen          attention_done                                                 34.080     34.627
dcp_mega_varlen          history_combine_done                                           63.120     64.096
dcp_mega_varlen          publish_done                                                   63.120     64.096
dcp_mega_varlen          receive_done                                                   68.608     70.451
dcp_mega_varlen          final_combine_done                                             72.144     73.830
dcp_mega_varlen          kernel_done                                                    72.368     74.141
dcp_mega_varlen          post_completion/q_done_to_publish_done                         58.736     59.779
dcp_mega_varlen          post_completion/publish_done_to_receive_done                    8.256      9.776
dcp_mega_varlen          post_completion/attention_done_to_history_combine_done         30.112     30.886
dcp_mega_varlen          post_completion/history_combine_done_to_final_combine_done     11.808     13.328
Wrote benchmark JSON to benchmark_logs/experiment_suite/dcp-suite/01_dcp_wave-b-timestamps-20260814-132129/results/arrival_2/dcp_2/fa3_native_fifo/comm_sm_12/case_000080_dcp2_hkv4_eager.json

================================================================================
Mega comm_sm=12, case 82/100: case_000081_dcp2_hkv4: B=14, Sq=[16, 16, 16, 16, 16, 16, 16, 16, 16, 16, 16, 16, 16, 4096], Sk=[51646, 6109, 1962, 4983, 27175, 3872, 8073, 19526, 1026, 1036, 1014, 3252, 42080, 78336], DCP=2, Hkv=4
================================================================================
Config: world_size=8, methods=['dcp_mega_varlen'], QH=32, KVH=4, D=128, TP=8, DCP=2, workload=chunk, execution=eager, baseline_phase_timing=False, warmup=40, iters=60, check=False
Workload: B=14, q_tokens=4304, history_tokens=250090, q_seqlens=[16, 16, 16, 16, 16, 16, 16, 16, 16, 16, 16, 16, 16, 4096], history_seqlens=[51646, 6109, 1962, 4983, 27175, 3872, 8073, 19526, 1026, 1036, 1014, 3252, 42080, 78336]
Agg TFLOPS uses useful attention work across all TP ranks and p50(max_across_ranks); Avg/GPU divides it by world_size.
KV GB/s/GPU is average logical BF16 K+V bytes read per TP rank divided by p50(max_across_ranks); it is not hardware-counter HBM traffic.

Running B=14, q_tokens=4304, history_tokens=250090, causal=True

B=14, q_tokens=4304, history_tokens=250090, QH=32, KVH=4, D=128, TP=8, DCP=2, mode=causal
Method                   Time ms                                                                                                                                     Agg TFLOPS    Avg/GPU  KV GB/s/GPU      Check  Note
dcp_mega_varlen          t0=1.385, t1=1.371, t2=1.386, t3=1.377, t4=1.368, t5=1.364, t6=1.386, t7=1.376 | p50(max_across_ranks)=1.389, p90(max_across_ranks)=1.394       3916.5      489.6         47.7       skip  eager; output=bf16_ipc_a2a; runner_preallocated; timing=mega_kernel_only

Mega %globaltimer phase timestamps (per-iteration maximum across benchmark ranks, then p50/p90 across samples; us)
Method                   Phase                                                             p50        p90
dcp_mega_varlen          kernel_start                                                    0.000      0.000
dcp_mega_varlen          q_allgather_done                                               30.080     30.851
dcp_mega_varlen          attention_done                                               1351.728   1355.978
dcp_mega_varlen          history_combine_done                                         1366.960   1371.098
dcp_mega_varlen          publish_done                                                 1366.960   1371.098
dcp_mega_varlen          receive_done                                                 1373.744   1379.171
dcp_mega_varlen          final_combine_done                                           1381.632   1387.254
dcp_mega_varlen          kernel_done                                                  1381.936   1387.600
dcp_mega_varlen          post_completion/q_done_to_publish_done                       1339.104   1344.534
dcp_mega_varlen          post_completion/publish_done_to_receive_done                   33.328     40.422
dcp_mega_varlen          post_completion/attention_done_to_history_combine_done         16.640     17.606
dcp_mega_varlen          post_completion/history_combine_done_to_final_combine_done     41.184     48.768
Wrote benchmark JSON to benchmark_logs/experiment_suite/dcp-suite/01_dcp_wave-b-timestamps-20260814-132129/results/arrival_2/dcp_2/fa3_native_fifo/comm_sm_12/case_000081_dcp2_hkv4_eager.json

================================================================================
Mega comm_sm=12, case 83/100: case_000082_dcp2_hkv4: B=21, Sq=[16, 16, 16, 16, 16, 16, 16, 16, 16, 16, 16, 16, 16, 16, 16, 16, 16, 16, 16, 16, 16], Sk=[40570, 23141, 10050, 1300, 4137, 1266, 1262, 13730, 13268, 9661, 7081, 19964, 12002, 8850, 4455, 8096, 11154, 9508, 2408, 9251, 1394], DCP=2, Hkv=4
================================================================================
Config: world_size=8, methods=['dcp_mega_varlen'], QH=32, KVH=4, D=128, TP=8, DCP=2, workload=chunk, execution=eager, baseline_phase_timing=False, warmup=40, iters=60, check=False
Workload: B=21, q_tokens=336, history_tokens=212548, q_seqlens=[16, 16, 16, 16, 16, 16, 16, 16, 16, 16, 16, 16, 16, 16, 16, 16, 16, 16, 16, 16, 16], history_seqlens=[40570, 23141, 10050, 1300, 4137, 1266, 1262, 13730, 13268, 9661, 7081, 19964, 12002, 8850, 4455, 8096, 11154, 9508, 2408, 9251, 1394]
Agg TFLOPS uses useful attention work across all TP ranks and p50(max_across_ranks); Avg/GPU divides it by world_size.
KV GB/s/GPU is average logical BF16 K+V bytes read per TP rank divided by p50(max_across_ranks); it is not hardware-counter HBM traffic.

Running B=21, q_tokens=336, history_tokens=212548, causal=True

B=21, q_tokens=336, history_tokens=212548, QH=32, KVH=4, D=128, TP=8, DCP=2, mode=causal
Method                   Time ms                                                                                                                                     Agg TFLOPS    Avg/GPU  KV GB/s/GPU      Check  Note
dcp_mega_varlen          t0=0.076, t1=0.073, t2=0.075, t3=0.073, t4=0.072, t5=0.074, t6=0.072, t7=0.075 | p50(max_across_ranks)=0.077, p90(max_across_ranks)=0.079        727.5       90.9        712.1       skip  eager; output=bf16_ipc_a2a; runner_preallocated; timing=mega_kernel_only

Mega %globaltimer phase timestamps (per-iteration maximum across benchmark ranks, then p50/p90 across samples; us)
Method                   Phase                                                             p50        p90
dcp_mega_varlen          kernel_start                                                    0.000      0.000
dcp_mega_varlen          q_allgather_done                                                4.672      4.771
dcp_mega_varlen          attention_done                                                 38.048     38.947
dcp_mega_varlen          history_combine_done                                           60.352     60.896
dcp_mega_varlen          publish_done                                                   60.352     60.896
dcp_mega_varlen          receive_done                                                   66.272     68.842
dcp_mega_varlen          final_combine_done                                             69.824     72.323
dcp_mega_varlen          kernel_done                                                    70.080     72.582
dcp_mega_varlen          post_completion/q_done_to_publish_done                         55.840     56.419
dcp_mega_varlen          post_completion/publish_done_to_receive_done                    7.536     10.022
dcp_mega_varlen          post_completion/attention_done_to_history_combine_done         24.672     25.475
dcp_mega_varlen          post_completion/history_combine_done_to_final_combine_done     11.056     13.360
Wrote benchmark JSON to benchmark_logs/experiment_suite/dcp-suite/01_dcp_wave-b-timestamps-20260814-132129/results/arrival_2/dcp_2/fa3_native_fifo/comm_sm_12/case_000082_dcp2_hkv4_eager.json

================================================================================
Mega comm_sm=12, case 84/100: case_000083_dcp2_hkv4: B=16, Sq=[16, 16, 16, 16, 16, 16, 16, 16, 16, 16, 16, 16, 16, 16, 16, 16], Sk=[2109, 4973, 3723, 1221, 9612, 7255, 6595, 12493, 23346, 41867, 30007, 1032, 14909, 1038, 12769, 1588], DCP=2, Hkv=4
================================================================================
Config: world_size=8, methods=['dcp_mega_varlen'], QH=32, KVH=4, D=128, TP=8, DCP=2, workload=chunk, execution=eager, baseline_phase_timing=False, warmup=40, iters=60, check=False
Workload: B=16, q_tokens=256, history_tokens=174537, q_seqlens=[16, 16, 16, 16, 16, 16, 16, 16, 16, 16, 16, 16, 16, 16, 16, 16], history_seqlens=[2109, 4973, 3723, 1221, 9612, 7255, 6595, 12493, 23346, 41867, 30007, 1032, 14909, 1038, 12769, 1588]
Agg TFLOPS uses useful attention work across all TP ranks and p50(max_across_ranks); Avg/GPU divides it by world_size.
KV GB/s/GPU is average logical BF16 K+V bytes read per TP rank divided by p50(max_across_ranks); it is not hardware-counter HBM traffic.

Running B=16, q_tokens=256, history_tokens=174537, causal=True

B=16, q_tokens=256, history_tokens=174537, QH=32, KVH=4, D=128, TP=8, DCP=2, mode=causal
Method                   Time ms                                                                                                                                     Agg TFLOPS    Avg/GPU  KV GB/s/GPU      Check  Note
dcp_mega_varlen          t0=0.070, t1=0.067, t2=0.071, t3=0.067, t4=0.067, t5=0.069, t6=0.067, t7=0.069 | p50(max_across_ranks)=0.071, p90(max_across_ranks)=0.076        641.8       80.2        628.1       skip  eager; output=bf16_ipc_a2a; runner_preallocated; timing=mega_kernel_only

Mega %globaltimer phase timestamps (per-iteration maximum across benchmark ranks, then p50/p90 across samples; us)
Method                   Phase                                                             p50        p90
dcp_mega_varlen          kernel_start                                                    0.000      0.000
dcp_mega_varlen          q_allgather_done                                                4.640      4.768
dcp_mega_varlen          attention_done                                                 34.752     36.394
dcp_mega_varlen          history_combine_done                                           55.024     55.811
dcp_mega_varlen          publish_done                                                   55.024     55.811
dcp_mega_varlen          receive_done                                                   61.232     64.998
dcp_mega_varlen          final_combine_done                                             64.352     68.720
dcp_mega_varlen          kernel_done                                                    64.592     68.925
dcp_mega_varlen          post_completion/q_done_to_publish_done                         50.592     51.488
dcp_mega_varlen          post_completion/publish_done_to_receive_done                    8.048     11.398
dcp_mega_varlen          post_completion/attention_done_to_history_combine_done         22.048     22.669
dcp_mega_varlen          post_completion/history_combine_done_to_final_combine_done     11.312     15.120
Wrote benchmark JSON to benchmark_logs/experiment_suite/dcp-suite/01_dcp_wave-b-timestamps-20260814-132129/results/arrival_2/dcp_2/fa3_native_fifo/comm_sm_12/case_000083_dcp2_hkv4_eager.json

================================================================================
Mega comm_sm=12, case 85/100: case_000084_dcp2_hkv4: B=19, Sq=[16, 16, 16, 16, 16, 16, 16, 16, 16, 16, 16, 16, 16, 16, 16, 16, 16, 16, 4096], Sk=[14081, 11149, 4757, 7723, 1884, 3356, 2659, 4234, 6030, 7572, 1104, 18542, 2641, 10593, 7199, 79063, 4771, 1295, 12800], DCP=2, Hkv=4
================================================================================
Config: world_size=8, methods=['dcp_mega_varlen'], QH=32, KVH=4, D=128, TP=8, DCP=2, workload=chunk, execution=eager, baseline_phase_timing=False, warmup=40, iters=60, check=False
Workload: B=19, q_tokens=4384, history_tokens=201453, q_seqlens=[16, 16, 16, 16, 16, 16, 16, 16, 16, 16, 16, 16, 16, 16, 16, 16, 16, 16, 4096], history_seqlens=[14081, 11149, 4757, 7723, 1884, 3356, 2659, 4234, 6030, 7572, 1104, 18542, 2641, 10593, 7199, 79063, 4771, 1295, 12800]
Agg TFLOPS uses useful attention work across all TP ranks and p50(max_across_ranks); Avg/GPU divides it by world_size.
KV GB/s/GPU is average logical BF16 K+V bytes read per TP rank divided by p50(max_across_ranks); it is not hardware-counter HBM traffic.

Running B=19, q_tokens=4384, history_tokens=201453, causal=True

B=19, q_tokens=4384, history_tokens=201453, QH=32, KVH=4, D=128, TP=8, DCP=2, mode=causal
Method                   Time ms                                                                                                                                     Agg TFLOPS    Avg/GPU  KV GB/s/GPU      Check  Note
dcp_mega_varlen          t0=0.500, t1=0.498, t2=0.505, t3=0.497, t4=0.493, t5=0.495, t6=0.492, t7=0.496 | p50(max_across_ranks)=0.505, p90(max_across_ranks)=0.511       2069.7      258.7        106.5       skip  eager; output=bf16_ipc_a2a; runner_preallocated; timing=mega_kernel_only

Mega %globaltimer phase timestamps (per-iteration maximum across benchmark ranks, then p50/p90 across samples; us)
Method                   Phase                                                             p50        p90
dcp_mega_varlen          kernel_start                                                    0.000      0.000
dcp_mega_varlen          q_allgather_done                                               28.128     29.472
dcp_mega_varlen          attention_done                                                471.696    474.307
dcp_mega_varlen          history_combine_done                                          482.768    485.184
dcp_mega_varlen          publish_done                                                  482.768    485.184
dcp_mega_varlen          receive_done                                                  490.512    496.653
dcp_mega_varlen          final_combine_done                                            498.288    504.173
dcp_mega_varlen          kernel_done                                                   498.592    504.397
dcp_mega_varlen          post_completion/q_done_to_publish_done                        455.728    457.638
dcp_mega_varlen          post_completion/publish_done_to_receive_done                   12.672     16.973
dcp_mega_varlen          post_completion/attention_done_to_history_combine_done         12.288     12.707
dcp_mega_varlen          post_completion/history_combine_done_to_final_combine_done     20.496     24.890
Wrote benchmark JSON to benchmark_logs/experiment_suite/dcp-suite/01_dcp_wave-b-timestamps-20260814-132129/results/arrival_2/dcp_2/fa3_native_fifo/comm_sm_12/case_000084_dcp2_hkv4_eager.json

================================================================================
Mega comm_sm=12, case 86/100: case_000085_dcp2_hkv4: B=13, Sq=[16, 16, 16, 16, 16, 16, 16, 16, 16, 16, 16, 16, 16], Sk=[6460, 30366, 9283, 74957, 3784, 4162, 17612, 7651, 10151, 17282, 13903, 26647, 4335], DCP=2, Hkv=4
================================================================================
Config: world_size=8, methods=['dcp_mega_varlen'], QH=32, KVH=4, D=128, TP=8, DCP=2, workload=chunk, execution=eager, baseline_phase_timing=False, warmup=40, iters=60, check=False
Workload: B=13, q_tokens=208, history_tokens=226593, q_seqlens=[16, 16, 16, 16, 16, 16, 16, 16, 16, 16, 16, 16, 16], history_seqlens=[6460, 30366, 9283, 74957, 3784, 4162, 17612, 7651, 10151, 17282, 13903, 26647, 4335]
Agg TFLOPS uses useful attention work across all TP ranks and p50(max_across_ranks); Avg/GPU divides it by world_size.
KV GB/s/GPU is average logical BF16 K+V bytes read per TP rank divided by p50(max_across_ranks); it is not hardware-counter HBM traffic.

Running B=13, q_tokens=208, history_tokens=226593, causal=True

B=13, q_tokens=208, history_tokens=226593, QH=32, KVH=4, D=128, TP=8, DCP=2, mode=causal
Method                   Time ms                                                                                                                                     Agg TFLOPS    Avg/GPU  KV GB/s/GPU      Check  Note
dcp_mega_varlen          t0=0.077, t1=0.074, t2=0.078, t3=0.074, t4=0.074, t5=0.076, t6=0.074, t7=0.077 | p50(max_across_ranks)=0.078, p90(max_across_ranks)=0.080        759.1       94.9        742.3       skip  eager; output=bf16_ipc_a2a; runner_preallocated; timing=mega_kernel_only

Mega %globaltimer phase timestamps (per-iteration maximum across benchmark ranks, then p50/p90 across samples; us)
Method                   Phase                                                             p50        p90
dcp_mega_varlen          kernel_start                                                    0.000      0.000
dcp_mega_varlen          q_allgather_done                                                4.608      4.736
dcp_mega_varlen          attention_done                                                 37.760     38.659
dcp_mega_varlen          history_combine_done                                           61.856     62.496
dcp_mega_varlen          publish_done                                                   61.856     62.496
dcp_mega_varlen          receive_done                                                   68.256     70.147
dcp_mega_varlen          final_combine_done                                             71.552     73.475
dcp_mega_varlen          kernel_done                                                    71.776     73.728
dcp_mega_varlen          post_completion/q_done_to_publish_done                         57.472     58.144
dcp_mega_varlen          post_completion/publish_done_to_receive_done                    7.376      9.382
dcp_mega_varlen          post_completion/attention_done_to_history_combine_done         25.328     25.798
dcp_mega_varlen          post_completion/history_combine_done_to_final_combine_done     10.704     12.880
Wrote benchmark JSON to benchmark_logs/experiment_suite/dcp-suite/01_dcp_wave-b-timestamps-20260814-132129/results/arrival_2/dcp_2/fa3_native_fifo/comm_sm_12/case_000085_dcp2_hkv4_eager.json

================================================================================
Mega comm_sm=12, case 87/100: case_000086_dcp2_hkv4: B=15, Sq=[16, 16, 16, 16, 16, 16, 16, 16, 16, 16, 16, 16, 16, 16, 4096], Sk=[75403, 14339, 2863, 25206, 95732, 6934, 7199, 20569, 7323, 4701, 13220, 5941, 1642, 16276, 12800], DCP=2, Hkv=4
================================================================================
Config: world_size=8, methods=['dcp_mega_varlen'], QH=32, KVH=4, D=128, TP=8, DCP=2, workload=chunk, execution=eager, baseline_phase_timing=False, warmup=40, iters=60, check=False
Workload: B=15, q_tokens=4320, history_tokens=310148, q_seqlens=[16, 16, 16, 16, 16, 16, 16, 16, 16, 16, 16, 16, 16, 16, 4096], history_seqlens=[75403, 14339, 2863, 25206, 95732, 6934, 7199, 20569, 7323, 4701, 13220, 5941, 1642, 16276, 12800]
Agg TFLOPS uses useful attention work across all TP ranks and p50(max_across_ranks); Avg/GPU divides it by world_size.
KV GB/s/GPU is average logical BF16 K+V bytes read per TP rank divided by p50(max_across_ranks); it is not hardware-counter HBM traffic.

Running B=15, q_tokens=4320, history_tokens=310148, causal=True

B=15, q_tokens=4320, history_tokens=310148, QH=32, KVH=4, D=128, TP=8, DCP=2, mode=causal
Method                   Time ms                                                                                                                                     Agg TFLOPS    Avg/GPU  KV GB/s/GPU      Check  Note
dcp_mega_varlen          t0=0.583, t1=0.576, t2=0.584, t3=0.579, t4=0.579, t5=0.583, t6=0.581, t7=0.577 | p50(max_across_ranks)=0.585, p90(max_across_ranks)=0.596       1837.6      229.7        139.6       skip  eager; output=bf16_ipc_a2a; runner_preallocated; timing=mega_kernel_only

Mega %globaltimer phase timestamps (per-iteration maximum across benchmark ranks, then p50/p90 across samples; us)
Method                   Phase                                                             p50        p90
dcp_mega_varlen          kernel_start                                                    0.000      0.000
dcp_mega_varlen          q_allgather_done                                               28.768     30.048
dcp_mega_varlen          attention_done                                                551.056    552.048
dcp_mega_varlen          history_combine_done                                          562.240    563.021
dcp_mega_varlen          publish_done                                                  562.240    563.021
dcp_mega_varlen          receive_done                                                  569.856    581.264
dcp_mega_varlen          final_combine_done                                            577.744    588.931
dcp_mega_varlen          kernel_done                                                   578.000    589.168
dcp_mega_varlen          post_completion/q_done_to_publish_done                        535.296    536.173
dcp_mega_varlen          post_completion/publish_done_to_receive_done                   11.344     20.707
dcp_mega_varlen          post_completion/attention_done_to_history_combine_done         11.872     12.003
dcp_mega_varlen          post_completion/history_combine_done_to_final_combine_done     19.296     28.374
Wrote benchmark JSON to benchmark_logs/experiment_suite/dcp-suite/01_dcp_wave-b-timestamps-20260814-132129/results/arrival_2/dcp_2/fa3_native_fifo/comm_sm_12/case_000086_dcp2_hkv4_eager.json

================================================================================
Mega comm_sm=12, case 88/100: case_000087_dcp2_hkv4: B=21, Sq=[16, 16, 16, 16, 16, 16, 16, 16, 16, 16, 16, 16, 16, 16, 16, 16, 16, 16, 16, 16, 16], Sk=[2788, 5404, 7944, 1980, 5639, 5374, 13430, 12282, 15203, 36831, 8844, 27022, 2392, 16653, 19292, 13111, 34390, 5382, 28132, 4061, 913], DCP=2, Hkv=4
================================================================================
Config: world_size=8, methods=['dcp_mega_varlen'], QH=32, KVH=4, D=128, TP=8, DCP=2, workload=chunk, execution=eager, baseline_phase_timing=False, warmup=40, iters=60, check=False
Workload: B=21, q_tokens=336, history_tokens=267067, q_seqlens=[16, 16, 16, 16, 16, 16, 16, 16, 16, 16, 16, 16, 16, 16, 16, 16, 16, 16, 16, 16, 16], history_seqlens=[2788, 5404, 7944, 1980, 5639, 5374, 13430, 12282, 15203, 36831, 8844, 27022, 2392, 16653, 19292, 13111, 34390, 5382, 28132, 4061, 913]
Agg TFLOPS uses useful attention work across all TP ranks and p50(max_across_ranks); Avg/GPU divides it by world_size.
KV GB/s/GPU is average logical BF16 K+V bytes read per TP rank divided by p50(max_across_ranks); it is not hardware-counter HBM traffic.

Running B=21, q_tokens=336, history_tokens=267067, causal=True

B=21, q_tokens=336, history_tokens=267067, QH=32, KVH=4, D=128, TP=8, DCP=2, mode=causal
Method                   Time ms                                                                                                                                     Agg TFLOPS    Avg/GPU  KV GB/s/GPU      Check  Note
dcp_mega_varlen          t0=0.082, t1=0.079, t2=0.082, t3=0.079, t4=0.080, t5=0.080, t6=0.078, t7=0.081 | p50(max_across_ranks)=0.083, p90(max_across_ranks)=0.084        842.7      105.3        824.4       skip  eager; output=bf16_ipc_a2a; runner_preallocated; timing=mega_kernel_only

Mega %globaltimer phase timestamps (per-iteration maximum across benchmark ranks, then p50/p90 across samples; us)
Method                   Phase                                                             p50        p90
dcp_mega_varlen          kernel_start                                                    0.000      0.000
dcp_mega_varlen          q_allgather_done                                                4.672      4.800
dcp_mega_varlen          attention_done                                                 51.360     51.971
dcp_mega_varlen          history_combine_done                                           66.816     67.680
dcp_mega_varlen          publish_done                                                   66.816     67.680
dcp_mega_varlen          receive_done                                                   72.816     73.510
dcp_mega_varlen          final_combine_done                                             76.336     77.094
dcp_mega_varlen          kernel_done                                                    76.624     77.443
dcp_mega_varlen          post_completion/q_done_to_publish_done                         62.336     63.200
dcp_mega_varlen          post_completion/publish_done_to_receive_done                    8.064      9.370
dcp_mega_varlen          post_completion/attention_done_to_history_combine_done         16.528     17.187
dcp_mega_varlen          post_completion/history_combine_done_to_final_combine_done     11.632     13.056
Wrote benchmark JSON to benchmark_logs/experiment_suite/dcp-suite/01_dcp_wave-b-timestamps-20260814-132129/results/arrival_2/dcp_2/fa3_native_fifo/comm_sm_12/case_000087_dcp2_hkv4_eager.json

================================================================================
Mega comm_sm=12, case 89/100: case_000088_dcp2_hkv4: B=12, Sq=[16, 16, 16, 16, 16, 16, 16, 16, 16, 16, 16, 16], Sk=[2991, 8166, 5595, 2584, 19494, 34599, 5584, 28327, 1089, 37505, 991, 955], DCP=2, Hkv=4
================================================================================
Config: world_size=8, methods=['dcp_mega_varlen'], QH=32, KVH=4, D=128, TP=8, DCP=2, workload=chunk, execution=eager, baseline_phase_timing=False, warmup=40, iters=60, check=False
Workload: B=12, q_tokens=192, history_tokens=147880, q_seqlens=[16, 16, 16, 16, 16, 16, 16, 16, 16, 16, 16, 16], history_seqlens=[2991, 8166, 5595, 2584, 19494, 34599, 5584, 28327, 1089, 37505, 991, 955]
Agg TFLOPS uses useful attention work across all TP ranks and p50(max_across_ranks); Avg/GPU divides it by world_size.
KV GB/s/GPU is average logical BF16 K+V bytes read per TP rank divided by p50(max_across_ranks); it is not hardware-counter HBM traffic.

Running B=12, q_tokens=192, history_tokens=147880, causal=True

B=12, q_tokens=192, history_tokens=147880, QH=32, KVH=4, D=128, TP=8, DCP=2, mode=causal
Method                   Time ms                                                                                                                                     Agg TFLOPS    Avg/GPU  KV GB/s/GPU      Check  Note
dcp_mega_varlen          t0=0.071, t1=0.067, t2=0.071, t3=0.067, t4=0.067, t5=0.069, t6=0.068, t7=0.069 | p50(max_across_ranks)=0.072, p90(max_across_ranks)=0.074        540.1       67.5        528.5       skip  eager; output=bf16_ipc_a2a; runner_preallocated; timing=mega_kernel_only

Mega %globaltimer phase timestamps (per-iteration maximum across benchmark ranks, then p50/p90 across samples; us)
Method                   Phase                                                             p50        p90
dcp_mega_varlen          kernel_start                                                    0.000      0.000
dcp_mega_varlen          q_allgather_done                                                4.640      4.768
dcp_mega_varlen          attention_done                                                 32.016     32.867
dcp_mega_varlen          history_combine_done                                           55.680     56.355
dcp_mega_varlen          publish_done                                                   55.680     56.355
dcp_mega_varlen          receive_done                                                   61.824     63.267
dcp_mega_varlen          final_combine_done                                             65.120     66.502
dcp_mega_varlen          kernel_done                                                    65.408     66.726
dcp_mega_varlen          post_completion/q_done_to_publish_done                         51.312     52.003
dcp_mega_varlen          post_completion/publish_done_to_receive_done                    8.448     10.426
dcp_mega_varlen          post_completion/attention_done_to_history_combine_done         25.680     26.822
dcp_mega_varlen          post_completion/history_combine_done_to_final_combine_done     11.760     13.728
Wrote benchmark JSON to benchmark_logs/experiment_suite/dcp-suite/01_dcp_wave-b-timestamps-20260814-132129/results/arrival_2/dcp_2/fa3_native_fifo/comm_sm_12/case_000088_dcp2_hkv4_eager.json

================================================================================
Mega comm_sm=12, case 90/100: case_000089_dcp2_hkv4: B=12, Sq=[16, 16, 16, 16, 16, 16, 16, 16, 16, 16, 16, 4096], Sk=[8234, 2662, 34667, 28395, 1166, 37581, 1067, 1030, 6295, 4083, 922, 25088], DCP=2, Hkv=4
================================================================================
Config: world_size=8, methods=['dcp_mega_varlen'], QH=32, KVH=4, D=128, TP=8, DCP=2, workload=chunk, execution=eager, baseline_phase_timing=False, warmup=40, iters=60, check=False
Workload: B=12, q_tokens=4272, history_tokens=151190, q_seqlens=[16, 16, 16, 16, 16, 16, 16, 16, 16, 16, 16, 4096], history_seqlens=[8234, 2662, 34667, 28395, 1166, 37581, 1067, 1030, 6295, 4083, 922, 25088]
Agg TFLOPS uses useful attention work across all TP ranks and p50(max_across_ranks); Avg/GPU divides it by world_size.
KV GB/s/GPU is average logical BF16 K+V bytes read per TP rank divided by p50(max_across_ranks); it is not hardware-counter HBM traffic.

Running B=12, q_tokens=4272, history_tokens=151190, causal=True

B=12, q_tokens=4272, history_tokens=151190, QH=32, KVH=4, D=128, TP=8, DCP=2, mode=causal
Method                   Time ms                                                                                                                                     Agg TFLOPS    Avg/GPU  KV GB/s/GPU      Check  Note
dcp_mega_varlen          t0=0.497, t1=0.487, t2=0.494, t3=0.491, t4=0.493, t5=0.491, t6=0.488, t7=0.491 | p50(max_across_ranks)=0.498, p90(max_across_ranks)=0.501       3726.5      465.8         82.2       skip  eager; output=bf16_ipc_a2a; runner_preallocated; timing=mega_kernel_only

Mega %globaltimer phase timestamps (per-iteration maximum across benchmark ranks, then p50/p90 across samples; us)
Method                   Phase                                                             p50        p90
dcp_mega_varlen          kernel_start                                                    0.000      0.000
dcp_mega_varlen          q_allgather_done                                               28.352     29.475
dcp_mega_varlen          attention_done                                                458.000    458.723
dcp_mega_varlen          history_combine_done                                          473.776    474.822
dcp_mega_varlen          publish_done                                                  473.776    474.822
dcp_mega_varlen          receive_done                                                  482.688    485.632
dcp_mega_varlen          final_combine_done                                            490.432    493.840
dcp_mega_varlen          kernel_done                                                   490.656    494.035
dcp_mega_varlen          post_completion/q_done_to_publish_done                        446.464    447.699
dcp_mega_varlen          post_completion/publish_done_to_receive_done                   16.976     19.706
dcp_mega_varlen          post_completion/attention_done_to_history_combine_done         17.184     17.894
dcp_mega_varlen          post_completion/history_combine_done_to_final_combine_done     24.864     27.853
Wrote benchmark JSON to benchmark_logs/experiment_suite/dcp-suite/01_dcp_wave-b-timestamps-20260814-132129/results/arrival_2/dcp_2/fa3_native_fifo/comm_sm_12/case_000089_dcp2_hkv4_eager.json

================================================================================
Mega comm_sm=12, case 91/100: case_000090_dcp2_hkv4: B=15, Sq=[16, 16, 16, 16, 16, 16, 16, 16, 16, 16, 16, 16, 16, 16, 16], Sk=[36687, 46930, 4892, 3287, 34229, 18611, 15832, 1054, 1301, 4098, 1548, 2749, 4343, 4522, 3839], DCP=2, Hkv=4
================================================================================
Config: world_size=8, methods=['dcp_mega_varlen'], QH=32, KVH=4, D=128, TP=8, DCP=2, workload=chunk, execution=eager, baseline_phase_timing=False, warmup=40, iters=60, check=False
Workload: B=15, q_tokens=240, history_tokens=183922, q_seqlens=[16, 16, 16, 16, 16, 16, 16, 16, 16, 16, 16, 16, 16, 16, 16], history_seqlens=[36687, 46930, 4892, 3287, 34229, 18611, 15832, 1054, 1301, 4098, 1548, 2749, 4343, 4522, 3839]
Agg TFLOPS uses useful attention work across all TP ranks and p50(max_across_ranks); Avg/GPU divides it by world_size.
KV GB/s/GPU is average logical BF16 K+V bytes read per TP rank divided by p50(max_across_ranks); it is not hardware-counter HBM traffic.

Running B=15, q_tokens=240, history_tokens=183922, causal=True

B=15, q_tokens=240, history_tokens=183922, QH=32, KVH=4, D=128, TP=8, DCP=2, mode=causal
Method                   Time ms                                                                                                                                     Agg TFLOPS    Avg/GPU  KV GB/s/GPU      Check  Note
dcp_mega_varlen          t0=0.071, t1=0.067, t2=0.070, t3=0.066, t4=0.064, t5=0.069, t6=0.067, t7=0.068 | p50(max_across_ranks)=0.072, p90(max_across_ranks)=0.073        673.5       84.2        659.0       skip  eager; output=bf16_ipc_a2a; runner_preallocated; timing=mega_kernel_only

Mega %globaltimer phase timestamps (per-iteration maximum across benchmark ranks, then p50/p90 across samples; us)
Method                   Phase                                                             p50        p90
dcp_mega_varlen          kernel_start                                                    0.000      0.000
dcp_mega_varlen          q_allgather_done                                                4.640      4.768
dcp_mega_varlen          attention_done                                                 32.544     33.190
dcp_mega_varlen          history_combine_done                                           55.136     55.686
dcp_mega_varlen          publish_done                                                   55.136     55.686
dcp_mega_varlen          receive_done                                                   61.472     62.896
dcp_mega_varlen          final_combine_done                                             64.848     66.176
dcp_mega_varlen          kernel_done                                                    65.152     66.525
dcp_mega_varlen          post_completion/q_done_to_publish_done                         50.816     51.392
dcp_mega_varlen          post_completion/publish_done_to_receive_done                    9.568     11.418
dcp_mega_varlen          post_completion/attention_done_to_history_combine_done         23.536     24.234
dcp_mega_varlen          post_completion/history_combine_done_to_final_combine_done     12.848     14.883
Wrote benchmark JSON to benchmark_logs/experiment_suite/dcp-suite/01_dcp_wave-b-timestamps-20260814-132129/results/arrival_2/dcp_2/fa3_native_fifo/comm_sm_12/case_000090_dcp2_hkv4_eager.json

================================================================================
Mega comm_sm=12, case 92/100: case_000091_dcp2_hkv4: B=19, Sq=[16, 16, 16, 16, 16, 16, 16, 16, 16, 16, 16, 16, 16, 16, 16, 16, 16, 16, 16], Sk=[5984, 4922, 1259, 1249, 7007, 7053, 1915, 9875, 10307, 2123, 12970, 4570, 30734, 10040, 10570, 22021, 29371, 9448, 907], DCP=2, Hkv=4
================================================================================
Config: world_size=8, methods=['dcp_mega_varlen'], QH=32, KVH=4, D=128, TP=8, DCP=2, workload=chunk, execution=eager, baseline_phase_timing=False, warmup=40, iters=60, check=False
Workload: B=19, q_tokens=304, history_tokens=182325, q_seqlens=[16, 16, 16, 16, 16, 16, 16, 16, 16, 16, 16, 16, 16, 16, 16, 16, 16, 16, 16], history_seqlens=[5984, 4922, 1259, 1249, 7007, 7053, 1915, 9875, 10307, 2123, 12970, 4570, 30734, 10040, 10570, 22021, 29371, 9448, 907]
Agg TFLOPS uses useful attention work across all TP ranks and p50(max_across_ranks); Avg/GPU divides it by world_size.
KV GB/s/GPU is average logical BF16 K+V bytes read per TP rank divided by p50(max_across_ranks); it is not hardware-counter HBM traffic.

Running B=19, q_tokens=304, history_tokens=182325, causal=True

B=19, q_tokens=304, history_tokens=182325, QH=32, KVH=4, D=128, TP=8, DCP=2, mode=causal
Method                   Time ms                                                                                                                                     Agg TFLOPS    Avg/GPU  KV GB/s/GPU      Check  Note
dcp_mega_varlen          t0=0.072, t1=0.070, t2=0.072, t3=0.068, t4=0.068, t5=0.072, t6=0.068, t7=0.070 | p50(max_across_ranks)=0.073, p90(max_across_ranks)=0.074        654.5       81.8        640.7       skip  eager; output=bf16_ipc_a2a; runner_preallocated; timing=mega_kernel_only

Mega %globaltimer phase timestamps (per-iteration maximum across benchmark ranks, then p50/p90 across samples; us)
Method                   Phase                                                             p50        p90
dcp_mega_varlen          kernel_start                                                    0.000      0.000
dcp_mega_varlen          q_allgather_done                                                4.608      4.768
dcp_mega_varlen          attention_done                                                 33.872     34.765
dcp_mega_varlen          history_combine_done                                           56.880     57.930
dcp_mega_varlen          publish_done                                                   56.880     57.930
dcp_mega_varlen          receive_done                                                   62.752     64.048
dcp_mega_varlen          final_combine_done                                             66.240     67.536
dcp_mega_varlen          kernel_done                                                    66.512     67.798
dcp_mega_varlen          post_completion/q_done_to_publish_done                         52.448     53.408
dcp_mega_varlen          post_completion/publish_done_to_receive_done                    8.960     10.467
dcp_mega_varlen          post_completion/attention_done_to_history_combine_done         24.064     25.034
dcp_mega_varlen          post_completion/history_combine_done_to_final_combine_done     12.624     13.946
Wrote benchmark JSON to benchmark_logs/experiment_suite/dcp-suite/01_dcp_wave-b-timestamps-20260814-132129/results/arrival_2/dcp_2/fa3_native_fifo/comm_sm_12/case_000091_dcp2_hkv4_eager.json

================================================================================
Mega comm_sm=12, case 93/100: case_000092_dcp2_hkv4: B=15, Sq=[16, 16, 16, 16, 16, 16, 16, 16, 16, 16, 16, 16, 16, 16, 4096], Sk=[1341, 29055, 2826, 17520, 13927, 12176, 7660, 1101, 7934, 12452, 57383, 2276, 2489, 17410, 25088], DCP=2, Hkv=4
================================================================================
Config: world_size=8, methods=['dcp_mega_varlen'], QH=32, KVH=4, D=128, TP=8, DCP=2, workload=chunk, execution=eager, baseline_phase_timing=False, warmup=40, iters=60, check=False
Workload: B=15, q_tokens=4320, history_tokens=210638, q_seqlens=[16, 16, 16, 16, 16, 16, 16, 16, 16, 16, 16, 16, 16, 16, 4096], history_seqlens=[1341, 29055, 2826, 17520, 13927, 12176, 7660, 1101, 7934, 12452, 57383, 2276, 2489, 17410, 25088]
Agg TFLOPS uses useful attention work across all TP ranks and p50(max_across_ranks); Avg/GPU divides it by world_size.
KV GB/s/GPU is average logical BF16 K+V bytes read per TP rank divided by p50(max_across_ranks); it is not hardware-counter HBM traffic.

Running B=15, q_tokens=4320, history_tokens=210638, causal=True

B=15, q_tokens=4320, history_tokens=210638, QH=32, KVH=4, D=128, TP=8, DCP=2, mode=causal
Method                   Time ms                                                                                                                                     Agg TFLOPS    Avg/GPU  KV GB/s/GPU      Check  Note
dcp_mega_varlen          t0=0.500, t1=0.492, t2=0.497, t3=0.494, t4=0.493, t5=0.494, t6=0.496, t7=0.492 | p50(max_across_ranks)=0.500, p90(max_across_ranks)=0.502       3740.4      467.5        112.3       skip  eager; output=bf16_ipc_a2a; runner_preallocated; timing=mega_kernel_only

Mega %globaltimer phase timestamps (per-iteration maximum across benchmark ranks, then p50/p90 across samples; us)
Method                   Phase                                                             p50        p90
dcp_mega_varlen          kernel_start                                                    0.000      0.000
dcp_mega_varlen          q_allgather_done                                               28.544     29.587
dcp_mega_varlen          attention_done                                                460.000    461.216
dcp_mega_varlen          history_combine_done                                          475.840    476.874
dcp_mega_varlen          publish_done                                                  475.840    476.874
dcp_mega_varlen          receive_done                                                  484.976    487.299
dcp_mega_varlen          final_combine_done                                            492.768    495.158
dcp_mega_varlen          kernel_done                                                   493.040    495.510
dcp_mega_varlen          post_completion/q_done_to_publish_done                        449.168    450.694
dcp_mega_varlen          post_completion/publish_done_to_receive_done                   14.880     17.475
dcp_mega_varlen          post_completion/attention_done_to_history_combine_done         17.024     17.699
dcp_mega_varlen          post_completion/history_combine_done_to_final_combine_done     22.864     25.322
Wrote benchmark JSON to benchmark_logs/experiment_suite/dcp-suite/01_dcp_wave-b-timestamps-20260814-132129/results/arrival_2/dcp_2/fa3_native_fifo/comm_sm_12/case_000092_dcp2_hkv4_eager.json

================================================================================
Mega comm_sm=12, case 94/100: case_000093_dcp2_hkv4: B=19, Sq=[16, 16, 16, 16, 16, 16, 16, 16, 16, 16, 16, 16, 16, 16, 16, 16, 16, 16, 4096], Sk=[11243, 2512, 1260, 1937, 24631, 17939, 2021, 17980, 4443, 2105, 4074, 1489, 9694, 11655, 61689, 1506, 10792, 12316, 12800], DCP=2, Hkv=4
================================================================================
Config: world_size=8, methods=['dcp_mega_varlen'], QH=32, KVH=4, D=128, TP=8, DCP=2, workload=chunk, execution=eager, baseline_phase_timing=False, warmup=40, iters=60, check=False
Workload: B=19, q_tokens=4384, history_tokens=212086, q_seqlens=[16, 16, 16, 16, 16, 16, 16, 16, 16, 16, 16, 16, 16, 16, 16, 16, 16, 16, 4096], history_seqlens=[11243, 2512, 1260, 1937, 24631, 17939, 2021, 17980, 4443, 2105, 4074, 1489, 9694, 11655, 61689, 1506, 10792, 12316, 12800]
Agg TFLOPS uses useful attention work across all TP ranks and p50(max_across_ranks); Avg/GPU divides it by world_size.
KV GB/s/GPU is average logical BF16 K+V bytes read per TP rank divided by p50(max_across_ranks); it is not hardware-counter HBM traffic.

Running B=19, q_tokens=4384, history_tokens=212086, causal=True

B=19, q_tokens=4384, history_tokens=212086, QH=32, KVH=4, D=128, TP=8, DCP=2, mode=causal
Method                   Time ms                                                                                                                                     Agg TFLOPS    Avg/GPU  KV GB/s/GPU      Check  Note
dcp_mega_varlen          t0=0.402, t1=0.395, t2=0.404, t3=0.398, t4=0.399, t5=0.399, t6=0.401, t7=0.399 | p50(max_across_ranks)=0.404, p90(max_across_ranks)=0.414       2592.8      324.1        139.8       skip  eager; output=bf16_ipc_a2a; runner_preallocated; timing=mega_kernel_only

Mega %globaltimer phase timestamps (per-iteration maximum across benchmark ranks, then p50/p90 across samples; us)
Method                   Phase                                                             p50        p90
dcp_mega_varlen          kernel_start                                                    0.000      0.000
dcp_mega_varlen          q_allgather_done                                               29.680     30.278
dcp_mega_varlen          attention_done                                                371.152    372.234
dcp_mega_varlen          history_combine_done                                          383.008    383.910
dcp_mega_varlen          publish_done                                                  383.008    383.910
dcp_mega_varlen          receive_done                                                  389.648    399.616
dcp_mega_varlen          final_combine_done                                            397.408    406.950
dcp_mega_varlen          kernel_done                                                   397.760    407.174
dcp_mega_varlen          post_completion/q_done_to_publish_done                        356.272    357.581
dcp_mega_varlen          post_completion/publish_done_to_receive_done                   12.064     21.667
dcp_mega_varlen          post_completion/attention_done_to_history_combine_done         12.032     12.486
dcp_mega_varlen          post_completion/history_combine_done_to_final_combine_done     19.616     28.998
Wrote benchmark JSON to benchmark_logs/experiment_suite/dcp-suite/01_dcp_wave-b-timestamps-20260814-132129/results/arrival_2/dcp_2/fa3_native_fifo/comm_sm_12/case_000093_dcp2_hkv4_eager.json

================================================================================
Mega comm_sm=12, case 95/100: case_000094_dcp2_hkv4: B=31, Sq=[16, 16, 16, 16, 16, 16, 16, 16, 16, 16, 16, 16, 16, 16, 16, 16, 16, 16, 16, 16, 16, 16, 16, 16, 16, 16, 16, 16, 16, 16, 16], Sk=[3562, 9353, 2936, 63271, 13206, 1272, 1342, 14701, 22602, 4784, 10241, 1473, 6421, 1855, 5277, 27010, 16987, 4526, 1107, 10632, 34192, 5962, 5388, 32338, 21701, 14815, 8533, 958, 1463, 18242, 1332], DCP=2, Hkv=4
================================================================================
Config: world_size=8, methods=['dcp_mega_varlen'], QH=32, KVH=4, D=128, TP=8, DCP=2, workload=chunk, execution=eager, baseline_phase_timing=False, warmup=40, iters=60, check=False
Workload: B=31, q_tokens=496, history_tokens=367482, q_seqlens=[16, 16, 16, 16, 16, 16, 16, 16, 16, 16, 16, 16, 16, 16, 16, 16, 16, 16, 16, 16, 16, 16, 16, 16, 16, 16, 16, 16, 16, 16, 16], history_seqlens=[3562, 9353, 2936, 63271, 13206, 1272, 1342, 14701, 22602, 4784, 10241, 1473, 6421, 1855, 5277, 27010, 16987, 4526, 1107, 10632, 34192, 5962, 5388, 32338, 21701, 14815, 8533, 958, 1463, 18242, 1332]
Agg TFLOPS uses useful attention work across all TP ranks and p50(max_across_ranks); Avg/GPU divides it by world_size.
KV GB/s/GPU is average logical BF16 K+V bytes read per TP rank divided by p50(max_across_ranks); it is not hardware-counter HBM traffic.

Running B=31, q_tokens=496, history_tokens=367482, causal=True

B=31, q_tokens=496, history_tokens=367482, QH=32, KVH=4, D=128, TP=8, DCP=2, mode=causal
Method                   Time ms                                                                                                                                     Agg TFLOPS    Avg/GPU  KV GB/s/GPU      Check  Note
dcp_mega_varlen          t0=0.099, t1=0.096, t2=0.098, t3=0.097, t4=0.096, t5=0.099, t6=0.096, t7=0.097 | p50(max_across_ranks)=0.101, p90(max_across_ranks)=0.103        959.0      119.9        938.3       skip  eager; output=bf16_ipc_a2a; runner_preallocated; timing=mega_kernel_only

Mega %globaltimer phase timestamps (per-iteration maximum across benchmark ranks, then p50/p90 across samples; us)
Method                   Phase                                                             p50        p90
dcp_mega_varlen          kernel_start                                                    0.000      0.000
dcp_mega_varlen          q_allgather_done                                                4.960      5.120
dcp_mega_varlen          attention_done                                                 60.752     61.690
dcp_mega_varlen          history_combine_done                                           84.016     85.437
dcp_mega_varlen          publish_done                                                   84.016     85.437
dcp_mega_varlen          receive_done                                                   89.936     93.101
dcp_mega_varlen          final_combine_done                                             93.856     96.995
dcp_mega_varlen          kernel_done                                                    94.144     97.306
dcp_mega_varlen          post_completion/q_done_to_publish_done                         79.232     80.470
dcp_mega_varlen          post_completion/publish_done_to_receive_done                    8.592     11.894
dcp_mega_varlen          post_completion/attention_done_to_history_combine_done         24.448     25.706
dcp_mega_varlen          post_completion/history_combine_done_to_final_combine_done     12.400     15.846
Wrote benchmark JSON to benchmark_logs/experiment_suite/dcp-suite/01_dcp_wave-b-timestamps-20260814-132129/results/arrival_2/dcp_2/fa3_native_fifo/comm_sm_12/case_000094_dcp2_hkv4_eager.json

================================================================================
Mega comm_sm=12, case 96/100: case_000095_dcp2_hkv4: B=20, Sq=[16, 16, 16, 16, 16, 16, 16, 16, 16, 16, 16, 16, 16, 16, 16, 16, 16, 16, 16, 2592], Sk=[1792, 1296, 11991, 3249, 44085, 31055, 1107, 1163, 1316, 8390, 17606, 22323, 4492, 1085, 4346, 3045, 17082, 4934, 7368, 8704], DCP=2, Hkv=4
================================================================================
Config: world_size=8, methods=['dcp_mega_varlen'], QH=32, KVH=4, D=128, TP=8, DCP=2, workload=chunk, execution=eager, baseline_phase_timing=False, warmup=40, iters=60, check=False
Workload: B=20, q_tokens=2896, history_tokens=196429, q_seqlens=[16, 16, 16, 16, 16, 16, 16, 16, 16, 16, 16, 16, 16, 16, 16, 16, 16, 16, 16, 2592], history_seqlens=[1792, 1296, 11991, 3249, 44085, 31055, 1107, 1163, 1316, 8390, 17606, 22323, 4492, 1085, 4346, 3045, 17082, 4934, 7368, 8704]
Agg TFLOPS uses useful attention work across all TP ranks and p50(max_across_ranks); Avg/GPU divides it by world_size.
KV GB/s/GPU is average logical BF16 K+V bytes read per TP rank divided by p50(max_across_ranks); it is not hardware-counter HBM traffic.

Running B=20, q_tokens=2896, history_tokens=196429, causal=True

B=20, q_tokens=2896, history_tokens=196429, QH=32, KVH=4, D=128, TP=8, DCP=2, mode=causal
Method                   Time ms                                                                                                                                     Agg TFLOPS    Avg/GPU  KV GB/s/GPU      Check  Note
dcp_mega_varlen          t0=0.292, t1=0.285, t2=0.291, t3=0.288, t4=0.288, t5=0.290, t6=0.289, t7=0.288 | p50(max_across_ranks)=0.292, p90(max_across_ranks)=0.293       1620.9      202.6        177.0       skip  eager; output=bf16_ipc_a2a; runner_preallocated; timing=mega_kernel_only

Mega %globaltimer phase timestamps (per-iteration maximum across benchmark ranks, then p50/p90 across samples; us)
Method                   Phase                                                             p50        p90
dcp_mega_varlen          kernel_start                                                    0.000      0.000
dcp_mega_varlen          q_allgather_done                                               21.600     22.275
dcp_mega_varlen          attention_done                                                260.624    261.123
dcp_mega_varlen          history_combine_done                                          272.640    273.485
dcp_mega_varlen          publish_done                                                  272.640    273.485
dcp_mega_varlen          receive_done                                                  279.312    280.547
dcp_mega_varlen          final_combine_done                                            285.520    286.621
dcp_mega_varlen          kernel_done                                                   285.776    286.931
dcp_mega_varlen          post_completion/q_done_to_publish_done                        254.368    255.587
dcp_mega_varlen          post_completion/publish_done_to_receive_done                   10.896     12.557
dcp_mega_varlen          post_completion/attention_done_to_history_combine_done         12.336     12.672
dcp_mega_varlen          post_completion/history_combine_done_to_final_combine_done     17.120     19.082
Wrote benchmark JSON to benchmark_logs/experiment_suite/dcp-suite/01_dcp_wave-b-timestamps-20260814-132129/results/arrival_2/dcp_2/fa3_native_fifo/comm_sm_12/case_000095_dcp2_hkv4_eager.json

================================================================================
Mega comm_sm=12, case 97/100: case_000096_dcp2_hkv4: B=12, Sq=[16, 16, 16, 16, 16, 16, 16, 16, 16, 16, 16, 16], Sk=[1780, 5420, 2044, 38810, 5972, 7136, 5058, 1174, 7405, 14926, 2627, 1695], DCP=2, Hkv=4
================================================================================
Config: world_size=8, methods=['dcp_mega_varlen'], QH=32, KVH=4, D=128, TP=8, DCP=2, workload=chunk, execution=eager, baseline_phase_timing=False, warmup=40, iters=60, check=False
Workload: B=12, q_tokens=192, history_tokens=94047, q_seqlens=[16, 16, 16, 16, 16, 16, 16, 16, 16, 16, 16, 16], history_seqlens=[1780, 5420, 2044, 38810, 5972, 7136, 5058, 1174, 7405, 14926, 2627, 1695]
Agg TFLOPS uses useful attention work across all TP ranks and p50(max_across_ranks); Avg/GPU divides it by world_size.
KV GB/s/GPU is average logical BF16 K+V bytes read per TP rank divided by p50(max_across_ranks); it is not hardware-counter HBM traffic.

Running B=12, q_tokens=192, history_tokens=94047, causal=True

B=12, q_tokens=192, history_tokens=94047, QH=32, KVH=4, D=128, TP=8, DCP=2, mode=causal
Method                   Time ms                                                                                                                                     Agg TFLOPS    Avg/GPU  KV GB/s/GPU      Check  Note
dcp_mega_varlen          t0=0.062, t1=0.057, t2=0.061, t3=0.056, t4=0.057, t5=0.060, t6=0.058, t7=0.059 | p50(max_across_ranks)=0.062, p90(max_across_ranks)=0.063        398.4       49.8        390.2       skip  eager; output=bf16_ipc_a2a; runner_preallocated; timing=mega_kernel_only

Mega %globaltimer phase timestamps (per-iteration maximum across benchmark ranks, then p50/p90 across samples; us)
Method                   Phase                                                             p50        p90
dcp_mega_varlen          kernel_start                                                    0.000      0.000
dcp_mega_varlen          q_allgather_done                                                4.480      4.672
dcp_mega_varlen          attention_done                                                 19.232     19.462
dcp_mega_varlen          history_combine_done                                           45.552     45.862
dcp_mega_varlen          publish_done                                                   45.552     45.862
dcp_mega_varlen          receive_done                                                   52.272     52.848
dcp_mega_varlen          final_combine_done                                             55.024     55.658
dcp_mega_varlen          kernel_done                                                    55.344     55.981
dcp_mega_varlen          post_completion/q_done_to_publish_done                         41.216     41.478
dcp_mega_varlen          post_completion/publish_done_to_receive_done                    8.192      8.931
dcp_mega_varlen          post_completion/attention_done_to_history_combine_done         26.624     26.947
dcp_mega_varlen          post_completion/history_combine_done_to_final_combine_done     10.976     11.683
Wrote benchmark JSON to benchmark_logs/experiment_suite/dcp-suite/01_dcp_wave-b-timestamps-20260814-132129/results/arrival_2/dcp_2/fa3_native_fifo/comm_sm_12/case_000096_dcp2_hkv4_eager.json

================================================================================
Mega comm_sm=12, case 98/100: case_000097_dcp2_hkv4: B=12, Sq=[16, 16, 16, 16, 16, 16, 16, 16, 16, 16, 16, 16], Sk=[1864, 5505, 2123, 7230, 5150, 1266, 15036, 1783, 1311, 940, 16136, 51560], DCP=2, Hkv=4
================================================================================
Config: world_size=8, methods=['dcp_mega_varlen'], QH=32, KVH=4, D=128, TP=8, DCP=2, workload=chunk, execution=eager, baseline_phase_timing=False, warmup=40, iters=60, check=False
Workload: B=12, q_tokens=192, history_tokens=109904, q_seqlens=[16, 16, 16, 16, 16, 16, 16, 16, 16, 16, 16, 16], history_seqlens=[1864, 5505, 2123, 7230, 5150, 1266, 15036, 1783, 1311, 940, 16136, 51560]
Agg TFLOPS uses useful attention work across all TP ranks and p50(max_across_ranks); Avg/GPU divides it by world_size.
KV GB/s/GPU is average logical BF16 K+V bytes read per TP rank divided by p50(max_across_ranks); it is not hardware-counter HBM traffic.

Running B=12, q_tokens=192, history_tokens=109904, causal=True

B=12, q_tokens=192, history_tokens=109904, QH=32, KVH=4, D=128, TP=8, DCP=2, mode=causal
Method                   Time ms                                                                                                                                     Agg TFLOPS    Avg/GPU  KV GB/s/GPU      Check  Note
dcp_mega_varlen          t0=0.071, t1=0.070, t2=0.072, t3=0.068, t4=0.068, t5=0.072, t6=0.068, t7=0.070 | p50(max_across_ranks)=0.072, p90(max_across_ranks)=0.073        398.2       49.8        389.9       skip  eager; output=bf16_ipc_a2a; runner_preallocated; timing=mega_kernel_only

Mega %globaltimer phase timestamps (per-iteration maximum across benchmark ranks, then p50/p90 across samples; us)
Method                   Phase                                                             p50        p90
dcp_mega_varlen          kernel_start                                                    0.000      0.000
dcp_mega_varlen          q_allgather_done                                                4.608      4.736
dcp_mega_varlen          attention_done                                                 22.432     22.982
dcp_mega_varlen          history_combine_done                                           56.608     57.120
dcp_mega_varlen          publish_done                                                   56.608     57.120
dcp_mega_varlen          receive_done                                                   62.448     63.370
dcp_mega_varlen          final_combine_done                                             65.680     66.534
dcp_mega_varlen          kernel_done                                                    66.032     66.858
dcp_mega_varlen          post_completion/q_done_to_publish_done                         52.224     52.704
dcp_mega_varlen          post_completion/publish_done_to_receive_done                    7.408      8.262
dcp_mega_varlen          post_completion/attention_done_to_history_combine_done         34.560     35.136
dcp_mega_varlen          post_completion/history_combine_done_to_final_combine_done     10.592     11.376
Wrote benchmark JSON to benchmark_logs/experiment_suite/dcp-suite/01_dcp_wave-b-timestamps-20260814-132129/results/arrival_2/dcp_2/fa3_native_fifo/comm_sm_12/case_000097_dcp2_hkv4_eager.json

================================================================================
Mega comm_sm=12, case 99/100: case_000098_dcp2_hkv4: B=23, Sq=[16, 16, 16, 16, 16, 16, 16, 16, 16, 16, 16, 16, 16, 16, 16, 16, 16, 16, 16, 16, 16, 16, 1960], Sk=[12720, 1781, 7131, 4408, 23871, 1740, 3629, 30761, 1256, 6593, 79230, 3739, 8635, 30305, 19361, 4559, 37280, 3187, 7877, 7946, 2185, 6764, 4608], DCP=2, Hkv=4
================================================================================
Config: world_size=8, methods=['dcp_mega_varlen'], QH=32, KVH=4, D=128, TP=8, DCP=2, workload=chunk, execution=eager, baseline_phase_timing=False, warmup=40, iters=60, check=False
Workload: B=23, q_tokens=2312, history_tokens=309566, q_seqlens=[16, 16, 16, 16, 16, 16, 16, 16, 16, 16, 16, 16, 16, 16, 16, 16, 16, 16, 16, 16, 16, 16, 1960], history_seqlens=[12720, 1781, 7131, 4408, 23871, 1740, 3629, 30761, 1256, 6593, 79230, 3739, 8635, 30305, 19361, 4559, 37280, 3187, 7877, 7946, 2185, 6764, 4608]
Agg TFLOPS uses useful attention work across all TP ranks and p50(max_across_ranks); Avg/GPU divides it by world_size.
KV GB/s/GPU is average logical BF16 K+V bytes read per TP rank divided by p50(max_across_ranks); it is not hardware-counter HBM traffic.

Running B=23, q_tokens=2312, history_tokens=309566, causal=True

B=23, q_tokens=2312, history_tokens=309566, QH=32, KVH=4, D=128, TP=8, DCP=2, mode=causal
Method                   Time ms                                                                                                                                     Agg TFLOPS    Avg/GPU  KV GB/s/GPU      Check  Note
dcp_mega_varlen          t0=0.469, t1=0.462, t2=0.464, t3=0.465, t4=0.465, t5=0.459, t6=0.461, t7=0.465 | p50(max_across_ranks)=0.470, p90(max_across_ranks)=0.473        552.4       69.1        171.2       skip  eager; output=bf16_ipc_a2a; runner_preallocated; timing=mega_kernel_only

Mega %globaltimer phase timestamps (per-iteration maximum across benchmark ranks, then p50/p90 across samples; us)
Method                   Phase                                                             p50        p90
dcp_mega_varlen          kernel_start                                                    0.000      0.000
dcp_mega_varlen          q_allgather_done                                               17.600     18.310
dcp_mega_varlen          attention_done                                                437.616    439.494
dcp_mega_varlen          history_combine_done                                          448.960    450.403
dcp_mega_varlen          publish_done                                                  448.960    450.403
dcp_mega_varlen          receive_done                                                  456.192    459.571
dcp_mega_varlen          final_combine_done                                            462.416    465.798
dcp_mega_varlen          kernel_done                                                   462.688    466.106
dcp_mega_varlen          post_completion/q_done_to_publish_done                        433.072    434.688
dcp_mega_varlen          post_completion/publish_done_to_receive_done                   12.544     16.531
dcp_mega_varlen          post_completion/attention_done_to_history_combine_done         12.384     12.675
dcp_mega_varlen          post_completion/history_combine_done_to_final_combine_done     18.784     22.659
Wrote benchmark JSON to benchmark_logs/experiment_suite/dcp-suite/01_dcp_wave-b-timestamps-20260814-132129/results/arrival_2/dcp_2/fa3_native_fifo/comm_sm_12/case_000098_dcp2_hkv4_eager.json

================================================================================
Mega comm_sm=12, case 100/100: case_000099_dcp2_hkv4: B=22, Sq=[16, 16, 16, 16, 16, 16, 16, 16, 16, 16, 16, 16, 16, 16, 16, 16, 16, 16, 16, 16, 4096, 1368], Sk=[3071, 6574, 8879, 12076, 118673, 4037, 27706, 13633, 1075, 37369, 10834, 5171, 1294, 12284, 2777, 3928, 4812, 17212, 1062, 938, 12800, 512], DCP=2, Hkv=4
================================================================================
Config: world_size=8, methods=['dcp_mega_varlen'], QH=32, KVH=4, D=128, TP=8, DCP=2, workload=chunk, execution=eager, baseline_phase_timing=False, warmup=40, iters=60, check=False
Workload: B=22, q_tokens=5784, history_tokens=306717, q_seqlens=[16, 16, 16, 16, 16, 16, 16, 16, 16, 16, 16, 16, 16, 16, 16, 16, 16, 16, 16, 16, 4096, 1368], history_seqlens=[3071, 6574, 8879, 12076, 118673, 4037, 27706, 13633, 1075, 37369, 10834, 5171, 1294, 12284, 2777, 3928, 4812, 17212, 1062, 938, 12800, 512]
Agg TFLOPS uses useful attention work across all TP ranks and p50(max_across_ranks); Avg/GPU divides it by world_size.
KV GB/s/GPU is average logical BF16 K+V bytes read per TP rank divided by p50(max_across_ranks); it is not hardware-counter HBM traffic.

Running B=22, q_tokens=5784, history_tokens=306717, causal=True

B=22, q_tokens=5784, history_tokens=306717, QH=32, KVH=4, D=128, TP=8, DCP=2, mode=causal
Method                   Time ms                                                                                                                                     Agg TFLOPS    Avg/GPU  KV GB/s/GPU      Check  Note
dcp_mega_varlen          t0=0.726, t1=0.716, t2=0.714, t3=0.720, t4=0.709, t5=0.715, t6=0.721, t7=0.718 | p50(max_across_ranks)=0.727, p90(max_across_ranks)=0.732       1514.2      189.3        112.1       skip  eager; output=bf16_ipc_a2a; runner_preallocated; timing=mega_kernel_only

Mega %globaltimer phase timestamps (per-iteration maximum across benchmark ranks, then p50/p90 across samples; us)
Method                   Phase                                                             p50        p90
dcp_mega_varlen          kernel_start                                                    0.000      0.000
dcp_mega_varlen          q_allgather_done                                               38.816     40.675
dcp_mega_varlen          attention_done                                                686.256    687.616
dcp_mega_varlen          history_combine_done                                          703.824    705.318
dcp_mega_varlen          publish_done                                                  703.824    705.318
dcp_mega_varlen          receive_done                                                  711.328    717.933
dcp_mega_varlen          final_combine_done                                            719.248    725.750
dcp_mega_varlen          kernel_done                                                   719.520    726.061
dcp_mega_varlen          post_completion/q_done_to_publish_done                        668.960    670.250
dcp_mega_varlen          post_completion/publish_done_to_receive_done                   19.856     28.787
dcp_mega_varlen          post_completion/attention_done_to_history_combine_done         18.048     18.371
dcp_mega_varlen          post_completion/history_combine_done_to_final_combine_done     27.952     36.403
Wrote benchmark JSON to benchmark_logs/experiment_suite/dcp-suite/01_dcp_wave-b-timestamps-20260814-132129/results/arrival_2/dcp_2/fa3_native_fifo/comm_sm_12/case_000099_dcp2_hkv4_eager.json

Mega comm_sm=12 summary

Mega DCP batch summary
Case                   DCP Method                       p50 ms     p90 ms   Agg TFLOPS
case_000000_dcp2_hkv4    2 dcp_mega_varlen               0.094      0.096       1090.8
case_000001_dcp2_hkv4    2 dcp_mega_varlen               0.086      0.094        344.5
case_000002_dcp2_hkv4    2 dcp_mega_varlen               0.094      0.100       1043.4
case_000003_dcp2_hkv4    2 dcp_mega_varlen               0.061      0.064        300.3
case_000004_dcp2_hkv4    2 dcp_mega_varlen               0.060      0.063        516.1
case_000005_dcp2_hkv4    2 dcp_mega_varlen               0.103      0.105        376.6
case_000006_dcp2_hkv4    2 dcp_mega_varlen               0.074      0.077        672.2
case_000007_dcp2_hkv4    2 dcp_mega_varlen               1.130      1.145       4497.5
case_000008_dcp2_hkv4    2 dcp_mega_varlen               0.295      0.296        423.7
case_000009_dcp2_hkv4    2 dcp_mega_varlen               0.089      0.090        871.8
case_000010_dcp2_hkv4    2 dcp_mega_varlen               0.112      0.114        659.2
case_000011_dcp2_hkv4    2 dcp_mega_varlen               0.810      0.825       4068.1
case_000012_dcp2_hkv4    2 dcp_mega_varlen               0.502      0.503       3728.7
case_000013_dcp2_hkv4    2 dcp_mega_varlen               0.067      0.069        670.8
case_000014_dcp2_hkv4    2 dcp_mega_varlen               0.070      0.073        638.9
case_000015_dcp2_hkv4    2 dcp_mega_varlen               0.501      0.504       3733.8
case_000016_dcp2_hkv4    2 dcp_mega_varlen               0.357      0.359        660.0
case_000017_dcp2_hkv4    2 dcp_mega_varlen               0.066      0.067        608.5
case_000018_dcp2_hkv4    2 dcp_mega_varlen               0.089      0.091        622.7
case_000019_dcp2_hkv4    2 dcp_mega_varlen               0.068      0.070        551.2
case_000020_dcp2_hkv4    2 dcp_mega_varlen               0.063      0.064        429.2
case_000021_dcp2_hkv4    2 dcp_mega_varlen               0.066      0.069        556.2
case_000022_dcp2_hkv4    2 dcp_mega_varlen               0.080      0.083        448.7
case_000023_dcp2_hkv4    2 dcp_mega_varlen               0.703      0.706       3852.3
case_000024_dcp2_hkv4    2 dcp_mega_varlen               0.079      0.082        849.4
case_000025_dcp2_hkv4    2 dcp_mega_varlen               0.081      0.091        797.2
case_000026_dcp2_hkv4    2 dcp_mega_varlen               0.083      0.088        568.6
case_000027_dcp2_hkv4    2 dcp_mega_varlen               0.075      0.086        487.9
case_000028_dcp2_hkv4    2 dcp_mega_varlen               0.109      0.117       1030.2
case_000029_dcp2_hkv4    2 dcp_mega_varlen               0.079      0.086        720.5
case_000030_dcp2_hkv4    2 dcp_mega_varlen               0.091      0.094        783.9
case_000031_dcp2_hkv4    2 dcp_mega_varlen               0.069      0.070        637.1
case_000032_dcp2_hkv4    2 dcp_mega_varlen               0.079      0.080        716.9
case_000033_dcp2_hkv4    2 dcp_mega_varlen               0.070      0.072        758.5
case_000034_dcp2_hkv4    2 dcp_mega_varlen               0.087      0.089        809.8
case_000035_dcp2_hkv4    2 dcp_mega_varlen               0.255      0.257       3349.1
case_000036_dcp2_hkv4    2 dcp_mega_varlen               0.201      0.202       2616.4
case_000037_dcp2_hkv4    2 dcp_mega_varlen               0.072      0.074        739.4
case_000038_dcp2_hkv4    2 dcp_mega_varlen               0.073      0.076        676.6
case_000039_dcp2_hkv4    2 dcp_mega_varlen               0.126      0.128       1390.8
case_000040_dcp2_hkv4    2 dcp_mega_varlen               0.071      0.073        592.0
case_000041_dcp2_hkv4    2 dcp_mega_varlen               0.081      0.083        786.5
case_000042_dcp2_hkv4    2 dcp_mega_varlen               0.275      0.277       3432.8
case_000043_dcp2_hkv4    2 dcp_mega_varlen               0.071      0.074        582.0
case_000044_dcp2_hkv4    2 dcp_mega_varlen               0.083      0.086        570.6
case_000045_dcp2_hkv4    2 dcp_mega_varlen               0.229      0.234       1942.7
case_000046_dcp2_hkv4    2 dcp_mega_varlen               0.064      0.065        454.4
case_000047_dcp2_hkv4    2 dcp_mega_varlen               0.062      0.064        470.7
case_000048_dcp2_hkv4    2 dcp_mega_varlen               0.660      0.664       1207.7
case_000049_dcp2_hkv4    2 dcp_mega_varlen               0.088      0.090        957.1
case_000050_dcp2_hkv4    2 dcp_mega_varlen               0.077      0.080        703.4
case_000051_dcp2_hkv4    2 dcp_mega_varlen               0.088      0.089        837.0
case_000052_dcp2_hkv4    2 dcp_mega_varlen               0.096      0.097       1045.3
case_000053_dcp2_hkv4    2 dcp_mega_varlen               0.100      0.107       1087.5
case_000054_dcp2_hkv4    2 dcp_mega_varlen               0.074      0.076        669.9
case_000055_dcp2_hkv4    2 dcp_mega_varlen               0.080      0.092        763.9
case_000056_dcp2_hkv4    2 dcp_mega_varlen               0.067      0.068        452.1
case_000057_dcp2_hkv4    2 dcp_mega_varlen               0.065      0.066        546.2
case_000058_dcp2_hkv4    2 dcp_mega_varlen               0.466      0.476        474.2
case_000059_dcp2_hkv4    2 dcp_mega_varlen               0.115      0.118       1223.4
case_000060_dcp2_hkv4    2 dcp_mega_varlen               0.405      0.410        663.9
case_000061_dcp2_hkv4    2 dcp_mega_varlen               0.231      0.233       3279.5
case_000062_dcp2_hkv4    2 dcp_mega_varlen               0.080      0.104        771.3
case_000063_dcp2_hkv4    2 dcp_mega_varlen               0.388      0.392       2742.7
case_000064_dcp2_hkv4    2 dcp_mega_varlen               0.082      0.085        886.3
case_000065_dcp2_hkv4    2 dcp_mega_varlen               0.087      0.089        833.3
case_000066_dcp2_hkv4    2 dcp_mega_varlen               0.058      0.059        566.1
case_000067_dcp2_hkv4    2 dcp_mega_varlen               0.066      0.067        671.5
case_000068_dcp2_hkv4    2 dcp_mega_varlen               0.062      0.063        543.5
case_000069_dcp2_hkv4    2 dcp_mega_varlen               0.057      0.060        602.3
case_000070_dcp2_hkv4    2 dcp_mega_varlen               0.091      0.093       1009.4
case_000071_dcp2_hkv4    2 dcp_mega_varlen               0.074      0.075        656.1
case_000072_dcp2_hkv4    2 dcp_mega_varlen               0.061      0.064        472.5
case_000073_dcp2_hkv4    2 dcp_mega_varlen               0.568      0.579       3734.5
case_000074_dcp2_hkv4    2 dcp_mega_varlen               0.724      0.734       3725.3
case_000075_dcp2_hkv4    2 dcp_mega_varlen               0.147      0.154        542.1
case_000076_dcp2_hkv4    2 dcp_mega_varlen               0.435      0.446       1792.1
case_000077_dcp2_hkv4    2 dcp_mega_varlen               0.094      0.119        557.3
case_000078_dcp2_hkv4    2 dcp_mega_varlen               0.433      0.436       3705.0
case_000079_dcp2_hkv4    2 dcp_mega_varlen               0.091      0.092        904.2
case_000080_dcp2_hkv4    2 dcp_mega_varlen               0.079      0.081        626.3
case_000081_dcp2_hkv4    2 dcp_mega_varlen               1.389      1.394       3916.5
case_000082_dcp2_hkv4    2 dcp_mega_varlen               0.077      0.079        727.5
case_000083_dcp2_hkv4    2 dcp_mega_varlen               0.071      0.076        641.8
case_000084_dcp2_hkv4    2 dcp_mega_varlen               0.505      0.511       2069.7
case_000085_dcp2_hkv4    2 dcp_mega_varlen               0.078      0.080        759.1
case_000086_dcp2_hkv4    2 dcp_mega_varlen               0.585      0.596       1837.6
case_000087_dcp2_hkv4    2 dcp_mega_varlen               0.083      0.084        842.7
case_000088_dcp2_hkv4    2 dcp_mega_varlen               0.072      0.074        540.1
case_000089_dcp2_hkv4    2 dcp_mega_varlen               0.498      0.501       3726.5
case_000090_dcp2_hkv4    2 dcp_mega_varlen               0.072      0.073        673.5
case_000091_dcp2_hkv4    2 dcp_mega_varlen               0.073      0.074        654.5
case_000092_dcp2_hkv4    2 dcp_mega_varlen               0.500      0.502       3740.4
case_000093_dcp2_hkv4    2 dcp_mega_varlen               0.404      0.414       2592.8
case_000094_dcp2_hkv4    2 dcp_mega_varlen               0.101      0.103        959.0
case_000095_dcp2_hkv4    2 dcp_mega_varlen               0.292      0.293       1620.9
case_000096_dcp2_hkv4    2 dcp_mega_varlen               0.062      0.063        398.4
case_000097_dcp2_hkv4    2 dcp_mega_varlen               0.072      0.073        398.2
case_000098_dcp2_hkv4    2 dcp_mega_varlen               0.470      0.473        552.4
case_000099_dcp2_hkv4    2 dcp_mega_varlen               0.727      0.732       1514.2

Mega DCP workload-weighted summary
Topology        DCP Method                     Cases    Mean ms  Mean TFLOPS     Weighted  Weighted/GPU
dcp2_hkv4         2 dcp_mega_varlen              100      0.206       1245.5       2255.7         282.0
Wrote batch manifest to benchmark_logs/experiment_suite/dcp-suite/01_dcp_wave-b-timestamps-20260814-132129/results/arrival_2/dcp_2/fa3_native_fifo/manifest.json
