CUDA_VISIBLE_DEVICES=0\,1\,2\,3\,4\,5\,6\,7 /home/hychen/min_fa3_demo/.venv/bin/torchrun --standalone --nproc_per_node=8 --module dcp_test.benchmark_dcp_mega_batch --config /home/hychen/min_fa3_demo/benchmark_logs/experiment_suite/20260812-231044-dcp-cp-suite/02_dcp_uniform/uniform_matrix_config.json --workloads all --num-splits 0 --mega-block-n auto --warmup 40 --iters 60 --no-check --no-mega-phase-timestamps --no-baseline-phase-timing --dcp-sizes 4 --implementations mega --no-cuda-graph --mega-scheduler-heuristic --mega-history-order auto --mega-num-comm-sms 4\,8\,12\,16\,20 --output-dir /home/hychen/min_fa3_demo/benchmark_logs/experiment_suite/20260812-231044-dcp-cp-suite/02_dcp_uniform/results/mega/dcp_4 --manifest /home/hychen/min_fa3_demo/benchmark_logs/experiment_suite/20260812-231044-dcp-cp-suite/02_dcp_uniform/results/mega/dcp_4/manifest.json
Mega DCP batch: name=dcp_mega_uniform_matrix, mode=eager, cases=64, methods=['dcp_mega_varlen'], comm_sm_sweep=[4, 8, 12, 16, 20], baseline_phase_timing=False

================================================================================
Mega comm_sm=4, case 1/64: d4_c0_kv16k_dcp4_hkv2: B=4, Sq=[16, 16, 16, 16], Sk=[16384, 16384, 16384, 16384], DCP=4, Hkv=2
================================================================================
Config: world_size=8, methods=['dcp_mega_varlen'], QH=32, KVH=2, D=128, TP=8, DCP=4, workload=chunk, execution=eager, baseline_phase_timing=False, warmup=40, iters=60, check=False
Workload: B=4, q_tokens=64, history_tokens=65536, q_seqlens=[16, 16, 16, 16], history_seqlens=[16384, 16384, 16384, 16384]
Agg TFLOPS uses useful attention work across all TP ranks and p50(max_across_ranks); Avg/GPU divides it by world_size.
KV GB/s/GPU is average logical BF16 K+V bytes read per TP rank divided by p50(max_across_ranks); it is not hardware-counter HBM traffic.

Running B=4, q_tokens=64, history_tokens=65536, causal=True

B=4, q_tokens=64, history_tokens=65536, QH=32, KVH=2, D=128, TP=8, DCP=4, mode=causal
Method                   Time ms                                                                                                                                     Agg TFLOPS    Avg/GPU  KV GB/s/GPU      Check  Note
dcp_mega_varlen          t0=0.051, t1=0.052, t2=0.052, t3=0.048, t4=0.051, t5=0.052, t6=0.049, t7=0.051 | p50(max_across_ranks)=0.053, p90(max_across_ranks)=0.055        325.0       40.6        159.2       skip  eager; output=bf16_ipc_a2a; runner_preallocated; timing=mega_kernel_only
Wrote benchmark JSON to /home/hychen/min_fa3_demo/benchmark_logs/experiment_suite/20260812-231044-dcp-cp-suite/02_dcp_uniform/results/mega/dcp_4/comm_sm_4/d4_c0_kv16k_dcp4_hkv2_eager.json

================================================================================
Mega comm_sm=4, case 2/64: d4_c0_kv32k_dcp4_hkv2: B=4, Sq=[16, 16, 16, 16], Sk=[32768, 32768, 32768, 32768], DCP=4, Hkv=2
================================================================================
Config: world_size=8, methods=['dcp_mega_varlen'], QH=32, KVH=2, D=128, TP=8, DCP=4, workload=chunk, execution=eager, baseline_phase_timing=False, warmup=40, iters=60, check=False
Workload: B=4, q_tokens=64, history_tokens=131072, q_seqlens=[16, 16, 16, 16], history_seqlens=[32768, 32768, 32768, 32768]
Agg TFLOPS uses useful attention work across all TP ranks and p50(max_across_ranks); Avg/GPU divides it by world_size.
KV GB/s/GPU is average logical BF16 K+V bytes read per TP rank divided by p50(max_across_ranks); it is not hardware-counter HBM traffic.

Running B=4, q_tokens=64, history_tokens=131072, causal=True

B=4, q_tokens=64, history_tokens=131072, QH=32, KVH=2, D=128, TP=8, DCP=4, mode=causal
Method                   Time ms                                                                                                                                     Agg TFLOPS    Avg/GPU  KV GB/s/GPU      Check  Note
dcp_mega_varlen          t0=0.057, t1=0.057, t2=0.057, t3=0.053, t4=0.055, t5=0.056, t6=0.053, t7=0.054 | p50(max_across_ranks)=0.058, p90(max_across_ranks)=0.060        596.7       74.6        291.8       skip  eager; output=bf16_ipc_a2a; runner_preallocated; timing=mega_kernel_only
Wrote benchmark JSON to /home/hychen/min_fa3_demo/benchmark_logs/experiment_suite/20260812-231044-dcp-cp-suite/02_dcp_uniform/results/mega/dcp_4/comm_sm_4/d4_c0_kv32k_dcp4_hkv2_eager.json

================================================================================
Mega comm_sm=4, case 3/64: d4_c0_kv64k_dcp4_hkv2: B=4, Sq=[16, 16, 16, 16], Sk=[65536, 65536, 65536, 65536], DCP=4, Hkv=2
================================================================================
Config: world_size=8, methods=['dcp_mega_varlen'], QH=32, KVH=2, D=128, TP=8, DCP=4, workload=chunk, execution=eager, baseline_phase_timing=False, warmup=40, iters=60, check=False
Workload: B=4, q_tokens=64, history_tokens=262144, q_seqlens=[16, 16, 16, 16], history_seqlens=[65536, 65536, 65536, 65536]
Agg TFLOPS uses useful attention work across all TP ranks and p50(max_across_ranks); Avg/GPU divides it by world_size.
KV GB/s/GPU is average logical BF16 K+V bytes read per TP rank divided by p50(max_across_ranks); it is not hardware-counter HBM traffic.

Running B=4, q_tokens=64, history_tokens=262144, causal=True

B=4, q_tokens=64, history_tokens=262144, QH=32, KVH=2, D=128, TP=8, DCP=4, mode=causal
Method                   Time ms                                                                                                                                     Agg TFLOPS    Avg/GPU  KV GB/s/GPU      Check  Note
dcp_mega_varlen          t0=0.064, t1=0.064, t2=0.064, t3=0.060, t4=0.063, t5=0.063, t6=0.061, t7=0.063 | p50(max_across_ranks)=0.065, p90(max_across_ranks)=0.067       1061.9      132.7        519.0       skip  eager; output=bf16_ipc_a2a; runner_preallocated; timing=mega_kernel_only
Wrote benchmark JSON to /home/hychen/min_fa3_demo/benchmark_logs/experiment_suite/20260812-231044-dcp-cp-suite/02_dcp_uniform/results/mega/dcp_4/comm_sm_4/d4_c0_kv64k_dcp4_hkv2_eager.json

================================================================================
Mega comm_sm=4, case 4/64: d4_c0_kv128k_dcp4_hkv2: B=4, Sq=[16, 16, 16, 16], Sk=[131072, 131072, 131072, 131072], DCP=4, Hkv=2
================================================================================
Config: world_size=8, methods=['dcp_mega_varlen'], QH=32, KVH=2, D=128, TP=8, DCP=4, workload=chunk, execution=eager, baseline_phase_timing=False, warmup=40, iters=60, check=False
Workload: B=4, q_tokens=64, history_tokens=524288, q_seqlens=[16, 16, 16, 16], history_seqlens=[131072, 131072, 131072, 131072]
Agg TFLOPS uses useful attention work across all TP ranks and p50(max_across_ranks); Avg/GPU divides it by world_size.
KV GB/s/GPU is average logical BF16 K+V bytes read per TP rank divided by p50(max_across_ranks); it is not hardware-counter HBM traffic.

Running B=4, q_tokens=64, history_tokens=524288, causal=True

B=4, q_tokens=64, history_tokens=524288, QH=32, KVH=2, D=128, TP=8, DCP=4, mode=causal
Method                   Time ms                                                                                                                                     Agg TFLOPS    Avg/GPU  KV GB/s/GPU      Check  Note
dcp_mega_varlen          t0=0.079, t1=0.078, t2=0.078, t3=0.075, t4=0.077, t5=0.077, t6=0.075, t7=0.077 | p50(max_across_ranks)=0.079, p90(max_across_ranks)=0.085       1740.0      217.5        850.0       skip  eager; output=bf16_ipc_a2a; runner_preallocated; timing=mega_kernel_only
Wrote benchmark JSON to /home/hychen/min_fa3_demo/benchmark_logs/experiment_suite/20260812-231044-dcp-cp-suite/02_dcp_uniform/results/mega/dcp_4/comm_sm_4/d4_c0_kv128k_dcp4_hkv2_eager.json

================================================================================
Mega comm_sm=4, case 5/64: d4_c1_kv16k_dcp4_hkv2: B=5, Sq=[16, 16, 16, 16, 2048], Sk=[16384, 16384, 16384, 16384, 16384], DCP=4, Hkv=2
================================================================================
Config: world_size=8, methods=['dcp_mega_varlen'], QH=32, KVH=2, D=128, TP=8, DCP=4, workload=chunk, execution=eager, baseline_phase_timing=False, warmup=40, iters=60, check=False
Workload: B=5, q_tokens=2112, history_tokens=81920, q_seqlens=[16, 16, 16, 16, 2048], history_seqlens=[16384, 16384, 16384, 16384, 16384]
Agg TFLOPS uses useful attention work across all TP ranks and p50(max_across_ranks); Avg/GPU divides it by world_size.
KV GB/s/GPU is average logical BF16 K+V bytes read per TP rank divided by p50(max_across_ranks); it is not hardware-counter HBM traffic.

Running B=5, q_tokens=2112, history_tokens=81920, causal=True

B=5, q_tokens=2112, history_tokens=81920, QH=32, KVH=2, D=128, TP=8, DCP=4, mode=causal
Method                   Time ms                                                                                                                                     Agg TFLOPS    Avg/GPU  KV GB/s/GPU      Check  Note
dcp_mega_varlen          t0=0.271, t1=0.269, t2=0.271, t3=0.266, t4=0.269, t5=0.267, t6=0.266, t7=0.263 | p50(max_across_ranks)=0.273, p90(max_across_ranks)=0.280       2204.1      275.5         42.4       skip  eager; output=bf16_ipc_a2a; runner_preallocated; timing=mega_kernel_only
Wrote benchmark JSON to /home/hychen/min_fa3_demo/benchmark_logs/experiment_suite/20260812-231044-dcp-cp-suite/02_dcp_uniform/results/mega/dcp_4/comm_sm_4/d4_c1_kv16k_dcp4_hkv2_eager.json

================================================================================
Mega comm_sm=4, case 6/64: d4_c1_kv32k_dcp4_hkv2: B=5, Sq=[16, 16, 16, 16, 2048], Sk=[32768, 32768, 32768, 32768, 32768], DCP=4, Hkv=2
================================================================================
Config: world_size=8, methods=['dcp_mega_varlen'], QH=32, KVH=2, D=128, TP=8, DCP=4, workload=chunk, execution=eager, baseline_phase_timing=False, warmup=40, iters=60, check=False
Workload: B=5, q_tokens=2112, history_tokens=163840, q_seqlens=[16, 16, 16, 16, 2048], history_seqlens=[32768, 32768, 32768, 32768, 32768]
Agg TFLOPS uses useful attention work across all TP ranks and p50(max_across_ranks); Avg/GPU divides it by world_size.
KV GB/s/GPU is average logical BF16 K+V bytes read per TP rank divided by p50(max_across_ranks); it is not hardware-counter HBM traffic.

Running B=5, q_tokens=2112, history_tokens=163840, causal=True

B=5, q_tokens=2112, history_tokens=163840, QH=32, KVH=2, D=128, TP=8, DCP=4, mode=causal
Method                   Time ms                                                                                                                                     Agg TFLOPS    Avg/GPU  KV GB/s/GPU      Check  Note
dcp_mega_varlen          t0=0.360, t1=0.362, t2=0.361, t3=0.357, t4=0.356, t5=0.358, t6=0.356, t7=0.354 | p50(max_across_ranks)=0.363, p90(max_across_ranks)=0.375       3216.3      402.0         60.7       skip  eager; output=bf16_ipc_a2a; runner_preallocated; timing=mega_kernel_only
Wrote benchmark JSON to /home/hychen/min_fa3_demo/benchmark_logs/experiment_suite/20260812-231044-dcp-cp-suite/02_dcp_uniform/results/mega/dcp_4/comm_sm_4/d4_c1_kv32k_dcp4_hkv2_eager.json

================================================================================
Mega comm_sm=4, case 7/64: d4_c1_kv64k_dcp4_hkv2: B=5, Sq=[16, 16, 16, 16, 2048], Sk=[65536, 65536, 65536, 65536, 65536], DCP=4, Hkv=2
================================================================================
Config: world_size=8, methods=['dcp_mega_varlen'], QH=32, KVH=2, D=128, TP=8, DCP=4, workload=chunk, execution=eager, baseline_phase_timing=False, warmup=40, iters=60, check=False
Workload: B=5, q_tokens=2112, history_tokens=327680, q_seqlens=[16, 16, 16, 16, 2048], history_seqlens=[65536, 65536, 65536, 65536, 65536]
Agg TFLOPS uses useful attention work across all TP ranks and p50(max_across_ranks); Avg/GPU divides it by world_size.
KV GB/s/GPU is average logical BF16 K+V bytes read per TP rank divided by p50(max_across_ranks); it is not hardware-counter HBM traffic.

Running B=5, q_tokens=2112, history_tokens=327680, causal=True

B=5, q_tokens=2112, history_tokens=327680, QH=32, KVH=2, D=128, TP=8, DCP=4, mode=causal
Method                   Time ms                                                                                                                                     Agg TFLOPS    Avg/GPU  KV GB/s/GPU      Check  Note
dcp_mega_varlen          t0=0.604, t1=0.603, t2=0.603, t3=0.599, t4=0.598, t5=0.601, t6=0.599, t7=0.599 | p50(max_across_ranks)=0.605, p90(max_across_ranks)=0.613       3805.1      475.6         71.1       skip  eager; output=bf16_ipc_a2a; runner_preallocated; timing=mega_kernel_only
Wrote benchmark JSON to /home/hychen/min_fa3_demo/benchmark_logs/experiment_suite/20260812-231044-dcp-cp-suite/02_dcp_uniform/results/mega/dcp_4/comm_sm_4/d4_c1_kv64k_dcp4_hkv2_eager.json

================================================================================
Mega comm_sm=4, case 8/64: d4_c1_kv128k_dcp4_hkv2: B=5, Sq=[16, 16, 16, 16, 2048], Sk=[131072, 131072, 131072, 131072, 131072], DCP=4, Hkv=2
================================================================================
Config: world_size=8, methods=['dcp_mega_varlen'], QH=32, KVH=2, D=128, TP=8, DCP=4, workload=chunk, execution=eager, baseline_phase_timing=False, warmup=40, iters=60, check=False
Workload: B=5, q_tokens=2112, history_tokens=655360, q_seqlens=[16, 16, 16, 16, 2048], history_seqlens=[131072, 131072, 131072, 131072, 131072]
Agg TFLOPS uses useful attention work across all TP ranks and p50(max_across_ranks); Avg/GPU divides it by world_size.
KV GB/s/GPU is average logical BF16 K+V bytes read per TP rank divided by p50(max_across_ranks); it is not hardware-counter HBM traffic.

Running B=5, q_tokens=2112, history_tokens=655360, causal=True

B=5, q_tokens=2112, history_tokens=655360, QH=32, KVH=2, D=128, TP=8, DCP=4, mode=causal
Method                   Time ms                                                                                                                                     Agg TFLOPS    Avg/GPU  KV GB/s/GPU      Check  Note
dcp_mega_varlen          t0=1.147, t1=1.146, t2=1.146, t3=1.139, t4=1.133, t5=1.133, t6=1.132, t7=1.128 | p50(max_across_ranks)=1.148, p90(max_across_ranks)=1.153       3979.7      497.5         74.0       skip  eager; output=bf16_ipc_a2a; runner_preallocated; timing=mega_kernel_only
Wrote benchmark JSON to /home/hychen/min_fa3_demo/benchmark_logs/experiment_suite/20260812-231044-dcp-cp-suite/02_dcp_uniform/results/mega/dcp_4/comm_sm_4/d4_c1_kv128k_dcp4_hkv2_eager.json

================================================================================
Mega comm_sm=4, case 9/64: d4_c2_kv16k_dcp4_hkv2: B=6, Sq=[16, 16, 16, 16, 2048, 2048], Sk=[16384, 16384, 16384, 16384, 16384, 16384], DCP=4, Hkv=2
================================================================================
Config: world_size=8, methods=['dcp_mega_varlen'], QH=32, KVH=2, D=128, TP=8, DCP=4, workload=chunk, execution=eager, baseline_phase_timing=False, warmup=40, iters=60, check=False
Workload: B=6, q_tokens=4160, history_tokens=98304, q_seqlens=[16, 16, 16, 16, 2048, 2048], history_seqlens=[16384, 16384, 16384, 16384, 16384, 16384]
Agg TFLOPS uses useful attention work across all TP ranks and p50(max_across_ranks); Avg/GPU divides it by world_size.
KV GB/s/GPU is average logical BF16 K+V bytes read per TP rank divided by p50(max_across_ranks); it is not hardware-counter HBM traffic.

Running B=6, q_tokens=4160, history_tokens=98304, causal=True

B=6, q_tokens=4160, history_tokens=98304, QH=32, KVH=2, D=128, TP=8, DCP=4, mode=causal
Method                   Time ms                                                                                                                                     Agg TFLOPS    Avg/GPU  KV GB/s/GPU      Check  Note
dcp_mega_varlen          t0=0.525, t1=0.527, t2=0.525, t3=0.518, t4=0.525, t5=0.524, t6=0.521, t7=0.519 | p50(max_across_ranks)=0.531, p90(max_across_ranks)=0.542       2231.9      279.0         27.7       skip  eager; output=bf16_ipc_a2a; runner_preallocated; timing=mega_kernel_only
Wrote benchmark JSON to /home/hychen/min_fa3_demo/benchmark_logs/experiment_suite/20260812-231044-dcp-cp-suite/02_dcp_uniform/results/mega/dcp_4/comm_sm_4/d4_c2_kv16k_dcp4_hkv2_eager.json

================================================================================
Mega comm_sm=4, case 10/64: d4_c2_kv32k_dcp4_hkv2: B=6, Sq=[16, 16, 16, 16, 2048, 2048], Sk=[32768, 32768, 32768, 32768, 32768, 32768], DCP=4, Hkv=2
================================================================================
Config: world_size=8, methods=['dcp_mega_varlen'], QH=32, KVH=2, D=128, TP=8, DCP=4, workload=chunk, execution=eager, baseline_phase_timing=False, warmup=40, iters=60, check=False
Workload: B=6, q_tokens=4160, history_tokens=196608, q_seqlens=[16, 16, 16, 16, 2048, 2048], history_seqlens=[32768, 32768, 32768, 32768, 32768, 32768]
Agg TFLOPS uses useful attention work across all TP ranks and p50(max_across_ranks); Avg/GPU divides it by world_size.
KV GB/s/GPU is average logical BF16 K+V bytes read per TP rank divided by p50(max_across_ranks); it is not hardware-counter HBM traffic.

Running B=6, q_tokens=4160, history_tokens=196608, causal=True

B=6, q_tokens=4160, history_tokens=196608, QH=32, KVH=2, D=128, TP=8, DCP=4, mode=causal
Method                   Time ms                                                                                                                                     Agg TFLOPS    Avg/GPU  KV GB/s/GPU      Check  Note
dcp_mega_varlen          t0=0.700, t1=0.706, t2=0.704, t3=0.703, t4=0.697, t5=0.703, t6=0.703, t7=0.696 | p50(max_across_ranks)=0.710, p90(max_across_ranks)=0.726       3240.6      405.1         38.4       skip  eager; output=bf16_ipc_a2a; runner_preallocated; timing=mega_kernel_only
Wrote benchmark JSON to /home/hychen/min_fa3_demo/benchmark_logs/experiment_suite/20260812-231044-dcp-cp-suite/02_dcp_uniform/results/mega/dcp_4/comm_sm_4/d4_c2_kv32k_dcp4_hkv2_eager.json

================================================================================
Mega comm_sm=4, case 11/64: d4_c2_kv64k_dcp4_hkv2: B=6, Sq=[16, 16, 16, 16, 2048, 2048], Sk=[65536, 65536, 65536, 65536, 65536, 65536], DCP=4, Hkv=2
================================================================================
Config: world_size=8, methods=['dcp_mega_varlen'], QH=32, KVH=2, D=128, TP=8, DCP=4, workload=chunk, execution=eager, baseline_phase_timing=False, warmup=40, iters=60, check=False
Workload: B=6, q_tokens=4160, history_tokens=393216, q_seqlens=[16, 16, 16, 16, 2048, 2048], history_seqlens=[65536, 65536, 65536, 65536, 65536, 65536]
Agg TFLOPS uses useful attention work across all TP ranks and p50(max_across_ranks); Avg/GPU divides it by world_size.
KV GB/s/GPU is average logical BF16 K+V bytes read per TP rank divided by p50(max_across_ranks); it is not hardware-counter HBM traffic.

Running B=6, q_tokens=4160, history_tokens=393216, causal=True

B=6, q_tokens=4160, history_tokens=393216, QH=32, KVH=2, D=128, TP=8, DCP=4, mode=causal
Method                   Time ms                                                                                                                                     Agg TFLOPS    Avg/GPU  KV GB/s/GPU      Check  Note
dcp_mega_varlen          t0=1.084, t1=1.092, t2=1.090, t3=1.086, t4=1.084, t5=1.084, t6=1.077, t7=1.069 | p50(max_across_ranks)=1.097, p90(max_across_ranks)=1.112       4133.1      516.6         47.8       skip  eager; output=bf16_ipc_a2a; runner_preallocated; timing=mega_kernel_only
Wrote benchmark JSON to /home/hychen/min_fa3_demo/benchmark_logs/experiment_suite/20260812-231044-dcp-cp-suite/02_dcp_uniform/results/mega/dcp_4/comm_sm_4/d4_c2_kv64k_dcp4_hkv2_eager.json

================================================================================
Mega comm_sm=4, case 12/64: d4_c2_kv128k_dcp4_hkv2: B=6, Sq=[16, 16, 16, 16, 2048, 2048], Sk=[131072, 131072, 131072, 131072, 131072, 131072], DCP=4, Hkv=2
================================================================================
Config: world_size=8, methods=['dcp_mega_varlen'], QH=32, KVH=2, D=128, TP=8, DCP=4, workload=chunk, execution=eager, baseline_phase_timing=False, warmup=40, iters=60, check=False
Workload: B=6, q_tokens=4160, history_tokens=786432, q_seqlens=[16, 16, 16, 16, 2048, 2048], history_seqlens=[131072, 131072, 131072, 131072, 131072, 131072]
Agg TFLOPS uses useful attention work across all TP ranks and p50(max_across_ranks); Avg/GPU divides it by world_size.
KV GB/s/GPU is average logical BF16 K+V bytes read per TP rank divided by p50(max_across_ranks); it is not hardware-counter HBM traffic.

Running B=6, q_tokens=4160, history_tokens=786432, causal=True

B=6, q_tokens=4160, history_tokens=786432, QH=32, KVH=2, D=128, TP=8, DCP=4, mode=causal
Method                   Time ms                                                                                                                                     Agg TFLOPS    Avg/GPU  KV GB/s/GPU      Check  Note
dcp_mega_varlen          t0=1.978, t1=1.977, t2=1.979, t3=1.974, t4=2.002, t5=2.006, t6=2.008, t7=1.991 | p50(max_across_ranks)=2.009, p90(max_across_ranks)=2.032       4480.0      560.0         51.2       skip  eager; output=bf16_ipc_a2a; runner_preallocated; timing=mega_kernel_only
Wrote benchmark JSON to /home/hychen/min_fa3_demo/benchmark_logs/experiment_suite/20260812-231044-dcp-cp-suite/02_dcp_uniform/results/mega/dcp_4/comm_sm_4/d4_c2_kv128k_dcp4_hkv2_eager.json

================================================================================
Mega comm_sm=4, case 13/64: d4_c4_kv16k_dcp4_hkv2: B=8, Sq=[16, 16, 16, 16, 2048, 2048, 2048, 2048], Sk=[16384, 16384, 16384, 16384, 16384, 16384, 16384, 16384], DCP=4, Hkv=2
================================================================================
Config: world_size=8, methods=['dcp_mega_varlen'], QH=32, KVH=2, D=128, TP=8, DCP=4, workload=chunk, execution=eager, baseline_phase_timing=False, warmup=40, iters=60, check=False
Workload: B=8, q_tokens=8256, history_tokens=131072, q_seqlens=[16, 16, 16, 16, 2048, 2048, 2048, 2048], history_seqlens=[16384, 16384, 16384, 16384, 16384, 16384, 16384, 16384]
Agg TFLOPS uses useful attention work across all TP ranks and p50(max_across_ranks); Avg/GPU divides it by world_size.
KV GB/s/GPU is average logical BF16 K+V bytes read per TP rank divided by p50(max_across_ranks); it is not hardware-counter HBM traffic.

Running B=8, q_tokens=8256, history_tokens=131072, causal=True

B=8, q_tokens=8256, history_tokens=131072, QH=32, KVH=2, D=128, TP=8, DCP=4, mode=causal
Method                   Time ms                                                                                                                                     Agg TFLOPS    Avg/GPU  KV GB/s/GPU      Check  Note
dcp_mega_varlen          t0=1.022, t1=1.028, t2=1.034, t3=1.025, t4=1.026, t5=1.030, t6=0.982, t7=1.019 | p50(max_across_ranks)=1.042, p90(max_across_ranks)=1.050       2259.0      282.4         20.2       skip  eager; output=bf16_ipc_a2a; runner_preallocated; timing=mega_kernel_only
Wrote benchmark JSON to /home/hychen/min_fa3_demo/benchmark_logs/experiment_suite/20260812-231044-dcp-cp-suite/02_dcp_uniform/results/mega/dcp_4/comm_sm_4/d4_c4_kv16k_dcp4_hkv2_eager.json

================================================================================
Mega comm_sm=4, case 14/64: d4_c4_kv32k_dcp4_hkv2: B=8, Sq=[16, 16, 16, 16, 2048, 2048, 2048, 2048], Sk=[32768, 32768, 32768, 32768, 32768, 32768, 32768, 32768], DCP=4, Hkv=2
================================================================================
Config: world_size=8, methods=['dcp_mega_varlen'], QH=32, KVH=2, D=128, TP=8, DCP=4, workload=chunk, execution=eager, baseline_phase_timing=False, warmup=40, iters=60, check=False
Workload: B=8, q_tokens=8256, history_tokens=262144, q_seqlens=[16, 16, 16, 16, 2048, 2048, 2048, 2048], history_seqlens=[32768, 32768, 32768, 32768, 32768, 32768, 32768, 32768]
Agg TFLOPS uses useful attention work across all TP ranks and p50(max_across_ranks); Avg/GPU divides it by world_size.
KV GB/s/GPU is average logical BF16 K+V bytes read per TP rank divided by p50(max_across_ranks); it is not hardware-counter HBM traffic.

Running B=8, q_tokens=8256, history_tokens=262144, causal=True

B=8, q_tokens=8256, history_tokens=262144, QH=32, KVH=2, D=128, TP=8, DCP=4, mode=causal
Method                   Time ms                                                                                                                                     Agg TFLOPS    Avg/GPU  KV GB/s/GPU      Check  Note
dcp_mega_varlen          t0=1.383, t1=1.382, t2=1.376, t3=1.383, t4=1.374, t5=1.368, t6=1.369, t7=1.366 | p50(max_across_ranks)=1.397, p90(max_across_ranks)=1.415       3272.2      409.0         27.1       skip  eager; output=bf16_ipc_a2a; runner_preallocated; timing=mega_kernel_only
Wrote benchmark JSON to /home/hychen/min_fa3_demo/benchmark_logs/experiment_suite/20260812-231044-dcp-cp-suite/02_dcp_uniform/results/mega/dcp_4/comm_sm_4/d4_c4_kv32k_dcp4_hkv2_eager.json

================================================================================
Mega comm_sm=4, case 15/64: d4_c4_kv64k_dcp4_hkv2: B=8, Sq=[16, 16, 16, 16, 2048, 2048, 2048, 2048], Sk=[65536, 65536, 65536, 65536, 65536, 65536, 65536, 65536], DCP=4, Hkv=2
================================================================================
Config: world_size=8, methods=['dcp_mega_varlen'], QH=32, KVH=2, D=128, TP=8, DCP=4, workload=chunk, execution=eager, baseline_phase_timing=False, warmup=40, iters=60, check=False
Workload: B=8, q_tokens=8256, history_tokens=524288, q_seqlens=[16, 16, 16, 16, 2048, 2048, 2048, 2048], history_seqlens=[65536, 65536, 65536, 65536, 65536, 65536, 65536, 65536]
Agg TFLOPS uses useful attention work across all TP ranks and p50(max_across_ranks); Avg/GPU divides it by world_size.
KV GB/s/GPU is average logical BF16 K+V bytes read per TP rank divided by p50(max_across_ranks); it is not hardware-counter HBM traffic.

Running B=8, q_tokens=8256, history_tokens=524288, causal=True

B=8, q_tokens=8256, history_tokens=524288, QH=32, KVH=2, D=128, TP=8, DCP=4, mode=causal
Method                   Time ms                                                                                                                                     Agg TFLOPS    Avg/GPU  KV GB/s/GPU      Check  Note
dcp_mega_varlen          t0=2.160, t1=2.157, t2=2.160, t3=2.161, t4=2.143, t5=2.152, t6=2.151, t7=2.138 | p50(max_across_ranks)=2.176, p90(max_across_ranks)=2.191       4136.6      517.1         32.8       skip  eager; output=bf16_ipc_a2a; runner_preallocated; timing=mega_kernel_only
Wrote benchmark JSON to /home/hychen/min_fa3_demo/benchmark_logs/experiment_suite/20260812-231044-dcp-cp-suite/02_dcp_uniform/results/mega/dcp_4/comm_sm_4/d4_c4_kv64k_dcp4_hkv2_eager.json

================================================================================
Mega comm_sm=4, case 16/64: d4_c4_kv128k_dcp4_hkv2: B=8, Sq=[16, 16, 16, 16, 2048, 2048, 2048, 2048], Sk=[131072, 131072, 131072, 131072, 131072, 131072, 131072, 131072], DCP=4, Hkv=2
================================================================================
Config: world_size=8, methods=['dcp_mega_varlen'], QH=32, KVH=2, D=128, TP=8, DCP=4, workload=chunk, execution=eager, baseline_phase_timing=False, warmup=40, iters=60, check=False
Workload: B=8, q_tokens=8256, history_tokens=1048576, q_seqlens=[16, 16, 16, 16, 2048, 2048, 2048, 2048], history_seqlens=[131072, 131072, 131072, 131072, 131072, 131072, 131072, 131072]
Agg TFLOPS uses useful attention work across all TP ranks and p50(max_across_ranks); Avg/GPU divides it by world_size.
KV GB/s/GPU is average logical BF16 K+V bytes read per TP rank divided by p50(max_across_ranks); it is not hardware-counter HBM traffic.

Running B=8, q_tokens=8256, history_tokens=1048576, causal=True

B=8, q_tokens=8256, history_tokens=1048576, QH=32, KVH=2, D=128, TP=8, DCP=4, mode=causal
Method                   Time ms                                                                                                                                     Agg TFLOPS    Avg/GPU  KV GB/s/GPU      Check  Note
dcp_mega_varlen          t0=3.789, t1=3.781, t2=3.758, t3=3.764, t4=3.803, t5=3.815, t6=3.829, t7=3.821 | p50(max_across_ranks)=3.845, p90(max_across_ranks)=3.907       4646.9      580.9         36.0       skip  eager; output=bf16_ipc_a2a; runner_preallocated; timing=mega_kernel_only
Wrote benchmark JSON to /home/hychen/min_fa3_demo/benchmark_logs/experiment_suite/20260812-231044-dcp-cp-suite/02_dcp_uniform/results/mega/dcp_4/comm_sm_4/d4_c4_kv128k_dcp4_hkv2_eager.json

================================================================================
Mega comm_sm=4, case 17/64: d8_c0_kv16k_dcp4_hkv2: B=8, Sq=[16, 16, 16, 16, 16, 16, 16, 16], Sk=[16384, 16384, 16384, 16384, 16384, 16384, 16384, 16384], DCP=4, Hkv=2
================================================================================
Config: world_size=8, methods=['dcp_mega_varlen'], QH=32, KVH=2, D=128, TP=8, DCP=4, workload=chunk, execution=eager, baseline_phase_timing=False, warmup=40, iters=60, check=False
Workload: B=8, q_tokens=128, history_tokens=131072, q_seqlens=[16, 16, 16, 16, 16, 16, 16, 16], history_seqlens=[16384, 16384, 16384, 16384, 16384, 16384, 16384, 16384]
Agg TFLOPS uses useful attention work across all TP ranks and p50(max_across_ranks); Avg/GPU divides it by world_size.
KV GB/s/GPU is average logical BF16 K+V bytes read per TP rank divided by p50(max_across_ranks); it is not hardware-counter HBM traffic.

Running B=8, q_tokens=128, history_tokens=131072, causal=True

B=8, q_tokens=128, history_tokens=131072, QH=32, KVH=2, D=128, TP=8, DCP=4, mode=causal
Method                   Time ms                                                                                                                                     Agg TFLOPS    Avg/GPU  KV GB/s/GPU      Check  Note
dcp_mega_varlen          t0=0.055, t1=0.056, t2=0.055, t3=0.052, t4=0.054, t5=0.056, t6=0.053, t7=0.055 | p50(max_across_ranks)=0.057, p90(max_across_ranks)=0.058        605.6       75.7        296.7       skip  eager; output=bf16_ipc_a2a; runner_preallocated; timing=mega_kernel_only
Wrote benchmark JSON to /home/hychen/min_fa3_demo/benchmark_logs/experiment_suite/20260812-231044-dcp-cp-suite/02_dcp_uniform/results/mega/dcp_4/comm_sm_4/d8_c0_kv16k_dcp4_hkv2_eager.json

================================================================================
Mega comm_sm=4, case 18/64: d8_c0_kv32k_dcp4_hkv2: B=8, Sq=[16, 16, 16, 16, 16, 16, 16, 16], Sk=[32768, 32768, 32768, 32768, 32768, 32768, 32768, 32768], DCP=4, Hkv=2
================================================================================
Config: world_size=8, methods=['dcp_mega_varlen'], QH=32, KVH=2, D=128, TP=8, DCP=4, workload=chunk, execution=eager, baseline_phase_timing=False, warmup=40, iters=60, check=False
Workload: B=8, q_tokens=128, history_tokens=262144, q_seqlens=[16, 16, 16, 16, 16, 16, 16, 16], history_seqlens=[32768, 32768, 32768, 32768, 32768, 32768, 32768, 32768]
Agg TFLOPS uses useful attention work across all TP ranks and p50(max_across_ranks); Avg/GPU divides it by world_size.
KV GB/s/GPU is average logical BF16 K+V bytes read per TP rank divided by p50(max_across_ranks); it is not hardware-counter HBM traffic.

Running B=8, q_tokens=128, history_tokens=262144, causal=True

B=8, q_tokens=128, history_tokens=262144, QH=32, KVH=2, D=128, TP=8, DCP=4, mode=causal
Method                   Time ms                                                                                                                                     Agg TFLOPS    Avg/GPU  KV GB/s/GPU      Check  Note
dcp_mega_varlen          t0=0.065, t1=0.066, t2=0.065, t3=0.062, t4=0.064, t5=0.065, t6=0.063, t7=0.064 | p50(max_across_ranks)=0.067, p90(max_across_ranks)=0.068       1032.7      129.1        505.1       skip  eager; output=bf16_ipc_a2a; runner_preallocated; timing=mega_kernel_only
Wrote benchmark JSON to /home/hychen/min_fa3_demo/benchmark_logs/experiment_suite/20260812-231044-dcp-cp-suite/02_dcp_uniform/results/mega/dcp_4/comm_sm_4/d8_c0_kv32k_dcp4_hkv2_eager.json

================================================================================
Mega comm_sm=4, case 19/64: d8_c0_kv64k_dcp4_hkv2: B=8, Sq=[16, 16, 16, 16, 16, 16, 16, 16], Sk=[65536, 65536, 65536, 65536, 65536, 65536, 65536, 65536], DCP=4, Hkv=2
================================================================================
Config: world_size=8, methods=['dcp_mega_varlen'], QH=32, KVH=2, D=128, TP=8, DCP=4, workload=chunk, execution=eager, baseline_phase_timing=False, warmup=40, iters=60, check=False
Workload: B=8, q_tokens=128, history_tokens=524288, q_seqlens=[16, 16, 16, 16, 16, 16, 16, 16], history_seqlens=[65536, 65536, 65536, 65536, 65536, 65536, 65536, 65536]
Agg TFLOPS uses useful attention work across all TP ranks and p50(max_across_ranks); Avg/GPU divides it by world_size.
KV GB/s/GPU is average logical BF16 K+V bytes read per TP rank divided by p50(max_across_ranks); it is not hardware-counter HBM traffic.

Running B=8, q_tokens=128, history_tokens=524288, causal=True

B=8, q_tokens=128, history_tokens=524288, QH=32, KVH=2, D=128, TP=8, DCP=4, mode=causal
Method                   Time ms                                                                                                                                     Agg TFLOPS    Avg/GPU  KV GB/s/GPU      Check  Note
dcp_mega_varlen          t0=0.077, t1=0.078, t2=0.077, t3=0.075, t4=0.077, t5=0.079, t6=0.075, t7=0.077 | p50(max_across_ranks)=0.079, p90(max_across_ranks)=0.087       1739.1      217.4        849.9       skip  eager; output=bf16_ipc_a2a; runner_preallocated; timing=mega_kernel_only
Wrote benchmark JSON to /home/hychen/min_fa3_demo/benchmark_logs/experiment_suite/20260812-231044-dcp-cp-suite/02_dcp_uniform/results/mega/dcp_4/comm_sm_4/d8_c0_kv64k_dcp4_hkv2_eager.json

================================================================================
Mega comm_sm=4, case 20/64: d8_c0_kv128k_dcp4_hkv2: B=8, Sq=[16, 16, 16, 16, 16, 16, 16, 16], Sk=[131072, 131072, 131072, 131072, 131072, 131072, 131072, 131072], DCP=4, Hkv=2
================================================================================
Config: world_size=8, methods=['dcp_mega_varlen'], QH=32, KVH=2, D=128, TP=8, DCP=4, workload=chunk, execution=eager, baseline_phase_timing=False, warmup=40, iters=60, check=False
Workload: B=8, q_tokens=128, history_tokens=1048576, q_seqlens=[16, 16, 16, 16, 16, 16, 16, 16], history_seqlens=[131072, 131072, 131072, 131072, 131072, 131072, 131072, 131072]
Agg TFLOPS uses useful attention work across all TP ranks and p50(max_across_ranks); Avg/GPU divides it by world_size.
KV GB/s/GPU is average logical BF16 K+V bytes read per TP rank divided by p50(max_across_ranks); it is not hardware-counter HBM traffic.

Running B=8, q_tokens=128, history_tokens=1048576, causal=True

B=8, q_tokens=128, history_tokens=1048576, QH=32, KVH=2, D=128, TP=8, DCP=4, mode=causal
Method                   Time ms                                                                                                                                     Agg TFLOPS    Avg/GPU  KV GB/s/GPU      Check  Note
dcp_mega_varlen          t0=0.103, t1=0.104, t2=0.103, t3=0.100, t4=0.102, t5=0.103, t6=0.101, t7=0.102 | p50(max_across_ranks)=0.104, p90(max_across_ranks)=0.106       2643.2      330.4       1291.2       skip  eager; output=bf16_ipc_a2a; runner_preallocated; timing=mega_kernel_only
Wrote benchmark JSON to /home/hychen/min_fa3_demo/benchmark_logs/experiment_suite/20260812-231044-dcp-cp-suite/02_dcp_uniform/results/mega/dcp_4/comm_sm_4/d8_c0_kv128k_dcp4_hkv2_eager.json

================================================================================
Mega comm_sm=4, case 21/64: d8_c1_kv16k_dcp4_hkv2: B=9, Sq=[16, 16, 16, 16, 16, 16, 16, 16, 2048], Sk=[16384, 16384, 16384, 16384, 16384, 16384, 16384, 16384, 16384], DCP=4, Hkv=2
================================================================================
Config: world_size=8, methods=['dcp_mega_varlen'], QH=32, KVH=2, D=128, TP=8, DCP=4, workload=chunk, execution=eager, baseline_phase_timing=False, warmup=40, iters=60, check=False
Workload: B=9, q_tokens=2176, history_tokens=147456, q_seqlens=[16, 16, 16, 16, 16, 16, 16, 16, 2048], history_seqlens=[16384, 16384, 16384, 16384, 16384, 16384, 16384, 16384, 16384]
Agg TFLOPS uses useful attention work across all TP ranks and p50(max_across_ranks); Avg/GPU divides it by world_size.
KV GB/s/GPU is average logical BF16 K+V bytes read per TP rank divided by p50(max_across_ranks); it is not hardware-counter HBM traffic.

Running B=9, q_tokens=2176, history_tokens=147456, causal=True

B=9, q_tokens=2176, history_tokens=147456, QH=32, KVH=2, D=128, TP=8, DCP=4, mode=causal
Method                   Time ms                                                                                                                                     Agg TFLOPS    Avg/GPU  KV GB/s/GPU      Check  Note
dcp_mega_varlen          t0=0.275, t1=0.274, t2=0.273, t3=0.270, t4=0.271, t5=0.271, t6=0.269, t7=0.269 | p50(max_across_ranks)=0.275, p90(max_across_ranks)=0.278       2246.3      280.8         72.6       skip  eager; output=bf16_ipc_a2a; runner_preallocated; timing=mega_kernel_only
Wrote benchmark JSON to /home/hychen/min_fa3_demo/benchmark_logs/experiment_suite/20260812-231044-dcp-cp-suite/02_dcp_uniform/results/mega/dcp_4/comm_sm_4/d8_c1_kv16k_dcp4_hkv2_eager.json

================================================================================
Mega comm_sm=4, case 22/64: d8_c1_kv32k_dcp4_hkv2: B=9, Sq=[16, 16, 16, 16, 16, 16, 16, 16, 2048], Sk=[32768, 32768, 32768, 32768, 32768, 32768, 32768, 32768, 32768], DCP=4, Hkv=2
================================================================================
Config: world_size=8, methods=['dcp_mega_varlen'], QH=32, KVH=2, D=128, TP=8, DCP=4, workload=chunk, execution=eager, baseline_phase_timing=False, warmup=40, iters=60, check=False
Workload: B=9, q_tokens=2176, history_tokens=294912, q_seqlens=[16, 16, 16, 16, 16, 16, 16, 16, 2048], history_seqlens=[32768, 32768, 32768, 32768, 32768, 32768, 32768, 32768, 32768]
Agg TFLOPS uses useful attention work across all TP ranks and p50(max_across_ranks); Avg/GPU divides it by world_size.
KV GB/s/GPU is average logical BF16 K+V bytes read per TP rank divided by p50(max_across_ranks); it is not hardware-counter HBM traffic.

Running B=9, q_tokens=2176, history_tokens=294912, causal=True

B=9, q_tokens=2176, history_tokens=294912, QH=32, KVH=2, D=128, TP=8, DCP=4, mode=causal
Method                   Time ms                                                                                                                                     Agg TFLOPS    Avg/GPU  KV GB/s/GPU      Check  Note
dcp_mega_varlen          t0=0.365, t1=0.363, t2=0.364, t3=0.359, t4=0.361, t5=0.362, t6=0.360, t7=0.360 | p50(max_across_ranks)=0.365, p90(max_across_ranks)=0.368       3291.0      411.4        106.4       skip  eager; output=bf16_ipc_a2a; runner_preallocated; timing=mega_kernel_only
Wrote benchmark JSON to /home/hychen/min_fa3_demo/benchmark_logs/experiment_suite/20260812-231044-dcp-cp-suite/02_dcp_uniform/results/mega/dcp_4/comm_sm_4/d8_c1_kv32k_dcp4_hkv2_eager.json

================================================================================
Mega comm_sm=4, case 23/64: d8_c1_kv64k_dcp4_hkv2: B=9, Sq=[16, 16, 16, 16, 16, 16, 16, 16, 2048], Sk=[65536, 65536, 65536, 65536, 65536, 65536, 65536, 65536, 65536], DCP=4, Hkv=2
================================================================================
Config: world_size=8, methods=['dcp_mega_varlen'], QH=32, KVH=2, D=128, TP=8, DCP=4, workload=chunk, execution=eager, baseline_phase_timing=False, warmup=40, iters=60, check=False
Workload: B=9, q_tokens=2176, history_tokens=589824, q_seqlens=[16, 16, 16, 16, 16, 16, 16, 16, 2048], history_seqlens=[65536, 65536, 65536, 65536, 65536, 65536, 65536, 65536, 65536]
Agg TFLOPS uses useful attention work across all TP ranks and p50(max_across_ranks); Avg/GPU divides it by world_size.
KV GB/s/GPU is average logical BF16 K+V bytes read per TP rank divided by p50(max_across_ranks); it is not hardware-counter HBM traffic.

Running B=9, q_tokens=2176, history_tokens=589824, causal=True

B=9, q_tokens=2176, history_tokens=589824, QH=32, KVH=2, D=128, TP=8, DCP=4, mode=causal
Method                   Time ms                                                                                                                                     Agg TFLOPS    Avg/GPU  KV GB/s/GPU      Check  Note
dcp_mega_varlen          t0=0.609, t1=0.610, t2=0.611, t3=0.614, t4=0.600, t5=0.602, t6=0.599, t7=0.600 | p50(max_across_ranks)=0.620, p90(max_across_ranks)=0.627       3826.4      478.3        123.6       skip  eager; output=bf16_ipc_a2a; runner_preallocated; timing=mega_kernel_only
Wrote benchmark JSON to /home/hychen/min_fa3_demo/benchmark_logs/experiment_suite/20260812-231044-dcp-cp-suite/02_dcp_uniform/results/mega/dcp_4/comm_sm_4/d8_c1_kv64k_dcp4_hkv2_eager.json

================================================================================
Mega comm_sm=4, case 24/64: d8_c1_kv128k_dcp4_hkv2: B=9, Sq=[16, 16, 16, 16, 16, 16, 16, 16, 2048], Sk=[131072, 131072, 131072, 131072, 131072, 131072, 131072, 131072, 131072], DCP=4, Hkv=2
================================================================================
Config: world_size=8, methods=['dcp_mega_varlen'], QH=32, KVH=2, D=128, TP=8, DCP=4, workload=chunk, execution=eager, baseline_phase_timing=False, warmup=40, iters=60, check=False
Workload: B=9, q_tokens=2176, history_tokens=1179648, q_seqlens=[16, 16, 16, 16, 16, 16, 16, 16, 2048], history_seqlens=[131072, 131072, 131072, 131072, 131072, 131072, 131072, 131072, 131072]
Agg TFLOPS uses useful attention work across all TP ranks and p50(max_across_ranks); Avg/GPU divides it by world_size.
KV GB/s/GPU is average logical BF16 K+V bytes read per TP rank divided by p50(max_across_ranks); it is not hardware-counter HBM traffic.

Running B=9, q_tokens=2176, history_tokens=1179648, causal=True

B=9, q_tokens=2176, history_tokens=1179648, QH=32, KVH=2, D=128, TP=8, DCP=4, mode=causal
Method                   Time ms                                                                                                                                     Agg TFLOPS    Avg/GPU  KV GB/s/GPU      Check  Note
dcp_mega_varlen          t0=1.157, t1=1.156, t2=1.154, t3=1.152, t4=1.155, t5=1.156, t6=1.145, t7=1.155 | p50(max_across_ranks)=1.160, p90(max_across_ranks)=1.164       4057.7      507.2        131.1       skip  eager; output=bf16_ipc_a2a; runner_preallocated; timing=mega_kernel_only
Wrote benchmark JSON to /home/hychen/min_fa3_demo/benchmark_logs/experiment_suite/20260812-231044-dcp-cp-suite/02_dcp_uniform/results/mega/dcp_4/comm_sm_4/d8_c1_kv128k_dcp4_hkv2_eager.json

================================================================================
Mega comm_sm=4, case 25/64: d8_c2_kv16k_dcp4_hkv2: B=10, Sq=[16, 16, 16, 16, 16, 16, 16, 16, 2048, 2048], Sk=[16384, 16384, 16384, 16384, 16384, 16384, 16384, 16384, 16384, 16384], DCP=4, Hkv=2
================================================================================
Config: world_size=8, methods=['dcp_mega_varlen'], QH=32, KVH=2, D=128, TP=8, DCP=4, workload=chunk, execution=eager, baseline_phase_timing=False, warmup=40, iters=60, check=False
Workload: B=10, q_tokens=4224, history_tokens=163840, q_seqlens=[16, 16, 16, 16, 16, 16, 16, 16, 2048, 2048], history_seqlens=[16384, 16384, 16384, 16384, 16384, 16384, 16384, 16384, 16384, 16384]
Agg TFLOPS uses useful attention work across all TP ranks and p50(max_across_ranks); Avg/GPU divides it by world_size.
KV GB/s/GPU is average logical BF16 K+V bytes read per TP rank divided by p50(max_across_ranks); it is not hardware-counter HBM traffic.

Running B=10, q_tokens=4224, history_tokens=163840, causal=True

B=10, q_tokens=4224, history_tokens=163840, QH=32, KVH=2, D=128, TP=8, DCP=4, mode=causal
Method                   Time ms                                                                                                                                     Agg TFLOPS    Avg/GPU  KV GB/s/GPU      Check  Note
dcp_mega_varlen          t0=0.534, t1=0.534, t2=0.533, t3=0.521, t4=0.529, t5=0.531, t6=0.521, t7=0.525 | p50(max_across_ranks)=0.538, p90(max_across_ranks)=0.554       2234.7      279.3         43.0       skip  eager; output=bf16_ipc_a2a; runner_preallocated; timing=mega_kernel_only
Wrote benchmark JSON to /home/hychen/min_fa3_demo/benchmark_logs/experiment_suite/20260812-231044-dcp-cp-suite/02_dcp_uniform/results/mega/dcp_4/comm_sm_4/d8_c2_kv16k_dcp4_hkv2_eager.json

================================================================================
Mega comm_sm=4, case 26/64: d8_c2_kv32k_dcp4_hkv2: B=10, Sq=[16, 16, 16, 16, 16, 16, 16, 16, 2048, 2048], Sk=[32768, 32768, 32768, 32768, 32768, 32768, 32768, 32768, 32768, 32768], DCP=4, Hkv=2
================================================================================
Config: world_size=8, methods=['dcp_mega_varlen'], QH=32, KVH=2, D=128, TP=8, DCP=4, workload=chunk, execution=eager, baseline_phase_timing=False, warmup=40, iters=60, check=False
Workload: B=10, q_tokens=4224, history_tokens=327680, q_seqlens=[16, 16, 16, 16, 16, 16, 16, 16, 2048, 2048], history_seqlens=[32768, 32768, 32768, 32768, 32768, 32768, 32768, 32768, 32768, 32768]
Agg TFLOPS uses useful attention work across all TP ranks and p50(max_across_ranks); Avg/GPU divides it by world_size.
KV GB/s/GPU is average logical BF16 K+V bytes read per TP rank divided by p50(max_across_ranks); it is not hardware-counter HBM traffic.

Running B=10, q_tokens=4224, history_tokens=327680, causal=True

B=10, q_tokens=4224, history_tokens=327680, QH=32, KVH=2, D=128, TP=8, DCP=4, mode=causal
Method                   Time ms                                                                                                                                     Agg TFLOPS    Avg/GPU  KV GB/s/GPU      Check  Note
dcp_mega_varlen          t0=0.708, t1=0.710, t2=0.702, t3=0.708, t4=0.703, t5=0.706, t6=0.699, t7=0.703 | p50(max_across_ranks)=0.715, p90(max_across_ranks)=0.729       3267.4      408.4         61.7       skip  eager; output=bf16_ipc_a2a; runner_preallocated; timing=mega_kernel_only
Wrote benchmark JSON to /home/hychen/min_fa3_demo/benchmark_logs/experiment_suite/20260812-231044-dcp-cp-suite/02_dcp_uniform/results/mega/dcp_4/comm_sm_4/d8_c2_kv32k_dcp4_hkv2_eager.json

================================================================================
Mega comm_sm=4, case 27/64: d8_c2_kv64k_dcp4_hkv2: B=10, Sq=[16, 16, 16, 16, 16, 16, 16, 16, 2048, 2048], Sk=[65536, 65536, 65536, 65536, 65536, 65536, 65536, 65536, 65536, 65536], DCP=4, Hkv=2
================================================================================
Config: world_size=8, methods=['dcp_mega_varlen'], QH=32, KVH=2, D=128, TP=8, DCP=4, workload=chunk, execution=eager, baseline_phase_timing=False, warmup=40, iters=60, check=False
Workload: B=10, q_tokens=4224, history_tokens=655360, q_seqlens=[16, 16, 16, 16, 16, 16, 16, 16, 2048, 2048], history_seqlens=[65536, 65536, 65536, 65536, 65536, 65536, 65536, 65536, 65536, 65536]
Agg TFLOPS uses useful attention work across all TP ranks and p50(max_across_ranks); Avg/GPU divides it by world_size.
KV GB/s/GPU is average logical BF16 K+V bytes read per TP rank divided by p50(max_across_ranks); it is not hardware-counter HBM traffic.

Running B=10, q_tokens=4224, history_tokens=655360, causal=True

B=10, q_tokens=4224, history_tokens=655360, QH=32, KVH=2, D=128, TP=8, DCP=4, mode=causal
Method                   Time ms                                                                                                                                     Agg TFLOPS    Avg/GPU  KV GB/s/GPU      Check  Note
dcp_mega_varlen          t0=1.094, t1=1.102, t2=1.095, t3=1.099, t4=1.098, t5=1.097, t6=1.098, t7=1.086 | p50(max_across_ranks)=1.109, p90(max_across_ranks)=1.126       4150.4      518.8         77.6       skip  eager; output=bf16_ipc_a2a; runner_preallocated; timing=mega_kernel_only
Wrote benchmark JSON to /home/hychen/min_fa3_demo/benchmark_logs/experiment_suite/20260812-231044-dcp-cp-suite/02_dcp_uniform/results/mega/dcp_4/comm_sm_4/d8_c2_kv64k_dcp4_hkv2_eager.json

================================================================================
Mega comm_sm=4, case 28/64: d8_c2_kv128k_dcp4_hkv2: B=10, Sq=[16, 16, 16, 16, 16, 16, 16, 16, 2048, 2048], Sk=[131072, 131072, 131072, 131072, 131072, 131072, 131072, 131072, 131072, 131072], DCP=4, Hkv=2
================================================================================
Config: world_size=8, methods=['dcp_mega_varlen'], QH=32, KVH=2, D=128, TP=8, DCP=4, workload=chunk, execution=eager, baseline_phase_timing=False, warmup=40, iters=60, check=False
Workload: B=10, q_tokens=4224, history_tokens=1310720, q_seqlens=[16, 16, 16, 16, 16, 16, 16, 16, 2048, 2048], history_seqlens=[131072, 131072, 131072, 131072, 131072, 131072, 131072, 131072, 131072, 131072]
Agg TFLOPS uses useful attention work across all TP ranks and p50(max_across_ranks); Avg/GPU divides it by world_size.
KV GB/s/GPU is average logical BF16 K+V bytes read per TP rank divided by p50(max_across_ranks); it is not hardware-counter HBM traffic.

Running B=10, q_tokens=4224, history_tokens=1310720, causal=True

B=10, q_tokens=4224, history_tokens=1310720, QH=32, KVH=2, D=128, TP=8, DCP=4, mode=causal
Method                   Time ms                                                                                                                                     Agg TFLOPS    Avg/GPU  KV GB/s/GPU      Check  Note
dcp_mega_varlen          t0=2.014, t1=2.007, t2=2.006, t3=2.010, t4=2.014, t5=2.014, t6=2.010, t7=2.009 | p50(max_across_ranks)=2.035, p90(max_across_ranks)=2.056       4491.3      561.4         83.5       skip  eager; output=bf16_ipc_a2a; runner_preallocated; timing=mega_kernel_only
Wrote benchmark JSON to /home/hychen/min_fa3_demo/benchmark_logs/experiment_suite/20260812-231044-dcp-cp-suite/02_dcp_uniform/results/mega/dcp_4/comm_sm_4/d8_c2_kv128k_dcp4_hkv2_eager.json

================================================================================
Mega comm_sm=4, case 29/64: d8_c4_kv16k_dcp4_hkv2: B=12, Sq=[16, 16, 16, 16, 16, 16, 16, 16, 2048, 2048, 2048, 2048], Sk=[16384, 16384, 16384, 16384, 16384, 16384, 16384, 16384, 16384, 16384, 16384, 16384], DCP=4, Hkv=2
================================================================================
Config: world_size=8, methods=['dcp_mega_varlen'], QH=32, KVH=2, D=128, TP=8, DCP=4, workload=chunk, execution=eager, baseline_phase_timing=False, warmup=40, iters=60, check=False
Workload: B=12, q_tokens=8320, history_tokens=196608, q_seqlens=[16, 16, 16, 16, 16, 16, 16, 16, 2048, 2048, 2048, 2048], history_seqlens=[16384, 16384, 16384, 16384, 16384, 16384, 16384, 16384, 16384, 16384, 16384, 16384]
Agg TFLOPS uses useful attention work across all TP ranks and p50(max_across_ranks); Avg/GPU divides it by world_size.
KV GB/s/GPU is average logical BF16 K+V bytes read per TP rank divided by p50(max_across_ranks); it is not hardware-counter HBM traffic.

Running B=12, q_tokens=8320, history_tokens=196608, causal=True

B=12, q_tokens=8320, history_tokens=196608, QH=32, KVH=2, D=128, TP=8, DCP=4, mode=causal
Method                   Time ms                                                                                                                                     Agg TFLOPS    Avg/GPU  KV GB/s/GPU      Check  Note
dcp_mega_varlen          t0=1.039, t1=1.029, t2=1.039, t3=1.023, t4=1.030, t5=1.034, t6=1.032, t7=1.026 | p50(max_across_ranks)=1.049, p90(max_across_ranks)=1.056       2260.8      282.6         28.1       skip  eager; output=bf16_ipc_a2a; runner_preallocated; timing=mega_kernel_only
Wrote benchmark JSON to /home/hychen/min_fa3_demo/benchmark_logs/experiment_suite/20260812-231044-dcp-cp-suite/02_dcp_uniform/results/mega/dcp_4/comm_sm_4/d8_c4_kv16k_dcp4_hkv2_eager.json

================================================================================
Mega comm_sm=4, case 30/64: d8_c4_kv32k_dcp4_hkv2: B=12, Sq=[16, 16, 16, 16, 16, 16, 16, 16, 2048, 2048, 2048, 2048], Sk=[32768, 32768, 32768, 32768, 32768, 32768, 32768, 32768, 32768, 32768, 32768, 32768], DCP=4, Hkv=2
================================================================================
Config: world_size=8, methods=['dcp_mega_varlen'], QH=32, KVH=2, D=128, TP=8, DCP=4, workload=chunk, execution=eager, baseline_phase_timing=False, warmup=40, iters=60, check=False
Workload: B=12, q_tokens=8320, history_tokens=393216, q_seqlens=[16, 16, 16, 16, 16, 16, 16, 16, 2048, 2048, 2048, 2048], history_seqlens=[32768, 32768, 32768, 32768, 32768, 32768, 32768, 32768, 32768, 32768, 32768, 32768]
Agg TFLOPS uses useful attention work across all TP ranks and p50(max_across_ranks); Avg/GPU divides it by world_size.
KV GB/s/GPU is average logical BF16 K+V bytes read per TP rank divided by p50(max_across_ranks); it is not hardware-counter HBM traffic.

Running B=12, q_tokens=8320, history_tokens=393216, causal=True

B=12, q_tokens=8320, history_tokens=393216, QH=32, KVH=2, D=128, TP=8, DCP=4, mode=causal
Method                   Time ms                                                                                                                                     Agg TFLOPS    Avg/GPU  KV GB/s/GPU      Check  Note
dcp_mega_varlen          t0=1.373, t1=1.378, t2=1.378, t3=1.372, t4=1.375, t5=1.376, t6=1.381, t7=1.369 | p50(max_across_ranks)=1.402, p90(max_across_ranks)=1.421       3283.2      410.4         38.9       skip  eager; output=bf16_ipc_a2a; runner_preallocated; timing=mega_kernel_only
Wrote benchmark JSON to /home/hychen/min_fa3_demo/benchmark_logs/experiment_suite/20260812-231044-dcp-cp-suite/02_dcp_uniform/results/mega/dcp_4/comm_sm_4/d8_c4_kv32k_dcp4_hkv2_eager.json

================================================================================
Mega comm_sm=4, case 31/64: d8_c4_kv64k_dcp4_hkv2: B=12, Sq=[16, 16, 16, 16, 16, 16, 16, 16, 2048, 2048, 2048, 2048], Sk=[65536, 65536, 65536, 65536, 65536, 65536, 65536, 65536, 65536, 65536, 65536, 65536], DCP=4, Hkv=2
================================================================================
Config: world_size=8, methods=['dcp_mega_varlen'], QH=32, KVH=2, D=128, TP=8, DCP=4, workload=chunk, execution=eager, baseline_phase_timing=False, warmup=40, iters=60, check=False
Workload: B=12, q_tokens=8320, history_tokens=786432, q_seqlens=[16, 16, 16, 16, 16, 16, 16, 16, 2048, 2048, 2048, 2048], history_seqlens=[65536, 65536, 65536, 65536, 65536, 65536, 65536, 65536, 65536, 65536, 65536, 65536]
Agg TFLOPS uses useful attention work across all TP ranks and p50(max_across_ranks); Avg/GPU divides it by world_size.
KV GB/s/GPU is average logical BF16 K+V bytes read per TP rank divided by p50(max_across_ranks); it is not hardware-counter HBM traffic.

Running B=12, q_tokens=8320, history_tokens=786432, causal=True

B=12, q_tokens=8320, history_tokens=786432, QH=32, KVH=2, D=128, TP=8, DCP=4, mode=causal
Method                   Time ms                                                                                                                                     Agg TFLOPS    Avg/GPU  KV GB/s/GPU      Check  Note
dcp_mega_varlen          t0=2.172, t1=2.177, t2=2.181, t3=2.165, t4=2.166, t5=2.173, t6=2.163, t7=2.163 | p50(max_across_ranks)=2.191, p90(max_across_ranks)=2.205       4140.7      517.6         47.9       skip  eager; output=bf16_ipc_a2a; runner_preallocated; timing=mega_kernel_only
Wrote benchmark JSON to /home/hychen/min_fa3_demo/benchmark_logs/experiment_suite/20260812-231044-dcp-cp-suite/02_dcp_uniform/results/mega/dcp_4/comm_sm_4/d8_c4_kv64k_dcp4_hkv2_eager.json

================================================================================
Mega comm_sm=4, case 32/64: d8_c4_kv128k_dcp4_hkv2: B=12, Sq=[16, 16, 16, 16, 16, 16, 16, 16, 2048, 2048, 2048, 2048], Sk=[131072, 131072, 131072, 131072, 131072, 131072, 131072, 131072, 131072, 131072, 131072, 131072], DCP=4, Hkv=2
================================================================================
Config: world_size=8, methods=['dcp_mega_varlen'], QH=32, KVH=2, D=128, TP=8, DCP=4, workload=chunk, execution=eager, baseline_phase_timing=False, warmup=40, iters=60, check=False
Workload: B=12, q_tokens=8320, history_tokens=1572864, q_seqlens=[16, 16, 16, 16, 16, 16, 16, 16, 2048, 2048, 2048, 2048], history_seqlens=[131072, 131072, 131072, 131072, 131072, 131072, 131072, 131072, 131072, 131072, 131072, 131072]
Agg TFLOPS uses useful attention work across all TP ranks and p50(max_across_ranks); Avg/GPU divides it by world_size.
KV GB/s/GPU is average logical BF16 K+V bytes read per TP rank divided by p50(max_across_ranks); it is not hardware-counter HBM traffic.

Running B=12, q_tokens=8320, history_tokens=1572864, causal=True

B=12, q_tokens=8320, history_tokens=1572864, QH=32, KVH=2, D=128, TP=8, DCP=4, mode=causal
Method                   Time ms                                                                                                                                     Agg TFLOPS    Avg/GPU  KV GB/s/GPU      Check  Note
dcp_mega_varlen          t0=3.871, t1=3.854, t2=3.879, t3=3.867, t4=3.860, t5=3.849, t6=3.833, t7=3.857 | p50(max_across_ranks)=3.888, p90(max_across_ranks)=3.917       4631.0      578.9         52.9       skip  eager; output=bf16_ipc_a2a; runner_preallocated; timing=mega_kernel_only
Wrote benchmark JSON to /home/hychen/min_fa3_demo/benchmark_logs/experiment_suite/20260812-231044-dcp-cp-suite/02_dcp_uniform/results/mega/dcp_4/comm_sm_4/d8_c4_kv128k_dcp4_hkv2_eager.json

================================================================================
Mega comm_sm=4, case 33/64: d16_c0_kv16k_dcp4_hkv2: B=16, Sq=[16, 16, 16, 16, 16, 16, 16, 16, 16, 16, 16, 16, 16, 16, 16, 16], Sk=[16384, 16384, 16384, 16384, 16384, 16384, 16384, 16384, 16384, 16384, 16384, 16384, 16384, 16384, 16384, 16384], DCP=4, Hkv=2
================================================================================
Config: world_size=8, methods=['dcp_mega_varlen'], QH=32, KVH=2, D=128, TP=8, DCP=4, workload=chunk, execution=eager, baseline_phase_timing=False, warmup=40, iters=60, check=False
Workload: B=16, q_tokens=256, history_tokens=262144, q_seqlens=[16, 16, 16, 16, 16, 16, 16, 16, 16, 16, 16, 16, 16, 16, 16, 16], history_seqlens=[16384, 16384, 16384, 16384, 16384, 16384, 16384, 16384, 16384, 16384, 16384, 16384, 16384, 16384, 16384, 16384]
Agg TFLOPS uses useful attention work across all TP ranks and p50(max_across_ranks); Avg/GPU divides it by world_size.
KV GB/s/GPU is average logical BF16 K+V bytes read per TP rank divided by p50(max_across_ranks); it is not hardware-counter HBM traffic.

Running B=16, q_tokens=256, history_tokens=262144, causal=True

B=16, q_tokens=256, history_tokens=262144, QH=32, KVH=2, D=128, TP=8, DCP=4, mode=causal
Method                   Time ms                                                                                                                                     Agg TFLOPS    Avg/GPU  KV GB/s/GPU      Check  Note
dcp_mega_varlen          t0=0.073, t1=0.074, t2=0.073, t3=0.068, t4=0.071, t5=0.073, t6=0.070, t7=0.071 | p50(max_across_ranks)=0.075, p90(max_across_ranks)=0.075        918.6      114.8        450.1       skip  eager; output=bf16_ipc_a2a; runner_preallocated; timing=mega_kernel_only
Wrote benchmark JSON to /home/hychen/min_fa3_demo/benchmark_logs/experiment_suite/20260812-231044-dcp-cp-suite/02_dcp_uniform/results/mega/dcp_4/comm_sm_4/d16_c0_kv16k_dcp4_hkv2_eager.json

================================================================================
Mega comm_sm=4, case 34/64: d16_c0_kv32k_dcp4_hkv2: B=16, Sq=[16, 16, 16, 16, 16, 16, 16, 16, 16, 16, 16, 16, 16, 16, 16, 16], Sk=[32768, 32768, 32768, 32768, 32768, 32768, 32768, 32768, 32768, 32768, 32768, 32768, 32768, 32768, 32768, 32768], DCP=4, Hkv=2
================================================================================
Config: world_size=8, methods=['dcp_mega_varlen'], QH=32, KVH=2, D=128, TP=8, DCP=4, workload=chunk, execution=eager, baseline_phase_timing=False, warmup=40, iters=60, check=False
Workload: B=16, q_tokens=256, history_tokens=524288, q_seqlens=[16, 16, 16, 16, 16, 16, 16, 16, 16, 16, 16, 16, 16, 16, 16, 16], history_seqlens=[32768, 32768, 32768, 32768, 32768, 32768, 32768, 32768, 32768, 32768, 32768, 32768, 32768, 32768, 32768, 32768]
Agg TFLOPS uses useful attention work across all TP ranks and p50(max_across_ranks); Avg/GPU divides it by world_size.
KV GB/s/GPU is average logical BF16 K+V bytes read per TP rank divided by p50(max_across_ranks); it is not hardware-counter HBM traffic.

Running B=16, q_tokens=256, history_tokens=524288, causal=True

B=16, q_tokens=256, history_tokens=524288, QH=32, KVH=2, D=128, TP=8, DCP=4, mode=causal
Method                   Time ms                                                                                                                                     Agg TFLOPS    Avg/GPU  KV GB/s/GPU      Check  Note
dcp_mega_varlen          t0=0.085, t1=0.086, t2=0.085, t3=0.081, t4=0.084, t5=0.085, t6=0.082, t7=0.084 | p50(max_across_ranks)=0.088, p90(max_across_ranks)=0.090       1564.8      195.6        765.3       skip  eager; output=bf16_ipc_a2a; runner_preallocated; timing=mega_kernel_only
Wrote benchmark JSON to /home/hychen/min_fa3_demo/benchmark_logs/experiment_suite/20260812-231044-dcp-cp-suite/02_dcp_uniform/results/mega/dcp_4/comm_sm_4/d16_c0_kv32k_dcp4_hkv2_eager.json

================================================================================
Mega comm_sm=4, case 35/64: d16_c0_kv64k_dcp4_hkv2: B=16, Sq=[16, 16, 16, 16, 16, 16, 16, 16, 16, 16, 16, 16, 16, 16, 16, 16], Sk=[65536, 65536, 65536, 65536, 65536, 65536, 65536, 65536, 65536, 65536, 65536, 65536, 65536, 65536, 65536, 65536], DCP=4, Hkv=2
================================================================================
Config: world_size=8, methods=['dcp_mega_varlen'], QH=32, KVH=2, D=128, TP=8, DCP=4, workload=chunk, execution=eager, baseline_phase_timing=False, warmup=40, iters=60, check=False
Workload: B=16, q_tokens=256, history_tokens=1048576, q_seqlens=[16, 16, 16, 16, 16, 16, 16, 16, 16, 16, 16, 16, 16, 16, 16, 16], history_seqlens=[65536, 65536, 65536, 65536, 65536, 65536, 65536, 65536, 65536, 65536, 65536, 65536, 65536, 65536, 65536, 65536]
Agg TFLOPS uses useful attention work across all TP ranks and p50(max_across_ranks); Avg/GPU divides it by world_size.
KV GB/s/GPU is average logical BF16 K+V bytes read per TP rank divided by p50(max_across_ranks); it is not hardware-counter HBM traffic.

Running B=16, q_tokens=256, history_tokens=1048576, causal=True

B=16, q_tokens=256, history_tokens=1048576, QH=32, KVH=2, D=128, TP=8, DCP=4, mode=causal
Method                   Time ms                                                                                                                                     Agg TFLOPS    Avg/GPU  KV GB/s/GPU      Check  Note
dcp_mega_varlen          t0=0.111, t1=0.112, t2=0.110, t3=0.107, t4=0.109, t5=0.109, t6=0.108, t7=0.110 | p50(max_across_ranks)=0.113, p90(max_across_ranks)=0.114       2441.7      305.2       1193.2       skip  eager; output=bf16_ipc_a2a; runner_preallocated; timing=mega_kernel_only
Wrote benchmark JSON to /home/hychen/min_fa3_demo/benchmark_logs/experiment_suite/20260812-231044-dcp-cp-suite/02_dcp_uniform/results/mega/dcp_4/comm_sm_4/d16_c0_kv64k_dcp4_hkv2_eager.json

================================================================================
Mega comm_sm=4, case 36/64: d16_c0_kv128k_dcp4_hkv2: B=16, Sq=[16, 16, 16, 16, 16, 16, 16, 16, 16, 16, 16, 16, 16, 16, 16, 16], Sk=[131072, 131072, 131072, 131072, 131072, 131072, 131072, 131072, 131072, 131072, 131072, 131072, 131072, 131072, 131072, 131072], DCP=4, Hkv=2
================================================================================
Config: world_size=8, methods=['dcp_mega_varlen'], QH=32, KVH=2, D=128, TP=8, DCP=4, workload=chunk, execution=eager, baseline_phase_timing=False, warmup=40, iters=60, check=False
Workload: B=16, q_tokens=256, history_tokens=2097152, q_seqlens=[16, 16, 16, 16, 16, 16, 16, 16, 16, 16, 16, 16, 16, 16, 16, 16], history_seqlens=[131072, 131072, 131072, 131072, 131072, 131072, 131072, 131072, 131072, 131072, 131072, 131072, 131072, 131072, 131072, 131072]
Agg TFLOPS uses useful attention work across all TP ranks and p50(max_across_ranks); Avg/GPU divides it by world_size.
KV GB/s/GPU is average logical BF16 K+V bytes read per TP rank divided by p50(max_across_ranks); it is not hardware-counter HBM traffic.

Running B=16, q_tokens=256, history_tokens=2097152, causal=True

B=16, q_tokens=256, history_tokens=2097152, QH=32, KVH=2, D=128, TP=8, DCP=4, mode=causal
Method                   Time ms                                                                                                                                     Agg TFLOPS    Avg/GPU  KV GB/s/GPU      Check  Note
dcp_mega_varlen          t0=0.164, t1=0.165, t2=0.164, t3=0.160, t4=0.162, t5=0.162, t6=0.160, t7=0.162 | p50(max_across_ranks)=0.166, p90(max_across_ranks)=0.171       3319.4      414.9       1621.5       skip  eager; output=bf16_ipc_a2a; runner_preallocated; timing=mega_kernel_only
Wrote benchmark JSON to /home/hychen/min_fa3_demo/benchmark_logs/experiment_suite/20260812-231044-dcp-cp-suite/02_dcp_uniform/results/mega/dcp_4/comm_sm_4/d16_c0_kv128k_dcp4_hkv2_eager.json

================================================================================
Mega comm_sm=4, case 37/64: d16_c1_kv16k_dcp4_hkv2: B=17, Sq=[16, 16, 16, 16, 16, 16, 16, 16, 16, 16, 16, 16, 16, 16, 16, 16, 2048], Sk=[16384, 16384, 16384, 16384, 16384, 16384, 16384, 16384, 16384, 16384, 16384, 16384, 16384, 16384, 16384, 16384, 16384], DCP=4, Hkv=2
================================================================================
Config: world_size=8, methods=['dcp_mega_varlen'], QH=32, KVH=2, D=128, TP=8, DCP=4, workload=chunk, execution=eager, baseline_phase_timing=False, warmup=40, iters=60, check=False
Workload: B=17, q_tokens=2304, history_tokens=278528, q_seqlens=[16, 16, 16, 16, 16, 16, 16, 16, 16, 16, 16, 16, 16, 16, 16, 16, 2048], history_seqlens=[16384, 16384, 16384, 16384, 16384, 16384, 16384, 16384, 16384, 16384, 16384, 16384, 16384, 16384, 16384, 16384, 16384]
Agg TFLOPS uses useful attention work across all TP ranks and p50(max_across_ranks); Avg/GPU divides it by world_size.
KV GB/s/GPU is average logical BF16 K+V bytes read per TP rank divided by p50(max_across_ranks); it is not hardware-counter HBM traffic.

Running B=17, q_tokens=2304, history_tokens=278528, causal=True

B=17, q_tokens=2304, history_tokens=278528, QH=32, KVH=2, D=128, TP=8, DCP=4, mode=causal
Method                   Time ms                                                                                                                                     Agg TFLOPS    Avg/GPU  KV GB/s/GPU      Check  Note
dcp_mega_varlen          t0=0.285, t1=0.283, t2=0.282, t3=0.280, t4=0.283, t5=0.283, t6=0.283, t7=0.282 | p50(max_across_ranks)=0.285, p90(max_across_ranks)=0.288       2287.3      285.9        129.0       skip  eager; output=bf16_ipc_a2a; runner_preallocated; timing=mega_kernel_only
Wrote benchmark JSON to /home/hychen/min_fa3_demo/benchmark_logs/experiment_suite/20260812-231044-dcp-cp-suite/02_dcp_uniform/results/mega/dcp_4/comm_sm_4/d16_c1_kv16k_dcp4_hkv2_eager.json

================================================================================
Mega comm_sm=4, case 38/64: d16_c1_kv32k_dcp4_hkv2: B=17, Sq=[16, 16, 16, 16, 16, 16, 16, 16, 16, 16, 16, 16, 16, 16, 16, 16, 2048], Sk=[32768, 32768, 32768, 32768, 32768, 32768, 32768, 32768, 32768, 32768, 32768, 32768, 32768, 32768, 32768, 32768, 32768], DCP=4, Hkv=2
================================================================================
Config: world_size=8, methods=['dcp_mega_varlen'], QH=32, KVH=2, D=128, TP=8, DCP=4, workload=chunk, execution=eager, baseline_phase_timing=False, warmup=40, iters=60, check=False
Workload: B=17, q_tokens=2304, history_tokens=557056, q_seqlens=[16, 16, 16, 16, 16, 16, 16, 16, 16, 16, 16, 16, 16, 16, 16, 16, 2048], history_seqlens=[32768, 32768, 32768, 32768, 32768, 32768, 32768, 32768, 32768, 32768, 32768, 32768, 32768, 32768, 32768, 32768, 32768]
Agg TFLOPS uses useful attention work across all TP ranks and p50(max_across_ranks); Avg/GPU divides it by world_size.
KV GB/s/GPU is average logical BF16 K+V bytes read per TP rank divided by p50(max_across_ranks); it is not hardware-counter HBM traffic.

Running B=17, q_tokens=2304, history_tokens=557056, causal=True

B=17, q_tokens=2304, history_tokens=557056, QH=32, KVH=2, D=128, TP=8, DCP=4, mode=causal
Method                   Time ms                                                                                                                                     Agg TFLOPS    Avg/GPU  KV GB/s/GPU      Check  Note
dcp_mega_varlen          t0=0.380, t1=0.373, t2=0.375, t3=0.369, t4=0.373, t5=0.372, t6=0.372, t7=0.376 | p50(max_across_ranks)=0.380, p90(max_across_ranks)=0.386       3341.5      417.7        190.5       skip  eager; output=bf16_ipc_a2a; runner_preallocated; timing=mega_kernel_only
Wrote benchmark JSON to /home/hychen/min_fa3_demo/benchmark_logs/experiment_suite/20260812-231044-dcp-cp-suite/02_dcp_uniform/results/mega/dcp_4/comm_sm_4/d16_c1_kv32k_dcp4_hkv2_eager.json

================================================================================
Mega comm_sm=4, case 39/64: d16_c1_kv64k_dcp4_hkv2: B=17, Sq=[16, 16, 16, 16, 16, 16, 16, 16, 16, 16, 16, 16, 16, 16, 16, 16, 2048], Sk=[65536, 65536, 65536, 65536, 65536, 65536, 65536, 65536, 65536, 65536, 65536, 65536, 65536, 65536, 65536, 65536, 65536], DCP=4, Hkv=2
================================================================================
Config: world_size=8, methods=['dcp_mega_varlen'], QH=32, KVH=2, D=128, TP=8, DCP=4, workload=chunk, execution=eager, baseline_phase_timing=False, warmup=40, iters=60, check=False
Workload: B=17, q_tokens=2304, history_tokens=1114112, q_seqlens=[16, 16, 16, 16, 16, 16, 16, 16, 16, 16, 16, 16, 16, 16, 16, 16, 2048], history_seqlens=[65536, 65536, 65536, 65536, 65536, 65536, 65536, 65536, 65536, 65536, 65536, 65536, 65536, 65536, 65536, 65536, 65536]
Agg TFLOPS uses useful attention work across all TP ranks and p50(max_across_ranks); Avg/GPU divides it by world_size.
KV GB/s/GPU is average logical BF16 K+V bytes read per TP rank divided by p50(max_across_ranks); it is not hardware-counter HBM traffic.

Running B=17, q_tokens=2304, history_tokens=1114112, causal=True

B=17, q_tokens=2304, history_tokens=1114112, QH=32, KVH=2, D=128, TP=8, DCP=4, mode=causal
Method                   Time ms                                                                                                                                     Agg TFLOPS    Avg/GPU  KV GB/s/GPU      Check  Note
dcp_mega_varlen          t0=0.633, t1=0.621, t2=0.633, t3=0.631, t4=0.613, t5=0.615, t6=0.610, t7=0.613 | p50(max_across_ranks)=0.634, p90(max_across_ranks)=0.638       3953.9      494.2        226.7       skip  eager; output=bf16_ipc_a2a; runner_preallocated; timing=mega_kernel_only
Wrote benchmark JSON to /home/hychen/min_fa3_demo/benchmark_logs/experiment_suite/20260812-231044-dcp-cp-suite/02_dcp_uniform/results/mega/dcp_4/comm_sm_4/d16_c1_kv64k_dcp4_hkv2_eager.json

================================================================================
Mega comm_sm=4, case 40/64: d16_c1_kv128k_dcp4_hkv2: B=17, Sq=[16, 16, 16, 16, 16, 16, 16, 16, 16, 16, 16, 16, 16, 16, 16, 16, 2048], Sk=[131072, 131072, 131072, 131072, 131072, 131072, 131072, 131072, 131072, 131072, 131072, 131072, 131072, 131072, 131072, 131072, 131072], DCP=4, Hkv=2
================================================================================
Config: world_size=8, methods=['dcp_mega_varlen'], QH=32, KVH=2, D=128, TP=8, DCP=4, workload=chunk, execution=eager, baseline_phase_timing=False, warmup=40, iters=60, check=False
Workload: B=17, q_tokens=2304, history_tokens=2228224, q_seqlens=[16, 16, 16, 16, 16, 16, 16, 16, 16, 16, 16, 16, 16, 16, 16, 16, 2048], history_seqlens=[131072, 131072, 131072, 131072, 131072, 131072, 131072, 131072, 131072, 131072, 131072, 131072, 131072, 131072, 131072, 131072, 131072]
Agg TFLOPS uses useful attention work across all TP ranks and p50(max_across_ranks); Avg/GPU divides it by world_size.
KV GB/s/GPU is average logical BF16 K+V bytes read per TP rank divided by p50(max_across_ranks); it is not hardware-counter HBM traffic.

Running B=17, q_tokens=2304, history_tokens=2228224, causal=True

B=17, q_tokens=2304, history_tokens=2228224, QH=32, KVH=2, D=128, TP=8, DCP=4, mode=causal
Method                   Time ms                                                                                                                                     Agg TFLOPS    Avg/GPU  KV GB/s/GPU      Check  Note
dcp_mega_varlen          t0=1.196, t1=1.189, t2=1.197, t3=1.197, t4=1.182, t5=1.184, t6=1.178, t7=1.178 | p50(max_across_ranks)=1.203, p90(max_across_ranks)=1.218       4141.5      517.7        238.1       skip  eager; output=bf16_ipc_a2a; runner_preallocated; timing=mega_kernel_only
Wrote benchmark JSON to /home/hychen/min_fa3_demo/benchmark_logs/experiment_suite/20260812-231044-dcp-cp-suite/02_dcp_uniform/results/mega/dcp_4/comm_sm_4/d16_c1_kv128k_dcp4_hkv2_eager.json

================================================================================
Mega comm_sm=4, case 41/64: d16_c2_kv16k_dcp4_hkv2: B=18, Sq=[16, 16, 16, 16, 16, 16, 16, 16, 16, 16, 16, 16, 16, 16, 16, 16, 2048, 2048], Sk=[16384, 16384, 16384, 16384, 16384, 16384, 16384, 16384, 16384, 16384, 16384, 16384, 16384, 16384, 16384, 16384, 16384, 16384], DCP=4, Hkv=2
================================================================================
Config: world_size=8, methods=['dcp_mega_varlen'], QH=32, KVH=2, D=128, TP=8, DCP=4, workload=chunk, execution=eager, baseline_phase_timing=False, warmup=40, iters=60, check=False
Workload: B=18, q_tokens=4352, history_tokens=294912, q_seqlens=[16, 16, 16, 16, 16, 16, 16, 16, 16, 16, 16, 16, 16, 16, 16, 16, 2048, 2048], history_seqlens=[16384, 16384, 16384, 16384, 16384, 16384, 16384, 16384, 16384, 16384, 16384, 16384, 16384, 16384, 16384, 16384, 16384, 16384]
Agg TFLOPS uses useful attention work across all TP ranks and p50(max_across_ranks); Avg/GPU divides it by world_size.
KV GB/s/GPU is average logical BF16 K+V bytes read per TP rank divided by p50(max_across_ranks); it is not hardware-counter HBM traffic.

Running B=18, q_tokens=4352, history_tokens=294912, causal=True

B=18, q_tokens=4352, history_tokens=294912, QH=32, KVH=2, D=128, TP=8, DCP=4, mode=causal
Method                   Time ms                                                                                                                                     Agg TFLOPS    Avg/GPU  KV GB/s/GPU      Check  Note
dcp_mega_varlen          t0=0.538, t1=0.537, t2=0.537, t3=0.534, t4=0.535, t5=0.536, t6=0.534, t7=0.533 | p50(max_across_ranks)=0.549, p90(max_across_ranks)=0.554       2254.5      281.8         72.9       skip  eager; output=bf16_ipc_a2a; runner_preallocated; timing=mega_kernel_only
Wrote benchmark JSON to /home/hychen/min_fa3_demo/benchmark_logs/experiment_suite/20260812-231044-dcp-cp-suite/02_dcp_uniform/results/mega/dcp_4/comm_sm_4/d16_c2_kv16k_dcp4_hkv2_eager.json

================================================================================
Mega comm_sm=4, case 42/64: d16_c2_kv32k_dcp4_hkv2: B=18, Sq=[16, 16, 16, 16, 16, 16, 16, 16, 16, 16, 16, 16, 16, 16, 16, 16, 2048, 2048], Sk=[32768, 32768, 32768, 32768, 32768, 32768, 32768, 32768, 32768, 32768, 32768, 32768, 32768, 32768, 32768, 32768, 32768, 32768], DCP=4, Hkv=2
================================================================================
Config: world_size=8, methods=['dcp_mega_varlen'], QH=32, KVH=2, D=128, TP=8, DCP=4, workload=chunk, execution=eager, baseline_phase_timing=False, warmup=40, iters=60, check=False
Workload: B=18, q_tokens=4352, history_tokens=589824, q_seqlens=[16, 16, 16, 16, 16, 16, 16, 16, 16, 16, 16, 16, 16, 16, 16, 16, 2048, 2048], history_seqlens=[32768, 32768, 32768, 32768, 32768, 32768, 32768, 32768, 32768, 32768, 32768, 32768, 32768, 32768, 32768, 32768, 32768, 32768]
Agg TFLOPS uses useful attention work across all TP ranks and p50(max_across_ranks); Avg/GPU divides it by world_size.
KV GB/s/GPU is average logical BF16 K+V bytes read per TP rank divided by p50(max_across_ranks); it is not hardware-counter HBM traffic.

Running B=18, q_tokens=4352, history_tokens=589824, causal=True

B=18, q_tokens=4352, history_tokens=589824, QH=32, KVH=2, D=128, TP=8, DCP=4, mode=causal
Method                   Time ms                                                                                                                                     Agg TFLOPS    Avg/GPU  KV GB/s/GPU      Check  Note
dcp_mega_varlen          t0=0.719, t1=0.721, t2=0.718, t3=0.717, t4=0.718, t5=0.716, t6=0.715, t7=0.720 | p50(max_across_ranks)=0.727, p90(max_across_ranks)=0.738       3309.2      413.6        106.9       skip  eager; output=bf16_ipc_a2a; runner_preallocated; timing=mega_kernel_only
Wrote benchmark JSON to /home/hychen/min_fa3_demo/benchmark_logs/experiment_suite/20260812-231044-dcp-cp-suite/02_dcp_uniform/results/mega/dcp_4/comm_sm_4/d16_c2_kv32k_dcp4_hkv2_eager.json

================================================================================
Mega comm_sm=4, case 43/64: d16_c2_kv64k_dcp4_hkv2: B=18, Sq=[16, 16, 16, 16, 16, 16, 16, 16, 16, 16, 16, 16, 16, 16, 16, 16, 2048, 2048], Sk=[65536, 65536, 65536, 65536, 65536, 65536, 65536, 65536, 65536, 65536, 65536, 65536, 65536, 65536, 65536, 65536, 65536, 65536], DCP=4, Hkv=2
================================================================================
Config: world_size=8, methods=['dcp_mega_varlen'], QH=32, KVH=2, D=128, TP=8, DCP=4, workload=chunk, execution=eager, baseline_phase_timing=False, warmup=40, iters=60, check=False
Workload: B=18, q_tokens=4352, history_tokens=1179648, q_seqlens=[16, 16, 16, 16, 16, 16, 16, 16, 16, 16, 16, 16, 16, 16, 16, 16, 2048, 2048], history_seqlens=[65536, 65536, 65536, 65536, 65536, 65536, 65536, 65536, 65536, 65536, 65536, 65536, 65536, 65536, 65536, 65536, 65536, 65536]
Agg TFLOPS uses useful attention work across all TP ranks and p50(max_across_ranks); Avg/GPU divides it by world_size.
KV GB/s/GPU is average logical BF16 K+V bytes read per TP rank divided by p50(max_across_ranks); it is not hardware-counter HBM traffic.

Running B=18, q_tokens=4352, history_tokens=1179648, causal=True

B=18, q_tokens=4352, history_tokens=1179648, QH=32, KVH=2, D=128, TP=8, DCP=4, mode=causal
Method                   Time ms                                                                                                                                     Agg TFLOPS    Avg/GPU  KV GB/s/GPU      Check  Note
dcp_mega_varlen          t0=1.114, t1=1.116, t2=1.110, t3=1.105, t4=1.110, t5=1.112, t6=1.105, t7=1.100 | p50(max_across_ranks)=1.124, p90(max_across_ranks)=1.146       4218.1      527.3        136.3       skip  eager; output=bf16_ipc_a2a; runner_preallocated; timing=mega_kernel_only
Wrote benchmark JSON to /home/hychen/min_fa3_demo/benchmark_logs/experiment_suite/20260812-231044-dcp-cp-suite/02_dcp_uniform/results/mega/dcp_4/comm_sm_4/d16_c2_kv64k_dcp4_hkv2_eager.json

================================================================================
Mega comm_sm=4, case 44/64: d16_c2_kv128k_dcp4_hkv2: B=18, Sq=[16, 16, 16, 16, 16, 16, 16, 16, 16, 16, 16, 16, 16, 16, 16, 16, 2048, 2048], Sk=[131072, 131072, 131072, 131072, 131072, 131072, 131072, 131072, 131072, 131072, 131072, 131072, 131072, 131072, 131072, 131072, 131072, 131072], DCP=4, Hkv=2
================================================================================
Config: world_size=8, methods=['dcp_mega_varlen'], QH=32, KVH=2, D=128, TP=8, DCP=4, workload=chunk, execution=eager, baseline_phase_timing=False, warmup=40, iters=60, check=False
Workload: B=18, q_tokens=4352, history_tokens=2359296, q_seqlens=[16, 16, 16, 16, 16, 16, 16, 16, 16, 16, 16, 16, 16, 16, 16, 16, 2048, 2048], history_seqlens=[131072, 131072, 131072, 131072, 131072, 131072, 131072, 131072, 131072, 131072, 131072, 131072, 131072, 131072, 131072, 131072, 131072, 131072]
Agg TFLOPS uses useful attention work across all TP ranks and p50(max_across_ranks); Avg/GPU divides it by world_size.
KV GB/s/GPU is average logical BF16 K+V bytes read per TP rank divided by p50(max_across_ranks); it is not hardware-counter HBM traffic.

Running B=18, q_tokens=4352, history_tokens=2359296, causal=True

B=18, q_tokens=4352, history_tokens=2359296, QH=32, KVH=2, D=128, TP=8, DCP=4, mode=causal
Method                   Time ms                                                                                                                                     Agg TFLOPS    Avg/GPU  KV GB/s/GPU      Check  Note
dcp_mega_varlen          t0=2.042, t1=2.042, t2=2.044, t3=2.044, t4=2.013, t5=2.018, t6=1.998, t7=2.012 | p50(max_across_ranks)=2.053, p90(max_across_ranks)=2.102       4585.7      573.2        148.2       skip  eager; output=bf16_ipc_a2a; runner_preallocated; timing=mega_kernel_only
Wrote benchmark JSON to /home/hychen/min_fa3_demo/benchmark_logs/experiment_suite/20260812-231044-dcp-cp-suite/02_dcp_uniform/results/mega/dcp_4/comm_sm_4/d16_c2_kv128k_dcp4_hkv2_eager.json

================================================================================
Mega comm_sm=4, case 45/64: d16_c4_kv16k_dcp4_hkv2: B=20, Sq=[16, 16, 16, 16, 16, 16, 16, 16, 16, 16, 16, 16, 16, 16, 16, 16, 2048, 2048, 2048, 2048], Sk=[16384, 16384, 16384, 16384, 16384, 16384, 16384, 16384, 16384, 16384, 16384, 16384, 16384, 16384, 16384, 16384, 16384, 16384, 16384, 16384], DCP=4, Hkv=2
================================================================================
Config: world_size=8, methods=['dcp_mega_varlen'], QH=32, KVH=2, D=128, TP=8, DCP=4, workload=chunk, execution=eager, baseline_phase_timing=False, warmup=40, iters=60, check=False
Workload: B=20, q_tokens=8448, history_tokens=327680, q_seqlens=[16, 16, 16, 16, 16, 16, 16, 16, 16, 16, 16, 16, 16, 16, 16, 16, 2048, 2048, 2048, 2048], history_seqlens=[16384, 16384, 16384, 16384, 16384, 16384, 16384, 16384, 16384, 16384, 16384, 16384, 16384, 16384, 16384, 16384, 16384, 16384, 16384, 16384]
Agg TFLOPS uses useful attention work across all TP ranks and p50(max_across_ranks); Avg/GPU divides it by world_size.
KV GB/s/GPU is average logical BF16 K+V bytes read per TP rank divided by p50(max_across_ranks); it is not hardware-counter HBM traffic.

Running B=20, q_tokens=8448, history_tokens=327680, causal=True

B=20, q_tokens=8448, history_tokens=327680, QH=32, KVH=2, D=128, TP=8, DCP=4, mode=causal
Method                   Time ms                                                                                                                                     Agg TFLOPS    Avg/GPU  KV GB/s/GPU      Check  Note
dcp_mega_varlen          t0=1.051, t1=1.055, t2=1.051, t3=1.044, t4=1.021, t5=1.044, t6=1.005, t7=1.040 | p50(max_across_ranks)=1.063, p90(max_across_ranks)=1.069       2262.6      282.8         43.5       skip  eager; output=bf16_ipc_a2a; runner_preallocated; timing=mega_kernel_only
Wrote benchmark JSON to /home/hychen/min_fa3_demo/benchmark_logs/experiment_suite/20260812-231044-dcp-cp-suite/02_dcp_uniform/results/mega/dcp_4/comm_sm_4/d16_c4_kv16k_dcp4_hkv2_eager.json

================================================================================
Mega comm_sm=4, case 46/64: d16_c4_kv32k_dcp4_hkv2: B=20, Sq=[16, 16, 16, 16, 16, 16, 16, 16, 16, 16, 16, 16, 16, 16, 16, 16, 2048, 2048, 2048, 2048], Sk=[32768, 32768, 32768, 32768, 32768, 32768, 32768, 32768, 32768, 32768, 32768, 32768, 32768, 32768, 32768, 32768, 32768, 32768, 32768, 32768], DCP=4, Hkv=2
================================================================================
Config: world_size=8, methods=['dcp_mega_varlen'], QH=32, KVH=2, D=128, TP=8, DCP=4, workload=chunk, execution=eager, baseline_phase_timing=False, warmup=40, iters=60, check=False
Workload: B=20, q_tokens=8448, history_tokens=655360, q_seqlens=[16, 16, 16, 16, 16, 16, 16, 16, 16, 16, 16, 16, 16, 16, 16, 16, 2048, 2048, 2048, 2048], history_seqlens=[32768, 32768, 32768, 32768, 32768, 32768, 32768, 32768, 32768, 32768, 32768, 32768, 32768, 32768, 32768, 32768, 32768, 32768, 32768, 32768]
Agg TFLOPS uses useful attention work across all TP ranks and p50(max_across_ranks); Avg/GPU divides it by world_size.
KV GB/s/GPU is average logical BF16 K+V bytes read per TP rank divided by p50(max_across_ranks); it is not hardware-counter HBM traffic.

Running B=20, q_tokens=8448, history_tokens=655360, causal=True

B=20, q_tokens=8448, history_tokens=655360, QH=32, KVH=2, D=128, TP=8, DCP=4, mode=causal
Method                   Time ms                                                                                                                                     Agg TFLOPS    Avg/GPU  KV GB/s/GPU      Check  Note
dcp_mega_varlen          t0=1.395, t1=1.391, t2=1.396, t3=1.386, t4=1.396, t5=1.396, t6=1.394, t7=1.382 | p50(max_across_ranks)=1.411, p90(max_across_ranks)=1.418       3311.6      414.0         62.5       skip  eager; output=bf16_ipc_a2a; runner_preallocated; timing=mega_kernel_only
Wrote benchmark JSON to /home/hychen/min_fa3_demo/benchmark_logs/experiment_suite/20260812-231044-dcp-cp-suite/02_dcp_uniform/results/mega/dcp_4/comm_sm_4/d16_c4_kv32k_dcp4_hkv2_eager.json

================================================================================
Mega comm_sm=4, case 47/64: d16_c4_kv64k_dcp4_hkv2: B=20, Sq=[16, 16, 16, 16, 16, 16, 16, 16, 16, 16, 16, 16, 16, 16, 16, 16, 2048, 2048, 2048, 2048], Sk=[65536, 65536, 65536, 65536, 65536, 65536, 65536, 65536, 65536, 65536, 65536, 65536, 65536, 65536, 65536, 65536, 65536, 65536, 65536, 65536], DCP=4, Hkv=2
================================================================================
Config: world_size=8, methods=['dcp_mega_varlen'], QH=32, KVH=2, D=128, TP=8, DCP=4, workload=chunk, execution=eager, baseline_phase_timing=False, warmup=40, iters=60, check=False
Workload: B=20, q_tokens=8448, history_tokens=1310720, q_seqlens=[16, 16, 16, 16, 16, 16, 16, 16, 16, 16, 16, 16, 16, 16, 16, 16, 2048, 2048, 2048, 2048], history_seqlens=[65536, 65536, 65536, 65536, 65536, 65536, 65536, 65536, 65536, 65536, 65536, 65536, 65536, 65536, 65536, 65536, 65536, 65536, 65536, 65536]
Agg TFLOPS uses useful attention work across all TP ranks and p50(max_across_ranks); Avg/GPU divides it by world_size.
KV GB/s/GPU is average logical BF16 K+V bytes read per TP rank divided by p50(max_across_ranks); it is not hardware-counter HBM traffic.

Running B=20, q_tokens=8448, history_tokens=1310720, causal=True

B=20, q_tokens=8448, history_tokens=1310720, QH=32, KVH=2, D=128, TP=8, DCP=4, mode=causal
Method                   Time ms                                                                                                                                     Agg TFLOPS    Avg/GPU  KV GB/s/GPU      Check  Note
dcp_mega_varlen          t0=2.189, t1=2.206, t2=2.202, t3=2.201, t4=2.185, t5=2.185, t6=2.184, t7=2.181 | p50(max_across_ranks)=2.216, p90(max_across_ranks)=2.234       4155.6      519.5         77.7       skip  eager; output=bf16_ipc_a2a; runner_preallocated; timing=mega_kernel_only
Wrote benchmark JSON to /home/hychen/min_fa3_demo/benchmark_logs/experiment_suite/20260812-231044-dcp-cp-suite/02_dcp_uniform/results/mega/dcp_4/comm_sm_4/d16_c4_kv64k_dcp4_hkv2_eager.json

================================================================================
Mega comm_sm=4, case 48/64: d16_c4_kv128k_dcp4_hkv2: B=20, Sq=[16, 16, 16, 16, 16, 16, 16, 16, 16, 16, 16, 16, 16, 16, 16, 16, 2048, 2048, 2048, 2048], Sk=[131072, 131072, 131072, 131072, 131072, 131072, 131072, 131072, 131072, 131072, 131072, 131072, 131072, 131072, 131072, 131072, 131072, 131072, 131072, 131072], DCP=4, Hkv=2
================================================================================
Config: world_size=8, methods=['dcp_mega_varlen'], QH=32, KVH=2, D=128, TP=8, DCP=4, workload=chunk, execution=eager, baseline_phase_timing=False, warmup=40, iters=60, check=False
Workload: B=20, q_tokens=8448, history_tokens=2621440, q_seqlens=[16, 16, 16, 16, 16, 16, 16, 16, 16, 16, 16, 16, 16, 16, 16, 16, 2048, 2048, 2048, 2048], history_seqlens=[131072, 131072, 131072, 131072, 131072, 131072, 131072, 131072, 131072, 131072, 131072, 131072, 131072, 131072, 131072, 131072, 131072, 131072, 131072, 131072]
Agg TFLOPS uses useful attention work across all TP ranks and p50(max_across_ranks); Avg/GPU divides it by world_size.
KV GB/s/GPU is average logical BF16 K+V bytes read per TP rank divided by p50(max_across_ranks); it is not hardware-counter HBM traffic.

Running B=20, q_tokens=8448, history_tokens=2621440, causal=True

B=20, q_tokens=8448, history_tokens=2621440, QH=32, KVH=2, D=128, TP=8, DCP=4, mode=causal
Method                   Time ms                                                                                                                                     Agg TFLOPS    Avg/GPU  KV GB/s/GPU      Check  Note
dcp_mega_varlen          t0=3.889, t1=3.914, t2=3.894, t3=3.898, t4=3.887, t5=3.891, t6=3.899, t7=3.888 | p50(max_across_ranks)=3.928, p90(max_across_ranks)=4.000       4653.2      581.7         86.5       skip  eager; output=bf16_ipc_a2a; runner_preallocated; timing=mega_kernel_only
Wrote benchmark JSON to /home/hychen/min_fa3_demo/benchmark_logs/experiment_suite/20260812-231044-dcp-cp-suite/02_dcp_uniform/results/mega/dcp_4/comm_sm_4/d16_c4_kv128k_dcp4_hkv2_eager.json

================================================================================
Mega comm_sm=4, case 49/64: d32_c0_kv16k_dcp4_hkv2: B=32, Sq=[16, 16, 16, 16, 16, 16, 16, 16, 16, 16, 16, 16, 16, 16, 16, 16, 16, 16, 16, 16, 16, 16, 16, 16, 16, 16, 16, 16, 16, 16, 16, 16], Sk=[16384, 16384, 16384, 16384, 16384, 16384, 16384, 16384, 16384, 16384, 16384, 16384, 16384, 16384, 16384, 16384, 16384, 16384, 16384, 16384, 16384, 16384, 16384, 16384, 16384, 16384, 16384, 16384, 16384, 16384, 16384, 16384], DCP=4, Hkv=2
================================================================================
Config: world_size=8, methods=['dcp_mega_varlen'], QH=32, KVH=2, D=128, TP=8, DCP=4, workload=chunk, execution=eager, baseline_phase_timing=False, warmup=40, iters=60, check=False
Workload: B=32, q_tokens=512, history_tokens=524288, q_seqlens=[16, 16, 16, 16, 16, 16, 16, 16, 16, 16, 16, 16, 16, 16, 16, 16, 16, 16, 16, 16, 16, 16, 16, 16, 16, 16, 16, 16, 16, 16, 16, 16], history_seqlens=[16384, 16384, 16384, 16384, 16384, 16384, 16384, 16384, 16384, 16384, 16384, 16384, 16384, 16384, 16384, 16384, 16384, 16384, 16384, 16384, 16384, 16384, 16384, 16384, 16384, 16384, 16384, 16384, 16384, 16384, 16384, 16384]
Agg TFLOPS uses useful attention work across all TP ranks and p50(max_across_ranks); Avg/GPU divides it by world_size.
KV GB/s/GPU is average logical BF16 K+V bytes read per TP rank divided by p50(max_across_ranks); it is not hardware-counter HBM traffic.

Running B=32, q_tokens=512, history_tokens=524288, causal=True

B=32, q_tokens=512, history_tokens=524288, QH=32, KVH=2, D=128, TP=8, DCP=4, mode=causal
Method                   Time ms                                                                                                                                     Agg TFLOPS    Avg/GPU  KV GB/s/GPU      Check  Note
dcp_mega_varlen          t0=0.115, t1=0.115, t2=0.114, t3=0.109, t4=0.113, t5=0.113, t6=0.112, t7=0.113 | p50(max_across_ranks)=0.116, p90(max_across_ranks)=0.118       1183.1      147.9        579.7       skip  eager; output=bf16_ipc_a2a; runner_preallocated; timing=mega_kernel_only
Wrote benchmark JSON to /home/hychen/min_fa3_demo/benchmark_logs/experiment_suite/20260812-231044-dcp-cp-suite/02_dcp_uniform/results/mega/dcp_4/comm_sm_4/d32_c0_kv16k_dcp4_hkv2_eager.json

================================================================================
Mega comm_sm=4, case 50/64: d32_c0_kv32k_dcp4_hkv2: B=32, Sq=[16, 16, 16, 16, 16, 16, 16, 16, 16, 16, 16, 16, 16, 16, 16, 16, 16, 16, 16, 16, 16, 16, 16, 16, 16, 16, 16, 16, 16, 16, 16, 16], Sk=[32768, 32768, 32768, 32768, 32768, 32768, 32768, 32768, 32768, 32768, 32768, 32768, 32768, 32768, 32768, 32768, 32768, 32768, 32768, 32768, 32768, 32768, 32768, 32768, 32768, 32768, 32768, 32768, 32768, 32768, 32768, 32768], DCP=4, Hkv=2
================================================================================
Config: world_size=8, methods=['dcp_mega_varlen'], QH=32, KVH=2, D=128, TP=8, DCP=4, workload=chunk, execution=eager, baseline_phase_timing=False, warmup=40, iters=60, check=False
Workload: B=32, q_tokens=512, history_tokens=1048576, q_seqlens=[16, 16, 16, 16, 16, 16, 16, 16, 16, 16, 16, 16, 16, 16, 16, 16, 16, 16, 16, 16, 16, 16, 16, 16, 16, 16, 16, 16, 16, 16, 16, 16], history_seqlens=[32768, 32768, 32768, 32768, 32768, 32768, 32768, 32768, 32768, 32768, 32768, 32768, 32768, 32768, 32768, 32768, 32768, 32768, 32768, 32768, 32768, 32768, 32768, 32768, 32768, 32768, 32768, 32768, 32768, 32768, 32768, 32768]
Agg TFLOPS uses useful attention work across all TP ranks and p50(max_across_ranks); Avg/GPU divides it by world_size.
KV GB/s/GPU is average logical BF16 K+V bytes read per TP rank divided by p50(max_across_ranks); it is not hardware-counter HBM traffic.

Running B=32, q_tokens=512, history_tokens=1048576, causal=True

B=32, q_tokens=512, history_tokens=1048576, QH=32, KVH=2, D=128, TP=8, DCP=4, mode=causal
Method                   Time ms                                                                                                                                     Agg TFLOPS    Avg/GPU  KV GB/s/GPU      Check  Note
dcp_mega_varlen          t0=0.129, t1=0.131, t2=0.129, t3=0.126, t4=0.127, t5=0.127, t6=0.127, t7=0.128 | p50(max_across_ranks)=0.132, p90(max_across_ranks)=0.134       2085.0      260.6       1019.8       skip  eager; output=bf16_ipc_a2a; runner_preallocated; timing=mega_kernel_only
Wrote benchmark JSON to /home/hychen/min_fa3_demo/benchmark_logs/experiment_suite/20260812-231044-dcp-cp-suite/02_dcp_uniform/results/mega/dcp_4/comm_sm_4/d32_c0_kv32k_dcp4_hkv2_eager.json

================================================================================
Mega comm_sm=4, case 51/64: d32_c0_kv64k_dcp4_hkv2: B=32, Sq=[16, 16, 16, 16, 16, 16, 16, 16, 16, 16, 16, 16, 16, 16, 16, 16, 16, 16, 16, 16, 16, 16, 16, 16, 16, 16, 16, 16, 16, 16, 16, 16], Sk=[65536, 65536, 65536, 65536, 65536, 65536, 65536, 65536, 65536, 65536, 65536, 65536, 65536, 65536, 65536, 65536, 65536, 65536, 65536, 65536, 65536, 65536, 65536, 65536, 65536, 65536, 65536, 65536, 65536, 65536, 65536, 65536], DCP=4, Hkv=2
================================================================================
Config: world_size=8, methods=['dcp_mega_varlen'], QH=32, KVH=2, D=128, TP=8, DCP=4, workload=chunk, execution=eager, baseline_phase_timing=False, warmup=40, iters=60, check=False
Workload: B=32, q_tokens=512, history_tokens=2097152, q_seqlens=[16, 16, 16, 16, 16, 16, 16, 16, 16, 16, 16, 16, 16, 16, 16, 16, 16, 16, 16, 16, 16, 16, 16, 16, 16, 16, 16, 16, 16, 16, 16, 16], history_seqlens=[65536, 65536, 65536, 65536, 65536, 65536, 65536, 65536, 65536, 65536, 65536, 65536, 65536, 65536, 65536, 65536, 65536, 65536, 65536, 65536, 65536, 65536, 65536, 65536, 65536, 65536, 65536, 65536, 65536, 65536, 65536, 65536]
Agg TFLOPS uses useful attention work across all TP ranks and p50(max_across_ranks); Avg/GPU divides it by world_size.
KV GB/s/GPU is average logical BF16 K+V bytes read per TP rank divided by p50(max_across_ranks); it is not hardware-counter HBM traffic.

Running B=32, q_tokens=512, history_tokens=2097152, causal=True

B=32, q_tokens=512, history_tokens=2097152, QH=32, KVH=2, D=128, TP=8, DCP=4, mode=causal
Method                   Time ms                                                                                                                                     Agg TFLOPS    Avg/GPU  KV GB/s/GPU      Check  Note
dcp_mega_varlen          t0=0.181, t1=0.182, t2=0.181, t3=0.178, t4=0.179, t5=0.181, t6=0.179, t7=0.180 | p50(max_across_ranks)=0.184, p90(max_across_ranks)=0.196       2991.6      373.9       1462.0       skip  eager; output=bf16_ipc_a2a; runner_preallocated; timing=mega_kernel_only
Wrote benchmark JSON to /home/hychen/min_fa3_demo/benchmark_logs/experiment_suite/20260812-231044-dcp-cp-suite/02_dcp_uniform/results/mega/dcp_4/comm_sm_4/d32_c0_kv64k_dcp4_hkv2_eager.json

================================================================================
Mega comm_sm=4, case 52/64: d32_c0_kv128k_dcp4_hkv2: B=32, Sq=[16, 16, 16, 16, 16, 16, 16, 16, 16, 16, 16, 16, 16, 16, 16, 16, 16, 16, 16, 16, 16, 16, 16, 16, 16, 16, 16, 16, 16, 16, 16, 16], Sk=[131072, 131072, 131072, 131072, 131072, 131072, 131072, 131072, 131072, 131072, 131072, 131072, 131072, 131072, 131072, 131072, 131072, 131072, 131072, 131072, 131072, 131072, 131072, 131072, 131072, 131072, 131072, 131072, 131072, 131072, 131072, 131072], DCP=4, Hkv=2
================================================================================
Config: world_size=8, methods=['dcp_mega_varlen'], QH=32, KVH=2, D=128, TP=8, DCP=4, workload=chunk, execution=eager, baseline_phase_timing=False, warmup=40, iters=60, check=False
Workload: B=32, q_tokens=512, history_tokens=4194304, q_seqlens=[16, 16, 16, 16, 16, 16, 16, 16, 16, 16, 16, 16, 16, 16, 16, 16, 16, 16, 16, 16, 16, 16, 16, 16, 16, 16, 16, 16, 16, 16, 16, 16], history_seqlens=[131072, 131072, 131072, 131072, 131072, 131072, 131072, 131072, 131072, 131072, 131072, 131072, 131072, 131072, 131072, 131072, 131072, 131072, 131072, 131072, 131072, 131072, 131072, 131072, 131072, 131072, 131072, 131072, 131072, 131072, 131072, 131072]
Agg TFLOPS uses useful attention work across all TP ranks and p50(max_across_ranks); Avg/GPU divides it by world_size.
KV GB/s/GPU is average logical BF16 K+V bytes read per TP rank divided by p50(max_across_ranks); it is not hardware-counter HBM traffic.

Running B=32, q_tokens=512, history_tokens=4194304, causal=True

B=32, q_tokens=512, history_tokens=4194304, QH=32, KVH=2, D=128, TP=8, DCP=4, mode=causal
Method                   Time ms                                                                                                                                     Agg TFLOPS    Avg/GPU  KV GB/s/GPU      Check  Note
dcp_mega_varlen          t0=0.281, t1=0.282, t2=0.281, t3=0.277, t4=0.278, t5=0.280, t6=0.277, t7=0.278 | p50(max_across_ranks)=0.283, p90(max_across_ranks)=0.284       3891.3      486.4       1900.8       skip  eager; output=bf16_ipc_a2a; runner_preallocated; timing=mega_kernel_only
Wrote benchmark JSON to /home/hychen/min_fa3_demo/benchmark_logs/experiment_suite/20260812-231044-dcp-cp-suite/02_dcp_uniform/results/mega/dcp_4/comm_sm_4/d32_c0_kv128k_dcp4_hkv2_eager.json

================================================================================
Mega comm_sm=4, case 53/64: d32_c1_kv16k_dcp4_hkv2: B=33, Sq=[16, 16, 16, 16, 16, 16, 16, 16, 16, 16, 16, 16, 16, 16, 16, 16, 16, 16, 16, 16, 16, 16, 16, 16, 16, 16, 16, 16, 16, 16, 16, 16, 2048], Sk=[16384, 16384, 16384, 16384, 16384, 16384, 16384, 16384, 16384, 16384, 16384, 16384, 16384, 16384, 16384, 16384, 16384, 16384, 16384, 16384, 16384, 16384, 16384, 16384, 16384, 16384, 16384, 16384, 16384, 16384, 16384, 16384, 16384], DCP=4, Hkv=2
================================================================================
Config: world_size=8, methods=['dcp_mega_varlen'], QH=32, KVH=2, D=128, TP=8, DCP=4, workload=chunk, execution=eager, baseline_phase_timing=False, warmup=40, iters=60, check=False
Workload: B=33, q_tokens=2560, history_tokens=540672, q_seqlens=[16, 16, 16, 16, 16, 16, 16, 16, 16, 16, 16, 16, 16, 16, 16, 16, 16, 16, 16, 16, 16, 16, 16, 16, 16, 16, 16, 16, 16, 16, 16, 16, 2048], history_seqlens=[16384, 16384, 16384, 16384, 16384, 16384, 16384, 16384, 16384, 16384, 16384, 16384, 16384, 16384, 16384, 16384, 16384, 16384, 16384, 16384, 16384, 16384, 16384, 16384, 16384, 16384, 16384, 16384, 16384, 16384, 16384, 16384, 16384]
Agg TFLOPS uses useful attention work across all TP ranks and p50(max_across_ranks); Avg/GPU divides it by world_size.
KV GB/s/GPU is average logical BF16 K+V bytes read per TP rank divided by p50(max_across_ranks); it is not hardware-counter HBM traffic.

Running B=33, q_tokens=2560, history_tokens=540672, causal=True

B=33, q_tokens=2560, history_tokens=540672, QH=32, KVH=2, D=128, TP=8, DCP=4, mode=causal
Method                   Time ms                                                                                                                                     Agg TFLOPS    Avg/GPU  KV GB/s/GPU      Check  Note
dcp_mega_varlen          t0=0.320, t1=0.322, t2=0.319, t3=0.317, t4=0.317, t5=0.317, t6=0.315, t7=0.314 | p50(max_across_ranks)=0.323, p90(max_across_ranks)=0.332       2235.8      279.5        218.5       skip  eager; output=bf16_ipc_a2a; runner_preallocated; timing=mega_kernel_only
Wrote benchmark JSON to /home/hychen/min_fa3_demo/benchmark_logs/experiment_suite/20260812-231044-dcp-cp-suite/02_dcp_uniform/results/mega/dcp_4/comm_sm_4/d32_c1_kv16k_dcp4_hkv2_eager.json

================================================================================
Mega comm_sm=4, case 54/64: d32_c1_kv32k_dcp4_hkv2: B=33, Sq=[16, 16, 16, 16, 16, 16, 16, 16, 16, 16, 16, 16, 16, 16, 16, 16, 16, 16, 16, 16, 16, 16, 16, 16, 16, 16, 16, 16, 16, 16, 16, 16, 2048], Sk=[32768, 32768, 32768, 32768, 32768, 32768, 32768, 32768, 32768, 32768, 32768, 32768, 32768, 32768, 32768, 32768, 32768, 32768, 32768, 32768, 32768, 32768, 32768, 32768, 32768, 32768, 32768, 32768, 32768, 32768, 32768, 32768, 32768], DCP=4, Hkv=2
================================================================================
Config: world_size=8, methods=['dcp_mega_varlen'], QH=32, KVH=2, D=128, TP=8, DCP=4, workload=chunk, execution=eager, baseline_phase_timing=False, warmup=40, iters=60, check=False
Workload: B=33, q_tokens=2560, history_tokens=1081344, q_seqlens=[16, 16, 16, 16, 16, 16, 16, 16, 16, 16, 16, 16, 16, 16, 16, 16, 16, 16, 16, 16, 16, 16, 16, 16, 16, 16, 16, 16, 16, 16, 16, 16, 2048], history_seqlens=[32768, 32768, 32768, 32768, 32768, 32768, 32768, 32768, 32768, 32768, 32768, 32768, 32768, 32768, 32768, 32768, 32768, 32768, 32768, 32768, 32768, 32768, 32768, 32768, 32768, 32768, 32768, 32768, 32768, 32768, 32768, 32768, 32768]
Agg TFLOPS uses useful attention work across all TP ranks and p50(max_across_ranks); Avg/GPU divides it by world_size.
KV GB/s/GPU is average logical BF16 K+V bytes read per TP rank divided by p50(max_across_ranks); it is not hardware-counter HBM traffic.

Running B=33, q_tokens=2560, history_tokens=1081344, causal=True

B=33, q_tokens=2560, history_tokens=1081344, QH=32, KVH=2, D=128, TP=8, DCP=4, mode=causal
Method                   Time ms                                                                                                                                     Agg TFLOPS    Avg/GPU  KV GB/s/GPU      Check  Note
dcp_mega_varlen          t0=0.415, t1=0.418, t2=0.416, t3=0.414, t4=0.410, t5=0.411, t6=0.410, t7=0.405 | p50(max_across_ranks)=0.420, p90(max_across_ranks)=0.429       3357.4      419.7        333.0       skip  eager; output=bf16_ipc_a2a; runner_preallocated; timing=mega_kernel_only
Wrote benchmark JSON to /home/hychen/min_fa3_demo/benchmark_logs/experiment_suite/20260812-231044-dcp-cp-suite/02_dcp_uniform/results/mega/dcp_4/comm_sm_4/d32_c1_kv32k_dcp4_hkv2_eager.json

================================================================================
Mega comm_sm=4, case 55/64: d32_c1_kv64k_dcp4_hkv2: B=33, Sq=[16, 16, 16, 16, 16, 16, 16, 16, 16, 16, 16, 16, 16, 16, 16, 16, 16, 16, 16, 16, 16, 16, 16, 16, 16, 16, 16, 16, 16, 16, 16, 16, 2048], Sk=[65536, 65536, 65536, 65536, 65536, 65536, 65536, 65536, 65536, 65536, 65536, 65536, 65536, 65536, 65536, 65536, 65536, 65536, 65536, 65536, 65536, 65536, 65536, 65536, 65536, 65536, 65536, 65536, 65536, 65536, 65536, 65536, 65536], DCP=4, Hkv=2
================================================================================
Config: world_size=8, methods=['dcp_mega_varlen'], QH=32, KVH=2, D=128, TP=8, DCP=4, workload=chunk, execution=eager, baseline_phase_timing=False, warmup=40, iters=60, check=False
Workload: B=33, q_tokens=2560, history_tokens=2162688, q_seqlens=[16, 16, 16, 16, 16, 16, 16, 16, 16, 16, 16, 16, 16, 16, 16, 16, 16, 16, 16, 16, 16, 16, 16, 16, 16, 16, 16, 16, 16, 16, 16, 16, 2048], history_seqlens=[65536, 65536, 65536, 65536, 65536, 65536, 65536, 65536, 65536, 65536, 65536, 65536, 65536, 65536, 65536, 65536, 65536, 65536, 65536, 65536, 65536, 65536, 65536, 65536, 65536, 65536, 65536, 65536, 65536, 65536, 65536, 65536, 65536]
Agg TFLOPS uses useful attention work across all TP ranks and p50(max_across_ranks); Avg/GPU divides it by world_size.
KV GB/s/GPU is average logical BF16 K+V bytes read per TP rank divided by p50(max_across_ranks); it is not hardware-counter HBM traffic.

Running B=33, q_tokens=2560, history_tokens=2162688, causal=True

B=33, q_tokens=2560, history_tokens=2162688, QH=32, KVH=2, D=128, TP=8, DCP=4, mode=causal
Method                   Time ms                                                                                                                                     Agg TFLOPS    Avg/GPU  KV GB/s/GPU      Check  Note
dcp_mega_varlen          t0=0.656, t1=0.655, t2=0.655, t3=0.654, t4=0.650, t5=0.651, t6=0.646, t7=0.639 | p50(max_across_ranks)=0.662, p90(max_across_ranks)=0.680       4204.6      525.6        420.2       skip  eager; output=bf16_ipc_a2a; runner_preallocated; timing=mega_kernel_only
Wrote benchmark JSON to /home/hychen/min_fa3_demo/benchmark_logs/experiment_suite/20260812-231044-dcp-cp-suite/02_dcp_uniform/results/mega/dcp_4/comm_sm_4/d32_c1_kv64k_dcp4_hkv2_eager.json

================================================================================
Mega comm_sm=4, case 56/64: d32_c1_kv128k_dcp4_hkv2: B=33, Sq=[16, 16, 16, 16, 16, 16, 16, 16, 16, 16, 16, 16, 16, 16, 16, 16, 16, 16, 16, 16, 16, 16, 16, 16, 16, 16, 16, 16, 16, 16, 16, 16, 2048], Sk=[131072, 131072, 131072, 131072, 131072, 131072, 131072, 131072, 131072, 131072, 131072, 131072, 131072, 131072, 131072, 131072, 131072, 131072, 131072, 131072, 131072, 131072, 131072, 131072, 131072, 131072, 131072, 131072, 131072, 131072, 131072, 131072, 131072], DCP=4, Hkv=2
================================================================================
Config: world_size=8, methods=['dcp_mega_varlen'], QH=32, KVH=2, D=128, TP=8, DCP=4, workload=chunk, execution=eager, baseline_phase_timing=False, warmup=40, iters=60, check=False
Workload: B=33, q_tokens=2560, history_tokens=4325376, q_seqlens=[16, 16, 16, 16, 16, 16, 16, 16, 16, 16, 16, 16, 16, 16, 16, 16, 16, 16, 16, 16, 16, 16, 16, 16, 16, 16, 16, 16, 16, 16, 16, 16, 2048], history_seqlens=[131072, 131072, 131072, 131072, 131072, 131072, 131072, 131072, 131072, 131072, 131072, 131072, 131072, 131072, 131072, 131072, 131072, 131072, 131072, 131072, 131072, 131072, 131072, 131072, 131072, 131072, 131072, 131072, 131072, 131072, 131072, 131072, 131072]
Agg TFLOPS uses useful attention work across all TP ranks and p50(max_across_ranks); Avg/GPU divides it by world_size.
KV GB/s/GPU is average logical BF16 K+V bytes read per TP rank divided by p50(max_across_ranks); it is not hardware-counter HBM traffic.

Running B=33, q_tokens=2560, history_tokens=4325376, causal=True

B=33, q_tokens=2560, history_tokens=4325376, QH=32, KVH=2, D=128, TP=8, DCP=4, mode=causal
Method                   Time ms                                                                                                                                     Agg TFLOPS    Avg/GPU  KV GB/s/GPU      Check  Note
dcp_mega_varlen          t0=1.248, t1=1.234, t2=1.245, t3=1.243, t4=1.253, t5=1.253, t6=1.235, t7=1.251 | p50(max_across_ranks)=1.256, p90(max_across_ranks)=1.261       4403.3      550.4        441.7       skip  eager; output=bf16_ipc_a2a; runner_preallocated; timing=mega_kernel_only
Wrote benchmark JSON to /home/hychen/min_fa3_demo/benchmark_logs/experiment_suite/20260812-231044-dcp-cp-suite/02_dcp_uniform/results/mega/dcp_4/comm_sm_4/d32_c1_kv128k_dcp4_hkv2_eager.json

================================================================================
Mega comm_sm=4, case 57/64: d32_c2_kv16k_dcp4_hkv2: B=34, Sq=[16, 16, 16, 16, 16, 16, 16, 16, 16, 16, 16, 16, 16, 16, 16, 16, 16, 16, 16, 16, 16, 16, 16, 16, 16, 16, 16, 16, 16, 16, 16, 16, 2048, 2048], Sk=[16384, 16384, 16384, 16384, 16384, 16384, 16384, 16384, 16384, 16384, 16384, 16384, 16384, 16384, 16384, 16384, 16384, 16384, 16384, 16384, 16384, 16384, 16384, 16384, 16384, 16384, 16384, 16384, 16384, 16384, 16384, 16384, 16384, 16384], DCP=4, Hkv=2
================================================================================
Config: world_size=8, methods=['dcp_mega_varlen'], QH=32, KVH=2, D=128, TP=8, DCP=4, workload=chunk, execution=eager, baseline_phase_timing=False, warmup=40, iters=60, check=False
Workload: B=34, q_tokens=4608, history_tokens=557056, q_seqlens=[16, 16, 16, 16, 16, 16, 16, 16, 16, 16, 16, 16, 16, 16, 16, 16, 16, 16, 16, 16, 16, 16, 16, 16, 16, 16, 16, 16, 16, 16, 16, 16, 2048, 2048], history_seqlens=[16384, 16384, 16384, 16384, 16384, 16384, 16384, 16384, 16384, 16384, 16384, 16384, 16384, 16384, 16384, 16384, 16384, 16384, 16384, 16384, 16384, 16384, 16384, 16384, 16384, 16384, 16384, 16384, 16384, 16384, 16384, 16384, 16384, 16384]
Agg TFLOPS uses useful attention work across all TP ranks and p50(max_across_ranks); Avg/GPU divides it by world_size.
KV GB/s/GPU is average logical BF16 K+V bytes read per TP rank divided by p50(max_across_ranks); it is not hardware-counter HBM traffic.

Running B=34, q_tokens=4608, history_tokens=557056, causal=True

B=34, q_tokens=4608, history_tokens=557056, QH=32, KVH=2, D=128, TP=8, DCP=4, mode=causal
Method                   Time ms                                                                                                                                     Agg TFLOPS    Avg/GPU  KV GB/s/GPU      Check  Note
dcp_mega_varlen          t0=0.567, t1=0.560, t2=0.560, t3=0.559, t4=0.560, t5=0.559, t6=0.561, t7=0.562 | p50(max_across_ranks)=0.575, p90(max_across_ranks)=0.588       2270.1      283.8        128.1       skip  eager; output=bf16_ipc_a2a; runner_preallocated; timing=mega_kernel_only
Wrote benchmark JSON to /home/hychen/min_fa3_demo/benchmark_logs/experiment_suite/20260812-231044-dcp-cp-suite/02_dcp_uniform/results/mega/dcp_4/comm_sm_4/d32_c2_kv16k_dcp4_hkv2_eager.json

================================================================================
Mega comm_sm=4, case 58/64: d32_c2_kv32k_dcp4_hkv2: B=34, Sq=[16, 16, 16, 16, 16, 16, 16, 16, 16, 16, 16, 16, 16, 16, 16, 16, 16, 16, 16, 16, 16, 16, 16, 16, 16, 16, 16, 16, 16, 16, 16, 16, 2048, 2048], Sk=[32768, 32768, 32768, 32768, 32768, 32768, 32768, 32768, 32768, 32768, 32768, 32768, 32768, 32768, 32768, 32768, 32768, 32768, 32768, 32768, 32768, 32768, 32768, 32768, 32768, 32768, 32768, 32768, 32768, 32768, 32768, 32768, 32768, 32768], DCP=4, Hkv=2
================================================================================
Config: world_size=8, methods=['dcp_mega_varlen'], QH=32, KVH=2, D=128, TP=8, DCP=4, workload=chunk, execution=eager, baseline_phase_timing=False, warmup=40, iters=60, check=False
Workload: B=34, q_tokens=4608, history_tokens=1114112, q_seqlens=[16, 16, 16, 16, 16, 16, 16, 16, 16, 16, 16, 16, 16, 16, 16, 16, 16, 16, 16, 16, 16, 16, 16, 16, 16, 16, 16, 16, 16, 16, 16, 16, 2048, 2048], history_seqlens=[32768, 32768, 32768, 32768, 32768, 32768, 32768, 32768, 32768, 32768, 32768, 32768, 32768, 32768, 32768, 32768, 32768, 32768, 32768, 32768, 32768, 32768, 32768, 32768, 32768, 32768, 32768, 32768, 32768, 32768, 32768, 32768, 32768, 32768]
Agg TFLOPS uses useful attention work across all TP ranks and p50(max_across_ranks); Avg/GPU divides it by world_size.
KV GB/s/GPU is average logical BF16 K+V bytes read per TP rank divided by p50(max_across_ranks); it is not hardware-counter HBM traffic.

Running B=34, q_tokens=4608, history_tokens=1114112, causal=True

B=34, q_tokens=4608, history_tokens=1114112, QH=32, KVH=2, D=128, TP=8, DCP=4, mode=causal
Method                   Time ms                                                                                                                                     Agg TFLOPS    Avg/GPU  KV GB/s/GPU      Check  Note
dcp_mega_varlen          t0=0.765, t1=0.764, t2=0.771, t3=0.762, t4=0.752, t5=0.754, t6=0.748, t7=0.749 | p50(max_across_ranks)=0.772, p90(max_across_ranks)=0.804       3294.9      411.9        187.8       skip  eager; output=bf16_ipc_a2a; runner_preallocated; timing=mega_kernel_only
Wrote benchmark JSON to /home/hychen/min_fa3_demo/benchmark_logs/experiment_suite/20260812-231044-dcp-cp-suite/02_dcp_uniform/results/mega/dcp_4/comm_sm_4/d32_c2_kv32k_dcp4_hkv2_eager.json

================================================================================
Mega comm_sm=4, case 59/64: d32_c2_kv64k_dcp4_hkv2: B=34, Sq=[16, 16, 16, 16, 16, 16, 16, 16, 16, 16, 16, 16, 16, 16, 16, 16, 16, 16, 16, 16, 16, 16, 16, 16, 16, 16, 16, 16, 16, 16, 16, 16, 2048, 2048], Sk=[65536, 65536, 65536, 65536, 65536, 65536, 65536, 65536, 65536, 65536, 65536, 65536, 65536, 65536, 65536, 65536, 65536, 65536, 65536, 65536, 65536, 65536, 65536, 65536, 65536, 65536, 65536, 65536, 65536, 65536, 65536, 65536, 65536, 65536], DCP=4, Hkv=2
================================================================================
Config: world_size=8, methods=['dcp_mega_varlen'], QH=32, KVH=2, D=128, TP=8, DCP=4, workload=chunk, execution=eager, baseline_phase_timing=False, warmup=40, iters=60, check=False
Workload: B=34, q_tokens=4608, history_tokens=2228224, q_seqlens=[16, 16, 16, 16, 16, 16, 16, 16, 16, 16, 16, 16, 16, 16, 16, 16, 16, 16, 16, 16, 16, 16, 16, 16, 16, 16, 16, 16, 16, 16, 16, 16, 2048, 2048], history_seqlens=[65536, 65536, 65536, 65536, 65536, 65536, 65536, 65536, 65536, 65536, 65536, 65536, 65536, 65536, 65536, 65536, 65536, 65536, 65536, 65536, 65536, 65536, 65536, 65536, 65536, 65536, 65536, 65536, 65536, 65536, 65536, 65536, 65536, 65536]
Agg TFLOPS uses useful attention work across all TP ranks and p50(max_across_ranks); Avg/GPU divides it by world_size.
KV GB/s/GPU is average logical BF16 K+V bytes read per TP rank divided by p50(max_across_ranks); it is not hardware-counter HBM traffic.

Running B=34, q_tokens=4608, history_tokens=2228224, causal=True

B=34, q_tokens=4608, history_tokens=2228224, QH=32, KVH=2, D=128, TP=8, DCP=4, mode=causal
Method                   Time ms                                                                                                                                     Agg TFLOPS    Avg/GPU  KV GB/s/GPU      Check  Note
dcp_mega_varlen          t0=1.163, t1=1.156, t2=1.153, t3=1.157, t4=1.144, t5=1.150, t6=1.136, t7=1.139 | p50(max_across_ranks)=1.166, p90(max_across_ranks)=1.188       4302.0      537.8        246.6       skip  eager; output=bf16_ipc_a2a; runner_preallocated; timing=mega_kernel_only
Wrote benchmark JSON to /home/hychen/min_fa3_demo/benchmark_logs/experiment_suite/20260812-231044-dcp-cp-suite/02_dcp_uniform/results/mega/dcp_4/comm_sm_4/d32_c2_kv64k_dcp4_hkv2_eager.json

================================================================================
Mega comm_sm=4, case 60/64: d32_c2_kv128k_dcp4_hkv2: B=34, Sq=[16, 16, 16, 16, 16, 16, 16, 16, 16, 16, 16, 16, 16, 16, 16, 16, 16, 16, 16, 16, 16, 16, 16, 16, 16, 16, 16, 16, 16, 16, 16, 16, 2048, 2048], Sk=[131072, 131072, 131072, 131072, 131072, 131072, 131072, 131072, 131072, 131072, 131072, 131072, 131072, 131072, 131072, 131072, 131072, 131072, 131072, 131072, 131072, 131072, 131072, 131072, 131072, 131072, 131072, 131072, 131072, 131072, 131072, 131072, 131072, 131072], DCP=4, Hkv=2
================================================================================
Config: world_size=8, methods=['dcp_mega_varlen'], QH=32, KVH=2, D=128, TP=8, DCP=4, workload=chunk, execution=eager, baseline_phase_timing=False, warmup=40, iters=60, check=False
Workload: B=34, q_tokens=4608, history_tokens=4456448, q_seqlens=[16, 16, 16, 16, 16, 16, 16, 16, 16, 16, 16, 16, 16, 16, 16, 16, 16, 16, 16, 16, 16, 16, 16, 16, 16, 16, 16, 16, 16, 16, 16, 16, 2048, 2048], history_seqlens=[131072, 131072, 131072, 131072, 131072, 131072, 131072, 131072, 131072, 131072, 131072, 131072, 131072, 131072, 131072, 131072, 131072, 131072, 131072, 131072, 131072, 131072, 131072, 131072, 131072, 131072, 131072, 131072, 131072, 131072, 131072, 131072, 131072, 131072]
Agg TFLOPS uses useful attention work across all TP ranks and p50(max_across_ranks); Avg/GPU divides it by world_size.
KV GB/s/GPU is average logical BF16 K+V bytes read per TP rank divided by p50(max_across_ranks); it is not hardware-counter HBM traffic.

Running B=34, q_tokens=4608, history_tokens=4456448, causal=True

B=34, q_tokens=4608, history_tokens=4456448, QH=32, KVH=2, D=128, TP=8, DCP=4, mode=causal
Method                   Time ms                                                                                                                                     Agg TFLOPS    Avg/GPU  KV GB/s/GPU      Check  Note
dcp_mega_varlen          t0=2.169, t1=2.157, t2=2.164, t3=2.165, t4=2.101, t5=2.101, t6=2.098, t7=2.093 | p50(max_across_ranks)=2.170, p90(max_across_ranks)=2.211       4592.9      574.1        264.0       skip  eager; output=bf16_ipc_a2a; runner_preallocated; timing=mega_kernel_only
Wrote benchmark JSON to /home/hychen/min_fa3_demo/benchmark_logs/experiment_suite/20260812-231044-dcp-cp-suite/02_dcp_uniform/results/mega/dcp_4/comm_sm_4/d32_c2_kv128k_dcp4_hkv2_eager.json

================================================================================
Mega comm_sm=4, case 61/64: d32_c4_kv16k_dcp4_hkv2: B=36, Sq=[16, 16, 16, 16, 16, 16, 16, 16, 16, 16, 16, 16, 16, 16, 16, 16, 16, 16, 16, 16, 16, 16, 16, 16, 16, 16, 16, 16, 16, 16, 16, 16, 2048, 2048, 2048, 2048], Sk=[16384, 16384, 16384, 16384, 16384, 16384, 16384, 16384, 16384, 16384, 16384, 16384, 16384, 16384, 16384, 16384, 16384, 16384, 16384, 16384, 16384, 16384, 16384, 16384, 16384, 16384, 16384, 16384, 16384, 16384, 16384, 16384, 16384, 16384, 16384, 16384], DCP=4, Hkv=2
================================================================================
Config: world_size=8, methods=['dcp_mega_varlen'], QH=32, KVH=2, D=128, TP=8, DCP=4, workload=chunk, execution=eager, baseline_phase_timing=False, warmup=40, iters=60, check=False
Workload: B=36, q_tokens=8704, history_tokens=589824, q_seqlens=[16, 16, 16, 16, 16, 16, 16, 16, 16, 16, 16, 16, 16, 16, 16, 16, 16, 16, 16, 16, 16, 16, 16, 16, 16, 16, 16, 16, 16, 16, 16, 16, 2048, 2048, 2048, 2048], history_seqlens=[16384, 16384, 16384, 16384, 16384, 16384, 16384, 16384, 16384, 16384, 16384, 16384, 16384, 16384, 16384, 16384, 16384, 16384, 16384, 16384, 16384, 16384, 16384, 16384, 16384, 16384, 16384, 16384, 16384, 16384, 16384, 16384, 16384, 16384, 16384, 16384]
Agg TFLOPS uses useful attention work across all TP ranks and p50(max_across_ranks); Avg/GPU divides it by world_size.
KV GB/s/GPU is average logical BF16 K+V bytes read per TP rank divided by p50(max_across_ranks); it is not hardware-counter HBM traffic.

Running B=36, q_tokens=8704, history_tokens=589824, causal=True

B=36, q_tokens=8704, history_tokens=589824, QH=32, KVH=2, D=128, TP=8, DCP=4, mode=causal
Method                   Time ms                                                                                                                                     Agg TFLOPS    Avg/GPU  KV GB/s/GPU      Check  Note
dcp_mega_varlen          t0=1.074, t1=1.075, t2=1.076, t3=1.030, t4=1.025, t5=1.070, t6=1.028, t7=1.050 | p50(max_across_ranks)=1.083, p90(max_across_ranks)=1.089       2283.5      285.4         73.8       skip  eager; output=bf16_ipc_a2a; runner_preallocated; timing=mega_kernel_only
Wrote benchmark JSON to /home/hychen/min_fa3_demo/benchmark_logs/experiment_suite/20260812-231044-dcp-cp-suite/02_dcp_uniform/results/mega/dcp_4/comm_sm_4/d32_c4_kv16k_dcp4_hkv2_eager.json

================================================================================
Mega comm_sm=4, case 62/64: d32_c4_kv32k_dcp4_hkv2: B=36, Sq=[16, 16, 16, 16, 16, 16, 16, 16, 16, 16, 16, 16, 16, 16, 16, 16, 16, 16, 16, 16, 16, 16, 16, 16, 16, 16, 16, 16, 16, 16, 16, 16, 2048, 2048, 2048, 2048], Sk=[32768, 32768, 32768, 32768, 32768, 32768, 32768, 32768, 32768, 32768, 32768, 32768, 32768, 32768, 32768, 32768, 32768, 32768, 32768, 32768, 32768, 32768, 32768, 32768, 32768, 32768, 32768, 32768, 32768, 32768, 32768, 32768, 32768, 32768, 32768, 32768], DCP=4, Hkv=2
================================================================================
Config: world_size=8, methods=['dcp_mega_varlen'], QH=32, KVH=2, D=128, TP=8, DCP=4, workload=chunk, execution=eager, baseline_phase_timing=False, warmup=40, iters=60, check=False
Workload: B=36, q_tokens=8704, history_tokens=1179648, q_seqlens=[16, 16, 16, 16, 16, 16, 16, 16, 16, 16, 16, 16, 16, 16, 16, 16, 16, 16, 16, 16, 16, 16, 16, 16, 16, 16, 16, 16, 16, 16, 16, 16, 2048, 2048, 2048, 2048], history_seqlens=[32768, 32768, 32768, 32768, 32768, 32768, 32768, 32768, 32768, 32768, 32768, 32768, 32768, 32768, 32768, 32768, 32768, 32768, 32768, 32768, 32768, 32768, 32768, 32768, 32768, 32768, 32768, 32768, 32768, 32768, 32768, 32768, 32768, 32768, 32768, 32768]
Agg TFLOPS uses useful attention work across all TP ranks and p50(max_across_ranks); Avg/GPU divides it by world_size.
KV GB/s/GPU is average logical BF16 K+V bytes read per TP rank divided by p50(max_across_ranks); it is not hardware-counter HBM traffic.

Running B=36, q_tokens=8704, history_tokens=1179648, causal=True

B=36, q_tokens=8704, history_tokens=1179648, QH=32, KVH=2, D=128, TP=8, DCP=4, mode=causal
Method                   Time ms                                                                                                                                     Agg TFLOPS    Avg/GPU  KV GB/s/GPU      Check  Note
dcp_mega_varlen          t0=1.420, t1=1.420, t2=1.420, t3=1.416, t4=1.411, t5=1.413, t6=1.411, t7=1.409 | p50(max_across_ranks)=1.428, p90(max_across_ranks)=1.437       3367.7      421.0        108.8       skip  eager; output=bf16_ipc_a2a; runner_preallocated; timing=mega_kernel_only
Wrote benchmark JSON to /home/hychen/min_fa3_demo/benchmark_logs/experiment_suite/20260812-231044-dcp-cp-suite/02_dcp_uniform/results/mega/dcp_4/comm_sm_4/d32_c4_kv32k_dcp4_hkv2_eager.json

================================================================================
Mega comm_sm=4, case 63/64: d32_c4_kv64k_dcp4_hkv2: B=36, Sq=[16, 16, 16, 16, 16, 16, 16, 16, 16, 16, 16, 16, 16, 16, 16, 16, 16, 16, 16, 16, 16, 16, 16, 16, 16, 16, 16, 16, 16, 16, 16, 16, 2048, 2048, 2048, 2048], Sk=[65536, 65536, 65536, 65536, 65536, 65536, 65536, 65536, 65536, 65536, 65536, 65536, 65536, 65536, 65536, 65536, 65536, 65536, 65536, 65536, 65536, 65536, 65536, 65536, 65536, 65536, 65536, 65536, 65536, 65536, 65536, 65536, 65536, 65536, 65536, 65536], DCP=4, Hkv=2
================================================================================
Config: world_size=8, methods=['dcp_mega_varlen'], QH=32, KVH=2, D=128, TP=8, DCP=4, workload=chunk, execution=eager, baseline_phase_timing=False, warmup=40, iters=60, check=False
Workload: B=36, q_tokens=8704, history_tokens=2359296, q_seqlens=[16, 16, 16, 16, 16, 16, 16, 16, 16, 16, 16, 16, 16, 16, 16, 16, 16, 16, 16, 16, 16, 16, 16, 16, 16, 16, 16, 16, 16, 16, 16, 16, 2048, 2048, 2048, 2048], history_seqlens=[65536, 65536, 65536, 65536, 65536, 65536, 65536, 65536, 65536, 65536, 65536, 65536, 65536, 65536, 65536, 65536, 65536, 65536, 65536, 65536, 65536, 65536, 65536, 65536, 65536, 65536, 65536, 65536, 65536, 65536, 65536, 65536, 65536, 65536, 65536, 65536]
Agg TFLOPS uses useful attention work across all TP ranks and p50(max_across_ranks); Avg/GPU divides it by world_size.
KV GB/s/GPU is average logical BF16 K+V bytes read per TP rank divided by p50(max_across_ranks); it is not hardware-counter HBM traffic.

Running B=36, q_tokens=8704, history_tokens=2359296, causal=True

B=36, q_tokens=8704, history_tokens=2359296, QH=32, KVH=2, D=128, TP=8, DCP=4, mode=causal
Method                   Time ms                                                                                                                                     Agg TFLOPS    Avg/GPU  KV GB/s/GPU      Check  Note
dcp_mega_varlen          t0=2.261, t1=2.257, t2=2.252, t3=2.255, t4=2.221, t5=2.227, t6=2.223, t7=2.220 | p50(max_across_ranks)=2.270, p90(max_across_ranks)=2.295       4178.1      522.3        135.0       skip  eager; output=bf16_ipc_a2a; runner_preallocated; timing=mega_kernel_only
Wrote benchmark JSON to /home/hychen/min_fa3_demo/benchmark_logs/experiment_suite/20260812-231044-dcp-cp-suite/02_dcp_uniform/results/mega/dcp_4/comm_sm_4/d32_c4_kv64k_dcp4_hkv2_eager.json

================================================================================
Mega comm_sm=4, case 64/64: d32_c4_kv128k_dcp4_hkv2: B=36, Sq=[16, 16, 16, 16, 16, 16, 16, 16, 16, 16, 16, 16, 16, 16, 16, 16, 16, 16, 16, 16, 16, 16, 16, 16, 16, 16, 16, 16, 16, 16, 16, 16, 2048, 2048, 2048, 2048], Sk=[131072, 131072, 131072, 131072, 131072, 131072, 131072, 131072, 131072, 131072, 131072, 131072, 131072, 131072, 131072, 131072, 131072, 131072, 131072, 131072, 131072, 131072, 131072, 131072, 131072, 131072, 131072, 131072, 131072, 131072, 131072, 131072, 131072, 131072, 131072, 131072], DCP=4, Hkv=2
================================================================================
Config: world_size=8, methods=['dcp_mega_varlen'], QH=32, KVH=2, D=128, TP=8, DCP=4, workload=chunk, execution=eager, baseline_phase_timing=False, warmup=40, iters=60, check=False
Workload: B=36, q_tokens=8704, history_tokens=4718592, q_seqlens=[16, 16, 16, 16, 16, 16, 16, 16, 16, 16, 16, 16, 16, 16, 16, 16, 16, 16, 16, 16, 16, 16, 16, 16, 16, 16, 16, 16, 16, 16, 16, 16, 2048, 2048, 2048, 2048], history_seqlens=[131072, 131072, 131072, 131072, 131072, 131072, 131072, 131072, 131072, 131072, 131072, 131072, 131072, 131072, 131072, 131072, 131072, 131072, 131072, 131072, 131072, 131072, 131072, 131072, 131072, 131072, 131072, 131072, 131072, 131072, 131072, 131072, 131072, 131072, 131072, 131072]
Agg TFLOPS uses useful attention work across all TP ranks and p50(max_across_ranks); Avg/GPU divides it by world_size.
KV GB/s/GPU is average logical BF16 K+V bytes read per TP rank divided by p50(max_across_ranks); it is not hardware-counter HBM traffic.

Running B=36, q_tokens=8704, history_tokens=4718592, causal=True

B=36, q_tokens=8704, history_tokens=4718592, QH=32, KVH=2, D=128, TP=8, DCP=4, mode=causal
Method                   Time ms                                                                                                                                     Agg TFLOPS    Avg/GPU  KV GB/s/GPU      Check  Note
dcp_mega_varlen          t0=3.990, t1=3.983, t2=3.996, t3=3.993, t4=3.944, t5=3.945, t6=3.938, t7=3.930 | p50(max_across_ranks)=4.004, p90(max_across_ranks)=4.155       4702.9      587.9        152.0       skip  eager; output=bf16_ipc_a2a; runner_preallocated; timing=mega_kernel_only
Wrote benchmark JSON to /home/hychen/min_fa3_demo/benchmark_logs/experiment_suite/20260812-231044-dcp-cp-suite/02_dcp_uniform/results/mega/dcp_4/comm_sm_4/d32_c4_kv128k_dcp4_hkv2_eager.json

Mega comm_sm=4 summary

Mega DCP batch summary
Case                     DCP Method                       p50 ms     p90 ms   Agg TFLOPS
d4_c0_kv16k_dcp4_hkv2      4 dcp_mega_varlen               0.053      0.055        325.0
d4_c0_kv32k_dcp4_hkv2      4 dcp_mega_varlen               0.058      0.060        596.7
d4_c0_kv64k_dcp4_hkv2      4 dcp_mega_varlen               0.065      0.067       1061.9
d4_c0_kv128k_dcp4_hkv2     4 dcp_mega_varlen               0.079      0.085       1740.0
d4_c1_kv16k_dcp4_hkv2      4 dcp_mega_varlen               0.273      0.280       2204.1
d4_c1_kv32k_dcp4_hkv2      4 dcp_mega_varlen               0.363      0.375       3216.3
d4_c1_kv64k_dcp4_hkv2      4 dcp_mega_varlen               0.605      0.613       3805.1
d4_c1_kv128k_dcp4_hkv2     4 dcp_mega_varlen               1.148      1.153       3979.7
d4_c2_kv16k_dcp4_hkv2      4 dcp_mega_varlen               0.531      0.542       2231.9
d4_c2_kv32k_dcp4_hkv2      4 dcp_mega_varlen               0.710      0.726       3240.6
d4_c2_kv64k_dcp4_hkv2      4 dcp_mega_varlen               1.097      1.112       4133.1
d4_c2_kv128k_dcp4_hkv2     4 dcp_mega_varlen               2.009      2.032       4480.0
d4_c4_kv16k_dcp4_hkv2      4 dcp_mega_varlen               1.042      1.050       2259.0
d4_c4_kv32k_dcp4_hkv2      4 dcp_mega_varlen               1.397      1.415       3272.2
d4_c4_kv64k_dcp4_hkv2      4 dcp_mega_varlen               2.176      2.191       4136.6
d4_c4_kv128k_dcp4_hkv2     4 dcp_mega_varlen               3.845      3.907       4646.9
d8_c0_kv16k_dcp4_hkv2      4 dcp_mega_varlen               0.057      0.058        605.6
d8_c0_kv32k_dcp4_hkv2      4 dcp_mega_varlen               0.067      0.068       1032.7
d8_c0_kv64k_dcp4_hkv2      4 dcp_mega_varlen               0.079      0.087       1739.1
d8_c0_kv128k_dcp4_hkv2     4 dcp_mega_varlen               0.104      0.106       2643.2
d8_c1_kv16k_dcp4_hkv2      4 dcp_mega_varlen               0.275      0.278       2246.3
d8_c1_kv32k_dcp4_hkv2      4 dcp_mega_varlen               0.365      0.368       3291.0
d8_c1_kv64k_dcp4_hkv2      4 dcp_mega_varlen               0.620      0.627       3826.4
d8_c1_kv128k_dcp4_hkv2     4 dcp_mega_varlen               1.160      1.164       4057.7
d8_c2_kv16k_dcp4_hkv2      4 dcp_mega_varlen               0.538      0.554       2234.7
d8_c2_kv32k_dcp4_hkv2      4 dcp_mega_varlen               0.715      0.729       3267.4
d8_c2_kv64k_dcp4_hkv2      4 dcp_mega_varlen               1.109      1.126       4150.4
d8_c2_kv128k_dcp4_hkv2     4 dcp_mega_varlen               2.035      2.056       4491.3
d8_c4_kv16k_dcp4_hkv2      4 dcp_mega_varlen               1.049      1.056       2260.8
d8_c4_kv32k_dcp4_hkv2      4 dcp_mega_varlen               1.402      1.421       3283.2
d8_c4_kv64k_dcp4_hkv2      4 dcp_mega_varlen               2.191      2.205       4140.7
d8_c4_kv128k_dcp4_hkv2     4 dcp_mega_varlen               3.888      3.917       4631.0
d16_c0_kv16k_dcp4_hkv2     4 dcp_mega_varlen               0.075      0.075        918.6
d16_c0_kv32k_dcp4_hkv2     4 dcp_mega_varlen               0.088      0.090       1564.8
d16_c0_kv64k_dcp4_hkv2     4 dcp_mega_varlen               0.113      0.114       2441.7
d16_c0_kv128k_dcp4_hkv2    4 dcp_mega_varlen               0.166      0.171       3319.4
d16_c1_kv16k_dcp4_hkv2     4 dcp_mega_varlen               0.285      0.288       2287.3
d16_c1_kv32k_dcp4_hkv2     4 dcp_mega_varlen               0.380      0.386       3341.5
d16_c1_kv64k_dcp4_hkv2     4 dcp_mega_varlen               0.634      0.638       3953.9
d16_c1_kv128k_dcp4_hkv2    4 dcp_mega_varlen               1.203      1.218       4141.5
d16_c2_kv16k_dcp4_hkv2     4 dcp_mega_varlen               0.549      0.554       2254.5
d16_c2_kv32k_dcp4_hkv2     4 dcp_mega_varlen               0.727      0.738       3309.2
d16_c2_kv64k_dcp4_hkv2     4 dcp_mega_varlen               1.124      1.146       4218.1
d16_c2_kv128k_dcp4_hkv2    4 dcp_mega_varlen               2.053      2.102       4585.7
d16_c4_kv16k_dcp4_hkv2     4 dcp_mega_varlen               1.063      1.069       2262.6
d16_c4_kv32k_dcp4_hkv2     4 dcp_mega_varlen               1.411      1.418       3311.6
d16_c4_kv64k_dcp4_hkv2     4 dcp_mega_varlen               2.216      2.234       4155.6
d16_c4_kv128k_dcp4_hkv2    4 dcp_mega_varlen               3.928      4.000       4653.2
d32_c0_kv16k_dcp4_hkv2     4 dcp_mega_varlen               0.116      0.118       1183.1
d32_c0_kv32k_dcp4_hkv2     4 dcp_mega_varlen               0.132      0.134       2085.0
d32_c0_kv64k_dcp4_hkv2     4 dcp_mega_varlen               0.184      0.196       2991.6
d32_c0_kv128k_dcp4_hkv2    4 dcp_mega_varlen               0.283      0.284       3891.3
d32_c1_kv16k_dcp4_hkv2     4 dcp_mega_varlen               0.323      0.332       2235.8
d32_c1_kv32k_dcp4_hkv2     4 dcp_mega_varlen               0.420      0.429       3357.4
d32_c1_kv64k_dcp4_hkv2     4 dcp_mega_varlen               0.662      0.680       4204.6
d32_c1_kv128k_dcp4_hkv2    4 dcp_mega_varlen               1.256      1.261       4403.3
d32_c2_kv16k_dcp4_hkv2     4 dcp_mega_varlen               0.575      0.588       2270.1
d32_c2_kv32k_dcp4_hkv2     4 dcp_mega_varlen               0.772      0.804       3294.9
d32_c2_kv64k_dcp4_hkv2     4 dcp_mega_varlen               1.166      1.188       4302.0
d32_c2_kv128k_dcp4_hkv2    4 dcp_mega_varlen               2.170      2.211       4592.9
d32_c4_kv16k_dcp4_hkv2     4 dcp_mega_varlen               1.083      1.089       2283.5
d32_c4_kv32k_dcp4_hkv2     4 dcp_mega_varlen               1.428      1.437       3367.7
d32_c4_kv64k_dcp4_hkv2     4 dcp_mega_varlen               2.270      2.295       4178.1
d32_c4_kv128k_dcp4_hkv2    4 dcp_mega_varlen               4.004      4.155       4702.9

Mega DCP workload-weighted summary
Topology        DCP Method                     Cases    Mean ms  Mean TFLOPS     Weighted  Weighted/GPU
dcp4_hkv2         4 dcp_mega_varlen               64      0.999       3082.7       3911.7         489.0

================================================================================
Mega comm_sm=8, case 1/64: d4_c0_kv16k_dcp4_hkv2: B=4, Sq=[16, 16, 16, 16], Sk=[16384, 16384, 16384, 16384], DCP=4, Hkv=2
================================================================================
Config: world_size=8, methods=['dcp_mega_varlen'], QH=32, KVH=2, D=128, TP=8, DCP=4, workload=chunk, execution=eager, baseline_phase_timing=False, warmup=40, iters=60, check=False
Workload: B=4, q_tokens=64, history_tokens=65536, q_seqlens=[16, 16, 16, 16], history_seqlens=[16384, 16384, 16384, 16384]
Agg TFLOPS uses useful attention work across all TP ranks and p50(max_across_ranks); Avg/GPU divides it by world_size.
KV GB/s/GPU is average logical BF16 K+V bytes read per TP rank divided by p50(max_across_ranks); it is not hardware-counter HBM traffic.

Running B=4, q_tokens=64, history_tokens=65536, causal=True

B=4, q_tokens=64, history_tokens=65536, QH=32, KVH=2, D=128, TP=8, DCP=4, mode=causal
Method                   Time ms                                                                                                                                     Agg TFLOPS    Avg/GPU  KV GB/s/GPU      Check  Note
dcp_mega_varlen          t0=0.051, t1=0.051, t2=0.050, t3=0.048, t4=0.050, t5=0.051, t6=0.049, t7=0.050 | p50(max_across_ranks)=0.052, p90(max_across_ranks)=0.059        328.4       41.1        160.9       skip  eager; output=bf16_ipc_a2a; runner_preallocated; timing=mega_kernel_only
Wrote benchmark JSON to /home/hychen/min_fa3_demo/benchmark_logs/experiment_suite/20260812-231044-dcp-cp-suite/02_dcp_uniform/results/mega/dcp_4/comm_sm_8/d4_c0_kv16k_dcp4_hkv2_eager.json

================================================================================
Mega comm_sm=8, case 2/64: d4_c0_kv32k_dcp4_hkv2: B=4, Sq=[16, 16, 16, 16], Sk=[32768, 32768, 32768, 32768], DCP=4, Hkv=2
================================================================================
Config: world_size=8, methods=['dcp_mega_varlen'], QH=32, KVH=2, D=128, TP=8, DCP=4, workload=chunk, execution=eager, baseline_phase_timing=False, warmup=40, iters=60, check=False
Workload: B=4, q_tokens=64, history_tokens=131072, q_seqlens=[16, 16, 16, 16], history_seqlens=[32768, 32768, 32768, 32768]
Agg TFLOPS uses useful attention work across all TP ranks and p50(max_across_ranks); Avg/GPU divides it by world_size.
KV GB/s/GPU is average logical BF16 K+V bytes read per TP rank divided by p50(max_across_ranks); it is not hardware-counter HBM traffic.

Running B=4, q_tokens=64, history_tokens=131072, causal=True

B=4, q_tokens=64, history_tokens=131072, QH=32, KVH=2, D=128, TP=8, DCP=4, mode=causal
Method                   Time ms                                                                                                                                     Agg TFLOPS    Avg/GPU  KV GB/s/GPU      Check  Note
dcp_mega_varlen          t0=0.056, t1=0.056, t2=0.055, t3=0.053, t4=0.055, t5=0.056, t6=0.053, t7=0.055 | p50(max_across_ranks)=0.057, p90(max_across_ranks)=0.060        600.7       75.1        293.8       skip  eager; output=bf16_ipc_a2a; runner_preallocated; timing=mega_kernel_only
Wrote benchmark JSON to /home/hychen/min_fa3_demo/benchmark_logs/experiment_suite/20260812-231044-dcp-cp-suite/02_dcp_uniform/results/mega/dcp_4/comm_sm_8/d4_c0_kv32k_dcp4_hkv2_eager.json

================================================================================
Mega comm_sm=8, case 3/64: d4_c0_kv64k_dcp4_hkv2: B=4, Sq=[16, 16, 16, 16], Sk=[65536, 65536, 65536, 65536], DCP=4, Hkv=2
================================================================================
Config: world_size=8, methods=['dcp_mega_varlen'], QH=32, KVH=2, D=128, TP=8, DCP=4, workload=chunk, execution=eager, baseline_phase_timing=False, warmup=40, iters=60, check=False
Workload: B=4, q_tokens=64, history_tokens=262144, q_seqlens=[16, 16, 16, 16], history_seqlens=[65536, 65536, 65536, 65536]
Agg TFLOPS uses useful attention work across all TP ranks and p50(max_across_ranks); Avg/GPU divides it by world_size.
KV GB/s/GPU is average logical BF16 K+V bytes read per TP rank divided by p50(max_across_ranks); it is not hardware-counter HBM traffic.

Running B=4, q_tokens=64, history_tokens=262144, causal=True

B=4, q_tokens=64, history_tokens=262144, QH=32, KVH=2, D=128, TP=8, DCP=4, mode=causal
Method                   Time ms                                                                                                                                     Agg TFLOPS    Avg/GPU  KV GB/s/GPU      Check  Note
dcp_mega_varlen          t0=0.064, t1=0.064, t2=0.064, t3=0.060, t4=0.062, t5=0.064, t6=0.061, t7=0.062 | p50(max_across_ranks)=0.065, p90(max_across_ranks)=0.065       1062.2      132.8        519.1       skip  eager; output=bf16_ipc_a2a; runner_preallocated; timing=mega_kernel_only
Wrote benchmark JSON to /home/hychen/min_fa3_demo/benchmark_logs/experiment_suite/20260812-231044-dcp-cp-suite/02_dcp_uniform/results/mega/dcp_4/comm_sm_8/d4_c0_kv64k_dcp4_hkv2_eager.json

================================================================================
Mega comm_sm=8, case 4/64: d4_c0_kv128k_dcp4_hkv2: B=4, Sq=[16, 16, 16, 16], Sk=[131072, 131072, 131072, 131072], DCP=4, Hkv=2
================================================================================
Config: world_size=8, methods=['dcp_mega_varlen'], QH=32, KVH=2, D=128, TP=8, DCP=4, workload=chunk, execution=eager, baseline_phase_timing=False, warmup=40, iters=60, check=False
Workload: B=4, q_tokens=64, history_tokens=524288, q_seqlens=[16, 16, 16, 16], history_seqlens=[131072, 131072, 131072, 131072]
Agg TFLOPS uses useful attention work across all TP ranks and p50(max_across_ranks); Avg/GPU divides it by world_size.
KV GB/s/GPU is average logical BF16 K+V bytes read per TP rank divided by p50(max_across_ranks); it is not hardware-counter HBM traffic.

Running B=4, q_tokens=64, history_tokens=524288, causal=True

B=4, q_tokens=64, history_tokens=524288, QH=32, KVH=2, D=128, TP=8, DCP=4, mode=causal
Method                   Time ms                                                                                                                                     Agg TFLOPS    Avg/GPU  KV GB/s/GPU      Check  Note
dcp_mega_varlen          t0=0.079, t1=0.079, t2=0.079, t3=0.075, t4=0.076, t5=0.079, t6=0.075, t7=0.077 | p50(max_across_ranks)=0.080, p90(max_across_ranks)=0.081       1728.1      216.0        844.2       skip  eager; output=bf16_ipc_a2a; runner_preallocated; timing=mega_kernel_only
Wrote benchmark JSON to /home/hychen/min_fa3_demo/benchmark_logs/experiment_suite/20260812-231044-dcp-cp-suite/02_dcp_uniform/results/mega/dcp_4/comm_sm_8/d4_c0_kv128k_dcp4_hkv2_eager.json

================================================================================
Mega comm_sm=8, case 5/64: d4_c1_kv16k_dcp4_hkv2: B=5, Sq=[16, 16, 16, 16, 2048], Sk=[16384, 16384, 16384, 16384, 16384], DCP=4, Hkv=2
================================================================================
Config: world_size=8, methods=['dcp_mega_varlen'], QH=32, KVH=2, D=128, TP=8, DCP=4, workload=chunk, execution=eager, baseline_phase_timing=False, warmup=40, iters=60, check=False
Workload: B=5, q_tokens=2112, history_tokens=81920, q_seqlens=[16, 16, 16, 16, 2048], history_seqlens=[16384, 16384, 16384, 16384, 16384]
Agg TFLOPS uses useful attention work across all TP ranks and p50(max_across_ranks); Avg/GPU divides it by world_size.
KV GB/s/GPU is average logical BF16 K+V bytes read per TP rank divided by p50(max_across_ranks); it is not hardware-counter HBM traffic.

Running B=5, q_tokens=2112, history_tokens=81920, causal=True

B=5, q_tokens=2112, history_tokens=81920, QH=32, KVH=2, D=128, TP=8, DCP=4, mode=causal
Method                   Time ms                                                                                                                                     Agg TFLOPS    Avg/GPU  KV GB/s/GPU      Check  Note
dcp_mega_varlen          t0=0.217, t1=0.217, t2=0.217, t3=0.211, t4=0.216, t5=0.216, t6=0.212, t7=0.213 | p50(max_across_ranks)=0.221, p90(max_across_ranks)=0.225       2719.6      340.0         52.3       skip  eager; output=bf16_ipc_a2a; runner_preallocated; timing=mega_kernel_only
Wrote benchmark JSON to /home/hychen/min_fa3_demo/benchmark_logs/experiment_suite/20260812-231044-dcp-cp-suite/02_dcp_uniform/results/mega/dcp_4/comm_sm_8/d4_c1_kv16k_dcp4_hkv2_eager.json

================================================================================
Mega comm_sm=8, case 6/64: d4_c1_kv32k_dcp4_hkv2: B=5, Sq=[16, 16, 16, 16, 2048], Sk=[32768, 32768, 32768, 32768, 32768], DCP=4, Hkv=2
================================================================================
Config: world_size=8, methods=['dcp_mega_varlen'], QH=32, KVH=2, D=128, TP=8, DCP=4, workload=chunk, execution=eager, baseline_phase_timing=False, warmup=40, iters=60, check=False
Workload: B=5, q_tokens=2112, history_tokens=163840, q_seqlens=[16, 16, 16, 16, 2048], history_seqlens=[32768, 32768, 32768, 32768, 32768]
Agg TFLOPS uses useful attention work across all TP ranks and p50(max_across_ranks); Avg/GPU divides it by world_size.
KV GB/s/GPU is average logical BF16 K+V bytes read per TP rank divided by p50(max_across_ranks); it is not hardware-counter HBM traffic.

Running B=5, q_tokens=2112, history_tokens=163840, causal=True

B=5, q_tokens=2112, history_tokens=163840, QH=32, KVH=2, D=128, TP=8, DCP=4, mode=causal
Method                   Time ms                                                                                                                                     Agg TFLOPS    Avg/GPU  KV GB/s/GPU      Check  Note
dcp_mega_varlen          t0=0.334, t1=0.335, t2=0.334, t3=0.330, t4=0.329, t5=0.330, t6=0.328, t7=0.327 | p50(max_across_ranks)=0.336, p90(max_across_ranks)=0.339       3481.1      435.1         65.7       skip  eager; output=bf16_ipc_a2a; runner_preallocated; timing=mega_kernel_only
Wrote benchmark JSON to /home/hychen/min_fa3_demo/benchmark_logs/experiment_suite/20260812-231044-dcp-cp-suite/02_dcp_uniform/results/mega/dcp_4/comm_sm_8/d4_c1_kv32k_dcp4_hkv2_eager.json

================================================================================
Mega comm_sm=8, case 7/64: d4_c1_kv64k_dcp4_hkv2: B=5, Sq=[16, 16, 16, 16, 2048], Sk=[65536, 65536, 65536, 65536, 65536], DCP=4, Hkv=2
================================================================================
Config: world_size=8, methods=['dcp_mega_varlen'], QH=32, KVH=2, D=128, TP=8, DCP=4, workload=chunk, execution=eager, baseline_phase_timing=False, warmup=40, iters=60, check=False
Workload: B=5, q_tokens=2112, history_tokens=327680, q_seqlens=[16, 16, 16, 16, 2048], history_seqlens=[65536, 65536, 65536, 65536, 65536]
Agg TFLOPS uses useful attention work across all TP ranks and p50(max_across_ranks); Avg/GPU divides it by world_size.
KV GB/s/GPU is average logical BF16 K+V bytes read per TP rank divided by p50(max_across_ranks); it is not hardware-counter HBM traffic.

Running B=5, q_tokens=2112, history_tokens=327680, causal=True

B=5, q_tokens=2112, history_tokens=327680, QH=32, KVH=2, D=128, TP=8, DCP=4, mode=causal
Method                   Time ms                                                                                                                                     Agg TFLOPS    Avg/GPU  KV GB/s/GPU      Check  Note
dcp_mega_varlen          t0=0.604, t1=0.604, t2=0.602, t3=0.597, t4=0.598, t5=0.598, t6=0.594, t7=0.596 | p50(max_across_ranks)=0.605, p90(max_across_ranks)=0.607       3807.9      476.0         71.2       skip  eager; output=bf16_ipc_a2a; runner_preallocated; timing=mega_kernel_only
Wrote benchmark JSON to /home/hychen/min_fa3_demo/benchmark_logs/experiment_suite/20260812-231044-dcp-cp-suite/02_dcp_uniform/results/mega/dcp_4/comm_sm_8/d4_c1_kv64k_dcp4_hkv2_eager.json

================================================================================
Mega comm_sm=8, case 8/64: d4_c1_kv128k_dcp4_hkv2: B=5, Sq=[16, 16, 16, 16, 2048], Sk=[131072, 131072, 131072, 131072, 131072], DCP=4, Hkv=2
================================================================================
Config: world_size=8, methods=['dcp_mega_varlen'], QH=32, KVH=2, D=128, TP=8, DCP=4, workload=chunk, execution=eager, baseline_phase_timing=False, warmup=40, iters=60, check=False
Workload: B=5, q_tokens=2112, history_tokens=655360, q_seqlens=[16, 16, 16, 16, 2048], history_seqlens=[131072, 131072, 131072, 131072, 131072]
Agg TFLOPS uses useful attention work across all TP ranks and p50(max_across_ranks); Avg/GPU divides it by world_size.
KV GB/s/GPU is average logical BF16 K+V bytes read per TP rank divided by p50(max_across_ranks); it is not hardware-counter HBM traffic.

Running B=5, q_tokens=2112, history_tokens=655360, causal=True

B=5, q_tokens=2112, history_tokens=655360, QH=32, KVH=2, D=128, TP=8, DCP=4, mode=causal
Method                   Time ms                                                                                                                                     Agg TFLOPS    Avg/GPU  KV GB/s/GPU      Check  Note
dcp_mega_varlen          t0=1.139, t1=1.137, t2=1.139, t3=1.134, t4=1.138, t5=1.138, t6=1.137, t7=1.127 | p50(max_across_ranks)=1.141, p90(max_across_ranks)=1.147       4005.6      500.7         74.5       skip  eager; output=bf16_ipc_a2a; runner_preallocated; timing=mega_kernel_only
Wrote benchmark JSON to /home/hychen/min_fa3_demo/benchmark_logs/experiment_suite/20260812-231044-dcp-cp-suite/02_dcp_uniform/results/mega/dcp_4/comm_sm_8/d4_c1_kv128k_dcp4_hkv2_eager.json

================================================================================
Mega comm_sm=8, case 9/64: d4_c2_kv16k_dcp4_hkv2: B=6, Sq=[16, 16, 16, 16, 2048, 2048], Sk=[16384, 16384, 16384, 16384, 16384, 16384], DCP=4, Hkv=2
================================================================================
Config: world_size=8, methods=['dcp_mega_varlen'], QH=32, KVH=2, D=128, TP=8, DCP=4, workload=chunk, execution=eager, baseline_phase_timing=False, warmup=40, iters=60, check=False
Workload: B=6, q_tokens=4160, history_tokens=98304, q_seqlens=[16, 16, 16, 16, 2048, 2048], history_seqlens=[16384, 16384, 16384, 16384, 16384, 16384]
Agg TFLOPS uses useful attention work across all TP ranks and p50(max_across_ranks); Avg/GPU divides it by world_size.
KV GB/s/GPU is average logical BF16 K+V bytes read per TP rank divided by p50(max_across_ranks); it is not hardware-counter HBM traffic.

Running B=6, q_tokens=4160, history_tokens=98304, causal=True

B=6, q_tokens=4160, history_tokens=98304, QH=32, KVH=2, D=128, TP=8, DCP=4, mode=causal
Method                   Time ms                                                                                                                                     Agg TFLOPS    Avg/GPU  KV GB/s/GPU      Check  Note
dcp_mega_varlen          t0=0.409, t1=0.409, t2=0.410, t3=0.404, t4=0.407, t5=0.408, t6=0.408, t7=0.405 | p50(max_across_ranks)=0.415, p90(max_across_ranks)=0.422       2858.6      357.3         35.5       skip  eager; output=bf16_ipc_a2a; runner_preallocated; timing=mega_kernel_only
Wrote benchmark JSON to /home/hychen/min_fa3_demo/benchmark_logs/experiment_suite/20260812-231044-dcp-cp-suite/02_dcp_uniform/results/mega/dcp_4/comm_sm_8/d4_c2_kv16k_dcp4_hkv2_eager.json

================================================================================
Mega comm_sm=8, case 10/64: d4_c2_kv32k_dcp4_hkv2: B=6, Sq=[16, 16, 16, 16, 2048, 2048], Sk=[32768, 32768, 32768, 32768, 32768, 32768], DCP=4, Hkv=2
================================================================================
Config: world_size=8, methods=['dcp_mega_varlen'], QH=32, KVH=2, D=128, TP=8, DCP=4, workload=chunk, execution=eager, baseline_phase_timing=False, warmup=40, iters=60, check=False
Workload: B=6, q_tokens=4160, history_tokens=196608, q_seqlens=[16, 16, 16, 16, 2048, 2048], history_seqlens=[32768, 32768, 32768, 32768, 32768, 32768]
Agg TFLOPS uses useful attention work across all TP ranks and p50(max_across_ranks); Avg/GPU divides it by world_size.
KV GB/s/GPU is average logical BF16 K+V bytes read per TP rank divided by p50(max_across_ranks); it is not hardware-counter HBM traffic.

Running B=6, q_tokens=4160, history_tokens=196608, causal=True

B=6, q_tokens=4160, history_tokens=196608, QH=32, KVH=2, D=128, TP=8, DCP=4, mode=causal
Method                   Time ms                                                                                                                                     Agg TFLOPS    Avg/GPU  KV GB/s/GPU      Check  Note
dcp_mega_varlen          t0=0.589, t1=0.593, t2=0.591, t3=0.580, t4=0.582, t5=0.590, t6=0.583, t7=0.583 | p50(max_across_ranks)=0.599, p90(max_across_ranks)=0.609       3843.6      480.4         45.6       skip  eager; output=bf16_ipc_a2a; runner_preallocated; timing=mega_kernel_only
Wrote benchmark JSON to /home/hychen/min_fa3_demo/benchmark_logs/experiment_suite/20260812-231044-dcp-cp-suite/02_dcp_uniform/results/mega/dcp_4/comm_sm_8/d4_c2_kv32k_dcp4_hkv2_eager.json

================================================================================
Mega comm_sm=8, case 11/64: d4_c2_kv64k_dcp4_hkv2: B=6, Sq=[16, 16, 16, 16, 2048, 2048], Sk=[65536, 65536, 65536, 65536, 65536, 65536], DCP=4, Hkv=2
================================================================================
Config: world_size=8, methods=['dcp_mega_varlen'], QH=32, KVH=2, D=128, TP=8, DCP=4, workload=chunk, execution=eager, baseline_phase_timing=False, warmup=40, iters=60, check=False
Workload: B=6, q_tokens=4160, history_tokens=393216, q_seqlens=[16, 16, 16, 16, 2048, 2048], history_seqlens=[65536, 65536, 65536, 65536, 65536, 65536]
Agg TFLOPS uses useful attention work across all TP ranks and p50(max_across_ranks); Avg/GPU divides it by world_size.
KV GB/s/GPU is average logical BF16 K+V bytes read per TP rank divided by p50(max_across_ranks); it is not hardware-counter HBM traffic.

Running B=6, q_tokens=4160, history_tokens=393216, causal=True

B=6, q_tokens=4160, history_tokens=393216, QH=32, KVH=2, D=128, TP=8, DCP=4, mode=causal
Method                   Time ms                                                                                                                                     Agg TFLOPS    Avg/GPU  KV GB/s/GPU      Check  Note
dcp_mega_varlen          t0=1.011, t1=1.010, t2=1.010, t3=1.007, t4=1.029, t5=1.029, t6=1.027, t7=1.016 | p50(max_across_ranks)=1.031, p90(max_across_ranks)=1.043       4399.5      549.9         50.9       skip  eager; output=bf16_ipc_a2a; runner_preallocated; timing=mega_kernel_only
Wrote benchmark JSON to /home/hychen/min_fa3_demo/benchmark_logs/experiment_suite/20260812-231044-dcp-cp-suite/02_dcp_uniform/results/mega/dcp_4/comm_sm_8/d4_c2_kv64k_dcp4_hkv2_eager.json

================================================================================
Mega comm_sm=8, case 12/64: d4_c2_kv128k_dcp4_hkv2: B=6, Sq=[16, 16, 16, 16, 2048, 2048], Sk=[131072, 131072, 131072, 131072, 131072, 131072], DCP=4, Hkv=2
================================================================================
Config: world_size=8, methods=['dcp_mega_varlen'], QH=32, KVH=2, D=128, TP=8, DCP=4, workload=chunk, execution=eager, baseline_phase_timing=False, warmup=40, iters=60, check=False
Workload: B=6, q_tokens=4160, history_tokens=786432, q_seqlens=[16, 16, 16, 16, 2048, 2048], history_seqlens=[131072, 131072, 131072, 131072, 131072, 131072]
Agg TFLOPS uses useful attention work across all TP ranks and p50(max_across_ranks); Avg/GPU divides it by world_size.
KV GB/s/GPU is average logical BF16 K+V bytes read per TP rank divided by p50(max_across_ranks); it is not hardware-counter HBM traffic.

Running B=6, q_tokens=4160, history_tokens=786432, causal=True

B=6, q_tokens=4160, history_tokens=786432, QH=32, KVH=2, D=128, TP=8, DCP=4, mode=causal
Method                   Time ms                                                                                                                                     Agg TFLOPS    Avg/GPU  KV GB/s/GPU      Check  Note
dcp_mega_varlen          t0=1.998, t1=1.999, t2=1.997, t3=1.982, t4=2.019, t5=2.019, t6=2.017, t7=2.005 | p50(max_across_ranks)=2.023, p90(max_across_ranks)=2.040       4450.7      556.3         50.8       skip  eager; output=bf16_ipc_a2a; runner_preallocated; timing=mega_kernel_only
Wrote benchmark JSON to /home/hychen/min_fa3_demo/benchmark_logs/experiment_suite/20260812-231044-dcp-cp-suite/02_dcp_uniform/results/mega/dcp_4/comm_sm_8/d4_c2_kv128k_dcp4_hkv2_eager.json

================================================================================
Mega comm_sm=8, case 13/64: d4_c4_kv16k_dcp4_hkv2: B=8, Sq=[16, 16, 16, 16, 2048, 2048, 2048, 2048], Sk=[16384, 16384, 16384, 16384, 16384, 16384, 16384, 16384], DCP=4, Hkv=2
================================================================================
Config: world_size=8, methods=['dcp_mega_varlen'], QH=32, KVH=2, D=128, TP=8, DCP=4, workload=chunk, execution=eager, baseline_phase_timing=False, warmup=40, iters=60, check=False
Workload: B=8, q_tokens=8256, history_tokens=131072, q_seqlens=[16, 16, 16, 16, 2048, 2048, 2048, 2048], history_seqlens=[16384, 16384, 16384, 16384, 16384, 16384, 16384, 16384]
Agg TFLOPS uses useful attention work across all TP ranks and p50(max_across_ranks); Avg/GPU divides it by world_size.
KV GB/s/GPU is average logical BF16 K+V bytes read per TP rank divided by p50(max_across_ranks); it is not hardware-counter HBM traffic.

Running B=8, q_tokens=8256, history_tokens=131072, causal=True

B=8, q_tokens=8256, history_tokens=131072, QH=32, KVH=2, D=128, TP=8, DCP=4, mode=causal
Method                   Time ms                                                                                                                                     Agg TFLOPS    Avg/GPU  KV GB/s/GPU      Check  Note
dcp_mega_varlen          t0=0.772, t1=0.772, t2=0.771, t3=0.762, t4=0.774, t5=0.776, t6=0.774, t7=0.771 | p50(max_across_ranks)=0.780, p90(max_across_ranks)=0.786       3017.1      377.1         26.9       skip  eager; output=bf16_ipc_a2a; runner_preallocated; timing=mega_kernel_only
Wrote benchmark JSON to /home/hychen/min_fa3_demo/benchmark_logs/experiment_suite/20260812-231044-dcp-cp-suite/02_dcp_uniform/results/mega/dcp_4/comm_sm_8/d4_c4_kv16k_dcp4_hkv2_eager.json

================================================================================
Mega comm_sm=8, case 14/64: d4_c4_kv32k_dcp4_hkv2: B=8, Sq=[16, 16, 16, 16, 2048, 2048, 2048, 2048], Sk=[32768, 32768, 32768, 32768, 32768, 32768, 32768, 32768], DCP=4, Hkv=2
================================================================================
Config: world_size=8, methods=['dcp_mega_varlen'], QH=32, KVH=2, D=128, TP=8, DCP=4, workload=chunk, execution=eager, baseline_phase_timing=False, warmup=40, iters=60, check=False
Workload: B=8, q_tokens=8256, history_tokens=262144, q_seqlens=[16, 16, 16, 16, 2048, 2048, 2048, 2048], history_seqlens=[32768, 32768, 32768, 32768, 32768, 32768, 32768, 32768]
Agg TFLOPS uses useful attention work across all TP ranks and p50(max_across_ranks); Avg/GPU divides it by world_size.
KV GB/s/GPU is average logical BF16 K+V bytes read per TP rank divided by p50(max_across_ranks); it is not hardware-counter HBM traffic.

Running B=8, q_tokens=8256, history_tokens=262144, causal=True

B=8, q_tokens=8256, history_tokens=262144, QH=32, KVH=2, D=128, TP=8, DCP=4, mode=causal
Method                   Time ms                                                                                                                                     Agg TFLOPS    Avg/GPU  KV GB/s/GPU      Check  Note
dcp_mega_varlen          t0=1.140, t1=1.140, t2=1.140, t3=1.133, t4=1.139, t5=1.143, t6=1.142, t7=1.134 | p50(max_across_ranks)=1.147, p90(max_across_ranks)=1.154       3982.8      497.8         32.9       skip  eager; output=bf16_ipc_a2a; runner_preallocated; timing=mega_kernel_only
Wrote benchmark JSON to /home/hychen/min_fa3_demo/benchmark_logs/experiment_suite/20260812-231044-dcp-cp-suite/02_dcp_uniform/results/mega/dcp_4/comm_sm_8/d4_c4_kv32k_dcp4_hkv2_eager.json

================================================================================
Mega comm_sm=8, case 15/64: d4_c4_kv64k_dcp4_hkv2: B=8, Sq=[16, 16, 16, 16, 2048, 2048, 2048, 2048], Sk=[65536, 65536, 65536, 65536, 65536, 65536, 65536, 65536], DCP=4, Hkv=2
================================================================================
Config: world_size=8, methods=['dcp_mega_varlen'], QH=32, KVH=2, D=128, TP=8, DCP=4, workload=chunk, execution=eager, baseline_phase_timing=False, warmup=40, iters=60, check=False
Workload: B=8, q_tokens=8256, history_tokens=524288, q_seqlens=[16, 16, 16, 16, 2048, 2048, 2048, 2048], history_seqlens=[65536, 65536, 65536, 65536, 65536, 65536, 65536, 65536]
Agg TFLOPS uses useful attention work across all TP ranks and p50(max_across_ranks); Avg/GPU divides it by world_size.
KV GB/s/GPU is average logical BF16 K+V bytes read per TP rank divided by p50(max_across_ranks); it is not hardware-counter HBM traffic.

Running B=8, q_tokens=8256, history_tokens=524288, causal=True

B=8, q_tokens=8256, history_tokens=524288, QH=32, KVH=2, D=128, TP=8, DCP=4, mode=causal
Method                   Time ms                                                                                                                                     Agg TFLOPS    Avg/GPU  KV GB/s/GPU      Check  Note
dcp_mega_varlen          t0=1.982, t1=1.981, t2=1.985, t3=1.977, t4=1.990, t5=1.986, t6=1.991, t7=1.979 | p50(max_across_ranks)=1.998, p90(max_across_ranks)=2.024       4505.6      563.2         35.7       skip  eager; output=bf16_ipc_a2a; runner_preallocated; timing=mega_kernel_only
Wrote benchmark JSON to /home/hychen/min_fa3_demo/benchmark_logs/experiment_suite/20260812-231044-dcp-cp-suite/02_dcp_uniform/results/mega/dcp_4/comm_sm_8/d4_c4_kv64k_dcp4_hkv2_eager.json

================================================================================
Mega comm_sm=8, case 16/64: d4_c4_kv128k_dcp4_hkv2: B=8, Sq=[16, 16, 16, 16, 2048, 2048, 2048, 2048], Sk=[131072, 131072, 131072, 131072, 131072, 131072, 131072, 131072], DCP=4, Hkv=2
================================================================================
Config: world_size=8, methods=['dcp_mega_varlen'], QH=32, KVH=2, D=128, TP=8, DCP=4, workload=chunk, execution=eager, baseline_phase_timing=False, warmup=40, iters=60, check=False
Workload: B=8, q_tokens=8256, history_tokens=1048576, q_seqlens=[16, 16, 16, 16, 2048, 2048, 2048, 2048], history_seqlens=[131072, 131072, 131072, 131072, 131072, 131072, 131072, 131072]
Agg TFLOPS uses useful attention work across all TP ranks and p50(max_across_ranks); Avg/GPU divides it by world_size.
KV GB/s/GPU is average logical BF16 K+V bytes read per TP rank divided by p50(max_across_ranks); it is not hardware-counter HBM traffic.

Running B=8, q_tokens=8256, history_tokens=1048576, causal=True

B=8, q_tokens=8256, history_tokens=1048576, QH=32, KVH=2, D=128, TP=8, DCP=4, mode=causal
Method                   Time ms                                                                                                                                     Agg TFLOPS    Avg/GPU  KV GB/s/GPU      Check  Note
dcp_mega_varlen          t0=3.795, t1=3.795, t2=3.810, t3=3.786, t4=3.752, t5=3.774, t6=3.746, t7=3.751 | p50(max_across_ranks)=3.829, p90(max_across_ranks)=3.898       4666.6      583.3         36.2       skip  eager; output=bf16_ipc_a2a; runner_preallocated; timing=mega_kernel_only
Wrote benchmark JSON to /home/hychen/min_fa3_demo/benchmark_logs/experiment_suite/20260812-231044-dcp-cp-suite/02_dcp_uniform/results/mega/dcp_4/comm_sm_8/d4_c4_kv128k_dcp4_hkv2_eager.json

================================================================================
Mega comm_sm=8, case 17/64: d8_c0_kv16k_dcp4_hkv2: B=8, Sq=[16, 16, 16, 16, 16, 16, 16, 16], Sk=[16384, 16384, 16384, 16384, 16384, 16384, 16384, 16384], DCP=4, Hkv=2
================================================================================
Config: world_size=8, methods=['dcp_mega_varlen'], QH=32, KVH=2, D=128, TP=8, DCP=4, workload=chunk, execution=eager, baseline_phase_timing=False, warmup=40, iters=60, check=False
Workload: B=8, q_tokens=128, history_tokens=131072, q_seqlens=[16, 16, 16, 16, 16, 16, 16, 16], history_seqlens=[16384, 16384, 16384, 16384, 16384, 16384, 16384, 16384]
Agg TFLOPS uses useful attention work across all TP ranks and p50(max_across_ranks); Avg/GPU divides it by world_size.
KV GB/s/GPU is average logical BF16 K+V bytes read per TP rank divided by p50(max_across_ranks); it is not hardware-counter HBM traffic.

Running B=8, q_tokens=128, history_tokens=131072, causal=True

B=8, q_tokens=128, history_tokens=131072, QH=32, KVH=2, D=128, TP=8, DCP=4, mode=causal
Method                   Time ms                                                                                                                                     Agg TFLOPS    Avg/GPU  KV GB/s/GPU      Check  Note
dcp_mega_varlen          t0=0.055, t1=0.056, t2=0.055, t3=0.052, t4=0.055, t5=0.055, t6=0.053, t7=0.054 | p50(max_across_ranks)=0.057, p90(max_across_ranks)=0.063        605.8       75.7        296.8       skip  eager; output=bf16_ipc_a2a; runner_preallocated; timing=mega_kernel_only
Wrote benchmark JSON to /home/hychen/min_fa3_demo/benchmark_logs/experiment_suite/20260812-231044-dcp-cp-suite/02_dcp_uniform/results/mega/dcp_4/comm_sm_8/d8_c0_kv16k_dcp4_hkv2_eager.json

================================================================================
Mega comm_sm=8, case 18/64: d8_c0_kv32k_dcp4_hkv2: B=8, Sq=[16, 16, 16, 16, 16, 16, 16, 16], Sk=[32768, 32768, 32768, 32768, 32768, 32768, 32768, 32768], DCP=4, Hkv=2
================================================================================
Config: world_size=8, methods=['dcp_mega_varlen'], QH=32, KVH=2, D=128, TP=8, DCP=4, workload=chunk, execution=eager, baseline_phase_timing=False, warmup=40, iters=60, check=False
Workload: B=8, q_tokens=128, history_tokens=262144, q_seqlens=[16, 16, 16, 16, 16, 16, 16, 16], history_seqlens=[32768, 32768, 32768, 32768, 32768, 32768, 32768, 32768]
Agg TFLOPS uses useful attention work across all TP ranks and p50(max_across_ranks); Avg/GPU divides it by world_size.
KV GB/s/GPU is average logical BF16 K+V bytes read per TP rank divided by p50(max_across_ranks); it is not hardware-counter HBM traffic.

Running B=8, q_tokens=128, history_tokens=262144, causal=True

B=8, q_tokens=128, history_tokens=262144, QH=32, KVH=2, D=128, TP=8, DCP=4, mode=causal
Method                   Time ms                                                                                                                                     Agg TFLOPS    Avg/GPU  KV GB/s/GPU      Check  Note
dcp_mega_varlen          t0=0.065, t1=0.066, t2=0.065, t3=0.062, t4=0.064, t5=0.065, t6=0.062, t7=0.064 | p50(max_across_ranks)=0.066, p90(max_across_ranks)=0.069       1034.2      129.3        505.8       skip  eager; output=bf16_ipc_a2a; runner_preallocated; timing=mega_kernel_only
Wrote benchmark JSON to /home/hychen/min_fa3_demo/benchmark_logs/experiment_suite/20260812-231044-dcp-cp-suite/02_dcp_uniform/results/mega/dcp_4/comm_sm_8/d8_c0_kv32k_dcp4_hkv2_eager.json

================================================================================
Mega comm_sm=8, case 19/64: d8_c0_kv64k_dcp4_hkv2: B=8, Sq=[16, 16, 16, 16, 16, 16, 16, 16], Sk=[65536, 65536, 65536, 65536, 65536, 65536, 65536, 65536], DCP=4, Hkv=2
================================================================================
Config: world_size=8, methods=['dcp_mega_varlen'], QH=32, KVH=2, D=128, TP=8, DCP=4, workload=chunk, execution=eager, baseline_phase_timing=False, warmup=40, iters=60, check=False
Workload: B=8, q_tokens=128, history_tokens=524288, q_seqlens=[16, 16, 16, 16, 16, 16, 16, 16], history_seqlens=[65536, 65536, 65536, 65536, 65536, 65536, 65536, 65536]
Agg TFLOPS uses useful attention work across all TP ranks and p50(max_across_ranks); Avg/GPU divides it by world_size.
KV GB/s/GPU is average logical BF16 K+V bytes read per TP rank divided by p50(max_across_ranks); it is not hardware-counter HBM traffic.

Running B=8, q_tokens=128, history_tokens=524288, causal=True

B=8, q_tokens=128, history_tokens=524288, QH=32, KVH=2, D=128, TP=8, DCP=4, mode=causal
Method                   Time ms                                                                                                                                     Agg TFLOPS    Avg/GPU  KV GB/s/GPU      Check  Note
dcp_mega_varlen          t0=0.082, t1=0.083, t2=0.081, t3=0.078, t4=0.080, t5=0.081, t6=0.078, t7=0.081 | p50(max_across_ranks)=0.083, p90(max_across_ranks)=0.089       1653.7      206.7        808.2       skip  eager; output=bf16_ipc_a2a; runner_preallocated; timing=mega_kernel_only
Wrote benchmark JSON to /home/hychen/min_fa3_demo/benchmark_logs/experiment_suite/20260812-231044-dcp-cp-suite/02_dcp_uniform/results/mega/dcp_4/comm_sm_8/d8_c0_kv64k_dcp4_hkv2_eager.json

================================================================================
Mega comm_sm=8, case 20/64: d8_c0_kv128k_dcp4_hkv2: B=8, Sq=[16, 16, 16, 16, 16, 16, 16, 16], Sk=[131072, 131072, 131072, 131072, 131072, 131072, 131072, 131072], DCP=4, Hkv=2
================================================================================
Config: world_size=8, methods=['dcp_mega_varlen'], QH=32, KVH=2, D=128, TP=8, DCP=4, workload=chunk, execution=eager, baseline_phase_timing=False, warmup=40, iters=60, check=False
Workload: B=8, q_tokens=128, history_tokens=1048576, q_seqlens=[16, 16, 16, 16, 16, 16, 16, 16], history_seqlens=[131072, 131072, 131072, 131072, 131072, 131072, 131072, 131072]
Agg TFLOPS uses useful attention work across all TP ranks and p50(max_across_ranks); Avg/GPU divides it by world_size.
KV GB/s/GPU is average logical BF16 K+V bytes read per TP rank divided by p50(max_across_ranks); it is not hardware-counter HBM traffic.

Running B=8, q_tokens=128, history_tokens=1048576, causal=True

B=8, q_tokens=128, history_tokens=1048576, QH=32, KVH=2, D=128, TP=8, DCP=4, mode=causal
Method                   Time ms                                                                                                                                     Agg TFLOPS    Avg/GPU  KV GB/s/GPU      Check  Note
dcp_mega_varlen          t0=0.108, t1=0.109, t2=0.108, t3=0.104, t4=0.106, t5=0.107, t6=0.104, t7=0.106 | p50(max_across_ranks)=0.109, p90(max_across_ranks)=0.111       2512.2      314.0       1227.2       skip  eager; output=bf16_ipc_a2a; runner_preallocated; timing=mega_kernel_only
Wrote benchmark JSON to /home/hychen/min_fa3_demo/benchmark_logs/experiment_suite/20260812-231044-dcp-cp-suite/02_dcp_uniform/results/mega/dcp_4/comm_sm_8/d8_c0_kv128k_dcp4_hkv2_eager.json

================================================================================
Mega comm_sm=8, case 21/64: d8_c1_kv16k_dcp4_hkv2: B=9, Sq=[16, 16, 16, 16, 16, 16, 16, 16, 2048], Sk=[16384, 16384, 16384, 16384, 16384, 16384, 16384, 16384, 16384], DCP=4, Hkv=2
================================================================================
Config: world_size=8, methods=['dcp_mega_varlen'], QH=32, KVH=2, D=128, TP=8, DCP=4, workload=chunk, execution=eager, baseline_phase_timing=False, warmup=40, iters=60, check=False
Workload: B=9, q_tokens=2176, history_tokens=147456, q_seqlens=[16, 16, 16, 16, 16, 16, 16, 16, 2048], history_seqlens=[16384, 16384, 16384, 16384, 16384, 16384, 16384, 16384, 16384]
Agg TFLOPS uses useful attention work across all TP ranks and p50(max_across_ranks); Avg/GPU divides it by world_size.
KV GB/s/GPU is average logical BF16 K+V bytes read per TP rank divided by p50(max_across_ranks); it is not hardware-counter HBM traffic.

Running B=9, q_tokens=2176, history_tokens=147456, causal=True

B=9, q_tokens=2176, history_tokens=147456, QH=32, KVH=2, D=128, TP=8, DCP=4, mode=causal
Method                   Time ms                                                                                                                                     Agg TFLOPS    Avg/GPU  KV GB/s/GPU      Check  Note
dcp_mega_varlen          t0=0.202, t1=0.238, t2=0.236, t3=0.234, t4=0.199, t5=0.238, t6=0.237, t7=0.238 | p50(max_across_ranks)=0.241, p90(max_across_ranks)=0.244       2571.0      321.4         83.1       skip  eager; output=bf16_ipc_a2a; runner_preallocated; timing=mega_kernel_only
Wrote benchmark JSON to /home/hychen/min_fa3_demo/benchmark_logs/experiment_suite/20260812-231044-dcp-cp-suite/02_dcp_uniform/results/mega/dcp_4/comm_sm_8/d8_c1_kv16k_dcp4_hkv2_eager.json

================================================================================
Mega comm_sm=8, case 22/64: d8_c1_kv32k_dcp4_hkv2: B=9, Sq=[16, 16, 16, 16, 16, 16, 16, 16, 2048], Sk=[32768, 32768, 32768, 32768, 32768, 32768, 32768, 32768, 32768], DCP=4, Hkv=2
================================================================================
Config: world_size=8, methods=['dcp_mega_varlen'], QH=32, KVH=2, D=128, TP=8, DCP=4, workload=chunk, execution=eager, baseline_phase_timing=False, warmup=40, iters=60, check=False
Workload: B=9, q_tokens=2176, history_tokens=294912, q_seqlens=[16, 16, 16, 16, 16, 16, 16, 16, 2048], history_seqlens=[32768, 32768, 32768, 32768, 32768, 32768, 32768, 32768, 32768]
Agg TFLOPS uses useful attention work across all TP ranks and p50(max_across_ranks); Avg/GPU divides it by world_size.
KV GB/s/GPU is average logical BF16 K+V bytes read per TP rank divided by p50(max_across_ranks); it is not hardware-counter HBM traffic.

Running B=9, q_tokens=2176, history_tokens=294912, causal=True

B=9, q_tokens=2176, history_tokens=294912, QH=32, KVH=2, D=128, TP=8, DCP=4, mode=causal
Method                   Time ms                                                                                                                                     Agg TFLOPS    Avg/GPU  KV GB/s/GPU      Check  Note
dcp_mega_varlen          t0=0.336, t1=0.336, t2=0.335, t3=0.331, t4=0.332, t5=0.332, t6=0.330, t7=0.332 | p50(max_across_ranks)=0.337, p90(max_across_ranks)=0.342       3570.7      446.3        115.4       skip  eager; output=bf16_ipc_a2a; runner_preallocated; timing=mega_kernel_only
Wrote benchmark JSON to /home/hychen/min_fa3_demo/benchmark_logs/experiment_suite/20260812-231044-dcp-cp-suite/02_dcp_uniform/results/mega/dcp_4/comm_sm_8/d8_c1_kv32k_dcp4_hkv2_eager.json

================================================================================
Mega comm_sm=8, case 23/64: d8_c1_kv64k_dcp4_hkv2: B=9, Sq=[16, 16, 16, 16, 16, 16, 16, 16, 2048], Sk=[65536, 65536, 65536, 65536, 65536, 65536, 65536, 65536, 65536], DCP=4, Hkv=2
================================================================================
Config: world_size=8, methods=['dcp_mega_varlen'], QH=32, KVH=2, D=128, TP=8, DCP=4, workload=chunk, execution=eager, baseline_phase_timing=False, warmup=40, iters=60, check=False
Workload: B=9, q_tokens=2176, history_tokens=589824, q_seqlens=[16, 16, 16, 16, 16, 16, 16, 16, 2048], history_seqlens=[65536, 65536, 65536, 65536, 65536, 65536, 65536, 65536, 65536]
Agg TFLOPS uses useful attention work across all TP ranks and p50(max_across_ranks); Avg/GPU divides it by world_size.
KV GB/s/GPU is average logical BF16 K+V bytes read per TP rank divided by p50(max_across_ranks); it is not hardware-counter HBM traffic.

Running B=9, q_tokens=2176, history_tokens=589824, causal=True

B=9, q_tokens=2176, history_tokens=589824, QH=32, KVH=2, D=128, TP=8, DCP=4, mode=causal
Method                   Time ms                                                                                                                                     Agg TFLOPS    Avg/GPU  KV GB/s/GPU      Check  Note
dcp_mega_varlen          t0=0.602, t1=0.602, t2=0.600, t3=0.598, t4=0.599, t5=0.601, t6=0.599, t7=0.600 | p50(max_across_ranks)=0.603, p90(max_across_ranks)=0.605       3931.4      491.4        127.0       skip  eager; output=bf16_ipc_a2a; runner_preallocated; timing=mega_kernel_only
Wrote benchmark JSON to /home/hychen/min_fa3_demo/benchmark_logs/experiment_suite/20260812-231044-dcp-cp-suite/02_dcp_uniform/results/mega/dcp_4/comm_sm_8/d8_c1_kv64k_dcp4_hkv2_eager.json

================================================================================
Mega comm_sm=8, case 24/64: d8_c1_kv128k_dcp4_hkv2: B=9, Sq=[16, 16, 16, 16, 16, 16, 16, 16, 2048], Sk=[131072, 131072, 131072, 131072, 131072, 131072, 131072, 131072, 131072], DCP=4, Hkv=2
================================================================================
Config: world_size=8, methods=['dcp_mega_varlen'], QH=32, KVH=2, D=128, TP=8, DCP=4, workload=chunk, execution=eager, baseline_phase_timing=False, warmup=40, iters=60, check=False
Workload: B=9, q_tokens=2176, history_tokens=1179648, q_seqlens=[16, 16, 16, 16, 16, 16, 16, 16, 2048], history_seqlens=[131072, 131072, 131072, 131072, 131072, 131072, 131072, 131072, 131072]
Agg TFLOPS uses useful attention work across all TP ranks and p50(max_across_ranks); Avg/GPU divides it by world_size.
KV GB/s/GPU is average logical BF16 K+V bytes read per TP rank divided by p50(max_across_ranks); it is not hardware-counter HBM traffic.

Running B=9, q_tokens=2176, history_tokens=1179648, causal=True

B=9, q_tokens=2176, history_tokens=1179648, QH=32, KVH=2, D=128, TP=8, DCP=4, mode=causal
Method                   Time ms                                                                                                                                     Agg TFLOPS    Avg/GPU  KV GB/s/GPU      Check  Note
dcp_mega_varlen          t0=1.157, t1=1.150, t2=1.157, t3=1.154, t4=1.146, t5=1.146, t6=1.143, t7=1.142 | p50(max_across_ranks)=1.158, p90(max_across_ranks)=1.162       4064.7      508.1        131.3       skip  eager; output=bf16_ipc_a2a; runner_preallocated; timing=mega_kernel_only
Wrote benchmark JSON to /home/hychen/min_fa3_demo/benchmark_logs/experiment_suite/20260812-231044-dcp-cp-suite/02_dcp_uniform/results/mega/dcp_4/comm_sm_8/d8_c1_kv128k_dcp4_hkv2_eager.json

================================================================================
Mega comm_sm=8, case 25/64: d8_c2_kv16k_dcp4_hkv2: B=10, Sq=[16, 16, 16, 16, 16, 16, 16, 16, 2048, 2048], Sk=[16384, 16384, 16384, 16384, 16384, 16384, 16384, 16384, 16384, 16384], DCP=4, Hkv=2
================================================================================
Config: world_size=8, methods=['dcp_mega_varlen'], QH=32, KVH=2, D=128, TP=8, DCP=4, workload=chunk, execution=eager, baseline_phase_timing=False, warmup=40, iters=60, check=False
Workload: B=10, q_tokens=4224, history_tokens=163840, q_seqlens=[16, 16, 16, 16, 16, 16, 16, 16, 2048, 2048], history_seqlens=[16384, 16384, 16384, 16384, 16384, 16384, 16384, 16384, 16384, 16384]
Agg TFLOPS uses useful attention work across all TP ranks and p50(max_across_ranks); Avg/GPU divides it by world_size.
KV GB/s/GPU is average logical BF16 K+V bytes read per TP rank divided by p50(max_across_ranks); it is not hardware-counter HBM traffic.

Running B=10, q_tokens=4224, history_tokens=163840, causal=True

B=10, q_tokens=4224, history_tokens=163840, QH=32, KVH=2, D=128, TP=8, DCP=4, mode=causal
Method                   Time ms                                                                                                                                     Agg TFLOPS    Avg/GPU  KV GB/s/GPU      Check  Note
dcp_mega_varlen          t0=0.412, t1=0.414, t2=0.411, t3=0.407, t4=0.410, t5=0.412, t6=0.411, t7=0.410 | p50(max_across_ranks)=0.416, p90(max_across_ranks)=0.424       2891.0      361.4         55.6       skip  eager; output=bf16_ipc_a2a; runner_preallocated; timing=mega_kernel_only
Wrote benchmark JSON to /home/hychen/min_fa3_demo/benchmark_logs/experiment_suite/20260812-231044-dcp-cp-suite/02_dcp_uniform/results/mega/dcp_4/comm_sm_8/d8_c2_kv16k_dcp4_hkv2_eager.json

================================================================================
Mega comm_sm=8, case 26/64: d8_c2_kv32k_dcp4_hkv2: B=10, Sq=[16, 16, 16, 16, 16, 16, 16, 16, 2048, 2048], Sk=[32768, 32768, 32768, 32768, 32768, 32768, 32768, 32768, 32768, 32768], DCP=4, Hkv=2
================================================================================
Config: world_size=8, methods=['dcp_mega_varlen'], QH=32, KVH=2, D=128, TP=8, DCP=4, workload=chunk, execution=eager, baseline_phase_timing=False, warmup=40, iters=60, check=False
Workload: B=10, q_tokens=4224, history_tokens=327680, q_seqlens=[16, 16, 16, 16, 16, 16, 16, 16, 2048, 2048], history_seqlens=[32768, 32768, 32768, 32768, 32768, 32768, 32768, 32768, 32768, 32768]
Agg TFLOPS uses useful attention work across all TP ranks and p50(max_across_ranks); Avg/GPU divides it by world_size.
KV GB/s/GPU is average logical BF16 K+V bytes read per TP rank divided by p50(max_across_ranks); it is not hardware-counter HBM traffic.

Running B=10, q_tokens=4224, history_tokens=327680, causal=True

B=10, q_tokens=4224, history_tokens=327680, QH=32, KVH=2, D=128, TP=8, DCP=4, mode=causal
Method                   Time ms                                                                                                                                     Agg TFLOPS    Avg/GPU  KV GB/s/GPU      Check  Note
dcp_mega_varlen          t0=0.592, t1=0.595, t2=0.593, t3=0.587, t4=0.589, t5=0.588, t6=0.587, t7=0.588 | p50(max_across_ranks)=0.605, p90(max_across_ranks)=0.612       3862.4      482.8         72.9       skip  eager; output=bf16_ipc_a2a; runner_preallocated; timing=mega_kernel_only
Wrote benchmark JSON to /home/hychen/min_fa3_demo/benchmark_logs/experiment_suite/20260812-231044-dcp-cp-suite/02_dcp_uniform/results/mega/dcp_4/comm_sm_8/d8_c2_kv32k_dcp4_hkv2_eager.json

================================================================================
Mega comm_sm=8, case 27/64: d8_c2_kv64k_dcp4_hkv2: B=10, Sq=[16, 16, 16, 16, 16, 16, 16, 16, 2048, 2048], Sk=[65536, 65536, 65536, 65536, 65536, 65536, 65536, 65536, 65536, 65536], DCP=4, Hkv=2
================================================================================
Config: world_size=8, methods=['dcp_mega_varlen'], QH=32, KVH=2, D=128, TP=8, DCP=4, workload=chunk, execution=eager, baseline_phase_timing=False, warmup=40, iters=60, check=False
Workload: B=10, q_tokens=4224, history_tokens=655360, q_seqlens=[16, 16, 16, 16, 16, 16, 16, 16, 2048, 2048], history_seqlens=[65536, 65536, 65536, 65536, 65536, 65536, 65536, 65536, 65536, 65536]
Agg TFLOPS uses useful attention work across all TP ranks and p50(max_across_ranks); Avg/GPU divides it by world_size.
KV GB/s/GPU is average logical BF16 K+V bytes read per TP rank divided by p50(max_across_ranks); it is not hardware-counter HBM traffic.

Running B=10, q_tokens=4224, history_tokens=655360, causal=True

B=10, q_tokens=4224, history_tokens=655360, QH=32, KVH=2, D=128, TP=8, DCP=4, mode=causal
Method                   Time ms                                                                                                                                     Agg TFLOPS    Avg/GPU  KV GB/s/GPU      Check  Note
dcp_mega_varlen          t0=1.060, t1=1.059, t2=1.059, t3=1.053, t4=1.013, t5=1.014, t6=1.012, t7=1.001 | p50(max_across_ranks)=1.061, p90(max_across_ranks)=1.066       4339.4      542.4         81.1       skip  eager; output=bf16_ipc_a2a; runner_preallocated; timing=mega_kernel_only
Wrote benchmark JSON to /home/hychen/min_fa3_demo/benchmark_logs/experiment_suite/20260812-231044-dcp-cp-suite/02_dcp_uniform/results/mega/dcp_4/comm_sm_8/d8_c2_kv64k_dcp4_hkv2_eager.json

================================================================================
Mega comm_sm=8, case 28/64: d8_c2_kv128k_dcp4_hkv2: B=10, Sq=[16, 16, 16, 16, 16, 16, 16, 16, 2048, 2048], Sk=[131072, 131072, 131072, 131072, 131072, 131072, 131072, 131072, 131072, 131072], DCP=4, Hkv=2
================================================================================
Config: world_size=8, methods=['dcp_mega_varlen'], QH=32, KVH=2, D=128, TP=8, DCP=4, workload=chunk, execution=eager, baseline_phase_timing=False, warmup=40, iters=60, check=False
Workload: B=10, q_tokens=4224, history_tokens=1310720, q_seqlens=[16, 16, 16, 16, 16, 16, 16, 16, 2048, 2048], history_seqlens=[131072, 131072, 131072, 131072, 131072, 131072, 131072, 131072, 131072, 131072]
Agg TFLOPS uses useful attention work across all TP ranks and p50(max_across_ranks); Avg/GPU divides it by world_size.
KV GB/s/GPU is average logical BF16 K+V bytes read per TP rank divided by p50(max_across_ranks); it is not hardware-counter HBM traffic.

Running B=10, q_tokens=4224, history_tokens=1310720, causal=True

B=10, q_tokens=4224, history_tokens=1310720, QH=32, KVH=2, D=128, TP=8, DCP=4, mode=causal
Method                   Time ms                                                                                                                                     Agg TFLOPS    Avg/GPU  KV GB/s/GPU      Check  Note
dcp_mega_varlen          t0=2.003, t1=2.002, t2=1.993, t3=2.002, t4=2.032, t5=2.034, t6=2.029, t7=2.020 | p50(max_across_ranks)=2.034, p90(max_across_ranks)=2.050       4492.7      561.6         83.5       skip  eager; output=bf16_ipc_a2a; runner_preallocated; timing=mega_kernel_only
Wrote benchmark JSON to /home/hychen/min_fa3_demo/benchmark_logs/experiment_suite/20260812-231044-dcp-cp-suite/02_dcp_uniform/results/mega/dcp_4/comm_sm_8/d8_c2_kv128k_dcp4_hkv2_eager.json

================================================================================
Mega comm_sm=8, case 29/64: d8_c4_kv16k_dcp4_hkv2: B=12, Sq=[16, 16, 16, 16, 16, 16, 16, 16, 2048, 2048, 2048, 2048], Sk=[16384, 16384, 16384, 16384, 16384, 16384, 16384, 16384, 16384, 16384, 16384, 16384], DCP=4, Hkv=2
================================================================================
Config: world_size=8, methods=['dcp_mega_varlen'], QH=32, KVH=2, D=128, TP=8, DCP=4, workload=chunk, execution=eager, baseline_phase_timing=False, warmup=40, iters=60, check=False
Workload: B=12, q_tokens=8320, history_tokens=196608, q_seqlens=[16, 16, 16, 16, 16, 16, 16, 16, 2048, 2048, 2048, 2048], history_seqlens=[16384, 16384, 16384, 16384, 16384, 16384, 16384, 16384, 16384, 16384, 16384, 16384]
Agg TFLOPS uses useful attention work across all TP ranks and p50(max_across_ranks); Avg/GPU divides it by world_size.
KV GB/s/GPU is average logical BF16 K+V bytes read per TP rank divided by p50(max_across_ranks); it is not hardware-counter HBM traffic.

Running B=12, q_tokens=8320, history_tokens=196608, causal=True

B=12, q_tokens=8320, history_tokens=196608, QH=32, KVH=2, D=128, TP=8, DCP=4, mode=causal
Method                   Time ms                                                                                                                                     Agg TFLOPS    Avg/GPU  KV GB/s/GPU      Check  Note
dcp_mega_varlen          t0=0.788, t1=0.789, t2=0.786, t3=0.783, t4=0.795, t5=0.805, t6=0.803, t7=0.805 | p50(max_across_ranks)=0.811, p90(max_across_ranks)=0.861       2922.3      365.3         36.3       skip  eager; output=bf16_ipc_a2a; runner_preallocated; timing=mega_kernel_only
Wrote benchmark JSON to /home/hychen/min_fa3_demo/benchmark_logs/experiment_suite/20260812-231044-dcp-cp-suite/02_dcp_uniform/results/mega/dcp_4/comm_sm_8/d8_c4_kv16k_dcp4_hkv2_eager.json

================================================================================
Mega comm_sm=8, case 30/64: d8_c4_kv32k_dcp4_hkv2: B=12, Sq=[16, 16, 16, 16, 16, 16, 16, 16, 2048, 2048, 2048, 2048], Sk=[32768, 32768, 32768, 32768, 32768, 32768, 32768, 32768, 32768, 32768, 32768, 32768], DCP=4, Hkv=2
================================================================================
Config: world_size=8, methods=['dcp_mega_varlen'], QH=32, KVH=2, D=128, TP=8, DCP=4, workload=chunk, execution=eager, baseline_phase_timing=False, warmup=40, iters=60, check=False
Workload: B=12, q_tokens=8320, history_tokens=393216, q_seqlens=[16, 16, 16, 16, 16, 16, 16, 16, 2048, 2048, 2048, 2048], history_seqlens=[32768, 32768, 32768, 32768, 32768, 32768, 32768, 32768, 32768, 32768, 32768, 32768]
Agg TFLOPS uses useful attention work across all TP ranks and p50(max_across_ranks); Avg/GPU divides it by world_size.
KV GB/s/GPU is average logical BF16 K+V bytes read per TP rank divided by p50(max_across_ranks); it is not hardware-counter HBM traffic.

Running B=12, q_tokens=8320, history_tokens=393216, causal=True

B=12, q_tokens=8320, history_tokens=393216, QH=32, KVH=2, D=128, TP=8, DCP=4, mode=causal
Method                   Time ms                                                                                                                                     Agg TFLOPS    Avg/GPU  KV GB/s/GPU      Check  Note
dcp_mega_varlen          t0=1.151, t1=1.149, t2=1.150, t3=1.146, t4=1.138, t5=1.140, t6=1.138, t7=1.136 | p50(max_across_ranks)=1.154, p90(max_across_ranks)=1.169       3990.9      498.9         47.3       skip  eager; output=bf16_ipc_a2a; runner_preallocated; timing=mega_kernel_only
Wrote benchmark JSON to /home/hychen/min_fa3_demo/benchmark_logs/experiment_suite/20260812-231044-dcp-cp-suite/02_dcp_uniform/results/mega/dcp_4/comm_sm_8/d8_c4_kv32k_dcp4_hkv2_eager.json

================================================================================
Mega comm_sm=8, case 31/64: d8_c4_kv64k_dcp4_hkv2: B=12, Sq=[16, 16, 16, 16, 16, 16, 16, 16, 2048, 2048, 2048, 2048], Sk=[65536, 65536, 65536, 65536, 65536, 65536, 65536, 65536, 65536, 65536, 65536, 65536], DCP=4, Hkv=2
================================================================================
Config: world_size=8, methods=['dcp_mega_varlen'], QH=32, KVH=2, D=128, TP=8, DCP=4, workload=chunk, execution=eager, baseline_phase_timing=False, warmup=40, iters=60, check=False
Workload: B=12, q_tokens=8320, history_tokens=786432, q_seqlens=[16, 16, 16, 16, 16, 16, 16, 16, 2048, 2048, 2048, 2048], history_seqlens=[65536, 65536, 65536, 65536, 65536, 65536, 65536, 65536, 65536, 65536, 65536, 65536]
Agg TFLOPS uses useful attention work across all TP ranks and p50(max_across_ranks); Avg/GPU divides it by world_size.
KV GB/s/GPU is average logical BF16 K+V bytes read per TP rank divided by p50(max_across_ranks); it is not hardware-counter HBM traffic.

Running B=12, q_tokens=8320, history_tokens=786432, causal=True

B=12, q_tokens=8320, history_tokens=786432, QH=32, KVH=2, D=128, TP=8, DCP=4, mode=causal
Method                   Time ms                                                                                                                                     Agg TFLOPS    Avg/GPU  KV GB/s/GPU      Check  Note
dcp_mega_varlen          t0=1.988, t1=1.984, t2=1.977, t3=1.986, t4=1.998, t5=2.000, t6=1.993, t7=1.993 | p50(max_across_ranks)=2.012, p90(max_across_ranks)=2.045       4507.8      563.5         52.1       skip  eager; output=bf16_ipc_a2a; runner_preallocated; timing=mega_kernel_only
Wrote benchmark JSON to /home/hychen/min_fa3_demo/benchmark_logs/experiment_suite/20260812-231044-dcp-cp-suite/02_dcp_uniform/results/mega/dcp_4/comm_sm_8/d8_c4_kv64k_dcp4_hkv2_eager.json

================================================================================
Mega comm_sm=8, case 32/64: d8_c4_kv128k_dcp4_hkv2: B=12, Sq=[16, 16, 16, 16, 16, 16, 16, 16, 2048, 2048, 2048, 2048], Sk=[131072, 131072, 131072, 131072, 131072, 131072, 131072, 131072, 131072, 131072, 131072, 131072], DCP=4, Hkv=2
================================================================================
Config: world_size=8, methods=['dcp_mega_varlen'], QH=32, KVH=2, D=128, TP=8, DCP=4, workload=chunk, execution=eager, baseline_phase_timing=False, warmup=40, iters=60, check=False
Workload: B=12, q_tokens=8320, history_tokens=1572864, q_seqlens=[16, 16, 16, 16, 16, 16, 16, 16, 2048, 2048, 2048, 2048], history_seqlens=[131072, 131072, 131072, 131072, 131072, 131072, 131072, 131072, 131072, 131072, 131072, 131072]
Agg TFLOPS uses useful attention work across all TP ranks and p50(max_across_ranks); Avg/GPU divides it by world_size.
KV GB/s/GPU is average logical BF16 K+V bytes read per TP rank divided by p50(max_across_ranks); it is not hardware-counter HBM traffic.

Running B=12, q_tokens=8320, history_tokens=1572864, causal=True

B=12, q_tokens=8320, history_tokens=1572864, QH=32, KVH=2, D=128, TP=8, DCP=4, mode=causal
Method                   Time ms                                                                                                                                     Agg TFLOPS    Avg/GPU  KV GB/s/GPU      Check  Note
dcp_mega_varlen          t0=3.800, t1=3.804, t2=3.828, t3=3.826, t4=3.759, t5=3.756, t6=3.797, t7=3.756 | p50(max_across_ranks)=3.874, p90(max_across_ranks)=3.944       4647.9      581.0         53.1       skip  eager; output=bf16_ipc_a2a; runner_preallocated; timing=mega_kernel_only
Wrote benchmark JSON to /home/hychen/min_fa3_demo/benchmark_logs/experiment_suite/20260812-231044-dcp-cp-suite/02_dcp_uniform/results/mega/dcp_4/comm_sm_8/d8_c4_kv128k_dcp4_hkv2_eager.json

================================================================================
Mega comm_sm=8, case 33/64: d16_c0_kv16k_dcp4_hkv2: B=16, Sq=[16, 16, 16, 16, 16, 16, 16, 16, 16, 16, 16, 16, 16, 16, 16, 16], Sk=[16384, 16384, 16384, 16384, 16384, 16384, 16384, 16384, 16384, 16384, 16384, 16384, 16384, 16384, 16384, 16384], DCP=4, Hkv=2
================================================================================
Config: world_size=8, methods=['dcp_mega_varlen'], QH=32, KVH=2, D=128, TP=8, DCP=4, workload=chunk, execution=eager, baseline_phase_timing=False, warmup=40, iters=60, check=False
Workload: B=16, q_tokens=256, history_tokens=262144, q_seqlens=[16, 16, 16, 16, 16, 16, 16, 16, 16, 16, 16, 16, 16, 16, 16, 16], history_seqlens=[16384, 16384, 16384, 16384, 16384, 16384, 16384, 16384, 16384, 16384, 16384, 16384, 16384, 16384, 16384, 16384]
Agg TFLOPS uses useful attention work across all TP ranks and p50(max_across_ranks); Avg/GPU divides it by world_size.
KV GB/s/GPU is average logical BF16 K+V bytes read per TP rank divided by p50(max_across_ranks); it is not hardware-counter HBM traffic.

Running B=16, q_tokens=256, history_tokens=262144, causal=True

B=16, q_tokens=256, history_tokens=262144, QH=32, KVH=2, D=128, TP=8, DCP=4, mode=causal
Method                   Time ms                                                                                                                                     Agg TFLOPS    Avg/GPU  KV GB/s/GPU      Check  Note
dcp_mega_varlen          t0=0.068, t1=0.068, t2=0.067, t3=0.064, t4=0.066, t5=0.067, t6=0.066, t7=0.066 | p50(max_across_ranks)=0.069, p90(max_across_ranks)=0.072       1001.7      125.2        490.8       skip  eager; output=bf16_ipc_a2a; runner_preallocated; timing=mega_kernel_only
Wrote benchmark JSON to /home/hychen/min_fa3_demo/benchmark_logs/experiment_suite/20260812-231044-dcp-cp-suite/02_dcp_uniform/results/mega/dcp_4/comm_sm_8/d16_c0_kv16k_dcp4_hkv2_eager.json

================================================================================
Mega comm_sm=8, case 34/64: d16_c0_kv32k_dcp4_hkv2: B=16, Sq=[16, 16, 16, 16, 16, 16, 16, 16, 16, 16, 16, 16, 16, 16, 16, 16], Sk=[32768, 32768, 32768, 32768, 32768, 32768, 32768, 32768, 32768, 32768, 32768, 32768, 32768, 32768, 32768, 32768], DCP=4, Hkv=2
================================================================================
Config: world_size=8, methods=['dcp_mega_varlen'], QH=32, KVH=2, D=128, TP=8, DCP=4, workload=chunk, execution=eager, baseline_phase_timing=False, warmup=40, iters=60, check=False
Workload: B=16, q_tokens=256, history_tokens=524288, q_seqlens=[16, 16, 16, 16, 16, 16, 16, 16, 16, 16, 16, 16, 16, 16, 16, 16], history_seqlens=[32768, 32768, 32768, 32768, 32768, 32768, 32768, 32768, 32768, 32768, 32768, 32768, 32768, 32768, 32768, 32768]
Agg TFLOPS uses useful attention work across all TP ranks and p50(max_across_ranks); Avg/GPU divides it by world_size.
KV GB/s/GPU is average logical BF16 K+V bytes read per TP rank divided by p50(max_across_ranks); it is not hardware-counter HBM traffic.

Running B=16, q_tokens=256, history_tokens=524288, causal=True

B=16, q_tokens=256, history_tokens=524288, QH=32, KVH=2, D=128, TP=8, DCP=4, mode=causal
Method                   Time ms                                                                                                                                     Agg TFLOPS    Avg/GPU  KV GB/s/GPU      Check  Note
dcp_mega_varlen          t0=0.086, t1=0.087, t2=0.085, t3=0.082, t4=0.085, t5=0.085, t6=0.083, t7=0.084 | p50(max_across_ranks)=0.087, p90(max_across_ranks)=0.090       1576.8      197.1        771.2       skip  eager; output=bf16_ipc_a2a; runner_preallocated; timing=mega_kernel_only
Wrote benchmark JSON to /home/hychen/min_fa3_demo/benchmark_logs/experiment_suite/20260812-231044-dcp-cp-suite/02_dcp_uniform/results/mega/dcp_4/comm_sm_8/d16_c0_kv32k_dcp4_hkv2_eager.json

================================================================================
Mega comm_sm=8, case 35/64: d16_c0_kv64k_dcp4_hkv2: B=16, Sq=[16, 16, 16, 16, 16, 16, 16, 16, 16, 16, 16, 16, 16, 16, 16, 16], Sk=[65536, 65536, 65536, 65536, 65536, 65536, 65536, 65536, 65536, 65536, 65536, 65536, 65536, 65536, 65536, 65536], DCP=4, Hkv=2
================================================================================
Config: world_size=8, methods=['dcp_mega_varlen'], QH=32, KVH=2, D=128, TP=8, DCP=4, workload=chunk, execution=eager, baseline_phase_timing=False, warmup=40, iters=60, check=False
Workload: B=16, q_tokens=256, history_tokens=1048576, q_seqlens=[16, 16, 16, 16, 16, 16, 16, 16, 16, 16, 16, 16, 16, 16, 16, 16], history_seqlens=[65536, 65536, 65536, 65536, 65536, 65536, 65536, 65536, 65536, 65536, 65536, 65536, 65536, 65536, 65536, 65536]
Agg TFLOPS uses useful attention work across all TP ranks and p50(max_across_ranks); Avg/GPU divides it by world_size.
KV GB/s/GPU is average logical BF16 K+V bytes read per TP rank divided by p50(max_across_ranks); it is not hardware-counter HBM traffic.

Running B=16, q_tokens=256, history_tokens=1048576, causal=True

B=16, q_tokens=256, history_tokens=1048576, QH=32, KVH=2, D=128, TP=8, DCP=4, mode=causal
Method                   Time ms                                                                                                                                     Agg TFLOPS    Avg/GPU  KV GB/s/GPU      Check  Note
dcp_mega_varlen          t0=0.116, t1=0.116, t2=0.116, t3=0.112, t4=0.115, t5=0.116, t6=0.113, t7=0.115 | p50(max_across_ranks)=0.118, p90(max_across_ranks)=0.125       2339.3      292.4       1143.2       skip  eager; output=bf16_ipc_a2a; runner_preallocated; timing=mega_kernel_only
Wrote benchmark JSON to /home/hychen/min_fa3_demo/benchmark_logs/experiment_suite/20260812-231044-dcp-cp-suite/02_dcp_uniform/results/mega/dcp_4/comm_sm_8/d16_c0_kv64k_dcp4_hkv2_eager.json

================================================================================
Mega comm_sm=8, case 36/64: d16_c0_kv128k_dcp4_hkv2: B=16, Sq=[16, 16, 16, 16, 16, 16, 16, 16, 16, 16, 16, 16, 16, 16, 16, 16], Sk=[131072, 131072, 131072, 131072, 131072, 131072, 131072, 131072, 131072, 131072, 131072, 131072, 131072, 131072, 131072, 131072], DCP=4, Hkv=2
================================================================================
Config: world_size=8, methods=['dcp_mega_varlen'], QH=32, KVH=2, D=128, TP=8, DCP=4, workload=chunk, execution=eager, baseline_phase_timing=False, warmup=40, iters=60, check=False
Workload: B=16, q_tokens=256, history_tokens=2097152, q_seqlens=[16, 16, 16, 16, 16, 16, 16, 16, 16, 16, 16, 16, 16, 16, 16, 16], history_seqlens=[131072, 131072, 131072, 131072, 131072, 131072, 131072, 131072, 131072, 131072, 131072, 131072, 131072, 131072, 131072, 131072]
Agg TFLOPS uses useful attention work across all TP ranks and p50(max_across_ranks); Avg/GPU divides it by world_size.
KV GB/s/GPU is average logical BF16 K+V bytes read per TP rank divided by p50(max_across_ranks); it is not hardware-counter HBM traffic.

Running B=16, q_tokens=256, history_tokens=2097152, causal=True

B=16, q_tokens=256, history_tokens=2097152, QH=32, KVH=2, D=128, TP=8, DCP=4, mode=causal
Method                   Time ms                                                                                                                                     Agg TFLOPS    Avg/GPU  KV GB/s/GPU      Check  Note
dcp_mega_varlen          t0=0.180, t1=0.180, t2=0.179, t3=0.175, t4=0.178, t5=0.179, t6=0.175, t7=0.177 | p50(max_across_ranks)=0.180, p90(max_across_ranks)=0.183       3046.3      380.8       1488.1       skip  eager; output=bf16_ipc_a2a; runner_preallocated; timing=mega_kernel_only
Wrote benchmark JSON to /home/hychen/min_fa3_demo/benchmark_logs/experiment_suite/20260812-231044-dcp-cp-suite/02_dcp_uniform/results/mega/dcp_4/comm_sm_8/d16_c0_kv128k_dcp4_hkv2_eager.json

================================================================================
Mega comm_sm=8, case 37/64: d16_c1_kv16k_dcp4_hkv2: B=17, Sq=[16, 16, 16, 16, 16, 16, 16, 16, 16, 16, 16, 16, 16, 16, 16, 16, 2048], Sk=[16384, 16384, 16384, 16384, 16384, 16384, 16384, 16384, 16384, 16384, 16384, 16384, 16384, 16384, 16384, 16384, 16384], DCP=4, Hkv=2
================================================================================
Config: world_size=8, methods=['dcp_mega_varlen'], QH=32, KVH=2, D=128, TP=8, DCP=4, workload=chunk, execution=eager, baseline_phase_timing=False, warmup=40, iters=60, check=False
Workload: B=17, q_tokens=2304, history_tokens=278528, q_seqlens=[16, 16, 16, 16, 16, 16, 16, 16, 16, 16, 16, 16, 16, 16, 16, 16, 2048], history_seqlens=[16384, 16384, 16384, 16384, 16384, 16384, 16384, 16384, 16384, 16384, 16384, 16384, 16384, 16384, 16384, 16384, 16384]
Agg TFLOPS uses useful attention work across all TP ranks and p50(max_across_ranks); Avg/GPU divides it by world_size.
KV GB/s/GPU is average logical BF16 K+V bytes read per TP rank divided by p50(max_across_ranks); it is not hardware-counter HBM traffic.

Running B=17, q_tokens=2304, history_tokens=278528, causal=True

B=17, q_tokens=2304, history_tokens=278528, QH=32, KVH=2, D=128, TP=8, DCP=4, mode=causal
Method                   Time ms                                                                                                                                     Agg TFLOPS    Avg/GPU  KV GB/s/GPU      Check  Note
dcp_mega_varlen          t0=0.230, t1=0.229, t2=0.227, t3=0.222, t4=0.224, t5=0.225, t6=0.223, t7=0.222 | p50(max_across_ranks)=0.232, p90(max_across_ranks)=0.236       2818.8      352.4        159.0       skip  eager; output=bf16_ipc_a2a; runner_preallocated; timing=mega_kernel_only
Wrote benchmark JSON to /home/hychen/min_fa3_demo/benchmark_logs/experiment_suite/20260812-231044-dcp-cp-suite/02_dcp_uniform/results/mega/dcp_4/comm_sm_8/d16_c1_kv16k_dcp4_hkv2_eager.json

================================================================================
Mega comm_sm=8, case 38/64: d16_c1_kv32k_dcp4_hkv2: B=17, Sq=[16, 16, 16, 16, 16, 16, 16, 16, 16, 16, 16, 16, 16, 16, 16, 16, 2048], Sk=[32768, 32768, 32768, 32768, 32768, 32768, 32768, 32768, 32768, 32768, 32768, 32768, 32768, 32768, 32768, 32768, 32768], DCP=4, Hkv=2
================================================================================
Config: world_size=8, methods=['dcp_mega_varlen'], QH=32, KVH=2, D=128, TP=8, DCP=4, workload=chunk, execution=eager, baseline_phase_timing=False, warmup=40, iters=60, check=False
Workload: B=17, q_tokens=2304, history_tokens=557056, q_seqlens=[16, 16, 16, 16, 16, 16, 16, 16, 16, 16, 16, 16, 16, 16, 16, 16, 2048], history_seqlens=[32768, 32768, 32768, 32768, 32768, 32768, 32768, 32768, 32768, 32768, 32768, 32768, 32768, 32768, 32768, 32768, 32768]
Agg TFLOPS uses useful attention work across all TP ranks and p50(max_across_ranks); Avg/GPU divides it by world_size.
KV GB/s/GPU is average logical BF16 K+V bytes read per TP rank divided by p50(max_across_ranks); it is not hardware-counter HBM traffic.

Running B=17, q_tokens=2304, history_tokens=557056, causal=True

B=17, q_tokens=2304, history_tokens=557056, QH=32, KVH=2, D=128, TP=8, DCP=4, mode=causal
Method                   Time ms                                                                                                                                     Agg TFLOPS    Avg/GPU  KV GB/s/GPU      Check  Note
dcp_mega_varlen          t0=0.344, t1=0.342, t2=0.343, t3=0.340, t4=0.340, t5=0.342, t6=0.336, t7=0.340 | p50(max_across_ranks)=0.344, p90(max_across_ranks)=0.347       3690.5      461.3        210.4       skip  eager; output=bf16_ipc_a2a; runner_preallocated; timing=mega_kernel_only
Wrote benchmark JSON to /home/hychen/min_fa3_demo/benchmark_logs/experiment_suite/20260812-231044-dcp-cp-suite/02_dcp_uniform/results/mega/dcp_4/comm_sm_8/d16_c1_kv32k_dcp4_hkv2_eager.json

================================================================================
Mega comm_sm=8, case 39/64: d16_c1_kv64k_dcp4_hkv2: B=17, Sq=[16, 16, 16, 16, 16, 16, 16, 16, 16, 16, 16, 16, 16, 16, 16, 16, 2048], Sk=[65536, 65536, 65536, 65536, 65536, 65536, 65536, 65536, 65536, 65536, 65536, 65536, 65536, 65536, 65536, 65536, 65536], DCP=4, Hkv=2
================================================================================
Config: world_size=8, methods=['dcp_mega_varlen'], QH=32, KVH=2, D=128, TP=8, DCP=4, workload=chunk, execution=eager, baseline_phase_timing=False, warmup=40, iters=60, check=False
Workload: B=17, q_tokens=2304, history_tokens=1114112, q_seqlens=[16, 16, 16, 16, 16, 16, 16, 16, 16, 16, 16, 16, 16, 16, 16, 16, 2048], history_seqlens=[65536, 65536, 65536, 65536, 65536, 65536, 65536, 65536, 65536, 65536, 65536, 65536, 65536, 65536, 65536, 65536, 65536]
Agg TFLOPS uses useful attention work across all TP ranks and p50(max_across_ranks); Avg/GPU divides it by world_size.
KV GB/s/GPU is average logical BF16 K+V bytes read per TP rank divided by p50(max_across_ranks); it is not hardware-counter HBM traffic.

Running B=17, q_tokens=2304, history_tokens=1114112, causal=True

B=17, q_tokens=2304, history_tokens=1114112, QH=32, KVH=2, D=128, TP=8, DCP=4, mode=causal
Method                   Time ms                                                                                                                                     Agg TFLOPS    Avg/GPU  KV GB/s/GPU      Check  Note
dcp_mega_varlen          t0=0.634, t1=0.620, t2=0.633, t3=0.631, t4=0.605, t5=0.606, t6=0.605, t7=0.605 | p50(max_across_ranks)=0.635, p90(max_across_ranks)=0.648       3950.4      493.8        226.5       skip  eager; output=bf16_ipc_a2a; runner_preallocated; timing=mega_kernel_only
Wrote benchmark JSON to /home/hychen/min_fa3_demo/benchmark_logs/experiment_suite/20260812-231044-dcp-cp-suite/02_dcp_uniform/results/mega/dcp_4/comm_sm_8/d16_c1_kv64k_dcp4_hkv2_eager.json

================================================================================
Mega comm_sm=8, case 40/64: d16_c1_kv128k_dcp4_hkv2: B=17, Sq=[16, 16, 16, 16, 16, 16, 16, 16, 16, 16, 16, 16, 16, 16, 16, 16, 2048], Sk=[131072, 131072, 131072, 131072, 131072, 131072, 131072, 131072, 131072, 131072, 131072, 131072, 131072, 131072, 131072, 131072, 131072], DCP=4, Hkv=2
================================================================================
Config: world_size=8, methods=['dcp_mega_varlen'], QH=32, KVH=2, D=128, TP=8, DCP=4, workload=chunk, execution=eager, baseline_phase_timing=False, warmup=40, iters=60, check=False
Workload: B=17, q_tokens=2304, history_tokens=2228224, q_seqlens=[16, 16, 16, 16, 16, 16, 16, 16, 16, 16, 16, 16, 16, 16, 16, 16, 2048], history_seqlens=[131072, 131072, 131072, 131072, 131072, 131072, 131072, 131072, 131072, 131072, 131072, 131072, 131072, 131072, 131072, 131072, 131072]
Agg TFLOPS uses useful attention work across all TP ranks and p50(max_across_ranks); Avg/GPU divides it by world_size.
KV GB/s/GPU is average logical BF16 K+V bytes read per TP rank divided by p50(max_across_ranks); it is not hardware-counter HBM traffic.

Running B=17, q_tokens=2304, history_tokens=2228224, causal=True

B=17, q_tokens=2304, history_tokens=2228224, QH=32, KVH=2, D=128, TP=8, DCP=4, mode=causal
Method                   Time ms                                                                                                                                     Agg TFLOPS    Avg/GPU  KV GB/s/GPU      Check  Note
dcp_mega_varlen          t0=1.183, t1=1.182, t2=1.182, t3=1.176, t4=1.181, t5=1.182, t6=1.180, t7=1.169 | p50(max_across_ranks)=1.186, p90(max_across_ranks)=1.190       4200.9      525.1        241.5       skip  eager; output=bf16_ipc_a2a; runner_preallocated; timing=mega_kernel_only
Wrote benchmark JSON to /home/hychen/min_fa3_demo/benchmark_logs/experiment_suite/20260812-231044-dcp-cp-suite/02_dcp_uniform/results/mega/dcp_4/comm_sm_8/d16_c1_kv128k_dcp4_hkv2_eager.json

================================================================================
Mega comm_sm=8, case 41/64: d16_c2_kv16k_dcp4_hkv2: B=18, Sq=[16, 16, 16, 16, 16, 16, 16, 16, 16, 16, 16, 16, 16, 16, 16, 16, 2048, 2048], Sk=[16384, 16384, 16384, 16384, 16384, 16384, 16384, 16384, 16384, 16384, 16384, 16384, 16384, 16384, 16384, 16384, 16384, 16384], DCP=4, Hkv=2
================================================================================
Config: world_size=8, methods=['dcp_mega_varlen'], QH=32, KVH=2, D=128, TP=8, DCP=4, workload=chunk, execution=eager, baseline_phase_timing=False, warmup=40, iters=60, check=False
Workload: B=18, q_tokens=4352, history_tokens=294912, q_seqlens=[16, 16, 16, 16, 16, 16, 16, 16, 16, 16, 16, 16, 16, 16, 16, 16, 2048, 2048], history_seqlens=[16384, 16384, 16384, 16384, 16384, 16384, 16384, 16384, 16384, 16384, 16384, 16384, 16384, 16384, 16384, 16384, 16384, 16384]
Agg TFLOPS uses useful attention work across all TP ranks and p50(max_across_ranks); Avg/GPU divides it by world_size.
KV GB/s/GPU is average logical BF16 K+V bytes read per TP rank divided by p50(max_across_ranks); it is not hardware-counter HBM traffic.

Running B=18, q_tokens=4352, history_tokens=294912, causal=True

B=18, q_tokens=4352, history_tokens=294912, QH=32, KVH=2, D=128, TP=8, DCP=4, mode=causal
Method                   Time ms                                                                                                                                     Agg TFLOPS    Avg/GPU  KV GB/s/GPU      Check  Note
dcp_mega_varlen          t0=0.417, t1=0.418, t2=0.418, t3=0.412, t4=0.413, t5=0.415, t6=0.413, t7=0.413 | p50(max_across_ranks)=0.421, p90(max_across_ranks)=0.435       2937.1      367.1         94.9       skip  eager; output=bf16_ipc_a2a; runner_preallocated; timing=mega_kernel_only
Wrote benchmark JSON to /home/hychen/min_fa3_demo/benchmark_logs/experiment_suite/20260812-231044-dcp-cp-suite/02_dcp_uniform/results/mega/dcp_4/comm_sm_8/d16_c2_kv16k_dcp4_hkv2_eager.json

================================================================================
Mega comm_sm=8, case 42/64: d16_c2_kv32k_dcp4_hkv2: B=18, Sq=[16, 16, 16, 16, 16, 16, 16, 16, 16, 16, 16, 16, 16, 16, 16, 16, 2048, 2048], Sk=[32768, 32768, 32768, 32768, 32768, 32768, 32768, 32768, 32768, 32768, 32768, 32768, 32768, 32768, 32768, 32768, 32768, 32768], DCP=4, Hkv=2
================================================================================
Config: world_size=8, methods=['dcp_mega_varlen'], QH=32, KVH=2, D=128, TP=8, DCP=4, workload=chunk, execution=eager, baseline_phase_timing=False, warmup=40, iters=60, check=False
Workload: B=18, q_tokens=4352, history_tokens=589824, q_seqlens=[16, 16, 16, 16, 16, 16, 16, 16, 16, 16, 16, 16, 16, 16, 16, 16, 2048, 2048], history_seqlens=[32768, 32768, 32768, 32768, 32768, 32768, 32768, 32768, 32768, 32768, 32768, 32768, 32768, 32768, 32768, 32768, 32768, 32768]
Agg TFLOPS uses useful attention work across all TP ranks and p50(max_across_ranks); Avg/GPU divides it by world_size.
KV GB/s/GPU is average logical BF16 K+V bytes read per TP rank divided by p50(max_across_ranks); it is not hardware-counter HBM traffic.

Running B=18, q_tokens=4352, history_tokens=589824, causal=True

B=18, q_tokens=4352, history_tokens=589824, QH=32, KVH=2, D=128, TP=8, DCP=4, mode=causal
Method                   Time ms                                                                                                                                     Agg TFLOPS    Avg/GPU  KV GB/s/GPU      Check  Note
dcp_mega_varlen          t0=0.600, t1=0.600, t2=0.602, t3=0.602, t4=0.594, t5=0.595, t6=0.594, t7=0.591 | p50(max_across_ranks)=0.610, p90(max_across_ranks)=0.620       3942.3      492.8        127.4       skip  eager; output=bf16_ipc_a2a; runner_preallocated; timing=mega_kernel_only
Wrote benchmark JSON to /home/hychen/min_fa3_demo/benchmark_logs/experiment_suite/20260812-231044-dcp-cp-suite/02_dcp_uniform/results/mega/dcp_4/comm_sm_8/d16_c2_kv32k_dcp4_hkv2_eager.json

================================================================================
Mega comm_sm=8, case 43/64: d16_c2_kv64k_dcp4_hkv2: B=18, Sq=[16, 16, 16, 16, 16, 16, 16, 16, 16, 16, 16, 16, 16, 16, 16, 16, 2048, 2048], Sk=[65536, 65536, 65536, 65536, 65536, 65536, 65536, 65536, 65536, 65536, 65536, 65536, 65536, 65536, 65536, 65536, 65536, 65536], DCP=4, Hkv=2
================================================================================
Config: world_size=8, methods=['dcp_mega_varlen'], QH=32, KVH=2, D=128, TP=8, DCP=4, workload=chunk, execution=eager, baseline_phase_timing=False, warmup=40, iters=60, check=False
Workload: B=18, q_tokens=4352, history_tokens=1179648, q_seqlens=[16, 16, 16, 16, 16, 16, 16, 16, 16, 16, 16, 16, 16, 16, 16, 16, 2048, 2048], history_seqlens=[65536, 65536, 65536, 65536, 65536, 65536, 65536, 65536, 65536, 65536, 65536, 65536, 65536, 65536, 65536, 65536, 65536, 65536]
Agg TFLOPS uses useful attention work across all TP ranks and p50(max_across_ranks); Avg/GPU divides it by world_size.
KV GB/s/GPU is average logical BF16 K+V bytes read per TP rank divided by p50(max_across_ranks); it is not hardware-counter HBM traffic.

Running B=18, q_tokens=4352, history_tokens=1179648, causal=True

B=18, q_tokens=4352, history_tokens=1179648, QH=32, KVH=2, D=128, TP=8, DCP=4, mode=causal
Method                   Time ms                                                                                                                                     Agg TFLOPS    Avg/GPU  KV GB/s/GPU      Check  Note
dcp_mega_varlen          t0=1.068, t1=1.054, t2=1.066, t3=1.064, t4=1.039, t5=1.042, t6=1.039, t7=1.043 | p50(max_across_ranks)=1.070, p90(max_across_ranks)=1.083       4432.6      554.1        143.2       skip  eager; output=bf16_ipc_a2a; runner_preallocated; timing=mega_kernel_only
Wrote benchmark JSON to /home/hychen/min_fa3_demo/benchmark_logs/experiment_suite/20260812-231044-dcp-cp-suite/02_dcp_uniform/results/mega/dcp_4/comm_sm_8/d16_c2_kv64k_dcp4_hkv2_eager.json

================================================================================
Mega comm_sm=8, case 44/64: d16_c2_kv128k_dcp4_hkv2: B=18, Sq=[16, 16, 16, 16, 16, 16, 16, 16, 16, 16, 16, 16, 16, 16, 16, 16, 2048, 2048], Sk=[131072, 131072, 131072, 131072, 131072, 131072, 131072, 131072, 131072, 131072, 131072, 131072, 131072, 131072, 131072, 131072, 131072, 131072], DCP=4, Hkv=2
================================================================================
Config: world_size=8, methods=['dcp_mega_varlen'], QH=32, KVH=2, D=128, TP=8, DCP=4, workload=chunk, execution=eager, baseline_phase_timing=False, warmup=40, iters=60, check=False
Workload: B=18, q_tokens=4352, history_tokens=2359296, q_seqlens=[16, 16, 16, 16, 16, 16, 16, 16, 16, 16, 16, 16, 16, 16, 16, 16, 2048, 2048], history_seqlens=[131072, 131072, 131072, 131072, 131072, 131072, 131072, 131072, 131072, 131072, 131072, 131072, 131072, 131072, 131072, 131072, 131072, 131072]
Agg TFLOPS uses useful attention work across all TP ranks and p50(max_across_ranks); Avg/GPU divides it by world_size.
KV GB/s/GPU is average logical BF16 K+V bytes read per TP rank divided by p50(max_across_ranks); it is not hardware-counter HBM traffic.

Running B=18, q_tokens=4352, history_tokens=2359296, causal=True

B=18, q_tokens=4352, history_tokens=2359296, QH=32, KVH=2, D=128, TP=8, DCP=4, mode=causal
Method                   Time ms                                                                                                                                     Agg TFLOPS    Avg/GPU  KV GB/s/GPU      Check  Note
dcp_mega_varlen          t0=2.056, t1=2.059, t2=2.061, t3=2.059, t4=2.009, t5=2.003, t6=2.001, t7=2.007 | p50(max_across_ranks)=2.062, p90(max_across_ranks)=2.094       4566.4      570.8        147.6       skip  eager; output=bf16_ipc_a2a; runner_preallocated; timing=mega_kernel_only
Wrote benchmark JSON to /home/hychen/min_fa3_demo/benchmark_logs/experiment_suite/20260812-231044-dcp-cp-suite/02_dcp_uniform/results/mega/dcp_4/comm_sm_8/d16_c2_kv128k_dcp4_hkv2_eager.json

================================================================================
Mega comm_sm=8, case 45/64: d16_c4_kv16k_dcp4_hkv2: B=20, Sq=[16, 16, 16, 16, 16, 16, 16, 16, 16, 16, 16, 16, 16, 16, 16, 16, 2048, 2048, 2048, 2048], Sk=[16384, 16384, 16384, 16384, 16384, 16384, 16384, 16384, 16384, 16384, 16384, 16384, 16384, 16384, 16384, 16384, 16384, 16384, 16384, 16384], DCP=4, Hkv=2
================================================================================
Config: world_size=8, methods=['dcp_mega_varlen'], QH=32, KVH=2, D=128, TP=8, DCP=4, workload=chunk, execution=eager, baseline_phase_timing=False, warmup=40, iters=60, check=False
Workload: B=20, q_tokens=8448, history_tokens=327680, q_seqlens=[16, 16, 16, 16, 16, 16, 16, 16, 16, 16, 16, 16, 16, 16, 16, 16, 2048, 2048, 2048, 2048], history_seqlens=[16384, 16384, 16384, 16384, 16384, 16384, 16384, 16384, 16384, 16384, 16384, 16384, 16384, 16384, 16384, 16384, 16384, 16384, 16384, 16384]
Agg TFLOPS uses useful attention work across all TP ranks and p50(max_across_ranks); Avg/GPU divides it by world_size.
KV GB/s/GPU is average logical BF16 K+V bytes read per TP rank divided by p50(max_across_ranks); it is not hardware-counter HBM traffic.

Running B=20, q_tokens=8448, history_tokens=327680, causal=True

B=20, q_tokens=8448, history_tokens=327680, QH=32, KVH=2, D=128, TP=8, DCP=4, mode=causal
Method                   Time ms                                                                                                                                     Agg TFLOPS    Avg/GPU  KV GB/s/GPU      Check  Note
dcp_mega_varlen          t0=0.780, t1=0.783, t2=0.783, t3=0.775, t4=0.778, t5=0.780, t6=0.776, t7=0.774 | p50(max_across_ranks)=0.788, p90(max_across_ranks)=0.798       3053.1      381.6         58.7       skip  eager; output=bf16_ipc_a2a; runner_preallocated; timing=mega_kernel_only
Wrote benchmark JSON to /home/hychen/min_fa3_demo/benchmark_logs/experiment_suite/20260812-231044-dcp-cp-suite/02_dcp_uniform/results/mega/dcp_4/comm_sm_8/d16_c4_kv16k_dcp4_hkv2_eager.json

================================================================================
Mega comm_sm=8, case 46/64: d16_c4_kv32k_dcp4_hkv2: B=20, Sq=[16, 16, 16, 16, 16, 16, 16, 16, 16, 16, 16, 16, 16, 16, 16, 16, 2048, 2048, 2048, 2048], Sk=[32768, 32768, 32768, 32768, 32768, 32768, 32768, 32768, 32768, 32768, 32768, 32768, 32768, 32768, 32768, 32768, 32768, 32768, 32768, 32768], DCP=4, Hkv=2
================================================================================
Config: world_size=8, methods=['dcp_mega_varlen'], QH=32, KVH=2, D=128, TP=8, DCP=4, workload=chunk, execution=eager, baseline_phase_timing=False, warmup=40, iters=60, check=False
Workload: B=20, q_tokens=8448, history_tokens=655360, q_seqlens=[16, 16, 16, 16, 16, 16, 16, 16, 16, 16, 16, 16, 16, 16, 16, 16, 2048, 2048, 2048, 2048], history_seqlens=[32768, 32768, 32768, 32768, 32768, 32768, 32768, 32768, 32768, 32768, 32768, 32768, 32768, 32768, 32768, 32768, 32768, 32768, 32768, 32768]
Agg TFLOPS uses useful attention work across all TP ranks and p50(max_across_ranks); Avg/GPU divides it by world_size.
KV GB/s/GPU is average logical BF16 K+V bytes read per TP rank divided by p50(max_across_ranks); it is not hardware-counter HBM traffic.

Running B=20, q_tokens=8448, history_tokens=655360, causal=True

B=20, q_tokens=8448, history_tokens=655360, QH=32, KVH=2, D=128, TP=8, DCP=4, mode=causal
Method                   Time ms                                                                                                                                     Agg TFLOPS    Avg/GPU  KV GB/s/GPU      Check  Note
dcp_mega_varlen          t0=1.154, t1=1.153, t2=1.154, t3=1.148, t4=1.148, t5=1.149, t6=1.147, t7=1.144 | p50(max_across_ranks)=1.159, p90(max_across_ranks)=1.168       4032.0      504.0         76.1       skip  eager; output=bf16_ipc_a2a; runner_preallocated; timing=mega_kernel_only
Wrote benchmark JSON to /home/hychen/min_fa3_demo/benchmark_logs/experiment_suite/20260812-231044-dcp-cp-suite/02_dcp_uniform/results/mega/dcp_4/comm_sm_8/d16_c4_kv32k_dcp4_hkv2_eager.json

================================================================================
Mega comm_sm=8, case 47/64: d16_c4_kv64k_dcp4_hkv2: B=20, Sq=[16, 16, 16, 16, 16, 16, 16, 16, 16, 16, 16, 16, 16, 16, 16, 16, 2048, 2048, 2048, 2048], Sk=[65536, 65536, 65536, 65536, 65536, 65536, 65536, 65536, 65536, 65536, 65536, 65536, 65536, 65536, 65536, 65536, 65536, 65536, 65536, 65536], DCP=4, Hkv=2
================================================================================
Config: world_size=8, methods=['dcp_mega_varlen'], QH=32, KVH=2, D=128, TP=8, DCP=4, workload=chunk, execution=eager, baseline_phase_timing=False, warmup=40, iters=60, check=False
Workload: B=20, q_tokens=8448, history_tokens=1310720, q_seqlens=[16, 16, 16, 16, 16, 16, 16, 16, 16, 16, 16, 16, 16, 16, 16, 16, 2048, 2048, 2048, 2048], history_seqlens=[65536, 65536, 65536, 65536, 65536, 65536, 65536, 65536, 65536, 65536, 65536, 65536, 65536, 65536, 65536, 65536, 65536, 65536, 65536, 65536]
Agg TFLOPS uses useful attention work across all TP ranks and p50(max_across_ranks); Avg/GPU divides it by world_size.
KV GB/s/GPU is average logical BF16 K+V bytes read per TP rank divided by p50(max_across_ranks); it is not hardware-counter HBM traffic.

Running B=20, q_tokens=8448, history_tokens=1310720, causal=True

B=20, q_tokens=8448, history_tokens=1310720, QH=32, KVH=2, D=128, TP=8, DCP=4, mode=causal
Method                   Time ms                                                                                                                                     Agg TFLOPS    Avg/GPU  KV GB/s/GPU      Check  Note
dcp_mega_varlen          t0=2.013, t1=2.010, t2=2.010, t3=2.006, t4=2.014, t5=2.005, t6=1.998, t7=1.998 | p50(max_across_ranks)=2.024, p90(max_across_ranks)=2.038       4548.8      568.6         85.0       skip  eager; output=bf16_ipc_a2a; runner_preallocated; timing=mega_kernel_only
Wrote benchmark JSON to /home/hychen/min_fa3_demo/benchmark_logs/experiment_suite/20260812-231044-dcp-cp-suite/02_dcp_uniform/results/mega/dcp_4/comm_sm_8/d16_c4_kv64k_dcp4_hkv2_eager.json

================================================================================
Mega comm_sm=8, case 48/64: d16_c4_kv128k_dcp4_hkv2: B=20, Sq=[16, 16, 16, 16, 16, 16, 16, 16, 16, 16, 16, 16, 16, 16, 16, 16, 2048, 2048, 2048, 2048], Sk=[131072, 131072, 131072, 131072, 131072, 131072, 131072, 131072, 131072, 131072, 131072, 131072, 131072, 131072, 131072, 131072, 131072, 131072, 131072, 131072], DCP=4, Hkv=2
================================================================================
Config: world_size=8, methods=['dcp_mega_varlen'], QH=32, KVH=2, D=128, TP=8, DCP=4, workload=chunk, execution=eager, baseline_phase_timing=False, warmup=40, iters=60, check=False
Workload: B=20, q_tokens=8448, history_tokens=2621440, q_seqlens=[16, 16, 16, 16, 16, 16, 16, 16, 16, 16, 16, 16, 16, 16, 16, 16, 2048, 2048, 2048, 2048], history_seqlens=[131072, 131072, 131072, 131072, 131072, 131072, 131072, 131072, 131072, 131072, 131072, 131072, 131072, 131072, 131072, 131072, 131072, 131072, 131072, 131072]
Agg TFLOPS uses useful attention work across all TP ranks and p50(max_across_ranks); Avg/GPU divides it by world_size.
KV GB/s/GPU is average logical BF16 K+V bytes read per TP rank divided by p50(max_across_ranks); it is not hardware-counter HBM traffic.

Running B=20, q_tokens=8448, history_tokens=2621440, causal=True

B=20, q_tokens=8448, history_tokens=2621440, QH=32, KVH=2, D=128, TP=8, DCP=4, mode=causal
Method                   Time ms                                                                                                                                     Agg TFLOPS    Avg/GPU  KV GB/s/GPU      Check  Note
dcp_mega_varlen          t0=3.842, t1=3.880, t2=3.851, t3=3.859, t4=3.754, t5=3.766, t6=3.760, t7=3.710 | p50(max_across_ranks)=3.885, p90(max_across_ranks)=3.999       4705.0      588.1         87.5       skip  eager; output=bf16_ipc_a2a; runner_preallocated; timing=mega_kernel_only
Wrote benchmark JSON to /home/hychen/min_fa3_demo/benchmark_logs/experiment_suite/20260812-231044-dcp-cp-suite/02_dcp_uniform/results/mega/dcp_4/comm_sm_8/d16_c4_kv128k_dcp4_hkv2_eager.json

================================================================================
Mega comm_sm=8, case 49/64: d32_c0_kv16k_dcp4_hkv2: B=32, Sq=[16, 16, 16, 16, 16, 16, 16, 16, 16, 16, 16, 16, 16, 16, 16, 16, 16, 16, 16, 16, 16, 16, 16, 16, 16, 16, 16, 16, 16, 16, 16, 16], Sk=[16384, 16384, 16384, 16384, 16384, 16384, 16384, 16384, 16384, 16384, 16384, 16384, 16384, 16384, 16384, 16384, 16384, 16384, 16384, 16384, 16384, 16384, 16384, 16384, 16384, 16384, 16384, 16384, 16384, 16384, 16384, 16384], DCP=4, Hkv=2
================================================================================
Config: world_size=8, methods=['dcp_mega_varlen'], QH=32, KVH=2, D=128, TP=8, DCP=4, workload=chunk, execution=eager, baseline_phase_timing=False, warmup=40, iters=60, check=False
Workload: B=32, q_tokens=512, history_tokens=524288, q_seqlens=[16, 16, 16, 16, 16, 16, 16, 16, 16, 16, 16, 16, 16, 16, 16, 16, 16, 16, 16, 16, 16, 16, 16, 16, 16, 16, 16, 16, 16, 16, 16, 16], history_seqlens=[16384, 16384, 16384, 16384, 16384, 16384, 16384, 16384, 16384, 16384, 16384, 16384, 16384, 16384, 16384, 16384, 16384, 16384, 16384, 16384, 16384, 16384, 16384, 16384, 16384, 16384, 16384, 16384, 16384, 16384, 16384, 16384]
Agg TFLOPS uses useful attention work across all TP ranks and p50(max_across_ranks); Avg/GPU divides it by world_size.
KV GB/s/GPU is average logical BF16 K+V bytes read per TP rank divided by p50(max_across_ranks); it is not hardware-counter HBM traffic.

Running B=32, q_tokens=512, history_tokens=524288, causal=True

B=32, q_tokens=512, history_tokens=524288, QH=32, KVH=2, D=128, TP=8, DCP=4, mode=causal
Method                   Time ms                                                                                                                                     Agg TFLOPS    Avg/GPU  KV GB/s/GPU      Check  Note
dcp_mega_varlen          t0=0.101, t1=0.101, t2=0.101, t3=0.096, t4=0.099, t5=0.100, t6=0.098, t7=0.098 | p50(max_across_ranks)=0.102, p90(max_across_ranks)=0.111       1349.4      168.7        661.1       skip  eager; output=bf16_ipc_a2a; runner_preallocated; timing=mega_kernel_only
Wrote benchmark JSON to /home/hychen/min_fa3_demo/benchmark_logs/experiment_suite/20260812-231044-dcp-cp-suite/02_dcp_uniform/results/mega/dcp_4/comm_sm_8/d32_c0_kv16k_dcp4_hkv2_eager.json

================================================================================
Mega comm_sm=8, case 50/64: d32_c0_kv32k_dcp4_hkv2: B=32, Sq=[16, 16, 16, 16, 16, 16, 16, 16, 16, 16, 16, 16, 16, 16, 16, 16, 16, 16, 16, 16, 16, 16, 16, 16, 16, 16, 16, 16, 16, 16, 16, 16], Sk=[32768, 32768, 32768, 32768, 32768, 32768, 32768, 32768, 32768, 32768, 32768, 32768, 32768, 32768, 32768, 32768, 32768, 32768, 32768, 32768, 32768, 32768, 32768, 32768, 32768, 32768, 32768, 32768, 32768, 32768, 32768, 32768], DCP=4, Hkv=2
================================================================================
Config: world_size=8, methods=['dcp_mega_varlen'], QH=32, KVH=2, D=128, TP=8, DCP=4, workload=chunk, execution=eager, baseline_phase_timing=False, warmup=40, iters=60, check=False
Workload: B=32, q_tokens=512, history_tokens=1048576, q_seqlens=[16, 16, 16, 16, 16, 16, 16, 16, 16, 16, 16, 16, 16, 16, 16, 16, 16, 16, 16, 16, 16, 16, 16, 16, 16, 16, 16, 16, 16, 16, 16, 16], history_seqlens=[32768, 32768, 32768, 32768, 32768, 32768, 32768, 32768, 32768, 32768, 32768, 32768, 32768, 32768, 32768, 32768, 32768, 32768, 32768, 32768, 32768, 32768, 32768, 32768, 32768, 32768, 32768, 32768, 32768, 32768, 32768, 32768]
Agg TFLOPS uses useful attention work across all TP ranks and p50(max_across_ranks); Avg/GPU divides it by world_size.
KV GB/s/GPU is average logical BF16 K+V bytes read per TP rank divided by p50(max_across_ranks); it is not hardware-counter HBM traffic.

Running B=32, q_tokens=512, history_tokens=1048576, causal=True

B=32, q_tokens=512, history_tokens=1048576, QH=32, KVH=2, D=128, TP=8, DCP=4, mode=causal
Method                   Time ms                                                                                                                                     Agg TFLOPS    Avg/GPU  KV GB/s/GPU      Check  Note
dcp_mega_varlen          t0=0.145, t1=0.145, t2=0.144, t3=0.140, t4=0.143, t5=0.144, t6=0.142, t7=0.143 | p50(max_across_ranks)=0.146, p90(max_across_ranks)=0.153       1881.4      235.2        920.2       skip  eager; output=bf16_ipc_a2a; runner_preallocated; timing=mega_kernel_only
Wrote benchmark JSON to /home/hychen/min_fa3_demo/benchmark_logs/experiment_suite/20260812-231044-dcp-cp-suite/02_dcp_uniform/results/mega/dcp_4/comm_sm_8/d32_c0_kv32k_dcp4_hkv2_eager.json

================================================================================
Mega comm_sm=8, case 51/64: d32_c0_kv64k_dcp4_hkv2: B=32, Sq=[16, 16, 16, 16, 16, 16, 16, 16, 16, 16, 16, 16, 16, 16, 16, 16, 16, 16, 16, 16, 16, 16, 16, 16, 16, 16, 16, 16, 16, 16, 16, 16], Sk=[65536, 65536, 65536, 65536, 65536, 65536, 65536, 65536, 65536, 65536, 65536, 65536, 65536, 65536, 65536, 65536, 65536, 65536, 65536, 65536, 65536, 65536, 65536, 65536, 65536, 65536, 65536, 65536, 65536, 65536, 65536, 65536], DCP=4, Hkv=2
================================================================================
Config: world_size=8, methods=['dcp_mega_varlen'], QH=32, KVH=2, D=128, TP=8, DCP=4, workload=chunk, execution=eager, baseline_phase_timing=False, warmup=40, iters=60, check=False
Workload: B=32, q_tokens=512, history_tokens=2097152, q_seqlens=[16, 16, 16, 16, 16, 16, 16, 16, 16, 16, 16, 16, 16, 16, 16, 16, 16, 16, 16, 16, 16, 16, 16, 16, 16, 16, 16, 16, 16, 16, 16, 16], history_seqlens=[65536, 65536, 65536, 65536, 65536, 65536, 65536, 65536, 65536, 65536, 65536, 65536, 65536, 65536, 65536, 65536, 65536, 65536, 65536, 65536, 65536, 65536, 65536, 65536, 65536, 65536, 65536, 65536, 65536, 65536, 65536, 65536]
Agg TFLOPS uses useful attention work across all TP ranks and p50(max_across_ranks); Avg/GPU divides it by world_size.
KV GB/s/GPU is average logical BF16 K+V bytes read per TP rank divided by p50(max_across_ranks); it is not hardware-counter HBM traffic.

Running B=32, q_tokens=512, history_tokens=2097152, causal=True

B=32, q_tokens=512, history_tokens=2097152, QH=32, KVH=2, D=128, TP=8, DCP=4, mode=causal
Method                   Time ms                                                                                                                                     Agg TFLOPS    Avg/GPU  KV GB/s/GPU      Check  Note
dcp_mega_varlen          t0=0.196, t1=0.197, t2=0.197, t3=0.191, t4=0.194, t5=0.195, t6=0.193, t7=0.194 | p50(max_across_ranks)=0.198, p90(max_across_ranks)=0.203       2778.0      347.3       1357.6       skip  eager; output=bf16_ipc_a2a; runner_preallocated; timing=mega_kernel_only
Wrote benchmark JSON to /home/hychen/min_fa3_demo/benchmark_logs/experiment_suite/20260812-231044-dcp-cp-suite/02_dcp_uniform/results/mega/dcp_4/comm_sm_8/d32_c0_kv64k_dcp4_hkv2_eager.json

================================================================================
Mega comm_sm=8, case 52/64: d32_c0_kv128k_dcp4_hkv2: B=32, Sq=[16, 16, 16, 16, 16, 16, 16, 16, 16, 16, 16, 16, 16, 16, 16, 16, 16, 16, 16, 16, 16, 16, 16, 16, 16, 16, 16, 16, 16, 16, 16, 16], Sk=[131072, 131072, 131072, 131072, 131072, 131072, 131072, 131072, 131072, 131072, 131072, 131072, 131072, 131072, 131072, 131072, 131072, 131072, 131072, 131072, 131072, 131072, 131072, 131072, 131072, 131072, 131072, 131072, 131072, 131072, 131072, 131072], DCP=4, Hkv=2
================================================================================
Config: world_size=8, methods=['dcp_mega_varlen'], QH=32, KVH=2, D=128, TP=8, DCP=4, workload=chunk, execution=eager, baseline_phase_timing=False, warmup=40, iters=60, check=False
Workload: B=32, q_tokens=512, history_tokens=4194304, q_seqlens=[16, 16, 16, 16, 16, 16, 16, 16, 16, 16, 16, 16, 16, 16, 16, 16, 16, 16, 16, 16, 16, 16, 16, 16, 16, 16, 16, 16, 16, 16, 16, 16], history_seqlens=[131072, 131072, 131072, 131072, 131072, 131072, 131072, 131072, 131072, 131072, 131072, 131072, 131072, 131072, 131072, 131072, 131072, 131072, 131072, 131072, 131072, 131072, 131072, 131072, 131072, 131072, 131072, 131072, 131072, 131072, 131072, 131072]
Agg TFLOPS uses useful attention work across all TP ranks and p50(max_across_ranks); Avg/GPU divides it by world_size.
KV GB/s/GPU is average logical BF16 K+V bytes read per TP rank divided by p50(max_across_ranks); it is not hardware-counter HBM traffic.

Running B=32, q_tokens=512, history_tokens=4194304, causal=True

B=32, q_tokens=512, history_tokens=4194304, QH=32, KVH=2, D=128, TP=8, DCP=4, mode=causal
Method                   Time ms                                                                                                                                     Agg TFLOPS    Avg/GPU  KV GB/s/GPU      Check  Note
dcp_mega_varlen          t0=0.337, t1=0.336, t2=0.336, t3=0.331, t4=0.333, t5=0.334, t6=0.332, t7=0.331 | p50(max_across_ranks)=0.337, p90(max_across_ranks)=0.342       3258.4      407.3       1591.7       skip  eager; output=bf16_ipc_a2a; runner_preallocated; timing=mega_kernel_only
Wrote benchmark JSON to /home/hychen/min_fa3_demo/benchmark_logs/experiment_suite/20260812-231044-dcp-cp-suite/02_dcp_uniform/results/mega/dcp_4/comm_sm_8/d32_c0_kv128k_dcp4_hkv2_eager.json

================================================================================
Mega comm_sm=8, case 53/64: d32_c1_kv16k_dcp4_hkv2: B=33, Sq=[16, 16, 16, 16, 16, 16, 16, 16, 16, 16, 16, 16, 16, 16, 16, 16, 16, 16, 16, 16, 16, 16, 16, 16, 16, 16, 16, 16, 16, 16, 16, 16, 2048], Sk=[16384, 16384, 16384, 16384, 16384, 16384, 16384, 16384, 16384, 16384, 16384, 16384, 16384, 16384, 16384, 16384, 16384, 16384, 16384, 16384, 16384, 16384, 16384, 16384, 16384, 16384, 16384, 16384, 16384, 16384, 16384, 16384, 16384], DCP=4, Hkv=2
================================================================================
Config: world_size=8, methods=['dcp_mega_varlen'], QH=32, KVH=2, D=128, TP=8, DCP=4, workload=chunk, execution=eager, baseline_phase_timing=False, warmup=40, iters=60, check=False
Workload: B=33, q_tokens=2560, history_tokens=540672, q_seqlens=[16, 16, 16, 16, 16, 16, 16, 16, 16, 16, 16, 16, 16, 16, 16, 16, 16, 16, 16, 16, 16, 16, 16, 16, 16, 16, 16, 16, 16, 16, 16, 16, 2048], history_seqlens=[16384, 16384, 16384, 16384, 16384, 16384, 16384, 16384, 16384, 16384, 16384, 16384, 16384, 16384, 16384, 16384, 16384, 16384, 16384, 16384, 16384, 16384, 16384, 16384, 16384, 16384, 16384, 16384, 16384, 16384, 16384, 16384, 16384]
Agg TFLOPS uses useful attention work across all TP ranks and p50(max_across_ranks); Avg/GPU divides it by world_size.
KV GB/s/GPU is average logical BF16 K+V bytes read per TP rank divided by p50(max_across_ranks); it is not hardware-counter HBM traffic.

Running B=33, q_tokens=2560, history_tokens=540672, causal=True

B=33, q_tokens=2560, history_tokens=540672, QH=32, KVH=2, D=128, TP=8, DCP=4, mode=causal
Method                   Time ms                                                                                                                                     Agg TFLOPS    Avg/GPU  KV GB/s/GPU      Check  Note
dcp_mega_varlen          t0=0.251, t1=0.249, t2=0.248, t3=0.245, t4=0.246, t5=0.247, t6=0.245, t7=0.243 | p50(max_across_ranks)=0.253, p90(max_across_ranks)=0.256       2853.3      356.7        278.8       skip  eager; output=bf16_ipc_a2a; runner_preallocated; timing=mega_kernel_only
Wrote benchmark JSON to /home/hychen/min_fa3_demo/benchmark_logs/experiment_suite/20260812-231044-dcp-cp-suite/02_dcp_uniform/results/mega/dcp_4/comm_sm_8/d32_c1_kv16k_dcp4_hkv2_eager.json

================================================================================
Mega comm_sm=8, case 54/64: d32_c1_kv32k_dcp4_hkv2: B=33, Sq=[16, 16, 16, 16, 16, 16, 16, 16, 16, 16, 16, 16, 16, 16, 16, 16, 16, 16, 16, 16, 16, 16, 16, 16, 16, 16, 16, 16, 16, 16, 16, 16, 2048], Sk=[32768, 32768, 32768, 32768, 32768, 32768, 32768, 32768, 32768, 32768, 32768, 32768, 32768, 32768, 32768, 32768, 32768, 32768, 32768, 32768, 32768, 32768, 32768, 32768, 32768, 32768, 32768, 32768, 32768, 32768, 32768, 32768, 32768], DCP=4, Hkv=2
================================================================================
Config: world_size=8, methods=['dcp_mega_varlen'], QH=32, KVH=2, D=128, TP=8, DCP=4, workload=chunk, execution=eager, baseline_phase_timing=False, warmup=40, iters=60, check=False
Workload: B=33, q_tokens=2560, history_tokens=1081344, q_seqlens=[16, 16, 16, 16, 16, 16, 16, 16, 16, 16, 16, 16, 16, 16, 16, 16, 16, 16, 16, 16, 16, 16, 16, 16, 16, 16, 16, 16, 16, 16, 16, 16, 2048], history_seqlens=[32768, 32768, 32768, 32768, 32768, 32768, 32768, 32768, 32768, 32768, 32768, 32768, 32768, 32768, 32768, 32768, 32768, 32768, 32768, 32768, 32768, 32768, 32768, 32768, 32768, 32768, 32768, 32768, 32768, 32768, 32768, 32768, 32768]
Agg TFLOPS uses useful attention work across all TP ranks and p50(max_across_ranks); Avg/GPU divides it by world_size.
KV GB/s/GPU is average logical BF16 K+V bytes read per TP rank divided by p50(max_across_ranks); it is not hardware-counter HBM traffic.

Running B=33, q_tokens=2560, history_tokens=1081344, causal=True

B=33, q_tokens=2560, history_tokens=1081344, QH=32, KVH=2, D=128, TP=8, DCP=4, mode=causal
Method                   Time ms                                                                                                                                     Agg TFLOPS    Avg/GPU  KV GB/s/GPU      Check  Note
dcp_mega_varlen          t0=0.368, t1=0.367, t2=0.366, t3=0.362, t4=0.359, t5=0.360, t6=0.358, t7=0.357 | p50(max_across_ranks)=0.369, p90(max_across_ranks)=0.371       3817.7      477.2        378.6       skip  eager; output=bf16_ipc_a2a; runner_preallocated; timing=mega_kernel_only
Wrote benchmark JSON to /home/hychen/min_fa3_demo/benchmark_logs/experiment_suite/20260812-231044-dcp-cp-suite/02_dcp_uniform/results/mega/dcp_4/comm_sm_8/d32_c1_kv32k_dcp4_hkv2_eager.json

================================================================================
Mega comm_sm=8, case 55/64: d32_c1_kv64k_dcp4_hkv2: B=33, Sq=[16, 16, 16, 16, 16, 16, 16, 16, 16, 16, 16, 16, 16, 16, 16, 16, 16, 16, 16, 16, 16, 16, 16, 16, 16, 16, 16, 16, 16, 16, 16, 16, 2048], Sk=[65536, 65536, 65536, 65536, 65536, 65536, 65536, 65536, 65536, 65536, 65536, 65536, 65536, 65536, 65536, 65536, 65536, 65536, 65536, 65536, 65536, 65536, 65536, 65536, 65536, 65536, 65536, 65536, 65536, 65536, 65536, 65536, 65536], DCP=4, Hkv=2
================================================================================
Config: world_size=8, methods=['dcp_mega_varlen'], QH=32, KVH=2, D=128, TP=8, DCP=4, workload=chunk, execution=eager, baseline_phase_timing=False, warmup=40, iters=60, check=False
Workload: B=33, q_tokens=2560, history_tokens=2162688, q_seqlens=[16, 16, 16, 16, 16, 16, 16, 16, 16, 16, 16, 16, 16, 16, 16, 16, 16, 16, 16, 16, 16, 16, 16, 16, 16, 16, 16, 16, 16, 16, 16, 16, 2048], history_seqlens=[65536, 65536, 65536, 65536, 65536, 65536, 65536, 65536, 65536, 65536, 65536, 65536, 65536, 65536, 65536, 65536, 65536, 65536, 65536, 65536, 65536, 65536, 65536, 65536, 65536, 65536, 65536, 65536, 65536, 65536, 65536, 65536, 65536]
Agg TFLOPS uses useful attention work across all TP ranks and p50(max_across_ranks); Avg/GPU divides it by world_size.
KV GB/s/GPU is average logical BF16 K+V bytes read per TP rank divided by p50(max_across_ranks); it is not hardware-counter HBM traffic.

Running B=33, q_tokens=2560, history_tokens=2162688, causal=True

B=33, q_tokens=2560, history_tokens=2162688, QH=32, KVH=2, D=128, TP=8, DCP=4, mode=causal
Method                   Time ms                                                                                                                                     Agg TFLOPS    Avg/GPU  KV GB/s/GPU      Check  Note
dcp_mega_varlen          t0=0.702, t1=0.701, t2=0.696, t3=0.687, t4=0.639, t5=0.641, t6=0.640, t7=0.638 | p50(max_across_ranks)=0.704, p90(max_across_ranks)=0.710       3955.3      494.4        395.3       skip  eager; output=bf16_ipc_a2a; runner_preallocated; timing=mega_kernel_only
Wrote benchmark JSON to /home/hychen/min_fa3_demo/benchmark_logs/experiment_suite/20260812-231044-dcp-cp-suite/02_dcp_uniform/results/mega/dcp_4/comm_sm_8/d32_c1_kv64k_dcp4_hkv2_eager.json

================================================================================
Mega comm_sm=8, case 56/64: d32_c1_kv128k_dcp4_hkv2: B=33, Sq=[16, 16, 16, 16, 16, 16, 16, 16, 16, 16, 16, 16, 16, 16, 16, 16, 16, 16, 16, 16, 16, 16, 16, 16, 16, 16, 16, 16, 16, 16, 16, 16, 2048], Sk=[131072, 131072, 131072, 131072, 131072, 131072, 131072, 131072, 131072, 131072, 131072, 131072, 131072, 131072, 131072, 131072, 131072, 131072, 131072, 131072, 131072, 131072, 131072, 131072, 131072, 131072, 131072, 131072, 131072, 131072, 131072, 131072, 131072], DCP=4, Hkv=2
================================================================================
Config: world_size=8, methods=['dcp_mega_varlen'], QH=32, KVH=2, D=128, TP=8, DCP=4, workload=chunk, execution=eager, baseline_phase_timing=False, warmup=40, iters=60, check=False
Workload: B=33, q_tokens=2560, history_tokens=4325376, q_seqlens=[16, 16, 16, 16, 16, 16, 16, 16, 16, 16, 16, 16, 16, 16, 16, 16, 16, 16, 16, 16, 16, 16, 16, 16, 16, 16, 16, 16, 16, 16, 16, 16, 2048], history_seqlens=[131072, 131072, 131072, 131072, 131072, 131072, 131072, 131072, 131072, 131072, 131072, 131072, 131072, 131072, 131072, 131072, 131072, 131072, 131072, 131072, 131072, 131072, 131072, 131072, 131072, 131072, 131072, 131072, 131072, 131072, 131072, 131072, 131072]
Agg TFLOPS uses useful attention work across all TP ranks and p50(max_across_ranks); Avg/GPU divides it by world_size.
KV GB/s/GPU is average logical BF16 K+V bytes read per TP rank divided by p50(max_across_ranks); it is not hardware-counter HBM traffic.

Running B=33, q_tokens=2560, history_tokens=4325376, causal=True

B=33, q_tokens=2560, history_tokens=4325376, QH=32, KVH=2, D=128, TP=8, DCP=4, mode=causal
Method                   Time ms                                                                                                                                     Agg TFLOPS    Avg/GPU  KV GB/s/GPU      Check  Note
dcp_mega_varlen          t0=1.252, t1=1.248, t2=1.251, t3=1.243, t4=1.182, t5=1.184, t6=1.185, t7=1.174 | p50(max_across_ranks)=1.255, p90(max_across_ranks)=1.269       4406.5      550.8        442.0       skip  eager; output=bf16_ipc_a2a; runner_preallocated; timing=mega_kernel_only
Wrote benchmark JSON to /home/hychen/min_fa3_demo/benchmark_logs/experiment_suite/20260812-231044-dcp-cp-suite/02_dcp_uniform/results/mega/dcp_4/comm_sm_8/d32_c1_kv128k_dcp4_hkv2_eager.json

================================================================================
Mega comm_sm=8, case 57/64: d32_c2_kv16k_dcp4_hkv2: B=34, Sq=[16, 16, 16, 16, 16, 16, 16, 16, 16, 16, 16, 16, 16, 16, 16, 16, 16, 16, 16, 16, 16, 16, 16, 16, 16, 16, 16, 16, 16, 16, 16, 16, 2048, 2048], Sk=[16384, 16384, 16384, 16384, 16384, 16384, 16384, 16384, 16384, 16384, 16384, 16384, 16384, 16384, 16384, 16384, 16384, 16384, 16384, 16384, 16384, 16384, 16384, 16384, 16384, 16384, 16384, 16384, 16384, 16384, 16384, 16384, 16384, 16384], DCP=4, Hkv=2
================================================================================
Config: world_size=8, methods=['dcp_mega_varlen'], QH=32, KVH=2, D=128, TP=8, DCP=4, workload=chunk, execution=eager, baseline_phase_timing=False, warmup=40, iters=60, check=False
Workload: B=34, q_tokens=4608, history_tokens=557056, q_seqlens=[16, 16, 16, 16, 16, 16, 16, 16, 16, 16, 16, 16, 16, 16, 16, 16, 16, 16, 16, 16, 16, 16, 16, 16, 16, 16, 16, 16, 16, 16, 16, 16, 2048, 2048], history_seqlens=[16384, 16384, 16384, 16384, 16384, 16384, 16384, 16384, 16384, 16384, 16384, 16384, 16384, 16384, 16384, 16384, 16384, 16384, 16384, 16384, 16384, 16384, 16384, 16384, 16384, 16384, 16384, 16384, 16384, 16384, 16384, 16384, 16384, 16384]
Agg TFLOPS uses useful attention work across all TP ranks and p50(max_across_ranks); Avg/GPU divides it by world_size.
KV GB/s/GPU is average logical BF16 K+V bytes read per TP rank divided by p50(max_across_ranks); it is not hardware-counter HBM traffic.

Running B=34, q_tokens=4608, history_tokens=557056, causal=True

B=34, q_tokens=4608, history_tokens=557056, QH=32, KVH=2, D=128, TP=8, DCP=4, mode=causal
Method                   Time ms                                                                                                                                     Agg TFLOPS    Avg/GPU  KV GB/s/GPU      Check  Note
dcp_mega_varlen          t0=0.442, t1=0.442, t2=0.441, t3=0.435, t4=0.438, t5=0.439, t6=0.436, t7=0.436 | p50(max_across_ranks)=0.445, p90(max_across_ranks)=0.455       2933.2      366.7        165.5       skip  eager; output=bf16_ipc_a2a; runner_preallocated; timing=mega_kernel_only
Wrote benchmark JSON to /home/hychen/min_fa3_demo/benchmark_logs/experiment_suite/20260812-231044-dcp-cp-suite/02_dcp_uniform/results/mega/dcp_4/comm_sm_8/d32_c2_kv16k_dcp4_hkv2_eager.json

================================================================================
Mega comm_sm=8, case 58/64: d32_c2_kv32k_dcp4_hkv2: B=34, Sq=[16, 16, 16, 16, 16, 16, 16, 16, 16, 16, 16, 16, 16, 16, 16, 16, 16, 16, 16, 16, 16, 16, 16, 16, 16, 16, 16, 16, 16, 16, 16, 16, 2048, 2048], Sk=[32768, 32768, 32768, 32768, 32768, 32768, 32768, 32768, 32768, 32768, 32768, 32768, 32768, 32768, 32768, 32768, 32768, 32768, 32768, 32768, 32768, 32768, 32768, 32768, 32768, 32768, 32768, 32768, 32768, 32768, 32768, 32768, 32768, 32768], DCP=4, Hkv=2
================================================================================
Config: world_size=8, methods=['dcp_mega_varlen'], QH=32, KVH=2, D=128, TP=8, DCP=4, workload=chunk, execution=eager, baseline_phase_timing=False, warmup=40, iters=60, check=False
Workload: B=34, q_tokens=4608, history_tokens=1114112, q_seqlens=[16, 16, 16, 16, 16, 16, 16, 16, 16, 16, 16, 16, 16, 16, 16, 16, 16, 16, 16, 16, 16, 16, 16, 16, 16, 16, 16, 16, 16, 16, 16, 16, 2048, 2048], history_seqlens=[32768, 32768, 32768, 32768, 32768, 32768, 32768, 32768, 32768, 32768, 32768, 32768, 32768, 32768, 32768, 32768, 32768, 32768, 32768, 32768, 32768, 32768, 32768, 32768, 32768, 32768, 32768, 32768, 32768, 32768, 32768, 32768, 32768, 32768]
Agg TFLOPS uses useful attention work across all TP ranks and p50(max_across_ranks); Avg/GPU divides it by world_size.
KV GB/s/GPU is average logical BF16 K+V bytes read per TP rank divided by p50(max_across_ranks); it is not hardware-counter HBM traffic.

Running B=34, q_tokens=4608, history_tokens=1114112, causal=True

B=34, q_tokens=4608, history_tokens=1114112, QH=32, KVH=2, D=128, TP=8, DCP=4, mode=causal
Method                   Time ms                                                                                                                                     Agg TFLOPS    Avg/GPU  KV GB/s/GPU      Check  Note
dcp_mega_varlen          t0=0.641, t1=0.642, t2=0.643, t3=0.628, t4=0.621, t5=0.621, t6=0.616, t7=0.613 | p50(max_across_ranks)=0.647, p90(max_across_ranks)=0.655       3930.3      491.3        224.1       skip  eager; output=bf16_ipc_a2a; runner_preallocated; timing=mega_kernel_only
Wrote benchmark JSON to /home/hychen/min_fa3_demo/benchmark_logs/experiment_suite/20260812-231044-dcp-cp-suite/02_dcp_uniform/results/mega/dcp_4/comm_sm_8/d32_c2_kv32k_dcp4_hkv2_eager.json

================================================================================
Mega comm_sm=8, case 59/64: d32_c2_kv64k_dcp4_hkv2: B=34, Sq=[16, 16, 16, 16, 16, 16, 16, 16, 16, 16, 16, 16, 16, 16, 16, 16, 16, 16, 16, 16, 16, 16, 16, 16, 16, 16, 16, 16, 16, 16, 16, 16, 2048, 2048], Sk=[65536, 65536, 65536, 65536, 65536, 65536, 65536, 65536, 65536, 65536, 65536, 65536, 65536, 65536, 65536, 65536, 65536, 65536, 65536, 65536, 65536, 65536, 65536, 65536, 65536, 65536, 65536, 65536, 65536, 65536, 65536, 65536, 65536, 65536], DCP=4, Hkv=2
================================================================================
Config: world_size=8, methods=['dcp_mega_varlen'], QH=32, KVH=2, D=128, TP=8, DCP=4, workload=chunk, execution=eager, baseline_phase_timing=False, warmup=40, iters=60, check=False
Workload: B=34, q_tokens=4608, history_tokens=2228224, q_seqlens=[16, 16, 16, 16, 16, 16, 16, 16, 16, 16, 16, 16, 16, 16, 16, 16, 16, 16, 16, 16, 16, 16, 16, 16, 16, 16, 16, 16, 16, 16, 16, 16, 2048, 2048], history_seqlens=[65536, 65536, 65536, 65536, 65536, 65536, 65536, 65536, 65536, 65536, 65536, 65536, 65536, 65536, 65536, 65536, 65536, 65536, 65536, 65536, 65536, 65536, 65536, 65536, 65536, 65536, 65536, 65536, 65536, 65536, 65536, 65536, 65536, 65536]
Agg TFLOPS uses useful attention work across all TP ranks and p50(max_across_ranks); Avg/GPU divides it by world_size.
KV GB/s/GPU is average logical BF16 K+V bytes read per TP rank divided by p50(max_across_ranks); it is not hardware-counter HBM traffic.

Running B=34, q_tokens=4608, history_tokens=2228224, causal=True

B=34, q_tokens=4608, history_tokens=2228224, QH=32, KVH=2, D=128, TP=8, DCP=4, mode=causal
Method                   Time ms                                                                                                                                     Agg TFLOPS    Avg/GPU  KV GB/s/GPU      Check  Note
dcp_mega_varlen          t0=1.109, t1=1.112, t2=1.108, t3=1.114, t4=1.076, t5=1.082, t6=1.075, t7=1.080 | p50(max_across_ranks)=1.116, p90(max_across_ranks)=1.122       4495.3      561.9        257.7       skip  eager; output=bf16_ipc_a2a; runner_preallocated; timing=mega_kernel_only
Wrote benchmark JSON to /home/hychen/min_fa3_demo/benchmark_logs/experiment_suite/20260812-231044-dcp-cp-suite/02_dcp_uniform/results/mega/dcp_4/comm_sm_8/d32_c2_kv64k_dcp4_hkv2_eager.json

================================================================================
Mega comm_sm=8, case 60/64: d32_c2_kv128k_dcp4_hkv2: B=34, Sq=[16, 16, 16, 16, 16, 16, 16, 16, 16, 16, 16, 16, 16, 16, 16, 16, 16, 16, 16, 16, 16, 16, 16, 16, 16, 16, 16, 16, 16, 16, 16, 16, 2048, 2048], Sk=[131072, 131072, 131072, 131072, 131072, 131072, 131072, 131072, 131072, 131072, 131072, 131072, 131072, 131072, 131072, 131072, 131072, 131072, 131072, 131072, 131072, 131072, 131072, 131072, 131072, 131072, 131072, 131072, 131072, 131072, 131072, 131072, 131072, 131072], DCP=4, Hkv=2
================================================================================
Config: world_size=8, methods=['dcp_mega_varlen'], QH=32, KVH=2, D=128, TP=8, DCP=4, workload=chunk, execution=eager, baseline_phase_timing=False, warmup=40, iters=60, check=False
Workload: B=34, q_tokens=4608, history_tokens=4456448, q_seqlens=[16, 16, 16, 16, 16, 16, 16, 16, 16, 16, 16, 16, 16, 16, 16, 16, 16, 16, 16, 16, 16, 16, 16, 16, 16, 16, 16, 16, 16, 16, 16, 16, 2048, 2048], history_seqlens=[131072, 131072, 131072, 131072, 131072, 131072, 131072, 131072, 131072, 131072, 131072, 131072, 131072, 131072, 131072, 131072, 131072, 131072, 131072, 131072, 131072, 131072, 131072, 131072, 131072, 131072, 131072, 131072, 131072, 131072, 131072, 131072, 131072, 131072]
Agg TFLOPS uses useful attention work across all TP ranks and p50(max_across_ranks); Avg/GPU divides it by world_size.
KV GB/s/GPU is average logical BF16 K+V bytes read per TP rank divided by p50(max_across_ranks); it is not hardware-counter HBM traffic.

Running B=34, q_tokens=4608, history_tokens=4456448, causal=True

B=34, q_tokens=4608, history_tokens=4456448, QH=32, KVH=2, D=128, TP=8, DCP=4, mode=causal
Method                   Time ms                                                                                                                                     Agg TFLOPS    Avg/GPU  KV GB/s/GPU      Check  Note
dcp_mega_varlen          t0=2.131, t1=2.134, t2=2.134, t3=2.133, t4=2.099, t5=2.103, t6=2.100, t7=2.101 | p50(max_across_ranks)=2.173, p90(max_across_ranks)=2.205       4584.9      573.1        263.6       skip  eager; output=bf16_ipc_a2a; runner_preallocated; timing=mega_kernel_only
Wrote benchmark JSON to /home/hychen/min_fa3_demo/benchmark_logs/experiment_suite/20260812-231044-dcp-cp-suite/02_dcp_uniform/results/mega/dcp_4/comm_sm_8/d32_c2_kv128k_dcp4_hkv2_eager.json

================================================================================
Mega comm_sm=8, case 61/64: d32_c4_kv16k_dcp4_hkv2: B=36, Sq=[16, 16, 16, 16, 16, 16, 16, 16, 16, 16, 16, 16, 16, 16, 16, 16, 16, 16, 16, 16, 16, 16, 16, 16, 16, 16, 16, 16, 16, 16, 16, 16, 2048, 2048, 2048, 2048], Sk=[16384, 16384, 16384, 16384, 16384, 16384, 16384, 16384, 16384, 16384, 16384, 16384, 16384, 16384, 16384, 16384, 16384, 16384, 16384, 16384, 16384, 16384, 16384, 16384, 16384, 16384, 16384, 16384, 16384, 16384, 16384, 16384, 16384, 16384, 16384, 16384], DCP=4, Hkv=2
================================================================================
Config: world_size=8, methods=['dcp_mega_varlen'], QH=32, KVH=2, D=128, TP=8, DCP=4, workload=chunk, execution=eager, baseline_phase_timing=False, warmup=40, iters=60, check=False
Workload: B=36, q_tokens=8704, history_tokens=589824, q_seqlens=[16, 16, 16, 16, 16, 16, 16, 16, 16, 16, 16, 16, 16, 16, 16, 16, 16, 16, 16, 16, 16, 16, 16, 16, 16, 16, 16, 16, 16, 16, 16, 16, 2048, 2048, 2048, 2048], history_seqlens=[16384, 16384, 16384, 16384, 16384, 16384, 16384, 16384, 16384, 16384, 16384, 16384, 16384, 16384, 16384, 16384, 16384, 16384, 16384, 16384, 16384, 16384, 16384, 16384, 16384, 16384, 16384, 16384, 16384, 16384, 16384, 16384, 16384, 16384, 16384, 16384]
Agg TFLOPS uses useful attention work across all TP ranks and p50(max_across_ranks); Avg/GPU divides it by world_size.
KV GB/s/GPU is average logical BF16 K+V bytes read per TP rank divided by p50(max_across_ranks); it is not hardware-counter HBM traffic.

Running B=36, q_tokens=8704, history_tokens=589824, causal=True

B=36, q_tokens=8704, history_tokens=589824, QH=32, KVH=2, D=128, TP=8, DCP=4, mode=causal
Method                   Time ms                                                                                                                                     Agg TFLOPS    Avg/GPU  KV GB/s/GPU      Check  Note
dcp_mega_varlen          t0=0.811, t1=0.813, t2=0.811, t3=0.807, t4=0.810, t5=0.812, t6=0.808, t7=0.806 | p50(max_across_ranks)=0.818, p90(max_across_ranks)=0.826       3026.3      378.3         97.8       skip  eager; output=bf16_ipc_a2a; runner_preallocated; timing=mega_kernel_only
Wrote benchmark JSON to /home/hychen/min_fa3_demo/benchmark_logs/experiment_suite/20260812-231044-dcp-cp-suite/02_dcp_uniform/results/mega/dcp_4/comm_sm_8/d32_c4_kv16k_dcp4_hkv2_eager.json

================================================================================
Mega comm_sm=8, case 62/64: d32_c4_kv32k_dcp4_hkv2: B=36, Sq=[16, 16, 16, 16, 16, 16, 16, 16, 16, 16, 16, 16, 16, 16, 16, 16, 16, 16, 16, 16, 16, 16, 16, 16, 16, 16, 16, 16, 16, 16, 16, 16, 2048, 2048, 2048, 2048], Sk=[32768, 32768, 32768, 32768, 32768, 32768, 32768, 32768, 32768, 32768, 32768, 32768, 32768, 32768, 32768, 32768, 32768, 32768, 32768, 32768, 32768, 32768, 32768, 32768, 32768, 32768, 32768, 32768, 32768, 32768, 32768, 32768, 32768, 32768, 32768, 32768], DCP=4, Hkv=2
================================================================================
Config: world_size=8, methods=['dcp_mega_varlen'], QH=32, KVH=2, D=128, TP=8, DCP=4, workload=chunk, execution=eager, baseline_phase_timing=False, warmup=40, iters=60, check=False
Workload: B=36, q_tokens=8704, history_tokens=1179648, q_seqlens=[16, 16, 16, 16, 16, 16, 16, 16, 16, 16, 16, 16, 16, 16, 16, 16, 16, 16, 16, 16, 16, 16, 16, 16, 16, 16, 16, 16, 16, 16, 16, 16, 2048, 2048, 2048, 2048], history_seqlens=[32768, 32768, 32768, 32768, 32768, 32768, 32768, 32768, 32768, 32768, 32768, 32768, 32768, 32768, 32768, 32768, 32768, 32768, 32768, 32768, 32768, 32768, 32768, 32768, 32768, 32768, 32768, 32768, 32768, 32768, 32768, 32768, 32768, 32768, 32768, 32768]
Agg TFLOPS uses useful attention work across all TP ranks and p50(max_across_ranks); Avg/GPU divides it by world_size.
KV GB/s/GPU is average logical BF16 K+V bytes read per TP rank divided by p50(max_across_ranks); it is not hardware-counter HBM traffic.

Running B=36, q_tokens=8704, history_tokens=1179648, causal=True

B=36, q_tokens=8704, history_tokens=1179648, QH=32, KVH=2, D=128, TP=8, DCP=4, mode=causal
Method                   Time ms                                                                                                                                     Agg TFLOPS    Avg/GPU  KV GB/s/GPU      Check  Note
dcp_mega_varlen          t0=1.204, t1=1.204, t2=1.204, t3=1.198, t4=1.194, t5=1.195, t6=1.192, t7=1.186 | p50(max_across_ranks)=1.211, p90(max_across_ranks)=1.218       3970.9      496.4        128.3       skip  eager; output=bf16_ipc_a2a; runner_preallocated; timing=mega_kernel_only
Wrote benchmark JSON to /home/hychen/min_fa3_demo/benchmark_logs/experiment_suite/20260812-231044-dcp-cp-suite/02_dcp_uniform/results/mega/dcp_4/comm_sm_8/d32_c4_kv32k_dcp4_hkv2_eager.json

================================================================================
Mega comm_sm=8, case 63/64: d32_c4_kv64k_dcp4_hkv2: B=36, Sq=[16, 16, 16, 16, 16, 16, 16, 16, 16, 16, 16, 16, 16, 16, 16, 16, 16, 16, 16, 16, 16, 16, 16, 16, 16, 16, 16, 16, 16, 16, 16, 16, 2048, 2048, 2048, 2048], Sk=[65536, 65536, 65536, 65536, 65536, 65536, 65536, 65536, 65536, 65536, 65536, 65536, 65536, 65536, 65536, 65536, 65536, 65536, 65536, 65536, 65536, 65536, 65536, 65536, 65536, 65536, 65536, 65536, 65536, 65536, 65536, 65536, 65536, 65536, 65536, 65536], DCP=4, Hkv=2
================================================================================
Config: world_size=8, methods=['dcp_mega_varlen'], QH=32, KVH=2, D=128, TP=8, DCP=4, workload=chunk, execution=eager, baseline_phase_timing=False, warmup=40, iters=60, check=False
Workload: B=36, q_tokens=8704, history_tokens=2359296, q_seqlens=[16, 16, 16, 16, 16, 16, 16, 16, 16, 16, 16, 16, 16, 16, 16, 16, 16, 16, 16, 16, 16, 16, 16, 16, 16, 16, 16, 16, 16, 16, 16, 16, 2048, 2048, 2048, 2048], history_seqlens=[65536, 65536, 65536, 65536, 65536, 65536, 65536, 65536, 65536, 65536, 65536, 65536, 65536, 65536, 65536, 65536, 65536, 65536, 65536, 65536, 65536, 65536, 65536, 65536, 65536, 65536, 65536, 65536, 65536, 65536, 65536, 65536, 65536, 65536, 65536, 65536]
Agg TFLOPS uses useful attention work across all TP ranks and p50(max_across_ranks); Avg/GPU divides it by world_size.
KV GB/s/GPU is average logical BF16 K+V bytes read per TP rank divided by p50(max_across_ranks); it is not hardware-counter HBM traffic.

Running B=36, q_tokens=8704, history_tokens=2359296, causal=True

B=36, q_tokens=8704, history_tokens=2359296, QH=32, KVH=2, D=128, TP=8, DCP=4, mode=causal
Method                   Time ms                                                                                                                                     Agg TFLOPS    Avg/GPU  KV GB/s/GPU      Check  Note
dcp_mega_varlen          t0=2.093, t1=2.087, t2=2.096, t3=2.088, t4=2.056, t5=2.060, t6=2.038, t7=2.057 | p50(max_across_ranks)=2.098, p90(max_across_ranks)=2.152       4519.5      564.9        146.0       skip  eager; output=bf16_ipc_a2a; runner_preallocated; timing=mega_kernel_only
Wrote benchmark JSON to /home/hychen/min_fa3_demo/benchmark_logs/experiment_suite/20260812-231044-dcp-cp-suite/02_dcp_uniform/results/mega/dcp_4/comm_sm_8/d32_c4_kv64k_dcp4_hkv2_eager.json

================================================================================
Mega comm_sm=8, case 64/64: d32_c4_kv128k_dcp4_hkv2: B=36, Sq=[16, 16, 16, 16, 16, 16, 16, 16, 16, 16, 16, 16, 16, 16, 16, 16, 16, 16, 16, 16, 16, 16, 16, 16, 16, 16, 16, 16, 16, 16, 16, 16, 2048, 2048, 2048, 2048], Sk=[131072, 131072, 131072, 131072, 131072, 131072, 131072, 131072, 131072, 131072, 131072, 131072, 131072, 131072, 131072, 131072, 131072, 131072, 131072, 131072, 131072, 131072, 131072, 131072, 131072, 131072, 131072, 131072, 131072, 131072, 131072, 131072, 131072, 131072, 131072, 131072], DCP=4, Hkv=2
================================================================================
Config: world_size=8, methods=['dcp_mega_varlen'], QH=32, KVH=2, D=128, TP=8, DCP=4, workload=chunk, execution=eager, baseline_phase_timing=False, warmup=40, iters=60, check=False
Workload: B=36, q_tokens=8704, history_tokens=4718592, q_seqlens=[16, 16, 16, 16, 16, 16, 16, 16, 16, 16, 16, 16, 16, 16, 16, 16, 16, 16, 16, 16, 16, 16, 16, 16, 16, 16, 16, 16, 16, 16, 16, 16, 2048, 2048, 2048, 2048], history_seqlens=[131072, 131072, 131072, 131072, 131072, 131072, 131072, 131072, 131072, 131072, 131072, 131072, 131072, 131072, 131072, 131072, 131072, 131072, 131072, 131072, 131072, 131072, 131072, 131072, 131072, 131072, 131072, 131072, 131072, 131072, 131072, 131072, 131072, 131072, 131072, 131072]
Agg TFLOPS uses useful attention work across all TP ranks and p50(max_across_ranks); Avg/GPU divides it by world_size.
KV GB/s/GPU is average logical BF16 K+V bytes read per TP rank divided by p50(max_across_ranks); it is not hardware-counter HBM traffic.

Running B=36, q_tokens=8704, history_tokens=4718592, causal=True

B=36, q_tokens=8704, history_tokens=4718592, QH=32, KVH=2, D=128, TP=8, DCP=4, mode=causal
Method                   Time ms                                                                                                                                     Agg TFLOPS    Avg/GPU  KV GB/s/GPU      Check  Note
dcp_mega_varlen          t0=3.861, t1=3.863, t2=3.868, t3=3.892, t4=3.902, t5=3.895, t6=3.898, t7=3.893 | p50(max_across_ranks)=3.967, p90(max_across_ranks)=4.015       4746.0      593.3        153.4       skip  eager; output=bf16_ipc_a2a; runner_preallocated; timing=mega_kernel_only
Wrote benchmark JSON to /home/hychen/min_fa3_demo/benchmark_logs/experiment_suite/20260812-231044-dcp-cp-suite/02_dcp_uniform/results/mega/dcp_4/comm_sm_8/d32_c4_kv128k_dcp4_hkv2_eager.json

Mega comm_sm=8 summary

Mega DCP batch summary
Case                     DCP Method                       p50 ms     p90 ms   Agg TFLOPS
d4_c0_kv16k_dcp4_hkv2      4 dcp_mega_varlen               0.052      0.059        328.4
d4_c0_kv32k_dcp4_hkv2      4 dcp_mega_varlen               0.057      0.060        600.7
d4_c0_kv64k_dcp4_hkv2      4 dcp_mega_varlen               0.065      0.065       1062.2
d4_c0_kv128k_dcp4_hkv2     4 dcp_mega_varlen               0.080      0.081       1728.1
d4_c1_kv16k_dcp4_hkv2      4 dcp_mega_varlen               0.221      0.225       2719.6
d4_c1_kv32k_dcp4_hkv2      4 dcp_mega_varlen               0.336      0.339       3481.1
d4_c1_kv64k_dcp4_hkv2      4 dcp_mega_varlen               0.605      0.607       3807.9
d4_c1_kv128k_dcp4_hkv2     4 dcp_mega_varlen               1.141      1.147       4005.6
d4_c2_kv16k_dcp4_hkv2      4 dcp_mega_varlen               0.415      0.422       2858.6
d4_c2_kv32k_dcp4_hkv2      4 dcp_mega_varlen               0.599      0.609       3843.6
d4_c2_kv64k_dcp4_hkv2      4 dcp_mega_varlen               1.031      1.043       4399.5
d4_c2_kv128k_dcp4_hkv2     4 dcp_mega_varlen               2.023      2.040       4450.7
d4_c4_kv16k_dcp4_hkv2      4 dcp_mega_varlen               0.780      0.786       3017.1
d4_c4_kv32k_dcp4_hkv2      4 dcp_mega_varlen               1.147      1.154       3982.8
d4_c4_kv64k_dcp4_hkv2      4 dcp_mega_varlen               1.998      2.024       4505.6
d4_c4_kv128k_dcp4_hkv2     4 dcp_mega_varlen               3.829      3.898       4666.6
d8_c0_kv16k_dcp4_hkv2      4 dcp_mega_varlen               0.057      0.063        605.8
d8_c0_kv32k_dcp4_hkv2      4 dcp_mega_varlen               0.066      0.069       1034.2
d8_c0_kv64k_dcp4_hkv2      4 dcp_mega_varlen               0.083      0.089       1653.7
d8_c0_kv128k_dcp4_hkv2     4 dcp_mega_varlen               0.109      0.111       2512.2
d8_c1_kv16k_dcp4_hkv2      4 dcp_mega_varlen               0.241      0.244       2571.0
d8_c1_kv32k_dcp4_hkv2      4 dcp_mega_varlen               0.337      0.342       3570.7
d8_c1_kv64k_dcp4_hkv2      4 dcp_mega_varlen               0.603      0.605       3931.4
d8_c1_kv128k_dcp4_hkv2     4 dcp_mega_varlen               1.158      1.162       4064.7
d8_c2_kv16k_dcp4_hkv2      4 dcp_mega_varlen               0.416      0.424       2891.0
d8_c2_kv32k_dcp4_hkv2      4 dcp_mega_varlen               0.605      0.612       3862.4
d8_c2_kv64k_dcp4_hkv2      4 dcp_mega_varlen               1.061      1.066       4339.4
d8_c2_kv128k_dcp4_hkv2     4 dcp_mega_varlen               2.034      2.050       4492.7
d8_c4_kv16k_dcp4_hkv2      4 dcp_mega_varlen               0.811      0.861       2922.3
d8_c4_kv32k_dcp4_hkv2      4 dcp_mega_varlen               1.154      1.169       3990.9
d8_c4_kv64k_dcp4_hkv2      4 dcp_mega_varlen               2.012      2.045       4507.8
d8_c4_kv128k_dcp4_hkv2     4 dcp_mega_varlen               3.874      3.944       4647.9
d16_c0_kv16k_dcp4_hkv2     4 dcp_mega_varlen               0.069      0.072       1001.7
d16_c0_kv32k_dcp4_hkv2     4 dcp_mega_varlen               0.087      0.090       1576.8
d16_c0_kv64k_dcp4_hkv2     4 dcp_mega_varlen               0.118      0.125       2339.3
d16_c0_kv128k_dcp4_hkv2    4 dcp_mega_varlen               0.180      0.183       3046.3
d16_c1_kv16k_dcp4_hkv2     4 dcp_mega_varlen               0.232      0.236       2818.8
d16_c1_kv32k_dcp4_hkv2     4 dcp_mega_varlen               0.344      0.347       3690.5
d16_c1_kv64k_dcp4_hkv2     4 dcp_mega_varlen               0.635      0.648       3950.4
d16_c1_kv128k_dcp4_hkv2    4 dcp_mega_varlen               1.186      1.190       4200.9
d16_c2_kv16k_dcp4_hkv2     4 dcp_mega_varlen               0.421      0.435       2937.1
d16_c2_kv32k_dcp4_hkv2     4 dcp_mega_varlen               0.610      0.620       3942.3
d16_c2_kv64k_dcp4_hkv2     4 dcp_mega_varlen               1.070      1.083       4432.6
d16_c2_kv128k_dcp4_hkv2    4 dcp_mega_varlen               2.062      2.094       4566.4
d16_c4_kv16k_dcp4_hkv2     4 dcp_mega_varlen               0.788      0.798       3053.1
d16_c4_kv32k_dcp4_hkv2     4 dcp_mega_varlen               1.159      1.168       4032.0
d16_c4_kv64k_dcp4_hkv2     4 dcp_mega_varlen               2.024      2.038       4548.8
d16_c4_kv128k_dcp4_hkv2    4 dcp_mega_varlen               3.885      3.999       4705.0
d32_c0_kv16k_dcp4_hkv2     4 dcp_mega_varlen               0.102      0.111       1349.4
d32_c0_kv32k_dcp4_hkv2     4 dcp_mega_varlen               0.146      0.153       1881.4
d32_c0_kv64k_dcp4_hkv2     4 dcp_mega_varlen               0.198      0.203       2778.0
d32_c0_kv128k_dcp4_hkv2    4 dcp_mega_varlen               0.337      0.342       3258.4
d32_c1_kv16k_dcp4_hkv2     4 dcp_mega_varlen               0.253      0.256       2853.3
d32_c1_kv32k_dcp4_hkv2     4 dcp_mega_varlen               0.369      0.371       3817.7
d32_c1_kv64k_dcp4_hkv2     4 dcp_mega_varlen               0.704      0.710       3955.3
d32_c1_kv128k_dcp4_hkv2    4 dcp_mega_varlen               1.255      1.269       4406.5
d32_c2_kv16k_dcp4_hkv2     4 dcp_mega_varlen               0.445      0.455       2933.2
d32_c2_kv32k_dcp4_hkv2     4 dcp_mega_varlen               0.647      0.655       3930.3
d32_c2_kv64k_dcp4_hkv2     4 dcp_mega_varlen               1.116      1.122       4495.3
d32_c2_kv128k_dcp4_hkv2    4 dcp_mega_varlen               2.173      2.205       4584.9
d32_c4_kv16k_dcp4_hkv2     4 dcp_mega_varlen               0.818      0.826       3026.3
d32_c4_kv32k_dcp4_hkv2     4 dcp_mega_varlen               1.211      1.218       3970.9
d32_c4_kv64k_dcp4_hkv2     4 dcp_mega_varlen               2.098      2.152       4519.5
d32_c4_kv128k_dcp4_hkv2    4 dcp_mega_varlen               3.967      4.015       4746.0

Mega DCP workload-weighted summary
Topology        DCP Method                     Cases    Mean ms  Mean TFLOPS     Weighted  Weighted/GPU
dcp4_hkv2         4 dcp_mega_varlen               64      0.933       3318.8       4190.5         523.8

================================================================================
Mega comm_sm=12, case 1/64: d4_c0_kv16k_dcp4_hkv2: B=4, Sq=[16, 16, 16, 16], Sk=[16384, 16384, 16384, 16384], DCP=4, Hkv=2
================================================================================
Config: world_size=8, methods=['dcp_mega_varlen'], QH=32, KVH=2, D=128, TP=8, DCP=4, workload=chunk, execution=eager, baseline_phase_timing=False, warmup=40, iters=60, check=False
Workload: B=4, q_tokens=64, history_tokens=65536, q_seqlens=[16, 16, 16, 16], history_seqlens=[16384, 16384, 16384, 16384]
Agg TFLOPS uses useful attention work across all TP ranks and p50(max_across_ranks); Avg/GPU divides it by world_size.
KV GB/s/GPU is average logical BF16 K+V bytes read per TP rank divided by p50(max_across_ranks); it is not hardware-counter HBM traffic.

Running B=4, q_tokens=64, history_tokens=65536, causal=True

B=4, q_tokens=64, history_tokens=65536, QH=32, KVH=2, D=128, TP=8, DCP=4, mode=causal
Method                   Time ms                                                                                                                                     Agg TFLOPS    Avg/GPU  KV GB/s/GPU      Check  Note
dcp_mega_varlen          t0=0.051, t1=0.051, t2=0.051, t3=0.048, t4=0.049, t5=0.050, t6=0.048, t7=0.049 | p50(max_across_ranks)=0.052, p90(max_across_ranks)=0.054        331.9       41.5        162.6       skip  eager; output=bf16_ipc_a2a; runner_preallocated; timing=mega_kernel_only
Wrote benchmark JSON to /home/hychen/min_fa3_demo/benchmark_logs/experiment_suite/20260812-231044-dcp-cp-suite/02_dcp_uniform/results/mega/dcp_4/comm_sm_12/d4_c0_kv16k_dcp4_hkv2_eager.json

================================================================================
Mega comm_sm=12, case 2/64: d4_c0_kv32k_dcp4_hkv2: B=4, Sq=[16, 16, 16, 16], Sk=[32768, 32768, 32768, 32768], DCP=4, Hkv=2
================================================================================
Config: world_size=8, methods=['dcp_mega_varlen'], QH=32, KVH=2, D=128, TP=8, DCP=4, workload=chunk, execution=eager, baseline_phase_timing=False, warmup=40, iters=60, check=False
Workload: B=4, q_tokens=64, history_tokens=131072, q_seqlens=[16, 16, 16, 16], history_seqlens=[32768, 32768, 32768, 32768]
Agg TFLOPS uses useful attention work across all TP ranks and p50(max_across_ranks); Avg/GPU divides it by world_size.
KV GB/s/GPU is average logical BF16 K+V bytes read per TP rank divided by p50(max_across_ranks); it is not hardware-counter HBM traffic.

Running B=4, q_tokens=64, history_tokens=131072, causal=True

B=4, q_tokens=64, history_tokens=131072, QH=32, KVH=2, D=128, TP=8, DCP=4, mode=causal
Method                   Time ms                                                                                                                                     Agg TFLOPS    Avg/GPU  KV GB/s/GPU      Check  Note
dcp_mega_varlen          t0=0.056, t1=0.057, t2=0.055, t3=0.052, t4=0.054, t5=0.054, t6=0.052, t7=0.053 | p50(max_across_ranks)=0.057, p90(max_across_ranks)=0.058        603.9       75.5        295.4       skip  eager; output=bf16_ipc_a2a; runner_preallocated; timing=mega_kernel_only
Wrote benchmark JSON to /home/hychen/min_fa3_demo/benchmark_logs/experiment_suite/20260812-231044-dcp-cp-suite/02_dcp_uniform/results/mega/dcp_4/comm_sm_12/d4_c0_kv32k_dcp4_hkv2_eager.json

================================================================================
Mega comm_sm=12, case 3/64: d4_c0_kv64k_dcp4_hkv2: B=4, Sq=[16, 16, 16, 16], Sk=[65536, 65536, 65536, 65536], DCP=4, Hkv=2
================================================================================
Config: world_size=8, methods=['dcp_mega_varlen'], QH=32, KVH=2, D=128, TP=8, DCP=4, workload=chunk, execution=eager, baseline_phase_timing=False, warmup=40, iters=60, check=False
Workload: B=4, q_tokens=64, history_tokens=262144, q_seqlens=[16, 16, 16, 16], history_seqlens=[65536, 65536, 65536, 65536]
Agg TFLOPS uses useful attention work across all TP ranks and p50(max_across_ranks); Avg/GPU divides it by world_size.
KV GB/s/GPU is average logical BF16 K+V bytes read per TP rank divided by p50(max_across_ranks); it is not hardware-counter HBM traffic.

Running B=4, q_tokens=64, history_tokens=262144, causal=True

B=4, q_tokens=64, history_tokens=262144, QH=32, KVH=2, D=128, TP=8, DCP=4, mode=causal
Method                   Time ms                                                                                                                                     Agg TFLOPS    Avg/GPU  KV GB/s/GPU      Check  Note
dcp_mega_varlen          t0=0.067, t1=0.068, t2=0.067, t3=0.062, t4=0.066, t5=0.067, t6=0.064, t7=0.066 | p50(max_across_ranks)=0.068, p90(max_across_ranks)=0.070       1012.6      126.6        494.9       skip  eager; output=bf16_ipc_a2a; runner_preallocated; timing=mega_kernel_only
Wrote benchmark JSON to /home/hychen/min_fa3_demo/benchmark_logs/experiment_suite/20260812-231044-dcp-cp-suite/02_dcp_uniform/results/mega/dcp_4/comm_sm_12/d4_c0_kv64k_dcp4_hkv2_eager.json

================================================================================
Mega comm_sm=12, case 4/64: d4_c0_kv128k_dcp4_hkv2: B=4, Sq=[16, 16, 16, 16], Sk=[131072, 131072, 131072, 131072], DCP=4, Hkv=2
================================================================================
Config: world_size=8, methods=['dcp_mega_varlen'], QH=32, KVH=2, D=128, TP=8, DCP=4, workload=chunk, execution=eager, baseline_phase_timing=False, warmup=40, iters=60, check=False
Workload: B=4, q_tokens=64, history_tokens=524288, q_seqlens=[16, 16, 16, 16], history_seqlens=[131072, 131072, 131072, 131072]
Agg TFLOPS uses useful attention work across all TP ranks and p50(max_across_ranks); Avg/GPU divides it by world_size.
KV GB/s/GPU is average logical BF16 K+V bytes read per TP rank divided by p50(max_across_ranks); it is not hardware-counter HBM traffic.

Running B=4, q_tokens=64, history_tokens=524288, causal=True

B=4, q_tokens=64, history_tokens=524288, QH=32, KVH=2, D=128, TP=8, DCP=4, mode=causal
Method                   Time ms                                                                                                                                     Agg TFLOPS    Avg/GPU  KV GB/s/GPU      Check  Note
dcp_mega_varlen          t0=0.078, t1=0.078, t2=0.079, t3=0.075, t4=0.076, t5=0.077, t6=0.076, t7=0.078 | p50(max_across_ranks)=0.079, p90(max_across_ranks)=0.081       1739.0      217.4        849.5       skip  eager; output=bf16_ipc_a2a; runner_preallocated; timing=mega_kernel_only
Wrote benchmark JSON to /home/hychen/min_fa3_demo/benchmark_logs/experiment_suite/20260812-231044-dcp-cp-suite/02_dcp_uniform/results/mega/dcp_4/comm_sm_12/d4_c0_kv128k_dcp4_hkv2_eager.json

================================================================================
Mega comm_sm=12, case 5/64: d4_c1_kv16k_dcp4_hkv2: B=5, Sq=[16, 16, 16, 16, 2048], Sk=[16384, 16384, 16384, 16384, 16384], DCP=4, Hkv=2
================================================================================
Config: world_size=8, methods=['dcp_mega_varlen'], QH=32, KVH=2, D=128, TP=8, DCP=4, workload=chunk, execution=eager, baseline_phase_timing=False, warmup=40, iters=60, check=False
Workload: B=5, q_tokens=2112, history_tokens=81920, q_seqlens=[16, 16, 16, 16, 2048], history_seqlens=[16384, 16384, 16384, 16384, 16384]
Agg TFLOPS uses useful attention work across all TP ranks and p50(max_across_ranks); Avg/GPU divides it by world_size.
KV GB/s/GPU is average logical BF16 K+V bytes read per TP rank divided by p50(max_across_ranks); it is not hardware-counter HBM traffic.

Running B=5, q_tokens=2112, history_tokens=81920, causal=True

B=5, q_tokens=2112, history_tokens=81920, QH=32, KVH=2, D=128, TP=8, DCP=4, mode=causal
Method                   Time ms                                                                                                                                     Agg TFLOPS    Avg/GPU  KV GB/s/GPU      Check  Note
dcp_mega_varlen          t0=0.204, t1=0.204, t2=0.203, t3=0.200, t4=0.202, t5=0.204, t6=0.201, t7=0.202 | p50(max_across_ranks)=0.205, p90(max_across_ranks)=0.207       2937.1      367.1         56.5       skip  eager; output=bf16_ipc_a2a; runner_preallocated; timing=mega_kernel_only
Wrote benchmark JSON to /home/hychen/min_fa3_demo/benchmark_logs/experiment_suite/20260812-231044-dcp-cp-suite/02_dcp_uniform/results/mega/dcp_4/comm_sm_12/d4_c1_kv16k_dcp4_hkv2_eager.json

================================================================================
Mega comm_sm=12, case 6/64: d4_c1_kv32k_dcp4_hkv2: B=5, Sq=[16, 16, 16, 16, 2048], Sk=[32768, 32768, 32768, 32768, 32768], DCP=4, Hkv=2
================================================================================
Config: world_size=8, methods=['dcp_mega_varlen'], QH=32, KVH=2, D=128, TP=8, DCP=4, workload=chunk, execution=eager, baseline_phase_timing=False, warmup=40, iters=60, check=False
Workload: B=5, q_tokens=2112, history_tokens=163840, q_seqlens=[16, 16, 16, 16, 2048], history_seqlens=[32768, 32768, 32768, 32768, 32768]
Agg TFLOPS uses useful attention work across all TP ranks and p50(max_across_ranks); Avg/GPU divides it by world_size.
KV GB/s/GPU is average logical BF16 K+V bytes read per TP rank divided by p50(max_across_ranks); it is not hardware-counter HBM traffic.

Running B=5, q_tokens=2112, history_tokens=163840, causal=True

B=5, q_tokens=2112, history_tokens=163840, QH=32, KVH=2, D=128, TP=8, DCP=4, mode=causal
Method                   Time ms                                                                                                                                     Agg TFLOPS    Avg/GPU  KV GB/s/GPU      Check  Note
dcp_mega_varlen          t0=0.334, t1=0.334, t2=0.334, t3=0.330, t4=0.331, t5=0.332, t6=0.331, t7=0.329 | p50(max_across_ranks)=0.335, p90(max_across_ranks)=0.337       3486.6      435.8         65.8       skip  eager; output=bf16_ipc_a2a; runner_preallocated; timing=mega_kernel_only
Wrote benchmark JSON to /home/hychen/min_fa3_demo/benchmark_logs/experiment_suite/20260812-231044-dcp-cp-suite/02_dcp_uniform/results/mega/dcp_4/comm_sm_12/d4_c1_kv32k_dcp4_hkv2_eager.json

================================================================================
Mega comm_sm=12, case 7/64: d4_c1_kv64k_dcp4_hkv2: B=5, Sq=[16, 16, 16, 16, 2048], Sk=[65536, 65536, 65536, 65536, 65536], DCP=4, Hkv=2
================================================================================
Config: world_size=8, methods=['dcp_mega_varlen'], QH=32, KVH=2, D=128, TP=8, DCP=4, workload=chunk, execution=eager, baseline_phase_timing=False, warmup=40, iters=60, check=False
Workload: B=5, q_tokens=2112, history_tokens=327680, q_seqlens=[16, 16, 16, 16, 2048], history_seqlens=[65536, 65536, 65536, 65536, 65536]
Agg TFLOPS uses useful attention work across all TP ranks and p50(max_across_ranks); Avg/GPU divides it by world_size.
KV GB/s/GPU is average logical BF16 K+V bytes read per TP rank divided by p50(max_across_ranks); it is not hardware-counter HBM traffic.

Running B=5, q_tokens=2112, history_tokens=327680, causal=True

B=5, q_tokens=2112, history_tokens=327680, QH=32, KVH=2, D=128, TP=8, DCP=4, mode=causal
Method                   Time ms                                                                                                                                     Agg TFLOPS    Avg/GPU  KV GB/s/GPU      Check  Note
dcp_mega_varlen          t0=0.600, t1=0.599, t2=0.599, t3=0.597, t4=0.598, t5=0.599, t6=0.596, t7=0.598 | p50(max_across_ranks)=0.601, p90(max_across_ranks)=0.603       3831.8      479.0         71.6       skip  eager; output=bf16_ipc_a2a; runner_preallocated; timing=mega_kernel_only
Wrote benchmark JSON to /home/hychen/min_fa3_demo/benchmark_logs/experiment_suite/20260812-231044-dcp-cp-suite/02_dcp_uniform/results/mega/dcp_4/comm_sm_12/d4_c1_kv64k_dcp4_hkv2_eager.json

================================================================================
Mega comm_sm=12, case 8/64: d4_c1_kv128k_dcp4_hkv2: B=5, Sq=[16, 16, 16, 16, 2048], Sk=[131072, 131072, 131072, 131072, 131072], DCP=4, Hkv=2
================================================================================
Config: world_size=8, methods=['dcp_mega_varlen'], QH=32, KVH=2, D=128, TP=8, DCP=4, workload=chunk, execution=eager, baseline_phase_timing=False, warmup=40, iters=60, check=False
Workload: B=5, q_tokens=2112, history_tokens=655360, q_seqlens=[16, 16, 16, 16, 2048], history_seqlens=[131072, 131072, 131072, 131072, 131072]
Agg TFLOPS uses useful attention work across all TP ranks and p50(max_across_ranks); Avg/GPU divides it by world_size.
KV GB/s/GPU is average logical BF16 K+V bytes read per TP rank divided by p50(max_across_ranks); it is not hardware-counter HBM traffic.

Running B=5, q_tokens=2112, history_tokens=655360, causal=True

B=5, q_tokens=2112, history_tokens=655360, QH=32, KVH=2, D=128, TP=8, DCP=4, mode=causal
Method                   Time ms                                                                                                                                     Agg TFLOPS    Avg/GPU  KV GB/s/GPU      Check  Note
dcp_mega_varlen          t0=1.141, t1=1.138, t2=1.140, t3=1.136, t4=1.130, t5=1.130, t6=1.132, t7=1.124 | p50(max_across_ranks)=1.144, p90(max_across_ranks)=1.149       3995.6      499.5         74.3       skip  eager; output=bf16_ipc_a2a; runner_preallocated; timing=mega_kernel_only
Wrote benchmark JSON to /home/hychen/min_fa3_demo/benchmark_logs/experiment_suite/20260812-231044-dcp-cp-suite/02_dcp_uniform/results/mega/dcp_4/comm_sm_12/d4_c1_kv128k_dcp4_hkv2_eager.json

================================================================================
Mega comm_sm=12, case 9/64: d4_c2_kv16k_dcp4_hkv2: B=6, Sq=[16, 16, 16, 16, 2048, 2048], Sk=[16384, 16384, 16384, 16384, 16384, 16384], DCP=4, Hkv=2
================================================================================
Config: world_size=8, methods=['dcp_mega_varlen'], QH=32, KVH=2, D=128, TP=8, DCP=4, workload=chunk, execution=eager, baseline_phase_timing=False, warmup=40, iters=60, check=False
Workload: B=6, q_tokens=4160, history_tokens=98304, q_seqlens=[16, 16, 16, 16, 2048, 2048], history_seqlens=[16384, 16384, 16384, 16384, 16384, 16384]
Agg TFLOPS uses useful attention work across all TP ranks and p50(max_across_ranks); Avg/GPU divides it by world_size.
KV GB/s/GPU is average logical BF16 K+V bytes read per TP rank divided by p50(max_across_ranks); it is not hardware-counter HBM traffic.

Running B=6, q_tokens=4160, history_tokens=98304, causal=True

B=6, q_tokens=4160, history_tokens=98304, QH=32, KVH=2, D=128, TP=8, DCP=4, mode=causal
Method                   Time ms                                                                                                                                     Agg TFLOPS    Avg/GPU  KV GB/s/GPU      Check  Note
dcp_mega_varlen          t0=0.373, t1=0.374, t2=0.372, t3=0.371, t4=0.371, t5=0.374, t6=0.370, t7=0.371 | p50(max_across_ranks)=0.380, p90(max_across_ranks)=0.384       3116.2      389.5         38.7       skip  eager; output=bf16_ipc_a2a; runner_preallocated; timing=mega_kernel_only
Wrote benchmark JSON to /home/hychen/min_fa3_demo/benchmark_logs/experiment_suite/20260812-231044-dcp-cp-suite/02_dcp_uniform/results/mega/dcp_4/comm_sm_12/d4_c2_kv16k_dcp4_hkv2_eager.json

================================================================================
Mega comm_sm=12, case 10/64: d4_c2_kv32k_dcp4_hkv2: B=6, Sq=[16, 16, 16, 16, 2048, 2048], Sk=[32768, 32768, 32768, 32768, 32768, 32768], DCP=4, Hkv=2
================================================================================
Config: world_size=8, methods=['dcp_mega_varlen'], QH=32, KVH=2, D=128, TP=8, DCP=4, workload=chunk, execution=eager, baseline_phase_timing=False, warmup=40, iters=60, check=False
Workload: B=6, q_tokens=4160, history_tokens=196608, q_seqlens=[16, 16, 16, 16, 2048, 2048], history_seqlens=[32768, 32768, 32768, 32768, 32768, 32768]
Agg TFLOPS uses useful attention work across all TP ranks and p50(max_across_ranks); Avg/GPU divides it by world_size.
KV GB/s/GPU is average logical BF16 K+V bytes read per TP rank divided by p50(max_across_ranks); it is not hardware-counter HBM traffic.

Running B=6, q_tokens=4160, history_tokens=196608, causal=True

B=6, q_tokens=4160, history_tokens=196608, QH=32, KVH=2, D=128, TP=8, DCP=4, mode=causal
Method                   Time ms                                                                                                                                     Agg TFLOPS    Avg/GPU  KV GB/s/GPU      Check  Note
dcp_mega_varlen          t0=0.551, t1=0.550, t2=0.550, t3=0.549, t4=0.546, t5=0.546, t6=0.545, t7=0.545 | p50(max_across_ranks)=0.554, p90(max_across_ranks)=0.557       4154.5      519.3         49.3       skip  eager; output=bf16_ipc_a2a; runner_preallocated; timing=mega_kernel_only
Wrote benchmark JSON to /home/hychen/min_fa3_demo/benchmark_logs/experiment_suite/20260812-231044-dcp-cp-suite/02_dcp_uniform/results/mega/dcp_4/comm_sm_12/d4_c2_kv32k_dcp4_hkv2_eager.json

================================================================================
Mega comm_sm=12, case 11/64: d4_c2_kv64k_dcp4_hkv2: B=6, Sq=[16, 16, 16, 16, 2048, 2048], Sk=[65536, 65536, 65536, 65536, 65536, 65536], DCP=4, Hkv=2
================================================================================
Config: world_size=8, methods=['dcp_mega_varlen'], QH=32, KVH=2, D=128, TP=8, DCP=4, workload=chunk, execution=eager, baseline_phase_timing=False, warmup=40, iters=60, check=False
Workload: B=6, q_tokens=4160, history_tokens=393216, q_seqlens=[16, 16, 16, 16, 2048, 2048], history_seqlens=[65536, 65536, 65536, 65536, 65536, 65536]
Agg TFLOPS uses useful attention work across all TP ranks and p50(max_across_ranks); Avg/GPU divides it by world_size.
KV GB/s/GPU is average logical BF16 K+V bytes read per TP rank divided by p50(max_across_ranks); it is not hardware-counter HBM traffic.

Running B=6, q_tokens=4160, history_tokens=393216, causal=True

B=6, q_tokens=4160, history_tokens=393216, QH=32, KVH=2, D=128, TP=8, DCP=4, mode=causal
Method                   Time ms                                                                                                                                     Agg TFLOPS    Avg/GPU  KV GB/s/GPU      Check  Note
dcp_mega_varlen          t0=0.996, t1=0.999, t2=0.997, t3=0.995, t4=1.014, t5=1.013, t6=1.011, t7=1.013 | p50(max_across_ranks)=1.015, p90(max_across_ranks)=1.030       4469.3      558.7         51.7       skip  eager; output=bf16_ipc_a2a; runner_preallocated; timing=mega_kernel_only
Wrote benchmark JSON to /home/hychen/min_fa3_demo/benchmark_logs/experiment_suite/20260812-231044-dcp-cp-suite/02_dcp_uniform/results/mega/dcp_4/comm_sm_12/d4_c2_kv64k_dcp4_hkv2_eager.json

================================================================================
Mega comm_sm=12, case 12/64: d4_c2_kv128k_dcp4_hkv2: B=6, Sq=[16, 16, 16, 16, 2048, 2048], Sk=[131072, 131072, 131072, 131072, 131072, 131072], DCP=4, Hkv=2
================================================================================
Config: world_size=8, methods=['dcp_mega_varlen'], QH=32, KVH=2, D=128, TP=8, DCP=4, workload=chunk, execution=eager, baseline_phase_timing=False, warmup=40, iters=60, check=False
Workload: B=6, q_tokens=4160, history_tokens=786432, q_seqlens=[16, 16, 16, 16, 2048, 2048], history_seqlens=[131072, 131072, 131072, 131072, 131072, 131072]
Agg TFLOPS uses useful attention work across all TP ranks and p50(max_across_ranks); Avg/GPU divides it by world_size.
KV GB/s/GPU is average logical BF16 K+V bytes read per TP rank divided by p50(max_across_ranks); it is not hardware-counter HBM traffic.

Running B=6, q_tokens=4160, history_tokens=786432, causal=True

B=6, q_tokens=4160, history_tokens=786432, QH=32, KVH=2, D=128, TP=8, DCP=4, mode=causal
Method                   Time ms                                                                                                                                     Agg TFLOPS    Avg/GPU  KV GB/s/GPU      Check  Note
dcp_mega_varlen          t0=2.023, t1=2.014, t2=2.024, t3=2.021, t4=2.002, t5=2.004, t6=2.002, t7=1.988 | p50(max_across_ranks)=2.026, p90(max_across_ranks)=2.045       4443.0      555.4         50.7       skip  eager; output=bf16_ipc_a2a; runner_preallocated; timing=mega_kernel_only
Wrote benchmark JSON to /home/hychen/min_fa3_demo/benchmark_logs/experiment_suite/20260812-231044-dcp-cp-suite/02_dcp_uniform/results/mega/dcp_4/comm_sm_12/d4_c2_kv128k_dcp4_hkv2_eager.json

================================================================================
Mega comm_sm=12, case 13/64: d4_c4_kv16k_dcp4_hkv2: B=8, Sq=[16, 16, 16, 16, 2048, 2048, 2048, 2048], Sk=[16384, 16384, 16384, 16384, 16384, 16384, 16384, 16384], DCP=4, Hkv=2
================================================================================
Config: world_size=8, methods=['dcp_mega_varlen'], QH=32, KVH=2, D=128, TP=8, DCP=4, workload=chunk, execution=eager, baseline_phase_timing=False, warmup=40, iters=60, check=False
Workload: B=8, q_tokens=8256, history_tokens=131072, q_seqlens=[16, 16, 16, 16, 2048, 2048, 2048, 2048], history_seqlens=[16384, 16384, 16384, 16384, 16384, 16384, 16384, 16384]
Agg TFLOPS uses useful attention work across all TP ranks and p50(max_across_ranks); Avg/GPU divides it by world_size.
KV GB/s/GPU is average logical BF16 K+V bytes read per TP rank divided by p50(max_across_ranks); it is not hardware-counter HBM traffic.

Running B=8, q_tokens=8256, history_tokens=131072, causal=True

B=8, q_tokens=8256, history_tokens=131072, QH=32, KVH=2, D=128, TP=8, DCP=4, mode=causal
Method                   Time ms                                                                                                                                     Agg TFLOPS    Avg/GPU  KV GB/s/GPU      Check  Note
dcp_mega_varlen          t0=0.702, t1=0.702, t2=0.702, t3=0.696, t4=0.698, t5=0.699, t6=0.698, t7=0.698 | p50(max_across_ranks)=0.706, p90(max_across_ranks)=0.715       3332.2      416.5         29.7       skip  eager; output=bf16_ipc_a2a; runner_preallocated; timing=mega_kernel_only
Wrote benchmark JSON to /home/hychen/min_fa3_demo/benchmark_logs/experiment_suite/20260812-231044-dcp-cp-suite/02_dcp_uniform/results/mega/dcp_4/comm_sm_12/d4_c4_kv16k_dcp4_hkv2_eager.json

================================================================================
Mega comm_sm=12, case 14/64: d4_c4_kv32k_dcp4_hkv2: B=8, Sq=[16, 16, 16, 16, 2048, 2048, 2048, 2048], Sk=[32768, 32768, 32768, 32768, 32768, 32768, 32768, 32768], DCP=4, Hkv=2
================================================================================
Config: world_size=8, methods=['dcp_mega_varlen'], QH=32, KVH=2, D=128, TP=8, DCP=4, workload=chunk, execution=eager, baseline_phase_timing=False, warmup=40, iters=60, check=False
Workload: B=8, q_tokens=8256, history_tokens=262144, q_seqlens=[16, 16, 16, 16, 2048, 2048, 2048, 2048], history_seqlens=[32768, 32768, 32768, 32768, 32768, 32768, 32768, 32768]
Agg TFLOPS uses useful attention work across all TP ranks and p50(max_across_ranks); Avg/GPU divides it by world_size.
KV GB/s/GPU is average logical BF16 K+V bytes read per TP rank divided by p50(max_across_ranks); it is not hardware-counter HBM traffic.

Running B=8, q_tokens=8256, history_tokens=262144, causal=True

B=8, q_tokens=8256, history_tokens=262144, QH=32, KVH=2, D=128, TP=8, DCP=4, mode=causal
Method                   Time ms                                                                                                                                     Agg TFLOPS    Avg/GPU  KV GB/s/GPU      Check  Note
dcp_mega_varlen          t0=1.071, t1=1.075, t2=1.071, t3=1.068, t4=1.091, t5=1.090, t6=1.092, t7=1.101 | p50(max_across_ranks)=1.102, p90(max_across_ranks)=1.105       4148.5      518.6         34.3       skip  eager; output=bf16_ipc_a2a; runner_preallocated; timing=mega_kernel_only
Wrote benchmark JSON to /home/hychen/min_fa3_demo/benchmark_logs/experiment_suite/20260812-231044-dcp-cp-suite/02_dcp_uniform/results/mega/dcp_4/comm_sm_12/d4_c4_kv32k_dcp4_hkv2_eager.json

================================================================================
Mega comm_sm=12, case 15/64: d4_c4_kv64k_dcp4_hkv2: B=8, Sq=[16, 16, 16, 16, 2048, 2048, 2048, 2048], Sk=[65536, 65536, 65536, 65536, 65536, 65536, 65536, 65536], DCP=4, Hkv=2
================================================================================
Config: world_size=8, methods=['dcp_mega_varlen'], QH=32, KVH=2, D=128, TP=8, DCP=4, workload=chunk, execution=eager, baseline_phase_timing=False, warmup=40, iters=60, check=False
Workload: B=8, q_tokens=8256, history_tokens=524288, q_seqlens=[16, 16, 16, 16, 2048, 2048, 2048, 2048], history_seqlens=[65536, 65536, 65536, 65536, 65536, 65536, 65536, 65536]
Agg TFLOPS uses useful attention work across all TP ranks and p50(max_across_ranks); Avg/GPU divides it by world_size.
KV GB/s/GPU is average logical BF16 K+V bytes read per TP rank divided by p50(max_across_ranks); it is not hardware-counter HBM traffic.

Running B=8, q_tokens=8256, history_tokens=524288, causal=True

B=8, q_tokens=8256, history_tokens=524288, QH=32, KVH=2, D=128, TP=8, DCP=4, mode=causal
Method                   Time ms                                                                                                                                     Agg TFLOPS    Avg/GPU  KV GB/s/GPU      Check  Note
dcp_mega_varlen          t0=1.947, t1=1.940, t2=1.980, t3=1.964, t4=1.906, t5=1.924, t6=1.938, t7=1.918 | p50(max_across_ranks)=1.981, p90(max_across_ranks)=2.005       4543.5      567.9         36.0       skip  eager; output=bf16_ipc_a2a; runner_preallocated; timing=mega_kernel_only
Wrote benchmark JSON to /home/hychen/min_fa3_demo/benchmark_logs/experiment_suite/20260812-231044-dcp-cp-suite/02_dcp_uniform/results/mega/dcp_4/comm_sm_12/d4_c4_kv64k_dcp4_hkv2_eager.json

================================================================================
Mega comm_sm=12, case 16/64: d4_c4_kv128k_dcp4_hkv2: B=8, Sq=[16, 16, 16, 16, 2048, 2048, 2048, 2048], Sk=[131072, 131072, 131072, 131072, 131072, 131072, 131072, 131072], DCP=4, Hkv=2
================================================================================
Config: world_size=8, methods=['dcp_mega_varlen'], QH=32, KVH=2, D=128, TP=8, DCP=4, workload=chunk, execution=eager, baseline_phase_timing=False, warmup=40, iters=60, check=False
Workload: B=8, q_tokens=8256, history_tokens=1048576, q_seqlens=[16, 16, 16, 16, 2048, 2048, 2048, 2048], history_seqlens=[131072, 131072, 131072, 131072, 131072, 131072, 131072, 131072]
Agg TFLOPS uses useful attention work across all TP ranks and p50(max_across_ranks); Avg/GPU divides it by world_size.
KV GB/s/GPU is average logical BF16 K+V bytes read per TP rank divided by p50(max_across_ranks); it is not hardware-counter HBM traffic.

Running B=8, q_tokens=8256, history_tokens=1048576, causal=True

B=8, q_tokens=8256, history_tokens=1048576, QH=32, KVH=2, D=128, TP=8, DCP=4, mode=causal
Method                   Time ms                                                                                                                                     Agg TFLOPS    Avg/GPU  KV GB/s/GPU      Check  Note
dcp_mega_varlen          t0=3.804, t1=3.799, t2=3.804, t3=3.790, t4=3.714, t5=3.716, t6=3.744, t7=3.716 | p50(max_across_ranks)=3.843, p90(max_across_ranks)=3.926       4649.0      581.1         36.0       skip  eager; output=bf16_ipc_a2a; runner_preallocated; timing=mega_kernel_only
Wrote benchmark JSON to /home/hychen/min_fa3_demo/benchmark_logs/experiment_suite/20260812-231044-dcp-cp-suite/02_dcp_uniform/results/mega/dcp_4/comm_sm_12/d4_c4_kv128k_dcp4_hkv2_eager.json

================================================================================
Mega comm_sm=12, case 17/64: d8_c0_kv16k_dcp4_hkv2: B=8, Sq=[16, 16, 16, 16, 16, 16, 16, 16], Sk=[16384, 16384, 16384, 16384, 16384, 16384, 16384, 16384], DCP=4, Hkv=2
================================================================================
Config: world_size=8, methods=['dcp_mega_varlen'], QH=32, KVH=2, D=128, TP=8, DCP=4, workload=chunk, execution=eager, baseline_phase_timing=False, warmup=40, iters=60, check=False
Workload: B=8, q_tokens=128, history_tokens=131072, q_seqlens=[16, 16, 16, 16, 16, 16, 16, 16], history_seqlens=[16384, 16384, 16384, 16384, 16384, 16384, 16384, 16384]
Agg TFLOPS uses useful attention work across all TP ranks and p50(max_across_ranks); Avg/GPU divides it by world_size.
KV GB/s/GPU is average logical BF16 K+V bytes read per TP rank divided by p50(max_across_ranks); it is not hardware-counter HBM traffic.

Running B=8, q_tokens=128, history_tokens=131072, causal=True

B=8, q_tokens=128, history_tokens=131072, QH=32, KVH=2, D=128, TP=8, DCP=4, mode=causal
Method                   Time ms                                                                                                                                     Agg TFLOPS    Avg/GPU  KV GB/s/GPU      Check  Note
dcp_mega_varlen          t0=0.055, t1=0.055, t2=0.055, t3=0.052, t4=0.054, t5=0.055, t6=0.052, t7=0.055 | p50(max_across_ranks)=0.057, p90(max_across_ranks)=0.060        607.6       76.0        297.7       skip  eager; output=bf16_ipc_a2a; runner_preallocated; timing=mega_kernel_only
Wrote benchmark JSON to /home/hychen/min_fa3_demo/benchmark_logs/experiment_suite/20260812-231044-dcp-cp-suite/02_dcp_uniform/results/mega/dcp_4/comm_sm_12/d8_c0_kv16k_dcp4_hkv2_eager.json

================================================================================
Mega comm_sm=12, case 18/64: d8_c0_kv32k_dcp4_hkv2: B=8, Sq=[16, 16, 16, 16, 16, 16, 16, 16], Sk=[32768, 32768, 32768, 32768, 32768, 32768, 32768, 32768], DCP=4, Hkv=2
================================================================================
Config: world_size=8, methods=['dcp_mega_varlen'], QH=32, KVH=2, D=128, TP=8, DCP=4, workload=chunk, execution=eager, baseline_phase_timing=False, warmup=40, iters=60, check=False
Workload: B=8, q_tokens=128, history_tokens=262144, q_seqlens=[16, 16, 16, 16, 16, 16, 16, 16], history_seqlens=[32768, 32768, 32768, 32768, 32768, 32768, 32768, 32768]
Agg TFLOPS uses useful attention work across all TP ranks and p50(max_across_ranks); Avg/GPU divides it by world_size.
KV GB/s/GPU is average logical BF16 K+V bytes read per TP rank divided by p50(max_across_ranks); it is not hardware-counter HBM traffic.

Running B=8, q_tokens=128, history_tokens=262144, causal=True

B=8, q_tokens=128, history_tokens=262144, QH=32, KVH=2, D=128, TP=8, DCP=4, mode=causal
Method                   Time ms                                                                                                                                     Agg TFLOPS    Avg/GPU  KV GB/s/GPU      Check  Note
dcp_mega_varlen          t0=0.065, t1=0.066, t2=0.065, t3=0.063, t4=0.065, t5=0.066, t6=0.064, t7=0.065 | p50(max_across_ranks)=0.067, p90(max_across_ranks)=0.068       1028.3      128.5        502.9       skip  eager; output=bf16_ipc_a2a; runner_preallocated; timing=mega_kernel_only
Wrote benchmark JSON to /home/hychen/min_fa3_demo/benchmark_logs/experiment_suite/20260812-231044-dcp-cp-suite/02_dcp_uniform/results/mega/dcp_4/comm_sm_12/d8_c0_kv32k_dcp4_hkv2_eager.json

================================================================================
Mega comm_sm=12, case 19/64: d8_c0_kv64k_dcp4_hkv2: B=8, Sq=[16, 16, 16, 16, 16, 16, 16, 16], Sk=[65536, 65536, 65536, 65536, 65536, 65536, 65536, 65536], DCP=4, Hkv=2
================================================================================
Config: world_size=8, methods=['dcp_mega_varlen'], QH=32, KVH=2, D=128, TP=8, DCP=4, workload=chunk, execution=eager, baseline_phase_timing=False, warmup=40, iters=60, check=False
Workload: B=8, q_tokens=128, history_tokens=524288, q_seqlens=[16, 16, 16, 16, 16, 16, 16, 16], history_seqlens=[65536, 65536, 65536, 65536, 65536, 65536, 65536, 65536]
Agg TFLOPS uses useful attention work across all TP ranks and p50(max_across_ranks); Avg/GPU divides it by world_size.
KV GB/s/GPU is average logical BF16 K+V bytes read per TP rank divided by p50(max_across_ranks); it is not hardware-counter HBM traffic.

Running B=8, q_tokens=128, history_tokens=524288, causal=True

B=8, q_tokens=128, history_tokens=524288, QH=32, KVH=2, D=128, TP=8, DCP=4, mode=causal
Method                   Time ms                                                                                                                                     Agg TFLOPS    Avg/GPU  KV GB/s/GPU      Check  Note
dcp_mega_varlen          t0=0.081, t1=0.081, t2=0.080, t3=0.077, t4=0.080, t5=0.081, t6=0.078, t7=0.080 | p50(max_across_ranks)=0.082, p90(max_across_ranks)=0.084       1680.9      210.1        821.4       skip  eager; output=bf16_ipc_a2a; runner_preallocated; timing=mega_kernel_only
Wrote benchmark JSON to /home/hychen/min_fa3_demo/benchmark_logs/experiment_suite/20260812-231044-dcp-cp-suite/02_dcp_uniform/results/mega/dcp_4/comm_sm_12/d8_c0_kv64k_dcp4_hkv2_eager.json

================================================================================
Mega comm_sm=12, case 20/64: d8_c0_kv128k_dcp4_hkv2: B=8, Sq=[16, 16, 16, 16, 16, 16, 16, 16], Sk=[131072, 131072, 131072, 131072, 131072, 131072, 131072, 131072], DCP=4, Hkv=2
================================================================================
Config: world_size=8, methods=['dcp_mega_varlen'], QH=32, KVH=2, D=128, TP=8, DCP=4, workload=chunk, execution=eager, baseline_phase_timing=False, warmup=40, iters=60, check=False
Workload: B=8, q_tokens=128, history_tokens=1048576, q_seqlens=[16, 16, 16, 16, 16, 16, 16, 16], history_seqlens=[131072, 131072, 131072, 131072, 131072, 131072, 131072, 131072]
Agg TFLOPS uses useful attention work across all TP ranks and p50(max_across_ranks); Avg/GPU divides it by world_size.
KV GB/s/GPU is average logical BF16 K+V bytes read per TP rank divided by p50(max_across_ranks); it is not hardware-counter HBM traffic.

Running B=8, q_tokens=128, history_tokens=1048576, causal=True

B=8, q_tokens=128, history_tokens=1048576, QH=32, KVH=2, D=128, TP=8, DCP=4, mode=causal
Method                   Time ms                                                                                                                                     Agg TFLOPS    Avg/GPU  KV GB/s/GPU      Check  Note
dcp_mega_varlen          t0=0.107, t1=0.107, t2=0.107, t3=0.103, t4=0.105, t5=0.107, t6=0.105, t7=0.106 | p50(max_across_ranks)=0.108, p90(max_across_ranks)=0.112       2545.3      318.2       1243.4       skip  eager; output=bf16_ipc_a2a; runner_preallocated; timing=mega_kernel_only
Wrote benchmark JSON to /home/hychen/min_fa3_demo/benchmark_logs/experiment_suite/20260812-231044-dcp-cp-suite/02_dcp_uniform/results/mega/dcp_4/comm_sm_12/d8_c0_kv128k_dcp4_hkv2_eager.json

================================================================================
Mega comm_sm=12, case 21/64: d8_c1_kv16k_dcp4_hkv2: B=9, Sq=[16, 16, 16, 16, 16, 16, 16, 16, 2048], Sk=[16384, 16384, 16384, 16384, 16384, 16384, 16384, 16384, 16384], DCP=4, Hkv=2
================================================================================
Config: world_size=8, methods=['dcp_mega_varlen'], QH=32, KVH=2, D=128, TP=8, DCP=4, workload=chunk, execution=eager, baseline_phase_timing=False, warmup=40, iters=60, check=False
Workload: B=9, q_tokens=2176, history_tokens=147456, q_seqlens=[16, 16, 16, 16, 16, 16, 16, 16, 2048], history_seqlens=[16384, 16384, 16384, 16384, 16384, 16384, 16384, 16384, 16384]
Agg TFLOPS uses useful attention work across all TP ranks and p50(max_across_ranks); Avg/GPU divides it by world_size.
KV GB/s/GPU is average logical BF16 K+V bytes read per TP rank divided by p50(max_across_ranks); it is not hardware-counter HBM traffic.

Running B=9, q_tokens=2176, history_tokens=147456, causal=True

B=9, q_tokens=2176, history_tokens=147456, QH=32, KVH=2, D=128, TP=8, DCP=4, mode=causal
Method                   Time ms                                                                                                                                     Agg TFLOPS    Avg/GPU  KV GB/s/GPU      Check  Note
dcp_mega_varlen          t0=0.206, t1=0.206, t2=0.205, t3=0.202, t4=0.205, t5=0.206, t6=0.203, t7=0.203 | p50(max_across_ranks)=0.207, p90(max_across_ranks)=0.213       2986.2      373.3         96.5       skip  eager; output=bf16_ipc_a2a; runner_preallocated; timing=mega_kernel_only
Wrote benchmark JSON to /home/hychen/min_fa3_demo/benchmark_logs/experiment_suite/20260812-231044-dcp-cp-suite/02_dcp_uniform/results/mega/dcp_4/comm_sm_12/d8_c1_kv16k_dcp4_hkv2_eager.json

================================================================================
Mega comm_sm=12, case 22/64: d8_c1_kv32k_dcp4_hkv2: B=9, Sq=[16, 16, 16, 16, 16, 16, 16, 16, 2048], Sk=[32768, 32768, 32768, 32768, 32768, 32768, 32768, 32768, 32768], DCP=4, Hkv=2
================================================================================
Config: world_size=8, methods=['dcp_mega_varlen'], QH=32, KVH=2, D=128, TP=8, DCP=4, workload=chunk, execution=eager, baseline_phase_timing=False, warmup=40, iters=60, check=False
Workload: B=9, q_tokens=2176, history_tokens=294912, q_seqlens=[16, 16, 16, 16, 16, 16, 16, 16, 2048], history_seqlens=[32768, 32768, 32768, 32768, 32768, 32768, 32768, 32768, 32768]
Agg TFLOPS uses useful attention work across all TP ranks and p50(max_across_ranks); Avg/GPU divides it by world_size.
KV GB/s/GPU is average logical BF16 K+V bytes read per TP rank divided by p50(max_across_ranks); it is not hardware-counter HBM traffic.

Running B=9, q_tokens=2176, history_tokens=294912, causal=True

B=9, q_tokens=2176, history_tokens=294912, QH=32, KVH=2, D=128, TP=8, DCP=4, mode=causal
Method                   Time ms                                                                                                                                     Agg TFLOPS    Avg/GPU  KV GB/s/GPU      Check  Note
dcp_mega_varlen          t0=0.337, t1=0.337, t2=0.336, t3=0.331, t4=0.334, t5=0.335, t6=0.334, t7=0.333 | p50(max_across_ranks)=0.338, p90(max_across_ranks)=0.344       3559.6      444.9        115.0       skip  eager; output=bf16_ipc_a2a; runner_preallocated; timing=mega_kernel_only
Wrote benchmark JSON to /home/hychen/min_fa3_demo/benchmark_logs/experiment_suite/20260812-231044-dcp-cp-suite/02_dcp_uniform/results/mega/dcp_4/comm_sm_12/d8_c1_kv32k_dcp4_hkv2_eager.json

================================================================================
Mega comm_sm=12, case 23/64: d8_c1_kv64k_dcp4_hkv2: B=9, Sq=[16, 16, 16, 16, 16, 16, 16, 16, 2048], Sk=[65536, 65536, 65536, 65536, 65536, 65536, 65536, 65536, 65536], DCP=4, Hkv=2
================================================================================
Config: world_size=8, methods=['dcp_mega_varlen'], QH=32, KVH=2, D=128, TP=8, DCP=4, workload=chunk, execution=eager, baseline_phase_timing=False, warmup=40, iters=60, check=False
Workload: B=9, q_tokens=2176, history_tokens=589824, q_seqlens=[16, 16, 16, 16, 16, 16, 16, 16, 2048], history_seqlens=[65536, 65536, 65536, 65536, 65536, 65536, 65536, 65536, 65536]
Agg TFLOPS uses useful attention work across all TP ranks and p50(max_across_ranks); Avg/GPU divides it by world_size.
KV GB/s/GPU is average logical BF16 K+V bytes read per TP rank divided by p50(max_across_ranks); it is not hardware-counter HBM traffic.

Running B=9, q_tokens=2176, history_tokens=589824, causal=True

B=9, q_tokens=2176, history_tokens=589824, QH=32, KVH=2, D=128, TP=8, DCP=4, mode=causal
Method                   Time ms                                                                                                                                     Agg TFLOPS    Avg/GPU  KV GB/s/GPU      Check  Note
dcp_mega_varlen          t0=0.605, t1=0.605, t2=0.605, t3=0.598, t4=0.597, t5=0.600, t6=0.598, t7=0.599 | p50(max_across_ranks)=0.606, p90(max_across_ranks)=0.608       3912.0      489.0        126.4       skip  eager; output=bf16_ipc_a2a; runner_preallocated; timing=mega_kernel_only
Wrote benchmark JSON to /home/hychen/min_fa3_demo/benchmark_logs/experiment_suite/20260812-231044-dcp-cp-suite/02_dcp_uniform/results/mega/dcp_4/comm_sm_12/d8_c1_kv64k_dcp4_hkv2_eager.json

================================================================================
Mega comm_sm=12, case 24/64: d8_c1_kv128k_dcp4_hkv2: B=9, Sq=[16, 16, 16, 16, 16, 16, 16, 16, 2048], Sk=[131072, 131072, 131072, 131072, 131072, 131072, 131072, 131072, 131072], DCP=4, Hkv=2
================================================================================
Config: world_size=8, methods=['dcp_mega_varlen'], QH=32, KVH=2, D=128, TP=8, DCP=4, workload=chunk, execution=eager, baseline_phase_timing=False, warmup=40, iters=60, check=False
Workload: B=9, q_tokens=2176, history_tokens=1179648, q_seqlens=[16, 16, 16, 16, 16, 16, 16, 16, 2048], history_seqlens=[131072, 131072, 131072, 131072, 131072, 131072, 131072, 131072, 131072]
Agg TFLOPS uses useful attention work across all TP ranks and p50(max_across_ranks); Avg/GPU divides it by world_size.
KV GB/s/GPU is average logical BF16 K+V bytes read per TP rank divided by p50(max_across_ranks); it is not hardware-counter HBM traffic.

Running B=9, q_tokens=2176, history_tokens=1179648, causal=True

B=9, q_tokens=2176, history_tokens=1179648, QH=32, KVH=2, D=128, TP=8, DCP=4, mode=causal
Method                   Time ms                                                                                                                                     Agg TFLOPS    Avg/GPU  KV GB/s/GPU      Check  Note
dcp_mega_varlen          t0=1.145, t1=1.145, t2=1.147, t3=1.143, t4=1.151, t5=1.152, t6=1.150, t7=1.139 | p50(max_across_ranks)=1.153, p90(max_across_ranks)=1.159       4081.1      510.1        131.9       skip  eager; output=bf16_ipc_a2a; runner_preallocated; timing=mega_kernel_only
Wrote benchmark JSON to /home/hychen/min_fa3_demo/benchmark_logs/experiment_suite/20260812-231044-dcp-cp-suite/02_dcp_uniform/results/mega/dcp_4/comm_sm_12/d8_c1_kv128k_dcp4_hkv2_eager.json

================================================================================
Mega comm_sm=12, case 25/64: d8_c2_kv16k_dcp4_hkv2: B=10, Sq=[16, 16, 16, 16, 16, 16, 16, 16, 2048, 2048], Sk=[16384, 16384, 16384, 16384, 16384, 16384, 16384, 16384, 16384, 16384], DCP=4, Hkv=2
================================================================================
Config: world_size=8, methods=['dcp_mega_varlen'], QH=32, KVH=2, D=128, TP=8, DCP=4, workload=chunk, execution=eager, baseline_phase_timing=False, warmup=40, iters=60, check=False
Workload: B=10, q_tokens=4224, history_tokens=163840, q_seqlens=[16, 16, 16, 16, 16, 16, 16, 16, 2048, 2048], history_seqlens=[16384, 16384, 16384, 16384, 16384, 16384, 16384, 16384, 16384, 16384]
Agg TFLOPS uses useful attention work across all TP ranks and p50(max_across_ranks); Avg/GPU divides it by world_size.
KV GB/s/GPU is average logical BF16 K+V bytes read per TP rank divided by p50(max_across_ranks); it is not hardware-counter HBM traffic.

Running B=10, q_tokens=4224, history_tokens=163840, causal=True

B=10, q_tokens=4224, history_tokens=163840, QH=32, KVH=2, D=128, TP=8, DCP=4, mode=causal
Method                   Time ms                                                                                                                                     Agg TFLOPS    Avg/GPU  KV GB/s/GPU      Check  Note
dcp_mega_varlen          t0=0.374, t1=0.375, t2=0.374, t3=0.372, t4=0.376, t5=0.376, t6=0.373, t7=0.375 | p50(max_across_ranks)=0.383, p90(max_across_ranks)=0.387       3143.9      393.0         60.5       skip  eager; output=bf16_ipc_a2a; runner_preallocated; timing=mega_kernel_only
Wrote benchmark JSON to /home/hychen/min_fa3_demo/benchmark_logs/experiment_suite/20260812-231044-dcp-cp-suite/02_dcp_uniform/results/mega/dcp_4/comm_sm_12/d8_c2_kv16k_dcp4_hkv2_eager.json

================================================================================
Mega comm_sm=12, case 26/64: d8_c2_kv32k_dcp4_hkv2: B=10, Sq=[16, 16, 16, 16, 16, 16, 16, 16, 2048, 2048], Sk=[32768, 32768, 32768, 32768, 32768, 32768, 32768, 32768, 32768, 32768], DCP=4, Hkv=2
================================================================================
Config: world_size=8, methods=['dcp_mega_varlen'], QH=32, KVH=2, D=128, TP=8, DCP=4, workload=chunk, execution=eager, baseline_phase_timing=False, warmup=40, iters=60, check=False
Workload: B=10, q_tokens=4224, history_tokens=327680, q_seqlens=[16, 16, 16, 16, 16, 16, 16, 16, 2048, 2048], history_seqlens=[32768, 32768, 32768, 32768, 32768, 32768, 32768, 32768, 32768, 32768]
Agg TFLOPS uses useful attention work across all TP ranks and p50(max_across_ranks); Avg/GPU divides it by world_size.
KV GB/s/GPU is average logical BF16 K+V bytes read per TP rank divided by p50(max_across_ranks); it is not hardware-counter HBM traffic.

Running B=10, q_tokens=4224, history_tokens=327680, causal=True

B=10, q_tokens=4224, history_tokens=327680, QH=32, KVH=2, D=128, TP=8, DCP=4, mode=causal
Method                   Time ms                                                                                                                                     Agg TFLOPS    Avg/GPU  KV GB/s/GPU      Check  Note
dcp_mega_varlen          t0=0.553, t1=0.554, t2=0.551, t3=0.551, t4=0.548, t5=0.550, t6=0.550, t7=0.549 | p50(max_across_ranks)=0.558, p90(max_across_ranks)=0.562       4190.1      523.8         79.1       skip  eager; output=bf16_ipc_a2a; runner_preallocated; timing=mega_kernel_only
Wrote benchmark JSON to /home/hychen/min_fa3_demo/benchmark_logs/experiment_suite/20260812-231044-dcp-cp-suite/02_dcp_uniform/results/mega/dcp_4/comm_sm_12/d8_c2_kv32k_dcp4_hkv2_eager.json

================================================================================
Mega comm_sm=12, case 27/64: d8_c2_kv64k_dcp4_hkv2: B=10, Sq=[16, 16, 16, 16, 16, 16, 16, 16, 2048, 2048], Sk=[65536, 65536, 65536, 65536, 65536, 65536, 65536, 65536, 65536, 65536], DCP=4, Hkv=2
================================================================================
Config: world_size=8, methods=['dcp_mega_varlen'], QH=32, KVH=2, D=128, TP=8, DCP=4, workload=chunk, execution=eager, baseline_phase_timing=False, warmup=40, iters=60, check=False
Workload: B=10, q_tokens=4224, history_tokens=655360, q_seqlens=[16, 16, 16, 16, 16, 16, 16, 16, 2048, 2048], history_seqlens=[65536, 65536, 65536, 65536, 65536, 65536, 65536, 65536, 65536, 65536]
Agg TFLOPS uses useful attention work across all TP ranks and p50(max_across_ranks); Avg/GPU divides it by world_size.
KV GB/s/GPU is average logical BF16 K+V bytes read per TP rank divided by p50(max_across_ranks); it is not hardware-counter HBM traffic.

Running B=10, q_tokens=4224, history_tokens=655360, causal=True

B=10, q_tokens=4224, history_tokens=655360, QH=32, KVH=2, D=128, TP=8, DCP=4, mode=causal
Method                   Time ms                                                                                                                                     Agg TFLOPS    Avg/GPU  KV GB/s/GPU      Check  Note
dcp_mega_varlen          t0=1.038, t1=1.031, t2=1.029, t3=1.028, t4=1.040, t5=1.041, t6=1.038, t7=1.041 | p50(max_across_ranks)=1.044, p90(max_across_ranks)=1.052       4412.0      551.5         82.5       skip  eager; output=bf16_ipc_a2a; runner_preallocated; timing=mega_kernel_only
Wrote benchmark JSON to /home/hychen/min_fa3_demo/benchmark_logs/experiment_suite/20260812-231044-dcp-cp-suite/02_dcp_uniform/results/mega/dcp_4/comm_sm_12/d8_c2_kv64k_dcp4_hkv2_eager.json

================================================================================
Mega comm_sm=12, case 28/64: d8_c2_kv128k_dcp4_hkv2: B=10, Sq=[16, 16, 16, 16, 16, 16, 16, 16, 2048, 2048], Sk=[131072, 131072, 131072, 131072, 131072, 131072, 131072, 131072, 131072, 131072], DCP=4, Hkv=2
================================================================================
Config: world_size=8, methods=['dcp_mega_varlen'], QH=32, KVH=2, D=128, TP=8, DCP=4, workload=chunk, execution=eager, baseline_phase_timing=False, warmup=40, iters=60, check=False
Workload: B=10, q_tokens=4224, history_tokens=1310720, q_seqlens=[16, 16, 16, 16, 16, 16, 16, 16, 2048, 2048], history_seqlens=[131072, 131072, 131072, 131072, 131072, 131072, 131072, 131072, 131072, 131072]
Agg TFLOPS uses useful attention work across all TP ranks and p50(max_across_ranks); Avg/GPU divides it by world_size.
KV GB/s/GPU is average logical BF16 K+V bytes read per TP rank divided by p50(max_across_ranks); it is not hardware-counter HBM traffic.

Running B=10, q_tokens=4224, history_tokens=1310720, causal=True

B=10, q_tokens=4224, history_tokens=1310720, QH=32, KVH=2, D=128, TP=8, DCP=4, mode=causal
Method                   Time ms                                                                                                                                     Agg TFLOPS    Avg/GPU  KV GB/s/GPU      Check  Note
dcp_mega_varlen          t0=2.024, t1=2.014, t2=2.021, t3=2.021, t4=1.990, t5=1.993, t6=1.981, t7=1.989 | p50(max_across_ranks)=2.033, p90(max_across_ranks)=2.064       4495.1      561.9         83.6       skip  eager; output=bf16_ipc_a2a; runner_preallocated; timing=mega_kernel_only
Wrote benchmark JSON to /home/hychen/min_fa3_demo/benchmark_logs/experiment_suite/20260812-231044-dcp-cp-suite/02_dcp_uniform/results/mega/dcp_4/comm_sm_12/d8_c2_kv128k_dcp4_hkv2_eager.json

================================================================================
Mega comm_sm=12, case 29/64: d8_c4_kv16k_dcp4_hkv2: B=12, Sq=[16, 16, 16, 16, 16, 16, 16, 16, 2048, 2048, 2048, 2048], Sk=[16384, 16384, 16384, 16384, 16384, 16384, 16384, 16384, 16384, 16384, 16384, 16384], DCP=4, Hkv=2
================================================================================
Config: world_size=8, methods=['dcp_mega_varlen'], QH=32, KVH=2, D=128, TP=8, DCP=4, workload=chunk, execution=eager, baseline_phase_timing=False, warmup=40, iters=60, check=False
Workload: B=12, q_tokens=8320, history_tokens=196608, q_seqlens=[16, 16, 16, 16, 16, 16, 16, 16, 2048, 2048, 2048, 2048], history_seqlens=[16384, 16384, 16384, 16384, 16384, 16384, 16384, 16384, 16384, 16384, 16384, 16384]
Agg TFLOPS uses useful attention work across all TP ranks and p50(max_across_ranks); Avg/GPU divides it by world_size.
KV GB/s/GPU is average logical BF16 K+V bytes read per TP rank divided by p50(max_across_ranks); it is not hardware-counter HBM traffic.

Running B=12, q_tokens=8320, history_tokens=196608, causal=True

B=12, q_tokens=8320, history_tokens=196608, QH=32, KVH=2, D=128, TP=8, DCP=4, mode=causal
Method                   Time ms                                                                                                                                     Agg TFLOPS    Avg/GPU  KV GB/s/GPU      Check  Note
dcp_mega_varlen          t0=0.708, t1=0.707, t2=0.706, t3=0.705, t4=0.702, t5=0.704, t6=0.702, t7=0.704 | p50(max_across_ranks)=0.713, p90(max_across_ranks)=0.719       3327.4      415.9         41.3       skip  eager; output=bf16_ipc_a2a; runner_preallocated; timing=mega_kernel_only
Wrote benchmark JSON to /home/hychen/min_fa3_demo/benchmark_logs/experiment_suite/20260812-231044-dcp-cp-suite/02_dcp_uniform/results/mega/dcp_4/comm_sm_12/d8_c4_kv16k_dcp4_hkv2_eager.json

================================================================================
Mega comm_sm=12, case 30/64: d8_c4_kv32k_dcp4_hkv2: B=12, Sq=[16, 16, 16, 16, 16, 16, 16, 16, 2048, 2048, 2048, 2048], Sk=[32768, 32768, 32768, 32768, 32768, 32768, 32768, 32768, 32768, 32768, 32768, 32768], DCP=4, Hkv=2
================================================================================
Config: world_size=8, methods=['dcp_mega_varlen'], QH=32, KVH=2, D=128, TP=8, DCP=4, workload=chunk, execution=eager, baseline_phase_timing=False, warmup=40, iters=60, check=False
Workload: B=12, q_tokens=8320, history_tokens=393216, q_seqlens=[16, 16, 16, 16, 16, 16, 16, 16, 2048, 2048, 2048, 2048], history_seqlens=[32768, 32768, 32768, 32768, 32768, 32768, 32768, 32768, 32768, 32768, 32768, 32768]
Agg TFLOPS uses useful attention work across all TP ranks and p50(max_across_ranks); Avg/GPU divides it by world_size.
KV GB/s/GPU is average logical BF16 K+V bytes read per TP rank divided by p50(max_across_ranks); it is not hardware-counter HBM traffic.

Running B=12, q_tokens=8320, history_tokens=393216, causal=True

B=12, q_tokens=8320, history_tokens=393216, QH=32, KVH=2, D=128, TP=8, DCP=4, mode=causal
Method                   Time ms                                                                                                                                     Agg TFLOPS    Avg/GPU  KV GB/s/GPU      Check  Note
dcp_mega_varlen          t0=1.103, t1=1.105, t2=1.108, t3=1.099, t4=1.072, t5=1.071, t6=1.070, t7=1.071 | p50(max_across_ranks)=1.109, p90(max_across_ranks)=1.114       4152.2      519.0         49.2       skip  eager; output=bf16_ipc_a2a; runner_preallocated; timing=mega_kernel_only
Wrote benchmark JSON to /home/hychen/min_fa3_demo/benchmark_logs/experiment_suite/20260812-231044-dcp-cp-suite/02_dcp_uniform/results/mega/dcp_4/comm_sm_12/d8_c4_kv32k_dcp4_hkv2_eager.json

================================================================================
Mega comm_sm=12, case 31/64: d8_c4_kv64k_dcp4_hkv2: B=12, Sq=[16, 16, 16, 16, 16, 16, 16, 16, 2048, 2048, 2048, 2048], Sk=[65536, 65536, 65536, 65536, 65536, 65536, 65536, 65536, 65536, 65536, 65536, 65536], DCP=4, Hkv=2
================================================================================
Config: world_size=8, methods=['dcp_mega_varlen'], QH=32, KVH=2, D=128, TP=8, DCP=4, workload=chunk, execution=eager, baseline_phase_timing=False, warmup=40, iters=60, check=False
Workload: B=12, q_tokens=8320, history_tokens=786432, q_seqlens=[16, 16, 16, 16, 16, 16, 16, 16, 2048, 2048, 2048, 2048], history_seqlens=[65536, 65536, 65536, 65536, 65536, 65536, 65536, 65536, 65536, 65536, 65536, 65536]
Agg TFLOPS uses useful attention work across all TP ranks and p50(max_across_ranks); Avg/GPU divides it by world_size.
KV GB/s/GPU is average logical BF16 K+V bytes read per TP rank divided by p50(max_across_ranks); it is not hardware-counter HBM traffic.

Running B=12, q_tokens=8320, history_tokens=786432, causal=True

B=12, q_tokens=8320, history_tokens=786432, QH=32, KVH=2, D=128, TP=8, DCP=4, mode=causal
Method                   Time ms                                                                                                                                     Agg TFLOPS    Avg/GPU  KV GB/s/GPU      Check  Note
dcp_mega_varlen          t0=1.958, t1=1.968, t2=1.979, t3=1.973, t4=1.981, t5=1.989, t6=1.991, t7=1.983 | p50(max_across_ranks)=2.000, p90(max_across_ranks)=2.082       4535.3      566.9         52.5       skip  eager; output=bf16_ipc_a2a; runner_preallocated; timing=mega_kernel_only
Wrote benchmark JSON to /home/hychen/min_fa3_demo/benchmark_logs/experiment_suite/20260812-231044-dcp-cp-suite/02_dcp_uniform/results/mega/dcp_4/comm_sm_12/d8_c4_kv64k_dcp4_hkv2_eager.json

================================================================================
Mega comm_sm=12, case 32/64: d8_c4_kv128k_dcp4_hkv2: B=12, Sq=[16, 16, 16, 16, 16, 16, 16, 16, 2048, 2048, 2048, 2048], Sk=[131072, 131072, 131072, 131072, 131072, 131072, 131072, 131072, 131072, 131072, 131072, 131072], DCP=4, Hkv=2
================================================================================
Config: world_size=8, methods=['dcp_mega_varlen'], QH=32, KVH=2, D=128, TP=8, DCP=4, workload=chunk, execution=eager, baseline_phase_timing=False, warmup=40, iters=60, check=False
Workload: B=12, q_tokens=8320, history_tokens=1572864, q_seqlens=[16, 16, 16, 16, 16, 16, 16, 16, 2048, 2048, 2048, 2048], history_seqlens=[131072, 131072, 131072, 131072, 131072, 131072, 131072, 131072, 131072, 131072, 131072, 131072]
Agg TFLOPS uses useful attention work across all TP ranks and p50(max_across_ranks); Avg/GPU divides it by world_size.
KV GB/s/GPU is average logical BF16 K+V bytes read per TP rank divided by p50(max_across_ranks); it is not hardware-counter HBM traffic.

Running B=12, q_tokens=8320, history_tokens=1572864, causal=True

B=12, q_tokens=8320, history_tokens=1572864, QH=32, KVH=2, D=128, TP=8, DCP=4, mode=causal
Method                   Time ms                                                                                                                                     Agg TFLOPS    Avg/GPU  KV GB/s/GPU      Check  Note
dcp_mega_varlen          t0=3.805, t1=3.815, t2=3.808, t3=3.846, t4=3.690, t5=3.699, t6=3.690, t7=3.691 | p50(max_across_ranks)=3.847, p90(max_across_ranks)=3.959       4679.6      585.0         53.4       skip  eager; output=bf16_ipc_a2a; runner_preallocated; timing=mega_kernel_only
Wrote benchmark JSON to /home/hychen/min_fa3_demo/benchmark_logs/experiment_suite/20260812-231044-dcp-cp-suite/02_dcp_uniform/results/mega/dcp_4/comm_sm_12/d8_c4_kv128k_dcp4_hkv2_eager.json

================================================================================
Mega comm_sm=12, case 33/64: d16_c0_kv16k_dcp4_hkv2: B=16, Sq=[16, 16, 16, 16, 16, 16, 16, 16, 16, 16, 16, 16, 16, 16, 16, 16], Sk=[16384, 16384, 16384, 16384, 16384, 16384, 16384, 16384, 16384, 16384, 16384, 16384, 16384, 16384, 16384, 16384], DCP=4, Hkv=2
================================================================================
Config: world_size=8, methods=['dcp_mega_varlen'], QH=32, KVH=2, D=128, TP=8, DCP=4, workload=chunk, execution=eager, baseline_phase_timing=False, warmup=40, iters=60, check=False
Workload: B=16, q_tokens=256, history_tokens=262144, q_seqlens=[16, 16, 16, 16, 16, 16, 16, 16, 16, 16, 16, 16, 16, 16, 16, 16], history_seqlens=[16384, 16384, 16384, 16384, 16384, 16384, 16384, 16384, 16384, 16384, 16384, 16384, 16384, 16384, 16384, 16384]
Agg TFLOPS uses useful attention work across all TP ranks and p50(max_across_ranks); Avg/GPU divides it by world_size.
KV GB/s/GPU is average logical BF16 K+V bytes read per TP rank divided by p50(max_across_ranks); it is not hardware-counter HBM traffic.

Running B=16, q_tokens=256, history_tokens=262144, causal=True

B=16, q_tokens=256, history_tokens=262144, QH=32, KVH=2, D=128, TP=8, DCP=4, mode=causal
Method                   Time ms                                                                                                                                     Agg TFLOPS    Avg/GPU  KV GB/s/GPU      Check  Note
dcp_mega_varlen          t0=0.069, t1=0.070, t2=0.069, t3=0.066, t4=0.069, t5=0.069, t6=0.067, t7=0.068 | p50(max_across_ranks)=0.071, p90(max_across_ranks)=0.072        974.9      121.9        477.6       skip  eager; output=bf16_ipc_a2a; runner_preallocated; timing=mega_kernel_only
Wrote benchmark JSON to /home/hychen/min_fa3_demo/benchmark_logs/experiment_suite/20260812-231044-dcp-cp-suite/02_dcp_uniform/results/mega/dcp_4/comm_sm_12/d16_c0_kv16k_dcp4_hkv2_eager.json

================================================================================
Mega comm_sm=12, case 34/64: d16_c0_kv32k_dcp4_hkv2: B=16, Sq=[16, 16, 16, 16, 16, 16, 16, 16, 16, 16, 16, 16, 16, 16, 16, 16], Sk=[32768, 32768, 32768, 32768, 32768, 32768, 32768, 32768, 32768, 32768, 32768, 32768, 32768, 32768, 32768, 32768], DCP=4, Hkv=2
================================================================================
Config: world_size=8, methods=['dcp_mega_varlen'], QH=32, KVH=2, D=128, TP=8, DCP=4, workload=chunk, execution=eager, baseline_phase_timing=False, warmup=40, iters=60, check=False
Workload: B=16, q_tokens=256, history_tokens=524288, q_seqlens=[16, 16, 16, 16, 16, 16, 16, 16, 16, 16, 16, 16, 16, 16, 16, 16], history_seqlens=[32768, 32768, 32768, 32768, 32768, 32768, 32768, 32768, 32768, 32768, 32768, 32768, 32768, 32768, 32768, 32768]
Agg TFLOPS uses useful attention work across all TP ranks and p50(max_across_ranks); Avg/GPU divides it by world_size.
KV GB/s/GPU is average logical BF16 K+V bytes read per TP rank divided by p50(max_across_ranks); it is not hardware-counter HBM traffic.

Running B=16, q_tokens=256, history_tokens=524288, causal=True

B=16, q_tokens=256, history_tokens=524288, QH=32, KVH=2, D=128, TP=8, DCP=4, mode=causal
Method                   Time ms                                                                                                                                     Agg TFLOPS    Avg/GPU  KV GB/s/GPU      Check  Note
dcp_mega_varlen          t0=0.086, t1=0.087, t2=0.086, t3=0.083, t4=0.085, t5=0.087, t6=0.084, t7=0.086 | p50(max_across_ranks)=0.087, p90(max_across_ranks)=0.090       1573.4      196.7        769.5       skip  eager; output=bf16_ipc_a2a; runner_preallocated; timing=mega_kernel_only
Wrote benchmark JSON to /home/hychen/min_fa3_demo/benchmark_logs/experiment_suite/20260812-231044-dcp-cp-suite/02_dcp_uniform/results/mega/dcp_4/comm_sm_12/d16_c0_kv32k_dcp4_hkv2_eager.json

================================================================================
Mega comm_sm=12, case 35/64: d16_c0_kv64k_dcp4_hkv2: B=16, Sq=[16, 16, 16, 16, 16, 16, 16, 16, 16, 16, 16, 16, 16, 16, 16, 16], Sk=[65536, 65536, 65536, 65536, 65536, 65536, 65536, 65536, 65536, 65536, 65536, 65536, 65536, 65536, 65536, 65536], DCP=4, Hkv=2
================================================================================
Config: world_size=8, methods=['dcp_mega_varlen'], QH=32, KVH=2, D=128, TP=8, DCP=4, workload=chunk, execution=eager, baseline_phase_timing=False, warmup=40, iters=60, check=False
Workload: B=16, q_tokens=256, history_tokens=1048576, q_seqlens=[16, 16, 16, 16, 16, 16, 16, 16, 16, 16, 16, 16, 16, 16, 16, 16], history_seqlens=[65536, 65536, 65536, 65536, 65536, 65536, 65536, 65536, 65536, 65536, 65536, 65536, 65536, 65536, 65536, 65536]
Agg TFLOPS uses useful attention work across all TP ranks and p50(max_across_ranks); Avg/GPU divides it by world_size.
KV GB/s/GPU is average logical BF16 K+V bytes read per TP rank divided by p50(max_across_ranks); it is not hardware-counter HBM traffic.

Running B=16, q_tokens=256, history_tokens=1048576, causal=True

B=16, q_tokens=256, history_tokens=1048576, QH=32, KVH=2, D=128, TP=8, DCP=4, mode=causal
Method                   Time ms                                                                                                                                     Agg TFLOPS    Avg/GPU  KV GB/s/GPU      Check  Note
dcp_mega_varlen          t0=0.116, t1=0.116, t2=0.116, t3=0.113, t4=0.116, t5=0.117, t6=0.113, t7=0.116 | p50(max_across_ranks)=0.118, p90(max_across_ranks)=0.125       2330.7      291.3       1139.0       skip  eager; output=bf16_ipc_a2a; runner_preallocated; timing=mega_kernel_only
Wrote benchmark JSON to /home/hychen/min_fa3_demo/benchmark_logs/experiment_suite/20260812-231044-dcp-cp-suite/02_dcp_uniform/results/mega/dcp_4/comm_sm_12/d16_c0_kv64k_dcp4_hkv2_eager.json

================================================================================
Mega comm_sm=12, case 36/64: d16_c0_kv128k_dcp4_hkv2: B=16, Sq=[16, 16, 16, 16, 16, 16, 16, 16, 16, 16, 16, 16, 16, 16, 16, 16], Sk=[131072, 131072, 131072, 131072, 131072, 131072, 131072, 131072, 131072, 131072, 131072, 131072, 131072, 131072, 131072, 131072], DCP=4, Hkv=2
================================================================================
Config: world_size=8, methods=['dcp_mega_varlen'], QH=32, KVH=2, D=128, TP=8, DCP=4, workload=chunk, execution=eager, baseline_phase_timing=False, warmup=40, iters=60, check=False
Workload: B=16, q_tokens=256, history_tokens=2097152, q_seqlens=[16, 16, 16, 16, 16, 16, 16, 16, 16, 16, 16, 16, 16, 16, 16, 16], history_seqlens=[131072, 131072, 131072, 131072, 131072, 131072, 131072, 131072, 131072, 131072, 131072, 131072, 131072, 131072, 131072, 131072]
Agg TFLOPS uses useful attention work across all TP ranks and p50(max_across_ranks); Avg/GPU divides it by world_size.
KV GB/s/GPU is average logical BF16 K+V bytes read per TP rank divided by p50(max_across_ranks); it is not hardware-counter HBM traffic.

Running B=16, q_tokens=256, history_tokens=2097152, causal=True

B=16, q_tokens=256, history_tokens=2097152, QH=32, KVH=2, D=128, TP=8, DCP=4, mode=causal
Method                   Time ms                                                                                                                                     Agg TFLOPS    Avg/GPU  KV GB/s/GPU      Check  Note
dcp_mega_varlen          t0=0.180, t1=0.181, t2=0.180, t3=0.176, t4=0.178, t5=0.179, t6=0.178, t7=0.178 | p50(max_across_ranks)=0.181, p90(max_across_ranks)=0.182       3034.4      379.3       1482.3       skip  eager; output=bf16_ipc_a2a; runner_preallocated; timing=mega_kernel_only
Wrote benchmark JSON to /home/hychen/min_fa3_demo/benchmark_logs/experiment_suite/20260812-231044-dcp-cp-suite/02_dcp_uniform/results/mega/dcp_4/comm_sm_12/d16_c0_kv128k_dcp4_hkv2_eager.json

================================================================================
Mega comm_sm=12, case 37/64: d16_c1_kv16k_dcp4_hkv2: B=17, Sq=[16, 16, 16, 16, 16, 16, 16, 16, 16, 16, 16, 16, 16, 16, 16, 16, 2048], Sk=[16384, 16384, 16384, 16384, 16384, 16384, 16384, 16384, 16384, 16384, 16384, 16384, 16384, 16384, 16384, 16384, 16384], DCP=4, Hkv=2
================================================================================
Config: world_size=8, methods=['dcp_mega_varlen'], QH=32, KVH=2, D=128, TP=8, DCP=4, workload=chunk, execution=eager, baseline_phase_timing=False, warmup=40, iters=60, check=False
Workload: B=17, q_tokens=2304, history_tokens=278528, q_seqlens=[16, 16, 16, 16, 16, 16, 16, 16, 16, 16, 16, 16, 16, 16, 16, 16, 2048], history_seqlens=[16384, 16384, 16384, 16384, 16384, 16384, 16384, 16384, 16384, 16384, 16384, 16384, 16384, 16384, 16384, 16384, 16384]
Agg TFLOPS uses useful attention work across all TP ranks and p50(max_across_ranks); Avg/GPU divides it by world_size.
KV GB/s/GPU is average logical BF16 K+V bytes read per TP rank divided by p50(max_across_ranks); it is not hardware-counter HBM traffic.

Running B=17, q_tokens=2304, history_tokens=278528, causal=True

B=17, q_tokens=2304, history_tokens=278528, QH=32, KVH=2, D=128, TP=8, DCP=4, mode=causal
Method                   Time ms                                                                                                                                     Agg TFLOPS    Avg/GPU  KV GB/s/GPU      Check  Note
dcp_mega_varlen          t0=0.217, t1=0.218, t2=0.217, t3=0.214, t4=0.217, t5=0.219, t6=0.216, t7=0.216 | p50(max_across_ranks)=0.219, p90(max_across_ranks)=0.221       2976.1      372.0        167.9       skip  eager; output=bf16_ipc_a2a; runner_preallocated; timing=mega_kernel_only
Wrote benchmark JSON to /home/hychen/min_fa3_demo/benchmark_logs/experiment_suite/20260812-231044-dcp-cp-suite/02_dcp_uniform/results/mega/dcp_4/comm_sm_12/d16_c1_kv16k_dcp4_hkv2_eager.json

================================================================================
Mega comm_sm=12, case 38/64: d16_c1_kv32k_dcp4_hkv2: B=17, Sq=[16, 16, 16, 16, 16, 16, 16, 16, 16, 16, 16, 16, 16, 16, 16, 16, 2048], Sk=[32768, 32768, 32768, 32768, 32768, 32768, 32768, 32768, 32768, 32768, 32768, 32768, 32768, 32768, 32768, 32768, 32768], DCP=4, Hkv=2
================================================================================
Config: world_size=8, methods=['dcp_mega_varlen'], QH=32, KVH=2, D=128, TP=8, DCP=4, workload=chunk, execution=eager, baseline_phase_timing=False, warmup=40, iters=60, check=False
Workload: B=17, q_tokens=2304, history_tokens=557056, q_seqlens=[16, 16, 16, 16, 16, 16, 16, 16, 16, 16, 16, 16, 16, 16, 16, 16, 2048], history_seqlens=[32768, 32768, 32768, 32768, 32768, 32768, 32768, 32768, 32768, 32768, 32768, 32768, 32768, 32768, 32768, 32768, 32768]
Agg TFLOPS uses useful attention work across all TP ranks and p50(max_across_ranks); Avg/GPU divides it by world_size.
KV GB/s/GPU is average logical BF16 K+V bytes read per TP rank divided by p50(max_across_ranks); it is not hardware-counter HBM traffic.

Running B=17, q_tokens=2304, history_tokens=557056, causal=True

B=17, q_tokens=2304, history_tokens=557056, QH=32, KVH=2, D=128, TP=8, DCP=4, mode=causal
Method                   Time ms                                                                                                                                     Agg TFLOPS    Avg/GPU  KV GB/s/GPU      Check  Note
dcp_mega_varlen          t0=0.350, t1=0.350, t2=0.349, t3=0.345, t4=0.347, t5=0.348, t6=0.347, t7=0.346 | p50(max_across_ranks)=0.350, p90(max_across_ranks)=0.353       3628.0      453.5        206.8       skip  eager; output=bf16_ipc_a2a; runner_preallocated; timing=mega_kernel_only
Wrote benchmark JSON to /home/hychen/min_fa3_demo/benchmark_logs/experiment_suite/20260812-231044-dcp-cp-suite/02_dcp_uniform/results/mega/dcp_4/comm_sm_12/d16_c1_kv32k_dcp4_hkv2_eager.json

================================================================================
Mega comm_sm=12, case 39/64: d16_c1_kv64k_dcp4_hkv2: B=17, Sq=[16, 16, 16, 16, 16, 16, 16, 16, 16, 16, 16, 16, 16, 16, 16, 16, 2048], Sk=[65536, 65536, 65536, 65536, 65536, 65536, 65536, 65536, 65536, 65536, 65536, 65536, 65536, 65536, 65536, 65536, 65536], DCP=4, Hkv=2
================================================================================
Config: world_size=8, methods=['dcp_mega_varlen'], QH=32, KVH=2, D=128, TP=8, DCP=4, workload=chunk, execution=eager, baseline_phase_timing=False, warmup=40, iters=60, check=False
Workload: B=17, q_tokens=2304, history_tokens=1114112, q_seqlens=[16, 16, 16, 16, 16, 16, 16, 16, 16, 16, 16, 16, 16, 16, 16, 16, 2048], history_seqlens=[65536, 65536, 65536, 65536, 65536, 65536, 65536, 65536, 65536, 65536, 65536, 65536, 65536, 65536, 65536, 65536, 65536]
Agg TFLOPS uses useful attention work across all TP ranks and p50(max_across_ranks); Avg/GPU divides it by world_size.
KV GB/s/GPU is average logical BF16 K+V bytes read per TP rank divided by p50(max_across_ranks); it is not hardware-counter HBM traffic.

Running B=17, q_tokens=2304, history_tokens=1114112, causal=True

B=17, q_tokens=2304, history_tokens=1114112, QH=32, KVH=2, D=128, TP=8, DCP=4, mode=causal
Method                   Time ms                                                                                                                                     Agg TFLOPS    Avg/GPU  KV GB/s/GPU      Check  Note
dcp_mega_varlen          t0=0.607, t1=0.608, t2=0.607, t3=0.605, t4=0.611, t5=0.612, t6=0.610, t7=0.609 | p50(max_across_ranks)=0.613, p90(max_across_ranks)=0.614       4094.9      511.9        234.7       skip  eager; output=bf16_ipc_a2a; runner_preallocated; timing=mega_kernel_only
Wrote benchmark JSON to /home/hychen/min_fa3_demo/benchmark_logs/experiment_suite/20260812-231044-dcp-cp-suite/02_dcp_uniform/results/mega/dcp_4/comm_sm_12/d16_c1_kv64k_dcp4_hkv2_eager.json

================================================================================
Mega comm_sm=12, case 40/64: d16_c1_kv128k_dcp4_hkv2: B=17, Sq=[16, 16, 16, 16, 16, 16, 16, 16, 16, 16, 16, 16, 16, 16, 16, 16, 2048], Sk=[131072, 131072, 131072, 131072, 131072, 131072, 131072, 131072, 131072, 131072, 131072, 131072, 131072, 131072, 131072, 131072, 131072], DCP=4, Hkv=2
================================================================================
Config: world_size=8, methods=['dcp_mega_varlen'], QH=32, KVH=2, D=128, TP=8, DCP=4, workload=chunk, execution=eager, baseline_phase_timing=False, warmup=40, iters=60, check=False
Workload: B=17, q_tokens=2304, history_tokens=2228224, q_seqlens=[16, 16, 16, 16, 16, 16, 16, 16, 16, 16, 16, 16, 16, 16, 16, 16, 2048], history_seqlens=[131072, 131072, 131072, 131072, 131072, 131072, 131072, 131072, 131072, 131072, 131072, 131072, 131072, 131072, 131072, 131072, 131072]
Agg TFLOPS uses useful attention work across all TP ranks and p50(max_across_ranks); Avg/GPU divides it by world_size.
KV GB/s/GPU is average logical BF16 K+V bytes read per TP rank divided by p50(max_across_ranks); it is not hardware-counter HBM traffic.

Running B=17, q_tokens=2304, history_tokens=2228224, causal=True

B=17, q_tokens=2304, history_tokens=2228224, QH=32, KVH=2, D=128, TP=8, DCP=4, mode=causal
Method                   Time ms                                                                                                                                     Agg TFLOPS    Avg/GPU  KV GB/s/GPU      Check  Note
dcp_mega_varlen          t0=1.184, t1=1.183, t2=1.184, t3=1.175, t4=1.164, t5=1.170, t6=1.167, t7=1.167 | p50(max_across_ranks)=1.186, p90(max_across_ranks)=1.193       4202.3      525.3        241.6       skip  eager; output=bf16_ipc_a2a; runner_preallocated; timing=mega_kernel_only
Wrote benchmark JSON to /home/hychen/min_fa3_demo/benchmark_logs/experiment_suite/20260812-231044-dcp-cp-suite/02_dcp_uniform/results/mega/dcp_4/comm_sm_12/d16_c1_kv128k_dcp4_hkv2_eager.json

================================================================================
Mega comm_sm=12, case 41/64: d16_c2_kv16k_dcp4_hkv2: B=18, Sq=[16, 16, 16, 16, 16, 16, 16, 16, 16, 16, 16, 16, 16, 16, 16, 16, 2048, 2048], Sk=[16384, 16384, 16384, 16384, 16384, 16384, 16384, 16384, 16384, 16384, 16384, 16384, 16384, 16384, 16384, 16384, 16384, 16384], DCP=4, Hkv=2
================================================================================
Config: world_size=8, methods=['dcp_mega_varlen'], QH=32, KVH=2, D=128, TP=8, DCP=4, workload=chunk, execution=eager, baseline_phase_timing=False, warmup=40, iters=60, check=False
Workload: B=18, q_tokens=4352, history_tokens=294912, q_seqlens=[16, 16, 16, 16, 16, 16, 16, 16, 16, 16, 16, 16, 16, 16, 16, 16, 2048, 2048], history_seqlens=[16384, 16384, 16384, 16384, 16384, 16384, 16384, 16384, 16384, 16384, 16384, 16384, 16384, 16384, 16384, 16384, 16384, 16384]
Agg TFLOPS uses useful attention work across all TP ranks and p50(max_across_ranks); Avg/GPU divides it by world_size.
KV GB/s/GPU is average logical BF16 K+V bytes read per TP rank divided by p50(max_across_ranks); it is not hardware-counter HBM traffic.

Running B=18, q_tokens=4352, history_tokens=294912, causal=True

B=18, q_tokens=4352, history_tokens=294912, QH=32, KVH=2, D=128, TP=8, DCP=4, mode=causal
Method                   Time ms                                                                                                                                     Agg TFLOPS    Avg/GPU  KV GB/s/GPU      Check  Note
dcp_mega_varlen          t0=0.384, t1=0.383, t2=0.383, t3=0.381, t4=0.386, t5=0.391, t6=0.375, t7=0.388 | p50(max_across_ranks)=0.394, p90(max_across_ranks)=0.405       3141.4      392.7        101.5       skip  eager; output=bf16_ipc_a2a; runner_preallocated; timing=mega_kernel_only
Wrote benchmark JSON to /home/hychen/min_fa3_demo/benchmark_logs/experiment_suite/20260812-231044-dcp-cp-suite/02_dcp_uniform/results/mega/dcp_4/comm_sm_12/d16_c2_kv16k_dcp4_hkv2_eager.json

================================================================================
Mega comm_sm=12, case 42/64: d16_c2_kv32k_dcp4_hkv2: B=18, Sq=[16, 16, 16, 16, 16, 16, 16, 16, 16, 16, 16, 16, 16, 16, 16, 16, 2048, 2048], Sk=[32768, 32768, 32768, 32768, 32768, 32768, 32768, 32768, 32768, 32768, 32768, 32768, 32768, 32768, 32768, 32768, 32768, 32768], DCP=4, Hkv=2
================================================================================
Config: world_size=8, methods=['dcp_mega_varlen'], QH=32, KVH=2, D=128, TP=8, DCP=4, workload=chunk, execution=eager, baseline_phase_timing=False, warmup=40, iters=60, check=False
Workload: B=18, q_tokens=4352, history_tokens=589824, q_seqlens=[16, 16, 16, 16, 16, 16, 16, 16, 16, 16, 16, 16, 16, 16, 16, 16, 2048, 2048], history_seqlens=[32768, 32768, 32768, 32768, 32768, 32768, 32768, 32768, 32768, 32768, 32768, 32768, 32768, 32768, 32768, 32768, 32768, 32768]
Agg TFLOPS uses useful attention work across all TP ranks and p50(max_across_ranks); Avg/GPU divides it by world_size.
KV GB/s/GPU is average logical BF16 K+V bytes read per TP rank divided by p50(max_across_ranks); it is not hardware-counter HBM traffic.

Running B=18, q_tokens=4352, history_tokens=589824, causal=True

B=18, q_tokens=4352, history_tokens=589824, QH=32, KVH=2, D=128, TP=8, DCP=4, mode=causal
Method                   Time ms                                                                                                                                     Agg TFLOPS    Avg/GPU  KV GB/s/GPU      Check  Note
dcp_mega_varlen          t0=0.564, t1=0.564, t2=0.563, t3=0.561, t4=0.564, t5=0.564, t6=0.561, t7=0.561 | p50(max_across_ranks)=0.568, p90(max_across_ranks)=0.575       4237.8      529.7        136.9       skip  eager; output=bf16_ipc_a2a; runner_preallocated; timing=mega_kernel_only
Wrote benchmark JSON to /home/hychen/min_fa3_demo/benchmark_logs/experiment_suite/20260812-231044-dcp-cp-suite/02_dcp_uniform/results/mega/dcp_4/comm_sm_12/d16_c2_kv32k_dcp4_hkv2_eager.json

================================================================================
Mega comm_sm=12, case 43/64: d16_c2_kv64k_dcp4_hkv2: B=18, Sq=[16, 16, 16, 16, 16, 16, 16, 16, 16, 16, 16, 16, 16, 16, 16, 16, 2048, 2048], Sk=[65536, 65536, 65536, 65536, 65536, 65536, 65536, 65536, 65536, 65536, 65536, 65536, 65536, 65536, 65536, 65536, 65536, 65536], DCP=4, Hkv=2
================================================================================
Config: world_size=8, methods=['dcp_mega_varlen'], QH=32, KVH=2, D=128, TP=8, DCP=4, workload=chunk, execution=eager, baseline_phase_timing=False, warmup=40, iters=60, check=False
Workload: B=18, q_tokens=4352, history_tokens=1179648, q_seqlens=[16, 16, 16, 16, 16, 16, 16, 16, 16, 16, 16, 16, 16, 16, 16, 16, 2048, 2048], history_seqlens=[65536, 65536, 65536, 65536, 65536, 65536, 65536, 65536, 65536, 65536, 65536, 65536, 65536, 65536, 65536, 65536, 65536, 65536]
Agg TFLOPS uses useful attention work across all TP ranks and p50(max_across_ranks); Avg/GPU divides it by world_size.
KV GB/s/GPU is average logical BF16 K+V bytes read per TP rank divided by p50(max_across_ranks); it is not hardware-counter HBM traffic.

Running B=18, q_tokens=4352, history_tokens=1179648, causal=True

B=18, q_tokens=4352, history_tokens=1179648, QH=32, KVH=2, D=128, TP=8, DCP=4, mode=causal
Method                   Time ms                                                                                                                                     Agg TFLOPS    Avg/GPU  KV GB/s/GPU      Check  Note
dcp_mega_varlen          t0=1.072, t1=1.073, t2=1.071, t3=1.077, t4=1.061, t5=1.073, t6=1.054, t7=1.061 | p50(max_across_ranks)=1.078, p90(max_across_ranks)=1.082       4396.9      549.6        142.1       skip  eager; output=bf16_ipc_a2a; runner_preallocated; timing=mega_kernel_only
Wrote benchmark JSON to /home/hychen/min_fa3_demo/benchmark_logs/experiment_suite/20260812-231044-dcp-cp-suite/02_dcp_uniform/results/mega/dcp_4/comm_sm_12/d16_c2_kv64k_dcp4_hkv2_eager.json

================================================================================
Mega comm_sm=12, case 44/64: d16_c2_kv128k_dcp4_hkv2: B=18, Sq=[16, 16, 16, 16, 16, 16, 16, 16, 16, 16, 16, 16, 16, 16, 16, 16, 2048, 2048], Sk=[131072, 131072, 131072, 131072, 131072, 131072, 131072, 131072, 131072, 131072, 131072, 131072, 131072, 131072, 131072, 131072, 131072, 131072], DCP=4, Hkv=2
================================================================================
Config: world_size=8, methods=['dcp_mega_varlen'], QH=32, KVH=2, D=128, TP=8, DCP=4, workload=chunk, execution=eager, baseline_phase_timing=False, warmup=40, iters=60, check=False
Workload: B=18, q_tokens=4352, history_tokens=2359296, q_seqlens=[16, 16, 16, 16, 16, 16, 16, 16, 16, 16, 16, 16, 16, 16, 16, 16, 2048, 2048], history_seqlens=[131072, 131072, 131072, 131072, 131072, 131072, 131072, 131072, 131072, 131072, 131072, 131072, 131072, 131072, 131072, 131072, 131072, 131072]
Agg TFLOPS uses useful attention work across all TP ranks and p50(max_across_ranks); Avg/GPU divides it by world_size.
KV GB/s/GPU is average logical BF16 K+V bytes read per TP rank divided by p50(max_across_ranks); it is not hardware-counter HBM traffic.

Running B=18, q_tokens=4352, history_tokens=2359296, causal=True

B=18, q_tokens=4352, history_tokens=2359296, QH=32, KVH=2, D=128, TP=8, DCP=4, mode=causal
Method                   Time ms                                                                                                                                     Agg TFLOPS    Avg/GPU  KV GB/s/GPU      Check  Note
dcp_mega_varlen          t0=2.047, t1=2.046, t2=2.048, t3=2.047, t4=2.070, t5=2.072, t6=2.060, t7=2.070 | p50(max_across_ranks)=2.086, p90(max_across_ranks)=2.119       4512.8      564.1        145.8       skip  eager; output=bf16_ipc_a2a; runner_preallocated; timing=mega_kernel_only
Wrote benchmark JSON to /home/hychen/min_fa3_demo/benchmark_logs/experiment_suite/20260812-231044-dcp-cp-suite/02_dcp_uniform/results/mega/dcp_4/comm_sm_12/d16_c2_kv128k_dcp4_hkv2_eager.json

================================================================================
Mega comm_sm=12, case 45/64: d16_c4_kv16k_dcp4_hkv2: B=20, Sq=[16, 16, 16, 16, 16, 16, 16, 16, 16, 16, 16, 16, 16, 16, 16, 16, 2048, 2048, 2048, 2048], Sk=[16384, 16384, 16384, 16384, 16384, 16384, 16384, 16384, 16384, 16384, 16384, 16384, 16384, 16384, 16384, 16384, 16384, 16384, 16384, 16384], DCP=4, Hkv=2
================================================================================
Config: world_size=8, methods=['dcp_mega_varlen'], QH=32, KVH=2, D=128, TP=8, DCP=4, workload=chunk, execution=eager, baseline_phase_timing=False, warmup=40, iters=60, check=False
Workload: B=20, q_tokens=8448, history_tokens=327680, q_seqlens=[16, 16, 16, 16, 16, 16, 16, 16, 16, 16, 16, 16, 16, 16, 16, 16, 2048, 2048, 2048, 2048], history_seqlens=[16384, 16384, 16384, 16384, 16384, 16384, 16384, 16384, 16384, 16384, 16384, 16384, 16384, 16384, 16384, 16384, 16384, 16384, 16384, 16384]
Agg TFLOPS uses useful attention work across all TP ranks and p50(max_across_ranks); Avg/GPU divides it by world_size.
KV GB/s/GPU is average logical BF16 K+V bytes read per TP rank divided by p50(max_across_ranks); it is not hardware-counter HBM traffic.

Running B=20, q_tokens=8448, history_tokens=327680, causal=True

B=20, q_tokens=8448, history_tokens=327680, QH=32, KVH=2, D=128, TP=8, DCP=4, mode=causal
Method                   Time ms                                                                                                                                     Agg TFLOPS    Avg/GPU  KV GB/s/GPU      Check  Note
dcp_mega_varlen          t0=0.722, t1=0.723, t2=0.723, t3=0.718, t4=0.718, t5=0.725, t6=0.722, t7=0.721 | p50(max_across_ranks)=0.729, p90(max_across_ranks)=0.736       3299.2      412.4         63.5       skip  eager; output=bf16_ipc_a2a; runner_preallocated; timing=mega_kernel_only
Wrote benchmark JSON to /home/hychen/min_fa3_demo/benchmark_logs/experiment_suite/20260812-231044-dcp-cp-suite/02_dcp_uniform/results/mega/dcp_4/comm_sm_12/d16_c4_kv16k_dcp4_hkv2_eager.json

================================================================================
Mega comm_sm=12, case 46/64: d16_c4_kv32k_dcp4_hkv2: B=20, Sq=[16, 16, 16, 16, 16, 16, 16, 16, 16, 16, 16, 16, 16, 16, 16, 16, 2048, 2048, 2048, 2048], Sk=[32768, 32768, 32768, 32768, 32768, 32768, 32768, 32768, 32768, 32768, 32768, 32768, 32768, 32768, 32768, 32768, 32768, 32768, 32768, 32768], DCP=4, Hkv=2
================================================================================
Config: world_size=8, methods=['dcp_mega_varlen'], QH=32, KVH=2, D=128, TP=8, DCP=4, workload=chunk, execution=eager, baseline_phase_timing=False, warmup=40, iters=60, check=False
Workload: B=20, q_tokens=8448, history_tokens=655360, q_seqlens=[16, 16, 16, 16, 16, 16, 16, 16, 16, 16, 16, 16, 16, 16, 16, 16, 2048, 2048, 2048, 2048], history_seqlens=[32768, 32768, 32768, 32768, 32768, 32768, 32768, 32768, 32768, 32768, 32768, 32768, 32768, 32768, 32768, 32768, 32768, 32768, 32768, 32768]
Agg TFLOPS uses useful attention work across all TP ranks and p50(max_across_ranks); Avg/GPU divides it by world_size.
KV GB/s/GPU is average logical BF16 K+V bytes read per TP rank divided by p50(max_across_ranks); it is not hardware-counter HBM traffic.

Running B=20, q_tokens=8448, history_tokens=655360, causal=True

B=20, q_tokens=8448, history_tokens=655360, QH=32, KVH=2, D=128, TP=8, DCP=4, mode=causal
Method                   Time ms                                                                                                                                     Agg TFLOPS    Avg/GPU  KV GB/s/GPU      Check  Note
dcp_mega_varlen          t0=1.142, t1=1.137, t2=1.143, t3=1.137, t4=1.122, t5=1.125, t6=1.121, t7=1.122 | p50(max_across_ranks)=1.145, p90(max_across_ranks)=1.153       4082.8      510.3         77.1       skip  eager; output=bf16_ipc_a2a; runner_preallocated; timing=mega_kernel_only
Wrote benchmark JSON to /home/hychen/min_fa3_demo/benchmark_logs/experiment_suite/20260812-231044-dcp-cp-suite/02_dcp_uniform/results/mega/dcp_4/comm_sm_12/d16_c4_kv32k_dcp4_hkv2_eager.json

================================================================================
Mega comm_sm=12, case 47/64: d16_c4_kv64k_dcp4_hkv2: B=20, Sq=[16, 16, 16, 16, 16, 16, 16, 16, 16, 16, 16, 16, 16, 16, 16, 16, 2048, 2048, 2048, 2048], Sk=[65536, 65536, 65536, 65536, 65536, 65536, 65536, 65536, 65536, 65536, 65536, 65536, 65536, 65536, 65536, 65536, 65536, 65536, 65536, 65536], DCP=4, Hkv=2
================================================================================
Config: world_size=8, methods=['dcp_mega_varlen'], QH=32, KVH=2, D=128, TP=8, DCP=4, workload=chunk, execution=eager, baseline_phase_timing=False, warmup=40, iters=60, check=False
Workload: B=20, q_tokens=8448, history_tokens=1310720, q_seqlens=[16, 16, 16, 16, 16, 16, 16, 16, 16, 16, 16, 16, 16, 16, 16, 16, 2048, 2048, 2048, 2048], history_seqlens=[65536, 65536, 65536, 65536, 65536, 65536, 65536, 65536, 65536, 65536, 65536, 65536, 65536, 65536, 65536, 65536, 65536, 65536, 65536, 65536]
Agg TFLOPS uses useful attention work across all TP ranks and p50(max_across_ranks); Avg/GPU divides it by world_size.
KV GB/s/GPU is average logical BF16 K+V bytes read per TP rank divided by p50(max_across_ranks); it is not hardware-counter HBM traffic.

Running B=20, q_tokens=8448, history_tokens=1310720, causal=True

B=20, q_tokens=8448, history_tokens=1310720, QH=32, KVH=2, D=128, TP=8, DCP=4, mode=causal
Method                   Time ms                                                                                                                                     Agg TFLOPS    Avg/GPU  KV GB/s/GPU      Check  Note
dcp_mega_varlen          t0=2.022, t1=2.033, t2=2.022, t3=2.029, t4=2.022, t5=2.031, t6=2.021, t7=2.034 | p50(max_across_ranks)=2.039, p90(max_across_ranks)=2.088       4516.8      564.6         84.4       skip  eager; output=bf16_ipc_a2a; runner_preallocated; timing=mega_kernel_only
Wrote benchmark JSON to /home/hychen/min_fa3_demo/benchmark_logs/experiment_suite/20260812-231044-dcp-cp-suite/02_dcp_uniform/results/mega/dcp_4/comm_sm_12/d16_c4_kv64k_dcp4_hkv2_eager.json

================================================================================
Mega comm_sm=12, case 48/64: d16_c4_kv128k_dcp4_hkv2: B=20, Sq=[16, 16, 16, 16, 16, 16, 16, 16, 16, 16, 16, 16, 16, 16, 16, 16, 2048, 2048, 2048, 2048], Sk=[131072, 131072, 131072, 131072, 131072, 131072, 131072, 131072, 131072, 131072, 131072, 131072, 131072, 131072, 131072, 131072, 131072, 131072, 131072, 131072], DCP=4, Hkv=2
================================================================================
Config: world_size=8, methods=['dcp_mega_varlen'], QH=32, KVH=2, D=128, TP=8, DCP=4, workload=chunk, execution=eager, baseline_phase_timing=False, warmup=40, iters=60, check=False
Workload: B=20, q_tokens=8448, history_tokens=2621440, q_seqlens=[16, 16, 16, 16, 16, 16, 16, 16, 16, 16, 16, 16, 16, 16, 16, 16, 2048, 2048, 2048, 2048], history_seqlens=[131072, 131072, 131072, 131072, 131072, 131072, 131072, 131072, 131072, 131072, 131072, 131072, 131072, 131072, 131072, 131072, 131072, 131072, 131072, 131072]
Agg TFLOPS uses useful attention work across all TP ranks and p50(max_across_ranks); Avg/GPU divides it by world_size.
KV GB/s/GPU is average logical BF16 K+V bytes read per TP rank divided by p50(max_across_ranks); it is not hardware-counter HBM traffic.

Running B=20, q_tokens=8448, history_tokens=2621440, causal=True

B=20, q_tokens=8448, history_tokens=2621440, QH=32, KVH=2, D=128, TP=8, DCP=4, mode=causal
Method                   Time ms                                                                                                                                     Agg TFLOPS    Avg/GPU  KV GB/s/GPU      Check  Note
dcp_mega_varlen          t0=3.873, t1=3.840, t2=3.842, t3=3.877, t4=3.798, t5=3.799, t6=3.757, t7=3.798 | p50(max_across_ranks)=3.906, p90(max_across_ranks)=4.044       4679.7      585.0         87.0       skip  eager; output=bf16_ipc_a2a; runner_preallocated; timing=mega_kernel_only
Wrote benchmark JSON to /home/hychen/min_fa3_demo/benchmark_logs/experiment_suite/20260812-231044-dcp-cp-suite/02_dcp_uniform/results/mega/dcp_4/comm_sm_12/d16_c4_kv128k_dcp4_hkv2_eager.json

================================================================================
Mega comm_sm=12, case 49/64: d32_c0_kv16k_dcp4_hkv2: B=32, Sq=[16, 16, 16, 16, 16, 16, 16, 16, 16, 16, 16, 16, 16, 16, 16, 16, 16, 16, 16, 16, 16, 16, 16, 16, 16, 16, 16, 16, 16, 16, 16, 16], Sk=[16384, 16384, 16384, 16384, 16384, 16384, 16384, 16384, 16384, 16384, 16384, 16384, 16384, 16384, 16384, 16384, 16384, 16384, 16384, 16384, 16384, 16384, 16384, 16384, 16384, 16384, 16384, 16384, 16384, 16384, 16384, 16384], DCP=4, Hkv=2
================================================================================
Config: world_size=8, methods=['dcp_mega_varlen'], QH=32, KVH=2, D=128, TP=8, DCP=4, workload=chunk, execution=eager, baseline_phase_timing=False, warmup=40, iters=60, check=False
Workload: B=32, q_tokens=512, history_tokens=524288, q_seqlens=[16, 16, 16, 16, 16, 16, 16, 16, 16, 16, 16, 16, 16, 16, 16, 16, 16, 16, 16, 16, 16, 16, 16, 16, 16, 16, 16, 16, 16, 16, 16, 16], history_seqlens=[16384, 16384, 16384, 16384, 16384, 16384, 16384, 16384, 16384, 16384, 16384, 16384, 16384, 16384, 16384, 16384, 16384, 16384, 16384, 16384, 16384, 16384, 16384, 16384, 16384, 16384, 16384, 16384, 16384, 16384, 16384, 16384]
Agg TFLOPS uses useful attention work across all TP ranks and p50(max_across_ranks); Avg/GPU divides it by world_size.
KV GB/s/GPU is average logical BF16 K+V bytes read per TP rank divided by p50(max_across_ranks); it is not hardware-counter HBM traffic.

Running B=32, q_tokens=512, history_tokens=524288, causal=True

B=32, q_tokens=512, history_tokens=524288, QH=32, KVH=2, D=128, TP=8, DCP=4, mode=causal
Method                   Time ms                                                                                                                                     Agg TFLOPS    Avg/GPU  KV GB/s/GPU      Check  Note
dcp_mega_varlen          t0=0.101, t1=0.101, t2=0.100, t3=0.097, t4=0.102, t5=0.103, t6=0.095, t7=0.102 | p50(max_across_ranks)=0.104, p90(max_across_ranks)=0.109       1324.7      165.6        649.0       skip  eager; output=bf16_ipc_a2a; runner_preallocated; timing=mega_kernel_only
Wrote benchmark JSON to /home/hychen/min_fa3_demo/benchmark_logs/experiment_suite/20260812-231044-dcp-cp-suite/02_dcp_uniform/results/mega/dcp_4/comm_sm_12/d32_c0_kv16k_dcp4_hkv2_eager.json

================================================================================
Mega comm_sm=12, case 50/64: d32_c0_kv32k_dcp4_hkv2: B=32, Sq=[16, 16, 16, 16, 16, 16, 16, 16, 16, 16, 16, 16, 16, 16, 16, 16, 16, 16, 16, 16, 16, 16, 16, 16, 16, 16, 16, 16, 16, 16, 16, 16], Sk=[32768, 32768, 32768, 32768, 32768, 32768, 32768, 32768, 32768, 32768, 32768, 32768, 32768, 32768, 32768, 32768, 32768, 32768, 32768, 32768, 32768, 32768, 32768, 32768, 32768, 32768, 32768, 32768, 32768, 32768, 32768, 32768], DCP=4, Hkv=2
================================================================================
Config: world_size=8, methods=['dcp_mega_varlen'], QH=32, KVH=2, D=128, TP=8, DCP=4, workload=chunk, execution=eager, baseline_phase_timing=False, warmup=40, iters=60, check=False
Workload: B=32, q_tokens=512, history_tokens=1048576, q_seqlens=[16, 16, 16, 16, 16, 16, 16, 16, 16, 16, 16, 16, 16, 16, 16, 16, 16, 16, 16, 16, 16, 16, 16, 16, 16, 16, 16, 16, 16, 16, 16, 16], history_seqlens=[32768, 32768, 32768, 32768, 32768, 32768, 32768, 32768, 32768, 32768, 32768, 32768, 32768, 32768, 32768, 32768, 32768, 32768, 32768, 32768, 32768, 32768, 32768, 32768, 32768, 32768, 32768, 32768, 32768, 32768, 32768, 32768]
Agg TFLOPS uses useful attention work across all TP ranks and p50(max_across_ranks); Avg/GPU divides it by world_size.
KV GB/s/GPU is average logical BF16 K+V bytes read per TP rank divided by p50(max_across_ranks); it is not hardware-counter HBM traffic.

Running B=32, q_tokens=512, history_tokens=1048576, causal=True

B=32, q_tokens=512, history_tokens=1048576, QH=32, KVH=2, D=128, TP=8, DCP=4, mode=causal
Method                   Time ms                                                                                                                                     Agg TFLOPS    Avg/GPU  KV GB/s/GPU      Check  Note
dcp_mega_varlen          t0=0.145, t1=0.145, t2=0.144, t3=0.140, t4=0.143, t5=0.145, t6=0.143, t7=0.144 | p50(max_across_ranks)=0.146, p90(max_across_ranks)=0.148       1882.6      235.3        920.8       skip  eager; output=bf16_ipc_a2a; runner_preallocated; timing=mega_kernel_only
Wrote benchmark JSON to /home/hychen/min_fa3_demo/benchmark_logs/experiment_suite/20260812-231044-dcp-cp-suite/02_dcp_uniform/results/mega/dcp_4/comm_sm_12/d32_c0_kv32k_dcp4_hkv2_eager.json

================================================================================
Mega comm_sm=12, case 51/64: d32_c0_kv64k_dcp4_hkv2: B=32, Sq=[16, 16, 16, 16, 16, 16, 16, 16, 16, 16, 16, 16, 16, 16, 16, 16, 16, 16, 16, 16, 16, 16, 16, 16, 16, 16, 16, 16, 16, 16, 16, 16], Sk=[65536, 65536, 65536, 65536, 65536, 65536, 65536, 65536, 65536, 65536, 65536, 65536, 65536, 65536, 65536, 65536, 65536, 65536, 65536, 65536, 65536, 65536, 65536, 65536, 65536, 65536, 65536, 65536, 65536, 65536, 65536, 65536], DCP=4, Hkv=2
================================================================================
Config: world_size=8, methods=['dcp_mega_varlen'], QH=32, KVH=2, D=128, TP=8, DCP=4, workload=chunk, execution=eager, baseline_phase_timing=False, warmup=40, iters=60, check=False
Workload: B=32, q_tokens=512, history_tokens=2097152, q_seqlens=[16, 16, 16, 16, 16, 16, 16, 16, 16, 16, 16, 16, 16, 16, 16, 16, 16, 16, 16, 16, 16, 16, 16, 16, 16, 16, 16, 16, 16, 16, 16, 16], history_seqlens=[65536, 65536, 65536, 65536, 65536, 65536, 65536, 65536, 65536, 65536, 65536, 65536, 65536, 65536, 65536, 65536, 65536, 65536, 65536, 65536, 65536, 65536, 65536, 65536, 65536, 65536, 65536, 65536, 65536, 65536, 65536, 65536]
Agg TFLOPS uses useful attention work across all TP ranks and p50(max_across_ranks); Avg/GPU divides it by world_size.
KV GB/s/GPU is average logical BF16 K+V bytes read per TP rank divided by p50(max_across_ranks); it is not hardware-counter HBM traffic.

Running B=32, q_tokens=512, history_tokens=2097152, causal=True

B=32, q_tokens=512, history_tokens=2097152, QH=32, KVH=2, D=128, TP=8, DCP=4, mode=causal
Method                   Time ms                                                                                                                                     Agg TFLOPS    Avg/GPU  KV GB/s/GPU      Check  Note
dcp_mega_varlen          t0=0.210, t1=0.210, t2=0.210, t3=0.204, t4=0.209, t5=0.210, t6=0.208, t7=0.207 | p50(max_across_ranks)=0.211, p90(max_across_ranks)=0.213       2600.4      325.0       1270.8       skip  eager; output=bf16_ipc_a2a; runner_preallocated; timing=mega_kernel_only
Wrote benchmark JSON to /home/hychen/min_fa3_demo/benchmark_logs/experiment_suite/20260812-231044-dcp-cp-suite/02_dcp_uniform/results/mega/dcp_4/comm_sm_12/d32_c0_kv64k_dcp4_hkv2_eager.json

================================================================================
Mega comm_sm=12, case 52/64: d32_c0_kv128k_dcp4_hkv2: B=32, Sq=[16, 16, 16, 16, 16, 16, 16, 16, 16, 16, 16, 16, 16, 16, 16, 16, 16, 16, 16, 16, 16, 16, 16, 16, 16, 16, 16, 16, 16, 16, 16, 16], Sk=[131072, 131072, 131072, 131072, 131072, 131072, 131072, 131072, 131072, 131072, 131072, 131072, 131072, 131072, 131072, 131072, 131072, 131072, 131072, 131072, 131072, 131072, 131072, 131072, 131072, 131072, 131072, 131072, 131072, 131072, 131072, 131072], DCP=4, Hkv=2
================================================================================
Config: world_size=8, methods=['dcp_mega_varlen'], QH=32, KVH=2, D=128, TP=8, DCP=4, workload=chunk, execution=eager, baseline_phase_timing=False, warmup=40, iters=60, check=False
Workload: B=32, q_tokens=512, history_tokens=4194304, q_seqlens=[16, 16, 16, 16, 16, 16, 16, 16, 16, 16, 16, 16, 16, 16, 16, 16, 16, 16, 16, 16, 16, 16, 16, 16, 16, 16, 16, 16, 16, 16, 16, 16], history_seqlens=[131072, 131072, 131072, 131072, 131072, 131072, 131072, 131072, 131072, 131072, 131072, 131072, 131072, 131072, 131072, 131072, 131072, 131072, 131072, 131072, 131072, 131072, 131072, 131072, 131072, 131072, 131072, 131072, 131072, 131072, 131072, 131072]
Agg TFLOPS uses useful attention work across all TP ranks and p50(max_across_ranks); Avg/GPU divides it by world_size.
KV GB/s/GPU is average logical BF16 K+V bytes read per TP rank divided by p50(max_across_ranks); it is not hardware-counter HBM traffic.

Running B=32, q_tokens=512, history_tokens=4194304, causal=True

B=32, q_tokens=512, history_tokens=4194304, QH=32, KVH=2, D=128, TP=8, DCP=4, mode=causal
Method                   Time ms                                                                                                                                     Agg TFLOPS    Avg/GPU  KV GB/s/GPU      Check  Note
dcp_mega_varlen          t0=0.363, t1=0.363, t2=0.363, t3=0.360, t4=0.360, t5=0.362, t6=0.359, t7=0.360 | p50(max_across_ranks)=0.365, p90(max_across_ranks)=0.366       3016.6      377.1       1473.6       skip  eager; output=bf16_ipc_a2a; runner_preallocated; timing=mega_kernel_only
Wrote benchmark JSON to /home/hychen/min_fa3_demo/benchmark_logs/experiment_suite/20260812-231044-dcp-cp-suite/02_dcp_uniform/results/mega/dcp_4/comm_sm_12/d32_c0_kv128k_dcp4_hkv2_eager.json

================================================================================
Mega comm_sm=12, case 53/64: d32_c1_kv16k_dcp4_hkv2: B=33, Sq=[16, 16, 16, 16, 16, 16, 16, 16, 16, 16, 16, 16, 16, 16, 16, 16, 16, 16, 16, 16, 16, 16, 16, 16, 16, 16, 16, 16, 16, 16, 16, 16, 2048], Sk=[16384, 16384, 16384, 16384, 16384, 16384, 16384, 16384, 16384, 16384, 16384, 16384, 16384, 16384, 16384, 16384, 16384, 16384, 16384, 16384, 16384, 16384, 16384, 16384, 16384, 16384, 16384, 16384, 16384, 16384, 16384, 16384, 16384], DCP=4, Hkv=2
================================================================================
Config: world_size=8, methods=['dcp_mega_varlen'], QH=32, KVH=2, D=128, TP=8, DCP=4, workload=chunk, execution=eager, baseline_phase_timing=False, warmup=40, iters=60, check=False
Workload: B=33, q_tokens=2560, history_tokens=540672, q_seqlens=[16, 16, 16, 16, 16, 16, 16, 16, 16, 16, 16, 16, 16, 16, 16, 16, 16, 16, 16, 16, 16, 16, 16, 16, 16, 16, 16, 16, 16, 16, 16, 16, 2048], history_seqlens=[16384, 16384, 16384, 16384, 16384, 16384, 16384, 16384, 16384, 16384, 16384, 16384, 16384, 16384, 16384, 16384, 16384, 16384, 16384, 16384, 16384, 16384, 16384, 16384, 16384, 16384, 16384, 16384, 16384, 16384, 16384, 16384, 16384]
Agg TFLOPS uses useful attention work across all TP ranks and p50(max_across_ranks); Avg/GPU divides it by world_size.
KV GB/s/GPU is average logical BF16 K+V bytes read per TP rank divided by p50(max_across_ranks); it is not hardware-counter HBM traffic.

Running B=33, q_tokens=2560, history_tokens=540672, causal=True

B=33, q_tokens=2560, history_tokens=540672, QH=32, KVH=2, D=128, TP=8, DCP=4, mode=causal
Method                   Time ms                                                                                                                                     Agg TFLOPS    Avg/GPU  KV GB/s/GPU      Check  Note
dcp_mega_varlen          t0=0.234, t1=0.233, t2=0.233, t3=0.229, t4=0.231, t5=0.233, t6=0.231, t7=0.231 | p50(max_across_ranks)=0.236, p90(max_across_ranks)=0.238       3064.0      383.0        299.4       skip  eager; output=bf16_ipc_a2a; runner_preallocated; timing=mega_kernel_only
Wrote benchmark JSON to /home/hychen/min_fa3_demo/benchmark_logs/experiment_suite/20260812-231044-dcp-cp-suite/02_dcp_uniform/results/mega/dcp_4/comm_sm_12/d32_c1_kv16k_dcp4_hkv2_eager.json

================================================================================
Mega comm_sm=12, case 54/64: d32_c1_kv32k_dcp4_hkv2: B=33, Sq=[16, 16, 16, 16, 16, 16, 16, 16, 16, 16, 16, 16, 16, 16, 16, 16, 16, 16, 16, 16, 16, 16, 16, 16, 16, 16, 16, 16, 16, 16, 16, 16, 2048], Sk=[32768, 32768, 32768, 32768, 32768, 32768, 32768, 32768, 32768, 32768, 32768, 32768, 32768, 32768, 32768, 32768, 32768, 32768, 32768, 32768, 32768, 32768, 32768, 32768, 32768, 32768, 32768, 32768, 32768, 32768, 32768, 32768, 32768], DCP=4, Hkv=2
================================================================================
Config: world_size=8, methods=['dcp_mega_varlen'], QH=32, KVH=2, D=128, TP=8, DCP=4, workload=chunk, execution=eager, baseline_phase_timing=False, warmup=40, iters=60, check=False
Workload: B=33, q_tokens=2560, history_tokens=1081344, q_seqlens=[16, 16, 16, 16, 16, 16, 16, 16, 16, 16, 16, 16, 16, 16, 16, 16, 16, 16, 16, 16, 16, 16, 16, 16, 16, 16, 16, 16, 16, 16, 16, 16, 2048], history_seqlens=[32768, 32768, 32768, 32768, 32768, 32768, 32768, 32768, 32768, 32768, 32768, 32768, 32768, 32768, 32768, 32768, 32768, 32768, 32768, 32768, 32768, 32768, 32768, 32768, 32768, 32768, 32768, 32768, 32768, 32768, 32768, 32768, 32768]
Agg TFLOPS uses useful attention work across all TP ranks and p50(max_across_ranks); Avg/GPU divides it by world_size.
KV GB/s/GPU is average logical BF16 K+V bytes read per TP rank divided by p50(max_across_ranks); it is not hardware-counter HBM traffic.

Running B=33, q_tokens=2560, history_tokens=1081344, causal=True

B=33, q_tokens=2560, history_tokens=1081344, QH=32, KVH=2, D=128, TP=8, DCP=4, mode=causal
Method                   Time ms                                                                                                                                     Agg TFLOPS    Avg/GPU  KV GB/s/GPU      Check  Note
dcp_mega_varlen          t0=0.362, t1=0.362, t2=0.362, t3=0.355, t4=0.359, t5=0.361, t6=0.359, t7=0.357 | p50(max_across_ranks)=0.363, p90(max_across_ranks)=0.365       3880.3      485.0        384.8       skip  eager; output=bf16_ipc_a2a; runner_preallocated; timing=mega_kernel_only
Wrote benchmark JSON to /home/hychen/min_fa3_demo/benchmark_logs/experiment_suite/20260812-231044-dcp-cp-suite/02_dcp_uniform/results/mega/dcp_4/comm_sm_12/d32_c1_kv32k_dcp4_hkv2_eager.json

================================================================================
Mega comm_sm=12, case 55/64: d32_c1_kv64k_dcp4_hkv2: B=33, Sq=[16, 16, 16, 16, 16, 16, 16, 16, 16, 16, 16, 16, 16, 16, 16, 16, 16, 16, 16, 16, 16, 16, 16, 16, 16, 16, 16, 16, 16, 16, 16, 16, 2048], Sk=[65536, 65536, 65536, 65536, 65536, 65536, 65536, 65536, 65536, 65536, 65536, 65536, 65536, 65536, 65536, 65536, 65536, 65536, 65536, 65536, 65536, 65536, 65536, 65536, 65536, 65536, 65536, 65536, 65536, 65536, 65536, 65536, 65536], DCP=4, Hkv=2
================================================================================
Config: world_size=8, methods=['dcp_mega_varlen'], QH=32, KVH=2, D=128, TP=8, DCP=4, workload=chunk, execution=eager, baseline_phase_timing=False, warmup=40, iters=60, check=False
Workload: B=33, q_tokens=2560, history_tokens=2162688, q_seqlens=[16, 16, 16, 16, 16, 16, 16, 16, 16, 16, 16, 16, 16, 16, 16, 16, 16, 16, 16, 16, 16, 16, 16, 16, 16, 16, 16, 16, 16, 16, 16, 16, 2048], history_seqlens=[65536, 65536, 65536, 65536, 65536, 65536, 65536, 65536, 65536, 65536, 65536, 65536, 65536, 65536, 65536, 65536, 65536, 65536, 65536, 65536, 65536, 65536, 65536, 65536, 65536, 65536, 65536, 65536, 65536, 65536, 65536, 65536, 65536]
Agg TFLOPS uses useful attention work across all TP ranks and p50(max_across_ranks); Avg/GPU divides it by world_size.
KV GB/s/GPU is average logical BF16 K+V bytes read per TP rank divided by p50(max_across_ranks); it is not hardware-counter HBM traffic.

Running B=33, q_tokens=2560, history_tokens=2162688, causal=True

B=33, q_tokens=2560, history_tokens=2162688, QH=32, KVH=2, D=128, TP=8, DCP=4, mode=causal
Method                   Time ms                                                                                                                                     Agg TFLOPS    Avg/GPU  KV GB/s/GPU      Check  Note
dcp_mega_varlen          t0=0.649, t1=0.640, t2=0.647, t3=0.647, t4=0.627, t5=0.629, t6=0.627, t7=0.624 | p50(max_across_ranks)=0.656, p90(max_across_ranks)=0.661       4241.2      530.1        423.8       skip  eager; output=bf16_ipc_a2a; runner_preallocated; timing=mega_kernel_only
Wrote benchmark JSON to /home/hychen/min_fa3_demo/benchmark_logs/experiment_suite/20260812-231044-dcp-cp-suite/02_dcp_uniform/results/mega/dcp_4/comm_sm_12/d32_c1_kv64k_dcp4_hkv2_eager.json

================================================================================
Mega comm_sm=12, case 56/64: d32_c1_kv128k_dcp4_hkv2: B=33, Sq=[16, 16, 16, 16, 16, 16, 16, 16, 16, 16, 16, 16, 16, 16, 16, 16, 16, 16, 16, 16, 16, 16, 16, 16, 16, 16, 16, 16, 16, 16, 16, 16, 2048], Sk=[131072, 131072, 131072, 131072, 131072, 131072, 131072, 131072, 131072, 131072, 131072, 131072, 131072, 131072, 131072, 131072, 131072, 131072, 131072, 131072, 131072, 131072, 131072, 131072, 131072, 131072, 131072, 131072, 131072, 131072, 131072, 131072, 131072], DCP=4, Hkv=2
================================================================================
Config: world_size=8, methods=['dcp_mega_varlen'], QH=32, KVH=2, D=128, TP=8, DCP=4, workload=chunk, execution=eager, baseline_phase_timing=False, warmup=40, iters=60, check=False
Workload: B=33, q_tokens=2560, history_tokens=4325376, q_seqlens=[16, 16, 16, 16, 16, 16, 16, 16, 16, 16, 16, 16, 16, 16, 16, 16, 16, 16, 16, 16, 16, 16, 16, 16, 16, 16, 16, 16, 16, 16, 16, 16, 2048], history_seqlens=[131072, 131072, 131072, 131072, 131072, 131072, 131072, 131072, 131072, 131072, 131072, 131072, 131072, 131072, 131072, 131072, 131072, 131072, 131072, 131072, 131072, 131072, 131072, 131072, 131072, 131072, 131072, 131072, 131072, 131072, 131072, 131072, 131072]
Agg TFLOPS uses useful attention work across all TP ranks and p50(max_across_ranks); Avg/GPU divides it by world_size.
KV GB/s/GPU is average logical BF16 K+V bytes read per TP rank divided by p50(max_across_ranks); it is not hardware-counter HBM traffic.

Running B=33, q_tokens=2560, history_tokens=4325376, causal=True

B=33, q_tokens=2560, history_tokens=4325376, QH=32, KVH=2, D=128, TP=8, DCP=4, mode=causal
Method                   Time ms                                                                                                                                     Agg TFLOPS    Avg/GPU  KV GB/s/GPU      Check  Note
dcp_mega_varlen          t0=1.239, t1=1.233, t2=1.238, t3=1.238, t4=1.257, t5=1.265, t6=1.263, t7=1.264 | p50(max_across_ranks)=1.265, p90(max_across_ranks)=1.269       4371.4      546.4        438.5       skip  eager; output=bf16_ipc_a2a; runner_preallocated; timing=mega_kernel_only
Wrote benchmark JSON to /home/hychen/min_fa3_demo/benchmark_logs/experiment_suite/20260812-231044-dcp-cp-suite/02_dcp_uniform/results/mega/dcp_4/comm_sm_12/d32_c1_kv128k_dcp4_hkv2_eager.json

================================================================================
Mega comm_sm=12, case 57/64: d32_c2_kv16k_dcp4_hkv2: B=34, Sq=[16, 16, 16, 16, 16, 16, 16, 16, 16, 16, 16, 16, 16, 16, 16, 16, 16, 16, 16, 16, 16, 16, 16, 16, 16, 16, 16, 16, 16, 16, 16, 16, 2048, 2048], Sk=[16384, 16384, 16384, 16384, 16384, 16384, 16384, 16384, 16384, 16384, 16384, 16384, 16384, 16384, 16384, 16384, 16384, 16384, 16384, 16384, 16384, 16384, 16384, 16384, 16384, 16384, 16384, 16384, 16384, 16384, 16384, 16384, 16384, 16384], DCP=4, Hkv=2
================================================================================
Config: world_size=8, methods=['dcp_mega_varlen'], QH=32, KVH=2, D=128, TP=8, DCP=4, workload=chunk, execution=eager, baseline_phase_timing=False, warmup=40, iters=60, check=False
Workload: B=34, q_tokens=4608, history_tokens=557056, q_seqlens=[16, 16, 16, 16, 16, 16, 16, 16, 16, 16, 16, 16, 16, 16, 16, 16, 16, 16, 16, 16, 16, 16, 16, 16, 16, 16, 16, 16, 16, 16, 16, 16, 2048, 2048], history_seqlens=[16384, 16384, 16384, 16384, 16384, 16384, 16384, 16384, 16384, 16384, 16384, 16384, 16384, 16384, 16384, 16384, 16384, 16384, 16384, 16384, 16384, 16384, 16384, 16384, 16384, 16384, 16384, 16384, 16384, 16384, 16384, 16384, 16384, 16384]
Agg TFLOPS uses useful attention work across all TP ranks and p50(max_across_ranks); Avg/GPU divides it by world_size.
KV GB/s/GPU is average logical BF16 K+V bytes read per TP rank divided by p50(max_across_ranks); it is not hardware-counter HBM traffic.

Running B=34, q_tokens=4608, history_tokens=557056, causal=True

B=34, q_tokens=4608, history_tokens=557056, QH=32, KVH=2, D=128, TP=8, DCP=4, mode=causal
Method                   Time ms                                                                                                                                     Agg TFLOPS    Avg/GPU  KV GB/s/GPU      Check  Note
dcp_mega_varlen          t0=0.416, t1=0.414, t2=0.412, t3=0.411, t4=0.411, t5=0.412, t6=0.412, t7=0.411 | p50(max_across_ranks)=0.420, p90(max_across_ranks)=0.424       3110.1      388.8        175.4       skip  eager; output=bf16_ipc_a2a; runner_preallocated; timing=mega_kernel_only
Wrote benchmark JSON to /home/hychen/min_fa3_demo/benchmark_logs/experiment_suite/20260812-231044-dcp-cp-suite/02_dcp_uniform/results/mega/dcp_4/comm_sm_12/d32_c2_kv16k_dcp4_hkv2_eager.json

================================================================================
Mega comm_sm=12, case 58/64: d32_c2_kv32k_dcp4_hkv2: B=34, Sq=[16, 16, 16, 16, 16, 16, 16, 16, 16, 16, 16, 16, 16, 16, 16, 16, 16, 16, 16, 16, 16, 16, 16, 16, 16, 16, 16, 16, 16, 16, 16, 16, 2048, 2048], Sk=[32768, 32768, 32768, 32768, 32768, 32768, 32768, 32768, 32768, 32768, 32768, 32768, 32768, 32768, 32768, 32768, 32768, 32768, 32768, 32768, 32768, 32768, 32768, 32768, 32768, 32768, 32768, 32768, 32768, 32768, 32768, 32768, 32768, 32768], DCP=4, Hkv=2
================================================================================
Config: world_size=8, methods=['dcp_mega_varlen'], QH=32, KVH=2, D=128, TP=8, DCP=4, workload=chunk, execution=eager, baseline_phase_timing=False, warmup=40, iters=60, check=False
Workload: B=34, q_tokens=4608, history_tokens=1114112, q_seqlens=[16, 16, 16, 16, 16, 16, 16, 16, 16, 16, 16, 16, 16, 16, 16, 16, 16, 16, 16, 16, 16, 16, 16, 16, 16, 16, 16, 16, 16, 16, 16, 16, 2048, 2048], history_seqlens=[32768, 32768, 32768, 32768, 32768, 32768, 32768, 32768, 32768, 32768, 32768, 32768, 32768, 32768, 32768, 32768, 32768, 32768, 32768, 32768, 32768, 32768, 32768, 32768, 32768, 32768, 32768, 32768, 32768, 32768, 32768, 32768, 32768, 32768]
Agg TFLOPS uses useful attention work across all TP ranks and p50(max_across_ranks); Avg/GPU divides it by world_size.
KV GB/s/GPU is average logical BF16 K+V bytes read per TP rank divided by p50(max_across_ranks); it is not hardware-counter HBM traffic.

Running B=34, q_tokens=4608, history_tokens=1114112, causal=True

B=34, q_tokens=4608, history_tokens=1114112, QH=32, KVH=2, D=128, TP=8, DCP=4, mode=causal
Method                   Time ms                                                                                                                                     Agg TFLOPS    Avg/GPU  KV GB/s/GPU      Check  Note
dcp_mega_varlen          t0=0.638, t1=0.639, t2=0.635, t3=0.624, t4=0.621, t5=0.615, t6=0.620, t7=0.621 | p50(max_across_ranks)=0.639, p90(max_across_ranks)=0.669       3976.3      497.0        226.7       skip  eager; output=bf16_ipc_a2a; runner_preallocated; timing=mega_kernel_only
Wrote benchmark JSON to /home/hychen/min_fa3_demo/benchmark_logs/experiment_suite/20260812-231044-dcp-cp-suite/02_dcp_uniform/results/mega/dcp_4/comm_sm_12/d32_c2_kv32k_dcp4_hkv2_eager.json

================================================================================
Mega comm_sm=12, case 59/64: d32_c2_kv64k_dcp4_hkv2: B=34, Sq=[16, 16, 16, 16, 16, 16, 16, 16, 16, 16, 16, 16, 16, 16, 16, 16, 16, 16, 16, 16, 16, 16, 16, 16, 16, 16, 16, 16, 16, 16, 16, 16, 2048, 2048], Sk=[65536, 65536, 65536, 65536, 65536, 65536, 65536, 65536, 65536, 65536, 65536, 65536, 65536, 65536, 65536, 65536, 65536, 65536, 65536, 65536, 65536, 65536, 65536, 65536, 65536, 65536, 65536, 65536, 65536, 65536, 65536, 65536, 65536, 65536], DCP=4, Hkv=2
================================================================================
Config: world_size=8, methods=['dcp_mega_varlen'], QH=32, KVH=2, D=128, TP=8, DCP=4, workload=chunk, execution=eager, baseline_phase_timing=False, warmup=40, iters=60, check=False
Workload: B=34, q_tokens=4608, history_tokens=2228224, q_seqlens=[16, 16, 16, 16, 16, 16, 16, 16, 16, 16, 16, 16, 16, 16, 16, 16, 16, 16, 16, 16, 16, 16, 16, 16, 16, 16, 16, 16, 16, 16, 16, 16, 2048, 2048], history_seqlens=[65536, 65536, 65536, 65536, 65536, 65536, 65536, 65536, 65536, 65536, 65536, 65536, 65536, 65536, 65536, 65536, 65536, 65536, 65536, 65536, 65536, 65536, 65536, 65536, 65536, 65536, 65536, 65536, 65536, 65536, 65536, 65536, 65536, 65536]
Agg TFLOPS uses useful attention work across all TP ranks and p50(max_across_ranks); Avg/GPU divides it by world_size.
KV GB/s/GPU is average logical BF16 K+V bytes read per TP rank divided by p50(max_across_ranks); it is not hardware-counter HBM traffic.

Running B=34, q_tokens=4608, history_tokens=2228224, causal=True

B=34, q_tokens=4608, history_tokens=2228224, QH=32, KVH=2, D=128, TP=8, DCP=4, mode=causal
Method                   Time ms                                                                                                                                     Agg TFLOPS    Avg/GPU  KV GB/s/GPU      Check  Note
dcp_mega_varlen          t0=1.105, t1=1.106, t2=1.105, t3=1.105, t4=1.041, t5=1.042, t6=1.040, t7=1.041 | p50(max_across_ranks)=1.107, p90(max_across_ranks)=1.119       4532.0      566.5        259.8       skip  eager; output=bf16_ipc_a2a; runner_preallocated; timing=mega_kernel_only
Wrote benchmark JSON to /home/hychen/min_fa3_demo/benchmark_logs/experiment_suite/20260812-231044-dcp-cp-suite/02_dcp_uniform/results/mega/dcp_4/comm_sm_12/d32_c2_kv64k_dcp4_hkv2_eager.json

================================================================================
Mega comm_sm=12, case 60/64: d32_c2_kv128k_dcp4_hkv2: B=34, Sq=[16, 16, 16, 16, 16, 16, 16, 16, 16, 16, 16, 16, 16, 16, 16, 16, 16, 16, 16, 16, 16, 16, 16, 16, 16, 16, 16, 16, 16, 16, 16, 16, 2048, 2048], Sk=[131072, 131072, 131072, 131072, 131072, 131072, 131072, 131072, 131072, 131072, 131072, 131072, 131072, 131072, 131072, 131072, 131072, 131072, 131072, 131072, 131072, 131072, 131072, 131072, 131072, 131072, 131072, 131072, 131072, 131072, 131072, 131072, 131072, 131072], DCP=4, Hkv=2
================================================================================
Config: world_size=8, methods=['dcp_mega_varlen'], QH=32, KVH=2, D=128, TP=8, DCP=4, workload=chunk, execution=eager, baseline_phase_timing=False, warmup=40, iters=60, check=False
Workload: B=34, q_tokens=4608, history_tokens=4456448, q_seqlens=[16, 16, 16, 16, 16, 16, 16, 16, 16, 16, 16, 16, 16, 16, 16, 16, 16, 16, 16, 16, 16, 16, 16, 16, 16, 16, 16, 16, 16, 16, 16, 16, 2048, 2048], history_seqlens=[131072, 131072, 131072, 131072, 131072, 131072, 131072, 131072, 131072, 131072, 131072, 131072, 131072, 131072, 131072, 131072, 131072, 131072, 131072, 131072, 131072, 131072, 131072, 131072, 131072, 131072, 131072, 131072, 131072, 131072, 131072, 131072, 131072, 131072]
Agg TFLOPS uses useful attention work across all TP ranks and p50(max_across_ranks); Avg/GPU divides it by world_size.
KV GB/s/GPU is average logical BF16 K+V bytes read per TP rank divided by p50(max_across_ranks); it is not hardware-counter HBM traffic.

Running B=34, q_tokens=4608, history_tokens=4456448, causal=True

B=34, q_tokens=4608, history_tokens=4456448, QH=32, KVH=2, D=128, TP=8, DCP=4, mode=causal
Method                   Time ms                                                                                                                                     Agg TFLOPS    Avg/GPU  KV GB/s/GPU      Check  Note
dcp_mega_varlen          t0=2.139, t1=2.139, t2=2.139, t3=2.137, t4=2.093, t5=2.098, t6=2.092, t7=2.093 | p50(max_across_ranks)=2.158, p90(max_across_ranks)=2.220       4616.5      577.1        265.4       skip  eager; output=bf16_ipc_a2a; runner_preallocated; timing=mega_kernel_only
Wrote benchmark JSON to /home/hychen/min_fa3_demo/benchmark_logs/experiment_suite/20260812-231044-dcp-cp-suite/02_dcp_uniform/results/mega/dcp_4/comm_sm_12/d32_c2_kv128k_dcp4_hkv2_eager.json

================================================================================
Mega comm_sm=12, case 61/64: d32_c4_kv16k_dcp4_hkv2: B=36, Sq=[16, 16, 16, 16, 16, 16, 16, 16, 16, 16, 16, 16, 16, 16, 16, 16, 16, 16, 16, 16, 16, 16, 16, 16, 16, 16, 16, 16, 16, 16, 16, 16, 2048, 2048, 2048, 2048], Sk=[16384, 16384, 16384, 16384, 16384, 16384, 16384, 16384, 16384, 16384, 16384, 16384, 16384, 16384, 16384, 16384, 16384, 16384, 16384, 16384, 16384, 16384, 16384, 16384, 16384, 16384, 16384, 16384, 16384, 16384, 16384, 16384, 16384, 16384, 16384, 16384], DCP=4, Hkv=2
================================================================================
Config: world_size=8, methods=['dcp_mega_varlen'], QH=32, KVH=2, D=128, TP=8, DCP=4, workload=chunk, execution=eager, baseline_phase_timing=False, warmup=40, iters=60, check=False
Workload: B=36, q_tokens=8704, history_tokens=589824, q_seqlens=[16, 16, 16, 16, 16, 16, 16, 16, 16, 16, 16, 16, 16, 16, 16, 16, 16, 16, 16, 16, 16, 16, 16, 16, 16, 16, 16, 16, 16, 16, 16, 16, 2048, 2048, 2048, 2048], history_seqlens=[16384, 16384, 16384, 16384, 16384, 16384, 16384, 16384, 16384, 16384, 16384, 16384, 16384, 16384, 16384, 16384, 16384, 16384, 16384, 16384, 16384, 16384, 16384, 16384, 16384, 16384, 16384, 16384, 16384, 16384, 16384, 16384, 16384, 16384, 16384, 16384]
Agg TFLOPS uses useful attention work across all TP ranks and p50(max_across_ranks); Avg/GPU divides it by world_size.
KV GB/s/GPU is average logical BF16 K+V bytes read per TP rank divided by p50(max_across_ranks); it is not hardware-counter HBM traffic.

Running B=36, q_tokens=8704, history_tokens=589824, causal=True

B=36, q_tokens=8704, history_tokens=589824, QH=32, KVH=2, D=128, TP=8, DCP=4, mode=causal
Method                   Time ms                                                                                                                                     Agg TFLOPS    Avg/GPU  KV GB/s/GPU      Check  Note
dcp_mega_varlen          t0=0.765, t1=0.765, t2=0.765, t3=0.765, t4=0.739, t5=0.741, t6=0.740, t7=0.741 | p50(max_across_ranks)=0.768, p90(max_across_ranks)=0.775       3219.9      402.5        104.1       skip  eager; output=bf16_ipc_a2a; runner_preallocated; timing=mega_kernel_only
Wrote benchmark JSON to /home/hychen/min_fa3_demo/benchmark_logs/experiment_suite/20260812-231044-dcp-cp-suite/02_dcp_uniform/results/mega/dcp_4/comm_sm_12/d32_c4_kv16k_dcp4_hkv2_eager.json

================================================================================
Mega comm_sm=12, case 62/64: d32_c4_kv32k_dcp4_hkv2: B=36, Sq=[16, 16, 16, 16, 16, 16, 16, 16, 16, 16, 16, 16, 16, 16, 16, 16, 16, 16, 16, 16, 16, 16, 16, 16, 16, 16, 16, 16, 16, 16, 16, 16, 2048, 2048, 2048, 2048], Sk=[32768, 32768, 32768, 32768, 32768, 32768, 32768, 32768, 32768, 32768, 32768, 32768, 32768, 32768, 32768, 32768, 32768, 32768, 32768, 32768, 32768, 32768, 32768, 32768, 32768, 32768, 32768, 32768, 32768, 32768, 32768, 32768, 32768, 32768, 32768, 32768], DCP=4, Hkv=2
================================================================================
Config: world_size=8, methods=['dcp_mega_varlen'], QH=32, KVH=2, D=128, TP=8, DCP=4, workload=chunk, execution=eager, baseline_phase_timing=False, warmup=40, iters=60, check=False
Workload: B=36, q_tokens=8704, history_tokens=1179648, q_seqlens=[16, 16, 16, 16, 16, 16, 16, 16, 16, 16, 16, 16, 16, 16, 16, 16, 16, 16, 16, 16, 16, 16, 16, 16, 16, 16, 16, 16, 16, 16, 16, 16, 2048, 2048, 2048, 2048], history_seqlens=[32768, 32768, 32768, 32768, 32768, 32768, 32768, 32768, 32768, 32768, 32768, 32768, 32768, 32768, 32768, 32768, 32768, 32768, 32768, 32768, 32768, 32768, 32768, 32768, 32768, 32768, 32768, 32768, 32768, 32768, 32768, 32768, 32768, 32768, 32768, 32768]
Agg TFLOPS uses useful attention work across all TP ranks and p50(max_across_ranks); Avg/GPU divides it by world_size.
KV GB/s/GPU is average logical BF16 K+V bytes read per TP rank divided by p50(max_across_ranks); it is not hardware-counter HBM traffic.

Running B=36, q_tokens=8704, history_tokens=1179648, causal=True

B=36, q_tokens=8704, history_tokens=1179648, QH=32, KVH=2, D=128, TP=8, DCP=4, mode=causal
Method                   Time ms                                                                                                                                     Agg TFLOPS    Avg/GPU  KV GB/s/GPU      Check  Note
dcp_mega_varlen          t0=1.186, t1=1.186, t2=1.180, t3=1.182, t4=1.173, t5=1.176, t6=1.173, t7=1.166 | p50(max_across_ranks)=1.190, p90(max_across_ranks)=1.197       4044.0      505.5        130.7       skip  eager; output=bf16_ipc_a2a; runner_preallocated; timing=mega_kernel_only
Wrote benchmark JSON to /home/hychen/min_fa3_demo/benchmark_logs/experiment_suite/20260812-231044-dcp-cp-suite/02_dcp_uniform/results/mega/dcp_4/comm_sm_12/d32_c4_kv32k_dcp4_hkv2_eager.json

================================================================================
Mega comm_sm=12, case 63/64: d32_c4_kv64k_dcp4_hkv2: B=36, Sq=[16, 16, 16, 16, 16, 16, 16, 16, 16, 16, 16, 16, 16, 16, 16, 16, 16, 16, 16, 16, 16, 16, 16, 16, 16, 16, 16, 16, 16, 16, 16, 16, 2048, 2048, 2048, 2048], Sk=[65536, 65536, 65536, 65536, 65536, 65536, 65536, 65536, 65536, 65536, 65536, 65536, 65536, 65536, 65536, 65536, 65536, 65536, 65536, 65536, 65536, 65536, 65536, 65536, 65536, 65536, 65536, 65536, 65536, 65536, 65536, 65536, 65536, 65536, 65536, 65536], DCP=4, Hkv=2
================================================================================
Config: world_size=8, methods=['dcp_mega_varlen'], QH=32, KVH=2, D=128, TP=8, DCP=4, workload=chunk, execution=eager, baseline_phase_timing=False, warmup=40, iters=60, check=False
Workload: B=36, q_tokens=8704, history_tokens=2359296, q_seqlens=[16, 16, 16, 16, 16, 16, 16, 16, 16, 16, 16, 16, 16, 16, 16, 16, 16, 16, 16, 16, 16, 16, 16, 16, 16, 16, 16, 16, 16, 16, 16, 16, 2048, 2048, 2048, 2048], history_seqlens=[65536, 65536, 65536, 65536, 65536, 65536, 65536, 65536, 65536, 65536, 65536, 65536, 65536, 65536, 65536, 65536, 65536, 65536, 65536, 65536, 65536, 65536, 65536, 65536, 65536, 65536, 65536, 65536, 65536, 65536, 65536, 65536, 65536, 65536, 65536, 65536]
Agg TFLOPS uses useful attention work across all TP ranks and p50(max_across_ranks); Avg/GPU divides it by world_size.
KV GB/s/GPU is average logical BF16 K+V bytes read per TP rank divided by p50(max_across_ranks); it is not hardware-counter HBM traffic.

Running B=36, q_tokens=8704, history_tokens=2359296, causal=True

B=36, q_tokens=8704, history_tokens=2359296, QH=32, KVH=2, D=128, TP=8, DCP=4, mode=causal
Method                   Time ms                                                                                                                                     Agg TFLOPS    Avg/GPU  KV GB/s/GPU      Check  Note
dcp_mega_varlen          t0=2.139, t1=2.137, t2=2.136, t3=2.133, t4=2.101, t5=2.100, t6=2.105, t7=2.096 | p50(max_across_ranks)=2.161, p90(max_across_ranks)=2.176       4387.9      548.5        141.8       skip  eager; output=bf16_ipc_a2a; runner_preallocated; timing=mega_kernel_only
Wrote benchmark JSON to /home/hychen/min_fa3_demo/benchmark_logs/experiment_suite/20260812-231044-dcp-cp-suite/02_dcp_uniform/results/mega/dcp_4/comm_sm_12/d32_c4_kv64k_dcp4_hkv2_eager.json

================================================================================
Mega comm_sm=12, case 64/64: d32_c4_kv128k_dcp4_hkv2: B=36, Sq=[16, 16, 16, 16, 16, 16, 16, 16, 16, 16, 16, 16, 16, 16, 16, 16, 16, 16, 16, 16, 16, 16, 16, 16, 16, 16, 16, 16, 16, 16, 16, 16, 2048, 2048, 2048, 2048], Sk=[131072, 131072, 131072, 131072, 131072, 131072, 131072, 131072, 131072, 131072, 131072, 131072, 131072, 131072, 131072, 131072, 131072, 131072, 131072, 131072, 131072, 131072, 131072, 131072, 131072, 131072, 131072, 131072, 131072, 131072, 131072, 131072, 131072, 131072, 131072, 131072], DCP=4, Hkv=2
================================================================================
Config: world_size=8, methods=['dcp_mega_varlen'], QH=32, KVH=2, D=128, TP=8, DCP=4, workload=chunk, execution=eager, baseline_phase_timing=False, warmup=40, iters=60, check=False
Workload: B=36, q_tokens=8704, history_tokens=4718592, q_seqlens=[16, 16, 16, 16, 16, 16, 16, 16, 16, 16, 16, 16, 16, 16, 16, 16, 16, 16, 16, 16, 16, 16, 16, 16, 16, 16, 16, 16, 16, 16, 16, 16, 2048, 2048, 2048, 2048], history_seqlens=[131072, 131072, 131072, 131072, 131072, 131072, 131072, 131072, 131072, 131072, 131072, 131072, 131072, 131072, 131072, 131072, 131072, 131072, 131072, 131072, 131072, 131072, 131072, 131072, 131072, 131072, 131072, 131072, 131072, 131072, 131072, 131072, 131072, 131072, 131072, 131072]
Agg TFLOPS uses useful attention work across all TP ranks and p50(max_across_ranks); Avg/GPU divides it by world_size.
KV GB/s/GPU is average logical BF16 K+V bytes read per TP rank divided by p50(max_across_ranks); it is not hardware-counter HBM traffic.

Running B=36, q_tokens=8704, history_tokens=4718592, causal=True

B=36, q_tokens=8704, history_tokens=4718592, QH=32, KVH=2, D=128, TP=8, DCP=4, mode=causal
Method                   Time ms                                                                                                                                     Agg TFLOPS    Avg/GPU  KV GB/s/GPU      Check  Note
dcp_mega_varlen          t0=4.107, t1=4.106, t2=4.099, t3=4.102, t4=4.071, t5=4.073, t6=4.069, t7=4.072 | p50(max_across_ranks)=4.109, p90(max_across_ranks)=4.275       4582.0      572.8        148.1       skip  eager; output=bf16_ipc_a2a; runner_preallocated; timing=mega_kernel_only
Wrote benchmark JSON to /home/hychen/min_fa3_demo/benchmark_logs/experiment_suite/20260812-231044-dcp-cp-suite/02_dcp_uniform/results/mega/dcp_4/comm_sm_12/d32_c4_kv128k_dcp4_hkv2_eager.json

Mega comm_sm=12 summary

Mega DCP batch summary
Case                     DCP Method                       p50 ms     p90 ms   Agg TFLOPS
d4_c0_kv16k_dcp4_hkv2      4 dcp_mega_varlen               0.052      0.054        331.9
d4_c0_kv32k_dcp4_hkv2      4 dcp_mega_varlen               0.057      0.058        603.9
d4_c0_kv64k_dcp4_hkv2      4 dcp_mega_varlen               0.068      0.070       1012.6
d4_c0_kv128k_dcp4_hkv2     4 dcp_mega_varlen               0.079      0.081       1739.0
d4_c1_kv16k_dcp4_hkv2      4 dcp_mega_varlen               0.205      0.207       2937.1
d4_c1_kv32k_dcp4_hkv2      4 dcp_mega_varlen               0.335      0.337       3486.6
d4_c1_kv64k_dcp4_hkv2      4 dcp_mega_varlen               0.601      0.603       3831.8
d4_c1_kv128k_dcp4_hkv2     4 dcp_mega_varlen               1.144      1.149       3995.6
d4_c2_kv16k_dcp4_hkv2      4 dcp_mega_varlen               0.380      0.384       3116.2
d4_c2_kv32k_dcp4_hkv2      4 dcp_mega_varlen               0.554      0.557       4154.5
d4_c2_kv64k_dcp4_hkv2      4 dcp_mega_varlen               1.015      1.030       4469.3
d4_c2_kv128k_dcp4_hkv2     4 dcp_mega_varlen               2.026      2.045       4443.0
d4_c4_kv16k_dcp4_hkv2      4 dcp_mega_varlen               0.706      0.715       3332.2
d4_c4_kv32k_dcp4_hkv2      4 dcp_mega_varlen               1.102      1.105       4148.5
d4_c4_kv64k_dcp4_hkv2      4 dcp_mega_varlen               1.981      2.005       4543.5
d4_c4_kv128k_dcp4_hkv2     4 dcp_mega_varlen               3.843      3.926       4649.0
d8_c0_kv16k_dcp4_hkv2      4 dcp_mega_varlen               0.057      0.060        607.6
d8_c0_kv32k_dcp4_hkv2      4 dcp_mega_varlen               0.067      0.068       1028.3
d8_c0_kv64k_dcp4_hkv2      4 dcp_mega_varlen               0.082      0.084       1680.9
d8_c0_kv128k_dcp4_hkv2     4 dcp_mega_varlen               0.108      0.112       2545.3
d8_c1_kv16k_dcp4_hkv2      4 dcp_mega_varlen               0.207      0.213       2986.2
d8_c1_kv32k_dcp4_hkv2      4 dcp_mega_varlen               0.338      0.344       3559.6
d8_c1_kv64k_dcp4_hkv2      4 dcp_mega_varlen               0.606      0.608       3912.0
d8_c1_kv128k_dcp4_hkv2     4 dcp_mega_varlen               1.153      1.159       4081.1
d8_c2_kv16k_dcp4_hkv2      4 dcp_mega_varlen               0.383      0.387       3143.9
d8_c2_kv32k_dcp4_hkv2      4 dcp_mega_varlen               0.558      0.562       4190.1
d8_c2_kv64k_dcp4_hkv2      4 dcp_mega_varlen               1.044      1.052       4412.0
d8_c2_kv128k_dcp4_hkv2     4 dcp_mega_varlen               2.033      2.064       4495.1
d8_c4_kv16k_dcp4_hkv2      4 dcp_mega_varlen               0.713      0.719       3327.4
d8_c4_kv32k_dcp4_hkv2      4 dcp_mega_varlen               1.109      1.114       4152.2
d8_c4_kv64k_dcp4_hkv2      4 dcp_mega_varlen               2.000      2.082       4535.3
d8_c4_kv128k_dcp4_hkv2     4 dcp_mega_varlen               3.847      3.959       4679.6
d16_c0_kv16k_dcp4_hkv2     4 dcp_mega_varlen               0.071      0.072        974.9
d16_c0_kv32k_dcp4_hkv2     4 dcp_mega_varlen               0.087      0.090       1573.4
d16_c0_kv64k_dcp4_hkv2     4 dcp_mega_varlen               0.118      0.125       2330.7
d16_c0_kv128k_dcp4_hkv2    4 dcp_mega_varlen               0.181      0.182       3034.4
d16_c1_kv16k_dcp4_hkv2     4 dcp_mega_varlen               0.219      0.221       2976.1
d16_c1_kv32k_dcp4_hkv2     4 dcp_mega_varlen               0.350      0.353       3628.0
d16_c1_kv64k_dcp4_hkv2     4 dcp_mega_varlen               0.613      0.614       4094.9
d16_c1_kv128k_dcp4_hkv2    4 dcp_mega_varlen               1.186      1.193       4202.3
d16_c2_kv16k_dcp4_hkv2     4 dcp_mega_varlen               0.394      0.405       3141.4
d16_c2_kv32k_dcp4_hkv2     4 dcp_mega_varlen               0.568      0.575       4237.8
d16_c2_kv64k_dcp4_hkv2     4 dcp_mega_varlen               1.078      1.082       4396.9
d16_c2_kv128k_dcp4_hkv2    4 dcp_mega_varlen               2.086      2.119       4512.8
d16_c4_kv16k_dcp4_hkv2     4 dcp_mega_varlen               0.729      0.736       3299.2
d16_c4_kv32k_dcp4_hkv2     4 dcp_mega_varlen               1.145      1.153       4082.8
d16_c4_kv64k_dcp4_hkv2     4 dcp_mega_varlen               2.039      2.088       4516.8
d16_c4_kv128k_dcp4_hkv2    4 dcp_mega_varlen               3.906      4.044       4679.7
d32_c0_kv16k_dcp4_hkv2     4 dcp_mega_varlen               0.104      0.109       1324.7
d32_c0_kv32k_dcp4_hkv2     4 dcp_mega_varlen               0.146      0.148       1882.6
d32_c0_kv64k_dcp4_hkv2     4 dcp_mega_varlen               0.211      0.213       2600.4
d32_c0_kv128k_dcp4_hkv2    4 dcp_mega_varlen               0.365      0.366       3016.6
d32_c1_kv16k_dcp4_hkv2     4 dcp_mega_varlen               0.236      0.238       3064.0
d32_c1_kv32k_dcp4_hkv2     4 dcp_mega_varlen               0.363      0.365       3880.3
d32_c1_kv64k_dcp4_hkv2     4 dcp_mega_varlen               0.656      0.661       4241.2
d32_c1_kv128k_dcp4_hkv2    4 dcp_mega_varlen               1.265      1.269       4371.4
d32_c2_kv16k_dcp4_hkv2     4 dcp_mega_varlen               0.420      0.424       3110.1
d32_c2_kv32k_dcp4_hkv2     4 dcp_mega_varlen               0.639      0.669       3976.3
d32_c2_kv64k_dcp4_hkv2     4 dcp_mega_varlen               1.107      1.119       4532.0
d32_c2_kv128k_dcp4_hkv2    4 dcp_mega_varlen               2.158      2.220       4616.5
d32_c4_kv16k_dcp4_hkv2     4 dcp_mega_varlen               0.768      0.775       3219.9
d32_c4_kv32k_dcp4_hkv2     4 dcp_mega_varlen               1.190      1.197       4044.0
d32_c4_kv64k_dcp4_hkv2     4 dcp_mega_varlen               2.161      2.176       4387.9
d32_c4_kv128k_dcp4_hkv2    4 dcp_mega_varlen               4.109      4.275       4582.0

Mega DCP workload-weighted summary
Topology        DCP Method                     Cases    Mean ms  Mean TFLOPS     Weighted  Weighted/GPU
dcp4_hkv2         4 dcp_mega_varlen               64      0.924       3385.4       4232.2         529.0

================================================================================
Mega comm_sm=16, case 1/64: d4_c0_kv16k_dcp4_hkv2: B=4, Sq=[16, 16, 16, 16], Sk=[16384, 16384, 16384, 16384], DCP=4, Hkv=2
================================================================================
Config: world_size=8, methods=['dcp_mega_varlen'], QH=32, KVH=2, D=128, TP=8, DCP=4, workload=chunk, execution=eager, baseline_phase_timing=False, warmup=40, iters=60, check=False
Workload: B=4, q_tokens=64, history_tokens=65536, q_seqlens=[16, 16, 16, 16], history_seqlens=[16384, 16384, 16384, 16384]
Agg TFLOPS uses useful attention work across all TP ranks and p50(max_across_ranks); Avg/GPU divides it by world_size.
KV GB/s/GPU is average logical BF16 K+V bytes read per TP rank divided by p50(max_across_ranks); it is not hardware-counter HBM traffic.

Running B=4, q_tokens=64, history_tokens=65536, causal=True

B=4, q_tokens=64, history_tokens=65536, QH=32, KVH=2, D=128, TP=8, DCP=4, mode=causal
Method                   Time ms                                                                                                                                     Agg TFLOPS    Avg/GPU  KV GB/s/GPU      Check  Note
dcp_mega_varlen          t0=0.061, t1=0.061, t2=0.061, t3=0.041, t4=0.050, t5=0.051, t6=0.049, t7=0.049 | p50(max_across_ranks)=0.061, p90(max_across_ranks)=0.066        279.6       35.0        137.0       skip  eager; output=bf16_ipc_a2a; runner_preallocated; timing=mega_kernel_only
Wrote benchmark JSON to /home/hychen/min_fa3_demo/benchmark_logs/experiment_suite/20260812-231044-dcp-cp-suite/02_dcp_uniform/results/mega/dcp_4/comm_sm_16/d4_c0_kv16k_dcp4_hkv2_eager.json

================================================================================
Mega comm_sm=16, case 2/64: d4_c0_kv32k_dcp4_hkv2: B=4, Sq=[16, 16, 16, 16], Sk=[32768, 32768, 32768, 32768], DCP=4, Hkv=2
================================================================================
Config: world_size=8, methods=['dcp_mega_varlen'], QH=32, KVH=2, D=128, TP=8, DCP=4, workload=chunk, execution=eager, baseline_phase_timing=False, warmup=40, iters=60, check=False
Workload: B=4, q_tokens=64, history_tokens=131072, q_seqlens=[16, 16, 16, 16], history_seqlens=[32768, 32768, 32768, 32768]
Agg TFLOPS uses useful attention work across all TP ranks and p50(max_across_ranks); Avg/GPU divides it by world_size.
KV GB/s/GPU is average logical BF16 K+V bytes read per TP rank divided by p50(max_across_ranks); it is not hardware-counter HBM traffic.

Running B=4, q_tokens=64, history_tokens=131072, causal=True

B=4, q_tokens=64, history_tokens=131072, QH=32, KVH=2, D=128, TP=8, DCP=4, mode=causal
Method                   Time ms                                                                                                                                     Agg TFLOPS    Avg/GPU  KV GB/s/GPU      Check  Note
dcp_mega_varlen          t0=0.056, t1=0.057, t2=0.056, t3=0.052, t4=0.054, t5=0.055, t6=0.053, t7=0.054 | p50(max_across_ranks)=0.057, p90(max_across_ranks)=0.063        602.7       75.3        294.8       skip  eager; output=bf16_ipc_a2a; runner_preallocated; timing=mega_kernel_only
Wrote benchmark JSON to /home/hychen/min_fa3_demo/benchmark_logs/experiment_suite/20260812-231044-dcp-cp-suite/02_dcp_uniform/results/mega/dcp_4/comm_sm_16/d4_c0_kv32k_dcp4_hkv2_eager.json

================================================================================
Mega comm_sm=16, case 3/64: d4_c0_kv64k_dcp4_hkv2: B=4, Sq=[16, 16, 16, 16], Sk=[65536, 65536, 65536, 65536], DCP=4, Hkv=2
================================================================================
Config: world_size=8, methods=['dcp_mega_varlen'], QH=32, KVH=2, D=128, TP=8, DCP=4, workload=chunk, execution=eager, baseline_phase_timing=False, warmup=40, iters=60, check=False
Workload: B=4, q_tokens=64, history_tokens=262144, q_seqlens=[16, 16, 16, 16], history_seqlens=[65536, 65536, 65536, 65536]
Agg TFLOPS uses useful attention work across all TP ranks and p50(max_across_ranks); Avg/GPU divides it by world_size.
KV GB/s/GPU is average logical BF16 K+V bytes read per TP rank divided by p50(max_across_ranks); it is not hardware-counter HBM traffic.

Running B=4, q_tokens=64, history_tokens=262144, causal=True

B=4, q_tokens=64, history_tokens=262144, QH=32, KVH=2, D=128, TP=8, DCP=4, mode=causal
Method                   Time ms                                                                                                                                     Agg TFLOPS    Avg/GPU  KV GB/s/GPU      Check  Note
dcp_mega_varlen          t0=0.066, t1=0.066, t2=0.066, t3=0.063, t4=0.064, t5=0.066, t6=0.063, t7=0.065 | p50(max_across_ranks)=0.067, p90(max_across_ranks)=0.069       1026.2      128.3        501.5       skip  eager; output=bf16_ipc_a2a; runner_preallocated; timing=mega_kernel_only
Wrote benchmark JSON to /home/hychen/min_fa3_demo/benchmark_logs/experiment_suite/20260812-231044-dcp-cp-suite/02_dcp_uniform/results/mega/dcp_4/comm_sm_16/d4_c0_kv64k_dcp4_hkv2_eager.json

================================================================================
Mega comm_sm=16, case 4/64: d4_c0_kv128k_dcp4_hkv2: B=4, Sq=[16, 16, 16, 16], Sk=[131072, 131072, 131072, 131072], DCP=4, Hkv=2
================================================================================
Config: world_size=8, methods=['dcp_mega_varlen'], QH=32, KVH=2, D=128, TP=8, DCP=4, workload=chunk, execution=eager, baseline_phase_timing=False, warmup=40, iters=60, check=False
Workload: B=4, q_tokens=64, history_tokens=524288, q_seqlens=[16, 16, 16, 16], history_seqlens=[131072, 131072, 131072, 131072]
Agg TFLOPS uses useful attention work across all TP ranks and p50(max_across_ranks); Avg/GPU divides it by world_size.
KV GB/s/GPU is average logical BF16 K+V bytes read per TP rank divided by p50(max_across_ranks); it is not hardware-counter HBM traffic.

Running B=4, q_tokens=64, history_tokens=524288, causal=True

B=4, q_tokens=64, history_tokens=524288, QH=32, KVH=2, D=128, TP=8, DCP=4, mode=causal
Method                   Time ms                                                                                                                                     Agg TFLOPS    Avg/GPU  KV GB/s/GPU      Check  Note
dcp_mega_varlen          t0=0.078, t1=0.079, t2=0.078, t3=0.074, t4=0.076, t5=0.077, t6=0.075, t7=0.076 | p50(max_across_ranks)=0.079, p90(max_across_ranks)=0.081       1740.4      217.5        850.2       skip  eager; output=bf16_ipc_a2a; runner_preallocated; timing=mega_kernel_only
Wrote benchmark JSON to /home/hychen/min_fa3_demo/benchmark_logs/experiment_suite/20260812-231044-dcp-cp-suite/02_dcp_uniform/results/mega/dcp_4/comm_sm_16/d4_c0_kv128k_dcp4_hkv2_eager.json

================================================================================
Mega comm_sm=16, case 5/64: d4_c1_kv16k_dcp4_hkv2: B=5, Sq=[16, 16, 16, 16, 2048], Sk=[16384, 16384, 16384, 16384, 16384], DCP=4, Hkv=2
================================================================================
Config: world_size=8, methods=['dcp_mega_varlen'], QH=32, KVH=2, D=128, TP=8, DCP=4, workload=chunk, execution=eager, baseline_phase_timing=False, warmup=40, iters=60, check=False
Workload: B=5, q_tokens=2112, history_tokens=81920, q_seqlens=[16, 16, 16, 16, 2048], history_seqlens=[16384, 16384, 16384, 16384, 16384]
Agg TFLOPS uses useful attention work across all TP ranks and p50(max_across_ranks); Avg/GPU divides it by world_size.
KV GB/s/GPU is average logical BF16 K+V bytes read per TP rank divided by p50(max_across_ranks); it is not hardware-counter HBM traffic.

Running B=5, q_tokens=2112, history_tokens=81920, causal=True

B=5, q_tokens=2112, history_tokens=81920, QH=32, KVH=2, D=128, TP=8, DCP=4, mode=causal
Method                   Time ms                                                                                                                                     Agg TFLOPS    Avg/GPU  KV GB/s/GPU      Check  Note
dcp_mega_varlen          t0=0.205, t1=0.206, t2=0.205, t3=0.202, t4=0.204, t5=0.205, t6=0.203, t7=0.203 | p50(max_across_ranks)=0.206, p90(max_across_ranks)=0.208       2914.1      364.3         56.1       skip  eager; output=bf16_ipc_a2a; runner_preallocated; timing=mega_kernel_only
Wrote benchmark JSON to /home/hychen/min_fa3_demo/benchmark_logs/experiment_suite/20260812-231044-dcp-cp-suite/02_dcp_uniform/results/mega/dcp_4/comm_sm_16/d4_c1_kv16k_dcp4_hkv2_eager.json

================================================================================
Mega comm_sm=16, case 6/64: d4_c1_kv32k_dcp4_hkv2: B=5, Sq=[16, 16, 16, 16, 2048], Sk=[32768, 32768, 32768, 32768, 32768], DCP=4, Hkv=2
================================================================================
Config: world_size=8, methods=['dcp_mega_varlen'], QH=32, KVH=2, D=128, TP=8, DCP=4, workload=chunk, execution=eager, baseline_phase_timing=False, warmup=40, iters=60, check=False
Workload: B=5, q_tokens=2112, history_tokens=163840, q_seqlens=[16, 16, 16, 16, 2048], history_seqlens=[32768, 32768, 32768, 32768, 32768]
Agg TFLOPS uses useful attention work across all TP ranks and p50(max_across_ranks); Avg/GPU divides it by world_size.
KV GB/s/GPU is average logical BF16 K+V bytes read per TP rank divided by p50(max_across_ranks); it is not hardware-counter HBM traffic.

Running B=5, q_tokens=2112, history_tokens=163840, causal=True

B=5, q_tokens=2112, history_tokens=163840, QH=32, KVH=2, D=128, TP=8, DCP=4, mode=causal
Method                   Time ms                                                                                                                                     Agg TFLOPS    Avg/GPU  KV GB/s/GPU      Check  Note
dcp_mega_varlen          t0=0.336, t1=0.335, t2=0.335, t3=0.333, t4=0.332, t5=0.334, t6=0.331, t7=0.333 | p50(max_across_ranks)=0.336, p90(max_across_ranks)=0.340       3472.2      434.0         65.5       skip  eager; output=bf16_ipc_a2a; runner_preallocated; timing=mega_kernel_only
Wrote benchmark JSON to /home/hychen/min_fa3_demo/benchmark_logs/experiment_suite/20260812-231044-dcp-cp-suite/02_dcp_uniform/results/mega/dcp_4/comm_sm_16/d4_c1_kv32k_dcp4_hkv2_eager.json

================================================================================
Mega comm_sm=16, case 7/64: d4_c1_kv64k_dcp4_hkv2: B=5, Sq=[16, 16, 16, 16, 2048], Sk=[65536, 65536, 65536, 65536, 65536], DCP=4, Hkv=2
================================================================================
Config: world_size=8, methods=['dcp_mega_varlen'], QH=32, KVH=2, D=128, TP=8, DCP=4, workload=chunk, execution=eager, baseline_phase_timing=False, warmup=40, iters=60, check=False
Workload: B=5, q_tokens=2112, history_tokens=327680, q_seqlens=[16, 16, 16, 16, 2048], history_seqlens=[65536, 65536, 65536, 65536, 65536]
Agg TFLOPS uses useful attention work across all TP ranks and p50(max_across_ranks); Avg/GPU divides it by world_size.
KV GB/s/GPU is average logical BF16 K+V bytes read per TP rank divided by p50(max_across_ranks); it is not hardware-counter HBM traffic.

Running B=5, q_tokens=2112, history_tokens=327680, causal=True

B=5, q_tokens=2112, history_tokens=327680, QH=32, KVH=2, D=128, TP=8, DCP=4, mode=causal
Method                   Time ms                                                                                                                                     Agg TFLOPS    Avg/GPU  KV GB/s/GPU      Check  Note
dcp_mega_varlen          t0=0.599, t1=0.599, t2=0.598, t3=0.595, t4=0.595, t5=0.596, t6=0.592, t7=0.594 | p50(max_across_ranks)=0.600, p90(max_across_ranks)=0.601       3837.9      479.7         71.7       skip  eager; output=bf16_ipc_a2a; runner_preallocated; timing=mega_kernel_only
Wrote benchmark JSON to /home/hychen/min_fa3_demo/benchmark_logs/experiment_suite/20260812-231044-dcp-cp-suite/02_dcp_uniform/results/mega/dcp_4/comm_sm_16/d4_c1_kv64k_dcp4_hkv2_eager.json

================================================================================
Mega comm_sm=16, case 8/64: d4_c1_kv128k_dcp4_hkv2: B=5, Sq=[16, 16, 16, 16, 2048], Sk=[131072, 131072, 131072, 131072, 131072], DCP=4, Hkv=2
================================================================================
Config: world_size=8, methods=['dcp_mega_varlen'], QH=32, KVH=2, D=128, TP=8, DCP=4, workload=chunk, execution=eager, baseline_phase_timing=False, warmup=40, iters=60, check=False
Workload: B=5, q_tokens=2112, history_tokens=655360, q_seqlens=[16, 16, 16, 16, 2048], history_seqlens=[131072, 131072, 131072, 131072, 131072]
Agg TFLOPS uses useful attention work across all TP ranks and p50(max_across_ranks); Avg/GPU divides it by world_size.
KV GB/s/GPU is average logical BF16 K+V bytes read per TP rank divided by p50(max_across_ranks); it is not hardware-counter HBM traffic.

Running B=5, q_tokens=2112, history_tokens=655360, causal=True

B=5, q_tokens=2112, history_tokens=655360, QH=32, KVH=2, D=128, TP=8, DCP=4, mode=causal
Method                   Time ms                                                                                                                                     Agg TFLOPS    Avg/GPU  KV GB/s/GPU      Check  Note
dcp_mega_varlen          t0=1.130, t1=1.136, t2=1.133, t3=1.130, t4=1.135, t5=1.137, t6=1.134, t7=1.128 | p50(max_across_ranks)=1.139, p90(max_across_ranks)=1.142       4012.3      501.5         74.6       skip  eager; output=bf16_ipc_a2a; runner_preallocated; timing=mega_kernel_only
Wrote benchmark JSON to /home/hychen/min_fa3_demo/benchmark_logs/experiment_suite/20260812-231044-dcp-cp-suite/02_dcp_uniform/results/mega/dcp_4/comm_sm_16/d4_c1_kv128k_dcp4_hkv2_eager.json

================================================================================
Mega comm_sm=16, case 9/64: d4_c2_kv16k_dcp4_hkv2: B=6, Sq=[16, 16, 16, 16, 2048, 2048], Sk=[16384, 16384, 16384, 16384, 16384, 16384], DCP=4, Hkv=2
================================================================================
Config: world_size=8, methods=['dcp_mega_varlen'], QH=32, KVH=2, D=128, TP=8, DCP=4, workload=chunk, execution=eager, baseline_phase_timing=False, warmup=40, iters=60, check=False
Workload: B=6, q_tokens=4160, history_tokens=98304, q_seqlens=[16, 16, 16, 16, 2048, 2048], history_seqlens=[16384, 16384, 16384, 16384, 16384, 16384]
Agg TFLOPS uses useful attention work across all TP ranks and p50(max_across_ranks); Avg/GPU divides it by world_size.
KV GB/s/GPU is average logical BF16 K+V bytes read per TP rank divided by p50(max_across_ranks); it is not hardware-counter HBM traffic.

Running B=6, q_tokens=4160, history_tokens=98304, causal=True

B=6, q_tokens=4160, history_tokens=98304, QH=32, KVH=2, D=128, TP=8, DCP=4, mode=causal
Method                   Time ms                                                                                                                                     Agg TFLOPS    Avg/GPU  KV GB/s/GPU      Check  Note
dcp_mega_varlen          t0=0.363, t1=0.364, t2=0.363, t3=0.360, t4=0.362, t5=0.363, t6=0.361, t7=0.362 | p50(max_across_ranks)=0.366, p90(max_across_ranks)=0.370       3236.3      404.5         40.2       skip  eager; output=bf16_ipc_a2a; runner_preallocated; timing=mega_kernel_only
Wrote benchmark JSON to /home/hychen/min_fa3_demo/benchmark_logs/experiment_suite/20260812-231044-dcp-cp-suite/02_dcp_uniform/results/mega/dcp_4/comm_sm_16/d4_c2_kv16k_dcp4_hkv2_eager.json

================================================================================
Mega comm_sm=16, case 10/64: d4_c2_kv32k_dcp4_hkv2: B=6, Sq=[16, 16, 16, 16, 2048, 2048], Sk=[32768, 32768, 32768, 32768, 32768, 32768], DCP=4, Hkv=2
================================================================================
Config: world_size=8, methods=['dcp_mega_varlen'], QH=32, KVH=2, D=128, TP=8, DCP=4, workload=chunk, execution=eager, baseline_phase_timing=False, warmup=40, iters=60, check=False
Workload: B=6, q_tokens=4160, history_tokens=196608, q_seqlens=[16, 16, 16, 16, 2048, 2048], history_seqlens=[32768, 32768, 32768, 32768, 32768, 32768]
Agg TFLOPS uses useful attention work across all TP ranks and p50(max_across_ranks); Avg/GPU divides it by world_size.
KV GB/s/GPU is average logical BF16 K+V bytes read per TP rank divided by p50(max_across_ranks); it is not hardware-counter HBM traffic.

Running B=6, q_tokens=4160, history_tokens=196608, causal=True

B=6, q_tokens=4160, history_tokens=196608, QH=32, KVH=2, D=128, TP=8, DCP=4, mode=causal
Method                   Time ms                                                                                                                                     Agg TFLOPS    Avg/GPU  KV GB/s/GPU      Check  Note
dcp_mega_varlen          t0=0.548, t1=0.550, t2=0.548, t3=0.551, t4=0.549, t5=0.547, t6=0.546, t7=0.554 | p50(max_across_ranks)=0.556, p90(max_across_ranks)=0.562       4143.2      517.9         49.1       skip  eager; output=bf16_ipc_a2a; runner_preallocated; timing=mega_kernel_only
Wrote benchmark JSON to /home/hychen/min_fa3_demo/benchmark_logs/experiment_suite/20260812-231044-dcp-cp-suite/02_dcp_uniform/results/mega/dcp_4/comm_sm_16/d4_c2_kv32k_dcp4_hkv2_eager.json

================================================================================
Mega comm_sm=16, case 11/64: d4_c2_kv64k_dcp4_hkv2: B=6, Sq=[16, 16, 16, 16, 2048, 2048], Sk=[65536, 65536, 65536, 65536, 65536, 65536], DCP=4, Hkv=2
================================================================================
Config: world_size=8, methods=['dcp_mega_varlen'], QH=32, KVH=2, D=128, TP=8, DCP=4, workload=chunk, execution=eager, baseline_phase_timing=False, warmup=40, iters=60, check=False
Workload: B=6, q_tokens=4160, history_tokens=393216, q_seqlens=[16, 16, 16, 16, 2048, 2048], history_seqlens=[65536, 65536, 65536, 65536, 65536, 65536]
Agg TFLOPS uses useful attention work across all TP ranks and p50(max_across_ranks); Avg/GPU divides it by world_size.
KV GB/s/GPU is average logical BF16 K+V bytes read per TP rank divided by p50(max_across_ranks); it is not hardware-counter HBM traffic.

Running B=6, q_tokens=4160, history_tokens=393216, causal=True

B=6, q_tokens=4160, history_tokens=393216, QH=32, KVH=2, D=128, TP=8, DCP=4, mode=causal
Method                   Time ms                                                                                                                                     Agg TFLOPS    Avg/GPU  KV GB/s/GPU      Check  Note
dcp_mega_varlen          t0=1.038, t1=1.031, t2=1.030, t3=1.031, t4=1.003, t5=1.006, t6=1.004, t7=1.013 | p50(max_across_ranks)=1.038, p90(max_across_ranks)=1.044       4369.8      546.2         50.5       skip  eager; output=bf16_ipc_a2a; runner_preallocated; timing=mega_kernel_only
Wrote benchmark JSON to /home/hychen/min_fa3_demo/benchmark_logs/experiment_suite/20260812-231044-dcp-cp-suite/02_dcp_uniform/results/mega/dcp_4/comm_sm_16/d4_c2_kv64k_dcp4_hkv2_eager.json

================================================================================
Mega comm_sm=16, case 12/64: d4_c2_kv128k_dcp4_hkv2: B=6, Sq=[16, 16, 16, 16, 2048, 2048], Sk=[131072, 131072, 131072, 131072, 131072, 131072], DCP=4, Hkv=2
================================================================================
Config: world_size=8, methods=['dcp_mega_varlen'], QH=32, KVH=2, D=128, TP=8, DCP=4, workload=chunk, execution=eager, baseline_phase_timing=False, warmup=40, iters=60, check=False
Workload: B=6, q_tokens=4160, history_tokens=786432, q_seqlens=[16, 16, 16, 16, 2048, 2048], history_seqlens=[131072, 131072, 131072, 131072, 131072, 131072]
Agg TFLOPS uses useful attention work across all TP ranks and p50(max_across_ranks); Avg/GPU divides it by world_size.
KV GB/s/GPU is average logical BF16 K+V bytes read per TP rank divided by p50(max_across_ranks); it is not hardware-counter HBM traffic.

Running B=6, q_tokens=4160, history_tokens=786432, causal=True

B=6, q_tokens=4160, history_tokens=786432, QH=32, KVH=2, D=128, TP=8, DCP=4, mode=causal
Method                   Time ms                                                                                                                                     Agg TFLOPS    Avg/GPU  KV GB/s/GPU      Check  Note
dcp_mega_varlen          t0=2.013, t1=2.017, t2=2.015, t3=2.009, t4=1.972, t5=1.973, t6=1.976, t7=1.977 | p50(max_across_ranks)=2.017, p90(max_across_ranks)=2.064       4462.9      557.9         51.0       skip  eager; output=bf16_ipc_a2a; runner_preallocated; timing=mega_kernel_only
Wrote benchmark JSON to /home/hychen/min_fa3_demo/benchmark_logs/experiment_suite/20260812-231044-dcp-cp-suite/02_dcp_uniform/results/mega/dcp_4/comm_sm_16/d4_c2_kv128k_dcp4_hkv2_eager.json

================================================================================
Mega comm_sm=16, case 13/64: d4_c4_kv16k_dcp4_hkv2: B=8, Sq=[16, 16, 16, 16, 2048, 2048, 2048, 2048], Sk=[16384, 16384, 16384, 16384, 16384, 16384, 16384, 16384], DCP=4, Hkv=2
================================================================================
Config: world_size=8, methods=['dcp_mega_varlen'], QH=32, KVH=2, D=128, TP=8, DCP=4, workload=chunk, execution=eager, baseline_phase_timing=False, warmup=40, iters=60, check=False
Workload: B=8, q_tokens=8256, history_tokens=131072, q_seqlens=[16, 16, 16, 16, 2048, 2048, 2048, 2048], history_seqlens=[16384, 16384, 16384, 16384, 16384, 16384, 16384, 16384]
Agg TFLOPS uses useful attention work across all TP ranks and p50(max_across_ranks); Avg/GPU divides it by world_size.
KV GB/s/GPU is average logical BF16 K+V bytes read per TP rank divided by p50(max_across_ranks); it is not hardware-counter HBM traffic.

Running B=8, q_tokens=8256, history_tokens=131072, causal=True

B=8, q_tokens=8256, history_tokens=131072, QH=32, KVH=2, D=128, TP=8, DCP=4, mode=causal
Method                   Time ms                                                                                                                                     Agg TFLOPS    Avg/GPU  KV GB/s/GPU      Check  Note
dcp_mega_varlen          t0=0.697, t1=0.708, t2=0.698, t3=0.707, t4=0.704, t5=0.699, t6=0.701, t7=0.701 | p50(max_across_ranks)=0.709, p90(max_across_ranks)=0.711       3320.9      415.1         29.6       skip  eager; output=bf16_ipc_a2a; runner_preallocated; timing=mega_kernel_only
Wrote benchmark JSON to /home/hychen/min_fa3_demo/benchmark_logs/experiment_suite/20260812-231044-dcp-cp-suite/02_dcp_uniform/results/mega/dcp_4/comm_sm_16/d4_c4_kv16k_dcp4_hkv2_eager.json

================================================================================
Mega comm_sm=16, case 14/64: d4_c4_kv32k_dcp4_hkv2: B=8, Sq=[16, 16, 16, 16, 2048, 2048, 2048, 2048], Sk=[32768, 32768, 32768, 32768, 32768, 32768, 32768, 32768], DCP=4, Hkv=2
================================================================================
Config: world_size=8, methods=['dcp_mega_varlen'], QH=32, KVH=2, D=128, TP=8, DCP=4, workload=chunk, execution=eager, baseline_phase_timing=False, warmup=40, iters=60, check=False
Workload: B=8, q_tokens=8256, history_tokens=262144, q_seqlens=[16, 16, 16, 16, 2048, 2048, 2048, 2048], history_seqlens=[32768, 32768, 32768, 32768, 32768, 32768, 32768, 32768]
Agg TFLOPS uses useful attention work across all TP ranks and p50(max_across_ranks); Avg/GPU divides it by world_size.
KV GB/s/GPU is average logical BF16 K+V bytes read per TP rank divided by p50(max_across_ranks); it is not hardware-counter HBM traffic.

Running B=8, q_tokens=8256, history_tokens=262144, causal=True

B=8, q_tokens=8256, history_tokens=262144, QH=32, KVH=2, D=128, TP=8, DCP=4, mode=causal
Method                   Time ms                                                                                                                                     Agg TFLOPS    Avg/GPU  KV GB/s/GPU      Check  Note
dcp_mega_varlen          t0=1.096, t1=1.118, t2=1.100, t3=1.128, t4=1.110, t5=1.108, t6=1.132, t7=1.131 | p50(max_across_ranks)=1.134, p90(max_across_ranks)=1.141       4028.3      503.5         33.3       skip  eager; output=bf16_ipc_a2a; runner_preallocated; timing=mega_kernel_only
Wrote benchmark JSON to /home/hychen/min_fa3_demo/benchmark_logs/experiment_suite/20260812-231044-dcp-cp-suite/02_dcp_uniform/results/mega/dcp_4/comm_sm_16/d4_c4_kv32k_dcp4_hkv2_eager.json

================================================================================
Mega comm_sm=16, case 15/64: d4_c4_kv64k_dcp4_hkv2: B=8, Sq=[16, 16, 16, 16, 2048, 2048, 2048, 2048], Sk=[65536, 65536, 65536, 65536, 65536, 65536, 65536, 65536], DCP=4, Hkv=2
================================================================================
Config: world_size=8, methods=['dcp_mega_varlen'], QH=32, KVH=2, D=128, TP=8, DCP=4, workload=chunk, execution=eager, baseline_phase_timing=False, warmup=40, iters=60, check=False
Workload: B=8, q_tokens=8256, history_tokens=524288, q_seqlens=[16, 16, 16, 16, 2048, 2048, 2048, 2048], history_seqlens=[65536, 65536, 65536, 65536, 65536, 65536, 65536, 65536]
Agg TFLOPS uses useful attention work across all TP ranks and p50(max_across_ranks); Avg/GPU divides it by world_size.
KV GB/s/GPU is average logical BF16 K+V bytes read per TP rank divided by p50(max_across_ranks); it is not hardware-counter HBM traffic.

Running B=8, q_tokens=8256, history_tokens=524288, causal=True

B=8, q_tokens=8256, history_tokens=524288, QH=32, KVH=2, D=128, TP=8, DCP=4, mode=causal
Method                   Time ms                                                                                                                                     Agg TFLOPS    Avg/GPU  KV GB/s/GPU      Check  Note
dcp_mega_varlen          t0=2.001, t1=2.018, t2=2.013, t3=2.003, t4=1.926, t5=1.910, t6=1.943, t7=1.912 | p50(max_across_ranks)=2.019, p90(max_across_ranks)=2.060       4458.8      557.3         35.3       skip  eager; output=bf16_ipc_a2a; runner_preallocated; timing=mega_kernel_only
Wrote benchmark JSON to /home/hychen/min_fa3_demo/benchmark_logs/experiment_suite/20260812-231044-dcp-cp-suite/02_dcp_uniform/results/mega/dcp_4/comm_sm_16/d4_c4_kv64k_dcp4_hkv2_eager.json

================================================================================
Mega comm_sm=16, case 16/64: d4_c4_kv128k_dcp4_hkv2: B=8, Sq=[16, 16, 16, 16, 2048, 2048, 2048, 2048], Sk=[131072, 131072, 131072, 131072, 131072, 131072, 131072, 131072], DCP=4, Hkv=2
================================================================================
Config: world_size=8, methods=['dcp_mega_varlen'], QH=32, KVH=2, D=128, TP=8, DCP=4, workload=chunk, execution=eager, baseline_phase_timing=False, warmup=40, iters=60, check=False
Workload: B=8, q_tokens=8256, history_tokens=1048576, q_seqlens=[16, 16, 16, 16, 2048, 2048, 2048, 2048], history_seqlens=[131072, 131072, 131072, 131072, 131072, 131072, 131072, 131072]
Agg TFLOPS uses useful attention work across all TP ranks and p50(max_across_ranks); Avg/GPU divides it by world_size.
KV GB/s/GPU is average logical BF16 K+V bytes read per TP rank divided by p50(max_across_ranks); it is not hardware-counter HBM traffic.

Running B=8, q_tokens=8256, history_tokens=1048576, causal=True

B=8, q_tokens=8256, history_tokens=1048576, QH=32, KVH=2, D=128, TP=8, DCP=4, mode=causal
Method                   Time ms                                                                                                                                     Agg TFLOPS    Avg/GPU  KV GB/s/GPU      Check  Note
dcp_mega_varlen          t0=3.756, t1=3.777, t2=3.757, t3=3.778, t4=3.818, t5=3.819, t6=3.800, t7=3.814 | p50(max_across_ranks)=3.876, p90(max_across_ranks)=3.954       4610.0      576.3         35.7       skip  eager; output=bf16_ipc_a2a; runner_preallocated; timing=mega_kernel_only
Wrote benchmark JSON to /home/hychen/min_fa3_demo/benchmark_logs/experiment_suite/20260812-231044-dcp-cp-suite/02_dcp_uniform/results/mega/dcp_4/comm_sm_16/d4_c4_kv128k_dcp4_hkv2_eager.json

================================================================================
Mega comm_sm=16, case 17/64: d8_c0_kv16k_dcp4_hkv2: B=8, Sq=[16, 16, 16, 16, 16, 16, 16, 16], Sk=[16384, 16384, 16384, 16384, 16384, 16384, 16384, 16384], DCP=4, Hkv=2
================================================================================
Config: world_size=8, methods=['dcp_mega_varlen'], QH=32, KVH=2, D=128, TP=8, DCP=4, workload=chunk, execution=eager, baseline_phase_timing=False, warmup=40, iters=60, check=False
Workload: B=8, q_tokens=128, history_tokens=131072, q_seqlens=[16, 16, 16, 16, 16, 16, 16, 16], history_seqlens=[16384, 16384, 16384, 16384, 16384, 16384, 16384, 16384]
Agg TFLOPS uses useful attention work across all TP ranks and p50(max_across_ranks); Avg/GPU divides it by world_size.
KV GB/s/GPU is average logical BF16 K+V bytes read per TP rank divided by p50(max_across_ranks); it is not hardware-counter HBM traffic.

Running B=8, q_tokens=128, history_tokens=131072, causal=True

B=8, q_tokens=128, history_tokens=131072, QH=32, KVH=2, D=128, TP=8, DCP=4, mode=causal
Method                   Time ms                                                                                                                                     Agg TFLOPS    Avg/GPU  KV GB/s/GPU      Check  Note
dcp_mega_varlen          t0=0.055, t1=0.056, t2=0.055, t3=0.052, t4=0.054, t5=0.056, t6=0.053, t7=0.055 | p50(max_across_ranks)=0.057, p90(max_across_ranks)=0.060        603.7       75.5        295.8       skip  eager; output=bf16_ipc_a2a; runner_preallocated; timing=mega_kernel_only
Wrote benchmark JSON to /home/hychen/min_fa3_demo/benchmark_logs/experiment_suite/20260812-231044-dcp-cp-suite/02_dcp_uniform/results/mega/dcp_4/comm_sm_16/d8_c0_kv16k_dcp4_hkv2_eager.json

================================================================================
Mega comm_sm=16, case 18/64: d8_c0_kv32k_dcp4_hkv2: B=8, Sq=[16, 16, 16, 16, 16, 16, 16, 16], Sk=[32768, 32768, 32768, 32768, 32768, 32768, 32768, 32768], DCP=4, Hkv=2
================================================================================
Config: world_size=8, methods=['dcp_mega_varlen'], QH=32, KVH=2, D=128, TP=8, DCP=4, workload=chunk, execution=eager, baseline_phase_timing=False, warmup=40, iters=60, check=False
Workload: B=8, q_tokens=128, history_tokens=262144, q_seqlens=[16, 16, 16, 16, 16, 16, 16, 16], history_seqlens=[32768, 32768, 32768, 32768, 32768, 32768, 32768, 32768]
Agg TFLOPS uses useful attention work across all TP ranks and p50(max_across_ranks); Avg/GPU divides it by world_size.
KV GB/s/GPU is average logical BF16 K+V bytes read per TP rank divided by p50(max_across_ranks); it is not hardware-counter HBM traffic.

Running B=8, q_tokens=128, history_tokens=262144, causal=True

B=8, q_tokens=128, history_tokens=262144, QH=32, KVH=2, D=128, TP=8, DCP=4, mode=causal
Method                   Time ms                                                                                                                                     Agg TFLOPS    Avg/GPU  KV GB/s/GPU      Check  Note
dcp_mega_varlen          t0=0.066, t1=0.067, t2=0.066, t3=0.062, t4=0.063, t5=0.065, t6=0.063, t7=0.064 | p50(max_across_ranks)=0.067, p90(max_across_ranks)=0.070       1021.7      127.7        499.7       skip  eager; output=bf16_ipc_a2a; runner_preallocated; timing=mega_kernel_only
Wrote benchmark JSON to /home/hychen/min_fa3_demo/benchmark_logs/experiment_suite/20260812-231044-dcp-cp-suite/02_dcp_uniform/results/mega/dcp_4/comm_sm_16/d8_c0_kv32k_dcp4_hkv2_eager.json

================================================================================
Mega comm_sm=16, case 19/64: d8_c0_kv64k_dcp4_hkv2: B=8, Sq=[16, 16, 16, 16, 16, 16, 16, 16], Sk=[65536, 65536, 65536, 65536, 65536, 65536, 65536, 65536], DCP=4, Hkv=2
================================================================================
Config: world_size=8, methods=['dcp_mega_varlen'], QH=32, KVH=2, D=128, TP=8, DCP=4, workload=chunk, execution=eager, baseline_phase_timing=False, warmup=40, iters=60, check=False
Workload: B=8, q_tokens=128, history_tokens=524288, q_seqlens=[16, 16, 16, 16, 16, 16, 16, 16], history_seqlens=[65536, 65536, 65536, 65536, 65536, 65536, 65536, 65536]
Agg TFLOPS uses useful attention work across all TP ranks and p50(max_across_ranks); Avg/GPU divides it by world_size.
KV GB/s/GPU is average logical BF16 K+V bytes read per TP rank divided by p50(max_across_ranks); it is not hardware-counter HBM traffic.

Running B=8, q_tokens=128, history_tokens=524288, causal=True

B=8, q_tokens=128, history_tokens=524288, QH=32, KVH=2, D=128, TP=8, DCP=4, mode=causal
Method                   Time ms                                                                                                                                     Agg TFLOPS    Avg/GPU  KV GB/s/GPU      Check  Note
dcp_mega_varlen          t0=0.081, t1=0.082, t2=0.081, t3=0.077, t4=0.079, t5=0.080, t6=0.078, t7=0.079 | p50(max_across_ranks)=0.082, p90(max_across_ranks)=0.084       1673.7      209.2        817.9       skip  eager; output=bf16_ipc_a2a; runner_preallocated; timing=mega_kernel_only
Wrote benchmark JSON to /home/hychen/min_fa3_demo/benchmark_logs/experiment_suite/20260812-231044-dcp-cp-suite/02_dcp_uniform/results/mega/dcp_4/comm_sm_16/d8_c0_kv64k_dcp4_hkv2_eager.json

================================================================================
Mega comm_sm=16, case 20/64: d8_c0_kv128k_dcp4_hkv2: B=8, Sq=[16, 16, 16, 16, 16, 16, 16, 16], Sk=[131072, 131072, 131072, 131072, 131072, 131072, 131072, 131072], DCP=4, Hkv=2
================================================================================
Config: world_size=8, methods=['dcp_mega_varlen'], QH=32, KVH=2, D=128, TP=8, DCP=4, workload=chunk, execution=eager, baseline_phase_timing=False, warmup=40, iters=60, check=False
Workload: B=8, q_tokens=128, history_tokens=1048576, q_seqlens=[16, 16, 16, 16, 16, 16, 16, 16], history_seqlens=[131072, 131072, 131072, 131072, 131072, 131072, 131072, 131072]
Agg TFLOPS uses useful attention work across all TP ranks and p50(max_across_ranks); Avg/GPU divides it by world_size.
KV GB/s/GPU is average logical BF16 K+V bytes read per TP rank divided by p50(max_across_ranks); it is not hardware-counter HBM traffic.

Running B=8, q_tokens=128, history_tokens=1048576, causal=True

B=8, q_tokens=128, history_tokens=1048576, QH=32, KVH=2, D=128, TP=8, DCP=4, mode=causal
Method                   Time ms                                                                                                                                     Agg TFLOPS    Avg/GPU  KV GB/s/GPU      Check  Note
dcp_mega_varlen          t0=0.107, t1=0.108, t2=0.107, t3=0.104, t4=0.105, t5=0.107, t6=0.104, t7=0.106 | p50(max_across_ranks)=0.109, p90(max_across_ranks)=0.112       2532.6      316.6       1237.1       skip  eager; output=bf16_ipc_a2a; runner_preallocated; timing=mega_kernel_only
Wrote benchmark JSON to /home/hychen/min_fa3_demo/benchmark_logs/experiment_suite/20260812-231044-dcp-cp-suite/02_dcp_uniform/results/mega/dcp_4/comm_sm_16/d8_c0_kv128k_dcp4_hkv2_eager.json

================================================================================
Mega comm_sm=16, case 21/64: d8_c1_kv16k_dcp4_hkv2: B=9, Sq=[16, 16, 16, 16, 16, 16, 16, 16, 2048], Sk=[16384, 16384, 16384, 16384, 16384, 16384, 16384, 16384, 16384], DCP=4, Hkv=2
================================================================================
Config: world_size=8, methods=['dcp_mega_varlen'], QH=32, KVH=2, D=128, TP=8, DCP=4, workload=chunk, execution=eager, baseline_phase_timing=False, warmup=40, iters=60, check=False
Workload: B=9, q_tokens=2176, history_tokens=147456, q_seqlens=[16, 16, 16, 16, 16, 16, 16, 16, 2048], history_seqlens=[16384, 16384, 16384, 16384, 16384, 16384, 16384, 16384, 16384]
Agg TFLOPS uses useful attention work across all TP ranks and p50(max_across_ranks); Avg/GPU divides it by world_size.
KV GB/s/GPU is average logical BF16 K+V bytes read per TP rank divided by p50(max_across_ranks); it is not hardware-counter HBM traffic.

Running B=9, q_tokens=2176, history_tokens=147456, causal=True

B=9, q_tokens=2176, history_tokens=147456, QH=32, KVH=2, D=128, TP=8, DCP=4, mode=causal
Method                   Time ms                                                                                                                                     Agg TFLOPS    Avg/GPU  KV GB/s/GPU      Check  Note
dcp_mega_varlen          t0=0.207, t1=0.207, t2=0.207, t3=0.204, t4=0.206, t5=0.208, t6=0.204, t7=0.206 | p50(max_across_ranks)=0.208, p90(max_across_ranks)=0.209       2967.2      370.9         95.9       skip  eager; output=bf16_ipc_a2a; runner_preallocated; timing=mega_kernel_only
Wrote benchmark JSON to /home/hychen/min_fa3_demo/benchmark_logs/experiment_suite/20260812-231044-dcp-cp-suite/02_dcp_uniform/results/mega/dcp_4/comm_sm_16/d8_c1_kv16k_dcp4_hkv2_eager.json

================================================================================
Mega comm_sm=16, case 22/64: d8_c1_kv32k_dcp4_hkv2: B=9, Sq=[16, 16, 16, 16, 16, 16, 16, 16, 2048], Sk=[32768, 32768, 32768, 32768, 32768, 32768, 32768, 32768, 32768], DCP=4, Hkv=2
================================================================================
Config: world_size=8, methods=['dcp_mega_varlen'], QH=32, KVH=2, D=128, TP=8, DCP=4, workload=chunk, execution=eager, baseline_phase_timing=False, warmup=40, iters=60, check=False
Workload: B=9, q_tokens=2176, history_tokens=294912, q_seqlens=[16, 16, 16, 16, 16, 16, 16, 16, 2048], history_seqlens=[32768, 32768, 32768, 32768, 32768, 32768, 32768, 32768, 32768]
Agg TFLOPS uses useful attention work across all TP ranks and p50(max_across_ranks); Avg/GPU divides it by world_size.
KV GB/s/GPU is average logical BF16 K+V bytes read per TP rank divided by p50(max_across_ranks); it is not hardware-counter HBM traffic.

Running B=9, q_tokens=2176, history_tokens=294912, causal=True

B=9, q_tokens=2176, history_tokens=294912, QH=32, KVH=2, D=128, TP=8, DCP=4, mode=causal
Method                   Time ms                                                                                                                                     Agg TFLOPS    Avg/GPU  KV GB/s/GPU      Check  Note
dcp_mega_varlen          t0=0.338, t1=0.338, t2=0.337, t3=0.331, t4=0.334, t5=0.335, t6=0.332, t7=0.333 | p50(max_across_ranks)=0.339, p90(max_across_ranks)=0.351       3552.5      444.1        114.8       skip  eager; output=bf16_ipc_a2a; runner_preallocated; timing=mega_kernel_only
Wrote benchmark JSON to /home/hychen/min_fa3_demo/benchmark_logs/experiment_suite/20260812-231044-dcp-cp-suite/02_dcp_uniform/results/mega/dcp_4/comm_sm_16/d8_c1_kv32k_dcp4_hkv2_eager.json

================================================================================
Mega comm_sm=16, case 23/64: d8_c1_kv64k_dcp4_hkv2: B=9, Sq=[16, 16, 16, 16, 16, 16, 16, 16, 2048], Sk=[65536, 65536, 65536, 65536, 65536, 65536, 65536, 65536, 65536], DCP=4, Hkv=2
================================================================================
Config: world_size=8, methods=['dcp_mega_varlen'], QH=32, KVH=2, D=128, TP=8, DCP=4, workload=chunk, execution=eager, baseline_phase_timing=False, warmup=40, iters=60, check=False
Workload: B=9, q_tokens=2176, history_tokens=589824, q_seqlens=[16, 16, 16, 16, 16, 16, 16, 16, 2048], history_seqlens=[65536, 65536, 65536, 65536, 65536, 65536, 65536, 65536, 65536]
Agg TFLOPS uses useful attention work across all TP ranks and p50(max_across_ranks); Avg/GPU divides it by world_size.
KV GB/s/GPU is average logical BF16 K+V bytes read per TP rank divided by p50(max_across_ranks); it is not hardware-counter HBM traffic.

Running B=9, q_tokens=2176, history_tokens=589824, causal=True

B=9, q_tokens=2176, history_tokens=589824, QH=32, KVH=2, D=128, TP=8, DCP=4, mode=causal
Method                   Time ms                                                                                                                                     Agg TFLOPS    Avg/GPU  KV GB/s/GPU      Check  Note
dcp_mega_varlen          t0=0.602, t1=0.601, t2=0.602, t3=0.598, t4=0.597, t5=0.599, t6=0.597, t7=0.596 | p50(max_across_ranks)=0.603, p90(max_across_ranks)=0.605       3934.7      491.8        127.1       skip  eager; output=bf16_ipc_a2a; runner_preallocated; timing=mega_kernel_only
Wrote benchmark JSON to /home/hychen/min_fa3_demo/benchmark_logs/experiment_suite/20260812-231044-dcp-cp-suite/02_dcp_uniform/results/mega/dcp_4/comm_sm_16/d8_c1_kv64k_dcp4_hkv2_eager.json

================================================================================
Mega comm_sm=16, case 24/64: d8_c1_kv128k_dcp4_hkv2: B=9, Sq=[16, 16, 16, 16, 16, 16, 16, 16, 2048], Sk=[131072, 131072, 131072, 131072, 131072, 131072, 131072, 131072, 131072], DCP=4, Hkv=2
================================================================================
Config: world_size=8, methods=['dcp_mega_varlen'], QH=32, KVH=2, D=128, TP=8, DCP=4, workload=chunk, execution=eager, baseline_phase_timing=False, warmup=40, iters=60, check=False
Workload: B=9, q_tokens=2176, history_tokens=1179648, q_seqlens=[16, 16, 16, 16, 16, 16, 16, 16, 2048], history_seqlens=[131072, 131072, 131072, 131072, 131072, 131072, 131072, 131072, 131072]
Agg TFLOPS uses useful attention work across all TP ranks and p50(max_across_ranks); Avg/GPU divides it by world_size.
KV GB/s/GPU is average logical BF16 K+V bytes read per TP rank divided by p50(max_across_ranks); it is not hardware-counter HBM traffic.

Running B=9, q_tokens=2176, history_tokens=1179648, causal=True

B=9, q_tokens=2176, history_tokens=1179648, QH=32, KVH=2, D=128, TP=8, DCP=4, mode=causal
Method                   Time ms                                                                                                                                     Agg TFLOPS    Avg/GPU  KV GB/s/GPU      Check  Note
dcp_mega_varlen          t0=1.154, t1=1.144, t2=1.153, t3=1.151, t4=1.139, t5=1.140, t6=1.139, t7=1.133 | p50(max_across_ranks)=1.155, p90(max_across_ranks)=1.166       4076.8      509.6        131.7       skip  eager; output=bf16_ipc_a2a; runner_preallocated; timing=mega_kernel_only
Wrote benchmark JSON to /home/hychen/min_fa3_demo/benchmark_logs/experiment_suite/20260812-231044-dcp-cp-suite/02_dcp_uniform/results/mega/dcp_4/comm_sm_16/d8_c1_kv128k_dcp4_hkv2_eager.json

================================================================================
Mega comm_sm=16, case 25/64: d8_c2_kv16k_dcp4_hkv2: B=10, Sq=[16, 16, 16, 16, 16, 16, 16, 16, 2048, 2048], Sk=[16384, 16384, 16384, 16384, 16384, 16384, 16384, 16384, 16384, 16384], DCP=4, Hkv=2
================================================================================
Config: world_size=8, methods=['dcp_mega_varlen'], QH=32, KVH=2, D=128, TP=8, DCP=4, workload=chunk, execution=eager, baseline_phase_timing=False, warmup=40, iters=60, check=False
Workload: B=10, q_tokens=4224, history_tokens=163840, q_seqlens=[16, 16, 16, 16, 16, 16, 16, 16, 2048, 2048], history_seqlens=[16384, 16384, 16384, 16384, 16384, 16384, 16384, 16384, 16384, 16384]
Agg TFLOPS uses useful attention work across all TP ranks and p50(max_across_ranks); Avg/GPU divides it by world_size.
KV GB/s/GPU is average logical BF16 K+V bytes read per TP rank divided by p50(max_across_ranks); it is not hardware-counter HBM traffic.

Running B=10, q_tokens=4224, history_tokens=163840, causal=True

B=10, q_tokens=4224, history_tokens=163840, QH=32, KVH=2, D=128, TP=8, DCP=4, mode=causal
Method                   Time ms                                                                                                                                     Agg TFLOPS    Avg/GPU  KV GB/s/GPU      Check  Note
dcp_mega_varlen          t0=0.368, t1=0.369, t2=0.369, t3=0.365, t4=0.368, t5=0.370, t6=0.367, t7=0.368 | p50(max_across_ranks)=0.371, p90(max_across_ranks)=0.375       3237.9      404.7         62.3       skip  eager; output=bf16_ipc_a2a; runner_preallocated; timing=mega_kernel_only
Wrote benchmark JSON to /home/hychen/min_fa3_demo/benchmark_logs/experiment_suite/20260812-231044-dcp-cp-suite/02_dcp_uniform/results/mega/dcp_4/comm_sm_16/d8_c2_kv16k_dcp4_hkv2_eager.json

================================================================================
Mega comm_sm=16, case 26/64: d8_c2_kv32k_dcp4_hkv2: B=10, Sq=[16, 16, 16, 16, 16, 16, 16, 16, 2048, 2048], Sk=[32768, 32768, 32768, 32768, 32768, 32768, 32768, 32768, 32768, 32768], DCP=4, Hkv=2
================================================================================
Config: world_size=8, methods=['dcp_mega_varlen'], QH=32, KVH=2, D=128, TP=8, DCP=4, workload=chunk, execution=eager, baseline_phase_timing=False, warmup=40, iters=60, check=False
Workload: B=10, q_tokens=4224, history_tokens=327680, q_seqlens=[16, 16, 16, 16, 16, 16, 16, 16, 2048, 2048], history_seqlens=[32768, 32768, 32768, 32768, 32768, 32768, 32768, 32768, 32768, 32768]
Agg TFLOPS uses useful attention work across all TP ranks and p50(max_across_ranks); Avg/GPU divides it by world_size.
KV GB/s/GPU is average logical BF16 K+V bytes read per TP rank divided by p50(max_across_ranks); it is not hardware-counter HBM traffic.

Running B=10, q_tokens=4224, history_tokens=327680, causal=True

B=10, q_tokens=4224, history_tokens=327680, QH=32, KVH=2, D=128, TP=8, DCP=4, mode=causal
Method                   Time ms                                                                                                                                     Agg TFLOPS    Avg/GPU  KV GB/s/GPU      Check  Note
dcp_mega_varlen          t0=0.554, t1=0.554, t2=0.553, t3=0.555, t4=0.550, t5=0.551, t6=0.549, t7=0.551 | p50(max_across_ranks)=0.556, p90(max_across_ranks)=0.558       4203.9      525.5         79.4       skip  eager; output=bf16_ipc_a2a; runner_preallocated; timing=mega_kernel_only
Wrote benchmark JSON to /home/hychen/min_fa3_demo/benchmark_logs/experiment_suite/20260812-231044-dcp-cp-suite/02_dcp_uniform/results/mega/dcp_4/comm_sm_16/d8_c2_kv32k_dcp4_hkv2_eager.json

================================================================================
Mega comm_sm=16, case 27/64: d8_c2_kv64k_dcp4_hkv2: B=10, Sq=[16, 16, 16, 16, 16, 16, 16, 16, 2048, 2048], Sk=[65536, 65536, 65536, 65536, 65536, 65536, 65536, 65536, 65536, 65536], DCP=4, Hkv=2
================================================================================
Config: world_size=8, methods=['dcp_mega_varlen'], QH=32, KVH=2, D=128, TP=8, DCP=4, workload=chunk, execution=eager, baseline_phase_timing=False, warmup=40, iters=60, check=False
Workload: B=10, q_tokens=4224, history_tokens=655360, q_seqlens=[16, 16, 16, 16, 16, 16, 16, 16, 2048, 2048], history_seqlens=[65536, 65536, 65536, 65536, 65536, 65536, 65536, 65536, 65536, 65536]
Agg TFLOPS uses useful attention work across all TP ranks and p50(max_across_ranks); Avg/GPU divides it by world_size.
KV GB/s/GPU is average logical BF16 K+V bytes read per TP rank divided by p50(max_across_ranks); it is not hardware-counter HBM traffic.

Running B=10, q_tokens=4224, history_tokens=655360, causal=True

B=10, q_tokens=4224, history_tokens=655360, QH=32, KVH=2, D=128, TP=8, DCP=4, mode=causal
Method                   Time ms                                                                                                                                     Agg TFLOPS    Avg/GPU  KV GB/s/GPU      Check  Note
dcp_mega_varlen          t0=1.058, t1=1.068, t2=1.060, t3=1.057, t4=1.044, t5=1.045, t6=1.048, t7=1.052 | p50(max_across_ranks)=1.068, p90(max_across_ranks)=1.076       4309.6      538.7         80.5       skip  eager; output=bf16_ipc_a2a; runner_preallocated; timing=mega_kernel_only
Wrote benchmark JSON to /home/hychen/min_fa3_demo/benchmark_logs/experiment_suite/20260812-231044-dcp-cp-suite/02_dcp_uniform/results/mega/dcp_4/comm_sm_16/d8_c2_kv64k_dcp4_hkv2_eager.json

================================================================================
Mega comm_sm=16, case 28/64: d8_c2_kv128k_dcp4_hkv2: B=10, Sq=[16, 16, 16, 16, 16, 16, 16, 16, 2048, 2048], Sk=[131072, 131072, 131072, 131072, 131072, 131072, 131072, 131072, 131072, 131072], DCP=4, Hkv=2
================================================================================
Config: world_size=8, methods=['dcp_mega_varlen'], QH=32, KVH=2, D=128, TP=8, DCP=4, workload=chunk, execution=eager, baseline_phase_timing=False, warmup=40, iters=60, check=False
Workload: B=10, q_tokens=4224, history_tokens=1310720, q_seqlens=[16, 16, 16, 16, 16, 16, 16, 16, 2048, 2048], history_seqlens=[131072, 131072, 131072, 131072, 131072, 131072, 131072, 131072, 131072, 131072]
Agg TFLOPS uses useful attention work across all TP ranks and p50(max_across_ranks); Avg/GPU divides it by world_size.
KV GB/s/GPU is average logical BF16 K+V bytes read per TP rank divided by p50(max_across_ranks); it is not hardware-counter HBM traffic.

Running B=10, q_tokens=4224, history_tokens=1310720, causal=True

B=10, q_tokens=4224, history_tokens=1310720, QH=32, KVH=2, D=128, TP=8, DCP=4, mode=causal
Method                   Time ms                                                                                                                                     Agg TFLOPS    Avg/GPU  KV GB/s/GPU      Check  Note
dcp_mega_varlen          t0=2.029, t1=2.032, t2=2.032, t3=2.034, t4=1.986, t5=1.988, t6=1.989, t7=1.994 | p50(max_across_ranks)=2.036, p90(max_across_ranks)=2.056       4489.2      561.2         83.5       skip  eager; output=bf16_ipc_a2a; runner_preallocated; timing=mega_kernel_only
Wrote benchmark JSON to /home/hychen/min_fa3_demo/benchmark_logs/experiment_suite/20260812-231044-dcp-cp-suite/02_dcp_uniform/results/mega/dcp_4/comm_sm_16/d8_c2_kv128k_dcp4_hkv2_eager.json

================================================================================
Mega comm_sm=16, case 29/64: d8_c4_kv16k_dcp4_hkv2: B=12, Sq=[16, 16, 16, 16, 16, 16, 16, 16, 2048, 2048, 2048, 2048], Sk=[16384, 16384, 16384, 16384, 16384, 16384, 16384, 16384, 16384, 16384, 16384, 16384], DCP=4, Hkv=2
================================================================================
Config: world_size=8, methods=['dcp_mega_varlen'], QH=32, KVH=2, D=128, TP=8, DCP=4, workload=chunk, execution=eager, baseline_phase_timing=False, warmup=40, iters=60, check=False
Workload: B=12, q_tokens=8320, history_tokens=196608, q_seqlens=[16, 16, 16, 16, 16, 16, 16, 16, 2048, 2048, 2048, 2048], history_seqlens=[16384, 16384, 16384, 16384, 16384, 16384, 16384, 16384, 16384, 16384, 16384, 16384]
Agg TFLOPS uses useful attention work across all TP ranks and p50(max_across_ranks); Avg/GPU divides it by world_size.
KV GB/s/GPU is average logical BF16 K+V bytes read per TP rank divided by p50(max_across_ranks); it is not hardware-counter HBM traffic.

Running B=12, q_tokens=8320, history_tokens=196608, causal=True

B=12, q_tokens=8320, history_tokens=196608, QH=32, KVH=2, D=128, TP=8, DCP=4, mode=causal
Method                   Time ms                                                                                                                                     Agg TFLOPS    Avg/GPU  KV GB/s/GPU      Check  Note
dcp_mega_varlen          t0=0.701, t1=0.715, t2=0.698, t3=0.710, t4=0.710, t5=0.706, t6=0.702, t7=0.706 | p50(max_across_ranks)=0.715, p90(max_across_ranks)=0.718       3314.3      414.3         41.1       skip  eager; output=bf16_ipc_a2a; runner_preallocated; timing=mega_kernel_only
Wrote benchmark JSON to /home/hychen/min_fa3_demo/benchmark_logs/experiment_suite/20260812-231044-dcp-cp-suite/02_dcp_uniform/results/mega/dcp_4/comm_sm_16/d8_c4_kv16k_dcp4_hkv2_eager.json

================================================================================
Mega comm_sm=16, case 30/64: d8_c4_kv32k_dcp4_hkv2: B=12, Sq=[16, 16, 16, 16, 16, 16, 16, 16, 2048, 2048, 2048, 2048], Sk=[32768, 32768, 32768, 32768, 32768, 32768, 32768, 32768, 32768, 32768, 32768, 32768], DCP=4, Hkv=2
================================================================================
Config: world_size=8, methods=['dcp_mega_varlen'], QH=32, KVH=2, D=128, TP=8, DCP=4, workload=chunk, execution=eager, baseline_phase_timing=False, warmup=40, iters=60, check=False
Workload: B=12, q_tokens=8320, history_tokens=393216, q_seqlens=[16, 16, 16, 16, 16, 16, 16, 16, 2048, 2048, 2048, 2048], history_seqlens=[32768, 32768, 32768, 32768, 32768, 32768, 32768, 32768, 32768, 32768, 32768, 32768]
Agg TFLOPS uses useful attention work across all TP ranks and p50(max_across_ranks); Avg/GPU divides it by world_size.
KV GB/s/GPU is average logical BF16 K+V bytes read per TP rank divided by p50(max_across_ranks); it is not hardware-counter HBM traffic.

Running B=12, q_tokens=8320, history_tokens=393216, causal=True

B=12, q_tokens=8320, history_tokens=393216, QH=32, KVH=2, D=128, TP=8, DCP=4, mode=causal
Method                   Time ms                                                                                                                                     Agg TFLOPS    Avg/GPU  KV GB/s/GPU      Check  Note
dcp_mega_varlen          t0=1.106, t1=1.145, t2=1.106, t3=1.112, t4=1.114, t5=1.113, t6=1.139, t7=1.118 | p50(max_across_ranks)=1.145, p90(max_across_ranks)=1.148       4019.8      502.5         47.7       skip  eager; output=bf16_ipc_a2a; runner_preallocated; timing=mega_kernel_only
Wrote benchmark JSON to /home/hychen/min_fa3_demo/benchmark_logs/experiment_suite/20260812-231044-dcp-cp-suite/02_dcp_uniform/results/mega/dcp_4/comm_sm_16/d8_c4_kv32k_dcp4_hkv2_eager.json

================================================================================
Mega comm_sm=16, case 31/64: d8_c4_kv64k_dcp4_hkv2: B=12, Sq=[16, 16, 16, 16, 16, 16, 16, 16, 2048, 2048, 2048, 2048], Sk=[65536, 65536, 65536, 65536, 65536, 65536, 65536, 65536, 65536, 65536, 65536, 65536], DCP=4, Hkv=2
================================================================================
Config: world_size=8, methods=['dcp_mega_varlen'], QH=32, KVH=2, D=128, TP=8, DCP=4, workload=chunk, execution=eager, baseline_phase_timing=False, warmup=40, iters=60, check=False
Workload: B=12, q_tokens=8320, history_tokens=786432, q_seqlens=[16, 16, 16, 16, 16, 16, 16, 16, 2048, 2048, 2048, 2048], history_seqlens=[65536, 65536, 65536, 65536, 65536, 65536, 65536, 65536, 65536, 65536, 65536, 65536]
Agg TFLOPS uses useful attention work across all TP ranks and p50(max_across_ranks); Avg/GPU divides it by world_size.
KV GB/s/GPU is average logical BF16 K+V bytes read per TP rank divided by p50(max_across_ranks); it is not hardware-counter HBM traffic.

Running B=12, q_tokens=8320, history_tokens=786432, causal=True

B=12, q_tokens=8320, history_tokens=786432, QH=32, KVH=2, D=128, TP=8, DCP=4, mode=causal
Method                   Time ms                                                                                                                                     Agg TFLOPS    Avg/GPU  KV GB/s/GPU      Check  Note
dcp_mega_varlen          t0=1.989, t1=1.995, t2=2.005, t3=1.980, t4=2.034, t5=2.013, t6=2.025, t7=2.029 | p50(max_across_ranks)=2.039, p90(max_across_ranks)=2.060       4448.3      556.0         51.5       skip  eager; output=bf16_ipc_a2a; runner_preallocated; timing=mega_kernel_only
Wrote benchmark JSON to /home/hychen/min_fa3_demo/benchmark_logs/experiment_suite/20260812-231044-dcp-cp-suite/02_dcp_uniform/results/mega/dcp_4/comm_sm_16/d8_c4_kv64k_dcp4_hkv2_eager.json

================================================================================
Mega comm_sm=16, case 32/64: d8_c4_kv128k_dcp4_hkv2: B=12, Sq=[16, 16, 16, 16, 16, 16, 16, 16, 2048, 2048, 2048, 2048], Sk=[131072, 131072, 131072, 131072, 131072, 131072, 131072, 131072, 131072, 131072, 131072, 131072], DCP=4, Hkv=2
================================================================================
Config: world_size=8, methods=['dcp_mega_varlen'], QH=32, KVH=2, D=128, TP=8, DCP=4, workload=chunk, execution=eager, baseline_phase_timing=False, warmup=40, iters=60, check=False
Workload: B=12, q_tokens=8320, history_tokens=1572864, q_seqlens=[16, 16, 16, 16, 16, 16, 16, 16, 2048, 2048, 2048, 2048], history_seqlens=[131072, 131072, 131072, 131072, 131072, 131072, 131072, 131072, 131072, 131072, 131072, 131072]
Agg TFLOPS uses useful attention work across all TP ranks and p50(max_across_ranks); Avg/GPU divides it by world_size.
KV GB/s/GPU is average logical BF16 K+V bytes read per TP rank divided by p50(max_across_ranks); it is not hardware-counter HBM traffic.

Running B=12, q_tokens=8320, history_tokens=1572864, causal=True

B=12, q_tokens=8320, history_tokens=1572864, QH=32, KVH=2, D=128, TP=8, DCP=4, mode=causal
Method                   Time ms                                                                                                                                     Agg TFLOPS    Avg/GPU  KV GB/s/GPU      Check  Note
dcp_mega_varlen          t0=3.899, t1=3.895, t2=3.864, t3=3.876, t4=3.786, t5=3.830, t6=3.792, t7=3.784 | p50(max_across_ranks)=3.915, p90(max_across_ranks)=3.985       4599.4      574.9         52.5       skip  eager; output=bf16_ipc_a2a; runner_preallocated; timing=mega_kernel_only
Wrote benchmark JSON to /home/hychen/min_fa3_demo/benchmark_logs/experiment_suite/20260812-231044-dcp-cp-suite/02_dcp_uniform/results/mega/dcp_4/comm_sm_16/d8_c4_kv128k_dcp4_hkv2_eager.json

================================================================================
Mega comm_sm=16, case 33/64: d16_c0_kv16k_dcp4_hkv2: B=16, Sq=[16, 16, 16, 16, 16, 16, 16, 16, 16, 16, 16, 16, 16, 16, 16, 16], Sk=[16384, 16384, 16384, 16384, 16384, 16384, 16384, 16384, 16384, 16384, 16384, 16384, 16384, 16384, 16384, 16384], DCP=4, Hkv=2
================================================================================
Config: world_size=8, methods=['dcp_mega_varlen'], QH=32, KVH=2, D=128, TP=8, DCP=4, workload=chunk, execution=eager, baseline_phase_timing=False, warmup=40, iters=60, check=False
Workload: B=16, q_tokens=256, history_tokens=262144, q_seqlens=[16, 16, 16, 16, 16, 16, 16, 16, 16, 16, 16, 16, 16, 16, 16, 16], history_seqlens=[16384, 16384, 16384, 16384, 16384, 16384, 16384, 16384, 16384, 16384, 16384, 16384, 16384, 16384, 16384, 16384]
Agg TFLOPS uses useful attention work across all TP ranks and p50(max_across_ranks); Avg/GPU divides it by world_size.
KV GB/s/GPU is average logical BF16 K+V bytes read per TP rank divided by p50(max_across_ranks); it is not hardware-counter HBM traffic.

Running B=16, q_tokens=256, history_tokens=262144, causal=True

B=16, q_tokens=256, history_tokens=262144, QH=32, KVH=2, D=128, TP=8, DCP=4, mode=causal
Method                   Time ms                                                                                                                                     Agg TFLOPS    Avg/GPU  KV GB/s/GPU      Check  Note
dcp_mega_varlen          t0=0.068, t1=0.069, t2=0.068, t3=0.066, t4=0.067, t5=0.069, t6=0.066, t7=0.068 | p50(max_across_ranks)=0.070, p90(max_across_ranks)=0.072        987.6      123.5        483.9       skip  eager; output=bf16_ipc_a2a; runner_preallocated; timing=mega_kernel_only
Wrote benchmark JSON to /home/hychen/min_fa3_demo/benchmark_logs/experiment_suite/20260812-231044-dcp-cp-suite/02_dcp_uniform/results/mega/dcp_4/comm_sm_16/d16_c0_kv16k_dcp4_hkv2_eager.json

================================================================================
Mega comm_sm=16, case 34/64: d16_c0_kv32k_dcp4_hkv2: B=16, Sq=[16, 16, 16, 16, 16, 16, 16, 16, 16, 16, 16, 16, 16, 16, 16, 16], Sk=[32768, 32768, 32768, 32768, 32768, 32768, 32768, 32768, 32768, 32768, 32768, 32768, 32768, 32768, 32768, 32768], DCP=4, Hkv=2
================================================================================
Config: world_size=8, methods=['dcp_mega_varlen'], QH=32, KVH=2, D=128, TP=8, DCP=4, workload=chunk, execution=eager, baseline_phase_timing=False, warmup=40, iters=60, check=False
Workload: B=16, q_tokens=256, history_tokens=524288, q_seqlens=[16, 16, 16, 16, 16, 16, 16, 16, 16, 16, 16, 16, 16, 16, 16, 16], history_seqlens=[32768, 32768, 32768, 32768, 32768, 32768, 32768, 32768, 32768, 32768, 32768, 32768, 32768, 32768, 32768, 32768]
Agg TFLOPS uses useful attention work across all TP ranks and p50(max_across_ranks); Avg/GPU divides it by world_size.
KV GB/s/GPU is average logical BF16 K+V bytes read per TP rank divided by p50(max_across_ranks); it is not hardware-counter HBM traffic.

Running B=16, q_tokens=256, history_tokens=524288, causal=True

B=16, q_tokens=256, history_tokens=524288, QH=32, KVH=2, D=128, TP=8, DCP=4, mode=causal
Method                   Time ms                                                                                                                                     Agg TFLOPS    Avg/GPU  KV GB/s/GPU      Check  Note
dcp_mega_varlen          t0=0.087, t1=0.088, t2=0.086, t3=0.084, t4=0.086, t5=0.087, t6=0.084, t7=0.087 | p50(max_across_ranks)=0.088, p90(max_across_ranks)=0.089       1557.1      194.6        761.6       skip  eager; output=bf16_ipc_a2a; runner_preallocated; timing=mega_kernel_only
Wrote benchmark JSON to /home/hychen/min_fa3_demo/benchmark_logs/experiment_suite/20260812-231044-dcp-cp-suite/02_dcp_uniform/results/mega/dcp_4/comm_sm_16/d16_c0_kv32k_dcp4_hkv2_eager.json

================================================================================
Mega comm_sm=16, case 35/64: d16_c0_kv64k_dcp4_hkv2: B=16, Sq=[16, 16, 16, 16, 16, 16, 16, 16, 16, 16, 16, 16, 16, 16, 16, 16], Sk=[65536, 65536, 65536, 65536, 65536, 65536, 65536, 65536, 65536, 65536, 65536, 65536, 65536, 65536, 65536, 65536], DCP=4, Hkv=2
================================================================================
Config: world_size=8, methods=['dcp_mega_varlen'], QH=32, KVH=2, D=128, TP=8, DCP=4, workload=chunk, execution=eager, baseline_phase_timing=False, warmup=40, iters=60, check=False
Workload: B=16, q_tokens=256, history_tokens=1048576, q_seqlens=[16, 16, 16, 16, 16, 16, 16, 16, 16, 16, 16, 16, 16, 16, 16, 16], history_seqlens=[65536, 65536, 65536, 65536, 65536, 65536, 65536, 65536, 65536, 65536, 65536, 65536, 65536, 65536, 65536, 65536]
Agg TFLOPS uses useful attention work across all TP ranks and p50(max_across_ranks); Avg/GPU divides it by world_size.
KV GB/s/GPU is average logical BF16 K+V bytes read per TP rank divided by p50(max_across_ranks); it is not hardware-counter HBM traffic.

Running B=16, q_tokens=256, history_tokens=1048576, causal=True

B=16, q_tokens=256, history_tokens=1048576, QH=32, KVH=2, D=128, TP=8, DCP=4, mode=causal
Method                   Time ms                                                                                                                                     Agg TFLOPS    Avg/GPU  KV GB/s/GPU      Check  Note
dcp_mega_varlen          t0=0.117, t1=0.118, t2=0.117, t3=0.114, t4=0.115, t5=0.117, t6=0.114, t7=0.116 | p50(max_across_ranks)=0.118, p90(max_across_ranks)=0.120       2324.1      290.5       1135.8       skip  eager; output=bf16_ipc_a2a; runner_preallocated; timing=mega_kernel_only
Wrote benchmark JSON to /home/hychen/min_fa3_demo/benchmark_logs/experiment_suite/20260812-231044-dcp-cp-suite/02_dcp_uniform/results/mega/dcp_4/comm_sm_16/d16_c0_kv64k_dcp4_hkv2_eager.json

================================================================================
Mega comm_sm=16, case 36/64: d16_c0_kv128k_dcp4_hkv2: B=16, Sq=[16, 16, 16, 16, 16, 16, 16, 16, 16, 16, 16, 16, 16, 16, 16, 16], Sk=[131072, 131072, 131072, 131072, 131072, 131072, 131072, 131072, 131072, 131072, 131072, 131072, 131072, 131072, 131072, 131072], DCP=4, Hkv=2
================================================================================
Config: world_size=8, methods=['dcp_mega_varlen'], QH=32, KVH=2, D=128, TP=8, DCP=4, workload=chunk, execution=eager, baseline_phase_timing=False, warmup=40, iters=60, check=False
Workload: B=16, q_tokens=256, history_tokens=2097152, q_seqlens=[16, 16, 16, 16, 16, 16, 16, 16, 16, 16, 16, 16, 16, 16, 16, 16], history_seqlens=[131072, 131072, 131072, 131072, 131072, 131072, 131072, 131072, 131072, 131072, 131072, 131072, 131072, 131072, 131072, 131072]
Agg TFLOPS uses useful attention work across all TP ranks and p50(max_across_ranks); Avg/GPU divides it by world_size.
KV GB/s/GPU is average logical BF16 K+V bytes read per TP rank divided by p50(max_across_ranks); it is not hardware-counter HBM traffic.

Running B=16, q_tokens=256, history_tokens=2097152, causal=True

B=16, q_tokens=256, history_tokens=2097152, QH=32, KVH=2, D=128, TP=8, DCP=4, mode=causal
Method                   Time ms                                                                                                                                     Agg TFLOPS    Avg/GPU  KV GB/s/GPU      Check  Note
dcp_mega_varlen          t0=0.179, t1=0.180, t2=0.179, t3=0.176, t4=0.178, t5=0.180, t6=0.177, t7=0.179 | p50(max_across_ranks)=0.181, p90(max_across_ranks)=0.183       3035.0      379.4       1482.5       skip  eager; output=bf16_ipc_a2a; runner_preallocated; timing=mega_kernel_only
Wrote benchmark JSON to /home/hychen/min_fa3_demo/benchmark_logs/experiment_suite/20260812-231044-dcp-cp-suite/02_dcp_uniform/results/mega/dcp_4/comm_sm_16/d16_c0_kv128k_dcp4_hkv2_eager.json

================================================================================
Mega comm_sm=16, case 37/64: d16_c1_kv16k_dcp4_hkv2: B=17, Sq=[16, 16, 16, 16, 16, 16, 16, 16, 16, 16, 16, 16, 16, 16, 16, 16, 2048], Sk=[16384, 16384, 16384, 16384, 16384, 16384, 16384, 16384, 16384, 16384, 16384, 16384, 16384, 16384, 16384, 16384, 16384], DCP=4, Hkv=2
================================================================================
Config: world_size=8, methods=['dcp_mega_varlen'], QH=32, KVH=2, D=128, TP=8, DCP=4, workload=chunk, execution=eager, baseline_phase_timing=False, warmup=40, iters=60, check=False
Workload: B=17, q_tokens=2304, history_tokens=278528, q_seqlens=[16, 16, 16, 16, 16, 16, 16, 16, 16, 16, 16, 16, 16, 16, 16, 16, 2048], history_seqlens=[16384, 16384, 16384, 16384, 16384, 16384, 16384, 16384, 16384, 16384, 16384, 16384, 16384, 16384, 16384, 16384, 16384]
Agg TFLOPS uses useful attention work across all TP ranks and p50(max_across_ranks); Avg/GPU divides it by world_size.
KV GB/s/GPU is average logical BF16 K+V bytes read per TP rank divided by p50(max_across_ranks); it is not hardware-counter HBM traffic.

Running B=17, q_tokens=2304, history_tokens=278528, causal=True

B=17, q_tokens=2304, history_tokens=278528, QH=32, KVH=2, D=128, TP=8, DCP=4, mode=causal
Method                   Time ms                                                                                                                                     Agg TFLOPS    Avg/GPU  KV GB/s/GPU      Check  Note
dcp_mega_varlen          t0=0.218, t1=0.219, t2=0.217, t3=0.214, t4=0.216, t5=0.217, t6=0.214, t7=0.216 | p50(max_across_ranks)=0.219, p90(max_across_ranks)=0.221       2980.9      372.6        168.2       skip  eager; output=bf16_ipc_a2a; runner_preallocated; timing=mega_kernel_only
Wrote benchmark JSON to /home/hychen/min_fa3_demo/benchmark_logs/experiment_suite/20260812-231044-dcp-cp-suite/02_dcp_uniform/results/mega/dcp_4/comm_sm_16/d16_c1_kv16k_dcp4_hkv2_eager.json

================================================================================
Mega comm_sm=16, case 38/64: d16_c1_kv32k_dcp4_hkv2: B=17, Sq=[16, 16, 16, 16, 16, 16, 16, 16, 16, 16, 16, 16, 16, 16, 16, 16, 2048], Sk=[32768, 32768, 32768, 32768, 32768, 32768, 32768, 32768, 32768, 32768, 32768, 32768, 32768, 32768, 32768, 32768, 32768], DCP=4, Hkv=2
================================================================================
Config: world_size=8, methods=['dcp_mega_varlen'], QH=32, KVH=2, D=128, TP=8, DCP=4, workload=chunk, execution=eager, baseline_phase_timing=False, warmup=40, iters=60, check=False
Workload: B=17, q_tokens=2304, history_tokens=557056, q_seqlens=[16, 16, 16, 16, 16, 16, 16, 16, 16, 16, 16, 16, 16, 16, 16, 16, 2048], history_seqlens=[32768, 32768, 32768, 32768, 32768, 32768, 32768, 32768, 32768, 32768, 32768, 32768, 32768, 32768, 32768, 32768, 32768]
Agg TFLOPS uses useful attention work across all TP ranks and p50(max_across_ranks); Avg/GPU divides it by world_size.
KV GB/s/GPU is average logical BF16 K+V bytes read per TP rank divided by p50(max_across_ranks); it is not hardware-counter HBM traffic.

Running B=17, q_tokens=2304, history_tokens=557056, causal=True

B=17, q_tokens=2304, history_tokens=557056, QH=32, KVH=2, D=128, TP=8, DCP=4, mode=causal
Method                   Time ms                                                                                                                                     Agg TFLOPS    Avg/GPU  KV GB/s/GPU      Check  Note
dcp_mega_varlen          t0=0.346, t1=0.346, t2=0.346, t3=0.344, t4=0.346, t5=0.348, t6=0.346, t7=0.345 | p50(max_across_ranks)=0.348, p90(max_across_ranks)=0.350       3648.3      456.0        208.0       skip  eager; output=bf16_ipc_a2a; runner_preallocated; timing=mega_kernel_only
Wrote benchmark JSON to /home/hychen/min_fa3_demo/benchmark_logs/experiment_suite/20260812-231044-dcp-cp-suite/02_dcp_uniform/results/mega/dcp_4/comm_sm_16/d16_c1_kv32k_dcp4_hkv2_eager.json

================================================================================
Mega comm_sm=16, case 39/64: d16_c1_kv64k_dcp4_hkv2: B=17, Sq=[16, 16, 16, 16, 16, 16, 16, 16, 16, 16, 16, 16, 16, 16, 16, 16, 2048], Sk=[65536, 65536, 65536, 65536, 65536, 65536, 65536, 65536, 65536, 65536, 65536, 65536, 65536, 65536, 65536, 65536, 65536], DCP=4, Hkv=2
================================================================================
Config: world_size=8, methods=['dcp_mega_varlen'], QH=32, KVH=2, D=128, TP=8, DCP=4, workload=chunk, execution=eager, baseline_phase_timing=False, warmup=40, iters=60, check=False
Workload: B=17, q_tokens=2304, history_tokens=1114112, q_seqlens=[16, 16, 16, 16, 16, 16, 16, 16, 16, 16, 16, 16, 16, 16, 16, 16, 2048], history_seqlens=[65536, 65536, 65536, 65536, 65536, 65536, 65536, 65536, 65536, 65536, 65536, 65536, 65536, 65536, 65536, 65536, 65536]
Agg TFLOPS uses useful attention work across all TP ranks and p50(max_across_ranks); Avg/GPU divides it by world_size.
KV GB/s/GPU is average logical BF16 K+V bytes read per TP rank divided by p50(max_across_ranks); it is not hardware-counter HBM traffic.

Running B=17, q_tokens=2304, history_tokens=1114112, causal=True

B=17, q_tokens=2304, history_tokens=1114112, QH=32, KVH=2, D=128, TP=8, DCP=4, mode=causal
Method                   Time ms                                                                                                                                     Agg TFLOPS    Avg/GPU  KV GB/s/GPU      Check  Note
dcp_mega_varlen          t0=0.610, t1=0.610, t2=0.609, t3=0.607, t4=0.611, t5=0.611, t6=0.610, t7=0.609 | p50(max_across_ranks)=0.613, p90(max_across_ranks)=0.638       4091.7      511.5        234.6       skip  eager; output=bf16_ipc_a2a; runner_preallocated; timing=mega_kernel_only
Wrote benchmark JSON to /home/hychen/min_fa3_demo/benchmark_logs/experiment_suite/20260812-231044-dcp-cp-suite/02_dcp_uniform/results/mega/dcp_4/comm_sm_16/d16_c1_kv64k_dcp4_hkv2_eager.json

================================================================================
Mega comm_sm=16, case 40/64: d16_c1_kv128k_dcp4_hkv2: B=17, Sq=[16, 16, 16, 16, 16, 16, 16, 16, 16, 16, 16, 16, 16, 16, 16, 16, 2048], Sk=[131072, 131072, 131072, 131072, 131072, 131072, 131072, 131072, 131072, 131072, 131072, 131072, 131072, 131072, 131072, 131072, 131072], DCP=4, Hkv=2
================================================================================
Config: world_size=8, methods=['dcp_mega_varlen'], QH=32, KVH=2, D=128, TP=8, DCP=4, workload=chunk, execution=eager, baseline_phase_timing=False, warmup=40, iters=60, check=False
Workload: B=17, q_tokens=2304, history_tokens=2228224, q_seqlens=[16, 16, 16, 16, 16, 16, 16, 16, 16, 16, 16, 16, 16, 16, 16, 16, 2048], history_seqlens=[131072, 131072, 131072, 131072, 131072, 131072, 131072, 131072, 131072, 131072, 131072, 131072, 131072, 131072, 131072, 131072, 131072]
Agg TFLOPS uses useful attention work across all TP ranks and p50(max_across_ranks); Avg/GPU divides it by world_size.
KV GB/s/GPU is average logical BF16 K+V bytes read per TP rank divided by p50(max_across_ranks); it is not hardware-counter HBM traffic.

Running B=17, q_tokens=2304, history_tokens=2228224, causal=True

B=17, q_tokens=2304, history_tokens=2228224, QH=32, KVH=2, D=128, TP=8, DCP=4, mode=causal
Method                   Time ms                                                                                                                                     Agg TFLOPS    Avg/GPU  KV GB/s/GPU      Check  Note
dcp_mega_varlen          t0=1.216, t1=1.217, t2=1.218, t3=1.203, t4=1.182, t5=1.196, t6=1.193, t7=1.195 | p50(max_across_ranks)=1.219, p90(max_across_ranks)=1.232       4087.7      511.0        235.0       skip  eager; output=bf16_ipc_a2a; runner_preallocated; timing=mega_kernel_only
Wrote benchmark JSON to /home/hychen/min_fa3_demo/benchmark_logs/experiment_suite/20260812-231044-dcp-cp-suite/02_dcp_uniform/results/mega/dcp_4/comm_sm_16/d16_c1_kv128k_dcp4_hkv2_eager.json

================================================================================
Mega comm_sm=16, case 41/64: d16_c2_kv16k_dcp4_hkv2: B=18, Sq=[16, 16, 16, 16, 16, 16, 16, 16, 16, 16, 16, 16, 16, 16, 16, 16, 2048, 2048], Sk=[16384, 16384, 16384, 16384, 16384, 16384, 16384, 16384, 16384, 16384, 16384, 16384, 16384, 16384, 16384, 16384, 16384, 16384], DCP=4, Hkv=2
================================================================================
Config: world_size=8, methods=['dcp_mega_varlen'], QH=32, KVH=2, D=128, TP=8, DCP=4, workload=chunk, execution=eager, baseline_phase_timing=False, warmup=40, iters=60, check=False
Workload: B=18, q_tokens=4352, history_tokens=294912, q_seqlens=[16, 16, 16, 16, 16, 16, 16, 16, 16, 16, 16, 16, 16, 16, 16, 16, 2048, 2048], history_seqlens=[16384, 16384, 16384, 16384, 16384, 16384, 16384, 16384, 16384, 16384, 16384, 16384, 16384, 16384, 16384, 16384, 16384, 16384]
Agg TFLOPS uses useful attention work across all TP ranks and p50(max_across_ranks); Avg/GPU divides it by world_size.
KV GB/s/GPU is average logical BF16 K+V bytes read per TP rank divided by p50(max_across_ranks); it is not hardware-counter HBM traffic.

Running B=18, q_tokens=4352, history_tokens=294912, causal=True

B=18, q_tokens=4352, history_tokens=294912, QH=32, KVH=2, D=128, TP=8, DCP=4, mode=causal
Method                   Time ms                                                                                                                                     Agg TFLOPS    Avg/GPU  KV GB/s/GPU      Check  Note
dcp_mega_varlen          t0=0.383, t1=0.384, t2=0.382, t3=0.379, t4=0.382, t5=0.384, t6=0.381, t7=0.381 | p50(max_across_ranks)=0.386, p90(max_across_ranks)=0.388       3204.8      400.6        103.6       skip  eager; output=bf16_ipc_a2a; runner_preallocated; timing=mega_kernel_only
Wrote benchmark JSON to /home/hychen/min_fa3_demo/benchmark_logs/experiment_suite/20260812-231044-dcp-cp-suite/02_dcp_uniform/results/mega/dcp_4/comm_sm_16/d16_c2_kv16k_dcp4_hkv2_eager.json

================================================================================
Mega comm_sm=16, case 42/64: d16_c2_kv32k_dcp4_hkv2: B=18, Sq=[16, 16, 16, 16, 16, 16, 16, 16, 16, 16, 16, 16, 16, 16, 16, 16, 2048, 2048], Sk=[32768, 32768, 32768, 32768, 32768, 32768, 32768, 32768, 32768, 32768, 32768, 32768, 32768, 32768, 32768, 32768, 32768, 32768], DCP=4, Hkv=2
================================================================================
Config: world_size=8, methods=['dcp_mega_varlen'], QH=32, KVH=2, D=128, TP=8, DCP=4, workload=chunk, execution=eager, baseline_phase_timing=False, warmup=40, iters=60, check=False
Workload: B=18, q_tokens=4352, history_tokens=589824, q_seqlens=[16, 16, 16, 16, 16, 16, 16, 16, 16, 16, 16, 16, 16, 16, 16, 16, 2048, 2048], history_seqlens=[32768, 32768, 32768, 32768, 32768, 32768, 32768, 32768, 32768, 32768, 32768, 32768, 32768, 32768, 32768, 32768, 32768, 32768]
Agg TFLOPS uses useful attention work across all TP ranks and p50(max_across_ranks); Avg/GPU divides it by world_size.
KV GB/s/GPU is average logical BF16 K+V bytes read per TP rank divided by p50(max_across_ranks); it is not hardware-counter HBM traffic.

Running B=18, q_tokens=4352, history_tokens=589824, causal=True

B=18, q_tokens=4352, history_tokens=589824, QH=32, KVH=2, D=128, TP=8, DCP=4, mode=causal
Method                   Time ms                                                                                                                                     Agg TFLOPS    Avg/GPU  KV GB/s/GPU      Check  Note
dcp_mega_varlen          t0=0.576, t1=0.576, t2=0.575, t3=0.575, t4=0.576, t5=0.578, t6=0.576, t7=0.579 | p50(max_across_ranks)=0.579, p90(max_across_ranks)=0.581       4151.1      518.9        134.1       skip  eager; output=bf16_ipc_a2a; runner_preallocated; timing=mega_kernel_only
Wrote benchmark JSON to /home/hychen/min_fa3_demo/benchmark_logs/experiment_suite/20260812-231044-dcp-cp-suite/02_dcp_uniform/results/mega/dcp_4/comm_sm_16/d16_c2_kv32k_dcp4_hkv2_eager.json

================================================================================
Mega comm_sm=16, case 43/64: d16_c2_kv64k_dcp4_hkv2: B=18, Sq=[16, 16, 16, 16, 16, 16, 16, 16, 16, 16, 16, 16, 16, 16, 16, 16, 2048, 2048], Sk=[65536, 65536, 65536, 65536, 65536, 65536, 65536, 65536, 65536, 65536, 65536, 65536, 65536, 65536, 65536, 65536, 65536, 65536], DCP=4, Hkv=2
================================================================================
Config: world_size=8, methods=['dcp_mega_varlen'], QH=32, KVH=2, D=128, TP=8, DCP=4, workload=chunk, execution=eager, baseline_phase_timing=False, warmup=40, iters=60, check=False
Workload: B=18, q_tokens=4352, history_tokens=1179648, q_seqlens=[16, 16, 16, 16, 16, 16, 16, 16, 16, 16, 16, 16, 16, 16, 16, 16, 2048, 2048], history_seqlens=[65536, 65536, 65536, 65536, 65536, 65536, 65536, 65536, 65536, 65536, 65536, 65536, 65536, 65536, 65536, 65536, 65536, 65536]
Agg TFLOPS uses useful attention work across all TP ranks and p50(max_across_ranks); Avg/GPU divides it by world_size.
KV GB/s/GPU is average logical BF16 K+V bytes read per TP rank divided by p50(max_across_ranks); it is not hardware-counter HBM traffic.

Running B=18, q_tokens=4352, history_tokens=1179648, causal=True

B=18, q_tokens=4352, history_tokens=1179648, QH=32, KVH=2, D=128, TP=8, DCP=4, mode=causal
Method                   Time ms                                                                                                                                     Agg TFLOPS    Avg/GPU  KV GB/s/GPU      Check  Note
dcp_mega_varlen          t0=1.041, t1=1.045, t2=1.041, t3=1.048, t4=1.053, t5=1.059, t6=1.054, t7=1.057 | p50(max_across_ranks)=1.061, p90(max_across_ranks)=1.068       4467.7      558.5        144.4       skip  eager; output=bf16_ipc_a2a; runner_preallocated; timing=mega_kernel_only
Wrote benchmark JSON to /home/hychen/min_fa3_demo/benchmark_logs/experiment_suite/20260812-231044-dcp-cp-suite/02_dcp_uniform/results/mega/dcp_4/comm_sm_16/d16_c2_kv64k_dcp4_hkv2_eager.json

================================================================================
Mega comm_sm=16, case 44/64: d16_c2_kv128k_dcp4_hkv2: B=18, Sq=[16, 16, 16, 16, 16, 16, 16, 16, 16, 16, 16, 16, 16, 16, 16, 16, 2048, 2048], Sk=[131072, 131072, 131072, 131072, 131072, 131072, 131072, 131072, 131072, 131072, 131072, 131072, 131072, 131072, 131072, 131072, 131072, 131072], DCP=4, Hkv=2
================================================================================
Config: world_size=8, methods=['dcp_mega_varlen'], QH=32, KVH=2, D=128, TP=8, DCP=4, workload=chunk, execution=eager, baseline_phase_timing=False, warmup=40, iters=60, check=False
Workload: B=18, q_tokens=4352, history_tokens=2359296, q_seqlens=[16, 16, 16, 16, 16, 16, 16, 16, 16, 16, 16, 16, 16, 16, 16, 16, 2048, 2048], history_seqlens=[131072, 131072, 131072, 131072, 131072, 131072, 131072, 131072, 131072, 131072, 131072, 131072, 131072, 131072, 131072, 131072, 131072, 131072]
Agg TFLOPS uses useful attention work across all TP ranks and p50(max_across_ranks); Avg/GPU divides it by world_size.
KV GB/s/GPU is average logical BF16 K+V bytes read per TP rank divided by p50(max_across_ranks); it is not hardware-counter HBM traffic.

Running B=18, q_tokens=4352, history_tokens=2359296, causal=True

B=18, q_tokens=4352, history_tokens=2359296, QH=32, KVH=2, D=128, TP=8, DCP=4, mode=causal
Method                   Time ms                                                                                                                                     Agg TFLOPS    Avg/GPU  KV GB/s/GPU      Check  Note
dcp_mega_varlen          t0=2.067, t1=2.067, t2=2.071, t3=2.068, t4=2.050, t5=2.060, t6=2.062, t7=2.060 | p50(max_across_ranks)=2.079, p90(max_across_ranks)=2.131       4528.2      566.0        146.3       skip  eager; output=bf16_ipc_a2a; runner_preallocated; timing=mega_kernel_only
Wrote benchmark JSON to /home/hychen/min_fa3_demo/benchmark_logs/experiment_suite/20260812-231044-dcp-cp-suite/02_dcp_uniform/results/mega/dcp_4/comm_sm_16/d16_c2_kv128k_dcp4_hkv2_eager.json

================================================================================
Mega comm_sm=16, case 45/64: d16_c4_kv16k_dcp4_hkv2: B=20, Sq=[16, 16, 16, 16, 16, 16, 16, 16, 16, 16, 16, 16, 16, 16, 16, 16, 2048, 2048, 2048, 2048], Sk=[16384, 16384, 16384, 16384, 16384, 16384, 16384, 16384, 16384, 16384, 16384, 16384, 16384, 16384, 16384, 16384, 16384, 16384, 16384, 16384], DCP=4, Hkv=2
================================================================================
Config: world_size=8, methods=['dcp_mega_varlen'], QH=32, KVH=2, D=128, TP=8, DCP=4, workload=chunk, execution=eager, baseline_phase_timing=False, warmup=40, iters=60, check=False
Workload: B=20, q_tokens=8448, history_tokens=327680, q_seqlens=[16, 16, 16, 16, 16, 16, 16, 16, 16, 16, 16, 16, 16, 16, 16, 16, 2048, 2048, 2048, 2048], history_seqlens=[16384, 16384, 16384, 16384, 16384, 16384, 16384, 16384, 16384, 16384, 16384, 16384, 16384, 16384, 16384, 16384, 16384, 16384, 16384, 16384]
Agg TFLOPS uses useful attention work across all TP ranks and p50(max_across_ranks); Avg/GPU divides it by world_size.
KV GB/s/GPU is average logical BF16 K+V bytes read per TP rank divided by p50(max_across_ranks); it is not hardware-counter HBM traffic.

Running B=20, q_tokens=8448, history_tokens=327680, causal=True

B=20, q_tokens=8448, history_tokens=327680, QH=32, KVH=2, D=128, TP=8, DCP=4, mode=causal
Method                   Time ms                                                                                                                                     Agg TFLOPS    Avg/GPU  KV GB/s/GPU      Check  Note
dcp_mega_varlen          t0=0.715, t1=0.717, t2=0.710, t3=0.720, t4=0.712, t5=0.717, t6=0.714, t7=0.716 | p50(max_across_ranks)=0.720, p90(max_across_ranks)=0.724       3339.3      417.4         64.2       skip  eager; output=bf16_ipc_a2a; runner_preallocated; timing=mega_kernel_only
Wrote benchmark JSON to /home/hychen/min_fa3_demo/benchmark_logs/experiment_suite/20260812-231044-dcp-cp-suite/02_dcp_uniform/results/mega/dcp_4/comm_sm_16/d16_c4_kv16k_dcp4_hkv2_eager.json

================================================================================
Mega comm_sm=16, case 46/64: d16_c4_kv32k_dcp4_hkv2: B=20, Sq=[16, 16, 16, 16, 16, 16, 16, 16, 16, 16, 16, 16, 16, 16, 16, 16, 2048, 2048, 2048, 2048], Sk=[32768, 32768, 32768, 32768, 32768, 32768, 32768, 32768, 32768, 32768, 32768, 32768, 32768, 32768, 32768, 32768, 32768, 32768, 32768, 32768], DCP=4, Hkv=2
================================================================================
Config: world_size=8, methods=['dcp_mega_varlen'], QH=32, KVH=2, D=128, TP=8, DCP=4, workload=chunk, execution=eager, baseline_phase_timing=False, warmup=40, iters=60, check=False
Workload: B=20, q_tokens=8448, history_tokens=655360, q_seqlens=[16, 16, 16, 16, 16, 16, 16, 16, 16, 16, 16, 16, 16, 16, 16, 16, 2048, 2048, 2048, 2048], history_seqlens=[32768, 32768, 32768, 32768, 32768, 32768, 32768, 32768, 32768, 32768, 32768, 32768, 32768, 32768, 32768, 32768, 32768, 32768, 32768, 32768]
Agg TFLOPS uses useful attention work across all TP ranks and p50(max_across_ranks); Avg/GPU divides it by world_size.
KV GB/s/GPU is average logical BF16 K+V bytes read per TP rank divided by p50(max_across_ranks); it is not hardware-counter HBM traffic.

Running B=20, q_tokens=8448, history_tokens=655360, causal=True

B=20, q_tokens=8448, history_tokens=655360, QH=32, KVH=2, D=128, TP=8, DCP=4, mode=causal
Method                   Time ms                                                                                                                                     Agg TFLOPS    Avg/GPU  KV GB/s/GPU      Check  Note
dcp_mega_varlen          t0=1.133, t1=1.151, t2=1.128, t3=1.168, t4=1.139, t5=1.120, t6=1.132, t7=1.145 | p50(max_across_ranks)=1.168, p90(max_across_ranks)=1.173       4000.1      500.0         75.5       skip  eager; output=bf16_ipc_a2a; runner_preallocated; timing=mega_kernel_only
Wrote benchmark JSON to /home/hychen/min_fa3_demo/benchmark_logs/experiment_suite/20260812-231044-dcp-cp-suite/02_dcp_uniform/results/mega/dcp_4/comm_sm_16/d16_c4_kv32k_dcp4_hkv2_eager.json

================================================================================
Mega comm_sm=16, case 47/64: d16_c4_kv64k_dcp4_hkv2: B=20, Sq=[16, 16, 16, 16, 16, 16, 16, 16, 16, 16, 16, 16, 16, 16, 16, 16, 2048, 2048, 2048, 2048], Sk=[65536, 65536, 65536, 65536, 65536, 65536, 65536, 65536, 65536, 65536, 65536, 65536, 65536, 65536, 65536, 65536, 65536, 65536, 65536, 65536], DCP=4, Hkv=2
================================================================================
Config: world_size=8, methods=['dcp_mega_varlen'], QH=32, KVH=2, D=128, TP=8, DCP=4, workload=chunk, execution=eager, baseline_phase_timing=False, warmup=40, iters=60, check=False
Workload: B=20, q_tokens=8448, history_tokens=1310720, q_seqlens=[16, 16, 16, 16, 16, 16, 16, 16, 16, 16, 16, 16, 16, 16, 16, 16, 2048, 2048, 2048, 2048], history_seqlens=[65536, 65536, 65536, 65536, 65536, 65536, 65536, 65536, 65536, 65536, 65536, 65536, 65536, 65536, 65536, 65536, 65536, 65536, 65536, 65536]
Agg TFLOPS uses useful attention work across all TP ranks and p50(max_across_ranks); Avg/GPU divides it by world_size.
KV GB/s/GPU is average logical BF16 K+V bytes read per TP rank divided by p50(max_across_ranks); it is not hardware-counter HBM traffic.

Running B=20, q_tokens=8448, history_tokens=1310720, causal=True

B=20, q_tokens=8448, history_tokens=1310720, QH=32, KVH=2, D=128, TP=8, DCP=4, mode=causal
Method                   Time ms                                                                                                                                     Agg TFLOPS    Avg/GPU  KV GB/s/GPU      Check  Note
dcp_mega_varlen          t0=2.110, t1=2.104, t2=2.098, t3=2.114, t4=1.995, t5=2.009, t6=2.006, t7=1.982 | p50(max_across_ranks)=2.130, p90(max_across_ranks)=2.161       4324.2      540.5         80.8       skip  eager; output=bf16_ipc_a2a; runner_preallocated; timing=mega_kernel_only
Wrote benchmark JSON to /home/hychen/min_fa3_demo/benchmark_logs/experiment_suite/20260812-231044-dcp-cp-suite/02_dcp_uniform/results/mega/dcp_4/comm_sm_16/d16_c4_kv64k_dcp4_hkv2_eager.json

================================================================================
Mega comm_sm=16, case 48/64: d16_c4_kv128k_dcp4_hkv2: B=20, Sq=[16, 16, 16, 16, 16, 16, 16, 16, 16, 16, 16, 16, 16, 16, 16, 16, 2048, 2048, 2048, 2048], Sk=[131072, 131072, 131072, 131072, 131072, 131072, 131072, 131072, 131072, 131072, 131072, 131072, 131072, 131072, 131072, 131072, 131072, 131072, 131072, 131072], DCP=4, Hkv=2
================================================================================
Config: world_size=8, methods=['dcp_mega_varlen'], QH=32, KVH=2, D=128, TP=8, DCP=4, workload=chunk, execution=eager, baseline_phase_timing=False, warmup=40, iters=60, check=False
Workload: B=20, q_tokens=8448, history_tokens=2621440, q_seqlens=[16, 16, 16, 16, 16, 16, 16, 16, 16, 16, 16, 16, 16, 16, 16, 16, 2048, 2048, 2048, 2048], history_seqlens=[131072, 131072, 131072, 131072, 131072, 131072, 131072, 131072, 131072, 131072, 131072, 131072, 131072, 131072, 131072, 131072, 131072, 131072, 131072, 131072]
Agg TFLOPS uses useful attention work across all TP ranks and p50(max_across_ranks); Avg/GPU divides it by world_size.
KV GB/s/GPU is average logical BF16 K+V bytes read per TP rank divided by p50(max_across_ranks); it is not hardware-counter HBM traffic.

Running B=20, q_tokens=8448, history_tokens=2621440, causal=True

B=20, q_tokens=8448, history_tokens=2621440, QH=32, KVH=2, D=128, TP=8, DCP=4, mode=causal
Method                   Time ms                                                                                                                                     Agg TFLOPS    Avg/GPU  KV GB/s/GPU      Check  Note
dcp_mega_varlen          t0=4.087, t1=4.086, t2=4.074, t3=4.085, t4=4.066, t5=4.067, t6=4.052, t7=4.065 | p50(max_across_ranks)=4.093, p90(max_across_ranks)=4.266       4465.7      558.2         83.0       skip  eager; output=bf16_ipc_a2a; runner_preallocated; timing=mega_kernel_only
Wrote benchmark JSON to /home/hychen/min_fa3_demo/benchmark_logs/experiment_suite/20260812-231044-dcp-cp-suite/02_dcp_uniform/results/mega/dcp_4/comm_sm_16/d16_c4_kv128k_dcp4_hkv2_eager.json

================================================================================
Mega comm_sm=16, case 49/64: d32_c0_kv16k_dcp4_hkv2: B=32, Sq=[16, 16, 16, 16, 16, 16, 16, 16, 16, 16, 16, 16, 16, 16, 16, 16, 16, 16, 16, 16, 16, 16, 16, 16, 16, 16, 16, 16, 16, 16, 16, 16], Sk=[16384, 16384, 16384, 16384, 16384, 16384, 16384, 16384, 16384, 16384, 16384, 16384, 16384, 16384, 16384, 16384, 16384, 16384, 16384, 16384, 16384, 16384, 16384, 16384, 16384, 16384, 16384, 16384, 16384, 16384, 16384, 16384], DCP=4, Hkv=2
================================================================================
Config: world_size=8, methods=['dcp_mega_varlen'], QH=32, KVH=2, D=128, TP=8, DCP=4, workload=chunk, execution=eager, baseline_phase_timing=False, warmup=40, iters=60, check=False
Workload: B=32, q_tokens=512, history_tokens=524288, q_seqlens=[16, 16, 16, 16, 16, 16, 16, 16, 16, 16, 16, 16, 16, 16, 16, 16, 16, 16, 16, 16, 16, 16, 16, 16, 16, 16, 16, 16, 16, 16, 16, 16], history_seqlens=[16384, 16384, 16384, 16384, 16384, 16384, 16384, 16384, 16384, 16384, 16384, 16384, 16384, 16384, 16384, 16384, 16384, 16384, 16384, 16384, 16384, 16384, 16384, 16384, 16384, 16384, 16384, 16384, 16384, 16384, 16384, 16384]
Agg TFLOPS uses useful attention work across all TP ranks and p50(max_across_ranks); Avg/GPU divides it by world_size.
KV GB/s/GPU is average logical BF16 K+V bytes read per TP rank divided by p50(max_across_ranks); it is not hardware-counter HBM traffic.

Running B=32, q_tokens=512, history_tokens=524288, causal=True

B=32, q_tokens=512, history_tokens=524288, QH=32, KVH=2, D=128, TP=8, DCP=4, mode=causal
Method                   Time ms                                                                                                                                     Agg TFLOPS    Avg/GPU  KV GB/s/GPU      Check  Note
dcp_mega_varlen          t0=0.098, t1=0.098, t2=0.097, t3=0.093, t4=0.096, t5=0.098, t6=0.095, t7=0.096 | p50(max_across_ranks)=0.099, p90(max_across_ranks)=0.100       1393.4      174.2        682.7       skip  eager; output=bf16_ipc_a2a; runner_preallocated; timing=mega_kernel_only
Wrote benchmark JSON to /home/hychen/min_fa3_demo/benchmark_logs/experiment_suite/20260812-231044-dcp-cp-suite/02_dcp_uniform/results/mega/dcp_4/comm_sm_16/d32_c0_kv16k_dcp4_hkv2_eager.json

================================================================================
Mega comm_sm=16, case 50/64: d32_c0_kv32k_dcp4_hkv2: B=32, Sq=[16, 16, 16, 16, 16, 16, 16, 16, 16, 16, 16, 16, 16, 16, 16, 16, 16, 16, 16, 16, 16, 16, 16, 16, 16, 16, 16, 16, 16, 16, 16, 16], Sk=[32768, 32768, 32768, 32768, 32768, 32768, 32768, 32768, 32768, 32768, 32768, 32768, 32768, 32768, 32768, 32768, 32768, 32768, 32768, 32768, 32768, 32768, 32768, 32768, 32768, 32768, 32768, 32768, 32768, 32768, 32768, 32768], DCP=4, Hkv=2
================================================================================
Config: world_size=8, methods=['dcp_mega_varlen'], QH=32, KVH=2, D=128, TP=8, DCP=4, workload=chunk, execution=eager, baseline_phase_timing=False, warmup=40, iters=60, check=False
Workload: B=32, q_tokens=512, history_tokens=1048576, q_seqlens=[16, 16, 16, 16, 16, 16, 16, 16, 16, 16, 16, 16, 16, 16, 16, 16, 16, 16, 16, 16, 16, 16, 16, 16, 16, 16, 16, 16, 16, 16, 16, 16], history_seqlens=[32768, 32768, 32768, 32768, 32768, 32768, 32768, 32768, 32768, 32768, 32768, 32768, 32768, 32768, 32768, 32768, 32768, 32768, 32768, 32768, 32768, 32768, 32768, 32768, 32768, 32768, 32768, 32768, 32768, 32768, 32768, 32768]
Agg TFLOPS uses useful attention work across all TP ranks and p50(max_across_ranks); Avg/GPU divides it by world_size.
KV GB/s/GPU is average logical BF16 K+V bytes read per TP rank divided by p50(max_across_ranks); it is not hardware-counter HBM traffic.

Running B=32, q_tokens=512, history_tokens=1048576, causal=True

B=32, q_tokens=512, history_tokens=1048576, QH=32, KVH=2, D=128, TP=8, DCP=4, mode=causal
Method                   Time ms                                                                                                                                     Agg TFLOPS    Avg/GPU  KV GB/s/GPU      Check  Note
dcp_mega_varlen          t0=0.141, t1=0.141, t2=0.141, t3=0.137, t4=0.139, t5=0.141, t6=0.138, t7=0.139 | p50(max_across_ranks)=0.142, p90(max_across_ranks)=0.143       1942.0      242.7        949.8       skip  eager; output=bf16_ipc_a2a; runner_preallocated; timing=mega_kernel_only
Wrote benchmark JSON to /home/hychen/min_fa3_demo/benchmark_logs/experiment_suite/20260812-231044-dcp-cp-suite/02_dcp_uniform/results/mega/dcp_4/comm_sm_16/d32_c0_kv32k_dcp4_hkv2_eager.json

================================================================================
Mega comm_sm=16, case 51/64: d32_c0_kv64k_dcp4_hkv2: B=32, Sq=[16, 16, 16, 16, 16, 16, 16, 16, 16, 16, 16, 16, 16, 16, 16, 16, 16, 16, 16, 16, 16, 16, 16, 16, 16, 16, 16, 16, 16, 16, 16, 16], Sk=[65536, 65536, 65536, 65536, 65536, 65536, 65536, 65536, 65536, 65536, 65536, 65536, 65536, 65536, 65536, 65536, 65536, 65536, 65536, 65536, 65536, 65536, 65536, 65536, 65536, 65536, 65536, 65536, 65536, 65536, 65536, 65536], DCP=4, Hkv=2
================================================================================
Config: world_size=8, methods=['dcp_mega_varlen'], QH=32, KVH=2, D=128, TP=8, DCP=4, workload=chunk, execution=eager, baseline_phase_timing=False, warmup=40, iters=60, check=False
Workload: B=32, q_tokens=512, history_tokens=2097152, q_seqlens=[16, 16, 16, 16, 16, 16, 16, 16, 16, 16, 16, 16, 16, 16, 16, 16, 16, 16, 16, 16, 16, 16, 16, 16, 16, 16, 16, 16, 16, 16, 16, 16], history_seqlens=[65536, 65536, 65536, 65536, 65536, 65536, 65536, 65536, 65536, 65536, 65536, 65536, 65536, 65536, 65536, 65536, 65536, 65536, 65536, 65536, 65536, 65536, 65536, 65536, 65536, 65536, 65536, 65536, 65536, 65536, 65536, 65536]
Agg TFLOPS uses useful attention work across all TP ranks and p50(max_across_ranks); Avg/GPU divides it by world_size.
KV GB/s/GPU is average logical BF16 K+V bytes read per TP rank divided by p50(max_across_ranks); it is not hardware-counter HBM traffic.

Running B=32, q_tokens=512, history_tokens=2097152, causal=True

B=32, q_tokens=512, history_tokens=2097152, QH=32, KVH=2, D=128, TP=8, DCP=4, mode=causal
Method                   Time ms                                                                                                                                     Agg TFLOPS    Avg/GPU  KV GB/s/GPU      Check  Note
dcp_mega_varlen          t0=0.197, t1=0.198, t2=0.199, t3=0.194, t4=0.195, t5=0.196, t6=0.194, t7=0.196 | p50(max_across_ranks)=0.199, p90(max_across_ranks)=0.207       2758.6      344.8       1348.1       skip  eager; output=bf16_ipc_a2a; runner_preallocated; timing=mega_kernel_only
Wrote benchmark JSON to /home/hychen/min_fa3_demo/benchmark_logs/experiment_suite/20260812-231044-dcp-cp-suite/02_dcp_uniform/results/mega/dcp_4/comm_sm_16/d32_c0_kv64k_dcp4_hkv2_eager.json

================================================================================
Mega comm_sm=16, case 52/64: d32_c0_kv128k_dcp4_hkv2: B=32, Sq=[16, 16, 16, 16, 16, 16, 16, 16, 16, 16, 16, 16, 16, 16, 16, 16, 16, 16, 16, 16, 16, 16, 16, 16, 16, 16, 16, 16, 16, 16, 16, 16], Sk=[131072, 131072, 131072, 131072, 131072, 131072, 131072, 131072, 131072, 131072, 131072, 131072, 131072, 131072, 131072, 131072, 131072, 131072, 131072, 131072, 131072, 131072, 131072, 131072, 131072, 131072, 131072, 131072, 131072, 131072, 131072, 131072], DCP=4, Hkv=2
================================================================================
Config: world_size=8, methods=['dcp_mega_varlen'], QH=32, KVH=2, D=128, TP=8, DCP=4, workload=chunk, execution=eager, baseline_phase_timing=False, warmup=40, iters=60, check=False
Workload: B=32, q_tokens=512, history_tokens=4194304, q_seqlens=[16, 16, 16, 16, 16, 16, 16, 16, 16, 16, 16, 16, 16, 16, 16, 16, 16, 16, 16, 16, 16, 16, 16, 16, 16, 16, 16, 16, 16, 16, 16, 16], history_seqlens=[131072, 131072, 131072, 131072, 131072, 131072, 131072, 131072, 131072, 131072, 131072, 131072, 131072, 131072, 131072, 131072, 131072, 131072, 131072, 131072, 131072, 131072, 131072, 131072, 131072, 131072, 131072, 131072, 131072, 131072, 131072, 131072]
Agg TFLOPS uses useful attention work across all TP ranks and p50(max_across_ranks); Avg/GPU divides it by world_size.
KV GB/s/GPU is average logical BF16 K+V bytes read per TP rank divided by p50(max_across_ranks); it is not hardware-counter HBM traffic.

Running B=32, q_tokens=512, history_tokens=4194304, causal=True

B=32, q_tokens=512, history_tokens=4194304, QH=32, KVH=2, D=128, TP=8, DCP=4, mode=causal
Method                   Time ms                                                                                                                                     Agg TFLOPS    Avg/GPU  KV GB/s/GPU      Check  Note
dcp_mega_varlen          t0=0.361, t1=0.361, t2=0.360, t3=0.357, t4=0.357, t5=0.358, t6=0.356, t7=0.356 | p50(max_across_ranks)=0.362, p90(max_across_ranks)=0.364       3040.2      380.0       1485.1       skip  eager; output=bf16_ipc_a2a; runner_preallocated; timing=mega_kernel_only
Wrote benchmark JSON to /home/hychen/min_fa3_demo/benchmark_logs/experiment_suite/20260812-231044-dcp-cp-suite/02_dcp_uniform/results/mega/dcp_4/comm_sm_16/d32_c0_kv128k_dcp4_hkv2_eager.json

================================================================================
Mega comm_sm=16, case 53/64: d32_c1_kv16k_dcp4_hkv2: B=33, Sq=[16, 16, 16, 16, 16, 16, 16, 16, 16, 16, 16, 16, 16, 16, 16, 16, 16, 16, 16, 16, 16, 16, 16, 16, 16, 16, 16, 16, 16, 16, 16, 16, 2048], Sk=[16384, 16384, 16384, 16384, 16384, 16384, 16384, 16384, 16384, 16384, 16384, 16384, 16384, 16384, 16384, 16384, 16384, 16384, 16384, 16384, 16384, 16384, 16384, 16384, 16384, 16384, 16384, 16384, 16384, 16384, 16384, 16384, 16384], DCP=4, Hkv=2
================================================================================
Config: world_size=8, methods=['dcp_mega_varlen'], QH=32, KVH=2, D=128, TP=8, DCP=4, workload=chunk, execution=eager, baseline_phase_timing=False, warmup=40, iters=60, check=False
Workload: B=33, q_tokens=2560, history_tokens=540672, q_seqlens=[16, 16, 16, 16, 16, 16, 16, 16, 16, 16, 16, 16, 16, 16, 16, 16, 16, 16, 16, 16, 16, 16, 16, 16, 16, 16, 16, 16, 16, 16, 16, 16, 2048], history_seqlens=[16384, 16384, 16384, 16384, 16384, 16384, 16384, 16384, 16384, 16384, 16384, 16384, 16384, 16384, 16384, 16384, 16384, 16384, 16384, 16384, 16384, 16384, 16384, 16384, 16384, 16384, 16384, 16384, 16384, 16384, 16384, 16384, 16384]
Agg TFLOPS uses useful attention work across all TP ranks and p50(max_across_ranks); Avg/GPU divides it by world_size.
KV GB/s/GPU is average logical BF16 K+V bytes read per TP rank divided by p50(max_across_ranks); it is not hardware-counter HBM traffic.

Running B=33, q_tokens=2560, history_tokens=540672, causal=True

B=33, q_tokens=2560, history_tokens=540672, QH=32, KVH=2, D=128, TP=8, DCP=4, mode=causal
Method                   Time ms                                                                                                                                     Agg TFLOPS    Avg/GPU  KV GB/s/GPU      Check  Note
dcp_mega_varlen          t0=0.242, t1=0.242, t2=0.241, t3=0.235, t4=0.236, t5=0.236, t6=0.233, t7=0.234 | p50(max_across_ranks)=0.243, p90(max_across_ranks)=0.245       2970.6      371.3        290.3       skip  eager; output=bf16_ipc_a2a; runner_preallocated; timing=mega_kernel_only
Wrote benchmark JSON to /home/hychen/min_fa3_demo/benchmark_logs/experiment_suite/20260812-231044-dcp-cp-suite/02_dcp_uniform/results/mega/dcp_4/comm_sm_16/d32_c1_kv16k_dcp4_hkv2_eager.json

================================================================================
Mega comm_sm=16, case 54/64: d32_c1_kv32k_dcp4_hkv2: B=33, Sq=[16, 16, 16, 16, 16, 16, 16, 16, 16, 16, 16, 16, 16, 16, 16, 16, 16, 16, 16, 16, 16, 16, 16, 16, 16, 16, 16, 16, 16, 16, 16, 16, 2048], Sk=[32768, 32768, 32768, 32768, 32768, 32768, 32768, 32768, 32768, 32768, 32768, 32768, 32768, 32768, 32768, 32768, 32768, 32768, 32768, 32768, 32768, 32768, 32768, 32768, 32768, 32768, 32768, 32768, 32768, 32768, 32768, 32768, 32768], DCP=4, Hkv=2
================================================================================
Config: world_size=8, methods=['dcp_mega_varlen'], QH=32, KVH=2, D=128, TP=8, DCP=4, workload=chunk, execution=eager, baseline_phase_timing=False, warmup=40, iters=60, check=False
Workload: B=33, q_tokens=2560, history_tokens=1081344, q_seqlens=[16, 16, 16, 16, 16, 16, 16, 16, 16, 16, 16, 16, 16, 16, 16, 16, 16, 16, 16, 16, 16, 16, 16, 16, 16, 16, 16, 16, 16, 16, 16, 16, 2048], history_seqlens=[32768, 32768, 32768, 32768, 32768, 32768, 32768, 32768, 32768, 32768, 32768, 32768, 32768, 32768, 32768, 32768, 32768, 32768, 32768, 32768, 32768, 32768, 32768, 32768, 32768, 32768, 32768, 32768, 32768, 32768, 32768, 32768, 32768]
Agg TFLOPS uses useful attention work across all TP ranks and p50(max_across_ranks); Avg/GPU divides it by world_size.
KV GB/s/GPU is average logical BF16 K+V bytes read per TP rank divided by p50(max_across_ranks); it is not hardware-counter HBM traffic.

Running B=33, q_tokens=2560, history_tokens=1081344, causal=True

B=33, q_tokens=2560, history_tokens=1081344, QH=32, KVH=2, D=128, TP=8, DCP=4, mode=causal
Method                   Time ms                                                                                                                                     Agg TFLOPS    Avg/GPU  KV GB/s/GPU      Check  Note
dcp_mega_varlen          t0=0.361, t1=0.361, t2=0.360, t3=0.355, t4=0.354, t5=0.355, t6=0.352, t7=0.353 | p50(max_across_ranks)=0.362, p90(max_across_ranks)=0.364       3888.2      486.0        385.6       skip  eager; output=bf16_ipc_a2a; runner_preallocated; timing=mega_kernel_only
Wrote benchmark JSON to /home/hychen/min_fa3_demo/benchmark_logs/experiment_suite/20260812-231044-dcp-cp-suite/02_dcp_uniform/results/mega/dcp_4/comm_sm_16/d32_c1_kv32k_dcp4_hkv2_eager.json

================================================================================
Mega comm_sm=16, case 55/64: d32_c1_kv64k_dcp4_hkv2: B=33, Sq=[16, 16, 16, 16, 16, 16, 16, 16, 16, 16, 16, 16, 16, 16, 16, 16, 16, 16, 16, 16, 16, 16, 16, 16, 16, 16, 16, 16, 16, 16, 16, 16, 2048], Sk=[65536, 65536, 65536, 65536, 65536, 65536, 65536, 65536, 65536, 65536, 65536, 65536, 65536, 65536, 65536, 65536, 65536, 65536, 65536, 65536, 65536, 65536, 65536, 65536, 65536, 65536, 65536, 65536, 65536, 65536, 65536, 65536, 65536], DCP=4, Hkv=2
================================================================================
Config: world_size=8, methods=['dcp_mega_varlen'], QH=32, KVH=2, D=128, TP=8, DCP=4, workload=chunk, execution=eager, baseline_phase_timing=False, warmup=40, iters=60, check=False
Workload: B=33, q_tokens=2560, history_tokens=2162688, q_seqlens=[16, 16, 16, 16, 16, 16, 16, 16, 16, 16, 16, 16, 16, 16, 16, 16, 16, 16, 16, 16, 16, 16, 16, 16, 16, 16, 16, 16, 16, 16, 16, 16, 2048], history_seqlens=[65536, 65536, 65536, 65536, 65536, 65536, 65536, 65536, 65536, 65536, 65536, 65536, 65536, 65536, 65536, 65536, 65536, 65536, 65536, 65536, 65536, 65536, 65536, 65536, 65536, 65536, 65536, 65536, 65536, 65536, 65536, 65536, 65536]
Agg TFLOPS uses useful attention work across all TP ranks and p50(max_across_ranks); Avg/GPU divides it by world_size.
KV GB/s/GPU is average logical BF16 K+V bytes read per TP rank divided by p50(max_across_ranks); it is not hardware-counter HBM traffic.

Running B=33, q_tokens=2560, history_tokens=2162688, causal=True

B=33, q_tokens=2560, history_tokens=2162688, QH=32, KVH=2, D=128, TP=8, DCP=4, mode=causal
Method                   Time ms                                                                                                                                     Agg TFLOPS    Avg/GPU  KV GB/s/GPU      Check  Note
dcp_mega_varlen          t0=0.645, t1=0.645, t2=0.645, t3=0.636, t4=0.642, t5=0.652, t6=0.651, t7=0.651 | p50(max_across_ranks)=0.653, p90(max_across_ranks)=0.700       4261.7      532.7        425.9       skip  eager; output=bf16_ipc_a2a; runner_preallocated; timing=mega_kernel_only
Wrote benchmark JSON to /home/hychen/min_fa3_demo/benchmark_logs/experiment_suite/20260812-231044-dcp-cp-suite/02_dcp_uniform/results/mega/dcp_4/comm_sm_16/d32_c1_kv64k_dcp4_hkv2_eager.json

================================================================================
Mega comm_sm=16, case 56/64: d32_c1_kv128k_dcp4_hkv2: B=33, Sq=[16, 16, 16, 16, 16, 16, 16, 16, 16, 16, 16, 16, 16, 16, 16, 16, 16, 16, 16, 16, 16, 16, 16, 16, 16, 16, 16, 16, 16, 16, 16, 16, 2048], Sk=[131072, 131072, 131072, 131072, 131072, 131072, 131072, 131072, 131072, 131072, 131072, 131072, 131072, 131072, 131072, 131072, 131072, 131072, 131072, 131072, 131072, 131072, 131072, 131072, 131072, 131072, 131072, 131072, 131072, 131072, 131072, 131072, 131072], DCP=4, Hkv=2
================================================================================
Config: world_size=8, methods=['dcp_mega_varlen'], QH=32, KVH=2, D=128, TP=8, DCP=4, workload=chunk, execution=eager, baseline_phase_timing=False, warmup=40, iters=60, check=False
Workload: B=33, q_tokens=2560, history_tokens=4325376, q_seqlens=[16, 16, 16, 16, 16, 16, 16, 16, 16, 16, 16, 16, 16, 16, 16, 16, 16, 16, 16, 16, 16, 16, 16, 16, 16, 16, 16, 16, 16, 16, 16, 16, 2048], history_seqlens=[131072, 131072, 131072, 131072, 131072, 131072, 131072, 131072, 131072, 131072, 131072, 131072, 131072, 131072, 131072, 131072, 131072, 131072, 131072, 131072, 131072, 131072, 131072, 131072, 131072, 131072, 131072, 131072, 131072, 131072, 131072, 131072, 131072]
Agg TFLOPS uses useful attention work across all TP ranks and p50(max_across_ranks); Avg/GPU divides it by world_size.
KV GB/s/GPU is average logical BF16 K+V bytes read per TP rank divided by p50(max_across_ranks); it is not hardware-counter HBM traffic.

Running B=33, q_tokens=2560, history_tokens=4325376, causal=True

B=33, q_tokens=2560, history_tokens=4325376, QH=32, KVH=2, D=128, TP=8, DCP=4, mode=causal
Method                   Time ms                                                                                                                                     Agg TFLOPS    Avg/GPU  KV GB/s/GPU      Check  Note
dcp_mega_varlen          t0=1.243, t1=1.238, t2=1.224, t3=1.216, t4=1.250, t5=1.250, t6=1.248, t7=1.244 | p50(max_across_ranks)=1.259, p90(max_across_ranks)=1.266       4393.7      549.2        440.8       skip  eager; output=bf16_ipc_a2a; runner_preallocated; timing=mega_kernel_only
Wrote benchmark JSON to /home/hychen/min_fa3_demo/benchmark_logs/experiment_suite/20260812-231044-dcp-cp-suite/02_dcp_uniform/results/mega/dcp_4/comm_sm_16/d32_c1_kv128k_dcp4_hkv2_eager.json

================================================================================
Mega comm_sm=16, case 57/64: d32_c2_kv16k_dcp4_hkv2: B=34, Sq=[16, 16, 16, 16, 16, 16, 16, 16, 16, 16, 16, 16, 16, 16, 16, 16, 16, 16, 16, 16, 16, 16, 16, 16, 16, 16, 16, 16, 16, 16, 16, 16, 2048, 2048], Sk=[16384, 16384, 16384, 16384, 16384, 16384, 16384, 16384, 16384, 16384, 16384, 16384, 16384, 16384, 16384, 16384, 16384, 16384, 16384, 16384, 16384, 16384, 16384, 16384, 16384, 16384, 16384, 16384, 16384, 16384, 16384, 16384, 16384, 16384], DCP=4, Hkv=2
================================================================================
Config: world_size=8, methods=['dcp_mega_varlen'], QH=32, KVH=2, D=128, TP=8, DCP=4, workload=chunk, execution=eager, baseline_phase_timing=False, warmup=40, iters=60, check=False
Workload: B=34, q_tokens=4608, history_tokens=557056, q_seqlens=[16, 16, 16, 16, 16, 16, 16, 16, 16, 16, 16, 16, 16, 16, 16, 16, 16, 16, 16, 16, 16, 16, 16, 16, 16, 16, 16, 16, 16, 16, 16, 16, 2048, 2048], history_seqlens=[16384, 16384, 16384, 16384, 16384, 16384, 16384, 16384, 16384, 16384, 16384, 16384, 16384, 16384, 16384, 16384, 16384, 16384, 16384, 16384, 16384, 16384, 16384, 16384, 16384, 16384, 16384, 16384, 16384, 16384, 16384, 16384, 16384, 16384]
Agg TFLOPS uses useful attention work across all TP ranks and p50(max_across_ranks); Avg/GPU divides it by world_size.
KV GB/s/GPU is average logical BF16 K+V bytes read per TP rank divided by p50(max_across_ranks); it is not hardware-counter HBM traffic.

Running B=34, q_tokens=4608, history_tokens=557056, causal=True

B=34, q_tokens=4608, history_tokens=557056, QH=32, KVH=2, D=128, TP=8, DCP=4, mode=causal
Method                   Time ms                                                                                                                                     Agg TFLOPS    Avg/GPU  KV GB/s/GPU      Check  Note
dcp_mega_varlen          t0=0.410, t1=0.411, t2=0.409, t3=0.406, t4=0.407, t5=0.407, t6=0.407, t7=0.406 | p50(max_across_ranks)=0.413, p90(max_across_ranks)=0.417       3160.6      395.1        178.3       skip  eager; output=bf16_ipc_a2a; runner_preallocated; timing=mega_kernel_only
Wrote benchmark JSON to /home/hychen/min_fa3_demo/benchmark_logs/experiment_suite/20260812-231044-dcp-cp-suite/02_dcp_uniform/results/mega/dcp_4/comm_sm_16/d32_c2_kv16k_dcp4_hkv2_eager.json

================================================================================
Mega comm_sm=16, case 58/64: d32_c2_kv32k_dcp4_hkv2: B=34, Sq=[16, 16, 16, 16, 16, 16, 16, 16, 16, 16, 16, 16, 16, 16, 16, 16, 16, 16, 16, 16, 16, 16, 16, 16, 16, 16, 16, 16, 16, 16, 16, 16, 2048, 2048], Sk=[32768, 32768, 32768, 32768, 32768, 32768, 32768, 32768, 32768, 32768, 32768, 32768, 32768, 32768, 32768, 32768, 32768, 32768, 32768, 32768, 32768, 32768, 32768, 32768, 32768, 32768, 32768, 32768, 32768, 32768, 32768, 32768, 32768, 32768], DCP=4, Hkv=2
================================================================================
Config: world_size=8, methods=['dcp_mega_varlen'], QH=32, KVH=2, D=128, TP=8, DCP=4, workload=chunk, execution=eager, baseline_phase_timing=False, warmup=40, iters=60, check=False
Workload: B=34, q_tokens=4608, history_tokens=1114112, q_seqlens=[16, 16, 16, 16, 16, 16, 16, 16, 16, 16, 16, 16, 16, 16, 16, 16, 16, 16, 16, 16, 16, 16, 16, 16, 16, 16, 16, 16, 16, 16, 16, 16, 2048, 2048], history_seqlens=[32768, 32768, 32768, 32768, 32768, 32768, 32768, 32768, 32768, 32768, 32768, 32768, 32768, 32768, 32768, 32768, 32768, 32768, 32768, 32768, 32768, 32768, 32768, 32768, 32768, 32768, 32768, 32768, 32768, 32768, 32768, 32768, 32768, 32768]
Agg TFLOPS uses useful attention work across all TP ranks and p50(max_across_ranks); Avg/GPU divides it by world_size.
KV GB/s/GPU is average logical BF16 K+V bytes read per TP rank divided by p50(max_across_ranks); it is not hardware-counter HBM traffic.

Running B=34, q_tokens=4608, history_tokens=1114112, causal=True

B=34, q_tokens=4608, history_tokens=1114112, QH=32, KVH=2, D=128, TP=8, DCP=4, mode=causal
Method                   Time ms                                                                                                                                     Agg TFLOPS    Avg/GPU  KV GB/s/GPU      Check  Note
dcp_mega_varlen          t0=0.624, t1=0.622, t2=0.626, t3=0.622, t4=0.620, t5=0.619, t6=0.619, t7=0.618 | p50(max_across_ranks)=0.628, p90(max_across_ranks)=0.649       4046.2      505.8        230.7       skip  eager; output=bf16_ipc_a2a; runner_preallocated; timing=mega_kernel_only
Wrote benchmark JSON to /home/hychen/min_fa3_demo/benchmark_logs/experiment_suite/20260812-231044-dcp-cp-suite/02_dcp_uniform/results/mega/dcp_4/comm_sm_16/d32_c2_kv32k_dcp4_hkv2_eager.json

================================================================================
Mega comm_sm=16, case 59/64: d32_c2_kv64k_dcp4_hkv2: B=34, Sq=[16, 16, 16, 16, 16, 16, 16, 16, 16, 16, 16, 16, 16, 16, 16, 16, 16, 16, 16, 16, 16, 16, 16, 16, 16, 16, 16, 16, 16, 16, 16, 16, 2048, 2048], Sk=[65536, 65536, 65536, 65536, 65536, 65536, 65536, 65536, 65536, 65536, 65536, 65536, 65536, 65536, 65536, 65536, 65536, 65536, 65536, 65536, 65536, 65536, 65536, 65536, 65536, 65536, 65536, 65536, 65536, 65536, 65536, 65536, 65536, 65536], DCP=4, Hkv=2
================================================================================
Config: world_size=8, methods=['dcp_mega_varlen'], QH=32, KVH=2, D=128, TP=8, DCP=4, workload=chunk, execution=eager, baseline_phase_timing=False, warmup=40, iters=60, check=False
Workload: B=34, q_tokens=4608, history_tokens=2228224, q_seqlens=[16, 16, 16, 16, 16, 16, 16, 16, 16, 16, 16, 16, 16, 16, 16, 16, 16, 16, 16, 16, 16, 16, 16, 16, 16, 16, 16, 16, 16, 16, 16, 16, 2048, 2048], history_seqlens=[65536, 65536, 65536, 65536, 65536, 65536, 65536, 65536, 65536, 65536, 65536, 65536, 65536, 65536, 65536, 65536, 65536, 65536, 65536, 65536, 65536, 65536, 65536, 65536, 65536, 65536, 65536, 65536, 65536, 65536, 65536, 65536, 65536, 65536]
Agg TFLOPS uses useful attention work across all TP ranks and p50(max_across_ranks); Avg/GPU divides it by world_size.
KV GB/s/GPU is average logical BF16 K+V bytes read per TP rank divided by p50(max_across_ranks); it is not hardware-counter HBM traffic.

Running B=34, q_tokens=4608, history_tokens=2228224, causal=True

B=34, q_tokens=4608, history_tokens=2228224, QH=32, KVH=2, D=128, TP=8, DCP=4, mode=causal
Method                   Time ms                                                                                                                                     Agg TFLOPS    Avg/GPU  KV GB/s/GPU      Check  Note
dcp_mega_varlen          t0=1.124, t1=1.128, t2=1.125, t3=1.123, t4=1.115, t5=1.114, t6=1.115, t7=1.112 | p50(max_across_ranks)=1.130, p90(max_across_ranks)=1.152       4437.9      554.7        254.4       skip  eager; output=bf16_ipc_a2a; runner_preallocated; timing=mega_kernel_only
Wrote benchmark JSON to /home/hychen/min_fa3_demo/benchmark_logs/experiment_suite/20260812-231044-dcp-cp-suite/02_dcp_uniform/results/mega/dcp_4/comm_sm_16/d32_c2_kv64k_dcp4_hkv2_eager.json

================================================================================
Mega comm_sm=16, case 60/64: d32_c2_kv128k_dcp4_hkv2: B=34, Sq=[16, 16, 16, 16, 16, 16, 16, 16, 16, 16, 16, 16, 16, 16, 16, 16, 16, 16, 16, 16, 16, 16, 16, 16, 16, 16, 16, 16, 16, 16, 16, 16, 2048, 2048], Sk=[131072, 131072, 131072, 131072, 131072, 131072, 131072, 131072, 131072, 131072, 131072, 131072, 131072, 131072, 131072, 131072, 131072, 131072, 131072, 131072, 131072, 131072, 131072, 131072, 131072, 131072, 131072, 131072, 131072, 131072, 131072, 131072, 131072, 131072], DCP=4, Hkv=2
================================================================================
Config: world_size=8, methods=['dcp_mega_varlen'], QH=32, KVH=2, D=128, TP=8, DCP=4, workload=chunk, execution=eager, baseline_phase_timing=False, warmup=40, iters=60, check=False
Workload: B=34, q_tokens=4608, history_tokens=4456448, q_seqlens=[16, 16, 16, 16, 16, 16, 16, 16, 16, 16, 16, 16, 16, 16, 16, 16, 16, 16, 16, 16, 16, 16, 16, 16, 16, 16, 16, 16, 16, 16, 16, 16, 2048, 2048], history_seqlens=[131072, 131072, 131072, 131072, 131072, 131072, 131072, 131072, 131072, 131072, 131072, 131072, 131072, 131072, 131072, 131072, 131072, 131072, 131072, 131072, 131072, 131072, 131072, 131072, 131072, 131072, 131072, 131072, 131072, 131072, 131072, 131072, 131072, 131072]
Agg TFLOPS uses useful attention work across all TP ranks and p50(max_across_ranks); Avg/GPU divides it by world_size.
KV GB/s/GPU is average logical BF16 K+V bytes read per TP rank divided by p50(max_across_ranks); it is not hardware-counter HBM traffic.

Running B=34, q_tokens=4608, history_tokens=4456448, causal=True

B=34, q_tokens=4608, history_tokens=4456448, QH=32, KVH=2, D=128, TP=8, DCP=4, mode=causal
Method                   Time ms                                                                                                                                     Agg TFLOPS    Avg/GPU  KV GB/s/GPU      Check  Note
dcp_mega_varlen          t0=2.137, t1=2.140, t2=2.139, t3=2.147, t4=2.144, t5=2.147, t6=2.141, t7=2.152 | p50(max_across_ranks)=2.161, p90(max_across_ranks)=2.169       4610.6      576.3        265.0       skip  eager; output=bf16_ipc_a2a; runner_preallocated; timing=mega_kernel_only
Wrote benchmark JSON to /home/hychen/min_fa3_demo/benchmark_logs/experiment_suite/20260812-231044-dcp-cp-suite/02_dcp_uniform/results/mega/dcp_4/comm_sm_16/d32_c2_kv128k_dcp4_hkv2_eager.json

================================================================================
Mega comm_sm=16, case 61/64: d32_c4_kv16k_dcp4_hkv2: B=36, Sq=[16, 16, 16, 16, 16, 16, 16, 16, 16, 16, 16, 16, 16, 16, 16, 16, 16, 16, 16, 16, 16, 16, 16, 16, 16, 16, 16, 16, 16, 16, 16, 16, 2048, 2048, 2048, 2048], Sk=[16384, 16384, 16384, 16384, 16384, 16384, 16384, 16384, 16384, 16384, 16384, 16384, 16384, 16384, 16384, 16384, 16384, 16384, 16384, 16384, 16384, 16384, 16384, 16384, 16384, 16384, 16384, 16384, 16384, 16384, 16384, 16384, 16384, 16384, 16384, 16384], DCP=4, Hkv=2
================================================================================
Config: world_size=8, methods=['dcp_mega_varlen'], QH=32, KVH=2, D=128, TP=8, DCP=4, workload=chunk, execution=eager, baseline_phase_timing=False, warmup=40, iters=60, check=False
Workload: B=36, q_tokens=8704, history_tokens=589824, q_seqlens=[16, 16, 16, 16, 16, 16, 16, 16, 16, 16, 16, 16, 16, 16, 16, 16, 16, 16, 16, 16, 16, 16, 16, 16, 16, 16, 16, 16, 16, 16, 16, 16, 2048, 2048, 2048, 2048], history_seqlens=[16384, 16384, 16384, 16384, 16384, 16384, 16384, 16384, 16384, 16384, 16384, 16384, 16384, 16384, 16384, 16384, 16384, 16384, 16384, 16384, 16384, 16384, 16384, 16384, 16384, 16384, 16384, 16384, 16384, 16384, 16384, 16384, 16384, 16384, 16384, 16384]
Agg TFLOPS uses useful attention work across all TP ranks and p50(max_across_ranks); Avg/GPU divides it by world_size.
KV GB/s/GPU is average logical BF16 K+V bytes read per TP rank divided by p50(max_across_ranks); it is not hardware-counter HBM traffic.

Running B=36, q_tokens=8704, history_tokens=589824, causal=True

B=36, q_tokens=8704, history_tokens=589824, QH=32, KVH=2, D=128, TP=8, DCP=4, mode=causal
Method                   Time ms                                                                                                                                     Agg TFLOPS    Avg/GPU  KV GB/s/GPU      Check  Note
dcp_mega_varlen          t0=0.731, t1=0.735, t2=0.733, t3=0.741, t4=0.734, t5=0.731, t6=0.736, t7=0.756 | p50(max_across_ranks)=0.756, p90(max_across_ranks)=0.758       3271.4      408.9        105.7       skip  eager; output=bf16_ipc_a2a; runner_preallocated; timing=mega_kernel_only
Wrote benchmark JSON to /home/hychen/min_fa3_demo/benchmark_logs/experiment_suite/20260812-231044-dcp-cp-suite/02_dcp_uniform/results/mega/dcp_4/comm_sm_16/d32_c4_kv16k_dcp4_hkv2_eager.json

================================================================================
Mega comm_sm=16, case 62/64: d32_c4_kv32k_dcp4_hkv2: B=36, Sq=[16, 16, 16, 16, 16, 16, 16, 16, 16, 16, 16, 16, 16, 16, 16, 16, 16, 16, 16, 16, 16, 16, 16, 16, 16, 16, 16, 16, 16, 16, 16, 16, 2048, 2048, 2048, 2048], Sk=[32768, 32768, 32768, 32768, 32768, 32768, 32768, 32768, 32768, 32768, 32768, 32768, 32768, 32768, 32768, 32768, 32768, 32768, 32768, 32768, 32768, 32768, 32768, 32768, 32768, 32768, 32768, 32768, 32768, 32768, 32768, 32768, 32768, 32768, 32768, 32768], DCP=4, Hkv=2
================================================================================
Config: world_size=8, methods=['dcp_mega_varlen'], QH=32, KVH=2, D=128, TP=8, DCP=4, workload=chunk, execution=eager, baseline_phase_timing=False, warmup=40, iters=60, check=False
Workload: B=36, q_tokens=8704, history_tokens=1179648, q_seqlens=[16, 16, 16, 16, 16, 16, 16, 16, 16, 16, 16, 16, 16, 16, 16, 16, 16, 16, 16, 16, 16, 16, 16, 16, 16, 16, 16, 16, 16, 16, 16, 16, 2048, 2048, 2048, 2048], history_seqlens=[32768, 32768, 32768, 32768, 32768, 32768, 32768, 32768, 32768, 32768, 32768, 32768, 32768, 32768, 32768, 32768, 32768, 32768, 32768, 32768, 32768, 32768, 32768, 32768, 32768, 32768, 32768, 32768, 32768, 32768, 32768, 32768, 32768, 32768, 32768, 32768]
Agg TFLOPS uses useful attention work across all TP ranks and p50(max_across_ranks); Avg/GPU divides it by world_size.
KV GB/s/GPU is average logical BF16 K+V bytes read per TP rank divided by p50(max_across_ranks); it is not hardware-counter HBM traffic.

Running B=36, q_tokens=8704, history_tokens=1179648, causal=True

B=36, q_tokens=8704, history_tokens=1179648, QH=32, KVH=2, D=128, TP=8, DCP=4, mode=causal
Method                   Time ms                                                                                                                                     Agg TFLOPS    Avg/GPU  KV GB/s/GPU      Check  Note
dcp_mega_varlen          t0=1.154, t1=1.203, t2=1.185, t3=1.177, t4=1.136, t5=1.141, t6=1.137, t7=1.152 | p50(max_across_ranks)=1.203, p90(max_across_ranks)=1.210       3999.6      500.0        129.2       skip  eager; output=bf16_ipc_a2a; runner_preallocated; timing=mega_kernel_only
Wrote benchmark JSON to /home/hychen/min_fa3_demo/benchmark_logs/experiment_suite/20260812-231044-dcp-cp-suite/02_dcp_uniform/results/mega/dcp_4/comm_sm_16/d32_c4_kv32k_dcp4_hkv2_eager.json

================================================================================
Mega comm_sm=16, case 63/64: d32_c4_kv64k_dcp4_hkv2: B=36, Sq=[16, 16, 16, 16, 16, 16, 16, 16, 16, 16, 16, 16, 16, 16, 16, 16, 16, 16, 16, 16, 16, 16, 16, 16, 16, 16, 16, 16, 16, 16, 16, 16, 2048, 2048, 2048, 2048], Sk=[65536, 65536, 65536, 65536, 65536, 65536, 65536, 65536, 65536, 65536, 65536, 65536, 65536, 65536, 65536, 65536, 65536, 65536, 65536, 65536, 65536, 65536, 65536, 65536, 65536, 65536, 65536, 65536, 65536, 65536, 65536, 65536, 65536, 65536, 65536, 65536], DCP=4, Hkv=2
================================================================================
Config: world_size=8, methods=['dcp_mega_varlen'], QH=32, KVH=2, D=128, TP=8, DCP=4, workload=chunk, execution=eager, baseline_phase_timing=False, warmup=40, iters=60, check=False
Workload: B=36, q_tokens=8704, history_tokens=2359296, q_seqlens=[16, 16, 16, 16, 16, 16, 16, 16, 16, 16, 16, 16, 16, 16, 16, 16, 16, 16, 16, 16, 16, 16, 16, 16, 16, 16, 16, 16, 16, 16, 16, 16, 2048, 2048, 2048, 2048], history_seqlens=[65536, 65536, 65536, 65536, 65536, 65536, 65536, 65536, 65536, 65536, 65536, 65536, 65536, 65536, 65536, 65536, 65536, 65536, 65536, 65536, 65536, 65536, 65536, 65536, 65536, 65536, 65536, 65536, 65536, 65536, 65536, 65536, 65536, 65536, 65536, 65536]
Agg TFLOPS uses useful attention work across all TP ranks and p50(max_across_ranks); Avg/GPU divides it by world_size.
KV GB/s/GPU is average logical BF16 K+V bytes read per TP rank divided by p50(max_across_ranks); it is not hardware-counter HBM traffic.

Running B=36, q_tokens=8704, history_tokens=2359296, causal=True

B=36, q_tokens=8704, history_tokens=2359296, QH=32, KVH=2, D=128, TP=8, DCP=4, mode=causal
Method                   Time ms                                                                                                                                     Agg TFLOPS    Avg/GPU  KV GB/s/GPU      Check  Note
dcp_mega_varlen          t0=2.101, t1=2.097, t2=2.103, t3=2.095, t4=2.101, t5=2.100, t6=2.138, t7=2.154 | p50(max_across_ranks)=2.170, p90(max_across_ranks)=2.181       4369.7      546.2        141.2       skip  eager; output=bf16_ipc_a2a; runner_preallocated; timing=mega_kernel_only
Wrote benchmark JSON to /home/hychen/min_fa3_demo/benchmark_logs/experiment_suite/20260812-231044-dcp-cp-suite/02_dcp_uniform/results/mega/dcp_4/comm_sm_16/d32_c4_kv64k_dcp4_hkv2_eager.json

================================================================================
Mega comm_sm=16, case 64/64: d32_c4_kv128k_dcp4_hkv2: B=36, Sq=[16, 16, 16, 16, 16, 16, 16, 16, 16, 16, 16, 16, 16, 16, 16, 16, 16, 16, 16, 16, 16, 16, 16, 16, 16, 16, 16, 16, 16, 16, 16, 16, 2048, 2048, 2048, 2048], Sk=[131072, 131072, 131072, 131072, 131072, 131072, 131072, 131072, 131072, 131072, 131072, 131072, 131072, 131072, 131072, 131072, 131072, 131072, 131072, 131072, 131072, 131072, 131072, 131072, 131072, 131072, 131072, 131072, 131072, 131072, 131072, 131072, 131072, 131072, 131072, 131072], DCP=4, Hkv=2
================================================================================
Config: world_size=8, methods=['dcp_mega_varlen'], QH=32, KVH=2, D=128, TP=8, DCP=4, workload=chunk, execution=eager, baseline_phase_timing=False, warmup=40, iters=60, check=False
Workload: B=36, q_tokens=8704, history_tokens=4718592, q_seqlens=[16, 16, 16, 16, 16, 16, 16, 16, 16, 16, 16, 16, 16, 16, 16, 16, 16, 16, 16, 16, 16, 16, 16, 16, 16, 16, 16, 16, 16, 16, 16, 16, 2048, 2048, 2048, 2048], history_seqlens=[131072, 131072, 131072, 131072, 131072, 131072, 131072, 131072, 131072, 131072, 131072, 131072, 131072, 131072, 131072, 131072, 131072, 131072, 131072, 131072, 131072, 131072, 131072, 131072, 131072, 131072, 131072, 131072, 131072, 131072, 131072, 131072, 131072, 131072, 131072, 131072]
Agg TFLOPS uses useful attention work across all TP ranks and p50(max_across_ranks); Avg/GPU divides it by world_size.
KV GB/s/GPU is average logical BF16 K+V bytes read per TP rank divided by p50(max_across_ranks); it is not hardware-counter HBM traffic.

Running B=36, q_tokens=8704, history_tokens=4718592, causal=True

B=36, q_tokens=8704, history_tokens=4718592, QH=32, KVH=2, D=128, TP=8, DCP=4, mode=causal
Method                   Time ms                                                                                                                                     Agg TFLOPS    Avg/GPU  KV GB/s/GPU      Check  Note
dcp_mega_varlen          t0=4.121, t1=4.153, t2=4.120, t3=4.171, t4=4.080, t5=4.081, t6=4.096, t7=4.096 | p50(max_across_ranks)=4.179, p90(max_across_ranks)=4.229       4505.9      563.2        145.6       skip  eager; output=bf16_ipc_a2a; runner_preallocated; timing=mega_kernel_only
Wrote benchmark JSON to /home/hychen/min_fa3_demo/benchmark_logs/experiment_suite/20260812-231044-dcp-cp-suite/02_dcp_uniform/results/mega/dcp_4/comm_sm_16/d32_c4_kv128k_dcp4_hkv2_eager.json

Mega comm_sm=16 summary

Mega DCP batch summary
Case                     DCP Method                       p50 ms     p90 ms   Agg TFLOPS
d4_c0_kv16k_dcp4_hkv2      4 dcp_mega_varlen               0.061      0.066        279.6
d4_c0_kv32k_dcp4_hkv2      4 dcp_mega_varlen               0.057      0.063        602.7
d4_c0_kv64k_dcp4_hkv2      4 dcp_mega_varlen               0.067      0.069       1026.2
d4_c0_kv128k_dcp4_hkv2     4 dcp_mega_varlen               0.079      0.081       1740.4
d4_c1_kv16k_dcp4_hkv2      4 dcp_mega_varlen               0.206      0.208       2914.1
d4_c1_kv32k_dcp4_hkv2      4 dcp_mega_varlen               0.336      0.340       3472.2
d4_c1_kv64k_dcp4_hkv2      4 dcp_mega_varlen               0.600      0.601       3837.9
d4_c1_kv128k_dcp4_hkv2     4 dcp_mega_varlen               1.139      1.142       4012.3
d4_c2_kv16k_dcp4_hkv2      4 dcp_mega_varlen               0.366      0.370       3236.3
d4_c2_kv32k_dcp4_hkv2      4 dcp_mega_varlen               0.556      0.562       4143.2
d4_c2_kv64k_dcp4_hkv2      4 dcp_mega_varlen               1.038      1.044       4369.8
d4_c2_kv128k_dcp4_hkv2     4 dcp_mega_varlen               2.017      2.064       4462.9
d4_c4_kv16k_dcp4_hkv2      4 dcp_mega_varlen               0.709      0.711       3320.9
d4_c4_kv32k_dcp4_hkv2      4 dcp_mega_varlen               1.134      1.141       4028.3
d4_c4_kv64k_dcp4_hkv2      4 dcp_mega_varlen               2.019      2.060       4458.8
d4_c4_kv128k_dcp4_hkv2     4 dcp_mega_varlen               3.876      3.954       4610.0
d8_c0_kv16k_dcp4_hkv2      4 dcp_mega_varlen               0.057      0.060        603.7
d8_c0_kv32k_dcp4_hkv2      4 dcp_mega_varlen               0.067      0.070       1021.7
d8_c0_kv64k_dcp4_hkv2      4 dcp_mega_varlen               0.082      0.084       1673.7
d8_c0_kv128k_dcp4_hkv2     4 dcp_mega_varlen               0.109      0.112       2532.6
d8_c1_kv16k_dcp4_hkv2      4 dcp_mega_varlen               0.208      0.209       2967.2
d8_c1_kv32k_dcp4_hkv2      4 dcp_mega_varlen               0.339      0.351       3552.5
d8_c1_kv64k_dcp4_hkv2      4 dcp_mega_varlen               0.603      0.605       3934.7
d8_c1_kv128k_dcp4_hkv2     4 dcp_mega_varlen               1.155      1.166       4076.8
d8_c2_kv16k_dcp4_hkv2      4 dcp_mega_varlen               0.371      0.375       3237.9
d8_c2_kv32k_dcp4_hkv2      4 dcp_mega_varlen               0.556      0.558       4203.9
d8_c2_kv64k_dcp4_hkv2      4 dcp_mega_varlen               1.068      1.076       4309.6
d8_c2_kv128k_dcp4_hkv2     4 dcp_mega_varlen               2.036      2.056       4489.2
d8_c4_kv16k_dcp4_hkv2      4 dcp_mega_varlen               0.715      0.718       3314.3
d8_c4_kv32k_dcp4_hkv2      4 dcp_mega_varlen               1.145      1.148       4019.8
d8_c4_kv64k_dcp4_hkv2      4 dcp_mega_varlen               2.039      2.060       4448.3
d8_c4_kv128k_dcp4_hkv2     4 dcp_mega_varlen               3.915      3.985       4599.4
d16_c0_kv16k_dcp4_hkv2     4 dcp_mega_varlen               0.070      0.072        987.6
d16_c0_kv32k_dcp4_hkv2     4 dcp_mega_varlen               0.088      0.089       1557.1
d16_c0_kv64k_dcp4_hkv2     4 dcp_mega_varlen               0.118      0.120       2324.1
d16_c0_kv128k_dcp4_hkv2    4 dcp_mega_varlen               0.181      0.183       3035.0
d16_c1_kv16k_dcp4_hkv2     4 dcp_mega_varlen               0.219      0.221       2980.9
d16_c1_kv32k_dcp4_hkv2     4 dcp_mega_varlen               0.348      0.350       3648.3
d16_c1_kv64k_dcp4_hkv2     4 dcp_mega_varlen               0.613      0.638       4091.7
d16_c1_kv128k_dcp4_hkv2    4 dcp_mega_varlen               1.219      1.232       4087.7
d16_c2_kv16k_dcp4_hkv2     4 dcp_mega_varlen               0.386      0.388       3204.8
d16_c2_kv32k_dcp4_hkv2     4 dcp_mega_varlen               0.579      0.581       4151.1
d16_c2_kv64k_dcp4_hkv2     4 dcp_mega_varlen               1.061      1.068       4467.7
d16_c2_kv128k_dcp4_hkv2    4 dcp_mega_varlen               2.079      2.131       4528.2
d16_c4_kv16k_dcp4_hkv2     4 dcp_mega_varlen               0.720      0.724       3339.3
d16_c4_kv32k_dcp4_hkv2     4 dcp_mega_varlen               1.168      1.173       4000.1
d16_c4_kv64k_dcp4_hkv2     4 dcp_mega_varlen               2.130      2.161       4324.2
d16_c4_kv128k_dcp4_hkv2    4 dcp_mega_varlen               4.093      4.266       4465.7
d32_c0_kv16k_dcp4_hkv2     4 dcp_mega_varlen               0.099      0.100       1393.4
d32_c0_kv32k_dcp4_hkv2     4 dcp_mega_varlen               0.142      0.143       1942.0
d32_c0_kv64k_dcp4_hkv2     4 dcp_mega_varlen               0.199      0.207       2758.6
d32_c0_kv128k_dcp4_hkv2    4 dcp_mega_varlen               0.362      0.364       3040.2
d32_c1_kv16k_dcp4_hkv2     4 dcp_mega_varlen               0.243      0.245       2970.6
d32_c1_kv32k_dcp4_hkv2     4 dcp_mega_varlen               0.362      0.364       3888.2
d32_c1_kv64k_dcp4_hkv2     4 dcp_mega_varlen               0.653      0.700       4261.7
d32_c1_kv128k_dcp4_hkv2    4 dcp_mega_varlen               1.259      1.266       4393.7
d32_c2_kv16k_dcp4_hkv2     4 dcp_mega_varlen               0.413      0.417       3160.6
d32_c2_kv32k_dcp4_hkv2     4 dcp_mega_varlen               0.628      0.649       4046.2
d32_c2_kv64k_dcp4_hkv2     4 dcp_mega_varlen               1.130      1.152       4437.9
d32_c2_kv128k_dcp4_hkv2    4 dcp_mega_varlen               2.161      2.169       4610.6
d32_c4_kv16k_dcp4_hkv2     4 dcp_mega_varlen               0.756      0.758       3271.4
d32_c4_kv32k_dcp4_hkv2     4 dcp_mega_varlen               1.203      1.210       3999.6
d32_c4_kv64k_dcp4_hkv2     4 dcp_mega_varlen               2.170      2.181       4369.7
d32_c4_kv128k_dcp4_hkv2    4 dcp_mega_varlen               4.179      4.229       4505.9

Mega DCP workload-weighted summary
Topology        DCP Method                     Cases    Mean ms  Mean TFLOPS     Weighted  Weighted/GPU
dcp4_hkv2         4 dcp_mega_varlen               64      0.934       3371.0       4186.9         523.4

================================================================================
Mega comm_sm=20, case 1/64: d4_c0_kv16k_dcp4_hkv2: B=4, Sq=[16, 16, 16, 16], Sk=[16384, 16384, 16384, 16384], DCP=4, Hkv=2
================================================================================
Config: world_size=8, methods=['dcp_mega_varlen'], QH=32, KVH=2, D=128, TP=8, DCP=4, workload=chunk, execution=eager, baseline_phase_timing=False, warmup=40, iters=60, check=False
Workload: B=4, q_tokens=64, history_tokens=65536, q_seqlens=[16, 16, 16, 16], history_seqlens=[16384, 16384, 16384, 16384]
Agg TFLOPS uses useful attention work across all TP ranks and p50(max_across_ranks); Avg/GPU divides it by world_size.
KV GB/s/GPU is average logical BF16 K+V bytes read per TP rank divided by p50(max_across_ranks); it is not hardware-counter HBM traffic.

Running B=4, q_tokens=64, history_tokens=65536, causal=True

B=4, q_tokens=64, history_tokens=65536, QH=32, KVH=2, D=128, TP=8, DCP=4, mode=causal
Method                   Time ms                                                                                                                                     Agg TFLOPS    Avg/GPU  KV GB/s/GPU      Check  Note
dcp_mega_varlen          t0=0.050, t1=0.052, t2=0.051, t3=0.048, t4=0.049, t5=0.051, t6=0.048, t7=0.048 | p50(max_across_ranks)=0.052, p90(max_across_ranks)=0.054        328.5       41.1        161.0       skip  eager; output=bf16_ipc_a2a; runner_preallocated; timing=mega_kernel_only
Wrote benchmark JSON to /home/hychen/min_fa3_demo/benchmark_logs/experiment_suite/20260812-231044-dcp-cp-suite/02_dcp_uniform/results/mega/dcp_4/comm_sm_20/d4_c0_kv16k_dcp4_hkv2_eager.json

================================================================================
Mega comm_sm=20, case 2/64: d4_c0_kv32k_dcp4_hkv2: B=4, Sq=[16, 16, 16, 16], Sk=[32768, 32768, 32768, 32768], DCP=4, Hkv=2
================================================================================
Config: world_size=8, methods=['dcp_mega_varlen'], QH=32, KVH=2, D=128, TP=8, DCP=4, workload=chunk, execution=eager, baseline_phase_timing=False, warmup=40, iters=60, check=False
Workload: B=4, q_tokens=64, history_tokens=131072, q_seqlens=[16, 16, 16, 16], history_seqlens=[32768, 32768, 32768, 32768]
Agg TFLOPS uses useful attention work across all TP ranks and p50(max_across_ranks); Avg/GPU divides it by world_size.
KV GB/s/GPU is average logical BF16 K+V bytes read per TP rank divided by p50(max_across_ranks); it is not hardware-counter HBM traffic.

Running B=4, q_tokens=64, history_tokens=131072, causal=True

B=4, q_tokens=64, history_tokens=131072, QH=32, KVH=2, D=128, TP=8, DCP=4, mode=causal
Method                   Time ms                                                                                                                                     Agg TFLOPS    Avg/GPU  KV GB/s/GPU      Check  Note
dcp_mega_varlen          t0=0.056, t1=0.056, t2=0.055, t3=0.052, t4=0.054, t5=0.055, t6=0.052, t7=0.053 | p50(max_across_ranks)=0.056, p90(max_across_ranks)=0.058        611.3       76.4        299.0       skip  eager; output=bf16_ipc_a2a; runner_preallocated; timing=mega_kernel_only
Wrote benchmark JSON to /home/hychen/min_fa3_demo/benchmark_logs/experiment_suite/20260812-231044-dcp-cp-suite/02_dcp_uniform/results/mega/dcp_4/comm_sm_20/d4_c0_kv32k_dcp4_hkv2_eager.json

================================================================================
Mega comm_sm=20, case 3/64: d4_c0_kv64k_dcp4_hkv2: B=4, Sq=[16, 16, 16, 16], Sk=[65536, 65536, 65536, 65536], DCP=4, Hkv=2
================================================================================
Config: world_size=8, methods=['dcp_mega_varlen'], QH=32, KVH=2, D=128, TP=8, DCP=4, workload=chunk, execution=eager, baseline_phase_timing=False, warmup=40, iters=60, check=False
Workload: B=4, q_tokens=64, history_tokens=262144, q_seqlens=[16, 16, 16, 16], history_seqlens=[65536, 65536, 65536, 65536]
Agg TFLOPS uses useful attention work across all TP ranks and p50(max_across_ranks); Avg/GPU divides it by world_size.
KV GB/s/GPU is average logical BF16 K+V bytes read per TP rank divided by p50(max_across_ranks); it is not hardware-counter HBM traffic.

Running B=4, q_tokens=64, history_tokens=262144, causal=True

B=4, q_tokens=64, history_tokens=262144, QH=32, KVH=2, D=128, TP=8, DCP=4, mode=causal
Method                   Time ms                                                                                                                                     Agg TFLOPS    Avg/GPU  KV GB/s/GPU      Check  Note
dcp_mega_varlen          t0=0.065, t1=0.067, t2=0.066, t3=0.062, t4=0.065, t5=0.066, t6=0.063, t7=0.065 | p50(max_across_ranks)=0.067, p90(max_across_ranks)=0.068       1028.1      128.5        502.4       skip  eager; output=bf16_ipc_a2a; runner_preallocated; timing=mega_kernel_only
Wrote benchmark JSON to /home/hychen/min_fa3_demo/benchmark_logs/experiment_suite/20260812-231044-dcp-cp-suite/02_dcp_uniform/results/mega/dcp_4/comm_sm_20/d4_c0_kv64k_dcp4_hkv2_eager.json

================================================================================
Mega comm_sm=20, case 4/64: d4_c0_kv128k_dcp4_hkv2: B=4, Sq=[16, 16, 16, 16], Sk=[131072, 131072, 131072, 131072], DCP=4, Hkv=2
================================================================================
Config: world_size=8, methods=['dcp_mega_varlen'], QH=32, KVH=2, D=128, TP=8, DCP=4, workload=chunk, execution=eager, baseline_phase_timing=False, warmup=40, iters=60, check=False
Workload: B=4, q_tokens=64, history_tokens=524288, q_seqlens=[16, 16, 16, 16], history_seqlens=[131072, 131072, 131072, 131072]
Agg TFLOPS uses useful attention work across all TP ranks and p50(max_across_ranks); Avg/GPU divides it by world_size.
KV GB/s/GPU is average logical BF16 K+V bytes read per TP rank divided by p50(max_across_ranks); it is not hardware-counter HBM traffic.

Running B=4, q_tokens=64, history_tokens=524288, causal=True

B=4, q_tokens=64, history_tokens=524288, QH=32, KVH=2, D=128, TP=8, DCP=4, mode=causal
Method                   Time ms                                                                                                                                     Agg TFLOPS    Avg/GPU  KV GB/s/GPU      Check  Note
dcp_mega_varlen          t0=0.078, t1=0.079, t2=0.078, t3=0.075, t4=0.078, t5=0.078, t6=0.076, t7=0.078 | p50(max_across_ranks)=0.079, p90(max_across_ranks)=0.082       1732.0      216.5        846.0       skip  eager; output=bf16_ipc_a2a; runner_preallocated; timing=mega_kernel_only
Wrote benchmark JSON to /home/hychen/min_fa3_demo/benchmark_logs/experiment_suite/20260812-231044-dcp-cp-suite/02_dcp_uniform/results/mega/dcp_4/comm_sm_20/d4_c0_kv128k_dcp4_hkv2_eager.json

================================================================================
Mega comm_sm=20, case 5/64: d4_c1_kv16k_dcp4_hkv2: B=5, Sq=[16, 16, 16, 16, 2048], Sk=[16384, 16384, 16384, 16384, 16384], DCP=4, Hkv=2
================================================================================
Config: world_size=8, methods=['dcp_mega_varlen'], QH=32, KVH=2, D=128, TP=8, DCP=4, workload=chunk, execution=eager, baseline_phase_timing=False, warmup=40, iters=60, check=False
Workload: B=5, q_tokens=2112, history_tokens=81920, q_seqlens=[16, 16, 16, 16, 2048], history_seqlens=[16384, 16384, 16384, 16384, 16384]
Agg TFLOPS uses useful attention work across all TP ranks and p50(max_across_ranks); Avg/GPU divides it by world_size.
KV GB/s/GPU is average logical BF16 K+V bytes read per TP rank divided by p50(max_across_ranks); it is not hardware-counter HBM traffic.

Running B=5, q_tokens=2112, history_tokens=81920, causal=True

B=5, q_tokens=2112, history_tokens=81920, QH=32, KVH=2, D=128, TP=8, DCP=4, mode=causal
Method                   Time ms                                                                                                                                     Agg TFLOPS    Avg/GPU  KV GB/s/GPU      Check  Note
dcp_mega_varlen          t0=0.209, t1=0.209, t2=0.208, t3=0.207, t4=0.207, t5=0.209, t6=0.206, t7=0.207 | p50(max_across_ranks)=0.210, p90(max_across_ranks)=0.214       2862.6      357.8         55.1       skip  eager; output=bf16_ipc_a2a; runner_preallocated; timing=mega_kernel_only
Wrote benchmark JSON to /home/hychen/min_fa3_demo/benchmark_logs/experiment_suite/20260812-231044-dcp-cp-suite/02_dcp_uniform/results/mega/dcp_4/comm_sm_20/d4_c1_kv16k_dcp4_hkv2_eager.json

================================================================================
Mega comm_sm=20, case 6/64: d4_c1_kv32k_dcp4_hkv2: B=5, Sq=[16, 16, 16, 16, 2048], Sk=[32768, 32768, 32768, 32768, 32768], DCP=4, Hkv=2
================================================================================
Config: world_size=8, methods=['dcp_mega_varlen'], QH=32, KVH=2, D=128, TP=8, DCP=4, workload=chunk, execution=eager, baseline_phase_timing=False, warmup=40, iters=60, check=False
Workload: B=5, q_tokens=2112, history_tokens=163840, q_seqlens=[16, 16, 16, 16, 2048], history_seqlens=[32768, 32768, 32768, 32768, 32768]
Agg TFLOPS uses useful attention work across all TP ranks and p50(max_across_ranks); Avg/GPU divides it by world_size.
KV GB/s/GPU is average logical BF16 K+V bytes read per TP rank divided by p50(max_across_ranks); it is not hardware-counter HBM traffic.

Running B=5, q_tokens=2112, history_tokens=163840, causal=True

B=5, q_tokens=2112, history_tokens=163840, QH=32, KVH=2, D=128, TP=8, DCP=4, mode=causal
Method                   Time ms                                                                                                                                     Agg TFLOPS    Avg/GPU  KV GB/s/GPU      Check  Note
dcp_mega_varlen          t0=0.337, t1=0.338, t2=0.336, t3=0.333, t4=0.332, t5=0.334, t6=0.332, t7=0.331 | p50(max_across_ranks)=0.338, p90(max_across_ranks)=0.348       3455.9      432.0         65.2       skip  eager; output=bf16_ipc_a2a; runner_preallocated; timing=mega_kernel_only
Wrote benchmark JSON to /home/hychen/min_fa3_demo/benchmark_logs/experiment_suite/20260812-231044-dcp-cp-suite/02_dcp_uniform/results/mega/dcp_4/comm_sm_20/d4_c1_kv32k_dcp4_hkv2_eager.json

================================================================================
Mega comm_sm=20, case 7/64: d4_c1_kv64k_dcp4_hkv2: B=5, Sq=[16, 16, 16, 16, 2048], Sk=[65536, 65536, 65536, 65536, 65536], DCP=4, Hkv=2
================================================================================
Config: world_size=8, methods=['dcp_mega_varlen'], QH=32, KVH=2, D=128, TP=8, DCP=4, workload=chunk, execution=eager, baseline_phase_timing=False, warmup=40, iters=60, check=False
Workload: B=5, q_tokens=2112, history_tokens=327680, q_seqlens=[16, 16, 16, 16, 2048], history_seqlens=[65536, 65536, 65536, 65536, 65536]
Agg TFLOPS uses useful attention work across all TP ranks and p50(max_across_ranks); Avg/GPU divides it by world_size.
KV GB/s/GPU is average logical BF16 K+V bytes read per TP rank divided by p50(max_across_ranks); it is not hardware-counter HBM traffic.

Running B=5, q_tokens=2112, history_tokens=327680, causal=True

B=5, q_tokens=2112, history_tokens=327680, QH=32, KVH=2, D=128, TP=8, DCP=4, mode=causal
Method                   Time ms                                                                                                                                     Agg TFLOPS    Avg/GPU  KV GB/s/GPU      Check  Note
dcp_mega_varlen          t0=0.602, t1=0.602, t2=0.601, t3=0.594, t4=0.596, t5=0.598, t6=0.595, t7=0.596 | p50(max_across_ranks)=0.602, p90(max_across_ranks)=0.608       3821.0      477.6         71.4       skip  eager; output=bf16_ipc_a2a; runner_preallocated; timing=mega_kernel_only
Wrote benchmark JSON to /home/hychen/min_fa3_demo/benchmark_logs/experiment_suite/20260812-231044-dcp-cp-suite/02_dcp_uniform/results/mega/dcp_4/comm_sm_20/d4_c1_kv64k_dcp4_hkv2_eager.json

================================================================================
Mega comm_sm=20, case 8/64: d4_c1_kv128k_dcp4_hkv2: B=5, Sq=[16, 16, 16, 16, 2048], Sk=[131072, 131072, 131072, 131072, 131072], DCP=4, Hkv=2
================================================================================
Config: world_size=8, methods=['dcp_mega_varlen'], QH=32, KVH=2, D=128, TP=8, DCP=4, workload=chunk, execution=eager, baseline_phase_timing=False, warmup=40, iters=60, check=False
Workload: B=5, q_tokens=2112, history_tokens=655360, q_seqlens=[16, 16, 16, 16, 2048], history_seqlens=[131072, 131072, 131072, 131072, 131072]
Agg TFLOPS uses useful attention work across all TP ranks and p50(max_across_ranks); Avg/GPU divides it by world_size.
KV GB/s/GPU is average logical BF16 K+V bytes read per TP rank divided by p50(max_across_ranks); it is not hardware-counter HBM traffic.

Running B=5, q_tokens=2112, history_tokens=655360, causal=True

B=5, q_tokens=2112, history_tokens=655360, QH=32, KVH=2, D=128, TP=8, DCP=4, mode=causal
Method                   Time ms                                                                                                                                     Agg TFLOPS    Avg/GPU  KV GB/s/GPU      Check  Note
dcp_mega_varlen          t0=1.140, t1=1.141, t2=1.140, t3=1.133, t4=1.130, t5=1.132, t6=1.129, t7=1.125 | p50(max_across_ranks)=1.142, p90(max_across_ranks)=1.155       4000.5      500.1         74.4       skip  eager; output=bf16_ipc_a2a; runner_preallocated; timing=mega_kernel_only
Wrote benchmark JSON to /home/hychen/min_fa3_demo/benchmark_logs/experiment_suite/20260812-231044-dcp-cp-suite/02_dcp_uniform/results/mega/dcp_4/comm_sm_20/d4_c1_kv128k_dcp4_hkv2_eager.json

================================================================================
Mega comm_sm=20, case 9/64: d4_c2_kv16k_dcp4_hkv2: B=6, Sq=[16, 16, 16, 16, 2048, 2048], Sk=[16384, 16384, 16384, 16384, 16384, 16384], DCP=4, Hkv=2
================================================================================
Config: world_size=8, methods=['dcp_mega_varlen'], QH=32, KVH=2, D=128, TP=8, DCP=4, workload=chunk, execution=eager, baseline_phase_timing=False, warmup=40, iters=60, check=False
Workload: B=6, q_tokens=4160, history_tokens=98304, q_seqlens=[16, 16, 16, 16, 2048, 2048], history_seqlens=[16384, 16384, 16384, 16384, 16384, 16384]
Agg TFLOPS uses useful attention work across all TP ranks and p50(max_across_ranks); Avg/GPU divides it by world_size.
KV GB/s/GPU is average logical BF16 K+V bytes read per TP rank divided by p50(max_across_ranks); it is not hardware-counter HBM traffic.

Running B=6, q_tokens=4160, history_tokens=98304, causal=True

B=6, q_tokens=4160, history_tokens=98304, QH=32, KVH=2, D=128, TP=8, DCP=4, mode=causal
Method                   Time ms                                                                                                                                     Agg TFLOPS    Avg/GPU  KV GB/s/GPU      Check  Note
dcp_mega_varlen          t0=0.368, t1=0.370, t2=0.365, t3=0.370, t4=0.367, t5=0.367, t6=0.365, t7=0.366 | p50(max_across_ranks)=0.371, p90(max_across_ranks)=0.374       3195.5      399.4         39.7       skip  eager; output=bf16_ipc_a2a; runner_preallocated; timing=mega_kernel_only
Wrote benchmark JSON to /home/hychen/min_fa3_demo/benchmark_logs/experiment_suite/20260812-231044-dcp-cp-suite/02_dcp_uniform/results/mega/dcp_4/comm_sm_20/d4_c2_kv16k_dcp4_hkv2_eager.json

================================================================================
Mega comm_sm=20, case 10/64: d4_c2_kv32k_dcp4_hkv2: B=6, Sq=[16, 16, 16, 16, 2048, 2048], Sk=[32768, 32768, 32768, 32768, 32768, 32768], DCP=4, Hkv=2
================================================================================
Config: world_size=8, methods=['dcp_mega_varlen'], QH=32, KVH=2, D=128, TP=8, DCP=4, workload=chunk, execution=eager, baseline_phase_timing=False, warmup=40, iters=60, check=False
Workload: B=6, q_tokens=4160, history_tokens=196608, q_seqlens=[16, 16, 16, 16, 2048, 2048], history_seqlens=[32768, 32768, 32768, 32768, 32768, 32768]
Agg TFLOPS uses useful attention work across all TP ranks and p50(max_across_ranks); Avg/GPU divides it by world_size.
KV GB/s/GPU is average logical BF16 K+V bytes read per TP rank divided by p50(max_across_ranks); it is not hardware-counter HBM traffic.

Running B=6, q_tokens=4160, history_tokens=196608, causal=True

B=6, q_tokens=4160, history_tokens=196608, QH=32, KVH=2, D=128, TP=8, DCP=4, mode=causal
Method                   Time ms                                                                                                                                     Agg TFLOPS    Avg/GPU  KV GB/s/GPU      Check  Note
dcp_mega_varlen          t0=0.558, t1=0.563, t2=0.558, t3=0.563, t4=0.554, t5=0.555, t6=0.556, t7=0.560 | p50(max_across_ranks)=0.564, p90(max_across_ranks)=0.569       4078.2      509.8         48.4       skip  eager; output=bf16_ipc_a2a; runner_preallocated; timing=mega_kernel_only
Wrote benchmark JSON to /home/hychen/min_fa3_demo/benchmark_logs/experiment_suite/20260812-231044-dcp-cp-suite/02_dcp_uniform/results/mega/dcp_4/comm_sm_20/d4_c2_kv32k_dcp4_hkv2_eager.json

================================================================================
Mega comm_sm=20, case 11/64: d4_c2_kv64k_dcp4_hkv2: B=6, Sq=[16, 16, 16, 16, 2048, 2048], Sk=[65536, 65536, 65536, 65536, 65536, 65536], DCP=4, Hkv=2
================================================================================
Config: world_size=8, methods=['dcp_mega_varlen'], QH=32, KVH=2, D=128, TP=8, DCP=4, workload=chunk, execution=eager, baseline_phase_timing=False, warmup=40, iters=60, check=False
Workload: B=6, q_tokens=4160, history_tokens=393216, q_seqlens=[16, 16, 16, 16, 2048, 2048], history_seqlens=[65536, 65536, 65536, 65536, 65536, 65536]
Agg TFLOPS uses useful attention work across all TP ranks and p50(max_across_ranks); Avg/GPU divides it by world_size.
KV GB/s/GPU is average logical BF16 K+V bytes read per TP rank divided by p50(max_across_ranks); it is not hardware-counter HBM traffic.

Running B=6, q_tokens=4160, history_tokens=393216, causal=True

B=6, q_tokens=4160, history_tokens=393216, QH=32, KVH=2, D=128, TP=8, DCP=4, mode=causal
Method                   Time ms                                                                                                                                     Agg TFLOPS    Avg/GPU  KV GB/s/GPU      Check  Note
dcp_mega_varlen          t0=1.048, t1=1.050, t2=1.046, t3=1.055, t4=1.046, t5=1.047, t6=1.047, t7=1.053 | p50(max_across_ranks)=1.058, p90(max_across_ranks)=1.068       4288.6      536.1         49.6       skip  eager; output=bf16_ipc_a2a; runner_preallocated; timing=mega_kernel_only
Wrote benchmark JSON to /home/hychen/min_fa3_demo/benchmark_logs/experiment_suite/20260812-231044-dcp-cp-suite/02_dcp_uniform/results/mega/dcp_4/comm_sm_20/d4_c2_kv64k_dcp4_hkv2_eager.json

================================================================================
Mega comm_sm=20, case 12/64: d4_c2_kv128k_dcp4_hkv2: B=6, Sq=[16, 16, 16, 16, 2048, 2048], Sk=[131072, 131072, 131072, 131072, 131072, 131072], DCP=4, Hkv=2
================================================================================
Config: world_size=8, methods=['dcp_mega_varlen'], QH=32, KVH=2, D=128, TP=8, DCP=4, workload=chunk, execution=eager, baseline_phase_timing=False, warmup=40, iters=60, check=False
Workload: B=6, q_tokens=4160, history_tokens=786432, q_seqlens=[16, 16, 16, 16, 2048, 2048], history_seqlens=[131072, 131072, 131072, 131072, 131072, 131072]
Agg TFLOPS uses useful attention work across all TP ranks and p50(max_across_ranks); Avg/GPU divides it by world_size.
KV GB/s/GPU is average logical BF16 K+V bytes read per TP rank divided by p50(max_across_ranks); it is not hardware-counter HBM traffic.

Running B=6, q_tokens=4160, history_tokens=786432, causal=True

B=6, q_tokens=4160, history_tokens=786432, QH=32, KVH=2, D=128, TP=8, DCP=4, mode=causal
Method                   Time ms                                                                                                                                     Agg TFLOPS    Avg/GPU  KV GB/s/GPU      Check  Note
dcp_mega_varlen          t0=1.996, t1=1.998, t2=2.002, t3=1.997, t4=2.004, t5=2.005, t6=2.008, t7=2.005 | p50(max_across_ranks)=2.011, p90(max_across_ranks)=2.084       4477.3      559.7         51.1       skip  eager; output=bf16_ipc_a2a; runner_preallocated; timing=mega_kernel_only
Wrote benchmark JSON to /home/hychen/min_fa3_demo/benchmark_logs/experiment_suite/20260812-231044-dcp-cp-suite/02_dcp_uniform/results/mega/dcp_4/comm_sm_20/d4_c2_kv128k_dcp4_hkv2_eager.json

================================================================================
Mega comm_sm=20, case 13/64: d4_c4_kv16k_dcp4_hkv2: B=8, Sq=[16, 16, 16, 16, 2048, 2048, 2048, 2048], Sk=[16384, 16384, 16384, 16384, 16384, 16384, 16384, 16384], DCP=4, Hkv=2
================================================================================
Config: world_size=8, methods=['dcp_mega_varlen'], QH=32, KVH=2, D=128, TP=8, DCP=4, workload=chunk, execution=eager, baseline_phase_timing=False, warmup=40, iters=60, check=False
Workload: B=8, q_tokens=8256, history_tokens=131072, q_seqlens=[16, 16, 16, 16, 2048, 2048, 2048, 2048], history_seqlens=[16384, 16384, 16384, 16384, 16384, 16384, 16384, 16384]
Agg TFLOPS uses useful attention work across all TP ranks and p50(max_across_ranks); Avg/GPU divides it by world_size.
KV GB/s/GPU is average logical BF16 K+V bytes read per TP rank divided by p50(max_across_ranks); it is not hardware-counter HBM traffic.

Running B=8, q_tokens=8256, history_tokens=131072, causal=True

B=8, q_tokens=8256, history_tokens=131072, QH=32, KVH=2, D=128, TP=8, DCP=4, mode=causal
Method                   Time ms                                                                                                                                     Agg TFLOPS    Avg/GPU  KV GB/s/GPU      Check  Note
dcp_mega_varlen          t0=0.717, t1=0.718, t2=0.715, t3=0.715, t4=0.722, t5=0.718, t6=0.720, t7=0.721 | p50(max_across_ranks)=0.722, p90(max_across_ranks)=0.731       3258.8      407.4         29.1       skip  eager; output=bf16_ipc_a2a; runner_preallocated; timing=mega_kernel_only
Wrote benchmark JSON to /home/hychen/min_fa3_demo/benchmark_logs/experiment_suite/20260812-231044-dcp-cp-suite/02_dcp_uniform/results/mega/dcp_4/comm_sm_20/d4_c4_kv16k_dcp4_hkv2_eager.json

================================================================================
Mega comm_sm=20, case 14/64: d4_c4_kv32k_dcp4_hkv2: B=8, Sq=[16, 16, 16, 16, 2048, 2048, 2048, 2048], Sk=[32768, 32768, 32768, 32768, 32768, 32768, 32768, 32768], DCP=4, Hkv=2
================================================================================
Config: world_size=8, methods=['dcp_mega_varlen'], QH=32, KVH=2, D=128, TP=8, DCP=4, workload=chunk, execution=eager, baseline_phase_timing=False, warmup=40, iters=60, check=False
Workload: B=8, q_tokens=8256, history_tokens=262144, q_seqlens=[16, 16, 16, 16, 2048, 2048, 2048, 2048], history_seqlens=[32768, 32768, 32768, 32768, 32768, 32768, 32768, 32768]
Agg TFLOPS uses useful attention work across all TP ranks and p50(max_across_ranks); Avg/GPU divides it by world_size.
KV GB/s/GPU is average logical BF16 K+V bytes read per TP rank divided by p50(max_across_ranks); it is not hardware-counter HBM traffic.

Running B=8, q_tokens=8256, history_tokens=262144, causal=True

B=8, q_tokens=8256, history_tokens=262144, QH=32, KVH=2, D=128, TP=8, DCP=4, mode=causal
Method                   Time ms                                                                                                                                     Agg TFLOPS    Avg/GPU  KV GB/s/GPU      Check  Note
dcp_mega_varlen          t0=1.143, t1=1.118, t2=1.115, t3=1.141, t4=1.137, t5=1.137, t6=1.152, t7=1.128 | p50(max_across_ranks)=1.154, p90(max_across_ranks)=1.164       3959.0      494.9         32.7       skip  eager; output=bf16_ipc_a2a; runner_preallocated; timing=mega_kernel_only
Wrote benchmark JSON to /home/hychen/min_fa3_demo/benchmark_logs/experiment_suite/20260812-231044-dcp-cp-suite/02_dcp_uniform/results/mega/dcp_4/comm_sm_20/d4_c4_kv32k_dcp4_hkv2_eager.json

================================================================================
Mega comm_sm=20, case 15/64: d4_c4_kv64k_dcp4_hkv2: B=8, Sq=[16, 16, 16, 16, 2048, 2048, 2048, 2048], Sk=[65536, 65536, 65536, 65536, 65536, 65536, 65536, 65536], DCP=4, Hkv=2
================================================================================
Config: world_size=8, methods=['dcp_mega_varlen'], QH=32, KVH=2, D=128, TP=8, DCP=4, workload=chunk, execution=eager, baseline_phase_timing=False, warmup=40, iters=60, check=False
Workload: B=8, q_tokens=8256, history_tokens=524288, q_seqlens=[16, 16, 16, 16, 2048, 2048, 2048, 2048], history_seqlens=[65536, 65536, 65536, 65536, 65536, 65536, 65536, 65536]
Agg TFLOPS uses useful attention work across all TP ranks and p50(max_across_ranks); Avg/GPU divides it by world_size.
KV GB/s/GPU is average logical BF16 K+V bytes read per TP rank divided by p50(max_across_ranks); it is not hardware-counter HBM traffic.

Running B=8, q_tokens=8256, history_tokens=524288, causal=True

B=8, q_tokens=8256, history_tokens=524288, QH=32, KVH=2, D=128, TP=8, DCP=4, mode=causal
Method                   Time ms                                                                                                                                     Agg TFLOPS    Avg/GPU  KV GB/s/GPU      Check  Note
dcp_mega_varlen          t0=2.038, t1=2.075, t2=2.076, t3=2.052, t4=1.988, t5=2.022, t6=1.994, t7=2.027 | p50(max_across_ranks)=2.079, p90(max_across_ranks)=2.152       4330.7      541.3         34.3       skip  eager; output=bf16_ipc_a2a; runner_preallocated; timing=mega_kernel_only
Wrote benchmark JSON to /home/hychen/min_fa3_demo/benchmark_logs/experiment_suite/20260812-231044-dcp-cp-suite/02_dcp_uniform/results/mega/dcp_4/comm_sm_20/d4_c4_kv64k_dcp4_hkv2_eager.json

================================================================================
Mega comm_sm=20, case 16/64: d4_c4_kv128k_dcp4_hkv2: B=8, Sq=[16, 16, 16, 16, 2048, 2048, 2048, 2048], Sk=[131072, 131072, 131072, 131072, 131072, 131072, 131072, 131072], DCP=4, Hkv=2
================================================================================
Config: world_size=8, methods=['dcp_mega_varlen'], QH=32, KVH=2, D=128, TP=8, DCP=4, workload=chunk, execution=eager, baseline_phase_timing=False, warmup=40, iters=60, check=False
Workload: B=8, q_tokens=8256, history_tokens=1048576, q_seqlens=[16, 16, 16, 16, 2048, 2048, 2048, 2048], history_seqlens=[131072, 131072, 131072, 131072, 131072, 131072, 131072, 131072]
Agg TFLOPS uses useful attention work across all TP ranks and p50(max_across_ranks); Avg/GPU divides it by world_size.
KV GB/s/GPU is average logical BF16 K+V bytes read per TP rank divided by p50(max_across_ranks); it is not hardware-counter HBM traffic.

Running B=8, q_tokens=8256, history_tokens=1048576, causal=True

B=8, q_tokens=8256, history_tokens=1048576, QH=32, KVH=2, D=128, TP=8, DCP=4, mode=causal
Method                   Time ms                                                                                                                                     Agg TFLOPS    Avg/GPU  KV GB/s/GPU      Check  Note
dcp_mega_varlen          t0=4.034, t1=4.038, t2=4.036, t3=4.030, t4=3.952, t5=3.956, t6=3.949, t7=3.948 | p50(max_across_ranks)=4.038, p90(max_across_ranks)=4.112       4424.5      553.1         34.3       skip  eager; output=bf16_ipc_a2a; runner_preallocated; timing=mega_kernel_only
Wrote benchmark JSON to /home/hychen/min_fa3_demo/benchmark_logs/experiment_suite/20260812-231044-dcp-cp-suite/02_dcp_uniform/results/mega/dcp_4/comm_sm_20/d4_c4_kv128k_dcp4_hkv2_eager.json

================================================================================
Mega comm_sm=20, case 17/64: d8_c0_kv16k_dcp4_hkv2: B=8, Sq=[16, 16, 16, 16, 16, 16, 16, 16], Sk=[16384, 16384, 16384, 16384, 16384, 16384, 16384, 16384], DCP=4, Hkv=2
================================================================================
Config: world_size=8, methods=['dcp_mega_varlen'], QH=32, KVH=2, D=128, TP=8, DCP=4, workload=chunk, execution=eager, baseline_phase_timing=False, warmup=40, iters=60, check=False
Workload: B=8, q_tokens=128, history_tokens=131072, q_seqlens=[16, 16, 16, 16, 16, 16, 16, 16], history_seqlens=[16384, 16384, 16384, 16384, 16384, 16384, 16384, 16384]
Agg TFLOPS uses useful attention work across all TP ranks and p50(max_across_ranks); Avg/GPU divides it by world_size.
KV GB/s/GPU is average logical BF16 K+V bytes read per TP rank divided by p50(max_across_ranks); it is not hardware-counter HBM traffic.

Running B=8, q_tokens=128, history_tokens=131072, causal=True

B=8, q_tokens=128, history_tokens=131072, QH=32, KVH=2, D=128, TP=8, DCP=4, mode=causal
Method                   Time ms                                                                                                                                     Agg TFLOPS    Avg/GPU  KV GB/s/GPU      Check  Note
dcp_mega_varlen          t0=0.055, t1=0.056, t2=0.055, t3=0.052, t4=0.054, t5=0.055, t6=0.053, t7=0.054 | p50(max_across_ranks)=0.056, p90(max_across_ranks)=0.058        610.2       76.3        299.0       skip  eager; output=bf16_ipc_a2a; runner_preallocated; timing=mega_kernel_only
Wrote benchmark JSON to /home/hychen/min_fa3_demo/benchmark_logs/experiment_suite/20260812-231044-dcp-cp-suite/02_dcp_uniform/results/mega/dcp_4/comm_sm_20/d8_c0_kv16k_dcp4_hkv2_eager.json

================================================================================
Mega comm_sm=20, case 18/64: d8_c0_kv32k_dcp4_hkv2: B=8, Sq=[16, 16, 16, 16, 16, 16, 16, 16], Sk=[32768, 32768, 32768, 32768, 32768, 32768, 32768, 32768], DCP=4, Hkv=2
================================================================================
Config: world_size=8, methods=['dcp_mega_varlen'], QH=32, KVH=2, D=128, TP=8, DCP=4, workload=chunk, execution=eager, baseline_phase_timing=False, warmup=40, iters=60, check=False
Workload: B=8, q_tokens=128, history_tokens=262144, q_seqlens=[16, 16, 16, 16, 16, 16, 16, 16], history_seqlens=[32768, 32768, 32768, 32768, 32768, 32768, 32768, 32768]
Agg TFLOPS uses useful attention work across all TP ranks and p50(max_across_ranks); Avg/GPU divides it by world_size.
KV GB/s/GPU is average logical BF16 K+V bytes read per TP rank divided by p50(max_across_ranks); it is not hardware-counter HBM traffic.

Running B=8, q_tokens=128, history_tokens=262144, causal=True

B=8, q_tokens=128, history_tokens=262144, QH=32, KVH=2, D=128, TP=8, DCP=4, mode=causal
Method                   Time ms                                                                                                                                     Agg TFLOPS    Avg/GPU  KV GB/s/GPU      Check  Note
dcp_mega_varlen          t0=0.065, t1=0.066, t2=0.065, t3=0.062, t4=0.064, t5=0.066, t6=0.063, t7=0.065 | p50(max_across_ranks)=0.067, p90(max_across_ranks)=0.069       1025.6      128.2        501.6       skip  eager; output=bf16_ipc_a2a; runner_preallocated; timing=mega_kernel_only
Wrote benchmark JSON to /home/hychen/min_fa3_demo/benchmark_logs/experiment_suite/20260812-231044-dcp-cp-suite/02_dcp_uniform/results/mega/dcp_4/comm_sm_20/d8_c0_kv32k_dcp4_hkv2_eager.json

================================================================================
Mega comm_sm=20, case 19/64: d8_c0_kv64k_dcp4_hkv2: B=8, Sq=[16, 16, 16, 16, 16, 16, 16, 16], Sk=[65536, 65536, 65536, 65536, 65536, 65536, 65536, 65536], DCP=4, Hkv=2
================================================================================
Config: world_size=8, methods=['dcp_mega_varlen'], QH=32, KVH=2, D=128, TP=8, DCP=4, workload=chunk, execution=eager, baseline_phase_timing=False, warmup=40, iters=60, check=False
Workload: B=8, q_tokens=128, history_tokens=524288, q_seqlens=[16, 16, 16, 16, 16, 16, 16, 16], history_seqlens=[65536, 65536, 65536, 65536, 65536, 65536, 65536, 65536]
Agg TFLOPS uses useful attention work across all TP ranks and p50(max_across_ranks); Avg/GPU divides it by world_size.
KV GB/s/GPU is average logical BF16 K+V bytes read per TP rank divided by p50(max_across_ranks); it is not hardware-counter HBM traffic.

Running B=8, q_tokens=128, history_tokens=524288, causal=True

B=8, q_tokens=128, history_tokens=524288, QH=32, KVH=2, D=128, TP=8, DCP=4, mode=causal
Method                   Time ms                                                                                                                                     Agg TFLOPS    Avg/GPU  KV GB/s/GPU      Check  Note
dcp_mega_varlen          t0=0.081, t1=0.081, t2=0.080, t3=0.077, t4=0.079, t5=0.081, t6=0.078, t7=0.080 | p50(max_across_ranks)=0.082, p90(max_across_ranks)=0.084       1682.2      210.3        822.1       skip  eager; output=bf16_ipc_a2a; runner_preallocated; timing=mega_kernel_only
Wrote benchmark JSON to /home/hychen/min_fa3_demo/benchmark_logs/experiment_suite/20260812-231044-dcp-cp-suite/02_dcp_uniform/results/mega/dcp_4/comm_sm_20/d8_c0_kv64k_dcp4_hkv2_eager.json

================================================================================
Mega comm_sm=20, case 20/64: d8_c0_kv128k_dcp4_hkv2: B=8, Sq=[16, 16, 16, 16, 16, 16, 16, 16], Sk=[131072, 131072, 131072, 131072, 131072, 131072, 131072, 131072], DCP=4, Hkv=2
================================================================================
Config: world_size=8, methods=['dcp_mega_varlen'], QH=32, KVH=2, D=128, TP=8, DCP=4, workload=chunk, execution=eager, baseline_phase_timing=False, warmup=40, iters=60, check=False
Workload: B=8, q_tokens=128, history_tokens=1048576, q_seqlens=[16, 16, 16, 16, 16, 16, 16, 16], history_seqlens=[131072, 131072, 131072, 131072, 131072, 131072, 131072, 131072]
Agg TFLOPS uses useful attention work across all TP ranks and p50(max_across_ranks); Avg/GPU divides it by world_size.
KV GB/s/GPU is average logical BF16 K+V bytes read per TP rank divided by p50(max_across_ranks); it is not hardware-counter HBM traffic.

Running B=8, q_tokens=128, history_tokens=1048576, causal=True

B=8, q_tokens=128, history_tokens=1048576, QH=32, KVH=2, D=128, TP=8, DCP=4, mode=causal
Method                   Time ms                                                                                                                                     Agg TFLOPS    Avg/GPU  KV GB/s/GPU      Check  Note
dcp_mega_varlen          t0=0.108, t1=0.109, t2=0.108, t3=0.103, t4=0.106, t5=0.107, t6=0.104, t7=0.105 | p50(max_across_ranks)=0.109, p90(max_across_ranks)=0.112       2518.1      314.8       1230.1       skip  eager; output=bf16_ipc_a2a; runner_preallocated; timing=mega_kernel_only
Wrote benchmark JSON to /home/hychen/min_fa3_demo/benchmark_logs/experiment_suite/20260812-231044-dcp-cp-suite/02_dcp_uniform/results/mega/dcp_4/comm_sm_20/d8_c0_kv128k_dcp4_hkv2_eager.json

================================================================================
Mega comm_sm=20, case 21/64: d8_c1_kv16k_dcp4_hkv2: B=9, Sq=[16, 16, 16, 16, 16, 16, 16, 16, 2048], Sk=[16384, 16384, 16384, 16384, 16384, 16384, 16384, 16384, 16384], DCP=4, Hkv=2
================================================================================
Config: world_size=8, methods=['dcp_mega_varlen'], QH=32, KVH=2, D=128, TP=8, DCP=4, workload=chunk, execution=eager, baseline_phase_timing=False, warmup=40, iters=60, check=False
Workload: B=9, q_tokens=2176, history_tokens=147456, q_seqlens=[16, 16, 16, 16, 16, 16, 16, 16, 2048], history_seqlens=[16384, 16384, 16384, 16384, 16384, 16384, 16384, 16384, 16384]
Agg TFLOPS uses useful attention work across all TP ranks and p50(max_across_ranks); Avg/GPU divides it by world_size.
KV GB/s/GPU is average logical BF16 K+V bytes read per TP rank divided by p50(max_across_ranks); it is not hardware-counter HBM traffic.

Running B=9, q_tokens=2176, history_tokens=147456, causal=True

B=9, q_tokens=2176, history_tokens=147456, QH=32, KVH=2, D=128, TP=8, DCP=4, mode=causal
Method                   Time ms                                                                                                                                     Agg TFLOPS    Avg/GPU  KV GB/s/GPU      Check  Note
dcp_mega_varlen          t0=0.218, t1=0.219, t2=0.218, t3=0.212, t4=0.215, t5=0.217, t6=0.214, t7=0.215 | p50(max_across_ranks)=0.219, p90(max_across_ranks)=0.221       2822.1      352.8         91.2       skip  eager; output=bf16_ipc_a2a; runner_preallocated; timing=mega_kernel_only
Wrote benchmark JSON to /home/hychen/min_fa3_demo/benchmark_logs/experiment_suite/20260812-231044-dcp-cp-suite/02_dcp_uniform/results/mega/dcp_4/comm_sm_20/d8_c1_kv16k_dcp4_hkv2_eager.json

================================================================================
Mega comm_sm=20, case 22/64: d8_c1_kv32k_dcp4_hkv2: B=9, Sq=[16, 16, 16, 16, 16, 16, 16, 16, 2048], Sk=[32768, 32768, 32768, 32768, 32768, 32768, 32768, 32768, 32768], DCP=4, Hkv=2
================================================================================
Config: world_size=8, methods=['dcp_mega_varlen'], QH=32, KVH=2, D=128, TP=8, DCP=4, workload=chunk, execution=eager, baseline_phase_timing=False, warmup=40, iters=60, check=False
Workload: B=9, q_tokens=2176, history_tokens=294912, q_seqlens=[16, 16, 16, 16, 16, 16, 16, 16, 2048], history_seqlens=[32768, 32768, 32768, 32768, 32768, 32768, 32768, 32768, 32768]
Agg TFLOPS uses useful attention work across all TP ranks and p50(max_across_ranks); Avg/GPU divides it by world_size.
KV GB/s/GPU is average logical BF16 K+V bytes read per TP rank divided by p50(max_across_ranks); it is not hardware-counter HBM traffic.

Running B=9, q_tokens=2176, history_tokens=294912, causal=True

B=9, q_tokens=2176, history_tokens=294912, QH=32, KVH=2, D=128, TP=8, DCP=4, mode=causal
Method                   Time ms                                                                                                                                     Agg TFLOPS    Avg/GPU  KV GB/s/GPU      Check  Note
dcp_mega_varlen          t0=0.347, t1=0.346, t2=0.346, t3=0.343, t4=0.345, t5=0.346, t6=0.344, t7=0.345 | p50(max_across_ranks)=0.348, p90(max_across_ranks)=0.350       3454.9      431.9        111.6       skip  eager; output=bf16_ipc_a2a; runner_preallocated; timing=mega_kernel_only
Wrote benchmark JSON to /home/hychen/min_fa3_demo/benchmark_logs/experiment_suite/20260812-231044-dcp-cp-suite/02_dcp_uniform/results/mega/dcp_4/comm_sm_20/d8_c1_kv32k_dcp4_hkv2_eager.json

================================================================================
Mega comm_sm=20, case 23/64: d8_c1_kv64k_dcp4_hkv2: B=9, Sq=[16, 16, 16, 16, 16, 16, 16, 16, 2048], Sk=[65536, 65536, 65536, 65536, 65536, 65536, 65536, 65536, 65536], DCP=4, Hkv=2
================================================================================
Config: world_size=8, methods=['dcp_mega_varlen'], QH=32, KVH=2, D=128, TP=8, DCP=4, workload=chunk, execution=eager, baseline_phase_timing=False, warmup=40, iters=60, check=False
Workload: B=9, q_tokens=2176, history_tokens=589824, q_seqlens=[16, 16, 16, 16, 16, 16, 16, 16, 2048], history_seqlens=[65536, 65536, 65536, 65536, 65536, 65536, 65536, 65536, 65536]
Agg TFLOPS uses useful attention work across all TP ranks and p50(max_across_ranks); Avg/GPU divides it by world_size.
KV GB/s/GPU is average logical BF16 K+V bytes read per TP rank divided by p50(max_across_ranks); it is not hardware-counter HBM traffic.

Running B=9, q_tokens=2176, history_tokens=589824, causal=True

B=9, q_tokens=2176, history_tokens=589824, QH=32, KVH=2, D=128, TP=8, DCP=4, mode=causal
Method                   Time ms                                                                                                                                     Agg TFLOPS    Avg/GPU  KV GB/s/GPU      Check  Note
dcp_mega_varlen          t0=0.605, t1=0.605, t2=0.604, t3=0.603, t4=0.607, t5=0.608, t6=0.606, t7=0.607 | p50(max_across_ranks)=0.609, p90(max_across_ranks)=0.611       3894.3      486.8        125.8       skip  eager; output=bf16_ipc_a2a; runner_preallocated; timing=mega_kernel_only
Wrote benchmark JSON to /home/hychen/min_fa3_demo/benchmark_logs/experiment_suite/20260812-231044-dcp-cp-suite/02_dcp_uniform/results/mega/dcp_4/comm_sm_20/d8_c1_kv64k_dcp4_hkv2_eager.json

================================================================================
Mega comm_sm=20, case 24/64: d8_c1_kv128k_dcp4_hkv2: B=9, Sq=[16, 16, 16, 16, 16, 16, 16, 16, 2048], Sk=[131072, 131072, 131072, 131072, 131072, 131072, 131072, 131072, 131072], DCP=4, Hkv=2
================================================================================
Config: world_size=8, methods=['dcp_mega_varlen'], QH=32, KVH=2, D=128, TP=8, DCP=4, workload=chunk, execution=eager, baseline_phase_timing=False, warmup=40, iters=60, check=False
Workload: B=9, q_tokens=2176, history_tokens=1179648, q_seqlens=[16, 16, 16, 16, 16, 16, 16, 16, 2048], history_seqlens=[131072, 131072, 131072, 131072, 131072, 131072, 131072, 131072, 131072]
Agg TFLOPS uses useful attention work across all TP ranks and p50(max_across_ranks); Avg/GPU divides it by world_size.
KV GB/s/GPU is average logical BF16 K+V bytes read per TP rank divided by p50(max_across_ranks); it is not hardware-counter HBM traffic.

Running B=9, q_tokens=2176, history_tokens=1179648, causal=True

B=9, q_tokens=2176, history_tokens=1179648, QH=32, KVH=2, D=128, TP=8, DCP=4, mode=causal
Method                   Time ms                                                                                                                                     Agg TFLOPS    Avg/GPU  KV GB/s/GPU      Check  Note
dcp_mega_varlen          t0=1.168, t1=1.157, t2=1.168, t3=1.166, t4=1.156, t5=1.156, t6=1.154, t7=1.147 | p50(max_across_ranks)=1.173, p90(max_across_ranks)=1.179       4012.3      501.5        129.7       skip  eager; output=bf16_ipc_a2a; runner_preallocated; timing=mega_kernel_only
Wrote benchmark JSON to /home/hychen/min_fa3_demo/benchmark_logs/experiment_suite/20260812-231044-dcp-cp-suite/02_dcp_uniform/results/mega/dcp_4/comm_sm_20/d8_c1_kv128k_dcp4_hkv2_eager.json

================================================================================
Mega comm_sm=20, case 25/64: d8_c2_kv16k_dcp4_hkv2: B=10, Sq=[16, 16, 16, 16, 16, 16, 16, 16, 2048, 2048], Sk=[16384, 16384, 16384, 16384, 16384, 16384, 16384, 16384, 16384, 16384], DCP=4, Hkv=2
================================================================================
Config: world_size=8, methods=['dcp_mega_varlen'], QH=32, KVH=2, D=128, TP=8, DCP=4, workload=chunk, execution=eager, baseline_phase_timing=False, warmup=40, iters=60, check=False
Workload: B=10, q_tokens=4224, history_tokens=163840, q_seqlens=[16, 16, 16, 16, 16, 16, 16, 16, 2048, 2048], history_seqlens=[16384, 16384, 16384, 16384, 16384, 16384, 16384, 16384, 16384, 16384]
Agg TFLOPS uses useful attention work across all TP ranks and p50(max_across_ranks); Avg/GPU divides it by world_size.
KV GB/s/GPU is average logical BF16 K+V bytes read per TP rank divided by p50(max_across_ranks); it is not hardware-counter HBM traffic.

Running B=10, q_tokens=4224, history_tokens=163840, causal=True

B=10, q_tokens=4224, history_tokens=163840, QH=32, KVH=2, D=128, TP=8, DCP=4, mode=causal
Method                   Time ms                                                                                                                                     Agg TFLOPS    Avg/GPU  KV GB/s/GPU      Check  Note
dcp_mega_varlen          t0=0.374, t1=0.375, t2=0.372, t3=0.373, t4=0.371, t5=0.372, t6=0.371, t7=0.374 | p50(max_across_ranks)=0.376, p90(max_across_ranks)=0.377       3202.7      400.3         61.6       skip  eager; output=bf16_ipc_a2a; runner_preallocated; timing=mega_kernel_only
Wrote benchmark JSON to /home/hychen/min_fa3_demo/benchmark_logs/experiment_suite/20260812-231044-dcp-cp-suite/02_dcp_uniform/results/mega/dcp_4/comm_sm_20/d8_c2_kv16k_dcp4_hkv2_eager.json

================================================================================
Mega comm_sm=20, case 26/64: d8_c2_kv32k_dcp4_hkv2: B=10, Sq=[16, 16, 16, 16, 16, 16, 16, 16, 2048, 2048], Sk=[32768, 32768, 32768, 32768, 32768, 32768, 32768, 32768, 32768, 32768], DCP=4, Hkv=2
================================================================================
Config: world_size=8, methods=['dcp_mega_varlen'], QH=32, KVH=2, D=128, TP=8, DCP=4, workload=chunk, execution=eager, baseline_phase_timing=False, warmup=40, iters=60, check=False
Workload: B=10, q_tokens=4224, history_tokens=327680, q_seqlens=[16, 16, 16, 16, 16, 16, 16, 16, 2048, 2048], history_seqlens=[32768, 32768, 32768, 32768, 32768, 32768, 32768, 32768, 32768, 32768]
Agg TFLOPS uses useful attention work across all TP ranks and p50(max_across_ranks); Avg/GPU divides it by world_size.
KV GB/s/GPU is average logical BF16 K+V bytes read per TP rank divided by p50(max_across_ranks); it is not hardware-counter HBM traffic.

Running B=10, q_tokens=4224, history_tokens=327680, causal=True

B=10, q_tokens=4224, history_tokens=327680, QH=32, KVH=2, D=128, TP=8, DCP=4, mode=causal
Method                   Time ms                                                                                                                                     Agg TFLOPS    Avg/GPU  KV GB/s/GPU      Check  Note
dcp_mega_varlen          t0=0.567, t1=0.571, t2=0.570, t3=0.572, t4=0.570, t5=0.569, t6=0.570, t7=0.569 | p50(max_across_ranks)=0.572, p90(max_across_ranks)=0.574       4083.7      510.5         77.1       skip  eager; output=bf16_ipc_a2a; runner_preallocated; timing=mega_kernel_only
Wrote benchmark JSON to /home/hychen/min_fa3_demo/benchmark_logs/experiment_suite/20260812-231044-dcp-cp-suite/02_dcp_uniform/results/mega/dcp_4/comm_sm_20/d8_c2_kv32k_dcp4_hkv2_eager.json

================================================================================
Mega comm_sm=20, case 27/64: d8_c2_kv64k_dcp4_hkv2: B=10, Sq=[16, 16, 16, 16, 16, 16, 16, 16, 2048, 2048], Sk=[65536, 65536, 65536, 65536, 65536, 65536, 65536, 65536, 65536, 65536], DCP=4, Hkv=2
================================================================================
Config: world_size=8, methods=['dcp_mega_varlen'], QH=32, KVH=2, D=128, TP=8, DCP=4, workload=chunk, execution=eager, baseline_phase_timing=False, warmup=40, iters=60, check=False
Workload: B=10, q_tokens=4224, history_tokens=655360, q_seqlens=[16, 16, 16, 16, 16, 16, 16, 16, 2048, 2048], history_seqlens=[65536, 65536, 65536, 65536, 65536, 65536, 65536, 65536, 65536, 65536]
Agg TFLOPS uses useful attention work across all TP ranks and p50(max_across_ranks); Avg/GPU divides it by world_size.
KV GB/s/GPU is average logical BF16 K+V bytes read per TP rank divided by p50(max_across_ranks); it is not hardware-counter HBM traffic.

Running B=10, q_tokens=4224, history_tokens=655360, causal=True

B=10, q_tokens=4224, history_tokens=655360, QH=32, KVH=2, D=128, TP=8, DCP=4, mode=causal
Method                   Time ms                                                                                                                                     Agg TFLOPS    Avg/GPU  KV GB/s/GPU      Check  Note
dcp_mega_varlen          t0=1.048, t1=1.049, t2=1.046, t3=1.051, t4=1.000, t5=0.999, t6=0.997, t7=1.004 | p50(max_across_ranks)=1.052, p90(max_across_ranks)=1.058       4376.3      547.0         81.8       skip  eager; output=bf16_ipc_a2a; runner_preallocated; timing=mega_kernel_only
Wrote benchmark JSON to /home/hychen/min_fa3_demo/benchmark_logs/experiment_suite/20260812-231044-dcp-cp-suite/02_dcp_uniform/results/mega/dcp_4/comm_sm_20/d8_c2_kv64k_dcp4_hkv2_eager.json

================================================================================
Mega comm_sm=20, case 28/64: d8_c2_kv128k_dcp4_hkv2: B=10, Sq=[16, 16, 16, 16, 16, 16, 16, 16, 2048, 2048], Sk=[131072, 131072, 131072, 131072, 131072, 131072, 131072, 131072, 131072, 131072], DCP=4, Hkv=2
================================================================================
Config: world_size=8, methods=['dcp_mega_varlen'], QH=32, KVH=2, D=128, TP=8, DCP=4, workload=chunk, execution=eager, baseline_phase_timing=False, warmup=40, iters=60, check=False
Workload: B=10, q_tokens=4224, history_tokens=1310720, q_seqlens=[16, 16, 16, 16, 16, 16, 16, 16, 2048, 2048], history_seqlens=[131072, 131072, 131072, 131072, 131072, 131072, 131072, 131072, 131072, 131072]
Agg TFLOPS uses useful attention work across all TP ranks and p50(max_across_ranks); Avg/GPU divides it by world_size.
KV GB/s/GPU is average logical BF16 K+V bytes read per TP rank divided by p50(max_across_ranks); it is not hardware-counter HBM traffic.

Running B=10, q_tokens=4224, history_tokens=1310720, causal=True

B=10, q_tokens=4224, history_tokens=1310720, QH=32, KVH=2, D=128, TP=8, DCP=4, mode=causal
Method                   Time ms                                                                                                                                     Agg TFLOPS    Avg/GPU  KV GB/s/GPU      Check  Note
dcp_mega_varlen          t0=2.019, t1=2.020, t2=2.019, t3=2.022, t4=2.025, t5=2.027, t6=2.032, t7=2.028 | p50(max_across_ranks)=2.034, p90(max_across_ranks)=2.058       4494.4      561.8         83.6       skip  eager; output=bf16_ipc_a2a; runner_preallocated; timing=mega_kernel_only
Wrote benchmark JSON to /home/hychen/min_fa3_demo/benchmark_logs/experiment_suite/20260812-231044-dcp-cp-suite/02_dcp_uniform/results/mega/dcp_4/comm_sm_20/d8_c2_kv128k_dcp4_hkv2_eager.json

================================================================================
Mega comm_sm=20, case 29/64: d8_c4_kv16k_dcp4_hkv2: B=12, Sq=[16, 16, 16, 16, 16, 16, 16, 16, 2048, 2048, 2048, 2048], Sk=[16384, 16384, 16384, 16384, 16384, 16384, 16384, 16384, 16384, 16384, 16384, 16384], DCP=4, Hkv=2
================================================================================
Config: world_size=8, methods=['dcp_mega_varlen'], QH=32, KVH=2, D=128, TP=8, DCP=4, workload=chunk, execution=eager, baseline_phase_timing=False, warmup=40, iters=60, check=False
Workload: B=12, q_tokens=8320, history_tokens=196608, q_seqlens=[16, 16, 16, 16, 16, 16, 16, 16, 2048, 2048, 2048, 2048], history_seqlens=[16384, 16384, 16384, 16384, 16384, 16384, 16384, 16384, 16384, 16384, 16384, 16384]
Agg TFLOPS uses useful attention work across all TP ranks and p50(max_across_ranks); Avg/GPU divides it by world_size.
KV GB/s/GPU is average logical BF16 K+V bytes read per TP rank divided by p50(max_across_ranks); it is not hardware-counter HBM traffic.

Running B=12, q_tokens=8320, history_tokens=196608, causal=True

B=12, q_tokens=8320, history_tokens=196608, QH=32, KVH=2, D=128, TP=8, DCP=4, mode=causal
Method                   Time ms                                                                                                                                     Agg TFLOPS    Avg/GPU  KV GB/s/GPU      Check  Note
dcp_mega_varlen          t0=0.712, t1=0.722, t2=0.714, t3=0.726, t4=0.714, t5=0.721, t6=0.722, t7=0.727 | p50(max_across_ranks)=0.727, p90(max_across_ranks)=0.729       3260.2      407.5         40.5       skip  eager; output=bf16_ipc_a2a; runner_preallocated; timing=mega_kernel_only
Wrote benchmark JSON to /home/hychen/min_fa3_demo/benchmark_logs/experiment_suite/20260812-231044-dcp-cp-suite/02_dcp_uniform/results/mega/dcp_4/comm_sm_20/d8_c4_kv16k_dcp4_hkv2_eager.json

================================================================================
Mega comm_sm=20, case 30/64: d8_c4_kv32k_dcp4_hkv2: B=12, Sq=[16, 16, 16, 16, 16, 16, 16, 16, 2048, 2048, 2048, 2048], Sk=[32768, 32768, 32768, 32768, 32768, 32768, 32768, 32768, 32768, 32768, 32768, 32768], DCP=4, Hkv=2
================================================================================
Config: world_size=8, methods=['dcp_mega_varlen'], QH=32, KVH=2, D=128, TP=8, DCP=4, workload=chunk, execution=eager, baseline_phase_timing=False, warmup=40, iters=60, check=False
Workload: B=12, q_tokens=8320, history_tokens=393216, q_seqlens=[16, 16, 16, 16, 16, 16, 16, 16, 2048, 2048, 2048, 2048], history_seqlens=[32768, 32768, 32768, 32768, 32768, 32768, 32768, 32768, 32768, 32768, 32768, 32768]
Agg TFLOPS uses useful attention work across all TP ranks and p50(max_across_ranks); Avg/GPU divides it by world_size.
KV GB/s/GPU is average logical BF16 K+V bytes read per TP rank divided by p50(max_across_ranks); it is not hardware-counter HBM traffic.

Running B=12, q_tokens=8320, history_tokens=393216, causal=True

B=12, q_tokens=8320, history_tokens=393216, QH=32, KVH=2, D=128, TP=8, DCP=4, mode=causal
Method                   Time ms                                                                                                                                     Agg TFLOPS    Avg/GPU  KV GB/s/GPU      Check  Note
dcp_mega_varlen          t0=1.155, t1=1.171, t2=1.126, t3=1.135, t4=1.121, t5=1.126, t6=1.154, t7=1.173 | p50(max_across_ranks)=1.174, p90(max_across_ranks)=1.179       3920.9      490.1         46.5       skip  eager; output=bf16_ipc_a2a; runner_preallocated; timing=mega_kernel_only
Wrote benchmark JSON to /home/hychen/min_fa3_demo/benchmark_logs/experiment_suite/20260812-231044-dcp-cp-suite/02_dcp_uniform/results/mega/dcp_4/comm_sm_20/d8_c4_kv32k_dcp4_hkv2_eager.json

================================================================================
Mega comm_sm=20, case 31/64: d8_c4_kv64k_dcp4_hkv2: B=12, Sq=[16, 16, 16, 16, 16, 16, 16, 16, 2048, 2048, 2048, 2048], Sk=[65536, 65536, 65536, 65536, 65536, 65536, 65536, 65536, 65536, 65536, 65536, 65536], DCP=4, Hkv=2
================================================================================
Config: world_size=8, methods=['dcp_mega_varlen'], QH=32, KVH=2, D=128, TP=8, DCP=4, workload=chunk, execution=eager, baseline_phase_timing=False, warmup=40, iters=60, check=False
Workload: B=12, q_tokens=8320, history_tokens=786432, q_seqlens=[16, 16, 16, 16, 16, 16, 16, 16, 2048, 2048, 2048, 2048], history_seqlens=[65536, 65536, 65536, 65536, 65536, 65536, 65536, 65536, 65536, 65536, 65536, 65536]
Agg TFLOPS uses useful attention work across all TP ranks and p50(max_across_ranks); Avg/GPU divides it by world_size.
KV GB/s/GPU is average logical BF16 K+V bytes read per TP rank divided by p50(max_across_ranks); it is not hardware-counter HBM traffic.

Running B=12, q_tokens=8320, history_tokens=786432, causal=True

B=12, q_tokens=8320, history_tokens=786432, QH=32, KVH=2, D=128, TP=8, DCP=4, mode=causal
Method                   Time ms                                                                                                                                     Agg TFLOPS    Avg/GPU  KV GB/s/GPU      Check  Note
dcp_mega_varlen          t0=2.082, t1=2.110, t2=2.090, t3=2.080, t4=2.037, t5=2.049, t6=2.089, t7=2.051 | p50(max_across_ranks)=2.112, p90(max_across_ranks)=2.163       4294.8      536.9         49.7       skip  eager; output=bf16_ipc_a2a; runner_preallocated; timing=mega_kernel_only
Wrote benchmark JSON to /home/hychen/min_fa3_demo/benchmark_logs/experiment_suite/20260812-231044-dcp-cp-suite/02_dcp_uniform/results/mega/dcp_4/comm_sm_20/d8_c4_kv64k_dcp4_hkv2_eager.json

================================================================================
Mega comm_sm=20, case 32/64: d8_c4_kv128k_dcp4_hkv2: B=12, Sq=[16, 16, 16, 16, 16, 16, 16, 16, 2048, 2048, 2048, 2048], Sk=[131072, 131072, 131072, 131072, 131072, 131072, 131072, 131072, 131072, 131072, 131072, 131072], DCP=4, Hkv=2
================================================================================
Config: world_size=8, methods=['dcp_mega_varlen'], QH=32, KVH=2, D=128, TP=8, DCP=4, workload=chunk, execution=eager, baseline_phase_timing=False, warmup=40, iters=60, check=False
Workload: B=12, q_tokens=8320, history_tokens=1572864, q_seqlens=[16, 16, 16, 16, 16, 16, 16, 16, 2048, 2048, 2048, 2048], history_seqlens=[131072, 131072, 131072, 131072, 131072, 131072, 131072, 131072, 131072, 131072, 131072, 131072]
Agg TFLOPS uses useful attention work across all TP ranks and p50(max_across_ranks); Avg/GPU divides it by world_size.
KV GB/s/GPU is average logical BF16 K+V bytes read per TP rank divided by p50(max_across_ranks); it is not hardware-counter HBM traffic.

Running B=12, q_tokens=8320, history_tokens=1572864, causal=True

B=12, q_tokens=8320, history_tokens=1572864, QH=32, KVH=2, D=128, TP=8, DCP=4, mode=causal
Method                   Time ms                                                                                                                                     Agg TFLOPS    Avg/GPU  KV GB/s/GPU      Check  Note
dcp_mega_varlen          t0=4.002, t1=4.032, t2=4.037, t3=4.035, t4=3.961, t5=3.963, t6=3.995, t7=3.972 | p50(max_across_ranks)=4.095, p90(max_across_ranks)=4.182       4396.3      549.5         50.2       skip  eager; output=bf16_ipc_a2a; runner_preallocated; timing=mega_kernel_only
Wrote benchmark JSON to /home/hychen/min_fa3_demo/benchmark_logs/experiment_suite/20260812-231044-dcp-cp-suite/02_dcp_uniform/results/mega/dcp_4/comm_sm_20/d8_c4_kv128k_dcp4_hkv2_eager.json

================================================================================
Mega comm_sm=20, case 33/64: d16_c0_kv16k_dcp4_hkv2: B=16, Sq=[16, 16, 16, 16, 16, 16, 16, 16, 16, 16, 16, 16, 16, 16, 16, 16], Sk=[16384, 16384, 16384, 16384, 16384, 16384, 16384, 16384, 16384, 16384, 16384, 16384, 16384, 16384, 16384, 16384], DCP=4, Hkv=2
================================================================================
Config: world_size=8, methods=['dcp_mega_varlen'], QH=32, KVH=2, D=128, TP=8, DCP=4, workload=chunk, execution=eager, baseline_phase_timing=False, warmup=40, iters=60, check=False
Workload: B=16, q_tokens=256, history_tokens=262144, q_seqlens=[16, 16, 16, 16, 16, 16, 16, 16, 16, 16, 16, 16, 16, 16, 16, 16], history_seqlens=[16384, 16384, 16384, 16384, 16384, 16384, 16384, 16384, 16384, 16384, 16384, 16384, 16384, 16384, 16384, 16384]
Agg TFLOPS uses useful attention work across all TP ranks and p50(max_across_ranks); Avg/GPU divides it by world_size.
KV GB/s/GPU is average logical BF16 K+V bytes read per TP rank divided by p50(max_across_ranks); it is not hardware-counter HBM traffic.

Running B=16, q_tokens=256, history_tokens=262144, causal=True

B=16, q_tokens=256, history_tokens=262144, QH=32, KVH=2, D=128, TP=8, DCP=4, mode=causal
Method                   Time ms                                                                                                                                     Agg TFLOPS    Avg/GPU  KV GB/s/GPU      Check  Note
dcp_mega_varlen          t0=0.072, t1=0.072, t2=0.071, t3=0.069, t4=0.071, t5=0.072, t6=0.071, t7=0.072 | p50(max_across_ranks)=0.073, p90(max_across_ranks)=0.074        938.9      117.4        460.0       skip  eager; output=bf16_ipc_a2a; runner_preallocated; timing=mega_kernel_only
Wrote benchmark JSON to /home/hychen/min_fa3_demo/benchmark_logs/experiment_suite/20260812-231044-dcp-cp-suite/02_dcp_uniform/results/mega/dcp_4/comm_sm_20/d16_c0_kv16k_dcp4_hkv2_eager.json

================================================================================
Mega comm_sm=20, case 34/64: d16_c0_kv32k_dcp4_hkv2: B=16, Sq=[16, 16, 16, 16, 16, 16, 16, 16, 16, 16, 16, 16, 16, 16, 16, 16], Sk=[32768, 32768, 32768, 32768, 32768, 32768, 32768, 32768, 32768, 32768, 32768, 32768, 32768, 32768, 32768, 32768], DCP=4, Hkv=2
================================================================================
Config: world_size=8, methods=['dcp_mega_varlen'], QH=32, KVH=2, D=128, TP=8, DCP=4, workload=chunk, execution=eager, baseline_phase_timing=False, warmup=40, iters=60, check=False
Workload: B=16, q_tokens=256, history_tokens=524288, q_seqlens=[16, 16, 16, 16, 16, 16, 16, 16, 16, 16, 16, 16, 16, 16, 16, 16], history_seqlens=[32768, 32768, 32768, 32768, 32768, 32768, 32768, 32768, 32768, 32768, 32768, 32768, 32768, 32768, 32768, 32768]
Agg TFLOPS uses useful attention work across all TP ranks and p50(max_across_ranks); Avg/GPU divides it by world_size.
KV GB/s/GPU is average logical BF16 K+V bytes read per TP rank divided by p50(max_across_ranks); it is not hardware-counter HBM traffic.

Running B=16, q_tokens=256, history_tokens=524288, causal=True

B=16, q_tokens=256, history_tokens=524288, QH=32, KVH=2, D=128, TP=8, DCP=4, mode=causal
Method                   Time ms                                                                                                                                     Agg TFLOPS    Avg/GPU  KV GB/s/GPU      Check  Note
dcp_mega_varlen          t0=0.084, t1=0.085, t2=0.084, t3=0.081, t4=0.083, t5=0.084, t6=0.082, t7=0.083 | p50(max_across_ranks)=0.085, p90(max_across_ranks)=0.088       1616.0      202.0        790.4       skip  eager; output=bf16_ipc_a2a; runner_preallocated; timing=mega_kernel_only
Wrote benchmark JSON to /home/hychen/min_fa3_demo/benchmark_logs/experiment_suite/20260812-231044-dcp-cp-suite/02_dcp_uniform/results/mega/dcp_4/comm_sm_20/d16_c0_kv32k_dcp4_hkv2_eager.json

================================================================================
Mega comm_sm=20, case 35/64: d16_c0_kv64k_dcp4_hkv2: B=16, Sq=[16, 16, 16, 16, 16, 16, 16, 16, 16, 16, 16, 16, 16, 16, 16, 16], Sk=[65536, 65536, 65536, 65536, 65536, 65536, 65536, 65536, 65536, 65536, 65536, 65536, 65536, 65536, 65536, 65536], DCP=4, Hkv=2
================================================================================
Config: world_size=8, methods=['dcp_mega_varlen'], QH=32, KVH=2, D=128, TP=8, DCP=4, workload=chunk, execution=eager, baseline_phase_timing=False, warmup=40, iters=60, check=False
Workload: B=16, q_tokens=256, history_tokens=1048576, q_seqlens=[16, 16, 16, 16, 16, 16, 16, 16, 16, 16, 16, 16, 16, 16, 16, 16], history_seqlens=[65536, 65536, 65536, 65536, 65536, 65536, 65536, 65536, 65536, 65536, 65536, 65536, 65536, 65536, 65536, 65536]
Agg TFLOPS uses useful attention work across all TP ranks and p50(max_across_ranks); Avg/GPU divides it by world_size.
KV GB/s/GPU is average logical BF16 K+V bytes read per TP rank divided by p50(max_across_ranks); it is not hardware-counter HBM traffic.

Running B=16, q_tokens=256, history_tokens=1048576, causal=True

B=16, q_tokens=256, history_tokens=1048576, QH=32, KVH=2, D=128, TP=8, DCP=4, mode=causal
Method                   Time ms                                                                                                                                     Agg TFLOPS    Avg/GPU  KV GB/s/GPU      Check  Note
dcp_mega_varlen          t0=0.115, t1=0.115, t2=0.115, t3=0.111, t4=0.113, t5=0.114, t6=0.112, t7=0.113 | p50(max_across_ranks)=0.116, p90(max_across_ranks)=0.118       2371.9      296.5       1159.1       skip  eager; output=bf16_ipc_a2a; runner_preallocated; timing=mega_kernel_only
Wrote benchmark JSON to /home/hychen/min_fa3_demo/benchmark_logs/experiment_suite/20260812-231044-dcp-cp-suite/02_dcp_uniform/results/mega/dcp_4/comm_sm_20/d16_c0_kv64k_dcp4_hkv2_eager.json

================================================================================
Mega comm_sm=20, case 36/64: d16_c0_kv128k_dcp4_hkv2: B=16, Sq=[16, 16, 16, 16, 16, 16, 16, 16, 16, 16, 16, 16, 16, 16, 16, 16], Sk=[131072, 131072, 131072, 131072, 131072, 131072, 131072, 131072, 131072, 131072, 131072, 131072, 131072, 131072, 131072, 131072], DCP=4, Hkv=2
================================================================================
Config: world_size=8, methods=['dcp_mega_varlen'], QH=32, KVH=2, D=128, TP=8, DCP=4, workload=chunk, execution=eager, baseline_phase_timing=False, warmup=40, iters=60, check=False
Workload: B=16, q_tokens=256, history_tokens=2097152, q_seqlens=[16, 16, 16, 16, 16, 16, 16, 16, 16, 16, 16, 16, 16, 16, 16, 16], history_seqlens=[131072, 131072, 131072, 131072, 131072, 131072, 131072, 131072, 131072, 131072, 131072, 131072, 131072, 131072, 131072, 131072]
Agg TFLOPS uses useful attention work across all TP ranks and p50(max_across_ranks); Avg/GPU divides it by world_size.
KV GB/s/GPU is average logical BF16 K+V bytes read per TP rank divided by p50(max_across_ranks); it is not hardware-counter HBM traffic.

Running B=16, q_tokens=256, history_tokens=2097152, causal=True

B=16, q_tokens=256, history_tokens=2097152, QH=32, KVH=2, D=128, TP=8, DCP=4, mode=causal
Method                   Time ms                                                                                                                                     Agg TFLOPS    Avg/GPU  KV GB/s/GPU      Check  Note
dcp_mega_varlen          t0=0.179, t1=0.179, t2=0.178, t3=0.175, t4=0.177, t5=0.178, t6=0.176, t7=0.177 | p50(max_across_ranks)=0.180, p90(max_across_ranks)=0.181       3061.2      382.6       1495.4       skip  eager; output=bf16_ipc_a2a; runner_preallocated; timing=mega_kernel_only
Wrote benchmark JSON to /home/hychen/min_fa3_demo/benchmark_logs/experiment_suite/20260812-231044-dcp-cp-suite/02_dcp_uniform/results/mega/dcp_4/comm_sm_20/d16_c0_kv128k_dcp4_hkv2_eager.json

================================================================================
Mega comm_sm=20, case 37/64: d16_c1_kv16k_dcp4_hkv2: B=17, Sq=[16, 16, 16, 16, 16, 16, 16, 16, 16, 16, 16, 16, 16, 16, 16, 16, 2048], Sk=[16384, 16384, 16384, 16384, 16384, 16384, 16384, 16384, 16384, 16384, 16384, 16384, 16384, 16384, 16384, 16384, 16384], DCP=4, Hkv=2
================================================================================
Config: world_size=8, methods=['dcp_mega_varlen'], QH=32, KVH=2, D=128, TP=8, DCP=4, workload=chunk, execution=eager, baseline_phase_timing=False, warmup=40, iters=60, check=False
Workload: B=17, q_tokens=2304, history_tokens=278528, q_seqlens=[16, 16, 16, 16, 16, 16, 16, 16, 16, 16, 16, 16, 16, 16, 16, 16, 2048], history_seqlens=[16384, 16384, 16384, 16384, 16384, 16384, 16384, 16384, 16384, 16384, 16384, 16384, 16384, 16384, 16384, 16384, 16384]
Agg TFLOPS uses useful attention work across all TP ranks and p50(max_across_ranks); Avg/GPU divides it by world_size.
KV GB/s/GPU is average logical BF16 K+V bytes read per TP rank divided by p50(max_across_ranks); it is not hardware-counter HBM traffic.

Running B=17, q_tokens=2304, history_tokens=278528, causal=True

B=17, q_tokens=2304, history_tokens=278528, QH=32, KVH=2, D=128, TP=8, DCP=4, mode=causal
Method                   Time ms                                                                                                                                     Agg TFLOPS    Avg/GPU  KV GB/s/GPU      Check  Note
dcp_mega_varlen          t0=0.222, t1=0.223, t2=0.222, t3=0.218, t4=0.220, t5=0.221, t6=0.219, t7=0.220 | p50(max_across_ranks)=0.223, p90(max_across_ranks)=0.224       2924.7      365.6        165.0       skip  eager; output=bf16_ipc_a2a; runner_preallocated; timing=mega_kernel_only
Wrote benchmark JSON to /home/hychen/min_fa3_demo/benchmark_logs/experiment_suite/20260812-231044-dcp-cp-suite/02_dcp_uniform/results/mega/dcp_4/comm_sm_20/d16_c1_kv16k_dcp4_hkv2_eager.json

================================================================================
Mega comm_sm=20, case 38/64: d16_c1_kv32k_dcp4_hkv2: B=17, Sq=[16, 16, 16, 16, 16, 16, 16, 16, 16, 16, 16, 16, 16, 16, 16, 16, 2048], Sk=[32768, 32768, 32768, 32768, 32768, 32768, 32768, 32768, 32768, 32768, 32768, 32768, 32768, 32768, 32768, 32768, 32768], DCP=4, Hkv=2
================================================================================
Config: world_size=8, methods=['dcp_mega_varlen'], QH=32, KVH=2, D=128, TP=8, DCP=4, workload=chunk, execution=eager, baseline_phase_timing=False, warmup=40, iters=60, check=False
Workload: B=17, q_tokens=2304, history_tokens=557056, q_seqlens=[16, 16, 16, 16, 16, 16, 16, 16, 16, 16, 16, 16, 16, 16, 16, 16, 2048], history_seqlens=[32768, 32768, 32768, 32768, 32768, 32768, 32768, 32768, 32768, 32768, 32768, 32768, 32768, 32768, 32768, 32768, 32768]
Agg TFLOPS uses useful attention work across all TP ranks and p50(max_across_ranks); Avg/GPU divides it by world_size.
KV GB/s/GPU is average logical BF16 K+V bytes read per TP rank divided by p50(max_across_ranks); it is not hardware-counter HBM traffic.

Running B=17, q_tokens=2304, history_tokens=557056, causal=True

B=17, q_tokens=2304, history_tokens=557056, QH=32, KVH=2, D=128, TP=8, DCP=4, mode=causal
Method                   Time ms                                                                                                                                     Agg TFLOPS    Avg/GPU  KV GB/s/GPU      Check  Note
dcp_mega_varlen          t0=0.354, t1=0.354, t2=0.354, t3=0.347, t4=0.351, t5=0.353, t6=0.351, t7=0.351 | p50(max_across_ranks)=0.355, p90(max_across_ranks)=0.357       3582.7      447.8        204.3       skip  eager; output=bf16_ipc_a2a; runner_preallocated; timing=mega_kernel_only
Wrote benchmark JSON to /home/hychen/min_fa3_demo/benchmark_logs/experiment_suite/20260812-231044-dcp-cp-suite/02_dcp_uniform/results/mega/dcp_4/comm_sm_20/d16_c1_kv32k_dcp4_hkv2_eager.json

================================================================================
Mega comm_sm=20, case 39/64: d16_c1_kv64k_dcp4_hkv2: B=17, Sq=[16, 16, 16, 16, 16, 16, 16, 16, 16, 16, 16, 16, 16, 16, 16, 16, 2048], Sk=[65536, 65536, 65536, 65536, 65536, 65536, 65536, 65536, 65536, 65536, 65536, 65536, 65536, 65536, 65536, 65536, 65536], DCP=4, Hkv=2
================================================================================
Config: world_size=8, methods=['dcp_mega_varlen'], QH=32, KVH=2, D=128, TP=8, DCP=4, workload=chunk, execution=eager, baseline_phase_timing=False, warmup=40, iters=60, check=False
Workload: B=17, q_tokens=2304, history_tokens=1114112, q_seqlens=[16, 16, 16, 16, 16, 16, 16, 16, 16, 16, 16, 16, 16, 16, 16, 16, 2048], history_seqlens=[65536, 65536, 65536, 65536, 65536, 65536, 65536, 65536, 65536, 65536, 65536, 65536, 65536, 65536, 65536, 65536, 65536]
Agg TFLOPS uses useful attention work across all TP ranks and p50(max_across_ranks); Avg/GPU divides it by world_size.
KV GB/s/GPU is average logical BF16 K+V bytes read per TP rank divided by p50(max_across_ranks); it is not hardware-counter HBM traffic.

Running B=17, q_tokens=2304, history_tokens=1114112, causal=True

B=17, q_tokens=2304, history_tokens=1114112, QH=32, KVH=2, D=128, TP=8, DCP=4, mode=causal
Method                   Time ms                                                                                                                                     Agg TFLOPS    Avg/GPU  KV GB/s/GPU      Check  Note
dcp_mega_varlen          t0=0.621, t1=0.616, t2=0.618, t3=0.617, t4=0.611, t5=0.612, t6=0.610, t7=0.611 | p50(max_across_ranks)=0.621, p90(max_across_ranks)=0.624       4040.3      505.0        231.6       skip  eager; output=bf16_ipc_a2a; runner_preallocated; timing=mega_kernel_only
Wrote benchmark JSON to /home/hychen/min_fa3_demo/benchmark_logs/experiment_suite/20260812-231044-dcp-cp-suite/02_dcp_uniform/results/mega/dcp_4/comm_sm_20/d16_c1_kv64k_dcp4_hkv2_eager.json

================================================================================
Mega comm_sm=20, case 40/64: d16_c1_kv128k_dcp4_hkv2: B=17, Sq=[16, 16, 16, 16, 16, 16, 16, 16, 16, 16, 16, 16, 16, 16, 16, 16, 2048], Sk=[131072, 131072, 131072, 131072, 131072, 131072, 131072, 131072, 131072, 131072, 131072, 131072, 131072, 131072, 131072, 131072, 131072], DCP=4, Hkv=2
================================================================================
Config: world_size=8, methods=['dcp_mega_varlen'], QH=32, KVH=2, D=128, TP=8, DCP=4, workload=chunk, execution=eager, baseline_phase_timing=False, warmup=40, iters=60, check=False
Workload: B=17, q_tokens=2304, history_tokens=2228224, q_seqlens=[16, 16, 16, 16, 16, 16, 16, 16, 16, 16, 16, 16, 16, 16, 16, 16, 2048], history_seqlens=[131072, 131072, 131072, 131072, 131072, 131072, 131072, 131072, 131072, 131072, 131072, 131072, 131072, 131072, 131072, 131072, 131072]
Agg TFLOPS uses useful attention work across all TP ranks and p50(max_across_ranks); Avg/GPU divides it by world_size.
KV GB/s/GPU is average logical BF16 K+V bytes read per TP rank divided by p50(max_across_ranks); it is not hardware-counter HBM traffic.

Running B=17, q_tokens=2304, history_tokens=2228224, causal=True

B=17, q_tokens=2304, history_tokens=2228224, QH=32, KVH=2, D=128, TP=8, DCP=4, mode=causal
Method                   Time ms                                                                                                                                     Agg TFLOPS    Avg/GPU  KV GB/s/GPU      Check  Note
dcp_mega_varlen          t0=1.184, t1=1.185, t2=1.183, t3=1.182, t4=1.186, t5=1.183, t6=1.185, t7=1.185 | p50(max_across_ranks)=1.189, p90(max_across_ranks)=1.206       4189.6      523.7        240.8       skip  eager; output=bf16_ipc_a2a; runner_preallocated; timing=mega_kernel_only
Wrote benchmark JSON to /home/hychen/min_fa3_demo/benchmark_logs/experiment_suite/20260812-231044-dcp-cp-suite/02_dcp_uniform/results/mega/dcp_4/comm_sm_20/d16_c1_kv128k_dcp4_hkv2_eager.json

================================================================================
Mega comm_sm=20, case 41/64: d16_c2_kv16k_dcp4_hkv2: B=18, Sq=[16, 16, 16, 16, 16, 16, 16, 16, 16, 16, 16, 16, 16, 16, 16, 16, 2048, 2048], Sk=[16384, 16384, 16384, 16384, 16384, 16384, 16384, 16384, 16384, 16384, 16384, 16384, 16384, 16384, 16384, 16384, 16384, 16384], DCP=4, Hkv=2
================================================================================
Config: world_size=8, methods=['dcp_mega_varlen'], QH=32, KVH=2, D=128, TP=8, DCP=4, workload=chunk, execution=eager, baseline_phase_timing=False, warmup=40, iters=60, check=False
Workload: B=18, q_tokens=4352, history_tokens=294912, q_seqlens=[16, 16, 16, 16, 16, 16, 16, 16, 16, 16, 16, 16, 16, 16, 16, 16, 2048, 2048], history_seqlens=[16384, 16384, 16384, 16384, 16384, 16384, 16384, 16384, 16384, 16384, 16384, 16384, 16384, 16384, 16384, 16384, 16384, 16384]
Agg TFLOPS uses useful attention work across all TP ranks and p50(max_across_ranks); Avg/GPU divides it by world_size.
KV GB/s/GPU is average logical BF16 K+V bytes read per TP rank divided by p50(max_across_ranks); it is not hardware-counter HBM traffic.

Running B=18, q_tokens=4352, history_tokens=294912, causal=True

B=18, q_tokens=4352, history_tokens=294912, QH=32, KVH=2, D=128, TP=8, DCP=4, mode=causal
Method                   Time ms                                                                                                                                     Agg TFLOPS    Avg/GPU  KV GB/s/GPU      Check  Note
dcp_mega_varlen          t0=0.386, t1=0.388, t2=0.385, t3=0.389, t4=0.383, t5=0.384, t6=0.384, t7=0.389 | p50(max_across_ranks)=0.390, p90(max_across_ranks)=0.391       3175.4      396.9        102.6       skip  eager; output=bf16_ipc_a2a; runner_preallocated; timing=mega_kernel_only
Wrote benchmark JSON to /home/hychen/min_fa3_demo/benchmark_logs/experiment_suite/20260812-231044-dcp-cp-suite/02_dcp_uniform/results/mega/dcp_4/comm_sm_20/d16_c2_kv16k_dcp4_hkv2_eager.json

================================================================================
Mega comm_sm=20, case 42/64: d16_c2_kv32k_dcp4_hkv2: B=18, Sq=[16, 16, 16, 16, 16, 16, 16, 16, 16, 16, 16, 16, 16, 16, 16, 16, 2048, 2048], Sk=[32768, 32768, 32768, 32768, 32768, 32768, 32768, 32768, 32768, 32768, 32768, 32768, 32768, 32768, 32768, 32768, 32768, 32768], DCP=4, Hkv=2
================================================================================
Config: world_size=8, methods=['dcp_mega_varlen'], QH=32, KVH=2, D=128, TP=8, DCP=4, workload=chunk, execution=eager, baseline_phase_timing=False, warmup=40, iters=60, check=False
Workload: B=18, q_tokens=4352, history_tokens=589824, q_seqlens=[16, 16, 16, 16, 16, 16, 16, 16, 16, 16, 16, 16, 16, 16, 16, 16, 2048, 2048], history_seqlens=[32768, 32768, 32768, 32768, 32768, 32768, 32768, 32768, 32768, 32768, 32768, 32768, 32768, 32768, 32768, 32768, 32768, 32768]
Agg TFLOPS uses useful attention work across all TP ranks and p50(max_across_ranks); Avg/GPU divides it by world_size.
KV GB/s/GPU is average logical BF16 K+V bytes read per TP rank divided by p50(max_across_ranks); it is not hardware-counter HBM traffic.

Running B=18, q_tokens=4352, history_tokens=589824, causal=True

B=18, q_tokens=4352, history_tokens=589824, QH=32, KVH=2, D=128, TP=8, DCP=4, mode=causal
Method                   Time ms                                                                                                                                     Agg TFLOPS    Avg/GPU  KV GB/s/GPU      Check  Note
dcp_mega_varlen          t0=0.594, t1=0.602, t2=0.593, t3=0.596, t4=0.591, t5=0.590, t6=0.595, t7=0.592 | p50(max_across_ranks)=0.602, p90(max_across_ranks)=0.606       3993.1      499.1        129.0       skip  eager; output=bf16_ipc_a2a; runner_preallocated; timing=mega_kernel_only
Wrote benchmark JSON to /home/hychen/min_fa3_demo/benchmark_logs/experiment_suite/20260812-231044-dcp-cp-suite/02_dcp_uniform/results/mega/dcp_4/comm_sm_20/d16_c2_kv32k_dcp4_hkv2_eager.json

================================================================================
Mega comm_sm=20, case 43/64: d16_c2_kv64k_dcp4_hkv2: B=18, Sq=[16, 16, 16, 16, 16, 16, 16, 16, 16, 16, 16, 16, 16, 16, 16, 16, 2048, 2048], Sk=[65536, 65536, 65536, 65536, 65536, 65536, 65536, 65536, 65536, 65536, 65536, 65536, 65536, 65536, 65536, 65536, 65536, 65536], DCP=4, Hkv=2
================================================================================
Config: world_size=8, methods=['dcp_mega_varlen'], QH=32, KVH=2, D=128, TP=8, DCP=4, workload=chunk, execution=eager, baseline_phase_timing=False, warmup=40, iters=60, check=False
Workload: B=18, q_tokens=4352, history_tokens=1179648, q_seqlens=[16, 16, 16, 16, 16, 16, 16, 16, 16, 16, 16, 16, 16, 16, 16, 16, 2048, 2048], history_seqlens=[65536, 65536, 65536, 65536, 65536, 65536, 65536, 65536, 65536, 65536, 65536, 65536, 65536, 65536, 65536, 65536, 65536, 65536]
Agg TFLOPS uses useful attention work across all TP ranks and p50(max_across_ranks); Avg/GPU divides it by world_size.
KV GB/s/GPU is average logical BF16 K+V bytes read per TP rank divided by p50(max_across_ranks); it is not hardware-counter HBM traffic.

Running B=18, q_tokens=4352, history_tokens=1179648, causal=True

B=18, q_tokens=4352, history_tokens=1179648, QH=32, KVH=2, D=128, TP=8, DCP=4, mode=causal
Method                   Time ms                                                                                                                                     Agg TFLOPS    Avg/GPU  KV GB/s/GPU      Check  Note
dcp_mega_varlen          t0=1.065, t1=1.064, t2=1.063, t3=1.075, t4=1.017, t5=1.016, t6=1.011, t7=1.020 | p50(max_across_ranks)=1.075, p90(max_across_ranks)=1.080       4409.4      551.2        142.5       skip  eager; output=bf16_ipc_a2a; runner_preallocated; timing=mega_kernel_only
Wrote benchmark JSON to /home/hychen/min_fa3_demo/benchmark_logs/experiment_suite/20260812-231044-dcp-cp-suite/02_dcp_uniform/results/mega/dcp_4/comm_sm_20/d16_c2_kv64k_dcp4_hkv2_eager.json

================================================================================
Mega comm_sm=20, case 44/64: d16_c2_kv128k_dcp4_hkv2: B=18, Sq=[16, 16, 16, 16, 16, 16, 16, 16, 16, 16, 16, 16, 16, 16, 16, 16, 2048, 2048], Sk=[131072, 131072, 131072, 131072, 131072, 131072, 131072, 131072, 131072, 131072, 131072, 131072, 131072, 131072, 131072, 131072, 131072, 131072], DCP=4, Hkv=2
================================================================================
Config: world_size=8, methods=['dcp_mega_varlen'], QH=32, KVH=2, D=128, TP=8, DCP=4, workload=chunk, execution=eager, baseline_phase_timing=False, warmup=40, iters=60, check=False
Workload: B=18, q_tokens=4352, history_tokens=2359296, q_seqlens=[16, 16, 16, 16, 16, 16, 16, 16, 16, 16, 16, 16, 16, 16, 16, 16, 2048, 2048], history_seqlens=[131072, 131072, 131072, 131072, 131072, 131072, 131072, 131072, 131072, 131072, 131072, 131072, 131072, 131072, 131072, 131072, 131072, 131072]
Agg TFLOPS uses useful attention work across all TP ranks and p50(max_across_ranks); Avg/GPU divides it by world_size.
KV GB/s/GPU is average logical BF16 K+V bytes read per TP rank divided by p50(max_across_ranks); it is not hardware-counter HBM traffic.

Running B=18, q_tokens=4352, history_tokens=2359296, causal=True

B=18, q_tokens=4352, history_tokens=2359296, QH=32, KVH=2, D=128, TP=8, DCP=4, mode=causal
Method                   Time ms                                                                                                                                     Agg TFLOPS    Avg/GPU  KV GB/s/GPU      Check  Note
dcp_mega_varlen          t0=1.986, t1=1.990, t2=1.986, t3=1.985, t4=2.069, t5=2.071, t6=2.073, t7=2.076 | p50(max_across_ranks)=2.076, p90(max_across_ranks)=2.114       4534.5      566.8        146.5       skip  eager; output=bf16_ipc_a2a; runner_preallocated; timing=mega_kernel_only
Wrote benchmark JSON to /home/hychen/min_fa3_demo/benchmark_logs/experiment_suite/20260812-231044-dcp-cp-suite/02_dcp_uniform/results/mega/dcp_4/comm_sm_20/d16_c2_kv128k_dcp4_hkv2_eager.json

================================================================================
Mega comm_sm=20, case 45/64: d16_c4_kv16k_dcp4_hkv2: B=20, Sq=[16, 16, 16, 16, 16, 16, 16, 16, 16, 16, 16, 16, 16, 16, 16, 16, 2048, 2048, 2048, 2048], Sk=[16384, 16384, 16384, 16384, 16384, 16384, 16384, 16384, 16384, 16384, 16384, 16384, 16384, 16384, 16384, 16384, 16384, 16384, 16384, 16384], DCP=4, Hkv=2
================================================================================
Config: world_size=8, methods=['dcp_mega_varlen'], QH=32, KVH=2, D=128, TP=8, DCP=4, workload=chunk, execution=eager, baseline_phase_timing=False, warmup=40, iters=60, check=False
Workload: B=20, q_tokens=8448, history_tokens=327680, q_seqlens=[16, 16, 16, 16, 16, 16, 16, 16, 16, 16, 16, 16, 16, 16, 16, 16, 2048, 2048, 2048, 2048], history_seqlens=[16384, 16384, 16384, 16384, 16384, 16384, 16384, 16384, 16384, 16384, 16384, 16384, 16384, 16384, 16384, 16384, 16384, 16384, 16384, 16384]
Agg TFLOPS uses useful attention work across all TP ranks and p50(max_across_ranks); Avg/GPU divides it by world_size.
KV GB/s/GPU is average logical BF16 K+V bytes read per TP rank divided by p50(max_across_ranks); it is not hardware-counter HBM traffic.

Running B=20, q_tokens=8448, history_tokens=327680, causal=True

B=20, q_tokens=8448, history_tokens=327680, QH=32, KVH=2, D=128, TP=8, DCP=4, mode=causal
Method                   Time ms                                                                                                                                     Agg TFLOPS    Avg/GPU  KV GB/s/GPU      Check  Note
dcp_mega_varlen          t0=0.735, t1=0.745, t2=0.726, t3=0.738, t4=0.725, t5=0.730, t6=0.735, t7=0.732 | p50(max_across_ranks)=0.745, p90(max_across_ranks)=0.746       3230.6      403.8         62.1       skip  eager; output=bf16_ipc_a2a; runner_preallocated; timing=mega_kernel_only
Wrote benchmark JSON to /home/hychen/min_fa3_demo/benchmark_logs/experiment_suite/20260812-231044-dcp-cp-suite/02_dcp_uniform/results/mega/dcp_4/comm_sm_20/d16_c4_kv16k_dcp4_hkv2_eager.json

================================================================================
Mega comm_sm=20, case 46/64: d16_c4_kv32k_dcp4_hkv2: B=20, Sq=[16, 16, 16, 16, 16, 16, 16, 16, 16, 16, 16, 16, 16, 16, 16, 16, 2048, 2048, 2048, 2048], Sk=[32768, 32768, 32768, 32768, 32768, 32768, 32768, 32768, 32768, 32768, 32768, 32768, 32768, 32768, 32768, 32768, 32768, 32768, 32768, 32768], DCP=4, Hkv=2
================================================================================
Config: world_size=8, methods=['dcp_mega_varlen'], QH=32, KVH=2, D=128, TP=8, DCP=4, workload=chunk, execution=eager, baseline_phase_timing=False, warmup=40, iters=60, check=False
Workload: B=20, q_tokens=8448, history_tokens=655360, q_seqlens=[16, 16, 16, 16, 16, 16, 16, 16, 16, 16, 16, 16, 16, 16, 16, 16, 2048, 2048, 2048, 2048], history_seqlens=[32768, 32768, 32768, 32768, 32768, 32768, 32768, 32768, 32768, 32768, 32768, 32768, 32768, 32768, 32768, 32768, 32768, 32768, 32768, 32768]
Agg TFLOPS uses useful attention work across all TP ranks and p50(max_across_ranks); Avg/GPU divides it by world_size.
KV GB/s/GPU is average logical BF16 K+V bytes read per TP rank divided by p50(max_across_ranks); it is not hardware-counter HBM traffic.

Running B=20, q_tokens=8448, history_tokens=655360, causal=True

B=20, q_tokens=8448, history_tokens=655360, QH=32, KVH=2, D=128, TP=8, DCP=4, mode=causal
Method                   Time ms                                                                                                                                     Agg TFLOPS    Avg/GPU  KV GB/s/GPU      Check  Note
dcp_mega_varlen          t0=1.170, t1=1.159, t2=1.181, t3=1.145, t4=1.134, t5=1.156, t6=1.156, t7=1.154 | p50(max_across_ranks)=1.189, p90(max_across_ranks)=1.206       3931.8      491.5         74.2       skip  eager; output=bf16_ipc_a2a; runner_preallocated; timing=mega_kernel_only
Wrote benchmark JSON to /home/hychen/min_fa3_demo/benchmark_logs/experiment_suite/20260812-231044-dcp-cp-suite/02_dcp_uniform/results/mega/dcp_4/comm_sm_20/d16_c4_kv32k_dcp4_hkv2_eager.json

================================================================================
Mega comm_sm=20, case 47/64: d16_c4_kv64k_dcp4_hkv2: B=20, Sq=[16, 16, 16, 16, 16, 16, 16, 16, 16, 16, 16, 16, 16, 16, 16, 16, 2048, 2048, 2048, 2048], Sk=[65536, 65536, 65536, 65536, 65536, 65536, 65536, 65536, 65536, 65536, 65536, 65536, 65536, 65536, 65536, 65536, 65536, 65536, 65536, 65536], DCP=4, Hkv=2
================================================================================
Config: world_size=8, methods=['dcp_mega_varlen'], QH=32, KVH=2, D=128, TP=8, DCP=4, workload=chunk, execution=eager, baseline_phase_timing=False, warmup=40, iters=60, check=False
Workload: B=20, q_tokens=8448, history_tokens=1310720, q_seqlens=[16, 16, 16, 16, 16, 16, 16, 16, 16, 16, 16, 16, 16, 16, 16, 16, 2048, 2048, 2048, 2048], history_seqlens=[65536, 65536, 65536, 65536, 65536, 65536, 65536, 65536, 65536, 65536, 65536, 65536, 65536, 65536, 65536, 65536, 65536, 65536, 65536, 65536]
Agg TFLOPS uses useful attention work across all TP ranks and p50(max_across_ranks); Avg/GPU divides it by world_size.
KV GB/s/GPU is average logical BF16 K+V bytes read per TP rank divided by p50(max_across_ranks); it is not hardware-counter HBM traffic.

Running B=20, q_tokens=8448, history_tokens=1310720, causal=True

B=20, q_tokens=8448, history_tokens=1310720, QH=32, KVH=2, D=128, TP=8, DCP=4, mode=causal
Method                   Time ms                                                                                                                                     Agg TFLOPS    Avg/GPU  KV GB/s/GPU      Check  Note
dcp_mega_varlen          t0=2.100, t1=2.136, t2=2.144, t3=2.111, t4=2.029, t5=2.052, t6=2.075, t7=2.059 | p50(max_across_ranks)=2.158, p90(max_across_ranks)=2.177       4266.6      533.3         79.7       skip  eager; output=bf16_ipc_a2a; runner_preallocated; timing=mega_kernel_only
Wrote benchmark JSON to /home/hychen/min_fa3_demo/benchmark_logs/experiment_suite/20260812-231044-dcp-cp-suite/02_dcp_uniform/results/mega/dcp_4/comm_sm_20/d16_c4_kv64k_dcp4_hkv2_eager.json

================================================================================
Mega comm_sm=20, case 48/64: d16_c4_kv128k_dcp4_hkv2: B=20, Sq=[16, 16, 16, 16, 16, 16, 16, 16, 16, 16, 16, 16, 16, 16, 16, 16, 2048, 2048, 2048, 2048], Sk=[131072, 131072, 131072, 131072, 131072, 131072, 131072, 131072, 131072, 131072, 131072, 131072, 131072, 131072, 131072, 131072, 131072, 131072, 131072, 131072], DCP=4, Hkv=2
================================================================================
Config: world_size=8, methods=['dcp_mega_varlen'], QH=32, KVH=2, D=128, TP=8, DCP=4, workload=chunk, execution=eager, baseline_phase_timing=False, warmup=40, iters=60, check=False
Workload: B=20, q_tokens=8448, history_tokens=2621440, q_seqlens=[16, 16, 16, 16, 16, 16, 16, 16, 16, 16, 16, 16, 16, 16, 16, 16, 2048, 2048, 2048, 2048], history_seqlens=[131072, 131072, 131072, 131072, 131072, 131072, 131072, 131072, 131072, 131072, 131072, 131072, 131072, 131072, 131072, 131072, 131072, 131072, 131072, 131072]
Agg TFLOPS uses useful attention work across all TP ranks and p50(max_across_ranks); Avg/GPU divides it by world_size.
KV GB/s/GPU is average logical BF16 K+V bytes read per TP rank divided by p50(max_across_ranks); it is not hardware-counter HBM traffic.

Running B=20, q_tokens=8448, history_tokens=2621440, causal=True

B=20, q_tokens=8448, history_tokens=2621440, QH=32, KVH=2, D=128, TP=8, DCP=4, mode=causal
Method                   Time ms                                                                                                                                     Agg TFLOPS    Avg/GPU  KV GB/s/GPU      Check  Note
dcp_mega_varlen          t0=4.104, t1=4.081, t2=4.087, t3=4.106, t4=3.971, t5=3.972, t6=3.999, t7=4.012 | p50(max_across_ranks)=4.108, p90(max_across_ranks)=4.235       4449.4      556.2         82.7       skip  eager; output=bf16_ipc_a2a; runner_preallocated; timing=mega_kernel_only
Wrote benchmark JSON to /home/hychen/min_fa3_demo/benchmark_logs/experiment_suite/20260812-231044-dcp-cp-suite/02_dcp_uniform/results/mega/dcp_4/comm_sm_20/d16_c4_kv128k_dcp4_hkv2_eager.json

================================================================================
Mega comm_sm=20, case 49/64: d32_c0_kv16k_dcp4_hkv2: B=32, Sq=[16, 16, 16, 16, 16, 16, 16, 16, 16, 16, 16, 16, 16, 16, 16, 16, 16, 16, 16, 16, 16, 16, 16, 16, 16, 16, 16, 16, 16, 16, 16, 16], Sk=[16384, 16384, 16384, 16384, 16384, 16384, 16384, 16384, 16384, 16384, 16384, 16384, 16384, 16384, 16384, 16384, 16384, 16384, 16384, 16384, 16384, 16384, 16384, 16384, 16384, 16384, 16384, 16384, 16384, 16384, 16384, 16384], DCP=4, Hkv=2
================================================================================
Config: world_size=8, methods=['dcp_mega_varlen'], QH=32, KVH=2, D=128, TP=8, DCP=4, workload=chunk, execution=eager, baseline_phase_timing=False, warmup=40, iters=60, check=False
Workload: B=32, q_tokens=512, history_tokens=524288, q_seqlens=[16, 16, 16, 16, 16, 16, 16, 16, 16, 16, 16, 16, 16, 16, 16, 16, 16, 16, 16, 16, 16, 16, 16, 16, 16, 16, 16, 16, 16, 16, 16, 16], history_seqlens=[16384, 16384, 16384, 16384, 16384, 16384, 16384, 16384, 16384, 16384, 16384, 16384, 16384, 16384, 16384, 16384, 16384, 16384, 16384, 16384, 16384, 16384, 16384, 16384, 16384, 16384, 16384, 16384, 16384, 16384, 16384, 16384]
Agg TFLOPS uses useful attention work across all TP ranks and p50(max_across_ranks); Avg/GPU divides it by world_size.
KV GB/s/GPU is average logical BF16 K+V bytes read per TP rank divided by p50(max_across_ranks); it is not hardware-counter HBM traffic.

Running B=32, q_tokens=512, history_tokens=524288, causal=True

B=32, q_tokens=512, history_tokens=524288, QH=32, KVH=2, D=128, TP=8, DCP=4, mode=causal
Method                   Time ms                                                                                                                                     Agg TFLOPS    Avg/GPU  KV GB/s/GPU      Check  Note
dcp_mega_varlen          t0=0.098, t1=0.098, t2=0.098, t3=0.094, t4=0.097, t5=0.099, t6=0.096, t7=0.097 | p50(max_across_ranks)=0.099, p90(max_across_ranks)=0.101       1384.4      173.1        678.3       skip  eager; output=bf16_ipc_a2a; runner_preallocated; timing=mega_kernel_only
Wrote benchmark JSON to /home/hychen/min_fa3_demo/benchmark_logs/experiment_suite/20260812-231044-dcp-cp-suite/02_dcp_uniform/results/mega/dcp_4/comm_sm_20/d32_c0_kv16k_dcp4_hkv2_eager.json

================================================================================
Mega comm_sm=20, case 50/64: d32_c0_kv32k_dcp4_hkv2: B=32, Sq=[16, 16, 16, 16, 16, 16, 16, 16, 16, 16, 16, 16, 16, 16, 16, 16, 16, 16, 16, 16, 16, 16, 16, 16, 16, 16, 16, 16, 16, 16, 16, 16], Sk=[32768, 32768, 32768, 32768, 32768, 32768, 32768, 32768, 32768, 32768, 32768, 32768, 32768, 32768, 32768, 32768, 32768, 32768, 32768, 32768, 32768, 32768, 32768, 32768, 32768, 32768, 32768, 32768, 32768, 32768, 32768, 32768], DCP=4, Hkv=2
================================================================================
Config: world_size=8, methods=['dcp_mega_varlen'], QH=32, KVH=2, D=128, TP=8, DCP=4, workload=chunk, execution=eager, baseline_phase_timing=False, warmup=40, iters=60, check=False
Workload: B=32, q_tokens=512, history_tokens=1048576, q_seqlens=[16, 16, 16, 16, 16, 16, 16, 16, 16, 16, 16, 16, 16, 16, 16, 16, 16, 16, 16, 16, 16, 16, 16, 16, 16, 16, 16, 16, 16, 16, 16, 16], history_seqlens=[32768, 32768, 32768, 32768, 32768, 32768, 32768, 32768, 32768, 32768, 32768, 32768, 32768, 32768, 32768, 32768, 32768, 32768, 32768, 32768, 32768, 32768, 32768, 32768, 32768, 32768, 32768, 32768, 32768, 32768, 32768, 32768]
Agg TFLOPS uses useful attention work across all TP ranks and p50(max_across_ranks); Avg/GPU divides it by world_size.
KV GB/s/GPU is average logical BF16 K+V bytes read per TP rank divided by p50(max_across_ranks); it is not hardware-counter HBM traffic.

Running B=32, q_tokens=512, history_tokens=1048576, causal=True

B=32, q_tokens=512, history_tokens=1048576, QH=32, KVH=2, D=128, TP=8, DCP=4, mode=causal
Method                   Time ms                                                                                                                                     Agg TFLOPS    Avg/GPU  KV GB/s/GPU      Check  Note
dcp_mega_varlen          t0=0.142, t1=0.142, t2=0.142, t3=0.137, t4=0.141, t5=0.143, t6=0.140, t7=0.141 | p50(max_across_ranks)=0.143, p90(max_across_ranks)=0.144       1922.6      240.3        940.4       skip  eager; output=bf16_ipc_a2a; runner_preallocated; timing=mega_kernel_only
Wrote benchmark JSON to /home/hychen/min_fa3_demo/benchmark_logs/experiment_suite/20260812-231044-dcp-cp-suite/02_dcp_uniform/results/mega/dcp_4/comm_sm_20/d32_c0_kv32k_dcp4_hkv2_eager.json

================================================================================
Mega comm_sm=20, case 51/64: d32_c0_kv64k_dcp4_hkv2: B=32, Sq=[16, 16, 16, 16, 16, 16, 16, 16, 16, 16, 16, 16, 16, 16, 16, 16, 16, 16, 16, 16, 16, 16, 16, 16, 16, 16, 16, 16, 16, 16, 16, 16], Sk=[65536, 65536, 65536, 65536, 65536, 65536, 65536, 65536, 65536, 65536, 65536, 65536, 65536, 65536, 65536, 65536, 65536, 65536, 65536, 65536, 65536, 65536, 65536, 65536, 65536, 65536, 65536, 65536, 65536, 65536, 65536, 65536], DCP=4, Hkv=2
================================================================================
Config: world_size=8, methods=['dcp_mega_varlen'], QH=32, KVH=2, D=128, TP=8, DCP=4, workload=chunk, execution=eager, baseline_phase_timing=False, warmup=40, iters=60, check=False
Workload: B=32, q_tokens=512, history_tokens=2097152, q_seqlens=[16, 16, 16, 16, 16, 16, 16, 16, 16, 16, 16, 16, 16, 16, 16, 16, 16, 16, 16, 16, 16, 16, 16, 16, 16, 16, 16, 16, 16, 16, 16, 16], history_seqlens=[65536, 65536, 65536, 65536, 65536, 65536, 65536, 65536, 65536, 65536, 65536, 65536, 65536, 65536, 65536, 65536, 65536, 65536, 65536, 65536, 65536, 65536, 65536, 65536, 65536, 65536, 65536, 65536, 65536, 65536, 65536, 65536]
Agg TFLOPS uses useful attention work across all TP ranks and p50(max_across_ranks); Avg/GPU divides it by world_size.
KV GB/s/GPU is average logical BF16 K+V bytes read per TP rank divided by p50(max_across_ranks); it is not hardware-counter HBM traffic.

Running B=32, q_tokens=512, history_tokens=2097152, causal=True

B=32, q_tokens=512, history_tokens=2097152, QH=32, KVH=2, D=128, TP=8, DCP=4, mode=causal
Method                   Time ms                                                                                                                                     Agg TFLOPS    Avg/GPU  KV GB/s/GPU      Check  Note
dcp_mega_varlen          t0=0.209, t1=0.209, t2=0.209, t3=0.205, t4=0.208, t5=0.209, t6=0.207, t7=0.207 | p50(max_across_ranks)=0.210, p90(max_across_ranks)=0.213       2612.1      326.5       1276.5       skip  eager; output=bf16_ipc_a2a; runner_preallocated; timing=mega_kernel_only
Wrote benchmark JSON to /home/hychen/min_fa3_demo/benchmark_logs/experiment_suite/20260812-231044-dcp-cp-suite/02_dcp_uniform/results/mega/dcp_4/comm_sm_20/d32_c0_kv64k_dcp4_hkv2_eager.json

================================================================================
Mega comm_sm=20, case 52/64: d32_c0_kv128k_dcp4_hkv2: B=32, Sq=[16, 16, 16, 16, 16, 16, 16, 16, 16, 16, 16, 16, 16, 16, 16, 16, 16, 16, 16, 16, 16, 16, 16, 16, 16, 16, 16, 16, 16, 16, 16, 16], Sk=[131072, 131072, 131072, 131072, 131072, 131072, 131072, 131072, 131072, 131072, 131072, 131072, 131072, 131072, 131072, 131072, 131072, 131072, 131072, 131072, 131072, 131072, 131072, 131072, 131072, 131072, 131072, 131072, 131072, 131072, 131072, 131072], DCP=4, Hkv=2
================================================================================
Config: world_size=8, methods=['dcp_mega_varlen'], QH=32, KVH=2, D=128, TP=8, DCP=4, workload=chunk, execution=eager, baseline_phase_timing=False, warmup=40, iters=60, check=False
Workload: B=32, q_tokens=512, history_tokens=4194304, q_seqlens=[16, 16, 16, 16, 16, 16, 16, 16, 16, 16, 16, 16, 16, 16, 16, 16, 16, 16, 16, 16, 16, 16, 16, 16, 16, 16, 16, 16, 16, 16, 16, 16], history_seqlens=[131072, 131072, 131072, 131072, 131072, 131072, 131072, 131072, 131072, 131072, 131072, 131072, 131072, 131072, 131072, 131072, 131072, 131072, 131072, 131072, 131072, 131072, 131072, 131072, 131072, 131072, 131072, 131072, 131072, 131072, 131072, 131072]
Agg TFLOPS uses useful attention work across all TP ranks and p50(max_across_ranks); Avg/GPU divides it by world_size.
KV GB/s/GPU is average logical BF16 K+V bytes read per TP rank divided by p50(max_across_ranks); it is not hardware-counter HBM traffic.

Running B=32, q_tokens=512, history_tokens=4194304, causal=True

B=32, q_tokens=512, history_tokens=4194304, QH=32, KVH=2, D=128, TP=8, DCP=4, mode=causal
Method                   Time ms                                                                                                                                     Agg TFLOPS    Avg/GPU  KV GB/s/GPU      Check  Note
dcp_mega_varlen          t0=0.361, t1=0.361, t2=0.361, t3=0.356, t4=0.359, t5=0.361, t6=0.358, t7=0.357 | p50(max_across_ranks)=0.362, p90(max_across_ranks)=0.364       3037.7      379.7       1483.9       skip  eager; output=bf16_ipc_a2a; runner_preallocated; timing=mega_kernel_only
Wrote benchmark JSON to /home/hychen/min_fa3_demo/benchmark_logs/experiment_suite/20260812-231044-dcp-cp-suite/02_dcp_uniform/results/mega/dcp_4/comm_sm_20/d32_c0_kv128k_dcp4_hkv2_eager.json

================================================================================
Mega comm_sm=20, case 53/64: d32_c1_kv16k_dcp4_hkv2: B=33, Sq=[16, 16, 16, 16, 16, 16, 16, 16, 16, 16, 16, 16, 16, 16, 16, 16, 16, 16, 16, 16, 16, 16, 16, 16, 16, 16, 16, 16, 16, 16, 16, 16, 2048], Sk=[16384, 16384, 16384, 16384, 16384, 16384, 16384, 16384, 16384, 16384, 16384, 16384, 16384, 16384, 16384, 16384, 16384, 16384, 16384, 16384, 16384, 16384, 16384, 16384, 16384, 16384, 16384, 16384, 16384, 16384, 16384, 16384, 16384], DCP=4, Hkv=2
================================================================================
Config: world_size=8, methods=['dcp_mega_varlen'], QH=32, KVH=2, D=128, TP=8, DCP=4, workload=chunk, execution=eager, baseline_phase_timing=False, warmup=40, iters=60, check=False
Workload: B=33, q_tokens=2560, history_tokens=540672, q_seqlens=[16, 16, 16, 16, 16, 16, 16, 16, 16, 16, 16, 16, 16, 16, 16, 16, 16, 16, 16, 16, 16, 16, 16, 16, 16, 16, 16, 16, 16, 16, 16, 16, 2048], history_seqlens=[16384, 16384, 16384, 16384, 16384, 16384, 16384, 16384, 16384, 16384, 16384, 16384, 16384, 16384, 16384, 16384, 16384, 16384, 16384, 16384, 16384, 16384, 16384, 16384, 16384, 16384, 16384, 16384, 16384, 16384, 16384, 16384, 16384]
Agg TFLOPS uses useful attention work across all TP ranks and p50(max_across_ranks); Avg/GPU divides it by world_size.
KV GB/s/GPU is average logical BF16 K+V bytes read per TP rank divided by p50(max_across_ranks); it is not hardware-counter HBM traffic.

Running B=33, q_tokens=2560, history_tokens=540672, causal=True

B=33, q_tokens=2560, history_tokens=540672, QH=32, KVH=2, D=128, TP=8, DCP=4, mode=causal
Method                   Time ms                                                                                                                                     Agg TFLOPS    Avg/GPU  KV GB/s/GPU      Check  Note
dcp_mega_varlen          t0=0.246, t1=0.245, t2=0.243, t3=0.241, t4=0.241, t5=0.243, t6=0.241, t7=0.243 | p50(max_across_ranks)=0.247, p90(max_across_ranks)=0.249       2925.5      365.7        285.9       skip  eager; output=bf16_ipc_a2a; runner_preallocated; timing=mega_kernel_only
Wrote benchmark JSON to /home/hychen/min_fa3_demo/benchmark_logs/experiment_suite/20260812-231044-dcp-cp-suite/02_dcp_uniform/results/mega/dcp_4/comm_sm_20/d32_c1_kv16k_dcp4_hkv2_eager.json

================================================================================
Mega comm_sm=20, case 54/64: d32_c1_kv32k_dcp4_hkv2: B=33, Sq=[16, 16, 16, 16, 16, 16, 16, 16, 16, 16, 16, 16, 16, 16, 16, 16, 16, 16, 16, 16, 16, 16, 16, 16, 16, 16, 16, 16, 16, 16, 16, 16, 2048], Sk=[32768, 32768, 32768, 32768, 32768, 32768, 32768, 32768, 32768, 32768, 32768, 32768, 32768, 32768, 32768, 32768, 32768, 32768, 32768, 32768, 32768, 32768, 32768, 32768, 32768, 32768, 32768, 32768, 32768, 32768, 32768, 32768, 32768], DCP=4, Hkv=2
================================================================================
Config: world_size=8, methods=['dcp_mega_varlen'], QH=32, KVH=2, D=128, TP=8, DCP=4, workload=chunk, execution=eager, baseline_phase_timing=False, warmup=40, iters=60, check=False
Workload: B=33, q_tokens=2560, history_tokens=1081344, q_seqlens=[16, 16, 16, 16, 16, 16, 16, 16, 16, 16, 16, 16, 16, 16, 16, 16, 16, 16, 16, 16, 16, 16, 16, 16, 16, 16, 16, 16, 16, 16, 16, 16, 2048], history_seqlens=[32768, 32768, 32768, 32768, 32768, 32768, 32768, 32768, 32768, 32768, 32768, 32768, 32768, 32768, 32768, 32768, 32768, 32768, 32768, 32768, 32768, 32768, 32768, 32768, 32768, 32768, 32768, 32768, 32768, 32768, 32768, 32768, 32768]
Agg TFLOPS uses useful attention work across all TP ranks and p50(max_across_ranks); Avg/GPU divides it by world_size.
KV GB/s/GPU is average logical BF16 K+V bytes read per TP rank divided by p50(max_across_ranks); it is not hardware-counter HBM traffic.

Running B=33, q_tokens=2560, history_tokens=1081344, causal=True

B=33, q_tokens=2560, history_tokens=1081344, QH=32, KVH=2, D=128, TP=8, DCP=4, mode=causal
Method                   Time ms                                                                                                                                     Agg TFLOPS    Avg/GPU  KV GB/s/GPU      Check  Note
dcp_mega_varlen          t0=0.365, t1=0.365, t2=0.364, t3=0.361, t4=0.363, t5=0.364, t6=0.362, t7=0.363 | p50(max_across_ranks)=0.366, p90(max_across_ranks)=0.368       3848.3      481.0        381.7       skip  eager; output=bf16_ipc_a2a; runner_preallocated; timing=mega_kernel_only
Wrote benchmark JSON to /home/hychen/min_fa3_demo/benchmark_logs/experiment_suite/20260812-231044-dcp-cp-suite/02_dcp_uniform/results/mega/dcp_4/comm_sm_20/d32_c1_kv32k_dcp4_hkv2_eager.json

================================================================================
Mega comm_sm=20, case 55/64: d32_c1_kv64k_dcp4_hkv2: B=33, Sq=[16, 16, 16, 16, 16, 16, 16, 16, 16, 16, 16, 16, 16, 16, 16, 16, 16, 16, 16, 16, 16, 16, 16, 16, 16, 16, 16, 16, 16, 16, 16, 16, 2048], Sk=[65536, 65536, 65536, 65536, 65536, 65536, 65536, 65536, 65536, 65536, 65536, 65536, 65536, 65536, 65536, 65536, 65536, 65536, 65536, 65536, 65536, 65536, 65536, 65536, 65536, 65536, 65536, 65536, 65536, 65536, 65536, 65536, 65536], DCP=4, Hkv=2
================================================================================
Config: world_size=8, methods=['dcp_mega_varlen'], QH=32, KVH=2, D=128, TP=8, DCP=4, workload=chunk, execution=eager, baseline_phase_timing=False, warmup=40, iters=60, check=False
Workload: B=33, q_tokens=2560, history_tokens=2162688, q_seqlens=[16, 16, 16, 16, 16, 16, 16, 16, 16, 16, 16, 16, 16, 16, 16, 16, 16, 16, 16, 16, 16, 16, 16, 16, 16, 16, 16, 16, 16, 16, 16, 16, 2048], history_seqlens=[65536, 65536, 65536, 65536, 65536, 65536, 65536, 65536, 65536, 65536, 65536, 65536, 65536, 65536, 65536, 65536, 65536, 65536, 65536, 65536, 65536, 65536, 65536, 65536, 65536, 65536, 65536, 65536, 65536, 65536, 65536, 65536, 65536]
Agg TFLOPS uses useful attention work across all TP ranks and p50(max_across_ranks); Avg/GPU divides it by world_size.
KV GB/s/GPU is average logical BF16 K+V bytes read per TP rank divided by p50(max_across_ranks); it is not hardware-counter HBM traffic.

Running B=33, q_tokens=2560, history_tokens=2162688, causal=True

B=33, q_tokens=2560, history_tokens=2162688, QH=32, KVH=2, D=128, TP=8, DCP=4, mode=causal
Method                   Time ms                                                                                                                                     Agg TFLOPS    Avg/GPU  KV GB/s/GPU      Check  Note
dcp_mega_varlen          t0=0.641, t1=0.641, t2=0.630, t3=0.638, t4=0.619, t5=0.621, t6=0.619, t7=0.621 | p50(max_across_ranks)=0.647, p90(max_across_ranks)=0.666       4300.2      537.5        429.7       skip  eager; output=bf16_ipc_a2a; runner_preallocated; timing=mega_kernel_only
Wrote benchmark JSON to /home/hychen/min_fa3_demo/benchmark_logs/experiment_suite/20260812-231044-dcp-cp-suite/02_dcp_uniform/results/mega/dcp_4/comm_sm_20/d32_c1_kv64k_dcp4_hkv2_eager.json

================================================================================
Mega comm_sm=20, case 56/64: d32_c1_kv128k_dcp4_hkv2: B=33, Sq=[16, 16, 16, 16, 16, 16, 16, 16, 16, 16, 16, 16, 16, 16, 16, 16, 16, 16, 16, 16, 16, 16, 16, 16, 16, 16, 16, 16, 16, 16, 16, 16, 2048], Sk=[131072, 131072, 131072, 131072, 131072, 131072, 131072, 131072, 131072, 131072, 131072, 131072, 131072, 131072, 131072, 131072, 131072, 131072, 131072, 131072, 131072, 131072, 131072, 131072, 131072, 131072, 131072, 131072, 131072, 131072, 131072, 131072, 131072], DCP=4, Hkv=2
================================================================================
Config: world_size=8, methods=['dcp_mega_varlen'], QH=32, KVH=2, D=128, TP=8, DCP=4, workload=chunk, execution=eager, baseline_phase_timing=False, warmup=40, iters=60, check=False
Workload: B=33, q_tokens=2560, history_tokens=4325376, q_seqlens=[16, 16, 16, 16, 16, 16, 16, 16, 16, 16, 16, 16, 16, 16, 16, 16, 16, 16, 16, 16, 16, 16, 16, 16, 16, 16, 16, 16, 16, 16, 16, 16, 2048], history_seqlens=[131072, 131072, 131072, 131072, 131072, 131072, 131072, 131072, 131072, 131072, 131072, 131072, 131072, 131072, 131072, 131072, 131072, 131072, 131072, 131072, 131072, 131072, 131072, 131072, 131072, 131072, 131072, 131072, 131072, 131072, 131072, 131072, 131072]
Agg TFLOPS uses useful attention work across all TP ranks and p50(max_across_ranks); Avg/GPU divides it by world_size.
KV GB/s/GPU is average logical BF16 K+V bytes read per TP rank divided by p50(max_across_ranks); it is not hardware-counter HBM traffic.

Running B=33, q_tokens=2560, history_tokens=4325376, causal=True

B=33, q_tokens=2560, history_tokens=4325376, QH=32, KVH=2, D=128, TP=8, DCP=4, mode=causal
Method                   Time ms                                                                                                                                     Agg TFLOPS    Avg/GPU  KV GB/s/GPU      Check  Note
dcp_mega_varlen          t0=1.264, t1=1.264, t2=1.263, t3=1.253, t4=1.243, t5=1.252, t6=1.249, t7=1.251 | p50(max_across_ranks)=1.265, p90(max_across_ranks)=1.271       4373.5      546.7        438.7       skip  eager; output=bf16_ipc_a2a; runner_preallocated; timing=mega_kernel_only
Wrote benchmark JSON to /home/hychen/min_fa3_demo/benchmark_logs/experiment_suite/20260812-231044-dcp-cp-suite/02_dcp_uniform/results/mega/dcp_4/comm_sm_20/d32_c1_kv128k_dcp4_hkv2_eager.json

================================================================================
Mega comm_sm=20, case 57/64: d32_c2_kv16k_dcp4_hkv2: B=34, Sq=[16, 16, 16, 16, 16, 16, 16, 16, 16, 16, 16, 16, 16, 16, 16, 16, 16, 16, 16, 16, 16, 16, 16, 16, 16, 16, 16, 16, 16, 16, 16, 16, 2048, 2048], Sk=[16384, 16384, 16384, 16384, 16384, 16384, 16384, 16384, 16384, 16384, 16384, 16384, 16384, 16384, 16384, 16384, 16384, 16384, 16384, 16384, 16384, 16384, 16384, 16384, 16384, 16384, 16384, 16384, 16384, 16384, 16384, 16384, 16384, 16384], DCP=4, Hkv=2
================================================================================
Config: world_size=8, methods=['dcp_mega_varlen'], QH=32, KVH=2, D=128, TP=8, DCP=4, workload=chunk, execution=eager, baseline_phase_timing=False, warmup=40, iters=60, check=False
Workload: B=34, q_tokens=4608, history_tokens=557056, q_seqlens=[16, 16, 16, 16, 16, 16, 16, 16, 16, 16, 16, 16, 16, 16, 16, 16, 16, 16, 16, 16, 16, 16, 16, 16, 16, 16, 16, 16, 16, 16, 16, 16, 2048, 2048], history_seqlens=[16384, 16384, 16384, 16384, 16384, 16384, 16384, 16384, 16384, 16384, 16384, 16384, 16384, 16384, 16384, 16384, 16384, 16384, 16384, 16384, 16384, 16384, 16384, 16384, 16384, 16384, 16384, 16384, 16384, 16384, 16384, 16384, 16384, 16384]
Agg TFLOPS uses useful attention work across all TP ranks and p50(max_across_ranks); Avg/GPU divides it by world_size.
KV GB/s/GPU is average logical BF16 K+V bytes read per TP rank divided by p50(max_across_ranks); it is not hardware-counter HBM traffic.

Running B=34, q_tokens=4608, history_tokens=557056, causal=True

B=34, q_tokens=4608, history_tokens=557056, QH=32, KVH=2, D=128, TP=8, DCP=4, mode=causal
Method                   Time ms                                                                                                                                     Agg TFLOPS    Avg/GPU  KV GB/s/GPU      Check  Note
dcp_mega_varlen          t0=0.404, t1=0.404, t2=0.400, t3=0.409, t4=0.407, t5=0.407, t6=0.404, t7=0.405 | p50(max_across_ranks)=0.409, p90(max_across_ranks)=0.412       3195.4      399.4        180.3       skip  eager; output=bf16_ipc_a2a; runner_preallocated; timing=mega_kernel_only
Wrote benchmark JSON to /home/hychen/min_fa3_demo/benchmark_logs/experiment_suite/20260812-231044-dcp-cp-suite/02_dcp_uniform/results/mega/dcp_4/comm_sm_20/d32_c2_kv16k_dcp4_hkv2_eager.json

================================================================================
Mega comm_sm=20, case 58/64: d32_c2_kv32k_dcp4_hkv2: B=34, Sq=[16, 16, 16, 16, 16, 16, 16, 16, 16, 16, 16, 16, 16, 16, 16, 16, 16, 16, 16, 16, 16, 16, 16, 16, 16, 16, 16, 16, 16, 16, 16, 16, 2048, 2048], Sk=[32768, 32768, 32768, 32768, 32768, 32768, 32768, 32768, 32768, 32768, 32768, 32768, 32768, 32768, 32768, 32768, 32768, 32768, 32768, 32768, 32768, 32768, 32768, 32768, 32768, 32768, 32768, 32768, 32768, 32768, 32768, 32768, 32768, 32768], DCP=4, Hkv=2
================================================================================
Config: world_size=8, methods=['dcp_mega_varlen'], QH=32, KVH=2, D=128, TP=8, DCP=4, workload=chunk, execution=eager, baseline_phase_timing=False, warmup=40, iters=60, check=False
Workload: B=34, q_tokens=4608, history_tokens=1114112, q_seqlens=[16, 16, 16, 16, 16, 16, 16, 16, 16, 16, 16, 16, 16, 16, 16, 16, 16, 16, 16, 16, 16, 16, 16, 16, 16, 16, 16, 16, 16, 16, 16, 16, 2048, 2048], history_seqlens=[32768, 32768, 32768, 32768, 32768, 32768, 32768, 32768, 32768, 32768, 32768, 32768, 32768, 32768, 32768, 32768, 32768, 32768, 32768, 32768, 32768, 32768, 32768, 32768, 32768, 32768, 32768, 32768, 32768, 32768, 32768, 32768, 32768, 32768]
Agg TFLOPS uses useful attention work across all TP ranks and p50(max_across_ranks); Avg/GPU divides it by world_size.
KV GB/s/GPU is average logical BF16 K+V bytes read per TP rank divided by p50(max_across_ranks); it is not hardware-counter HBM traffic.

Running B=34, q_tokens=4608, history_tokens=1114112, causal=True

B=34, q_tokens=4608, history_tokens=1114112, QH=32, KVH=2, D=128, TP=8, DCP=4, mode=causal
Method                   Time ms                                                                                                                                     Agg TFLOPS    Avg/GPU  KV GB/s/GPU      Check  Note
dcp_mega_varlen          t0=0.699, t1=0.699, t2=0.709, t3=0.698, t4=0.630, t5=0.630, t6=0.637, t7=0.636 | p50(max_across_ranks)=0.709, p90(max_across_ranks)=0.713       3585.3      448.2        204.4       skip  eager; output=bf16_ipc_a2a; runner_preallocated; timing=mega_kernel_only
Wrote benchmark JSON to /home/hychen/min_fa3_demo/benchmark_logs/experiment_suite/20260812-231044-dcp-cp-suite/02_dcp_uniform/results/mega/dcp_4/comm_sm_20/d32_c2_kv32k_dcp4_hkv2_eager.json

================================================================================
Mega comm_sm=20, case 59/64: d32_c2_kv64k_dcp4_hkv2: B=34, Sq=[16, 16, 16, 16, 16, 16, 16, 16, 16, 16, 16, 16, 16, 16, 16, 16, 16, 16, 16, 16, 16, 16, 16, 16, 16, 16, 16, 16, 16, 16, 16, 16, 2048, 2048], Sk=[65536, 65536, 65536, 65536, 65536, 65536, 65536, 65536, 65536, 65536, 65536, 65536, 65536, 65536, 65536, 65536, 65536, 65536, 65536, 65536, 65536, 65536, 65536, 65536, 65536, 65536, 65536, 65536, 65536, 65536, 65536, 65536, 65536, 65536], DCP=4, Hkv=2
================================================================================
Config: world_size=8, methods=['dcp_mega_varlen'], QH=32, KVH=2, D=128, TP=8, DCP=4, workload=chunk, execution=eager, baseline_phase_timing=False, warmup=40, iters=60, check=False
Workload: B=34, q_tokens=4608, history_tokens=2228224, q_seqlens=[16, 16, 16, 16, 16, 16, 16, 16, 16, 16, 16, 16, 16, 16, 16, 16, 16, 16, 16, 16, 16, 16, 16, 16, 16, 16, 16, 16, 16, 16, 16, 16, 2048, 2048], history_seqlens=[65536, 65536, 65536, 65536, 65536, 65536, 65536, 65536, 65536, 65536, 65536, 65536, 65536, 65536, 65536, 65536, 65536, 65536, 65536, 65536, 65536, 65536, 65536, 65536, 65536, 65536, 65536, 65536, 65536, 65536, 65536, 65536, 65536, 65536]
Agg TFLOPS uses useful attention work across all TP ranks and p50(max_across_ranks); Avg/GPU divides it by world_size.
KV GB/s/GPU is average logical BF16 K+V bytes read per TP rank divided by p50(max_across_ranks); it is not hardware-counter HBM traffic.

Running B=34, q_tokens=4608, history_tokens=2228224, causal=True

B=34, q_tokens=4608, history_tokens=2228224, QH=32, KVH=2, D=128, TP=8, DCP=4, mode=causal
Method                   Time ms                                                                                                                                     Agg TFLOPS    Avg/GPU  KV GB/s/GPU      Check  Note
dcp_mega_varlen          t0=1.199, t1=1.194, t2=1.197, t3=1.196, t4=1.242, t5=1.242, t6=1.240, t7=1.230 | p50(max_across_ranks)=1.244, p90(max_across_ranks)=1.248       4033.8      504.2        231.2       skip  eager; output=bf16_ipc_a2a; runner_preallocated; timing=mega_kernel_only
Wrote benchmark JSON to /home/hychen/min_fa3_demo/benchmark_logs/experiment_suite/20260812-231044-dcp-cp-suite/02_dcp_uniform/results/mega/dcp_4/comm_sm_20/d32_c2_kv64k_dcp4_hkv2_eager.json

================================================================================
Mega comm_sm=20, case 60/64: d32_c2_kv128k_dcp4_hkv2: B=34, Sq=[16, 16, 16, 16, 16, 16, 16, 16, 16, 16, 16, 16, 16, 16, 16, 16, 16, 16, 16, 16, 16, 16, 16, 16, 16, 16, 16, 16, 16, 16, 16, 16, 2048, 2048], Sk=[131072, 131072, 131072, 131072, 131072, 131072, 131072, 131072, 131072, 131072, 131072, 131072, 131072, 131072, 131072, 131072, 131072, 131072, 131072, 131072, 131072, 131072, 131072, 131072, 131072, 131072, 131072, 131072, 131072, 131072, 131072, 131072, 131072, 131072], DCP=4, Hkv=2
================================================================================
Config: world_size=8, methods=['dcp_mega_varlen'], QH=32, KVH=2, D=128, TP=8, DCP=4, workload=chunk, execution=eager, baseline_phase_timing=False, warmup=40, iters=60, check=False
Workload: B=34, q_tokens=4608, history_tokens=4456448, q_seqlens=[16, 16, 16, 16, 16, 16, 16, 16, 16, 16, 16, 16, 16, 16, 16, 16, 16, 16, 16, 16, 16, 16, 16, 16, 16, 16, 16, 16, 16, 16, 16, 16, 2048, 2048], history_seqlens=[131072, 131072, 131072, 131072, 131072, 131072, 131072, 131072, 131072, 131072, 131072, 131072, 131072, 131072, 131072, 131072, 131072, 131072, 131072, 131072, 131072, 131072, 131072, 131072, 131072, 131072, 131072, 131072, 131072, 131072, 131072, 131072, 131072, 131072]
Agg TFLOPS uses useful attention work across all TP ranks and p50(max_across_ranks); Avg/GPU divides it by world_size.
KV GB/s/GPU is average logical BF16 K+V bytes read per TP rank divided by p50(max_across_ranks); it is not hardware-counter HBM traffic.

Running B=34, q_tokens=4608, history_tokens=4456448, causal=True

B=34, q_tokens=4608, history_tokens=4456448, QH=32, KVH=2, D=128, TP=8, DCP=4, mode=causal
Method                   Time ms                                                                                                                                     Agg TFLOPS    Avg/GPU  KV GB/s/GPU      Check  Note
dcp_mega_varlen          t0=2.372, t1=2.362, t2=2.370, t3=2.369, t4=2.301, t5=2.302, t6=2.300, t7=2.288 | p50(max_across_ranks)=2.373, p90(max_across_ranks)=2.408       4198.3      524.8        241.3       skip  eager; output=bf16_ipc_a2a; runner_preallocated; timing=mega_kernel_only
Wrote benchmark JSON to /home/hychen/min_fa3_demo/benchmark_logs/experiment_suite/20260812-231044-dcp-cp-suite/02_dcp_uniform/results/mega/dcp_4/comm_sm_20/d32_c2_kv128k_dcp4_hkv2_eager.json

================================================================================
Mega comm_sm=20, case 61/64: d32_c4_kv16k_dcp4_hkv2: B=36, Sq=[16, 16, 16, 16, 16, 16, 16, 16, 16, 16, 16, 16, 16, 16, 16, 16, 16, 16, 16, 16, 16, 16, 16, 16, 16, 16, 16, 16, 16, 16, 16, 16, 2048, 2048, 2048, 2048], Sk=[16384, 16384, 16384, 16384, 16384, 16384, 16384, 16384, 16384, 16384, 16384, 16384, 16384, 16384, 16384, 16384, 16384, 16384, 16384, 16384, 16384, 16384, 16384, 16384, 16384, 16384, 16384, 16384, 16384, 16384, 16384, 16384, 16384, 16384, 16384, 16384], DCP=4, Hkv=2
================================================================================
Config: world_size=8, methods=['dcp_mega_varlen'], QH=32, KVH=2, D=128, TP=8, DCP=4, workload=chunk, execution=eager, baseline_phase_timing=False, warmup=40, iters=60, check=False
Workload: B=36, q_tokens=8704, history_tokens=589824, q_seqlens=[16, 16, 16, 16, 16, 16, 16, 16, 16, 16, 16, 16, 16, 16, 16, 16, 16, 16, 16, 16, 16, 16, 16, 16, 16, 16, 16, 16, 16, 16, 16, 16, 2048, 2048, 2048, 2048], history_seqlens=[16384, 16384, 16384, 16384, 16384, 16384, 16384, 16384, 16384, 16384, 16384, 16384, 16384, 16384, 16384, 16384, 16384, 16384, 16384, 16384, 16384, 16384, 16384, 16384, 16384, 16384, 16384, 16384, 16384, 16384, 16384, 16384, 16384, 16384, 16384, 16384]
Agg TFLOPS uses useful attention work across all TP ranks and p50(max_across_ranks); Avg/GPU divides it by world_size.
KV GB/s/GPU is average logical BF16 K+V bytes read per TP rank divided by p50(max_across_ranks); it is not hardware-counter HBM traffic.

Running B=36, q_tokens=8704, history_tokens=589824, causal=True

B=36, q_tokens=8704, history_tokens=589824, QH=32, KVH=2, D=128, TP=8, DCP=4, mode=causal
Method                   Time ms                                                                                                                                     Agg TFLOPS    Avg/GPU  KV GB/s/GPU      Check  Note
dcp_mega_varlen          t0=0.751, t1=0.754, t2=0.789, t3=0.817, t4=0.773, t5=0.753, t6=0.781, t7=0.758 | p50(max_across_ranks)=0.818, p90(max_across_ranks)=0.824       3025.6      378.2         97.8       skip  eager; output=bf16_ipc_a2a; runner_preallocated; timing=mega_kernel_only
Wrote benchmark JSON to /home/hychen/min_fa3_demo/benchmark_logs/experiment_suite/20260812-231044-dcp-cp-suite/02_dcp_uniform/results/mega/dcp_4/comm_sm_20/d32_c4_kv16k_dcp4_hkv2_eager.json

================================================================================
Mega comm_sm=20, case 62/64: d32_c4_kv32k_dcp4_hkv2: B=36, Sq=[16, 16, 16, 16, 16, 16, 16, 16, 16, 16, 16, 16, 16, 16, 16, 16, 16, 16, 16, 16, 16, 16, 16, 16, 16, 16, 16, 16, 16, 16, 16, 16, 2048, 2048, 2048, 2048], Sk=[32768, 32768, 32768, 32768, 32768, 32768, 32768, 32768, 32768, 32768, 32768, 32768, 32768, 32768, 32768, 32768, 32768, 32768, 32768, 32768, 32768, 32768, 32768, 32768, 32768, 32768, 32768, 32768, 32768, 32768, 32768, 32768, 32768, 32768, 32768, 32768], DCP=4, Hkv=2
================================================================================
Config: world_size=8, methods=['dcp_mega_varlen'], QH=32, KVH=2, D=128, TP=8, DCP=4, workload=chunk, execution=eager, baseline_phase_timing=False, warmup=40, iters=60, check=False
Workload: B=36, q_tokens=8704, history_tokens=1179648, q_seqlens=[16, 16, 16, 16, 16, 16, 16, 16, 16, 16, 16, 16, 16, 16, 16, 16, 16, 16, 16, 16, 16, 16, 16, 16, 16, 16, 16, 16, 16, 16, 16, 16, 2048, 2048, 2048, 2048], history_seqlens=[32768, 32768, 32768, 32768, 32768, 32768, 32768, 32768, 32768, 32768, 32768, 32768, 32768, 32768, 32768, 32768, 32768, 32768, 32768, 32768, 32768, 32768, 32768, 32768, 32768, 32768, 32768, 32768, 32768, 32768, 32768, 32768, 32768, 32768, 32768, 32768]
Agg TFLOPS uses useful attention work across all TP ranks and p50(max_across_ranks); Avg/GPU divides it by world_size.
KV GB/s/GPU is average logical BF16 K+V bytes read per TP rank divided by p50(max_across_ranks); it is not hardware-counter HBM traffic.

Running B=36, q_tokens=8704, history_tokens=1179648, causal=True

B=36, q_tokens=8704, history_tokens=1179648, QH=32, KVH=2, D=128, TP=8, DCP=4, mode=causal
Method                   Time ms                                                                                                                                     Agg TFLOPS    Avg/GPU  KV GB/s/GPU      Check  Note
dcp_mega_varlen          t0=1.176, t1=1.242, t2=1.218, t3=1.225, t4=1.167, t5=1.175, t6=1.171, t7=1.184 | p50(max_across_ranks)=1.242, p90(max_across_ranks)=1.247       3873.6      484.2        125.2       skip  eager; output=bf16_ipc_a2a; runner_preallocated; timing=mega_kernel_only
Wrote benchmark JSON to /home/hychen/min_fa3_demo/benchmark_logs/experiment_suite/20260812-231044-dcp-cp-suite/02_dcp_uniform/results/mega/dcp_4/comm_sm_20/d32_c4_kv32k_dcp4_hkv2_eager.json

================================================================================
Mega comm_sm=20, case 63/64: d32_c4_kv64k_dcp4_hkv2: B=36, Sq=[16, 16, 16, 16, 16, 16, 16, 16, 16, 16, 16, 16, 16, 16, 16, 16, 16, 16, 16, 16, 16, 16, 16, 16, 16, 16, 16, 16, 16, 16, 16, 16, 2048, 2048, 2048, 2048], Sk=[65536, 65536, 65536, 65536, 65536, 65536, 65536, 65536, 65536, 65536, 65536, 65536, 65536, 65536, 65536, 65536, 65536, 65536, 65536, 65536, 65536, 65536, 65536, 65536, 65536, 65536, 65536, 65536, 65536, 65536, 65536, 65536, 65536, 65536, 65536, 65536], DCP=4, Hkv=2
================================================================================
Config: world_size=8, methods=['dcp_mega_varlen'], QH=32, KVH=2, D=128, TP=8, DCP=4, workload=chunk, execution=eager, baseline_phase_timing=False, warmup=40, iters=60, check=False
Workload: B=36, q_tokens=8704, history_tokens=2359296, q_seqlens=[16, 16, 16, 16, 16, 16, 16, 16, 16, 16, 16, 16, 16, 16, 16, 16, 16, 16, 16, 16, 16, 16, 16, 16, 16, 16, 16, 16, 16, 16, 16, 16, 2048, 2048, 2048, 2048], history_seqlens=[65536, 65536, 65536, 65536, 65536, 65536, 65536, 65536, 65536, 65536, 65536, 65536, 65536, 65536, 65536, 65536, 65536, 65536, 65536, 65536, 65536, 65536, 65536, 65536, 65536, 65536, 65536, 65536, 65536, 65536, 65536, 65536, 65536, 65536, 65536, 65536]
Agg TFLOPS uses useful attention work across all TP ranks and p50(max_across_ranks); Avg/GPU divides it by world_size.
KV GB/s/GPU is average logical BF16 K+V bytes read per TP rank divided by p50(max_across_ranks); it is not hardware-counter HBM traffic.

Running B=36, q_tokens=8704, history_tokens=2359296, causal=True

B=36, q_tokens=8704, history_tokens=2359296, QH=32, KVH=2, D=128, TP=8, DCP=4, mode=causal
Method                   Time ms                                                                                                                                     Agg TFLOPS    Avg/GPU  KV GB/s/GPU      Check  Note
dcp_mega_varlen          t0=2.168, t1=2.236, t2=2.202, t3=2.213, t4=2.088, t5=2.105, t6=2.113, t7=2.158 | p50(max_across_ranks)=2.236, p90(max_across_ranks)=2.293       4241.0      530.1        137.0       skip  eager; output=bf16_ipc_a2a; runner_preallocated; timing=mega_kernel_only
Wrote benchmark JSON to /home/hychen/min_fa3_demo/benchmark_logs/experiment_suite/20260812-231044-dcp-cp-suite/02_dcp_uniform/results/mega/dcp_4/comm_sm_20/d32_c4_kv64k_dcp4_hkv2_eager.json

================================================================================
Mega comm_sm=20, case 64/64: d32_c4_kv128k_dcp4_hkv2: B=36, Sq=[16, 16, 16, 16, 16, 16, 16, 16, 16, 16, 16, 16, 16, 16, 16, 16, 16, 16, 16, 16, 16, 16, 16, 16, 16, 16, 16, 16, 16, 16, 16, 16, 2048, 2048, 2048, 2048], Sk=[131072, 131072, 131072, 131072, 131072, 131072, 131072, 131072, 131072, 131072, 131072, 131072, 131072, 131072, 131072, 131072, 131072, 131072, 131072, 131072, 131072, 131072, 131072, 131072, 131072, 131072, 131072, 131072, 131072, 131072, 131072, 131072, 131072, 131072, 131072, 131072], DCP=4, Hkv=2
================================================================================
Config: world_size=8, methods=['dcp_mega_varlen'], QH=32, KVH=2, D=128, TP=8, DCP=4, workload=chunk, execution=eager, baseline_phase_timing=False, warmup=40, iters=60, check=False
Workload: B=36, q_tokens=8704, history_tokens=4718592, q_seqlens=[16, 16, 16, 16, 16, 16, 16, 16, 16, 16, 16, 16, 16, 16, 16, 16, 16, 16, 16, 16, 16, 16, 16, 16, 16, 16, 16, 16, 16, 16, 16, 16, 2048, 2048, 2048, 2048], history_seqlens=[131072, 131072, 131072, 131072, 131072, 131072, 131072, 131072, 131072, 131072, 131072, 131072, 131072, 131072, 131072, 131072, 131072, 131072, 131072, 131072, 131072, 131072, 131072, 131072, 131072, 131072, 131072, 131072, 131072, 131072, 131072, 131072, 131072, 131072, 131072, 131072]
Agg TFLOPS uses useful attention work across all TP ranks and p50(max_across_ranks); Avg/GPU divides it by world_size.
KV GB/s/GPU is average logical BF16 K+V bytes read per TP rank divided by p50(max_across_ranks); it is not hardware-counter HBM traffic.

Running B=36, q_tokens=8704, history_tokens=4718592, causal=True

B=36, q_tokens=8704, history_tokens=4718592, QH=32, KVH=2, D=128, TP=8, DCP=4, mode=causal
Method                   Time ms                                                                                                                                     Agg TFLOPS    Avg/GPU  KV GB/s/GPU      Check  Note
dcp_mega_varlen          t0=4.136, t1=4.137, t2=4.137, t3=4.189, t4=4.053, t5=4.033, t6=4.039, t7=4.080 | p50(max_across_ranks)=4.191, p90(max_across_ranks)=4.273       4492.4      561.6        145.2       skip  eager; output=bf16_ipc_a2a; runner_preallocated; timing=mega_kernel_only
Wrote benchmark JSON to /home/hychen/min_fa3_demo/benchmark_logs/experiment_suite/20260812-231044-dcp-cp-suite/02_dcp_uniform/results/mega/dcp_4/comm_sm_20/d32_c4_kv128k_dcp4_hkv2_eager.json

Mega comm_sm=20 summary

Mega DCP batch summary
Case                     DCP Method                       p50 ms     p90 ms   Agg TFLOPS
d4_c0_kv16k_dcp4_hkv2      4 dcp_mega_varlen               0.052      0.054        328.5
d4_c0_kv32k_dcp4_hkv2      4 dcp_mega_varlen               0.056      0.058        611.3
d4_c0_kv64k_dcp4_hkv2      4 dcp_mega_varlen               0.067      0.068       1028.1
d4_c0_kv128k_dcp4_hkv2     4 dcp_mega_varlen               0.079      0.082       1732.0
d4_c1_kv16k_dcp4_hkv2      4 dcp_mega_varlen               0.210      0.214       2862.6
d4_c1_kv32k_dcp4_hkv2      4 dcp_mega_varlen               0.338      0.348       3455.9
d4_c1_kv64k_dcp4_hkv2      4 dcp_mega_varlen               0.602      0.608       3821.0
d4_c1_kv128k_dcp4_hkv2     4 dcp_mega_varlen               1.142      1.155       4000.5
d4_c2_kv16k_dcp4_hkv2      4 dcp_mega_varlen               0.371      0.374       3195.5
d4_c2_kv32k_dcp4_hkv2      4 dcp_mega_varlen               0.564      0.569       4078.2
d4_c2_kv64k_dcp4_hkv2      4 dcp_mega_varlen               1.058      1.068       4288.6
d4_c2_kv128k_dcp4_hkv2     4 dcp_mega_varlen               2.011      2.084       4477.3
d4_c4_kv16k_dcp4_hkv2      4 dcp_mega_varlen               0.722      0.731       3258.8
d4_c4_kv32k_dcp4_hkv2      4 dcp_mega_varlen               1.154      1.164       3959.0
d4_c4_kv64k_dcp4_hkv2      4 dcp_mega_varlen               2.079      2.152       4330.7
d4_c4_kv128k_dcp4_hkv2     4 dcp_mega_varlen               4.038      4.112       4424.5
d8_c0_kv16k_dcp4_hkv2      4 dcp_mega_varlen               0.056      0.058        610.2
d8_c0_kv32k_dcp4_hkv2      4 dcp_mega_varlen               0.067      0.069       1025.6
d8_c0_kv64k_dcp4_hkv2      4 dcp_mega_varlen               0.082      0.084       1682.2
d8_c0_kv128k_dcp4_hkv2     4 dcp_mega_varlen               0.109      0.112       2518.1
d8_c1_kv16k_dcp4_hkv2      4 dcp_mega_varlen               0.219      0.221       2822.1
d8_c1_kv32k_dcp4_hkv2      4 dcp_mega_varlen               0.348      0.350       3454.9
d8_c1_kv64k_dcp4_hkv2      4 dcp_mega_varlen               0.609      0.611       3894.3
d8_c1_kv128k_dcp4_hkv2     4 dcp_mega_varlen               1.173      1.179       4012.3
d8_c2_kv16k_dcp4_hkv2      4 dcp_mega_varlen               0.376      0.377       3202.7
d8_c2_kv32k_dcp4_hkv2      4 dcp_mega_varlen               0.572      0.574       4083.7
d8_c2_kv64k_dcp4_hkv2      4 dcp_mega_varlen               1.052      1.058       4376.3
d8_c2_kv128k_dcp4_hkv2     4 dcp_mega_varlen               2.034      2.058       4494.4
d8_c4_kv16k_dcp4_hkv2      4 dcp_mega_varlen               0.727      0.729       3260.2
d8_c4_kv32k_dcp4_hkv2      4 dcp_mega_varlen               1.174      1.179       3920.9
d8_c4_kv64k_dcp4_hkv2      4 dcp_mega_varlen               2.112      2.163       4294.8
d8_c4_kv128k_dcp4_hkv2     4 dcp_mega_varlen               4.095      4.182       4396.3
d16_c0_kv16k_dcp4_hkv2     4 dcp_mega_varlen               0.073      0.074        938.9
d16_c0_kv32k_dcp4_hkv2     4 dcp_mega_varlen               0.085      0.088       1616.0
d16_c0_kv64k_dcp4_hkv2     4 dcp_mega_varlen               0.116      0.118       2371.9
d16_c0_kv128k_dcp4_hkv2    4 dcp_mega_varlen               0.180      0.181       3061.2
d16_c1_kv16k_dcp4_hkv2     4 dcp_mega_varlen               0.223      0.224       2924.7
d16_c1_kv32k_dcp4_hkv2     4 dcp_mega_varlen               0.355      0.357       3582.7
d16_c1_kv64k_dcp4_hkv2     4 dcp_mega_varlen               0.621      0.624       4040.3
d16_c1_kv128k_dcp4_hkv2    4 dcp_mega_varlen               1.189      1.206       4189.6
d16_c2_kv16k_dcp4_hkv2     4 dcp_mega_varlen               0.390      0.391       3175.4
d16_c2_kv32k_dcp4_hkv2     4 dcp_mega_varlen               0.602      0.606       3993.1
d16_c2_kv64k_dcp4_hkv2     4 dcp_mega_varlen               1.075      1.080       4409.4
d16_c2_kv128k_dcp4_hkv2    4 dcp_mega_varlen               2.076      2.114       4534.5
d16_c4_kv16k_dcp4_hkv2     4 dcp_mega_varlen               0.745      0.746       3230.6
d16_c4_kv32k_dcp4_hkv2     4 dcp_mega_varlen               1.189      1.206       3931.8
d16_c4_kv64k_dcp4_hkv2     4 dcp_mega_varlen               2.158      2.177       4266.6
d16_c4_kv128k_dcp4_hkv2    4 dcp_mega_varlen               4.108      4.235       4449.4
d32_c0_kv16k_dcp4_hkv2     4 dcp_mega_varlen               0.099      0.101       1384.4
d32_c0_kv32k_dcp4_hkv2     4 dcp_mega_varlen               0.143      0.144       1922.6
d32_c0_kv64k_dcp4_hkv2     4 dcp_mega_varlen               0.210      0.213       2612.1
d32_c0_kv128k_dcp4_hkv2    4 dcp_mega_varlen               0.362      0.364       3037.7
d32_c1_kv16k_dcp4_hkv2     4 dcp_mega_varlen               0.247      0.249       2925.5
d32_c1_kv32k_dcp4_hkv2     4 dcp_mega_varlen               0.366      0.368       3848.3
d32_c1_kv64k_dcp4_hkv2     4 dcp_mega_varlen               0.647      0.666       4300.2
d32_c1_kv128k_dcp4_hkv2    4 dcp_mega_varlen               1.265      1.271       4373.5
d32_c2_kv16k_dcp4_hkv2     4 dcp_mega_varlen               0.409      0.412       3195.4
d32_c2_kv32k_dcp4_hkv2     4 dcp_mega_varlen               0.709      0.713       3585.3
d32_c2_kv64k_dcp4_hkv2     4 dcp_mega_varlen               1.244      1.248       4033.8
d32_c2_kv128k_dcp4_hkv2    4 dcp_mega_varlen               2.373      2.408       4198.3
d32_c4_kv16k_dcp4_hkv2     4 dcp_mega_varlen               0.818      0.824       3025.6
d32_c4_kv32k_dcp4_hkv2     4 dcp_mega_varlen               1.242      1.247       3873.6
d32_c4_kv64k_dcp4_hkv2     4 dcp_mega_varlen               2.236      2.293       4241.0
d32_c4_kv128k_dcp4_hkv2    4 dcp_mega_varlen               4.191      4.273       4492.4

Mega DCP workload-weighted summary
Topology        DCP Method                     Cases    Mean ms  Mean TFLOPS     Weighted  Weighted/GPU
dcp4_hkv2         4 dcp_mega_varlen               64      0.955       3307.3       4095.3         511.9
Wrote batch manifest to /home/hychen/min_fa3_demo/benchmark_logs/experiment_suite/20260812-231044-dcp-cp-suite/02_dcp_uniform/results/mega/dcp_4/manifest.json
