arrival_time_scale,dcp_size,strategy,mega_num_comm_sm,case_id,batch_size,decode_requests,chunk_requests,p50_ms,p90_ms,effective_tflops,effective_kv_bandwidth_gbps_per_gpu,split_policy,history_order_policy,scheduler_policy,effective_block_n,effective_num_splits,history_sequence_splits
"1",2,"fa3_native_fifo",12,"case_000000",7,7,0,0.08379200100898743,0.0892352007329464,348.38915906625596,340.72636595631303,"fa3_native","fifo","fifo",128,109,"35;19;5;19;20;10;4"
"1",2,"fa3_native_fifo",12,"case_000001",5,5,0,0.07814399898052216,0.08643520250916481,68.08719499146943,66.8763317488091,"fa3_native","fifo","fifo",128,38,"9;10;14;38;4"
"1",2,"fa3_native_fifo",12,"case_000002",6,6,0,0.07944000139832497,0.08091199770569801,431.34962866104036,421.69425239595165,"fa3_native","fifo","fifo",128,109,"23;9;7;60;4;1"
"1",2,"fa3_native_fifo",12,"case_000003",5,5,0,0.06022400036454201,0.06112639978528023,359.1617406527374,351.2433560035375,"fa3_native","fifo","fifo",128,106,"42;8;12;32;16"
"1",2,"fa3_native_fifo",12,"case_000004",4,4,0,0.0679200030863285,0.07675839737057687,200.06619208671978,195.7314398690883,"fa3_native","fifo","fifo",128,100,"4;9;31;59"
"1",2,"fa3_native_fifo",12,"case_000005",4,4,0,0.08070400357246399,0.08200639858841896,166.91930109643644,163.30530601454296,"fa3_native","fifo","fifo",128,66,"32;39;20;11"
"1",2,"fa3_native_fifo",12,"case_000006",14,14,0,0.07124799862504005,0.07288320288062096,789.8684976144951,772.538079134978,"fa3_native","fifo","fifo",128,109,"1;1;6;3;26;8;3;3;3;1;18;15;8;14"
"1",2,"fa3_native_fifo",12,"case_000007",7,7,0,0.05142400041222572,0.05266559831798077,345.73859088125505,338.4542598879988,"fa3_native","fifo","fifo",128,65,"12;4;26;9;2;25;15"
"1",2,"fa3_native_fifo",12,"case_000008",9,9,0,0.06255999952554703,0.06636799797415734,607.3372854244402,593.9682909496486,"fa3_native","fifo","fifo",128,109,"2;26;9;9;11;16;26;11;7"
"1",2,"fa3_native_fifo",12,"case_000009",5,5,0,0.08607999980449677,0.08981439769268036,205.02383392289525,200.5680301953032,"fa3_native","fifo","fifo",128,109,"28;9;47;5;2"
"1",2,"fa3_native_fifo",12,"case_000010",6,6,0,0.09006400033831596,0.09283519834280014,133.04250367504883,130.32510166002996,"fa3_native","fifo","fifo",128,93,"3;11;11;55;2;11"
"1",2,"fa3_native_fifo",12,"case_000011",9,9,0,0.05694400146603584,0.05838720090687275,531.7848517207142,520.2719731185488,"fa3_native","fifo","fifo",128,87,"2;6;17;16;26;7;22;6;16"
"1",2,"fa3_native_fifo",12,"case_000012",6,6,0,0.09035200253129005,0.09749440327286721,248.67006067982942,243.24136028295513,"fa3_native","fifo","fifo",128,109,"3;52;6;37;10;7"
"1",2,"fa3_native_fifo",12,"case_000013",9,9,0,0.0793600007891655,0.08109119907021523,577.9076071564423,565.0451556714447,"fa3_native","fifo","fifo",128,109,"2;18;1;5;1;32;5;4;49"
"1",2,"fa3_native_fifo",12,"case_000014",9,8,1,1.9446719884872437,1.9683071970939636,3915.376472604519,26.06743363410797,"fa3_native","fifo","fifo",128,1,"1;1;1;1;1;1;1;1;1"
"1",2,"fa3_native_fifo",12,"case_000015",6,6,0,0.06376000121235847,0.0646464005112648,465.20691712676364,454.8697529569448,"fa3_native","fifo","fifo",128,109,"15;5;28;40;16;10"
"1",2,"fa3_native_fifo",12,"case_000016",10,10,0,0.06532799825072289,0.06675200164318085,487.491226377009,476.98654228480353,"fa3_native","fifo","fifo",128,109,"29;8;41;2;12;14;1;12;2;2"
"1",2,"fa3_native_fifo",12,"case_000017",4,4,0,0.08603199943900108,0.09308159947395325,311.47882516667386,304.45825007904904,"fa3_native","fifo","fifo",128,109,"12;84;2;4"
"1",2,"fa3_native_fifo",12,"case_000018",14,14,0,0.05198400095105171,0.054310400038957596,429.18111618626045,420.74237457395054,"fa3_native","fifo","fifo",128,43,"7;3;9;17;13;9;2;3;17;5;6;14;6;8"
"1",2,"fa3_native_fifo",12,"case_000019",11,11,0,0.07459200173616409,0.07681280300021172,527.5791966435535,516.1012320887437,"fa3_native","fifo","fifo",128,109,"5;13;4;10;2;9;24;3;6;44;1"
"1",2,"fa3_native_fifo",12,"case_000020",8,7,1,0.2226880043745041,0.22490880489349366,883.7983582672639,119.73674143290673,"fa3_native","fifo","fifo",128,1,"1;1;1;1;1;1;1;1"
"1",2,"fa3_native_fifo",12,"case_000021",12,12,0,0.05769599974155426,0.061315199360251434,571.4771939076512,559.3344451011786,"fa3_native","fifo","fifo",128,101,"8;8;10;10;24;6;7;7;6;2;11;6"
"1",2,"fa3_native_fifo",12,"case_000022",9,9,0,0.05417599901556969,0.05552320145070553,411.504054730823,402.8588377987753,"fa3_native","fifo","fifo",128,71,"16;7;9;6;17;6;18;8;28"
"1",2,"fa3_native_fifo",12,"case_000023",9,9,0,0.0544000007212162,0.05590080060064793,412.4985168841799,403.82587699915877,"fa3_native","fifo","fifo",128,71,"16;7;9;6;17;6;18;8;28"
"1",2,"fa3_native_fifo",12,"case_000024",5,5,0,0.04652800038456917,0.047971200197935104,93.09526195405847,91.55983418132976,"fa3_native","fifo","fifo",128,24,"24;5;5;24;4"
"1",2,"fa3_native_fifo",12,"case_000025",10,10,0,0.075119998306036,0.07644480094313622,584.7011778283113,571.7980959612006,"fa3_native","fifo","fifo",128,109,"5;1;2;14;45;7;11;21;4;3"
"1",2,"fa3_native_fifo",12,"case_000026",6,6,0,0.05751999840140343,0.058563198894262314,295.27660347754113,288.98359634854285,"fa3_native","fifo","fifo",128,96,"2;7;4;38;14;23"
"1",2,"fa3_native_fifo",12,"case_000027",11,11,0,0.06923199817538261,0.0757695995271206,585.7213891367783,572.9494026665911,"fa3_native","fifo","fifo",128,109,"3;18;4;37;3;3;13;10;8;3;5"
"1",2,"fa3_native_fifo",12,"case_000028",6,6,0,0.06457599997520447,0.07122879996895792,429.2275125533159,419.72646200457353,"fa3_native","fifo","fifo",128,109,"47;30;3;13;2;11"
"1",2,"fa3_native_fifo",12,"case_000029",13,13,0,0.08524800091981888,0.08653440326452255,511.6786491336843,500.6035982021321,"fa3_native","fifo","fifo",128,109,"4;1;4;4;5;7;2;1;1;10;5;62;8"
"1",2,"fa3_native_fifo",12,"case_000030",10,10,0,0.09195199981331825,0.09910720139741898,255.88061997311902,250.53767233742397,"fa3_native","fifo","fifo",128,109,"4;3;11;52;11;22;7;6;5;2"
"1",2,"fa3_native_fifo",12,"case_000031",6,6,0,0.05286400020122528,0.05600640140473843,254.0710111394236,248.7990305299513,"fa3_native","fifo","fifo",128,52,"3;15;31;3;27;25"
"1",2,"fa3_native_fifo",12,"case_000032",6,5,1,1.4844319820404053,1.4960255861282348,3823.757697921588,20.06842237328536,"fa3_native","fifo","fifo",128,1,"1;1;1;1;1;1"
"1",2,"fa3_native_fifo",12,"case_000033",6,6,0,0.07950400188565254,0.08670720085501671,240.6591595165079,235.472725346904,"fa3_native","fifo","fifo",128,109,"51;2;22;3;4;16"
"1",2,"fa3_native_fifo",12,"case_000034",4,4,0,0.06801600009202957,0.07352000027894974,252.19643343905068,246.63937863593688,"fa3_native","fifo","fifo",128,109,"9;22;52;5"
"1",2,"fa3_native_fifo",12,"case_000035",6,6,0,0.05417599901556969,0.057497601583600046,254.35362068800603,249.05848060360154,"fa3_native","fifo","fifo",128,54,"32;20;3;22;2;25"
"1",2,"fa3_native_fifo",12,"case_000036",9,9,0,0.08420800045132637,0.08807040005922318,592.8887978863487,579.6359459718199,"fa3_native","fifo","fifo",128,109,"1;6;9;1;15;14;4;52;7"
"1",2,"fa3_native_fifo",12,"case_000037",19,18,1,0.14457599818706512,0.14644479751586914,2461.0269631313745,620.7932791435493,"fa3_native","fifo","fifo",128,4,"4;1;3;1;2;2;1;1;1;1;1;2;2;2;4;1;3;3;3"
"1",2,"fa3_native_fifo",12,"case_000038",9,9,0,0.04758400097489357,0.048422399908304214,373.1822277275354,365.573630707898,"fa3_native","fifo","fifo",128,49,"5;16;19;14;8;10;3;13;5"
"1",2,"fa3_native_fifo",12,"case_000039",7,7,0,0.04879999905824661,0.049536000937223434,363.8188135784344,356.15476097151543,"fa3_native","fifo","fifo",128,52,"5;16;19;8;10;13;21"
"1",2,"fa3_native_fifo",12,"case_000040",8,8,0,0.059087999165058136,0.060793600603938104,486.453522173037,475.86678170391787,"fa3_native","fifo","fifo",128,109,"4;5;20;15;33;17;15;2"
"1",2,"fa3_native_fifo",12,"case_000041",9,9,0,0.05198400095105171,0.053011200949549676,312.54912570694097,306.2653068006666,"fa3_native","fifo","fifo",128,66,"15;3;5;26;4;4;17;6;5"
"1",2,"fa3_native_fifo",12,"case_000042",13,13,0,0.11099199950695038,0.11784960255026818,756.6670675100405,739.6373104789345,"fa3_native","fifo","fifo",128,109,"17;36;2;2;33;1;5;10;1;3;5;4;1"
"1",2,"fa3_native_fifo",12,"case_000043",19,19,0,0.09833600372076035,0.10097280144691467,604.7884392056536,591.7760921548872,"fa3_native","fifo","fifo",128,109,"2;4;3;33;2;1;3;2;10;1;13;16;5;3;2;3;13;1;4"
"1",2,"fa3_native_fifo",12,"case_000044",13,12,1,0.06889600306749344,0.07034239917993546,884.1471487442583,372.80444229599425,"fa3_native","fifo","fifo",128,4,"4;1;4;2;2;4;3;4;2;2;4;4;3"
"1",2,"fa3_native_fifo",12,"case_000045",7,7,0,0.051920000463724136,0.05445760078728199,273.9763254420371,268.36609929800005,"fa3_native","fifo","fifo",128,49,"10;19;4;25;29;11;11"
"1",2,"fa3_native_fifo",12,"case_000046",6,6,0,0.05934400111436844,0.06074240058660507,254.85534598269828,249.49042400201782,"fa3_native","fifo","fifo",128,71,"10;10;24;42;19;11"
"1",2,"fa3_native_fifo",12,"case_000047",9,9,0,0.08656000345945358,0.09766080230474472,409.9982268672616,401.0144017179909,"fa3_native","fifo","fifo",128,109,"74;2;8;5;13;1;1;1;5"
"1",2,"fa3_native_fifo",12,"case_000048",10,10,0,0.050383999943733215,0.052166398614645004,364.5947288923978,357.243569786062,"fa3_native","fifo","fifo",128,57,"3;4;21;22;2;8;11;19;4;2"
"1",2,"fa3_native_fifo",12,"case_000049",12,12,0,0.0716480016708374,0.07355200126767159,415.9113793138638,407.1710490129994,"fa3_native","fifo","fifo",128,109,"2;3;53;4;2;6;8;3;9;12;2;13"
"1",2,"fa3_native_fifo",12,"case_000050",4,4,0,0.06108799949288368,0.0637856014072895,351.47928631221976,343.63541406271486,"fa3_native","fifo","fifo",128,107,"12;22;33;42"
"1",2,"fa3_native_fifo",12,"case_000051",10,10,0,0.05140800029039383,0.05262719839811325,361.03441563876896,353.742917391753,"fa3_native","fifo","fifo",128,63,"18;13;4;2;25;3;5;8;11;9"
"1",2,"fa3_native_fifo",12,"case_000052",6,6,0,0.05526399984955788,0.056169599294662476,376.04932586446256,367.8888255527283,"fa3_native","fifo","fifo",128,74,"29;5;14;13;15;29"
"1",2,"fa3_native_fifo",12,"case_000053",11,11,0,0.06124800071120262,0.0685983993113041,609.565685711783,596.3594497104818,"fa3_native","fifo","fifo",128,100,"13;4;5;4;9;24;13;16;12;4;11"
"1",2,"fa3_native_fifo",12,"case_000054",8,7,1,0.07822399958968163,0.0796672023832798,402.1896687081434,169.95868364871612,"fa3_native","fifo","fifo",128,5,"2;3;3;3;3;2;3;2"
"1",2,"fa3_native_fifo",12,"case_000055",5,5,0,0.051920000463724136,0.053679998964071274,196.56003275905948,192.53250983663384,"fa3_native","fifo","fifo",128,51,"30;19;5;22;3"
"1",2,"fa3_native_fifo",12,"case_000056",7,7,0,0.05854399874806404,0.06181760057806969,500.0702287861421,489.0691550335348,"fa3_native","fifo","fifo",128,107,"11;22;21;32;18;6;3"
"1",2,"fa3_native_fifo",12,"case_000057",8,8,0,0.06638399884104729,0.06833919882774353,413.5765528940056,404.6083464226612,"fa3_native","fifo","fifo",128,109,"19;48;9;8;10;5;6;2"
"1",2,"fa3_native_fifo",12,"case_000058",8,8,0,0.07048000022768974,0.07222719863057137,257.3719964443677,252.0227006614219,"fa3_native","fifo","fifo",128,109,"5;3;8;3;3;2;12;59"
"1",2,"fa3_native_fifo",12,"case_000059",8,7,1,0.28884799778461456,0.2904960125684738,3508.094133813565,75.68470672350439,"fa3_native","fifo","fifo",128,1,"1;1;1;1;1;1;1;1"
"1",2,"fa3_native_fifo",12,"case_000060",13,13,0,0.060736000537872314,0.06229120083153248,473.7354141397332,463.91991159230645,"fa3_native","fifo","fifo",128,109,"2;2;14;6;4;8;5;4;15;14;33;6;1"
"1",2,"fa3_native_fifo",12,"case_000061",7,7,0,0.05782400071620941,0.06052480079233647,251.4517821649811,246.28665992679814,"fa3_native","fifo","fifo",128,69,"8;41;18;3;4;11;27"
"1",2,"fa3_native_fifo",12,"case_000062",7,7,0,0.07460800185799599,0.07577920332551003,313.0369898453052,306.2646288730639,"fa3_native","fifo","fifo",128,109,"6;16;64;23;5;3;2"
"1",2,"fa3_native_fifo",12,"case_000063",8,8,0,0.06345599889755249,0.06568320021033287,323.16469749546326,316.3489717088713,"fa3_native","fifo","fifo",128,109,"12;3;46;6;18;3;13;4"
"1",2,"fa3_native_fifo",12,"case_000064",7,7,0,0.05252800136804581,0.057843200489878656,334.9437475971217,327.8952092488641,"fa3_native","fifo","fifo",128,68,"7;2;25;4;21;27;4"
"1",2,"fa3_native_fifo",12,"case_000065",9,8,1,0.05688000097870827,0.05795200169086456,337.6970473539576,256.36455255087714,"fa3_native","fifo","fifo",128,5,"3;5;4;5;2;4;5;5;1"
"1",2,"fa3_native_fifo",12,"case_000066",11,11,0,0.04918400011956692,0.05520319938659668,503.95190508588206,493.48601051145494,"fa3_native","fifo","fifo",128,55,"15;4;5;10;16;3;6;14;13;9;2"
"1",2,"fa3_native_fifo",12,"case_000067",8,8,0,0.05321599915623665,0.05834239982068539,191.5440367110989,187.95911302226793,"fa3_native","fifo","fifo",128,57,"6;33;3;10;16;3;4;5"
"1",2,"fa3_native_fifo",12,"case_000068",10,10,0,0.060127999633550644,0.061612799763679504,547.2116520843094,535.3869111926588,"fa3_native","fifo","fifo",128,78,"9;12;7;4;13;1;6;15;17;19"
"1",2,"fa3_native_fifo",12,"case_000069",5,5,0,0.07571200281381607,0.07763520255684853,416.36721360443846,407.0059020334987,"fa3_native","fifo","fifo",128,109,"4;12;40;58;7"
"1",2,"fa3_native_fifo",12,"case_000070",10,10,0,0.05182399973273277,0.06075519993901253,244.23237915396942,239.66903488838526,"fa3_native","fifo","fifo",128,52,"7;31;7;6;3;3;9;2;7;24"
"1",2,"fa3_native_fifo",12,"case_000071",4,4,0,0.08516800031065941,0.08691839873790741,417.21180234817336,407.715948165264,"fa3_native","fifo","fifo",128,109,"2;75;19;12"
"1",2,"fa3_native_fifo",12,"case_000072",5,5,0,0.04395199939608574,0.056313601136207585,77.81952782572631,76.6800156149471,"fa3_native","fifo","fifo",128,17,"7;17;17;5;4"
"1",2,"fa3_native_fifo",12,"case_000073",7,7,0,0.09497600048780441,0.1136767975986004,394.2054966276198,385.40970152454776,"fa3_native","fifo","fifo",128,109,"86;3;6;6;8;2;4"
"1",2,"fa3_native_fifo",12,"case_000074",14,14,0,0.07548800110816956,0.07827519997954369,858.3819865510706,839.3793857278682,"fa3_native","fifo","fifo",128,109,"15;1;11;7;8;3;2;7;14;4;22;6;1;13"
"1",2,"fa3_native_fifo",12,"case_000075",9,9,0,0.057103998959064484,0.05790720097720623,570.9587686034474,558.5250872336194,"fa3_native","fifo","fifo",128,109,"27;7;23;4;10;12;2;11;5"
"1",2,"fa3_native_fifo",12,"case_000076",6,6,0,0.054687999188899994,0.05657919868826866,354.1637969437949,346.5231180709645,"fa3_native","fifo","fifo",128,74,"6;29;24;8;26;7"
"1",2,"fa3_native_fifo",12,"case_000077",10,8,2,0.8534879982471466,0.8727743864059448,3989.626712353578,62.01675958971454,"fa3_native","fifo","fifo",128,1,"1;1;1;1;1;1;1;1;1;1"
"1",2,"fa3_native_fifo",12,"case_000078",8,8,0,0.0658240020275116,0.06717119738459587,440.36478954720593,430.7749016559141,"fa3_native","fifo","fifo",128,109,"9;2;32;15;5;43;1;4"
"1",2,"fa3_native_fifo",12,"case_000079",9,8,1,0.07503999769687653,0.07568320259451866,954.4169367555977,333.37314456022807,"fa3_native","fifo","fifo",128,7,"5;3;4;4;7;2;5;7;2"
"1",2,"fa3_native_fifo",12,"case_000080",8,8,0,0.05782400071620941,0.059011198580265045,341.24417064882596,334.0785791493113,"fa3_native","fifo","fifo",128,89,"7;3;12;29;35;5;4;7"
"1",2,"fa3_native_fifo",12,"case_000081",9,9,0,0.0578560009598732,0.05899839848279953,347.9447729884046,340.72565806392726,"fa3_native","fifo","fifo",128,89,"7;3;12;29;35;6;4;7;2"
"1",2,"fa3_native_fifo",12,"case_000082",8,8,0,0.06108799949288368,0.06244159862399101,365.33144776822843,357.5568390080361,"fa3_native","fifo","fifo",128,98,"6;6;12;29;39;2;14;7"
"1",2,"fa3_native_fifo",12,"case_000083",8,8,0,0.07515199854969978,0.07692799717187881,288.27747969566866,282.1613850492165,"fa3_native","fifo","fifo",128,109,"67;3;12;9;5;5;5;6"
"1",2,"fa3_native_fifo",12,"case_000084",9,8,1,0.4158399999141693,0.42047999799251556,476.7422498867812,67.51027319592741,"fa3_native","fifo","fifo",128,1,"1;1;1;1;1;1;1;1;1"
"1",2,"fa3_native_fifo",12,"case_000085",6,6,0,0.06756800040602684,0.06861120089888573,343.19882341718073,335.6893183711391,"fa3_native","fifo","fifo",128,109,"2;53;49;5;7;3"
"1",2,"fa3_native_fifo",12,"case_000086",12,12,0,0.053568001836538315,0.05601920150220394,521.8558291814475,510.97250338969945,"fa3_native","fifo","fifo",128,57,"2;9;5;9;12;10;3;10;14;8;11;17"
"1",2,"fa3_native_fifo",12,"case_000087",5,5,0,0.053408000618219376,0.055110398679971695,344.92540763107456,337.4044298870964,"fa3_native","fifo","fifo",128,74,"18;26;29;18;3"
"1",2,"fa3_native_fifo",12,"case_000088",7,7,0,0.07491199672222137,0.07667840272188187,505.2917504302982,494.0111279802851,"fa3_native","fifo","fifo",128,109,"9;1;50;6;16;24;9"
"1",2,"fa3_native_fifo",12,"case_000089",3,3,0,0.07974400371313095,0.08132160007953644,308.2141236903165,301.21667939334657,"fa3_native","fifo","fifo",128,109,"74;14;5"
"1",2,"fa3_native_fifo",12,"case_000090",17,17,0,0.0700639970600605,0.07199039682745934,630.3387887239938,617.0249174185877,"fa3_native","fifo","fifo",128,109,"35;1;1;1;7;22;1;5;4;2;2;10;4;10;6;3;3"
"1",2,"fa3_native_fifo",12,"case_000091",13,11,2,0.3505440056324005,0.35309439301490786,1090.3522285895624,141.29133918763574,"fa3_native","fifo","fifo",128,1,"1;1;1;1;1;1;1;1;1;1;1;1;1"
"1",2,"fa3_native_fifo",12,"case_000092",8,8,0,0.06964800134301186,0.07177920192480088,595.383181719408,582.1199060734848,"fa3_native","fifo","fifo",128,109,"24;38;1;11;16;1;3;12"
"1",2,"fa3_native_fifo",12,"case_000093",13,13,0,0.06513599678874016,0.07560000121593476,485.0022425305242,474.8356903221073,"fa3_native","fifo","fifo",128,102,"2;2;7;7;2;10;28;11;3;13;5;4;30"
"1",2,"fa3_native_fifo",12,"case_000094",5,5,0,0.05527999997138977,0.05685440041124821,164.055766220942,160.75484812950856,"fa3_native","fifo","fifo",128,63,"17;8;37;4;4"
"1",2,"fa3_native_fifo",12,"case_000095",8,8,0,0.06102399900555611,0.06383360102772713,264.66990677765097,259.255379159264,"fa3_native","fifo","fifo",128,109,"4;7;45;2;6;2;10;8"
"1",2,"fa3_native_fifo",12,"case_000096",17,17,0,0.07895999774336815,0.08708480000495913,793.8936316049349,776.5819877464495,"fa3_native","fifo","fifo",128,109,"31;7;1;8;12;3;5;1;4;1;3;14;9;3;1;6;17"
"1",2,"fa3_native_fifo",12,"case_000097",6,6,0,0.0652799978852272,0.06625599786639214,112.78858404599004,110.69804280179548,"fa3_native","fifo","fifo",128,57,"5;8;57;20;6;7"
"1",2,"fa3_native_fifo",12,"case_000098",3,2,1,0.04600000008940697,0.04805439971387387,122.04797750191436,27.620173859360087,"fa3_native","fifo","fifo",128,5,"5;5;2"
"1",2,"fa3_native_fifo",12,"case_000099",10,10,0,0.053279999643564224,0.054796799644827844,363.4738763054635,356.084086466237,"fa3_native","fifo","fifo",128,76,"3;30;2;7;15;23;8;7;2;3"
"1",2,"critical_wave_fifo",12,"case_000000",7,7,0,0.05766399949789047,0.06192640140652657,506.24696556242066,495.1121019804471,"critical_wave","fifo","fifo_critical_wave",128,35,"35;19;5;19;20;10;4"
"1",2,"critical_wave_fifo",12,"case_000001",5,5,0,0.05249600112438202,0.0580671988427639,101.3525903314723,99.5501350210991,"critical_wave","fifo","fifo_critical_wave",128,4,"1;1;1;4;1"
"1",2,"critical_wave_fifo",12,"case_000002",6,6,0,0.0777759999036789,0.0814176008105278,440.57826510024927,430.7163140491549,"critical_wave","fifo","fifo_critical_wave",128,12,"4;2;1;12;1;1"
"1",2,"critical_wave_fifo",12,"case_000003",5,5,0,0.07527999952435493,0.07709119841456413,287.32939607687047,280.99468827914103,"critical_wave","fifo","fifo_critical_wave",128,4,"4;1;2;3;2"
"1",2,"critical_wave_fifo",12,"case_000004",4,4,0,0.06088000163435936,0.06206719949841499,223.20131437596655,218.36530294206017,"critical_wave","fifo","fifo_critical_wave",128,7,"1;1;3;7"
"1",2,"critical_wave_fifo",12,"case_000005",4,4,0,0.05100800096988678,0.0522687990218401,264.0969184413404,258.37891604065453,"critical_wave","fifo","fifo_critical_wave",128,7,"6;7;4;2"
"1",2,"critical_wave_fifo",12,"case_000006",14,14,0,0.07153600081801414,0.07983039692044258,786.6885063251743,769.42785968739,"critical_wave","fifo","fifo_critical_wave",128,26,"1;1;6;3;26;8;3;3;3;1;18;15;8;14"
"1",2,"critical_wave_fifo",12,"case_000007",7,7,0,0.05780800059437752,0.06924799829721451,307.55710727226284,301.0772180502088,"critical_wave","fifo","fifo_critical_wave",128,6,"2;1;6;2;1;5;3"
"1",2,"critical_wave_fifo",12,"case_000008",9,9,0,0.06128000095486641,0.06914240270853043,620.0231673622831,606.3749252773001,"critical_wave","fifo","fifo_critical_wave",128,26,"2;26;9;9;11;16;26;11;7"
"1",2,"critical_wave_fifo",12,"case_000009",5,5,0,0.06164800003170967,0.06763519868254662,286.277763673148,280.0560600687697,"critical_wave","fifo","fifo_critical_wave",128,9,"4;2;9;1;1"
"1",2,"critical_wave_fifo",12,"case_000010",6,6,0,0.05991999991238117,0.06236480139195919,199.97229828974196,195.88785075372937,"critical_wave","fifo","fifo_critical_wave",128,8,"1;1;1;8;1;2"
"1",2,"critical_wave_fifo",12,"case_000011",9,9,0,0.06833599880337715,0.073734400421381,443.1333104990553,433.5396938478035,"critical_wave","fifo","fifo_critical_wave",128,5,"1;1;3;3;5;1;4;1;3"
"1",2,"critical_wave_fifo",12,"case_000012",6,6,0,0.0727040022611618,0.0745600014925003,309.0316523606601,302.2852018662556,"critical_wave","fifo","fifo_critical_wave",128,6,"1;6;1;4;1;1"
"1",2,"critical_wave_fifo",12,"case_000013",9,9,0,0.07944000139832497,0.08070080280303955,577.3256212576935,564.4761229944479,"critical_wave","fifo","fifo_critical_wave",128,11,"1;4;1;1;1;6;1;1;11"
"1",2,"critical_wave_fifo",12,"case_000014",9,8,1,1.8604159951210022,1.8923712372779846,4092.699143967946,27.247996218556985,"critical_wave","fifo","fifo_critical_wave",176,1,"1;1;1;1;1;1;1;1;1"
"1",2,"critical_wave_fifo",12,"case_000015",6,6,0,0.06358399987220764,0.06929919719696045,466.49461593505356,456.12883836011855,"critical_wave","fifo","fifo_critical_wave",128,40,"15;5;28;40;16;10"
"1",2,"critical_wave_fifo",12,"case_000016",10,10,0,0.06515199691057205,0.06767680123448372,488.8081331983286,478.27507179513094,"critical_wave","fifo","fifo_critical_wave",128,41,"29;8;41;2;12;14;1;12;2;2"
"1",2,"critical_wave_fifo",12,"case_000017",4,4,0,0.07185600325465202,0.08532160073518753,372.9284248809807,364.52280691389876,"critical_wave","fifo","fifo_critical_wave",128,14,"2;14;1;1"
"1",2,"critical_wave_fifo",12,"case_000018",14,14,0,0.051263999193906784,0.05260799825191498,435.2089556573616,426.6516921020801,"critical_wave","fifo","fifo_critical_wave",128,17,"7;3;9;17;13;9;2;3;17;5;6;14;6;8"
"1",2,"critical_wave_fifo",12,"case_000019",11,11,0,0.08851200342178345,0.0978912003338337,444.60849185021266,434.93563032972315,"critical_wave","fifo","fifo_critical_wave",128,6,"1;2;1;2;1;2;3;1;1;6;1"
"1",2,"critical_wave_fifo",12,"case_000020",8,7,1,0.16128000617027283,0.16424960494041443,1220.3080675989972,165.32697780188147,"critical_wave","fifo","fifo_critical_wave",128,2,"1;1;2;1;1;1;1;1"
"1",2,"critical_wave_fifo",12,"case_000021",12,12,0,0.05655999854207039,0.06010239832103253,582.9552489729087,570.5686144244851,"critical_wave","fifo","fifo_critical_wave",128,24,"8;8;10;10;24;6;7;7;6;2;11;6"
"1",2,"critical_wave_fifo",12,"case_000022",9,9,0,0.06743999943137169,0.06872640177607536,330.5700393234206,323.6251510086362,"critical_wave","fifo","fifo_critical_wave",128,4,"2;1;1;1;2;1;3;1;4"
"1",2,"critical_wave_fifo",12,"case_000023",9,9,0,0.06755200028419495,0.06939839944243431,332.187344883853,325.2032198540219,"critical_wave","fifo","fifo_critical_wave",128,4,"2;1;1;1;2;1;3;1;4"
"1",2,"critical_wave_fifo",12,"case_000024",5,5,0,0.043168000876903534,0.05107519924640656,100.34137083048317,98.68643239115823,"critical_wave","fifo","fifo_critical_wave",128,4,"4;1;1;4;1"
"1",2,"critical_wave_fifo",12,"case_000025",10,10,0,0.08030400052666664,0.08216959908604622,546.9559573612341,534.8858303234393,"critical_wave","fifo","fifo_critical_wave",128,11,"1;1;1;3;11;2;2;4;1;1"
"1",2,"critical_wave_fifo",12,"case_000026",6,6,0,0.07080000266432762,0.07461120039224625,239.89137176342928,234.77874822701267,"critical_wave","fifo","fifo_critical_wave",128,7,"1;1;1;7;2;4"
"1",2,"critical_wave_fifo",12,"case_000027",11,11,0,0.06852800026535988,0.08005119785666466,591.7385884160682,578.8353935092271,"critical_wave","fifo","fifo_critical_wave",128,37,"3;18;4;37;3;3;13;10;8;3;5"
"1",2,"critical_wave_fifo",12,"case_000028",6,6,0,0.09848000109195709,0.10091200098395348,281.4560878621246,275.2259920741777,"critical_wave","fifo","fifo_critical_wave",128,5,"5;3;1;2;1;2"
"1",2,"critical_wave_fifo",12,"case_000029",13,13,0,0.0849439986050129,0.08688959851861,513.5098731910394,502.39518625017433,"critical_wave","fifo","fifo_critical_wave",128,15,"1;1;1;1;1;1;1;1;1;2;1;15;2"
"1",2,"critical_wave_fifo",12,"case_000030",10,10,0,0.07283200323581696,0.07383040264248848,323.0548889863455,316.3093005338451,"critical_wave","fifo","fifo_critical_wave",128,6,"1;1;2;6;1;3;1;1;1;1"
"1",2,"critical_wave_fifo",12,"case_000031",6,6,0,0.05689600110054016,0.05785920098423958,236.06597518630332,231.16759957801554,"critical_wave","fifo","fifo_critical_wave",128,4,"1;2;4;1;4;3"
"1",2,"critical_wave_fifo",12,"case_000032",6,5,1,1.4011520147323608,1.4209984183311462,4051.0295518878543,21.26122482555209,"critical_wave","fifo","fifo_critical_wave",176,1,"1;1;1;1;1;1"
"1",2,"critical_wave_fifo",12,"case_000033",6,6,0,0.06515199691057205,0.06621119752526283,293.6727526289417,287.34382502038375,"critical_wave","fifo","fifo_critical_wave",128,9,"9;1;3;1;1;2"
"1",2,"critical_wave_fifo",12,"case_000034",4,4,0,0.06486400216817856,0.06722879782319069,264.4516537157991,258.6245596826556,"critical_wave","fifo","fifo_critical_wave",128,10,"1;3;10;1"
"1",2,"critical_wave_fifo",12,"case_000035",6,6,0,0.06308800354599953,0.06666239649057389,218.42284950343455,213.87571711889436,"critical_wave","fifo","fifo_critical_wave",128,3,"3;2;1;2;1;3"
"1",2,"critical_wave_fifo",12,"case_000036",9,9,0,0.08752000331878662,0.0891072005033493,570.4522196845385,557.7008929285848,"critical_wave","fifo","fifo_critical_wave",128,12,"1;1;2;1;3;3;1;12;2"
"1",2,"critical_wave_fifo",12,"case_000037",19,18,1,0.14427199959754944,0.14808960109949112,2466.212645229349,622.1013658254204,"critical_wave","fifo","fifo_critical_wave",128,4,"4;1;3;1;2;2;1;1;1;1;1;2;2;2;4;1;3;3;3"
"1",2,"critical_wave_fifo",12,"case_000038",9,9,0,0.046879999339580536,0.04799359999597073,378.7863425374973,371.06348645600576,"critical_wave","fifo","fifo_critical_wave",128,19,"5;16;19;14;8;10;3;13;5"
"1",2,"critical_wave_fifo",12,"case_000039",7,7,0,0.04819199815392494,0.049193598330020905,368.40883217360465,360.6480881844173,"critical_wave","fifo","fifo_critical_wave",128,21,"5;16;19;8;10;13;21"
"1",2,"critical_wave_fifo",12,"case_000040",8,8,0,0.07444800063967705,0.07542720064520836,386.08915034692177,377.6866505265759,"critical_wave","fifo","fifo_critical_wave",128,5,"1;1;3;2;5;3;2;1"
"1",2,"critical_wave_fifo",12,"case_000041",9,9,0,0.06177600100636482,0.06321599707007408,263.0075398750075,257.7197575213659,"critical_wave","fifo","fifo_critical_wave",128,4,"2;1;1;4;1;1;3;1;1"
"1",2,"critical_wave_fifo",12,"case_000042",13,13,0,0.08632000163197517,0.08799359947443008,972.9377803080364,951.0405751613229,"critical_wave","fifo","fifo_critical_wave",128,36,"17;36;2;2;33;1;5;10;1;3;5;4;1"
"1",2,"critical_wave_fifo",12,"case_000043",19,19,0,0.09091199934482574,0.09177599847316742,654.1763313599909,640.1013773690817,"critical_wave","fifo","fifo_critical_wave",128,7,"1;1;1;7;1;1;1;1;2;1;3;3;1;1;1;1;3;1;1"
"1",2,"critical_wave_fifo",12,"case_000044",13,12,1,0.06844799965620041,0.06953280046582222,889.9340371955201,375.24450866364117,"critical_wave","fifo","fifo_critical_wave",128,4,"2;1;4;1;1;2;1;3;1;1;3;2;1"
"1",2,"critical_wave_fifo",12,"case_000045",7,7,0,0.06067200005054474,0.061747200414538385,234.45495339117772,229.654008247498,"critical_wave","fifo","fifo_critical_wave",128,3,"1;2;1;3;3;1;2"
"1",2,"critical_wave_fifo",12,"case_000046",6,6,0,0.05511999875307083,0.05664319917559624,274.3856363958537,268.60958517665324,"critical_wave","fifo","fifo_critical_wave",128,7,"2;2;3;7;3;2"
"1",2,"critical_wave_fifo",12,"case_000047",9,9,0,0.08531200140714645,0.09584639891982079,415.99596013026024,406.88071346890524,"critical_wave","fifo","fifo_critical_wave",128,14,"14;1;1;1;2;1;1;1;1"
"1",2,"critical_wave_fifo",12,"case_000048",10,10,0,0.04851200059056282,0.04971839860081673,378.66384763306417,371.02901922996483,"critical_wave","fifo","fifo_critical_wave",128,22,"3;4;21;22;2;8;11;19;4;2"
"1",2,"critical_wave_fifo",12,"case_000049",12,12,0,0.09364799782633781,0.10756479650735858,318.2045520637836,311.5175196174382,"critical_wave","fifo","fifo_critical_wave",128,5,"1;1;5;1;1;1;1;1;1;1;1;2"
"1",2,"critical_wave_fifo",12,"case_000050",4,4,0,0.05951999872922897,0.06083520129323006,360.7386915728541,352.6881795730161,"critical_wave","fifo","fifo_critical_wave",128,42,"12;22;33;42"
"1",2,"critical_wave_fifo",12,"case_000051",10,10,0,0.05011200159788132,0.05118719860911369,370.3715028773606,362.891431596076,"critical_wave","fifo","fifo_critical_wave",128,25,"18;13;4;2;25;3;5;8;11;9"
"1",2,"critical_wave_fifo",12,"case_000052",6,6,0,0.062431998550891876,0.06645119935274124,332.87401285190987,325.6504432326804,"critical_wave","fifo","fifo_critical_wave",128,5,"5;1;2;2;3;5"
"1",2,"critical_wave_fifo",12,"case_000053",11,11,0,0.0589120015501976,0.06126400046050549,633.7363961431179,620.0065018819156,"critical_wave","fifo","fifo_critical_wave",128,24,"13;4;5;4;9;24;13;16;12;4;11"
"1",2,"critical_wave_fifo",12,"case_000054",8,7,1,0.07739200070500374,0.08001279830932617,406.5133888955776,171.7858160906858,"critical_wave","fifo","fifo_critical_wave",128,3,"1;1;1;3;1;1;1;1"
"1",2,"critical_wave_fifo",12,"case_000055",5,5,0,0.051231998950242996,0.05336320027709007,199.1996642940202,195.11805521600846,"critical_wave","fifo","fifo_critical_wave",128,6,"6;3;1;4;1"
"1",2,"critical_wave_fifo",12,"case_000056",7,7,0,0.056912001222372055,0.058320000395178796,514.4101458251232,503.0936074120121,"critical_wave","fifo","fifo_critical_wave",128,32,"11;22;21;32;18;6;3"
"1",2,"critical_wave_fifo",12,"case_000057",8,8,0,0.07640000060200691,0.0773216001689434,359.3568742364487,351.56439513554716,"critical_wave","fifo","fifo_critical_wave",128,7,"3;7;1;1;2;1;1;1"
"1",2,"critical_wave_fifo",12,"case_000058",8,8,0,0.0575999990105629,0.05915519967675209,314.92324096522117,308.3777830750073,"critical_wave","fifo","fifo_critical_wave",128,11,"1;1;2;1;1;1;2;11"
"1",2,"critical_wave_fifo",12,"case_000059",8,7,1,0.2842079997062683,0.28627839088439944,3565.367504219661,76.92034011215004,"critical_wave","fifo","fifo_critical_wave",176,1,"1;1;1;1;1;1;1;1"
"1",2,"critical_wave_fifo",12,"case_000060",13,13,0,0.07436800003051758,0.07812799736857415,386.89751447118147,378.8812390872077,"critical_wave","fifo","fifo_critical_wave",128,5,"1;1;2;1;1;1;1;1;2;2;5;1;1"
"1",2,"critical_wave_fifo",12,"case_000061",7,7,0,0.052719999104738235,0.05367039889097214,275.79568055594325,270.13050534593157,"critical_wave","fifo","fifo_critical_wave",128,7,"1;7;3;1;1;2;4"
"1",2,"critical_wave_fifo",12,"case_000062",7,7,0,0.06534399837255478,0.06673600152134895,357.41712937189027,349.684631627886,"critical_wave","fifo","fifo_critical_wave",128,10,"1;2;10;3;1;1;1"
"1",2,"critical_wave_fifo",12,"case_000063",8,8,0,0.06844799965620041,0.07096320167183877,299.59587995267856,293.27723382463466,"critical_wave","fifo","fifo_critical_wave",128,6,"2;1;6;1;2;1;2;1"
"1",2,"critical_wave_fifo",12,"case_000064",7,7,0,0.06305600330233574,0.06438719853758812,279.0206278638069,273.1489326625621,"critical_wave","fifo","fifo_critical_wave",128,4,"1;1;4;1;3;4;1"
"1",2,"critical_wave_fifo",12,"case_000065",9,8,1,0.05817599967122078,0.06234560124576092,330.17410087586603,250.65346676309218,"critical_wave","fifo","fifo_critical_wave",128,5,"3;5;4;5;2;4;5;5;1"
"1",2,"critical_wave_fifo",12,"case_000066",11,11,0,0.04809600114822388,0.05256320014595987,515.3520036647648,504.6493558830165,"critical_wave","fifo","fifo_critical_wave",128,16,"15;4;5;10;16;3;6;14;13;9;2"
"1",2,"critical_wave_fifo",12,"case_000067",8,8,0,0.05809599906206131,0.06180160157382489,175.4545486877859,172.1707546386259,"critical_wave","fifo","fifo_critical_wave",128,4,"1;4;1;1;2;1;1;1"
"1",2,"critical_wave_fifo",12,"case_000068",10,10,0,0.0581279993057251,0.060153599455952646,566.0394716657548,553.8078788964856,"critical_wave","fifo","fifo_critical_wave",128,19,"9;12;7;4;13;1;6;15;17;19"
"1",2,"critical_wave_fifo",12,"case_000069",5,5,0,0.07763200253248215,0.07936320081353188,406.0695926890458,396.9398056826699,"critical_wave","fifo","fifo_critical_wave",128,8,"1;2;5;8;1"
"1",2,"critical_wave_fifo",12,"case_000070",10,10,0,0.05471999943256378,0.056384000927209854,231.3066316383728,226.98479767542756,"critical_wave","fifo","fifo_critical_wave",128,5,"1;5;1;1;1;1;1;1;1;3"
"1",2,"critical_wave_fifo",12,"case_000071",4,4,0,0.07278400287032127,0.07396159693598747,488.1992403647963,477.0876927704584,"critical_wave","fifo","fifo_critical_wave",128,15,"1;15;4;3"
"1",2,"critical_wave_fifo",12,"case_000072",5,5,0,0.04225600138306618,0.0455743994563818,80.94291291297318,79.7576649396505,"critical_wave","fifo","fifo_critical_wave",128,4,"2;3;4;1;1"
"1",2,"critical_wave_fifo",12,"case_000073",7,7,0,0.0764320008456707,0.07722559943795204,489.84798285730994,478.9181441672723,"critical_wave","fifo","fifo_critical_wave",128,16,"16;1;1;2;2;1;1"
"1",2,"critical_wave_fifo",12,"case_000074",14,14,0,0.07519999891519547,0.08037439733743669,861.6694320045599,842.5940547081098,"critical_wave","fifo","fifo_critical_wave",128,22,"15;1;11;7;8;3;2;7;14;4;22;6;1;13"
"1",2,"critical_wave_fifo",12,"case_000075",9,9,0,0.056143999099731445,0.05714559927582741,580.72152769317,568.0752442187995,"critical_wave","fifo","fifo_critical_wave",128,27,"27;7;23;4;10;12;2;11;5"
"1",2,"critical_wave_fifo",12,"case_000076",6,6,0,0.06111999973654747,0.072086401283741,316.89315319840154,310.05654583909,"critical_wave","fifo","fifo_critical_wave",128,5,"1;5;4;2;4;1"
"1",2,"critical_wave_fifo",12,"case_000077",10,8,2,0.8075680136680603,0.8119968235492706,4216.485124285295,65.54316058109302,"critical_wave","fifo","fifo_critical_wave",176,1,"1;1;1;1;1;1;1;1;1;1"
"1",2,"critical_wave_fifo",12,"case_000078",8,8,0,0.06358399987220764,0.06524799764156342,455.87841057904154,445.9506803124857,"critical_wave","fifo","fifo_critical_wave",128,10,"2;1;7;3;1;10;1;1"
"1",2,"critical_wave_fifo",12,"case_000079",9,8,1,0.06864000111818314,0.07373120188713074,1043.4068119067613,364.45687051967474,"critical_wave","fifo","fifo_critical_wave",128,7,"5;3;4;4;7;2;5;7;2"
"1",2,"critical_wave_fifo",12,"case_000080",8,8,0,0.06390400230884552,0.06506880298256874,308.77726676078163,302.29342923840716,"critical_wave","fifo","fifo_critical_wave",128,5,"1;1;2;4;5;1;1;1"
"1",2,"critical_wave_fifo",12,"case_000081",9,9,0,0.06400000303983688,0.06554239988327026,314.5420650600536,308.01598537002576,"critical_wave","fifo","fifo_critical_wave",128,5,"1;1;2;4;5;1;1;1;1"
"1",2,"critical_wave_fifo",12,"case_000082",8,8,0,0.059328000992536545,0.06123520024120808,376.1692105353006,368.16396363578434,"critical_wave","fifo","fifo_critical_wave",128,39,"6;6;12;29;39;2;14;7"
"1",2,"critical_wave_fifo",12,"case_000083",8,8,0,0.07648000121116638,0.07705599814653397,283.2718147608617,277.2619202953672,"critical_wave","fifo","fifo_critical_wave",128,7,"7;1;1;1;1;1;1;1"
"1",2,"critical_wave_fifo",12,"case_000084",9,8,1,0.14692799746990204,0.1525344043970108,1349.2901323494243,191.069588393123,"critical_wave","fifo","fifo_critical_wave",128,4,"1;1;1;1;1;1;1;4;1"
"1",2,"critical_wave_fifo",12,"case_000085",6,6,0,0.06460800021886826,0.06880960240960121,358.92239601045196,351.06884477405544,"critical_wave","fifo","fifo_critical_wave",128,8,"1;8;7;1;1;1"
"1",2,"critical_wave_fifo",12,"case_000086",12,12,0,0.052671998739242554,0.05455999821424484,530.7331159843129,519.6646539939832,"critical_wave","fifo","fifo_critical_wave",128,17,"2;9;5;9;12;10;3;10;14;8;11;17"
"1",2,"critical_wave_fifo",12,"case_000087",5,5,0,0.06814399734139442,0.06947840005159378,270.3360105470302,264.441428490336,"critical_wave","fifo","fifo_critical_wave",128,4,"2;3;4;2;1"
"1",2,"critical_wave_fifo",12,"case_000088",7,7,0,0.08843200281262398,0.08912000060081482,428.0397678225652,418.48379345669497,"critical_wave","fifo","fifo_critical_wave",128,7,"2;1;7;1;2;3;2"
"1",2,"critical_wave_fifo",12,"case_000089",3,3,0,0.10436799749732018,0.10559999942779541,235.49583026761712,230.14932331739678,"critical_wave","fifo","fifo_critical_wave",128,6,"6;1;1"
"1",2,"critical_wave_fifo",12,"case_000090",17,17,0,0.07998399809002876,0.08106879889965057,552.1611334093304,540.498512606729,"critical_wave","fifo","fifo_critical_wave",128,7,"7;1;1;1;2;4;1;1;1;1;1;2;1;2;1;1;1"
"1",2,"critical_wave_fifo",12,"case_000091",13,11,2,0.20032000541687012,0.20211200416088104,1908.0292902578533,247.2485556144503,"critical_wave","fifo","fifo_critical_wave",128,2,"1;1;1;1;1;1;1;2;1;1;2;1;1"
"1",2,"critical_wave_fifo",12,"case_000092",8,8,0,0.0679200030863285,0.06954880058765411,610.5307237294114,596.9300082108053,"critical_wave","fifo","fifo_critical_wave",128,38,"24;38;1;11;16;1;3;12"
"1",2,"critical_wave_fifo",12,"case_000093",13,13,0,0.061824001371860504,0.0649408020079136,510.98446899263377,500.27328082451544,"critical_wave","fifo","fifo_critical_wave",128,30,"2;2;7;7;2;10;28;11;3;13;5;4;30"
"1",2,"critical_wave_fifo",12,"case_000094",5,5,0,0.05491200089454651,0.05661439895629883,165.15520476873886,161.83216519583337,"critical_wave","fifo","fifo_critical_wave",128,6,"2;1;6;1;1"
"1",2,"critical_wave_fifo",12,"case_000095",8,8,0,0.05603199824690819,0.05748480148613453,288.24986852742154,282.3529500105412,"critical_wave","fifo","fifo_critical_wave",128,9,"1;2;9;1;1;1;2;2"
"1",2,"critical_wave_fifo",12,"case_000096",17,17,0,0.0777600035071373,0.0798464022576809,806.1450171391299,788.5662195780607,"critical_wave","fifo","fifo_critical_wave",128,31,"31;7;1;8;12;3;5;1;4;1;3;14;9;3;1;6;17"
"1",2,"critical_wave_fifo",12,"case_000097",6,6,0,0.058111999183893204,0.05990720055997372,126.70082997317952,124.35242465385564,"critical_wave","fifo","fifo_critical_wave",128,4,"1;1;4;1;1;1"
"1",2,"critical_wave_fifo",12,"case_000098",3,2,1,0.045632001012563705,0.05547200106084347,123.03223289406614,27.842916633223904,"critical_wave","fifo","fifo_critical_wave",176,1,"1;1;1"
"1",2,"critical_wave_fifo",12,"case_000099",10,10,0,0.06511999666690826,0.06696000248193741,297.3877302091613,291.3415382535024,"critical_wave","fifo","fifo_critical_wave",128,5,"1;5;1;1;2;4;1;1;1;1"
"1",2,"critical_wave_release_lpt",12,"case_000000",7,7,0,0.05787200108170509,0.062307200953364374,504.4274298859255,493.33258685304855,"critical_wave","release_lpt","release_lpt_critical_wave",128,35,"35;19;5;19;20;10;4"
"1",2,"critical_wave_release_lpt",12,"case_000001",5,5,0,0.051392000168561935,0.05926399976015091,103.52984274884825,101.6886671633554,"critical_wave","release_lpt","release_lpt_critical_wave",128,4,"1;1;1;4;1"
"1",2,"critical_wave_release_lpt",12,"case_000002",6,6,0,0.07764800265431404,0.07885439693927765,441.30452725941683,431.42631947840334,"critical_wave","release_lpt","release_lpt_critical_wave",128,12,"4;2;1;12;1;1"
"1",2,"critical_wave_release_lpt",12,"case_000003",5,5,0,0.07844800129532814,0.08224320039153099,275.726040725631,269.647150350786,"critical_wave","release_lpt","release_lpt_critical_wave",128,4,"4;1;2;3;2"
"1",2,"critical_wave_release_lpt",12,"case_000004",4,4,0,0.061792001128196716,0.0629120022058487,219.90704518225002,215.14240932931511,"critical_wave","release_lpt","release_lpt_critical_wave",128,7,"1;1;3;7"
"1",2,"critical_wave_release_lpt",12,"case_000005",4,4,0,0.05152000114321709,0.11694719865918238,261.4723519619631,255.8111744478318,"critical_wave","release_lpt","release_lpt_critical_wave",128,7,"6;7;4;2"
"1",2,"critical_wave_release_lpt",12,"case_000006",14,14,0,0.08921600133180618,0.10294719859957704,630.7898671977017,616.9497755822103,"critical_wave","release_lpt","release_lpt_critical_wave",128,6,"1;1;2;1;6;2;1;1;1;1;4;3;2;3"
"1",2,"critical_wave_release_lpt",12,"case_000007",7,7,0,0.058400001376867294,0.06008960008621216,304.4394010415641,298.02519845306256,"critical_wave","release_lpt","release_lpt_critical_wave",128,6,"2;1;6;2;1;5;3"
"1",2,"critical_wave_release_lpt",12,"case_000008",9,9,0,0.061664000153541565,0.06332799792289734,616.1621074434598,602.5988568285552,"critical_wave","release_lpt","release_lpt_critical_wave",128,26,"2;26;9;9;11;16;26;11;7"
"1",2,"critical_wave_release_lpt",12,"case_000009",5,5,0,0.06204799935221672,0.06598400324583054,284.43224226809,278.25064756714346,"critical_wave","release_lpt","release_lpt_critical_wave",128,9,"4;2;9;1;1"
"1",2,"critical_wave_release_lpt",12,"case_000010",6,6,0,0.060095999389886856,0.07004160284996033,199.38665165149789,195.31416598714958,"critical_wave","release_lpt","release_lpt_critical_wave",128,8,"1;1;1;8;1;2"
"1",2,"critical_wave_release_lpt",12,"case_000011",9,9,0,0.06844799965620041,0.0706048034131527,442.4082154058521,432.83029670416784,"critical_wave","release_lpt","release_lpt_critical_wave",128,5,"1;1;3;3;5;1;4;1;3"
"1",2,"critical_wave_release_lpt",12,"case_000012",6,6,0,0.07356800138950348,0.09171840324997912,305.4023152408985,298.73509657604586,"critical_wave","release_lpt","release_lpt_critical_wave",128,6,"1;6;1;4;1;1"
"1",2,"critical_wave_release_lpt",12,"case_000013",9,9,0,0.0804160013794899,0.0816448025405407,570.3186850036203,557.6251396582987,"critical_wave","release_lpt","release_lpt_critical_wave",128,11,"1;4;1;1;1;6;1;1;11"
"1",2,"critical_wave_release_lpt",12,"case_000014",9,8,1,1.8761120438575745,1.8887935638427735,4058.4585422735167,27.020032287500385,"critical_wave","release_lpt","release_lpt_critical_wave",176,1,"1;1;1;1;1;1;1;1;1"
"1",2,"critical_wave_release_lpt",12,"case_000015",6,6,0,0.06348799914121628,0.0663071982562542,467.20000631967866,456.81855456634855,"critical_wave","release_lpt","release_lpt_critical_wave",128,40,"15;5;28;40;16;10"
"1",2,"critical_wave_release_lpt",12,"case_000016",10,10,0,0.06569600105285645,0.06746559962630272,484.7604949101435,474.3146538695622,"critical_wave","release_lpt","release_lpt_critical_wave",128,41,"29;8;41;2;12;14;1;12;2;2"
"1",2,"critical_wave_release_lpt",12,"case_000017",4,4,0,0.07254400104284286,0.1857536002993585,369.3916206272412,361.06572043815055,"critical_wave","release_lpt","release_lpt_critical_wave",128,14,"2;14;1;1"
"1",2,"critical_wave_release_lpt",12,"case_000018",14,14,0,0.0687360018491745,0.0705024003982544,324.5832016961857,318.20110875801066,"critical_wave","release_lpt","release_lpt_critical_wave",128,2,"1;1;1;2;2;1;1;1;2;1;1;2;1;1"
"1",2,"critical_wave_release_lpt",12,"case_000019",11,11,0,0.08939200267195702,0.09081919863820076,440.23164461831,430.6540053842739,"critical_wave","release_lpt","release_lpt_critical_wave",128,6,"1;2;1;2;1;2;3;1;1;6;1"
"1",2,"critical_wave_release_lpt",12,"case_000020",8,7,1,0.16096000373363495,0.16275519579648973,1222.7341457924767,165.6556621614204,"critical_wave","release_lpt","release_lpt_critical_wave",128,2,"1;1;2;1;1;1;1;1"
"1",2,"critical_wave_release_lpt",12,"case_000021",12,12,0,0.057231999933719635,0.05811839923262596,576.1103590680879,563.8691647570145,"critical_wave","release_lpt","release_lpt_critical_wave",128,24,"8;8;10;10;24;6;7;7;6;2;11;6"
"1",2,"critical_wave_release_lpt",12,"case_000022",9,9,0,0.06888000294566154,0.07054400071501732,323.65915085089557,316.8594521869817,"critical_wave","release_lpt","release_lpt_critical_wave",128,4,"2;1;1;1;2;1;3;1;4"
"1",2,"critical_wave_release_lpt",12,"case_000023",9,9,0,0.06907199695706367,0.07057600021362305,324.8772383104695,318.04680576494354,"critical_wave","release_lpt","release_lpt_critical_wave",128,4,"2;1;1;1;2;1;3;1;4"
"1",2,"critical_wave_release_lpt",12,"case_000024",5,5,0,0.04376000165939331,0.045452799648046494,98.98391727026393,97.35136742357842,"critical_wave","release_lpt","release_lpt_critical_wave",128,4,"4;1;1;4;1"
"1",2,"critical_wave_release_lpt",12,"case_000025",10,10,0,0.07969600334763527,0.08407679945230484,551.1286594436642,538.9664499565462,"critical_wave","release_lpt","release_lpt_critical_wave",128,11,"1;1;1;3;11;2;2;4;1;1"
"1",2,"critical_wave_release_lpt",12,"case_000026",6,6,0,0.06297600269317627,0.06468160077929497,269.69494781605636,263.9471431838132,"critical_wave","release_lpt","release_lpt_critical_wave",128,7,"1;1;1;7;2;4"
"1",2,"critical_wave_release_lpt",12,"case_000027",11,11,0,0.06881600245833397,0.07014399766921997,589.2621003167427,576.4129066348606,"critical_wave","release_lpt","release_lpt_critical_wave",128,37,"3;18;4;37;3;3;13;10;8;3;5"
"1",2,"critical_wave_release_lpt",12,"case_000028",6,6,0,0.08849600329995155,0.09042560234665871,313.20957790661237,306.2766112513788,"critical_wave","release_lpt","release_lpt_critical_wave",128,5,"5;3;1;2;1;2"
"1",2,"critical_wave_release_lpt",12,"case_000029",13,13,0,0.08640000224113464,0.08730560094118119,504.85625949709663,493.9288760768389,"critical_wave","release_lpt","release_lpt_critical_wave",128,15,"1;1;1;1;1;1;1;1;1;2;1;15;2"
"1",2,"critical_wave_release_lpt",12,"case_000030",10,10,0,0.07345600053668022,0.07535040006041527,320.3105879451051,313.6223022174515,"critical_wave","release_lpt","release_lpt_critical_wave",128,6,"1;1;2;6;1;3;1;1;1;1"
"1",2,"critical_wave_release_lpt",12,"case_000031",6,6,0,0.058399999514222145,0.06040640138089657,229.98647424182082,225.21424844870026,"critical_wave","release_lpt","release_lpt_critical_wave",128,4,"1;2;4;1;4;3"
"1",2,"critical_wave_release_lpt",12,"case_000032",6,5,1,1.3947679996490479,1.4012415528297424,4069.571584518877,21.358539920256145,"critical_wave","release_lpt","release_lpt_critical_wave",176,1,"1;1;1;1;1;1"
"1",2,"critical_wave_release_lpt",12,"case_000033",6,6,0,0.06644799932837486,0.06771200150251389,287.9449564379826,281.7394682943551,"critical_wave","release_lpt","release_lpt_critical_wave",128,9,"9;1;3;1;1;2"
"1",2,"critical_wave_release_lpt",12,"case_000034",4,4,0,0.06654400005936623,0.06803519651293755,257.7751957305972,252.09521497105763,"critical_wave","release_lpt","release_lpt_critical_wave",128,10,"1;3;10;1"
"1",2,"critical_wave_release_lpt",12,"case_000035",6,6,0,0.0644799992442131,0.06557120010256767,213.7075320334577,209.25856324681888,"critical_wave","release_lpt","release_lpt_critical_wave",128,3,"3;2;1;2;1;3"
"1",2,"critical_wave_release_lpt",12,"case_000036",9,9,0,0.08840000256896019,0.09682559743523599,564.7735148090421,552.1491242256888,"critical_wave","release_lpt","release_lpt_critical_wave",128,12,"1;1;2;1;3;3;1;12;2"
"1",2,"critical_wave_release_lpt",12,"case_000037",19,18,1,0.15169599652290344,0.15954559892416,2345.516282008666,591.6557460792912,"critical_wave","release_lpt","release_lpt_critical_wave",128,4,"4;1;3;1;2;2;1;1;1;1;1;2;2;2;4;1;3;3;3"
"1",2,"critical_wave_release_lpt",12,"case_000038",9,9,0,0.04731199890375137,0.048422399908304214,375.3276948649913,367.675355154371,"critical_wave","release_lpt","release_lpt_critical_wave",128,19,"5;16;19;14;8;10;3;13;5"
"1",2,"critical_wave_release_lpt",12,"case_000039",7,7,0,0.04878399893641472,0.04989759996533394,363.9381384691548,356.27157221476716,"critical_wave","release_lpt","release_lpt_critical_wave",128,21,"5;16;19;8;10;13;21"
"1",2,"critical_wave_release_lpt",12,"case_000040",8,8,0,0.07585599645972252,0.07721919938921928,378.92278334596864,370.67624594358745,"critical_wave","release_lpt","release_lpt_critical_wave",128,5,"1;1;3;2;5;3;2;1"
"1",2,"critical_wave_release_lpt",12,"case_000041",9,9,0,0.06294400244951248,0.06442239880561829,258.12711959383574,252.9374583824755,"critical_wave","release_lpt","release_lpt_critical_wave",128,4,"2;1;1;4;1;1;3;1;1"
"1",2,"critical_wave_release_lpt",12,"case_000042",13,13,0,0.08686399832367897,0.09118720144033432,966.8446353465416,945.0845641953528,"critical_wave","release_lpt","release_lpt_critical_wave",128,36,"17;36;2;2;33;1;5;10;1;3;5;4;1"
"1",2,"critical_wave_release_lpt",12,"case_000043",19,19,0,0.09110400080680847,0.09320640116930008,652.7976563193419,638.7523652600235,"critical_wave","release_lpt","release_lpt_critical_wave",128,7,"1;1;1;7;1;1;1;1;2;1;3;3;1;1;1;1;3;1;1"
"1",2,"critical_wave_release_lpt",12,"case_000044",13,12,1,0.06921599805355072,0.07002239674329758,880.0596160568568,371.0809165841739,"critical_wave","release_lpt","release_lpt_critical_wave",128,4,"2;1;4;1;1;2;1;3;1;1;3;2;1"
"1",2,"critical_wave_release_lpt",12,"case_000045",7,7,0,0.06155199930071831,0.06263360008597374,231.102987808781,226.37068102249924,"critical_wave","release_lpt","release_lpt_critical_wave",128,3,"1;2;1;3;3;1;2"
"1",2,"critical_wave_release_lpt",12,"case_000046",6,6,0,0.05615999922156334,0.05957760103046895,269.3044185476573,263.63533128959057,"critical_wave","release_lpt","release_lpt_critical_wave",128,7,"2;2;3;7;3;2"
"1",2,"critical_wave_release_lpt",12,"case_000047",9,9,0,0.08537600189447403,0.08650880232453347,415.6841167130954,406.5757031221056,"critical_wave","release_lpt","release_lpt_critical_wave",128,14,"14;1;1;1;2;1;1;1;1"
"1",2,"critical_wave_release_lpt",12,"case_000048",10,10,0,0.0488319993019104,0.05034559965133667,376.1824431235471,368.59764616059516,"critical_wave","release_lpt","release_lpt_critical_wave",128,22,"3;4;21;22;2;8;11;19;4;2"
"1",2,"critical_wave_release_lpt",12,"case_000049",12,12,0,0.09435200318694115,0.09569919854402542,315.83027591855495,309.1931386151821,"critical_wave","release_lpt","release_lpt_critical_wave",128,5,"1;1;5;1;1;1;1;1;1;1;1;2"
"1",2,"critical_wave_release_lpt",12,"case_000050",4,4,0,0.060256000608205795,0.06416959688067436,356.33241913297525,348.38024077458044,"critical_wave","release_lpt","release_lpt_critical_wave",128,42,"12;22;33;42"
"1",2,"critical_wave_release_lpt",12,"case_000051",10,10,0,0.05044800043106079,0.05262720137834549,367.90471743995204,360.474465679781,"critical_wave","release_lpt","release_lpt_critical_wave",128,25,"18;13;4;2;25;3;5;8;11;9"
"1",2,"critical_wave_release_lpt",12,"case_000052",6,6,0,0.06244799867272377,0.06475520133972168,332.78872549485277,325.5670066634216,"critical_wave","release_lpt","release_lpt_critical_wave",128,5,"5;1;2;2;3;5"
"1",2,"critical_wave_release_lpt",12,"case_000053",11,11,0,0.058687999844551086,0.059462398290634155,636.1552557744283,622.3729569374864,"critical_wave","release_lpt","release_lpt_critical_wave",128,24,"13;4;5;4;9;24;13;16;12;4;11"
"1",2,"critical_wave_release_lpt",12,"case_000054",8,7,1,0.07814399898052216,0.07899519801139832,402.6014139338045,170.1326803522535,"critical_wave","release_lpt","release_lpt_critical_wave",128,3,"1;1;1;3;1;1;1;1"
"1",2,"critical_wave_release_lpt",12,"case_000055",5,5,0,0.05161599814891815,0.05823040008544922,197.7177107484436,193.66646695777436,"critical_wave","release_lpt","release_lpt_critical_wave",128,6,"6;3;1;4;1"
"1",2,"critical_wave_release_lpt",12,"case_000056",7,7,0,0.05724800005555153,0.0609343983232975,511.3909799397612,500.14086033077854,"critical_wave","release_lpt","release_lpt_critical_wave",128,32,"11;22;21;32;18;6;3"
"1",2,"critical_wave_release_lpt",12,"case_000057",8,8,0,0.0767040029168129,0.07764160260558128,357.93262885869694,350.17103382635344,"critical_wave","release_lpt","release_lpt_critical_wave",128,7,"3;7;1;1;2;1;1;1"
"1",2,"critical_wave_release_lpt",12,"case_000058",8,8,0,0.05852799862623215,0.06082880087196827,309.92992744962703,303.4882520660608,"critical_wave","release_lpt","release_lpt_critical_wave",128,11,"1;1;2;1;1;1;2;11"
"1",2,"critical_wave_release_lpt",12,"case_000059",8,7,1,0.28507199883461,0.28695039451122284,3554.5615519393364,76.68720915898618,"critical_wave","release_lpt","release_lpt_critical_wave",176,1,"1;1;1;1;1;1;1;1"
"1",2,"critical_wave_release_lpt",12,"case_000060",13,13,0,0.07673599943518639,0.0803295984864235,374.95822794752803,367.18932713971975,"critical_wave","release_lpt","release_lpt_critical_wave",128,5,"1;1;2;1;1;1;1;1;2;2;5;1;1"
"1",2,"critical_wave_release_lpt",12,"case_000061",7,7,0,0.0545439999550581,0.05546240136027336,266.57282274824524,261.09709613769064,"critical_wave","release_lpt","release_lpt_critical_wave",128,7,"1;7;3;1;1;2;4"
"1",2,"critical_wave_release_lpt",12,"case_000062",7,7,0,0.06590400263667107,0.06665920093655586,354.3800586552615,346.7132660510919,"critical_wave","release_lpt","release_lpt_critical_wave",128,10,"1;2;10;3;1;1;1"
"1",2,"critical_wave_release_lpt",12,"case_000063",8,8,0,0.06940799951553345,0.07115199789404869,295.45209242647326,289.22084111511384,"critical_wave","release_lpt","release_lpt_critical_wave",128,6,"2;1;6;1;2;1;2;1"
"1",2,"critical_wave_release_lpt",12,"case_000064",7,7,0,0.06398400291800499,0.06513599678874016,274.9738189176204,269.1872845478582,"critical_wave","release_lpt","release_lpt_critical_wave",128,4,"1;1;4;1;3;4;1"
"1",2,"critical_wave_release_lpt",12,"case_000065",9,8,1,0.05703999847173691,0.05957439914345741,336.7498053759169,255.64544864469678,"critical_wave","release_lpt","release_lpt_critical_wave",128,5,"3;5;4;5;2;4;5;5;1"
"1",2,"critical_wave_release_lpt",12,"case_000066",11,11,0,0.04859200119972229,0.05006080083549023,510.0915777912365,499.4981766698408,"critical_wave","release_lpt","release_lpt_critical_wave",128,16,"15;4;5;10;16;3;6;14;13;9;2"
"1",2,"critical_wave_release_lpt",12,"case_000067",8,8,0,0.05899199843406677,0.06027520038187504,172.78965904829585,169.55574087186346,"critical_wave","release_lpt","release_lpt_critical_wave",128,4,"1;4;1;1;2;1;1;1"
"1",2,"critical_wave_release_lpt",12,"case_000068",10,10,0,0.05689600110054016,0.058432001248002054,578.2962137858864,565.7997640838483,"critical_wave","release_lpt","release_lpt_critical_wave",128,19,"9;12;7;4;13;1;6;15;17;19"
"1",2,"critical_wave_release_lpt",12,"case_000069",5,5,0,0.07836800068616867,0.07950080186128616,402.2559638115629,393.21191979111757,"critical_wave","release_lpt","release_lpt_critical_wave",128,8,"1;2;5;8;1"
"1",2,"critical_wave_release_lpt",12,"case_000070",10,10,0,0.05756799876689911,0.06058239936828613,219.86344884508432,215.7554242990586,"critical_wave","release_lpt","release_lpt_critical_wave",128,5,"1;5;1;1;1;1;1;1;1;3"
"1",2,"critical_wave_release_lpt",12,"case_000071",4,4,0,0.07468800246715546,0.08077760189771653,475.75371864612276,464.92543451366583,"critical_wave","release_lpt","release_lpt_critical_wave",128,15,"1;15;4;3"
"1",2,"critical_wave_release_lpt",12,"case_000072",5,5,0,0.043056000024080276,0.04483519867062569,79.4389594501832,78.27573388412993,"critical_wave","release_lpt","release_lpt_critical_wave",128,4,"2;3;4;1;1"
"1",2,"critical_wave_release_lpt",12,"case_000073",7,7,0,0.07755200192332268,0.08059840202331543,482.7736294546953,472.0016387996253,"critical_wave","release_lpt","release_lpt_critical_wave",128,16,"16;1;1;2;2;1;1"
"1",2,"critical_wave_release_lpt",12,"case_000074",14,14,0,0.07923199981451035,0.08139840140938759,817.8203314784079,799.7156723083979,"critical_wave","release_lpt","release_lpt_critical_wave",128,22,"15;1;11;7;8;3;2;7;14;4;22;6;1;13"
"1",2,"critical_wave_release_lpt",12,"case_000075",9,9,0,0.056784000247716904,0.057734400033950806,574.1763311102919,561.672581376166,"critical_wave","release_lpt","release_lpt_critical_wave",128,27,"27;7;23;4;10;12;2;11;5"
"1",2,"critical_wave_release_lpt",12,"case_000076",6,6,0,0.06155199930071831,0.06416960284113885,314.66905478363515,307.8804298039893,"critical_wave","release_lpt","release_lpt_critical_wave",128,5,"1;5;4;2;4;1"
"1",2,"critical_wave_release_lpt",12,"case_000077",10,8,2,0.8080480098724365,0.8114624142646789,4213.980450267491,65.50422667132854,"critical_wave","release_lpt","release_lpt_critical_wave",176,1,"1;1;1;1;1;1;1;1;1;1"
"1",2,"critical_wave_release_lpt",12,"case_000078",8,8,0,0.06516799703240395,0.0663679987192154,444.7976632700066,435.1112400447213,"critical_wave","release_lpt","release_lpt_critical_wave",128,10,"2;1;7;3;1;10;1;1"
"1",2,"critical_wave_release_lpt",12,"case_000079",9,8,1,0.07088000327348709,0.07328319922089577,1010.4323000615534,352.93903561877295,"critical_wave","release_lpt","release_lpt_critical_wave",128,7,"5;3;4;4;7;2;5;7;2"
"1",2,"critical_wave_release_lpt",12,"case_000080",8,8,0,0.06433599814772606,0.06842239946126938,306.70392526889594,300.2636246606952,"critical_wave","release_lpt","release_lpt_critical_wave",128,5,"1;1;2;4;5;1;1;1"
"1",2,"critical_wave_release_lpt",12,"case_000081",9,9,0,0.06510400027036667,0.06624319776892662,309.20823661219583,302.7928225321779,"critical_wave","release_lpt","release_lpt_critical_wave",128,5,"1;1;2;4;5;1;1;1;1"
"1",2,"critical_wave_release_lpt",12,"case_000082",8,8,0,0.05990400165319443,0.06122240051627159,372.55219484673455,364.6239215612608,"critical_wave","release_lpt","release_lpt_critical_wave",128,39,"6;6;12;29;39;2;14;7"
"1",2,"critical_wave_release_lpt",12,"case_000083",8,8,0,0.07851200178265572,0.08086399734020233,275.940343439135,270.0859934599763,"critical_wave","release_lpt","release_lpt_critical_wave",128,7,"7;1;1;1;1;1;1;1"
"1",2,"critical_wave_release_lpt",12,"case_000084",9,8,1,0.1467360034584999,0.14812160283327103,1351.0555860823138,191.31958986425425,"critical_wave","release_lpt","release_lpt_critical_wave",128,4,"1;1;1;1;1;1;1;4;1"
"1",2,"critical_wave_release_lpt",12,"case_000085",6,6,0,0.06511999666690826,0.06804160252213479,356.10042117499034,348.30861733637244,"critical_wave","release_lpt","release_lpt_critical_wave",128,8,"1;8;7;1;1;1"
"1",2,"critical_wave_release_lpt",12,"case_000086",12,12,0,0.05060800164937973,0.05324479937553406,552.3785390633503,540.8586608425286,"critical_wave","release_lpt","release_lpt_critical_wave",128,17,"2;9;5;9;12;10;3;10;14;8;11;17"
"1",2,"critical_wave_release_lpt",12,"case_000087",5,5,0,0.0708640031516552,0.07337919995188713,259.95957841353925,254.29125082639504,"critical_wave","release_lpt","release_lpt_critical_wave",128,4,"2;3;4;2;1"
"1",2,"critical_wave_release_lpt",12,"case_000088",7,7,0,0.0891680009663105,0.09030400142073632,424.50670130309885,415.0296025362522,"critical_wave","release_lpt","release_lpt_critical_wave",128,7,"2;1;7;1;2;3;2"
"1",2,"critical_wave_release_lpt",12,"case_000089",3,3,0,0.10568000003695488,0.11031679734587671,232.57218220481948,227.29205139667343,"critical_wave","release_lpt","release_lpt_critical_wave",128,6,"6;1;1"
"1",2,"critical_wave_release_lpt",12,"case_000090",17,17,0,0.08048000186681747,0.08180159702897072,548.7581264359933,537.1673831660852,"critical_wave","release_lpt","release_lpt_critical_wave",128,7,"7;1;1;1;2;4;1;1;1;1;1;2;1;2;1;1;1"
"1",2,"critical_wave_release_lpt",12,"case_000091",13,11,2,0.20043200254440308,0.2021216034889221,1906.9631241913326,247.11039839572297,"critical_wave","release_lpt","release_lpt_critical_wave",128,2,"1;1;1;1;1;1;1;2;1;1;2;1;1"
"1",2,"critical_wave_release_lpt",12,"case_000092",8,8,0,0.0692799985408783,0.07050560042262077,598.5457493266613,585.2120215631577,"critical_wave","release_lpt","release_lpt_critical_wave",128,38,"24;38;1;11;16;1;3;12"
"1",2,"critical_wave_release_lpt",12,"case_000093",13,13,0,0.08471999689936638,0.08663680329918862,372.8884049597536,365.0719680353449,"critical_wave","release_lpt","release_lpt_critical_wave",128,4,"1;1;1;1;1;1;3;2;1;2;1;1;4"
"1",2,"critical_wave_release_lpt",12,"case_000094",5,5,0,0.055904000997543335,0.057443201541900635,162.22457409441108,158.96050088419454,"critical_wave","release_lpt","release_lpt_critical_wave",128,6,"2;1;6;1;1"
"1",2,"critical_wave_release_lpt",12,"case_000095",8,8,0,0.05648000165820122,0.057734400033950806,285.9634499613148,280.1133062237212,"critical_wave","release_lpt","release_lpt_critical_wave",128,9,"1;2;9;1;1;1;2;2"
"1",2,"critical_wave_release_lpt",12,"case_000096",17,17,0,0.08164799958467484,0.09163519740104675,767.7571977129738,751.0154849098034,"critical_wave","release_lpt","release_lpt_critical_wave",128,31,"31;7;1;8;12;3;5;1;4;1;3;14;9;3;1;6;17"
"1",2,"critical_wave_release_lpt",12,"case_000097",6,6,0,0.05883200094103813,0.05980160050094128,125.15023134057758,122.83056643343339,"critical_wave","release_lpt","release_lpt_critical_wave",128,4,"1;1;4;1;1;1"
"1",2,"critical_wave_release_lpt",12,"case_000098",3,2,1,0.04572799988090992,0.04750720039010048,122.77394573611701,27.784464732961297,"critical_wave","release_lpt","release_lpt_critical_wave",176,1,"1;1;1"
"1",2,"critical_wave_release_lpt",12,"case_000099",10,10,0,0.06540799885988235,0.06694720312952995,296.078283047396,290.0587134708454,"critical_wave","release_lpt","release_lpt_critical_wave",128,5,"1;5;1;1;2;4;1;1;1;1"
"1",4,"fa3_native_fifo",16,"case_000000",7,7,0,0.05484800040721893,0.060419201105833056,532.238633154579,260.78879619679594,"fa3_native","fifo","fifo",128,57,"18;10;3;10;10;5;2"
"1",4,"fa3_native_fifo",16,"case_000001",5,5,0,0.049008000642061234,0.05149120055139065,108.5660632201669,53.73555267504254,"fa3_native","fifo","fifo",128,19,"5;5;7;19;2"
"1",4,"fa3_native_fifo",16,"case_000002",6,6,0,0.06185600161552429,0.06444799900054932,553.9707418689668,271.18261061009287,"fa3_native","fifo","fifo",128,57,"12;5;4;30;2;1"
"1",4,"fa3_native_fifo",16,"case_000003",5,5,0,0.05353600159287453,0.055321599915623666,404.03011350176934,197.9438076191787,"fa3_native","fifo","fifo",128,53,"21;4;6;16;8"
"1",4,"fa3_native_fifo",16,"case_000004",4,4,0,0.056464001536369324,0.062284798547625544,240.65769365012932,118.01189817742527,"fa3_native","fifo","fifo",128,51,"2;5;16;30"
"1",4,"fa3_native_fifo",16,"case_000005",4,4,0,0.0521440003067255,0.05869119875133038,258.34335288354373,126.68916771136087,"fa3_native","fifo","fifo",128,34,"16;20;10;6"
"1",4,"fa3_native_fifo",16,"case_000006",14,14,0,0.07227199897170067,0.07560960128903389,778.6770870145164,381.58955601599905,"fa3_native","fifo","fifo",128,57,"1;1;3;2;13;4;2;2;2;1;9;8;4;7"
"1",4,"fa3_native_fifo",16,"case_000007",7,7,0,0.05798399820923805,0.059622399508953094,306.6235856286191,150.57616359075027,"fa3_native","fifo","fifo",128,33,"6;2;13;5;1;13;8"
"1",4,"fa3_native_fifo",16,"case_000008",9,9,0,0.06294400244951248,0.07026239782571793,603.6320985224269,295.75799560779575,"fa3_native","fifo","fifo",128,56,"1;13;5;5;6;8;13;6;4"
"1",4,"fa3_native_fifo",16,"case_000009",5,5,0,0.054496001452207565,0.056326400488615036,323.8485597787851,158.78097051925045,"fa3_native","fifo","fifo",128,57,"14;5;24;3;1"
"1",4,"fa3_native_fifo",16,"case_000010",6,6,0,0.06019200012087822,0.06377279981970788,199.06864819140313,97.90962234457834,"fa3_native","fifo","fifo",128,47,"2;6;6;28;1;6"
"1",4,"fa3_native_fifo",16,"case_000011",9,9,0,0.06080000102519989,0.06419519633054734,498.0585010755013,244.244206407909,"fa3_native","fifo","fifo",128,44,"1;3;9;8;13;4;11;3;8"
"1",4,"fa3_native_fifo",16,"case_000012",6,6,0,0.0568000003695488,0.058822400867938995,395.5605247503712,193.8952100060961,"fa3_native","fifo","fifo",128,57,"2;26;3;19;5;4"
"1",4,"fa3_native_fifo",16,"case_000013",9,9,0,0.06915199756622314,0.07111679762601852,663.2165342162345,324.7607703377379,"fa3_native","fifo","fifo",128,57,"1;9;1;3;1;16;3;2;25"
"1",4,"fa3_native_fifo",16,"case_000014",9,8,1,1.7314559817314148,1.760492777824402,4397.526146198679,15.263251436269828,"fa3_native","fifo","fifo",128,1,"1;1;1;1;1;1;1;1;1"
"1",4,"fa3_native_fifo",16,"case_000015",6,6,0,0.05814399942755699,0.06096000149846077,510.1402361727128,249.82498870064956,"fa3_native","fifo","fifo",128,57,"8;3;14;20;8;5"
"1",4,"fa3_native_fifo",16,"case_000016",10,10,0,0.06809599697589874,0.0692639984190464,467.6754493406061,229.40038612737894,"fa3_native","fifo","fifo",128,57,"12;3;17;1;5;6;1;5;1;1"
"1",4,"fa3_native_fifo",16,"case_000017",4,4,0,0.06707199662923813,0.0726335994899273,399.52808114733455,195.50573501615096,"fa3_native","fifo","fifo",128,57,"6;42;1;2"
"1",4,"fa3_native_fifo",16,"case_000018",14,14,0,0.06332799792289734,0.06509759649634361,352.30154566331606,173.59272929146536,"fa3_native","fifo","fifo",128,22,"4;2;5;9;7;5;1;2;9;3;3;7;3;4"
"1",4,"fa3_native_fifo",16,"case_000019",11,11,0,0.07118399813771248,0.07293439656496048,552.8375671715905,271.0379931550724,"fa3_native","fifo","fifo",128,57,"3;7;2;5;1;5;12;2;3;22;1"
"1",4,"fa3_native_fifo",16,"case_000020",8,7,1,0.19659200310707092,0.19971520006656646,1001.115455163299,73.29502610618516,"fa3_native","fifo","fifo",128,1,"1;1;1;1;1;1;1;1"
"1",4,"fa3_native_fifo",16,"case_000021",12,12,0,0.06735999882221222,0.06935999915003777,489.4885482261525,240.27363840545362,"fa3_native","fifo","fifo",128,51,"4;4;5;5;12;3;4;4;3;1;6;3"
"1",4,"fa3_native_fifo",16,"case_000022",9,9,0,0.05696000158786774,0.060140798240900045,391.3911980779941,192.2314553153419,"fa3_native","fifo","fifo",128,36,"8;4;5;3;9;3;9;4;14"
"1",4,"fa3_native_fifo",16,"case_000023",9,9,0,0.0785440020263195,0.08310399800539017,285.69870438331566,140.31533555301868,"fa3_native","fifo","fifo",128,36,"8;4;5;3;9;3;9;4;14"
"1",4,"fa3_native_fifo",16,"case_000024",5,5,0,0.06644799932837486,0.06921919733285904,65.1868593152711,32.364074490376325,"fa3_native","fifo","fifo",128,12,"12;3;3;12;2"
"1",4,"fa3_native_fifo",16,"case_000025",10,10,0,0.08579199761152267,0.08814400061964989,511.9679307024407,250.81239042171424,"fa3_native","fifo","fifo",128,57,"3;1;1;7;23;4;6;11;2;2"
"1",4,"fa3_native_fifo",16,"case_000026",6,6,0,0.05455999821424484,0.05693119876086712,311.2960101887547,152.78123667210195,"fa3_native","fifo","fifo",128,48,"1;4;2;19;7;12"
"1",4,"fa3_native_fifo",16,"case_000027",11,11,0,0.06044800020754337,0.06231360100209713,670.8354619635479,328.8491253928921,"fa3_native","fifo","fifo",128,57,"2;9;2;19;2;2;7;5;4;2;3"
"1",4,"fa3_native_fifo",16,"case_000028",6,6,0,0.0591839998960495,0.06064959987998009,468.33258800830305,229.3982161368961,"fa3_native","fifo","fifo",128,57,"24;15;2;7;1;6"
"1",4,"fa3_native_fifo",16,"case_000029",13,13,0,0.07107199728488922,0.0736608013510704,613.7379505060576,300.9761483732495,"fa3_native","fifo","fifo",128,57,"2;1;2;2;3;4;1;1;1;5;3;31;4"
"1",4,"fa3_native_fifo",16,"case_000030",10,10,0,0.06169600039720535,0.06291520148515702,381.36564069825477,187.36514402193922,"fa3_native","fifo","fifo",128,57,"2;1;4;20;4;9;3;3;2;1"
"1",4,"fa3_native_fifo",16,"case_000031",6,6,0,0.05000000074505806,0.053257599100470544,268.6241956771876,132.0166380327988,"fa3_native","fifo","fifo",128,27,"2;8;16;2;14;13"
"1",4,"fa3_native_fifo",16,"case_000032",6,5,1,1.3008480072021484,1.304694402217865,4363.39079349948,12.272117812084414,"fa3_native","fifo","fifo",128,1,"1;1;1;1;1;1"
"1",4,"fa3_native_fifo",16,"case_000033",6,6,0,0.061216000467538834,0.0625951997935772,312.554987680809,153.31102862521468,"fa3_native","fifo","fifo",128,57,"26;1;11;2;2;8"
"1",4,"fa3_native_fifo",16,"case_000034",4,4,0,0.055904000997543335,0.057548798620700836,306.83658296217106,150.33085020818658,"fa3_native","fifo","fifo",128,57,"5;11;26;3"
"1",4,"fa3_native_fifo",16,"case_000035",6,6,0,0.05729600042104721,0.058454401418566705,240.50302643704399,118.17704464957214,"fa3_native","fifo","fifo",128,28,"16;10;2;11;1;13"
"1",4,"fa3_native_fifo",16,"case_000036",9,9,0,0.07039999961853027,0.07236799895763397,709.1758583881978,347.18545642671506,"fa3_native","fifo","fifo",128,57,"1;3;5;1;8;7;2;26;4"
"1",4,"fa3_native_fifo",16,"case_000037",19,18,1,0.1558239981532097,0.1649119958281517,2283.3801851892163,289.30527091004063,"fa3_native","fifo","fifo",128,2,"2;1;2;1;1;1;1;1;1;1;1;1;1;1;2;1;2;2;2"
"1",4,"fa3_native_fifo",16,"case_000038",9,9,0,0.05318399891257286,0.05518079921603203,333.88808384248955,164.23345702827763,"fa3_native","fifo","fifo",128,25,"3;8;10;7;4;5;2;7;3"
"1",4,"fa3_native_fifo",16,"case_000039",7,7,0,0.053008001297712326,0.0546271987259388,334.93731748694,164.4817345787433,"fa3_native","fifo","fifo",128,27,"3;8;10;4;5;7;11"
"1",4,"fa3_native_fifo",16,"case_000040",8,8,0,0.0634399987757206,0.06863679885864259,453.08269020649124,222.12762093231828,"fa3_native","fifo","fifo",128,57,"2;3;10;8;17;9;8;1"
"1",4,"fa3_native_fifo",16,"case_000041",9,9,0,0.05158400163054466,0.05344640091061592,314.9727344607415,155.0347345535232,"fa3_native","fifo","fifo",128,34,"8;2;3;13;2;2;9;3;3"
"1",4,"fa3_native_fifo",16,"case_000042",13,13,0,0.08347200229763985,0.08645120188593865,1006.133655264846,492.3825818080573,"fa3_native","fifo","fifo",128,57,"9;18;1;1;17;1;3;5;1;2;3;2;1"
"1",4,"fa3_native_fifo",16,"case_000043",19,19,0,0.08036800101399422,0.08258240222930908,740.0019592081711,363.0085560411037,"fa3_native","fifo","fifo",128,57,"1;2;2;17;1;1;2;1;5;1;7;8;3;2;1;2;7;1;2"
"1",4,"fa3_native_fifo",16,"case_000044",13,12,1,0.09297600015997887,0.09447359666228294,655.1605206417588,139.90982595096997,"fa3_native","fifo","fifo",128,2,"2;1;2;1;1;2;2;2;1;1;2;2;2"
"1",4,"fa3_native_fifo",16,"case_000045",7,7,0,0.050783999264240265,0.052665598690509796,280.1049769630191,137.74921434606028,"fa3_native","fifo","fifo",128,25,"5;10;2;13;15;6;6"
"1",4,"fa3_native_fifo",16,"case_000046",6,6,0,0.0533440001308918,0.057984001189470294,283.52084393539,139.23695226782814,"fa3_native","fifo","fifo",128,36,"5;5;12;21;10;6"
"1",4,"fa3_native_fifo",16,"case_000047",9,9,0,0.06769600138068199,0.07106879726052284,524.2473294165261,256.924598872442,"fa3_native","fifo","fifo",128,57,"37;1;4;3;7;1;1;1;3"
"1",4,"fa3_native_fifo",16,"case_000048",10,10,0,0.062192000448703766,0.06465600058436394,295.37144114139636,145.3666055887165,"fa3_native","fifo","fifo",128,29,"2;2;11;11;1;4;6;10;2;1"
"1",4,"fa3_native_fifo",16,"case_000049",12,12,0,0.06524799764156342,0.06898560300469399,456.7070297497941,224.3080022225386,"fa3_native","fifo","fifo",128,57,"1;2;27;2;1;3;4;2;5;6;1;7"
"1",4,"fa3_native_fifo",16,"case_000050",4,4,0,0.05448000133037567,0.05819839984178543,394.110975398024,192.95858559641323,"fa3_native","fifo","fifo",128,54,"6;11;17;21"
"1",4,"fa3_native_fifo",16,"case_000051",10,10,0,0.05844799987971783,0.06175360046327114,317.548203226721,156.26827297420422,"fa3_native","fifo","fifo",128,32,"9;7;2;1;13;2;3;4;6;5"
"1",4,"fa3_native_fifo",16,"case_000052",6,6,0,0.05403200164437294,0.057017601653933526,384.62372770830524,188.5934203783329,"fa3_native","fifo","fifo",128,38,"15;3;7;7;8;15"
"1",4,"fa3_native_fifo",16,"case_000053",11,11,0,0.06059199944138527,0.06351039931178093,616.1651686063992,302.1515739501307,"fa3_native","fifo","fifo",128,51,"7;2;3;2;5;12;7;8;6;2;6"
"1",4,"fa3_native_fifo",16,"case_000054",8,7,1,0.08567999675869942,0.08784319832921028,367.1905423689883,79.75948014150852,"fa3_native","fifo","fifo",128,5,"1;3;3;3;3;1;2;1"
"1",4,"fa3_native_fifo",16,"case_000055",5,5,0,0.04950400069355965,0.051689598336815835,206.1529744873266,101.3781498401787,"fa3_native","fifo","fifo",128,26,"15;10;3;11;2"
"1",4,"fa3_native_fifo",16,"case_000056",7,7,0,0.05508799850940704,0.058249599114060406,531.4426307029597,260.3961731800882,"fa3_native","fifo","fifo",128,54,"6;11;11;16;9;3;2"
"1",4,"fa3_native_fifo",16,"case_000057",8,8,0,0.06351999938488007,0.06488320231437683,432.2239558228837,211.9415637652626,"fa3_native","fifo","fifo",128,57,"10;24;5;4;5;3;3;1"
"1",4,"fa3_native_fifo",16,"case_000058",8,8,0,0.06207999959588051,0.06388480216264725,292.19681839694636,143.5896916563691,"fa3_native","fifo","fifo",128,57,"3;2;4;2;2;1;6;30"
"1",4,"fa3_native_fifo",16,"case_000059",8,7,1,0.3323040008544922,0.3359839886426926,3049.3342360801184,36.13539400405228,"fa3_native","fifo","fifo",128,1,"1;1;1;1;1;1;1;1"
"1",4,"fa3_native_fifo",16,"case_000060",13,13,0,0.06532799825072289,0.06669760122895241,440.4358795377848,216.47024826516122,"fa3_native","fifo","fifo",128,56,"1;1;7;3;2;4;3;2;8;7;17;3;1"
"1",4,"fa3_native_fifo",16,"case_000061",7,7,0,0.05382400006055832,0.05714559927582741,270.1387488042667,132.82758605744993,"fa3_native","fifo","fifo",128,35,"4;21;9;2;2;6;14"
"1",4,"fa3_native_fifo",16,"case_000062",7,7,0,0.0626240000128746,0.06907840222120286,372.941113873252,182.89422581830144,"fa3_native","fifo","fifo",128,57,"3;8;32;12;3;2;1"
"1",4,"fa3_native_fifo",16,"case_000063",8,8,0,0.05483200028538704,0.05629760026931763,373.99216846490157,183.6498385539232,"fa3_native","fifo","fifo",128,57,"6;2;23;3;9;2;7;2"
"1",4,"fa3_native_fifo",16,"case_000064",7,7,0,0.05697600170969963,0.06029760017991067,308.79537180659696,151.65177865629406,"fa3_native","fifo","fifo",128,34,"4;1;13;2;11;14;2"
"1",4,"fa3_native_fifo",16,"case_000065",9,8,1,0.07155200093984604,0.07267840206623077,268.4510304631228,103.78711849362823,"fa3_native","fifo","fifo",128,5,"2;5;2;5;1;2;5;3;1"
"1",4,"fa3_native_fifo",16,"case_000066",11,11,0,0.06494400277733803,0.06729599833488464,381.65757421790937,187.55948939215165,"fa3_native","fifo","fifo",128,28,"8;2;3;5;8;2;3;7;7;5;1"
"1",4,"fa3_native_fifo",16,"case_000067",8,8,0,0.049984000623226166,0.051452800258994104,203.92940078636886,100.71190655477162,"fa3_native","fifo","fifo",128,29,"3;17;2;5;8;2;2;3"
"1",4,"fa3_native_fifo",16,"case_000068",10,10,0,0.06188800185918808,0.06413759663701057,531.6497709986279,260.74249475230516,"fa3_native","fifo","fifo",128,40,"5;6;4;2;7;1;3;8;9;10"
"1",4,"fa3_native_fifo",16,"case_000069",5,5,0,0.06094399839639664,0.06386560127139092,517.2616906911687,253.15201506227723,"fa3_native","fifo","fifo",128,57,"2;6;20;29;4"
"1",4,"fa3_native_fifo",16,"case_000070",10,10,0,0.05945600010454655,0.06329279765486717,212.88177357615623,105.14101165581052,"fa3_native","fifo","fifo",128,27,"4;16;4;3;2;2;5;1;4;12"
"1",4,"fa3_native_fifo",16,"case_000071",4,4,0,0.06560000032186508,0.06854400038719177,541.6630295374632,264.9170718709214,"fa3_native","fifo","fifo",128,57,"1;38;10;6"
"1",4,"fa3_native_fifo",16,"case_000072",5,5,0,0.04600000008940697,0.04840959906578064,74.3548659424382,37.07826079749881,"fa3_native","fifo","fifo",128,9,"4;9;9;3;2"
"1",4,"fa3_native_fifo",16,"case_000073",7,7,0,0.06966400146484375,0.074099200963974,537.43771033443,263.13458335078303,"fa3_native","fifo","fifo",128,57,"43;2;3;3;4;1;2"
"1",4,"fa3_native_fifo",16,"case_000074",14,14,0,0.07851200178265572,0.0803712010383606,825.3201915724761,404.25513653138717,"fa3_native","fifo","fifo",128,57,"8;1;6;4;4;2;1;4;7;2;11;3;1;7"
"1",4,"fa3_native_fifo",16,"case_000075",9,9,0,0.06451199948787689,0.06623359769582748,505.3947976628279,247.76587498274165,"fa3_native","fifo","fifo",128,57,"14;4;12;2;5;6;1;6;3"
"1",4,"fa3_native_fifo",16,"case_000076",6,6,0,0.050912000238895416,0.052480001002550125,380.43112329346224,186.59459371903299,"fa3_native","fifo","fifo",128,37,"3;15;12;4;13;4"
"1",4,"fa3_native_fifo",16,"case_000077",10,8,2,0.8715199828147888,0.8767711877822876,3907.08025475491,32.81072214505598,"fa3_native","fifo","fifo",128,1,"1;1;1;1;1;1;1;1;1;1"
"1",4,"fa3_native_fifo",16,"case_000078",8,8,0,0.0628800019621849,0.0657472014427185,460.9823774724449,225.99286826590657,"fa3_native","fifo","fifo",128,57,"5;1;16;8;3;22;1;2"
"1",4,"fa3_native_fifo",16,"case_000079",9,8,1,0.09340800344944,0.09565119817852974,766.7377750426521,135.88214640376293,"fa3_native","fifo","fifo",128,5,"3;2;2;2;5;1;3;5;1"
"1",4,"fa3_native_fifo",16,"case_000080",8,8,0,0.05360000021755695,0.06609600260853768,368.13625164010074,180.81432762430197,"fa3_native","fifo","fifo",128,45,"4;2;6;15;18;3;2;4"
"1",4,"fa3_native_fifo",16,"case_000081",9,9,0,0.06268800050020218,0.06551999971270561,321.12514292005653,157.8192942996817,"fa3_native","fifo","fifo",128,45,"4;2;6;15;18;3;2;4;1"
"1",4,"fa3_native_fifo",16,"case_000082",8,8,0,0.06088000163435936,0.06268799975514412,366.579610658298,179.92745903307937,"fa3_native","fifo","fifo",128,50,"3;3;6;15;20;1;7;4"
"1",4,"fa3_native_fifo",16,"case_000083",8,8,0,0.060736000537872314,0.062089599668979645,356.70160274203243,175.10642626803053,"fa3_native","fifo","fifo",128,57,"34;2;6;5;3;3;3;3"
"1",4,"fa3_native_fifo",16,"case_000084",9,8,1,0.24844800680875778,0.2500544100999832,797.9476257364435,60.850075612146505,"fa3_native","fifo","fifo",128,1,"1;1;1;1;1;1;1;1;1"
"1",4,"fa3_native_fifo",16,"case_000085",6,6,0,0.061103999614715576,0.0625791996717453,379.50475232746254,186.00261965933348,"fa3_native","fifo","fifo",128,57,"1;27;25;3;4;2"
"1",4,"fa3_native_fifo",16,"case_000086",12,12,0,0.05982400104403496,0.06194560006260872,467.28359066828693,229.5907956722918,"fa3_native","fifo","fifo",128,29,"1;5;3;5;6;5;2;5;7;4;6;9"
"1",4,"fa3_native_fifo",16,"case_000087",5,5,0,0.05027199909090996,0.053145598620176315,366.44208937636967,179.63335779962796,"fa3_native","fifo","fifo",128,38,"9;13;15;9;2"
"1",4,"fa3_native_fifo",16,"case_000088",7,7,0,0.06359999999403954,0.06596800237894059,595.1637414394254,291.3891824172455,"fa3_native","fifo","fifo",128,57,"5;1;25;3;8;12;5"
"1",4,"fa3_native_fifo",16,"case_000089",3,3,0,0.0634239986538887,0.06486400216817856,387.5225268927922,189.55600805946463,"fa3_native","fifo","fifo",128,57,"37;7;3"
"1",4,"fa3_native_fifo",16,"case_000090",17,17,0,0.07100799679756165,0.07418559789657593,621.9588924034617,305.39163161894254,"fa3_native","fifo","fifo",128,57,"18;1;1;1;4;11;1;3;2;1;1;5;2;5;3;2;2"
"1",4,"fa3_native_fifo",16,"case_000091",13,11,2,0.23942399770021439,0.24390719383955,1596.3998656416125,108.6340561089742,"fa3_native","fifo","fifo",128,1,"1;1;1;1;1;1;1;1;1;1;1;1;1"
"1",4,"fa3_native_fifo",16,"case_000092",8,8,0,0.0655359998345375,0.06676800101995468,632.740001597515,309.82226640722604,"fa3_native","fifo","fifo",128,57,"12;19;1;6;8;1;2;6"
"1",4,"fa3_native_fifo",16,"case_000093",13,13,0,0.06438399851322174,0.06566400080919266,490.6670172948722,241.01789820980633,"fa3_native","fifo","fifo",128,51,"1;1;3;3;1;4;11;5;1;6;2;2;12"
"1",4,"fa3_native_fifo",16,"case_000094",5,5,0,0.05051200091838837,0.05779519937932492,179.54154630802844,88.36996988521634,"fa3_native","fifo","fifo",128,32,"9;4;19;2;2"
"1",4,"fa3_native_fifo",16,"case_000095",8,8,0,0.0589120015501976,0.06172800064086914,274.158332818448,134.83106652269834,"fa3_native","fifo","fifo",128,57,"2;4;23;1;3;1;5;4"
"1",4,"fa3_native_fifo",16,"case_000096",17,17,0,0.08219200000166893,0.08456960245966912,762.6756783960379,373.86957367354535,"fa3_native","fifo","fifo",128,57,"16;4;1;4;6;2;3;1;2;1;2;7;5;2;1;3;9"
"1",4,"fa3_native_fifo",16,"case_000097",6,6,0,0.053968001157045364,0.056972801312804223,136.4297059395316,67.40586870012511,"fa3_native","fifo","fifo",128,29,"3;4;29;10;3;4"
"1",4,"fa3_native_fifo",16,"case_000098",3,2,1,0.05036799982190132,0.05265279859304428,111.46376659489258,14.808132199755972,"fa3_native","fifo","fifo",128,1,"1;1;1"
"1",4,"fa3_native_fifo",16,"case_000099",10,10,0,0.06244799867272377,0.06434879824519157,310.1122279593356,152.55957280439236,"fa3_native","fifo","fifo",128,39,"2;15;1;4;8;12;4;4;1;2"
"1",4,"critical_wave_fifo",16,"case_000000",7,7,0,0.07739200070500374,0.08150080144405365,377.1995103120857,184.82199542200487,"critical_wave","fifo","fifo_critical_wave",128,18,"18;10;3;10;10;5;2"
"1",4,"critical_wave_fifo",16,"case_000001",5,5,0,0.04670400172472,0.07299199923872948,113.92183751962847,56.386431627894694,"critical_wave","fifo","fifo_critical_wave",128,4,"1;1;1;4;1"
"1",4,"critical_wave_fifo",16,"case_000002",6,6,0,0.07491199672222137,0.07600639760494232,457.4222635002258,223.9197022367473,"critical_wave","fifo","fifo_critical_wave",128,6,"2;1;1;6;1;1"
"1",4,"critical_wave_fifo",16,"case_000003",5,5,0,0.058000000193715096,0.06260480023920537,372.93373668546735,182.7089649070089,"critical_wave","fifo","fifo_critical_wave",128,5,"5;1;1;3;2"
"1",4,"critical_wave_fifo",16,"case_000004",4,4,0,0.07560000196099281,0.0784160003066063,179.74201099903715,88.14052681424684,"critical_wave","fifo","fifo_critical_wave",128,30,"2;5;16;30"
"1",4,"critical_wave_fifo",16,"case_000005",4,4,0,0.054368000477552414,0.05563199892640114,247.7754516199646,121.50676762018375,"critical_wave","fifo","fifo_critical_wave",128,4,"3;4;2;1"
"1",4,"critical_wave_fifo",16,"case_000006",14,14,0,0.07260800153017044,0.1168320037424569,775.0736619381499,379.823702881294,"critical_wave","fifo","fifo_critical_wave",128,13,"1;1;3;2;13;4;2;2;2;1;9;8;4;7"
"1",4,"critical_wave_fifo",16,"case_000007",7,7,0,0.05899200029671192,0.060127999633550644,301.38427838648784,148.00325393418888,"critical_wave","fifo","fifo_critical_wave",128,3,"1;1;3;1;1;3;2"
"1",4,"critical_wave_fifo",16,"case_000008",9,9,0,0.07372800260782242,0.08225600048899653,515.3404262164128,252.49825495780965,"critical_wave","fifo","fifo_critical_wave",128,3,"1;3;1;1;1;2;3;1;1"
"1",4,"critical_wave_fifo",16,"case_000009",5,5,0,0.05321599915623665,0.05408959835767746,331.63807621437263,162.60012284267935,"critical_wave","fifo","fifo_critical_wave",128,7,"4;2;7;1;1"
"1",4,"critical_wave_fifo",16,"case_000010",6,6,0,0.053599998354911804,0.054473600909113885,223.55112805524854,109.9510481507308,"critical_wave","fifo","fifo_critical_wave",128,5,"1;1;1;5;1;1"
"1",4,"critical_wave_fifo",16,"case_000011",9,9,0,0.08065600320696831,0.0817599967122078,375.4457966172043,184.11584270911433,"critical_wave","fifo","fifo_critical_wave",128,2,"1;1;1;1;2;1;2;1;1"
"1",4,"critical_wave_fifo",16,"case_000012",6,6,0,0.05822400003671646,0.062179199233651165,385.8861970636099,189.15306390929803,"critical_wave","fifo","fifo_critical_wave",128,6,"1;6;1;4;1;1"
"1",4,"critical_wave_fifo",16,"case_000013",9,9,0,0.08033600077033043,0.08152000233530998,570.8866226875705,279.5490911254584,"critical_wave","fifo","fifo_critical_wave",128,5,"1;2;1;1;1;3;1;1;5"
"1",4,"critical_wave_fifo",16,"case_000014",9,8,1,1.7158400416374207,1.7532384276390076,4437.548236366991,15.402162998119673,"critical_wave","fifo","fifo_critical_wave",176,1,"1;1;1;1;1;1;1;1;1"
"1",4,"critical_wave_fifo",16,"case_000015",6,6,0,0.05353600159287453,0.05813440158963204,554.049475445844,271.3281449456125,"critical_wave","fifo","fifo_critical_wave",128,20,"8;3;14;20;8;5"
"1",4,"critical_wave_fifo",16,"case_000016",10,10,0,0.06849600002169609,0.06985920295119286,464.9443175355134,228.0607334012493,"critical_wave","fifo","fifo_critical_wave",128,4,"3;1;4;1;1;2;1;1;1;1"
"1",4,"critical_wave_fifo",16,"case_000017",4,4,0,0.06267200037837029,0.11904960200190592,427.57764153397574,209.23155349810116,"critical_wave","fifo","fifo_critical_wave",128,10,"2;10;1;1"
"1",4,"critical_wave_fifo",16,"case_000018",14,14,0,0.06446399912238121,0.06540479883551598,346.09319706716764,170.53363349564907,"critical_wave","fifo","fifo_critical_wave",128,2,"1;1;1;2;1;1;1;1;2;1;1;1;1;1"
"1",4,"critical_wave_fifo",16,"case_000019",11,11,0,0.07846400141716003,0.07981119677424431,501.54449991373343,245.89069702708926,"critical_wave","fifo","fifo_critical_wave",128,4,"1;2;1;1;1;1;2;1;1;4;1"
"1",4,"critical_wave_fifo",16,"case_000020",8,7,1,0.20094399899244308,0.2034303992986679,979.4335419760482,71.70762039299261,"critical_wave","fifo","fifo_critical_wave",176,1,"1;1;1;1;1;1;1;1"
"1",4,"critical_wave_fifo",16,"case_000021",12,12,0,0.0698080025613308,0.0711647979915142,472.3233271576856,231.84780263237857,"critical_wave","fifo","fifo_critical_wave",128,3,"1;1;1;2;3;1;1;1;1;1;2;1"
"1",4,"critical_wave_fifo",16,"case_000022",9,9,0,0.0679200030863285,0.08053760007023814,328.23383761723426,161.2117712374487,"critical_wave","fifo","fifo_critical_wave",128,2,"1;1;1;1;1;1;2;1;2"
"1",4,"critical_wave_fifo",16,"case_000023",9,9,0,0.06737599894404411,0.06913599744439125,333.0550933224217,163.57350054509618,"critical_wave","fifo","fifo_critical_wave",128,2,"1;1;1;1;1;1;2;1;2"
"1",4,"critical_wave_fifo",16,"case_000024",5,5,0,0.04476799815893173,0.04617920145392418,96.75519482963097,48.03717138223088,"critical_wave","fifo","fifo_critical_wave",128,3,"3;1;1;3;1"
"1",4,"critical_wave_fifo",16,"case_000025",10,10,0,0.08177599683403969,0.08433919996023179,537.1105604146782,263.1297303983844,"critical_wave","fifo","fifo_critical_wave",128,5,"1;1;1;2;5;1;1;2;1;1"
"1",4,"critical_wave_fifo",16,"case_000026",6,6,0,0.06273600086569786,0.06483200117945671,270.72668843459076,132.87018434351197,"critical_wave","fifo","fifo_critical_wave",128,3,"1;1;1;3;1;2"
"1",4,"critical_wave_fifo",16,"case_000027",11,11,0,0.05915199965238571,0.06006399914622307,685.5332428709283,336.05409989209505,"critical_wave","fifo","fifo_critical_wave",128,19,"2;9;2;19;2;2;7;5;4;2;3"
"1",4,"critical_wave_fifo",16,"case_000028",6,6,0,0.06451199948787689,0.06584320217370987,429.65333674410033,210.45238262303957,"critical_wave","fifo","fifo_critical_wave",128,6,"6;3;1;2;1;1"
"1",4,"critical_wave_fifo",16,"case_000029",13,13,0,0.0674239993095398,0.06884480267763138,646.9444470617198,317.2605632868977,"critical_wave","fifo","fifo_critical_wave",128,11,"1;1;1;1;1;1;1;1;1;2;1;11;1"
"1",4,"critical_wave_fifo",16,"case_000030",10,10,0,0.060736000537872314,0.06214720010757446,387.39354767570694,190.32665795621313,"critical_wave","fifo","fifo_critical_wave",128,6,"1;1;1;6;1;2;1;1;2;1"
"1",4,"critical_wave_fifo",16,"case_000031",6,6,0,0.057440001517534256,0.058835200220346454,233.8302512039447,114.91698860740831,"critical_wave","fifo","fifo_critical_wave",128,3,"1;1;3;1;2;2"
"1",4,"critical_wave_fifo",16,"case_000032",6,5,1,1.2895679473876953,1.2940032482147217,4401.558079871798,12.379464015323064,"critical_wave","fifo","fifo_critical_wave",176,1,"1;1;1;1;1;1"
"1",4,"critical_wave_fifo",16,"case_000033",6,6,0,0.05966399982571602,0.06084800101816654,320.68527634570773,157.29900823636862,"critical_wave","fifo","fifo_critical_wave",128,6,"6;1;2;1;1;2"
"1",4,"critical_wave_fifo",16,"case_000034",4,4,0,0.057023998349905014,0.365097585320473,300.81006482121876,147.37823097622194,"critical_wave","fifo","fifo_critical_wave",128,6,"1;3;6;1"
"1",4,"critical_wave_fifo",16,"case_000035",6,6,0,0.052080001682043076,0.055427200719714166,264.59026610882825,130.01289902674162,"critical_wave","fifo","fifo_critical_wave",128,4,"4;2;1;3;1;3"
"1",4,"critical_wave_fifo",16,"case_000036",9,9,0,0.06868800148367882,0.06980160251259804,726.8515473093663,355.83879967460854,"critical_wave","fifo","fifo_critical_wave",128,26,"1;3;5;1;8;7;2;26;4"
"1",4,"critical_wave_fifo",16,"case_000037",19,18,1,0.15320000052452087,0.1588639944791794,2322.4897424399846,294.26046896641145,"critical_wave","fifo","fifo_critical_wave",128,2,"2;1;1;1;1;1;1;1;1;1;1;1;1;1;2;1;1;1;1"
"1",4,"critical_wave_fifo",16,"case_000038",9,9,0,0.051552001386880875,0.05328959934413433,344.4580813601349,169.43264596945033,"critical_wave","fifo","fifo_critical_wave",128,10,"3;8;10;7;4;5;2;7;3"
"1",4,"critical_wave_fifo",16,"case_000039",7,7,0,0.06084800139069557,0.06288640201091766,291.78210219267555,143.2889791074259,"critical_wave","fifo","fifo_critical_wave",128,2,"1;2;2;1;1;1;2"
"1",4,"critical_wave_fifo",16,"case_000040",8,8,0,0.07561600208282471,0.07761920168995858,380.12543007121985,186.35970709698208,"critical_wave","fifo","fifo_critical_wave",128,3,"1;1;2;1;3;2;1;1"
"1",4,"critical_wave_fifo",16,"case_000041",9,9,0,0.052671998739242554,0.0540831983089447,308.4666319278099,151.83232441190262,"critical_wave","fifo","fifo_critical_wave",128,5,"2;1;1;5;1;1;3;1;1"
"1",4,"critical_wave_fifo",16,"case_000042",13,13,0,0.08627200126647949,0.19087359905242945,973.479107370974,476.4020701577169,"critical_wave","fifo","fifo_critical_wave",128,6,"3;6;1;1;6;1;1;3;1;1;1;1;1"
"1",4,"critical_wave_fifo",16,"case_000043",19,19,0,0.10524799674749374,0.10773760005831719,565.069930505981,277.1955087182666,"critical_wave","fifo","fifo_critical_wave",128,3,"1;1;1;3;1;1;1;1;1;1;1;2;1;1;1;1;1;1;1"
"1",4,"critical_wave_fifo",16,"case_000044",13,12,1,0.08416000008583069,0.09254399985074999,723.7904540146931,154.56577931004648,"critical_wave","fifo","fifo_critical_wave",128,2,"1;1;2;1;1;1;1;1;1;1;1;1;1"
"1",4,"critical_wave_fifo",16,"case_000045",7,7,0,0.05488000065088272,0.05733120031654835,259.19917593461616,127.46822006255718,"critical_wave","fifo","fifo_critical_wave",128,3,"1;3;1;2;3;1;1"
"1",4,"critical_wave_fifo",16,"case_000046",6,6,0,0.05432000011205673,0.05538240037858486,278.42665509573675,136.73519853972573,"critical_wave","fifo","fifo_critical_wave",128,5,"1;1;2;5;2;2"
"1",4,"critical_wave_fifo",16,"case_000047",9,9,0,0.06526399776339531,0.06643519923090935,543.782930133419,266.4986607632409,"critical_wave","fifo","fifo_critical_wave",128,11,"11;1;1;1;2;1;1;1;1"
"1",4,"critical_wave_fifo",16,"case_000048",10,10,0,0.06054399907588959,0.06196799874305725,303.4114211215918,149.32346950963552,"critical_wave","fifo","fifo_critical_wave",128,2,"1;1;2;2;1;1;1;2;1;1"
"1",4,"critical_wave_fifo",16,"case_000049",12,12,0,0.07001599669456482,0.0708480030298233,425.60587018413815,209.03291663255195,"critical_wave","fifo","fifo_critical_wave",128,5,"1;1;5;1;1;1;1;1;1;1;1;1"
"1",4,"critical_wave_fifo",16,"case_000050",4,4,0,0.061423998326063156,0.06245439872145653,349.5566398986673,171.14457356221033,"critical_wave","fifo","fifo_critical_wave",128,4,"1;2;3;4"
"1",4,"critical_wave_fifo",16,"case_000051",10,10,0,0.06255999952554703,0.06435839757323265,296.6761106898795,145.99693205352747,"critical_wave","fifo","fifo_critical_wave",128,2,"2;1;1;1;2;1;1;1;1;1"
"1",4,"critical_wave_fifo",16,"case_000052",6,6,0,0.06412800028920174,0.09278080090880397,324.07044963632524,158.90219489217205,"critical_wave","fifo","fifo_critical_wave",128,3,"3;1;1;1;2;3"
"1",4,"critical_wave_fifo",16,"case_000053",11,11,0,0.0581279993057251,0.059331201016902924,642.2839250949905,314.959541334099,"critical_wave","fifo","fifo_critical_wave",128,12,"7;2;3;2;5;12;7;8;6;2;6"
"1",4,"critical_wave_fifo",16,"case_000054",8,7,1,0.07081600278615952,0.07679040282964707,444.2623593850853,96.50067401623544,"critical_wave","fifo","fifo_critical_wave",128,3,"1;1;1;3;1;1;1;1"
"1",4,"critical_wave_fifo",16,"case_000055",5,5,0,0.05127999931573868,0.053443200513720514,199.01320452763335,97.86708398920945,"critical_wave","fifo","fifo_critical_wave",128,3,"3;2;1;2;1"
"1",4,"critical_wave_fifo",16,"case_000056",7,7,0,0.05265599861741066,0.05517759919166565,555.9881422193725,272.4229788941262,"critical_wave","fifo","fifo_critical_wave",128,16,"6;11;11;16;9;3;2"
"1",4,"critical_wave_fifo",16,"case_000057",8,8,0,0.061503998935222626,0.06730879843235016,446.391549871677,218.88866143775516,"critical_wave","fifo","fifo_critical_wave",128,7,"3;7;1;1;2;1;1;1"
"1",4,"critical_wave_fifo",16,"case_000058",8,8,0,0.05753600038588047,0.10975680425763171,315.2735373738546,154.92992109662765,"critical_wave","fifo","fifo_critical_wave",128,7,"1;1;1;1;1;1;1;7"
"1",4,"critical_wave_fifo",16,"case_000059",8,7,1,0.3420160114765167,0.34446719884872434,2962.7442359129873,35.109280259016415,"critical_wave","fifo","fifo_critical_wave",176,1,"1;1;1;1;1;1;1;1"
"1",4,"critical_wave_fifo",16,"case_000060",13,13,0,0.07611199840903282,0.07971840277314186,378.03230725032836,185.79945732080142,"critical_wave","fifo","fifo_critical_wave",128,3,"1;1;1;1;1;1;1;1;1;1;3;1;1"
"1",4,"critical_wave_fifo",16,"case_000061",7,7,0,0.05198400095105171,0.05283199995756149,279.7004417895971,137.52908335646987,"critical_wave","fifo","fifo_critical_wave",128,5,"1;5;3;1;1;1;3"
"1",4,"critical_wave_fifo",16,"case_000062",7,7,0,0.06604800000786781,0.06752320006489754,353.60744181834247,173.41279067701703,"critical_wave","fifo","fifo_critical_wave",128,5,"1;1;5;2;1;1;1"
"1",4,"critical_wave_fifo",16,"case_000063",8,8,0,0.05963199958205223,0.06289280131459236,343.8881612511284,168.86718658736356,"critical_wave","fifo","fifo_critical_wave",128,5,"1;1;5;1;2;1;2;1"
"1",4,"critical_wave_fifo",16,"case_000064",7,7,0,0.05471999943256378,0.33430080115795135,321.52642204761946,157.90409520468754,"critical_wave","fifo","fifo_critical_wave",128,4,"1;1;4;1;3;4;1"
"1",4,"critical_wave_fifo",16,"case_000065",9,8,1,0.06745599955320358,0.06956480070948601,284.751667920215,110.08918478989939,"critical_wave","fifo","fifo_critical_wave",128,2,"1;2;1;2;1;1;2;1;1"
"1",4,"critical_wave_fifo",16,"case_000066",11,11,0,0.07814399898052216,0.07897919788956642,317.18840708648844,155.8771519107456,"critical_wave","fifo","fifo_critical_wave",176,1,"1;1;1;1;1;1;1;1;1;1;1"
"1",4,"critical_wave_fifo",16,"case_000067",8,8,0,0.05270399898290634,0.053872000426054,193.40481733285543,95.51427020998328,"critical_wave","fifo","fifo_critical_wave",128,3,"1;3;1;1;2;1;1;1"
"1",4,"critical_wave_fifo",16,"case_000068",10,10,0,0.0796160027384758,0.0819103978574276,413.26794720000663,202.68327277126158,"critical_wave","fifo","fifo_critical_wave",128,2,"1;1;1;1;1;1;1;2;2;2"
"1",4,"critical_wave_fifo",16,"case_000069",5,5,0,0.05883200094103813,0.06054399907588959,535.8307578148426,262.2398652641808,"critical_wave","fifo","fifo_critical_wave",128,29,"2;6;20;29;4"
"1",4,"critical_wave_fifo",16,"case_000070",10,10,0,0.053727999329566956,0.07868800237774849,235.57733230231588,116.35020990926567,"critical_wave","fifo","fifo_critical_wave",128,3,"1;3;1;1;1;1;1;1;2;2"
"1",4,"critical_wave_fifo",16,"case_000071",4,4,0,0.07319999858736992,0.07493439689278603,485.42480324761857,237.41202643955424,"critical_wave","fifo","fifo_critical_wave",128,9,"1;9;2;1"
"1",4,"critical_wave_fifo",16,"case_000072",5,5,0,0.044256001710891724,0.04777600169181824,77.28497170493903,38.5394055961508,"critical_wave","fifo","fifo_critical_wave",128,2,"1;2;2;1;1"
"1",4,"critical_wave_fifo",16,"case_000073",7,7,0,0.06604799628257751,0.06723519787192345,566.8614272538671,277.54071329542285,"critical_wave","fifo","fifo_critical_wave",128,12,"12;1;1;1;1;1;1"
"1",4,"critical_wave_fifo",16,"case_000074",14,14,0,0.07681600004434586,0.07970880270004273,843.5422348806551,413.1805871391006,"critical_wave","fifo","fifo_critical_wave",128,11,"8;1;6;4;4;2;1;4;7;2;11;3;1;7"
"1",4,"critical_wave_fifo",16,"case_000075",9,9,0,0.07708799839019775,0.07831360027194023,422.9455895711234,207.34579096338885,"critical_wave","fifo","fifo_critical_wave",128,3,"3;1;2;1;1;1;1;1;1"
"1",4,"critical_wave_fifo",16,"case_000076",6,6,0,0.05496000126004219,0.05615999922156334,352.4110079320826,172.85123330058502,"critical_wave","fifo","fifo_critical_wave",128,4,"1;4;3;1;4;1"
"1",4,"critical_wave_fifo",16,"case_000077",10,8,2,0.8811360001564026,0.8826847791671752,3864.4414890273365,32.452652025254125,"critical_wave","fifo","fifo_critical_wave",176,1,"1;1;1;1;1;1;1;1;1;1"
"1",4,"critical_wave_fifo",16,"case_000078",8,8,0,0.062352001667022705,0.063468798995018,464.8860024542032,227.90658872328942,"critical_wave","fifo","fifo_critical_wave",128,6,"1;1;4;2;1;6;1;1"
"1",4,"critical_wave_fifo",16,"case_000079",9,8,1,0.08025600016117096,0.08109759911894798,892.3874176656333,158.14991993758505,"critical_wave","fifo","fifo_critical_wave",128,2,"1;1;1;1;2;1;1;2;1"
"1",4,"critical_wave_fifo",16,"case_000080",8,8,0,0.058559998869895935,0.05992000140249729,336.9553201638418,165.49945674575835,"critical_wave","fifo","fifo_critical_wave",128,5,"1;1;2;4;5;1;1;1"
"1",4,"critical_wave_fifo",16,"case_000081",9,9,0,0.05353600159287453,0.055107198655605316,376.02160267940764,184.79855995291172,"critical_wave","fifo","fifo_critical_wave",128,6,"1;1;2;4;6;1;1;1;1"
"1",4,"critical_wave_fifo",16,"case_000082",8,8,0,0.060447998344898224,0.06140480153262615,369.19944261286815,181.21334535346958,"critical_wave","fifo","fifo_critical_wave",128,4,"1;1;1;3;4;1;2;1"
"1",4,"critical_wave_fifo",16,"case_000083",8,8,0,0.05939200147986412,0.06051519885659218,364.7735081523568,179.0689610553992,"critical_wave","fifo","fifo_critical_wave",128,8,"8;1;1;1;1;1;1;1"
"1",4,"critical_wave_fifo",16,"case_000084",9,8,1,0.1972160041332245,0.20071359425783158,1005.2353409314492,76.65747040380835,"critical_wave","fifo","fifo_critical_wave",128,2,"1;1;1;1;1;1;1;2;1"
"1",4,"critical_wave_fifo",16,"case_000085",6,6,0,0.057792000472545624,0.05892160125076771,401.2537730203019,196.66223537977785,"critical_wave","fifo","fifo_critical_wave",128,6,"1;6;5;1;1;1"
"1",4,"critical_wave_fifo",16,"case_000086",12,12,0,0.06588800251483917,0.06896959841251374,424.2771513630889,208.46040972188555,"critical_wave","fifo","fifo_critical_wave",128,2,"1;1;1;1;2;1;1;1;2;1;1;2"
"1",4,"critical_wave_fifo",16,"case_000087",5,5,0,0.05540800094604492,0.056223999708890915,332.4750229111986,162.98238243234454,"critical_wave","fifo","fifo_critical_wave",128,4,"2;3;4;2;1"
"1",4,"critical_wave_fifo",16,"case_000088",7,7,0,0.06696000322699547,0.06791040301322937,565.2988669023763,276.76748964863447,"critical_wave","fifo","fifo_critical_wave",128,8,"1;1;8;1;2;3;1"
"1",4,"critical_wave_fifo",16,"case_000089",3,3,0,0.07172800227999687,0.07423360124230385,342.6587586819527,167.6109694658643,"critical_wave","fifo","fifo_critical_wave",128,7,"7;1;1"
"1",4,"critical_wave_fifo",16,"case_000090",17,17,0,0.07686399668455124,0.07831680029630661,574.5740131267004,282.1249080892313,"critical_wave","fifo","fifo_critical_wave",128,4,"4;1;1;1;1;3;1;1;1;1;1;1;1;1;1;1;1"
"1",4,"critical_wave_fifo",16,"case_000091",13,11,2,0.2473279982805252,0.25064319372177124,1545.3828131762145,105.16237620012313,"critical_wave","fifo","fifo_critical_wave",176,1,"1;1;1;1;1;1;1;1;1;1;1;1;1"
"1",4,"critical_wave_fifo",16,"case_000092",8,8,0,0.0817599967122078,0.0839903973042965,507.18261139323675,248.3428671294,"critical_wave","fifo","fifo_critical_wave",128,4,"3;4;1;1;2;1;1;1"
"1",4,"critical_wave_fifo",16,"case_000093",13,13,0,0.0745600014925003,0.07527359947562218,423.70042757010435,208.12360098411295,"critical_wave","fifo","fifo_critical_wave",128,3,"1;1;1;1;1;1;2;1;1;1;1;1;3"
"1",4,"critical_wave_fifo",16,"case_000094",5,5,0,0.04952000081539154,0.05053120106458664,183.13817856766315,90.14022468700371,"critical_wave","fifo","fifo_critical_wave",128,5,"2;1;5;1;1"
"1",4,"critical_wave_fifo",16,"case_000095",8,8,0,0.055376000702381134,0.06487680077552796,291.6645464305895,143.44062227770178,"critical_wave","fifo","fifo_critical_wave",128,7,"1;1;7;1;1;1;1;1"
"1",4,"critical_wave_fifo",16,"case_000096",17,17,0,0.09867199882864952,0.09962879866361618,635.295120238297,311.42662928479945,"critical_wave","fifo","fifo_critical_wave",128,3,"3;1;1;1;1;1;1;1;1;1;1;2;1;1;1;1;2"
"1",4,"critical_wave_fifo",16,"case_000097",6,6,0,0.04879999905824661,0.05008640140295029,150.87784160019916,74.54426373365395,"critical_wave","fifo","fifo_critical_wave",128,5,"1;1;5;1;1;1"
"1",4,"critical_wave_fifo",16,"case_000098",3,2,1,0.050416000187397,0.05133119970560074,111.35764350864629,14.794033585124613,"critical_wave","fifo","fifo_critical_wave",176,1,"1;1;1"
"1",4,"critical_wave_fifo",16,"case_000099",10,10,0,0.05593600124120712,0.05734720081090927,346.2150952923941,170.320362353353,"critical_wave","fifo","fifo_critical_wave",128,4,"1;4;1;1;2;3;1;1;1;1"
"1",4,"critical_wave_release_lpt",16,"case_000000",7,7,0,0.0748480036854744,0.07921279892325402,390.02008511370997,191.10388114166764,"critical_wave","release_lpt","release_lpt_critical_wave",128,18,"18;10;3;10;10;5;2"
"1",4,"critical_wave_release_lpt",16,"case_000001",5,5,0,0.04718400165438652,0.04846720024943352,112.76291771461828,55.81281594744044,"critical_wave","release_lpt","release_lpt_critical_wave",128,4,"1;1;1;4;1"
"1",4,"critical_wave_release_lpt",16,"case_000002",6,6,0,0.07555200159549713,0.07745280042290688,453.54741608913594,222.02286697589943,"critical_wave","release_lpt","release_lpt_critical_wave",128,6,"2;1;1;6;1;1"
"1",4,"critical_wave_release_lpt",16,"case_000003",5,5,0,0.05899200029671192,0.060899201408028604,366.662542229571,179.63655998609457,"critical_wave","release_lpt","release_lpt_critical_wave",128,5,"5;1;1;3;2"
"1",4,"critical_wave_release_lpt",16,"case_000004",4,4,0,0.05451200157403946,0.055215999484062195,249.2753153733273,122.23774228780765,"critical_wave","release_lpt","release_lpt_critical_wave",128,30,"2;5;16;30"
"1",4,"critical_wave_release_lpt",16,"case_000005",4,4,0,0.05459199845790863,0.05571199953556061,246.7587971227398,121.00820974878583,"critical_wave","release_lpt","release_lpt_critical_wave",128,4,"3;4;2;1"
"1",4,"critical_wave_release_lpt",16,"case_000006",14,14,0,0.07756800204515457,0.08066240251064301,725.5124297160548,355.53629425630834,"critical_wave","release_lpt","release_lpt_critical_wave",128,13,"1;1;3;2;13;4;2;2;2;1;9;8;4;7"
"1",4,"critical_wave_release_lpt",16,"case_000007",7,7,0,0.06140799820423126,0.06450879946351051,289.5268036725375,142.1803063985629,"critical_wave","release_lpt","release_lpt_critical_wave",128,3,"1;1;3;1;1;3;2"
"1",4,"critical_wave_release_lpt",16,"case_000008",9,9,0,0.0761759988963604,0.07762880101799965,498.7794165941073,244.38395649170099,"critical_wave","release_lpt","release_lpt_critical_wave",128,3,"1;3;1;1;1;2;3;1;1"
"1",4,"critical_wave_release_lpt",16,"case_000009",5,5,0,0.05411199852824211,0.05629120022058487,326.14673388544185,159.90775124455746,"critical_wave","release_lpt","release_lpt_critical_wave",128,7,"4;2;7;1;1"
"1",4,"critical_wave_release_lpt",16,"case_000010",6,6,0,0.054527999833226204,0.0564351998269558,219.7465546627048,108.07981253713469,"critical_wave","release_lpt","release_lpt_critical_wave",128,5,"1;1;1;5;1;1"
"1",4,"critical_wave_release_lpt",16,"case_000011",9,9,0,0.08273599669337273,0.08368319645524025,366.0070415085195,179.48714699160092,"critical_wave","release_lpt","release_lpt_critical_wave",128,2,"1;1;1;1;2;1;2;1;1"
"1",4,"critical_wave_release_lpt",16,"case_000012",6,6,0,0.059647999703884125,0.060867201536893845,376.6737872776805,184.63733997240558,"critical_wave","release_lpt","release_lpt_critical_wave",128,6,"1;6;1;4;1;1"
"1",4,"critical_wave_release_lpt",16,"case_000013",9,9,0,0.0817440003156662,0.08296959847211838,561.0533859719907,274.7339977646771,"critical_wave","release_lpt","release_lpt_critical_wave",128,5,"1;2;1;1;1;3;1;1;5"
"1",4,"critical_wave_release_lpt",16,"case_000014",9,8,1,1.6975839734077454,1.7565183639526367,4485.270284079875,15.567800128878986,"critical_wave","release_lpt","release_lpt_critical_wave",176,1,"1;1;1;1;1;1;1;1;1"
"1",4,"critical_wave_release_lpt",16,"case_000015",6,6,0,0.05438400059938431,0.05992640145123005,545.4102911350697,267.09737863904866,"critical_wave","release_lpt","release_lpt_critical_wave",128,20,"8;3;14;20;8;5"
"1",4,"critical_wave_release_lpt",16,"case_000016",10,10,0,0.07089600339531898,0.07213119789958,449.20481351284093,220.34031894428927,"critical_wave","release_lpt","release_lpt_critical_wave",128,4,"3;1;4;1;1;2;1;1;1;1"
"1",4,"critical_wave_release_lpt",16,"case_000017",4,4,0,0.06334399804472923,0.06459840014576912,423.0415972966795,207.01187807470754,"critical_wave","release_lpt","release_lpt_critical_wave",128,10,"2;10;1;1"
"1",4,"critical_wave_release_lpt",16,"case_000018",14,14,0,0.06689600273966789,0.07264640182256699,333.51098179697846,164.33388468338512,"critical_wave","release_lpt","release_lpt_critical_wave",128,2,"1;1;1;2;1;1;1;1;2;1;1;1;1;1"
"1",4,"critical_wave_release_lpt",16,"case_000019",11,11,0,0.07952000200748444,0.08045760169625282,494.8841468627739,242.625345987593,"critical_wave","release_lpt","release_lpt_critical_wave",128,4,"1;2;1;1;1;1;2;1;1;4;1"
"1",4,"critical_wave_release_lpt",16,"case_000020",8,7,1,0.20147200673818588,0.20387839525938034,976.8666915982899,71.51969265251259,"critical_wave","release_lpt","release_lpt_critical_wave",176,1,"1;1;1;1;1;1;1;1"
"1",4,"critical_wave_release_lpt",16,"case_000021",12,12,0,0.06950400024652481,0.0747040018439293,474.38921378699484,232.86187762709727,"critical_wave","release_lpt","release_lpt_critical_wave",128,3,"1;1;1;2;3;1;1;1;1;1;2;1"
"1",4,"critical_wave_release_lpt",16,"case_000022",9,9,0,0.07135999947786331,0.07384000271558762,312.4109224652635,153.44035986710819,"critical_wave","release_lpt","release_lpt_critical_wave",128,2,"1;1;1;1;1;1;2;1;2"
"1",4,"critical_wave_release_lpt",16,"case_000023",9,9,0,0.07081600278615952,0.07225919887423515,316.876394220682,155.62764864432538,"critical_wave","release_lpt","release_lpt_critical_wave",128,2,"1;1;1;1;1;1;2;1;2"
"1",4,"critical_wave_release_lpt",16,"case_000024",5,5,0,0.045423999428749084,0.046563200652599335,95.35788214321234,47.34343138087748,"critical_wave","release_lpt","release_lpt_critical_wave",128,3,"3;1;1;3;1"
"1",4,"critical_wave_release_lpt",16,"case_000025",10,10,0,0.08267199993133545,0.08540800139307976,531.2893304199819,260.2779177698842,"critical_wave","release_lpt","release_lpt_critical_wave",128,5,"1;1;1;2;5;1;1;2;1;1"
"1",4,"critical_wave_release_lpt",16,"case_000026",6,6,0,0.06433599814772606,0.06563840061426163,263.9938797716517,129.56578338708226,"critical_wave","release_lpt","release_lpt_critical_wave",128,3,"1;1;1;3;1;2"
"1",4,"critical_wave_release_lpt",16,"case_000027",11,11,0,0.06163199990987778,0.06252799928188324,657.9481795706087,322.53167233040097,"critical_wave","release_lpt","release_lpt_critical_wave",128,19,"2;9;2;19;2;2;7;5;4;2;3"
"1",4,"critical_wave_release_lpt",16,"case_000028",6,6,0,0.0658080019056797,0.06695040315389633,421.19187693507155,206.3077985479488,"critical_wave","release_lpt","release_lpt_critical_wave",128,6,"6;3;1;2;1;1"
"1",4,"critical_wave_release_lpt",16,"case_000029",13,13,0,0.06903999671339989,0.07058240100741386,631.8016226604763,309.8345454562899,"critical_wave","release_lpt","release_lpt_critical_wave",128,11,"1;1;1;1;1;1;1;1;1;2;1;11;1"
"1",4,"critical_wave_release_lpt",16,"case_000030",10,10,0,0.06254399940371513,0.06414399668574333,376.194917886917,184.82476512868075,"critical_wave","release_lpt","release_lpt_critical_wave",128,6,"1;1;1;6;1;2;1;1;2;1"
"1",4,"critical_wave_release_lpt",16,"case_000031",6,6,0,0.05737600103020668,0.058800000697374344,234.09107889775876,115.0451736175351,"critical_wave","release_lpt","release_lpt_critical_wave",128,3,"1;1;3;1;2;2"
"1",4,"critical_wave_release_lpt",16,"case_000032",6,5,1,1.285264015197754,1.2997248411178588,4416.297469819584,12.42091882386026,"critical_wave","release_lpt","release_lpt_critical_wave",176,1,"1;1;1;1;1;1"
"1",4,"critical_wave_release_lpt",16,"case_000033",6,6,0,0.06003199890255928,0.06126080080866814,318.71945998427026,156.33475765538594,"critical_wave","release_lpt","release_lpt_critical_wave",128,6,"6;1;2;1;1;2"
"1",4,"critical_wave_release_lpt",16,"case_000034",4,4,0,0.05734400078654289,0.058934401348233224,299.13142446847627,146.55580156123705,"critical_wave","release_lpt","release_lpt_critical_wave",128,6,"1;3;6;1"
"1",4,"critical_wave_release_lpt",16,"case_000035",6,6,0,0.05183999985456467,0.0540448009967804,265.8152303753651,130.61481518125018,"critical_wave","release_lpt","release_lpt_critical_wave",128,4,"4;2;1;3;1;3"
"1",4,"critical_wave_release_lpt",16,"case_000036",9,9,0,0.07092799991369247,0.07213439792394638,703.8966306783157,344.6009478589789,"critical_wave","release_lpt","release_lpt_critical_wave",128,26,"1;3;5;1;8;7;2;26;4"
"1",4,"critical_wave_release_lpt",16,"case_000037",19,18,1,0.1536799967288971,0.15734080523252486,2315.2357973280486,293.3413909392886,"critical_wave","release_lpt","release_lpt_critical_wave",128,2,"2;1;1;1;1;1;1;1;1;1;1;1;1;1;2;1;1;1;1"
"1",4,"critical_wave_release_lpt",16,"case_000038",9,9,0,0.05265599861741066,0.054451200366020205,337.2360975816438,165.88028390580965,"critical_wave","release_lpt","release_lpt_critical_wave",128,10,"3;8;10;7;4;5;2;7;3"
"1",4,"critical_wave_release_lpt",16,"case_000039",7,7,0,0.06319999694824219,0.07083200067281724,280.9233958435153,137.9564623577486,"critical_wave","release_lpt","release_lpt_critical_wave",128,2,"1;2;2;1;1;1;2"
"1",4,"critical_wave_release_lpt",16,"case_000040",8,8,0,0.07542400062084198,0.07708799839019775,381.09308808073575,186.8341096203535,"critical_wave","release_lpt","release_lpt_critical_wave",128,3,"1;1;2;1;3;2;1;1"
"1",4,"critical_wave_release_lpt",16,"case_000041",9,9,0,0.054255999624729156,0.055695999413728714,299.4609657987867,147.39958816195016,"critical_wave","release_lpt","release_lpt_critical_wave",128,5,"2;1;1;5;1;1;3;1;1"
"1",4,"critical_wave_release_lpt",16,"case_000042",13,13,0,0.0865280032157898,0.08838720247149467,970.5989698451107,474.99258589732443,"critical_wave","release_lpt","release_lpt_critical_wave",128,6,"3;6;1;1;6;1;1;3;1;1;1;1;1"
"1",4,"critical_wave_release_lpt",16,"case_000043",19,19,0,0.10769600048661232,0.10992000102996827,552.2255045617318,270.89466524457106,"critical_wave","release_lpt","release_lpt_critical_wave",128,3,"1;1;1;3;1;1;1;1;1;1;1;2;1;1;1;1;1;1;1"
"1",4,"critical_wave_release_lpt",16,"case_000044",13,12,1,0.08564799651503563,0.08739840239286423,711.2157569419201,151.88044705419796,"critical_wave","release_lpt","release_lpt_critical_wave",128,2,"1;1;2;1;1;1;1;1;1;1;1;1;1"
"1",4,"critical_wave_release_lpt",16,"case_000045",7,7,0,0.05668799951672554,0.058636799454689026,250.9323148685644,123.40276706952804,"critical_wave","release_lpt","release_lpt_critical_wave",128,3,"1;3;1;2;3;1;1"
"1",4,"critical_wave_release_lpt",16,"case_000046",6,6,0,0.054016001522541046,0.055110398679971695,279.9936224396145,137.50473546066712,"critical_wave","release_lpt","release_lpt_critical_wave",128,5,"1;1;2;5;2;2"
"1",4,"critical_wave_release_lpt",16,"case_000047",9,9,0,0.06614399701356888,0.06707519665360451,536.5482816032367,262.9530839575967,"critical_wave","release_lpt","release_lpt_critical_wave",128,11,"11;1;1;1;2;1;1;1;1"
"1",4,"critical_wave_release_lpt",16,"case_000048",10,10,0,0.06163199990987778,0.0630528025329113,298.0552444649111,146.68743531314573,"critical_wave","release_lpt","release_lpt_critical_wave",128,2,"1;1;2;2;1;1;1;2;1;1"
"1",4,"critical_wave_release_lpt",16,"case_000049",12,12,0,0.07286400347948074,0.0751039981842041,408.9703801190634,200.8625288359505,"critical_wave","release_lpt","release_lpt_critical_wave",128,5,"1;1;5;1;1;1;1;1;1;1;1;1"
"1",4,"critical_wave_release_lpt",16,"case_000050",4,4,0,0.06265600025653839,0.063680000603199,342.6833244396159,167.7793660137601,"critical_wave","release_lpt","release_lpt_critical_wave",128,4,"1;2;3;4"
"1",4,"critical_wave_release_lpt",16,"case_000051",10,10,0,0.06518399715423584,0.06629439815878868,284.73334183670744,140.1197901133388,"critical_wave","release_lpt","release_lpt_critical_wave",128,2,"2;1;1;1;2;1;1;1;1;1"
"1",4,"critical_wave_release_lpt",16,"case_000052",6,6,0,0.06415999680757523,0.06616639718413353,323.9088360669357,158.82295054598382,"critical_wave","release_lpt","release_lpt_critical_wave",128,3,"3;1;1;1;2;3"
"1",4,"critical_wave_release_lpt",16,"case_000053",11,11,0,0.059119999408721924,0.060579199343919754,631.5067646379584,309.67469863166207,"critical_wave","release_lpt","release_lpt_critical_wave",128,12,"7;2;3;2;5;12;7;8;6;2;6"
"1",4,"critical_wave_release_lpt",16,"case_000054",8,7,1,0.07088000327348709,0.07227199897170067,443.8612165212477,96.41353956534316,"critical_wave","release_lpt","release_lpt_critical_wave",128,3,"1;1;1;3;1;1;1;1"
"1",4,"critical_wave_release_lpt",16,"case_000055",5,5,0,0.052352000027894974,0.05335040017962456,194.93805368586126,95.86308063351738,"critical_wave","release_lpt","release_lpt_critical_wave",128,3,"3;2;1;2;1"
"1",4,"critical_wave_release_lpt",16,"case_000056",7,7,0,0.053328000009059906,0.0547167994081974,548.9819765043931,268.9900989642022,"critical_wave","release_lpt","release_lpt_critical_wave",128,16,"6;11;11;16;9;3;2"
"1",4,"critical_wave_release_lpt",16,"case_000057",8,8,0,0.061664000153541565,0.0692479968070984,445.233285865954,218.3207052166369,"critical_wave","release_lpt","release_lpt_critical_wave",128,7,"3;7;1;1;2;1;1;1"
"1",4,"critical_wave_release_lpt",16,"case_000058",8,8,0,0.05936000123620033,0.06120960004627705,305.5858825848152,150.16926910985006,"critical_wave","release_lpt","release_lpt_critical_wave",128,7,"1;1;1;1;1;1;1;7"
"1",4,"critical_wave_release_lpt",16,"case_000059",8,7,1,0.34224000573158264,0.34657920002937315,2960.805135641365,35.08630142268573,"critical_wave","release_lpt","release_lpt_critical_wave",176,1,"1;1;1;1;1;1;1;1"
"1",4,"critical_wave_release_lpt",16,"case_000060",13,13,0,0.07900799810886383,0.0802047997713089,364.17571710087424,178.9890686828258,"critical_wave","release_lpt","release_lpt_critical_wave",128,3,"1;1;1;1;1;1;1;1;1;1;3;1;1"
"1",4,"critical_wave_release_lpt",16,"case_000061",7,7,0,0.05329599976539612,0.054630398750305176,272.8149972981735,134.14350104080205,"critical_wave","release_lpt","release_lpt_critical_wave",128,5,"1;5;3;1;1;1;3"
"1",4,"critical_wave_release_lpt",16,"case_000062",7,7,0,0.06691200286149979,0.06898560002446175,349.04147718223766,171.1735938275167,"critical_wave","release_lpt","release_lpt_critical_wave",128,5,"1;1;5;2;1;1;1"
"1",4,"critical_wave_release_lpt",16,"case_000063",8,8,0,0.0613120011985302,0.06256959959864616,334.4653295787644,164.24008029673317,"critical_wave","release_lpt","release_lpt_critical_wave",128,5,"1;1;5;1;2;1;2;1"
"1",4,"critical_wave_release_lpt",16,"case_000064",7,7,0,0.05588800087571144,0.057414401322603226,314.8068522101352,154.60406285090633,"critical_wave","release_lpt","release_lpt_critical_wave",128,4,"1;1;4;1;3;4;1"
"1",4,"critical_wave_release_lpt",16,"case_000065",9,8,1,0.06987200304865837,0.07153600081801414,274.9056495578571,106.28256921199845,"critical_wave","release_lpt","release_lpt_critical_wave",128,2,"1;2;1;2;1;1;2;1;1"
"1",4,"critical_wave_release_lpt",16,"case_000066",11,11,0,0.08071999996900558,0.08294719830155373,307.06603777895606,150.90267597469202,"critical_wave","release_lpt","release_lpt_critical_wave",176,1,"1;1;1;1;1;1;1;1;1;1;1"
"1",4,"critical_wave_release_lpt",16,"case_000067",8,8,0,0.05286400020122528,0.05517119877040386,192.819447207927,95.22518123559107,"critical_wave","release_lpt","release_lpt_critical_wave",128,3,"1;3;1;1;2;1;1;1"
"1",4,"critical_wave_release_lpt",16,"case_000068",10,10,0,0.0809439979493618,0.08353920206427574,406.48773040076185,199.3579809351044,"critical_wave","release_lpt","release_lpt_critical_wave",128,2,"1;1;1;1;1;1;1;2;2;2"
"1",4,"critical_wave_release_lpt",16,"case_000069",5,5,0,0.0591839998960495,0.061004800349473955,532.6438852285854,260.68018429132593,"critical_wave","release_lpt","release_lpt_critical_wave",128,29,"2;6;20;29;4"
"1",4,"critical_wave_release_lpt",16,"case_000070",10,10,0,0.05579200014472008,0.0577311996370554,226.86225120390876,112.04588442401618,"critical_wave","release_lpt","release_lpt_critical_wave",128,3,"1;3;1;1;1;1;1;1;2;2"
"1",4,"critical_wave_release_lpt",16,"case_000071",4,4,0,0.0740479975938797,0.0765824019908905,479.8657096290869,234.69317962267752,"critical_wave","release_lpt","release_lpt_critical_wave",128,9,"1;9;2;1"
"1",4,"critical_wave_release_lpt",16,"case_000072",5,5,0,0.045343998819589615,0.046729601547122,75.43057359383893,37.61467987828067,"critical_wave","release_lpt","release_lpt_critical_wave",128,2,"1;2;2;1;1"
"1",4,"critical_wave_release_lpt",16,"case_000073",7,7,0,0.06702399998903275,0.06833599880337715,558.6067893012411,273.499164523149,"critical_wave","release_lpt","release_lpt_critical_wave",128,12,"12;1;1;1;1;1;1"
"1",4,"critical_wave_release_lpt",16,"case_000074",14,14,0,0.07905599847435951,0.08137920126318932,819.6410342349417,401.4733937019842,"critical_wave","release_lpt","release_lpt_critical_wave",128,11,"8;1;6;4;4;2;1;4;7;2;11;3;1;7"
"1",4,"critical_wave_release_lpt",16,"case_000075",9,9,0,0.07903999835252762,0.08436160013079644,412.50037458986554,202.22510542965938,"critical_wave","release_lpt","release_lpt_critical_wave",128,3,"3;1;2;1;1;1;1;1;1"
"1",4,"critical_wave_release_lpt",16,"case_000076",6,6,0,0.05524799972772598,0.05866240002214909,350.5739490199134,171.95018908951582,"critical_wave","release_lpt","release_lpt_critical_wave",128,4,"1;4;3;1;4;1"
"1",4,"critical_wave_release_lpt",16,"case_000077",10,8,2,0.8928319811820984,0.8961408019065857,3813.8178159475115,32.02752657016196,"critical_wave","release_lpt","release_lpt_critical_wave",176,1,"1;1;1;1;1;1;1;1;1;1"
"1",4,"critical_wave_release_lpt",16,"case_000078",8,8,0,0.06446399912238121,0.06566720083355904,449.65520592308667,220.43981436867278,"critical_wave","release_lpt","release_lpt_critical_wave",128,6,"1;1;4;2;1;6;1;1"
"1",4,"critical_wave_release_lpt",16,"case_000079",9,8,1,0.0814720019698143,0.08300799876451492,879.0681829880072,155.78946991756277,"critical_wave","release_lpt","release_lpt_critical_wave",128,2,"1;1;1;1;2;1;1;2;1"
"1",4,"critical_wave_release_lpt",16,"case_000080",8,8,0,0.06035200133919716,0.06195199862122536,326.95027058173923,160.58536229030585,"critical_wave","release_lpt","release_lpt_critical_wave",128,5,"1;1;2;4;5;1;1;1"
"1",4,"critical_wave_release_lpt",16,"case_000081",9,9,0,0.05539200082421303,0.05754559859633446,363.42238627351486,178.60658313095985,"critical_wave","release_lpt","release_lpt_critical_wave",128,6,"1;1;2;4;6;1;1;1;1"
"1",4,"critical_wave_release_lpt",16,"case_000082",8,8,0,0.06161599978804588,0.06270400062203407,362.20084674061866,177.77824002987583,"critical_wave","release_lpt","release_lpt_critical_wave",128,4,"1;1;1;3;4;1;2;1"
"1",4,"critical_wave_release_lpt",16,"case_000083",8,8,0,0.061039999127388,0.06332160308957101,354.9251154277837,174.23434062973422,"critical_wave","release_lpt","release_lpt_critical_wave",128,8,"8;1;1;1;1;1;1;1"
"1",4,"critical_wave_release_lpt",16,"case_000084",9,8,1,0.1982720047235489,0.20074560046195983,999.8814377673658,76.24919121123112,"critical_wave","release_lpt","release_lpt_critical_wave",128,2,"1;1;1;1;1;1;1;2;1"
"1",4,"critical_wave_release_lpt",16,"case_000085",6,6,0,0.058880001306533813,0.05979520045220852,393.8392956086217,193.0282565863121,"critical_wave","release_lpt","release_lpt_critical_wave",128,6,"1;6;5;1;1;1"
"1",4,"critical_wave_release_lpt",16,"case_000086",12,12,0,0.06817599758505821,0.06961280107498169,410.0383566976467,201.4644521022783,"critical_wave","release_lpt","release_lpt_critical_wave",128,2,"1;1;1;1;2;1;1;1;2;1;1;2"
"1",4,"critical_wave_release_lpt",16,"case_000087",5,5,0,0.05719999969005585,0.058508798480033875,322.0590294374181,157.87636449183316,"critical_wave","release_lpt","release_lpt_critical_wave",128,4,"2;3;4;2;1"
"1",4,"critical_wave_release_lpt",16,"case_000088",7,7,0,0.06934399902820587,0.07062400132417679,545.8643066807183,267.25242644950305,"critical_wave","release_lpt","release_lpt_critical_wave",128,8,"1;1;8;1;2;3;1"
"1",4,"critical_wave_release_lpt",16,"case_000089",3,3,0,0.07276800274848938,0.07514239847660065,337.7614788872329,165.2154730912905,"critical_wave","release_lpt","release_lpt_critical_wave",128,7,"7;1;1"
"1",4,"critical_wave_release_lpt",16,"case_000090",17,17,0,0.07902399823069572,0.08071040287613869,558.8689009517252,274.41345016097506,"critical_wave","release_lpt","release_lpt_critical_wave",128,4,"4;1;1;1;1;3;1;1;1;1;1;1;1;1;1;1;1"
"1",4,"critical_wave_release_lpt",16,"case_000091",13,11,2,0.24969600141048431,0.2529471904039383,1530.7271065653172,104.16506413028968,"critical_wave","release_lpt","release_lpt_critical_wave",176,1,"1;1;1;1;1;1;1;1;1;1;1;1;1"
"1",4,"critical_wave_release_lpt",16,"case_000092",8,8,0,0.08236800134181976,0.08398719877004623,503.4388107575254,246.50970849393454,"critical_wave","release_lpt","release_lpt_critical_wave",128,4,"3;4;1;1;2;1;1;1"
"1",4,"critical_wave_release_lpt",16,"case_000093",13,13,0,0.07596799731254578,0.07696319743990898,415.84753619380814,204.26622458082517,"critical_wave","release_lpt","release_lpt_critical_wave",128,3,"1;1;1;1;1;1;2;1;1;1;1;1;3"
"1",4,"critical_wave_release_lpt",16,"case_000094",5,5,0,0.050144001841545105,0.05098560079932213,180.859173957795,89.01850343148553,"critical_wave","release_lpt","release_lpt_critical_wave",128,5,"2;1;5;1;1"
"1",4,"critical_wave_release_lpt",16,"case_000095",8,8,0,0.057151999324560165,0.05883520059287548,282.60106940929484,138.98320433011605,"critical_wave","release_lpt","release_lpt_critical_wave",128,7,"1;1;7;1;1;1;1;1"
"1",4,"critical_wave_release_lpt",16,"case_000096",17,17,0,0.09959999844431877,0.10095680132508278,629.3759070191595,308.52498473861976,"critical_wave","release_lpt","release_lpt_critical_wave",128,3,"3;1;1;1;1;1;1;1;1;1;1;2;1;1;1;1;2"
"1",4,"critical_wave_release_lpt",16,"case_000097",6,6,0,0.04960000142455101,0.05049600079655647,148.44432089785266,73.34193337743295,"critical_wave","release_lpt","release_lpt_critical_wave",128,5,"1;1;5;1;1;1"
"1",4,"critical_wave_release_lpt",16,"case_000098",3,2,1,0.0509600006043911,0.0522271990776062,110.16889539668172,14.636106576806661,"critical_wave","release_lpt","release_lpt_critical_wave",176,1,"1;1;1"
"1",4,"critical_wave_release_lpt",16,"case_000099",10,10,0,0.057151999324560165,0.05947519838809967,338.8488281927491,166.69653052550177,"critical_wave","release_lpt","release_lpt_critical_wave",128,4,"1;4;1;1;2;3;1;1;1;1"
"1",8,"fa3_native_fifo",16,"case_000000",7,7,0,0.07295999675989151,0.07419519871473312,400.11274759332116,98.41754823031158,"fa3_native","fifo","fifo",128,29,"9;5;2;5;5;3;1"
"1",8,"fa3_native_fifo",16,"case_000001",5,5,0,0.06267200037837029,0.06432319805026054,84.89605667407861,21.336737170136786,"fa3_native","fifo","fifo",128,10,"3;3;4;10;1"
"1",8,"fa3_native_fifo",16,"case_000002",6,6,0,0.07182400301098824,0.07430399954319,477.08862869642115,117.11561104040813,"fa3_native","fifo","fifo",128,29,"6;3;2;15;1;1"
"1",8,"fa3_native_fifo",16,"case_000003",5,5,0,0.057520000264048576,0.0646495968103409,376.04583972019526,92.47287857410758,"fa3_native","fifo","fifo",128,27,"11;2;3;8;4"
"1",8,"fa3_native_fifo",16,"case_000004",4,4,0,0.06083200126886368,0.06244479864835739,223.37743458318792,55.03839969364436,"fa3_native","fifo","fifo",128,26,"1;3;8;15"
"1",8,"fa3_native_fifo",16,"case_000005",4,4,0,0.07315199822187424,0.07485760301351548,184.15157752959132,45.377078968259966,"fa3_native","fifo","fifo",128,17,"8;10;5;3"
"1",8,"fa3_native_fifo",16,"case_000006",14,14,0,0.09700800105929375,0.10055999830365181,580.1227632512739,142.7352780059522,"fa3_native","fifo","fifo",128,29,"1;1;2;1;7;2;1;1;1;1;5;4;2;4"
"1",8,"fa3_native_fifo",16,"case_000007",7,7,0,0.06596800312399864,0.06740159839391709,269.5134095021901,66.61071719482491,"fa3_native","fifo","fifo",128,17,"3;1;7;3;1;7;4"
"1",8,"fa3_native_fifo",16,"case_000008",9,9,0,0.06839999929070473,0.07051520049571991,555.4827585087909,136.62222363896927,"fa3_native","fifo","fifo",128,29,"1;7;3;3;3;4;7;3;2"
"1",8,"fa3_native_fifo",16,"case_000009",5,5,0,0.06543999910354614,0.06639359891414642,269.6890560171729,66.42640677793717,"fa3_native","fifo","fifo",128,29,"7;3;12;2;1"
"1",8,"fa3_native_fifo",16,"case_000010",6,6,0,0.06515199691057205,0.06688960194587708,183.9136275814695,45.60511021754823,"fa3_native","fifo","fifo",128,24,"1;3;3;14;1;3"
"1",8,"fa3_native_fifo",16,"case_000011",9,9,0,0.06708800047636032,0.06862080097198486,451.3766569428522,111.22537483628436,"fa3_native","fifo","fifo",128,23,"1;2;5;4;7;2;6;2;4"
"1",8,"fa3_native_fifo",16,"case_000012",6,6,0,0.06251199916005135,0.06446719914674759,359.41640411267156,88.48221260430822,"fa3_native","fifo","fifo",128,29,"1;13;2;10;3;2"
"1",8,"fa3_native_fifo",16,"case_000013",9,9,0,0.07513599842786789,0.07756160125136376,610.3964693305991,149.9386743468298,"fa3_native","fifo","fifo",128,29,"1;5;1;2;1;8;2;1;13"
"1",8,"fa3_native_fifo",16,"case_000014",9,8,1,1.7146239876747131,1.7457631707191468,4440.695455906861,8.337202851912966,"fa3_native","fifo","fifo",128,1,"1;1;1;1;1;1;1;1;1"
"1",8,"fa3_native_fifo",16,"case_000015",6,6,0,0.06140800006687641,0.06244799867272377,483.0249082806316,118.6732671974915,"fa3_native","fifo","fifo",128,29,"4;2;7;10;4;3"
"1",8,"fa3_native_fifo",16,"case_000016",10,10,0,0.07710399851202965,0.07882559671998024,413.03728209414857,101.83108725256326,"fa3_native","fifo","fifo",128,29,"6;2;9;1;3;3;1;3;1;1"
"1",8,"fa3_native_fifo",16,"case_000017",4,4,0,0.059487998485565186,0.0628352016210556,450.46306472224563,110.49058914958975,"fa3_native","fifo","fifo",128,29,"3;21;1;1"
"1",8,"fa3_native_fifo",16,"case_000018",14,14,0,0.07675200328230858,0.07886719703674316,290.6836381838467,72.36272360958947,"fa3_native","fifo","fifo",128,12,"2;1;2;4;3;2;1;1;4;1;2;3;1;2"
"1",8,"fa3_native_fifo",16,"case_000019",11,11,0,0.07793599739670753,0.08004159852862358,504.94238434757625,124.35639914463248,"fa3_native","fifo","fifo",128,29,"1;3;1;3;1;2;5;1;2;10;1"
"1",8,"fa3_native_fifo",16,"case_000020",8,7,1,0.354543998837471,0.36329919993877413,555.1110534019267,23.359176934754842,"fa3_native","fifo","fifo",128,1,"1;1;1;1;1;1;1;1"
"1",8,"fa3_native_fifo",16,"case_000021",12,12,0,0.0963360033929348,0.09805120155215263,342.25987035723483,84.51220429803605,"fa3_native","fifo","fifo",128,26,"2;2;3;3;6;2;2;2;2;1;3;2"
"1",8,"fa3_native_fifo",16,"case_000022",9,9,0,0.08484799787402153,0.08621440082788467,262.7480178978483,64.95870424878379,"fa3_native","fifo","fifo",128,18,"4;2;3;2;5;2;5;2;7"
"1",8,"fa3_native_fifo",16,"case_000023",9,9,0,0.06504000350832939,0.06642559915781021,345.01719565753433,85.29101630951753,"fa3_native","fifo","fifo",128,18,"4;2;3;2;5;2;5;2;7"
"1",8,"fa3_native_fifo",16,"case_000024",5,5,0,0.061375999823212624,0.06598080173134804,70.57378122517846,17.85297189709626,"fa3_native","fifo","fifo",128,6,"6;2;2;6;1"
"1",8,"fa3_native_fifo",16,"case_000025",10,10,0,0.07849600166082382,0.07942720130085945,559.5539971295275,137.58417972249435,"fa3_native","fifo","fifo",128,29,"2;1;1;4;12;2;3;6;1;1"
"1",8,"fa3_native_fifo",16,"case_000026",6,6,0,0.06161599978804588,0.0628512017428875,275.6477184241864,68.04154788401854,"fa3_native","fifo","fifo",128,24,"1;2;1;10;4;6"
"1",8,"fa3_native_fifo",16,"case_000027",11,11,0,0.07611199840903282,0.0777824029326439,532.7762112627373,131.17763570395354,"fa3_native","fifo","fifo",128,29,"1;5;1;10;1;1;4;3;2;1;2"
"1",8,"fa3_native_fifo",16,"case_000028",6,6,0,0.0687360018491745,0.07078400179743767,403.25004501746247,99.11731576924446,"fa3_native","fifo","fifo",128,29,"12;8;1;4;1;3"
"1",8,"fa3_native_fifo",16,"case_000029",13,13,0,0.07700799778103828,0.08316159918904305,566.4292438303138,139.5794762845615,"fa3_native","fifo","fifo",128,29,"1;1;1;1;2;2;1;1;1;3;2;16;2"
"1",8,"fa3_native_fifo",16,"case_000030",10,10,0,0.0724480003118515,0.07335039973258972,324.76720708260905,80.3445226223559,"fa3_native","fifo","fifo",128,29,"1;1;2;10;2;5;2;2;1;1"
"1",8,"fa3_native_fifo",16,"case_000031",6,6,0,0.0628800019621849,0.06613120287656785,213.60066101902046,52.878369851190534,"fa3_native","fifo","fifo",128,14,"1;4;8;1;7;7"
"1",8,"fa3_native_fifo",16,"case_000032",6,5,1,1.3356959819793701,1.3446944117546082,4249.551016808904,6.77634440929223,"fa3_native","fifo","fifo",128,1,"1;1;1;1;1;1"
"1",8,"fa3_native_fifo",16,"case_000033",6,6,0,0.06532799825072289,0.06759360060095787,292.88156356127564,72.20671268536539,"fa3_native","fifo","fifo",128,29,"13;1;6;1;1;4"
"1",8,"fa3_native_fifo",16,"case_000034",4,4,0,0.05601599998772144,0.057734400033950806,306.2230906126817,75.30762640896653,"fa3_native","fifo","fifo",128,29,"3;6;13;2"
"1",8,"fa3_native_fifo",16,"case_000035",6,6,0,0.0674079991877079,0.06921919733285904,204.4247221405855,50.58912949639732,"fa3_native","fifo","fifo",128,14,"8;5;1;6;1;7"
"1",8,"fa3_native_fifo",16,"case_000036",9,9,0,0.07380800321698189,0.07493440359830857,676.4304409269391,166.0767324102287,"fa3_native","fifo","fifo",128,29,"1;2;3;1;4;4;1;13;2"
"1",8,"fa3_native_fifo",16,"case_000037",19,18,1,0.1623840034008026,0.1637120023369789,2191.1359635701738,140.0701517615594,"fa3_native","fifo","fifo",128,1,"1;1;1;1;1;1;1;1;1;1;1;1;1;1;1;1;1;1;1"
"1",8,"fa3_native_fifo",16,"case_000038",9,9,0,0.06779200211167336,0.06965119987726212,261.9409802759354,64.96577564924331,"fa3_native","fifo","fifo",128,13,"2;4;5;4;2;3;1;4;2"
"1",8,"fa3_native_fifo",16,"case_000039",7,7,0,0.0586559996008873,0.06742719933390617,302.68613408357,74.81069336228003,"fa3_native","fifo","fifo",128,14,"2;4;5;2;3;4;6"
"1",8,"fa3_native_fifo",16,"case_000040",8,8,0,0.07308799773454666,0.07453760132193565,393.2733992302777,96.85114135578674,"fa3_native","fifo","fifo",128,29,"1;2;5;4;9;5;4;1"
"1",8,"fa3_native_fifo",16,"case_000041",9,9,0,0.06784000247716904,0.07023359835147858,239.49813465098225,59.48584688448558,"fa3_native","fifo","fifo",128,17,"4;1;2;7;1;1;5;2;2"
"1",8,"fa3_native_fifo",16,"case_000042",13,13,0,0.09169599786400795,0.0933184027671814,915.8959250168646,224.69168207925804,"fa3_native","fifo","fifo",128,29,"5;9;1;1;9;1;2;3;1;1;2;1;1"
"1",8,"fa3_native_fifo",16,"case_000043",19,19,0,0.09027200192213058,0.09637440294027329,658.8142163868425,162.4530273810713,"fa3_native","fifo","fifo",128,29,"1;1;1;9;1;1;1;1;3;1;4;4;2;1;1;1;4;1;1"
"1",8,"fa3_native_fifo",16,"case_000044",13,12,1,0.09401600062847137,0.09533440321683884,647.9131665334105,70.9455407102276,"fa3_native","fifo","fifo",128,1,"1;1;1;1;1;1;1;1;1;1;1;1;1"
"1",8,"fa3_native_fifo",16,"case_000045",7,7,0,0.06411199644207954,0.06818559691309929,221.87502703727378,55.00374650141869,"fa3_native","fifo","fifo",128,13,"3;5;1;7;8;3;3"
"1",8,"fa3_native_fifo",16,"case_000046",6,6,0,0.0575999990105629,0.06080640032887459,262.5718089548314,64.90111222596474,"fa3_native","fifo","fifo",128,18,"3;3;6;11;5;3"
"1",8,"fa3_native_fifo",16,"case_000047",9,9,0,0.07425599917769432,0.07533439993858337,477.9337471585816,117.60999914769675,"fa3_native","fifo","fifo",128,29,"19;1;2;2;4;1;1;1;2"
"1",8,"fa3_native_fifo",16,"case_000048",10,10,0,0.07177600264549255,0.07607039734721184,255.9315108523057,63.548816204331246,"fa3_native","fifo","fifo",128,15,"1;1;6;6;1;2;3;5;1;1"
"1",8,"fa3_native_fifo",16,"case_000049",12,12,0,0.07529599964618683,0.07701759785413742,395.76098783501715,97.84020445464769,"fa3_native","fifo","fifo",128,29,"1;1;14;1;1;2;2;1;3;3;1;4"
"1",8,"fa3_native_fifo",16,"case_000050",4,4,0,0.057103998959064484,0.05988160036504269,376.0011007178639,92.33286803223174,"fa3_native","fifo","fifo",128,28,"3;6;9;11"
"1",8,"fa3_native_fifo",16,"case_000051",10,10,0,0.06987200304865837,0.07264320105314255,265.62938708190325,65.9454974661482,"fa3_native","fifo","fifo",128,17,"5;4;1;1;7;1;2;2;3;3"
"1",8,"fa3_native_fifo",16,"case_000052",6,6,0,0.05897600017488003,0.059699200093746185,352.38045690409143,86.80846420270845,"fa3_native","fifo","fifo",128,19,"8;2;4;4;4;8"
"1",8,"fa3_native_fifo",16,"case_000053",11,11,0,0.07625599950551987,0.07778560295701027,489.5966192049911,120.63365583889721,"fa3_native","fifo","fifo",128,26,"4;1;2;1;3;6;4;4;3;1;3"
"1",8,"fa3_native_fifo",16,"case_000054",8,7,1,0.10705600306391716,0.10864640027284622,293.873146573728,33.6577482520872,"fa3_native","fifo","fifo",128,5,"1;1;1;1;1;1;1;1"
"1",8,"fa3_native_fifo",16,"case_000055",5,5,0,0.06515199691057205,0.06840639784932137,156.63981882256007,38.829078462052436,"fa3_native","fifo","fifo",128,13,"8;5;2;6;1"
"1",8,"fa3_native_fifo",16,"case_000056",7,7,0,0.07283200323581696,0.07507199794054031,401.9676728265898,98.87170035244502,"fa3_native","fifo","fifo",128,28,"3;6;6;8;5;2;1"
"1",8,"fa3_native_fifo",16,"case_000057",8,8,0,0.07356800138950348,0.07554240077733994,373.19031222067696,91.94258199550704,"fa3_native","fifo","fifo",128,29,"5;12;3;2;3;2;2;1"
"1",8,"fa3_native_fifo",16,"case_000058",8,8,0,0.06561600044369698,0.07781120240688326,276.4505340974722,68.42526166849424,"fa3_native","fifo","fifo",128,29,"2;1;2;1;1;1;3;15"
"1",8,"fa3_native_fifo",16,"case_000059",8,7,1,0.4660799950361252,0.470985609292984,2174.1031097321825,15.193134387694853,"fa3_native","fifo","fifo",128,1,"1;1;1;1;1;1;1;1"
"1",8,"fa3_native_fifo",16,"case_000060",13,13,0,0.07740800082683563,0.08016639947891235,371.70310640583176,92.03224374618208,"fa3_native","fifo","fifo",128,29,"1;1;4;2;1;2;2;1;4;4;9;2;1"
"1",8,"fa3_native_fifo",16,"case_000061",7,7,0,0.0666240006685257,0.06918079778552055,218.2388911818818,54.08453355912434,"fa3_native","fifo","fifo",128,18,"2;11;5;1;1;3;7"
"1",8,"fa3_native_fifo",16,"case_000062",7,7,0,0.06843199953436852,0.07146880030632019,341.2886438934232,84.10474688978576,"fa3_native","fifo","fifo",128,29,"2;3;12;5;1;1;1"
"1",8,"fa3_native_fifo",16,"case_000063",8,8,0,0.0703359991312027,0.07530239745974542,291.5539544657258,72.05004638587475,"fa3_native","fifo","fifo",128,29,"3;1;12;2;5;1;4;1"
"1",8,"fa3_native_fifo",16,"case_000064",7,7,0,0.06743999943137169,0.06940160319209099,260.88264798851213,64.48588429223753,"fa3_native","fifo","fifo",128,17,"2;1;7;1;6;7;1"
"1",8,"fa3_native_fifo",16,"case_000065",9,8,1,0.09347200021147728,0.09541760310530663,205.49692250665515,41.17014711671355,"fa3_native","fifo","fifo",128,5,"1;5;1;5;1;1;3;2;1"
"1",8,"fa3_native_fifo",16,"case_000066",11,11,0,0.07449600100517273,0.07537920027971268,332.72082025287403,82.35996452445781,"fa3_native","fifo","fifo",128,14,"4;1;2;3;4;1;2;4;4;3;1"
"1",8,"fa3_native_fifo",16,"case_000067",8,8,0,0.06606399640440941,0.06861440017819405,154.2929258109438,38.5953036263761,"fa3_native","fifo","fifo",128,15,"2;9;1;3;4;1;1;2"
"1",8,"fa3_native_fifo",16,"case_000068",10,10,0,0.07182400301098824,0.07305279672145844,458.1023145001576,112.90621045946659,"fa3_native","fifo","fifo",128,20,"3;3;2;1;4;1;2;4;5;5"
"1",8,"fa3_native_fifo",16,"case_000069",5,5,0,0.0639520026743412,0.06549759954214096,492.932110484916,120.94270197269748,"fa3_native","fifo","fifo",128,29,"1;3;8;12;2"
"1",8,"fa3_native_fifo",16,"case_000070",10,10,0,0.07056000083684921,0.0724640004336834,179.38064911969167,44.878004002889426,"fa3_native","fifo","fifo",128,14,"2;8;2;2;1;1;3;1;2;6"
"1",8,"fa3_native_fifo",16,"case_000071",4,4,0,0.06296000257134438,0.06480640172958374,564.3756902921814,138.27292954975667,"fa3_native","fifo","fifo",128,29,"1;19;5;3"
"1",8,"fa3_native_fifo",16,"case_000072",5,5,0,0.062192000448703766,0.06452479884028435,54.99620233025143,14.04167728485089,"fa3_native","fifo","fifo",128,5,"2;5;5;2;1"
"1",8,"fa3_native_fifo",16,"case_000073",7,7,0,0.07230399921536446,0.07768000066280366,517.8145309567338,127.15999252841128,"fa3_native","fifo","fifo",128,29,"22;1;2;2;2;1;1"
"1",8,"fa3_native_fifo",16,"case_000074",14,14,0,0.087312001734972,0.08958719670772552,742.1378397518282,182.41231083378858,"fa3_native","fifo","fifo",128,29,"4;1;3;2;2;1;1;2;4;1;6;2;1;4"
"1",8,"fa3_native_fifo",16,"case_000075",9,9,0,0.07198400050401688,0.0744256004691124,452.93438402580335,111.53589608501926,"fa3_native","fifo","fifo",128,29,"7;2;6;1;3;3;1;3;2"
"1",8,"fa3_native_fifo",16,"case_000076",6,6,0,0.05849599838256836,0.059651199728250504,331.1082804900337,81.62144645816997,"fa3_native","fifo","fifo",128,19,"2;8;6;2;7;2"
"1",8,"fa3_native_fifo",16,"case_000077",10,8,2,1.100048005580902,1.112118399143219,3095.409017792701,14.933457373367196,"fa3_native","fifo","fifo",128,1,"1;1;1;1;1;1;1;1;1;1"
"1",8,"fa3_native_fifo",16,"case_000078",8,8,0,0.07335999980568886,0.0754432000219822,395.1277654958796,97.3007636165025,"fa3_native","fifo","fifo",128,29,"3;1;8;4;2;11;1;1"
"1",8,"fa3_native_fifo",16,"case_000079",9,8,1,0.11587199941277504,0.12079360261559487,618.0910409672612,56.36012179902021,"fa3_native","fifo","fifo",128,5,"1;1;1;1;1;1;1;1;1"
"1",8,"fa3_native_fifo",16,"case_000080",8,8,0,0.06988800317049026,0.0757568009197712,282.33891759453996,69.80585763909696,"fa3_native","fifo","fifo",128,23,"2;1;3;8;9;2;1;2"
"1",8,"fa3_native_fifo",16,"case_000081",9,9,0,0.0711359977722168,0.07577920183539391,282.9888347733605,70.05668235592528,"fa3_native","fifo","fifo",128,23,"2;1;3;8;9;2;1;2;1"
"1",8,"fa3_native_fifo",16,"case_000082",8,8,0,0.0740319974720478,0.08120320066809655,301.455695618997,74.4240353919981,"fa3_native","fifo","fifo",128,25,"2;2;3;8;10;1;4;2"
"1",8,"fa3_native_fifo",16,"case_000083",8,8,0,0.06940799951553345,0.07981760278344155,312.1344641427315,77.08621538361129,"fa3_native","fifo","fifo",128,29,"17;1;3;3;2;2;2;2"
"1",8,"fa3_native_fifo",16,"case_000084",9,8,1,0.3566399961709976,0.36409920156002046,555.8784748779161,24.227187339518725,"fa3_native","fifo","fifo",128,1,"1;1;1;1;1;1;1;1;1"
"1",8,"fa3_native_fifo",16,"case_000085",6,6,0,0.0671359971165657,0.07031359821557999,345.4072216986271,85.01144311732767,"fa3_native","fifo","fifo",128,29,"1;10;10;1;2;1"
"1",8,"fa3_native_fifo",16,"case_000086",12,12,0,0.07396799698472023,0.0752543993294239,377.930661307142,93.5089806667172,"fa3_native","fifo","fifo",128,15,"1;3;2;3;3;3;1;3;4;2;3;5"
"1",8,"fa3_native_fifo",16,"case_000087",5,5,0,0.06689600273966789,0.06868800148367882,275.37932954963065,67.80291518540017,"fa3_native","fifo","fifo",128,19,"5;7;8;5;1"
"1",8,"fa3_native_fifo",16,"case_000088",7,7,0,0.06948800012469292,0.0708256021142006,544.7331033282817,133.76191548642697,"fa3_native","fifo","fifo",128,29,"3;1;13;2;4;6;3"
"1",8,"fa3_native_fifo",16,"case_000089",3,3,0,0.05726400017738342,0.058508798480033875,429.2090693606005,105.18804102649807,"fa3_native","fifo","fifo",128,29,"19;4;2"
"1",8,"fa3_native_fifo",16,"case_000090",17,17,0,0.08716800063848495,0.09169279709458351,506.65444562808324,125.18648953825154,"fa3_native","fifo","fifo",128,29,"9;1;1;1;2;6;1;2;1;1;1;3;1;3;2;1;1"
"1",8,"fa3_native_fifo",16,"case_000091",13,11,2,0.40379199385643005,0.40959041118621825,946.567647638647,35.29040747912066,"fa3_native","fifo","fifo",128,1,"1;1;1;1;1;1;1;1;1;1;1;1;1"
"1",8,"fa3_native_fifo",16,"case_000092",8,8,0,0.07497599720954895,0.08679039776325226,553.073652679857,135.8437950686281,"fa3_native","fifo","fifo",128,29,"6;10;1;3;4;1;1;3"
"1",8,"fa3_native_fifo",16,"case_000093",13,13,0,0.0764320008456707,0.07882880344986916,413.32300819636856,102.20975394552289,"fa3_native","fifo","fifo",128,26,"1;1;2;2;1;2;6;3;1;3;1;1;6"
"1",8,"fa3_native_fifo",16,"case_000094",5,5,0,0.06569600105285645,0.06819839775562286,138.04497392015435,34.28446121382404,"fa3_native","fifo","fifo",128,17,"5;2;10;1;1"
"1",8,"fa3_native_fifo",16,"case_000095",8,8,0,0.06639999896287918,0.06759040057659149,243.24121054624283,60.30650696604117,"fa3_native","fifo","fifo",128,29,"1;2;12;1;2;1;3;2"
"1",8,"fa3_native_fifo",16,"case_000096",17,17,0,0.09087999910116196,0.09401599764823915,689.7649645685188,169.83028336982744,"fa3_native","fifo","fifo",128,29,"7;2;1;2;3;1;2;1;1;1;1;3;2;1;1;2;4"
"1",8,"fa3_native_fifo",16,"case_000097",6,6,0,0.0549280010163784,0.05803519859910011,134.04526638070357,33.56131601166988,"fa3_native","fifo","fifo",128,15,"2;2;15;5;2;2"
"1",8,"fa3_native_fifo",16,"case_000098",3,2,1,0.06916799768805504,0.07044799998402596,81.16769551895739,6.990516079136139,"fa3_native","fifo","fifo",128,1,"1;1;1"
"1",8,"fa3_native_fifo",16,"case_000099",10,10,0,0.07300799712538719,0.0905407965183258,265.2570781628232,65.80758532176375,"fa3_native","fifo","fifo",128,20,"1;8;1;2;4;6;2;2;1;1"
"1",8,"critical_wave_fifo",16,"case_000000",7,7,0,0.07116799801588058,0.07464320063591004,410.18752222713897,100.89568626614617,"critical_wave","fifo","fifo_critical_wave",128,2,"2;1;1;1;1;1;1"
"1",8,"critical_wave_fifo",16,"case_000001",5,5,0,0.05167999863624573,0.05384639985859394,102.95289931119304,25.874923283417903,"critical_wave","fifo","fifo_critical_wave",128,2,"1;1;1;2;1"
"1",8,"critical_wave_fifo",16,"case_000002",6,6,0,0.07487999647855759,0.0760991983115673,457.61774459768344,112.33590271880892,"critical_wave","fifo","fifo_critical_wave",128,3,"2;1;1;3;1;1"
"1",8,"critical_wave_fifo",16,"case_000003",5,5,0,0.0568000003695488,0.058720000088214874,380.81261724068935,93.6450698132672,"critical_wave","fifo","fifo_critical_wave",128,11,"11;2;3;8;4"
"1",8,"critical_wave_fifo",16,"case_000004",4,4,0,0.08166400343179703,0.08524480015039444,166.39517796049083,40.99843087898838,"critical_wave","fifo","fifo_critical_wave",128,2,"1;1;1;2"
"1",8,"critical_wave_fifo",16,"case_000005",4,4,0,0.05377599969506264,0.05498560108244419,250.50312311045377,61.72686735389073,"critical_wave","fifo","fifo_critical_wave",128,10,"8;10;5;3"
"1",8,"critical_wave_fifo",16,"case_000006",14,14,0,0.09471999853849411,0.097513597458601,594.1358794376382,146.18311036367692,"critical_wave","fifo","fifo_critical_wave",128,2,"1;1;1;1;2;1;1;1;1;1;1;1;1;1"
"1",8,"critical_wave_fifo",16,"case_000007",7,7,0,0.06856000050902367,0.06950720027089119,259.32411476076265,64.09241492671302,"critical_wave","fifo","fifo_critical_wave",176,1,"1;1;1;1;1;1;1"
"1",8,"critical_wave_fifo",16,"case_000008",9,9,0,0.08787199854850769,0.08897919952869415,432.3905329981283,106.34741617764996,"critical_wave","fifo","fifo_critical_wave",176,1,"1;1;1;1;1;1;1;1;1"
"1",8,"critical_wave_fifo",16,"case_000009",5,5,0,0.06784000247716904,0.06940159946680069,260.14815653845875,64.0764127545975,"critical_wave","fifo","fifo_critical_wave",128,3,"1;1;3;1;1"
"1",8,"critical_wave_fifo",16,"case_000010",6,6,0,0.05524799972772598,0.0575712013989687,216.882785893635,53.78048100642607,"critical_wave","fifo","fifo_critical_wave",128,4,"1;1;1;4;1;1"
"1",8,"critical_wave_fifo",16,"case_000011",9,9,0,0.07251200079917908,0.07341120019555092,417.61304394103587,102.90555932480183,"critical_wave","fifo","fifo_critical_wave",128,2,"1;1;1;1;2;1;1;1;1"
"1",8,"critical_wave_fifo",16,"case_000012",6,6,0,0.06835199892520905,0.06960320100188255,328.70784037471054,80.92228591664532,"critical_wave","fifo","fifo_critical_wave",128,2,"1;2;1;2;1;1"
"1",8,"critical_wave_fifo",16,"case_000013",9,9,0,0.07507199794054031,0.0764384001493454,610.9168454038605,150.0665002804762,"critical_wave","fifo","fifo_critical_wave",128,13,"1;5;1;2;1;8;2;1;13"
"1",8,"critical_wave_fifo",16,"case_000014",9,8,1,1.7261759638786316,1.7373600125312805,4410.977275774044,8.28140832634436,"critical_wave","fifo","fifo_critical_wave",176,1,"1;1;1;1;1;1;1;1;1"
"1",8,"critical_wave_fifo",16,"case_000015",6,6,0,0.06035200133919716,0.0624735988676548,491.4765532511929,120.74973220924413,"critical_wave","fifo","fifo_critical_wave",128,10,"4;2;7;10;4;3"
"1",8,"critical_wave_fifo",16,"case_000016",10,10,0,0.08273599669337273,0.08403519913554192,384.9210411041193,94.89924958659408,"critical_wave","fifo","fifo_critical_wave",128,2,"1;1;2;1;1;1;1;1;1;1"
"1",8,"critical_wave_fifo",16,"case_000017",4,4,0,0.06438399851322174,0.07088640108704568,416.2081686569529,102.088471542354,"critical_wave","fifo","fifo_critical_wave",128,7,"1;7;1;1"
"1",8,"critical_wave_fifo",16,"case_000018",14,14,0,0.06646399945020676,0.06844159960746765,335.67873941613357,83.56379462480155,"critical_wave","fifo","fifo_critical_wave",176,1,"1;1;1;1;1;1;1;1;1;1;1;1;1;1"
"1",8,"critical_wave_fifo",16,"case_000019",11,11,0,0.08575999736785889,0.08733760118484497,458.87581109871604,113.01119749838409,"critical_wave","fifo","fifo_critical_wave",128,2,"1;1;1;1;1;1;1;1;1;2;1"
"1",8,"critical_wave_fifo",16,"case_000020",8,7,1,0.3665120005607605,0.37481601238250734,536.9845799615845,22.596411542674794,"critical_wave","fifo","fifo_critical_wave",176,1,"1;1;1;1;1;1;1;1"
"1",8,"critical_wave_fifo",16,"case_000021",12,12,0,0.06796800345182419,0.06896640285849572,485.1098510694162,119.78530465104443,"critical_wave","fifo","fifo_critical_wave",128,2,"1;1;1;1;2;1;1;1;1;1;1;1"
"1",8,"critical_wave_fifo",16,"case_000022",9,9,0,0.06260799989104271,0.06404160261154175,356.0829814528149,88.03373386135824,"critical_wave","fifo","fifo_critical_wave",128,2,"1;1;1;1;1;1;1;1;2"
"1",8,"critical_wave_fifo",16,"case_000023",9,9,0,0.06326399743556976,0.06461760029196739,354.7028408828195,87.68538544611553,"critical_wave","fifo","fifo_critical_wave",128,2,"1;1;1;1;1;1;1;1;2"
"1",8,"critical_wave_fifo",16,"case_000024",5,5,0,0.0520160011947155,0.053094401583075525,83.2731521937918,21.065517818223228,"critical_wave","fifo","fifo_critical_wave",176,1,"1;1;1;1;1"
"1",8,"critical_wave_fifo",16,"case_000025",10,10,0,0.08931200206279755,0.09176639765501023,491.7900223210403,120.92224729668898,"critical_wave","fifo","fifo_critical_wave",128,2,"1;1;1;1;2;1;1;1;1;1"
"1",8,"critical_wave_fifo",16,"case_000026",6,6,0,0.06272000074386597,0.06381440162658691,270.795751890374,66.84387675824482,"critical_wave","fifo","fifo_critical_wave",128,2,"1;1;1;2;1;1"
"1",8,"critical_wave_fifo",16,"case_000027",11,11,0,0.08278399705886841,0.0847007967531681,489.8369683112073,120.60533864896806,"critical_wave","fifo","fifo_critical_wave",128,2,"1;1;1;2;1;1;1;1;1;1;1"
"1",8,"critical_wave_fifo",16,"case_000028",6,6,0,0.07268800213932991,0.07466240227222443,381.32559740560674,93.7283705630103,"critical_wave","fifo","fifo_critical_wave",128,2,"2;2;1;1;1;1"
"1",8,"critical_wave_fifo",16,"case_000029",13,13,0,0.06943999975919724,0.07072960212826729,628.1621846668086,154.79170560590828,"critical_wave","fifo","fifo_critical_wave",128,6,"1;1;1;1;1;1;1;1;1;1;1;6;1"
"1",8,"critical_wave_fifo",16,"case_000030",10,10,0,0.06584000214934349,0.0686431996524334,357.3623018211674,88.40825956835181,"critical_wave","fifo","fifo_critical_wave",128,3,"1;1;1;3;1;1;1;1;1;1"
"1",8,"critical_wave_fifo",16,"case_000031",6,6,0,0.06307199969887733,0.06857279762625695,212.95043835813362,52.71740258552772,"critical_wave","fifo","fifo_critical_wave",176,1,"1;1;1;1;1;1"
"1",8,"critical_wave_fifo",16,"case_000032",6,5,1,1.3436959981918335,1.351910364627838,4224.250296202525,6.735999818545125,"critical_wave","fifo","fifo_critical_wave",176,1,"1;1;1;1;1;1"
"1",8,"critical_wave_fifo",16,"case_000033",6,6,0,0.0655680000782013,0.06694400310516357,291.8095145372761,71.94241084635813,"critical_wave","fifo","fifo_critical_wave",128,3,"3;1;1;1;1;1"
"1",8,"critical_wave_fifo",16,"case_000034",4,4,0,0.060415999963879585,0.06189120151102543,283.92135610194913,69.82309326208355,"critical_wave","fifo","fifo_critical_wave",128,3,"1;2;3;1"
"1",8,"critical_wave_fifo",16,"case_000035",6,6,0,0.05928000062704086,0.06107519939541817,232.4538015897768,57.52550546439199,"critical_wave","fifo","fifo_critical_wave",128,2,"2;1;1;1;1;1"
"1",8,"critical_wave_fifo",16,"case_000036",9,9,0,0.08110399916768074,0.08253760188817978,615.5797577475696,151.13671490671234,"critical_wave","fifo","fifo_critical_wave",128,4,"1;1;1;1;1;1;1;4;1"
"1",8,"critical_wave_fifo",16,"case_000037",19,18,1,0.180479995906353,0.18250559717416764,1971.4397042906596,126.02588938334166,"critical_wave","fifo","fifo_critical_wave",176,1,"1;1;1;1;1;1;1;1;1;1;1;1;1;1;1;1;1;1;1"
"1",8,"critical_wave_fifo",16,"case_000038",9,9,0,0.061744000762701035,0.06345919892191887,287.59884796333347,71.32935905670226,"critical_wave","fifo","fifo_critical_wave",128,3,"1;1;3;1;1;1;1;1;1"
"1",8,"critical_wave_fifo",16,"case_000039",7,7,0,0.06419199705123901,0.06547519937157631,276.5821064240797,68.35892637048441,"critical_wave","fifo","fifo_critical_wave",128,2,"1;1;1;1;1;1;2"
"1",8,"critical_wave_fifo",16,"case_000040",8,8,0,0.07118399813771248,0.0729759968817234,403.7925104514744,99.44167488746054,"critical_wave","fifo","fifo_critical_wave",128,2,"1;1;1;1;2;1;1;1"
"1",8,"critical_wave_fifo",16,"case_000041",9,9,0,0.06115199998021126,0.06298880279064178,265.69129469612926,65.99162744155369,"critical_wave","fifo","fifo_critical_wave",128,2,"1;1;1;2;1;1;1;1;1"
"1",8,"critical_wave_fifo",16,"case_000042",13,13,0,0.11054399982094765,0.11171520128846169,759.7335985673767,186.38124216033435,"critical_wave","fifo","fifo_critical_wave",128,3,"3;2;1;1;2;1;1;1;1;1;1;1;1"
"1",8,"critical_wave_fifo",16,"case_000043",19,19,0,0.09532800316810608,0.09731840267777443,623.8720652012747,153.83685289346815,"critical_wave","fifo","fifo_critical_wave",128,2,"1;1;1;2;1;1;1;1;1;1;1;1;1;1;1;1;1;1;1"
"1",8,"critical_wave_fifo",16,"case_000044",13,12,1,0.09801600128412247,0.10060159787535668,621.4720440943702,68.05027661417637,"critical_wave","fifo","fifo_critical_wave",176,1,"1;1;1;1;1;1;1;1;1;1;1;1;1"
"1",8,"critical_wave_fifo",16,"case_000045",7,7,0,0.06176000088453293,0.06839679852128029,230.32465576862464,57.09844477808525,"critical_wave","fifo","fifo_critical_wave",128,2,"1;1;1;1;2;1;1"
"1",8,"critical_wave_fifo",16,"case_000046",6,6,0,0.059776000678539276,0.061852801218628885,253.01351318790807,62.53854318731835,"critical_wave","fifo","fifo_critical_wave",128,2,"1;1;1;2;1;1"
"1",8,"critical_wave_fifo",16,"case_000047",9,9,0,0.06563200056552887,0.0715199999511242,540.7339046532082,133.0638701357347,"critical_wave","fifo","fifo_critical_wave",128,8,"8;1;1;1;1;1;1;1;1"
"1",8,"critical_wave_fifo",16,"case_000048",10,10,0,0.06750399991869926,0.06870400160551071,272.1281823614041,67.57051442127181,"critical_wave","fifo","fifo_critical_wave",176,1,"1;1;1;1;1;1;1;1;1;1"
"1",8,"critical_wave_fifo",16,"case_000049",12,12,0,0.07039999961853027,0.07263040095567704,423.284365929974,104.64454602157281,"critical_wave","fifo","fifo_critical_wave",128,3,"1;1;3;1;1;1;1;1;1;1;1;1"
"1",8,"critical_wave_fifo",16,"case_000050",4,4,0,0.05632000043988228,0.05825919955968857,381.2351970223969,93.61818108698547,"critical_wave","fifo","fifo_critical_wave",128,11,"3;6;9;11"
"1",8,"critical_wave_fifo",16,"case_000051",10,10,0,0.06300800293684006,0.06475200057029724,294.56666580283166,73.1295039555349,"critical_wave","fifo","fifo_critical_wave",128,2,"1;1;1;1;2;1;1;1;1;1"
"1",8,"critical_wave_fifo",16,"case_000052",6,6,0,0.0711359977722168,0.0728768028318882,292.1444913803783,71.96941296013621,"critical_wave","fifo","fifo_critical_wave",176,1,"1;1;1;1;1;1"
"1",8,"critical_wave_fifo",16,"case_000053",11,11,0,0.07339200004935265,0.07571200281381607,508.7023044322841,125.3411815158884,"critical_wave","fifo","fifo_critical_wave",128,2,"1;1;1;1;1;2;1;1;1;1;1"
"1",8,"critical_wave_fifo",16,"case_000054",8,7,1,0.10451199859380722,0.10665920004248619,301.0265319130945,34.4770365937056,"critical_wave","fifo","fifo_critical_wave",176,1,"1;1;1;1;1;1;1;1"
"1",8,"critical_wave_fifo",16,"case_000055",5,5,0,0.057551998645067215,0.05974720045924187,177.3248059539754,43.95663156029819,"critical_wave","fifo","fifo_critical_wave",128,2,"2;1;1;1;1"
"1",8,"critical_wave_fifo",16,"case_000056",7,7,0,0.0729759968817234,0.08069120272994042,401.17452448713453,98.67661022392245,"critical_wave","fifo","fifo_critical_wave",128,2,"1;1;1;2;1;1;1"
"1",8,"critical_wave_fifo",16,"case_000057",8,8,0,0.06911999732255936,0.07080320194363594,397.20582279362,97.85926304994746,"critical_wave","fifo","fifo_critical_wave",128,3,"1;3;1;1;1;1;1;1"
"1",8,"critical_wave_fifo",16,"case_000058",8,8,0,0.05936000123620033,0.060979198291897775,305.5858825848152,75.63665610677123,"critical_wave","fifo","fifo_critical_wave",128,4,"1;1;1;1;1;1;1;4"
"1",8,"critical_wave_fifo",16,"case_000059",8,7,1,0.48286400735378265,0.4937087893486023,2098.5328190957407,14.665031752536,"critical_wave","fifo","fifo_critical_wave",176,1,"1;1;1;1;1;1;1;1"
"1",8,"critical_wave_fifo",16,"case_000060",13,13,0,0.06985600292682648,0.07123199850320816,411.88721315960834,101.98167231901829,"critical_wave","fifo","fifo_critical_wave",128,2,"1;1;1;1;1;1;1;1;1;1;2;1;1"
"1",8,"critical_wave_fifo",16,"case_000061",7,7,0,0.06132800132036209,0.0637856014072895,237.08498106838604,58.75502091087428,"critical_wave","fifo","fifo_critical_wave",128,2,"1;2;1;1;1;1;1"
"1",8,"critical_wave_fifo",16,"case_000062",7,7,0,0.0676800012588501,0.07140159904956818,345.0807311701402,85.03924191708543,"critical_wave","fifo","fifo_critical_wave",128,3,"1;1;3;1;1;1;1"
"1",8,"critical_wave_fifo",16,"case_000063",8,8,0,0.06310399994254112,0.08191679716110231,324.96733498149496,80.30730230436053,"critical_wave","fifo","fifo_critical_wave",128,3,"1;1;3;1;1;1;1;1"
"1",8,"critical_wave_fifo",16,"case_000064",7,7,0,0.07123199850320816,0.07570240199565888,246.99469342008706,61.05301116610019,"critical_wave","fifo","fifo_critical_wave",176,1,"1;1;1;1;1;1;1"
"1",8,"critical_wave_fifo",16,"case_000065",9,8,1,0.08432000130414963,0.09202879965305329,227.80132930399645,45.638708971540495,"critical_wave","fifo","fifo_critical_wave",176,1,"1;1;1;1;1;1;1;1;1"
"1",8,"critical_wave_fifo",16,"case_000066",11,11,0,0.06911999732255936,0.07111040353775025,358.59912500185,88.7657441791813,"critical_wave","fifo","fifo_critical_wave",176,1,"1;1;1;1;1;1;1;1;1;1;1"
"1",8,"critical_wave_fifo",16,"case_000067",8,8,0,0.05769599974155426,0.06167359985411167,176.67095364773738,44.1930118452145,"critical_wave","fifo","fifo_critical_wave",128,2,"1;2;1;1;1;1;1;1"
"1",8,"critical_wave_fifo",16,"case_000068",10,10,0,0.07684799656271935,0.07993919774889946,428.15354319805186,105.52488500310544,"critical_wave","fifo","fifo_critical_wave",176,1,"1;1;1;1;1;1;1;1;1;1"
"1",8,"critical_wave_fifo",16,"case_000069",5,5,0,0.07238399982452393,0.07425599917769432,435.5105510115728,106.85411166487539,"critical_wave","fifo","fifo_critical_wave",128,3,"1;1;2;3;1"
"1",8,"critical_wave_fifo",16,"case_000070",10,10,0,0.059728000313043594,0.062147199735045434,211.91231391746263,53.0168762289614,"critical_wave","fifo","fifo_critical_wave",128,2,"1;2;1;1;1;1;1;1;1;1"
"1",8,"critical_wave_fifo",16,"case_000071",4,4,0,0.06763200089335442,0.06971520185470581,525.3887870038089,128.72107707899303,"critical_wave","fifo","fifo_critical_wave",128,6,"1;6;2;1"
"1",8,"critical_wave_fifo",16,"case_000072",5,5,0,0.05193600058555603,0.056393599882721905,65.85651188842657,16.814540783929147,"critical_wave","fifo","fifo_critical_wave",176,1,"1;1;1;1;1"
"1",8,"critical_wave_fifo",16,"case_000073",7,7,0,0.06334399804472923,0.06721919775009155,591.059336254121,145.1467587111836,"critical_wave","fifo","fifo_critical_wave",128,9,"9;1;1;1;1;1;1"
"1",8,"critical_wave_fifo",16,"case_000074",14,14,0,0.09600000083446503,0.0989376001060009,674.9743727995572,165.90399855790537,"critical_wave","fifo","fifo_critical_wave",128,2,"1;1;1;1;1;1;1;1;1;1;2;1;1;1"
"1",8,"critical_wave_fifo",16,"case_000075",9,9,0,0.08193599805235863,0.08461440280079842,397.9206905756542,97.9886764163103,"critical_wave","fifo","fifo_critical_wave",128,2,"2;1;1;1;1;1;1;1;1"
"1",8,"critical_wave_fifo",16,"case_000076",6,6,0,0.05806399881839752,0.06039680019021035,333.57174555919676,82.2287148174713,"critical_wave","fifo","fifo_critical_wave",128,8,"2;8;6;2;7;2"
"1",8,"critical_wave_fifo",16,"case_000077",10,8,2,1.1054400205612183,1.1117503762245178,3080.310512687313,14.860616310652434,"critical_wave","fifo","fifo_critical_wave",176,1,"1;1;1;1;1;1;1;1;1;1"
"1",8,"critical_wave_fifo",16,"case_000078",8,8,0,0.08399999886751175,0.08573439717292786,345.07825227139364,84.9760011456467,"critical_wave","fifo","fifo_critical_wave",128,2,"1;1;1;1;1;2;1;1"
"1",8,"critical_wave_fifo",16,"case_000079",9,8,1,0.10654399916529655,0.108006402105093,672.2053357964044,61.294489142164,"critical_wave","fifo","fifo_critical_wave",176,1,"1;1;1;1;1;1;1;1;1"
"1",8,"critical_wave_fifo",16,"case_000080",8,8,0,0.07099199667572975,0.07247680053114891,277.9482771576401,68.72030973130607,"critical_wave","fifo","fifo_critical_wave",128,2,"1;1;1;1;2;1;1;1"
"1",8,"critical_wave_fifo",16,"case_000081",9,9,0,0.07220799848437309,0.07377280220389366,278.78757952772486,69.01662010585318,"critical_wave","fifo","fifo_critical_wave",128,2,"1;1;1;1;2;1;1;1;1"
"1",8,"critical_wave_fifo",16,"case_000082",8,8,0,0.07135999947786331,0.07312319800257683,312.7433780730772,77.21076289678491,"critical_wave","fifo","fifo_critical_wave",128,2,"1;1;1;1;2;1;1;1"
"1",8,"critical_wave_fifo",16,"case_000083",8,8,0,0.060864001512527466,0.06346239820122719,355.95143594922575,87.907463640864,"critical_wave","fifo","fifo_critical_wave",128,5,"5;1;1;1;1;1;1;1"
"1",8,"critical_wave_fifo",16,"case_000084",9,8,1,0.3670880049467087,0.37520319521427153,540.0571374724716,23.53763643476815,"critical_wave","fifo","fifo_critical_wave",176,1,"1;1;1;1;1;1;1;1;1"
"1",8,"critical_wave_fifo",16,"case_000085",6,6,0,0.09454399719834328,0.09617280215024948,245.27478134176405,60.366899741150476,"critical_wave","fifo","fifo_critical_wave",176,1,"1;1;1;1;1;1"
"1",8,"critical_wave_fifo",16,"case_000086",12,12,0,0.06995200365781784,0.0715872012078762,399.62792420851224,98.87739647650525,"critical_wave","fifo","fifo_critical_wave",176,1,"1;1;1;1;1;1;1;1;1;1;1;1"
"1",8,"critical_wave_fifo",16,"case_000087",5,5,0,0.07132799923419952,0.07269120216369629,258.268514212962,63.589951333238204,"critical_wave","fifo","fifo_critical_wave",176,1,"1;1;1;1;1"
"1",8,"critical_wave_fifo",16,"case_000088",7,7,0,0.08657599985599518,0.08916479870676995,437.21601846887376,107.36056199709434,"critical_wave","fifo","fifo_critical_wave",128,2,"1;1;2;1;1;1;1"
"1",8,"critical_wave_fifo",16,"case_000089",3,3,0,0.06124800071120262,0.06314879655838013,401.2902941908518,98.34587137630875,"critical_wave","fifo","fifo_critical_wave",128,7,"7;1;1"
"1",8,"critical_wave_fifo",16,"case_000090",17,17,0,0.09070399776101112,0.09294719994068146,486.9030707595096,120.30622981747563,"critical_wave","fifo","fifo_critical_wave",128,2,"2;1;1;1;1;1;1;1;1;1;1;1;1;1;1;1;1"
"1",8,"critical_wave_fifo",16,"case_000091",13,11,2,0.41118399798870087,0.41815038621425626,929.5508571092378,34.65597900138026,"critical_wave","fifo","fifo_critical_wave",176,1,"1;1;1;1;1;1;1;1;1;1;1;1;1"
"1",8,"critical_wave_fifo",16,"case_000092",8,8,0,0.08895999938249588,0.09160639718174934,466.13364352337504,114.48992885227071,"critical_wave","fifo","fifo_critical_wave",128,2,"1;2;1;1;1;1;1;1"
"1",8,"critical_wave_fifo",16,"case_000093",13,13,0,0.08822400122880936,0.09175999760627747,358.07834684428246,88.54842096471336,"critical_wave","fifo","fifo_critical_wave",176,1,"1;1;1;1;1;1;1;1;1;1;1;1;1"
"1",8,"critical_wave_fifo",16,"case_000094",5,5,0,0.057392001152038574,0.05907519906759262,158.01858394822443,39.24505078736039,"critical_wave","fifo","fifo_critical_wave",128,2,"1;1;2;1;1"
"1",8,"critical_wave_fifo",16,"case_000095",8,8,0,0.05844799987971783,0.06026240065693855,276.3347960792183,68.51136066658731,"critical_wave","fifo","fifo_critical_wave",128,4,"1;1;4;1;1;1;1;1"
"1",8,"critical_wave_fifo",16,"case_000096",17,17,0,0.09679999947547913,0.09955519735813141,647.580988632952,159.4439678061125,"critical_wave","fifo","fifo_critical_wave",128,2,"2;1;1;1;1;1;1;1;1;1;1;1;1;1;1;1;1"
"1",8,"critical_wave_fifo",16,"case_000097",6,6,0,0.05278399959206581,0.05506239831447601,139.4899701595697,34.924522852510364,"critical_wave","fifo","fifo_critical_wave",128,3,"1;1;3;1;1;1"
"1",8,"critical_wave_fifo",16,"case_000098",3,2,1,0.07155200093984604,0.07419199869036674,78.46331202840685,6.757602773491919,"critical_wave","fifo","fifo_critical_wave",176,1,"1;1;1"
"1",8,"critical_wave_fifo",16,"case_000099",10,10,0,0.06665600091218948,0.07580480128526688,290.534801592913,72.07873161081582,"critical_wave","fifo","fifo_critical_wave",128,2,"1;2;1;1;1;1;1;1;1;1"
"1",8,"critical_wave_release_lpt",16,"case_000000",7,7,0,0.0729919970035553,0.07642560079693794,399.93733513796184,98.37440123264815,"critical_wave","release_lpt","release_lpt_critical_wave",128,2,"2;1;1;1;1;1;1"
"1",8,"critical_wave_release_lpt",16,"case_000001",5,5,0,0.053247999399900436,0.05519679933786392,99.92123189533292,25.11298105225152,"critical_wave","release_lpt","release_lpt_critical_wave",128,2,"1;1;1;2;1"
"1",8,"critical_wave_release_lpt",16,"case_000002",6,6,0,0.07649600133299828,0.07919679880142212,447.9504092616983,109.96276737894557,"critical_wave","release_lpt","release_lpt_critical_wave",128,3,"2;1;1;3;1;1"
"1",8,"critical_wave_release_lpt",16,"case_000003",5,5,0,0.05713599920272827,0.05931520089507104,378.5731780633172,93.09437262359127,"critical_wave","release_lpt","release_lpt_critical_wave",128,11,"11;2;3;8;4"
"1",8,"critical_wave_release_lpt",16,"case_000004",4,4,0,0.06387200206518173,0.06707520261406899,212.74574061625412,52.41883598048562,"critical_wave","release_lpt","release_lpt_critical_wave",128,2,"1;1;1;2"
"1",8,"critical_wave_release_lpt",16,"case_000005",4,4,0,0.05448000133037567,0.06411200314760208,247.26607090754837,60.9292202448834,"critical_wave","release_lpt","release_lpt_critical_wave",128,10,"8;10;5;3"
"1",8,"critical_wave_release_lpt",16,"case_000006",14,14,0,0.09649599716067314,0.09773439913988113,583.200871413301,143.4926256779811,"critical_wave","release_lpt","release_lpt_critical_wave",128,2,"1;1;1;1;2;1;1;1;1;1;1;1;1;1"
"1",8,"critical_wave_release_lpt",16,"case_000007",7,7,0,0.07337599992752075,0.07707839757204056,242.30349784073778,59.88573926543384,"critical_wave","release_lpt","release_lpt_critical_wave",176,1,"1;1;1;1;1;1;1"
"1",8,"critical_wave_release_lpt",16,"case_000008",9,9,0,0.09003200009465218,0.09403840079903603,422.0168412126265,103.7959835411352,"critical_wave","release_lpt","release_lpt_critical_wave",176,1,"1;1;1;1;1;1;1;1;1"
"1",8,"critical_wave_release_lpt",16,"case_000009",5,5,0,0.06876800209283829,0.07001599669456482,256.63755012359104,63.21172446062242,"critical_wave","release_lpt","release_lpt_critical_wave",128,3,"1;1;3;1;1"
"1",8,"critical_wave_release_lpt",16,"case_000010",6,6,0,0.05623999983072281,0.060873599350452424,213.05725697129682,52.83186360140877,"critical_wave","release_lpt","release_lpt_critical_wave",128,4,"1;1;1;4;1;1"
"1",8,"critical_wave_release_lpt",16,"case_000011",9,9,0,0.07425599917769432,0.0779711976647377,407.8048603660344,100.48868889561005,"critical_wave","release_lpt","release_lpt_critical_wave",128,2,"1;1;1;1;2;1;1;1;1"
"1",8,"critical_wave_release_lpt",16,"case_000012",6,6,0,0.06864000111818314,0.06980160251259804,327.328636159479,80.58274927001352,"critical_wave","release_lpt","release_lpt_critical_wave",128,2,"1;2;1;2;1;1"
"1",8,"critical_wave_release_lpt",16,"case_000013",9,9,0,0.07911999896168709,0.07998719811439514,579.660626413917,142.3886772983317,"critical_wave","release_lpt","release_lpt_critical_wave",128,13,"1;5;1;2;1;8;2;1;13"
"1",8,"critical_wave_release_lpt",16,"case_000014",9,8,1,1.7153279781341553,1.7498879432678223,4438.872943084767,8.333781167348265,"critical_wave","release_lpt","release_lpt_critical_wave",176,1,"1;1;1;1;1;1;1;1;1"
"1",8,"critical_wave_release_lpt",16,"case_000015",6,6,0,0.06161599978804588,0.06738879829645157,481.3943407886509,118.27265685971787,"critical_wave","release_lpt","release_lpt_critical_wave",128,10,"4;2;7;10;4;3"
"1",8,"critical_wave_release_lpt",16,"case_000016",10,10,0,0.08342400193214417,0.08961600065231325,381.7465626967132,94.11660694947673,"critical_wave","release_lpt","release_lpt_critical_wave",128,2,"1;1;2;1;1;1;1;1;1;1"
"1",8,"critical_wave_release_lpt",16,"case_000017",4,4,0,0.06435199826955795,0.06716159731149673,416.41513601103713,102.1392369583856,"critical_wave","release_lpt","release_lpt_critical_wave",128,7,"1;7;1;1"
"1",8,"critical_wave_release_lpt",16,"case_000018",14,14,0,0.07222399860620499,0.07416959777474404,308.9077312604405,76.89942549820053,"critical_wave","release_lpt","release_lpt_critical_wave",176,1,"1;1;1;1;1;1;1;1;1;1;1;1;1;1"
"1",8,"critical_wave_release_lpt",16,"case_000019",11,11,0,0.08835200220346451,0.09144640266895294,445.41365640332776,109.69575966915617,"critical_wave","release_lpt","release_lpt_critical_wave",128,2,"1;1;1;1;1;1;1;1;1;2;1"
"1",8,"critical_wave_release_lpt",16,"case_000020",8,7,1,0.3664640039205551,0.3743295967578888,537.0549100769697,22.599371047082172,"critical_wave","release_lpt","release_lpt_critical_wave",176,1,"1;1;1;1;1;1;1;1"
"1",8,"critical_wave_release_lpt",16,"case_000021",12,12,0,0.06864000111818314,0.06992960274219513,480.36054042641234,118.61258548032353,"critical_wave","release_lpt","release_lpt_critical_wave",128,2,"1;1;1;1;2;1;1;1;1;1;1;1"
"1",8,"critical_wave_release_lpt",16,"case_000022",9,9,0,0.06473600119352341,0.06659840047359467,344.3778245949241,85.13988968091245,"critical_wave","release_lpt","release_lpt_critical_wave",128,2,"1;1;1;1;1;1;1;1;2"
"1",8,"critical_wave_release_lpt",16,"case_000023",9,9,0,0.06492800265550613,0.06737599670886994,345.6123505763967,85.43814337602399,"critical_wave","release_lpt","release_lpt_critical_wave",128,2,"1;1;1;1;1;1;1;1;2"
"1",8,"critical_wave_release_lpt",16,"case_000024",5,5,0,0.05438400059938431,0.05552000179886818,79.64725537401965,20.14827868349952,"critical_wave","release_lpt","release_lpt_critical_wave",176,1,"1;1;1;1;1"
"1",8,"critical_wave_release_lpt",16,"case_000025",10,10,0,0.09136000275611877,0.0922528013586998,480.7656541479067,118.21155510283398,"critical_wave","release_lpt","release_lpt_critical_wave",128,2,"1;1;1;1;2;1;1;1;1;1"
"1",8,"critical_wave_release_lpt",16,"case_000026",6,6,0,0.06620799750089645,0.06761280074715614,256.52957952353165,63.322380350549565,"critical_wave","release_lpt","release_lpt_critical_wave",128,2,"1;1;1;2;1;1"
"1",8,"critical_wave_release_lpt",16,"case_000027",11,11,0,0.0838719978928566,0.08668160289525986,483.4827256148349,119.04082710363522,"critical_wave","release_lpt","release_lpt_critical_wave",128,2,"1;1;1;2;1;1;1;1;1;1;1"
"1",8,"critical_wave_release_lpt",16,"case_000028",6,6,0,0.07384000346064568,0.0795967996120453,375.37641577675015,92.26608451651914,"critical_wave","release_lpt","release_lpt_critical_wave",128,2,"2;2;1;1;1;1"
"1",8,"critical_wave_release_lpt",16,"case_000029",13,13,0,0.06963200122117996,0.07463680133223534,626.430106660962,154.36488699868872,"critical_wave","release_lpt","release_lpt_critical_wave",128,6,"1;1;1;1;1;1;1;1;1;1;1;6;1"
"1",8,"critical_wave_release_lpt",16,"case_000030",10,10,0,0.06812799721956253,0.0701855979859829,345.3607280450609,85.43917680774848,"critical_wave","release_lpt","release_lpt_critical_wave",128,3,"1;1;1;3;1;1;1;1;1;1"
"1",8,"critical_wave_release_lpt",16,"case_000031",6,6,0,0.06729599833488464,0.0681471973657608,199.58408102012777,49.408465321427634,"critical_wave","release_lpt","release_lpt_critical_wave",176,1,"1;1;1;1;1;1"
"1",8,"critical_wave_release_lpt",16,"case_000032",6,5,1,1.3376320004463196,1.346563196182251,4243.400439339136,6.766536683467473,"critical_wave","release_lpt","release_lpt_critical_wave",176,1,"1;1;1;1;1;1"
"1",8,"critical_wave_release_lpt",16,"case_000033",6,6,0,0.06649599969387054,0.06739519909024239,287.7371023833735,70.93840263649444,"critical_wave","release_lpt","release_lpt_critical_wave",128,3,"3;1;1;1;1;1"
"1",8,"critical_wave_release_lpt",16,"case_000034",4,4,0,0.05995199829339981,0.060864001512527466,286.1187804959028,70.36349279560898,"critical_wave","release_lpt","release_lpt_critical_wave",128,3,"1;2;3;1"
"1",8,"critical_wave_release_lpt",16,"case_000035",6,6,0,0.06276800110936165,0.06464320048689842,219.53640804955916,54.328829016850634,"critical_wave","release_lpt","release_lpt_critical_wave",128,2,"2;1;1;1;1;1"
"1",8,"critical_wave_release_lpt",16,"case_000036",9,9,0,0.08211199939250946,0.0837248019874096,608.0229507181434,149.28137288931,"critical_wave","release_lpt","release_lpt_critical_wave",128,4,"1;1;1;1;1;1;1;4;1"
"1",8,"critical_wave_release_lpt",16,"case_000037",19,18,1,0.159231998026371,0.16433280408382417,2234.509609689591,142.84284742965474,"critical_wave","release_lpt","release_lpt_critical_wave",176,1,"1;1;1;1;1;1;1;1;1;1;1;1;1;1;1;1;1;1;1"
"1",8,"critical_wave_release_lpt",16,"case_000038",9,9,0,0.06297600269317627,0.06403840258717537,281.97254078693857,69.93394009869746,"critical_wave","release_lpt","release_lpt_critical_wave",128,3,"1;1;3;1;1;1;1;1;1"
"1",8,"critical_wave_release_lpt",16,"case_000039",7,7,0,0.06441599875688553,0.0692031979560852,275.6203133169958,68.12121343583064,"critical_wave","release_lpt","release_lpt_critical_wave",128,2,"1;1;1;1;1;1;2"
"1",8,"critical_wave_release_lpt",16,"case_000040",8,8,0,0.07227199897170067,0.07369920238852501,397.71371652879054,97.94465492467931,"critical_wave","release_lpt","release_lpt_critical_wave",128,2,"1;1;1;1;2;1;1;1"
"1",8,"critical_wave_release_lpt",16,"case_000041",9,9,0,0.06304000318050385,0.06446079909801483,257.7340296363567,64.01522519668988,"critical_wave","release_lpt","release_lpt_critical_wave",128,2,"1;1;1;2;1;1;1;1;1"
"1",8,"critical_wave_release_lpt",16,"case_000042",13,13,0,0.11264000087976456,0.11418559774756432,745.5965032674949,182.9130667531922,"critical_wave","release_lpt","release_lpt_critical_wave",128,3,"3;2;1;1;2;1;1;1;1;1;1;1;1"
"1",8,"critical_wave_release_lpt",16,"case_000043",19,19,0,0.09351999685168266,0.0952352024614811,635.9332785513234,156.81095480849712,"critical_wave","release_lpt","release_lpt_critical_wave",128,2,"1;1;1;2;1;1;1;1;1;1;1;1;1;1;1;1;1;1;1"
"1",8,"critical_wave_release_lpt",16,"case_000044",13,12,1,0.09915200248360634,0.10114560201764107,614.3517341676632,67.27061312859327,"critical_wave","release_lpt","release_lpt_critical_wave",176,1,"1;1;1;1;1;1;1;1;1;1;1;1;1"
"1",8,"critical_wave_release_lpt",16,"case_000045",7,7,0,0.06232000142335892,0.0664543978869915,228.25498426044982,56.585364561275945,"critical_wave","release_lpt","release_lpt_critical_wave",128,2,"1;1;1;1;2;1;1"
"1",8,"critical_wave_release_lpt",16,"case_000046",6,6,0,0.060895999893546104,0.06271360069513321,248.36008871582533,61.388334316458014,"critical_wave","release_lpt","release_lpt_critical_wave",128,2,"1;1;1;2;1;1"
"1",8,"critical_wave_release_lpt",16,"case_000047",9,9,0,0.06526399776339531,0.06662720069289207,543.782930133419,133.81417472556709,"critical_wave","release_lpt","release_lpt_critical_wave",128,8,"8;1;1;1;1;1;1;1;1"
"1",8,"critical_wave_release_lpt",16,"case_000048",10,10,0,0.06984000280499458,0.07092480286955834,263.02606045551727,65.31042120281532,"critical_wave","release_lpt","release_lpt_critical_wave",176,1,"1;1;1;1;1;1;1;1;1;1"
"1",8,"critical_wave_release_lpt",16,"case_000049",12,12,0,0.07039999961853027,0.07169920206069946,423.284365929974,104.64454602157281,"critical_wave","release_lpt","release_lpt_critical_wave",128,3,"1;1;3;1;1;1;1;1;1;1;1;1"
"1",8,"critical_wave_release_lpt",16,"case_000050",4,4,0,0.06521599739789963,0.06621119752526283,329.2315891912052,80.84789331413049,"critical_wave","release_lpt","release_lpt_critical_wave",128,2,"1;1;2;2"
"1",8,"critical_wave_release_lpt",16,"case_000051",10,10,0,0.06356799975037575,0.06467520073056221,291.9717061553489,72.48527589501137,"critical_wave","release_lpt","release_lpt_critical_wave",128,2,"1;1;1;1;2;1;1;1;1;1"
"1",8,"critical_wave_release_lpt",16,"case_000052",6,6,0,0.07475200295448303,0.07760000228881836,278.01248216257545,68.48801099172374,"critical_wave","release_lpt","release_lpt_critical_wave",176,1,"1;1;1;1;1;1"
"1",8,"critical_wave_release_lpt",16,"case_000053",11,11,0,0.07587199658155441,0.07689599692821503,492.0745628707576,121.24420622188319,"critical_wave","release_lpt","release_lpt_critical_wave",128,2,"1;1;1;1;1;2;1;1;1;1;1"
"1",8,"critical_wave_release_lpt",16,"case_000054",8,7,1,0.10355199873447418,0.10575360059738159,303.81725958444633,34.796662971609194,"critical_wave","release_lpt","release_lpt_critical_wave",176,1,"1;1;1;1;1;1;1;1"
"1",8,"critical_wave_release_lpt",16,"case_000055",5,5,0,0.05928000062704086,0.06036160103976727,172.1558178821064,42.675303192321884,"critical_wave","release_lpt","release_lpt_critical_wave",128,2,"2;1;1;1;1"
"1",8,"critical_wave_release_lpt",16,"case_000056",7,7,0,0.0745760016143322,0.07796159759163857,392.5674508456571,96.55953448992751,"critical_wave","release_lpt","release_lpt_critical_wave",128,2,"1;1;1;2;1;1;1"
"1",8,"critical_wave_release_lpt",16,"case_000057",8,8,0,0.06960000097751617,0.07089600265026093,394.46645147130266,97.18436645115963,"critical_wave","release_lpt","release_lpt_critical_wave",128,3,"1;3;1;1;1;1;1;1"
"1",8,"critical_wave_release_lpt",16,"case_000058",8,8,0,0.0612960010766983,0.06306560263037682,295.934123749808,73.2477147144073,"critical_wave","release_lpt","release_lpt_critical_wave",128,4,"1;1;1;1;1;1;1;4"
"1",8,"critical_wave_release_lpt",16,"case_000059",8,7,1,0.4824479967355728,0.48980801105499266,2100.3423652878955,14.677677279031542,"critical_wave","release_lpt","release_lpt_critical_wave",176,1,"1;1;1;1;1;1;1;1"
"1",8,"critical_wave_release_lpt",16,"case_000060",13,13,0,0.07092799991369247,0.07298239693045616,405.6620009447846,100.4403339819078,"critical_wave","release_lpt","release_lpt_critical_wave",128,2,"1;1;1;1;1;1;1;1;1;1;2;1;1"
"1",8,"critical_wave_release_lpt",16,"case_000061",7,7,0,0.06353599950671196,0.0647680014371872,228.84582197316337,56.713170926339856,"critical_wave","release_lpt","release_lpt_critical_wave",128,2,"1;2;1;1;1;1;1"
"1",8,"critical_wave_release_lpt",16,"case_000062",7,7,0,0.06852800026535988,0.06987840235233307,340.81053335224374,83.98692472731204,"critical_wave","release_lpt","release_lpt_critical_wave",128,3,"1;1;3;1;1;1;1"
"1",8,"critical_wave_release_lpt",16,"case_000063",8,8,0,0.06404799968004227,0.06545279920101166,320.1776603554103,79.1236576523268,"critical_wave","release_lpt","release_lpt_critical_wave",128,3,"1;1;3;1;1;1;1;1"
"1",8,"critical_wave_release_lpt",16,"case_000064",7,7,0,0.07531199976801872,0.07703999802470207,233.61384223223442,57.74548562507796,"critical_wave","release_lpt","release_lpt_critical_wave",176,1,"1;1;1;1;1;1;1"
"1",8,"critical_wave_release_lpt",16,"case_000065",9,8,1,0.08427200093865395,0.08723199963569642,227.93108232926227,45.66470425689013,"critical_wave","release_lpt","release_lpt_critical_wave",176,1,"1;1;1;1;1;1;1;1;1"
"1",8,"critical_wave_release_lpt",16,"case_000066",11,11,0,0.06991999968886375,0.07322560325264932,354.4961480305578,87.75011480695424,"critical_wave","release_lpt","release_lpt_critical_wave",176,1,"1;1;1;1;1;1;1;1;1;1;1"
"1",8,"critical_wave_release_lpt",16,"case_000067",8,8,0,0.05673599988222122,0.05754239857196808,179.66030945361274,44.94077843508654,"critical_wave","release_lpt","release_lpt_critical_wave",128,2,"1;2;1;1;1;1;1;1"
"1",8,"critical_wave_release_lpt",16,"case_000068",10,10,0,0.07820799946784973,0.07926720008254051,420.70814034216386,103.6898534060273,"critical_wave","release_lpt","release_lpt_critical_wave",176,1,"1;1;1;1;1;1;1;1;1;1"
"1",8,"critical_wave_release_lpt",16,"case_000069",5,5,0,0.0716480016708374,0.07280000299215317,439.9842970195648,107.9517616629935,"critical_wave","release_lpt","release_lpt_critical_wave",128,3,"1;1;2;3;1"
"1",8,"critical_wave_release_lpt",16,"case_000070",10,10,0,0.06176000088453293,0.06440319865942001,204.940067531149,51.27253812577318,"critical_wave","release_lpt","release_lpt_critical_wave",128,2,"1;2;1;1;1;1;1;1;1;1"
"1",8,"critical_wave_release_lpt",16,"case_000071",4,4,0,0.06857600063085556,0.0697312019765377,518.156418938377,126.94913555636712,"critical_wave","release_lpt","release_lpt_critical_wave",128,6,"1;6;2;1"
"1",8,"critical_wave_release_lpt",16,"case_000072",5,5,0,0.053088000044226646,0.054339200258255005,64.42743816211932,16.44966846128101,"critical_wave","release_lpt","release_lpt_critical_wave",176,1,"1;1;1;1;1"
"1",8,"critical_wave_release_lpt",16,"case_000073",7,7,0,0.06446399912238121,0.06586560234427452,580.7902387334392,142.62497091664113,"critical_wave","release_lpt","release_lpt_critical_wave",128,9,"9;1;1;1;1;1;1"
"1",8,"critical_wave_release_lpt",16,"case_000074",14,14,0,0.09297600015997887,0.0940576009452343,696.9275968046196,171.29994807902713,"critical_wave","release_lpt","release_lpt_critical_wave",128,2,"1;1;1;1;1;1;1;1;1;1;2;1;1;1"
"1",8,"critical_wave_release_lpt",16,"case_000075",9,9,0,0.08131200075149536,0.0826400026679039,400.97437803361885,98.74065237353476,"critical_wave","release_lpt","release_lpt_critical_wave",128,2,"2;1;1;1;1;1;1;1;1"
"1",8,"critical_wave_release_lpt",16,"case_000076",6,6,0,0.05897600017488003,0.05959999933838844,328.4134119398917,80.95713486574562,"critical_wave","release_lpt","release_lpt_critical_wave",128,8,"2;8;6;2;7;2"
"1",8,"critical_wave_release_lpt",16,"case_000077",10,8,2,1.1200479865074158,1.13089280128479,3040.136277641043,14.666800170968598,"critical_wave","release_lpt","release_lpt_critical_wave",176,1,"1;1;1;1;1;1;1;1;1;1"
"1",8,"critical_wave_release_lpt",16,"case_000078",8,8,0,0.08523200079798698,0.08774720206856729,340.09025399629724,83.74769961012795,"critical_wave","release_lpt","release_lpt_critical_wave",128,2,"1;1;1;1;1;2;1;1"
"1",8,"critical_wave_release_lpt",16,"case_000079",9,8,1,0.10873600095510483,0.11027519777417183,658.6543932728445,60.058857624314804,"critical_wave","release_lpt","release_lpt_critical_wave",176,1,"1;1;1;1;1;1;1;1;1"
"1",8,"critical_wave_release_lpt",16,"case_000080",8,8,0,0.07256000116467476,0.07449600100517273,271.94188053026676,67.23528006743064,"critical_wave","release_lpt","release_lpt_critical_wave",128,2,"1;1;1;1;2;1;1;1"
"1",8,"critical_wave_release_lpt",16,"case_000081",9,9,0,0.07286400347948074,0.07768320068717004,276.2776152653897,68.39525365091171,"critical_wave","release_lpt","release_lpt_critical_wave",128,2,"1;1;1;1;2;1;1;1;1"
"1",8,"critical_wave_release_lpt",16,"case_000082",8,8,0,0.0719359964132309,0.07452799901366235,310.23921831567566,76.59253050933776,"critical_wave","release_lpt","release_lpt_critical_wave",128,2,"1;1;1;1;2;1;1;1"
"1",8,"critical_wave_release_lpt",16,"case_000083",8,8,0,0.0605119988322258,0.06169600039720535,358.0220312349433,88.41882772430634,"critical_wave","release_lpt","release_lpt_critical_wave",128,5,"5;1;1;1;1;1;1;1"
"1",8,"critical_wave_release_lpt",16,"case_000084",9,8,1,0.3664480000734329,0.37724800407886505,541.0003523344998,23.578745137832772,"critical_wave","release_lpt","release_lpt_critical_wave",176,1,"1;1;1;1;1;1;1;1;1"
"1",8,"critical_wave_release_lpt",16,"case_000085",6,6,0,0.09532800316810608,0.09680639952421188,243.25756828354963,59.87042432783804,"critical_wave","release_lpt","release_lpt_critical_wave",176,1,"1;1;1;1;1;1"
"1",8,"critical_wave_release_lpt",16,"case_000086",12,12,0,0.0708640031516552,0.07216319814324379,394.48482688981494,97.60487260644469,"critical_wave","release_lpt","release_lpt_critical_wave",176,1,"1;1;1;1;1;1;1;1;1;1;1;1"
"1",8,"critical_wave_release_lpt",16,"case_000087",5,5,0,0.07257600128650665,0.07415679842233658,253.82738174395647,62.496471555305796,"critical_wave","release_lpt","release_lpt_critical_wave",176,1,"1;1;1;1;1"
"1",8,"critical_wave_release_lpt",16,"case_000088",7,7,0,0.08726400136947632,0.08846080228686333,433.7689466213295,106.51411640689678,"critical_wave","release_lpt","release_lpt_critical_wave",128,2,"1;1;2;1;1;1;1"
"1",8,"critical_wave_release_lpt",16,"case_000089",3,3,0,0.062063999474048615,0.06435519829392433,396.01425032682783,97.05284949479699,"critical_wave","release_lpt","release_lpt_critical_wave",128,7,"7;1;1"
"1",8,"critical_wave_release_lpt",16,"case_000090",17,17,0,0.09380799904465675,0.09523200243711472,470.7919952431344,116.32543185155546,"critical_wave","release_lpt","release_lpt_critical_wave",128,2,"2;1;1;1;1;1;1;1;1;1;1;1;1;1;1;1;1"
"1",8,"critical_wave_release_lpt",16,"case_000091",13,11,2,0.4148000031709671,0.42553921341896056,921.4475285393447,34.35386666119821,"critical_wave","release_lpt","release_lpt_critical_wave",176,1,"1;1;1;1;1;1;1;1;1;1;1;1;1"
"1",8,"critical_wave_release_lpt",16,"case_000092",8,8,0,0.08915200084447861,0.09103360027074814,465.1297586953503,114.24335857326732,"critical_wave","release_lpt","release_lpt_critical_wave",128,2,"1;2;1;1;1;1;1;1"
"1",8,"critical_wave_release_lpt",16,"case_000093",13,13,0,0.0886559970676899,0.09084479808807373,356.33353136708644,88.11694931404779,"critical_wave","release_lpt","release_lpt_critical_wave",176,1,"1;1;1;1;1;1;1;1;1;1;1;1;1"
"1",8,"critical_wave_release_lpt",16,"case_000094",5,5,0,0.05809599906206131,0.0645023986697197,156.10374033351243,38.76948561627996,"critical_wave","release_lpt","release_lpt_critical_wave",128,2,"1;1;2;1;1"
"1",8,"critical_wave_release_lpt",16,"case_000095",8,8,0,0.058687999844551086,0.060095999389886856,275.2047466395222,68.23118883939587,"critical_wave","release_lpt","release_lpt_critical_wave",128,4,"1;1;4;1;1;1;1;1"
"1",8,"critical_wave_release_lpt",16,"case_000096",17,17,0,0.09604800119996071,0.09906880110502243,652.6511595956631,160.69231849882902,"critical_wave","release_lpt","release_lpt_critical_wave",128,2,"2;1;1;1;1;1;1;1;1;1;1;1;1;1;1;1;1"
"1",8,"critical_wave_release_lpt",16,"case_000097",6,6,0,0.05360000021755695,0.05800320096313954,137.36638989020497,34.39283568129849,"critical_wave","release_lpt","release_lpt_critical_wave",128,3,"1;1;3;1;1;1"
"1",8,"critical_wave_release_lpt",16,"case_000098",3,2,1,0.071407999843359,0.07284800261259079,78.62154084017698,6.77123012912632,"critical_wave","release_lpt","release_lpt_critical_wave",176,1,"1;1;1"
"1",8,"critical_wave_release_lpt",16,"case_000099",10,10,0,0.06856000050902367,0.07008319720625877,282.4662756157815,70.07701231518585,"critical_wave","release_lpt","release_lpt_critical_wave",128,2,"1;2;1;1;1;1;1;1;1;1"
"2",2,"fa3_native_fifo",12,"case_000000",19,19,0,0.09364799782633781,0.09609600082039833,1097.3627235744048,1072.8638554164916,"fa3_native","fifo","fifo",128,109,"1;29;21;1;21;2;3;3;5;5;2;5;4;1;3;3;9;2;6"
"2",2,"fa3_native_fifo",12,"case_000001",14,14,0,0.06161599978804588,0.06400960236787796,480.97740181032754,471.0714116438186,"fa3_native","fifo","fifo",128,100,"2;16;30;2;2;14;12;9;6;2;5;8;1;8"
"2",2,"fa3_native_fifo",12,"case_000002",14,14,0,0.0944799967110157,0.09850240349769593,1033.152046803777,1009.8289936633331,"fa3_native","fifo","fifo",128,109,"7;6;1;6;21;9;4;2;2;3;26;1;29;2"
"2",2,"fa3_native_fifo",12,"case_000003",8,8,0,0.06088000163435936,0.06355519816279412,302.8564018565014,296.5487436815503,"fa3_native","fifo","fifo",128,109,"44;9;2;4;3;19;9;5"
"2",2,"fa3_native_fifo",12,"case_000004",11,11,0,0.05915199965238571,0.05984320119023323,524.8973620243073,513.7138250367573,"fa3_native","fifo","fifo",128,82,"11;19;24;10;2;7;3;19;1;5;19"
"2",2,"fa3_native_fifo",12,"case_000005",12,12,0,0.07864000275731087,0.08042560145258904,491.05329712631493,480.46224154649343,"fa3_native","fifo","fifo",128,109,"17;1;2;1;7;11;53;11;6;3;9;1"
"2",2,"fa3_native_fifo",12,"case_000006",10,10,0,0.07278400287032127,0.07433919981122017,684.7856225880037,669.5625148128775,"fa3_native","fifo","fifo",128,109,"2;1;8;38;8;4;9;23;3;16"
"2",2,"fa3_native_fifo",12,"case_000007",15,13,2,1.1453279852867126,1.1605119585990906,4438.821575651392,76.92150469714196,"fa3_native","fifo","fifo",128,1,"1;1;1;1;1;1;1;1;1;1;1;1;1;1;1"
"2",2,"fa3_native_fifo",12,"case_000008",12,11,1,0.2968960106372833,0.30074240267276764,420.95250054634954,141.96421133961545,"fa3_native","fifo","fifo",128,3,"1;1;1;1;1;1;1;1;1;1;1;1"
"2",2,"fa3_native_fifo",12,"case_000009",26,26,0,0.08840000256896019,0.09101760014891624,881.7023396260383,862.8068527543387,"fa3_native","fifo","fifo",128,109,"3;1;10;5;4;13;1;2;3;17;11;2;5;1;12;3;11;1;10;1;3;2;4;1;2;1"
"2",2,"fa3_native_fifo",12,"case_000010",24,24,0,0.08612800016999245,0.09482239857316017,857.5652816066828,839.1424839465925,"fa3_native","fifo","fifo",128,108,"1;2;12;5;6;7;1;8;7;1;10;3;1;4;5;5;6;6;1;6;4;6;13;1"
"2",2,"fa3_native_fifo",12,"case_000011",15,12,3,0.8200800120830536,0.8268895804882049,4018.757556005679,53.3801572468597,"fa3_native","fifo","fifo",128,1,"1;1;1;1;1;1;1;1;1;1;1;1;1;1;1"
"2",2,"fa3_native_fifo",12,"case_000012",17,16,1,0.5017920136451721,0.5045504152774811,3726.686504871981,112.37956457369089,"fa3_native","fifo","fifo",128,1,"1;1;1;1;1;1;1;1;1;1;1;1;1;1;1;1;1"
"2",2,"fa3_native_fifo",12,"case_000013",17,17,0,0.06699200347065926,0.06832319870591164,674.4772404334744,660.1958100771033,"fa3_native","fifo","fifo",128,83,"3;8;4;5;4;9;3;10;4;14;15;2;2;17;6;4;11"
"2",2,"fa3_native_fifo",12,"case_000014",18,18,0,0.06884800270199776,0.0710751973092556,649.2792754713115,635.6346485375989,"fa3_native","fifo","fifo",128,109,"2;12;2;2;5;7;2;6;15;13;7;3;1;8;23;6;3;4"
"2",2,"fa3_native_fifo",12,"case_000015",16,15,1,0.5018880069255829,0.5075871825218201,3727.2343316332126,113.57714711930161,"fa3_native","fifo","fifo",128,1,"1;1;1;1;1;1;1;1;1;1;1;1;1;1;1;1"
"2",2,"fa3_native_fifo",12,"case_000016",22,21,1,0.3569760024547577,0.3647743880748749,659.800220284698,180.8585886895365,"fa3_native","fifo","fifo",128,1,"1;1;1;1;1;1;1;1;1;1;1;1;1;1;1;1;1;1;1;1;1;1"
"2",2,"fa3_native_fifo",12,"case_000017",14,14,0,0.06604799628257751,0.06765760108828545,612.3520344654073,599.2752275278465,"fa3_native","fifo","fifo",128,107,"21;6;2;14;1;3;5;9;10;9;4;5;10;8"
"2",2,"fa3_native_fifo",12,"case_000018",22,22,0,0.08988799899816513,0.09830719977617267,619.2003030920307,606.1602061150813,"fa3_native","fifo","fifo",128,109,"4;1;4;2;3;1;3;3;4;5;2;1;1;7;4;47;6;1;10;1;1;1"
"2",2,"fa3_native_fifo",12,"case_000019",16,16,0,0.06769600138068199,0.0696864016354084,553.6289407293561,542.0751484809531,"fa3_native","fifo","fifo",128,109,"31;2;3;3;13;2;3;5;8;27;1;8;3;4;5;2"
"2",2,"fa3_native_fifo",12,"case_000020",13,13,0,0.06377600133419037,0.07554240077733994,426.7505781270931,417.97490344866264,"fa3_native","fifo","fifo",128,109,"2;2;2;2;2;4;2;6;16;39;2;27;2"
"2",2,"fa3_native_fifo",12,"case_000021",12,12,0,0.06672000139951706,0.07480000257492066,553.4059317970467,541.5174946363463,"fa3_native","fifo","fifo",128,109,"3;14;7;3;17;16;2;32;2;2;15;3"
"2",2,"fa3_native_fifo",12,"case_000022",11,11,0,0.07939200103282928,0.08064000234007836,452.25881878393096,442.49253757281275,"fa3_native","fifo","fifo",128,109,"2;3;1;59;3;7;14;5;8;10;1"
"2",2,"fa3_native_fifo",12,"case_000023",16,15,1,0.7064479887485504,0.7110048234462738,3833.232472348173,102.68656879964662,"fa3_native","fifo","fifo",128,1,"1;1;1;1;1;1;1;1;1;1;1;1;1;1;1;1"
"2",2,"fa3_native_fifo",12,"case_000024",15,15,0,0.0790719985961914,0.08446400016546253,850.2523696073399,831.4658180799634,"fa3_native","fifo","fifo",128,109,"26;2;1;30;3;3;2;8;21;6;1;10;1;2;4"
"2",2,"fa3_native_fifo",12,"case_000025",18,18,0,0.07879999652504921,0.080332800000906,817.3204502556897,799.538715461392,"fa3_native","fifo","fifo",128,109,"5;12;2;10;2;4;3;4;27;11;8;5;1;4;2;6;10;1"
"2",2,"fa3_native_fifo",12,"case_000026",20,20,0,0.07401599735021591,0.07622719928622246,635.6255549647439,622.3536755445156,"fa3_native","fifo","fifo",128,85,"3;6;8;17;10;17;9;3;17;2;2;6;4;1;5;2;1;1;10;3"
"2",2,"fa3_native_fifo",12,"case_000027",18,18,0,0.06868800148367882,0.07074560150504113,529.9401441552969,519.0961919087464,"fa3_native","fifo","fifo",128,98,"9;7;2;3;16;3;10;4;3;2;23;3;12;1;5;1;1;11"
"2",2,"fa3_native_fifo",12,"case_000028",19,19,0,0.10124800354242325,0.10255679860711098,1108.6450181011983,1083.7901011452743,"fa3_native","fifo","fifo",128,109,"4;1;12;6;11;4;2;1;3;26;7;1;4;5;2;5;1;24;1"
"2",2,"fa3_native_fifo",12,"case_000029",18,18,0,0.07713599875569344,0.07853120192885399,737.3377858000706,721.4602895887494,"fa3_native","fifo","fifo",128,109,"11;17;7;10;1;5;16;6;4;8;1;2;9;7;1;1;3;5"
"2",2,"fa3_native_fifo",12,"case_000030",22,22,0,0.09081599861383438,0.09227840155363083,787.76270687951,770.7568828003511,"fa3_native","fifo","fifo",128,109,"5;4;2;4;1;1;1;6;2;7;5;4;49;9;1;2;7;1;3;8;1;6"
"2",2,"fa3_native_fifo",12,"case_000031",10,10,0,0.06881600245833397,0.0700799971818924,638.6902761841142,624.5951881035868,"fa3_native","fifo","fifo",128,109,"27;1;1;9;4;1;1;11;32;27"
"2",2,"fa3_native_fifo",12,"case_000032",18,18,0,0.07745600119233131,0.08056640177965164,728.7546229482938,713.0724947038491,"fa3_native","fifo","fifo",128,109,"12;1;7;5;1;40;10;1;1;1;3;3;3;8;8;2;2;6"
"2",2,"fa3_native_fifo",12,"case_000033",15,15,0,0.06878400221467018,0.07124799862504005,766.9323856347074,750.2693408118292,"fa3_native","fifo","fifo",128,109,"3;7;5;6;11;2;5;17;9;5;20;4;8;6;12"
"2",2,"fa3_native_fifo",12,"case_000034",19,19,0,0.0880960002541542,0.14107839912176165,804.2368767208479,786.685068562258,"fa3_native","fifo","fifo",128,109,"4;9;2;4;7;4;15;3;5;9;3;3;3;37;2;9;1;4;1"
"2",2,"fa3_native_fifo",12,"case_000035",17,16,1,0.2547999918460846,0.2587967962026596,3353.3445091950057,132.97532607641114,"fa3_native","fifo","fifo",128,1,"1;1;1;1;1;1;1;1;1;1;1;1;1;1;1;1;1"
"2",2,"fa3_native_fifo",12,"case_000036",23,22,1,0.2004000023007393,0.2014079988002777,2625.1988061082934,258.51784134340244,"fa3_native","fifo","fifo",128,5,"3;1;1;1;1;1;1;1;1;1;1;2;1;1;1;1;1;1;1;2;1;2;2"
"2",2,"fa3_native_fifo",12,"case_000037",17,17,0,0.08395199850201607,0.08717439994215966,636.2578348711646,622.5637618233098,"fa3_native","fifo","fifo",128,109,"20;1;10;3;11;24;3;2;2;1;3;4;13;9;3;7;7"
"2",2,"fa3_native_fifo",12,"case_000038",15,15,0,0.08367999643087387,0.08608639985322952,590.8092580864336,578.0405600274817,"fa3_native","fifo","fifo",128,109,"20;11;24;2;2;3;9;3;7;7;1;1;12;9;1"
"2",2,"fa3_native_fifo",12,"case_000039",25,25,0,0.125280000269413,0.13631679713726047,1395.9952644308808,1364.4771362738836,"fa3_native","fifo","fifo",128,109,"8;6;1;2;1;2;6;13;4;1;2;4;2;2;5;22;1;1;3;22;4;1;5;3;8"
"2",2,"fa3_native_fifo",12,"case_000040",16,16,0,0.07134399935603142,0.07492799684405327,591.6905834972828,579.1720168895573,"fa3_native","fifo","fifo",128,109,"11;5;1;15;29;14;8;2;2;2;4;6;1;7;5;1"
"2",2,"fa3_native_fifo",12,"case_000041",24,24,0,0.08084799721837044,0.08249920159578324,788.8281830871239,772.125892387792,"fa3_native","fifo","fifo",128,109,"8;1;1;1;7;2;3;2;24;2;1;3;4;2;6;1;6;10;6;2;14;1;1;10"
"2",2,"fa3_native_fifo",12,"case_000042",23,22,1,0.2919679880142212,0.29511359632015227,3230.734947182138,184.36388306165307,"fa3_native","fifo","fifo",128,1,"1;1;1;1;1;1;1;1;1;1;1;1;1;1;1;1;1;1;1;1;1;1;1"
"2",2,"fa3_native_fifo",12,"case_000043",13,13,0,0.06960000097751617,0.07142719998955727,592.1610657062209,579.4059688738691,"fa3_native","fifo","fifo",128,109,"3;11;3;4;7;12;15;7;3;8;6;3;26"
"2",2,"fa3_native_fifo",12,"case_000044",16,16,0,0.07265600189566612,0.07569600194692612,650.4278253551806,636.5082414858084,"fa3_native","fifo","fifo",128,93,"14;14;15;3;4;2;18;4;4;19;1;8;2;1;6;11"
"2",2,"fa3_native_fifo",12,"case_000045",7,6,1,0.22752000391483307,0.22959359735250473,1957.6897913500848,104.71561001255216,"fa3_native","fifo","fifo",128,3,"1;1;1;1;1;1;1"
"2",2,"fa3_native_fifo",12,"case_000046",13,13,0,0.06377600133419037,0.06545279920101166,454.4216984714461,444.9974819099449,"fa3_native","fifo","fifo",128,109,"5;4;39;9;19;3;7;3;8;2;2;13;2"
"2",2,"fa3_native_fifo",12,"case_000047",16,16,0,0.060495998710393906,0.06551359966397285,480.6868973138183,471.01191165399086,"fa3_native","fifo","fifo",128,97,"20;3;8;2;2;13;1;1;4;1;14;1;5;29;2;9"
"2",2,"fa3_native_fifo",12,"case_000048",21,20,1,0.6566720008850098,0.6595040202140808,1213.7976323975702,119.0175915748932,"fa3_native","fifo","fifo",128,1,"1;1;1;1;1;1;1;1;1;1;1;1;1;1;1;1;1;1;1;1;1"
"2",2,"fa3_native_fifo",12,"case_000049",21,21,0,0.08859200030565262,0.15876480042934424,952.2382542548524,931.3462131493994,"fa3_native","fifo","fifo",128,109,"5;34;8;9;1;2;11;1;8;2;4;6;5;4;1;5;1;6;1;9;3"
"2",2,"fa3_native_fifo",12,"case_000050",17,17,0,0.07764800265431404,0.07971520274877548,698.9296674327886,683.8656267361151,"fa3_native","fifo","fifo",128,109,"13;3;3;2;5;13;5;4;5;23;23;1;6;1;9;3;4"
"2",2,"fa3_native_fifo",12,"case_000051",22,22,0,0.0870399996638298,0.08934400230646133,848.7062621014447,830.3352973246092,"fa3_native","fifo","fifo",128,109,"22;1;10;1;7;2;1;5;3;2;5;2;3;8;21;1;12;6;1;4;2;2"
"2",2,"fa3_native_fifo",12,"case_000052",23,23,0,0.0949920006096363,0.09739519655704498,1054.999062119276,1031.7291495180693,"fa3_native","fifo","fifo",128,109,"7;1;1;2;7;19;5;17;4;2;6;7;1;5;11;4;3;4;6;1;3;6;4"
"2",2,"fa3_native_fifo",12,"case_000053",23,23,0,0.09860799834132195,0.09979839995503426,1104.1122755898791,1079.637856875422,"fa3_native","fifo","fifo",128,109,"1;2;7;18;16;2;6;4;10;4;3;3;6;1;3;6;4;10;5;5;3;4;4"
"2",2,"fa3_native_fifo",12,"case_000054",20,20,0,0.07259200140833855,0.07488319650292397,680.6383645777876,666.3433857940671,"fa3_native","fifo","fifo",128,92,"2;14;2;13;5;1;6;4;10;1;5;1;6;7;6;1;16;6;3;8"
"2",2,"fa3_native_fifo",12,"case_000055",19,19,0,0.07976000010967255,0.08224320039153099,765.5666380646735,749.0567692809558,"fa3_native","fifo","fifo",128,109,"5;5;5;7;3;8;7;1;4;2;2;24;5;5;13;1;4;16;6"
"2",2,"fa3_native_fifo",12,"case_000056",12,12,0,0.06649599969387054,0.06809599697589874,457.38009835204406,447.74591158969275,"fa3_native","fifo","fifo",128,109,"25;5;12;2;41;7;4;8;1;2;7;5"
"2",2,"fa3_native_fifo",12,"case_000057",13,13,0,0.06401600316166878,0.06606080308556557,552.6354458377557,540.9047470919512,"fa3_native","fifo","fifo",128,109,"4;10;33;5;3;7;1;6;4;2;17;10;9"
"2",2,"fa3_native_fifo",12,"case_000058",19,18,1,0.4674080014228821,0.47337280213832855,473.14387286219335,108.04176190024414,"fa3_native","fifo","fifo",128,1,"1;1;1;1;1;1;1;1;1;1;1;1;1;1;1;1;1;1;1"
"2",2,"fa3_native_fifo",12,"case_000059",24,24,0,0.11462400108575821,0.11648640036582947,1231.9446002792263,1204.3305301890375,"fa3_native","fifo","fifo",128,109,"2;17;1;2;5;1;2;2;2;13;2;1;22;18;5;2;11;2;5;2;5;7;1;1"
"2",2,"fa3_native_fifo",12,"case_000060",29,28,1,0.4050559997558594,0.4085951864719391,664.4794088378555,240.54668998540257,"fa3_native","fifo","fifo",128,1,"1;1;1;1;1;1;1;1;1;1;1;1;1;1;1;1;1;1;1;1;1;1;1;1;1;1;1;1;1"
"2",2,"fa3_native_fifo",12,"case_000061",24,23,1,0.23204799741506577,0.23437439650297165,3270.2449678228995,176.06729838275868,"fa3_native","fifo","fifo",128,1,"1;1;1;1;1;1;1;1;1;1;1;1;1;1;1;1;1;1;1;1;1;1;1;1"
"2",2,"fa3_native_fifo",12,"case_000062",23,23,0,0.08028800040483475,0.0829119972884655,772.5669789661972,756.1833361631964,"fa3_native","fifo","fifo",128,109,"3;2;2;4;2;4;3;9;10;6;29;2;7;3;10;9;1;1;3;2;3;7;4"
"2",2,"fa3_native_fifo",12,"case_000063",18,17,1,0.3882080018520355,0.3907520085573196,2740.431125037671,183.63368003725813,"fa3_native","fifo","fifo",128,1,"1;1;1;1;1;1;1;1;1;1;1;1;1;1;1;1;1;1"
"2",2,"fa3_native_fifo",12,"case_000064",18,18,0,0.08187199756503105,0.08357760235667229,890.9764830161724,871.4168717250468,"fa3_native","fifo","fifo",128,109,"19;6;2;3;5;4;8;7;6;1;4;1;10;1;20;4;8;7"
"2",2,"fa3_native_fifo",12,"case_000065",23,23,0,0.08747200295329094,0.09033600240945816,831.6445594465847,813.734744796101,"fa3_native","fifo","fifo",128,109,"8;1;9;8;10;10;5;3;6;1;5;3;1;1;4;3;3;6;20;5;3;1;1"
"2",2,"fa3_native_fifo",12,"case_000066",15,15,0,0.05756800062954426,0.05930880084633827,569.6081049438314,557.8254524879133,"fa3_native","fifo","fifo",128,86,"21;9;6;11;10;8;12;9;2;2;4;3;4;3;3"
"2",2,"fa3_native_fifo",12,"case_000067",12,12,0,0.06521599739789963,0.06634559854865074,679.5943588133699,664.7733336881583,"fa3_native","fifo","fifo",128,109,"29;9;5;10;2;4;5;8;13;12;5;13"
"2",2,"fa3_native_fifo",12,"case_000068",15,15,0,0.06128000095486641,0.06301440224051476,546.7315047967437,535.390069986521,"fa3_native","fifo","fifo",128,85,"7;4;6;20;6;2;2;17;7;3;2;6;3;5;17"
"2",2,"fa3_native_fifo",12,"case_000069",12,12,0,0.056143999099731445,0.05715839937329292,613.9634455815757,600.8595137670086,"fa3_native","fifo","fifo",128,81,"14;2;19;11;3;12;9;6;12;5;10;6"
"2",2,"fa3_native_fifo",12,"case_000070",23,22,1,0.08980799838900566,0.15889600664377215,1018.1636013746637,903.0864227559584,"fa3_native","fifo","fifo",128,15,"15;7;1;2;3;5;3;1;2;3;2;3;2;11;4;1;2;15;2;2;8;2;2"
"2",2,"fa3_native_fifo",12,"case_000071",19,19,0,0.07198399677872658,0.07340800017118454,671.6839420381978,657.5292581418305,"fa3_native","fifo","fifo",128,107,"4;1;11;8;2;11;2;1;7;4;10;4;18;3;7;6;7;4;1"
"2",2,"fa3_native_fifo",12,"case_000072",13,13,0,0.05999999865889549,0.06119360029697418,482.4651201172691,472.46081056032205,"fa3_native","fifo","fifo",128,108,"2;32;10;7;19;4;5;2;3;2;2;25;2"
"2",2,"fa3_native_fifo",12,"case_000073",16,15,1,0.5659520030021667,0.5684832155704498,3749.3932918828737,61.927852210226774,"fa3_native","fifo","fifo",128,1,"1;1;1;1;1;1;1;1;1;1;1;1;1;1;1;1"
"2",2,"fa3_native_fifo",12,"case_000074",16,15,1,0.704367995262146,0.7117791771888733,3828.050373976024,86.87495231413244,"fa3_native","fifo","fifo",128,1,"1;1;1;1;1;1;1;1;1;1;1;1;1;1;1;1"
"2",2,"fa3_native_fifo",12,"case_000075",19,18,1,0.11452800035476685,0.11597439646720886,695.4685242497103,510.7594284262319,"fa3_native","fifo","fifo",128,6,"3;2;3;3;3;1;3;3;2;3;3;3;2;3;3;1;1;3;1"
"2",2,"fa3_native_fifo",12,"case_000076",22,21,1,0.4390079975128174,0.4504031896591187,1776.8032499526983,169.85319725940283,"fa3_native","fifo","fifo",128,1,"1;1;1;1;1;1;1;1;1;1;1;1;1;1;1;1;1;1;1;1;1;1"
"2",2,"fa3_native_fifo",12,"case_000077",15,15,0,0.0889119990170002,0.0900736004114151,587.9061025948306,575.141989443095,"fa3_native","fifo","fifo",128,109,"62;3;5;2;3;1;2;12;12;2;1;4;1;2;8"
"2",2,"fa3_native_fifo",12,"case_000078",21,20,1,0.4342080056667328,0.43844159245491027,3694.9083058210394,148.23730368850602,"fa3_native","fifo","fifo",128,1,"1;1;1;1;1;1;1;1;1;1;1;1;1;1;1;1;1;1;1;1;1"
"2",2,"fa3_native_fifo",12,"case_000079",25,25,0,0.08982399851083755,0.09249280318617821,913.0753154582012,893.3494982448178,"fa3_native","fifo","fifo",128,109,"1;4;19;2;1;1;5;10;9;3;2;10;2;3;4;2;1;3;5;1;2;1;3;22;6"
"2",2,"fa3_native_fifo",12,"case_000080",17,17,0,0.078831996768713,0.08106879889965057,627.7047515259566,614.2902626464905,"fa3_native","fifo","fifo",128,109,"10;4;9;5;3;7;1;1;11;9;9;2;4;3;32;1;3"
"2",2,"fa3_native_fifo",12,"case_000081",14,13,1,1.4035840034484863,1.4081440210342406,3875.4828441557115,47.18398602241595,"fa3_native","fifo","fifo",128,1,"1;1;1;1;1;1;1;1;1;1;1;1;1;1"
"2",2,"fa3_native_fifo",12,"case_000082",21,21,0,0.0759199969470501,0.07737280055880547,734.5228906541305,718.971577910751,"fa3_native","fifo","fifo",128,109,"20;12;5;1;3;1;1;7;7;5;4;10;6;5;3;4;6;5;2;5;1"
"2",2,"fa3_native_fifo",12,"case_000083",16,16,0,0.07056000083684921,0.07294080182909966,648.9438544349752,635.0984051660771,"fa3_native","fifo","fifo",128,109,"2;4;3;1;7;5;5;9;16;28;20;1;10;1;9;2"
"2",2,"fa3_native_fifo",12,"case_000084",19,18,1,0.5034399926662445,0.5243616104125977,2077.626613707305,106.89769740974411,"fa3_native","fifo","fifo",128,1,"1;1;1;1;1;1;1;1;1;1;1;1;1;1;1;1;1;1;1"
"2",2,"fa3_native_fifo",12,"case_000085",13,13,0,0.08860799670219421,0.09044480249285698,670.6952477860088,655.8584570568551,"fa3_native","fifo","fifo",128,109,"4;15;5;37;2;3;9;4;5;9;7;14;3"
"2",2,"fa3_native_fifo",12,"case_000086",15,14,1,0.5855199992656708,0.5987296223640441,1835.0272538931447,139.37991546377705,"fa3_native","fifo","fifo",128,1,"1;1;1;1;1;1;1;1;1;1;1;1;1;1;1"
"2",2,"fa3_native_fifo",12,"case_000087",21,21,0,0.08273599669337273,0.08435200154781342,846.751198412911,828.4324446349511,"fa3_native","fifo","fifo",128,109,"2;3;4;1;3;3;6;6;7;16;4;12;2;8;9;6;15;3;13;2;1"
"2",2,"fa3_native_fifo",12,"case_000088",12,12,0,0.07207999750971794,0.08416639938950539,538.1880514461716,526.5758228540833,"fa3_native","fifo","fifo",128,109,"3;7;5;3;16;28;5;23;1;30;1;1"
"2",2,"fa3_native_fifo",12,"case_000089",12,11,1,0.49529600143432617,0.49946239590644836,3743.5817687170556,82.5605372980627,"fa3_native","fifo","fifo",128,1,"1;1;1;1;1;1;1;1;1;1;1;1"
"2",2,"fa3_native_fifo",12,"case_000090",15,15,0,0.06996800005435944,0.07178240194916725,689.5648309300773,674.6928876532712,"fa3_native","fifo","fifo",128,109,"21;27;3;2;20;11;9;1;1;3;1;2;3;3;3"
"2",2,"fa3_native_fifo",12,"case_000091",19,19,0,0.07268800213932991,0.07536320015788078,658.1243072866909,644.2720479541264,"fa3_native","fifo","fifo",128,103,"4;3;1;1;4;4;2;6;6;2;8;3;18;6;6;13;17;6;1"
"2",2,"fa3_native_fifo",12,"case_000092",15,14,1,0.4989280104637146,0.5016799867153168,3747.578133635338,112.51155842668915,"fa3_native","fifo","fifo",128,1,"1;1;1;1;1;1;1;1;1;1;1;1;1;1;1"
"2",2,"fa3_native_fifo",12,"case_000093",19,18,1,0.40350399911403656,0.41111359298229216,2599.1011405654185,140.1191168467733,"fa3_native","fifo","fifo",128,1,"1;1;1;1;1;1;1;1;1;1;1;1;1;1;1;1;1;1;1"
"2",2,"fa3_native_fifo",12,"case_000094",31,31,0,0.10020800307393074,0.10206400230526924,962.0217287523135,941.3354333626065,"fa3_native","fifo","fifo",128,109,"2;3;1;20;4;1;1;5;7;2;4;1;2;1;2;9;6;2;1;4;11;2;2;10;7;5;3;1;1;6;1"
"2",2,"fa3_native_fifo",12,"case_000095",20,19,1,0.2913919985294342,0.29320001006126406,1626.4956989617729,177.6595660184908,"fa3_native","fifo","fifo",128,3,"1;1;1;1;1;1;1;1;1;1;1;1;1;1;1;1;1;1;1;1"
"2",2,"fa3_native_fifo",12,"case_000096",12,12,0,0.06038400158286095,0.06144639849662781,408.72739151168145,400.3433917314534,"fa3_native","fifo","fifo",128,109,"2;6;2;38;6;7;5;2;8;15;3;2"
"2",2,"fa3_native_fifo",12,"case_000097",12,12,0,0.07196799665689468,0.07716799899935722,400.6977295961359,392.3094890997657,"fa3_native","fifo","fifo",128,109,"2;6;3;8;6;2;15;2;2;1;16;51"
"2",2,"fa3_native_fifo",12,"case_000098",23,22,1,0.46774399280548096,0.4690560013055801,554.6910778347462,171.95868089630224,"fa3_native","fifo","fifo",128,2,"1;1;1;1;1;1;1;1;1;1;1;1;1;1;1;1;1;1;1;1;1;1;1"
"2",2,"fa3_native_fifo",12,"case_000099",22,20,2,0.7249919772148132,0.7273632049560547,1517.592544870329,112.38877471861652,"fa3_native","fifo","fifo",128,1,"1;1;1;1;1;1;1;1;1;1;1;1;1;1;1;1;1;1;1;1;1;1"
"2",2,"critical_wave_fifo",12,"case_000000",19,19,0,0.09326400235295296,0.10985600128769875,1101.880890368482,1077.2811531266955,"critical_wave","fifo","fifo_critical_wave",128,29,"1;29;21;1;21;2;3;3;5;5;2;5;4;1;3;3;9;2;6"
"2",2,"critical_wave_fifo",12,"case_000001",14,14,0,0.07718399912118912,0.07932799831032754,383.9643426802452,376.0563890247,"critical_wave","fifo","fifo_critical_wave",128,5,"1;2;5;1;1;2;2;2;1;1;1;1;1;1"
"2",2,"critical_wave_fifo",12,"case_000002",14,14,0,0.09203200042247772,0.09319040104746819,1060.6332746860448,1036.6898422507566,"critical_wave","fifo","fifo_critical_wave",128,29,"7;6;1;6;21;9;4;2;2;3;26;1;29;2"
"2",2,"critical_wave_fifo",12,"case_000003",8,8,0,0.06779200211167336,0.06910719722509384,271.97748503765035,266.3129489856331,"critical_wave","fifo","fifo_critical_wave",128,6,"6;1;1;1;1;3;1;1"
"2",2,"critical_wave_fifo",12,"case_000004",11,11,0,0.058800000697374344,0.06017919927835465,528.0395953700465,516.7891095170838,"critical_wave","fifo","fifo_critical_wave",128,24,"11;19;24;10;2;7;3;19;1;5;19"
"2",2,"critical_wave_fifo",12,"case_000005",12,12,0,0.07635200023651123,0.07869440168142319,505.76844772082046,494.86001523155977,"critical_wave","fifo","fifo_critical_wave",128,12,"3;1;1;1;1;2;12;2;1;1;2;1"
"2",2,"critical_wave_fifo",12,"case_000006",10,10,0,0.084111999720335,0.08525120094418526,592.5603824153319,579.3874852819383,"critical_wave","fifo","fifo_critical_wave",128,9,"1;1;2;9;2;1;2;5;1;3"
"2",2,"critical_wave_fifo",12,"case_000007",15,13,2,1.108464002609253,1.1170912027359008,4586.442645246766,79.47966897672585,"critical_wave","fifo","fifo_critical_wave",176,1,"1;1;1;1;1;1;1;1;1;1;1;1;1;1;1"
"2",2,"critical_wave_fifo",12,"case_000008",12,11,1,0.19916799664497375,0.21295360326766968,627.5060259946337,211.62339688103535,"critical_wave","fifo","fifo_critical_wave",128,2,"1;1;2;1;1;1;1;1;1;1;1;1"
"2",2,"critical_wave_fifo",12,"case_000009",26,26,0,0.08635200187563896,0.08832000121474266,902.6135746134752,883.2699456098813,"critical_wave","fifo","fifo_critical_wave",128,17,"3;1;10;5;4;13;1;2;3;17;11;2;5;1;12;3;11;1;10;1;3;2;4;1;2;1"
"2",2,"critical_wave_fifo",12,"case_000010",24,24,0,0.08495999872684479,0.09477119818329811,869.3548002215583,850.6787321450809,"critical_wave","fifo","fifo_critical_wave",128,13,"1;2;12;5;6;7;1;8;7;1;10;3;1;4;5;5;6;6;1;6;4;6;13;1"
"2",2,"critical_wave_fifo",12,"case_000011",15,12,3,0.7881439924240112,0.801334410905838,4181.599779694768,55.543150009128134,"critical_wave","fifo","fifo_critical_wave",176,1,"1;1;1;1;1;1;1;1;1;1;1;1;1;1;1"
"2",2,"critical_wave_fifo",12,"case_000012",17,16,1,0.4838719964027405,0.48596799075603486,3864.7029367401697,116.54149944454323,"critical_wave","fifo","fifo_critical_wave",176,1,"1;1;1;1;1;1;1;1;1;1;1;1;1;1;1;1;1"
"2",2,"critical_wave_fifo",12,"case_000013",17,17,0,0.06535999849438667,0.07232959792017937,691.3185843460599,676.6805541435015,"critical_wave","fifo","fifo_critical_wave",128,17,"3;8;4;5;4;9;3;10;4;14;15;2;2;17;6;4;11"
"2",2,"critical_wave_fifo",12,"case_000014",18,18,0,0.08712000027298927,0.09513920098543167,513.1035488054205,502.3206595830102,"critical_wave","fifo","fifo_critical_wave",128,4,"1;2;1;1;1;2;1;1;3;2;2;1;1;2;4;1;1;1"
"2",2,"critical_wave_fifo",12,"case_000015",16,15,1,0.4819999933242798,0.48408961296081543,3881.025385802157,118.26350371264328,"critical_wave","fifo","fifo_critical_wave",176,1,"1;1;1;1;1;1;1;1;1;1;1;1;1;1;1;1"
"2",2,"critical_wave_fifo",12,"case_000016",22,21,1,0.21856000274419785,0.21989759802818298,1077.657586469136,295.3979465106588,"critical_wave","fifo","fifo_critical_wave",128,2,"1;1;1;1;1;1;1;1;2;1;1;2;1;1;1;1;1;1;1;1;1;1"
"2",2,"critical_wave_fifo",12,"case_000017",14,14,0,0.08108799904584885,0.08305919915437698,498.7744841641951,488.1231312369679,"critical_wave","fifo","fifo_critical_wave",128,4,"4;1;1;3;1;1;1;2;2;2;1;1;2;2"
"2",2,"critical_wave_fifo",12,"case_000018",22,22,0,0.09244800359010696,0.09392319992184639,602.0538471634031,589.3748473096364,"critical_wave","fifo","fifo_critical_wave",128,11,"1;1;1;1;1;1;1;1;1;1;1;1;1;2;1;11;1;1;2;1;1;1"
"2",2,"critical_wave_fifo",12,"case_000019",16,16,0,0.07348800078034401,0.07539520040154457,509.99435469775966,499.3511812858467,"critical_wave","fifo","fifo_critical_wave",128,6,"6;1;1;1;3;1;1;1;2;5;1;2;1;1;1;1"
"2",2,"critical_wave_fifo",12,"case_000020",13,13,0,0.06047999858856201,0.061958398669958115,450.00737558130794,440.75344943942065,"critical_wave","fifo","fifo_critical_wave",128,11,"1;1;1;1;1;1;1;1;4;11;1;6;1"
"2",2,"critical_wave_fifo",12,"case_000021",12,12,0,0.06430399790406227,0.06708479672670364,574.1982730076484,561.8631683508057,"critical_wave","fifo","fifo_critical_wave",128,32,"3;14;7;3;17;16;2;32;2;2;15;3"
"2",2,"critical_wave_fifo",12,"case_000022",11,11,0,0.07953600212931633,0.08138560131192207,451.439997570175,441.6913983541955,"critical_wave","fifo","fifo_critical_wave",128,13,"1;1;1;13;1;1;2;1;2;2;1"
"2",2,"critical_wave_fifo",12,"case_000023",16,15,1,0.710207998752594,0.7352351903915405,3812.9384282524024,102.14292168972145,"critical_wave","fifo","fifo_critical_wave",176,1,"1;1;1;1;1;1;1;1;1;1;1;1;1;1;1;1"
"2",2,"critical_wave_fifo",12,"case_000024",15,15,0,0.07807999849319458,0.0821215994656086,861.0547576004351,842.0295244463967,"critical_wave","fifo","fifo_critical_wave",128,30,"26;2;1;30;3;3;2;8;21;6;1;10;1;2;4"
"2",2,"critical_wave_fifo",12,"case_000025",18,18,0,0.095551997423172,0.09977599754929543,674.0293282909583,659.3650546202103,"critical_wave","fifo","fifo_critical_wave",128,6,"1;3;1;2;1;1;1;1;6;3;2;1;1;1;1;2;2;1"
"2",2,"critical_wave_fifo",12,"case_000026",20,20,0,0.07364800199866295,0.08611200004816055,638.8015711933924,625.4633764652064,"critical_wave","fifo","fifo_critical_wave",128,17,"3;6;8;17;10;17;9;3;17;2;2;6;4;1;5;2;1;1;10;3"
"2",2,"critical_wave_fifo",12,"case_000027",18,18,0,0.06579200178384781,0.07002559676766396,553.2667865554514,541.9455105978187,"critical_wave","fifo","fifo_critical_wave",128,7,"2;2;1;1;4;1;3;1;1;1;7;1;3;1;1;1;1;3"
"2",2,"critical_wave_fifo",12,"case_000028",19,19,0,0.10078400000929832,0.10266559943556786,1113.7491537311876,1088.7798062180125,"critical_wave","fifo","fifo_critical_wave",128,26,"4;1;12;6;11;4;2;1;3;26;7;1;4;5;2;5;1;24;1"
"2",2,"critical_wave_fifo",12,"case_000029",18,18,0,0.07635200023651123,0.07792959734797478,744.908926443586,728.8683967363584,"critical_wave","fifo","fifo_critical_wave",128,17,"11;17;7;10;1;5;16;6;4;8;1;2;9;7;1;1;3;5"
"2",2,"critical_wave_fifo",12,"case_000030",22,22,0,0.09126400202512741,0.09240960255265236,783.8956796602315,766.9733350146968,"critical_wave","fifo","fifo_critical_wave",128,15,"1;1;1;1;1;1;1;2;1;2;1;1;15;2;1;1;2;1;1;2;1;2"
"2",2,"critical_wave_fifo",12,"case_000031",10,10,0,0.08017599955201149,0.08146240115165711,548.195368459205,536.0973887468253,"critical_wave","fifo","fifo_critical_wave",128,7,"5;1;1;2;1;1;1;2;7;5"
"2",2,"critical_wave_fifo",12,"case_000032",18,18,0,0.07745600119233131,0.08307840302586555,728.7546229482938,713.0724947038491,"critical_wave","fifo","fifo_critical_wave",128,40,"12;1;7;5;1;40;10;1;1;1;3;3;3;8;8;2;2;6"
"2",2,"critical_wave_fifo",12,"case_000033",15,15,0,0.06804799661040306,0.07066560089588166,775.2275091069362,758.3842371651906,"critical_wave","fifo","fifo_critical_wave",128,20,"3;7;5;6;11;2;5;17;9;5;20;4;8;6;12"
"2",2,"critical_wave_fifo",12,"case_000034",19,19,0,0.08646400272846222,0.09672319814562798,819.4167498641325,801.5336534632414,"critical_wave","fifo","fifo_critical_wave",128,37,"4;9;2;4;7;4;15;3;5;9;3;3;3;37;2;9;1;4;1"
"2",2,"critical_wave_fifo",12,"case_000035",17,16,1,0.2519359886646271,0.2551456123590469,3391.4652611914275,134.48698687150764,"critical_wave","fifo","fifo_critical_wave",176,1,"1;1;1;1;1;1;1;1;1;1;1;1;1;1;1;1;1"
"2",2,"critical_wave_fifo",12,"case_000036",23,22,1,0.1663840040564537,0.16836159378290178,3161.9015888420317,311.36993182603067,"critical_wave","fifo","fifo_critical_wave",128,2,"2;1;1;1;1;1;1;1;1;1;1;2;1;1;1;1;1;1;1;1;1;1;1"
"2",2,"critical_wave_fifo",12,"case_000037",17,17,0,0.07092799991369247,0.07183040231466294,753.0892858250236,736.8806686160381,"critical_wave","fifo","fifo_critical_wave",128,24,"20;1;10;3;11;24;3;2;2;1;3;4;13;9;3;7;7"
"2",2,"critical_wave_fifo",12,"case_000038",15,15,0,0.08345600217580795,0.08444800227880478,592.3949784205125,579.5920094291495,"critical_wave","fifo","fifo_critical_wave",128,5,"4;3;5;1;1;1;2;1;2;2;1;1;3;2;1"
"2",2,"critical_wave_fifo",12,"case_000039",25,25,0,0.12372800335288048,0.12749439477920532,1413.5060969601302,1381.5926174163092,"critical_wave","fifo","fifo_critical_wave",128,22,"8;6;1;2;1;2;6;13;4;1;2;4;2;2;5;22;1;1;3;22;4;1;5;3;8"
"2",2,"critical_wave_fifo",12,"case_000040",16,16,0,0.06984000280499458,0.07493119686841965,604.4325732040364,591.6444206821393,"critical_wave","fifo","fifo_critical_wave",128,29,"11;5;1;15;29;14;8;2;2;2;4;6;1;7;5;1"
"2",2,"critical_wave_fifo",12,"case_000041",24,24,0,0.08020799979567528,0.08378879725933075,795.1224181436162,778.28685616177,"critical_wave","fifo","fifo_critical_wave",128,24,"8;1;1;1;7;2;3;2;24;2;1;3;4;2;6;1;6;10;6;2;14;1;1;10"
"2",2,"critical_wave_fifo",12,"case_000042",23,22,1,0.2656960040330887,0.26983679831027985,3550.18957010181,202.59375821586102,"critical_wave","fifo","fifo_critical_wave",176,1,"1;1;1;1;1;1;1;1;1;1;1;1;1;1;1;1;1;1;1;1;1;1;1"
"2",2,"critical_wave_fifo",12,"case_000043",13,13,0,0.0740319974720478,0.07598080188035966,556.7107758717613,544.7192751381064,"critical_wave","fifo","fifo_critical_wave",128,6,"1;3;1;1;2;3;3;2;1;2;2;1;6"
"2",2,"critical_wave_fifo",12,"case_000044",16,16,0,0.07118399813771248,0.07265280187129974,663.8779297079623,649.6705047464777,"critical_wave","fifo","fifo_critical_wave",128,19,"14;14;15;3;4;2;18;4;4;19;1;8;2;1;6;11"
"2",2,"critical_wave_fifo",12,"case_000045",7,6,1,0.16646399348974228,0.16823040693998337,2675.7353326348434,143.12341966893953,"critical_wave","fifo","fifo_critical_wave",128,2,"1;1;2;1;1;1;1"
"2",2,"critical_wave_fifo",12,"case_000046",13,13,0,0.07100799679756165,0.07723199874162674,408.1399300789061,399.67554754304166,"critical_wave","fifo","fifo_critical_wave",128,7,"1;1;7;2;3;1;1;1;2;1;1;2;1"
"2",2,"critical_wave_fifo",12,"case_000047",16,16,0,0.058768000453710556,0.06354239955544472,494.82088373765555,484.8614174382871,"critical_wave","fifo","fifo_critical_wave",128,29,"20;3;8;2;2;13;1;1;4;1;14;1;5;29;2;9"
"2",2,"critical_wave_fifo",12,"case_000048",21,20,1,0.2589599937200546,0.2613504081964493,3077.953889656249,301.80538266651723,"critical_wave","fifo","fifo_critical_wave",128,3,"1;1;1;1;3;1;1;1;1;1;2;1;1;1;1;1;1;1;1;1;1"
"2",2,"critical_wave_fifo",12,"case_000049",21,21,0,0.08665599673986435,0.08928320035338402,973.5124502144415,952.1536547284675,"critical_wave","fifo","fifo_critical_wave",128,34,"5;34;8;9;1;2;11;1;8;2;4;6;5;4;1;5;1;6;1;9;3"
"2",2,"critical_wave_fifo",12,"case_000050",17,17,0,0.07500799745321274,0.0769599974155426,723.5294170578538,707.9351776205244,"critical_wave","fifo","fifo_critical_wave",128,23,"13;3;3;2;5;13;5;4;5;23;23;1;6;1;9;3;4"
"2",2,"critical_wave_fifo",12,"case_000051",22,22,0,0.08689599856734276,0.08899199962615967,850.112709283743,831.7113007682427,"critical_wave","fifo","fifo_critical_wave",128,22,"22;1;10;1;7;2;1;5;3;2;5;2;3;8;21;1;12;6;1;4;2;2"
"2",2,"critical_wave_fifo",12,"case_000052",23,23,0,0.09471999853849411,0.09661439806222916,1058.0286433521442,1034.691907856929,"critical_wave","fifo","fifo_critical_wave",128,19,"7;1;1;2;7;19;5;17;4;2;6;7;1;5;11;4;3;4;6;1;3;6;4"
"2",2,"critical_wave_fifo",12,"case_000053",23,23,0,0.09942399710416794,0.10131200328469277,1095.0505372051261,1070.7769864498546,"critical_wave","fifo","fifo_critical_wave",128,18,"1;2;7;18;16;2;6;4;10;4;3;3;6;1;3;6;4;10;5;5;3;4;4"
"2",2,"critical_wave_fifo",12,"case_000054",20,20,0,0.07132799923419952,0.0733759991824627,692.6999446286163,678.1516447864633,"critical_wave","fifo","fifo_critical_wave",128,16,"2;14;2;13;5;1;6;4;10;1;5;1;6;7;6;1;16;6;3;8"
"2",2,"critical_wave_fifo",12,"case_000055",19,19,0,0.07726399973034859,0.078831996768713,790.2981381899075,773.2549209011866,"critical_wave","fifo","fifo_critical_wave",128,24,"5;5;5;7;3;8;7;1;4;2;2;24;5;5;13;1;4;16;6"
"2",2,"critical_wave_fifo",12,"case_000056",12,12,0,0.07515199854969978,0.07832640036940575,404.69910936415806,396.1745871643082,"critical_wave","fifo","fifo_critical_wave",128,6,"4;1;2;1;6;1;1;1;1;1;1;1"
"2",2,"critical_wave_fifo",12,"case_000057",13,13,0,0.06425600126385689,0.0736544020473957,550.57133578431,538.884451552029,"critical_wave","fifo","fifo_critical_wave",128,33,"4;10;33;5;3;7;1;6;4;2;17;10;9"
"2",2,"critical_wave_fifo",12,"case_000058",19,18,1,0.19104000180959702,0.1959616005420685,1157.617409470158,264.3403660052893,"critical_wave","fifo","fifo_critical_wave",128,3,"1;1;1;1;1;1;1;1;3;1;1;1;1;1;1;1;1;1;1"
"2",2,"critical_wave_fifo",12,"case_000059",24,24,0,0.1149280034005642,0.11763840168714523,1228.6859165892965,1201.1448899783315,"critical_wave","fifo","fifo_critical_wave",128,22,"2;17;1;2;5;1;2;2;2;13;2;1;22;18;5;2;11;2;5;2;5;7;1;1"
"2",2,"critical_wave_fifo",12,"case_000060",29,28,1,0.2279360070824623,0.23017280101776122,1180.8198919911185,427.46594207360215,"critical_wave","fifo","fifo_critical_wave",128,2,"1;2;1;1;1;2;1;1;1;1;1;1;1;1;1;1;1;1;1;1;1;1;1;1;1;1;1;1;1"
"2",2,"critical_wave_fifo",12,"case_000061",24,23,1,0.22651199996471405,0.22824959456920624,3350.1703925540983,180.3704174894246,"critical_wave","fifo","fifo_critical_wave",176,1,"1;1;1;1;1;1;1;1;1;1;1;1;1;1;1;1;1;1;1;1;1;1;1;1"
"2",2,"critical_wave_fifo",12,"case_000062",23,23,0,0.08662400022149086,0.0940319985151291,716.0585722363268,700.8732896744893,"critical_wave","fifo","fifo_critical_wave",128,7,"1;1;1;1;1;1;1;2;3;2;7;1;2;1;2;2;1;1;1;1;1;2;1"
"2",2,"critical_wave_fifo",12,"case_000063",18,17,1,0.30747200548648834,0.3104927957057953,3460.013504581478,231.85221004821756,"critical_wave","fifo","fifo_critical_wave",128,2,"1;1;2;1;1;1;1;1;1;1;1;1;1;1;1;1;1;1"
"2",2,"critical_wave_fifo",12,"case_000064",18,18,0,0.08116799965500832,0.0852448008954525,898.7042277504125,878.9749692395902,"critical_wave","fifo","fifo_critical_wave",128,20,"19;6;2;3;5;4;8;7;6;1;4;1;10;1;20;4;8;7"
"2",2,"critical_wave_fifo",12,"case_000065",23,23,0,0.0854720026254654,0.08741760104894639,851.1046088245777,832.7757138428512,"critical_wave","fifo","fifo_critical_wave",128,20,"8;1;9;8;10;10;5;3;6;1;5;3;1;1;4;3;3;6;20;5;3;1;1"
"2",2,"critical_wave_fifo",12,"case_000066",15,15,0,0.0560000017285347,0.057792000100016595,585.5571202115036,573.4445537282356,"critical_wave","fifo","fifo_critical_wave",128,21,"21;9;6;11;10;8;12;9;2;2;4;3;4;3;3"
"2",2,"critical_wave_fifo",12,"case_000067",12,12,0,0.06540799885988235,0.07997440323233605,677.5994482103579,662.8219293617749,"critical_wave","fifo","fifo_critical_wave",128,29,"29;9;5;10;2;4;5;8;13;12;5;13"
"2",2,"critical_wave_fifo",12,"case_000068",15,15,0,0.059087999165058136,0.06984960213303566,567.0137356049198,555.251564845701,"critical_wave","fifo","fifo_critical_wave",128,20,"7;4;6;20;6;2;2;17;7;3;2;6;3;5;17"
"2",2,"critical_wave_fifo",12,"case_000069",12,12,0,0.05496000126004219,0.056572798639535904,627.189999012266,613.803770498205,"critical_wave","fifo","fifo_critical_wave",128,19,"14;2;19;11;3;12;9;6;12;5;10;6"
"2",2,"critical_wave_fifo",12,"case_000070",23,22,1,0.0899839997291565,0.09280639886856079,1016.1721566858956,901.3200596118942,"critical_wave","fifo","fifo_critical_wave",128,15,"15;7;1;2;3;5;3;1;2;3;2;3;2;11;4;1;2;15;2;2;8;2;2"
"2",2,"critical_wave_fifo",12,"case_000071",19,19,0,0.07182400301098824,0.07498880252242089,673.1801722691916,658.9939576712095,"critical_wave","fifo","fifo_critical_wave",128,18,"4;1;11;8;2;11;2;1;7;4;10;4;18;3;7;6;7;4;1"
"2",2,"critical_wave_fifo",12,"case_000072",13,13,0,0.05849599838256836,0.05963199958205223,494.86986051043095,484.60832849803137,"critical_wave","fifo","fifo_critical_wave",128,32,"2;32;10;7;19;4;5;2;3;2;2;25;2"
"2",2,"critical_wave_fifo",12,"case_000073",16,15,1,0.5403039753437042,0.5426431953907013,3927.37558933218,64.86754419621798,"critical_wave","fifo","fifo_critical_wave",176,1,"1;1;1;1;1;1;1;1;1;1;1;1;1;1;1;1"
"2",2,"critical_wave_fifo",12,"case_000074",16,15,1,0.674239993095398,0.7123264074325562,3999.1044662022796,90.75690648232131,"critical_wave","fifo","fifo_critical_wave",176,1,"1;1;1;1;1;1;1;1;1;1;1;1;1;1;1;1"
"2",2,"critical_wave_fifo",12,"case_000075",19,18,1,0.11267200112342834,0.11394880264997483,706.9246893444757,519.172957050078,"critical_wave","fifo","fifo_critical_wave",128,3,"3;2;3;3;3;1;3;3;2;3;3;3;2;3;3;1;1;3;1"
"2",2,"critical_wave_fifo",12,"case_000076",22,21,1,0.2473760023713112,0.2515168130397797,3153.21950900142,301.4314698483773,"critical_wave","fifo","fifo_critical_wave",128,2,"2;1;1;1;1;2;1;1;1;1;1;1;1;1;1;1;1;1;1;1;1;1"
"2",2,"critical_wave_fifo",12,"case_000077",15,15,0,0.10772800073027611,0.11600000336766243,485.22117241250714,474.6864664093626,"critical_wave","fifo","fifo_critical_wave",128,9,"9;1;1;1;1;1;1;2;2;1;1;1;1;1;1"
"2",2,"critical_wave_fifo",12,"case_000078",21,20,1,0.41737599670886993,0.4197152078151703,3843.9171855660875,154.2154424488784,"critical_wave","fifo","fifo_critical_wave",176,1,"1;1;1;1;1;1;1;1;1;1;1;1;1;1;1;1;1;1;1;1;1"
"2",2,"critical_wave_fifo",12,"case_000079",25,25,0,0.08993599936366081,0.09484479874372483,911.9382266978967,892.2369748239344,"critical_wave","fifo","fifo_critical_wave",128,22,"1;4;19;2;1;1;5;10;9;3;2;10;2;3;4;2;1;3;5;1;2;1;3;22;6"
"2",2,"critical_wave_fifo",12,"case_000080",17,17,0,0.07940800115466118,0.08068480268120766,623.1515492704904,609.83436550282,"critical_wave","fifo","fifo_critical_wave",128,10,"3;1;2;1;1;2;1;1;3;2;2;1;1;1;10;1;1"
"2",2,"critical_wave_fifo",12,"case_000081",14,13,1,1.3335520029067993,1.340275228023529,4079.005328505488,49.66187134483163,"critical_wave","fifo","fifo_critical_wave",176,1,"1;1;1;1;1;1;1;1;1;1;1;1;1;1"
"2",2,"critical_wave_fifo",12,"case_000082",21,21,0,0.09724800288677216,0.09937280341982842,573.4305482954576,561.289881331071,"critical_wave","fifo","fifo_critical_wave",128,4,"4;2;1;1;1;1;1;2;2;1;1;2;2;1;1;1;1;1;1;1;1"
"2",2,"critical_wave_fifo",12,"case_000083",16,16,0,0.0796160027384758,0.08158720210194588,575.1290863271568,562.8585015402132,"critical_wave","fifo","fifo_critical_wave",128,6,"1;1;1;1;2;1;1;2;3;6;4;1;2;1;2;1"
"2",2,"critical_wave_fifo",12,"case_000084",19,18,1,0.302607998251915,0.305363193154335,3456.4860585649803,177.84254319411215,"critical_wave","fifo","fifo_critical_wave",128,2,"1;1;1;1;1;1;1;1;1;1;1;1;1;1;1;2;1;1;1"
"2",2,"critical_wave_fifo",12,"case_000085",13,13,0,0.0759199969470501,0.07976960316300392,782.7840449657597,765.4676809396007,"critical_wave","fifo","fifo_critical_wave",128,37,"4;15;5;37;2;3;9;4;5;9;7;14;3"
"2",2,"critical_wave_fifo",12,"case_000086",15,14,1,0.31862398982048035,0.32154240906238557,3372.141429015956,256.13177477935886,"critical_wave","fifo","fifo_critical_wave",128,2,"2;1;1;1;2;1;1;1;1;1;1;1;1;1;1"
"2",2,"critical_wave_fifo",12,"case_000087",21,21,0,0.08222400024533272,0.09057920277118683,852.0237904136345,833.5909685188371,"critical_wave","fifo","fifo_critical_wave",128,16,"2;3;4;1;3;3;6;6;7;16;4;12;2;8;9;6;15;3;13;2;1"
"2",2,"critical_wave_fifo",12,"case_000088",12,12,0,0.08747200295329094,0.09063359647989273,443.4858251584202,433.91694163294574,"critical_wave","fifo","fifo_critical_wave",128,4,"1;1;1;1;2;4;1;3;1;4;1;1"
"2",2,"critical_wave_fifo",12,"case_000089",12,11,1,0.47808000445365906,0.47984960973262786,3878.3907793987823,85.53360027414345,"critical_wave","fifo","fifo_critical_wave",176,1,"1;1;1;1;1;1;1;1;1;1;1;1"
"2",2,"critical_wave_fifo",12,"case_000090",15,15,0,0.06924799829721451,0.07121279835700989,696.7345383894042,681.7079650069667,"critical_wave","fifo","fifo_critical_wave",128,27,"21;27;3;2;20;11;9;1;1;3;1;2;3;3;3"
"2",2,"critical_wave_fifo",12,"case_000091",19,19,0,0.08983999863266945,0.09333440214395523,532.4770902056122,521.269464745633,"critical_wave","fifo","fifo_critical_wave",128,4,"1;1;1;1;1;1;1;1;1;1;2;1;4;1;2;3;3;1;1"
"2",2,"critical_wave_fifo",12,"case_000092",15,14,1,0.4816800057888031,0.4840672045946121,3881.771466121054,116.54037395235575,"critical_wave","fifo","fifo_critical_wave",176,1,"1;1;1;1;1;1;1;1;1;1;1;1;1;1;1"
"2",2,"critical_wave_fifo",12,"case_000093",19,18,1,0.3030720055103302,0.30576638877391815,3460.3912115012336,186.55178628193318,"critical_wave","fifo","fifo_critical_wave",128,2,"1;1;1;1;1;1;1;1;1;1;1;1;1;1;2;1;1;1;1"
"2",2,"critical_wave_fifo",12,"case_000094",31,31,0,0.11161600053310394,0.11658560037612915,863.6958490857971,845.1238491745014,"critical_wave","fifo","fifo_critical_wave",128,20,"2;3;1;20;4;1;1;5;7;2;4;1;2;1;2;9;6;2;1;4;11;2;2;10;7;5;3;1;1;6;1"
"2",2,"critical_wave_fifo",12,"case_000095",20,19,1,0.1727840006351471,0.175417597591877,2743.0076313650957,299.61440764017954,"critical_wave","fifo","fifo_critical_wave",128,2,"1;1;1;1;2;2;1;1;1;1;1;1;1;1;1;1;1;1;1;1"
"2",2,"critical_wave_fifo",12,"case_000096",12,12,0,0.07524799928069115,0.07660800218582153,327.9900554423526,321.2621761520137,"critical_wave","fifo","fifo_critical_wave",128,6,"1;1;1;6;1;1;1;1;1;2;1;1"
"2",2,"critical_wave_fifo",12,"case_000097",12,12,0,0.07686399668455124,0.07789119705557823,375.1745174317221,367.32058203882923,"critical_wave","fifo","fifo_critical_wave",128,8,"1;1;1;1;1;1;2;1;1;1;2;8"
"2",2,"critical_wave_fifo",12,"case_000098",23,22,1,0.20766399800777435,0.20938240587711335,1249.3904673369855,387.32106080799247,"critical_wave","fifo","fifo_critical_wave",128,3,"1;1;1;1;1;1;1;2;1;1;3;1;1;1;1;1;2;1;1;1;1;1;1"
"2",2,"critical_wave_fifo",12,"case_000099",22,20,2,0.3222079873085022,0.3231456011533737,3414.696292611017,252.88311652555345,"critical_wave","fifo","fifo_critical_wave",128,3,"1;1;1;1;3;1;1;1;1;1;1;1;1;1;1;1;1;1;1;1;1;1"
"2",2,"critical_wave_release_lpt",12,"case_000000",19,19,0,0.0960640013217926,0.09835840314626694,1069.7641211899743,1045.8813980009338,"critical_wave","release_lpt","release_lpt_critical_wave",128,29,"1;29;21;1;21;2;3;3;5;5;2;5;4;1;3;3;9;2;6"
"2",2,"critical_wave_release_lpt",12,"case_000001",14,14,0,0.07747200131416321,0.08025280013680458,382.53695509711906,374.65839926215557,"critical_wave","release_lpt","release_lpt_critical_wave",128,5,"1;2;5;1;1;2;2;2;1;1;1;1;1;1"
"2",2,"critical_wave_release_lpt",12,"case_000002",14,14,0,0.09396800026297569,0.09530560299754143,1038.7813054531944,1015.3311737292757,"critical_wave","release_lpt","release_lpt_critical_wave",128,29,"7;6;1;6;21;9;4;2;2;3;26;1;29;2"
"2",2,"critical_wave_release_lpt",12,"case_000003",8,8,0,0.06865600124001503,0.06990720257163048,268.5547935648453,262.96154267542147,"critical_wave","release_lpt","release_lpt_critical_wave",128,6,"6;1;1;1;1;3;1;1"
"2",2,"critical_wave_release_lpt",12,"case_000004",11,11,0,0.08755200356245041,0.08889279887080193,354.631845219317,347.0760092694505,"critical_wave","release_lpt","release_lpt_critical_wave",128,3,"2;2;3;1;1;1;1;2;1;1;2"
"2",2,"critical_wave_release_lpt",12,"case_000005",12,12,0,0.07758400216698647,0.07863040268421173,497.73705353436975,487.00184245042277,"critical_wave","release_lpt","release_lpt_critical_wave",128,12,"3;1;1;1;1;2;12;2;1;1;2;1"
"2",2,"critical_wave_release_lpt",12,"case_000006",10,10,0,0.08510399982333183,0.08727360144257545,585.6533044682541,572.6339549394411,"critical_wave","release_lpt","release_lpt_critical_wave",128,9,"1;1;2;9;2;1;2;5;1;3"
"2",2,"critical_wave_release_lpt",12,"case_000007",15,13,2,1.101040005683899,1.1108864307403565,4617.3677123840625,80.01557758591835,"critical_wave","release_lpt","release_lpt_critical_wave",176,1,"1;1;1;1;1;1;1;1;1;1;1;1;1;1;1"
"2",2,"critical_wave_release_lpt",12,"case_000008",12,11,1,0.19999999552965164,0.20214719772338868,624.8956043675051,210.74304471047412,"critical_wave","release_lpt","release_lpt_critical_wave",128,2,"1;1;2;1;1;1;1;1;1;1;1;1"
"2",2,"critical_wave_release_lpt",12,"case_000009",26,26,0,0.08988799899816513,0.09187519922852516,867.1067323413332,848.5240393609934,"critical_wave","release_lpt","release_lpt_critical_wave",128,17,"3;1;10;5;4;13;1;2;3;17;11;2;5;1;12;3;11;1;10;1;3;2;4;1;2;1"
"2",2,"critical_wave_release_lpt",12,"case_000010",24,24,0,0.08830400183796883,0.0902752012014389,836.4330175604977,818.4641974960174,"critical_wave","release_lpt","release_lpt_critical_wave",128,13,"1;2;12;5;6;7;1;8;7;1;10;3;1;4;5;5;6;6;1;6;4;6;13;1"
"2",2,"critical_wave_release_lpt",12,"case_000011",15,12,3,0.8208160102367401,0.8227231919765472,4015.154071053575,53.332293052342024,"critical_wave","release_lpt","release_lpt_critical_wave",176,1,"1;1;1;1;1;1;1;1;1;1;1;1;1;1;1"
"2",2,"critical_wave_release_lpt",12,"case_000012",17,16,1,0.47655999660491943,0.47874560952186584,3924.0002073743008,118.32962985088682,"critical_wave","release_lpt","release_lpt_critical_wave",176,1,"1;1;1;1;1;1;1;1;1;1;1;1;1;1;1;1;1"
"2",2,"critical_wave_release_lpt",12,"case_000013",17,17,0,0.06393600255250931,0.06581440195441246,706.7157755896741,691.7517241350301,"critical_wave","release_lpt","release_lpt_critical_wave",128,17,"3;8;4;5;4;9;3;10;4;14;15;2;2;17;6;4;11"
"2",2,"critical_wave_release_lpt",12,"case_000014",18,18,0,0.08736000210046768,0.09245440289378166,511.69391297165146,500.94064729613507,"critical_wave","release_lpt","release_lpt_critical_wave",128,4,"1;2;1;1;1;2;1;1;3;2;2;1;1;2;4;1;1;1"
"2",2,"critical_wave_release_lpt",12,"case_000015",16,15,1,0.4771840125322342,0.47949758768081663,3920.194643825448,119.45707840777544,"critical_wave","release_lpt","release_lpt_critical_wave",176,1,"1;1;1;1;1;1;1;1;1;1;1;1;1;1;1;1"
"2",2,"critical_wave_release_lpt",12,"case_000016",22,21,1,0.21934399753808975,0.2210912063717842,1073.8057466792498,294.34211432564314,"critical_wave","release_lpt","release_lpt_critical_wave",128,2,"1;1;1;1;1;1;1;1;2;1;1;2;1;1;1;1;1;1;1;1;1;1"
"2",2,"critical_wave_release_lpt",12,"case_000017",14,14,0,0.07983999699354172,0.08235200047492981,506.5709721816695,495.75312488052464,"critical_wave","release_lpt","release_lpt_critical_wave",128,4,"4;1;1;3;1;1;1;2;2;2;1;1;2;2"
"2",2,"critical_wave_release_lpt",12,"case_000018",22,22,0,0.09270399808883667,0.09467839822173119,600.3913247696527,587.7473369356355,"critical_wave","release_lpt","release_lpt_critical_wave",128,11,"1;1;1;1;1;1;1;1;1;1;1;1;1;2;1;11;1;1;2;1;1;1"
"2",2,"critical_wave_release_lpt",12,"case_000019",16,16,0,0.07401599735021591,0.07627519816160203,506.3562861777836,495.78903633989813,"critical_wave","release_lpt","release_lpt_critical_wave",128,6,"6;1;1;1;3;1;1;1;2;5;1;2;1;1;1;1"
"2",2,"critical_wave_release_lpt",12,"case_000020",13,13,0,0.062063999474048615,0.06402560248970986,438.52226203018483,429.5045151117958,"critical_wave","release_lpt","release_lpt_critical_wave",128,11,"1;1;1;1;1;1;1;1;4;11;1;6;1"
"2",2,"critical_wave_release_lpt",12,"case_000021",12,12,0,0.06388800218701363,0.06631999835371971,577.9370661163874,565.5216435511593,"critical_wave","release_lpt","release_lpt_critical_wave",128,32,"3;14;7;3;17;16;2;32;2;2;15;3"
"2",2,"critical_wave_release_lpt",12,"case_000022",11,11,0,0.0793440006673336,0.0816288024187088,452.53241966638825,442.7602301942329,"critical_wave","release_lpt","release_lpt_critical_wave",128,13,"1;1;1;13;1;1;2;1;2;2;1"
"2",2,"critical_wave_release_lpt",12,"case_000023",16,15,1,0.6967040002346039,0.7094207882881165,3886.843436501199,104.12272640256467,"critical_wave","release_lpt","release_lpt_critical_wave",176,1,"1;1;1;1;1;1;1;1;1;1;1;1;1;1;1;1"
"2",2,"critical_wave_release_lpt",12,"case_000024",15,15,0,0.08038400113582611,0.08229120075702667,836.3748162074995,817.894892901742,"critical_wave","release_lpt","release_lpt_critical_wave",128,30,"26;2;1;30;3;3;2;8;21;6;1;10;1;2;4"
"2",2,"critical_wave_release_lpt",12,"case_000025",18,18,0,0.09676799923181534,0.10057919770479203,665.5593703628524,651.0793702479041,"critical_wave","release_lpt","release_lpt_critical_wave",128,6,"1;3;1;2;1;1;1;1;6;3;2;1;1;1;1;2;2;1"
"2",2,"critical_wave_release_lpt",12,"case_000026",20,20,0,0.07545600086450577,0.07859520167112351,623.4952668175459,610.4766681541481,"critical_wave","release_lpt","release_lpt_critical_wave",128,17,"3;6;8;17;10;17;9;3;17;2;2;6;4;1;5;2;1;1;10;3"
"2",2,"critical_wave_release_lpt",12,"case_000027",18,18,0,0.06646399945020676,0.06876800134778023,547.6728711649441,536.4660612503824,"critical_wave","release_lpt","release_lpt_critical_wave",128,7,"2;2;1;1;4;1;3;1;1;1;7;1;3;1;1;1;1;3"
"2",2,"critical_wave_release_lpt",12,"case_000028",19,19,0,0.10273599997162819,0.10420800298452378,1092.5877467586697,1068.0928207279214,"critical_wave","release_lpt","release_lpt_critical_wave",128,26,"4;1;12;6;11;4;2;1;3;26;7;1;4;5;2;5;1;24;1"
"2",2,"critical_wave_release_lpt",12,"case_000029",18,18,0,0.07871999964118004,0.08168320283293724,722.5011024802823,706.9430926532684,"critical_wave","release_lpt","release_lpt_critical_wave",128,17,"11;17;7;10;1;5;16;6;4;8;1;2;9;7;1;1;3;5"
"2",2,"critical_wave_release_lpt",12,"case_000030",22,22,0,0.09320000186562538,0.09849599748849869,767.6121830893051,751.0413583566328,"critical_wave","release_lpt","release_lpt_critical_wave",128,15,"1;1;1;1;1;1;1;2;1;2;1;1;15;2;1;1;2;1;1;2;1;2"
"2",2,"critical_wave_release_lpt",12,"case_000031",10,10,0,0.08183999732136726,0.08358400240540505,537.0492797477734,525.1972801418699,"critical_wave","release_lpt","release_lpt_critical_wave",128,7,"5;1;1;2;1;1;1;2;7;5"
"2",2,"critical_wave_release_lpt",12,"case_000032",18,18,0,0.07879999652504921,0.08144320175051689,716.3251450913024,700.910487761795,"critical_wave","release_lpt","release_lpt_critical_wave",128,40,"12;1;7;5;1;40;10;1;1;1;3;3;3;8;8;2;2;6"
"2",2,"critical_wave_release_lpt",12,"case_000033",15,15,0,0.06724799796938896,0.06868800073862076,784.4498052717171,767.4061616450069,"critical_wave","release_lpt","release_lpt_critical_wave",128,20,"3;7;5;6;11;2;5;17;9;5;20;4;8;6;12"
"2",2,"critical_wave_release_lpt",12,"case_000034",19,19,0,0.08390399813652039,0.08534720167517662,844.4180690974907,825.9893394738546,"critical_wave","release_lpt","release_lpt_critical_wave",128,37,"4;9;2;4;7;4;15;3;5;9;3;3;3;37;2;9;1;4;1"
"2",2,"critical_wave_release_lpt",12,"case_000035",17,16,1,0.24694399535655975,0.24901119619607925,3460.0240121906777,137.20565244389923,"critical_wave","release_lpt","release_lpt_critical_wave",176,1,"1;1;1;1;1;1;1;1;1;1;1;1;1;1;1;1;1"
"2",2,"critical_wave_release_lpt",12,"case_000036",23,22,1,0.16435199975967407,0.1670879989862442,3200.994496892535,315.2196266291584,"critical_wave","release_lpt","release_lpt_critical_wave",128,2,"2;1;1;1;1;1;1;1;1;1;1;2;1;1;1;1;1;1;1;1;1;1;1"
"2",2,"critical_wave_release_lpt",12,"case_000037",17,17,0,0.07614399865269661,0.08073919638991356,701.5013362199927,686.4030379910846,"critical_wave","release_lpt","release_lpt_critical_wave",128,24,"20;1;10;3;11;24;3;2;2;1;3;4;13;9;3;7;7"
"2",2,"critical_wave_release_lpt",12,"case_000038",15,15,0,0.0843840017914772,0.08774079754948616,585.8802090255139,573.2180386458683,"critical_wave","release_lpt","release_lpt_critical_wave",128,5,"4;3;5;1;1;1;2;1;2;2;1;1;3;2;1"
"2",2,"critical_wave_release_lpt",12,"case_000039",25,25,0,0.1303360015153885,0.13279360234737397,1341.8417403525386,1311.5462651339453,"critical_wave","release_lpt","release_lpt_critical_wave",128,22,"8;6;1;2;1;2;6;13;4;1;2;4;2;2;5;22;1;1;3;22;4;1;5;3;8"
"2",2,"critical_wave_release_lpt",12,"case_000040",16,16,0,0.07199999690055847,0.0758784018456936,586.2996447944648,573.8951358160336,"critical_wave","release_lpt","release_lpt_critical_wave",128,29,"11;5;1;15;29;14;8;2;2;2;4;6;1;7;5;1"
"2",2,"critical_wave_release_lpt",12,"case_000041",24,24,0,0.08404799923300743,0.08607999905943871,758.7947284169751,742.7283524850934,"critical_wave","release_lpt","release_lpt_critical_wave",128,24,"8;1;1;1;7;2;3;2;24;2;1;3;4;2;6;1;6;10;6;2;14;1;1;10"
"2",2,"critical_wave_release_lpt",12,"case_000042",23,22,1,0.26000000536441803,0.2636031895875931,3627.9660110541295,207.03211880535835,"critical_wave","release_lpt","release_lpt_critical_wave",176,1,"1;1;1;1;1;1;1;1;1;1;1;1;1;1;1;1;1;1;1;1;1;1;1"
"2",2,"critical_wave_release_lpt",12,"case_000043",13,13,0,0.07478400319814682,0.07708799839019775,551.1126576468337,539.2417398832068,"critical_wave","release_lpt","release_lpt_critical_wave",128,6,"1;3;1;1;2;3;3;2;1;2;2;1;6"
"2",2,"critical_wave_release_lpt",12,"case_000044",16,16,0,0.09532800316810608,0.09849919751286507,495.73560487429734,485.1265364118378,"critical_wave","release_lpt","release_lpt_critical_wave",128,3,"2;2;2;1;1;1;3;1;1;3;1;1;1;1;1;2"
"2",2,"critical_wave_release_lpt",12,"case_000045",7,6,1,0.16681599617004395,0.169475194811821,2670.0891953908754,142.82141129747583,"critical_wave","release_lpt","release_lpt_critical_wave",128,2,"1;1;2;1;1;1;1"
"2",2,"critical_wave_release_lpt",12,"case_000046",13,13,0,0.07048000022768974,0.07253120094537735,411.1974851642246,402.6696922292316,"critical_wave","release_lpt","release_lpt_critical_wave",128,7,"1;1;7;2;3;1;1;1;2;1;1;2;1"
"2",2,"critical_wave_release_lpt",12,"case_000047",16,16,0,0.06281600147485733,0.06436159834265709,462.9335398185029,453.6158833892844,"critical_wave","release_lpt","release_lpt_critical_wave",128,29,"20;3;8;2;2;13;1;1;4;1;14;1;5;29;2;9"
"2",2,"critical_wave_release_lpt",12,"case_000048",21,20,1,0.25804799795150757,0.2596927970647812,3088.832024520434,302.872026213848,"critical_wave","release_lpt","release_lpt_critical_wave",128,3,"1;1;1;1;3;1;1;1;1;1;2;1;1;1;1;1;1;1;1;1;1"
"2",2,"critical_wave_release_lpt",12,"case_000049",21,21,0,0.09164799749851227,0.09508159905672074,920.4859245655579,900.2905273662897,"critical_wave","release_lpt","release_lpt_critical_wave",128,34,"5;34;8;9;1;2;11;1;8;2;4;6;5;4;1;5;1;6;1;9;3"
"2",2,"critical_wave_release_lpt",12,"case_000050",17,17,0,0.09443200007081032,0.09630080237984658,574.7044712735618,562.3178579314437,"critical_wave","release_lpt","release_lpt_critical_wave",128,4,"2;1;1;1;1;3;1;1;1;4;4;1;1;1;2;1;1"
"2",2,"critical_wave_release_lpt",12,"case_000051",22,22,0,0.09905600175261497,0.10153919830918312,745.7538307722972,729.6113584363613,"critical_wave","release_lpt","release_lpt_critical_wave",128,5,"5;1;2;1;2;1;1;1;1;1;1;1;1;2;5;1;3;2;1;1;1;1"
"2",2,"critical_wave_release_lpt",12,"case_000052",23,23,0,0.09732799977064133,0.09928000271320343,1029.677706191081,1006.9663018962319,"critical_wave","release_lpt","release_lpt_critical_wave",128,19,"7;1;1;2;7;19;5;17;4;2;6;7;1;5;11;4;3;4;6;1;3;6;4"
"2",2,"critical_wave_release_lpt",12,"case_000053",23,23,0,0.09780799970030785,0.09897920116782188,1113.143114812697,1088.4685130685168,"critical_wave","release_lpt","release_lpt_critical_wave",128,18,"1;2;7;18;16;2;6;4;10;4;3;3;6;1;3;6;4;10;5;5;3;4;4"
"2",2,"critical_wave_release_lpt",12,"case_000054",20,20,0,0.07633600011467934,0.0787328027188778,647.2555680907194,633.6617051893221,"critical_wave","release_lpt","release_lpt_critical_wave",128,16,"2;14;2;13;5;1;6;4;10;1;5;1;6;7;6;1;16;6;3;8"
"2",2,"critical_wave_release_lpt",12,"case_000055",19,19,0,0.07971200346946716,0.0818335972726345,766.0276053579433,749.5077955591042,"critical_wave","release_lpt","release_lpt_critical_wave",128,24,"5;5;5;7;3;8;7;1;4;2;2;24;5;5;13;1;4;16;6"
"2",2,"critical_wave_release_lpt",12,"case_000056",12,12,0,0.0758879967033863,0.07861760184168816,400.77414349037434,392.3322961913348,"critical_wave","release_lpt","release_lpt_critical_wave",128,6,"4;1;2;1;6;1;1;1;1;1;1;1"
"2",2,"critical_wave_release_lpt",12,"case_000057",13,13,0,0.06670400127768517,0.06866879984736443,530.3656717791984,519.1076897449,"critical_wave","release_lpt","release_lpt_critical_wave",128,33,"4;10;33;5;3;7;1;6;4;2;17;10;9"
"2",2,"critical_wave_release_lpt",12,"case_000058",19,18,1,0.19049600511789322,0.19165759831666945,1160.9232007943422,265.09523897231895,"critical_wave","release_lpt","release_lpt_critical_wave",128,3,"1;1;1;1;1;1;1;1;3;1;1;1;1;1;1;1;1;1;1"
"2",2,"critical_wave_release_lpt",12,"case_000059",24,24,0,0.11846400052309036,0.12593599706888198,1192.0112319056457,1165.2922693007736,"critical_wave","release_lpt","release_lpt_critical_wave",128,22,"2;17;1;2;5;1;2;2;2;13;2;1;22;18;5;2;11;2;5;2;5;7;1;1"
"2",2,"critical_wave_release_lpt",12,"case_000060",29,28,1,0.22831999510526657,0.2304671972990036,1178.8339919151986,426.74703087251646,"critical_wave","release_lpt","release_lpt_critical_wave",128,2,"1;2;1;1;1;2;1;1;1;1;1;1;1;1;1;1;1;1;1;1;1;1;1;1;1;1;1;1;1"
"2",2,"critical_wave_release_lpt",12,"case_000061",24,23,1,0.22151999920606613,0.2231135994195938,3425.6672018768204,184.43510358626435,"critical_wave","release_lpt","release_lpt_critical_wave",176,1,"1;1;1;1;1;1;1;1;1;1;1;1;1;1;1;1;1;1;1;1;1;1;1;1"
"2",2,"critical_wave_release_lpt",12,"case_000062",23,23,0,0.08644800260663033,0.08950080275535584,717.5163803639188,702.3001824144346,"critical_wave","release_lpt","release_lpt_critical_wave",128,7,"1;1;1;1;1;1;1;2;3;2;7;1;2;1;2;2;1;1;1;1;1;2;1"
"2",2,"critical_wave_release_lpt",12,"case_000063",18,17,1,0.3032640069723129,0.3069600105285645,3508.023592661713,235.0693203315367,"critical_wave","release_lpt","release_lpt_critical_wave",128,2,"1;1;2;1;1;1;1;1;1;1;1;1;1;1;1;1;1;1"
"2",2,"critical_wave_release_lpt",12,"case_000064",18,18,0,0.08422400057315826,0.0873024009168148,866.0954591516697,847.0820611047671,"critical_wave","release_lpt","release_lpt_critical_wave",128,20,"19;6;2;3;5;4;8;7;6;1;4;1;10;1;20;4;8;7"
"2",2,"critical_wave_release_lpt",12,"case_000065",23,23,0,0.08695999905467033,0.09038720205426216,836.5411240893186,818.5258598640384,"critical_wave","release_lpt","release_lpt_critical_wave",128,20,"8;1;9;8;10;10;5;3;6;1;5;3;1;1;4;3;3;6;20;5;3;1;1"
"2",2,"critical_wave_release_lpt",12,"case_000066",15,15,0,0.05636800080537796,0.05950720086693764,581.7343044898527,569.7008150222737,"critical_wave","release_lpt","release_lpt_critical_wave",128,21,"21;9;6;11;10;8;12;9;2;2;4;3;4;3;3"
"2",2,"critical_wave_release_lpt",12,"case_000067",12,12,0,0.06425599753856659,0.06615999639034272,689.7476598880717,674.7052051285784,"critical_wave","release_lpt","release_lpt_critical_wave",128,29,"29;9;5;10;2;4;5;8;13;12;5;13"
"2",2,"critical_wave_release_lpt",12,"case_000068",15,15,0,0.055376000702381134,0.05743680112063885,605.0221523953311,592.4715325025132,"critical_wave","release_lpt","release_lpt_critical_wave",128,20,"7;4;6;20;6;2;2;17;7;3;2;6;3;5;17"
"2",2,"critical_wave_release_lpt",12,"case_000069",12,12,0,0.05499200150370598,0.05812799893319607,626.8250326127337,613.4465936419241,"critical_wave","release_lpt","release_lpt_critical_wave",128,19,"14;2;19;11;3;12;9;6;12;5;10;6"
"2",2,"critical_wave_release_lpt",12,"case_000070",23,22,1,0.09676799923181534,0.09959679841995239,944.9325789298396,838.1322817857181,"critical_wave","release_lpt","release_lpt_critical_wave",128,15,"15;7;1;2;3;5;3;1;2;3;2;3;2;11;4;1;2;15;2;2;8;2;2"
"2",2,"critical_wave_release_lpt",12,"case_000071",19,19,0,0.09624000266194344,0.09849599748849869,502.3949852727864,491.80780019571336,"critical_wave","release_lpt","release_lpt_critical_wave",128,3,"1;1;2;2;1;2;1;1;1;1;2;1;3;1;1;1;1;1;1"
"2",2,"critical_wave_release_lpt",12,"case_000072",13,13,0,0.057920001447200775,0.05959039926528931,499.7911919320062,489.4276120804555,"critical_wave","release_lpt","release_lpt_critical_wave",128,32,"2;32;10;7;19;4;5;2;3;2;2;25;2"
"2",2,"critical_wave_release_lpt",12,"case_000073",16,15,1,0.5324479937553406,0.5343519747257233,3985.3218877166933,65.82462965595212,"critical_wave","release_lpt","release_lpt_critical_wave",176,1,"1;1;1;1;1;1;1;1;1;1;1;1;1;1;1;1"
"2",2,"critical_wave_release_lpt",12,"case_000074",16,15,1,0.6680319905281067,0.7019808232784271,4036.268031937243,91.60030787092286,"critical_wave","release_lpt","release_lpt_critical_wave",176,1,"1;1;1;1;1;1;1;1;1;1;1;1;1;1;1;1"
"2",2,"critical_wave_release_lpt",12,"case_000075",19,18,1,0.11387200281023979,0.1156672015786171,699.4750019873851,513.7018279855863,"critical_wave","release_lpt","release_lpt_critical_wave",128,3,"3;2;3;3;3;1;3;3;2;3;3;3;2;3;3;1;1;3;1"
"2",2,"critical_wave_release_lpt",12,"case_000076",22,21,1,0.2431039959192276,0.2446720004081726,3208.6302563087806,306.72845058776903,"critical_wave","release_lpt","release_lpt_critical_wave",128,2,"2;1;1;1;1;2;1;1;1;1;1;1;1;1;1;1;1;1;1;1;1;1"
"2",2,"critical_wave_release_lpt",12,"case_000077",15,15,0,0.10904000326991081,0.11293120235204697,479.38284343782885,468.97489422683344,"critical_wave","release_lpt","release_lpt_critical_wave",128,9,"9;1;1;1;1;1;1;2;2;1;1;1;1;1;1"
"2",2,"critical_wave_release_lpt",12,"case_000078",21,20,1,0.4098079949617386,0.415081599354744,3914.903531205607,157.06336819028985,"critical_wave","release_lpt","release_lpt_critical_wave",176,1,"1;1;1;1;1;1;1;1;1;1;1;1;1;1;1;1;1;1;1;1;1"
"2",2,"critical_wave_release_lpt",12,"case_000079",25,25,0,0.09086399897933006,0.09999039769172668,902.6245454446397,883.1245036689847,"critical_wave","release_lpt","release_lpt_critical_wave",128,22,"1;4;19;2;1;1;5;10;9;3;2;10;2;3;4;2;1;3;5;1;2;1;3;22;6"
"2",2,"critical_wave_release_lpt",12,"case_000080",17,17,0,0.07911999896168709,0.09186559841036797,625.4198634148321,612.0542041898861,"critical_wave","release_lpt","release_lpt_critical_wave",128,10,"3;1;2;1;1;2;1;1;3;2;2;1;1;1;10;1;1"
"2",2,"critical_wave_release_lpt",12,"case_000081",14,13,1,1.3224159479141235,1.3339519858360291,4113.35460244256,50.080073598976824,"critical_wave","release_lpt","release_lpt_critical_wave",176,1,"1;1;1;1;1;1;1;1;1;1;1;1;1;1"
"2",2,"critical_wave_release_lpt",12,"case_000082",21,21,0,0.09851199761033058,0.10441279709339142,566.0729349594687,554.0880433255568,"critical_wave","release_lpt","release_lpt_critical_wave",128,4,"4;2;1;1;1;1;1;2;2;1;1;2;2;1;1;1;1;1;1;1;1"
"2",2,"critical_wave_release_lpt",12,"case_000083",16,16,0,0.07993599772453308,0.0811551995575428,572.826764104388,560.6053001856336,"critical_wave","release_lpt","release_lpt_critical_wave",128,6,"1;1;1;1;2;1;1;2;3;6;4;1;2;1;2;1"
"2",2,"critical_wave_release_lpt",12,"case_000084",19,18,1,0.297775998711586,0.29958399534225466,3512.5743232955306,180.72838722010164,"critical_wave","release_lpt","release_lpt_critical_wave",128,2,"1;1;1;1;1;1;1;1;1;1;1;1;1;1;1;2;1;1;1"
"2",2,"critical_wave_release_lpt",12,"case_000085",13,13,0,0.07707199826836586,0.0791487991809845,771.0837092489475,754.026174300621,"critical_wave","release_lpt","release_lpt_critical_wave",128,37,"4;15;5;37;2;3;9;4;5;9;7;14;3"
"2",2,"critical_wave_release_lpt",12,"case_000086",15,14,1,0.31988799571990967,0.3220288008451462,3358.816744385657,255.11969530565491,"critical_wave","release_lpt","release_lpt_critical_wave",128,2,"2;1;1;1;2;1;1;1;1;1;1;1;1;1;1"
"2",2,"critical_wave_release_lpt",12,"case_000087",21,21,0,0.08457600325345993,0.08705279976129532,828.3295693466579,810.409352101845,"critical_wave","release_lpt","release_lpt_critical_wave",128,16,"2;3;4;1;3;3;6;6;7;16;4;12;2;8;9;6;15;3;13;2;1"
"2",2,"critical_wave_release_lpt",12,"case_000088",12,12,0,0.08928000181913376,0.09282239750027657,434.50484562698887,425.1297404416682,"critical_wave","release_lpt","release_lpt_critical_wave",128,4,"1;1;1;1;2;4;1;3;1;4;1;1"
"2",2,"critical_wave_release_lpt",12,"case_000089",12,11,1,0.47651199996471405,0.4806591868400574,3891.1529640917815,85.81505608049339,"critical_wave","release_lpt","release_lpt_critical_wave",176,1,"1;1;1;1;1;1;1;1;1;1;1;1"
"2",2,"critical_wave_release_lpt",12,"case_000090",15,15,0,0.0729759968817234,0.07504639774560928,661.1416656109211,646.8827288034322,"critical_wave","release_lpt","release_lpt_critical_wave",128,27,"21;27;3;2;20;11;9;1;1;3;1;2;3;3;3"
"2",2,"critical_wave_release_lpt",12,"case_000091",19,19,0,0.09060799703001976,0.09236160293221474,527.9637849201175,516.8511559138014,"critical_wave","release_lpt","release_lpt_critical_wave",128,4,"1;1;1;1;1;1;1;1;1;1;2;1;4;1;2;3;3;1;1"
"2",2,"critical_wave_release_lpt",12,"case_000092",15,14,1,0.47975999116897583,0.4813696056604385,3897.306437988176,117.00677220545614,"critical_wave","release_lpt","release_lpt_critical_wave",176,1,"1;1;1;1;1;1;1;1;1;1;1;1;1;1;1"
"2",2,"critical_wave_release_lpt",12,"case_000093",19,18,1,0.29814401268959045,0.29951998591423035,3517.587674691602,189.63528225825755,"critical_wave","release_lpt","release_lpt_critical_wave",128,2,"1;1;1;1;1;1;1;1;1;1;1;1;1;1;2;1;1;1;1"
"2",2,"critical_wave_release_lpt",12,"case_000094",31,31,0,0.09987200051546097,0.10270399898290634,965.2582891545882,944.5023982011562,"critical_wave","release_lpt","release_lpt_critical_wave",128,20,"2;3;1;20;4;1;1;5;7;2;4;1;2;1;2;9;6;2;1;4;11;2;2;10;7;5;3;1;1;6;1"
"2",2,"critical_wave_release_lpt",12,"case_000095",20,19,1,0.17236799746751785,0.17486080527305603,2749.6277689790636,300.33751485542206,"critical_wave","release_lpt","release_lpt_critical_wave",128,2,"1;1;1;1;2;2;1;1;1;1;1;1;1;1;1;1;1;1;1;1"
"2",2,"critical_wave_release_lpt",12,"case_000096",12,12,0,0.07580799981951714,0.07873280197381974,325.56716329093626,318.8889834523269,"critical_wave","release_lpt","release_lpt_critical_wave",128,6,"1;1;1;6;1;1;1;1;1;2;1;1"
"2",2,"critical_wave_release_lpt",12,"case_000097",12,12,0,0.07838400080800056,0.08145920112729073,367.89922135559834,360.1975876321717,"critical_wave","release_lpt","release_lpt_critical_wave",128,8,"1;1;1;1;1;1;2;1;1;1;2;8"
"2",2,"critical_wave_release_lpt",12,"case_000098",23,22,1,0.2120480015873909,0.21599680483341216,1223.55984294939,379.3133601726091,"critical_wave","release_lpt","release_lpt_critical_wave",128,3,"1;1;1;1;1;1;1;2;1;1;3;1;1;1;1;1;2;1;1;1;1;1;1"
"2",2,"critical_wave_release_lpt",12,"case_000099",22,20,2,0.32150399684906006,0.32377920746803285,3422.173380409148,253.43684930378564,"critical_wave","release_lpt","release_lpt_critical_wave",128,3,"1;1;1;1;3;1;1;1;1;1;1;1;1;1;1;1;1;1;1;1;1;1"
"2",4,"fa3_native_fifo",16,"case_000000",19,19,0,0.09310400113463402,0.09546559676527977,1103.774496258162,540.4021243645963,"fa3_native","fifo","fifo",128,57,"1;15;11;1;11;1;2;2;3;3;1;3;2;1;2;2;5;1;3"
"2",4,"fa3_native_fifo",16,"case_000001",14,14,0,0.06598400324583054,0.07141119837760926,449.1377005058065,220.81279224174187,"fa3_native","fifo","fifo",128,51,"1;8;15;1;1;7;6;5;3;1;3;4;1;4"
"2",4,"fa3_native_fifo",16,"case_000002",14,14,0,0.08876799792051315,0.09667200297117236,1099.632798651225,538.0504812417639,"fa3_native","fifo","fifo",128,57,"4;3;1;3;11;5;2;1;1;2;13;1;15;1"
"2",4,"fa3_native_fifo",16,"case_000003",8,8,0,0.05587200075387955,0.05673599988222122,330.00246977408875,162.15120056123865,"fa3_native","fifo","fifo",128,57,"22;5;1;2;2;10;5;3"
"2",4,"fa3_native_fifo",16,"case_000004",11,11,0,0.06523199751973152,0.06721599772572517,475.97390477898995,233.6070728999304,"fa3_native","fifo","fifo",128,41,"6;10;12;5;1;4;2;10;1;3;10"
"2",4,"fa3_native_fifo",16,"case_000005",12,12,0,0.068207997828722,0.08848960027098658,566.1569591438563,277.693651814305,"fa3_native","fifo","fifo",128,57,"9;1;1;1;4;6;27;6;3;2;5;1"
"2",4,"fa3_native_fifo",16,"case_000006",10,10,0,0.06335999816656113,0.06564480066299438,786.638891449721,385.22223336934053,"fa3_native","fifo","fifo",128,57,"1;1;4;19;4;2;5;12;2;8"
"2",4,"fa3_native_fifo",16,"case_000007",15,13,2,1.2413600087165833,1.2574047565460205,4095.4328612085283,37.21770934748077,"fa3_native","fifo","fifo",128,1,"1;1;1;1;1;1;1;1;1;1;1;1;1;1;1"
"2",4,"fa3_native_fifo",16,"case_000008",12,11,1,0.1902879998087883,0.19175359904766082,656.7892783863712,114.64558995796676,"fa3_native","fifo","fifo",128,3,"1;1;1;1;1;1;1;1;1;1;1;1"
"2",4,"fa3_native_fifo",16,"case_000009",26,26,0,0.09017600119113922,0.09163519740104675,864.3373853181982,424.0880000759864,"fa3_native","fifo","fifo",128,57,"2;1;5;3;2;7;1;1;2;9;6;1;3;1;6;2;6;1;5;1;2;1;2;1;1;1"
"2",4,"fa3_native_fifo",16,"case_000010",24,24,0,0.08747200295329094,0.08918720111250877,844.3888355848054,414.2483855016919,"fa3_native","fifo","fifo",128,55,"1;1;6;3;3;4;1;4;4;1;5;2;1;2;3;3;3;3;1;3;2;3;7;1"
"2",4,"fa3_native_fifo",16,"case_000011",15,12,3,0.9013279974460602,0.9037727832794189,3656.4965855121245,27.213036840640097,"fa3_native","fifo","fifo",128,1,"1;1;1;1;1;1;1;1;1;1;1;1;1;1;1"
"2",4,"fa3_native_fifo",16,"case_000012",17,16,1,0.4704800099134445,0.47290240228176117,3974.7098412279684,62.29743109679024,"fa3_native","fifo","fifo",128,1,"1;1;1;1;1;1;1;1;1;1;1;1;1;1;1;1;1"
"2",4,"fa3_native_fifo",16,"case_000013",17,17,0,0.0735200010240078,0.07536640018224716,614.5889690241581,301.73492506829547,"fa3_native","fifo","fifo",128,42,"2;4;2;3;2;5;2;5;2;7;8;1;1;9;3;2;6"
"2",4,"fa3_native_fifo",16,"case_000014",18,18,0,0.07043199986219406,0.07208319753408432,634.677155262697,311.7164931133062,"fa3_native","fifo","fifo",128,57,"1;6;1;1;3;4;1;3;8;7;4;2;1;4;12;3;2;2"
"2",4,"fa3_native_fifo",16,"case_000015",16,15,1,0.4711040109395981,0.47548799216747284,3970.7881202646845,62.85558881347881,"fa3_native","fifo","fifo",128,1,"1;1;1;1;1;1;1;1;1;1;1;1;1;1;1;1"
"2",4,"fa3_native_fifo",16,"case_000016",22,21,1,0.22489600628614426,0.2339968040585518,1047.2966992411687,148.5828074576117,"fa3_native","fifo","fifo",128,1,"1;1;1;1;1;1;1;1;1;1;1;1;1;1;1;1;1;1;1;1;1;1"
"2",4,"fa3_native_fifo",16,"case_000017",14,14,0,0.0663359984755516,0.07465600147843361,609.6934669779038,299.20116461825756,"fa3_native","fifo","fifo",128,54,"11;3;1;7;1;2;3;5;5;5;2;3;5;4"
"2",4,"fa3_native_fifo",16,"case_000018",22,22,0,0.0843840017914772,0.08753280267119408,659.5880148175378,323.91656498519694,"fa3_native","fifo","fifo",128,57,"2;1;2;1;2;1;2;2;2;3;1;1;1;4;2;24;3;1;5;1;1;1"
"2",4,"fa3_native_fifo",16,"case_000019",16,16,0,0.07235199958086014,0.07986559718847275,518.0017933590668,254.5015494619602,"fa3_native","fifo","fifo",128,57,"16;1;2;2;7;1;2;3;4;14;1;4;2;2;3;1"
"2",4,"fa3_native_fifo",16,"case_000020",13,13,0,0.06188799999654293,0.06307200267910958,439.7693485250826,216.2233712633709,"fa3_native","fifo","fifo",128,57,"1;1;1;1;1;2;1;3;8;20;1;14;1"
"2",4,"fa3_native_fifo",16,"case_000021",12,12,0,0.06747199967503548,0.0700608029961586,547.2380353603413,268.46952939357175,"fa3_native","fifo","fifo",128,57,"2;7;4;2;9;8;1;16;1;1;8;2"
"2",4,"fa3_native_fifo",16,"case_000022",11,11,0,0.06615999713540077,0.07195840328931809,542.7106130992806,266.17655324197625,"fa3_native","fifo","fifo",128,57,"1;2;1;30;2;4;7;3;4;5;1"
"2",4,"fa3_native_fifo",16,"case_000023",16,15,1,0.6401120126247406,0.6924096047878265,4230.477349412791,58.39817916667417,"fa3_native","fifo","fifo",128,1,"1;1;1;1;1;1;1;1;1;1;1;1;1;1;1;1"
"2",4,"fa3_native_fifo",16,"case_000024",15,15,0,0.0827999971807003,0.08583039790391922,811.9704887100019,397.75692175599,"fa3_native","fifo","fifo",128,57,"13;1;1;15;2;2;1;4;11;3;1;5;1;1;2"
"2",4,"fa3_native_fifo",16,"case_000025",18,18,0,0.08108799904584885,0.08401279896497726,794.2586991643998,389.39858390322996,"fa3_native","fifo","fifo",128,57,"3;6;1;5;1;2;2;2;14;6;4;3;1;2;1;3;5;1"
"2",4,"fa3_native_fifo",16,"case_000026",20,20,0,0.07547200098633766,0.07757440209388733,623.3630853449426,306.2590589612725,"fa3_native","fifo","fifo",128,43,"1;3;4;8;5;7;4;2;7;1;1;3;2;1;2;1;1;1;5;2"
"2",4,"fa3_native_fifo",16,"case_000027",18,18,0,0.07284800335764885,0.07490240335464478,499.677791157718,245.73862254140124,"fa3_native","fifo","fifo",128,50,"5;4;1;2;8;2;5;2;2;1;12;2;6;1;3;1;1;6"
"2",4,"fa3_native_fifo",16,"case_000028",19,19,0,0.09644799679517746,0.09792320057749748,1163.8198661437889,569.6708882060188,"fa3_native","fifo","fifo",128,57,"2;1;6;3;6;2;1;1;2;13;4;1;2;3;1;3;1;12;1"
"2",4,"fa3_native_fifo",16,"case_000029",18,18,0,0.07974400371313095,0.08116479963064194,713.2233632587813,349.8571265666969,"fa3_native","fifo","fifo",128,57,"6;9;4;5;1;3;8;3;2;4;1;1;5;4;1;1;2;3"
"2",4,"fa3_native_fifo",16,"case_000030",22,22,0,0.08371199667453766,0.08563519641757011,854.6141501575303,419.15903805783637,"fa3_native","fifo","fifo",128,57,"3;2;1;2;1;1;1;3;1;4;2;2;22;4;1;1;3;1;2;4;1;3"
"2",4,"fa3_native_fifo",16,"case_000031",10,10,0,0.06652799993753433,0.0682687982916832,660.6558390041532,323.6536799575704,"fa3_native","fifo","fifo",128,57,"14;1;1;5;2;1;1;6;16;14"
"2",4,"fa3_native_fifo",16,"case_000032",18,18,0,0.078015998005867,0.07994879707694054,723.5236411351821,354.9220763402613,"fa3_native","fifo","fifo",128,57,"6;1;4;3;1;20;5;1;1;1;2;2;2;4;4;1;1;3"
"2",4,"fa3_native_fifo",16,"case_000033",15,15,0,0.07142399996519089,0.07271680161356926,738.5847745535042,362.1290324345513,"fa3_native","fifo","fifo",128,57,"2;4;3;3;6;1;3;9;5;3;10;2;4;3;6"
"2",4,"fa3_native_fifo",16,"case_000034",19,19,0,0.0859999991953373,0.1579135976731784,823.8378227780415,403.83405029011857,"fa3_native","fifo","fifo",128,57,"2;5;1;2;4;2;8;2;3;5;2;2;2;19;1;5;1;2;1"
"2",4,"fa3_native_fifo",16,"case_000035",17,16,1,0.30635200440883636,0.30891520380973814,2789.0535766161775,58.93602046064896,"fa3_native","fifo","fifo",128,1,"1;1;1;1;1;1;1;1;1;1;1;1;1;1;1;1;1"
"2",4,"fa3_native_fifo",16,"case_000036",23,22,1,0.19582399725914001,0.2063487932085991,2686.5443160564682,134.894029177862,"fa3_native","fifo","fifo",128,5,"1;1;1;1;1;1;1;1;1;1;1;1;1;1;1;1;1;1;1;1;1;1;1"
"2",4,"fa3_native_fifo",16,"case_000037",17,17,0,0.07620799914002419,0.0774880014359951,700.9122061039201,343.82700366999404,"fa3_native","fifo","fifo",128,57,"10;1;5;2;6;12;2;1;1;1;2;2;7;5;2;4;4"
"2",4,"fa3_native_fifo",16,"case_000038",15,15,0,0.07443200051784515,0.07948159947991372,664.2158784399053,325.75580168890986,"fa3_native","fifo","fifo",128,57,"10;6;12;1;1;2;5;2;4;4;1;1;6;5;1"
"2",4,"fa3_native_fifo",16,"case_000039",25,25,0,0.11664000153541565,0.14564480632543567,1499.4023045421316,733.6526652395252,"fa3_native","fifo","fifo",128,57,"4;3;1;1;1;1;3;7;2;1;1;2;1;1;3;11;1;1;2;11;2;1;3;2;4"
"2",4,"fa3_native_fifo",16,"case_000040",16,16,0,0.07115199789404869,0.07324159890413284,593.2872422058979,291.28851772879796,"fa3_native","fifo","fifo",128,57,"6;3;1;8;15;7;4;1;1;1;2;3;1;4;3;1"
"2",4,"fa3_native_fifo",16,"case_000041",24,24,0,0.08198399841785431,0.08369279652833939,777.8978823032272,381.9125756762458,"fa3_native","fifo","fifo",128,57,"4;1;1;1;4;1;2;1;12;1;1;2;2;1;3;1;3;5;3;1;7;1;1;5"
"2",4,"fa3_native_fifo",16,"case_000042",23,22,1,0.3261919915676117,0.3436448067426682,2891.766832787134,86.00108134226012,"fa3_native","fifo","fifo",128,1,"1;1;1;1;1;1;1;1;1;1;1;1;1;1;1;1;1;1;1;1;1;1;1"
"2",4,"fa3_native_fifo",16,"case_000043",13,13,0,0.06217600032687187,0.06358719989657402,662.8668704215045,325.1507960260768,"fa3_native","fifo","fifo",128,57,"2;6;2;2;4;6;8;4;2;4;3;2;13"
"2",4,"fa3_native_fifo",16,"case_000044",16,16,0,0.0729759968817234,0.16762560307979685,647.5757417688045,317.7566458952685,"fa3_native","fifo","fifo",128,47,"6;6;7;2;2;1;8;2;2;8;1;4;1;1;3;5"
"2",4,"fa3_native_fifo",16,"case_000045",7,6,1,0.20137600600719452,0.20674559473991394,2211.8503481297907,62.572380145178876,"fa3_native","fifo","fifo",128,3,"1;1;1;1;1;1;1"
"2",4,"fa3_native_fifo",16,"case_000046",13,13,0,0.06780800223350525,0.06934079900383949,427.40086558220156,210.05379204288215,"fa3_native","fifo","fifo",128,57,"3;2;20;5;10;2;4;2;4;1;1;7;1"
"2",4,"fa3_native_fifo",16,"case_000047",16,16,0,0.06708799675107002,0.06813439726829529,433.455093731595,213.34224739348352,"fa3_native","fifo","fifo",128,49,"10;2;4;1;1;7;1;1;2;1;7;1;3;15;1;5"
"2",4,"fa3_native_fifo",16,"case_000048",21,20,1,0.36908799409866333,0.3734752029180527,2159.5579717581677,108.93948500869327,"fa3_native","fifo","fifo",128,1,"1;1;1;1;1;1;1;1;1;1;1;1;1;1;1;1;1;1;1;1;1"
"2",4,"fa3_native_fifo",16,"case_000049",21,21,0,0.09062399715185165,0.09193919971585274,930.8868993125881,456.18080529738927,"fa3_native","fifo","fifo",128,57,"3;17;4;5;1;1;6;1;4;1;2;3;3;2;1;3;1;3;1;5;2"
"2",4,"fa3_native_fifo",16,"case_000050",17,17,0,0.07726399973034859,0.08343360126018524,702.403355526559,344.5334449796015,"fa3_native","fifo","fifo",128,57,"7;2;2;1;3;7;3;2;3;12;12;1;3;1;5;2;2"
"2",4,"fa3_native_fifo",16,"case_000051",22,22,0,0.08632000163197517,0.08823040127754211,855.7853495294203,419.6745055039577,"fa3_native","fifo","fifo",128,57,"11;1;5;1;4;1;1;3;2;1;3;1;2;4;11;1;6;3;1;2;1;1"
"2",4,"fa3_native_fifo",16,"case_000052",23,23,0,0.09404800087213516,0.09951679706573487,1065.5885358823448,522.04422789115,"fa3_native","fifo","fifo",128,57,"4;1;1;1;4;10;3;9;2;1;3;4;1;3;6;2;2;2;3;1;2;3;2"
"2",4,"fa3_native_fifo",16,"case_000053",23,23,0,0.0963199995458126,0.0984799973666668,1130.3395136356517,553.6199361653571,"fa3_native","fifo","fifo",128,57,"1;1;4;9;8;1;3;2;5;2;2;2;3;1;2;3;2;5;3;3;2;2;2"
"2",4,"fa3_native_fifo",16,"case_000054",20,20,0,0.07662400230765343,0.08506880030035975,644.8227661303578,316.70911554010655,"fa3_native","fifo","fifo",128,46,"1;7;1;7;3;1;3;2;5;1;3;1;3;4;3;1;8;3;2;4"
"2",4,"fa3_native_fifo",16,"case_000055",19,19,0,0.081216000020504,0.08324479907751084,751.8419414965553,368.7722615302243,"fa3_native","fifo","fifo",128,57,"3;3;3;4;2;4;4;1;2;1;1;12;3;3;7;1;2;8;3"
"2",4,"fa3_native_fifo",16,"case_000056",12,12,0,0.06627199798822403,0.06908800303936005,458.9260593200208,225.3713250452169,"fa3_native","fifo","fifo",128,57,"13;3;6;1;21;4;2;4;1;1;4;3"
"2",4,"fa3_native_fifo",16,"case_000057",13,13,0,0.06644799932837486,0.06827839836478233,532.40899358264,261.35516758266164,"fa3_native","fifo","fifo",128,57,"2;5;17;3;2;4;1;3;2;1;9;5;5"
"2",4,"fa3_native_fifo",16,"case_000058",19,18,1,0.27456000447273254,0.2792223870754242,805.4750451534293,96.05221288747138,"fa3_native","fifo","fifo",128,1,"1;1;1;1;1;1;1;1;1;1;1;1;1;1;1;1;1;1;1"
"2",4,"fa3_native_fifo",16,"case_000059",24,24,0,0.10174399986863136,0.10299200192093849,1387.8992312306025,679.3609066799685,"fa3_native","fifo","fifo",128,57,"1;9;1;1;3;1;1;1;1;7;1;1;11;9;3;1;6;1;3;1;3;4;1;1"
"2",4,"fa3_native_fifo",16,"case_000060",29,28,1,0.24223999679088593,0.24541440457105637,1111.093852500111,205.9144016710816,"fa3_native","fifo","fifo",128,1,"1;1;1;1;1;1;1;1;1;1;1;1;1;1;1;1;1;1;1;1;1;1;1;1;1;1;1;1;1"
"2",4,"fa3_native_fifo",16,"case_000061",24,23,1,0.2982560098171234,0.30102078914642333,2544.3034536178952,72.32315624830565,"fa3_native","fifo","fifo",128,1,"1;1;1;1;1;1;1;1;1;1;1;1;1;1;1;1;1;1;1;1;1;1;1;1"
"2",4,"fa3_native_fifo",16,"case_000062",23,23,0,0.0820159986615181,0.08435520082712174,756.289735323353,371.27429400292533,"fa3_native","fifo","fifo",128,57,"2;1;1;2;1;2;2;5;5;3;15;1;4;2;5;5;1;1;2;1;2;4;2"
"2",4,"fa3_native_fifo",16,"case_000063",18,17,1,0.3470719903707504,0.351459202170372,3065.2352272148573,105.9210798334078,"fa3_native","fifo","fifo",128,1,"1;1;1;1;1;1;1;1;1;1;1;1;1;1;1;1;1;1"
"2",4,"fa3_native_fifo",16,"case_000064",18,18,0,0.0825280025601387,0.08409919962286949,883.894219963021,433.1384123098292,"fa3_native","fifo","fifo",128,57,"10;3;1;2;3;2;4;4;3;1;2;1;5;1;10;2;4;4"
"2",4,"fa3_native_fifo",16,"case_000065",23,23,0,0.08791999891400337,0.08951360285282135,827.4069183184841,405.8657011006458,"fa3_native","fifo","fifo",128,57,"4;1;5;4;5;5;3;2;3;1;3;2;1;1;2;2;2;3;10;3;2;1;1"
"2",4,"fa3_native_fifo",16,"case_000066",15,15,0,0.06803200021386147,0.0706976018846035,481.99670215368474,236.9162739495052,"fa3_native","fifo","fifo",128,44,"11;5;3;6;5;4;6;5;1;1;2;2;2;2;2"
"2",4,"fa3_native_fifo",16,"case_000067",12,12,0,0.06574400141835213,0.06843840256333351,674.1363923679304,330.4648261633687,"fa3_native","fifo","fifo",128,57,"15;5;3;5;1;2;3;4;7;6;3;7"
"2",4,"fa3_native_fifo",16,"case_000068",15,15,0,0.06747199967503548,0.06964480057358742,496.5571985025414,244.03889138166917,"fa3_native","fifo","fifo",128,43,"4;2;3;10;3;1;1;9;4;2;1;3;2;3;9"
"2",4,"fa3_native_fifo",16,"case_000069",12,12,0,0.062272001057863235,0.06372160091996193,553.5451334536382,271.65467164418214,"fa3_native","fifo","fifo",128,41,"7;1;10;6;2;6;5;3;6;3;5;3"
"2",4,"fa3_native_fifo",16,"case_000070",23,22,1,0.09057599678635597,0.09307520091533661,1009.5305413826156,449.0712047689785,"fa3_native","fifo","fifo",128,8,"8;4;1;1;2;3;2;1;1;2;1;2;1;6;2;1;1;8;1;1;4;1;1"
"2",4,"fa3_native_fifo",16,"case_000071",19,19,0,0.07513599842786789,0.07660160139203072,643.5063848445093,316.00852449966925,"fa3_native","fifo","fifo",128,54,"2;1;6;4;1;6;1;1;4;2;5;2;9;2;4;3;4;2;1"
"2",4,"fa3_native_fifo",16,"case_000072",13,13,0,0.06707199662923813,0.06851840019226074,431.5945255069533,212.11642287383634,"fa3_native","fifo","fifo",128,54,"1;16;5;4;10;2;3;1;2;1;1;13;1"
"2",4,"fa3_native_fifo",16,"case_000073",16,15,1,0.5109760165214539,0.5129023849964142,4152.79108015612,36.46768419162708,"fa3_native","fifo","fifo",128,1,"1;1;1;1;1;1;1;1;1;1;1;1;1;1;1;1"
"2",4,"fa3_native_fifo",16,"case_000074",16,15,1,0.6585759818553925,0.6675423860549927,4094.221839192513,48.14324371604836,"fa3_native","fifo","fifo",128,1,"1;1;1;1;1;1;1;1;1;1;1;1;1;1;1;1"
"2",4,"fa3_native_fifo",16,"case_000075",19,18,1,0.10823999717831612,0.10990400165319443,735.8704865890049,272.486038145505,"fa3_native","fifo","fifo",128,6,"3;1;2;3;3;1;2;3;1;2;3;3;1;3;3;1;1;2;1"
"2",4,"fa3_native_fifo",16,"case_000076",22,21,1,0.3039039969444275,0.31063360869884493,2566.701473421681,126.36116795470186,"fa3_native","fifo","fifo",128,1,"1;1;1;1;1;1;1;1;1;1;1;1;1;1;1;1;1;1;1;1;1;1"
"2",4,"fa3_native_fifo",16,"case_000077",15,15,0,0.07435199990868568,0.07610239833593369,703.0329632047151,344.7109967650776,"fa3_native","fifo","fifo",128,57,"31;2;3;1;2;1;1;6;6;1;1;2;1;1;4"
"2",4,"fa3_native_fifo",16,"case_000078",21,20,1,0.4306879937648773,0.4329088032245636,3725.10678221473,77.34928412744789,"fa3_native","fifo","fifo",128,1,"1;1;1;1;1;1;1;1;1;1;1;1;1;1;1;1;1;1;1;1;1"
"2",4,"fa3_native_fifo",16,"case_000079",25,25,0,0.0905120000243187,0.09219520166516304,906.1348302320574,444.41081833560753,"fa3_native","fifo","fifo",128,57,"1;2;10;1;1;1;3;5;5;2;1;5;1;2;2;1;1;2;3;1;1;1;2;11;3"
"2",4,"fa3_native_fifo",16,"case_000080",17,17,0,0.0772319994866848,0.08613760322332382,640.708764150683,314.40978041992076,"fa3_native","fifo","fifo",128,57,"5;2;5;3;2;4;1;1;6;5;5;1;2;2;16;1;2"
"2",4,"fa3_native_fifo",16,"case_000081",14,13,1,1.244335949420929,1.2532896161079408,4371.460720255962,27.496728689645717,"fa3_native","fifo","fifo",128,1,"1;1;1;1;1;1;1;1;1;1;1;1;1;1"
"2",4,"fa3_native_fifo",16,"case_000082",21,21,0,0.08129600062966347,0.08256960287690163,685.9498029925516,336.77149906449625,"fa3_native","fifo","fifo",128,57,"10;6;3;1;2;1;1;4;4;3;2;5;3;3;2;2;3;3;1;3;1"
"2",4,"fa3_native_fifo",16,"case_000083",16,16,0,0.0737600028514862,0.08182719722390175,620.7900914021911,304.66115958870535,"fa3_native","fifo","fifo",128,57,"1;2;2;1;4;3;3;5;8;14;10;1;5;1;5;1"
"2",4,"fa3_native_fifo",16,"case_000084",19,18,1,0.347120001912117,0.3517727881669998,3013.2528272825193,80.7518778681521,"fa3_native","fifo","fifo",128,1,"1;1;1;1;1;1;1;1;1;1;1;1;1;1;1;1;1;1;1"
"2",4,"fa3_native_fifo",16,"case_000085",13,13,0,0.07182400301098824,0.07679040208458901,827.4248136087327,405.30183197316984,"fa3_native","fifo","fifo",128,57,"2;8;3;19;1;2;5;2;3;5;4;7;2"
"2",4,"fa3_native_fifo",16,"case_000086",15,14,1,0.3513919860124588,0.3569951891899109,3057.6825856065625,119.27074511743142,"fa3_native","fifo","fifo",128,1,"1;1;1;1;1;1;1;1;1;1;1;1;1;1;1"
"2",4,"fa3_native_fifo",16,"case_000087",21,21,0,0.08552000299096107,0.08704639971256256,819.1861775239246,401.7376847336088,"fa3_native","fifo","fifo",128,57,"1;2;2;1;2;2;3;3;4;8;2;6;1;4;5;3;8;2;7;1;1"
"2",4,"fa3_native_fifo",16,"case_000088",12,12,0,0.06977600231766701,0.07097280323505402,555.95895608049,272.6860721165513,"fa3_native","fifo","fifo",128,57,"2;4;3;2;8;14;3;12;1;15;1;1"
"2",4,"fa3_native_fifo",16,"case_000089",12,11,1,0.4660959988832474,0.46864320039749147,3978.1098433167517,46.212763146665544,"fa3_native","fifo","fifo",128,1,"1;1;1;1;1;1;1;1;1;1;1;1"
"2",4,"fa3_native_fifo",16,"case_000090",15,15,0,0.07316799834370613,0.07468160167336464,659.4067518610781,323.43232746144463,"fa3_native","fifo","fifo",128,57,"11;14;2;1;10;6;5;1;1;2;1;1;2;2;2"
"2",4,"fa3_native_fifo",16,"case_000091",19,19,0,0.07344000041484833,0.07484160289168358,651.3853592834133,319.8971659489542,"fa3_native","fifo","fifo",128,52,"2;2;1;1;2;2;1;3;3;1;4;2;9;3;3;7;9;3;1"
"2",4,"fa3_native_fifo",16,"case_000092",15,14,1,0.470320001244545,0.47473918795585635,3975.5309094324566,62.02905239581998,"fa3_native","fifo","fifo",128,1,"1;1;1;1;1;1;1;1;1;1;1;1;1;1;1"
"2",4,"fa3_native_fifo",16,"case_000093",19,18,1,0.34219199419021606,0.3452895939350128,3064.7932217170082,85.8921789492887,"fa3_native","fifo","fifo",128,1,"1;1;1;1;1;1;1;1;1;1;1;1;1;1;1;1;1;1;1"
"2",4,"fa3_native_fifo",16,"case_000094",31,31,0,0.09577599912881851,0.09877440184354783,1006.5389787512333,493.77347592472347,"fa3_native","fifo","fifo",128,57,"1;2;1;10;2;1;1;3;4;1;2;1;1;1;1;5;3;1;1;2;6;1;1;5;4;3;2;1;1;3;1"
"2",4,"fa3_native_fifo",16,"case_000095",20,19,1,0.22227199375629425,0.2289823994040489,2132.2876729114632,119.78865870611295,"fa3_native","fifo","fifo",128,3,"1;1;1;1;1;1;1;1;1;1;1;1;1;1;1;1;1;1;1;1"
"2",4,"fa3_native_fifo",16,"case_000096",12,12,0,0.06255999952554703,0.06372160091996193,394.5107999229032,193.99488638173673,"fa3_native","fifo","fifo",128,57,"1;3;1;19;3;4;3;1;4;8;2;1"
"2",4,"fa3_native_fifo",16,"case_000097",12,12,0,0.06446399912238121,0.0668256014585495,447.3413572939188,219.75080964348223,"fa3_native","fifo","fifo",128,57,"1;3;2;4;3;1;8;1;1;1;8;26"
"2",4,"fa3_native_fifo",16,"case_000098",23,22,1,0.2748960107564926,0.27747839093208315,943.823880186563,148.44956057273805,"fa3_native","fifo","fifo",128,2,"1;1;1;1;1;1;1;1;1;1;1;1;1;1;1;1;1;1;1;1;1;1;1"
"2",4,"fa3_native_fifo",16,"case_000099",22,20,2,0.4066080003976822,0.40929600298404695,2705.9045041807094,103.83756335021852,"fa3_native","fifo","fifo",128,1,"1;1;1;1;1;1;1;1;1;1;1;1;1;1;1;1;1;1;1;1;1;1"
"2",4,"critical_wave_fifo",16,"case_000000",19,19,0,0.11342399939894676,0.11638079956173897,906.0324313776073,443.5886608356292,"critical_wave","fifo","fifo_critical_wave",128,4,"1;4;3;1;3;1;1;1;1;1;1;1;1;1;1;1;1;1;1"
"2",4,"critical_wave_fifo",16,"case_000001",14,14,0,0.07311999797821045,0.07411199808120728,405.30503702737263,199.26302520333564,"critical_wave","fifo","fifo_critical_wave",128,3,"1;2;3;1;1;1;1;1;1;1;1;1;1;1"
"2",4,"critical_wave_fifo",16,"case_000002",14,14,0,0.088128000497818,0.10382400304079056,1107.6184803082742,541.9578763866605,"critical_wave","fifo","fifo_critical_wave",128,15,"4;3;1;3;11;5;2;1;1;2;13;1;15;1"
"2",4,"critical_wave_fifo",16,"case_000003",8,8,0,0.05392000079154968,0.05673599950969219,341.9491463154722,168.02136251859687,"critical_wave","fifo","fifo_critical_wave",128,6,"6;2;1;1;1;3;2;1"
"2",4,"critical_wave_fifo",16,"case_000004",11,11,0,0.07395199686288834,0.07784320265054703,419.84976597138143,206.06145400310731,"critical_wave","fifo","fifo_critical_wave",128,2,"1;2;2;1;1;1;1;2;1;1;2"
"2",4,"critical_wave_fifo",16,"case_000005",12,12,0,0.07294399663805962,0.07507839798927307,529.3983661412282,259.6639733627824,"critical_wave","fifo","fifo_critical_wave",128,6,"2;1;1;1;1;1;6;1;1;1;1;1"
"2",4,"critical_wave_fifo",16,"case_000006",10,10,0,0.07979199662804604,0.0808831974864006,624.6420797356168,305.8913303520589,"critical_wave","fifo","fifo_critical_wave",128,5,"1;1;1;5;1;1;1;3;1;2"
"2",4,"critical_wave_fifo",16,"case_000007",15,13,2,1.242688000202179,1.2484703540802002,4091.056300101775,37.1779368534044,"critical_wave","fifo","fifo_critical_wave",176,1,"1;1;1;1;1;1;1;1;1;1;1;1;1;1;1"
"2",4,"critical_wave_fifo",16,"case_000008",12,11,1,0.1852799952030182,0.1928512006998062,674.5418896576273,117.7443899223753,"critical_wave","fifo","fifo_critical_wave",176,1,"1;1;1;1;1;1;1;1;1;1;1;1"
"2",4,"critical_wave_fifo",16,"case_000009",26,26,0,0.08910400047898293,0.09056319668889046,874.7361360771271,429.1901575061192,"critical_wave","fifo","fifo_critical_wave",128,9,"2;1;5;3;2;7;1;1;2;9;6;1;3;1;6;2;6;1;5;1;2;1;2;1;1;1"
"2",4,"critical_wave_fifo",16,"case_000010",24,24,0,0.09512000158429146,0.09657599776983261,776.4968617514998,380.9412888612066,"critical_wave","fifo","fifo_critical_wave",128,2,"1;1;2;1;1;1;1;1;1;1;2;1;1;1;1;1;1;1;1;1;1;1;2;1"
"2",4,"critical_wave_fifo",16,"case_000011",15,12,3,0.9291360080242157,0.9317568242549896,3547.0616967006035,26.398580819354855,"critical_wave","fifo","fifo_critical_wave",176,1,"1;1;1;1;1;1;1;1;1;1;1;1;1;1;1"
"2",4,"critical_wave_fifo",16,"case_000012",17,16,1,0.4851839989423752,0.487059211730957,3854.2522621940393,60.4094447959754,"critical_wave","fifo","fifo_critical_wave",176,1,"1;1;1;1;1;1;1;1;1;1;1;1;1;1;1;1;1"
"2",4,"critical_wave_fifo",16,"case_000013",17,17,0,0.08409599959850311,0.08542080223560333,537.2976342242595,263.78843352728114,"critical_wave","fifo","fifo_critical_wave",128,2,"1;1;1;1;1;1;1;1;1;2;2;1;1;2;1;1;1"
"2",4,"critical_wave_fifo",16,"case_000014",18,18,0,0.08721600100398064,0.09240640178322793,512.5387635000574,251.72922109783454,"critical_wave","fifo","fifo_critical_wave",128,2,"1;1;1;1;1;1;1;1;2;1;1;1;1;1;2;1;1;1"
"2",4,"critical_wave_fifo",16,"case_000015",16,15,1,0.48107200860977173,0.4828607887029648,3888.5118580353887,61.553196756495964,"critical_wave","fifo","fifo_critical_wave",176,1,"1;1;1;1;1;1;1;1;1;1;1;1;1;1;1;1"
"2",4,"critical_wave_fifo",16,"case_000016",22,21,1,0.22527999430894852,0.2283551961183548,1045.5115900482078,148.32954920166503,"critical_wave","fifo","fifo_critical_wave",176,1,"1;1;1;1;1;1;1;1;1;1;1;1;1;1;1;1;1;1;1;1;1;1"
"2",4,"critical_wave_fifo",16,"case_000017",14,14,0,0.07715199887752533,0.07940480038523674,524.2200524215021,257.2559141534017,"critical_wave","fifo","fifo_critical_wave",128,3,"3;1;1;2;1;1;1;1;1;1;1;1;1;1"
"2",4,"critical_wave_fifo",16,"case_000018",22,22,0,0.09328000247478485,0.09456319734454155,596.6839059534274,293.02503510748375,"critical_wave","fifo","fifo_critical_wave",128,5,"1;1;1;1;1;1;1;1;1;1;1;1;1;1;1;5;1;1;1;1;1;1"
"2",4,"critical_wave_fifo",16,"case_000019",16,16,0,0.08128000050783157,0.08279359713196754,461.1031656229977,226.5464552774675,"critical_wave","fifo","fifo_critical_wave",128,3,"3;1;1;1;1;1;1;1;1;2;1;1;1;1;1;1"
"2",4,"critical_wave_fifo",16,"case_000020",13,13,0,0.07286400347948074,0.07674880251288414,373.52388203133023,183.65216514308614,"critical_wave","fifo","fifo_critical_wave",128,3,"1;1;1;1;1;1;1;1;2;3;1;2;1"
"2",4,"critical_wave_fifo",16,"case_000021",12,12,0,0.06755200028419495,0.07210879772901535,546.5899512769703,268.1515857974993,"critical_wave","fifo","fifo_critical_wave",128,16,"2;7;4;2;9;8;1;16;1;1;8;2"
"2",4,"critical_wave_fifo",16,"case_000022",11,11,0,0.0809599980711937,0.08231040090322495,443.4996722260989,217.51779174344972,"critical_wave","fifo","fifo_critical_wave",128,5,"1;1;1;5;1;1;1;1;1;1;1"
"2",4,"critical_wave_fifo",16,"case_000023",16,15,1,0.6396479904651642,0.6921344041824341,4233.546279926098,58.44054316940096,"critical_wave","fifo","fifo_critical_wave",176,1,"1;1;1;1;1;1;1;1;1;1;1;1;1;1;1;1"
"2",4,"critical_wave_fifo",16,"case_000024",15,15,0,0.10188800096511841,0.11527039855718614,659.8535012873276,323.23994668690307,"critical_wave","fifo","fifo_critical_wave",128,3,"3;1;1;3;1;1;1;1;2;1;1;2;1;1;1"
"2",4,"critical_wave_fifo",16,"case_000025",18,18,0,0.0981920026242733,0.10985599756240846,655.9072726772044,321.5694879024134,"critical_wave","fifo","fifo_critical_wave",128,3,"1;2;1;1;1;1;1;1;3;2;1;1;1;1;1;1;1;1"
"2",4,"critical_wave_fifo",16,"case_000026",20,20,0,0.0801599994301796,0.08181759715080261,586.9069327149643,288.3481058421486,"critical_wave","fifo","fifo_critical_wave",128,2,"1;1;1;2;1;2;1;1;2;1;1;1;1;1;1;1;1;1;1;1"
"2",4,"critical_wave_fifo",16,"case_000027",18,18,0,0.07919999957084656,0.08126720041036606,459.6026465308088,226.02990021466553,"critical_wave","fifo","fifo_critical_wave",128,2,"1;1;1;1;2;1;1;1;1;1;2;1;1;1;1;1;1;1"
"2",4,"critical_wave_fifo",16,"case_000028",19,19,0,0.09592000022530556,0.09718720242381096,1170.2261723972222,572.8066708813957,"critical_wave","fifo","fifo_critical_wave",128,13,"2;1;6;3;6;2;1;1;2;13;4;1;2;3;1;3;1;12;1"
"2",4,"critical_wave_fifo",16,"case_000029",18,18,0,0.09388799965381622,0.10335679724812508,605.7780199568691,297.15201200227085,"critical_wave","fifo","fifo_critical_wave",128,2,"1;2;1;1;1;1;2;1;1;1;1;1;1;1;1;1;1;1"
"2",4,"critical_wave_fifo",16,"case_000030",22,22,0,0.08817600086331367,0.09616960138082505,811.3483963385936,397.93866422217053,"critical_wave","fifo","fifo_critical_wave",128,7,"1;1;1;1;1;1;1;1;1;1;1;1;7;2;1;1;1;1;1;1;1;1"
"2",4,"critical_wave_fifo",16,"case_000031",10,10,0,0.08222400024533272,0.08365760296583176,534.5411496018141,261.87040202075576,"critical_wave","fifo","fifo_critical_wave",128,3,"3;1;1;1;1;1;1;1;3;3"
"2",4,"critical_wave_fifo",16,"case_000032",18,18,0,0.08419200032949448,0.08560000285506249,670.448721055336,328.88635371096734,"critical_wave","fifo","fifo_critical_wave",128,5,"2;1;1;1;1;5;2;1;1;1;1;1;1;1;1;1;1;1"
"2",4,"critical_wave_fifo",16,"case_000033",15,15,0,0.07088000327348709,0.07244799956679344,744.2533362823972,364.9083352917223,"critical_wave","fifo","fifo_critical_wave",128,10,"2;4;3;3;6;1;3;9;5;3;10;2;4;3;6"
"2",4,"critical_wave_fifo",16,"case_000034",19,19,0,0.0949920006096363,0.09814400002360345,745.8528259358792,365.6068698112765,"critical_wave","fifo","fifo_critical_wave",128,5,"1;1;1;1;1;1;2;1;1;1;1;1;1;5;1;1;1;1;1"
"2",4,"critical_wave_fifo",16,"case_000035",17,16,1,0.315760001540184,0.32297280728816985,2705.954362276198,57.18003519106987,"critical_wave","fifo","fifo_critical_wave",176,1,"1;1;1;1;1;1;1;1;1;1;1;1;1;1;1;1;1"
"2",4,"critical_wave_fifo",16,"case_000036",23,22,1,0.1879199966788292,0.19027840346097946,2799.541592601936,140.56773343363906,"critical_wave","fifo","fifo_critical_wave",176,1,"1;1;1;1;1;1;1;1;1;1;1;1;1;1;1;1;1;1;1;1;1;1;1"
"2",4,"critical_wave_fifo",16,"case_000037",17,17,0,0.0958079993724823,0.09796480014920235,557.5225153416756,273.4883117445177,"critical_wave","fifo","fifo_critical_wave",128,2,"2;1;1;1;1;2;1;1;1;1;1;1;2;1;1;1;1"
"2",4,"critical_wave_fifo",16,"case_000038",15,15,0,0.09609600156545639,0.0987967997789383,514.4742320451738,252.3170122066342,"critical_wave","fifo","fifo_critical_wave",128,2,"2;1;2;1;1;1;1;1;1;1;1;1;1;1;1"
"2",4,"critical_wave_fifo",16,"case_000039",25,25,0,0.11563200131058693,0.11768320202827454,1512.47306214346,740.0481443726873,"critical_wave","fifo","fifo_critical_wave",128,11,"4;3;1;1;1;1;3;7;2;1;1;2;1;1;3;11;1;1;2;11;2;1;3;2;4"
"2",4,"critical_wave_fifo",16,"case_000040",16,16,0,0.08300799876451492,0.09362239763140678,508.54825120836273,249.68388960679354,"critical_wave","fifo","fifo_critical_wave",128,3,"1;1;1;2;3;2;1;1;1;1;1;1;1;1;1;1"
"2",4,"critical_wave_fifo",16,"case_000041",24,24,0,0.0965919978916645,0.09801600128412247,660.2532315723386,324.15438839061414,"critical_wave","fifo","fifo_critical_wave",128,3,"1;1;1;1;1;1;1;1;3;1;1;1;1;1;1;1;1;1;1;1;2;1;1;2"
"2",4,"critical_wave_fifo",16,"case_000042",23,22,1,0.3303520083427429,0.333500811457634,2855.351741519756,84.91809733723466,"critical_wave","fifo","fifo_critical_wave",176,1,"1;1;1;1;1;1;1;1;1;1;1;1;1;1;1;1;1;1;1;1;1;1;1"
"2",4,"critical_wave_fifo",16,"case_000043",13,13,0,0.060975998640060425,0.06262720003724098,675.9120255707084,331.5497318762727,"critical_wave","fifo","fifo_critical_wave",128,13,"2;6;2;2;4;6;8;4;2;4;3;2;13"
"2",4,"critical_wave_fifo",16,"case_000044",16,16,0,0.10974400117993355,0.11197120323777199,430.6156582947782,211.29727138324884,"critical_wave","fifo","fifo_critical_wave",176,1,"1;1;1;1;1;1;1;1;1;1;1;1;1;1;1;1"
"2",4,"critical_wave_fifo",16,"case_000045",7,6,1,0.19678399711847305,0.20302399694919587,2263.46448651432,64.03252390698148,"critical_wave","fifo","fifo_critical_wave",176,1,"1;1;1;1;1;1;1"
"2",4,"critical_wave_fifo",16,"case_000046",13,13,0,0.06468800082802773,0.06987200155854226,448.0150642627861,220.18500831190806,"critical_wave","fifo","fifo_critical_wave",128,5,"1;1;5;1;2;1;1;1;1;1;1;2;1"
"2",4,"critical_wave_fifo",16,"case_000047",16,16,0,0.07657600194215775,0.07879359647631645,379.7486573138869,186.90847833517358,"critical_wave","fifo","fifo_critical_wave",128,2,"2;1;1;1;1;1;1;1;1;1;1;1;1;2;1;1"
"2",4,"critical_wave_fifo",16,"case_000048",21,20,1,0.31511999666690826,0.3204896092414856,2529.407617310065,127.5966502452759,"critical_wave","fifo","fifo_critical_wave",128,2,"1;1;1;1;2;1;1;1;1;1;1;1;1;1;1;1;1;1;1;1;1"
"2",4,"critical_wave_fifo",16,"case_000049",21,21,0,0.10520000010728836,0.10703360214829445,801.9077150757095,392.9746003596806,"critical_wave","fifo","fifo_critical_wave",128,4,"1;4;1;1;1;1;2;1;1;1;1;1;1;1;1;1;1;1;1;2;1"
"2",4,"critical_wave_fifo",16,"case_000050",17,17,0,0.07638400048017502,0.07876480296254158,710.4955531372773,348.5027208925652,"critical_wave","fifo","fifo_critical_wave",128,12,"7;2;2;1;3;7;3;2;3;12;12;1;3;1;5;2;2"
"2",4,"critical_wave_fifo",16,"case_000051",22,22,0,0.10836799815297127,0.11179840043187142,681.6716560891327,334.28968530786443,"critical_wave","fifo","fifo_critical_wave",128,3,"3;1;1;1;1;1;1;1;1;1;1;1;1;1;2;1;2;1;1;1;1;1"
"2",4,"critical_wave_fifo",16,"case_000052",23,23,0,0.10454399883747101,0.10582080036401749,958.6056843664571,469.63208358165855,"critical_wave","fifo","fifo_critical_wave",128,3,"1;1;1;1;1;3;1;3;1;1;1;1;1;1;2;1;1;1;1;1;1;1;1"
"2",4,"critical_wave_fifo",16,"case_000053",23,23,0,0.0957919992506504,0.09908160120248795,1136.5698836195943,556.6714591734334,"critical_wave","fifo","fifo_critical_wave",128,9,"1;1;4;9;8;1;3;2;5;2;2;2;3;1;2;3;2;5;3;3;2;2;2"
"2",4,"critical_wave_fifo",16,"case_000054",20,20,0,0.08299199864268303,0.08553920239210129,595.345357722098,292.40794771653015,"critical_wave","fifo","fifo_critical_wave",128,2,"1;2;1;2;1;1;1;1;1;1;1;1;1;1;1;1;2;1;1;1"
"2",4,"critical_wave_fifo",16,"case_000055",19,19,0,0.08499199897050858,0.08614720031619072,718.4393340035195,352.38855848528095,"critical_wave","fifo","fifo_critical_wave",128,3,"1;1;1;1;1;1;1;1;1;1;1;3;1;1;2;1;1;2;1"
"2",4,"critical_wave_fifo",16,"case_000056",12,12,0,0.06147199869155884,0.06368319988250733,494.7609891880148,242.96929200141565,"critical_wave","fifo","fifo_critical_wave",128,6,"4;1;2;1;6;1;1;1;1;1;1;1"
"2",4,"critical_wave_fifo",16,"case_000057",13,13,0,0.07072000205516815,0.07159680128097534,500.2476162317171,245.5674136781345,"critical_wave","fifo","fifo_critical_wave",128,4,"1;1;4;1;1;1;1;1;1;1;2;1;1"
"2",4,"critical_wave_fifo",16,"case_000058",19,18,1,0.2077919989824295,0.21056960076093673,1064.29137350327,126.91583953735378,"critical_wave","fifo","fifo_critical_wave",128,2,"1;1;1;1;1;1;1;1;2;1;1;1;1;1;1;1;1;1;1"
"2",4,"critical_wave_fifo",16,"case_000059",24,24,0,0.10129599645733833,0.10329919680953026,1394.0375151891808,682.3655269446987,"critical_wave","fifo","fifo_critical_wave",128,11,"1;9;1;1;3;1;1;1;1;7;1;1;11;9;3;1;6;1;3;1;3;4;1;1"
"2",4,"critical_wave_fifo",16,"case_000060",29,28,1,0.22177600115537643,0.22614719420671464,1213.6181095421246,224.91479574047122,"critical_wave","fifo","fifo_critical_wave",128,2,"1;2;1;1;1;1;1;1;1;1;1;1;1;1;1;1;1;1;1;1;1;1;1;1;1;1;1;1;1"
"2",4,"critical_wave_fifo",16,"case_000061",24,23,1,0.3083840012550354,0.3129088133573532,2460.7430760080947,69.9479088156743,"critical_wave","fifo","fifo_critical_wave",176,1,"1;1;1;1;1;1;1;1;1;1;1;1;1;1;1;1;1;1;1;1;1;1;1;1"
"2",4,"critical_wave_fifo",16,"case_000062",23,23,0,0.09427200257778168,0.09541120305657387,657.9669066520809,323.0061011473268,"critical_wave","fifo","fifo_critical_wave",128,3,"1;1;1;1;1;1;1;1;1;1;3;1;1;1;1;1;1;1;1;1;1;1;1"
"2",4,"critical_wave_fifo",16,"case_000063",18,17,1,0.35758399963378906,0.3616959899663925,2975.1255435185117,102.8072845475445,"critical_wave","fifo","fifo_critical_wave",176,1,"1;1;1;1;1;1;1;1;1;1;1;1;1;1;1;1;1;1"
"2",4,"critical_wave_fifo",16,"case_000064",18,18,0,0.09479999914765358,0.09720000252127647,769.472838648285,377.0680202678542,"critical_wave","fifo","fifo_critical_wave",128,3,"3;1;1;1;1;1;1;1;1;1;1;1;2;1;3;1;1;1"
"2",4,"critical_wave_fifo",16,"case_000065",23,23,0,0.09865599870681763,0.09978559985756874,737.3663671094428,361.6983505082502,"critical_wave","fifo","fifo_critical_wave",128,3,"1;1;1;1;2;2;1;1;1;1;1;1;1;1;1;1;1;1;3;1;1;1;1"
"2",4,"critical_wave_fifo",16,"case_000066",15,15,0,0.07534400001168251,0.0769759975373745,435.219788422642,213.9239753331497,"critical_wave","fifo","fifo_critical_wave",128,2,"2;1;1;1;1;1;2;1;1;1;1;1;1;1;1"
"2",4,"critical_wave_fifo",16,"case_000067",12,12,0,0.06543999910354614,0.06691520288586617,677.268101209346,332.0000045480239,"critical_wave","fifo","fifo_critical_wave",128,15,"15;5;3;5;1;2;3;4;7;6;3;7"
"2",4,"critical_wave_fifo",16,"case_000068",15,15,0,0.0679200030863285,0.06932159885764122,493.2818847698772,242.42919982013913,"critical_wave","fifo","fifo_critical_wave",128,3,"1;1;1;3;1;1;1;2;1;1;1;1;1;1;2"
"2",4,"critical_wave_fifo",16,"case_000069",12,12,0,0.07796799764037132,0.0795552022755146,442.1091239895004,216.96696737073515,"critical_wave","fifo","fifo_critical_wave",128,2,"2;1;2;1;1;1;1;1;1;1;1;1"
"2",4,"critical_wave_fifo",16,"case_000070",23,22,1,0.09028800204396248,0.09169599786400795,1012.7506756376885,450.50362262080785,"critical_wave","fifo","fifo_critical_wave",128,8,"8;4;1;1;2;3;2;1;1;2;1;2;1;6;2;1;1;8;1;1;4;1;1"
"2",4,"critical_wave_fifo",16,"case_000071",19,19,0,0.08881599828600883,0.0901792012155056,544.3894754670189,267.33489977267226,"critical_wave","fifo","fifo_critical_wave",128,2,"1;1;1;1;1;1;1;1;1;1;1;1;2;1;1;1;1;1;1"
"2",4,"critical_wave_fifo",16,"case_000072",13,13,0,0.06894400343298912,0.07172480151057244,419.87562541441673,206.3569170860256,"critical_wave","fifo","fifo_critical_wave",128,3,"1;3;1;1;2;1;1;1;1;1;1;3;1"
"2",4,"critical_wave_fifo",16,"case_000073",16,15,1,0.5222559869289398,0.5238464117050171,4063.096827404536,35.680035205676695,"critical_wave","fifo","fifo_critical_wave",176,1,"1;1;1;1;1;1;1;1;1;1;1;1;1;1;1;1"
"2",4,"critical_wave_fifo",16,"case_000074",16,15,1,0.6622399985790253,0.6928704023361206,4071.5694815559273,47.876878575791004,"critical_wave","fifo","fifo_critical_wave",176,1,"1;1;1;1;1;1;1;1;1;1;1;1;1;1;1;1"
"2",4,"critical_wave_fifo",16,"case_000075",19,18,1,0.10411200299859047,0.10526079684495926,765.0474210267413,283.28998723038023,"critical_wave","fifo","fifo_critical_wave",128,3,"3;1;2;3;3;1;2;3;1;2;3;3;1;3;3;1;1;2;1"
"2",4,"critical_wave_fifo",16,"case_000076",22,21,1,0.3132160007953644,0.3171263873577118,2490.3926835003012,122.60441325629859,"critical_wave","fifo","fifo_critical_wave",176,1,"1;1;1;1;1;1;1;1;1;1;1;1;1;1;1;1;1;1;1;1;1;1"
"2",4,"critical_wave_fifo",16,"case_000077",15,15,0,0.07147200033068657,0.07338239923119545,731.3620239275297,358.6012967513903,"critical_wave","fifo","fifo_critical_wave",128,11,"11;1;1;1;1;1;1;2;2;1;1;1;1;1;2"
"2",4,"critical_wave_fifo",16,"case_000078",21,20,1,0.43668800592422485,0.4462655991315842,3673.9245063451367,76.28651931828102,"critical_wave","fifo","fifo_critical_wave",176,1,"1;1;1;1;1;1;1;1;1;1;1;1;1;1;1;1;1;1;1;1;1"
"2",4,"critical_wave_fifo",16,"case_000079",25,25,0,0.09030400216579437,0.09268799796700478,908.2219371121771,445.4344329739614,"critical_wave","fifo","fifo_critical_wave",128,11,"1;2;10;1;1;1;3;5;5;2;1;5;1;2;2;1;1;2;3;1;1;1;2;11;3"
"2",4,"critical_wave_fifo",16,"case_000080",17,17,0,0.08404799923300743,0.09381120279431344,588.7495168899499,288.9122432609169,"critical_wave","fifo","fifo_critical_wave",128,4,"1;1;1;1;1;1;1;1;2;1;1;1;1;1;4;1;1"
"2",4,"critical_wave_fifo",16,"case_000081",14,13,1,1.232912003993988,1.2484863638877868,4411.965905169762,27.751508533586183,"critical_wave","fifo","fifo_critical_wave",176,1,"1;1;1;1;1;1;1;1;1;1;1;1;1;1"
"2",4,"critical_wave_fifo",16,"case_000082",21,21,0,0.07924799993634224,0.09152959883213044,703.6767572783475,345.47466209862887,"critical_wave","fifo","fifo_critical_wave",128,3,"3;2;1;1;1;1;1;1;1;1;1;2;1;1;1;1;1;1;1;1;1"
"2",4,"critical_wave_fifo",16,"case_000083",16,16,0,0.08012799918651581,0.08205119892954826,571.4541655459881,280.44888463634106,"critical_wave","fifo","fifo_critical_wave",128,3,"1;1;1;1;1;1;1;1;2;3;2;1;1;1;1;1"
"2",4,"critical_wave_fifo",16,"case_000084",19,18,1,0.3535839915275574,0.3590271919965744,2958.1665240251145,79.27562523094423,"critical_wave","fifo","fifo_critical_wave",176,1,"1;1;1;1;1;1;1;1;1;1;1;1;1;1;1;1;1;1;1"
"2",4,"critical_wave_fifo",16,"case_000085",13,13,0,0.0854720026254654,0.08753280267119408,695.3032628054257,340.58404045545194,"critical_wave","fifo","fifo_critical_wave",128,5,"1;2;1;5;1;1;1;1;1;1;1;2;1"
"2",4,"critical_wave_fifo",16,"case_000086",15,14,1,0.36156800389289856,0.3656735897064209,2971.626761172887,115.91397344001311,"critical_wave","fifo","fifo_critical_wave",176,1,"1;1;1;1;1;1;1;1;1;1;1;1;1;1;1"
"2",4,"critical_wave_fifo",16,"case_000087",21,21,0,0.1117440015077591,0.11283520236611366,626.9401793986724,307.4581860003859,"critical_wave","fifo","fifo_critical_wave",128,2,"1;1;1;1;1;1;1;1;1;2;1;1;1;1;1;1;2;1;2;1;1"
"2",4,"critical_wave_fifo",16,"case_000088",12,12,0,0.0756480023264885,0.07819199934601784,512.803936851834,251.51945080957714,"critical_wave","fifo","fifo_critical_wave",128,3,"1;1;1;1;2;3;1;2;1;3;1;1"
"2",4,"critical_wave_fifo",16,"case_000089",12,11,1,0.4719040095806122,0.4811776101589203,3929.148817226277,45.64399446222662,"critical_wave","fifo","fifo_critical_wave",176,1,"1;1;1;1;1;1;1;1;1;1;1;1"
"2",4,"critical_wave_fifo",16,"case_000090",15,15,0,0.0902400016784668,0.09168639779090881,534.6572609773442,262.24396675345974,"critical_wave","fifo","fifo_critical_wave",128,3,"2;3;1;1;2;1;1;1;1;1;1;1;1;1;1"
"2",4,"critical_wave_fifo",16,"case_000091",19,19,0,0.08214399963617325,0.08327040076255798,582.3643999303631,286.0007803863305,"critical_wave","fifo","fifo_critical_wave",128,2,"1;1;1;1;1;1;1;1;1;1;1;1;2;1;1;2;2;1;1"
"2",4,"critical_wave_fifo",16,"case_000092",15,14,1,0.4789600074291229,0.48078079521656036,3903.8159204736758,60.91010428322062,"critical_wave","fifo","fifo_critical_wave",176,1,"1;1;1;1;1;1;1;1;1;1;1;1;1;1;1"
"2",4,"critical_wave_fifo",16,"case_000093",19,18,1,0.35147199034690857,0.3540960133075714,2983.87277826853,83.62434790604507,"critical_wave","fifo","fifo_critical_wave",176,1,"1;1;1;1;1;1;1;1;1;1;1;1;1;1;1;1;1;1;1"
"2",4,"critical_wave_fifo",16,"case_000094",31,31,0,0.09505600109696388,0.09643839672207832,1014.1629696126478,497.5135441660243,"critical_wave","fifo","fifo_critical_wave",128,10,"1;2;1;10;2;1;1;3;4;1;2;1;1;1;1;5;3;1;1;2;6;1;1;5;4;3;2;1;1;3;1"
"2",4,"critical_wave_fifo",16,"case_000095",20,19,1,0.21003200113773346,0.2118207961320877,2256.550572068289,126.76955823764965,"critical_wave","fifo","fifo_critical_wave",176,1,"1;1;1;1;1;1;1;1;1;1;1;1;1;1;1;1;1;1;1;1"
"2",4,"critical_wave_fifo",16,"case_000096",12,12,0,0.060095999389886856,0.061507198959589005,410.68616391382164,201.9488838393848,"critical_wave","fifo","fifo_critical_wave",128,6,"1;1;1;6;1;1;1;1;1;2;1;1"
"2",4,"critical_wave_fifo",16,"case_000097",12,12,0,0.07868800312280655,0.08370560184121133,366.4778837886395,180.02764637312535,"critical_wave","fifo","fifo_critical_wave",128,4,"1;1;1;1;1;1;1;1;1;1;1;4"
"2",4,"critical_wave_fifo",16,"case_000098",23,22,1,0.16486400365829468,0.16661439538002015,1573.7420768802633,247.5263920229736,"critical_wave","fifo","fifo_critical_wave",128,2,"1;1;1;1;1;1;1;1;1;1;2;1;1;1;1;1;1;1;1;1;1;1;1"
"2",4,"critical_wave_fifo",16,"case_000099",22,20,2,0.41065599024295807,0.4157247990369797,2679.2313903933536,102.81399761153006,"critical_wave","fifo","fifo_critical_wave",176,1,"1;1;1;1;1;1;1;1;1;1;1;1;1;1;1;1;1;1;1;1;1;1"
"2",4,"critical_wave_release_lpt",16,"case_000000",19,19,0,0.13543999940156937,0.14300799369812012,758.7553337718726,371.48257695146594,"critical_wave","release_lpt","release_lpt_critical_wave",128,4,"1;4;3;1;3;1;1;1;1;1;1;1;1;1;1;1;1;1;1"
"2",4,"critical_wave_release_lpt",16,"case_000001",14,14,0,0.07407999783754349,0.07516799867153168,400.0527045504397,196.68078327907185,"critical_wave","release_lpt","release_lpt_critical_wave",128,3,"1;2;3;1;1;1;1;1;1;1;1;1;1;1"
"2",4,"critical_wave_release_lpt",16,"case_000002",14,14,0,0.08710400015115738,0.08997119963169098,1120.6397159097978,548.329168776589,"critical_wave","release_lpt","release_lpt_critical_wave",128,15,"4;3;1;3;11;5;2;1;1;2;13;1;15;1"
"2",4,"critical_wave_release_lpt",16,"case_000003",8,8,0,0.05363199859857559,0.05546880103647709,343.78540277799175,168.92363209900248,"critical_wave","release_lpt","release_lpt_critical_wave",128,6,"6;2;1;1;1;3;2;1"
"2",4,"critical_wave_release_lpt",16,"case_000004",11,11,0,0.07169600203633308,0.07469440251588821,433.0608080526661,212.54540793331225,"critical_wave","release_lpt","release_lpt_critical_wave",128,2,"1;2;2;1;1;1;1;2;1;1;2"
"2",4,"critical_wave_release_lpt",16,"case_000005",12,12,0,0.07407999783754349,0.0759487971663475,521.2801534455408,255.68208089769684,"critical_wave","release_lpt","release_lpt_critical_wave",128,6,"2;1;1;1;1;1;6;1;1;1;1;1"
"2",4,"critical_wave_release_lpt",16,"case_000006",10,10,0,0.0793440006673336,0.08257280215620995,628.1689642670112,307.618468878754,"critical_wave","release_lpt","release_lpt_critical_wave",128,5,"1;1;1;5;1;1;1;3;1;2"
"2",4,"critical_wave_release_lpt",16,"case_000007",15,13,2,1.233247995376587,1.2377408504486085,4122.371648968761,37.462518628211605,"critical_wave","release_lpt","release_lpt_critical_wave",176,1,"1;1;1;1;1;1;1;1;1;1;1;1;1;1;1"
"2",4,"critical_wave_release_lpt",16,"case_000008",12,11,1,0.18507199734449387,0.18713919520378114,675.2999906699191,117.87671994154897,"critical_wave","release_lpt","release_lpt_critical_wave",176,1,"1;1;1;1;1;1;1;1;1;1;1;1"
"2",4,"critical_wave_release_lpt",16,"case_000009",26,26,0,0.11905599758028984,0.12080000340938568,654.6708328191244,321.2148970001256,"critical_wave","release_lpt","release_lpt_critical_wave",128,2,"1;1;1;1;1;2;1;1;1;2;1;1;1;1;1;1;1;1;1;1;1;1;1;1;1;1"
"2",4,"critical_wave_release_lpt",16,"case_000010",24,24,0,0.09302400052547455,0.10074879825115204,793.9927578127904,389.52459360288464,"critical_wave","release_lpt","release_lpt_critical_wave",128,2,"1;1;2;1;1;1;1;1;1;1;2;1;1;1;1;1;1;1;1;1;1;1;2;1"
"2",4,"critical_wave_release_lpt",16,"case_000011",15,12,3,0.9371520280838013,0.9390752136707305,3516.7215631243284,26.172778017833718,"critical_wave","release_lpt","release_lpt_critical_wave",176,1,"1;1;1;1;1;1;1;1;1;1;1;1;1;1;1"
"2",4,"critical_wave_release_lpt",16,"case_000012",17,16,1,0.4910399913787842,0.49330238699913026,3808.2876310200177,59.68902027246645,"critical_wave","release_lpt","release_lpt_critical_wave",176,1,"1;1;1;1;1;1;1;1;1;1;1;1;1;1;1;1;1"
"2",4,"critical_wave_release_lpt",16,"case_000013",17,17,0,0.08489599823951721,0.08678079769015312,532.2345289411719,261.3026816342215,"critical_wave","release_lpt","release_lpt_critical_wave",128,2,"1;1;1;1;1;1;1;1;1;2;2;1;1;2;1;1;1"
"2",4,"critical_wave_release_lpt",16,"case_000014",18,18,0,0.08862399682402611,0.090089600533247,504.3959075865255,247.72992402491167,"critical_wave","release_lpt","release_lpt_critical_wave",128,2,"1;1;1;1;1;1;1;1;2;1;1;1;1;1;2;1;1;1"
"2",4,"critical_wave_release_lpt",16,"case_000015",16,15,1,0.49107199907302856,0.49469760358333587,3809.3277840706414,60.299752492294715,"critical_wave","release_lpt","release_lpt_critical_wave",176,1,"1;1;1;1;1;1;1;1;1;1;1;1;1;1;1;1"
"2",4,"critical_wave_release_lpt",16,"case_000016",22,21,1,0.2223839983344078,0.23247359544038773,1059.1267664043874,150.2611709937488,"critical_wave","release_lpt","release_lpt_critical_wave",176,1,"1;1;1;1;1;1;1;1;1;1;1;1;1;1;1;1;1;1;1;1;1;1"
"2",4,"critical_wave_release_lpt",16,"case_000017",14,14,0,0.07926400005817413,0.08184639662504196,510.25213042890243,250.40129170156845,"critical_wave","release_lpt","release_lpt_critical_wave",128,3,"3;1;1;2;1;1;1;1;1;1;1;1;1;1"
"2",4,"critical_wave_release_lpt",16,"case_000018",22,22,0,0.09318400174379349,0.10308479890227319,597.2986261851235,293.32691758776645,"critical_wave","release_lpt","release_lpt_critical_wave",128,5,"1;1;1;1;1;1;1;1;1;1;1;1;1;1;1;5;1;1;1;1;1;1"
"2",4,"critical_wave_release_lpt",16,"case_000019",16,16,0,0.0830719992518425,0.08393919840455055,451.156417006164,221.65947811339805,"critical_wave","release_lpt","release_lpt_critical_wave",128,3,"3;1;1;1;1;1;1;1;1;2;1;1;1;1;1;1"
"2",4,"critical_wave_release_lpt",16,"case_000020",13,13,0,0.07467200234532356,0.07759360149502754,364.4799199857598,179.20547969393033,"critical_wave","release_lpt","release_lpt_critical_wave",128,3,"1;1;1;1;1;1;1;1;2;3;1;2;1"
"2",4,"critical_wave_release_lpt",16,"case_000021",12,12,0,0.09460799768567085,0.09862399771809578,390.2761441656885,191.46558898945537,"critical_wave","release_lpt","release_lpt_critical_wave",128,2,"1;1;1;1;1;1;1;2;1;1;1;1"
"2",4,"critical_wave_release_lpt",16,"case_000022",11,11,0,0.08158400282263756,0.08323199972510338,440.1075133081977,215.8540815689616,"critical_wave","release_lpt","release_lpt_critical_wave",128,5,"1;1;1;5;1;1;1;1;1;1;1"
"2",4,"critical_wave_release_lpt",16,"case_000023",16,15,1,0.6823520064353943,0.6872352182865142,3968.595893258202,54.78312608074569,"critical_wave","release_lpt","release_lpt_critical_wave",176,1,"1;1;1;1;1;1;1;1;1;1;1;1;1;1;1;1"
"2",4,"critical_wave_release_lpt",16,"case_000024",15,15,0,0.10052799805998802,0.10231999680399895,668.7803942527652,327.6129300848819,"critical_wave","release_lpt","release_lpt_critical_wave",128,3,"3;1;1;3;1;1;1;1;2;1;1;2;1;1;1"
"2",4,"critical_wave_release_lpt",16,"case_000025",18,18,0,0.09832000359892845,0.10074559971690178,655.0533592606777,321.1508425976515,"critical_wave","release_lpt","release_lpt_critical_wave",128,3,"1;2;1;1;1;1;1;1;3;2;1;1;1;1;1;1;1;1"
"2",4,"critical_wave_release_lpt",16,"case_000026",20,20,0,0.0806720033288002,0.08186239749193192,583.1819894226458,286.51803657078915,"critical_wave","release_lpt","release_lpt_critical_wave",128,2,"1;1;1;2;1;2;1;1;2;1;1;1;1;1;1;1;1;1;1;1"
"2",4,"critical_wave_release_lpt",16,"case_000027",18,18,0,0.0796000026166439,0.08703039810061455,457.29306798274973,224.89406295894875,"critical_wave","release_lpt","release_lpt_critical_wave",128,2,"1;1;1;1;2;1;1;1;1;1;2;1;1;1;1;1;1;1"
"2",4,"critical_wave_release_lpt",16,"case_000028",19,19,0,0.09462399780750275,0.09617600217461586,1186.2539875809373,580.6520256285718,"critical_wave","release_lpt","release_lpt_critical_wave",128,13,"2;1;6;3;6;2;1;1;2;13;4;1;2;3;1;3;1;12;1"
"2",4,"critical_wave_release_lpt",16,"case_000029",18,18,0,0.09409600123763084,0.09529920294880867,604.4389323661763,296.49514998563654,"critical_wave","release_lpt","release_lpt_critical_wave",128,2,"1;2;1;1;1;1;2;1;1;1;1;1;1;1;1;1;1;1"
"2",4,"critical_wave_release_lpt",16,"case_000030",22,22,0,0.08787199854850769,0.08967999741435051,814.1553404695491,399.31537440371443,"critical_wave","release_lpt","release_lpt_critical_wave",128,7,"1;1;1;1;1;1;1;1;1;1;1;1;7;2;1;1;1;1;1;1;1;1"
"2",4,"critical_wave_release_lpt",16,"case_000031",10,10,0,0.08140800148248672,0.08343040198087692,539.899159979445,264.49527820225603,"critical_wave","release_lpt","release_lpt_critical_wave",128,3,"3;1;1;1;1;1;1;1;3;3"
"2",4,"critical_wave_release_lpt",16,"case_000032",18,18,0,0.08270399644970894,0.08366400301456452,682.5113823649891,334.80365143947586,"critical_wave","release_lpt","release_lpt_critical_wave",128,5,"2;1;1;1;1;5;2;1;1;1;1;1;1;1;1;1;1;1"
"2",4,"critical_wave_release_lpt",16,"case_000033",15,15,0,0.0928959995508194,0.09453119710087776,567.8681446679658,278.426456737252,"critical_wave","release_lpt","release_lpt_critical_wave",128,2,"1;1;1;1;1;1;1;2;1;1;2;1;1;1;1"
"2",4,"critical_wave_release_lpt",16,"case_000034",19,19,0,0.09451199695467949,0.09578239917755127,749.6408326868186,367.4636989910777,"critical_wave","release_lpt","release_lpt_critical_wave",128,5,"1;1;1;1;1;1;2;1;1;1;1;1;1;5;1;1;1;1;1"
"2",4,"critical_wave_release_lpt",16,"case_000035",17,16,1,0.31998398900032043,0.3248703986406326,2670.2340834907973,56.42522320072058,"critical_wave","release_lpt","release_lpt_critical_wave",176,1,"1;1;1;1;1;1;1;1;1;1;1;1;1;1;1;1;1"
"2",4,"critical_wave_release_lpt",16,"case_000036",23,22,1,0.1879359930753708,0.1892479956150055,2799.303306275208,140.5557688430986,"critical_wave","release_lpt","release_lpt_critical_wave",176,1,"1;1;1;1;1;1;1;1;1;1;1;1;1;1;1;1;1;1;1;1;1;1;1"
"2",4,"critical_wave_release_lpt",16,"case_000037",17,17,0,0.09425600245594978,0.09590720012784004,566.7025484659545,277.99150523326705,"critical_wave","release_lpt","release_lpt_critical_wave",128,2,"2;1;1;1;1;2;1;1;1;1;1;1;2;1;1;1;1"
"2",4,"critical_wave_release_lpt",16,"case_000038",15,15,0,0.09547199681401253,0.1037312000989914,517.8368344417386,253.96615561769931,"critical_wave","release_lpt","release_lpt_critical_wave",128,2,"2;1;2;1;1;1;1;1;1;1;1;1;1;1;1"
"2",4,"critical_wave_release_lpt",16,"case_000039",25,25,0,0.11806399747729301,0.11914879828691483,1481.3176822819019,724.8039184549727,"critical_wave","release_lpt","release_lpt_critical_wave",128,11,"4;3;1;1;1;1;3;7;2;1;1;2;1;1;3;11;1;1;2;11;2;1;3;2;4"
"2",4,"critical_wave_release_lpt",16,"case_000040",16,16,0,0.08126400038599968,0.08228160068392754,519.462153075012,255.04232995611517,"critical_wave","release_lpt","release_lpt_critical_wave",128,3,"1;1;1;2;3;2;1;1;1;1;1;1;1;1;1;1"
"2",4,"critical_wave_release_lpt",16,"case_000041",24,24,0,0.09628800302743912,0.10373119860887528,662.3377445456631,325.1777897094554,"critical_wave","release_lpt","release_lpt_critical_wave",128,3,"1;1;1;1;1;1;1;1;3;1;1;1;1;1;1;1;1;1;1;1;2;1;1;2"
"2",4,"critical_wave_release_lpt",16,"case_000042",23,22,1,0.3391200006008148,0.3434048116207123,2781.526246357684,82.72252875176656,"critical_wave","release_lpt","release_lpt_critical_wave",176,1,"1;1;1;1;1;1;1;1;1;1;1;1;1;1;1;1;1;1;1;1;1;1;1"
"2",4,"critical_wave_release_lpt",16,"case_000043",13,13,0,0.05963199958205223,0.06141119822859764,691.1458787373034,339.0222722983231,"critical_wave","release_lpt","release_lpt_critical_wave",128,13,"2;6;2;2;4;6;8;4;2;4;3;2;13"
"2",4,"critical_wave_release_lpt",16,"case_000044",16,16,0,0.11073600128293037,0.11323199793696404,426.7580982200827,209.40441890034595,"critical_wave","release_lpt","release_lpt_critical_wave",176,1,"1;1;1;1;1;1;1;1;1;1;1;1;1;1;1;1"
"2",4,"critical_wave_release_lpt",16,"case_000045",7,6,1,0.196943998336792,0.20055679976940155,2261.6256029813235,63.98050261197541,"critical_wave","release_lpt","release_lpt_critical_wave",176,1,"1;1;1;1;1;1;1"
"2",4,"critical_wave_release_lpt",16,"case_000046",13,13,0,0.0642399974167347,0.06541759893298149,451.13947717018925,221.72055686119273,"critical_wave","release_lpt","release_lpt_critical_wave",128,5,"1;1;5;1;2;1;1;1;1;1;1;2;1"
"2",4,"critical_wave_release_lpt",16,"case_000047",16,16,0,0.07727999985218048,0.07834560051560402,376.28925951892984,185.20579745570691,"critical_wave","release_lpt","release_lpt_critical_wave",128,2,"2;1;1;1;1;1;1;1;1;1;1;1;1;2;1;1"
"2",4,"critical_wave_release_lpt",16,"case_000048",21,20,1,0.31726399064064026,0.3200640082359314,2512.314487145264,126.7343826786294,"critical_wave","release_lpt","release_lpt_critical_wave",128,2,"1;1;1;1;2;1;1;1;1;1;1;1;1;1;1;1;1;1;1;1;1"
"2",4,"critical_wave_release_lpt",16,"case_000049",21,21,0,0.10239999741315842,0.1035199984908104,823.8349008118201,403.7200101988253,"critical_wave","release_lpt","release_lpt_critical_wave",128,4,"1;4;1;1;1;1;2;1;1;1;1;1;1;1;1;1;1;1;1;2;1"
"2",4,"critical_wave_release_lpt",16,"case_000050",17,17,0,0.07892799749970436,0.0802944004535675,687.5949522500337,337.26982621217155,"critical_wave","release_lpt","release_lpt_critical_wave",128,12,"7;2;2;1;3;7;3;2;3;12;12;1;3;1;5;2;2"
"2",4,"critical_wave_release_lpt",16,"case_000051",22,22,0,0.10718399658799171,0.10851519852876663,689.2017009960621,337.98239618971803,"critical_wave","release_lpt","release_lpt_critical_wave",128,3,"3;1;1;1;1;1;1;1;1;1;1;1;1;1;2;1;2;1;1;1;1;1"
"2",4,"critical_wave_release_lpt",16,"case_000052",23,23,0,0.10342399775981903,0.11353280246257783,968.9866348497972,474.7178320646451,"critical_wave","release_lpt","release_lpt_critical_wave",128,3,"1;1;1;1;1;3;1;3;1;1;1;1;1;1;2;1;1;1;1;1;1;1;1"
"2",4,"critical_wave_release_lpt",16,"case_000053",23,23,0,0.09769599884748459,0.09954239800572395,1114.4192466875343,545.8224761409762,"critical_wave","release_lpt","release_lpt_critical_wave",128,9,"1;1;4;9;8;1;3;2;5;2;2;2;3;1;2;3;2;5;3;3;2;2;2"
"2",4,"critical_wave_release_lpt",16,"case_000054",20,20,0,0.0844000019133091,0.0855072021484375,585.4135071080925,287.529851301736,"critical_wave","release_lpt","release_lpt_critical_wave",128,2,"1;2;1;2;1;1;1;1;1;1;1;1;1;1;1;1;2;1;1;1"
"2",4,"critical_wave_release_lpt",16,"case_000055",19,19,0,0.08409599959850311,0.08583679795265198,726.0939334513467,356.1430762817534,"critical_wave","release_lpt","release_lpt_critical_wave",128,3,"1;1;1;1;1;1;1;1;1;1;1;3;1;1;2;1;1;2;1"
"2",4,"critical_wave_release_lpt",16,"case_000056",12,12,0,0.05991999991238117,0.06115520000457764,507.57588325222304,249.2624836755689,"critical_wave","release_lpt","release_lpt_critical_wave",128,6,"4;1;2;1;6;1;1;1;1;1;1;1"
"2",4,"critical_wave_release_lpt",16,"case_000057",13,13,0,0.07177600264549255,0.07280320301651955,492.8877500009631,241.9545162716107,"critical_wave","release_lpt","release_lpt_critical_wave",128,4,"1;1;4;1;1;1;1;1;1;1;2;1;1"
"2",4,"critical_wave_release_lpt",16,"case_000058",19,18,1,0.20732800662517548,0.20964799523353578,1066.6732179594785,127.19987245947736,"critical_wave","release_lpt","release_lpt_critical_wave",128,2,"1;1;1;1;1;1;1;1;2;1;1;1;1;1;1;1;1;1;1"
"2",4,"critical_wave_release_lpt",16,"case_000059",24,24,0,0.10252799838781357,0.10582399889826775,1377.2864136669248,674.1660530477661,"critical_wave","release_lpt","release_lpt_critical_wave",128,11,"1;9;1;1;3;1;1;1;1;7;1;1;11;9;3;1;6;1;3;1;3;4;1;1"
"2",4,"critical_wave_release_lpt",16,"case_000060",29,28,1,0.22004800289869308,0.22237120121717452,1223.148439060878,226.68101206519177,"critical_wave","release_lpt","release_lpt_critical_wave",128,2,"1;2;1;1;1;1;1;1;1;1;1;1;1;1;1;1;1;1;1;1;1;1;1;1;1;1;1;1;1"
"2",4,"critical_wave_release_lpt",16,"case_000061",24,23,1,0.3133600056171417,0.31756800413131714,2421.6676737207986,68.83717007062758,"critical_wave","release_lpt","release_lpt_critical_wave",176,1,"1;1;1;1;1;1;1;1;1;1;1;1;1;1;1;1;1;1;1;1;1;1;1;1"
"2",4,"critical_wave_release_lpt",16,"case_000062",23,23,0,0.09550399705767632,0.0965919978916645,649.4791823481528,318.8393463952144,"critical_wave","release_lpt","release_lpt_critical_wave",128,3,"1;1;1;1;1;1;1;1;1;1;3;1;1;1;1;1;1;1;1;1;1;1;1"
"2",4,"critical_wave_release_lpt",16,"case_000063",18,17,1,0.3604160100221634,0.3636992037296295,2951.7481512504933,101.9994644459311,"critical_wave","release_lpt","release_lpt_critical_wave",176,1,"1;1;1;1;1;1;1;1;1;1;1;1;1;1;1;1;1;1"
"2",4,"critical_wave_release_lpt",16,"case_000064",18,18,0,0.09457599744200706,0.09640959650278091,771.2953225021992,377.96109971686076,"critical_wave","release_lpt","release_lpt_critical_wave",128,3,"3;1;1;1;1;1;1;1;1;1;1;1;2;1;3;1;1;1"
"2",4,"critical_wave_release_lpt",16,"case_000065",23,23,0,0.09824000298976898,0.10013120248913765,740.488733164798,363.229956372418,"critical_wave","release_lpt","release_lpt_critical_wave",128,3,"1;1;1;1;2;2;1;1;1;1;1;1;1;1;1;1;1;1;3;1;1;1;1"
"2",4,"critical_wave_release_lpt",16,"case_000066",15,15,0,0.07576000317931175,0.07670400217175484,432.8299678972888,212.7493046938178,"critical_wave","release_lpt","release_lpt_critical_wave",128,2,"2;1;1;1;1;1;2;1;1;1;1;1;1;1;1"
"2",4,"critical_wave_release_lpt",16,"case_000067",12,12,0,0.09032000228762627,0.09286080226302147,490.7044155608026,240.54560949647416,"critical_wave","release_lpt","release_lpt_critical_wave",128,3,"3;1;1;1;1;1;1;1;1;1;1;1"
"2",4,"critical_wave_release_lpt",16,"case_000068",15,15,0,0.06825599819421768,0.07054719999432564,490.8536688697679,241.23582447871817,"critical_wave","release_lpt","release_lpt_critical_wave",128,3,"1;1;1;3;1;1;1;2;1;1;1;1;1;1;2"
"2",4,"critical_wave_release_lpt",16,"case_000069",12,12,0,0.07873599976301193,0.08012799918651581,437.7967288121393,214.8506407604785,"critical_wave","release_lpt","release_lpt_critical_wave",128,2,"2;1;2;1;1;1;1;1;1;1;1;1"
"2",4,"critical_wave_release_lpt",16,"case_000070",23,22,1,0.09257599711418152,0.09403200075030327,987.7207691235617,439.36952631287477,"critical_wave","release_lpt","release_lpt_critical_wave",128,8,"8;4;1;1;2;3;2;1;1;2;1;2;1;6;2;1;1;8;1;1;4;1;1"
"2",4,"critical_wave_release_lpt",16,"case_000071",19,19,0,0.08991999924182892,0.0917791984975338,537.7056842490314,264.0526712655371,"critical_wave","release_lpt","release_lpt_critical_wave",128,2,"1;1;1;1;1;1;1;1;1;1;1;1;2;1;1;1;1;1;1"
"2",4,"critical_wave_release_lpt",16,"case_000072",13,13,0,0.06659200042486191,0.07425599694252015,434.7054657512945,213.64536144326982,"critical_wave","release_lpt","release_lpt_critical_wave",128,3,"1;3;1;1;2;1;1;1;1;1;1;3;1"
"2",4,"critical_wave_release_lpt",16,"case_000073",16,15,1,0.526639997959137,0.5309023976325988,4029.273605892442,35.38301699873138,"critical_wave","release_lpt","release_lpt_critical_wave",176,1,"1;1;1;1;1;1;1;1;1;1;1;1;1;1;1;1"
"2",4,"critical_wave_release_lpt",16,"case_000074",16,15,1,0.633648008108139,0.6390463709831238,4255.290213458443,50.0372187622959,"critical_wave","release_lpt","release_lpt_critical_wave",176,1,"1;1;1;1;1;1;1;1;1;1;1;1;1;1;1;1"
"2",4,"critical_wave_release_lpt",16,"case_000075",19,18,1,0.10550399869680405,0.10723839700222015,754.9535598257168,279.55232374423207,"critical_wave","release_lpt","release_lpt_critical_wave",128,3,"3;1;2;3;3;1;2;3;1;2;3;3;1;3;3;1;1;2;1"
"2",4,"critical_wave_release_lpt",16,"case_000076",22,21,1,0.31486400961875916,0.3190239995718002,2477.3578843783066,121.96269763094601,"critical_wave","release_lpt","release_lpt_critical_wave",176,1,"1;1;1;1;1;1;1;1;1;1;1;1;1;1;1;1;1;1;1;1;1;1"
"2",4,"critical_wave_release_lpt",16,"case_000077",15,15,0,0.07340800017118454,0.07433919981122017,712.0737071450521,349.1438527167607,"critical_wave","release_lpt","release_lpt_critical_wave",128,11,"11;1;1;1;1;1;1;2;2;1;1;1;1;1;2"
"2",4,"critical_wave_release_lpt",16,"case_000078",21,20,1,0.44889600574970245,0.45060800909996035,3574.009895482487,74.2118610397595,"critical_wave","release_lpt","release_lpt_critical_wave",176,1,"1;1;1;1;1;1;1;1;1;1;1;1;1;1;1;1;1;1;1;1;1"
"2",4,"critical_wave_release_lpt",16,"case_000079",25,25,0,0.0907519981265068,0.10161920189857485,903.738512309899,443.2355521685339,"critical_wave","release_lpt","release_lpt_critical_wave",128,11,"1;2;10;1;1;1;3;5;5;2;1;5;1;2;2;1;1;2;3;1;1;1;2;11;3"
"2",4,"critical_wave_release_lpt",16,"case_000080",17,17,0,0.08444800227880478,0.09423999860882762,585.9607996484195,287.5437588189644,"critical_wave","release_lpt","release_lpt_critical_wave",128,4,"1;1;1;1;1;1;1;1;2;1;1;1;1;1;4;1;1"
"2",4,"critical_wave_release_lpt",16,"case_000081",14,13,1,1.2615200281143188,1.2653215646743774,4311.913885209492,27.122175817647364,"critical_wave","release_lpt","release_lpt_critical_wave",176,1,"1;1;1;1;1;1;1;1;1;1;1;1;1;1"
"2",4,"critical_wave_release_lpt",16,"case_000082",21,21,0,0.07764800265431404,0.07921599969267845,718.1765623033931,352.59343529912286,"critical_wave","release_lpt","release_lpt_critical_wave",128,3,"3;2;1;1;1;1;1;1;1;1;1;2;1;1;1;1;1;1;1;1;1"
"2",4,"critical_wave_release_lpt",16,"case_000083",16,16,0,0.08150400221347809,0.08269759640097618,561.8065084959462,275.71416604967527,"critical_wave","release_lpt","release_lpt_critical_wave",128,3,"1;1;1;1;1;1;1;1;2;3;2;1;1;1;1;1"
"2",4,"critical_wave_release_lpt",16,"case_000084",19,18,1,0.36243200302124023,0.3651840090751648,2885.949139283657,77.34027835935139,"critical_wave","release_lpt","release_lpt_critical_wave",176,1,"1;1;1;1;1;1;1;1;1;1;1;1;1;1;1;1;1;1;1"
"2",4,"critical_wave_release_lpt",16,"case_000085",13,13,0,0.08487999811768532,0.08814400061964989,700.1527288160669,342.9594798015748,"critical_wave","release_lpt","release_lpt_critical_wave",128,5,"1;2;1;5;1;1;1;1;1;1;1;2;1"
"2",4,"critical_wave_release_lpt",16,"case_000086",15,14,1,0.36345599591732025,0.36771520376205447,2956.190483638127,115.31185197322748,"critical_wave","release_lpt","release_lpt_critical_wave",176,1,"1;1;1;1;1;1;1;1;1;1;1;1;1;1;1"
"2",4,"critical_wave_release_lpt",16,"case_000087",21,21,0,0.11033599823713303,0.11195840239524842,634.940594831386,311.3816755086687,"critical_wave","release_lpt","release_lpt_critical_wave",128,2,"1;1;1;1;1;1;1;1;1;2;1;1;1;1;1;1;2;1;2;1;1"
"2",4,"critical_wave_release_lpt",16,"case_000088",12,12,0,0.07547200098633766,0.07827840000391006,513.9997999393502,252.10599628124814,"critical_wave","release_lpt","release_lpt_critical_wave",128,3,"1;1;1;1;2;3;1;2;1;3;1;1"
"2",4,"critical_wave_release_lpt",16,"case_000089",12,11,1,0.47390399873256683,0.47786881029605865,3912.5668617418655,45.451365798994246,"critical_wave","release_lpt","release_lpt_critical_wave",176,1,"1;1;1;1;1;1;1;1;1;1;1;1"
"2",4,"critical_wave_release_lpt",16,"case_000090",15,15,0,0.09040000289678574,0.09173759818077087,533.7109577649746,261.7798146203536,"critical_wave","release_lpt","release_lpt_critical_wave",128,3,"2;3;1;1;2;1;1;1;1;1;1;1;1;1;1"
"2",4,"critical_wave_release_lpt",16,"case_000091",19,19,0,0.08051200211048126,0.08186239749193192,594.1690655059782,291.79808456088045,"critical_wave","release_lpt","release_lpt_critical_wave",128,2,"1;1;1;1;1;1;1;1;1;1;1;1;2;1;1;2;2;1;1"
"2",4,"critical_wave_release_lpt",16,"case_000092",15,14,1,0.48663999140262604,0.4882463991641998,3842.2072482839317,59.94884209148984,"critical_wave","release_lpt","release_lpt_critical_wave",176,1,"1;1;1;1;1;1;1;1;1;1;1;1;1;1;1"
"2",4,"critical_wave_release_lpt",16,"case_000093",19,18,1,0.36049599945545197,0.3628800123929977,2909.179868581588,81.53104623739951,"critical_wave","release_lpt","release_lpt_critical_wave",176,1,"1;1;1;1;1;1;1;1;1;1;1;1;1;1;1;1;1;1;1"
"2",4,"critical_wave_release_lpt",16,"case_000094",31,31,0,0.09702400118112564,0.10328000038862228,993.5920512290047,487.42215765473685,"critical_wave","release_lpt","release_lpt_critical_wave",128,10,"1;2;1;10;2;1;1;3;4;1;2;1;1;1;1;5;3;1;1;2;6;1;1;5;4;3;2;1;1;3;1"
"2",4,"critical_wave_release_lpt",16,"case_000095",20,19,1,0.21009600162506104,0.21184640377759933,2255.863170427255,126.73094106529628,"critical_wave","release_lpt","release_lpt_critical_wave",176,1,"1;1;1;1;1;1;1;1;1;1;1;1;1;1;1;1;1;1;1;1"
"2",4,"critical_wave_release_lpt",16,"case_000096",12,12,0,0.06080000102519989,0.06429120004177094,405.9308394710485,199.61052294998873,"critical_wave","release_lpt","release_lpt_critical_wave",128,6,"1;1;1;6;1;1;1;1;1;2;1;1"
"2",4,"critical_wave_release_lpt",16,"case_000097",12,12,0,0.07872000336647034,0.0796160027384758,366.3289079111357,179.954463848941,"critical_wave","release_lpt","release_lpt_critical_wave",128,4,"1;1;1;1;1;1;1;1;1;1;1;4"
"2",4,"critical_wave_release_lpt",16,"case_000098",23,22,1,0.16515199840068817,0.1679679974913597,1570.9977598364858,247.0947514724712,"critical_wave","release_lpt","release_lpt_critical_wave",128,3,"1;1;1;1;1;1;1;1;1;1;3;1;1;1;1;1;1;1;1;1;1;1;1"
"2",4,"critical_wave_release_lpt",16,"case_000099",22,20,2,0.4102879911661148,0.414665612578392,2681.6344699363644,102.90621443732618,"critical_wave","release_lpt","release_lpt_critical_wave",176,1,"1;1;1;1;1;1;1;1;1;1;1;1;1;1;1;1;1;1;1;1;1;1"
"2",8,"fa3_native_fifo",16,"case_000000",19,19,0,0.1037760004401207,0.10688000023365021,990.2657793339841,243.16435296194047,"fa3_native","fifo","fifo",128,29,"1;7;5;1;5;1;1;1;2;2;1;2;1;1;1;1;2;1;2"
"2",8,"fa3_native_fifo",16,"case_000001",14,14,0,0.08103999868035316,0.0824672020971775,365.6947676528621,90.60217324238488,"fa3_native","fifo","fifo",128,26,"1;4;8;1;1;4;3;3;2;1;2;2;1;2"
"2",8,"fa3_native_fifo",16,"case_000002",14,14,0,0.09736000001430511,0.09915840178728104,1002.5904064262307,245.87280193593634,"fa3_native","fifo","fifo",128,29,"2;2;1;2;6;3;1;1;1;1;7;1;8;1"
"2",8,"fa3_native_fifo",16,"case_000003",8,8,0,0.06639999896287918,0.06810879707336426,277.6791946985975,68.71421794073714,"fa3_native","fifo","fifo",128,29,"11;3;1;1;1;5;3;2"
"2",8,"fa3_native_fifo",16,"case_000004",11,11,0,0.07686399668455124,0.08412159904837609,403.9437176734843,99.71357632435539,"fa3_native","fifo","fifo",128,21,"3;5;6;3;1;2;1;5;1;2;5"
"2",8,"fa3_native_fifo",16,"case_000005",12,12,0,0.08142400160431862,0.08306559920310974,474.2635080459106,116.91412620888792,"fa3_native","fifo","fifo",128,29,"5;1;1;1;2;3;14;3;2;1;3;1"
"2",8,"fa3_native_fifo",16,"case_000006",10,10,0,0.07683199644088745,0.07770880237221718,648.7068022285054,159.37110275952327,"fa3_native","fifo","fifo",128,29,"1;1;2;10;2;1;3;6;1;4"
"2",8,"fa3_native_fifo",16,"case_000007",15,13,2,1.4328799843788147,1.4746752381324768,3548.033769549783,17.622332836861233,"fa3_native","fifo","fifo",128,1,"1;1;1;1;1;1;1;1;1;1;1;1;1;1;1"
"2",8,"fa3_native_fifo",16,"case_000008",12,11,1,0.2688000053167343,0.27846401035785673,464.9520669939486,43.33785628565525,"fa3_native","fifo","fifo",128,3,"1;1;1;1;1;1;1;1;1;1;1;1"
"2",8,"fa3_native_fifo",16,"case_000009",26,26,0,0.10540799796581268,0.10735999792814255,739.4361964191687,182.41287540852645,"fa3_native","fifo","fifo",128,29,"1;1;3;1;1;3;1;1;1;4;3;1;2;1;3;1;3;1;3;1;1;1;1;1;1;1"
"2",8,"fa3_native_fifo",16,"case_000010",24,24,0,0.10718399658799171,0.1092223972082138,689.0989799896573,169.94955011820116,"fa3_native","fifo","fifo",128,28,"1;1;3;2;2;2;1;2;2;1;3;1;1;1;2;2;2;2;1;2;1;2;4;1"
"2",8,"fa3_native_fifo",16,"case_000011",15,12,3,1.1967520117759705,1.2097920536994935,2753.8727427725007,12.45354747963437,"fa3_native","fifo","fifo",128,1,"1;1;1;1;1;1;1;1;1;1;1;1;1;1;1"
"2",8,"fa3_native_fifo",16,"case_000012",17,16,1,0.6248800158500671,0.6299616038799286,2992.6089458311153,25.235180514691933,"fa3_native","fifo","fifo",128,1,"1;1;1;1;1;1;1;1;1;1;1;1;1;1;1;1;1"
"2",8,"fa3_native_fifo",16,"case_000013",17,17,0,0.0867679975926876,0.08923200145363808,520.7516928546469,128.6350764067953,"fa3_native","fifo","fifo",128,22,"1;2;1;2;1;3;1;3;1;4;4;1;1;5;2;1;3"
"2",8,"fa3_native_fifo",16,"case_000014",18,18,0,0.09028800204396248,0.0917343981564045,495.0999058571944,122.39872131204153,"fa3_native","fifo","fifo",128,29,"1;3;1;1;2;2;1;2;4;4;2;1;1;2;6;2;1;1"
"2",8,"fa3_native_fifo",16,"case_000015",16,15,1,0.6215839982032776,0.6297023892402649,3009.4954430217444,25.605189396775685,"fa3_native","fifo","fifo",128,1,"1;1;1;1;1;1;1;1;1;1;1;1;1;1;1;1"
"2",8,"fa3_native_fifo",16,"case_000016",22,21,1,0.3747840076684952,0.3836511939764023,628.4495609117187,47.60723946306169,"fa3_native","fifo","fifo",128,1,"1;1;1;1;1;1;1;1;1;1;1;1;1;1;1;1;1;1;1;1;1;1"
"2",8,"fa3_native_fifo",16,"case_000017",14,14,0,0.08155200257897377,0.08281279727816582,495.9366246933546,122.39120664553032,"fa3_native","fifo","fifo",128,28,"6;2;1;4;1;1;2;3;3;3;1;2;3;2"
"2",8,"fa3_native_fifo",16,"case_000018",22,22,0,0.08900799974799156,0.09156159684062004,625.3221775748974,154.55689419995554,"fa3_native","fifo","fifo",128,29,"1;1;1;1;1;1;1;1;1;2;1;1;1;2;1;12;2;1;3;1;1;1"
"2",8,"fa3_native_fifo",16,"case_000019",16,16,0,0.08531200140714645,0.08731200098991394,439.3105884028702,108.68792018778342,"fa3_native","fifo","fifo",128,29,"8;1;1;1;4;1;1;2;2;7;1;2;1;1;2;1"
"2",8,"fa3_native_fifo",16,"case_000020",13,13,0,0.07355200126767159,0.07840960025787354,370.02997839519674,91.69110131289152,"fa3_native","fifo","fifo",128,29,"1;1;1;1;1;1;1;2;4;10;1;7;1"
"2",8,"fa3_native_fifo",16,"case_000021",12,12,0,0.07783999666571617,0.08287039771676064,474.34797180897704,116.98664427115463,"fa3_native","fifo","fifo",128,29,"1;4;2;1;5;4;1;8;1;1;4;1"
"2",8,"fa3_native_fifo",16,"case_000022",11,11,0,0.07609599828720093,0.07781760320067406,471.8478424119605,116.30277805933676,"fa3_native","fifo","fifo",128,29,"1;1;1;15;1;2;4;2;2;3;1"
"2",8,"fa3_native_fifo",16,"case_000023",16,15,1,0.8200480043888092,0.8252191960811615,3302.220548069362,24.145786458876493,"fa3_native","fifo","fifo",128,1,"1;1;1;1;1;1;1;1;1;1;1;1;1;1;1;1"
"2",8,"fa3_native_fifo",16,"case_000024",15,15,0,0.091839998960495,0.09335360303521156,732.0465476586024,179.97143060846258,"fa3_native","fifo","fifo",128,29,"7;1;1;8;1;1;1;2;6;2;1;3;1;1;1"
"2",8,"fa3_native_fifo",16,"case_000025",18,18,0,0.09321600198745728,0.09607680067420006,690.9205207992725,170.15859575413083,"fa3_native","fifo","fifo",128,29,"2;3;1;3;1;1;1;1;7;3;2;2;1;1;1;2;3;1"
"2",8,"fa3_native_fifo",16,"case_000026",20,20,0,0.09044800326228142,0.09201600030064583,520.1492315488107,128.6806958717424,"fa3_native","fifo","fifo",128,22,"1;2;2;4;3;4;2;1;4;1;1;2;1;1;1;1;1;1;3;1"
"2",8,"fa3_native_fifo",16,"case_000027",18,18,0,0.08635200187563896,0.08872639760375023,421.53660155351963,104.50842833958589,"fa3_native","fifo","fifo",128,25,"3;2;1;1;4;1;3;1;1;1;6;1;3;1;2;1;1;3"
"2",8,"fa3_native_fifo",16,"case_000028",19,19,0,0.1043039970099926,0.10661759972572327,1076.1629269993011,264.12824809926195,"fa3_native","fifo","fifo",128,29,"1;1;3;2;3;1;1;1;1;7;2;1;1;2;1;2;1;6;1"
"2",8,"fa3_native_fifo",16,"case_000029",18,18,0,0.09203200042247772,0.09367359802126884,617.9946786651492,152.37343462736462,"fa3_native","fifo","fifo",128,29,"3;5;2;3;1;2;4;2;1;2;1;1;3;2;1;1;1;2"
"2",8,"fa3_native_fifo",16,"case_000030",22,22,0,0.09705600142478943,0.099686399102211,737.1152308540019,181.69337023084825,"fa3_native","fifo","fifo",128,29,"2;1;1;1;1;1;1;2;1;2;1;1;11;2;1;1;2;1;1;2;1;2"
"2",8,"fa3_native_fifo",16,"case_000031",10,10,0,0.07412799820303917,0.08202239647507668,592.9218740753478,145.78804583929698,"fa3_native","fifo","fifo",128,29,"7;1;1;3;1;1;1;3;8;7"
"2",8,"fa3_native_fifo",16,"case_000032",18,18,0,0.09099199995398521,0.09378879889845848,620.3448541909733,152.9643046316008,"fa3_native","fifo","fifo",128,29,"3;1;2;2;1;10;3;1;1;1;1;1;1;2;2;1;1;2"
"2",8,"fa3_native_fifo",16,"case_000033",15,15,0,0.08862399682402611,0.0937247984111309,595.2414786341329,146.6170841493504,"fa3_native","fifo","fifo",128,29,"1;2;2;2;3;1;2;5;3;2;5;1;2;2;3"
"2",8,"fa3_native_fifo",16,"case_000034",19,19,0,0.09246399998664856,0.094012800604105,766.2447234191736,188.6430178503921,"fa3_native","fifo","fifo",128,29,"1;2;1;1;2;1;4;1;1;3;1;1;1;9;1;2;1;1;1"
"2",8,"fa3_native_fifo",16,"case_000035",17,16,1,0.44174399971961975,0.44808639883995055,1934.2246960735592,22.95831071035952,"fa3_native","fifo","fifo",128,1,"1;1;1;1;1;1;1;1;1;1;1;1;1;1;1;1;1"
"2",8,"fa3_native_fifo",16,"case_000036",23,22,1,0.2711839973926544,0.2750112056732178,1939.9737884321423,50.59201181452762,"fa3_native","fifo","fifo",128,5,"1;1;1;1;1;1;1;1;1;1;1;1;1;1;1;1;1;1;1;1;1;1;1"
"2",8,"fa3_native_fifo",16,"case_000037",17,17,0,0.08799999952316284,0.09038080275058746,606.989966925402,149.66836444735725,"fa3_native","fifo","fifo",128,29,"5;1;3;1;3;6;1;1;1;1;1;1;4;3;1;2;2"
"2",8,"fa3_native_fifo",16,"case_000038",15,15,0,0.08640000224113464,0.08834240213036537,572.209668120383,141.02740374928936,"fa3_native","fifo","fifo",128,29,"5;3;6;1;1;1;3;1;2;2;1;1;3;3;1"
"2",8,"fa3_native_fifo",16,"case_000039",25,25,0,0.12968000024557114,0.13183039873838426,1348.6296018878431,330.7296724150396,"fa3_native","fifo","fifo",128,29,"2;2;1;1;1;1;2;4;1;1;1;1;1;1;2;6;1;1;1;6;1;1;2;1;2"
"2",8,"fa3_native_fifo",16,"case_000040",16,16,0,0.08638400211930275,0.09233599901199342,488.67349940212205,120.72161215218507,"fa3_native","fifo","fifo",128,29,"3;2;1;4;8;4;2;1;1;1;1;2;1;2;2;1"
"2",8,"fa3_native_fifo",16,"case_000041",24,24,0,0.09859199821949005,0.10312000140547753,646.8595819512732,159.78643586194966,"fa3_native","fifo","fifo",128,29,"2;1;1;1;2;1;1;1;6;1;1;1;1;1;2;1;2;3;2;1;4;1;1;3"
"2",8,"fa3_native_fifo",16,"case_000042",23,22,1,0.4650239944458008,0.4700319945812225,2028.4355078497774,32.61147850676664,"fa3_native","fifo","fifo",128,1,"1;1;1;1;1;1;1;1;1;1;1;1;1;1;1;1;1;1;1;1;1;1;1"
"2",8,"fa3_native_fifo",16,"case_000043",13,13,0,0.0799039974808693,0.08313919976353645,515.7991095735555,127.17181017674224,"fa3_native","fifo","fifo",128,29,"1;3;1;1;2;3;4;2;1;2;2;1;7"
"2",8,"fa3_native_fifo",16,"case_000044",16,16,0,0.08742400258779526,0.08929920122027397,540.5550411003184,133.37115271393168,"fa3_native","fifo","fifo",128,24,"3;3;4;1;1;1;4;1;1;4;1;2;1;1;2;3"
"2",8,"fa3_native_fifo",16,"case_000045",7,6,1,0.2906080037355423,0.29855680763721465,1532.6955323547563,24.047568925044352,"fa3_native","fifo","fifo",128,3,"1;1;1;1;1;1;1"
"2",8,"fa3_native_fifo",16,"case_000046",13,13,0,0.07827199995517731,0.07993599772453308,370.26265924719144,91.66639416533032,"fa3_native","fifo","fifo",128,29,"2;1;10;3;5;1;2;1;2;1;1;4;1"
"2",8,"fa3_native_fifo",16,"case_000047",16,16,0,0.081727996468544,0.08321920037269592,355.80994489681825,88.36492159427408,"fa3_native","fifo","fifo",128,25,"5;1;2;1;1;4;1;1;1;1;4;1;2;8;1;3"
"2",8,"fa3_native_fifo",16,"case_000048",21,20,1,0.44473598897457123,0.4539487987756729,1792.2249147720179,47.746583425732474,"fa3_native","fifo","fifo",128,1,"1;1;1;1;1;1;1;1;1;1;1;1;1;1;1;1;1;1;1;1;1"
"2",8,"fa3_native_fifo",16,"case_000049",21,21,0,0.12134400010108948,0.12363840192556382,695.219307437703,171.0548521781724,"fa3_native","fifo","fifo",128,29,"2;9;2;3;1;1;3;1;2;1;1;2;2;1;1;2;1;2;1;3;1"
"2",8,"fa3_native_fifo",16,"case_000050",17,17,0,0.10843199864029884,0.11379840075969697,500.50255784762714,123.39206293138862,"fa3_native","fifo","fifo",128,29,"3;1;1;1;1;3;2;1;2;6;5;1;2;1;2;1;1"
"2",8,"fa3_native_fifo",16,"case_000051",22,22,0,0.10143999755382538,0.10248959809541702,728.22746992677,179.44858476895283,"fa3_native","fifo","fifo",128,29,"6;1;3;1;2;1;1;2;1;1;2;1;1;2;6;1;3;2;1;1;1;1"
"2",8,"fa3_native_fifo",16,"case_000052",23,23,0,0.10921599715948105,0.11078720167279243,917.5988331238726,225.63375916456351,"fa3_native","fifo","fifo",128,29,"2;1;1;1;2;5;2;5;1;1;2;2;1;2;3;1;1;1;2;1;1;2;1"
"2",8,"fa3_native_fifo",16,"case_000053",23,23,0,0.10900800302624702,0.11061119958758354,998.7734699972916,245.4548588836871,"fa3_native","fifo","fifo",128,29,"1;1;2;5;4;1;2;1;3;1;1;1;2;1;1;2;1;3;2;2;1;1;1"
"2",8,"fa3_native_fifo",16,"case_000054",20,20,0,0.09238400310277939,0.09359999671578408,534.820958830193,132.22722105265092,"fa3_native","fifo","fifo",128,23,"1;4;1;4;2;1;2;1;3;1;2;1;2;2;2;1;4;2;1;2"
"2",8,"fa3_native_fifo",16,"case_000055",19,19,0,0.09441599994897842,0.09585919976234436,646.7293167365399,159.43196077078537,"fa3_native","fifo","fifo",128,29,"2;2;2;2;1;2;2;1;1;1;1;6;2;2;4;1;1;4;2"
"2",8,"fa3_native_fifo",16,"case_000056",12,12,0,0.07822399958968163,0.0798431970179081,388.8058273616048,96.09654376444797,"fa3_native","fifo","fifo",128,29,"7;2;3;1;11;2;1;2;1;1;2;2"
"2",8,"fa3_native_fifo",16,"case_000057",13,13,0,0.07807999849319458,0.07942400127649307,453.0931497275002,111.89180543800178,"fa3_native","fifo","fifo",128,29,"1;3;9;2;1;2;1;2;1;1;5;3;3"
"2",8,"fa3_native_fifo",16,"case_000058",19,18,1,0.3641760051250458,0.3698080122470856,607.264698628522,39.28966158845911,"fa3_native","fifo","fifo",128,1,"1;1;1;1;1;1;1;1;1;1;1;1;1;1;1;1;1;1;1"
"2",8,"fa3_native_fifo",16,"case_000059",24,24,0,0.11753600090742111,0.11926719918847084,1201.4226969592607,294.87775432566787,"fa3_native","fifo","fifo",128,29,"1;5;1;1;2;1;1;1;1;4;1;1;6;5;2;1;3;1;2;1;2;2;1;1"
"2",8,"fa3_native_fifo",16,"case_000060",29,28,1,0.3808000087738037,0.388374400138855,706.8050553115314,68.54941018529657,"fa3_native","fifo","fifo",128,1,"1;1;1;1;1;1;1;1;1;1;1;1;1;1;1;1;1;1;1;1;1;1;1;1;1;1;1;1;1"
"2",8,"fa3_native_fifo",16,"case_000061",24,23,1,0.44017601013183594,0.4469472050666809,1723.9780868855569,27.098687173858973,"fa3_native","fifo","fifo",128,1,"1;1;1;1;1;1;1;1;1;1;1;1;1;1;1;1;1;1;1;1;1;1;1;1"
"2",8,"fa3_native_fifo",16,"case_000062",23,23,0,0.09515200182795525,0.09700800105929375,651.8817967923875,160.99949245102712,"fa3_native","fifo","fifo",128,29,"1;1;1;1;1;1;1;2;3;2;7;1;2;1;3;2;1;1;1;1;1;2;1"
"2",8,"fa3_native_fifo",16,"case_000063",18,17,1,0.4854080080986023,0.49052799344062803,2191.6764320210714,40.17100598809866,"fa3_native","fifo","fifo",128,1,"1;1;1;1;1;1;1;1;1;1;1;1;1;1;1;1;1;1"
"2",8,"fa3_native_fifo",16,"case_000064",18,18,0,0.09657599776983261,0.09951679781079292,755.3225038570206,185.83035551723822,"fa3_native","fifo","fifo",128,29,"5;2;1;1;2;1;2;2;2;1;1;1;3;1;5;1;2;2"
"2",8,"fa3_native_fifo",16,"case_000065",23,23,0,0.10422399640083313,0.10623679682612419,697.9737668111381,172.0915011838543,"fa3_native","fifo","fifo",128,29,"2;1;3;2;3;3;2;1;2;1;2;1;1;1;1;1;1;2;5;2;1;1;1"
"2",8,"fa3_native_fifo",16,"case_000066",15,15,0,0.08441600203514099,0.08709440156817437,388.44767524467176,96.19484226011578,"fa3_native","fifo","fifo",128,23,"6;3;2;3;3;2;3;3;1;1;1;1;1;1;1"
"2",8,"fa3_native_fifo",16,"case_000067",12,12,0,0.08033600077033043,0.08150400221347809,551.6882034333025,135.831904692349,"fa3_native","fifo","fifo",128,29,"8;3;2;3;1;1;2;2;4;3;2;4"
"2",8,"fa3_native_fifo",16,"case_000068",15,15,0,0.080400001257658,0.08553280010819436,416.7127688049484,103.16338147084262,"fa3_native","fifo","fifo",128,22,"2;1;2;5;2;1;1;5;2;1;1;2;1;2;5"
"2",8,"fa3_native_fifo",16,"case_000069",12,12,0,0.07505599781870842,0.07604479789733887,459.2619395888963,113.34726400612121,"fa3_native","fifo","fifo",128,21,"4;1;5;3;1;3;3;2;3;2;3;2"
"2",8,"fa3_native_fifo",16,"case_000070",23,22,1,0.11139199882745743,0.11312639713287354,820.8779448660077,183.67940440401392,"fa3_native","fifo","fifo",128,4,"4;2;1;1;1;2;1;1;1;1;1;1;1;3;1;1;1;4;1;1;2;1;1"
"2",8,"fa3_native_fifo",16,"case_000071",19,19,0,0.09032000228762627,0.09297920018434525,535.3243301082596,132.30327388551322,"fa3_native","fifo","fifo",128,28,"1;1;3;2;1;3;1;1;2;1;3;1;5;1;2;2;2;1;1"
"2",8,"fa3_native_fifo",16,"case_000072",13,13,0,0.07811199873685837,0.08123199939727783,370.5948769473809,91.7501039007243,"fa3_native","fifo","fifo",128,28,"1;8;3;2;5;1;2;1;1;1;1;7;1"
"2",8,"fa3_native_fifo",16,"case_000073",16,15,1,0.6679680049419403,0.7062655985355377,3176.7638986966776,15.610136897060391,"fa3_native","fifo","fifo",128,1,"1;1;1;1;1;1;1;1;1;1;1;1;1;1;1;1"
"2",8,"fa3_native_fifo",16,"case_000074",16,15,1,0.8175680041313171,0.8253152191638946,3298.020658899114,20.74813093746684,"fa3_native","fifo","fifo",128,1,"1;1;1;1;1;1;1;1;1;1;1;1;1;1;1;1"
"2",8,"fa3_native_fifo",16,"case_000075",19,18,1,0.12497600167989731,0.12801280617713928,637.3273134150202,119.96466360318529,"fa3_native","fifo","fifo",128,6,"1;1;1;1;1;1;1;1;1;1;1;1;1;1;1;1;1;1;1"
"2",8,"fa3_native_fifo",16,"case_000076",22,21,1,0.44145600497722626,0.44672960340976714,1766.9503369338925,46.027327232864835,"fa3_native","fifo","fifo",128,1,"1;1;1;1;1;1;1;1;1;1;1;1;1;1;1;1;1;1;1;1;1;1"
"2",8,"fa3_native_fifo",16,"case_000077",15,15,0,0.08566399663686752,0.08782399818301201,610.1969189878254,150.31304288292253,"fa3_native","fifo","fifo",128,29,"16;1;2;1;1;1;1;3;3;1;1;1;1;1;2"
"2",8,"fa3_native_fifo",16,"case_000078",21,20,1,0.5809920132160187,0.5862271845340729,2761.41277349278,30.615222921122225,"fa3_native","fifo","fifo",128,1,"1;1;1;1;1;1;1;1;1;1;1;1;1;1;1;1;1;1;1;1;1"
"2",8,"fa3_native_fifo",16,"case_000079",25,25,0,0.10260799899697304,0.10408640205860138,799.314639967002,197.00857825515473,"fa3_native","fifo","fifo",128,29,"1;1;5;1;1;1;2;3;3;1;1;3;1;1;1;1;1;1;2;1;1;1;1;6;2"
"2",8,"fa3_native_fifo",16,"case_000080",17,17,0,0.0896959975361824,0.09170559793710709,551.6770012400943,136.13628629387014,"fa3_native","fifo","fifo",128,29,"3;1;3;2;1;2;1;1;3;3;3;1;1;1;8;1;1"
"2",8,"fa3_native_fifo",16,"case_000081",14,13,1,1.306160032749176,1.3117728233337402,4164.547673570232,13.94117684161048,"fa3_native","fifo","fifo",128,1,"1;1;1;1;1;1;1;1;1;1;1;1;1;1"
"2",8,"fa3_native_fifo",16,"case_000082",21,21,0,0.09854399785399437,0.10069439932703972,565.8891138009542,139.78633199365012,"fa3_native","fifo","fifo",128,29,"5;3;2;1;1;1;1;2;2;2;1;3;2;2;1;1;2;2;1;2;1"
"2",8,"fa3_native_fifo",16,"case_000083",16,16,0,0.08687999844551086,0.08877439796924591,527.042814586583,130.08103363500868,"fa3_native","fifo","fifo",128,29,"1;1;1;1;2;2;1;2;4;6;5;1;3;1;2;1"
"2",8,"fa3_native_fifo",16,"case_000084",19,18,1,0.48283199965953827,0.48994879722595214,2166.302829774214,31.351691707828085,"fa3_native","fifo","fifo",128,1,"1;1;1;1;1;1;1;1;1;1;1;1;1;1;1;1;1;1;1"
"2",8,"fa3_native_fifo",16,"case_000085",13,13,0,0.08612800016999245,0.08790399879217148,690.0074561896705,169.61322649042162,"fa3_native","fifo","fifo",128,29,"1;4;2;10;1;1;3;1;2;3;2;4;1"
"2",8,"fa3_native_fifo",16,"case_000086",15,14,1,0.48608000576496124,0.4918335974216461,2210.4286199986927,45.38617457692245,"fa3_native","fifo","fifo",128,1,"1;1;1;1;1;1;1;1;1;1;1;1;1;1;1"
"2",8,"fa3_native_fifo",16,"case_000087",21,21,0,0.09707200154662132,0.10071359872817993,721.6993905122417,177.8506647120938,"fa3_native","fifo","fifo",128,29,"1;1;1;1;1;1;2;2;2;4;1;3;1;2;3;2;4;1;4;1;1"
"2",8,"fa3_native_fifo",16,"case_000088",12,12,0,0.08152000233530998,0.08413439989089966,475.86595064653454,117.30402019208478,"fa3_native","fifo","fifo",128,29,"1;2;2;1;4;7;2;6;1;8;1;1"
"2",8,"fa3_native_fifo",16,"case_000089",12,11,1,0.6198879778385162,0.6266559839248658,2991.155091526913,19.13801271217826,"fa3_native","fifo","fifo",128,1,"1;1;1;1;1;1;1;1;1;1;1;1"
"2",8,"fa3_native_fifo",16,"case_000090",15,15,0,0.0846719965338707,0.08938559964299203,569.816162403823,140.47014936328068,"fa3_native","fifo","fifo",128,29,"6;7;1;1;5;3;3;1;1;1;1;1;1;1;1"
"2",8,"fa3_native_fifo",16,"case_000091",19,19,0,0.08832000195980072,0.09340160191059113,541.6410778361801,133.8818810871625,"fa3_native","fifo","fifo",128,27,"1;1;1;1;1;1;1;2;2;1;2;1;5;2;2;4;5;2;1"
"2",8,"fa3_native_fifo",16,"case_000092",15,14,1,0.6211840212345123,0.6277183949947357,3010.0125540191816,25.262517166512286,"fa3_native","fifo","fifo",128,1,"1;1;1;1;1;1;1;1;1;1;1;1;1;1;1"
"2",8,"fa3_native_fifo",16,"case_000093",19,18,1,0.4851839989423752,0.49035840630531313,2161.546354797572,32.60229528278137,"fa3_native","fifo","fifo",128,1,"1;1;1;1;1;1;1;1;1;1;1;1;1;1;1;1;1;1;1"
"2",8,"fa3_native_fifo",16,"case_000094",31,31,0,0.11547200009226799,0.1167072020471096,834.8541315207989,205.87501715571156,"fa3_native","fifo","fifo",128,29,"1;1;1;5;1;1;1;2;2;1;1;1;1;1;1;3;2;1;1;1;3;1;1;3;2;2;1;1;1;2;1"
"2",8,"fa3_native_fifo",16,"case_000095",20,19,1,0.30425600707530975,0.30957440137863157,1557.7271156480008,46.19204772683843,"fa3_native","fifo","fifo",128,3,"1;1;1;1;1;1;1;1;1;1;1;1;1;1;1;1;1;1;1;1"
"2",8,"fa3_native_fifo",16,"case_000096",12,12,0,0.07585599645972252,0.07750720158219337,325.36116599700495,80.64374980886485,"fa3_native","fifo","fifo",128,29,"1;2;1;10;2;2;2;1;2;4;1;1"
"2",8,"fa3_native_fifo",16,"case_000097",12,12,0,0.07494399696588516,0.07605119794607162,384.7861607531677,95.16652819099829,"fa3_native","fifo","fifo",128,29,"1;2;1;2;2;1;4;1;1;1;4;13"
"2",8,"fa3_native_fifo",16,"case_000098",23,22,1,0.24235200136899948,0.24771839380264282,1070.5643776589338,86.63418449774643,"fa3_native","fifo","fifo",128,2,"1;1;1;1;1;1;1;1;1;1;1;1;1;1;1;1;1;1;1;1;1;1;1"
"2",8,"fa3_native_fifo",16,"case_000099",22,20,2,0.5779680013656616,0.5899231851100921,1903.6389853975882,39.08745111601294,"fa3_native","fifo","fifo",128,1,"1;1;1;1;1;1;1;1;1;1;1;1;1;1;1;1;1;1;1;1;1;1"
"2",8,"critical_wave_fifo",16,"case_000000",19,19,0,0.10355199873447418,0.10648959875106812,992.4079033521112,243.690361445423,"critical_wave","fifo","fifo_critical_wave",128,7,"1;7;5;1;5;1;1;1;2;2;1;2;1;1;1;1;2;1;2"
"2",8,"critical_wave_fifo",16,"case_000001",14,14,0,0.07123199850320816,0.07232319936156273,416.0476206022108,103.07727080926013,"critical_wave","fifo","fifo_critical_wave",128,2,"1;1;2;1;1;1;1;1;1;1;1;1;1;1"
"2",8,"critical_wave_fifo",16,"case_000002",14,14,0,0.09679999947547913,0.10019520297646523,1008.3905218277054,247.29520795156506,"critical_wave","fifo","fifo_critical_wave",128,8,"2;2;1;2;6;3;1;1;1;1;7;1;8;1"
"2",8,"critical_wave_fifo",16,"case_000003",8,8,0,0.061583999544382095,0.06399680227041245,299.3942968369934,74.08781556501259,"critical_wave","fifo","fifo_critical_wave",128,3,"3;1;1;1;1;1;1;1"
"2",8,"critical_wave_fifo",16,"case_000004",11,11,0,0.07969600334763527,0.08077119663357735,389.58953111569394,96.17024289872896,"critical_wave","fifo","fifo_critical_wave",176,1,"1;1;1;1;1;1;1;1;1;1;1"
"2",8,"critical_wave_fifo",16,"case_000005",12,12,0,0.07648000121116638,0.07785279676318169,504.92196689926107,124.47196455601126,"critical_wave","fifo","fifo_critical_wave",128,3,"1;1;1;1;1;1;3;1;1;1;1;1"
"2",8,"critical_wave_fifo",16,"case_000006",10,10,0,0.09577599912881851,0.09723840206861496,520.3959151912723,127.8483138926149,"critical_wave","fifo","fifo_critical_wave",128,2,"1;1;1;2;1;1;1;1;1;1"
"2",8,"critical_wave_fifo",16,"case_000007",15,13,2,1.4737600088119507,1.5498752474784852,3449.6163160149217,17.133514173963412,"critical_wave","fifo","fifo_critical_wave",176,1,"1;1;1;1;1;1;1;1;1;1;1;1;1;1;1"
"2",8,"critical_wave_fifo",16,"case_000008",12,11,1,0.27142399549484253,0.27666561007499696,460.4571451103511,42.918887767317365,"critical_wave","fifo","fifo_critical_wave",176,1,"1;1;1;1;1;1;1;1;1;1;1;1"
"2",8,"critical_wave_fifo",16,"case_000009",26,26,0,0.11062400043010712,0.11510079726576805,704.5712393780635,173.81197502569273,"critical_wave","fifo","fifo_critical_wave",176,1,"1;1;1;1;1;1;1;1;1;1;1;1;1;1;1;1;1;1;1;1;1;1;1;1;1;1"
"2",8,"critical_wave_fifo",16,"case_000010",24,24,0,0.09937599673867226,0.10178559869527817,743.2416795197504,183.30253378893934,"critical_wave","fifo","fifo_critical_wave",176,1,"1;1;1;1;1;1;1;1;1;1;1;1;1;1;1;1;1;1;1;1;1;1;1;1"
"2",8,"critical_wave_fifo",16,"case_000011",15,12,3,1.2297599911689758,1.2396031618118286,2679.95606358538,12.119281898114812,"critical_wave","fifo","fifo_critical_wave",176,1,"1;1;1;1;1;1;1;1;1;1;1;1;1;1;1"
"2",8,"critical_wave_fifo",16,"case_000012",17,16,1,0.6321600079536438,0.6392128169536591,2958.1458839154034,24.94457068083993,"critical_wave","fifo","fifo_critical_wave",176,1,"1;1;1;1;1;1;1;1;1;1;1;1;1;1;1;1;1"
"2",8,"critical_wave_fifo",16,"case_000013",17,17,0,0.08265599980950356,0.08702719882130623,546.6582188363391,135.03445637005885,"critical_wave","fifo","fifo_critical_wave",176,1,"1;1;1;1;1;1;1;1;1;1;1;1;1;1;1;1;1"
"2",8,"critical_wave_fifo",16,"case_000014",18,18,0,0.08180799707770348,0.0833952009677887,546.4206790143171,135.08625555889517,"critical_wave","fifo","fifo_critical_wave",128,2,"1;1;1;1;1;1;1;1;1;1;1;1;1;1;2;1;1;1"
"2",8,"critical_wave_fifo",16,"case_000015",16,15,1,0.63332799077034,0.6421888172626495,2953.689458399991,25.130384622099303,"critical_wave","fifo","fifo_critical_wave",176,1,"1;1;1;1;1;1;1;1;1;1;1;1;1;1;1;1"
"2",8,"critical_wave_fifo",16,"case_000016",22,21,1,0.38411200046539307,0.395017597079277,613.1879367752806,46.45111836751252,"critical_wave","fifo","fifo_critical_wave",176,1,"1;1;1;1;1;1;1;1;1;1;1;1;1;1;1;1;1;1;1;1;1;1"
"2",8,"critical_wave_fifo",16,"case_000017",14,14,0,0.07462400197982788,0.075804802775383,541.9787712126838,133.7538557996139,"critical_wave","fifo","fifo_critical_wave",128,2,"2;1;1;1;1;1;1;1;1;1;1;1;1;1"
"2",8,"critical_wave_fifo",16,"case_000018",22,22,0,0.09118400141596794,0.09526080191135407,610.399580624822,150.8685710911447,"critical_wave","fifo","fifo_critical_wave",128,3,"1;1;1;1;1;1;1;1;1;1;1;1;1;1;1;3;1;1;1;1;1;1"
"2",8,"critical_wave_fifo",16,"case_000019",16,16,0,0.10024000331759453,0.10171199887990952,373.8873134037659,92.50183253308485,"critical_wave","fifo","fifo_critical_wave",176,1,"1;1;1;1;1;1;1;1;1;1;1;1;1;1;1;1"
"2",8,"critical_wave_fifo",16,"case_000020",13,13,0,0.0825440026819706,0.08429440036416054,329.72044673991394,81.70265289876777,"critical_wave","fifo","fifo_critical_wave",128,2,"1;1;1;1;1;1;1;1;1;2;1;1;1"
"2",8,"critical_wave_fifo",16,"case_000021",12,12,0,0.0772479996085167,0.07864320203661919,477.9831805499487,117.88318203900809,"critical_wave","fifo","fifo_critical_wave",128,2,"1;1;1;1;1;1;1;2;1;1;1;1"
"2",8,"critical_wave_fifo",16,"case_000022",11,11,0,0.07014399766921997,0.07165440171957016,511.8860316077461,126.17153703920647,"critical_wave","fifo","fifo_critical_wave",128,4,"1;1;1;4;1;1;1;1;1;1;1"
"2",8,"critical_wave_fifo",16,"case_000023",16,15,1,0.8000639975070953,0.8116000115871429,3384.7034473913873,24.7489001651076,"critical_wave","fifo","fifo_critical_wave",176,1,"1;1;1;1;1;1;1;1;1;1;1;1;1;1;1;1"
"2",8,"critical_wave_fifo",16,"case_000024",15,15,0,0.09164799749851227,0.10467839986085892,733.5801764472963,180.34846860967488,"critical_wave","fifo","fifo_critical_wave",128,8,"7;1;1;8;1;1;1;2;6;2;1;3;1;1;1"
"2",8,"critical_wave_fifo",16,"case_000025",18,18,0,0.09112000092864037,0.0955807976424694,706.8135204524192,174.07269357275098,"critical_wave","fifo","fifo_critical_wave",128,2,"1;1;1;1;1;1;1;1;2;1;1;1;1;1;1;1;1;1"
"2",8,"critical_wave_fifo",16,"case_000026",20,20,0,0.08734400197863579,0.08851520344614983,538.6341171258388,133.25370645195375,"critical_wave","fifo","fifo_critical_wave",176,1,"1;1;1;1;1;1;1;1;1;1;1;1;1;1;1;1;1;1;1;1"
"2",8,"critical_wave_fifo",16,"case_000027",18,18,0,0.07771200314164162,0.08161280229687691,468.4029227975845,116.12764611859885,"critical_wave","fifo","fifo_critical_wave",128,2,"1;1;1;1;1;1;1;1;1;1;2;1;1;1;1;1;1;1"
"2",8,"critical_wave_fifo",16,"case_000028",19,19,0,0.10396800190210342,0.10535039752721786,1079.6407804941095,264.98183571846283,"critical_wave","fifo","fifo_critical_wave",128,7,"1;1;3;2;3;1;1;1;1;7;2;1;1;2;1;2;1;6;1"
"2",8,"critical_wave_fifo",16,"case_000029",18,18,0,0.09836799651384354,0.09963519871234894,578.1889287538332,142.55888598916906,"critical_wave","fifo","fifo_critical_wave",176,1,"1;1;1;1;1;1;1;1;1;1;1;1;1;1;1;1;1;1"
"2",8,"critical_wave_fifo",16,"case_000030",22,22,0,0.08903999999165535,0.09008320048451424,803.4754818363064,198.05067387300835,"critical_wave","fifo","fifo_critical_wave",128,4,"1;1;1;1;1;1;1;1;1;1;1;1;4;1;1;1;1;1;1;1;1;1"
"2",8,"critical_wave_fifo",16,"case_000031",10,10,0,0.07390399649739265,0.07523519918322563,594.7190097838705,146.22992682650485,"critical_wave","fifo","fifo_critical_wave",128,8,"7;1;1;3;1;1;1;3;8;7"
"2",8,"critical_wave_fifo",16,"case_000032",18,18,0,0.0854560025036335,0.08680319786071777,660.5319379595361,162.87361440067593,"critical_wave","fifo","fifo_critical_wave",128,4,"1;1;1;1;1;4;1;1;1;1;1;1;1;1;1;1;1;1"
"2",8,"critical_wave_fifo",16,"case_000033",15,15,0,0.09196799993515015,0.09344320297241211,573.5981966466353,141.28601262572175,"critical_wave","fifo","fifo_critical_wave",176,1,"1;1;1;1;1;1;1;1;1;1;1;1;1;1;1"
"2",8,"critical_wave_fifo",16,"case_000034",19,19,0,0.09372799843549728,0.09564479738473892,755.9112888211129,186.09901300734478,"critical_wave","fifo","fifo_critical_wave",128,3,"1;1;1;1;1;1;1;1;1;1;1;1;1;3;1;1;1;1;1"
"2",8,"critical_wave_fifo",16,"case_000035",17,16,1,0.46584001183509827,0.4727776080369949,1834.1751071019178,21.770770527092544,"critical_wave","fifo","fifo_critical_wave",176,1,"1;1;1;1;1;1;1;1;1;1;1;1;1;1;1;1;1"
"2",8,"critical_wave_fifo",16,"case_000036",23,22,1,0.2619680017232895,0.26645120084285734,2008.221780229847,52.371831329582896,"critical_wave","fifo","fifo_critical_wave",176,1,"1;1;1;1;1;1;1;1;1;1;1;1;1;1;1;1;1;1;1;1;1;1;1"
"2",8,"critical_wave_fifo",16,"case_000037",17,17,0,0.10200000181794167,0.10352319851517677,523.6776063527908,129.12564475742266,"critical_wave","fifo","fifo_critical_wave",176,1,"1;1;1;1;1;1;1;1;1;1;1;1;1;1;1;1;1"
"2",8,"critical_wave_fifo",16,"case_000038",15,15,0,0.10369599983096123,0.10465279966592789,476.76782796435975,117.50470625542789,"critical_wave","fifo","fifo_critical_wave",176,1,"1;1;1;1;1;1;1;1;1;1;1;1;1;1;1"
"2",8,"critical_wave_fifo",16,"case_000039",25,25,0,0.12188799679279327,0.12527040690183638,1434.8442152290793,351.8724167147511,"critical_wave","fifo","fifo_critical_wave",128,4,"2;1;1;1;1;1;1;3;1;1;1;1;1;1;1;4;1;1;1;4;1;1;1;1;2"
"2",8,"critical_wave_fifo",16,"case_000040",16,16,0,0.08044800162315369,0.08129280060529709,524.7311524995114,129.6292734386407,"critical_wave","fifo","fifo_critical_wave",128,2,"1;1;1;1;2;1;1;1;1;1;1;1;1;1;1;1"
"2",8,"critical_wave_fifo",16,"case_000041",24,24,0,0.09852799773216248,0.09997440129518509,647.279760270434,159.89022777895684,"critical_wave","fifo","fifo_critical_wave",128,2,"1;1;1;1;1;1;1;1;2;1;1;1;1;1;1;1;1;1;1;1;1;1;1;1"
"2",8,"critical_wave_fifo",16,"case_000042",23,22,1,0.4733920097351074,0.4784704059362411,1992.5794329815992,32.03501471958903,"critical_wave","fifo","fifo_critical_wave",176,1,"1;1;1;1;1;1;1;1;1;1;1;1;1;1;1;1;1;1;1;1;1;1;1"
"2",8,"critical_wave_fifo",16,"case_000043",13,13,0,0.0782880000770092,0.08213759809732438,526.4460800053496,129.79685251896137,"critical_wave","fifo","fifo_critical_wave",128,2,"1;1;1;1;1;1;1;1;1;1;1;1;2"
"2",8,"critical_wave_fifo",16,"case_000044",16,16,0,0.08416000008583069,0.09149440303444863,561.5195492372195,138.54372609444744,"critical_wave","fifo","fifo_critical_wave",176,1,"1;1;1;1;1;1;1;1;1;1;1;1;1;1;1;1"
"2",8,"critical_wave_fifo",16,"case_000045",7,6,1,0.28860801458358765,0.2930463880300522,1543.3167704460882,24.21421321262716,"critical_wave","fifo","fifo_critical_wave",176,1,"1;1;1;1;1;1;1"
"2",8,"critical_wave_fifo",16,"case_000046",13,13,0,0.07187200337648392,0.07322559878230095,403.23349129686943,99.82902469569379,"critical_wave","fifo","fifo_critical_wave",128,2,"1;1;2;1;1;1;1;1;1;1;1;1;1"
"2",8,"critical_wave_fifo",16,"case_000047",16,16,0,0.07884799689054489,0.07974400371313095,368.80624831050216,91.59253607958198,"critical_wave","fifo","fifo_critical_wave",128,2,"1;1;1;1;1;1;1;1;1;1;1;1;1;2;1;1"
"2",8,"critical_wave_fifo",16,"case_000048",21,20,1,0.4567840099334717,0.4636288046836853,1744.953638048952,46.487231466558384,"critical_wave","fifo","fifo_critical_wave",176,1,"1;1;1;1;1;1;1;1;1;1;1;1;1;1;1;1;1;1;1;1;1"
"2",8,"critical_wave_fifo",16,"case_000049",21,21,0,0.0997759997844696,0.10158079788088799,845.500840825761,208.0307894166629,"critical_wave","fifo","fifo_critical_wave",128,3,"1;3;1;1;1;1;1;1;1;1;1;1;1;1;1;1;1;1;1;1;1"
"2",8,"critical_wave_fifo",16,"case_000050",17,17,0,0.10257599875330925,0.10393920168280602,529.0759371743301,130.43643895856636,"critical_wave","fifo","fifo_critical_wave",176,1,"1;1;1;1;1;1;1;1;1;1;1;1;1;1;1;1;1"
"2",8,"critical_wave_fifo",16,"case_000051",22,22,0,0.12919999659061432,0.1311072066426277,571.7600210321241,140.89213994083315,"critical_wave","fifo","fifo_critical_wave",176,1,"1;1;1;1;1;1;1;1;1;1;1;1;1;1;1;1;1;1;1;1;1;1"
"2",8,"critical_wave_fifo",16,"case_000052",23,23,0,0.13592000305652618,0.1408383995294571,737.3195210297497,181.3038217027672,"critical_wave","fifo","fifo_critical_wave",176,1,"1;1;1;1;1;1;1;1;1;1;1;1;1;1;1;1;1;1;1;1;1;1;1"
"2",8,"critical_wave_fifo",16,"case_000053",23,23,0,0.13606400042772293,0.1376383975148201,800.1697811158649,196.64675385031805,"critical_wave","fifo","fifo_critical_wave",176,1,"1;1;1;1;1;1;1;1;1;1;1;1;1;1;1;1;1;1;1;1;1;1;1"
"2",8,"critical_wave_fifo",16,"case_000054",20,20,0,0.09099199995398521,0.09191039949655533,543.002694137794,134.25004402779902,"critical_wave","fifo","fifo_critical_wave",176,1,"1;1;1;1;1;1;1;1;1;1;1;1;1;1;1;1;1;1;1;1"
"2",8,"critical_wave_fifo",16,"case_000055",19,19,0,0.09299200028181076,0.09485119953751564,656.6327743349301,161.87336496023684,"critical_wave","fifo","fifo_critical_wave",128,2,"1;1;1;1;1;1;1;1;1;1;1;2;1;1;1;1;1;1;1"
"2",8,"critical_wave_fifo",16,"case_000056",12,12,0,0.07899199798703194,0.08012799918651581,385.0256691189535,95.16224670293907,"critical_wave","fifo","fifo_critical_wave",128,2,"1;1;1;1;2;1;1;1;1;1;1;1"
"2",8,"critical_wave_fifo",16,"case_000057",13,13,0,0.0751039981842041,0.07619199901819229,471.04699221513096,116.3255247553181,"critical_wave","fifo","fifo_critical_wave",128,2,"1;1;2;1;1;1;1;1;1;1;1;1;1"
"2",8,"critical_wave_fifo",16,"case_000058",19,18,1,0.3786720037460327,0.3833503991365433,584.0179094632025,37.785608279603125,"critical_wave","fifo","fifo_critical_wave",176,1,"1;1;1;1;1;1;1;1;1;1;1;1;1;1;1;1;1;1;1"
"2",8,"critical_wave_fifo",16,"case_000059",24,24,0,0.11753600090742111,0.11913919821381569,1201.4226969592607,294.87775432566787,"critical_wave","fifo","fifo_critical_wave",128,6,"1;5;1;1;2;1;1;1;1;4;1;1;6;5;2;1;3;1;2;1;2;2;1;1"
"2",8,"critical_wave_fifo",16,"case_000060",29,28,1,0.3896320015192032,0.39429440498352053,690.7835347573081,66.99556478477159,"critical_wave","fifo","fifo_critical_wave",176,1,"1;1;1;1;1;1;1;1;1;1;1;1;1;1;1;1;1;1;1;1;1;1;1;1;1;1;1;1;1"
"2",8,"critical_wave_fifo",16,"case_000061",24,23,1,0.4562079906463623,0.4639391928911209,1663.3943538885512,26.146389902333713,"critical_wave","fifo","fifo_critical_wave",176,1,"1;1;1;1;1;1;1;1;1;1;1;1;1;1;1;1;1;1;1;1;1;1;1;1"
"2",8,"critical_wave_fifo",16,"case_000062",23,23,0,0.0888959988951683,0.09046720340847969,697.7575896655046,172.3297357630867,"critical_wave","fifo","fifo_critical_wave",128,2,"1;1;1;1;1;1;1;1;1;1;2;1;1;1;1;1;1;1;1;1;1;1;1"
"2",8,"critical_wave_fifo",16,"case_000063",18,17,1,0.5020799934864044,0.5103743970394135,2118.89998618877,38.83709419409084,"critical_wave","fifo","fifo_critical_wave",176,1,"1;1;1;1;1;1;1;1;1;1;1;1;1;1;1;1;1;1"
"2",8,"critical_wave_fifo",16,"case_000064",18,18,0,0.12220799922943115,0.12442560121417046,596.9005704041715,146.85415122709836,"critical_wave","fifo","fifo_critical_wave",176,1,"1;1;1;1;1;1;1;1;1;1;1;1;1;1;1;1;1;1"
"2",8,"critical_wave_fifo",16,"case_000065",23,23,0,0.09583999961614609,0.09875839948654175,759.0318828397053,187.14591059929768,"critical_wave","fifo","fifo_critical_wave",128,2,"1;1;1;1;1;1;1;1;1;1;1;1;1;1;1;1;1;1;2;1;1;1;1"
"2",8,"critical_wave_fifo",16,"case_000066",15,15,0,0.07105599716305733,0.07428799942135811,461.4839148446776,114.28147270054586,"critical_wave","fifo","fifo_critical_wave",128,4,"4;1;1;1;1;1;1;1;1;1;1;1;1;1;1"
"2",8,"critical_wave_fifo",16,"case_000067",12,12,0,0.07687999680638313,0.07789439707994461,576.4883685884882,141.93798716565493,"critical_wave","fifo","fifo_critical_wave",128,2,"2;1;1;1;1;1;1;1;1;1;1;1"
"2",8,"critical_wave_fifo",16,"case_000068",15,15,0,0.08171200007200241,0.083651202917099,410.02187079593494,101.50695115394623,"critical_wave","fifo","fifo_critical_wave",176,1,"1;1;1;1;1;1;1;1;1;1;1;1;1;1;1"
"2",8,"critical_wave_fifo",16,"case_000069",12,12,0,0.07870400324463844,0.08049920126795769,437.97471176725975,108.09351048581571,"critical_wave","fifo","fifo_critical_wave",176,1,"1;1;1;1;1;1;1;1;1;1;1;1"
"2",8,"critical_wave_fifo",16,"case_000070",23,22,1,0.11695999652147293,0.11939520016312599,781.7992287235788,174.9351625215176,"critical_wave","fifo","fifo_critical_wave",128,3,"3;1;1;1;1;1;1;1;1;1;1;1;1;2;1;1;1;2;1;1;1;1;1"
"2",8,"critical_wave_fifo",16,"case_000071",19,19,0,0.08126400038599968,0.08253120258450508,594.9804893967528,147.04705580872076,"critical_wave","fifo","fifo_critical_wave",128,2,"1;1;1;1;1;1;1;1;1;1;1;1;2;1;1;1;1;1;1"
"2",8,"critical_wave_fifo",16,"case_000072",13,13,0,0.08881599828600883,0.08982719853520393,325.9312186840572,80.69248939725065,"critical_wave","fifo","fifo_critical_wave",176,1,"1;1;1;1;1;1;1;1;1;1;1;1;1"
"2",8,"critical_wave_fifo",16,"case_000073",16,15,1,0.6715199947357178,0.6924256026744843,3159.960478048195,15.527567431709402,"critical_wave","fifo","fifo_critical_wave",176,1,"1;1;1;1;1;1;1;1;1;1;1;1;1;1;1;1"
"2",8,"critical_wave_fifo",16,"case_000074",16,15,1,0.7790240049362183,0.7900799930095672,3461.1977944129735,21.774692297689633,"critical_wave","fifo","fifo_critical_wave",176,1,"1;1;1;1;1;1;1;1;1;1;1;1;1;1;1;1"
"2",8,"critical_wave_fifo",16,"case_000075",19,18,1,0.12481599673628807,0.12644480168819427,638.1443202371429,120.11844949391117,"critical_wave","fifo","fifo_critical_wave",176,1,"1;1;1;1;1;1;1;1;1;1;1;1;1;1;1;1;1;1;1"
"2",8,"critical_wave_fifo",16,"case_000076",22,21,1,0.4544160068035126,0.4601695865392685,1716.5566904716932,44.714622055085,"critical_wave","fifo","fifo_critical_wave",176,1,"1;1;1;1;1;1;1;1;1;1;1;1;1;1;1;1;1;1;1;1;1;1"
"2",8,"critical_wave_fifo",16,"case_000077",15,15,0,0.08177599683403969,0.08410559967160225,639.208433277594,157.45960304381302,"critical_wave","fifo","fifo_critical_wave",128,5,"5;1;1;1;1;1;1;1;1;1;1;1;1;1;1"
"2",8,"critical_wave_fifo",16,"case_000078",21,20,1,0.585567981004715,0.5911168217658996,2739.8334926702246,30.3759778147036,"critical_wave","fifo","fifo_critical_wave",176,1,"1;1;1;1;1;1;1;1;1;1;1;1;1;1;1;1;1;1;1;1;1"
"2",8,"critical_wave_fifo",16,"case_000079",25,25,0,0.10308800265192986,0.10499520227313042,795.5928300689084,196.09125679011854,"critical_wave","fifo","fifo_critical_wave",128,3,"1;1;3;1;1;1;1;1;1;1;1;2;1;1;1;1;1;1;1;1;1;1;1;3;1"
"2",8,"critical_wave_fifo",16,"case_000080",17,17,0,0.08270399644970894,0.0842944011092186,598.3171438890502,147.64558575383057,"critical_wave","fifo","fifo_critical_wave",128,3,"1;1;1;1;1;1;1;1;1;1;1;1;1;1;3;1;1"
"2",8,"critical_wave_fifo",16,"case_000081",14,13,1,1.313759982585907,1.3283072113990784,4140.456246040593,13.86052874297325,"critical_wave","fifo","fifo_critical_wave",176,1,"1;1;1;1;1;1;1;1;1;1;1;1;1;1"
"2",8,"critical_wave_fifo",16,"case_000082",21,21,0,0.08726400136947632,0.08896319940686226,639.0375726628756,157.8555164079186,"critical_wave","fifo","fifo_critical_wave",128,2,"2;1;1;1;1;1;1;1;1;1;1;1;1;1;1;1;1;1;1;1;1"
"2",8,"critical_wave_fifo",16,"case_000083",16,16,0,0.08712000027298927,0.08823040127754211,525.590894955456,129.72268095256084,"critical_wave","fifo","fifo_critical_wave",128,2,"1;1;1;1;1;1;1;1;1;2;1;1;1;1;1;1"
"2",8,"critical_wave_fifo",16,"case_000084",19,18,1,0.49902400374412537,0.507475209236145,2096.0120541702768,30.334412546138378,"critical_wave","fifo","fifo_critical_wave",176,1,"1;1;1;1;1;1;1;1;1;1;1;1;1;1;1;1;1;1;1"
"2",8,"critical_wave_fifo",16,"case_000085",13,13,0,0.0881120003759861,0.08942400217056275,674.4706969585118,165.7940795540191,"critical_wave","fifo","fifo_critical_wave",128,3,"1;1;1;3;1;1;1;1;1;1;1;1;1"
"2",8,"critical_wave_fifo",16,"case_000086",15,14,1,0.49961599707603455,0.5053664207458496,2150.541941491286,44.156536478239666,"critical_wave","fifo","fifo_critical_wave",176,1,"1;1;1;1;1;1;1;1;1;1;1;1;1;1;1"
"2",8,"critical_wave_fifo",16,"case_000087",21,21,0,0.10019200295209885,0.1010208010673523,699.2255098991654,172.31235519120185,"critical_wave","fifo","fifo_critical_wave",176,1,"1;1;1;1;1;1;1;1;1;1;1;1;1;1;1;1;1;1;1;1;1"
"2",8,"critical_wave_fifo",16,"case_000088",12,12,0,0.09497600048780441,0.1002208024263382,408.4462728348015,100.68463560147396,"critical_wave","fifo","fifo_critical_wave",176,1,"1;1;1;1;1;1;1;1;1;1;1;1"
"2",8,"critical_wave_fifo",16,"case_000089",12,11,1,0.6214559972286224,0.6284768044948578,2983.607993738421,19.089724860496695,"critical_wave","fifo","fifo_critical_wave",176,1,"1;1;1;1;1;1;1;1;1;1;1;1"
"2",8,"critical_wave_fifo",16,"case_000090",15,15,0,0.09801600128412247,0.09909440204501152,492.2407718729857,121.34639083594895,"critical_wave","fifo","fifo_critical_wave",128,2,"1;2;1;1;1;1;1;1;1;1;1;1;1;1;1"
"2",8,"critical_wave_fifo",16,"case_000091",19,19,0,0.09241600334644318,0.0944959968328476,517.6348178212052,127.94805630874632,"critical_wave","fifo","fifo_critical_wave",176,1,"1;1;1;1;1;1;1;1;1;1;1;1;1;1;1;1;1;1;1"
"2",8,"critical_wave_fifo",16,"case_000092",15,14,1,0.6282880008220673,0.6409824252128601,2975.9786910231383,24.9768768136067,"critical_wave","fifo","fifo_critical_wave",176,1,"1;1;1;1;1;1;1;1;1;1;1;1;1;1;1"
"2",8,"critical_wave_fifo",16,"case_000093",19,18,1,0.5031200051307678,0.5105727791786194,2084.488181000507,31.44003784124755,"critical_wave","fifo","fifo_critical_wave",176,1,"1;1;1;1;1;1;1;1;1;1;1;1;1;1;1;1;1;1;1"
"2",8,"critical_wave_fifo",16,"case_000094",31,31,0,0.10742399841547012,0.10901120230555535,897.3998154412126,221.29878193564318,"critical_wave","fifo","fifo_critical_wave",128,2,"1;1;1;2;1;1;1;1;1;1;1;1;1;1;1;1;1;1;1;1;1;1;1;1;1;1;1;1;1;1;1"
"2",8,"critical_wave_fifo",16,"case_000095",20,19,1,0.306319996714592,0.30918399393558504,1547.2311223664324,45.88080487965907,"critical_wave","fifo","fifo_critical_wave",176,1,"1;1;1;1;1;1;1;1;1;1;1;1;1;1;1;1;1;1;1;1"
"2",8,"critical_wave_fifo",16,"case_000096",12,12,0,0.07015999779105186,0.07126399874687195,351.7758870161729,87.19088073831433,"critical_wave","fifo","fifo_critical_wave",128,2,"1;1;1;2;1;1;1;1;1;1;1;1"
"2",8,"critical_wave_fifo",16,"case_000097",12,12,0,0.0703199990093708,0.07145920023322105,410.08835708540244,101.42434727636405,"critical_wave","fifo","fifo_critical_wave",128,3,"1;1;1;1;1;1;1;1;1;1;1;3"
"2",8,"critical_wave_fifo",16,"case_000098",23,22,1,0.24131199717521667,0.24566079974174498,1075.1782860245064,87.00755969772537,"critical_wave","fifo","fifo_critical_wave",176,1,"1;1;1;1;1;1;1;1;1;1;1;1;1;1;1;1;1;1;1;1;1;1;1"
"2",8,"critical_wave_fifo",16,"case_000099",22,20,2,0.5944640040397644,0.6034847736358643,1850.8141994050889,38.00279890199851,"critical_wave","fifo","fifo_critical_wave",176,1,"1;1;1;1;1;1;1;1;1;1;1;1;1;1;1;1;1;1;1;1;1;1"
"2",8,"critical_wave_release_lpt",16,"case_000000",19,19,0,0.1247200034558773,0.1336384028196335,823.9722506771408,202.33020606776486,"critical_wave","release_lpt","release_lpt_critical_wave",128,7,"1;7;5;1;5;1;1;1;2;2;1;2;1;1;1;1;2;1;2"
"2",8,"critical_wave_release_lpt",16,"case_000001",14,14,0,0.07241600006818771,0.07574080228805542,409.24524221297094,101.3919574829639,"critical_wave","release_lpt","release_lpt_critical_wave",128,2,"1;1;2;1;1;1;1;1;1;1;1;1;1;1"
"2",8,"critical_wave_release_lpt",16,"case_000002",14,14,0,0.09779199957847595,0.09922880232334137,998.1614283862591,244.7866502697916,"critical_wave","release_lpt","release_lpt_critical_wave",128,8,"2;2;1;2;6;3;1;1;1;1;7;1;8;1"
"2",8,"critical_wave_release_lpt",16,"case_000003",8,8,0,0.06313599646091461,0.06428159773349762,292.03464384084424,72.26660313858463,"critical_wave","release_lpt","release_lpt_critical_wave",128,3,"3;1;1;1;1;1;1;1"
"2",8,"critical_wave_release_lpt",16,"case_000004",11,11,0,0.07958400249481201,0.08623040020465851,390.13781165409506,96.30558604412529,"critical_wave","release_lpt","release_lpt_critical_wave",176,1,"1;1;1;1;1;1;1;1;1;1;1"
"2",8,"critical_wave_release_lpt",16,"case_000005",12,12,0,0.07795199751853943,0.07936320081353188,495.3873392508743,122.12151456075178,"critical_wave","release_lpt","release_lpt_critical_wave",128,3,"1;1;1;1;1;1;3;1;1;1;1;1"
"2",8,"critical_wave_release_lpt",16,"case_000006",10,10,0,0.09598400071263313,0.09756799787282944,519.2681941776992,127.57126092982676,"critical_wave","release_lpt","release_lpt_critical_wave",128,2,"1;1;1;2;1;1;1;1;1;1"
"2",8,"critical_wave_release_lpt",16,"case_000007",15,13,2,1.5057599544525146,1.5600063800811768,3376.3061351545093,16.769398020802726,"critical_wave","release_lpt","release_lpt_critical_wave",176,1,"1;1;1;1;1;1;1;1;1;1;1;1;1;1;1"
"2",8,"critical_wave_release_lpt",16,"case_000008",12,11,1,0.2693119943141937,0.27706240117549896,464.06814667969337,43.25546669269177,"critical_wave","release_lpt","release_lpt_critical_wave",176,1,"1;1;1;1;1;1;1;1;1;1;1;1"
"2",8,"critical_wave_release_lpt",16,"case_000009",26,26,0,0.11044799908995628,0.11200000271201134,705.6939893000541,174.08894826912714,"critical_wave","release_lpt","release_lpt_critical_wave",176,1,"1;1;1;1;1;1;1;1;1;1;1;1;1;1;1;1;1;1;1;1;1;1;1;1;1;1"
"2",8,"critical_wave_release_lpt",16,"case_000010",24,24,0,0.09904000163078308,0.10094080045819283,745.7631411936802,183.92439115568675,"critical_wave","release_lpt","release_lpt_critical_wave",176,1,"1;1;1;1;1;1;1;1;1;1;1;1;1;1;1;1;1;1;1;1;1;1;1;1"
"2",8,"critical_wave_release_lpt",16,"case_000011",15,12,3,1.2358880043029785,1.2441312313079833,2666.6677996819985,12.059189787512757,"critical_wave","release_lpt","release_lpt_critical_wave",176,1,"1;1;1;1;1;1;1;1;1;1;1;1;1;1;1"
"2",8,"critical_wave_release_lpt",16,"case_000012",17,16,1,0.6409279704093933,0.6532127976417541,2917.6781352037456,24.603326314386877,"critical_wave","release_lpt","release_lpt_critical_wave",176,1,"1;1;1;1;1;1;1;1;1;1;1;1;1;1;1;1;1"
"2",8,"critical_wave_release_lpt",16,"case_000013",17,17,0,0.0857279971241951,0.08746560290455818,527.069138994821,130.19559973890844,"critical_wave","release_lpt","release_lpt_critical_wave",176,1,"1;1;1;1;1;1;1;1;1;1;1;1;1;1;1;1;1"
"2",8,"critical_wave_release_lpt",16,"case_000014",18,18,0,0.08427200093865395,0.08578239753842354,530.4440480123482,131.1365088867975,"critical_wave","release_lpt","release_lpt_critical_wave",128,2,"1;1;1;1;1;1;1;1;1;1;1;1;1;1;2;1;1;1"
"2",8,"critical_wave_release_lpt",16,"case_000015",16,15,1,0.6319519877433777,0.6407040238380433,2960.120778681106,25.18510315448689,"critical_wave","release_lpt","release_lpt_critical_wave",176,1,"1;1;1;1;1;1;1;1;1;1;1;1;1;1;1;1"
"2",8,"critical_wave_release_lpt",16,"case_000016",22,21,1,0.3827519863843918,0.3922591954469681,615.3667477494371,46.61617087489424,"critical_wave","release_lpt","release_lpt_critical_wave",176,1,"1;1;1;1;1;1;1;1;1;1;1;1;1;1;1;1;1;1;1;1;1;1"
"2",8,"critical_wave_release_lpt",16,"case_000017",14,14,0,0.0756320022046566,0.08460480123758317,534.7554436884901,131.97122526243874,"critical_wave","release_lpt","release_lpt_critical_wave",128,2,"2;1;1;1;1;1;1;1;1;1;1;1;1;1"
"2",8,"critical_wave_release_lpt",16,"case_000018",22,22,0,0.0920960009098053,0.09588799998164177,604.354973876766,149.37456419495123,"critical_wave","release_lpt","release_lpt_critical_wave",128,3,"1;1;1;1;1;1;1;1;1;1;1;1;1;1;1;3;1;1;1;1;1;1"
"2",8,"critical_wave_release_lpt",16,"case_000019",16,16,0,0.10038399696350098,0.1021152026951313,373.3509988611725,92.36914528688655,"critical_wave","release_lpt","release_lpt_critical_wave",176,1,"1;1;1;1;1;1;1;1;1;1;1;1;1;1;1;1"
"2",8,"critical_wave_release_lpt",16,"case_000020",13,13,0,0.08204799890518188,0.08396159783005715,331.71370177415866,82.19656895951508,"critical_wave","release_lpt","release_lpt_critical_wave",128,2,"1;1;1;1;1;1;1;1;1;2;1;1;1"
"2",8,"critical_wave_release_lpt",16,"case_000021",12,12,0,0.07760000228881836,0.08817279934883118,475.8149929761071,117.34845014704527,"critical_wave","release_lpt","release_lpt_critical_wave",128,2,"1;1;1;1;1;1;1;2;1;1;1;1"
"2",8,"critical_wave_release_lpt",16,"case_000022",11,11,0,0.07144000008702278,0.07241600006818771,502.59983992528504,123.88264262625124,"critical_wave","release_lpt","release_lpt_critical_wave",128,4,"1;1;1;4;1;1;1;1;1;1;1"
"2",8,"critical_wave_release_lpt",16,"case_000023",16,15,1,0.7781440019607544,0.78264000415802,3480.0491472946887,25.446066473694472,"critical_wave","release_lpt","release_lpt_critical_wave",176,1,"1;1;1;1;1;1;1;1;1;1;1;1;1;1;1;1"
"2",8,"critical_wave_release_lpt",16,"case_000024",15,15,0,0.09139200299978256,0.09305920079350471,735.6349786551889,180.85363552037836,"critical_wave","release_lpt","release_lpt_critical_wave",128,8,"7;1;1;8;1;1;1;2;6;2;1;3;1;1;1"
"2",8,"critical_wave_release_lpt",16,"case_000025",18,18,0,0.09216000139713287,0.09440320283174515,698.837322739056,172.1083307241948,"critical_wave","release_lpt","release_lpt_critical_wave",128,2,"1;1;1;1;1;1;1;1;2;1;1;1;1;1;1;1;1;1"
"2",8,"critical_wave_release_lpt",16,"case_000026",20,20,0,0.0891840010881424,0.09076479822397232,527.5212910161208,130.50448351713916,"critical_wave","release_lpt","release_lpt_critical_wave",176,1,"1;1;1;1;1;1;1;1;1;1;1;1;1;1;1;1;1;1;1;1"
"2",8,"critical_wave_release_lpt",16,"case_000027",18,18,0,0.08118399977684021,0.08237440139055252,448.3707320168792,111.16121433788325,"critical_wave","release_lpt","release_lpt_critical_wave",128,2,"1;1;1;1;1;1;1;1;1;1;2;1;1;1;1;1;1;1"
"2",8,"critical_wave_release_lpt",16,"case_000028",19,19,0,0.10612799972295761,0.1120512031018734,1057.667109650786,259.5887237290544,"critical_wave","release_lpt","release_lpt_critical_wave",128,7,"1;1;3;2;3;1;1;1;1;7;2;1;1;2;1;2;1;6;1"
"2",8,"critical_wave_release_lpt",16,"case_000029",18,18,0,0.09904000163078308,0.10319680199027062,574.2658076685889,141.5915970223629,"critical_wave","release_lpt","release_lpt_critical_wave",176,1,"1;1;1;1;1;1;1;1;1;1;1;1;1;1;1;1;1;1"
"2",8,"critical_wave_release_lpt",16,"case_000030",22,22,0,0.09014400094747543,0.09185599833726883,793.6352518642406,195.62513106418612,"critical_wave","release_lpt","release_lpt_critical_wave",128,4,"1;1;1;1;1;1;1;1;1;1;1;1;4;1;1;1;1;1;1;1;1;1"
"2",8,"critical_wave_release_lpt",16,"case_000031",10,10,0,0.07851200178265572,0.08056320175528527,559.8139216685922,137.64743930382625,"critical_wave","release_lpt","release_lpt_critical_wave",128,8,"7;1;1;3;1;1;1;3;8;7"
"2",8,"critical_wave_release_lpt",16,"case_000032",18,18,0,0.08772799745202065,0.09001919999718666,643.4253668547619,158.65548518433,"critical_wave","release_lpt","release_lpt_critical_wave",128,4,"1;1;1;1;1;4;1;1;1;1;1;1;1;1;1;1;1;1"
"2",8,"critical_wave_release_lpt",16,"case_000033",15,15,0,0.0952640026807785,0.09705600142478943,553.7524923109697,136.39771198299405,"critical_wave","release_lpt","release_lpt_critical_wave",176,1,"1;1;1;1;1;1;1;1;1;1;1;1;1;1;1"
"2",8,"critical_wave_release_lpt",16,"case_000034",19,19,0,0.09497600048780441,0.09744319692254066,745.9784759529608,183.65363787075623,"critical_wave","release_lpt","release_lpt_critical_wave",128,3,"1;1;1;1;1;1;1;1;1;1;1;1;1;3;1;1;1;1;1"
"2",8,"critical_wave_release_lpt",16,"case_000035",17,16,1,0.46801599860191345,0.47295998930931094,1825.6473200754097,21.66954982371523,"critical_wave","release_lpt","release_lpt_critical_wave",176,1,"1;1;1;1;1;1;1;1;1;1;1;1;1;1;1;1;1"
"2",8,"critical_wave_release_lpt",16,"case_000036",23,22,1,0.2690880000591278,0.2726016014814377,1955.0847554272214,50.98608632486512,"critical_wave","release_lpt","release_lpt_critical_wave",176,1,"1;1;1;1;1;1;1;1;1;1;1;1;1;1;1;1;1;1;1;1;1;1;1"
"2",8,"critical_wave_release_lpt",16,"case_000037",17,17,0,0.10657599940896034,0.10819519683718681,501.19273660322006,123.58144491294038,"critical_wave","release_lpt","release_lpt_critical_wave",176,1,"1;1;1;1;1;1;1;1;1;1;1;1;1;1;1;1;1"
"2",8,"critical_wave_release_lpt",16,"case_000038",15,15,0,0.10596800222992897,0.10785920098423958,466.54570783289495,114.98535164946809,"critical_wave","release_lpt","release_lpt_critical_wave",176,1,"1;1;1;1;1;1;1;1;1;1;1;1;1;1;1"
"2",8,"critical_wave_release_lpt",16,"case_000039",25,25,0,0.1271359995007515,0.12829760015010833,1375.6157798796103,337.34759759958064,"critical_wave","release_lpt","release_lpt_critical_wave",128,4,"2;1;1;1;1;1;1;3;1;1;1;1;1;1;1;4;1;1;1;4;1;1;1;1;2"
"2",8,"critical_wave_release_lpt",16,"case_000040",16,16,0,0.08183999732136726,0.08321280032396317,515.8061337934408,127.42444209828058,"critical_wave","release_lpt","release_lpt_critical_wave",128,2,"1;1;1;1;2;1;1;1;1;1;1;1;1;1;1;1"
"2",8,"critical_wave_release_lpt",16,"case_000041",24,24,0,0.09950399771332741,0.10138559713959694,640.9308190384199,158.32192034521626,"critical_wave","release_lpt","release_lpt_critical_wave",128,2,"1;1;1;1;1;1;1;1;2;1;1;1;1;1;1;1;1;1;1;1;1;1;1;1"
"2",8,"critical_wave_release_lpt",16,"case_000042",23,22,1,0.4800640046596527,0.4921472132205963,1964.886292619968,31.58978772164245,"critical_wave","release_lpt","release_lpt_critical_wave",176,1,"1;1;1;1;1;1;1;1;1;1;1;1;1;1;1;1;1;1;1;1;1;1;1"
"2",8,"critical_wave_release_lpt",16,"case_000043",13,13,0,0.07678400352597237,0.0775712013244629,536.7577732262831,132.33923126400717,"critical_wave","release_lpt","release_lpt_critical_wave",128,2,"1;1;1;1;1;1;1;1;1;1;1;1;2"
"2",8,"critical_wave_release_lpt",16,"case_000044",16,16,0,0.0883680023252964,0.09069119766354561,534.7805095563643,131.94640246679234,"critical_wave","release_lpt","release_lpt_critical_wave",176,1,"1;1;1;1;1;1;1;1;1;1;1;1;1;1;1;1"
"2",8,"critical_wave_release_lpt",16,"case_000045",7,6,1,0.2905280143022537,0.29552319943904876,1533.1175207379813,24.0541898060458,"critical_wave","release_lpt","release_lpt_critical_wave",176,1,"1;1;1;1;1;1;1"
"2",8,"critical_wave_release_lpt",16,"case_000046",13,13,0,0.0740639977157116,0.07495999708771706,391.2994132350496,96.87448991803404,"critical_wave","release_lpt","release_lpt_critical_wave",128,2,"1;1;2;1;1;1;1;1;1;1;1;1;1"
"2",8,"critical_wave_release_lpt",16,"case_000047",16,16,0,0.0772479996085167,0.07841280102729797,376.44513861034574,93.48964421861584,"critical_wave","release_lpt","release_lpt_critical_wave",128,2,"1;1;1;1;1;1;1;1;1;1;1;1;1;2;1;1"
"2",8,"critical_wave_release_lpt",16,"case_000048",21,20,1,0.46161599457263947,0.4670239955186844,1726.6882632043944,46.00062443602902,"critical_wave","release_lpt","release_lpt_critical_wave",176,1,"1;1;1;1;1;1;1;1;1;1;1;1;1;1;1;1;1;1;1;1;1"
"2",8,"critical_wave_release_lpt",16,"case_000049",21,21,0,0.09758399799466133,0.1002656027674675,864.4930874487766,212.70372629266075,"critical_wave","release_lpt","release_lpt_critical_wave",128,3,"1;3;1;1;1;1;1;1;1;1;1;1;1;1;1;1;1;1;1;1;1"
"2",8,"critical_wave_release_lpt",16,"case_000050",17,17,0,0.10612800344824791,0.11376319825649263,511.3682619918915,126.0708537358326,"critical_wave","release_lpt","release_lpt_critical_wave",176,1,"1;1;1;1;1;1;1;1;1;1;1;1;1;1;1;1;1"
"2",8,"critical_wave_release_lpt",16,"case_000051",22,22,0,0.1260479986667633,0.1269247978925705,586.0576411315812,144.41533536858836,"critical_wave","release_lpt","release_lpt_critical_wave",176,1,"1;1;1;1;1;1;1;1;1;1;1;1;1;1;1;1;1;1;1;1;1;1"
"2",8,"critical_wave_release_lpt",16,"case_000052",23,23,0,0.1358560025691986,0.1372575953602791,737.6668653337896,181.3892322310022,"critical_wave","release_lpt","release_lpt_critical_wave",176,1,"1;1;1;1;1;1;1;1;1;1;1;1;1;1;1;1;1;1;1;1;1;1;1"
"2",8,"critical_wave_release_lpt",16,"case_000053",23,23,0,0.13636799901723862,0.1384063959121704,798.3860012951934,196.20837874593758,"critical_wave","release_lpt","release_lpt_critical_wave",176,1,"1;1;1;1;1;1;1;1;1;1;1;1;1;1;1;1;1;1;1;1;1;1;1"
"2",8,"critical_wave_release_lpt",16,"case_000054",20,20,0,0.09095999971032143,0.0924640029668808,543.1937255645513,134.29727395451894,"critical_wave","release_lpt","release_lpt_critical_wave",176,1,"1;1;1;1;1;1;1;1;1;1;1;1;1;1;1;1;1;1;1;1"
"2",8,"critical_wave_release_lpt",16,"case_000055",19,19,0,0.09150399640202522,0.09289919957518578,667.3106917398916,164.50568928011148,"critical_wave","release_lpt","release_lpt_critical_wave",128,2,"1;1;1;1;1;1;1;1;1;1;1;2;1;1;1;1;1;1;1"
"2",8,"critical_wave_release_lpt",16,"case_000056",12,12,0,0.07923199981451035,0.08091199770569801,383.8593870052749,94.87399052905573,"critical_wave","release_lpt","release_lpt_critical_wave",128,2,"1;1;1;1;2;1;1;1;1;1;1;1"
"2",8,"critical_wave_release_lpt",16,"case_000057",13,13,0,0.07736000046133995,0.08009599894285202,457.3101375003175,112.93319477636254,"critical_wave","release_lpt","release_lpt_critical_wave",128,2,"1;1;2;1;1;1;1;1;1;1;1;1;1"
"2",8,"critical_wave_release_lpt",16,"case_000058",19,18,1,0.3799999952316284,0.3932191997766495,581.9769336186375,37.65355836722673,"critical_wave","release_lpt","release_lpt_critical_wave",176,1,"1;1;1;1;1;1;1;1;1;1;1;1;1;1;1;1;1;1;1"
"2",8,"critical_wave_release_lpt",16,"case_000059",24,24,0,0.11966400220990181,0.12122239917516708,1180.0576329738979,289.6339029276768,"critical_wave","release_lpt","release_lpt_critical_wave",128,6,"1;5;1;1;2;1;1;1;1;4;1;1;6;5;2;1;3;1;2;1;2;2;1;1"
"2",8,"critical_wave_release_lpt",16,"case_000060",29,28,1,0.39238399267196655,0.403696009516716,685.9387138379287,66.52569036327293,"critical_wave","release_lpt","release_lpt_critical_wave",176,1,"1;1;1;1;1;1;1;1;1;1;1;1;1;1;1;1;1;1;1;1;1;1;1;1;1;1;1;1;1"
"2",8,"critical_wave_release_lpt",16,"case_000061",24,23,1,0.4597280025482178,0.46470399796962736,1650.6581970942893,25.946194127578583,"critical_wave","release_lpt","release_lpt_critical_wave",176,1,"1;1;1;1;1;1;1;1;1;1;1;1;1;1;1;1;1;1;1;1;1;1;1;1"
"2",8,"critical_wave_release_lpt",16,"case_000062",23,23,0,0.0899839997291565,0.09120640158653259,689.3209693578648,170.24608870588156,"critical_wave","release_lpt","release_lpt_critical_wave",128,2,"1;1;1;1;1;1;1;1;1;1;2;1;1;1;1;1;1;1;1;1;1;1;1"
"2",8,"critical_wave_release_lpt",16,"case_000063",18,17,1,0.5038399994373322,0.5091903805732727,2111.4982781281205,38.7014290683075,"critical_wave","release_lpt","release_lpt_critical_wave",176,1,"1;1;1;1;1;1;1;1;1;1;1;1;1;1;1;1;1;1"
"2",8,"critical_wave_release_lpt",16,"case_000064",18,18,0,0.1194400005042553,0.12301439717411995,610.7336247491154,150.2574675505013,"critical_wave","release_lpt","release_lpt_critical_wave",176,1,"1;1;1;1;1;1;1;1;1;1;1;1;1;1;1;1;1;1"
"2",8,"critical_wave_release_lpt",16,"case_000065",23,23,0,0.09271999821066856,0.09607040137052536,784.5730884799535,193.44331693414807,"critical_wave","release_lpt","release_lpt_critical_wave",128,2,"1;1;1;1;1;1;1;1;1;1;1;1;1;1;1;1;1;1;2;1;1;1;1"
"2",8,"critical_wave_release_lpt",16,"case_000066",15,15,0,0.07492799684405327,0.07905919849872589,437.63614570195875,108.37583202578946,"critical_wave","release_lpt","release_lpt_critical_wave",128,4,"4;1;1;1;1;1;1;1;1;1;1;1;1;1;1"
"2",8,"critical_wave_release_lpt",16,"case_000067",12,12,0,0.07859200239181519,0.08400639817118645,563.9304584077586,138.84608697966488,"critical_wave","release_lpt","release_lpt_critical_wave",128,2,"2;1;1;1;1;1;1;1;1;1;1;1"
"2",8,"critical_wave_release_lpt",16,"case_000068",15,15,0,0.08483199775218964,0.08608319982886314,394.94186184169195,97.77367290381785,"critical_wave","release_lpt","release_lpt_critical_wave",176,1,"1;1;1;1;1;1;1;1;1;1;1;1;1;1;1"
"2",8,"critical_wave_release_lpt",16,"case_000069",12,12,0,0.07844800129532814,0.07985919713973999,439.4039690856067,108.44625560277527,"critical_wave","release_lpt","release_lpt_critical_wave",176,1,"1;1;1;1;1;1;1;1;1;1;1;1"
"2",8,"critical_wave_release_lpt",16,"case_000070",23,22,1,0.1141279973089695,0.11635839939117432,801.1989803383123,179.27604516365227,"critical_wave","release_lpt","release_lpt_critical_wave",128,4,"4;1;1;1;1;1;1;1;1;1;1;1;1;2;1;1;1;2;1;1;1;1;1"
"2",8,"critical_wave_release_lpt",16,"case_000071",19,19,0,0.08403199911117554,0.08572159707546234,575.3819405870804,142.20335260845653,"critical_wave","release_lpt","release_lpt_critical_wave",128,2,"1;1;1;1;1;1;1;1;1;1;1;1;2;1;1;1;1;1;1"
"2",8,"critical_wave_release_lpt",16,"case_000072",13,13,0,0.08985599875450134,0.10147839784622192,322.15886486432106,79.75854811408436,"critical_wave","release_lpt","release_lpt_critical_wave",176,1,"1;1;1;1;1;1;1;1;1;1;1;1;1"
"2",8,"critical_wave_release_lpt",16,"case_000073",16,15,1,0.6797440052032471,0.6918848276138305,3121.7291029282674,15.339704241867127,"critical_wave","release_lpt","release_lpt_critical_wave",176,1,"1;1;1;1;1;1;1;1;1;1;1;1;1;1;1;1"
"2",8,"critical_wave_release_lpt",16,"case_000074",16,15,1,0.7939520180225372,0.8107871830463409,3396.1197987703345,21.36528104336714,"critical_wave","release_lpt","release_lpt_critical_wave",176,1,"1;1;1;1;1;1;1;1;1;1;1;1;1;1;1;1"
"2",8,"critical_wave_release_lpt",16,"case_000075",19,18,1,0.1250080019235611,0.1369312047958374,637.1641668243296,119.93395438131729,"critical_wave","release_lpt","release_lpt_critical_wave",176,1,"1;1;1;1;1;1;1;1;1;1;1;1;1;1;1;1;1;1;1"
"2",8,"critical_wave_release_lpt",16,"case_000076",22,21,1,0.4604160040616989,0.46478720009326935,1694.1870609507973,44.131915095803464,"critical_wave","release_lpt","release_lpt_critical_wave",176,1,"1;1;1;1;1;1;1;1;1;1;1;1;1;1;1;1;1;1;1;1;1;1"
"2",8,"critical_wave_release_lpt",16,"case_000077",15,15,0,0.08089599758386612,0.08230720087885857,646.16184208383,159.1724731084603,"critical_wave","release_lpt","release_lpt_critical_wave",128,5,"5;1;1;1;1;1;1;1;1;1;1;1;1;1;1"
"2",8,"critical_wave_release_lpt",16,"case_000078",21,20,1,0.5917600095272064,0.5999392092227935,2711.16456124472,30.05813119107405,"critical_wave","release_lpt","release_lpt_critical_wave",176,1,"1;1;1;1;1;1;1;1;1;1;1;1;1;1;1;1;1;1;1;1;1"
"2",8,"critical_wave_release_lpt",16,"case_000079",25,25,0,0.10911999642848969,0.11085760220885277,751.6136222543604,185.25161896653287,"critical_wave","release_lpt","release_lpt_critical_wave",128,6,"1;1;5;1;1;1;2;3;3;1;1;3;1;1;1;1;1;1;2;1;1;1;1;6;2"
"2",8,"critical_wave_release_lpt",16,"case_000080",17,17,0,0.08481599763035774,0.08617920055985451,583.4184626307895,143.96906646334634,"critical_wave","release_lpt","release_lpt_critical_wave",128,3,"1;1;1;1;1;1;1;1;1;1;1;1;1;1;3;1;1"
"2",8,"critical_wave_release_lpt",16,"case_000081",14,13,1,1.304144024848938,1.3304927945137024,4170.985429562565,13.962727776258637,"critical_wave","release_lpt","release_lpt_critical_wave",176,1,"1;1;1;1;1;1;1;1;1;1;1;1;1;1"
"2",8,"critical_wave_release_lpt",16,"case_000082",21,21,0,0.08723200112581253,0.08904960006475449,639.2719976189882,157.91342422756657,"critical_wave","release_lpt","release_lpt_critical_wave",128,2,"2;1;1;1;1;1;1;1;1;1;1;1;1;1;1;1;1;1;1;1;1"
"2",8,"critical_wave_release_lpt",16,"case_000083",16,16,0,0.09054400026798248,0.09171199798583984,505.7152188601915,124.81710512625025,"critical_wave","release_lpt","release_lpt_critical_wave",128,2,"1;1;1;1;1;1;1;1;1;2;1;1;1;1;1;1"
"2",8,"critical_wave_release_lpt",16,"case_000084",19,18,1,0.507968008518219,0.5133695840835572,2059.1066949651913,29.80030188152502,"critical_wave","release_lpt","release_lpt_critical_wave",176,1,"1;1;1;1;1;1;1;1;1;1;1;1;1;1;1;1;1;1;1"
"2",8,"critical_wave_release_lpt",16,"case_000085",13,13,0,0.08777599781751633,0.09045440256595612,677.0525403487983,166.42873180855804,"critical_wave","release_lpt","release_lpt_critical_wave",128,3,"1;1;1;3;1;1;1;1;1;1;1;1;1"
"2",8,"critical_wave_release_lpt",16,"case_000086",15,14,1,0.5042559802532196,0.5152320146560669,2130.7534237124,43.75022382267353,"critical_wave","release_lpt","release_lpt_critical_wave",176,1,"1;1;1;1;1;1;1;1;1;1;1;1;1;1;1"
"2",8,"critical_wave_release_lpt",16,"case_000087",21,21,0,0.1037760004401207,0.10503360256552696,675.0771281884499,166.36139306565013,"critical_wave","release_lpt","release_lpt_critical_wave",176,1,"1;1;1;1;1;1;1;1;1;1;1;1;1;1;1;1;1;1;1;1;1"
"2",8,"critical_wave_release_lpt",16,"case_000088",12,12,0,0.09617600217461586,0.09832960143685342,403.3500304740125,99.42837905279352,"critical_wave","release_lpt","release_lpt_critical_wave",176,1,"1;1;1;1;1;1;1;1;1;1;1;1"
"2",8,"critical_wave_release_lpt",16,"case_000089",12,11,1,0.6243999898433685,0.6352512061595916,2969.5405369130826,18.99971843845794,"critical_wave","release_lpt","release_lpt_critical_wave",176,1,"1;1;1;1;1;1;1;1;1;1;1;1"
"2",8,"critical_wave_release_lpt",16,"case_000090",15,15,0,0.09679999947547913,0.09870399907231331,498.42430154373915,122.87074446744082,"critical_wave","release_lpt","release_lpt_critical_wave",128,2,"1;2;1;1;1;1;1;1;1;1;1;1;1;1;1"
"2",8,"critical_wave_release_lpt",16,"case_000091",19,19,0,0.09391999989748001,0.09520960226655006,509.34562508750116,125.89914834867099,"critical_wave","release_lpt","release_lpt_critical_wave",176,1,"1;1;1;1;1;1;1;1;1;1;1;1;1;1;1;1;1;1;1"
"2",8,"critical_wave_release_lpt",16,"case_000092",15,14,1,0.6428319811820984,0.6532800197601318,2908.6476046722073,24.411778597484954,"critical_wave","release_lpt","release_lpt_critical_wave",176,1,"1;1;1;1;1;1;1;1;1;1;1;1;1;1;1"
"2",8,"critical_wave_release_lpt",16,"case_000093",19,18,1,0.5070559978485107,0.5118879914283753,2068.3074626272864,31.195986374518455,"critical_wave","release_lpt","release_lpt_critical_wave",176,1,"1;1;1;1;1;1;1;1;1;1;1;1;1;1;1;1;1;1;1"
"2",8,"critical_wave_release_lpt",16,"case_000094",31,31,0,0.10742399841547012,0.10916799679398537,897.3998154412126,221.29878193564318,"critical_wave","release_lpt","release_lpt_critical_wave",128,2,"1;1;1;2;1;1;1;1;1;1;1;1;1;1;1;1;1;1;1;1;1;1;1;1;1;1;1;1;1;1;1"
"2",8,"critical_wave_release_lpt",16,"case_000095",20,19,1,0.31332799792289734,0.3228351980447769,1512.6252216906178,44.85461909937079,"critical_wave","release_lpt","release_lpt_critical_wave",176,1,"1;1;1;1;1;1;1;1;1;1;1;1;1;1;1;1;1;1;1;1"
"2",8,"critical_wave_release_lpt",16,"case_000096",12,12,0,0.07129599899053574,0.0727200023829937,346.17083434480315,85.80161701376888,"critical_wave","release_lpt","release_lpt_critical_wave",128,2,"1;1;1;2;1;1;1;1;1;1;1;1"
"2",8,"critical_wave_release_lpt",16,"case_000097",12,12,0,0.07052800059318542,0.0727264016866684,408.8789221509044,101.12522600972649,"critical_wave","release_lpt","release_lpt_critical_wave",128,3,"1;1;1;1;1;1;1;1;1;1;1;3"
"2",8,"critical_wave_release_lpt",16,"case_000098",23,22,1,0.24150400608778,0.24586879462003708,1074.3234603971575,86.9383839221638,"critical_wave","release_lpt","release_lpt_critical_wave",176,1,"1;1;1;1;1;1;1;1;1;1;1;1;1;1;1;1;1;1;1;1;1;1;1"
"2",8,"critical_wave_release_lpt",16,"case_000099",22,20,2,0.5962399840354919,0.6053183794021606,1845.3013034538567,37.88960251725624,"critical_wave","release_lpt","release_lpt_critical_wave",176,1,"1;1;1;1;1;1;1;1;1;1;1;1;1;1;1;1;1;1;1;1;1;1"
"4",2,"fa3_native_fifo",12,"case_000000",23,22,1,0.2824160009622574,0.28521600365638733,925.7038867105072,318.1897898625415,"fa3_native","fifo","fifo",128,1,"1;1;1;1;1;1;1;1;1;1;1;1;1;1;1;1;1;1;1;1;1;1;1"
"4",2,"fa3_native_fifo",12,"case_000001",39,38,1,0.5065280199050903,0.5084480047225952,2740.882968164597,238.682408966543,"fa3_native","fifo","fifo",128,1,"1;1;1;1;1;1;1;1;1;1;1;1;1;1;1;1;1;1;1;1;1;1;1;1;1;1;1;1;1;1;1;1;1;1;1;1;1;1;1"
"4",2,"fa3_native_fifo",12,"case_000002",45,45,0,0.12838399410247803,0.12961920350790024,1427.2161453221474,1395.8744409910908,"fa3_native","fifo","fifo",128,109,"14;8;3;4;1;1;1;1;1;4;1;1;3;1;3;1;5;4;3;21;2;3;2;2;1;4;1;3;6;2;2;2;2;2;2;3;6;2;2;2;2;5;1;3;2"
"4",2,"fa3_native_fifo",12,"case_000003",41,40,1,0.2853280007839203,0.28586560785770415,3381.479629581357,621.1163556086129,"fa3_native","fifo","fifo",128,5,"3;1;1;4;1;1;1;1;1;2;1;1;1;1;1;2;1;1;1;1;1;1;1;1;1;1;1;1;1;1;2;1;1;1;1;1;1;1;1;1;2"
"4",2,"fa3_native_fifo",12,"case_000004",27,25,2,0.36113598942756653,0.363225594162941,3830.914454272319,250.5629420746202,"fa3_native","fifo","fifo",128,1,"1;1;1;1;1;1;1;1;1;1;1;1;1;1;1;1;1;1;1;1;1;1;1;1;1;1;1"
"4",2,"fa3_native_fifo",12,"case_000005",35,35,0,0.11080000177025795,0.1132447972893715,1185.715384377057,1159.8255410361878,"fa3_native","fifo","fifo",128,109,"1;3;2;2;2;3;4;2;5;6;1;6;3;2;3;3;7;2;1;3;1;2;1;4;1;5;16;3;4;21;3;8;2;1;1"
"4",2,"fa3_native_fifo",12,"case_000006",33,32,1,0.12566399574279785,0.12663040310144424,1685.5911505594463,771.2248797050883,"fa3_native","fifo","fifo",128,5,"1;5;1;3;4;3;1;3;2;2;2;4;5;5;1;2;1;1;5;2;3;2;1;1;2;1;1;1;2;1;1;1;2"
"4",2,"fa3_native_fifo",12,"case_000007",34,34,0,0.09004800021648407,0.09207360073924065,876.8089133149524,858.5302040483064,"fa3_native","fifo","fifo",128,109,"1;1;4;5;14;1;5;2;1;12;7;5;1;4;1;2;1;1;3;4;1;4;9;8;1;4;2;1;2;5;14;4;1;2"
"4",2,"fa3_native_fifo",12,"case_000008",32,32,0,0.09800000116229057,0.09996160119771957,956.1006802523796,935.6564786989316,"fa3_native","fifo","fifo",128,109,"4;3;1;8;10;2;2;1;3;6;1;26;12;1;4;3;1;1;5;6;1;3;4;2;4;5;1;1;5;4;1;2"
"4",2,"fa3_native_fifo",12,"case_000009",37,37,0,0.11531199887394905,0.147539196908474,1225.3115635125855,1198.5236692590424,"fa3_native","fifo","fifo",128,109,"1;3;2;5;7;1;12;25;3;2;1;3;1;7;2;1;1;3;1;1;6;2;2;4;7;5;3;3;1;1;1;2;6;3;1;2;4"
"4",2,"fa3_native_fifo",12,"case_000010",29,27,2,0.34591999650001526,0.3478176027536392,1699.907462897925,268.6334902295707,"fa3_native","fifo","fifo",128,1,"1;1;1;1;1;1;1;1;1;1;1;1;1;1;1;1;1;1;1;1;1;1;1;1;1;1;1;1;1"
"4",2,"fa3_native_fifo",12,"case_000011",30,30,0,0.09811200201511383,0.09923840314149857,1033.3435612941853,1010.9641018712518,"fa3_native","fifo","fifo",128,109,"3;1;2;1;1;2;3;1;12;18;1;11;2;2;6;5;3;1;11;6;11;1;3;1;3;3;7;2;5;3"
"4",2,"fa3_native_fifo",12,"case_000012",31,29,2,0.38811200857162476,0.38996158838272094,703.2973854650171,248.87561803482396,"fa3_native","fifo","fifo",128,1,"1;1;1;1;1;1;1;1;1;1;1;1;1;1;1;1;1;1;1;1;1;1;1;1;1;1;1;1;1;1;1"
"4",2,"fa3_native_fifo",12,"case_000013",38,38,0,0.10281600058078766,0.10411520227789879,1055.6359529538172,1033.117952458546,"fa3_native","fifo","fifo",128,109,"2;3;2;2;1;1;4;8;4;5;3;2;2;2;3;14;2;14;10;1;1;1;3;1;3;1;10;2;3;1;1;3;7;5;1;5;2;1"
"4",2,"fa3_native_fifo",12,"case_000014",26,26,0,0.11390400305390358,0.11550400033593178,1220.0544693256716,1192.8326692407998,"fa3_native","fifo","fifo",128,109,"2;2;6;12;2;13;2;8;24;2;5;1;1;2;3;3;6;4;1;10;5;1;1;8;3;1"
"4",2,"fa3_native_fifo",12,"case_000015",44,44,0,0.12457600235939026,0.13189759850502017,1306.183126558922,1277.694298945387,"fa3_native","fifo","fifo",128,109,"3;1;4;2;1;23;1;1;23;7;4;1;1;2;1;2;5;5;1;1;1;5;2;1;1;1;1;2;1;1;3;1;4;2;1;1;7;4;1;6;1;1;4;1"
"4",2,"fa3_native_fifo",12,"case_000016",30,29,1,0.2919040024280548,0.2971199959516525,902.7854237557125,314.99407762544234,"fa3_native","fifo","fifo",128,1,"1;1;1;1;1;1;1;1;1;1;1;1;1;1;1;1;1;1;1;1;1;1;1;1;1;1;1;1;1;1"
"4",2,"fa3_native_fifo",12,"case_000017",32,32,0,0.09593600034713745,0.09766719862818718,976.8563753845956,955.9679751933343,"fa3_native","fifo","fifo",128,109,"2;3;3;6;2;3;10;1;2;1;14;3;10;1;10;7;4;4;1;5;2;3;6;2;4;1;4;1;5;3;10;1"
"4",2,"fa3_native_fifo",12,"case_000018",33,32,1,0.122895997017622,0.14756799787282945,889.5279309734128,650.3861634202691,"fa3_native","fifo","fifo",128,5,"5;1;4;5;2;3;3;5;2;3;5;5;5;2;1;5;1;1;1;1;2;2;2;4;3;1;1;4;2;5;2;1;1"
"4",2,"fa3_native_fifo",12,"case_000019",46,44,2,0.7012960016727448,0.7052415907382965,3832.4067707178733,220.55732191694221,"fa3_native","fifo","fifo",128,1,"1;1;1;1;1;1;1;1;1;1;1;1;1;1;1;1;1;1;1;1;1;1;1;1;1;1;1;1;1;1;1;1;1;1;1;1;1;1;1;1;1;1;1;1;1;1"
"4",2,"fa3_native_fifo",12,"case_000020",39,38,1,0.5383839905261993,0.5436992049217224,575.5848441502275,254.975308359062,"fa3_native","fifo","fifo",128,1,"1;1;1;1;1;1;1;1;1;1;1;1;1;1;1;1;1;1;1;1;1;1;1;1;1;1;1;1;1;1;1;1;1;1;1;1;1;1;1"
"4",2,"fa3_native_fifo",12,"case_000021",29,29,0,0.09923200309276581,0.10117440223693848,1044.7705575698296,1022.041890106657,"fa3_native","fifo","fifo",128,109,"6;4;4;1;3;3;1;4;6;6;3;8;2;4;2;4;8;1;8;7;7;3;1;5;21;1;1;3;2"
"4",2,"fa3_native_fifo",12,"case_000022",41,41,0,0.09993600100278854,0.10338240042328835,975.6309911708336,955.2327793998511,"fa3_native","fifo","fifo",128,109,"3;1;2;12;6;6;3;4;1;5;2;5;5;1;8;1;2;1;5;10;6;1;5;6;2;2;1;2;1;1;1;4;4;1;2;1;4;1;1;2;2"
"4",2,"fa3_native_fifo",12,"case_000023",42,41,1,0.13966400176286697,0.1405055969953537,1244.8963398829574,705.1657603740875,"fa3_native","fifo","fifo",128,4,"2;2;1;2;2;2;1;1;1;2;2;2;2;2;2;2;1;2;1;1;1;2;1;1;1;2;1;2;1;1;2;1;2;2;2;2;1;2;1;1;1;1"
"4",2,"fa3_native_fifo",12,"case_000024",58,58,0,0.14323199540376663,0.14491520673036576,1419.9613538767437,1389.1171133874163,"fa3_native","fifo","fifo",128,109,"2;1;7;4;15;1;1;14;2;2;1;1;3;1;1;3;1;1;1;1;5;1;2;7;2;1;1;2;10;1;1;1;1;2;1;1;1;1;3;1;4;5;2;1;1;1;4;1;2;1;3;1;2;4;1;1;1;2"
"4",2,"fa3_native_fifo",12,"case_000025",38,36,2,0.3173919916152954,0.3230335980653763,843.306686793862,289.589764165841,"fa3_native","fifo","fifo",128,1,"1;1;1;1;1;1;1;1;1;1;1;1;1;1;1;1;1;1;1;1;1;1;1;1;1;1;1;1;1;1;1;1;1;1;1;1;1;1"
"4",2,"fa3_native_fifo",12,"case_000026",34,34,0,0.10782400146126747,0.109705600887537,1098.4111582850526,1074.5641640986642,"fa3_native","fifo","fifo",128,109,"6;9;5;4;1;1;3;2;2;3;15;2;4;1;1;1;18;4;2;5;1;1;9;1;2;6;2;3;1;1;12;1;2;6"
"4",2,"fa3_native_fifo",12,"case_000027",35,35,0,0.1032319962978363,0.11523840278387071,998.389243492332,977.0291732904714,"fa3_native","fifo","fifo",128,109,"7;10;5;1;14;7;4;3;1;7;3;4;1;2;3;1;1;1;1;3;1;1;1;5;1;4;1;2;1;2;2;26;6;1;4"
"4",2,"fa3_native_fifo",12,"case_000028",38,37,1,0.5390079915523529,0.5412991762161254,519.8352738797661,200.8767545137288,"fa3_native","fifo","fifo",128,1,"1;1;1;1;1;1;1;1;1;1;1;1;1;1;1;1;1;1;1;1;1;1;1;1;1;1;1;1;1;1;1;1;1;1;1;1;1;1"
"4",2,"fa3_native_fifo",12,"case_000029",41,40,1,0.6586720049381256,0.6616640210151672,1277.150142731545,207.20363242524724,"fa3_native","fifo","fifo",128,4,"1;1;1;1;1;1;1;1;1;1;1;1;1;1;1;1;1;1;1;1;1;1;1;1;1;1;1;1;1;1;1;1;1;1;1;1;1;1;1;1;1"
"4",2,"fa3_native_fifo",12,"case_000030",39,38,1,0.19472000002861023,0.1999232053756714,762.0185609398031,715.6706654659229,"fa3_native","fifo","fifo",128,4,"4;4;1;1;3;2;4;4;3;3;2;1;1;2;1;1;1;3;1;4;2;2;4;4;1;1;3;1;2;4;1;3;2;1;2;1;4;4;1"
"4",2,"fa3_native_fifo",12,"case_000031",30,28,2,1.3615040183067322,1.3741599678993226,4153.472175802272,81.59729130889095,"fa3_native","fifo","fifo",128,1,"1;1;1;1;1;1;1;1;1;1;1;1;1;1;1;1;1;1;1;1;1;1;1;1;1;1;1;1;1;1"
"4",2,"fa3_native_fifo",12,"case_000032",30,30,0,0.10278400033712387,0.10416960269212723,1114.7190000797946,1090.3486888272244,"fa3_native","fifo","fifo",128,109,"11;2;10;2;1;1;3;1;7;1;1;10;1;1;1;6;1;3;1;14;1;1;8;1;5;11;1;16;2;4"
"4",2,"fa3_native_fifo",12,"case_000033",30,30,0,0.08420800045132637,0.08620480075478554,810.3184543307276,793.469879843793,"fa3_native","fifo","fifo",128,102,"5;9;9;1;2;1;6;5;1;2;6;14;1;2;7;4;2;1;3;3;6;10;5;1;4;4;4;9;2;1"
"4",2,"fa3_native_fifo",12,"case_000034",36,35,1,0.7252640128135681,0.7315007746219635,3794.9232853326403,159.8944576749728,"fa3_native","fifo","fifo",128,1,"1;1;1;1;1;1;1;1;1;1;1;1;1;1;1;1;1;1;1;1;1;1;1;1;1;1;1;1;1;1;1;1;1;1;1;1"
"4",2,"fa3_native_fifo",12,"case_000035",37,36,1,0.1393599957227707,0.1415200039744377,825.381176193632,643.8650025398842,"fa3_native","fifo","fifo",128,3,"3;2;1;3;3;1;3;3;2;1;3;1;3;2;1;2;3;2;1;2;1;3;3;1;1;2;1;1;1;1;3;2;3;3;1;1;1"
"4",2,"fa3_native_fifo",12,"case_000036",35,35,0,0.12804800271987915,0.12944319546222688,1333.123858225542,1303.5231511196937,"fa3_native","fifo","fifo",128,109,"7;8;1;6;1;1;2;4;1;4;2;22;1;3;22;4;1;5;3;8;1;1;3;4;2;2;2;3;1;1;4;1;2;1;1"
"4",2,"fa3_native_fifo",12,"case_000037",37,35,2,0.20348799973726273,0.2046175941824913,2894.6149909995834,536.2151288571498,"fa3_native","fifo","fifo",128,7,"1;1;1;1;1;1;1;1;1;1;1;1;2;1;1;1;1;2;1;1;2;1;1;1;1;1;3;1;2;1;1;1;1;1;1;1;2"
"4",2,"fa3_native_fifo",12,"case_000038",28,28,0,0.08790399879217148,0.11455679759383203,894.872382153854,875.8150830205046,"fa3_native","fifo","fifo",128,107,"2;2;3;8;9;2;5;1;8;9;3;2;2;1;11;3;11;1;5;2;1;4;7;10;13;1;4;1"
"4",2,"fa3_native_fifo",12,"case_000039",24,23,1,0.3012000024318695,0.30341439247131347,3513.604690462722,218.77460646735958,"fa3_native","fifo","fifo",128,1,"1;1;1;1;1;1;1;1;1;1;1;1;1;1;1;1;1;1;1;1;1;1;1;1"
"4",2,"fa3_native_fifo",12,"case_000040",38,38,0,0.09683199971914291,0.0982880026102066,951.6905777768613,931.746202305927,"fa3_native","fifo","fifo",128,98,"8;7;1;1;1;1;2;5;10;4;5;5;4;1;1;7;1;2;2;3;3;7;1;1;3;7;2;5;1;2;5;2;2;8;2;6;1;6"
"4",2,"fa3_native_fifo",12,"case_000041",40,40,0,0.10292800143361092,0.10646719709038735,1075.585517119043,1052.714426500244,"fa3_native","fifo","fifo",128,109,"7;6;5;4;3;1;1;2;2;6;1;3;1;4;2;2;1;5;1;2;2;4;6;18;3;5;3;2;7;2;2;3;3;4;7;2;1;2;2;1"
"4",2,"fa3_native_fifo",12,"case_000042",43,40,3,1.4170719981193542,1.4263424396514892,4329.323921334925,93.66269616233075,"fa3_native","fifo","fifo",128,1,"1;1;1;1;1;1;1;1;1;1;1;1;1;1;1;1;1;1;1;1;1;1;1;1;1;1;1;1;1;1;1;1;1;1;1;1;1;1;1;1;1;1;1"
"4",2,"fa3_native_fifo",12,"case_000043",49,49,0,0.13222399353981018,0.13499839901924132,1364.4349630816557,1334.6854475913703,"fa3_native","fifo","fifo",128,109,"3;6;1;2;1;3;2;6;1;2;3;1;7;1;16;2;2;1;3;3;3;2;1;3;7;1;2;1;3;5;1;2;1;5;3;2;6;1;2;2;4;4;3;5;2;3;3;1;3"
"4",2,"fa3_native_fifo",12,"case_000044",32,31,1,0.2696639895439148,0.27136320769786837,755.2349646107791,311.63452021210503,"fa3_native","fifo","fifo",128,5,"1;1;1;1;1;1;1;1;1;1;1;1;1;1;1;1;1;1;1;1;1;1;1;1;1;1;1;1;1;1;1;1"
"4",2,"fa3_native_fifo",12,"case_000045",25,25,0,0.08064000308513641,0.08137920126318932,683.159135768364,669.0126728175179,"fa3_native","fifo","fifo",128,106,"1;5;4;6;1;12;9;4;9;3;2;6;3;8;7;1;8;7;3;2;6;1;18;1;1"
"4",2,"fa3_native_fifo",12,"case_000046",35,33,2,0.5875840187072754,0.5896927833557128,1717.2046698681029,206.021995401321,"fa3_native","fifo","fifo",128,1,"1;1;1;1;1;1;1;1;1;1;1;1;1;1;1;1;1;1;1;1;1;1;1;1;1;1;1;1;1;1;1;1;1;1;1"
"4",2,"fa3_native_fifo",12,"case_000047",46,46,0,0.11833599954843521,0.12707200646400452,1201.034042441393,1175.223368465129,"fa3_native","fifo","fifo",128,109,"5;2;1;9;1;2;1;2;2;4;1;5;2;3;9;2;6;2;11;4;1;1;1;3;1;2;5;3;2;4;4;2;1;1;4;7;1;9;2;2;4;1;1;2;2;2"
"4",2,"fa3_native_fifo",12,"case_000048",49,47,2,0.6977599859237671,0.7003648102283477,493.5196393987867,217.3398805596864,"fa3_native","fifo","fifo",128,1,"1;1;1;1;1;1;1;1;1;1;1;1;1;1;1;1;1;1;1;1;1;1;1;1;1;1;1;1;1;1;1;1;1;1;1;1;1;1;1;1;1;1;1;1;1;1;1;1;1"
"4",2,"fa3_native_fifo",12,"case_000049",49,49,0,0.1252639964222908,0.12644480168819427,1306.3347170909897,1278.0707990529254,"fa3_native","fifo","fifo",128,109,"4;11;1;22;1;4;1;3;2;1;5;1;1;2;3;1;1;3;2;1;3;1;2;4;10;1;6;3;1;2;1;2;1;1;4;1;3;1;2;1;1;3;1;3;4;5;1;2;1"
"4",2,"fa3_native_fifo",12,"case_000050",37,37,0,0.09585599973797798,0.09738239645957947,953.7793436186696,933.7472901504584,"fa3_native","fifo","fifo",128,109,"7;18;2;5;1;3;3;2;5;2;3;2;1;5;2;5;8;1;1;2;1;1;1;3;15;3;3;2;1;3;2;1;6;7;1;2;2"
"4",2,"fa3_native_fifo",12,"case_000051",42,40,2,0.22683200240135193,0.2348703995347023,2836.3240983502665,548.588835273,"fa3_native","fifo","fifo",128,3,"3;1;1;1;1;1;1;1;1;1;1;1;1;2;1;1;2;1;1;1;1;2;1;1;1;1;2;1;2;1;1;1;1;1;1;2;1;1;1;1;2;1"
"4",2,"fa3_native_fifo",12,"case_000052",36,36,0,0.10055999830365181,0.10195520147681236,1016.7699417342467,995.0930955451906,"fa3_native","fifo","fifo",128,109,"1;5;5;2;15;3;4;8;1;2;10;3;1;5;2;1;4;1;4;2;7;4;6;7;1;7;8;1;1;1;1;6;4;1;1;2"
"4",2,"fa3_native_fifo",12,"case_000053",22,22,0,0.07435199990868568,0.07571840286254883,634.0823076433827,621.0010767256603,"fa3_native","fifo","fifo",128,109,"16;3;8;5;3;6;1;5;2;14;8;23;3;9;2;7;3;1;1;2;3;1"
"4",2,"fa3_native_fifo",12,"case_000054",22,22,0,0.07476800307631493,0.07605119794607162,686.2592210685121,671.9451895581664,"fa3_native","fifo","fifo",128,109,"14;3;7;4;3;5;1;4;2;12;7;20;3;8;1;6;1;1;2;3;1;11"
"4",2,"fa3_native_fifo",12,"case_000055",22,21,1,0.11273600161075592,0.11395520344376564,687.469351517303,434.79306787232554,"fa3_native","fifo","fifo",128,5,"4;3;4;4;1;2;4;3;4;1;4;1;2;2;1;4;2;4;4;2;1;1"
"4",2,"fa3_native_fifo",12,"case_000056",41,41,0,0.11086400225758553,0.11211839690804482,1153.8022105930945,1128.984823308019,"fa3_native","fifo","fifo",128,109,"2;6;1;1;1;2;2;2;1;4;2;2;4;5;3;14;1;5;5;1;1;1;2;4;5;9;1;1;8;1;5;5;2;1;11;3;3;2;1;1;2"
"4",2,"fa3_native_fifo",12,"case_000057",38,37,1,0.9898400008678436,1.0101728439331055,3889.7561176920512,119.83021083812143,"fa3_native","fifo","fifo",128,1,"1;1;1;1;1;1;1;1;1;1;1;1;1;1;1;1;1;1;1;1;1;1;1;1;1;1;1;1;1;1;1;1;1;1;1;1;1;1"
"4",2,"fa3_native_fifo",12,"case_000058",22,22,0,0.08583999797701836,0.08721600100398064,888.6632947547708,869.377094113862,"fa3_native","fifo","fifo",128,109,"2;24;8;3;13;19;1;5;2;2;4;2;1;3;1;17;1;3;5;4;1;2"
"4",2,"fa3_native_fifo",12,"case_000059",28,28,0,0.0968639999628067,0.09832320287823677,1006.1600056721012,984.3171460667534,"fa3_native","fifo","fifo",128,109,"18;2;10;15;2;1;3;2;1;2;13;1;3;4;3;1;2;2;5;2;1;3;3;1;7;9;2;8"
"4",2,"fa3_native_fifo",12,"case_000060",36,36,0,0.10384000092744827,0.10858239680528642,1053.3195246446517,1030.7180185291058,"fa3_native","fifo","fifo",128,109,"17;14;5;2;2;4;3;6;1;3;1;8;1;3;6;5;1;5;2;2;3;4;2;5;4;1;1;2;1;1;5;4;1;6;2;3"
"4",2,"fa3_native_fifo",12,"case_000061",39,36,3,0.7416640222072601,0.7616672158241272,4146.07854350077,155.82654751952276,"fa3_native","fifo","fifo",128,1,"1;1;1;1;1;1;1;1;1;1;1;1;1;1;1;1;1;1;1;1;1;1;1;1;1;1;1;1;1;1;1;1;1;1;1;1;1;1;1"
"4",2,"fa3_native_fifo",12,"case_000062",41,39,2,0.35500800609588623,0.35823360085487366,1706.5078776740866,343.0582237830024,"fa3_native","fifo","fifo",128,1,"1;1;1;1;1;1;1;1;1;1;1;1;1;1;1;1;1;1;1;1;1;1;1;1;1;1;1;1;1;1;1;1;1;1;1;1;1;1;1;1;1"
"4",2,"fa3_native_fifo",12,"case_000063",33,31,2,0.14152000099420547,0.14330560266971587,1607.3847710707269,650.1969428601656,"fa3_native","fifo","fifo",128,7,"3;4;2;1;1;1;1;1;1;1;1;3;1;1;3;1;2;2;3;7;1;1;1;1;2;5;1;2;3;1;1;2;1"
"4",2,"fa3_native_fifo",12,"case_000064",33,33,0,0.09988800063729286,0.10232959687709808,1033.361154387377,1011.12925832547,"fa3_native","fifo","fifo",128,109,"2;8;1;2;5;1;1;1;7;5;5;2;3;1;16;11;1;1;6;7;1;5;3;1;3;1;3;2;6;15;2;1;6"
"4",2,"fa3_native_fifo",12,"case_000065",34,34,0,0.0912800021469593,0.0923520028591156,847.08867841077,829.4758788250333,"fa3_native","fifo","fifo",128,109,"2;4;2;6;6;3;2;10;3;3;1;1;9;4;1;3;2;3;9;25;1;1;2;2;9;6;1;1;2;2;1;1;3;1"
"4",2,"fa3_native_fifo",12,"case_000066",54,54,0,0.12939199805259705,0.1320000007748604,1360.4028239864326,1331.0290790160905,"fa3_native","fifo","fifo",128,109,"5;10;4;2;2;4;2;1;1;3;1;1;19;3;1;1;2;1;2;9;2;1;10;4;1;1;1;1;1;4;1;1;2;1;1;3;1;3;6;2;1;3;1;1;1;4;1;1;1;2;1;1;1;3"
"4",2,"fa3_native_fifo",12,"case_000067",37,37,0,0.11072000116109848,0.11365120112895966,1147.219742882631,1122.342184762014,"fa3_native","fifo","fifo",128,109,"14;5;2;2;27;2;1;3;15;1;1;1;5;1;3;5;4;1;4;1;1;5;1;1;2;1;1;3;3;1;3;1;1;6;4;4;1"
"4",2,"fa3_native_fifo",12,"case_000068",33,33,0,0.09043200314044952,0.09286079853773117,892.21921317709,873.5031543790632,"fa3_native","fifo","fifo",128,109,"20;1;4;2;6;2;2;1;1;2;1;1;1;1;9;6;6;1;3;6;1;7;1;1;5;1;7;1;1;4;3;7;12"
"4",2,"fa3_native_fifo",12,"case_000069",34,33,1,0.16656000167131424,0.16870080083608627,1989.5940103912296,596.4065261960691,"fa3_native","fifo","fifo",128,5,"4;1;1;1;1;3;2;2;1;2;1;2;2;1;2;1;1;2;1;2;1;4;2;1;2;1;1;4;2;1;1;1;1;1"
"4",2,"fa3_native_fifo",12,"case_000070",34,33,1,0.3457439988851547,0.3508576095104218,714.1938704134147,219.129437515316,"fa3_native","fifo","fifo",128,1,"1;1;1;1;1;1;1;1;1;1;1;1;1;1;1;1;1;1;1;1;1;1;1;1;1;1;1;1;1;1;1;1;1;1"
"4",2,"fa3_native_fifo",12,"case_000071",28,28,0,0.09707200154662132,0.09827520325779915,1035.1409414767281,1012.6151149030397,"fa3_native","fifo","fifo",128,109,"1;1;1;2;8;1;1;3;1;2;6;3;13;19;3;1;2;4;2;1;5;10;20;9;2;2;5;2"
"4",2,"fa3_native_fifo",12,"case_000072",36,34,2,0.40348799526691437,0.40503359138965606,761.5191422504147,230.50773527592605,"fa3_native","fifo","fifo",128,1,"1;1;1;1;1;1;1;1;1;1;1;1;1;1;1;1;1;1;1;1;1;1;1;1;1;1;1;1;1;1;1;1;1;1;1;1"
"4",2,"fa3_native_fifo",12,"case_000073",34,33,1,0.4108320027589798,0.4130272060632706,3331.42447737437,247.43014983580932,"fa3_native","fifo","fifo",128,1,"1;1;1;1;1;1;1;1;1;1;1;1;1;1;1;1;1;1;1;1;1;1;1;1;1;1;1;1;1;1;1;1;1;1"
"4",2,"fa3_native_fifo",12,"case_000074",33,33,0,0.09052799642086029,0.09179199859499931,844.9126046312771,827.3029666073801,"fa3_native","fifo","fifo",128,109,"25;9;4;6;2;4;9;1;1;4;2;4;2;1;1;4;4;1;2;11;3;3;3;1;12;1;1;1;1;2;2;1;1"
"4",2,"fa3_native_fifo",12,"case_000075",34,33,1,0.1467680037021637,0.14954879879951477,1012.275492616854,790.4432374471938,"fa3_native","fifo","fifo",128,5,"4;1;4;1;1;2;3;1;4;4;2;1;1;1;3;2;1;4;4;2;1;3;1;4;1;1;3;3;4;4;4;4;2;1"
"4",2,"fa3_native_fifo",12,"case_000076",39,36,3,0.6292000114917755,0.6312480211257935,3595.1856338158514,195.3371102276379,"fa3_native","fifo","fifo",128,1,"1;1;1;1;1;1;1;1;1;1;1;1;1;1;1;1;1;1;1;1;1;1;1;1;1;1;1;1;1;1;1;1;1;1;1;1;1;1;1"
"4",2,"fa3_native_fifo",12,"case_000077",40,40,0,0.13148800283670425,0.13257599622011185,1370.6437825496544,1340.3494478418183,"fa3_native","fifo","fifo",128,109,"1;9;1;17;4;2;7;11;7;2;1;1;3;1;4;4;5;1;4;1;4;8;3;2;2;2;2;2;1;1;1;1;1;6;3;1;2;8;1;1"
"4",2,"fa3_native_fifo",12,"case_000078",42,41,1,0.36502400040626526,0.3671295940876007,3094.0800470516533,371.07740819574644,"fa3_native","fifo","fifo",128,1,"1;1;1;1;1;1;1;1;1;1;1;1;1;1;1;1;1;1;1;1;1;1;1;1;1;1;1;1;1;1;1;1;1;1;1;1;1;1;1;1;1;1"
"4",2,"fa3_native_fifo",12,"case_000079",36,35,1,0.14103999733924866,0.1424544036388397,2183.922653111707,599.3837889592401,"fa3_native","fifo","fifo",128,7,"1;1;1;1;3;3;1;1;1;1;3;1;1;1;1;3;1;2;3;2;1;1;1;1;3;1;1;1;1;1;1;1;1;2;1;3"
"4",2,"fa3_native_fifo",12,"case_000080",34,32,2,0.6828000247478485,0.6846303820610047,517.7199840473701,158.99294092745575,"fa3_native","fifo","fifo",128,1,"1;1;1;1;1;1;1;1;1;1;1;1;1;1;1;1;1;1;1;1;1;1;1;1;1;1;1;1;1;1;1;1;1;1"
"4",2,"fa3_native_fifo",12,"case_000081",35,35,0,0.11276800185441971,0.11424959823489189,1201.9005114498084,1175.5981645497623,"fa3_native","fifo","fifo",128,109,"4;2;1;2;14;2;5;7;1;2;2;4;1;1;4;1;3;14;3;8;4;5;4;10;6;3;2;2;5;2;5;4;2;2;1"
"4",2,"fa3_native_fifo",12,"case_000082",33,31,2,0.5749280154705048,0.5783199906349182,4144.78506888877,216.42278102967734,"fa3_native","fifo","fifo",128,1,"1;1;1;1;1;1;1;1;1;1;1;1;1;1;1;1;1;1;1;1;1;1;1;1;1;1;1;1;1;1;1;1;1"
"4",2,"fa3_native_fifo",12,"case_000083",30,30,0,0.09935999661684036,0.1012160025537014,1021.7284367217231,999.598101668679,"fa3_native","fifo","fifo",128,109,"3;3;2;4;20;3;10;4;5;4;2;3;1;1;1;1;2;2;3;1;6;1;4;3;24;2;1;9;4;4"
"4",2,"fa3_native_fifo",12,"case_000084",24,23,1,0.5856959819793701,0.5896320223808289,982.4624322388951,163.3769377700297,"fa3_native","fifo","fifo",128,1,"1;1;1;1;1;1;1;1;1;1;1;1;1;1;1;1;1;1;1;1;1;1;1;1"
"4",2,"fa3_native_fifo",12,"case_000085",44,44,0,0.1257760003209114,0.12666240334510803,1324.146498084422,1295.2163813792001,"fa3_native","fifo","fifo",128,109,"15;2;1;1;8;1;1;8;1;1;1;1;3;1;3;2;10;1;4;1;4;1;10;1;1;10;2;12;1;1;1;1;3;7;2;2;3;3;2;2;1;2;1;2"
"4",2,"fa3_native_fifo",12,"case_000086",35,35,0,0.11140799894928932,0.11795520335435868,1167.112356835213,1141.6481509365747,"fa3_native","fifo","fifo",128,109,"18;1;2;1;2;1;1;2;2;4;3;4;9;3;7;1;4;5;8;2;7;1;9;1;1;2;1;1;14;3;1;4;6;1;1"
"4",2,"fa3_native_fifo",12,"case_000087",35,35,0,0.10875200107693672,0.11040319874882698,1092.4140965824918,1068.7467894753875,"fa3_native","fifo","fifo",128,109,"3;10;17;1;6;10;2;13;2;1;3;9;5;5;1;1;2;1;2;2;2;2;3;1;4;4;3;1;1;4;14;1;1;1;1"
"4",2,"fa3_native_fifo",12,"case_000088",38,38,0,0.11289600282907486,0.1223424032330513,1171.6858481895995,1146.24940438257,"fa3_native","fifo","fifo",128,109,"13;3;4;1;1;1;4;5;2;1;1;2;9;26;8;2;5;1;2;1;4;4;1;2;3;3;1;1;2;2;1;3;7;3;1;3;2;1"
"4",2,"fa3_native_fifo",12,"case_000089",40,39,1,0.6811999976634979,0.6835552096366883,2890.167818815154,224.56784574971115,"fa3_native","fifo","fifo",128,1,"1;1;1;1;1;1;1;1;1;1;1;1;1;1;1;1;1;1;1;1;1;1;1;1;1;1;1;1;1;1;1;1;1;1;1;1;1;1;1;1"
"4",2,"fa3_native_fifo",12,"case_000090",42,41,1,0.4259839951992035,0.4279487878084183,3344.0255761483677,366.76743201804715,"fa3_native","fifo","fifo",128,1,"1;1;1;1;1;1;1;1;1;1;1;1;1;1;1;1;1;1;1;1;1;1;1;1;1;1;1;1;1;1;1;1;1;1;1;1;1;1;1;1;1;1"
"4",2,"fa3_native_fifo",12,"case_000091",43,43,0,0.12724800407886505,0.1282687932252884,1348.610403143469,1319.0352902979462,"fa3_native","fifo","fifo",128,109,"10;2;6;2;1;6;1;4;3;3;2;1;2;3;11;1;4;9;1;3;6;1;3;2;1;3;2;3;2;1;5;1;4;2;3;1;3;1;4;1;5;6;4"
"4",2,"fa3_native_fifo",12,"case_000092",31,31,0,0.09782399982213974,0.09949439764022827,1024.3604284244461,1002.2584251130801,"fa3_native","fifo","fifo",128,109,"17;5;4;1;1;6;9;5;2;3;9;6;5;1;4;6;2;8;1;1;4;2;3;6;2;5;5;1;1;4;1"
"4",2,"fa3_native_fifo",12,"case_000093",31,31,0,0.09536000341176987,0.09704640135169029,988.5118357741727,967.2992942512313,"fa3_native","fifo","fifo",128,109,"18;5;1;1;6;3;9;6;6;1;4;7;2;9;1;1;5;2;4;6;2;5;6;1;1;4;1;4;2;5;5"
"4",2,"fa3_native_fifo",12,"case_000094",22,22,0,0.08377599716186523,0.08536320179700851,798.510376937071,781.3751219639026,"fa3_native","fifo","fifo",128,109,"7;1;6;5;8;7;1;5;7;6;2;3;13;21;3;2;3;4;1;1;9;6"
"4",2,"fa3_native_fifo",12,"case_000095",35,35,0,0.09567999839782715,0.09744959697127342,941.0457415104299,921.1906508769507,"fa3_native","fifo","fifo",128,102,"2;10;3;1;7;1;4;5;3;4;1;6;10;2;5;4;7;1;7;1;4;10;3;5;1;1;4;1;1;6;2;1;1;1;5"
"4",2,"fa3_native_fifo",12,"case_000096",23,23,0,0.07332799956202507,0.07455680146813393,621.9288503216949,609.2393665016306,"fa3_native","fifo","fifo",128,109,"2;2;15;1;4;8;5;4;2;26;4;5;4;1;10;1;1;11;4;1;3;8;2"
"4",2,"fa3_native_fifo",12,"case_000097",30,29,1,0.0958079993724823,0.09925120249390602,936.4613448109351,908.1202464289154,"fa3_native","fifo","fifo",128,29,"3;3;13;1;2;2;4;1;1;2;1;9;7;1;7;3;1;2;4;1;3;8;1;3;2;10;1;3;26;1"
"4",2,"fa3_native_fifo",12,"case_000098",45,43,2,0.9231359958648682,0.9293247878551483,4105.6523400771,175.17276839421547,"fa3_native","fifo","fifo",128,1,"1;1;1;1;1;1;1;1;1;1;1;1;1;1;1;1;1;1;1;1;1;1;1;1;1;1;1;1;1;1;1;1;1;1;1;1;1;1;1;1;1;1;1;1;1"
"4",2,"fa3_native_fifo",12,"case_000099",7,7,0,0.09206400066614151,0.09321600198745728,587.7297253268251,574.4122308107421,"fa3_native","fifo","fifo",128,109,"2;67;22;3;7;6;12"
"4",2,"critical_wave_fifo",12,"case_000000",23,22,1,0.2516799867153168,0.258076810836792,1038.7539874424574,357.04820702190216,"critical_wave","fifo","fifo_critical_wave",128,2,"1;2;1;1;1;2;2;1;1;1;1;1;1;1;1;1;1;1;1;1;1;1;1"
"4",2,"critical_wave_fifo",12,"case_000001",39,38,1,0.37811198830604553,0.3797984004020691,3671.753516400745,319.7447627662721,"critical_wave","fifo","fifo_critical_wave",128,2,"1;1;1;1;1;1;2;1;1;1;1;1;1;1;1;1;1;1;1;1;1;1;1;1;1;1;1;1;2;1;1;1;1;1;1;1;1;1;1"
"4",2,"critical_wave_fifo",12,"case_000002",45,45,0,0.12966399639844894,0.13363519459962844,1413.127115262906,1382.0948064049003,"critical_wave","fifo","fifo_critical_wave",128,21,"14;8;3;4;1;1;1;1;1;4;1;1;3;1;3;1;5;4;3;21;2;3;2;2;1;4;1;3;6;2;2;2;2;2;2;3;6;2;2;2;2;5;1;3;2"
"4",2,"critical_wave_fifo",12,"case_000003",41,40,1,0.2804640084505081,0.2819551944732666,3440.1234858278017,631.8881662538647,"critical_wave","fifo","fifo_critical_wave",128,3,"2;1;1;3;1;1;1;1;1;1;1;1;1;1;1;1;1;1;1;1;1;1;1;1;1;1;1;1;1;1;1;1;1;1;1;1;1;1;1;1;1"
"4",2,"critical_wave_fifo",12,"case_000004",27,25,2,0.35844799876213074,0.3610304117202759,3859.6423655139174,252.44190597378162,"critical_wave","fifo","fifo_critical_wave",176,1,"1;1;1;1;1;1;1;1;1;1;1;1;1;1;1;1;1;1;1;1;1;1;1;1;1;1;1"
"4",2,"critical_wave_fifo",12,"case_000005",35,35,0,0.1117120012640953,0.11307519674301147,1176.0353874371526,1150.3569047715484,"critical_wave","fifo","fifo_critical_wave",128,21,"1;3;2;2;2;3;4;2;5;6;1;6;3;2;3;3;7;2;1;3;1;2;1;4;1;5;16;3;4;21;3;8;2;1;1"
"4",2,"critical_wave_fifo",12,"case_000006",33,32,1,0.12017599865794182,0.12217279896140099,1762.565916101934,806.4438913118645,"critical_wave","fifo","fifo_critical_wave",128,5,"1;5;1;3;4;3;1;3;2;2;2;4;5;5;1;2;1;1;5;2;3;2;1;1;2;1;1;1;2;1;1;1;2"
"4",2,"critical_wave_fifo",12,"case_000007",34,34,0,0.08819200098514557,0.09018240123987198,895.2613426845661,876.5979582776602,"critical_wave","fifo","fifo_critical_wave",128,14,"1;1;4;5;14;1;5;2;1;12;7;5;1;4;1;2;1;1;3;4;1;4;9;8;1;4;2;1;2;5;14;4;1;2"
"4",2,"critical_wave_fifo",12,"case_000008",32,32,0,0.09702400118112564,0.09955519810318947,965.7184473466892,945.0685900782822,"critical_wave","fifo","fifo_critical_wave",128,26,"4;3;1;8;10;2;2;1;3;6;1;26;12;1;4;3;1;1;5;6;1;3;4;2;4;5;1;1;5;4;1;2"
"4",2,"critical_wave_fifo",12,"case_000009",37,37,0,0.11552000045776367,0.12067840173840523,1223.1053070646367,1196.365646228768,"critical_wave","fifo","fifo_critical_wave",128,25,"1;3;2;5;7;1;12;25;3;2;1;3;1;7;2;1;1;3;1;1;6;2;2;4;7;5;3;3;1;1;1;2;6;3;1;2;4"
"4",2,"critical_wave_fifo",12,"case_000010",29,27,2,0.25470399856567383,0.25698880553245546,2308.687680316804,364.8379943907307,"critical_wave","fifo","fifo_critical_wave",128,2,"2;1;1;1;1;1;1;1;1;1;1;1;1;1;1;1;1;2;1;1;2;1;1;1;1;1;1;1;1"
"4",2,"critical_wave_fifo",12,"case_000011",30,30,0,0.09785600006580353,0.10155199766159058,1036.0469005459497,1013.6088940208158,"critical_wave","fifo","fifo_critical_wave",128,18,"3;1;2;1;1;2;3;1;12;18;1;11;2;2;6;5;3;1;11;6;11;1;3;1;3;3;7;2;5;3"
"4",2,"critical_wave_fifo",12,"case_000012",31,29,2,0.18587200343608856,0.18704640120267868,1468.5275665512247,519.6673743994623,"critical_wave","fifo","fifo_critical_wave",128,3,"1;1;1;1;2;3;2;1;1;1;1;1;1;2;2;1;1;1;1;1;1;1;1;1;1;1;1;1;1;1;1"
"4",2,"critical_wave_fifo",12,"case_000013",38,38,0,0.10252799838781357,0.11020479872822762,1058.6012451102388,1036.0199913219546,"critical_wave","fifo","fifo_critical_wave",128,14,"2;3;2;2;1;1;4;8;4;5;3;2;2;2;3;14;2;14;10;1;1;1;3;1;3;1;10;2;3;1;1;3;7;5;1;5;2;1"
"4",2,"critical_wave_fifo",12,"case_000014",26,26,0,0.11398399993777275,0.12317119687795641,1219.198203922194,1191.9955087922392,"critical_wave","fifo","fifo_critical_wave",128,24,"2;2;6;12;2;13;2;8;24;2;5;1;1;2;3;3;6;4;1;10;5;1;1;8;3;1"
"4",2,"critical_wave_fifo",12,"case_000015",44,44,0,0.12353600189089775,0.12844160199165344,1317.1793628201374,1288.4506990971981,"critical_wave","fifo","fifo_critical_wave",128,23,"3;1;4;2;1;23;1;1;23;7;4;1;1;2;1;2;5;5;1;1;1;5;2;1;1;1;1;2;1;1;3;1;4;2;1;1;7;4;1;6;1;1;4;1"
"4",2,"critical_wave_fifo",12,"case_000016",30,29,1,0.27884799242019653,0.2837791979312897,945.0549607360672,329.7424923233564,"critical_wave","fifo","fifo_critical_wave",176,1,"1;1;1;1;1;1;1;1;1;1;1;1;1;1;1;1;1;1;1;1;1;1;1;1;1;1;1;1;1;1"
"4",2,"critical_wave_fifo",12,"case_000017",32,32,0,0.09574399888515472,0.09812800213694572,978.8153269053689,957.8850378916028,"critical_wave","fifo","fifo_critical_wave",128,14,"2;3;3;6;2;3;10;1;2;1;14;3;10;1;10;7;4;4;1;5;2;3;6;2;4;1;4;1;5;3;10;1"
"4",2,"critical_wave_fifo",12,"case_000018",33,32,1,0.10835199803113937,0.11093760132789612,1008.9285286698876,737.6869596537471,"critical_wave","fifo","fifo_critical_wave",128,5,"5;1;4;5;2;3;3;5;2;3;5;5;5;2;1;5;1;1;1;1;2;2;2;4;3;1;1;4;2;5;2;1;1"
"4",2,"critical_wave_fifo",12,"case_000019",46,44,2,0.7166399955749512,0.7223872005939483,3750.351029364097,215.83496449413968,"critical_wave","fifo","fifo_critical_wave",176,1,"1;1;1;1;1;1;1;1;1;1;1;1;1;1;1;1;1;1;1;1;1;1;1;1;1;1;1;1;1;1;1;1;1;1;1;1;1;1;1;1;1;1;1;1;1;1"
"4",2,"critical_wave_fifo",12,"case_000020",39,38,1,0.22574400156736374,0.2282912015914917,1372.7304518766039,608.0986562074218,"critical_wave","fifo","fifo_critical_wave",128,3,"1;1;2;1;1;1;1;1;1;1;1;2;1;1;1;1;1;1;1;1;1;1;3;1;1;1;1;1;1;2;1;1;1;1;1;1;1;1;1"
"4",2,"critical_wave_fifo",12,"case_000021",29,29,0,0.09889600053429604,0.10568639934062958,1048.320201422572,1025.5143125310606,"critical_wave","fifo","fifo_critical_wave",128,21,"6;4;4;1;3;3;1;4;6;6;3;8;2;4;2;4;8;1;8;7;7;3;1;5;21;1;1;3;2"
"4",2,"critical_wave_fifo",12,"case_000022",41,41,0,0.09879999980330467,0.10094400122761726,986.8487844747829,966.2160343122488,"critical_wave","fifo","fifo_critical_wave",128,12,"3;1;2;12;6;6;3;4;1;5;2;5;5;1;8;1;2;1;5;10;6;1;5;6;2;2;1;2;1;1;1;4;4;1;2;1;4;1;1;2;2"
"4",2,"critical_wave_fifo",12,"case_000023",42,41,1,0.1303360015153885,0.1427872017025948,1333.9921632279925,755.6336764587023,"critical_wave","fifo","fifo_critical_wave",128,2,"2;2;1;2;2;2;1;1;1;2;2;2;2;2;2;2;1;2;1;1;1;2;1;1;1;2;1;2;1;1;2;1;2;2;2;2;1;2;1;1;1;1"
"4",2,"critical_wave_fifo",12,"case_000024",58,58,0,0.1430239975452423,0.1482208028435707,1422.0263844021297,1391.1372875524733,"critical_wave","fifo","fifo_critical_wave",128,15,"2;1;7;4;15;1;1;14;2;2;1;1;3;1;1;3;1;1;1;1;5;1;2;7;2;1;1;2;10;1;1;1;1;2;1;1;1;1;3;1;4;5;2;1;1;1;4;1;2;1;3;1;2;4;1;1;1;2"
"4",2,"critical_wave_fifo",12,"case_000025",38,36,2,0.18556800484657288,0.18714239448308945,1442.375742980583,495.3088334165893,"critical_wave","fifo","fifo_critical_wave",128,2,"1;2;1;1;1;1;1;1;1;1;1;1;1;1;1;1;1;1;1;1;1;1;1;2;1;1;1;1;2;1;1;1;1;1;1;1;1;1"
"4",2,"critical_wave_fifo",12,"case_000026",34,34,0,0.10758399963378906,0.1126015990972519,1100.8615290298515,1076.961336206081,"critical_wave","fifo","fifo_critical_wave",128,18,"6;9;5;4;1;1;3;2;2;3;15;2;4;1;1;1;18;4;2;5;1;1;9;1;2;6;2;3;1;1;12;1;2;6"
"4",2,"critical_wave_fifo",12,"case_000027",35,35,0,0.10316800326108932,0.11388160288333896,999.0085242531014,977.6352048294458,"critical_wave","fifo","fifo_critical_wave",128,26,"7;10;5;1;14;7;4;3;1;7;3;4;1;2;3;1;1;1;1;3;1;1;1;5;1;4;1;2;1;2;2;26;6;1;4"
"4",2,"critical_wave_fifo",12,"case_000028",38,37,1,0.19220799952745438,0.19703679531812668,1457.771620332471,563.317740500881,"critical_wave","fifo","fifo_critical_wave",128,4,"1;2;1;1;2;1;1;1;1;1;1;1;1;1;1;1;1;1;1;1;1;1;1;1;1;1;1;1;1;1;1;4;1;1;1;1;1;1"
"4",2,"critical_wave_fifo",12,"case_000029",41,40,1,0.24406399577856064,0.24761280715465545,3446.7314297486223,559.1944504744881,"critical_wave","fifo","fifo_critical_wave",128,4,"1;1;1;1;1;1;1;1;1;1;1;1;1;1;1;4;1;1;1;1;1;1;1;1;1;1;1;1;1;1;1;1;1;4;1;1;1;1;1;1;1"
"4",2,"critical_wave_fifo",12,"case_000030",39,38,1,0.18638399988412857,0.18765439838171005,796.0997419319534,747.6789428633072,"critical_wave","fifo","fifo_critical_wave",128,4,"1;2;1;1;1;1;4;1;1;1;1;1;1;1;1;1;1;1;1;1;1;1;4;1;1;1;1;1;1;1;1;1;1;1;1;1;1;2;1"
"4",2,"critical_wave_fifo",12,"case_000031",30,28,2,1.2962400317192078,1.3024575471878053,4362.594055809089,85.70560797497842,"critical_wave","fifo","fifo_critical_wave",176,1,"1;1;1;1;1;1;1;1;1;1;1;1;1;1;1;1;1;1;1;1;1;1;1;1;1;1;1;1;1;1"
"4",2,"critical_wave_fifo",12,"case_000032",30,30,0,0.10249599814414978,0.10453759878873825,1117.8512347268622,1093.4124456487054,"critical_wave","fifo","fifo_critical_wave",128,16,"11;2;10;2;1;1;3;1;7;1;1;10;1;1;1;6;1;3;1;14;1;1;8;1;5;11;1;16;2;4"
"4",2,"critical_wave_fifo",12,"case_000033",30,30,0,0.08407999947667122,0.08553280234336853,811.5520598561911,794.6778355837034,"critical_wave","fifo","fifo_critical_wave",128,14,"5;9;9;1;2;1;6;5;1;2;6;14;1;2;7;4;2;1;3;3;6;10;5;1;4;4;4;9;2;1"
"4",2,"critical_wave_fifo",12,"case_000034",36,35,1,0.6977919936180115,0.7017471849918365,3944.329134488018,166.1894906513967,"critical_wave","fifo","fifo_critical_wave",176,1,"1;1;1;1;1;1;1;1;1;1;1;1;1;1;1;1;1;1;1;1;1;1;1;1;1;1;1;1;1;1;1;1;1;1;1;1"
"4",2,"critical_wave_fifo",12,"case_000035",37,36,1,0.1348160058259964,0.1468768000602722,853.200749267561,665.5665508723865,"critical_wave","fifo","fifo_critical_wave",128,3,"3;2;1;3;3;1;3;3;2;1;3;1;3;2;1;2;3;2;1;2;1;3;3;1;1;2;1;1;1;1;3;2;3;3;1;1;1"
"4",2,"critical_wave_fifo",12,"case_000036",35,35,0,0.12772800028324127,0.12902719974517823,1336.4637905976629,1306.7889235708965,"critical_wave","fifo","fifo_critical_wave",128,22,"7;8;1;6;1;1;2;4;1;4;2;22;1;3;22;4;1;5;3;8;1;1;3;4;2;2;2;3;1;1;4;1;2;1;1"
"4",2,"critical_wave_fifo",12,"case_000037",37,35,2,0.19387199729681015,0.19536640495061874,3038.187168548304,562.8112647591488,"critical_wave","fifo","fifo_critical_wave",128,2,"1;1;1;1;1;1;1;1;1;1;1;1;2;1;1;1;1;1;1;1;2;1;1;1;1;1;2;1;2;1;1;1;1;1;1;1;2"
"4",2,"critical_wave_fifo",12,"case_000038",28,28,0,0.08739200234413147,0.08903039991855621,900.1150985217397,880.9461499330191,"critical_wave","fifo","fifo_critical_wave",128,13,"2;2;3;8;9;2;5;1;8;9;3;2;2;1;11;3;11;1;5;2;1;4;7;10;13;1;4;1"
"4",2,"critical_wave_fifo",12,"case_000039",24,23,1,0.296207994222641,0.29821439683437345,3572.819646847694,222.46162590220615,"critical_wave","fifo","fifo_critical_wave",176,1,"1;1;1;1;1;1;1;1;1;1;1;1;1;1;1;1;1;1;1;1;1;1;1;1"
"4",2,"critical_wave_fifo",12,"case_000040",38,38,0,0.09655999764800072,0.09888960048556328,954.3714167841848,934.3708595447348,"critical_wave","fifo","fifo_critical_wave",128,10,"8;7;1;1;1;1;2;5;10;4;5;5;4;1;1;7;1;2;2;3;3;7;1;1;3;7;2;5;1;2;5;2;2;8;2;6;1;6"
"4",2,"critical_wave_fifo",12,"case_000041",40,40,0,0.1032319962978363,0.10550079867243767,1072.4181612122945,1049.614420778871,"critical_wave","fifo","fifo_critical_wave",128,18,"7;6;5;4;3;1;1;2;2;6;1;3;1;4;2;2;1;5;1;2;2;4;6;18;3;5;3;2;7;2;2;3;3;4;7;2;1;2;2;1"
"4",2,"critical_wave_fifo",12,"case_000042",43,40,3,1.3774880170822144,1.3819904327392578,4453.732899039686,96.35422040268703,"critical_wave","fifo","fifo_critical_wave",176,1,"1;1;1;1;1;1;1;1;1;1;1;1;1;1;1;1;1;1;1;1;1;1;1;1;1;1;1;1;1;1;1;1;1;1;1;1;1;1;1;1;1;1;1"
"4",2,"critical_wave_fifo",12,"case_000043",49,49,0,0.1313920021057129,0.13345600217580794,1373.074744677749,1343.1368513436087,"critical_wave","fifo","fifo_critical_wave",128,16,"3;6;1;2;1;3;2;6;1;2;3;1;7;1;16;2;2;1;3;3;3;2;1;3;7;1;2;1;3;5;1;2;1;5;3;2;6;1;2;2;4;4;3;5;2;3;3;1;3"
"4",2,"critical_wave_fifo",12,"case_000044",32,31,1,0.18929599970579147,0.1998271942138672,1075.879437053783,443.9428626627703,"critical_wave","fifo","fifo_critical_wave",128,2,"1;1;1;1;1;1;1;1;1;2;1;1;1;1;1;1;1;1;1;1;1;1;1;1;1;1;1;1;1;1;1;1"
"4",2,"critical_wave_fifo",12,"case_000045",25,25,0,0.0825439989566803,0.0911296010017395,667.4010892652732,653.5809347971248,"critical_wave","fifo","fifo_critical_wave",128,18,"1;5;4;6;1;12;9;4;9;3;2;6;3;8;7;1;8;7;3;2;6;1;18;1;1"
"4",2,"critical_wave_fifo",12,"case_000046",35,33,2,0.29820799827575684,0.3002527981996536,3383.5511679702254,405.9422708309072,"critical_wave","fifo","fifo_critical_wave",128,4,"1;4;1;1;1;1;1;1;1;1;1;1;1;1;1;1;1;1;1;1;1;1;2;2;1;1;1;1;1;1;1;1;1;1;1"
"4",2,"critical_wave_fifo",12,"case_000047",46,46,0,0.11768000200390816,0.12050880044698715,1207.7291084621158,1181.774554995176,"critical_wave","fifo","fifo_critical_wave",128,11,"5;2;1;9;1;2;1;2;2;4;1;5;2;3;9;2;6;2;11;4;1;1;1;3;1;2;5;3;2;4;4;2;1;1;4;7;1;9;2;2;4;1;1;2;2;2"
"4",2,"critical_wave_fifo",12,"case_000048",49,47,2,0.22943999618291855,0.23600639402866364,1500.8641142299537,660.9617962122778,"critical_wave","fifo","fifo_critical_wave",128,4,"1;1;2;1;1;1;1;1;1;1;2;1;1;1;1;1;2;1;1;4;1;1;1;1;1;1;1;1;1;1;1;1;1;1;1;1;1;1;1;1;1;1;1;1;1;1;1;1;1"
"4",2,"critical_wave_fifo",12,"case_000049",49,49,0,0.1255040019750595,0.12729919999837874,1303.8365689766476,1275.6267009861147,"critical_wave","fifo","fifo_critical_wave",128,22,"4;11;1;22;1;4;1;3;2;1;5;1;1;2;3;1;1;3;2;1;3;1;2;4;10;1;6;3;1;2;1;2;1;1;4;1;3;1;2;1;1;3;1;3;4;5;1;2;1"
"4",2,"critical_wave_fifo",12,"case_000050",37,37,0,0.0947519987821579,0.09741119667887688,964.8922839315945,944.6268274063483,"critical_wave","fifo","fifo_critical_wave",128,18,"7;18;2;5;1;3;3;2;5;2;3;2;1;5;2;5;8;1;1;2;1;1;1;3;15;3;3;2;1;3;2;1;6;7;1;2;2"
"4",2,"critical_wave_fifo",12,"case_000051",42,40,2,0.22419199347496033,0.22550720274448394,2869.7236895743868,555.048831455697,"critical_wave","fifo","fifo_critical_wave",128,2,"2;1;1;1;1;1;1;1;1;1;1;1;1;2;1;1;1;1;1;1;1;2;1;1;1;1;1;1;2;1;1;1;1;1;1;1;1;1;1;1;1;1"
"4",2,"critical_wave_fifo",12,"case_000052",36,36,0,0.10008000209927559,0.1020224004983902,1021.6464975148126,999.8656864608951,"critical_wave","fifo","fifo_critical_wave",128,15,"1;5;5;2;15;3;4;8;1;2;10;3;1;5;2;1;4;1;4;2;7;4;6;7;1;7;8;1;1;1;1;6;4;1;1;2"
"4",2,"critical_wave_fifo",12,"case_000053",22,22,0,0.09849599748849869,0.10182080045342445,478.65181207495385,468.7771399583171,"critical_wave","fifo","fifo_critical_wave",128,3,"3;1;1;1;1;1;1;1;1;2;1;3;1;2;1;1;1;1;1;1;1;1"
"4",2,"critical_wave_fifo",12,"case_000054",22,22,0,0.0846559964120388,0.08695039823651314,606.1027419990683,593.4606186131364,"critical_wave","fifo","fifo_critical_wave",128,4,"3;1;2;1;1;1;1;1;1;3;2;4;1;2;1;2;1;1;1;1;1;2"
"4",2,"critical_wave_fifo",12,"case_000055",22,21,1,0.09787200018763542,0.09977919980883598,791.8765915830462,500.8258940864325,"critical_wave","fifo","fifo_critical_wave",128,4,"4;3;4;4;1;2;4;3;4;1;4;1;2;2;1;4;2;4;4;2;1;1"
"4",2,"critical_wave_fifo",12,"case_000056",41,41,0,0.11035199835896492,0.11333119794726372,1159.1555457283503,1134.2230123722247,"critical_wave","fifo","fifo_critical_wave",128,14,"2;6;1;1;1;2;2;2;1;4;2;2;4;5;3;14;1;5;5;1;1;1;2;4;5;9;1;1;8;1;5;5;2;1;11;3;3;2;1;1;2"
"4",2,"critical_wave_fifo",12,"case_000057",38,37,1,0.9483999907970428,0.9504543960094451,4059.7176679390636,125.0661505176913,"critical_wave","fifo","fifo_critical_wave",176,1,"1;1;1;1;1;1;1;1;1;1;1;1;1;1;1;1;1;1;1;1;1;1;1;1;1;1;1;1;1;1;1;1;1;1;1;1;1;1"
"4",2,"critical_wave_fifo",12,"case_000058",22,22,0,0.08692799881100655,0.08871999680995941,877.5406827189182,858.4958703840647,"critical_wave","fifo","fifo_critical_wave",128,24,"2;24;8;3;13;19;1;5;2;2;4;2;1;3;1;17;1;3;5;4;1;2"
"4",2,"critical_wave_fifo",12,"case_000059",28,28,0,0.09678399935364723,0.09857919812202454,1006.9916866720931,985.1307719947719,"critical_wave","fifo","fifo_critical_wave",128,18,"18;2;10;15;2;1;3;2;1;2;13;1;3;4;3;1;2;2;5;2;1;3;3;1;7;9;2;8"
"4",2,"critical_wave_fifo",12,"case_000060",36,36,0,0.10385600104928017,0.11027520075440407,1053.1572495661587,1030.559225453076,"critical_wave","fifo","fifo_critical_wave",128,17,"17;14;5;2;2;4;3;6;1;3;1;8;1;3;6;5;1;5;2;2;3;4;2;5;4;1;1;2;1;1;5;4;1;6;2;3"
"4",2,"critical_wave_fifo",12,"case_000061",39,36,3,0.7222719788551331,0.725113594532013,4257.3952458105205,160.0102833605569,"critical_wave","fifo","fifo_critical_wave",176,1,"1;1;1;1;1;1;1;1;1;1;1;1;1;1;1;1;1;1;1;1;1;1;1;1;1;1;1;1;1;1;1;1;1;1;1;1;1;1;1"
"4",2,"critical_wave_fifo",12,"case_000062",41,39,2,0.236175999045372,0.23985280096530914,2565.1377002267473,515.6680462547894,"critical_wave","fifo","fifo_critical_wave",128,3,"1;1;1;1;1;1;1;1;1;1;1;1;1;1;1;1;1;1;1;1;1;1;1;1;1;1;3;1;1;1;1;1;2;1;1;2;1;1;1;1;1"
"4",2,"critical_wave_fifo",12,"case_000063",33,31,2,0.1292799934744835,0.13528640568256378,1759.5691977266233,711.7564715700697,"critical_wave","fifo","fifo_critical_wave",128,7,"3;4;2;1;1;1;1;1;1;1;1;3;1;1;3;1;2;2;3;7;1;1;1;1;2;5;1;2;3;1;1;2;1"
"4",2,"critical_wave_fifo",12,"case_000064",33,33,0,0.09980800002813339,0.10327680259943009,1034.1894399136818,1011.9397239853589,"critical_wave","fifo","fifo_critical_wave",128,16,"2;8;1;2;5;1;1;1;7;5;5;2;3;1;16;11;1;1;6;7;1;5;3;1;3;1;3;2;6;15;2;1;6"
"4",2,"critical_wave_fifo",12,"case_000065",34,34,0,0.09108800068497658,0.09356479719281197,848.8742293446012,831.2243043060647,"critical_wave","fifo","fifo_critical_wave",128,25,"2;4;2;6;6;3;2;10;3;3;1;1;9;4;1;3;2;3;9;25;1;1;2;2;9;6;1;1;2;2;1;1;3;1"
"4",2,"critical_wave_fifo",12,"case_000066",54,54,0,0.1289599984884262,0.13031679391860962,1364.9600001181589,1335.4878568446684,"critical_wave","fifo","fifo_critical_wave",128,19,"5;10;4;2;2;4;2;1;1;3;1;1;19;3;1;1;2;1;2;9;2;1;10;4;1;1;1;1;1;4;1;1;2;1;1;3;1;3;6;2;1;3;1;1;1;4;1;1;1;2;1;1;1;3"
"4",2,"critical_wave_fifo",12,"case_000067",37,37,0,0.11017599701881409,0.11161600053310394,1152.8842461240404,1127.8838527667683,"critical_wave","fifo","fifo_critical_wave",128,27,"14;5;2;2;27;2;1;3;15;1;1;1;5;1;3;5;4;1;4;1;1;5;1;1;2;1;1;3;3;1;3;1;1;6;4;4;1"
"4",2,"critical_wave_fifo",12,"case_000068",33,33,0,0.08999999985098839,0.09311680048704148,896.5018980176577,877.6960014531877,"critical_wave","fifo","fifo_critical_wave",128,20,"20;1;4;2;6;2;2;1;1;2;1;1;1;1;9;6;6;1;3;6;1;7;1;1;5;1;7;1;1;4;3;7;12"
"4",2,"critical_wave_fifo",12,"case_000069",34,33,1,0.15375999361276627,0.1647488057613373,2155.221094315172,646.0553858383635,"critical_wave","fifo","fifo_critical_wave",128,3,"3;1;1;1;1;2;1;1;1;1;1;1;1;1;1;1;1;1;1;1;1;2;1;1;1;1;1;2;1;1;1;1;1;1"
"4",2,"critical_wave_fifo",12,"case_000070",34,33,1,0.19816000014543533,0.1995872065424919,1246.1053923837922,382.33088385342944,"critical_wave","fifo","fifo_critical_wave",128,2,"1;1;1;1;1;1;2;1;1;1;1;1;1;1;1;1;1;2;1;1;1;1;1;1;1;1;1;1;1;1;1;1;1;1"
"4",2,"critical_wave_fifo",12,"case_000071",28,28,0,0.09718400239944458,0.09892160072922707,1033.9479810575724,1011.4481146391,"critical_wave","fifo","fifo_critical_wave",128,20,"1;1;1;2;8;1;1;3;1;2;6;3;13;19;3;1;2;4;2;1;5;10;20;9;2;2;5;2"
"4",2,"critical_wave_fifo",12,"case_000072",36,34,2,0.2280000001192093,0.22912320047616958,1347.648385540999,407.92589452355895,"critical_wave","fifo","fifo_critical_wave",128,2,"2;1;1;1;1;1;1;1;1;1;1;1;1;1;1;1;1;1;1;1;1;2;1;1;1;1;1;1;1;1;1;1;1;1;1;1"
"4",2,"critical_wave_fifo",12,"case_000073",34,33,1,0.3903679996728897,0.39172800779342654,3506.06553617835,260.40101669496437,"critical_wave","fifo","fifo_critical_wave",176,1,"1;1;1;1;1;1;1;1;1;1;1;1;1;1;1;1;1;1;1;1;1;1;1;1;1;1;1;1;1;1;1;1;1;1"
"4",2,"critical_wave_fifo",12,"case_000074",33,33,0,0.09857599809765816,0.10059519857168198,775.9317351494016,759.7597939186297,"critical_wave","fifo","fifo_critical_wave",128,6,"6;2;1;2;1;1;2;1;1;2;1;1;1;1;1;1;1;1;1;3;1;1;1;1;3;1;1;1;1;1;1;1;1"
"4",2,"critical_wave_fifo",12,"case_000075",34,33,1,0.13715200126171112,0.14081919938325882,1083.2481617566914,845.8628013646575,"critical_wave","fifo","fifo_critical_wave",128,4,"4;1;4;1;1;2;3;1;4;4;2;1;1;1;3;2;1;4;4;2;1;3;1;4;1;1;3;3;4;4;4;4;2;1"
"4",2,"critical_wave_fifo",12,"case_000076",39,36,3,0.6358239948749542,0.637411218881607,3557.731165142453,193.302097735666,"critical_wave","fifo","fifo_critical_wave",176,1,"1;1;1;1;1;1;1;1;1;1;1;1;1;1;1;1;1;1;1;1;1;1;1;1;1;1;1;1;1;1;1;1;1;1;1;1;1;1;1"
"4",2,"critical_wave_fifo",12,"case_000077",40,40,0,0.1319040060043335,0.13406720608472825,1366.321001365789,1336.1222099214328,"critical_wave","fifo","fifo_critical_wave",128,17,"1;9;1;17;4;2;7;11;7;2;1;1;3;1;4;4;5;1;4;1;4;8;3;2;2;2;2;2;1;1;1;1;1;6;3;1;2;8;1;1"
"4",2,"critical_wave_fifo",12,"case_000078",42,41,1,0.3147680014371872,0.3167072057723999,3588.082242144227,430.32379206763125,"critical_wave","fifo","fifo_critical_wave",128,2,"2;1;1;1;1;1;2;1;1;1;1;1;1;1;1;1;1;1;1;1;1;1;1;1;1;1;1;1;2;1;1;1;1;1;1;1;1;1;1;1;1;1"
"4",2,"critical_wave_fifo",12,"case_000079",36,35,1,0.13595200330018997,0.13769280463457106,2265.6558028341287,621.8156845643324,"critical_wave","fifo","fifo_critical_wave",128,3,"1;1;1;1;3;3;1;1;1;1;3;1;1;1;1;3;1;2;3;2;1;1;1;1;3;1;1;1;1;1;1;1;1;2;1;3"
"4",2,"critical_wave_fifo",12,"case_000080",34,32,2,0.2280000001192093,0.2293920025229454,1550.435165505148,476.1420348387695,"critical_wave","fifo","fifo_critical_wave",128,4,"1;1;1;1;1;1;2;1;1;1;1;1;1;1;4;1;1;1;1;1;2;1;1;1;1;1;1;1;1;1;1;1;1;1"
"4",2,"critical_wave_fifo",12,"case_000081",35,35,0,0.1125280000269413,0.1140511967241764,1204.4639473868742,1178.1055023483962,"critical_wave","fifo","fifo_critical_wave",128,14,"4;2;1;2;14;2;5;7;1;2;2;4;1;1;4;1;3;14;3;8;4;5;4;10;6;3;2;2;5;2;5;4;2;2;1"
"4",2,"critical_wave_fifo",12,"case_000082",33,31,2,0.5823839902877808,0.583811205625534,4091.721431130827,213.6520269702384,"critical_wave","fifo","fifo_critical_wave",176,1,"1;1;1;1;1;1;1;1;1;1;1;1;1;1;1;1;1;1;1;1;1;1;1;1;1;1;1;1;1;1;1;1;1"
"4",2,"critical_wave_fifo",12,"case_000083",30,30,0,0.09918400272727013,0.10094400122761726,1023.541410152102,1001.371806632003,"critical_wave","fifo","fifo_critical_wave",128,24,"3;3;2;4;20;3;10;4;5;4;2;3;1;1;1;1;2;2;3;1;6;1;4;3;24;2;1;9;4;4"
"4",2,"critical_wave_fifo",12,"case_000084",24,23,1,0.22039999812841415,0.22210560590028763,2610.8180757457812,434.16160078298867,"critical_wave","fifo","fifo_critical_wave",128,4,"4;1;1;4;1;1;1;1;1;2;1;1;1;1;1;1;1;1;1;1;1;1;1;1"
"4",2,"critical_wave_fifo",12,"case_000085",44,44,0,0.12512000650167465,0.12748479545116426,1331.0888883767034,1302.0070934684582,"critical_wave","fifo","fifo_critical_wave",128,15,"15;2;1;1;8;1;1;8;1;1;1;1;3;1;3;2;10;1;4;1;4;1;10;1;1;10;2;12;1;1;1;1;3;7;2;2;3;3;2;2;1;2;1;2"
"4",2,"critical_wave_fifo",12,"case_000086",35,35,0,0.11059200018644333,0.112483199685812,1175.7238498697386,1150.071757320392,"critical_wave","fifo","fifo_critical_wave",128,18,"18;1;2;1;2;1;1;2;2;4;3;4;9;3;7;1;4;5;8;2;7;1;9;1;1;2;1;1;14;3;1;4;6;1;1"
"4",2,"critical_wave_fifo",12,"case_000087",35,35,0,0.10875200107693672,0.11598720028996468,1092.4140965824918,1068.7467894753875,"critical_wave","fifo","fifo_critical_wave",128,17,"3;10;17;1;6;10;2;13;2;1;3;9;5;5;1;1;2;1;2;2;2;2;3;1;4;4;3;1;1;4;14;1;1;1;1"
"4",2,"critical_wave_fifo",12,"case_000088",38,38,0,0.11219199746847153,0.11399040296673775,1179.0381829075934,1153.442125284972,"critical_wave","fifo","fifo_critical_wave",128,26,"13;3;4;1;1;1;4;5;2;1;1;2;9;26;8;2;5;1;2;1;4;4;1;2;3;3;1;1;2;2;1;3;7;3;1;3;2;1"
"4",2,"critical_wave_fifo",12,"case_000089",40,39,1,0.5100319981575012,0.5128959953784943,3860.115284014057,299.93336997017224,"critical_wave","fifo","fifo_critical_wave",128,2,"1;1;1;1;1;1;1;1;1;1;2;1;1;1;1;1;1;1;1;1;1;1;1;1;1;1;1;1;1;1;1;1;1;1;1;1;1;1;1;1"
"4",2,"critical_wave_fifo",12,"case_000090",42,41,1,0.3819359987974167,0.38494398891925813,3729.686071648806,409.06606471224507,"critical_wave","fifo","fifo_critical_wave",128,3,"1;1;1;1;1;1;1;1;1;1;1;1;1;2;1;1;1;1;1;1;1;1;1;3;1;1;1;1;1;1;1;1;1;1;1;1;1;1;1;1;1;1"
"4",2,"critical_wave_fifo",12,"case_000091",43,43,0,0.1276319995522499,0.12989439815282822,1344.5529544473463,1315.06682171259,"critical_wave","fifo","fifo_critical_wave",128,11,"10;2;6;2;1;6;1;4;3;3;2;1;2;3;11;1;4;9;1;3;6;1;3;2;1;3;2;3;2;1;5;1;4;2;3;1;3;1;4;1;5;6;4"
"4",2,"critical_wave_fifo",12,"case_000092",31,31,0,0.09803200140595436,0.09902400150895119,1022.1869688555959,1000.1318609623413,"critical_wave","fifo","fifo_critical_wave",128,17,"17;5;4;1;1;6;9;5;2;3;9;6;5;1;4;6;2;8;1;1;4;2;3;6;2;5;5;1;1;4;1"
"4",2,"critical_wave_fifo",12,"case_000093",31,31,0,0.09454399719834328,0.09831679984927179,997.0436497860684,975.6480234962647,"critical_wave","fifo","fifo_critical_wave",128,18,"18;5;1;1;6;3;9;6;6;1;4;7;2;9;1;1;5;2;4;6;2;5;6;1;1;4;1;4;2;5;5"
"4",2,"critical_wave_fifo",12,"case_000094",22,22,0,0.08249600231647491,0.08412479907274246,810.8999368887054,793.498814025891,"critical_wave","fifo","fifo_critical_wave",128,21,"7;1;6;5;8;7;1;5;7;6;2;3;13;21;3;2;3;4;1;1;9;6"
"4",2,"critical_wave_fifo",12,"case_000095",35,35,0,0.09537599980831146,0.09680959954857826,944.0452023670803,924.1268262156573,"critical_wave","fifo","fifo_critical_wave",128,10,"2;10;3;1;7;1;4;5;3;4;1;6;10;2;5;4;7;1;7;1;4;10;3;5;1;1;4;1;1;6;2;1;1;1;5"
"4",2,"critical_wave_fifo",12,"case_000096",23,23,0,0.0727040022611618,0.07735039964318276,627.2666847167767,614.4682907486215,"critical_wave","fifo","fifo_critical_wave",128,26,"2;2;15;1;4;8;5;4;2;26;4;5;4;1;10;1;1;11;4;1;3;8;2"
"4",2,"critical_wave_fifo",12,"case_000097",30,29,1,0.10622399672865868,0.10896320268511772,844.6348348686628,819.0727771451519,"critical_wave","fifo","fifo_critical_wave",128,7,"1;1;3;1;1;1;2;1;1;1;1;2;2;1;2;1;1;1;1;1;1;2;1;1;1;3;1;1;7;1"
"4",2,"critical_wave_fifo",12,"case_000098",45,43,2,0.8756320178508759,0.8813024044036866,4328.388391888917,184.6760793385466,"critical_wave","fifo","fifo_critical_wave",176,1,"1;1;1;1;1;1;1;1;1;1;1;1;1;1;1;1;1;1;1;1;1;1;1;1;1;1;1;1;1;1;1;1;1;1;1;1;1;1;1;1;1;1;1;1;1"
"4",2,"critical_wave_fifo",12,"case_000099",7,7,0,0.09107200056314468,0.09623680263757706,594.1315606269542,580.6690055450559,"critical_wave","fifo","fifo_critical_wave",128,67,"2;67;22;3;7;6;12"
"4",2,"critical_wave_release_lpt",12,"case_000000",23,22,1,0.24859200417995453,0.2533888131380081,1051.6572752305804,361.4834205807739,"critical_wave","release_lpt","release_lpt_critical_wave",128,2,"1;2;1;1;1;2;2;1;1;1;1;1;1;1;1;1;1;1;1;1;1;1;1"
"4",2,"critical_wave_release_lpt",12,"case_000001",39,38,1,0.36878401041030884,0.37120639681816103,3764.626403165746,327.83234789785894,"critical_wave","release_lpt","release_lpt_critical_wave",128,2,"1;1;1;1;1;1;2;1;1;1;1;1;1;1;1;1;1;1;1;1;1;1;1;1;1;1;1;1;2;1;1;1;1;1;1;1;1;1;1"
"4",2,"critical_wave_release_lpt",12,"case_000002",45,45,0,0.1337440013885498,0.13675840497016906,1370.0181487144214,1339.9325139029563,"critical_wave","release_lpt","release_lpt_critical_wave",128,21,"14;8;3;4;1;1;1;1;1;4;1;1;3;1;3;1;5;4;3;21;2;3;2;2;1;4;1;3;6;2;2;2;2;2;2;3;6;2;2;2;2;5;1;3;2"
"4",2,"critical_wave_release_lpt",12,"case_000003",41,40,1,0.2550399899482727,0.26125121414661406,3783.0570123363295,694.878822869873,"critical_wave","release_lpt","release_lpt_critical_wave",128,4,"3;1;1;4;1;1;1;1;1;1;1;1;1;1;1;1;1;1;1;1;1;1;1;1;1;1;1;1;1;1;1;1;1;1;1;1;1;1;1;1;1"
"4",2,"critical_wave_release_lpt",12,"case_000004",27,25,2,0.3611519932746887,0.36478079855442047,3830.744693699469,250.55183879651534,"critical_wave","release_lpt","release_lpt_critical_wave",176,1,"1;1;1;1;1;1;1;1;1;1;1;1;1;1;1;1;1;1;1;1;1;1;1;1;1;1;1"
"4",2,"critical_wave_release_lpt",12,"case_000005",35,35,0,0.11574400216341019,0.11806399747729301,1135.06759946419,1110.2836397394342,"critical_wave","release_lpt","release_lpt_critical_wave",128,21,"1;3;2;2;2;3;4;2;5;6;1;6;3;2;3;3;7;2;1;3;1;2;1;4;1;5;16;3;4;21;3;8;2;1;1"
"4",2,"critical_wave_release_lpt",12,"case_000006",33,32,1,0.13248000293970108,0.1340512067079544,1598.8686176615654,731.5458774869701,"critical_wave","release_lpt","release_lpt_critical_wave",128,5,"1;5;1;3;4;3;1;3;2;2;2;4;5;5;1;2;1;1;5;2;3;2;1;1;2;1;1;1;2;1;1;1;2"
"4",2,"critical_wave_release_lpt",12,"case_000007",34,34,0,0.09463999792933464,0.09671039879322052,834.2655425135753,816.873728777178,"critical_wave","release_lpt","release_lpt_critical_wave",128,14,"1;1;4;5;14;1;5;2;1;12;7;5;1;4;1;2;1;1;3;4;1;4;9;8;1;4;2;1;2;5;14;4;1;2"
"4",2,"critical_wave_release_lpt",12,"case_000008",32,32,0,0.09860799834132195,0.10045119747519493,950.2055548442835,929.8874081452198,"critical_wave","release_lpt","release_lpt_critical_wave",128,26,"4;3;1;8;10;2;2;1;3;6;1;26;12;1;4;3;1;1;5;6;1;3;4;2;4;5;1;1;5;4;1;2"
"4",2,"critical_wave_release_lpt",12,"case_000009",37,37,0,0.11999999731779099,0.12171200215816498,1177.442739917896,1151.7013590758647,"critical_wave","release_lpt","release_lpt_critical_wave",128,25,"1;3;2;5;7;1;12;25;3;2;1;3;1;7;2;1;1;3;1;1;6;2;2;4;7;5;3;3;1;1;1;2;6;3;1;2;4"
"4",2,"critical_wave_release_lpt",12,"case_000010",29,27,2,0.251120001077652,0.2525727868080139,2341.637388867991,370.0449808904918,"critical_wave","release_lpt","release_lpt_critical_wave",128,2,"2;1;1;1;1;1;1;1;1;1;1;1;1;1;1;1;1;2;1;1;2;1;1;1;1;1;1;1;1"
"4",2,"critical_wave_release_lpt",12,"case_000011",30,30,0,0.10129599645733833,0.10367039889097214,1000.862907851432,979.1868925616793,"critical_wave","release_lpt","release_lpt_critical_wave",128,18,"3;1;2;1;1;2;3;1;12;18;1;11;2;2;6;5;3;1;11;6;11;1;3;1;3;3;7;2;5;3"
"4",2,"critical_wave_release_lpt",12,"case_000012",31,29,2,0.1833920031785965,0.18416319489479066,1488.3863863473885,526.6948085295418,"critical_wave","release_lpt","release_lpt_critical_wave",128,3,"1;1;1;1;2;3;2;1;1;1;1;1;1;2;2;1;1;1;1;1;1;1;1;1;1;1;1;1;1;1;1"
"4",2,"critical_wave_release_lpt",12,"case_000013",38,38,0,0.10553599894046783,0.10816319659352303,1028.4288568986265,1006.4912168966971,"critical_wave","release_lpt","release_lpt_critical_wave",128,14,"2;3;2;2;1;1;4;8;4;5;3;2;2;2;3;14;2;14;10;1;1;1;3;1;3;1;10;2;3;1;1;3;7;5;1;5;2;1"
"4",2,"critical_wave_release_lpt",12,"case_000014",26,26,0,0.11160000041127205,0.11522559821605682,1245.2427194253269,1217.4589202445625,"critical_wave","release_lpt","release_lpt_critical_wave",128,24,"2;2;6;12;2;13;2;8;24;2;5;1;1;2;3;3;6;4;1;10;5;1;1;8;3;1"
"4",2,"critical_wave_release_lpt",12,"case_000015",44,44,0,0.12324799969792366,0.12518080621957778,1320.257307662749,1291.4615116685054,"critical_wave","release_lpt","release_lpt_critical_wave",128,23,"3;1;4;2;1;23;1;1;23;7;4;1;1;2;1;2;5;5;1;1;1;5;2;1;1;1;1;2;1;1;3;1;4;2;1;1;7;4;1;6;1;1;4;1"
"4",2,"critical_wave_release_lpt",12,"case_000016",30,29,1,0.2742080092430115,0.2758080065250397,961.0466129545277,335.32219665587104,"critical_wave","release_lpt","release_lpt_critical_wave",176,1,"1;1;1;1;1;1;1;1;1;1;1;1;1;1;1;1;1;1;1;1;1;1;1;1;1;1;1;1;1;1"
"4",2,"critical_wave_release_lpt",12,"case_000017",32,32,0,0.09920000284910202,0.10225600227713585,944.7146257702788,924.5135218343413,"critical_wave","release_lpt","release_lpt_critical_wave",128,14,"2;3;3;6;2;3;10;1;2;1;14;3;10;1;10;7;4;4;1;5;2;3;6;2;4;1;4;1;5;3;10;1"
"4",2,"critical_wave_release_lpt",12,"case_000018",33,32,1,0.11047999933362007,0.11433919668197633,989.4951358741827,723.4780637410505,"critical_wave","release_lpt","release_lpt_critical_wave",128,5,"5;1;4;5;2;3;3;5;2;3;5;5;5;2;1;5;1;1;1;1;2;2;2;4;3;1;1;4;2;5;2;1;1"
"4",2,"critical_wave_release_lpt",12,"case_000019",46,44,2,0.6605919897556305,0.6913119852542877,4068.5500078228765,234.1475076880943,"critical_wave","release_lpt","release_lpt_critical_wave",176,1,"1;1;1;1;1;1;1;1;1;1;1;1;1;1;1;1;1;1;1;1;1;1;1;1;1;1;1;1;1;1;1;1;1;1;1;1;1;1;1;1;1;1;1;1;1;1"
"4",2,"critical_wave_release_lpt",12,"case_000020",39,38,1,0.22171200066804886,0.22376320511102676,1397.6945963514456,619.1573915095828,"critical_wave","release_lpt","release_lpt_critical_wave",128,4,"1;1;2;1;1;1;1;1;1;1;1;2;1;1;1;1;1;1;1;1;1;1;4;1;1;1;1;1;1;2;1;1;1;1;1;1;1;1;1"
"4",2,"critical_wave_release_lpt",12,"case_000021",29,29,0,0.10054399818181992,0.10198720172047615,1031.1373833823347,1008.7053014999193,"critical_wave","release_lpt","release_lpt_critical_wave",128,21,"6;4;4;1;3;3;1;4;6;6;3;8;2;4;2;4;8;1;8;7;7;3;1;5;21;1;1;3;2"
"4",2,"critical_wave_release_lpt",12,"case_000022",41,41,0,0.10124799981713295,0.10267839953303337,962.9885023713937,942.8546161150545,"critical_wave","release_lpt","release_lpt_critical_wave",128,12,"3;1;2;12;6;6;3;4;1;5;2;5;5;1;8;1;2;1;5;10;6;1;5;6;2;2;1;2;1;1;1;4;4;1;2;1;4;1;1;2;2"
"4",2,"critical_wave_release_lpt",12,"case_000023",42,41,1,0.13566400110721588,0.1395840033888817,1281.6016274692647,725.9573003612494,"critical_wave","release_lpt","release_lpt_critical_wave",128,2,"2;2;1;2;2;2;1;1;1;2;2;2;2;2;2;2;1;2;1;1;1;2;1;1;1;2;1;2;1;1;2;1;2;2;2;2;1;2;1;1;1;1"
"4",2,"critical_wave_release_lpt",12,"case_000024",58,58,0,0.13947200030088425,0.14240320324897765,1458.2417809541557,1426.566017342325,"critical_wave","release_lpt","release_lpt_critical_wave",128,15,"2;1;7;4;15;1;1;14;2;2;1;1;3;1;1;3;1;1;1;1;5;1;2;7;2;1;1;2;10;1;1;1;1;2;1;1;1;1;3;1;4;5;2;1;1;1;4;1;2;1;3;1;2;4;1;1;1;2"
"4",2,"critical_wave_release_lpt",12,"case_000025",38,36,2,0.18568000197410583,0.1868928000330925,1441.505741158526,495.0100765984366,"critical_wave","release_lpt","release_lpt_critical_wave",128,2,"1;2;1;1;1;1;1;1;1;1;1;1;1;1;1;1;1;1;1;1;1;1;1;2;1;1;1;1;2;1;1;1;1;1;1;1;1;1"
"4",2,"critical_wave_release_lpt",12,"case_000026",34,34,0,0.10820799693465233,0.10953599959611893,1094.513249399893,1070.750880546944,"critical_wave","release_lpt","release_lpt_critical_wave",128,18,"6;9;5;4;1;1;3;2;2;3;15;2;4;1;1;1;18;4;2;5;1;1;9;1;2;6;2;3;1;1;12;1;2;6"
"4",2,"critical_wave_release_lpt",12,"case_000027",35,35,0,0.10280000045895576,0.10567359998822212,1002.584768753482,981.134937253915,"critical_wave","release_lpt","release_lpt_critical_wave",128,26,"7;10;5;1;14;7;4;3;1;7;3;4;1;2;3;1;1;1;1;3;1;1;1;5;1;4;1;2;1;2;2;26;6;1;4"
"4",2,"critical_wave_release_lpt",12,"case_000028",38,37,1,0.21127999573946,0.21935999393463135,1326.1802942173617,512.4677119622737,"critical_wave","release_lpt","release_lpt_critical_wave",128,3,"1;2;1;1;3;1;1;1;1;1;1;1;1;1;1;1;1;1;1;1;1;1;1;1;1;1;1;1;1;1;1;3;1;1;1;1;1;1"
"4",2,"critical_wave_release_lpt",12,"case_000029",41,40,1,0.24456000328063965,0.24797760099172592,3439.7408972663134,558.0603130896517,"critical_wave","release_lpt","release_lpt_critical_wave",128,4,"1;1;1;1;1;1;1;1;1;1;1;1;1;1;1;3;1;1;1;1;1;1;1;1;1;1;1;1;1;1;1;1;1;4;1;1;1;1;1;1;1"
"4",2,"critical_wave_release_lpt",12,"case_000030",39,38,1,0.1879359930753708,0.19332479685544968,789.525475029644,741.5045394955943,"critical_wave","release_lpt","release_lpt_critical_wave",128,4,"1;2;1;1;1;1;4;1;1;1;1;1;1;1;1;1;1;1;1;1;1;1;4;1;1;1;1;1;1;1;1;1;1;1;1;1;1;2;1"
"4",2,"critical_wave_release_lpt",12,"case_000031",30,28,2,1.3086239695549011,1.3132832288742065,4321.309397384345,84.89454769637643,"critical_wave","release_lpt","release_lpt_critical_wave",176,1,"1;1;1;1;1;1;1;1;1;1;1;1;1;1;1;1;1;1;1;1;1;1;1;1;1;1;1;1;1;1"
"4",2,"critical_wave_release_lpt",12,"case_000032",30,30,0,0.1051040031015873,0.10757119953632355,1090.1133610416182,1066.2809854319191,"critical_wave","release_lpt","release_lpt_critical_wave",128,16,"11;2;10;2;1;1;3;1;7;1;1;10;1;1;1;6;1;3;1;14;1;1;8;1;5;11;1;16;2;4"
"4",2,"critical_wave_release_lpt",12,"case_000033",30,30,0,0.09019200131297112,0.09186559915542603,756.5559669889111,740.8252508794333,"critical_wave","release_lpt","release_lpt_critical_wave",128,14,"5;9;9;1;2;1;6;5;1;2;6;14;1;2;7;4;2;1;3;3;6;10;5;1;4;4;4;9;2;1"
"4",2,"critical_wave_release_lpt",12,"case_000034",36,35,1,0.6879840195178986,0.7272160112857818,4000.559914412948,168.5587058857303,"critical_wave","release_lpt","release_lpt_critical_wave",176,1,"1;1;1;1;1;1;1;1;1;1;1;1;1;1;1;1;1;1;1;1;1;1;1;1;1;1;1;1;1;1;1;1;1;1;1;1"
"4",2,"critical_wave_release_lpt",12,"case_000035",37,36,1,0.1358880028128624,0.13841600269079207,846.4699959010095,660.3160112932851,"critical_wave","release_lpt","release_lpt_critical_wave",128,3,"3;2;1;3;3;1;3;3;2;1;3;1;3;2;1;2;3;2;1;2;1;3;3;1;1;2;1;1;1;1;3;2;3;3;1;1;1"
"4",2,"critical_wave_release_lpt",12,"case_000036",35,35,0,0.12596800178289413,0.12853120267391205,1355.1365823696092,1325.0471043247594,"critical_wave","release_lpt","release_lpt_critical_wave",128,22,"7;8;1;6;1;1;2;4;1;4;2;22;1;3;22;4;1;5;3;8;1;1;3;4;2;2;2;3;1;1;4;1;2;1;1"
"4",2,"critical_wave_release_lpt",12,"case_000037",37,35,2,0.19100799411535263,0.19425920099020005,3083.7422132828756,571.25014324848,"critical_wave","release_lpt","release_lpt_critical_wave",128,2,"1;1;1;1;1;1;1;1;1;1;1;1;1;1;1;1;1;1;1;1;1;1;1;1;1;1;2;1;2;1;1;1;1;1;1;1;1"
"4",2,"critical_wave_release_lpt",12,"case_000038",28,28,0,0.09222400188446045,0.09501120075583458,852.9543198369331,834.7897122969271,"critical_wave","release_lpt","release_lpt_critical_wave",128,13,"2;2;3;8;9;2;5;1;8;9;3;2;2;1;11;3;11;1;5;2;1;4;7;10;13;1;4;1"
"4",2,"critical_wave_release_lpt",12,"case_000039",24,23,1,0.2881920039653778,0.29326401054859164,3672.1967533809143,228.6493417350897,"critical_wave","release_lpt","release_lpt_critical_wave",176,1,"1;1;1;1;1;1;1;1;1;1;1;1;1;1;1;1;1;1;1;1;1;1;1;1"
"4",2,"critical_wave_release_lpt",12,"case_000040",38,38,0,0.09982400014996529,0.1017599992454052,923.1657880024561,903.8192004373547,"critical_wave","release_lpt","release_lpt_critical_wave",128,10,"8;7;1;1;1;1;2;5;10;4;5;5;4;1;1;7;1;2;2;3;3;7;1;1;3;7;2;5;1;2;5;2;2;8;2;6;1;6"
"4",2,"critical_wave_release_lpt",12,"case_000041",40,40,0,0.10705600306391716,0.11033919751644135,1034.1117217116962,1012.1225237160032,"critical_wave","release_lpt","release_lpt_critical_wave",128,18,"7;6;5;4;3;1;1;2;2;6;1;3;1;4;2;2;1;5;1;2;2;4;6;18;3;5;3;2;7;2;2;3;3;4;7;2;1;2;2;1"
"4",2,"critical_wave_release_lpt",12,"case_000042",43,40,3,1.3452320098876953,1.3585119724273682,4560.524619261899,98.6646043392028,"critical_wave","release_lpt","release_lpt_critical_wave",176,1,"1;1;1;1;1;1;1;1;1;1;1;1;1;1;1;1;1;1;1;1;1;1;1;1;1;1;1;1;1;1;1;1;1;1;1;1;1;1;1;1;1;1;1"
"4",2,"critical_wave_release_lpt",12,"case_000043",49,49,0,0.13752000033855438,0.13970560431480408,1311.8894655312251,1283.2856280216554,"critical_wave","release_lpt","release_lpt_critical_wave",128,16,"3;6;1;2;1;3;2;6;1;2;3;1;7;1;16;2;2;1;3;3;3;2;1;3;7;1;2;1;3;5;1;2;1;5;3;2;6;1;2;2;4;4;3;5;2;3;3;1;3"
"4",2,"critical_wave_release_lpt",12,"case_000044",32,31,1,0.1889919936656952,0.19465919882059096,1077.6100598221649,444.6569739279589,"critical_wave","release_lpt","release_lpt_critical_wave",128,2,"1;1;1;1;1;1;1;1;1;2;1;1;1;1;1;1;1;1;1;1;1;1;1;1;1;1;1;1;1;1;1;1"
"4",2,"critical_wave_release_lpt",12,"case_000045",25,25,0,0.08128000050783157,0.0834176003932953,677.7799516707915,663.7448777427337,"critical_wave","release_lpt","release_lpt_critical_wave",128,18,"1;5;4;6;1;12;9;4;9;3;2;6;3;8;7;1;8;7;3;2;6;1;18;1;1"
"4",2,"critical_wave_release_lpt",12,"case_000046",35,33,2,0.31723199784755707,0.3201792001724243,3180.643906384458,381.59842897743243,"critical_wave","release_lpt","release_lpt_critical_wave",128,2,"1;2;1;1;1;1;1;1;1;1;1;1;1;1;1;1;1;1;1;1;1;1;2;1;1;1;1;1;1;1;1;1;1;1;1"
"4",2,"critical_wave_release_lpt",12,"case_000047",46,46,0,0.1207680031657219,0.12237119972705841,1176.8478419649825,1151.5569385473884,"critical_wave","release_lpt","release_lpt_critical_wave",128,11,"5;2;1;9;1;2;1;2;2;4;1;5;2;3;9;2;6;2;11;4;1;1;1;3;1;2;5;3;2;4;4;2;1;1;4;7;1;9;2;2;4;1;1;2;2;2"
"4",2,"critical_wave_release_lpt",12,"case_000048",49,47,2,0.22651199996471405,0.22925120145082473,1520.264960327241,669.5056863372542,"critical_wave","release_lpt","release_lpt_critical_wave",128,4,"1;1;2;1;1;1;1;1;1;1;2;1;1;1;1;1;2;1;1;4;1;1;1;1;1;1;1;1;1;1;1;1;1;1;1;1;1;1;1;1;1;1;1;1;1;1;1;1;1"
"4",2,"critical_wave_release_lpt",12,"case_000049",49,49,0,0.12777599692344666,0.13007680624723433,1280.6529494427523,1252.9446833110378,"critical_wave","release_lpt","release_lpt_critical_wave",128,22,"4;11;1;22;1;4;1;3;2;1;5;1;1;2;3;1;1;3;2;1;3;1;2;4;10;1;6;3;1;2;1;2;1;1;4;1;3;1;2;1;1;3;1;3;4;5;1;2;1"
"4",2,"critical_wave_release_lpt",12,"case_000050",37,37,0,0.09843199700117111,0.10317760109901429,928.8186290776184,909.310820941031,"critical_wave","release_lpt","release_lpt_critical_wave",128,18,"7;18;2;5;1;3;3;2;5;2;3;2;1;5;2;5;8;1;1;2;1;1;1;3;15;3;3;2;1;3;2;1;6;7;1;2;2"
"4",2,"critical_wave_release_lpt",12,"case_000051",42,40,2,0.2215680032968521,0.22886400371789933,2903.709313235214,561.622175352103,"critical_wave","release_lpt","release_lpt_critical_wave",128,2,"2;1;1;1;1;1;1;1;1;1;1;1;1;2;1;1;1;1;1;1;1;2;1;1;1;1;1;1;2;1;1;1;1;1;1;1;1;1;1;1;1;1"
"4",2,"critical_wave_release_lpt",12,"case_000052",36,36,0,0.10291200131177902,0.10592960044741631,993.5321664403116,972.3507338744821,"critical_wave","release_lpt","release_lpt_critical_wave",128,15,"1;5;5;2;15;3;4;8;1;2;10;3;1;5;2;1;4;1;4;2;7;4;6;7;1;7;8;1;1;1;1;6;4;1;1;2"
"4",2,"critical_wave_release_lpt",12,"case_000053",22,22,0,0.09929600358009338,0.10221760272979737,474.7954195555517,465.000305503298,"critical_wave","release_lpt","release_lpt_critical_wave",128,3,"3;1;1;1;1;1;1;1;1;2;1;3;1;2;1;1;1;1;1;1;1;1"
"4",2,"critical_wave_release_lpt",12,"case_000054",22,22,0,0.08436800166964531,0.08799679949879646,608.1717065305443,595.4864285718386,"critical_wave","release_lpt","release_lpt_critical_wave",128,4,"3;1;2;1;1;1;1;1;1;3;2;4;1;2;1;2;1;1;1;1;1;2"
"4",2,"critical_wave_release_lpt",12,"case_000055",22,21,1,0.10318400338292122,0.10896640121936799,751.1100885704542,475.04293682128207,"critical_wave","release_lpt","release_lpt_critical_wave",128,4,"4;3;4;4;1;2;4;3;4;1;4;1;2;2;1;4;2;4;4;2;1;1"
"4",2,"critical_wave_release_lpt",12,"case_000056",41,41,0,0.1127840019762516,0.11530879884958267,1134.1602411566712,1109.7653373423932,"critical_wave","release_lpt","release_lpt_critical_wave",128,14,"2;6;1;1;1;2;2;2;1;4;2;2;4;5;3;14;1;5;5;1;1;1;2;4;5;9;1;1;8;1;5;5;2;1;11;3;3;2;1;1;2"
"4",2,"critical_wave_release_lpt",12,"case_000057",38,37,1,0.9396960139274597,0.9446528196334839,4097.320986624107,126.22458139867811,"critical_wave","release_lpt","release_lpt_critical_wave",176,1,"1;1;1;1;1;1;1;1;1;1;1;1;1;1;1;1;1;1;1;1;1;1;1;1;1;1;1;1;1;1;1;1;1;1;1;1;1;1"
"4",2,"critical_wave_release_lpt",12,"case_000058",22,22,0,0.10230399668216705,0.10398400202393532,745.6488299376198,729.4663983837157,"critical_wave","release_lpt","release_lpt_critical_wave",128,5,"1;5;2;1;3;4;1;2;1;1;1;1;1;1;1;4;1;1;1;1;1;1"
"4",2,"critical_wave_release_lpt",12,"case_000059",28,28,0,0.09822400286793709,0.10027520284056664,992.2287822360144,970.6883573884882,"critical_wave","release_lpt","release_lpt_critical_wave",128,18,"18;2;10;15;2;1;3;2;1;2;13;1;3;4;3;1;2;2;5;2;1;3;3;1;7;9;2;8"
"4",2,"critical_wave_release_lpt",12,"case_000060",36,36,0,0.10463999956846237,0.10611840263009072,1045.2666367266045,1022.8379247075023,"critical_wave","release_lpt","release_lpt_critical_wave",128,17,"17;14;5;2;2;4;3;6;1;3;1;8;1;3;6;5;1;5;2;2;3;4;2;5;4;1;1;2;1;1;5;4;1;6;2;3"
"4",2,"critical_wave_release_lpt",12,"case_000061",39,36,3,0.7327360212802887,0.7356192231178283,4196.596317985221,157.7252115953931,"critical_wave","release_lpt","release_lpt_critical_wave",176,1,"1;1;1;1;1;1;1;1;1;1;1;1;1;1;1;1;1;1;1;1;1;1;1;1;1;1;1;1;1;1;1;1;1;1;1;1;1;1;1"
"4",2,"critical_wave_release_lpt",12,"case_000062",41,39,2,0.23315200209617615,0.2357247993350029,2598.4077065317038,522.3562950566549,"critical_wave","release_lpt","release_lpt_critical_wave",128,2,"1;1;1;1;1;1;1;1;1;1;1;1;1;1;1;1;1;1;1;1;1;1;1;1;1;1;2;1;1;1;1;1;2;1;1;2;1;1;1;1;1"
"4",2,"critical_wave_release_lpt",12,"case_000063",33,31,2,0.13344000279903412,0.13566719740629196,1704.7144006927924,689.567371626779,"critical_wave","release_lpt","release_lpt_critical_wave",128,7,"3;4;2;1;1;1;1;1;1;1;1;3;1;1;3;1;2;2;3;7;1;1;1;1;2;5;1;2;3;1;1;2;1"
"4",2,"critical_wave_release_lpt",12,"case_000064",33,33,0,0.10300800204277039,0.1052703969180584,1002.0617583199161,980.503242438034,"critical_wave","release_lpt","release_lpt_critical_wave",128,16,"2;8;1;2;5;1;1;1;7;5;5;2;3;1;16;11;1;1;6;7;1;5;3;1;3;1;3;2;6;15;2;1;6"
"4",2,"critical_wave_release_lpt",12,"case_000065",34,34,0,0.10968000069260597,0.11131199821829796,704.9804512739454,690.3223880550564,"critical_wave","release_lpt","release_lpt_critical_wave",128,5,"1;1;1;1;1;1;1;2;1;1;1;1;2;1;1;1;1;1;2;5;1;1;1;1;2;1;1;1;1;1;1;1;1;1"
"4",2,"critical_wave_release_lpt",12,"case_000066",54,54,0,0.13023999333381653,0.13328319489955903,1351.5452131576194,1322.362721246257,"critical_wave","release_lpt","release_lpt_critical_wave",128,19,"5;10;4;2;2;4;2;1;1;3;1;1;19;3;1;1;2;1;2;9;2;1;10;4;1;1;1;1;1;4;1;1;2;1;1;3;1;3;6;2;1;3;1;1;1;4;1;1;1;2;1;1;1;3"
"4",2,"critical_wave_release_lpt",12,"case_000067",37,37,0,0.1117120012640953,0.11458240002393723,1137.0324569131571,1112.3758109589926,"critical_wave","release_lpt","release_lpt_critical_wave",128,27,"14;5;2;2;27;2;1;3;15;1;1;1;5;1;3;5;4;1;4;1;1;5;1;1;2;1;1;3;3;1;3;1;1;6;4;4;1"
"4",2,"critical_wave_release_lpt",12,"case_000068",33,33,0,0.0931680016219616,0.09462719708681107,866.0180457168984,847.8516081145592,"critical_wave","release_lpt","release_lpt_critical_wave",128,20,"20;1;4;2;6;2;2;1;1;2;1;1;1;1;9;6;6;1;3;6;1;7;1;1;5;1;7;1;1;4;3;7;12"
"4",2,"critical_wave_release_lpt",12,"case_000069",34,33,1,0.1560479998588562,0.15971520096063613,2123.6208217710955,636.5827956132069,"critical_wave","release_lpt","release_lpt_critical_wave",128,3,"3;1;1;1;1;2;1;1;1;1;1;1;1;1;1;1;1;1;1;1;1;2;1;1;1;1;1;2;1;1;1;1;1;1"
"4",2,"critical_wave_release_lpt",12,"case_000070",34,33,1,0.19334399700164795,0.1985183984041214,1277.144615634978,391.8543589401136,"critical_wave","release_lpt","release_lpt_critical_wave",128,2,"1;1;1;1;1;1;2;1;1;1;1;1;1;1;1;1;1;2;1;1;1;1;1;1;1;1;1;1;1;1;1;1;1;1"
"4",2,"critical_wave_release_lpt",12,"case_000071",28,28,0,0.09980800002813339,0.10368319973349571,1006.7650192737685,984.8566845572764,"critical_wave","release_lpt","release_lpt_critical_wave",128,20,"1;1;1;2;8;1;1;3;1;2;6;3;13;19;3;1;2;4;2;1;5;10;20;9;2;2;5;2"
"4",2,"critical_wave_release_lpt",12,"case_000072",36,34,2,0.22785600274801254,0.23093760013580322,1348.500054237347,408.183690042422,"critical_wave","release_lpt","release_lpt_critical_wave",128,2,"2;1;1;1;1;1;1;1;1;1;1;1;1;1;1;1;1;1;1;1;1;2;1;1;1;1;1;1;1;1;1;1;1;1;1;1"
"4",2,"critical_wave_release_lpt",12,"case_000073",34,33,1,0.3659519851207733,0.36797439455986025,3739.98733639417,277.7747577088623,"critical_wave","release_lpt","release_lpt_critical_wave",128,2,"2;1;1;1;1;1;1;1;1;1;1;1;1;1;1;1;1;1;1;1;1;1;1;1;1;1;1;1;1;1;1;1;1;1"
"4",2,"critical_wave_release_lpt",12,"case_000074",33,33,0,0.0984639972448349,0.10201280117034912,776.8143421783775,760.6240056837496,"critical_wave","release_lpt","release_lpt_critical_wave",128,6,"6;2;1;2;1;1;2;1;1;2;1;1;1;1;1;1;1;1;1;3;1;1;1;1;3;1;1;1;1;1;1;1;1"
"4",2,"critical_wave_release_lpt",12,"case_000075",34,33,1,0.13415999710559845,0.135628804564476,1107.406503080494,864.7270311781997,"critical_wave","release_lpt","release_lpt_critical_wave",128,4,"4;1;4;1;1;2;3;1;4;4;2;1;1;1;3;2;1;4;4;2;1;3;1;4;1;1;3;3;4;4;4;4;2;1"
"4",2,"critical_wave_release_lpt",12,"case_000076",39,36,3,0.6367839872837067,0.6386720180511475,3552.3676588685476,193.01068251460535,"critical_wave","release_lpt","release_lpt_critical_wave",176,1,"1;1;1;1;1;1;1;1;1;1;1;1;1;1;1;1;1;1;1;1;1;1;1;1;1;1;1;1;1;1;1;1;1;1;1;1;1;1;1"
"4",2,"critical_wave_release_lpt",12,"case_000077",40,40,0,0.13281600177288055,0.13492480516433716,1356.9390070647303,1326.9475789624778,"critical_wave","release_lpt","release_lpt_critical_wave",128,17,"1;9;1;17;4;2;7;11;7;2;1;1;3;1;4;4;5;1;4;1;4;8;3;2;2;2;2;2;1;1;1;1;1;6;3;1;2;8;1;1"
"4",2,"critical_wave_release_lpt",12,"case_000078",42,41,1,0.3092480003833771,0.31146879494190216,3652.128631234018,438.0049663444192,"critical_wave","release_lpt","release_lpt_critical_wave",128,2,"2;1;1;1;1;1;2;1;1;1;1;1;1;1;1;1;1;1;1;1;1;1;1;1;1;1;1;1;2;1;1;1;1;1;1;1;1;1;1;1;1;1"
"4",2,"critical_wave_release_lpt",12,"case_000079",36,35,1,0.1780640035867691,0.17933119535446168,1729.8299430513714,474.75675205070735,"critical_wave","release_lpt","release_lpt_critical_wave",176,1,"1;1;1;1;1;1;1;1;1;1;1;1;1;1;1;1;1;1;1;1;1;1;1;1;1;1;1;1;1;1;1;1;1;1;1;1"
"4",2,"critical_wave_release_lpt",12,"case_000080",34,32,2,0.21767999976873398,0.21987200379371644,1623.9398120891312,498.7154727826899,"critical_wave","release_lpt","release_lpt_critical_wave",128,4,"1;1;1;1;1;1;2;1;1;1;1;1;1;1;4;1;1;1;1;1;2;1;1;1;1;1;1;1;1;1;1;1;1;1"
"4",2,"critical_wave_release_lpt",12,"case_000081",35,35,0,0.11524799838662148,0.11921279802918434,1176.0370765774067,1150.3007241415944,"critical_wave","release_lpt","release_lpt_critical_wave",128,14,"4;2;1;2;14;2;5;7;1;2;2;4;1;1;4;1;3;14;3;8;4;5;4;10;6;3;2;2;5;2;5;4;2;2;1"
"4",2,"critical_wave_release_lpt",12,"case_000082",33,31,2,0.5811040103435516,0.5905984222888947,4100.734140174297,214.12263172377322,"critical_wave","release_lpt","release_lpt_critical_wave",176,1,"1;1;1;1;1;1;1;1;1;1;1;1;1;1;1;1;1;1;1;1;1;1;1;1;1;1;1;1;1;1;1;1;1"
"4",2,"critical_wave_release_lpt",12,"case_000083",30,30,0,0.10236799716949463,0.105110402405262,991.7057754672214,970.2257223568803,"critical_wave","release_lpt","release_lpt_critical_wave",128,24,"3;3;2;4;20;3;10;4;5;4;2;3;1;1;1;1;2;2;3;1;6;1;4;3;24;2;1;9;4;4"
"4",2,"critical_wave_release_lpt",12,"case_000084",24,23,1,0.21747199445962906,0.21902719885110855,2645.9696589338096,440.0070741879525,"critical_wave","release_lpt","release_lpt_critical_wave",128,4,"4;1;1;4;1;1;1;1;1;2;1;1;1;1;1;1;1;1;1;1;1;1;1;1"
"4",2,"critical_wave_release_lpt",12,"case_000085",44,44,0,0.12883200496435165,0.13101440519094468,1292.7366178465043,1264.4927480952974,"critical_wave","release_lpt","release_lpt_critical_wave",128,15,"15;2;1;1;8;1;1;8;1;1;1;1;3;1;3;2;10;1;4;1;4;1;10;1;1;10;2;12;1;1;1;1;3;7;2;2;3;3;2;2;1;2;1;2"
"4",2,"critical_wave_release_lpt",12,"case_000086",35,35,0,0.11166400089859962,0.11347519978880882,1164.4366239579244,1139.0307975396488,"critical_wave","release_lpt","release_lpt_critical_wave",128,18,"18;1;2;1;2;1;1;2;2;4;3;4;9;3;7;1;4;5;8;2;7;1;9;1;1;2;1;1;14;3;1;4;6;1;1"
"4",2,"critical_wave_release_lpt",12,"case_000087",35,35,0,0.10888000205159187,0.1113663986325264,1091.1298380735386,1067.4903546100795,"critical_wave","release_lpt","release_lpt_critical_wave",128,17,"3;10;17;1;6;10;2;13;2;1;3;9;5;5;1;1;2;1;2;2;2;2;3;1;4;4;3;1;1;4;14;1;1;1;1"
"4",2,"critical_wave_release_lpt",12,"case_000088",38,38,0,0.11508799716830254,0.1170559972524643,1149.3696309490745,1124.4176559155658,"critical_wave","release_lpt","release_lpt_critical_wave",128,26,"13;3;4;1;1;1;4;5;2;1;1;2;9;26;8;2;5;1;2;1;4;4;1;2;3;3;1;1;2;2;1;3;7;3;1;3;2;1"
"4",2,"critical_wave_release_lpt",12,"case_000089",40,39,1,0.49771200120449066,0.5060447931289673,3955.6657397439435,307.3577000952167,"critical_wave","release_lpt","release_lpt_critical_wave",128,2,"2;1;1;1;1;1;1;1;1;1;2;1;1;1;1;1;1;1;1;1;1;1;1;1;1;1;1;1;1;1;1;1;1;1;1;1;1;1;1;1"
"4",2,"critical_wave_release_lpt",12,"case_000090",42,41,1,0.3715360015630722,0.3737344056367874,3834.0870574669616,420.51659958308807,"critical_wave","release_lpt","release_lpt_critical_wave",128,2,"1;1;1;1;1;1;1;1;1;1;1;1;1;2;1;1;1;1;1;1;1;1;1;2;1;1;1;1;1;1;1;1;1;1;1;1;1;1;1;1;1;1"
"4",2,"critical_wave_release_lpt",12,"case_000091",43,43,0,0.13198400288820267,0.1350175991654396,1300.2180440409957,1271.7041787418218,"critical_wave","release_lpt","release_lpt_critical_wave",128,11,"10;2;6;2;1;6;1;4;3;3;2;1;2;3;11;1;4;9;1;3;6;1;3;2;1;3;2;3;2;1;5;1;4;2;3;1;3;1;4;1;5;6;4"
"4",2,"critical_wave_release_lpt",12,"case_000092",31,31,0,0.10041599720716476,0.10338879749178886,997.919028392123,976.3875351227844,"critical_wave","release_lpt","release_lpt_critical_wave",128,17,"17;5;4;1;1;6;9;5;2;3;9;6;5;1;4;6;2;8;1;1;4;2;3;6;2;5;5;1;1;4;1"
"4",2,"critical_wave_release_lpt",12,"case_000093",31,31,0,0.09852799773216248,0.10050239786505699,956.7279778510028,936.1974882586046,"critical_wave","release_lpt","release_lpt_critical_wave",128,18,"18;5;1;1;6;3;9;6;6;1;4;7;2;9;1;1;5;2;4;6;2;5;6;1;1;4;1;4;2;5;5"
"4",2,"critical_wave_release_lpt",12,"case_000094",22,22,0,0.0841439999639988,0.08618560060858727,795.0181011197662,777.9577869843057,"critical_wave","release_lpt","release_lpt_critical_wave",128,21,"7;1;6;5;8;7;1;5;7;6;2;3;13;21;3;2;3;4;1;1;9;6"
"4",2,"critical_wave_release_lpt",12,"case_000095",35,35,0,0.09796800091862679,0.09939199686050415,919.0680037942952,899.676620667289,"critical_wave","release_lpt","release_lpt_critical_wave",128,10,"2;10;3;1;7;1;4;5;3;4;1;6;10;2;5;4;7;1;7;1;4;10;3;5;1;1;4;1;1;6;2;1;1;1;5"
"4",2,"critical_wave_release_lpt",12,"case_000096",23,23,0,0.07552000135183334,0.07703039795160294,603.8770874954822,591.5559216143403,"critical_wave","release_lpt","release_lpt_critical_wave",128,26,"2;2;15;1;4;8;5;4;2;26;4;5;4;1;10;1;1;11;4;1;3;8;2"
"4",2,"critical_wave_release_lpt",12,"case_000097",30,29,1,0.10638399794697762,0.10804160237312317,843.3645065747313,817.8408941104458,"critical_wave","release_lpt","release_lpt_critical_wave",128,7,"1;1;3;1;1;1;2;1;1;1;1;2;2;1;2;1;1;1;1;1;1;2;1;1;1;3;1;1;7;1"
"4",2,"critical_wave_release_lpt",12,"case_000098",45,43,2,0.8759679794311523,0.8798271954059601,4326.72831727622,184.6052501884969,"critical_wave","release_lpt","release_lpt_critical_wave",176,1,"1;1;1;1;1;1;1;1;1;1;1;1;1;1;1;1;1;1;1;1;1;1;1;1;1;1;1;1;1;1;1;1;1;1;1;1;1;1;1;1;1;1;1;1;1"
"4",2,"critical_wave_release_lpt",12,"case_000099",7,7,0,0.09227200224995613,0.09663359820842743,586.4048520094374,573.1173780833952,"critical_wave","release_lpt","release_lpt_critical_wave",128,67,"2;67;22;3;7;6;12"
"4",4,"fa3_native_fifo",16,"case_000000",23,22,1,0.2077919989824295,0.21058239489793779,1258.1504150316507,221.71032679605514,"fa3_native","fifo","fifo",128,1,"1;1;1;1;1;1;1;1;1;1;1;1;1;1;1;1;1;1;1;1;1;1;1"
"4",4,"fa3_native_fifo",16,"case_000001",39,38,1,0.41145598888397217,0.4145695924758911,3374.1981163567434,149.84321450084903,"fa3_native","fifo","fifo",128,1,"1;1;1;1;1;1;1;1;1;1;1;1;1;1;1;1;1;1;1;1;1;1;1;1;1;1;1;1;1;1;1;1;1;1;1;1;1;1;1"
"4",4,"fa3_native_fifo",16,"case_000002",45,45,0,0.1252320036292076,0.13084480464458464,1463.1380467769281,716.9755765135651,"fa3_native","fifo","fifo",128,57,"7;4;2;2;1;1;1;1;1;2;1;1;2;1;2;1;3;2;2;10;1;2;1;1;1;2;1;2;3;1;1;1;1;1;1;1;3;1;1;1;1;3;1;2;1"
"4",4,"fa3_native_fifo",16,"case_000003",41,40,1,0.3879519999027252,0.3903296053409576,2486.985046196233,229.76896116620284,"fa3_native","fifo","fifo",128,5,"1;1;1;1;1;1;1;1;1;1;1;1;1;1;1;1;1;1;1;1;1;1;1;1;1;1;1;1;1;1;1;1;1;1;1;1;1;1;1;1;1"
"4",4,"fa3_native_fifo",16,"case_000004",27,25,2,0.4450719952583313,0.45060800909996035,3108.4433453356055,105.03217568849036,"fa3_native","fifo","fifo",128,1,"1;1;1;1;1;1;1;1;1;1;1;1;1;1;1;1;1;1;1;1;1;1;1;1;1;1;1"
"4",4,"fa3_native_fifo",16,"case_000005",35,35,0,0.12673600018024445,0.13340799510478973,1036.6215321704544,508.12473100313514,"fa3_native","fifo","fifo",128,57,"1;2;1;1;1;2;2;1;3;3;1;3;2;1;2;2;4;1;1;2;1;1;1;2;1;3;8;2;2;11;2;4;1;1;1"
"4",4,"fa3_native_fifo",16,"case_000006",33,32,1,0.13516799360513687,0.15473919361829758,1567.0730438359496,360.8627064665277,"fa3_native","fifo","fifo",128,5,"1;3;1;2;2;2;1;2;1;1;1;2;3;4;1;1;1;1;3;1;2;1;1;1;1;1;1;1;1;1;1;1;1"
"4",4,"fa3_native_fifo",16,"case_000007",34,34,0,0.09406400099396706,0.09581439942121506,839.3741323108709,412.4184341519568,"fa3_native","fifo","fifo",128,57,"1;1;2;3;7;1;2;1;1;6;4;2;1;2;1;1;1;1;2;2;1;2;4;4;1;2;1;1;1;2;7;2;1;1"
"4",4,"fa3_native_fifo",16,"case_000008",32,32,0,0.09723200276494026,0.09894400089979172,963.6525538049023,472.8714691926386,"fa3_native","fifo","fifo",128,57,"2;2;1;4;5;1;1;1;2;3;1;13;6;1;2;2;1;1;3;3;1;2;2;1;2;3;1;1;3;2;1;1"
"4",4,"fa3_native_fifo",16,"case_000009",37,37,0,0.1098560020327568,0.11127039790153503,1286.1666455863676,630.4037168524483,"fa3_native","fifo","fifo",128,57,"1;2;1;3;4;1;6;13;2;1;1;2;1;4;1;1;1;2;1;1;3;1;1;2;4;3;2;2;1;1;1;1;3;2;1;1;2"
"4",4,"fa3_native_fifo",16,"case_000010",29,27,2,0.3267199993133545,0.33035839796066285,1799.8040672497166,147.3500492812722,"fa3_native","fifo","fifo",128,1,"1;1;1;1;1;1;1;1;1;1;1;1;1;1;1;1;1;1;1;1;1;1;1;1;1;1;1;1;1"
"4",4,"fa3_native_fifo",16,"case_000011",30,30,0,0.09624000266194344,0.10611199885606767,1053.4435033644324,516.5911744063125,"fa3_native","fifo","fifo",128,57,"2;1;1;1;1;1;2;1;6;9;1;6;1;1;3;3;2;1;6;3;6;1;2;1;2;2;4;1;3;2"
"4",4,"fa3_native_fifo",16,"case_000012",31,29,2,0.23623999953269958,0.23802559524774553,1155.427368083016,209.83623475303318,"fa3_native","fifo","fifo",128,1,"1;1;1;1;1;1;1;1;1;1;1;1;1;1;1;1;1;1;1;1;1;1;1;1;1;1;1;1;1;1;1"
"4",4,"fa3_native_fifo",16,"case_000013",38,38,0,0.10478400066494942,0.11535999849438669,1035.809532593135,508.34264450658355,"fa3_native","fifo","fifo",128,57,"1;2;1;1;1;1;2;4;2;3;2;1;1;1;2;7;1;7;5;1;1;1;2;1;2;1;5;1;2;1;1;2;4;3;1;3;1;1"
"4",4,"fa3_native_fifo",16,"case_000014",26,26,0,0.10542399808764458,0.10737919732928276,1318.192162324062,645.40052771888,"fa3_native","fifo","fifo",128,57,"1;1;3;6;1;7;1;4;12;1;3;1;1;1;2;2;3;2;1;5;3;1;1;4;2;1"
"4",4,"fa3_native_fifo",16,"case_000015",44,44,0,0.12052800133824348,0.12392000406980515,1350.0520248349071,661.7984793106374,"fa3_native","fifo","fifo",128,57,"2;1;2;1;1;12;1;1;12;4;2;1;1;1;1;1;3;3;1;1;1;3;1;1;1;1;1;1;1;1;2;1;2;1;1;1;4;2;1;3;1;1;2;1"
"4",4,"fa3_native_fifo",16,"case_000016",30,29,1,0.21147199720144272,0.2146432027220726,1246.1540157346287,222.9201815079769,"fa3_native","fifo","fifo",128,1,"1;1;1;1;1;1;1;1;1;1;1;1;1;1;1;1;1;1;1;1;1;1;1;1;1;1;1;1;1;1"
"4",4,"fa3_native_fifo",16,"case_000017",32,32,0,0.09732799977064133,0.09901440143585205,962.8852312679402,472.49449396238197,"fa3_native","fifo","fifo",128,57,"1;2;2;3;1;2;5;1;1;1;7;2;5;1;5;4;2;2;1;3;1;2;3;1;2;1;2;1;3;2;5;1"
"4",4,"fa3_native_fifo",16,"case_000018",33,32,1,0.164512000977993,0.16646719425916673,664.5072779014085,245.44485362743538,"fa3_native","fifo","fifo",128,3,"1;1;1;1;1;1;1;1;1;1;1;1;1;1;1;1;1;1;1;1;1;1;1;1;1;1;1;1;1;1;1;1;1"
"4",4,"fa3_native_fifo",16,"case_000019",46,44,2,0.7550719976425171,0.757395213842392,3559.463936524431,105.44075299915077,"fa3_native","fifo","fifo",128,1,"1;1;1;1;1;1;1;1;1;1;1;1;1;1;1;1;1;1;1;1;1;1;1;1;1;1;1;1;1;1;1;1;1;1;1;1;1;1;1;1;1;1;1;1;1;1"
"4",4,"fa3_native_fifo",16,"case_000020",39,38,1,0.3136799931526184,0.31556159555912017,987.9038256967434,222.65218542649987,"fa3_native","fifo","fifo",128,1,"1;1;1;1;1;1;1;1;1;1;1;1;1;1;1;1;1;1;1;1;1;1;1;1;1;1;1;1;1;1;1;1;1;1;1;1;1;1;1"
"4",4,"fa3_native_fifo",16,"case_000021",29,29,0,0.1016639992594719,0.10344639793038368,1019.777659300972,499.96475025808496,"fa3_native","fifo","fifo",128,57,"3;2;2;1;2;2;1;2;3;3;2;4;1;2;1;2;4;1;4;4;4;2;1;3;11;1;1;2;1"
"4",4,"fa3_native_fifo",16,"case_000022",41,41,0,0.10171199962496758,0.10362239927053452,958.5954466680861,470.9277978666548,"fa3_native","fifo","fifo",128,57,"2;1;1;6;3;3;2;2;1;3;1;3;3;1;4;1;1;1;3;5;3;1;3;3;1;1;1;1;1;1;1;2;2;1;1;1;2;1;1;1;1"
"4",4,"fa3_native_fifo",16,"case_000023",42,41,1,0.13369600474834442,0.13521279394626617,1300.466718771961,371.3087469849374,"fa3_native","fifo","fifo",128,4,"1;1;1;1;1;1;1;1;1;1;1;1;1;1;1;1;1;1;1;1;1;1;1;1;1;1;1;1;1;1;1;1;1;1;1;1;1;1;1;1;1;1"
"4",4,"fa3_native_fifo",16,"case_000024",58,58,0,0.1379999965429306,0.14156160354614258,1473.7964000508437,722.6128876675573,"fa3_native","fifo","fifo",128,57,"1;1;4;2;8;1;1;7;1;1;1;1;2;1;1;2;1;1;1;1;3;1;1;4;1;1;1;1;5;1;1;1;1;1;1;1;1;1;2;1;2;3;1;1;1;1;2;1;1;1;2;1;1;2;1;1;1;1"
"4",4,"fa3_native_fifo",16,"case_000025",38,36,2,0.22652800381183624,0.2299904003739357,1181.5704211401992,208.59725598981768,"fa3_native","fifo","fifo",128,1,"1;1;1;1;1;1;1;1;1;1;1;1;1;1;1;1;1;1;1;1;1;1;1;1;1;1;1;1;1;1;1;1;1;1;1;1;1;1"
"4",4,"fa3_native_fifo",16,"case_000026",34,34,0,0.10454399883747101,0.10648000314831735,1132.8731218721098,555.4710805570022,"fa3_native","fifo","fifo",128,57,"3;4;3;2;1;1;2;1;1;2;7;1;2;1;1;1;9;2;1;2;1;1;5;1;1;3;1;2;1;1;6;1;1;3"
"4",4,"fa3_native_fifo",16,"case_000027",35,35,0,0.10263999924063683,0.10401920229196548,1004.1476563767806,492.7289202470791,"fa3_native","fifo","fifo",128,57,"3;5;2;1;7;3;2;1;1;3;2;2;1;1;2;1;1;1;1;2;1;1;1;3;1;2;1;1;1;1;1;12;3;1;2"
"4",4,"fa3_native_fifo",16,"case_000028",38,37,1,0.3168320059776306,0.3197503924369812,884.3657257650375,174.6579100468372,"fa3_native","fifo","fifo",128,1,"1;1;1;1;1;1;1;1;1;1;1;1;1;1;1;1;1;1;1;1;1;1;1;1;1;1;1;1;1;1;1;1;1;1;1;1;1;1"
"4",4,"fa3_native_fifo",16,"case_000029",41,40,1,0.38198399543762207,0.38417281210422516,2202.24683538442,181.03108199802142,"fa3_native","fifo","fifo",128,4,"1;1;1;1;1;1;1;1;1;1;1;1;1;1;1;1;1;1;1;1;1;1;1;1;1;1;1;1;1;1;1;1;1;1;1;1;1;1;1;1;1"
"4",4,"fa3_native_fifo",16,"case_000030",39,38,1,0.19657599925994873,0.19923519790172578,754.8238582869137,355.90493378330973,"fa3_native","fifo","fifo",128,2,"2;2;1;1;2;1;2;2;2;2;1;1;1;1;1;1;1;2;1;2;1;1;2;2;1;1;2;1;1;2;1;2;1;1;1;1;2;2;1"
"4",4,"fa3_native_fifo",16,"case_000031",30,28,2,1.3350239992141724,1.3475071787834167,4235.855730390354,43.264660436065995,"fa3_native","fifo","fifo",128,1,"1;1;1;1;1;1;1;1;1;1;1;1;1;1;1;1;1;1;1;1;1;1;1;1;1;1;1;1;1;1"
"4",4,"fa3_native_fifo",16,"case_000032",30,30,0,0.10051199793815613,0.10249599814414978,1139.9164321705837,558.7201642788298,"fa3_native","fifo","fifo",128,57,"6;1;5;1;1;1;2;1;4;1;1;5;1;1;1;3;1;2;1;7;1;1;4;1;3;6;1;8;1;2"
"4",4,"fa3_native_fifo",16,"case_000033",30,30,0,0.08937600255012512,0.09127680212259293,763.4632879192746,375.16934124676914,"fa3_native","fifo","fifo",128,51,"3;5;5;1;1;1;3;3;1;1;3;7;1;1;4;2;1;1;2;2;3;5;3;1;2;2;2;5;1;1"
"4",4,"fa3_native_fifo",16,"case_000034",36,35,1,0.6697120070457458,0.6720511794090271,4109.708742390814,88.35855319517657,"fa3_native","fifo","fifo",128,1,"1;1;1;1;1;1;1;1;1;1;1;1;1;1;1;1;1;1;1;1;1;1;1;1;1;1;1;1;1;1;1;1;1;1;1;1"
"4",4,"fa3_native_fifo",16,"case_000035",37,36,1,0.19598399847745895,0.2005664065480232,586.9107584169918,231.3436216845771,"fa3_native","fifo","fifo",128,3,"1;1;1;1;1;1;1;1;1;1;1;1;1;1;1;1;1;1;1;1;1;1;1;1;1;1;1;1;1;1;1;1;1;1;1;1;1"
"4",4,"fa3_native_fifo",16,"case_000036",35,35,0,0.12183999642729759,0.12339840084314346,1401.0493469265625,686.1468356155488,"fa3_native","fifo","fifo",128,57,"4;4;1;3;1;1;1;2;1;2;1;11;1;2;11;2;1;3;2;4;1;1;2;2;1;1;1;2;1;1;2;1;1;1;1"
"4",4,"fa3_native_fifo",16,"case_000037",37,35,2,0.2101600021123886,0.212076798081398,2802.7189218098993,262.11982987391065,"fa3_native","fifo","fifo",128,4,"1;1;1;1;1;1;1;1;1;1;1;1;1;1;1;1;1;1;1;1;1;1;1;1;1;1;1;1;1;1;1;1;1;1;1;1;1"
"4",4,"fa3_native_fifo",16,"case_000038",28,28,0,0.09281599894165993,0.0961888000369072,847.5140244888603,415.9682860739087,"fa3_native","fifo","fifo",128,54,"1;1;2;4;5;1;3;1;4;5;2;1;1;1;6;2;6;1;3;1;1;2;4;5;7;1;2;1"
"4",4,"fa3_native_fifo",16,"case_000039",24,23,1,0.3474719971418381,0.3506592035293579,3045.7065605778957,98.10931608996499,"fa3_native","fifo","fifo",128,1,"1;1;1;1;1;1;1;1;1;1;1;1;1;1;1;1;1;1;1;1;1;1;1;1"
"4",4,"fa3_native_fifo",16,"case_000040",38,38,0,0.10078400000929832,0.10458239912986755,914.3723383820633,449.1493887504332,"fa3_native","fifo","fifo",128,50,"4;4;1;1;1;1;1;3;5;2;3;3;2;1;1;4;1;1;1;2;2;4;1;1;2;4;1;3;1;1;3;1;1;4;1;3;1;3"
"4",4,"fa3_native_fifo",16,"case_000041",40,40,0,0.10918399691581726,0.11140799894928932,1013.9569055468602,497.69872449254296,"fa3_native","fifo","fifo",128,57,"3;3;2;2;2;1;1;1;1;3;1;2;1;2;1;1;1;3;1;1;1;2;3;9;2;3;2;1;3;1;1;2;2;2;3;1;1;1;1;1"
"4",4,"fa3_native_fifo",16,"case_000042",43,40,3,1.5099520087242126,1.5289055824279785,4063.018999455187,45.79120899241019,"fa3_native","fifo","fifo",128,1,"1;1;1;1;1;1;1;1;1;1;1;1;1;1;1;1;1;1;1;1;1;1;1;1;1;1;1;1;1;1;1;1;1;1;1;1;1;1;1;1;1;1;1"
"4",4,"fa3_native_fifo",16,"case_000043",49,49,0,0.12598400563001633,0.1284575954079628,1432.015428004586,701.9893006079246,"fa3_native","fifo","fifo",128,57,"2;3;1;1;1;2;1;3;1;1;2;1;4;1;8;1;1;1;2;2;2;1;1;2;4;1;1;1;2;3;1;1;1;3;2;1;3;1;1;1;2;2;2;3;1;2;2;1;2"
"4",4,"fa3_native_fifo",16,"case_000044",32,31,1,0.2072480022907257,0.20845759361982347,982.6858225359778,207.4873751481478,"fa3_native","fifo","fifo",128,5,"1;1;1;1;1;1;1;1;1;1;1;1;1;1;1;1;1;1;1;1;1;1;1;1;1;1;1;1;1;1;1;1"
"4",4,"fa3_native_fifo",16,"case_000045",25,25,0,0.09086399897933006,0.10322560220956808,606.2902297369939,297.9947207271774,"fa3_native","fifo","fifo",128,53,"1;2;2;3;1;5;4;2;4;2;1;3;2;4;4;1;4;3;2;1;3;1;8;1;1"
"4",4,"fa3_native_fifo",16,"case_000046",35,33,2,0.36977601051330566,0.37391998767852785,2728.6843715560426,167.30387651195102,"fa3_native","fifo","fifo",128,1,"1;1;1;1;1;1;1;1;1;1;1;1;1;1;1;1;1;1;1;1;1;1;1;1;1;1;1;1;1;1;1;1;1;1;1"
"4",4,"fa3_native_fifo",16,"case_000047",46,46,0,0.11502399668097496,0.11645440012216568,1235.6166365718682,606.1694430022565,"fa3_native","fifo","fifo",128,57,"3;1;1;4;1;1;1;1;1;2;1;3;1;2;5;1;3;1;5;2;1;1;1;2;1;1;2;2;1;2;2;1;1;1;2;4;1;5;1;1;2;1;1;1;1;1"
"4",4,"fa3_native_fifo",16,"case_000048",49,47,2,0.3959360122680664,0.4115295886993408,869.7320929899502,195.3889861062266,"fa3_native","fifo","fifo",128,1,"1;1;1;1;1;1;1;1;1;1;1;1;1;1;1;1;1;1;1;1;1;1;1;1;1;1;1;1;1;1;1;1;1;1;1;1;1;1;1;1;1;1;1;1;1;1;1;1;1"
"4",4,"fa3_native_fifo",16,"case_000049",49,49,0,0.12336000055074692,0.13144959807395937,1326.4972973203282,650.525548327862,"fa3_native","fifo","fifo",128,57,"2;6;1;11;1;2;1;2;1;1;3;1;1;1;2;1;1;2;1;1;2;1;1;2;5;1;3;2;1;1;1;1;1;1;2;1;2;1;1;1;1;2;1;2;2;3;1;1;1"
"4",4,"fa3_native_fifo",16,"case_000050",37,37,0,0.1000640019774437,0.10183680057525635,913.6699582793922,448.75470811293604,"fa3_native","fifo","fifo",128,57,"4;9;1;3;1;2;2;1;3;1;2;1;1;3;1;3;4;1;1;1;1;1;1;2;8;2;2;1;1;2;1;1;3;4;1;1;1"
"4",4,"fa3_native_fifo",16,"case_000051",42,40,2,0.23587200045585632,0.23866559863090514,2727.619528577353,266.43006324848295,"fa3_native","fifo","fifo",128,3,"1;1;1;1;1;1;1;1;1;1;1;1;1;1;1;1;1;1;1;1;1;1;1;1;1;1;1;1;1;1;1;1;1;1;1;1;1;1;1;1;1;1"
"4",4,"fa3_native_fifo",16,"case_000052",36,36,0,0.10241599753499031,0.10458879917860031,998.343872802368,489.9697040284728,"fa3_native","fifo","fifo",128,57,"1;3;2;1;7;2;2;4;1;1;5;1;1;2;1;1;2;1;2;1;3;2;3;4;1;4;4;1;1;1;1;3;2;1;1;1"
"4",4,"fa3_native_fifo",16,"case_000053",22,22,0,0.07782399654388428,0.08010239899158478,605.7937111134505,297.805934278009,"fa3_native","fifo","fifo",128,57,"7;2;4;2;2;3;1;2;1;6;4;10;2;4;1;3;1;1;1;1;2;1"
"4",4,"fa3_native_fifo",16,"case_000054",22,22,0,0.0801439993083477,0.08271040320396424,640.2254940458853,314.56019436971303,"fa3_native","fifo","fifo",128,57,"7;2;4;2;2;3;1;2;1;6;4;10;2;4;1;3;1;1;1;2;1;6"
"4",4,"fa3_native_fifo",16,"case_000055",22,21,1,0.14456000179052353,0.14628160297870635,536.1271787496656,172.64061767351214,"fa3_native","fifo","fifo",128,5,"1;1;1;1;1;1;1;1;1;1;1;1;1;1;1;1;1;1;1;1;1;1"
"4",4,"fa3_native_fifo",16,"case_000056",41,41,0,0.10849599912762642,0.11644799709320071,1178.9847727889983,578.3607184094031,"fa3_native","fifo","fifo",128,57,"1;3;1;1;1;1;1;1;1;2;1;1;2;3;2;7;1;3;3;1;1;1;1;2;3;5;1;1;4;1;3;3;1;1;6;2;2;1;1;1;1"
"4",4,"fa3_native_fifo",16,"case_000057",38,37,1,0.891871988773346,0.8979808151721954,4317.027832892812,67.84213066632896,"fa3_native","fifo","fifo",128,1,"1;1;1;1;1;1;1;1;1;1;1;1;1;1;1;1;1;1;1;1;1;1;1;1;1;1;1;1;1;1;1;1;1;1;1;1;1;1"
"4",4,"fa3_native_fifo",16,"case_000058",22,22,0,0.0872960016131401,0.08926400169730186,873.8413445561249,428.4706665691072,"fa3_native","fifo","fifo",128,57,"1;12;4;2;7;10;1;3;1;1;2;1;1;2;1;9;1;2;3;2;1;1"
"4",4,"fa3_native_fifo",16,"case_000059",28,28,0,0.0968639999628067,0.09839039668440819,1006.1600056721012,493.3425836053543,"fa3_native","fifo","fifo",128,57,"9;1;5;8;1;1;2;1;1;1;7;1;2;2;2;1;1;1;3;1;1;2;2;1;4;5;1;4"
"4",4,"fa3_native_fifo",16,"case_000060",36,36,0,0.1053759977221489,0.11253759786486627,1037.9659768859317,509.246290995931,"fa3_native","fifo","fifo",128,57,"9;7;3;1;1;2;2;3;1;2;1;4;1;2;3;3;1;3;1;1;2;2;1;3;2;1;1;1;1;1;3;2;1;3;1;2"
"4",4,"fa3_native_fifo",16,"case_000061",39,36,3,0.8432479798793793,0.8461568176746368,3646.6109167553022,71.44898942849319,"fa3_native","fifo","fifo",128,1,"1;1;1;1;1;1;1;1;1;1;1;1;1;1;1;1;1;1;1;1;1;1;1;1;1;1;1;1;1;1;1;1;1;1;1;1;1;1;1"
"4",4,"fa3_native_fifo",16,"case_000062",41,39,2,0.2969439923763275,0.30264960825443266,2040.1960456981333,209.5664690906909,"fa3_native","fifo","fifo",128,1,"1;1;1;1;1;1;1;1;1;1;1;1;1;1;1;1;1;1;1;1;1;1;1;1;1;1;1;1;1;1;1;1;1;1;1;1;1;1;1;1;1"
"4",4,"fa3_native_fifo",16,"case_000063",33,31,2,0.254720002412796,0.25667519569396974,893.0476297316985,182.59145555686268,"fa3_native","fifo","fifo",128,3,"1;1;1;1;1;1;1;1;1;1;1;1;1;1;1;1;1;1;1;1;1;1;1;1;1;1;1;1;1;1;1;1;1"
"4",4,"fa3_native_fifo",16,"case_000064",33,33,0,0.09971199929714203,0.10114880204200745,1035.185136950298,507.8125838105757,"fa3_native","fifo","fifo",128,57,"1;4;1;1;3;1;1;1;4;2;3;1;2;1;8;5;1;1;3;4;1;3;2;1;2;1;2;1;3;7;1;1;3"
"4",4,"fa3_native_fifo",16,"case_000065",34,34,0,0.09343999996781349,0.09489919990301132,827.5070249425788,406.64109603048325,"fa3_native","fifo","fifo",128,57,"1;2;1;3;3;2;1;5;2;2;1;1;5;2;1;2;1;2;5;13;1;1;1;1;5;3;1;1;1;1;1;1;2;1"
"4",4,"fa3_native_fifo",16,"case_000066",54,54,0,0.1266079992055893,0.1286624014377594,1390.3168887944096,681.8956190896719,"fa3_native","fifo","fifo",128,57,"3;5;2;1;1;2;1;1;1;2;1;1;10;2;1;1;1;1;1;5;1;1;5;2;1;1;1;1;1;2;1;1;1;1;1;2;1;2;3;1;1;2;1;1;1;2;1;1;1;1;1;1;1;2"
"4",4,"fa3_native_fifo",16,"case_000067",37,37,0,0.10758399963378906,0.11317119747400284,1180.6604299558555,578.9375391509263,"fa3_native","fifo","fifo",128,57,"7;3;1;1;13;1;1;2;7;1;1;1;3;1;1;2;2;1;2;1;1;3;1;1;1;1;1;2;2;1;2;1;1;3;2;2;1"
"4",4,"fa3_native_fifo",16,"case_000068",33,33,0,0.09318400174379349,0.09437120258808136,865.8693464339658,425.3035634696774,"fa3_native","fifo","fifo",128,57,"10;1;2;1;3;1;1;1;1;1;1;1;1;1;5;3;3;1;2;3;1;4;1;1;3;1;4;1;1;2;2;4;6"
"4",4,"fa3_native_fifo",16,"case_000069",34,33,1,0.209136001765728,0.21228800266981127,1584.5515783897222,239.89411472157946,"fa3_native","fifo","fifo",128,5,"1;1;1;1;1;1;1;1;1;1;1;1;1;1;1;1;1;1;1;1;1;1;1;1;1;1;1;1;1;1;1;1;1;1"
"4",4,"fa3_native_fifo",16,"case_000070",34,33,1,0.22009599953889847,0.22176000326871873,1121.9115533826837,177.4911315146183,"fa3_native","fifo","fifo",128,1,"1;1;1;1;1;1;1;1;1;1;1;1;1;1;1;1;1;1;1;1;1;1;1;1;1;1;1;1;1;1;1;1;1;1"
"4",4,"fa3_native_fifo",16,"case_000071",28,28,0,0.09486399963498116,0.09812479913234712,1059.234308680221,519.3010645719628,"fa3_native","fifo","fifo",128,57,"1;1;1;1;4;1;1;2;1;1;3;2;7;10;2;1;1;2;1;1;3;5;10;5;1;1;3;1"
"4",4,"fa3_native_fifo",16,"case_000072",36,34,2,0.2555039972066879,0.25982079803943636,1202.5793546213736,187.6981672470864,"fa3_native","fifo","fifo",128,1,"1;1;1;1;1;1;1;1;1;1;1;1;1;1;1;1;1;1;1;1;1;1;1;1;1;1;1;1;1;1;1;1;1;1;1;1"
"4",4,"fa3_native_fifo",16,"case_000073",34,33,1,0.4026399999856949,0.40432640016078947,3399.2047241422265,129.17210411744443,"fa3_native","fifo","fifo",128,1,"1;1;1;1;1;1;1;1;1;1;1;1;1;1;1;1;1;1;1;1;1;1;1;1;1;1;1;1;1;1;1;1;1;1"
"4",4,"fa3_native_fifo",16,"case_000074",33,33,0,0.09323200210928917,0.09536960273981095,820.4076231071208,403.10416112211215,"fa3_native","fifo","fifo",128,57,"13;5;2;3;1;2;5;1;1;2;1;2;1;1;1;2;2;1;1;6;2;2;2;1;6;1;1;1;1;1;1;1;1"
"4",4,"fa3_native_fifo",16,"case_000075",34,33,1,0.21555199474096298,0.2191999986767769,689.2520453199322,271.507726339209,"fa3_native","fifo","fifo",128,5,"1;1;1;1;1;1;1;1;1;1;1;1;1;1;1;1;1;1;1;1;1;1;1;1;1;1;1;1;1;1;1;1;1;1"
"4",4,"fa3_native_fifo",16,"case_000076",39,36,3,0.7827199995517731,0.7855455935001373,2890.0383833393716,82.69599350606421,"fa3_native","fifo","fifo",128,1,"1;1;1;1;1;1;1;1;1;1;1;1;1;1;1;1;1;1;1;1;1;1;1;1;1;1;1;1;1;1;1;1;1;1;1;1;1;1;1"
"4",4,"fa3_native_fifo",16,"case_000077",40,40,0,0.12360000237822533,0.12609920501708985,1458.1165865717653,714.270018618972,"fa3_native","fifo","fifo",128,57,"1;5;1;9;2;1;4;6;4;1;1;1;2;1;2;2;3;1;2;1;2;4;2;1;1;1;1;1;1;1;1;1;1;3;2;1;1;4;1;1"
"4",4,"fa3_native_fifo",16,"case_000078",42,41,1,0.3715519905090332,0.3752224028110504,3039.718545995898,185.5530148164389,"fa3_native","fifo","fifo",128,1,"1;1;1;1;1;1;1;1;1;1;1;1;1;1;1;1;1;1;1;1;1;1;1;1;1;1;1;1;1;1;1;1;1;1;1;1;1;1;1;1;1;1"
"4",4,"fa3_native_fifo",16,"case_000079",36,35,1,0.152319997549057,0.16121919602155688,2022.1930812780986,279.421012899455,"fa3_native","fifo","fifo",128,5,"1;1;1;1;2;2;1;1;1;1;2;1;1;1;1;2;1;1;2;1;1;1;1;1;2;1;1;1;1;1;1;1;1;1;1;2"
"4",4,"fa3_native_fifo",16,"case_000080",34,32,2,0.38278399407863617,0.38667200207710267,923.4952960112012,145.32419552676558,"fa3_native","fifo","fifo",128,1,"1;1;1;1;1;1;1;1;1;1;1;1;1;1;1;1;1;1;1;1;1;1;1;1;1;1;1;1;1;1;1;1;1;1"
"4",4,"fa3_native_fifo",16,"case_000081",35,35,0,0.12875200062990189,0.13203520625829696,1052.6898101847637,515.9398508373347,"fa3_native","fifo","fifo",128,57,"2;1;1;1;7;1;3;4;1;1;1;2;1;1;2;1;2;7;2;4;2;3;2;5;3;2;1;1;2;1;2;2;1;1;1"
"4",4,"fa3_native_fifo",16,"case_000082",33,31,2,0.6969760060310364,0.7025535762310028,3418.9886503810103,92.4535241420213,"fa3_native","fifo","fifo",128,1,"1;1;1;1;1;1;1;1;1;1;1;1;1;1;1;1;1;1;1;1;1;1;1;1;1;1;1;1;1;1;1;1;1"
"4",4,"fa3_native_fifo",16,"case_000083",30,30,0,0.09964799880981445,0.10128319635987282,1018.775441840597,499.58767456047315,"fa3_native","fifo","fifo",128,57,"2;2;1;2;10;2;5;2;3;2;1;2;1;1;1;1;1;1;2;1;3;1;2;2;12;1;1;5;2;2"
"4",4,"fa3_native_fifo",16,"case_000084",24,23,1,0.33211199939250946,0.3342943906784058,1732.6212243476627,147.5026258900806,"fa3_native","fifo","fifo",128,1,"1;1;1;1;1;1;1;1;1;1;1;1;1;1;1;1;1;1;1;1;1;1;1;1"
"4",4,"fa3_native_fifo",16,"case_000085",44,44,0,0.12113599851727486,0.12320959940552711,1374.866698640779,673.9020027011907,"fa3_native","fifo","fifo",128,57,"7;1;1;1;4;1;1;4;1;1;1;1;2;1;2;1;5;1;2;1;2;1;5;1;1;5;1;6;1;1;1;1;1;3;1;1;2;2;1;1;1;1;1;1"
"4",4,"fa3_native_fifo",16,"case_000086",35,35,0,0.10769600048661232,0.10963840037584305,1207.3396564077927,591.8300374387926,"fa3_native","fifo","fifo",128,57,"9;1;1;1;1;1;1;1;1;2;2;2;5;2;4;1;2;3;4;1;4;1;5;1;1;1;1;1;7;2;1;2;3;1;1"
"4",4,"fa3_native_fifo",16,"case_000087",35,35,0,0.10454399883747101,0.10964159891009331,1136.3848745894586,557.2537558140463,"fa3_native","fifo","fifo",128,57,"2;5;8;1;3;5;1;6;1;1;2;5;3;2;1;1;1;1;1;1;1;1;2;1;2;2;2;1;1;2;7;1;1;1;1"
"4",4,"fa3_native_fifo",16,"case_000088",38,38,0,0.11062400043010712,0.11229759827256203,1195.750002871885,586.3025722069993,"fa3_native","fifo","fifo",128,57,"7;2;2;1;1;1;2;3;1;1;1;1;5;13;4;1;3;1;1;1;2;2;1;1;2;2;1;1;1;1;1;2;4;2;1;2;1;1"
"4",4,"fa3_native_fifo",16,"case_000089",40,39,1,0.5063519775867462,0.5091839909553528,3888.1694919157612,153.44292397216796,"fa3_native","fifo","fifo",128,1,"1;1;1;1;1;1;1;1;1;1;1;1;1;1;1;1;1;1;1;1;1;1;1;1;1;1;1;1;1;1;1;1;1;1;1;1;1;1;1;1"
"4",4,"fa3_native_fifo",16,"case_000090",42,41,1,0.4211840033531189,0.42427839040756227,3382.135512353977,188.36194957168362,"fa3_native","fifo","fifo",128,1,"1;1;1;1;1;1;1;1;1;1;1;1;1;1;1;1;1;1;1;1;1;1;1;1;1;1;1;1;1;1;1;1;1;1;1;1;1;1;1;1;1;1"
"4",4,"fa3_native_fifo",16,"case_000091",43,43,0,0.13939200341701508,0.14149119704961777,1231.1178394258766,603.3232175335419,"fa3_native","fifo","fifo",128,57,"5;1;3;1;1;3;1;2;2;2;1;1;1;2;6;1;2;5;1;2;3;1;2;1;1;2;1;2;1;1;3;1;2;1;2;1;2;1;2;1;3;3;2"
"4",4,"fa3_native_fifo",16,"case_000092",31,31,0,0.09984000027179718,0.10208640247583389,1003.6762229086902,492.28204994189826,"fa3_native","fifo","fifo",128,57,"9;3;2;1;1;3;5;3;1;2;5;3;3;1;2;3;1;4;1;1;2;1;2;3;1;3;3;1;1;2;1"
"4",4,"fa3_native_fifo",16,"case_000093",31,31,0,0.09774399921298027,0.1029023975133896,964.4018332685716,473.15240191091294,"fa3_native","fifo","fifo",128,57,"9;3;1;1;3;2;5;3;3;1;2;4;1;5;1;1;3;1;2;3;1;3;3;1;1;2;1;2;1;3;3"
"4",4,"fa3_native_fifo",16,"case_000094",22,22,0,0.08401599898934364,0.08552000224590302,796.2293358016835,390.6440724957974,"fa3_native","fifo","fifo",128,57,"4;1;3;3;4;4;1;3;4;3;1;2;7;11;2;1;2;2;1;1;5;3"
"4",4,"fa3_native_fifo",16,"case_000095",35,35,0,0.11892800033092499,0.12143360078334808,757.0904647304238,371.76375518779497,"fa3_native","fifo","fifo",128,51,"1;5;2;1;4;1;2;3;2;2;1;3;5;1;3;2;4;1;4;1;2;5;2;3;1;1;2;1;1;3;1;1;1;1;3"
"4",4,"fa3_native_fifo",16,"case_000096",23,23,0,0.0772319994866848,0.07937280014157296,590.4909722279365,290.44126979863165,"fa3_native","fifo","fifo",128,57,"1;1;8;1;2;4;3;2;1;13;2;3;2;1;5;1;1;6;2;1;2;4;1"
"4",4,"fa3_native_fifo",16,"case_000097",30,29,1,0.11617599800229073,0.11887680292129517,772.2807591825543,375.61768997361713,"fa3_native","fifo","fifo",128,15,"2;2;7;1;1;1;2;1;1;1;1;5;4;1;4;2;1;1;2;1;2;4;1;2;1;5;1;2;13;1"
"4",4,"fa3_native_fifo",16,"case_000098",45,43,2,0.9653280079364777,0.9739039778709412,3926.2048034157956,86.11313803864076,"fa3_native","fifo","fifo",128,1,"1;1;1;1;1;1;1;1;1;1;1;1;1;1;1;1;1;1;1;1;1;1;1;1;1;1;1;1;1;1;1;1;1;1;1;1;1;1;1;1;1;1;1;1;1"
"4",4,"fa3_native_fifo",16,"case_000099",7,7,0,0.06972800195217133,0.0758752003312111,775.9974229738424,379.61816284592,"fa3_native","fifo","fifo",128,57,"1;34;11;2;4;3;6"
"4",4,"critical_wave_fifo",16,"case_000000",23,22,1,0.21855999529361725,0.22466239631175994,1196.1639613360423,210.78712020518333,"critical_wave","fifo","fifo_critical_wave",176,1,"1;1;1;1;1;1;1;1;1;1;1;1;1;1;1;1;1;1;1;1;1;1;1"
"4",4,"critical_wave_fifo",16,"case_000001",39,38,1,0.41579200327396393,0.41971839368343355,3339.010879776905,148.28060067181346,"critical_wave","fifo","fifo_critical_wave",176,1,"1;1;1;1;1;1;1;1;1;1;1;1;1;1;1;1;1;1;1;1;1;1;1;1;1;1;1;1;1;1;1;1;1;1;1;1;1;1;1"
"4",4,"critical_wave_fifo",16,"case_000002",45,45,0,0.150751993060112,0.15327360332012177,1215.4513215021761,595.6026595561966,"critical_wave","fifo","fifo_critical_wave",128,3,"3;2;1;1;1;1;1;1;1;1;1;1;1;1;1;1;1;1;1;3;1;1;1;1;1;1;1;1;1;1;1;1;1;1;1;1;1;1;1;1;1;1;1;1;1"
"4",4,"critical_wave_fifo",16,"case_000003",41,40,1,0.2850559949874878,0.2867392063140869,3384.706301098316,312.7081330245753,"critical_wave","fifo","fifo_critical_wave",128,2,"2;1;1;2;1;1;1;1;1;1;1;1;1;1;1;1;1;1;1;1;1;1;1;1;1;1;1;1;1;1;1;1;1;1;1;1;1;1;1;1;1"
"4",4,"critical_wave_fifo",16,"case_000004",27,25,2,0.45875200629234314,0.4621376097202301,3015.749387206748,101.90011020945857,"critical_wave","fifo","fifo_critical_wave",176,1,"1;1;1;1;1;1;1;1;1;1;1;1;1;1;1;1;1;1;1;1;1;1;1;1;1;1;1"
"4",4,"critical_wave_fifo",16,"case_000005",35,35,0,0.1356160044670105,0.1369151994585991,968.7445608232648,474.85321701588083,"critical_wave","fifo","fifo_critical_wave",128,3,"1;1;1;1;1;1;1;1;1;1;1;1;1;1;1;1;1;1;1;1;1;1;1;1;1;1;2;1;1;3;1;2;1;1;1"
"4",4,"critical_wave_fifo",16,"case_000006",33,32,1,0.12931199371814728,0.13120319992303847,1638.0392342390592,377.2046706380242,"critical_wave","fifo","fifo_critical_wave",128,4,"1;3;1;2;2;2;1;2;1;1;1;2;3;4;1;1;1;1;3;1;2;1;1;1;1;1;1;1;1;1;1;1;1"
"4",4,"critical_wave_fifo",16,"case_000007",34,34,0,0.10392000153660774,0.1063327968120575,759.7660512753811,373.30376661257253,"critical_wave","fifo","fifo_critical_wave",128,2,"1;1;1;1;2;1;1;1;1;2;1;1;1;1;1;1;1;1;1;1;1;1;1;1;1;1;1;1;1;1;2;1;1;1"
"4",4,"critical_wave_fifo",16,"case_000008",32,32,0,0.110944002866745,0.11187520250678062,844.5509928872915,414.4274481895568,"critical_wave","fifo","fifo_critical_wave",128,3,"1;1;1;1;2;1;1;1;1;1;1;3;2;1;1;1;1;1;1;1;1;1;1;1;1;1;1;1;1;1;1;1"
"4",4,"critical_wave_fifo",16,"case_000009",37,37,0,0.12888000160455704,0.13030719459056855,1096.315362142299,537.3497139803828,"critical_wave","fifo","fifo_critical_wave",128,4,"1;1;1;1;1;1;2;4;1;1;1;1;1;1;1;1;1;1;1;1;1;1;1;1;1;1;1;1;1;1;1;1;1;1;1;1;1"
"4",4,"critical_wave_fifo",16,"case_000010",29,27,2,0.3425919860601425,0.34661760926246643,1716.4207206900926,140.52345051512256,"critical_wave","fifo","fifo_critical_wave",176,1,"1;1;1;1;1;1;1;1;1;1;1;1;1;1;1;1;1;1;1;1;1;1;1;1;1;1;1;1;1"
"4",4,"critical_wave_fifo",16,"case_000011",30,30,0,0.09476799890398979,0.09624320194125176,1069.8063348442372,524.6152348364812,"critical_wave","fifo","fifo_critical_wave",128,9,"2;1;1;1;1;1;2;1;6;9;1;6;1;1;3;3;2;1;6;3;6;1;2;1;2;2;4;1;3;2"
"4",4,"critical_wave_fifo",16,"case_000012",31,29,2,0.23390399664640427,0.2382623955607414,1166.9666393457758,211.9318725234875,"critical_wave","fifo","fifo_critical_wave",128,3,"1;1;1;1;1;3;1;1;1;1;1;1;1;1;1;1;1;1;1;1;1;1;1;1;1;1;1;1;1;1;1"
"4",4,"critical_wave_fifo",16,"case_000013",38,38,0,0.10363199934363365,0.10544959828257561,1047.323871385558,513.9935187718856,"critical_wave","fifo","fifo_critical_wave",128,7,"1;2;1;1;1;1;2;4;2;3;2;1;1;1;2;7;1;7;5;1;1;1;2;1;2;1;5;1;2;1;1;2;4;3;1;3;1;1"
"4",4,"critical_wave_fifo",16,"case_000014",26,26,0,0.10470400005578995,0.10607680231332779,1327.2567230091727,649.8386304605893,"critical_wave","fifo","fifo_critical_wave",128,12,"1;1;3;6;1;7;1;4;12;1;3;1;1;1;2;2;3;2;1;5;3;1;1;4;2;1"
"4",4,"critical_wave_fifo",16,"case_000015",44,44,0,0.11924799904227257,0.12215999886393547,1364.5434184461012,668.902192410992,"critical_wave","fifo","fifo_critical_wave",128,12,"2;1;2;1;1;12;1;1;12;4;2;1;1;1;1;1;3;3;1;1;1;3;1;1;1;1;1;1;1;1;2;1;2;1;1;1;4;2;1;3;1;1;2;1"
"4",4,"critical_wave_fifo",16,"case_000016",30,29,1,0.21979200094938278,0.22220800071954727,1198.9821166817128,214.48176365097322,"critical_wave","fifo","fifo_critical_wave",176,1,"1;1;1;1;1;1;1;1;1;1;1;1;1;1;1;1;1;1;1;1;1;1;1;1;1;1;1;1;1;1"
"4",4,"critical_wave_fifo",16,"case_000017",32,32,0,0.11932799965143204,0.12103999778628349,785.3621433506979,385.3826774464673,"critical_wave","fifo","fifo_critical_wave",128,2,"1;1;1;1;1;1;1;1;1;1;2;1;2;1;1;1;1;1;1;1;1;1;1;1;1;1;1;1;1;1;1;1"
"4",4,"critical_wave_fifo",16,"case_000018",33,32,1,0.16156800091266632,0.16626560539007187,676.6155509412494,249.91720991724213,"critical_wave","fifo","fifo_critical_wave",176,1,"1;1;1;1;1;1;1;1;1;1;1;1;1;1;1;1;1;1;1;1;1;1;1;1;1;1;1;1;1;1;1;1;1"
"4",4,"critical_wave_fifo",16,"case_000019",46,44,2,0.8400160074234009,0.8454944074153901,3199.5242011302753,94.7783843360389,"critical_wave","fifo","fifo_critical_wave",176,1,"1;1;1;1;1;1;1;1;1;1;1;1;1;1;1;1;1;1;1;1;1;1;1;1;1;1;1;1;1;1;1;1;1;1;1;1;1;1;1;1;1;1;1;1;1;1"
"4",4,"critical_wave_fifo",16,"case_000020",39,38,1,0.24091199785470963,0.24371839314699173,1286.3023346263035,289.9047644863266,"critical_wave","fifo","fifo_critical_wave",128,3,"1;1;1;1;1;1;1;1;1;1;1;3;1;1;1;1;1;1;1;1;1;1;3;1;1;1;1;1;1;1;1;1;1;1;1;1;1;1;1"
"4",4,"critical_wave_fifo",16,"case_000021",29,29,0,0.11148799955844879,0.11389440000057222,929.917799320163,455.9093014612093,"critical_wave","fifo","fifo_critical_wave",128,3,"1;1;1;1;1;1;1;1;1;1;1;2;1;1;1;1;1;1;1;1;1;1;1;1;3;1;1;1;1"
"4",4,"critical_wave_fifo",16,"case_000022",41,41,0,0.10492800176143646,0.10706880241632462,929.214871866871,456.49404540174925,"critical_wave","fifo","fifo_critical_wave",128,2,"1;1;1;2;1;1;1;1;1;1;1;1;1;1;2;1;1;1;1;2;1;1;1;1;1;1;1;1;1;1;1;1;1;1;1;1;1;1;1;1;1"
"4",4,"critical_wave_fifo",16,"case_000023",42,41,1,0.1316640004515648,0.13361599743366243,1320.537155271691,377.03925013475475,"critical_wave","fifo","fifo_critical_wave",176,1,"1;1;1;1;1;1;1;1;1;1;1;1;1;1;1;1;1;1;1;1;1;1;1;1;1;1;1;1;1;1;1;1;1;1;1;1;1;1;1;1;1;1"
"4",4,"critical_wave_fifo",16,"case_000024",58,58,0,0.1366560012102127,0.13888960629701613,1488.2910103533786,729.7196984902525,"critical_wave","fifo","fifo_critical_wave",128,8,"1;1;4;2;8;1;1;7;1;1;1;1;2;1;1;2;1;1;1;1;3;1;1;4;1;1;1;1;5;1;1;1;1;1;1;1;1;1;2;1;2;3;1;1;1;1;2;1;1;1;2;1;1;2;1;1;1;1"
"4",4,"critical_wave_fifo",16,"case_000025",38,36,2,0.23668800294399261,0.23917440325021744,1130.8506790998442,199.64307194387663,"critical_wave","fifo","fifo_critical_wave",176,1,"1;1;1;1;1;1;1;1;1;1;1;1;1;1;1;1;1;1;1;1;1;1;1;1;1;1;1;1;1;1;1;1;1;1;1;1;1;1"
"4",4,"critical_wave_fifo",16,"case_000026",34,34,0,0.10345599800348282,0.10562559962272644,1144.7870459092464,561.312723483128,"critical_wave","fifo","fifo_critical_wave",128,9,"3;4;3;2;1;1;2;1;1;2;7;1;2;1;1;1;9;2;1;2;1;1;5;1;1;3;1;2;1;1;6;1;1;3"
"4",4,"critical_wave_fifo",16,"case_000027",35,35,0,0.1117120012640953,0.11344959959387779,922.6019901330488,452.71497625792324,"critical_wave","fifo","fifo_critical_wave",128,4,"1;2;1;1;2;1;1;1;1;1;1;1;1;1;1;1;1;1;1;1;1;1;1;1;1;1;1;1;1;1;1;4;1;1;1"
"4",4,"critical_wave_fifo",16,"case_000028",38,37,1,0.2319680005311966,0.23499199450016023,1207.9052553385159,238.5553864036427,"critical_wave","fifo","fifo_critical_wave",128,3,"1;1;1;1;1;1;1;1;1;1;1;1;1;1;1;1;1;1;1;1;1;1;1;1;1;1;1;1;1;1;1;3;1;1;1;1;1;1"
"4",4,"critical_wave_fifo",16,"case_000029",41,40,1,0.29926399886608124,0.3020064115524292,2810.9730816517026,231.07014629896938,"critical_wave","fifo","fifo_critical_wave",128,2,"1;1;1;1;1;1;1;1;1;1;1;1;1;1;1;2;1;1;1;1;1;1;1;1;1;1;1;1;1;1;1;1;1;2;1;1;1;1;1;1;1"
"4",4,"critical_wave_fifo",16,"case_000030",39,38,1,0.14769599586725235,0.14910080283880234,1004.6328834896963,473.69170429563616,"critical_wave","fifo","fifo_critical_wave",128,4,"1;2;1;1;1;1;4;1;1;1;1;1;1;1;1;1;1;1;1;1;1;1;3;1;1;1;1;1;1;1;1;1;1;1;1;1;1;2;1"
"4",4,"critical_wave_fifo",16,"case_000031",30,28,2,1.3513279557228088,1.3633503794670105,4184.749551973286,42.74266639374394,"critical_wave","fifo","fifo_critical_wave",176,1,"1;1;1;1;1;1;1;1;1;1;1;1;1;1;1;1;1;1;1;1;1;1;1;1;1;1;1;1;1;1"
"4",4,"critical_wave_fifo",16,"case_000032",30,30,0,0.10019200295209885,0.1039936013519764,1143.557117375702,560.5046145933305,"critical_wave","fifo","fifo_critical_wave",128,8,"6;1;5;1;1;1;2;1;4;1;1;5;1;1;1;3;1;2;1;7;1;1;4;1;3;6;1;8;1;2"
"4",4,"critical_wave_fifo",16,"case_000033",30,30,0,0.09886400029063225,0.0998816005885601,690.1935645675625,339.16426506542246,"critical_wave","fifo","fifo_critical_wave",128,2,"1;1;1;1;1;1;1;1;1;1;1;2;1;1;1;1;1;1;1;1;1;2;1;1;1;1;1;1;1;1"
"4",4,"critical_wave_fifo",16,"case_000034",36,35,1,0.6536960005760193,0.6857696115970612,4210.399463687599,90.52339917615646,"critical_wave","fifo","fifo_critical_wave",176,1,"1;1;1;1;1;1;1;1;1;1;1;1;1;1;1;1;1;1;1;1;1;1;1;1;1;1;1;1;1;1;1;1;1;1;1;1"
"4",4,"critical_wave_fifo",16,"case_000035",37,36,1,0.19147200137376785,0.19306559562683107,600.7411859630707,236.79518506464854,"critical_wave","fifo","fifo_critical_wave",176,1,"1;1;1;1;1;1;1;1;1;1;1;1;1;1;1;1;1;1;1;1;1;1;1;1;1;1;1;1;1;1;1;1;1;1;1;1;1"
"4",4,"critical_wave_fifo",16,"case_000036",35,35,0,0.12087999656796455,0.12264960184693337,1412.1761438669637,691.5960487556432,"critical_wave","fifo","fifo_critical_wave",128,11,"4;4;1;3;1;1;1;2;1;2;1;11;1;2;11;2;1;3;2;4;1;1;2;2;1;1;1;2;1;1;2;1;1;1;1"
"4",4,"critical_wave_fifo",16,"case_000037",37,35,2,0.20263999700546265,0.2061440035700798,2906.7283025676397,271.8471417985414,"critical_wave","fifo","fifo_critical_wave",176,1,"1;1;1;1;1;1;1;1;1;1;1;1;1;1;1;1;1;1;1;1;1;1;1;1;1;1;1;1;1;1;1;1;1;1;1;1;1"
"4",4,"critical_wave_fifo",16,"case_000038",28,28,0,0.12644799798727036,0.12754239588975907,622.0965302109336,305.3311449334829,"critical_wave","fifo","fifo_critical_wave",176,1,"1;1;1;1;1;1;1;1;1;1;1;1;1;1;1;1;1;1;1;1;1;1;1;1;1;1;1;1"
"4",4,"critical_wave_fifo",16,"case_000039",24,23,1,0.36030399799346924,0.36266239881515505,2937.2356321485568,94.6152143463529,"critical_wave","fifo","fifo_critical_wave",176,1,"1;1;1;1;1;1;1;1;1;1;1;1;1;1;1;1;1;1;1;1;1;1;1;1"
"4",4,"critical_wave_fifo",16,"case_000040",38,38,0,0.10755199939012527,0.1093439981341362,856.832995040174,420.88545314533803,"critical_wave","fifo","fifo_critical_wave",128,2,"1;1;1;1;1;1;1;1;2;1;1;1;1;1;1;1;1;1;1;1;1;1;1;1;1;1;1;1;1;1;1;1;1;2;1;1;1;1"
"4",4,"critical_wave_fifo",16,"case_000041",40,40,0,0.1093599982559681,0.11080320179462433,1012.3250677901173,496.89774018476146,"critical_wave","fifo","fifo_critical_wave",128,3,"1;1;1;1;1;1;1;1;1;1;1;1;1;1;1;1;1;1;1;1;1;1;1;3;1;1;1;1;1;1;1;1;1;1;1;1;1;1;1;1"
"4",4,"critical_wave_fifo",16,"case_000042",43,40,3,1.5360000133514404,1.5597376227378845,3994.116957281761,45.0146662753837,"critical_wave","fifo","fifo_critical_wave",176,1,"1;1;1;1;1;1;1;1;1;1;1;1;1;1;1;1;1;1;1;1;1;1;1;1;1;1;1;1;1;1;1;1;1;1;1;1;1;1;1;1;1;1;1"
"4",4,"critical_wave_fifo",16,"case_000043",49,49,0,0.15324799716472626,0.15558719336986543,1177.2489238477694,577.1000315582361,"critical_wave","fifo","fifo_critical_wave",128,3,"1;1;1;1;1;1;1;1;1;1;1;1;1;1;3;1;1;1;1;1;1;1;1;1;1;1;1;1;1;1;1;1;1;1;1;1;1;1;1;1;1;1;1;1;1;1;1;1;1"
"4",4,"critical_wave_fifo",16,"case_000044",32,31,1,0.19444800168275833,0.19661760628223418,1047.373446049965,221.145723421507,"critical_wave","fifo","fifo_critical_wave",176,1,"1;1;1;1;1;1;1;1;1;1;1;1;1;1;1;1;1;1;1;1;1;1;1;1;1;1;1;1;1;1;1;1"
"4",4,"critical_wave_fifo",16,"case_000045",25,25,0,0.0854400023818016,0.09318720176815987,644.7794157334193,316.9123507160306,"critical_wave","fifo","fifo_critical_wave",128,2,"1;1;1;1;1;2;1;1;1;1;1;1;1;1;1;1;1;1;1;1;1;1;2;1;1"
"4",4,"critical_wave_fifo",16,"case_000046",35,33,2,0.3787359893321991,0.38201279640197755,2664.130289395282,163.34587085078059,"critical_wave","fifo","fifo_critical_wave",176,1,"1;1;1;1;1;1;1;1;1;1;1;1;1;1;1;1;1;1;1;1;1;1;1;1;1;1;1;1;1;1;1;1;1;1;1"
"4",4,"critical_wave_fifo",16,"case_000047",46,46,0,0.114656001329422,0.11592640280723572,1239.5824226911095,608.1149803896749,"critical_wave","fifo","fifo_critical_wave",128,5,"3;1;1;4;1;1;1;1;1;2;1;3;1;2;5;1;3;1;5;2;1;1;1;2;1;1;2;2;1;2;2;1;1;1;2;4;1;5;1;1;2;1;1;1;1;1"
"4",4,"critical_wave_fifo",16,"case_000048",49,47,2,0.2937279939651489,0.29480320811271665,1172.3712540686822,263.3781511788046,"critical_wave","fifo","fifo_critical_wave",128,2,"1;1;1;1;1;1;1;1;1;1;1;1;1;1;1;1;1;1;1;2;1;1;1;1;1;1;1;1;1;1;1;1;1;1;1;1;1;1;1;1;1;1;1;1;1;1;1;1;1"
"4",4,"critical_wave_fifo",16,"case_000049",49,49,0,0.12281600013375282,0.12473920285701752,1332.3728760893644,653.4069820919503,"critical_wave","fifo","fifo_critical_wave",128,11,"2;6;1;11;1;2;1;2;1;1;3;1;1;1;2;1;1;2;1;1;2;1;1;2;5;1;3;2;1;1;1;1;1;1;2;1;2;1;1;1;1;2;1;2;2;3;1;1;1"
"4",4,"critical_wave_fifo",16,"case_000050",37,37,0,0.10584000125527382,0.10855679959058762,863.8083090295166,424.2648475758829,"critical_wave","fifo","fifo_critical_wave",128,3,"1;3;1;1;1;1;1;1;1;1;1;1;1;1;1;1;1;1;1;1;1;1;1;1;2;1;1;1;1;1;1;1;1;1;1;1;1"
"4",4,"critical_wave_fifo",16,"case_000051",42,40,2,0.2316480055451393,0.2337023988366127,2777.356417008443,271.28829299483965,"critical_wave","fifo","fifo_critical_wave",176,1,"1;1;1;1;1;1;1;1;1;1;1;1;1;1;1;1;1;1;1;1;1;1;1;1;1;1;1;1;1;1;1;1;1;1;1;1;1;1;1;1;1;1"
"4",4,"critical_wave_fifo",16,"case_000052",36,36,0,0.11241599917411804,0.11352000012993813,909.535870046695,446.38429021367716,"critical_wave","fifo","fifo_critical_wave",128,2,"1;1;1;1;2;1;1;1;1;1;2;1;1;1;1;1;1;1;1;1;1;1;1;1;1;1;1;1;1;1;1;1;1;1;1;1"
"4",4,"critical_wave_fifo",16,"case_000053",22,22,0,0.07860800251364708,0.08675519675016403,599.751757740125,294.83573248126174,"critical_wave","fifo","fifo_critical_wave",128,3,"2;1;1;1;1;1;1;1;1;2;1;3;1;1;1;1;1;1;1;1;1;1"
"4",4,"critical_wave_fifo",16,"case_000054",22,22,0,0.08881599828600883,0.09040320292115211,577.7138414496985,283.8465196193302,"critical_wave","fifo","fifo_critical_wave",128,2,"2;1;1;1;1;1;1;1;1;2;1;2;1;1;1;1;1;1;1;1;1;1"
"4",4,"critical_wave_fifo",16,"case_000055",22,21,1,0.14315199851989746,0.14531199634075165,541.4003766718458,174.33866280624162,"critical_wave","fifo","fifo_critical_wave",176,1,"1;1;1;1;1;1;1;1;1;1;1;1;1;1;1;1;1;1;1;1;1;1"
"4",4,"critical_wave_fifo",16,"case_000056",41,41,0,0.10729599744081497,0.10844799876213074,1192.170574215116,584.8291222103894,"critical_wave","fifo","fifo_critical_wave",128,7,"1;3;1;1;1;1;1;1;1;2;1;1;2;3;2;7;1;3;3;1;1;1;1;2;3;5;1;1;4;1;3;3;1;1;6;2;2;1;1;1;1"
"4",4,"critical_wave_fifo",16,"case_000057",38,37,1,0.8963199853897095,0.8987264215946198,4295.604540423097,67.50546343524013,"critical_wave","fifo","fifo_critical_wave",176,1,"1;1;1;1;1;1;1;1;1;1;1;1;1;1;1;1;1;1;1;1;1;1;1;1;1;1;1;1;1;1;1;1;1;1;1;1;1;1"
"4",4,"critical_wave_fifo",16,"case_000058",22,22,0,0.10302400216460228,0.11054079979658127,740.4377021009363,363.05885244333336,"critical_wave","fifo","fifo_critical_wave",128,3,"1;3;2;1;2;2;1;1;1;1;1;1;1;1;1;2;1;1;1;1;1;1"
"4",4,"critical_wave_fifo",16,"case_000059",28,28,0,0.09595200046896935,0.09696320071816444,1015.7233020224373,498.0316800737703,"critical_wave","fifo","fifo_critical_wave",128,9,"9;1;5;8;1;1;2;1;1;1;7;1;2;2;2;1;1;1;3;1;1;2;2;1;4;5;1;4"
"4",4,"critical_wave_fifo",16,"case_000060",36,36,0,0.11260800063610077,0.11440959945321083,971.3048788554296,476.5410601100442,"critical_wave","fifo","fifo_critical_wave",128,3,"3;2;1;1;1;1;1;1;1;1;1;2;1;1;1;1;1;1;1;1;1;1;1;1;1;1;1;1;1;1;1;1;1;1;1;1"
"4",4,"critical_wave_fifo",16,"case_000061",39,36,3,0.8687679767608643,0.8728159844875336,3539.4919831470943,69.35018049886536,"critical_wave","fifo","fifo_critical_wave",176,1,"1;1;1;1;1;1;1;1;1;1;1;1;1;1;1;1;1;1;1;1;1;1;1;1;1;1;1;1;1;1;1;1;1;1;1;1;1;1;1"
"4",4,"critical_wave_fifo",16,"case_000062",41,39,2,0.3065119981765747,0.3103135883808136,1976.5097700710508,203.0246919213615,"critical_wave","fifo","fifo_critical_wave",176,1,"1;1;1;1;1;1;1;1;1;1;1;1;1;1;1;1;1;1;1;1;1;1;1;1;1;1;1;1;1;1;1;1;1;1;1;1;1;1;1;1;1"
"4",4,"critical_wave_fifo",16,"case_000063",33,31,2,0.15529600530862808,0.157257604598999,1464.796817844236,299.49061411830127,"critical_wave","fifo","fifo_critical_wave",128,2,"1;1;1;1;1;1;1;1;1;1;1;1;1;1;1;1;1;1;1;2;1;1;1;1;1;1;1;1;1;1;1;1;1"
"4",4,"critical_wave_fifo",16,"case_000064",33,33,0,0.11423999816179276,0.11600960269570351,903.539752353758,443.2336205773394,"critical_wave","fifo","fifo_critical_wave",128,2,"1;1;1;1;1;1;1;1;1;1;1;1;1;1;2;2;1;1;1;1;1;1;1;1;1;1;1;1;1;2;1;1;1"
"4",4,"critical_wave_fifo",16,"case_000065",34,34,0,0.10335999727249146,0.1053151972591877,748.0868655612744,367.6136319917698,"critical_wave","fifo","fifo_critical_wave",128,3,"1;1;1;1;1;1;1;2;1;1;1;1;1;1;1;1;1;1;1;3;1;1;1;1;1;1;1;1;1;1;1;1;1;1"
"4",4,"critical_wave_fifo",16,"case_000066",54,54,0,0.12587200105190277,0.1304703950881958,1398.4463429592795,685.8827958443337,"critical_wave","fifo","fifo_critical_wave",128,10,"3;5;2;1;1;2;1;1;1;2;1;1;10;2;1;1;1;1;1;5;1;1;5;2;1;1;1;1;1;2;1;1;1;1;1;2;1;2;3;1;1;2;1;1;1;2;1;1;1;1;1;1;1;2"
"4",4,"critical_wave_fifo",16,"case_000067",37,37,0,0.12220799922943115,0.12483200058341028,1039.3768989338787,509.65907626937195,"critical_wave","fifo","fifo_critical_wave",128,4,"2;1;1;1;4;1;1;1;2;1;1;1;1;1;1;1;1;1;1;1;1;1;1;1;1;1;1;1;1;1;1;1;1;1;1;1;1"
"4",4,"critical_wave_fifo",16,"case_000068",33,33,0,0.1159679964184761,0.11993600130081178,695.7537698318393,341.74504366694293,"critical_wave","fifo","fifo_critical_wave",128,2,"2;1;1;1;1;1;1;1;1;1;1;1;1;1;1;1;1;1;1;1;1;1;1;1;1;1;1;1;1;1;1;1;2"
"4",4,"critical_wave_fifo",16,"case_000069",34,33,1,0.20558399707078934,0.20828799903392792,1611.928877819671,244.0389170112528,"critical_wave","fifo","fifo_critical_wave",176,1,"1;1;1;1;1;1;1;1;1;1;1;1;1;1;1;1;1;1;1;1;1;1;1;1;1;1;1;1;1;1;1;1;1;1"
"4",4,"critical_wave_fifo",16,"case_000070",34,33,1,0.22270400077104568,0.22477119863033296,1108.7732770003465,175.41260087267796,"critical_wave","fifo","fifo_critical_wave",176,1,"1;1;1;1;1;1;1;1;1;1;1;1;1;1;1;1;1;1;1;1;1;1;1;1;1;1;1;1;1;1;1;1;1;1"
"4",4,"critical_wave_fifo",16,"case_000071",28,28,0,0.09436800330877304,0.10071359872817993,1064.8016228892536,522.0305005162719,"critical_wave","fifo","fifo_critical_wave",128,10,"1;1;1;1;4;1;1;2;1;1;3;2;7;10;2;1;1;2;1;1;3;5;10;5;1;1;3;1"
"4",4,"critical_wave_fifo",16,"case_000072",36,34,2,0.2635360062122345,0.2676576107740402,1165.9273299321005,181.97753198619125,"critical_wave","fifo","fifo_critical_wave",176,1,"1;1;1;1;1;1;1;1;1;1;1;1;1;1;1;1;1;1;1;1;1;1;1;1;1;1;1;1;1;1;1;1;1;1;1;1"
"4",4,"critical_wave_fifo",16,"case_000073",34,33,1,0.40726399421691895,0.4113152027130127,3360.6108310940444,127.70550978856788,"critical_wave","fifo","fifo_critical_wave",176,1,"1;1;1;1;1;1;1;1;1;1;1;1;1;1;1;1;1;1;1;1;1;1;1;1;1;1;1;1;1;1;1;1;1;1"
"4",4,"critical_wave_fifo",16,"case_000074",33,33,0,0.11241599917411804,0.12090880274772645,680.4035529633951,334.31369445722714,"critical_wave","fifo","fifo_critical_wave",128,3,"3;1;1;1;1;1;1;1;1;1;1;1;1;1;1;1;1;1;1;1;1;1;1;1;2;1;1;1;1;1;1;1;1"
"4",4,"critical_wave_fifo",16,"case_000075",34,33,1,0.21409600228071213,0.22857599854469302,693.9394087947649,273.35415597002213,"critical_wave","fifo","fifo_critical_wave",176,1,"1;1;1;1;1;1;1;1;1;1;1;1;1;1;1;1;1;1;1;1;1;1;1;1;1;1;1;1;1;1;1;1;1;1"
"4",4,"critical_wave_fifo",16,"case_000076",39,36,3,0.8170560002326965,0.8203904211521149,2768.5872712124497,79.22077309458055,"critical_wave","fifo","fifo_critical_wave",176,1,"1;1;1;1;1;1;1;1;1;1;1;1;1;1;1;1;1;1;1;1;1;1;1;1;1;1;1;1;1;1;1;1;1;1;1;1;1;1;1"
"4",4,"critical_wave_fifo",16,"case_000077",40,40,0,0.12390399724245071,0.13082879781723022,1454.5391398095571,712.517577840928,"critical_wave","fifo","fifo_critical_wave",128,9,"1;5;1;9;2;1;4;6;4;1;1;1;2;1;2;2;3;1;2;1;2;4;2;1;1;1;1;1;1;1;1;1;1;3;2;1;1;4;1;1"
"4",4,"critical_wave_fifo",16,"case_000078",42,41,1,0.3824160099029541,0.38459199368953706,2953.3634761751,180.28165718662143,"critical_wave","fifo","fifo_critical_wave",176,1,"1;1;1;1;1;1;1;1;1;1;1;1;1;1;1;1;1;1;1;1;1;1;1;1;1;1;1;1;1;1;1;1;1;1;1;1;1;1;1;1;1;1"
"4",4,"critical_wave_fifo",16,"case_000079",36,35,1,0.14351999759674072,0.14554239809513092,2146.184854667215,296.5538511196753,"critical_wave","fifo","fifo_critical_wave",176,1,"1;1;1;1;1;1;1;1;1;1;1;1;1;1;1;1;1;1;1;1;1;1;1;1;1;1;1;1;1;1;1;1;1;1;1;1"
"4",4,"critical_wave_fifo",16,"case_000080",34,32,2,0.2613759934902191,0.26328319907188413,1352.4548035174785,212.8266458491018,"critical_wave","fifo","fifo_critical_wave",128,3,"1;1;1;1;1;1;1;1;1;1;1;1;1;1;3;1;1;1;1;1;1;1;1;1;1;1;1;1;1;1;1;1;1;1"
"4",4,"critical_wave_fifo",16,"case_000081",35,35,0,0.1279039978981018,0.1290912002325058,1059.6691372538517,519.3605289251544,"critical_wave","fifo","fifo_critical_wave",128,2,"1;1;1;1;2;1;1;1;1;1;1;1;1;1;1;1;1;2;1;1;1;1;1;2;1;1;1;1;1;1;1;1;1;1;1"
"4",4,"critical_wave_fifo",16,"case_000082",33,31,2,0.7127360105514526,0.7167232096195221,3343.38804119674,90.40919365101759,"critical_wave","fifo","fifo_critical_wave",176,1,"1;1;1;1;1;1;1;1;1;1;1;1;1;1;1;1;1;1;1;1;1;1;1;1;1;1;1;1;1;1;1;1;1"
"4",4,"critical_wave_fifo",16,"case_000083",30,30,0,0.09891200065612793,0.10061439871788025,1026.3560876595268,503.3050759237249,"critical_wave","fifo","fifo_critical_wave",128,12,"2;2;1;2;10;2;5;2;3;2;1;2;1;1;1;1;1;1;2;1;3;1;2;2;12;1;1;5;2;2"
"4",4,"critical_wave_fifo",16,"case_000084",24,23,1,0.2829760015010834,0.2854016125202179,2033.4738492154324,173.11500530129743,"critical_wave","fifo","fifo_critical_wave",128,3,"2;1;1;3;1;1;1;1;1;1;1;1;1;1;1;1;1;1;1;1;1;1;1;1"
"4",4,"critical_wave_fifo",16,"case_000085",44,44,0,0.11964800208806992,0.12099839746952057,1391.965159981608,682.2829514521388,"critical_wave","fifo","fifo_critical_wave",128,7,"7;1;1;1;4;1;1;4;1;1;1;1;2;1;2;1;5;1;2;1;2;1;5;1;1;5;1;6;1;1;1;1;1;3;1;1;2;2;1;1;1;1;1;1"
"4",4,"critical_wave_fifo",16,"case_000086",35,35,0,0.10777600109577179,0.11625919789075852,1206.4434651686208,591.3907303293007,"critical_wave","fifo","fifo_critical_wave",128,9,"9;1;1;1;1;1;1;1;1;2;2;2;5;2;4;1;2;3;4;1;4;1;5;1;1;1;1;1;7;2;1;2;3;1;1"
"4",4,"critical_wave_fifo",16,"case_000087",35,35,0,0.10372800007462502,0.10500800237059593,1145.3244921576638,561.6375130927792,"critical_wave","fifo","fifo_critical_wave",128,8,"2;5;8;1;3;5;1;6;1;1;2;5;3;2;1;1;1;1;1;1;1;1;2;1;2;2;2;1;1;2;7;1;1;1;1"
"4",4,"critical_wave_fifo",16,"case_000088",38,38,0,0.10951999947428703,0.11152319982647896,1207.803592649361,592.2127128500174,"critical_wave","fifo","fifo_critical_wave",128,13,"7;2;2;1;1;1;2;3;1;1;1;1;5;13;4;1;3;1;1;1;2;2;1;1;2;2;1;1;1;1;1;2;4;2;1;2;1;1"
"4",4,"critical_wave_fifo",16,"case_000089",40,39,1,0.5122720003128052,0.5192480266094208,3843.2362304045814,151.66967539228563,"critical_wave","fifo","fifo_critical_wave",176,1,"1;1;1;1;1;1;1;1;1;1;1;1;1;1;1;1;1;1;1;1;1;1;1;1;1;1;1;1;1;1;1;1;1;1;1;1;1;1;1;1"
"4",4,"critical_wave_fifo",16,"case_000090",42,41,1,0.42555199563503265,0.4282399982213974,3347.420267293727,186.42854648492903,"critical_wave","fifo","fifo_critical_wave",176,1,"1;1;1;1;1;1;1;1;1;1;1;1;1;1;1;1;1;1;1;1;1;1;1;1;1;1;1;1;1;1;1;1;1;1;1;1;1;1;1;1;1;1"
"4",4,"critical_wave_fifo",16,"case_000091",43,43,0,0.12201599776744843,0.1302272006869316,1406.438378736774,689.2410301826494,"critical_wave","fifo","fifo_critical_wave",128,6,"5;1;3;1;1;3;1;2;2;2;1;1;1;2;6;1;2;5;1;2;3;1;2;1;1;2;1;2;1;1;3;1;2;1;2;1;2;1;2;1;3;3;2"
"4",4,"critical_wave_fifo",16,"case_000092",31,31,0,0.11488000303506851,0.11584640294313431,872.2756939465835,427.8328577776634,"critical_wave","fifo","fifo_critical_wave",128,2,"2;1;1;1;1;1;2;1;1;1;1;1;1;1;1;1;1;1;1;1;1;1;1;1;1;1;1;1;1;1;1"
"4",4,"critical_wave_fifo",16,"case_000093",31,31,0,0.09816000238060951,0.10065599754452706,960.3146877125685,471.147176837638,"critical_wave","fifo","fifo_critical_wave",128,3,"3;1;1;1;1;1;2;1;1;1;1;1;1;2;1;1;1;1;1;1;1;1;1;1;1;1;1;1;1;1;1"
"4",4,"critical_wave_fifo",16,"case_000094",22,22,0,0.0899679996073246,0.09118400067090988,743.5533007733316,364.80028613782787,"critical_wave","fifo","fifo_critical_wave",128,3,"1;1;1;1;1;1;1;1;1;1;1;1;2;3;1;1;1;1;1;1;2;1"
"4",4,"critical_wave_fifo",16,"case_000095",35,35,0,0.10161599889397621,0.10318720266222954,886.0736106520478,435.0999889902273,"critical_wave","fifo","fifo_critical_wave",128,2,"1;2;1;1;1;1;1;1;1;1;1;1;2;1;1;1;1;1;1;1;1;2;1;1;1;1;1;1;1;1;1;1;1;1;1"
"4",4,"critical_wave_fifo",16,"case_000096",23,23,0,0.09036800265312195,0.10024959892034532,504.65648376731593,248.22237231581727,"critical_wave","fifo","fifo_critical_wave",128,2,"1;1;2;1;1;1;1;1;1;2;1;1;1;1;1;1;1;1;1;1;1;1;1"
"4",4,"critical_wave_fifo",16,"case_000097",30,29,1,0.09593600034713745,0.09712960198521614,935.2118872097328,454.86324051555135,"critical_wave","fifo","fifo_critical_wave",128,13,"2;2;7;1;1;1;2;1;1;1;1;5;4;1;4;2;1;1;2;1;2;4;1;2;1;5;1;2;13;1"
"4",4,"critical_wave_fifo",16,"case_000098",45,43,2,0.9831999838352203,0.9884064078330994,3854.836781880174,84.54782889208403,"critical_wave","fifo","fifo_critical_wave",176,1,"1;1;1;1;1;1;1;1;1;1;1;1;1;1;1;1;1;1;1;1;1;1;1;1;1;1;1;1;1;1;1;1;1;1;1;1;1;1;1;1;1;1;1;1;1"
"4",4,"critical_wave_fifo",16,"case_000099",7,7,0,0.07319999858736992,0.0841088004410267,739.1905856311865,361.612247415633,"critical_wave","fifo","fifo_critical_wave",128,13,"1;13;3;1;1;1;2"
"4",4,"critical_wave_release_lpt",16,"case_000000",23,22,1,0.2303519994020462,0.3114656090736389,1134.9308468719014,199.99666649123412,"critical_wave","release_lpt","release_lpt_critical_wave",176,1,"1;1;1;1;1;1;1;1;1;1;1;1;1;1;1;1;1;1;1;1;1;1;1"
"4",4,"critical_wave_release_lpt",16,"case_000001",39,38,1,0.4248479902744293,0.43208319544792173,3267.837095708537,145.11987678269315,"critical_wave","release_lpt","release_lpt_critical_wave",176,1,"1;1;1;1;1;1;1;1;1;1;1;1;1;1;1;1;1;1;1;1;1;1;1;1;1;1;1;1;1;1;1;1;1;1;1;1;1;1;1"
"4",4,"critical_wave_release_lpt",16,"case_000002",45,45,0,0.15513600409030914,0.15715839713811874,1181.1037048326675,578.7714368853516,"critical_wave","release_lpt","release_lpt_critical_wave",128,3,"3;2;1;1;1;1;1;1;1;1;1;1;1;1;1;1;1;1;1;3;1;1;1;1;1;1;1;1;1;1;1;1;1;1;1;1;1;1;1;1;1;1;1;1;1"
"4",4,"critical_wave_release_lpt",16,"case_000003",41,40,1,0.2834720015525818,0.28495998680591583,3403.619465469614,314.4554930003039,"critical_wave","release_lpt","release_lpt_critical_wave",128,3,"3;1;1;2;1;1;1;1;1;1;1;1;1;1;1;1;1;1;1;1;1;1;1;1;1;1;1;1;1;1;1;1;1;1;1;1;1;1;1;1;1"
"4",4,"critical_wave_release_lpt",16,"case_000004",27,25,2,0.4598879963159561,0.46255359053611755,3008.300049009127,101.64840216417296,"critical_wave","release_lpt","release_lpt_critical_wave",176,1,"1;1;1;1;1;1;1;1;1;1;1;1;1;1;1;1;1;1;1;1;1;1;1;1;1;1;1"
"4",4,"critical_wave_release_lpt",16,"case_000005",35,35,0,0.13710399717092514,0.13904319405555726,958.2307547475386,469.69962458291076,"critical_wave","release_lpt","release_lpt_critical_wave",128,3,"1;1;1;1;1;1;1;1;1;1;1;1;1;1;1;1;1;1;1;1;1;1;1;1;1;1;2;1;1;3;1;2;1;1;1"
"4",4,"critical_wave_release_lpt",16,"case_000006",33,32,1,0.13119999319314957,0.1324064016342163,1614.4674554682813,371.7766046541749,"critical_wave","release_lpt","release_lpt_critical_wave",128,4,"1;3;1;2;2;2;1;2;1;1;1;2;3;4;1;1;1;1;3;1;2;1;1;1;1;1;1;1;1;1;1;1;1"
"4",4,"critical_wave_release_lpt",16,"case_000007",34,34,0,0.10601600259542465,0.10737599804997444,744.7450128572143,365.92332336886494,"critical_wave","release_lpt","release_lpt_critical_wave",128,2,"1;1;1;1;2;1;1;1;1;2;1;1;1;1;1;1;1;1;1;1;1;1;1;1;1;1;1;1;1;1;2;1;1;1"
"4",4,"critical_wave_release_lpt",16,"case_000008",32,32,0,0.11284800246357918,0.11435199901461601,830.3015182412313,407.4351250908418,"critical_wave","release_lpt","release_lpt_critical_wave",128,3,"1;1;1;1;2;1;1;1;1;1;1;3;2;1;1;1;1;1;1;1;1;1;1;1;1;1;1;1;1;1;1;1"
"4",4,"critical_wave_release_lpt",16,"case_000009",37,37,0,0.1319200024008751,0.13353919684886933,1071.0515695917145,524.9668794695277,"critical_wave","release_lpt","release_lpt_critical_wave",128,4,"1;1;1;1;1;1;2;4;1;1;1;1;1;1;1;1;1;1;1;1;1;1;1;1;1;1;1;1;1;1;1;1;1;1;1;1;1"
"4",4,"critical_wave_release_lpt",16,"case_000010",29,27,2,0.3434240072965622,0.3467679888010025,1712.2623087564398,140.18300112148833,"critical_wave","release_lpt","release_lpt_critical_wave",176,1,"1;1;1;1;1;1;1;1;1;1;1;1;1;1;1;1;1;1;1;1;1;1;1;1;1;1;1;1;1"
"4",4,"critical_wave_release_lpt",16,"case_000011",30,30,0,0.1000480018556118,0.10161919891834259,1013.3476300137952,496.9288249429575,"critical_wave","release_lpt","release_lpt_critical_wave",128,9,"2;1;1;1;1;1;2;1;6;9;1;6;1;1;3;3;2;1;6;3;6;1;2;1;2;2;4;1;3;2"
"4",4,"critical_wave_release_lpt",16,"case_000012",31,29,2,0.23502399772405624,0.2375840052962303,1161.4054885428448,210.92191640022475,"critical_wave","release_lpt","release_lpt_critical_wave",128,3,"1;1;1;1;1;3;1;1;1;1;1;1;1;1;1;1;1;1;1;1;1;1;1;1;1;1;1;1;1;1;1"
"4",4,"critical_wave_release_lpt",16,"case_000013",38,38,0,0.1072159968316555,0.10890880227088928,1012.3141131860903,496.8118338127802,"critical_wave","release_lpt","release_lpt_critical_wave",128,7,"1;2;1;1;1;1;2;4;2;3;2;1;1;1;2;7;1;7;5;1;1;1;2;1;2;1;5;1;2;1;1;2;4;3;1;3;1;1"
"4",4,"critical_wave_release_lpt",16,"case_000014",26,26,0,0.10739199817180634,0.10893120244145393,1294.0357788824867,633.573312335134,"critical_wave","release_lpt","release_lpt_critical_wave",128,12,"1;1;3;6;1;7;1;4;12;1;3;1;1;1;2;2;3;2;1;5;3;1;1;4;2;1"
"4",4,"critical_wave_release_lpt",16,"case_000015",44,44,0,0.11788800358772278,0.11872320249676704,1380.2852478956227,676.6188719163872,"critical_wave","release_lpt","release_lpt_critical_wave",128,12,"2;1;2;1;1;12;1;1;12;4;2;1;1;1;1;1;3;3;1;1;1;3;1;1;1;1;1;1;1;1;2;1;2;1;1;1;4;2;1;3;1;1;2;1"
"4",4,"critical_wave_release_lpt",16,"case_000016",30,29,1,0.22033599764108658,0.22517759501934054,1196.0218999587544,213.95222072060292,"critical_wave","release_lpt","release_lpt_critical_wave",176,1,"1;1;1;1;1;1;1;1;1;1;1;1;1;1;1;1;1;1;1;1;1;1;1;1;1;1;1;1;1;1"
"4",4,"critical_wave_release_lpt",16,"case_000017",32,32,0,0.12033599987626076,0.1218144029378891,778.7835200136791,382.15450112424804,"critical_wave","release_lpt","release_lpt_critical_wave",128,2,"1;1;1;1;1;1;1;1;1;1;2;1;2;1;1;1;1;1;1;1;1;1;1;1;1;1;1;1;1;1;1;1"
"4",4,"critical_wave_release_lpt",16,"case_000018",33,32,1,0.16475199908018112,0.17299840003252032,663.5392745601629,245.0873083509513,"critical_wave","release_lpt","release_lpt_critical_wave",176,1,"1;1;1;1;1;1;1;1;1;1;1;1;1;1;1;1;1;1;1;1;1;1;1;1;1;1;1;1;1;1;1;1;1"
"4",4,"critical_wave_release_lpt",16,"case_000019",46,44,2,0.8261120021343231,0.8289503872394561,3253.3742859857357,96.37356653130286,"critical_wave","release_lpt","release_lpt_critical_wave",176,1,"1;1;1;1;1;1;1;1;1;1;1;1;1;1;1;1;1;1;1;1;1;1;1;1;1;1;1;1;1;1;1;1;1;1;1;1;1;1;1;1;1;1;1;1;1;1"
"4",4,"critical_wave_release_lpt",16,"case_000020",39,38,1,0.24038399755954742,0.24339200407266617,1289.1276808192515,290.5415364959933,"critical_wave","release_lpt","release_lpt_critical_wave",128,3,"1;1;1;1;1;1;1;1;1;1;1;3;1;1;1;1;1;1;1;1;1;1;2;1;1;1;1;1;1;1;1;1;1;1;1;1;1;1;1"
"4",4,"critical_wave_release_lpt",16,"case_000021",29,29,0,0.11329599842429161,0.1146112009882927,915.0779960624918,448.6338150236201,"critical_wave","release_lpt","release_lpt_critical_wave",128,3,"1;1;1;1;1;1;1;1;1;1;1;2;1;1;1;1;1;1;1;1;1;1;1;1;3;1;1;1;1"
"4",4,"critical_wave_release_lpt",16,"case_000022",41,41,0,0.10700800269842148,0.1102335974574089,911.1529722387602,447.6208021094723,"critical_wave","release_lpt","release_lpt_critical_wave",128,2,"1;1;1;2;1;1;1;1;1;1;1;1;1;1;2;1;1;1;1;2;1;1;1;1;1;1;1;1;1;1;1;1;1;1;1;1;1;1;1;1;1"
"4",4,"critical_wave_release_lpt",16,"case_000023",42,41,1,0.127920001745224,0.12971839755773545,1359.1870093489229,388.07454129708407,"critical_wave","release_lpt","release_lpt_critical_wave",176,1,"1;1;1;1;1;1;1;1;1;1;1;1;1;1;1;1;1;1;1;1;1;1;1;1;1;1;1;1;1;1;1;1;1;1;1;1;1;1;1;1;1;1"
"4",4,"critical_wave_release_lpt",16,"case_000024",58,58,0,0.13337600231170654,0.1354976028203964,1524.891244203597,747.6650542197832,"critical_wave","release_lpt","release_lpt_critical_wave",128,8,"1;1;4;2;8;1;1;7;1;1;1;1;2;1;1;2;1;1;1;1;3;1;1;4;1;1;1;1;5;1;1;1;1;1;1;1;1;1;2;1;2;3;1;1;1;1;2;1;1;1;2;1;1;2;1;1;1;1"
"4",4,"critical_wave_release_lpt",16,"case_000025",38,36,2,0.23504000157117844,0.23720960319042206,1138.7797271731358,201.0428849733056,"critical_wave","release_lpt","release_lpt_critical_wave",176,1,"1;1;1;1;1;1;1;1;1;1;1;1;1;1;1;1;1;1;1;1;1;1;1;1;1;1;1;1;1;1;1;1;1;1;1;1;1;1"
"4",4,"critical_wave_release_lpt",16,"case_000026",34,34,0,0.10499200224876404,0.10848959758877755,1128.0391248790972,553.1008720303132,"critical_wave","release_lpt","release_lpt_critical_wave",128,9,"3;4;3;2;1;1;2;1;1;2;7;1;2;1;1;1;9;2;1;2;1;1;5;1;1;3;1;2;1;1;6;1;1;3"
"4",4,"critical_wave_release_lpt",16,"case_000027",35,35,0,0.10919999703764915,0.11089600250124931,943.8252516844462,463.1290968127369,"critical_wave","release_lpt","release_lpt_critical_wave",128,4,"1;2;1;1;2;1;1;1;1;1;1;1;1;1;1;1;1;1;1;1;1;1;1;1;1;1;1;1;1;1;1;4;1;1;1"
"4",4,"critical_wave_release_lpt",16,"case_000028",38,37,1,0.23071999847888947,0.2341567948460579,1214.43901161276,239.84577134549207,"critical_wave","release_lpt","release_lpt_critical_wave",128,2,"1;1;1;1;1;1;1;1;1;1;1;1;1;1;1;1;1;1;1;1;1;1;1;1;1;1;1;1;1;1;1;2;1;1;1;1;1;1"
"4",4,"critical_wave_release_lpt",16,"case_000029",41,40,1,0.30963200330734253,0.3126944094896317,2716.8478585367584,223.33277975584565,"critical_wave","release_lpt","release_lpt_critical_wave",128,2,"1;1;1;1;1;1;1;1;1;1;1;1;1;1;1;2;1;1;1;1;1;1;1;1;1;1;1;1;1;1;1;1;1;2;1;1;1;1;1;1;1"
"4",4,"critical_wave_release_lpt",16,"case_000030",39,38,1,0.16592000424861908,0.20727359801530873,894.2879122981636,421.6632486048305,"critical_wave","release_lpt","release_lpt_critical_wave",128,3,"1;1;1;1;1;1;2;1;1;1;1;1;1;1;1;1;1;1;1;1;1;1;3;1;1;1;1;1;1;1;1;1;1;1;1;1;1;1;1"
"4",4,"critical_wave_release_lpt",16,"case_000031",30,28,2,1.361295998096466,1.3666144251823424,4154.106869620922,42.42968471277837,"critical_wave","release_lpt","release_lpt_critical_wave",176,1,"1;1;1;1;1;1;1;1;1;1;1;1;1;1;1;1;1;1;1;1;1;1;1;1;1;1;1;1;1;1"
"4",4,"critical_wave_release_lpt",16,"case_000032",30,30,0,0.10187200084328651,0.10382080078125,1124.698416950261,551.2611859502991,"critical_wave","release_lpt","release_lpt_critical_wave",128,8,"6;1;5;1;1;1;2;1;4;1;1;5;1;1;1;3;1;2;1;7;1;1;4;1;3;6;1;8;1;2"
"4",4,"critical_wave_release_lpt",16,"case_000033",30,30,0,0.09964799880981445,0.1015423983335495,684.7633427965984,336.49582932414575,"critical_wave","release_lpt","release_lpt_critical_wave",128,2,"1;1;1;1;1;1;1;1;1;1;1;2;1;1;1;1;1;1;1;1;1;2;1;1;1;1;1;1;1;1"
"4",4,"critical_wave_release_lpt",16,"case_000034",36,35,1,0.6777920126914978,0.6802848100662231,4060.716619115339,87.30522474736487,"critical_wave","release_lpt","release_lpt_critical_wave",176,1,"1;1;1;1;1;1;1;1;1;1;1;1;1;1;1;1;1;1;1;1;1;1;1;1;1;1;1;1;1;1;1;1;1;1;1;1"
"4",4,"critical_wave_release_lpt",16,"case_000035",37,36,1,0.19446400552988052,0.19619519710540773,591.4982408727857,233.15187752333583,"critical_wave","release_lpt","release_lpt_critical_wave",176,1,"1;1;1;1;1;1;1;1;1;1;1;1;1;1;1;1;1;1;1;1;1;1;1;1;1;1;1;1;1;1;1;1;1;1;1;1;1"
"4",4,"critical_wave_release_lpt",16,"case_000036",35,35,0,0.1156960017979145,0.11702719703316689,1475.4515693823832,722.5844169275947,"critical_wave","release_lpt","release_lpt_critical_wave",128,11,"4;4;1;3;1;1;1;2;1;2;1;11;1;2;11;2;1;3;2;4;1;1;2;2;1;1;1;2;1;1;2;1;1;1;1"
"4",4,"critical_wave_release_lpt",16,"case_000037",37,35,2,0.20785599946975708,0.21191039383411409,2833.7859673552603,265.0253259012384,"critical_wave","release_lpt","release_lpt_critical_wave",176,1,"1;1;1;1;1;1;1;1;1;1;1;1;1;1;1;1;1;1;1;1;1;1;1;1;1;1;1;1;1;1;1;1;1;1;1;1;1"
"4",4,"critical_wave_release_lpt",16,"case_000038",28,28,0,0.12620800733566284,0.1277791976928711,623.2794769573395,305.91174692519144,"critical_wave","release_lpt","release_lpt_critical_wave",176,1,"1;1;1;1;1;1;1;1;1;1;1;1;1;1;1;1;1;1;1;1;1;1;1;1;1;1;1;1"
"4",4,"critical_wave_release_lpt",16,"case_000039",24,23,1,0.37036800384521484,0.3770463943481445,2857.4221593782345,92.04423612750058,"critical_wave","release_lpt","release_lpt_critical_wave",176,1,"1;1;1;1;1;1;1;1;1;1;1;1;1;1;1;1;1;1;1;1;1;1;1;1"
"4",4,"critical_wave_release_lpt",16,"case_000040",38,38,0,0.10779200121760368,0.11694720312952997,854.925233032506,419.948340216986,"critical_wave","release_lpt","release_lpt_critical_wave",128,2,"1;1;1;1;1;1;1;1;2;1;1;1;1;1;1;1;1;1;1;1;1;1;1;1;1;1;1;1;1;1;1;1;1;2;1;1;1;1"
"4",4,"critical_wave_release_lpt",16,"case_000041",40,40,0,0.11075200140476227,0.11243519932031631,999.6015082689028,490.6524063741513,"critical_wave","release_lpt","release_lpt_critical_wave",128,3,"1;1;1;1;1;1;1;1;1;1;1;1;1;1;1;1;1;1;1;1;1;1;1;3;1;1;1;1;1;1;1;1;1;1;1;1;1;1;1;1"
"4",4,"critical_wave_release_lpt",16,"case_000042",43,40,3,1.51636803150177,1.5297536492347716,4045.8276435939483,45.59745824470007,"critical_wave","release_lpt","release_lpt_critical_wave",176,1,"1;1;1;1;1;1;1;1;1;1;1;1;1;1;1;1;1;1;1;1;1;1;1;1;1;1;1;1;1;1;1;1;1;1;1;1;1;1;1;1;1;1;1"
"4",4,"critical_wave_release_lpt",16,"case_000043",49,49,0,0.15382400155067444,0.15541760474443436,1172.8406355660106,574.9390414269343,"critical_wave","release_lpt","release_lpt_critical_wave",128,3,"1;1;1;1;1;1;1;1;1;1;1;1;1;1;3;1;1;1;1;1;1;1;1;1;1;1;1;1;1;1;1;1;1;1;1;1;1;1;1;1;1;1;1;1;1;1;1;1;1"
"4",4,"critical_wave_release_lpt",16,"case_000044",32,31,1,0.1937600001692772,0.21007679700851453,1051.0924516002995,221.9309659497943,"critical_wave","release_lpt","release_lpt_critical_wave",176,1,"1;1;1;1;1;1;1;1;1;1;1;1;1;1;1;1;1;1;1;1;1;1;1;1;1;1;1;1;1;1;1;1"
"4",4,"critical_wave_release_lpt",16,"case_000045",25,25,0,0.0883680023252964,0.0966336026787758,623.4151883755987,306.41172469108636,"critical_wave","release_lpt","release_lpt_critical_wave",128,2,"1;1;1;1;1;2;1;1;1;1;1;1;1;1;1;1;1;1;1;1;1;1;2;1;1"
"4",4,"critical_wave_release_lpt",16,"case_000046",35,33,2,0.3816159963607788,0.42352320253849063,2644.0244394527217,162.11312049276106,"critical_wave","release_lpt","release_lpt_critical_wave",176,1,"1;1;1;1;1;1;1;1;1;1;1;1;1;1;1;1;1;1;1;1;1;1;1;1;1;1;1;1;1;1;1;1;1;1;1"
"4",4,"critical_wave_release_lpt",16,"case_000047",46,46,0,0.11443199962377548,0.11580800116062165,1242.0089168351003,609.3053711307642,"critical_wave","release_lpt","release_lpt_critical_wave",128,5,"3;1;1;4;1;1;1;1;1;2;1;3;1;2;5;1;3;1;5;2;1;1;1;2;1;1;2;2;1;2;2;1;1;1;2;4;1;5;1;1;2;1;1;1;1;1"
"4",4,"critical_wave_release_lpt",16,"case_000048",49,47,2,0.2882719933986664,0.2895039916038513,1194.560222726073,268.36299665438776,"critical_wave","release_lpt","release_lpt_critical_wave",128,2,"1;1;1;1;1;1;1;1;1;1;1;1;1;1;1;1;1;1;1;2;1;1;1;1;1;1;1;1;1;1;1;1;1;1;1;1;1;1;1;1;1;1;1;1;1;1;1;1;1"
"4",4,"critical_wave_release_lpt",16,"case_000049",49,49,0,0.12089599668979645,0.12202239781618118,1353.532886187048,663.784030879932,"critical_wave","release_lpt","release_lpt_critical_wave",128,11,"2;6;1;11;1;2;1;2;1;1;3;1;1;1;2;1;1;2;1;1;2;1;1;2;5;1;3;2;1;1;1;1;1;1;2;1;2;1;1;1;1;2;1;2;2;3;1;1;1"
"4",4,"critical_wave_release_lpt",16,"case_000050",37,37,0,0.10585600137710571,0.10742399841547012,863.677744507864,424.20071999537834,"critical_wave","release_lpt","release_lpt_critical_wave",128,3,"1;3;1;1;1;1;1;1;1;1;1;1;1;1;1;1;1;1;1;1;1;1;1;1;2;1;1;1;1;1;1;1;1;1;1;1;1"
"4",4,"critical_wave_release_lpt",16,"case_000051",42,40,2,0.2436000034213066,0.24486400187015533,2641.0881184401796,257.9777960483533,"critical_wave","release_lpt","release_lpt_critical_wave",176,1,"1;1;1;1;1;1;1;1;1;1;1;1;1;1;1;1;1;1;1;1;1;1;1;1;1;1;1;1;1;1;1;1;1;1;1;1;1;1;1;1;1;1"
"4",4,"critical_wave_release_lpt",16,"case_000052",36,36,0,0.11585600301623344,0.20422399938106578,882.5298728946614,433.13021935487285,"critical_wave","release_lpt","release_lpt_critical_wave",128,2,"1;1;1;1;2;1;1;1;1;1;2;1;1;1;1;1;1;1;1;1;1;1;1;1;1;1;1;1;1;1;1;1;1;1;1;1"
"4",4,"critical_wave_release_lpt",16,"case_000053",22,22,0,0.07862400263547897,0.08003519847989082,599.6297072101205,294.7757328948509,"critical_wave","release_lpt","release_lpt_critical_wave",128,3,"2;1;1;1;1;1;1;1;1;2;1;3;1;1;1;1;1;1;1;1;1;1"
"4",4,"critical_wave_release_lpt",16,"case_000054",22,22,0,0.08923200145363808,0.09201280027627945,575.0205163632809,282.5232157669165,"critical_wave","release_lpt","release_lpt_critical_wave",128,2,"2;1;1;1;1;1;1;1;1;2;1;2;1;1;1;1;1;1;1;1;1;1"
"4",4,"critical_wave_release_lpt",16,"case_000055",22,21,1,0.14441599696874619,0.5521215915679932,536.6617794895169,172.81276675603365,"critical_wave","release_lpt","release_lpt_critical_wave",176,1,"1;1;1;1;1;1;1;1;1;1;1;1;1;1;1;1;1;1;1;1;1;1"
"4",4,"critical_wave_release_lpt",16,"case_000056",41,41,0,0.1101439967751503,0.11159040033817291,1161.3445546299538,569.7071636877176,"critical_wave","release_lpt","release_lpt_critical_wave",128,7,"1;3;1;1;1;1;1;1;1;2;1;1;2;3;2;7;1;3;3;1;1;1;1;2;3;5;1;1;4;1;3;3;1;1;6;2;2;1;1;1;1"
"4",4,"critical_wave_release_lpt",16,"case_000057",38,37,1,0.8830400109291077,0.8893056094646454,4360.20582449135,68.52067318709253,"critical_wave","release_lpt","release_lpt_critical_wave",176,1,"1;1;1;1;1;1;1;1;1;1;1;1;1;1;1;1;1;1;1;1;1;1;1;1;1;1;1;1;1;1;1;1;1;1;1;1;1;1"
"4",4,"critical_wave_release_lpt",16,"case_000058",22,22,0,0.10304000228643417,0.1043935976922512,740.3227264295499,363.0024764171073,"critical_wave","release_lpt","release_lpt_critical_wave",128,3,"1;3;2;1;2;2;1;1;1;1;1;1;1;1;1;2;1;1;1;1;1;1"
"4",4,"critical_wave_release_lpt",16,"case_000059",28,28,0,0.0960800014436245,0.105833600461483,1014.3701216447798,497.36818569928295,"critical_wave","release_lpt","release_lpt_critical_wave",128,9,"9;1;5;8;1;1;2;1;1;1;7;1;2;2;2;1;1;1;3;1;1;2;2;1;4;5;1;4"
"4",4,"critical_wave_release_lpt",16,"case_000060",36,36,0,0.11099200323224068,0.11294400244951248,985.4466739116258,483.4792997448333,"critical_wave","release_lpt","release_lpt_critical_wave",128,3,"3;2;1;1;1;1;1;1;1;1;1;2;1;1;1;1;1;1;1;1;1;1;1;1;1;1;1;1;1;1;1;1;1;1;1;1"
"4",4,"critical_wave_release_lpt",16,"case_000061",39,36,3,0.8727840185165405,0.8752031743526458,3523.2053105034306,69.03107151572824,"critical_wave","release_lpt","release_lpt_critical_wave",176,1,"1;1;1;1;1;1;1;1;1;1;1;1;1;1;1;1;1;1;1;1;1;1;1;1;1;1;1;1;1;1;1;1;1;1;1;1;1;1;1"
"4",4,"critical_wave_release_lpt",16,"case_000062",41,39,2,0.30881600081920624,0.31317758560180664,1961.7635013500308,201.50997304194655,"critical_wave","release_lpt","release_lpt_critical_wave",176,1,"1;1;1;1;1;1;1;1;1;1;1;1;1;1;1;1;1;1;1;1;1;1;1;1;1;1;1;1;1;1;1;1;1;1;1;1;1;1;1;1;1"
"4",4,"critical_wave_release_lpt",16,"case_000063",33,31,2,0.15643200278282166,0.15775999426841736,1454.1595731904806,297.31573573580425,"critical_wave","release_lpt","release_lpt_critical_wave",128,2,"1;1;1;1;1;1;1;1;1;1;1;1;1;1;1;1;1;1;1;2;1;1;1;1;1;1;1;1;1;1;1;1;1"
"4",4,"critical_wave_release_lpt",16,"case_000064",33,33,0,0.11534399911761284,0.12442559823393824,894.891632314129,438.99126428214953,"critical_wave","release_lpt","release_lpt_critical_wave",128,2,"1;1;1;1;1;1;1;1;1;1;1;1;1;1;2;2;1;1;1;1;1;1;1;1;1;1;1;1;1;2;1;1;1"
"4",4,"critical_wave_release_lpt",16,"case_000065",34,34,0,0.10364799946546555,0.11034559831023216,746.0081890896793,366.59215996407204,"critical_wave","release_lpt","release_lpt_critical_wave",128,3,"1;1;1;1;1;1;1;2;1;1;1;1;1;1;1;1;1;1;1;3;1;1;1;1;1;1;1;1;1;1;1;1;1;1"
"4",4,"critical_wave_release_lpt",16,"case_000066",54,54,0,0.1284479945898056,0.13107520043849946,1370.4008389864766,672.1275818723599,"critical_wave","release_lpt","release_lpt_critical_wave",128,10,"3;5;2;1;1;2;1;1;1;2;1;1;10;2;1;1;1;1;1;5;1;1;5;2;1;1;1;1;1;2;1;1;1;1;1;2;1;2;3;1;1;2;1;1;1;2;1;1;1;1;1;1;1;2"
"4",4,"critical_wave_release_lpt",16,"case_000067",37,37,0,0.12399999797344208,0.1630304038524632,1024.3562366122358,502.2936856284456,"critical_wave","release_lpt","release_lpt_critical_wave",128,4,"2;1;1;1;4;1;1;1;2;1;1;1;1;1;1;1;1;1;1;1;1;1;1;1;1;1;1;1;1;1;1;1;1;1;1;1;1"
"4",4,"critical_wave_release_lpt",16,"case_000068",33,33,0,0.11641599982976913,0.11827519908547401,693.0763022778912,340.4299070398543,"critical_wave","release_lpt","release_lpt_critical_wave",128,2,"2;1;1;1;1;1;1;1;1;1;1;1;1;1;1;1;1;1;1;1;1;1;1;1;1;1;1;1;1;1;1;1;2"
"4",4,"critical_wave_release_lpt",16,"case_000069",34,33,1,0.20454400032758713,0.20615680515766144,1620.1246732500979,245.2797242629924,"critical_wave","release_lpt","release_lpt_critical_wave",176,1,"1;1;1;1;1;1;1;1;1;1;1;1;1;1;1;1;1;1;1;1;1;1;1;1;1;1;1;1;1;1;1;1;1;1"
"4",4,"critical_wave_release_lpt",16,"case_000070",34,33,1,0.22137600183486938,0.22420480102300644,1115.4246290896099,176.4648727784855,"critical_wave","release_lpt","release_lpt_critical_wave",176,1,"1;1;1;1;1;1;1;1;1;1;1;1;1;1;1;1;1;1;1;1;1;1;1;1;1;1;1;1;1;1;1;1;1;1"
"4",4,"critical_wave_release_lpt",16,"case_000071",28,28,0,0.09732800349593163,0.10024319887161255,1032.418209176563,506.1541820495601,"critical_wave","release_lpt","release_lpt_critical_wave",128,10,"1;1;1;1;4;1;1;2;1;1;3;2;7;10;2;1;1;2;1;1;3;5;10;5;1;1;3;1"
"4",4,"critical_wave_release_lpt",16,"case_000072",36,34,2,0.2656320035457611,0.2696896106004715,1156.7274573941422,180.5416190814456,"critical_wave","release_lpt","release_lpt_critical_wave",176,1,"1;1;1;1;1;1;1;1;1;1;1;1;1;1;1;1;1;1;1;1;1;1;1;1;1;1;1;1;1;1;1;1;1;1;1;1"
"4",4,"critical_wave_release_lpt",16,"case_000073",34,33,1,0.4180639982223511,0.42182080149650575,3273.794911543826,124.40644547521667,"critical_wave","release_lpt","release_lpt_critical_wave",176,1,"1;1;1;1;1;1;1;1;1;1;1;1;1;1;1;1;1;1;1;1;1;1;1;1;1;1;1;1;1;1;1;1;1;1"
"4",4,"critical_wave_release_lpt",16,"case_000074",33,33,0,0.1138560026884079,0.1153343990445137,671.7980909388413,330.08543346504104,"critical_wave","release_lpt","release_lpt_critical_wave",128,3,"3;1;1;1;1;1;1;1;1;1;1;1;1;1;1;1;1;1;1;1;1;1;1;1;2;1;1;1;1;1;1;1;1"
"4",4,"critical_wave_release_lpt",16,"case_000075",34,33,1,0.21139199286699295,0.21277440339326859,702.8158977690298,276.8507510917081,"critical_wave","release_lpt","release_lpt_critical_wave",176,1,"1;1;1;1;1;1;1;1;1;1;1;1;1;1;1;1;1;1;1;1;1;1;1;1;1;1;1;1;1;1;1;1;1;1"
"4",4,"critical_wave_release_lpt",16,"case_000076",39,36,3,0.8202880024909973,0.8230176031589508,2757.678809445743,78.90863672690422,"critical_wave","release_lpt","release_lpt_critical_wave",176,1,"1;1;1;1;1;1;1;1;1;1;1;1;1;1;1;1;1;1;1;1;1;1;1;1;1;1;1;1;1;1;1;1;1;1;1;1;1;1;1"
"4",4,"critical_wave_release_lpt",16,"case_000077",40,40,0,0.12198399752378464,0.12335680052638054,1477.4332471999844,723.7324386158626,"critical_wave","release_lpt","release_lpt_critical_wave",128,9,"1;5;1;9;2;1;4;6;4;1;1;1;2;1;2;2;3;1;2;1;2;4;2;1;1;1;1;1;1;1;1;1;1;3;2;1;1;4;1;1"
"4",4,"critical_wave_release_lpt",16,"case_000078",42,41,1,0.3906400054693222,0.3962271988391876,2891.1874373826654,176.4862559767044,"critical_wave","release_lpt","release_lpt_critical_wave",176,1,"1;1;1;1;1;1;1;1;1;1;1;1;1;1;1;1;1;1;1;1;1;1;1;1;1;1;1;1;1;1;1;1;1;1;1;1;1;1;1;1;1;1"
"4",4,"critical_wave_release_lpt",16,"case_000079",36,35,1,0.1446080058813095,0.14596800059080123,2130.0372915508924,294.32262578140586,"critical_wave","release_lpt","release_lpt_critical_wave",176,1,"1;1;1;1;1;1;1;1;1;1;1;1;1;1;1;1;1;1;1;1;1;1;1;1;1;1;1;1;1;1;1;1;1;1;1;1"
"4",4,"critical_wave_release_lpt",16,"case_000080",34,32,2,0.25966399908065796,0.26453120112419126,1361.3716925394597,214.22983623817893,"critical_wave","release_lpt","release_lpt_critical_wave",128,4,"1;1;1;1;1;1;1;1;1;1;1;1;1;1;4;1;1;1;1;1;1;1;1;1;1;1;1;1;1;1;1;1;1;1"
"4",4,"critical_wave_release_lpt",16,"case_000081",35,35,0,0.13094399869441986,0.13184000551700592,1035.0678187268145,507.3030353611068,"critical_wave","release_lpt","release_lpt_critical_wave",128,2,"1;1;1;1;2;1;1;1;1;1;1;1;1;1;1;1;1;2;1;1;1;1;1;2;1;1;1;1;1;1;1;1;1;1;1"
"4",4,"critical_wave_release_lpt",16,"case_000082",33,31,2,0.7163519859313965,0.7191424012184143,3326.511409205768,89.95282942674928,"critical_wave","release_lpt","release_lpt_critical_wave",176,1,"1;1;1;1;1;1;1;1;1;1;1;1;1;1;1;1;1;1;1;1;1;1;1;1;1;1;1;1;1;1;1;1;1"
"4",4,"critical_wave_release_lpt",16,"case_000083",30,30,0,0.0997919999063015,0.1117183975875378,1017.3053362125219,498.86676333516783,"critical_wave","release_lpt","release_lpt_critical_wave",128,12,"2;2;1;2;10;2;5;2;3;2;1;2;1;1;1;1;1;1;2;1;3;1;2;2;12;1;1;5;2;2"
"4",4,"critical_wave_release_lpt",16,"case_000084",24,23,1,0.286080002784729,0.28841281235218047,2011.410421584057,171.23668737119766,"critical_wave","release_lpt","release_lpt_critical_wave",128,2,"2;1;1;2;1;1;1;1;1;1;1;1;1;1;1;1;1;1;1;1;1;1;1;1"
"4",4,"critical_wave_release_lpt",16,"case_000085",44,44,0,0.11791999638080597,0.11915839836001396,1412.36308920977,692.2811610032212,"critical_wave","release_lpt","release_lpt_critical_wave",128,7,"7;1;1;1;4;1;1;4;1;1;1;1;2;1;2;1;5;1;2;1;2;1;5;1;1;5;1;6;1;1;1;1;1;3;1;1;2;2;1;1;1;1;1;1"
"4",4,"critical_wave_release_lpt",16,"case_000086",35,35,0,0.10860799998044968,0.11976640000939376,1197.2014239043688,586.8603418852507,"critical_wave","release_lpt","release_lpt_critical_wave",128,9,"9;1;1;1;1;1;1;1;1;2;2;2;5;2;4;1;2;3;4;1;4;1;5;1;1;1;1;1;7;2;1;2;3;1;1"
"4",4,"critical_wave_release_lpt",16,"case_000087",35,35,0,0.10572800040245056,0.11655359640717508,1123.658998144132,551.013315093867,"critical_wave","release_lpt","release_lpt_critical_wave",128,8,"2;5;8;1;3;5;1;6;1;1;2;5;3;2;1;1;1;1;1;1;1;1;2;1;2;2;2;1;1;2;7;1;1;1;1"
"4",4,"critical_wave_release_lpt",16,"case_000088",38,38,0,0.1098880022764206,0.11125439777970314,1203.758791603621,590.2294577787338,"critical_wave","release_lpt","release_lpt_critical_wave",128,13,"7;2;2;1;1;1;2;3;1;1;1;1;5;13;4;1;3;1;1;1;2;2;1;1;2;2;1;1;1;1;1;2;4;2;1;2;1;1"
"4",4,"critical_wave_release_lpt",16,"case_000089",40,39,1,0.5265119969844818,0.5311711847782135,3739.2924049212634,147.567630832712,"critical_wave","release_lpt","release_lpt_critical_wave",176,1,"1;1;1;1;1;1;1;1;1;1;1;1;1;1;1;1;1;1;1;1;1;1;1;1;1;1;1;1;1;1;1;1;1;1;1;1;1;1;1;1"
"4",4,"critical_wave_release_lpt",16,"case_000090",42,41,1,0.43488000333309174,0.4414111852645874,3275.619398588254,182.42972634277268,"critical_wave","release_lpt","release_lpt_critical_wave",176,1,"1;1;1;1;1;1;1;1;1;1;1;1;1;1;1;1;1;1;1;1;1;1;1;1;1;1;1;1;1;1;1;1;1;1;1;1;1;1;1;1;1;1"
"4",4,"critical_wave_release_lpt",16,"case_000091",43,43,0,0.1250240057706833,0.1340255990624428,1372.6002540244965,672.658274557702,"critical_wave","release_lpt","release_lpt_critical_wave",128,6,"5;1;3;1;1;3;1;2;2;2;1;1;1;2;6;1;2;5;1;2;3;1;2;1;1;2;1;2;1;1;3;1;2;1;2;1;2;1;2;1;3;3;2"
"4",4,"critical_wave_release_lpt",16,"case_000092",31,31,0,0.11710399761795998,0.11844160035252571,855.7097657324678,419.70761886665144,"critical_wave","release_lpt","release_lpt_critical_wave",128,2,"2;1;1;1;1;1;2;1;1;1;1;1;1;1;1;1;1;1;1;1;1;1;1;1;1;1;1;1;1;1;1"
"4",4,"critical_wave_release_lpt",16,"case_000093",31,31,0,0.09969599917531013,0.10057919844985008,945.5193068103052,463.88830427062254,"critical_wave","release_lpt","release_lpt_critical_wave",128,3,"3;1;1;1;1;1;2;1;1;1;1;1;1;2;1;1;1;1;1;1;1;1;1;1;1;1;1;1;1;1;1"
"4",4,"critical_wave_release_lpt",16,"case_000094",22,22,0,0.0891840010881424,0.09561920315027238,750.0897274824583,368.0071716850085,"critical_wave","release_lpt","release_lpt_critical_wave",128,3,"1;1;1;1;1;1;1;1;1;1;1;1;2;3;1;1;1;1;1;1;2;1"
"4",4,"critical_wave_release_lpt",16,"case_000095",35,35,0,0.10334399715065956,0.10460799932479858,871.2577171631623,427.82475246766495,"critical_wave","release_lpt","release_lpt_critical_wave",128,2,"1;2;1;1;1;1;1;1;1;1;1;1;2;1;1;1;1;1;1;1;1;2;1;1;1;1;1;1;1;1;1;1;1;1;1"
"4",4,"critical_wave_release_lpt",16,"case_000096",23,23,0,0.09153599664568901,0.09305600076913834,498.21709639021896,245.05506928411677,"critical_wave","release_lpt","release_lpt_critical_wave",128,2,"1;1;2;1;1;1;1;1;1;2;1;1;1;1;1;1;1;1;1;1;1;1;1"
"4",4,"critical_wave_release_lpt",16,"case_000097",30,29,1,0.0976639986038208,0.11523199900984776,918.6649043518679,446.81520953303266,"critical_wave","release_lpt","release_lpt_critical_wave",128,13,"2;2;7;1;1;1;2;1;1;1;1;5;4;1;4;2;1;1;2;1;2;4;1;2;1;5;1;2;13;1"
"4",4,"critical_wave_release_lpt",16,"case_000098",45,43,2,0.9835679829120636,0.9863359928131104,3853.3945060011715,84.51619556981049,"critical_wave","release_lpt","release_lpt_critical_wave",176,1,"1;1;1;1;1;1;1;1;1;1;1;1;1;1;1;1;1;1;1;1;1;1;1;1;1;1;1;1;1;1;1;1;1;1;1;1;1;1;1;1;1;1;1;1;1"
"4",4,"critical_wave_release_lpt",16,"case_000099",7,7,0,0.07382400333881378,0.07507199794054031,732.9425034791053,358.5556838270663,"critical_wave","release_lpt","release_lpt_critical_wave",128,13,"1;13;3;1;1;1;2"
"4",8,"fa3_native_fifo",16,"case_000000",23,22,1,0.3771200031042099,0.3837567985057831,693.2371330293976,64.1002964600637,"fa3_native","fifo","fifo",128,1,"1;1;1;1;1;1;1;1;1;1;1;1;1;1;1;1;1;1;1;1;1;1;1"
"4",8,"fa3_native_fifo",16,"case_000001",39,38,1,0.5623680055141449,0.5731328010559082,2468.728677739616,56.957664173507716,"fa3_native","fifo","fifo",128,1,"1;1;1;1;1;1;1;1;1;1;1;1;1;1;1;1;1;1;1;1;1;1;1;1;1;1;1;1;1;1;1;1;1;1;1;1;1;1;1"
"4",8,"fa3_native_fifo",16,"case_000002",45,45,0,0.14256000518798828,0.14495039433240892,1285.2953319016756,316.2069469663445,"fa3_native","fifo","fifo",128,29,"4;2;1;1;1;1;1;1;1;1;1;1;1;1;1;1;2;1;1;5;1;1;1;1;1;1;1;1;2;1;1;1;1;1;1;1;2;1;1;1;1;2;1;1;1"
"4",8,"fa3_native_fifo",16,"case_000003",41,40,1,0.3494880050420761,0.3543103873729706,2760.6979595303724,129.04033142588253,"fa3_native","fifo","fifo",128,5,"1;1;1;1;1;1;1;1;1;1;1;1;1;1;1;1;1;1;1;1;1;1;1;1;1;1;1;1;1;1;1;1;1;1;1;1;1;1;1;1;1"
"4",8,"fa3_native_fifo",16,"case_000004",27,25,2,0.6211519837379456,0.6287616193294525,2227.2827231920573,40.049251473525175,"fa3_native","fifo","fifo",128,1,"1;1;1;1;1;1;1;1;1;1;1;1;1;1;1;1;1;1;1;1;1;1;1;1;1;1;1"
"4",8,"fa3_native_fifo",16,"case_000005",35,35,0,0.12265600264072418,0.12463360279798508,1071.1034426323313,263.68222756072237,"fa3_native","fifo","fifo",128,29,"1;1;1;1;1;1;1;1;2;2;1;2;1;1;1;1;2;1;1;1;1;1;1;1;1;2;4;1;1;6;1;2;1;1;1"
"4",8,"fa3_native_fifo",16,"case_000006",33,32,1,0.17423999309539795,0.17893759906291962,1215.668776180608,141.80459698751326,"fa3_native","fifo","fifo",128,5,"1;1;1;1;1;1;1;1;1;1;1;1;1;1;1;1;1;1;1;1;1;1;1;1;1;1;1;1;1;1;1;1;1"
"4",8,"fa3_native_fifo",16,"case_000007",34,34,0,0.11075200140476227,0.11310399696230888,712.898080527193,176.39525924774807,"fa3_native","fifo","fifo",128,29,"1;1;1;2;4;1;1;1;1;3;2;1;1;1;1;1;1;1;1;1;1;1;2;2;1;1;1;1;1;1;4;1;1;1"
"4",8,"fa3_native_fifo",16,"case_000008",32,32,0,0.11102400347590446,0.11230399832129478,843.9424344514405,208.24498555411736,"fa3_native","fifo","fifo",128,29,"1;1;1;2;3;1;1;1;1;2;1;6;3;1;1;1;1;1;1;2;1;1;1;1;1;1;1;1;2;1;1;1"
"4",8,"fa3_native_fifo",16,"case_000009",37,37,0,0.12932799756526947,0.13126720041036605,1092.517693708912,268.9160015985556,"fa3_native","fifo","fifo",128,29,"1;1;1;2;2;1;3;6;1;1;1;1;1;2;1;1;1;1;1;1;2;1;1;1;2;2;1;1;1;1;1;1;2;1;1;1;1"
"4",8,"fa3_native_fifo",16,"case_000010",29,27,2,0.5187839865684509,0.52945277094841,1133.4813695881342,49.63619669591007,"fa3_native","fifo","fifo",128,1,"1;1;1;1;1;1;1;1;1;1;1;1;1;1;1;1;1;1;1;1;1;1;1;1;1;1;1;1;1"
"4",8,"fa3_native_fifo",16,"case_000011",30,30,0,0.11124799773097038,0.11452799960970879,911.327912733982,224.5545853365544,"fa3_native","fifo","fifo",128,29,"1;1;1;1;1;1;1;1;3;5;1;3;1;1;2;2;1;1;3;2;3;1;1;1;1;1;2;1;2;1"
"4",8,"fa3_native_fifo",16,"case_000012",31,29,2,0.4200479984283447,0.43099520206451414,649.8261196751387,62.04471893096244,"fa3_native","fifo","fifo",128,1,"1;1;1;1;1;1;1;1;1;1;1;1;1;1;1;1;1;1;1;1;1;1;1;1;1;1;1;1;1;1;1"
"4",8,"fa3_native_fifo",16,"case_000013",38,38,0,0.1175840012729168,0.11991039663553238,923.0530138201653,227.826368468465,"fa3_native","fifo","fifo",128,29,"1;1;1;1;1;1;1;2;1;1;1;1;1;1;1;4;1;4;3;1;1;1;1;1;1;1;3;1;1;1;1;1;2;2;1;2;1;1"
"4",8,"fa3_native_fifo",16,"case_000014",26,26,0,0.11982400342822075,0.12193279713392258,1159.7767060357644,284.80811042541495,"fa3_native","fifo","fifo",128,29,"1;1;2;3;1;4;1;2;6;1;2;1;1;1;1;1;2;1;1;3;2;1;1;2;1;1"
"4",8,"fa3_native_fifo",16,"case_000015",44,44,0,0.13681600242853165,0.13946559727191926,1189.327778678516,292.8228225417386,"fa3_native","fifo","fifo",128,29,"1;1;1;1;1;6;1;1;6;2;1;1;1;1;1;1;2;2;1;1;1;2;1;1;1;1;1;1;1;1;1;1;1;1;1;1;2;1;1;2;1;1;1;1"
"4",8,"fa3_native_fifo",16,"case_000016",30,29,1,0.3800799995660782,0.38486080765724184,693.3452926459105,65.08642398506214,"fa3_native","fifo","fifo",128,1,"1;1;1;1;1;1;1;1;1;1;1;1;1;1;1;1;1;1;1;1;1;1;1;1;1;1;1;1;1;1"
"4",8,"fa3_native_fifo",16,"case_000017",32,32,0,0.11166400089859962,0.11296960264444351,839.2650524236705,207.09041243291153,"fa3_native","fifo","fifo",128,29,"1;1;1;2;1;1;3;1;1;1;4;1;3;1;3;2;1;1;1;2;1;1;2;1;1;1;1;1;1;1;3;1"
"4",8,"fa3_native_fifo",16,"case_000018",33,32,1,0.1892319992184639,0.19241919815540315,577.7005073322366,108.87697685957602,"fa3_native","fifo","fifo",128,3,"1;1;1;1;1;1;1;1;1;1;1;1;1;1;1;1;1;1;1;1;1;1;1;1;1;1;1;1;1;1;1;1;1"
"4",8,"fa3_native_fifo",16,"case_000019",46,44,2,1.0164639949798584,1.027897596359253,2644.118786658308,41.40339078201578,"fa3_native","fifo","fifo",128,1,"1;1;1;1;1;1;1;1;1;1;1;1;1;1;1;1;1;1;1;1;1;1;1;1;1;1;1;1;1;1;1;1;1;1;1;1;1;1;1;1;1;1;1;1;1;1"
"4",8,"fa3_native_fifo",16,"case_000020",39,38,1,0.39561600983142853,0.403142386674881,783.2991021067168,91.31327120809092,"fa3_native","fifo","fifo",128,1,"1;1;1;1;1;1;1;1;1;1;1;1;1;1;1;1;1;1;1;1;1;1;1;1;1;1;1;1;1;1;1;1;1;1;1;1;1;1;1"
"4",8,"fa3_native_fifo",16,"case_000021",29,29,0,0.11097600311040878,0.11298240274190903,934.2080476340027,230.07669482020822,"fa3_native","fifo","fifo",128,29,"2;1;1;1;1;1;1;1;2;2;1;2;1;1;1;1;2;1;2;2;2;1;1;2;6;1;1;1;1"
"4",8,"fa3_native_fifo",16,"case_000022",41,41,0,0.12407999858260155,0.12587519735097885,785.7886913747234,194.3700860372329,"fa3_native","fifo","fifo",128,29,"1;1;1;3;2;2;1;1;1;2;1;2;2;1;2;1;1;1;2;3;2;1;2;2;1;1;1;1;1;1;1;1;1;1;1;1;1;1;1;1;1"
"4",8,"fa3_native_fifo",16,"case_000023",42,41,1,0.19711999595165253,0.2011968046426773,882.0373791537835,127.94545717313143,"fa3_native","fifo","fifo",128,4,"1;1;1;1;1;1;1;1;1;1;1;1;1;1;1;1;1;1;1;1;1;1;1;1;1;1;1;1;1;1;1;1;1;1;1;1;1;1;1;1;1;1"
"4",8,"fa3_native_fifo",16,"case_000024",58,58,0,0.1581439971923828,0.15946879982948303,1286.0677719217042,316.7863269514793,"fa3_native","fifo","fifo",128,29,"1;1;2;1;4;1;1;4;1;1;1;1;1;1;1;1;1;1;1;1;2;1;1;2;1;1;1;1;3;1;1;1;1;1;1;1;1;1;1;1;1;2;1;1;1;1;1;1;1;1;1;1;1;1;1;1;1;1"
"4",8,"fa3_native_fifo",16,"case_000025",38,36,2,0.42025598883628845,0.427500793337822,636.8946451070493,59.30419711331891,"fa3_native","fifo","fifo",128,1,"1;1;1;1;1;1;1;1;1;1;1;1;1;1;1;1;1;1;1;1;1;1;1;1;1;1;1;1;1;1;1;1;1;1;1;1;1;1"
"4",8,"fa3_native_fifo",16,"case_000026",34,34,0,0.12467200309038162,0.1271711990237236,949.9733973965258,234.012827874832,"fa3_native","fifo","fifo",128,29,"2;2;2;1;1;1;1;1;1;1;4;1;1;1;1;1;5;1;1;1;1;1;3;1;1;2;1;1;1;1;3;1;1;2"
"4",8,"fa3_native_fifo",16,"case_000027",35,35,0,0.11955200135707855,0.12120639905333519,862.0994505994323,212.71252435201748,"fa3_native","fifo","fifo",128,29,"2;3;1;1;4;2;1;1;1;2;1;1;1;1;1;1;1;1;1;1;1;1;1;2;1;1;1;1;1;1;1;6;2;1;1"
"4",8,"fa3_native_fifo",16,"case_000028",38,37,1,0.3951520025730133,0.4011263966560364,709.0824925282457,73.05729393251865,"fa3_native","fifo","fifo",128,1,"1;1;1;1;1;1;1;1;1;1;1;1;1;1;1;1;1;1;1;1;1;1;1;1;1;1;1;1;1;1;1;1;1;1;1;1;1;1"
"4",8,"fa3_native_fifo",16,"case_000029",41,40,1,0.40860798954963684,0.41259841024875643,2058.7532956641076,86.84815007928064,"fa3_native","fifo","fifo",128,4,"1;1;1;1;1;1;1;1;1;1;1;1;1;1;1;1;1;1;1;1;1;1;1;1;1;1;1;1;1;1;1;1;1;1;1;1;1;1;1;1;1"
"4",8,"fa3_native_fifo",16,"case_000030",39,38,1,0.2147199958562851,0.21614400595426558,691.0406905340704,164.24113580741638,"fa3_native","fifo","fifo",128,1,"1;1;1;1;1;1;1;1;1;1;1;1;1;1;1;1;1;1;1;1;1;1;1;1;1;1;1;1;1;1;1;1;1;1;1;1;1;1;1"
"4",8,"fa3_native_fifo",16,"case_000031",30,28,2,1.5952800512313843,1.6261119723320008,3544.812744893897,19.489693973168347,"fa3_native","fifo","fifo",128,1,"1;1;1;1;1;1;1;1;1;1;1;1;1;1;1;1;1;1;1;1;1;1;1;1;1;1;1;1;1;1"
"4",8,"fa3_native_fifo",16,"case_000032",30,30,0,0.11880000308156013,0.12099199742078781,964.4383426601452,237.3898928322287,"fa3_native","fifo","fifo",128,29,"3;1;3;1;1;1;1;1;2;1;1;3;1;1;1;2;1;1;1;4;1;1;2;1;2;3;1;4;1;1"
"4",8,"fa3_native_fifo",16,"case_000033",30,30,0,0.11011199653148651,0.11192320212721825,619.6899422170419,153.3751864645443,"fa3_native","fifo","fifo",128,26,"2;3;3;1;1;1;2;2;1;1;2;4;1;1;2;1;1;1;1;1;2;3;2;1;1;1;1;3;1;1"
"4",8,"fa3_native_fifo",16,"case_000034",36,35,1,0.7977920174598694,0.8046528220176696,3449.9233258854306,38.58064172915626,"fa3_native","fifo","fifo",128,1,"1;1;1;1;1;1;1;1;1;1;1;1;1;1;1;1;1;1;1;1;1;1;1;1;1;1;1;1;1;1;1;1;1;1;1;1"
"4",8,"fa3_native_fifo",16,"case_000035",37,36,1,0.2032800018787384,0.20575999468564987,565.8457109451197,113.8575353507058,"fa3_native","fifo","fifo",128,3,"1;1;1;1;1;1;1;1;1;1;1;1;1;1;1;1;1;1;1;1;1;1;1;1;1;1;1;1;1;1;1;1;1;1;1;1;1"
"4",8,"fa3_native_fifo",16,"case_000036",35,35,0,0.13440000265836716,0.13598079979419708,1270.1178872586333,312.07904144627474,"fa3_native","fifo","fifo",128,29,"2;2;1;2;1;1;1;1;1;1;1;6;1;1;6;1;1;2;1;2;1;1;1;1;1;1;1;1;1;1;1;1;1;1;1"
"4",8,"fa3_native_fifo",16,"case_000037",37,35,2,0.2845120131969452,0.29003200829029085,2070.2795917452822,98.6741603088886,"fa3_native","fifo","fifo",128,4,"1;1;1;1;1;1;1;1;1;1;1;1;1;1;1;1;1;1;1;1;1;1;1;1;1;1;1;1;1;1;1;1;1;1;1;1;1"
"4",8,"fa3_native_fifo",16,"case_000038",28,28,0,0.10705600306391716,0.10836159810423851,734.7823433407541,181.39051939391044,"fa3_native","fifo","fifo",128,28,"1;1;1;2;2;1;2;1;2;2;1;1;1;1;3;1;3;1;2;1;1;1;2;3;3;1;1;1"
"4",8,"fa3_native_fifo",16,"case_000039",24,23,1,0.49355199933052063,0.5004704236984253,2144.2477038843517,36.85103904891685,"fa3_native","fifo","fifo",128,1,"1;1;1;1;1;1;1;1;1;1;1;1;1;1;1;1;1;1;1;1;1;1;1;1"
"4",8,"fa3_native_fifo",16,"case_000040",38,38,0,0.11960000172257423,0.12106239795684814,770.5192343873196,190.54501397802733,"fa3_native","fifo","fifo",128,25,"2;2;1;1;1;1;1;2;3;1;1;2;1;1;1;2;1;1;1;1;1;2;1;1;1;2;1;1;1;1;1;1;1;2;1;2;1;2"
"4",8,"fa3_native_fifo",16,"case_000041",40,40,0,0.12432000041007996,0.12610240578651427,890.5072979634879,219.86975474449662,"fa3_native","fifo","fifo",128,29,"2;2;1;1;1;1;1;1;1;2;1;1;1;1;1;1;1;2;1;1;1;1;2;5;1;2;1;1;2;1;1;1;1;1;2;1;1;1;1;1"
"4",8,"fa3_native_fifo",16,"case_000042",43,40,3,1.7611039876937866,1.815887999534607,3483.589692932273,21.208514807187143,"fa3_native","fifo","fifo",128,1,"1;1;1;1;1;1;1;1;1;1;1;1;1;1;1;1;1;1;1;1;1;1;1;1;1;1;1;1;1;1;1;1;1;1;1;1;1;1;1;1;1;1;1"
"4",8,"fa3_native_fifo",16,"case_000043",49,49,0,0.14601599425077438,0.14794560074806212,1235.5566982213882,304.2160978865808,"fa3_native","fifo","fifo",128,29,"1;2;1;1;1;1;1;2;1;1;1;1;2;1;4;1;1;1;1;1;1;1;1;1;2;1;1;1;1;1;1;1;1;1;1;1;2;1;1;1;1;1;1;2;1;1;1;1;1"
"4",8,"fa3_native_fifo",16,"case_000044",32,31,1,0.34302400052547455,0.34911999106407166,593.7184374504876,65.54559437694581,"fa3_native","fifo","fifo",128,5,"1;1;1;1;1;1;1;1;1;1;1;1;1;1;1;1;1;1;1;1;1;1;1;1;1;1;1;1;1;1;1;1"
"4",8,"fa3_native_fifo",16,"case_000045",25,25,0,0.0987359993159771,0.10017920210957527,557.9520660919218,138.1552432193055,"fa3_native","fifo","fifo",128,27,"1;1;1;2;1;3;2;1;2;1;1;2;1;2;2;1;2;2;1;1;2;1;4;1;1"
"4",8,"fa3_native_fifo",16,"case_000046",35,33,2,0.5284959971904755,0.534796804189682,1909.1951996380876,61.059732091725984,"fa3_native","fifo","fifo",128,1,"1;1;1;1;1;1;1;1;1;1;1;1;1;1;1;1;1;1;1;1;1;1;1;1;1;1;1;1;1;1;1;1;1;1;1"
"4",8,"fa3_native_fifo",16,"case_000047",46,46,0,0.13729599863290787,0.13895999938249587,1035.1763002504179,255.29099426790518,"fa3_native","fifo","fifo",128,29,"2;1;1;2;1;1;1;1;1;1;1;2;1;1;3;1;2;1;3;1;1;1;1;1;1;1;1;1;1;1;1;1;1;1;1;2;1;3;1;1;1;1;1;1;1;1"
"4",8,"fa3_native_fifo",16,"case_000048",49,47,2,0.4768479913473129,0.48779198825359343,722.1552001656355,84.33875937354648,"fa3_native","fifo","fifo",128,1,"1;1;1;1;1;1;1;1;1;1;1;1;1;1;1;1;1;1;1;1;1;1;1;1;1;1;1;1;1;1;1;1;1;1;1;1;1;1;1;1;1;1;1;1;1;1;1;1;1"
"4",8,"fa3_native_fifo",16,"case_000049",49,49,0,0.1412160024046898,0.1435359984636307,1158.7688685525743,285.5563060370331,"fa3_native","fifo","fifo",128,29,"1;3;1;6;1;1;1;1;1;1;2;1;1;1;1;1;1;1;1;1;1;1;1;1;3;1;2;1;1;1;1;1;1;1;1;1;1;1;1;1;1;1;1;1;1;2;1;1;1"
"4",8,"fa3_native_fifo",16,"case_000050",37,37,0,0.11892800033092499,0.12035520002245903,768.746403349948,190.06161658401606,"fa3_native","fifo","fifo",128,29,"2;5;1;2;1;1;1;1;2;1;1;1;1;2;1;2;2;1;1;1;1;1;1;1;4;1;1;1;1;1;1;1;2;2;1;1;1"
"4",8,"fa3_native_fifo",16,"case_000051",42,40,2,0.3195360004901886,0.3234944105148315,2013.4478547050437,100.29022066633769,"fa3_native","fifo","fifo",128,3,"1;1;1;1;1;1;1;1;1;1;1;1;1;1;1;1;1;1;1;1;1;1;1;1;1;1;1;1;1;1;1;1;1;1;1;1;1;1;1;1;1;1"
"4",8,"fa3_native_fifo",16,"case_000052",36,36,0,0.11851200088858604,0.12036160007119179,862.7513066134335,212.9558509751789,"fa3_native","fifo","fifo",128,29,"1;2;1;1;4;1;1;2;1;1;3;1;1;1;1;1;1;1;1;1;2;1;2;2;1;2;2;1;1;1;1;2;1;1;1;1"
"4",8,"fa3_native_fifo",16,"case_000053",22,22,0,0.09211200103163719,0.09485759884119034,511.8256812573996,126.78408751525122,"fa3_native","fifo","fifo",128,29,"4;1;2;1;1;2;1;1;1;3;2;5;1;2;1;2;1;1;1;1;1;1"
"4",8,"fa3_native_fifo",16,"case_000054",22,22,0,0.09344000369310379,0.09476479887962341,549.1248878855394,135.86437819176746,"fa3_native","fifo","fifo",128,29,"4;1;2;1;1;2;1;1;1;3;2;5;1;2;1;2;1;1;1;1;1;3"
"4",8,"fa3_native_fifo",16,"case_000055",22,21,1,0.2040639966726303,0.20586879551410675,379.79529551375725,63.34765667036358,"fa3_native","fifo","fifo",128,5,"1;1;1;1;1;1;1;1;1;1;1;1;1;1;1;1;1;1;1;1;1;1"
"4",8,"fa3_native_fifo",16,"case_000056",41,41,0,0.12831999361515045,0.12963199615478516,996.844897480554,245.81397731830785,"fa3_native","fifo","fifo",128,29,"1;2;1;1;1;1;1;1;1;1;1;1;1;2;1;4;1;2;2;1;1;1;1;1;2;3;1;1;2;1;2;2;1;1;3;1;1;1;1;1;1"
"4",8,"fa3_native_fifo",16,"case_000057",38,37,1,1.000768005847931,1.0525440335273746,3847.2814642488206,31.429238161296112,"fa3_native","fifo","fifo",128,1,"1;1;1;1;1;1;1;1;1;1;1;1;1;1;1;1;1;1;1;1;1;1;1;1;1;1;1;1;1;1;1;1;1;1;1;1;1;1"
"4",8,"fa3_native_fifo",16,"case_000058",22,22,0,0.10019200295209885,0.1013919971883297,761.3667076849471,187.55987949441766,"fa3_native","fifo","fifo",128,29,"1;6;2;1;4;5;1;2;1;1;1;1;1;1;1;5;1;1;2;1;1;1"
"4",8,"fa3_native_fifo",16,"case_000059",28,28,0,0.10902400314807892,0.10985920205712318,893.9378479767125,220.21073623018074,"fa3_native","fifo","fifo",128,29,"5;1;3;4;1;1;1;1;1;1;4;1;1;1;1;1;1;1;2;1;1;1;1;1;2;3;1;2"
"4",8,"fa3_native_fifo",16,"case_000060",36,36,0,0.12468800321221352,0.12657599598169328,877.2030796727545,216.3690435725686,"fa3_native","fifo","fifo",128,29,"4;4;1;1;1;1;1;2;1;1;1;2;1;1;2;2;1;2;1;1;1;1;1;2;1;1;1;1;1;1;2;1;1;2;1;1"
"4",8,"fa3_native_fifo",16,"case_000061",39,36,3,1.1227840185165405,1.1393407702445983,2738.725559188835,29.02459552555514,"fa3_native","fifo","fifo",128,1,"1;1;1;1;1;1;1;1;1;1;1;1;1;1;1;1;1;1;1;1;1;1;1;1;1;1;1;1;1;1;1;1;1;1;1;1;1;1;1"
"4",8,"fa3_native_fifo",16,"case_000062",41,39,2,0.4562080055475235,0.46360319256782534,1327.9555634121614,71.12993986384498,"fa3_native","fifo","fifo",128,1,"1;1;1;1;1;1;1;1;1;1;1;1;1;1;1;1;1;1;1;1;1;1;1;1;1;1;1;1;1;1;1;1;1;1;1;1;1;1;1;1;1"
"4",8,"fa3_native_fifo",16,"case_000063",33,31,2,0.2226559966802597,0.22459199726581575,1021.6526740425659,106.69646609210871,"fa3_native","fifo","fifo",128,3,"1;1;1;1;1;1;1;1;1;1;1;1;1;1;1;1;1;1;1;1;1;1;1;1;1;1;1;1;1;1;1;1;1"
"4",8,"fa3_native_fifo",16,"case_000064",33,33,0,0.11931199952960014,0.12065920233726501,865.1299119531731,213.328685298627,"fa3_native","fifo","fifo",128,29,"1;2;1;1;2;1;1;1;2;1;2;1;1;1;4;3;1;1;2;2;1;2;1;1;1;1;1;1;2;4;1;1;2"
"4",8,"fa3_native_fifo",16,"case_000065",34,34,0,0.1098720021545887,0.11161600053310394,703.7484970484877,174.18027909488438,"fa3_native","fifo","fifo",128,29,"1;1;1;2;2;1;1;3;1;1;1;1;2;1;1;1;1;1;2;6;1;1;1;1;2;2;1;1;1;1;1;1;1;1"
"4",8,"fa3_native_fifo",16,"case_000066",54,54,0,0.14953599870204926,0.15189119428396225,1177.1429025777973,290.1502272135185,"fa3_native","fifo","fifo",128,29,"2;3;1;1;1;1;1;1;1;1;1;1;5;1;1;1;1;1;1;3;1;1;3;1;1;1;1;1;1;1;1;1;1;1;1;1;1;1;2;1;1;1;1;1;1;1;1;1;1;1;1;1;1;1"
"4",8,"fa3_native_fifo",16,"case_000067",37,37,0,0.12489599734544754,0.12625599950551986,1017.0075419845301,250.5585500345953,"fa3_native","fifo","fifo",128,29,"4;2;1;1;7;1;1;1;4;1;1;1;2;1;1;1;1;1;1;1;1;2;1;1;1;1;1;1;1;1;1;1;1;2;1;1;1"
"4",8,"fa3_native_fifo",16,"case_000068",33,33,0,0.11027199774980545,0.1121663972735405,731.6922911931407,180.92455389505446,"fa3_native","fifo","fifo",128,29,"5;1;1;1;2;1;1;1;1;1;1;1;1;1;3;2;2;1;1;2;1;2;1;1;2;1;2;1;1;1;1;2;3"
"4",8,"fa3_native_fifo",16,"case_000069",34,33,1,0.23652800172567368,0.23960959911346436,1401.046722917585,108.17750039454498,"fa3_native","fifo","fifo",128,5,"1;1;1;1;1;1;1;1;1;1;1;1;1;1;1;1;1;1;1;1;1;1;1;1;1;1;1;1;1;1;1;1;1;1"
"4",8,"fa3_native_fifo",16,"case_000070",34,33,1,0.39000000059604645,0.39684160947799685,633.1493445092656,53.1186870983046,"fa3_native","fifo","fifo",128,1,"1;1;1;1;1;1;1;1;1;1;1;1;1;1;1;1;1;1;1;1;1;1;1;1;1;1;1;1;1;1;1;1;1;1"
"4",8,"fa3_native_fifo",16,"case_000071",28,28,0,0.1096160002052784,0.11166080087423325,916.6837221192585,225.75332026034266,"fa3_native","fifo","fifo",128,29,"1;1;1;1;2;1;1;1;1;1;2;1;4;5;1;1;1;1;1;1;2;3;5;3;1;1;2;1"
"4",8,"fa3_native_fifo",16,"case_000072",36,34,2,0.4562879949808121,0.461833593249321,673.3988959690274,55.738691965957834,"fa3_native","fifo","fifo",128,1,"1;1;1;1;1;1;1;1;1;1;1;1;1;1;1;1;1;1;1;1;1;1;1;1;1;1;1;1;1;1;1;1;1;1;1;1"
"4",8,"fa3_native_fifo",16,"case_000073",34,33,1,0.5517280101776123,0.5591872096061706,2480.6712090607875,49.279122137096905,"fa3_native","fifo","fifo",128,1,"1;1;1;1;1;1;1;1;1;1;1;1;1;1;1;1;1;1;1;1;1;1;1;1;1;1;1;1;1;1;1;1;1;1"
"4",8,"fa3_native_fifo",16,"case_000074",33,33,0,0.11057600006461143,0.11224319785833359,691.7255571128148,171.16075811153468,"fa3_native","fifo","fifo",128,29,"6;3;1;2;1;1;2;1;1;1;1;1;1;1;1;1;1;1;1;3;1;1;1;1;3;1;1;1;1;1;1;1;1"
"4",8,"fa3_native_fifo",16,"case_000075",34,33,1,0.21412800252437592,0.21841280162334442,693.8357033946885,139.07643862044566,"fa3_native","fifo","fifo",128,5,"1;1;1;1;1;1;1;1;1;1;1;1;1;1;1;1;1;1;1;1;1;1;1;1;1;1;1;1;1;1;1;1;1;1"
"4",8,"fa3_native_fifo",16,"case_000076",39,36,3,1.1770560145378113,1.1990431785583495,1921.8208939701515,30.277790997052975,"fa3_native","fifo","fifo",128,1,"1;1;1;1;1;1;1;1;1;1;1;1;1;1;1;1;1;1;1;1;1;1;1;1;1;1;1;1;1;1;1;1;1;1;1;1;1;1;1"
"4",8,"fa3_native_fifo",16,"case_000077",40,40,0,0.14342399686574936,0.14537919759750367,1256.5764272815252,308.9143307132345,"fa3_native","fifo","fifo",128,29,"1;2;1;5;1;1;2;3;2;1;1;1;1;1;1;1;2;1;1;1;1;2;1;1;1;1;1;1;1;1;1;1;1;2;1;1;1;2;1;1"
"4",8,"fa3_native_fifo",16,"case_000078",42,41,1,0.5196640193462372,0.5276032209396362,2173.35323267687,68.67477191300836,"fa3_native","fifo","fifo",128,1,"1;1;1;1;1;1;1;1;1;1;1;1;1;1;1;1;1;1;1;1;1;1;1;1;1;1;1;1;1;1;1;1;1;1;1;1;1;1;1;1;1;1"
"4",8,"fa3_native_fifo",16,"case_000079",36,35,1,0.17216000705957413,0.17490560412406922,1789.1521407606172,125.31114727786168,"fa3_native","fifo","fifo",128,5,"1;1;1;1;1;1;1;1;1;1;1;1;1;1;1;1;1;1;1;1;1;1;1;1;1;1;1;1;1;1;1;1;1;1;1;1"
"4",8,"fa3_native_fifo",16,"case_000080",34,32,2,0.43376000225543976,0.4460927903652191,814.9649946557902,67.22950905654714,"fa3_native","fifo","fifo",128,1,"1;1;1;1;1;1;1;1;1;1;1;1;1;1;1;1;1;1;1;1;1;1;1;1;1;1;1;1;1;1;1;1;1;1"
"4",8,"fa3_native_fifo",16,"case_000081",35,35,0,0.12134400010108948,0.12363520190119744,1116.9560834576698,274.90031622668175,"fa3_native","fifo","fifo",128,29,"1;1;1;1;4;1;2;2;1;1;1;1;1;1;1;1;1;4;1;2;1;2;1;3;2;1;1;1;1;1;1;1;1;1;1"
"4",8,"fa3_native_fifo",16,"case_000082",33,31,2,0.9484319984912872,0.9604768216609955,2512.5186180966784,36.315805513510846,"fa3_native","fifo","fifo",128,1,"1;1;1;1;1;1;1;1;1;1;1;1;1;1;1;1;1;1;1;1;1;1;1;1;1;1;1;1;1;1;1;1;1"
"4",8,"fa3_native_fifo",16,"case_000083",30,30,0,0.1090880036354065,0.11015359684824944,930.6150138680343,229.3041871368626,"fa3_native","fifo","fifo",128,29,"1;1;1;1;5;1;3;1;1;1;1;1;1;1;1;1;1;1;1;1;2;1;1;1;6;1;1;3;1;1"
"4",8,"fa3_native_fifo",16,"case_000084",24,23,1,0.40668798983097076,0.41368001103401186,1414.9035953758066,63.0372192959402,"fa3_native","fifo","fifo",128,1,"1;1;1;1;1;1;1;1;1;1;1;1;1;1;1;1;1;1;1;1;1;1;1;1"
"4",8,"fa3_native_fifo",16,"case_000085",44,44,0,0.1401599943637848,0.14213439524173738,1188.2552587418834,292.5022948673365,"fa3_native","fifo","fifo",128,29,"4;1;1;1;2;1;1;2;1;1;1;1;1;1;1;1;3;1;1;1;1;1;3;1;1;3;1;3;1;1;1;1;1;2;1;1;1;1;1;1;1;1;1;1"
"4",8,"fa3_native_fifo",16,"case_000086",35,35,0,0.12457600235939026,0.12727999389171601,1043.7455831090806,256.96942744757285,"fa3_native","fifo","fifo",128,29,"5;1;1;1;1;1;1;1;1;1;1;1;3;1;2;1;1;2;2;1;2;1;3;1;1;1;1;1;4;1;1;1;2;1;1"
"4",8,"fa3_native_fifo",16,"case_000087",35,35,0,0.12299199774861336,0.12467840313911438,965.9345419433145,238.0002645361537,"fa3_native","fifo","fifo",128,29,"1;3;4;1;2;3;1;3;1;1;1;3;2;1;1;1;1;1;1;1;1;1;1;1;1;1;1;1;1;1;4;1;1;1;1"
"4",8,"fa3_native_fifo",16,"case_000088",38,38,0,0.12755200266838074,0.12951679527759552,1037.0566205527007,255.46612611577325,"fa3_native","fifo","fifo",128,29,"4;1;1;1;1;1;1;2;1;1;1;1;3;7;2;1;2;1;1;1;1;1;1;1;1;1;1;1;1;1;1;1;2;1;1;1;1;1"
"4",8,"fa3_native_fifo",16,"case_000089",40,39,1,0.6711040139198303,0.678873610496521,2933.647051110008,59.687296110830765,"fa3_native","fifo","fifo",128,1,"1;1;1;1;1;1;1;1;1;1;1;1;1;1;1;1;1;1;1;1;1;1;1;1;1;1;1;1;1;1;1;1;1;1;1;1;1;1;1;1"
"4",8,"fa3_native_fifo",16,"case_000090",42,41,1,0.5714719891548157,0.5811680018901825,2492.6880092282054,71.5416201946588,"fa3_native","fifo","fifo",128,1,"1;1;1;1;1;1;1;1;1;1;1;1;1;1;1;1;1;1;1;1;1;1;1;1;1;1;1;1;1;1;1;1;1;1;1;1;1;1;1;1;1;1"
"4",8,"fa3_native_fifo",16,"case_000091",43,43,0,0.13945599645376205,0.1421952024102211,1230.5529087585576,302.7861481309641,"fa3_native","fifo","fifo",128,29,"3;1;2;1;1;2;1;1;1;1;1;1;1;1;3;1;1;3;1;1;2;1;1;1;1;1;1;1;1;1;2;1;1;1;1;1;1;1;1;1;2;2;1"
"4",8,"fa3_native_fifo",16,"case_000092",31,31,0,0.11819199845194817,0.11997439712285995,847.8326424841688,208.9963476676694,"fa3_native","fifo","fifo",128,29,"5;2;1;1;1;2;3;2;1;1;3;2;2;1;1;2;1;2;1;1;1;1;1;2;1;2;2;1;1;1;1"
"4",8,"fa3_native_fifo",16,"case_000093",31,31,0,0.11472000181674957,0.11700799688696861,821.6918631380026,202.67503165786457,"fa3_native","fifo","fifo",128,29,"5;1;1;1;2;1;3;2;2;1;1;2;1;2;1;1;1;1;1;2;1;2;2;1;1;1;1;1;1;2;1"
"4",8,"fa3_native_fifo",16,"case_000094",22,22,0,0.09889600053429604,0.09991040080785751,676.4277899064402,166.84484621072096,"fa3_native","fifo","fifo",128,29,"2;1;2;2;2;2;1;2;2;2;1;1;4;6;1;1;1;1;1;1;3;2"
"4",8,"fa3_native_fifo",16,"case_000095",35,35,0,0.11937600001692772,0.1212959997355938,754.2492211770564,186.3852030294609,"fa3_native","fifo","fifo",128,26,"1;3;1;1;2;1;1;2;1;1;1;2;3;1;2;1;2;1;2;1;1;3;1;2;1;1;1;1;1;2;1;1;1;1;2"
"4",8,"fa3_native_fifo",16,"case_000096",23,23,0,0.094224002212286,0.09645119681954384,484.00404772929005,120.0319211077333,"fa3_native","fifo","fifo",128,29,"1;1;4;1;1;2;2;1;1;7;1;2;1;1;3;1;1;3;1;1;1;2;1"
"4",8,"fa3_native_fifo",16,"case_000097",30,29,1,0.11308799684047699,0.11522559821605682,793.3687963591801,194.13243326759596,"fa3_native","fifo","fifo",128,8,"1;1;4;1;1;1;1;1;1;1;1;3;2;1;2;1;1;1;1;1;1;2;1;1;1;3;1;1;7;1"
"4",8,"fa3_native_fifo",16,"case_000098",45,43,2,1.2179200053215027,1.2283551931381225,3111.924793969952,35.99332616958538,"fa3_native","fifo","fifo",128,1,"1;1;1;1;1;1;1;1;1;1;1;1;1;1;1;1;1;1;1;1;1;1;1;1;1;1;1;1;1;1;1;1;1;1;1;1;1;1;1;1;1;1;1;1;1"
"4",8,"fa3_native_fifo",16,"case_000099",7,7,0,0.07257600128650665,0.07426239922642708,745.5460326395788,182.7557286828089,"fa3_native","fifo","fifo",128,29,"1;17;6;1;2;2;3"
"4",8,"critical_wave_fifo",16,"case_000000",23,22,1,0.3874719887971878,0.4030367910861969,674.7161015988711,62.38774595046404,"critical_wave","fifo","fifo_critical_wave",176,1,"1;1;1;1;1;1;1;1;1;1;1;1;1;1;1;1;1;1;1;1;1;1;1"
"4",8,"critical_wave_fifo",16,"case_000001",39,38,1,0.5633279979228973,0.5699744284152984,2464.52160690586,56.86060007332372,"critical_wave","fifo","fifo_critical_wave",176,1,"1;1;1;1;1;1;1;1;1;1;1;1;1;1;1;1;1;1;1;1;1;1;1;1;1;1;1;1;1;1;1;1;1;1;1;1;1;1;1"
"4",8,"critical_wave_fifo",16,"case_000002",45,45,0,0.14769600331783295,0.1496992066502571,1240.6003213891736,305.2111295320148,"critical_wave","fifo","fifo_critical_wave",128,3,"3;1;1;1;1;1;1;1;1;1;1;1;1;1;1;1;1;1;1;2;1;1;1;1;1;1;1;1;1;1;1;1;1;1;1;1;1;1;1;1;1;1;1;1;1"
"4",8,"critical_wave_fifo",16,"case_000003",41,40,1,0.34569600224494934,0.3488928109407425,2790.980561344042,130.45579846782533,"critical_wave","fifo","fifo_critical_wave",176,1,"1;1;1;1;1;1;1;1;1;1;1;1;1;1;1;1;1;1;1;1;1;1;1;1;1;1;1;1;1;1;1;1;1;1;1;1;1;1;1;1;1"
"4",8,"critical_wave_fifo",16,"case_000004",27,25,2,0.645007997751236,0.6522591948509217,2144.90531385562,38.56800549253706,"critical_wave","fifo","fifo_critical_wave",176,1,"1;1;1;1;1;1;1;1;1;1;1;1;1;1;1;1;1;1;1;1;1;1;1;1;1;1;1"
"4",8,"critical_wave_fifo",16,"case_000005",35,35,0,0.12825600057840347,0.12992320507764815,1024.3362189333861,252.16916053942492,"critical_wave","fifo","fifo_critical_wave",128,4,"1;1;1;1;1;1;1;1;1;1;1;1;1;1;1;1;1;1;1;1;1;1;1;1;1;1;4;1;1;2;1;2;1;1;1"
"4",8,"critical_wave_fifo",16,"case_000006",33,32,1,0.17159999907016754,0.17388160526752472,1234.3713305114134,143.98620124640468,"critical_wave","fifo","fifo_critical_wave",176,1,"1;1;1;1;1;1;1;1;1;1;1;1;1;1;1;1;1;1;1;1;1;1;1;1;1;1;1;1;1;1;1;1;1"
"4",8,"critical_wave_fifo",16,"case_000007",34,34,0,0.10872000083327293,0.11003200262784958,726.2223014243801,179.69212518641848,"critical_wave","fifo","fifo_critical_wave",176,1,"1;1;1;1;1;1;1;1;1;1;1;1;1;1;1;1;1;1;1;1;1;1;1;1;1;1;1;1;1;1;1;1;1;1"
"4",8,"critical_wave_fifo",16,"case_000008",32,32,0,0.10904000326991081,0.11065920069813728,859.2981013038504,212.0340361946773,"critical_wave","fifo","fifo_critical_wave",128,2,"1;1;1;1;1;1;1;1;1;1;1;2;1;1;1;1;1;1;1;1;1;1;1;1;1;1;1;1;1;1;1;1"
"4",8,"critical_wave_fifo",16,"case_000009",37,37,0,0.13142400234937668,0.1342176005244255,1075.0937660259906,264.62721708585184,"critical_wave","fifo","fifo_critical_wave",128,2,"1;1;1;1;1;1;1;2;1;1;1;1;1;1;1;1;1;1;1;1;1;1;1;1;1;1;1;1;1;1;1;1;1;1;1;1;1"
"4",8,"critical_wave_fifo",16,"case_000010",29,27,2,0.5542719960212708,0.5571423888206481,1060.9087015708326,46.45817249445126,"critical_wave","fifo","fifo_critical_wave",176,1,"1;1;1;1;1;1;1;1;1;1;1;1;1;1;1;1;1;1;1;1;1;1;1;1;1;1;1;1;1"
"4",8,"critical_wave_fifo",16,"case_000011",30,30,0,0.11219199746847153,0.11376640200614929,903.6598675096325,222.66515048918967,"critical_wave","fifo","fifo_critical_wave",128,2,"1;1;1;1;1;1;1;1;1;2;1;1;1;1;1;1;1;1;1;1;1;1;1;1;1;1;1;1;1;1"
"4",8,"critical_wave_fifo",16,"case_000012",31,29,2,0.42612800002098083,0.4326751947402954,640.5543894852266,61.15946382006538,"critical_wave","fifo","fifo_critical_wave",176,1,"1;1;1;1;1;1;1;1;1;1;1;1;1;1;1;1;1;1;1;1;1;1;1;1;1;1;1;1;1;1;1"
"4",8,"critical_wave_fifo",16,"case_000013",38,38,0,0.12831999361515045,0.1296736031770706,845.8250635323081,208.76509766937141,"critical_wave","fifo","fifo_critical_wave",176,1,"1;1;1;1;1;1;1;1;1;1;1;1;1;1;1;1;1;1;1;1;1;1;1;1;1;1;1;1;1;1;1;1;1;1;1;1;1;1"
"4",8,"critical_wave_fifo",16,"case_000014",26,26,0,0.13353599607944489,0.13501440584659577,1040.6863473525354,255.56291188854303,"critical_wave","fifo","fifo_critical_wave",128,2,"1;1;1;1;1;1;1;1;2;1;1;1;1;1;1;1;1;1;1;1;1;1;1;1;1;1"
"4",8,"critical_wave_fifo",16,"case_000015",44,44,0,0.13708800077438354,0.13840000331401825,1186.9680157040113,292.241828414542,"critical_wave","fifo","fifo_critical_wave",128,6,"1;1;1;1;1;6;1;1;6;2;1;1;1;1;1;1;2;2;1;1;1;2;1;1;1;1;1;1;1;1;1;1;1;1;1;1;2;1;1;2;1;1;1;1"
"4",8,"critical_wave_fifo",16,"case_000016",30,29,1,0.3912159949541092,0.3973503977060318,673.6091620152506,63.233733587252345,"critical_wave","fifo","fifo_critical_wave",176,1,"1;1;1;1;1;1;1;1;1;1;1;1;1;1;1;1;1;1;1;1;1;1;1;1;1;1;1;1;1;1"
"4",8,"critical_wave_fifo",16,"case_000017",32,32,0,0.11212799698114395,0.11311039701104164,835.792095561644,206.2334530410701,"critical_wave","fifo","fifo_critical_wave",176,1,"1;1;1;1;1;1;1;1;1;1;1;1;1;1;1;1;1;1;1;1;1;1;1;1;1;1;1;1;1;1;1;1"
"4",8,"critical_wave_fifo",16,"case_000018",33,32,1,0.1847200021147728,0.18736640363931656,591.8115022761647,111.53642141687858,"critical_wave","fifo","fifo_critical_wave",176,1,"1;1;1;1;1;1;1;1;1;1;1;1;1;1;1;1;1;1;1;1;1;1;1;1;1;1;1;1;1;1;1;1;1"
"4",8,"critical_wave_fifo",16,"case_000019",46,44,2,1.0474239587783813,1.0532256245613099,2565.9634024627703,40.17958119755454,"critical_wave","fifo","fifo_critical_wave",176,1,"1;1;1;1;1;1;1;1;1;1;1;1;1;1;1;1;1;1;1;1;1;1;1;1;1;1;1;1;1;1;1;1;1;1;1;1;1;1;1;1;1;1;1;1;1;1"
"4",8,"critical_wave_fifo",16,"case_000020",39,38,1,0.40216000378131866,0.4101151943206787,770.5531688041897,89.8274111307289,"critical_wave","fifo","fifo_critical_wave",176,1,"1;1;1;1;1;1;1;1;1;1;1;1;1;1;1;1;1;1;1;1;1;1;1;1;1;1;1;1;1;1;1;1;1;1;1;1;1;1;1"
"4",8,"critical_wave_fifo",16,"case_000021",29,29,0,0.1064319983124733,0.10912959650158882,974.0931002312097,239.89958287767732,"critical_wave","fifo","fifo_critical_wave",128,2,"1;1;1;1;1;1;1;1;1;1;1;1;1;1;1;1;1;1;1;1;1;1;1;1;2;1;1;1;1"
"4",8,"critical_wave_fifo",16,"case_000022",41,41,0,0.11177600175142288,0.11349759995937347,872.2861632573903,215.76581396814,"critical_wave","fifo","fifo_critical_wave",176,1,"1;1;1;1;1;1;1;1;1;1;1;1;1;1;1;1;1;1;1;1;1;1;1;1;1;1;1;1;1;1;1;1;1;1;1;1;1;1;1;1;1"
"4",8,"critical_wave_fifo",16,"case_000023",42,41,1,0.1939999982714653,0.1960799962282181,896.2227121502683,130.00313517894293,"critical_wave","fifo","fifo_critical_wave",176,1,"1;1;1;1;1;1;1;1;1;1;1;1;1;1;1;1;1;1;1;1;1;1;1;1;1;1;1;1;1;1;1;1;1;1;1;1;1;1;1;1;1;1"
"4",8,"critical_wave_fifo",16,"case_000024",58,58,0,0.1576479971408844,0.1592352047562599,1290.1140629794559,317.783016014021,"critical_wave","fifo","fifo_critical_wave",128,4,"1;1;2;1;4;1;1;4;1;1;1;1;1;1;1;1;1;1;1;1;2;1;1;2;1;1;1;1;3;1;1;1;1;1;1;1;1;1;1;1;1;2;1;1;1;1;1;1;1;1;1;1;1;1;1;1;1;1"
"4",8,"critical_wave_fifo",16,"case_000025",38,36,2,0.42766399681568146,0.43691199123859403,625.8623378562261,58.27692811546519,"critical_wave","fifo","fifo_critical_wave",176,1,"1;1;1;1;1;1;1;1;1;1;1;1;1;1;1;1;1;1;1;1;1;1;1;1;1;1;1;1;1;1;1;1;1;1;1;1;1;1"
"4",8,"critical_wave_fifo",16,"case_000026",34,34,0,0.14694399386644363,0.1486432060599327,805.9879360815851,198.54399783441858,"critical_wave","fifo","fifo_critical_wave",176,1,"1;1;1;1;1;1;1;1;1;1;1;1;1;1;1;1;1;1;1;1;1;1;1;1;1;1;1;1;1;1;1;1;1;1"
"4",8,"critical_wave_fifo",16,"case_000027",35,35,0,0.12641599774360657,0.12774720340967177,815.2901256772504,201.1628943638672,"critical_wave","fifo","fifo_critical_wave",128,2,"1;1;1;1;1;1;1;1;1;1;1;1;1;1;1;1;1;1;1;1;1;1;1;1;1;1;1;1;1;1;1;2;1;1;1"
"4",8,"critical_wave_fifo",16,"case_000028",38,37,1,0.4036799967288971,0.4123008012771606,694.1026783156988,71.51391258900458,"critical_wave","fifo","fifo_critical_wave",176,1,"1;1;1;1;1;1;1;1;1;1;1;1;1;1;1;1;1;1;1;1;1;1;1;1;1;1;1;1;1;1;1;1;1;1;1;1;1;1"
"4",8,"critical_wave_fifo",16,"case_000029",41,40,1,0.4076479971408844,0.4120832085609436,2063.601565615618,87.05267350482194,"critical_wave","fifo","fifo_critical_wave",176,1,"1;1;1;1;1;1;1;1;1;1;1;1;1;1;1;1;1;1;1;1;1;1;1;1;1;1;1;1;1;1;1;1;1;1;1;1;1;1;1;1;1"
"4",8,"critical_wave_fifo",16,"case_000030",39,38,1,0.21753600239753723,0.21957119554281235,682.0951592961692,162.11503204675628,"critical_wave","fifo","fifo_critical_wave",176,1,"1;1;1;1;1;1;1;1;1;1;1;1;1;1;1;1;1;1;1;1;1;1;1;1;1;1;1;1;1;1;1;1;1;1;1;1;1;1;1"
"4",8,"critical_wave_fifo",16,"case_000031",30,28,2,1.5973440408706665,1.6524319887161254,3540.232356078806,19.464510590375323,"critical_wave","fifo","fifo_critical_wave",176,1,"1;1;1;1;1;1;1;1;1;1;1;1;1;1;1;1;1;1;1;1;1;1;1;1;1;1;1;1;1;1"
"4",8,"critical_wave_fifo",16,"case_000032",30,30,0,0.14400000125169754,0.14558719843626022,795.6616464171685,195.84666496430006,"critical_wave","fifo","fifo_critical_wave",176,1,"1;1;1;1;1;1;1;1;1;1;1;1;1;1;1;1;1;1;1;1;1;1;1;1;1;1;1;1;1;1"
"4",8,"critical_wave_fifo",16,"case_000033",30,30,0,0.09619200229644775,0.09782719984650612,709.3655931780083,175.57018875594886,"critical_wave","fifo","fifo_critical_wave",176,1,"1;1;1;1;1;1;1;1;1;1;1;1;1;1;1;1;1;1;1;1;1;1;1;1;1;1;1;1;1;1"
"4",8,"critical_wave_fifo",16,"case_000034",36,35,1,0.803712010383606,0.8099520027637481,3424.5118334443414,38.29646391038657,"critical_wave","fifo","fifo_critical_wave",176,1,"1;1;1;1;1;1;1;1;1;1;1;1;1;1;1;1;1;1;1;1;1;1;1;1;1;1;1;1;1;1;1;1;1;1;1;1"
"4",8,"critical_wave_fifo",16,"case_000035",37,36,1,0.19809599965810776,0.20196800231933593,580.653407350582,116.83708928976705,"critical_wave","fifo","fifo_critical_wave",176,1,"1;1;1;1;1;1;1;1;1;1;1;1;1;1;1;1;1;1;1;1;1;1;1;1;1;1;1;1;1;1;1;1;1;1;1;1;1"
"4",8,"critical_wave_fifo",16,"case_000036",35,35,0,0.13259200006723404,0.13476800471544265,1287.4370047773652,316.3344996585884,"critical_wave","fifo","fifo_critical_wave",128,4,"1;2;1;1;1;1;1;1;1;1;1;4;1;1;4;1;1;1;1;2;1;1;1;1;1;1;1;1;1;1;1;1;1;1;1"
"4",8,"critical_wave_fifo",16,"case_000037",37,35,2,0.2815520018339157,0.2872288107872009,2092.0448467471942,99.71154109058874,"critical_wave","fifo","fifo_critical_wave",176,1,"1;1;1;1;1;1;1;1;1;1;1;1;1;1;1;1;1;1;1;1;1;1;1;1;1;1;1;1;1;1;1;1;1;1;1;1;1"
"4",8,"critical_wave_fifo",16,"case_000038",28,28,0,0.10294400155544281,0.1050496019423008,764.132534304433,188.63599341960193,"critical_wave","fifo","fifo_critical_wave",176,1,"1;1;1;1;1;1;1;1;1;1;1;1;1;1;1;1;1;1;1;1;1;1;1;1;1;1;1;1"
"4",8,"critical_wave_fifo",16,"case_000039",24,23,1,0.508864015340805,0.5178559958934784,2079.7260356545726,35.742169718601325,"critical_wave","fifo","fifo_critical_wave",176,1,"1;1;1;1;1;1;1;1;1;1;1;1;1;1;1;1;1;1;1;1;1;1;1;1"
"4",8,"critical_wave_fifo",16,"case_000040",38,38,0,0.10979200154542923,0.11407040059566498,839.3516873983657,207.5668871977928,"critical_wave","fifo","fifo_critical_wave",176,1,"1;1;1;1;1;1;1;1;1;1;1;1;1;1;1;1;1;1;1;1;1;1;1;1;1;1;1;1;1;1;1;1;1;1;1;1;1;1"
"4",8,"critical_wave_fifo",16,"case_000041",40,40,0,0.11552000045776367,0.11925759986042977,958.3437258423222,236.61883562746272,"critical_wave","fifo","fifo_critical_wave",128,2,"1;1;1;1;1;1;1;1;1;1;1;1;1;1;1;1;1;1;1;1;1;1;1;2;1;1;1;1;1;1;1;1;1;1;1;1;1;1;1;1"
"4",8,"critical_wave_fifo",16,"case_000042",43,40,3,1.8100320100784302,1.8290815472602844,3389.422764653851,20.635215174112627,"critical_wave","fifo","fifo_critical_wave",176,1,"1;1;1;1;1;1;1;1;1;1;1;1;1;1;1;1;1;1;1;1;1;1;1;1;1;1;1;1;1;1;1;1;1;1;1;1;1;1;1;1;1;1;1"
"4",8,"critical_wave_fifo",16,"case_000043",49,49,0,0.1428000032901764,0.14444799721240997,1263.3826021515993,311.0673317684426,"critical_wave","fifo","fifo_critical_wave",128,2,"1;1;1;1;1;1;1;1;1;1;1;1;1;1;2;1;1;1;1;1;1;1;1;1;1;1;1;1;1;1;1;1;1;1;1;1;1;1;1;1;1;1;1;1;1;1;1;1;1"
"4",8,"critical_wave_fifo",16,"case_000044",32,31,1,0.3404799997806549,0.34880639612674713,598.1545868515104,66.03533838840616,"critical_wave","fifo","fifo_critical_wave",176,1,"1;1;1;1;1;1;1;1;1;1;1;1;1;1;1;1;1;1;1;1;1;1;1;1;1;1;1;1;1;1;1;1"
"4",8,"critical_wave_fifo",16,"case_000045",25,25,0,0.0846559964120388,0.08696639910340309,650.7507695954039,161.13325196252902,"critical_wave","fifo","fifo_critical_wave",128,2,"1;1;1;1;1;1;1;1;1;1;1;1;1;1;1;1;1;1;1;1;1;1;2;1;1"
"4",8,"critical_wave_fifo",16,"case_000046",35,33,2,0.540912002325058,0.5478527784347534,1865.3718470414824,59.658177044124145,"critical_wave","fifo","fifo_critical_wave",176,1,"1;1;1;1;1;1;1;1;1;1;1;1;1;1;1;1;1;1;1;1;1;1;1;1;1;1;1;1;1;1;1;1;1;1;1"
"4",8,"critical_wave_fifo",16,"case_000047",46,46,0,0.1343039944767952,0.1358719989657402,1058.2378019185142,260.9783285787226,"critical_wave","fifo","fifo_critical_wave",176,1,"1;1;1;1;1;1;1;1;1;1;1;1;1;1;1;1;1;1;1;1;1;1;1;1;1;1;1;1;1;1;1;1;1;1;1;1;1;1;1;1;1;1;1;1;1;1"
"4",8,"critical_wave_fifo",16,"case_000048",49,47,2,0.4970719963312149,0.5053472101688385,692.7733993901019,80.90732991766104,"critical_wave","fifo","fifo_critical_wave",176,1,"1;1;1;1;1;1;1;1;1;1;1;1;1;1;1;1;1;1;1;1;1;1;1;1;1;1;1;1;1;1;1;1;1;1;1;1;1;1;1;1;1;1;1;1;1;1;1;1;1"
"4",8,"critical_wave_fifo",16,"case_000049",49,49,0,0.14179199934005737,0.14334720373153687,1154.0616402167575,284.3963001275477,"critical_wave","fifo","fifo_critical_wave",128,6,"1;3;1;6;1;1;1;1;1;1;2;1;1;1;1;1;1;1;1;1;1;1;1;1;3;1;2;1;1;1;1;1;1;1;1;1;1;1;1;1;1;1;1;1;1;2;1;1;1"
"4",8,"critical_wave_fifo",16,"case_000050",37,37,0,0.1335040032863617,0.13558719754219056,684.8144644463985,169.31063820997127,"critical_wave","fifo","fifo_critical_wave",176,1,"1;1;1;1;1;1;1;1;1;1;1;1;1;1;1;1;1;1;1;1;1;1;1;1;1;1;1;1;1;1;1;1;1;1;1;1;1"
"4",8,"critical_wave_fifo",16,"case_000051",42,40,2,0.31968000531196594,0.32404160797595977,2012.5408658578938,100.24504337932227,"critical_wave","fifo","fifo_critical_wave",176,1,"1;1;1;1;1;1;1;1;1;1;1;1;1;1;1;1;1;1;1;1;1;1;1;1;1;1;1;1;1;1;1;1;1;1;1;1;1;1;1;1;1;1"
"4",8,"critical_wave_fifo",16,"case_000052",36,36,0,0.1098560020327568,0.11202880293130875,930.7309725827472,229.73550405079004,"critical_wave","fifo","fifo_critical_wave",128,2,"1;1;1;1;2;1;1;1;1;1;1;1;1;1;1;1;1;1;1;1;1;1;1;1;1;1;1;1;1;1;1;1;1;1;1;1"
"4",8,"critical_wave_fifo",16,"case_000053",22,22,0,0.09454399719834328,0.09562559798359871,498.6597676962419,123.52276554903945,"critical_wave","fifo","fifo_critical_wave",176,1,"1;1;1;1;1;1;1;1;1;1;1;1;1;1;1;1;1;1;1;1;1;1"
"4",8,"critical_wave_fifo",16,"case_000054",22,22,0,0.09489599987864494,0.09776959791779519,540.6996250381115,133.77980121643543,"critical_wave","fifo","fifo_critical_wave",176,1,"1;1;1;1;1;1;1;1;1;1;1;1;1;1;1;1;1;1;1;1;1;1"
"4",8,"critical_wave_fifo",16,"case_000055",22,21,1,0.19782399386167526,0.20000959634780885,391.7752564140031,65.34584479696102,"critical_wave","fifo","fifo_critical_wave",176,1,"1;1;1;1;1;1;1;1;1;1;1;1;1;1;1;1;1;1;1;1;1;1"
"4",8,"critical_wave_fifo",16,"case_000056",41,41,0,0.14390400052070618,0.1454848051071167,888.8921115267706,219.19368388553826,"critical_wave","fifo","fifo_critical_wave",176,1,"1;1;1;1;1;1;1;1;1;1;1;1;1;1;1;1;1;1;1;1;1;1;1;1;1;1;1;1;1;1;1;1;1;1;1;1;1;1;1;1;1"
"4",8,"critical_wave_fifo",16,"case_000057",38,37,1,1.0158399939537048,1.0288032054901124,3790.199462345118,30.96292347929888,"critical_wave","fifo","fifo_critical_wave",176,1,"1;1;1;1;1;1;1;1;1;1;1;1;1;1;1;1;1;1;1;1;1;1;1;1;1;1;1;1;1;1;1;1;1;1;1;1;1;1"
"4",8,"critical_wave_fifo",16,"case_000058",22,22,0,0.1329760029911995,0.134796804189682,573.6588084170983,141.31873102881335,"critical_wave","fifo","fifo_critical_wave",176,1,"1;1;1;1;1;1;1;1;1;1;1;1;1;1;1;1;1;1;1;1;1;1"
"4",8,"critical_wave_fifo",16,"case_000059",28,28,0,0.13318399339914322,0.13435199558734895,731.7747445814834,180.26382440755413,"critical_wave","fifo","fifo_critical_wave",176,1,"1;1;1;1;1;1;1;1;1;1;1;1;1;1;1;1;1;1;1;1;1;1;1;1;1;1;1;1"
"4",8,"critical_wave_fifo",16,"case_000060",36,36,0,0.1226080022752285,0.12458240166306496,892.0845163961885,220.03966706380885,"critical_wave","fifo","fifo_critical_wave",128,2,"2;2;1;1;1;1;1;1;1;1;1;1;1;1;1;1;1;1;1;1;1;1;1;1;1;1;1;1;1;1;1;1;1;1;1;1"
"4",8,"critical_wave_fifo",16,"case_000061",39,36,3,1.1480799913406372,1.1573023557662965,2678.3824403814065,28.385088361261218,"critical_wave","fifo","fifo_critical_wave",176,1,"1;1;1;1;1;1;1;1;1;1;1;1;1;1;1;1;1;1;1;1;1;1;1;1;1;1;1;1;1;1;1;1;1;1;1;1;1;1;1"
"4",8,"critical_wave_fifo",16,"case_000062",41,39,2,0.4753279983997345,0.4804672062397003,1274.538762874479,68.26874938831317,"critical_wave","fifo","fifo_critical_wave",176,1,"1;1;1;1;1;1;1;1;1;1;1;1;1;1;1;1;1;1;1;1;1;1;1;1;1;1;1;1;1;1;1;1;1;1;1;1;1;1;1;1;1"
"4",8,"critical_wave_fifo",16,"case_000063",33,31,2,0.2189280018210411,0.22125120013952254,1039.049790377876,108.51333681572368,"critical_wave","fifo","fifo_critical_wave",176,1,"1;1;1;1;1;1;1;1;1;1;1;1;1;1;1;1;1;1;1;1;1;1;1;1;1;1;1;1;1;1;1;1;1"
"4",8,"critical_wave_fifo",16,"case_000064",33,33,0,0.12777599692344666,0.12888640463352202,807.8229255361753,199.19760058885896,"critical_wave","fifo","fifo_critical_wave",176,1,"1;1;1;1;1;1;1;1;1;1;1;1;1;1;1;1;1;1;1;1;1;1;1;1;1;1;1;1;1;1;1;1;1"
"4",8,"critical_wave_fifo",16,"case_000065",34,34,0,0.10369599983096123,0.10564799979329109,745.6628655883152,184.55423575833998,"critical_wave","fifo","fifo_critical_wave",128,2,"1;1;1;1;1;1;1;1;1;1;1;1;1;1;1;1;1;1;1;2;1;1;1;1;1;1;1;1;1;1;1;1;1;1"
"4",8,"critical_wave_fifo",16,"case_000066",54,54,0,0.14627200365066528,0.147331203520298,1203.4103256860624,296.62480117262453,"critical_wave","fifo","fifo_critical_wave",128,4,"1;2;1;1;1;1;1;1;1;1;1;1;4;1;1;1;1;1;1;2;1;1;2;1;1;1;1;1;1;1;1;1;1;1;1;1;1;1;2;1;1;1;1;1;1;1;1;1;1;1;1;1;1;1"
"4",8,"critical_wave_fifo",16,"case_000067",37,37,0,0.1241919994354248,0.1265600025653839,1022.7725766670319,251.97887257038312,"critical_wave","fifo","fifo_critical_wave",128,7,"4;2;1;1;7;1;1;1;4;1;1;1;2;1;1;1;1;1;1;1;1;2;1;1;1;1;1;1;1;1;1;1;1;2;1;1;1"
"4",8,"critical_wave_fifo",16,"case_000068",33,33,0,0.10784000158309937,0.10893440246582031,748.1933373844176,185.00474505859705,"critical_wave","fifo","fifo_critical_wave",128,2,"2;1;1;1;1;1;1;1;1;1;1;1;1;1;1;1;1;1;1;1;1;1;1;1;1;1;1;1;1;1;1;1;1"
"4",8,"critical_wave_fifo",16,"case_000069",34,33,1,0.23332799971103668,0.23632959723472596,1420.2615292909702,109.66111238980336,"critical_wave","fifo","fifo_critical_wave",176,1,"1;1;1;1;1;1;1;1;1;1;1;1;1;1;1;1;1;1;1;1;1;1;1;1;1;1;1;1;1;1;1;1;1;1"
"4",8,"critical_wave_fifo",16,"case_000070",34,33,1,0.3967039883136749,0.40555518865585327,622.4496148517497,52.221022753165705,"critical_wave","fifo","fifo_critical_wave",176,1,"1;1;1;1;1;1;1;1;1;1;1;1;1;1;1;1;1;1;1;1;1;1;1;1;1;1;1;1;1;1;1;1;1;1"
"4",8,"critical_wave_fifo",16,"case_000071",28,28,0,0.11132799834012985,0.11251839995384216,902.5869913245293,222.28169345500453,"critical_wave","fifo","fifo_critical_wave",128,3,"1;1;1;1;1;1;1;1;1;1;1;1;2;2;1;1;1;1;1;1;1;1;3;1;1;1;1;1"
"4",8,"critical_wave_fifo",16,"case_000072",36,34,2,0.4729920029640198,0.4784096121788025,649.6173933988761,53.77024524859602,"critical_wave","fifo","fifo_critical_wave",176,1,"1;1;1;1;1;1;1;1;1;1;1;1;1;1;1;1;1;1;1;1;1;1;1;1;1;1;1;1;1;1;1;1;1;1;1;1"
"4",8,"critical_wave_fifo",16,"case_000073",34,33,1,0.5582240223884583,0.5660544037818909,2451.8038192336635,48.70566458904537,"critical_wave","fifo","fifo_critical_wave",176,1,"1;1;1;1;1;1;1;1;1;1;1;1;1;1;1;1;1;1;1;1;1;1;1;1;1;1;1;1;1;1;1;1;1;1"
"4",8,"critical_wave_fifo",16,"case_000074",33,33,0,0.10460799932479858,0.1063103973865509,731.1892564784722,180.92566650888332,"critical_wave","fifo","fifo_critical_wave",128,2,"2;1;1;1;1;1;1;1;1;1;1;1;1;1;1;1;1;1;1;1;1;1;1;1;1;1;1;1;1;1;1;1;1"
"4",8,"critical_wave_fifo",16,"case_000075",34,33,1,0.2101600021123886,0.21457279473543167,706.9359143256406,141.70232061605267,"critical_wave","fifo","fifo_critical_wave",176,1,"1;1;1;1;1;1;1;1;1;1;1;1;1;1;1;1;1;1;1;1;1;1;1;1;1;1;1;1;1;1;1;1;1;1"
"4",8,"critical_wave_fifo",16,"case_000076",39,36,3,1.2166240215301514,1.2287263512611388,1859.3179175165078,29.29307277294851,"critical_wave","fifo","fifo_critical_wave",176,1,"1;1;1;1;1;1;1;1;1;1;1;1;1;1;1;1;1;1;1;1;1;1;1;1;1;1;1;1;1;1;1;1;1;1;1;1;1;1;1"
"4",8,"critical_wave_fifo",16,"case_000077",40,40,0,0.13921599835157394,0.1417536050081253,1294.5582095591274,318.2516989757958,"critical_wave","fifo","fifo_critical_wave",128,3,"1;2;1;3;1;1;1;2;1;1;1;1;1;1;1;1;1;1;1;1;1;1;1;1;1;1;1;1;1;1;1;1;1;2;1;1;1;2;1;1"
"4",8,"critical_wave_fifo",16,"case_000078",42,41,1,0.5366400182247162,0.5435744225978851,2104.6016659142665,66.50232332292418,"critical_wave","fifo","fifo_critical_wave",176,1,"1;1;1;1;1;1;1;1;1;1;1;1;1;1;1;1;1;1;1;1;1;1;1;1;1;1;1;1;1;1;1;1;1;1;1;1;1;1;1;1;1;1"
"4",8,"critical_wave_fifo",16,"case_000079",36,35,1,0.18431999534368515,0.18817920237779617,1671.117908882656,117.04410017900489,"critical_wave","fifo","fifo_critical_wave",176,1,"1;1;1;1;1;1;1;1;1;1;1;1;1;1;1;1;1;1;1;1;1;1;1;1;1;1;1;1;1;1;1;1;1;1;1;1"
"4",8,"critical_wave_fifo",16,"case_000080",34,32,2,0.445920005440712,0.45542079806327823,792.7413294019617,65.39619582929255,"critical_wave","fifo","fifo_critical_wave",176,1,"1;1;1;1;1;1;1;1;1;1;1;1;1;1;1;1;1;1;1;1;1;1;1;1;1;1;1;1;1;1;1;1;1;1"
"4",8,"critical_wave_fifo",16,"case_000081",35,35,0,0.14311999827623367,0.14617279618978501,947.0089486893665,233.07367524989206,"critical_wave","fifo","fifo_critical_wave",176,1,"1;1;1;1;1;1;1;1;1;1;1;1;1;1;1;1;1;1;1;1;1;1;1;1;1;1;1;1;1;1;1;1;1;1;1"
"4",8,"critical_wave_fifo",16,"case_000082",33,31,2,0.9646719992160797,0.9772927761077881,2470.2210244979187,35.704438428802156,"critical_wave","fifo","fifo_critical_wave",176,1,"1;1;1;1;1;1;1;1;1;1;1;1;1;1;1;1;1;1;1;1;1;1;1;1;1;1;1;1;1;1;1;1;1"
"4",8,"critical_wave_fifo",16,"case_000083",30,30,0,0.12043200060725212,0.12182719632983208,842.9564692449921,207.70506073029313,"critical_wave","fifo","fifo_critical_wave",128,4,"1;1;1;1;4;1;2;1;1;1;1;1;1;1;1;1;1;1;1;1;1;1;1;1;2;1;1;2;1;1"
"4",8,"critical_wave_fifo",16,"case_000084",24,23,1,0.4180159866809845,0.4262527942657471,1376.5605080724918,61.3289463007186,"critical_wave","fifo","fifo_critical_wave",176,1,"1;1;1;1;1;1;1;1;1;1;1;1;1;1;1;1;1;1;1;1;1;1;1;1"
"4",8,"critical_wave_fifo",16,"case_000085",44,44,0,0.16300800442695618,0.16920319944620132,1021.7035105330004,251.50372304797332,"critical_wave","fifo","fifo_critical_wave",176,1,"1;1;1;1;1;1;1;1;1;1;1;1;1;1;1;1;1;1;1;1;1;1;1;1;1;1;1;1;1;1;1;1;1;1;1;1;1;1;1;1;1;1;1;1"
"4",8,"critical_wave_fifo",16,"case_000086",35,35,0,0.12726400047540665,0.12944000214338303,1021.7001802416783,251.54186478827734,"critical_wave","fifo","fifo_critical_wave",128,2,"2;1;1;1;1;1;1;1;1;1;1;1;1;1;1;1;1;1;1;1;1;1;1;1;1;1;1;1;2;1;1;1;1;1;1"
"4",8,"critical_wave_fifo",16,"case_000087",35,35,0,0.14580800384283066,0.1471743956208229,814.7853058605704,200.75803267667672,"critical_wave","fifo","fifo_critical_wave",176,1,"1;1;1;1;1;1;1;1;1;1;1;1;1;1;1;1;1;1;1;1;1;1;1;1;1;1;1;1;1;1;1;1;1;1;1"
"4",8,"critical_wave_fifo",16,"case_000088",38,38,0,0.13407999277114868,0.13819840103387832,986.5651548607758,243.02817539390324,"critical_wave","fifo","fifo_critical_wave",128,2,"1;1;1;1;1;1;1;1;1;1;1;1;1;2;1;1;1;1;1;1;1;1;1;1;1;1;1;1;1;1;1;1;1;1;1;1;1;1"
"4",8,"critical_wave_fifo",16,"case_000089",40,39,1,0.6683200001716614,0.6740320205688477,2945.8677144456374,59.935934866099046,"critical_wave","fifo","fifo_critical_wave",176,1,"1;1;1;1;1;1;1;1;1;1;1;1;1;1;1;1;1;1;1;1;1;1;1;1;1;1;1;1;1;1;1;1;1;1;1;1;1;1;1;1"
"4",8,"critical_wave_fifo",16,"case_000090",42,41,1,0.5725760161876678,0.5803391754627228,2487.881669338215,71.4036753970495,"critical_wave","fifo","fifo_critical_wave",176,1,"1;1;1;1;1;1;1;1;1;1;1;1;1;1;1;1;1;1;1;1;1;1;1;1;1;1;1;1;1;1;1;1;1;1;1;1;1;1;1;1;1;1"
"4",8,"critical_wave_fifo",16,"case_000091",43,43,0,0.14420799911022186,0.14607999473810196,1190.0032116029543,292.808611592524,"critical_wave","fifo","fifo_critical_wave",176,1,"1;1;1;1;1;1;1;1;1;1;1;1;1;1;1;1;1;1;1;1;1;1;1;1;1;1;1;1;1;1;1;1;1;1;1;1;1;1;1;1;1;1;1"
"4",8,"critical_wave_fifo",16,"case_000092",31,31,0,0.10222400352358818,0.10363519936800003,980.2691238254745,241.64281527381274,"critical_wave","fifo","fifo_critical_wave",128,3,"3;1;1;1;1;1;1;1;1;1;1;1;1;1;1;1;1;1;1;1;1;1;1;1;1;1;1;1;1;1;1"
"4",8,"critical_wave_fifo",16,"case_000093",31,31,0,0.10172799974679947,0.10353599861264229,926.6327094469949,228.5592959447874,"critical_wave","fifo","fifo_critical_wave",128,3,"3;1;1;1;1;1;1;1;1;1;1;1;1;1;1;1;1;1;1;1;1;1;1;1;1;1;1;1;1;1;1"
"4",8,"critical_wave_fifo",16,"case_000094",22,22,0,0.09224000200629234,0.09350719675421715,725.2385257692921,178.88429793046186,"critical_wave","fifo","fifo_critical_wave",128,2,"1;1;1;1;1;1;1;1;1;1;1;1;1;2;1;1;1;1;1;1;1;1"
"4",8,"critical_wave_fifo",16,"case_000095",35,35,0,0.10604800283908844,0.11090240180492401,849.042439550896,209.8098917879749,"critical_wave","fifo","fifo_critical_wave",176,1,"1;1;1;1;1;1;1;1;1;1;1;1;1;1;1;1;1;1;1;1;1;1;1;1;1;1;1;1;1;1;1;1;1;1;1"
"4",8,"critical_wave_fifo",16,"case_000096",23,23,0,0.0870559997856617,0.08791359886527061,523.8558924862432,129.91508945788664,"critical_wave","fifo","fifo_critical_wave",128,2,"1;1;1;1;1;1;1;1;1;2;1;1;1;1;1;1;1;1;1;1;1;1;1"
"4",8,"critical_wave_fifo",16,"case_000097",30,29,1,0.11295999959111214,0.11428799852728844,794.267778512451,194.35240863552002,"critical_wave","fifo","fifo_critical_wave",128,2,"1;1;1;1;1;1;1;1;1;1;1;1;1;1;1;1;1;1;1;1;1;1;1;1;1;1;1;1;2;1"
"4",8,"critical_wave_fifo",16,"case_000098",45,43,2,1.2489759922027588,1.2537791848182678,3034.546288554055,35.09834638429423,"critical_wave","fifo","fifo_critical_wave",176,1,"1;1;1;1;1;1;1;1;1;1;1;1;1;1;1;1;1;1;1;1;1;1;1;1;1;1;1;1;1;1;1;1;1;1;1;1;1;1;1;1;1;1;1;1;1"
"4",8,"critical_wave_fifo",16,"case_000099",7,7,0,0.08435200154781342,0.08541440218687057,641.463733297774,157.24203049860913,"critical_wave","fifo","fifo_critical_wave",128,4,"1;4;2;1;1;1;1"
"4",8,"critical_wave_release_lpt",16,"case_000000",23,22,1,0.38732799887657166,0.3972864061594009,674.9669285935356,62.41093871373672,"critical_wave","release_lpt","release_lpt_critical_wave",176,1,"1;1;1;1;1;1;1;1;1;1;1;1;1;1;1;1;1;1;1;1;1;1;1"
"4",8,"critical_wave_release_lpt",16,"case_000001",39,38,1,0.5710559785366058,0.5775935828685761,2431.1697536443967,56.09111751545517,"critical_wave","release_lpt","release_lpt_critical_wave",176,1,"1;1;1;1;1;1;1;1;1;1;1;1;1;1;1;1;1;1;1;1;1;1;1;1;1;1;1;1;1;1;1;1;1;1;1;1;1;1;1"
"4",8,"critical_wave_release_lpt",16,"case_000002",45,45,0,0.14217600226402283,0.1453536033630371,1288.7667838890009,317.06098977441115,"critical_wave","release_lpt","release_lpt_critical_wave",128,3,"3;2;1;1;1;1;1;1;1;1;1;1;1;1;1;1;1;1;1;2;1;1;1;1;1;1;1;1;1;1;1;1;1;1;1;1;1;1;1;1;1;1;1;1;1"
"4",8,"critical_wave_release_lpt",16,"case_000003",41,40,1,0.36081600189208984,0.36519360840320586,2674.0244815654114,124.98904639347893,"critical_wave","release_lpt","release_lpt_critical_wave",176,1,"1;1;1;1;1;1;1;1;1;1;1;1;1;1;1;1;1;1;1;1;1;1;1;1;1;1;1;1;1;1;1;1;1;1;1;1;1;1;1;1;1"
"4",8,"critical_wave_release_lpt",16,"case_000004",27,25,2,0.6475679874420166,0.6557375967502594,2136.4259949305742,38.415537028422776,"critical_wave","release_lpt","release_lpt_critical_wave",176,1,"1;1;1;1;1;1;1;1;1;1;1;1;1;1;1;1;1;1;1;1;1;1;1;1;1;1;1"
"4",8,"critical_wave_release_lpt",16,"case_000005",35,35,0,0.1260320022702217,0.12872959673404694,1042.411961418479,256.6190127699151,"critical_wave","release_lpt","release_lpt_critical_wave",128,3,"1;1;1;1;1;1;1;1;1;1;1;1;1;1;1;1;1;1;1;1;1;1;1;1;1;1;3;1;1;2;1;1;1;1;1"
"4",8,"critical_wave_release_lpt",16,"case_000006",33,32,1,0.17559999972581863,0.1771583929657936,1206.2535278971084,140.70633279373038,"critical_wave","release_lpt","release_lpt_critical_wave",176,1,"1;1;1;1;1;1;1;1;1;1;1;1;1;1;1;1;1;1;1;1;1;1;1;1;1;1;1;1;1;1;1;1;1"
"4",8,"critical_wave_release_lpt",16,"case_000007",34,34,0,0.10257599875330925,0.10623999685049057,769.7208915887139,190.45515751675524,"critical_wave","release_lpt","release_lpt_critical_wave",176,1,"1;1;1;1;1;1;1;1;1;1;1;1;1;1;1;1;1;1;1;1;1;1;1;1;1;1;1;1;1;1;1;1;1;1"
"4",8,"critical_wave_release_lpt",16,"case_000008",32,32,0,0.10819199681282043,0.1115327998995781,866.0332606496183,213.69595423956835,"critical_wave","release_lpt","release_lpt_critical_wave",128,2,"1;1;1;1;1;1;1;1;1;1;1;2;1;1;1;1;1;1;1;1;1;1;1;1;1;1;1;1;1;1;1;1"
"4",8,"critical_wave_release_lpt",16,"case_000009",37,37,0,0.12913600355386734,0.1320384055376053,1094.1420033419377,269.31581466738413,"critical_wave","release_lpt","release_lpt_critical_wave",128,3,"1;1;1;1;1;1;3;2;1;1;1;1;1;1;1;1;1;1;1;1;1;1;1;1;1;1;1;1;1;1;1;1;1;1;1;1;1"
"4",8,"critical_wave_release_lpt",16,"case_000010",29,27,2,0.5517119765281677,0.5608223855495453,1065.8314639395505,46.673744808012714,"critical_wave","release_lpt","release_lpt_critical_wave",176,1,"1;1;1;1;1;1;1;1;1;1;1;1;1;1;1;1;1;1;1;1;1;1;1;1;1;1;1;1;1"
"4",8,"critical_wave_release_lpt",16,"case_000011",30,30,0,0.11150399968028069,0.11546880006790161,909.2355956620406,224.03903063235043,"critical_wave","release_lpt","release_lpt_critical_wave",128,2,"1;1;1;1;1;1;1;1;1;2;1;1;1;1;1;1;1;1;1;1;1;1;1;1;1;1;1;1;1;1"
"4",8,"critical_wave_release_lpt",16,"case_000012",31,29,2,0.4220159947872162,0.433135986328125,646.7957714105781,61.75538444494396,"critical_wave","release_lpt","release_lpt_critical_wave",176,1,"1;1;1;1;1;1;1;1;1;1;1;1;1;1;1;1;1;1;1;1;1;1;1;1;1;1;1;1;1;1;1"
"4",8,"critical_wave_release_lpt",16,"case_000013",38,38,0,0.12443200126290321,0.126726396381855,872.2536457698026,215.28815520213368,"critical_wave","release_lpt","release_lpt_critical_wave",176,1,"1;1;1;1;1;1;1;1;1;1;1;1;1;1;1;1;1;1;1;1;1;1;1;1;1;1;1;1;1;1;1;1;1;1;1;1;1;1"
"4",8,"critical_wave_release_lpt",16,"case_000014",26,26,0,0.13380800187587738,0.13773440569639206,1038.570833221993,255.04340190100632,"critical_wave","release_lpt","release_lpt_critical_wave",128,2,"1;1;1;1;1;1;1;1;2;1;1;1;1;1;1;1;1;1;1;1;1;1;1;1;1;1"
"4",8,"critical_wave_release_lpt",16,"case_000015",44,44,0,0.1379999965429306,0.13930239528417587,1179.1237415384971,290.31050002625756,"critical_wave","release_lpt","release_lpt_critical_wave",128,6,"1;1;1;1;1;6;1;1;6;2;1;1;1;1;1;1;2;2;1;1;1;2;1;1;1;1;1;1;1;1;1;1;1;1;1;1;2;1;1;2;1;1;1;1"
"4",8,"critical_wave_release_lpt",16,"case_000016",30,29,1,0.3925760090351105,0.4019007980823517,671.2755554668425,63.014670867947835,"critical_wave","release_lpt","release_lpt_critical_wave",176,1,"1;1;1;1;1;1;1;1;1;1;1;1;1;1;1;1;1;1;1;1;1;1;1;1;1;1;1;1;1;1"
"4",8,"critical_wave_release_lpt",16,"case_000017",32,32,0,0.11177600175142288,0.11322559788823128,838.4240990871461,206.88290543283483,"critical_wave","release_lpt","release_lpt_critical_wave",176,1,"1;1;1;1;1;1;1;1;1;1;1;1;1;1;1;1;1;1;1;1;1;1;1;1;1;1;1;1;1;1;1;1"
"4",8,"critical_wave_release_lpt",16,"case_000018",33,32,1,0.18252800405025482,0.18522560149431228,598.918629066373,112.87587407315013,"critical_wave","release_lpt","release_lpt_critical_wave",176,1,"1;1;1;1;1;1;1;1;1;1;1;1;1;1;1;1;1;1;1;1;1;1;1;1;1;1;1;1;1;1;1;1;1"
"4",8,"critical_wave_release_lpt",16,"case_000019",46,44,2,1.0426400303840637,1.050057590007782,2577.736770856558,40.363936520351785,"critical_wave","release_lpt","release_lpt_critical_wave",176,1,"1;1;1;1;1;1;1;1;1;1;1;1;1;1;1;1;1;1;1;1;1;1;1;1;1;1;1;1;1;1;1;1;1;1;1;1;1;1;1;1;1;1;1;1;1;1"
"4",8,"critical_wave_release_lpt",16,"case_000020",39,38,1,0.40331199765205383,0.4126784116029739,768.3522113997343,89.57083402008246,"critical_wave","release_lpt","release_lpt_critical_wave",176,1,"1;1;1;1;1;1;1;1;1;1;1;1;1;1;1;1;1;1;1;1;1;1;1;1;1;1;1;1;1;1;1;1;1;1;1;1;1;1;1"
"4",8,"critical_wave_release_lpt",16,"case_000021",29,29,0,0.10332799702882767,0.10527359694242477,1003.3551233077286,247.10623194289252,"critical_wave","release_lpt","release_lpt_critical_wave",128,4,"1;1;1;1;1;1;1;1;1;1;1;1;1;1;1;1;1;1;1;1;1;1;1;1;4;1;1;1;1"
"4",8,"critical_wave_release_lpt",16,"case_000022",41,41,0,0.11161600053310394,0.11594240292906761,873.5365829837497,216.07511364687417,"critical_wave","release_lpt","release_lpt_critical_wave",176,1,"1;1;1;1;1;1;1;1;1;1;1;1;1;1;1;1;1;1;1;1;1;1;1;1;1;1;1;1;1;1;1;1;1;1;1;1;1;1;1;1;1"
"4",8,"critical_wave_release_lpt",16,"case_000023",42,41,1,0.19439999759197235,0.1960960030555725,894.3786356053935,129.73563946711425,"critical_wave","release_lpt","release_lpt_critical_wave",176,1,"1;1;1;1;1;1;1;1;1;1;1;1;1;1;1;1;1;1;1;1;1;1;1;1;1;1;1;1;1;1;1;1;1;1;1;1;1;1;1;1;1;1"
"4",8,"critical_wave_release_lpt",16,"case_000024",58,58,0,0.16019199788570404,0.16132159978151323,1269.6258289825007,312.73632054794956,"critical_wave","release_lpt","release_lpt_critical_wave",128,4,"1;1;2;1;4;1;1;4;1;1;1;1;1;1;1;1;1;1;1;1;2;1;1;2;1;1;1;1;3;1;1;1;1;1;1;1;1;1;1;1;1;2;1;1;1;1;1;1;1;1;1;1;1;1;1;1;1;1"
"4",8,"critical_wave_release_lpt",16,"case_000025",38,36,2,0.4296000003814697,0.43770880103111265,623.0418729663138,58.014301624462995,"critical_wave","release_lpt","release_lpt_critical_wave",176,1,"1;1;1;1;1;1;1;1;1;1;1;1;1;1;1;1;1;1;1;1;1;1;1;1;1;1;1;1;1;1;1;1;1;1;1;1;1;1"
"4",8,"critical_wave_release_lpt",16,"case_000026",34,34,0,0.14316799491643906,0.14461760520935057,827.2455474781597,203.78051684685596,"critical_wave","release_lpt","release_lpt_critical_wave",176,1,"1;1;1;1;1;1;1;1;1;1;1;1;1;1;1;1;1;1;1;1;1;1;1;1;1;1;1;1;1;1;1;1;1;1"
"4",8,"critical_wave_release_lpt",16,"case_000027",35,35,0,0.12017599865794182,0.12167680263519287,857.6231180849763,211.608043902196,"critical_wave","release_lpt","release_lpt_critical_wave",128,2,"1;1;1;1;1;1;1;1;1;1;1;1;1;1;1;1;1;1;1;1;1;1;1;1;1;1;1;1;1;1;1;2;1;1;1"
"4",8,"critical_wave_release_lpt",16,"case_000028",38,37,1,0.3972959965467453,0.4042048007249832,705.2559536150086,72.6630427966151,"critical_wave","release_lpt","release_lpt_critical_wave",176,1,"1;1;1;1;1;1;1;1;1;1;1;1;1;1;1;1;1;1;1;1;1;1;1;1;1;1;1;1;1;1;1;1;1;1;1;1;1;1"
"4",8,"critical_wave_release_lpt",16,"case_000029",41,40,1,0.41761599481105804,0.42465600073337556,2014.345847793963,84.97482960645536,"critical_wave","release_lpt","release_lpt_critical_wave",176,1,"1;1;1;1;1;1;1;1;1;1;1;1;1;1;1;1;1;1;1;1;1;1;1;1;1;1;1;1;1;1;1;1;1;1;1;1;1;1;1;1;1"
"4",8,"critical_wave_release_lpt",16,"case_000030",39,38,1,0.20900800079107285,0.21164800226688385,709.9261925208446,168.72969391852237,"critical_wave","release_lpt","release_lpt_critical_wave",176,1,"1;1;1;1;1;1;1;1;1;1;1;1;1;1;1;1;1;1;1;1;1;1;1;1;1;1;1;1;1;1;1;1;1;1;1;1;1;1;1"
"4",8,"critical_wave_release_lpt",16,"case_000031",30,28,2,1.6115679740905762,1.6683135986328126,3508.9857506452095,19.292713990264826,"critical_wave","release_lpt","release_lpt_critical_wave",176,1,"1;1;1;1;1;1;1;1;1;1;1;1;1;1;1;1;1;1;1;1;1;1;1;1;1;1;1;1;1;1"
"4",8,"critical_wave_release_lpt",16,"case_000032",30,30,0,0.13764800131320953,0.13995839953422545,832.3787994515883,204.88434071649377,"critical_wave","release_lpt","release_lpt_critical_wave",176,1,"1;1;1;1;1;1;1;1;1;1;1;1;1;1;1;1;1;1;1;1;1;1;1;1;1;1;1;1;1;1"
"4",8,"critical_wave_release_lpt",16,"case_000033",30,30,0,0.09603200107812881,0.0980256013572216,710.5474841921264,175.86271045482073,"critical_wave","release_lpt","release_lpt_critical_wave",176,1,"1;1;1;1;1;1;1;1;1;1;1;1;1;1;1;1;1;1;1;1;1;1;1;1;1;1;1;1;1;1"
"4",8,"critical_wave_release_lpt",16,"case_000034",36,35,1,0.811167985200882,0.8160608232021331,3393.0349082482594,37.944456094846544,"critical_wave","release_lpt","release_lpt_critical_wave",176,1,"1;1;1;1;1;1;1;1;1;1;1;1;1;1;1;1;1;1;1;1;1;1;1;1;1;1;1;1;1;1;1;1;1;1;1;1"
"4",8,"critical_wave_release_lpt",16,"case_000035",37,36,1,0.19686400145292282,0.20068159997463225,584.2872050505719,117.5682696134508,"critical_wave","release_lpt","release_lpt_critical_wave",176,1,"1;1;1;1;1;1;1;1;1;1;1;1;1;1;1;1;1;1;1;1;1;1;1;1;1;1;1;1;1;1;1;1;1;1;1;1;1"
"4",8,"critical_wave_release_lpt",16,"case_000036",35,35,0,0.1359040066599846,0.13716800063848494,1256.0619191388553,308.62536749882133,"critical_wave","release_lpt","release_lpt_critical_wave",128,5,"1;1;1;1;1;1;1;1;1;1;1;3;1;1;5;1;1;1;1;2;1;1;1;1;1;1;1;1;1;1;1;1;1;1;1"
"4",8,"critical_wave_release_lpt",16,"case_000037",37,35,2,0.29552000761032104,0.30020160377025606,1993.162558741855,94.99858986542444,"critical_wave","release_lpt","release_lpt_critical_wave",176,1,"1;1;1;1;1;1;1;1;1;1;1;1;1;1;1;1;1;1;1;1;1;1;1;1;1;1;1;1;1;1;1;1;1;1;1;1;1"
"4",8,"critical_wave_release_lpt",16,"case_000038",28,28,0,0.09724800288677216,0.0983743965625763,808.8892158699524,199.6847587976678,"critical_wave","release_lpt","release_lpt_critical_wave",176,1,"1;1;1;1;1;1;1;1;1;1;1;1;1;1;1;1;1;1;1;1;1;1;1;1;1;1;1;1"
"4",8,"critical_wave_release_lpt",16,"case_000039",24,23,1,0.511135995388031,0.5177951872348785,2070.4817325741046,35.58329713443988,"critical_wave","release_lpt","release_lpt_critical_wave",176,1,"1;1;1;1;1;1;1;1;1;1;1;1;1;1;1;1;1;1;1;1;1;1;1;1"
"4",8,"critical_wave_release_lpt",16,"case_000040",38,38,0,0.10355199873447418,0.10489920154213905,889.9306907276563,220.07478637312965,"critical_wave","release_lpt","release_lpt_critical_wave",176,1,"1;1;1;1;1;1;1;1;1;1;1;1;1;1;1;1;1;1;1;1;1;1;1;1;1;1;1;1;1;1;1;1;1;1;1;1;1;1"
"4",8,"critical_wave_release_lpt",16,"case_000041",40,40,0,0.11657600104808807,0.11831039935350418,949.6625948108526,234.47543022791226,"critical_wave","release_lpt","release_lpt_critical_wave",128,2,"1;1;1;1;1;1;1;1;1;1;1;1;1;1;1;1;1;1;1;1;1;1;1;2;1;1;1;1;1;1;1;1;1;1;1;1;1;1;1;1"
"4",8,"critical_wave_release_lpt",16,"case_000042",43,40,3,1.808288037776947,1.8237407565116883,3392.691635152403,20.655116452530105,"critical_wave","release_lpt","release_lpt_critical_wave",176,1,"1;1;1;1;1;1;1;1;1;1;1;1;1;1;1;1;1;1;1;1;1;1;1;1;1;1;1;1;1;1;1;1;1;1;1;1;1;1;1;1;1;1;1"
"4",8,"critical_wave_release_lpt",16,"case_000043",49,49,0,0.1425440013408661,0.14419519603252412,1265.6515745799943,311.6259932522679,"critical_wave","release_lpt","release_lpt_critical_wave",128,2,"1;1;1;1;1;1;1;1;1;1;1;1;2;1;2;1;1;1;1;1;1;1;1;1;1;1;1;1;1;1;1;1;1;1;1;1;1;1;1;1;1;1;1;1;1;1;1;1;1"
"4",8,"critical_wave_release_lpt",16,"case_000044",32,31,1,0.3403040021657944,0.3458879888057709,598.4639390187896,66.06949038773294,"critical_wave","release_lpt","release_lpt_critical_wave",176,1,"1;1;1;1;1;1;1;1;1;1;1;1;1;1;1;1;1;1;1;1;1;1;1;1;1;1;1;1;1;1;1;1"
"4",8,"critical_wave_release_lpt",16,"case_000045",25,25,0,0.09601600095629692,0.09764159843325615,573.7580639405612,142.06898708694243,"critical_wave","release_lpt","release_lpt_critical_wave",176,1,"1;1;1;1;1;1;1;1;1;1;1;1;1;1;1;1;1;1;1;1;1;1;1;1;1"
"4",8,"critical_wave_release_lpt",16,"case_000046",35,33,2,0.5429920256137848,0.5495103776454926,1858.2262229789637,59.42964625221335,"critical_wave","release_lpt","release_lpt_critical_wave",176,1,"1;1;1;1;1;1;1;1;1;1;1;1;1;1;1;1;1;1;1;1;1;1;1;1;1;1;1;1;1;1;1;1;1;1;1"
"4",8,"critical_wave_release_lpt",16,"case_000047",46,46,0,0.1265600025653839,0.12824960052967072,1122.9895782482665,276.94714988562134,"critical_wave","release_lpt","release_lpt_critical_wave",176,1,"1;1;1;1;1;1;1;1;1;1;1;1;1;1;1;1;1;1;1;1;1;1;1;1;1;1;1;1;1;1;1;1;1;1;1;1;1;1;1;1;1;1;1;1;1;1"
"4",8,"critical_wave_release_lpt",16,"case_000048",49,47,2,0.49673600494861603,0.5013568162918091,693.2419901303944,80.96205549698406,"critical_wave","release_lpt","release_lpt_critical_wave",176,1,"1;1;1;1;1;1;1;1;1;1;1;1;1;1;1;1;1;1;1;1;1;1;1;1;1;1;1;1;1;1;1;1;1;1;1;1;1;1;1;1;1;1;1;1;1;1;1;1;1"
"4",8,"critical_wave_release_lpt",16,"case_000049",49,49,0,0.1403999999165535,0.1420736014842987,1165.5036141400085,287.21595458666076,"critical_wave","release_lpt","release_lpt_critical_wave",128,4,"1;2;1;4;1;1;1;1;1;1;1;1;1;1;1;1;1;1;1;1;1;1;1;1;2;1;1;1;1;1;1;1;1;1;1;1;1;1;1;1;1;1;1;1;1;1;1;1;1"
"4",8,"critical_wave_release_lpt",16,"case_000050",37,37,0,0.11894399672746658,0.12070720195770264,768.6430171123383,190.03605580692886,"critical_wave","release_lpt","release_lpt_critical_wave",128,2,"1;2;1;1;1;1;1;1;1;1;1;1;1;1;1;1;1;1;1;1;1;1;1;1;1;1;1;1;1;1;1;1;1;1;1;1;1"
"4",8,"critical_wave_release_lpt",16,"case_000051",42,40,2,0.32815998792648315,0.3319904088973999,1960.5347950955322,97.65461110139746,"critical_wave","release_lpt","release_lpt_critical_wave",176,1,"1;1;1;1;1;1;1;1;1;1;1;1;1;1;1;1;1;1;1;1;1;1;1;1;1;1;1;1;1;1;1;1;1;1;1;1;1;1;1;1;1;1"
"4",8,"critical_wave_release_lpt",16,"case_000052",36,36,0,0.10956799983978271,0.11242559850215912,933.177421925299,230.33936949569537,"critical_wave","release_lpt","release_lpt_critical_wave",128,2,"1;1;1;1;2;1;1;1;1;1;1;1;1;1;1;1;1;1;1;1;1;1;1;1;1;1;1;1;1;1;1;1;1;1;1;1"
"4",8,"critical_wave_release_lpt",16,"case_000053",22,22,0,0.09875199943780899,0.10025280267000199,477.4109683692093,118.25923592923971,"critical_wave","release_lpt","release_lpt_critical_wave",176,1,"1;1;1;1;1;1;1;1;1;1;1;1;1;1;1;1;1;1;1;1;1;1"
"4",8,"critical_wave_release_lpt",16,"case_000054",22,22,0,0.09875199943780899,0.1001696027815342,519.5867612211096,128.55606035597316,"critical_wave","release_lpt","release_lpt_critical_wave",176,1,"1;1;1;1;1;1;1;1;1;1;1;1;1;1;1;1;1;1;1;1;1;1"
"4",8,"critical_wave_release_lpt",16,"case_000055",22,21,1,0.19782400131225586,0.20096639543771744,391.7752416586999,65.34584233586186,"critical_wave","release_lpt","release_lpt_critical_wave",176,1,"1;1;1;1;1;1;1;1;1;1;1;1;1;1;1;1;1;1;1;1;1;1"
"4",8,"critical_wave_release_lpt",16,"case_000056",41,41,0,0.13896000385284424,0.14260799884796144,920.517611783168,226.9922792561464,"critical_wave","release_lpt","release_lpt_critical_wave",176,1,"1;1;1;1;1;1;1;1;1;1;1;1;1;1;1;1;1;1;1;1;1;1;1;1;1;1;1;1;1;1;1;1;1;1;1;1;1;1;1;1;1"
"4",8,"critical_wave_release_lpt",16,"case_000057",38,37,1,1.021951973438263,1.0271648168563843,3767.531448623986,30.777743785921782,"critical_wave","release_lpt","release_lpt_critical_wave",176,1,"1;1;1;1;1;1;1;1;1;1;1;1;1;1;1;1;1;1;1;1;1;1;1;1;1;1;1;1;1;1;1;1;1;1;1;1;1;1"
"4",8,"critical_wave_release_lpt",16,"case_000058",22,22,0,0.13276800513267517,0.1348607987165451,574.5575174363016,141.54012468004728,"critical_wave","release_lpt","release_lpt_critical_wave",176,1,"1;1;1;1;1;1;1;1;1;1;1;1;1;1;1;1;1;1;1;1;1;1"
"4",8,"critical_wave_release_lpt",16,"case_000059",28,28,0,0.13344000279903412,0.1352384015917778,730.3708086605754,179.9179818375557,"critical_wave","release_lpt","release_lpt_critical_wave",176,1,"1;1;1;1;1;1;1;1;1;1;1;1;1;1;1;1;1;1;1;1;1;1;1;1;1;1;1;1"
"4",8,"critical_wave_release_lpt",16,"case_000060",36,36,0,0.1156960017979145,0.11661120131611824,945.3801230490886,233.18544790444355,"critical_wave","release_lpt","release_lpt_critical_wave",128,3,"2;3;1;1;1;1;1;1;1;1;1;1;1;1;1;1;1;1;1;1;1;1;1;1;1;1;1;1;1;1;1;1;1;1;1;1"
"4",8,"critical_wave_release_lpt",16,"case_000061",39,36,3,1.157759964466095,1.1706111550331115,2655.9886188308865,28.14776205793939,"critical_wave","release_lpt","release_lpt_critical_wave",176,1,"1;1;1;1;1;1;1;1;1;1;1;1;1;1;1;1;1;1;1;1;1;1;1;1;1;1;1;1;1;1;1;1;1;1;1;1;1;1;1"
"4",8,"critical_wave_release_lpt",16,"case_000062",41,39,2,0.4777279943227768,0.4813631922006607,1268.1357723212577,67.9257828421818,"critical_wave","release_lpt","release_lpt_critical_wave",176,1,"1;1;1;1;1;1;1;1;1;1;1;1;1;1;1;1;1;1;1;1;1;1;1;1;1;1;1;1;1;1;1;1;1;1;1;1;1;1;1;1;1"
"4",8,"critical_wave_release_lpt",16,"case_000063",33,31,2,0.22047999501228333,0.22253759652376176,1031.73575628631,107.74949445493446,"critical_wave","release_lpt","release_lpt_critical_wave",176,1,"1;1;1;1;1;1;1;1;1;1;1;1;1;1;1;1;1;1;1;1;1;1;1;1;1;1;1;1;1;1;1;1;1"
"4",8,"critical_wave_release_lpt",16,"case_000064",33,33,0,0.12411199882626534,0.12598399817943573,831.6712374642368,205.07825384094573,"critical_wave","release_lpt","release_lpt_critical_wave",176,1,"1;1;1;1;1;1;1;1;1;1;1;1;1;1;1;1;1;1;1;1;1;1;1;1;1;1;1;1;1;1;1;1;1"
"4",8,"critical_wave_release_lpt",16,"case_000065",34,34,0,0.1019040010869503,0.10333119705319405,758.7754706316609,187.7996525737077,"critical_wave","release_lpt","release_lpt_critical_wave",128,4,"1;1;1;1;1;1;1;1;1;1;1;1;1;1;1;1;1;1;1;4;1;1;1;1;1;1;1;1;1;1;1;1;1;1"
"4",8,"critical_wave_release_lpt",16,"case_000066",54,54,0,0.14932800084352493,0.15069119930267333,1178.782536146386,290.5543753007483,"critical_wave","release_lpt","release_lpt_critical_wave",128,5,"2;3;1;1;1;1;1;1;1;1;1;1;5;1;1;1;1;1;1;3;1;1;3;1;1;1;1;1;1;1;1;1;1;1;1;1;1;1;2;1;1;1;1;1;1;1;1;1;1;1;1;1;1;1"
"4",8,"critical_wave_release_lpt",16,"case_000067",37,37,0,0.1249919980764389,0.12653119564056398,1016.2264242413404,250.36610728362217,"critical_wave","release_lpt","release_lpt_critical_wave",128,7,"4;2;1;1;7;1;1;1;4;1;1;1;2;1;1;1;1;1;1;1;1;2;1;1;1;1;1;1;1;1;1;1;1;2;1;1;1"
"4",8,"critical_wave_release_lpt",16,"case_000068",33,33,0,0.1032479964196682,0.10639999806880951,781.4696021803858,193.2329216240312,"critical_wave","release_lpt","release_lpt_critical_wave",128,2,"2;1;1;1;1;1;1;1;1;1;1;1;1;1;1;1;1;1;1;1;1;1;1;1;1;1;1;1;1;1;1;1;1"
"4",8,"critical_wave_release_lpt",16,"case_000069",34,33,1,0.23891200125217438,0.24152319878339767,1387.0662836490053,107.09804390693886,"critical_wave","release_lpt","release_lpt_critical_wave",176,1,"1;1;1;1;1;1;1;1;1;1;1;1;1;1;1;1;1;1;1;1;1;1;1;1;1;1;1;1;1;1;1;1;1;1"
"4",8,"critical_wave_release_lpt",16,"case_000070",34,33,1,0.3983519971370697,0.40771200358867643,619.8744992134029,52.0049808934978,"critical_wave","release_lpt","release_lpt_critical_wave",176,1,"1;1;1;1;1;1;1;1;1;1;1;1;1;1;1;1;1;1;1;1;1;1;1;1;1;1;1;1;1;1;1;1;1;1"
"4",8,"critical_wave_release_lpt",16,"case_000071",28,28,0,0.13868800550699234,0.14025920182466506,724.5269892278742,178.4305420612048,"critical_wave","release_lpt","release_lpt_critical_wave",176,1,"1;1;1;1;1;1;1;1;1;1;1;1;1;1;1;1;1;1;1;1;1;1;1;1;1;1;1;1"
"4",8,"critical_wave_release_lpt",16,"case_000072",36,34,2,0.47308801114559174,0.47949758768081663,649.4855604561923,53.75933314905561,"critical_wave","release_lpt","release_lpt_critical_wave",176,1,"1;1;1;1;1;1;1;1;1;1;1;1;1;1;1;1;1;1;1;1;1;1;1;1;1;1;1;1;1;1;1;1;1;1;1;1"
"4",8,"critical_wave_release_lpt",16,"case_000073",34,33,1,0.5617440044879913,0.5685151934623718,2436.4404054965903,48.400466730003565,"critical_wave","release_lpt","release_lpt_critical_wave",176,1,"1;1;1;1;1;1;1;1;1;1;1;1;1;1;1;1;1;1;1;1;1;1;1;1;1;1;1;1;1;1;1;1;1;1"
"4",8,"critical_wave_release_lpt",16,"case_000074",33,33,0,0.10089600086212158,0.10213440209627152,758.0899599036065,187.5819838078965,"critical_wave","release_lpt","release_lpt_critical_wave",128,2,"2;1;1;1;1;1;1;1;1;1;1;1;1;1;1;1;1;1;1;1;1;1;1;1;1;1;1;1;1;1;1;1;1"
"4",8,"critical_wave_release_lpt",16,"case_000075",34,33,1,0.2107359990477562,0.21643519401550293,705.0036724590739,141.31501088834534,"critical_wave","release_lpt","release_lpt_critical_wave",176,1,"1;1;1;1;1;1;1;1;1;1;1;1;1;1;1;1;1;1;1;1;1;1;1;1;1;1;1;1;1;1;1;1;1;1"
"4",8,"critical_wave_release_lpt",16,"case_000076",39,36,3,1.1821119785308838,1.2282911777496337,1913.6011504792486,30.148291064854398,"critical_wave","release_lpt","release_lpt_critical_wave",176,1,"1;1;1;1;1;1;1;1;1;1;1;1;1;1;1;1;1;1;1;1;1;1;1;1;1;1;1;1;1;1;1;1;1;1;1;1;1;1;1"
"4",8,"critical_wave_release_lpt",16,"case_000077",40,40,0,0.14448000490665436,0.14707200229167938,1247.3920781248494,306.6564679910209,"critical_wave","release_lpt","release_lpt_critical_wave",128,2,"1;2;1;2;1;1;1;2;1;1;1;1;1;1;1;1;1;1;1;1;1;1;1;1;1;1;1;1;1;1;1;1;1;1;1;1;1;1;1;1"
"4",8,"critical_wave_release_lpt",16,"case_000078",42,41,1,0.5448640286922455,0.5527007818222046,2072.8354541274452,65.49855765970831,"critical_wave","release_lpt","release_lpt_critical_wave",176,1,"1;1;1;1;1;1;1;1;1;1;1;1;1;1;1;1;1;1;1;1;1;1;1;1;1;1;1;1;1;1;1;1;1;1;1;1;1;1;1;1;1;1"
"4",8,"critical_wave_release_lpt",16,"case_000079",36,35,1,0.1876159980893135,0.1894176036119461,1641.7600221776859,114.98789132966171,"critical_wave","release_lpt","release_lpt_critical_wave",176,1,"1;1;1;1;1;1;1;1;1;1;1;1;1;1;1;1;1;1;1;1;1;1;1;1;1;1;1;1;1;1;1;1;1;1;1;1"
"4",8,"critical_wave_release_lpt",16,"case_000080",34,32,2,0.4471199959516525,0.4535103887319565,790.613752730093,65.2206840759438,"critical_wave","release_lpt","release_lpt_critical_wave",176,1,"1;1;1;1;1;1;1;1;1;1;1;1;1;1;1;1;1;1;1;1;1;1;1;1;1;1;1;1;1;1;1;1;1;1"
"4",8,"critical_wave_release_lpt",16,"case_000081",35,35,0,0.14001599699258804,0.14106560051441192,968.0030997542002,238.24066332767555,"critical_wave","release_lpt","release_lpt_critical_wave",176,1,"1;1;1;1;1;1;1;1;1;1;1;1;1;1;1;1;1;1;1;1;1;1;1;1;1;1;1;1;1;1;1;1;1;1;1"
"4",8,"critical_wave_release_lpt",16,"case_000082",33,31,2,0.9792639911174774,0.9892704129219055,2433.4123135567525,35.17240735125534,"critical_wave","release_lpt","release_lpt_critical_wave",176,1,"1;1;1;1;1;1;1;1;1;1;1;1;1;1;1;1;1;1;1;1;1;1;1;1;1;1;1;1;1;1;1;1;1"
"4",8,"critical_wave_release_lpt",16,"case_000083",30,30,0,0.11955200135707855,0.12119679898023605,849.1613094186747,209.23393766773546,"critical_wave","release_lpt","release_lpt_critical_wave",128,3,"1;1;1;1;3;1;2;1;1;1;1;1;1;1;1;1;1;1;1;1;1;1;1;1;2;1;1;1;1;1"
"4",8,"critical_wave_release_lpt",16,"case_000084",24,23,1,0.4203519970178604,0.4280575901269913,1368.9105870562826,60.98812467140658,"critical_wave","release_lpt","release_lpt_critical_wave",176,1,"1;1;1;1;1;1;1;1;1;1;1;1;1;1;1;1;1;1;1;1;1;1;1;1"
"4",8,"critical_wave_release_lpt",16,"case_000085",44,44,0,0.13761600106954575,0.13884800672531128,1210.2215518080216,297.9095430863571,"critical_wave","release_lpt","release_lpt_critical_wave",128,3,"3;1;1;1;1;1;1;1;1;1;1;1;1;1;1;1;2;1;1;1;1;1;2;1;1;2;1;2;1;1;1;1;1;1;1;1;1;1;1;1;1;1;1;1"
"4",8,"critical_wave_release_lpt",16,"case_000086",35,35,0,0.13179200142621994,0.13325440138578415,986.5974476212141,242.89959674010376,"critical_wave","release_lpt","release_lpt_critical_wave",128,2,"2;1;1;1;1;1;1;1;1;1;1;1;1;1;1;1;1;1;1;1;1;1;1;1;1;1;1;1;2;1;1;1;1;1;1"
"4",8,"critical_wave_release_lpt",16,"case_000087",35,35,0,0.12851200252771378,0.1297920048236847,924.4445395859437,227.77738595807367,"critical_wave","release_lpt","release_lpt_critical_wave",128,2,"1;1;2;1;1;1;1;1;1;1;1;1;1;1;1;1;1;1;1;1;1;1;1;1;1;1;1;1;1;1;1;1;1;1;1"
"4",8,"critical_wave_release_lpt",16,"case_000088",38,38,0,0.13203200697898865,0.13358080387115479,1001.868045928065,246.79785413839508,"critical_wave","release_lpt","release_lpt_critical_wave",128,2,"1;1;1;1;1;1;1;1;1;1;1;1;1;2;1;1;1;1;1;1;1;1;1;1;1;1;1;1;1;1;1;1;1;1;1;1;1;1"
"4",8,"critical_wave_release_lpt",16,"case_000089",40,39,1,0.678704023361206,0.7057408213615417,2900.796582395114,59.01892816492411,"critical_wave","release_lpt","release_lpt_critical_wave",176,1,"1;1;1;1;1;1;1;1;1;1;1;1;1;1;1;1;1;1;1;1;1;1;1;1;1;1;1;1;1;1;1;1;1;1;1;1;1;1;1;1"
"4",8,"critical_wave_release_lpt",16,"case_000090",42,41,1,0.5791840255260468,0.5861088037490845,2459.497003015906,70.58901868515258,"critical_wave","release_lpt","release_lpt_critical_wave",176,1,"1;1;1;1;1;1;1;1;1;1;1;1;1;1;1;1;1;1;1;1;1;1;1;1;1;1;1;1;1;1;1;1;1;1;1;1;1;1;1;1;1;1"
"4",8,"critical_wave_release_lpt",16,"case_000091",43,43,0,0.1403999999165535,0.14295680075883865,1222.279075370334,300.75031356906385,"critical_wave","release_lpt","release_lpt_critical_wave",176,1,"1;1;1;1;1;1;1;1;1;1;1;1;1;1;1;1;1;1;1;1;1;1;1;1;1;1;1;1;1;1;1;1;1;1;1;1;1;1;1;1;1;1;1"
"4",8,"critical_wave_release_lpt",16,"case_000092",31,31,0,0.1045759990811348,0.10608640238642693,958.2221087866906,236.2080804108341,"critical_wave","release_lpt","release_lpt_critical_wave",128,3,"3;1;1;1;1;1;1;1;1;1;1;1;1;1;1;1;1;1;1;1;1;1;1;1;1;1;1;1;1;1;1"
"4",8,"critical_wave_release_lpt",16,"case_000093",31,31,0,0.10382400080561638,0.10741120204329492,907.9258292934204,223.945136188031,"critical_wave","release_lpt","release_lpt_critical_wave",128,3,"3;1;1;1;1;1;1;1;1;1;1;1;1;1;1;1;1;1;1;1;1;1;1;1;1;1;1;1;1;1;1"
"4",8,"critical_wave_release_lpt",16,"case_000094",22,22,0,0.09396800026297569,0.09739200249314309,711.9019547589295,175.5947551700882,"critical_wave","release_lpt","release_lpt_critical_wave",128,2,"1;1;1;1;1;1;1;1;1;1;1;1;1;2;1;1;1;1;1;1;1;1"
"4",8,"critical_wave_release_lpt",16,"case_000095",35,35,0,0.10260799899697304,0.10407040268182755,877.5071721519117,216.84391292589555,"critical_wave","release_lpt","release_lpt_critical_wave",176,1,"1;1;1;1;1;1;1;1;1;1;1;1;1;1;1;1;1;1;1;1;1;1;1;1;1;1;1;1;1;1;1;1;1;1;1"
"4",8,"critical_wave_release_lpt",16,"case_000096",23,23,0,0.088128000497818,0.0904416024684906,517.4836397783603,128.33478504122,"critical_wave","release_lpt","release_lpt_critical_wave",128,2,"1;1;1;1;1;1;1;1;1;2;1;1;1;1;1;1;1;1;1;1;1;1;1"
"4",8,"critical_wave_release_lpt",16,"case_000097",30,29,1,0.11086400225758553,0.11259520053863525,809.2842230929035,198.02683966785858,"critical_wave","release_lpt","release_lpt_critical_wave",128,2,"1;1;1;1;1;1;1;1;1;1;1;1;1;1;1;1;1;1;1;1;1;1;1;1;1;1;1;1;2;1"
"4",8,"critical_wave_release_lpt",16,"case_000098",45,43,2,1.2451840043067932,1.2494112014770509,3043.7874631564787,35.20523219731248,"critical_wave","release_lpt","release_lpt_critical_wave",176,1,"1;1;1;1;1;1;1;1;1;1;1;1;1;1;1;1;1;1;1;1;1;1;1;1;1;1;1;1;1;1;1;1;1;1;1;1;1;1;1;1;1;1;1;1;1"
"4",8,"critical_wave_release_lpt",16,"case_000099",7,7,0,0.0830719992518425,0.08388159796595573,651.3476299031036,159.6648704672389,"critical_wave","release_lpt","release_lpt_critical_wave",128,4,"1;4;2;1;1;1;1"
