arrival_time_scale,dcp_size,strategy,comm_sm,case_id,batch_type,kernel_done_p50_us,kernel_done_p90_us,source_log
1,2,fa3_native_fifo,12,case_000000,decode_only,51.904,54.371,arrival_1_dcp_2_fa3_native_fifo.log
1,2,fa3_native_fifo,12,case_000001,decode_only,47.984,49.638,arrival_1_dcp_2_fa3_native_fifo.log
1,2,fa3_native_fifo,12,case_000002,decode_only,73.408,75.619,arrival_1_dcp_2_fa3_native_fifo.log
1,2,fa3_native_fifo,12,case_000003,decode_only,55.744,57.619,arrival_1_dcp_2_fa3_native_fifo.log
1,2,fa3_native_fifo,12,case_000004,decode_only,62.288,63.622,arrival_1_dcp_2_fa3_native_fifo.log
1,2,fa3_native_fifo,12,case_000005,decode_only,51.312,53.446,arrival_1_dcp_2_fa3_native_fifo.log
1,2,fa3_native_fifo,12,case_000006,decode_only,65.76,67.76,arrival_1_dcp_2_fa3_native_fifo.log
1,2,fa3_native_fifo,12,case_000007,decode_only,44.608,46.403,arrival_1_dcp_2_fa3_native_fifo.log
1,2,fa3_native_fifo,12,case_000008,decode_only,56.224,58.317,arrival_1_dcp_2_fa3_native_fifo.log
1,2,fa3_native_fifo,12,case_000009,decode_only,55.728,58.314,arrival_1_dcp_2_fa3_native_fifo.log
1,2,fa3_native_fifo,12,case_000010,decode_only,58.8,61.44,arrival_1_dcp_2_fa3_native_fifo.log
1,2,fa3_native_fifo,12,case_000011,decode_only,50.896,55.747,arrival_1_dcp_2_fa3_native_fifo.log
1,2,fa3_native_fifo,12,case_000012,decode_only,62.048,66.627,arrival_1_dcp_2_fa3_native_fifo.log
1,2,fa3_native_fifo,12,case_000013,decode_only,72.336,73.664,arrival_1_dcp_2_fa3_native_fifo.log
1,2,fa3_native_fifo,12,case_000014,mixed_prefill,1934.848,1945.952,arrival_1_dcp_2_fa3_native_fifo.log
1,2,fa3_native_fifo,12,case_000015,decode_only,58.432,68.592,arrival_1_dcp_2_fa3_native_fifo.log
1,2,fa3_native_fifo,12,case_000016,decode_only,59.712,60.566,arrival_1_dcp_2_fa3_native_fifo.log
1,2,fa3_native_fifo,12,case_000017,decode_only,79.536,83.562,arrival_1_dcp_2_fa3_native_fifo.log
1,2,fa3_native_fifo,12,case_000018,decode_only,48.016,103.754,arrival_1_dcp_2_fa3_native_fifo.log
1,2,fa3_native_fifo,12,case_000019,decode_only,68.688,70.861,arrival_1_dcp_2_fa3_native_fifo.log
1,2,fa3_native_fifo,12,case_000020,mixed_prefill,216.448,219.05,arrival_1_dcp_2_fa3_native_fifo.log
1,2,fa3_native_fifo,12,case_000021,decode_only,51.68,53.187,arrival_1_dcp_2_fa3_native_fifo.log
1,2,fa3_native_fifo,12,case_000022,decode_only,48.016,51.12,arrival_1_dcp_2_fa3_native_fifo.log
1,2,fa3_native_fifo,12,case_000023,decode_only,48.448,50.502,arrival_1_dcp_2_fa3_native_fifo.log
1,2,fa3_native_fifo,12,case_000024,decode_only,40.96,42.848,arrival_1_dcp_2_fa3_native_fifo.log
1,2,fa3_native_fifo,12,case_000025,decode_only,68.928,74.579,arrival_1_dcp_2_fa3_native_fifo.log
1,2,fa3_native_fifo,12,case_000026,decode_only,51.376,52.867,arrival_1_dcp_2_fa3_native_fifo.log
1,2,fa3_native_fifo,12,case_000027,decode_only,62.528,66.109,arrival_1_dcp_2_fa3_native_fifo.log
1,2,fa3_native_fifo,12,case_000028,decode_only,59.568,65.69,arrival_1_dcp_2_fa3_native_fifo.log
1,2,fa3_native_fifo,12,case_000029,decode_only,78.88,80.778,arrival_1_dcp_2_fa3_native_fifo.log
1,2,fa3_native_fifo,12,case_000030,decode_only,62.48,66.339,arrival_1_dcp_2_fa3_native_fifo.log
1,2,fa3_native_fifo,12,case_000031,decode_only,46.752,54.698,arrival_1_dcp_2_fa3_native_fifo.log
1,2,fa3_native_fifo,12,case_000032,mixed_prefill,1450.08,1470.323,arrival_1_dcp_2_fa3_native_fifo.log
1,2,fa3_native_fifo,12,case_000033,decode_only,60.48,61.347,arrival_1_dcp_2_fa3_native_fifo.log
1,2,fa3_native_fifo,12,case_000034,decode_only,59.232,60.547,arrival_1_dcp_2_fa3_native_fifo.log
1,2,fa3_native_fifo,12,case_000035,decode_only,47.184,49.574,arrival_1_dcp_2_fa3_native_fifo.log
1,2,fa3_native_fifo,12,case_000036,decode_only,76.496,78.442,arrival_1_dcp_2_fa3_native_fifo.log
1,2,fa3_native_fifo,12,case_000037,mixed_prefill,137.28,139.866,arrival_1_dcp_2_fa3_native_fifo.log
1,2,fa3_native_fifo,12,case_000038,decode_only,42.112,56.838,arrival_1_dcp_2_fa3_native_fifo.log
1,2,fa3_native_fifo,12,case_000039,decode_only,42.352,45.357,arrival_1_dcp_2_fa3_native_fifo.log
1,2,fa3_native_fifo,12,case_000040,decode_only,52.704,54.512,arrival_1_dcp_2_fa3_native_fifo.log
1,2,fa3_native_fifo,12,case_000041,decode_only,45.616,55.782,arrival_1_dcp_2_fa3_native_fifo.log
1,2,fa3_native_fifo,12,case_000042,decode_only,80.864,82.067,arrival_1_dcp_2_fa3_native_fifo.log
1,2,fa3_native_fifo,12,case_000043,decode_only,70.416,73.299,arrival_1_dcp_2_fa3_native_fifo.log
1,2,fa3_native_fifo,12,case_000044,mixed_prefill,63.376,66.23,arrival_1_dcp_2_fa3_native_fifo.log
1,2,fa3_native_fifo,12,case_000045,decode_only,45.664,47.475,arrival_1_dcp_2_fa3_native_fifo.log
1,2,fa3_native_fifo,12,case_000046,decode_only,55.184,56.781,arrival_1_dcp_2_fa3_native_fifo.log
1,2,fa3_native_fifo,12,case_000047,decode_only,81.472,83.235,arrival_1_dcp_2_fa3_native_fifo.log
1,2,fa3_native_fifo,12,case_000048,decode_only,45.744,46.784,arrival_1_dcp_2_fa3_native_fifo.log
1,2,fa3_native_fifo,12,case_000049,decode_only,66.528,67.981,arrival_1_dcp_2_fa3_native_fifo.log
1,2,fa3_native_fifo,12,case_000050,decode_only,55.6,58.112,arrival_1_dcp_2_fa3_native_fifo.log
1,2,fa3_native_fifo,12,case_000051,decode_only,46.448,51.594,arrival_1_dcp_2_fa3_native_fifo.log
1,2,fa3_native_fifo,12,case_000052,decode_only,50.672,52.032,arrival_1_dcp_2_fa3_native_fifo.log
1,2,fa3_native_fifo,12,case_000053,decode_only,56.224,57.763,arrival_1_dcp_2_fa3_native_fifo.log
1,2,fa3_native_fifo,12,case_000054,mixed_prefill,73.712,75.366,arrival_1_dcp_2_fa3_native_fifo.log
1,2,fa3_native_fifo,12,case_000055,decode_only,47.44,49.955,arrival_1_dcp_2_fa3_native_fifo.log
1,2,fa3_native_fifo,12,case_000056,decode_only,53.2,55.229,arrival_1_dcp_2_fa3_native_fifo.log
1,2,fa3_native_fifo,12,case_000057,decode_only,61.312,68.515,arrival_1_dcp_2_fa3_native_fifo.log
1,2,fa3_native_fifo,12,case_000058,decode_only,64.72,67.35,arrival_1_dcp_2_fa3_native_fifo.log
1,2,fa3_native_fifo,12,case_000059,mixed_prefill,285.264,288.195,arrival_1_dcp_2_fa3_native_fifo.log
1,2,fa3_native_fifo,12,case_000060,decode_only,57.056,58.765,arrival_1_dcp_2_fa3_native_fifo.log
1,2,fa3_native_fifo,12,case_000061,decode_only,52.96,55.907,arrival_1_dcp_2_fa3_native_fifo.log
1,2,fa3_native_fifo,12,case_000062,decode_only,68.656,70.57,arrival_1_dcp_2_fa3_native_fifo.log
1,2,fa3_native_fifo,12,case_000063,decode_only,56.72,57.408,arrival_1_dcp_2_fa3_native_fifo.log
1,2,fa3_native_fifo,12,case_000064,decode_only,47.392,48.451,arrival_1_dcp_2_fa3_native_fifo.log
1,2,fa3_native_fifo,12,case_000065,mixed_prefill,51.552,53.085,arrival_1_dcp_2_fa3_native_fifo.log
1,2,fa3_native_fifo,12,case_000066,decode_only,43.664,45.158,arrival_1_dcp_2_fa3_native_fifo.log
1,2,fa3_native_fifo,12,case_000067,decode_only,46.96,48.077,arrival_1_dcp_2_fa3_native_fifo.log
1,2,fa3_native_fifo,12,case_000068,decode_only,54.832,56.451,arrival_1_dcp_2_fa3_native_fifo.log
1,2,fa3_native_fifo,12,case_000069,decode_only,71.344,72.621,arrival_1_dcp_2_fa3_native_fifo.log
1,2,fa3_native_fifo,12,case_000070,decode_only,47.136,48.426,arrival_1_dcp_2_fa3_native_fifo.log
1,2,fa3_native_fifo,12,case_000071,decode_only,83.216,87.107,arrival_1_dcp_2_fa3_native_fifo.log
1,2,fa3_native_fifo,12,case_000072,decode_only,38.272,39.968,arrival_1_dcp_2_fa3_native_fifo.log
1,2,fa3_native_fifo,12,case_000073,decode_only,88.0,89.232,arrival_1_dcp_2_fa3_native_fifo.log
1,2,fa3_native_fifo,12,case_000074,decode_only,71.776,73.923,arrival_1_dcp_2_fa3_native_fifo.log
1,2,fa3_native_fifo,12,case_000075,decode_only,52.448,53.478,arrival_1_dcp_2_fa3_native_fifo.log
1,2,fa3_native_fifo,12,case_000076,decode_only,49.424,51.459,arrival_1_dcp_2_fa3_native_fifo.log
1,2,fa3_native_fifo,12,case_000077,mixed_prefill,830.288,834.189,arrival_1_dcp_2_fa3_native_fifo.log
1,2,fa3_native_fifo,12,case_000078,decode_only,60.768,61.795,arrival_1_dcp_2_fa3_native_fifo.log
1,2,fa3_native_fifo,12,case_000079,mixed_prefill,70.928,73.44,arrival_1_dcp_2_fa3_native_fifo.log
1,2,fa3_native_fifo,12,case_000080,decode_only,51.968,53.315,arrival_1_dcp_2_fa3_native_fifo.log
1,2,fa3_native_fifo,12,case_000081,decode_only,52.64,53.853,arrival_1_dcp_2_fa3_native_fifo.log
1,2,fa3_native_fifo,12,case_000082,decode_only,55.6,56.778,arrival_1_dcp_2_fa3_native_fifo.log
1,2,fa3_native_fifo,12,case_000083,decode_only,69.392,70.726,arrival_1_dcp_2_fa3_native_fifo.log
1,2,fa3_native_fifo,12,case_000084,mixed_prefill,409.92,414.355,arrival_1_dcp_2_fa3_native_fifo.log
1,2,fa3_native_fifo,12,case_000085,decode_only,61.984,64.102,arrival_1_dcp_2_fa3_native_fifo.log
1,2,fa3_native_fifo,12,case_000086,decode_only,48.336,49.914,arrival_1_dcp_2_fa3_native_fifo.log
1,2,fa3_native_fifo,12,case_000087,decode_only,47.984,49.632,arrival_1_dcp_2_fa3_native_fifo.log
1,2,fa3_native_fifo,12,case_000088,decode_only,68.72,70.87,arrival_1_dcp_2_fa3_native_fifo.log
1,2,fa3_native_fifo,12,case_000089,decode_only,73.056,78.858,arrival_1_dcp_2_fa3_native_fifo.log
1,2,fa3_native_fifo,12,case_000090,decode_only,64.912,67.888,arrival_1_dcp_2_fa3_native_fifo.log
1,2,fa3_native_fifo,12,case_000091,mixed_prefill,342.848,346.592,arrival_1_dcp_2_fa3_native_fifo.log
1,2,fa3_native_fifo,12,case_000092,decode_only,63.216,66.749,arrival_1_dcp_2_fa3_native_fifo.log
1,2,fa3_native_fifo,12,case_000093,decode_only,59.616,60.518,arrival_1_dcp_2_fa3_native_fifo.log
1,2,fa3_native_fifo,12,case_000094,decode_only,49.552,50.669,arrival_1_dcp_2_fa3_native_fifo.log
1,2,fa3_native_fifo,12,case_000095,decode_only,55.408,56.826,arrival_1_dcp_2_fa3_native_fifo.log
1,2,fa3_native_fifo,12,case_000096,decode_only,72.96,74.656,arrival_1_dcp_2_fa3_native_fifo.log
1,2,fa3_native_fifo,12,case_000097,decode_only,60.272,62.294,arrival_1_dcp_2_fa3_native_fifo.log
1,2,fa3_native_fifo,12,case_000098,mixed_prefill,40.544,42.694,arrival_1_dcp_2_fa3_native_fifo.log
1,2,fa3_native_fifo,12,case_000099,decode_only,48.016,48.934,arrival_1_dcp_2_fa3_native_fifo.log
1,2,critical_wave_auto_lpt,12,case_000000,decode_only,52.592,54.822,arrival_1_dcp_2_critical_wave_auto_lpt.log
1,2,critical_wave_auto_lpt,12,case_000001,decode_only,44.768,46.464,arrival_1_dcp_2_critical_wave_auto_lpt.log
1,2,critical_wave_auto_lpt,12,case_000002,decode_only,72.496,77.709,arrival_1_dcp_2_critical_wave_auto_lpt.log
1,2,critical_wave_auto_lpt,12,case_000003,decode_only,70.016,73.808,arrival_1_dcp_2_critical_wave_auto_lpt.log
1,2,critical_wave_auto_lpt,12,case_000004,decode_only,54.8,55.731,arrival_1_dcp_2_critical_wave_auto_lpt.log
1,2,critical_wave_auto_lpt,12,case_000005,decode_only,67.024,73.542,arrival_1_dcp_2_critical_wave_auto_lpt.log
1,2,critical_wave_auto_lpt,12,case_000006,decode_only,83.776,89.178,arrival_1_dcp_2_critical_wave_auto_lpt.log
1,2,critical_wave_auto_lpt,12,case_000007,decode_only,52.032,54.032,arrival_1_dcp_2_critical_wave_auto_lpt.log
1,2,critical_wave_auto_lpt,12,case_000008,decode_only,55.392,58.166,arrival_1_dcp_2_critical_wave_auto_lpt.log
1,2,critical_wave_auto_lpt,12,case_000009,decode_only,54.784,55.862,arrival_1_dcp_2_critical_wave_auto_lpt.log
1,2,critical_wave_auto_lpt,12,case_000010,decode_only,53.328,55.306,arrival_1_dcp_2_critical_wave_auto_lpt.log
1,2,critical_wave_auto_lpt,12,case_000011,decode_only,61.904,62.915,arrival_1_dcp_2_critical_wave_auto_lpt.log
1,2,critical_wave_auto_lpt,12,case_000012,decode_only,66.784,68.474,arrival_1_dcp_2_critical_wave_auto_lpt.log
1,2,critical_wave_auto_lpt,12,case_000013,decode_only,80.384,89.549,arrival_1_dcp_2_critical_wave_auto_lpt.log
1,2,critical_wave_auto_lpt,12,case_000014,mixed_prefill,1843.632,1865.578,arrival_1_dcp_2_critical_wave_auto_lpt.log
1,2,critical_wave_auto_lpt,12,case_000015,decode_only,56.624,57.728,arrival_1_dcp_2_critical_wave_auto_lpt.log
1,2,critical_wave_auto_lpt,12,case_000016,decode_only,59.776,61.546,arrival_1_dcp_2_critical_wave_auto_lpt.log
1,2,critical_wave_auto_lpt,12,case_000017,decode_only,64.608,65.606,arrival_1_dcp_2_critical_wave_auto_lpt.log
1,2,critical_wave_auto_lpt,12,case_000018,decode_only,63.76,65.59,arrival_1_dcp_2_critical_wave_auto_lpt.log
1,2,critical_wave_auto_lpt,12,case_000019,decode_only,82.32,86.326,arrival_1_dcp_2_critical_wave_auto_lpt.log
1,2,critical_wave_auto_lpt,12,case_000020,mixed_prefill,156.288,159.226,arrival_1_dcp_2_critical_wave_auto_lpt.log
1,2,critical_wave_auto_lpt,12,case_000021,decode_only,49.888,51.203,arrival_1_dcp_2_critical_wave_auto_lpt.log
1,2,critical_wave_auto_lpt,12,case_000022,decode_only,61.888,64.522,arrival_1_dcp_2_critical_wave_auto_lpt.log
1,2,critical_wave_auto_lpt,12,case_000023,decode_only,62.544,64.413,arrival_1_dcp_2_critical_wave_auto_lpt.log
1,2,critical_wave_auto_lpt,12,case_000024,decode_only,37.376,39.866,arrival_1_dcp_2_critical_wave_auto_lpt.log
1,2,critical_wave_auto_lpt,12,case_000025,decode_only,73.616,75.283,arrival_1_dcp_2_critical_wave_auto_lpt.log
1,2,critical_wave_auto_lpt,12,case_000026,decode_only,55.808,56.982,arrival_1_dcp_2_critical_wave_auto_lpt.log
1,2,critical_wave_auto_lpt,12,case_000027,decode_only,61.792,62.688,arrival_1_dcp_2_critical_wave_auto_lpt.log
1,2,critical_wave_auto_lpt,12,case_000028,decode_only,81.856,82.838,arrival_1_dcp_2_critical_wave_auto_lpt.log
1,2,critical_wave_auto_lpt,12,case_000029,decode_only,79.088,83.984,arrival_1_dcp_2_critical_wave_auto_lpt.log
1,2,critical_wave_auto_lpt,12,case_000030,decode_only,66.016,67.715,arrival_1_dcp_2_critical_wave_auto_lpt.log
1,2,critical_wave_auto_lpt,12,case_000031,decode_only,50.768,52.416,arrival_1_dcp_2_critical_wave_auto_lpt.log
1,2,critical_wave_auto_lpt,12,case_000032,mixed_prefill,1374.016,1379.501,arrival_1_dcp_2_critical_wave_auto_lpt.log
1,2,critical_wave_auto_lpt,12,case_000033,decode_only,59.456,61.021,arrival_1_dcp_2_critical_wave_auto_lpt.log
1,2,critical_wave_auto_lpt,12,case_000034,decode_only,59.152,60.131,arrival_1_dcp_2_critical_wave_auto_lpt.log
1,2,critical_wave_auto_lpt,12,case_000035,decode_only,56.992,59.107,arrival_1_dcp_2_critical_wave_auto_lpt.log
1,2,critical_wave_auto_lpt,12,case_000036,decode_only,81.408,86.554,arrival_1_dcp_2_critical_wave_auto_lpt.log
1,2,critical_wave_auto_lpt,12,case_000037,mixed_prefill,137.872,139.818,arrival_1_dcp_2_critical_wave_auto_lpt.log
1,2,critical_wave_auto_lpt,12,case_000038,decode_only,40.672,42.294,arrival_1_dcp_2_critical_wave_auto_lpt.log
1,2,critical_wave_auto_lpt,12,case_000039,decode_only,42.256,43.402,arrival_1_dcp_2_critical_wave_auto_lpt.log
1,2,critical_wave_auto_lpt,12,case_000040,decode_only,67.84,69.616,arrival_1_dcp_2_critical_wave_auto_lpt.log
1,2,critical_wave_auto_lpt,12,case_000041,decode_only,55.744,66.086,arrival_1_dcp_2_critical_wave_auto_lpt.log
1,2,critical_wave_auto_lpt,12,case_000042,decode_only,80.224,81.728,arrival_1_dcp_2_critical_wave_auto_lpt.log
1,2,critical_wave_auto_lpt,12,case_000043,decode_only,84.304,86.509,arrival_1_dcp_2_critical_wave_auto_lpt.log
1,2,critical_wave_auto_lpt,12,case_000044,mixed_prefill,62.544,64.781,arrival_1_dcp_2_critical_wave_auto_lpt.log
1,2,critical_wave_auto_lpt,12,case_000045,decode_only,54.736,55.565,arrival_1_dcp_2_critical_wave_auto_lpt.log
1,2,critical_wave_auto_lpt,12,case_000046,decode_only,49.04,52.864,arrival_1_dcp_2_critical_wave_auto_lpt.log
1,2,critical_wave_auto_lpt,12,case_000047,decode_only,78.176,79.875,arrival_1_dcp_2_critical_wave_auto_lpt.log
1,2,critical_wave_auto_lpt,12,case_000048,decode_only,42.976,44.877,arrival_1_dcp_2_critical_wave_auto_lpt.log
1,2,critical_wave_auto_lpt,12,case_000049,decode_only,87.632,88.736,arrival_1_dcp_2_critical_wave_auto_lpt.log
1,2,critical_wave_auto_lpt,12,case_000050,decode_only,54.0,55.482,arrival_1_dcp_2_critical_wave_auto_lpt.log
1,2,critical_wave_auto_lpt,12,case_000051,decode_only,43.312,44.768,arrival_1_dcp_2_critical_wave_auto_lpt.log
1,2,critical_wave_auto_lpt,12,case_000052,decode_only,55.712,57.824,arrival_1_dcp_2_critical_wave_auto_lpt.log
1,2,critical_wave_auto_lpt,12,case_000053,decode_only,52.144,53.293,arrival_1_dcp_2_critical_wave_auto_lpt.log
1,2,critical_wave_auto_lpt,12,case_000054,mixed_prefill,70.88,72.173,arrival_1_dcp_2_critical_wave_auto_lpt.log
1,2,critical_wave_auto_lpt,12,case_000055,decode_only,44.288,45.568,arrival_1_dcp_2_critical_wave_auto_lpt.log
1,2,critical_wave_auto_lpt,12,case_000056,decode_only,50.016,50.701,arrival_1_dcp_2_critical_wave_auto_lpt.log
1,2,critical_wave_auto_lpt,12,case_000057,decode_only,69.456,71.59,arrival_1_dcp_2_critical_wave_auto_lpt.log
1,2,critical_wave_auto_lpt,12,case_000058,decode_only,52.016,53.226,arrival_1_dcp_2_critical_wave_auto_lpt.log
1,2,critical_wave_auto_lpt,12,case_000059,mixed_prefill,277.648,281.398,arrival_1_dcp_2_critical_wave_auto_lpt.log
1,2,critical_wave_auto_lpt,12,case_000060,decode_only,69.264,71.482,arrival_1_dcp_2_critical_wave_auto_lpt.log
1,2,critical_wave_auto_lpt,12,case_000061,decode_only,47.504,48.592,arrival_1_dcp_2_critical_wave_auto_lpt.log
1,2,critical_wave_auto_lpt,12,case_000062,decode_only,59.616,60.547,arrival_1_dcp_2_critical_wave_auto_lpt.log
1,2,critical_wave_auto_lpt,12,case_000063,decode_only,62.64,64.87,arrival_1_dcp_2_critical_wave_auto_lpt.log
1,2,critical_wave_auto_lpt,12,case_000064,decode_only,57.28,59.843,arrival_1_dcp_2_critical_wave_auto_lpt.log
1,2,critical_wave_auto_lpt,12,case_000065,mixed_prefill,50.512,53.837,arrival_1_dcp_2_critical_wave_auto_lpt.log
1,2,critical_wave_auto_lpt,12,case_000066,decode_only,42.352,43.35,arrival_1_dcp_2_critical_wave_auto_lpt.log
1,2,critical_wave_auto_lpt,12,case_000067,decode_only,52.464,53.782,arrival_1_dcp_2_critical_wave_auto_lpt.log
1,2,critical_wave_auto_lpt,12,case_000068,decode_only,50.528,51.958,arrival_1_dcp_2_critical_wave_auto_lpt.log
1,2,critical_wave_auto_lpt,12,case_000069,decode_only,71.504,80.301,arrival_1_dcp_2_critical_wave_auto_lpt.log
1,2,critical_wave_auto_lpt,12,case_000070,decode_only,50.32,51.21,arrival_1_dcp_2_critical_wave_auto_lpt.log
1,2,critical_wave_auto_lpt,12,case_000071,decode_only,67.344,68.826,arrival_1_dcp_2_critical_wave_auto_lpt.log
1,2,critical_wave_auto_lpt,12,case_000072,decode_only,36.016,37.446,arrival_1_dcp_2_critical_wave_auto_lpt.log
1,2,critical_wave_auto_lpt,12,case_000073,decode_only,74.64,80.928,arrival_1_dcp_2_critical_wave_auto_lpt.log
1,2,critical_wave_auto_lpt,12,case_000074,decode_only,72.704,73.862,arrival_1_dcp_2_critical_wave_auto_lpt.log
1,2,critical_wave_auto_lpt,12,case_000075,decode_only,49.632,51.094,arrival_1_dcp_2_critical_wave_auto_lpt.log
1,2,critical_wave_auto_lpt,12,case_000076,decode_only,54.432,55.206,arrival_1_dcp_2_critical_wave_auto_lpt.log
1,2,critical_wave_auto_lpt,12,case_000077,mixed_prefill,748.416,769.597,arrival_1_dcp_2_critical_wave_auto_lpt.log
1,2,critical_wave_auto_lpt,12,case_000078,decode_only,57.808,59.018,arrival_1_dcp_2_critical_wave_auto_lpt.log
1,2,critical_wave_auto_lpt,12,case_000079,mixed_prefill,62.848,65.578,arrival_1_dcp_2_critical_wave_auto_lpt.log
1,2,critical_wave_auto_lpt,12,case_000080,decode_only,58.368,63.789,arrival_1_dcp_2_critical_wave_auto_lpt.log
1,2,critical_wave_auto_lpt,12,case_000081,decode_only,59.136,65.36,arrival_1_dcp_2_critical_wave_auto_lpt.log
1,2,critical_wave_auto_lpt,12,case_000082,decode_only,53.056,57.562,arrival_1_dcp_2_critical_wave_auto_lpt.log
1,2,critical_wave_auto_lpt,12,case_000083,decode_only,71.376,72.352,arrival_1_dcp_2_critical_wave_auto_lpt.log
1,2,critical_wave_auto_lpt,12,case_000084,mixed_prefill,140.912,142.173,arrival_1_dcp_2_critical_wave_auto_lpt.log
1,2,critical_wave_auto_lpt,12,case_000085,decode_only,57.936,61.69,arrival_1_dcp_2_critical_wave_auto_lpt.log
1,2,critical_wave_auto_lpt,12,case_000086,decode_only,48.4,54.243,arrival_1_dcp_2_critical_wave_auto_lpt.log
1,2,critical_wave_auto_lpt,12,case_000087,decode_only,63.488,64.144,arrival_1_dcp_2_critical_wave_auto_lpt.log
1,2,critical_wave_auto_lpt,12,case_000088,decode_only,82.272,85.754,arrival_1_dcp_2_critical_wave_auto_lpt.log
1,2,critical_wave_auto_lpt,12,case_000089,decode_only,98.128,99.827,arrival_1_dcp_2_critical_wave_auto_lpt.log
1,2,critical_wave_auto_lpt,12,case_000090,decode_only,73.6,74.656,arrival_1_dcp_2_critical_wave_auto_lpt.log
1,2,critical_wave_auto_lpt,12,case_000091,mixed_prefill,193.68,195.286,arrival_1_dcp_2_critical_wave_auto_lpt.log
1,2,critical_wave_auto_lpt,12,case_000092,decode_only,62.368,63.043,arrival_1_dcp_2_critical_wave_auto_lpt.log
1,2,critical_wave_auto_lpt,12,case_000093,decode_only,79.632,84.134,arrival_1_dcp_2_critical_wave_auto_lpt.log
1,2,critical_wave_auto_lpt,12,case_000094,decode_only,49.28,51.674,arrival_1_dcp_2_critical_wave_auto_lpt.log
1,2,critical_wave_auto_lpt,12,case_000095,decode_only,49.872,50.79,arrival_1_dcp_2_critical_wave_auto_lpt.log
1,2,critical_wave_auto_lpt,12,case_000096,decode_only,75.2,77.344,arrival_1_dcp_2_critical_wave_auto_lpt.log
1,2,critical_wave_auto_lpt,12,case_000097,decode_only,52.08,53.133,arrival_1_dcp_2_critical_wave_auto_lpt.log
1,2,critical_wave_auto_lpt,12,case_000098,mixed_prefill,39.984,40.768,arrival_1_dcp_2_critical_wave_auto_lpt.log
1,2,critical_wave_auto_lpt,12,case_000099,decode_only,58.896,61.027,arrival_1_dcp_2_critical_wave_auto_lpt.log
1,4,fa3_native_fifo,16,case_000000,decode_only,47.904,49.059,arrival_1_dcp_4_fa3_native_fifo.log
1,4,fa3_native_fifo,16,case_000001,decode_only,42.4,49.389,arrival_1_dcp_4_fa3_native_fifo.log
1,4,fa3_native_fifo,16,case_000002,decode_only,55.584,57.645,arrival_1_dcp_4_fa3_native_fifo.log
1,4,fa3_native_fifo,16,case_000003,decode_only,46.656,48.24,arrival_1_dcp_4_fa3_native_fifo.log
1,4,fa3_native_fifo,16,case_000004,decode_only,49.6,52.474,arrival_1_dcp_4_fa3_native_fifo.log
1,4,fa3_native_fifo,16,case_000005,decode_only,45.52,47.043,arrival_1_dcp_4_fa3_native_fifo.log
1,4,fa3_native_fifo,16,case_000006,decode_only,65.776,66.774,arrival_1_dcp_4_fa3_native_fifo.log
1,4,fa3_native_fifo,16,case_000007,decode_only,51.76,53.667,arrival_1_dcp_4_fa3_native_fifo.log
1,4,fa3_native_fifo,16,case_000008,decode_only,56.928,58.534,arrival_1_dcp_4_fa3_native_fifo.log
1,4,fa3_native_fifo,16,case_000009,decode_only,47.584,48.557,arrival_1_dcp_4_fa3_native_fifo.log
1,4,fa3_native_fifo,16,case_000010,decode_only,53.248,56.634,arrival_1_dcp_4_fa3_native_fifo.log
1,4,fa3_native_fifo,16,case_000011,decode_only,54.064,57.664,arrival_1_dcp_4_fa3_native_fifo.log
1,4,fa3_native_fifo,16,case_000012,decode_only,49.456,51.043,arrival_1_dcp_4_fa3_native_fifo.log
1,4,fa3_native_fifo,16,case_000013,decode_only,62.4,63.882,arrival_1_dcp_4_fa3_native_fifo.log
1,4,fa3_native_fifo,16,case_000014,mixed_prefill,1769.232,1774.445,arrival_1_dcp_4_fa3_native_fifo.log
1,4,fa3_native_fifo,16,case_000015,decode_only,50.192,52.013,arrival_1_dcp_4_fa3_native_fifo.log
1,4,fa3_native_fifo,16,case_000016,decode_only,80.688,83.622,arrival_1_dcp_4_fa3_native_fifo.log
1,4,fa3_native_fifo,16,case_000017,decode_only,60.288,61.472,arrival_1_dcp_4_fa3_native_fifo.log
1,4,fa3_native_fifo,16,case_000018,decode_only,57.168,60.758,arrival_1_dcp_4_fa3_native_fifo.log
1,4,fa3_native_fifo,16,case_000019,decode_only,65.248,67.594,arrival_1_dcp_4_fa3_native_fifo.log
1,4,fa3_native_fifo,16,case_000020,mixed_prefill,189.216,192.624,arrival_1_dcp_4_fa3_native_fifo.log
1,4,fa3_native_fifo,16,case_000021,decode_only,80.256,88.877,arrival_1_dcp_4_fa3_native_fifo.log
1,4,fa3_native_fifo,16,case_000022,decode_only,50.32,52.131,arrival_1_dcp_4_fa3_native_fifo.log
1,4,fa3_native_fifo,16,case_000023,decode_only,51.136,68.826,arrival_1_dcp_4_fa3_native_fifo.log
1,4,fa3_native_fifo,16,case_000024,decode_only,38.16,40.33,arrival_1_dcp_4_fa3_native_fifo.log
1,4,fa3_native_fifo,16,case_000025,decode_only,58.992,64.461,arrival_1_dcp_4_fa3_native_fifo.log
1,4,fa3_native_fifo,16,case_000026,decode_only,48.272,51.744,arrival_1_dcp_4_fa3_native_fifo.log
1,4,fa3_native_fifo,16,case_000027,decode_only,53.648,54.992,arrival_1_dcp_4_fa3_native_fifo.log
1,4,fa3_native_fifo,16,case_000028,decode_only,52.384,53.67,arrival_1_dcp_4_fa3_native_fifo.log
1,4,fa3_native_fifo,16,case_000029,decode_only,64.112,71.408,arrival_1_dcp_4_fa3_native_fifo.log
1,4,fa3_native_fifo,16,case_000030,decode_only,55.76,58.23,arrival_1_dcp_4_fa3_native_fifo.log
1,4,fa3_native_fifo,16,case_000031,decode_only,43.136,46.17,arrival_1_dcp_4_fa3_native_fifo.log
1,4,fa3_native_fifo,16,case_000032,mixed_prefill,1272.464,1301.421,arrival_1_dcp_4_fa3_native_fifo.log
1,4,fa3_native_fifo,16,case_000033,decode_only,53.712,55.587,arrival_1_dcp_4_fa3_native_fifo.log
1,4,fa3_native_fifo,16,case_000034,decode_only,49.488,51.728,arrival_1_dcp_4_fa3_native_fifo.log
1,4,fa3_native_fifo,16,case_000035,decode_only,72.4,74.816,arrival_1_dcp_4_fa3_native_fifo.log
1,4,fa3_native_fifo,16,case_000036,decode_only,62.912,64.429,arrival_1_dcp_4_fa3_native_fifo.log
1,4,fa3_native_fifo,16,case_000037,mixed_prefill,149.04,150.419,arrival_1_dcp_4_fa3_native_fifo.log
1,4,fa3_native_fifo,16,case_000038,decode_only,46.576,48.333,arrival_1_dcp_4_fa3_native_fifo.log
1,4,fa3_native_fifo,16,case_000039,decode_only,46.64,51.597,arrival_1_dcp_4_fa3_native_fifo.log
1,4,fa3_native_fifo,16,case_000040,decode_only,56.912,59.229,arrival_1_dcp_4_fa3_native_fifo.log
1,4,fa3_native_fifo,16,case_000041,decode_only,68.528,217.354,arrival_1_dcp_4_fa3_native_fifo.log
1,4,fa3_native_fifo,16,case_000042,decode_only,76.032,77.283,arrival_1_dcp_4_fa3_native_fifo.log
1,4,fa3_native_fifo,16,case_000043,decode_only,92.704,291.066,arrival_1_dcp_4_fa3_native_fifo.log
1,4,fa3_native_fifo,16,case_000044,mixed_prefill,86.112,88.582,arrival_1_dcp_4_fa3_native_fifo.log
1,4,fa3_native_fifo,16,case_000045,decode_only,43.36,54.941,arrival_1_dcp_4_fa3_native_fifo.log
1,4,fa3_native_fifo,16,case_000046,decode_only,45.616,46.694,arrival_1_dcp_4_fa3_native_fifo.log
1,4,fa3_native_fifo,16,case_000047,decode_only,60.672,62.096,arrival_1_dcp_4_fa3_native_fifo.log
1,4,fa3_native_fifo,16,case_000048,decode_only,54.768,56.49,arrival_1_dcp_4_fa3_native_fifo.log
1,4,fa3_native_fifo,16,case_000049,decode_only,78.416,81.184,arrival_1_dcp_4_fa3_native_fifo.log
1,4,fa3_native_fifo,16,case_000050,decode_only,47.168,164.88,arrival_1_dcp_4_fa3_native_fifo.log
1,4,fa3_native_fifo,16,case_000051,decode_only,71.952,74.454,arrival_1_dcp_4_fa3_native_fifo.log
1,4,fa3_native_fifo,16,case_000052,decode_only,46.32,53.242,arrival_1_dcp_4_fa3_native_fifo.log
1,4,fa3_native_fifo,16,case_000053,decode_only,52.88,54.944,arrival_1_dcp_4_fa3_native_fifo.log
1,4,fa3_native_fifo,16,case_000054,mixed_prefill,79.872,82.352,arrival_1_dcp_4_fa3_native_fifo.log
1,4,fa3_native_fifo,16,case_000055,decode_only,42.384,45.062,arrival_1_dcp_4_fa3_native_fifo.log
1,4,fa3_native_fifo,16,case_000056,decode_only,47.888,49.558,arrival_1_dcp_4_fa3_native_fifo.log
1,4,fa3_native_fifo,16,case_000057,decode_only,56.368,58.128,arrival_1_dcp_4_fa3_native_fifo.log
1,4,fa3_native_fifo,16,case_000058,decode_only,54.72,56.749,arrival_1_dcp_4_fa3_native_fifo.log
1,4,fa3_native_fifo,16,case_000059,mixed_prefill,324.448,327.907,arrival_1_dcp_4_fa3_native_fifo.log
1,4,fa3_native_fifo,16,case_000060,decode_only,58.768,63.101,arrival_1_dcp_4_fa3_native_fifo.log
1,4,fa3_native_fifo,16,case_000061,decode_only,67.84,71.654,arrival_1_dcp_4_fa3_native_fifo.log
1,4,fa3_native_fifo,16,case_000062,decode_only,56.08,58.026,arrival_1_dcp_4_fa3_native_fifo.log
1,4,fa3_native_fifo,16,case_000063,decode_only,47.424,48.72,arrival_1_dcp_4_fa3_native_fifo.log
1,4,fa3_native_fifo,16,case_000064,decode_only,48.256,52.64,arrival_1_dcp_4_fa3_native_fifo.log
1,4,fa3_native_fifo,16,case_000065,mixed_prefill,64.832,147.184,arrival_1_dcp_4_fa3_native_fifo.log
1,4,fa3_native_fifo,16,case_000066,decode_only,57.152,58.694,arrival_1_dcp_4_fa3_native_fifo.log
1,4,fa3_native_fifo,16,case_000067,decode_only,43.392,46.016,arrival_1_dcp_4_fa3_native_fifo.log
1,4,fa3_native_fifo,16,case_000068,decode_only,55.312,57.667,arrival_1_dcp_4_fa3_native_fifo.log
1,4,fa3_native_fifo,16,case_000069,decode_only,54.208,55.747,arrival_1_dcp_4_fa3_native_fifo.log
1,4,fa3_native_fifo,16,case_000070,decode_only,52.288,54.774,arrival_1_dcp_4_fa3_native_fifo.log
1,4,fa3_native_fifo,16,case_000071,decode_only,58.256,59.731,arrival_1_dcp_4_fa3_native_fifo.log
1,4,fa3_native_fifo,16,case_000072,decode_only,39.28,40.544,arrival_1_dcp_4_fa3_native_fifo.log
1,4,fa3_native_fifo,16,case_000073,decode_only,62.72,72.336,arrival_1_dcp_4_fa3_native_fifo.log
1,4,fa3_native_fifo,16,case_000074,decode_only,71.936,73.264,arrival_1_dcp_4_fa3_native_fifo.log
1,4,fa3_native_fifo,16,case_000075,decode_only,57.424,59.046,arrival_1_dcp_4_fa3_native_fifo.log
1,4,fa3_native_fifo,16,case_000076,decode_only,54.192,61.072,arrival_1_dcp_4_fa3_native_fifo.log
1,4,fa3_native_fifo,16,case_000077,mixed_prefill,850.864,862.883,arrival_1_dcp_4_fa3_native_fifo.log
1,4,fa3_native_fifo,16,case_000078,decode_only,56.016,56.842,arrival_1_dcp_4_fa3_native_fifo.log
1,4,fa3_native_fifo,16,case_000079,mixed_prefill,87.36,92.08,arrival_1_dcp_4_fa3_native_fifo.log
1,4,fa3_native_fifo,16,case_000080,decode_only,47.84,50.003,arrival_1_dcp_4_fa3_native_fifo.log
1,4,fa3_native_fifo,16,case_000081,decode_only,56.608,59.235,arrival_1_dcp_4_fa3_native_fifo.log
1,4,fa3_native_fifo,16,case_000082,decode_only,53.952,64.003,arrival_1_dcp_4_fa3_native_fifo.log
1,4,fa3_native_fifo,16,case_000083,decode_only,54.144,56.931,arrival_1_dcp_4_fa3_native_fifo.log
1,4,fa3_native_fifo,16,case_000084,mixed_prefill,242.688,245.078,arrival_1_dcp_4_fa3_native_fifo.log
1,4,fa3_native_fifo,16,case_000085,decode_only,55.184,59.411,arrival_1_dcp_4_fa3_native_fifo.log
1,4,fa3_native_fifo,16,case_000086,decode_only,53.744,56.371,arrival_1_dcp_4_fa3_native_fifo.log
1,4,fa3_native_fifo,16,case_000087,decode_only,43.68,46.016,arrival_1_dcp_4_fa3_native_fifo.log
1,4,fa3_native_fifo,16,case_000088,decode_only,78.8,80.406,arrival_1_dcp_4_fa3_native_fifo.log
1,4,fa3_native_fifo,16,case_000089,decode_only,78.0,82.579,arrival_1_dcp_4_fa3_native_fifo.log
1,4,fa3_native_fifo,16,case_000090,decode_only,64.416,65.648,arrival_1_dcp_4_fa3_native_fifo.log
1,4,fa3_native_fifo,16,case_000091,mixed_prefill,234.256,240.851,arrival_1_dcp_4_fa3_native_fifo.log
1,4,fa3_native_fifo,16,case_000092,decode_only,58.528,61.872,arrival_1_dcp_4_fa3_native_fifo.log
1,4,fa3_native_fifo,16,case_000093,decode_only,79.312,81.536,arrival_1_dcp_4_fa3_native_fifo.log
1,4,fa3_native_fifo,16,case_000094,decode_only,65.456,179.635,arrival_1_dcp_4_fa3_native_fifo.log
1,4,fa3_native_fifo,16,case_000095,decode_only,52.592,54.154,arrival_1_dcp_4_fa3_native_fifo.log
1,4,fa3_native_fifo,16,case_000096,decode_only,75.568,77.936,arrival_1_dcp_4_fa3_native_fifo.log
1,4,fa3_native_fifo,16,case_000097,decode_only,46.592,47.891,arrival_1_dcp_4_fa3_native_fifo.log
1,4,fa3_native_fifo,16,case_000098,mixed_prefill,42.992,44.067,arrival_1_dcp_4_fa3_native_fifo.log
1,4,fa3_native_fifo,16,case_000099,decode_only,55.648,177.642,arrival_1_dcp_4_fa3_native_fifo.log
1,4,critical_wave_auto_lpt,16,case_000000,decode_only,46.928,48.218,arrival_1_dcp_4_critical_wave_auto_lpt.log
1,4,critical_wave_auto_lpt,16,case_000001,decode_only,39.904,42.214,arrival_1_dcp_4_critical_wave_auto_lpt.log
1,4,critical_wave_auto_lpt,16,case_000002,decode_only,68.8,72.339,arrival_1_dcp_4_critical_wave_auto_lpt.log
1,4,critical_wave_auto_lpt,16,case_000003,decode_only,51.968,53.443,arrival_1_dcp_4_critical_wave_auto_lpt.log
1,4,critical_wave_auto_lpt,16,case_000004,decode_only,47.616,49.088,arrival_1_dcp_4_critical_wave_auto_lpt.log
1,4,critical_wave_auto_lpt,16,case_000005,decode_only,47.504,48.803,arrival_1_dcp_4_critical_wave_auto_lpt.log
1,4,critical_wave_auto_lpt,16,case_000006,decode_only,71.024,77.059,arrival_1_dcp_4_critical_wave_auto_lpt.log
1,4,critical_wave_auto_lpt,16,case_000007,decode_only,55.2,57.571,arrival_1_dcp_4_critical_wave_auto_lpt.log
1,4,critical_wave_auto_lpt,16,case_000008,decode_only,68.576,70.835,arrival_1_dcp_4_critical_wave_auto_lpt.log
1,4,critical_wave_auto_lpt,16,case_000009,decode_only,48.32,51.68,arrival_1_dcp_4_critical_wave_auto_lpt.log
1,4,critical_wave_auto_lpt,16,case_000010,decode_only,47.52,50.029,arrival_1_dcp_4_critical_wave_auto_lpt.log
1,4,critical_wave_auto_lpt,16,case_000011,decode_only,75.968,77.539,arrival_1_dcp_4_critical_wave_auto_lpt.log
1,4,critical_wave_auto_lpt,16,case_000012,decode_only,53.488,58.893,arrival_1_dcp_4_critical_wave_auto_lpt.log
1,4,critical_wave_auto_lpt,16,case_000013,decode_only,76.128,129.286,arrival_1_dcp_4_critical_wave_auto_lpt.log
1,4,critical_wave_auto_lpt,16,case_000014,mixed_prefill,1729.056,1744.947,arrival_1_dcp_4_critical_wave_auto_lpt.log
1,4,critical_wave_auto_lpt,16,case_000015,decode_only,47.296,48.922,arrival_1_dcp_4_critical_wave_auto_lpt.log
1,4,critical_wave_auto_lpt,16,case_000016,decode_only,64.432,66.365,arrival_1_dcp_4_critical_wave_auto_lpt.log
1,4,critical_wave_auto_lpt,16,case_000017,decode_only,57.136,59.686,arrival_1_dcp_4_critical_wave_auto_lpt.log
1,4,critical_wave_auto_lpt,16,case_000018,decode_only,59.68,62.518,arrival_1_dcp_4_critical_wave_auto_lpt.log
1,4,critical_wave_auto_lpt,16,case_000019,decode_only,73.024,74.211,arrival_1_dcp_4_critical_wave_auto_lpt.log
1,4,critical_wave_auto_lpt,16,case_000020,mixed_prefill,195.024,198.426,arrival_1_dcp_4_critical_wave_auto_lpt.log
1,4,critical_wave_auto_lpt,16,case_000021,decode_only,63.184,80.586,arrival_1_dcp_4_critical_wave_auto_lpt.log
1,4,critical_wave_auto_lpt,16,case_000022,decode_only,63.952,65.222,arrival_1_dcp_4_critical_wave_auto_lpt.log
1,4,critical_wave_auto_lpt,16,case_000023,decode_only,64.112,66.243,arrival_1_dcp_4_critical_wave_auto_lpt.log
1,4,critical_wave_auto_lpt,16,case_000024,decode_only,39.104,40.352,arrival_1_dcp_4_critical_wave_auto_lpt.log
1,4,critical_wave_auto_lpt,16,case_000025,decode_only,75.84,77.034,arrival_1_dcp_4_critical_wave_auto_lpt.log
1,4,critical_wave_auto_lpt,16,case_000026,decode_only,57.872,59.37,arrival_1_dcp_4_critical_wave_auto_lpt.log
1,4,critical_wave_auto_lpt,16,case_000027,decode_only,55.184,58.259,arrival_1_dcp_4_critical_wave_auto_lpt.log
1,4,critical_wave_auto_lpt,16,case_000028,decode_only,59.232,61.005,arrival_1_dcp_4_critical_wave_auto_lpt.log
1,4,critical_wave_auto_lpt,16,case_000029,decode_only,62.656,64.81,arrival_1_dcp_4_critical_wave_auto_lpt.log
1,4,critical_wave_auto_lpt,16,case_000030,decode_only,55.968,57.658,arrival_1_dcp_4_critical_wave_auto_lpt.log
1,4,critical_wave_auto_lpt,16,case_000031,decode_only,51.2,53.274,arrival_1_dcp_4_critical_wave_auto_lpt.log
1,4,critical_wave_auto_lpt,16,case_000032,mixed_prefill,1271.264,1285.117,arrival_1_dcp_4_critical_wave_auto_lpt.log
1,4,critical_wave_auto_lpt,16,case_000033,decode_only,53.472,55.68,arrival_1_dcp_4_critical_wave_auto_lpt.log
1,4,critical_wave_auto_lpt,16,case_000034,decode_only,50.688,52.173,arrival_1_dcp_4_critical_wave_auto_lpt.log
1,4,critical_wave_auto_lpt,16,case_000035,decode_only,46.656,52.08,arrival_1_dcp_4_critical_wave_auto_lpt.log
1,4,critical_wave_auto_lpt,16,case_000036,decode_only,64.64,65.978,arrival_1_dcp_4_critical_wave_auto_lpt.log
1,4,critical_wave_auto_lpt,16,case_000037,mixed_prefill,147.184,152.307,arrival_1_dcp_4_critical_wave_auto_lpt.log
1,4,critical_wave_auto_lpt,16,case_000038,decode_only,46.288,47.584,arrival_1_dcp_4_critical_wave_auto_lpt.log
1,4,critical_wave_auto_lpt,16,case_000039,decode_only,56.192,58.026,arrival_1_dcp_4_critical_wave_auto_lpt.log
1,4,critical_wave_auto_lpt,16,case_000040,decode_only,68.88,69.763,arrival_1_dcp_4_critical_wave_auto_lpt.log
1,4,critical_wave_auto_lpt,16,case_000041,decode_only,48.032,48.931,arrival_1_dcp_4_critical_wave_auto_lpt.log
1,4,critical_wave_auto_lpt,16,case_000042,decode_only,80.656,83.082,arrival_1_dcp_4_critical_wave_auto_lpt.log
1,4,critical_wave_auto_lpt,16,case_000043,decode_only,101.328,102.499,arrival_1_dcp_4_critical_wave_auto_lpt.log
1,4,critical_wave_auto_lpt,16,case_000044,mixed_prefill,77.2,78.947,arrival_1_dcp_4_critical_wave_auto_lpt.log
1,4,critical_wave_auto_lpt,16,case_000045,decode_only,50.016,51.382,arrival_1_dcp_4_critical_wave_auto_lpt.log
1,4,critical_wave_auto_lpt,16,case_000046,decode_only,47.776,49.36,arrival_1_dcp_4_critical_wave_auto_lpt.log
1,4,critical_wave_auto_lpt,16,case_000047,decode_only,59.984,67.584,arrival_1_dcp_4_critical_wave_auto_lpt.log
1,4,critical_wave_auto_lpt,16,case_000048,decode_only,55.392,67.891,arrival_1_dcp_4_critical_wave_auto_lpt.log
1,4,critical_wave_auto_lpt,16,case_000049,decode_only,66.88,68.454,arrival_1_dcp_4_critical_wave_auto_lpt.log
1,4,critical_wave_auto_lpt,16,case_000050,decode_only,55.792,56.749,arrival_1_dcp_4_critical_wave_auto_lpt.log
1,4,critical_wave_auto_lpt,16,case_000051,decode_only,59.568,62.947,arrival_1_dcp_4_critical_wave_auto_lpt.log
1,4,critical_wave_auto_lpt,16,case_000052,decode_only,58.288,73.59,arrival_1_dcp_4_critical_wave_auto_lpt.log
1,4,critical_wave_auto_lpt,16,case_000053,decode_only,52.96,54.131,arrival_1_dcp_4_critical_wave_auto_lpt.log
1,4,critical_wave_auto_lpt,16,case_000054,mixed_prefill,64.608,65.862,arrival_1_dcp_4_critical_wave_auto_lpt.log
1,4,critical_wave_auto_lpt,16,case_000055,decode_only,46.352,47.779,arrival_1_dcp_4_critical_wave_auto_lpt.log
1,4,critical_wave_auto_lpt,16,case_000056,decode_only,47.456,51.178,arrival_1_dcp_4_critical_wave_auto_lpt.log
1,4,critical_wave_auto_lpt,16,case_000057,decode_only,54.96,56.47,arrival_1_dcp_4_critical_wave_auto_lpt.log
1,4,critical_wave_auto_lpt,16,case_000058,decode_only,52.96,55.062,arrival_1_dcp_4_critical_wave_auto_lpt.log
1,4,critical_wave_auto_lpt,16,case_000059,mixed_prefill,335.568,338.938,arrival_1_dcp_4_critical_wave_auto_lpt.log
1,4,critical_wave_auto_lpt,16,case_000060,decode_only,72.432,74.096,arrival_1_dcp_4_critical_wave_auto_lpt.log
1,4,critical_wave_auto_lpt,16,case_000061,decode_only,47.568,58.723,arrival_1_dcp_4_critical_wave_auto_lpt.log
1,4,critical_wave_auto_lpt,16,case_000062,decode_only,60.432,62.285,arrival_1_dcp_4_critical_wave_auto_lpt.log
1,4,critical_wave_auto_lpt,16,case_000063,decode_only,55.456,57.126,arrival_1_dcp_4_critical_wave_auto_lpt.log
1,4,critical_wave_auto_lpt,16,case_000064,decode_only,49.904,51.024,arrival_1_dcp_4_critical_wave_auto_lpt.log
1,4,critical_wave_auto_lpt,16,case_000065,mixed_prefill,62.384,63.917,arrival_1_dcp_4_critical_wave_auto_lpt.log
1,4,critical_wave_auto_lpt,16,case_000066,decode_only,72.976,74.224,arrival_1_dcp_4_critical_wave_auto_lpt.log
1,4,critical_wave_auto_lpt,16,case_000067,decode_only,46.272,47.853,arrival_1_dcp_4_critical_wave_auto_lpt.log
1,4,critical_wave_auto_lpt,16,case_000068,decode_only,75.232,77.504,arrival_1_dcp_4_critical_wave_auto_lpt.log
1,4,critical_wave_auto_lpt,16,case_000069,decode_only,53.152,64.042,arrival_1_dcp_4_critical_wave_auto_lpt.log
1,4,critical_wave_auto_lpt,16,case_000070,decode_only,49.248,51.184,arrival_1_dcp_4_critical_wave_auto_lpt.log
1,4,critical_wave_auto_lpt,16,case_000071,decode_only,68.048,69.856,arrival_1_dcp_4_critical_wave_auto_lpt.log
1,4,critical_wave_auto_lpt,16,case_000072,decode_only,38.256,40.134,arrival_1_dcp_4_critical_wave_auto_lpt.log
1,4,critical_wave_auto_lpt,16,case_000073,decode_only,60.192,63.606,arrival_1_dcp_4_critical_wave_auto_lpt.log
1,4,critical_wave_auto_lpt,16,case_000074,decode_only,72.608,73.789,arrival_1_dcp_4_critical_wave_auto_lpt.log
1,4,critical_wave_auto_lpt,16,case_000075,decode_only,72.528,74.019,arrival_1_dcp_4_critical_wave_auto_lpt.log
1,4,critical_wave_auto_lpt,16,case_000076,decode_only,50.0,62.81,arrival_1_dcp_4_critical_wave_auto_lpt.log
1,4,critical_wave_auto_lpt,16,case_000077,mixed_prefill,878.8,881.059,arrival_1_dcp_4_critical_wave_auto_lpt.log
1,4,critical_wave_auto_lpt,16,case_000078,decode_only,57.776,59.373,arrival_1_dcp_4_critical_wave_auto_lpt.log
1,4,critical_wave_auto_lpt,16,case_000079,mixed_prefill,75.616,76.576,arrival_1_dcp_4_critical_wave_auto_lpt.log
1,4,critical_wave_auto_lpt,16,case_000080,decode_only,53.536,55.2,arrival_1_dcp_4_critical_wave_auto_lpt.log
1,4,critical_wave_auto_lpt,16,case_000081,decode_only,49.168,50.826,arrival_1_dcp_4_critical_wave_auto_lpt.log
1,4,critical_wave_auto_lpt,16,case_000082,decode_only,55.424,56.992,arrival_1_dcp_4_critical_wave_auto_lpt.log
1,4,critical_wave_auto_lpt,16,case_000083,decode_only,54.704,56.678,arrival_1_dcp_4_critical_wave_auto_lpt.log
1,4,critical_wave_auto_lpt,16,case_000084,mixed_prefill,191.536,195.046,arrival_1_dcp_4_critical_wave_auto_lpt.log
1,4,critical_wave_auto_lpt,16,case_000085,decode_only,52.752,54.48,arrival_1_dcp_4_critical_wave_auto_lpt.log
1,4,critical_wave_auto_lpt,16,case_000086,decode_only,61.696,64.109,arrival_1_dcp_4_critical_wave_auto_lpt.log
1,4,critical_wave_auto_lpt,16,case_000087,decode_only,50.944,52.483,arrival_1_dcp_4_critical_wave_auto_lpt.log
1,4,critical_wave_auto_lpt,16,case_000088,decode_only,63.504,64.803,arrival_1_dcp_4_critical_wave_auto_lpt.log
1,4,critical_wave_auto_lpt,16,case_000089,decode_only,65.744,67.293,arrival_1_dcp_4_critical_wave_auto_lpt.log
1,4,critical_wave_auto_lpt,16,case_000090,decode_only,72.56,74.214,arrival_1_dcp_4_critical_wave_auto_lpt.log
1,4,critical_wave_auto_lpt,16,case_000091,mixed_prefill,240.768,243.949,arrival_1_dcp_4_critical_wave_auto_lpt.log
1,4,critical_wave_auto_lpt,16,case_000092,decode_only,76.288,77.667,arrival_1_dcp_4_critical_wave_auto_lpt.log
1,4,critical_wave_auto_lpt,16,case_000093,decode_only,69.84,71.293,arrival_1_dcp_4_critical_wave_auto_lpt.log
1,4,critical_wave_auto_lpt,16,case_000094,decode_only,43.456,45.619,arrival_1_dcp_4_critical_wave_auto_lpt.log
1,4,critical_wave_auto_lpt,16,case_000095,decode_only,51.008,52.074,arrival_1_dcp_4_critical_wave_auto_lpt.log
1,4,critical_wave_auto_lpt,16,case_000096,decode_only,93.584,95.814,arrival_1_dcp_4_critical_wave_auto_lpt.log
1,4,critical_wave_auto_lpt,16,case_000097,decode_only,43.44,44.691,arrival_1_dcp_4_critical_wave_auto_lpt.log
1,4,critical_wave_auto_lpt,16,case_000098,mixed_prefill,44.768,46.41,arrival_1_dcp_4_critical_wave_auto_lpt.log
1,4,critical_wave_auto_lpt,16,case_000099,decode_only,50.464,51.894,arrival_1_dcp_4_critical_wave_auto_lpt.log
1,8,fa3_native_fifo,16,case_000000,decode_only,87.744,90.253,arrival_1_dcp_8_fa3_native_fifo.log
1,8,fa3_native_fifo,16,case_000001,decode_only,75.168,77.827,arrival_1_dcp_8_fa3_native_fifo.log
1,8,fa3_native_fifo,16,case_000002,decode_only,84.112,86.275,arrival_1_dcp_8_fa3_native_fifo.log
1,8,fa3_native_fifo,16,case_000003,decode_only,50.768,53.101,arrival_1_dcp_8_fa3_native_fifo.log
1,8,fa3_native_fifo,16,case_000004,decode_only,78.064,80.413,arrival_1_dcp_8_fa3_native_fifo.log
1,8,fa3_native_fifo,16,case_000005,decode_only,47.296,48.768,arrival_1_dcp_8_fa3_native_fifo.log
1,8,fa3_native_fifo,16,case_000006,decode_only,74.192,150.963,arrival_1_dcp_8_fa3_native_fifo.log
1,8,fa3_native_fifo,16,case_000007,decode_only,59.36,68.33,arrival_1_dcp_8_fa3_native_fifo.log
1,8,fa3_native_fifo,16,case_000008,decode_only,65.328,69.226,arrival_1_dcp_8_fa3_native_fifo.log
1,8,fa3_native_fifo,16,case_000009,decode_only,80.944,83.347,arrival_1_dcp_8_fa3_native_fifo.log
1,8,fa3_native_fifo,16,case_000010,decode_only,78.768,80.675,arrival_1_dcp_8_fa3_native_fifo.log
1,8,fa3_native_fifo,16,case_000011,decode_only,61.456,62.71,arrival_1_dcp_8_fa3_native_fifo.log
1,8,fa3_native_fifo,16,case_000012,decode_only,56.832,58.163,arrival_1_dcp_8_fa3_native_fifo.log
1,8,fa3_native_fifo,16,case_000013,decode_only,68.352,69.632,arrival_1_dcp_8_fa3_native_fifo.log
1,8,fa3_native_fifo,16,case_000014,mixed_prefill,1719.824,1726.509,arrival_1_dcp_8_fa3_native_fifo.log
1,8,fa3_native_fifo,16,case_000015,decode_only,54.56,55.459,arrival_1_dcp_8_fa3_native_fifo.log
1,8,fa3_native_fifo,16,case_000016,decode_only,69.312,70.954,arrival_1_dcp_8_fa3_native_fifo.log
1,8,fa3_native_fifo,16,case_000017,decode_only,52.768,54.755,arrival_1_dcp_8_fa3_native_fifo.log
1,8,fa3_native_fifo,16,case_000018,decode_only,71.248,316.97,arrival_1_dcp_8_fa3_native_fifo.log
1,8,fa3_native_fifo,16,case_000019,decode_only,73.04,79.459,arrival_1_dcp_8_fa3_native_fifo.log
1,8,fa3_native_fifo,16,case_000020,mixed_prefill,347.216,353.418,arrival_1_dcp_8_fa3_native_fifo.log
1,8,fa3_native_fifo,16,case_000021,decode_only,71.296,72.806,arrival_1_dcp_8_fa3_native_fifo.log
1,8,fa3_native_fifo,16,case_000022,decode_only,57.888,59.2,arrival_1_dcp_8_fa3_native_fifo.log
1,8,fa3_native_fifo,16,case_000023,decode_only,57.632,59.408,arrival_1_dcp_8_fa3_native_fifo.log
1,8,fa3_native_fifo,16,case_000024,decode_only,55.104,56.384,arrival_1_dcp_8_fa3_native_fifo.log
1,8,fa3_native_fifo,16,case_000025,decode_only,72.48,132.534,arrival_1_dcp_8_fa3_native_fifo.log
1,8,fa3_native_fifo,16,case_000026,decode_only,55.12,56.774,arrival_1_dcp_8_fa3_native_fifo.log
1,8,fa3_native_fifo,16,case_000027,decode_only,69.584,70.95,arrival_1_dcp_8_fa3_native_fifo.log
1,8,fa3_native_fifo,16,case_000028,decode_only,61.888,63.302,arrival_1_dcp_8_fa3_native_fifo.log
1,8,fa3_native_fifo,16,case_000029,decode_only,70.08,70.989,arrival_1_dcp_8_fa3_native_fifo.log
1,8,fa3_native_fifo,16,case_000030,decode_only,66.736,115.517,arrival_1_dcp_8_fa3_native_fifo.log
1,8,fa3_native_fifo,16,case_000031,decode_only,55.424,57.603,arrival_1_dcp_8_fa3_native_fifo.log
1,8,fa3_native_fifo,16,case_000032,mixed_prefill,1311.664,1322.746,arrival_1_dcp_8_fa3_native_fifo.log
1,8,fa3_native_fifo,16,case_000033,decode_only,59.872,62.822,arrival_1_dcp_8_fa3_native_fifo.log
1,8,fa3_native_fifo,16,case_000034,decode_only,68.496,71.286,arrival_1_dcp_8_fa3_native_fifo.log
1,8,fa3_native_fifo,16,case_000035,decode_only,60.496,62.371,arrival_1_dcp_8_fa3_native_fifo.log
1,8,fa3_native_fifo,16,case_000036,decode_only,67.792,69.824,arrival_1_dcp_8_fa3_native_fifo.log
1,8,fa3_native_fifo,16,case_000037,mixed_prefill,156.032,221.517,arrival_1_dcp_8_fa3_native_fifo.log
1,8,fa3_native_fifo,16,case_000038,decode_only,61.888,63.405,arrival_1_dcp_8_fa3_native_fifo.log
1,8,fa3_native_fifo,16,case_000039,decode_only,52.368,53.312,arrival_1_dcp_8_fa3_native_fifo.log
1,8,fa3_native_fifo,16,case_000040,decode_only,66.08,68.323,arrival_1_dcp_8_fa3_native_fifo.log
1,8,fa3_native_fifo,16,case_000041,decode_only,61.648,63.85,arrival_1_dcp_8_fa3_native_fifo.log
1,8,fa3_native_fifo,16,case_000042,decode_only,85.024,86.624,arrival_1_dcp_8_fa3_native_fifo.log
1,8,fa3_native_fifo,16,case_000043,decode_only,100.208,102.544,arrival_1_dcp_8_fa3_native_fifo.log
1,8,fa3_native_fifo,16,case_000044,mixed_prefill,88.912,91.264,arrival_1_dcp_8_fa3_native_fifo.log
1,8,fa3_native_fifo,16,case_000045,decode_only,57.152,71.59,arrival_1_dcp_8_fa3_native_fifo.log
1,8,fa3_native_fifo,16,case_000046,decode_only,50.096,51.603,arrival_1_dcp_8_fa3_native_fifo.log
1,8,fa3_native_fifo,16,case_000047,decode_only,67.392,68.65,arrival_1_dcp_8_fa3_native_fifo.log
1,8,fa3_native_fifo,16,case_000048,decode_only,65.408,67.235,arrival_1_dcp_8_fa3_native_fifo.log
1,8,fa3_native_fifo,16,case_000049,decode_only,68.64,70.154,arrival_1_dcp_8_fa3_native_fifo.log
1,8,fa3_native_fifo,16,case_000050,decode_only,50.032,80.829,arrival_1_dcp_8_fa3_native_fifo.log
1,8,fa3_native_fifo,16,case_000051,decode_only,63.408,64.582,arrival_1_dcp_8_fa3_native_fifo.log
1,8,fa3_native_fifo,16,case_000052,decode_only,52.16,53.603,arrival_1_dcp_8_fa3_native_fifo.log
1,8,fa3_native_fifo,16,case_000053,decode_only,69.504,71.11,arrival_1_dcp_8_fa3_native_fifo.log
1,8,fa3_native_fifo,16,case_000054,mixed_prefill,101.232,103.216,arrival_1_dcp_8_fa3_native_fifo.log
1,8,fa3_native_fifo,16,case_000055,decode_only,57.808,60.451,arrival_1_dcp_8_fa3_native_fifo.log
1,8,fa3_native_fifo,16,case_000056,decode_only,66.384,69.094,arrival_1_dcp_8_fa3_native_fifo.log
1,8,fa3_native_fifo,16,case_000057,decode_only,66.32,70.694,arrival_1_dcp_8_fa3_native_fifo.log
1,8,fa3_native_fifo,16,case_000058,decode_only,59.024,60.998,arrival_1_dcp_8_fa3_native_fifo.log
1,8,fa3_native_fifo,16,case_000059,mixed_prefill,458.032,468.525,arrival_1_dcp_8_fa3_native_fifo.log
1,8,fa3_native_fifo,16,case_000060,decode_only,70.368,72.038,arrival_1_dcp_8_fa3_native_fifo.log
1,8,fa3_native_fifo,16,case_000061,decode_only,60.48,63.174,arrival_1_dcp_8_fa3_native_fifo.log
1,8,fa3_native_fifo,16,case_000062,decode_only,62.064,63.12,arrival_1_dcp_8_fa3_native_fifo.log
1,8,fa3_native_fifo,16,case_000063,decode_only,63.44,65.03,arrival_1_dcp_8_fa3_native_fifo.log
1,8,fa3_native_fifo,16,case_000064,decode_only,61.056,62.474,arrival_1_dcp_8_fa3_native_fifo.log
1,8,fa3_native_fifo,16,case_000065,mixed_prefill,87.36,88.528,arrival_1_dcp_8_fa3_native_fifo.log
1,8,fa3_native_fifo,16,case_000066,decode_only,68.752,70.707,arrival_1_dcp_8_fa3_native_fifo.log
1,8,fa3_native_fifo,16,case_000067,decode_only,58.592,59.459,arrival_1_dcp_8_fa3_native_fifo.log
1,8,fa3_native_fifo,16,case_000068,decode_only,65.44,66.79,arrival_1_dcp_8_fa3_native_fifo.log
1,8,fa3_native_fifo,16,case_000069,decode_only,57.552,59.507,arrival_1_dcp_8_fa3_native_fifo.log
1,8,fa3_native_fifo,16,case_000070,decode_only,63.52,65.181,arrival_1_dcp_8_fa3_native_fifo.log
1,8,fa3_native_fifo,16,case_000071,decode_only,56.672,116.867,arrival_1_dcp_8_fa3_native_fifo.log
1,8,fa3_native_fifo,16,case_000072,decode_only,55.36,56.838,arrival_1_dcp_8_fa3_native_fifo.log
1,8,fa3_native_fifo,16,case_000073,decode_only,65.392,66.688,arrival_1_dcp_8_fa3_native_fifo.log
1,8,fa3_native_fifo,16,case_000074,decode_only,80.272,81.702,arrival_1_dcp_8_fa3_native_fifo.log
1,8,fa3_native_fifo,16,case_000075,decode_only,64.896,66.576,arrival_1_dcp_8_fa3_native_fifo.log
1,8,fa3_native_fifo,16,case_000076,decode_only,52.368,74.941,arrival_1_dcp_8_fa3_native_fifo.log
1,8,fa3_native_fifo,16,case_000077,mixed_prefill,1091.152,1102.682,arrival_1_dcp_8_fa3_native_fifo.log
1,8,fa3_native_fifo,16,case_000078,decode_only,65.408,300.768,arrival_1_dcp_8_fa3_native_fifo.log
1,8,fa3_native_fifo,16,case_000079,mixed_prefill,103.904,106.022,arrival_1_dcp_8_fa3_native_fifo.log
1,8,fa3_native_fifo,16,case_000080,decode_only,61.344,186.211,arrival_1_dcp_8_fa3_native_fifo.log
1,8,fa3_native_fifo,16,case_000081,decode_only,64.08,65.45,arrival_1_dcp_8_fa3_native_fifo.log
1,8,fa3_native_fifo,16,case_000082,decode_only,62.432,63.894,arrival_1_dcp_8_fa3_native_fifo.log
1,8,fa3_native_fifo,16,case_000083,decode_only,60.608,61.67,arrival_1_dcp_8_fa3_native_fifo.log
1,8,fa3_native_fifo,16,case_000084,mixed_prefill,349.536,354.061,arrival_1_dcp_8_fa3_native_fifo.log
1,8,fa3_native_fifo,16,case_000085,decode_only,60.48,61.846,arrival_1_dcp_8_fa3_native_fifo.log
1,8,fa3_native_fifo,16,case_000086,decode_only,67.024,68.294,arrival_1_dcp_8_fa3_native_fifo.log
1,8,fa3_native_fifo,16,case_000087,decode_only,79.776,89.395,arrival_1_dcp_8_fa3_native_fifo.log
1,8,fa3_native_fifo,16,case_000088,decode_only,82.016,84.429,arrival_1_dcp_8_fa3_native_fifo.log
1,8,fa3_native_fifo,16,case_000089,decode_only,50.416,52.317,arrival_1_dcp_8_fa3_native_fifo.log
1,8,fa3_native_fifo,16,case_000090,decode_only,80.656,81.926,arrival_1_dcp_8_fa3_native_fifo.log
1,8,fa3_native_fifo,16,case_000091,mixed_prefill,398.928,404.886,arrival_1_dcp_8_fa3_native_fifo.log
1,8,fa3_native_fifo,16,case_000092,decode_only,66.896,68.547,arrival_1_dcp_8_fa3_native_fifo.log
1,8,fa3_native_fifo,16,case_000093,decode_only,69.264,70.893,arrival_1_dcp_8_fa3_native_fifo.log
1,8,fa3_native_fifo,16,case_000094,decode_only,58.0,59.267,arrival_1_dcp_8_fa3_native_fifo.log
1,8,fa3_native_fifo,16,case_000095,decode_only,60.048,69.568,arrival_1_dcp_8_fa3_native_fifo.log
1,8,fa3_native_fifo,16,case_000096,decode_only,83.776,85.29,arrival_1_dcp_8_fa3_native_fifo.log
1,8,fa3_native_fifo,16,case_000097,decode_only,47.424,112.906,arrival_1_dcp_8_fa3_native_fifo.log
1,8,fa3_native_fifo,16,case_000098,mixed_prefill,61.616,62.848,arrival_1_dcp_8_fa3_native_fifo.log
1,8,fa3_native_fifo,16,case_000099,decode_only,66.096,67.203,arrival_1_dcp_8_fa3_native_fifo.log
1,8,critical_wave_auto_lpt,16,case_000000,decode_only,65.024,65.699,arrival_1_dcp_8_critical_wave_auto_lpt.log
1,8,critical_wave_auto_lpt,16,case_000001,decode_only,45.696,48.045,arrival_1_dcp_8_critical_wave_auto_lpt.log
1,8,critical_wave_auto_lpt,16,case_000002,decode_only,76.032,78.416,arrival_1_dcp_8_critical_wave_auto_lpt.log
1,8,critical_wave_auto_lpt,16,case_000003,decode_only,50.304,51.616,arrival_1_dcp_8_critical_wave_auto_lpt.log
1,8,critical_wave_auto_lpt,16,case_000004,decode_only,56.432,57.149,arrival_1_dcp_8_critical_wave_auto_lpt.log
1,8,critical_wave_auto_lpt,16,case_000005,decode_only,46.816,51.683,arrival_1_dcp_8_critical_wave_auto_lpt.log
1,8,critical_wave_auto_lpt,16,case_000006,decode_only,89.168,112.518,arrival_1_dcp_8_critical_wave_auto_lpt.log
1,8,critical_wave_auto_lpt,16,case_000007,decode_only,62.512,121.674,arrival_1_dcp_8_critical_wave_auto_lpt.log
1,8,critical_wave_auto_lpt,16,case_000008,decode_only,81.616,102.65,arrival_1_dcp_8_critical_wave_auto_lpt.log
1,8,critical_wave_auto_lpt,16,case_000009,decode_only,61.968,76.899,arrival_1_dcp_8_critical_wave_auto_lpt.log
1,8,critical_wave_auto_lpt,16,case_000010,decode_only,48.592,49.389,arrival_1_dcp_8_critical_wave_auto_lpt.log
1,8,critical_wave_auto_lpt,16,case_000011,decode_only,67.312,69.533,arrival_1_dcp_8_critical_wave_auto_lpt.log
1,8,critical_wave_auto_lpt,16,case_000012,decode_only,61.04,63.21,arrival_1_dcp_8_critical_wave_auto_lpt.log
1,8,critical_wave_auto_lpt,16,case_000013,decode_only,71.728,72.694,arrival_1_dcp_8_critical_wave_auto_lpt.log
1,8,critical_wave_auto_lpt,16,case_000014,mixed_prefill,1693.632,1749.072,arrival_1_dcp_8_critical_wave_auto_lpt.log
1,8,critical_wave_auto_lpt,16,case_000015,decode_only,54.576,56.192,arrival_1_dcp_8_critical_wave_auto_lpt.log
1,8,critical_wave_auto_lpt,16,case_000016,decode_only,76.16,77.904,arrival_1_dcp_8_critical_wave_auto_lpt.log
1,8,critical_wave_auto_lpt,16,case_000017,decode_only,57.632,58.669,arrival_1_dcp_8_critical_wave_auto_lpt.log
1,8,critical_wave_auto_lpt,16,case_000018,decode_only,60.24,62.352,arrival_1_dcp_8_critical_wave_auto_lpt.log
1,8,critical_wave_auto_lpt,16,case_000019,decode_only,81.136,85.498,arrival_1_dcp_8_critical_wave_auto_lpt.log
1,8,critical_wave_auto_lpt,16,case_000020,mixed_prefill,358.432,364.051,arrival_1_dcp_8_critical_wave_auto_lpt.log
1,8,critical_wave_auto_lpt,16,case_000021,decode_only,61.744,62.666,arrival_1_dcp_8_critical_wave_auto_lpt.log
1,8,critical_wave_auto_lpt,16,case_000022,decode_only,58.16,69.738,arrival_1_dcp_8_critical_wave_auto_lpt.log
1,8,critical_wave_auto_lpt,16,case_000023,decode_only,57.792,64.051,arrival_1_dcp_8_critical_wave_auto_lpt.log
1,8,critical_wave_auto_lpt,16,case_000024,decode_only,46.496,47.568,arrival_1_dcp_8_critical_wave_auto_lpt.log
1,8,critical_wave_auto_lpt,16,case_000025,decode_only,84.288,85.216,arrival_1_dcp_8_critical_wave_auto_lpt.log
1,8,critical_wave_auto_lpt,16,case_000026,decode_only,59.104,60.352,arrival_1_dcp_8_critical_wave_auto_lpt.log
1,8,critical_wave_auto_lpt,16,case_000027,decode_only,77.072,79.302,arrival_1_dcp_8_critical_wave_auto_lpt.log
1,8,critical_wave_auto_lpt,16,case_000028,decode_only,65.968,67.632,arrival_1_dcp_8_critical_wave_auto_lpt.log
1,8,critical_wave_auto_lpt,16,case_000029,decode_only,63.824,64.707,arrival_1_dcp_8_critical_wave_auto_lpt.log
1,8,critical_wave_auto_lpt,16,case_000030,decode_only,60.944,62.506,arrival_1_dcp_8_critical_wave_auto_lpt.log
1,8,critical_wave_auto_lpt,16,case_000031,decode_only,57.792,58.835,arrival_1_dcp_8_critical_wave_auto_lpt.log
1,8,critical_wave_auto_lpt,16,case_000032,mixed_prefill,1315.648,1322.755,arrival_1_dcp_8_critical_wave_auto_lpt.log
1,8,critical_wave_auto_lpt,16,case_000033,decode_only,59.072,60.109,arrival_1_dcp_8_critical_wave_auto_lpt.log
1,8,critical_wave_auto_lpt,16,case_000034,decode_only,52.272,56.218,arrival_1_dcp_8_critical_wave_auto_lpt.log
1,8,critical_wave_auto_lpt,16,case_000035,decode_only,55.232,56.746,arrival_1_dcp_8_critical_wave_auto_lpt.log
1,8,critical_wave_auto_lpt,16,case_000036,decode_only,75.024,77.482,arrival_1_dcp_8_critical_wave_auto_lpt.log
1,8,critical_wave_auto_lpt,16,case_000037,mixed_prefill,158.608,197.2,arrival_1_dcp_8_critical_wave_auto_lpt.log
1,8,critical_wave_auto_lpt,16,case_000038,decode_only,55.136,56.899,arrival_1_dcp_8_critical_wave_auto_lpt.log
1,8,critical_wave_auto_lpt,16,case_000039,decode_only,56.96,60.08,arrival_1_dcp_8_critical_wave_auto_lpt.log
1,8,critical_wave_auto_lpt,16,case_000040,decode_only,64.672,71.904,arrival_1_dcp_8_critical_wave_auto_lpt.log
1,8,critical_wave_auto_lpt,16,case_000041,decode_only,56.768,101.654,arrival_1_dcp_8_critical_wave_auto_lpt.log
1,8,critical_wave_auto_lpt,16,case_000042,decode_only,104.672,105.731,arrival_1_dcp_8_critical_wave_auto_lpt.log
1,8,critical_wave_auto_lpt,16,case_000043,decode_only,87.52,89.069,arrival_1_dcp_8_critical_wave_auto_lpt.log
1,8,critical_wave_auto_lpt,16,case_000044,mixed_prefill,92.592,94.202,arrival_1_dcp_8_critical_wave_auto_lpt.log
1,8,critical_wave_auto_lpt,16,case_000045,decode_only,54.24,56.067,arrival_1_dcp_8_critical_wave_auto_lpt.log
1,8,critical_wave_auto_lpt,16,case_000046,decode_only,53.44,54.634,arrival_1_dcp_8_critical_wave_auto_lpt.log
1,8,critical_wave_auto_lpt,16,case_000047,decode_only,58.912,60.131,arrival_1_dcp_8_critical_wave_auto_lpt.log
1,8,critical_wave_auto_lpt,16,case_000048,decode_only,61.392,62.595,arrival_1_dcp_8_critical_wave_auto_lpt.log
1,8,critical_wave_auto_lpt,16,case_000049,decode_only,63.536,64.422,arrival_1_dcp_8_critical_wave_auto_lpt.log
1,8,critical_wave_auto_lpt,16,case_000050,decode_only,58.576,59.974,arrival_1_dcp_8_critical_wave_auto_lpt.log
1,8,critical_wave_auto_lpt,16,case_000051,decode_only,56.768,57.958,arrival_1_dcp_8_critical_wave_auto_lpt.log
1,8,critical_wave_auto_lpt,16,case_000052,decode_only,64.608,65.709,arrival_1_dcp_8_critical_wave_auto_lpt.log
1,8,critical_wave_auto_lpt,16,case_000053,decode_only,69.056,69.888,arrival_1_dcp_8_critical_wave_auto_lpt.log
1,8,critical_wave_auto_lpt,16,case_000054,mixed_prefill,97.216,102.55,arrival_1_dcp_8_critical_wave_auto_lpt.log
1,8,critical_wave_auto_lpt,16,case_000055,decode_only,53.456,55.75,arrival_1_dcp_8_critical_wave_auto_lpt.log
1,8,critical_wave_auto_lpt,16,case_000056,decode_only,67.024,75.194,arrival_1_dcp_8_critical_wave_auto_lpt.log
1,8,critical_wave_auto_lpt,16,case_000057,decode_only,63.008,63.888,arrival_1_dcp_8_critical_wave_auto_lpt.log
1,8,critical_wave_auto_lpt,16,case_000058,decode_only,53.872,55.366,arrival_1_dcp_8_critical_wave_auto_lpt.log
1,8,critical_wave_auto_lpt,16,case_000059,mixed_prefill,475.872,482.858,arrival_1_dcp_8_critical_wave_auto_lpt.log
1,8,critical_wave_auto_lpt,16,case_000060,decode_only,64.192,69.853,arrival_1_dcp_8_critical_wave_auto_lpt.log
1,8,critical_wave_auto_lpt,16,case_000061,decode_only,56.096,57.683,arrival_1_dcp_8_critical_wave_auto_lpt.log
1,8,critical_wave_auto_lpt,16,case_000062,decode_only,60.784,61.898,arrival_1_dcp_8_critical_wave_auto_lpt.log
1,8,critical_wave_auto_lpt,16,case_000063,decode_only,57.568,66.499,arrival_1_dcp_8_critical_wave_auto_lpt.log
1,8,critical_wave_auto_lpt,16,case_000064,decode_only,63.648,64.614,arrival_1_dcp_8_critical_wave_auto_lpt.log
1,8,critical_wave_auto_lpt,16,case_000065,mixed_prefill,77.296,78.573,arrival_1_dcp_8_critical_wave_auto_lpt.log
1,8,critical_wave_auto_lpt,16,case_000066,decode_only,62.64,73.597,arrival_1_dcp_8_critical_wave_auto_lpt.log
1,8,critical_wave_auto_lpt,16,case_000067,decode_only,49.84,50.95,arrival_1_dcp_8_critical_wave_auto_lpt.log
1,8,critical_wave_auto_lpt,16,case_000068,decode_only,69.584,74.49,arrival_1_dcp_8_critical_wave_auto_lpt.log
1,8,critical_wave_auto_lpt,16,case_000069,decode_only,64.576,69.475,arrival_1_dcp_8_critical_wave_auto_lpt.log
1,8,critical_wave_auto_lpt,16,case_000070,decode_only,54.688,83.341,arrival_1_dcp_8_critical_wave_auto_lpt.log
1,8,critical_wave_auto_lpt,16,case_000071,decode_only,60.608,61.968,arrival_1_dcp_8_critical_wave_auto_lpt.log
1,8,critical_wave_auto_lpt,16,case_000072,decode_only,45.568,48.701,arrival_1_dcp_8_critical_wave_auto_lpt.log
1,8,critical_wave_auto_lpt,16,case_000073,decode_only,57.536,59.219,arrival_1_dcp_8_critical_wave_auto_lpt.log
1,8,critical_wave_auto_lpt,16,case_000074,decode_only,86.432,88.63,arrival_1_dcp_8_critical_wave_auto_lpt.log
1,8,critical_wave_auto_lpt,16,case_000075,decode_only,74.864,82.115,arrival_1_dcp_8_critical_wave_auto_lpt.log
1,8,critical_wave_auto_lpt,16,case_000076,decode_only,52.864,55.533,arrival_1_dcp_8_critical_wave_auto_lpt.log
1,8,critical_wave_auto_lpt,16,case_000077,mixed_prefill,1098.528,1120.614,arrival_1_dcp_8_critical_wave_auto_lpt.log
1,8,critical_wave_auto_lpt,16,case_000078,decode_only,77.856,79.536,arrival_1_dcp_8_critical_wave_auto_lpt.log
1,8,critical_wave_auto_lpt,16,case_000079,mixed_prefill,100.24,101.606,arrival_1_dcp_8_critical_wave_auto_lpt.log
1,8,critical_wave_auto_lpt,16,case_000080,decode_only,64.608,65.904,arrival_1_dcp_8_critical_wave_auto_lpt.log
1,8,critical_wave_auto_lpt,16,case_000081,decode_only,65.248,66.682,arrival_1_dcp_8_critical_wave_auto_lpt.log
1,8,critical_wave_auto_lpt,16,case_000082,decode_only,65.28,66.842,arrival_1_dcp_8_critical_wave_auto_lpt.log
1,8,critical_wave_auto_lpt,16,case_000083,decode_only,53.84,55.267,arrival_1_dcp_8_critical_wave_auto_lpt.log
1,8,critical_wave_auto_lpt,16,case_000084,mixed_prefill,359.216,366.461,arrival_1_dcp_8_critical_wave_auto_lpt.log
1,8,critical_wave_auto_lpt,16,case_000085,decode_only,109.552,112.138,arrival_1_dcp_8_critical_wave_auto_lpt.log
1,8,critical_wave_auto_lpt,16,case_000086,decode_only,63.584,64.554,arrival_1_dcp_8_critical_wave_auto_lpt.log
1,8,critical_wave_auto_lpt,16,case_000087,decode_only,65.6,66.368,arrival_1_dcp_8_critical_wave_auto_lpt.log
1,8,critical_wave_auto_lpt,16,case_000088,decode_only,79.952,81.136,arrival_1_dcp_8_critical_wave_auto_lpt.log
1,8,critical_wave_auto_lpt,16,case_000089,decode_only,54.752,55.658,arrival_1_dcp_8_critical_wave_auto_lpt.log
1,8,critical_wave_auto_lpt,16,case_000090,decode_only,87.68,88.643,arrival_1_dcp_8_critical_wave_auto_lpt.log
1,8,critical_wave_auto_lpt,16,case_000091,mixed_prefill,407.76,417.059,arrival_1_dcp_8_critical_wave_auto_lpt.log
1,8,critical_wave_auto_lpt,16,case_000092,decode_only,81.68,86.762,arrival_1_dcp_8_critical_wave_auto_lpt.log
1,8,critical_wave_auto_lpt,16,case_000093,decode_only,81.072,133.43,arrival_1_dcp_8_critical_wave_auto_lpt.log
1,8,critical_wave_auto_lpt,16,case_000094,decode_only,49.872,50.826,arrival_1_dcp_8_critical_wave_auto_lpt.log
1,8,critical_wave_auto_lpt,16,case_000095,decode_only,51.952,53.075,arrival_1_dcp_8_critical_wave_auto_lpt.log
1,8,critical_wave_auto_lpt,16,case_000096,decode_only,88.8,89.77,arrival_1_dcp_8_critical_wave_auto_lpt.log
1,8,critical_wave_auto_lpt,16,case_000097,decode_only,46.448,47.882,arrival_1_dcp_8_critical_wave_auto_lpt.log
1,8,critical_wave_auto_lpt,16,case_000098,mixed_prefill,63.84,66.176,arrival_1_dcp_8_critical_wave_auto_lpt.log
1,8,critical_wave_auto_lpt,16,case_000099,decode_only,62.096,63.229,arrival_1_dcp_8_critical_wave_auto_lpt.log
2,2,fa3_native_fifo,12,case_000000,decode_only,87.776,89.942,arrival_2_dcp_2_fa3_native_fifo.log
2,2,fa3_native_fifo,12,case_000001,decode_only,79.888,87.485,arrival_2_dcp_2_fa3_native_fifo.log
2,2,fa3_native_fifo,12,case_000002,decode_only,87.408,93.478,arrival_2_dcp_2_fa3_native_fifo.log
2,2,fa3_native_fifo,12,case_000003,decode_only,54.848,56.25,arrival_2_dcp_2_fa3_native_fifo.log
2,2,fa3_native_fifo,12,case_000004,decode_only,53.584,56.435,arrival_2_dcp_2_fa3_native_fifo.log
2,2,fa3_native_fifo,12,case_000005,decode_only,96.512,98.381,arrival_2_dcp_2_fa3_native_fifo.log
2,2,fa3_native_fifo,12,case_000006,decode_only,67.824,70.403,arrival_2_dcp_2_fa3_native_fifo.log
2,2,fa3_native_fifo,12,case_000007,mixed_prefill,1123.728,1137.821,arrival_2_dcp_2_fa3_native_fifo.log
2,2,fa3_native_fifo,12,case_000008,mixed_prefill,288.128,289.418,arrival_2_dcp_2_fa3_native_fifo.log
2,2,fa3_native_fifo,12,case_000009,decode_only,82.832,83.968,arrival_2_dcp_2_fa3_native_fifo.log
2,2,fa3_native_fifo,12,case_000010,decode_only,105.76,107.866,arrival_2_dcp_2_fa3_native_fifo.log
2,2,fa3_native_fifo,12,case_000011,mixed_prefill,802.576,817.674,arrival_2_dcp_2_fa3_native_fifo.log
2,2,fa3_native_fifo,12,case_000012,mixed_prefill,494.576,496.614,arrival_2_dcp_2_fa3_native_fifo.log
2,2,fa3_native_fifo,12,case_000013,decode_only,60.88,62.144,arrival_2_dcp_2_fa3_native_fifo.log
2,2,fa3_native_fifo,12,case_000014,decode_only,63.616,65.962,arrival_2_dcp_2_fa3_native_fifo.log
2,2,fa3_native_fifo,12,case_000015,mixed_prefill,493.92,496.861,arrival_2_dcp_2_fa3_native_fifo.log
2,2,fa3_native_fifo,12,case_000016,mixed_prefill,350.096,352.282,arrival_2_dcp_2_fa3_native_fifo.log
2,2,fa3_native_fifo,12,case_000017,decode_only,59.872,60.794,arrival_2_dcp_2_fa3_native_fifo.log
2,2,fa3_native_fifo,12,case_000018,decode_only,82.656,83.789,arrival_2_dcp_2_fa3_native_fifo.log
2,2,fa3_native_fifo,12,case_000019,decode_only,61.44,63.2,arrival_2_dcp_2_fa3_native_fifo.log
2,2,fa3_native_fifo,12,case_000020,decode_only,57.056,57.699,arrival_2_dcp_2_fa3_native_fifo.log
2,2,fa3_native_fifo,12,case_000021,decode_only,59.824,62.701,arrival_2_dcp_2_fa3_native_fifo.log
2,2,fa3_native_fifo,12,case_000022,decode_only,73.456,76.448,arrival_2_dcp_2_fa3_native_fifo.log
2,2,fa3_native_fifo,12,case_000023,mixed_prefill,696.64,699.946,arrival_2_dcp_2_fa3_native_fifo.log
2,2,fa3_native_fifo,12,case_000024,decode_only,72.48,75.334,arrival_2_dcp_2_fa3_native_fifo.log
2,2,fa3_native_fifo,12,case_000025,decode_only,74.464,84.269,arrival_2_dcp_2_fa3_native_fifo.log
2,2,fa3_native_fifo,12,case_000026,decode_only,76.384,81.203,arrival_2_dcp_2_fa3_native_fifo.log
2,2,fa3_native_fifo,12,case_000027,decode_only,67.968,79.402,arrival_2_dcp_2_fa3_native_fifo.log
2,2,fa3_native_fifo,12,case_000028,decode_only,102.56,110.771,arrival_2_dcp_2_fa3_native_fifo.log
2,2,fa3_native_fifo,12,case_000029,decode_only,72.416,80.083,arrival_2_dcp_2_fa3_native_fifo.log
2,2,fa3_native_fifo,12,case_000030,decode_only,84.752,86.477,arrival_2_dcp_2_fa3_native_fifo.log
2,2,fa3_native_fifo,12,case_000031,decode_only,62.528,63.84,arrival_2_dcp_2_fa3_native_fifo.log
2,2,fa3_native_fifo,12,case_000032,decode_only,72.144,73.315,arrival_2_dcp_2_fa3_native_fifo.log
2,2,fa3_native_fifo,12,case_000033,decode_only,63.216,65.453,arrival_2_dcp_2_fa3_native_fifo.log
2,2,fa3_native_fifo,12,case_000034,decode_only,80.928,82.307,arrival_2_dcp_2_fa3_native_fifo.log
2,2,fa3_native_fifo,12,case_000035,mixed_prefill,248.256,249.92,arrival_2_dcp_2_fa3_native_fifo.log
2,2,fa3_native_fifo,12,case_000036,mixed_prefill,194.416,195.046,arrival_2_dcp_2_fa3_native_fifo.log
2,2,fa3_native_fifo,12,case_000037,decode_only,65.792,67.213,arrival_2_dcp_2_fa3_native_fifo.log
2,2,fa3_native_fifo,12,case_000038,decode_only,66.608,69.475,arrival_2_dcp_2_fa3_native_fifo.log
2,2,fa3_native_fifo,12,case_000039,decode_only,119.36,121.459,arrival_2_dcp_2_fa3_native_fifo.log
2,2,fa3_native_fifo,12,case_000040,decode_only,64.656,66.122,arrival_2_dcp_2_fa3_native_fifo.log
2,2,fa3_native_fifo,12,case_000041,decode_only,74.64,76.771,arrival_2_dcp_2_fa3_native_fifo.log
2,2,fa3_native_fifo,12,case_000042,mixed_prefill,268.208,269.654,arrival_2_dcp_2_fa3_native_fifo.log
2,2,fa3_native_fifo,12,case_000043,decode_only,64.576,67.885,arrival_2_dcp_2_fa3_native_fifo.log
2,2,fa3_native_fifo,12,case_000044,decode_only,76.064,79.187,arrival_2_dcp_2_fa3_native_fifo.log
2,2,fa3_native_fifo,12,case_000045,mixed_prefill,222.416,228.054,arrival_2_dcp_2_fa3_native_fifo.log
2,2,fa3_native_fifo,12,case_000046,decode_only,57.36,58.624,arrival_2_dcp_2_fa3_native_fifo.log
2,2,fa3_native_fifo,12,case_000047,decode_only,55.056,56.806,arrival_2_dcp_2_fa3_native_fifo.log
2,2,fa3_native_fifo,12,case_000048,mixed_prefill,653.04,657.13,arrival_2_dcp_2_fa3_native_fifo.log
2,2,fa3_native_fifo,12,case_000049,decode_only,81.728,82.954,arrival_2_dcp_2_fa3_native_fifo.log
2,2,fa3_native_fifo,12,case_000050,decode_only,70.688,72.707,arrival_2_dcp_2_fa3_native_fifo.log
2,2,fa3_native_fifo,12,case_000051,decode_only,81.824,83.328,arrival_2_dcp_2_fa3_native_fifo.log
2,2,fa3_native_fifo,12,case_000052,decode_only,89.424,90.659,arrival_2_dcp_2_fa3_native_fifo.log
2,2,fa3_native_fifo,12,case_000053,decode_only,93.664,100.355,arrival_2_dcp_2_fa3_native_fifo.log
2,2,fa3_native_fifo,12,case_000054,decode_only,67.312,69.229,arrival_2_dcp_2_fa3_native_fifo.log
2,2,fa3_native_fifo,12,case_000055,decode_only,73.136,85.869,arrival_2_dcp_2_fa3_native_fifo.log
2,2,fa3_native_fifo,12,case_000056,decode_only,60.672,61.696,arrival_2_dcp_2_fa3_native_fifo.log
2,2,fa3_native_fifo,12,case_000057,decode_only,58.352,59.283,arrival_2_dcp_2_fa3_native_fifo.log
2,2,fa3_native_fifo,12,case_000058,mixed_prefill,459.568,469.018,arrival_2_dcp_2_fa3_native_fifo.log
2,2,fa3_native_fifo,12,case_000059,decode_only,108.848,111.725,arrival_2_dcp_2_fa3_native_fifo.log
2,2,fa3_native_fifo,12,case_000060,mixed_prefill,398.416,403.581,arrival_2_dcp_2_fa3_native_fifo.log
2,2,fa3_native_fifo,12,case_000061,mixed_prefill,224.688,226.08,arrival_2_dcp_2_fa3_native_fifo.log
2,2,fa3_native_fifo,12,case_000062,decode_only,74.048,97.341,arrival_2_dcp_2_fa3_native_fifo.log
2,2,fa3_native_fifo,12,case_000063,mixed_prefill,381.072,385.306,arrival_2_dcp_2_fa3_native_fifo.log
2,2,fa3_native_fifo,12,case_000064,decode_only,75.68,78.742,arrival_2_dcp_2_fa3_native_fifo.log
2,2,fa3_native_fifo,12,case_000065,decode_only,80.624,82.477,arrival_2_dcp_2_fa3_native_fifo.log
2,2,fa3_native_fifo,12,case_000066,decode_only,51.52,52.614,arrival_2_dcp_2_fa3_native_fifo.log
2,2,fa3_native_fifo,12,case_000067,decode_only,59.68,60.608,arrival_2_dcp_2_fa3_native_fifo.log
2,2,fa3_native_fifo,12,case_000068,decode_only,55.2,56.365,arrival_2_dcp_2_fa3_native_fifo.log
2,2,fa3_native_fifo,12,case_000069,decode_only,50.688,52.867,arrival_2_dcp_2_fa3_native_fifo.log
2,2,fa3_native_fifo,12,case_000070,mixed_prefill,84.192,86.096,arrival_2_dcp_2_fa3_native_fifo.log
2,2,fa3_native_fifo,12,case_000071,decode_only,67.184,68.483,arrival_2_dcp_2_fa3_native_fifo.log
2,2,fa3_native_fifo,12,case_000072,decode_only,54.784,56.784,arrival_2_dcp_2_fa3_native_fifo.log
2,2,fa3_native_fifo,12,case_000073,mixed_prefill,561.424,572.774,arrival_2_dcp_2_fa3_native_fifo.log
2,2,fa3_native_fifo,12,case_000074,mixed_prefill,717.44,727.389,arrival_2_dcp_2_fa3_native_fifo.log
2,2,fa3_native_fifo,12,case_000075,mixed_prefill,140.72,148.426,arrival_2_dcp_2_fa3_native_fifo.log
2,2,fa3_native_fifo,12,case_000076,mixed_prefill,428.224,439.296,arrival_2_dcp_2_fa3_native_fifo.log
2,2,fa3_native_fifo,12,case_000077,decode_only,87.088,111.93,arrival_2_dcp_2_fa3_native_fifo.log
2,2,fa3_native_fifo,12,case_000078,mixed_prefill,426.144,428.269,arrival_2_dcp_2_fa3_native_fifo.log
2,2,fa3_native_fifo,12,case_000079,decode_only,84.272,85.792,arrival_2_dcp_2_fa3_native_fifo.log
2,2,fa3_native_fifo,12,case_000080,decode_only,72.368,74.141,arrival_2_dcp_2_fa3_native_fifo.log
2,2,fa3_native_fifo,12,case_000081,mixed_prefill,1381.936,1387.6,arrival_2_dcp_2_fa3_native_fifo.log
2,2,fa3_native_fifo,12,case_000082,decode_only,70.08,72.582,arrival_2_dcp_2_fa3_native_fifo.log
2,2,fa3_native_fifo,12,case_000083,decode_only,64.592,68.925,arrival_2_dcp_2_fa3_native_fifo.log
2,2,fa3_native_fifo,12,case_000084,mixed_prefill,498.592,504.397,arrival_2_dcp_2_fa3_native_fifo.log
2,2,fa3_native_fifo,12,case_000085,decode_only,71.776,73.728,arrival_2_dcp_2_fa3_native_fifo.log
2,2,fa3_native_fifo,12,case_000086,mixed_prefill,578.0,589.168,arrival_2_dcp_2_fa3_native_fifo.log
2,2,fa3_native_fifo,12,case_000087,decode_only,76.624,77.443,arrival_2_dcp_2_fa3_native_fifo.log
2,2,fa3_native_fifo,12,case_000088,decode_only,65.408,66.726,arrival_2_dcp_2_fa3_native_fifo.log
2,2,fa3_native_fifo,12,case_000089,mixed_prefill,490.656,494.035,arrival_2_dcp_2_fa3_native_fifo.log
2,2,fa3_native_fifo,12,case_000090,decode_only,65.152,66.525,arrival_2_dcp_2_fa3_native_fifo.log
2,2,fa3_native_fifo,12,case_000091,decode_only,66.512,67.798,arrival_2_dcp_2_fa3_native_fifo.log
2,2,fa3_native_fifo,12,case_000092,mixed_prefill,493.04,495.51,arrival_2_dcp_2_fa3_native_fifo.log
2,2,fa3_native_fifo,12,case_000093,mixed_prefill,397.76,407.174,arrival_2_dcp_2_fa3_native_fifo.log
2,2,fa3_native_fifo,12,case_000094,decode_only,94.144,97.306,arrival_2_dcp_2_fa3_native_fifo.log
2,2,fa3_native_fifo,12,case_000095,mixed_prefill,285.776,286.931,arrival_2_dcp_2_fa3_native_fifo.log
2,2,fa3_native_fifo,12,case_000096,decode_only,55.344,55.981,arrival_2_dcp_2_fa3_native_fifo.log
2,2,fa3_native_fifo,12,case_000097,decode_only,66.032,66.858,arrival_2_dcp_2_fa3_native_fifo.log
2,2,fa3_native_fifo,12,case_000098,mixed_prefill,462.688,466.106,arrival_2_dcp_2_fa3_native_fifo.log
2,2,fa3_native_fifo,12,case_000099,mixed_prefill,719.52,726.061,arrival_2_dcp_2_fa3_native_fifo.log
2,2,critical_wave_auto_lpt,12,case_000000,decode_only,89.52,91.747,arrival_2_dcp_2_critical_wave_auto_lpt.log
2,2,critical_wave_auto_lpt,12,case_000001,decode_only,71.232,72.771,arrival_2_dcp_2_critical_wave_auto_lpt.log
2,2,critical_wave_auto_lpt,12,case_000002,decode_only,88.208,93.296,arrival_2_dcp_2_critical_wave_auto_lpt.log
2,2,critical_wave_auto_lpt,12,case_000003,decode_only,62.32,63.782,arrival_2_dcp_2_critical_wave_auto_lpt.log
2,2,critical_wave_auto_lpt,12,case_000004,decode_only,80.592,81.827,arrival_2_dcp_2_critical_wave_auto_lpt.log
2,2,critical_wave_auto_lpt,12,case_000005,decode_only,69.792,70.922,arrival_2_dcp_2_critical_wave_auto_lpt.log
2,2,critical_wave_auto_lpt,12,case_000006,decode_only,78.064,79.251,arrival_2_dcp_2_critical_wave_auto_lpt.log
2,2,critical_wave_auto_lpt,12,case_000007,mixed_prefill,1091.504,1097.142,arrival_2_dcp_2_critical_wave_auto_lpt.log
2,2,critical_wave_auto_lpt,12,case_000008,mixed_prefill,189.856,190.829,arrival_2_dcp_2_critical_wave_auto_lpt.log
2,2,critical_wave_auto_lpt,12,case_000009,decode_only,84.064,88.326,arrival_2_dcp_2_critical_wave_auto_lpt.log
2,2,critical_wave_auto_lpt,12,case_000010,decode_only,80.816,82.17,arrival_2_dcp_2_critical_wave_auto_lpt.log
2,2,critical_wave_auto_lpt,12,case_000011,mixed_prefill,833.344,835.539,arrival_2_dcp_2_critical_wave_auto_lpt.log
2,2,critical_wave_auto_lpt,12,case_000012,mixed_prefill,478.912,483.29,arrival_2_dcp_2_critical_wave_auto_lpt.log
2,2,critical_wave_auto_lpt,12,case_000013,decode_only,57.776,61.936,arrival_2_dcp_2_critical_wave_auto_lpt.log
2,2,critical_wave_auto_lpt,12,case_000014,decode_only,80.448,88.454,arrival_2_dcp_2_critical_wave_auto_lpt.log
2,2,critical_wave_auto_lpt,12,case_000015,mixed_prefill,475.824,478.797,arrival_2_dcp_2_critical_wave_auto_lpt.log
2,2,critical_wave_auto_lpt,12,case_000016,mixed_prefill,212.864,214.224,arrival_2_dcp_2_critical_wave_auto_lpt.log
2,2,critical_wave_auto_lpt,12,case_000017,decode_only,74.24,80.864,arrival_2_dcp_2_critical_wave_auto_lpt.log
2,2,critical_wave_auto_lpt,12,case_000018,decode_only,86.24,87.386,arrival_2_dcp_2_critical_wave_auto_lpt.log
2,2,critical_wave_auto_lpt,12,case_000019,decode_only,67.008,68.95,arrival_2_dcp_2_critical_wave_auto_lpt.log
2,2,critical_wave_auto_lpt,12,case_000020,decode_only,55.76,57.859,arrival_2_dcp_2_critical_wave_auto_lpt.log
2,2,critical_wave_auto_lpt,12,case_000021,decode_only,57.568,58.56,arrival_2_dcp_2_critical_wave_auto_lpt.log
2,2,critical_wave_auto_lpt,12,case_000022,decode_only,73.024,74.739,arrival_2_dcp_2_critical_wave_auto_lpt.log
2,2,critical_wave_auto_lpt,12,case_000023,mixed_prefill,665.184,682.534,arrival_2_dcp_2_critical_wave_auto_lpt.log
2,2,critical_wave_auto_lpt,12,case_000024,decode_only,74.064,75.395,arrival_2_dcp_2_critical_wave_auto_lpt.log
2,2,critical_wave_auto_lpt,12,case_000025,decode_only,89.936,91.283,arrival_2_dcp_2_critical_wave_auto_lpt.log
2,2,critical_wave_auto_lpt,12,case_000026,decode_only,69.392,73.901,arrival_2_dcp_2_critical_wave_auto_lpt.log
2,2,critical_wave_auto_lpt,12,case_000027,decode_only,59.952,61.878,arrival_2_dcp_2_critical_wave_auto_lpt.log
2,2,critical_wave_auto_lpt,12,case_000028,decode_only,95.84,97.235,arrival_2_dcp_2_critical_wave_auto_lpt.log
2,2,critical_wave_auto_lpt,12,case_000029,decode_only,73.264,76.368,arrival_2_dcp_2_critical_wave_auto_lpt.log
2,2,critical_wave_auto_lpt,12,case_000030,decode_only,86.56,87.578,arrival_2_dcp_2_critical_wave_auto_lpt.log
2,2,critical_wave_auto_lpt,12,case_000031,decode_only,75.568,78.79,arrival_2_dcp_2_critical_wave_auto_lpt.log
2,2,critical_wave_auto_lpt,12,case_000032,decode_only,72.464,73.523,arrival_2_dcp_2_critical_wave_auto_lpt.log
2,2,critical_wave_auto_lpt,12,case_000033,decode_only,60.624,63.232,arrival_2_dcp_2_critical_wave_auto_lpt.log
2,2,critical_wave_auto_lpt,12,case_000034,decode_only,77.376,79.085,arrival_2_dcp_2_critical_wave_auto_lpt.log
2,2,critical_wave_auto_lpt,12,case_000035,mixed_prefill,245.664,247.37,arrival_2_dcp_2_critical_wave_auto_lpt.log
2,2,critical_wave_auto_lpt,12,case_000036,mixed_prefill,160.192,161.773,arrival_2_dcp_2_critical_wave_auto_lpt.log
2,2,critical_wave_auto_lpt,12,case_000037,decode_only,69.2,70.336,arrival_2_dcp_2_critical_wave_auto_lpt.log
2,2,critical_wave_auto_lpt,12,case_000038,decode_only,77.904,83.75,arrival_2_dcp_2_critical_wave_auto_lpt.log
2,2,critical_wave_auto_lpt,12,case_000039,decode_only,122.864,125.043,arrival_2_dcp_2_critical_wave_auto_lpt.log
2,2,critical_wave_auto_lpt,12,case_000040,decode_only,64.848,66.09,arrival_2_dcp_2_critical_wave_auto_lpt.log
2,2,critical_wave_auto_lpt,12,case_000041,decode_only,76.32,77.194,arrival_2_dcp_2_critical_wave_auto_lpt.log
2,2,critical_wave_auto_lpt,12,case_000042,mixed_prefill,261.568,263.898,arrival_2_dcp_2_critical_wave_auto_lpt.log
2,2,critical_wave_auto_lpt,12,case_000043,decode_only,68.048,69.869,arrival_2_dcp_2_critical_wave_auto_lpt.log
2,2,critical_wave_auto_lpt,12,case_000044,decode_only,89.136,90.461,arrival_2_dcp_2_critical_wave_auto_lpt.log
2,2,critical_wave_auto_lpt,12,case_000045,mixed_prefill,160.512,162.416,arrival_2_dcp_2_critical_wave_auto_lpt.log
2,2,critical_wave_auto_lpt,12,case_000046,decode_only,64.608,68.189,arrival_2_dcp_2_critical_wave_auto_lpt.log
2,2,critical_wave_auto_lpt,12,case_000047,decode_only,56.24,57.315,arrival_2_dcp_2_critical_wave_auto_lpt.log
2,2,critical_wave_auto_lpt,12,case_000048,mixed_prefill,254.48,257.35,arrival_2_dcp_2_critical_wave_auto_lpt.log
2,2,critical_wave_auto_lpt,12,case_000049,decode_only,84.592,86.739,arrival_2_dcp_2_critical_wave_auto_lpt.log
2,2,critical_wave_auto_lpt,12,case_000050,decode_only,88.688,90.112,arrival_2_dcp_2_critical_wave_auto_lpt.log
2,2,critical_wave_auto_lpt,12,case_000051,decode_only,92.8,94.496,arrival_2_dcp_2_critical_wave_auto_lpt.log
2,2,critical_wave_auto_lpt,12,case_000052,decode_only,90.336,92.221,arrival_2_dcp_2_critical_wave_auto_lpt.log
2,2,critical_wave_auto_lpt,12,case_000053,decode_only,91.536,94.0,arrival_2_dcp_2_critical_wave_auto_lpt.log
2,2,critical_wave_auto_lpt,12,case_000054,decode_only,70.288,71.664,arrival_2_dcp_2_critical_wave_auto_lpt.log
2,2,critical_wave_auto_lpt,12,case_000055,decode_only,73.04,75.93,arrival_2_dcp_2_critical_wave_auto_lpt.log
2,2,critical_wave_auto_lpt,12,case_000056,decode_only,69.36,71.648,arrival_2_dcp_2_critical_wave_auto_lpt.log
2,2,critical_wave_auto_lpt,12,case_000057,decode_only,59.792,62.496,arrival_2_dcp_2_critical_wave_auto_lpt.log
2,2,critical_wave_auto_lpt,12,case_000058,mixed_prefill,185.264,186.47,arrival_2_dcp_2_critical_wave_auto_lpt.log
2,2,critical_wave_auto_lpt,12,case_000059,decode_only,111.344,114.061,arrival_2_dcp_2_critical_wave_auto_lpt.log
2,2,critical_wave_auto_lpt,12,case_000060,mixed_prefill,221.552,222.736,arrival_2_dcp_2_critical_wave_auto_lpt.log
2,2,critical_wave_auto_lpt,12,case_000061,mixed_prefill,219.184,220.947,arrival_2_dcp_2_critical_wave_auto_lpt.log
2,2,critical_wave_auto_lpt,12,case_000062,decode_only,80.432,81.907,arrival_2_dcp_2_critical_wave_auto_lpt.log
2,2,critical_wave_auto_lpt,12,case_000063,mixed_prefill,299.424,300.586,arrival_2_dcp_2_critical_wave_auto_lpt.log
2,2,critical_wave_auto_lpt,12,case_000064,decode_only,78.288,80.755,arrival_2_dcp_2_critical_wave_auto_lpt.log
2,2,critical_wave_auto_lpt,12,case_000065,decode_only,80.112,81.133,arrival_2_dcp_2_critical_wave_auto_lpt.log
2,2,critical_wave_auto_lpt,12,case_000066,decode_only,49.44,51.638,arrival_2_dcp_2_critical_wave_auto_lpt.log
2,2,critical_wave_auto_lpt,12,case_000067,decode_only,58.0,59.181,arrival_2_dcp_2_critical_wave_auto_lpt.log
2,2,critical_wave_auto_lpt,12,case_000068,decode_only,49.168,50.81,arrival_2_dcp_2_critical_wave_auto_lpt.log
2,2,critical_wave_auto_lpt,12,case_000069,decode_only,48.912,49.994,arrival_2_dcp_2_critical_wave_auto_lpt.log
2,2,critical_wave_auto_lpt,12,case_000070,mixed_prefill,83.488,84.867,arrival_2_dcp_2_critical_wave_auto_lpt.log
2,2,critical_wave_auto_lpt,12,case_000071,decode_only,90.224,92.003,arrival_2_dcp_2_critical_wave_auto_lpt.log
2,2,critical_wave_auto_lpt,12,case_000072,decode_only,51.136,55.29,arrival_2_dcp_2_critical_wave_auto_lpt.log
2,2,critical_wave_auto_lpt,12,case_000073,mixed_prefill,532.384,535.19,arrival_2_dcp_2_critical_wave_auto_lpt.log
2,2,critical_wave_auto_lpt,12,case_000074,mixed_prefill,667.008,670.672,arrival_2_dcp_2_critical_wave_auto_lpt.log
2,2,critical_wave_auto_lpt,12,case_000075,mixed_prefill,106.08,108.656,arrival_2_dcp_2_critical_wave_auto_lpt.log
2,2,critical_wave_auto_lpt,12,case_000076,mixed_prefill,240.608,244.067,arrival_2_dcp_2_critical_wave_auto_lpt.log
2,2,critical_wave_auto_lpt,12,case_000077,decode_only,102.272,103.798,arrival_2_dcp_2_critical_wave_auto_lpt.log
2,2,critical_wave_auto_lpt,12,case_000078,mixed_prefill,411.12,412.755,arrival_2_dcp_2_critical_wave_auto_lpt.log
2,2,critical_wave_auto_lpt,12,case_000079,decode_only,85.328,86.826,arrival_2_dcp_2_critical_wave_auto_lpt.log
2,2,critical_wave_auto_lpt,12,case_000080,decode_only,71.872,72.902,arrival_2_dcp_2_critical_wave_auto_lpt.log
2,2,critical_wave_auto_lpt,12,case_000081,mixed_prefill,1317.776,1333.718,arrival_2_dcp_2_critical_wave_auto_lpt.log
2,2,critical_wave_auto_lpt,12,case_000082,decode_only,90.72,94.179,arrival_2_dcp_2_critical_wave_auto_lpt.log
2,2,critical_wave_auto_lpt,12,case_000083,decode_only,72.944,73.926,arrival_2_dcp_2_critical_wave_auto_lpt.log
2,2,critical_wave_auto_lpt,12,case_000084,mixed_prefill,296.912,298.768,arrival_2_dcp_2_critical_wave_auto_lpt.log
2,2,critical_wave_auto_lpt,12,case_000085,decode_only,69.952,71.021,arrival_2_dcp_2_critical_wave_auto_lpt.log
2,2,critical_wave_auto_lpt,12,case_000086,mixed_prefill,311.44,314.109,arrival_2_dcp_2_critical_wave_auto_lpt.log
2,2,critical_wave_auto_lpt,12,case_000087,decode_only,78.0,79.517,arrival_2_dcp_2_critical_wave_auto_lpt.log
2,2,critical_wave_auto_lpt,12,case_000088,decode_only,81.888,83.862,arrival_2_dcp_2_critical_wave_auto_lpt.log
2,2,critical_wave_auto_lpt,12,case_000089,mixed_prefill,472.32,475.034,arrival_2_dcp_2_critical_wave_auto_lpt.log
2,2,critical_wave_auto_lpt,12,case_000090,decode_only,65.984,66.995,arrival_2_dcp_2_critical_wave_auto_lpt.log
2,2,critical_wave_auto_lpt,12,case_000091,decode_only,83.2,84.39,arrival_2_dcp_2_critical_wave_auto_lpt.log
2,2,critical_wave_auto_lpt,12,case_000092,mixed_prefill,474.928,478.355,arrival_2_dcp_2_critical_wave_auto_lpt.log
2,2,critical_wave_auto_lpt,12,case_000093,mixed_prefill,296.992,298.592,arrival_2_dcp_2_critical_wave_auto_lpt.log
2,2,critical_wave_auto_lpt,12,case_000094,decode_only,93.168,94.826,arrival_2_dcp_2_critical_wave_auto_lpt.log
2,2,critical_wave_auto_lpt,12,case_000095,mixed_prefill,167.008,168.806,arrival_2_dcp_2_critical_wave_auto_lpt.log
2,2,critical_wave_auto_lpt,12,case_000096,decode_only,69.248,70.15,arrival_2_dcp_2_critical_wave_auto_lpt.log
2,2,critical_wave_auto_lpt,12,case_000097,decode_only,72.176,73.917,arrival_2_dcp_2_critical_wave_auto_lpt.log
2,2,critical_wave_auto_lpt,12,case_000098,mixed_prefill,202.592,203.914,arrival_2_dcp_2_critical_wave_auto_lpt.log
2,2,critical_wave_auto_lpt,12,case_000099,mixed_prefill,318.08,319.142,arrival_2_dcp_2_critical_wave_auto_lpt.log
2,4,fa3_native_fifo,16,case_000000,decode_only,86.8,88.224,arrival_2_dcp_4_fa3_native_fifo.log
2,4,fa3_native_fifo,16,case_000001,decode_only,58.992,60.957,arrival_2_dcp_4_fa3_native_fifo.log
2,4,fa3_native_fifo,16,case_000002,decode_only,81.888,83.437,arrival_2_dcp_4_fa3_native_fifo.log
2,4,fa3_native_fifo,16,case_000003,decode_only,50.24,55.731,arrival_2_dcp_4_fa3_native_fifo.log
2,4,fa3_native_fifo,16,case_000004,decode_only,59.136,60.816,arrival_2_dcp_4_fa3_native_fifo.log
2,4,fa3_native_fifo,16,case_000005,decode_only,61.664,65.258,arrival_2_dcp_4_fa3_native_fifo.log
2,4,fa3_native_fifo,16,case_000006,decode_only,58.64,60.33,arrival_2_dcp_4_fa3_native_fifo.log
2,4,fa3_native_fifo,16,case_000007,mixed_prefill,1200.352,1216.198,arrival_2_dcp_4_fa3_native_fifo.log
2,4,fa3_native_fifo,16,case_000008,mixed_prefill,185.552,187.43,arrival_2_dcp_4_fa3_native_fifo.log
2,4,fa3_native_fifo,16,case_000009,decode_only,83.776,85.357,arrival_2_dcp_4_fa3_native_fifo.log
2,4,fa3_native_fifo,16,case_000010,decode_only,81.024,82.858,arrival_2_dcp_4_fa3_native_fifo.log
2,4,fa3_native_fifo,16,case_000011,mixed_prefill,885.488,888.688,arrival_2_dcp_4_fa3_native_fifo.log
2,4,fa3_native_fifo,16,case_000012,mixed_prefill,464.72,467.251,arrival_2_dcp_4_fa3_native_fifo.log
2,4,fa3_native_fifo,16,case_000013,decode_only,66.976,68.186,arrival_2_dcp_4_fa3_native_fifo.log
2,4,fa3_native_fifo,16,case_000014,decode_only,65.024,66.205,arrival_2_dcp_4_fa3_native_fifo.log
2,4,fa3_native_fifo,16,case_000015,mixed_prefill,467.456,470.368,arrival_2_dcp_4_fa3_native_fifo.log
2,4,fa3_native_fifo,16,case_000016,mixed_prefill,217.424,229.725,arrival_2_dcp_4_fa3_native_fifo.log
2,4,fa3_native_fifo,16,case_000017,decode_only,59.744,61.126,arrival_2_dcp_4_fa3_native_fifo.log
2,4,fa3_native_fifo,16,case_000018,decode_only,75.424,78.211,arrival_2_dcp_4_fa3_native_fifo.log
2,4,fa3_native_fifo,16,case_000019,decode_only,65.52,67.085,arrival_2_dcp_4_fa3_native_fifo.log
2,4,fa3_native_fifo,16,case_000020,decode_only,56.496,58.813,arrival_2_dcp_4_fa3_native_fifo.log
2,4,fa3_native_fifo,16,case_000021,decode_only,61.856,64.96,arrival_2_dcp_4_fa3_native_fifo.log
2,4,fa3_native_fifo,16,case_000022,decode_only,59.632,62.32,arrival_2_dcp_4_fa3_native_fifo.log
2,4,fa3_native_fifo,16,case_000023,mixed_prefill,623.76,626.346,arrival_2_dcp_4_fa3_native_fifo.log
2,4,fa3_native_fifo,16,case_000024,decode_only,74.048,76.784,arrival_2_dcp_4_fa3_native_fifo.log
2,4,fa3_native_fifo,16,case_000025,decode_only,74.368,83.136,arrival_2_dcp_4_fa3_native_fifo.log
2,4,fa3_native_fifo,16,case_000026,decode_only,69.712,72.24,arrival_2_dcp_4_fa3_native_fifo.log
2,4,fa3_native_fifo,16,case_000027,decode_only,66.72,73.405,arrival_2_dcp_4_fa3_native_fifo.log
2,4,fa3_native_fifo,16,case_000028,decode_only,90.896,93.546,arrival_2_dcp_4_fa3_native_fifo.log
2,4,fa3_native_fifo,16,case_000029,decode_only,74.24,85.773,arrival_2_dcp_4_fa3_native_fifo.log
2,4,fa3_native_fifo,16,case_000030,decode_only,79.136,81.226,arrival_2_dcp_4_fa3_native_fifo.log
2,4,fa3_native_fifo,16,case_000031,decode_only,60.976,63.75,arrival_2_dcp_4_fa3_native_fifo.log
2,4,fa3_native_fifo,16,case_000032,decode_only,72.24,74.022,arrival_2_dcp_4_fa3_native_fifo.log
2,4,fa3_native_fifo,16,case_000033,decode_only,66.256,75.456,arrival_2_dcp_4_fa3_native_fifo.log
2,4,fa3_native_fifo,16,case_000034,decode_only,79.824,81.427,arrival_2_dcp_4_fa3_native_fifo.log
2,4,fa3_native_fifo,16,case_000035,mixed_prefill,302.336,305.699,arrival_2_dcp_4_fa3_native_fifo.log
2,4,fa3_native_fifo,16,case_000036,mixed_prefill,189.856,191.286,arrival_2_dcp_4_fa3_native_fifo.log
2,4,fa3_native_fifo,16,case_000037,decode_only,70.864,73.098,arrival_2_dcp_4_fa3_native_fifo.log
2,4,fa3_native_fifo,16,case_000038,decode_only,68.688,69.888,arrival_2_dcp_4_fa3_native_fifo.log
2,4,fa3_native_fifo,16,case_000039,decode_only,109.92,111.373,arrival_2_dcp_4_fa3_native_fifo.log
2,4,fa3_native_fifo,16,case_000040,decode_only,64.592,66.669,arrival_2_dcp_4_fa3_native_fifo.log
2,4,fa3_native_fifo,16,case_000041,decode_only,76.4,78.016,arrival_2_dcp_4_fa3_native_fifo.log
2,4,fa3_native_fifo,16,case_000042,mixed_prefill,320.224,324.544,arrival_2_dcp_4_fa3_native_fifo.log
2,4,fa3_native_fifo,16,case_000043,decode_only,75.408,77.965,arrival_2_dcp_4_fa3_native_fifo.log
2,4,fa3_native_fifo,16,case_000044,decode_only,67.088,68.71,arrival_2_dcp_4_fa3_native_fifo.log
2,4,fa3_native_fifo,16,case_000045,mixed_prefill,196.192,199.072,arrival_2_dcp_4_fa3_native_fifo.log
2,4,fa3_native_fifo,16,case_000046,decode_only,61.872,68.912,arrival_2_dcp_4_fa3_native_fifo.log
2,4,fa3_native_fifo,16,case_000047,decode_only,60.912,62.598,arrival_2_dcp_4_fa3_native_fifo.log
2,4,fa3_native_fifo,16,case_000048,mixed_prefill,361.552,363.488,arrival_2_dcp_4_fa3_native_fifo.log
2,4,fa3_native_fifo,16,case_000049,decode_only,84.928,110.854,arrival_2_dcp_4_fa3_native_fifo.log
2,4,fa3_native_fifo,16,case_000050,decode_only,71.344,72.816,arrival_2_dcp_4_fa3_native_fifo.log
2,4,fa3_native_fifo,16,case_000051,decode_only,80.208,92.678,arrival_2_dcp_4_fa3_native_fifo.log
2,4,fa3_native_fifo,16,case_000052,decode_only,88.016,89.379,arrival_2_dcp_4_fa3_native_fifo.log
2,4,fa3_native_fifo,16,case_000053,decode_only,90.624,101.517,arrival_2_dcp_4_fa3_native_fifo.log
2,4,fa3_native_fifo,16,case_000054,decode_only,71.248,72.688,arrival_2_dcp_4_fa3_native_fifo.log
2,4,fa3_native_fifo,16,case_000055,decode_only,75.68,81.562,arrival_2_dcp_4_fa3_native_fifo.log
2,4,fa3_native_fifo,16,case_000056,decode_only,60.496,62.486,arrival_2_dcp_4_fa3_native_fifo.log
2,4,fa3_native_fifo,16,case_000057,decode_only,60.848,68.979,arrival_2_dcp_4_fa3_native_fifo.log
2,4,fa3_native_fifo,16,case_000058,mixed_prefill,268.48,270.598,arrival_2_dcp_4_fa3_native_fifo.log
2,4,fa3_native_fifo,16,case_000059,decode_only,95.744,97.811,arrival_2_dcp_4_fa3_native_fifo.log
2,4,fa3_native_fifo,16,case_000060,mixed_prefill,236.912,241.786,arrival_2_dcp_4_fa3_native_fifo.log
2,4,fa3_native_fifo,16,case_000061,mixed_prefill,293.152,295.814,arrival_2_dcp_4_fa3_native_fifo.log
2,4,fa3_native_fifo,16,case_000062,decode_only,76.256,78.186,arrival_2_dcp_4_fa3_native_fifo.log
2,4,fa3_native_fifo,16,case_000063,mixed_prefill,340.656,343.437,arrival_2_dcp_4_fa3_native_fifo.log
2,4,fa3_native_fifo,16,case_000064,decode_only,77.184,79.632,arrival_2_dcp_4_fa3_native_fifo.log
2,4,fa3_native_fifo,16,case_000065,decode_only,81.568,83.526,arrival_2_dcp_4_fa3_native_fifo.log
2,4,fa3_native_fifo,16,case_000066,decode_only,62.656,67.77,arrival_2_dcp_4_fa3_native_fifo.log
2,4,fa3_native_fifo,16,case_000067,decode_only,59.504,61.354,arrival_2_dcp_4_fa3_native_fifo.log
2,4,fa3_native_fifo,16,case_000068,decode_only,61.6,63.552,arrival_2_dcp_4_fa3_native_fifo.log
2,4,fa3_native_fifo,16,case_000069,decode_only,57.184,79.107,arrival_2_dcp_4_fa3_native_fifo.log
2,4,fa3_native_fifo,16,case_000070,mixed_prefill,84.944,86.554,arrival_2_dcp_4_fa3_native_fifo.log
2,4,fa3_native_fifo,16,case_000071,decode_only,69.392,72.01,arrival_2_dcp_4_fa3_native_fifo.log
2,4,fa3_native_fifo,16,case_000072,decode_only,60.352,61.837,arrival_2_dcp_4_fa3_native_fifo.log
2,4,fa3_native_fifo,16,case_000073,mixed_prefill,504.0,506.307,arrival_2_dcp_4_fa3_native_fifo.log
2,4,fa3_native_fifo,16,case_000074,mixed_prefill,643.04,645.542,arrival_2_dcp_4_fa3_native_fifo.log
2,4,fa3_native_fifo,16,case_000075,mixed_prefill,120.144,123.344,arrival_2_dcp_4_fa3_native_fifo.log
2,4,fa3_native_fifo,16,case_000076,mixed_prefill,300.496,324.832,arrival_2_dcp_4_fa3_native_fifo.log
2,4,fa3_native_fifo,16,case_000077,decode_only,68.736,71.155,arrival_2_dcp_4_fa3_native_fifo.log
2,4,fa3_native_fifo,16,case_000078,mixed_prefill,424.432,427.395,arrival_2_dcp_4_fa3_native_fifo.log
2,4,fa3_native_fifo,16,case_000079,decode_only,84.56,86.938,arrival_2_dcp_4_fa3_native_fifo.log
2,4,fa3_native_fifo,16,case_000080,decode_only,71.376,73.248,arrival_2_dcp_4_fa3_native_fifo.log
2,4,fa3_native_fifo,16,case_000081,mixed_prefill,1230.48,1238.362,arrival_2_dcp_4_fa3_native_fifo.log
2,4,fa3_native_fifo,16,case_000082,decode_only,75.12,77.987,arrival_2_dcp_4_fa3_native_fifo.log
2,4,fa3_native_fifo,16,case_000083,decode_only,68.128,89.84,arrival_2_dcp_4_fa3_native_fifo.log
2,4,fa3_native_fifo,16,case_000084,mixed_prefill,341.184,344.656,arrival_2_dcp_4_fa3_native_fifo.log
2,4,fa3_native_fifo,16,case_000085,decode_only,65.68,69.206,arrival_2_dcp_4_fa3_native_fifo.log
2,4,fa3_native_fifo,16,case_000086,mixed_prefill,344.816,349.363,arrival_2_dcp_4_fa3_native_fifo.log
2,4,fa3_native_fifo,16,case_000087,decode_only,79.296,81.763,arrival_2_dcp_4_fa3_native_fifo.log
2,4,fa3_native_fifo,16,case_000088,decode_only,63.52,65.696,arrival_2_dcp_4_fa3_native_fifo.log
2,4,fa3_native_fifo,16,case_000089,mixed_prefill,461.616,464.195,arrival_2_dcp_4_fa3_native_fifo.log
2,4,fa3_native_fifo,16,case_000090,decode_only,67.248,68.96,arrival_2_dcp_4_fa3_native_fifo.log
2,4,fa3_native_fifo,16,case_000091,decode_only,68.064,69.642,arrival_2_dcp_4_fa3_native_fifo.log
2,4,fa3_native_fifo,16,case_000092,mixed_prefill,463.36,466.643,arrival_2_dcp_4_fa3_native_fifo.log
2,4,fa3_native_fifo,16,case_000093,mixed_prefill,335.136,338.045,arrival_2_dcp_4_fa3_native_fifo.log
2,4,fa3_native_fifo,16,case_000094,decode_only,89.792,99.434,arrival_2_dcp_4_fa3_native_fifo.log
2,4,fa3_native_fifo,16,case_000095,mixed_prefill,215.232,223.968,arrival_2_dcp_4_fa3_native_fifo.log
2,4,fa3_native_fifo,16,case_000096,decode_only,57.056,58.298,arrival_2_dcp_4_fa3_native_fifo.log
2,4,fa3_native_fifo,16,case_000097,decode_only,58.0,60.08,arrival_2_dcp_4_fa3_native_fifo.log
2,4,fa3_native_fifo,16,case_000098,mixed_prefill,267.68,269.12,arrival_2_dcp_4_fa3_native_fifo.log
2,4,fa3_native_fifo,16,case_000099,mixed_prefill,399.68,402.979,arrival_2_dcp_4_fa3_native_fifo.log
2,4,critical_wave_auto_lpt,16,case_000000,decode_only,130.496,134.768,arrival_2_dcp_4_critical_wave_auto_lpt.log
2,4,critical_wave_auto_lpt,16,case_000001,decode_only,69.504,70.95,arrival_2_dcp_4_critical_wave_auto_lpt.log
2,4,critical_wave_auto_lpt,16,case_000002,decode_only,82.576,96.861,arrival_2_dcp_4_critical_wave_auto_lpt.log
2,4,critical_wave_auto_lpt,16,case_000003,decode_only,48.88,50.342,arrival_2_dcp_4_critical_wave_auto_lpt.log
2,4,critical_wave_auto_lpt,16,case_000004,decode_only,65.712,67.146,arrival_2_dcp_4_critical_wave_auto_lpt.log
2,4,critical_wave_auto_lpt,16,case_000005,decode_only,69.056,74.349,arrival_2_dcp_4_critical_wave_auto_lpt.log
2,4,critical_wave_auto_lpt,16,case_000006,decode_only,74.512,100.346,arrival_2_dcp_4_critical_wave_auto_lpt.log
2,4,critical_wave_auto_lpt,16,case_000007,mixed_prefill,1217.872,1223.99,arrival_2_dcp_4_critical_wave_auto_lpt.log
2,4,critical_wave_auto_lpt,16,case_000008,mixed_prefill,178.72,190.323,arrival_2_dcp_4_critical_wave_auto_lpt.log
2,4,critical_wave_auto_lpt,16,case_000009,decode_only,114.0,115.514,arrival_2_dcp_4_critical_wave_auto_lpt.log
2,4,critical_wave_auto_lpt,16,case_000010,decode_only,88.864,89.75,arrival_2_dcp_4_critical_wave_auto_lpt.log
2,4,critical_wave_auto_lpt,16,case_000011,mixed_prefill,920.352,922.24,arrival_2_dcp_4_critical_wave_auto_lpt.log
2,4,critical_wave_auto_lpt,16,case_000012,mixed_prefill,473.696,475.174,arrival_2_dcp_4_critical_wave_auto_lpt.log
2,4,critical_wave_auto_lpt,16,case_000013,decode_only,79.664,103.411,arrival_2_dcp_4_critical_wave_auto_lpt.log
2,4,critical_wave_auto_lpt,16,case_000014,decode_only,83.44,90.803,arrival_2_dcp_4_critical_wave_auto_lpt.log
2,4,critical_wave_auto_lpt,16,case_000015,mixed_prefill,474.704,475.853,arrival_2_dcp_4_critical_wave_auto_lpt.log
2,4,critical_wave_auto_lpt,16,case_000016,mixed_prefill,218.304,220.602,arrival_2_dcp_4_critical_wave_auto_lpt.log
2,4,critical_wave_auto_lpt,16,case_000017,decode_only,74.0,77.901,arrival_2_dcp_4_critical_wave_auto_lpt.log
2,4,critical_wave_auto_lpt,16,case_000018,decode_only,88.08,89.632,arrival_2_dcp_4_critical_wave_auto_lpt.log
2,4,critical_wave_auto_lpt,16,case_000019,decode_only,78.496,80.336,arrival_2_dcp_4_critical_wave_auto_lpt.log
2,4,critical_wave_auto_lpt,16,case_000020,decode_only,69.6,71.091,arrival_2_dcp_4_critical_wave_auto_lpt.log
2,4,critical_wave_auto_lpt,16,case_000021,decode_only,89.936,91.171,arrival_2_dcp_4_critical_wave_auto_lpt.log
2,4,critical_wave_auto_lpt,16,case_000022,decode_only,77.664,78.861,arrival_2_dcp_4_critical_wave_auto_lpt.log
2,4,critical_wave_auto_lpt,16,case_000023,mixed_prefill,641.952,654.099,arrival_2_dcp_4_critical_wave_auto_lpt.log
2,4,critical_wave_auto_lpt,16,case_000024,decode_only,96.528,118.71,arrival_2_dcp_4_critical_wave_auto_lpt.log
2,4,critical_wave_auto_lpt,16,case_000025,decode_only,93.04,94.707,arrival_2_dcp_4_critical_wave_auto_lpt.log
2,4,critical_wave_auto_lpt,16,case_000026,decode_only,75.504,76.522,arrival_2_dcp_4_critical_wave_auto_lpt.log
2,4,critical_wave_auto_lpt,16,case_000027,decode_only,73.76,75.843,arrival_2_dcp_4_critical_wave_auto_lpt.log
2,4,critical_wave_auto_lpt,16,case_000028,decode_only,89.792,99.008,arrival_2_dcp_4_critical_wave_auto_lpt.log
2,4,critical_wave_auto_lpt,16,case_000029,decode_only,89.248,90.899,arrival_2_dcp_4_critical_wave_auto_lpt.log
2,4,critical_wave_auto_lpt,16,case_000030,decode_only,82.272,83.83,arrival_2_dcp_4_critical_wave_auto_lpt.log
2,4,critical_wave_auto_lpt,16,case_000031,decode_only,77.312,79.35,arrival_2_dcp_4_critical_wave_auto_lpt.log
2,4,critical_wave_auto_lpt,16,case_000032,decode_only,78.032,78.906,arrival_2_dcp_4_critical_wave_auto_lpt.log
2,4,critical_wave_auto_lpt,16,case_000033,decode_only,88.08,89.267,arrival_2_dcp_4_critical_wave_auto_lpt.log
2,4,critical_wave_auto_lpt,16,case_000034,decode_only,89.904,90.88,arrival_2_dcp_4_critical_wave_auto_lpt.log
2,4,critical_wave_auto_lpt,16,case_000035,mixed_prefill,310.144,313.805,arrival_2_dcp_4_critical_wave_auto_lpt.log
2,4,critical_wave_auto_lpt,16,case_000036,mixed_prefill,182.048,184.403,arrival_2_dcp_4_critical_wave_auto_lpt.log
2,4,critical_wave_auto_lpt,16,case_000037,decode_only,89.68,91.747,arrival_2_dcp_4_critical_wave_auto_lpt.log
2,4,critical_wave_auto_lpt,16,case_000038,decode_only,90.544,91.968,arrival_2_dcp_4_critical_wave_auto_lpt.log
2,4,critical_wave_auto_lpt,16,case_000039,decode_only,112.784,115.526,arrival_2_dcp_4_critical_wave_auto_lpt.log
2,4,critical_wave_auto_lpt,16,case_000040,decode_only,75.92,77.386,arrival_2_dcp_4_critical_wave_auto_lpt.log
2,4,critical_wave_auto_lpt,16,case_000041,decode_only,90.672,92.128,arrival_2_dcp_4_critical_wave_auto_lpt.log
2,4,critical_wave_auto_lpt,16,case_000042,mixed_prefill,325.728,329.587,arrival_2_dcp_4_critical_wave_auto_lpt.log
2,4,critical_wave_auto_lpt,16,case_000043,decode_only,55.072,56.429,arrival_2_dcp_4_critical_wave_auto_lpt.log
2,4,critical_wave_auto_lpt,16,case_000044,decode_only,104.816,106.499,arrival_2_dcp_4_critical_wave_auto_lpt.log
2,4,critical_wave_auto_lpt,16,case_000045,mixed_prefill,191.936,194.0,arrival_2_dcp_4_critical_wave_auto_lpt.log
2,4,critical_wave_auto_lpt,16,case_000046,decode_only,58.496,59.658,arrival_2_dcp_4_critical_wave_auto_lpt.log
2,4,critical_wave_auto_lpt,16,case_000047,decode_only,71.968,73.731,arrival_2_dcp_4_critical_wave_auto_lpt.log
2,4,critical_wave_auto_lpt,16,case_000048,mixed_prefill,307.968,311.568,arrival_2_dcp_4_critical_wave_auto_lpt.log
2,4,critical_wave_auto_lpt,16,case_000049,decode_only,98.288,99.469,arrival_2_dcp_4_critical_wave_auto_lpt.log
2,4,critical_wave_auto_lpt,16,case_000050,decode_only,74.272,81.44,arrival_2_dcp_4_critical_wave_auto_lpt.log
2,4,critical_wave_auto_lpt,16,case_000051,decode_only,101.824,102.672,arrival_2_dcp_4_critical_wave_auto_lpt.log
2,4,critical_wave_auto_lpt,16,case_000052,decode_only,98.976,100.387,arrival_2_dcp_4_critical_wave_auto_lpt.log
2,4,critical_wave_auto_lpt,16,case_000053,decode_only,93.2,94.832,arrival_2_dcp_4_critical_wave_auto_lpt.log
2,4,critical_wave_auto_lpt,16,case_000054,decode_only,78.208,79.731,arrival_2_dcp_4_critical_wave_auto_lpt.log
2,4,critical_wave_auto_lpt,16,case_000055,decode_only,79.296,80.742,arrival_2_dcp_4_critical_wave_auto_lpt.log
2,4,critical_wave_auto_lpt,16,case_000056,decode_only,55.296,58.384,arrival_2_dcp_4_critical_wave_auto_lpt.log
2,4,critical_wave_auto_lpt,16,case_000057,decode_only,66.512,67.402,arrival_2_dcp_4_critical_wave_auto_lpt.log
2,4,critical_wave_auto_lpt,16,case_000058,mixed_prefill,202.096,208.419,arrival_2_dcp_4_critical_wave_auto_lpt.log
2,4,critical_wave_auto_lpt,16,case_000059,decode_only,97.088,98.182,arrival_2_dcp_4_critical_wave_auto_lpt.log
2,4,critical_wave_auto_lpt,16,case_000060,mixed_prefill,216.752,234.989,arrival_2_dcp_4_critical_wave_auto_lpt.log
2,4,critical_wave_auto_lpt,16,case_000061,mixed_prefill,301.952,305.738,arrival_2_dcp_4_critical_wave_auto_lpt.log
2,4,critical_wave_auto_lpt,16,case_000062,decode_only,90.304,91.411,arrival_2_dcp_4_critical_wave_auto_lpt.log
2,4,critical_wave_auto_lpt,16,case_000063,mixed_prefill,351.856,356.422,arrival_2_dcp_4_critical_wave_auto_lpt.log
2,4,critical_wave_auto_lpt,16,case_000064,decode_only,90.336,91.782,arrival_2_dcp_4_critical_wave_auto_lpt.log
2,4,critical_wave_auto_lpt,16,case_000065,decode_only,93.456,95.37,arrival_2_dcp_4_critical_wave_auto_lpt.log
2,4,critical_wave_auto_lpt,16,case_000066,decode_only,70.736,71.949,arrival_2_dcp_4_critical_wave_auto_lpt.log
2,4,critical_wave_auto_lpt,16,case_000067,decode_only,85.456,87.267,arrival_2_dcp_4_critical_wave_auto_lpt.log
2,4,critical_wave_auto_lpt,16,case_000068,decode_only,62.8,63.843,arrival_2_dcp_4_critical_wave_auto_lpt.log
2,4,critical_wave_auto_lpt,16,case_000069,decode_only,74.048,75.338,arrival_2_dcp_4_critical_wave_auto_lpt.log
2,4,critical_wave_auto_lpt,16,case_000070,mixed_prefill,84.896,86.234,arrival_2_dcp_4_critical_wave_auto_lpt.log
2,4,critical_wave_auto_lpt,16,case_000071,decode_only,84.672,86.291,arrival_2_dcp_4_critical_wave_auto_lpt.log
2,4,critical_wave_auto_lpt,16,case_000072,decode_only,62.128,63.795,arrival_2_dcp_4_critical_wave_auto_lpt.log
2,4,critical_wave_auto_lpt,16,case_000073,mixed_prefill,518.064,519.338,arrival_2_dcp_4_critical_wave_auto_lpt.log
2,4,critical_wave_auto_lpt,16,case_000074,mixed_prefill,639.376,660.272,arrival_2_dcp_4_critical_wave_auto_lpt.log
2,4,critical_wave_auto_lpt,16,case_000075,mixed_prefill,98.64,107.315,arrival_2_dcp_4_critical_wave_auto_lpt.log
2,4,critical_wave_auto_lpt,16,case_000076,mixed_prefill,308.576,313.504,arrival_2_dcp_4_critical_wave_auto_lpt.log
2,4,critical_wave_auto_lpt,16,case_000077,decode_only,68.528,69.834,arrival_2_dcp_4_critical_wave_auto_lpt.log
2,4,critical_wave_auto_lpt,16,case_000078,mixed_prefill,430.16,432.035,arrival_2_dcp_4_critical_wave_auto_lpt.log
2,4,critical_wave_auto_lpt,16,case_000079,decode_only,85.984,87.133,arrival_2_dcp_4_critical_wave_auto_lpt.log
2,4,critical_wave_auto_lpt,16,case_000080,decode_only,79.776,81.203,arrival_2_dcp_4_critical_wave_auto_lpt.log
2,4,critical_wave_auto_lpt,16,case_000081,mixed_prefill,1222.384,1240.461,arrival_2_dcp_4_critical_wave_auto_lpt.log
2,4,critical_wave_auto_lpt,16,case_000082,decode_only,72.8,73.997,arrival_2_dcp_4_critical_wave_auto_lpt.log
2,4,critical_wave_auto_lpt,16,case_000083,decode_only,76.24,85.565,arrival_2_dcp_4_critical_wave_auto_lpt.log
2,4,critical_wave_auto_lpt,16,case_000084,mixed_prefill,348.448,352.906,arrival_2_dcp_4_critical_wave_auto_lpt.log
2,4,critical_wave_auto_lpt,16,case_000085,decode_only,80.224,81.667,arrival_2_dcp_4_critical_wave_auto_lpt.log
2,4,critical_wave_auto_lpt,16,case_000086,mixed_prefill,355.296,358.179,arrival_2_dcp_4_critical_wave_auto_lpt.log
2,4,critical_wave_auto_lpt,16,case_000087,decode_only,105.888,137.53,arrival_2_dcp_4_critical_wave_auto_lpt.log
2,4,critical_wave_auto_lpt,16,case_000088,decode_only,71.04,103.456,arrival_2_dcp_4_critical_wave_auto_lpt.log
2,4,critical_wave_auto_lpt,16,case_000089,mixed_prefill,468.512,472.803,arrival_2_dcp_4_critical_wave_auto_lpt.log
2,4,critical_wave_auto_lpt,16,case_000090,decode_only,84.528,87.786,arrival_2_dcp_4_critical_wave_auto_lpt.log
2,4,critical_wave_auto_lpt,16,case_000091,decode_only,75.424,77.36,arrival_2_dcp_4_critical_wave_auto_lpt.log
2,4,critical_wave_auto_lpt,16,case_000092,mixed_prefill,474.144,481.766,arrival_2_dcp_4_critical_wave_auto_lpt.log
2,4,critical_wave_auto_lpt,16,case_000093,mixed_prefill,346.432,348.992,arrival_2_dcp_4_critical_wave_auto_lpt.log
2,4,critical_wave_auto_lpt,16,case_000094,decode_only,91.504,92.579,arrival_2_dcp_4_critical_wave_auto_lpt.log
2,4,critical_wave_auto_lpt,16,case_000095,mixed_prefill,204.24,220.502,arrival_2_dcp_4_critical_wave_auto_lpt.log
2,4,critical_wave_auto_lpt,16,case_000096,decode_only,55.872,56.698,arrival_2_dcp_4_critical_wave_auto_lpt.log
2,4,critical_wave_auto_lpt,16,case_000097,decode_only,74.096,75.107,arrival_2_dcp_4_critical_wave_auto_lpt.log
2,4,critical_wave_auto_lpt,16,case_000098,mixed_prefill,160.352,162.653,arrival_2_dcp_4_critical_wave_auto_lpt.log
2,4,critical_wave_auto_lpt,16,case_000099,mixed_prefill,406.144,409.328,arrival_2_dcp_4_critical_wave_auto_lpt.log
2,8,fa3_native_fifo,16,case_000000,decode_only,97.504,98.979,arrival_2_dcp_8_fa3_native_fifo.log
2,8,fa3_native_fifo,16,case_000001,decode_only,75.072,76.787,arrival_2_dcp_8_fa3_native_fifo.log
2,8,fa3_native_fifo,16,case_000002,decode_only,90.32,91.821,arrival_2_dcp_8_fa3_native_fifo.log
2,8,fa3_native_fifo,16,case_000003,decode_only,59.952,67.517,arrival_2_dcp_8_fa3_native_fifo.log
2,8,fa3_native_fifo,16,case_000004,decode_only,69.584,71.117,arrival_2_dcp_8_fa3_native_fifo.log
2,8,fa3_native_fifo,16,case_000005,decode_only,74.304,75.539,arrival_2_dcp_8_fa3_native_fifo.log
2,8,fa3_native_fifo,16,case_000006,decode_only,69.792,103.92,arrival_2_dcp_8_fa3_native_fifo.log
2,8,fa3_native_fifo,16,case_000007,mixed_prefill,1474.32,1497.904,arrival_2_dcp_8_fa3_native_fifo.log
2,8,fa3_native_fifo,16,case_000008,mixed_prefill,261.504,266.122,arrival_2_dcp_8_fa3_native_fifo.log
2,8,fa3_native_fifo,16,case_000009,decode_only,97.952,99.878,arrival_2_dcp_8_fa3_native_fifo.log
2,8,fa3_native_fifo,16,case_000010,decode_only,101.088,102.634,arrival_2_dcp_8_fa3_native_fifo.log
2,8,fa3_native_fifo,16,case_000011,mixed_prefill,1195.792,1218.554,arrival_2_dcp_8_fa3_native_fifo.log
2,8,fa3_native_fifo,16,case_000012,mixed_prefill,617.216,631.718,arrival_2_dcp_8_fa3_native_fifo.log
2,8,fa3_native_fifo,16,case_000013,decode_only,79.136,80.291,arrival_2_dcp_8_fa3_native_fifo.log
2,8,fa3_native_fifo,16,case_000014,decode_only,83.696,85.747,arrival_2_dcp_8_fa3_native_fifo.log
2,8,fa3_native_fifo,16,case_000015,mixed_prefill,621.792,667.974,arrival_2_dcp_8_fa3_native_fifo.log
2,8,fa3_native_fifo,16,case_000016,mixed_prefill,368.256,374.358,arrival_2_dcp_8_fa3_native_fifo.log
2,8,fa3_native_fifo,16,case_000017,decode_only,74.752,77.402,arrival_2_dcp_8_fa3_native_fifo.log
2,8,fa3_native_fifo,16,case_000018,decode_only,82.88,84.845,arrival_2_dcp_8_fa3_native_fifo.log
2,8,fa3_native_fifo,16,case_000019,decode_only,78.768,80.355,arrival_2_dcp_8_fa3_native_fifo.log
2,8,fa3_native_fifo,16,case_000020,decode_only,65.76,66.822,arrival_2_dcp_8_fa3_native_fifo.log
2,8,fa3_native_fifo,16,case_000021,decode_only,70.944,72.16,arrival_2_dcp_8_fa3_native_fifo.log
2,8,fa3_native_fifo,16,case_000022,decode_only,69.536,78.403,arrival_2_dcp_8_fa3_native_fifo.log
2,8,fa3_native_fifo,16,case_000023,mixed_prefill,807.888,815.206,arrival_2_dcp_8_fa3_native_fifo.log
2,8,fa3_native_fifo,16,case_000024,decode_only,86.048,87.469,arrival_2_dcp_8_fa3_native_fifo.log
2,8,fa3_native_fifo,16,case_000025,decode_only,86.32,87.651,arrival_2_dcp_8_fa3_native_fifo.log
2,8,fa3_native_fifo,16,case_000026,decode_only,83.904,85.354,arrival_2_dcp_8_fa3_native_fifo.log
2,8,fa3_native_fifo,16,case_000027,decode_only,79.392,80.682,arrival_2_dcp_8_fa3_native_fifo.log
2,8,fa3_native_fifo,16,case_000028,decode_only,98.064,99.299,arrival_2_dcp_8_fa3_native_fifo.log
2,8,fa3_native_fifo,16,case_000029,decode_only,86.032,87.59,arrival_2_dcp_8_fa3_native_fifo.log
2,8,fa3_native_fifo,16,case_000030,decode_only,90.624,92.064,arrival_2_dcp_8_fa3_native_fifo.log
2,8,fa3_native_fifo,16,case_000031,decode_only,67.152,68.384,arrival_2_dcp_8_fa3_native_fifo.log
2,8,fa3_native_fifo,16,case_000032,decode_only,83.856,86.253,arrival_2_dcp_8_fa3_native_fifo.log
2,8,fa3_native_fifo,16,case_000033,decode_only,81.024,82.899,arrival_2_dcp_8_fa3_native_fifo.log
2,8,fa3_native_fifo,16,case_000034,decode_only,86.224,87.626,arrival_2_dcp_8_fa3_native_fifo.log
2,8,fa3_native_fifo,16,case_000035,mixed_prefill,436.096,443.565,arrival_2_dcp_8_fa3_native_fifo.log
2,8,fa3_native_fifo,16,case_000036,mixed_prefill,264.64,267.699,arrival_2_dcp_8_fa3_native_fifo.log
2,8,fa3_native_fifo,16,case_000037,decode_only,80.816,82.179,arrival_2_dcp_8_fa3_native_fifo.log
2,8,fa3_native_fifo,16,case_000038,decode_only,79.968,81.293,arrival_2_dcp_8_fa3_native_fifo.log
2,8,fa3_native_fifo,16,case_000039,decode_only,123.008,125.379,arrival_2_dcp_8_fa3_native_fifo.log
2,8,fa3_native_fifo,16,case_000040,decode_only,78.72,81.408,arrival_2_dcp_8_fa3_native_fifo.log
2,8,fa3_native_fifo,16,case_000041,decode_only,91.856,93.088,arrival_2_dcp_8_fa3_native_fifo.log
2,8,fa3_native_fifo,16,case_000042,mixed_prefill,458.352,465.91,arrival_2_dcp_8_fa3_native_fifo.log
2,8,fa3_native_fifo,16,case_000043,decode_only,73.088,75.453,arrival_2_dcp_8_fa3_native_fifo.log
2,8,fa3_native_fifo,16,case_000044,decode_only,80.72,82.954,arrival_2_dcp_8_fa3_native_fifo.log
2,8,fa3_native_fifo,16,case_000045,mixed_prefill,284.832,288.474,arrival_2_dcp_8_fa3_native_fifo.log
2,8,fa3_native_fifo,16,case_000046,decode_only,71.68,114.576,arrival_2_dcp_8_fa3_native_fifo.log
2,8,fa3_native_fifo,16,case_000047,decode_only,74.592,76.915,arrival_2_dcp_8_fa3_native_fifo.log
2,8,fa3_native_fifo,16,case_000048,mixed_prefill,440.128,446.717,arrival_2_dcp_8_fa3_native_fifo.log
2,8,fa3_native_fifo,16,case_000049,decode_only,98.0,100.458,arrival_2_dcp_8_fa3_native_fifo.log
2,8,fa3_native_fifo,16,case_000050,decode_only,84.496,90.403,arrival_2_dcp_8_fa3_native_fifo.log
2,8,fa3_native_fifo,16,case_000051,decode_only,94.976,97.174,arrival_2_dcp_8_fa3_native_fifo.log
2,8,fa3_native_fifo,16,case_000052,decode_only,101.952,103.642,arrival_2_dcp_8_fa3_native_fifo.log
2,8,fa3_native_fifo,16,case_000053,decode_only,101.856,102.928,arrival_2_dcp_8_fa3_native_fifo.log
2,8,fa3_native_fifo,16,case_000054,decode_only,85.6,87.014,arrival_2_dcp_8_fa3_native_fifo.log
2,8,fa3_native_fifo,16,case_000055,decode_only,88.608,204.954,arrival_2_dcp_8_fa3_native_fifo.log
2,8,fa3_native_fifo,16,case_000056,decode_only,70.96,72.554,arrival_2_dcp_8_fa3_native_fifo.log
2,8,fa3_native_fifo,16,case_000057,decode_only,71.264,448.717,arrival_2_dcp_8_fa3_native_fifo.log
2,8,fa3_native_fifo,16,case_000058,mixed_prefill,359.824,363.936,arrival_2_dcp_8_fa3_native_fifo.log
2,8,fa3_native_fifo,16,case_000059,decode_only,110.688,185.645,arrival_2_dcp_8_fa3_native_fifo.log
2,8,fa3_native_fifo,16,case_000060,mixed_prefill,372.24,380.925,arrival_2_dcp_8_fa3_native_fifo.log
2,8,fa3_native_fifo,16,case_000061,mixed_prefill,435.312,441.389,arrival_2_dcp_8_fa3_native_fifo.log
2,8,fa3_native_fifo,16,case_000062,decode_only,87.776,89.523,arrival_2_dcp_8_fa3_native_fifo.log
2,8,fa3_native_fifo,16,case_000063,mixed_prefill,481.472,485.987,arrival_2_dcp_8_fa3_native_fifo.log
2,8,fa3_native_fifo,16,case_000064,decode_only,89.488,103.296,arrival_2_dcp_8_fa3_native_fifo.log
2,8,fa3_native_fifo,16,case_000065,decode_only,96.752,98.227,arrival_2_dcp_8_fa3_native_fifo.log
2,8,fa3_native_fifo,16,case_000066,decode_only,76.736,78.224,arrival_2_dcp_8_fa3_native_fifo.log
2,8,fa3_native_fifo,16,case_000067,decode_only,73.216,74.355,arrival_2_dcp_8_fa3_native_fifo.log
2,8,fa3_native_fifo,16,case_000068,decode_only,73.248,74.157,arrival_2_dcp_8_fa3_native_fifo.log
2,8,fa3_native_fifo,16,case_000069,decode_only,68.96,70.435,arrival_2_dcp_8_fa3_native_fifo.log
2,8,fa3_native_fifo,16,case_000070,mixed_prefill,104.688,106.019,arrival_2_dcp_8_fa3_native_fifo.log
2,8,fa3_native_fifo,16,case_000071,decode_only,83.456,85.539,arrival_2_dcp_8_fa3_native_fifo.log
2,8,fa3_native_fifo,16,case_000072,decode_only,71.2,72.909,arrival_2_dcp_8_fa3_native_fifo.log
2,8,fa3_native_fifo,16,case_000073,mixed_prefill,660.192,664.256,arrival_2_dcp_8_fa3_native_fifo.log
2,8,fa3_native_fifo,16,case_000074,mixed_prefill,765.648,775.011,arrival_2_dcp_8_fa3_native_fifo.log
2,8,fa3_native_fifo,16,case_000075,mixed_prefill,120.432,128.163,arrival_2_dcp_8_fa3_native_fifo.log
2,8,fa3_native_fifo,16,case_000076,mixed_prefill,434.624,442.122,arrival_2_dcp_8_fa3_native_fifo.log
2,8,fa3_native_fifo,16,case_000077,decode_only,79.344,80.714,arrival_2_dcp_8_fa3_native_fifo.log
2,8,fa3_native_fifo,16,case_000078,mixed_prefill,574.384,584.016,arrival_2_dcp_8_fa3_native_fifo.log
2,8,fa3_native_fifo,16,case_000079,decode_only,96.016,97.91,arrival_2_dcp_8_fa3_native_fifo.log
2,8,fa3_native_fifo,16,case_000080,decode_only,82.704,84.17,arrival_2_dcp_8_fa3_native_fifo.log
2,8,fa3_native_fifo,16,case_000081,mixed_prefill,1289.632,1306.915,arrival_2_dcp_8_fa3_native_fifo.log
2,8,fa3_native_fifo,16,case_000082,decode_only,90.976,99.594,arrival_2_dcp_8_fa3_native_fifo.log
2,8,fa3_native_fifo,16,case_000083,decode_only,80.032,82.026,arrival_2_dcp_8_fa3_native_fifo.log
2,8,fa3_native_fifo,16,case_000084,mixed_prefill,478.512,483.789,arrival_2_dcp_8_fa3_native_fifo.log
2,8,fa3_native_fifo,16,case_000085,decode_only,80.096,108.947,arrival_2_dcp_8_fa3_native_fifo.log
2,8,fa3_native_fifo,16,case_000086,mixed_prefill,479.264,484.838,arrival_2_dcp_8_fa3_native_fifo.log
2,8,fa3_native_fifo,16,case_000087,decode_only,90.528,117.45,arrival_2_dcp_8_fa3_native_fifo.log
2,8,fa3_native_fifo,16,case_000088,decode_only,74.736,75.92,arrival_2_dcp_8_fa3_native_fifo.log
2,8,fa3_native_fifo,16,case_000089,mixed_prefill,611.712,621.488,arrival_2_dcp_8_fa3_native_fifo.log
2,8,fa3_native_fifo,16,case_000090,decode_only,77.952,79.59,arrival_2_dcp_8_fa3_native_fifo.log
2,8,fa3_native_fifo,16,case_000091,decode_only,81.808,84.758,arrival_2_dcp_8_fa3_native_fifo.log
2,8,fa3_native_fifo,16,case_000092,mixed_prefill,613.808,621.082,arrival_2_dcp_8_fa3_native_fifo.log
2,8,fa3_native_fifo,16,case_000093,mixed_prefill,477.984,483.635,arrival_2_dcp_8_fa3_native_fifo.log
2,8,fa3_native_fifo,16,case_000094,decode_only,108.96,110.883,arrival_2_dcp_8_fa3_native_fifo.log
2,8,fa3_native_fifo,16,case_000095,mixed_prefill,297.984,323.789,arrival_2_dcp_8_fa3_native_fifo.log
2,8,fa3_native_fifo,16,case_000096,decode_only,68.976,70.362,arrival_2_dcp_8_fa3_native_fifo.log
2,8,fa3_native_fifo,16,case_000097,decode_only,67.968,213.35,arrival_2_dcp_8_fa3_native_fifo.log
2,8,fa3_native_fifo,16,case_000098,mixed_prefill,235.856,239.168,arrival_2_dcp_8_fa3_native_fifo.log
2,8,fa3_native_fifo,16,case_000099,mixed_prefill,573.024,582.634,arrival_2_dcp_8_fa3_native_fifo.log
2,8,critical_wave_auto_lpt,16,case_000000,decode_only,119.776,122.87,arrival_2_dcp_8_critical_wave_auto_lpt.log
2,8,critical_wave_auto_lpt,16,case_000001,decode_only,66.64,75.562,arrival_2_dcp_8_critical_wave_auto_lpt.log
2,8,critical_wave_auto_lpt,16,case_000002,decode_only,91.392,100.074,arrival_2_dcp_8_critical_wave_auto_lpt.log
2,8,critical_wave_auto_lpt,16,case_000003,decode_only,57.008,114.701,arrival_2_dcp_8_critical_wave_auto_lpt.log
2,8,critical_wave_auto_lpt,16,case_000004,decode_only,72.816,74.435,arrival_2_dcp_8_critical_wave_auto_lpt.log
2,8,critical_wave_auto_lpt,16,case_000005,decode_only,71.808,72.768,arrival_2_dcp_8_critical_wave_auto_lpt.log
2,8,critical_wave_auto_lpt,16,case_000006,decode_only,91.952,110.992,arrival_2_dcp_8_critical_wave_auto_lpt.log
2,8,critical_wave_auto_lpt,16,case_000007,mixed_prefill,1450.992,1514.752,arrival_2_dcp_8_critical_wave_auto_lpt.log
2,8,critical_wave_auto_lpt,16,case_000008,mixed_prefill,263.008,268.15,arrival_2_dcp_8_critical_wave_auto_lpt.log
2,8,critical_wave_auto_lpt,16,case_000009,decode_only,104.816,106.515,arrival_2_dcp_8_critical_wave_auto_lpt.log
2,8,critical_wave_auto_lpt,16,case_000010,decode_only,92.896,94.723,arrival_2_dcp_8_critical_wave_auto_lpt.log
2,8,critical_wave_auto_lpt,16,case_000011,mixed_prefill,1223.776,1233.395,arrival_2_dcp_8_critical_wave_auto_lpt.log
2,8,critical_wave_auto_lpt,16,case_000012,mixed_prefill,622.336,630.944,arrival_2_dcp_8_critical_wave_auto_lpt.log
2,8,critical_wave_auto_lpt,16,case_000013,decode_only,76.688,79.539,arrival_2_dcp_8_critical_wave_auto_lpt.log
2,8,critical_wave_auto_lpt,16,case_000014,decode_only,78.032,80.083,arrival_2_dcp_8_critical_wave_auto_lpt.log
2,8,critical_wave_auto_lpt,16,case_000015,mixed_prefill,623.84,674.458,arrival_2_dcp_8_critical_wave_auto_lpt.log
2,8,critical_wave_auto_lpt,16,case_000016,mixed_prefill,374.064,380.33,arrival_2_dcp_8_critical_wave_auto_lpt.log
2,8,critical_wave_auto_lpt,16,case_000017,decode_only,69.264,71.104,arrival_2_dcp_8_critical_wave_auto_lpt.log
2,8,critical_wave_auto_lpt,16,case_000018,decode_only,86.256,147.597,arrival_2_dcp_8_critical_wave_auto_lpt.log
2,8,critical_wave_auto_lpt,16,case_000019,decode_only,94.32,95.946,arrival_2_dcp_8_critical_wave_auto_lpt.log
2,8,critical_wave_auto_lpt,16,case_000020,decode_only,77.104,78.208,arrival_2_dcp_8_critical_wave_auto_lpt.log
2,8,critical_wave_auto_lpt,16,case_000021,decode_only,70.64,72.131,arrival_2_dcp_8_critical_wave_auto_lpt.log
2,8,critical_wave_auto_lpt,16,case_000022,decode_only,65.824,67.11,arrival_2_dcp_8_critical_wave_auto_lpt.log
2,8,critical_wave_auto_lpt,16,case_000023,mixed_prefill,772.944,779.629,arrival_2_dcp_8_critical_wave_auto_lpt.log
2,8,critical_wave_auto_lpt,16,case_000024,decode_only,84.656,86.042,arrival_2_dcp_8_critical_wave_auto_lpt.log
2,8,critical_wave_auto_lpt,16,case_000025,decode_only,84.624,85.344,arrival_2_dcp_8_critical_wave_auto_lpt.log
2,8,critical_wave_auto_lpt,16,case_000026,decode_only,80.624,81.987,arrival_2_dcp_8_critical_wave_auto_lpt.log
2,8,critical_wave_auto_lpt,16,case_000027,decode_only,74.816,75.882,arrival_2_dcp_8_critical_wave_auto_lpt.log
2,8,critical_wave_auto_lpt,16,case_000028,decode_only,98.352,99.712,arrival_2_dcp_8_critical_wave_auto_lpt.log
2,8,critical_wave_auto_lpt,16,case_000029,decode_only,90.976,91.824,arrival_2_dcp_8_critical_wave_auto_lpt.log
2,8,critical_wave_auto_lpt,16,case_000030,decode_only,83.712,85.357,arrival_2_dcp_8_critical_wave_auto_lpt.log
2,8,critical_wave_auto_lpt,16,case_000031,decode_only,71.904,73.533,arrival_2_dcp_8_critical_wave_auto_lpt.log
2,8,critical_wave_auto_lpt,16,case_000032,decode_only,81.776,83.398,arrival_2_dcp_8_critical_wave_auto_lpt.log
2,8,critical_wave_auto_lpt,16,case_000033,decode_only,85.696,152.323,arrival_2_dcp_8_critical_wave_auto_lpt.log
2,8,critical_wave_auto_lpt,16,case_000034,decode_only,89.68,91.885,arrival_2_dcp_8_critical_wave_auto_lpt.log
2,8,critical_wave_auto_lpt,16,case_000035,mixed_prefill,458.656,462.986,arrival_2_dcp_8_critical_wave_auto_lpt.log
2,8,critical_wave_auto_lpt,16,case_000036,mixed_prefill,255.584,258.906,arrival_2_dcp_8_critical_wave_auto_lpt.log
2,8,critical_wave_auto_lpt,16,case_000037,decode_only,96.032,97.702,arrival_2_dcp_8_critical_wave_auto_lpt.log
2,8,critical_wave_auto_lpt,16,case_000038,decode_only,97.504,133.757,arrival_2_dcp_8_critical_wave_auto_lpt.log
2,8,critical_wave_auto_lpt,16,case_000039,decode_only,120.16,121.632,arrival_2_dcp_8_critical_wave_auto_lpt.log
2,8,critical_wave_auto_lpt,16,case_000040,decode_only,75.696,243.341,arrival_2_dcp_8_critical_wave_auto_lpt.log
2,8,critical_wave_auto_lpt,16,case_000041,decode_only,92.832,94.432,arrival_2_dcp_8_critical_wave_auto_lpt.log
2,8,critical_wave_auto_lpt,16,case_000042,mixed_prefill,465.984,471.744,arrival_2_dcp_8_critical_wave_auto_lpt.log
2,8,critical_wave_auto_lpt,16,case_000043,decode_only,69.392,70.342,arrival_2_dcp_8_critical_wave_auto_lpt.log
2,8,critical_wave_auto_lpt,16,case_000044,decode_only,77.328,79.36,arrival_2_dcp_8_critical_wave_auto_lpt.log
2,8,critical_wave_auto_lpt,16,case_000045,mixed_prefill,281.776,286.179,arrival_2_dcp_8_critical_wave_auto_lpt.log
2,8,critical_wave_auto_lpt,16,case_000046,decode_only,68.224,69.072,arrival_2_dcp_8_critical_wave_auto_lpt.log
2,8,critical_wave_auto_lpt,16,case_000047,decode_only,70.88,71.638,arrival_2_dcp_8_critical_wave_auto_lpt.log
2,8,critical_wave_auto_lpt,16,case_000048,mixed_prefill,451.088,459.229,arrival_2_dcp_8_critical_wave_auto_lpt.log
2,8,critical_wave_auto_lpt,16,case_000049,decode_only,91.264,97.958,arrival_2_dcp_8_critical_wave_auto_lpt.log
2,8,critical_wave_auto_lpt,16,case_000050,decode_only,95.776,169.238,arrival_2_dcp_8_critical_wave_auto_lpt.log
2,8,critical_wave_auto_lpt,16,case_000051,decode_only,122.16,123.488,arrival_2_dcp_8_critical_wave_auto_lpt.log
2,8,critical_wave_auto_lpt,16,case_000052,decode_only,129.824,131.59,arrival_2_dcp_8_critical_wave_auto_lpt.log
2,8,critical_wave_auto_lpt,16,case_000053,decode_only,129.696,131.75,arrival_2_dcp_8_critical_wave_auto_lpt.log
2,8,critical_wave_auto_lpt,16,case_000054,decode_only,85.44,87.002,arrival_2_dcp_8_critical_wave_auto_lpt.log
2,8,critical_wave_auto_lpt,16,case_000055,decode_only,85.824,120.976,arrival_2_dcp_8_critical_wave_auto_lpt.log
2,8,critical_wave_auto_lpt,16,case_000056,decode_only,72.432,73.542,arrival_2_dcp_8_critical_wave_auto_lpt.log
2,8,critical_wave_auto_lpt,16,case_000057,decode_only,70.784,72.995,arrival_2_dcp_8_critical_wave_auto_lpt.log
2,8,critical_wave_auto_lpt,16,case_000058,mixed_prefill,369.84,375.734,arrival_2_dcp_8_critical_wave_auto_lpt.log
2,8,critical_wave_auto_lpt,16,case_000059,decode_only,112.4,113.862,arrival_2_dcp_8_critical_wave_auto_lpt.log
2,8,critical_wave_auto_lpt,16,case_000060,mixed_prefill,383.152,391.686,arrival_2_dcp_8_critical_wave_auto_lpt.log
2,8,critical_wave_auto_lpt,16,case_000061,mixed_prefill,449.024,457.152,arrival_2_dcp_8_critical_wave_auto_lpt.log
2,8,critical_wave_auto_lpt,16,case_000062,decode_only,84.688,87.728,arrival_2_dcp_8_critical_wave_auto_lpt.log
2,8,critical_wave_auto_lpt,16,case_000063,mixed_prefill,493.584,504.854,arrival_2_dcp_8_critical_wave_auto_lpt.log
2,8,critical_wave_auto_lpt,16,case_000064,decode_only,115.776,119.395,arrival_2_dcp_8_critical_wave_auto_lpt.log
2,8,critical_wave_auto_lpt,16,case_000065,decode_only,85.728,86.918,arrival_2_dcp_8_critical_wave_auto_lpt.log
2,8,critical_wave_auto_lpt,16,case_000066,decode_only,66.928,69.123,arrival_2_dcp_8_critical_wave_auto_lpt.log
2,8,critical_wave_auto_lpt,16,case_000067,decode_only,70.816,72.326,arrival_2_dcp_8_critical_wave_auto_lpt.log
2,8,critical_wave_auto_lpt,16,case_000068,decode_only,74.576,75.616,arrival_2_dcp_8_critical_wave_auto_lpt.log
2,8,critical_wave_auto_lpt,16,case_000069,decode_only,72.608,74.07,arrival_2_dcp_8_critical_wave_auto_lpt.log
2,8,critical_wave_auto_lpt,16,case_000070,mixed_prefill,109.776,111.853,arrival_2_dcp_8_critical_wave_auto_lpt.log
2,8,critical_wave_auto_lpt,16,case_000071,decode_only,77.68,79.683,arrival_2_dcp_8_critical_wave_auto_lpt.log
2,8,critical_wave_auto_lpt,16,case_000072,decode_only,81.76,83.078,arrival_2_dcp_8_critical_wave_auto_lpt.log
2,8,critical_wave_auto_lpt,16,case_000073,mixed_prefill,664.656,669.206,arrival_2_dcp_8_critical_wave_auto_lpt.log
2,8,critical_wave_auto_lpt,16,case_000074,mixed_prefill,770.976,776.538,arrival_2_dcp_8_critical_wave_auto_lpt.log
2,8,critical_wave_auto_lpt,16,case_000075,mixed_prefill,117.744,120.451,arrival_2_dcp_8_critical_wave_auto_lpt.log
2,8,critical_wave_auto_lpt,16,case_000076,mixed_prefill,449.392,461.197,arrival_2_dcp_8_critical_wave_auto_lpt.log
2,8,critical_wave_auto_lpt,16,case_000077,decode_only,73.936,75.216,arrival_2_dcp_8_critical_wave_auto_lpt.log
2,8,critical_wave_auto_lpt,16,case_000078,mixed_prefill,579.504,584.707,arrival_2_dcp_8_critical_wave_auto_lpt.log
2,8,critical_wave_auto_lpt,16,case_000079,decode_only,101.312,103.312,arrival_2_dcp_8_critical_wave_auto_lpt.log
2,8,critical_wave_auto_lpt,16,case_000080,decode_only,78.384,80.195,arrival_2_dcp_8_critical_wave_auto_lpt.log
2,8,critical_wave_auto_lpt,16,case_000081,mixed_prefill,1288.688,1296.09,arrival_2_dcp_8_critical_wave_auto_lpt.log
2,8,critical_wave_auto_lpt,16,case_000082,decode_only,80.992,82.304,arrival_2_dcp_8_critical_wave_auto_lpt.log
2,8,critical_wave_auto_lpt,16,case_000083,decode_only,84.4,85.395,arrival_2_dcp_8_critical_wave_auto_lpt.log
2,8,critical_wave_auto_lpt,16,case_000084,mixed_prefill,492.08,497.005,arrival_2_dcp_8_critical_wave_auto_lpt.log
2,8,critical_wave_auto_lpt,16,case_000085,decode_only,81.184,83.043,arrival_2_dcp_8_critical_wave_auto_lpt.log
2,8,critical_wave_auto_lpt,16,case_000086,mixed_prefill,494.304,501.328,arrival_2_dcp_8_critical_wave_auto_lpt.log
2,8,critical_wave_auto_lpt,16,case_000087,decode_only,93.68,95.078,arrival_2_dcp_8_critical_wave_auto_lpt.log
2,8,critical_wave_auto_lpt,16,case_000088,decode_only,88.768,90.371,arrival_2_dcp_8_critical_wave_auto_lpt.log
2,8,critical_wave_auto_lpt,16,case_000089,mixed_prefill,624.928,663.472,arrival_2_dcp_8_critical_wave_auto_lpt.log
2,8,critical_wave_auto_lpt,16,case_000090,decode_only,90.848,92.08,arrival_2_dcp_8_critical_wave_auto_lpt.log
2,8,critical_wave_auto_lpt,16,case_000091,decode_only,86.176,87.933,arrival_2_dcp_8_critical_wave_auto_lpt.log
2,8,critical_wave_auto_lpt,16,case_000092,mixed_prefill,624.896,699.187,arrival_2_dcp_8_critical_wave_auto_lpt.log
2,8,critical_wave_auto_lpt,16,case_000093,mixed_prefill,494.288,499.085,arrival_2_dcp_8_critical_wave_auto_lpt.log
2,8,critical_wave_auto_lpt,16,case_000094,decode_only,101.472,324.89,arrival_2_dcp_8_critical_wave_auto_lpt.log
2,8,critical_wave_auto_lpt,16,case_000095,mixed_prefill,299.008,305.616,arrival_2_dcp_8_critical_wave_auto_lpt.log
2,8,critical_wave_auto_lpt,16,case_000096,decode_only,64.848,66.682,arrival_2_dcp_8_critical_wave_auto_lpt.log
2,8,critical_wave_auto_lpt,16,case_000097,decode_only,64.816,65.696,arrival_2_dcp_8_critical_wave_auto_lpt.log
2,8,critical_wave_auto_lpt,16,case_000098,mixed_prefill,235.136,239.427,arrival_2_dcp_8_critical_wave_auto_lpt.log
2,8,critical_wave_auto_lpt,16,case_000099,mixed_prefill,589.232,594.851,arrival_2_dcp_8_critical_wave_auto_lpt.log
4,2,fa3_native_fifo,12,case_000000,mixed_prefill,277.088,279.456,arrival_4_dcp_2_fa3_native_fifo.log
4,2,fa3_native_fifo,12,case_000001,mixed_prefill,495.744,498.717,arrival_4_dcp_2_fa3_native_fifo.log
4,2,fa3_native_fifo,12,case_000002,decode_only,123.648,126.614,arrival_4_dcp_2_fa3_native_fifo.log
4,2,fa3_native_fifo,12,case_000003,mixed_prefill,279.6,280.486,arrival_4_dcp_2_fa3_native_fifo.log
4,2,fa3_native_fifo,12,case_000004,mixed_prefill,355.952,357.942,arrival_4_dcp_2_fa3_native_fifo.log
4,2,fa3_native_fifo,12,case_000005,decode_only,105.824,114.592,arrival_4_dcp_2_fa3_native_fifo.log
4,2,fa3_native_fifo,12,case_000006,mixed_prefill,120.224,121.498,arrival_4_dcp_2_fa3_native_fifo.log
4,2,fa3_native_fifo,12,case_000007,decode_only,84.464,87.123,arrival_4_dcp_2_fa3_native_fifo.log
4,2,fa3_native_fifo,12,case_000008,decode_only,92.72,95.517,arrival_4_dcp_2_fa3_native_fifo.log
4,2,fa3_native_fifo,12,case_000009,decode_only,109.6,111.92,arrival_4_dcp_2_fa3_native_fifo.log
4,2,fa3_native_fifo,12,case_000010,mixed_prefill,339.552,341.347,arrival_4_dcp_2_fa3_native_fifo.log
4,2,fa3_native_fifo,12,case_000011,decode_only,93.2,120.822,arrival_4_dcp_2_fa3_native_fifo.log
4,2,fa3_native_fifo,12,case_000012,mixed_prefill,385.296,407.661,arrival_4_dcp_2_fa3_native_fifo.log
4,2,fa3_native_fifo,12,case_000013,decode_only,97.504,98.877,arrival_4_dcp_2_fa3_native_fifo.log
4,2,fa3_native_fifo,12,case_000014,decode_only,109.216,130.122,arrival_4_dcp_2_fa3_native_fifo.log
4,2,fa3_native_fifo,12,case_000015,decode_only,118.912,120.035,arrival_4_dcp_2_fa3_native_fifo.log
4,2,fa3_native_fifo,12,case_000016,mixed_prefill,284.528,286.346,arrival_4_dcp_2_fa3_native_fifo.log
4,2,fa3_native_fifo,12,case_000017,decode_only,90.672,99.19,arrival_4_dcp_2_fa3_native_fifo.log
4,2,fa3_native_fifo,12,case_000018,mixed_prefill,117.232,118.851,arrival_4_dcp_2_fa3_native_fifo.log
4,2,fa3_native_fifo,12,case_000019,mixed_prefill,699.792,706.003,arrival_4_dcp_2_fa3_native_fifo.log
4,2,fa3_native_fifo,12,case_000020,mixed_prefill,552.144,558.163,arrival_4_dcp_2_fa3_native_fifo.log
4,2,fa3_native_fifo,12,case_000021,decode_only,93.648,95.318,arrival_4_dcp_2_fa3_native_fifo.log
4,2,fa3_native_fifo,12,case_000022,decode_only,94.048,96.522,arrival_4_dcp_2_fa3_native_fifo.log
4,2,fa3_native_fifo,12,case_000023,mixed_prefill,134.48,135.702,arrival_4_dcp_2_fa3_native_fifo.log
4,2,fa3_native_fifo,12,case_000024,decode_only,138.304,153.507,arrival_4_dcp_2_fa3_native_fifo.log
4,2,fa3_native_fifo,12,case_000025,mixed_prefill,308.144,321.786,arrival_4_dcp_2_fa3_native_fifo.log
4,2,fa3_native_fifo,12,case_000026,decode_only,102.608,103.818,arrival_4_dcp_2_fa3_native_fifo.log
4,2,fa3_native_fifo,12,case_000027,decode_only,98.016,106.275,arrival_4_dcp_2_fa3_native_fifo.log
4,2,fa3_native_fifo,12,case_000028,mixed_prefill,532.256,539.139,arrival_4_dcp_2_fa3_native_fifo.log
4,2,fa3_native_fifo,12,case_000029,mixed_prefill,655.744,661.741,arrival_4_dcp_2_fa3_native_fifo.log
4,2,fa3_native_fifo,12,case_000030,mixed_prefill,189.12,214.224,arrival_4_dcp_2_fa3_native_fifo.log
4,2,fa3_native_fifo,12,case_000031,mixed_prefill,1359.552,1367.469,arrival_4_dcp_2_fa3_native_fifo.log
4,2,fa3_native_fifo,12,case_000032,decode_only,97.28,102.685,arrival_4_dcp_2_fa3_native_fifo.log
4,2,fa3_native_fifo,12,case_000033,decode_only,79.488,81.744,arrival_4_dcp_2_fa3_native_fifo.log
4,2,fa3_native_fifo,12,case_000034,mixed_prefill,713.92,717.603,arrival_4_dcp_2_fa3_native_fifo.log
4,2,fa3_native_fifo,12,case_000035,mixed_prefill,134.064,135.142,arrival_4_dcp_2_fa3_native_fifo.log
4,2,fa3_native_fifo,12,case_000036,decode_only,123.312,125.93,arrival_4_dcp_2_fa3_native_fifo.log
4,2,fa3_native_fifo,12,case_000037,mixed_prefill,198.064,215.715,arrival_4_dcp_2_fa3_native_fifo.log
4,2,fa3_native_fifo,12,case_000038,decode_only,83.312,84.547,arrival_4_dcp_2_fa3_native_fifo.log
4,2,fa3_native_fifo,12,case_000039,mixed_prefill,294.736,296.32,arrival_4_dcp_2_fa3_native_fifo.log
4,2,fa3_native_fifo,12,case_000040,decode_only,91.872,101.424,arrival_4_dcp_2_fa3_native_fifo.log
4,2,fa3_native_fifo,12,case_000041,decode_only,97.824,99.024,arrival_4_dcp_2_fa3_native_fifo.log
4,2,fa3_native_fifo,12,case_000042,mixed_prefill,1406.848,1441.978,arrival_4_dcp_2_fa3_native_fifo.log
4,2,fa3_native_fifo,12,case_000043,decode_only,126.288,139.325,arrival_4_dcp_2_fa3_native_fifo.log
4,2,fa3_native_fifo,12,case_000044,mixed_prefill,264.192,289.853,arrival_4_dcp_2_fa3_native_fifo.log
4,2,fa3_native_fifo,12,case_000045,decode_only,75.152,76.653,arrival_4_dcp_2_fa3_native_fifo.log
4,2,fa3_native_fifo,12,case_000046,mixed_prefill,580.352,582.816,arrival_4_dcp_2_fa3_native_fifo.log
4,2,fa3_native_fifo,12,case_000047,decode_only,112.544,114.058,arrival_4_dcp_2_fa3_native_fifo.log
4,2,fa3_native_fifo,12,case_000048,mixed_prefill,695.632,698.867,arrival_4_dcp_2_fa3_native_fifo.log
4,2,fa3_native_fifo,12,case_000049,decode_only,119.856,121.699,arrival_4_dcp_2_fa3_native_fifo.log
4,2,fa3_native_fifo,12,case_000050,decode_only,91.024,103.738,arrival_4_dcp_2_fa3_native_fifo.log
4,2,fa3_native_fifo,12,case_000051,mixed_prefill,221.824,228.726,arrival_4_dcp_2_fa3_native_fifo.log
4,2,fa3_native_fifo,12,case_000052,decode_only,121.104,124.515,arrival_4_dcp_2_fa3_native_fifo.log
4,2,fa3_native_fifo,12,case_000053,decode_only,68.288,69.53,arrival_4_dcp_2_fa3_native_fifo.log
4,2,fa3_native_fifo,12,case_000054,decode_only,70.048,71.651,arrival_4_dcp_2_fa3_native_fifo.log
4,2,fa3_native_fifo,12,case_000055,mixed_prefill,107.056,109.088,arrival_4_dcp_2_fa3_native_fifo.log
4,2,fa3_native_fifo,12,case_000056,decode_only,105.872,108.272,arrival_4_dcp_2_fa3_native_fifo.log
4,2,fa3_native_fifo,12,case_000057,mixed_prefill,981.232,983.475,arrival_4_dcp_2_fa3_native_fifo.log
4,2,fa3_native_fifo,12,case_000058,decode_only,79.84,81.536,arrival_4_dcp_2_fa3_native_fifo.log
4,2,fa3_native_fifo,12,case_000059,decode_only,91.76,92.8,arrival_4_dcp_2_fa3_native_fifo.log
4,2,fa3_native_fifo,12,case_000060,decode_only,98.72,100.0,arrival_4_dcp_2_fa3_native_fifo.log
4,2,fa3_native_fifo,12,case_000061,mixed_prefill,727.12,728.81,arrival_4_dcp_2_fa3_native_fifo.log
4,2,fa3_native_fifo,12,case_000062,mixed_prefill,348.416,353.517,arrival_4_dcp_2_fa3_native_fifo.log
4,2,fa3_native_fifo,12,case_000063,mixed_prefill,135.408,136.618,arrival_4_dcp_2_fa3_native_fifo.log
4,2,fa3_native_fifo,12,case_000064,decode_only,94.512,96.662,arrival_4_dcp_2_fa3_native_fifo.log
4,2,fa3_native_fifo,12,case_000065,decode_only,85.488,87.494,arrival_4_dcp_2_fa3_native_fifo.log
4,2,fa3_native_fifo,12,case_000066,decode_only,124.256,126.47,arrival_4_dcp_2_fa3_native_fifo.log
4,2,fa3_native_fifo,12,case_000067,decode_only,105.68,123.763,arrival_4_dcp_2_fa3_native_fifo.log
4,2,fa3_native_fifo,12,case_000068,decode_only,84.992,86.339,arrival_4_dcp_2_fa3_native_fifo.log
4,2,fa3_native_fifo,12,case_000069,mixed_prefill,161.872,203.424,arrival_4_dcp_2_fa3_native_fifo.log
4,2,fa3_native_fifo,12,case_000070,mixed_prefill,340.064,367.805,arrival_4_dcp_2_fa3_native_fifo.log
4,2,fa3_native_fifo,12,case_000071,decode_only,91.504,93.674,arrival_4_dcp_2_fa3_native_fifo.log
4,2,fa3_native_fifo,12,case_000072,mixed_prefill,396.112,398.202,arrival_4_dcp_2_fa3_native_fifo.log
4,2,fa3_native_fifo,12,case_000073,mixed_prefill,402.608,404.685,arrival_4_dcp_2_fa3_native_fifo.log
4,2,fa3_native_fifo,12,case_000074,decode_only,85.056,100.87,arrival_4_dcp_2_fa3_native_fifo.log
4,2,fa3_native_fifo,12,case_000075,mixed_prefill,141.312,142.563,arrival_4_dcp_2_fa3_native_fifo.log
4,2,fa3_native_fifo,12,case_000076,mixed_prefill,622.752,640.931,arrival_4_dcp_2_fa3_native_fifo.log
4,2,fa3_native_fifo,12,case_000077,decode_only,126.688,128.704,arrival_4_dcp_2_fa3_native_fifo.log
4,2,fa3_native_fifo,12,case_000078,mixed_prefill,362.16,364.838,arrival_4_dcp_2_fa3_native_fifo.log
4,2,fa3_native_fifo,12,case_000079,mixed_prefill,135.808,136.608,arrival_4_dcp_2_fa3_native_fifo.log
4,2,fa3_native_fifo,12,case_000080,mixed_prefill,676.352,686.694,arrival_4_dcp_2_fa3_native_fifo.log
4,2,fa3_native_fifo,12,case_000081,decode_only,108.368,111.466,arrival_4_dcp_2_fa3_native_fifo.log
4,2,fa3_native_fifo,12,case_000082,mixed_prefill,566.688,580.918,arrival_4_dcp_2_fa3_native_fifo.log
4,2,fa3_native_fifo,12,case_000083,decode_only,93.952,102.586,arrival_4_dcp_2_fa3_native_fifo.log
4,2,fa3_native_fifo,12,case_000084,mixed_prefill,577.616,583.434,arrival_4_dcp_2_fa3_native_fifo.log
4,2,fa3_native_fifo,12,case_000085,decode_only,120.624,126.074,arrival_4_dcp_2_fa3_native_fifo.log
4,2,fa3_native_fifo,12,case_000086,decode_only,105.232,107.341,arrival_4_dcp_2_fa3_native_fifo.log
4,2,fa3_native_fifo,12,case_000087,decode_only,103.488,106.934,arrival_4_dcp_2_fa3_native_fifo.log
4,2,fa3_native_fifo,12,case_000088,decode_only,107.152,108.496,arrival_4_dcp_2_fa3_native_fifo.log
4,2,fa3_native_fifo,12,case_000089,mixed_prefill,676.0,678.752,arrival_4_dcp_2_fa3_native_fifo.log
4,2,fa3_native_fifo,12,case_000090,mixed_prefill,418.96,430.742,arrival_4_dcp_2_fa3_native_fifo.log
4,2,fa3_native_fifo,12,case_000091,decode_only,122.336,125.757,arrival_4_dcp_2_fa3_native_fifo.log
4,2,fa3_native_fifo,12,case_000092,decode_only,92.64,93.958,arrival_4_dcp_2_fa3_native_fifo.log
4,2,fa3_native_fifo,12,case_000093,decode_only,90.96,96.877,arrival_4_dcp_2_fa3_native_fifo.log
4,2,fa3_native_fifo,12,case_000094,decode_only,77.936,79.558,arrival_4_dcp_2_fa3_native_fifo.log
4,2,fa3_native_fifo,12,case_000095,decode_only,90.96,98.582,arrival_4_dcp_2_fa3_native_fifo.log
4,2,fa3_native_fifo,12,case_000096,decode_only,68.288,70.346,arrival_4_dcp_2_fa3_native_fifo.log
4,2,fa3_native_fifo,12,case_000097,mixed_prefill,91.184,117.587,arrival_4_dcp_2_fa3_native_fifo.log
4,2,fa3_native_fifo,12,case_000098,mixed_prefill,889.872,895.155,arrival_4_dcp_2_fa3_native_fifo.log
4,2,fa3_native_fifo,12,case_000099,decode_only,86.016,87.45,arrival_4_dcp_2_fa3_native_fifo.log
4,2,critical_wave_auto_lpt,12,case_000000,mixed_prefill,220.448,222.307,arrival_4_dcp_2_critical_wave_auto_lpt.log
4,2,critical_wave_auto_lpt,12,case_000001,mixed_prefill,372.368,378.413,arrival_4_dcp_2_critical_wave_auto_lpt.log
4,2,critical_wave_auto_lpt,12,case_000002,decode_only,126.64,130.726,arrival_4_dcp_2_critical_wave_auto_lpt.log
4,2,critical_wave_auto_lpt,12,case_000003,mixed_prefill,273.04,282.275,arrival_4_dcp_2_critical_wave_auto_lpt.log
4,2,critical_wave_auto_lpt,12,case_000004,mixed_prefill,353.248,356.685,arrival_4_dcp_2_critical_wave_auto_lpt.log
4,2,critical_wave_auto_lpt,12,case_000005,decode_only,109.744,112.003,arrival_4_dcp_2_critical_wave_auto_lpt.log
4,2,critical_wave_auto_lpt,12,case_000006,mixed_prefill,114.256,116.97,arrival_4_dcp_2_critical_wave_auto_lpt.log
4,2,critical_wave_auto_lpt,12,case_000007,decode_only,87.808,89.376,arrival_4_dcp_2_critical_wave_auto_lpt.log
4,2,critical_wave_auto_lpt,12,case_000008,decode_only,92.176,94.246,arrival_4_dcp_2_critical_wave_auto_lpt.log
4,2,critical_wave_auto_lpt,12,case_000009,decode_only,113.648,115.334,arrival_4_dcp_2_critical_wave_auto_lpt.log
4,2,critical_wave_auto_lpt,12,case_000010,mixed_prefill,248.032,249.03,arrival_4_dcp_2_critical_wave_auto_lpt.log
4,2,critical_wave_auto_lpt,12,case_000011,decode_only,95.376,97.59,arrival_4_dcp_2_critical_wave_auto_lpt.log
4,2,critical_wave_auto_lpt,12,case_000012,mixed_prefill,180.032,180.672,arrival_4_dcp_2_critical_wave_auto_lpt.log
4,2,critical_wave_auto_lpt,12,case_000013,decode_only,99.504,102.23,arrival_4_dcp_2_critical_wave_auto_lpt.log
4,2,critical_wave_auto_lpt,12,case_000014,decode_only,105.632,114.906,arrival_4_dcp_2_critical_wave_auto_lpt.log
4,2,critical_wave_auto_lpt,12,case_000015,decode_only,116.352,119.664,arrival_4_dcp_2_critical_wave_auto_lpt.log
4,2,critical_wave_auto_lpt,12,case_000016,mixed_prefill,271.216,273.046,arrival_4_dcp_2_critical_wave_auto_lpt.log
4,2,critical_wave_auto_lpt,12,case_000017,decode_only,94.128,102.925,arrival_4_dcp_2_critical_wave_auto_lpt.log
4,2,critical_wave_auto_lpt,12,case_000018,mixed_prefill,103.904,105.338,arrival_4_dcp_2_critical_wave_auto_lpt.log
4,2,critical_wave_auto_lpt,12,case_000019,mixed_prefill,672.336,676.864,arrival_4_dcp_2_critical_wave_auto_lpt.log
4,2,critical_wave_auto_lpt,12,case_000020,mixed_prefill,219.712,222.781,arrival_4_dcp_2_critical_wave_auto_lpt.log
4,2,critical_wave_auto_lpt,12,case_000021,decode_only,94.448,96.224,arrival_4_dcp_2_critical_wave_auto_lpt.log
4,2,critical_wave_auto_lpt,12,case_000022,decode_only,94.688,98.227,arrival_4_dcp_2_critical_wave_auto_lpt.log
4,2,critical_wave_auto_lpt,12,case_000023,mixed_prefill,123.568,125.088,arrival_4_dcp_2_critical_wave_auto_lpt.log
4,2,critical_wave_auto_lpt,12,case_000024,decode_only,134.624,136.096,arrival_4_dcp_2_critical_wave_auto_lpt.log
4,2,critical_wave_auto_lpt,12,case_000025,mixed_prefill,180.864,183.206,arrival_4_dcp_2_critical_wave_auto_lpt.log
4,2,critical_wave_auto_lpt,12,case_000026,decode_only,101.136,105.91,arrival_4_dcp_2_critical_wave_auto_lpt.log
4,2,critical_wave_auto_lpt,12,case_000027,decode_only,97.072,99.824,arrival_4_dcp_2_critical_wave_auto_lpt.log
4,2,critical_wave_auto_lpt,12,case_000028,mixed_prefill,185.68,188.493,arrival_4_dcp_2_critical_wave_auto_lpt.log
4,2,critical_wave_auto_lpt,12,case_000029,mixed_prefill,237.168,240.026,arrival_4_dcp_2_critical_wave_auto_lpt.log
4,2,critical_wave_auto_lpt,12,case_000030,mixed_prefill,181.568,187.616,arrival_4_dcp_2_critical_wave_auto_lpt.log
4,2,critical_wave_auto_lpt,12,case_000031,mixed_prefill,1275.312,1285.254,arrival_4_dcp_2_critical_wave_auto_lpt.log
4,2,critical_wave_auto_lpt,12,case_000032,decode_only,100.672,105.546,arrival_4_dcp_2_critical_wave_auto_lpt.log
4,2,critical_wave_auto_lpt,12,case_000033,decode_only,83.328,86.656,arrival_4_dcp_2_critical_wave_auto_lpt.log
4,2,critical_wave_auto_lpt,12,case_000034,mixed_prefill,682.672,685.574,arrival_4_dcp_2_critical_wave_auto_lpt.log
4,2,critical_wave_auto_lpt,12,case_000035,mixed_prefill,128.976,139.802,arrival_4_dcp_2_critical_wave_auto_lpt.log
4,2,critical_wave_auto_lpt,12,case_000036,decode_only,120.224,122.544,arrival_4_dcp_2_critical_wave_auto_lpt.log
4,2,critical_wave_auto_lpt,12,case_000037,mixed_prefill,188.72,195.517,arrival_4_dcp_2_critical_wave_auto_lpt.log
4,2,critical_wave_auto_lpt,12,case_000038,decode_only,85.264,86.979,arrival_4_dcp_2_critical_wave_auto_lpt.log
4,2,critical_wave_auto_lpt,12,case_000039,mixed_prefill,289.376,290.922,arrival_4_dcp_2_critical_wave_auto_lpt.log
4,2,critical_wave_auto_lpt,12,case_000040,decode_only,92.944,94.208,arrival_4_dcp_2_critical_wave_auto_lpt.log
4,2,critical_wave_auto_lpt,12,case_000041,decode_only,100.528,102.944,arrival_4_dcp_2_critical_wave_auto_lpt.log
4,2,critical_wave_auto_lpt,12,case_000042,mixed_prefill,1326.176,1345.994,arrival_4_dcp_2_critical_wave_auto_lpt.log
4,2,critical_wave_auto_lpt,12,case_000043,decode_only,131.04,134.621,arrival_4_dcp_2_critical_wave_auto_lpt.log
4,2,critical_wave_auto_lpt,12,case_000044,mixed_prefill,181.68,183.715,arrival_4_dcp_2_critical_wave_auto_lpt.log
4,2,critical_wave_auto_lpt,12,case_000045,decode_only,74.88,77.923,arrival_4_dcp_2_critical_wave_auto_lpt.log
4,2,critical_wave_auto_lpt,12,case_000046,mixed_prefill,291.904,295.798,arrival_4_dcp_2_critical_wave_auto_lpt.log
4,2,critical_wave_auto_lpt,12,case_000047,decode_only,113.936,116.342,arrival_4_dcp_2_critical_wave_auto_lpt.log
4,2,critical_wave_auto_lpt,12,case_000048,mixed_prefill,225.648,226.726,arrival_4_dcp_2_critical_wave_auto_lpt.log
4,2,critical_wave_auto_lpt,12,case_000049,decode_only,121.776,124.006,arrival_4_dcp_2_critical_wave_auto_lpt.log
4,2,critical_wave_auto_lpt,12,case_000050,decode_only,92.096,93.382,arrival_4_dcp_2_critical_wave_auto_lpt.log
4,2,critical_wave_auto_lpt,12,case_000051,mixed_prefill,217.376,219.126,arrival_4_dcp_2_critical_wave_auto_lpt.log
4,2,critical_wave_auto_lpt,12,case_000052,decode_only,97.248,99.171,arrival_4_dcp_2_critical_wave_auto_lpt.log
4,2,critical_wave_auto_lpt,12,case_000053,decode_only,93.088,98.061,arrival_4_dcp_2_critical_wave_auto_lpt.log
4,2,critical_wave_auto_lpt,12,case_000054,decode_only,78.416,82.326,arrival_4_dcp_2_critical_wave_auto_lpt.log
4,2,critical_wave_auto_lpt,12,case_000055,mixed_prefill,93.44,95.904,arrival_4_dcp_2_critical_wave_auto_lpt.log
4,2,critical_wave_auto_lpt,12,case_000056,decode_only,105.52,107.981,arrival_4_dcp_2_critical_wave_auto_lpt.log
4,2,critical_wave_auto_lpt,12,case_000057,mixed_prefill,938.128,941.424,arrival_4_dcp_2_critical_wave_auto_lpt.log
4,2,critical_wave_auto_lpt,12,case_000058,decode_only,95.76,96.864,arrival_4_dcp_2_critical_wave_auto_lpt.log
4,2,critical_wave_auto_lpt,12,case_000059,decode_only,91.76,97.757,arrival_4_dcp_2_critical_wave_auto_lpt.log
4,2,critical_wave_auto_lpt,12,case_000060,decode_only,98.928,104.71,arrival_4_dcp_2_critical_wave_auto_lpt.log
4,2,critical_wave_auto_lpt,12,case_000061,mixed_prefill,725.152,727.363,arrival_4_dcp_2_critical_wave_auto_lpt.log
4,2,critical_wave_auto_lpt,12,case_000062,mixed_prefill,230.928,233.37,arrival_4_dcp_2_critical_wave_auto_lpt.log
4,2,critical_wave_auto_lpt,12,case_000063,mixed_prefill,123.04,125.498,arrival_4_dcp_2_critical_wave_auto_lpt.log
4,2,critical_wave_auto_lpt,12,case_000064,decode_only,96.64,99.584,arrival_4_dcp_2_critical_wave_auto_lpt.log
4,2,critical_wave_auto_lpt,12,case_000065,decode_only,103.712,106.192,arrival_4_dcp_2_critical_wave_auto_lpt.log
4,2,critical_wave_auto_lpt,12,case_000066,decode_only,124.608,129.6,arrival_4_dcp_2_critical_wave_auto_lpt.log
4,2,critical_wave_auto_lpt,12,case_000067,decode_only,105.696,108.093,arrival_4_dcp_2_critical_wave_auto_lpt.log
4,2,critical_wave_auto_lpt,12,case_000068,decode_only,86.752,91.162,arrival_4_dcp_2_critical_wave_auto_lpt.log
4,2,critical_wave_auto_lpt,12,case_000069,mixed_prefill,147.584,150.422,arrival_4_dcp_2_critical_wave_auto_lpt.log
4,2,critical_wave_auto_lpt,12,case_000070,mixed_prefill,191.712,193.482,arrival_4_dcp_2_critical_wave_auto_lpt.log
4,2,critical_wave_auto_lpt,12,case_000071,decode_only,93.44,96.531,arrival_4_dcp_2_critical_wave_auto_lpt.log
4,2,critical_wave_auto_lpt,12,case_000072,mixed_prefill,222.208,224.237,arrival_4_dcp_2_critical_wave_auto_lpt.log
4,2,critical_wave_auto_lpt,12,case_000073,mixed_prefill,385.888,387.76,arrival_4_dcp_2_critical_wave_auto_lpt.log
4,2,critical_wave_auto_lpt,12,case_000074,decode_only,91.744,93.488,arrival_4_dcp_2_critical_wave_auto_lpt.log
4,2,critical_wave_auto_lpt,12,case_000075,mixed_prefill,130.512,133.258,arrival_4_dcp_2_critical_wave_auto_lpt.log
4,2,critical_wave_auto_lpt,12,case_000076,mixed_prefill,627.712,673.254,arrival_4_dcp_2_critical_wave_auto_lpt.log
4,2,critical_wave_auto_lpt,12,case_000077,decode_only,126.928,129.139,arrival_4_dcp_2_critical_wave_auto_lpt.log
4,2,critical_wave_auto_lpt,12,case_000078,mixed_prefill,308.64,310.643,arrival_4_dcp_2_critical_wave_auto_lpt.log
4,2,critical_wave_auto_lpt,12,case_000079,mixed_prefill,130.512,134.422,arrival_4_dcp_2_critical_wave_auto_lpt.log
4,2,critical_wave_auto_lpt,12,case_000080,mixed_prefill,223.12,224.797,arrival_4_dcp_2_critical_wave_auto_lpt.log
4,2,critical_wave_auto_lpt,12,case_000081,decode_only,108.976,112.272,arrival_4_dcp_2_critical_wave_auto_lpt.log
4,2,critical_wave_auto_lpt,12,case_000082,mixed_prefill,557.728,559.85,arrival_4_dcp_2_critical_wave_auto_lpt.log
4,2,critical_wave_auto_lpt,12,case_000083,decode_only,95.632,97.149,arrival_4_dcp_2_critical_wave_auto_lpt.log
4,2,critical_wave_auto_lpt,12,case_000084,mixed_prefill,213.04,217.824,arrival_4_dcp_2_critical_wave_auto_lpt.log
4,2,critical_wave_auto_lpt,12,case_000085,decode_only,122.656,127.088,arrival_4_dcp_2_critical_wave_auto_lpt.log
4,2,critical_wave_auto_lpt,12,case_000086,decode_only,104.8,107.338,arrival_4_dcp_2_critical_wave_auto_lpt.log
4,2,critical_wave_auto_lpt,12,case_000087,decode_only,102.688,105.802,arrival_4_dcp_2_critical_wave_auto_lpt.log
4,2,critical_wave_auto_lpt,12,case_000088,decode_only,109.248,111.962,arrival_4_dcp_2_critical_wave_auto_lpt.log
4,2,critical_wave_auto_lpt,12,case_000089,mixed_prefill,500.816,502.96,arrival_4_dcp_2_critical_wave_auto_lpt.log
4,2,critical_wave_auto_lpt,12,case_000090,mixed_prefill,374.0,375.43,arrival_4_dcp_2_critical_wave_auto_lpt.log
4,2,critical_wave_auto_lpt,12,case_000091,decode_only,126.24,130.81,arrival_4_dcp_2_critical_wave_auto_lpt.log
4,2,critical_wave_auto_lpt,12,case_000092,decode_only,94.192,95.942,arrival_4_dcp_2_critical_wave_auto_lpt.log
4,2,critical_wave_auto_lpt,12,case_000093,decode_only,92.048,94.304,arrival_4_dcp_2_critical_wave_auto_lpt.log
4,2,critical_wave_auto_lpt,12,case_000094,decode_only,78.096,79.878,arrival_4_dcp_2_critical_wave_auto_lpt.log
4,2,critical_wave_auto_lpt,12,case_000095,decode_only,92.032,99.898,arrival_4_dcp_2_critical_wave_auto_lpt.log
4,2,critical_wave_auto_lpt,12,case_000096,decode_only,69.456,71.05,arrival_4_dcp_2_critical_wave_auto_lpt.log
4,2,critical_wave_auto_lpt,12,case_000097,mixed_prefill,99.264,101.024,arrival_4_dcp_2_critical_wave_auto_lpt.log
4,2,critical_wave_auto_lpt,12,case_000098,mixed_prefill,857.44,860.547,arrival_4_dcp_2_critical_wave_auto_lpt.log
4,2,critical_wave_auto_lpt,12,case_000099,decode_only,85.2,87.414,arrival_4_dcp_2_critical_wave_auto_lpt.log
4,4,fa3_native_fifo,16,case_000000,mixed_prefill,202.176,205.6,arrival_4_dcp_4_fa3_native_fifo.log
4,4,fa3_native_fifo,16,case_000001,mixed_prefill,403.584,407.645,arrival_4_dcp_4_fa3_native_fifo.log
4,4,fa3_native_fifo,16,case_000002,decode_only,118.48,119.68,arrival_4_dcp_4_fa3_native_fifo.log
4,4,fa3_native_fifo,16,case_000003,mixed_prefill,376.512,378.704,arrival_4_dcp_4_fa3_native_fifo.log
4,4,fa3_native_fifo,16,case_000004,mixed_prefill,439.408,445.446,arrival_4_dcp_4_fa3_native_fifo.log
4,4,fa3_native_fifo,16,case_000005,decode_only,101.952,105.293,arrival_4_dcp_4_fa3_native_fifo.log
4,4,fa3_native_fifo,16,case_000006,mixed_prefill,128.944,130.211,arrival_4_dcp_4_fa3_native_fifo.log
4,4,fa3_native_fifo,16,case_000007,decode_only,88.576,90.448,arrival_4_dcp_4_fa3_native_fifo.log
4,4,fa3_native_fifo,16,case_000008,decode_only,90.592,92.829,arrival_4_dcp_4_fa3_native_fifo.log
4,4,fa3_native_fifo,16,case_000009,decode_only,104.096,105.827,arrival_4_dcp_4_fa3_native_fifo.log
4,4,fa3_native_fifo,16,case_000010,mixed_prefill,320.736,323.616,arrival_4_dcp_4_fa3_native_fifo.log
4,4,fa3_native_fifo,16,case_000011,decode_only,89.68,91.462,arrival_4_dcp_4_fa3_native_fifo.log
4,4,fa3_native_fifo,16,case_000012,mixed_prefill,230.144,232.077,arrival_4_dcp_4_fa3_native_fifo.log
4,4,fa3_native_fifo,16,case_000013,decode_only,98.4,100.006,arrival_4_dcp_4_fa3_native_fifo.log
4,4,fa3_native_fifo,16,case_000014,decode_only,99.632,102.877,arrival_4_dcp_4_fa3_native_fifo.log
4,4,fa3_native_fifo,16,case_000015,decode_only,134.752,136.694,arrival_4_dcp_4_fa3_native_fifo.log
4,4,fa3_native_fifo,16,case_000016,mixed_prefill,205.072,207.664,arrival_4_dcp_4_fa3_native_fifo.log
4,4,fa3_native_fifo,16,case_000017,decode_only,91.296,92.131,arrival_4_dcp_4_fa3_native_fifo.log
4,4,fa3_native_fifo,16,case_000018,mixed_prefill,158.112,160.141,arrival_4_dcp_4_fa3_native_fifo.log
4,4,fa3_native_fifo,16,case_000019,mixed_prefill,741.584,743.968,arrival_4_dcp_4_fa3_native_fifo.log
4,4,fa3_native_fifo,16,case_000020,mixed_prefill,307.872,311.024,arrival_4_dcp_4_fa3_native_fifo.log
4,4,fa3_native_fifo,16,case_000021,decode_only,96.336,98.518,arrival_4_dcp_4_fa3_native_fifo.log
4,4,fa3_native_fifo,16,case_000022,decode_only,94.992,97.158,arrival_4_dcp_4_fa3_native_fifo.log
4,4,fa3_native_fifo,16,case_000023,mixed_prefill,128.848,131.866,arrival_4_dcp_4_fa3_native_fifo.log
4,4,fa3_native_fifo,16,case_000024,decode_only,131.52,133.741,arrival_4_dcp_4_fa3_native_fifo.log
4,4,fa3_native_fifo,16,case_000025,mixed_prefill,219.92,223.402,arrival_4_dcp_4_fa3_native_fifo.log
4,4,fa3_native_fifo,16,case_000026,decode_only,98.096,100.083,arrival_4_dcp_4_fa3_native_fifo.log
4,4,fa3_native_fifo,16,case_000027,decode_only,96.064,97.101,arrival_4_dcp_4_fa3_native_fifo.log
4,4,fa3_native_fifo,16,case_000028,mixed_prefill,311.28,317.946,arrival_4_dcp_4_fa3_native_fifo.log
4,4,fa3_native_fifo,16,case_000029,mixed_prefill,378.496,380.474,arrival_4_dcp_4_fa3_native_fifo.log
4,4,fa3_native_fifo,16,case_000030,mixed_prefill,192.192,210.87,arrival_4_dcp_4_fa3_native_fifo.log
4,4,fa3_native_fifo,16,case_000031,mixed_prefill,1310.224,1334.669,arrival_4_dcp_4_fa3_native_fifo.log
4,4,fa3_native_fifo,16,case_000032,decode_only,95.072,97.933,arrival_4_dcp_4_fa3_native_fifo.log
4,4,fa3_native_fifo,16,case_000033,decode_only,104.096,105.894,arrival_4_dcp_4_fa3_native_fifo.log
4,4,fa3_native_fifo,16,case_000034,mixed_prefill,639.376,724.614,arrival_4_dcp_4_fa3_native_fifo.log
4,4,fa3_native_fifo,16,case_000035,mixed_prefill,190.24,194.64,arrival_4_dcp_4_fa3_native_fifo.log
4,4,fa3_native_fifo,16,case_000036,decode_only,115.376,120.349,arrival_4_dcp_4_fa3_native_fifo.log
4,4,fa3_native_fifo,16,case_000037,mixed_prefill,204.032,209.786,arrival_4_dcp_4_fa3_native_fifo.log
4,4,fa3_native_fifo,16,case_000038,decode_only,85.824,87.699,arrival_4_dcp_4_fa3_native_fifo.log
4,4,fa3_native_fifo,16,case_000039,mixed_prefill,342.512,347.216,arrival_4_dcp_4_fa3_native_fifo.log
4,4,fa3_native_fifo,16,case_000040,decode_only,94.768,96.774,arrival_4_dcp_4_fa3_native_fifo.log
4,4,fa3_native_fifo,16,case_000041,decode_only,103.52,112.979,arrival_4_dcp_4_fa3_native_fifo.log
4,4,fa3_native_fifo,16,case_000042,mixed_prefill,1485.952,1516.986,arrival_4_dcp_4_fa3_native_fifo.log
4,4,fa3_native_fifo,16,case_000043,decode_only,120.0,121.955,arrival_4_dcp_4_fa3_native_fifo.log
4,4,fa3_native_fifo,16,case_000044,mixed_prefill,201.456,202.886,arrival_4_dcp_4_fa3_native_fifo.log
4,4,fa3_native_fifo,16,case_000045,decode_only,77.952,83.658,arrival_4_dcp_4_fa3_native_fifo.log
4,4,fa3_native_fifo,16,case_000046,mixed_prefill,364.672,368.618,arrival_4_dcp_4_fa3_native_fifo.log
4,4,fa3_native_fifo,16,case_000047,decode_only,108.592,110.454,arrival_4_dcp_4_fa3_native_fifo.log
4,4,fa3_native_fifo,16,case_000048,mixed_prefill,390.656,392.378,arrival_4_dcp_4_fa3_native_fifo.log
4,4,fa3_native_fifo,16,case_000049,decode_only,117.456,121.786,arrival_4_dcp_4_fa3_native_fifo.log
4,4,fa3_native_fifo,16,case_000050,decode_only,94.704,96.566,arrival_4_dcp_4_fa3_native_fifo.log
4,4,fa3_native_fifo,16,case_000051,mixed_prefill,229.872,232.358,arrival_4_dcp_4_fa3_native_fifo.log
4,4,fa3_native_fifo,16,case_000052,decode_only,96.192,103.331,arrival_4_dcp_4_fa3_native_fifo.log
4,4,fa3_native_fifo,16,case_000053,decode_only,71.28,72.4,arrival_4_dcp_4_fa3_native_fifo.log
4,4,fa3_native_fifo,16,case_000054,decode_only,73.968,75.949,arrival_4_dcp_4_fa3_native_fifo.log
4,4,fa3_native_fifo,16,case_000055,mixed_prefill,138.8,141.891,arrival_4_dcp_4_fa3_native_fifo.log
4,4,fa3_native_fifo,16,case_000056,decode_only,102.208,103.84,arrival_4_dcp_4_fa3_native_fifo.log
4,4,fa3_native_fifo,16,case_000057,mixed_prefill,874.944,877.03,arrival_4_dcp_4_fa3_native_fifo.log
4,4,fa3_native_fifo,16,case_000058,decode_only,80.704,82.733,arrival_4_dcp_4_fa3_native_fifo.log
4,4,fa3_native_fifo,16,case_000059,decode_only,90.736,92.08,arrival_4_dcp_4_fa3_native_fifo.log
4,4,fa3_native_fifo,16,case_000060,decode_only,99.152,103.843,arrival_4_dcp_4_fa3_native_fifo.log
4,4,fa3_native_fifo,16,case_000061,mixed_prefill,827.024,828.787,arrival_4_dcp_4_fa3_native_fifo.log
4,4,fa3_native_fifo,16,case_000062,mixed_prefill,291.968,297.053,arrival_4_dcp_4_fa3_native_fifo.log
4,4,fa3_native_fifo,16,case_000063,mixed_prefill,232.72,237.578,arrival_4_dcp_4_fa3_native_fifo.log
4,4,fa3_native_fifo,16,case_000064,decode_only,93.648,94.787,arrival_4_dcp_4_fa3_native_fifo.log
4,4,fa3_native_fifo,16,case_000065,decode_only,87.632,91.066,arrival_4_dcp_4_fa3_native_fifo.log
4,4,fa3_native_fifo,16,case_000066,decode_only,120.208,121.446,arrival_4_dcp_4_fa3_native_fifo.log
4,4,fa3_native_fifo,16,case_000067,decode_only,101.232,104.205,arrival_4_dcp_4_fa3_native_fifo.log
4,4,fa3_native_fifo,16,case_000068,decode_only,87.024,90.525,arrival_4_dcp_4_fa3_native_fifo.log
4,4,fa3_native_fifo,16,case_000069,mixed_prefill,203.296,205.056,arrival_4_dcp_4_fa3_native_fifo.log
4,4,fa3_native_fifo,16,case_000070,mixed_prefill,214.384,219.165,arrival_4_dcp_4_fa3_native_fifo.log
4,4,fa3_native_fifo,16,case_000071,decode_only,88.752,90.746,arrival_4_dcp_4_fa3_native_fifo.log
4,4,fa3_native_fifo,16,case_000072,mixed_prefill,249.504,253.254,arrival_4_dcp_4_fa3_native_fifo.log
4,4,fa3_native_fifo,16,case_000073,mixed_prefill,394.736,399.542,arrival_4_dcp_4_fa3_native_fifo.log
4,4,fa3_native_fifo,16,case_000074,decode_only,86.32,88.934,arrival_4_dcp_4_fa3_native_fifo.log
4,4,fa3_native_fifo,16,case_000075,mixed_prefill,210.656,215.171,arrival_4_dcp_4_fa3_native_fifo.log
4,4,fa3_native_fifo,16,case_000076,mixed_prefill,776.448,779.126,arrival_4_dcp_4_fa3_native_fifo.log
4,4,fa3_native_fifo,16,case_000077,decode_only,117.424,119.27,arrival_4_dcp_4_fa3_native_fifo.log
4,4,fa3_native_fifo,16,case_000078,mixed_prefill,365.344,372.173,arrival_4_dcp_4_fa3_native_fifo.log
4,4,fa3_native_fifo,16,case_000079,mixed_prefill,146.16,148.314,arrival_4_dcp_4_fa3_native_fifo.log
4,4,fa3_native_fifo,16,case_000080,mixed_prefill,376.96,382.739,arrival_4_dcp_4_fa3_native_fifo.log
4,4,fa3_native_fifo,16,case_000081,decode_only,103.968,105.923,arrival_4_dcp_4_fa3_native_fifo.log
4,4,fa3_native_fifo,16,case_000082,mixed_prefill,686.384,697.027,arrival_4_dcp_4_fa3_native_fifo.log
4,4,fa3_native_fifo,16,case_000083,decode_only,93.056,94.048,arrival_4_dcp_4_fa3_native_fifo.log
4,4,fa3_native_fifo,16,case_000084,mixed_prefill,325.392,348.557,arrival_4_dcp_4_fa3_native_fifo.log
4,4,fa3_native_fifo,16,case_000085,decode_only,114.32,115.955,arrival_4_dcp_4_fa3_native_fifo.log
4,4,fa3_native_fifo,16,case_000086,decode_only,101.872,103.555,arrival_4_dcp_4_fa3_native_fifo.log
4,4,fa3_native_fifo,16,case_000087,decode_only,98.32,100.477,arrival_4_dcp_4_fa3_native_fifo.log
4,4,fa3_native_fifo,16,case_000088,decode_only,104.272,106.234,arrival_4_dcp_4_fa3_native_fifo.log
4,4,fa3_native_fifo,16,case_000089,mixed_prefill,500.128,505.043,arrival_4_dcp_4_fa3_native_fifo.log
4,4,fa3_native_fifo,16,case_000090,mixed_prefill,415.968,418.349,arrival_4_dcp_4_fa3_native_fifo.log
4,4,fa3_native_fifo,16,case_000091,decode_only,116.032,118.278,arrival_4_dcp_4_fa3_native_fifo.log
4,4,fa3_native_fifo,16,case_000092,decode_only,93.984,96.973,arrival_4_dcp_4_fa3_native_fifo.log
4,4,fa3_native_fifo,16,case_000093,decode_only,91.44,93.286,arrival_4_dcp_4_fa3_native_fifo.log
4,4,fa3_native_fifo,16,case_000094,decode_only,78.08,86.627,arrival_4_dcp_4_fa3_native_fifo.log
4,4,fa3_native_fifo,16,case_000095,decode_only,92.88,94.717,arrival_4_dcp_4_fa3_native_fifo.log
4,4,fa3_native_fifo,16,case_000096,decode_only,71.312,73.408,arrival_4_dcp_4_fa3_native_fifo.log
4,4,fa3_native_fifo,16,case_000097,mixed_prefill,89.808,92.32,arrival_4_dcp_4_fa3_native_fifo.log
4,4,fa3_native_fifo,16,case_000098,mixed_prefill,959.648,964.758,arrival_4_dcp_4_fa3_native_fifo.log
4,4,fa3_native_fifo,16,case_000099,decode_only,62.864,65.027,arrival_4_dcp_4_fa3_native_fifo.log
4,4,critical_wave_auto_lpt,16,case_000000,mixed_prefill,209.872,212.163,arrival_4_dcp_4_critical_wave_auto_lpt.log
4,4,critical_wave_auto_lpt,16,case_000001,mixed_prefill,410.352,414.275,arrival_4_dcp_4_critical_wave_auto_lpt.log
4,4,critical_wave_auto_lpt,16,case_000002,decode_only,148.016,150.438,arrival_4_dcp_4_critical_wave_auto_lpt.log
4,4,critical_wave_auto_lpt,16,case_000003,mixed_prefill,280.592,285.354,arrival_4_dcp_4_critical_wave_auto_lpt.log
4,4,critical_wave_auto_lpt,16,case_000004,mixed_prefill,454.192,459.078,arrival_4_dcp_4_critical_wave_auto_lpt.log
4,4,critical_wave_auto_lpt,16,case_000005,decode_only,129.744,133.878,arrival_4_dcp_4_critical_wave_auto_lpt.log
4,4,critical_wave_auto_lpt,16,case_000006,mixed_prefill,122.16,124.093,arrival_4_dcp_4_critical_wave_auto_lpt.log
4,4,critical_wave_auto_lpt,16,case_000007,decode_only,100.24,103.526,arrival_4_dcp_4_critical_wave_auto_lpt.log
4,4,critical_wave_auto_lpt,16,case_000008,decode_only,106.032,109.363,arrival_4_dcp_4_critical_wave_auto_lpt.log
4,4,critical_wave_auto_lpt,16,case_000009,decode_only,125.536,128.195,arrival_4_dcp_4_critical_wave_auto_lpt.log
4,4,critical_wave_auto_lpt,16,case_000010,mixed_prefill,337.28,339.84,arrival_4_dcp_4_critical_wave_auto_lpt.log
4,4,critical_wave_auto_lpt,16,case_000011,decode_only,93.488,94.448,arrival_4_dcp_4_critical_wave_auto_lpt.log
4,4,critical_wave_auto_lpt,16,case_000012,mixed_prefill,228.192,230.742,arrival_4_dcp_4_critical_wave_auto_lpt.log
4,4,critical_wave_auto_lpt,16,case_000013,decode_only,100.096,110.435,arrival_4_dcp_4_critical_wave_auto_lpt.log
4,4,critical_wave_auto_lpt,16,case_000014,decode_only,100.752,105.882,arrival_4_dcp_4_critical_wave_auto_lpt.log
4,4,critical_wave_auto_lpt,16,case_000015,decode_only,112.192,123.987,arrival_4_dcp_4_critical_wave_auto_lpt.log
4,4,critical_wave_auto_lpt,16,case_000016,mixed_prefill,214.528,215.824,arrival_4_dcp_4_critical_wave_auto_lpt.log
4,4,critical_wave_auto_lpt,16,case_000017,decode_only,114.576,117.514,arrival_4_dcp_4_critical_wave_auto_lpt.log
4,4,critical_wave_auto_lpt,16,case_000018,mixed_prefill,156.016,157.197,arrival_4_dcp_4_critical_wave_auto_lpt.log
4,4,critical_wave_auto_lpt,16,case_000019,mixed_prefill,882.128,883.754,arrival_4_dcp_4_critical_wave_auto_lpt.log
4,4,critical_wave_auto_lpt,16,case_000020,mixed_prefill,236.416,241.418,arrival_4_dcp_4_critical_wave_auto_lpt.log
4,4,critical_wave_auto_lpt,16,case_000021,decode_only,107.392,109.002,arrival_4_dcp_4_critical_wave_auto_lpt.log
4,4,critical_wave_auto_lpt,16,case_000022,decode_only,100.832,102.922,arrival_4_dcp_4_critical_wave_auto_lpt.log
4,4,critical_wave_auto_lpt,16,case_000023,mixed_prefill,124.768,539.136,arrival_4_dcp_4_critical_wave_auto_lpt.log
4,4,critical_wave_auto_lpt,16,case_000024,decode_only,126.992,128.96,arrival_4_dcp_4_critical_wave_auto_lpt.log
4,4,critical_wave_auto_lpt,16,case_000025,mixed_prefill,230.832,232.24,arrival_4_dcp_4_critical_wave_auto_lpt.log
4,4,critical_wave_auto_lpt,16,case_000026,decode_only,98.192,100.227,arrival_4_dcp_4_critical_wave_auto_lpt.log
4,4,critical_wave_auto_lpt,16,case_000027,decode_only,102.864,104.118,arrival_4_dcp_4_critical_wave_auto_lpt.log
4,4,critical_wave_auto_lpt,16,case_000028,mixed_prefill,226.096,229.981,arrival_4_dcp_4_critical_wave_auto_lpt.log
4,4,critical_wave_auto_lpt,16,case_000029,mixed_prefill,291.648,293.331,arrival_4_dcp_4_critical_wave_auto_lpt.log
4,4,critical_wave_auto_lpt,16,case_000030,mixed_prefill,140.0,142.352,arrival_4_dcp_4_critical_wave_auto_lpt.log
4,4,critical_wave_auto_lpt,16,case_000031,mixed_prefill,1336.016,1353.248,arrival_4_dcp_4_critical_wave_auto_lpt.log
4,4,critical_wave_auto_lpt,16,case_000032,decode_only,94.992,97.722,arrival_4_dcp_4_critical_wave_auto_lpt.log
4,4,critical_wave_auto_lpt,16,case_000033,decode_only,93.696,286.096,arrival_4_dcp_4_critical_wave_auto_lpt.log
4,4,critical_wave_auto_lpt,16,case_000034,mixed_prefill,666.272,689.59,arrival_4_dcp_4_critical_wave_auto_lpt.log
4,4,critical_wave_auto_lpt,16,case_000035,mixed_prefill,187.008,188.422,arrival_4_dcp_4_critical_wave_auto_lpt.log
4,4,critical_wave_auto_lpt,16,case_000036,decode_only,109.968,111.338,arrival_4_dcp_4_critical_wave_auto_lpt.log
4,4,critical_wave_auto_lpt,16,case_000037,mixed_prefill,196.288,198.483,arrival_4_dcp_4_critical_wave_auto_lpt.log
4,4,critical_wave_auto_lpt,16,case_000038,decode_only,120.832,125.811,arrival_4_dcp_4_critical_wave_auto_lpt.log
4,4,critical_wave_auto_lpt,16,case_000039,mixed_prefill,353.696,357.83,arrival_4_dcp_4_critical_wave_auto_lpt.log
4,4,critical_wave_auto_lpt,16,case_000040,decode_only,100.896,132.115,arrival_4_dcp_4_critical_wave_auto_lpt.log
4,4,critical_wave_auto_lpt,16,case_000041,decode_only,104.528,105.955,arrival_4_dcp_4_critical_wave_auto_lpt.log
4,4,critical_wave_auto_lpt,16,case_000042,mixed_prefill,1523.616,1530.39,arrival_4_dcp_4_critical_wave_auto_lpt.log
4,4,critical_wave_auto_lpt,16,case_000043,decode_only,148.816,151.51,arrival_4_dcp_4_critical_wave_auto_lpt.log
4,4,critical_wave_auto_lpt,16,case_000044,mixed_prefill,187.44,189.923,arrival_4_dcp_4_critical_wave_auto_lpt.log
4,4,critical_wave_auto_lpt,16,case_000045,decode_only,79.92,82.371,arrival_4_dcp_4_critical_wave_auto_lpt.log
4,4,critical_wave_auto_lpt,16,case_000046,mixed_prefill,372.272,377.507,arrival_4_dcp_4_critical_wave_auto_lpt.log
4,4,critical_wave_auto_lpt,16,case_000047,decode_only,108.096,109.6,arrival_4_dcp_4_critical_wave_auto_lpt.log
4,4,critical_wave_auto_lpt,16,case_000048,mixed_prefill,287.696,289.517,arrival_4_dcp_4_critical_wave_auto_lpt.log
4,4,critical_wave_auto_lpt,16,case_000049,decode_only,114.928,116.998,arrival_4_dcp_4_critical_wave_auto_lpt.log
4,4,critical_wave_auto_lpt,16,case_000050,decode_only,99.216,100.483,arrival_4_dcp_4_critical_wave_auto_lpt.log
4,4,critical_wave_auto_lpt,16,case_000051,mixed_prefill,225.968,227.501,arrival_4_dcp_4_critical_wave_auto_lpt.log
4,4,critical_wave_auto_lpt,16,case_000052,decode_only,110.048,112.781,arrival_4_dcp_4_critical_wave_auto_lpt.log
4,4,critical_wave_auto_lpt,16,case_000053,decode_only,71.856,79.965,arrival_4_dcp_4_critical_wave_auto_lpt.log
4,4,critical_wave_auto_lpt,16,case_000054,decode_only,81.824,84.227,arrival_4_dcp_4_critical_wave_auto_lpt.log
4,4,critical_wave_auto_lpt,16,case_000055,mixed_prefill,135.616,137.408,arrival_4_dcp_4_critical_wave_auto_lpt.log
4,4,critical_wave_auto_lpt,16,case_000056,decode_only,102.848,104.986,arrival_4_dcp_4_critical_wave_auto_lpt.log
4,4,critical_wave_auto_lpt,16,case_000057,mixed_prefill,881.504,885.853,arrival_4_dcp_4_critical_wave_auto_lpt.log
4,4,critical_wave_auto_lpt,16,case_000058,decode_only,96.16,104.79,arrival_4_dcp_4_critical_wave_auto_lpt.log
4,4,critical_wave_auto_lpt,16,case_000059,decode_only,89.808,178.189,arrival_4_dcp_4_critical_wave_auto_lpt.log
4,4,critical_wave_auto_lpt,16,case_000060,decode_only,104.928,106.666,arrival_4_dcp_4_critical_wave_auto_lpt.log
4,4,critical_wave_auto_lpt,16,case_000061,mixed_prefill,859.488,860.88,arrival_4_dcp_4_critical_wave_auto_lpt.log
4,4,critical_wave_auto_lpt,16,case_000062,mixed_prefill,301.584,305.93,arrival_4_dcp_4_critical_wave_auto_lpt.log
4,4,critical_wave_auto_lpt,16,case_000063,mixed_prefill,149.328,151.078,arrival_4_dcp_4_critical_wave_auto_lpt.log
4,4,critical_wave_auto_lpt,16,case_000064,decode_only,108.32,109.555,arrival_4_dcp_4_critical_wave_auto_lpt.log
4,4,critical_wave_auto_lpt,16,case_000065,decode_only,95.968,97.062,arrival_4_dcp_4_critical_wave_auto_lpt.log
4,4,critical_wave_auto_lpt,16,case_000066,decode_only,121.776,123.552,arrival_4_dcp_4_critical_wave_auto_lpt.log
4,4,critical_wave_auto_lpt,16,case_000067,decode_only,117.776,118.912,arrival_4_dcp_4_critical_wave_auto_lpt.log
4,4,critical_wave_auto_lpt,16,case_000068,decode_only,110.896,113.082,arrival_4_dcp_4_critical_wave_auto_lpt.log
4,4,critical_wave_auto_lpt,16,case_000069,mixed_prefill,199.168,203.258,arrival_4_dcp_4_critical_wave_auto_lpt.log
4,4,critical_wave_auto_lpt,16,case_000070,mixed_prefill,217.056,218.384,arrival_4_dcp_4_critical_wave_auto_lpt.log
4,4,critical_wave_auto_lpt,16,case_000071,decode_only,90.512,91.763,arrival_4_dcp_4_critical_wave_auto_lpt.log
4,4,critical_wave_auto_lpt,16,case_000072,mixed_prefill,257.808,262.272,arrival_4_dcp_4_critical_wave_auto_lpt.log
4,4,critical_wave_auto_lpt,16,case_000073,mixed_prefill,401.136,404.957,arrival_4_dcp_4_critical_wave_auto_lpt.log
4,4,critical_wave_auto_lpt,16,case_000074,decode_only,106.864,108.298,arrival_4_dcp_4_critical_wave_auto_lpt.log
4,4,critical_wave_auto_lpt,16,case_000075,mixed_prefill,207.456,209.949,arrival_4_dcp_4_critical_wave_auto_lpt.log
4,4,critical_wave_auto_lpt,16,case_000076,mixed_prefill,811.776,814.048,arrival_4_dcp_4_critical_wave_auto_lpt.log
4,4,critical_wave_auto_lpt,16,case_000077,decode_only,115.52,118.09,arrival_4_dcp_4_critical_wave_auto_lpt.log
4,4,critical_wave_auto_lpt,16,case_000078,mixed_prefill,376.784,381.459,arrival_4_dcp_4_critical_wave_auto_lpt.log
4,4,critical_wave_auto_lpt,16,case_000079,mixed_prefill,137.168,179.466,arrival_4_dcp_4_critical_wave_auto_lpt.log
4,4,critical_wave_auto_lpt,16,case_000080,mixed_prefill,258.032,258.982,arrival_4_dcp_4_critical_wave_auto_lpt.log
4,4,critical_wave_auto_lpt,16,case_000081,decode_only,124.064,126.15,arrival_4_dcp_4_critical_wave_auto_lpt.log
4,4,critical_wave_auto_lpt,16,case_000082,mixed_prefill,705.552,707.597,arrival_4_dcp_4_critical_wave_auto_lpt.log
4,4,critical_wave_auto_lpt,16,case_000083,decode_only,93.744,95.174,arrival_4_dcp_4_critical_wave_auto_lpt.log
4,4,critical_wave_auto_lpt,16,case_000084,mixed_prefill,277.296,279.846,arrival_4_dcp_4_critical_wave_auto_lpt.log
4,4,critical_wave_auto_lpt,16,case_000085,decode_only,111.168,112.746,arrival_4_dcp_4_critical_wave_auto_lpt.log
4,4,critical_wave_auto_lpt,16,case_000086,decode_only,101.696,103.888,arrival_4_dcp_4_critical_wave_auto_lpt.log
4,4,critical_wave_auto_lpt,16,case_000087,decode_only,98.64,100.192,arrival_4_dcp_4_critical_wave_auto_lpt.log
4,4,critical_wave_auto_lpt,16,case_000088,decode_only,102.944,104.413,arrival_4_dcp_4_critical_wave_auto_lpt.log
4,4,critical_wave_auto_lpt,16,case_000089,mixed_prefill,504.256,508.906,arrival_4_dcp_4_critical_wave_auto_lpt.log
4,4,critical_wave_auto_lpt,16,case_000090,mixed_prefill,421.776,425.405,arrival_4_dcp_4_critical_wave_auto_lpt.log
4,4,critical_wave_auto_lpt,16,case_000091,decode_only,118.08,120.237,arrival_4_dcp_4_critical_wave_auto_lpt.log
4,4,critical_wave_auto_lpt,16,case_000092,decode_only,110.928,113.037,arrival_4_dcp_4_critical_wave_auto_lpt.log
4,4,critical_wave_auto_lpt,16,case_000093,decode_only,93.808,94.858,arrival_4_dcp_4_critical_wave_auto_lpt.log
4,4,critical_wave_auto_lpt,16,case_000094,decode_only,82.784,85.44,arrival_4_dcp_4_critical_wave_auto_lpt.log
4,4,critical_wave_auto_lpt,16,case_000095,decode_only,96.528,98.154,arrival_4_dcp_4_critical_wave_auto_lpt.log
4,4,critical_wave_auto_lpt,16,case_000096,decode_only,84.096,85.834,arrival_4_dcp_4_critical_wave_auto_lpt.log
4,4,critical_wave_auto_lpt,16,case_000097,mixed_prefill,90.24,95.587,arrival_4_dcp_4_critical_wave_auto_lpt.log
4,4,critical_wave_auto_lpt,16,case_000098,mixed_prefill,975.6,978.941,arrival_4_dcp_4_critical_wave_auto_lpt.log
4,4,critical_wave_auto_lpt,16,case_000099,decode_only,67.568,69.824,arrival_4_dcp_4_critical_wave_auto_lpt.log
4,8,fa3_native_fifo,16,case_000000,mixed_prefill,388.064,392.733,arrival_4_dcp_8_fa3_native_fifo.log
4,8,fa3_native_fifo,16,case_000001,mixed_prefill,554.544,564.362,arrival_4_dcp_8_fa3_native_fifo.log
4,8,fa3_native_fifo,16,case_000002,decode_only,136.256,138.31,arrival_4_dcp_8_fa3_native_fifo.log
4,8,fa3_native_fifo,16,case_000003,mixed_prefill,345.12,351.142,arrival_4_dcp_8_fa3_native_fifo.log
4,8,fa3_native_fifo,16,case_000004,mixed_prefill,612.08,623.632,arrival_4_dcp_8_fa3_native_fifo.log
4,8,fa3_native_fifo,16,case_000005,decode_only,116.736,118.074,arrival_4_dcp_8_fa3_native_fifo.log
4,8,fa3_native_fifo,16,case_000006,mixed_prefill,169.36,172.202,arrival_4_dcp_8_fa3_native_fifo.log
4,8,fa3_native_fifo,16,case_000007,decode_only,104.752,107.008,arrival_4_dcp_8_fa3_native_fifo.log
4,8,fa3_native_fifo,16,case_000008,decode_only,105.712,141.942,arrival_4_dcp_8_fa3_native_fifo.log
4,8,fa3_native_fifo,16,case_000009,decode_only,123.904,126.083,arrival_4_dcp_8_fa3_native_fifo.log
4,8,fa3_native_fifo,16,case_000010,mixed_prefill,512.56,520.323,arrival_4_dcp_8_fa3_native_fifo.log
4,8,fa3_native_fifo,16,case_000011,decode_only,105.68,107.043,arrival_4_dcp_8_fa3_native_fifo.log
4,8,fa3_native_fifo,16,case_000012,mixed_prefill,411.888,421.891,arrival_4_dcp_8_fa3_native_fifo.log
4,8,fa3_native_fifo,16,case_000013,decode_only,112.576,114.499,arrival_4_dcp_8_fa3_native_fifo.log
4,8,fa3_native_fifo,16,case_000014,decode_only,114.352,116.384,arrival_4_dcp_8_fa3_native_fifo.log
4,8,fa3_native_fifo,16,case_000015,decode_only,132.048,134.224,arrival_4_dcp_8_fa3_native_fifo.log
4,8,fa3_native_fifo,16,case_000016,mixed_prefill,378.08,386.87,arrival_4_dcp_8_fa3_native_fifo.log
4,8,fa3_native_fifo,16,case_000017,decode_only,106.224,107.507,arrival_4_dcp_8_fa3_native_fifo.log
4,8,fa3_native_fifo,16,case_000018,mixed_prefill,183.952,186.698,arrival_4_dcp_8_fa3_native_fifo.log
4,8,fa3_native_fifo,16,case_000019,mixed_prefill,1010.832,1017.046,arrival_4_dcp_8_fa3_native_fifo.log
4,8,fa3_native_fifo,16,case_000020,mixed_prefill,391.312,401.699,arrival_4_dcp_8_fa3_native_fifo.log
4,8,fa3_native_fifo,16,case_000021,decode_only,105.744,107.824,arrival_4_dcp_8_fa3_native_fifo.log
4,8,fa3_native_fifo,16,case_000022,decode_only,118.112,119.523,arrival_4_dcp_8_fa3_native_fifo.log
4,8,fa3_native_fifo,16,case_000023,mixed_prefill,191.184,195.258,arrival_4_dcp_8_fa3_native_fifo.log
4,8,fa3_native_fifo,16,case_000024,decode_only,151.712,191.853,arrival_4_dcp_8_fa3_native_fifo.log
4,8,fa3_native_fifo,16,case_000025,mixed_prefill,413.2,422.723,arrival_4_dcp_8_fa3_native_fifo.log
4,8,fa3_native_fifo,16,case_000026,decode_only,118.656,121.062,arrival_4_dcp_8_fa3_native_fifo.log
4,8,fa3_native_fifo,16,case_000027,decode_only,114.96,165.014,arrival_4_dcp_8_fa3_native_fifo.log
4,8,fa3_native_fifo,16,case_000028,mixed_prefill,388.192,393.814,arrival_4_dcp_8_fa3_native_fifo.log
4,8,fa3_native_fifo,16,case_000029,mixed_prefill,401.84,406.499,arrival_4_dcp_8_fa3_native_fifo.log
4,8,fa3_native_fifo,16,case_000030,mixed_prefill,208.336,209.786,arrival_4_dcp_8_fa3_native_fifo.log
4,8,fa3_native_fifo,16,case_000031,mixed_prefill,1586.544,1626.451,arrival_4_dcp_8_fa3_native_fifo.log
4,8,fa3_native_fifo,16,case_000032,decode_only,112.768,120.502,arrival_4_dcp_8_fa3_native_fifo.log
4,8,fa3_native_fifo,16,case_000033,decode_only,103.904,105.83,arrival_4_dcp_8_fa3_native_fifo.log
4,8,fa3_native_fifo,16,case_000034,mixed_prefill,791.504,797.373,arrival_4_dcp_8_fa3_native_fifo.log
4,8,fa3_native_fifo,16,case_000035,mixed_prefill,198.368,200.458,arrival_4_dcp_8_fa3_native_fifo.log
4,8,fa3_native_fifo,16,case_000036,decode_only,128.768,130.88,arrival_4_dcp_8_fa3_native_fifo.log
4,8,fa3_native_fifo,16,case_000037,mixed_prefill,279.488,282.406,arrival_4_dcp_8_fa3_native_fifo.log
4,8,fa3_native_fifo,16,case_000038,decode_only,103.04,166.717,arrival_4_dcp_8_fa3_native_fifo.log
4,8,fa3_native_fifo,16,case_000039,mixed_prefill,486.64,493.584,arrival_4_dcp_8_fa3_native_fifo.log
4,8,fa3_native_fifo,16,case_000040,decode_only,113.664,114.966,arrival_4_dcp_8_fa3_native_fifo.log
4,8,fa3_native_fifo,16,case_000041,decode_only,117.968,119.533,arrival_4_dcp_8_fa3_native_fifo.log
4,8,fa3_native_fifo,16,case_000042,mixed_prefill,1765.664,1819.126,arrival_4_dcp_8_fa3_native_fifo.log
4,8,fa3_native_fifo,16,case_000043,decode_only,140.272,141.485,arrival_4_dcp_8_fa3_native_fifo.log
4,8,fa3_native_fifo,16,case_000044,mixed_prefill,335.088,342.048,arrival_4_dcp_8_fa3_native_fifo.log
4,8,fa3_native_fifo,16,case_000045,decode_only,109.472,111.933,arrival_4_dcp_8_fa3_native_fifo.log
4,8,fa3_native_fifo,16,case_000046,mixed_prefill,517.216,523.798,arrival_4_dcp_8_fa3_native_fifo.log
4,8,fa3_native_fifo,16,case_000047,decode_only,130.848,132.864,arrival_4_dcp_8_fa3_native_fifo.log
4,8,fa3_native_fifo,16,case_000048,mixed_prefill,473.12,483.107,arrival_4_dcp_8_fa3_native_fifo.log
4,8,fa3_native_fifo,16,case_000049,decode_only,136.032,137.456,arrival_4_dcp_8_fa3_native_fifo.log
4,8,fa3_native_fifo,16,case_000050,decode_only,112.736,114.538,arrival_4_dcp_8_fa3_native_fifo.log
4,8,fa3_native_fifo,16,case_000051,mixed_prefill,313.024,318.512,arrival_4_dcp_8_fa3_native_fifo.log
4,8,fa3_native_fifo,16,case_000052,decode_only,112.608,114.31,arrival_4_dcp_8_fa3_native_fifo.log
4,8,fa3_native_fifo,16,case_000053,decode_only,86.512,87.814,arrival_4_dcp_8_fa3_native_fifo.log
4,8,fa3_native_fifo,16,case_000054,decode_only,87.712,89.786,arrival_4_dcp_8_fa3_native_fifo.log
4,8,fa3_native_fifo,16,case_000055,mixed_prefill,198.848,201.702,arrival_4_dcp_8_fa3_native_fifo.log
4,8,fa3_native_fifo,16,case_000056,decode_only,122.16,123.555,arrival_4_dcp_8_fa3_native_fifo.log
4,8,fa3_native_fifo,16,case_000057,mixed_prefill,988.576,1003.581,arrival_4_dcp_8_fa3_native_fifo.log
4,8,fa3_native_fifo,16,case_000058,decode_only,94.176,95.363,arrival_4_dcp_8_fa3_native_fifo.log
4,8,fa3_native_fifo,16,case_000059,decode_only,102.912,104.579,arrival_4_dcp_8_fa3_native_fifo.log
4,8,fa3_native_fifo,16,case_000060,decode_only,117.6,119.11,arrival_4_dcp_8_fa3_native_fifo.log
4,8,fa3_native_fifo,16,case_000061,mixed_prefill,1120.096,1128.528,arrival_4_dcp_8_fa3_native_fifo.log
4,8,fa3_native_fifo,16,case_000062,mixed_prefill,449.52,454.211,arrival_4_dcp_8_fa3_native_fifo.log
4,8,fa3_native_fifo,16,case_000063,mixed_prefill,218.08,220.4,arrival_4_dcp_8_fa3_native_fifo.log
4,8,fa3_native_fifo,16,case_000064,decode_only,114.16,115.786,arrival_4_dcp_8_fa3_native_fifo.log
4,8,fa3_native_fifo,16,case_000065,decode_only,104.016,143.997,arrival_4_dcp_8_fa3_native_fifo.log
4,8,fa3_native_fifo,16,case_000066,decode_only,142.8,144.758,arrival_4_dcp_8_fa3_native_fifo.log
4,8,fa3_native_fifo,16,case_000067,decode_only,119.408,120.842,arrival_4_dcp_8_fa3_native_fifo.log
4,8,fa3_native_fifo,16,case_000068,decode_only,104.88,105.763,arrival_4_dcp_8_fa3_native_fifo.log
4,8,fa3_native_fifo,16,case_000069,mixed_prefill,232.176,234.285,arrival_4_dcp_8_fa3_native_fifo.log
4,8,fa3_native_fifo,16,case_000070,mixed_prefill,385.68,396.006,arrival_4_dcp_8_fa3_native_fifo.log
4,8,fa3_native_fifo,16,case_000071,decode_only,103.36,105.747,arrival_4_dcp_8_fa3_native_fifo.log
4,8,fa3_native_fifo,16,case_000072,mixed_prefill,450.688,458.08,arrival_4_dcp_8_fa3_native_fifo.log
4,8,fa3_native_fifo,16,case_000073,mixed_prefill,549.04,556.378,arrival_4_dcp_8_fa3_native_fifo.log
4,8,fa3_native_fifo,16,case_000074,decode_only,104.368,106.115,arrival_4_dcp_8_fa3_native_fifo.log
4,8,fa3_native_fifo,16,case_000075,mixed_prefill,210.032,212.653,arrival_4_dcp_8_fa3_native_fifo.log
4,8,fa3_native_fifo,16,case_000076,mixed_prefill,1146.512,1180.682,arrival_4_dcp_8_fa3_native_fifo.log
4,8,fa3_native_fifo,16,case_000077,decode_only,137.12,139.008,arrival_4_dcp_8_fa3_native_fifo.log
4,8,fa3_native_fifo,16,case_000078,mixed_prefill,515.12,521.309,arrival_4_dcp_8_fa3_native_fifo.log
4,8,fa3_native_fifo,16,case_000079,mixed_prefill,166.352,168.528,arrival_4_dcp_8_fa3_native_fifo.log
4,8,fa3_native_fifo,16,case_000080,mixed_prefill,426.256,432.368,arrival_4_dcp_8_fa3_native_fifo.log
4,8,fa3_native_fifo,16,case_000081,decode_only,115.68,118.701,arrival_4_dcp_8_fa3_native_fifo.log
4,8,fa3_native_fifo,16,case_000082,mixed_prefill,938.32,948.566,arrival_4_dcp_8_fa3_native_fifo.log
4,8,fa3_native_fifo,16,case_000083,decode_only,103.552,106.362,arrival_4_dcp_8_fa3_native_fifo.log
4,8,fa3_native_fifo,16,case_000084,mixed_prefill,397.904,404.32,arrival_4_dcp_8_fa3_native_fifo.log
4,8,fa3_native_fifo,16,case_000085,decode_only,134.704,137.578,arrival_4_dcp_8_fa3_native_fifo.log
4,8,fa3_native_fifo,16,case_000086,decode_only,118.672,120.515,arrival_4_dcp_8_fa3_native_fifo.log
4,8,fa3_native_fifo,16,case_000087,decode_only,117.12,118.211,arrival_4_dcp_8_fa3_native_fifo.log
4,8,fa3_native_fifo,16,case_000088,decode_only,121.232,123.04,arrival_4_dcp_8_fa3_native_fifo.log
4,8,fa3_native_fifo,16,case_000089,mixed_prefill,660.896,665.744,arrival_4_dcp_8_fa3_native_fifo.log
4,8,fa3_native_fifo,16,case_000090,mixed_prefill,564.144,570.016,arrival_4_dcp_8_fa3_native_fifo.log
4,8,fa3_native_fifo,16,case_000091,decode_only,132.944,134.765,arrival_4_dcp_8_fa3_native_fifo.log
4,8,fa3_native_fifo,16,case_000092,decode_only,113.12,114.368,arrival_4_dcp_8_fa3_native_fifo.log
4,8,fa3_native_fifo,16,case_000093,decode_only,109.424,112.611,arrival_4_dcp_8_fa3_native_fifo.log
4,8,fa3_native_fifo,16,case_000094,decode_only,92.672,94.576,arrival_4_dcp_8_fa3_native_fifo.log
4,8,fa3_native_fifo,16,case_000095,decode_only,113.472,115.299,arrival_4_dcp_8_fa3_native_fifo.log
4,8,fa3_native_fifo,16,case_000096,decode_only,87.84,143.418,arrival_4_dcp_8_fa3_native_fifo.log
4,8,fa3_native_fifo,16,case_000097,mixed_prefill,107.2,108.906,arrival_4_dcp_8_fa3_native_fifo.log
4,8,fa3_native_fifo,16,case_000098,mixed_prefill,1205.792,1213.101,arrival_4_dcp_8_fa3_native_fifo.log
4,8,fa3_native_fifo,16,case_000099,decode_only,67.152,68.64,arrival_4_dcp_8_fa3_native_fifo.log
4,8,critical_wave_auto_lpt,16,case_000000,mixed_prefill,378.688,387.379,arrival_4_dcp_8_critical_wave_auto_lpt.log
4,8,critical_wave_auto_lpt,16,case_000001,mixed_prefill,556.128,560.355,arrival_4_dcp_8_critical_wave_auto_lpt.log
4,8,critical_wave_auto_lpt,16,case_000002,decode_only,135.84,186.566,arrival_4_dcp_8_critical_wave_auto_lpt.log
4,8,critical_wave_auto_lpt,16,case_000003,mixed_prefill,338.928,344.835,arrival_4_dcp_8_critical_wave_auto_lpt.log
4,8,critical_wave_auto_lpt,16,case_000004,mixed_prefill,640.544,646.118,arrival_4_dcp_8_critical_wave_auto_lpt.log
4,8,critical_wave_auto_lpt,16,case_000005,decode_only,119.264,120.918,arrival_4_dcp_8_critical_wave_auto_lpt.log
4,8,critical_wave_auto_lpt,16,case_000006,mixed_prefill,164.992,168.582,arrival_4_dcp_8_critical_wave_auto_lpt.log
4,8,critical_wave_auto_lpt,16,case_000007,decode_only,102.928,104.173,arrival_4_dcp_8_critical_wave_auto_lpt.log
4,8,critical_wave_auto_lpt,16,case_000008,decode_only,102.128,103.405,arrival_4_dcp_8_critical_wave_auto_lpt.log
4,8,critical_wave_auto_lpt,16,case_000009,decode_only,122.608,123.722,arrival_4_dcp_8_critical_wave_auto_lpt.log
4,8,critical_wave_auto_lpt,16,case_000010,mixed_prefill,547.2,553.027,arrival_4_dcp_8_critical_wave_auto_lpt.log
4,8,critical_wave_auto_lpt,16,case_000011,decode_only,107.28,158.608,arrival_4_dcp_8_critical_wave_auto_lpt.log
4,8,critical_wave_auto_lpt,16,case_000012,mixed_prefill,421.968,430.87,arrival_4_dcp_8_critical_wave_auto_lpt.log
4,8,critical_wave_auto_lpt,16,case_000013,decode_only,121.792,123.798,arrival_4_dcp_8_critical_wave_auto_lpt.log
4,8,critical_wave_auto_lpt,16,case_000014,decode_only,128.528,130.208,arrival_4_dcp_8_critical_wave_auto_lpt.log
4,8,critical_wave_auto_lpt,16,case_000015,decode_only,131.728,133.162,arrival_4_dcp_8_critical_wave_auto_lpt.log
4,8,critical_wave_auto_lpt,16,case_000016,mixed_prefill,385.44,398.627,arrival_4_dcp_8_critical_wave_auto_lpt.log
4,8,critical_wave_auto_lpt,16,case_000017,decode_only,105.824,108.259,arrival_4_dcp_8_critical_wave_auto_lpt.log
4,8,critical_wave_auto_lpt,16,case_000018,mixed_prefill,180.08,182.243,arrival_4_dcp_8_critical_wave_auto_lpt.log
4,8,critical_wave_auto_lpt,16,case_000019,mixed_prefill,1037.984,1050.717,arrival_4_dcp_8_critical_wave_auto_lpt.log
4,8,critical_wave_auto_lpt,16,case_000020,mixed_prefill,397.808,403.93,arrival_4_dcp_8_critical_wave_auto_lpt.log
4,8,critical_wave_auto_lpt,16,case_000021,decode_only,97.584,99.184,arrival_4_dcp_8_critical_wave_auto_lpt.log
4,8,critical_wave_auto_lpt,16,case_000022,decode_only,105.744,119.798,arrival_4_dcp_8_critical_wave_auto_lpt.log
4,8,critical_wave_auto_lpt,16,case_000023,mixed_prefill,187.936,190.086,arrival_4_dcp_8_critical_wave_auto_lpt.log
4,8,critical_wave_auto_lpt,16,case_000024,decode_only,154.208,155.379,arrival_4_dcp_8_critical_wave_auto_lpt.log
4,8,critical_wave_auto_lpt,16,case_000025,mixed_prefill,424.56,432.605,arrival_4_dcp_8_critical_wave_auto_lpt.log
4,8,critical_wave_auto_lpt,16,case_000026,decode_only,139.712,141.347,arrival_4_dcp_8_critical_wave_auto_lpt.log
4,8,critical_wave_auto_lpt,16,case_000027,decode_only,114.864,116.294,arrival_4_dcp_8_critical_wave_auto_lpt.log
4,8,critical_wave_auto_lpt,16,case_000028,mixed_prefill,397.072,404.637,arrival_4_dcp_8_critical_wave_auto_lpt.log
4,8,critical_wave_auto_lpt,16,case_000029,mixed_prefill,405.104,409.808,arrival_4_dcp_8_critical_wave_auto_lpt.log
4,8,critical_wave_auto_lpt,16,case_000030,mixed_prefill,210.832,212.688,arrival_4_dcp_8_critical_wave_auto_lpt.log
4,8,critical_wave_auto_lpt,16,case_000031,mixed_prefill,1579.2,1661.434,arrival_4_dcp_8_critical_wave_auto_lpt.log
4,8,critical_wave_auto_lpt,16,case_000032,decode_only,136.384,137.99,arrival_4_dcp_8_critical_wave_auto_lpt.log
4,8,critical_wave_auto_lpt,16,case_000033,decode_only,89.952,91.078,arrival_4_dcp_8_critical_wave_auto_lpt.log
4,8,critical_wave_auto_lpt,16,case_000034,mixed_prefill,796.24,802.992,arrival_4_dcp_8_critical_wave_auto_lpt.log
4,8,critical_wave_auto_lpt,16,case_000035,mixed_prefill,192.432,195.968,arrival_4_dcp_8_critical_wave_auto_lpt.log
4,8,critical_wave_auto_lpt,16,case_000036,decode_only,129.92,132.531,arrival_4_dcp_8_critical_wave_auto_lpt.log
4,8,critical_wave_auto_lpt,16,case_000037,mixed_prefill,275.664,279.28,arrival_4_dcp_8_critical_wave_auto_lpt.log
4,8,critical_wave_auto_lpt,16,case_000038,decode_only,96.656,97.859,arrival_4_dcp_8_critical_wave_auto_lpt.log
4,8,critical_wave_auto_lpt,16,case_000039,mixed_prefill,501.6,507.725,arrival_4_dcp_8_critical_wave_auto_lpt.log
4,8,critical_wave_auto_lpt,16,case_000040,decode_only,98.608,109.702,arrival_4_dcp_8_critical_wave_auto_lpt.log
4,8,critical_wave_auto_lpt,16,case_000041,decode_only,110.912,112.611,arrival_4_dcp_8_critical_wave_auto_lpt.log
4,8,critical_wave_auto_lpt,16,case_000042,mixed_prefill,1790.8,1803.843,arrival_4_dcp_8_critical_wave_auto_lpt.log
4,8,critical_wave_auto_lpt,16,case_000043,decode_only,136.496,137.862,arrival_4_dcp_8_critical_wave_auto_lpt.log
4,8,critical_wave_auto_lpt,16,case_000044,mixed_prefill,334.304,341.654,arrival_4_dcp_8_critical_wave_auto_lpt.log
4,8,critical_wave_auto_lpt,16,case_000045,decode_only,80.416,81.971,arrival_4_dcp_8_critical_wave_auto_lpt.log
4,8,critical_wave_auto_lpt,16,case_000046,mixed_prefill,533.328,538.928,arrival_4_dcp_8_critical_wave_auto_lpt.log
4,8,critical_wave_auto_lpt,16,case_000047,decode_only,129.28,130.56,arrival_4_dcp_8_critical_wave_auto_lpt.log
4,8,critical_wave_auto_lpt,16,case_000048,mixed_prefill,495.696,508.438,arrival_4_dcp_8_critical_wave_auto_lpt.log
4,8,critical_wave_auto_lpt,16,case_000049,decode_only,134.096,135.107,arrival_4_dcp_8_critical_wave_auto_lpt.log
4,8,critical_wave_auto_lpt,16,case_000050,decode_only,113.104,115.296,arrival_4_dcp_8_critical_wave_auto_lpt.log
4,8,critical_wave_auto_lpt,16,case_000051,mixed_prefill,312.624,315.475,arrival_4_dcp_8_critical_wave_auto_lpt.log
4,8,critical_wave_auto_lpt,16,case_000052,decode_only,103.056,104.096,arrival_4_dcp_8_critical_wave_auto_lpt.log
4,8,critical_wave_auto_lpt,16,case_000053,decode_only,88.112,89.187,arrival_4_dcp_8_critical_wave_auto_lpt.log
4,8,critical_wave_auto_lpt,16,case_000054,decode_only,88.72,97.962,arrival_4_dcp_8_critical_wave_auto_lpt.log
4,8,critical_wave_auto_lpt,16,case_000055,mixed_prefill,191.52,194.176,arrival_4_dcp_8_critical_wave_auto_lpt.log
4,8,critical_wave_auto_lpt,16,case_000056,decode_only,137.008,139.891,arrival_4_dcp_8_critical_wave_auto_lpt.log
4,8,critical_wave_auto_lpt,16,case_000057,mixed_prefill,1004.72,1012.803,arrival_4_dcp_8_critical_wave_auto_lpt.log
4,8,critical_wave_auto_lpt,16,case_000058,decode_only,126.768,128.003,arrival_4_dcp_8_critical_wave_auto_lpt.log
4,8,critical_wave_auto_lpt,16,case_000059,decode_only,128.32,130.051,arrival_4_dcp_8_critical_wave_auto_lpt.log
4,8,critical_wave_auto_lpt,16,case_000060,decode_only,109.136,110.893,arrival_4_dcp_8_critical_wave_auto_lpt.log
4,8,critical_wave_auto_lpt,16,case_000061,mixed_prefill,1139.472,1152.522,arrival_4_dcp_8_critical_wave_auto_lpt.log
4,8,critical_wave_auto_lpt,16,case_000062,mixed_prefill,469.392,477.011,arrival_4_dcp_8_critical_wave_auto_lpt.log
4,8,critical_wave_auto_lpt,16,case_000063,mixed_prefill,213.968,216.221,arrival_4_dcp_8_critical_wave_auto_lpt.log
4,8,critical_wave_auto_lpt,16,case_000064,decode_only,122.304,123.946,arrival_4_dcp_8_critical_wave_auto_lpt.log
4,8,critical_wave_auto_lpt,16,case_000065,decode_only,95.472,98.31,arrival_4_dcp_8_critical_wave_auto_lpt.log
4,8,critical_wave_auto_lpt,16,case_000066,decode_only,142.688,143.968,arrival_4_dcp_8_critical_wave_auto_lpt.log
4,8,critical_wave_auto_lpt,16,case_000067,decode_only,119.184,123.005,arrival_4_dcp_8_critical_wave_auto_lpt.log
4,8,critical_wave_auto_lpt,16,case_000068,decode_only,97.104,98.374,arrival_4_dcp_8_critical_wave_auto_lpt.log
4,8,critical_wave_auto_lpt,16,case_000069,mixed_prefill,226.688,229.014,arrival_4_dcp_8_critical_wave_auto_lpt.log
4,8,critical_wave_auto_lpt,16,case_000070,mixed_prefill,390.128,400.858,arrival_4_dcp_8_critical_wave_auto_lpt.log
4,8,critical_wave_auto_lpt,16,case_000071,decode_only,107.84,109.382,arrival_4_dcp_8_critical_wave_auto_lpt.log
4,8,critical_wave_auto_lpt,16,case_000072,mixed_prefill,466.176,471.92,arrival_4_dcp_8_critical_wave_auto_lpt.log
4,8,critical_wave_auto_lpt,16,case_000073,mixed_prefill,550.24,556.122,arrival_4_dcp_8_critical_wave_auto_lpt.log
4,8,critical_wave_auto_lpt,16,case_000074,decode_only,95.344,97.088,arrival_4_dcp_8_critical_wave_auto_lpt.log
4,8,critical_wave_auto_lpt,16,case_000075,mixed_prefill,206.224,210.627,arrival_4_dcp_8_critical_wave_auto_lpt.log
4,8,critical_wave_auto_lpt,16,case_000076,mixed_prefill,1210.832,1219.747,arrival_4_dcp_8_critical_wave_auto_lpt.log
4,8,critical_wave_auto_lpt,16,case_000077,decode_only,138.144,140.064,arrival_4_dcp_8_critical_wave_auto_lpt.log
4,8,critical_wave_auto_lpt,16,case_000078,mixed_prefill,527.36,531.085,arrival_4_dcp_8_critical_wave_auto_lpt.log
4,8,critical_wave_auto_lpt,16,case_000079,mixed_prefill,167.12,170.352,arrival_4_dcp_8_critical_wave_auto_lpt.log
4,8,critical_wave_auto_lpt,16,case_000080,mixed_prefill,442.016,448.301,arrival_4_dcp_8_critical_wave_auto_lpt.log
4,8,critical_wave_auto_lpt,16,case_000081,decode_only,137.776,139.187,arrival_4_dcp_8_critical_wave_auto_lpt.log
4,8,critical_wave_auto_lpt,16,case_000082,mixed_prefill,949.76,964.24,arrival_4_dcp_8_critical_wave_auto_lpt.log
4,8,critical_wave_auto_lpt,16,case_000083,decode_only,112.976,115.661,arrival_4_dcp_8_critical_wave_auto_lpt.log
4,8,critical_wave_auto_lpt,16,case_000084,mixed_prefill,412.992,419.462,arrival_4_dcp_8_critical_wave_auto_lpt.log
4,8,critical_wave_auto_lpt,16,case_000085,decode_only,130.784,133.616,arrival_4_dcp_8_critical_wave_auto_lpt.log
4,8,critical_wave_auto_lpt,16,case_000086,decode_only,125.328,128.077,arrival_4_dcp_8_critical_wave_auto_lpt.log
4,8,critical_wave_auto_lpt,16,case_000087,decode_only,122.784,124.269,arrival_4_dcp_8_critical_wave_auto_lpt.log
4,8,critical_wave_auto_lpt,16,case_000088,decode_only,125.504,127.046,arrival_4_dcp_8_critical_wave_auto_lpt.log
4,8,critical_wave_auto_lpt,16,case_000089,mixed_prefill,659.6,670.115,arrival_4_dcp_8_critical_wave_auto_lpt.log
4,8,critical_wave_auto_lpt,16,case_000090,mixed_prefill,566.128,574.138,arrival_4_dcp_8_critical_wave_auto_lpt.log
4,8,critical_wave_auto_lpt,16,case_000091,decode_only,137.184,138.944,arrival_4_dcp_8_critical_wave_auto_lpt.log
4,8,critical_wave_auto_lpt,16,case_000092,decode_only,99.216,101.587,arrival_4_dcp_8_critical_wave_auto_lpt.log
4,8,critical_wave_auto_lpt,16,case_000093,decode_only,97.68,100.195,arrival_4_dcp_8_critical_wave_auto_lpt.log
4,8,critical_wave_auto_lpt,16,case_000094,decode_only,88.512,90.314,arrival_4_dcp_8_critical_wave_auto_lpt.log
4,8,critical_wave_auto_lpt,16,case_000095,decode_only,99.76,101.61,arrival_4_dcp_8_critical_wave_auto_lpt.log
4,8,critical_wave_auto_lpt,16,case_000096,decode_only,82.576,84.33,arrival_4_dcp_8_critical_wave_auto_lpt.log
4,8,critical_wave_auto_lpt,16,case_000097,mixed_prefill,107.664,109.29,arrival_4_dcp_8_critical_wave_auto_lpt.log
4,8,critical_wave_auto_lpt,16,case_000098,mixed_prefill,1241.536,1249.434,arrival_4_dcp_8_critical_wave_auto_lpt.log
4,8,critical_wave_auto_lpt,16,case_000099,decode_only,76.688,78.698,arrival_4_dcp_8_critical_wave_auto_lpt.log
