
Dataset case 1/20
Planner workload: dataset=prolong, seed=0, world_size=8, mode=causal
Batch: B=2, target_tokens=131072, actual_tokens=131072, target_delta=+0

Sequence placement
 Seq   Global S   Ring     Ranks    Local S  Est compute/member
   0      65536     G4       0-3      16384           5.369e+08
   1      65536     G4       4-7      16384           5.369e+08

Per-rank load
Rank     Tokens  Token/avg    Est compute  Compute/avg   Est communication
   0      16384    100.00%      5.369e+08      100.00%           4.915e+04
   1      16384    100.00%      5.369e+08      100.00%           4.915e+04
   2      16384    100.00%      5.369e+08      100.00%           4.915e+04
   3      16384    100.00%      5.369e+08      100.00%           4.915e+04
   4      16384    100.00%      5.369e+08      100.00%           4.915e+04
   5      16384    100.00%      5.369e+08      100.00%           4.915e+04
   6      16384    100.00%      5.369e+08      100.00%           4.915e+04
   7      16384    100.00%      5.369e+08      100.00%           4.915e+04

Balance targets
Metric          Minimum        Average        Maximum  Max deviation    Tolerance     Met
Compute       5.369e+08      5.369e+08      5.369e+08          0.00%        5.00%    True
Tokens            16384      16384.000          16384          0.00%        5.00%    True

Planner status: feasible=True, violation=0.000000, relaxation_level=0, relaxation='initial', repair_moves=0
Split protection
    Bucket  Split count   Split penalty
      <=2K            0               0
     2K-4K            0               0
     4K-8K            0               0
    8K-16K            0               0
      >16K            2               4
Communication: amplification=3.000000, proxy_Q=9.830e+04, active_rings=2, total_token_hops=3.932e+05

Kernel metadata
global_seqlens=65536,65536
ring_sizes=4,4
ring_starts=0,4

Dataset case 2/20
Planner workload: dataset=prolong, seed=0, world_size=8, mode=causal
Batch: B=3, target_tokens=131072, actual_tokens=131328, target_delta=+256

Sequence placement
 Seq   Global S   Ring     Ranks    Local S  Est compute/member
   0      65536     G4       0-3      16384           5.369e+08
   1      65536     G4       4-7      16384           5.369e+08
   2        256     G1         0        256           3.290e+04

Per-rank load
Rank     Tokens  Token/avg    Est compute  Compute/avg   Est communication
   0      16640    101.36%      5.369e+08      100.01%           4.915e+04
   1      16384     99.81%      5.369e+08      100.00%           4.915e+04
   2      16384     99.81%      5.369e+08      100.00%           4.915e+04
   3      16384     99.81%      5.369e+08      100.00%           4.915e+04
   4      16384     99.81%      5.369e+08      100.00%           4.915e+04
   5      16384     99.81%      5.369e+08      100.00%           4.915e+04
   6      16384     99.81%      5.369e+08      100.00%           4.915e+04
   7      16384     99.81%      5.369e+08      100.00%           4.915e+04

Balance targets
Metric          Minimum        Average        Maximum  Max deviation    Tolerance     Met
Compute       5.369e+08      5.369e+08      5.369e+08          0.01%        5.00%    True
Tokens            16384      16416.000          16640          1.36%        5.00%    True

Planner status: feasible=True, violation=0.000000, relaxation_level=0, relaxation='initial', repair_moves=0
Split protection
    Bucket  Split count   Split penalty
      <=2K            0               0
     2K-4K            0               0
     4K-8K            0               0
    8K-16K            0               0
      >16K            2               4
Communication: amplification=2.994152, proxy_Q=9.830e+04, active_rings=3, total_token_hops=3.932e+05

Kernel metadata
global_seqlens=65536,65536,256
ring_sizes=4,4,1
ring_starts=0,4,0

Dataset case 3/20
Planner workload: dataset=prolong, seed=0, world_size=8, mode=causal
Batch: B=2, target_tokens=131072, actual_tokens=131072, target_delta=+0

Sequence placement
 Seq   Global S   Ring     Ranks    Local S  Est compute/member
   0      65536     G4       0-3      16384           5.369e+08
   1      65536     G4       4-7      16384           5.369e+08

Per-rank load
Rank     Tokens  Token/avg    Est compute  Compute/avg   Est communication
   0      16384    100.00%      5.369e+08      100.00%           4.915e+04
   1      16384    100.00%      5.369e+08      100.00%           4.915e+04
   2      16384    100.00%      5.369e+08      100.00%           4.915e+04
   3      16384    100.00%      5.369e+08      100.00%           4.915e+04
   4      16384    100.00%      5.369e+08      100.00%           4.915e+04
   5      16384    100.00%      5.369e+08      100.00%           4.915e+04
   6      16384    100.00%      5.369e+08      100.00%           4.915e+04
   7      16384    100.00%      5.369e+08      100.00%           4.915e+04

Balance targets
Metric          Minimum        Average        Maximum  Max deviation    Tolerance     Met
Compute       5.369e+08      5.369e+08      5.369e+08          0.00%        5.00%    True
Tokens            16384      16384.000          16384          0.00%        5.00%    True

Planner status: feasible=True, violation=0.000000, relaxation_level=0, relaxation='initial', repair_moves=0
Split protection
    Bucket  Split count   Split penalty
      <=2K            0               0
     2K-4K            0               0
     4K-8K            0               0
    8K-16K            0               0
      >16K            2               4
Communication: amplification=3.000000, proxy_Q=9.830e+04, active_rings=2, total_token_hops=3.932e+05

Kernel metadata
global_seqlens=65536,65536
ring_sizes=4,4
ring_starts=0,4

Dataset case 4/20
Planner workload: dataset=prolong, seed=0, world_size=8, mode=causal
Batch: B=2, target_tokens=131072, actual_tokens=131072, target_delta=+0

Sequence placement
 Seq   Global S   Ring     Ranks    Local S  Est compute/member
   0      65536     G4       0-3      16384           5.369e+08
   1      65536     G4       4-7      16384           5.369e+08

Per-rank load
Rank     Tokens  Token/avg    Est compute  Compute/avg   Est communication
   0      16384    100.00%      5.369e+08      100.00%           4.915e+04
   1      16384    100.00%      5.369e+08      100.00%           4.915e+04
   2      16384    100.00%      5.369e+08      100.00%           4.915e+04
   3      16384    100.00%      5.369e+08      100.00%           4.915e+04
   4      16384    100.00%      5.369e+08      100.00%           4.915e+04
   5      16384    100.00%      5.369e+08      100.00%           4.915e+04
   6      16384    100.00%      5.369e+08      100.00%           4.915e+04
   7      16384    100.00%      5.369e+08      100.00%           4.915e+04

Balance targets
Metric          Minimum        Average        Maximum  Max deviation    Tolerance     Met
Compute       5.369e+08      5.369e+08      5.369e+08          0.00%        5.00%    True
Tokens            16384      16384.000          16384          0.00%        5.00%    True

Planner status: feasible=True, violation=0.000000, relaxation_level=0, relaxation='initial', repair_moves=0
Split protection
    Bucket  Split count   Split penalty
      <=2K            0               0
     2K-4K            0               0
     4K-8K            0               0
    8K-16K            0               0
      >16K            2               4
Communication: amplification=3.000000, proxy_Q=9.830e+04, active_rings=2, total_token_hops=3.932e+05

Kernel metadata
global_seqlens=65536,65536
ring_sizes=4,4
ring_starts=0,4

Dataset case 5/20
Planner workload: dataset=prolong, seed=0, world_size=8, mode=causal
Batch: B=2, target_tokens=131072, actual_tokens=131072, target_delta=+0

Sequence placement
 Seq   Global S   Ring     Ranks    Local S  Est compute/member
   0      65536     G4       0-3      16384           5.369e+08
   1      65536     G4       4-7      16384           5.369e+08

Per-rank load
Rank     Tokens  Token/avg    Est compute  Compute/avg   Est communication
   0      16384    100.00%      5.369e+08      100.00%           4.915e+04
   1      16384    100.00%      5.369e+08      100.00%           4.915e+04
   2      16384    100.00%      5.369e+08      100.00%           4.915e+04
   3      16384    100.00%      5.369e+08      100.00%           4.915e+04
   4      16384    100.00%      5.369e+08      100.00%           4.915e+04
   5      16384    100.00%      5.369e+08      100.00%           4.915e+04
   6      16384    100.00%      5.369e+08      100.00%           4.915e+04
   7      16384    100.00%      5.369e+08      100.00%           4.915e+04

Balance targets
Metric          Minimum        Average        Maximum  Max deviation    Tolerance     Met
Compute       5.369e+08      5.369e+08      5.369e+08          0.00%        5.00%    True
Tokens            16384      16384.000          16384          0.00%        5.00%    True

Planner status: feasible=True, violation=0.000000, relaxation_level=0, relaxation='initial', repair_moves=0
Split protection
    Bucket  Split count   Split penalty
      <=2K            0               0
     2K-4K            0               0
     4K-8K            0               0
    8K-16K            0               0
      >16K            2               4
Communication: amplification=3.000000, proxy_Q=9.830e+04, active_rings=2, total_token_hops=3.932e+05

Kernel metadata
global_seqlens=65536,65536
ring_sizes=4,4
ring_starts=0,4

Dataset case 6/20
Planner workload: dataset=prolong, seed=0, world_size=8, mode=causal
Batch: B=4, target_tokens=131072, actual_tokens=131840, target_delta=+768

Sequence placement
 Seq   Global S   Ring     Ranks    Local S  Est compute/member
   0      14336     G8       0-7       1792           1.285e+07
   1      65536     G8       0-7       8192           2.684e+08
   2      51200     G8       0-7       6400           1.638e+08
   3        768     G1         0        768           2.953e+05

Per-rank load
Rank     Tokens  Token/avg    Est compute  Compute/avg   Est communication
   0      17152    104.08%      4.454e+08      100.06%           1.147e+05
   1      16384     99.42%      4.451e+08       99.99%           1.147e+05
   2      16384     99.42%      4.451e+08       99.99%           1.147e+05
   3      16384     99.42%      4.451e+08       99.99%           1.147e+05
   4      16384     99.42%      4.451e+08       99.99%           1.147e+05
   5      16384     99.42%      4.451e+08       99.99%           1.147e+05
   6      16384     99.42%      4.451e+08       99.99%           1.147e+05
   7      16384     99.42%      4.451e+08       99.99%           1.147e+05

Balance targets
Metric          Minimum        Average        Maximum  Max deviation    Tolerance     Met
Compute       4.451e+08      4.452e+08      4.454e+08          0.06%        5.00%    True
Tokens            16384      16480.000          17152          4.08%        5.00%    True

Planner status: feasible=True, violation=0.000000, relaxation_level=0, relaxation='initial', repair_moves=0
Split protection
    Bucket  Split count   Split penalty
      <=2K            0               0
     2K-4K            0               0
     4K-8K            0               0
    8K-16K            1               3
      >16K            2               6
Communication: amplification=6.959223, proxy_Q=1.147e+05, active_rings=2, total_token_hops=9.175e+05

Kernel metadata
global_seqlens=14336,65536,51200,768
ring_sizes=8,8,8,1
ring_starts=0,0,0,0

Dataset case 7/20
Planner workload: dataset=prolong, seed=0, world_size=8, mode=causal
Batch: B=4, target_tokens=131072, actual_tokens=132352, target_delta=+1280

Sequence placement
 Seq   Global S   Ring     Ranks    Local S  Est compute/member
   0      65536     G4       0-3      16384           5.369e+08
   1      65536     G4       4-7      16384           5.369e+08
   2        768     G1         0        768           2.953e+05
   3        512     G1         1        512           1.313e+05

Per-rank load
Rank     Tokens  Token/avg    Est compute  Compute/avg   Est communication
   0      17152    103.68%      5.372e+08      100.05%           4.915e+04
   1      16896    102.13%      5.370e+08      100.01%           4.915e+04
   2      16384     99.03%      5.369e+08       99.99%           4.915e+04
   3      16384     99.03%      5.369e+08       99.99%           4.915e+04
   4      16384     99.03%      5.369e+08       99.99%           4.915e+04
   5      16384     99.03%      5.369e+08       99.99%           4.915e+04
   6      16384     99.03%      5.369e+08       99.99%           4.915e+04
   7      16384     99.03%      5.369e+08       99.99%           4.915e+04

Balance targets
Metric          Minimum        Average        Maximum  Max deviation    Tolerance     Met
Compute       5.369e+08      5.369e+08      5.372e+08          0.05%        5.00%    True
Tokens            16384      16544.000          17152          3.68%        5.00%    True

Planner status: feasible=True, violation=0.000000, relaxation_level=0, relaxation='initial', repair_moves=0
Split protection
    Bucket  Split count   Split penalty
      <=2K            0               0
     2K-4K            0               0
     4K-8K            0               0
    8K-16K            0               0
      >16K            2               4
Communication: amplification=2.970986, proxy_Q=9.830e+04, active_rings=4, total_token_hops=3.932e+05

Kernel metadata
global_seqlens=65536,65536,768,512
ring_sizes=4,4,1,1
ring_starts=0,4,0,1

Dataset case 8/20
Planner workload: dataset=prolong, seed=0, world_size=8, mode=causal
Batch: B=3, target_tokens=131072, actual_tokens=132096, target_delta=+1024

Sequence placement
 Seq   Global S   Ring     Ranks    Local S  Est compute/member
   0      65536     G4       0-3      16384           5.369e+08
   1      65536     G4       4-7      16384           5.369e+08
   2       1024     G2       0-1        512           2.624e+05

Per-rank load
Rank     Tokens  Token/avg    Est compute  Compute/avg   Est communication
   0      16896    102.33%      5.371e+08      100.04%           4.966e+04
   1      16896    102.33%      5.371e+08      100.04%           4.966e+04
   2      16384     99.22%      5.369e+08       99.99%           4.915e+04
   3      16384     99.22%      5.369e+08       99.99%           4.915e+04
   4      16384     99.22%      5.369e+08       99.99%           4.915e+04
   5      16384     99.22%      5.369e+08       99.99%           4.915e+04
   6      16384     99.22%      5.369e+08       99.99%           4.915e+04
   7      16384     99.22%      5.369e+08       99.99%           4.915e+04

Balance targets
Metric          Minimum        Average        Maximum  Max deviation    Tolerance     Met
Compute       5.369e+08      5.369e+08      5.371e+08          0.04%        5.00%    True
Tokens            16384      16512.000          16896          2.33%        5.00%    True

Planner status: feasible=True, violation=0.000000, relaxation_level=4, relaxation='unlock <=2K G2', repair_moves=0
Split protection
    Bucket  Split count   Split penalty
      <=2K            1               1
     2K-4K            0               0
     4K-8K            0               0
    8K-16K            0               0
      >16K            2               4
Communication: amplification=2.984496, proxy_Q=9.882e+04, active_rings=3, total_token_hops=3.942e+05

Kernel metadata
global_seqlens=65536,65536,1024
ring_sizes=4,4,2
ring_starts=0,4,0

Dataset case 9/20
Planner workload: dataset=prolong, seed=0, world_size=8, mode=causal
Batch: B=4, target_tokens=131072, actual_tokens=132096, target_delta=+1024

Sequence placement
 Seq   Global S   Ring     Ranks    Local S  Est compute/member
   0      65536     G4       0-3      16384           5.369e+08
   1      65536     G4       4-7      16384           5.369e+08
   2        512     G1         0        512           1.313e+05
   3        512     G1         1        512           1.313e+05

Per-rank load
Rank     Tokens  Token/avg    Est compute  Compute/avg   Est communication
   0      16896    102.33%      5.370e+08      100.02%           4.915e+04
   1      16896    102.33%      5.370e+08      100.02%           4.915e+04
   2      16384     99.22%      5.369e+08       99.99%           4.915e+04
   3      16384     99.22%      5.369e+08       99.99%           4.915e+04
   4      16384     99.22%      5.369e+08       99.99%           4.915e+04
   5      16384     99.22%      5.369e+08       99.99%           4.915e+04
   6      16384     99.22%      5.369e+08       99.99%           4.915e+04
   7      16384     99.22%      5.369e+08       99.99%           4.915e+04

Balance targets
Metric          Minimum        Average        Maximum  Max deviation    Tolerance     Met
Compute       5.369e+08      5.369e+08      5.370e+08          0.02%        5.00%    True
Tokens            16384      16512.000          16896          2.33%        5.00%    True

Planner status: feasible=True, violation=0.000000, relaxation_level=0, relaxation='initial', repair_moves=0
Split protection
    Bucket  Split count   Split penalty
      <=2K            0               0
     2K-4K            0               0
     4K-8K            0               0
    8K-16K            0               0
      >16K            2               4
Communication: amplification=2.976744, proxy_Q=9.830e+04, active_rings=4, total_token_hops=3.932e+05

Kernel metadata
global_seqlens=65536,65536,512,512
ring_sizes=4,4,1,1
ring_starts=0,4,0,1

Dataset case 10/20
Planner workload: dataset=prolong, seed=0, world_size=8, mode=causal
Batch: B=3, target_tokens=131072, actual_tokens=131584, target_delta=+512

Sequence placement
 Seq   Global S   Ring     Ranks    Local S  Est compute/member
   0      65536     G4       0-3      16384           5.369e+08
   1      65536     G4       4-7      16384           5.369e+08
   2        512     G1         0        512           1.313e+05

Per-rank load
Rank     Tokens  Token/avg    Est compute  Compute/avg   Est communication
   0      16896    102.72%      5.370e+08      100.02%           4.915e+04
   1      16384     99.61%      5.369e+08      100.00%           4.915e+04
   2      16384     99.61%      5.369e+08      100.00%           4.915e+04
   3      16384     99.61%      5.369e+08      100.00%           4.915e+04
   4      16384     99.61%      5.369e+08      100.00%           4.915e+04
   5      16384     99.61%      5.369e+08      100.00%           4.915e+04
   6      16384     99.61%      5.369e+08      100.00%           4.915e+04
   7      16384     99.61%      5.369e+08      100.00%           4.915e+04

Balance targets
Metric          Minimum        Average        Maximum  Max deviation    Tolerance     Met
Compute       5.369e+08      5.369e+08      5.370e+08          0.02%        5.00%    True
Tokens            16384      16448.000          16896          2.72%        5.00%    True

Planner status: feasible=True, violation=0.000000, relaxation_level=0, relaxation='initial', repair_moves=0
Split protection
    Bucket  Split count   Split penalty
      <=2K            0               0
     2K-4K            0               0
     4K-8K            0               0
    8K-16K            0               0
      >16K            2               4
Communication: amplification=2.988327, proxy_Q=9.830e+04, active_rings=3, total_token_hops=3.932e+05

Kernel metadata
global_seqlens=65536,65536,512
ring_sizes=4,4,1
ring_starts=0,4,0

Dataset case 11/20
Planner workload: dataset=prolong, seed=0, world_size=8, mode=causal
Batch: B=2, target_tokens=131072, actual_tokens=131072, target_delta=+0

Sequence placement
 Seq   Global S   Ring     Ranks    Local S  Est compute/member
   0      65536     G4       0-3      16384           5.369e+08
   1      65536     G4       4-7      16384           5.369e+08

Per-rank load
Rank     Tokens  Token/avg    Est compute  Compute/avg   Est communication
   0      16384    100.00%      5.369e+08      100.00%           4.915e+04
   1      16384    100.00%      5.369e+08      100.00%           4.915e+04
   2      16384    100.00%      5.369e+08      100.00%           4.915e+04
   3      16384    100.00%      5.369e+08      100.00%           4.915e+04
   4      16384    100.00%      5.369e+08      100.00%           4.915e+04
   5      16384    100.00%      5.369e+08      100.00%           4.915e+04
   6      16384    100.00%      5.369e+08      100.00%           4.915e+04
   7      16384    100.00%      5.369e+08      100.00%           4.915e+04

Balance targets
Metric          Minimum        Average        Maximum  Max deviation    Tolerance     Met
Compute       5.369e+08      5.369e+08      5.369e+08          0.00%        5.00%    True
Tokens            16384      16384.000          16384          0.00%        5.00%    True

Planner status: feasible=True, violation=0.000000, relaxation_level=0, relaxation='initial', repair_moves=0
Split protection
    Bucket  Split count   Split penalty
      <=2K            0               0
     2K-4K            0               0
     4K-8K            0               0
    8K-16K            0               0
      >16K            2               4
Communication: amplification=3.000000, proxy_Q=9.830e+04, active_rings=2, total_token_hops=3.932e+05

Kernel metadata
global_seqlens=65536,65536
ring_sizes=4,4
ring_starts=0,4

Dataset case 12/20
Planner workload: dataset=prolong, seed=0, world_size=8, mode=causal
Batch: B=3, target_tokens=131072, actual_tokens=131072, target_delta=+0

Sequence placement
 Seq   Global S   Ring     Ranks    Local S  Est compute/member
   0      65536     G8       0-7       8192           2.684e+08
   1      61440     G8       0-7       7680           2.359e+08
   2       4096     G4       0-3       1024           2.098e+06

Per-rank load
Rank     Tokens  Token/avg    Est compute  Compute/avg   Est communication
   0      16896    103.12%      5.065e+08      100.21%           1.142e+05
   1      16896    103.12%      5.065e+08      100.21%           1.142e+05
   2      16896    103.12%      5.065e+08      100.21%           1.142e+05
   3      16896    103.12%      5.065e+08      100.21%           1.142e+05
   4      15872     96.88%      5.044e+08       99.79%           1.111e+05
   5      15872     96.88%      5.044e+08       99.79%           1.111e+05
   6      15872     96.88%      5.044e+08       99.79%           1.111e+05
   7      15872     96.88%      5.044e+08       99.79%           1.111e+05

Balance targets
Metric          Minimum        Average        Maximum  Max deviation    Tolerance     Met
Compute       5.044e+08      5.054e+08      5.065e+08          0.21%        5.00%    True
Tokens            15872      16384.000          16896          3.12%        5.00%    True

Planner status: feasible=True, violation=0.000000, relaxation_level=5, relaxation='unlock 2K-4K G4', repair_moves=0
Split protection
    Bucket  Split count   Split penalty
      <=2K            0               0
     2K-4K            1               2
     4K-8K            0               0
    8K-16K            0               0
      >16K            2               6
Communication: amplification=6.875000, proxy_Q=1.142e+05, active_rings=2, total_token_hops=9.011e+05

Kernel metadata
global_seqlens=65536,61440,4096
ring_sizes=8,8,4
ring_starts=0,0,0

Dataset case 13/20
Planner workload: dataset=prolong, seed=0, world_size=8, mode=causal
Batch: B=2, target_tokens=131072, actual_tokens=131072, target_delta=+0

Sequence placement
 Seq   Global S   Ring     Ranks    Local S  Est compute/member
   0      65536     G4       0-3      16384           5.369e+08
   1      65536     G4       4-7      16384           5.369e+08

Per-rank load
Rank     Tokens  Token/avg    Est compute  Compute/avg   Est communication
   0      16384    100.00%      5.369e+08      100.00%           4.915e+04
   1      16384    100.00%      5.369e+08      100.00%           4.915e+04
   2      16384    100.00%      5.369e+08      100.00%           4.915e+04
   3      16384    100.00%      5.369e+08      100.00%           4.915e+04
   4      16384    100.00%      5.369e+08      100.00%           4.915e+04
   5      16384    100.00%      5.369e+08      100.00%           4.915e+04
   6      16384    100.00%      5.369e+08      100.00%           4.915e+04
   7      16384    100.00%      5.369e+08      100.00%           4.915e+04

Balance targets
Metric          Minimum        Average        Maximum  Max deviation    Tolerance     Met
Compute       5.369e+08      5.369e+08      5.369e+08          0.00%        5.00%    True
Tokens            16384      16384.000          16384          0.00%        5.00%    True

Planner status: feasible=True, violation=0.000000, relaxation_level=0, relaxation='initial', repair_moves=0
Split protection
    Bucket  Split count   Split penalty
      <=2K            0               0
     2K-4K            0               0
     4K-8K            0               0
    8K-16K            0               0
      >16K            2               4
Communication: amplification=3.000000, proxy_Q=9.830e+04, active_rings=2, total_token_hops=3.932e+05

Kernel metadata
global_seqlens=65536,65536
ring_sizes=4,4
ring_starts=0,4

Dataset case 14/20
Planner workload: dataset=prolong, seed=0, world_size=8, mode=causal
Batch: B=3, target_tokens=131072, actual_tokens=131584, target_delta=+512

Sequence placement
 Seq   Global S   Ring     Ranks    Local S  Est compute/member
   0      65536     G4       0-3      16384           5.369e+08
   1      65536     G4       4-7      16384           5.369e+08
   2        512     G1         0        512           1.313e+05

Per-rank load
Rank     Tokens  Token/avg    Est compute  Compute/avg   Est communication
   0      16896    102.72%      5.370e+08      100.02%           4.915e+04
   1      16384     99.61%      5.369e+08      100.00%           4.915e+04
   2      16384     99.61%      5.369e+08      100.00%           4.915e+04
   3      16384     99.61%      5.369e+08      100.00%           4.915e+04
   4      16384     99.61%      5.369e+08      100.00%           4.915e+04
   5      16384     99.61%      5.369e+08      100.00%           4.915e+04
   6      16384     99.61%      5.369e+08      100.00%           4.915e+04
   7      16384     99.61%      5.369e+08      100.00%           4.915e+04

Balance targets
Metric          Minimum        Average        Maximum  Max deviation    Tolerance     Met
Compute       5.369e+08      5.369e+08      5.370e+08          0.02%        5.00%    True
Tokens            16384      16448.000          16896          2.72%        5.00%    True

Planner status: feasible=True, violation=0.000000, relaxation_level=0, relaxation='initial', repair_moves=0
Split protection
    Bucket  Split count   Split penalty
      <=2K            0               0
     2K-4K            0               0
     4K-8K            0               0
    8K-16K            0               0
      >16K            2               4
Communication: amplification=2.988327, proxy_Q=9.830e+04, active_rings=3, total_token_hops=3.932e+05

Kernel metadata
global_seqlens=65536,65536,512
ring_sizes=4,4,1
ring_starts=0,4,0

Dataset case 15/20
Planner workload: dataset=prolong, seed=0, world_size=8, mode=causal
Batch: B=5, target_tokens=131072, actual_tokens=132096, target_delta=+1024

Sequence placement
 Seq   Global S   Ring     Ranks    Local S  Est compute/member
   0      65536     G4       0-3      16384           5.369e+08
   1      65536     G4       4-7      16384           5.369e+08
   2        512     G1         0        512           1.313e+05
   3        256     G1         1        256           3.290e+04
   4        256     G1         2        256           3.290e+04

Per-rank load
Rank     Tokens  Token/avg    Est compute  Compute/avg   Est communication
   0      16896    102.33%      5.370e+08      100.02%           4.915e+04
   1      16640    100.78%      5.369e+08      100.00%           4.915e+04
   2      16640    100.78%      5.369e+08      100.00%           4.915e+04
   3      16384     99.22%      5.369e+08      100.00%           4.915e+04
   4      16384     99.22%      5.369e+08      100.00%           4.915e+04
   5      16384     99.22%      5.369e+08      100.00%           4.915e+04
   6      16384     99.22%      5.369e+08      100.00%           4.915e+04
   7      16384     99.22%      5.369e+08      100.00%           4.915e+04

Balance targets
Metric          Minimum        Average        Maximum  Max deviation    Tolerance     Met
Compute       5.369e+08      5.369e+08      5.370e+08          0.02%        5.00%    True
Tokens            16384      16512.000          16896          2.33%        5.00%    True

Planner status: feasible=True, violation=0.000000, relaxation_level=0, relaxation='initial', repair_moves=0
Split protection
    Bucket  Split count   Split penalty
      <=2K            0               0
     2K-4K            0               0
     4K-8K            0               0
    8K-16K            0               0
      >16K            2               4
Communication: amplification=2.976744, proxy_Q=9.830e+04, active_rings=5, total_token_hops=3.932e+05

Kernel metadata
global_seqlens=65536,65536,512,256,256
ring_sizes=4,4,1,1,1
ring_starts=0,4,0,1,2

Dataset case 16/20
Planner workload: dataset=prolong, seed=0, world_size=8, mode=causal
Batch: B=2, target_tokens=131072, actual_tokens=131072, target_delta=+0

Sequence placement
 Seq   Global S   Ring     Ranks    Local S  Est compute/member
   0      65536     G4       0-3      16384           5.369e+08
   1      65536     G4       4-7      16384           5.369e+08

Per-rank load
Rank     Tokens  Token/avg    Est compute  Compute/avg   Est communication
   0      16384    100.00%      5.369e+08      100.00%           4.915e+04
   1      16384    100.00%      5.369e+08      100.00%           4.915e+04
   2      16384    100.00%      5.369e+08      100.00%           4.915e+04
   3      16384    100.00%      5.369e+08      100.00%           4.915e+04
   4      16384    100.00%      5.369e+08      100.00%           4.915e+04
   5      16384    100.00%      5.369e+08      100.00%           4.915e+04
   6      16384    100.00%      5.369e+08      100.00%           4.915e+04
   7      16384    100.00%      5.369e+08      100.00%           4.915e+04

Balance targets
Metric          Minimum        Average        Maximum  Max deviation    Tolerance     Met
Compute       5.369e+08      5.369e+08      5.369e+08          0.00%        5.00%    True
Tokens            16384      16384.000          16384          0.00%        5.00%    True

Planner status: feasible=True, violation=0.000000, relaxation_level=0, relaxation='initial', repair_moves=0
Split protection
    Bucket  Split count   Split penalty
      <=2K            0               0
     2K-4K            0               0
     4K-8K            0               0
    8K-16K            0               0
      >16K            2               4
Communication: amplification=3.000000, proxy_Q=9.830e+04, active_rings=2, total_token_hops=3.932e+05

Kernel metadata
global_seqlens=65536,65536
ring_sizes=4,4
ring_starts=0,4

Dataset case 17/20
Planner workload: dataset=prolong, seed=0, world_size=8, mode=causal
Batch: B=4, target_tokens=131072, actual_tokens=131584, target_delta=+512

Sequence placement
 Seq   Global S   Ring     Ranks    Local S  Est compute/member
   0      65536     G4       0-3      16384           5.369e+08
   1      63488     G4       4-7      15872           5.038e+08
   2       2048     G2       6-7       1024           1.049e+06
   3        512     G1         4        512           1.313e+05

Per-rank load
Rank     Tokens  Token/avg    Est compute  Compute/avg   Est communication
   0      16384     99.61%      5.369e+08      103.12%           4.915e+04
   1      16384     99.61%      5.369e+08      103.12%           4.915e+04
   2      16384     99.61%      5.369e+08      103.12%           4.915e+04
   3      16384     99.61%      5.369e+08      103.12%           4.915e+04
   4      16384     99.61%      5.040e+08       96.80%           4.762e+04
   5      15872     96.50%      5.038e+08       96.77%           4.762e+04
   6      16896    102.72%      5.049e+08       96.98%           4.864e+04
   7      16896    102.72%      5.049e+08       96.98%           4.864e+04

Balance targets
Metric          Minimum        Average        Maximum  Max deviation    Tolerance     Met
Compute       5.038e+08      5.206e+08      5.369e+08          3.23%        5.00%    True
Tokens            15872      16448.000          16896          3.50%        5.00%    True

Planner status: feasible=True, violation=0.000000, relaxation_level=4, relaxation='unlock <=2K G2', repair_moves=2
Split protection
    Bucket  Split count   Split penalty
      <=2K            1               1
     2K-4K            0               0
     4K-8K            0               0
    8K-16K            0               0
      >16K            2               4
Communication: amplification=2.957198, proxy_Q=9.779e+04, active_rings=4, total_token_hops=3.891e+05

Kernel metadata
global_seqlens=65536,63488,2048,512
ring_sizes=4,4,2,1
ring_starts=0,4,6,4

Dataset case 18/20
Planner workload: dataset=prolong, seed=0, world_size=8, mode=causal
Batch: B=4, target_tokens=131072, actual_tokens=131840, target_delta=+768

Sequence placement
 Seq   Global S   Ring     Ranks    Local S  Est compute/member
   0      20480     G8       0-7       2560           2.622e+07
   1      65536     G8       0-7       8192           2.684e+08
   2      45056     G8       0-7       5632           1.269e+08
   3        768     G1         0        768           2.953e+05

Per-rank load
Rank     Tokens  Token/avg    Est compute  Compute/avg   Est communication
   0      17152    104.08%      4.218e+08      100.06%           1.147e+05
   1      16384     99.42%      4.215e+08       99.99%           1.147e+05
   2      16384     99.42%      4.215e+08       99.99%           1.147e+05
   3      16384     99.42%      4.215e+08       99.99%           1.147e+05
   4      16384     99.42%      4.215e+08       99.99%           1.147e+05
   5      16384     99.42%      4.215e+08       99.99%           1.147e+05
   6      16384     99.42%      4.215e+08       99.99%           1.147e+05
   7      16384     99.42%      4.215e+08       99.99%           1.147e+05

Balance targets
Metric          Minimum        Average        Maximum  Max deviation    Tolerance     Met
Compute       4.215e+08      4.216e+08      4.218e+08          0.06%        5.00%    True
Tokens            16384      16480.000          17152          4.08%        5.00%    True

Planner status: feasible=True, violation=0.000000, relaxation_level=0, relaxation='initial', repair_moves=0
Split protection
    Bucket  Split count   Split penalty
      <=2K            0               0
     2K-4K            0               0
     4K-8K            0               0
    8K-16K            0               0
      >16K            3               9
Communication: amplification=6.959223, proxy_Q=1.147e+05, active_rings=2, total_token_hops=9.175e+05

Kernel metadata
global_seqlens=20480,65536,45056,768
ring_sizes=8,8,8,1
ring_starts=0,0,0,0

Dataset case 19/20
Planner workload: dataset=prolong, seed=0, world_size=8, mode=causal
Batch: B=4, target_tokens=131072, actual_tokens=132096, target_delta=+1024

Sequence placement
 Seq   Global S   Ring     Ranks    Local S  Est compute/member
   0      65536     G4       0-3      16384           5.369e+08
   1      65536     G4       4-7      16384           5.369e+08
   2        512     G1         0        512           1.313e+05
   3        512     G1         1        512           1.313e+05

Per-rank load
Rank     Tokens  Token/avg    Est compute  Compute/avg   Est communication
   0      16896    102.33%      5.370e+08      100.02%           4.915e+04
   1      16896    102.33%      5.370e+08      100.02%           4.915e+04
   2      16384     99.22%      5.369e+08       99.99%           4.915e+04
   3      16384     99.22%      5.369e+08       99.99%           4.915e+04
   4      16384     99.22%      5.369e+08       99.99%           4.915e+04
   5      16384     99.22%      5.369e+08       99.99%           4.915e+04
   6      16384     99.22%      5.369e+08       99.99%           4.915e+04
   7      16384     99.22%      5.369e+08       99.99%           4.915e+04

Balance targets
Metric          Minimum        Average        Maximum  Max deviation    Tolerance     Met
Compute       5.369e+08      5.369e+08      5.370e+08          0.02%        5.00%    True
Tokens            16384      16512.000          16896          2.33%        5.00%    True

Planner status: feasible=True, violation=0.000000, relaxation_level=0, relaxation='initial', repair_moves=0
Split protection
    Bucket  Split count   Split penalty
      <=2K            0               0
     2K-4K            0               0
     4K-8K            0               0
    8K-16K            0               0
      >16K            2               4
Communication: amplification=2.976744, proxy_Q=9.830e+04, active_rings=4, total_token_hops=3.932e+05

Kernel metadata
global_seqlens=65536,65536,512,512
ring_sizes=4,4,1,1
ring_starts=0,4,0,1

Dataset case 20/20
Planner workload: dataset=prolong, seed=0, world_size=8, mode=causal
Batch: B=2, target_tokens=131072, actual_tokens=131072, target_delta=+0

Sequence placement
 Seq   Global S   Ring     Ranks    Local S  Est compute/member
   0      65536     G4       0-3      16384           5.369e+08
   1      65536     G4       4-7      16384           5.369e+08

Per-rank load
Rank     Tokens  Token/avg    Est compute  Compute/avg   Est communication
   0      16384    100.00%      5.369e+08      100.00%           4.915e+04
   1      16384    100.00%      5.369e+08      100.00%           4.915e+04
   2      16384    100.00%      5.369e+08      100.00%           4.915e+04
   3      16384    100.00%      5.369e+08      100.00%           4.915e+04
   4      16384    100.00%      5.369e+08      100.00%           4.915e+04
   5      16384    100.00%      5.369e+08      100.00%           4.915e+04
   6      16384    100.00%      5.369e+08      100.00%           4.915e+04
   7      16384    100.00%      5.369e+08      100.00%           4.915e+04

Balance targets
Metric          Minimum        Average        Maximum  Max deviation    Tolerance     Met
Compute       5.369e+08      5.369e+08      5.369e+08          0.00%        5.00%    True
Tokens            16384      16384.000          16384          0.00%        5.00%    True

Planner status: feasible=True, violation=0.000000, relaxation_level=0, relaxation='initial', repair_moves=0
Split protection
    Bucket  Split count   Split penalty
      <=2K            0               0
     2K-4K            0               0
     4K-8K            0               0
    8K-16K            0               0
      >16K            2               4
Communication: amplification=3.000000, proxy_Q=9.830e+04, active_rings=2, total_token_hops=3.932e+05

Kernel metadata
global_seqlens=65536,65536
ring_sizes=4,4
ring_starts=0,4

Dataset matrix backward KVH=4: datasets=['prolong'], cases=20
Explicit-topology mega-ring causal backward: world_size=8, methods=['allgather_attention', 'llama3_allgather_attention', 'fa3_ring', 'megatron_hybrid_cp', 'magi_attention', 'zeppelin', 'mega_ring_all_cp', 'mega_ring_hybrid'], QH=32, KVH=4, D=128, allgather_overlapping_heads_k_stride=4, sm_configs=128:4,124:8,120:12,116:16, zeppelin_threshold=4096, megatron_max_seqlen_per_rank=8192, magi_overlap_degree=2, warmup=10, iters=30, check=False
Block baseline backend: in-repo min_fa3 fallback
Reusable backward IPC pools: cases=20, all_cp_rank_capacity=17152, all_cp_accum_numel=9109504, hybrid_rank_capacity=17152, hybrid_accum_numel=9043968

Workload: dataset=prolong, case=1/20, B=2, global_tokens=131072, global_seqlens=[65536, 65536]
Mega-ring all-CP workload: alignment=2048, global_tokens=131072, global_seqlens=[65536, 65536]
Hybrid rings: sizes=[4, 4], starts=[0, 4]
Zeppelin placement: L=4096, final_s0=4096, iterations=1, groups=[4, 4], execution_lengths=[65536, 65536], padding=0, physical_rank_token_loads=[16384, 16384, 16384, 16384, 16384, 16384, 16384, 16384]
Timing excludes forward preparation, opaque-workspace construction, owner-accumulator reset, and the pre-launch distributed barrier; reused step-workspace reset and method-internal phase barriers are included; reported time is the average of the per-iteration max-rank end-to-end backward op times.
Method                      Comp:Comm Time ms                                                                                                            Agg TFLOPS    Avg/GPU    Check  Note
allgather_attention                 - t0=45.583, t1=45.589, t2=45.581, t3=45.564, t4=45.555, t5=45.588, t6=45.561, t7=45.576 | max_across_ranks=45.658      3853.10     481.64     skip  per-sequence KV-head-sharded all-gather (4 KVH/chunk, comm/compute overlap); in-repo min_fa3 fallback; zigzag causal
llama3_allgather_attention          - t0=42.125, t1=42.135, t2=42.137, t3=42.127, t4=42.116, t5=42.105, t6=42.101, t7=42.123 | max_across_ranks=42.187      4170.11     521.26     skip  whole-packed zigzag KV-head-sharded all-gather (4 KVH/chunk, comm/compute overlap); in-repo min_fa3 fallback; causal
fa3_ring                            - t0=49.774, t1=49.813, t2=49.890, t3=49.946, t4=49.959, t5=49.843, t6=49.754, t7=49.732 | max_across_ranks=50.050      3514.99     439.37     skip  NCCL zigzag ring; in-repo min_fa3 fallback block backward
megatron_hybrid_cp                  - t0=47.021, t1=46.998, t2=47.033, t3=47.064, t4=47.063, t5=47.068, t6=47.064, t7=47.051 | max_across_ranks=47.122      3733.38     466.67     skip  Megatron scheduler; 1 execution groups; P2P ring; in-repo min_fa3 fallback; forward-order phase replay; complete forward preparation excluded from backward timing; tokens(original/aligned)=131072/131072, padding=0 tokens; aligned-length Agg TFLOPS=3733.38, Avg/GPU=466.67
magi_attention                      - t0=46.449, t1=47.114, t2=46.549, t3=47.210, t4=46.523, t5=47.169, t6=46.543, t7=47.207 | max_across_ranks=47.300      3719.35     464.92     skip  chunk_size=2048, tokens(original/padded)=131072/131072, overlap_degree=2; dispatch excluded; performance-only; forward preparation excluded from backward timing
zeppelin                            - t0=41.491, t1=41.556, t2=41.618, t3=41.614, t4=40.893, t5=40.793, t6=40.900, t7=40.893 | max_across_ranks=41.630      4225.91     528.24     skip  L=4096; final_s0=4096; iterations=1; G4=2; padding=0; physical rank token loads=[16384,16384,16384,16384,16384,16384,16384,16384]; in-repo min_fa3 fallback; tokens(original/aligned)=131072/131072, padding=0 tokens; aligned-length Agg TFLOPS=4225.91, Avg/GPU=528.24
mega_ring_all_cp                128:4 t0=40.873, t1=41.276, t2=41.531, t3=41.485, t4=41.371, t5=41.029, t6=40.390, t7=40.530 | max_across_ranks=41.684      4220.42     527.55     skip  all-CP fused mega-ring; remote reset excluded; workspace=reused, reset=timed, aux_grid=exact; tokens(original/aligned)=131072/131072, padding=0 tokens; aligned-length Agg TFLOPS=4220.42, Avg/GPU=527.55
mega_ring_all_cp                124:8 t0=41.231, t1=41.773, t2=41.781, t3=41.486, t4=41.376, t5=41.137, t6=40.879, t7=40.955 | max_across_ranks=41.829      4205.77     525.72     skip  all-CP fused mega-ring; remote reset excluded; workspace=reused, reset=timed, aux_grid=exact; tokens(original/aligned)=131072/131072, padding=0 tokens; aligned-length Agg TFLOPS=4205.77, Avg/GPU=525.72
mega_ring_all_cp               120:12 t0=42.202, t1=42.621, t2=42.714, t3=42.776, t4=42.684, t5=42.232, t6=42.112, t7=42.152 | max_across_ranks=42.903      4100.52     512.56     skip  all-CP fused mega-ring; remote reset excluded; workspace=reused, reset=timed, aux_grid=exact; tokens(original/aligned)=131072/131072, padding=0 tokens; aligned-length Agg TFLOPS=4100.52, Avg/GPU=512.56
mega_ring_all_cp               116:16 t0=43.311, t1=43.619, t2=43.862, t3=43.867, t4=43.695, t5=43.304, t6=43.239, t7=43.256 | max_across_ranks=43.978      4000.25     500.03     skip  all-CP fused mega-ring; remote reset excluded; workspace=reused, reset=timed, aux_grid=exact; tokens(original/aligned)=131072/131072, padding=0 tokens; aligned-length Agg TFLOPS=4000.25, Avg/GPU=500.03
mega_ring_hybrid                128:4 t0=40.245, t1=40.161, t2=40.320, t3=40.400, t4=40.186, t5=40.146, t6=40.039, t7=40.051 | max_across_ranks=40.509      4342.90     542.86     skip  hierarchical hybrid fused mega-ring; remote reset excluded; workspace=reused, reset=timed, aux_grid=exact
mega_ring_hybrid                124:8 t0=41.039, t1=41.247, t2=41.426, t3=41.228, t4=41.087, t5=40.995, t6=40.846, t7=40.878 | max_across_ranks=41.476      4241.55     530.19     skip  hierarchical hybrid fused mega-ring; remote reset excluded; workspace=reused, reset=timed, aux_grid=exact
mega_ring_hybrid               120:12 t0=42.036, t1=41.895, t2=41.952, t3=42.057, t4=42.111, t5=41.719, t6=41.659, t7=42.074 | max_across_ranks=42.359      4153.19     519.15     skip  hierarchical hybrid fused mega-ring; remote reset excluded; workspace=reused, reset=timed, aux_grid=exact
mega_ring_hybrid               116:16 t0=42.780, t1=42.655, t2=42.672, t3=42.772, t4=42.815, t5=42.649, t6=42.599, t7=42.759 | max_across_ranks=42.977      4093.44     511.68     skip  hierarchical hybrid fused mega-ring; remote reset excluded; workspace=reused, reset=timed, aux_grid=exact

Workload: dataset=prolong, case=2/20, B=3, global_tokens=131328, global_seqlens=[65536, 65536, 256]
Mega-ring all-CP workload: alignment=2048, global_tokens=133120, global_seqlens=[65536, 65536, 2048]
Hybrid rings: sizes=[4, 4, 1], starts=[0, 4, 0]
Zeppelin placement: L=4096, final_s0=4096, iterations=1, groups=[4, 4, 1], execution_lengths=[65536, 65536, 256], padding=0, physical_rank_token_loads=[16640, 16384, 16384, 16384, 16384, 16384, 16384, 16384]
Timing excludes forward preparation, opaque-workspace construction, owner-accumulator reset, and the pre-launch distributed barrier; reused step-workspace reset and method-internal phase barriers are included; reported time is the average of the per-iteration max-rank end-to-end backward op times.
Method                      Comp:Comm Time ms                                                                                                            Agg TFLOPS    Avg/GPU    Check  Note
allgather_attention                 - t0=45.925, t1=45.929, t2=45.930, t3=45.918, t4=45.908, t5=45.904, t6=45.904, t7=45.910 | max_across_ranks=45.975      3826.55     478.32     skip  per-sequence KV-head-sharded all-gather (4 KVH/chunk, comm/compute overlap); in-repo min_fa3 fallback; zigzag causal
llama3_allgather_attention          - t0=42.533, t1=42.556, t2=42.558, t3=42.568, t4=42.549, t5=42.528, t6=42.514, t7=42.511 | max_across_ranks=42.596      4130.06     516.26     skip  whole-packed zigzag KV-head-sharded all-gather (4 KVH/chunk, comm/compute overlap); in-repo min_fa3 fallback; causal
fa3_ring                            - t0=49.837, t1=49.873, t2=49.952, t3=50.027, t4=50.026, t5=50.000, t6=49.926, t7=49.913 | max_across_ranks=50.121      3510.00     438.75     skip  NCCL zigzag ring; in-repo min_fa3 fallback block backward
megatron_hybrid_cp                  - t0=47.960, t1=47.955, t2=47.924, t3=47.931, t4=47.901, t5=47.894, t6=47.901, t7=47.968 | max_across_ranks=47.990      3665.86     458.23     skip  Megatron scheduler; 2 execution groups; P2P ring; in-repo min_fa3 fallback; forward-order phase replay; complete forward preparation excluded from backward timing; tokens(original/aligned)=131328/133120, padding=1792 tokens; aligned-length Agg TFLOPS=3667.62, Avg/GPU=458.45
magi_attention                      - t0=49.030, t1=49.042, t2=48.988, t3=48.998, t4=48.923, t5=49.002, t6=49.014, t7=48.961 | max_across_ranks=49.067      3585.41     448.18     skip  chunk_size=2052, tokens(original/padded)=131328/131328, overlap_degree=2; dispatch excluded; performance-only; forward preparation excluded from backward timing
zeppelin                            - t0=40.953, t1=40.937, t2=40.980, t3=40.974, t4=40.615, t5=40.613, t6=40.663, t7=40.648 | max_across_ranks=41.015      4289.31     536.16     skip  L=4096; final_s0=4096; iterations=1; G1=1,G4=2; padding=0; physical rank token loads=[16640,16384,16384,16384,16384,16384,16384,16384]; in-repo min_fa3 fallback; tokens(original/aligned)=131328/131328, padding=0 tokens; aligned-length Agg TFLOPS=4289.31, Avg/GPU=536.16
mega_ring_all_cp                128:4 t0=41.114, t1=41.498, t2=41.497, t3=41.248, t4=41.162, t5=40.755, t6=40.849, t7=40.745 | max_across_ranks=41.572      4231.83     528.98     skip  all-CP fused mega-ring; remote reset excluded; workspace=reused, reset=timed, aux_grid=exact; tokens(original/aligned)=131328/133120, padding=1792 tokens; aligned-length Agg TFLOPS=4233.87, Avg/GPU=529.23
mega_ring_all_cp                124:8 t0=41.785, t1=42.103, t2=42.117, t3=41.879, t4=41.790, t5=41.352, t6=41.519, t7=41.606 | max_across_ranks=42.184      4170.45     521.31     skip  all-CP fused mega-ring; remote reset excluded; workspace=reused, reset=timed, aux_grid=exact; tokens(original/aligned)=131328/133120, padding=1792 tokens; aligned-length Agg TFLOPS=4172.46, Avg/GPU=521.56
mega_ring_all_cp               120:12 t0=42.366, t1=42.910, t2=42.962, t3=42.815, t4=42.650, t5=42.237, t6=42.436, t7=42.352 | max_across_ranks=43.026      4088.80     511.10     skip  all-CP fused mega-ring; remote reset excluded; workspace=reused, reset=timed, aux_grid=exact; tokens(original/aligned)=131328/133120, padding=1792 tokens; aligned-length Agg TFLOPS=4090.76, Avg/GPU=511.35
mega_ring_all_cp               116:16 t0=43.156, t1=43.873, t2=43.881, t3=43.680, t4=43.553, t5=43.346, t6=43.451, t7=43.195 | max_across_ranks=43.924      4005.25     500.66     skip  all-CP fused mega-ring; remote reset excluded; workspace=reused, reset=timed, aux_grid=exact; tokens(original/aligned)=131328/133120, padding=1792 tokens; aligned-length Agg TFLOPS=4007.18, Avg/GPU=500.90
mega_ring_hybrid                128:4 t0=40.045, t1=40.406, t2=40.523, t3=40.279, t4=40.031, t5=40.354, t6=40.299, t7=40.133 | max_across_ranks=40.574      4335.97     542.00     skip  hierarchical hybrid fused mega-ring; remote reset excluded; workspace=reused, reset=timed, aux_grid=exact
mega_ring_hybrid                124:8 t0=40.980, t1=41.393, t2=41.465, t3=41.168, t4=40.835, t5=41.130, t6=41.197, t7=41.124 | max_across_ranks=41.512      4237.92     529.74     skip  hierarchical hybrid fused mega-ring; remote reset excluded; workspace=reused, reset=timed, aux_grid=exact
mega_ring_hybrid               120:12 t0=41.948, t1=42.168, t2=42.181, t3=41.948, t4=41.624, t5=42.073, t6=42.087, t7=41.794 | max_across_ranks=42.352      4153.94     519.24     skip  hierarchical hybrid fused mega-ring; remote reset excluded; workspace=reused, reset=timed, aux_grid=exact
mega_ring_hybrid               116:16 t0=42.526, t1=42.859, t2=42.868, t3=42.587, t4=42.339, t5=42.817, t6=42.927, t7=42.669 | max_across_ranks=43.068      4084.87     510.61     skip  hierarchical hybrid fused mega-ring; remote reset excluded; workspace=reused, reset=timed, aux_grid=exact

Workload: dataset=prolong, case=3/20, B=2, global_tokens=131072, global_seqlens=[65536, 65536]
Mega-ring all-CP workload: alignment=2048, global_tokens=131072, global_seqlens=[65536, 65536]
Hybrid rings: sizes=[4, 4], starts=[0, 4]
Zeppelin placement: L=4096, final_s0=4096, iterations=1, groups=[4, 4], execution_lengths=[65536, 65536], padding=0, physical_rank_token_loads=[16384, 16384, 16384, 16384, 16384, 16384, 16384, 16384]
Timing excludes forward preparation, opaque-workspace construction, owner-accumulator reset, and the pre-launch distributed barrier; reused step-workspace reset and method-internal phase barriers are included; reported time is the average of the per-iteration max-rank end-to-end backward op times.
Method                      Comp:Comm Time ms                                                                                                            Agg TFLOPS    Avg/GPU    Check  Note
allgather_attention                 - t0=45.974, t1=45.982, t2=45.981, t3=45.964, t4=45.952, t5=45.942, t6=45.938, t7=45.956 | max_across_ranks=46.019      3822.83     477.85     skip  per-sequence KV-head-sharded all-gather (4 KVH/chunk, comm/compute overlap); in-repo min_fa3 fallback; zigzag causal
llama3_allgather_attention          - t0=42.245, t1=42.256, t2=42.259, t3=42.262, t4=42.252, t5=42.242, t6=42.235, t7=42.233 | max_across_ranks=42.306      4158.37     519.80     skip  whole-packed zigzag KV-head-sharded all-gather (4 KVH/chunk, comm/compute overlap); in-repo min_fa3 fallback; causal
fa3_ring                            - t0=49.724, t1=49.732, t2=49.857, t3=49.934, t4=49.893, t5=49.892, t6=49.799, t7=49.777 | max_across_ranks=50.005      3518.11     439.76     skip  NCCL zigzag ring; in-repo min_fa3 fallback block backward
megatron_hybrid_cp                  - t0=46.952, t1=46.904, t2=46.958, t3=46.999, t4=47.013, t5=47.042, t6=47.032, t7=47.028 | max_across_ranks=47.074      3737.20     467.15     skip  Megatron scheduler; 1 execution groups; P2P ring; in-repo min_fa3 fallback; forward-order phase replay; complete forward preparation excluded from backward timing; tokens(original/aligned)=131072/131072, padding=0 tokens; aligned-length Agg TFLOPS=3737.20, Avg/GPU=467.15
magi_attention                      - t0=46.596, t1=46.645, t2=46.710, t3=46.737, t4=46.699, t5=46.701, t6=46.701, t7=46.715 | max_across_ranks=46.999      3743.14     467.89     skip  chunk_size=2048, tokens(original/padded)=131072/131072, overlap_degree=2; dispatch excluded; performance-only; forward preparation excluded from backward timing
zeppelin                            - t0=40.876, t1=40.944, t2=40.983, t3=40.984, t4=40.593, t5=40.589, t6=40.648, t7=40.658 | max_across_ranks=40.993      4291.57     536.45     skip  L=4096; final_s0=4096; iterations=1; G4=2; padding=0; physical rank token loads=[16384,16384,16384,16384,16384,16384,16384,16384]; in-repo min_fa3 fallback; tokens(original/aligned)=131072/131072, padding=0 tokens; aligned-length Agg TFLOPS=4291.57, Avg/GPU=536.45
mega_ring_all_cp                128:4 t0=40.715, t1=41.381, t2=41.484, t3=41.265, t4=41.058, t5=40.804, t6=40.838, t7=40.769 | max_across_ranks=41.513      4237.86     529.73     skip  all-CP fused mega-ring; remote reset excluded; workspace=reused, reset=timed, aux_grid=exact; tokens(original/aligned)=131072/131072, padding=0 tokens; aligned-length Agg TFLOPS=4237.86, Avg/GPU=529.73
mega_ring_all_cp                124:8 t0=41.247, t1=42.160, t2=42.310, t3=41.996, t4=41.761, t5=41.434, t6=41.484, t7=41.396 | max_across_ranks=42.319      4157.10     519.64     skip  all-CP fused mega-ring; remote reset excluded; workspace=reused, reset=timed, aux_grid=exact; tokens(original/aligned)=131072/131072, padding=0 tokens; aligned-length Agg TFLOPS=4157.10, Avg/GPU=519.64
mega_ring_all_cp               120:12 t0=42.140, t1=42.921, t2=42.951, t3=42.738, t4=42.616, t5=42.398, t6=42.456, t7=42.367 | max_across_ranks=42.967      4094.37     511.80     skip  all-CP fused mega-ring; remote reset excluded; workspace=reused, reset=timed, aux_grid=exact; tokens(original/aligned)=131072/131072, padding=0 tokens; aligned-length Agg TFLOPS=4094.37, Avg/GPU=511.80
mega_ring_all_cp               116:16 t0=43.093, t1=43.619, t2=43.720, t3=43.649, t4=43.497, t5=43.295, t6=43.306, t7=43.144 | max_across_ranks=43.761      4020.09     502.51     skip  all-CP fused mega-ring; remote reset excluded; workspace=reused, reset=timed, aux_grid=exact; tokens(original/aligned)=131072/131072, padding=0 tokens; aligned-length Agg TFLOPS=4020.09, Avg/GPU=502.51
mega_ring_hybrid                128:4 t0=40.268, t1=40.518, t2=40.577, t3=40.330, t4=40.072, t5=40.342, t6=40.355, t7=40.172 | max_across_ranks=40.663      4326.39     540.80     skip  hierarchical hybrid fused mega-ring; remote reset excluded; workspace=reused, reset=timed, aux_grid=exact
mega_ring_hybrid                124:8 t0=41.220, t1=41.537, t2=41.571, t3=41.259, t4=40.945, t5=41.188, t6=41.147, t7=41.069 | max_across_ranks=41.624      4226.51     528.31     skip  hierarchical hybrid fused mega-ring; remote reset excluded; workspace=reused, reset=timed, aux_grid=exact
mega_ring_hybrid               120:12 t0=42.101, t1=42.141, t2=42.220, t3=42.129, t4=41.668, t5=41.881, t6=42.012, t7=41.881 | max_across_ranks=42.366      4152.50     519.06     skip  hierarchical hybrid fused mega-ring; remote reset excluded; workspace=reused, reset=timed, aux_grid=exact
mega_ring_hybrid               116:16 t0=42.785, t1=42.967, t2=42.985, t3=42.827, t4=42.626, t5=42.894, t6=42.869, t7=42.666 | max_across_ranks=43.045      4086.96     510.87     skip  hierarchical hybrid fused mega-ring; remote reset excluded; workspace=reused, reset=timed, aux_grid=exact

Workload: dataset=prolong, case=4/20, B=2, global_tokens=131072, global_seqlens=[65536, 65536]
Mega-ring all-CP workload: alignment=2048, global_tokens=131072, global_seqlens=[65536, 65536]
Hybrid rings: sizes=[4, 4], starts=[0, 4]
Zeppelin placement: L=4096, final_s0=4096, iterations=1, groups=[4, 4], execution_lengths=[65536, 65536], padding=0, physical_rank_token_loads=[16384, 16384, 16384, 16384, 16384, 16384, 16384, 16384]
Timing excludes forward preparation, opaque-workspace construction, owner-accumulator reset, and the pre-launch distributed barrier; reused step-workspace reset and method-internal phase barriers are included; reported time is the average of the per-iteration max-rank end-to-end backward op times.
Method                      Comp:Comm Time ms                                                                                                            Agg TFLOPS    Avg/GPU    Check  Note
allgather_attention                 - t0=46.053, t1=46.066, t2=46.077, t3=46.085, t4=46.075, t5=46.063, t6=46.048, t7=46.036 | max_across_ranks=46.121      3814.37     476.80     skip  per-sequence KV-head-sharded all-gather (4 KVH/chunk, comm/compute overlap); in-repo min_fa3 fallback; zigzag causal
llama3_allgather_attention          - t0=42.249, t1=42.265, t2=42.267, t3=42.260, t4=42.247, t5=42.232, t6=42.224, t7=42.230 | max_across_ranks=42.303      4158.68     519.83     skip  whole-packed zigzag KV-head-sharded all-gather (4 KVH/chunk, comm/compute overlap); in-repo min_fa3 fallback; causal
fa3_ring                            - t0=49.728, t1=49.739, t2=49.839, t3=49.909, t4=49.936, t5=49.914, t6=49.910, t7=49.897 | max_across_ranks=50.033      3516.14     439.52     skip  NCCL zigzag ring; in-repo min_fa3 fallback block backward
megatron_hybrid_cp                  - t0=46.842, t1=46.769, t2=46.803, t3=46.861, t4=46.883, t5=46.909, t6=46.921, t7=46.917 | max_across_ranks=46.946      3747.35     468.42     skip  Megatron scheduler; 1 execution groups; P2P ring; in-repo min_fa3 fallback; forward-order phase replay; complete forward preparation excluded from backward timing; tokens(original/aligned)=131072/131072, padding=0 tokens; aligned-length Agg TFLOPS=3747.35, Avg/GPU=468.42
magi_attention                      - t0=46.855, t1=46.729, t2=46.964, t3=46.826, t4=46.943, t5=46.791, t6=46.949, t7=46.811 | max_across_ranks=47.207      3726.68     465.83     skip  chunk_size=2048, tokens(original/padded)=131072/131072, overlap_degree=2; dispatch excluded; performance-only; forward preparation excluded from backward timing
zeppelin                            - t0=40.962, t1=41.010, t2=41.068, t3=41.078, t4=40.472, t5=40.500, t6=40.548, t7=40.535 | max_across_ranks=41.085      4281.92     535.24     skip  L=4096; final_s0=4096; iterations=1; G4=2; padding=0; physical rank token loads=[16384,16384,16384,16384,16384,16384,16384,16384]; in-repo min_fa3 fallback; tokens(original/aligned)=131072/131072, padding=0 tokens; aligned-length Agg TFLOPS=4281.92, Avg/GPU=535.24
mega_ring_all_cp                128:4 t0=40.677, t1=41.349, t2=41.574, t3=41.286, t4=41.085, t5=40.858, t6=40.797, t7=40.515 | max_across_ranks=41.581      4230.84     528.85     skip  all-CP fused mega-ring; remote reset excluded; workspace=reused, reset=timed, aux_grid=exact; tokens(original/aligned)=131072/131072, padding=0 tokens; aligned-length Agg TFLOPS=4230.84, Avg/GPU=528.85
mega_ring_all_cp                124:8 t0=41.232, t1=42.176, t2=42.284, t3=41.962, t4=41.782, t5=41.538, t6=41.597, t7=41.388 | max_across_ranks=42.304      4158.58     519.82     skip  all-CP fused mega-ring; remote reset excluded; workspace=reused, reset=timed, aux_grid=exact; tokens(original/aligned)=131072/131072, padding=0 tokens; aligned-length Agg TFLOPS=4158.58, Avg/GPU=519.82
mega_ring_all_cp               120:12 t0=42.168, t1=42.994, t2=43.040, t3=42.784, t4=42.704, t5=42.355, t6=42.469, t7=42.390 | max_across_ranks=43.053      4086.26     510.78     skip  all-CP fused mega-ring; remote reset excluded; workspace=reused, reset=timed, aux_grid=exact; tokens(original/aligned)=131072/131072, padding=0 tokens; aligned-length Agg TFLOPS=4086.26, Avg/GPU=510.78
mega_ring_all_cp               116:16 t0=43.231, t1=43.716, t2=43.738, t3=43.805, t4=43.749, t5=43.256, t6=43.333, t7=43.209 | max_across_ranks=43.877      4009.50     501.19     skip  all-CP fused mega-ring; remote reset excluded; workspace=reused, reset=timed, aux_grid=exact; tokens(original/aligned)=131072/131072, padding=0 tokens; aligned-length Agg TFLOPS=4009.50, Avg/GPU=501.19
mega_ring_hybrid                128:4 t0=40.372, t1=40.508, t2=40.581, t3=40.431, t4=40.119, t5=40.379, t6=40.284, t7=40.109 | max_across_ranks=40.614      4331.60     541.45     skip  hierarchical hybrid fused mega-ring; remote reset excluded; workspace=reused, reset=timed, aux_grid=exact
mega_ring_hybrid                124:8 t0=41.291, t1=41.583, t2=41.651, t3=41.370, t4=40.976, t5=41.169, t6=41.103, t7=40.988 | max_across_ranks=41.704      4218.41     527.30     skip  hierarchical hybrid fused mega-ring; remote reset excluded; workspace=reused, reset=timed, aux_grid=exact
mega_ring_hybrid               120:12 t0=42.071, t1=42.025, t2=42.185, t3=42.173, t4=41.648, t5=41.977, t6=41.990, t7=41.713 | max_across_ranks=42.365      4152.63     519.08     skip  hierarchical hybrid fused mega-ring; remote reset excluded; workspace=reused, reset=timed, aux_grid=exact
mega_ring_hybrid               116:16 t0=42.734, t1=42.881, t2=42.989, t3=42.875, t4=42.562, t5=42.904, t6=42.871, t7=42.560 | max_across_ranks=43.163      4075.79     509.47     skip  hierarchical hybrid fused mega-ring; remote reset excluded; workspace=reused, reset=timed, aux_grid=exact

Workload: dataset=prolong, case=5/20, B=2, global_tokens=131072, global_seqlens=[65536, 65536]
Mega-ring all-CP workload: alignment=2048, global_tokens=131072, global_seqlens=[65536, 65536]
Hybrid rings: sizes=[4, 4], starts=[0, 4]
Zeppelin placement: L=4096, final_s0=4096, iterations=1, groups=[4, 4], execution_lengths=[65536, 65536], padding=0, physical_rank_token_loads=[16384, 16384, 16384, 16384, 16384, 16384, 16384, 16384]
Timing excludes forward preparation, opaque-workspace construction, owner-accumulator reset, and the pre-launch distributed barrier; reused step-workspace reset and method-internal phase barriers are included; reported time is the average of the per-iteration max-rank end-to-end backward op times.
Method                      Comp:Comm Time ms                                                                                                            Agg TFLOPS    Avg/GPU    Check  Note
allgather_attention                 - t0=45.798, t1=45.806, t2=45.816, t3=45.819, t4=45.812, t5=45.802, t6=45.789, t7=45.785 | max_across_ranks=45.863      3835.87     479.48     skip  per-sequence KV-head-sharded all-gather (4 KVH/chunk, comm/compute overlap); in-repo min_fa3 fallback; zigzag causal
llama3_allgather_attention          - t0=42.258, t1=42.269, t2=42.267, t3=42.262, t4=42.256, t5=42.248, t6=42.249, t7=42.248 | max_across_ranks=42.313      4157.69     519.71     skip  whole-packed zigzag KV-head-sharded all-gather (4 KVH/chunk, comm/compute overlap); in-repo min_fa3 fallback; causal
fa3_ring                            - t0=49.604, t1=49.675, t2=49.757, t3=49.784, t4=49.786, t5=49.743, t6=49.698, t7=49.668 | max_across_ranks=49.869      3527.73     440.97     skip  NCCL zigzag ring; in-repo min_fa3 fallback block backward
megatron_hybrid_cp                  - t0=46.978, t1=46.951, t2=47.018, t3=47.062, t4=47.038, t5=47.041, t6=47.043, t7=47.050 | max_across_ranks=47.112      3734.15     466.77     skip  Megatron scheduler; 1 execution groups; P2P ring; in-repo min_fa3 fallback; forward-order phase replay; complete forward preparation excluded from backward timing; tokens(original/aligned)=131072/131072, padding=0 tokens; aligned-length Agg TFLOPS=3734.15, Avg/GPU=466.77
magi_attention                      - t0=46.670, t1=46.697, t2=46.792, t3=46.783, t4=46.789, t5=46.737, t6=46.770, t7=46.767 | max_across_ranks=47.116      3733.85     466.73     skip  chunk_size=2048, tokens(original/padded)=131072/131072, overlap_degree=2; dispatch excluded; performance-only; forward preparation excluded from backward timing
zeppelin                            - t0=40.829, t1=40.900, t2=40.928, t3=40.931, t4=40.518, t5=40.503, t6=40.574, t7=40.584 | max_across_ranks=40.949      4296.23     537.03     skip  L=4096; final_s0=4096; iterations=1; G4=2; padding=0; physical rank token loads=[16384,16384,16384,16384,16384,16384,16384,16384]; in-repo min_fa3 fallback; tokens(original/aligned)=131072/131072, padding=0 tokens; aligned-length Agg TFLOPS=4296.23, Avg/GPU=537.03
mega_ring_all_cp                128:4 t0=40.565, t1=41.215, t2=41.391, t3=41.358, t4=41.225, t5=40.774, t6=40.805, t7=40.562 | max_across_ranks=41.462      4243.06     530.38     skip  all-CP fused mega-ring; remote reset excluded; workspace=reused, reset=timed, aux_grid=exact; tokens(original/aligned)=131072/131072, padding=0 tokens; aligned-length Agg TFLOPS=4243.06, Avg/GPU=530.38
mega_ring_all_cp                124:8 t0=41.302, t1=42.210, t2=42.334, t3=41.979, t4=41.819, t5=41.296, t6=41.461, t7=41.385 | max_across_ranks=42.365      4152.63     519.08     skip  all-CP fused mega-ring; remote reset excluded; workspace=reused, reset=timed, aux_grid=exact; tokens(original/aligned)=131072/131072, padding=0 tokens; aligned-length Agg TFLOPS=4152.63, Avg/GPU=519.08
mega_ring_all_cp               120:12 t0=42.171, t1=42.828, t2=42.969, t3=42.933, t4=42.582, t5=42.264, t6=42.532, t7=42.398 | max_across_ranks=43.024      4088.98     511.12     skip  all-CP fused mega-ring; remote reset excluded; workspace=reused, reset=timed, aux_grid=exact; tokens(original/aligned)=131072/131072, padding=0 tokens; aligned-length Agg TFLOPS=4088.98, Avg/GPU=511.12
mega_ring_all_cp               116:16 t0=43.074, t1=43.600, t2=43.753, t3=43.824, t4=43.666, t5=43.301, t6=43.380, t7=43.140 | max_across_ranks=43.860      4011.00     501.38     skip  all-CP fused mega-ring; remote reset excluded; workspace=reused, reset=timed, aux_grid=exact; tokens(original/aligned)=131072/131072, padding=0 tokens; aligned-length Agg TFLOPS=4011.00, Avg/GPU=501.38
mega_ring_hybrid                128:4 t0=40.244, t1=40.409, t2=40.535, t3=40.366, t4=39.831, t5=40.150, t6=40.232, t7=40.074 | max_across_ranks=40.581      4335.14     541.89     skip  hierarchical hybrid fused mega-ring; remote reset excluded; workspace=reused, reset=timed, aux_grid=exact
mega_ring_hybrid                124:8 t0=41.108, t1=41.429, t2=41.649, t3=41.419, t4=40.630, t5=41.030, t6=41.202, t7=41.042 | max_across_ranks=41.707      4218.10     527.26     skip  hierarchical hybrid fused mega-ring; remote reset excluded; workspace=reused, reset=timed, aux_grid=exact
mega_ring_hybrid               120:12 t0=42.109, t1=42.115, t2=42.260, t3=42.216, t4=41.593, t5=41.865, t6=41.882, t7=41.746 | max_across_ranks=42.347      4154.32     519.29     skip  hierarchical hybrid fused mega-ring; remote reset excluded; workspace=reused, reset=timed, aux_grid=exact
mega_ring_hybrid               116:16 t0=42.843, t1=42.920, t2=42.994, t3=42.954, t4=42.301, t5=42.838, t6=42.867, t7=42.657 | max_across_ranks=43.065      4085.05     510.63     skip  hierarchical hybrid fused mega-ring; remote reset excluded; workspace=reused, reset=timed, aux_grid=exact

Workload: dataset=prolong, case=6/20, B=4, global_tokens=131840, global_seqlens=[14336, 65536, 51200, 768]
Mega-ring all-CP workload: alignment=2048, global_tokens=133120, global_seqlens=[14336, 65536, 51200, 2048]
Hybrid rings: sizes=[8, 8, 8, 1], starts=[0, 0, 0, 0]
Zeppelin placement: L=4096, final_s0=4096, iterations=1, groups=[1, 5, 3, 1], execution_lengths=[14336, 65540, 51204, 768], padding=8, physical_rank_token_loads=[28212, 13108, 13108, 13108, 13108, 17068, 17068, 17068]
Timing excludes forward preparation, opaque-workspace construction, owner-accumulator reset, and the pre-launch distributed barrier; reused step-workspace reset and method-internal phase barriers are included; reported time is the average of the per-iteration max-rank end-to-end backward op times.
Method                      Comp:Comm Time ms                                                                                                            Agg TFLOPS    Avg/GPU    Check  Note
allgather_attention                 - t0=39.470, t1=39.482, t2=39.492, t3=39.499, t4=39.478, t5=39.467, t6=39.456, t7=39.447 | max_across_ranks=39.535      3689.72     461.21     skip  per-sequence KV-head-sharded all-gather (4 KVH/chunk, comm/compute overlap); in-repo min_fa3 fallback; zigzag causal
llama3_allgather_attention          - t0=64.641, t1=64.607, t2=64.572, t3=64.536, t4=64.555, t5=64.591, t6=64.630, t7=64.666 | max_across_ranks=64.666      2255.77     281.97     skip  whole-packed zigzag KV-head-sharded all-gather (4 KVH/chunk, comm/compute overlap); in-repo min_fa3 fallback; causal
fa3_ring                            - t0=45.289, t1=45.260, t2=45.171, t3=45.107, t4=45.117, t5=45.175, t6=45.260, t7=45.264 | max_across_ranks=45.394      3213.49     401.69     skip  NCCL zigzag ring; in-repo min_fa3 fallback block backward
megatron_hybrid_cp                  - t0=42.322, t1=42.316, t2=42.290, t3=42.308, t4=40.040, t5=40.037, t6=39.995, t7=40.076 | max_across_ranks=42.323      3446.63     430.83     skip  Megatron scheduler; 2 execution groups; P2P ring; in-repo min_fa3 fallback; forward-order phase replay; complete forward preparation excluded from backward timing; tokens(original/aligned)=131840/132096, padding=256 tokens; aligned-length Agg TFLOPS=3446.86, Avg/GPU=430.86
magi_attention                      - t0=41.434, t1=41.335, t2=41.313, t3=41.352, t4=41.292, t5=41.370, t6=41.459, t7=41.336 | max_across_ranks=41.472      3517.36     439.67     skip  chunk_size=2060, tokens(original/padded)=131840/131840, overlap_degree=2; dispatch excluded; performance-only; forward preparation excluded from backward timing
zeppelin                            - t0=42.051, t1=34.488, t2=34.442, t3=34.128, t4=34.288, t5=30.746, t6=30.743, t7=30.733 | max_across_ranks=42.051      3468.92     433.62     skip  L=4096; final_s0=4096; iterations=1; G1=2,G3=1,G5=1; padding=8; physical rank token loads=[28212,13108,13108,13108,13108,17068,17068,17068]; in-repo min_fa3 fallback; tokens(original/aligned)=131840/131848, padding=8 tokens; aligned-length Agg TFLOPS=3469.38, Avg/GPU=433.67
mega_ring_all_cp                128:4 t0=34.365, t1=34.487, t2=34.984, t3=34.864, t4=34.559, t5=34.671, t6=34.275, t7=34.089 | max_across_ranks=35.189      4145.37     518.17     skip  all-CP fused mega-ring; remote reset excluded; workspace=reused, reset=timed, aux_grid=exact; tokens(original/aligned)=131840/133120, padding=1280 tokens; aligned-length Agg TFLOPS=4147.47, Avg/GPU=518.43
mega_ring_all_cp                124:8 t0=34.869, t1=35.208, t2=35.577, t3=35.440, t4=35.193, t5=35.135, t6=34.930, t7=34.841 | max_across_ranks=35.761      4079.11     509.89     skip  all-CP fused mega-ring; remote reset excluded; workspace=reused, reset=timed, aux_grid=exact; tokens(original/aligned)=131840/133120, padding=1280 tokens; aligned-length Agg TFLOPS=4081.18, Avg/GPU=510.15
mega_ring_all_cp               120:12 t0=35.569, t1=35.907, t2=36.149, t3=35.901, t4=35.644, t5=35.696, t6=35.470, t7=35.426 | max_across_ranks=36.197      4029.98     503.75     skip  all-CP fused mega-ring; remote reset excluded; workspace=reused, reset=timed, aux_grid=exact; tokens(original/aligned)=131840/133120, padding=1280 tokens; aligned-length Agg TFLOPS=4032.02, Avg/GPU=504.00
mega_ring_all_cp               116:16 t0=36.428, t1=36.723, t2=36.943, t3=36.791, t4=36.503, t5=36.545, t6=36.476, t7=36.276 | max_across_ranks=36.962      3946.54     493.32     skip  all-CP fused mega-ring; remote reset excluded; workspace=reused, reset=timed, aux_grid=exact; tokens(original/aligned)=131840/133120, padding=1280 tokens; aligned-length Agg TFLOPS=3948.54, Avg/GPU=493.57
mega_ring_hybrid                128:4 t0=34.324, t1=34.632, t2=34.837, t3=34.654, t4=34.260, t5=34.285, t6=34.183, t7=34.027 | max_across_ranks=34.847      4186.10     523.26     skip  hierarchical hybrid fused mega-ring; remote reset excluded; workspace=reused, reset=timed, aux_grid=exact
mega_ring_hybrid                124:8 t0=34.839, t1=35.344, t2=35.506, t3=35.287, t4=34.801, t5=34.843, t6=34.849, t7=34.630 | max_across_ranks=35.546      4103.75     512.97     skip  hierarchical hybrid fused mega-ring; remote reset excluded; workspace=reused, reset=timed, aux_grid=exact
mega_ring_hybrid               120:12 t0=35.443, t1=35.982, t2=36.049, t3=35.854, t4=35.366, t5=35.494, t6=35.537, t7=35.376 | max_across_ranks=36.084      4042.56     505.32     skip  hierarchical hybrid fused mega-ring; remote reset excluded; workspace=reused, reset=timed, aux_grid=exact
mega_ring_hybrid               116:16 t0=36.284, t1=36.701, t2=36.903, t3=36.718, t4=36.271, t5=36.279, t6=36.310, t7=36.077 | max_across_ranks=36.906      3952.52     494.06     skip  hierarchical hybrid fused mega-ring; remote reset excluded; workspace=reused, reset=timed, aux_grid=exact

Workload: dataset=prolong, case=7/20, B=4, global_tokens=132352, global_seqlens=[65536, 65536, 768, 512]
Mega-ring all-CP workload: alignment=2048, global_tokens=135168, global_seqlens=[65536, 65536, 2048, 2048]
Hybrid rings: sizes=[4, 4, 1, 1], starts=[0, 4, 0, 1]
Zeppelin placement: L=4096, final_s0=4096, iterations=1, groups=[4, 4, 1, 1], execution_lengths=[65536, 65536, 768, 512], padding=0, physical_rank_token_loads=[17152, 16896, 16384, 16384, 16384, 16384, 16384, 16384]
Timing excludes forward preparation, opaque-workspace construction, owner-accumulator reset, and the pre-launch distributed barrier; reused step-workspace reset and method-internal phase barriers are included; reported time is the average of the per-iteration max-rank end-to-end backward op times.
Method                      Comp:Comm Time ms                                                                                                            Agg TFLOPS    Avg/GPU    Check  Note
allgather_attention                 - t0=46.025, t1=46.025, t2=46.021, t3=46.022, t4=46.027, t5=46.023, t6=46.025, t7=46.022 | max_across_ranks=46.083      3817.96     477.24     skip  per-sequence KV-head-sharded all-gather (4 KVH/chunk, comm/compute overlap); in-repo min_fa3 fallback; zigzag causal
llama3_allgather_attention          - t0=43.734, t1=43.756, t2=43.771, t3=43.781, t4=43.774, t5=43.755, t6=43.735, t7=43.725 | max_across_ranks=43.813      4015.73     501.97     skip  whole-packed zigzag KV-head-sharded all-gather (4 KVH/chunk, comm/compute overlap); in-repo min_fa3 fallback; causal
fa3_ring                            - t0=49.845, t1=49.865, t2=49.951, t3=49.993, t4=49.999, t5=49.928, t6=49.888, t7=49.867 | max_across_ranks=50.099      3511.88     438.99     skip  NCCL zigzag ring; in-repo min_fa3 fallback block backward
megatron_hybrid_cp                  - t0=47.709, t1=47.691, t2=47.726, t3=47.712, t4=47.763, t5=47.753, t6=47.747, t7=47.769 | max_across_ranks=47.806      3680.35     460.04     skip  Megatron scheduler; 2 execution groups; P2P ring; in-repo min_fa3 fallback; forward-order phase replay; complete forward preparation excluded from backward timing; tokens(original/aligned)=132352/133120, padding=768 tokens; aligned-length Agg TFLOPS=3680.89, Avg/GPU=460.11
magi_attention                      - t0=49.556, t1=49.523, t2=49.495, t3=49.427, t4=49.492, t5=49.509, t6=49.427, t7=49.473 | max_across_ranks=49.568      3549.51     443.69     skip  chunk_size=2068, tokens(original/padded)=132352/132352, overlap_degree=2; dispatch excluded; performance-only; forward preparation excluded from backward timing
zeppelin                            - t0=40.936, t1=40.878, t2=40.883, t3=40.888, t4=40.555, t5=40.554, t6=40.601, t7=40.591 | max_across_ranks=40.974      4294.00     536.75     skip  L=4096; final_s0=4096; iterations=1; G1=2,G4=2; padding=0; physical rank token loads=[17152,16896,16384,16384,16384,16384,16384,16384]; in-repo min_fa3 fallback; tokens(original/aligned)=132352/132352, padding=0 tokens; aligned-length Agg TFLOPS=4294.00, Avg/GPU=536.75
mega_ring_all_cp                128:4 t0=40.859, t1=41.368, t2=41.606, t3=41.600, t4=41.259, t5=40.971, t6=41.051, t7=40.941 | max_across_ranks=41.681      4221.19     527.65     skip  all-CP fused mega-ring; remote reset excluded; workspace=reused, reset=timed, aux_grid=exact; tokens(original/aligned)=132352/135168, padding=2816 tokens; aligned-length Agg TFLOPS=4224.89, Avg/GPU=528.11
mega_ring_all_cp                124:8 t0=41.641, t1=42.214, t2=42.299, t3=42.139, t4=41.848, t5=41.656, t6=41.738, t7=41.671 | max_across_ranks=42.373      4152.20     519.03     skip  all-CP fused mega-ring; remote reset excluded; workspace=reused, reset=timed, aux_grid=exact; tokens(original/aligned)=132352/135168, padding=2816 tokens; aligned-length Agg TFLOPS=4155.85, Avg/GPU=519.48
mega_ring_all_cp               120:12 t0=42.362, t1=42.975, t2=43.059, t3=42.866, t4=42.459, t5=42.357, t6=42.386, t7=42.361 | max_across_ranks=43.079      4084.13     510.52     skip  all-CP fused mega-ring; remote reset excluded; workspace=reused, reset=timed, aux_grid=exact; tokens(original/aligned)=132352/135168, padding=2816 tokens; aligned-length Agg TFLOPS=4087.72, Avg/GPU=510.96
mega_ring_all_cp               116:16 t0=43.344, t1=43.769, t2=43.826, t3=43.627, t4=43.353, t5=43.408, t6=43.464, t7=43.365 | max_across_ranks=43.836      4013.64     501.71     skip  all-CP fused mega-ring; remote reset excluded; workspace=reused, reset=timed, aux_grid=exact; tokens(original/aligned)=132352/135168, padding=2816 tokens; aligned-length Agg TFLOPS=4017.16, Avg/GPU=502.15
mega_ring_hybrid                128:4 t0=40.206, t1=40.521, t2=40.497, t3=40.245, t4=40.330, t5=40.435, t6=40.330, t7=40.228 | max_across_ranks=40.605      4333.01     541.63     skip  hierarchical hybrid fused mega-ring; remote reset excluded; workspace=reused, reset=timed, aux_grid=exact
mega_ring_hybrid                124:8 t0=41.102, t1=41.438, t2=41.447, t3=41.244, t4=41.155, t5=41.247, t6=41.219, t7=41.174 | max_across_ranks=41.524      4237.16     529.64     skip  hierarchical hybrid fused mega-ring; remote reset excluded; workspace=reused, reset=timed, aux_grid=exact
mega_ring_hybrid               120:12 t0=41.880, t1=42.157, t2=42.165, t3=41.981, t4=41.831, t5=42.005, t6=42.033, t7=41.910 | max_across_ranks=42.265      4162.78     520.35     skip  hierarchical hybrid fused mega-ring; remote reset excluded; workspace=reused, reset=timed, aux_grid=exact
mega_ring_hybrid               116:16 t0=42.533, t1=42.779, t2=42.844, t3=42.665, t4=42.617, t5=42.990, t6=42.952, t7=42.638 | max_across_ranks=43.080      4084.10     510.51     skip  hierarchical hybrid fused mega-ring; remote reset excluded; workspace=reused, reset=timed, aux_grid=exact

Workload: dataset=prolong, case=8/20, B=3, global_tokens=132096, global_seqlens=[65536, 65536, 1024]
Mega-ring all-CP workload: alignment=2048, global_tokens=133120, global_seqlens=[65536, 65536, 2048]
Hybrid rings: sizes=[4, 4, 2], starts=[0, 4, 0]
Zeppelin placement: L=4096, final_s0=4096, iterations=1, groups=[4, 4, 1], execution_lengths=[65536, 65536, 1024], padding=0, physical_rank_token_loads=[17408, 16384, 16384, 16384, 16384, 16384, 16384, 16384]
Timing excludes forward preparation, opaque-workspace construction, owner-accumulator reset, and the pre-launch distributed barrier; reused step-workspace reset and method-internal phase barriers are included; reported time is the average of the per-iteration max-rank end-to-end backward op times.
Method                      Comp:Comm Time ms                                                                                                            Agg TFLOPS    Avg/GPU    Check  Note
allgather_attention                 - t0=46.079, t1=46.095, t2=46.094, t3=46.087, t4=46.073, t5=46.057, t6=46.054, t7=46.061 | max_across_ranks=46.134      3813.83     476.73     skip  per-sequence KV-head-sharded all-gather (4 KVH/chunk, comm/compute overlap); in-repo min_fa3 fallback; zigzag causal
llama3_allgather_attention          - t0=43.366, t1=43.387, t2=43.387, t3=43.380, t4=43.360, t5=43.341, t6=43.340, t7=43.344 | max_across_ranks=43.422      4052.04     506.50     skip  whole-packed zigzag KV-head-sharded all-gather (4 KVH/chunk, comm/compute overlap); in-repo min_fa3 fallback; causal
fa3_ring                            - t0=49.801, t1=49.835, t2=49.953, t3=49.998, t4=49.991, t5=49.959, t6=49.879, t7=49.891 | max_across_ranks=50.106      3511.44     438.93     skip  NCCL zigzag ring; in-repo min_fa3 fallback block backward
megatron_hybrid_cp                  - t0=48.018, t1=48.013, t2=47.970, t3=47.964, t4=47.937, t5=47.909, t6=47.940, t7=48.012 | max_across_ranks=48.023      3663.79     457.97     skip  Megatron scheduler; 2 execution groups; P2P ring; in-repo min_fa3 fallback; forward-order phase replay; complete forward preparation excluded from backward timing; tokens(original/aligned)=132096/133120, padding=1024 tokens; aligned-length Agg TFLOPS=3665.13, Avg/GPU=458.14
magi_attention                      - t0=49.478, t1=49.599, t2=49.576, t3=49.666, t4=49.637, t5=49.589, t6=49.552, t7=49.578 | max_across_ranks=49.671      3542.26     442.78     skip  chunk_size=2064, tokens(original/padded)=132096/132096, overlap_degree=2; dispatch excluded; performance-only; forward preparation excluded from backward timing
zeppelin                            - t0=41.037, t1=40.926, t2=40.976, t3=40.988, t4=40.482, t5=40.517, t6=40.575, t7=40.582 | max_across_ranks=41.060      4285.05     535.63     skip  L=4096; final_s0=4096; iterations=1; G1=1,G4=2; padding=0; physical rank token loads=[17408,16384,16384,16384,16384,16384,16384,16384]; in-repo min_fa3 fallback; tokens(original/aligned)=132096/132096, padding=0 tokens; aligned-length Agg TFLOPS=4285.05, Avg/GPU=535.63
mega_ring_all_cp                128:4 t0=40.906, t1=41.420, t2=41.525, t3=41.470, t4=41.296, t5=40.897, t6=40.927, t7=40.755 | max_across_ranks=41.580      4231.54     528.94     skip  all-CP fused mega-ring; remote reset excluded; workspace=reused, reset=timed, aux_grid=exact; tokens(original/aligned)=132096/133120, padding=1024 tokens; aligned-length Agg TFLOPS=4233.09, Avg/GPU=529.14
mega_ring_all_cp                124:8 t0=41.488, t1=42.133, t2=42.191, t3=42.086, t4=41.878, t5=41.520, t6=41.560, t7=41.384 | max_across_ranks=42.271      4162.35     520.29     skip  all-CP fused mega-ring; remote reset excluded; workspace=reused, reset=timed, aux_grid=exact; tokens(original/aligned)=132096/133120, padding=1024 tokens; aligned-length Agg TFLOPS=4163.87, Avg/GPU=520.48
mega_ring_all_cp               120:12 t0=42.227, t1=42.961, t2=43.046, t3=42.954, t4=42.741, t5=42.561, t6=42.648, t7=42.326 | max_across_ranks=43.089      4083.31     510.41     skip  all-CP fused mega-ring; remote reset excluded; workspace=reused, reset=timed, aux_grid=exact; tokens(original/aligned)=132096/133120, padding=1024 tokens; aligned-length Agg TFLOPS=4084.81, Avg/GPU=510.60
mega_ring_all_cp               116:16 t0=43.129, t1=43.716, t2=43.796, t3=43.839, t4=43.791, t5=43.343, t6=43.458, t7=43.166 | max_across_ranks=43.921      4005.93     500.74     skip  all-CP fused mega-ring; remote reset excluded; workspace=reused, reset=timed, aux_grid=exact; tokens(original/aligned)=132096/133120, padding=1024 tokens; aligned-length Agg TFLOPS=4007.39, Avg/GPU=500.92
mega_ring_hybrid                128:4 t0=40.418, t1=40.359, t2=40.519, t3=40.389, t4=39.907, t5=40.242, t6=40.321, t7=40.125 | max_across_ranks=40.621      4331.44     541.43     skip  hierarchical hybrid fused mega-ring; remote reset excluded; workspace=reused, reset=timed, aux_grid=exact
mega_ring_hybrid                124:8 t0=41.478, t1=41.428, t2=41.500, t3=41.305, t4=40.831, t5=41.352, t6=41.401, t7=41.121 | max_across_ranks=41.586      4230.89     528.86     skip  hierarchical hybrid fused mega-ring; remote reset excluded; workspace=reused, reset=timed, aux_grid=exact
mega_ring_hybrid               120:12 t0=42.259, t1=42.145, t2=42.203, t3=42.154, t4=41.604, t5=42.036, t6=42.067, t7=41.836 | max_across_ranks=42.360      4153.56     519.20     skip  hierarchical hybrid fused mega-ring; remote reset excluded; workspace=reused, reset=timed, aux_grid=exact
mega_ring_hybrid               116:16 t0=42.999, t1=42.971, t2=43.026, t3=42.904, t4=42.339, t5=42.993, t6=43.011, t7=42.468 | max_across_ranks=43.208      4072.04     509.00     skip  hierarchical hybrid fused mega-ring; remote reset excluded; workspace=reused, reset=timed, aux_grid=exact

Workload: dataset=prolong, case=9/20, B=4, global_tokens=132096, global_seqlens=[65536, 65536, 512, 512]
Mega-ring all-CP workload: alignment=2048, global_tokens=135168, global_seqlens=[65536, 65536, 2048, 2048]
Hybrid rings: sizes=[4, 4, 1, 1], starts=[0, 4, 0, 1]
Zeppelin placement: L=4096, final_s0=4096, iterations=1, groups=[4, 4, 1, 1], execution_lengths=[65536, 65536, 512, 512], padding=0, physical_rank_token_loads=[16896, 16896, 16384, 16384, 16384, 16384, 16384, 16384]
Timing excludes forward preparation, opaque-workspace construction, owner-accumulator reset, and the pre-launch distributed barrier; reused step-workspace reset and method-internal phase barriers are included; reported time is the average of the per-iteration max-rank end-to-end backward op times.
Method                      Comp:Comm Time ms                                                                                                            Agg TFLOPS    Avg/GPU    Check  Note
allgather_attention                 - t0=46.125, t1=46.142, t2=46.139, t3=46.127, t4=46.106, t5=46.087, t6=46.089, t7=46.102 | max_across_ranks=46.172      3810.44     476.30     skip  per-sequence KV-head-sharded all-gather (4 KVH/chunk, comm/compute overlap); in-repo min_fa3 fallback; zigzag causal
llama3_allgather_attention          - t0=43.175, t1=43.198, t2=43.216, t3=43.216, t4=43.208, t5=43.191, t6=43.168, t7=43.161 | max_across_ranks=43.248      4068.04     508.51     skip  whole-packed zigzag KV-head-sharded all-gather (4 KVH/chunk, comm/compute overlap); in-repo min_fa3 fallback; causal
fa3_ring                            - t0=49.852, t1=49.871, t2=49.996, t3=50.080, t4=50.088, t5=50.068, t6=49.988, t7=49.943 | max_across_ranks=50.194      3505.10     438.14     skip  NCCL zigzag ring; in-repo min_fa3 fallback block backward
megatron_hybrid_cp                  - t0=47.588, t1=47.568, t2=47.615, t3=47.590, t4=47.644, t5=47.627, t6=47.611, t7=47.648 | max_across_ranks=47.673      3690.49     461.31     skip  Megatron scheduler; 2 execution groups; P2P ring; in-repo min_fa3 fallback; forward-order phase replay; complete forward preparation excluded from backward timing; tokens(original/aligned)=132096/133120, padding=1024 tokens; aligned-length Agg TFLOPS=3691.17, Avg/GPU=461.40
magi_attention                      - t0=49.397, t1=49.509, t2=49.485, t3=49.588, t4=49.546, t5=49.499, t6=49.452, t7=49.497 | max_across_ranks=49.592      3547.66     443.46     skip  chunk_size=2064, tokens(original/padded)=132096/132096, overlap_degree=2; dispatch excluded; performance-only; forward preparation excluded from backward timing
zeppelin                            - t0=40.913, t1=40.976, t2=40.938, t3=40.944, t4=40.611, t5=40.627, t6=40.654, t7=40.637 | max_across_ranks=41.032      4287.81     535.98     skip  L=4096; final_s0=4096; iterations=1; G1=2,G4=2; padding=0; physical rank token loads=[16896,16896,16384,16384,16384,16384,16384,16384]; in-repo min_fa3 fallback; tokens(original/aligned)=132096/132096, padding=0 tokens; aligned-length Agg TFLOPS=4287.81, Avg/GPU=535.98
mega_ring_all_cp                128:4 t0=40.926, t1=41.551, t2=41.638, t3=41.421, t4=41.267, t5=41.031, t6=41.039, t7=40.810 | max_across_ranks=41.669      4222.16     527.77     skip  all-CP fused mega-ring; remote reset excluded; workspace=reused, reset=timed, aux_grid=exact; tokens(original/aligned)=132096/135168, padding=3072 tokens; aligned-length Agg TFLOPS=4226.03, Avg/GPU=528.25
mega_ring_all_cp                124:8 t0=41.705, t1=42.294, t2=42.383, t3=42.132, t4=41.974, t5=41.599, t6=41.703, t7=41.671 | max_across_ranks=42.417      4147.72     518.46     skip  all-CP fused mega-ring; remote reset excluded; workspace=reused, reset=timed, aux_grid=exact; tokens(original/aligned)=132096/135168, padding=3072 tokens; aligned-length Agg TFLOPS=4151.51, Avg/GPU=518.94
mega_ring_all_cp               120:12 t0=42.422, t1=42.993, t2=43.071, t3=42.885, t4=42.704, t5=42.483, t6=42.514, t7=42.418 | max_across_ranks=43.110      4081.09     510.14     skip  all-CP fused mega-ring; remote reset excluded; workspace=reused, reset=timed, aux_grid=exact; tokens(original/aligned)=132096/135168, padding=3072 tokens; aligned-length Agg TFLOPS=4084.83, Avg/GPU=510.60
mega_ring_all_cp               116:16 t0=43.280, t1=43.863, t2=43.940, t3=43.826, t4=43.588, t5=43.550, t6=43.626, t7=43.389 | max_across_ranks=43.984      3999.98     500.00     skip  all-CP fused mega-ring; remote reset excluded; workspace=reused, reset=timed, aux_grid=exact; tokens(original/aligned)=132096/135168, padding=3072 tokens; aligned-length Agg TFLOPS=4003.64, Avg/GPU=500.46
mega_ring_hybrid                128:4 t0=40.284, t1=40.543, t2=40.649, t3=40.510, t4=39.921, t5=40.228, t6=40.289, t7=40.136 | max_across_ranks=40.735      4319.07     539.88     skip  hierarchical hybrid fused mega-ring; remote reset excluded; workspace=reused, reset=timed, aux_grid=exact
mega_ring_hybrid                124:8 t0=41.140, t1=41.549, t2=41.620, t3=41.364, t4=40.687, t5=41.344, t6=41.292, t7=40.959 | max_across_ranks=41.703      4218.80     527.35     skip  hierarchical hybrid fused mega-ring; remote reset excluded; workspace=reused, reset=timed, aux_grid=exact
mega_ring_hybrid               120:12 t0=42.121, t1=42.185, t2=42.222, t3=42.152, t4=41.619, t5=41.912, t6=41.994, t7=41.843 | max_across_ranks=42.362      4153.13     519.14     skip  hierarchical hybrid fused mega-ring; remote reset excluded; workspace=reused, reset=timed, aux_grid=exact
mega_ring_hybrid               116:16 t0=42.865, t1=43.068, t2=43.069, t3=42.955, t4=42.457, t5=42.905, t6=42.925, t7=42.563 | max_across_ranks=43.161      4076.24     509.53     skip  hierarchical hybrid fused mega-ring; remote reset excluded; workspace=reused, reset=timed, aux_grid=exact

Workload: dataset=prolong, case=10/20, B=3, global_tokens=131584, global_seqlens=[65536, 65536, 512]
Mega-ring all-CP workload: alignment=2048, global_tokens=133120, global_seqlens=[65536, 65536, 2048]
Hybrid rings: sizes=[4, 4, 1], starts=[0, 4, 0]
Zeppelin placement: L=4096, final_s0=4096, iterations=1, groups=[4, 4, 1], execution_lengths=[65536, 65536, 512], padding=0, physical_rank_token_loads=[16896, 16384, 16384, 16384, 16384, 16384, 16384, 16384]
Timing excludes forward preparation, opaque-workspace construction, owner-accumulator reset, and the pre-launch distributed barrier; reused step-workspace reset and method-internal phase barriers are included; reported time is the average of the per-iteration max-rank end-to-end backward op times.
Method                      Comp:Comm Time ms                                                                                                            Agg TFLOPS    Avg/GPU    Check  Note
allgather_attention                 - t0=45.939, t1=45.953, t2=45.959, t3=45.951, t4=45.942, t5=45.927, t6=45.922, t7=45.926 | max_across_ranks=45.998      3824.73     478.09     skip  per-sequence KV-head-sharded all-gather (4 KVH/chunk, comm/compute overlap); in-repo min_fa3 fallback; zigzag causal
llama3_allgather_attention          - t0=43.007, t1=43.017, t2=43.024, t3=43.033, t4=43.032, t5=43.018, t6=43.009, t7=43.001 | max_across_ranks=43.076      4084.22     510.53     skip  whole-packed zigzag KV-head-sharded all-gather (4 KVH/chunk, comm/compute overlap); in-repo min_fa3 fallback; causal
fa3_ring                            - t0=49.828, t1=49.851, t2=49.973, t3=50.022, t4=50.037, t5=49.997, t6=49.936, t7=49.826 | max_across_ranks=50.112      3510.72     438.84     skip  NCCL zigzag ring; in-repo min_fa3 fallback block backward
megatron_hybrid_cp                  - t0=47.914, t1=47.925, t2=47.870, t3=47.863, t4=47.847, t5=47.834, t6=47.867, t7=47.917 | max_across_ranks=47.935      3670.14     458.77     skip  Megatron scheduler; 2 execution groups; P2P ring; in-repo min_fa3 fallback; forward-order phase replay; complete forward preparation excluded from backward timing; tokens(original/aligned)=131584/133120, padding=1536 tokens; aligned-length Agg TFLOPS=3671.82, Avg/GPU=458.98
magi_attention                      - t0=48.929, t1=49.033, t2=48.847, t3=48.977, t4=48.972, t5=49.005, t6=48.858, t7=48.933 | max_across_ranks=49.050      3586.76     448.34     skip  chunk_size=2056, tokens(original/padded)=131584/131584, overlap_degree=2; dispatch excluded; performance-only; forward preparation excluded from backward timing
zeppelin                            - t0=40.887, t1=40.840, t2=40.893, t3=40.901, t4=40.684, t5=40.636, t6=40.734, t7=40.739 | max_across_ranks=41.009      4290.01     536.25     skip  L=4096; final_s0=4096; iterations=1; G1=1,G4=2; padding=0; physical rank token loads=[16896,16384,16384,16384,16384,16384,16384,16384]; in-repo min_fa3 fallback; tokens(original/aligned)=131584/131584, padding=0 tokens; aligned-length Agg TFLOPS=4290.01, Avg/GPU=536.25
mega_ring_all_cp                128:4 t0=40.972, t1=41.413, t2=41.577, t3=41.486, t4=41.214, t5=41.005, t6=41.061, t7=40.858 | max_across_ranks=41.584      4230.67     528.83     skip  all-CP fused mega-ring; remote reset excluded; workspace=reused, reset=timed, aux_grid=exact; tokens(original/aligned)=131584/133120, padding=1536 tokens; aligned-length Agg TFLOPS=4232.61, Avg/GPU=529.08
mega_ring_all_cp                124:8 t0=41.458, t1=42.057, t2=42.292, t3=42.230, t4=41.933, t5=41.542, t6=41.553, t7=41.477 | max_across_ranks=42.366      4152.60     519.07     skip  all-CP fused mega-ring; remote reset excluded; workspace=reused, reset=timed, aux_grid=exact; tokens(original/aligned)=131584/133120, padding=1536 tokens; aligned-length Agg TFLOPS=4154.50, Avg/GPU=519.31
mega_ring_all_cp               120:12 t0=42.167, t1=42.982, t2=43.088, t3=42.880, t4=42.663, t5=42.510, t6=42.698, t7=42.405 | max_across_ranks=43.109      4081.09     510.14     skip  all-CP fused mega-ring; remote reset excluded; workspace=reused, reset=timed, aux_grid=exact; tokens(original/aligned)=131584/133120, padding=1536 tokens; aligned-length Agg TFLOPS=4082.96, Avg/GPU=510.37
mega_ring_all_cp               116:16 t0=43.312, t1=43.862, t2=43.923, t3=43.793, t4=43.646, t5=43.460, t6=43.495, t7=43.245 | max_across_ranks=43.985      3999.81     499.98     skip  all-CP fused mega-ring; remote reset excluded; workspace=reused, reset=timed, aux_grid=exact; tokens(original/aligned)=131584/133120, padding=1536 tokens; aligned-length Agg TFLOPS=4001.64, Avg/GPU=500.21
mega_ring_hybrid                128:4 t0=40.392, t1=40.542, t2=40.645, t3=40.472, t4=40.093, t5=40.390, t6=40.395, t7=40.117 | max_across_ranks=40.708      4321.78     540.22     skip  hierarchical hybrid fused mega-ring; remote reset excluded; workspace=reused, reset=timed, aux_grid=exact
mega_ring_hybrid                124:8 t0=41.422, t1=41.428, t2=41.519, t3=41.511, t4=40.997, t5=41.296, t6=41.316, t7=41.106 | max_across_ranks=41.633      4225.74     528.22     skip  hierarchical hybrid fused mega-ring; remote reset excluded; workspace=reused, reset=timed, aux_grid=exact
mega_ring_hybrid               120:12 t0=42.188, t1=42.120, t2=42.248, t3=42.207, t4=41.804, t5=42.063, t6=42.109, t7=41.847 | max_across_ranks=42.398      4149.47     518.68     skip  hierarchical hybrid fused mega-ring; remote reset excluded; workspace=reused, reset=timed, aux_grid=exact
mega_ring_hybrid               116:16 t0=42.815, t1=42.924, t2=43.026, t3=42.917, t4=42.519, t5=43.042, t6=43.038, t7=42.673 | max_across_ranks=43.232      4069.40     508.68     skip  hierarchical hybrid fused mega-ring; remote reset excluded; workspace=reused, reset=timed, aux_grid=exact

Workload: dataset=prolong, case=11/20, B=2, global_tokens=131072, global_seqlens=[65536, 65536]
Mega-ring all-CP workload: alignment=2048, global_tokens=131072, global_seqlens=[65536, 65536]
Hybrid rings: sizes=[4, 4], starts=[0, 4]
Zeppelin placement: L=4096, final_s0=4096, iterations=1, groups=[4, 4], execution_lengths=[65536, 65536], padding=0, physical_rank_token_loads=[16384, 16384, 16384, 16384, 16384, 16384, 16384, 16384]
Timing excludes forward preparation, opaque-workspace construction, owner-accumulator reset, and the pre-launch distributed barrier; reused step-workspace reset and method-internal phase barriers are included; reported time is the average of the per-iteration max-rank end-to-end backward op times.
Method                      Comp:Comm Time ms                                                                                                            Agg TFLOPS    Avg/GPU    Check  Note
allgather_attention                 - t0=45.771, t1=45.783, t2=45.785, t3=45.779, t4=45.768, t5=45.753, t6=45.748, t7=45.755 | max_across_ranks=45.825      3839.02     479.88     skip  per-sequence KV-head-sharded all-gather (4 KVH/chunk, comm/compute overlap); in-repo min_fa3 fallback; zigzag causal
llama3_allgather_attention          - t0=42.231, t1=42.246, t2=42.240, t3=42.232, t4=42.220, t5=42.211, t6=42.213, t7=42.218 | max_across_ranks=42.280      4160.90     520.11     skip  whole-packed zigzag KV-head-sharded all-gather (4 KVH/chunk, comm/compute overlap); in-repo min_fa3 fallback; causal
fa3_ring                            - t0=49.817, t1=49.910, t2=50.040, t3=50.120, t4=50.098, t5=50.029, t6=49.992, t7=49.932 | max_across_ranks=50.188      3505.28     438.16     skip  NCCL zigzag ring; in-repo min_fa3 fallback block backward
megatron_hybrid_cp                  - t0=46.845, t1=46.835, t2=46.885, t3=46.919, t4=46.902, t5=46.888, t6=46.896, t7=46.904 | max_across_ranks=46.956      3746.61     468.33     skip  Megatron scheduler; 1 execution groups; P2P ring; in-repo min_fa3 fallback; forward-order phase replay; complete forward preparation excluded from backward timing; tokens(original/aligned)=131072/131072, padding=0 tokens; aligned-length Agg TFLOPS=3746.61, Avg/GPU=468.33
magi_attention                      - t0=46.811, t1=46.553, t2=46.932, t3=46.629, t4=46.926, t5=46.571, t6=46.913, t7=46.623 | max_across_ranks=47.117      3733.79     466.72     skip  chunk_size=2048, tokens(original/padded)=131072/131072, overlap_degree=2; dispatch excluded; performance-only; forward preparation excluded from backward timing
zeppelin                            - t0=40.867, t1=40.923, t2=40.965, t3=40.973, t4=40.551, t5=40.515, t6=40.587, t7=40.598 | max_across_ranks=40.982      4292.74     536.59     skip  L=4096; final_s0=4096; iterations=1; G4=2; padding=0; physical rank token loads=[16384,16384,16384,16384,16384,16384,16384,16384]; in-repo min_fa3 fallback; tokens(original/aligned)=131072/131072, padding=0 tokens; aligned-length Agg TFLOPS=4292.74, Avg/GPU=536.59
mega_ring_all_cp                128:4 t0=40.625, t1=41.363, t2=41.519, t3=41.235, t4=40.718, t5=40.859, t6=40.947, t7=40.824 | max_across_ranks=41.524      4236.69     529.59     skip  all-CP fused mega-ring; remote reset excluded; workspace=reused, reset=timed, aux_grid=exact; tokens(original/aligned)=131072/131072, padding=0 tokens; aligned-length Agg TFLOPS=4236.69, Avg/GPU=529.59
mega_ring_all_cp                124:8 t0=41.324, t1=42.189, t2=42.316, t3=42.007, t4=41.553, t5=41.563, t6=41.623, t7=41.427 | max_across_ranks=42.321      4156.91     519.61     skip  all-CP fused mega-ring; remote reset excluded; workspace=reused, reset=timed, aux_grid=exact; tokens(original/aligned)=131072/131072, padding=0 tokens; aligned-length Agg TFLOPS=4156.91, Avg/GPU=519.61
mega_ring_all_cp               120:12 t0=42.130, t1=43.053, t2=43.139, t3=42.815, t4=42.260, t5=42.501, t6=42.521, t7=42.252 | max_across_ranks=43.141      4077.91     509.74     skip  all-CP fused mega-ring; remote reset excluded; workspace=reused, reset=timed, aux_grid=exact; tokens(original/aligned)=131072/131072, padding=0 tokens; aligned-length Agg TFLOPS=4077.91, Avg/GPU=509.74
mega_ring_all_cp               116:16 t0=43.122, t1=43.852, t2=43.904, t3=43.677, t4=43.126, t5=43.475, t6=43.517, t7=43.179 | max_across_ranks=43.949      4002.93     500.37     skip  all-CP fused mega-ring; remote reset excluded; workspace=reused, reset=timed, aux_grid=exact; tokens(original/aligned)=131072/131072, padding=0 tokens; aligned-length Agg TFLOPS=4002.93, Avg/GPU=500.37
mega_ring_hybrid                128:4 t0=40.056, t1=40.487, t2=40.656, t3=40.517, t4=39.892, t5=40.374, t6=40.407, t7=40.033 | max_across_ranks=40.681      4324.48     540.56     skip  hierarchical hybrid fused mega-ring; remote reset excluded; workspace=reused, reset=timed, aux_grid=exact
mega_ring_hybrid                124:8 t0=41.065, t1=41.449, t2=41.617, t3=41.382, t4=40.930, t5=41.187, t6=41.273, t7=41.101 | max_across_ranks=41.660      4222.83     527.85     skip  hierarchical hybrid fused mega-ring; remote reset excluded; workspace=reused, reset=timed, aux_grid=exact
mega_ring_hybrid               120:12 t0=41.957, t1=42.196, t2=42.321, t3=42.177, t4=41.647, t5=42.109, t6=42.153, t7=41.913 | max_across_ranks=42.423      4146.94     518.37     skip  hierarchical hybrid fused mega-ring; remote reset excluded; workspace=reused, reset=timed, aux_grid=exact
mega_ring_hybrid               116:16 t0=42.570, t1=42.907, t2=43.045, t3=42.886, t4=42.399, t5=43.007, t6=43.026, t7=42.649 | max_across_ranks=43.236      4068.94     508.62     skip  hierarchical hybrid fused mega-ring; remote reset excluded; workspace=reused, reset=timed, aux_grid=exact

Workload: dataset=prolong, case=12/20, B=3, global_tokens=131072, global_seqlens=[65536, 61440, 4096]
Mega-ring all-CP workload: alignment=2048, global_tokens=131072, global_seqlens=[65536, 61440, 4096]
Hybrid rings: sizes=[8, 8, 4], starts=[0, 0, 0]
Zeppelin placement: L=4096, final_s0=4096, iterations=1, groups=[5, 4, 1], execution_lengths=[65540, 61440, 4096], padding=4, physical_rank_token_loads=[28468, 17204, 13108, 13108, 13108, 15360, 15360, 15360]
Timing excludes forward preparation, opaque-workspace construction, owner-accumulator reset, and the pre-launch distributed barrier; reused step-workspace reset and method-internal phase barriers are included; reported time is the average of the per-iteration max-rank end-to-end backward op times.
Method                      Comp:Comm Time ms                                                                                                            Agg TFLOPS    Avg/GPU    Check  Note
allgather_attention                 - t0=43.784, t1=43.786, t2=43.789, t3=43.792, t4=43.794, t5=43.791, t6=43.788, t7=43.782 | max_across_ranks=43.847      3777.16     472.14     skip  per-sequence KV-head-sharded all-gather (4 KVH/chunk, comm/compute overlap); in-repo min_fa3 fallback; zigzag causal
llama3_allgather_attention          - t0=42.499, t1=42.496, t2=42.484, t3=42.484, t4=42.499, t5=42.512, t6=42.519, t7=42.512 | max_across_ranks=42.558      3891.54     486.44     skip  whole-packed zigzag KV-head-sharded all-gather (4 KVH/chunk, comm/compute overlap); in-repo min_fa3 fallback; causal
fa3_ring                            - t0=47.947, t1=47.947, t2=48.025, t3=48.037, t4=48.037, t5=47.921, t6=47.931, t7=47.913 | max_across_ranks=48.169      3438.23     429.78     skip  NCCL zigzag ring; in-repo min_fa3 fallback block backward
megatron_hybrid_cp                  - t0=45.848, t1=45.861, t2=45.800, t3=45.806, t4=45.751, t5=45.748, t6=45.759, t7=45.864 | max_across_ranks=45.867      3610.77     451.35     skip  Megatron scheduler; 2 execution groups; P2P ring; in-repo min_fa3 fallback; forward-order phase replay; complete forward preparation excluded from backward timing; tokens(original/aligned)=131072/131072, padding=0 tokens; aligned-length Agg TFLOPS=3610.77, Avg/GPU=451.35
magi_attention                      - t0=45.125, t1=45.211, t2=45.199, t3=45.218, t4=45.125, t5=45.087, t6=45.212, t7=45.236 | max_across_ranks=45.265      3658.84     457.35     skip  chunk_size=2048, tokens(original/padded)=131072/131072, overlap_degree=2; dispatch excluded; performance-only; forward preparation excluded from backward timing
zeppelin                            - t0=69.109, t1=35.048, t2=34.270, t3=33.865, t4=34.118, t5=69.117, t6=69.069, t7=68.881 | max_across_ranks=69.117      2396.16     299.52     skip  L=4096; final_s0=4096; iterations=1; G1=1,G4=1,G5=1; padding=4; physical rank token loads=[28468,17204,13108,13108,13108,15360,15360,15360]; in-repo min_fa3 fallback; tokens(original/aligned)=131072/131076, padding=4 tokens; aligned-length Agg TFLOPS=2396.32, Avg/GPU=299.54
mega_ring_all_cp                128:4 t0=39.190, t1=39.188, t2=38.863, t3=38.662, t4=38.327, t5=38.385, t6=38.394, t7=38.329 | max_across_ranks=39.718      4169.79     521.22     skip  all-CP fused mega-ring; remote reset excluded; workspace=reused, reset=timed, aux_grid=exact; tokens(original/aligned)=131072/131072, padding=0 tokens; aligned-length Agg TFLOPS=4169.79, Avg/GPU=521.22
mega_ring_all_cp                124:8 t0=39.502, t1=40.044, t2=39.705, t3=39.464, t4=39.166, t5=39.165, t6=39.147, t7=38.862 | max_across_ranks=40.231      4116.62     514.58     skip  all-CP fused mega-ring; remote reset excluded; workspace=reused, reset=timed, aux_grid=exact; tokens(original/aligned)=131072/131072, padding=0 tokens; aligned-length Agg TFLOPS=4116.62, Avg/GPU=514.58
mega_ring_all_cp               120:12 t0=40.125, t1=40.910, t2=40.739, t3=40.509, t4=40.329, t5=40.303, t6=40.342, t7=40.242 | max_across_ranks=40.959      4043.43     505.43     skip  all-CP fused mega-ring; remote reset excluded; workspace=reused, reset=timed, aux_grid=exact; tokens(original/aligned)=131072/131072, padding=0 tokens; aligned-length Agg TFLOPS=4043.43, Avg/GPU=505.43
mega_ring_all_cp               116:16 t0=40.809, t1=41.440, t2=41.317, t3=41.120, t4=40.775, t5=40.948, t6=40.937, t7=40.686 | max_across_ranks=41.477      3993.01     499.13     skip  all-CP fused mega-ring; remote reset excluded; workspace=reused, reset=timed, aux_grid=exact; tokens(original/aligned)=131072/131072, padding=0 tokens; aligned-length Agg TFLOPS=3993.01, Avg/GPU=499.13
mega_ring_hybrid                128:4 t0=39.448, t1=39.461, t2=39.476, t3=39.457, t4=38.558, t5=38.359, t6=38.371, t7=38.294 | max_across_ranks=39.489      4194.02     524.25     skip  hierarchical hybrid fused mega-ring; remote reset excluded; workspace=reused, reset=timed, aux_grid=exact
mega_ring_hybrid                124:8 t0=39.858, t1=39.872, t2=39.887, t3=39.879, t4=39.292, t5=39.031, t6=38.824, t7=38.513 | max_across_ranks=39.890      4151.81     518.98     skip  hierarchical hybrid fused mega-ring; remote reset excluded; workspace=reused, reset=timed, aux_grid=exact
mega_ring_hybrid               120:12 t0=40.610, t1=40.630, t2=40.637, t3=40.625, t4=40.099, t5=39.815, t6=39.900, t7=39.707 | max_across_ranks=40.638      4075.43     509.43     skip  hierarchical hybrid fused mega-ring; remote reset excluded; workspace=reused, reset=timed, aux_grid=exact
mega_ring_hybrid               116:16 t0=41.551, t1=41.568, t2=41.572, t3=41.562, t4=41.058, t5=40.947, t6=40.957, t7=40.489 | max_across_ranks=41.595      3981.64     497.70     skip  hierarchical hybrid fused mega-ring; remote reset excluded; workspace=reused, reset=timed, aux_grid=exact

Workload: dataset=prolong, case=13/20, B=2, global_tokens=131072, global_seqlens=[65536, 65536]
Mega-ring all-CP workload: alignment=2048, global_tokens=131072, global_seqlens=[65536, 65536]
Hybrid rings: sizes=[4, 4], starts=[0, 4]
Zeppelin placement: L=4096, final_s0=4096, iterations=1, groups=[4, 4], execution_lengths=[65536, 65536], padding=0, physical_rank_token_loads=[16384, 16384, 16384, 16384, 16384, 16384, 16384, 16384]
Timing excludes forward preparation, opaque-workspace construction, owner-accumulator reset, and the pre-launch distributed barrier; reused step-workspace reset and method-internal phase barriers are included; reported time is the average of the per-iteration max-rank end-to-end backward op times.
Method                      Comp:Comm Time ms                                                                                                            Agg TFLOPS    Avg/GPU    Check  Note
allgather_attention                 - t0=46.007, t1=46.026, t2=46.040, t3=46.028, t4=46.009, t5=45.988, t6=45.970, t7=45.981 | max_across_ranks=46.065      3819.05     477.38     skip  per-sequence KV-head-sharded all-gather (4 KVH/chunk, comm/compute overlap); in-repo min_fa3 fallback; zigzag causal
llama3_allgather_attention          - t0=42.307, t1=42.318, t2=42.317, t3=42.312, t4=42.309, t5=42.304, t6=42.300, t7=42.300 | max_across_ranks=42.364      4152.65     519.08     skip  whole-packed zigzag KV-head-sharded all-gather (4 KVH/chunk, comm/compute overlap); in-repo min_fa3 fallback; causal
fa3_ring                            - t0=49.878, t1=49.916, t2=50.035, t3=50.084, t4=50.044, t5=49.971, t6=49.897, t7=49.910 | max_across_ranks=50.118      3510.23     438.78     skip  NCCL zigzag ring; in-repo min_fa3 fallback block backward
megatron_hybrid_cp                  - t0=47.033, t1=46.973, t2=47.036, t3=47.062, t4=47.057, t5=47.046, t6=47.071, t7=47.067 | max_across_ranks=47.113      3734.13     466.77     skip  Megatron scheduler; 1 execution groups; P2P ring; in-repo min_fa3 fallback; forward-order phase replay; complete forward preparation excluded from backward timing; tokens(original/aligned)=131072/131072, padding=0 tokens; aligned-length Agg TFLOPS=3734.13, Avg/GPU=466.77
magi_attention                      - t0=46.788, t1=46.606, t2=46.900, t3=46.682, t4=46.889, t5=46.625, t6=46.894, t7=46.674 | max_across_ranks=47.096      3735.47     466.93     skip  chunk_size=2048, tokens(original/padded)=131072/131072, overlap_degree=2; dispatch excluded; performance-only; forward preparation excluded from backward timing
zeppelin                            - t0=40.840, t1=40.900, t2=40.943, t3=40.953, t4=40.523, t5=40.543, t6=40.600, t7=40.608 | max_across_ranks=40.987      4292.25     536.53     skip  L=4096; final_s0=4096; iterations=1; G4=2; padding=0; physical rank token loads=[16384,16384,16384,16384,16384,16384,16384,16384]; in-repo min_fa3 fallback; tokens(original/aligned)=131072/131072, padding=0 tokens; aligned-length Agg TFLOPS=4292.25, Avg/GPU=536.53
mega_ring_all_cp                128:4 t0=40.670, t1=41.385, t2=41.580, t3=41.357, t4=40.936, t5=40.903, t6=40.897, t7=40.788 | max_across_ranks=41.582      4230.81     528.85     skip  all-CP fused mega-ring; remote reset excluded; workspace=reused, reset=timed, aux_grid=exact; tokens(original/aligned)=131072/131072, padding=0 tokens; aligned-length Agg TFLOPS=4230.81, Avg/GPU=528.85
mega_ring_all_cp                124:8 t0=41.442, t1=42.194, t2=42.273, t3=41.917, t4=41.550, t5=41.523, t6=41.615, t7=41.407 | max_across_ranks=42.297      4159.26     519.91     skip  all-CP fused mega-ring; remote reset excluded; workspace=reused, reset=timed, aux_grid=exact; tokens(original/aligned)=131072/131072, padding=0 tokens; aligned-length Agg TFLOPS=4159.26, Avg/GPU=519.91
mega_ring_all_cp               120:12 t0=42.141, t1=43.058, t2=43.175, t3=42.837, t4=42.329, t5=42.562, t6=42.631, t7=42.422 | max_across_ranks=43.186      4073.63     509.20     skip  all-CP fused mega-ring; remote reset excluded; workspace=reused, reset=timed, aux_grid=exact; tokens(original/aligned)=131072/131072, padding=0 tokens; aligned-length Agg TFLOPS=4073.63, Avg/GPU=509.20
mega_ring_all_cp               116:16 t0=43.004, t1=43.960, t2=44.019, t3=43.663, t4=43.385, t5=43.408, t6=43.460, t7=43.225 | max_across_ranks=44.026      3995.89     499.49     skip  all-CP fused mega-ring; remote reset excluded; workspace=reused, reset=timed, aux_grid=exact; tokens(original/aligned)=131072/131072, padding=0 tokens; aligned-length Agg TFLOPS=3995.89, Avg/GPU=499.49
mega_ring_hybrid                128:4 t0=40.217, t1=40.516, t2=40.661, t3=40.424, t4=39.988, t5=40.358, t6=40.437, t7=40.123 | max_across_ranks=40.761      4315.96     539.50     skip  hierarchical hybrid fused mega-ring; remote reset excluded; workspace=reused, reset=timed, aux_grid=exact
mega_ring_hybrid                124:8 t0=41.134, t1=41.693, t2=41.720, t3=41.292, t4=40.807, t5=41.206, t6=41.253, t7=41.111 | max_across_ranks=41.744      4214.42     526.80     skip  hierarchical hybrid fused mega-ring; remote reset excluded; workspace=reused, reset=timed, aux_grid=exact
mega_ring_hybrid               120:12 t0=41.930, t1=42.158, t2=42.319, t3=42.228, t4=41.674, t5=42.028, t6=42.074, t7=41.888 | max_across_ranks=42.401      4149.04     518.63     skip  hierarchical hybrid fused mega-ring; remote reset excluded; workspace=reused, reset=timed, aux_grid=exact
mega_ring_hybrid               116:16 t0=42.711, t1=42.952, t2=43.010, t3=42.813, t4=42.438, t5=43.013, t6=43.087, t7=42.792 | max_across_ranks=43.206      4071.74     508.97     skip  hierarchical hybrid fused mega-ring; remote reset excluded; workspace=reused, reset=timed, aux_grid=exact

Workload: dataset=prolong, case=14/20, B=3, global_tokens=131584, global_seqlens=[65536, 65536, 512]
Mega-ring all-CP workload: alignment=2048, global_tokens=133120, global_seqlens=[65536, 65536, 2048]
Hybrid rings: sizes=[4, 4, 1], starts=[0, 4, 0]
Zeppelin placement: L=4096, final_s0=4096, iterations=1, groups=[4, 4, 1], execution_lengths=[65536, 65536, 512], padding=0, physical_rank_token_loads=[16896, 16384, 16384, 16384, 16384, 16384, 16384, 16384]
Timing excludes forward preparation, opaque-workspace construction, owner-accumulator reset, and the pre-launch distributed barrier; reused step-workspace reset and method-internal phase barriers are included; reported time is the average of the per-iteration max-rank end-to-end backward op times.
Method                      Comp:Comm Time ms                                                                                                            Agg TFLOPS    Avg/GPU    Check  Note
allgather_attention                 - t0=46.153, t1=46.167, t2=46.170, t3=46.154, t4=46.137, t5=46.126, t6=46.120, t7=46.131 | max_across_ranks=46.203      3807.77     475.97     skip  per-sequence KV-head-sharded all-gather (4 KVH/chunk, comm/compute overlap); in-repo min_fa3 fallback; zigzag causal
llama3_allgather_attention          - t0=42.993, t1=43.007, t2=42.996, t3=42.987, t4=42.979, t5=42.967, t6=42.973, t7=42.977 | max_across_ranks=43.043      4087.34     510.92     skip  whole-packed zigzag KV-head-sharded all-gather (4 KVH/chunk, comm/compute overlap); in-repo min_fa3 fallback; causal
fa3_ring                            - t0=49.908, t1=49.927, t2=50.031, t3=50.062, t4=50.043, t5=49.972, t6=49.954, t7=49.908 | max_across_ranks=50.127      3509.67     438.71     skip  NCCL zigzag ring; in-repo min_fa3 fallback block backward
megatron_hybrid_cp                  - t0=47.998, t1=47.978, t2=47.920, t3=47.919, t4=47.925, t5=47.914, t6=47.939, t7=47.985 | max_across_ranks=48.025      3663.33     457.92     skip  Megatron scheduler; 2 execution groups; P2P ring; in-repo min_fa3 fallback; forward-order phase replay; complete forward preparation excluded from backward timing; tokens(original/aligned)=131584/133120, padding=1536 tokens; aligned-length Agg TFLOPS=3665.01, Avg/GPU=458.13
magi_attention                      - t0=48.906, t1=49.011, t2=48.813, t3=48.969, t4=48.940, t5=48.999, t6=48.853, t7=48.896 | max_across_ranks=49.033      3587.98     448.50     skip  chunk_size=2056, tokens(original/padded)=131584/131584, overlap_degree=2; dispatch excluded; performance-only; forward preparation excluded from backward timing
zeppelin                            - t0=40.965, t1=40.953, t2=40.986, t3=40.990, t4=40.638, t5=40.648, t6=40.710, t7=40.718 | max_across_ranks=41.091      4281.42     535.18     skip  L=4096; final_s0=4096; iterations=1; G1=1,G4=2; padding=0; physical rank token loads=[16896,16384,16384,16384,16384,16384,16384,16384]; in-repo min_fa3 fallback; tokens(original/aligned)=131584/131584, padding=0 tokens; aligned-length Agg TFLOPS=4281.42, Avg/GPU=535.18
mega_ring_all_cp                128:4 t0=40.863, t1=41.568, t2=41.590, t3=41.379, t4=41.016, t5=40.941, t6=41.085, t7=40.841 | max_across_ranks=41.625      4226.57     528.32     skip  all-CP fused mega-ring; remote reset excluded; workspace=reused, reset=timed, aux_grid=exact; tokens(original/aligned)=131584/133120, padding=1536 tokens; aligned-length Agg TFLOPS=4228.51, Avg/GPU=528.56
mega_ring_all_cp                124:8 t0=41.521, t1=42.173, t2=42.404, t3=42.132, t4=41.581, t5=41.635, t6=41.724, t7=41.541 | max_across_ranks=42.407      4148.65     518.58     skip  all-CP fused mega-ring; remote reset excluded; workspace=reused, reset=timed, aux_grid=exact; tokens(original/aligned)=131584/133120, padding=1536 tokens; aligned-length Agg TFLOPS=4150.55, Avg/GPU=518.82
mega_ring_all_cp               120:12 t0=42.304, t1=43.116, t2=43.270, t3=42.936, t4=42.432, t5=42.340, t6=42.494, t7=42.379 | max_across_ranks=43.284      4064.52     508.06     skip  all-CP fused mega-ring; remote reset excluded; workspace=reused, reset=timed, aux_grid=exact; tokens(original/aligned)=131584/133120, padding=1536 tokens; aligned-length Agg TFLOPS=4066.38, Avg/GPU=508.30
mega_ring_all_cp               116:16 t0=43.331, t1=43.789, t2=43.978, t3=43.841, t4=43.426, t5=43.439, t6=43.547, t7=43.405 | max_across_ranks=43.991      3999.25     499.91     skip  all-CP fused mega-ring; remote reset excluded; workspace=reused, reset=timed, aux_grid=exact; tokens(original/aligned)=131584/133120, padding=1536 tokens; aligned-length Agg TFLOPS=4001.08, Avg/GPU=500.14
mega_ring_hybrid                128:4 t0=40.233, t1=40.530, t2=40.666, t3=40.516, t4=39.941, t5=40.240, t6=40.309, t7=40.173 | max_across_ranks=40.694      4323.26     540.41     skip  hierarchical hybrid fused mega-ring; remote reset excluded; workspace=reused, reset=timed, aux_grid=exact
mega_ring_hybrid                124:8 t0=41.162, t1=41.529, t2=41.574, t3=41.322, t4=40.896, t5=41.408, t6=41.500, t7=41.321 | max_across_ranks=41.644      4224.59     528.07     skip  hierarchical hybrid fused mega-ring; remote reset excluded; workspace=reused, reset=timed, aux_grid=exact
mega_ring_hybrid               120:12 t0=41.917, t1=42.307, t2=42.413, t3=42.193, t4=41.670, t5=42.043, t6=42.167, t7=42.013 | max_across_ranks=42.473      4142.15     517.77     skip  hierarchical hybrid fused mega-ring; remote reset excluded; workspace=reused, reset=timed, aux_grid=exact
mega_ring_hybrid               116:16 t0=42.605, t1=43.052, t2=43.116, t3=42.914, t4=42.351, t5=42.997, t6=43.072, t7=42.677 | max_across_ranks=43.159      4076.29     509.54     skip  hierarchical hybrid fused mega-ring; remote reset excluded; workspace=reused, reset=timed, aux_grid=exact

Workload: dataset=prolong, case=15/20, B=5, global_tokens=132096, global_seqlens=[65536, 65536, 512, 256, 256]
Mega-ring all-CP workload: alignment=2048, global_tokens=137216, global_seqlens=[65536, 65536, 2048, 2048, 2048]
Hybrid rings: sizes=[4, 4, 1, 1, 1], starts=[0, 4, 0, 1, 2]
Zeppelin placement: L=4096, final_s0=4096, iterations=1, groups=[4, 4, 1, 1, 1], execution_lengths=[65536, 65536, 512, 256, 256], padding=0, physical_rank_token_loads=[16896, 16640, 16640, 16384, 16384, 16384, 16384, 16384]
Timing excludes forward preparation, opaque-workspace construction, owner-accumulator reset, and the pre-launch distributed barrier; reused step-workspace reset and method-internal phase barriers are included; reported time is the average of the per-iteration max-rank end-to-end backward op times.
Method                      Comp:Comm Time ms                                                                                                            Agg TFLOPS    Avg/GPU    Check  Note
allgather_attention                 - t0=46.389, t1=46.398, t2=46.388, t3=46.366, t4=46.350, t5=46.341, t6=46.350, t7=46.367 | max_across_ranks=46.427      3789.46     473.68     skip  per-sequence KV-head-sharded all-gather (4 KVH/chunk, comm/compute overlap); in-repo min_fa3 fallback; zigzag causal
llama3_allgather_attention          - t0=43.286, t1=43.301, t2=43.305, t3=43.308, t4=43.304, t5=43.289, t6=43.282, t7=43.277 | max_across_ranks=43.352      4058.21     507.28     skip  whole-packed zigzag KV-head-sharded all-gather (4 KVH/chunk, comm/compute overlap); in-repo min_fa3 fallback; causal
fa3_ring                            - t0=50.117, t1=50.158, t2=50.208, t3=50.212, t4=50.140, t5=50.084, t6=50.074, t7=50.079 | max_across_ranks=50.322      3496.14     437.02     skip  NCCL zigzag ring; in-repo min_fa3 fallback block backward
megatron_hybrid_cp                  - t0=47.813, t1=47.767, t2=47.848, t3=47.814, t4=47.472, t5=47.444, t6=47.490, t7=47.528 | max_across_ranks=47.848      3676.90     459.61     skip  Megatron scheduler; 2 execution groups; P2P ring; in-repo min_fa3 fallback; forward-order phase replay; complete forward preparation excluded from backward timing; tokens(original/aligned)=132096/133120, padding=1024 tokens; aligned-length Agg TFLOPS=3677.40, Avg/GPU=459.68
magi_attention                      - t0=49.565, t1=49.669, t2=49.656, t3=49.750, t4=49.702, t5=49.660, t6=49.620, t7=49.654 | max_across_ranks=49.754      3536.07     442.01     skip  chunk_size=2064, tokens(original/padded)=132096/132096, overlap_degree=2; dispatch excluded; performance-only; forward preparation excluded from backward timing
zeppelin                            - t0=40.947, t1=40.970, t2=40.999, t3=40.943, t4=40.637, t5=40.610, t6=40.692, t7=40.697 | max_across_ranks=41.045      4286.33     535.79     skip  L=4096; final_s0=4096; iterations=1; G1=3,G4=2; padding=0; physical rank token loads=[16896,16640,16640,16384,16384,16384,16384,16384]; in-repo min_fa3 fallback; tokens(original/aligned)=132096/132096, padding=0 tokens; aligned-length Agg TFLOPS=4286.33, Avg/GPU=535.79
mega_ring_all_cp                128:4 t0=40.926, t1=41.644, t2=41.815, t3=41.635, t4=41.044, t5=41.133, t6=41.219, t7=40.907 | max_across_ranks=41.827      4206.18     525.77     skip  all-CP fused mega-ring; remote reset excluded; workspace=reused, reset=timed, aux_grid=exact; tokens(original/aligned)=132096/137216, padding=5120 tokens; aligned-length Agg TFLOPS=4212.15, Avg/GPU=526.52
mega_ring_all_cp                124:8 t0=41.562, t1=42.458, t2=42.550, t3=42.229, t4=41.686, t5=41.875, t6=41.923, t7=41.594 | max_across_ranks=42.552      4134.49     516.81     skip  all-CP fused mega-ring; remote reset excluded; workspace=reused, reset=timed, aux_grid=exact; tokens(original/aligned)=132096/137216, padding=5120 tokens; aligned-length Agg TFLOPS=4140.36, Avg/GPU=517.54
mega_ring_all_cp               120:12 t0=42.409, t1=43.204, t2=43.346, t3=43.130, t4=42.604, t5=42.612, t6=42.656, t7=42.474 | max_across_ranks=43.354      4058.06     507.26     skip  all-CP fused mega-ring; remote reset excluded; workspace=reused, reset=timed, aux_grid=exact; tokens(original/aligned)=132096/137216, padding=5120 tokens; aligned-length Agg TFLOPS=4063.82, Avg/GPU=507.98
mega_ring_all_cp               116:16 t0=43.324, t1=43.965, t2=44.132, t3=44.023, t4=43.667, t5=43.667, t6=43.753, t7=43.529 | max_across_ranks=44.165      3983.54     497.94     skip  all-CP fused mega-ring; remote reset excluded; workspace=reused, reset=timed, aux_grid=exact; tokens(original/aligned)=132096/137216, padding=5120 tokens; aligned-length Agg TFLOPS=3989.20, Avg/GPU=498.65
mega_ring_hybrid                128:4 t0=40.228, t1=40.487, t2=40.686, t3=40.545, t4=39.952, t5=40.420, t6=40.407, t7=40.163 | max_across_ranks=40.748      4317.62     539.70     skip  hierarchical hybrid fused mega-ring; remote reset excluded; workspace=reused, reset=timed, aux_grid=exact
mega_ring_hybrid                124:8 t0=41.065, t1=41.342, t2=41.712, t3=41.538, t4=40.838, t5=41.377, t6=41.357, t7=41.135 | max_across_ranks=41.810      4207.94     525.99     skip  hierarchical hybrid fused mega-ring; remote reset excluded; workspace=reused, reset=timed, aux_grid=exact
mega_ring_hybrid               120:12 t0=42.109, t1=42.213, t2=42.398, t3=42.289, t4=41.903, t5=42.101, t6=42.141, t7=42.040 | max_across_ranks=42.455      4143.94     517.99     skip  hierarchical hybrid fused mega-ring; remote reset excluded; workspace=reused, reset=timed, aux_grid=exact
mega_ring_hybrid               116:16 t0=42.781, t1=42.988, t2=43.140, t3=42.970, t4=42.547, t5=43.189, t6=43.166, t7=42.808 | max_across_ranks=43.331      4060.19     507.52     skip  hierarchical hybrid fused mega-ring; remote reset excluded; workspace=reused, reset=timed, aux_grid=exact

Workload: dataset=prolong, case=16/20, B=2, global_tokens=131072, global_seqlens=[65536, 65536]
Mega-ring all-CP workload: alignment=2048, global_tokens=131072, global_seqlens=[65536, 65536]
Hybrid rings: sizes=[4, 4], starts=[0, 4]
Zeppelin placement: L=4096, final_s0=4096, iterations=1, groups=[4, 4], execution_lengths=[65536, 65536], padding=0, physical_rank_token_loads=[16384, 16384, 16384, 16384, 16384, 16384, 16384, 16384]
Timing excludes forward preparation, opaque-workspace construction, owner-accumulator reset, and the pre-launch distributed barrier; reused step-workspace reset and method-internal phase barriers are included; reported time is the average of the per-iteration max-rank end-to-end backward op times.
Method                      Comp:Comm Time ms                                                                                                            Agg TFLOPS    Avg/GPU    Check  Note
allgather_attention                 - t0=45.969, t1=45.978, t2=45.978, t3=45.977, t4=45.969, t5=45.960, t6=45.959, t7=45.957 | max_across_ranks=46.025      3822.34     477.79     skip  per-sequence KV-head-sharded all-gather (4 KVH/chunk, comm/compute overlap); in-repo min_fa3 fallback; zigzag causal
llama3_allgather_attention          - t0=42.379, t1=42.393, t2=42.401, t3=42.391, t4=42.379, t5=42.367, t6=42.364, t7=42.364 | max_across_ranks=42.442      4145.07     518.13     skip  whole-packed zigzag KV-head-sharded all-gather (4 KVH/chunk, comm/compute overlap); in-repo min_fa3 fallback; causal
fa3_ring                            - t0=49.914, t1=50.006, t2=50.107, t3=50.149, t4=50.094, t5=50.074, t6=49.981, t7=49.961 | max_across_ranks=50.236      3501.95     437.74     skip  NCCL zigzag ring; in-repo min_fa3 fallback block backward
megatron_hybrid_cp                  - t0=47.092, t1=47.057, t2=47.133, t3=47.180, t4=47.175, t5=47.176, t6=47.183, t7=47.180 | max_across_ranks=47.243      3723.83     465.48     skip  Megatron scheduler; 1 execution groups; P2P ring; in-repo min_fa3 fallback; forward-order phase replay; complete forward preparation excluded from backward timing; tokens(original/aligned)=131072/131072, padding=0 tokens; aligned-length Agg TFLOPS=3723.83, Avg/GPU=465.48
magi_attention                      - t0=46.753, t1=46.818, t2=46.865, t3=46.910, t4=46.864, t5=46.881, t6=46.862, t7=46.899 | max_across_ranks=47.168      3729.77     466.22     skip  chunk_size=2048, tokens(original/padded)=131072/131072, overlap_degree=2; dispatch excluded; performance-only; forward preparation excluded from backward timing
zeppelin                            - t0=40.965, t1=40.972, t2=41.025, t3=41.036, t4=40.609, t5=40.600, t6=40.668, t7=40.678 | max_across_ranks=41.046      4286.00     535.75     skip  L=4096; final_s0=4096; iterations=1; G4=2; padding=0; physical rank token loads=[16384,16384,16384,16384,16384,16384,16384,16384]; in-repo min_fa3 fallback; tokens(original/aligned)=131072/131072, padding=0 tokens; aligned-length Agg TFLOPS=4286.00, Avg/GPU=535.75
mega_ring_all_cp                128:4 t0=40.655, t1=41.473, t2=41.531, t3=41.429, t4=41.252, t5=40.961, t6=41.062, t7=40.847 | max_across_ranks=41.628      4226.13     528.27     skip  all-CP fused mega-ring; remote reset excluded; workspace=reused, reset=timed, aux_grid=exact; tokens(original/aligned)=131072/131072, padding=0 tokens; aligned-length Agg TFLOPS=4226.13, Avg/GPU=528.27
mega_ring_all_cp                124:8 t0=41.256, t1=42.245, t2=42.432, t3=42.220, t4=41.691, t5=41.528, t6=41.672, t7=41.555 | max_across_ranks=42.445      4144.73     518.09     skip  all-CP fused mega-ring; remote reset excluded; workspace=reused, reset=timed, aux_grid=exact; tokens(original/aligned)=131072/131072, padding=0 tokens; aligned-length Agg TFLOPS=4144.73, Avg/GPU=518.09
mega_ring_all_cp               120:12 t0=42.232, t1=43.078, t2=43.219, t3=42.977, t4=42.683, t5=42.455, t6=42.495, t7=42.297 | max_across_ranks=43.234      4069.11     508.64     skip  all-CP fused mega-ring; remote reset excluded; workspace=reused, reset=timed, aux_grid=exact; tokens(original/aligned)=131072/131072, padding=0 tokens; aligned-length Agg TFLOPS=4069.11, Avg/GPU=508.64
mega_ring_all_cp               116:16 t0=43.124, t1=43.795, t2=43.911, t3=43.764, t4=43.628, t5=43.491, t6=43.618, t7=43.448 | max_across_ranks=43.958      4002.07     500.26     skip  all-CP fused mega-ring; remote reset excluded; workspace=reused, reset=timed, aux_grid=exact; tokens(original/aligned)=131072/131072, padding=0 tokens; aligned-length Agg TFLOPS=4002.07, Avg/GPU=500.26
mega_ring_hybrid                128:4 t0=40.373, t1=40.527, t2=40.652, t3=40.617, t4=39.954, t5=40.383, t6=40.469, t7=40.338 | max_across_ranks=40.732      4319.06     539.88     skip  hierarchical hybrid fused mega-ring; remote reset excluded; workspace=reused, reset=timed, aux_grid=exact
mega_ring_hybrid                124:8 t0=41.297, t1=41.474, t2=41.616, t3=41.464, t4=40.877, t5=41.434, t6=41.463, t7=41.243 | max_across_ranks=41.668      4222.04     527.76     skip  hierarchical hybrid fused mega-ring; remote reset excluded; workspace=reused, reset=timed, aux_grid=exact
mega_ring_hybrid               120:12 t0=42.167, t1=42.258, t2=42.320, t3=42.229, t4=41.768, t5=42.033, t6=42.323, t7=42.228 | max_across_ranks=42.506      4138.83     517.35     skip  hierarchical hybrid fused mega-ring; remote reset excluded; workspace=reused, reset=timed, aux_grid=exact
mega_ring_hybrid               116:16 t0=42.852, t1=43.130, t2=43.215, t3=43.039, t4=42.484, t5=42.892, t6=42.996, t7=42.909 | max_across_ranks=43.265      4066.22     508.28     skip  hierarchical hybrid fused mega-ring; remote reset excluded; workspace=reused, reset=timed, aux_grid=exact

Workload: dataset=prolong, case=17/20, B=4, global_tokens=131584, global_seqlens=[65536, 63488, 2048, 512]
Mega-ring all-CP workload: alignment=2048, global_tokens=133120, global_seqlens=[65536, 63488, 2048, 2048]
Hybrid rings: sizes=[4, 4, 2, 1], starts=[0, 4, 6, 4]
Zeppelin placement: L=4096, final_s0=4096, iterations=1, groups=[5, 4, 1, 1], execution_lengths=[65540, 63488, 2048, 512], padding=4, physical_rank_token_loads=[31028, 13620, 13108, 13108, 13108, 15872, 15872, 15872]
Timing excludes forward preparation, opaque-workspace construction, owner-accumulator reset, and the pre-launch distributed barrier; reused step-workspace reset and method-internal phase barriers are included; reported time is the average of the per-iteration max-rank end-to-end backward op times.
Method                      Comp:Comm Time ms                                                                                                            Agg TFLOPS    Avg/GPU    Check  Note
allgather_attention                 - t0=45.073, t1=45.089, t2=45.089, t3=45.084, t4=45.070, t5=45.055, t6=45.052, t7=45.055 | max_across_ranks=45.131      3780.18     472.52     skip  per-sequence KV-head-sharded all-gather (4 KVH/chunk, comm/compute overlap); in-repo min_fa3 fallback; zigzag causal
llama3_allgather_attention          - t0=43.081, t1=43.104, t2=43.111, t3=43.101, t4=43.084, t5=43.064, t6=43.050, t7=43.060 | max_across_ranks=43.142      3954.50     494.31     skip  whole-packed zigzag KV-head-sharded all-gather (4 KVH/chunk, comm/compute overlap); in-repo min_fa3 fallback; causal
fa3_ring                            - t0=48.902, t1=48.913, t2=48.996, t3=48.987, t4=48.974, t5=48.913, t6=48.910, t7=48.903 | max_across_ranks=49.110      3473.94     434.24     skip  NCCL zigzag ring; in-repo min_fa3 fallback block backward
megatron_hybrid_cp                  - t0=46.898, t1=46.856, t2=46.926, t3=46.895, t4=46.884, t5=46.871, t6=46.884, t7=46.905 | max_across_ranks=46.950      3633.73     454.22     skip  Megatron scheduler; 2 execution groups; P2P ring; in-repo min_fa3 fallback; forward-order phase replay; complete forward preparation excluded from backward timing; tokens(original/aligned)=131584/132096, padding=512 tokens; aligned-length Agg TFLOPS=3634.07, Avg/GPU=454.26
magi_attention                      - t0=47.659, t1=47.650, t2=47.754, t3=47.714, t4=47.773, t5=47.741, t6=47.701, t7=47.763 | max_across_ranks=47.808      3568.53     446.07     skip  chunk_size=2056, tokens(original/padded)=131584/131584, overlap_degree=2; dispatch excluded; performance-only; forward preparation excluded from backward timing
zeppelin                            - t0=72.572, t1=34.221, t2=34.080, t3=33.672, t4=33.932, t5=72.317, t6=72.265, t7=72.071 | max_across_ranks=72.572      2350.84     293.85     skip  L=4096; final_s0=4096; iterations=1; G1=2,G4=1,G5=1; padding=4; physical rank token loads=[31028,13620,13108,13108,13108,15872,15872,15872]; in-repo min_fa3 fallback; tokens(original/aligned)=131584/131588, padding=4 tokens; aligned-length Agg TFLOPS=2350.99, Avg/GPU=293.87
mega_ring_all_cp                128:4 t0=40.335, t1=40.757, t2=39.798, t3=39.621, t4=39.123, t5=39.746, t6=39.510, t7=39.405 | max_across_ranks=41.216      4139.26     517.41     skip  all-CP fused mega-ring; remote reset excluded; workspace=reused, reset=timed, aux_grid=exact; tokens(original/aligned)=131584/133120, padding=1536 tokens; aligned-length Agg TFLOPS=4141.21, Avg/GPU=517.65
mega_ring_all_cp                124:8 t0=40.497, t1=40.956, t2=40.710, t3=40.567, t4=40.027, t5=40.288, t6=40.237, t7=39.962 | max_across_ranks=41.291      4131.78     516.47     skip  all-CP fused mega-ring; remote reset excluded; workspace=reused, reset=timed, aux_grid=exact; tokens(original/aligned)=131584/133120, padding=1536 tokens; aligned-length Agg TFLOPS=4133.73, Avg/GPU=516.72
mega_ring_all_cp               120:12 t0=41.382, t1=42.115, t2=42.036, t3=41.781, t4=41.477, t5=41.803, t6=41.806, t7=41.487 | max_across_ranks=42.455      4018.43     502.30     skip  all-CP fused mega-ring; remote reset excluded; workspace=reused, reset=timed, aux_grid=exact; tokens(original/aligned)=131584/133120, padding=1536 tokens; aligned-length Agg TFLOPS=4020.33, Avg/GPU=502.54
mega_ring_all_cp               116:16 t0=42.221, t1=42.716, t2=42.722, t3=42.522, t4=42.020, t5=42.246, t6=42.295, t7=42.096 | max_across_ranks=42.884      3978.25     497.28     skip  all-CP fused mega-ring; remote reset excluded; workspace=reused, reset=timed, aux_grid=exact; tokens(original/aligned)=131584/133120, padding=1536 tokens; aligned-length Agg TFLOPS=3980.13, Avg/GPU=497.52
mega_ring_hybrid                128:4 t0=40.053, t1=40.589, t2=40.653, t3=40.263, t4=37.086, t5=37.134, t6=37.322, t7=37.209 | max_across_ranks=40.666      4195.22     524.40     skip  hierarchical hybrid fused mega-ring; remote reset excluded; workspace=reused, reset=timed, aux_grid=exact
mega_ring_hybrid                124:8 t0=41.124, t1=41.668, t2=41.759, t3=41.495, t4=37.614, t5=37.796, t6=37.690, t7=37.489 | max_across_ranks=41.760      4085.32     510.66     skip  hierarchical hybrid fused mega-ring; remote reset excluded; workspace=reused, reset=timed, aux_grid=exact
mega_ring_hybrid               120:12 t0=42.040, t1=42.307, t2=42.395, t3=42.166, t4=38.457, t5=38.730, t6=38.814, t7=38.503 | max_across_ranks=42.405      4023.22     502.90     skip  hierarchical hybrid fused mega-ring; remote reset excluded; workspace=reused, reset=timed, aux_grid=exact
mega_ring_hybrid               116:16 t0=42.689, t1=43.051, t2=43.133, t3=42.908, t4=39.477, t5=39.576, t6=39.655, t7=39.414 | max_across_ranks=43.141      3954.58     494.32     skip  hierarchical hybrid fused mega-ring; remote reset excluded; workspace=reused, reset=timed, aux_grid=exact

Workload: dataset=prolong, case=18/20, B=4, global_tokens=131840, global_seqlens=[20480, 65536, 45056, 768]
Mega-ring all-CP workload: alignment=2048, global_tokens=133120, global_seqlens=[20480, 65536, 45056, 2048]
Hybrid rings: sizes=[8, 8, 8, 1], starts=[0, 0, 0, 0]
Zeppelin placement: L=4096, final_s0=4096, iterations=1, groups=[1, 6, 3, 1], execution_lengths=[20480, 65544, 45060, 768], padding=12, physical_rank_token_loads=[26712, 31404, 10924, 10924, 10924, 10924, 15020, 15020]
Timing excludes forward preparation, opaque-workspace construction, owner-accumulator reset, and the pre-launch distributed barrier; reused step-workspace reset and method-internal phase barriers are included; reported time is the average of the per-iteration max-rank end-to-end backward op times.
Method                      Comp:Comm Time ms                                                                                                            Agg TFLOPS    Avg/GPU    Check  Note
allgather_attention                 - t0=37.783, t1=37.791, t2=37.795, t3=37.783, t4=37.774, t5=37.768, t6=37.764, t7=37.772 | max_across_ranks=37.837      3650.93     456.37     skip  per-sequence KV-head-sharded all-gather (4 KVH/chunk, comm/compute overlap); in-repo min_fa3 fallback; zigzag causal
llama3_allgather_attention          - t0=57.639, t1=57.604, t2=57.564, t3=57.567, t4=57.602, t5=57.639, t6=57.680, t7=57.668 | max_across_ranks=57.687      2394.68     299.33     skip  whole-packed zigzag KV-head-sharded all-gather (4 KVH/chunk, comm/compute overlap); in-repo min_fa3 fallback; causal
fa3_ring                            - t0=43.875, t1=43.858, t2=43.775, t3=43.711, t4=43.776, t5=43.835, t6=43.896, t7=43.900 | max_across_ranks=44.012      3138.70     392.34     skip  NCCL zigzag ring; in-repo min_fa3 fallback block backward
megatron_hybrid_cp                  - t0=41.410, t1=41.410, t2=41.435, t3=41.427, t4=37.144, t5=37.143, t6=37.125, t7=37.178 | max_across_ranks=41.438      3333.66     416.71     skip  Megatron scheduler; 2 execution groups; P2P ring; in-repo min_fa3 fallback; forward-order phase replay; complete forward preparation excluded from backward timing; tokens(original/aligned)=131840/132096, padding=256 tokens; aligned-length Agg TFLOPS=3333.89, Avg/GPU=416.74
magi_attention                      - t0=39.576, t1=39.658, t2=39.606, t3=39.684, t4=39.702, t5=39.650, t6=39.603, t7=39.656 | max_across_ranks=39.724      3477.52     434.69     skip  chunk_size=2060, tokens(original/padded)=131840/131840, overlap_degree=2; dispatch excluded; performance-only; forward preparation excluded from backward timing
zeppelin                            - t0=55.882, t1=43.673, t2=30.041, t3=29.466, t4=29.632, t5=29.869, t6=55.802, t7=55.753 | max_across_ranks=55.882      2472.03     309.00     skip  L=4096; final_s0=4096; iterations=1; G1=2,G3=1,G6=1; padding=12; physical rank token loads=[26712,31404,10924,10924,10924,10924,15020,15020]; in-repo min_fa3 fallback; tokens(original/aligned)=131840/131852, padding=12 tokens; aligned-length Agg TFLOPS=2472.55, Avg/GPU=309.07
mega_ring_all_cp                128:4 t0=32.694, t1=33.227, t2=33.698, t3=32.932, t4=32.735, t5=32.504, t6=32.279, t7=32.127 | max_across_ranks=34.085      4052.82     506.60     skip  all-CP fused mega-ring; remote reset excluded; workspace=reused, reset=timed, aux_grid=exact; tokens(original/aligned)=131840/133120, padding=1280 tokens; aligned-length Agg TFLOPS=4054.99, Avg/GPU=506.87
mega_ring_all_cp                124:8 t0=33.278, t1=33.846, t2=34.144, t3=33.421, t4=33.228, t5=33.068, t6=33.048, t7=32.907 | max_across_ranks=34.245      4033.90     504.24     skip  all-CP fused mega-ring; remote reset excluded; workspace=reused, reset=timed, aux_grid=exact; tokens(original/aligned)=131840/133120, padding=1280 tokens; aligned-length Agg TFLOPS=4036.06, Avg/GPU=504.51
mega_ring_all_cp               120:12 t0=33.826, t1=34.343, t2=34.423, t3=33.981, t4=33.798, t5=33.797, t6=33.927, t7=33.602 | max_across_ranks=34.599      3992.66     499.08     skip  all-CP fused mega-ring; remote reset excluded; workspace=reused, reset=timed, aux_grid=exact; tokens(original/aligned)=131840/133120, padding=1280 tokens; aligned-length Agg TFLOPS=3994.80, Avg/GPU=499.35
mega_ring_all_cp               116:16 t0=34.472, t1=35.100, t2=35.156, t3=34.860, t4=34.793, t5=34.523, t6=34.562, t7=34.307 | max_across_ranks=35.370      3905.58     488.20     skip  all-CP fused mega-ring; remote reset excluded; workspace=reused, reset=timed, aux_grid=exact; tokens(original/aligned)=131840/133120, padding=1280 tokens; aligned-length Agg TFLOPS=3907.66, Avg/GPU=488.46
mega_ring_hybrid                128:4 t0=32.740, t1=33.060, t2=33.160, t3=32.983, t4=32.908, t5=32.643, t6=32.733, t7=32.571 | max_across_ranks=33.262      4153.08     519.14     skip  hierarchical hybrid fused mega-ring; remote reset excluded; workspace=reused, reset=timed, aux_grid=exact
mega_ring_hybrid                124:8 t0=33.185, t1=33.667, t2=33.666, t3=33.408, t4=33.345, t5=33.153, t6=33.149, t7=32.890 | max_across_ranks=33.771      4090.55     511.32     skip  hierarchical hybrid fused mega-ring; remote reset excluded; workspace=reused, reset=timed, aux_grid=exact
mega_ring_hybrid               120:12 t0=33.760, t1=34.351, t2=34.384, t3=34.077, t4=34.015, t5=33.850, t6=33.909, t7=33.699 | max_across_ranks=34.460      4008.77     501.10     skip  hierarchical hybrid fused mega-ring; remote reset excluded; workspace=reused, reset=timed, aux_grid=exact
mega_ring_hybrid               116:16 t0=34.605, t1=35.010, t2=35.018, t3=34.842, t4=34.800, t5=34.472, t6=34.494, t7=34.447 | max_across_ranks=35.055      3940.66     492.58     skip  hierarchical hybrid fused mega-ring; remote reset excluded; workspace=reused, reset=timed, aux_grid=exact

Workload: dataset=prolong, case=19/20, B=4, global_tokens=132096, global_seqlens=[65536, 65536, 512, 512]
Mega-ring all-CP workload: alignment=2048, global_tokens=135168, global_seqlens=[65536, 65536, 2048, 2048]
Hybrid rings: sizes=[4, 4, 1, 1], starts=[0, 4, 0, 1]
Zeppelin placement: L=4096, final_s0=4096, iterations=1, groups=[4, 4, 1, 1], execution_lengths=[65536, 65536, 512, 512], padding=0, physical_rank_token_loads=[16896, 16896, 16384, 16384, 16384, 16384, 16384, 16384]
Timing excludes forward preparation, opaque-workspace construction, owner-accumulator reset, and the pre-launch distributed barrier; reused step-workspace reset and method-internal phase barriers are included; reported time is the average of the per-iteration max-rank end-to-end backward op times.
Method                      Comp:Comm Time ms                                                                                                            Agg TFLOPS    Avg/GPU    Check  Note
allgather_attention                 - t0=46.417, t1=46.428, t2=46.425, t3=46.419, t4=46.415, t5=46.405, t6=46.405, t7=46.407 | max_across_ranks=46.474      3785.68     473.21     skip  per-sequence KV-head-sharded all-gather (4 KVH/chunk, comm/compute overlap); in-repo min_fa3 fallback; zigzag causal
llama3_allgather_attention          - t0=43.214, t1=43.235, t2=43.244, t3=43.243, t4=43.231, t5=43.217, t6=43.208, t7=43.202 | max_across_ranks=43.279      4065.10     508.14     skip  whole-packed zigzag KV-head-sharded all-gather (4 KVH/chunk, comm/compute overlap); in-repo min_fa3 fallback; causal
fa3_ring                            - t0=49.916, t1=49.946, t2=50.052, t3=50.111, t4=50.088, t5=50.046, t6=49.984, t7=49.980 | max_across_ranks=50.197      3504.87     438.11     skip  NCCL zigzag ring; in-repo min_fa3 fallback block backward
megatron_hybrid_cp                  - t0=47.779, t1=47.744, t2=47.808, t3=47.774, t4=47.792, t5=47.785, t6=47.794, t7=47.819 | max_across_ranks=47.835      3677.97     459.75     skip  Megatron scheduler; 2 execution groups; P2P ring; in-repo min_fa3 fallback; forward-order phase replay; complete forward preparation excluded from backward timing; tokens(original/aligned)=132096/133120, padding=1024 tokens; aligned-length Agg TFLOPS=3678.64, Avg/GPU=459.83
magi_attention                      - t0=49.361, t1=49.469, t2=49.464, t3=49.540, t4=49.494, t5=49.460, t6=49.421, t7=49.455 | max_across_ranks=49.554      3550.39     443.80     skip  chunk_size=2064, tokens(original/padded)=132096/132096, overlap_degree=2; dispatch excluded; performance-only; forward preparation excluded from backward timing
zeppelin                            - t0=40.958, t1=41.056, t2=41.021, t3=41.020, t4=40.515, t5=40.519, t6=40.573, t7=40.580 | max_across_ranks=41.089      4281.79     535.22     skip  L=4096; final_s0=4096; iterations=1; G1=2,G4=2; padding=0; physical rank token loads=[16896,16896,16384,16384,16384,16384,16384,16384]; in-repo min_fa3 fallback; tokens(original/aligned)=132096/132096, padding=0 tokens; aligned-length Agg TFLOPS=4281.79, Avg/GPU=535.22
mega_ring_all_cp                128:4 t0=40.889, t1=41.753, t2=41.851, t3=41.296, t4=40.992, t5=41.046, t6=41.116, t7=40.862 | max_across_ranks=41.856      4203.36     525.42     skip  all-CP fused mega-ring; remote reset excluded; workspace=reused, reset=timed, aux_grid=exact; tokens(original/aligned)=132096/135168, padding=3072 tokens; aligned-length Agg TFLOPS=4207.21, Avg/GPU=525.90
mega_ring_all_cp                124:8 t0=41.519, t1=42.248, t2=42.403, t3=42.074, t4=41.782, t5=41.875, t6=42.005, t7=41.755 | max_across_ranks=42.461      4143.44     517.93     skip  all-CP fused mega-ring; remote reset excluded; workspace=reused, reset=timed, aux_grid=exact; tokens(original/aligned)=132096/135168, padding=3072 tokens; aligned-length Agg TFLOPS=4147.24, Avg/GPU=518.40
mega_ring_all_cp               120:12 t0=42.410, t1=43.103, t2=43.327, t3=43.061, t4=42.415, t5=42.484, t6=42.612, t7=42.447 | max_across_ranks=43.337      4059.68     507.46     skip  all-CP fused mega-ring; remote reset excluded; workspace=reused, reset=timed, aux_grid=exact; tokens(original/aligned)=132096/135168, padding=3072 tokens; aligned-length Agg TFLOPS=4063.40, Avg/GPU=507.92
mega_ring_all_cp               116:16 t0=43.299, t1=43.847, t2=43.955, t3=43.802, t4=43.593, t5=43.558, t6=43.633, t7=43.489 | max_across_ranks=44.000      3998.52     499.81     skip  all-CP fused mega-ring; remote reset excluded; workspace=reused, reset=timed, aux_grid=exact; tokens(original/aligned)=132096/135168, padding=3072 tokens; aligned-length Agg TFLOPS=4002.18, Avg/GPU=500.27
mega_ring_hybrid                128:4 t0=40.225, t1=40.737, t2=40.782, t3=40.346, t4=39.815, t5=40.392, t6=40.431, t7=40.228 | max_across_ranks=40.807      4311.44     538.93     skip  hierarchical hybrid fused mega-ring; remote reset excluded; workspace=reused, reset=timed, aux_grid=exact
mega_ring_hybrid                124:8 t0=41.174, t1=41.701, t2=41.714, t3=41.337, t4=40.842, t5=41.213, t6=41.366, t7=41.271 | max_across_ranks=41.754      4213.66     526.71     skip  hierarchical hybrid fused mega-ring; remote reset excluded; workspace=reused, reset=timed, aux_grid=exact
mega_ring_hybrid               120:12 t0=41.999, t1=42.405, t2=42.429, t3=42.162, t4=41.681, t5=42.082, t6=42.247, t7=42.173 | max_across_ranks=42.497      4139.91     517.49     skip  hierarchical hybrid fused mega-ring; remote reset excluded; workspace=reused, reset=timed, aux_grid=exact
mega_ring_hybrid               116:16 t0=42.743, t1=43.057, t2=43.147, t3=42.932, t4=42.404, t5=42.924, t6=43.040, t7=42.902 | max_across_ranks=43.229      4069.80     508.73     skip  hierarchical hybrid fused mega-ring; remote reset excluded; workspace=reused, reset=timed, aux_grid=exact

Workload: dataset=prolong, case=20/20, B=2, global_tokens=131072, global_seqlens=[65536, 65536]
Mega-ring all-CP workload: alignment=2048, global_tokens=131072, global_seqlens=[65536, 65536]
Hybrid rings: sizes=[4, 4], starts=[0, 4]
Zeppelin placement: L=4096, final_s0=4096, iterations=1, groups=[4, 4], execution_lengths=[65536, 65536], padding=0, physical_rank_token_loads=[16384, 16384, 16384, 16384, 16384, 16384, 16384, 16384]
Timing excludes forward preparation, opaque-workspace construction, owner-accumulator reset, and the pre-launch distributed barrier; reused step-workspace reset and method-internal phase barriers are included; reported time is the average of the per-iteration max-rank end-to-end backward op times.
Method                      Comp:Comm Time ms                                                                                                            Agg TFLOPS    Avg/GPU    Check  Note
allgather_attention                 - t0=45.859, t1=45.874, t2=45.872, t3=45.864, t4=45.848, t5=45.833, t6=45.832, t7=45.837 | max_across_ranks=45.912      3831.79     478.97     skip  per-sequence KV-head-sharded all-gather (4 KVH/chunk, comm/compute overlap); in-repo min_fa3 fallback; zigzag causal
llama3_allgather_attention          - t0=42.324, t1=42.339, t2=42.334, t3=42.333, t4=42.323, t5=42.312, t6=42.310, t7=42.309 | max_across_ranks=42.382      4150.88     518.86     skip  whole-packed zigzag KV-head-sharded all-gather (4 KVH/chunk, comm/compute overlap); in-repo min_fa3 fallback; causal
fa3_ring                            - t0=49.803, t1=49.864, t2=49.969, t3=50.026, t4=49.977, t5=49.897, t6=49.866, t7=49.860 | max_across_ranks=50.100      3511.48     438.93     skip  NCCL zigzag ring; in-repo min_fa3 fallback block backward
megatron_hybrid_cp                  - t0=47.039, t1=47.004, t2=47.065, t3=47.129, t4=47.111, t5=47.107, t6=47.109, t7=47.123 | max_across_ranks=47.179      3728.85     466.11     skip  Megatron scheduler; 1 execution groups; P2P ring; in-repo min_fa3 fallback; forward-order phase replay; complete forward preparation excluded from backward timing; tokens(original/aligned)=131072/131072, padding=0 tokens; aligned-length Agg TFLOPS=3728.85, Avg/GPU=466.11
magi_attention                      - t0=46.919, t1=46.795, t2=47.036, t3=46.881, t4=47.028, t5=46.833, t6=47.027, t7=46.868 | max_across_ranks=47.209      3726.47     465.81     skip  chunk_size=2048, tokens(original/padded)=131072/131072, overlap_degree=2; dispatch excluded; performance-only; forward preparation excluded from backward timing
zeppelin                            - t0=40.965, t1=41.020, t2=41.057, t3=41.067, t4=40.722, t5=40.687, t6=40.764, t7=40.772 | max_across_ranks=41.091      4281.34     535.17     skip  L=4096; final_s0=4096; iterations=1; G4=2; padding=0; physical rank token loads=[16384,16384,16384,16384,16384,16384,16384,16384]; in-repo min_fa3 fallback; tokens(original/aligned)=131072/131072, padding=0 tokens; aligned-length Agg TFLOPS=4281.34, Avg/GPU=535.17
mega_ring_all_cp                128:4 t0=40.808, t1=41.447, t2=41.534, t3=41.343, t4=40.981, t5=41.035, t6=41.109, t7=40.873 | max_across_ranks=41.579      4231.13     528.89     skip  all-CP fused mega-ring; remote reset excluded; workspace=reused, reset=timed, aux_grid=exact; tokens(original/aligned)=131072/131072, padding=0 tokens; aligned-length Agg TFLOPS=4231.13, Avg/GPU=528.89
mega_ring_all_cp                124:8 t0=41.488, t1=42.244, t2=42.383, t3=42.179, t4=41.625, t5=41.655, t6=41.741, t7=41.506 | max_across_ranks=42.459      4143.45     517.93     skip  all-CP fused mega-ring; remote reset excluded; workspace=reused, reset=timed, aux_grid=exact; tokens(original/aligned)=131072/131072, padding=0 tokens; aligned-length Agg TFLOPS=4143.45, Avg/GPU=517.93
mega_ring_all_cp               120:12 t0=42.271, t1=43.103, t2=43.192, t3=42.891, t4=42.457, t5=42.591, t6=42.696, t7=42.500 | max_across_ranks=43.255      4067.14     508.39     skip  all-CP fused mega-ring; remote reset excluded; workspace=reused, reset=timed, aux_grid=exact; tokens(original/aligned)=131072/131072, padding=0 tokens; aligned-length Agg TFLOPS=4067.14, Avg/GPU=508.39
mega_ring_all_cp               116:16 t0=43.320, t1=43.919, t2=43.982, t3=43.770, t4=43.429, t5=43.636, t6=43.734, t7=43.507 | max_across_ranks=44.070      3991.93     498.99     skip  all-CP fused mega-ring; remote reset excluded; workspace=reused, reset=timed, aux_grid=exact; tokens(original/aligned)=131072/131072, padding=0 tokens; aligned-length Agg TFLOPS=3991.93, Avg/GPU=498.99
mega_ring_hybrid                128:4 t0=40.244, t1=40.558, t2=40.639, t3=40.502, t4=40.087, t5=40.476, t6=40.533, t7=40.284 | max_across_ranks=40.701      4322.36     540.29     skip  hierarchical hybrid fused mega-ring; remote reset excluded; workspace=reused, reset=timed, aux_grid=exact
mega_ring_hybrid                124:8 t0=41.145, t1=41.573, t2=41.644, t3=41.390, t4=40.997, t5=41.374, t6=41.494, t7=41.379 | max_across_ranks=41.692      4219.60     527.45     skip  hierarchical hybrid fused mega-ring; remote reset excluded; workspace=reused, reset=timed, aux_grid=exact
mega_ring_hybrid               120:12 t0=42.042, t1=42.428, t2=42.454, t3=42.189, t4=41.720, t5=42.203, t6=42.351, t7=42.187 | max_across_ranks=42.554      4134.11     516.76     skip  hierarchical hybrid fused mega-ring; remote reset excluded; workspace=reused, reset=timed, aux_grid=exact
mega_ring_hybrid               116:16 t0=42.797, t1=43.126, t2=43.146, t3=42.854, t4=42.474, t5=43.112, t6=43.187, t7=42.877 | max_across_ranks=43.321      4060.97     507.62     skip  hierarchical hybrid fused mega-ring; remote reset excluded; workspace=reused, reset=timed, aux_grid=exact

Cross-case backward summary
Method                             SM    Cases     Min ms    Mean ms     P50 ms     Max ms    Mean TFLOPS    Weighted TFLOPS   Weighted/GPU
allgather_attention                 -    20/20     37.837     45.165     46.009     46.474        3800.64            3802.82         475.35
llama3_allgather_attention          -    20/20     42.187     44.623     42.820     64.666        3915.58            3849.03         481.13
fa3_ring                            -    20/20     44.012     49.428     50.103     50.322        3471.50            3474.84         434.36
megatron_hybrid_cp                  -    20/20     41.438     46.823     47.151     48.025        3664.96            3668.19         458.52
magi_attention                      -    20/20     39.724     47.338     47.255     49.754        3627.84            3628.24         453.53
zeppelin                            -    20/20     40.949     44.835     41.053     72.572        3961.58            3830.83         478.85
mega_ring_all_cp                128:4    20/20     34.085     40.808     41.581     41.856        4206.88            4208.89         526.11
mega_ring_all_cp                124:8    20/20     34.245     41.445     42.320     42.552        4142.59            4144.18         518.02
mega_ring_all_cp               120:12    20/20     34.599     42.218     43.084     43.354        4067.15            4068.28         508.54
mega_ring_all_cp               116:16    20/20     35.370     42.999     43.936     44.165        3993.15            3994.41         499.30
mega_ring_hybrid                128:4    20/20     33.262     39.950     40.665     40.807        4297.00            4299.28         537.41
mega_ring_hybrid                124:8    20/20     33.771     40.870     41.652     41.810        4200.58            4202.44         525.30
mega_ring_hybrid               120:12    20/20     34.460     41.604     42.365     42.554        4126.52            4128.38         516.05
mega_ring_hybrid               116:16    20/20     35.055     42.372     43.160     43.331        4051.57            4053.48         506.69
