
Dataset case 1/20
Planner workload: dataset=pile, seed=0, world_size=8, mode=causal
Batch: B=114, target_tokens=131072, actual_tokens=131072, target_delta=+0

Sequence placement
 Seq   Global S   Ring     Ranks    Local S  Est compute/member
   0      10240     G4       0-3       2560           1.311e+07
   1       5120     G4       0-3       1280           3.277e+06
   2       8192     G4       4-7       2048           8.390e+06
   3       6144     G4       4-7       1536           4.719e+06
   4        256     G1         0        256           3.290e+04
   5        512     G1         0        512           1.313e+05
   6        256     G1         0        256           3.290e+04
   7        256     G1         0        256           3.290e+04
   8        512     G1         0        512           1.313e+05
   9       1536     G1         0       1536           1.180e+06
  10       1792     G1         0       1792           1.607e+06
  11       3072     G1         0       3072           4.720e+06
  12        512     G1         0        512           1.313e+05
  13       1280     G1         0       1280           8.198e+05
  14        256     G1         0        256           3.290e+04
  15       1024     G1         0       1024           5.248e+05
  16        768     G1         0        768           2.953e+05
  17        256     G1         0        256           3.290e+04
  18       1536     G1         1       1536           1.180e+06
  19        256     G1         1        256           3.290e+04
  20        768     G1         1        768           2.953e+05
  21       2560     G1         1       2560           3.278e+06
  22       1280     G1         1       1280           8.198e+05
  23       1024     G1         1       1024           5.248e+05
  24        512     G1         1        512           1.313e+05
  25        256     G1         1        256           3.290e+04
  26       2048     G1         1       2048           2.098e+06
  27        512     G1         1        512           1.313e+05
  28        256     G1         1        256           3.290e+04
  29        256     G1         1        256           3.290e+04
  30        512     G1         1        512           1.313e+05
  31        768     G1         1        768           2.953e+05
  32        512     G1         2        512           1.313e+05
  33        512     G1         2        512           1.313e+05
  34       1536     G1         2       1536           1.180e+06
  35        768     G1         2        768           2.953e+05
  36        256     G1         2        256           3.290e+04
  37       1280     G1         2       1280           8.198e+05
  38        512     G1         2        512           1.313e+05
  39       2560     G1         2       2560           3.278e+06
  40       1024     G1         2       1024           5.248e+05
  41       2048     G1         2       2048           2.098e+06
  42        512     G1         2        512           1.313e+05
  43        256     G1         2        256           3.290e+04
  44        256     G1         2        256           3.290e+04
  45        512     G1         2        512           1.313e+05
  46        768     G1         3        768           2.953e+05
  47       1792     G1         3       1792           1.607e+06
  48        256     G1         3        256           3.290e+04
  49       1024     G1         3       1024           5.248e+05
  50        512     G1         3        512           1.313e+05
  51       2048     G1         3       2048           2.098e+06
  52       2048     G1         3       2048           2.098e+06
  53        256     G1         3        256           3.290e+04
  54        512     G1         3        512           1.313e+05
  55        256     G1         3        256           3.290e+04
  56        256     G1         3        256           3.290e+04
  57        768     G1         3        768           2.953e+05
  58       1536     G1         3       1536           1.180e+06
  59        512     G1         3        512           1.313e+05
  60        768     G1         4        768           2.953e+05
  61        256     G1         4        256           3.290e+04
  62       1280     G1         4       1280           8.198e+05
  63       4096     G1         4       4096           8.391e+06
  64        512     G1         4        512           1.313e+05
  65        256     G1         4        256           3.290e+04
  66        768     G1         4        768           2.953e+05
  67        256     G1         4        256           3.290e+04
  68        512     G1         4        512           1.313e+05
  69       2048     G1         4       2048           2.098e+06
  70        512     G1         4        512           1.313e+05
  71        256     G1         4        256           3.290e+04
  72        256     G1         4        256           3.290e+04
  73       1280     G1         4       1280           8.198e+05
  74        768     G1         5        768           2.953e+05
  75       1280     G1         5       1280           8.198e+05
  76        256     G1         5        256           3.290e+04
  77        512     G1         5        512           1.313e+05
  78        256     G1         5        256           3.290e+04
  79        512     G1         5        512           1.313e+05
  80        256     G1         5        256           3.290e+04
  81        768     G1         5        768           2.953e+05
  82       4096     G1         5       4096           8.391e+06
  83        512     G1         5        512           1.313e+05
  84        256     G1         5        256           3.290e+04
  85       1792     G1         5       1792           1.607e+06
  86        256     G1         5        256           3.290e+04
  87       1280     G1         5       1280           8.198e+05
  88       1024     G1         6       1024           5.248e+05
  89        512     G1         6        512           1.313e+05
  90       1280     G1         6       1280           8.198e+05
  91        768     G1         6        768           2.953e+05
  92        512     G1         6        512           1.313e+05
  93        256     G1         6        256           3.290e+04
  94       1024     G1         6       1024           5.248e+05
  95        512     G1         6        512           1.313e+05
  96        256     G1         6        256           3.290e+04
  97       1792     G1         6       1792           1.607e+06
  98        512     G1         6        512           1.313e+05
  99        256     G1         6        256           3.290e+04
 100       4096     G1         6       4096           8.391e+06
 101        256     G1         7        256           3.290e+04
 102        512     G1         7        512           1.313e+05
 103       1536     G1         7       1536           1.180e+06
 104        256     G1         7        256           3.290e+04
 105       1280     G1         7       1280           8.198e+05
 106        256     G1         7        256           3.290e+04
 107        512     G1         7        512           1.313e+05
 108       2048     G1         7       2048           2.098e+06
 109        768     G1         7        768           2.953e+05
 110        256     G1         7        256           3.290e+04
 111        512     G1         7        512           1.313e+05
 112       1024     G1         7       1024           5.248e+05
 113       3584     G1         7       3584           6.424e+06

Per-rank load
Rank     Tokens  Token/avg    Est compute  Compute/avg   Est communication
   0      16128     98.44%      2.609e+07      101.82%           1.152e+04
   1      16384    100.00%      2.540e+07       99.14%           1.152e+04
   2      16384    100.00%      2.534e+07       98.88%           1.152e+04
   3      16384    100.00%      2.501e+07       97.60%           1.152e+04
   4      16640    101.56%      2.639e+07      102.97%           1.075e+04
   5      16384    100.00%      2.589e+07      101.05%           1.075e+04
   6      16384    100.00%      2.589e+07      101.05%           1.075e+04
   7      16384    100.00%      2.498e+07       97.47%           1.075e+04

Balance targets
Metric          Minimum        Average        Maximum  Max deviation    Tolerance     Met
Compute       2.498e+07      2.562e+07      2.639e+07          2.97%        5.00%    True
Tokens            16128      16384.000          16640          1.56%        5.00%    True

Planner status: feasible=True, violation=0.000000, relaxation_level=0, relaxation='initial', repair_moves=1
Split protection
    Bucket  Split count   Split penalty
      <=2K            0               0
     2K-4K            0               0
     4K-8K            3               6
    8K-16K            1               2
      >16K            0               0
Communication: amplification=0.679688, proxy_Q=2.227e+04, active_rings=10, total_token_hops=8.909e+04

Kernel metadata
global_seqlens=10240,5120,8192,6144,256,512,256,256,512,1536,1792,3072,512,1280,256,1024,768,256,1536,256,768,2560,1280,1024,512,256,2048,512,256,256,512,768,512,512,1536,768,256,1280,512,2560,1024,2048,512,256,256,512,768,1792,256,1024,512,2048,2048,256,512,256,256,768,1536,512,768,256,1280,4096,512,256,768,256,512,2048,512,256,256,1280,768,1280,256,512,256,512,256,768,4096,512,256,1792,256,1280,1024,512,1280,768,512,256,1024,512,256,1792,512,256,4096,256,512,1536,256,1280,256,512,2048,768,256,512,1024,3584
ring_sizes=4,4,4,4,1,1,1,1,1,1,1,1,1,1,1,1,1,1,1,1,1,1,1,1,1,1,1,1,1,1,1,1,1,1,1,1,1,1,1,1,1,1,1,1,1,1,1,1,1,1,1,1,1,1,1,1,1,1,1,1,1,1,1,1,1,1,1,1,1,1,1,1,1,1,1,1,1,1,1,1,1,1,1,1,1,1,1,1,1,1,1,1,1,1,1,1,1,1,1,1,1,1,1,1,1,1,1,1,1,1,1,1,1,1
ring_starts=0,0,4,4,0,0,0,0,0,0,0,0,0,0,0,0,0,0,1,1,1,1,1,1,1,1,1,1,1,1,1,1,2,2,2,2,2,2,2,2,2,2,2,2,2,2,3,3,3,3,3,3,3,3,3,3,3,3,3,3,4,4,4,4,4,4,4,4,4,4,4,4,4,4,5,5,5,5,5,5,5,5,5,5,5,5,5,5,6,6,6,6,6,6,6,6,6,6,6,6,6,7,7,7,7,7,7,7,7,7,7,7,7,7

Dataset case 2/20
Planner workload: dataset=pile, seed=0, world_size=8, mode=causal
Batch: B=96, target_tokens=131072, actual_tokens=131328, target_delta=+256

Sequence placement
 Seq   Global S   Ring     Ranks    Local S  Est compute/member
   0      20480     G4       0-3       5120           5.243e+07
   1       8192     G2       4-5       4096           1.678e+07
   2      12288     G2       4-5       6144           3.775e+07
   3      12288     G2       6-7       6144           3.775e+07
   4        512     G1         0        512           1.313e+05
   5        256     G1         0        256           3.290e+04
   6        256     G1         0        256           3.290e+04
   7       3072     G1         0       3072           4.720e+06
   8        256     G1         0        256           3.290e+04
   9       1024     G1         0       1024           5.248e+05
  10        256     G1         0        256           3.290e+04
  11        768     G1         0        768           2.953e+05
  12        512     G1         0        512           1.313e+05
  13        256     G1         0        256           3.290e+04
  14       1024     G1         0       1024           5.248e+05
  15       2560     G1         0       2560           3.278e+06
  16        256     G1         0        256           3.290e+04
  17        256     G1         1        256           3.290e+04
  18        256     G1         1        256           3.290e+04
  19       3072     G1         1       3072           4.720e+06
  20        768     G1         1        768           2.953e+05
  21        256     G1         1        256           3.290e+04
  22       1280     G1         1       1280           8.198e+05
  23       2048     G1         1       2048           2.098e+06
  24        256     G1         1        256           3.290e+04
  25        512     G1         1        512           1.313e+05
  26        256     G1         1        256           3.290e+04
  27        256     G1         1        256           3.290e+04
  28       1280     G1         1       1280           8.198e+05
  29        768     G1         1        768           2.953e+05
  30        768     G1         2        768           2.953e+05
  31       1024     G1         2       1024           5.248e+05
  32        256     G1         2        256           3.290e+04
  33        256     G1         2        256           3.290e+04
  34        512     G1         2        512           1.313e+05
  35        256     G1         2        256           3.290e+04
  36       1280     G1         2       1280           8.198e+05
  37        256     G1         2        256           3.290e+04
  38       3072     G1         2       3072           4.720e+06
  39        512     G1         2        512           1.313e+05
  40        768     G1         2        768           2.953e+05
  41        256     G1         2        256           3.290e+04
  42       2048     G1         2       2048           2.098e+06
  43       1792     G1         3       1792           1.607e+06
  44        768     G1         3        768           2.953e+05
  45        256     G1         3        256           3.290e+04
  46        256     G1         3        256           3.290e+04
  47        512     G1         3        512           1.313e+05
  48        256     G1         3        256           3.290e+04
  49       1280     G1         3       1280           8.198e+05
  50       3072     G1         3       3072           4.720e+06
  51       1536     G1         3       1536           1.180e+06
  52        256     G1         3        256           3.290e+04
  53        768     G1         3        768           2.953e+05
  54        512     G1         3        512           1.313e+05
  55        512     G1         4        512           1.313e+05
  56        256     G1         4        256           3.290e+04
  57        256     G1         4        256           3.290e+04
  58        512     G1         4        512           1.313e+05
  59        768     G1         4        768           2.953e+05
  60       1024     G1         4       1024           5.248e+05
  61        256     G1         4        256           3.290e+04
  62       1792     G1         4       1792           1.607e+06
  63        256     G1         4        256           3.290e+04
  64        512     G1         4        512           1.313e+05
  65        768     G1         5        768           2.953e+05
  66        256     G1         5        256           3.290e+04
  67        256     G1         5        256           3.290e+04
  68        512     G1         5        512           1.313e+05
  69        256     G1         5        256           3.290e+04
  70       1536     G1         5       1536           1.180e+06
  71       1280     G1         5       1280           8.198e+05
  72        256     G1         5        256           3.290e+04
  73        768     G1         5        768           2.953e+05
  74        512     G1         5        512           1.313e+05
  75        256     G1         5        256           3.290e+04
  76        512     G1         6        512           1.313e+05
  77        256     G1         6        256           3.290e+04
  78        256     G1         6        256           3.290e+04
  79        256     G1         6        256           3.290e+04
  80        256     G1         6        256           3.290e+04
  81       6144     G1         6       6144           1.888e+07
  82        768     G1         6        768           2.953e+05
  83        512     G1         6        512           1.313e+05
  84        256     G1         6        256           3.290e+04
  85       1024     G1         6       1024           5.248e+05
  86        256     G1         7        256           3.290e+04
  87        512     G1         7        512           1.313e+05
  88        256     G1         7        256           3.290e+04
  89        256     G1         7        256           3.290e+04
  90        256     G1         7        256           3.290e+04
  91        768     G1         7        768           2.953e+05
  92        512     G1         7        512           1.313e+05
  93       6144     G1         7       6144           1.888e+07
  94        256     G1         7        256           3.290e+04
  95       1024     G1         7       1024           5.248e+05

Per-rank load
Rank     Tokens  Token/avg    Est compute  Compute/avg   Est communication
   0      16128     98.25%      6.223e+07      104.12%           1.536e+04
   1      16384     99.81%      6.181e+07      103.41%           1.536e+04
   2      16384     99.81%      6.161e+07      103.08%           1.536e+04
   3      16384     99.81%      6.174e+07      103.30%           1.536e+04
   4      16384     99.81%      5.748e+07       96.17%           1.024e+04
   5      16896    102.92%      5.755e+07       96.28%           1.024e+04
   6      16384     99.81%      5.788e+07       96.83%           6.144e+03
   7      16384     99.81%      5.788e+07       96.83%           6.144e+03

Balance targets
Metric          Minimum        Average        Maximum  Max deviation    Tolerance     Met
Compute       5.748e+07      5.977e+07      6.223e+07          4.12%        5.00%    True
Tokens            16128      16416.000          16896          2.92%        5.00%    True

Planner status: feasible=True, violation=0.000000, relaxation_level=0, relaxation='initial', repair_moves=1
Split protection
    Bucket  Split count   Split penalty
      <=2K            0               0
     2K-4K            0               0
     4K-8K            1               1
    8K-16K            2               2
      >16K            1               2
Communication: amplification=0.717349, proxy_Q=3.174e+04, active_rings=11, total_token_hops=9.421e+04

Kernel metadata
global_seqlens=20480,8192,12288,12288,512,256,256,3072,256,1024,256,768,512,256,1024,2560,256,256,256,3072,768,256,1280,2048,256,512,256,256,1280,768,768,1024,256,256,512,256,1280,256,3072,512,768,256,2048,1792,768,256,256,512,256,1280,3072,1536,256,768,512,512,256,256,512,768,1024,256,1792,256,512,768,256,256,512,256,1536,1280,256,768,512,256,512,256,256,256,256,6144,768,512,256,1024,256,512,256,256,256,768,512,6144,256,1024
ring_sizes=4,2,2,2,1,1,1,1,1,1,1,1,1,1,1,1,1,1,1,1,1,1,1,1,1,1,1,1,1,1,1,1,1,1,1,1,1,1,1,1,1,1,1,1,1,1,1,1,1,1,1,1,1,1,1,1,1,1,1,1,1,1,1,1,1,1,1,1,1,1,1,1,1,1,1,1,1,1,1,1,1,1,1,1,1,1,1,1,1,1,1,1,1,1,1,1
ring_starts=0,4,4,6,0,0,0,0,0,0,0,0,0,0,0,0,0,1,1,1,1,1,1,1,1,1,1,1,1,1,2,2,2,2,2,2,2,2,2,2,2,2,2,3,3,3,3,3,3,3,3,3,3,3,3,4,4,4,4,4,4,4,4,4,4,5,5,5,5,5,5,5,5,5,5,5,6,6,6,6,6,6,6,6,6,6,7,7,7,7,7,7,7,7,7,7

Dataset case 3/20
Planner workload: dataset=pile, seed=0, world_size=8, mode=causal
Batch: B=105, target_tokens=131072, actual_tokens=131072, target_delta=+0

Sequence placement
 Seq   Global S   Ring     Ranks    Local S  Est compute/member
   0      18432     G4       0-3       4608           4.247e+07
   1      10240     G4       4-7       2560           1.311e+07
   2      16384     G4       4-7       4096           3.356e+07
   3       6144     G2       0-1       3072           9.439e+06
   4       5120     G2       2-3       2560           6.555e+06
   5        512     G1         0        512           1.313e+05
   6        768     G1         0        768           2.953e+05
   7        256     G1         0        256           3.290e+04
   8       1024     G1         0       1024           5.248e+05
   9        256     G1         0        256           3.290e+04
  10       2048     G1         0       2048           2.098e+06
  11        512     G1         0        512           1.313e+05
  12        256     G1         0        256           3.290e+04
  13       1280     G1         0       1280           8.198e+05
  14        768     G1         0        768           2.953e+05
  15        256     G1         0        256           3.290e+04
  16        512     G1         0        512           1.313e+05
  17        256     G1         0        256           3.290e+04
  18        512     G1         1        512           1.313e+05
  19        768     G1         1        768           2.953e+05
  20        256     G1         1        256           3.290e+04
  21       1024     G1         1       1024           5.248e+05
  22       1792     G1         1       1792           1.607e+06
  23        256     G1         1        256           3.290e+04
  24        768     G1         1        768           2.953e+05
  25        512     G1         1        512           1.313e+05
  26        256     G1         1        256           3.290e+04
  27        256     G1         1        256           3.290e+04
  28       1536     G1         1       1536           1.180e+06
  29        512     G1         1        512           1.313e+05
  30        256     G1         1        256           3.290e+04
  31        256     G1         2        256           3.290e+04
  32        256     G1         2        256           3.290e+04
  33       1024     G1         2       1024           5.248e+05
  34        256     G1         2        256           3.290e+04
  35       1280     G1         2       1280           8.198e+05
  36        512     G1         2        512           1.313e+05
  37        256     G1         2        256           3.290e+04
  38        256     G1         2        256           3.290e+04
  39        512     G1         2        512           1.313e+05
  40       2560     G1         2       2560           3.278e+06
  41       1024     G1         2       1024           5.248e+05
  42        256     G1         2        256           3.290e+04
  43        768     G1         2        768           2.953e+05
  44        768     G1         3        768           2.953e+05
  45        256     G1         3        256           3.290e+04
  46        256     G1         3        256           3.290e+04
  47        768     G1         3        768           2.953e+05
  48       1024     G1         3       1024           5.248e+05
  49        256     G1         3        256           3.290e+04
  50       1280     G1         3       1280           8.198e+05
  51        256     G1         3        256           3.290e+04
  52        256     G1         3        256           3.290e+04
  53        512     G1         3        512           1.313e+05
  54       2560     G1         3       2560           3.278e+06
  55        256     G1         3        256           3.290e+04
  56        768     G1         3        768           2.953e+05
  57        512     G1         4        512           1.313e+05
  58        768     G1         4        768           2.953e+05
  59        256     G1         4        256           3.290e+04
  60        256     G1         4        256           3.290e+04
  61        256     G1         4        256           3.290e+04
  62        512     G1         4        512           1.313e+05
  63        768     G1         4        768           2.953e+05
  64        256     G1         4        256           3.290e+04
  65        512     G1         4        512           1.313e+05
  66       1280     G1         4       1280           8.198e+05
  67       4096     G1         4       4096           8.391e+06
  68        256     G1         4        256           3.290e+04
  69       3072     G1         5       3072           4.720e+06
  70       1024     G1         5       1024           5.248e+05
  71        256     G1         5        256           3.290e+04
  72       1280     G1         5       1280           8.198e+05
  73        512     G1         5        512           1.313e+05
  74        256     G1         5        256           3.290e+04
  75        256     G1         5        256           3.290e+04
  76        512     G1         5        512           1.313e+05
  77        256     G1         5        256           3.290e+04
  78       1024     G1         5       1024           5.248e+05
  79        768     G1         5        768           2.953e+05
  80        512     G1         5        512           1.313e+05
  81       1024     G1         6       1024           5.248e+05
  82        512     G1         6        512           1.313e+05
  83       2560     G1         6       2560           3.278e+06
  84        256     G1         6        256           3.290e+04
  85        256     G1         6        256           3.290e+04
  86       1024     G1         6       1024           5.248e+05
  87       1792     G1         6       1792           1.607e+06
  88        512     G1         6        512           1.313e+05
  89        256     G1         6        256           3.290e+04
  90        256     G1         6        256           3.290e+04
  91        768     G1         6        768           2.953e+05
  92        512     G1         6        512           1.313e+05
  93       1024     G1         7       1024           5.248e+05
  94        256     G1         7        256           3.290e+04
  95        512     G1         7        512           1.313e+05
  96       2560     G1         7       2560           3.278e+06
  97        256     G1         7        256           3.290e+04
  98        512     G1         7        512           1.313e+05
  99        256     G1         7        256           3.290e+04
 100       1024     G1         7       1024           5.248e+05
 101        256     G1         7        256           3.290e+04
 102        768     G1         7        768           2.953e+05
 103       1792     G1         7       1792           1.607e+06
 104        512     G1         7        512           1.313e+05

Per-rank load
Rank     Tokens  Token/avg    Est compute  Compute/avg   Est communication
   0      16384    100.00%      5.650e+07      102.59%           1.690e+04
   1      16384    100.00%      5.637e+07      102.35%           1.690e+04
   2      16384    100.00%      5.493e+07       99.73%           1.638e+04
   3      16384    100.00%      5.486e+07       99.61%           1.638e+04
   4      16384    100.00%      5.702e+07      103.54%           1.997e+04
   5      16384    100.00%      5.408e+07       98.19%           1.997e+04
   6      16384    100.00%      5.342e+07       97.00%           1.997e+04
   7      16384    100.00%      5.342e+07       97.00%           1.997e+04

Balance targets
Metric          Minimum        Average        Maximum  Max deviation    Tolerance     Met
Compute       5.342e+07      5.507e+07      5.702e+07          3.54%        5.00%    True
Tokens            16384      16384.000          16384          0.00%        5.00%    True

Planner status: feasible=True, violation=0.000000, relaxation_level=7, relaxation='unlock 4K-8K G2', repair_moves=0
Split protection
    Bucket  Split count   Split penalty
      <=2K            0               0
     2K-4K            0               0
     4K-8K            2               2
    8K-16K            2               4
      >16K            1               2
Communication: amplification=1.117188, proxy_Q=3.942e+04, active_rings=12, total_token_hops=1.464e+05

Kernel metadata
global_seqlens=18432,10240,16384,6144,5120,512,768,256,1024,256,2048,512,256,1280,768,256,512,256,512,768,256,1024,1792,256,768,512,256,256,1536,512,256,256,256,1024,256,1280,512,256,256,512,2560,1024,256,768,768,256,256,768,1024,256,1280,256,256,512,2560,256,768,512,768,256,256,256,512,768,256,512,1280,4096,256,3072,1024,256,1280,512,256,256,512,256,1024,768,512,1024,512,2560,256,256,1024,1792,512,256,256,768,512,1024,256,512,2560,256,512,256,1024,256,768,1792,512
ring_sizes=4,4,4,2,2,1,1,1,1,1,1,1,1,1,1,1,1,1,1,1,1,1,1,1,1,1,1,1,1,1,1,1,1,1,1,1,1,1,1,1,1,1,1,1,1,1,1,1,1,1,1,1,1,1,1,1,1,1,1,1,1,1,1,1,1,1,1,1,1,1,1,1,1,1,1,1,1,1,1,1,1,1,1,1,1,1,1,1,1,1,1,1,1,1,1,1,1,1,1,1,1,1,1,1,1
ring_starts=0,4,4,0,2,0,0,0,0,0,0,0,0,0,0,0,0,0,1,1,1,1,1,1,1,1,1,1,1,1,1,2,2,2,2,2,2,2,2,2,2,2,2,2,3,3,3,3,3,3,3,3,3,3,3,3,3,4,4,4,4,4,4,4,4,4,4,4,4,5,5,5,5,5,5,5,5,5,5,5,5,6,6,6,6,6,6,6,6,6,6,6,6,7,7,7,7,7,7,7,7,7,7,7,7

Dataset case 4/20
Planner workload: dataset=pile, seed=0, world_size=8, mode=causal
Batch: B=110, target_tokens=131072, actual_tokens=132096, target_delta=+1024

Sequence placement
 Seq   Global S   Ring     Ranks    Local S  Est compute/member
   0      34816     G8       0-7       4352           7.576e+07
   1       6144     G2       0-1       3072           9.439e+06
   2        768     G1         0        768           2.953e+05
   3        256     G1         0        256           3.290e+04
   4        256     G1         0        256           3.290e+04
   5       1536     G1         0       1536           1.180e+06
   6        512     G1         0        512           1.313e+05
   7       1280     G1         0       1280           8.198e+05
   8       1024     G1         0       1024           5.248e+05
   9        768     G1         0        768           2.953e+05
  10        256     G1         0        256           3.290e+04
  11        256     G1         0        256           3.290e+04
  12        512     G1         0        512           1.313e+05
  13        256     G1         0        256           3.290e+04
  14        768     G1         0        768           2.953e+05
  15        768     G1         1        768           2.953e+05
  16        256     G1         1        256           3.290e+04
  17        256     G1         1        256           3.290e+04
  18        512     G1         1        512           1.313e+05
  19       1280     G1         1       1280           8.198e+05
  20        768     G1         1        768           2.953e+05
  21        256     G1         1        256           3.290e+04
  22        256     G1         1        256           3.290e+04
  23        512     G1         1        512           1.313e+05
  24       1792     G1         1       1792           1.607e+06
  25        256     G1         1        256           3.290e+04
  26        768     G1         1        768           2.953e+05
  27       1280     G1         1       1280           8.198e+05
  28        512     G1         2        512           1.313e+05
  29        256     G1         2        256           3.290e+04
  30       4096     G1         2       4096           8.391e+06
  31        768     G1         2        768           2.953e+05
  32        256     G1         2        256           3.290e+04
  33        256     G1         2        256           3.290e+04
  34        512     G1         2        512           1.313e+05
  35        768     G1         2        768           2.953e+05
  36       1024     G1         2       1024           5.248e+05
  37       1280     G1         2       1280           8.198e+05
  38        256     G1         2        256           3.290e+04
  39        512     G1         2        512           1.313e+05
  40        256     G1         2        256           3.290e+04
  41       2048     G1         2       2048           2.098e+06
  42        256     G1         3        256           3.290e+04
  43        512     G1         3        512           1.313e+05
  44        768     G1         3        768           2.953e+05
  45        256     G1         3        256           3.290e+04
  46        512     G1         3        512           1.313e+05
  47        256     G1         3        256           3.290e+04
  48        768     G1         3        768           2.953e+05
  49       1536     G1         3       1536           1.180e+06
  50       4096     G1         3       4096           8.391e+06
  51       1024     G1         3       1024           5.248e+05
  52        256     G1         3        256           3.290e+04
  53       1280     G1         3       1280           8.198e+05
  54        512     G1         3        512           1.313e+05
  55        256     G1         4        256           3.290e+04
  56        512     G1         4        512           1.313e+05
  57        768     G1         4        768           2.953e+05
  58        256     G1         4        256           3.290e+04
  59        256     G1         4        256           3.290e+04
  60        512     G1         4        512           1.313e+05
  61        768     G1         4        768           2.953e+05
  62       4096     G1         4       4096           8.391e+06
  63       1024     G1         4       1024           5.248e+05
  64        256     G1         4        256           3.290e+04
  65        512     G1         4        512           1.313e+05
  66       1280     G1         4       1280           8.198e+05
  67       1536     G1         4       1536           1.180e+06
  68        256     G1         5        256           3.290e+04
  69       1024     G1         5       1024           5.248e+05
  70        256     G1         5        256           3.290e+04
  71       2560     G1         5       2560           3.278e+06
  72       1280     G1         5       1280           8.198e+05
  73        512     G1         5        512           1.313e+05
  74        768     G1         5        768           2.953e+05
  75        256     G1         5        256           3.290e+04
  76        256     G1         5        256           3.290e+04
  77        512     G1         5        512           1.313e+05
  78        256     G1         5        256           3.290e+04
  79       2560     G1         5       2560           3.278e+06
  80        768     G1         5        768           2.953e+05
  81       1024     G1         5       1024           5.248e+05
  82       2048     G1         6       2048           2.098e+06
  83       1280     G1         6       1280           8.198e+05
  84        512     G1         6        512           1.313e+05
  85        256     G1         6        256           3.290e+04
  86        768     G1         6        768           2.953e+05
  87        256     G1         6        256           3.290e+04
  88       2560     G1         6       2560           3.278e+06
  89        512     G1         6        512           1.313e+05
  90        256     G1         6        256           3.290e+04
  91        768     G1         6        768           2.953e+05
  92       1024     G1         6       1024           5.248e+05
  93        256     G1         6        256           3.290e+04
  94       1280     G1         6       1280           8.198e+05
  95        512     G1         6        512           1.313e+05
  96        512     G1         7        512           1.313e+05
  97        256     G1         7        256           3.290e+04
  98       1280     G1         7       1280           8.198e+05
  99        768     G1         7        768           2.953e+05
 100        256     G1         7        256           3.290e+04
 101       2560     G1         7       2560           3.278e+06
 102        512     G1         7        512           1.313e+05
 103        256     G1         7        256           3.290e+04
 104        768     G1         7        768           2.953e+05
 105       1024     G1         7       1024           5.248e+05
 106       2048     G1         7       2048           2.098e+06
 107        256     G1         7        256           3.290e+04
 108       1280     G1         7       1280           8.198e+05
 109        512     G1         7        512           1.313e+05

Per-rank load
Rank     Tokens  Token/avg    Est compute  Compute/avg   Est communication
   0      15872     96.12%      8.904e+07      102.17%           3.354e+04
   1      16384     99.22%      8.976e+07      103.00%           3.354e+04
   2      17152    103.88%      8.874e+07      101.83%           3.046e+04
   3      16384     99.22%      8.779e+07      100.74%           3.046e+04
   4      16384     99.22%      8.779e+07      100.74%           3.046e+04
   5      16640    100.78%      8.521e+07       97.77%           3.046e+04
   6      16640    100.78%      8.442e+07       96.87%           3.046e+04
   7      16640    100.78%      8.442e+07       96.87%           3.046e+04

Balance targets
Metric          Minimum        Average        Maximum  Max deviation    Tolerance     Met
Compute       8.442e+07      8.715e+07      8.976e+07          3.13%        5.00%    True
Tokens            15872      16512.000          17152          3.88%        5.00%    True

Planner status: feasible=True, violation=0.000000, relaxation_level=4, relaxation='unlock 4K-8K G2', repair_moves=1
Split protection
    Bucket  Split count   Split penalty
      <=2K            0               0
     2K-4K            0               0
     4K-8K            1               1
    8K-16K            0               0
      >16K            1               3
Communication: amplification=1.891473, proxy_Q=3.354e+04, active_rings=10, total_token_hops=2.499e+05

Kernel metadata
global_seqlens=34816,6144,768,256,256,1536,512,1280,1024,768,256,256,512,256,768,768,256,256,512,1280,768,256,256,512,1792,256,768,1280,512,256,4096,768,256,256,512,768,1024,1280,256,512,256,2048,256,512,768,256,512,256,768,1536,4096,1024,256,1280,512,256,512,768,256,256,512,768,4096,1024,256,512,1280,1536,256,1024,256,2560,1280,512,768,256,256,512,256,2560,768,1024,2048,1280,512,256,768,256,2560,512,256,768,1024,256,1280,512,512,256,1280,768,256,2560,512,256,768,1024,2048,256,1280,512
ring_sizes=8,2,1,1,1,1,1,1,1,1,1,1,1,1,1,1,1,1,1,1,1,1,1,1,1,1,1,1,1,1,1,1,1,1,1,1,1,1,1,1,1,1,1,1,1,1,1,1,1,1,1,1,1,1,1,1,1,1,1,1,1,1,1,1,1,1,1,1,1,1,1,1,1,1,1,1,1,1,1,1,1,1,1,1,1,1,1,1,1,1,1,1,1,1,1,1,1,1,1,1,1,1,1,1,1,1,1,1,1,1
ring_starts=0,0,0,0,0,0,0,0,0,0,0,0,0,0,0,1,1,1,1,1,1,1,1,1,1,1,1,1,2,2,2,2,2,2,2,2,2,2,2,2,2,2,3,3,3,3,3,3,3,3,3,3,3,3,3,4,4,4,4,4,4,4,4,4,4,4,4,4,5,5,5,5,5,5,5,5,5,5,5,5,5,5,6,6,6,6,6,6,6,6,6,6,6,6,6,6,7,7,7,7,7,7,7,7,7,7,7,7,7,7

Dataset case 5/20
Planner workload: dataset=pile, seed=0, world_size=8, mode=causal
Batch: B=102, target_tokens=131072, actual_tokens=131072, target_delta=+0

Sequence placement
 Seq   Global S   Ring     Ranks    Local S  Est compute/member
   0      16384     G4       0-3       4096           3.356e+07
   1      10240     G2       4-5       5120           2.622e+07
   2       7168     G2       4-5       3584           1.285e+07
   3       7168     G2       6-7       3584           1.285e+07
   4       8192     G2       6-7       4096           1.678e+07
   5       7168     G2       6-7       3584           1.285e+07
   6       4096     G1         0       4096           8.391e+06
   7       1280     G1         0       1280           8.198e+05
   8        256     G1         0        256           3.290e+04
   9        512     G1         0        512           1.313e+05
  10       1024     G1         0       1024           5.248e+05
  11        256     G1         0        256           3.290e+04
  12       1280     G1         0       1280           8.198e+05
  13        512     G1         0        512           1.313e+05
  14        256     G1         0        256           3.290e+04
  15        768     G1         0        768           2.953e+05
  16       1024     G1         0       1024           5.248e+05
  17        256     G1         0        256           3.290e+04
  18        256     G1         0        256           3.290e+04
  19        256     G1         1        256           3.290e+04
  20        768     G1         1        768           2.953e+05
  21        512     G1         1        512           1.313e+05
  22        256     G1         1        256           3.290e+04
  23        256     G1         1        256           3.290e+04
  24       1536     G1         1       1536           1.180e+06
  25       1024     G1         1       1024           5.248e+05
  26       4096     G1         1       4096           8.391e+06
  27        512     G1         1        512           1.313e+05
  28       1280     G1         1       1280           8.198e+05
  29        768     G1         1        768           2.953e+05
  30        256     G1         1        256           3.290e+04
  31        256     G1         1        256           3.290e+04
  32        256     G1         1        256           3.290e+04
  33        512     G1         2        512           1.313e+05
  34        256     G1         2        256           3.290e+04
  35       3072     G1         2       3072           4.720e+06
  36       1536     G1         2       1536           1.180e+06
  37        512     G1         2        512           1.313e+05
  38        256     G1         2        256           3.290e+04
  39        768     G1         2        768           2.953e+05
  40        256     G1         2        256           3.290e+04
  41       1280     G1         2       1280           8.198e+05
  42       1024     G1         2       1024           5.248e+05
  43        256     G1         2        256           3.290e+04
  44        512     G1         2        512           1.313e+05
  45       2048     G1         2       2048           2.098e+06
  46       1792     G1         3       1792           1.607e+06
  47        256     G1         3        256           3.290e+04
  48       1536     G1         3       1536           1.180e+06
  49        512     G1         3        512           1.313e+05
  50        768     G1         3        768           2.953e+05
  51        256     G1         3        256           3.290e+04
  52       3072     G1         3       3072           4.720e+06
  53        512     G1         3        512           1.313e+05
  54        256     G1         3        256           3.290e+04
  55       1280     G1         3       1280           8.198e+05
  56       1024     G1         3       1024           5.248e+05
  57        256     G1         3        256           3.290e+04
  58        768     G1         3        768           2.953e+05
  59        256     G1         4        256           3.290e+04
  60        512     G1         4        512           1.313e+05
  61        768     G1         4        768           2.953e+05
  62       1792     G1         4       1792           1.607e+06
  63        256     G1         4        256           3.290e+04
  64       1024     G1         4       1024           5.248e+05
  65       1536     G1         4       1536           1.180e+06
  66        512     G1         4        512           1.313e+05
  67        256     G1         4        256           3.290e+04
  68        768     G1         4        768           2.953e+05
  69        256     G1         4        256           3.290e+04
  70        512     G1         5        512           1.313e+05
  71        256     G1         5        256           3.290e+04
  72        768     G1         5        768           2.953e+05
  73       1536     G1         5       1536           1.180e+06
  74        256     G1         5        256           3.290e+04
  75       1024     G1         5       1024           5.248e+05
  76        256     G1         5        256           3.290e+04
  77       1792     G1         5       1792           1.607e+06
  78        512     G1         5        512           1.313e+05
  79        768     G1         5        768           2.953e+05
  80        256     G1         5        256           3.290e+04
  81        256     G1         5        256           3.290e+04
  82        256     G1         6        256           3.290e+04
  83        512     G1         6        512           1.313e+05
  84        256     G1         6        256           3.290e+04
  85        768     G1         6        768           2.953e+05
  86        256     G1         6        256           3.290e+04
  87        512     G1         6        512           1.313e+05
  88        768     G1         6        768           2.953e+05
  89        256     G1         6        256           3.290e+04
  90       1280     G1         6       1280           8.198e+05
  91        256     G1         6        256           3.290e+04
  92        256     G1         7        256           3.290e+04
  93        512     G1         7        512           1.313e+05
  94        256     G1         7        256           3.290e+04
  95        768     G1         7        768           2.953e+05
  96        256     G1         7        256           3.290e+04
  97        512     G1         7        512           1.313e+05
  98        768     G1         7        768           2.953e+05
  99        256     G1         7        256           3.290e+04
 100       1280     G1         7       1280           8.198e+05
 101        256     G1         7        256           3.290e+04

Per-rank load
Rank     Tokens  Token/avg    Est compute  Compute/avg   Est communication
   0      15872     96.88%      4.536e+07      102.69%           1.229e+04
   1      16128     98.44%      4.552e+07      103.06%           1.229e+04
   2      16384    100.00%      4.372e+07       98.98%           1.229e+04
   3      16384    100.00%      4.339e+07       98.24%           1.229e+04
   4      16640    101.56%      4.336e+07       98.16%           8.704e+03
   5      16896    103.12%      4.339e+07       98.24%           8.704e+03
   6      16384    100.00%      4.431e+07      100.32%           1.126e+04
   7      16384    100.00%      4.431e+07      100.32%           1.126e+04

Balance targets
Metric          Minimum        Average        Maximum  Max deviation    Tolerance     Met
Compute       4.336e+07      4.417e+07      4.552e+07          3.06%        5.00%    True
Tokens            15872      16384.000          16896          3.12%        5.00%    True

Planner status: feasible=True, violation=0.000000, relaxation_level=0, relaxation='initial', repair_moves=3
Split protection
    Bucket  Split count   Split penalty
      <=2K            0               0
     2K-4K            0               0
     4K-8K            4               4
    8K-16K            2               3
      >16K            0               0
Communication: amplification=0.679688, proxy_Q=3.226e+04, active_rings=11, total_token_hops=8.909e+04

Kernel metadata
global_seqlens=16384,10240,7168,7168,8192,7168,4096,1280,256,512,1024,256,1280,512,256,768,1024,256,256,256,768,512,256,256,1536,1024,4096,512,1280,768,256,256,256,512,256,3072,1536,512,256,768,256,1280,1024,256,512,2048,1792,256,1536,512,768,256,3072,512,256,1280,1024,256,768,256,512,768,1792,256,1024,1536,512,256,768,256,512,256,768,1536,256,1024,256,1792,512,768,256,256,256,512,256,768,256,512,768,256,1280,256,256,512,256,768,256,512,768,256,1280,256
ring_sizes=4,2,2,2,2,2,1,1,1,1,1,1,1,1,1,1,1,1,1,1,1,1,1,1,1,1,1,1,1,1,1,1,1,1,1,1,1,1,1,1,1,1,1,1,1,1,1,1,1,1,1,1,1,1,1,1,1,1,1,1,1,1,1,1,1,1,1,1,1,1,1,1,1,1,1,1,1,1,1,1,1,1,1,1,1,1,1,1,1,1,1,1,1,1,1,1,1,1,1,1,1,1
ring_starts=0,4,4,6,6,6,0,0,0,0,0,0,0,0,0,0,0,0,0,1,1,1,1,1,1,1,1,1,1,1,1,1,1,2,2,2,2,2,2,2,2,2,2,2,2,2,3,3,3,3,3,3,3,3,3,3,3,3,3,4,4,4,4,4,4,4,4,4,4,4,5,5,5,5,5,5,5,5,5,5,5,5,6,6,6,6,6,6,6,6,6,6,7,7,7,7,7,7,7,7,7,7

Dataset case 6/20
Planner workload: dataset=pile, seed=0, world_size=8, mode=causal
Batch: B=83, target_tokens=131072, actual_tokens=131072, target_delta=+0

Sequence placement
 Seq   Global S   Ring     Ranks    Local S  Est compute/member
   0      57344     G8       0-7       7168           2.055e+08
   1      12288     G4       0-3       3072           1.888e+07
   2        768     G1         0        768           2.953e+05
   3        256     G1         0        256           3.290e+04
   4       1280     G1         0       1280           8.198e+05
   5        512     G1         0        512           1.313e+05
   6       1024     G1         0       1024           5.248e+05
   7        256     G1         0        256           3.290e+04
   8        768     G1         0        768           2.953e+05
   9        256     G1         0        256           3.290e+04
  10        512     G1         0        512           1.313e+05
  11        256     G1         0        256           3.290e+04
  12        768     G1         1        768           2.953e+05
  13        256     G1         1        256           3.290e+04
  14        512     G1         1        512           1.313e+05
  15       1536     G1         1       1536           1.180e+06
  16       1024     G1         1       1024           5.248e+05
  17        256     G1         1        256           3.290e+04
  18        768     G1         1        768           2.953e+05
  19        256     G1         1        256           3.290e+04
  20        512     G1         1        512           1.313e+05
  21        256     G1         1        256           3.290e+04
  22       1280     G1         2       1280           8.198e+05
  23        256     G1         2        256           3.290e+04
  24        256     G1         2        256           3.290e+04
  25        256     G1         2        256           3.290e+04
  26       1024     G1         2       1024           5.248e+05
  27       1280     G1         2       1280           8.198e+05
  28        512     G1         2        512           1.313e+05
  29        256     G1         2        256           3.290e+04
  30        768     G1         2        768           2.953e+05
  31        256     G1         2        256           3.290e+04
  32       1280     G1         3       1280           8.198e+05
  33        512     G1         3        512           1.313e+05
  34       1024     G1         3       1024           5.248e+05
  35        256     G1         3        256           3.290e+04
  36        768     G1         3        768           2.953e+05
  37        256     G1         3        256           3.290e+04
  38       1024     G1         3       1024           5.248e+05
  39        256     G1         3        256           3.290e+04
  40        512     G1         3        512           1.313e+05
  41        256     G1         3        256           3.290e+04
  42        256     G1         4        256           3.290e+04
  43        768     G1         4        768           2.953e+05
  44        256     G1         4        256           3.290e+04
  45        256     G1         4        256           3.290e+04
  46        512     G1         4        512           1.313e+05
  47       6144     G1         4       6144           1.888e+07
  48        256     G1         4        256           3.290e+04
  49        768     G1         4        768           2.953e+05
  50        256     G1         5        256           3.290e+04
  51        256     G1         5        256           3.290e+04
  52       1024     G1         5       1024           5.248e+05
  53       1536     G1         5       1536           1.180e+06
  54       3072     G1         5       3072           4.720e+06
  55        512     G1         5        512           1.313e+05
  56        256     G1         5        256           3.290e+04
  57        256     G1         5        256           3.290e+04
  58       1024     G1         5       1024           5.248e+05
  59        768     G1         5        768           2.953e+05
  60        256     G1         5        256           3.290e+04
  61        256     G1         6        256           3.290e+04
  62        256     G1         6        256           3.290e+04
  63       3072     G1         6       3072           4.720e+06
  64       1536     G1         6       1536           1.180e+06
  65       1024     G1         6       1024           5.248e+05
  66        512     G1         6        512           1.313e+05
  67        256     G1         6        256           3.290e+04
  68       1024     G1         6       1024           5.248e+05
  69        256     G1         6        256           3.290e+04
  70        768     G1         6        768           2.953e+05
  71        256     G1         6        256           3.290e+04
  72        512     G1         7        512           1.313e+05
  73        256     G1         7        256           3.290e+04
  74       1536     G1         7       1536           1.180e+06
  75        768     G1         7        768           2.953e+05
  76        256     G1         7        256           3.290e+04
  77       1536     G1         7       1536           1.180e+06
  78       2560     G1         7       2560           3.278e+06
  79       1024     G1         7       1024           5.248e+05
  80        256     G1         7        256           3.290e+04
  81        512     G1         7        512           1.313e+05
  82        256     G1         7        256           3.290e+04

Per-rank load
Rank     Tokens  Token/avg    Est compute  Compute/avg   Est communication
   0      16128     98.44%      2.267e+08      102.38%           5.939e+04
   1      16384    100.00%      2.271e+08      102.54%           5.939e+04
   2      16384    100.00%      2.272e+08      102.57%           5.939e+04
   3      16384    100.00%      2.270e+08      102.48%           5.939e+04
   4      16384    100.00%      2.253e+08      101.71%           5.018e+04
   5      16384    100.00%      2.131e+08       96.21%           5.018e+04
   6      16384    100.00%      2.131e+08       96.21%           5.018e+04
   7      16640    101.56%      2.124e+08       95.90%           5.018e+04

Balance targets
Metric          Minimum        Average        Maximum  Max deviation    Tolerance     Met
Compute       2.124e+08      2.215e+08      2.272e+08          4.10%        5.00%    True
Tokens            16128      16384.000          16640          1.56%        5.00%    True

Planner status: feasible=True, violation=0.000000, relaxation_level=0, relaxation='initial', repair_moves=1
Split protection
    Bucket  Split count   Split penalty
      <=2K            0               0
     2K-4K            0               0
     4K-8K            0               0
    8K-16K            1               2
      >16K            1               3
Communication: amplification=3.343750, proxy_Q=5.939e+04, active_rings=10, total_token_hops=4.383e+05

Kernel metadata
global_seqlens=57344,12288,768,256,1280,512,1024,256,768,256,512,256,768,256,512,1536,1024,256,768,256,512,256,1280,256,256,256,1024,1280,512,256,768,256,1280,512,1024,256,768,256,1024,256,512,256,256,768,256,256,512,6144,256,768,256,256,1024,1536,3072,512,256,256,1024,768,256,256,256,3072,1536,1024,512,256,1024,256,768,256,512,256,1536,768,256,1536,2560,1024,256,512,256
ring_sizes=8,4,1,1,1,1,1,1,1,1,1,1,1,1,1,1,1,1,1,1,1,1,1,1,1,1,1,1,1,1,1,1,1,1,1,1,1,1,1,1,1,1,1,1,1,1,1,1,1,1,1,1,1,1,1,1,1,1,1,1,1,1,1,1,1,1,1,1,1,1,1,1,1,1,1,1,1,1,1,1,1,1,1
ring_starts=0,0,0,0,0,0,0,0,0,0,0,0,1,1,1,1,1,1,1,1,1,1,2,2,2,2,2,2,2,2,2,2,3,3,3,3,3,3,3,3,3,3,4,4,4,4,4,4,4,4,5,5,5,5,5,5,5,5,5,5,5,6,6,6,6,6,6,6,6,6,6,6,7,7,7,7,7,7,7,7,7,7,7

Dataset case 7/20
Planner workload: dataset=pile, seed=0, world_size=8, mode=causal
Batch: B=112, target_tokens=131072, actual_tokens=131072, target_delta=+0

Sequence placement
 Seq   Global S   Ring     Ranks    Local S  Est compute/member
   0       8192     G8       0-7       1024           4.195e+06
   1      12288     G8       0-7       1536           9.438e+06
   2      22528     G8       0-7       2816           3.172e+07
   3       5120     G2       0-1       2560           6.555e+06
   4       5120     G2       2-3       2560           6.555e+06
   5        768     G1         0        768           2.953e+05
   6        512     G1         0        512           1.313e+05
   7       1536     G1         0       1536           1.180e+06
   8        512     G1         0        512           1.313e+05
   9        256     G1         0        256           3.290e+04
  10        256     G1         0        256           3.290e+04
  11        768     G1         0        768           2.953e+05
  12        512     G1         0        512           1.313e+05
  13        256     G1         0        256           3.290e+04
  14       1024     G1         0       1024           5.248e+05
  15        256     G1         0        256           3.290e+04
  16        512     G1         0        512           1.313e+05
  17       1280     G1         0       1280           8.198e+05
  18       1024     G1         1       1024           5.248e+05
  19        512     G1         1        512           1.313e+05
  20        256     G1         1        256           3.290e+04
  21        512     G1         1        512           1.313e+05
  22        256     G1         1        256           3.290e+04
  23        768     G1         1        768           2.953e+05
  24       1024     G1         1       1024           5.248e+05
  25        512     G1         1        512           1.313e+05
  26        256     G1         1        256           3.290e+04
  27       1536     G1         1       1536           1.180e+06
  28       1024     G1         1       1024           5.248e+05
  29        256     G1         1        256           3.290e+04
  30        512     G1         1        512           1.313e+05
  31       1280     G1         2       1280           8.198e+05
  32        256     G1         2        256           3.290e+04
  33        256     G1         2        256           3.290e+04
  34        768     G1         2        768           2.953e+05
  35        256     G1         2        256           3.290e+04
  36       1024     G1         2       1024           5.248e+05
  37        512     G1         2        512           1.313e+05
  38        256     G1         2        256           3.290e+04
  39        768     G1         2        768           2.953e+05
  40       1024     G1         2       1024           5.248e+05
  41       1280     G1         2       1280           8.198e+05
  42        512     G1         2        512           1.313e+05
  43        256     G1         2        256           3.290e+04
  44        512     G1         3        512           1.313e+05
  45       1280     G1         3       1280           8.198e+05
  46        256     G1         3        256           3.290e+04
  47        512     G1         3        512           1.313e+05
  48        256     G1         3        256           3.290e+04
  49        768     G1         3        768           2.953e+05
  50       1024     G1         3       1024           5.248e+05
  51        512     G1         3        512           1.313e+05
  52        256     G1         3        256           3.290e+04
  53       1024     G1         3       1024           5.248e+05
  54        256     G1         3        256           3.290e+04
  55        512     G1         3        512           1.313e+05
  56       1280     G1         3       1280           8.198e+05
  57        768     G1         4        768           2.953e+05
  58        256     G1         4        256           3.290e+04
  59       3584     G1         4       3584           6.424e+06
  60        512     G1         4        512           1.313e+05
  61        256     G1         4        256           3.290e+04
  62       1024     G1         4       1024           5.248e+05
  63        512     G1         4        512           1.313e+05
  64        768     G1         4        768           2.953e+05
  65       1280     G1         4       1280           8.198e+05
  66        256     G1         4        256           3.290e+04
  67       1024     G1         4       1024           5.248e+05
  68        256     G1         4        256           3.290e+04
  69        512     G1         4        512           1.313e+05
  70        256     G1         5        256           3.290e+04
  71        768     G1         5        768           2.953e+05
  72       2560     G1         5       2560           3.278e+06
  73        256     G1         5        256           3.290e+04
  74       1792     G1         5       1792           1.607e+06
  75        768     G1         5        768           2.953e+05
  76        512     G1         5        512           1.313e+05
  77       1024     G1         5       1024           5.248e+05
  78        256     G1         5        256           3.290e+04
  79        256     G1         5        256           3.290e+04
  80       1024     G1         5       1024           5.248e+05
  81        768     G1         5        768           2.953e+05
  82        512     G1         5        512           1.313e+05
  83        256     G1         5        256           3.290e+04
  84        256     G1         6        256           3.290e+04
  85        768     G1         6        768           2.953e+05
  86        256     G1         6        256           3.290e+04
  87        768     G1         6        768           2.953e+05
  88        256     G1         6        256           3.290e+04
  89       1024     G1         6       1024           5.248e+05
  90        512     G1         6        512           1.313e+05
  91       1792     G1         6       1792           1.607e+06
  92        256     G1         6        256           3.290e+04
  93       2560     G1         6       2560           3.278e+06
  94       1024     G1         6       1024           5.248e+05
  95        768     G1         6        768           2.953e+05
  96        256     G1         6        256           3.290e+04
  97        512     G1         6        512           1.313e+05
  98        256     G1         7        256           3.290e+04
  99        256     G1         7        256           3.290e+04
 100        512     G1         7        512           1.313e+05
 101        512     G1         7        512           1.313e+05
 102        256     G1         7        256           3.290e+04
 103       2048     G1         7       2048           2.098e+06
 104        256     G1         7        256           3.290e+04
 105        768     G1         7        768           2.953e+05
 106       1024     G1         7       1024           5.248e+05
 107        512     G1         7        512           1.313e+05
 108        256     G1         7        256           3.290e+04
 109       2048     G1         7       2048           2.098e+06
 110       1024     G1         7       1024           5.248e+05
 111       1280     G1         7       1280           8.198e+05

Per-rank load
Rank     Tokens  Token/avg    Est compute  Compute/avg   Est communication
   0      16384    100.00%      5.568e+07      102.47%           4.019e+04
   1      16384    100.00%      5.562e+07      102.35%           4.019e+04
   2      16384    100.00%      5.562e+07      102.35%           4.019e+04
   3      16384    100.00%      5.555e+07      102.23%           4.019e+04
   4      16384    100.00%      5.476e+07      100.78%           3.763e+04
   5      16384    100.00%      5.260e+07       96.80%           3.763e+04
   6      16384    100.00%      5.260e+07       96.80%           3.763e+04
   7      16384    100.00%      5.227e+07       96.20%           3.763e+04

Balance targets
Metric          Minimum        Average        Maximum  Max deviation    Tolerance     Met
Compute       5.227e+07      5.434e+07      5.568e+07          3.80%        5.00%    True
Tokens            16384      16384.000          16384          0.00%        5.00%    True

Planner status: feasible=True, violation=0.000000, relaxation_level=7, relaxation='unlock 4K-8K G2', repair_moves=0
Split protection
    Bucket  Split count   Split penalty
      <=2K            0               0
     2K-4K            0               0
     4K-8K            3               5
    8K-16K            1               3
      >16K            1               3
Communication: amplification=2.375000, proxy_Q=4.275e+04, active_rings=11, total_token_hops=3.113e+05

Kernel metadata
global_seqlens=8192,12288,22528,5120,5120,768,512,1536,512,256,256,768,512,256,1024,256,512,1280,1024,512,256,512,256,768,1024,512,256,1536,1024,256,512,1280,256,256,768,256,1024,512,256,768,1024,1280,512,256,512,1280,256,512,256,768,1024,512,256,1024,256,512,1280,768,256,3584,512,256,1024,512,768,1280,256,1024,256,512,256,768,2560,256,1792,768,512,1024,256,256,1024,768,512,256,256,768,256,768,256,1024,512,1792,256,2560,1024,768,256,512,256,256,512,512,256,2048,256,768,1024,512,256,2048,1024,1280
ring_sizes=8,8,8,2,2,1,1,1,1,1,1,1,1,1,1,1,1,1,1,1,1,1,1,1,1,1,1,1,1,1,1,1,1,1,1,1,1,1,1,1,1,1,1,1,1,1,1,1,1,1,1,1,1,1,1,1,1,1,1,1,1,1,1,1,1,1,1,1,1,1,1,1,1,1,1,1,1,1,1,1,1,1,1,1,1,1,1,1,1,1,1,1,1,1,1,1,1,1,1,1,1,1,1,1,1,1,1,1,1,1,1,1
ring_starts=0,0,0,0,2,0,0,0,0,0,0,0,0,0,0,0,0,0,1,1,1,1,1,1,1,1,1,1,1,1,1,2,2,2,2,2,2,2,2,2,2,2,2,2,3,3,3,3,3,3,3,3,3,3,3,3,3,4,4,4,4,4,4,4,4,4,4,4,4,4,5,5,5,5,5,5,5,5,5,5,5,5,5,5,6,6,6,6,6,6,6,6,6,6,6,6,6,6,7,7,7,7,7,7,7,7,7,7,7,7,7,7

Dataset case 8/20
Planner workload: dataset=pile, seed=0, world_size=8, mode=causal
Batch: B=149, target_tokens=131072, actual_tokens=131072, target_delta=+0

Sequence placement
 Seq   Global S   Ring     Ranks    Local S  Est compute/member
   0       6144     G4       0-3       1536           4.719e+06
   1       5120     G4       0-3       1280           3.277e+06
   2        256     G1         0        256           3.290e+04
   3       1024     G1         0       1024           5.248e+05
   4        256     G1         0        256           3.290e+04
   5        512     G1         0        512           1.313e+05
   6        256     G1         0        256           3.290e+04
   7       2048     G1         0       2048           2.098e+06
   8        768     G1         0        768           2.953e+05
   9       1280     G1         0       1280           8.198e+05
  10        512     G1         0        512           1.313e+05
  11        256     G1         0        256           3.290e+04
  12       1280     G1         0       1280           8.198e+05
  13        768     G1         0        768           2.953e+05
  14        256     G1         0        256           3.290e+04
  15       1024     G1         0       1024           5.248e+05
  16        256     G1         0        256           3.290e+04
  17        512     G1         0        512           1.313e+05
  18        768     G1         0        768           2.953e+05
  19        256     G1         0        256           3.290e+04
  20       1024     G1         0       1024           5.248e+05
  21        256     G1         1        256           3.290e+04
  22        256     G1         1        256           3.290e+04
  23       1024     G1         1       1024           5.248e+05
  24        512     G1         1        512           1.313e+05
  25        256     G1         1        256           3.290e+04
  26        768     G1         1        768           2.953e+05
  27       1280     G1         1       1280           8.198e+05
  28       1280     G1         1       1280           8.198e+05
  29        256     G1         1        256           3.290e+04
  30        512     G1         1        512           1.313e+05
  31        256     G1         1        256           3.290e+04
  32        768     G1         1        768           2.953e+05
  33       1024     G1         1       1024           5.248e+05
  34        256     G1         1        256           3.290e+04
  35        512     G1         1        512           1.313e+05
  36        768     G1         1        768           2.953e+05
  37        256     G1         1        256           3.290e+04
  38       2048     G1         1       2048           2.098e+06
  39       1024     G1         1       1024           5.248e+05
  40        512     G1         2        512           1.313e+05
  41        768     G1         2        768           2.953e+05
  42       1792     G1         2       1792           1.607e+06
  43        512     G1         2        512           1.313e+05
  44        256     G1         2        256           3.290e+04
  45        512     G1         2        512           1.313e+05
  46       1024     G1         2       1024           5.248e+05
  47        256     G1         2        256           3.290e+04
  48        768     G1         2        768           2.953e+05
  49        256     G1         2        256           3.290e+04
  50        512     G1         2        512           1.313e+05
  51        256     G1         2        256           3.290e+04
  52        768     G1         2        768           2.953e+05
  53       1024     G1         2       1024           5.248e+05
  54        256     G1         2        256           3.290e+04
  55        512     G1         2        512           1.313e+05
  56       1536     G1         2       1536           1.180e+06
  57       1536     G1         2       1536           1.180e+06
  58        256     G1         2        256           3.290e+04
  59        768     G1         3        768           2.953e+05
  60        512     G1         3        512           1.313e+05
  61        256     G1         3        256           3.290e+04
  62        512     G1         3        512           1.313e+05
  63       1792     G1         3       1792           1.607e+06
  64        256     G1         3        256           3.290e+04
  65       1536     G1         3       1536           1.180e+06
  66        512     G1         3        512           1.313e+05
  67        768     G1         3        768           2.953e+05
  68       1280     G1         3       1280           8.198e+05
  69        256     G1         3        256           3.290e+04
  70        256     G1         3        256           3.290e+04
  71        512     G1         3        512           1.313e+05
  72        768     G1         3        768           2.953e+05
  73       1024     G1         3       1024           5.248e+05
  74        256     G1         3        256           3.290e+04
  75       1280     G1         3       1280           8.198e+05
  76        512     G1         3        512           1.313e+05
  77        256     G1         3        256           3.290e+04
  78        768     G1         4        768           2.953e+05
  79        512     G1         4        512           1.313e+05
  80        256     G1         4        256           3.290e+04
  81       1792     G1         4       1792           1.607e+06
  82       1536     G1         4       1536           1.180e+06
  83        512     G1         4        512           1.313e+05
  84        256     G1         4        256           3.290e+04
  85       1024     G1         4       1024           5.248e+05
  86        768     G1         4        768           2.953e+05
  87        256     G1         4        256           3.290e+04
  88        512     G1         4        512           1.313e+05
  89        256     G1         4        256           3.290e+04
  90       1536     G1         4       1536           1.180e+06
  91        768     G1         4        768           2.953e+05
  92       1024     G1         4       1024           5.248e+05
  93       4096     G1         4       4096           8.391e+06
  94        256     G1         4        256           3.290e+04
  95        512     G1         4        512           1.313e+05
  96        512     G1         5        512           1.313e+05
  97       3584     G1         5       3584           6.424e+06
  98        512     G1         5        512           1.313e+05
  99        256     G1         5        256           3.290e+04
 100       1024     G1         5       1024           5.248e+05
 101        256     G1         5        256           3.290e+04
 102        512     G1         5        512           1.313e+05
 103        768     G1         5        768           2.953e+05
 104       1280     G1         5       1280           8.198e+05
 105        256     G1         5        256           3.290e+04
 106       3072     G1         5       3072           4.720e+06
 107        512     G1         5        512           1.313e+05
 108       1024     G1         5       1024           5.248e+05
 109        256     G1         5        256           3.290e+04
 110        768     G1         5        768           2.953e+05
 111        256     G1         5        256           3.290e+04
 112        512     G1         5        512           1.313e+05
 113       1024     G1         5       1024           5.248e+05
 114        256     G1         6        256           3.290e+04
 115        256     G1         6        256           3.290e+04
 116        768     G1         6        768           2.953e+05
 117        512     G1         6        512           1.313e+05
 118       1792     G1         6       1792           1.607e+06
 119        256     G1         6        256           3.290e+04
 120       2560     G1         6       2560           3.278e+06
 121        512     G1         6        512           1.313e+05
 122       1280     G1         6       1280           8.198e+05
 123        256     G1         6        256           3.290e+04
 124        768     G1         6        768           2.953e+05
 125        256     G1         6        256           3.290e+04
 126       1024     G1         6       1024           5.248e+05
 127        512     G1         6        512           1.313e+05
 128        768     G1         6        768           2.953e+05
 129        256     G1         6        256           3.290e+04
 130       1024     G1         6       1024           5.248e+05
 131       3584     G1         6       3584           6.424e+06
 132        768     G1         7        768           2.953e+05
 133        512     G1         7        512           1.313e+05
 134       3072     G1         7       3072           4.720e+06
 135       3072     G1         7       3072           4.720e+06
 136        256     G1         7        256           3.290e+04
 137        512     G1         7        512           1.313e+05
 138       1536     G1         7       1536           1.180e+06
 139       1024     G1         7       1024           5.248e+05
 140        768     G1         7        768           2.953e+05
 141        256     G1         7        256           3.290e+04
 142       1792     G1         7       1792           1.607e+06
 143        256     G1         7        256           3.290e+04
 144        512     G1         7        512           1.313e+05
 145        768     G1         7        768           2.953e+05
 146       1024     G1         7       1024           5.248e+05
 147        256     G1         7        256           3.290e+04
 148        512     G1         7        512           1.313e+05

Per-rank load
Rank     Tokens  Token/avg    Est compute  Compute/avg   Est communication
   0      16128     98.44%      1.482e+07      100.05%           8.448e+03
   1      16128     98.44%      1.482e+07      100.05%           8.448e+03
   2      16128     98.44%      1.475e+07       99.61%           8.448e+03
   3      16128     98.44%      1.469e+07       99.17%           8.448e+03
   4      16640    101.56%      1.498e+07      101.16%           0.000e+00
   5      16384    100.00%      1.495e+07      100.94%           0.000e+00
   6      16640    101.56%      1.466e+07       98.95%           0.000e+00
   7      16896    103.12%      1.482e+07      100.06%           0.000e+00

Balance targets
Metric          Minimum        Average        Maximum  Max deviation    Tolerance     Met
Compute       1.466e+07      1.481e+07      1.498e+07          1.16%        5.00%    True
Tokens            16128      16384.000          16896          3.12%        5.00%    True

Planner status: feasible=True, violation=0.000000, relaxation_level=0, relaxation='initial', repair_moves=4
Split protection
    Bucket  Split count   Split penalty
      <=2K            0               0
     2K-4K            0               0
     4K-8K            2               4
    8K-16K            0               0
      >16K            0               0
Communication: amplification=0.257812, proxy_Q=8.448e+03, active_rings=9, total_token_hops=3.379e+04

Kernel metadata
global_seqlens=6144,5120,256,1024,256,512,256,2048,768,1280,512,256,1280,768,256,1024,256,512,768,256,1024,256,256,1024,512,256,768,1280,1280,256,512,256,768,1024,256,512,768,256,2048,1024,512,768,1792,512,256,512,1024,256,768,256,512,256,768,1024,256,512,1536,1536,256,768,512,256,512,1792,256,1536,512,768,1280,256,256,512,768,1024,256,1280,512,256,768,512,256,1792,1536,512,256,1024,768,256,512,256,1536,768,1024,4096,256,512,512,3584,512,256,1024,256,512,768,1280,256,3072,512,1024,256,768,256,512,1024,256,256,768,512,1792,256,2560,512,1280,256,768,256,1024,512,768,256,1024,3584,768,512,3072,3072,256,512,1536,1024,768,256,1792,256,512,768,1024,256,512
ring_sizes=4,4,1,1,1,1,1,1,1,1,1,1,1,1,1,1,1,1,1,1,1,1,1,1,1,1,1,1,1,1,1,1,1,1,1,1,1,1,1,1,1,1,1,1,1,1,1,1,1,1,1,1,1,1,1,1,1,1,1,1,1,1,1,1,1,1,1,1,1,1,1,1,1,1,1,1,1,1,1,1,1,1,1,1,1,1,1,1,1,1,1,1,1,1,1,1,1,1,1,1,1,1,1,1,1,1,1,1,1,1,1,1,1,1,1,1,1,1,1,1,1,1,1,1,1,1,1,1,1,1,1,1,1,1,1,1,1,1,1,1,1,1,1,1,1,1,1,1,1
ring_starts=0,0,0,0,0,0,0,0,0,0,0,0,0,0,0,0,0,0,0,0,0,1,1,1,1,1,1,1,1,1,1,1,1,1,1,1,1,1,1,1,2,2,2,2,2,2,2,2,2,2,2,2,2,2,2,2,2,2,2,3,3,3,3,3,3,3,3,3,3,3,3,3,3,3,3,3,3,3,4,4,4,4,4,4,4,4,4,4,4,4,4,4,4,4,4,4,5,5,5,5,5,5,5,5,5,5,5,5,5,5,5,5,5,5,6,6,6,6,6,6,6,6,6,6,6,6,6,6,6,6,6,6,7,7,7,7,7,7,7,7,7,7,7,7,7,7,7,7,7

Dataset case 9/20
Planner workload: dataset=pile, seed=0, world_size=8, mode=causal
Batch: B=94, target_tokens=131072, actual_tokens=132864, target_delta=+1792

Sequence placement
 Seq   Global S   Ring     Ranks    Local S  Est compute/member
   0      18432     G8       0-7       2304           2.123e+07
   1      20480     G4       0-3       5120           5.243e+07
   2      18432     G4       4-7       4608           4.247e+07
   3      12288     G4       4-7       3072           1.888e+07
   4        512     G1         0        512           1.313e+05
   5        256     G1         0        256           3.290e+04
   6        512     G1         0        512           1.313e+05
   7        768     G1         0        768           2.953e+05
   8       2560     G1         0       2560           3.278e+06
   9        256     G1         0        256           3.290e+04
  10       1792     G1         0       1792           1.607e+06
  11        512     G1         0        512           1.313e+05
  12        256     G1         0        256           3.290e+04
  13       1024     G1         0       1024           5.248e+05
  14        512     G1         0        512           1.313e+05
  15        256     G1         0        256           3.290e+04
  16        512     G1         1        512           1.313e+05
  17        768     G1         1        768           2.953e+05
  18        256     G1         1        256           3.290e+04
  19        256     G1         1        256           3.290e+04
  20        768     G1         1        768           2.953e+05
  21        512     G1         1        512           1.313e+05
  22       1536     G1         1       1536           1.180e+06
  23        256     G1         1        256           3.290e+04
  24        512     G1         1        512           1.313e+05
  25       1024     G1         1       1024           5.248e+05
  26        256     G1         1        256           3.290e+04
  27       2560     G1         1       2560           3.278e+06
  28        512     G1         2        512           1.313e+05
  29        256     G1         2        256           3.290e+04
  30        768     G1         2        768           2.953e+05
  31        256     G1         2        256           3.290e+04
  32        768     G1         2        768           2.953e+05
  33        512     G1         2        512           1.313e+05
  34       1536     G1         2       1536           1.180e+06
  35        256     G1         2        256           3.290e+04
  36       1024     G1         2       1024           5.248e+05
  37        512     G1         2        512           1.313e+05
  38        256     G1         2        256           3.290e+04
  39       2560     G1         2       2560           3.278e+06
  40        256     G1         3        256           3.290e+04
  41       1792     G1         3       1792           1.607e+06
  42        512     G1         3        512           1.313e+05
  43        256     G1         3        256           3.290e+04
  44        512     G1         3        512           1.313e+05
  45       2048     G1         3       2048           2.098e+06
  46        256     G1         3        256           3.290e+04
  47       1280     G1         3       1280           8.198e+05
  48        768     G1         3        768           2.953e+05
  49       1024     G1         3       1024           5.248e+05
  50        512     G1         3        512           1.313e+05
  51       1280     G1         4       1280           8.198e+05
  52        256     G1         4        256           3.290e+04
  53       1024     G1         4       1024           5.248e+05
  54        512     G1         4        512           1.313e+05
  55        256     G1         4        256           3.290e+04
  56        768     G1         4        768           2.953e+05
  57        512     G1         4        512           1.313e+05
  58        256     G1         4        256           3.290e+04
  59       1024     G1         4       1024           5.248e+05
  60        256     G1         4        256           3.290e+04
  61        512     G1         4        512           1.313e+05
  62        256     G1         5        256           3.290e+04
  63        512     G1         5        512           1.313e+05
  64       1024     G1         5       1024           5.248e+05
  65        256     G1         5        256           3.290e+04
  66        512     G1         5        512           1.313e+05
  67        768     G1         5        768           2.953e+05
  68       1280     G1         5       1280           8.198e+05
  69        256     G1         5        256           3.290e+04
  70       1024     G1         5       1024           5.248e+05
  71        512     G1         5        512           1.313e+05
  72        256     G1         5        256           3.290e+04
  73        256     G1         6        256           3.290e+04
  74        512     G1         6        512           1.313e+05
  75       1024     G1         6       1024           5.248e+05
  76        256     G1         6        256           3.290e+04
  77        512     G1         6        512           1.313e+05
  78        768     G1         6        768           2.953e+05
  79       1280     G1         6       1280           8.198e+05
  80        256     G1         6        256           3.290e+04
  81       1024     G1         6       1024           5.248e+05
  82        512     G1         6        512           1.313e+05
  83        256     G1         6        256           3.290e+04
  84        256     G1         7        256           3.290e+04
  85        512     G1         7        512           1.313e+05
  86        256     G1         7        256           3.290e+04
  87        512     G1         7        512           1.313e+05
  88       1024     G1         7       1024           5.248e+05
  89       1280     G1         7       1280           8.198e+05
  90        256     G1         7        256           3.290e+04
  91       1024     G1         7       1024           5.248e+05
  92        768     G1         7        768           2.953e+05
  93        512     G1         7        512           1.313e+05

Per-rank load
Rank     Tokens  Token/avg    Est compute  Compute/avg   Est communication
   0      16640    100.19%      8.003e+07       96.99%           3.149e+04
   1      16640    100.19%      7.977e+07       96.67%           3.149e+04
   2      16640    100.19%      7.977e+07       96.67%           3.149e+04
   3      16640    100.19%      7.950e+07       96.35%           3.149e+04
   4      16640    100.19%      8.527e+07      103.34%           3.917e+04
   5      16640    100.19%      8.527e+07      103.34%           3.917e+04
   6      16640    100.19%      8.527e+07      103.34%           3.917e+04
   7      16384     98.65%      8.524e+07      103.30%           3.917e+04

Balance targets
Metric          Minimum        Average        Maximum  Max deviation    Tolerance     Met
Compute       7.950e+07      8.251e+07      8.527e+07          3.65%        5.00%    True
Tokens            16384      16608.000          16640          1.35%        5.00%    True

Planner status: feasible=True, violation=0.000000, relaxation_level=0, relaxation='initial', repair_moves=0
Split protection
    Bucket  Split count   Split penalty
      <=2K            0               0
     2K-4K            0               0
     4K-8K            0               0
    8K-16K            1               2
      >16K            3               7
Communication: amplification=2.127168, proxy_Q=5.453e+04, active_rings=11, total_token_hops=2.826e+05

Kernel metadata
global_seqlens=18432,20480,18432,12288,512,256,512,768,2560,256,1792,512,256,1024,512,256,512,768,256,256,768,512,1536,256,512,1024,256,2560,512,256,768,256,768,512,1536,256,1024,512,256,2560,256,1792,512,256,512,2048,256,1280,768,1024,512,1280,256,1024,512,256,768,512,256,1024,256,512,256,512,1024,256,512,768,1280,256,1024,512,256,256,512,1024,256,512,768,1280,256,1024,512,256,256,512,256,512,1024,1280,256,1024,768,512
ring_sizes=8,4,4,4,1,1,1,1,1,1,1,1,1,1,1,1,1,1,1,1,1,1,1,1,1,1,1,1,1,1,1,1,1,1,1,1,1,1,1,1,1,1,1,1,1,1,1,1,1,1,1,1,1,1,1,1,1,1,1,1,1,1,1,1,1,1,1,1,1,1,1,1,1,1,1,1,1,1,1,1,1,1,1,1,1,1,1,1,1,1,1,1,1,1
ring_starts=0,0,4,4,0,0,0,0,0,0,0,0,0,0,0,0,1,1,1,1,1,1,1,1,1,1,1,1,2,2,2,2,2,2,2,2,2,2,2,2,3,3,3,3,3,3,3,3,3,3,3,4,4,4,4,4,4,4,4,4,4,4,5,5,5,5,5,5,5,5,5,5,5,6,6,6,6,6,6,6,6,6,6,6,7,7,7,7,7,7,7,7,7,7

Dataset case 10/20
Planner workload: dataset=pile, seed=0, world_size=8, mode=causal
Batch: B=103, target_tokens=131072, actual_tokens=131072, target_delta=+0

Sequence placement
 Seq   Global S   Ring     Ranks    Local S  Est compute/member
   0      18432     G8       0-7       2304           2.123e+07
   1      10240     G4       0-3       2560           1.311e+07
   2      10240     G4       4-7       2560           1.311e+07
   3       6144     G2       0-1       3072           9.439e+06
   4       5120     G2       2-3       2560           6.555e+06
   5       1792     G1         0       1792           1.607e+06
   6       1024     G1         0       1024           5.248e+05
   7        256     G1         0        256           3.290e+04
   8        512     G1         0        512           1.313e+05
   9        768     G1         0        768           2.953e+05
  10        256     G1         0        256           3.290e+04
  11       1536     G1         0       1536           1.180e+06
  12        512     G1         0        512           1.313e+05
  13        256     G1         0        256           3.290e+04
  14        768     G1         0        768           2.953e+05
  15        512     G1         0        512           1.313e+05
  16       1792     G1         1       1792           1.607e+06
  17        256     G1         1        256           3.290e+04
  18        512     G1         1        512           1.313e+05
  19        768     G1         1        768           2.953e+05
  20       1280     G1         1       1280           8.198e+05
  21        256     G1         1        256           3.290e+04
  22        512     G1         1        512           1.313e+05
  23        256     G1         1        256           3.290e+04
  24       1280     G1         1       1280           8.198e+05
  25        768     G1         1        768           2.953e+05
  26        512     G1         1        512           1.313e+05
  27        256     G1         1        256           3.290e+04
  28       1536     G1         2       1536           1.180e+06
  29        256     G1         2        256           3.290e+04
  30        512     G1         2        512           1.313e+05
  31        768     G1         2        768           2.953e+05
  32       2048     G1         2       2048           2.098e+06
  33        512     G1         2        512           1.313e+05
  34        256     G1         2        256           3.290e+04
  35        256     G1         2        256           3.290e+04
  36        768     G1         2        768           2.953e+05
  37       1280     G1         2       1280           8.198e+05
  38        512     G1         2        512           1.313e+05
  39        256     G1         2        256           3.290e+04
  40        256     G1         3        256           3.290e+04
  41        512     G1         3        512           1.313e+05
  42       1536     G1         3       1536           1.180e+06
  43        768     G1         3        768           2.953e+05
  44        512     G1         3        512           1.313e+05
  45        256     G1         3        256           3.290e+04
  46       2048     G1         3       2048           2.098e+06
  47        256     G1         3        256           3.290e+04
  48        768     G1         3        768           2.953e+05
  49       1280     G1         3       1280           8.198e+05
  50        512     G1         3        512           1.313e+05
  51        256     G1         3        256           3.290e+04
  52        256     G1         4        256           3.290e+04
  53        512     G1         4        512           1.313e+05
  54        256     G1         4        256           3.290e+04
  55       4096     G1         4       4096           8.391e+06
  56        512     G1         4        512           1.313e+05
  57        256     G1         4        256           3.290e+04
  58       1280     G1         4       1280           8.198e+05
  59       1792     G1         4       1792           1.607e+06
  60        768     G1         4        768           2.953e+05
  61       1024     G1         4       1024           5.248e+05
  62        512     G1         4        512           1.313e+05
  63        256     G1         4        256           3.290e+04
  64        512     G1         5        512           1.313e+05
  65        256     G1         5        256           3.290e+04
  66       1024     G1         5       1024           5.248e+05
  67        512     G1         5        512           1.313e+05
  68       1792     G1         5       1792           1.607e+06
  69        256     G1         5        256           3.290e+04
  70        512     G1         5        512           1.313e+05
  71       3584     G1         5       3584           6.424e+06
  72        768     G1         5        768           2.953e+05
  73        256     G1         5        256           3.290e+04
  74       1280     G1         5       1280           8.198e+05
  75        512     G1         5        512           1.313e+05
  76        256     G1         5        256           3.290e+04
  77        512     G1         6        512           1.313e+05
  78       1024     G1         6       1024           5.248e+05
  79        512     G1         6        512           1.313e+05
  80        256     G1         6        256           3.290e+04
  81        256     G1         6        256           3.290e+04
  82        512     G1         6        512           1.313e+05
  83       1536     G1         6       1536           1.180e+06
  84        768     G1         6        768           2.953e+05
  85        256     G1         6        256           3.290e+04
  86       3072     G1         6       3072           4.720e+06
  87        512     G1         6        512           1.313e+05
  88        256     G1         6        256           3.290e+04
  89       2048     G1         6       2048           2.098e+06
  90        512     G1         7        512           1.313e+05
  91       1024     G1         7       1024           5.248e+05
  92        512     G1         7        512           1.313e+05
  93       2560     G1         7       2560           3.278e+06
  94        512     G1         7        512           1.313e+05
  95       1536     G1         7       1536           1.180e+06
  96        768     G1         7        768           2.953e+05
  97        256     G1         7        256           3.290e+04
  98        512     G1         7        512           1.313e+05
  99        256     G1         7        256           3.290e+04
 100       2560     G1         7       2560           3.278e+06
 101        512     G1         7        512           1.313e+05
 102        256     G1         7        256           3.290e+04

Per-rank load
Rank     Tokens  Token/avg    Est compute  Compute/avg   Est communication
   0      16128     98.44%      4.818e+07      104.96%           2.688e+04
   1      16384    100.00%      4.814e+07      104.89%           2.688e+04
   2      16384    100.00%      4.611e+07      100.46%           2.637e+04
   3      16384    100.00%      4.611e+07      100.46%           2.637e+04
   4      16384    100.00%      4.651e+07      101.32%           2.381e+04
   5      16384    100.00%      4.467e+07       97.32%           2.381e+04
   6      16384    100.00%      4.382e+07       95.47%           2.381e+04
   7      16640    101.56%      4.366e+07       95.11%           2.381e+04

Balance targets
Metric          Minimum        Average        Maximum  Max deviation    Tolerance     Met
Compute       4.366e+07      4.590e+07      4.818e+07          4.96%        5.00%    True
Tokens            16128      16384.000          16640          1.56%        5.00%    True

Planner status: feasible=True, violation=0.000000, relaxation_level=7, relaxation='unlock 4K-8K G2', repair_moves=0
Split protection
    Bucket  Split count   Split penalty
      <=2K            0               0
     2K-4K            0               0
     4K-8K            2               2
    8K-16K            2               4
      >16K            1               3
Communication: amplification=1.539062, proxy_Q=3.712e+04, active_rings=13, total_token_hops=2.017e+05

Kernel metadata
global_seqlens=18432,10240,10240,6144,5120,1792,1024,256,512,768,256,1536,512,256,768,512,1792,256,512,768,1280,256,512,256,1280,768,512,256,1536,256,512,768,2048,512,256,256,768,1280,512,256,256,512,1536,768,512,256,2048,256,768,1280,512,256,256,512,256,4096,512,256,1280,1792,768,1024,512,256,512,256,1024,512,1792,256,512,3584,768,256,1280,512,256,512,1024,512,256,256,512,1536,768,256,3072,512,256,2048,512,1024,512,2560,512,1536,768,256,512,256,2560,512,256
ring_sizes=8,4,4,2,2,1,1,1,1,1,1,1,1,1,1,1,1,1,1,1,1,1,1,1,1,1,1,1,1,1,1,1,1,1,1,1,1,1,1,1,1,1,1,1,1,1,1,1,1,1,1,1,1,1,1,1,1,1,1,1,1,1,1,1,1,1,1,1,1,1,1,1,1,1,1,1,1,1,1,1,1,1,1,1,1,1,1,1,1,1,1,1,1,1,1,1,1,1,1,1,1,1,1
ring_starts=0,0,4,0,2,0,0,0,0,0,0,0,0,0,0,0,1,1,1,1,1,1,1,1,1,1,1,1,2,2,2,2,2,2,2,2,2,2,2,2,3,3,3,3,3,3,3,3,3,3,3,3,4,4,4,4,4,4,4,4,4,4,4,4,5,5,5,5,5,5,5,5,5,5,5,5,5,6,6,6,6,6,6,6,6,6,6,6,6,6,7,7,7,7,7,7,7,7,7,7,7,7,7

Dataset case 11/20
Planner workload: dataset=pile, seed=0, world_size=8, mode=causal
Batch: B=145, target_tokens=131072, actual_tokens=131072, target_delta=+0

Sequence placement
 Seq   Global S   Ring     Ranks    Local S  Est compute/member
   0       8192     G4       0-3       2048           8.390e+06
   1       6144     G4       4-7       1536           4.719e+06
   2        768     G1         0        768           2.953e+05
   3        256     G1         0        256           3.290e+04
   4        256     G1         0        256           3.290e+04
   5        256     G1         0        256           3.290e+04
   6        768     G1         0        768           2.953e+05
   7       1024     G1         0       1024           5.248e+05
   8        256     G1         0        256           3.290e+04
   9       1536     G1         0       1536           1.180e+06
  10        768     G1         0        768           2.953e+05
  11        256     G1         0        256           3.290e+04
  12        256     G1         0        256           3.290e+04
  13        512     G1         0        512           1.313e+05
  14       3072     G1         0       3072           4.720e+06
  15        768     G1         0        768           2.953e+05
  16        256     G1         0        256           3.290e+04
  17        512     G1         0        512           1.313e+05
  18       1536     G1         0       1536           1.180e+06
  19        768     G1         0        768           2.953e+05
  20        256     G1         0        256           3.290e+04
  21        512     G1         1        512           1.313e+05
  22        256     G1         1        256           3.290e+04
  23        256     G1         1        256           3.290e+04
  24        768     G1         1        768           2.953e+05
  25        512     G1         1        512           1.313e+05
  26       1792     G1         1       1792           1.607e+06
  27       2560     G1         1       2560           3.278e+06
  28       1536     G1         1       1536           1.180e+06
  29        256     G1         1        256           3.290e+04
  30        256     G1         1        256           3.290e+04
  31        768     G1         1        768           2.953e+05
  32        512     G1         1        512           1.313e+05
  33       1280     G1         1       1280           8.198e+05
  34        256     G1         1        256           3.290e+04
  35       1024     G1         1       1024           5.248e+05
  36        768     G1         1        768           2.953e+05
  37        512     G1         1        512           1.313e+05
  38        256     G1         1        256           3.290e+04
  39        768     G1         2        768           2.953e+05
  40        256     G1         2        256           3.290e+04
  41        768     G1         2        768           2.953e+05
  42        256     G1         2        256           3.290e+04
  43        512     G1         2        512           1.313e+05
  44        768     G1         2        768           2.953e+05
  45        256     G1         2        256           3.290e+04
  46       2560     G1         2       2560           3.278e+06
  47        256     G1         2        256           3.290e+04
  48       1536     G1         2       1536           1.180e+06
  49        512     G1         2        512           1.313e+05
  50        768     G1         2        768           2.953e+05
  51        256     G1         2        256           3.290e+04
  52       2048     G1         2       2048           2.098e+06
  53       1280     G1         2       1280           8.198e+05
  54        512     G1         2        512           1.313e+05
  55        256     G1         2        256           3.290e+04
  56        768     G1         2        768           2.953e+05
  57        512     G1         3        512           1.313e+05
  58       1792     G1         3       1792           1.607e+06
  59        256     G1         3        256           3.290e+04
  60        256     G1         3        256           3.290e+04
  61        512     G1         3        512           1.313e+05
  62        768     G1         3        768           2.953e+05
  63        256     G1         3        256           3.290e+04
  64        256     G1         3        256           3.290e+04
  65        768     G1         3        768           2.953e+05
  66       1024     G1         3       1024           5.248e+05
  67       1280     G1         3       1280           8.198e+05
  68        512     G1         3        512           1.313e+05
  69        256     G1         3        256           3.290e+04
  70        768     G1         3        768           2.953e+05
  71       1792     G1         3       1792           1.607e+06
  72        512     G1         3        512           1.313e+05
  73       2560     G1         3       2560           3.278e+06
  74        256     G1         3        256           3.290e+04
  75        512     G1         4        512           1.313e+05
  76        768     G1         4        768           2.953e+05
  77       1280     G1         4       1280           8.198e+05
  78        256     G1         4        256           3.290e+04
  79       1024     G1         4       1024           5.248e+05
  80        256     G1         4        256           3.290e+04
  81        768     G1         4        768           2.953e+05
  82        512     G1         4        512           1.313e+05
  83        256     G1         4        256           3.290e+04
  84        256     G1         4        256           3.290e+04
  85        768     G1         4        768           2.953e+05
  86       1792     G1         4       1792           1.607e+06
  87        512     G1         4        512           1.313e+05
  88        256     G1         4        256           3.290e+04
  89        768     G1         4        768           2.953e+05
  90       4096     G1         4       4096           8.391e+06
  91        256     G1         4        256           3.290e+04
  92        512     G1         4        512           1.313e+05
  93        768     G1         5        768           2.953e+05
  94        512     G1         5        512           1.313e+05
  95        256     G1         5        256           3.290e+04
  96       1024     G1         5       1024           5.248e+05
  97        256     G1         5        256           3.290e+04
  98        768     G1         5        768           2.953e+05
  99        512     G1         5        512           1.313e+05
 100        256     G1         5        256           3.290e+04
 101        256     G1         5        256           3.290e+04
 102       1280     G1         5       1280           8.198e+05
 103        768     G1         5        768           2.953e+05
 104       1792     G1         5       1792           1.607e+06
 105        256     G1         5        256           3.290e+04
 106        512     G1         5        512           1.313e+05
 107        768     G1         5        768           2.953e+05
 108       4096     G1         5       4096           8.391e+06
 109        256     G1         5        256           3.290e+04
 110        512     G1         5        512           1.313e+05
 111        512     G1         6        512           1.313e+05
 112        256     G1         6        256           3.290e+04
 113       1024     G1         6       1024           5.248e+05
 114        768     G1         6        768           2.953e+05
 115        256     G1         6        256           3.290e+04
 116        256     G1         6        256           3.290e+04
 117       1024     G1         6       1024           5.248e+05
 118        512     G1         6        512           1.313e+05
 119        768     G1         6        768           2.953e+05
 120        256     G1         6        256           3.290e+04
 121       2048     G1         6       2048           2.098e+06
 122        512     G1         6        512           1.313e+05
 123       3584     G1         6       3584           6.424e+06
 124        768     G1         6        768           2.953e+05
 125        256     G1         6        256           3.290e+04
 126       1792     G1         6       1792           1.607e+06
 127        512     G1         6        512           1.313e+05
 128       1024     G1         7       1024           5.248e+05
 129       3072     G1         7       3072           4.720e+06
 130        256     G1         7        256           3.290e+04
 131        256     G1         7        256           3.290e+04
 132        768     G1         7        768           2.953e+05
 133       1792     G1         7       1792           1.607e+06
 134        256     G1         7        256           3.290e+04
 135        256     G1         7        256           3.290e+04
 136       1024     G1         7       1024           5.248e+05
 137        768     G1         7        768           2.953e+05
 138        256     G1         7        256           3.290e+04
 139        512     G1         7        512           1.313e+05
 140        768     G1         7        768           2.953e+05
 141        256     G1         7        256           3.290e+04
 142        512     G1         7        512           1.313e+05
 143       2560     G1         7       2560           3.278e+06
 144        768     G1         7        768           2.953e+05

Per-rank load
Rank     Tokens  Token/avg    Est compute  Compute/avg   Est communication
   0      16128     98.44%      1.800e+07      101.76%           6.144e+03
   1      16128     98.44%      1.741e+07       98.42%           6.144e+03
   2      16384    100.00%      1.783e+07      100.83%           6.144e+03
   3      16384    100.00%      1.783e+07      100.83%           6.144e+03
   4      16384    100.00%      1.797e+07      101.57%           4.608e+03
   5      16384    100.00%      1.797e+07      101.57%           4.608e+03
   6      16640    101.56%      1.747e+07       98.80%           4.608e+03
   7      16640    101.56%      1.701e+07       96.20%           4.608e+03

Balance targets
Metric          Minimum        Average        Maximum  Max deviation    Tolerance     Met
Compute       1.701e+07      1.769e+07      1.800e+07          3.80%        5.00%    True
Tokens            16128      16384.000          16640          1.56%        5.00%    True

Planner status: feasible=True, violation=0.000000, relaxation_level=0, relaxation='initial', repair_moves=2
Split protection
    Bucket  Split count   Split penalty
      <=2K            0               0
     2K-4K            0               0
     4K-8K            2               4
    8K-16K            0               0
      >16K            0               0
Communication: amplification=0.328125, proxy_Q=1.075e+04, active_rings=10, total_token_hops=4.301e+04

Kernel metadata
global_seqlens=8192,6144,768,256,256,256,768,1024,256,1536,768,256,256,512,3072,768,256,512,1536,768,256,512,256,256,768,512,1792,2560,1536,256,256,768,512,1280,256,1024,768,512,256,768,256,768,256,512,768,256,2560,256,1536,512,768,256,2048,1280,512,256,768,512,1792,256,256,512,768,256,256,768,1024,1280,512,256,768,1792,512,2560,256,512,768,1280,256,1024,256,768,512,256,256,768,1792,512,256,768,4096,256,512,768,512,256,1024,256,768,512,256,256,1280,768,1792,256,512,768,4096,256,512,512,256,1024,768,256,256,1024,512,768,256,2048,512,3584,768,256,1792,512,1024,3072,256,256,768,1792,256,256,1024,768,256,512,768,256,512,2560,768
ring_sizes=4,4,1,1,1,1,1,1,1,1,1,1,1,1,1,1,1,1,1,1,1,1,1,1,1,1,1,1,1,1,1,1,1,1,1,1,1,1,1,1,1,1,1,1,1,1,1,1,1,1,1,1,1,1,1,1,1,1,1,1,1,1,1,1,1,1,1,1,1,1,1,1,1,1,1,1,1,1,1,1,1,1,1,1,1,1,1,1,1,1,1,1,1,1,1,1,1,1,1,1,1,1,1,1,1,1,1,1,1,1,1,1,1,1,1,1,1,1,1,1,1,1,1,1,1,1,1,1,1,1,1,1,1,1,1,1,1,1,1,1,1,1,1,1,1
ring_starts=0,4,0,0,0,0,0,0,0,0,0,0,0,0,0,0,0,0,0,0,0,1,1,1,1,1,1,1,1,1,1,1,1,1,1,1,1,1,1,2,2,2,2,2,2,2,2,2,2,2,2,2,2,2,2,2,2,3,3,3,3,3,3,3,3,3,3,3,3,3,3,3,3,3,3,4,4,4,4,4,4,4,4,4,4,4,4,4,4,4,4,4,4,5,5,5,5,5,5,5,5,5,5,5,5,5,5,5,5,5,5,6,6,6,6,6,6,6,6,6,6,6,6,6,6,6,6,6,7,7,7,7,7,7,7,7,7,7,7,7,7,7,7,7,7

Dataset case 12/20
Planner workload: dataset=pile, seed=0, world_size=8, mode=causal
Batch: B=89, target_tokens=131072, actual_tokens=131584, target_delta=+512

Sequence placement
 Seq   Global S   Ring     Ranks    Local S  Est compute/member
   0      34816     G8       0-7       4352           7.576e+07
   1      12288     G4       0-3       3072           1.888e+07
   2       8192     G4       4-7       2048           8.390e+06
   3        256     G1         0        256           3.290e+04
   4       1024     G1         0       1024           5.248e+05
   5        256     G1         0        256           3.290e+04
   6       1536     G1         0       1536           1.180e+06
   7        512     G1         0        512           1.313e+05
   8       2560     G1         0       2560           3.278e+06
   9        256     G1         0        256           3.290e+04
  10        768     G1         0        768           2.953e+05
  11        512     G1         0        512           1.313e+05
  12        256     G1         0        256           3.290e+04
  13       1024     G1         0       1024           5.248e+05
  14        256     G1         1        256           3.290e+04
  15       1024     G1         1       1024           5.248e+05
  16        256     G1         1        256           3.290e+04
  17        512     G1         1        512           1.313e+05
  18       1536     G1         1       1536           1.180e+06
  19        256     G1         1        256           3.290e+04
  20       2560     G1         1       2560           3.278e+06
  21        768     G1         1        768           2.953e+05
  22        512     G1         1        512           1.313e+05
  23        256     G1         1        256           3.290e+04
  24       1024     G1         1       1024           5.248e+05
  25        256     G1         2        256           3.290e+04
  26        256     G1         2        256           3.290e+04
  27       1024     G1         2       1024           5.248e+05
  28        512     G1         2        512           1.313e+05
  29        256     G1         2        256           3.290e+04
  30       2560     G1         2       2560           3.278e+06
  31        768     G1         2        768           2.953e+05
  32        512     G1         2        512           1.313e+05
  33       1536     G1         2       1536           1.180e+06
  34        256     G1         2        256           3.290e+04
  35       1024     G1         2       1024           5.248e+05
  36        256     G1         3        256           3.290e+04
  37        256     G1         3        256           3.290e+04
  38       2048     G1         3       2048           2.098e+06
  39        512     G1         3        512           1.313e+05
  40       1792     G1         3       1792           1.607e+06
  41        512     G1         3        512           1.313e+05
  42        768     G1         3        768           2.953e+05
  43        256     G1         3        256           3.290e+04
  44       1280     G1         3       1280           8.198e+05
  45        256     G1         3        256           3.290e+04
  46       1024     G1         3       1024           5.248e+05
  47        256     G1         4        256           3.290e+04
  48       3584     G1         4       3584           6.424e+06
  49       1024     G1         4       1024           5.248e+05
  50        512     G1         4        512           1.313e+05
  51        256     G1         4        256           3.290e+04
  52       1792     G1         4       1792           1.607e+06
  53        768     G1         4        768           2.953e+05
  54        256     G1         4        256           3.290e+04
  55        512     G1         4        512           1.313e+05
  56       1024     G1         4       1024           5.248e+05
  57       1024     G1         5       1024           5.248e+05
  58       3072     G1         5       3072           4.720e+06
  59        512     G1         5        512           1.313e+05
  60       2048     G1         5       2048           2.098e+06
  61        768     G1         5        768           2.953e+05
  62        256     G1         5        256           3.290e+04
  63        512     G1         5        512           1.313e+05
  64        256     G1         5        256           3.290e+04
  65       1024     G1         5       1024           5.248e+05
  66        512     G1         5        512           1.313e+05
  67        768     G1         6        768           2.953e+05
  68        256     G1         6        256           3.290e+04
  69       1280     G1         6       1280           8.198e+05
  70       1792     G1         6       1792           1.607e+06
  71        256     G1         6        256           3.290e+04
  72       1024     G1         6       1024           5.248e+05
  73        256     G1         6        256           3.290e+04
  74       3072     G1         6       3072           4.720e+06
  75        512     G1         6        512           1.313e+05
  76        256     G1         6        256           3.290e+04
  77        768     G1         6        768           2.953e+05
  78        768     G1         7        768           2.953e+05
  79        256     G1         7        256           3.290e+04
  80        256     G1         7        256           3.290e+04
  81       1792     G1         7       1792           1.607e+06
  82       1280     G1         7       1280           8.198e+05
  83       1024     G1         7       1024           5.248e+05
  84        256     G1         7        256           3.290e+04
  85       3072     G1         7       3072           4.720e+06
  86        512     G1         7        512           1.313e+05
  87        256     G1         7        256           3.290e+04
  88        768     G1         7        768           2.953e+05

Per-rank load
Rank     Tokens  Token/avg    Est compute  Compute/avg   Est communication
   0      16384     99.61%      1.008e+08      104.10%           3.968e+04
   1      16384     99.61%      1.008e+08      104.10%           3.968e+04
   2      16384     99.61%      1.008e+08      104.10%           3.968e+04
   3      16384     99.61%      1.004e+08      103.63%           3.968e+04
   4      16384     99.61%      9.389e+07       96.93%           3.661e+04
   5      16384     99.61%      9.277e+07       95.78%           3.661e+04
   6      16640    101.17%      9.268e+07       95.68%           3.661e+04
   7      16640    101.17%      9.268e+07       95.68%           3.661e+04

Balance targets
Metric          Minimum        Average        Maximum  Max deviation    Tolerance     Met
Compute       9.268e+07      9.686e+07      1.008e+08          4.32%        5.00%    True
Tokens            16384      16448.000          16640          1.17%        5.00%    True

Planner status: feasible=True, violation=0.000000, relaxation_level=8, relaxation='unlock 4K-8K G4', repair_moves=0
Split protection
    Bucket  Split count   Split penalty
      <=2K            0               0
     2K-4K            0               0
     4K-8K            1               2
    8K-16K            1               2
      >16K            1               3
Communication: amplification=2.319066, proxy_Q=4.582e+04, active_rings=11, total_token_hops=3.052e+05

Kernel metadata
global_seqlens=34816,12288,8192,256,1024,256,1536,512,2560,256,768,512,256,1024,256,1024,256,512,1536,256,2560,768,512,256,1024,256,256,1024,512,256,2560,768,512,1536,256,1024,256,256,2048,512,1792,512,768,256,1280,256,1024,256,3584,1024,512,256,1792,768,256,512,1024,1024,3072,512,2048,768,256,512,256,1024,512,768,256,1280,1792,256,1024,256,3072,512,256,768,768,256,256,1792,1280,1024,256,3072,512,256,768
ring_sizes=8,4,4,1,1,1,1,1,1,1,1,1,1,1,1,1,1,1,1,1,1,1,1,1,1,1,1,1,1,1,1,1,1,1,1,1,1,1,1,1,1,1,1,1,1,1,1,1,1,1,1,1,1,1,1,1,1,1,1,1,1,1,1,1,1,1,1,1,1,1,1,1,1,1,1,1,1,1,1,1,1,1,1,1,1,1,1,1,1
ring_starts=0,0,4,0,0,0,0,0,0,0,0,0,0,0,1,1,1,1,1,1,1,1,1,1,1,2,2,2,2,2,2,2,2,2,2,2,3,3,3,3,3,3,3,3,3,3,3,4,4,4,4,4,4,4,4,4,4,5,5,5,5,5,5,5,5,5,5,6,6,6,6,6,6,6,6,6,6,6,7,7,7,7,7,7,7,7,7,7,7

Dataset case 13/20
Planner workload: dataset=pile, seed=0, world_size=8, mode=causal
Batch: B=123, target_tokens=131072, actual_tokens=131328, target_delta=+256

Sequence placement
 Seq   Global S   Ring     Ranks    Local S  Est compute/member
   0      16384     G8       0-7       2048           1.678e+07
   1       7168     G4       0-3       1792           6.423e+06
   2       6144     G4       4-7       1536           4.719e+06
   3        768     G1         0        768           2.953e+05
   4        256     G1         0        256           3.290e+04
   5        512     G1         0        512           1.313e+05
   6        256     G1         0        256           3.290e+04
   7       1792     G1         0       1792           1.607e+06
   8        768     G1         0        768           2.953e+05
   9        256     G1         0        256           3.290e+04
  10        256     G1         0        256           3.290e+04
  11        512     G1         0        512           1.313e+05
  12       1536     G1         0       1536           1.180e+06
  13        256     G1         0        256           3.290e+04
  14       1280     G1         0       1280           8.198e+05
  15        768     G1         0        768           2.953e+05
  16       3072     G1         0       3072           4.720e+06
  17        256     G1         0        256           3.290e+04
  18        768     G1         1        768           2.953e+05
  19        256     G1         1        256           3.290e+04
  20        512     G1         1        512           1.313e+05
  21       1024     G1         1       1024           5.248e+05
  22       2560     G1         1       2560           3.278e+06
  23        768     G1         1        768           2.953e+05
  24        256     G1         1        256           3.290e+04
  25        256     G1         1        256           3.290e+04
  26        256     G1         1        256           3.290e+04
  27       2560     G1         1       2560           3.278e+06
  28        512     G1         1        512           1.313e+05
  29        256     G1         1        256           3.290e+04
  30        768     G1         1        768           2.953e+05
  31       1536     G1         1       1536           1.180e+06
  32        256     G1         1        256           3.290e+04
  33        256     G1         2        256           3.290e+04
  34        512     G1         2        512           1.313e+05
  35        768     G1         2        768           2.953e+05
  36       2560     G1         2       2560           3.278e+06
  37        768     G1         2        768           2.953e+05
  38        256     G1         2        256           3.290e+04
  39        256     G1         2        256           3.290e+04
  40        256     G1         2        256           3.290e+04
  41        512     G1         2        512           1.313e+05
  42       1024     G1         2       1024           5.248e+05
  43        256     G1         2        256           3.290e+04
  44       2560     G1         2       2560           3.278e+06
  45        768     G1         2        768           2.953e+05
  46       1536     G1         2       1536           1.180e+06
  47        256     G1         2        256           3.290e+04
  48        256     G1         3        256           3.290e+04
  49        512     G1         3        512           1.313e+05
  50        768     G1         3        768           2.953e+05
  51        256     G1         3        256           3.290e+04
  52       1280     G1         3       1280           8.198e+05
  53        256     G1         3        256           3.290e+04
  54       2560     G1         3       2560           3.278e+06
  55        256     G1         3        256           3.290e+04
  56        512     G1         3        512           1.313e+05
  57        768     G1         3        768           2.953e+05
  58       1536     G1         3       1536           1.180e+06
  59       2048     G1         3       2048           2.098e+06
  60        256     G1         3        256           3.290e+04
  61        256     G1         3        256           3.290e+04
  62       1024     G1         3       1024           5.248e+05
  63       1280     G1         4       1280           8.198e+05
  64        768     G1         4        768           2.953e+05
  65       4096     G1         4       4096           8.391e+06
  66        256     G1         4        256           3.290e+04
  67       1536     G1         4       1536           1.180e+06
  68        256     G1         4        256           3.290e+04
  69        512     G1         4        512           1.313e+05
  70        768     G1         4        768           2.953e+05
  71        256     G1         4        256           3.290e+04
  72        512     G1         4        512           1.313e+05
  73        256     G1         4        256           3.290e+04
  74       1024     G1         4       1024           5.248e+05
  75        256     G1         4        256           3.290e+04
  76        768     G1         4        768           2.953e+05
  77        256     G1         4        256           3.290e+04
  78       1280     G1         5       1280           8.198e+05
  79        768     G1         5        768           2.953e+05
  80        256     G1         5        256           3.290e+04
  81        256     G1         5        256           3.290e+04
  82        512     G1         5        512           1.313e+05
  83        768     G1         5        768           2.953e+05
  84       1536     G1         5       1536           1.180e+06
  85        256     G1         5        256           3.290e+04
  86       4096     G1         5       4096           8.391e+06
  87        256     G1         5        256           3.290e+04
  88        512     G1         5        512           1.313e+05
  89       1024     G1         5       1024           5.248e+05
  90        256     G1         5        256           3.290e+04
  91        768     G1         5        768           2.953e+05
  92        256     G1         5        256           3.290e+04
  93        768     G1         6        768           2.953e+05
  94       1280     G1         6       1280           8.198e+05
  95        256     G1         6        256           3.290e+04
  96        256     G1         6        256           3.290e+04
  97        512     G1         6        512           1.313e+05
  98        256     G1         6        256           3.290e+04
  99       1536     G1         6       1536           1.180e+06
 100        768     G1         6        768           2.953e+05
 101        256     G1         6        256           3.290e+04
 102       4096     G1         6       4096           8.391e+06
 103        512     G1         6        512           1.313e+05
 104       1024     G1         6       1024           5.248e+05
 105        256     G1         6        256           3.290e+04
 106        768     G1         6        768           2.953e+05
 107        256     G1         6        256           3.290e+04
 108       3072     G1         7       3072           4.720e+06
 109        256     G1         7        256           3.290e+04
 110        256     G1         7        256           3.290e+04
 111        512     G1         7        512           1.313e+05
 112       1280     G1         7       1280           8.198e+05
 113        256     G1         7        256           3.290e+04
 114        768     G1         7        768           2.953e+05
 115        256     G1         7        256           3.290e+04
 116       1536     G1         7       1536           1.180e+06
 117       2048     G1         7       2048           2.098e+06
 118        256     G1         7        256           3.290e+04
 119       1024     G1         7       1024           5.248e+05
 120        512     G1         7        512           1.313e+05
 121        256     G1         7        256           3.290e+04
 122        768     G1         7        768           2.953e+05

Per-rank load
Rank     Tokens  Token/avg    Est compute  Compute/avg   Est communication
   0      16384     99.81%      3.287e+07       99.69%           1.971e+04
   1      16384     99.81%      3.281e+07       99.49%           1.971e+04
   2      16384     99.81%      3.281e+07       99.49%           1.971e+04
   3      16384     99.81%      3.215e+07       97.50%           1.971e+04
   4      16384     99.81%      3.376e+07      102.37%           1.894e+04
   5      16384     99.81%      3.376e+07      102.37%           1.894e+04
   6      16384     99.81%      3.376e+07      102.37%           1.894e+04
   7      16640    101.36%      3.189e+07       96.71%           1.894e+04

Balance targets
Metric          Minimum        Average        Maximum  Max deviation    Tolerance     Met
Compute       3.189e+07      3.298e+07      3.376e+07          3.29%        5.00%    True
Tokens            16384      16416.000          16640          1.36%        5.00%    True

Planner status: feasible=True, violation=0.000000, relaxation_level=0, relaxation='initial', repair_moves=0
Split protection
    Bucket  Split count   Split penalty
      <=2K            0               0
     2K-4K            0               0
     4K-8K            2               4
    8K-16K            1               3
      >16K            0               0
Communication: amplification=1.177388, proxy_Q=2.432e+04, active_rings=11, total_token_hops=1.546e+05

Kernel metadata
global_seqlens=16384,7168,6144,768,256,512,256,1792,768,256,256,512,1536,256,1280,768,3072,256,768,256,512,1024,2560,768,256,256,256,2560,512,256,768,1536,256,256,512,768,2560,768,256,256,256,512,1024,256,2560,768,1536,256,256,512,768,256,1280,256,2560,256,512,768,1536,2048,256,256,1024,1280,768,4096,256,1536,256,512,768,256,512,256,1024,256,768,256,1280,768,256,256,512,768,1536,256,4096,256,512,1024,256,768,256,768,1280,256,256,512,256,1536,768,256,4096,512,1024,256,768,256,3072,256,256,512,1280,256,768,256,1536,2048,256,1024,512,256,768
ring_sizes=8,4,4,1,1,1,1,1,1,1,1,1,1,1,1,1,1,1,1,1,1,1,1,1,1,1,1,1,1,1,1,1,1,1,1,1,1,1,1,1,1,1,1,1,1,1,1,1,1,1,1,1,1,1,1,1,1,1,1,1,1,1,1,1,1,1,1,1,1,1,1,1,1,1,1,1,1,1,1,1,1,1,1,1,1,1,1,1,1,1,1,1,1,1,1,1,1,1,1,1,1,1,1,1,1,1,1,1,1,1,1,1,1,1,1,1,1,1,1,1,1,1,1
ring_starts=0,0,4,0,0,0,0,0,0,0,0,0,0,0,0,0,0,0,1,1,1,1,1,1,1,1,1,1,1,1,1,1,1,2,2,2,2,2,2,2,2,2,2,2,2,2,2,2,3,3,3,3,3,3,3,3,3,3,3,3,3,3,3,4,4,4,4,4,4,4,4,4,4,4,4,4,4,4,5,5,5,5,5,5,5,5,5,5,5,5,5,5,5,6,6,6,6,6,6,6,6,6,6,6,6,6,6,6,7,7,7,7,7,7,7,7,7,7,7,7,7,7,7

Dataset case 14/20
Planner workload: dataset=pile, seed=0, world_size=8, mode=causal
Batch: B=147, target_tokens=131072, actual_tokens=131328, target_delta=+256

Sequence placement
 Seq   Global S   Ring     Ranks    Local S  Est compute/member
   0      10240     G8       0-7       1280           6.554e+06
   1       7168     G4       0-3       1792           6.423e+06
   2       4096     G2       4-5       2048           4.195e+06
   3       2560     G2       6-7       1280           1.639e+06
   4        512     G1         0        512           1.313e+05
   5       1024     G1         0       1024           5.248e+05
   6        256     G1         0        256           3.290e+04
   7        256     G1         0        256           3.290e+04
   8       1792     G1         0       1792           1.607e+06
   9        256     G1         0        256           3.290e+04
  10        768     G1         0        768           2.953e+05
  11       2048     G1         0       2048           2.098e+06
  12        256     G1         0        256           3.290e+04
  13       1280     G1         0       1280           8.198e+05
  14        512     G1         0        512           1.313e+05
  15        256     G1         0        256           3.290e+04
  16        768     G1         0        768           2.953e+05
  17        256     G1         0        256           3.290e+04
  18       1024     G1         0       1024           5.248e+05
  19        768     G1         0        768           2.953e+05
  20        512     G1         0        512           1.313e+05
  21        256     G1         0        256           3.290e+04
  22        256     G1         1        256           3.290e+04
  23        512     G1         1        512           1.313e+05
  24        768     G1         1        768           2.953e+05
  25        256     G1         1        256           3.290e+04
  26       1024     G1         1       1024           5.248e+05
  27        256     G1         1        256           3.290e+04
  28        768     G1         1        768           2.953e+05
  29       2560     G1         1       2560           3.278e+06
  30        256     G1         1        256           3.290e+04
  31        512     G1         1        512           1.313e+05
  32        256     G1         1        256           3.290e+04
  33        768     G1         1        768           2.953e+05
  34       1280     G1         1       1280           8.198e+05
  35        256     G1         1        256           3.290e+04
  36        256     G1         1        256           3.290e+04
  37        512     G1         1        512           1.313e+05
  38        768     G1         1        768           2.953e+05
  39       1792     G1         1       1792           1.607e+06
  40        256     G1         1        256           3.290e+04
  41        256     G1         2        256           3.290e+04
  42        768     G1         2        768           2.953e+05
  43        256     G1         2        256           3.290e+04
  44        512     G1         2        512           1.313e+05
  45       1024     G1         2       1024           5.248e+05
  46        256     G1         2        256           3.290e+04
  47        768     G1         2        768           2.953e+05
  48        256     G1         2        256           3.290e+04
  49        256     G1         2        256           3.290e+04
  50        512     G1         2        512           1.313e+05
  51        768     G1         2        768           2.953e+05
  52       2560     G1         2       2560           3.278e+06
  53        256     G1         2        256           3.290e+04
  54        256     G1         2        256           3.290e+04
  55        512     G1         2        512           1.313e+05
  56        768     G1         2        768           2.953e+05
  57        256     G1         2        256           3.290e+04
  58       1280     G1         2       1280           8.198e+05
  59       1792     G1         2       1792           1.607e+06
  60       1024     G1         3       1024           5.248e+05
  61        256     G1         3        256           3.290e+04
  62        768     G1         3        768           2.953e+05
  63        256     G1         3        256           3.290e+04
  64       1280     G1         3       1280           8.198e+05
  65       1536     G1         3       1536           1.180e+06
  66        256     G1         3        256           3.290e+04
  67        256     G1         3        256           3.290e+04
  68        768     G1         3        768           2.953e+05
  69        512     G1         3        512           1.313e+05
  70        256     G1         3        256           3.290e+04
  71        256     G1         3        256           3.290e+04
  72       1024     G1         3       1024           5.248e+05
  73        768     G1         3        768           2.953e+05
  74        256     G1         3        256           3.290e+04
  75       2560     G1         3       2560           3.278e+06
  76        512     G1         3        512           1.313e+05
  77        768     G1         3        768           2.953e+05
  78        768     G1         4        768           2.953e+05
  79        512     G1         4        512           1.313e+05
  80        256     G1         4        256           3.290e+04
  81       1024     G1         4       1024           5.248e+05
  82       1280     G1         4       1280           8.198e+05
  83        256     G1         4        256           3.290e+04
  84        768     G1         4        768           2.953e+05
  85       1536     G1         4       1536           1.180e+06
  86        256     G1         4        256           3.290e+04
  87        256     G1         4        256           3.290e+04
  88        512     G1         4        512           1.313e+05
  89        768     G1         4        768           2.953e+05
  90        256     G1         4        256           3.290e+04
  91        256     G1         4        256           3.290e+04
  92       3072     G1         4       3072           4.720e+06
  93        768     G1         4        768           2.953e+05
  94        512     G1         4        512           1.313e+05
  95        768     G1         5        768           2.953e+05
  96        256     G1         5        256           3.290e+04
  97        512     G1         5        512           1.313e+05
  98        256     G1         5        256           3.290e+04
  99        768     G1         5        768           2.953e+05
 100       1280     G1         5       1280           8.198e+05
 101        256     G1         5        256           3.290e+04
 102        512     G1         5        512           1.313e+05
 103        256     G1         5        256           3.290e+04
 104       1024     G1         5       1024           5.248e+05
 105        768     G1         5        768           2.953e+05
 106        256     G1         5        256           3.290e+04
 107       1536     G1         5       1536           1.180e+06
 108        256     G1         5        256           3.290e+04
 109        768     G1         5        768           2.953e+05
 110        512     G1         5        512           1.313e+05
 111       3072     G1         5       3072           4.720e+06
 112        256     G1         6        256           3.290e+04
 113        256     G1         6        256           3.290e+04
 114        768     G1         6        768           2.953e+05
 115        256     G1         6        256           3.290e+04
 116        256     G1         6        256           3.290e+04
 117        768     G1         6        768           2.953e+05
 118        256     G1         6        256           3.290e+04
 119        512     G1         6        512           1.313e+05
 120        256     G1         6        256           3.290e+04
 121        256     G1         6        256           3.290e+04
 122        768     G1         6        768           2.953e+05
 123       1024     G1         6       1024           5.248e+05
 124        512     G1         6        512           1.313e+05
 125       1280     G1         6       1280           8.198e+05
 126        768     G1         6        768           2.953e+05
 127       3584     G1         6       3584           6.424e+06
 128       2048     G1         6       2048           2.098e+06
 129        256     G1         7        256           3.290e+04
 130       1024     G1         7       1024           5.248e+05
 131       2560     G1         7       2560           3.278e+06
 132        256     G1         7        256           3.290e+04
 133        256     G1         7        256           3.290e+04
 134        512     G1         7        512           1.313e+05
 135        768     G1         7        768           2.953e+05
 136        256     G1         7        256           3.290e+04
 137        256     G1         7        256           3.290e+04
 138        768     G1         7        768           2.953e+05
 139        256     G1         7        256           3.290e+04
 140        512     G1         7        512           1.313e+05
 141       3072     G1         7       3072           4.720e+06
 142        256     G1         7        256           3.290e+04
 143       1536     G1         7       1536           1.180e+06
 144       1024     G1         7       1024           5.248e+05
 145        768     G1         7        768           2.953e+05
 146        256     G1         7        256           3.290e+04

Per-rank load
Rank     Tokens  Token/avg    Est compute  Compute/avg   Est communication
   0      15872     96.69%      2.006e+07       98.93%           1.434e+04
   1      16384     99.81%      2.105e+07      103.78%           1.434e+04
   2      16384     99.81%      2.105e+07      103.78%           1.434e+04
   3      16384     99.81%      2.098e+07      103.45%           1.434e+04
   4      16384     99.81%      1.977e+07       97.48%           1.101e+04
   5      16384     99.81%      1.977e+07       97.48%           1.101e+04
   6      16384     99.81%      1.973e+07       97.31%           1.024e+04
   7      17152    104.48%      1.983e+07       97.80%           1.024e+04

Balance targets
Metric          Minimum        Average        Maximum  Max deviation    Tolerance     Met
Compute       1.973e+07      2.028e+07      2.105e+07          3.78%        5.00%    True
Tokens            15872      16416.000          17152          4.48%        5.00%    True

Planner status: feasible=True, violation=0.000000, relaxation_level=7, relaxation='unlock 2K-4K G2', repair_moves=1
Split protection
    Bucket  Split count   Split penalty
      <=2K            0               0
     2K-4K            2               2
     4K-8K            1               2
    8K-16K            1               3
      >16K            0               0
Communication: amplification=0.760234, proxy_Q=1.766e+04, active_rings=12, total_token_hops=9.984e+04

Kernel metadata
global_seqlens=10240,7168,4096,2560,512,1024,256,256,1792,256,768,2048,256,1280,512,256,768,256,1024,768,512,256,256,512,768,256,1024,256,768,2560,256,512,256,768,1280,256,256,512,768,1792,256,256,768,256,512,1024,256,768,256,256,512,768,2560,256,256,512,768,256,1280,1792,1024,256,768,256,1280,1536,256,256,768,512,256,256,1024,768,256,2560,512,768,768,512,256,1024,1280,256,768,1536,256,256,512,768,256,256,3072,768,512,768,256,512,256,768,1280,256,512,256,1024,768,256,1536,256,768,512,3072,256,256,768,256,256,768,256,512,256,256,768,1024,512,1280,768,3584,2048,256,1024,2560,256,256,512,768,256,256,768,256,512,3072,256,1536,1024,768,256
ring_sizes=8,4,2,2,1,1,1,1,1,1,1,1,1,1,1,1,1,1,1,1,1,1,1,1,1,1,1,1,1,1,1,1,1,1,1,1,1,1,1,1,1,1,1,1,1,1,1,1,1,1,1,1,1,1,1,1,1,1,1,1,1,1,1,1,1,1,1,1,1,1,1,1,1,1,1,1,1,1,1,1,1,1,1,1,1,1,1,1,1,1,1,1,1,1,1,1,1,1,1,1,1,1,1,1,1,1,1,1,1,1,1,1,1,1,1,1,1,1,1,1,1,1,1,1,1,1,1,1,1,1,1,1,1,1,1,1,1,1,1,1,1,1,1,1,1,1,1
ring_starts=0,0,4,6,0,0,0,0,0,0,0,0,0,0,0,0,0,0,0,0,0,0,1,1,1,1,1,1,1,1,1,1,1,1,1,1,1,1,1,1,1,2,2,2,2,2,2,2,2,2,2,2,2,2,2,2,2,2,2,2,3,3,3,3,3,3,3,3,3,3,3,3,3,3,3,3,3,3,4,4,4,4,4,4,4,4,4,4,4,4,4,4,4,4,4,5,5,5,5,5,5,5,5,5,5,5,5,5,5,5,5,5,6,6,6,6,6,6,6,6,6,6,6,6,6,6,6,6,6,7,7,7,7,7,7,7,7,7,7,7,7,7,7,7,7,7,7

Dataset case 15/20
Planner workload: dataset=pile, seed=0, world_size=8, mode=causal
Batch: B=124, target_tokens=131072, actual_tokens=131072, target_delta=+0

Sequence placement
 Seq   Global S   Ring     Ranks    Local S  Est compute/member
   0      10240     G4       0-3       2560           1.311e+07
   1      10240     G4       4-7       2560           1.311e+07
   2       6144     G2       0-1       3072           9.439e+06
   3       6144     G2       2-3       3072           9.439e+06
   4       5120     G2       4-5       2560           6.555e+06
   5        512     G1         0        512           1.313e+05
   6        512     G1         0        512           1.313e+05
   7       1024     G1         0       1024           5.248e+05
   8        256     G1         0        256           3.290e+04
   9        512     G1         0        512           1.313e+05
  10        768     G1         0        768           2.953e+05
  11        256     G1         0        256           3.290e+04
  12        256     G1         0        256           3.290e+04
  13       1792     G1         0       1792           1.607e+06
  14        768     G1         0        768           2.953e+05
  15       1024     G1         0       1024           5.248e+05
  16        256     G1         0        256           3.290e+04
  17       1536     G1         0       1536           1.180e+06
  18        512     G1         0        512           1.313e+05
  19        256     G1         0        256           3.290e+04
  20        256     G1         1        256           3.290e+04
  21        256     G1         1        256           3.290e+04
  22       1536     G1         1       1536           1.180e+06
  23        768     G1         1        768           2.953e+05
  24        512     G1         1        512           1.313e+05
  25        256     G1         1        256           3.290e+04
  26       1024     G1         1       1024           5.248e+05
  27        256     G1         1        256           3.290e+04
  28       1280     G1         1       1280           8.198e+05
  29        512     G1         1        512           1.313e+05
  30        768     G1         1        768           2.953e+05
  31       1536     G1         1       1536           1.180e+06
  32        768     G1         1        768           2.953e+05
  33        256     G1         1        256           3.290e+04
  34        256     G1         1        256           3.290e+04
  35        256     G1         2        256           3.290e+04
  36        256     G1         2        256           3.290e+04
  37        512     G1         2        512           1.313e+05
  38        768     G1         2        768           2.953e+05
  39        256     G1         2        256           3.290e+04
  40       1024     G1         2       1024           5.248e+05
  41        256     G1         2        256           3.290e+04
  42        512     G1         2        512           1.313e+05
  43        768     G1         2        768           2.953e+05
  44       1792     G1         2       1792           1.607e+06
  45       1280     G1         2       1280           8.198e+05
  46       1536     G1         2       1536           1.180e+06
  47        256     G1         2        256           3.290e+04
  48        256     G1         2        256           3.290e+04
  49        768     G1         2        768           2.953e+05
  50        512     G1         3        512           1.313e+05
  51        768     G1         3        768           2.953e+05
  52        256     G1         3        256           3.290e+04
  53       1024     G1         3       1024           5.248e+05
  54       1280     G1         3       1280           8.198e+05
  55       1536     G1         3       1536           1.180e+06
  56        256     G1         3        256           3.290e+04
  57        512     G1         3        512           1.313e+05
  58        768     G1         3        768           2.953e+05
  59        256     G1         3        256           3.290e+04
  60        256     G1         3        256           3.290e+04
  61        768     G1         3        768           2.953e+05
  62        512     G1         3        512           1.313e+05
  63       1536     G1         3       1536           1.180e+06
  64        256     G1         3        256           3.290e+04
  65       1280     G1         4       1280           8.198e+05
  66        256     G1         4        256           3.290e+04
  67       1024     G1         4       1024           5.248e+05
  68        256     G1         4        256           3.290e+04
  69        768     G1         4        768           2.953e+05
  70        512     G1         4        512           1.313e+05
  71        256     G1         4        256           3.290e+04
  72       1024     G1         4       1024           5.248e+05
  73       3072     G1         4       3072           4.720e+06
  74        256     G1         4        256           3.290e+04
  75        512     G1         4        512           1.313e+05
  76        768     G1         4        768           2.953e+05
  77        256     G1         4        256           3.290e+04
  78        768     G1         4        768           2.953e+05
  79        256     G1         4        256           3.290e+04
  80        768     G1         5        768           2.953e+05
  81        512     G1         5        512           1.313e+05
  82        256     G1         5        256           3.290e+04
  83       2048     G1         5       2048           2.098e+06
  84       1024     G1         5       1024           5.248e+05
  85        768     G1         5        768           2.953e+05
  86       1280     G1         5       1280           8.198e+05
  87        256     G1         5        256           3.290e+04
  88       2560     G1         5       2560           3.278e+06
  89        512     G1         5        512           1.313e+05
  90        256     G1         5        256           3.290e+04
  91        768     G1         5        768           2.953e+05
  92        256     G1         5        256           3.290e+04
  93        512     G1         5        512           1.313e+05
  94        768     G1         6        768           2.953e+05
  95        256     G1         6        256           3.290e+04
  96       1024     G1         6       1024           5.248e+05
  97       1280     G1         6       1280           8.198e+05
  98        256     G1         6        256           3.290e+04
  99        768     G1         6        768           2.953e+05
 100       4096     G1         6       4096           8.391e+06
 101        512     G1         6        512           1.313e+05
 102        256     G1         6        256           3.290e+04
 103        256     G1         6        256           3.290e+04
 104        768     G1         6        768           2.953e+05
 105       2560     G1         6       2560           3.278e+06
 106        512     G1         6        512           1.313e+05
 107        256     G1         6        256           3.290e+04
 108        768     G1         6        768           2.953e+05
 109       1792     G1         7       1792           1.607e+06
 110        768     G1         7        768           2.953e+05
 111        256     G1         7        256           3.290e+04
 112       1024     G1         7       1024           5.248e+05
 113        256     G1         7        256           3.290e+04
 114        768     G1         7        768           2.953e+05
 115        512     G1         7        512           1.313e+05
 116        256     G1         7        256           3.290e+04
 117       2048     G1         7       2048           2.098e+06
 118        256     G1         7        256           3.290e+04
 119        768     G1         7        768           2.953e+05
 120        512     G1         7        512           1.313e+05
 121       4096     G1         7       4096           8.391e+06
 122        256     G1         7        256           3.290e+04
 123        768     G1         7        768           2.953e+05

Per-rank load
Rank     Tokens  Token/avg    Est compute  Compute/avg   Est communication
   0      15872     96.88%      2.766e+07       99.94%           1.075e+04
   1      15872     96.88%      2.760e+07       99.70%           1.075e+04
   2      16128     98.44%      2.802e+07      101.24%           1.075e+04
   3      16128     98.44%      2.770e+07      100.06%           1.075e+04
   4      16384    100.00%      2.760e+07       99.70%           1.024e+04
   5      16896    103.12%      2.780e+07      100.42%           1.024e+04
   6      16896    103.12%      2.773e+07      100.18%           7.680e+03
   7      16896    103.12%      2.734e+07       98.76%           7.680e+03

Balance targets
Metric          Minimum        Average        Maximum  Max deviation    Tolerance     Met
Compute       2.734e+07      2.768e+07      2.802e+07          1.24%        5.00%    True
Tokens            15872      16384.000          16896          3.12%        5.00%    True

Planner status: feasible=True, violation=0.000000, relaxation_level=4, relaxation='unlock 4K-8K G2', repair_moves=5
Split protection
    Bucket  Split count   Split penalty
      <=2K            0               0
     2K-4K            0               0
     4K-8K            3               3
    8K-16K            2               4
      >16K            0               0
Communication: amplification=0.601562, proxy_Q=2.406e+04, active_rings=13, total_token_hops=7.885e+04

Kernel metadata
global_seqlens=10240,10240,6144,6144,5120,512,512,1024,256,512,768,256,256,1792,768,1024,256,1536,512,256,256,256,1536,768,512,256,1024,256,1280,512,768,1536,768,256,256,256,256,512,768,256,1024,256,512,768,1792,1280,1536,256,256,768,512,768,256,1024,1280,1536,256,512,768,256,256,768,512,1536,256,1280,256,1024,256,768,512,256,1024,3072,256,512,768,256,768,256,768,512,256,2048,1024,768,1280,256,2560,512,256,768,256,512,768,256,1024,1280,256,768,4096,512,256,256,768,2560,512,256,768,1792,768,256,1024,256,768,512,256,2048,256,768,512,4096,256,768
ring_sizes=4,4,2,2,2,1,1,1,1,1,1,1,1,1,1,1,1,1,1,1,1,1,1,1,1,1,1,1,1,1,1,1,1,1,1,1,1,1,1,1,1,1,1,1,1,1,1,1,1,1,1,1,1,1,1,1,1,1,1,1,1,1,1,1,1,1,1,1,1,1,1,1,1,1,1,1,1,1,1,1,1,1,1,1,1,1,1,1,1,1,1,1,1,1,1,1,1,1,1,1,1,1,1,1,1,1,1,1,1,1,1,1,1,1,1,1,1,1,1,1,1,1,1,1
ring_starts=0,4,0,2,4,0,0,0,0,0,0,0,0,0,0,0,0,0,0,0,1,1,1,1,1,1,1,1,1,1,1,1,1,1,1,2,2,2,2,2,2,2,2,2,2,2,2,2,2,2,3,3,3,3,3,3,3,3,3,3,3,3,3,3,3,4,4,4,4,4,4,4,4,4,4,4,4,4,4,4,5,5,5,5,5,5,5,5,5,5,5,5,5,5,6,6,6,6,6,6,6,6,6,6,6,6,6,6,6,7,7,7,7,7,7,7,7,7,7,7,7,7,7,7

Dataset case 16/20
Planner workload: dataset=pile, seed=0, world_size=8, mode=causal
Batch: B=88, target_tokens=131072, actual_tokens=131072, target_delta=+0

Sequence placement
 Seq   Global S   Ring     Ranks    Local S  Est compute/member
   0      20480     G4       0-3       5120           5.243e+07
   1      18432     G4       4-7       4608           4.247e+07
   2       8192     G4       4-7       2048           8.390e+06
   3       5120     G2       4-5       2560           6.555e+06
   4        512     G1         0        512           1.313e+05
   5       4096     G1         0       4096           8.391e+06
   6       1024     G1         0       1024           5.248e+05
   7        768     G1         0        768           2.953e+05
   8        256     G1         0        256           3.290e+04
   9       1280     G1         0       1280           8.198e+05
  10        512     G1         0        512           1.313e+05
  11       1792     G1         0       1792           1.607e+06
  12        256     G1         0        256           3.290e+04
  13        256     G1         0        256           3.290e+04
  14        512     G1         0        512           1.313e+05
  15       1536     G1         1       1536           1.180e+06
  16        256     G1         1        256           3.290e+04
  17       1024     G1         1       1024           5.248e+05
  18       4096     G1         1       4096           8.391e+06
  19        768     G1         1        768           2.953e+05
  20        256     G1         1        256           3.290e+04
  21       1536     G1         1       1536           1.180e+06
  22        512     G1         1        512           1.313e+05
  23        256     G1         1        256           3.290e+04
  24        768     G1         1        768           2.953e+05
  25        256     G1         1        256           3.290e+04
  26       1024     G1         2       1024           5.248e+05
  27       1280     G1         2       1280           8.198e+05
  28       1536     G1         2       1536           1.180e+06
  29        768     G1         2        768           2.953e+05
  30        256     G1         2        256           3.290e+04
  31        512     G1         2        512           1.313e+05
  32        256     G1         2        256           3.290e+04
  33        768     G1         2        768           2.953e+05
  34       4096     G1         2       4096           8.391e+06
  35        512     G1         2        512           1.313e+05
  36        256     G1         2        256           3.290e+04
  37       2560     G1         3       2560           3.278e+06
  38        768     G1         3        768           2.953e+05
  39        512     G1         3        512           1.313e+05
  40        256     G1         3        256           3.290e+04
  41       1536     G1         3       1536           1.180e+06
  42        768     G1         3        768           2.953e+05
  43        256     G1         3        256           3.290e+04
  44       2560     G1         3       2560           3.278e+06
  45        512     G1         3        512           1.313e+05
  46        256     G1         3        256           3.290e+04
  47       1280     G1         3       1280           8.198e+05
  48        512     G1         4        512           1.313e+05
  49        256     G1         4        256           3.290e+04
  50       2048     G1         4       2048           2.098e+06
  51        256     G1         4        256           3.290e+04
  52        768     G1         4        768           2.953e+05
  53       1024     G1         4       1024           5.248e+05
  54       1280     G1         4       1280           8.198e+05
  55        512     G1         4        512           1.313e+05
  56        256     G1         4        256           3.290e+04
  57        256     G1         4        256           3.290e+04
  58        512     G1         5        512           1.313e+05
  59        256     G1         5        256           3.290e+04
  60        256     G1         5        256           3.290e+04
  61        768     G1         5        768           2.953e+05
  62       2048     G1         5       2048           2.098e+06
  63       1280     G1         5       1280           8.198e+05
  64        512     G1         5        512           1.313e+05
  65        256     G1         5        256           3.290e+04
  66       1024     G1         5       1024           5.248e+05
  67        256     G1         5        256           3.290e+04
  68        256     G1         6        256           3.290e+04
  69        256     G1         6        256           3.290e+04
  70       2560     G1         6       2560           3.278e+06
  71        512     G1         6        512           1.313e+05
  72        256     G1         6        256           3.290e+04
  73       1280     G1         6       1280           8.198e+05
  74       1024     G1         6       1024           5.248e+05
  75        768     G1         6        768           2.953e+05
  76        256     G1         6        256           3.290e+04
  77       2560     G1         6       2560           3.278e+06
  78        768     G1         7        768           2.953e+05
  79        256     G1         7        256           3.290e+04
  80        512     G1         7        512           1.313e+05
  81        256     G1         7        256           3.290e+04
  82        768     G1         7        768           2.953e+05
  83       2560     G1         7       2560           3.278e+06
  84       1280     G1         7       1280           8.198e+05
  85        512     G1         7        512           1.313e+05
  86        256     G1         7        256           3.290e+04
  87       2560     G1         7       2560           3.278e+06

Per-rank load
Rank     Tokens  Token/avg    Est compute  Compute/avg   Est communication
   0      16384    100.00%      6.456e+07      103.93%           1.536e+04
   1      16384    100.00%      6.456e+07      103.93%           1.536e+04
   2      16384    100.00%      6.430e+07      103.51%           1.536e+04
   3      16384    100.00%      6.194e+07       99.71%           1.536e+04
   4      16384    100.00%      6.155e+07       99.08%           2.253e+04
   5      16384    100.00%      6.155e+07       99.08%           2.253e+04
   6      16384    100.00%      5.932e+07       95.49%           1.997e+04
   7      16384    100.00%      5.919e+07       95.28%           1.997e+04

Balance targets
Metric          Minimum        Average        Maximum  Max deviation    Tolerance     Met
Compute       5.919e+07      6.212e+07      6.456e+07          4.72%        5.00%    True
Tokens            16384      16384.000          16384          0.00%        5.00%    True

Planner status: feasible=True, violation=0.000000, relaxation_level=4, relaxation='unlock 4K-8K G2', repair_moves=0
Split protection
    Bucket  Split count   Split penalty
      <=2K            0               0
     2K-4K            0               0
     4K-8K            2               3
    8K-16K            0               0
      >16K            2               4
Communication: amplification=1.117188, proxy_Q=3.789e+04, active_rings=11, total_token_hops=1.464e+05

Kernel metadata
global_seqlens=20480,18432,8192,5120,512,4096,1024,768,256,1280,512,1792,256,256,512,1536,256,1024,4096,768,256,1536,512,256,768,256,1024,1280,1536,768,256,512,256,768,4096,512,256,2560,768,512,256,1536,768,256,2560,512,256,1280,512,256,2048,256,768,1024,1280,512,256,256,512,256,256,768,2048,1280,512,256,1024,256,256,256,2560,512,256,1280,1024,768,256,2560,768,256,512,256,768,2560,1280,512,256,2560
ring_sizes=4,4,4,2,1,1,1,1,1,1,1,1,1,1,1,1,1,1,1,1,1,1,1,1,1,1,1,1,1,1,1,1,1,1,1,1,1,1,1,1,1,1,1,1,1,1,1,1,1,1,1,1,1,1,1,1,1,1,1,1,1,1,1,1,1,1,1,1,1,1,1,1,1,1,1,1,1,1,1,1,1,1,1,1,1,1,1,1
ring_starts=0,4,4,4,0,0,0,0,0,0,0,0,0,0,0,1,1,1,1,1,1,1,1,1,1,1,2,2,2,2,2,2,2,2,2,2,2,3,3,3,3,3,3,3,3,3,3,3,4,4,4,4,4,4,4,4,4,4,5,5,5,5,5,5,5,5,5,5,6,6,6,6,6,6,6,6,6,6,7,7,7,7,7,7,7,7,7,7

Dataset case 17/20
Planner workload: dataset=pile, seed=0, world_size=8, mode=causal
Batch: B=138, target_tokens=131072, actual_tokens=131072, target_delta=+0

Sequence placement
 Seq   Global S   Ring     Ranks    Local S  Est compute/member
   0      12288     G4       0-3       3072           1.888e+07
   1      10240     G4       4-7       2560           1.311e+07
   2       6144     G2       4-5       3072           9.439e+06
   3       2560     G2       6-7       1280           1.639e+06
   4        512     G1         0        512           1.313e+05
   5        256     G1         0        256           3.290e+04
   6       1280     G1         0       1280           8.198e+05
   7        768     G1         0        768           2.953e+05
   8        256     G1         0        256           3.290e+04
   9        768     G1         0        768           2.953e+05
  10        512     G1         0        512           1.313e+05
  11        768     G1         0        768           2.953e+05
  12       1024     G1         0       1024           5.248e+05
  13       2560     G1         0       2560           3.278e+06
  14       1536     G1         0       1536           1.180e+06
  15        512     G1         0        512           1.313e+05
  16        256     G1         0        256           3.290e+04
  17        256     G1         0        256           3.290e+04
  18        512     G1         0        512           1.313e+05
  19        256     G1         0        256           3.290e+04
  20        768     G1         0        768           2.953e+05
  21        256     G1         0        256           3.290e+04
  22        768     G1         1        768           2.953e+05
  23        512     G1         1        512           1.313e+05
  24        768     G1         1        768           2.953e+05
  25        256     G1         1        256           3.290e+04
  26        512     G1         1        512           1.313e+05
  27       1536     G1         1       1536           1.180e+06
  28       1280     G1         1       1280           8.198e+05
  29        768     G1         1        768           2.953e+05
  30       1024     G1         1       1024           5.248e+05
  31        512     G1         1        512           1.313e+05
  32        256     G1         1        256           3.290e+04
  33       1792     G1         1       1792           1.607e+06
  34        256     G1         1        256           3.290e+04
  35        512     G1         1        512           1.313e+05
  36        768     G1         1        768           2.953e+05
  37        256     G1         1        256           3.290e+04
  38       1536     G1         1       1536           1.180e+06
  39        768     G1         2        768           2.953e+05
  40        512     G1         2        512           1.313e+05
  41        256     G1         2        256           3.290e+04
  42        768     G1         2        768           2.953e+05
  43        512     G1         2        512           1.313e+05
  44        256     G1         2        256           3.290e+04
  45       1024     G1         2       1024           5.248e+05
  46        768     G1         2        768           2.953e+05
  47       1280     G1         2       1280           8.198e+05
  48       1536     G1         2       1536           1.180e+06
  49        512     G1         2        512           1.313e+05
  50        256     G1         2        256           3.290e+04
  51        256     G1         2        256           3.290e+04
  52       1536     G1         2       1536           1.180e+06
  53       1792     G1         2       1792           1.607e+06
  54        512     G1         2        512           1.313e+05
  55        768     G1         2        768           2.953e+05
  56        256     G1         2        256           3.290e+04
  57       1536     G1         3       1536           1.180e+06
  58        512     G1         3        512           1.313e+05
  59       1536     G1         3       1536           1.180e+06
  60        768     G1         3        768           2.953e+05
  61       1024     G1         3       1024           5.248e+05
  62       1280     G1         3       1280           8.198e+05
  63        512     G1         3        512           1.313e+05
  64        256     G1         3        256           3.290e+04
  65        768     G1         3        768           2.953e+05
  66       1536     G1         3       1536           1.180e+06
  67        512     G1         3        512           1.313e+05
  68        256     G1         3        256           3.290e+04
  69        256     G1         3        256           3.290e+04
  70        512     G1         3        512           1.313e+05
  71        256     G1         3        256           3.290e+04
  72        768     G1         3        768           2.953e+05
  73       1024     G1         3       1024           5.248e+05
  74        768     G1         4        768           2.953e+05
  75        256     G1         4        256           3.290e+04
  76        512     G1         4        512           1.313e+05
  77        256     G1         4        256           3.290e+04
  78       1280     G1         4       1280           8.198e+05
  79        512     G1         4        512           1.313e+05
  80        768     G1         4        768           2.953e+05
  81        768     G1         4        768           2.953e+05
  82        512     G1         4        512           1.313e+05
  83       1280     G1         4       1280           8.198e+05
  84        256     G1         4        256           3.290e+04
  85        256     G1         4        256           3.290e+04
  86        768     G1         4        768           2.953e+05
  87        512     G1         4        512           1.313e+05
  88        256     G1         4        256           3.290e+04
  89       1280     G1         4       1280           8.198e+05
  90        256     G1         4        256           3.290e+04
  91        256     G1         5        256           3.290e+04
  92        512     G1         5        512           1.313e+05
  93       1280     G1         5       1280           8.198e+05
  94        256     G1         5        256           3.290e+04
  95       1024     G1         5       1024           5.248e+05
  96        512     G1         5        512           1.313e+05
  97        768     G1         5        768           2.953e+05
  98       1280     G1         5       1280           8.198e+05
  99        768     G1         5        768           2.953e+05
 100        256     G1         5        256           3.290e+04
 101        512     G1         5        512           1.313e+05
 102        256     G1         5        256           3.290e+04
 103        768     G1         5        768           2.953e+05
 104        512     G1         5        512           1.313e+05
 105        256     G1         5        256           3.290e+04
 106       1024     G1         5       1024           5.248e+05
 107        256     G1         5        256           3.290e+04
 108        768     G1         6        768           2.953e+05
 109        512     G1         6        512           1.313e+05
 110        768     G1         6        768           2.953e+05
 111        256     G1         6        256           3.290e+04
 112        512     G1         6        512           1.313e+05
 113        768     G1         6        768           2.953e+05
 114        512     G1         6        512           1.313e+05
 115        256     G1         6        256           3.290e+04
 116        256     G1         6        256           3.290e+04
 117       1280     G1         6       1280           8.198e+05
 118       1024     G1         6       1024           5.248e+05
 119       4096     G1         6       4096           8.391e+06
 120        768     G1         6        768           2.953e+05
 121        256     G1         6        256           3.290e+04
 122        512     G1         6        512           1.313e+05
 123        512     G1         7        512           1.313e+05
 124        512     G1         7        512           1.313e+05
 125       3072     G1         7       3072           4.720e+06
 126        768     G1         7        768           2.953e+05
 127        256     G1         7        256           3.290e+04
 128        768     G1         7        768           2.953e+05
 129        512     G1         7        512           1.313e+05
 130        512     G1         7        512           1.313e+05
 131        256     G1         7        256           3.290e+04
 132       3072     G1         7       3072           4.720e+06
 133        768     G1         7        768           2.953e+05
 134        256     G1         7        256           3.290e+04
 135        512     G1         7        512           1.313e+05
 136       1024     G1         7       1024           5.248e+05
 137        256     G1         7        256           3.290e+04

Per-rank load
Rank     Tokens  Token/avg    Est compute  Compute/avg   Est communication
   0      16128     98.44%      2.658e+07      100.81%           9.216e+03
   1      16384    100.00%      2.603e+07       98.70%           9.216e+03
   2      16640    101.56%      2.606e+07       98.82%           9.216e+03
   3      16384    100.00%      2.583e+07       97.95%           9.216e+03
   4      16128     98.44%      2.691e+07      102.05%           1.075e+04
   5      16128     98.44%      2.685e+07      101.80%           1.075e+04
   6      16384    100.00%      2.632e+07       99.81%           8.960e+03
   7      16896    103.12%      2.639e+07      100.06%           8.960e+03

Balance targets
Metric          Minimum        Average        Maximum  Max deviation    Tolerance     Met
Compute       2.583e+07      2.637e+07      2.691e+07          2.05%        5.00%    True
Tokens            16128      16384.000          16896          3.12%        5.00%    True

Planner status: feasible=True, violation=0.000000, relaxation_level=7, relaxation='unlock 2K-4K G2', repair_moves=3
Split protection
    Bucket  Split count   Split penalty
      <=2K            0               0
     2K-4K            1               1
     4K-8K            1               1
    8K-16K            2               4
      >16K            0               0
Communication: amplification=0.582031, proxy_Q=2.125e+04, active_rings=12, total_token_hops=7.629e+04

Kernel metadata
global_seqlens=12288,10240,6144,2560,512,256,1280,768,256,768,512,768,1024,2560,1536,512,256,256,512,256,768,256,768,512,768,256,512,1536,1280,768,1024,512,256,1792,256,512,768,256,1536,768,512,256,768,512,256,1024,768,1280,1536,512,256,256,1536,1792,512,768,256,1536,512,1536,768,1024,1280,512,256,768,1536,512,256,256,512,256,768,1024,768,256,512,256,1280,512,768,768,512,1280,256,256,768,512,256,1280,256,256,512,1280,256,1024,512,768,1280,768,256,512,256,768,512,256,1024,256,768,512,768,256,512,768,512,256,256,1280,1024,4096,768,256,512,512,512,3072,768,256,768,512,512,256,3072,768,256,512,1024,256
ring_sizes=4,4,2,2,1,1,1,1,1,1,1,1,1,1,1,1,1,1,1,1,1,1,1,1,1,1,1,1,1,1,1,1,1,1,1,1,1,1,1,1,1,1,1,1,1,1,1,1,1,1,1,1,1,1,1,1,1,1,1,1,1,1,1,1,1,1,1,1,1,1,1,1,1,1,1,1,1,1,1,1,1,1,1,1,1,1,1,1,1,1,1,1,1,1,1,1,1,1,1,1,1,1,1,1,1,1,1,1,1,1,1,1,1,1,1,1,1,1,1,1,1,1,1,1,1,1,1,1,1,1,1,1,1,1,1,1,1,1
ring_starts=0,4,4,6,0,0,0,0,0,0,0,0,0,0,0,0,0,0,0,0,0,0,1,1,1,1,1,1,1,1,1,1,1,1,1,1,1,1,1,2,2,2,2,2,2,2,2,2,2,2,2,2,2,2,2,2,2,3,3,3,3,3,3,3,3,3,3,3,3,3,3,3,3,3,4,4,4,4,4,4,4,4,4,4,4,4,4,4,4,4,4,5,5,5,5,5,5,5,5,5,5,5,5,5,5,5,5,5,6,6,6,6,6,6,6,6,6,6,6,6,6,6,6,7,7,7,7,7,7,7,7,7,7,7,7,7,7,7

Dataset case 18/20
Planner workload: dataset=pile, seed=0, world_size=8, mode=causal
Batch: B=108, target_tokens=131072, actual_tokens=132352, target_delta=+1280

Sequence placement
 Seq   Global S   Ring     Ranks    Local S  Est compute/member
   0       6144     G4       0-3       1536           4.719e+06
   1      12288     G4       0-3       3072           1.888e+07
   2      10240     G2       4-5       5120           2.622e+07
   3        256     G1         0        256           3.290e+04
   4       3072     G1         0       3072           4.720e+06
   5       1280     G1         0       1280           8.198e+05
   6       1024     G1         0       1024           5.248e+05
   7        256     G1         0        256           3.290e+04
   8        512     G1         0        512           1.313e+05
   9        768     G1         0        768           2.953e+05
  10       1024     G1         0       1024           5.248e+05
  11        512     G1         0        512           1.313e+05
  12        256     G1         0        256           3.290e+04
  13        768     G1         0        768           2.953e+05
  14        256     G1         0        256           3.290e+04
  15       1280     G1         0       1280           8.198e+05
  16        256     G1         0        256           3.290e+04
  17        256     G1         1        256           3.290e+04
  18        256     G1         1        256           3.290e+04
  19       1536     G1         1       1536           1.180e+06
  20        768     G1         1        768           2.953e+05
  21        512     G1         1        512           1.313e+05
  22       1280     G1         1       1280           8.198e+05
  23       1024     G1         1       1024           5.248e+05
  24        512     G1         1        512           1.313e+05
  25        256     G1         1        256           3.290e+04
  26        768     G1         1        768           2.953e+05
  27        256     G1         1        256           3.290e+04
  28       3072     G1         1       3072           4.720e+06
  29       1280     G1         1       1280           8.198e+05
  30        256     G1         2        256           3.290e+04
  31        512     G1         2        512           1.313e+05
  32       2560     G1         2       2560           3.278e+06
  33       1280     G1         2       1280           8.198e+05
  34        256     G1         2        256           3.290e+04
  35        768     G1         2        768           2.953e+05
  36       1024     G1         2       1024           5.248e+05
  37        512     G1         2        512           1.313e+05
  38        256     G1         2        256           3.290e+04
  39        768     G1         2        768           2.953e+05
  40       1280     G1         2       1280           8.198e+05
  41        256     G1         2        256           3.290e+04
  42       2048     G1         2       2048           2.098e+06
  43        256     G1         2        256           3.290e+04
  44        512     G1         3        512           1.313e+05
  45       1536     G1         3       1536           1.180e+06
  46       1024     G1         3       1024           5.248e+05
  47       2560     G1         3       2560           3.278e+06
  48        512     G1         3        512           1.313e+05
  49        768     G1         3        768           2.953e+05
  50       1280     G1         3       1280           8.198e+05
  51        256     G1         3        256           3.290e+04
  52       1536     G1         3       1536           1.180e+06
  53        256     G1         3        256           3.290e+04
  54       1024     G1         3       1024           5.248e+05
  55        256     G1         3        256           3.290e+04
  56        512     G1         3        512           1.313e+05
  57        768     G1         4        768           2.953e+05
  58        512     G1         4        512           1.313e+05
  59       1024     G1         4       1024           5.248e+05
  60       1024     G1         4       1024           5.248e+05
  61        256     G1         4        256           3.290e+04
  62        768     G1         4        768           2.953e+05
  63        512     G1         4        512           1.313e+05
  64       1280     G1         4       1280           8.198e+05
  65       1536     G1         4       1536           1.180e+06
  66        256     G1         4        256           3.290e+04
  67        256     G1         4        256           3.290e+04
  68       2560     G1         4       2560           3.278e+06
  69        512     G1         4        512           1.313e+05
  70       1536     G1         5       1536           1.180e+06
  71        256     G1         5        256           3.290e+04
  72       2048     G1         5       2048           2.098e+06
  73        512     G1         5        512           1.313e+05
  74       1024     G1         5       1024           5.248e+05
  75        256     G1         5        256           3.290e+04
  76        256     G1         5        256           3.290e+04
  77       1280     G1         5       1280           8.198e+05
  78        768     G1         5        768           2.953e+05
  79       1536     G1         5       1536           1.180e+06
  80        256     G1         5        256           3.290e+04
  81        512     G1         5        512           1.313e+05
  82       1024     G1         5       1024           5.248e+05
  83       1024     G1         6       1024           5.248e+05
  84        256     G1         6        256           3.290e+04
  85       1024     G1         6       1024           5.248e+05
  86       2048     G1         6       2048           2.098e+06
  87        512     G1         6        512           1.313e+05
  88       7168     G1         6       7168           2.569e+07
  89        256     G1         6        256           3.290e+04
  90        256     G1         6        256           3.290e+04
  91        768     G1         6        768           2.953e+05
  92       1536     G1         6       1536           1.180e+06
  93       1024     G1         6       1024           5.248e+05
  94        512     G1         6        512           1.313e+05
  95        256     G1         6        256           3.290e+04
  96        256     G1         7        256           3.290e+04
  97       1536     G1         7       1536           1.180e+06
  98        768     G1         7        768           2.953e+05
  99       1280     G1         7       1280           8.198e+05
 100        256     G1         7        256           3.290e+04
 101        256     G1         7        256           3.290e+04
 102       1024     G1         7       1024           5.248e+05
 103        768     G1         7        768           2.953e+05
 104       6144     G1         7       6144           1.888e+07
 105       4096     G1         7       4096           8.391e+06
 106        256     G1         7        256           3.290e+04
 107        512     G1         7        512           1.313e+05

Per-rank load
Rank     Tokens  Token/avg    Est compute  Compute/avg   Est communication
   0      16128     97.49%      3.202e+07       99.50%           1.382e+04
   1      16384     99.03%      3.265e+07      101.44%           1.382e+04
   2      16640    100.58%      3.215e+07       99.91%           1.382e+04
   3      16640    100.58%      3.189e+07       99.10%           1.382e+04
   4      16384     99.03%      3.363e+07      104.49%           5.120e+03
   5      16384     99.03%      3.323e+07      103.27%           5.120e+03
   6      16640    100.58%      3.124e+07       97.06%           0.000e+00
   7      17152    103.68%      3.065e+07       95.23%           0.000e+00

Balance targets
Metric          Minimum        Average        Maximum  Max deviation    Tolerance     Met
Compute       3.065e+07      3.218e+07      3.363e+07          4.77%        5.00%    True
Tokens            16128      16544.000          17152          3.68%        5.00%    True

Planner status: feasible=True, violation=0.000000, relaxation_level=0, relaxation='initial', repair_moves=1
Split protection
    Bucket  Split count   Split penalty
      <=2K            0               0
     2K-4K            0               0
     4K-8K            1               2
    8K-16K            2               3
      >16K            0               0
Communication: amplification=0.495164, proxy_Q=1.894e+04, active_rings=10, total_token_hops=6.554e+04

Kernel metadata
global_seqlens=6144,12288,10240,256,3072,1280,1024,256,512,768,1024,512,256,768,256,1280,256,256,256,1536,768,512,1280,1024,512,256,768,256,3072,1280,256,512,2560,1280,256,768,1024,512,256,768,1280,256,2048,256,512,1536,1024,2560,512,768,1280,256,1536,256,1024,256,512,768,512,1024,1024,256,768,512,1280,1536,256,256,2560,512,1536,256,2048,512,1024,256,256,1280,768,1536,256,512,1024,1024,256,1024,2048,512,7168,256,256,768,1536,1024,512,256,256,1536,768,1280,256,256,1024,768,6144,4096,256,512
ring_sizes=4,4,2,1,1,1,1,1,1,1,1,1,1,1,1,1,1,1,1,1,1,1,1,1,1,1,1,1,1,1,1,1,1,1,1,1,1,1,1,1,1,1,1,1,1,1,1,1,1,1,1,1,1,1,1,1,1,1,1,1,1,1,1,1,1,1,1,1,1,1,1,1,1,1,1,1,1,1,1,1,1,1,1,1,1,1,1,1,1,1,1,1,1,1,1,1,1,1,1,1,1,1,1,1,1,1,1,1
ring_starts=0,0,4,0,0,0,0,0,0,0,0,0,0,0,0,0,0,1,1,1,1,1,1,1,1,1,1,1,1,1,2,2,2,2,2,2,2,2,2,2,2,2,2,2,3,3,3,3,3,3,3,3,3,3,3,3,3,4,4,4,4,4,4,4,4,4,4,4,4,4,5,5,5,5,5,5,5,5,5,5,5,5,5,6,6,6,6,6,6,6,6,6,6,6,6,6,7,7,7,7,7,7,7,7,7,7,7,7

Dataset case 19/20
Planner workload: dataset=pile, seed=0, world_size=8, mode=causal
Batch: B=110, target_tokens=131072, actual_tokens=131072, target_delta=+0

Sequence placement
 Seq   Global S   Ring     Ranks    Local S  Est compute/member
   0      12288     G8       0-7       1536           9.438e+06
   1      16384     G8       0-7       2048           1.678e+07
   2       5120     G2       0-1       2560           6.555e+06
   3       5120     G2       2-3       2560           6.555e+06
   4       5120     G2       4-5       2560           6.555e+06
   5       1024     G1         0       1024           5.248e+05
   6       1280     G1         0       1280           8.198e+05
   7        256     G1         0        256           3.290e+04
   8        256     G1         0        256           3.290e+04
   9       3072     G1         0       3072           4.720e+06
  10        768     G1         0        768           2.953e+05
  11        512     G1         0        512           1.313e+05
  12        256     G1         0        256           3.290e+04
  13        512     G1         0        512           1.313e+05
  14        256     G1         0        256           3.290e+04
  15       1024     G1         0       1024           5.248e+05
  16        768     G1         0        768           2.953e+05
  17        256     G1         0        256           3.290e+04
  18        256     G1         1        256           3.290e+04
  19       2560     G1         1       2560           3.278e+06
  20        256     G1         1        256           3.290e+04
  21        768     G1         1        768           2.953e+05
  22        512     G1         1        512           1.313e+05
  23        256     G1         1        256           3.290e+04
  24       1536     G1         1       1536           1.180e+06
  25       1024     G1         1       1024           5.248e+05
  26        512     G1         1        512           1.313e+05
  27        256     G1         1        256           3.290e+04
  28       1280     G1         1       1280           8.198e+05
  29        768     G1         1        768           2.953e+05
  30        256     G1         1        256           3.290e+04
  31        256     G1         2        256           3.290e+04
  32        256     G1         2        256           3.290e+04
  33        768     G1         2        768           2.953e+05
  34        512     G1         2        512           1.313e+05
  35        256     G1         2        256           3.290e+04
  36       1536     G1         2       1536           1.180e+06
  37        512     G1         2        512           1.313e+05
  38       2560     G1         2       2560           3.278e+06
  39        256     G1         2        256           3.290e+04
  40       1280     G1         2       1280           8.198e+05
  41       1024     G1         2       1024           5.248e+05
  42        768     G1         2        768           2.953e+05
  43        256     G1         2        256           3.290e+04
  44       1536     G1         3       1536           1.180e+06
  45        512     G1         3        512           1.313e+05
  46        768     G1         3        768           2.953e+05
  47        512     G1         3        512           1.313e+05
  48        256     G1         3        256           3.290e+04
  49       2048     G1         3       2048           2.098e+06
  50       1024     G1         3       1024           5.248e+05
  51        256     G1         3        256           3.290e+04
  52       1280     G1         3       1280           8.198e+05
  53        512     G1         3        512           1.313e+05
  54        768     G1         3        768           2.953e+05
  55        256     G1         3        256           3.290e+04
  56        512     G1         3        512           1.313e+05
  57        768     G1         4        768           2.953e+05
  58        256     G1         4        256           3.290e+04
  59       1792     G1         4       1792           1.607e+06
  60       1024     G1         4       1024           5.248e+05
  61        256     G1         4        256           3.290e+04
  62       1280     G1         4       1280           8.198e+05
  63        768     G1         4        768           2.953e+05
  64        512     G1         4        512           1.313e+05
  65        256     G1         4        256           3.290e+04
  66       1792     G1         4       1792           1.607e+06
  67        256     G1         4        256           3.290e+04
  68        512     G1         4        512           1.313e+05
  69        768     G1         4        768           2.953e+05
  70        512     G1         5        512           1.313e+05
  71        768     G1         5        768           2.953e+05
  72        512     G1         5        512           1.313e+05
  73        256     G1         5        256           3.290e+04
  74       1024     G1         5       1024           5.248e+05
  75       1792     G1         5       1792           1.607e+06
  76       1280     G1         5       1280           8.198e+05
  77        256     G1         5        256           3.290e+04
  78        768     G1         5        768           2.953e+05
  79        512     G1         5        512           1.313e+05
  80        256     G1         5        256           3.290e+04
  81        512     G1         5        512           1.313e+05
  82       1792     G1         5       1792           1.607e+06
  83        256     G1         6        256           3.290e+04
  84       1024     G1         6       1024           5.248e+05
  85        512     G1         6        512           1.313e+05
  86       1280     G1         6       1280           8.198e+05
  87        256     G1         6        256           3.290e+04
  88       4096     G1         6       4096           8.391e+06
  89        512     G1         6        512           1.313e+05
  90       1792     G1         6       1792           1.607e+06
  91        256     G1         6        256           3.290e+04
  92        768     G1         6        768           2.953e+05
  93        512     G1         6        512           1.313e+05
  94        256     G1         6        256           3.290e+04
  95        256     G1         6        256           3.290e+04
  96       1024     G1         6       1024           5.248e+05
  97        768     G1         7        768           2.953e+05
  98       1024     G1         7       1024           5.248e+05
  99        768     G1         7        768           2.953e+05
 100       1280     G1         7       1280           8.198e+05
 101        512     G1         7        512           1.313e+05
 102       1792     G1         7       1792           1.607e+06
 103        256     G1         7        256           3.290e+04
 104        512     G1         7        512           1.313e+05
 105        768     G1         7        768           2.953e+05
 106        256     G1         7        256           3.290e+04
 107       4096     G1         7       4096           8.391e+06
 108        256     G1         7        256           3.290e+04
 109        512     G1         7        512           1.313e+05

Per-rank load
Rank     Tokens  Token/avg    Est compute  Compute/avg   Est communication
   0      16384    100.00%      4.038e+07      103.14%           2.765e+04
   1      16384    100.00%      3.959e+07      101.13%           2.765e+04
   2      16384    100.00%      3.959e+07      101.13%           2.765e+04
   3      16384    100.00%      3.861e+07       98.62%           2.765e+04
   4      16384    100.00%      3.861e+07       98.62%           2.765e+04
   5      16384    100.00%      3.854e+07       98.45%           2.765e+04
   6      16384    100.00%      3.894e+07       99.46%           2.509e+04
   7      16384    100.00%      3.894e+07       99.46%           2.509e+04

Balance targets
Metric          Minimum        Average        Maximum  Max deviation    Tolerance     Met
Compute       3.854e+07      3.915e+07      4.038e+07          3.14%        5.00%    True
Tokens            16384      16384.000          16384          0.00%        5.00%    True

Planner status: feasible=True, violation=0.000000, relaxation_level=4, relaxation='unlock 4K-8K G2', repair_moves=0
Split protection
    Bucket  Split count   Split penalty
      <=2K            0               0
     2K-4K            0               0
     4K-8K            3               3
    8K-16K            2               6
      >16K            0               0
Communication: amplification=1.648438, proxy_Q=3.277e+04, active_rings=12, total_token_hops=2.161e+05

Kernel metadata
global_seqlens=12288,16384,5120,5120,5120,1024,1280,256,256,3072,768,512,256,512,256,1024,768,256,256,2560,256,768,512,256,1536,1024,512,256,1280,768,256,256,256,768,512,256,1536,512,2560,256,1280,1024,768,256,1536,512,768,512,256,2048,1024,256,1280,512,768,256,512,768,256,1792,1024,256,1280,768,512,256,1792,256,512,768,512,768,512,256,1024,1792,1280,256,768,512,256,512,1792,256,1024,512,1280,256,4096,512,1792,256,768,512,256,256,1024,768,1024,768,1280,512,1792,256,512,768,256,4096,256,512
ring_sizes=8,8,2,2,2,1,1,1,1,1,1,1,1,1,1,1,1,1,1,1,1,1,1,1,1,1,1,1,1,1,1,1,1,1,1,1,1,1,1,1,1,1,1,1,1,1,1,1,1,1,1,1,1,1,1,1,1,1,1,1,1,1,1,1,1,1,1,1,1,1,1,1,1,1,1,1,1,1,1,1,1,1,1,1,1,1,1,1,1,1,1,1,1,1,1,1,1,1,1,1,1,1,1,1,1,1,1,1,1,1
ring_starts=0,0,0,2,4,0,0,0,0,0,0,0,0,0,0,0,0,0,1,1,1,1,1,1,1,1,1,1,1,1,1,2,2,2,2,2,2,2,2,2,2,2,2,2,3,3,3,3,3,3,3,3,3,3,3,3,3,4,4,4,4,4,4,4,4,4,4,4,4,4,5,5,5,5,5,5,5,5,5,5,5,5,5,6,6,6,6,6,6,6,6,6,6,6,6,6,6,7,7,7,7,7,7,7,7,7,7,7,7,7

Dataset case 20/20
Planner workload: dataset=pile, seed=0, world_size=8, mode=causal
Batch: B=128, target_tokens=131072, actual_tokens=131072, target_delta=+0

Sequence placement
 Seq   Global S   Ring     Ranks    Local S  Est compute/member
   0      20480     G8       0-7       2560           2.622e+07
   1       5120     G2       0-1       2560           6.555e+06
   2       6144     G2       2-3       3072           9.439e+06
   3       2048     G1         0       2048           2.098e+06
   4       1024     G1         0       1024           5.248e+05
   5        256     G1         0        256           3.290e+04
   6        768     G1         0        768           2.953e+05
   7        512     G1         0        512           1.313e+05
   8        256     G1         0        256           3.290e+04
   9        512     G1         0        512           1.313e+05
  10        256     G1         0        256           3.290e+04
  11        512     G1         0        512           1.313e+05
  12       1536     G1         0       1536           1.180e+06
  13       1024     G1         0       1024           5.248e+05
  14        256     G1         0        256           3.290e+04
  15        768     G1         0        768           2.953e+05
  16        512     G1         0        512           1.313e+05
  17        256     G1         0        256           3.290e+04
  18       1536     G1         1       1536           1.180e+06
  19        256     G1         1        256           3.290e+04
  20       1280     G1         1       1280           8.198e+05
  21        768     G1         1        768           2.953e+05
  22        256     G1         1        256           3.290e+04
  23        512     G1         1        512           1.313e+05
  24        256     G1         1        256           3.290e+04
  25        512     G1         1        512           1.313e+05
  26       1024     G1         1       1024           5.248e+05
  27        256     G1         1        256           3.290e+04
  28        768     G1         1        768           2.953e+05
  29        512     G1         1        512           1.313e+05
  30        256     G1         1        256           3.290e+04
  31        512     G1         1        512           1.313e+05
  32       1792     G1         1       1792           1.607e+06
  33        256     G1         1        256           3.290e+04
  34        256     G1         2        256           3.290e+04
  35        768     G1         2        768           2.953e+05
  36        256     G1         2        256           3.290e+04
  37       1536     G1         2       1536           1.180e+06
  38       1280     G1         2       1280           8.198e+05
  39        512     G1         2        512           1.313e+05
  40        256     G1         2        256           3.290e+04
  41        512     G1         2        512           1.313e+05
  42       1536     G1         2       1536           1.180e+06
  43       1024     G1         2       1024           5.248e+05
  44        256     G1         2        256           3.290e+04
  45        512     G1         2        512           1.313e+05
  46        256     G1         2        256           3.290e+04
  47        768     G1         2        768           2.953e+05
  48        512     G1         2        512           1.313e+05
  49        256     G1         2        256           3.290e+04
  50        256     G1         3        256           3.290e+04
  51        256     G1         3        256           3.290e+04
  52       1536     G1         3       1536           1.180e+06
  53        768     G1         3        768           2.953e+05
  54        512     G1         3        512           1.313e+05
  55       1280     G1         3       1280           8.198e+05
  56        256     G1         3        256           3.290e+04
  57        512     G1         3        512           1.313e+05
  58       1536     G1         3       1536           1.180e+06
  59        256     G1         3        256           3.290e+04
  60       1024     G1         3       1024           5.248e+05
  61        512     G1         3        512           1.313e+05
  62        256     G1         3        256           3.290e+04
  63        512     G1         3        512           1.313e+05
  64        768     G1         3        768           2.953e+05
  65        256     G1         3        256           3.290e+04
  66        768     G1         4        768           2.953e+05
  67        512     G1         4        512           1.313e+05
  68        256     G1         4        256           3.290e+04
  69       4096     G1         4       4096           8.391e+06
  70       1024     G1         4       1024           5.248e+05
  71        256     G1         4        256           3.290e+04
  72        512     G1         4        512           1.313e+05
  73        768     G1         4        768           2.953e+05
  74        256     G1         4        256           3.290e+04
  75        512     G1         4        512           1.313e+05
  76       1792     G1         4       1792           1.607e+06
  77        256     G1         4        256           3.290e+04
  78        512     G1         4        512           1.313e+05
  79       1536     G1         4       1536           1.180e+06
  80        512     G1         4        512           1.313e+05
  81        256     G1         4        256           3.290e+04
  82        256     G1         5        256           3.290e+04
  83        256     G1         5        256           3.290e+04
  84        512     G1         5        512           1.313e+05
  85        256     G1         5        256           3.290e+04
  86       2048     G1         5       2048           2.098e+06
  87        512     G1         5        512           1.313e+05
  88        256     G1         5        256           3.290e+04
  89        768     G1         5        768           2.953e+05
  90        512     G1         5        512           1.313e+05
  91        256     G1         5        256           3.290e+04
  92       2048     G1         5       2048           2.098e+06
  93        512     G1         5        512           1.313e+05
  94       3584     G1         5       3584           6.424e+06
  95       1280     G1         5       1280           8.198e+05
  96        256     G1         5        256           3.290e+04
  97       1024     G1         5       1024           5.248e+05
  98       2048     G1         6       2048           2.098e+06
  99        512     G1         6        512           1.313e+05
 100       3072     G1         6       3072           4.720e+06
 101        256     G1         6        256           3.290e+04
 102        512     G1         6        512           1.313e+05
 103       2560     G1         6       2560           3.278e+06
 104        768     G1         6        768           2.953e+05
 105        256     G1         6        256           3.290e+04
 106        512     G1         6        512           1.313e+05
 107        256     G1         6        256           3.290e+04
 108        512     G1         6        512           1.313e+05
 109       1280     G1         6       1280           8.198e+05
 110       1024     G1         6       1024           5.248e+05
 111        256     G1         6        256           3.290e+04
 112        512     G1         6        512           1.313e+05
 113       2560     G1         7       2560           3.278e+06
 114        256     G1         7        256           3.290e+04
 115       2560     G1         7       2560           3.278e+06
 116        768     G1         7        768           2.953e+05
 117        512     G1         7        512           1.313e+05
 118        256     G1         7        256           3.290e+04
 119       2560     G1         7       2560           3.278e+06
 120       1280     G1         7       1280           8.198e+05
 121        512     G1         7        512           1.313e+05
 122        256     G1         7        256           3.290e+04
 123        512     G1         7        512           1.313e+05
 124       1024     G1         7       1024           5.248e+05
 125        256     G1         7        256           3.290e+04
 126        512     G1         7        512           1.313e+05
 127        768     G1         7        768           2.953e+05

Per-rank load
Rank     Tokens  Token/avg    Est compute  Compute/avg   Est communication
   0      15616     95.31%      3.838e+07       97.83%           2.048e+04
   1      15872     96.88%      3.822e+07       97.41%           2.048e+04
   2      16128     98.44%      4.067e+07      103.67%           2.099e+04
   3      16128     98.44%      4.067e+07      103.67%           2.099e+04
   4      16384    100.00%      3.933e+07      100.25%           1.792e+04
   5      16896    103.12%      3.920e+07       99.92%           1.792e+04
   6      16896    103.12%      3.874e+07       98.75%           1.792e+04
   7      17152    104.69%      3.864e+07       98.50%           1.792e+04

Balance targets
Metric          Minimum        Average        Maximum  Max deviation    Tolerance     Met
Compute       3.822e+07      3.923e+07      4.067e+07          3.67%        5.00%    True
Tokens            15616      16384.000          17152          4.69%        5.00%    True

Planner status: feasible=True, violation=0.000000, relaxation_level=5, relaxation='unlock 4K-8K G4', repair_moves=5
Split protection
    Bucket  Split count   Split penalty
      <=2K            0               0
     2K-4K            0               0
     4K-8K            2               2
    8K-16K            0               0
      >16K            1               3
Communication: amplification=1.179688, proxy_Q=2.355e+04, active_rings=11, total_token_hops=1.546e+05

Kernel metadata
global_seqlens=20480,5120,6144,2048,1024,256,768,512,256,512,256,512,1536,1024,256,768,512,256,1536,256,1280,768,256,512,256,512,1024,256,768,512,256,512,1792,256,256,768,256,1536,1280,512,256,512,1536,1024,256,512,256,768,512,256,256,256,1536,768,512,1280,256,512,1536,256,1024,512,256,512,768,256,768,512,256,4096,1024,256,512,768,256,512,1792,256,512,1536,512,256,256,256,512,256,2048,512,256,768,512,256,2048,512,3584,1280,256,1024,2048,512,3072,256,512,2560,768,256,512,256,512,1280,1024,256,512,2560,256,2560,768,512,256,2560,1280,512,256,512,1024,256,512,768
ring_sizes=8,2,2,1,1,1,1,1,1,1,1,1,1,1,1,1,1,1,1,1,1,1,1,1,1,1,1,1,1,1,1,1,1,1,1,1,1,1,1,1,1,1,1,1,1,1,1,1,1,1,1,1,1,1,1,1,1,1,1,1,1,1,1,1,1,1,1,1,1,1,1,1,1,1,1,1,1,1,1,1,1,1,1,1,1,1,1,1,1,1,1,1,1,1,1,1,1,1,1,1,1,1,1,1,1,1,1,1,1,1,1,1,1,1,1,1,1,1,1,1,1,1,1,1,1,1,1,1
ring_starts=0,0,2,0,0,0,0,0,0,0,0,0,0,0,0,0,0,0,1,1,1,1,1,1,1,1,1,1,1,1,1,1,1,1,2,2,2,2,2,2,2,2,2,2,2,2,2,2,2,2,3,3,3,3,3,3,3,3,3,3,3,3,3,3,3,3,4,4,4,4,4,4,4,4,4,4,4,4,4,4,4,4,5,5,5,5,5,5,5,5,5,5,5,5,5,5,5,5,6,6,6,6,6,6,6,6,6,6,6,6,6,6,6,7,7,7,7,7,7,7,7,7,7,7,7,7,7,7

Dataset matrix backward KVH=2: datasets=['pile'], cases=20
Explicit-topology mega-ring causal backward: world_size=8, methods=['allgather_attention', 'llama3_allgather_attention', 'fa3_ring', 'megatron_hybrid_cp', 'magi_attention', 'zeppelin', 'mega_ring_all_cp', 'mega_ring_hybrid'], QH=32, KVH=2, D=128, allgather_overlapping_heads_k_stride=2, sm_configs=128:4,124:8,120:12,116:16, zeppelin_threshold=4096, megatron_max_seqlen_per_rank=8192, magi_overlap_degree=2, warmup=10, iters=30, check=False
Block baseline backend: in-repo min_fa3 fallback
Reusable backward IPC pools: cases=20, all_cp_rank_capacity=41984, all_cp_accum_numel=15564800, hybrid_rank_capacity=17152, hybrid_accum_numel=9207808

Workload: dataset=pile, case=1/20, B=114, global_tokens=131072, global_seqlens=[10240, 5120, 8192, 6144, 256, 512, 256, 256, 512, 1536, 1792, 3072, 512, 1280, 256, 1024, 768, 256, 1536, 256, 768, 2560, 1280, 1024, 512, 256, 2048, 512, 256, 256, 512, 768, 512, 512, 1536, 768, 256, 1280, 512, 2560, 1024, 2048, 512, 256, 256, 512, 768, 1792, 256, 1024, 512, 2048, 2048, 256, 512, 256, 256, 768, 1536, 512, 768, 256, 1280, 4096, 512, 256, 768, 256, 512, 2048, 512, 256, 256, 1280, 768, 1280, 256, 512, 256, 512, 256, 768, 4096, 512, 256, 1792, 256, 1280, 1024, 512, 1280, 768, 512, 256, 1024, 512, 256, 1792, 512, 256, 4096, 256, 512, 1536, 256, 1280, 256, 512, 2048, 768, 256, 512, 1024, 3584]
Mega-ring all-CP workload: alignment=2048, global_tokens=270336, global_seqlens=[10240, 6144, 8192, 6144, 2048, 2048, 2048, 2048, 2048, 2048, 2048, 4096, 2048, 2048, 2048, 2048, 2048, 2048, 2048, 2048, 2048, 4096, 2048, 2048, 2048, 2048, 2048, 2048, 2048, 2048, 2048, 2048, 2048, 2048, 2048, 2048, 2048, 2048, 2048, 4096, 2048, 2048, 2048, 2048, 2048, 2048, 2048, 2048, 2048, 2048, 2048, 2048, 2048, 2048, 2048, 2048, 2048, 2048, 2048, 2048, 2048, 2048, 2048, 4096, 2048, 2048, 2048, 2048, 2048, 2048, 2048, 2048, 2048, 2048, 2048, 2048, 2048, 2048, 2048, 2048, 2048, 2048, 4096, 2048, 2048, 2048, 2048, 2048, 2048, 2048, 2048, 2048, 2048, 2048, 2048, 2048, 2048, 2048, 2048, 2048, 4096, 2048, 2048, 2048, 2048, 2048, 2048, 2048, 2048, 2048, 2048, 2048, 2048, 4096]
Hybrid rings: sizes=[4, 4, 4, 4, 1, 1, 1, 1, 1, 1, 1, 1, 1, 1, 1, 1, 1, 1, 1, 1, 1, 1, 1, 1, 1, 1, 1, 1, 1, 1, 1, 1, 1, 1, 1, 1, 1, 1, 1, 1, 1, 1, 1, 1, 1, 1, 1, 1, 1, 1, 1, 1, 1, 1, 1, 1, 1, 1, 1, 1, 1, 1, 1, 1, 1, 1, 1, 1, 1, 1, 1, 1, 1, 1, 1, 1, 1, 1, 1, 1, 1, 1, 1, 1, 1, 1, 1, 1, 1, 1, 1, 1, 1, 1, 1, 1, 1, 1, 1, 1, 1, 1, 1, 1, 1, 1, 1, 1, 1, 1, 1, 1, 1, 1], starts=[0, 0, 4, 4, 0, 0, 0, 0, 0, 0, 0, 0, 0, 0, 0, 0, 0, 0, 1, 1, 1, 1, 1, 1, 1, 1, 1, 1, 1, 1, 1, 1, 2, 2, 2, 2, 2, 2, 2, 2, 2, 2, 2, 2, 2, 2, 3, 3, 3, 3, 3, 3, 3, 3, 3, 3, 3, 3, 3, 3, 4, 4, 4, 4, 4, 4, 4, 4, 4, 4, 4, 4, 4, 4, 5, 5, 5, 5, 5, 5, 5, 5, 5, 5, 5, 5, 5, 5, 6, 6, 6, 6, 6, 6, 6, 6, 6, 6, 6, 6, 6, 7, 7, 7, 7, 7, 7, 7, 7, 7, 7, 7, 7, 7]
Zeppelin placement: L=4096, final_s0=256, iterations=12, groups=[3, 1, 2, 1, 1, 1, 1, 1, 1, 1, 1, 1, 1, 1, 1, 1, 1, 1, 1, 1, 1, 1, 1, 1, 1, 1, 1, 1, 1, 1, 1, 1, 1, 1, 1, 1, 1, 1, 1, 1, 1, 1, 1, 1, 1, 1, 1, 1, 1, 1, 1, 1, 1, 1, 1, 1, 1, 1, 1, 1, 1, 1, 1, 1, 1, 1, 1, 1, 1, 1, 1, 1, 1, 1, 1, 1, 1, 1, 1, 1, 1, 1, 1, 1, 1, 1, 1, 1, 1, 1, 1, 1, 1, 1, 1, 1, 1, 1, 1, 1, 1, 1, 1, 1, 1, 1, 1, 1, 1, 1, 1, 1, 1, 1], execution_lengths=[10242, 5120, 8192, 6144, 256, 512, 256, 256, 512, 1536, 1792, 3072, 512, 1280, 256, 1024, 768, 256, 1536, 256, 768, 2560, 1280, 1024, 512, 256, 2048, 512, 256, 256, 512, 768, 512, 512, 1536, 768, 256, 1280, 512, 2560, 1024, 2048, 512, 256, 256, 512, 768, 1792, 256, 1024, 512, 2048, 2048, 256, 512, 256, 256, 768, 1536, 512, 768, 256, 1280, 4096, 512, 256, 768, 256, 512, 2048, 512, 256, 256, 1280, 768, 1280, 256, 512, 256, 512, 256, 768, 4096, 512, 256, 1792, 256, 1280, 1024, 512, 1280, 768, 512, 256, 1024, 512, 256, 1792, 512, 256, 4096, 256, 512, 1536, 256, 1280, 256, 512, 2048, 768, 256, 512, 1024, 3584], padding=2, physical_rank_token_loads=[17494, 17238, 16726, 16896, 15872, 17152, 15360, 14336]
Timing excludes forward preparation, opaque-workspace construction, owner-accumulator reset, and the pre-launch distributed barrier; reused step-workspace reset and method-internal phase barriers are included; reported time is the average of the per-iteration max-rank end-to-end backward op times.
Method                      Comp:Comm Time ms                                                                                                            Agg TFLOPS    Avg/GPU    Check  Note
allgather_attention                 - t0=9.348, t1=9.359, t2=9.337, t3=9.336, t4=9.349, t5=9.356, t6=9.355, t7=9.355 | max_across_ranks=9.390                894.20     111.77     skip  per-sequence KV-head-sharded all-gather (2 KVH/chunk, comm/compute overlap); in-repo min_fa3 fallback; zigzag causal
llama3_allgather_attention          - t0=5.625, t1=5.635, t2=5.625, t3=5.612, t4=5.600, t5=5.584, t6=5.595, t7=5.609 | max_across_ranks=5.638               1489.32     186.16     skip  whole-packed zigzag KV-head-sharded all-gather (2 KVH/chunk, comm/compute overlap); in-repo min_fa3 fallback; causal
fa3_ring                            - t0=16.484, t1=16.469, t2=15.661, t3=15.874, t4=16.045, t5=16.199, t6=16.277, t7=16.475 | max_across_ranks=16.519       508.30      63.54     skip  NCCL zigzag ring; in-repo min_fa3 fallback block backward
megatron_hybrid_cp                  - t0=2.408, t1=2.415, t2=2.367, t3=2.922, t4=3.188, t5=3.276, t6=3.522, t7=3.527 | max_across_ranks=3.533               2376.85     297.11     skip  Megatron scheduler; 1 execution groups; P2P ring; in-repo min_fa3 fallback; forward-order phase replay; complete forward preparation excluded from backward timing; tokens(original/aligned)=131072/131072, padding=0 tokens; aligned-length Agg TFLOPS=2376.85, Avg/GPU=297.11
magi_attention                      - t0=3.796, t1=3.752, t2=3.862, t3=3.799, t4=3.867, t5=3.874, t6=3.887, t7=3.800 | max_across_ranks=3.887               2159.97     270.00     skip  chunk_size=2048, tokens(original/padded)=131072/131072, overlap_degree=2; dispatch excluded; performance-only; forward preparation excluded from backward timing
zeppelin                            - t0=3.572, t1=3.550, t2=3.389, t3=2.941, t4=2.786, t5=2.368, t6=1.853, t7=1.551 | max_across_ranks=3.572               2350.48     293.81     skip  L=4096; final_s0=256; iterations=12; G1=112,G2=1,G3=1; padding=2; physical rank token loads=[17494,17238,16726,16896,15872,17152,15360,14336]; in-repo min_fa3 fallback; tokens(original/aligned)=131072/131074, padding=2 tokens; aligned-length Agg TFLOPS=2350.71, Avg/GPU=293.84
mega_ring_all_cp                128:4 t0=9.853, t1=9.851, t2=9.743, t3=9.755, t4=9.767, t5=9.765, t6=9.747, t7=9.810 | max_across_ranks=9.854                852.08     106.51     skip  all-CP fused mega-ring; remote reset excluded; workspace=reused, reset=timed, aux_grid=exact; tokens(original/aligned)=131072/270336, padding=139264 tokens; aligned-length Agg TFLOPS=1656.77, Avg/GPU=207.10
mega_ring_all_cp                124:8 t0=9.657, t1=9.670, t2=9.534, t3=9.516, t4=9.508, t5=9.497, t6=9.472, t7=9.444 | max_across_ranks=9.677                867.65     108.46     skip  all-CP fused mega-ring; remote reset excluded; workspace=reused, reset=timed, aux_grid=exact; tokens(original/aligned)=131072/270336, padding=139264 tokens; aligned-length Agg TFLOPS=1687.06, Avg/GPU=210.88
mega_ring_all_cp               120:12 t0=9.792, t1=9.800, t2=9.604, t3=9.561, t4=9.553, t5=9.515, t6=9.490, t7=9.452 | max_across_ranks=9.800                856.83     107.10     skip  all-CP fused mega-ring; remote reset excluded; workspace=reused, reset=timed, aux_grid=exact; tokens(original/aligned)=131072/270336, padding=139264 tokens; aligned-length Agg TFLOPS=1666.01, Avg/GPU=208.25
mega_ring_all_cp               116:16 t0=9.952, t1=9.957, t2=9.748, t3=9.643, t4=9.636, t5=9.580, t6=9.563, t7=9.514 | max_across_ranks=9.961                842.97     105.37     skip  all-CP fused mega-ring; remote reset excluded; workspace=reused, reset=timed, aux_grid=exact; tokens(original/aligned)=131072/270336, padding=139264 tokens; aligned-length Agg TFLOPS=1639.06, Avg/GPU=204.88
mega_ring_hybrid                128:4 t0=3.038, t1=3.024, t2=2.971, t3=2.936, t4=3.124, t5=3.002, t6=2.998, t7=2.922 | max_across_ranks=3.135               2678.33     334.79     skip  hierarchical hybrid fused mega-ring; remote reset excluded; workspace=reused, reset=timed, aux_grid=exact
mega_ring_hybrid                124:8 t0=2.920, t1=2.855, t2=2.839, t3=2.804, t4=2.965, t5=2.874, t6=2.856, t7=2.798 | max_across_ranks=2.973               2824.35     353.04     skip  hierarchical hybrid fused mega-ring; remote reset excluded; workspace=reused, reset=timed, aux_grid=exact
mega_ring_hybrid               120:12 t0=2.927, t1=2.863, t2=2.834, t3=2.793, t4=2.965, t5=2.878, t6=2.877, t7=2.777 | max_across_ranks=2.965               2831.52     353.94     skip  hierarchical hybrid fused mega-ring; remote reset excluded; workspace=reused, reset=timed, aux_grid=exact
mega_ring_hybrid               116:16 t0=2.987, t1=2.894, t2=2.882, t3=2.850, t4=3.031, t5=2.927, t6=2.904, t7=2.812 | max_across_ranks=3.031               2769.99     346.25     skip  hierarchical hybrid fused mega-ring; remote reset excluded; workspace=reused, reset=timed, aux_grid=exact

Workload: dataset=pile, case=2/20, B=96, global_tokens=131328, global_seqlens=[20480, 8192, 12288, 12288, 512, 256, 256, 3072, 256, 1024, 256, 768, 512, 256, 1024, 2560, 256, 256, 256, 3072, 768, 256, 1280, 2048, 256, 512, 256, 256, 1280, 768, 768, 1024, 256, 256, 512, 256, 1280, 256, 3072, 512, 768, 256, 2048, 1792, 768, 256, 256, 512, 256, 1280, 3072, 1536, 256, 768, 512, 512, 256, 256, 512, 768, 1024, 256, 1792, 256, 512, 768, 256, 256, 512, 256, 1536, 1280, 256, 768, 512, 256, 512, 256, 256, 256, 256, 6144, 768, 512, 256, 1024, 256, 512, 256, 256, 256, 768, 512, 6144, 256, 1024]
Mega-ring all-CP workload: alignment=2048, global_tokens=260096, global_seqlens=[20480, 8192, 12288, 12288, 2048, 2048, 2048, 4096, 2048, 2048, 2048, 2048, 2048, 2048, 2048, 4096, 2048, 2048, 2048, 4096, 2048, 2048, 2048, 2048, 2048, 2048, 2048, 2048, 2048, 2048, 2048, 2048, 2048, 2048, 2048, 2048, 2048, 2048, 4096, 2048, 2048, 2048, 2048, 2048, 2048, 2048, 2048, 2048, 2048, 2048, 4096, 2048, 2048, 2048, 2048, 2048, 2048, 2048, 2048, 2048, 2048, 2048, 2048, 2048, 2048, 2048, 2048, 2048, 2048, 2048, 2048, 2048, 2048, 2048, 2048, 2048, 2048, 2048, 2048, 2048, 2048, 6144, 2048, 2048, 2048, 2048, 2048, 2048, 2048, 2048, 2048, 2048, 2048, 6144, 2048, 2048]
Hybrid rings: sizes=[4, 2, 2, 2, 1, 1, 1, 1, 1, 1, 1, 1, 1, 1, 1, 1, 1, 1, 1, 1, 1, 1, 1, 1, 1, 1, 1, 1, 1, 1, 1, 1, 1, 1, 1, 1, 1, 1, 1, 1, 1, 1, 1, 1, 1, 1, 1, 1, 1, 1, 1, 1, 1, 1, 1, 1, 1, 1, 1, 1, 1, 1, 1, 1, 1, 1, 1, 1, 1, 1, 1, 1, 1, 1, 1, 1, 1, 1, 1, 1, 1, 1, 1, 1, 1, 1, 1, 1, 1, 1, 1, 1, 1, 1, 1, 1], starts=[0, 4, 4, 6, 0, 0, 0, 0, 0, 0, 0, 0, 0, 0, 0, 0, 0, 1, 1, 1, 1, 1, 1, 1, 1, 1, 1, 1, 1, 1, 2, 2, 2, 2, 2, 2, 2, 2, 2, 2, 2, 2, 2, 3, 3, 3, 3, 3, 3, 3, 3, 3, 3, 3, 3, 4, 4, 4, 4, 4, 4, 4, 4, 4, 4, 5, 5, 5, 5, 5, 5, 5, 5, 5, 5, 5, 6, 6, 6, 6, 6, 6, 6, 6, 6, 6, 7, 7, 7, 7, 7, 7, 7, 7, 7, 7]
Zeppelin placement: L=4096, final_s0=256, iterations=11, groups=[4, 1, 2, 2, 1, 1, 1, 1, 1, 1, 1, 1, 1, 1, 1, 1, 1, 1, 1, 1, 1, 1, 1, 1, 1, 1, 1, 1, 1, 1, 1, 1, 1, 1, 1, 1, 1, 1, 1, 1, 1, 1, 1, 1, 1, 1, 1, 1, 1, 1, 1, 1, 1, 1, 1, 1, 1, 1, 1, 1, 1, 1, 1, 1, 1, 1, 1, 1, 1, 1, 1, 1, 1, 1, 1, 1, 1, 1, 1, 1, 1, 1, 1, 1, 1, 1, 1, 1, 1, 1, 1, 1, 1, 1, 1, 1], execution_lengths=[20480, 8192, 12288, 12288, 512, 256, 256, 3072, 256, 1024, 256, 768, 512, 256, 1024, 2560, 256, 256, 256, 3072, 768, 256, 1280, 2048, 256, 512, 256, 256, 1280, 768, 768, 1024, 256, 256, 512, 256, 1280, 256, 3072, 512, 768, 256, 2048, 1792, 768, 256, 256, 512, 256, 1280, 3072, 1536, 256, 768, 512, 512, 256, 256, 512, 768, 1024, 256, 1792, 256, 512, 768, 256, 256, 512, 256, 1536, 1280, 256, 768, 512, 256, 512, 256, 256, 256, 256, 6144, 768, 512, 256, 1024, 256, 512, 256, 256, 256, 768, 512, 6144, 256, 1024], padding=0, physical_rank_token_loads=[20736, 18432, 18176, 14848, 15616, 14848, 14592, 14080]
Timing excludes forward preparation, opaque-workspace construction, owner-accumulator reset, and the pre-launch distributed barrier; reused step-workspace reset and method-internal phase barriers are included; reported time is the average of the per-iteration max-rank end-to-end backward op times.
Method                      Comp:Comm Time ms                                                                                                            Agg TFLOPS    Avg/GPU    Check  Note
allgather_attention                 - t0=12.267, t1=12.269, t2=12.270, t3=12.275, t4=12.270, t5=12.269, t6=12.266, t7=12.264 | max_across_ranks=12.290      1593.66     199.21     skip  per-sequence KV-head-sharded all-gather (2 KVH/chunk, comm/compute overlap); in-repo min_fa3 fallback; zigzag causal
llama3_allgather_attention          - t0=10.565, t1=10.582, t2=10.569, t3=10.553, t4=10.538, t5=10.520, t6=10.530, t7=10.547 | max_across_ranks=10.582      1850.86     231.36     skip  whole-packed zigzag KV-head-sharded all-gather (2 KVH/chunk, comm/compute overlap); in-repo min_fa3 fallback; causal
fa3_ring                            - t0=19.595, t1=19.620, t2=19.633, t3=19.643, t4=19.638, t5=19.642, t6=19.630, t7=19.605 | max_across_ranks=19.661       996.22     124.53     skip  NCCL zigzag ring; in-repo min_fa3 fallback block backward
megatron_hybrid_cp                  - t0=7.109, t1=6.059, t2=6.040, t3=6.433, t4=6.491, t5=6.465, t6=6.434, t7=6.461 | max_across_ranks=7.109               2755.21     344.40     skip  Megatron scheduler; 2 execution groups; P2P ring; in-repo min_fa3 fallback; forward-order phase replay; complete forward preparation excluded from backward timing; tokens(original/aligned)=131328/131328, padding=0 tokens; aligned-length Agg TFLOPS=2755.21, Avg/GPU=344.40
magi_attention                      - t0=6.621, t1=6.608, t2=6.613, t3=6.596, t4=6.672, t5=6.667, t6=6.583, t7=6.629 | max_across_ranks=6.673               2935.31     366.91     skip  chunk_size=2052, tokens(original/padded)=131328/131328, overlap_degree=2; dispatch excluded; performance-only; forward preparation excluded from backward timing
zeppelin                            - t0=7.703, t1=6.575, t2=6.527, t3=5.489, t4=4.107, t5=4.059, t6=4.052, t7=3.966 | max_across_ranks=7.703               2542.64     317.83     skip  L=4096; final_s0=256; iterations=11; G1=93,G2=2,G4=1; padding=0; physical rank token loads=[20736,18432,18176,14848,15616,14848,14592,14080]; in-repo min_fa3 fallback; tokens(original/aligned)=131328/131328, padding=0 tokens; aligned-length Agg TFLOPS=2542.64, Avg/GPU=317.83
mega_ring_all_cp                128:4 t0=11.388, t1=11.392, t2=11.172, t3=11.130, t4=11.119, t5=11.063, t6=11.042, t7=10.968 | max_across_ranks=11.392      1719.27     214.91     skip  all-CP fused mega-ring; remote reset excluded; workspace=reused, reset=timed, aux_grid=exact; tokens(original/aligned)=131328/260096, padding=128768 tokens; aligned-length Agg TFLOPS=2345.45, Avg/GPU=293.18
mega_ring_all_cp                124:8 t0=11.279, t1=11.286, t2=11.188, t3=11.057, t4=11.000, t5=10.886, t6=10.831, t7=10.708 | max_across_ranks=11.291      1734.76     216.84     skip  all-CP fused mega-ring; remote reset excluded; workspace=reused, reset=timed, aux_grid=exact; tokens(original/aligned)=131328/260096, padding=128768 tokens; aligned-length Agg TFLOPS=2366.58, Avg/GPU=295.82
mega_ring_all_cp               120:12 t0=11.451, t1=11.458, t2=11.329, t3=11.206, t4=11.172, t5=11.079, t6=10.958, t7=10.813 | max_across_ranks=11.460      1709.18     213.65     skip  all-CP fused mega-ring; remote reset excluded; workspace=reused, reset=timed, aux_grid=exact; tokens(original/aligned)=131328/260096, padding=128768 tokens; aligned-length Agg TFLOPS=2331.68, Avg/GPU=291.46
mega_ring_all_cp               116:16 t0=11.701, t1=11.707, t2=11.517, t3=11.409, t4=11.293, t5=11.174, t6=11.041, t7=10.928 | max_across_ranks=11.710      1672.62     209.08     skip  all-CP fused mega-ring; remote reset excluded; workspace=reused, reset=timed, aux_grid=exact; tokens(original/aligned)=131328/260096, padding=128768 tokens; aligned-length Agg TFLOPS=2281.80, Avg/GPU=285.23
mega_ring_hybrid                128:4 t0=5.653, t1=5.666, t2=5.558, t3=5.457, t4=5.130, t5=5.083, t6=5.044, t7=5.006 | max_across_ranks=5.720               3424.46     428.06     skip  hierarchical hybrid fused mega-ring; remote reset excluded; workspace=reused, reset=timed, aux_grid=exact
mega_ring_hybrid                124:8 t0=5.598, t1=5.535, t2=5.586, t3=5.647, t4=5.110, t5=5.192, t6=5.120, t7=5.161 | max_across_ranks=5.666               3456.70     432.09     skip  hierarchical hybrid fused mega-ring; remote reset excluded; workspace=reused, reset=timed, aux_grid=exact
mega_ring_hybrid               120:12 t0=5.772, t1=5.731, t2=5.637, t3=5.580, t4=5.131, t5=5.159, t6=5.111, t7=5.177 | max_across_ranks=5.773               3392.61     424.08     skip  hierarchical hybrid fused mega-ring; remote reset excluded; workspace=reused, reset=timed, aux_grid=exact
mega_ring_hybrid               116:16 t0=5.862, t1=5.796, t2=5.694, t3=5.734, t4=5.237, t5=5.288, t6=5.218, t7=5.267 | max_across_ranks=5.862               3341.32     417.66     skip  hierarchical hybrid fused mega-ring; remote reset excluded; workspace=reused, reset=timed, aux_grid=exact

Workload: dataset=pile, case=3/20, B=105, global_tokens=131072, global_seqlens=[18432, 10240, 16384, 6144, 5120, 512, 768, 256, 1024, 256, 2048, 512, 256, 1280, 768, 256, 512, 256, 512, 768, 256, 1024, 1792, 256, 768, 512, 256, 256, 1536, 512, 256, 256, 256, 1024, 256, 1280, 512, 256, 256, 512, 2560, 1024, 256, 768, 768, 256, 256, 768, 1024, 256, 1280, 256, 256, 512, 2560, 256, 768, 512, 768, 256, 256, 256, 512, 768, 256, 512, 1280, 4096, 256, 3072, 1024, 256, 1280, 512, 256, 256, 512, 256, 1024, 768, 512, 1024, 512, 2560, 256, 256, 1024, 1792, 512, 256, 256, 768, 512, 1024, 256, 512, 2560, 256, 512, 256, 1024, 256, 768, 1792, 512]
Mega-ring all-CP workload: alignment=2048, global_tokens=274432, global_seqlens=[18432, 10240, 16384, 6144, 6144, 2048, 2048, 2048, 2048, 2048, 2048, 2048, 2048, 2048, 2048, 2048, 2048, 2048, 2048, 2048, 2048, 2048, 2048, 2048, 2048, 2048, 2048, 2048, 2048, 2048, 2048, 2048, 2048, 2048, 2048, 2048, 2048, 2048, 2048, 2048, 4096, 2048, 2048, 2048, 2048, 2048, 2048, 2048, 2048, 2048, 2048, 2048, 2048, 2048, 4096, 2048, 2048, 2048, 2048, 2048, 2048, 2048, 2048, 2048, 2048, 2048, 2048, 4096, 2048, 4096, 2048, 2048, 2048, 2048, 2048, 2048, 2048, 2048, 2048, 2048, 2048, 2048, 2048, 4096, 2048, 2048, 2048, 2048, 2048, 2048, 2048, 2048, 2048, 2048, 2048, 2048, 4096, 2048, 2048, 2048, 2048, 2048, 2048, 2048, 2048]
Hybrid rings: sizes=[4, 4, 4, 2, 2, 1, 1, 1, 1, 1, 1, 1, 1, 1, 1, 1, 1, 1, 1, 1, 1, 1, 1, 1, 1, 1, 1, 1, 1, 1, 1, 1, 1, 1, 1, 1, 1, 1, 1, 1, 1, 1, 1, 1, 1, 1, 1, 1, 1, 1, 1, 1, 1, 1, 1, 1, 1, 1, 1, 1, 1, 1, 1, 1, 1, 1, 1, 1, 1, 1, 1, 1, 1, 1, 1, 1, 1, 1, 1, 1, 1, 1, 1, 1, 1, 1, 1, 1, 1, 1, 1, 1, 1, 1, 1, 1, 1, 1, 1, 1, 1, 1, 1, 1, 1], starts=[0, 4, 4, 0, 2, 0, 0, 0, 0, 0, 0, 0, 0, 0, 0, 0, 0, 0, 1, 1, 1, 1, 1, 1, 1, 1, 1, 1, 1, 1, 1, 2, 2, 2, 2, 2, 2, 2, 2, 2, 2, 2, 2, 2, 3, 3, 3, 3, 3, 3, 3, 3, 3, 3, 3, 3, 3, 4, 4, 4, 4, 4, 4, 4, 4, 4, 4, 4, 4, 5, 5, 5, 5, 5, 5, 5, 5, 5, 5, 5, 5, 6, 6, 6, 6, 6, 6, 6, 6, 6, 6, 6, 6, 7, 7, 7, 7, 7, 7, 7, 7, 7, 7, 7, 7]
Zeppelin placement: L=4096, final_s0=256, iterations=11, groups=[4, 1, 3, 1, 1, 1, 1, 1, 1, 1, 1, 1, 1, 1, 1, 1, 1, 1, 1, 1, 1, 1, 1, 1, 1, 1, 1, 1, 1, 1, 1, 1, 1, 1, 1, 1, 1, 1, 1, 1, 1, 1, 1, 1, 1, 1, 1, 1, 1, 1, 1, 1, 1, 1, 1, 1, 1, 1, 1, 1, 1, 1, 1, 1, 1, 1, 1, 1, 1, 1, 1, 1, 1, 1, 1, 1, 1, 1, 1, 1, 1, 1, 1, 1, 1, 1, 1, 1, 1, 1, 1, 1, 1, 1, 1, 1, 1, 1, 1, 1, 1, 1, 1, 1, 1], execution_lengths=[18432, 10240, 16386, 6144, 5120, 512, 768, 256, 1024, 256, 2048, 512, 256, 1280, 768, 256, 512, 256, 512, 768, 256, 1024, 1792, 256, 768, 512, 256, 256, 1536, 512, 256, 256, 256, 1024, 256, 1280, 512, 256, 256, 512, 2560, 1024, 256, 768, 768, 256, 256, 768, 1024, 256, 1280, 256, 256, 512, 2560, 256, 768, 512, 768, 256, 256, 256, 512, 768, 256, 512, 1280, 4096, 256, 3072, 1024, 256, 1280, 512, 256, 256, 512, 256, 1024, 768, 512, 1024, 512, 2560, 256, 256, 1024, 1792, 512, 256, 256, 768, 512, 1024, 256, 512, 2560, 256, 512, 256, 1024, 256, 768, 1792, 512], padding=2, physical_rank_token_loads=[18944, 17664, 16128, 15104, 15190, 14678, 14422, 18944]
Timing excludes forward preparation, opaque-workspace construction, owner-accumulator reset, and the pre-launch distributed barrier; reused step-workspace reset and method-internal phase barriers are included; reported time is the average of the per-iteration max-rank end-to-end backward op times.
Method                      Comp:Comm Time ms                                                                                                            Agg TFLOPS    Avg/GPU    Check  Note
allgather_attention                 - t0=11.960, t1=11.956, t2=11.958, t3=11.967, t4=11.968, t5=11.964, t6=11.968, t7=11.965 | max_across_ranks=11.986      1505.70     188.21     skip  per-sequence KV-head-sharded all-gather (2 KVH/chunk, comm/compute overlap); in-repo min_fa3 fallback; zigzag causal
llama3_allgather_attention          - t0=9.675, t1=9.691, t2=9.678, t3=9.662, t4=9.645, t5=9.629, t6=9.639, t7=9.655 | max_across_ranks=9.691               1862.14     232.77     skip  whole-packed zigzag KV-head-sharded all-gather (2 KVH/chunk, comm/compute overlap); in-repo min_fa3 fallback; causal
fa3_ring                            - t0=20.154, t1=20.196, t2=20.234, t3=20.244, t4=20.275, t5=20.201, t6=20.200, t7=19.977 | max_across_ranks=20.302       888.93     111.12     skip  NCCL zigzag ring; in-repo min_fa3 fallback block backward
megatron_hybrid_cp                  - t0=6.701, t1=6.319, t2=6.339, t3=6.952, t4=7.124, t5=7.198, t6=7.184, t7=7.235 | max_across_ranks=7.235               2494.55     311.82     skip  Megatron scheduler; 2 execution groups; P2P ring; in-repo min_fa3 fallback; forward-order phase replay; complete forward preparation excluded from backward timing; tokens(original/aligned)=131072/131072, padding=0 tokens; aligned-length Agg TFLOPS=2494.55, Avg/GPU=311.82
magi_attention                      - t0=6.009, t1=5.475, t2=6.026, t3=5.979, t4=6.017, t5=6.033, t6=6.023, t7=6.014 | max_across_ranks=6.036               2990.04     373.75     skip  chunk_size=2048, tokens(original/padded)=131072/131072, overlap_degree=2; dispatch excluded; performance-only; forward preparation excluded from backward timing
zeppelin                            - t0=6.180, t1=5.731, t2=5.225, t3=5.045, t4=4.921, t5=4.872, t6=4.834, t7=4.378 | max_across_ranks=6.180               2920.39     365.05     skip  L=4096; final_s0=256; iterations=11; G1=103,G3=1,G4=1; padding=2; physical rank token loads=[18944,17664,16128,15104,15190,14678,14422,18944]; in-repo min_fa3 fallback; tokens(original/aligned)=131072/131074, padding=2 tokens; aligned-length Agg TFLOPS=2920.60, Avg/GPU=365.08
mega_ring_all_cp                128:4 t0=11.700, t1=11.706, t2=11.535, t3=11.525, t4=11.459, t5=11.438, t6=11.327, t7=11.283 | max_across_ranks=11.706      1541.63     192.70     skip  all-CP fused mega-ring; remote reset excluded; workspace=reused, reset=timed, aux_grid=exact; tokens(original/aligned)=131072/274432, padding=143360 tokens; aligned-length Agg TFLOPS=2245.85, Avg/GPU=280.73
mega_ring_all_cp                124:8 t0=11.623, t1=11.630, t2=11.432, t3=11.390, t4=11.249, t5=11.210, t6=11.140, t7=11.029 | max_across_ranks=11.630      1551.81     193.98     skip  all-CP fused mega-ring; remote reset excluded; workspace=reused, reset=timed, aux_grid=exact; tokens(original/aligned)=131072/274432, padding=143360 tokens; aligned-length Agg TFLOPS=2260.69, Avg/GPU=282.59
mega_ring_all_cp               120:12 t0=11.830, t1=11.837, t2=11.586, t3=11.535, t4=11.435, t5=11.325, t6=11.210, t7=11.079 | max_across_ranks=11.837      1524.60     190.57     skip  all-CP fused mega-ring; remote reset excluded; workspace=reused, reset=timed, aux_grid=exact; tokens(original/aligned)=131072/274432, padding=143360 tokens; aligned-length Agg TFLOPS=2221.04, Avg/GPU=277.63
mega_ring_all_cp               116:16 t0=12.021, t1=12.028, t2=11.812, t3=11.752, t4=11.561, t5=11.476, t6=11.360, t7=11.216 | max_across_ranks=12.028      1500.45     187.56     skip  all-CP fused mega-ring; remote reset excluded; workspace=reused, reset=timed, aux_grid=exact; tokens(original/aligned)=131072/274432, padding=143360 tokens; aligned-length Agg TFLOPS=2185.86, Avg/GPU=273.23
mega_ring_hybrid                128:4 t0=5.234, t1=5.187, t2=5.106, t3=5.005, t4=5.272, t5=5.122, t6=5.081, t7=4.882 | max_across_ranks=5.329               3386.23     423.28     skip  hierarchical hybrid fused mega-ring; remote reset excluded; workspace=reused, reset=timed, aux_grid=exact
mega_ring_hybrid                124:8 t0=5.238, t1=5.252, t2=5.015, t3=5.041, t4=5.352, t5=5.185, t6=4.931, t7=4.881 | max_across_ranks=5.401               3341.28     417.66     skip  hierarchical hybrid fused mega-ring; remote reset excluded; workspace=reused, reset=timed, aux_grid=exact
mega_ring_hybrid               120:12 t0=5.321, t1=5.296, t2=5.059, t3=5.112, t4=5.458, t5=5.344, t6=4.977, t7=5.031 | max_across_ranks=5.458               3306.58     413.32     skip  hierarchical hybrid fused mega-ring; remote reset excluded; workspace=reused, reset=timed, aux_grid=exact
mega_ring_hybrid               116:16 t0=5.394, t1=5.471, t2=5.144, t3=5.133, t4=5.517, t5=5.419, t6=5.170, t7=5.099 | max_across_ranks=5.540               3257.86     407.23     skip  hierarchical hybrid fused mega-ring; remote reset excluded; workspace=reused, reset=timed, aux_grid=exact

Workload: dataset=pile, case=4/20, B=110, global_tokens=132096, global_seqlens=[34816, 6144, 768, 256, 256, 1536, 512, 1280, 1024, 768, 256, 256, 512, 256, 768, 768, 256, 256, 512, 1280, 768, 256, 256, 512, 1792, 256, 768, 1280, 512, 256, 4096, 768, 256, 256, 512, 768, 1024, 1280, 256, 512, 256, 2048, 256, 512, 768, 256, 512, 256, 768, 1536, 4096, 1024, 256, 1280, 512, 256, 512, 768, 256, 256, 512, 768, 4096, 1024, 256, 512, 1280, 1536, 256, 1024, 256, 2560, 1280, 512, 768, 256, 256, 512, 256, 2560, 768, 1024, 2048, 1280, 512, 256, 768, 256, 2560, 512, 256, 768, 1024, 256, 1280, 512, 512, 256, 1280, 768, 256, 2560, 512, 256, 768, 1024, 2048, 256, 1280, 512]
Mega-ring all-CP workload: alignment=2048, global_tokens=276480, global_seqlens=[34816, 6144, 2048, 2048, 2048, 2048, 2048, 2048, 2048, 2048, 2048, 2048, 2048, 2048, 2048, 2048, 2048, 2048, 2048, 2048, 2048, 2048, 2048, 2048, 2048, 2048, 2048, 2048, 2048, 2048, 4096, 2048, 2048, 2048, 2048, 2048, 2048, 2048, 2048, 2048, 2048, 2048, 2048, 2048, 2048, 2048, 2048, 2048, 2048, 2048, 4096, 2048, 2048, 2048, 2048, 2048, 2048, 2048, 2048, 2048, 2048, 2048, 4096, 2048, 2048, 2048, 2048, 2048, 2048, 2048, 2048, 4096, 2048, 2048, 2048, 2048, 2048, 2048, 2048, 4096, 2048, 2048, 2048, 2048, 2048, 2048, 2048, 2048, 4096, 2048, 2048, 2048, 2048, 2048, 2048, 2048, 2048, 2048, 2048, 2048, 2048, 4096, 2048, 2048, 2048, 2048, 2048, 2048, 2048, 2048]
Hybrid rings: sizes=[8, 2, 1, 1, 1, 1, 1, 1, 1, 1, 1, 1, 1, 1, 1, 1, 1, 1, 1, 1, 1, 1, 1, 1, 1, 1, 1, 1, 1, 1, 1, 1, 1, 1, 1, 1, 1, 1, 1, 1, 1, 1, 1, 1, 1, 1, 1, 1, 1, 1, 1, 1, 1, 1, 1, 1, 1, 1, 1, 1, 1, 1, 1, 1, 1, 1, 1, 1, 1, 1, 1, 1, 1, 1, 1, 1, 1, 1, 1, 1, 1, 1, 1, 1, 1, 1, 1, 1, 1, 1, 1, 1, 1, 1, 1, 1, 1, 1, 1, 1, 1, 1, 1, 1, 1, 1, 1, 1, 1, 1], starts=[0, 0, 0, 0, 0, 0, 0, 0, 0, 0, 0, 0, 0, 0, 0, 1, 1, 1, 1, 1, 1, 1, 1, 1, 1, 1, 1, 1, 2, 2, 2, 2, 2, 2, 2, 2, 2, 2, 2, 2, 2, 2, 3, 3, 3, 3, 3, 3, 3, 3, 3, 3, 3, 3, 3, 4, 4, 4, 4, 4, 4, 4, 4, 4, 4, 4, 4, 4, 5, 5, 5, 5, 5, 5, 5, 5, 5, 5, 5, 5, 5, 5, 6, 6, 6, 6, 6, 6, 6, 6, 6, 6, 6, 6, 6, 6, 7, 7, 7, 7, 7, 7, 7, 7, 7, 7, 7, 7, 7, 7]
Zeppelin placement: L=4096, final_s0=256, iterations=10, groups=[7, 1, 1, 1, 1, 1, 1, 1, 1, 1, 1, 1, 1, 1, 1, 1, 1, 1, 1, 1, 1, 1, 1, 1, 1, 1, 1, 1, 1, 1, 1, 1, 1, 1, 1, 1, 1, 1, 1, 1, 1, 1, 1, 1, 1, 1, 1, 1, 1, 1, 1, 1, 1, 1, 1, 1, 1, 1, 1, 1, 1, 1, 1, 1, 1, 1, 1, 1, 1, 1, 1, 1, 1, 1, 1, 1, 1, 1, 1, 1, 1, 1, 1, 1, 1, 1, 1, 1, 1, 1, 1, 1, 1, 1, 1, 1, 1, 1, 1, 1, 1, 1, 1, 1, 1, 1, 1, 1, 1, 1], execution_lengths=[34818, 6144, 768, 256, 256, 1536, 512, 1280, 1024, 768, 256, 256, 512, 256, 768, 768, 256, 256, 512, 1280, 768, 256, 256, 512, 1792, 256, 768, 1280, 512, 256, 4096, 768, 256, 256, 512, 768, 1024, 1280, 256, 512, 256, 2048, 256, 512, 768, 256, 512, 256, 768, 1536, 4096, 1024, 256, 1280, 512, 256, 512, 768, 256, 256, 512, 768, 4096, 1024, 256, 512, 1280, 1536, 256, 1024, 256, 2560, 1280, 512, 768, 256, 256, 512, 256, 2560, 768, 1024, 2048, 1280, 512, 256, 768, 256, 2560, 512, 256, 768, 1024, 256, 1280, 512, 512, 256, 1280, 768, 256, 2560, 512, 256, 768, 1024, 2048, 256, 1280, 512], padding=2, physical_rank_token_loads=[18542, 18030, 17774, 15726, 15470, 15470, 15214, 15872]
Timing excludes forward preparation, opaque-workspace construction, owner-accumulator reset, and the pre-launch distributed barrier; reused step-workspace reset and method-internal phase barriers are included; reported time is the average of the per-iteration max-rank end-to-end backward op times.
Method                      Comp:Comm Time ms                                                                                                            Agg TFLOPS    Avg/GPU    Check  Note
allgather_attention                 - t0=16.206, t1=16.213, t2=16.203, t3=16.194, t4=16.181, t5=16.175, t6=16.184, t7=16.197 | max_across_ranks=16.217      1760.92     220.12     skip  per-sequence KV-head-sharded all-gather (2 KVH/chunk, comm/compute overlap); in-repo min_fa3 fallback; zigzag causal
llama3_allgather_attention          - t0=19.831, t1=19.848, t2=19.866, t3=19.886, t4=19.872, t5=19.854, t6=19.837, t7=19.817 | max_across_ranks=19.886      1435.97     179.50     skip  whole-packed zigzag KV-head-sharded all-gather (2 KVH/chunk, comm/compute overlap); in-repo min_fa3 fallback; causal
fa3_ring                            - t0=21.005, t1=21.007, t2=20.886, t3=20.832, t4=20.758, t5=20.781, t6=20.840, t7=20.984 | max_across_ranks=21.007      1359.34     169.92     skip  NCCL zigzag ring; in-repo min_fa3 fallback block backward
megatron_hybrid_cp                  - t0=9.097, t1=9.199, t2=9.208, t3=9.334, t4=9.660, t5=9.688, t6=9.553, t7=9.663 | max_across_ranks=9.688               2947.46     368.43     skip  Megatron scheduler; 2 execution groups; P2P ring; in-repo min_fa3 fallback; forward-order phase replay; complete forward preparation excluded from backward timing; tokens(original/aligned)=132096/132096, padding=0 tokens; aligned-length Agg TFLOPS=2947.46, Avg/GPU=368.43
magi_attention                      - t0=9.038, t1=9.065, t2=8.973, t3=9.016, t4=9.034, t5=9.029, t6=9.041, t7=9.058 | max_across_ranks=9.072               3147.66     393.46     skip  chunk_size=2064, tokens(original/padded)=132096/132096, overlap_degree=2; dispatch excluded; performance-only; forward preparation excluded from backward timing
zeppelin                            - t0=9.339, t1=9.346, t2=9.327, t3=8.885, t4=8.847, t5=8.833, t6=8.774, t7=2.201 | max_across_ranks=9.364               3049.65     381.21     skip  L=4096; final_s0=256; iterations=10; G1=109,G7=1; padding=2; physical rank token loads=[18542,18030,17774,15726,15470,15470,15214,15872]; in-repo min_fa3 fallback; tokens(original/aligned)=132096/132098, padding=2 tokens; aligned-length Agg TFLOPS=3049.96, Avg/GPU=381.24
mega_ring_all_cp                128:4 t0=14.102, t1=14.186, t2=14.055, t3=14.044, t4=13.847, t5=13.760, t6=13.838, t7=13.729 | max_across_ranks=14.264      2001.99     250.25     skip  all-CP fused mega-ring; remote reset excluded; workspace=reused, reset=timed, aux_grid=exact; tokens(original/aligned)=132096/276480, padding=144384 tokens; aligned-length Agg TFLOPS=2571.85, Avg/GPU=321.48
mega_ring_all_cp                124:8 t0=13.832, t1=13.838, t2=13.674, t3=13.672, t4=13.534, t5=13.238, t6=13.171, t7=13.181 | max_across_ranks=13.859      2060.54     257.57     skip  all-CP fused mega-ring; remote reset excluded; workspace=reused, reset=timed, aux_grid=exact; tokens(original/aligned)=132096/276480, padding=144384 tokens; aligned-length Agg TFLOPS=2647.08, Avg/GPU=330.88
mega_ring_all_cp               120:12 t0=14.348, t1=14.370, t2=14.115, t3=14.037, t4=13.875, t5=13.637, t6=13.581, t7=13.351 | max_across_ranks=14.382      1985.49     248.19     skip  all-CP fused mega-ring; remote reset excluded; workspace=reused, reset=timed, aux_grid=exact; tokens(original/aligned)=132096/276480, padding=144384 tokens; aligned-length Agg TFLOPS=2550.65, Avg/GPU=318.83
mega_ring_all_cp               116:16 t0=14.324, t1=14.331, t2=14.180, t3=14.231, t4=14.012, t5=13.713, t6=13.663, t7=13.467 | max_across_ranks=14.358      1988.92     248.61     skip  all-CP fused mega-ring; remote reset excluded; workspace=reused, reset=timed, aux_grid=exact; tokens(original/aligned)=132096/276480, padding=144384 tokens; aligned-length Agg TFLOPS=2555.06, Avg/GPU=319.38
mega_ring_hybrid                128:4 t0=7.815, t1=8.046, t2=7.887, t3=7.755, t4=7.708, t5=7.500, t6=7.514, t7=7.304 | max_across_ranks=8.085               3531.86     441.48     skip  hierarchical hybrid fused mega-ring; remote reset excluded; workspace=reused, reset=timed, aux_grid=exact
mega_ring_hybrid                124:8 t0=7.798, t1=7.951, t2=7.790, t3=7.631, t4=7.445, t5=7.282, t6=7.152, t7=7.099 | max_across_ranks=7.951               3591.56     448.95     skip  hierarchical hybrid fused mega-ring; remote reset excluded; workspace=reused, reset=timed, aux_grid=exact
mega_ring_hybrid               120:12 t0=7.864, t1=7.985, t2=7.780, t3=7.751, t4=7.666, t5=7.540, t6=7.343, t7=7.280 | max_across_ranks=7.986               3575.75     446.97     skip  hierarchical hybrid fused mega-ring; remote reset excluded; workspace=reused, reset=timed, aux_grid=exact
mega_ring_hybrid               116:16 t0=8.141, t1=8.165, t2=8.049, t3=7.961, t4=7.928, t5=7.812, t6=7.586, t7=7.497 | max_across_ranks=8.177               3492.44     436.55     skip  hierarchical hybrid fused mega-ring; remote reset excluded; workspace=reused, reset=timed, aux_grid=exact

Workload: dataset=pile, case=5/20, B=102, global_tokens=131072, global_seqlens=[16384, 10240, 7168, 7168, 8192, 7168, 4096, 1280, 256, 512, 1024, 256, 1280, 512, 256, 768, 1024, 256, 256, 256, 768, 512, 256, 256, 1536, 1024, 4096, 512, 1280, 768, 256, 256, 256, 512, 256, 3072, 1536, 512, 256, 768, 256, 1280, 1024, 256, 512, 2048, 1792, 256, 1536, 512, 768, 256, 3072, 512, 256, 1280, 1024, 256, 768, 256, 512, 768, 1792, 256, 1024, 1536, 512, 256, 768, 256, 512, 256, 768, 1536, 256, 1024, 256, 1792, 512, 768, 256, 256, 256, 512, 256, 768, 256, 512, 768, 256, 1280, 256, 256, 512, 256, 768, 256, 512, 768, 256, 1280, 256]
Mega-ring all-CP workload: alignment=2048, global_tokens=264192, global_seqlens=[16384, 10240, 8192, 8192, 8192, 8192, 4096, 2048, 2048, 2048, 2048, 2048, 2048, 2048, 2048, 2048, 2048, 2048, 2048, 2048, 2048, 2048, 2048, 2048, 2048, 2048, 4096, 2048, 2048, 2048, 2048, 2048, 2048, 2048, 2048, 4096, 2048, 2048, 2048, 2048, 2048, 2048, 2048, 2048, 2048, 2048, 2048, 2048, 2048, 2048, 2048, 2048, 4096, 2048, 2048, 2048, 2048, 2048, 2048, 2048, 2048, 2048, 2048, 2048, 2048, 2048, 2048, 2048, 2048, 2048, 2048, 2048, 2048, 2048, 2048, 2048, 2048, 2048, 2048, 2048, 2048, 2048, 2048, 2048, 2048, 2048, 2048, 2048, 2048, 2048, 2048, 2048, 2048, 2048, 2048, 2048, 2048, 2048, 2048, 2048, 2048, 2048]
Hybrid rings: sizes=[4, 2, 2, 2, 2, 2, 1, 1, 1, 1, 1, 1, 1, 1, 1, 1, 1, 1, 1, 1, 1, 1, 1, 1, 1, 1, 1, 1, 1, 1, 1, 1, 1, 1, 1, 1, 1, 1, 1, 1, 1, 1, 1, 1, 1, 1, 1, 1, 1, 1, 1, 1, 1, 1, 1, 1, 1, 1, 1, 1, 1, 1, 1, 1, 1, 1, 1, 1, 1, 1, 1, 1, 1, 1, 1, 1, 1, 1, 1, 1, 1, 1, 1, 1, 1, 1, 1, 1, 1, 1, 1, 1, 1, 1, 1, 1, 1, 1, 1, 1, 1, 1], starts=[0, 4, 4, 6, 6, 6, 0, 0, 0, 0, 0, 0, 0, 0, 0, 0, 0, 0, 0, 1, 1, 1, 1, 1, 1, 1, 1, 1, 1, 1, 1, 1, 1, 2, 2, 2, 2, 2, 2, 2, 2, 2, 2, 2, 2, 2, 3, 3, 3, 3, 3, 3, 3, 3, 3, 3, 3, 3, 3, 4, 4, 4, 4, 4, 4, 4, 4, 4, 4, 4, 5, 5, 5, 5, 5, 5, 5, 5, 5, 5, 5, 5, 6, 6, 6, 6, 6, 6, 6, 6, 6, 6, 7, 7, 7, 7, 7, 7, 7, 7, 7, 7]
Zeppelin placement: L=4096, final_s0=256, iterations=10, groups=[4, 2, 1, 1, 1, 1, 1, 1, 1, 1, 1, 1, 1, 1, 1, 1, 1, 1, 1, 1, 1, 1, 1, 1, 1, 1, 1, 1, 1, 1, 1, 1, 1, 1, 1, 1, 1, 1, 1, 1, 1, 1, 1, 1, 1, 1, 1, 1, 1, 1, 1, 1, 1, 1, 1, 1, 1, 1, 1, 1, 1, 1, 1, 1, 1, 1, 1, 1, 1, 1, 1, 1, 1, 1, 1, 1, 1, 1, 1, 1, 1, 1, 1, 1, 1, 1, 1, 1, 1, 1, 1, 1, 1, 1, 1, 1, 1, 1, 1, 1, 1, 1], execution_lengths=[16384, 10240, 7168, 7168, 8192, 7168, 4096, 1280, 256, 512, 1024, 256, 1280, 512, 256, 768, 1024, 256, 256, 256, 768, 512, 256, 256, 1536, 1024, 4096, 512, 1280, 768, 256, 256, 256, 512, 256, 3072, 1536, 512, 256, 768, 256, 1280, 1024, 256, 512, 2048, 1792, 256, 1536, 512, 768, 256, 3072, 512, 256, 1280, 1024, 256, 768, 256, 512, 768, 1792, 256, 1024, 1536, 512, 256, 768, 256, 512, 256, 768, 1536, 256, 1024, 256, 1792, 512, 768, 256, 256, 256, 512, 256, 768, 256, 512, 768, 256, 1280, 256, 256, 512, 256, 768, 256, 512, 768, 256, 1280, 256], padding=0, physical_rank_token_loads=[19200, 19200, 15616, 15360, 15104, 14848, 16640, 15104]
Timing excludes forward preparation, opaque-workspace construction, owner-accumulator reset, and the pre-launch distributed barrier; reused step-workspace reset and method-internal phase barriers are included; reported time is the average of the per-iteration max-rank end-to-end backward op times.
Method                      Comp:Comm Time ms                                                                                                            Agg TFLOPS    Avg/GPU    Check  Note
allgather_attention                 - t0=10.996, t1=10.992, t2=10.993, t3=11.005, t4=11.015, t5=11.016, t6=11.015, t7=11.006 | max_across_ranks=11.027      1312.58     164.07     skip  per-sequence KV-head-sharded all-gather (2 KVH/chunk, comm/compute overlap); in-repo min_fa3 fallback; zigzag causal
llama3_allgather_attention          - t0=9.634, t1=9.652, t2=9.638, t3=9.622, t4=9.604, t5=9.589, t6=9.599, t7=9.615 | max_across_ranks=9.652               1499.58     187.45     skip  whole-packed zigzag KV-head-sharded all-gather (2 KVH/chunk, comm/compute overlap); in-repo min_fa3 fallback; causal
fa3_ring                            - t0=20.577, t1=20.580, t2=19.401, t3=19.732, t4=19.921, t5=20.171, t6=20.372, t7=20.555 | max_across_ranks=20.580       703.29      87.91     skip  NCCL zigzag ring; in-repo min_fa3 fallback block backward
megatron_hybrid_cp                  - t0=5.504, t1=5.510, t2=2.414, t3=2.420, t4=4.509, t5=4.623, t6=4.569, t7=4.594 | max_across_ranks=5.514               2624.94     328.12     skip  Megatron scheduler; 1 execution groups; P2P ring; in-repo min_fa3 fallback; forward-order phase replay; complete forward preparation excluded from backward timing; tokens(original/aligned)=131072/131072, padding=0 tokens; aligned-length Agg TFLOPS=2624.94, Avg/GPU=328.12
magi_attention                      - t0=5.158, t1=5.173, t2=5.138, t3=5.115, t4=5.152, t5=5.109, t6=5.134, t7=5.201 | max_across_ranks=5.201               2782.77     347.85     skip  chunk_size=2048, tokens(original/padded)=131072/131072, overlap_degree=2; dispatch excluded; performance-only; forward preparation excluded from backward timing
zeppelin                            - t0=5.837, t1=5.981, t2=4.593, t3=4.566, t4=3.343, t5=3.339, t6=3.053, t7=2.506 | max_across_ranks=5.983               2419.23     302.40     skip  L=4096; final_s0=256; iterations=10; G1=100,G2=1,G4=1; padding=0; physical rank token loads=[19200,19200,15616,15360,15104,14848,16640,15104]; in-repo min_fa3 fallback; tokens(original/aligned)=131072/131072, padding=0 tokens; aligned-length Agg TFLOPS=2419.23, Avg/GPU=302.40
mega_ring_all_cp                128:4 t0=10.741, t1=10.746, t2=10.624, t3=10.605, t4=10.509, t5=10.497, t6=10.429, t7=10.380 | max_across_ranks=10.746      1346.91     168.36     skip  all-CP fused mega-ring; remote reset excluded; workspace=reused, reset=timed, aux_grid=exact; tokens(original/aligned)=131072/264192, padding=133120 tokens; aligned-length Agg TFLOPS=2086.81, Avg/GPU=260.85
mega_ring_all_cp                124:8 t0=10.555, t1=10.561, t2=10.403, t3=10.385, t4=10.248, t5=10.219, t6=10.136, t7=10.076 | max_across_ranks=10.561      1370.49     171.31     skip  all-CP fused mega-ring; remote reset excluded; workspace=reused, reset=timed, aux_grid=exact; tokens(original/aligned)=131072/264192, padding=133120 tokens; aligned-length Agg TFLOPS=2123.35, Avg/GPU=265.42
mega_ring_all_cp               120:12 t0=10.778, t1=10.784, t2=10.595, t3=10.587, t4=10.366, t5=10.332, t6=10.270, t7=10.159 | max_across_ranks=10.784      1342.23     167.78     skip  all-CP fused mega-ring; remote reset excluded; workspace=reused, reset=timed, aux_grid=exact; tokens(original/aligned)=131072/264192, padding=133120 tokens; aligned-length Agg TFLOPS=2079.56, Avg/GPU=259.95
mega_ring_all_cp               116:16 t0=10.962, t1=10.968, t2=10.780, t3=10.731, t4=10.534, t5=10.485, t6=10.369, t7=10.269 | max_across_ranks=10.968      1319.63     164.95     skip  all-CP fused mega-ring; remote reset excluded; workspace=reused, reset=timed, aux_grid=exact; tokens(original/aligned)=131072/264192, padding=133120 tokens; aligned-length Agg TFLOPS=2044.55, Avg/GPU=255.57
mega_ring_hybrid                128:4 t0=4.293, t1=4.291, t2=4.143, t3=4.108, t4=4.097, t5=4.189, t6=4.214, t7=4.131 | max_across_ranks=4.314               3354.85     419.36     skip  hierarchical hybrid fused mega-ring; remote reset excluded; workspace=reused, reset=timed, aux_grid=exact
mega_ring_hybrid                124:8 t0=4.309, t1=4.328, t2=4.163, t3=4.098, t4=4.030, t5=4.031, t6=4.198, t7=4.154 | max_across_ranks=4.337               3337.25     417.16     skip  hierarchical hybrid fused mega-ring; remote reset excluded; workspace=reused, reset=timed, aux_grid=exact
mega_ring_hybrid               120:12 t0=4.287, t1=4.347, t2=4.225, t3=4.088, t4=4.075, t5=4.110, t6=4.243, t7=4.201 | max_across_ranks=4.348               3329.00     416.13     skip  hierarchical hybrid fused mega-ring; remote reset excluded; workspace=reused, reset=timed, aux_grid=exact
mega_ring_hybrid               116:16 t0=4.372, t1=4.417, t2=4.316, t3=4.173, t4=4.141, t5=4.162, t6=4.358, t7=4.350 | max_across_ranks=4.420               3274.56     409.32     skip  hierarchical hybrid fused mega-ring; remote reset excluded; workspace=reused, reset=timed, aux_grid=exact

Workload: dataset=pile, case=6/20, B=83, global_tokens=131072, global_seqlens=[57344, 12288, 768, 256, 1280, 512, 1024, 256, 768, 256, 512, 256, 768, 256, 512, 1536, 1024, 256, 768, 256, 512, 256, 1280, 256, 256, 256, 1024, 1280, 512, 256, 768, 256, 1280, 512, 1024, 256, 768, 256, 1024, 256, 512, 256, 256, 768, 256, 256, 512, 6144, 256, 768, 256, 256, 1024, 1536, 3072, 512, 256, 256, 1024, 768, 256, 256, 256, 3072, 1536, 1024, 512, 256, 1024, 256, 768, 256, 512, 256, 1536, 768, 256, 1536, 2560, 1024, 256, 512, 256]
Mega-ring all-CP workload: alignment=2048, global_tokens=245760, global_seqlens=[57344, 12288, 2048, 2048, 2048, 2048, 2048, 2048, 2048, 2048, 2048, 2048, 2048, 2048, 2048, 2048, 2048, 2048, 2048, 2048, 2048, 2048, 2048, 2048, 2048, 2048, 2048, 2048, 2048, 2048, 2048, 2048, 2048, 2048, 2048, 2048, 2048, 2048, 2048, 2048, 2048, 2048, 2048, 2048, 2048, 2048, 2048, 6144, 2048, 2048, 2048, 2048, 2048, 2048, 4096, 2048, 2048, 2048, 2048, 2048, 2048, 2048, 2048, 4096, 2048, 2048, 2048, 2048, 2048, 2048, 2048, 2048, 2048, 2048, 2048, 2048, 2048, 2048, 4096, 2048, 2048, 2048, 2048]
Hybrid rings: sizes=[8, 4, 1, 1, 1, 1, 1, 1, 1, 1, 1, 1, 1, 1, 1, 1, 1, 1, 1, 1, 1, 1, 1, 1, 1, 1, 1, 1, 1, 1, 1, 1, 1, 1, 1, 1, 1, 1, 1, 1, 1, 1, 1, 1, 1, 1, 1, 1, 1, 1, 1, 1, 1, 1, 1, 1, 1, 1, 1, 1, 1, 1, 1, 1, 1, 1, 1, 1, 1, 1, 1, 1, 1, 1, 1, 1, 1, 1, 1, 1, 1, 1, 1], starts=[0, 0, 0, 0, 0, 0, 0, 0, 0, 0, 0, 0, 1, 1, 1, 1, 1, 1, 1, 1, 1, 1, 2, 2, 2, 2, 2, 2, 2, 2, 2, 2, 3, 3, 3, 3, 3, 3, 3, 3, 3, 3, 4, 4, 4, 4, 4, 4, 4, 4, 5, 5, 5, 5, 5, 5, 5, 5, 5, 5, 5, 6, 6, 6, 6, 6, 6, 6, 6, 6, 6, 6, 7, 7, 7, 7, 7, 7, 7, 7, 7, 7, 7]
Zeppelin placement: L=4096, final_s0=256, iterations=9, groups=[8, 1, 1, 1, 1, 1, 1, 1, 1, 1, 1, 1, 1, 1, 1, 1, 1, 1, 1, 1, 1, 1, 1, 1, 1, 1, 1, 1, 1, 1, 1, 1, 1, 1, 1, 1, 1, 1, 1, 1, 1, 1, 1, 1, 1, 1, 1, 1, 1, 1, 1, 1, 1, 1, 1, 1, 1, 1, 1, 1, 1, 1, 1, 1, 1, 1, 1, 1, 1, 1, 1, 1, 1, 1, 1, 1, 1, 1, 1, 1, 1, 1, 1], execution_lengths=[57344, 12288, 768, 256, 1280, 512, 1024, 256, 768, 256, 512, 256, 768, 256, 512, 1536, 1024, 256, 768, 256, 512, 256, 1280, 256, 256, 256, 1024, 1280, 512, 256, 768, 256, 1280, 512, 1024, 256, 768, 256, 1024, 256, 512, 256, 256, 768, 256, 256, 512, 6144, 256, 768, 256, 256, 1024, 1536, 3072, 512, 256, 256, 1024, 768, 256, 256, 256, 3072, 1536, 1024, 512, 256, 1024, 256, 768, 256, 512, 256, 1536, 768, 256, 1536, 2560, 1024, 256, 512, 256], padding=0, physical_rank_token_loads=[25344, 19200, 15616, 15360, 14848, 13824, 13568, 13312]
Timing excludes forward preparation, opaque-workspace construction, owner-accumulator reset, and the pre-launch distributed barrier; reused step-workspace reset and method-internal phase barriers are included; reported time is the average of the per-iteration max-rank end-to-end backward op times.
Method                      Comp:Comm Time ms                                                                                                            Agg TFLOPS    Avg/GPU    Check  Note
allgather_attention                 - t0=25.758, t1=25.767, t2=25.767, t3=25.766, t4=25.752, t5=25.744, t6=25.740, t7=25.743 | max_across_ranks=25.781      2814.76     351.85     skip  per-sequence KV-head-sharded all-gather (2 KVH/chunk, comm/compute overlap); in-repo min_fa3 fallback; zigzag causal
llama3_allgather_attention          - t0=33.673, t1=33.656, t2=33.636, t3=33.649, t4=33.670, t5=33.688, t6=33.706, t7=33.691 | max_across_ranks=33.707      2152.96     269.12     skip  whole-packed zigzag KV-head-sharded all-gather (2 KVH/chunk, comm/compute overlap); in-repo min_fa3 fallback; causal
fa3_ring                            - t0=33.511, t1=33.514, t2=33.186, t3=33.122, t4=32.577, t5=32.981, t6=33.306, t7=33.490 | max_across_ranks=33.514      2165.33     270.67     skip  NCCL zigzag ring; in-repo min_fa3 fallback block backward
megatron_hybrid_cp                  - t0=20.296, t1=20.301, t2=18.329, t3=18.224, t4=18.236, t5=18.467, t6=18.563, t7=18.550 | max_across_ranks=20.303      3574.22     446.78     skip  Megatron scheduler; 2 execution groups; P2P ring; in-repo min_fa3 fallback; forward-order phase replay; complete forward preparation excluded from backward timing; tokens(original/aligned)=131072/131072, padding=0 tokens; aligned-length Agg TFLOPS=3574.22, Avg/GPU=446.78
magi_attention                      - t0=20.180, t1=20.243, t2=20.210, t3=20.208, t4=20.203, t5=20.180, t6=20.197, t7=20.261 | max_across_ranks=20.265      3581.08     447.63     skip  chunk_size=2048, tokens(original/padded)=131072/131072, overlap_degree=2; dispatch excluded; performance-only; forward preparation excluded from backward timing
zeppelin                            - t0=23.290, t1=19.046, t2=17.983, t3=17.731, t4=17.566, t5=17.229, t6=17.152, t7=16.935 | max_across_ranks=23.290      3115.88     389.49     skip  L=4096; final_s0=256; iterations=9; G1=82,G8=1; padding=0; physical rank token loads=[25344,19200,15616,15360,14848,13824,13568,13312]; in-repo min_fa3 fallback; tokens(original/aligned)=131072/131072, padding=0 tokens; aligned-length Agg TFLOPS=3115.88, Avg/GPU=389.49
mega_ring_all_cp                128:4 t0=22.442, t1=22.432, t2=22.539, t3=22.378, t4=22.102, t5=21.854, t6=21.826, t7=21.829 | max_across_ranks=22.829      3178.76     397.35     skip  all-CP fused mega-ring; remote reset excluded; workspace=reused, reset=timed, aux_grid=exact; tokens(original/aligned)=131072/245760, padding=114688 tokens; aligned-length Agg TFLOPS=3454.37, Avg/GPU=431.80
mega_ring_all_cp                124:8 t0=22.498, t1=22.553, t2=22.439, t3=22.310, t4=22.254, t5=22.002, t6=21.917, t7=21.745 | max_across_ranks=22.760      3188.48     398.56     skip  all-CP fused mega-ring; remote reset excluded; workspace=reused, reset=timed, aux_grid=exact; tokens(original/aligned)=131072/245760, padding=114688 tokens; aligned-length Agg TFLOPS=3464.92, Avg/GPU=433.12
mega_ring_all_cp               120:12 t0=22.946, t1=22.975, t2=22.844, t3=22.596, t4=22.495, t5=22.229, t6=22.180, t7=21.880 | max_across_ranks=23.000      3155.13     394.39     skip  all-CP fused mega-ring; remote reset excluded; workspace=reused, reset=timed, aux_grid=exact; tokens(original/aligned)=131072/245760, padding=114688 tokens; aligned-length Agg TFLOPS=3428.68, Avg/GPU=428.59
mega_ring_all_cp               116:16 t0=23.341, t1=23.398, t2=23.312, t3=22.957, t4=22.920, t5=22.625, t6=22.562, t7=22.319 | max_across_ranks=23.445      3095.33     386.92     skip  all-CP fused mega-ring; remote reset excluded; workspace=reused, reset=timed, aux_grid=exact; tokens(original/aligned)=131072/245760, padding=114688 tokens; aligned-length Agg TFLOPS=3363.70, Avg/GPU=420.46
mega_ring_hybrid                128:4 t0=17.867, t1=17.800, t2=17.713, t3=17.767, t4=17.317, t5=17.042, t6=16.173, t7=16.078 | max_across_ranks=17.989      4034.08     504.26     skip  hierarchical hybrid fused mega-ring; remote reset excluded; workspace=reused, reset=timed, aux_grid=exact
mega_ring_hybrid                124:8 t0=18.135, t1=18.120, t2=18.132, t3=18.256, t4=17.908, t5=17.757, t6=16.646, t7=16.409 | max_across_ranks=18.281      3969.63     496.20     skip  hierarchical hybrid fused mega-ring; remote reset excluded; workspace=reused, reset=timed, aux_grid=exact
mega_ring_hybrid               120:12 t0=18.619, t1=18.599, t2=18.613, t3=18.583, t4=17.973, t5=17.871, t6=16.979, t7=16.871 | max_across_ranks=18.729      3874.70     484.34     skip  hierarchical hybrid fused mega-ring; remote reset excluded; workspace=reused, reset=timed, aux_grid=exact
mega_ring_hybrid               116:16 t0=18.947, t1=19.040, t2=18.984, t3=18.895, t4=18.184, t5=18.054, t6=17.300, t7=17.034 | max_across_ranks=19.077      3804.01     475.50     skip  hierarchical hybrid fused mega-ring; remote reset excluded; workspace=reused, reset=timed, aux_grid=exact

Workload: dataset=pile, case=7/20, B=112, global_tokens=131072, global_seqlens=[8192, 12288, 22528, 5120, 5120, 768, 512, 1536, 512, 256, 256, 768, 512, 256, 1024, 256, 512, 1280, 1024, 512, 256, 512, 256, 768, 1024, 512, 256, 1536, 1024, 256, 512, 1280, 256, 256, 768, 256, 1024, 512, 256, 768, 1024, 1280, 512, 256, 512, 1280, 256, 512, 256, 768, 1024, 512, 256, 1024, 256, 512, 1280, 768, 256, 3584, 512, 256, 1024, 512, 768, 1280, 256, 1024, 256, 512, 256, 768, 2560, 256, 1792, 768, 512, 1024, 256, 256, 1024, 768, 512, 256, 256, 768, 256, 768, 256, 1024, 512, 1792, 256, 2560, 1024, 768, 256, 512, 256, 256, 512, 512, 256, 2048, 256, 768, 1024, 512, 256, 2048, 1024, 1280]
Mega-ring all-CP workload: alignment=2048, global_tokens=280576, global_seqlens=[8192, 12288, 22528, 6144, 6144, 2048, 2048, 2048, 2048, 2048, 2048, 2048, 2048, 2048, 2048, 2048, 2048, 2048, 2048, 2048, 2048, 2048, 2048, 2048, 2048, 2048, 2048, 2048, 2048, 2048, 2048, 2048, 2048, 2048, 2048, 2048, 2048, 2048, 2048, 2048, 2048, 2048, 2048, 2048, 2048, 2048, 2048, 2048, 2048, 2048, 2048, 2048, 2048, 2048, 2048, 2048, 2048, 2048, 2048, 4096, 2048, 2048, 2048, 2048, 2048, 2048, 2048, 2048, 2048, 2048, 2048, 2048, 4096, 2048, 2048, 2048, 2048, 2048, 2048, 2048, 2048, 2048, 2048, 2048, 2048, 2048, 2048, 2048, 2048, 2048, 2048, 2048, 2048, 4096, 2048, 2048, 2048, 2048, 2048, 2048, 2048, 2048, 2048, 2048, 2048, 2048, 2048, 2048, 2048, 2048, 2048, 2048]
Hybrid rings: sizes=[8, 8, 8, 2, 2, 1, 1, 1, 1, 1, 1, 1, 1, 1, 1, 1, 1, 1, 1, 1, 1, 1, 1, 1, 1, 1, 1, 1, 1, 1, 1, 1, 1, 1, 1, 1, 1, 1, 1, 1, 1, 1, 1, 1, 1, 1, 1, 1, 1, 1, 1, 1, 1, 1, 1, 1, 1, 1, 1, 1, 1, 1, 1, 1, 1, 1, 1, 1, 1, 1, 1, 1, 1, 1, 1, 1, 1, 1, 1, 1, 1, 1, 1, 1, 1, 1, 1, 1, 1, 1, 1, 1, 1, 1, 1, 1, 1, 1, 1, 1, 1, 1, 1, 1, 1, 1, 1, 1, 1, 1, 1, 1], starts=[0, 0, 0, 0, 2, 0, 0, 0, 0, 0, 0, 0, 0, 0, 0, 0, 0, 0, 1, 1, 1, 1, 1, 1, 1, 1, 1, 1, 1, 1, 1, 2, 2, 2, 2, 2, 2, 2, 2, 2, 2, 2, 2, 2, 3, 3, 3, 3, 3, 3, 3, 3, 3, 3, 3, 3, 3, 4, 4, 4, 4, 4, 4, 4, 4, 4, 4, 4, 4, 4, 5, 5, 5, 5, 5, 5, 5, 5, 5, 5, 5, 5, 5, 5, 6, 6, 6, 6, 6, 6, 6, 6, 6, 6, 6, 6, 6, 6, 7, 7, 7, 7, 7, 7, 7, 7, 7, 7, 7, 7, 7, 7]
Zeppelin placement: L=4096, final_s0=256, iterations=11, groups=[1, 2, 5, 1, 1, 1, 1, 1, 1, 1, 1, 1, 1, 1, 1, 1, 1, 1, 1, 1, 1, 1, 1, 1, 1, 1, 1, 1, 1, 1, 1, 1, 1, 1, 1, 1, 1, 1, 1, 1, 1, 1, 1, 1, 1, 1, 1, 1, 1, 1, 1, 1, 1, 1, 1, 1, 1, 1, 1, 1, 1, 1, 1, 1, 1, 1, 1, 1, 1, 1, 1, 1, 1, 1, 1, 1, 1, 1, 1, 1, 1, 1, 1, 1, 1, 1, 1, 1, 1, 1, 1, 1, 1, 1, 1, 1, 1, 1, 1, 1, 1, 1, 1, 1, 1, 1, 1, 1, 1, 1, 1, 1], execution_lengths=[8192, 12288, 22530, 5120, 5120, 768, 512, 1536, 512, 256, 256, 768, 512, 256, 1024, 256, 512, 1280, 1024, 512, 256, 512, 256, 768, 1024, 512, 256, 1536, 1024, 256, 512, 1280, 256, 256, 768, 256, 1024, 512, 256, 768, 1024, 1280, 512, 256, 512, 1280, 256, 512, 256, 768, 1024, 512, 256, 1024, 256, 512, 1280, 768, 256, 3584, 512, 256, 1024, 512, 768, 1280, 256, 1024, 256, 512, 256, 768, 2560, 256, 1792, 768, 512, 1024, 256, 256, 1024, 768, 512, 256, 256, 768, 256, 768, 256, 1024, 512, 1792, 256, 2560, 1024, 768, 256, 512, 256, 256, 512, 512, 256, 2048, 256, 768, 1024, 512, 256, 2048, 1024, 1280], padding=2, physical_rank_token_loads=[18842, 18074, 16026, 14746, 14746, 15616, 15616, 17408]
Timing excludes forward preparation, opaque-workspace construction, owner-accumulator reset, and the pre-launch distributed barrier; reused step-workspace reset and method-internal phase barriers are included; reported time is the average of the per-iteration max-rank end-to-end backward op times.
Method                      Comp:Comm Time ms                                                                                                            Agg TFLOPS    Avg/GPU    Check  Note
allgather_attention                 - t0=12.601, t1=12.607, t2=12.614, t3=12.617, t4=12.606, t5=12.597, t6=12.590, t7=12.588 | max_across_ranks=12.626      1410.24     176.28     skip  per-sequence KV-head-sharded all-gather (2 KVH/chunk, comm/compute overlap); in-repo min_fa3 fallback; zigzag causal
llama3_allgather_attention          - t0=11.948, t1=11.958, t2=11.974, t3=11.989, t4=12.007, t5=11.995, t6=11.977, t7=11.961 | max_across_ranks=12.008      1482.84     185.35     skip  whole-packed zigzag KV-head-sharded all-gather (2 KVH/chunk, comm/compute overlap); in-repo min_fa3 fallback; causal
fa3_ring                            - t0=44.329, t1=44.346, t2=44.350, t3=42.603, t4=41.137, t5=39.583, t6=39.115, t7=44.132 | max_across_ranks=44.350       401.48      50.18     skip  NCCL zigzag ring; in-repo min_fa3 fallback block backward
megatron_hybrid_cp                  - t0=5.592, t1=5.591, t2=5.452, t3=5.579, t4=3.221, t5=3.228, t6=7.064, t7=7.679 | max_across_ranks=7.679               2318.78     289.85     skip  Megatron scheduler; 1 execution groups; P2P ring; in-repo min_fa3 fallback; forward-order phase replay; complete forward preparation excluded from backward timing; tokens(original/aligned)=131072/131072, padding=0 tokens; aligned-length Agg TFLOPS=2318.78, Avg/GPU=289.85
magi_attention                      - t0=5.967, t1=5.927, t2=5.888, t3=5.985, t4=5.973, t5=6.011, t6=5.924, t7=5.976 | max_across_ranks=6.012               2961.76     370.22     skip  chunk_size=2048, tokens(original/padded)=131072/131072, overlap_degree=2; dispatch excluded; performance-only; forward preparation excluded from backward timing
zeppelin                            - t0=6.767, t1=6.692, t2=6.110, t3=5.823, t4=5.843, t5=3.953, t6=3.958, t7=3.111 | max_across_ranks=6.767               2631.15     328.89     skip  L=4096; final_s0=256; iterations=11; G1=110,G2=1,G5=1; padding=2; physical rank token loads=[18842,18074,16026,14746,14746,15616,15616,17408]; in-repo min_fa3 fallback; tokens(original/aligned)=131072/131074, padding=2 tokens; aligned-length Agg TFLOPS=2631.42, Avg/GPU=328.93
mega_ring_all_cp                128:4 t0=11.977, t1=11.983, t2=11.834, t3=11.792, t4=11.746, t5=11.679, t6=11.648, t7=11.578 | max_across_ranks=11.983      1485.87     185.73     skip  all-CP fused mega-ring; remote reset excluded; workspace=reused, reset=timed, aux_grid=exact; tokens(original/aligned)=131072/280576, padding=149504 tokens; aligned-length Agg TFLOPS=2201.17, Avg/GPU=275.15
mega_ring_all_cp                124:8 t0=11.874, t1=11.885, t2=11.814, t3=11.819, t4=11.632, t5=11.443, t6=11.447, t7=11.352 | max_across_ranks=11.923      1493.39     186.67     skip  all-CP fused mega-ring; remote reset excluded; workspace=reused, reset=timed, aux_grid=exact; tokens(original/aligned)=131072/280576, padding=149504 tokens; aligned-length Agg TFLOPS=2212.32, Avg/GPU=276.54
mega_ring_all_cp               120:12 t0=12.089, t1=12.096, t2=11.908, t3=11.840, t4=11.691, t5=11.613, t6=11.574, t7=11.347 | max_across_ranks=12.098      1471.77     183.97     skip  all-CP fused mega-ring; remote reset excluded; workspace=reused, reset=timed, aux_grid=exact; tokens(original/aligned)=131072/280576, padding=149504 tokens; aligned-length Agg TFLOPS=2180.29, Avg/GPU=272.54
mega_ring_all_cp               116:16 t0=12.302, t1=12.309, t2=12.110, t3=12.043, t4=11.822, t5=11.735, t6=11.654, t7=11.473 | max_across_ranks=12.309      1446.49     180.81     skip  all-CP fused mega-ring; remote reset excluded; workspace=reused, reset=timed, aux_grid=exact; tokens(original/aligned)=131072/280576, padding=149504 tokens; aligned-length Agg TFLOPS=2142.83, Avg/GPU=267.85
mega_ring_hybrid                128:4 t0=5.537, t1=5.483, t2=5.452, t3=5.454, t4=5.205, t5=5.148, t6=5.109, t7=4.904 | max_across_ranks=5.603               3177.92     397.24     skip  hierarchical hybrid fused mega-ring; remote reset excluded; workspace=reused, reset=timed, aux_grid=exact
mega_ring_hybrid                124:8 t0=5.503, t1=5.493, t2=5.287, t3=5.335, t4=5.160, t5=5.051, t6=5.031, t7=4.882 | max_across_ranks=5.560               3202.57     400.32     skip  hierarchical hybrid fused mega-ring; remote reset excluded; workspace=reused, reset=timed, aux_grid=exact
mega_ring_hybrid               120:12 t0=5.610, t1=5.544, t2=5.516, t3=5.463, t4=5.264, t5=5.148, t6=5.002, t7=4.975 | max_across_ranks=5.627               3164.17     395.52     skip  hierarchical hybrid fused mega-ring; remote reset excluded; workspace=reused, reset=timed, aux_grid=exact
mega_ring_hybrid               116:16 t0=5.703, t1=5.622, t2=5.587, t3=5.539, t4=5.465, t5=5.356, t6=5.165, t7=5.136 | max_across_ranks=5.704               3121.52     390.19     skip  hierarchical hybrid fused mega-ring; remote reset excluded; workspace=reused, reset=timed, aux_grid=exact

Workload: dataset=pile, case=8/20, B=149, global_tokens=131072, global_seqlens=[6144, 5120, 256, 1024, 256, 512, 256, 2048, 768, 1280, 512, 256, 1280, 768, 256, 1024, 256, 512, 768, 256, 1024, 256, 256, 1024, 512, 256, 768, 1280, 1280, 256, 512, 256, 768, 1024, 256, 512, 768, 256, 2048, 1024, 512, 768, 1792, 512, 256, 512, 1024, 256, 768, 256, 512, 256, 768, 1024, 256, 512, 1536, 1536, 256, 768, 512, 256, 512, 1792, 256, 1536, 512, 768, 1280, 256, 256, 512, 768, 1024, 256, 1280, 512, 256, 768, 512, 256, 1792, 1536, 512, 256, 1024, 768, 256, 512, 256, 1536, 768, 1024, 4096, 256, 512, 512, 3584, 512, 256, 1024, 256, 512, 768, 1280, 256, 3072, 512, 1024, 256, 768, 256, 512, 1024, 256, 256, 768, 512, 1792, 256, 2560, 512, 1280, 256, 768, 256, 1024, 512, 768, 256, 1024, 3584, 768, 512, 3072, 3072, 256, 512, 1536, 1024, 768, 256, 1792, 256, 512, 768, 1024, 256, 512]
Mega-ring all-CP workload: alignment=2048, global_tokens=327680, global_seqlens=[6144, 6144, 2048, 2048, 2048, 2048, 2048, 2048, 2048, 2048, 2048, 2048, 2048, 2048, 2048, 2048, 2048, 2048, 2048, 2048, 2048, 2048, 2048, 2048, 2048, 2048, 2048, 2048, 2048, 2048, 2048, 2048, 2048, 2048, 2048, 2048, 2048, 2048, 2048, 2048, 2048, 2048, 2048, 2048, 2048, 2048, 2048, 2048, 2048, 2048, 2048, 2048, 2048, 2048, 2048, 2048, 2048, 2048, 2048, 2048, 2048, 2048, 2048, 2048, 2048, 2048, 2048, 2048, 2048, 2048, 2048, 2048, 2048, 2048, 2048, 2048, 2048, 2048, 2048, 2048, 2048, 2048, 2048, 2048, 2048, 2048, 2048, 2048, 2048, 2048, 2048, 2048, 2048, 4096, 2048, 2048, 2048, 4096, 2048, 2048, 2048, 2048, 2048, 2048, 2048, 2048, 4096, 2048, 2048, 2048, 2048, 2048, 2048, 2048, 2048, 2048, 2048, 2048, 2048, 2048, 4096, 2048, 2048, 2048, 2048, 2048, 2048, 2048, 2048, 2048, 2048, 4096, 2048, 2048, 4096, 4096, 2048, 2048, 2048, 2048, 2048, 2048, 2048, 2048, 2048, 2048, 2048, 2048, 2048]
Hybrid rings: sizes=[4, 4, 1, 1, 1, 1, 1, 1, 1, 1, 1, 1, 1, 1, 1, 1, 1, 1, 1, 1, 1, 1, 1, 1, 1, 1, 1, 1, 1, 1, 1, 1, 1, 1, 1, 1, 1, 1, 1, 1, 1, 1, 1, 1, 1, 1, 1, 1, 1, 1, 1, 1, 1, 1, 1, 1, 1, 1, 1, 1, 1, 1, 1, 1, 1, 1, 1, 1, 1, 1, 1, 1, 1, 1, 1, 1, 1, 1, 1, 1, 1, 1, 1, 1, 1, 1, 1, 1, 1, 1, 1, 1, 1, 1, 1, 1, 1, 1, 1, 1, 1, 1, 1, 1, 1, 1, 1, 1, 1, 1, 1, 1, 1, 1, 1, 1, 1, 1, 1, 1, 1, 1, 1, 1, 1, 1, 1, 1, 1, 1, 1, 1, 1, 1, 1, 1, 1, 1, 1, 1, 1, 1, 1, 1, 1, 1, 1, 1, 1], starts=[0, 0, 0, 0, 0, 0, 0, 0, 0, 0, 0, 0, 0, 0, 0, 0, 0, 0, 0, 0, 0, 1, 1, 1, 1, 1, 1, 1, 1, 1, 1, 1, 1, 1, 1, 1, 1, 1, 1, 1, 2, 2, 2, 2, 2, 2, 2, 2, 2, 2, 2, 2, 2, 2, 2, 2, 2, 2, 2, 3, 3, 3, 3, 3, 3, 3, 3, 3, 3, 3, 3, 3, 3, 3, 3, 3, 3, 3, 4, 4, 4, 4, 4, 4, 4, 4, 4, 4, 4, 4, 4, 4, 4, 4, 4, 4, 5, 5, 5, 5, 5, 5, 5, 5, 5, 5, 5, 5, 5, 5, 5, 5, 5, 5, 6, 6, 6, 6, 6, 6, 6, 6, 6, 6, 6, 6, 6, 6, 6, 6, 6, 6, 7, 7, 7, 7, 7, 7, 7, 7, 7, 7, 7, 7, 7, 7, 7, 7, 7]
Zeppelin placement: L=4096, final_s0=256, iterations=12, groups=[2, 1, 1, 1, 1, 1, 1, 1, 1, 1, 1, 1, 1, 1, 1, 1, 1, 1, 1, 1, 1, 1, 1, 1, 1, 1, 1, 1, 1, 1, 1, 1, 1, 1, 1, 1, 1, 1, 1, 1, 1, 1, 1, 1, 1, 1, 1, 1, 1, 1, 1, 1, 1, 1, 1, 1, 1, 1, 1, 1, 1, 1, 1, 1, 1, 1, 1, 1, 1, 1, 1, 1, 1, 1, 1, 1, 1, 1, 1, 1, 1, 1, 1, 1, 1, 1, 1, 1, 1, 1, 1, 1, 1, 1, 1, 1, 1, 1, 1, 1, 1, 1, 1, 1, 1, 1, 1, 1, 1, 1, 1, 1, 1, 1, 1, 1, 1, 1, 1, 1, 1, 1, 1, 1, 1, 1, 1, 1, 1, 1, 1, 1, 1, 1, 1, 1, 1, 1, 1, 1, 1, 1, 1, 1, 1, 1, 1, 1, 1], execution_lengths=[6144, 5120, 256, 1024, 256, 512, 256, 2048, 768, 1280, 512, 256, 1280, 768, 256, 1024, 256, 512, 768, 256, 1024, 256, 256, 1024, 512, 256, 768, 1280, 1280, 256, 512, 256, 768, 1024, 256, 512, 768, 256, 2048, 1024, 512, 768, 1792, 512, 256, 512, 1024, 256, 768, 256, 512, 256, 768, 1024, 256, 512, 1536, 1536, 256, 768, 512, 256, 512, 1792, 256, 1536, 512, 768, 1280, 256, 256, 512, 768, 1024, 256, 1280, 512, 256, 768, 512, 256, 1792, 1536, 512, 256, 1024, 768, 256, 512, 256, 1536, 768, 1024, 4096, 256, 512, 512, 3584, 512, 256, 1024, 256, 512, 768, 1280, 256, 3072, 512, 1024, 256, 768, 256, 512, 1024, 256, 256, 768, 512, 1792, 256, 2560, 512, 1280, 256, 768, 256, 1024, 512, 768, 256, 1024, 3584, 768, 512, 3072, 3072, 256, 512, 1536, 1024, 768, 256, 1792, 256, 512, 768, 1024, 256, 512], padding=0, physical_rank_token_loads=[17408, 16384, 17920, 16896, 16128, 16128, 15360, 14848]
Timing excludes forward preparation, opaque-workspace construction, owner-accumulator reset, and the pre-launch distributed barrier; reused step-workspace reset and method-internal phase barriers are included; reported time is the average of the per-iteration max-rank end-to-end backward op times.
Method                      Comp:Comm Time ms                                                                                                            Agg TFLOPS    Avg/GPU    Check  Note
allgather_attention                 - t0=8.661, t1=8.645, t2=8.654, t3=8.669, t4=8.681, t5=8.689, t6=8.682, t7=8.670 | max_across_ranks=8.694                558.23      69.78     skip  per-sequence KV-head-sharded all-gather (2 KVH/chunk, comm/compute overlap); in-repo min_fa3 fallback; zigzag causal
llama3_allgather_attention          - t0=4.489, t1=4.478, t2=4.464, t3=4.450, t4=4.433, t5=4.446, t6=4.460, t7=4.474 | max_across_ranks=4.489               1081.08     135.13     skip  whole-packed zigzag KV-head-sharded all-gather (2 KVH/chunk, comm/compute overlap); in-repo min_fa3 fallback; causal
fa3_ring                            - t0=20.628, t1=20.644, t2=20.648, t3=20.065, t4=19.688, t5=19.308, t6=18.980, t7=20.431 | max_across_ranks=20.648       235.05      29.38     skip  NCCL zigzag ring; in-repo min_fa3 fallback block backward
megatron_hybrid_cp                  - t0=1.435, t1=1.781, t2=2.521, t3=2.598, t4=2.645, t5=2.530, t6=2.577, t7=2.725 | max_across_ranks=2.725               1781.33     222.67     skip  Megatron scheduler; 1 execution groups; P2P ring; in-repo min_fa3 fallback; forward-order phase replay; complete forward preparation excluded from backward timing; tokens(original/aligned)=131072/131072, padding=0 tokens; aligned-length Agg TFLOPS=1781.33, Avg/GPU=222.67
magi_attention                      - t0=3.024, t1=3.036, t2=3.034, t3=3.031, t4=3.061, t5=3.033, t6=3.014, t7=2.991 | max_across_ranks=3.077               1577.05     197.13     skip  chunk_size=2048, tokens(original/padded)=131072/131072, overlap_degree=2; dispatch excluded; performance-only; forward preparation excluded from backward timing
zeppelin                            - t0=2.465, t1=2.305, t2=2.036, t3=1.702, t4=1.507, t5=1.508, t6=1.360, t7=1.328 | max_across_ranks=2.465               1968.86     246.11     skip  L=4096; final_s0=256; iterations=12; G1=148,G2=1; padding=0; physical rank token loads=[17408,16384,17920,16896,16128,16128,15360,14848]; in-repo min_fa3 fallback; tokens(original/aligned)=131072/131072, padding=0 tokens; aligned-length Agg TFLOPS=1968.86, Avg/GPU=246.11
mega_ring_all_cp                128:4 t0=12.037, t1=11.590, t2=11.809, t3=11.917, t4=11.995, t5=11.997, t6=11.958, t7=12.031 | max_across_ranks=12.045       402.93      50.37     skip  all-CP fused mega-ring; remote reset excluded; workspace=reused, reset=timed, aux_grid=exact; tokens(original/aligned)=131072/327680, padding=196608 tokens; aligned-length Agg TFLOPS=1327.03, Avg/GPU=165.88
mega_ring_all_cp                124:8 t0=11.190, t1=11.192, t2=11.148, t3=11.141, t4=11.088, t5=11.087, t6=11.043, t7=11.050 | max_across_ranks=11.195       433.54      54.19     skip  all-CP fused mega-ring; remote reset excluded; workspace=reused, reset=timed, aux_grid=exact; tokens(original/aligned)=131072/327680, padding=196608 tokens; aligned-length Agg TFLOPS=1427.82, Avg/GPU=178.48
mega_ring_all_cp               120:12 t0=11.332, t1=11.338, t2=11.248, t3=11.220, t4=11.133, t5=11.125, t6=11.062, t7=11.051 | max_across_ranks=11.341       427.96      53.49     skip  all-CP fused mega-ring; remote reset excluded; workspace=reused, reset=timed, aux_grid=exact; tokens(original/aligned)=131072/327680, padding=196608 tokens; aligned-length Agg TFLOPS=1409.44, Avg/GPU=176.18
mega_ring_all_cp               116:16 t0=11.486, t1=11.492, t2=11.380, t3=11.345, t4=11.226, t5=11.193, t6=11.129, t7=11.101 | max_across_ranks=11.492       422.34      52.79     skip  all-CP fused mega-ring; remote reset excluded; workspace=reused, reset=timed, aux_grid=exact; tokens(original/aligned)=131072/327680, padding=196608 tokens; aligned-length Agg TFLOPS=1390.93, Avg/GPU=173.87
mega_ring_hybrid                128:4 t0=2.373, t1=2.364, t2=2.349, t3=2.377, t4=2.331, t5=2.297, t6=2.331, t7=2.311 | max_across_ranks=2.390               2030.84     253.86     skip  hierarchical hybrid fused mega-ring; remote reset excluded; workspace=reused, reset=timed, aux_grid=exact
mega_ring_hybrid                124:8 t0=2.213, t1=2.204, t2=2.193, t3=2.175, t4=2.169, t5=2.103, t6=2.150, t7=2.129 | max_across_ranks=2.213               2192.77     274.10     skip  hierarchical hybrid fused mega-ring; remote reset excluded; workspace=reused, reset=timed, aux_grid=exact
mega_ring_hybrid               120:12 t0=2.191, t1=2.171, t2=2.147, t3=2.128, t4=2.125, t5=2.066, t6=2.103, t7=2.090 | max_across_ranks=2.193               2212.73     276.59     skip  hierarchical hybrid fused mega-ring; remote reset excluded; workspace=reused, reset=timed, aux_grid=exact
mega_ring_hybrid               116:16 t0=2.210, t1=2.199, t2=2.186, t3=2.180, t4=2.147, t5=2.090, t6=2.132, t7=2.106 | max_across_ranks=2.211               2195.02     274.38     skip  hierarchical hybrid fused mega-ring; remote reset excluded; workspace=reused, reset=timed, aux_grid=exact

Workload: dataset=pile, case=9/20, B=94, global_tokens=132864, global_seqlens=[18432, 20480, 18432, 12288, 512, 256, 512, 768, 2560, 256, 1792, 512, 256, 1024, 512, 256, 512, 768, 256, 256, 768, 512, 1536, 256, 512, 1024, 256, 2560, 512, 256, 768, 256, 768, 512, 1536, 256, 1024, 512, 256, 2560, 256, 1792, 512, 256, 512, 2048, 256, 1280, 768, 1024, 512, 1280, 256, 1024, 512, 256, 768, 512, 256, 1024, 256, 512, 256, 512, 1024, 256, 512, 768, 1280, 256, 1024, 512, 256, 256, 512, 1024, 256, 512, 768, 1280, 256, 1024, 512, 256, 256, 512, 256, 512, 1024, 1280, 256, 1024, 768, 512]
Mega-ring all-CP workload: alignment=2048, global_tokens=260096, global_seqlens=[18432, 20480, 18432, 12288, 2048, 2048, 2048, 2048, 4096, 2048, 2048, 2048, 2048, 2048, 2048, 2048, 2048, 2048, 2048, 2048, 2048, 2048, 2048, 2048, 2048, 2048, 2048, 4096, 2048, 2048, 2048, 2048, 2048, 2048, 2048, 2048, 2048, 2048, 2048, 4096, 2048, 2048, 2048, 2048, 2048, 2048, 2048, 2048, 2048, 2048, 2048, 2048, 2048, 2048, 2048, 2048, 2048, 2048, 2048, 2048, 2048, 2048, 2048, 2048, 2048, 2048, 2048, 2048, 2048, 2048, 2048, 2048, 2048, 2048, 2048, 2048, 2048, 2048, 2048, 2048, 2048, 2048, 2048, 2048, 2048, 2048, 2048, 2048, 2048, 2048, 2048, 2048, 2048, 2048]
Hybrid rings: sizes=[8, 4, 4, 4, 1, 1, 1, 1, 1, 1, 1, 1, 1, 1, 1, 1, 1, 1, 1, 1, 1, 1, 1, 1, 1, 1, 1, 1, 1, 1, 1, 1, 1, 1, 1, 1, 1, 1, 1, 1, 1, 1, 1, 1, 1, 1, 1, 1, 1, 1, 1, 1, 1, 1, 1, 1, 1, 1, 1, 1, 1, 1, 1, 1, 1, 1, 1, 1, 1, 1, 1, 1, 1, 1, 1, 1, 1, 1, 1, 1, 1, 1, 1, 1, 1, 1, 1, 1, 1, 1, 1, 1, 1, 1], starts=[0, 0, 4, 4, 0, 0, 0, 0, 0, 0, 0, 0, 0, 0, 0, 0, 1, 1, 1, 1, 1, 1, 1, 1, 1, 1, 1, 1, 2, 2, 2, 2, 2, 2, 2, 2, 2, 2, 2, 2, 3, 3, 3, 3, 3, 3, 3, 3, 3, 3, 3, 4, 4, 4, 4, 4, 4, 4, 4, 4, 4, 4, 5, 5, 5, 5, 5, 5, 5, 5, 5, 5, 5, 6, 6, 6, 6, 6, 6, 6, 6, 6, 6, 6, 7, 7, 7, 7, 7, 7, 7, 7, 7, 7]
Zeppelin placement: L=4096, final_s0=256, iterations=10, groups=[3, 3, 3, 1, 1, 1, 1, 1, 1, 1, 1, 1, 1, 1, 1, 1, 1, 1, 1, 1, 1, 1, 1, 1, 1, 1, 1, 1, 1, 1, 1, 1, 1, 1, 1, 1, 1, 1, 1, 1, 1, 1, 1, 1, 1, 1, 1, 1, 1, 1, 1, 1, 1, 1, 1, 1, 1, 1, 1, 1, 1, 1, 1, 1, 1, 1, 1, 1, 1, 1, 1, 1, 1, 1, 1, 1, 1, 1, 1, 1, 1, 1, 1, 1, 1, 1, 1, 1, 1, 1, 1, 1, 1, 1], execution_lengths=[18432, 20484, 18432, 12288, 512, 256, 512, 768, 2560, 256, 1792, 512, 256, 1024, 512, 256, 512, 768, 256, 256, 768, 512, 1536, 256, 512, 1024, 256, 2560, 512, 256, 768, 256, 768, 512, 1536, 256, 1024, 512, 256, 2560, 256, 1792, 512, 256, 512, 2048, 256, 1280, 768, 1024, 512, 1280, 256, 1024, 512, 256, 768, 512, 256, 1024, 256, 512, 256, 512, 1024, 256, 512, 768, 1280, 256, 1024, 512, 256, 256, 512, 1024, 256, 512, 768, 1280, 256, 1024, 512, 256, 256, 512, 256, 512, 1024, 1280, 256, 1024, 768, 512], padding=4, physical_rank_token_loads=[19884, 26028, 16044, 15104, 14848, 14080, 13568, 13312]
Timing excludes forward preparation, opaque-workspace construction, owner-accumulator reset, and the pre-launch distributed barrier; reused step-workspace reset and method-internal phase barriers are included; reported time is the average of the per-iteration max-rank end-to-end backward op times.
Method                      Comp:Comm Time ms                                                                                                            Agg TFLOPS    Avg/GPU    Check  Note
allgather_attention                 - t0=13.728, t1=13.741, t2=13.753, t3=13.765, t4=13.753, t5=13.741, t6=13.726, t7=13.716 | max_across_ranks=13.765      1964.27     245.53     skip  per-sequence KV-head-sharded all-gather (2 KVH/chunk, comm/compute overlap); in-repo min_fa3 fallback; zigzag causal
llama3_allgather_attention          - t0=10.478, t1=10.462, t2=10.444, t3=10.455, t4=10.472, t5=10.487, t6=10.505, t7=10.491 | max_across_ranks=10.505      2573.96     321.75     skip  whole-packed zigzag KV-head-sharded all-gather (2 KVH/chunk, comm/compute overlap); in-repo min_fa3 fallback; causal
fa3_ring                            - t0=21.017, t1=21.056, t2=21.073, t3=21.077, t4=21.060, t5=21.052, t6=21.032, t7=20.999 | max_across_ranks=21.090      1282.03     160.25     skip  NCCL zigzag ring; in-repo min_fa3 fallback block backward
megatron_hybrid_cp                  - t0=11.162, t1=11.164, t2=11.137, t3=11.130, t4=11.086, t5=11.087, t6=11.072, t7=11.146 | max_across_ranks=11.164      2421.88     302.73     skip  Megatron scheduler; 3 execution groups; P2P ring; in-repo min_fa3 fallback; forward-order phase replay; complete forward preparation excluded from backward timing; tokens(original/aligned)=132864/132864, padding=0 tokens; aligned-length Agg TFLOPS=2421.88, Avg/GPU=302.73
magi_attention                      - t0=8.595, t1=8.674, t2=8.596, t3=8.636, t4=8.624, t5=8.599, t6=8.667, t7=8.621 | max_across_ranks=8.678               3115.59     389.45     skip  chunk_size=2076, tokens(original/padded)=132864/132864, overlap_degree=2; dispatch excluded; performance-only; forward preparation excluded from backward timing
zeppelin                            - t0=11.345, t1=12.171, t2=6.907, t3=5.466, t4=5.447, t5=5.322, t6=11.397, t7=11.369 | max_across_ranks=12.171          2221.50     277.69     skip  L=4096; final_s0=256; iterations=10; G1=91,G3=3; padding=4; physical rank token loads=[19884,26028,16044,15104,14848,14080,13568,13312]; in-repo min_fa3 fallback; tokens(original/aligned)=132864/132868, padding=4 tokens; aligned-length Agg TFLOPS=2221.78, Avg/GPU=277.72
mega_ring_all_cp                128:4 t0=13.131, t1=13.225, t2=12.960, t3=12.334, t4=12.290, t5=12.186, t6=12.143, t7=12.103 | max_across_ranks=13.225      2044.45     255.56     skip  all-CP fused mega-ring; remote reset excluded; workspace=reused, reset=timed, aux_grid=exact; tokens(original/aligned)=132864/260096, padding=127232 tokens; aligned-length Agg TFLOPS=2578.97, Avg/GPU=322.37
mega_ring_all_cp                124:8 t0=12.664, t1=12.664, t2=12.905, t3=12.878, t4=12.585, t5=12.499, t6=12.543, t7=12.443 | max_across_ranks=12.992      2081.14     260.14     skip  all-CP fused mega-ring; remote reset excluded; workspace=reused, reset=timed, aux_grid=exact; tokens(original/aligned)=132864/260096, padding=127232 tokens; aligned-length Agg TFLOPS=2625.26, Avg/GPU=328.16
mega_ring_all_cp               120:12 t0=13.132, t1=13.159, t2=12.994, t3=12.693, t4=12.632, t5=12.417, t6=12.372, t7=12.230 | max_across_ranks=13.163      2054.14     256.77     skip  all-CP fused mega-ring; remote reset excluded; workspace=reused, reset=timed, aux_grid=exact; tokens(original/aligned)=132864/260096, padding=127232 tokens; aligned-length Agg TFLOPS=2591.20, Avg/GPU=323.90
mega_ring_all_cp               116:16 t0=13.320, t1=13.321, t2=13.125, t3=13.123, t4=12.930, t5=12.874, t6=12.859, t7=12.785 | max_across_ranks=13.331      2028.18     253.52     skip  all-CP fused mega-ring; remote reset excluded; workspace=reused, reset=timed, aux_grid=exact; tokens(original/aligned)=132864/260096, padding=127232 tokens; aligned-length Agg TFLOPS=2558.45, Avg/GPU=319.81
mega_ring_hybrid                128:4 t0=7.021, t1=7.045, t2=6.918, t3=6.706, t4=7.489, t5=7.488, t6=7.568, t7=7.492 | max_across_ranks=7.667               3526.36     440.80     skip  hierarchical hybrid fused mega-ring; remote reset excluded; workspace=reused, reset=timed, aux_grid=exact
mega_ring_hybrid                124:8 t0=7.046, t1=6.918, t2=6.865, t3=6.880, t4=7.510, t5=7.424, t6=7.386, t7=7.359 | max_across_ranks=7.515               3597.75     449.72     skip  hierarchical hybrid fused mega-ring; remote reset excluded; workspace=reused, reset=timed, aux_grid=exact
mega_ring_hybrid               120:12 t0=7.082, t1=6.975, t2=6.982, t3=6.918, t4=7.766, t5=7.750, t6=7.733, t7=7.654 | max_across_ranks=7.802               3465.70     433.21     skip  hierarchical hybrid fused mega-ring; remote reset excluded; workspace=reused, reset=timed, aux_grid=exact
mega_ring_hybrid               116:16 t0=7.316, t1=7.314, t2=7.217, t3=7.077, t4=7.836, t5=7.769, t6=7.810, t7=7.786 | max_across_ranks=7.853               3443.20     430.40     skip  hierarchical hybrid fused mega-ring; remote reset excluded; workspace=reused, reset=timed, aux_grid=exact

Workload: dataset=pile, case=10/20, B=103, global_tokens=131072, global_seqlens=[18432, 10240, 10240, 6144, 5120, 1792, 1024, 256, 512, 768, 256, 1536, 512, 256, 768, 512, 1792, 256, 512, 768, 1280, 256, 512, 256, 1280, 768, 512, 256, 1536, 256, 512, 768, 2048, 512, 256, 256, 768, 1280, 512, 256, 256, 512, 1536, 768, 512, 256, 2048, 256, 768, 1280, 512, 256, 256, 512, 256, 4096, 512, 256, 1280, 1792, 768, 1024, 512, 256, 512, 256, 1024, 512, 1792, 256, 512, 3584, 768, 256, 1280, 512, 256, 512, 1024, 512, 256, 256, 512, 1536, 768, 256, 3072, 512, 256, 2048, 512, 1024, 512, 2560, 512, 1536, 768, 256, 512, 256, 2560, 512, 256]
Mega-ring all-CP workload: alignment=2048, global_tokens=262144, global_seqlens=[18432, 10240, 10240, 6144, 6144, 2048, 2048, 2048, 2048, 2048, 2048, 2048, 2048, 2048, 2048, 2048, 2048, 2048, 2048, 2048, 2048, 2048, 2048, 2048, 2048, 2048, 2048, 2048, 2048, 2048, 2048, 2048, 2048, 2048, 2048, 2048, 2048, 2048, 2048, 2048, 2048, 2048, 2048, 2048, 2048, 2048, 2048, 2048, 2048, 2048, 2048, 2048, 2048, 2048, 2048, 4096, 2048, 2048, 2048, 2048, 2048, 2048, 2048, 2048, 2048, 2048, 2048, 2048, 2048, 2048, 2048, 4096, 2048, 2048, 2048, 2048, 2048, 2048, 2048, 2048, 2048, 2048, 2048, 2048, 2048, 2048, 4096, 2048, 2048, 2048, 2048, 2048, 2048, 4096, 2048, 2048, 2048, 2048, 2048, 2048, 4096, 2048, 2048]
Hybrid rings: sizes=[8, 4, 4, 2, 2, 1, 1, 1, 1, 1, 1, 1, 1, 1, 1, 1, 1, 1, 1, 1, 1, 1, 1, 1, 1, 1, 1, 1, 1, 1, 1, 1, 1, 1, 1, 1, 1, 1, 1, 1, 1, 1, 1, 1, 1, 1, 1, 1, 1, 1, 1, 1, 1, 1, 1, 1, 1, 1, 1, 1, 1, 1, 1, 1, 1, 1, 1, 1, 1, 1, 1, 1, 1, 1, 1, 1, 1, 1, 1, 1, 1, 1, 1, 1, 1, 1, 1, 1, 1, 1, 1, 1, 1, 1, 1, 1, 1, 1, 1, 1, 1, 1, 1], starts=[0, 0, 4, 0, 2, 0, 0, 0, 0, 0, 0, 0, 0, 0, 0, 0, 1, 1, 1, 1, 1, 1, 1, 1, 1, 1, 1, 1, 2, 2, 2, 2, 2, 2, 2, 2, 2, 2, 2, 2, 3, 3, 3, 3, 3, 3, 3, 3, 3, 3, 3, 3, 4, 4, 4, 4, 4, 4, 4, 4, 4, 4, 4, 4, 5, 5, 5, 5, 5, 5, 5, 5, 5, 5, 5, 5, 5, 6, 6, 6, 6, 6, 6, 6, 6, 6, 6, 6, 6, 6, 7, 7, 7, 7, 7, 7, 7, 7, 7, 7, 7, 7, 7]
Zeppelin placement: L=4096, final_s0=256, iterations=12, groups=[4, 2, 2, 1, 1, 1, 1, 1, 1, 1, 1, 1, 1, 1, 1, 1, 1, 1, 1, 1, 1, 1, 1, 1, 1, 1, 1, 1, 1, 1, 1, 1, 1, 1, 1, 1, 1, 1, 1, 1, 1, 1, 1, 1, 1, 1, 1, 1, 1, 1, 1, 1, 1, 1, 1, 1, 1, 1, 1, 1, 1, 1, 1, 1, 1, 1, 1, 1, 1, 1, 1, 1, 1, 1, 1, 1, 1, 1, 1, 1, 1, 1, 1, 1, 1, 1, 1, 1, 1, 1, 1, 1, 1, 1, 1, 1, 1, 1, 1, 1, 1, 1, 1], execution_lengths=[18432, 10240, 10240, 6144, 5120, 1792, 1024, 256, 512, 768, 256, 1536, 512, 256, 768, 512, 1792, 256, 512, 768, 1280, 256, 512, 256, 1280, 768, 512, 256, 1536, 256, 512, 768, 2048, 512, 256, 256, 768, 1280, 512, 256, 256, 512, 1536, 768, 512, 256, 2048, 256, 768, 1280, 512, 256, 256, 512, 256, 4096, 512, 256, 1280, 1792, 768, 1024, 512, 256, 512, 256, 1024, 512, 1792, 256, 512, 3584, 768, 256, 1280, 512, 256, 512, 1024, 512, 256, 256, 512, 1536, 768, 256, 3072, 512, 256, 2048, 512, 1024, 512, 2560, 512, 1536, 768, 256, 512, 256, 2560, 512, 256], padding=0, physical_rank_token_loads=[19712, 18432, 16896, 16128, 15872, 15360, 14592, 14080]
Timing excludes forward preparation, opaque-workspace construction, owner-accumulator reset, and the pre-launch distributed barrier; reused step-workspace reset and method-internal phase barriers are included; reported time is the average of the per-iteration max-rank end-to-end backward op times.
Method                      Comp:Comm Time ms                                                                                                            Agg TFLOPS    Avg/GPU    Check  Note
allgather_attention                 - t0=11.381, t1=11.393, t2=11.404, t3=11.416, t4=11.403, t5=11.397, t6=11.383, t7=11.372 | max_across_ranks=11.418      1317.21     164.65     skip  per-sequence KV-head-sharded all-gather (2 KVH/chunk, comm/compute overlap); in-repo min_fa3 fallback; zigzag causal
llama3_allgather_attention          - t0=9.843, t1=9.861, t2=9.848, t3=9.832, t4=9.814, t5=9.798, t6=9.809, t7=9.824 | max_across_ranks=9.861               1525.21     190.65     skip  whole-packed zigzag KV-head-sharded all-gather (2 KVH/chunk, comm/compute overlap); in-repo min_fa3 fallback; causal
fa3_ring                            - t0=19.200, t1=19.254, t2=19.328, t3=19.357, t4=19.370, t5=19.322, t6=19.333, t7=19.133 | max_across_ranks=19.379       776.13      97.02     skip  NCCL zigzag ring; in-repo min_fa3 fallback block backward
megatron_hybrid_cp                  - t0=5.558, t1=5.167, t2=5.786, t3=5.844, t4=5.855, t5=6.145, t6=6.021, t7=6.150 | max_across_ranks=6.152               2444.95     305.62     skip  Megatron scheduler; 2 execution groups; P2P ring; in-repo min_fa3 fallback; forward-order phase replay; complete forward preparation excluded from backward timing; tokens(original/aligned)=131072/131072, padding=0 tokens; aligned-length Agg TFLOPS=2444.95, Avg/GPU=305.62
magi_attention                      - t0=5.349, t1=5.377, t2=5.383, t3=5.376, t4=5.344, t5=5.288, t6=5.366, t7=5.291 | max_across_ranks=5.388               2791.28     348.91     skip  chunk_size=2048, tokens(original/padded)=131072/131072, overlap_degree=2; dispatch excluded; performance-only; forward preparation excluded from backward timing
zeppelin                            - t0=6.241, t1=5.781, t2=5.283, t3=5.181, t4=3.406, t5=3.308, t6=3.252, t7=3.162 | max_across_ranks=6.241               2409.80     301.22     skip  L=4096; final_s0=256; iterations=12; G1=100,G2=2,G4=1; padding=0; physical rank token loads=[19712,18432,16896,16128,15872,15360,14592,14080]; in-repo min_fa3 fallback; tokens(original/aligned)=131072/131072, padding=0 tokens; aligned-length Agg TFLOPS=2409.80, Avg/GPU=301.22
mega_ring_all_cp                128:4 t0=10.696, t1=10.701, t2=10.590, t3=10.588, t4=10.501, t5=10.489, t6=10.477, t7=10.432 | max_across_ranks=10.701      1405.55     175.69     skip  all-CP fused mega-ring; remote reset excluded; workspace=reused, reset=timed, aux_grid=exact; tokens(original/aligned)=131072/262144, padding=131072 tokens; aligned-length Agg TFLOPS=2103.68, Avg/GPU=262.96
mega_ring_all_cp                124:8 t0=10.532, t1=10.538, t2=10.361, t3=10.326, t4=10.214, t5=10.187, t6=10.158, t7=10.087 | max_across_ranks=10.538      1427.28     178.41     skip  all-CP fused mega-ring; remote reset excluded; workspace=reused, reset=timed, aux_grid=exact; tokens(original/aligned)=131072/262144, padding=131072 tokens; aligned-length Agg TFLOPS=2136.20, Avg/GPU=267.02
mega_ring_all_cp               120:12 t0=10.737, t1=10.744, t2=10.553, t3=10.497, t4=10.371, t5=10.299, t6=10.288, t7=10.179 | max_across_ranks=10.747      1399.50     174.94     skip  all-CP fused mega-ring; remote reset excluded; workspace=reused, reset=timed, aux_grid=exact; tokens(original/aligned)=131072/262144, padding=131072 tokens; aligned-length Agg TFLOPS=2094.63, Avg/GPU=261.83
mega_ring_all_cp               116:16 t0=10.918, t1=10.925, t2=10.734, t3=10.648, t4=10.484, t5=10.419, t6=10.392, t7=10.261 | max_across_ranks=10.925      1376.75     172.09     skip  all-CP fused mega-ring; remote reset excluded; workspace=reused, reset=timed, aux_grid=exact; tokens(original/aligned)=131072/262144, padding=131072 tokens; aligned-length Agg TFLOPS=2060.58, Avg/GPU=257.57
mega_ring_hybrid                128:4 t0=4.764, t1=4.773, t2=4.490, t3=4.499, t4=4.609, t5=4.423, t6=4.153, t7=4.203 | max_across_ranks=4.812               3125.38     390.67     skip  hierarchical hybrid fused mega-ring; remote reset excluded; workspace=reused, reset=timed, aux_grid=exact
mega_ring_hybrid                124:8 t0=4.739, t1=4.771, t2=4.473, t3=4.429, t4=4.501, t5=4.360, t6=4.250, t7=4.093 | max_across_ranks=4.798               3134.46     391.81     skip  hierarchical hybrid fused mega-ring; remote reset excluded; workspace=reused, reset=timed, aux_grid=exact
mega_ring_hybrid               120:12 t0=4.797, t1=4.825, t2=4.677, t3=4.584, t4=4.555, t5=4.478, t6=4.295, t7=4.136 | max_across_ranks=4.841               3107.16     388.40     skip  hierarchical hybrid fused mega-ring; remote reset excluded; workspace=reused, reset=timed, aux_grid=exact
mega_ring_hybrid               116:16 t0=4.961, t1=4.921, t2=4.664, t3=4.665, t4=4.638, t5=4.534, t6=4.342, t7=4.242 | max_across_ranks=4.973               3024.71     378.09     skip  hierarchical hybrid fused mega-ring; remote reset excluded; workspace=reused, reset=timed, aux_grid=exact

Workload: dataset=pile, case=11/20, B=145, global_tokens=131072, global_seqlens=[8192, 6144, 768, 256, 256, 256, 768, 1024, 256, 1536, 768, 256, 256, 512, 3072, 768, 256, 512, 1536, 768, 256, 512, 256, 256, 768, 512, 1792, 2560, 1536, 256, 256, 768, 512, 1280, 256, 1024, 768, 512, 256, 768, 256, 768, 256, 512, 768, 256, 2560, 256, 1536, 512, 768, 256, 2048, 1280, 512, 256, 768, 512, 1792, 256, 256, 512, 768, 256, 256, 768, 1024, 1280, 512, 256, 768, 1792, 512, 2560, 256, 512, 768, 1280, 256, 1024, 256, 768, 512, 256, 256, 768, 1792, 512, 256, 768, 4096, 256, 512, 768, 512, 256, 1024, 256, 768, 512, 256, 256, 1280, 768, 1792, 256, 512, 768, 4096, 256, 512, 512, 256, 1024, 768, 256, 256, 1024, 512, 768, 256, 2048, 512, 3584, 768, 256, 1792, 512, 1024, 3072, 256, 256, 768, 1792, 256, 256, 1024, 768, 256, 512, 768, 256, 512, 2560, 768]
Mega-ring all-CP workload: alignment=2048, global_tokens=325632, global_seqlens=[8192, 6144, 2048, 2048, 2048, 2048, 2048, 2048, 2048, 2048, 2048, 2048, 2048, 2048, 4096, 2048, 2048, 2048, 2048, 2048, 2048, 2048, 2048, 2048, 2048, 2048, 2048, 4096, 2048, 2048, 2048, 2048, 2048, 2048, 2048, 2048, 2048, 2048, 2048, 2048, 2048, 2048, 2048, 2048, 2048, 2048, 4096, 2048, 2048, 2048, 2048, 2048, 2048, 2048, 2048, 2048, 2048, 2048, 2048, 2048, 2048, 2048, 2048, 2048, 2048, 2048, 2048, 2048, 2048, 2048, 2048, 2048, 2048, 4096, 2048, 2048, 2048, 2048, 2048, 2048, 2048, 2048, 2048, 2048, 2048, 2048, 2048, 2048, 2048, 2048, 4096, 2048, 2048, 2048, 2048, 2048, 2048, 2048, 2048, 2048, 2048, 2048, 2048, 2048, 2048, 2048, 2048, 2048, 4096, 2048, 2048, 2048, 2048, 2048, 2048, 2048, 2048, 2048, 2048, 2048, 2048, 2048, 2048, 4096, 2048, 2048, 2048, 2048, 2048, 4096, 2048, 2048, 2048, 2048, 2048, 2048, 2048, 2048, 2048, 2048, 2048, 2048, 2048, 4096, 2048]
Hybrid rings: sizes=[4, 4, 1, 1, 1, 1, 1, 1, 1, 1, 1, 1, 1, 1, 1, 1, 1, 1, 1, 1, 1, 1, 1, 1, 1, 1, 1, 1, 1, 1, 1, 1, 1, 1, 1, 1, 1, 1, 1, 1, 1, 1, 1, 1, 1, 1, 1, 1, 1, 1, 1, 1, 1, 1, 1, 1, 1, 1, 1, 1, 1, 1, 1, 1, 1, 1, 1, 1, 1, 1, 1, 1, 1, 1, 1, 1, 1, 1, 1, 1, 1, 1, 1, 1, 1, 1, 1, 1, 1, 1, 1, 1, 1, 1, 1, 1, 1, 1, 1, 1, 1, 1, 1, 1, 1, 1, 1, 1, 1, 1, 1, 1, 1, 1, 1, 1, 1, 1, 1, 1, 1, 1, 1, 1, 1, 1, 1, 1, 1, 1, 1, 1, 1, 1, 1, 1, 1, 1, 1, 1, 1, 1, 1, 1, 1], starts=[0, 4, 0, 0, 0, 0, 0, 0, 0, 0, 0, 0, 0, 0, 0, 0, 0, 0, 0, 0, 0, 1, 1, 1, 1, 1, 1, 1, 1, 1, 1, 1, 1, 1, 1, 1, 1, 1, 1, 2, 2, 2, 2, 2, 2, 2, 2, 2, 2, 2, 2, 2, 2, 2, 2, 2, 2, 3, 3, 3, 3, 3, 3, 3, 3, 3, 3, 3, 3, 3, 3, 3, 3, 3, 3, 4, 4, 4, 4, 4, 4, 4, 4, 4, 4, 4, 4, 4, 4, 4, 4, 4, 4, 5, 5, 5, 5, 5, 5, 5, 5, 5, 5, 5, 5, 5, 5, 5, 5, 5, 5, 6, 6, 6, 6, 6, 6, 6, 6, 6, 6, 6, 6, 6, 6, 6, 6, 6, 7, 7, 7, 7, 7, 7, 7, 7, 7, 7, 7, 7, 7, 7, 7, 7, 7]
Zeppelin placement: L=4096, final_s0=256, iterations=12, groups=[2, 2, 1, 1, 1, 1, 1, 1, 1, 1, 1, 1, 1, 1, 1, 1, 1, 1, 1, 1, 1, 1, 1, 1, 1, 1, 1, 1, 1, 1, 1, 1, 1, 1, 1, 1, 1, 1, 1, 1, 1, 1, 1, 1, 1, 1, 1, 1, 1, 1, 1, 1, 1, 1, 1, 1, 1, 1, 1, 1, 1, 1, 1, 1, 1, 1, 1, 1, 1, 1, 1, 1, 1, 1, 1, 1, 1, 1, 1, 1, 1, 1, 1, 1, 1, 1, 1, 1, 1, 1, 1, 1, 1, 1, 1, 1, 1, 1, 1, 1, 1, 1, 1, 1, 1, 1, 1, 1, 1, 1, 1, 1, 1, 1, 1, 1, 1, 1, 1, 1, 1, 1, 1, 1, 1, 1, 1, 1, 1, 1, 1, 1, 1, 1, 1, 1, 1, 1, 1, 1, 1, 1, 1, 1, 1], execution_lengths=[8192, 6144, 768, 256, 256, 256, 768, 1024, 256, 1536, 768, 256, 256, 512, 3072, 768, 256, 512, 1536, 768, 256, 512, 256, 256, 768, 512, 1792, 2560, 1536, 256, 256, 768, 512, 1280, 256, 1024, 768, 512, 256, 768, 256, 768, 256, 512, 768, 256, 2560, 256, 1536, 512, 768, 256, 2048, 1280, 512, 256, 768, 512, 1792, 256, 256, 512, 768, 256, 256, 768, 1024, 1280, 512, 256, 768, 1792, 512, 2560, 256, 512, 768, 1280, 256, 1024, 256, 768, 512, 256, 256, 768, 1792, 512, 256, 768, 4096, 256, 512, 768, 512, 256, 1024, 256, 768, 512, 256, 256, 1280, 768, 1792, 256, 512, 768, 4096, 256, 512, 512, 256, 1024, 768, 256, 256, 1024, 512, 768, 256, 2048, 512, 3584, 768, 256, 1792, 512, 1024, 3072, 256, 256, 768, 1792, 256, 256, 1024, 768, 256, 512, 768, 256, 512, 2560, 768], padding=0, physical_rank_token_loads=[18176, 17664, 16128, 15872, 16896, 16384, 15616, 14336]
Timing excludes forward preparation, opaque-workspace construction, owner-accumulator reset, and the pre-launch distributed barrier; reused step-workspace reset and method-internal phase barriers are included; reported time is the average of the per-iteration max-rank end-to-end backward op times.
Method                      Comp:Comm Time ms                                                                                                            Agg TFLOPS    Avg/GPU    Check  Note
allgather_attention                 - t0=9.116, t1=9.111, t2=9.121, t3=9.127, t4=9.131, t5=9.139, t6=9.128, t7=9.118 | max_across_ranks=9.146                633.65      79.21     skip  per-sequence KV-head-sharded all-gather (2 KVH/chunk, comm/compute overlap); in-repo min_fa3 fallback; zigzag causal
llama3_allgather_attention          - t0=5.307, t1=5.296, t2=5.281, t3=5.266, t4=5.250, t5=5.262, t6=5.276, t7=5.291 | max_across_ranks=5.307               1092.01     136.50     skip  whole-packed zigzag KV-head-sharded all-gather (2 KVH/chunk, comm/compute overlap); in-repo min_fa3 fallback; causal
fa3_ring                            - t0=19.966, t1=19.953, t2=18.644, t3=19.026, t4=19.266, t5=19.468, t6=19.769, t7=19.946 | max_across_ranks=19.970       290.21      36.28     skip  NCCL zigzag ring; in-repo min_fa3 fallback block backward
megatron_hybrid_cp                  - t0=2.443, t1=1.443, t2=2.533, t3=2.630, t4=2.728, t5=2.776, t6=2.653, t7=2.834 | max_across_ranks=2.834               2045.21     255.65     skip  Megatron scheduler; 1 execution groups; P2P ring; in-repo min_fa3 fallback; forward-order phase replay; complete forward preparation excluded from backward timing; tokens(original/aligned)=131072/131072, padding=0 tokens; aligned-length Agg TFLOPS=2045.21, Avg/GPU=255.65
magi_attention                      - t0=3.335, t1=3.292, t2=3.313, t3=3.331, t4=3.345, t5=3.338, t6=3.244, t7=3.268 | max_across_ranks=3.362               1723.96     215.49     skip  chunk_size=2048, tokens(original/padded)=131072/131072, overlap_degree=2; dispatch excluded; performance-only; forward preparation excluded from backward timing
zeppelin                            - t0=2.960, t1=2.868, t2=2.285, t3=2.281, t4=1.759, t5=1.675, t6=1.499, t7=1.293 | max_across_ranks=2.960               1958.24     244.78     skip  L=4096; final_s0=256; iterations=12; G1=143,G2=2; padding=0; physical rank token loads=[18176,17664,16128,15872,16896,16384,15616,14336]; in-repo min_fa3 fallback; tokens(original/aligned)=131072/131072, padding=0 tokens; aligned-length Agg TFLOPS=1958.24, Avg/GPU=244.78
mega_ring_all_cp                128:4 t0=11.938, t1=11.508, t2=11.717, t3=11.819, t4=11.864, t5=11.867, t6=11.852, t7=11.934 | max_across_ranks=11.947       485.10      60.64     skip  all-CP fused mega-ring; remote reset excluded; workspace=reused, reset=timed, aux_grid=exact; tokens(original/aligned)=131072/325632, padding=194560 tokens; aligned-length Agg TFLOPS=1402.60, Avg/GPU=175.32
mega_ring_all_cp                124:8 t0=11.249, t1=11.247, t2=11.207, t3=11.188, t4=11.136, t5=11.140, t6=11.061, t7=11.060 | max_across_ranks=11.258       514.79      64.35     skip  all-CP fused mega-ring; remote reset excluded; workspace=reused, reset=timed, aux_grid=exact; tokens(original/aligned)=131072/325632, padding=194560 tokens; aligned-length Agg TFLOPS=1488.45, Avg/GPU=186.06
mega_ring_all_cp               120:12 t0=11.338, t1=11.351, t2=11.299, t3=11.270, t4=11.171, t5=11.173, t6=11.089, t7=11.056 | max_across_ranks=11.353       510.48      63.81     skip  all-CP fused mega-ring; remote reset excluded; workspace=reused, reset=timed, aux_grid=exact; tokens(original/aligned)=131072/325632, padding=194560 tokens; aligned-length Agg TFLOPS=1476.00, Avg/GPU=184.50
mega_ring_all_cp               116:16 t0=11.513, t1=11.519, t2=11.428, t3=11.390, t4=11.267, t5=11.263, t6=11.159, t7=11.114 | max_across_ranks=11.519       503.13      62.89     skip  all-CP fused mega-ring; remote reset excluded; workspace=reused, reset=timed, aux_grid=exact; tokens(original/aligned)=131072/325632, padding=194560 tokens; aligned-length Agg TFLOPS=1454.74, Avg/GPU=181.84
mega_ring_hybrid                128:4 t0=2.543, t1=2.498, t2=2.506, t3=2.516, t4=2.514, t5=2.521, t6=2.484, t7=2.476 | max_across_ranks=2.545               2277.59     284.70     skip  hierarchical hybrid fused mega-ring; remote reset excluded; workspace=reused, reset=timed, aux_grid=exact
mega_ring_hybrid                124:8 t0=2.380, t1=2.336, t2=2.365, t3=2.370, t4=2.365, t5=2.344, t6=2.317, t7=2.289 | max_across_ranks=2.380               2435.02     304.38     skip  hierarchical hybrid fused mega-ring; remote reset excluded; workspace=reused, reset=timed, aux_grid=exact
mega_ring_hybrid               120:12 t0=2.354, t1=2.302, t2=2.322, t3=2.324, t4=2.328, t5=2.314, t6=2.279, t7=2.248 | max_across_ranks=2.354               2461.99     307.75     skip  hierarchical hybrid fused mega-ring; remote reset excluded; workspace=reused, reset=timed, aux_grid=exact
mega_ring_hybrid               116:16 t0=2.391, t1=2.335, t2=2.367, t3=2.344, t4=2.376, t5=2.354, t6=2.312, t7=2.274 | max_across_ranks=2.393               2422.10     302.76     skip  hierarchical hybrid fused mega-ring; remote reset excluded; workspace=reused, reset=timed, aux_grid=exact

Workload: dataset=pile, case=12/20, B=89, global_tokens=131584, global_seqlens=[34816, 12288, 8192, 256, 1024, 256, 1536, 512, 2560, 256, 768, 512, 256, 1024, 256, 1024, 256, 512, 1536, 256, 2560, 768, 512, 256, 1024, 256, 256, 1024, 512, 256, 2560, 768, 512, 1536, 256, 1024, 256, 256, 2048, 512, 1792, 512, 768, 256, 1280, 256, 1024, 256, 3584, 1024, 512, 256, 1792, 768, 256, 512, 1024, 1024, 3072, 512, 2048, 768, 256, 512, 256, 1024, 512, 768, 256, 1280, 1792, 256, 1024, 256, 3072, 512, 256, 768, 768, 256, 256, 1792, 1280, 1024, 256, 3072, 512, 256, 768]
Mega-ring all-CP workload: alignment=2048, global_tokens=245760, global_seqlens=[34816, 12288, 8192, 2048, 2048, 2048, 2048, 2048, 4096, 2048, 2048, 2048, 2048, 2048, 2048, 2048, 2048, 2048, 2048, 2048, 4096, 2048, 2048, 2048, 2048, 2048, 2048, 2048, 2048, 2048, 4096, 2048, 2048, 2048, 2048, 2048, 2048, 2048, 2048, 2048, 2048, 2048, 2048, 2048, 2048, 2048, 2048, 2048, 4096, 2048, 2048, 2048, 2048, 2048, 2048, 2048, 2048, 2048, 4096, 2048, 2048, 2048, 2048, 2048, 2048, 2048, 2048, 2048, 2048, 2048, 2048, 2048, 2048, 2048, 4096, 2048, 2048, 2048, 2048, 2048, 2048, 2048, 2048, 2048, 2048, 4096, 2048, 2048, 2048]
Hybrid rings: sizes=[8, 4, 4, 1, 1, 1, 1, 1, 1, 1, 1, 1, 1, 1, 1, 1, 1, 1, 1, 1, 1, 1, 1, 1, 1, 1, 1, 1, 1, 1, 1, 1, 1, 1, 1, 1, 1, 1, 1, 1, 1, 1, 1, 1, 1, 1, 1, 1, 1, 1, 1, 1, 1, 1, 1, 1, 1, 1, 1, 1, 1, 1, 1, 1, 1, 1, 1, 1, 1, 1, 1, 1, 1, 1, 1, 1, 1, 1, 1, 1, 1, 1, 1, 1, 1, 1, 1, 1, 1], starts=[0, 0, 4, 0, 0, 0, 0, 0, 0, 0, 0, 0, 0, 0, 1, 1, 1, 1, 1, 1, 1, 1, 1, 1, 1, 2, 2, 2, 2, 2, 2, 2, 2, 2, 2, 2, 3, 3, 3, 3, 3, 3, 3, 3, 3, 3, 3, 4, 4, 4, 4, 4, 4, 4, 4, 4, 4, 5, 5, 5, 5, 5, 5, 5, 5, 5, 5, 6, 6, 6, 6, 6, 6, 6, 6, 6, 6, 6, 7, 7, 7, 7, 7, 7, 7, 7, 7, 7, 7]
Zeppelin placement: L=4096, final_s0=256, iterations=12, groups=[7, 1, 1, 1, 1, 1, 1, 1, 1, 1, 1, 1, 1, 1, 1, 1, 1, 1, 1, 1, 1, 1, 1, 1, 1, 1, 1, 1, 1, 1, 1, 1, 1, 1, 1, 1, 1, 1, 1, 1, 1, 1, 1, 1, 1, 1, 1, 1, 1, 1, 1, 1, 1, 1, 1, 1, 1, 1, 1, 1, 1, 1, 1, 1, 1, 1, 1, 1, 1, 1, 1, 1, 1, 1, 1, 1, 1, 1, 1, 1, 1, 1, 1, 1, 1, 1, 1, 1, 1], execution_lengths=[34818, 12288, 8192, 256, 1024, 256, 1536, 512, 2560, 256, 768, 512, 256, 1024, 256, 1024, 256, 512, 1536, 256, 2560, 768, 512, 256, 1024, 256, 256, 1024, 512, 256, 2560, 768, 512, 1536, 256, 1024, 256, 256, 2048, 512, 1792, 512, 768, 256, 1280, 256, 1024, 256, 3584, 1024, 512, 256, 1792, 768, 256, 512, 1024, 1024, 3072, 512, 2048, 768, 256, 512, 256, 1024, 512, 768, 256, 1280, 1792, 256, 1024, 256, 3072, 512, 256, 768, 768, 256, 256, 1792, 1280, 1024, 256, 3072, 512, 256, 768], padding=2, physical_rank_token_loads=[21358, 16238, 15214, 14958, 14702, 14190, 13934, 20992]
Timing excludes forward preparation, opaque-workspace construction, owner-accumulator reset, and the pre-launch distributed barrier; reused step-workspace reset and method-internal phase barriers are included; reported time is the average of the per-iteration max-rank end-to-end backward op times.
Method                      Comp:Comm Time ms                                                                                                            Agg TFLOPS    Avg/GPU    Check  Note
allgather_attention                 - t0=15.790, t1=15.793, t2=15.783, t3=15.775, t4=15.769, t5=15.768, t6=15.773, t7=15.786 | max_across_ranks=15.803      2008.47     251.06     skip  per-sequence KV-head-sharded all-gather (2 KVH/chunk, comm/compute overlap); in-repo min_fa3 fallback; zigzag causal
llama3_allgather_attention          - t0=19.755, t1=19.772, t2=19.791, t3=19.811, t4=19.795, t5=19.778, t6=19.759, t7=19.741 | max_across_ranks=19.811      1602.10     200.26     skip  whole-packed zigzag KV-head-sharded all-gather (2 KVH/chunk, comm/compute overlap); in-repo min_fa3 fallback; causal
fa3_ring                            - t0=20.947, t1=20.935, t2=20.718, t3=20.654, t4=20.694, t5=20.758, t6=20.830, t7=20.927 | max_across_ranks=20.951      1514.96     189.37     skip  NCCL zigzag ring; in-repo min_fa3 fallback block backward
megatron_hybrid_cp                  - t0=10.888, t1=10.896, t2=10.042, t3=9.666, t4=9.624, t5=9.672, t6=9.785, t7=9.798 | max_across_ranks=10.896           2912.91     364.11     skip  Megatron scheduler; 2 execution groups; P2P ring; in-repo min_fa3 fallback; forward-order phase replay; complete forward preparation excluded from backward timing; tokens(original/aligned)=131584/131584, padding=0 tokens; aligned-length Agg TFLOPS=2912.91, Avg/GPU=364.11
magi_attention                      - t0=9.988, t1=10.009, t2=10.014, t3=10.002, t4=10.029, t5=9.985, t6=9.985, t7=10.062 | max_across_ranks=10.062         3154.56     394.32     skip  chunk_size=2056, tokens(original/padded)=131584/131584, overlap_degree=2; dispatch excluded; performance-only; forward preparation excluded from backward timing
zeppelin                            - t0=11.243, t1=9.227, t2=9.029, t3=8.956, t4=8.887, t5=8.732, t6=8.662, t7=5.850 | max_across_ranks=11.243             2823.06     352.88     skip  L=4096; final_s0=256; iterations=12; G1=88,G7=1; padding=2; physical rank token loads=[21358,16238,15214,14958,14702,14190,13934,20992]; in-repo min_fa3 fallback; tokens(original/aligned)=131584/131586, padding=2 tokens; aligned-length Agg TFLOPS=2823.31, Avg/GPU=352.91
mega_ring_all_cp                128:4 t0=13.533, t1=13.543, t2=13.179, t3=13.124, t4=13.064, t5=12.888, t6=12.917, t7=12.830 | max_across_ranks=13.546      2343.09     292.89     skip  all-CP fused mega-ring; remote reset excluded; workspace=reused, reset=timed, aux_grid=exact; tokens(original/aligned)=131584/245760, padding=114176 tokens; aligned-length Agg TFLOPS=2841.24, Avg/GPU=355.16
mega_ring_all_cp                124:8 t0=13.636, t1=13.715, t2=13.553, t3=13.275, t4=13.216, t5=13.095, t6=12.982, t7=13.330 | max_across_ranks=13.758      2306.97     288.37     skip  all-CP fused mega-ring; remote reset excluded; workspace=reused, reset=timed, aux_grid=exact; tokens(original/aligned)=131584/245760, padding=114176 tokens; aligned-length Agg TFLOPS=2797.45, Avg/GPU=349.68
mega_ring_all_cp               120:12 t0=13.810, t1=13.853, t2=13.573, t3=13.464, t4=13.355, t5=13.148, t6=13.160, t7=13.056 | max_across_ranks=13.868      2288.66     286.08     skip  all-CP fused mega-ring; remote reset excluded; workspace=reused, reset=timed, aux_grid=exact; tokens(original/aligned)=131584/245760, padding=114176 tokens; aligned-length Agg TFLOPS=2775.25, Avg/GPU=346.91
mega_ring_all_cp               116:16 t0=13.996, t1=14.059, t2=13.877, t3=13.619, t4=13.491, t5=13.317, t6=13.274, t7=13.297 | max_across_ranks=14.061      2257.28     282.16     skip  all-CP fused mega-ring; remote reset excluded; workspace=reused, reset=timed, aux_grid=exact; tokens(original/aligned)=131584/245760, padding=114176 tokens; aligned-length Agg TFLOPS=2737.19, Avg/GPU=342.15
mega_ring_hybrid                128:4 t0=8.706, t1=8.663, t2=8.618, t3=8.656, t4=7.801, t5=7.685, t6=7.777, t7=7.630 | max_across_ranks=8.815               3600.52     450.06     skip  hierarchical hybrid fused mega-ring; remote reset excluded; workspace=reused, reset=timed, aux_grid=exact
mega_ring_hybrid                124:8 t0=8.688, t1=8.803, t2=8.804, t3=8.704, t4=7.987, t5=7.905, t6=7.863, t7=7.927 | max_across_ranks=8.828               3595.33     449.42     skip  hierarchical hybrid fused mega-ring; remote reset excluded; workspace=reused, reset=timed, aux_grid=exact
mega_ring_hybrid               120:12 t0=8.903, t1=8.807, t2=8.703, t3=8.719, t4=7.883, t5=7.813, t6=7.725, t7=7.692 | max_across_ranks=8.903               3564.89     445.61     skip  hierarchical hybrid fused mega-ring; remote reset excluded; workspace=reused, reset=timed, aux_grid=exact
mega_ring_hybrid               116:16 t0=9.143, t1=9.078, t2=8.996, t3=9.032, t4=8.076, t5=8.072, t6=8.006, t7=7.886 | max_across_ranks=9.146               3470.26     433.78     skip  hierarchical hybrid fused mega-ring; remote reset excluded; workspace=reused, reset=timed, aux_grid=exact

Workload: dataset=pile, case=13/20, B=123, global_tokens=131328, global_seqlens=[16384, 7168, 6144, 768, 256, 512, 256, 1792, 768, 256, 256, 512, 1536, 256, 1280, 768, 3072, 256, 768, 256, 512, 1024, 2560, 768, 256, 256, 256, 2560, 512, 256, 768, 1536, 256, 256, 512, 768, 2560, 768, 256, 256, 256, 512, 1024, 256, 2560, 768, 1536, 256, 256, 512, 768, 256, 1280, 256, 2560, 256, 512, 768, 1536, 2048, 256, 256, 1024, 1280, 768, 4096, 256, 1536, 256, 512, 768, 256, 512, 256, 1024, 256, 768, 256, 1280, 768, 256, 256, 512, 768, 1536, 256, 4096, 256, 512, 1024, 256, 768, 256, 768, 1280, 256, 256, 512, 256, 1536, 768, 256, 4096, 512, 1024, 256, 768, 256, 3072, 256, 256, 512, 1280, 256, 768, 256, 1536, 2048, 256, 1024, 512, 256, 768]
Mega-ring all-CP workload: alignment=2048, global_tokens=296960, global_seqlens=[16384, 8192, 6144, 2048, 2048, 2048, 2048, 2048, 2048, 2048, 2048, 2048, 2048, 2048, 2048, 2048, 4096, 2048, 2048, 2048, 2048, 2048, 4096, 2048, 2048, 2048, 2048, 4096, 2048, 2048, 2048, 2048, 2048, 2048, 2048, 2048, 4096, 2048, 2048, 2048, 2048, 2048, 2048, 2048, 4096, 2048, 2048, 2048, 2048, 2048, 2048, 2048, 2048, 2048, 4096, 2048, 2048, 2048, 2048, 2048, 2048, 2048, 2048, 2048, 2048, 4096, 2048, 2048, 2048, 2048, 2048, 2048, 2048, 2048, 2048, 2048, 2048, 2048, 2048, 2048, 2048, 2048, 2048, 2048, 2048, 2048, 4096, 2048, 2048, 2048, 2048, 2048, 2048, 2048, 2048, 2048, 2048, 2048, 2048, 2048, 2048, 2048, 4096, 2048, 2048, 2048, 2048, 2048, 4096, 2048, 2048, 2048, 2048, 2048, 2048, 2048, 2048, 2048, 2048, 2048, 2048, 2048, 2048]
Hybrid rings: sizes=[8, 4, 4, 1, 1, 1, 1, 1, 1, 1, 1, 1, 1, 1, 1, 1, 1, 1, 1, 1, 1, 1, 1, 1, 1, 1, 1, 1, 1, 1, 1, 1, 1, 1, 1, 1, 1, 1, 1, 1, 1, 1, 1, 1, 1, 1, 1, 1, 1, 1, 1, 1, 1, 1, 1, 1, 1, 1, 1, 1, 1, 1, 1, 1, 1, 1, 1, 1, 1, 1, 1, 1, 1, 1, 1, 1, 1, 1, 1, 1, 1, 1, 1, 1, 1, 1, 1, 1, 1, 1, 1, 1, 1, 1, 1, 1, 1, 1, 1, 1, 1, 1, 1, 1, 1, 1, 1, 1, 1, 1, 1, 1, 1, 1, 1, 1, 1, 1, 1, 1, 1, 1, 1], starts=[0, 0, 4, 0, 0, 0, 0, 0, 0, 0, 0, 0, 0, 0, 0, 0, 0, 0, 1, 1, 1, 1, 1, 1, 1, 1, 1, 1, 1, 1, 1, 1, 1, 2, 2, 2, 2, 2, 2, 2, 2, 2, 2, 2, 2, 2, 2, 2, 3, 3, 3, 3, 3, 3, 3, 3, 3, 3, 3, 3, 3, 3, 3, 4, 4, 4, 4, 4, 4, 4, 4, 4, 4, 4, 4, 4, 4, 4, 5, 5, 5, 5, 5, 5, 5, 5, 5, 5, 5, 5, 5, 5, 5, 6, 6, 6, 6, 6, 6, 6, 6, 6, 6, 6, 6, 6, 6, 6, 7, 7, 7, 7, 7, 7, 7, 7, 7, 7, 7, 7, 7, 7, 7]
Zeppelin placement: L=4096, final_s0=256, iterations=11, groups=[5, 1, 1, 1, 1, 1, 1, 1, 1, 1, 1, 1, 1, 1, 1, 1, 1, 1, 1, 1, 1, 1, 1, 1, 1, 1, 1, 1, 1, 1, 1, 1, 1, 1, 1, 1, 1, 1, 1, 1, 1, 1, 1, 1, 1, 1, 1, 1, 1, 1, 1, 1, 1, 1, 1, 1, 1, 1, 1, 1, 1, 1, 1, 1, 1, 1, 1, 1, 1, 1, 1, 1, 1, 1, 1, 1, 1, 1, 1, 1, 1, 1, 1, 1, 1, 1, 1, 1, 1, 1, 1, 1, 1, 1, 1, 1, 1, 1, 1, 1, 1, 1, 1, 1, 1, 1, 1, 1, 1, 1, 1, 1, 1, 1, 1, 1, 1, 1, 1, 1, 1, 1, 1], execution_lengths=[16390, 7168, 6144, 768, 256, 512, 256, 1792, 768, 256, 256, 512, 1536, 256, 1280, 768, 3072, 256, 768, 256, 512, 1024, 2560, 768, 256, 256, 256, 2560, 512, 256, 768, 1536, 256, 256, 512, 768, 2560, 768, 256, 256, 256, 512, 1024, 256, 2560, 768, 1536, 256, 256, 512, 768, 256, 1280, 256, 2560, 256, 512, 768, 1536, 2048, 256, 256, 1024, 1280, 768, 4096, 256, 1536, 256, 512, 768, 256, 512, 256, 1024, 256, 768, 256, 1280, 768, 256, 256, 512, 768, 1536, 256, 4096, 256, 512, 1024, 256, 768, 256, 768, 1280, 256, 256, 512, 256, 1536, 768, 256, 4096, 512, 1024, 256, 768, 256, 3072, 256, 256, 512, 1280, 256, 768, 256, 1536, 2048, 256, 1024, 512, 256, 768], padding=6, physical_rank_token_loads=[17870, 17102, 15822, 15566, 14542, 18432, 17408, 14592]
Timing excludes forward preparation, opaque-workspace construction, owner-accumulator reset, and the pre-launch distributed barrier; reused step-workspace reset and method-internal phase barriers are included; reported time is the average of the per-iteration max-rank end-to-end backward op times.
Method                      Comp:Comm Time ms                                                                                                            Agg TFLOPS    Avg/GPU    Check  Note
allgather_attention                 - t0=10.882, t1=10.869, t2=10.877, t3=10.888, t4=10.903, t5=10.911, t6=10.901, t7=10.892 | max_across_ranks=10.915       990.04     123.75     skip  per-sequence KV-head-sharded all-gather (2 KVH/chunk, comm/compute overlap); in-repo min_fa3 fallback; zigzag causal
llama3_allgather_attention          - t0=10.033, t1=10.051, t2=10.037, t3=10.022, t4=10.006, t5=9.987, t6=9.998, t7=10.014 | max_across_ranks=10.051        1075.12     134.39     skip  whole-packed zigzag KV-head-sharded all-gather (2 KVH/chunk, comm/compute overlap); in-repo min_fa3 fallback; causal
fa3_ring                            - t0=20.617, t1=20.620, t2=19.751, t3=19.970, t4=20.146, t5=20.284, t6=20.445, t7=20.607 | max_across_ranks=20.629       523.82      65.48     skip  NCCL zigzag ring; in-repo min_fa3 fallback block backward
megatron_hybrid_cp                  - t0=5.496, t1=5.504, t2=1.857, t3=2.514, t4=3.101, t5=3.278, t6=3.385, t7=3.403 | max_across_ranks=5.504               1963.19     245.40     skip  Megatron scheduler; 1 execution groups; P2P ring; in-repo min_fa3 fallback; forward-order phase replay; complete forward preparation excluded from backward timing; tokens(original/aligned)=131328/131328, padding=0 tokens; aligned-length Agg TFLOPS=1963.19, Avg/GPU=245.40
magi_attention                      - t0=4.708, t1=4.710, t2=4.668, t3=4.712, t4=4.729, t5=4.687, t6=4.708, t7=4.720 | max_across_ranks=4.730               2284.41     285.55     skip  chunk_size=2052, tokens(original/padded)=131328/131328, overlap_degree=2; dispatch excluded; performance-only; forward preparation excluded from backward timing
zeppelin                            - t0=4.777, t1=4.674, t2=4.334, t3=4.300, t4=4.150, t5=2.812, t6=2.356, t7=1.598 | max_across_ranks=4.777               2262.14     282.77     skip  L=4096; final_s0=256; iterations=11; G1=122,G5=1; padding=6; physical rank token loads=[17870,17102,15822,15566,14542,18432,17408,14592]; in-repo min_fa3 fallback; tokens(original/aligned)=131328/131334, padding=6 tokens; aligned-length Agg TFLOPS=2262.98, Avg/GPU=282.87
mega_ring_all_cp                128:4 t0=11.340, t1=11.342, t2=11.216, t3=11.192, t4=11.181, t5=11.178, t6=11.141, t7=11.134 | max_across_ranks=11.351       951.95     118.99     skip  all-CP fused mega-ring; remote reset excluded; workspace=reused, reset=timed, aux_grid=exact; tokens(original/aligned)=131328/296960, padding=165632 tokens; aligned-length Agg TFLOPS=1809.14, Avg/GPU=226.14
mega_ring_all_cp                124:8 t0=11.127, t1=11.132, t2=10.956, t3=10.937, t4=10.881, t5=10.877, t6=10.844, t7=10.809 | max_across_ranks=11.137       970.26     121.28     skip  all-CP fused mega-ring; remote reset excluded; workspace=reused, reset=timed, aux_grid=exact; tokens(original/aligned)=131328/296960, padding=165632 tokens; aligned-length Agg TFLOPS=1843.92, Avg/GPU=230.49
mega_ring_all_cp               120:12 t0=11.309, t1=11.314, t2=11.065, t3=11.006, t4=10.918, t5=10.907, t6=10.872, t7=10.815 | max_across_ranks=11.314       955.11     119.39     skip  all-CP fused mega-ring; remote reset excluded; workspace=reused, reset=timed, aux_grid=exact; tokens(original/aligned)=131328/296960, padding=165632 tokens; aligned-length Agg TFLOPS=1815.13, Avg/GPU=226.89
mega_ring_all_cp               116:16 t0=11.476, t1=11.481, t2=11.224, t3=11.143, t4=11.041, t5=11.021, t6=10.972, t7=10.904 | max_across_ranks=11.481       941.16     117.65     skip  all-CP fused mega-ring; remote reset excluded; workspace=reused, reset=timed, aux_grid=exact; tokens(original/aligned)=131328/296960, padding=165632 tokens; aligned-length Agg TFLOPS=1788.63, Avg/GPU=223.58
mega_ring_hybrid                128:4 t0=3.569, t1=3.588, t2=3.528, t3=3.514, t4=3.625, t5=3.606, t6=3.609, t7=3.453 | max_across_ranks=3.630               2977.05     372.13     skip  hierarchical hybrid fused mega-ring; remote reset excluded; workspace=reused, reset=timed, aux_grid=exact
mega_ring_hybrid                124:8 t0=3.469, t1=3.478, t2=3.475, t3=3.384, t4=3.545, t5=3.577, t6=3.516, t7=3.369 | max_across_ranks=3.593               3007.17     375.90     skip  hierarchical hybrid fused mega-ring; remote reset excluded; workspace=reused, reset=timed, aux_grid=exact
mega_ring_hybrid               120:12 t0=3.581, t1=3.525, t2=3.504, t3=3.414, t4=3.507, t5=3.642, t6=3.572, t7=3.437 | max_across_ranks=3.642               2966.91     370.86     skip  hierarchical hybrid fused mega-ring; remote reset excluded; workspace=reused, reset=timed, aux_grid=exact
mega_ring_hybrid               116:16 t0=3.696, t1=3.669, t2=3.635, t3=3.580, t4=3.672, t5=3.706, t6=3.675, t7=3.554 | max_across_ranks=3.742               2887.95     360.99     skip  hierarchical hybrid fused mega-ring; remote reset excluded; workspace=reused, reset=timed, aux_grid=exact

Workload: dataset=pile, case=14/20, B=147, global_tokens=131328, global_seqlens=[10240, 7168, 4096, 2560, 512, 1024, 256, 256, 1792, 256, 768, 2048, 256, 1280, 512, 256, 768, 256, 1024, 768, 512, 256, 256, 512, 768, 256, 1024, 256, 768, 2560, 256, 512, 256, 768, 1280, 256, 256, 512, 768, 1792, 256, 256, 768, 256, 512, 1024, 256, 768, 256, 256, 512, 768, 2560, 256, 256, 512, 768, 256, 1280, 1792, 1024, 256, 768, 256, 1280, 1536, 256, 256, 768, 512, 256, 256, 1024, 768, 256, 2560, 512, 768, 768, 512, 256, 1024, 1280, 256, 768, 1536, 256, 256, 512, 768, 256, 256, 3072, 768, 512, 768, 256, 512, 256, 768, 1280, 256, 512, 256, 1024, 768, 256, 1536, 256, 768, 512, 3072, 256, 256, 768, 256, 256, 768, 256, 512, 256, 256, 768, 1024, 512, 1280, 768, 3584, 2048, 256, 1024, 2560, 256, 256, 512, 768, 256, 256, 768, 256, 512, 3072, 256, 1536, 1024, 768, 256]
Mega-ring all-CP workload: alignment=2048, global_tokens=335872, global_seqlens=[10240, 8192, 4096, 4096, 2048, 2048, 2048, 2048, 2048, 2048, 2048, 2048, 2048, 2048, 2048, 2048, 2048, 2048, 2048, 2048, 2048, 2048, 2048, 2048, 2048, 2048, 2048, 2048, 2048, 4096, 2048, 2048, 2048, 2048, 2048, 2048, 2048, 2048, 2048, 2048, 2048, 2048, 2048, 2048, 2048, 2048, 2048, 2048, 2048, 2048, 2048, 2048, 4096, 2048, 2048, 2048, 2048, 2048, 2048, 2048, 2048, 2048, 2048, 2048, 2048, 2048, 2048, 2048, 2048, 2048, 2048, 2048, 2048, 2048, 2048, 4096, 2048, 2048, 2048, 2048, 2048, 2048, 2048, 2048, 2048, 2048, 2048, 2048, 2048, 2048, 2048, 2048, 4096, 2048, 2048, 2048, 2048, 2048, 2048, 2048, 2048, 2048, 2048, 2048, 2048, 2048, 2048, 2048, 2048, 2048, 2048, 4096, 2048, 2048, 2048, 2048, 2048, 2048, 2048, 2048, 2048, 2048, 2048, 2048, 2048, 2048, 2048, 4096, 2048, 2048, 2048, 4096, 2048, 2048, 2048, 2048, 2048, 2048, 2048, 2048, 2048, 4096, 2048, 2048, 2048, 2048, 2048]
Hybrid rings: sizes=[8, 4, 2, 2, 1, 1, 1, 1, 1, 1, 1, 1, 1, 1, 1, 1, 1, 1, 1, 1, 1, 1, 1, 1, 1, 1, 1, 1, 1, 1, 1, 1, 1, 1, 1, 1, 1, 1, 1, 1, 1, 1, 1, 1, 1, 1, 1, 1, 1, 1, 1, 1, 1, 1, 1, 1, 1, 1, 1, 1, 1, 1, 1, 1, 1, 1, 1, 1, 1, 1, 1, 1, 1, 1, 1, 1, 1, 1, 1, 1, 1, 1, 1, 1, 1, 1, 1, 1, 1, 1, 1, 1, 1, 1, 1, 1, 1, 1, 1, 1, 1, 1, 1, 1, 1, 1, 1, 1, 1, 1, 1, 1, 1, 1, 1, 1, 1, 1, 1, 1, 1, 1, 1, 1, 1, 1, 1, 1, 1, 1, 1, 1, 1, 1, 1, 1, 1, 1, 1, 1, 1, 1, 1, 1, 1, 1, 1], starts=[0, 0, 4, 6, 0, 0, 0, 0, 0, 0, 0, 0, 0, 0, 0, 0, 0, 0, 0, 0, 0, 0, 1, 1, 1, 1, 1, 1, 1, 1, 1, 1, 1, 1, 1, 1, 1, 1, 1, 1, 1, 2, 2, 2, 2, 2, 2, 2, 2, 2, 2, 2, 2, 2, 2, 2, 2, 2, 2, 2, 3, 3, 3, 3, 3, 3, 3, 3, 3, 3, 3, 3, 3, 3, 3, 3, 3, 3, 4, 4, 4, 4, 4, 4, 4, 4, 4, 4, 4, 4, 4, 4, 4, 4, 4, 5, 5, 5, 5, 5, 5, 5, 5, 5, 5, 5, 5, 5, 5, 5, 5, 5, 6, 6, 6, 6, 6, 6, 6, 6, 6, 6, 6, 6, 6, 6, 6, 6, 6, 7, 7, 7, 7, 7, 7, 7, 7, 7, 7, 7, 7, 7, 7, 7, 7, 7, 7]
Zeppelin placement: L=4096, final_s0=256, iterations=12, groups=[3, 2, 1, 1, 1, 1, 1, 1, 1, 1, 1, 1, 1, 1, 1, 1, 1, 1, 1, 1, 1, 1, 1, 1, 1, 1, 1, 1, 1, 1, 1, 1, 1, 1, 1, 1, 1, 1, 1, 1, 1, 1, 1, 1, 1, 1, 1, 1, 1, 1, 1, 1, 1, 1, 1, 1, 1, 1, 1, 1, 1, 1, 1, 1, 1, 1, 1, 1, 1, 1, 1, 1, 1, 1, 1, 1, 1, 1, 1, 1, 1, 1, 1, 1, 1, 1, 1, 1, 1, 1, 1, 1, 1, 1, 1, 1, 1, 1, 1, 1, 1, 1, 1, 1, 1, 1, 1, 1, 1, 1, 1, 1, 1, 1, 1, 1, 1, 1, 1, 1, 1, 1, 1, 1, 1, 1, 1, 1, 1, 1, 1, 1, 1, 1, 1, 1, 1, 1, 1, 1, 1, 1, 1, 1, 1, 1, 1], execution_lengths=[10242, 7168, 4096, 2560, 512, 1024, 256, 256, 1792, 256, 768, 2048, 256, 1280, 512, 256, 768, 256, 1024, 768, 512, 256, 256, 512, 768, 256, 1024, 256, 768, 2560, 256, 512, 256, 768, 1280, 256, 256, 512, 768, 1792, 256, 256, 768, 256, 512, 1024, 256, 768, 256, 256, 512, 768, 2560, 256, 256, 512, 768, 256, 1280, 1792, 1024, 256, 768, 256, 1280, 1536, 256, 256, 768, 512, 256, 256, 1024, 768, 256, 2560, 512, 768, 768, 512, 256, 1024, 1280, 256, 768, 1536, 256, 256, 512, 768, 256, 256, 3072, 768, 512, 768, 256, 512, 256, 768, 1280, 256, 512, 256, 1024, 768, 256, 1536, 256, 768, 512, 3072, 256, 256, 768, 256, 256, 768, 256, 512, 256, 256, 768, 1024, 512, 1280, 768, 3584, 2048, 256, 1024, 2560, 256, 256, 512, 768, 256, 256, 768, 256, 512, 3072, 256, 1536, 1024, 768, 256], padding=2, physical_rank_token_loads=[17494, 17238, 16470, 16640, 16384, 16640, 15872, 14592]
Timing excludes forward preparation, opaque-workspace construction, owner-accumulator reset, and the pre-launch distributed barrier; reused step-workspace reset and method-internal phase barriers are included; reported time is the average of the per-iteration max-rank end-to-end backward op times.
Method                      Comp:Comm Time ms                                                                                                            Agg TFLOPS    Avg/GPU    Check  Note
allgather_attention                 - t0=9.655, t1=9.663, t2=9.670, t3=9.659, t4=9.652, t5=9.651, t6=9.643, t7=9.647 | max_across_ranks=9.677                686.68      85.83     skip  per-sequence KV-head-sharded all-gather (2 KVH/chunk, comm/compute overlap); in-repo min_fa3 fallback; zigzag causal
llama3_allgather_attention          - t0=5.743, t1=5.756, t2=5.744, t3=5.731, t4=5.716, t5=5.701, t6=5.711, t7=5.727 | max_across_ranks=5.756               1154.45     144.31     skip  whole-packed zigzag KV-head-sharded all-gather (2 KVH/chunk, comm/compute overlap); in-repo min_fa3 fallback; causal
fa3_ring                            - t0=17.463, t1=17.466, t2=16.329, t3=16.542, t4=16.780, t5=17.090, t6=17.272, t7=17.442 | max_across_ranks=17.466       380.46      47.56     skip  NCCL zigzag ring; in-repo min_fa3 fallback block backward
megatron_hybrid_cp                  - t0=2.394, t1=2.399, t2=1.855, t3=2.973, t4=3.153, t5=3.090, t6=3.192, t7=3.240 | max_across_ranks=3.240               2051.14     256.39     skip  Megatron scheduler; 1 execution groups; P2P ring; in-repo min_fa3 fallback; forward-order phase replay; complete forward preparation excluded from backward timing; tokens(original/aligned)=131328/131328, padding=0 tokens; aligned-length Agg TFLOPS=2051.14, Avg/GPU=256.39
magi_attention                      - t0=3.665, t1=3.711, t2=3.654, t3=3.660, t4=3.646, t5=3.625, t6=3.703, t7=3.577 | max_across_ranks=3.733               1780.28     222.54     skip  chunk_size=2052, tokens(original/padded)=131328/131328, overlap_degree=2; dispatch excluded; performance-only; forward preparation excluded from backward timing
zeppelin                            - t0=3.318, t1=3.304, t2=3.150, t3=2.576, t4=2.552, t5=1.742, t6=1.576, t7=1.350 | max_across_ranks=3.318               2002.75     250.34     skip  L=4096; final_s0=256; iterations=12; G1=145,G2=1,G3=1; padding=2; physical rank token loads=[17494,17238,16470,16640,16384,16640,15872,14592]; in-repo min_fa3 fallback; tokens(original/aligned)=131328/131330, padding=2 tokens; aligned-length Agg TFLOPS=2003.00, Avg/GPU=250.37
mega_ring_all_cp                128:4 t0=12.289, t1=12.106, t2=12.057, t3=12.138, t4=12.177, t5=12.214, t6=12.207, t7=12.283 | max_across_ranks=12.289       540.75      67.59     skip  all-CP fused mega-ring; remote reset excluded; workspace=reused, reset=timed, aux_grid=exact; tokens(original/aligned)=131328/335872, padding=204544 tokens; aligned-length Agg TFLOPS=1510.42, Avg/GPU=188.80
mega_ring_all_cp                124:8 t0=11.892, t1=11.899, t2=11.695, t3=11.681, t4=11.634, t5=11.634, t6=11.557, t7=11.549 | max_across_ranks=11.899       558.45      69.81     skip  all-CP fused mega-ring; remote reset excluded; workspace=reused, reset=timed, aux_grid=exact; tokens(original/aligned)=131328/335872, padding=204544 tokens; aligned-length Agg TFLOPS=1559.86, Avg/GPU=194.98
mega_ring_all_cp               120:12 t0=12.025, t1=12.032, t2=11.759, t3=11.714, t4=11.641, t5=11.631, t6=11.579, t7=11.548 | max_across_ranks=12.032       552.29      69.04     skip  all-CP fused mega-ring; remote reset excluded; workspace=reused, reset=timed, aux_grid=exact; tokens(original/aligned)=131328/335872, padding=204544 tokens; aligned-length Agg TFLOPS=1542.64, Avg/GPU=192.83
mega_ring_all_cp               116:16 t0=12.187, t1=12.194, t2=11.907, t3=11.848, t4=11.746, t5=11.732, t6=11.668, t7=11.640 | max_across_ranks=12.194       544.93      68.12     skip  all-CP fused mega-ring; remote reset excluded; workspace=reused, reset=timed, aux_grid=exact; tokens(original/aligned)=131328/335872, padding=204544 tokens; aligned-length Agg TFLOPS=1522.10, Avg/GPU=190.26
mega_ring_hybrid                128:4 t0=2.747, t1=2.815, t2=2.780, t3=2.793, t4=2.663, t5=2.667, t6=2.654, t7=2.694 | max_across_ranks=2.819               2357.39     294.67     skip  hierarchical hybrid fused mega-ring; remote reset excluded; workspace=reused, reset=timed, aux_grid=exact
mega_ring_hybrid                124:8 t0=2.595, t1=2.657, t2=2.669, t3=2.642, t4=2.533, t5=2.536, t6=2.489, t7=2.549 | max_across_ranks=2.674               2485.34     310.67     skip  hierarchical hybrid fused mega-ring; remote reset excluded; workspace=reused, reset=timed, aux_grid=exact
mega_ring_hybrid               120:12 t0=2.584, t1=2.655, t2=2.640, t3=2.611, t4=2.515, t5=2.515, t6=2.464, t7=2.504 | max_across_ranks=2.655               2502.97     312.87     skip  hierarchical hybrid fused mega-ring; remote reset excluded; workspace=reused, reset=timed, aux_grid=exact
mega_ring_hybrid               116:16 t0=2.630, t1=2.693, t2=2.676, t3=2.674, t4=2.551, t5=2.547, t6=2.522, t7=2.557 | max_across_ranks=2.701               2459.84     307.48     skip  hierarchical hybrid fused mega-ring; remote reset excluded; workspace=reused, reset=timed, aux_grid=exact

Workload: dataset=pile, case=15/20, B=124, global_tokens=131072, global_seqlens=[10240, 10240, 6144, 6144, 5120, 512, 512, 1024, 256, 512, 768, 256, 256, 1792, 768, 1024, 256, 1536, 512, 256, 256, 256, 1536, 768, 512, 256, 1024, 256, 1280, 512, 768, 1536, 768, 256, 256, 256, 256, 512, 768, 256, 1024, 256, 512, 768, 1792, 1280, 1536, 256, 256, 768, 512, 768, 256, 1024, 1280, 1536, 256, 512, 768, 256, 256, 768, 512, 1536, 256, 1280, 256, 1024, 256, 768, 512, 256, 1024, 3072, 256, 512, 768, 256, 768, 256, 768, 512, 256, 2048, 1024, 768, 1280, 256, 2560, 512, 256, 768, 256, 512, 768, 256, 1024, 1280, 256, 768, 4096, 512, 256, 256, 768, 2560, 512, 256, 768, 1792, 768, 256, 1024, 256, 768, 512, 256, 2048, 256, 768, 512, 4096, 256, 768]
Mega-ring all-CP workload: alignment=2048, global_tokens=292864, global_seqlens=[10240, 10240, 6144, 6144, 6144, 2048, 2048, 2048, 2048, 2048, 2048, 2048, 2048, 2048, 2048, 2048, 2048, 2048, 2048, 2048, 2048, 2048, 2048, 2048, 2048, 2048, 2048, 2048, 2048, 2048, 2048, 2048, 2048, 2048, 2048, 2048, 2048, 2048, 2048, 2048, 2048, 2048, 2048, 2048, 2048, 2048, 2048, 2048, 2048, 2048, 2048, 2048, 2048, 2048, 2048, 2048, 2048, 2048, 2048, 2048, 2048, 2048, 2048, 2048, 2048, 2048, 2048, 2048, 2048, 2048, 2048, 2048, 2048, 4096, 2048, 2048, 2048, 2048, 2048, 2048, 2048, 2048, 2048, 2048, 2048, 2048, 2048, 2048, 4096, 2048, 2048, 2048, 2048, 2048, 2048, 2048, 2048, 2048, 2048, 2048, 4096, 2048, 2048, 2048, 2048, 4096, 2048, 2048, 2048, 2048, 2048, 2048, 2048, 2048, 2048, 2048, 2048, 2048, 2048, 2048, 2048, 4096, 2048, 2048]
Hybrid rings: sizes=[4, 4, 2, 2, 2, 1, 1, 1, 1, 1, 1, 1, 1, 1, 1, 1, 1, 1, 1, 1, 1, 1, 1, 1, 1, 1, 1, 1, 1, 1, 1, 1, 1, 1, 1, 1, 1, 1, 1, 1, 1, 1, 1, 1, 1, 1, 1, 1, 1, 1, 1, 1, 1, 1, 1, 1, 1, 1, 1, 1, 1, 1, 1, 1, 1, 1, 1, 1, 1, 1, 1, 1, 1, 1, 1, 1, 1, 1, 1, 1, 1, 1, 1, 1, 1, 1, 1, 1, 1, 1, 1, 1, 1, 1, 1, 1, 1, 1, 1, 1, 1, 1, 1, 1, 1, 1, 1, 1, 1, 1, 1, 1, 1, 1, 1, 1, 1, 1, 1, 1, 1, 1, 1, 1], starts=[0, 4, 0, 2, 4, 0, 0, 0, 0, 0, 0, 0, 0, 0, 0, 0, 0, 0, 0, 0, 1, 1, 1, 1, 1, 1, 1, 1, 1, 1, 1, 1, 1, 1, 1, 2, 2, 2, 2, 2, 2, 2, 2, 2, 2, 2, 2, 2, 2, 2, 3, 3, 3, 3, 3, 3, 3, 3, 3, 3, 3, 3, 3, 3, 3, 4, 4, 4, 4, 4, 4, 4, 4, 4, 4, 4, 4, 4, 4, 4, 5, 5, 5, 5, 5, 5, 5, 5, 5, 5, 5, 5, 5, 5, 6, 6, 6, 6, 6, 6, 6, 6, 6, 6, 6, 6, 6, 6, 6, 7, 7, 7, 7, 7, 7, 7, 7, 7, 7, 7, 7, 7, 7, 7]
Zeppelin placement: L=4096, final_s0=256, iterations=11, groups=[2, 2, 1, 1, 1, 1, 1, 1, 1, 1, 1, 1, 1, 1, 1, 1, 1, 1, 1, 1, 1, 1, 1, 1, 1, 1, 1, 1, 1, 1, 1, 1, 1, 1, 1, 1, 1, 1, 1, 1, 1, 1, 1, 1, 1, 1, 1, 1, 1, 1, 1, 1, 1, 1, 1, 1, 1, 1, 1, 1, 1, 1, 1, 1, 1, 1, 1, 1, 1, 1, 1, 1, 1, 1, 1, 1, 1, 1, 1, 1, 1, 1, 1, 1, 1, 1, 1, 1, 1, 1, 1, 1, 1, 1, 1, 1, 1, 1, 1, 1, 1, 1, 1, 1, 1, 1, 1, 1, 1, 1, 1, 1, 1, 1, 1, 1, 1, 1, 1, 1, 1, 1, 1, 1], execution_lengths=[10240, 10240, 6144, 6144, 5120, 512, 512, 1024, 256, 512, 768, 256, 256, 1792, 768, 1024, 256, 1536, 512, 256, 256, 256, 1536, 768, 512, 256, 1024, 256, 1280, 512, 768, 1536, 768, 256, 256, 256, 256, 512, 768, 256, 1024, 256, 512, 768, 1792, 1280, 1536, 256, 256, 768, 512, 768, 256, 1024, 1280, 1536, 256, 512, 768, 256, 256, 768, 512, 1536, 256, 1280, 256, 1024, 256, 768, 512, 256, 1024, 3072, 256, 512, 768, 256, 768, 256, 768, 512, 256, 2048, 1024, 768, 1280, 256, 2560, 512, 256, 768, 256, 512, 768, 256, 1024, 1280, 256, 768, 4096, 512, 256, 256, 768, 2560, 512, 256, 768, 1792, 768, 256, 1024, 256, 768, 512, 256, 2048, 256, 768, 512, 4096, 256, 768], padding=0, physical_rank_token_loads=[18432, 17152, 16640, 16640, 16896, 16640, 15104, 13568]
Timing excludes forward preparation, opaque-workspace construction, owner-accumulator reset, and the pre-launch distributed barrier; reused step-workspace reset and method-internal phase barriers are included; reported time is the average of the per-iteration max-rank end-to-end backward op times.
Method                      Comp:Comm Time ms                                                                                                            Agg TFLOPS    Avg/GPU    Check  Note
allgather_attention                 - t0=9.807, t1=9.820, t2=9.832, t3=9.823, t4=9.811, t5=9.797, t6=9.784, t7=9.792 | max_across_ranks=9.834                922.38     115.30     skip  per-sequence KV-head-sharded all-gather (2 KVH/chunk, comm/compute overlap); in-repo min_fa3 fallback; zigzag causal
llama3_allgather_attention          - t0=6.173, t1=6.187, t2=6.199, t3=6.188, t4=6.175, t5=6.161, t6=6.142, t7=6.154 | max_across_ranks=6.199               1463.19     182.90     skip  whole-packed zigzag KV-head-sharded all-gather (2 KVH/chunk, comm/compute overlap); in-repo min_fa3 fallback; causal
fa3_ring                            - t0=16.840, t1=16.843, t2=15.761, t3=15.984, t4=16.238, t5=16.440, t6=16.632, t7=16.818 | max_across_ranks=16.843       538.54      67.32     skip  NCCL zigzag ring; in-repo min_fa3 fallback block backward
megatron_hybrid_cp                  - t0=3.577, t1=3.532, t2=3.548, t3=3.468, t4=3.466, t5=3.476, t6=3.454, t7=3.607 | max_across_ranks=3.615               2509.28     313.66     skip  Megatron scheduler; 2 execution groups; P2P ring; in-repo min_fa3 fallback; forward-order phase replay; complete forward preparation excluded from backward timing; tokens(original/aligned)=131072/131072, padding=0 tokens; aligned-length Agg TFLOPS=2509.28, Avg/GPU=313.66
magi_attention                      - t0=4.014, t1=3.868, t2=4.023, t3=3.974, t4=3.885, t5=4.041, t6=4.024, t7=3.978 | max_across_ranks=4.054               2237.17     279.65     skip  chunk_size=2048, tokens(original/padded)=131072/131072, overlap_degree=2; dispatch excluded; performance-only; forward preparation excluded from backward timing
zeppelin                            - t0=3.831, t1=3.521, t2=3.391, t3=3.393, t4=2.281, t5=2.265, t6=1.826, t7=1.446 | max_across_ranks=3.831               2367.51     295.94     skip  L=4096; final_s0=256; iterations=11; G1=122,G2=2; padding=0; physical rank token loads=[18432,17152,16640,16640,16896,16640,15104,13568]; in-repo min_fa3 fallback; tokens(original/aligned)=131072/131072, padding=0 tokens; aligned-length Agg TFLOPS=2367.51, Avg/GPU=295.94
mega_ring_all_cp                128:4 t0=10.793, t1=10.810, t2=10.787, t3=10.746, t4=10.732, t5=10.722, t6=10.670, t7=10.639 | max_across_ranks=10.818       838.49     104.81     skip  all-CP fused mega-ring; remote reset excluded; workspace=reused, reset=timed, aux_grid=exact; tokens(original/aligned)=131072/292864, padding=161792 tokens; aligned-length Agg TFLOPS=1676.04, Avg/GPU=209.50
mega_ring_all_cp                124:8 t0=10.552, t1=10.570, t2=10.549, t3=10.489, t4=10.419, t5=10.417, t6=10.369, t7=10.334 | max_across_ranks=10.573       857.90     107.24     skip  all-CP fused mega-ring; remote reset excluded; workspace=reused, reset=timed, aux_grid=exact; tokens(original/aligned)=131072/292864, padding=161792 tokens; aligned-length Agg TFLOPS=1714.84, Avg/GPU=214.35
mega_ring_all_cp               120:12 t0=10.733, t1=10.746, t2=10.637, t3=10.562, t4=10.468, t5=10.466, t6=10.390, t7=10.333 | max_across_ranks=10.746       844.07     105.51     skip  all-CP fused mega-ring; remote reset excluded; workspace=reused, reset=timed, aux_grid=exact; tokens(original/aligned)=131072/292864, padding=161792 tokens; aligned-length Agg TFLOPS=1687.20, Avg/GPU=210.90
mega_ring_all_cp               116:16 t0=10.899, t1=10.908, t2=10.778, t3=10.671, t4=10.562, t5=10.535, t6=10.472, t7=10.412 | max_across_ranks=10.908       831.55     103.94     skip  all-CP fused mega-ring; remote reset excluded; workspace=reused, reset=timed, aux_grid=exact; tokens(original/aligned)=131072/292864, padding=161792 tokens; aligned-length Agg TFLOPS=1662.17, Avg/GPU=207.77
mega_ring_hybrid                128:4 t0=3.119, t1=3.094, t2=3.115, t3=3.104, t4=3.120, t5=3.184, t6=3.099, t7=3.135 | max_across_ranks=3.190               2843.57     355.45     skip  hierarchical hybrid fused mega-ring; remote reset excluded; workspace=reused, reset=timed, aux_grid=exact
mega_ring_hybrid                124:8 t0=3.023, t1=3.044, t2=3.024, t3=2.978, t4=3.019, t5=3.110, t6=2.993, t7=2.967 | max_across_ranks=3.110               2916.90     364.61     skip  hierarchical hybrid fused mega-ring; remote reset excluded; workspace=reused, reset=timed, aux_grid=exact
mega_ring_hybrid               120:12 t0=3.031, t1=3.021, t2=3.030, t3=3.011, t4=3.049, t5=3.179, t6=3.044, t7=2.972 | max_across_ranks=3.179               2853.39     356.67     skip  hierarchical hybrid fused mega-ring; remote reset excluded; workspace=reused, reset=timed, aux_grid=exact
mega_ring_hybrid               116:16 t0=3.079, t1=3.119, t2=3.143, t3=3.048, t4=3.164, t5=3.217, t6=3.172, t7=3.057 | max_across_ranks=3.220               2816.92     352.12     skip  hierarchical hybrid fused mega-ring; remote reset excluded; workspace=reused, reset=timed, aux_grid=exact

Workload: dataset=pile, case=16/20, B=88, global_tokens=131072, global_seqlens=[20480, 18432, 8192, 5120, 512, 4096, 1024, 768, 256, 1280, 512, 1792, 256, 256, 512, 1536, 256, 1024, 4096, 768, 256, 1536, 512, 256, 768, 256, 1024, 1280, 1536, 768, 256, 512, 256, 768, 4096, 512, 256, 2560, 768, 512, 256, 1536, 768, 256, 2560, 512, 256, 1280, 512, 256, 2048, 256, 768, 1024, 1280, 512, 256, 256, 512, 256, 256, 768, 2048, 1280, 512, 256, 1024, 256, 256, 256, 2560, 512, 256, 1280, 1024, 768, 256, 2560, 768, 256, 512, 256, 768, 2560, 1280, 512, 256, 2560]
Mega-ring all-CP workload: alignment=2048, global_tokens=243712, global_seqlens=[20480, 18432, 8192, 6144, 2048, 4096, 2048, 2048, 2048, 2048, 2048, 2048, 2048, 2048, 2048, 2048, 2048, 2048, 4096, 2048, 2048, 2048, 2048, 2048, 2048, 2048, 2048, 2048, 2048, 2048, 2048, 2048, 2048, 2048, 4096, 2048, 2048, 4096, 2048, 2048, 2048, 2048, 2048, 2048, 4096, 2048, 2048, 2048, 2048, 2048, 2048, 2048, 2048, 2048, 2048, 2048, 2048, 2048, 2048, 2048, 2048, 2048, 2048, 2048, 2048, 2048, 2048, 2048, 2048, 2048, 4096, 2048, 2048, 2048, 2048, 2048, 2048, 4096, 2048, 2048, 2048, 2048, 2048, 4096, 2048, 2048, 2048, 4096]
Hybrid rings: sizes=[4, 4, 4, 2, 1, 1, 1, 1, 1, 1, 1, 1, 1, 1, 1, 1, 1, 1, 1, 1, 1, 1, 1, 1, 1, 1, 1, 1, 1, 1, 1, 1, 1, 1, 1, 1, 1, 1, 1, 1, 1, 1, 1, 1, 1, 1, 1, 1, 1, 1, 1, 1, 1, 1, 1, 1, 1, 1, 1, 1, 1, 1, 1, 1, 1, 1, 1, 1, 1, 1, 1, 1, 1, 1, 1, 1, 1, 1, 1, 1, 1, 1, 1, 1, 1, 1, 1, 1], starts=[0, 4, 4, 4, 0, 0, 0, 0, 0, 0, 0, 0, 0, 0, 0, 1, 1, 1, 1, 1, 1, 1, 1, 1, 1, 1, 2, 2, 2, 2, 2, 2, 2, 2, 2, 2, 2, 3, 3, 3, 3, 3, 3, 3, 3, 3, 3, 3, 4, 4, 4, 4, 4, 4, 4, 4, 4, 4, 5, 5, 5, 5, 5, 5, 5, 5, 5, 5, 6, 6, 6, 6, 6, 6, 6, 6, 6, 6, 7, 7, 7, 7, 7, 7, 7, 7, 7, 7]
Zeppelin placement: L=4096, final_s0=256, iterations=10, groups=[4, 3, 1, 1, 1, 1, 1, 1, 1, 1, 1, 1, 1, 1, 1, 1, 1, 1, 1, 1, 1, 1, 1, 1, 1, 1, 1, 1, 1, 1, 1, 1, 1, 1, 1, 1, 1, 1, 1, 1, 1, 1, 1, 1, 1, 1, 1, 1, 1, 1, 1, 1, 1, 1, 1, 1, 1, 1, 1, 1, 1, 1, 1, 1, 1, 1, 1, 1, 1, 1, 1, 1, 1, 1, 1, 1, 1, 1, 1, 1, 1, 1, 1, 1, 1, 1, 1, 1], execution_lengths=[20480, 18432, 8192, 5120, 512, 4096, 1024, 768, 256, 1280, 512, 1792, 256, 256, 512, 1536, 256, 1024, 4096, 768, 256, 1536, 512, 256, 768, 256, 1024, 1280, 1536, 768, 256, 512, 256, 768, 4096, 512, 256, 2560, 768, 512, 256, 1536, 768, 256, 2560, 512, 256, 1280, 512, 256, 2048, 256, 768, 1024, 1280, 512, 256, 256, 512, 256, 256, 768, 2048, 1280, 512, 256, 1024, 256, 256, 256, 2560, 512, 256, 1280, 1024, 768, 256, 2560, 768, 256, 512, 256, 768, 2560, 1280, 512, 256, 2560], padding=0, physical_rank_token_loads=[18688, 17152, 16384, 16384, 15616, 15104, 14848, 16896]
Timing excludes forward preparation, opaque-workspace construction, owner-accumulator reset, and the pre-launch distributed barrier; reused step-workspace reset and method-internal phase barriers are included; reported time is the average of the per-iteration max-rank end-to-end backward op times.
Method                      Comp:Comm Time ms                                                                                                            Agg TFLOPS    Avg/GPU    Check  Note
allgather_attention                 - t0=12.316, t1=12.311, t2=12.310, t3=12.315, t4=12.310, t5=12.312, t6=12.313, t7=12.319 | max_across_ranks=12.334      1650.33     206.29     skip  per-sequence KV-head-sharded all-gather (2 KVH/chunk, comm/compute overlap); in-repo min_fa3 fallback; zigzag causal
llama3_allgather_attention          - t0=9.696, t1=9.714, t2=9.700, t3=9.684, t4=9.669, t5=9.653, t6=9.661, t7=9.677 | max_across_ranks=9.714               2095.58     261.95     skip  whole-packed zigzag KV-head-sharded all-gather (2 KVH/chunk, comm/compute overlap); in-repo min_fa3 fallback; causal
fa3_ring                            - t0=19.246, t1=19.268, t2=19.282, t3=19.286, t4=19.286, t5=19.277, t6=19.209, t7=19.057 | max_across_ranks=19.305      1054.42     131.80     skip  NCCL zigzag ring; in-repo min_fa3 fallback block backward
megatron_hybrid_cp                  - t0=7.105, t1=5.659, t2=6.408, t3=6.349, t4=6.384, t5=6.464, t6=6.442, t7=6.681 | max_across_ranks=7.105               2864.89     358.11     skip  Megatron scheduler; 2 execution groups; P2P ring; in-repo min_fa3 fallback; forward-order phase replay; complete forward preparation excluded from backward timing; tokens(original/aligned)=131072/131072, padding=0 tokens; aligned-length Agg TFLOPS=2864.89, Avg/GPU=358.11
magi_attention                      - t0=6.562, t1=6.498, t2=6.539, t3=6.556, t4=6.568, t5=6.581, t6=6.606, t7=6.502 | max_across_ranks=6.611               3079.10     384.89     skip  chunk_size=2048, tokens(original/padded)=131072/131072, overlap_degree=2; dispatch excluded; performance-only; forward preparation excluded from backward timing
zeppelin                            - t0=6.611, t1=6.164, t2=6.024, t3=5.975, t4=5.495, t5=5.448, t6=5.417, t7=3.175 | max_across_ranks=6.611               3079.19     384.90     skip  L=4096; final_s0=256; iterations=10; G1=86,G3=1,G4=1; padding=0; physical rank token loads=[18688,17152,16384,16384,15616,15104,14848,16896]; in-repo min_fa3 fallback; tokens(original/aligned)=131072/131072, padding=0 tokens; aligned-length Agg TFLOPS=3079.19, Avg/GPU=384.90
mega_ring_all_cp                128:4 t0=10.945, t1=11.059, t2=11.067, t3=10.945, t4=10.881, t5=10.854, t6=10.839, t7=10.694 | max_across_ranks=11.075      1838.01     229.75     skip  all-CP fused mega-ring; remote reset excluded; workspace=reused, reset=timed, aux_grid=exact; tokens(original/aligned)=131072/243712, padding=112640 tokens; aligned-length Agg TFLOPS=2459.21, Avg/GPU=307.40
mega_ring_all_cp                124:8 t0=11.084, t1=11.090, t2=10.904, t3=10.869, t4=10.667, t5=10.650, t6=10.628, t7=10.463 | max_across_ranks=11.101      1833.60     229.20     skip  all-CP fused mega-ring; remote reset excluded; workspace=reused, reset=timed, aux_grid=exact; tokens(original/aligned)=131072/243712, padding=112640 tokens; aligned-length Agg TFLOPS=2453.30, Avg/GPU=306.66
mega_ring_all_cp               120:12 t0=11.193, t1=11.297, t2=11.184, t3=11.068, t4=10.832, t5=10.751, t6=10.708, t7=10.482 | max_across_ranks=11.311      1799.54     224.94     skip  all-CP fused mega-ring; remote reset excluded; workspace=reused, reset=timed, aux_grid=exact; tokens(original/aligned)=131072/243712, padding=112640 tokens; aligned-length Agg TFLOPS=2407.74, Avg/GPU=300.97
mega_ring_all_cp               116:16 t0=11.345, t1=11.360, t2=11.299, t3=11.205, t4=10.982, t5=10.999, t6=10.874, t7=10.651 | max_across_ranks=11.383      1788.16     223.52     skip  all-CP fused mega-ring; remote reset excluded; workspace=reused, reset=timed, aux_grid=exact; tokens(original/aligned)=131072/243712, padding=112640 tokens; aligned-length Agg TFLOPS=2392.51, Avg/GPU=299.06
mega_ring_hybrid                128:4 t0=5.806, t1=5.869, t2=5.892, t3=5.763, t4=5.482, t5=5.488, t6=5.340, t7=5.364 | max_across_ranks=5.967               3411.15     426.39     skip  hierarchical hybrid fused mega-ring; remote reset excluded; workspace=reused, reset=timed, aux_grid=exact
mega_ring_hybrid                124:8 t0=5.837, t1=5.818, t2=5.736, t3=5.591, t4=5.591, t5=5.575, t6=5.223, t7=5.254 | max_across_ranks=5.852               3478.26     434.78     skip  hierarchical hybrid fused mega-ring; remote reset excluded; workspace=reused, reset=timed, aux_grid=exact
mega_ring_hybrid               120:12 t0=5.904, t1=5.808, t2=5.851, t3=5.733, t4=5.657, t5=5.609, t6=5.364, t7=5.293 | max_across_ranks=5.913               3442.47     430.31     skip  hierarchical hybrid fused mega-ring; remote reset excluded; workspace=reused, reset=timed, aux_grid=exact
mega_ring_hybrid               116:16 t0=6.044, t1=5.981, t2=5.882, t3=5.765, t4=5.738, t5=5.756, t6=5.465, t7=5.394 | max_across_ranks=6.046               3366.89     420.86     skip  hierarchical hybrid fused mega-ring; remote reset excluded; workspace=reused, reset=timed, aux_grid=exact

Workload: dataset=pile, case=17/20, B=138, global_tokens=131072, global_seqlens=[12288, 10240, 6144, 2560, 512, 256, 1280, 768, 256, 768, 512, 768, 1024, 2560, 1536, 512, 256, 256, 512, 256, 768, 256, 768, 512, 768, 256, 512, 1536, 1280, 768, 1024, 512, 256, 1792, 256, 512, 768, 256, 1536, 768, 512, 256, 768, 512, 256, 1024, 768, 1280, 1536, 512, 256, 256, 1536, 1792, 512, 768, 256, 1536, 512, 1536, 768, 1024, 1280, 512, 256, 768, 1536, 512, 256, 256, 512, 256, 768, 1024, 768, 256, 512, 256, 1280, 512, 768, 768, 512, 1280, 256, 256, 768, 512, 256, 1280, 256, 256, 512, 1280, 256, 1024, 512, 768, 1280, 768, 256, 512, 256, 768, 512, 256, 1024, 256, 768, 512, 768, 256, 512, 768, 512, 256, 256, 1280, 1024, 4096, 768, 256, 512, 512, 512, 3072, 768, 256, 768, 512, 512, 256, 3072, 768, 256, 512, 1024, 256]
Mega-ring all-CP workload: alignment=2048, global_tokens=315392, global_seqlens=[12288, 10240, 6144, 4096, 2048, 2048, 2048, 2048, 2048, 2048, 2048, 2048, 2048, 4096, 2048, 2048, 2048, 2048, 2048, 2048, 2048, 2048, 2048, 2048, 2048, 2048, 2048, 2048, 2048, 2048, 2048, 2048, 2048, 2048, 2048, 2048, 2048, 2048, 2048, 2048, 2048, 2048, 2048, 2048, 2048, 2048, 2048, 2048, 2048, 2048, 2048, 2048, 2048, 2048, 2048, 2048, 2048, 2048, 2048, 2048, 2048, 2048, 2048, 2048, 2048, 2048, 2048, 2048, 2048, 2048, 2048, 2048, 2048, 2048, 2048, 2048, 2048, 2048, 2048, 2048, 2048, 2048, 2048, 2048, 2048, 2048, 2048, 2048, 2048, 2048, 2048, 2048, 2048, 2048, 2048, 2048, 2048, 2048, 2048, 2048, 2048, 2048, 2048, 2048, 2048, 2048, 2048, 2048, 2048, 2048, 2048, 2048, 2048, 2048, 2048, 2048, 2048, 2048, 2048, 4096, 2048, 2048, 2048, 2048, 2048, 4096, 2048, 2048, 2048, 2048, 2048, 2048, 4096, 2048, 2048, 2048, 2048, 2048]
Hybrid rings: sizes=[4, 4, 2, 2, 1, 1, 1, 1, 1, 1, 1, 1, 1, 1, 1, 1, 1, 1, 1, 1, 1, 1, 1, 1, 1, 1, 1, 1, 1, 1, 1, 1, 1, 1, 1, 1, 1, 1, 1, 1, 1, 1, 1, 1, 1, 1, 1, 1, 1, 1, 1, 1, 1, 1, 1, 1, 1, 1, 1, 1, 1, 1, 1, 1, 1, 1, 1, 1, 1, 1, 1, 1, 1, 1, 1, 1, 1, 1, 1, 1, 1, 1, 1, 1, 1, 1, 1, 1, 1, 1, 1, 1, 1, 1, 1, 1, 1, 1, 1, 1, 1, 1, 1, 1, 1, 1, 1, 1, 1, 1, 1, 1, 1, 1, 1, 1, 1, 1, 1, 1, 1, 1, 1, 1, 1, 1, 1, 1, 1, 1, 1, 1, 1, 1, 1, 1, 1, 1], starts=[0, 4, 4, 6, 0, 0, 0, 0, 0, 0, 0, 0, 0, 0, 0, 0, 0, 0, 0, 0, 0, 0, 1, 1, 1, 1, 1, 1, 1, 1, 1, 1, 1, 1, 1, 1, 1, 1, 1, 2, 2, 2, 2, 2, 2, 2, 2, 2, 2, 2, 2, 2, 2, 2, 2, 2, 2, 3, 3, 3, 3, 3, 3, 3, 3, 3, 3, 3, 3, 3, 3, 3, 3, 3, 4, 4, 4, 4, 4, 4, 4, 4, 4, 4, 4, 4, 4, 4, 4, 4, 4, 5, 5, 5, 5, 5, 5, 5, 5, 5, 5, 5, 5, 5, 5, 5, 5, 5, 6, 6, 6, 6, 6, 6, 6, 6, 6, 6, 6, 6, 6, 6, 6, 7, 7, 7, 7, 7, 7, 7, 7, 7, 7, 7, 7, 7, 7, 7]
Zeppelin placement: L=4096, final_s0=256, iterations=10, groups=[3, 2, 1, 1, 1, 1, 1, 1, 1, 1, 1, 1, 1, 1, 1, 1, 1, 1, 1, 1, 1, 1, 1, 1, 1, 1, 1, 1, 1, 1, 1, 1, 1, 1, 1, 1, 1, 1, 1, 1, 1, 1, 1, 1, 1, 1, 1, 1, 1, 1, 1, 1, 1, 1, 1, 1, 1, 1, 1, 1, 1, 1, 1, 1, 1, 1, 1, 1, 1, 1, 1, 1, 1, 1, 1, 1, 1, 1, 1, 1, 1, 1, 1, 1, 1, 1, 1, 1, 1, 1, 1, 1, 1, 1, 1, 1, 1, 1, 1, 1, 1, 1, 1, 1, 1, 1, 1, 1, 1, 1, 1, 1, 1, 1, 1, 1, 1, 1, 1, 1, 1, 1, 1, 1, 1, 1, 1, 1, 1, 1, 1, 1, 1, 1, 1, 1, 1, 1], execution_lengths=[12288, 10240, 6144, 2560, 512, 256, 1280, 768, 256, 768, 512, 768, 1024, 2560, 1536, 512, 256, 256, 512, 256, 768, 256, 768, 512, 768, 256, 512, 1536, 1280, 768, 1024, 512, 256, 1792, 256, 512, 768, 256, 1536, 768, 512, 256, 768, 512, 256, 1024, 768, 1280, 1536, 512, 256, 256, 1536, 1792, 512, 768, 256, 1536, 512, 1536, 768, 1024, 1280, 512, 256, 768, 1536, 512, 256, 256, 512, 256, 768, 1024, 768, 256, 512, 256, 1280, 512, 768, 768, 512, 1280, 256, 256, 768, 512, 256, 1280, 256, 256, 512, 1280, 256, 1024, 512, 768, 1280, 768, 256, 512, 256, 768, 512, 256, 1024, 256, 768, 512, 768, 256, 512, 768, 512, 256, 256, 1280, 1024, 4096, 768, 256, 512, 512, 512, 3072, 768, 256, 768, 512, 512, 256, 3072, 768, 256, 512, 1024, 256], padding=0, physical_rank_token_loads=[17408, 16896, 16896, 17152, 17152, 17152, 14848, 13568]
Timing excludes forward preparation, opaque-workspace construction, owner-accumulator reset, and the pre-launch distributed barrier; reused step-workspace reset and method-internal phase barriers are included; reported time is the average of the per-iteration max-rank end-to-end backward op times.
Method                      Comp:Comm Time ms                                                                                                            Agg TFLOPS    Avg/GPU    Check  Note
allgather_attention                 - t0=10.173, t1=10.169, t2=10.174, t3=10.179, t4=10.186, t5=10.199, t6=10.191, t7=10.179 | max_across_ranks=10.202       846.95     105.87     skip  per-sequence KV-head-sharded all-gather (2 KVH/chunk, comm/compute overlap); in-repo min_fa3 fallback; zigzag causal
llama3_allgather_attention          - t0=6.801, t1=6.814, t2=6.802, t3=6.788, t4=6.774, t5=6.757, t6=6.769, t7=6.783 | max_across_ranks=6.814               1268.07     158.51     skip  whole-packed zigzag KV-head-sharded all-gather (2 KVH/chunk, comm/compute overlap); in-repo min_fa3 fallback; causal
fa3_ring                            - t0=31.541, t1=31.558, t2=31.561, t3=30.333, t4=29.338, t5=28.482, t6=28.208, t7=31.344 | max_across_ranks=31.561       273.79      34.22     skip  NCCL zigzag ring; in-repo min_fa3 fallback block backward
megatron_hybrid_cp                  - t0=3.237, t1=3.243, t2=2.419, t3=2.423, t4=2.664, t5=4.079, t6=4.110, t7=4.137 | max_across_ranks=4.140               2087.29     260.91     skip  Megatron scheduler; 1 execution groups; P2P ring; in-repo min_fa3 fallback; forward-order phase replay; complete forward preparation excluded from backward timing; tokens(original/aligned)=131072/131072, padding=0 tokens; aligned-length Agg TFLOPS=2087.29, Avg/GPU=260.91
magi_attention                      - t0=3.926, t1=3.832, t2=3.901, t3=3.907, t4=3.945, t5=3.735, t6=3.900, t7=3.929 | max_across_ranks=3.946               2189.80     273.73     skip  chunk_size=2048, tokens(original/padded)=131072/131072, overlap_degree=2; dispatch excluded; performance-only; forward preparation excluded from backward timing
zeppelin                            - t0=3.671, t1=3.578, t2=3.559, t3=3.317, t4=3.321, t5=2.246, t6=1.516, t7=1.224 | max_across_ranks=3.671               2353.92     294.24     skip  L=4096; final_s0=256; iterations=10; G1=136,G2=1,G3=1; padding=0; physical rank token loads=[17408,16896,16896,17152,17152,17152,14848,13568]; in-repo min_fa3 fallback; tokens(original/aligned)=131072/131072, padding=0 tokens; aligned-length Agg TFLOPS=2353.92, Avg/GPU=294.24
mega_ring_all_cp                128:4 t0=11.631, t1=11.632, t2=11.567, t3=11.532, t4=11.568, t5=11.567, t6=11.454, t7=11.549 | max_across_ranks=11.635       742.70      92.84     skip  all-CP fused mega-ring; remote reset excluded; workspace=reused, reset=timed, aux_grid=exact; tokens(original/aligned)=131072/315392, padding=184320 tokens; aligned-length Agg TFLOPS=1624.84, Avg/GPU=203.11
mega_ring_all_cp                124:8 t0=11.420, t1=11.425, t2=11.278, t3=11.246, t4=11.205, t5=11.204, t6=11.120, t7=11.099 | max_across_ranks=11.425       756.30      94.54     skip  all-CP fused mega-ring; remote reset excluded; workspace=reused, reset=timed, aux_grid=exact; tokens(original/aligned)=131072/315392, padding=184320 tokens; aligned-length Agg TFLOPS=1654.59, Avg/GPU=206.82
mega_ring_all_cp               120:12 t0=11.551, t1=11.557, t2=11.395, t3=11.317, t4=11.239, t5=11.236, t6=11.150, t7=11.102 | max_across_ranks=11.557       747.68      93.46     skip  all-CP fused mega-ring; remote reset excluded; workspace=reused, reset=timed, aux_grid=exact; tokens(original/aligned)=131072/315392, padding=184320 tokens; aligned-length Agg TFLOPS=1635.75, Avg/GPU=204.47
mega_ring_all_cp               116:16 t0=11.724, t1=11.730, t2=11.561, t3=11.475, t4=11.354, t5=11.348, t6=11.225, t7=11.180 | max_across_ranks=11.730       736.67      92.08     skip  all-CP fused mega-ring; remote reset excluded; workspace=reused, reset=timed, aux_grid=exact; tokens(original/aligned)=131072/315392, padding=184320 tokens; aligned-length Agg TFLOPS=1611.65, Avg/GPU=201.46
mega_ring_hybrid                128:4 t0=3.115, t1=3.135, t2=3.047, t3=3.031, t4=3.123, t5=3.076, t6=3.045, t7=3.090 | max_across_ranks=3.148               2744.78     343.10     skip  hierarchical hybrid fused mega-ring; remote reset excluded; workspace=reused, reset=timed, aux_grid=exact
mega_ring_hybrid                124:8 t0=2.979, t1=2.919, t2=2.946, t3=2.920, t4=3.016, t5=3.030, t6=2.908, t7=2.929 | max_across_ranks=3.034               2848.02     356.00     skip  hierarchical hybrid fused mega-ring; remote reset excluded; workspace=reused, reset=timed, aux_grid=exact
mega_ring_hybrid               120:12 t0=2.986, t1=2.924, t2=2.925, t3=2.879, t4=2.999, t5=3.006, t6=2.885, t7=2.930 | max_across_ranks=3.011               2869.73     358.72     skip  hierarchical hybrid fused mega-ring; remote reset excluded; workspace=reused, reset=timed, aux_grid=exact
mega_ring_hybrid               116:16 t0=3.051, t1=2.964, t2=2.973, t3=2.891, t4=3.098, t5=3.065, t6=2.995, t7=2.968 | max_across_ranks=3.108               2780.54     347.57     skip  hierarchical hybrid fused mega-ring; remote reset excluded; workspace=reused, reset=timed, aux_grid=exact

Workload: dataset=pile, case=18/20, B=108, global_tokens=132352, global_seqlens=[6144, 12288, 10240, 256, 3072, 1280, 1024, 256, 512, 768, 1024, 512, 256, 768, 256, 1280, 256, 256, 256, 1536, 768, 512, 1280, 1024, 512, 256, 768, 256, 3072, 1280, 256, 512, 2560, 1280, 256, 768, 1024, 512, 256, 768, 1280, 256, 2048, 256, 512, 1536, 1024, 2560, 512, 768, 1280, 256, 1536, 256, 1024, 256, 512, 768, 512, 1024, 1024, 256, 768, 512, 1280, 1536, 256, 256, 2560, 512, 1536, 256, 2048, 512, 1024, 256, 256, 1280, 768, 1536, 256, 512, 1024, 1024, 256, 1024, 2048, 512, 7168, 256, 256, 768, 1536, 1024, 512, 256, 256, 1536, 768, 1280, 256, 256, 1024, 768, 6144, 4096, 256, 512]
Mega-ring all-CP workload: alignment=2048, global_tokens=266240, global_seqlens=[6144, 12288, 10240, 2048, 4096, 2048, 2048, 2048, 2048, 2048, 2048, 2048, 2048, 2048, 2048, 2048, 2048, 2048, 2048, 2048, 2048, 2048, 2048, 2048, 2048, 2048, 2048, 2048, 4096, 2048, 2048, 2048, 4096, 2048, 2048, 2048, 2048, 2048, 2048, 2048, 2048, 2048, 2048, 2048, 2048, 2048, 2048, 4096, 2048, 2048, 2048, 2048, 2048, 2048, 2048, 2048, 2048, 2048, 2048, 2048, 2048, 2048, 2048, 2048, 2048, 2048, 2048, 2048, 4096, 2048, 2048, 2048, 2048, 2048, 2048, 2048, 2048, 2048, 2048, 2048, 2048, 2048, 2048, 2048, 2048, 2048, 2048, 2048, 8192, 2048, 2048, 2048, 2048, 2048, 2048, 2048, 2048, 2048, 2048, 2048, 2048, 2048, 2048, 2048, 6144, 4096, 2048, 2048]
Hybrid rings: sizes=[4, 4, 2, 1, 1, 1, 1, 1, 1, 1, 1, 1, 1, 1, 1, 1, 1, 1, 1, 1, 1, 1, 1, 1, 1, 1, 1, 1, 1, 1, 1, 1, 1, 1, 1, 1, 1, 1, 1, 1, 1, 1, 1, 1, 1, 1, 1, 1, 1, 1, 1, 1, 1, 1, 1, 1, 1, 1, 1, 1, 1, 1, 1, 1, 1, 1, 1, 1, 1, 1, 1, 1, 1, 1, 1, 1, 1, 1, 1, 1, 1, 1, 1, 1, 1, 1, 1, 1, 1, 1, 1, 1, 1, 1, 1, 1, 1, 1, 1, 1, 1, 1, 1, 1, 1, 1, 1, 1], starts=[0, 0, 4, 0, 0, 0, 0, 0, 0, 0, 0, 0, 0, 0, 0, 0, 0, 1, 1, 1, 1, 1, 1, 1, 1, 1, 1, 1, 1, 1, 2, 2, 2, 2, 2, 2, 2, 2, 2, 2, 2, 2, 2, 2, 3, 3, 3, 3, 3, 3, 3, 3, 3, 3, 3, 3, 3, 4, 4, 4, 4, 4, 4, 4, 4, 4, 4, 4, 4, 4, 5, 5, 5, 5, 5, 5, 5, 5, 5, 5, 5, 5, 5, 6, 6, 6, 6, 6, 6, 6, 6, 6, 6, 6, 6, 6, 7, 7, 7, 7, 7, 7, 7, 7, 7, 7, 7, 7]
Zeppelin placement: L=4096, final_s0=256, iterations=10, groups=[1, 3, 2, 1, 1, 1, 1, 1, 1, 1, 1, 1, 1, 1, 1, 1, 1, 1, 1, 1, 1, 1, 1, 1, 1, 1, 1, 1, 1, 1, 1, 1, 1, 1, 1, 1, 1, 1, 1, 1, 1, 1, 1, 1, 1, 1, 1, 1, 1, 1, 1, 1, 1, 1, 1, 1, 1, 1, 1, 1, 1, 1, 1, 1, 1, 1, 1, 1, 1, 1, 1, 1, 1, 1, 1, 1, 1, 1, 1, 1, 1, 1, 1, 1, 1, 1, 1, 1, 1, 1, 1, 1, 1, 1, 1, 1, 1, 1, 1, 1, 1, 1, 1, 1, 1, 1, 1, 1], execution_lengths=[6144, 12288, 10240, 256, 3072, 1280, 1024, 256, 512, 768, 1024, 512, 256, 768, 256, 1280, 256, 256, 256, 1536, 768, 512, 1280, 1024, 512, 256, 768, 256, 3072, 1280, 256, 512, 2560, 1280, 256, 768, 1024, 512, 256, 768, 1280, 256, 2048, 256, 512, 1536, 1024, 2560, 512, 768, 1280, 256, 1536, 256, 1024, 256, 512, 768, 512, 1024, 1024, 256, 768, 512, 1280, 1536, 256, 256, 2560, 512, 1536, 256, 2048, 512, 1024, 256, 256, 1280, 768, 1536, 256, 512, 1024, 1024, 256, 1024, 2048, 512, 7168, 256, 256, 768, 1536, 1024, 512, 256, 256, 1536, 768, 1280, 256, 256, 1024, 768, 6144, 4096, 256, 512], padding=0, physical_rank_token_loads=[17920, 15872, 15872, 16128, 16128, 18176, 16384, 15872]
Timing excludes forward preparation, opaque-workspace construction, owner-accumulator reset, and the pre-launch distributed barrier; reused step-workspace reset and method-internal phase barriers are included; reported time is the average of the per-iteration max-rank end-to-end backward op times.
Method                      Comp:Comm Time ms                                                                                                            Agg TFLOPS    Avg/GPU    Check  Note
allgather_attention                 - t0=10.013, t1=9.998, t2=9.982, t3=9.993, t4=10.007, t5=10.021, t6=10.033, t7=10.023 | max_across_ranks=10.034         1051.02     131.38     skip  per-sequence KV-head-sharded all-gather (2 KVH/chunk, comm/compute overlap); in-repo min_fa3 fallback; zigzag causal
llama3_allgather_attention          - t0=6.919, t1=6.934, t2=6.944, t3=6.935, t4=6.922, t5=6.907, t6=6.889, t7=6.901 | max_across_ranks=6.947               1518.07     189.76     skip  whole-packed zigzag KV-head-sharded all-gather (2 KVH/chunk, comm/compute overlap); in-repo min_fa3 fallback; causal
fa3_ring                            - t0=27.242, t1=27.258, t2=27.262, t3=26.350, t4=25.820, t5=25.064, t6=26.881, t7=27.064 | max_across_ranks=27.262       386.82      48.35     skip  NCCL zigzag ring; in-repo min_fa3 fallback block backward
megatron_hybrid_cp                  - t0=3.231, t1=3.238, t2=2.409, t3=2.414, t4=3.740, t5=4.103, t6=4.195, t7=4.572 | max_across_ranks=4.572               2306.78     288.35     skip  Megatron scheduler; 1 execution groups; P2P ring; in-repo min_fa3 fallback; forward-order phase replay; complete forward preparation excluded from backward timing; tokens(original/aligned)=132352/132352, padding=0 tokens; aligned-length Agg TFLOPS=2306.78, Avg/GPU=288.35
magi_attention                      - t0=4.510, t1=4.494, t2=4.525, t3=4.489, t4=4.521, t5=4.520, t6=4.539, t7=4.503 | max_across_ranks=4.548               2318.53     289.82     skip  chunk_size=2068, tokens(original/padded)=132352/132352, overlap_degree=2; dispatch excluded; performance-only; forward preparation excluded from backward timing
zeppelin                            - t0=4.004, t1=3.581, t2=3.573, t3=3.347, t4=3.352, t5=2.801, t6=2.234, t7=2.230 | max_across_ranks=4.004               2633.95     329.24     skip  L=4096; final_s0=256; iterations=10; G1=106,G2=1,G3=1; padding=0; physical rank token loads=[17920,15872,15872,16128,16128,18176,16384,15872]; in-repo min_fa3 fallback; tokens(original/aligned)=132352/132352, padding=0 tokens; aligned-length Agg TFLOPS=2633.95, Avg/GPU=329.24
mega_ring_all_cp                128:4 t0=10.074, t1=10.069, t2=9.965, t3=9.961, t4=9.956, t5=9.939, t6=9.924, t7=9.924 | max_across_ranks=10.078            1046.41     130.80     skip  all-CP fused mega-ring; remote reset excluded; workspace=reused, reset=timed, aux_grid=exact; tokens(original/aligned)=132352/266240, padding=133888 tokens; aligned-length Agg TFLOPS=1841.64, Avg/GPU=230.20
mega_ring_all_cp                124:8 t0=9.888, t1=9.893, t2=9.762, t3=9.734, t4=9.702, t5=9.672, t6=9.662, t7=9.652 | max_across_ranks=9.893               1065.97     133.25     skip  all-CP fused mega-ring; remote reset excluded; workspace=reused, reset=timed, aux_grid=exact; tokens(original/aligned)=132352/266240, padding=133888 tokens; aligned-length Agg TFLOPS=1876.07, Avg/GPU=234.51
mega_ring_all_cp               120:12 t0=10.056, t1=10.061, t2=9.850, t3=9.804, t4=9.752, t5=9.715, t6=9.687, t7=9.656 | max_across_ranks=10.061            1048.13     131.02     skip  all-CP fused mega-ring; remote reset excluded; workspace=reused, reset=timed, aux_grid=exact; tokens(original/aligned)=132352/266240, padding=133888 tokens; aligned-length Agg TFLOPS=1844.67, Avg/GPU=230.58
mega_ring_all_cp               116:16 t0=10.206, t1=10.211, t2=9.973, t3=9.917, t4=9.874, t5=9.804, t6=9.772, t7=9.735 | max_across_ranks=10.211            1032.78     129.10     skip  all-CP fused mega-ring; remote reset excluded; workspace=reused, reset=timed, aux_grid=exact; tokens(original/aligned)=132352/266240, padding=133888 tokens; aligned-length Agg TFLOPS=1817.65, Avg/GPU=227.21
mega_ring_hybrid                128:4 t0=3.501, t1=3.526, t2=3.428, t3=3.446, t4=3.493, t5=3.426, t6=3.184, t7=3.246 | max_across_ranks=3.537               2981.26     372.66     skip  hierarchical hybrid fused mega-ring; remote reset excluded; workspace=reused, reset=timed, aux_grid=exact
mega_ring_hybrid                124:8 t0=3.375, t1=3.443, t2=3.383, t3=3.382, t4=3.382, t5=3.509, t6=3.056, t7=3.103 | max_across_ranks=3.512               3003.01     375.38     skip  hierarchical hybrid fused mega-ring; remote reset excluded; workspace=reused, reset=timed, aux_grid=exact
mega_ring_hybrid               120:12 t0=3.496, t1=3.572, t2=3.502, t3=3.386, t4=3.502, t5=3.481, t6=3.071, t7=3.104 | max_across_ranks=3.575               2949.79     368.72     skip  hierarchical hybrid fused mega-ring; remote reset excluded; workspace=reused, reset=timed, aux_grid=exact
mega_ring_hybrid               116:16 t0=3.550, t1=3.633, t2=3.523, t3=3.492, t4=3.548, t5=3.532, t6=3.147, t7=3.164 | max_across_ranks=3.636               2900.01     362.50     skip  hierarchical hybrid fused mega-ring; remote reset excluded; workspace=reused, reset=timed, aux_grid=exact

Workload: dataset=pile, case=19/20, B=110, global_tokens=131072, global_seqlens=[12288, 16384, 5120, 5120, 5120, 1024, 1280, 256, 256, 3072, 768, 512, 256, 512, 256, 1024, 768, 256, 256, 2560, 256, 768, 512, 256, 1536, 1024, 512, 256, 1280, 768, 256, 256, 256, 768, 512, 256, 1536, 512, 2560, 256, 1280, 1024, 768, 256, 1536, 512, 768, 512, 256, 2048, 1024, 256, 1280, 512, 768, 256, 512, 768, 256, 1792, 1024, 256, 1280, 768, 512, 256, 1792, 256, 512, 768, 512, 768, 512, 256, 1024, 1792, 1280, 256, 768, 512, 256, 512, 1792, 256, 1024, 512, 1280, 256, 4096, 512, 1792, 256, 768, 512, 256, 256, 1024, 768, 1024, 768, 1280, 512, 1792, 256, 512, 768, 256, 4096, 256, 512]
Mega-ring all-CP workload: alignment=2048, global_tokens=272384, global_seqlens=[12288, 16384, 6144, 6144, 6144, 2048, 2048, 2048, 2048, 4096, 2048, 2048, 2048, 2048, 2048, 2048, 2048, 2048, 2048, 4096, 2048, 2048, 2048, 2048, 2048, 2048, 2048, 2048, 2048, 2048, 2048, 2048, 2048, 2048, 2048, 2048, 2048, 2048, 4096, 2048, 2048, 2048, 2048, 2048, 2048, 2048, 2048, 2048, 2048, 2048, 2048, 2048, 2048, 2048, 2048, 2048, 2048, 2048, 2048, 2048, 2048, 2048, 2048, 2048, 2048, 2048, 2048, 2048, 2048, 2048, 2048, 2048, 2048, 2048, 2048, 2048, 2048, 2048, 2048, 2048, 2048, 2048, 2048, 2048, 2048, 2048, 2048, 2048, 4096, 2048, 2048, 2048, 2048, 2048, 2048, 2048, 2048, 2048, 2048, 2048, 2048, 2048, 2048, 2048, 2048, 2048, 2048, 4096, 2048, 2048]
Hybrid rings: sizes=[8, 8, 2, 2, 2, 1, 1, 1, 1, 1, 1, 1, 1, 1, 1, 1, 1, 1, 1, 1, 1, 1, 1, 1, 1, 1, 1, 1, 1, 1, 1, 1, 1, 1, 1, 1, 1, 1, 1, 1, 1, 1, 1, 1, 1, 1, 1, 1, 1, 1, 1, 1, 1, 1, 1, 1, 1, 1, 1, 1, 1, 1, 1, 1, 1, 1, 1, 1, 1, 1, 1, 1, 1, 1, 1, 1, 1, 1, 1, 1, 1, 1, 1, 1, 1, 1, 1, 1, 1, 1, 1, 1, 1, 1, 1, 1, 1, 1, 1, 1, 1, 1, 1, 1, 1, 1, 1, 1, 1, 1], starts=[0, 0, 0, 2, 4, 0, 0, 0, 0, 0, 0, 0, 0, 0, 0, 0, 0, 0, 1, 1, 1, 1, 1, 1, 1, 1, 1, 1, 1, 1, 1, 2, 2, 2, 2, 2, 2, 2, 2, 2, 2, 2, 2, 2, 3, 3, 3, 3, 3, 3, 3, 3, 3, 3, 3, 3, 3, 4, 4, 4, 4, 4, 4, 4, 4, 4, 4, 4, 4, 4, 5, 5, 5, 5, 5, 5, 5, 5, 5, 5, 5, 5, 5, 6, 6, 6, 6, 6, 6, 6, 6, 6, 6, 6, 6, 6, 6, 7, 7, 7, 7, 7, 7, 7, 7, 7, 7, 7, 7, 7]
Zeppelin placement: L=4096, final_s0=256, iterations=11, groups=[2, 4, 1, 1, 1, 1, 1, 1, 1, 1, 1, 1, 1, 1, 1, 1, 1, 1, 1, 1, 1, 1, 1, 1, 1, 1, 1, 1, 1, 1, 1, 1, 1, 1, 1, 1, 1, 1, 1, 1, 1, 1, 1, 1, 1, 1, 1, 1, 1, 1, 1, 1, 1, 1, 1, 1, 1, 1, 1, 1, 1, 1, 1, 1, 1, 1, 1, 1, 1, 1, 1, 1, 1, 1, 1, 1, 1, 1, 1, 1, 1, 1, 1, 1, 1, 1, 1, 1, 1, 1, 1, 1, 1, 1, 1, 1, 1, 1, 1, 1, 1, 1, 1, 1, 1, 1, 1, 1, 1, 1], execution_lengths=[12288, 16384, 5120, 5120, 5120, 1024, 1280, 256, 256, 3072, 768, 512, 256, 512, 256, 1024, 768, 256, 256, 2560, 256, 768, 512, 256, 1536, 1024, 512, 256, 1280, 768, 256, 256, 256, 768, 512, 256, 1536, 512, 2560, 256, 1280, 1024, 768, 256, 1536, 512, 768, 512, 256, 2048, 1024, 256, 1280, 512, 768, 256, 512, 768, 256, 1792, 1024, 256, 1280, 768, 512, 256, 1792, 256, 512, 768, 512, 768, 512, 256, 1024, 1792, 1280, 256, 768, 512, 256, 512, 1792, 256, 1024, 512, 1280, 256, 4096, 512, 1792, 256, 768, 512, 256, 256, 1024, 768, 1024, 768, 1280, 512, 1792, 256, 512, 768, 256, 4096, 256, 512], padding=0, physical_rank_token_loads=[18432, 17152, 16640, 15360, 16896, 16640, 15104, 14848]
Timing excludes forward preparation, opaque-workspace construction, owner-accumulator reset, and the pre-launch distributed barrier; reused step-workspace reset and method-internal phase barriers are included; reported time is the average of the per-iteration max-rank end-to-end backward op times.
Method                      Comp:Comm Time ms                                                                                                            Agg TFLOPS    Avg/GPU    Check  Note
allgather_attention                 - t0=10.875, t1=10.885, t2=10.882, t3=10.887, t4=10.892, t5=10.903, t6=10.898, t7=10.886 | max_across_ranks=10.910      1175.89     146.99     skip  per-sequence KV-head-sharded all-gather (2 KVH/chunk, comm/compute overlap); in-repo min_fa3 fallback; zigzag causal
llama3_allgather_attention          - t0=7.693, t1=7.709, t2=7.722, t3=7.711, t4=7.697, t5=7.681, t6=7.664, t7=7.675 | max_across_ranks=7.722               1661.24     207.66     skip  whole-packed zigzag KV-head-sharded all-gather (2 KVH/chunk, comm/compute overlap); in-repo min_fa3 fallback; causal
fa3_ring                            - t0=20.288, t1=20.291, t2=19.244, t3=19.496, t4=19.686, t5=19.830, t6=20.086, t7=20.267 | max_across_ranks=20.291       632.21      79.03     skip  NCCL zigzag ring; in-repo min_fa3 fallback block backward
megatron_hybrid_cp                  - t0=5.491, t1=5.501, t2=3.227, t3=3.233, t4=3.522, t5=3.783, t6=3.691, t7=3.871 | max_across_ranks=5.501               2331.87     291.48     skip  Megatron scheduler; 1 execution groups; P2P ring; in-repo min_fa3 fallback; forward-order phase replay; complete forward preparation excluded from backward timing; tokens(original/aligned)=131072/131072, padding=0 tokens; aligned-length Agg TFLOPS=2331.87, Avg/GPU=291.48
magi_attention                      - t0=4.789, t1=4.848, t2=4.858, t3=4.859, t4=4.877, t5=4.768, t6=4.889, t7=4.796 | max_across_ranks=4.889               2623.83     327.98     skip  chunk_size=2048, tokens(original/padded)=131072/131072, overlap_degree=2; dispatch excluded; performance-only; forward preparation excluded from backward timing
zeppelin                            - t0=5.047, t1=4.641, t2=4.599, t3=4.272, t4=4.156, t5=4.129, t6=1.840, t7=1.814 | max_across_ranks=5.047               2541.99     317.75     skip  L=4096; final_s0=256; iterations=11; G1=108,G2=1,G4=1; padding=0; physical rank token loads=[18432,17152,16640,15360,16896,16640,15104,14848]; in-repo min_fa3 fallback; tokens(original/aligned)=131072/131072, padding=0 tokens; aligned-length Agg TFLOPS=2541.99, Avg/GPU=317.75
mega_ring_all_cp                128:4 t0=10.858, t1=10.872, t2=10.682, t3=10.679, t4=10.599, t5=10.597, t6=10.544, t7=10.499 | max_across_ranks=10.872      1179.93     147.49     skip  all-CP fused mega-ring; remote reset excluded; workspace=reused, reset=timed, aux_grid=exact; tokens(original/aligned)=131072/272384, padding=141312 tokens; aligned-length Agg TFLOPS=1952.00, Avg/GPU=244.00
mega_ring_all_cp                124:8 t0=10.682, t1=10.687, t2=10.444, t3=10.436, t4=10.320, t5=10.321, t6=10.229, t7=10.177 | max_across_ranks=10.687      1200.34     150.04     skip  all-CP fused mega-ring; remote reset excluded; workspace=reused, reset=timed, aux_grid=exact; tokens(original/aligned)=131072/272384, padding=141312 tokens; aligned-length Agg TFLOPS=1985.76, Avg/GPU=248.22
mega_ring_all_cp               120:12 t0=10.851, t1=10.857, t2=10.608, t3=10.521, t4=10.377, t5=10.362, t6=10.281, t7=10.206 | max_across_ranks=10.857      1181.62     147.70     skip  all-CP fused mega-ring; remote reset excluded; workspace=reused, reset=timed, aux_grid=exact; tokens(original/aligned)=131072/272384, padding=141312 tokens; aligned-length Agg TFLOPS=1954.80, Avg/GPU=244.35
mega_ring_all_cp               116:16 t0=11.014, t1=11.019, t2=10.765, t3=10.677, t4=10.499, t5=10.494, t6=10.397, t7=10.308 | max_across_ranks=11.019      1164.20     145.52     skip  all-CP fused mega-ring; remote reset excluded; workspace=reused, reset=timed, aux_grid=exact; tokens(original/aligned)=131072/272384, padding=141312 tokens; aligned-length Agg TFLOPS=1925.97, Avg/GPU=240.75
mega_ring_hybrid                128:4 t0=4.198, t1=4.125, t2=4.240, t3=4.027, t4=3.933, t5=3.971, t6=3.925, t7=3.925 | max_across_ranks=4.249               3019.00     377.38     skip  hierarchical hybrid fused mega-ring; remote reset excluded; workspace=reused, reset=timed, aux_grid=exact
mega_ring_hybrid                124:8 t0=4.275, t1=4.107, t2=4.061, t3=4.024, t4=3.892, t5=3.979, t6=3.911, t7=3.864 | max_across_ranks=4.275               3000.71     375.09     skip  hierarchical hybrid fused mega-ring; remote reset excluded; workspace=reused, reset=timed, aux_grid=exact
mega_ring_hybrid               120:12 t0=4.257, t1=4.238, t2=4.178, t3=4.084, t4=3.991, t5=4.035, t6=3.948, t7=3.912 | max_across_ranks=4.287               2992.63     374.08     skip  hierarchical hybrid fused mega-ring; remote reset excluded; workspace=reused, reset=timed, aux_grid=exact
mega_ring_hybrid               116:16 t0=4.351, t1=4.364, t2=4.220, t3=4.133, t4=4.122, t5=4.065, t6=4.083, t7=4.052 | max_across_ranks=4.391               2921.72     365.22     skip  hierarchical hybrid fused mega-ring; remote reset excluded; workspace=reused, reset=timed, aux_grid=exact

Workload: dataset=pile, case=20/20, B=128, global_tokens=131072, global_seqlens=[20480, 5120, 6144, 2048, 1024, 256, 768, 512, 256, 512, 256, 512, 1536, 1024, 256, 768, 512, 256, 1536, 256, 1280, 768, 256, 512, 256, 512, 1024, 256, 768, 512, 256, 512, 1792, 256, 256, 768, 256, 1536, 1280, 512, 256, 512, 1536, 1024, 256, 512, 256, 768, 512, 256, 256, 256, 1536, 768, 512, 1280, 256, 512, 1536, 256, 1024, 512, 256, 512, 768, 256, 768, 512, 256, 4096, 1024, 256, 512, 768, 256, 512, 1792, 256, 512, 1536, 512, 256, 256, 256, 512, 256, 2048, 512, 256, 768, 512, 256, 2048, 512, 3584, 1280, 256, 1024, 2048, 512, 3072, 256, 512, 2560, 768, 256, 512, 256, 512, 1280, 1024, 256, 512, 2560, 256, 2560, 768, 512, 256, 2560, 1280, 512, 256, 512, 1024, 256, 512, 768]
Mega-ring all-CP workload: alignment=2048, global_tokens=303104, global_seqlens=[20480, 6144, 6144, 2048, 2048, 2048, 2048, 2048, 2048, 2048, 2048, 2048, 2048, 2048, 2048, 2048, 2048, 2048, 2048, 2048, 2048, 2048, 2048, 2048, 2048, 2048, 2048, 2048, 2048, 2048, 2048, 2048, 2048, 2048, 2048, 2048, 2048, 2048, 2048, 2048, 2048, 2048, 2048, 2048, 2048, 2048, 2048, 2048, 2048, 2048, 2048, 2048, 2048, 2048, 2048, 2048, 2048, 2048, 2048, 2048, 2048, 2048, 2048, 2048, 2048, 2048, 2048, 2048, 2048, 4096, 2048, 2048, 2048, 2048, 2048, 2048, 2048, 2048, 2048, 2048, 2048, 2048, 2048, 2048, 2048, 2048, 2048, 2048, 2048, 2048, 2048, 2048, 2048, 2048, 4096, 2048, 2048, 2048, 2048, 2048, 4096, 2048, 2048, 4096, 2048, 2048, 2048, 2048, 2048, 2048, 2048, 2048, 2048, 4096, 2048, 4096, 2048, 2048, 2048, 4096, 2048, 2048, 2048, 2048, 2048, 2048, 2048, 2048]
Hybrid rings: sizes=[8, 2, 2, 1, 1, 1, 1, 1, 1, 1, 1, 1, 1, 1, 1, 1, 1, 1, 1, 1, 1, 1, 1, 1, 1, 1, 1, 1, 1, 1, 1, 1, 1, 1, 1, 1, 1, 1, 1, 1, 1, 1, 1, 1, 1, 1, 1, 1, 1, 1, 1, 1, 1, 1, 1, 1, 1, 1, 1, 1, 1, 1, 1, 1, 1, 1, 1, 1, 1, 1, 1, 1, 1, 1, 1, 1, 1, 1, 1, 1, 1, 1, 1, 1, 1, 1, 1, 1, 1, 1, 1, 1, 1, 1, 1, 1, 1, 1, 1, 1, 1, 1, 1, 1, 1, 1, 1, 1, 1, 1, 1, 1, 1, 1, 1, 1, 1, 1, 1, 1, 1, 1, 1, 1, 1, 1, 1, 1], starts=[0, 0, 2, 0, 0, 0, 0, 0, 0, 0, 0, 0, 0, 0, 0, 0, 0, 0, 1, 1, 1, 1, 1, 1, 1, 1, 1, 1, 1, 1, 1, 1, 1, 1, 2, 2, 2, 2, 2, 2, 2, 2, 2, 2, 2, 2, 2, 2, 2, 2, 3, 3, 3, 3, 3, 3, 3, 3, 3, 3, 3, 3, 3, 3, 3, 3, 4, 4, 4, 4, 4, 4, 4, 4, 4, 4, 4, 4, 4, 4, 4, 4, 5, 5, 5, 5, 5, 5, 5, 5, 5, 5, 5, 5, 5, 5, 5, 5, 6, 6, 6, 6, 6, 6, 6, 6, 6, 6, 6, 6, 6, 6, 6, 7, 7, 7, 7, 7, 7, 7, 7, 7, 7, 7, 7, 7, 7, 7]
Zeppelin placement: L=4096, final_s0=256, iterations=12, groups=[6, 1, 1, 1, 1, 1, 1, 1, 1, 1, 1, 1, 1, 1, 1, 1, 1, 1, 1, 1, 1, 1, 1, 1, 1, 1, 1, 1, 1, 1, 1, 1, 1, 1, 1, 1, 1, 1, 1, 1, 1, 1, 1, 1, 1, 1, 1, 1, 1, 1, 1, 1, 1, 1, 1, 1, 1, 1, 1, 1, 1, 1, 1, 1, 1, 1, 1, 1, 1, 1, 1, 1, 1, 1, 1, 1, 1, 1, 1, 1, 1, 1, 1, 1, 1, 1, 1, 1, 1, 1, 1, 1, 1, 1, 1, 1, 1, 1, 1, 1, 1, 1, 1, 1, 1, 1, 1, 1, 1, 1, 1, 1, 1, 1, 1, 1, 1, 1, 1, 1, 1, 1, 1, 1, 1, 1, 1, 1], execution_lengths=[20484, 5120, 6144, 2048, 1024, 256, 768, 512, 256, 512, 256, 512, 1536, 1024, 256, 768, 512, 256, 1536, 256, 1280, 768, 256, 512, 256, 512, 1024, 256, 768, 512, 256, 512, 1792, 256, 256, 768, 256, 1536, 1280, 512, 256, 512, 1536, 1024, 256, 512, 256, 768, 512, 256, 256, 256, 1536, 768, 512, 1280, 256, 512, 1536, 256, 1024, 512, 256, 512, 768, 256, 768, 512, 256, 4096, 1024, 256, 512, 768, 256, 512, 1792, 256, 512, 1536, 512, 256, 256, 256, 512, 256, 2048, 512, 256, 768, 512, 256, 2048, 512, 3584, 1280, 256, 1024, 2048, 512, 3072, 256, 512, 2560, 768, 256, 512, 256, 512, 1280, 1024, 256, 512, 2560, 256, 2560, 768, 512, 256, 2560, 1280, 512, 256, 512, 1024, 256, 512, 768], padding=4, physical_rank_token_loads=[18262, 17494, 16726, 15446, 15190, 14678, 17408, 15872]
Timing excludes forward preparation, opaque-workspace construction, owner-accumulator reset, and the pre-launch distributed barrier; reused step-workspace reset and method-internal phase barriers are included; reported time is the average of the per-iteration max-rank end-to-end backward op times.
Method                      Comp:Comm Time ms                                                                                                            Agg TFLOPS    Avg/GPU    Check  Note
allgather_attention                 - t0=12.052, t1=12.066, t2=12.077, t3=12.090, t4=12.079, t5=12.061, t6=12.053, t7=12.037 | max_across_ranks=12.091      1063.22     132.90     skip  per-sequence KV-head-sharded all-gather (2 KVH/chunk, comm/compute overlap); in-repo min_fa3 fallback; zigzag causal
llama3_allgather_attention          - t0=9.805, t1=9.823, t2=9.810, t3=9.793, t4=9.777, t5=9.759, t6=9.769, t7=9.787 | max_across_ranks=9.823               1308.69     163.59     skip  whole-packed zigzag KV-head-sharded all-gather (2 KVH/chunk, comm/compute overlap); in-repo min_fa3 fallback; causal
fa3_ring                            - t0=20.027, t1=20.045, t2=20.049, t3=19.720, t4=19.513, t5=19.202, t6=19.001, t7=19.831 | max_across_ranks=20.050       641.17      80.15     skip  NCCL zigzag ring; in-repo min_fa3 fallback block backward
megatron_hybrid_cp                  - t0=4.652, t1=4.648, t2=4.603, t3=4.638, t4=3.650, t5=3.904, t6=4.139, t7=4.325 | max_across_ranks=4.652               2763.17     345.40     skip  Megatron scheduler; 1 execution groups; P2P ring; in-repo min_fa3 fallback; forward-order phase replay; complete forward preparation excluded from backward timing; tokens(original/aligned)=131072/131072, padding=0 tokens; aligned-length Agg TFLOPS=2763.17, Avg/GPU=345.40
magi_attention                      - t0=5.103, t1=5.104, t2=5.062, t3=5.121, t4=5.028, t5=5.133, t6=5.071, t7=5.144 | max_across_ranks=5.144               2499.04     312.38     skip  chunk_size=2048, tokens(original/padded)=131072/131072, overlap_degree=2; dispatch excluded; performance-only; forward preparation excluded from backward timing
zeppelin                            - t0=5.533, t1=5.359, t2=5.166, t3=4.975, t4=4.947, t5=4.931, t6=2.374, t7=1.908 | max_across_ranks=5.533               2323.35     290.42     skip  L=4096; final_s0=256; iterations=12; G1=127,G6=1; padding=4; physical rank token loads=[18262,17494,16726,15446,15190,14678,17408,15872]; in-repo min_fa3 fallback; tokens(original/aligned)=131072/131076, padding=4 tokens; aligned-length Agg TFLOPS=2323.96, Avg/GPU=290.50
mega_ring_all_cp                128:4 t0=12.089, t1=12.095, t2=11.930, t3=11.907, t4=11.849, t5=11.837, t6=11.774, t7=11.751 | max_across_ranks=12.095      1062.87     132.86     skip  all-CP fused mega-ring; remote reset excluded; workspace=reused, reset=timed, aux_grid=exact; tokens(original/aligned)=131072/303104, padding=172032 tokens; aligned-length Agg TFLOPS=1875.46, Avg/GPU=234.43
mega_ring_all_cp                124:8 t0=11.914, t1=11.920, t2=11.663, t3=11.609, t4=11.533, t5=11.499, t6=11.443, t7=11.394 | max_across_ranks=11.920      1078.46     134.81     skip  all-CP fused mega-ring; remote reset excluded; workspace=reused, reset=timed, aux_grid=exact; tokens(original/aligned)=131072/303104, padding=172032 tokens; aligned-length Agg TFLOPS=1902.96, Avg/GPU=237.87
mega_ring_all_cp               120:12 t0=12.099, t1=12.106, t2=11.870, t3=11.734, t4=11.578, t5=11.538, t6=11.474, t7=11.407 | max_across_ranks=12.106      1061.90     132.74     skip  all-CP fused mega-ring; remote reset excluded; workspace=reused, reset=timed, aux_grid=exact; tokens(original/aligned)=131072/303104, padding=172032 tokens; aligned-length Agg TFLOPS=1873.75, Avg/GPU=234.22
mega_ring_all_cp               116:16 t0=12.308, t1=12.314, t2=12.036, t3=11.904, t4=11.705, t5=11.650, t6=11.585, t7=11.505 | max_across_ranks=12.314      1043.93     130.49     skip  all-CP fused mega-ring; remote reset excluded; workspace=reused, reset=timed, aux_grid=exact; tokens(original/aligned)=131072/303104, padding=172032 tokens; aligned-length Agg TFLOPS=1842.04, Avg/GPU=230.25
mega_ring_hybrid                128:4 t0=3.930, t1=3.909, t2=4.159, t3=4.154, t4=3.975, t5=3.986, t6=3.904, t7=3.941 | max_across_ranks=4.171               3082.27     385.28     skip  hierarchical hybrid fused mega-ring; remote reset excluded; workspace=reused, reset=timed, aux_grid=exact
mega_ring_hybrid                124:8 t0=3.826, t1=3.831, t2=4.084, t3=4.126, t4=3.841, t5=3.881, t6=3.832, t7=3.846 | max_across_ranks=4.127               3115.04     389.38     skip  hierarchical hybrid fused mega-ring; remote reset excluded; workspace=reused, reset=timed, aux_grid=exact
mega_ring_hybrid               120:12 t0=3.890, t1=3.894, t2=4.163, t3=4.192, t4=3.953, t5=4.014, t6=3.903, t7=3.817 | max_across_ranks=4.223               3043.89     380.49     skip  hierarchical hybrid fused mega-ring; remote reset excluded; workspace=reused, reset=timed, aux_grid=exact
mega_ring_hybrid               116:16 t0=4.080, t1=4.062, t2=4.350, t3=4.322, t4=4.040, t5=4.082, t6=4.028, t7=4.047 | max_across_ranks=4.357               2950.25     368.78     skip  hierarchical hybrid fused mega-ring; remote reset excluded; workspace=reused, reset=timed, aux_grid=exact

Cross-case backward summary
Method                             SM    Cases     Min ms    Mean ms     P50 ms     Max ms    Mean TFLOPS    Weighted TFLOPS   Weighted/GPU
allgather_attention                 -    20/20      8.694     12.207     11.223     25.781        1308.02            1456.74         182.09
llama3_allgather_attention          -    20/20      4.489     10.708      9.703     33.707        1559.62            1660.64         207.58
fa3_ring                            -    20/20     16.519     22.569     20.441     44.350         777.62             787.92          98.49
megatron_hybrid_cp                  -    20/20      2.725      6.658      5.509     20.303        2478.80            2670.84         333.86
magi_attention                      -    20/20      3.077      6.268      5.173     20.265        2596.66            2836.82         354.60
zeppelin                            -    20/20      2.465      6.737      5.758     23.290        2498.78            2639.71         329.96
mega_ring_all_cp                128:4    20/20      9.854     12.223     11.670     22.829        1350.44            1454.88         181.86
mega_ring_all_cp                124:8    20/20      9.677     12.004     11.274     22.760        1367.61            1481.39         185.17
mega_ring_all_cp               120:12    20/20      9.800     12.191     11.406     23.000        1345.82            1458.67         182.33
mega_ring_all_cp               116:16    20/20      9.961     12.367     11.614     23.445        1326.87            1437.85         179.73
mega_ring_hybrid                128:4    20/20      2.390      5.356      4.282     17.989        3078.24            3320.22         415.03
mega_ring_hybrid                124:8    20/20      2.213      5.304      4.306     18.281        3126.66            3352.62         419.08
mega_ring_hybrid               120:12    20/20      2.193      5.373      4.317     18.729        3095.43            3309.45         413.68
mega_ring_hybrid               116:16    20/20      2.211      5.479      4.405     19.077        3035.06            3245.37         405.67
