
Dataset case 1/20
Planner workload: dataset=prolong, seed=0, world_size=8, mode=causal
Batch: B=2, target_tokens=131072, actual_tokens=131072, target_delta=+0

Sequence placement
 Seq   Global S   Ring     Ranks    Local S  Est compute/member
   0      65536     G4       0-3      16384           5.369e+08
   1      65536     G4       4-7      16384           5.369e+08

Per-rank load
Rank     Tokens  Token/avg    Est compute  Compute/avg   Est communication
   0      16384    100.00%      5.369e+08      100.00%           4.915e+04
   1      16384    100.00%      5.369e+08      100.00%           4.915e+04
   2      16384    100.00%      5.369e+08      100.00%           4.915e+04
   3      16384    100.00%      5.369e+08      100.00%           4.915e+04
   4      16384    100.00%      5.369e+08      100.00%           4.915e+04
   5      16384    100.00%      5.369e+08      100.00%           4.915e+04
   6      16384    100.00%      5.369e+08      100.00%           4.915e+04
   7      16384    100.00%      5.369e+08      100.00%           4.915e+04

Balance targets
Metric          Minimum        Average        Maximum  Max deviation    Tolerance     Met
Compute       5.369e+08      5.369e+08      5.369e+08          0.00%        5.00%    True
Tokens            16384      16384.000          16384          0.00%        5.00%    True

Planner status: feasible=True, violation=0.000000, relaxation_level=0, relaxation='initial', repair_moves=0
Split protection
    Bucket  Split count   Split penalty
      <=2K            0               0
     2K-4K            0               0
     4K-8K            0               0
    8K-16K            0               0
      >16K            2               4
Communication: amplification=3.000000, proxy_Q=9.830e+04, active_rings=2, total_token_hops=3.932e+05

Kernel metadata
global_seqlens=65536,65536
ring_sizes=4,4
ring_starts=0,4

Dataset case 2/20
Planner workload: dataset=prolong, seed=0, world_size=8, mode=causal
Batch: B=3, target_tokens=131072, actual_tokens=131328, target_delta=+256

Sequence placement
 Seq   Global S   Ring     Ranks    Local S  Est compute/member
   0      65536     G4       0-3      16384           5.369e+08
   1      65536     G4       4-7      16384           5.369e+08
   2        256     G1         0        256           3.290e+04

Per-rank load
Rank     Tokens  Token/avg    Est compute  Compute/avg   Est communication
   0      16640    101.36%      5.369e+08      100.01%           4.915e+04
   1      16384     99.81%      5.369e+08      100.00%           4.915e+04
   2      16384     99.81%      5.369e+08      100.00%           4.915e+04
   3      16384     99.81%      5.369e+08      100.00%           4.915e+04
   4      16384     99.81%      5.369e+08      100.00%           4.915e+04
   5      16384     99.81%      5.369e+08      100.00%           4.915e+04
   6      16384     99.81%      5.369e+08      100.00%           4.915e+04
   7      16384     99.81%      5.369e+08      100.00%           4.915e+04

Balance targets
Metric          Minimum        Average        Maximum  Max deviation    Tolerance     Met
Compute       5.369e+08      5.369e+08      5.369e+08          0.01%        5.00%    True
Tokens            16384      16416.000          16640          1.36%        5.00%    True

Planner status: feasible=True, violation=0.000000, relaxation_level=0, relaxation='initial', repair_moves=0
Split protection
    Bucket  Split count   Split penalty
      <=2K            0               0
     2K-4K            0               0
     4K-8K            0               0
    8K-16K            0               0
      >16K            2               4
Communication: amplification=2.994152, proxy_Q=9.830e+04, active_rings=3, total_token_hops=3.932e+05

Kernel metadata
global_seqlens=65536,65536,256
ring_sizes=4,4,1
ring_starts=0,4,0

Dataset case 3/20
Planner workload: dataset=prolong, seed=0, world_size=8, mode=causal
Batch: B=2, target_tokens=131072, actual_tokens=131072, target_delta=+0

Sequence placement
 Seq   Global S   Ring     Ranks    Local S  Est compute/member
   0      65536     G4       0-3      16384           5.369e+08
   1      65536     G4       4-7      16384           5.369e+08

Per-rank load
Rank     Tokens  Token/avg    Est compute  Compute/avg   Est communication
   0      16384    100.00%      5.369e+08      100.00%           4.915e+04
   1      16384    100.00%      5.369e+08      100.00%           4.915e+04
   2      16384    100.00%      5.369e+08      100.00%           4.915e+04
   3      16384    100.00%      5.369e+08      100.00%           4.915e+04
   4      16384    100.00%      5.369e+08      100.00%           4.915e+04
   5      16384    100.00%      5.369e+08      100.00%           4.915e+04
   6      16384    100.00%      5.369e+08      100.00%           4.915e+04
   7      16384    100.00%      5.369e+08      100.00%           4.915e+04

Balance targets
Metric          Minimum        Average        Maximum  Max deviation    Tolerance     Met
Compute       5.369e+08      5.369e+08      5.369e+08          0.00%        5.00%    True
Tokens            16384      16384.000          16384          0.00%        5.00%    True

Planner status: feasible=True, violation=0.000000, relaxation_level=0, relaxation='initial', repair_moves=0
Split protection
    Bucket  Split count   Split penalty
      <=2K            0               0
     2K-4K            0               0
     4K-8K            0               0
    8K-16K            0               0
      >16K            2               4
Communication: amplification=3.000000, proxy_Q=9.830e+04, active_rings=2, total_token_hops=3.932e+05

Kernel metadata
global_seqlens=65536,65536
ring_sizes=4,4
ring_starts=0,4

Dataset case 4/20
Planner workload: dataset=prolong, seed=0, world_size=8, mode=causal
Batch: B=2, target_tokens=131072, actual_tokens=131072, target_delta=+0

Sequence placement
 Seq   Global S   Ring     Ranks    Local S  Est compute/member
   0      65536     G4       0-3      16384           5.369e+08
   1      65536     G4       4-7      16384           5.369e+08

Per-rank load
Rank     Tokens  Token/avg    Est compute  Compute/avg   Est communication
   0      16384    100.00%      5.369e+08      100.00%           4.915e+04
   1      16384    100.00%      5.369e+08      100.00%           4.915e+04
   2      16384    100.00%      5.369e+08      100.00%           4.915e+04
   3      16384    100.00%      5.369e+08      100.00%           4.915e+04
   4      16384    100.00%      5.369e+08      100.00%           4.915e+04
   5      16384    100.00%      5.369e+08      100.00%           4.915e+04
   6      16384    100.00%      5.369e+08      100.00%           4.915e+04
   7      16384    100.00%      5.369e+08      100.00%           4.915e+04

Balance targets
Metric          Minimum        Average        Maximum  Max deviation    Tolerance     Met
Compute       5.369e+08      5.369e+08      5.369e+08          0.00%        5.00%    True
Tokens            16384      16384.000          16384          0.00%        5.00%    True

Planner status: feasible=True, violation=0.000000, relaxation_level=0, relaxation='initial', repair_moves=0
Split protection
    Bucket  Split count   Split penalty
      <=2K            0               0
     2K-4K            0               0
     4K-8K            0               0
    8K-16K            0               0
      >16K            2               4
Communication: amplification=3.000000, proxy_Q=9.830e+04, active_rings=2, total_token_hops=3.932e+05

Kernel metadata
global_seqlens=65536,65536
ring_sizes=4,4
ring_starts=0,4

Dataset case 5/20
Planner workload: dataset=prolong, seed=0, world_size=8, mode=causal
Batch: B=2, target_tokens=131072, actual_tokens=131072, target_delta=+0

Sequence placement
 Seq   Global S   Ring     Ranks    Local S  Est compute/member
   0      65536     G4       0-3      16384           5.369e+08
   1      65536     G4       4-7      16384           5.369e+08

Per-rank load
Rank     Tokens  Token/avg    Est compute  Compute/avg   Est communication
   0      16384    100.00%      5.369e+08      100.00%           4.915e+04
   1      16384    100.00%      5.369e+08      100.00%           4.915e+04
   2      16384    100.00%      5.369e+08      100.00%           4.915e+04
   3      16384    100.00%      5.369e+08      100.00%           4.915e+04
   4      16384    100.00%      5.369e+08      100.00%           4.915e+04
   5      16384    100.00%      5.369e+08      100.00%           4.915e+04
   6      16384    100.00%      5.369e+08      100.00%           4.915e+04
   7      16384    100.00%      5.369e+08      100.00%           4.915e+04

Balance targets
Metric          Minimum        Average        Maximum  Max deviation    Tolerance     Met
Compute       5.369e+08      5.369e+08      5.369e+08          0.00%        5.00%    True
Tokens            16384      16384.000          16384          0.00%        5.00%    True

Planner status: feasible=True, violation=0.000000, relaxation_level=0, relaxation='initial', repair_moves=0
Split protection
    Bucket  Split count   Split penalty
      <=2K            0               0
     2K-4K            0               0
     4K-8K            0               0
    8K-16K            0               0
      >16K            2               4
Communication: amplification=3.000000, proxy_Q=9.830e+04, active_rings=2, total_token_hops=3.932e+05

Kernel metadata
global_seqlens=65536,65536
ring_sizes=4,4
ring_starts=0,4

Dataset case 6/20
Planner workload: dataset=prolong, seed=0, world_size=8, mode=causal
Batch: B=4, target_tokens=131072, actual_tokens=131840, target_delta=+768

Sequence placement
 Seq   Global S   Ring     Ranks    Local S  Est compute/member
   0      14336     G8       0-7       1792           1.285e+07
   1      65536     G8       0-7       8192           2.684e+08
   2      51200     G8       0-7       6400           1.638e+08
   3        768     G1         0        768           2.953e+05

Per-rank load
Rank     Tokens  Token/avg    Est compute  Compute/avg   Est communication
   0      17152    104.08%      4.454e+08      100.06%           1.147e+05
   1      16384     99.42%      4.451e+08       99.99%           1.147e+05
   2      16384     99.42%      4.451e+08       99.99%           1.147e+05
   3      16384     99.42%      4.451e+08       99.99%           1.147e+05
   4      16384     99.42%      4.451e+08       99.99%           1.147e+05
   5      16384     99.42%      4.451e+08       99.99%           1.147e+05
   6      16384     99.42%      4.451e+08       99.99%           1.147e+05
   7      16384     99.42%      4.451e+08       99.99%           1.147e+05

Balance targets
Metric          Minimum        Average        Maximum  Max deviation    Tolerance     Met
Compute       4.451e+08      4.452e+08      4.454e+08          0.06%        5.00%    True
Tokens            16384      16480.000          17152          4.08%        5.00%    True

Planner status: feasible=True, violation=0.000000, relaxation_level=0, relaxation='initial', repair_moves=0
Split protection
    Bucket  Split count   Split penalty
      <=2K            0               0
     2K-4K            0               0
     4K-8K            0               0
    8K-16K            1               3
      >16K            2               6
Communication: amplification=6.959223, proxy_Q=1.147e+05, active_rings=2, total_token_hops=9.175e+05

Kernel metadata
global_seqlens=14336,65536,51200,768
ring_sizes=8,8,8,1
ring_starts=0,0,0,0

Dataset case 7/20
Planner workload: dataset=prolong, seed=0, world_size=8, mode=causal
Batch: B=4, target_tokens=131072, actual_tokens=132352, target_delta=+1280

Sequence placement
 Seq   Global S   Ring     Ranks    Local S  Est compute/member
   0      65536     G4       0-3      16384           5.369e+08
   1      65536     G4       4-7      16384           5.369e+08
   2        768     G1         0        768           2.953e+05
   3        512     G1         1        512           1.313e+05

Per-rank load
Rank     Tokens  Token/avg    Est compute  Compute/avg   Est communication
   0      17152    103.68%      5.372e+08      100.05%           4.915e+04
   1      16896    102.13%      5.370e+08      100.01%           4.915e+04
   2      16384     99.03%      5.369e+08       99.99%           4.915e+04
   3      16384     99.03%      5.369e+08       99.99%           4.915e+04
   4      16384     99.03%      5.369e+08       99.99%           4.915e+04
   5      16384     99.03%      5.369e+08       99.99%           4.915e+04
   6      16384     99.03%      5.369e+08       99.99%           4.915e+04
   7      16384     99.03%      5.369e+08       99.99%           4.915e+04

Balance targets
Metric          Minimum        Average        Maximum  Max deviation    Tolerance     Met
Compute       5.369e+08      5.369e+08      5.372e+08          0.05%        5.00%    True
Tokens            16384      16544.000          17152          3.68%        5.00%    True

Planner status: feasible=True, violation=0.000000, relaxation_level=0, relaxation='initial', repair_moves=0
Split protection
    Bucket  Split count   Split penalty
      <=2K            0               0
     2K-4K            0               0
     4K-8K            0               0
    8K-16K            0               0
      >16K            2               4
Communication: amplification=2.970986, proxy_Q=9.830e+04, active_rings=4, total_token_hops=3.932e+05

Kernel metadata
global_seqlens=65536,65536,768,512
ring_sizes=4,4,1,1
ring_starts=0,4,0,1

Dataset case 8/20
Planner workload: dataset=prolong, seed=0, world_size=8, mode=causal
Batch: B=3, target_tokens=131072, actual_tokens=132096, target_delta=+1024

Sequence placement
 Seq   Global S   Ring     Ranks    Local S  Est compute/member
   0      65536     G4       0-3      16384           5.369e+08
   1      65536     G4       4-7      16384           5.369e+08
   2       1024     G2       0-1        512           2.624e+05

Per-rank load
Rank     Tokens  Token/avg    Est compute  Compute/avg   Est communication
   0      16896    102.33%      5.371e+08      100.04%           4.966e+04
   1      16896    102.33%      5.371e+08      100.04%           4.966e+04
   2      16384     99.22%      5.369e+08       99.99%           4.915e+04
   3      16384     99.22%      5.369e+08       99.99%           4.915e+04
   4      16384     99.22%      5.369e+08       99.99%           4.915e+04
   5      16384     99.22%      5.369e+08       99.99%           4.915e+04
   6      16384     99.22%      5.369e+08       99.99%           4.915e+04
   7      16384     99.22%      5.369e+08       99.99%           4.915e+04

Balance targets
Metric          Minimum        Average        Maximum  Max deviation    Tolerance     Met
Compute       5.369e+08      5.369e+08      5.371e+08          0.04%        5.00%    True
Tokens            16384      16512.000          16896          2.33%        5.00%    True

Planner status: feasible=True, violation=0.000000, relaxation_level=4, relaxation='unlock <=2K G2', repair_moves=0
Split protection
    Bucket  Split count   Split penalty
      <=2K            1               1
     2K-4K            0               0
     4K-8K            0               0
    8K-16K            0               0
      >16K            2               4
Communication: amplification=2.984496, proxy_Q=9.882e+04, active_rings=3, total_token_hops=3.942e+05

Kernel metadata
global_seqlens=65536,65536,1024
ring_sizes=4,4,2
ring_starts=0,4,0

Dataset case 9/20
Planner workload: dataset=prolong, seed=0, world_size=8, mode=causal
Batch: B=4, target_tokens=131072, actual_tokens=132096, target_delta=+1024

Sequence placement
 Seq   Global S   Ring     Ranks    Local S  Est compute/member
   0      65536     G4       0-3      16384           5.369e+08
   1      65536     G4       4-7      16384           5.369e+08
   2        512     G1         0        512           1.313e+05
   3        512     G1         1        512           1.313e+05

Per-rank load
Rank     Tokens  Token/avg    Est compute  Compute/avg   Est communication
   0      16896    102.33%      5.370e+08      100.02%           4.915e+04
   1      16896    102.33%      5.370e+08      100.02%           4.915e+04
   2      16384     99.22%      5.369e+08       99.99%           4.915e+04
   3      16384     99.22%      5.369e+08       99.99%           4.915e+04
   4      16384     99.22%      5.369e+08       99.99%           4.915e+04
   5      16384     99.22%      5.369e+08       99.99%           4.915e+04
   6      16384     99.22%      5.369e+08       99.99%           4.915e+04
   7      16384     99.22%      5.369e+08       99.99%           4.915e+04

Balance targets
Metric          Minimum        Average        Maximum  Max deviation    Tolerance     Met
Compute       5.369e+08      5.369e+08      5.370e+08          0.02%        5.00%    True
Tokens            16384      16512.000          16896          2.33%        5.00%    True

Planner status: feasible=True, violation=0.000000, relaxation_level=0, relaxation='initial', repair_moves=0
Split protection
    Bucket  Split count   Split penalty
      <=2K            0               0
     2K-4K            0               0
     4K-8K            0               0
    8K-16K            0               0
      >16K            2               4
Communication: amplification=2.976744, proxy_Q=9.830e+04, active_rings=4, total_token_hops=3.932e+05

Kernel metadata
global_seqlens=65536,65536,512,512
ring_sizes=4,4,1,1
ring_starts=0,4,0,1

Dataset case 10/20
Planner workload: dataset=prolong, seed=0, world_size=8, mode=causal
Batch: B=3, target_tokens=131072, actual_tokens=131584, target_delta=+512

Sequence placement
 Seq   Global S   Ring     Ranks    Local S  Est compute/member
   0      65536     G4       0-3      16384           5.369e+08
   1      65536     G4       4-7      16384           5.369e+08
   2        512     G1         0        512           1.313e+05

Per-rank load
Rank     Tokens  Token/avg    Est compute  Compute/avg   Est communication
   0      16896    102.72%      5.370e+08      100.02%           4.915e+04
   1      16384     99.61%      5.369e+08      100.00%           4.915e+04
   2      16384     99.61%      5.369e+08      100.00%           4.915e+04
   3      16384     99.61%      5.369e+08      100.00%           4.915e+04
   4      16384     99.61%      5.369e+08      100.00%           4.915e+04
   5      16384     99.61%      5.369e+08      100.00%           4.915e+04
   6      16384     99.61%      5.369e+08      100.00%           4.915e+04
   7      16384     99.61%      5.369e+08      100.00%           4.915e+04

Balance targets
Metric          Minimum        Average        Maximum  Max deviation    Tolerance     Met
Compute       5.369e+08      5.369e+08      5.370e+08          0.02%        5.00%    True
Tokens            16384      16448.000          16896          2.72%        5.00%    True

Planner status: feasible=True, violation=0.000000, relaxation_level=0, relaxation='initial', repair_moves=0
Split protection
    Bucket  Split count   Split penalty
      <=2K            0               0
     2K-4K            0               0
     4K-8K            0               0
    8K-16K            0               0
      >16K            2               4
Communication: amplification=2.988327, proxy_Q=9.830e+04, active_rings=3, total_token_hops=3.932e+05

Kernel metadata
global_seqlens=65536,65536,512
ring_sizes=4,4,1
ring_starts=0,4,0

Dataset case 11/20
Planner workload: dataset=prolong, seed=0, world_size=8, mode=causal
Batch: B=2, target_tokens=131072, actual_tokens=131072, target_delta=+0

Sequence placement
 Seq   Global S   Ring     Ranks    Local S  Est compute/member
   0      65536     G4       0-3      16384           5.369e+08
   1      65536     G4       4-7      16384           5.369e+08

Per-rank load
Rank     Tokens  Token/avg    Est compute  Compute/avg   Est communication
   0      16384    100.00%      5.369e+08      100.00%           4.915e+04
   1      16384    100.00%      5.369e+08      100.00%           4.915e+04
   2      16384    100.00%      5.369e+08      100.00%           4.915e+04
   3      16384    100.00%      5.369e+08      100.00%           4.915e+04
   4      16384    100.00%      5.369e+08      100.00%           4.915e+04
   5      16384    100.00%      5.369e+08      100.00%           4.915e+04
   6      16384    100.00%      5.369e+08      100.00%           4.915e+04
   7      16384    100.00%      5.369e+08      100.00%           4.915e+04

Balance targets
Metric          Minimum        Average        Maximum  Max deviation    Tolerance     Met
Compute       5.369e+08      5.369e+08      5.369e+08          0.00%        5.00%    True
Tokens            16384      16384.000          16384          0.00%        5.00%    True

Planner status: feasible=True, violation=0.000000, relaxation_level=0, relaxation='initial', repair_moves=0
Split protection
    Bucket  Split count   Split penalty
      <=2K            0               0
     2K-4K            0               0
     4K-8K            0               0
    8K-16K            0               0
      >16K            2               4
Communication: amplification=3.000000, proxy_Q=9.830e+04, active_rings=2, total_token_hops=3.932e+05

Kernel metadata
global_seqlens=65536,65536
ring_sizes=4,4
ring_starts=0,4

Dataset case 12/20
Planner workload: dataset=prolong, seed=0, world_size=8, mode=causal
Batch: B=3, target_tokens=131072, actual_tokens=131072, target_delta=+0

Sequence placement
 Seq   Global S   Ring     Ranks    Local S  Est compute/member
   0      65536     G8       0-7       8192           2.684e+08
   1      61440     G8       0-7       7680           2.359e+08
   2       4096     G4       0-3       1024           2.098e+06

Per-rank load
Rank     Tokens  Token/avg    Est compute  Compute/avg   Est communication
   0      16896    103.12%      5.065e+08      100.21%           1.142e+05
   1      16896    103.12%      5.065e+08      100.21%           1.142e+05
   2      16896    103.12%      5.065e+08      100.21%           1.142e+05
   3      16896    103.12%      5.065e+08      100.21%           1.142e+05
   4      15872     96.88%      5.044e+08       99.79%           1.111e+05
   5      15872     96.88%      5.044e+08       99.79%           1.111e+05
   6      15872     96.88%      5.044e+08       99.79%           1.111e+05
   7      15872     96.88%      5.044e+08       99.79%           1.111e+05

Balance targets
Metric          Minimum        Average        Maximum  Max deviation    Tolerance     Met
Compute       5.044e+08      5.054e+08      5.065e+08          0.21%        5.00%    True
Tokens            15872      16384.000          16896          3.12%        5.00%    True

Planner status: feasible=True, violation=0.000000, relaxation_level=5, relaxation='unlock 2K-4K G4', repair_moves=0
Split protection
    Bucket  Split count   Split penalty
      <=2K            0               0
     2K-4K            1               2
     4K-8K            0               0
    8K-16K            0               0
      >16K            2               6
Communication: amplification=6.875000, proxy_Q=1.142e+05, active_rings=2, total_token_hops=9.011e+05

Kernel metadata
global_seqlens=65536,61440,4096
ring_sizes=8,8,4
ring_starts=0,0,0

Dataset case 13/20
Planner workload: dataset=prolong, seed=0, world_size=8, mode=causal
Batch: B=2, target_tokens=131072, actual_tokens=131072, target_delta=+0

Sequence placement
 Seq   Global S   Ring     Ranks    Local S  Est compute/member
   0      65536     G4       0-3      16384           5.369e+08
   1      65536     G4       4-7      16384           5.369e+08

Per-rank load
Rank     Tokens  Token/avg    Est compute  Compute/avg   Est communication
   0      16384    100.00%      5.369e+08      100.00%           4.915e+04
   1      16384    100.00%      5.369e+08      100.00%           4.915e+04
   2      16384    100.00%      5.369e+08      100.00%           4.915e+04
   3      16384    100.00%      5.369e+08      100.00%           4.915e+04
   4      16384    100.00%      5.369e+08      100.00%           4.915e+04
   5      16384    100.00%      5.369e+08      100.00%           4.915e+04
   6      16384    100.00%      5.369e+08      100.00%           4.915e+04
   7      16384    100.00%      5.369e+08      100.00%           4.915e+04

Balance targets
Metric          Minimum        Average        Maximum  Max deviation    Tolerance     Met
Compute       5.369e+08      5.369e+08      5.369e+08          0.00%        5.00%    True
Tokens            16384      16384.000          16384          0.00%        5.00%    True

Planner status: feasible=True, violation=0.000000, relaxation_level=0, relaxation='initial', repair_moves=0
Split protection
    Bucket  Split count   Split penalty
      <=2K            0               0
     2K-4K            0               0
     4K-8K            0               0
    8K-16K            0               0
      >16K            2               4
Communication: amplification=3.000000, proxy_Q=9.830e+04, active_rings=2, total_token_hops=3.932e+05

Kernel metadata
global_seqlens=65536,65536
ring_sizes=4,4
ring_starts=0,4

Dataset case 14/20
Planner workload: dataset=prolong, seed=0, world_size=8, mode=causal
Batch: B=3, target_tokens=131072, actual_tokens=131584, target_delta=+512

Sequence placement
 Seq   Global S   Ring     Ranks    Local S  Est compute/member
   0      65536     G4       0-3      16384           5.369e+08
   1      65536     G4       4-7      16384           5.369e+08
   2        512     G1         0        512           1.313e+05

Per-rank load
Rank     Tokens  Token/avg    Est compute  Compute/avg   Est communication
   0      16896    102.72%      5.370e+08      100.02%           4.915e+04
   1      16384     99.61%      5.369e+08      100.00%           4.915e+04
   2      16384     99.61%      5.369e+08      100.00%           4.915e+04
   3      16384     99.61%      5.369e+08      100.00%           4.915e+04
   4      16384     99.61%      5.369e+08      100.00%           4.915e+04
   5      16384     99.61%      5.369e+08      100.00%           4.915e+04
   6      16384     99.61%      5.369e+08      100.00%           4.915e+04
   7      16384     99.61%      5.369e+08      100.00%           4.915e+04

Balance targets
Metric          Minimum        Average        Maximum  Max deviation    Tolerance     Met
Compute       5.369e+08      5.369e+08      5.370e+08          0.02%        5.00%    True
Tokens            16384      16448.000          16896          2.72%        5.00%    True

Planner status: feasible=True, violation=0.000000, relaxation_level=0, relaxation='initial', repair_moves=0
Split protection
    Bucket  Split count   Split penalty
      <=2K            0               0
     2K-4K            0               0
     4K-8K            0               0
    8K-16K            0               0
      >16K            2               4
Communication: amplification=2.988327, proxy_Q=9.830e+04, active_rings=3, total_token_hops=3.932e+05

Kernel metadata
global_seqlens=65536,65536,512
ring_sizes=4,4,1
ring_starts=0,4,0

Dataset case 15/20
Planner workload: dataset=prolong, seed=0, world_size=8, mode=causal
Batch: B=5, target_tokens=131072, actual_tokens=132096, target_delta=+1024

Sequence placement
 Seq   Global S   Ring     Ranks    Local S  Est compute/member
   0      65536     G4       0-3      16384           5.369e+08
   1      65536     G4       4-7      16384           5.369e+08
   2        512     G1         0        512           1.313e+05
   3        256     G1         1        256           3.290e+04
   4        256     G1         2        256           3.290e+04

Per-rank load
Rank     Tokens  Token/avg    Est compute  Compute/avg   Est communication
   0      16896    102.33%      5.370e+08      100.02%           4.915e+04
   1      16640    100.78%      5.369e+08      100.00%           4.915e+04
   2      16640    100.78%      5.369e+08      100.00%           4.915e+04
   3      16384     99.22%      5.369e+08      100.00%           4.915e+04
   4      16384     99.22%      5.369e+08      100.00%           4.915e+04
   5      16384     99.22%      5.369e+08      100.00%           4.915e+04
   6      16384     99.22%      5.369e+08      100.00%           4.915e+04
   7      16384     99.22%      5.369e+08      100.00%           4.915e+04

Balance targets
Metric          Minimum        Average        Maximum  Max deviation    Tolerance     Met
Compute       5.369e+08      5.369e+08      5.370e+08          0.02%        5.00%    True
Tokens            16384      16512.000          16896          2.33%        5.00%    True

Planner status: feasible=True, violation=0.000000, relaxation_level=0, relaxation='initial', repair_moves=0
Split protection
    Bucket  Split count   Split penalty
      <=2K            0               0
     2K-4K            0               0
     4K-8K            0               0
    8K-16K            0               0
      >16K            2               4
Communication: amplification=2.976744, proxy_Q=9.830e+04, active_rings=5, total_token_hops=3.932e+05

Kernel metadata
global_seqlens=65536,65536,512,256,256
ring_sizes=4,4,1,1,1
ring_starts=0,4,0,1,2

Dataset case 16/20
Planner workload: dataset=prolong, seed=0, world_size=8, mode=causal
Batch: B=2, target_tokens=131072, actual_tokens=131072, target_delta=+0

Sequence placement
 Seq   Global S   Ring     Ranks    Local S  Est compute/member
   0      65536     G4       0-3      16384           5.369e+08
   1      65536     G4       4-7      16384           5.369e+08

Per-rank load
Rank     Tokens  Token/avg    Est compute  Compute/avg   Est communication
   0      16384    100.00%      5.369e+08      100.00%           4.915e+04
   1      16384    100.00%      5.369e+08      100.00%           4.915e+04
   2      16384    100.00%      5.369e+08      100.00%           4.915e+04
   3      16384    100.00%      5.369e+08      100.00%           4.915e+04
   4      16384    100.00%      5.369e+08      100.00%           4.915e+04
   5      16384    100.00%      5.369e+08      100.00%           4.915e+04
   6      16384    100.00%      5.369e+08      100.00%           4.915e+04
   7      16384    100.00%      5.369e+08      100.00%           4.915e+04

Balance targets
Metric          Minimum        Average        Maximum  Max deviation    Tolerance     Met
Compute       5.369e+08      5.369e+08      5.369e+08          0.00%        5.00%    True
Tokens            16384      16384.000          16384          0.00%        5.00%    True

Planner status: feasible=True, violation=0.000000, relaxation_level=0, relaxation='initial', repair_moves=0
Split protection
    Bucket  Split count   Split penalty
      <=2K            0               0
     2K-4K            0               0
     4K-8K            0               0
    8K-16K            0               0
      >16K            2               4
Communication: amplification=3.000000, proxy_Q=9.830e+04, active_rings=2, total_token_hops=3.932e+05

Kernel metadata
global_seqlens=65536,65536
ring_sizes=4,4
ring_starts=0,4

Dataset case 17/20
Planner workload: dataset=prolong, seed=0, world_size=8, mode=causal
Batch: B=4, target_tokens=131072, actual_tokens=131584, target_delta=+512

Sequence placement
 Seq   Global S   Ring     Ranks    Local S  Est compute/member
   0      65536     G4       0-3      16384           5.369e+08
   1      63488     G4       4-7      15872           5.038e+08
   2       2048     G2       6-7       1024           1.049e+06
   3        512     G1         4        512           1.313e+05

Per-rank load
Rank     Tokens  Token/avg    Est compute  Compute/avg   Est communication
   0      16384     99.61%      5.369e+08      103.12%           4.915e+04
   1      16384     99.61%      5.369e+08      103.12%           4.915e+04
   2      16384     99.61%      5.369e+08      103.12%           4.915e+04
   3      16384     99.61%      5.369e+08      103.12%           4.915e+04
   4      16384     99.61%      5.040e+08       96.80%           4.762e+04
   5      15872     96.50%      5.038e+08       96.77%           4.762e+04
   6      16896    102.72%      5.049e+08       96.98%           4.864e+04
   7      16896    102.72%      5.049e+08       96.98%           4.864e+04

Balance targets
Metric          Minimum        Average        Maximum  Max deviation    Tolerance     Met
Compute       5.038e+08      5.206e+08      5.369e+08          3.23%        5.00%    True
Tokens            15872      16448.000          16896          3.50%        5.00%    True

Planner status: feasible=True, violation=0.000000, relaxation_level=4, relaxation='unlock <=2K G2', repair_moves=2
Split protection
    Bucket  Split count   Split penalty
      <=2K            1               1
     2K-4K            0               0
     4K-8K            0               0
    8K-16K            0               0
      >16K            2               4
Communication: amplification=2.957198, proxy_Q=9.779e+04, active_rings=4, total_token_hops=3.891e+05

Kernel metadata
global_seqlens=65536,63488,2048,512
ring_sizes=4,4,2,1
ring_starts=0,4,6,4

Dataset case 18/20
Planner workload: dataset=prolong, seed=0, world_size=8, mode=causal
Batch: B=4, target_tokens=131072, actual_tokens=131840, target_delta=+768

Sequence placement
 Seq   Global S   Ring     Ranks    Local S  Est compute/member
   0      20480     G8       0-7       2560           2.622e+07
   1      65536     G8       0-7       8192           2.684e+08
   2      45056     G8       0-7       5632           1.269e+08
   3        768     G1         0        768           2.953e+05

Per-rank load
Rank     Tokens  Token/avg    Est compute  Compute/avg   Est communication
   0      17152    104.08%      4.218e+08      100.06%           1.147e+05
   1      16384     99.42%      4.215e+08       99.99%           1.147e+05
   2      16384     99.42%      4.215e+08       99.99%           1.147e+05
   3      16384     99.42%      4.215e+08       99.99%           1.147e+05
   4      16384     99.42%      4.215e+08       99.99%           1.147e+05
   5      16384     99.42%      4.215e+08       99.99%           1.147e+05
   6      16384     99.42%      4.215e+08       99.99%           1.147e+05
   7      16384     99.42%      4.215e+08       99.99%           1.147e+05

Balance targets
Metric          Minimum        Average        Maximum  Max deviation    Tolerance     Met
Compute       4.215e+08      4.216e+08      4.218e+08          0.06%        5.00%    True
Tokens            16384      16480.000          17152          4.08%        5.00%    True

Planner status: feasible=True, violation=0.000000, relaxation_level=0, relaxation='initial', repair_moves=0
Split protection
    Bucket  Split count   Split penalty
      <=2K            0               0
     2K-4K            0               0
     4K-8K            0               0
    8K-16K            0               0
      >16K            3               9
Communication: amplification=6.959223, proxy_Q=1.147e+05, active_rings=2, total_token_hops=9.175e+05

Kernel metadata
global_seqlens=20480,65536,45056,768
ring_sizes=8,8,8,1
ring_starts=0,0,0,0

Dataset case 19/20
Planner workload: dataset=prolong, seed=0, world_size=8, mode=causal
Batch: B=4, target_tokens=131072, actual_tokens=132096, target_delta=+1024

Sequence placement
 Seq   Global S   Ring     Ranks    Local S  Est compute/member
   0      65536     G4       0-3      16384           5.369e+08
   1      65536     G4       4-7      16384           5.369e+08
   2        512     G1         0        512           1.313e+05
   3        512     G1         1        512           1.313e+05

Per-rank load
Rank     Tokens  Token/avg    Est compute  Compute/avg   Est communication
   0      16896    102.33%      5.370e+08      100.02%           4.915e+04
   1      16896    102.33%      5.370e+08      100.02%           4.915e+04
   2      16384     99.22%      5.369e+08       99.99%           4.915e+04
   3      16384     99.22%      5.369e+08       99.99%           4.915e+04
   4      16384     99.22%      5.369e+08       99.99%           4.915e+04
   5      16384     99.22%      5.369e+08       99.99%           4.915e+04
   6      16384     99.22%      5.369e+08       99.99%           4.915e+04
   7      16384     99.22%      5.369e+08       99.99%           4.915e+04

Balance targets
Metric          Minimum        Average        Maximum  Max deviation    Tolerance     Met
Compute       5.369e+08      5.369e+08      5.370e+08          0.02%        5.00%    True
Tokens            16384      16512.000          16896          2.33%        5.00%    True

Planner status: feasible=True, violation=0.000000, relaxation_level=0, relaxation='initial', repair_moves=0
Split protection
    Bucket  Split count   Split penalty
      <=2K            0               0
     2K-4K            0               0
     4K-8K            0               0
    8K-16K            0               0
      >16K            2               4
Communication: amplification=2.976744, proxy_Q=9.830e+04, active_rings=4, total_token_hops=3.932e+05

Kernel metadata
global_seqlens=65536,65536,512,512
ring_sizes=4,4,1,1
ring_starts=0,4,0,1

Dataset case 20/20
Planner workload: dataset=prolong, seed=0, world_size=8, mode=causal
Batch: B=2, target_tokens=131072, actual_tokens=131072, target_delta=+0

Sequence placement
 Seq   Global S   Ring     Ranks    Local S  Est compute/member
   0      65536     G4       0-3      16384           5.369e+08
   1      65536     G4       4-7      16384           5.369e+08

Per-rank load
Rank     Tokens  Token/avg    Est compute  Compute/avg   Est communication
   0      16384    100.00%      5.369e+08      100.00%           4.915e+04
   1      16384    100.00%      5.369e+08      100.00%           4.915e+04
   2      16384    100.00%      5.369e+08      100.00%           4.915e+04
   3      16384    100.00%      5.369e+08      100.00%           4.915e+04
   4      16384    100.00%      5.369e+08      100.00%           4.915e+04
   5      16384    100.00%      5.369e+08      100.00%           4.915e+04
   6      16384    100.00%      5.369e+08      100.00%           4.915e+04
   7      16384    100.00%      5.369e+08      100.00%           4.915e+04

Balance targets
Metric          Minimum        Average        Maximum  Max deviation    Tolerance     Met
Compute       5.369e+08      5.369e+08      5.369e+08          0.00%        5.00%    True
Tokens            16384      16384.000          16384          0.00%        5.00%    True

Planner status: feasible=True, violation=0.000000, relaxation_level=0, relaxation='initial', repair_moves=0
Split protection
    Bucket  Split count   Split penalty
      <=2K            0               0
     2K-4K            0               0
     4K-8K            0               0
    8K-16K            0               0
      >16K            2               4
Communication: amplification=3.000000, proxy_Q=9.830e+04, active_rings=2, total_token_hops=3.932e+05

Kernel metadata
global_seqlens=65536,65536
ring_sizes=4,4
ring_starts=0,4

Dataset matrix backward KVH=2: datasets=['prolong'], cases=20
Explicit-topology mega-ring causal backward: world_size=8, methods=['allgather_attention', 'llama3_allgather_attention', 'fa3_ring', 'megatron_hybrid_cp', 'magi_attention', 'zeppelin', 'mega_ring_all_cp', 'mega_ring_hybrid'], QH=32, KVH=2, D=128, allgather_overlapping_heads_k_stride=2, sm_configs=128:4,124:8,120:12,116:16, zeppelin_threshold=4096, megatron_max_seqlen_per_rank=8192, magi_overlap_degree=2, warmup=10, iters=30, check=False
Block baseline backend: in-repo min_fa3 fallback
Reusable backward IPC pools: cases=20, all_cp_rank_capacity=17152, all_cp_accum_numel=4554752, hybrid_rank_capacity=17152, hybrid_accum_numel=4521984

Workload: dataset=prolong, case=1/20, B=2, global_tokens=131072, global_seqlens=[65536, 65536]
Mega-ring all-CP workload: alignment=2048, global_tokens=131072, global_seqlens=[65536, 65536]
Hybrid rings: sizes=[4, 4], starts=[0, 4]
Zeppelin placement: L=4096, final_s0=4096, iterations=1, groups=[4, 4], execution_lengths=[65536, 65536], padding=0, physical_rank_token_loads=[16384, 16384, 16384, 16384, 16384, 16384, 16384, 16384]
Timing excludes forward preparation, opaque-workspace construction, owner-accumulator reset, and the pre-launch distributed barrier; reused step-workspace reset and method-internal phase barriers are included; reported time is the average of the per-iteration max-rank end-to-end backward op times.
Method                      Comp:Comm Time ms                                                                                                            Agg TFLOPS    Avg/GPU    Check  Note
allgather_attention                 - t0=43.312, t1=43.317, t2=43.322, t3=43.326, t4=43.321, t5=43.315, t6=43.309, t7=43.300 | max_across_ranks=43.351      4058.17     507.27     skip  per-sequence KV-head-sharded all-gather (2 KVH/chunk, comm/compute overlap); in-repo min_fa3 fallback; zigzag causal
llama3_allgather_attention          - t0=40.784, t1=40.783, t2=40.774, t3=40.770, t4=40.763, t5=40.758, t6=40.764, t7=40.769 | max_across_ranks=40.814      4310.43     538.80     skip  whole-packed zigzag KV-head-sharded all-gather (2 KVH/chunk, comm/compute overlap); in-repo min_fa3 fallback; causal
fa3_ring                            - t0=45.568, t1=45.600, t2=45.711, t3=45.796, t4=45.797, t5=45.776, t6=45.689, t7=45.642 | max_across_ranks=45.884      3834.13     479.27     skip  NCCL zigzag ring; in-repo min_fa3 fallback block backward
megatron_hybrid_cp                  - t0=43.456, t1=43.433, t2=43.487, t3=43.514, t4=43.538, t5=43.539, t6=43.521, t7=43.523 | max_across_ranks=43.617      4033.43     504.18     skip  Megatron scheduler; 1 execution groups; P2P ring; in-repo min_fa3 fallback; forward-order phase replay; complete forward preparation excluded from backward timing; tokens(original/aligned)=131072/131072, padding=0 tokens; aligned-length Agg TFLOPS=4033.43, Avg/GPU=504.18
magi_attention                      - t0=46.398, t1=46.232, t2=46.449, t3=46.278, t4=46.441, t5=46.261, t6=46.446, t7=46.275 | max_across_ranks=46.776      3761.01     470.13     skip  chunk_size=2048, tokens(original/padded)=131072/131072, overlap_degree=2; dispatch excluded; performance-only; forward preparation excluded from backward timing
zeppelin                            - t0=40.495, t1=40.500, t2=40.402, t3=40.528, t4=40.235, t5=40.094, t6=40.194, t7=40.230 | max_across_ranks=40.670      4325.63     540.70     skip  L=4096; final_s0=4096; iterations=1; G4=2; padding=0; physical rank token loads=[16384,16384,16384,16384,16384,16384,16384,16384]; in-repo min_fa3 fallback; tokens(original/aligned)=131072/131072, padding=0 tokens; aligned-length Agg TFLOPS=4325.63, Avg/GPU=540.70
mega_ring_all_cp                128:4 t0=40.400, t1=40.664, t2=40.726, t3=40.559, t4=40.450, t5=40.273, t6=40.499, t7=40.455 | max_across_ranks=40.874      4304.03     538.00     skip  all-CP fused mega-ring; remote reset excluded; workspace=reused, reset=timed, aux_grid=exact; tokens(original/aligned)=131072/131072, padding=0 tokens; aligned-length Agg TFLOPS=4304.03, Avg/GPU=538.00
mega_ring_all_cp                124:8 t0=40.962, t1=41.277, t2=41.281, t3=41.290, t4=41.194, t5=40.669, t6=40.748, t7=40.943 | max_across_ranks=41.458      4243.46     530.43     skip  all-CP fused mega-ring; remote reset excluded; workspace=reused, reset=timed, aux_grid=exact; tokens(original/aligned)=131072/131072, padding=0 tokens; aligned-length Agg TFLOPS=4243.46, Avg/GPU=530.43
mega_ring_all_cp               120:12 t0=42.232, t1=42.408, t2=42.508, t3=42.676, t4=42.622, t5=41.997, t6=42.136, t7=42.247 | max_across_ranks=42.726      4117.54     514.69     skip  all-CP fused mega-ring; remote reset excluded; workspace=reused, reset=timed, aux_grid=exact; tokens(original/aligned)=131072/131072, padding=0 tokens; aligned-length Agg TFLOPS=4117.54, Avg/GPU=514.69
mega_ring_all_cp               116:16 t0=43.199, t1=43.438, t2=43.475, t3=43.511, t4=43.458, t5=42.990, t6=43.038, t7=43.116 | max_across_ranks=43.620      4033.11     504.14     skip  all-CP fused mega-ring; remote reset excluded; workspace=reused, reset=timed, aux_grid=exact; tokens(original/aligned)=131072/131072, padding=0 tokens; aligned-length Agg TFLOPS=4033.11, Avg/GPU=504.14
mega_ring_hybrid                128:4 t0=39.906, t1=39.695, t2=39.709, t3=39.968, t4=39.559, t5=39.616, t6=39.716, t7=39.714 | max_across_ranks=40.070      4390.38     548.80     skip  hierarchical hybrid fused mega-ring; remote reset excluded; workspace=reused, reset=timed, aux_grid=exact
mega_ring_hybrid                124:8 t0=40.825, t1=41.039, t2=41.107, t3=40.909, t4=40.716, t5=40.934, t6=41.080, t7=40.845 | max_across_ranks=41.224      4267.56     533.45     skip  hierarchical hybrid fused mega-ring; remote reset excluded; workspace=reused, reset=timed, aux_grid=exact
mega_ring_hybrid               120:12 t0=41.690, t1=41.931, t2=41.906, t3=41.696, t4=41.446, t5=41.684, t6=41.756, t7=41.552 | max_across_ranks=42.013      4187.38     523.42     skip  hierarchical hybrid fused mega-ring; remote reset excluded; workspace=reused, reset=timed, aux_grid=exact
mega_ring_hybrid               116:16 t0=42.440, t1=42.761, t2=42.762, t3=42.421, t4=42.178, t5=42.406, t6=42.512, t7=42.299 | max_across_ranks=42.799      4110.48     513.81     skip  hierarchical hybrid fused mega-ring; remote reset excluded; workspace=reused, reset=timed, aux_grid=exact

Workload: dataset=prolong, case=2/20, B=3, global_tokens=131328, global_seqlens=[65536, 65536, 256]
Mega-ring all-CP workload: alignment=2048, global_tokens=133120, global_seqlens=[65536, 65536, 2048]
Hybrid rings: sizes=[4, 4, 1], starts=[0, 4, 0]
Zeppelin placement: L=4096, final_s0=4096, iterations=1, groups=[4, 4, 1], execution_lengths=[65536, 65536, 256], padding=0, physical_rank_token_loads=[16640, 16384, 16384, 16384, 16384, 16384, 16384, 16384]
Timing excludes forward preparation, opaque-workspace construction, owner-accumulator reset, and the pre-launch distributed barrier; reused step-workspace reset and method-internal phase barriers are included; reported time is the average of the per-iteration max-rank end-to-end backward op times.
Method                      Comp:Comm Time ms                                                                                                            Agg TFLOPS    Avg/GPU    Check  Note
allgather_attention                 - t0=43.760, t1=43.767, t2=43.762, t3=43.763, t4=43.756, t5=43.752, t6=43.753, t7=43.751 | max_across_ranks=43.791      4017.42     502.18     skip  per-sequence KV-head-sharded all-gather (2 KVH/chunk, comm/compute overlap); in-repo min_fa3 fallback; zigzag causal
llama3_allgather_attention          - t0=41.262, t1=41.271, t2=41.261, t3=41.255, t4=41.246, t5=41.238, t6=41.246, t7=41.250 | max_across_ranks=41.285      4261.28     532.66     skip  whole-packed zigzag KV-head-sharded all-gather (2 KVH/chunk, comm/compute overlap); in-repo min_fa3 fallback; causal
fa3_ring                            - t0=46.098, t1=46.088, t2=46.169, t3=46.229, t4=46.233, t5=46.227, t6=46.149, t7=46.147 | max_across_ranks=46.364      3794.45     474.31     skip  NCCL zigzag ring; in-repo min_fa3 fallback block backward
megatron_hybrid_cp                  - t0=44.400, t1=44.385, t2=44.383, t3=44.381, t4=44.405, t5=44.380, t6=44.411, t7=44.406 | max_across_ranks=44.452      3957.69     494.71     skip  Megatron scheduler; 2 execution groups; P2P ring; in-repo min_fa3 fallback; forward-order phase replay; complete forward preparation excluded from backward timing; tokens(original/aligned)=131328/133120, padding=1792 tokens; aligned-length Agg TFLOPS=3959.59, Avg/GPU=494.95
magi_attention                      - t0=48.284, t1=48.274, t2=48.253, t3=48.274, t4=48.230, t5=48.263, t6=48.277, t7=48.236 | max_across_ranks=48.299      3642.41     455.30     skip  chunk_size=2052, tokens(original/padded)=131328/131328, overlap_degree=2; dispatch excluded; performance-only; forward preparation excluded from backward timing
zeppelin                            - t0=40.279, t1=40.215, t2=40.140, t3=40.244, t4=39.777, t5=39.733, t6=39.731, t7=39.777 | max_across_ranks=40.305      4364.90     545.61     skip  L=4096; final_s0=4096; iterations=1; G1=1,G4=2; padding=0; physical rank token loads=[16640,16384,16384,16384,16384,16384,16384,16384]; in-repo min_fa3 fallback; tokens(original/aligned)=131328/131328, padding=0 tokens; aligned-length Agg TFLOPS=4364.90, Avg/GPU=545.61
mega_ring_all_cp                128:4 t0=40.595, t1=41.019, t2=40.850, t3=40.540, t4=40.358, t5=40.304, t6=40.416, t7=40.411 | max_across_ranks=41.130      4277.27     534.66     skip  all-CP fused mega-ring; remote reset excluded; workspace=reused, reset=timed, aux_grid=exact; tokens(original/aligned)=131328/133120, padding=1792 tokens; aligned-length Agg TFLOPS=4279.33, Avg/GPU=534.92
mega_ring_all_cp                124:8 t0=41.130, t1=41.885, t2=41.951, t3=41.842, t4=41.677, t5=41.331, t6=41.492, t7=41.286 | max_across_ranks=42.040      4184.68     523.09     skip  all-CP fused mega-ring; remote reset excluded; workspace=reused, reset=timed, aux_grid=exact; tokens(original/aligned)=131328/133120, padding=1792 tokens; aligned-length Agg TFLOPS=4186.69, Avg/GPU=523.34
mega_ring_all_cp               120:12 t0=42.467, t1=43.111, t2=43.125, t3=42.945, t4=42.790, t5=42.467, t6=42.593, t7=42.423 | max_across_ranks=43.203      4072.06     509.01     skip  all-CP fused mega-ring; remote reset excluded; workspace=reused, reset=timed, aux_grid=exact; tokens(original/aligned)=131328/133120, padding=1792 tokens; aligned-length Agg TFLOPS=4074.02, Avg/GPU=509.25
mega_ring_all_cp               116:16 t0=43.219, t1=43.630, t2=43.583, t3=43.562, t4=43.471, t5=42.942, t6=43.039, t7=42.859 | max_across_ranks=43.686      4027.03     503.38     skip  all-CP fused mega-ring; remote reset excluded; workspace=reused, reset=timed, aux_grid=exact; tokens(original/aligned)=131328/133120, padding=1792 tokens; aligned-length Agg TFLOPS=4028.96, Avg/GPU=503.62
mega_ring_hybrid                128:4 t0=39.900, t1=40.110, t2=40.163, t3=40.044, t4=39.549, t5=39.821, t6=40.008, t7=39.908 | max_across_ranks=40.273      4368.29     546.04     skip  hierarchical hybrid fused mega-ring; remote reset excluded; workspace=reused, reset=timed, aux_grid=exact
mega_ring_hybrid                124:8 t0=41.084, t1=41.499, t2=41.498, t3=41.265, t4=40.657, t5=40.947, t6=41.117, t7=40.959 | max_across_ranks=41.571      4231.93     528.99     skip  hierarchical hybrid fused mega-ring; remote reset excluded; workspace=reused, reset=timed, aux_grid=exact
mega_ring_hybrid               120:12 t0=42.072, t1=41.918, t2=41.984, t3=42.071, t4=41.459, t5=41.806, t6=42.009, t7=41.939 | max_across_ranks=42.279      4161.09     520.14     skip  hierarchical hybrid fused mega-ring; remote reset excluded; workspace=reused, reset=timed, aux_grid=exact
mega_ring_hybrid               116:16 t0=42.659, t1=42.826, t2=42.829, t3=42.662, t4=42.072, t5=42.733, t6=42.848, t7=42.547 | max_across_ranks=43.026      4088.85     511.11     skip  hierarchical hybrid fused mega-ring; remote reset excluded; workspace=reused, reset=timed, aux_grid=exact

Workload: dataset=prolong, case=3/20, B=2, global_tokens=131072, global_seqlens=[65536, 65536]
Mega-ring all-CP workload: alignment=2048, global_tokens=131072, global_seqlens=[65536, 65536]
Hybrid rings: sizes=[4, 4], starts=[0, 4]
Zeppelin placement: L=4096, final_s0=4096, iterations=1, groups=[4, 4], execution_lengths=[65536, 65536], padding=0, physical_rank_token_loads=[16384, 16384, 16384, 16384, 16384, 16384, 16384, 16384]
Timing excludes forward preparation, opaque-workspace construction, owner-accumulator reset, and the pre-launch distributed barrier; reused step-workspace reset and method-internal phase barriers are included; reported time is the average of the per-iteration max-rank end-to-end backward op times.
Method                      Comp:Comm Time ms                                                                                                            Agg TFLOPS    Avg/GPU    Check  Note
allgather_attention                 - t0=43.523, t1=43.530, t2=43.529, t3=43.529, t4=43.521, t5=43.516, t6=43.514, t7=43.512 | max_across_ranks=43.553      4039.32     504.92     skip  per-sequence KV-head-sharded all-gather (2 KVH/chunk, comm/compute overlap); in-repo min_fa3 fallback; zigzag causal
llama3_allgather_attention          - t0=40.853, t1=40.855, t2=40.860, t3=40.860, t4=40.853, t5=40.851, t6=40.845, t7=40.844 | max_across_ranks=40.884      4302.99     537.87     skip  whole-packed zigzag KV-head-sharded all-gather (2 KVH/chunk, comm/compute overlap); in-repo min_fa3 fallback; causal
fa3_ring                            - t0=46.211, t1=46.254, t2=46.315, t3=46.344, t4=46.301, t5=46.297, t6=46.190, t7=46.168 | max_across_ranks=46.473      3785.49     473.19     skip  NCCL zigzag ring; in-repo min_fa3 fallback block backward
megatron_hybrid_cp                  - t0=43.626, t1=43.523, t2=43.581, t3=43.573, t4=43.546, t5=43.605, t6=43.711, t7=43.708 | max_across_ranks=43.749      4021.26     502.66     skip  Megatron scheduler; 1 execution groups; P2P ring; in-repo min_fa3 fallback; forward-order phase replay; complete forward preparation excluded from backward timing; tokens(original/aligned)=131072/131072, padding=0 tokens; aligned-length Agg TFLOPS=4021.26, Avg/GPU=502.66
magi_attention                      - t0=45.937, t1=46.253, t2=45.990, t3=46.299, t4=45.984, t5=46.273, t6=45.989, t7=46.291 | max_across_ranks=46.391      3792.18     474.02     skip  chunk_size=2048, tokens(original/padded)=131072/131072, overlap_degree=2; dispatch excluded; performance-only; forward preparation excluded from backward timing
zeppelin                            - t0=40.204, t1=40.211, t2=40.156, t3=40.229, t4=39.856, t5=39.766, t6=39.859, t7=39.889 | max_across_ranks=40.258      4369.95     546.24     skip  L=4096; final_s0=4096; iterations=1; G4=2; padding=0; physical rank token loads=[16384,16384,16384,16384,16384,16384,16384,16384]; in-repo min_fa3 fallback; tokens(original/aligned)=131072/131072, padding=0 tokens; aligned-length Agg TFLOPS=4369.95, Avg/GPU=546.24
mega_ring_all_cp                128:4 t0=40.174, t1=41.094, t2=41.098, t3=40.826, t4=40.784, t5=40.349, t6=40.436, t7=40.334 | max_across_ranks=41.207      4269.34     533.67     skip  all-CP fused mega-ring; remote reset excluded; workspace=reused, reset=timed, aux_grid=exact; tokens(original/aligned)=131072/131072, padding=0 tokens; aligned-length Agg TFLOPS=4269.34, Avg/GPU=533.67
mega_ring_all_cp                124:8 t0=41.036, t1=41.938, t2=41.977, t3=41.723, t4=41.627, t5=41.116, t6=41.246, t7=41.167 | max_across_ranks=42.066      4182.14     522.77     skip  all-CP fused mega-ring; remote reset excluded; workspace=reused, reset=timed, aux_grid=exact; tokens(original/aligned)=131072/131072, padding=0 tokens; aligned-length Agg TFLOPS=4182.14, Avg/GPU=522.77
mega_ring_all_cp               120:12 t0=41.984, t1=42.658, t2=42.711, t3=42.469, t4=42.370, t5=42.105, t6=42.279, t7=42.189 | max_across_ranks=42.745      4115.66     514.46     skip  all-CP fused mega-ring; remote reset excluded; workspace=reused, reset=timed, aux_grid=exact; tokens(original/aligned)=131072/131072, padding=0 tokens; aligned-length Agg TFLOPS=4115.66, Avg/GPU=514.46
mega_ring_all_cp               116:16 t0=42.864, t1=43.511, t2=43.559, t3=43.462, t4=43.388, t5=43.184, t6=43.251, t7=42.953 | max_across_ranks=43.620      4033.13     504.14     skip  all-CP fused mega-ring; remote reset excluded; workspace=reused, reset=timed, aux_grid=exact; tokens(original/aligned)=131072/131072, padding=0 tokens; aligned-length Agg TFLOPS=4033.13, Avg/GPU=504.14
mega_ring_hybrid                128:4 t0=40.115, t1=40.265, t2=40.314, t3=40.136, t4=39.506, t5=39.937, t6=40.086, t7=39.908 | max_across_ranks=40.473      4346.75     543.34     skip  hierarchical hybrid fused mega-ring; remote reset excluded; workspace=reused, reset=timed, aux_grid=exact
mega_ring_hybrid                124:8 t0=41.050, t1=41.414, t2=41.413, t3=41.052, t4=40.516, t5=40.966, t6=41.138, t7=41.035 | max_across_ranks=41.538      4235.26     529.41     skip  hierarchical hybrid fused mega-ring; remote reset excluded; workspace=reused, reset=timed, aux_grid=exact
mega_ring_hybrid               120:12 t0=41.945, t1=42.174, t2=42.163, t3=41.928, t4=41.428, t5=41.739, t6=41.957, t7=41.854 | max_across_ranks=42.241      4164.83     520.60     skip  hierarchical hybrid fused mega-ring; remote reset excluded; workspace=reused, reset=timed, aux_grid=exact
mega_ring_hybrid               116:16 t0=42.591, t1=42.928, t2=42.929, t3=42.582, t4=42.296, t5=42.693, t6=42.731, t7=42.625 | max_across_ranks=42.975      4093.61     511.70     skip  hierarchical hybrid fused mega-ring; remote reset excluded; workspace=reused, reset=timed, aux_grid=exact

Workload: dataset=prolong, case=4/20, B=2, global_tokens=131072, global_seqlens=[65536, 65536]
Mega-ring all-CP workload: alignment=2048, global_tokens=131072, global_seqlens=[65536, 65536]
Hybrid rings: sizes=[4, 4], starts=[0, 4]
Zeppelin placement: L=4096, final_s0=4096, iterations=1, groups=[4, 4], execution_lengths=[65536, 65536], padding=0, physical_rank_token_loads=[16384, 16384, 16384, 16384, 16384, 16384, 16384, 16384]
Timing excludes forward preparation, opaque-workspace construction, owner-accumulator reset, and the pre-launch distributed barrier; reused step-workspace reset and method-internal phase barriers are included; reported time is the average of the per-iteration max-rank end-to-end backward op times.
Method                      Comp:Comm Time ms                                                                                                            Agg TFLOPS    Avg/GPU    Check  Note
allgather_attention                 - t0=43.510, t1=43.509, t2=43.504, t3=43.505, t4=43.506, t5=43.506, t6=43.510, t7=43.505 | max_across_ranks=43.539      4040.61     505.08     skip  per-sequence KV-head-sharded all-gather (2 KVH/chunk, comm/compute overlap); in-repo min_fa3 fallback; zigzag causal
llama3_allgather_attention          - t0=40.879, t1=40.883, t2=40.880, t3=40.878, t4=40.874, t5=40.874, t6=40.873, t7=40.872 | max_across_ranks=40.907      4300.63     537.58     skip  whole-packed zigzag KV-head-sharded all-gather (2 KVH/chunk, comm/compute overlap); in-repo min_fa3 fallback; causal
fa3_ring                            - t0=45.459, t1=45.465, t2=45.583, t3=45.618, t4=45.573, t5=45.559, t6=45.527, t7=45.527 | max_across_ranks=45.663      3852.63     481.58     skip  NCCL zigzag ring; in-repo min_fa3 fallback block backward
megatron_hybrid_cp                  - t0=43.739, t1=43.643, t2=43.729, t3=43.729, t4=43.678, t5=43.726, t6=43.793, t7=43.790 | max_across_ranks=43.851      4011.91     501.49     skip  Megatron scheduler; 1 execution groups; P2P ring; in-repo min_fa3 fallback; forward-order phase replay; complete forward preparation excluded from backward timing; tokens(original/aligned)=131072/131072, padding=0 tokens; aligned-length Agg TFLOPS=4011.91, Avg/GPU=501.49
magi_attention                      - t0=46.077, t1=46.113, t2=46.131, t3=46.158, t4=46.120, t5=46.132, t6=46.127, t7=46.151 | max_across_ranks=46.298      3799.83     474.98     skip  chunk_size=2048, tokens(original/padded)=131072/131072, overlap_degree=2; dispatch excluded; performance-only; forward preparation excluded from backward timing
zeppelin                            - t0=40.154, t1=40.170, t2=40.181, t3=40.211, t4=39.972, t5=39.858, t6=39.937, t7=39.974 | max_across_ranks=40.266      4369.06     546.13     skip  L=4096; final_s0=4096; iterations=1; G4=2; padding=0; physical rank token loads=[16384,16384,16384,16384,16384,16384,16384,16384]; in-repo min_fa3 fallback; tokens(original/aligned)=131072/131072, padding=0 tokens; aligned-length Agg TFLOPS=4369.06, Avg/GPU=546.13
mega_ring_all_cp                128:4 t0=40.215, t1=41.150, t2=41.210, t3=40.943, t4=40.590, t5=40.544, t6=40.719, t7=40.519 | max_across_ranks=41.232      4266.73     533.34     skip  all-CP fused mega-ring; remote reset excluded; workspace=reused, reset=timed, aux_grid=exact; tokens(original/aligned)=131072/131072, padding=0 tokens; aligned-length Agg TFLOPS=4266.73, Avg/GPU=533.34
mega_ring_all_cp                124:8 t0=41.012, t1=41.891, t2=42.063, t3=41.779, t4=41.233, t5=41.320, t6=41.548, t7=41.367 | max_across_ranks=42.079      4180.83     522.60     skip  all-CP fused mega-ring; remote reset excluded; workspace=reused, reset=timed, aux_grid=exact; tokens(original/aligned)=131072/131072, padding=0 tokens; aligned-length Agg TFLOPS=4180.83, Avg/GPU=522.60
mega_ring_all_cp               120:12 t0=41.919, t1=42.824, t2=42.894, t3=42.487, t4=41.990, t5=42.390, t6=42.496, t7=42.180 | max_across_ranks=42.943      4096.74     512.09     skip  all-CP fused mega-ring; remote reset excluded; workspace=reused, reset=timed, aux_grid=exact; tokens(original/aligned)=131072/131072, padding=0 tokens; aligned-length Agg TFLOPS=4096.74, Avg/GPU=512.09
mega_ring_all_cp               116:16 t0=42.831, t1=43.746, t2=43.780, t3=43.481, t4=42.892, t5=43.232, t6=43.325, t7=43.069 | max_across_ranks=43.803      4016.26     502.03     skip  all-CP fused mega-ring; remote reset excluded; workspace=reused, reset=timed, aux_grid=exact; tokens(original/aligned)=131072/131072, padding=0 tokens; aligned-length Agg TFLOPS=4016.26, Avg/GPU=502.03
mega_ring_hybrid                128:4 t0=39.841, t1=40.278, t2=40.310, t3=40.002, t4=39.616, t5=40.069, t6=40.117, t7=39.857 | max_across_ranks=40.404      4354.08     544.26     skip  hierarchical hybrid fused mega-ring; remote reset excluded; workspace=reused, reset=timed, aux_grid=exact
mega_ring_hybrid                124:8 t0=40.847, t1=41.466, t2=41.481, t3=41.136, t4=40.758, t5=41.101, t6=41.163, t7=41.077 | max_across_ranks=41.531      4236.01     529.50     skip  hierarchical hybrid fused mega-ring; remote reset excluded; workspace=reused, reset=timed, aux_grid=exact
mega_ring_hybrid               120:12 t0=41.807, t1=42.175, t2=42.261, t3=41.991, t4=41.509, t5=41.929, t6=42.065, t7=41.894 | max_across_ranks=42.367      4152.38     519.05     skip  hierarchical hybrid fused mega-ring; remote reset excluded; workspace=reused, reset=timed, aux_grid=exact
mega_ring_hybrid               116:16 t0=42.310, t1=43.043, t2=43.104, t3=42.783, t4=42.185, t5=42.915, t6=42.961, t7=42.580 | max_across_ranks=43.208      4071.60     508.95     skip  hierarchical hybrid fused mega-ring; remote reset excluded; workspace=reused, reset=timed, aux_grid=exact

Workload: dataset=prolong, case=5/20, B=2, global_tokens=131072, global_seqlens=[65536, 65536]
Mega-ring all-CP workload: alignment=2048, global_tokens=131072, global_seqlens=[65536, 65536]
Hybrid rings: sizes=[4, 4], starts=[0, 4]
Zeppelin placement: L=4096, final_s0=4096, iterations=1, groups=[4, 4], execution_lengths=[65536, 65536], padding=0, physical_rank_token_loads=[16384, 16384, 16384, 16384, 16384, 16384, 16384, 16384]
Timing excludes forward preparation, opaque-workspace construction, owner-accumulator reset, and the pre-launch distributed barrier; reused step-workspace reset and method-internal phase barriers are included; reported time is the average of the per-iteration max-rank end-to-end backward op times.
Method                      Comp:Comm Time ms                                                                                                            Agg TFLOPS    Avg/GPU    Check  Note
allgather_attention                 - t0=43.537, t1=43.546, t2=43.548, t3=43.552, t4=43.545, t5=43.529, t6=43.533, t7=43.527 | max_across_ranks=43.573      4037.46     504.68     skip  per-sequence KV-head-sharded all-gather (2 KVH/chunk, comm/compute overlap); in-repo min_fa3 fallback; zigzag causal
llama3_allgather_attention          - t0=40.940, t1=40.943, t2=40.939, t3=40.936, t4=40.931, t5=40.931, t6=40.932, t7=40.932 | max_across_ranks=40.967      4294.32     536.79     skip  whole-packed zigzag KV-head-sharded all-gather (2 KVH/chunk, comm/compute overlap); in-repo min_fa3 fallback; causal
fa3_ring                            - t0=45.845, t1=45.892, t2=45.989, t3=46.014, t4=45.948, t5=45.909, t6=45.801, t7=45.831 | max_across_ranks=46.099      3816.23     477.03     skip  NCCL zigzag ring; in-repo min_fa3 fallback block backward
megatron_hybrid_cp                  - t0=43.857, t1=43.764, t2=43.815, t3=43.848, t4=43.814, t5=43.825, t6=43.903, t7=43.933 | max_across_ranks=43.986      3999.58     499.95     skip  Megatron scheduler; 1 execution groups; P2P ring; in-repo min_fa3 fallback; forward-order phase replay; complete forward preparation excluded from backward timing; tokens(original/aligned)=131072/131072, padding=0 tokens; aligned-length Agg TFLOPS=3999.58, Avg/GPU=499.95
magi_attention                      - t0=46.179, t1=46.131, t2=46.239, t3=46.170, t4=46.236, t5=46.134, t6=46.234, t7=46.165 | max_across_ranks=46.476      3785.31     473.16     skip  chunk_size=2048, tokens(original/padded)=131072/131072, overlap_degree=2; dispatch excluded; performance-only; forward preparation excluded from backward timing
zeppelin                            - t0=40.157, t1=40.111, t2=40.140, t3=40.175, t4=39.974, t5=39.904, t6=39.963, t7=39.994 | max_across_ranks=40.210      4375.10     546.89     skip  L=4096; final_s0=4096; iterations=1; G4=2; padding=0; physical rank token loads=[16384,16384,16384,16384,16384,16384,16384,16384]; in-repo min_fa3 fallback; tokens(original/aligned)=131072/131072, padding=0 tokens; aligned-length Agg TFLOPS=4375.10, Avg/GPU=546.89
mega_ring_all_cp                128:4 t0=40.269, t1=41.093, t2=41.098, t3=40.811, t4=40.610, t5=40.638, t6=40.721, t7=40.534 | max_across_ranks=41.158      4274.32     534.29     skip  all-CP fused mega-ring; remote reset excluded; workspace=reused, reset=timed, aux_grid=exact; tokens(original/aligned)=131072/131072, padding=0 tokens; aligned-length Agg TFLOPS=4274.32, Avg/GPU=534.29
mega_ring_all_cp                124:8 t0=41.242, t1=41.871, t2=41.889, t3=41.674, t4=41.445, t5=41.395, t6=41.468, t7=41.273 | max_across_ranks=41.911      4197.56     524.70     skip  all-CP fused mega-ring; remote reset excluded; workspace=reused, reset=timed, aux_grid=exact; tokens(original/aligned)=131072/131072, padding=0 tokens; aligned-length Agg TFLOPS=4197.56, Avg/GPU=524.70
mega_ring_all_cp               120:12 t0=42.079, t1=42.744, t2=42.770, t3=42.526, t4=42.193, t5=42.213, t6=42.375, t7=42.238 | max_across_ranks=42.784      4111.97     514.00     skip  all-CP fused mega-ring; remote reset excluded; workspace=reused, reset=timed, aux_grid=exact; tokens(original/aligned)=131072/131072, padding=0 tokens; aligned-length Agg TFLOPS=4111.97, Avg/GPU=514.00
mega_ring_all_cp               116:16 t0=42.896, t1=43.520, t2=43.585, t3=43.266, t4=42.977, t5=43.239, t6=43.359, t7=43.228 | max_across_ranks=43.617      4033.35     504.17     skip  all-CP fused mega-ring; remote reset excluded; workspace=reused, reset=timed, aux_grid=exact; tokens(original/aligned)=131072/131072, padding=0 tokens; aligned-length Agg TFLOPS=4033.35, Avg/GPU=504.17
mega_ring_hybrid                128:4 t0=39.873, t1=40.354, t2=40.393, t3=40.082, t4=39.580, t5=39.950, t6=40.052, t7=39.841 | max_across_ranks=40.420      4352.45     544.06     skip  hierarchical hybrid fused mega-ring; remote reset excluded; workspace=reused, reset=timed, aux_grid=exact
mega_ring_hybrid                124:8 t0=40.884, t1=41.434, t2=41.471, t3=41.145, t4=40.654, t5=41.270, t6=41.310, t7=41.047 | max_across_ranks=41.520      4237.12     529.64     skip  hierarchical hybrid fused mega-ring; remote reset excluded; workspace=reused, reset=timed, aux_grid=exact
mega_ring_hybrid               120:12 t0=41.625, t1=42.152, t2=42.179, t3=41.831, t4=41.413, t5=42.020, t6=42.129, t7=41.902 | max_across_ranks=42.313      4157.70     519.71     skip  hierarchical hybrid fused mega-ring; remote reset excluded; workspace=reused, reset=timed, aux_grid=exact
mega_ring_hybrid               116:16 t0=42.390, t1=42.923, t2=42.945, t3=42.574, t4=42.183, t5=42.925, t6=42.972, t7=42.524 | max_across_ranks=43.098      4082.00     510.25     skip  hierarchical hybrid fused mega-ring; remote reset excluded; workspace=reused, reset=timed, aux_grid=exact

Workload: dataset=prolong, case=6/20, B=4, global_tokens=131840, global_seqlens=[14336, 65536, 51200, 768]
Mega-ring all-CP workload: alignment=2048, global_tokens=133120, global_seqlens=[14336, 65536, 51200, 2048]
Hybrid rings: sizes=[8, 8, 8, 1], starts=[0, 0, 0, 0]
Zeppelin placement: L=4096, final_s0=4096, iterations=1, groups=[1, 5, 3, 1], execution_lengths=[14336, 65540, 51204, 768], padding=8, physical_rank_token_loads=[28212, 13108, 13108, 13108, 13108, 17068, 17068, 17068]
Timing excludes forward preparation, opaque-workspace construction, owner-accumulator reset, and the pre-launch distributed barrier; reused step-workspace reset and method-internal phase barriers are included; reported time is the average of the per-iteration max-rank end-to-end backward op times.
Method                      Comp:Comm Time ms                                                                                                            Agg TFLOPS    Avg/GPU    Check  Note
allgather_attention                 - t0=37.040, t1=37.050, t2=37.048, t3=37.050, t4=37.047, t5=37.040, t6=37.038, t7=37.035 | max_across_ranks=37.075      3934.53     491.82     skip  per-sequence KV-head-sharded all-gather (2 KVH/chunk, comm/compute overlap); in-repo min_fa3 fallback; zigzag causal
llama3_allgather_attention          - t0=62.994, t1=62.977, t2=62.956, t3=62.937, t4=62.949, t5=62.967, t6=62.989, t7=63.007 | max_across_ranks=63.007      2315.16     289.39     skip  whole-packed zigzag KV-head-sharded all-gather (2 KVH/chunk, comm/compute overlap); in-repo min_fa3 fallback; causal
fa3_ring                            - t0=41.690, t1=41.632, t2=41.537, t3=41.483, t4=41.514, t5=41.624, t6=41.692, t7=41.724 | max_across_ranks=41.813      3488.64     436.08     skip  NCCL zigzag ring; in-repo min_fa3 fallback block backward
megatron_hybrid_cp                  - t0=39.274, t1=39.275, t2=39.186, t3=39.255, t4=36.979, t5=36.941, t6=36.986, t7=36.964 | max_across_ranks=39.277      3713.90     464.24     skip  Megatron scheduler; 2 execution groups; P2P ring; in-repo min_fa3 fallback; forward-order phase replay; complete forward preparation excluded from backward timing; tokens(original/aligned)=131840/132096, padding=256 tokens; aligned-length Agg TFLOPS=3714.14, Avg/GPU=464.27
magi_attention                      - t0=40.808, t1=40.747, t2=40.733, t3=40.759, t4=40.736, t5=40.777, t6=40.824, t7=40.739 | max_across_ranks=40.829      3572.75     446.59     skip  chunk_size=2060, tokens(original/padded)=131840/131840, overlap_degree=2; dispatch excluded; performance-only; forward preparation excluded from backward timing
zeppelin                            - t0=40.141, t1=32.501, t2=32.460, t3=31.942, t4=32.333, t5=30.083, t6=30.081, t7=30.066 | max_across_ranks=40.141      3633.97     454.25     skip  L=4096; final_s0=4096; iterations=1; G1=2,G3=1,G5=1; padding=8; physical rank token loads=[28212,13108,13108,13108,13108,17068,17068,17068]; in-repo min_fa3 fallback; tokens(original/aligned)=131840/131848, padding=8 tokens; aligned-length Agg TFLOPS=3634.44, Avg/GPU=454.31
mega_ring_all_cp                128:4 t0=33.985, t1=34.511, t2=34.385, t3=34.341, t4=34.301, t5=34.113, t6=34.052, t7=33.891 | max_across_ranks=34.650      4209.92     526.24     skip  all-CP fused mega-ring; remote reset excluded; workspace=reused, reset=timed, aux_grid=exact; tokens(original/aligned)=131840/133120, padding=1280 tokens; aligned-length Agg TFLOPS=4212.05, Avg/GPU=526.51
mega_ring_all_cp                124:8 t0=34.705, t1=35.084, t2=35.097, t3=35.012, t4=34.867, t5=34.684, t6=34.677, t7=34.499 | max_across_ranks=35.225      4141.19     517.65     skip  all-CP fused mega-ring; remote reset excluded; workspace=reused, reset=timed, aux_grid=exact; tokens(original/aligned)=131840/133120, padding=1280 tokens; aligned-length Agg TFLOPS=4143.28, Avg/GPU=517.91
mega_ring_all_cp               120:12 t0=35.198, t1=35.771, t2=35.832, t3=35.701, t4=35.424, t5=35.224, t6=35.367, t7=35.301 | max_across_ranks=35.858      4068.03     508.50     skip  all-CP fused mega-ring; remote reset excluded; workspace=reused, reset=timed, aux_grid=exact; tokens(original/aligned)=131840/133120, padding=1280 tokens; aligned-length Agg TFLOPS=4070.09, Avg/GPU=508.76
mega_ring_all_cp               116:16 t0=36.141, t1=36.727, t2=36.746, t3=36.433, t4=36.212, t5=36.241, t6=36.288, t7=36.075 | max_across_ranks=36.750      3969.34     496.17     skip  all-CP fused mega-ring; remote reset excluded; workspace=reused, reset=timed, aux_grid=exact; tokens(original/aligned)=131840/133120, padding=1280 tokens; aligned-length Agg TFLOPS=3971.35, Avg/GPU=496.42
mega_ring_hybrid                128:4 t0=33.922, t1=34.497, t2=34.506, t3=34.208, t4=33.924, t5=33.958, t6=34.038, t7=33.832 | max_across_ranks=34.527      4224.92     528.12     skip  hierarchical hybrid fused mega-ring; remote reset excluded; workspace=reused, reset=timed, aux_grid=exact
mega_ring_hybrid                124:8 t0=34.562, t1=35.169, t2=35.173, t3=34.937, t4=34.693, t5=34.727, t6=34.826, t7=34.678 | max_across_ranks=35.208      4143.18     517.90     skip  hierarchical hybrid fused mega-ring; remote reset excluded; workspace=reused, reset=timed, aux_grid=exact
mega_ring_hybrid               120:12 t0=35.277, t1=35.837, t2=35.832, t3=35.555, t4=35.316, t5=35.415, t6=35.512, t7=35.263 | max_across_ranks=35.857      4068.15     508.52     skip  hierarchical hybrid fused mega-ring; remote reset excluded; workspace=reused, reset=timed, aux_grid=exact
mega_ring_hybrid               116:16 t0=36.199, t1=36.589, t2=36.590, t3=36.261, t4=36.058, t5=36.194, t6=36.222, t7=35.997 | max_across_ranks=36.609      3984.57     498.07     skip  hierarchical hybrid fused mega-ring; remote reset excluded; workspace=reused, reset=timed, aux_grid=exact

Workload: dataset=prolong, case=7/20, B=4, global_tokens=132352, global_seqlens=[65536, 65536, 768, 512]
Mega-ring all-CP workload: alignment=2048, global_tokens=135168, global_seqlens=[65536, 65536, 2048, 2048]
Hybrid rings: sizes=[4, 4, 1, 1], starts=[0, 4, 0, 1]
Zeppelin placement: L=4096, final_s0=4096, iterations=1, groups=[4, 4, 1, 1], execution_lengths=[65536, 65536, 768, 512], padding=0, physical_rank_token_loads=[17152, 16896, 16384, 16384, 16384, 16384, 16384, 16384]
Timing excludes forward preparation, opaque-workspace construction, owner-accumulator reset, and the pre-launch distributed barrier; reused step-workspace reset and method-internal phase barriers are included; reported time is the average of the per-iteration max-rank end-to-end backward op times.
Method                      Comp:Comm Time ms                                                                                                            Agg TFLOPS    Avg/GPU    Check  Note
allgather_attention                 - t0=43.727, t1=43.731, t2=43.731, t3=43.734, t4=43.730, t5=43.729, t6=43.725, t7=43.721 | max_across_ranks=43.761      4020.55     502.57     skip  per-sequence KV-head-sharded all-gather (2 KVH/chunk, comm/compute overlap); in-repo min_fa3 fallback; zigzag causal
llama3_allgather_attention          - t0=42.272, t1=42.279, t2=42.271, t3=42.272, t4=42.268, t5=42.265, t6=42.268, t7=42.266 | max_across_ranks=42.302      4159.15     519.89     skip  whole-packed zigzag KV-head-sharded all-gather (2 KVH/chunk, comm/compute overlap); in-repo min_fa3 fallback; causal
fa3_ring                            - t0=46.013, t1=46.014, t2=46.103, t3=46.183, t4=46.187, t5=46.081, t6=46.067, t7=46.029 | max_across_ranks=46.281      3801.60     475.20     skip  NCCL zigzag ring; in-repo min_fa3 fallback block backward
megatron_hybrid_cp                  - t0=44.189, t1=44.199, t2=44.210, t3=44.212, t4=44.221, t5=44.189, t6=44.214, t7=44.191 | max_across_ranks=44.247      3976.38     497.05     skip  Megatron scheduler; 2 execution groups; P2P ring; in-repo min_fa3 fallback; forward-order phase replay; complete forward preparation excluded from backward timing; tokens(original/aligned)=132352/133120, padding=768 tokens; aligned-length Agg TFLOPS=3976.95, Avg/GPU=497.12
magi_attention                      - t0=48.778, t1=48.762, t2=48.746, t3=48.697, t4=48.734, t5=48.757, t6=48.711, t7=48.729 | max_across_ranks=48.786      3606.39     450.80     skip  chunk_size=2068, tokens(original/padded)=132352/132352, overlap_degree=2; dispatch excluded; performance-only; forward preparation excluded from backward timing
zeppelin                            - t0=40.521, t1=40.611, t2=40.620, t3=40.611, t4=39.995, t5=39.907, t6=40.038, t7=40.053 | max_across_ranks=40.777      4314.74     539.34     skip  L=4096; final_s0=4096; iterations=1; G1=2,G4=2; padding=0; physical rank token loads=[17152,16896,16384,16384,16384,16384,16384,16384]; in-repo min_fa3 fallback; tokens(original/aligned)=132352/132352, padding=0 tokens; aligned-length Agg TFLOPS=4314.74, Avg/GPU=539.34
mega_ring_all_cp                128:4 t0=40.754, t1=41.274, t2=41.466, t3=40.989, t4=40.582, t5=40.792, t6=40.930, t7=40.673 | max_across_ranks=41.533      4236.24     529.53     skip  all-CP fused mega-ring; remote reset excluded; workspace=reused, reset=timed, aux_grid=exact; tokens(original/aligned)=132352/135168, padding=2816 tokens; aligned-length Agg TFLOPS=4239.95, Avg/GPU=529.99
mega_ring_all_cp                124:8 t0=41.245, t1=41.775, t2=42.015, t3=41.633, t4=41.121, t5=41.305, t6=41.375, t7=41.098 | max_across_ranks=42.025      4186.56     523.32     skip  all-CP fused mega-ring; remote reset excluded; workspace=reused, reset=timed, aux_grid=exact; tokens(original/aligned)=132352/135168, padding=2816 tokens; aligned-length Agg TFLOPS=4190.24, Avg/GPU=523.78
mega_ring_all_cp               120:12 t0=42.167, t1=42.875, t2=43.017, t3=42.552, t4=42.111, t5=42.252, t6=42.261, t7=41.985 | max_across_ranks=43.033      4088.54     511.07     skip  all-CP fused mega-ring; remote reset excluded; workspace=reused, reset=timed, aux_grid=exact; tokens(original/aligned)=132352/135168, padding=2816 tokens; aligned-length Agg TFLOPS=4092.13, Avg/GPU=511.52
mega_ring_all_cp               116:16 t0=43.147, t1=43.700, t2=43.996, t3=43.775, t4=43.125, t5=43.361, t6=43.419, t7=43.133 | max_across_ranks=44.031      3995.90     499.49     skip  all-CP fused mega-ring; remote reset excluded; workspace=reused, reset=timed, aux_grid=exact; tokens(original/aligned)=132352/135168, padding=2816 tokens; aligned-length Agg TFLOPS=3999.41, Avg/GPU=499.93
mega_ring_hybrid                128:4 t0=39.682, t1=40.305, t2=40.420, t3=40.144, t4=39.707, t5=40.146, t6=40.119, t7=39.819 | max_across_ranks=40.457      4348.89     543.61     skip  hierarchical hybrid fused mega-ring; remote reset excluded; workspace=reused, reset=timed, aux_grid=exact
mega_ring_hybrid                124:8 t0=40.803, t1=41.310, t2=41.406, t3=41.051, t4=40.510, t5=40.964, t6=41.031, t7=40.801 | max_across_ranks=41.425      4247.25     530.91     skip  hierarchical hybrid fused mega-ring; remote reset excluded; workspace=reused, reset=timed, aux_grid=exact
mega_ring_hybrid               120:12 t0=41.761, t1=42.105, t2=42.198, t3=42.056, t4=41.523, t5=42.069, t6=42.181, t7=41.949 | max_across_ranks=42.304      4158.96     519.87     skip  hierarchical hybrid fused mega-ring; remote reset excluded; workspace=reused, reset=timed, aux_grid=exact
mega_ring_hybrid               116:16 t0=42.425, t1=42.735, t2=42.925, t3=42.749, t4=42.239, t5=42.842, t6=42.889, t7=42.492 | max_across_ranks=43.059      4086.03     510.75     skip  hierarchical hybrid fused mega-ring; remote reset excluded; workspace=reused, reset=timed, aux_grid=exact

Workload: dataset=prolong, case=8/20, B=3, global_tokens=132096, global_seqlens=[65536, 65536, 1024]
Mega-ring all-CP workload: alignment=2048, global_tokens=133120, global_seqlens=[65536, 65536, 2048]
Hybrid rings: sizes=[4, 4, 2], starts=[0, 4, 0]
Zeppelin placement: L=4096, final_s0=4096, iterations=1, groups=[4, 4, 1], execution_lengths=[65536, 65536, 1024], padding=0, physical_rank_token_loads=[17408, 16384, 16384, 16384, 16384, 16384, 16384, 16384]
Timing excludes forward preparation, opaque-workspace construction, owner-accumulator reset, and the pre-launch distributed barrier; reused step-workspace reset and method-internal phase barriers are included; reported time is the average of the per-iteration max-rank end-to-end backward op times.
Method                      Comp:Comm Time ms                                                                                                            Agg TFLOPS    Avg/GPU    Check  Note
allgather_attention                 - t0=43.573, t1=43.577, t2=43.574, t3=43.576, t4=43.571, t5=43.571, t6=43.567, t7=43.565 | max_across_ranks=43.604      4035.05     504.38     skip  per-sequence KV-head-sharded all-gather (2 KVH/chunk, comm/compute overlap); in-repo min_fa3 fallback; zigzag causal
llama3_allgather_attention          - t0=41.764, t1=41.771, t2=41.775, t3=41.783, t4=41.778, t5=41.773, t6=41.765, t7=41.756 | max_across_ranks=41.801      4209.09     526.14     skip  whole-packed zigzag KV-head-sharded all-gather (2 KVH/chunk, comm/compute overlap); in-repo min_fa3 fallback; causal
fa3_ring                            - t0=45.625, t1=45.579, t2=45.718, t3=45.817, t4=45.819, t5=45.801, t6=45.742, t7=45.734 | max_across_ranks=45.862      3836.42     479.55     skip  NCCL zigzag ring; in-repo min_fa3 fallback block backward
megatron_hybrid_cp                  - t0=44.447, t1=44.429, t2=44.453, t3=44.438, t4=44.475, t5=44.462, t6=44.472, t7=44.451 | max_across_ranks=44.515      3952.55     494.07     skip  Megatron scheduler; 2 execution groups; P2P ring; in-repo min_fa3 fallback; forward-order phase replay; complete forward preparation excluded from backward timing; tokens(original/aligned)=132096/133120, padding=1024 tokens; aligned-length Agg TFLOPS=3953.99, Avg/GPU=494.25
magi_attention                      - t0=48.623, t1=48.669, t2=48.666, t3=48.721, t4=48.699, t5=48.686, t6=48.649, t7=48.678 | max_across_ranks=48.727      3610.88     451.36     skip  chunk_size=2064, tokens(original/padded)=132096/132096, overlap_degree=2; dispatch excluded; performance-only; forward preparation excluded from backward timing
zeppelin                            - t0=40.257, t1=40.105, t2=40.113, t3=40.184, t4=39.742, t5=39.657, t6=39.748, t7=39.777 | max_across_ranks=40.295      4366.40     545.80     skip  L=4096; final_s0=4096; iterations=1; G1=1,G4=2; padding=0; physical rank token loads=[17408,16384,16384,16384,16384,16384,16384,16384]; in-repo min_fa3 fallback; tokens(original/aligned)=132096/132096, padding=0 tokens; aligned-length Agg TFLOPS=4366.40, Avg/GPU=545.80
mega_ring_all_cp                128:4 t0=40.314, t1=40.946, t2=41.063, t3=40.989, t4=40.813, t5=40.438, t6=40.525, t7=40.361 | max_across_ranks=41.161      4274.61     534.33     skip  all-CP fused mega-ring; remote reset excluded; workspace=reused, reset=timed, aux_grid=exact; tokens(original/aligned)=132096/133120, padding=1024 tokens; aligned-length Agg TFLOPS=4276.18, Avg/GPU=534.52
mega_ring_all_cp                124:8 t0=41.173, t1=41.845, t2=41.991, t3=41.853, t4=41.599, t5=41.292, t6=41.409, t7=41.316 | max_across_ranks=42.022      4187.03     523.38     skip  all-CP fused mega-ring; remote reset excluded; workspace=reused, reset=timed, aux_grid=exact; tokens(original/aligned)=132096/133120, padding=1024 tokens; aligned-length Agg TFLOPS=4188.56, Avg/GPU=523.57
mega_ring_all_cp               120:12 t0=41.844, t1=42.620, t2=42.832, t3=42.605, t4=42.265, t5=42.094, t6=42.196, t7=42.083 | max_across_ranks=42.884      4102.81     512.85     skip  all-CP fused mega-ring; remote reset excluded; workspace=reused, reset=timed, aux_grid=exact; tokens(original/aligned)=132096/133120, padding=1024 tokens; aligned-length Agg TFLOPS=4104.32, Avg/GPU=513.04
mega_ring_all_cp               116:16 t0=42.973, t1=43.394, t2=43.608, t3=43.610, t4=43.328, t5=43.123, t6=43.176, t7=42.962 | max_across_ranks=43.675      4028.55     503.57     skip  all-CP fused mega-ring; remote reset excluded; workspace=reused, reset=timed, aux_grid=exact; tokens(original/aligned)=132096/133120, padding=1024 tokens; aligned-length Agg TFLOPS=4030.02, Avg/GPU=503.75
mega_ring_hybrid                128:4 t0=40.308, t1=40.234, t2=40.247, t3=40.082, t4=39.502, t5=39.969, t6=40.016, t7=39.659 | max_across_ranks=40.335      4362.08     545.26     skip  hierarchical hybrid fused mega-ring; remote reset excluded; workspace=reused, reset=timed, aux_grid=exact
mega_ring_hybrid                124:8 t0=41.475, t1=41.463, t2=41.498, t3=41.155, t4=40.461, t5=41.008, t6=41.075, t7=40.770 | max_across_ranks=41.519      4237.72     529.72     skip  hierarchical hybrid fused mega-ring; remote reset excluded; workspace=reused, reset=timed, aux_grid=exact
mega_ring_hybrid               120:12 t0=42.112, t1=42.057, t2=42.065, t3=41.978, t4=41.351, t5=41.767, t6=41.967, t7=41.690 | max_across_ranks=42.192      4170.13     521.27     skip  hierarchical hybrid fused mega-ring; remote reset excluded; workspace=reused, reset=timed, aux_grid=exact
mega_ring_hybrid               116:16 t0=42.844, t1=42.802, t2=42.802, t3=42.691, t4=42.112, t5=42.748, t6=42.760, t7=42.318 | max_across_ranks=42.960      4095.54     511.94     skip  hierarchical hybrid fused mega-ring; remote reset excluded; workspace=reused, reset=timed, aux_grid=exact

Workload: dataset=prolong, case=9/20, B=4, global_tokens=132096, global_seqlens=[65536, 65536, 512, 512]
Mega-ring all-CP workload: alignment=2048, global_tokens=135168, global_seqlens=[65536, 65536, 2048, 2048]
Hybrid rings: sizes=[4, 4, 1, 1], starts=[0, 4, 0, 1]
Zeppelin placement: L=4096, final_s0=4096, iterations=1, groups=[4, 4, 1, 1], execution_lengths=[65536, 65536, 512, 512], padding=0, physical_rank_token_loads=[16896, 16896, 16384, 16384, 16384, 16384, 16384, 16384]
Timing excludes forward preparation, opaque-workspace construction, owner-accumulator reset, and the pre-launch distributed barrier; reused step-workspace reset and method-internal phase barriers are included; reported time is the average of the per-iteration max-rank end-to-end backward op times.
Method                      Comp:Comm Time ms                                                                                                            Agg TFLOPS    Avg/GPU    Check  Note
allgather_attention                 - t0=43.696, t1=43.700, t2=43.698, t3=43.701, t4=43.701, t5=43.700, t6=43.697, t7=43.692 | max_across_ranks=43.729      4023.32     502.91     skip  per-sequence KV-head-sharded all-gather (2 KVH/chunk, comm/compute overlap); in-repo min_fa3 fallback; zigzag causal
llama3_allgather_attention          - t0=41.743, t1=41.754, t2=41.759, t3=41.765, t4=41.758, t5=41.750, t6=41.742, t7=41.735 | max_across_ranks=41.781      4210.84     526.36     skip  whole-packed zigzag KV-head-sharded all-gather (2 KVH/chunk, comm/compute overlap); in-repo min_fa3 fallback; causal
fa3_ring                            - t0=45.613, t1=45.740, t2=45.827, t3=45.880, t4=45.848, t5=45.768, t6=45.670, t7=45.675 | max_across_ranks=45.922      3831.14     478.89     skip  NCCL zigzag ring; in-repo min_fa3 fallback block backward
megatron_hybrid_cp                  - t0=44.038, t1=44.057, t2=44.054, t3=44.051, t4=44.046, t5=44.025, t6=44.060, t7=44.036 | max_across_ranks=44.095      3989.91     498.74     skip  Megatron scheduler; 2 execution groups; P2P ring; in-repo min_fa3 fallback; forward-order phase replay; complete forward preparation excluded from backward timing; tokens(original/aligned)=132096/133120, padding=1024 tokens; aligned-length Agg TFLOPS=3990.64, Avg/GPU=498.83
magi_attention                      - t0=48.518, t1=48.557, t2=48.552, t3=48.605, t4=48.585, t5=48.571, t6=48.541, t7=48.566 | max_across_ranks=48.610      3619.34     452.42     skip  chunk_size=2064, tokens(original/padded)=132096/132096, overlap_degree=2; dispatch excluded; performance-only; forward preparation excluded from backward timing
zeppelin                            - t0=40.542, t1=40.546, t2=40.386, t3=40.502, t4=40.007, t5=39.970, t6=39.948, t7=40.030 | max_across_ranks=40.690      4323.79     540.47     skip  L=4096; final_s0=4096; iterations=1; G1=2,G4=2; padding=0; physical rank token loads=[16896,16896,16384,16384,16384,16384,16384,16384]; in-repo min_fa3 fallback; tokens(original/aligned)=132096/132096, padding=0 tokens; aligned-length Agg TFLOPS=4323.79, Avg/GPU=540.47
mega_ring_all_cp                128:4 t0=40.577, t1=41.145, t2=41.175, t3=40.971, t4=40.881, t5=40.841, t6=40.855, t7=40.671 | max_across_ranks=41.271      4262.92     532.87     skip  all-CP fused mega-ring; remote reset excluded; workspace=reused, reset=timed, aux_grid=exact; tokens(original/aligned)=132096/135168, padding=3072 tokens; aligned-length Agg TFLOPS=4266.83, Avg/GPU=533.35
mega_ring_all_cp                124:8 t0=41.053, t1=41.592, t2=41.718, t3=41.667, t4=41.511, t5=41.233, t6=41.252, t7=41.074 | max_across_ranks=41.772      4211.82     526.48     skip  all-CP fused mega-ring; remote reset excluded; workspace=reused, reset=timed, aux_grid=exact; tokens(original/aligned)=132096/135168, padding=3072 tokens; aligned-length Agg TFLOPS=4215.68, Avg/GPU=526.96
mega_ring_all_cp               120:12 t0=42.046, t1=42.651, t2=42.689, t3=42.600, t4=42.495, t5=42.203, t6=42.193, t7=41.997 | max_across_ranks=42.761      4114.38     514.30     skip  all-CP fused mega-ring; remote reset excluded; workspace=reused, reset=timed, aux_grid=exact; tokens(original/aligned)=132096/135168, padding=3072 tokens; aligned-length Agg TFLOPS=4118.15, Avg/GPU=514.77
mega_ring_all_cp               116:16 t0=43.099, t1=43.540, t2=43.597, t3=43.567, t4=43.440, t5=43.301, t6=43.315, t7=43.012 | max_across_ranks=43.767      4019.85     502.48     skip  all-CP fused mega-ring; remote reset excluded; workspace=reused, reset=timed, aux_grid=exact; tokens(original/aligned)=132096/135168, padding=3072 tokens; aligned-length Agg TFLOPS=4023.53, Avg/GPU=502.94
mega_ring_hybrid                128:4 t0=39.853, t1=39.924, t2=40.010, t3=39.997, t4=39.723, t5=40.001, t6=39.978, t7=39.773 | max_across_ranks=40.235      4372.71     546.59     skip  hierarchical hybrid fused mega-ring; remote reset excluded; workspace=reused, reset=timed, aux_grid=exact
mega_ring_hybrid                124:8 t0=40.967, t1=41.160, t2=41.216, t3=41.058, t4=40.670, t5=40.961, t6=40.929, t7=40.700 | max_across_ranks=41.280      4261.96     532.75     skip  hierarchical hybrid fused mega-ring; remote reset excluded; workspace=reused, reset=timed, aux_grid=exact
mega_ring_hybrid               120:12 t0=41.923, t1=41.998, t2=42.006, t3=42.003, t4=41.467, t5=41.664, t6=41.740, t7=41.557 | max_across_ranks=42.134      4175.64     521.95     skip  hierarchical hybrid fused mega-ring; remote reset excluded; workspace=reused, reset=timed, aux_grid=exact
mega_ring_hybrid               116:16 t0=42.519, t1=42.878, t2=42.869, t3=42.621, t4=42.361, t5=42.673, t6=42.645, t7=42.258 | max_across_ranks=42.931      4098.12     512.26     skip  hierarchical hybrid fused mega-ring; remote reset excluded; workspace=reused, reset=timed, aux_grid=exact

Workload: dataset=prolong, case=10/20, B=3, global_tokens=131584, global_seqlens=[65536, 65536, 512]
Mega-ring all-CP workload: alignment=2048, global_tokens=133120, global_seqlens=[65536, 65536, 2048]
Hybrid rings: sizes=[4, 4, 1], starts=[0, 4, 0]
Zeppelin placement: L=4096, final_s0=4096, iterations=1, groups=[4, 4, 1], execution_lengths=[65536, 65536, 512], padding=0, physical_rank_token_loads=[16896, 16384, 16384, 16384, 16384, 16384, 16384, 16384]
Timing excludes forward preparation, opaque-workspace construction, owner-accumulator reset, and the pre-launch distributed barrier; reused step-workspace reset and method-internal phase barriers are included; reported time is the average of the per-iteration max-rank end-to-end backward op times.
Method                      Comp:Comm Time ms                                                                                                            Agg TFLOPS    Avg/GPU    Check  Note
allgather_attention                 - t0=43.626, t1=43.630, t2=43.630, t3=43.632, t4=43.630, t5=43.628, t6=43.626, t7=43.623 | max_across_ranks=43.659      4029.62     503.70     skip  per-sequence KV-head-sharded all-gather (2 KVH/chunk, comm/compute overlap); in-repo min_fa3 fallback; zigzag causal
llama3_allgather_attention          - t0=41.301, t1=41.304, t2=41.309, t3=41.318, t4=41.321, t5=41.320, t6=41.311, t7=41.301 | max_across_ranks=41.341      4255.56     531.94     skip  whole-packed zigzag KV-head-sharded all-gather (2 KVH/chunk, comm/compute overlap); in-repo min_fa3 fallback; causal
fa3_ring                            - t0=45.649, t1=45.643, t2=45.732, t3=45.776, t4=45.777, t5=45.725, t6=45.699, t7=45.680 | max_across_ranks=45.845      3837.50     479.69     skip  NCCL zigzag ring; in-repo min_fa3 fallback block backward
megatron_hybrid_cp                  - t0=44.285, t1=44.264, t2=44.288, t3=44.287, t4=44.321, t5=44.294, t6=44.318, t7=44.286 | max_across_ranks=44.340      3967.70     495.96     skip  Megatron scheduler; 2 execution groups; P2P ring; in-repo min_fa3 fallback; forward-order phase replay; complete forward preparation excluded from backward timing; tokens(original/aligned)=131584/133120, padding=1536 tokens; aligned-length Agg TFLOPS=3969.52, Avg/GPU=496.19
magi_attention                      - t0=48.165, t1=48.226, t2=48.110, t3=48.202, t4=48.181, t5=48.201, t6=48.109, t7=48.170 | max_across_ranks=48.232      3647.61     455.95     skip  chunk_size=2056, tokens(original/padded)=131584/131584, overlap_degree=2; dispatch excluded; performance-only; forward preparation excluded from backward timing
zeppelin                            - t0=40.607, t1=40.524, t2=40.473, t3=40.536, t4=40.227, t5=40.230, t6=40.187, t7=40.253 | max_across_ranks=40.717      4320.77     540.10     skip  L=4096; final_s0=4096; iterations=1; G1=1,G4=2; padding=0; physical rank token loads=[16896,16384,16384,16384,16384,16384,16384,16384]; in-repo min_fa3 fallback; tokens(original/aligned)=131584/131584, padding=0 tokens; aligned-length Agg TFLOPS=4320.77, Avg/GPU=540.10
mega_ring_all_cp                128:4 t0=40.379, t1=40.770, t2=40.896, t3=40.971, t4=40.908, t5=40.607, t6=40.355, t7=40.267 | max_across_ranks=41.198      4270.38     533.80     skip  all-CP fused mega-ring; remote reset excluded; workspace=reused, reset=timed, aux_grid=exact; tokens(original/aligned)=131584/133120, padding=1536 tokens; aligned-length Agg TFLOPS=4272.34, Avg/GPU=534.04
mega_ring_all_cp                124:8 t0=41.131, t1=41.585, t2=41.620, t3=41.533, t4=41.419, t5=41.045, t6=41.058, t7=40.963 | max_across_ranks=41.689      4220.08     527.51     skip  all-CP fused mega-ring; remote reset excluded; workspace=reused, reset=timed, aux_grid=exact; tokens(original/aligned)=131584/133120, padding=1536 tokens; aligned-length Agg TFLOPS=4222.01, Avg/GPU=527.75
mega_ring_all_cp               120:12 t0=42.191, t1=42.681, t2=42.759, t3=42.739, t4=42.548, t5=42.271, t6=42.238, t7=42.171 | max_across_ranks=42.856      4105.10     513.14     skip  all-CP fused mega-ring; remote reset excluded; workspace=reused, reset=timed, aux_grid=exact; tokens(original/aligned)=131584/133120, padding=1536 tokens; aligned-length Agg TFLOPS=4106.98, Avg/GPU=513.37
mega_ring_all_cp               116:16 t0=43.096, t1=43.570, t2=43.648, t3=43.666, t4=43.512, t5=43.194, t6=43.312, t7=43.161 | max_across_ranks=43.772      4019.19     502.40     skip  all-CP fused mega-ring; remote reset excluded; workspace=reused, reset=timed, aux_grid=exact; tokens(original/aligned)=131584/133120, padding=1536 tokens; aligned-length Agg TFLOPS=4021.03, Avg/GPU=502.63
mega_ring_hybrid                128:4 t0=39.784, t1=39.995, t2=40.035, t3=39.919, t4=39.813, t5=39.813, t6=40.032, t7=39.969 | max_across_ranks=40.161      4380.66     547.58     skip  hierarchical hybrid fused mega-ring; remote reset excluded; workspace=reused, reset=timed, aux_grid=exact
mega_ring_hybrid                124:8 t0=40.882, t1=41.088, t2=41.201, t3=41.179, t4=40.913, t5=40.926, t6=41.030, t7=40.985 | max_across_ranks=41.345      4255.21     531.90     skip  hierarchical hybrid fused mega-ring; remote reset excluded; workspace=reused, reset=timed, aux_grid=exact
mega_ring_hybrid               120:12 t0=42.059, t1=41.775, t2=41.826, t3=42.062, t4=41.747, t5=41.636, t6=41.734, t7=41.889 | max_across_ranks=42.222      4166.81     520.85     skip  hierarchical hybrid fused mega-ring; remote reset excluded; workspace=reused, reset=timed, aux_grid=exact
mega_ring_hybrid               116:16 t0=42.573, t1=42.661, t2=42.757, t3=42.677, t4=42.608, t5=42.599, t6=42.569, t7=42.568 | max_across_ranks=42.850      4105.75     513.22     skip  hierarchical hybrid fused mega-ring; remote reset excluded; workspace=reused, reset=timed, aux_grid=exact

Workload: dataset=prolong, case=11/20, B=2, global_tokens=131072, global_seqlens=[65536, 65536]
Mega-ring all-CP workload: alignment=2048, global_tokens=131072, global_seqlens=[65536, 65536]
Hybrid rings: sizes=[4, 4], starts=[0, 4]
Zeppelin placement: L=4096, final_s0=4096, iterations=1, groups=[4, 4], execution_lengths=[65536, 65536], padding=0, physical_rank_token_loads=[16384, 16384, 16384, 16384, 16384, 16384, 16384, 16384]
Timing excludes forward preparation, opaque-workspace construction, owner-accumulator reset, and the pre-launch distributed barrier; reused step-workspace reset and method-internal phase barriers are included; reported time is the average of the per-iteration max-rank end-to-end backward op times.
Method                      Comp:Comm Time ms                                                                                                            Agg TFLOPS    Avg/GPU    Check  Note
allgather_attention                 - t0=43.574, t1=43.579, t2=43.581, t3=43.584, t4=43.579, t5=43.577, t6=43.572, t7=43.568 | max_across_ranks=43.608      4034.26     504.28     skip  per-sequence KV-head-sharded all-gather (2 KVH/chunk, comm/compute overlap); in-repo min_fa3 fallback; zigzag causal
llama3_allgather_attention          - t0=40.784, t1=40.794, t2=40.797, t3=40.798, t4=40.791, t5=40.783, t6=40.778, t7=40.776 | max_across_ranks=40.820      4309.81     538.73     skip  whole-packed zigzag KV-head-sharded all-gather (2 KVH/chunk, comm/compute overlap); in-repo min_fa3 fallback; causal
fa3_ring                            - t0=45.825, t1=45.826, t2=45.997, t3=46.096, t4=46.101, t5=46.078, t6=45.927, t7=45.870 | max_across_ranks=46.178      3809.70     476.21     skip  NCCL zigzag ring; in-repo min_fa3 fallback block backward
megatron_hybrid_cp                  - t0=43.552, t1=43.433, t2=43.477, t3=43.523, t4=43.526, t5=43.507, t6=43.577, t7=43.590 | max_across_ranks=43.640      4031.28     503.91     skip  Megatron scheduler; 1 execution groups; P2P ring; in-repo min_fa3 fallback; forward-order phase replay; complete forward preparation excluded from backward timing; tokens(original/aligned)=131072/131072, padding=0 tokens; aligned-length Agg TFLOPS=4031.28, Avg/GPU=503.91
magi_attention                      - t0=46.074, t1=46.224, t2=46.132, t3=46.275, t4=46.129, t5=46.257, t6=46.127, t7=46.270 | max_across_ranks=46.388      3792.45     474.06     skip  chunk_size=2048, tokens(original/padded)=131072/131072, overlap_degree=2; dispatch excluded; performance-only; forward preparation excluded from backward timing
zeppelin                            - t0=40.156, t1=40.095, t2=40.069, t3=40.152, t4=39.858, t5=39.781, t6=39.755, t7=39.851 | max_across_ranks=40.202      4376.02     547.00     skip  L=4096; final_s0=4096; iterations=1; G4=2; padding=0; physical rank token loads=[16384,16384,16384,16384,16384,16384,16384,16384]; in-repo min_fa3 fallback; tokens(original/aligned)=131072/131072, padding=0 tokens; aligned-length Agg TFLOPS=4376.02, Avg/GPU=547.00
mega_ring_all_cp                128:4 t0=40.239, t1=40.777, t2=40.964, t3=40.939, t4=40.662, t5=40.335, t6=40.350, t7=40.384 | max_across_ranks=41.071      4283.45     535.43     skip  all-CP fused mega-ring; remote reset excluded; workspace=reused, reset=timed, aux_grid=exact; tokens(original/aligned)=131072/131072, padding=0 tokens; aligned-length Agg TFLOPS=4283.45, Avg/GPU=535.43
mega_ring_all_cp                124:8 t0=41.112, t1=41.680, t2=41.861, t3=41.758, t4=41.536, t5=41.133, t6=41.227, t7=41.195 | max_across_ranks=41.908      4197.90     524.74     skip  all-CP fused mega-ring; remote reset excluded; workspace=reused, reset=timed, aux_grid=exact; tokens(original/aligned)=131072/131072, padding=0 tokens; aligned-length Agg TFLOPS=4197.90, Avg/GPU=524.74
mega_ring_all_cp               120:12 t0=41.947, t1=42.561, t2=42.643, t3=42.508, t4=42.266, t5=42.013, t6=42.163, t7=42.104 | max_across_ranks=42.658      4124.06     515.51     skip  all-CP fused mega-ring; remote reset excluded; workspace=reused, reset=timed, aux_grid=exact; tokens(original/aligned)=131072/131072, padding=0 tokens; aligned-length Agg TFLOPS=4124.06, Avg/GPU=515.51
mega_ring_all_cp               116:16 t0=42.964, t1=43.471, t2=43.523, t3=43.420, t4=43.203, t5=42.947, t6=43.048, t7=43.081 | max_across_ranks=43.559      4038.78     504.85     skip  all-CP fused mega-ring; remote reset excluded; workspace=reused, reset=timed, aux_grid=exact; tokens(original/aligned)=131072/131072, padding=0 tokens; aligned-length Agg TFLOPS=4038.78, Avg/GPU=504.85
mega_ring_hybrid                128:4 t0=39.940, t1=40.225, t2=40.285, t3=40.089, t4=39.876, t5=40.027, t6=40.003, t7=39.888 | max_across_ranks=40.356      4359.27     544.91     skip  hierarchical hybrid fused mega-ring; remote reset excluded; workspace=reused, reset=timed, aux_grid=exact
mega_ring_hybrid                124:8 t0=40.972, t1=41.192, t2=41.225, t3=41.066, t4=40.796, t5=40.847, t6=40.870, t7=40.815 | max_across_ranks=41.267      4263.07     532.88     skip  hierarchical hybrid fused mega-ring; remote reset excluded; workspace=reused, reset=timed, aux_grid=exact
mega_ring_hybrid               120:12 t0=41.821, t1=41.893, t2=41.939, t3=41.896, t4=41.766, t5=41.787, t6=41.761, t7=41.772 | max_across_ranks=42.071      4181.57     522.70     skip  hierarchical hybrid fused mega-ring; remote reset excluded; workspace=reused, reset=timed, aux_grid=exact
mega_ring_hybrid               116:16 t0=42.590, t1=42.840, t2=42.852, t3=42.678, t4=42.642, t5=42.595, t6=42.667, t7=42.684 | max_across_ranks=42.929      4098.06     512.26     skip  hierarchical hybrid fused mega-ring; remote reset excluded; workspace=reused, reset=timed, aux_grid=exact

Workload: dataset=prolong, case=12/20, B=3, global_tokens=131072, global_seqlens=[65536, 61440, 4096]
Mega-ring all-CP workload: alignment=2048, global_tokens=131072, global_seqlens=[65536, 61440, 4096]
Hybrid rings: sizes=[8, 8, 4], starts=[0, 0, 0]
Zeppelin placement: L=4096, final_s0=4096, iterations=1, groups=[5, 4, 1], execution_lengths=[65540, 61440, 4096], padding=4, physical_rank_token_loads=[28468, 17204, 13108, 13108, 13108, 15360, 15360, 15360]
Timing excludes forward preparation, opaque-workspace construction, owner-accumulator reset, and the pre-launch distributed barrier; reused step-workspace reset and method-internal phase barriers are included; reported time is the average of the per-iteration max-rank end-to-end backward op times.
Method                      Comp:Comm Time ms                                                                                                            Agg TFLOPS    Avg/GPU    Check  Note
allgather_attention                 - t0=41.236, t1=41.243, t2=41.241, t3=41.250, t4=41.247, t5=41.243, t6=41.241, t7=41.231 | max_across_ranks=41.273      4012.74     501.59     skip  per-sequence KV-head-sharded all-gather (2 KVH/chunk, comm/compute overlap); in-repo min_fa3 fallback; zigzag causal
llama3_allgather_attention          - t0=41.009, t1=41.026, t2=41.025, t3=41.022, t4=41.010, t5=41.002, t6=40.997, t7=41.000 | max_across_ranks=41.043      4035.15     504.39     skip  whole-packed zigzag KV-head-sharded all-gather (2 KVH/chunk, comm/compute overlap); in-repo min_fa3 fallback; causal
fa3_ring                            - t0=44.008, t1=43.998, t2=44.017, t3=44.039, t4=44.067, t5=44.109, t6=44.102, t7=44.120 | max_across_ranks=44.274      3740.71     467.59     skip  NCCL zigzag ring; in-repo min_fa3 fallback block backward
megatron_hybrid_cp                  - t0=42.445, t1=42.420, t2=42.418, t3=42.412, t4=42.434, t5=42.436, t6=42.475, t7=42.446 | max_across_ranks=42.480      3898.66     487.33     skip  Megatron scheduler; 2 execution groups; P2P ring; in-repo min_fa3 fallback; forward-order phase replay; complete forward preparation excluded from backward timing; tokens(original/aligned)=131072/131072, padding=0 tokens; aligned-length Agg TFLOPS=3898.66, Avg/GPU=487.33
magi_attention                      - t0=44.346, t1=44.369, t2=44.348, t3=44.363, t4=44.313, t5=44.327, t6=44.361, t7=44.395 | max_across_ranks=44.402      3729.91     466.24     skip  chunk_size=2048, tokens(original/padded)=131072/131072, overlap_degree=2; dispatch excluded; performance-only; forward preparation excluded from backward timing
zeppelin                            - t0=66.882, t1=32.806, t2=32.059, t3=31.421, t4=31.892, t5=66.897, t6=66.868, t7=65.804 | max_across_ranks=66.897      2475.69     309.46     skip  L=4096; final_s0=4096; iterations=1; G1=1,G4=1,G5=1; padding=4; physical rank token loads=[28468,17204,13108,13108,13108,15360,15360,15360]; in-repo min_fa3 fallback; tokens(original/aligned)=131072/131076, padding=4 tokens; aligned-length Agg TFLOPS=2475.85, Avg/GPU=309.48
mega_ring_all_cp                128:4 t0=38.564, t1=39.035, t2=38.017, t3=37.934, t4=37.958, t5=37.761, t6=37.701, t7=37.781 | max_across_ranks=39.246      4219.97     527.50     skip  all-CP fused mega-ring; remote reset excluded; workspace=reused, reset=timed, aux_grid=exact; tokens(original/aligned)=131072/131072, padding=0 tokens; aligned-length Agg TFLOPS=4219.97, Avg/GPU=527.50
mega_ring_all_cp                124:8 t0=39.105, t1=39.775, t2=39.146, t3=38.994, t4=38.679, t5=38.716, t6=38.716, t7=38.667 | max_across_ranks=39.861      4154.86     519.36     skip  all-CP fused mega-ring; remote reset excluded; workspace=reused, reset=timed, aux_grid=exact; tokens(original/aligned)=131072/131072, padding=0 tokens; aligned-length Agg TFLOPS=4154.86, Avg/GPU=519.36
mega_ring_all_cp               120:12 t0=39.616, t1=40.623, t2=40.360, t3=40.202, t4=39.834, t5=39.669, t6=39.747, t7=39.639 | max_across_ranks=40.673      4071.91     508.99     skip  all-CP fused mega-ring; remote reset excluded; workspace=reused, reset=timed, aux_grid=exact; tokens(original/aligned)=131072/131072, padding=0 tokens; aligned-length Agg TFLOPS=4071.91, Avg/GPU=508.99
mega_ring_all_cp               116:16 t0=40.467, t1=41.156, t2=40.807, t3=40.930, t4=40.759, t5=40.273, t6=40.330, t7=40.122 | max_across_ranks=41.220      4017.84     502.23     skip  all-CP fused mega-ring; remote reset excluded; workspace=reused, reset=timed, aux_grid=exact; tokens(original/aligned)=131072/131072, padding=0 tokens; aligned-length Agg TFLOPS=4017.84, Avg/GPU=502.23
mega_ring_hybrid                128:4 t0=38.940, t1=38.956, t2=38.954, t3=38.948, t4=38.509, t5=38.024, t6=38.140, t7=38.069 | max_across_ranks=38.964      4250.52     531.32     skip  hierarchical hybrid fused mega-ring; remote reset excluded; workspace=reused, reset=timed, aux_grid=exact
mega_ring_hybrid                124:8 t0=39.417, t1=39.426, t2=39.428, t3=39.426, t4=38.964, t5=38.507, t6=38.688, t7=38.577 | max_across_ranks=39.436      4199.67     524.96     skip  hierarchical hybrid fused mega-ring; remote reset excluded; workspace=reused, reset=timed, aux_grid=exact
mega_ring_hybrid               120:12 t0=40.261, t1=40.262, t2=40.261, t3=40.265, t4=39.974, t5=39.297, t6=39.375, t7=39.159 | max_across_ranks=40.268      4112.83     514.10     skip  hierarchical hybrid fused mega-ring; remote reset excluded; workspace=reused, reset=timed, aux_grid=exact
mega_ring_hybrid               116:16 t0=41.154, t1=41.157, t2=41.159, t3=41.159, t4=40.828, t5=40.387, t6=40.451, t7=40.260 | max_across_ranks=41.164      4023.34     502.92     skip  hierarchical hybrid fused mega-ring; remote reset excluded; workspace=reused, reset=timed, aux_grid=exact

Workload: dataset=prolong, case=13/20, B=2, global_tokens=131072, global_seqlens=[65536, 65536]
Mega-ring all-CP workload: alignment=2048, global_tokens=131072, global_seqlens=[65536, 65536]
Hybrid rings: sizes=[4, 4], starts=[0, 4]
Zeppelin placement: L=4096, final_s0=4096, iterations=1, groups=[4, 4], execution_lengths=[65536, 65536], padding=0, physical_rank_token_loads=[16384, 16384, 16384, 16384, 16384, 16384, 16384, 16384]
Timing excludes forward preparation, opaque-workspace construction, owner-accumulator reset, and the pre-launch distributed barrier; reused step-workspace reset and method-internal phase barriers are included; reported time is the average of the per-iteration max-rank end-to-end backward op times.
Method                      Comp:Comm Time ms                                                                                                            Agg TFLOPS    Avg/GPU    Check  Note
allgather_attention                 - t0=43.677, t1=43.675, t2=43.676, t3=43.682, t4=43.682, t5=43.685, t6=43.681, t7=43.677 | max_across_ranks=43.711      4024.68     503.09     skip  per-sequence KV-head-sharded all-gather (2 KVH/chunk, comm/compute overlap); in-repo min_fa3 fallback; zigzag causal
llama3_allgather_attention          - t0=40.870, t1=40.875, t2=40.870, t3=40.864, t4=40.859, t5=40.856, t6=40.858, t7=40.863 | max_across_ranks=40.896      4301.80     537.73     skip  whole-packed zigzag KV-head-sharded all-gather (2 KVH/chunk, comm/compute overlap); in-repo min_fa3 fallback; causal
fa3_ring                            - t0=45.859, t1=45.870, t2=45.909, t3=45.912, t4=45.870, t5=45.838, t6=45.804, t7=45.841 | max_across_ranks=46.022      3822.62     477.83     skip  NCCL zigzag ring; in-repo min_fa3 fallback block backward
megatron_hybrid_cp                  - t0=43.430, t1=43.346, t2=43.432, t3=43.486, t4=43.481, t5=43.522, t6=43.508, t7=43.497 | max_across_ranks=43.565      4038.23     504.78     skip  Megatron scheduler; 1 execution groups; P2P ring; in-repo min_fa3 fallback; forward-order phase replay; complete forward preparation excluded from backward timing; tokens(original/aligned)=131072/131072, padding=0 tokens; aligned-length Agg TFLOPS=4038.23, Avg/GPU=504.78
magi_attention                      - t0=45.981, t1=46.085, t2=46.036, t3=46.128, t4=46.029, t5=46.100, t6=46.029, t7=46.127 | max_across_ranks=46.241      3804.50     475.56     skip  chunk_size=2048, tokens(original/padded)=131072/131072, overlap_degree=2; dispatch excluded; performance-only; forward preparation excluded from backward timing
zeppelin                            - t0=40.146, t1=40.149, t2=40.076, t3=40.168, t4=39.884, t5=39.843, t6=39.809, t7=39.894 | max_across_ranks=40.216      4374.45     546.81     skip  L=4096; final_s0=4096; iterations=1; G4=2; padding=0; physical rank token loads=[16384,16384,16384,16384,16384,16384,16384,16384]; in-repo min_fa3 fallback; tokens(original/aligned)=131072/131072, padding=0 tokens; aligned-length Agg TFLOPS=4374.45, Avg/GPU=546.81
mega_ring_all_cp                128:4 t0=40.393, t1=41.025, t2=41.092, t3=40.885, t4=40.743, t5=40.483, t6=40.456, t7=40.506 | max_across_ranks=41.140      4276.24     534.53     skip  all-CP fused mega-ring; remote reset excluded; workspace=reused, reset=timed, aux_grid=exact; tokens(original/aligned)=131072/131072, padding=0 tokens; aligned-length Agg TFLOPS=4276.24, Avg/GPU=534.53
mega_ring_all_cp                124:8 t0=41.154, t1=41.772, t2=41.844, t3=41.689, t4=41.567, t5=41.191, t6=41.362, t7=41.299 | max_across_ranks=41.910      4197.70     524.71     skip  all-CP fused mega-ring; remote reset excluded; workspace=reused, reset=timed, aux_grid=exact; tokens(original/aligned)=131072/131072, padding=0 tokens; aligned-length Agg TFLOPS=4197.70, Avg/GPU=524.71
mega_ring_all_cp               120:12 t0=42.047, t1=42.527, t2=42.663, t3=42.611, t4=42.365, t5=42.051, t6=42.180, t7=42.176 | max_across_ranks=42.687      4121.24     515.15     skip  all-CP fused mega-ring; remote reset excluded; workspace=reused, reset=timed, aux_grid=exact; tokens(original/aligned)=131072/131072, padding=0 tokens; aligned-length Agg TFLOPS=4121.24, Avg/GPU=515.15
mega_ring_all_cp               116:16 t0=43.061, t1=43.339, t2=43.463, t3=43.505, t4=43.448, t5=43.103, t6=43.174, t7=43.097 | max_across_ranks=43.601      4034.89     504.36     skip  all-CP fused mega-ring; remote reset excluded; workspace=reused, reset=timed, aux_grid=exact; tokens(original/aligned)=131072/131072, padding=0 tokens; aligned-length Agg TFLOPS=4034.89, Avg/GPU=504.36
mega_ring_hybrid                128:4 t0=39.992, t1=40.037, t2=40.071, t3=40.026, t4=39.754, t5=39.886, t6=39.956, t7=39.836 | max_across_ranks=40.227      4373.25     546.66     skip  hierarchical hybrid fused mega-ring; remote reset excluded; workspace=reused, reset=timed, aux_grid=exact
mega_ring_hybrid                124:8 t0=40.952, t1=41.173, t2=41.223, t3=41.153, t4=40.841, t5=40.897, t6=41.068, t7=41.069 | max_across_ranks=41.313      4258.34     532.29     skip  hierarchical hybrid fused mega-ring; remote reset excluded; workspace=reused, reset=timed, aux_grid=exact
mega_ring_hybrid               120:12 t0=41.946, t1=41.913, t2=41.967, t3=42.050, t4=41.896, t5=41.651, t6=41.787, t7=41.963 | max_across_ranks=42.202      4168.60     521.08     skip  hierarchical hybrid fused mega-ring; remote reset excluded; workspace=reused, reset=timed, aux_grid=exact
mega_ring_hybrid               116:16 t0=42.603, t1=42.698, t2=42.763, t3=42.730, t4=42.604, t5=42.655, t6=42.702, t7=42.681 | max_across_ranks=42.940      4096.94     512.12     skip  hierarchical hybrid fused mega-ring; remote reset excluded; workspace=reused, reset=timed, aux_grid=exact

Workload: dataset=prolong, case=14/20, B=3, global_tokens=131584, global_seqlens=[65536, 65536, 512]
Mega-ring all-CP workload: alignment=2048, global_tokens=133120, global_seqlens=[65536, 65536, 2048]
Hybrid rings: sizes=[4, 4, 1], starts=[0, 4, 0]
Zeppelin placement: L=4096, final_s0=4096, iterations=1, groups=[4, 4, 1], execution_lengths=[65536, 65536, 512], padding=0, physical_rank_token_loads=[16896, 16384, 16384, 16384, 16384, 16384, 16384, 16384]
Timing excludes forward preparation, opaque-workspace construction, owner-accumulator reset, and the pre-launch distributed barrier; reused step-workspace reset and method-internal phase barriers are included; reported time is the average of the per-iteration max-rank end-to-end backward op times.
Method                      Comp:Comm Time ms                                                                                                            Agg TFLOPS    Avg/GPU    Check  Note
allgather_attention                 - t0=43.517, t1=43.523, t2=43.525, t3=43.530, t4=43.525, t5=43.521, t6=43.517, t7=43.510 | max_across_ranks=43.552      4039.52     504.94     skip  per-sequence KV-head-sharded all-gather (2 KVH/chunk, comm/compute overlap); in-repo min_fa3 fallback; zigzag causal
llama3_allgather_attention          - t0=41.391, t1=41.402, t2=41.402, t3=41.402, t4=41.392, t5=41.383, t6=41.379, t7=41.380 | max_across_ranks=41.423      4247.12     530.89     skip  whole-packed zigzag KV-head-sharded all-gather (2 KVH/chunk, comm/compute overlap); in-repo min_fa3 fallback; causal
fa3_ring                            - t0=45.719, t1=45.756, t2=45.843, t3=45.920, t4=45.844, t5=45.838, t6=45.718, t7=45.757 | max_across_ranks=45.971      3826.95     478.37     skip  NCCL zigzag ring; in-repo min_fa3 fallback block backward
megatron_hybrid_cp                  - t0=44.305, t1=44.280, t2=44.305, t3=44.322, t4=44.363, t5=44.313, t6=44.338, t7=44.303 | max_across_ranks=44.401      3962.28     495.28     skip  Megatron scheduler; 2 execution groups; P2P ring; in-repo min_fa3 fallback; forward-order phase replay; complete forward preparation excluded from backward timing; tokens(original/aligned)=131584/133120, padding=1536 tokens; aligned-length Agg TFLOPS=3964.09, Avg/GPU=495.51
magi_attention                      - t0=48.133, t1=48.191, t2=48.097, t3=48.175, t4=48.165, t5=48.189, t6=48.117, t7=48.128 | max_across_ranks=48.206      3649.55     456.19     skip  chunk_size=2056, tokens(original/padded)=131584/131584, overlap_degree=2; dispatch excluded; performance-only; forward preparation excluded from backward timing
zeppelin                            - t0=40.288, t1=40.240, t2=40.131, t3=40.259, t4=39.767, t5=39.653, t6=39.705, t7=39.763 | max_across_ranks=40.328      4362.48     545.31     skip  L=4096; final_s0=4096; iterations=1; G1=1,G4=2; padding=0; physical rank token loads=[16896,16384,16384,16384,16384,16384,16384,16384]; in-repo min_fa3 fallback; tokens(original/aligned)=131584/131584, padding=0 tokens; aligned-length Agg TFLOPS=4362.48, Avg/GPU=545.31
mega_ring_all_cp                128:4 t0=40.203, t1=40.888, t2=40.940, t3=41.070, t4=40.982, t5=40.498, t6=40.622, t7=40.496 | max_across_ranks=41.149      4275.42     534.43     skip  all-CP fused mega-ring; remote reset excluded; workspace=reused, reset=timed, aux_grid=exact; tokens(original/aligned)=131584/133120, padding=1536 tokens; aligned-length Agg TFLOPS=4277.38, Avg/GPU=534.67
mega_ring_all_cp                124:8 t0=41.223, t1=41.783, t2=41.844, t3=41.713, t4=41.577, t5=41.360, t6=41.526, t7=41.270 | max_across_ranks=41.911      4197.66     524.71     skip  all-CP fused mega-ring; remote reset excluded; workspace=reused, reset=timed, aux_grid=exact; tokens(original/aligned)=131584/133120, padding=1536 tokens; aligned-length Agg TFLOPS=4199.58, Avg/GPU=524.95
mega_ring_all_cp               120:12 t0=41.933, t1=42.711, t2=42.759, t3=42.571, t4=42.290, t5=41.971, t6=42.165, t7=42.063 | max_across_ranks=42.783      4112.18     514.02     skip  all-CP fused mega-ring; remote reset excluded; workspace=reused, reset=timed, aux_grid=exact; tokens(original/aligned)=131584/133120, padding=1536 tokens; aligned-length Agg TFLOPS=4114.06, Avg/GPU=514.26
mega_ring_all_cp               116:16 t0=42.863, t1=43.609, t2=43.617, t3=43.341, t4=43.210, t5=43.127, t6=43.264, t7=43.123 | max_across_ranks=43.646      4030.86     503.86     skip  all-CP fused mega-ring; remote reset excluded; workspace=reused, reset=timed, aux_grid=exact; tokens(original/aligned)=131584/133120, padding=1536 tokens; aligned-length Agg TFLOPS=4032.71, Avg/GPU=504.09
mega_ring_hybrid                128:4 t0=39.936, t1=40.167, t2=40.173, t3=39.982, t4=39.532, t5=39.969, t6=40.028, t7=39.874 | max_across_ranks=40.295      4366.03     545.75     skip  hierarchical hybrid fused mega-ring; remote reset excluded; workspace=reused, reset=timed, aux_grid=exact
mega_ring_hybrid                124:8 t0=40.879, t1=41.357, t2=41.387, t3=41.032, t4=40.495, t5=40.870, t6=40.922, t7=40.803 | max_across_ranks=41.488      4240.45     530.06     skip  hierarchical hybrid fused mega-ring; remote reset excluded; workspace=reused, reset=timed, aux_grid=exact
mega_ring_hybrid               120:12 t0=42.138, t1=41.912, t2=41.945, t3=42.178, t4=41.291, t5=41.779, t6=41.936, t7=41.732 | max_across_ranks=42.287      4160.34     520.04     skip  hierarchical hybrid fused mega-ring; remote reset excluded; workspace=reused, reset=timed, aux_grid=exact
mega_ring_hybrid               116:16 t0=42.665, t1=42.739, t2=42.751, t3=42.717, t4=42.126, t5=42.831, t6=42.838, t7=42.473 | max_across_ranks=43.010      4090.48     511.31     skip  hierarchical hybrid fused mega-ring; remote reset excluded; workspace=reused, reset=timed, aux_grid=exact

Workload: dataset=prolong, case=15/20, B=5, global_tokens=132096, global_seqlens=[65536, 65536, 512, 256, 256]
Mega-ring all-CP workload: alignment=2048, global_tokens=137216, global_seqlens=[65536, 65536, 2048, 2048, 2048]
Hybrid rings: sizes=[4, 4, 1, 1, 1], starts=[0, 4, 0, 1, 2]
Zeppelin placement: L=4096, final_s0=4096, iterations=1, groups=[4, 4, 1, 1, 1], execution_lengths=[65536, 65536, 512, 256, 256], padding=0, physical_rank_token_loads=[16896, 16640, 16640, 16384, 16384, 16384, 16384, 16384]
Timing excludes forward preparation, opaque-workspace construction, owner-accumulator reset, and the pre-launch distributed barrier; reused step-workspace reset and method-internal phase barriers are included; reported time is the average of the per-iteration max-rank end-to-end backward op times.
Method                      Comp:Comm Time ms                                                                                                            Agg TFLOPS    Avg/GPU    Check  Note
allgather_attention                 - t0=43.749, t1=43.755, t2=43.758, t3=43.764, t4=43.768, t5=43.765, t6=43.759, t7=43.751 | max_across_ranks=43.789      4017.70     502.21     skip  per-sequence KV-head-sharded all-gather (2 KVH/chunk, comm/compute overlap); in-repo min_fa3 fallback; zigzag causal
llama3_allgather_attention          - t0=41.705, t1=41.719, t2=41.726, t3=41.731, t4=41.725, t5=41.716, t6=41.705, t7=41.700 | max_across_ranks=41.747      4214.28     526.79     skip  whole-packed zigzag KV-head-sharded all-gather (2 KVH/chunk, comm/compute overlap); in-repo min_fa3 fallback; causal
fa3_ring                            - t0=45.860, t1=45.910, t2=45.982, t3=46.014, t4=46.020, t5=45.990, t6=45.911, t7=45.918 | max_across_ranks=46.115      3815.07     476.88     skip  NCCL zigzag ring; in-repo min_fa3 fallback block backward
megatron_hybrid_cp                  - t0=44.122, t1=44.126, t2=44.143, t3=44.150, t4=43.821, t5=43.808, t6=43.819, t7=43.814 | max_across_ranks=44.163      3983.67     497.96     skip  Megatron scheduler; 2 execution groups; P2P ring; in-repo min_fa3 fallback; forward-order phase replay; complete forward preparation excluded from backward timing; tokens(original/aligned)=132096/133120, padding=1024 tokens; aligned-length Agg TFLOPS=3984.22, Avg/GPU=498.03
magi_attention                      - t0=48.556, t1=48.606, t2=48.608, t3=48.658, t4=48.638, t5=48.624, t6=48.596, t7=48.616 | max_across_ranks=48.661      3615.49     451.94     skip  chunk_size=2064, tokens(original/padded)=132096/132096, overlap_degree=2; dispatch excluded; performance-only; forward preparation excluded from backward timing
zeppelin                            - t0=40.196, t1=40.194, t2=40.114, t3=40.167, t4=39.802, t5=39.736, t6=39.798, t7=39.813 | max_across_ranks=40.285      4367.18     545.90     skip  L=4096; final_s0=4096; iterations=1; G1=3,G4=2; padding=0; physical rank token loads=[16896,16640,16640,16384,16384,16384,16384,16384]; in-repo min_fa3 fallback; tokens(original/aligned)=132096/132096, padding=0 tokens; aligned-length Agg TFLOPS=4367.18, Avg/GPU=545.90
mega_ring_all_cp                128:4 t0=40.460, t1=40.969, t2=41.094, t3=41.156, t4=40.959, t5=40.721, t6=40.725, t7=40.492 | max_across_ranks=41.197      4270.55     533.82     skip  all-CP fused mega-ring; remote reset excluded; workspace=reused, reset=timed, aux_grid=exact; tokens(original/aligned)=132096/137216, padding=5120 tokens; aligned-length Agg TFLOPS=4276.61, Avg/GPU=534.58
mega_ring_all_cp                124:8 t0=41.163, t1=41.874, t2=41.944, t3=41.882, t4=41.749, t5=41.462, t6=41.512, t7=41.309 | max_across_ranks=42.001      4188.75     523.59     skip  all-CP fused mega-ring; remote reset excluded; workspace=reused, reset=timed, aux_grid=exact; tokens(original/aligned)=132096/137216, padding=5120 tokens; aligned-length Agg TFLOPS=4194.70, Avg/GPU=524.34
mega_ring_all_cp               120:12 t0=41.906, t1=42.638, t2=42.762, t3=42.700, t4=42.570, t5=42.284, t6=42.287, t7=41.998 | max_across_ranks=42.824      4108.23     513.53     skip  all-CP fused mega-ring; remote reset excluded; workspace=reused, reset=timed, aux_grid=exact; tokens(original/aligned)=132096/137216, padding=5120 tokens; aligned-length Agg TFLOPS=4114.06, Avg/GPU=514.26
mega_ring_all_cp               116:16 t0=42.995, t1=43.468, t2=43.660, t3=43.774, t4=43.569, t5=43.254, t6=43.253, t7=42.840 | max_across_ranks=43.792      4017.43     502.18     skip  all-CP fused mega-ring; remote reset excluded; workspace=reused, reset=timed, aux_grid=exact; tokens(original/aligned)=132096/137216, padding=5120 tokens; aligned-length Agg TFLOPS=4023.13, Avg/GPU=502.89
mega_ring_hybrid                128:4 t0=39.932, t1=40.077, t2=40.067, t3=40.044, t4=39.786, t5=39.902, t6=39.942, t7=39.879 | max_across_ranks=40.197      4376.80     547.10     skip  hierarchical hybrid fused mega-ring; remote reset excluded; workspace=reused, reset=timed, aux_grid=exact
mega_ring_hybrid                124:8 t0=40.985, t1=41.102, t2=41.107, t3=41.135, t4=40.655, t5=41.046, t6=41.042, t7=40.877 | max_across_ranks=41.307      4259.17     532.40     skip  hierarchical hybrid fused mega-ring; remote reset excluded; workspace=reused, reset=timed, aux_grid=exact
mega_ring_hybrid               120:12 t0=41.901, t1=41.948, t2=41.957, t3=41.934, t4=41.415, t5=41.820, t6=41.868, t7=41.626 | max_across_ranks=42.122      4176.72     522.09     skip  hierarchical hybrid fused mega-ring; remote reset excluded; workspace=reused, reset=timed, aux_grid=exact
mega_ring_hybrid               116:16 t0=42.633, t1=42.914, t2=42.912, t3=42.657, t4=42.492, t5=42.714, t6=42.703, t7=42.502 | max_across_ranks=42.987      4092.70     511.59     skip  hierarchical hybrid fused mega-ring; remote reset excluded; workspace=reused, reset=timed, aux_grid=exact

Workload: dataset=prolong, case=16/20, B=2, global_tokens=131072, global_seqlens=[65536, 65536]
Mega-ring all-CP workload: alignment=2048, global_tokens=131072, global_seqlens=[65536, 65536]
Hybrid rings: sizes=[4, 4], starts=[0, 4]
Zeppelin placement: L=4096, final_s0=4096, iterations=1, groups=[4, 4], execution_lengths=[65536, 65536], padding=0, physical_rank_token_loads=[16384, 16384, 16384, 16384, 16384, 16384, 16384, 16384]
Timing excludes forward preparation, opaque-workspace construction, owner-accumulator reset, and the pre-launch distributed barrier; reused step-workspace reset and method-internal phase barriers are included; reported time is the average of the per-iteration max-rank end-to-end backward op times.
Method                      Comp:Comm Time ms                                                                                                            Agg TFLOPS    Avg/GPU    Check  Note
allgather_attention                 - t0=43.492, t1=43.501, t2=43.501, t3=43.506, t4=43.502, t5=43.497, t6=43.492, t7=43.487 | max_across_ranks=43.528      4041.60     505.20     skip  per-sequence KV-head-sharded all-gather (2 KVH/chunk, comm/compute overlap); in-repo min_fa3 fallback; zigzag causal
llama3_allgather_attention          - t0=40.828, t1=40.837, t2=40.837, t3=40.838, t4=40.830, t5=40.825, t6=40.822, t7=40.820 | max_across_ranks=40.861      4305.49     538.19     skip  whole-packed zigzag KV-head-sharded all-gather (2 KVH/chunk, comm/compute overlap); in-repo min_fa3 fallback; causal
fa3_ring                            - t0=45.601, t1=45.645, t2=45.725, t3=45.773, t4=45.718, t5=45.743, t6=45.651, t7=45.622 | max_across_ranks=45.859      3836.19     479.52     skip  NCCL zigzag ring; in-repo min_fa3 fallback block backward
megatron_hybrid_cp                  - t0=43.611, t1=43.517, t2=43.584, t3=43.591, t4=43.576, t5=43.575, t6=43.630, t7=43.647 | max_across_ranks=43.697      4026.03     503.25     skip  Megatron scheduler; 1 execution groups; P2P ring; in-repo min_fa3 fallback; forward-order phase replay; complete forward preparation excluded from backward timing; tokens(original/aligned)=131072/131072, padding=0 tokens; aligned-length Agg TFLOPS=4026.03, Avg/GPU=503.25
magi_attention                      - t0=45.999, t1=45.836, t2=46.056, t3=45.880, t4=46.050, t5=45.857, t6=46.050, t7=45.878 | max_across_ranks=46.209      3807.18     475.90     skip  chunk_size=2048, tokens(original/padded)=131072/131072, overlap_degree=2; dispatch excluded; performance-only; forward preparation excluded from backward timing
zeppelin                            - t0=40.148, t1=40.133, t2=40.068, t3=40.158, t4=39.827, t5=39.824, t6=39.759, t7=39.851 | max_across_ranks=40.196      4376.68     547.09     skip  L=4096; final_s0=4096; iterations=1; G4=2; padding=0; physical rank token loads=[16384,16384,16384,16384,16384,16384,16384,16384]; in-repo min_fa3 fallback; tokens(original/aligned)=131072/131072, padding=0 tokens; aligned-length Agg TFLOPS=4376.68, Avg/GPU=547.09
mega_ring_all_cp                128:4 t0=40.245, t1=40.826, t2=40.903, t3=40.873, t4=40.724, t5=40.332, t6=40.323, t7=40.356 | max_across_ranks=41.007      4290.06     536.26     skip  all-CP fused mega-ring; remote reset excluded; workspace=reused, reset=timed, aux_grid=exact; tokens(original/aligned)=131072/131072, padding=0 tokens; aligned-length Agg TFLOPS=4290.06, Avg/GPU=536.26
mega_ring_all_cp                124:8 t0=41.085, t1=41.771, t2=41.818, t3=41.621, t4=41.496, t5=41.155, t6=41.215, t7=41.145 | max_across_ranks=41.867      4202.00     525.25     skip  all-CP fused mega-ring; remote reset excluded; workspace=reused, reset=timed, aux_grid=exact; tokens(original/aligned)=131072/131072, padding=0 tokens; aligned-length Agg TFLOPS=4202.00, Avg/GPU=525.25
mega_ring_all_cp               120:12 t0=41.932, t1=42.547, t2=42.621, t3=42.495, t4=42.316, t5=42.168, t6=42.186, t7=41.980 | max_across_ranks=42.675      4122.42     515.30     skip  all-CP fused mega-ring; remote reset excluded; workspace=reused, reset=timed, aux_grid=exact; tokens(original/aligned)=131072/131072, padding=0 tokens; aligned-length Agg TFLOPS=4122.42, Avg/GPU=515.30
mega_ring_all_cp               116:16 t0=42.874, t1=43.323, t2=43.384, t3=43.471, t4=43.420, t5=43.082, t6=43.079, t7=42.910 | max_across_ranks=43.557      4038.95     504.87     skip  all-CP fused mega-ring; remote reset excluded; workspace=reused, reset=timed, aux_grid=exact; tokens(original/aligned)=131072/131072, padding=0 tokens; aligned-length Agg TFLOPS=4038.95, Avg/GPU=504.87
mega_ring_hybrid                128:4 t0=39.848, t1=40.076, t2=40.108, t3=39.944, t4=39.756, t5=39.825, t6=39.790, t7=39.760 | max_across_ranks=40.216      4374.51     546.81     skip  hierarchical hybrid fused mega-ring; remote reset excluded; workspace=reused, reset=timed, aux_grid=exact
mega_ring_hybrid                124:8 t0=40.927, t1=41.267, t2=41.317, t3=41.062, t4=40.822, t5=40.876, t6=40.860, t7=40.760 | max_across_ranks=41.380      4251.42     531.43     skip  hierarchical hybrid fused mega-ring; remote reset excluded; workspace=reused, reset=timed, aux_grid=exact
mega_ring_hybrid               120:12 t0=41.892, t1=41.960, t2=42.019, t3=41.952, t4=41.800, t5=41.684, t6=41.732, t7=41.809 | max_across_ranks=42.105      4178.21     522.28     skip  hierarchical hybrid fused mega-ring; remote reset excluded; workspace=reused, reset=timed, aux_grid=exact
mega_ring_hybrid               116:16 t0=42.603, t1=42.616, t2=42.687, t3=42.667, t4=42.590, t5=42.760, t6=42.704, t7=42.456 | max_across_ranks=42.868      4103.86     512.98     skip  hierarchical hybrid fused mega-ring; remote reset excluded; workspace=reused, reset=timed, aux_grid=exact

Workload: dataset=prolong, case=17/20, B=4, global_tokens=131584, global_seqlens=[65536, 63488, 2048, 512]
Mega-ring all-CP workload: alignment=2048, global_tokens=133120, global_seqlens=[65536, 63488, 2048, 2048]
Hybrid rings: sizes=[4, 4, 2, 1], starts=[0, 4, 6, 4]
Zeppelin placement: L=4096, final_s0=4096, iterations=1, groups=[5, 4, 1, 1], execution_lengths=[65540, 63488, 2048, 512], padding=4, physical_rank_token_loads=[31028, 13620, 13108, 13108, 13108, 15872, 15872, 15872]
Timing excludes forward preparation, opaque-workspace construction, owner-accumulator reset, and the pre-launch distributed barrier; reused step-workspace reset and method-internal phase barriers are included; reported time is the average of the per-iteration max-rank end-to-end backward op times.
Method                      Comp:Comm Time ms                                                                                                            Agg TFLOPS    Avg/GPU    Check  Note
allgather_attention                 - t0=42.411, t1=42.414, t2=42.419, t3=42.426, t4=42.423, t5=42.421, t6=42.415, t7=42.408 | max_across_ranks=42.449      4019.08     502.39     skip  per-sequence KV-head-sharded all-gather (2 KVH/chunk, comm/compute overlap); in-repo min_fa3 fallback; zigzag causal
llama3_allgather_attention          - t0=41.508, t1=41.515, t2=41.521, t3=41.528, t4=41.524, t5=41.520, t6=41.512, t7=41.505 | max_across_ranks=41.550      4106.04     513.26     skip  whole-packed zigzag KV-head-sharded all-gather (2 KVH/chunk, comm/compute overlap); in-repo min_fa3 fallback; causal
fa3_ring                            - t0=45.160, t1=45.196, t2=45.249, t3=45.235, t4=45.202, t5=45.108, t6=45.075, t7=45.106 | max_across_ranks=45.353      3761.69     470.21     skip  NCCL zigzag ring; in-repo min_fa3 fallback block backward
megatron_hybrid_cp                  - t0=43.153, t1=43.167, t2=43.164, t3=43.161, t4=43.170, t5=43.149, t6=43.187, t7=43.160 | max_across_ranks=43.203      3948.89     493.61     skip  Megatron scheduler; 2 execution groups; P2P ring; in-repo min_fa3 fallback; forward-order phase replay; complete forward preparation excluded from backward timing; tokens(original/aligned)=131584/132096, padding=512 tokens; aligned-length Agg TFLOPS=3949.26, Avg/GPU=493.66
magi_attention                      - t0=46.717, t1=46.710, t2=46.753, t3=46.750, t4=46.776, t5=46.742, t6=46.760, t7=46.768 | max_across_ranks=46.801      3645.32     455.66     skip  chunk_size=2056, tokens(original/padded)=131584/131584, overlap_degree=2; dispatch excluded; performance-only; forward preparation excluded from backward timing
zeppelin                            - t0=69.756, t1=31.800, t2=31.692, t3=31.108, t4=31.524, t5=69.507, t6=69.481, t7=68.103 | max_across_ranks=69.756      2445.71     305.71     skip  L=4096; final_s0=4096; iterations=1; G1=2,G4=1,G5=1; padding=4; physical rank token loads=[31028,13620,13108,13108,13108,15872,15872,15872]; in-repo min_fa3 fallback; tokens(original/aligned)=131584/131588, padding=4 tokens; aligned-length Agg TFLOPS=2445.87, Avg/GPU=305.73
mega_ring_all_cp                128:4 t0=39.746, t1=40.201, t2=39.432, t3=39.316, t4=38.815, t5=38.698, t6=38.874, t7=38.920 | max_across_ranks=40.472      4215.34     526.92     skip  all-CP fused mega-ring; remote reset excluded; workspace=reused, reset=timed, aux_grid=exact; tokens(original/aligned)=131584/133120, padding=1536 tokens; aligned-length Agg TFLOPS=4217.33, Avg/GPU=527.17
mega_ring_all_cp                124:8 t0=40.020, t1=40.831, t2=40.351, t3=40.375, t4=40.056, t5=39.697, t6=39.729, t7=39.279 | max_across_ranks=40.965      4164.64     520.58     skip  all-CP fused mega-ring; remote reset excluded; workspace=reused, reset=timed, aux_grid=exact; tokens(original/aligned)=131584/133120, padding=1536 tokens; aligned-length Agg TFLOPS=4166.60, Avg/GPU=520.83
mega_ring_all_cp               120:12 t0=41.132, t1=41.828, t2=41.586, t3=41.576, t4=41.256, t5=40.966, t6=41.079, t7=40.853 | max_across_ranks=41.912      4070.53     508.82     skip  all-CP fused mega-ring; remote reset excluded; workspace=reused, reset=timed, aux_grid=exact; tokens(original/aligned)=131584/133120, padding=1536 tokens; aligned-length Agg TFLOPS=4072.46, Avg/GPU=509.06
mega_ring_all_cp               116:16 t0=41.830, t1=42.269, t2=42.100, t3=42.051, t4=41.885, t5=41.525, t6=41.699, t7=41.559 | max_across_ranks=42.372      4026.36     503.30     skip  all-CP fused mega-ring; remote reset excluded; workspace=reused, reset=timed, aux_grid=exact; tokens(original/aligned)=131584/133120, padding=1536 tokens; aligned-length Agg TFLOPS=4028.27, Avg/GPU=503.53
mega_ring_hybrid                128:4 t0=39.869, t1=40.113, t2=40.088, t3=39.925, t4=36.424, t5=36.437, t6=36.489, t7=36.406 | max_across_ranks=40.237      4239.97     530.00     skip  hierarchical hybrid fused mega-ring; remote reset excluded; workspace=reused, reset=timed, aux_grid=exact
mega_ring_hybrid                124:8 t0=40.995, t1=41.209, t2=41.335, t3=41.278, t4=37.168, t5=37.456, t6=37.413, t7=37.229 | max_across_ranks=41.386      4122.27     515.28     skip  hierarchical hybrid fused mega-ring; remote reset excluded; workspace=reused, reset=timed, aux_grid=exact
mega_ring_hybrid               120:12 t0=41.960, t1=41.939, t2=41.975, t3=41.964, t4=38.009, t5=38.406, t6=38.492, t7=38.252 | max_across_ranks=42.057      4056.48     507.06     skip  hierarchical hybrid fused mega-ring; remote reset excluded; workspace=reused, reset=timed, aux_grid=exact
mega_ring_hybrid               116:16 t0=42.560, t1=42.755, t2=42.800, t3=42.661, t4=38.949, t5=39.097, t6=39.195, t7=39.058 | max_across_ranks=42.832      3983.12     497.89     skip  hierarchical hybrid fused mega-ring; remote reset excluded; workspace=reused, reset=timed, aux_grid=exact

Workload: dataset=prolong, case=18/20, B=4, global_tokens=131840, global_seqlens=[20480, 65536, 45056, 768]
Mega-ring all-CP workload: alignment=2048, global_tokens=133120, global_seqlens=[20480, 65536, 45056, 2048]
Hybrid rings: sizes=[8, 8, 8, 1], starts=[0, 0, 0, 0]
Zeppelin placement: L=4096, final_s0=4096, iterations=1, groups=[1, 6, 3, 1], execution_lengths=[20480, 65544, 45060, 768], padding=12, physical_rank_token_loads=[26712, 31404, 10924, 10924, 10924, 10924, 15020, 15020]
Timing excludes forward preparation, opaque-workspace construction, owner-accumulator reset, and the pre-launch distributed barrier; reused step-workspace reset and method-internal phase barriers are included; reported time is the average of the per-iteration max-rank end-to-end backward op times.
Method                      Comp:Comm Time ms                                                                                                            Agg TFLOPS    Avg/GPU    Check  Note
allgather_attention                 - t0=35.031, t1=35.038, t2=35.038, t3=35.039, t4=35.030, t5=35.024, t6=35.019, t7=35.017 | max_across_ranks=35.061      3940.05     492.51     skip  per-sequence KV-head-sharded all-gather (2 KVH/chunk, comm/compute overlap); in-repo min_fa3 fallback; zigzag causal
llama3_allgather_attention          - t0=56.121, t1=56.103, t2=56.082, t3=56.075, t4=56.089, t5=56.111, t6=56.134, t7=56.134 | max_across_ranks=56.142      2460.57     307.57     skip  whole-packed zigzag KV-head-sharded all-gather (2 KVH/chunk, comm/compute overlap); in-repo min_fa3 fallback; causal
fa3_ring                            - t0=40.074, t1=40.052, t2=39.871, t3=39.794, t4=39.773, t5=39.917, t6=40.033, t7=40.111 | max_across_ranks=40.156      3440.08     430.01     skip  NCCL zigzag ring; in-repo min_fa3 fallback block backward
megatron_hybrid_cp                  - t0=37.505, t1=37.509, t2=37.482, t3=37.503, t4=33.436, t5=33.400, t6=33.424, t7=33.381 | max_across_ranks=37.515      3682.25     460.28     skip  Megatron scheduler; 2 execution groups; P2P ring; in-repo min_fa3 fallback; forward-order phase replay; complete forward preparation excluded from backward timing; tokens(original/aligned)=131840/132096, padding=256 tokens; aligned-length Agg TFLOPS=3682.50, Avg/GPU=460.31
magi_attention                      - t0=38.577, t1=38.641, t2=38.597, t3=38.647, t4=38.648, t5=38.628, t6=38.597, t7=38.610 | max_across_ranks=38.661      3573.16     446.65     skip  chunk_size=2060, tokens(original/padded)=131840/131840, overlap_degree=2; dispatch excluded; performance-only; forward preparation excluded from backward timing
zeppelin                            - t0=53.355, t1=41.493, t2=27.853, t3=27.385, t4=27.258, t5=27.678, t6=53.280, t7=53.251 | max_across_ranks=53.355      2589.10     323.64     skip  L=4096; final_s0=4096; iterations=1; G1=2,G3=1,G6=1; padding=12; physical rank token loads=[26712,31404,10924,10924,10924,10924,15020,15020]; in-repo min_fa3 fallback; tokens(original/aligned)=131840/131852, padding=12 tokens; aligned-length Agg TFLOPS=2589.64, Avg/GPU=323.70
mega_ring_all_cp                128:4 t0=32.730, t1=32.708, t2=32.894, t3=32.402, t4=32.202, t5=31.862, t6=31.890, t7=31.988 | max_across_ranks=33.585      4113.19     514.15     skip  all-CP fused mega-ring; remote reset excluded; workspace=reused, reset=timed, aux_grid=exact; tokens(original/aligned)=131840/133120, padding=1280 tokens; aligned-length Agg TFLOPS=4115.38, Avg/GPU=514.42
mega_ring_all_cp                124:8 t0=33.178, t1=33.312, t2=33.437, t3=33.108, t4=33.007, t5=32.543, t6=32.622, t7=32.656 | max_across_ranks=33.789      4088.29     511.04     skip  all-CP fused mega-ring; remote reset excluded; workspace=reused, reset=timed, aux_grid=exact; tokens(original/aligned)=131840/133120, padding=1280 tokens; aligned-length Agg TFLOPS=4090.48, Avg/GPU=511.31
mega_ring_all_cp               120:12 t0=33.722, t1=33.924, t2=33.967, t3=33.652, t4=33.580, t5=33.161, t6=33.241, t7=33.349 | max_across_ranks=34.283      4029.41     503.68     skip  all-CP fused mega-ring; remote reset excluded; workspace=reused, reset=timed, aux_grid=exact; tokens(original/aligned)=131840/133120, padding=1280 tokens; aligned-length Agg TFLOPS=4031.56, Avg/GPU=503.95
mega_ring_all_cp               116:16 t0=34.396, t1=34.692, t2=34.763, t3=34.389, t4=34.299, t5=33.931, t6=34.025, t7=34.008 | max_across_ranks=34.952      3952.28     494.03     skip  all-CP fused mega-ring; remote reset excluded; workspace=reused, reset=timed, aux_grid=exact; tokens(original/aligned)=131840/133120, padding=1280 tokens; aligned-length Agg TFLOPS=3954.39, Avg/GPU=494.30
mega_ring_hybrid                128:4 t0=32.428, t1=32.470, t2=32.587, t3=32.419, t4=32.350, t5=32.092, t6=32.192, t7=32.140 | max_across_ranks=32.707      4223.59     527.95     skip  hierarchical hybrid fused mega-ring; remote reset excluded; workspace=reused, reset=timed, aux_grid=exact
mega_ring_hybrid                124:8 t0=32.985, t1=33.107, t2=33.101, t3=33.123, t4=33.059, t5=32.626, t6=32.693, t7=32.692 | max_across_ranks=33.321      4145.82     518.23     skip  hierarchical hybrid fused mega-ring; remote reset excluded; workspace=reused, reset=timed, aux_grid=exact
mega_ring_hybrid               120:12 t0=33.517, t1=33.788, t2=33.801, t3=33.717, t4=33.626, t5=33.349, t6=33.414, t7=33.411 | max_across_ranks=33.898      4075.18     509.40     skip  hierarchical hybrid fused mega-ring; remote reset excluded; workspace=reused, reset=timed, aux_grid=exact
mega_ring_hybrid               116:16 t0=34.372, t1=34.488, t2=34.480, t3=34.488, t4=34.466, t5=34.204, t6=34.136, t7=34.166 | max_across_ranks=34.580      3994.78     499.35     skip  hierarchical hybrid fused mega-ring; remote reset excluded; workspace=reused, reset=timed, aux_grid=exact

Workload: dataset=prolong, case=19/20, B=4, global_tokens=132096, global_seqlens=[65536, 65536, 512, 512]
Mega-ring all-CP workload: alignment=2048, global_tokens=135168, global_seqlens=[65536, 65536, 2048, 2048]
Hybrid rings: sizes=[4, 4, 1, 1], starts=[0, 4, 0, 1]
Zeppelin placement: L=4096, final_s0=4096, iterations=1, groups=[4, 4, 1, 1], execution_lengths=[65536, 65536, 512, 512], padding=0, physical_rank_token_loads=[16896, 16896, 16384, 16384, 16384, 16384, 16384, 16384]
Timing excludes forward preparation, opaque-workspace construction, owner-accumulator reset, and the pre-launch distributed barrier; reused step-workspace reset and method-internal phase barriers are included; reported time is the average of the per-iteration max-rank end-to-end backward op times.
Method                      Comp:Comm Time ms                                                                                                            Agg TFLOPS    Avg/GPU    Check  Note
allgather_attention                 - t0=43.721, t1=43.728, t2=43.732, t3=43.736, t4=43.730, t5=43.725, t6=43.717, t7=43.711 | max_across_ranks=43.755      4020.93     502.62     skip  per-sequence KV-head-sharded all-gather (2 KVH/chunk, comm/compute overlap); in-repo min_fa3 fallback; zigzag causal
llama3_allgather_attention          - t0=41.750, t1=41.764, t2=41.763, t3=41.764, t4=41.753, t5=41.743, t6=41.740, t7=41.738 | max_across_ranks=41.783      4210.70     526.34     skip  whole-packed zigzag KV-head-sharded all-gather (2 KVH/chunk, comm/compute overlap); in-repo min_fa3 fallback; causal
fa3_ring                            - t0=45.620, t1=45.612, t2=45.702, t3=45.798, t4=45.803, t5=45.793, t6=45.701, t7=45.684 | max_across_ranks=45.875      3835.07     479.38     skip  NCCL zigzag ring; in-repo min_fa3 fallback block backward
megatron_hybrid_cp                  - t0=44.030, t1=44.058, t2=44.057, t3=44.050, t4=44.063, t5=44.030, t6=44.068, t7=44.042 | max_across_ranks=44.090      3990.37     498.80     skip  Megatron scheduler; 2 execution groups; P2P ring; in-repo min_fa3 fallback; forward-order phase replay; complete forward preparation excluded from backward timing; tokens(original/aligned)=132096/133120, padding=1024 tokens; aligned-length Agg TFLOPS=3991.10, Avg/GPU=498.89
magi_attention                      - t0=48.410, t1=48.455, t2=48.476, t3=48.507, t4=48.483, t5=48.472, t6=48.434, t7=48.462 | max_across_ranks=48.529      3625.38     453.17     skip  chunk_size=2064, tokens(original/padded)=132096/132096, overlap_degree=2; dispatch excluded; performance-only; forward preparation excluded from backward timing
zeppelin                            - t0=40.139, t1=40.145, t2=40.040, t3=40.104, t4=39.884, t5=39.844, t6=39.788, t7=39.867 | max_across_ranks=40.224      4373.90     546.74     skip  L=4096; final_s0=4096; iterations=1; G1=2,G4=2; padding=0; physical rank token loads=[16896,16896,16384,16384,16384,16384,16384,16384]; in-repo min_fa3 fallback; tokens(original/aligned)=132096/132096, padding=0 tokens; aligned-length Agg TFLOPS=4373.90, Avg/GPU=546.74
mega_ring_all_cp                128:4 t0=40.546, t1=41.033, t2=41.121, t3=41.006, t4=40.834, t5=40.417, t6=40.520, t7=40.555 | max_across_ranks=41.183      4271.99     534.00     skip  all-CP fused mega-ring; remote reset excluded; workspace=reused, reset=timed, aux_grid=exact; tokens(original/aligned)=132096/135168, padding=3072 tokens; aligned-length Agg TFLOPS=4275.90, Avg/GPU=534.49
mega_ring_all_cp                124:8 t0=41.171, t1=41.811, t2=41.912, t3=41.763, t4=41.695, t5=41.191, t6=41.301, t7=41.316 | max_across_ranks=41.947      4194.21     524.28     skip  all-CP fused mega-ring; remote reset excluded; workspace=reused, reset=timed, aux_grid=exact; tokens(original/aligned)=132096/135168, padding=3072 tokens; aligned-length Agg TFLOPS=4198.05, Avg/GPU=524.76
mega_ring_all_cp               120:12 t0=42.107, t1=42.618, t2=42.713, t3=42.624, t4=42.575, t5=42.171, t6=42.227, t7=42.228 | max_across_ranks=42.819      4108.79     513.60     skip  all-CP fused mega-ring; remote reset excluded; workspace=reused, reset=timed, aux_grid=exact; tokens(original/aligned)=132096/135168, padding=3072 tokens; aligned-length Agg TFLOPS=4112.56, Avg/GPU=514.07
mega_ring_all_cp               116:16 t0=43.202, t1=43.703, t2=43.701, t3=43.549, t4=43.529, t5=43.075, t6=43.068, t7=43.171 | max_across_ranks=43.810      4015.83     501.98     skip  all-CP fused mega-ring; remote reset excluded; workspace=reused, reset=timed, aux_grid=exact; tokens(original/aligned)=132096/135168, padding=3072 tokens; aligned-length Agg TFLOPS=4019.50, Avg/GPU=502.44
mega_ring_hybrid                128:4 t0=39.969, t1=40.049, t2=40.153, t3=40.084, t4=39.827, t5=39.924, t6=39.889, t7=39.786 | max_across_ranks=40.263      4369.67     546.21     skip  hierarchical hybrid fused mega-ring; remote reset excluded; workspace=reused, reset=timed, aux_grid=exact
mega_ring_hybrid                124:8 t0=40.984, t1=41.348, t2=41.359, t3=41.077, t4=40.852, t5=40.993, t6=41.000, t7=40.812 | max_across_ranks=41.452      4244.27     530.53     skip  hierarchical hybrid fused mega-ring; remote reset excluded; workspace=reused, reset=timed, aux_grid=exact
mega_ring_hybrid               120:12 t0=41.850, t1=41.953, t2=41.964, t3=41.882, t4=41.798, t5=41.865, t6=41.848, t7=41.787 | max_across_ranks=42.112      4177.82     522.23     skip  hierarchical hybrid fused mega-ring; remote reset excluded; workspace=reused, reset=timed, aux_grid=exact
mega_ring_hybrid               116:16 t0=42.518, t1=42.743, t2=42.751, t3=42.563, t4=42.627, t5=42.802, t6=42.694, t7=42.437 | max_across_ranks=42.856      4105.26     513.16     skip  hierarchical hybrid fused mega-ring; remote reset excluded; workspace=reused, reset=timed, aux_grid=exact

Workload: dataset=prolong, case=20/20, B=2, global_tokens=131072, global_seqlens=[65536, 65536]
Mega-ring all-CP workload: alignment=2048, global_tokens=131072, global_seqlens=[65536, 65536]
Hybrid rings: sizes=[4, 4], starts=[0, 4]
Zeppelin placement: L=4096, final_s0=4096, iterations=1, groups=[4, 4], execution_lengths=[65536, 65536], padding=0, physical_rank_token_loads=[16384, 16384, 16384, 16384, 16384, 16384, 16384, 16384]
Timing excludes forward preparation, opaque-workspace construction, owner-accumulator reset, and the pre-launch distributed barrier; reused step-workspace reset and method-internal phase barriers are included; reported time is the average of the per-iteration max-rank end-to-end backward op times.
Method                      Comp:Comm Time ms                                                                                                            Agg TFLOPS    Avg/GPU    Check  Note
allgather_attention                 - t0=43.525, t1=43.531, t2=43.533, t3=43.520, t4=43.530, t5=43.527, t6=43.522, t7=43.519 | max_across_ranks=43.560      4038.67     504.83     skip  per-sequence KV-head-sharded all-gather (2 KVH/chunk, comm/compute overlap); in-repo min_fa3 fallback; zigzag causal
llama3_allgather_attention          - t0=40.799, t1=40.798, t2=40.793, t3=40.793, t4=40.792, t5=40.794, t6=40.795, t7=40.796 | max_across_ranks=40.826      4309.14     538.64     skip  whole-packed zigzag KV-head-sharded all-gather (2 KVH/chunk, comm/compute overlap); in-repo min_fa3 fallback; causal
fa3_ring                            - t0=45.525, t1=45.487, t2=45.575, t3=45.611, t4=45.622, t5=45.630, t6=45.603, t7=45.602 | max_across_ranks=45.726      3847.37     480.92     skip  NCCL zigzag ring; in-repo min_fa3 fallback block backward
megatron_hybrid_cp                  - t0=43.727, t1=43.642, t2=43.684, t3=43.697, t4=43.688, t5=43.694, t6=43.734, t7=43.750 | max_across_ranks=43.805      4016.10     502.01     skip  Megatron scheduler; 1 execution groups; P2P ring; in-repo min_fa3 fallback; forward-order phase replay; complete forward preparation excluded from backward timing; tokens(original/aligned)=131072/131072, padding=0 tokens; aligned-length Agg TFLOPS=4016.10, Avg/GPU=502.01
magi_attention                      - t0=45.855, t1=45.884, t2=45.908, t3=45.918, t4=45.907, t5=45.880, t6=45.906, t7=45.921 | max_across_ranks=46.188      3808.88     476.11     skip  chunk_size=2048, tokens(original/padded)=131072/131072, overlap_degree=2; dispatch excluded; performance-only; forward preparation excluded from backward timing
zeppelin                            - t0=40.036, t1=40.041, t2=40.077, t3=40.113, t4=39.906, t5=39.822, t6=39.836, t7=39.907 | max_across_ranks=40.189      4377.43     547.18     skip  L=4096; final_s0=4096; iterations=1; G4=2; padding=0; physical rank token loads=[16384,16384,16384,16384,16384,16384,16384,16384]; in-repo min_fa3 fallback; tokens(original/aligned)=131072/131072, padding=0 tokens; aligned-length Agg TFLOPS=4377.43, Avg/GPU=547.18
mega_ring_all_cp                128:4 t0=40.420, t1=40.837, t2=40.978, t3=40.856, t4=40.424, t5=40.327, t6=40.379, t7=40.388 | max_across_ranks=41.010      4289.83     536.23     skip  all-CP fused mega-ring; remote reset excluded; workspace=reused, reset=timed, aux_grid=exact; tokens(original/aligned)=131072/131072, padding=0 tokens; aligned-length Agg TFLOPS=4289.83, Avg/GPU=536.23
mega_ring_all_cp                124:8 t0=41.234, t1=41.668, t2=41.835, t3=41.673, t4=41.158, t5=41.271, t6=41.299, t7=41.226 | max_across_ranks=41.841      4204.63     525.58     skip  all-CP fused mega-ring; remote reset excluded; workspace=reused, reset=timed, aux_grid=exact; tokens(original/aligned)=131072/131072, padding=0 tokens; aligned-length Agg TFLOPS=4204.63, Avg/GPU=525.58
mega_ring_all_cp               120:12 t0=42.043, t1=42.556, t2=42.674, t3=42.525, t4=42.109, t5=42.219, t6=42.286, t7=42.181 | max_across_ranks=42.690      4120.96     515.12     skip  all-CP fused mega-ring; remote reset excluded; workspace=reused, reset=timed, aux_grid=exact; tokens(original/aligned)=131072/131072, padding=0 tokens; aligned-length Agg TFLOPS=4120.96, Avg/GPU=515.12
mega_ring_all_cp               116:16 t0=42.920, t1=43.492, t2=43.549, t3=43.414, t4=42.987, t5=43.083, t6=43.177, t7=43.008 | max_across_ranks=43.565      4038.23     504.78     skip  all-CP fused mega-ring; remote reset excluded; workspace=reused, reset=timed, aux_grid=exact; tokens(original/aligned)=131072/131072, padding=0 tokens; aligned-length Agg TFLOPS=4038.23, Avg/GPU=504.78
mega_ring_hybrid                128:4 t0=39.721, t1=40.068, t2=40.248, t3=40.101, t4=39.701, t5=39.734, t6=39.774, t7=39.769 | max_across_ranks=40.253      4370.48     546.31     skip  hierarchical hybrid fused mega-ring; remote reset excluded; workspace=reused, reset=timed, aux_grid=exact
mega_ring_hybrid                124:8 t0=40.772, t1=41.257, t2=41.433, t3=41.258, t4=40.647, t5=40.925, t6=41.102, t7=41.028 | max_across_ranks=41.479      4241.24     530.16     skip  hierarchical hybrid fused mega-ring; remote reset excluded; workspace=reused, reset=timed, aux_grid=exact
mega_ring_hybrid               120:12 t0=41.705, t1=41.934, t2=42.042, t3=41.959, t4=41.786, t5=41.851, t6=41.950, t7=41.861 | max_across_ranks=42.122      4176.56     522.07     skip  hierarchical hybrid fused mega-ring; remote reset excluded; workspace=reused, reset=timed, aux_grid=exact
mega_ring_hybrid               116:16 t0=42.427, t1=42.706, t2=42.791, t3=42.696, t4=42.439, t5=42.710, t6=42.812, t7=42.590 | max_across_ranks=42.953      4095.73     511.97     skip  hierarchical hybrid fused mega-ring; remote reset excluded; workspace=reused, reset=timed, aux_grid=exact

Cross-case backward summary
Method                             SM    Cases     Min ms    Mean ms     P50 ms     Max ms    Mean TFLOPS    Weighted TFLOPS   Weighted/GPU
allgather_attention                 -    20/20     35.061     42.696     43.567     43.791        4021.26            4022.75         502.84
llama3_allgather_attention          -    20/20     40.814     43.109     41.313     63.007        4055.98            3984.21         498.03
fa3_ring                            -    20/20     40.156     45.387     45.880     46.473        3780.68            3784.25         473.03
megatron_hybrid_cp                  -    20/20     37.515     43.334     43.828     44.515        3960.10            3963.49         495.44
magi_attention                      -    20/20     38.661     46.485     46.626     48.786        3694.48            3694.82         461.85
zeppelin                            -    20/20     40.141     43.799     40.290     69.756        4044.15            3921.45         490.18
mega_ring_all_cp                128:4    20/20     33.585     40.324     41.145     41.533        4257.59            4259.42         532.43
mega_ring_all_cp                124:8    20/20     33.789     41.014     41.909     42.079        4186.30            4187.69         523.46
mega_ring_all_cp               120:12    20/20     34.283     41.890     42.753     43.203        4099.13            4100.16         512.52
mega_ring_all_cp               116:16    20/20     34.952     42.721     43.620     44.031        4019.36            4020.42         502.55
mega_ring_hybrid                128:4    20/20     32.707     39.554     40.245     40.473        4340.26            4342.36         542.79
mega_ring_hybrid                124:8    20/20     33.321     40.599     41.383     41.571        4228.95            4230.48         528.81
mega_ring_hybrid               120:12    20/20     33.898     41.358     42.128     42.367        4151.37            4152.86         519.11
mega_ring_hybrid               116:16    20/20     34.580     42.132     42.936     43.208        4075.04            4076.63         509.58
