CUDA_VISIBLE_DEVICES=0\,1\,2\,3\,4\,5\,6\,7 torchrun --standalone --nproc_per_node=8 --module dcp_test.benchmark_dcp_mega_batch --config dcp_test/configs/dcp_mega_six_loads.json --trace-config dcp_test/trace/example_config.json --trace-cases benchmark_logs/bench_dcp/20260807-210441/results/arrival_2/dcp_2/trace/cases.jsonl --trace-arrival-time-scale 2 --trace-dcp-size 2 --num-cases 20 --dcp-sizes 2 --implementations mega --num-splits 0 --mega-block-n 128 --warmup 10 --iters 30 --no-check --no-cuda-graph --no-mega-phase-timestamps --no-baseline-phase-timing --output-dir benchmark_logs/bench_dcp/20260807-210441/results/arrival_2/dcp_2/mega --manifest benchmark_logs/bench_dcp/20260807-210441/results/arrival_2/dcp_2/mega/manifest.json --mega-num-comm-sms 4\,8\,12\,16\,20
Mega DCP batch: name=dcp_mega_trace, mode=eager, cases=20, methods=['dcp_mega_varlen'], comm_sm_sweep=[4, 8, 12, 16, 20], baseline_phase_timing=False

================================================================================
Mega comm_sm=4, case 1/20: case_000000_dcp2_hkv4: B=21, Sq=[16, 16, 16, 16, 16, 16, 16, 16, 16, 16, 16, 16, 16, 16, 16, 16, 16, 16, 16, 16, 16], Sk=[1632, 67623, 67923, 10094, 15378, 15442, 6072, 16706, 12172, 2921, 9202, 27716, 4339, 18772, 3849, 95389, 26606, 30838, 17141, 29142, 896], DCP=2, Hkv=4
================================================================================
Config: world_size=8, methods=['dcp_mega_varlen'], QH=32, KVH=4, D=128, TP=8, DCP=2, workload=chunk, execution=eager, baseline_phase_timing=False, warmup=10, iters=30, check=False
Workload: B=21, q_tokens=336, history_tokens=479853, q_seqlens=[16, 16, 16, 16, 16, 16, 16, 16, 16, 16, 16, 16, 16, 16, 16, 16, 16, 16, 16, 16, 16], history_seqlens=[1632, 67623, 67923, 10094, 15378, 15442, 6072, 16706, 12172, 2921, 9202, 27716, 4339, 18772, 3849, 95389, 26606, 30838, 17141, 29142, 896]
Agg TFLOPS uses useful attention work across all TP ranks and p50(max_across_ranks); Avg/GPU divides it by world_size.
KV GB/s/GPU is average logical BF16 K+V bytes read per TP rank divided by p50(max_across_ranks); it is not hardware-counter HBM traffic.

Running B=21, q_tokens=336, history_tokens=479853, causal=True

B=21, q_tokens=336, history_tokens=479853, QH=32, KVH=4, D=128, TP=8, DCP=2, mode=causal
Method                   Time ms                                                                                                                                     Agg TFLOPS    Avg/GPU  KV GB/s/GPU      Check  Note
dcp_mega_varlen          t0=0.132, t1=0.113, t2=0.113, t3=0.116, t4=0.115, t5=0.114, t6=0.115, t7=0.115 | p50(max_across_ranks)=0.132, p90(max_across_ranks)=0.139        954.1      119.3        932.7       skip  eager; output=bf16_ipc_a2a; runner_preallocated; timing=mega_kernel_only
Wrote benchmark JSON to benchmark_logs/bench_dcp/20260807-210441/results/arrival_2/dcp_2/mega/comm_sm_4/case_000000_dcp2_hkv4_eager.json

================================================================================
Mega comm_sm=4, case 2/20: case_000001_dcp2_hkv4: B=19, Sq=[16, 16, 16, 16, 16, 16, 16, 16, 16, 16, 16, 16, 16, 16, 16, 16, 16, 16, 16], Sk=[3162, 18346, 19002, 9725, 11319, 6185, 4703, 5040, 22675, 1529, 8908, 5483, 6468, 10854, 2184, 3785, 3003, 7368, 3817], DCP=2, Hkv=4
================================================================================
Config: world_size=8, methods=['dcp_mega_varlen'], QH=32, KVH=4, D=128, TP=8, DCP=2, workload=chunk, execution=eager, baseline_phase_timing=False, warmup=10, iters=30, check=False
Workload: B=19, q_tokens=304, history_tokens=153556, q_seqlens=[16, 16, 16, 16, 16, 16, 16, 16, 16, 16, 16, 16, 16, 16, 16, 16, 16, 16, 16], history_seqlens=[3162, 18346, 19002, 9725, 11319, 6185, 4703, 5040, 22675, 1529, 8908, 5483, 6468, 10854, 2184, 3785, 3003, 7368, 3817]
Agg TFLOPS uses useful attention work across all TP ranks and p50(max_across_ranks); Avg/GPU divides it by world_size.
KV GB/s/GPU is average logical BF16 K+V bytes read per TP rank divided by p50(max_across_ranks); it is not hardware-counter HBM traffic.

Running B=19, q_tokens=304, history_tokens=153556, causal=True

B=19, q_tokens=304, history_tokens=153556, QH=32, KVH=4, D=128, TP=8, DCP=2, mode=causal
Method                   Time ms                                                                                                                                     Agg TFLOPS    Avg/GPU  KV GB/s/GPU      Check  Note
dcp_mega_varlen          t0=0.077, t1=0.073, t2=0.076, t3=0.076, t4=0.076, t5=0.076, t6=0.075, t7=0.075 | p50(max_across_ranks)=0.078, p90(max_across_ranks)=0.081        517.5       64.7        506.8       skip  eager; output=bf16_ipc_a2a; runner_preallocated; timing=mega_kernel_only
Wrote benchmark JSON to benchmark_logs/bench_dcp/20260807-210441/results/arrival_2/dcp_2/mega/comm_sm_4/case_000001_dcp2_hkv4_eager.json

================================================================================
Mega comm_sm=4, case 3/20: case_000002_dcp2_hkv4: B=15, Sq=[16, 16, 16, 16, 16, 16, 16, 16, 16, 16, 16, 16, 16, 16, 16], Sk=[4478, 11843, 11990, 4846, 6561, 4546, 12401, 4208, 13833, 5902, 21268, 21669, 2446, 3009, 1518], DCP=2, Hkv=4
================================================================================
Config: world_size=8, methods=['dcp_mega_varlen'], QH=32, KVH=4, D=128, TP=8, DCP=2, workload=chunk, execution=eager, baseline_phase_timing=False, warmup=10, iters=30, check=False
Workload: B=15, q_tokens=240, history_tokens=130518, q_seqlens=[16, 16, 16, 16, 16, 16, 16, 16, 16, 16, 16, 16, 16, 16, 16], history_seqlens=[4478, 11843, 11990, 4846, 6561, 4546, 12401, 4208, 13833, 5902, 21268, 21669, 2446, 3009, 1518]
Agg TFLOPS uses useful attention work across all TP ranks and p50(max_across_ranks); Avg/GPU divides it by world_size.
KV GB/s/GPU is average logical BF16 K+V bytes read per TP rank divided by p50(max_across_ranks); it is not hardware-counter HBM traffic.

Running B=15, q_tokens=240, history_tokens=130518, causal=True

B=15, q_tokens=240, history_tokens=130518, QH=32, KVH=4, D=128, TP=8, DCP=2, mode=causal
Method                   Time ms                                                                                                                                     Agg TFLOPS    Avg/GPU  KV GB/s/GPU      Check  Note
dcp_mega_varlen          t0=0.071, t1=0.068, t2=0.070, t3=0.071, t4=0.070, t5=0.069, t6=0.070, t7=0.069 | p50(max_across_ranks)=0.072, p90(max_across_ranks)=0.075        474.8       59.4        464.9       skip  eager; output=bf16_ipc_a2a; runner_preallocated; timing=mega_kernel_only
Wrote benchmark JSON to benchmark_logs/bench_dcp/20260807-210441/results/arrival_2/dcp_2/mega/comm_sm_4/case_000002_dcp2_hkv4_eager.json

================================================================================
Mega comm_sm=4, case 4/20: case_000003_dcp2_hkv4: B=22, Sq=[16, 16, 16, 16, 16, 16, 16, 16, 16, 16, 16, 16, 16, 16, 16, 16, 16, 16, 16, 16, 16, 16], Sk=[22161, 11155, 3543, 18180, 8001, 2807, 21779, 15291, 34249, 5372, 28852, 6680, 1772, 54729, 4284, 4451, 4231, 30508, 29548, 5255, 13572, 3748], DCP=2, Hkv=4
================================================================================
Config: world_size=8, methods=['dcp_mega_varlen'], QH=32, KVH=4, D=128, TP=8, DCP=2, workload=chunk, execution=eager, baseline_phase_timing=False, warmup=10, iters=30, check=False
Workload: B=22, q_tokens=352, history_tokens=330168, q_seqlens=[16, 16, 16, 16, 16, 16, 16, 16, 16, 16, 16, 16, 16, 16, 16, 16, 16, 16, 16, 16, 16, 16], history_seqlens=[22161, 11155, 3543, 18180, 8001, 2807, 21779, 15291, 34249, 5372, 28852, 6680, 1772, 54729, 4284, 4451, 4231, 30508, 29548, 5255, 13572, 3748]
Agg TFLOPS uses useful attention work across all TP ranks and p50(max_across_ranks); Avg/GPU divides it by world_size.
KV GB/s/GPU is average logical BF16 K+V bytes read per TP rank divided by p50(max_across_ranks); it is not hardware-counter HBM traffic.

Running B=22, q_tokens=352, history_tokens=330168, causal=True

B=22, q_tokens=352, history_tokens=330168, QH=32, KVH=4, D=128, TP=8, DCP=2, mode=causal
Method                   Time ms                                                                                                                                     Agg TFLOPS    Avg/GPU  KV GB/s/GPU      Check  Note
dcp_mega_varlen          t0=0.098, t1=0.096, t2=0.096, t3=0.098, t4=0.096, t5=0.097, t6=0.096, t7=0.097 | p50(max_across_ranks)=0.100, p90(max_across_ranks)=0.104        869.2      108.7        850.2       skip  eager; output=bf16_ipc_a2a; runner_preallocated; timing=mega_kernel_only
Wrote benchmark JSON to benchmark_logs/bench_dcp/20260807-210441/results/arrival_2/dcp_2/mega/comm_sm_4/case_000003_dcp2_hkv4_eager.json

================================================================================
Mega comm_sm=4, case 5/20: case_000004_dcp2_hkv4: B=23, Sq=[16, 16, 16, 16, 16, 16, 16, 16, 16, 16, 16, 16, 16, 16, 16, 16, 16, 16, 16, 16, 16, 16, 1016], Sk=[7475, 4379, 5821, 1393, 7068, 3619, 6381, 1296, 13713, 5937, 1083, 4749, 5459, 6566, 9712, 2564, 1023, 1377, 14096, 7049, 94755, 10887, 512], DCP=2, Hkv=4
================================================================================
Config: world_size=8, methods=['dcp_mega_varlen'], QH=32, KVH=4, D=128, TP=8, DCP=2, workload=chunk, execution=eager, baseline_phase_timing=False, warmup=10, iters=30, check=False
Workload: B=23, q_tokens=1368, history_tokens=216914, q_seqlens=[16, 16, 16, 16, 16, 16, 16, 16, 16, 16, 16, 16, 16, 16, 16, 16, 16, 16, 16, 16, 16, 16, 1016], history_seqlens=[7475, 4379, 5821, 1393, 7068, 3619, 6381, 1296, 13713, 5937, 1083, 4749, 5459, 6566, 9712, 2564, 1023, 1377, 14096, 7049, 94755, 10887, 512]
Agg TFLOPS uses useful attention work across all TP ranks and p50(max_across_ranks); Avg/GPU divides it by world_size.
KV GB/s/GPU is average logical BF16 K+V bytes read per TP rank divided by p50(max_across_ranks); it is not hardware-counter HBM traffic.

Running B=23, q_tokens=1368, history_tokens=216914, causal=True

B=23, q_tokens=1368, history_tokens=216914, QH=32, KVH=4, D=128, TP=8, DCP=2, mode=causal
Method                   Time ms                                                                                                                                     Agg TFLOPS    Avg/GPU  KV GB/s/GPU      Check  Note
dcp_mega_varlen          t0=0.301, t1=0.294, t2=0.297, t3=0.300, t4=0.299, t5=0.297, t6=0.300, t7=0.297 | p50(max_across_ranks)=0.301, p90(max_across_ranks)=0.304        245.0       30.6        186.7       skip  eager; output=bf16_ipc_a2a; runner_preallocated; timing=mega_kernel_only
Wrote benchmark JSON to benchmark_logs/bench_dcp/20260807-210441/results/arrival_2/dcp_2/mega/comm_sm_4/case_000004_dcp2_hkv4_eager.json

================================================================================
Mega comm_sm=4, case 6/20: case_000005_dcp2_hkv4: B=14, Sq=[16, 16, 16, 16, 16, 16, 16, 16, 16, 16, 16, 16, 16, 16], Sk=[20404, 33937, 5939, 1357, 12258, 13304, 19438, 5124, 1507, 9965, 31665, 11574, 6476, 14496], DCP=2, Hkv=4
================================================================================
Config: world_size=8, methods=['dcp_mega_varlen'], QH=32, KVH=4, D=128, TP=8, DCP=2, workload=chunk, execution=eager, baseline_phase_timing=False, warmup=10, iters=30, check=False
Workload: B=14, q_tokens=224, history_tokens=187444, q_seqlens=[16, 16, 16, 16, 16, 16, 16, 16, 16, 16, 16, 16, 16, 16], history_seqlens=[20404, 33937, 5939, 1357, 12258, 13304, 19438, 5124, 1507, 9965, 31665, 11574, 6476, 14496]
Agg TFLOPS uses useful attention work across all TP ranks and p50(max_across_ranks); Avg/GPU divides it by world_size.
KV GB/s/GPU is average logical BF16 K+V bytes read per TP rank divided by p50(max_across_ranks); it is not hardware-counter HBM traffic.

Running B=14, q_tokens=224, history_tokens=187444, causal=True

B=14, q_tokens=224, history_tokens=187444, QH=32, KVH=4, D=128, TP=8, DCP=2, mode=causal
Method                   Time ms                                                                                                                                     Agg TFLOPS    Avg/GPU  KV GB/s/GPU      Check  Note
dcp_mega_varlen          t0=0.079, t1=0.076, t2=0.077, t3=0.078, t4=0.078, t5=0.077, t6=0.078, t7=0.077 | p50(max_across_ranks)=0.080, p90(max_across_ranks)=0.086        613.9       76.7        600.5       skip  eager; output=bf16_ipc_a2a; runner_preallocated; timing=mega_kernel_only
Wrote benchmark JSON to benchmark_logs/bench_dcp/20260807-210441/results/arrival_2/dcp_2/mega/comm_sm_4/case_000005_dcp2_hkv4_eager.json

================================================================================
Mega comm_sm=4, case 7/20: case_000006_dcp2_hkv4: B=21, Sq=[16, 16, 16, 16, 16, 16, 16, 16, 16, 16, 16, 16, 16, 16, 16, 16, 16, 16, 16, 16, 16], Sk=[34309, 29659, 12125, 1208, 7820, 6643, 3135, 4092, 15824, 3530, 2428, 3753, 6002, 2259, 2359, 17620, 25772, 934, 2608, 5878, 1339], DCP=2, Hkv=4
================================================================================
Config: world_size=8, methods=['dcp_mega_varlen'], QH=32, KVH=4, D=128, TP=8, DCP=2, workload=chunk, execution=eager, baseline_phase_timing=False, warmup=10, iters=30, check=False
Workload: B=21, q_tokens=336, history_tokens=189297, q_seqlens=[16, 16, 16, 16, 16, 16, 16, 16, 16, 16, 16, 16, 16, 16, 16, 16, 16, 16, 16, 16, 16], history_seqlens=[34309, 29659, 12125, 1208, 7820, 6643, 3135, 4092, 15824, 3530, 2428, 3753, 6002, 2259, 2359, 17620, 25772, 934, 2608, 5878, 1339]
Agg TFLOPS uses useful attention work across all TP ranks and p50(max_across_ranks); Avg/GPU divides it by world_size.
KV GB/s/GPU is average logical BF16 K+V bytes read per TP rank divided by p50(max_across_ranks); it is not hardware-counter HBM traffic.

Running B=21, q_tokens=336, history_tokens=189297, causal=True

B=21, q_tokens=336, history_tokens=189297, QH=32, KVH=4, D=128, TP=8, DCP=2, mode=causal
Method                   Time ms                                                                                                                                     Agg TFLOPS    Avg/GPU  KV GB/s/GPU      Check  Note
dcp_mega_varlen          t0=0.087, t1=0.082, t2=0.085, t3=0.087, t4=0.086, t5=0.084, t6=0.085, t7=0.085 | p50(max_across_ranks)=0.088, p90(max_across_ranks)=0.090        566.1       70.8        554.2       skip  eager; output=bf16_ipc_a2a; runner_preallocated; timing=mega_kernel_only
Wrote benchmark JSON to benchmark_logs/bench_dcp/20260807-210441/results/arrival_2/dcp_2/mega/comm_sm_4/case_000006_dcp2_hkv4_eager.json

================================================================================
Mega comm_sm=4, case 8/20: case_000007_dcp2_hkv4: B=16, Sq=[16, 16, 16, 16, 16, 16, 16, 16, 16, 16, 16, 16, 16, 16, 16, 16], Sk=[21007, 3944, 12402, 1331, 20233, 22126, 6262, 3451, 4906, 1476, 27142, 5334, 4798, 27594, 1279, 11238], DCP=2, Hkv=4
================================================================================
Config: world_size=8, methods=['dcp_mega_varlen'], QH=32, KVH=4, D=128, TP=8, DCP=2, workload=chunk, execution=eager, baseline_phase_timing=False, warmup=10, iters=30, check=False
Workload: B=16, q_tokens=256, history_tokens=174523, q_seqlens=[16, 16, 16, 16, 16, 16, 16, 16, 16, 16, 16, 16, 16, 16, 16, 16], history_seqlens=[21007, 3944, 12402, 1331, 20233, 22126, 6262, 3451, 4906, 1476, 27142, 5334, 4798, 27594, 1279, 11238]
Agg TFLOPS uses useful attention work across all TP ranks and p50(max_across_ranks); Avg/GPU divides it by world_size.
KV GB/s/GPU is average logical BF16 K+V bytes read per TP rank divided by p50(max_across_ranks); it is not hardware-counter HBM traffic.

Running B=16, q_tokens=256, history_tokens=174523, causal=True

B=16, q_tokens=256, history_tokens=174523, QH=32, KVH=4, D=128, TP=8, DCP=2, mode=causal
Method                   Time ms                                                                                                                                     Agg TFLOPS    Avg/GPU  KV GB/s/GPU      Check  Note
dcp_mega_varlen          t0=0.083, t1=0.079, t2=0.081, t3=0.082, t4=0.081, t5=0.081, t6=0.082, t7=0.081 | p50(max_across_ranks)=0.084, p90(max_across_ranks)=0.086        544.0       68.0        532.4       skip  eager; output=bf16_ipc_a2a; runner_preallocated; timing=mega_kernel_only
Wrote benchmark JSON to benchmark_logs/bench_dcp/20260807-210441/results/arrival_2/dcp_2/mega/comm_sm_4/case_000007_dcp2_hkv4_eager.json

================================================================================
Mega comm_sm=4, case 9/20: case_000008_dcp2_hkv4: B=18, Sq=[16, 16, 16, 16, 16, 16, 16, 16, 16, 16, 16, 16, 16, 16, 16, 16, 16, 16], Sk=[11983, 93505, 21112, 22792, 7843, 4557, 1212, 4656, 3852, 30764, 2087, 19890, 4010, 8500, 15708, 12245, 9228, 1939], DCP=2, Hkv=4
================================================================================
Config: world_size=8, methods=['dcp_mega_varlen'], QH=32, KVH=4, D=128, TP=8, DCP=2, workload=chunk, execution=eager, baseline_phase_timing=False, warmup=10, iters=30, check=False
Workload: B=18, q_tokens=288, history_tokens=275883, q_seqlens=[16, 16, 16, 16, 16, 16, 16, 16, 16, 16, 16, 16, 16, 16, 16, 16, 16, 16], history_seqlens=[11983, 93505, 21112, 22792, 7843, 4557, 1212, 4656, 3852, 30764, 2087, 19890, 4010, 8500, 15708, 12245, 9228, 1939]
Agg TFLOPS uses useful attention work across all TP ranks and p50(max_across_ranks); Avg/GPU divides it by world_size.
KV GB/s/GPU is average logical BF16 K+V bytes read per TP rank divided by p50(max_across_ranks); it is not hardware-counter HBM traffic.

Running B=18, q_tokens=288, history_tokens=275883, causal=True

B=18, q_tokens=288, history_tokens=275883, QH=32, KVH=4, D=128, TP=8, DCP=2, mode=causal
Method                   Time ms                                                                                                                                     Agg TFLOPS    Avg/GPU  KV GB/s/GPU      Check  Note
dcp_mega_varlen          t0=0.094, t1=0.090, t2=0.092, t3=0.092, t4=0.094, t5=0.091, t6=0.093, t7=0.093 | p50(max_across_ranks)=0.095, p90(max_across_ranks)=0.103        761.2       95.2        744.5       skip  eager; output=bf16_ipc_a2a; runner_preallocated; timing=mega_kernel_only
Wrote benchmark JSON to benchmark_logs/bench_dcp/20260807-210441/results/arrival_2/dcp_2/mega/comm_sm_4/case_000008_dcp2_hkv4_eager.json

================================================================================
Mega comm_sm=4, case 10/20: case_000009_dcp2_hkv4: B=20, Sq=[16, 16, 16, 16, 16, 16, 16, 16, 16, 16, 16, 16, 16, 16, 16, 16, 16, 16, 16, 16], Sk=[2946, 16616, 1396, 9354, 9330, 1201, 9555, 14080, 14153, 4517, 4907, 15282, 1553, 1448, 13375, 1877, 939, 6300, 2496, 3441], DCP=2, Hkv=4
================================================================================
Config: world_size=8, methods=['dcp_mega_varlen'], QH=32, KVH=4, D=128, TP=8, DCP=2, workload=chunk, execution=eager, baseline_phase_timing=False, warmup=10, iters=30, check=False
Workload: B=20, q_tokens=320, history_tokens=134766, q_seqlens=[16, 16, 16, 16, 16, 16, 16, 16, 16, 16, 16, 16, 16, 16, 16, 16, 16, 16, 16, 16], history_seqlens=[2946, 16616, 1396, 9354, 9330, 1201, 9555, 14080, 14153, 4517, 4907, 15282, 1553, 1448, 13375, 1877, 939, 6300, 2496, 3441]
Agg TFLOPS uses useful attention work across all TP ranks and p50(max_across_ranks); Avg/GPU divides it by world_size.
KV GB/s/GPU is average logical BF16 K+V bytes read per TP rank divided by p50(max_across_ranks); it is not hardware-counter HBM traffic.

Running B=20, q_tokens=320, history_tokens=134766, causal=True

B=20, q_tokens=320, history_tokens=134766, QH=32, KVH=4, D=128, TP=8, DCP=2, mode=causal
Method                   Time ms                                                                                                                                     Agg TFLOPS    Avg/GPU  KV GB/s/GPU      Check  Note
dcp_mega_varlen          t0=0.079, t1=0.073, t2=0.100, t3=0.073, t4=0.074, t5=0.101, t6=0.077, t7=0.077 | p50(max_across_ranks)=0.102, p90(max_across_ranks)=0.105        347.9       43.5        341.0       skip  eager; output=bf16_ipc_a2a; runner_preallocated; timing=mega_kernel_only
Wrote benchmark JSON to benchmark_logs/bench_dcp/20260807-210441/results/arrival_2/dcp_2/mega/comm_sm_4/case_000009_dcp2_hkv4_eager.json

================================================================================
Mega comm_sm=4, case 11/20: case_000010_dcp2_hkv4: B=21, Sq=[16, 16, 16, 16, 16, 16, 16, 16, 16, 16, 16, 16, 16, 16, 16, 16, 16, 16, 16, 16, 4096], Sk=[4977, 1455, 2900, 16303, 20718, 1152, 2179, 3843, 1180, 1993, 75078, 1727, 17737, 5767, 993, 2142, 17615, 27589, 5111, 5787, 512], DCP=2, Hkv=4
================================================================================
Config: world_size=8, methods=['dcp_mega_varlen'], QH=32, KVH=4, D=128, TP=8, DCP=2, workload=chunk, execution=eager, baseline_phase_timing=False, warmup=10, iters=30, check=False
Workload: B=21, q_tokens=4416, history_tokens=216758, q_seqlens=[16, 16, 16, 16, 16, 16, 16, 16, 16, 16, 16, 16, 16, 16, 16, 16, 16, 16, 16, 16, 4096], history_seqlens=[4977, 1455, 2900, 16303, 20718, 1152, 2179, 3843, 1180, 1993, 75078, 1727, 17737, 5767, 993, 2142, 17615, 27589, 5111, 5787, 512]
Agg TFLOPS uses useful attention work across all TP ranks and p50(max_across_ranks); Avg/GPU divides it by world_size.
KV GB/s/GPU is average logical BF16 K+V bytes read per TP rank divided by p50(max_across_ranks); it is not hardware-counter HBM traffic.

Running B=21, q_tokens=4416, history_tokens=216758, causal=True

B=21, q_tokens=4416, history_tokens=216758, QH=32, KVH=4, D=128, TP=8, DCP=2, mode=causal
Method                   Time ms                                                                                                                                     Agg TFLOPS    Avg/GPU  KV GB/s/GPU      Check  Note
dcp_mega_varlen          t0=0.464, t1=0.459, t2=0.460, t3=0.464, t4=0.460, t5=0.459, t6=0.464, t7=0.459 | p50(max_across_ranks)=0.465, p90(max_across_ranks)=0.468        491.2       61.4        124.1       skip  eager; output=bf16_ipc_a2a; runner_preallocated; timing=mega_kernel_only
Wrote benchmark JSON to benchmark_logs/bench_dcp/20260807-210441/results/arrival_2/dcp_2/mega/comm_sm_4/case_000010_dcp2_hkv4_eager.json

================================================================================
Mega comm_sm=4, case 12/20: case_000011_dcp2_hkv4: B=20, Sq=[16, 16, 16, 16, 16, 16, 16, 16, 16, 16, 16, 16, 16, 16, 16, 16, 16, 16, 16, 3736], Sk=[4802, 2113, 2441, 2124, 7691, 5319, 16723, 20304, 12255, 59151, 2687, 18576, 17795, 1817, 1563, 2914, 5997, 13930, 18846, 33280], DCP=2, Hkv=4
================================================================================
Config: world_size=8, methods=['dcp_mega_varlen'], QH=32, KVH=4, D=128, TP=8, DCP=2, workload=chunk, execution=eager, baseline_phase_timing=False, warmup=10, iters=30, check=False
Workload: B=20, q_tokens=4040, history_tokens=250328, q_seqlens=[16, 16, 16, 16, 16, 16, 16, 16, 16, 16, 16, 16, 16, 16, 16, 16, 16, 16, 16, 3736], history_seqlens=[4802, 2113, 2441, 2124, 7691, 5319, 16723, 20304, 12255, 59151, 2687, 18576, 17795, 1817, 1563, 2914, 5997, 13930, 18846, 33280]
Agg TFLOPS uses useful attention work across all TP ranks and p50(max_across_ranks); Avg/GPU divides it by world_size.
KV GB/s/GPU is average logical BF16 K+V bytes read per TP rank divided by p50(max_across_ranks); it is not hardware-counter HBM traffic.

Running B=20, q_tokens=4040, history_tokens=250328, causal=True

B=20, q_tokens=4040, history_tokens=250328, QH=32, KVH=4, D=128, TP=8, DCP=2, mode=causal
Method                   Time ms                                                                                                                                     Agg TFLOPS    Avg/GPU  KV GB/s/GPU      Check  Note
dcp_mega_varlen          t0=0.482, t1=0.473, t2=0.482, t3=0.477, t4=0.477, t5=0.480, t6=0.479, t7=0.477 | p50(max_across_ranks)=0.483, p90(max_across_ranks)=0.486       4570.5      571.3        136.9       skip  eager; output=bf16_ipc_a2a; runner_preallocated; timing=mega_kernel_only
Wrote benchmark JSON to benchmark_logs/bench_dcp/20260807-210441/results/arrival_2/dcp_2/mega/comm_sm_4/case_000011_dcp2_hkv4_eager.json

================================================================================
Mega comm_sm=4, case 13/20: case_000012_dcp2_hkv4: B=20, Sq=[16, 16, 16, 16, 16, 16, 16, 16, 16, 16, 16, 16, 16, 16, 16, 16, 16, 16, 16, 2144], Sk=[47702, 14486, 3564, 4355, 9751, 16378, 6108, 13123, 9132, 11678, 1214, 4597, 8230, 19172, 16637, 74389, 13654, 2917, 2065, 512], DCP=2, Hkv=4
================================================================================
Config: world_size=8, methods=['dcp_mega_varlen'], QH=32, KVH=4, D=128, TP=8, DCP=2, workload=chunk, execution=eager, baseline_phase_timing=False, warmup=10, iters=30, check=False
Workload: B=20, q_tokens=2448, history_tokens=279664, q_seqlens=[16, 16, 16, 16, 16, 16, 16, 16, 16, 16, 16, 16, 16, 16, 16, 16, 16, 16, 16, 2144], history_seqlens=[47702, 14486, 3564, 4355, 9751, 16378, 6108, 13123, 9132, 11678, 1214, 4597, 8230, 19172, 16637, 74389, 13654, 2917, 2065, 512]
Agg TFLOPS uses useful attention work across all TP ranks and p50(max_across_ranks); Avg/GPU divides it by world_size.
KV GB/s/GPU is average logical BF16 K+V bytes read per TP rank divided by p50(max_across_ranks); it is not hardware-counter HBM traffic.

Running B=20, q_tokens=2448, history_tokens=279664, causal=True

B=20, q_tokens=2448, history_tokens=279664, QH=32, KVH=4, D=128, TP=8, DCP=2, mode=causal
Method                   Time ms                                                                                                                                     Agg TFLOPS    Avg/GPU  KV GB/s/GPU      Check  Note
dcp_mega_varlen          t0=0.444, t1=0.439, t2=0.442, t3=0.444, t4=0.443, t5=0.444, t6=0.444, t7=0.441 | p50(max_across_ranks)=0.445, p90(max_across_ranks)=0.450        289.5       36.2        163.6       skip  eager; output=bf16_ipc_a2a; runner_preallocated; timing=mega_kernel_only
Wrote benchmark JSON to benchmark_logs/bench_dcp/20260807-210441/results/arrival_2/dcp_2/mega/comm_sm_4/case_000012_dcp2_hkv4_eager.json

================================================================================
Mega comm_sm=4, case 14/20: case_000013_dcp2_hkv4: B=23, Sq=[16, 16, 16, 16, 16, 16, 16, 16, 16, 16, 16, 16, 16, 16, 16, 16, 16, 16, 16, 16, 16, 16, 16], Sk=[8247, 4726, 14451, 12996, 1932, 13236, 2111, 7260, 4651, 25270, 1156, 6276, 6422, 1641, 6594, 1091, 1200, 20314, 8453, 5271, 1266, 3028, 1179], DCP=2, Hkv=4
================================================================================
Config: world_size=8, methods=['dcp_mega_varlen'], QH=32, KVH=4, D=128, TP=8, DCP=2, workload=chunk, execution=eager, baseline_phase_timing=False, warmup=10, iters=30, check=False
Workload: B=23, q_tokens=368, history_tokens=158771, q_seqlens=[16, 16, 16, 16, 16, 16, 16, 16, 16, 16, 16, 16, 16, 16, 16, 16, 16, 16, 16, 16, 16, 16, 16], history_seqlens=[8247, 4726, 14451, 12996, 1932, 13236, 2111, 7260, 4651, 25270, 1156, 6276, 6422, 1641, 6594, 1091, 1200, 20314, 8453, 5271, 1266, 3028, 1179]
Agg TFLOPS uses useful attention work across all TP ranks and p50(max_across_ranks); Avg/GPU divides it by world_size.
KV GB/s/GPU is average logical BF16 K+V bytes read per TP rank divided by p50(max_across_ranks); it is not hardware-counter HBM traffic.

Running B=23, q_tokens=368, history_tokens=158771, causal=True

B=23, q_tokens=368, history_tokens=158771, QH=32, KVH=4, D=128, TP=8, DCP=2, mode=causal
Method                   Time ms                                                                                                                                     Agg TFLOPS    Avg/GPU  KV GB/s/GPU      Check  Note
dcp_mega_varlen          t0=0.085, t1=0.081, t2=0.081, t3=0.082, t4=0.082, t5=0.081, t6=0.083, t7=0.083 | p50(max_across_ranks)=0.085, p90(max_across_ranks)=0.086        489.8       61.2        479.9       skip  eager; output=bf16_ipc_a2a; runner_preallocated; timing=mega_kernel_only
Wrote benchmark JSON to benchmark_logs/bench_dcp/20260807-210441/results/arrival_2/dcp_2/mega/comm_sm_4/case_000013_dcp2_hkv4_eager.json

================================================================================
Mega comm_sm=4, case 15/20: case_000014_dcp2_hkv4: B=12, Sq=[16, 16, 16, 16, 16, 16, 16, 16, 16, 16, 16, 16], Sk=[16815, 17519, 11221, 1558, 2207, 4954, 9477, 2165, 2938, 1563, 4326, 2185], DCP=2, Hkv=4
================================================================================
Config: world_size=8, methods=['dcp_mega_varlen'], QH=32, KVH=4, D=128, TP=8, DCP=2, workload=chunk, execution=eager, baseline_phase_timing=False, warmup=10, iters=30, check=False
Workload: B=12, q_tokens=192, history_tokens=76928, q_seqlens=[16, 16, 16, 16, 16, 16, 16, 16, 16, 16, 16, 16], history_seqlens=[16815, 17519, 11221, 1558, 2207, 4954, 9477, 2165, 2938, 1563, 4326, 2185]
Agg TFLOPS uses useful attention work across all TP ranks and p50(max_across_ranks); Avg/GPU divides it by world_size.
KV GB/s/GPU is average logical BF16 K+V bytes read per TP rank divided by p50(max_across_ranks); it is not hardware-counter HBM traffic.

Running B=12, q_tokens=192, history_tokens=76928, causal=True

B=12, q_tokens=192, history_tokens=76928, QH=32, KVH=4, D=128, TP=8, DCP=2, mode=causal
Method                   Time ms                                                                                                                                     Agg TFLOPS    Avg/GPU  KV GB/s/GPU      Check  Note
dcp_mega_varlen          t0=0.063, t1=0.059, t2=0.063, t3=0.063, t4=0.062, t5=0.061, t6=0.063, t7=0.060 | p50(max_across_ranks)=0.064, p90(max_across_ranks)=0.067        315.8       39.5        309.6       skip  eager; output=bf16_ipc_a2a; runner_preallocated; timing=mega_kernel_only
Wrote benchmark JSON to benchmark_logs/bench_dcp/20260807-210441/results/arrival_2/dcp_2/mega/comm_sm_4/case_000014_dcp2_hkv4_eager.json

================================================================================
Mega comm_sm=4, case 16/20: case_000015_dcp2_hkv4: B=15, Sq=[16, 16, 16, 16, 16, 16, 16, 16, 16, 16, 16, 16, 16, 16, 16], Sk=[51464, 5917, 1758, 3203, 1502, 1208, 55262, 3530, 16144, 1020, 4782, 26990, 987, 3667, 7881], DCP=2, Hkv=4
================================================================================
Config: world_size=8, methods=['dcp_mega_varlen'], QH=32, KVH=4, D=128, TP=8, DCP=2, workload=chunk, execution=eager, baseline_phase_timing=False, warmup=10, iters=30, check=False
Workload: B=15, q_tokens=240, history_tokens=185315, q_seqlens=[16, 16, 16, 16, 16, 16, 16, 16, 16, 16, 16, 16, 16, 16, 16], history_seqlens=[51464, 5917, 1758, 3203, 1502, 1208, 55262, 3530, 16144, 1020, 4782, 26990, 987, 3667, 7881]
Agg TFLOPS uses useful attention work across all TP ranks and p50(max_across_ranks); Avg/GPU divides it by world_size.
KV GB/s/GPU is average logical BF16 K+V bytes read per TP rank divided by p50(max_across_ranks); it is not hardware-counter HBM traffic.

Running B=15, q_tokens=240, history_tokens=185315, causal=True

B=15, q_tokens=240, history_tokens=185315, QH=32, KVH=4, D=128, TP=8, DCP=2, mode=causal
Method                   Time ms                                                                                                                                     Agg TFLOPS    Avg/GPU  KV GB/s/GPU      Check  Note
dcp_mega_varlen          t0=0.084, t1=0.079, t2=0.081, t3=0.082, t4=0.081, t5=0.080, t6=0.081, t7=0.082 | p50(max_across_ranks)=0.085, p90(max_across_ranks)=0.086        574.9       71.9        562.5       skip  eager; output=bf16_ipc_a2a; runner_preallocated; timing=mega_kernel_only
Wrote benchmark JSON to benchmark_logs/bench_dcp/20260807-210441/results/arrival_2/dcp_2/mega/comm_sm_4/case_000015_dcp2_hkv4_eager.json

================================================================================
Mega comm_sm=4, case 17/20: case_000016_dcp2_hkv4: B=17, Sq=[16, 16, 16, 16, 16, 16, 16, 16, 16, 16, 16, 16, 16, 16, 16, 16, 16], Sk=[2016, 6697, 4869, 3640, 6010, 1140, 9523, 7156, 6503, 12406, 23255, 41773, 29925, 952, 14828, 957, 12693], DCP=2, Hkv=4
================================================================================
Config: world_size=8, methods=['dcp_mega_varlen'], QH=32, KVH=4, D=128, TP=8, DCP=2, workload=chunk, execution=eager, baseline_phase_timing=False, warmup=10, iters=30, check=False
Workload: B=17, q_tokens=272, history_tokens=184343, q_seqlens=[16, 16, 16, 16, 16, 16, 16, 16, 16, 16, 16, 16, 16, 16, 16, 16, 16], history_seqlens=[2016, 6697, 4869, 3640, 6010, 1140, 9523, 7156, 6503, 12406, 23255, 41773, 29925, 952, 14828, 957, 12693]
Agg TFLOPS uses useful attention work across all TP ranks and p50(max_across_ranks); Avg/GPU divides it by world_size.
KV GB/s/GPU is average logical BF16 K+V bytes read per TP rank divided by p50(max_across_ranks); it is not hardware-counter HBM traffic.

Running B=17, q_tokens=272, history_tokens=184343, causal=True

B=17, q_tokens=272, history_tokens=184343, QH=32, KVH=4, D=128, TP=8, DCP=2, mode=causal
Method                   Time ms                                                                                                                                     Agg TFLOPS    Avg/GPU  KV GB/s/GPU      Check  Note
dcp_mega_varlen          t0=0.084, t1=0.081, t2=0.083, t3=0.082, t4=0.081, t5=0.080, t6=0.082, t7=0.081 | p50(max_across_ranks)=0.085, p90(max_across_ranks)=0.087        570.8       71.4        558.7       skip  eager; output=bf16_ipc_a2a; runner_preallocated; timing=mega_kernel_only
Wrote benchmark JSON to benchmark_logs/bench_dcp/20260807-210441/results/arrival_2/dcp_2/mega/comm_sm_4/case_000016_dcp2_hkv4_eager.json

================================================================================
Mega comm_sm=4, case 18/20: case_000017_dcp2_hkv4: B=13, Sq=[16, 16, 16, 16, 16, 16, 16, 16, 16, 16, 16, 16, 16], Sk=[75316, 14264, 2774, 25123, 95646, 6857, 7119, 1008, 20490, 7235, 4617, 13126, 15486], DCP=2, Hkv=4
================================================================================
Config: world_size=8, methods=['dcp_mega_varlen'], QH=32, KVH=4, D=128, TP=8, DCP=2, workload=chunk, execution=eager, baseline_phase_timing=False, warmup=10, iters=30, check=False
Workload: B=13, q_tokens=208, history_tokens=289061, q_seqlens=[16, 16, 16, 16, 16, 16, 16, 16, 16, 16, 16, 16, 16], history_seqlens=[75316, 14264, 2774, 25123, 95646, 6857, 7119, 1008, 20490, 7235, 4617, 13126, 15486]
Agg TFLOPS uses useful attention work across all TP ranks and p50(max_across_ranks); Avg/GPU divides it by world_size.
KV GB/s/GPU is average logical BF16 K+V bytes read per TP rank divided by p50(max_across_ranks); it is not hardware-counter HBM traffic.

Running B=13, q_tokens=208, history_tokens=289061, causal=True

B=13, q_tokens=208, history_tokens=289061, QH=32, KVH=4, D=128, TP=8, DCP=2, mode=causal
Method                   Time ms                                                                                                                                     Agg TFLOPS    Avg/GPU  KV GB/s/GPU      Check  Note
dcp_mega_varlen          t0=0.096, t1=0.093, t2=0.095, t3=0.095, t4=0.095, t5=0.094, t6=0.095, t7=0.095 | p50(max_across_ranks)=0.097, p90(max_across_ranks)=0.100        783.2       97.9        765.7       skip  eager; output=bf16_ipc_a2a; runner_preallocated; timing=mega_kernel_only
Wrote benchmark JSON to benchmark_logs/bench_dcp/20260807-210441/results/arrival_2/dcp_2/mega/comm_sm_4/case_000017_dcp2_hkv4_eager.json

================================================================================
Mega comm_sm=4, case 19/20: case_000018_dcp2_hkv4: B=19, Sq=[16, 16, 16, 16, 16, 16, 16, 16, 16, 16, 16, 16, 16, 16, 16, 16, 16, 16, 16], Sk=[2705, 5315, 7851, 1419, 1881, 16977, 5542, 5287, 13343, 12195, 15111, 36751, 8765, 26939, 2306, 16566, 19214, 13015, 34307], DCP=2, Hkv=4
================================================================================
Config: world_size=8, methods=['dcp_mega_varlen'], QH=32, KVH=4, D=128, TP=8, DCP=2, workload=chunk, execution=eager, baseline_phase_timing=False, warmup=10, iters=30, check=False
Workload: B=19, q_tokens=304, history_tokens=245489, q_seqlens=[16, 16, 16, 16, 16, 16, 16, 16, 16, 16, 16, 16, 16, 16, 16, 16, 16, 16, 16], history_seqlens=[2705, 5315, 7851, 1419, 1881, 16977, 5542, 5287, 13343, 12195, 15111, 36751, 8765, 26939, 2306, 16566, 19214, 13015, 34307]
Agg TFLOPS uses useful attention work across all TP ranks and p50(max_across_ranks); Avg/GPU divides it by world_size.
KV GB/s/GPU is average logical BF16 K+V bytes read per TP rank divided by p50(max_across_ranks); it is not hardware-counter HBM traffic.

Running B=19, q_tokens=304, history_tokens=245489, causal=True

B=19, q_tokens=304, history_tokens=245489, QH=32, KVH=4, D=128, TP=8, DCP=2, mode=causal
Method                   Time ms                                                                                                                                     Agg TFLOPS    Avg/GPU  KV GB/s/GPU      Check  Note
dcp_mega_varlen          t0=0.085, t1=0.082, t2=0.085, t3=0.086, t4=0.084, t5=0.084, t6=0.084, t7=0.084 | p50(max_across_ranks)=0.087, p90(max_across_ranks)=0.091        740.8       92.6        724.7       skip  eager; output=bf16_ipc_a2a; runner_preallocated; timing=mega_kernel_only
Wrote benchmark JSON to benchmark_logs/bench_dcp/20260807-210441/results/arrival_2/dcp_2/mega/comm_sm_4/case_000018_dcp2_hkv4_eager.json

================================================================================
Mega comm_sm=4, case 20/20: case_000019_dcp2_hkv4: B=19, Sq=[16, 16, 16, 16, 16, 16, 16, 16, 16, 16, 16, 16, 16, 16, 16, 16, 16, 16, 3752], Sk=[36208, 1460, 36619, 5682, 46842, 4802, 3193, 10089, 34142, 18520, 15726, 962, 1203, 4004, 1589, 2318, 1453, 2665, 512], DCP=2, Hkv=4
================================================================================
Config: world_size=8, methods=['dcp_mega_varlen'], QH=32, KVH=4, D=128, TP=8, DCP=2, workload=chunk, execution=eager, baseline_phase_timing=False, warmup=10, iters=30, check=False
Workload: B=19, q_tokens=4040, history_tokens=227989, q_seqlens=[16, 16, 16, 16, 16, 16, 16, 16, 16, 16, 16, 16, 16, 16, 16, 16, 16, 16, 3752], history_seqlens=[36208, 1460, 36619, 5682, 46842, 4802, 3193, 10089, 34142, 18520, 15726, 962, 1203, 4004, 1589, 2318, 1453, 2665, 512]
Agg TFLOPS uses useful attention work across all TP ranks and p50(max_across_ranks); Avg/GPU divides it by world_size.
KV GB/s/GPU is average logical BF16 K+V bytes read per TP rank divided by p50(max_across_ranks); it is not hardware-counter HBM traffic.

Running B=19, q_tokens=4040, history_tokens=227989, causal=True

B=19, q_tokens=4040, history_tokens=227989, QH=32, KVH=4, D=128, TP=8, DCP=2, mode=causal
Method                   Time ms                                                                                                                                     Agg TFLOPS    Avg/GPU  KV GB/s/GPU      Check  Note
dcp_mega_varlen          t0=0.308, t1=0.305, t2=0.306, t3=0.307, t4=0.305, t5=0.306, t6=0.307, t7=0.304 | p50(max_across_ranks)=0.309, p90(max_across_ranks)=0.310        669.1       83.6        195.8       skip  eager; output=bf16_ipc_a2a; runner_preallocated; timing=mega_kernel_only
Wrote benchmark JSON to benchmark_logs/bench_dcp/20260807-210441/results/arrival_2/dcp_2/mega/comm_sm_4/case_000019_dcp2_hkv4_eager.json

Mega comm_sm=4 summary

Mega DCP batch summary
Case                   DCP Method                       p50 ms     p90 ms   Agg TFLOPS
case_000000_dcp2_hkv4    2 dcp_mega_varlen               0.132      0.139        954.1
case_000001_dcp2_hkv4    2 dcp_mega_varlen               0.078      0.081        517.5
case_000002_dcp2_hkv4    2 dcp_mega_varlen               0.072      0.075        474.8
case_000003_dcp2_hkv4    2 dcp_mega_varlen               0.100      0.104        869.2
case_000004_dcp2_hkv4    2 dcp_mega_varlen               0.301      0.304        245.0
case_000005_dcp2_hkv4    2 dcp_mega_varlen               0.080      0.086        613.9
case_000006_dcp2_hkv4    2 dcp_mega_varlen               0.088      0.090        566.1
case_000007_dcp2_hkv4    2 dcp_mega_varlen               0.084      0.086        544.0
case_000008_dcp2_hkv4    2 dcp_mega_varlen               0.095      0.103        761.2
case_000009_dcp2_hkv4    2 dcp_mega_varlen               0.102      0.105        347.9
case_000010_dcp2_hkv4    2 dcp_mega_varlen               0.465      0.468        491.2
case_000011_dcp2_hkv4    2 dcp_mega_varlen               0.483      0.486       4570.5
case_000012_dcp2_hkv4    2 dcp_mega_varlen               0.445      0.450        289.5
case_000013_dcp2_hkv4    2 dcp_mega_varlen               0.085      0.086        489.8
case_000014_dcp2_hkv4    2 dcp_mega_varlen               0.064      0.067        315.8
case_000015_dcp2_hkv4    2 dcp_mega_varlen               0.085      0.086        574.9
case_000016_dcp2_hkv4    2 dcp_mega_varlen               0.085      0.087        570.8
case_000017_dcp2_hkv4    2 dcp_mega_varlen               0.097      0.100        783.2
case_000018_dcp2_hkv4    2 dcp_mega_varlen               0.087      0.091        740.8
case_000019_dcp2_hkv4    2 dcp_mega_varlen               0.309      0.310        669.1

Mega DCP workload-weighted summary
Topology        DCP Method                     Cases    Mean ms  Mean TFLOPS     Weighted  Weighted/GPU
dcp2_hkv4         2 dcp_mega_varlen               20      0.167        769.5       1104.6         138.1

================================================================================
Mega comm_sm=8, case 1/20: case_000000_dcp2_hkv4: B=21, Sq=[16, 16, 16, 16, 16, 16, 16, 16, 16, 16, 16, 16, 16, 16, 16, 16, 16, 16, 16, 16, 16], Sk=[1632, 67623, 67923, 10094, 15378, 15442, 6072, 16706, 12172, 2921, 9202, 27716, 4339, 18772, 3849, 95389, 26606, 30838, 17141, 29142, 896], DCP=2, Hkv=4
================================================================================
Config: world_size=8, methods=['dcp_mega_varlen'], QH=32, KVH=4, D=128, TP=8, DCP=2, workload=chunk, execution=eager, baseline_phase_timing=False, warmup=10, iters=30, check=False
Workload: B=21, q_tokens=336, history_tokens=479853, q_seqlens=[16, 16, 16, 16, 16, 16, 16, 16, 16, 16, 16, 16, 16, 16, 16, 16, 16, 16, 16, 16, 16], history_seqlens=[1632, 67623, 67923, 10094, 15378, 15442, 6072, 16706, 12172, 2921, 9202, 27716, 4339, 18772, 3849, 95389, 26606, 30838, 17141, 29142, 896]
Agg TFLOPS uses useful attention work across all TP ranks and p50(max_across_ranks); Avg/GPU divides it by world_size.
KV GB/s/GPU is average logical BF16 K+V bytes read per TP rank divided by p50(max_across_ranks); it is not hardware-counter HBM traffic.

Running B=21, q_tokens=336, history_tokens=479853, causal=True

B=21, q_tokens=336, history_tokens=479853, QH=32, KVH=4, D=128, TP=8, DCP=2, mode=causal
Method                   Time ms                                                                                                                                     Agg TFLOPS    Avg/GPU  KV GB/s/GPU      Check  Note
dcp_mega_varlen          t0=0.116, t1=0.113, t2=0.115, t3=0.113, t4=0.112, t5=0.112, t6=0.114, t7=0.113 | p50(max_across_ranks)=0.116, p90(max_across_ranks)=0.119       1080.3      135.0       1056.1       skip  eager; output=bf16_ipc_a2a; runner_preallocated; timing=mega_kernel_only
Wrote benchmark JSON to benchmark_logs/bench_dcp/20260807-210441/results/arrival_2/dcp_2/mega/comm_sm_8/case_000000_dcp2_hkv4_eager.json

================================================================================
Mega comm_sm=8, case 2/20: case_000001_dcp2_hkv4: B=19, Sq=[16, 16, 16, 16, 16, 16, 16, 16, 16, 16, 16, 16, 16, 16, 16, 16, 16, 16, 16], Sk=[3162, 18346, 19002, 9725, 11319, 6185, 4703, 5040, 22675, 1529, 8908, 5483, 6468, 10854, 2184, 3785, 3003, 7368, 3817], DCP=2, Hkv=4
================================================================================
Config: world_size=8, methods=['dcp_mega_varlen'], QH=32, KVH=4, D=128, TP=8, DCP=2, workload=chunk, execution=eager, baseline_phase_timing=False, warmup=10, iters=30, check=False
Workload: B=19, q_tokens=304, history_tokens=153556, q_seqlens=[16, 16, 16, 16, 16, 16, 16, 16, 16, 16, 16, 16, 16, 16, 16, 16, 16, 16, 16], history_seqlens=[3162, 18346, 19002, 9725, 11319, 6185, 4703, 5040, 22675, 1529, 8908, 5483, 6468, 10854, 2184, 3785, 3003, 7368, 3817]
Agg TFLOPS uses useful attention work across all TP ranks and p50(max_across_ranks); Avg/GPU divides it by world_size.
KV GB/s/GPU is average logical BF16 K+V bytes read per TP rank divided by p50(max_across_ranks); it is not hardware-counter HBM traffic.

Running B=19, q_tokens=304, history_tokens=153556, causal=True

B=19, q_tokens=304, history_tokens=153556, QH=32, KVH=4, D=128, TP=8, DCP=2, mode=causal
Method                   Time ms                                                                                                                                     Agg TFLOPS    Avg/GPU  KV GB/s/GPU      Check  Note
dcp_mega_varlen          t0=0.078, t1=0.074, t2=0.075, t3=0.076, t4=0.076, t5=0.075, t6=0.075, t7=0.076 | p50(max_across_ranks)=0.078, p90(max_across_ranks)=0.079        516.4       64.6        505.8       skip  eager; output=bf16_ipc_a2a; runner_preallocated; timing=mega_kernel_only
Wrote benchmark JSON to benchmark_logs/bench_dcp/20260807-210441/results/arrival_2/dcp_2/mega/comm_sm_8/case_000001_dcp2_hkv4_eager.json

================================================================================
Mega comm_sm=8, case 3/20: case_000002_dcp2_hkv4: B=15, Sq=[16, 16, 16, 16, 16, 16, 16, 16, 16, 16, 16, 16, 16, 16, 16], Sk=[4478, 11843, 11990, 4846, 6561, 4546, 12401, 4208, 13833, 5902, 21268, 21669, 2446, 3009, 1518], DCP=2, Hkv=4
================================================================================
Config: world_size=8, methods=['dcp_mega_varlen'], QH=32, KVH=4, D=128, TP=8, DCP=2, workload=chunk, execution=eager, baseline_phase_timing=False, warmup=10, iters=30, check=False
Workload: B=15, q_tokens=240, history_tokens=130518, q_seqlens=[16, 16, 16, 16, 16, 16, 16, 16, 16, 16, 16, 16, 16, 16, 16], history_seqlens=[4478, 11843, 11990, 4846, 6561, 4546, 12401, 4208, 13833, 5902, 21268, 21669, 2446, 3009, 1518]
Agg TFLOPS uses useful attention work across all TP ranks and p50(max_across_ranks); Avg/GPU divides it by world_size.
KV GB/s/GPU is average logical BF16 K+V bytes read per TP rank divided by p50(max_across_ranks); it is not hardware-counter HBM traffic.

Running B=15, q_tokens=240, history_tokens=130518, causal=True

B=15, q_tokens=240, history_tokens=130518, QH=32, KVH=4, D=128, TP=8, DCP=2, mode=causal
Method                   Time ms                                                                                                                                     Agg TFLOPS    Avg/GPU  KV GB/s/GPU      Check  Note
dcp_mega_varlen          t0=0.072, t1=0.071, t2=0.070, t3=0.074, t4=0.070, t5=0.073, t6=0.070, t7=0.073 | p50(max_across_ranks)=0.074, p90(max_across_ranks)=0.076        461.5       57.7        451.9       skip  eager; output=bf16_ipc_a2a; runner_preallocated; timing=mega_kernel_only
Wrote benchmark JSON to benchmark_logs/bench_dcp/20260807-210441/results/arrival_2/dcp_2/mega/comm_sm_8/case_000002_dcp2_hkv4_eager.json

================================================================================
Mega comm_sm=8, case 4/20: case_000003_dcp2_hkv4: B=22, Sq=[16, 16, 16, 16, 16, 16, 16, 16, 16, 16, 16, 16, 16, 16, 16, 16, 16, 16, 16, 16, 16, 16], Sk=[22161, 11155, 3543, 18180, 8001, 2807, 21779, 15291, 34249, 5372, 28852, 6680, 1772, 54729, 4284, 4451, 4231, 30508, 29548, 5255, 13572, 3748], DCP=2, Hkv=4
================================================================================
Config: world_size=8, methods=['dcp_mega_varlen'], QH=32, KVH=4, D=128, TP=8, DCP=2, workload=chunk, execution=eager, baseline_phase_timing=False, warmup=10, iters=30, check=False
Workload: B=22, q_tokens=352, history_tokens=330168, q_seqlens=[16, 16, 16, 16, 16, 16, 16, 16, 16, 16, 16, 16, 16, 16, 16, 16, 16, 16, 16, 16, 16, 16], history_seqlens=[22161, 11155, 3543, 18180, 8001, 2807, 21779, 15291, 34249, 5372, 28852, 6680, 1772, 54729, 4284, 4451, 4231, 30508, 29548, 5255, 13572, 3748]
Agg TFLOPS uses useful attention work across all TP ranks and p50(max_across_ranks); Avg/GPU divides it by world_size.
KV GB/s/GPU is average logical BF16 K+V bytes read per TP rank divided by p50(max_across_ranks); it is not hardware-counter HBM traffic.

Running B=22, q_tokens=352, history_tokens=330168, causal=True

B=22, q_tokens=352, history_tokens=330168, QH=32, KVH=4, D=128, TP=8, DCP=2, mode=causal
Method                   Time ms                                                                                                                                     Agg TFLOPS    Avg/GPU  KV GB/s/GPU      Check  Note
dcp_mega_varlen          t0=0.101, t1=0.097, t2=0.099, t3=0.097, t4=0.097, t5=0.098, t6=0.095, t7=0.097 | p50(max_across_ranks)=0.102, p90(max_across_ranks)=0.103        850.8      106.3        832.1       skip  eager; output=bf16_ipc_a2a; runner_preallocated; timing=mega_kernel_only
Wrote benchmark JSON to benchmark_logs/bench_dcp/20260807-210441/results/arrival_2/dcp_2/mega/comm_sm_8/case_000003_dcp2_hkv4_eager.json

================================================================================
Mega comm_sm=8, case 5/20: case_000004_dcp2_hkv4: B=23, Sq=[16, 16, 16, 16, 16, 16, 16, 16, 16, 16, 16, 16, 16, 16, 16, 16, 16, 16, 16, 16, 16, 16, 1016], Sk=[7475, 4379, 5821, 1393, 7068, 3619, 6381, 1296, 13713, 5937, 1083, 4749, 5459, 6566, 9712, 2564, 1023, 1377, 14096, 7049, 94755, 10887, 512], DCP=2, Hkv=4
================================================================================
Config: world_size=8, methods=['dcp_mega_varlen'], QH=32, KVH=4, D=128, TP=8, DCP=2, workload=chunk, execution=eager, baseline_phase_timing=False, warmup=10, iters=30, check=False
Workload: B=23, q_tokens=1368, history_tokens=216914, q_seqlens=[16, 16, 16, 16, 16, 16, 16, 16, 16, 16, 16, 16, 16, 16, 16, 16, 16, 16, 16, 16, 16, 16, 1016], history_seqlens=[7475, 4379, 5821, 1393, 7068, 3619, 6381, 1296, 13713, 5937, 1083, 4749, 5459, 6566, 9712, 2564, 1023, 1377, 14096, 7049, 94755, 10887, 512]
Agg TFLOPS uses useful attention work across all TP ranks and p50(max_across_ranks); Avg/GPU divides it by world_size.
KV GB/s/GPU is average logical BF16 K+V bytes read per TP rank divided by p50(max_across_ranks); it is not hardware-counter HBM traffic.

Running B=23, q_tokens=1368, history_tokens=216914, causal=True

B=23, q_tokens=1368, history_tokens=216914, QH=32, KVH=4, D=128, TP=8, DCP=2, mode=causal
Method                   Time ms                                                                                                                                     Agg TFLOPS    Avg/GPU  KV GB/s/GPU      Check  Note
dcp_mega_varlen          t0=0.300, t1=0.296, t2=0.299, t3=0.300, t4=0.298, t5=0.297, t6=0.298, t7=0.296 | p50(max_across_ranks)=0.301, p90(max_across_ranks)=0.303        245.5       30.7        187.1       skip  eager; output=bf16_ipc_a2a; runner_preallocated; timing=mega_kernel_only
Wrote benchmark JSON to benchmark_logs/bench_dcp/20260807-210441/results/arrival_2/dcp_2/mega/comm_sm_8/case_000004_dcp2_hkv4_eager.json

================================================================================
Mega comm_sm=8, case 6/20: case_000005_dcp2_hkv4: B=14, Sq=[16, 16, 16, 16, 16, 16, 16, 16, 16, 16, 16, 16, 16, 16], Sk=[20404, 33937, 5939, 1357, 12258, 13304, 19438, 5124, 1507, 9965, 31665, 11574, 6476, 14496], DCP=2, Hkv=4
================================================================================
Config: world_size=8, methods=['dcp_mega_varlen'], QH=32, KVH=4, D=128, TP=8, DCP=2, workload=chunk, execution=eager, baseline_phase_timing=False, warmup=10, iters=30, check=False
Workload: B=14, q_tokens=224, history_tokens=187444, q_seqlens=[16, 16, 16, 16, 16, 16, 16, 16, 16, 16, 16, 16, 16, 16], history_seqlens=[20404, 33937, 5939, 1357, 12258, 13304, 19438, 5124, 1507, 9965, 31665, 11574, 6476, 14496]
Agg TFLOPS uses useful attention work across all TP ranks and p50(max_across_ranks); Avg/GPU divides it by world_size.
KV GB/s/GPU is average logical BF16 K+V bytes read per TP rank divided by p50(max_across_ranks); it is not hardware-counter HBM traffic.

Running B=14, q_tokens=224, history_tokens=187444, causal=True

B=14, q_tokens=224, history_tokens=187444, QH=32, KVH=4, D=128, TP=8, DCP=2, mode=causal
Method                   Time ms                                                                                                                                     Agg TFLOPS    Avg/GPU  KV GB/s/GPU      Check  Note
dcp_mega_varlen          t0=0.083, t1=0.077, t2=0.080, t3=0.078, t4=0.079, t5=0.078, t6=0.079, t7=0.079 | p50(max_across_ranks)=0.083, p90(max_across_ranks)=0.375        590.3       73.8        577.5       skip  eager; output=bf16_ipc_a2a; runner_preallocated; timing=mega_kernel_only
Wrote benchmark JSON to benchmark_logs/bench_dcp/20260807-210441/results/arrival_2/dcp_2/mega/comm_sm_8/case_000005_dcp2_hkv4_eager.json

================================================================================
Mega comm_sm=8, case 7/20: case_000006_dcp2_hkv4: B=21, Sq=[16, 16, 16, 16, 16, 16, 16, 16, 16, 16, 16, 16, 16, 16, 16, 16, 16, 16, 16, 16, 16], Sk=[34309, 29659, 12125, 1208, 7820, 6643, 3135, 4092, 15824, 3530, 2428, 3753, 6002, 2259, 2359, 17620, 25772, 934, 2608, 5878, 1339], DCP=2, Hkv=4
================================================================================
Config: world_size=8, methods=['dcp_mega_varlen'], QH=32, KVH=4, D=128, TP=8, DCP=2, workload=chunk, execution=eager, baseline_phase_timing=False, warmup=10, iters=30, check=False
Workload: B=21, q_tokens=336, history_tokens=189297, q_seqlens=[16, 16, 16, 16, 16, 16, 16, 16, 16, 16, 16, 16, 16, 16, 16, 16, 16, 16, 16, 16, 16], history_seqlens=[34309, 29659, 12125, 1208, 7820, 6643, 3135, 4092, 15824, 3530, 2428, 3753, 6002, 2259, 2359, 17620, 25772, 934, 2608, 5878, 1339]
Agg TFLOPS uses useful attention work across all TP ranks and p50(max_across_ranks); Avg/GPU divides it by world_size.
KV GB/s/GPU is average logical BF16 K+V bytes read per TP rank divided by p50(max_across_ranks); it is not hardware-counter HBM traffic.

Running B=21, q_tokens=336, history_tokens=189297, causal=True

B=21, q_tokens=336, history_tokens=189297, QH=32, KVH=4, D=128, TP=8, DCP=2, mode=causal
Method                   Time ms                                                                                                                                     Agg TFLOPS    Avg/GPU  KV GB/s/GPU      Check  Note
dcp_mega_varlen          t0=0.088, t1=0.083, t2=0.085, t3=0.086, t4=0.086, t5=0.085, t6=0.086, t7=0.086 | p50(max_across_ranks)=0.088, p90(max_across_ranks)=0.089        563.2       70.4        551.4       skip  eager; output=bf16_ipc_a2a; runner_preallocated; timing=mega_kernel_only
Wrote benchmark JSON to benchmark_logs/bench_dcp/20260807-210441/results/arrival_2/dcp_2/mega/comm_sm_8/case_000006_dcp2_hkv4_eager.json

================================================================================
Mega comm_sm=8, case 8/20: case_000007_dcp2_hkv4: B=16, Sq=[16, 16, 16, 16, 16, 16, 16, 16, 16, 16, 16, 16, 16, 16, 16, 16], Sk=[21007, 3944, 12402, 1331, 20233, 22126, 6262, 3451, 4906, 1476, 27142, 5334, 4798, 27594, 1279, 11238], DCP=2, Hkv=4
================================================================================
Config: world_size=8, methods=['dcp_mega_varlen'], QH=32, KVH=4, D=128, TP=8, DCP=2, workload=chunk, execution=eager, baseline_phase_timing=False, warmup=10, iters=30, check=False
Workload: B=16, q_tokens=256, history_tokens=174523, q_seqlens=[16, 16, 16, 16, 16, 16, 16, 16, 16, 16, 16, 16, 16, 16, 16, 16], history_seqlens=[21007, 3944, 12402, 1331, 20233, 22126, 6262, 3451, 4906, 1476, 27142, 5334, 4798, 27594, 1279, 11238]
Agg TFLOPS uses useful attention work across all TP ranks and p50(max_across_ranks); Avg/GPU divides it by world_size.
KV GB/s/GPU is average logical BF16 K+V bytes read per TP rank divided by p50(max_across_ranks); it is not hardware-counter HBM traffic.

Running B=16, q_tokens=256, history_tokens=174523, causal=True

B=16, q_tokens=256, history_tokens=174523, QH=32, KVH=4, D=128, TP=8, DCP=2, mode=causal
Method                   Time ms                                                                                                                                     Agg TFLOPS    Avg/GPU  KV GB/s/GPU      Check  Note
dcp_mega_varlen          t0=0.084, t1=0.082, t2=0.083, t3=0.083, t4=0.083, t5=0.083, t6=0.081, t7=0.083 | p50(max_across_ranks)=0.085, p90(max_across_ranks)=0.087        537.0       67.1        525.5       skip  eager; output=bf16_ipc_a2a; runner_preallocated; timing=mega_kernel_only
Wrote benchmark JSON to benchmark_logs/bench_dcp/20260807-210441/results/arrival_2/dcp_2/mega/comm_sm_8/case_000007_dcp2_hkv4_eager.json

================================================================================
Mega comm_sm=8, case 9/20: case_000008_dcp2_hkv4: B=18, Sq=[16, 16, 16, 16, 16, 16, 16, 16, 16, 16, 16, 16, 16, 16, 16, 16, 16, 16], Sk=[11983, 93505, 21112, 22792, 7843, 4557, 1212, 4656, 3852, 30764, 2087, 19890, 4010, 8500, 15708, 12245, 9228, 1939], DCP=2, Hkv=4
================================================================================
Config: world_size=8, methods=['dcp_mega_varlen'], QH=32, KVH=4, D=128, TP=8, DCP=2, workload=chunk, execution=eager, baseline_phase_timing=False, warmup=10, iters=30, check=False
Workload: B=18, q_tokens=288, history_tokens=275883, q_seqlens=[16, 16, 16, 16, 16, 16, 16, 16, 16, 16, 16, 16, 16, 16, 16, 16, 16, 16], history_seqlens=[11983, 93505, 21112, 22792, 7843, 4557, 1212, 4656, 3852, 30764, 2087, 19890, 4010, 8500, 15708, 12245, 9228, 1939]
Agg TFLOPS uses useful attention work across all TP ranks and p50(max_across_ranks); Avg/GPU divides it by world_size.
KV GB/s/GPU is average logical BF16 K+V bytes read per TP rank divided by p50(max_across_ranks); it is not hardware-counter HBM traffic.

Running B=18, q_tokens=288, history_tokens=275883, causal=True

B=18, q_tokens=288, history_tokens=275883, QH=32, KVH=4, D=128, TP=8, DCP=2, mode=causal
Method                   Time ms                                                                                                                                     Agg TFLOPS    Avg/GPU  KV GB/s/GPU      Check  Note
dcp_mega_varlen          t0=0.096, t1=0.090, t2=0.094, t3=0.094, t4=0.093, t5=0.091, t6=0.091, t7=0.092 | p50(max_across_ranks)=0.096, p90(max_across_ranks)=0.102        755.5       94.4        738.9       skip  eager; output=bf16_ipc_a2a; runner_preallocated; timing=mega_kernel_only
Wrote benchmark JSON to benchmark_logs/bench_dcp/20260807-210441/results/arrival_2/dcp_2/mega/comm_sm_8/case_000008_dcp2_hkv4_eager.json

================================================================================
Mega comm_sm=8, case 10/20: case_000009_dcp2_hkv4: B=20, Sq=[16, 16, 16, 16, 16, 16, 16, 16, 16, 16, 16, 16, 16, 16, 16, 16, 16, 16, 16, 16], Sk=[2946, 16616, 1396, 9354, 9330, 1201, 9555, 14080, 14153, 4517, 4907, 15282, 1553, 1448, 13375, 1877, 939, 6300, 2496, 3441], DCP=2, Hkv=4
================================================================================
Config: world_size=8, methods=['dcp_mega_varlen'], QH=32, KVH=4, D=128, TP=8, DCP=2, workload=chunk, execution=eager, baseline_phase_timing=False, warmup=10, iters=30, check=False
Workload: B=20, q_tokens=320, history_tokens=134766, q_seqlens=[16, 16, 16, 16, 16, 16, 16, 16, 16, 16, 16, 16, 16, 16, 16, 16, 16, 16, 16, 16], history_seqlens=[2946, 16616, 1396, 9354, 9330, 1201, 9555, 14080, 14153, 4517, 4907, 15282, 1553, 1448, 13375, 1877, 939, 6300, 2496, 3441]
Agg TFLOPS uses useful attention work across all TP ranks and p50(max_across_ranks); Avg/GPU divides it by world_size.
KV GB/s/GPU is average logical BF16 K+V bytes read per TP rank divided by p50(max_across_ranks); it is not hardware-counter HBM traffic.

Running B=20, q_tokens=320, history_tokens=134766, causal=True

B=20, q_tokens=320, history_tokens=134766, QH=32, KVH=4, D=128, TP=8, DCP=2, mode=causal
Method                   Time ms                                                                                                                                     Agg TFLOPS    Avg/GPU  KV GB/s/GPU      Check  Note
dcp_mega_varlen          t0=0.080, t1=0.076, t2=0.077, t3=0.077, t4=0.077, t5=0.077, t6=0.076, t7=0.077 | p50(max_across_ranks)=0.080, p90(max_across_ranks)=0.081        444.0       55.5        435.1       skip  eager; output=bf16_ipc_a2a; runner_preallocated; timing=mega_kernel_only
Wrote benchmark JSON to benchmark_logs/bench_dcp/20260807-210441/results/arrival_2/dcp_2/mega/comm_sm_8/case_000009_dcp2_hkv4_eager.json

================================================================================
Mega comm_sm=8, case 11/20: case_000010_dcp2_hkv4: B=21, Sq=[16, 16, 16, 16, 16, 16, 16, 16, 16, 16, 16, 16, 16, 16, 16, 16, 16, 16, 16, 16, 4096], Sk=[4977, 1455, 2900, 16303, 20718, 1152, 2179, 3843, 1180, 1993, 75078, 1727, 17737, 5767, 993, 2142, 17615, 27589, 5111, 5787, 512], DCP=2, Hkv=4
================================================================================
Config: world_size=8, methods=['dcp_mega_varlen'], QH=32, KVH=4, D=128, TP=8, DCP=2, workload=chunk, execution=eager, baseline_phase_timing=False, warmup=10, iters=30, check=False
Workload: B=21, q_tokens=4416, history_tokens=216758, q_seqlens=[16, 16, 16, 16, 16, 16, 16, 16, 16, 16, 16, 16, 16, 16, 16, 16, 16, 16, 16, 16, 4096], history_seqlens=[4977, 1455, 2900, 16303, 20718, 1152, 2179, 3843, 1180, 1993, 75078, 1727, 17737, 5767, 993, 2142, 17615, 27589, 5111, 5787, 512]
Agg TFLOPS uses useful attention work across all TP ranks and p50(max_across_ranks); Avg/GPU divides it by world_size.
KV GB/s/GPU is average logical BF16 K+V bytes read per TP rank divided by p50(max_across_ranks); it is not hardware-counter HBM traffic.

Running B=21, q_tokens=4416, history_tokens=216758, causal=True

B=21, q_tokens=4416, history_tokens=216758, QH=32, KVH=4, D=128, TP=8, DCP=2, mode=causal
Method                   Time ms                                                                                                                                     Agg TFLOPS    Avg/GPU  KV GB/s/GPU      Check  Note
dcp_mega_varlen          t0=0.464, t1=0.460, t2=0.464, t3=0.463, t4=0.461, t5=0.461, t6=0.462, t7=0.457 | p50(max_across_ranks)=0.466, p90(max_across_ranks)=0.470        490.8       61.3        124.0       skip  eager; output=bf16_ipc_a2a; runner_preallocated; timing=mega_kernel_only
Wrote benchmark JSON to benchmark_logs/bench_dcp/20260807-210441/results/arrival_2/dcp_2/mega/comm_sm_8/case_000010_dcp2_hkv4_eager.json

================================================================================
Mega comm_sm=8, case 12/20: case_000011_dcp2_hkv4: B=20, Sq=[16, 16, 16, 16, 16, 16, 16, 16, 16, 16, 16, 16, 16, 16, 16, 16, 16, 16, 16, 3736], Sk=[4802, 2113, 2441, 2124, 7691, 5319, 16723, 20304, 12255, 59151, 2687, 18576, 17795, 1817, 1563, 2914, 5997, 13930, 18846, 33280], DCP=2, Hkv=4
================================================================================
Config: world_size=8, methods=['dcp_mega_varlen'], QH=32, KVH=4, D=128, TP=8, DCP=2, workload=chunk, execution=eager, baseline_phase_timing=False, warmup=10, iters=30, check=False
Workload: B=20, q_tokens=4040, history_tokens=250328, q_seqlens=[16, 16, 16, 16, 16, 16, 16, 16, 16, 16, 16, 16, 16, 16, 16, 16, 16, 16, 16, 3736], history_seqlens=[4802, 2113, 2441, 2124, 7691, 5319, 16723, 20304, 12255, 59151, 2687, 18576, 17795, 1817, 1563, 2914, 5997, 13930, 18846, 33280]
Agg TFLOPS uses useful attention work across all TP ranks and p50(max_across_ranks); Avg/GPU divides it by world_size.
KV GB/s/GPU is average logical BF16 K+V bytes read per TP rank divided by p50(max_across_ranks); it is not hardware-counter HBM traffic.

Running B=20, q_tokens=4040, history_tokens=250328, causal=True

B=20, q_tokens=4040, history_tokens=250328, QH=32, KVH=4, D=128, TP=8, DCP=2, mode=causal
Method                   Time ms                                                                                                                                     Agg TFLOPS    Avg/GPU  KV GB/s/GPU      Check  Note
dcp_mega_varlen          t0=0.479, t1=0.470, t2=0.477, t3=0.476, t4=0.472, t5=0.478, t6=0.479, t7=0.470 | p50(max_across_ranks)=0.481, p90(max_across_ranks)=0.488       4595.0      574.4        137.6       skip  eager; output=bf16_ipc_a2a; runner_preallocated; timing=mega_kernel_only
Wrote benchmark JSON to benchmark_logs/bench_dcp/20260807-210441/results/arrival_2/dcp_2/mega/comm_sm_8/case_000011_dcp2_hkv4_eager.json

================================================================================
Mega comm_sm=8, case 13/20: case_000012_dcp2_hkv4: B=20, Sq=[16, 16, 16, 16, 16, 16, 16, 16, 16, 16, 16, 16, 16, 16, 16, 16, 16, 16, 16, 2144], Sk=[47702, 14486, 3564, 4355, 9751, 16378, 6108, 13123, 9132, 11678, 1214, 4597, 8230, 19172, 16637, 74389, 13654, 2917, 2065, 512], DCP=2, Hkv=4
================================================================================
Config: world_size=8, methods=['dcp_mega_varlen'], QH=32, KVH=4, D=128, TP=8, DCP=2, workload=chunk, execution=eager, baseline_phase_timing=False, warmup=10, iters=30, check=False
Workload: B=20, q_tokens=2448, history_tokens=279664, q_seqlens=[16, 16, 16, 16, 16, 16, 16, 16, 16, 16, 16, 16, 16, 16, 16, 16, 16, 16, 16, 2144], history_seqlens=[47702, 14486, 3564, 4355, 9751, 16378, 6108, 13123, 9132, 11678, 1214, 4597, 8230, 19172, 16637, 74389, 13654, 2917, 2065, 512]
Agg TFLOPS uses useful attention work across all TP ranks and p50(max_across_ranks); Avg/GPU divides it by world_size.
KV GB/s/GPU is average logical BF16 K+V bytes read per TP rank divided by p50(max_across_ranks); it is not hardware-counter HBM traffic.

Running B=20, q_tokens=2448, history_tokens=279664, causal=True

B=20, q_tokens=2448, history_tokens=279664, QH=32, KVH=4, D=128, TP=8, DCP=2, mode=causal
Method                   Time ms                                                                                                                                     Agg TFLOPS    Avg/GPU  KV GB/s/GPU      Check  Note
dcp_mega_varlen          t0=0.448, t1=0.445, t2=0.444, t3=0.447, t4=0.444, t5=0.444, t6=0.446, t7=0.442 | p50(max_across_ranks)=0.449, p90(max_across_ranks)=0.454        287.0       35.9        162.2       skip  eager; output=bf16_ipc_a2a; runner_preallocated; timing=mega_kernel_only
Wrote benchmark JSON to benchmark_logs/bench_dcp/20260807-210441/results/arrival_2/dcp_2/mega/comm_sm_8/case_000012_dcp2_hkv4_eager.json

================================================================================
Mega comm_sm=8, case 14/20: case_000013_dcp2_hkv4: B=23, Sq=[16, 16, 16, 16, 16, 16, 16, 16, 16, 16, 16, 16, 16, 16, 16, 16, 16, 16, 16, 16, 16, 16, 16], Sk=[8247, 4726, 14451, 12996, 1932, 13236, 2111, 7260, 4651, 25270, 1156, 6276, 6422, 1641, 6594, 1091, 1200, 20314, 8453, 5271, 1266, 3028, 1179], DCP=2, Hkv=4
================================================================================
Config: world_size=8, methods=['dcp_mega_varlen'], QH=32, KVH=4, D=128, TP=8, DCP=2, workload=chunk, execution=eager, baseline_phase_timing=False, warmup=10, iters=30, check=False
Workload: B=23, q_tokens=368, history_tokens=158771, q_seqlens=[16, 16, 16, 16, 16, 16, 16, 16, 16, 16, 16, 16, 16, 16, 16, 16, 16, 16, 16, 16, 16, 16, 16], history_seqlens=[8247, 4726, 14451, 12996, 1932, 13236, 2111, 7260, 4651, 25270, 1156, 6276, 6422, 1641, 6594, 1091, 1200, 20314, 8453, 5271, 1266, 3028, 1179]
Agg TFLOPS uses useful attention work across all TP ranks and p50(max_across_ranks); Avg/GPU divides it by world_size.
KV GB/s/GPU is average logical BF16 K+V bytes read per TP rank divided by p50(max_across_ranks); it is not hardware-counter HBM traffic.

Running B=23, q_tokens=368, history_tokens=158771, causal=True

B=23, q_tokens=368, history_tokens=158771, QH=32, KVH=4, D=128, TP=8, DCP=2, mode=causal
Method                   Time ms                                                                                                                                     Agg TFLOPS    Avg/GPU  KV GB/s/GPU      Check  Note
dcp_mega_varlen          t0=0.084, t1=0.080, t2=0.082, t3=0.083, t4=0.083, t5=0.082, t6=0.082, t7=0.082 | p50(max_across_ranks)=0.084, p90(max_across_ranks)=0.086        493.8       61.7        483.9       skip  eager; output=bf16_ipc_a2a; runner_preallocated; timing=mega_kernel_only
Wrote benchmark JSON to benchmark_logs/bench_dcp/20260807-210441/results/arrival_2/dcp_2/mega/comm_sm_8/case_000013_dcp2_hkv4_eager.json

================================================================================
Mega comm_sm=8, case 15/20: case_000014_dcp2_hkv4: B=12, Sq=[16, 16, 16, 16, 16, 16, 16, 16, 16, 16, 16, 16], Sk=[16815, 17519, 11221, 1558, 2207, 4954, 9477, 2165, 2938, 1563, 4326, 2185], DCP=2, Hkv=4
================================================================================
Config: world_size=8, methods=['dcp_mega_varlen'], QH=32, KVH=4, D=128, TP=8, DCP=2, workload=chunk, execution=eager, baseline_phase_timing=False, warmup=10, iters=30, check=False
Workload: B=12, q_tokens=192, history_tokens=76928, q_seqlens=[16, 16, 16, 16, 16, 16, 16, 16, 16, 16, 16, 16], history_seqlens=[16815, 17519, 11221, 1558, 2207, 4954, 9477, 2165, 2938, 1563, 4326, 2185]
Agg TFLOPS uses useful attention work across all TP ranks and p50(max_across_ranks); Avg/GPU divides it by world_size.
KV GB/s/GPU is average logical BF16 K+V bytes read per TP rank divided by p50(max_across_ranks); it is not hardware-counter HBM traffic.

Running B=12, q_tokens=192, history_tokens=76928, causal=True

B=12, q_tokens=192, history_tokens=76928, QH=32, KVH=4, D=128, TP=8, DCP=2, mode=causal
Method                   Time ms                                                                                                                                     Agg TFLOPS    Avg/GPU  KV GB/s/GPU      Check  Note
dcp_mega_varlen          t0=0.064, t1=0.060, t2=0.062, t3=0.062, t4=0.062, t5=0.062, t6=0.062, t7=0.061 | p50(max_across_ranks)=0.064, p90(max_across_ranks)=0.065        316.4       39.5        310.1       skip  eager; output=bf16_ipc_a2a; runner_preallocated; timing=mega_kernel_only
Wrote benchmark JSON to benchmark_logs/bench_dcp/20260807-210441/results/arrival_2/dcp_2/mega/comm_sm_8/case_000014_dcp2_hkv4_eager.json

================================================================================
Mega comm_sm=8, case 16/20: case_000015_dcp2_hkv4: B=15, Sq=[16, 16, 16, 16, 16, 16, 16, 16, 16, 16, 16, 16, 16, 16, 16], Sk=[51464, 5917, 1758, 3203, 1502, 1208, 55262, 3530, 16144, 1020, 4782, 26990, 987, 3667, 7881], DCP=2, Hkv=4
================================================================================
Config: world_size=8, methods=['dcp_mega_varlen'], QH=32, KVH=4, D=128, TP=8, DCP=2, workload=chunk, execution=eager, baseline_phase_timing=False, warmup=10, iters=30, check=False
Workload: B=15, q_tokens=240, history_tokens=185315, q_seqlens=[16, 16, 16, 16, 16, 16, 16, 16, 16, 16, 16, 16, 16, 16, 16], history_seqlens=[51464, 5917, 1758, 3203, 1502, 1208, 55262, 3530, 16144, 1020, 4782, 26990, 987, 3667, 7881]
Agg TFLOPS uses useful attention work across all TP ranks and p50(max_across_ranks); Avg/GPU divides it by world_size.
KV GB/s/GPU is average logical BF16 K+V bytes read per TP rank divided by p50(max_across_ranks); it is not hardware-counter HBM traffic.

Running B=15, q_tokens=240, history_tokens=185315, causal=True

B=15, q_tokens=240, history_tokens=185315, QH=32, KVH=4, D=128, TP=8, DCP=2, mode=causal
Method                   Time ms                                                                                                                                     Agg TFLOPS    Avg/GPU  KV GB/s/GPU      Check  Note
dcp_mega_varlen          t0=0.085, t1=0.080, t2=0.084, t3=0.081, t4=0.083, t5=0.080, t6=0.082, t7=0.082 | p50(max_across_ranks)=0.086, p90(max_across_ranks)=0.089        564.8       70.6        552.7       skip  eager; output=bf16_ipc_a2a; runner_preallocated; timing=mega_kernel_only
Wrote benchmark JSON to benchmark_logs/bench_dcp/20260807-210441/results/arrival_2/dcp_2/mega/comm_sm_8/case_000015_dcp2_hkv4_eager.json

================================================================================
Mega comm_sm=8, case 17/20: case_000016_dcp2_hkv4: B=17, Sq=[16, 16, 16, 16, 16, 16, 16, 16, 16, 16, 16, 16, 16, 16, 16, 16, 16], Sk=[2016, 6697, 4869, 3640, 6010, 1140, 9523, 7156, 6503, 12406, 23255, 41773, 29925, 952, 14828, 957, 12693], DCP=2, Hkv=4
================================================================================
Config: world_size=8, methods=['dcp_mega_varlen'], QH=32, KVH=4, D=128, TP=8, DCP=2, workload=chunk, execution=eager, baseline_phase_timing=False, warmup=10, iters=30, check=False
Workload: B=17, q_tokens=272, history_tokens=184343, q_seqlens=[16, 16, 16, 16, 16, 16, 16, 16, 16, 16, 16, 16, 16, 16, 16, 16, 16], history_seqlens=[2016, 6697, 4869, 3640, 6010, 1140, 9523, 7156, 6503, 12406, 23255, 41773, 29925, 952, 14828, 957, 12693]
Agg TFLOPS uses useful attention work across all TP ranks and p50(max_across_ranks); Avg/GPU divides it by world_size.
KV GB/s/GPU is average logical BF16 K+V bytes read per TP rank divided by p50(max_across_ranks); it is not hardware-counter HBM traffic.

Running B=17, q_tokens=272, history_tokens=184343, causal=True

B=17, q_tokens=272, history_tokens=184343, QH=32, KVH=4, D=128, TP=8, DCP=2, mode=causal
Method                   Time ms                                                                                                                                     Agg TFLOPS    Avg/GPU  KV GB/s/GPU      Check  Note
dcp_mega_varlen          t0=0.083, t1=0.079, t2=0.082, t3=0.082, t4=0.081, t5=0.082, t6=0.082, t7=0.083 | p50(max_across_ranks)=0.084, p90(max_across_ranks)=0.087        575.5       71.9        563.3       skip  eager; output=bf16_ipc_a2a; runner_preallocated; timing=mega_kernel_only
Wrote benchmark JSON to benchmark_logs/bench_dcp/20260807-210441/results/arrival_2/dcp_2/mega/comm_sm_8/case_000016_dcp2_hkv4_eager.json

================================================================================
Mega comm_sm=8, case 18/20: case_000017_dcp2_hkv4: B=13, Sq=[16, 16, 16, 16, 16, 16, 16, 16, 16, 16, 16, 16, 16], Sk=[75316, 14264, 2774, 25123, 95646, 6857, 7119, 1008, 20490, 7235, 4617, 13126, 15486], DCP=2, Hkv=4
================================================================================
Config: world_size=8, methods=['dcp_mega_varlen'], QH=32, KVH=4, D=128, TP=8, DCP=2, workload=chunk, execution=eager, baseline_phase_timing=False, warmup=10, iters=30, check=False
Workload: B=13, q_tokens=208, history_tokens=289061, q_seqlens=[16, 16, 16, 16, 16, 16, 16, 16, 16, 16, 16, 16, 16], history_seqlens=[75316, 14264, 2774, 25123, 95646, 6857, 7119, 1008, 20490, 7235, 4617, 13126, 15486]
Agg TFLOPS uses useful attention work across all TP ranks and p50(max_across_ranks); Avg/GPU divides it by world_size.
KV GB/s/GPU is average logical BF16 K+V bytes read per TP rank divided by p50(max_across_ranks); it is not hardware-counter HBM traffic.

Running B=13, q_tokens=208, history_tokens=289061, causal=True

B=13, q_tokens=208, history_tokens=289061, QH=32, KVH=4, D=128, TP=8, DCP=2, mode=causal
Method                   Time ms                                                                                                                                     Agg TFLOPS    Avg/GPU  KV GB/s/GPU      Check  Note
dcp_mega_varlen          t0=0.097, t1=0.093, t2=0.095, t3=0.096, t4=0.094, t5=0.094, t6=0.094, t7=0.094 | p50(max_across_ranks)=0.097, p90(max_across_ranks)=0.099        780.3       97.5        762.8       skip  eager; output=bf16_ipc_a2a; runner_preallocated; timing=mega_kernel_only
Wrote benchmark JSON to benchmark_logs/bench_dcp/20260807-210441/results/arrival_2/dcp_2/mega/comm_sm_8/case_000017_dcp2_hkv4_eager.json

================================================================================
Mega comm_sm=8, case 19/20: case_000018_dcp2_hkv4: B=19, Sq=[16, 16, 16, 16, 16, 16, 16, 16, 16, 16, 16, 16, 16, 16, 16, 16, 16, 16, 16], Sk=[2705, 5315, 7851, 1419, 1881, 16977, 5542, 5287, 13343, 12195, 15111, 36751, 8765, 26939, 2306, 16566, 19214, 13015, 34307], DCP=2, Hkv=4
================================================================================
Config: world_size=8, methods=['dcp_mega_varlen'], QH=32, KVH=4, D=128, TP=8, DCP=2, workload=chunk, execution=eager, baseline_phase_timing=False, warmup=10, iters=30, check=False
Workload: B=19, q_tokens=304, history_tokens=245489, q_seqlens=[16, 16, 16, 16, 16, 16, 16, 16, 16, 16, 16, 16, 16, 16, 16, 16, 16, 16, 16], history_seqlens=[2705, 5315, 7851, 1419, 1881, 16977, 5542, 5287, 13343, 12195, 15111, 36751, 8765, 26939, 2306, 16566, 19214, 13015, 34307]
Agg TFLOPS uses useful attention work across all TP ranks and p50(max_across_ranks); Avg/GPU divides it by world_size.
KV GB/s/GPU is average logical BF16 K+V bytes read per TP rank divided by p50(max_across_ranks); it is not hardware-counter HBM traffic.

Running B=19, q_tokens=304, history_tokens=245489, causal=True

B=19, q_tokens=304, history_tokens=245489, QH=32, KVH=4, D=128, TP=8, DCP=2, mode=causal
Method                   Time ms                                                                                                                                     Agg TFLOPS    Avg/GPU  KV GB/s/GPU      Check  Note
dcp_mega_varlen          t0=0.086, t1=0.083, t2=0.085, t3=0.085, t4=0.085, t5=0.084, t6=0.083, t7=0.085 | p50(max_across_ranks)=0.088, p90(max_across_ranks)=0.091        735.9       92.0        720.0       skip  eager; output=bf16_ipc_a2a; runner_preallocated; timing=mega_kernel_only
Wrote benchmark JSON to benchmark_logs/bench_dcp/20260807-210441/results/arrival_2/dcp_2/mega/comm_sm_8/case_000018_dcp2_hkv4_eager.json

================================================================================
Mega comm_sm=8, case 20/20: case_000019_dcp2_hkv4: B=19, Sq=[16, 16, 16, 16, 16, 16, 16, 16, 16, 16, 16, 16, 16, 16, 16, 16, 16, 16, 3752], Sk=[36208, 1460, 36619, 5682, 46842, 4802, 3193, 10089, 34142, 18520, 15726, 962, 1203, 4004, 1589, 2318, 1453, 2665, 512], DCP=2, Hkv=4
================================================================================
Config: world_size=8, methods=['dcp_mega_varlen'], QH=32, KVH=4, D=128, TP=8, DCP=2, workload=chunk, execution=eager, baseline_phase_timing=False, warmup=10, iters=30, check=False
Workload: B=19, q_tokens=4040, history_tokens=227989, q_seqlens=[16, 16, 16, 16, 16, 16, 16, 16, 16, 16, 16, 16, 16, 16, 16, 16, 16, 16, 3752], history_seqlens=[36208, 1460, 36619, 5682, 46842, 4802, 3193, 10089, 34142, 18520, 15726, 962, 1203, 4004, 1589, 2318, 1453, 2665, 512]
Agg TFLOPS uses useful attention work across all TP ranks and p50(max_across_ranks); Avg/GPU divides it by world_size.
KV GB/s/GPU is average logical BF16 K+V bytes read per TP rank divided by p50(max_across_ranks); it is not hardware-counter HBM traffic.

Running B=19, q_tokens=4040, history_tokens=227989, causal=True

B=19, q_tokens=4040, history_tokens=227989, QH=32, KVH=4, D=128, TP=8, DCP=2, mode=causal
Method                   Time ms                                                                                                                                     Agg TFLOPS    Avg/GPU  KV GB/s/GPU      Check  Note
dcp_mega_varlen          t0=0.308, t1=0.303, t2=0.308, t3=0.308, t4=0.308, t5=0.306, t6=0.308, t7=0.303 | p50(max_across_ranks)=0.310, p90(max_across_ranks)=0.312        667.1       83.4        195.2       skip  eager; output=bf16_ipc_a2a; runner_preallocated; timing=mega_kernel_only
Wrote benchmark JSON to benchmark_logs/bench_dcp/20260807-210441/results/arrival_2/dcp_2/mega/comm_sm_8/case_000019_dcp2_hkv4_eager.json

Mega comm_sm=8 summary

Mega DCP batch summary
Case                   DCP Method                       p50 ms     p90 ms   Agg TFLOPS
case_000000_dcp2_hkv4    2 dcp_mega_varlen               0.116      0.119       1080.3
case_000001_dcp2_hkv4    2 dcp_mega_varlen               0.078      0.079        516.4
case_000002_dcp2_hkv4    2 dcp_mega_varlen               0.074      0.076        461.5
case_000003_dcp2_hkv4    2 dcp_mega_varlen               0.102      0.103        850.8
case_000004_dcp2_hkv4    2 dcp_mega_varlen               0.301      0.303        245.5
case_000005_dcp2_hkv4    2 dcp_mega_varlen               0.083      0.375        590.3
case_000006_dcp2_hkv4    2 dcp_mega_varlen               0.088      0.089        563.2
case_000007_dcp2_hkv4    2 dcp_mega_varlen               0.085      0.087        537.0
case_000008_dcp2_hkv4    2 dcp_mega_varlen               0.096      0.102        755.5
case_000009_dcp2_hkv4    2 dcp_mega_varlen               0.080      0.081        444.0
case_000010_dcp2_hkv4    2 dcp_mega_varlen               0.466      0.470        490.8
case_000011_dcp2_hkv4    2 dcp_mega_varlen               0.481      0.488       4595.0
case_000012_dcp2_hkv4    2 dcp_mega_varlen               0.449      0.454        287.0
case_000013_dcp2_hkv4    2 dcp_mega_varlen               0.084      0.086        493.8
case_000014_dcp2_hkv4    2 dcp_mega_varlen               0.064      0.065        316.4
case_000015_dcp2_hkv4    2 dcp_mega_varlen               0.086      0.089        564.8
case_000016_dcp2_hkv4    2 dcp_mega_varlen               0.084      0.087        575.5
case_000017_dcp2_hkv4    2 dcp_mega_varlen               0.097      0.099        780.3
case_000018_dcp2_hkv4    2 dcp_mega_varlen               0.088      0.091        735.9
case_000019_dcp2_hkv4    2 dcp_mega_varlen               0.310      0.312        667.1

Mega DCP workload-weighted summary
Topology        DCP Method                     Cases    Mean ms  Mean TFLOPS     Weighted  Weighted/GPU
dcp2_hkv4         2 dcp_mega_varlen               20      0.166        777.6       1112.8         139.1

================================================================================
Mega comm_sm=12, case 1/20: case_000000_dcp2_hkv4: B=21, Sq=[16, 16, 16, 16, 16, 16, 16, 16, 16, 16, 16, 16, 16, 16, 16, 16, 16, 16, 16, 16, 16], Sk=[1632, 67623, 67923, 10094, 15378, 15442, 6072, 16706, 12172, 2921, 9202, 27716, 4339, 18772, 3849, 95389, 26606, 30838, 17141, 29142, 896], DCP=2, Hkv=4
================================================================================
Config: world_size=8, methods=['dcp_mega_varlen'], QH=32, KVH=4, D=128, TP=8, DCP=2, workload=chunk, execution=eager, baseline_phase_timing=False, warmup=10, iters=30, check=False
Workload: B=21, q_tokens=336, history_tokens=479853, q_seqlens=[16, 16, 16, 16, 16, 16, 16, 16, 16, 16, 16, 16, 16, 16, 16, 16, 16, 16, 16, 16, 16], history_seqlens=[1632, 67623, 67923, 10094, 15378, 15442, 6072, 16706, 12172, 2921, 9202, 27716, 4339, 18772, 3849, 95389, 26606, 30838, 17141, 29142, 896]
Agg TFLOPS uses useful attention work across all TP ranks and p50(max_across_ranks); Avg/GPU divides it by world_size.
KV GB/s/GPU is average logical BF16 K+V bytes read per TP rank divided by p50(max_across_ranks); it is not hardware-counter HBM traffic.

Running B=21, q_tokens=336, history_tokens=479853, causal=True

B=21, q_tokens=336, history_tokens=479853, QH=32, KVH=4, D=128, TP=8, DCP=2, mode=causal
Method                   Time ms                                                                                                                                     Agg TFLOPS    Avg/GPU  KV GB/s/GPU      Check  Note
dcp_mega_varlen          t0=0.118, t1=0.112, t2=0.116, t3=0.115, t4=0.115, t5=0.114, t6=0.114, t7=0.115 | p50(max_across_ranks)=0.118, p90(max_across_ranks)=0.120       1067.1      133.4       1043.2       skip  eager; output=bf16_ipc_a2a; runner_preallocated; timing=mega_kernel_only
Wrote benchmark JSON to benchmark_logs/bench_dcp/20260807-210441/results/arrival_2/dcp_2/mega/comm_sm_12/case_000000_dcp2_hkv4_eager.json

================================================================================
Mega comm_sm=12, case 2/20: case_000001_dcp2_hkv4: B=19, Sq=[16, 16, 16, 16, 16, 16, 16, 16, 16, 16, 16, 16, 16, 16, 16, 16, 16, 16, 16], Sk=[3162, 18346, 19002, 9725, 11319, 6185, 4703, 5040, 22675, 1529, 8908, 5483, 6468, 10854, 2184, 3785, 3003, 7368, 3817], DCP=2, Hkv=4
================================================================================
Config: world_size=8, methods=['dcp_mega_varlen'], QH=32, KVH=4, D=128, TP=8, DCP=2, workload=chunk, execution=eager, baseline_phase_timing=False, warmup=10, iters=30, check=False
Workload: B=19, q_tokens=304, history_tokens=153556, q_seqlens=[16, 16, 16, 16, 16, 16, 16, 16, 16, 16, 16, 16, 16, 16, 16, 16, 16, 16, 16], history_seqlens=[3162, 18346, 19002, 9725, 11319, 6185, 4703, 5040, 22675, 1529, 8908, 5483, 6468, 10854, 2184, 3785, 3003, 7368, 3817]
Agg TFLOPS uses useful attention work across all TP ranks and p50(max_across_ranks); Avg/GPU divides it by world_size.
KV GB/s/GPU is average logical BF16 K+V bytes read per TP rank divided by p50(max_across_ranks); it is not hardware-counter HBM traffic.

Running B=19, q_tokens=304, history_tokens=153556, causal=True

B=19, q_tokens=304, history_tokens=153556, QH=32, KVH=4, D=128, TP=8, DCP=2, mode=causal
Method                   Time ms                                                                                                                                     Agg TFLOPS    Avg/GPU  KV GB/s/GPU      Check  Note
dcp_mega_varlen          t0=0.078, t1=0.074, t2=0.075, t3=0.076, t4=0.076, t5=0.075, t6=0.075, t7=0.075 | p50(max_across_ranks)=0.078, p90(max_across_ranks)=0.081        515.0       64.4        504.4       skip  eager; output=bf16_ipc_a2a; runner_preallocated; timing=mega_kernel_only
Wrote benchmark JSON to benchmark_logs/bench_dcp/20260807-210441/results/arrival_2/dcp_2/mega/comm_sm_12/case_000001_dcp2_hkv4_eager.json

================================================================================
Mega comm_sm=12, case 3/20: case_000002_dcp2_hkv4: B=15, Sq=[16, 16, 16, 16, 16, 16, 16, 16, 16, 16, 16, 16, 16, 16, 16], Sk=[4478, 11843, 11990, 4846, 6561, 4546, 12401, 4208, 13833, 5902, 21268, 21669, 2446, 3009, 1518], DCP=2, Hkv=4
================================================================================
Config: world_size=8, methods=['dcp_mega_varlen'], QH=32, KVH=4, D=128, TP=8, DCP=2, workload=chunk, execution=eager, baseline_phase_timing=False, warmup=10, iters=30, check=False
Workload: B=15, q_tokens=240, history_tokens=130518, q_seqlens=[16, 16, 16, 16, 16, 16, 16, 16, 16, 16, 16, 16, 16, 16, 16], history_seqlens=[4478, 11843, 11990, 4846, 6561, 4546, 12401, 4208, 13833, 5902, 21268, 21669, 2446, 3009, 1518]
Agg TFLOPS uses useful attention work across all TP ranks and p50(max_across_ranks); Avg/GPU divides it by world_size.
KV GB/s/GPU is average logical BF16 K+V bytes read per TP rank divided by p50(max_across_ranks); it is not hardware-counter HBM traffic.

Running B=15, q_tokens=240, history_tokens=130518, causal=True

B=15, q_tokens=240, history_tokens=130518, QH=32, KVH=4, D=128, TP=8, DCP=2, mode=causal
Method                   Time ms                                                                                                                                     Agg TFLOPS    Avg/GPU  KV GB/s/GPU      Check  Note
dcp_mega_varlen          t0=0.075, t1=0.071, t2=0.073, t3=0.074, t4=0.073, t5=0.072, t6=0.072, t7=0.072 | p50(max_across_ranks)=0.075, p90(max_across_ranks)=0.076        458.4       57.3        448.8       skip  eager; output=bf16_ipc_a2a; runner_preallocated; timing=mega_kernel_only
Wrote benchmark JSON to benchmark_logs/bench_dcp/20260807-210441/results/arrival_2/dcp_2/mega/comm_sm_12/case_000002_dcp2_hkv4_eager.json

================================================================================
Mega comm_sm=12, case 4/20: case_000003_dcp2_hkv4: B=22, Sq=[16, 16, 16, 16, 16, 16, 16, 16, 16, 16, 16, 16, 16, 16, 16, 16, 16, 16, 16, 16, 16, 16], Sk=[22161, 11155, 3543, 18180, 8001, 2807, 21779, 15291, 34249, 5372, 28852, 6680, 1772, 54729, 4284, 4451, 4231, 30508, 29548, 5255, 13572, 3748], DCP=2, Hkv=4
================================================================================
Config: world_size=8, methods=['dcp_mega_varlen'], QH=32, KVH=4, D=128, TP=8, DCP=2, workload=chunk, execution=eager, baseline_phase_timing=False, warmup=10, iters=30, check=False
Workload: B=22, q_tokens=352, history_tokens=330168, q_seqlens=[16, 16, 16, 16, 16, 16, 16, 16, 16, 16, 16, 16, 16, 16, 16, 16, 16, 16, 16, 16, 16, 16], history_seqlens=[22161, 11155, 3543, 18180, 8001, 2807, 21779, 15291, 34249, 5372, 28852, 6680, 1772, 54729, 4284, 4451, 4231, 30508, 29548, 5255, 13572, 3748]
Agg TFLOPS uses useful attention work across all TP ranks and p50(max_across_ranks); Avg/GPU divides it by world_size.
KV GB/s/GPU is average logical BF16 K+V bytes read per TP rank divided by p50(max_across_ranks); it is not hardware-counter HBM traffic.

Running B=22, q_tokens=352, history_tokens=330168, causal=True

B=22, q_tokens=352, history_tokens=330168, QH=32, KVH=4, D=128, TP=8, DCP=2, mode=causal
Method                   Time ms                                                                                                                                     Agg TFLOPS    Avg/GPU  KV GB/s/GPU      Check  Note
dcp_mega_varlen          t0=0.100, t1=0.097, t2=0.097, t3=0.099, t4=0.098, t5=0.097, t6=0.097, t7=0.098 | p50(max_across_ranks)=0.100, p90(max_across_ranks)=0.103        864.6      108.1        845.7       skip  eager; output=bf16_ipc_a2a; runner_preallocated; timing=mega_kernel_only
Wrote benchmark JSON to benchmark_logs/bench_dcp/20260807-210441/results/arrival_2/dcp_2/mega/comm_sm_12/case_000003_dcp2_hkv4_eager.json

================================================================================
Mega comm_sm=12, case 5/20: case_000004_dcp2_hkv4: B=23, Sq=[16, 16, 16, 16, 16, 16, 16, 16, 16, 16, 16, 16, 16, 16, 16, 16, 16, 16, 16, 16, 16, 16, 1016], Sk=[7475, 4379, 5821, 1393, 7068, 3619, 6381, 1296, 13713, 5937, 1083, 4749, 5459, 6566, 9712, 2564, 1023, 1377, 14096, 7049, 94755, 10887, 512], DCP=2, Hkv=4
================================================================================
Config: world_size=8, methods=['dcp_mega_varlen'], QH=32, KVH=4, D=128, TP=8, DCP=2, workload=chunk, execution=eager, baseline_phase_timing=False, warmup=10, iters=30, check=False
Workload: B=23, q_tokens=1368, history_tokens=216914, q_seqlens=[16, 16, 16, 16, 16, 16, 16, 16, 16, 16, 16, 16, 16, 16, 16, 16, 16, 16, 16, 16, 16, 16, 1016], history_seqlens=[7475, 4379, 5821, 1393, 7068, 3619, 6381, 1296, 13713, 5937, 1083, 4749, 5459, 6566, 9712, 2564, 1023, 1377, 14096, 7049, 94755, 10887, 512]
Agg TFLOPS uses useful attention work across all TP ranks and p50(max_across_ranks); Avg/GPU divides it by world_size.
KV GB/s/GPU is average logical BF16 K+V bytes read per TP rank divided by p50(max_across_ranks); it is not hardware-counter HBM traffic.

Running B=23, q_tokens=1368, history_tokens=216914, causal=True

B=23, q_tokens=1368, history_tokens=216914, QH=32, KVH=4, D=128, TP=8, DCP=2, mode=causal
Method                   Time ms                                                                                                                                     Agg TFLOPS    Avg/GPU  KV GB/s/GPU      Check  Note
dcp_mega_varlen          t0=0.300, t1=0.295, t2=0.298, t3=0.300, t4=0.298, t5=0.296, t6=0.301, t7=0.293 | p50(max_across_ranks)=0.301, p90(max_across_ranks)=0.307        244.9       30.6        186.7       skip  eager; output=bf16_ipc_a2a; runner_preallocated; timing=mega_kernel_only
Wrote benchmark JSON to benchmark_logs/bench_dcp/20260807-210441/results/arrival_2/dcp_2/mega/comm_sm_12/case_000004_dcp2_hkv4_eager.json

================================================================================
Mega comm_sm=12, case 6/20: case_000005_dcp2_hkv4: B=14, Sq=[16, 16, 16, 16, 16, 16, 16, 16, 16, 16, 16, 16, 16, 16], Sk=[20404, 33937, 5939, 1357, 12258, 13304, 19438, 5124, 1507, 9965, 31665, 11574, 6476, 14496], DCP=2, Hkv=4
================================================================================
Config: world_size=8, methods=['dcp_mega_varlen'], QH=32, KVH=4, D=128, TP=8, DCP=2, workload=chunk, execution=eager, baseline_phase_timing=False, warmup=10, iters=30, check=False
Workload: B=14, q_tokens=224, history_tokens=187444, q_seqlens=[16, 16, 16, 16, 16, 16, 16, 16, 16, 16, 16, 16, 16, 16], history_seqlens=[20404, 33937, 5939, 1357, 12258, 13304, 19438, 5124, 1507, 9965, 31665, 11574, 6476, 14496]
Agg TFLOPS uses useful attention work across all TP ranks and p50(max_across_ranks); Avg/GPU divides it by world_size.
KV GB/s/GPU is average logical BF16 K+V bytes read per TP rank divided by p50(max_across_ranks); it is not hardware-counter HBM traffic.

Running B=14, q_tokens=224, history_tokens=187444, causal=True

B=14, q_tokens=224, history_tokens=187444, QH=32, KVH=4, D=128, TP=8, DCP=2, mode=causal
Method                   Time ms                                                                                                                                     Agg TFLOPS    Avg/GPU  KV GB/s/GPU      Check  Note
dcp_mega_varlen          t0=0.081, t1=0.077, t2=0.079, t3=0.079, t4=0.080, t5=0.079, t6=0.077, t7=0.079 | p50(max_across_ranks)=0.082, p90(max_across_ranks)=0.083        601.7       75.2        588.7       skip  eager; output=bf16_ipc_a2a; runner_preallocated; timing=mega_kernel_only
Wrote benchmark JSON to benchmark_logs/bench_dcp/20260807-210441/results/arrival_2/dcp_2/mega/comm_sm_12/case_000005_dcp2_hkv4_eager.json

================================================================================
Mega comm_sm=12, case 7/20: case_000006_dcp2_hkv4: B=21, Sq=[16, 16, 16, 16, 16, 16, 16, 16, 16, 16, 16, 16, 16, 16, 16, 16, 16, 16, 16, 16, 16], Sk=[34309, 29659, 12125, 1208, 7820, 6643, 3135, 4092, 15824, 3530, 2428, 3753, 6002, 2259, 2359, 17620, 25772, 934, 2608, 5878, 1339], DCP=2, Hkv=4
================================================================================
Config: world_size=8, methods=['dcp_mega_varlen'], QH=32, KVH=4, D=128, TP=8, DCP=2, workload=chunk, execution=eager, baseline_phase_timing=False, warmup=10, iters=30, check=False
Workload: B=21, q_tokens=336, history_tokens=189297, q_seqlens=[16, 16, 16, 16, 16, 16, 16, 16, 16, 16, 16, 16, 16, 16, 16, 16, 16, 16, 16, 16, 16], history_seqlens=[34309, 29659, 12125, 1208, 7820, 6643, 3135, 4092, 15824, 3530, 2428, 3753, 6002, 2259, 2359, 17620, 25772, 934, 2608, 5878, 1339]
Agg TFLOPS uses useful attention work across all TP ranks and p50(max_across_ranks); Avg/GPU divides it by world_size.
KV GB/s/GPU is average logical BF16 K+V bytes read per TP rank divided by p50(max_across_ranks); it is not hardware-counter HBM traffic.

Running B=21, q_tokens=336, history_tokens=189297, causal=True

B=21, q_tokens=336, history_tokens=189297, QH=32, KVH=4, D=128, TP=8, DCP=2, mode=causal
Method                   Time ms                                                                                                                                     Agg TFLOPS    Avg/GPU  KV GB/s/GPU      Check  Note
dcp_mega_varlen          t0=0.088, t1=0.083, t2=0.086, t3=0.086, t4=0.086, t5=0.086, t6=0.086, t7=0.085 | p50(max_across_ranks)=0.088, p90(max_across_ranks)=0.090        562.0       70.2        550.2       skip  eager; output=bf16_ipc_a2a; runner_preallocated; timing=mega_kernel_only
Wrote benchmark JSON to benchmark_logs/bench_dcp/20260807-210441/results/arrival_2/dcp_2/mega/comm_sm_12/case_000006_dcp2_hkv4_eager.json

================================================================================
Mega comm_sm=12, case 8/20: case_000007_dcp2_hkv4: B=16, Sq=[16, 16, 16, 16, 16, 16, 16, 16, 16, 16, 16, 16, 16, 16, 16, 16], Sk=[21007, 3944, 12402, 1331, 20233, 22126, 6262, 3451, 4906, 1476, 27142, 5334, 4798, 27594, 1279, 11238], DCP=2, Hkv=4
================================================================================
Config: world_size=8, methods=['dcp_mega_varlen'], QH=32, KVH=4, D=128, TP=8, DCP=2, workload=chunk, execution=eager, baseline_phase_timing=False, warmup=10, iters=30, check=False
Workload: B=16, q_tokens=256, history_tokens=174523, q_seqlens=[16, 16, 16, 16, 16, 16, 16, 16, 16, 16, 16, 16, 16, 16, 16, 16], history_seqlens=[21007, 3944, 12402, 1331, 20233, 22126, 6262, 3451, 4906, 1476, 27142, 5334, 4798, 27594, 1279, 11238]
Agg TFLOPS uses useful attention work across all TP ranks and p50(max_across_ranks); Avg/GPU divides it by world_size.
KV GB/s/GPU is average logical BF16 K+V bytes read per TP rank divided by p50(max_across_ranks); it is not hardware-counter HBM traffic.

Running B=16, q_tokens=256, history_tokens=174523, causal=True

B=16, q_tokens=256, history_tokens=174523, QH=32, KVH=4, D=128, TP=8, DCP=2, mode=causal
Method                   Time ms                                                                                                                                     Agg TFLOPS    Avg/GPU  KV GB/s/GPU      Check  Note
dcp_mega_varlen          t0=0.086, t1=0.082, t2=0.083, t3=0.086, t4=0.083, t5=0.083, t6=0.083, t7=0.082 | p50(max_across_ranks)=0.086, p90(max_across_ranks)=0.088        531.7       66.5        520.4       skip  eager; output=bf16_ipc_a2a; runner_preallocated; timing=mega_kernel_only
Wrote benchmark JSON to benchmark_logs/bench_dcp/20260807-210441/results/arrival_2/dcp_2/mega/comm_sm_12/case_000007_dcp2_hkv4_eager.json

================================================================================
Mega comm_sm=12, case 9/20: case_000008_dcp2_hkv4: B=18, Sq=[16, 16, 16, 16, 16, 16, 16, 16, 16, 16, 16, 16, 16, 16, 16, 16, 16, 16], Sk=[11983, 93505, 21112, 22792, 7843, 4557, 1212, 4656, 3852, 30764, 2087, 19890, 4010, 8500, 15708, 12245, 9228, 1939], DCP=2, Hkv=4
================================================================================
Config: world_size=8, methods=['dcp_mega_varlen'], QH=32, KVH=4, D=128, TP=8, DCP=2, workload=chunk, execution=eager, baseline_phase_timing=False, warmup=10, iters=30, check=False
Workload: B=18, q_tokens=288, history_tokens=275883, q_seqlens=[16, 16, 16, 16, 16, 16, 16, 16, 16, 16, 16, 16, 16, 16, 16, 16, 16, 16], history_seqlens=[11983, 93505, 21112, 22792, 7843, 4557, 1212, 4656, 3852, 30764, 2087, 19890, 4010, 8500, 15708, 12245, 9228, 1939]
Agg TFLOPS uses useful attention work across all TP ranks and p50(max_across_ranks); Avg/GPU divides it by world_size.
KV GB/s/GPU is average logical BF16 K+V bytes read per TP rank divided by p50(max_across_ranks); it is not hardware-counter HBM traffic.

Running B=18, q_tokens=288, history_tokens=275883, causal=True

B=18, q_tokens=288, history_tokens=275883, QH=32, KVH=4, D=128, TP=8, DCP=2, mode=causal
Method                   Time ms                                                                                                                                     Agg TFLOPS    Avg/GPU  KV GB/s/GPU      Check  Note
dcp_mega_varlen          t0=0.095, t1=0.091, t2=0.093, t3=0.093, t4=0.093, t5=0.092, t6=0.092, t7=0.093 | p50(max_across_ranks)=0.095, p90(max_across_ranks)=0.097        760.7       95.1        744.0       skip  eager; output=bf16_ipc_a2a; runner_preallocated; timing=mega_kernel_only
Wrote benchmark JSON to benchmark_logs/bench_dcp/20260807-210441/results/arrival_2/dcp_2/mega/comm_sm_12/case_000008_dcp2_hkv4_eager.json

================================================================================
Mega comm_sm=12, case 10/20: case_000009_dcp2_hkv4: B=20, Sq=[16, 16, 16, 16, 16, 16, 16, 16, 16, 16, 16, 16, 16, 16, 16, 16, 16, 16, 16, 16], Sk=[2946, 16616, 1396, 9354, 9330, 1201, 9555, 14080, 14153, 4517, 4907, 15282, 1553, 1448, 13375, 1877, 939, 6300, 2496, 3441], DCP=2, Hkv=4
================================================================================
Config: world_size=8, methods=['dcp_mega_varlen'], QH=32, KVH=4, D=128, TP=8, DCP=2, workload=chunk, execution=eager, baseline_phase_timing=False, warmup=10, iters=30, check=False
Workload: B=20, q_tokens=320, history_tokens=134766, q_seqlens=[16, 16, 16, 16, 16, 16, 16, 16, 16, 16, 16, 16, 16, 16, 16, 16, 16, 16, 16, 16], history_seqlens=[2946, 16616, 1396, 9354, 9330, 1201, 9555, 14080, 14153, 4517, 4907, 15282, 1553, 1448, 13375, 1877, 939, 6300, 2496, 3441]
Agg TFLOPS uses useful attention work across all TP ranks and p50(max_across_ranks); Avg/GPU divides it by world_size.
KV GB/s/GPU is average logical BF16 K+V bytes read per TP rank divided by p50(max_across_ranks); it is not hardware-counter HBM traffic.

Running B=20, q_tokens=320, history_tokens=134766, causal=True

B=20, q_tokens=320, history_tokens=134766, QH=32, KVH=4, D=128, TP=8, DCP=2, mode=causal
Method                   Time ms                                                                                                                                     Agg TFLOPS    Avg/GPU  KV GB/s/GPU      Check  Note
dcp_mega_varlen          t0=0.080, t1=0.076, t2=0.077, t3=0.078, t4=0.078, t5=0.077, t6=0.079, t7=0.077 | p50(max_across_ranks)=0.081, p90(max_across_ranks)=0.083        438.6       54.8        429.9       skip  eager; output=bf16_ipc_a2a; runner_preallocated; timing=mega_kernel_only
Wrote benchmark JSON to benchmark_logs/bench_dcp/20260807-210441/results/arrival_2/dcp_2/mega/comm_sm_12/case_000009_dcp2_hkv4_eager.json

================================================================================
Mega comm_sm=12, case 11/20: case_000010_dcp2_hkv4: B=21, Sq=[16, 16, 16, 16, 16, 16, 16, 16, 16, 16, 16, 16, 16, 16, 16, 16, 16, 16, 16, 16, 4096], Sk=[4977, 1455, 2900, 16303, 20718, 1152, 2179, 3843, 1180, 1993, 75078, 1727, 17737, 5767, 993, 2142, 17615, 27589, 5111, 5787, 512], DCP=2, Hkv=4
================================================================================
Config: world_size=8, methods=['dcp_mega_varlen'], QH=32, KVH=4, D=128, TP=8, DCP=2, workload=chunk, execution=eager, baseline_phase_timing=False, warmup=10, iters=30, check=False
Workload: B=21, q_tokens=4416, history_tokens=216758, q_seqlens=[16, 16, 16, 16, 16, 16, 16, 16, 16, 16, 16, 16, 16, 16, 16, 16, 16, 16, 16, 16, 4096], history_seqlens=[4977, 1455, 2900, 16303, 20718, 1152, 2179, 3843, 1180, 1993, 75078, 1727, 17737, 5767, 993, 2142, 17615, 27589, 5111, 5787, 512]
Agg TFLOPS uses useful attention work across all TP ranks and p50(max_across_ranks); Avg/GPU divides it by world_size.
KV GB/s/GPU is average logical BF16 K+V bytes read per TP rank divided by p50(max_across_ranks); it is not hardware-counter HBM traffic.

Running B=21, q_tokens=4416, history_tokens=216758, causal=True

B=21, q_tokens=4416, history_tokens=216758, QH=32, KVH=4, D=128, TP=8, DCP=2, mode=causal
Method                   Time ms                                                                                                                                     Agg TFLOPS    Avg/GPU  KV GB/s/GPU      Check  Note
dcp_mega_varlen          t0=0.466, t1=0.460, t2=0.464, t3=0.467, t4=0.462, t5=0.462, t6=0.467, t7=0.459 | p50(max_across_ranks)=0.468, p90(max_across_ranks)=0.476        488.4       61.1        123.4       skip  eager; output=bf16_ipc_a2a; runner_preallocated; timing=mega_kernel_only
Wrote benchmark JSON to benchmark_logs/bench_dcp/20260807-210441/results/arrival_2/dcp_2/mega/comm_sm_12/case_000010_dcp2_hkv4_eager.json

================================================================================
Mega comm_sm=12, case 12/20: case_000011_dcp2_hkv4: B=20, Sq=[16, 16, 16, 16, 16, 16, 16, 16, 16, 16, 16, 16, 16, 16, 16, 16, 16, 16, 16, 3736], Sk=[4802, 2113, 2441, 2124, 7691, 5319, 16723, 20304, 12255, 59151, 2687, 18576, 17795, 1817, 1563, 2914, 5997, 13930, 18846, 33280], DCP=2, Hkv=4
================================================================================
Config: world_size=8, methods=['dcp_mega_varlen'], QH=32, KVH=4, D=128, TP=8, DCP=2, workload=chunk, execution=eager, baseline_phase_timing=False, warmup=10, iters=30, check=False
Workload: B=20, q_tokens=4040, history_tokens=250328, q_seqlens=[16, 16, 16, 16, 16, 16, 16, 16, 16, 16, 16, 16, 16, 16, 16, 16, 16, 16, 16, 3736], history_seqlens=[4802, 2113, 2441, 2124, 7691, 5319, 16723, 20304, 12255, 59151, 2687, 18576, 17795, 1817, 1563, 2914, 5997, 13930, 18846, 33280]
Agg TFLOPS uses useful attention work across all TP ranks and p50(max_across_ranks); Avg/GPU divides it by world_size.
KV GB/s/GPU is average logical BF16 K+V bytes read per TP rank divided by p50(max_across_ranks); it is not hardware-counter HBM traffic.

Running B=20, q_tokens=4040, history_tokens=250328, causal=True

B=20, q_tokens=4040, history_tokens=250328, QH=32, KVH=4, D=128, TP=8, DCP=2, mode=causal
Method                   Time ms                                                                                                                                     Agg TFLOPS    Avg/GPU  KV GB/s/GPU      Check  Note
dcp_mega_varlen          t0=0.519, t1=0.516, t2=0.520, t3=0.518, t4=0.514, t5=0.515, t6=0.519, t7=0.515 | p50(max_across_ranks)=0.521, p90(max_across_ranks)=0.534       4240.5      530.1        127.0       skip  eager; output=bf16_ipc_a2a; runner_preallocated; timing=mega_kernel_only
Wrote benchmark JSON to benchmark_logs/bench_dcp/20260807-210441/results/arrival_2/dcp_2/mega/comm_sm_12/case_000011_dcp2_hkv4_eager.json

================================================================================
Mega comm_sm=12, case 13/20: case_000012_dcp2_hkv4: B=20, Sq=[16, 16, 16, 16, 16, 16, 16, 16, 16, 16, 16, 16, 16, 16, 16, 16, 16, 16, 16, 2144], Sk=[47702, 14486, 3564, 4355, 9751, 16378, 6108, 13123, 9132, 11678, 1214, 4597, 8230, 19172, 16637, 74389, 13654, 2917, 2065, 512], DCP=2, Hkv=4
================================================================================
Config: world_size=8, methods=['dcp_mega_varlen'], QH=32, KVH=4, D=128, TP=8, DCP=2, workload=chunk, execution=eager, baseline_phase_timing=False, warmup=10, iters=30, check=False
Workload: B=20, q_tokens=2448, history_tokens=279664, q_seqlens=[16, 16, 16, 16, 16, 16, 16, 16, 16, 16, 16, 16, 16, 16, 16, 16, 16, 16, 16, 2144], history_seqlens=[47702, 14486, 3564, 4355, 9751, 16378, 6108, 13123, 9132, 11678, 1214, 4597, 8230, 19172, 16637, 74389, 13654, 2917, 2065, 512]
Agg TFLOPS uses useful attention work across all TP ranks and p50(max_across_ranks); Avg/GPU divides it by world_size.
KV GB/s/GPU is average logical BF16 K+V bytes read per TP rank divided by p50(max_across_ranks); it is not hardware-counter HBM traffic.

Running B=20, q_tokens=2448, history_tokens=279664, causal=True

B=20, q_tokens=2448, history_tokens=279664, QH=32, KVH=4, D=128, TP=8, DCP=2, mode=causal
Method                   Time ms                                                                                                                                     Agg TFLOPS    Avg/GPU  KV GB/s/GPU      Check  Note
dcp_mega_varlen          t0=0.447, t1=0.445, t2=0.447, t3=0.445, t4=0.446, t5=0.443, t6=0.448, t7=0.444 | p50(max_across_ranks)=0.449, p90(max_across_ranks)=0.451        287.1       35.9        162.3       skip  eager; output=bf16_ipc_a2a; runner_preallocated; timing=mega_kernel_only
Wrote benchmark JSON to benchmark_logs/bench_dcp/20260807-210441/results/arrival_2/dcp_2/mega/comm_sm_12/case_000012_dcp2_hkv4_eager.json

================================================================================
Mega comm_sm=12, case 14/20: case_000013_dcp2_hkv4: B=23, Sq=[16, 16, 16, 16, 16, 16, 16, 16, 16, 16, 16, 16, 16, 16, 16, 16, 16, 16, 16, 16, 16, 16, 16], Sk=[8247, 4726, 14451, 12996, 1932, 13236, 2111, 7260, 4651, 25270, 1156, 6276, 6422, 1641, 6594, 1091, 1200, 20314, 8453, 5271, 1266, 3028, 1179], DCP=2, Hkv=4
================================================================================
Config: world_size=8, methods=['dcp_mega_varlen'], QH=32, KVH=4, D=128, TP=8, DCP=2, workload=chunk, execution=eager, baseline_phase_timing=False, warmup=10, iters=30, check=False
Workload: B=23, q_tokens=368, history_tokens=158771, q_seqlens=[16, 16, 16, 16, 16, 16, 16, 16, 16, 16, 16, 16, 16, 16, 16, 16, 16, 16, 16, 16, 16, 16, 16], history_seqlens=[8247, 4726, 14451, 12996, 1932, 13236, 2111, 7260, 4651, 25270, 1156, 6276, 6422, 1641, 6594, 1091, 1200, 20314, 8453, 5271, 1266, 3028, 1179]
Agg TFLOPS uses useful attention work across all TP ranks and p50(max_across_ranks); Avg/GPU divides it by world_size.
KV GB/s/GPU is average logical BF16 K+V bytes read per TP rank divided by p50(max_across_ranks); it is not hardware-counter HBM traffic.

Running B=23, q_tokens=368, history_tokens=158771, causal=True

B=23, q_tokens=368, history_tokens=158771, QH=32, KVH=4, D=128, TP=8, DCP=2, mode=causal
Method                   Time ms                                                                                                                                     Agg TFLOPS    Avg/GPU  KV GB/s/GPU      Check  Note
dcp_mega_varlen          t0=0.111, t1=0.079, t2=0.082, t3=0.084, t4=0.083, t5=0.082, t6=0.110, t7=0.081 | p50(max_across_ranks)=0.112, p90(max_across_ranks)=0.114        372.7       46.6        365.2       skip  eager; output=bf16_ipc_a2a; runner_preallocated; timing=mega_kernel_only
Wrote benchmark JSON to benchmark_logs/bench_dcp/20260807-210441/results/arrival_2/dcp_2/mega/comm_sm_12/case_000013_dcp2_hkv4_eager.json

================================================================================
Mega comm_sm=12, case 15/20: case_000014_dcp2_hkv4: B=12, Sq=[16, 16, 16, 16, 16, 16, 16, 16, 16, 16, 16, 16], Sk=[16815, 17519, 11221, 1558, 2207, 4954, 9477, 2165, 2938, 1563, 4326, 2185], DCP=2, Hkv=4
================================================================================
Config: world_size=8, methods=['dcp_mega_varlen'], QH=32, KVH=4, D=128, TP=8, DCP=2, workload=chunk, execution=eager, baseline_phase_timing=False, warmup=10, iters=30, check=False
Workload: B=12, q_tokens=192, history_tokens=76928, q_seqlens=[16, 16, 16, 16, 16, 16, 16, 16, 16, 16, 16, 16], history_seqlens=[16815, 17519, 11221, 1558, 2207, 4954, 9477, 2165, 2938, 1563, 4326, 2185]
Agg TFLOPS uses useful attention work across all TP ranks and p50(max_across_ranks); Avg/GPU divides it by world_size.
KV GB/s/GPU is average logical BF16 K+V bytes read per TP rank divided by p50(max_across_ranks); it is not hardware-counter HBM traffic.

Running B=12, q_tokens=192, history_tokens=76928, causal=True

B=12, q_tokens=192, history_tokens=76928, QH=32, KVH=4, D=128, TP=8, DCP=2, mode=causal
Method                   Time ms                                                                                                                                     Agg TFLOPS    Avg/GPU  KV GB/s/GPU      Check  Note
dcp_mega_varlen          t0=0.063, t1=0.060, t2=0.062, t3=0.063, t4=0.062, t5=0.060, t6=0.064, t7=0.061 | p50(max_across_ranks)=0.064, p90(max_across_ranks)=0.067        315.4       39.4        309.1       skip  eager; output=bf16_ipc_a2a; runner_preallocated; timing=mega_kernel_only
Wrote benchmark JSON to benchmark_logs/bench_dcp/20260807-210441/results/arrival_2/dcp_2/mega/comm_sm_12/case_000014_dcp2_hkv4_eager.json

================================================================================
Mega comm_sm=12, case 16/20: case_000015_dcp2_hkv4: B=15, Sq=[16, 16, 16, 16, 16, 16, 16, 16, 16, 16, 16, 16, 16, 16, 16], Sk=[51464, 5917, 1758, 3203, 1502, 1208, 55262, 3530, 16144, 1020, 4782, 26990, 987, 3667, 7881], DCP=2, Hkv=4
================================================================================
Config: world_size=8, methods=['dcp_mega_varlen'], QH=32, KVH=4, D=128, TP=8, DCP=2, workload=chunk, execution=eager, baseline_phase_timing=False, warmup=10, iters=30, check=False
Workload: B=15, q_tokens=240, history_tokens=185315, q_seqlens=[16, 16, 16, 16, 16, 16, 16, 16, 16, 16, 16, 16, 16, 16, 16], history_seqlens=[51464, 5917, 1758, 3203, 1502, 1208, 55262, 3530, 16144, 1020, 4782, 26990, 987, 3667, 7881]
Agg TFLOPS uses useful attention work across all TP ranks and p50(max_across_ranks); Avg/GPU divides it by world_size.
KV GB/s/GPU is average logical BF16 K+V bytes read per TP rank divided by p50(max_across_ranks); it is not hardware-counter HBM traffic.

Running B=15, q_tokens=240, history_tokens=185315, causal=True

B=15, q_tokens=240, history_tokens=185315, QH=32, KVH=4, D=128, TP=8, DCP=2, mode=causal
Method                   Time ms                                                                                                                                     Agg TFLOPS    Avg/GPU  KV GB/s/GPU      Check  Note
dcp_mega_varlen          t0=0.085, t1=0.079, t2=0.082, t3=0.082, t4=0.083, t5=0.081, t6=0.084, t7=0.082 | p50(max_across_ranks)=0.086, p90(max_across_ranks)=0.089        563.7       70.5        551.5       skip  eager; output=bf16_ipc_a2a; runner_preallocated; timing=mega_kernel_only
Wrote benchmark JSON to benchmark_logs/bench_dcp/20260807-210441/results/arrival_2/dcp_2/mega/comm_sm_12/case_000015_dcp2_hkv4_eager.json

================================================================================
Mega comm_sm=12, case 17/20: case_000016_dcp2_hkv4: B=17, Sq=[16, 16, 16, 16, 16, 16, 16, 16, 16, 16, 16, 16, 16, 16, 16, 16, 16], Sk=[2016, 6697, 4869, 3640, 6010, 1140, 9523, 7156, 6503, 12406, 23255, 41773, 29925, 952, 14828, 957, 12693], DCP=2, Hkv=4
================================================================================
Config: world_size=8, methods=['dcp_mega_varlen'], QH=32, KVH=4, D=128, TP=8, DCP=2, workload=chunk, execution=eager, baseline_phase_timing=False, warmup=10, iters=30, check=False
Workload: B=17, q_tokens=272, history_tokens=184343, q_seqlens=[16, 16, 16, 16, 16, 16, 16, 16, 16, 16, 16, 16, 16, 16, 16, 16, 16], history_seqlens=[2016, 6697, 4869, 3640, 6010, 1140, 9523, 7156, 6503, 12406, 23255, 41773, 29925, 952, 14828, 957, 12693]
Agg TFLOPS uses useful attention work across all TP ranks and p50(max_across_ranks); Avg/GPU divides it by world_size.
KV GB/s/GPU is average logical BF16 K+V bytes read per TP rank divided by p50(max_across_ranks); it is not hardware-counter HBM traffic.

Running B=17, q_tokens=272, history_tokens=184343, causal=True

B=17, q_tokens=272, history_tokens=184343, QH=32, KVH=4, D=128, TP=8, DCP=2, mode=causal
Method                   Time ms                                                                                                                                     Agg TFLOPS    Avg/GPU  KV GB/s/GPU      Check  Note
dcp_mega_varlen          t0=0.087, t1=0.080, t2=0.083, t3=0.082, t4=0.081, t5=0.082, t6=0.084, t7=0.081 | p50(max_across_ranks)=0.087, p90(max_across_ranks)=0.090        553.3       69.2        541.5       skip  eager; output=bf16_ipc_a2a; runner_preallocated; timing=mega_kernel_only
Wrote benchmark JSON to benchmark_logs/bench_dcp/20260807-210441/results/arrival_2/dcp_2/mega/comm_sm_12/case_000016_dcp2_hkv4_eager.json

================================================================================
Mega comm_sm=12, case 18/20: case_000017_dcp2_hkv4: B=13, Sq=[16, 16, 16, 16, 16, 16, 16, 16, 16, 16, 16, 16, 16], Sk=[75316, 14264, 2774, 25123, 95646, 6857, 7119, 1008, 20490, 7235, 4617, 13126, 15486], DCP=2, Hkv=4
================================================================================
Config: world_size=8, methods=['dcp_mega_varlen'], QH=32, KVH=4, D=128, TP=8, DCP=2, workload=chunk, execution=eager, baseline_phase_timing=False, warmup=10, iters=30, check=False
Workload: B=13, q_tokens=208, history_tokens=289061, q_seqlens=[16, 16, 16, 16, 16, 16, 16, 16, 16, 16, 16, 16, 16], history_seqlens=[75316, 14264, 2774, 25123, 95646, 6857, 7119, 1008, 20490, 7235, 4617, 13126, 15486]
Agg TFLOPS uses useful attention work across all TP ranks and p50(max_across_ranks); Avg/GPU divides it by world_size.
KV GB/s/GPU is average logical BF16 K+V bytes read per TP rank divided by p50(max_across_ranks); it is not hardware-counter HBM traffic.

Running B=13, q_tokens=208, history_tokens=289061, causal=True

B=13, q_tokens=208, history_tokens=289061, QH=32, KVH=4, D=128, TP=8, DCP=2, mode=causal
Method                   Time ms                                                                                                                                     Agg TFLOPS    Avg/GPU  KV GB/s/GPU      Check  Note
dcp_mega_varlen          t0=0.097, t1=0.093, t2=0.096, t3=0.095, t4=0.094, t5=0.095, t6=0.096, t7=0.094 | p50(max_across_ranks)=0.097, p90(max_across_ranks)=0.098        780.3       97.5        762.8       skip  eager; output=bf16_ipc_a2a; runner_preallocated; timing=mega_kernel_only
Wrote benchmark JSON to benchmark_logs/bench_dcp/20260807-210441/results/arrival_2/dcp_2/mega/comm_sm_12/case_000017_dcp2_hkv4_eager.json

================================================================================
Mega comm_sm=12, case 19/20: case_000018_dcp2_hkv4: B=19, Sq=[16, 16, 16, 16, 16, 16, 16, 16, 16, 16, 16, 16, 16, 16, 16, 16, 16, 16, 16], Sk=[2705, 5315, 7851, 1419, 1881, 16977, 5542, 5287, 13343, 12195, 15111, 36751, 8765, 26939, 2306, 16566, 19214, 13015, 34307], DCP=2, Hkv=4
================================================================================
Config: world_size=8, methods=['dcp_mega_varlen'], QH=32, KVH=4, D=128, TP=8, DCP=2, workload=chunk, execution=eager, baseline_phase_timing=False, warmup=10, iters=30, check=False
Workload: B=19, q_tokens=304, history_tokens=245489, q_seqlens=[16, 16, 16, 16, 16, 16, 16, 16, 16, 16, 16, 16, 16, 16, 16, 16, 16, 16, 16], history_seqlens=[2705, 5315, 7851, 1419, 1881, 16977, 5542, 5287, 13343, 12195, 15111, 36751, 8765, 26939, 2306, 16566, 19214, 13015, 34307]
Agg TFLOPS uses useful attention work across all TP ranks and p50(max_across_ranks); Avg/GPU divides it by world_size.
KV GB/s/GPU is average logical BF16 K+V bytes read per TP rank divided by p50(max_across_ranks); it is not hardware-counter HBM traffic.

Running B=19, q_tokens=304, history_tokens=245489, causal=True

B=19, q_tokens=304, history_tokens=245489, QH=32, KVH=4, D=128, TP=8, DCP=2, mode=causal
Method                   Time ms                                                                                                                                     Agg TFLOPS    Avg/GPU  KV GB/s/GPU      Check  Note
dcp_mega_varlen          t0=0.086, t1=0.083, t2=0.085, t3=0.085, t4=0.084, t5=0.083, t6=0.088, t7=0.083 | p50(max_across_ranks)=0.088, p90(max_across_ranks)=0.090        731.5       91.4        715.7       skip  eager; output=bf16_ipc_a2a; runner_preallocated; timing=mega_kernel_only
Wrote benchmark JSON to benchmark_logs/bench_dcp/20260807-210441/results/arrival_2/dcp_2/mega/comm_sm_12/case_000018_dcp2_hkv4_eager.json

================================================================================
Mega comm_sm=12, case 20/20: case_000019_dcp2_hkv4: B=19, Sq=[16, 16, 16, 16, 16, 16, 16, 16, 16, 16, 16, 16, 16, 16, 16, 16, 16, 16, 3752], Sk=[36208, 1460, 36619, 5682, 46842, 4802, 3193, 10089, 34142, 18520, 15726, 962, 1203, 4004, 1589, 2318, 1453, 2665, 512], DCP=2, Hkv=4
================================================================================
Config: world_size=8, methods=['dcp_mega_varlen'], QH=32, KVH=4, D=128, TP=8, DCP=2, workload=chunk, execution=eager, baseline_phase_timing=False, warmup=10, iters=30, check=False
Workload: B=19, q_tokens=4040, history_tokens=227989, q_seqlens=[16, 16, 16, 16, 16, 16, 16, 16, 16, 16, 16, 16, 16, 16, 16, 16, 16, 16, 3752], history_seqlens=[36208, 1460, 36619, 5682, 46842, 4802, 3193, 10089, 34142, 18520, 15726, 962, 1203, 4004, 1589, 2318, 1453, 2665, 512]
Agg TFLOPS uses useful attention work across all TP ranks and p50(max_across_ranks); Avg/GPU divides it by world_size.
KV GB/s/GPU is average logical BF16 K+V bytes read per TP rank divided by p50(max_across_ranks); it is not hardware-counter HBM traffic.

Running B=19, q_tokens=4040, history_tokens=227989, causal=True

B=19, q_tokens=4040, history_tokens=227989, QH=32, KVH=4, D=128, TP=8, DCP=2, mode=causal
Method                   Time ms                                                                                                                                     Agg TFLOPS    Avg/GPU  KV GB/s/GPU      Check  Note
dcp_mega_varlen          t0=0.308, t1=0.301, t2=0.306, t3=0.307, t4=0.305, t5=0.305, t6=0.310, t7=0.303 | p50(max_across_ranks)=0.310, p90(max_across_ranks)=0.312        666.5       83.3        195.0       skip  eager; output=bf16_ipc_a2a; runner_preallocated; timing=mega_kernel_only
Wrote benchmark JSON to benchmark_logs/bench_dcp/20260807-210441/results/arrival_2/dcp_2/mega/comm_sm_12/case_000019_dcp2_hkv4_eager.json

Mega comm_sm=12 summary

Mega DCP batch summary
Case                   DCP Method                       p50 ms     p90 ms   Agg TFLOPS
case_000000_dcp2_hkv4    2 dcp_mega_varlen               0.118      0.120       1067.1
case_000001_dcp2_hkv4    2 dcp_mega_varlen               0.078      0.081        515.0
case_000002_dcp2_hkv4    2 dcp_mega_varlen               0.075      0.076        458.4
case_000003_dcp2_hkv4    2 dcp_mega_varlen               0.100      0.103        864.6
case_000004_dcp2_hkv4    2 dcp_mega_varlen               0.301      0.307        244.9
case_000005_dcp2_hkv4    2 dcp_mega_varlen               0.082      0.083        601.7
case_000006_dcp2_hkv4    2 dcp_mega_varlen               0.088      0.090        562.0
case_000007_dcp2_hkv4    2 dcp_mega_varlen               0.086      0.088        531.7
case_000008_dcp2_hkv4    2 dcp_mega_varlen               0.095      0.097        760.7
case_000009_dcp2_hkv4    2 dcp_mega_varlen               0.081      0.083        438.6
case_000010_dcp2_hkv4    2 dcp_mega_varlen               0.468      0.476        488.4
case_000011_dcp2_hkv4    2 dcp_mega_varlen               0.521      0.534       4240.5
case_000012_dcp2_hkv4    2 dcp_mega_varlen               0.449      0.451        287.1
case_000013_dcp2_hkv4    2 dcp_mega_varlen               0.112      0.114        372.7
case_000014_dcp2_hkv4    2 dcp_mega_varlen               0.064      0.067        315.4
case_000015_dcp2_hkv4    2 dcp_mega_varlen               0.086      0.089        563.7
case_000016_dcp2_hkv4    2 dcp_mega_varlen               0.087      0.090        553.3
case_000017_dcp2_hkv4    2 dcp_mega_varlen               0.097      0.098        780.3
case_000018_dcp2_hkv4    2 dcp_mega_varlen               0.088      0.090        731.5
case_000019_dcp2_hkv4    2 dcp_mega_varlen               0.310      0.312        666.5

Mega DCP workload-weighted summary
Topology        DCP Method                     Cases    Mean ms  Mean TFLOPS     Weighted  Weighted/GPU
dcp2_hkv4         2 dcp_mega_varlen               20      0.169        752.2       1088.0         136.0

================================================================================
Mega comm_sm=16, case 1/20: case_000000_dcp2_hkv4: B=21, Sq=[16, 16, 16, 16, 16, 16, 16, 16, 16, 16, 16, 16, 16, 16, 16, 16, 16, 16, 16, 16, 16], Sk=[1632, 67623, 67923, 10094, 15378, 15442, 6072, 16706, 12172, 2921, 9202, 27716, 4339, 18772, 3849, 95389, 26606, 30838, 17141, 29142, 896], DCP=2, Hkv=4
================================================================================
Config: world_size=8, methods=['dcp_mega_varlen'], QH=32, KVH=4, D=128, TP=8, DCP=2, workload=chunk, execution=eager, baseline_phase_timing=False, warmup=10, iters=30, check=False
Workload: B=21, q_tokens=336, history_tokens=479853, q_seqlens=[16, 16, 16, 16, 16, 16, 16, 16, 16, 16, 16, 16, 16, 16, 16, 16, 16, 16, 16, 16, 16], history_seqlens=[1632, 67623, 67923, 10094, 15378, 15442, 6072, 16706, 12172, 2921, 9202, 27716, 4339, 18772, 3849, 95389, 26606, 30838, 17141, 29142, 896]
Agg TFLOPS uses useful attention work across all TP ranks and p50(max_across_ranks); Avg/GPU divides it by world_size.
KV GB/s/GPU is average logical BF16 K+V bytes read per TP rank divided by p50(max_across_ranks); it is not hardware-counter HBM traffic.

Running B=21, q_tokens=336, history_tokens=479853, causal=True

B=21, q_tokens=336, history_tokens=479853, QH=32, KVH=4, D=128, TP=8, DCP=2, mode=causal
Method                   Time ms                                                                                                                                     Agg TFLOPS    Avg/GPU  KV GB/s/GPU      Check  Note
dcp_mega_varlen          t0=0.117, t1=0.113, t2=0.115, t3=0.115, t4=0.115, t5=0.113, t6=0.117, t7=0.114 | p50(max_across_ranks)=0.118, p90(max_across_ranks)=0.120       1066.3      133.3       1042.4       skip  eager; output=bf16_ipc_a2a; runner_preallocated; timing=mega_kernel_only
Wrote benchmark JSON to benchmark_logs/bench_dcp/20260807-210441/results/arrival_2/dcp_2/mega/comm_sm_16/case_000000_dcp2_hkv4_eager.json

================================================================================
Mega comm_sm=16, case 2/20: case_000001_dcp2_hkv4: B=19, Sq=[16, 16, 16, 16, 16, 16, 16, 16, 16, 16, 16, 16, 16, 16, 16, 16, 16, 16, 16], Sk=[3162, 18346, 19002, 9725, 11319, 6185, 4703, 5040, 22675, 1529, 8908, 5483, 6468, 10854, 2184, 3785, 3003, 7368, 3817], DCP=2, Hkv=4
================================================================================
Config: world_size=8, methods=['dcp_mega_varlen'], QH=32, KVH=4, D=128, TP=8, DCP=2, workload=chunk, execution=eager, baseline_phase_timing=False, warmup=10, iters=30, check=False
Workload: B=19, q_tokens=304, history_tokens=153556, q_seqlens=[16, 16, 16, 16, 16, 16, 16, 16, 16, 16, 16, 16, 16, 16, 16, 16, 16, 16, 16], history_seqlens=[3162, 18346, 19002, 9725, 11319, 6185, 4703, 5040, 22675, 1529, 8908, 5483, 6468, 10854, 2184, 3785, 3003, 7368, 3817]
Agg TFLOPS uses useful attention work across all TP ranks and p50(max_across_ranks); Avg/GPU divides it by world_size.
KV GB/s/GPU is average logical BF16 K+V bytes read per TP rank divided by p50(max_across_ranks); it is not hardware-counter HBM traffic.

Running B=19, q_tokens=304, history_tokens=153556, causal=True

B=19, q_tokens=304, history_tokens=153556, QH=32, KVH=4, D=128, TP=8, DCP=2, mode=causal
Method                   Time ms                                                                                                                                     Agg TFLOPS    Avg/GPU  KV GB/s/GPU      Check  Note
dcp_mega_varlen          t0=0.079, t1=0.072, t2=0.075, t3=0.076, t4=0.075, t5=0.075, t6=0.077, t7=0.075 | p50(max_across_ranks)=0.079, p90(max_across_ranks)=0.082        509.2       63.7        498.7       skip  eager; output=bf16_ipc_a2a; runner_preallocated; timing=mega_kernel_only
Wrote benchmark JSON to benchmark_logs/bench_dcp/20260807-210441/results/arrival_2/dcp_2/mega/comm_sm_16/case_000001_dcp2_hkv4_eager.json

================================================================================
Mega comm_sm=16, case 3/20: case_000002_dcp2_hkv4: B=15, Sq=[16, 16, 16, 16, 16, 16, 16, 16, 16, 16, 16, 16, 16, 16, 16], Sk=[4478, 11843, 11990, 4846, 6561, 4546, 12401, 4208, 13833, 5902, 21268, 21669, 2446, 3009, 1518], DCP=2, Hkv=4
================================================================================
Config: world_size=8, methods=['dcp_mega_varlen'], QH=32, KVH=4, D=128, TP=8, DCP=2, workload=chunk, execution=eager, baseline_phase_timing=False, warmup=10, iters=30, check=False
Workload: B=15, q_tokens=240, history_tokens=130518, q_seqlens=[16, 16, 16, 16, 16, 16, 16, 16, 16, 16, 16, 16, 16, 16, 16], history_seqlens=[4478, 11843, 11990, 4846, 6561, 4546, 12401, 4208, 13833, 5902, 21268, 21669, 2446, 3009, 1518]
Agg TFLOPS uses useful attention work across all TP ranks and p50(max_across_ranks); Avg/GPU divides it by world_size.
KV GB/s/GPU is average logical BF16 K+V bytes read per TP rank divided by p50(max_across_ranks); it is not hardware-counter HBM traffic.

Running B=15, q_tokens=240, history_tokens=130518, causal=True

B=15, q_tokens=240, history_tokens=130518, QH=32, KVH=4, D=128, TP=8, DCP=2, mode=causal
Method                   Time ms                                                                                                                                     Agg TFLOPS    Avg/GPU  KV GB/s/GPU      Check  Note
dcp_mega_varlen          t0=0.073, t1=0.070, t2=0.072, t3=0.072, t4=0.073, t5=0.071, t6=0.074, t7=0.072 | p50(max_across_ranks)=0.075, p90(max_across_ranks)=0.076        458.0       57.2        448.4       skip  eager; output=bf16_ipc_a2a; runner_preallocated; timing=mega_kernel_only
Wrote benchmark JSON to benchmark_logs/bench_dcp/20260807-210441/results/arrival_2/dcp_2/mega/comm_sm_16/case_000002_dcp2_hkv4_eager.json

================================================================================
Mega comm_sm=16, case 4/20: case_000003_dcp2_hkv4: B=22, Sq=[16, 16, 16, 16, 16, 16, 16, 16, 16, 16, 16, 16, 16, 16, 16, 16, 16, 16, 16, 16, 16, 16], Sk=[22161, 11155, 3543, 18180, 8001, 2807, 21779, 15291, 34249, 5372, 28852, 6680, 1772, 54729, 4284, 4451, 4231, 30508, 29548, 5255, 13572, 3748], DCP=2, Hkv=4
================================================================================
Config: world_size=8, methods=['dcp_mega_varlen'], QH=32, KVH=4, D=128, TP=8, DCP=2, workload=chunk, execution=eager, baseline_phase_timing=False, warmup=10, iters=30, check=False
Workload: B=22, q_tokens=352, history_tokens=330168, q_seqlens=[16, 16, 16, 16, 16, 16, 16, 16, 16, 16, 16, 16, 16, 16, 16, 16, 16, 16, 16, 16, 16, 16], history_seqlens=[22161, 11155, 3543, 18180, 8001, 2807, 21779, 15291, 34249, 5372, 28852, 6680, 1772, 54729, 4284, 4451, 4231, 30508, 29548, 5255, 13572, 3748]
Agg TFLOPS uses useful attention work across all TP ranks and p50(max_across_ranks); Avg/GPU divides it by world_size.
KV GB/s/GPU is average logical BF16 K+V bytes read per TP rank divided by p50(max_across_ranks); it is not hardware-counter HBM traffic.

Running B=22, q_tokens=352, history_tokens=330168, causal=True

B=22, q_tokens=352, history_tokens=330168, QH=32, KVH=4, D=128, TP=8, DCP=2, mode=causal
Method                   Time ms                                                                                                                                     Agg TFLOPS    Avg/GPU  KV GB/s/GPU      Check  Note
dcp_mega_varlen          t0=0.100, t1=0.096, t2=0.098, t3=0.099, t4=0.098, t5=0.098, t6=0.098, t7=0.099 | p50(max_across_ranks)=0.101, p90(max_across_ranks)=0.105        858.7      107.3        839.9       skip  eager; output=bf16_ipc_a2a; runner_preallocated; timing=mega_kernel_only
Wrote benchmark JSON to benchmark_logs/bench_dcp/20260807-210441/results/arrival_2/dcp_2/mega/comm_sm_16/case_000003_dcp2_hkv4_eager.json

================================================================================
Mega comm_sm=16, case 5/20: case_000004_dcp2_hkv4: B=23, Sq=[16, 16, 16, 16, 16, 16, 16, 16, 16, 16, 16, 16, 16, 16, 16, 16, 16, 16, 16, 16, 16, 16, 1016], Sk=[7475, 4379, 5821, 1393, 7068, 3619, 6381, 1296, 13713, 5937, 1083, 4749, 5459, 6566, 9712, 2564, 1023, 1377, 14096, 7049, 94755, 10887, 512], DCP=2, Hkv=4
================================================================================
Config: world_size=8, methods=['dcp_mega_varlen'], QH=32, KVH=4, D=128, TP=8, DCP=2, workload=chunk, execution=eager, baseline_phase_timing=False, warmup=10, iters=30, check=False
Workload: B=23, q_tokens=1368, history_tokens=216914, q_seqlens=[16, 16, 16, 16, 16, 16, 16, 16, 16, 16, 16, 16, 16, 16, 16, 16, 16, 16, 16, 16, 16, 16, 1016], history_seqlens=[7475, 4379, 5821, 1393, 7068, 3619, 6381, 1296, 13713, 5937, 1083, 4749, 5459, 6566, 9712, 2564, 1023, 1377, 14096, 7049, 94755, 10887, 512]
Agg TFLOPS uses useful attention work across all TP ranks and p50(max_across_ranks); Avg/GPU divides it by world_size.
KV GB/s/GPU is average logical BF16 K+V bytes read per TP rank divided by p50(max_across_ranks); it is not hardware-counter HBM traffic.

Running B=23, q_tokens=1368, history_tokens=216914, causal=True

B=23, q_tokens=1368, history_tokens=216914, QH=32, KVH=4, D=128, TP=8, DCP=2, mode=causal
Method                   Time ms                                                                                                                                     Agg TFLOPS    Avg/GPU  KV GB/s/GPU      Check  Note
dcp_mega_varlen          t0=0.300, t1=0.296, t2=0.300, t3=0.298, t4=0.299, t5=0.297, t6=0.300, t7=0.295 | p50(max_across_ranks)=0.301, p90(max_across_ranks)=0.303        244.7       30.6        186.5       skip  eager; output=bf16_ipc_a2a; runner_preallocated; timing=mega_kernel_only
Wrote benchmark JSON to benchmark_logs/bench_dcp/20260807-210441/results/arrival_2/dcp_2/mega/comm_sm_16/case_000004_dcp2_hkv4_eager.json

================================================================================
Mega comm_sm=16, case 6/20: case_000005_dcp2_hkv4: B=14, Sq=[16, 16, 16, 16, 16, 16, 16, 16, 16, 16, 16, 16, 16, 16], Sk=[20404, 33937, 5939, 1357, 12258, 13304, 19438, 5124, 1507, 9965, 31665, 11574, 6476, 14496], DCP=2, Hkv=4
================================================================================
Config: world_size=8, methods=['dcp_mega_varlen'], QH=32, KVH=4, D=128, TP=8, DCP=2, workload=chunk, execution=eager, baseline_phase_timing=False, warmup=10, iters=30, check=False
Workload: B=14, q_tokens=224, history_tokens=187444, q_seqlens=[16, 16, 16, 16, 16, 16, 16, 16, 16, 16, 16, 16, 16, 16], history_seqlens=[20404, 33937, 5939, 1357, 12258, 13304, 19438, 5124, 1507, 9965, 31665, 11574, 6476, 14496]
Agg TFLOPS uses useful attention work across all TP ranks and p50(max_across_ranks); Avg/GPU divides it by world_size.
KV GB/s/GPU is average logical BF16 K+V bytes read per TP rank divided by p50(max_across_ranks); it is not hardware-counter HBM traffic.

Running B=14, q_tokens=224, history_tokens=187444, causal=True

B=14, q_tokens=224, history_tokens=187444, QH=32, KVH=4, D=128, TP=8, DCP=2, mode=causal
Method                   Time ms                                                                                                                                     Agg TFLOPS    Avg/GPU  KV GB/s/GPU      Check  Note
dcp_mega_varlen          t0=0.081, t1=0.078, t2=0.080, t3=0.081, t4=0.080, t5=0.079, t6=0.081, t7=0.080 | p50(max_across_ranks)=0.082, p90(max_across_ranks)=0.085        600.8       75.1        587.7       skip  eager; output=bf16_ipc_a2a; runner_preallocated; timing=mega_kernel_only
Wrote benchmark JSON to benchmark_logs/bench_dcp/20260807-210441/results/arrival_2/dcp_2/mega/comm_sm_16/case_000005_dcp2_hkv4_eager.json

================================================================================
Mega comm_sm=16, case 7/20: case_000006_dcp2_hkv4: B=21, Sq=[16, 16, 16, 16, 16, 16, 16, 16, 16, 16, 16, 16, 16, 16, 16, 16, 16, 16, 16, 16, 16], Sk=[34309, 29659, 12125, 1208, 7820, 6643, 3135, 4092, 15824, 3530, 2428, 3753, 6002, 2259, 2359, 17620, 25772, 934, 2608, 5878, 1339], DCP=2, Hkv=4
================================================================================
Config: world_size=8, methods=['dcp_mega_varlen'], QH=32, KVH=4, D=128, TP=8, DCP=2, workload=chunk, execution=eager, baseline_phase_timing=False, warmup=10, iters=30, check=False
Workload: B=21, q_tokens=336, history_tokens=189297, q_seqlens=[16, 16, 16, 16, 16, 16, 16, 16, 16, 16, 16, 16, 16, 16, 16, 16, 16, 16, 16, 16, 16], history_seqlens=[34309, 29659, 12125, 1208, 7820, 6643, 3135, 4092, 15824, 3530, 2428, 3753, 6002, 2259, 2359, 17620, 25772, 934, 2608, 5878, 1339]
Agg TFLOPS uses useful attention work across all TP ranks and p50(max_across_ranks); Avg/GPU divides it by world_size.
KV GB/s/GPU is average logical BF16 K+V bytes read per TP rank divided by p50(max_across_ranks); it is not hardware-counter HBM traffic.

Running B=21, q_tokens=336, history_tokens=189297, causal=True

B=21, q_tokens=336, history_tokens=189297, QH=32, KVH=4, D=128, TP=8, DCP=2, mode=causal
Method                   Time ms                                                                                                                                     Agg TFLOPS    Avg/GPU  KV GB/s/GPU      Check  Note
dcp_mega_varlen          t0=0.086, t1=0.082, t2=0.084, t3=0.087, t4=0.085, t5=0.085, t6=0.086, t7=0.084 | p50(max_across_ranks)=0.087, p90(max_across_ranks)=0.090        568.7       71.1        556.8       skip  eager; output=bf16_ipc_a2a; runner_preallocated; timing=mega_kernel_only
Wrote benchmark JSON to benchmark_logs/bench_dcp/20260807-210441/results/arrival_2/dcp_2/mega/comm_sm_16/case_000006_dcp2_hkv4_eager.json

================================================================================
Mega comm_sm=16, case 8/20: case_000007_dcp2_hkv4: B=16, Sq=[16, 16, 16, 16, 16, 16, 16, 16, 16, 16, 16, 16, 16, 16, 16, 16], Sk=[21007, 3944, 12402, 1331, 20233, 22126, 6262, 3451, 4906, 1476, 27142, 5334, 4798, 27594, 1279, 11238], DCP=2, Hkv=4
================================================================================
Config: world_size=8, methods=['dcp_mega_varlen'], QH=32, KVH=4, D=128, TP=8, DCP=2, workload=chunk, execution=eager, baseline_phase_timing=False, warmup=10, iters=30, check=False
Workload: B=16, q_tokens=256, history_tokens=174523, q_seqlens=[16, 16, 16, 16, 16, 16, 16, 16, 16, 16, 16, 16, 16, 16, 16, 16], history_seqlens=[21007, 3944, 12402, 1331, 20233, 22126, 6262, 3451, 4906, 1476, 27142, 5334, 4798, 27594, 1279, 11238]
Agg TFLOPS uses useful attention work across all TP ranks and p50(max_across_ranks); Avg/GPU divides it by world_size.
KV GB/s/GPU is average logical BF16 K+V bytes read per TP rank divided by p50(max_across_ranks); it is not hardware-counter HBM traffic.

Running B=16, q_tokens=256, history_tokens=174523, causal=True

B=16, q_tokens=256, history_tokens=174523, QH=32, KVH=4, D=128, TP=8, DCP=2, mode=causal
Method                   Time ms                                                                                                                                     Agg TFLOPS    Avg/GPU  KV GB/s/GPU      Check  Note
dcp_mega_varlen          t0=0.085, t1=0.085, t2=0.082, t3=0.085, t4=0.083, t5=0.082, t6=0.085, t7=0.081 | p50(max_across_ranks)=0.087, p90(max_across_ranks)=0.090        528.4       66.0        517.1       skip  eager; output=bf16_ipc_a2a; runner_preallocated; timing=mega_kernel_only
Wrote benchmark JSON to benchmark_logs/bench_dcp/20260807-210441/results/arrival_2/dcp_2/mega/comm_sm_16/case_000007_dcp2_hkv4_eager.json

================================================================================
Mega comm_sm=16, case 9/20: case_000008_dcp2_hkv4: B=18, Sq=[16, 16, 16, 16, 16, 16, 16, 16, 16, 16, 16, 16, 16, 16, 16, 16, 16, 16], Sk=[11983, 93505, 21112, 22792, 7843, 4557, 1212, 4656, 3852, 30764, 2087, 19890, 4010, 8500, 15708, 12245, 9228, 1939], DCP=2, Hkv=4
================================================================================
Config: world_size=8, methods=['dcp_mega_varlen'], QH=32, KVH=4, D=128, TP=8, DCP=2, workload=chunk, execution=eager, baseline_phase_timing=False, warmup=10, iters=30, check=False
Workload: B=18, q_tokens=288, history_tokens=275883, q_seqlens=[16, 16, 16, 16, 16, 16, 16, 16, 16, 16, 16, 16, 16, 16, 16, 16, 16, 16], history_seqlens=[11983, 93505, 21112, 22792, 7843, 4557, 1212, 4656, 3852, 30764, 2087, 19890, 4010, 8500, 15708, 12245, 9228, 1939]
Agg TFLOPS uses useful attention work across all TP ranks and p50(max_across_ranks); Avg/GPU divides it by world_size.
KV GB/s/GPU is average logical BF16 K+V bytes read per TP rank divided by p50(max_across_ranks); it is not hardware-counter HBM traffic.

Running B=18, q_tokens=288, history_tokens=275883, causal=True

B=18, q_tokens=288, history_tokens=275883, QH=32, KVH=4, D=128, TP=8, DCP=2, mode=causal
Method                   Time ms                                                                                                                                     Agg TFLOPS    Avg/GPU  KV GB/s/GPU      Check  Note
dcp_mega_varlen          t0=0.095, t1=0.090, t2=0.092, t3=0.095, t4=0.092, t5=0.091, t6=0.093, t7=0.092 | p50(max_across_ranks)=0.096, p90(max_across_ranks)=0.099        755.3       94.4        738.7       skip  eager; output=bf16_ipc_a2a; runner_preallocated; timing=mega_kernel_only
Wrote benchmark JSON to benchmark_logs/bench_dcp/20260807-210441/results/arrival_2/dcp_2/mega/comm_sm_16/case_000008_dcp2_hkv4_eager.json

================================================================================
Mega comm_sm=16, case 10/20: case_000009_dcp2_hkv4: B=20, Sq=[16, 16, 16, 16, 16, 16, 16, 16, 16, 16, 16, 16, 16, 16, 16, 16, 16, 16, 16, 16], Sk=[2946, 16616, 1396, 9354, 9330, 1201, 9555, 14080, 14153, 4517, 4907, 15282, 1553, 1448, 13375, 1877, 939, 6300, 2496, 3441], DCP=2, Hkv=4
================================================================================
Config: world_size=8, methods=['dcp_mega_varlen'], QH=32, KVH=4, D=128, TP=8, DCP=2, workload=chunk, execution=eager, baseline_phase_timing=False, warmup=10, iters=30, check=False
Workload: B=20, q_tokens=320, history_tokens=134766, q_seqlens=[16, 16, 16, 16, 16, 16, 16, 16, 16, 16, 16, 16, 16, 16, 16, 16, 16, 16, 16, 16], history_seqlens=[2946, 16616, 1396, 9354, 9330, 1201, 9555, 14080, 14153, 4517, 4907, 15282, 1553, 1448, 13375, 1877, 939, 6300, 2496, 3441]
Agg TFLOPS uses useful attention work across all TP ranks and p50(max_across_ranks); Avg/GPU divides it by world_size.
KV GB/s/GPU is average logical BF16 K+V bytes read per TP rank divided by p50(max_across_ranks); it is not hardware-counter HBM traffic.

Running B=20, q_tokens=320, history_tokens=134766, causal=True

B=20, q_tokens=320, history_tokens=134766, QH=32, KVH=4, D=128, TP=8, DCP=2, mode=causal
Method                   Time ms                                                                                                                                     Agg TFLOPS    Avg/GPU  KV GB/s/GPU      Check  Note
dcp_mega_varlen          t0=0.079, t1=0.077, t2=0.077, t3=0.077, t4=0.077, t5=0.075, t6=0.078, t7=0.076 | p50(max_across_ranks)=0.080, p90(max_across_ranks)=0.082        442.6       55.3        433.7       skip  eager; output=bf16_ipc_a2a; runner_preallocated; timing=mega_kernel_only
Wrote benchmark JSON to benchmark_logs/bench_dcp/20260807-210441/results/arrival_2/dcp_2/mega/comm_sm_16/case_000009_dcp2_hkv4_eager.json

================================================================================
Mega comm_sm=16, case 11/20: case_000010_dcp2_hkv4: B=21, Sq=[16, 16, 16, 16, 16, 16, 16, 16, 16, 16, 16, 16, 16, 16, 16, 16, 16, 16, 16, 16, 4096], Sk=[4977, 1455, 2900, 16303, 20718, 1152, 2179, 3843, 1180, 1993, 75078, 1727, 17737, 5767, 993, 2142, 17615, 27589, 5111, 5787, 512], DCP=2, Hkv=4
================================================================================
Config: world_size=8, methods=['dcp_mega_varlen'], QH=32, KVH=4, D=128, TP=8, DCP=2, workload=chunk, execution=eager, baseline_phase_timing=False, warmup=10, iters=30, check=False
Workload: B=21, q_tokens=4416, history_tokens=216758, q_seqlens=[16, 16, 16, 16, 16, 16, 16, 16, 16, 16, 16, 16, 16, 16, 16, 16, 16, 16, 16, 16, 4096], history_seqlens=[4977, 1455, 2900, 16303, 20718, 1152, 2179, 3843, 1180, 1993, 75078, 1727, 17737, 5767, 993, 2142, 17615, 27589, 5111, 5787, 512]
Agg TFLOPS uses useful attention work across all TP ranks and p50(max_across_ranks); Avg/GPU divides it by world_size.
KV GB/s/GPU is average logical BF16 K+V bytes read per TP rank divided by p50(max_across_ranks); it is not hardware-counter HBM traffic.

Running B=21, q_tokens=4416, history_tokens=216758, causal=True

B=21, q_tokens=4416, history_tokens=216758, QH=32, KVH=4, D=128, TP=8, DCP=2, mode=causal
Method                   Time ms                                                                                                                                     Agg TFLOPS    Avg/GPU  KV GB/s/GPU      Check  Note
dcp_mega_varlen          t0=0.467, t1=0.462, t2=0.467, t3=0.465, t4=0.463, t5=0.464, t6=0.466, t7=0.458 | p50(max_across_ranks)=0.468, p90(max_across_ranks)=0.470        488.3       61.0        123.4       skip  eager; output=bf16_ipc_a2a; runner_preallocated; timing=mega_kernel_only
Wrote benchmark JSON to benchmark_logs/bench_dcp/20260807-210441/results/arrival_2/dcp_2/mega/comm_sm_16/case_000010_dcp2_hkv4_eager.json

================================================================================
Mega comm_sm=16, case 12/20: case_000011_dcp2_hkv4: B=20, Sq=[16, 16, 16, 16, 16, 16, 16, 16, 16, 16, 16, 16, 16, 16, 16, 16, 16, 16, 16, 3736], Sk=[4802, 2113, 2441, 2124, 7691, 5319, 16723, 20304, 12255, 59151, 2687, 18576, 17795, 1817, 1563, 2914, 5997, 13930, 18846, 33280], DCP=2, Hkv=4
================================================================================
Config: world_size=8, methods=['dcp_mega_varlen'], QH=32, KVH=4, D=128, TP=8, DCP=2, workload=chunk, execution=eager, baseline_phase_timing=False, warmup=10, iters=30, check=False
Workload: B=20, q_tokens=4040, history_tokens=250328, q_seqlens=[16, 16, 16, 16, 16, 16, 16, 16, 16, 16, 16, 16, 16, 16, 16, 16, 16, 16, 16, 3736], history_seqlens=[4802, 2113, 2441, 2124, 7691, 5319, 16723, 20304, 12255, 59151, 2687, 18576, 17795, 1817, 1563, 2914, 5997, 13930, 18846, 33280]
Agg TFLOPS uses useful attention work across all TP ranks and p50(max_across_ranks); Avg/GPU divides it by world_size.
KV GB/s/GPU is average logical BF16 K+V bytes read per TP rank divided by p50(max_across_ranks); it is not hardware-counter HBM traffic.

Running B=20, q_tokens=4040, history_tokens=250328, causal=True

B=20, q_tokens=4040, history_tokens=250328, QH=32, KVH=4, D=128, TP=8, DCP=2, mode=causal
Method                   Time ms                                                                                                                                     Agg TFLOPS    Avg/GPU  KV GB/s/GPU      Check  Note
dcp_mega_varlen          t0=0.618, t1=0.608, t2=0.610, t3=0.615, t4=0.611, t5=0.615, t6=0.617, t7=0.608 | p50(max_across_ranks)=0.619, p90(max_across_ranks)=0.621       3569.6      446.2        106.9       skip  eager; output=bf16_ipc_a2a; runner_preallocated; timing=mega_kernel_only
Wrote benchmark JSON to benchmark_logs/bench_dcp/20260807-210441/results/arrival_2/dcp_2/mega/comm_sm_16/case_000011_dcp2_hkv4_eager.json

================================================================================
Mega comm_sm=16, case 13/20: case_000012_dcp2_hkv4: B=20, Sq=[16, 16, 16, 16, 16, 16, 16, 16, 16, 16, 16, 16, 16, 16, 16, 16, 16, 16, 16, 2144], Sk=[47702, 14486, 3564, 4355, 9751, 16378, 6108, 13123, 9132, 11678, 1214, 4597, 8230, 19172, 16637, 74389, 13654, 2917, 2065, 512], DCP=2, Hkv=4
================================================================================
Config: world_size=8, methods=['dcp_mega_varlen'], QH=32, KVH=4, D=128, TP=8, DCP=2, workload=chunk, execution=eager, baseline_phase_timing=False, warmup=10, iters=30, check=False
Workload: B=20, q_tokens=2448, history_tokens=279664, q_seqlens=[16, 16, 16, 16, 16, 16, 16, 16, 16, 16, 16, 16, 16, 16, 16, 16, 16, 16, 16, 2144], history_seqlens=[47702, 14486, 3564, 4355, 9751, 16378, 6108, 13123, 9132, 11678, 1214, 4597, 8230, 19172, 16637, 74389, 13654, 2917, 2065, 512]
Agg TFLOPS uses useful attention work across all TP ranks and p50(max_across_ranks); Avg/GPU divides it by world_size.
KV GB/s/GPU is average logical BF16 K+V bytes read per TP rank divided by p50(max_across_ranks); it is not hardware-counter HBM traffic.

Running B=20, q_tokens=2448, history_tokens=279664, causal=True

B=20, q_tokens=2448, history_tokens=279664, QH=32, KVH=4, D=128, TP=8, DCP=2, mode=causal
Method                   Time ms                                                                                                                                     Agg TFLOPS    Avg/GPU  KV GB/s/GPU      Check  Note
dcp_mega_varlen          t0=0.448, t1=0.439, t2=0.444, t3=0.447, t4=0.448, t5=0.447, t6=0.448, t7=0.445 | p50(max_across_ranks)=0.450, p90(max_across_ranks)=0.453        286.7       35.8        162.1       skip  eager; output=bf16_ipc_a2a; runner_preallocated; timing=mega_kernel_only
Wrote benchmark JSON to benchmark_logs/bench_dcp/20260807-210441/results/arrival_2/dcp_2/mega/comm_sm_16/case_000012_dcp2_hkv4_eager.json

================================================================================
Mega comm_sm=16, case 14/20: case_000013_dcp2_hkv4: B=23, Sq=[16, 16, 16, 16, 16, 16, 16, 16, 16, 16, 16, 16, 16, 16, 16, 16, 16, 16, 16, 16, 16, 16, 16], Sk=[8247, 4726, 14451, 12996, 1932, 13236, 2111, 7260, 4651, 25270, 1156, 6276, 6422, 1641, 6594, 1091, 1200, 20314, 8453, 5271, 1266, 3028, 1179], DCP=2, Hkv=4
================================================================================
Config: world_size=8, methods=['dcp_mega_varlen'], QH=32, KVH=4, D=128, TP=8, DCP=2, workload=chunk, execution=eager, baseline_phase_timing=False, warmup=10, iters=30, check=False
Workload: B=23, q_tokens=368, history_tokens=158771, q_seqlens=[16, 16, 16, 16, 16, 16, 16, 16, 16, 16, 16, 16, 16, 16, 16, 16, 16, 16, 16, 16, 16, 16, 16], history_seqlens=[8247, 4726, 14451, 12996, 1932, 13236, 2111, 7260, 4651, 25270, 1156, 6276, 6422, 1641, 6594, 1091, 1200, 20314, 8453, 5271, 1266, 3028, 1179]
Agg TFLOPS uses useful attention work across all TP ranks and p50(max_across_ranks); Avg/GPU divides it by world_size.
KV GB/s/GPU is average logical BF16 K+V bytes read per TP rank divided by p50(max_across_ranks); it is not hardware-counter HBM traffic.

Running B=23, q_tokens=368, history_tokens=158771, causal=True

B=23, q_tokens=368, history_tokens=158771, QH=32, KVH=4, D=128, TP=8, DCP=2, mode=causal
Method                   Time ms                                                                                                                                     Agg TFLOPS    Avg/GPU  KV GB/s/GPU      Check  Note
dcp_mega_varlen          t0=0.084, t1=0.080, t2=0.081, t3=0.082, t4=0.082, t5=0.081, t6=0.083, t7=0.082 | p50(max_across_ranks)=0.085, p90(max_across_ranks)=0.087        489.8       61.2        479.9       skip  eager; output=bf16_ipc_a2a; runner_preallocated; timing=mega_kernel_only
Wrote benchmark JSON to benchmark_logs/bench_dcp/20260807-210441/results/arrival_2/dcp_2/mega/comm_sm_16/case_000013_dcp2_hkv4_eager.json

================================================================================
Mega comm_sm=16, case 15/20: case_000014_dcp2_hkv4: B=12, Sq=[16, 16, 16, 16, 16, 16, 16, 16, 16, 16, 16, 16], Sk=[16815, 17519, 11221, 1558, 2207, 4954, 9477, 2165, 2938, 1563, 4326, 2185], DCP=2, Hkv=4
================================================================================
Config: world_size=8, methods=['dcp_mega_varlen'], QH=32, KVH=4, D=128, TP=8, DCP=2, workload=chunk, execution=eager, baseline_phase_timing=False, warmup=10, iters=30, check=False
Workload: B=12, q_tokens=192, history_tokens=76928, q_seqlens=[16, 16, 16, 16, 16, 16, 16, 16, 16, 16, 16, 16], history_seqlens=[16815, 17519, 11221, 1558, 2207, 4954, 9477, 2165, 2938, 1563, 4326, 2185]
Agg TFLOPS uses useful attention work across all TP ranks and p50(max_across_ranks); Avg/GPU divides it by world_size.
KV GB/s/GPU is average logical BF16 K+V bytes read per TP rank divided by p50(max_across_ranks); it is not hardware-counter HBM traffic.

Running B=12, q_tokens=192, history_tokens=76928, causal=True

B=12, q_tokens=192, history_tokens=76928, QH=32, KVH=4, D=128, TP=8, DCP=2, mode=causal
Method                   Time ms                                                                                                                                     Agg TFLOPS    Avg/GPU  KV GB/s/GPU      Check  Note
dcp_mega_varlen          t0=0.063, t1=0.060, t2=0.062, t3=0.063, t4=0.062, t5=0.060, t6=0.063, t7=0.060 | p50(max_across_ranks)=0.064, p90(max_across_ranks)=0.066        314.9       39.4        308.6       skip  eager; output=bf16_ipc_a2a; runner_preallocated; timing=mega_kernel_only
Wrote benchmark JSON to benchmark_logs/bench_dcp/20260807-210441/results/arrival_2/dcp_2/mega/comm_sm_16/case_000014_dcp2_hkv4_eager.json

================================================================================
Mega comm_sm=16, case 16/20: case_000015_dcp2_hkv4: B=15, Sq=[16, 16, 16, 16, 16, 16, 16, 16, 16, 16, 16, 16, 16, 16, 16], Sk=[51464, 5917, 1758, 3203, 1502, 1208, 55262, 3530, 16144, 1020, 4782, 26990, 987, 3667, 7881], DCP=2, Hkv=4
================================================================================
Config: world_size=8, methods=['dcp_mega_varlen'], QH=32, KVH=4, D=128, TP=8, DCP=2, workload=chunk, execution=eager, baseline_phase_timing=False, warmup=10, iters=30, check=False
Workload: B=15, q_tokens=240, history_tokens=185315, q_seqlens=[16, 16, 16, 16, 16, 16, 16, 16, 16, 16, 16, 16, 16, 16, 16], history_seqlens=[51464, 5917, 1758, 3203, 1502, 1208, 55262, 3530, 16144, 1020, 4782, 26990, 987, 3667, 7881]
Agg TFLOPS uses useful attention work across all TP ranks and p50(max_across_ranks); Avg/GPU divides it by world_size.
KV GB/s/GPU is average logical BF16 K+V bytes read per TP rank divided by p50(max_across_ranks); it is not hardware-counter HBM traffic.

Running B=15, q_tokens=240, history_tokens=185315, causal=True

B=15, q_tokens=240, history_tokens=185315, QH=32, KVH=4, D=128, TP=8, DCP=2, mode=causal
Method                   Time ms                                                                                                                                     Agg TFLOPS    Avg/GPU  KV GB/s/GPU      Check  Note
dcp_mega_varlen          t0=0.084, t1=0.082, t2=0.082, t3=0.084, t4=0.084, t5=0.082, t6=0.086, t7=0.080 | p50(max_across_ranks)=0.087, p90(max_across_ranks)=0.094        560.5       70.1        548.4       skip  eager; output=bf16_ipc_a2a; runner_preallocated; timing=mega_kernel_only
Wrote benchmark JSON to benchmark_logs/bench_dcp/20260807-210441/results/arrival_2/dcp_2/mega/comm_sm_16/case_000015_dcp2_hkv4_eager.json

================================================================================
Mega comm_sm=16, case 17/20: case_000016_dcp2_hkv4: B=17, Sq=[16, 16, 16, 16, 16, 16, 16, 16, 16, 16, 16, 16, 16, 16, 16, 16, 16], Sk=[2016, 6697, 4869, 3640, 6010, 1140, 9523, 7156, 6503, 12406, 23255, 41773, 29925, 952, 14828, 957, 12693], DCP=2, Hkv=4
================================================================================
Config: world_size=8, methods=['dcp_mega_varlen'], QH=32, KVH=4, D=128, TP=8, DCP=2, workload=chunk, execution=eager, baseline_phase_timing=False, warmup=10, iters=30, check=False
Workload: B=17, q_tokens=272, history_tokens=184343, q_seqlens=[16, 16, 16, 16, 16, 16, 16, 16, 16, 16, 16, 16, 16, 16, 16, 16, 16], history_seqlens=[2016, 6697, 4869, 3640, 6010, 1140, 9523, 7156, 6503, 12406, 23255, 41773, 29925, 952, 14828, 957, 12693]
Agg TFLOPS uses useful attention work across all TP ranks and p50(max_across_ranks); Avg/GPU divides it by world_size.
KV GB/s/GPU is average logical BF16 K+V bytes read per TP rank divided by p50(max_across_ranks); it is not hardware-counter HBM traffic.

Running B=17, q_tokens=272, history_tokens=184343, causal=True

B=17, q_tokens=272, history_tokens=184343, QH=32, KVH=4, D=128, TP=8, DCP=2, mode=causal
Method                   Time ms                                                                                                                                     Agg TFLOPS    Avg/GPU  KV GB/s/GPU      Check  Note
dcp_mega_varlen          t0=0.084, t1=0.081, t2=0.083, t3=0.084, t4=0.082, t5=0.081, t6=0.083, t7=0.082 | p50(max_across_ranks)=0.085, p90(max_across_ranks)=0.087        568.8       71.1        556.7       skip  eager; output=bf16_ipc_a2a; runner_preallocated; timing=mega_kernel_only
Wrote benchmark JSON to benchmark_logs/bench_dcp/20260807-210441/results/arrival_2/dcp_2/mega/comm_sm_16/case_000016_dcp2_hkv4_eager.json

================================================================================
Mega comm_sm=16, case 18/20: case_000017_dcp2_hkv4: B=13, Sq=[16, 16, 16, 16, 16, 16, 16, 16, 16, 16, 16, 16, 16], Sk=[75316, 14264, 2774, 25123, 95646, 6857, 7119, 1008, 20490, 7235, 4617, 13126, 15486], DCP=2, Hkv=4
================================================================================
Config: world_size=8, methods=['dcp_mega_varlen'], QH=32, KVH=4, D=128, TP=8, DCP=2, workload=chunk, execution=eager, baseline_phase_timing=False, warmup=10, iters=30, check=False
Workload: B=13, q_tokens=208, history_tokens=289061, q_seqlens=[16, 16, 16, 16, 16, 16, 16, 16, 16, 16, 16, 16, 16], history_seqlens=[75316, 14264, 2774, 25123, 95646, 6857, 7119, 1008, 20490, 7235, 4617, 13126, 15486]
Agg TFLOPS uses useful attention work across all TP ranks and p50(max_across_ranks); Avg/GPU divides it by world_size.
KV GB/s/GPU is average logical BF16 K+V bytes read per TP rank divided by p50(max_across_ranks); it is not hardware-counter HBM traffic.

Running B=13, q_tokens=208, history_tokens=289061, causal=True

B=13, q_tokens=208, history_tokens=289061, QH=32, KVH=4, D=128, TP=8, DCP=2, mode=causal
Method                   Time ms                                                                                                                                     Agg TFLOPS    Avg/GPU  KV GB/s/GPU      Check  Note
dcp_mega_varlen          t0=0.096, t1=0.094, t2=0.095, t3=0.095, t4=0.094, t5=0.094, t6=0.094, t7=0.094 | p50(max_across_ranks)=0.097, p90(max_across_ranks)=0.099        781.2       97.6        763.7       skip  eager; output=bf16_ipc_a2a; runner_preallocated; timing=mega_kernel_only
Wrote benchmark JSON to benchmark_logs/bench_dcp/20260807-210441/results/arrival_2/dcp_2/mega/comm_sm_16/case_000017_dcp2_hkv4_eager.json

================================================================================
Mega comm_sm=16, case 19/20: case_000018_dcp2_hkv4: B=19, Sq=[16, 16, 16, 16, 16, 16, 16, 16, 16, 16, 16, 16, 16, 16, 16, 16, 16, 16, 16], Sk=[2705, 5315, 7851, 1419, 1881, 16977, 5542, 5287, 13343, 12195, 15111, 36751, 8765, 26939, 2306, 16566, 19214, 13015, 34307], DCP=2, Hkv=4
================================================================================
Config: world_size=8, methods=['dcp_mega_varlen'], QH=32, KVH=4, D=128, TP=8, DCP=2, workload=chunk, execution=eager, baseline_phase_timing=False, warmup=10, iters=30, check=False
Workload: B=19, q_tokens=304, history_tokens=245489, q_seqlens=[16, 16, 16, 16, 16, 16, 16, 16, 16, 16, 16, 16, 16, 16, 16, 16, 16, 16, 16], history_seqlens=[2705, 5315, 7851, 1419, 1881, 16977, 5542, 5287, 13343, 12195, 15111, 36751, 8765, 26939, 2306, 16566, 19214, 13015, 34307]
Agg TFLOPS uses useful attention work across all TP ranks and p50(max_across_ranks); Avg/GPU divides it by world_size.
KV GB/s/GPU is average logical BF16 K+V bytes read per TP rank divided by p50(max_across_ranks); it is not hardware-counter HBM traffic.

Running B=19, q_tokens=304, history_tokens=245489, causal=True

B=19, q_tokens=304, history_tokens=245489, QH=32, KVH=4, D=128, TP=8, DCP=2, mode=causal
Method                   Time ms                                                                                                                                     Agg TFLOPS    Avg/GPU  KV GB/s/GPU      Check  Note
dcp_mega_varlen          t0=0.087, t1=0.084, t2=0.085, t3=0.087, t4=0.085, t5=0.085, t6=0.085, t7=0.085 | p50(max_across_ranks)=0.089, p90(max_across_ranks)=0.090        725.6       90.7        709.9       skip  eager; output=bf16_ipc_a2a; runner_preallocated; timing=mega_kernel_only
Wrote benchmark JSON to benchmark_logs/bench_dcp/20260807-210441/results/arrival_2/dcp_2/mega/comm_sm_16/case_000018_dcp2_hkv4_eager.json

================================================================================
Mega comm_sm=16, case 20/20: case_000019_dcp2_hkv4: B=19, Sq=[16, 16, 16, 16, 16, 16, 16, 16, 16, 16, 16, 16, 16, 16, 16, 16, 16, 16, 3752], Sk=[36208, 1460, 36619, 5682, 46842, 4802, 3193, 10089, 34142, 18520, 15726, 962, 1203, 4004, 1589, 2318, 1453, 2665, 512], DCP=2, Hkv=4
================================================================================
Config: world_size=8, methods=['dcp_mega_varlen'], QH=32, KVH=4, D=128, TP=8, DCP=2, workload=chunk, execution=eager, baseline_phase_timing=False, warmup=10, iters=30, check=False
Workload: B=19, q_tokens=4040, history_tokens=227989, q_seqlens=[16, 16, 16, 16, 16, 16, 16, 16, 16, 16, 16, 16, 16, 16, 16, 16, 16, 16, 3752], history_seqlens=[36208, 1460, 36619, 5682, 46842, 4802, 3193, 10089, 34142, 18520, 15726, 962, 1203, 4004, 1589, 2318, 1453, 2665, 512]
Agg TFLOPS uses useful attention work across all TP ranks and p50(max_across_ranks); Avg/GPU divides it by world_size.
KV GB/s/GPU is average logical BF16 K+V bytes read per TP rank divided by p50(max_across_ranks); it is not hardware-counter HBM traffic.

Running B=19, q_tokens=4040, history_tokens=227989, causal=True

B=19, q_tokens=4040, history_tokens=227989, QH=32, KVH=4, D=128, TP=8, DCP=2, mode=causal
Method                   Time ms                                                                                                                                     Agg TFLOPS    Avg/GPU  KV GB/s/GPU      Check  Note
dcp_mega_varlen          t0=0.309, t1=0.300, t2=0.305, t3=0.306, t4=0.305, t5=0.305, t6=0.307, t7=0.303 | p50(max_across_ranks)=0.309, p90(max_across_ranks)=0.311        668.5       83.6        195.6       skip  eager; output=bf16_ipc_a2a; runner_preallocated; timing=mega_kernel_only
Wrote benchmark JSON to benchmark_logs/bench_dcp/20260807-210441/results/arrival_2/dcp_2/mega/comm_sm_16/case_000019_dcp2_hkv4_eager.json

Mega comm_sm=16 summary

Mega DCP batch summary
Case                   DCP Method                       p50 ms     p90 ms   Agg TFLOPS
case_000000_dcp2_hkv4    2 dcp_mega_varlen               0.118      0.120       1066.3
case_000001_dcp2_hkv4    2 dcp_mega_varlen               0.079      0.082        509.2
case_000002_dcp2_hkv4    2 dcp_mega_varlen               0.075      0.076        458.0
case_000003_dcp2_hkv4    2 dcp_mega_varlen               0.101      0.105        858.7
case_000004_dcp2_hkv4    2 dcp_mega_varlen               0.301      0.303        244.7
case_000005_dcp2_hkv4    2 dcp_mega_varlen               0.082      0.085        600.8
case_000006_dcp2_hkv4    2 dcp_mega_varlen               0.087      0.090        568.7
case_000007_dcp2_hkv4    2 dcp_mega_varlen               0.087      0.090        528.4
case_000008_dcp2_hkv4    2 dcp_mega_varlen               0.096      0.099        755.3
case_000009_dcp2_hkv4    2 dcp_mega_varlen               0.080      0.082        442.6
case_000010_dcp2_hkv4    2 dcp_mega_varlen               0.468      0.470        488.3
case_000011_dcp2_hkv4    2 dcp_mega_varlen               0.619      0.621       3569.6
case_000012_dcp2_hkv4    2 dcp_mega_varlen               0.450      0.453        286.7
case_000013_dcp2_hkv4    2 dcp_mega_varlen               0.085      0.087        489.8
case_000014_dcp2_hkv4    2 dcp_mega_varlen               0.064      0.066        314.9
case_000015_dcp2_hkv4    2 dcp_mega_varlen               0.087      0.094        560.5
case_000016_dcp2_hkv4    2 dcp_mega_varlen               0.085      0.087        568.8
case_000017_dcp2_hkv4    2 dcp_mega_varlen               0.097      0.099        781.2
case_000018_dcp2_hkv4    2 dcp_mega_varlen               0.089      0.090        725.6
case_000019_dcp2_hkv4    2 dcp_mega_varlen               0.309      0.311        668.5

Mega DCP workload-weighted summary
Topology        DCP Method                     Cases    Mean ms  Mean TFLOPS     Weighted  Weighted/GPU
dcp2_hkv4         2 dcp_mega_varlen               20      0.173        724.3       1065.6         133.2

================================================================================
Mega comm_sm=20, case 1/20: case_000000_dcp2_hkv4: B=21, Sq=[16, 16, 16, 16, 16, 16, 16, 16, 16, 16, 16, 16, 16, 16, 16, 16, 16, 16, 16, 16, 16], Sk=[1632, 67623, 67923, 10094, 15378, 15442, 6072, 16706, 12172, 2921, 9202, 27716, 4339, 18772, 3849, 95389, 26606, 30838, 17141, 29142, 896], DCP=2, Hkv=4
================================================================================
Config: world_size=8, methods=['dcp_mega_varlen'], QH=32, KVH=4, D=128, TP=8, DCP=2, workload=chunk, execution=eager, baseline_phase_timing=False, warmup=10, iters=30, check=False
Workload: B=21, q_tokens=336, history_tokens=479853, q_seqlens=[16, 16, 16, 16, 16, 16, 16, 16, 16, 16, 16, 16, 16, 16, 16, 16, 16, 16, 16, 16, 16], history_seqlens=[1632, 67623, 67923, 10094, 15378, 15442, 6072, 16706, 12172, 2921, 9202, 27716, 4339, 18772, 3849, 95389, 26606, 30838, 17141, 29142, 896]
Agg TFLOPS uses useful attention work across all TP ranks and p50(max_across_ranks); Avg/GPU divides it by world_size.
KV GB/s/GPU is average logical BF16 K+V bytes read per TP rank divided by p50(max_across_ranks); it is not hardware-counter HBM traffic.

Running B=21, q_tokens=336, history_tokens=479853, causal=True

B=21, q_tokens=336, history_tokens=479853, QH=32, KVH=4, D=128, TP=8, DCP=2, mode=causal
Method                   Time ms                                                                                                                                     Agg TFLOPS    Avg/GPU  KV GB/s/GPU      Check  Note
dcp_mega_varlen          t0=0.117, t1=0.114, t2=0.115, t3=0.116, t4=0.115, t5=0.113, t6=0.116, t7=0.115 | p50(max_across_ranks)=0.118, p90(max_across_ranks)=0.120       1067.1      133.4       1043.2       skip  eager; output=bf16_ipc_a2a; runner_preallocated; timing=mega_kernel_only
Wrote benchmark JSON to benchmark_logs/bench_dcp/20260807-210441/results/arrival_2/dcp_2/mega/comm_sm_20/case_000000_dcp2_hkv4_eager.json

================================================================================
Mega comm_sm=20, case 2/20: case_000001_dcp2_hkv4: B=19, Sq=[16, 16, 16, 16, 16, 16, 16, 16, 16, 16, 16, 16, 16, 16, 16, 16, 16, 16, 16], Sk=[3162, 18346, 19002, 9725, 11319, 6185, 4703, 5040, 22675, 1529, 8908, 5483, 6468, 10854, 2184, 3785, 3003, 7368, 3817], DCP=2, Hkv=4
================================================================================
Config: world_size=8, methods=['dcp_mega_varlen'], QH=32, KVH=4, D=128, TP=8, DCP=2, workload=chunk, execution=eager, baseline_phase_timing=False, warmup=10, iters=30, check=False
Workload: B=19, q_tokens=304, history_tokens=153556, q_seqlens=[16, 16, 16, 16, 16, 16, 16, 16, 16, 16, 16, 16, 16, 16, 16, 16, 16, 16, 16], history_seqlens=[3162, 18346, 19002, 9725, 11319, 6185, 4703, 5040, 22675, 1529, 8908, 5483, 6468, 10854, 2184, 3785, 3003, 7368, 3817]
Agg TFLOPS uses useful attention work across all TP ranks and p50(max_across_ranks); Avg/GPU divides it by world_size.
KV GB/s/GPU is average logical BF16 K+V bytes read per TP rank divided by p50(max_across_ranks); it is not hardware-counter HBM traffic.

Running B=19, q_tokens=304, history_tokens=153556, causal=True

B=19, q_tokens=304, history_tokens=153556, QH=32, KVH=4, D=128, TP=8, DCP=2, mode=causal
Method                   Time ms                                                                                                                                     Agg TFLOPS    Avg/GPU  KV GB/s/GPU      Check  Note
dcp_mega_varlen          t0=0.078, t1=0.072, t2=0.076, t3=0.076, t4=0.075, t5=0.074, t6=0.076, t7=0.074 | p50(max_across_ranks)=0.078, p90(max_across_ranks)=0.081        514.0       64.2        503.4       skip  eager; output=bf16_ipc_a2a; runner_preallocated; timing=mega_kernel_only
Wrote benchmark JSON to benchmark_logs/bench_dcp/20260807-210441/results/arrival_2/dcp_2/mega/comm_sm_20/case_000001_dcp2_hkv4_eager.json

================================================================================
Mega comm_sm=20, case 3/20: case_000002_dcp2_hkv4: B=15, Sq=[16, 16, 16, 16, 16, 16, 16, 16, 16, 16, 16, 16, 16, 16, 16], Sk=[4478, 11843, 11990, 4846, 6561, 4546, 12401, 4208, 13833, 5902, 21268, 21669, 2446, 3009, 1518], DCP=2, Hkv=4
================================================================================
Config: world_size=8, methods=['dcp_mega_varlen'], QH=32, KVH=4, D=128, TP=8, DCP=2, workload=chunk, execution=eager, baseline_phase_timing=False, warmup=10, iters=30, check=False
Workload: B=15, q_tokens=240, history_tokens=130518, q_seqlens=[16, 16, 16, 16, 16, 16, 16, 16, 16, 16, 16, 16, 16, 16, 16], history_seqlens=[4478, 11843, 11990, 4846, 6561, 4546, 12401, 4208, 13833, 5902, 21268, 21669, 2446, 3009, 1518]
Agg TFLOPS uses useful attention work across all TP ranks and p50(max_across_ranks); Avg/GPU divides it by world_size.
KV GB/s/GPU is average logical BF16 K+V bytes read per TP rank divided by p50(max_across_ranks); it is not hardware-counter HBM traffic.

Running B=15, q_tokens=240, history_tokens=130518, causal=True

B=15, q_tokens=240, history_tokens=130518, QH=32, KVH=4, D=128, TP=8, DCP=2, mode=causal
Method                   Time ms                                                                                                                                     Agg TFLOPS    Avg/GPU  KV GB/s/GPU      Check  Note
dcp_mega_varlen          t0=0.074, t1=0.069, t2=0.071, t3=0.072, t4=0.071, t5=0.071, t6=0.070, t7=0.071 | p50(max_across_ranks)=0.074, p90(max_across_ranks)=0.078        461.1       57.6        451.5       skip  eager; output=bf16_ipc_a2a; runner_preallocated; timing=mega_kernel_only
Wrote benchmark JSON to benchmark_logs/bench_dcp/20260807-210441/results/arrival_2/dcp_2/mega/comm_sm_20/case_000002_dcp2_hkv4_eager.json

================================================================================
Mega comm_sm=20, case 4/20: case_000003_dcp2_hkv4: B=22, Sq=[16, 16, 16, 16, 16, 16, 16, 16, 16, 16, 16, 16, 16, 16, 16, 16, 16, 16, 16, 16, 16, 16], Sk=[22161, 11155, 3543, 18180, 8001, 2807, 21779, 15291, 34249, 5372, 28852, 6680, 1772, 54729, 4284, 4451, 4231, 30508, 29548, 5255, 13572, 3748], DCP=2, Hkv=4
================================================================================
Config: world_size=8, methods=['dcp_mega_varlen'], QH=32, KVH=4, D=128, TP=8, DCP=2, workload=chunk, execution=eager, baseline_phase_timing=False, warmup=10, iters=30, check=False
Workload: B=22, q_tokens=352, history_tokens=330168, q_seqlens=[16, 16, 16, 16, 16, 16, 16, 16, 16, 16, 16, 16, 16, 16, 16, 16, 16, 16, 16, 16, 16, 16], history_seqlens=[22161, 11155, 3543, 18180, 8001, 2807, 21779, 15291, 34249, 5372, 28852, 6680, 1772, 54729, 4284, 4451, 4231, 30508, 29548, 5255, 13572, 3748]
Agg TFLOPS uses useful attention work across all TP ranks and p50(max_across_ranks); Avg/GPU divides it by world_size.
KV GB/s/GPU is average logical BF16 K+V bytes read per TP rank divided by p50(max_across_ranks); it is not hardware-counter HBM traffic.

Running B=22, q_tokens=352, history_tokens=330168, causal=True

B=22, q_tokens=352, history_tokens=330168, QH=32, KVH=4, D=128, TP=8, DCP=2, mode=causal
Method                   Time ms                                                                                                                                     Agg TFLOPS    Avg/GPU  KV GB/s/GPU      Check  Note
dcp_mega_varlen          t0=0.101, t1=0.095, t2=0.098, t3=0.099, t4=0.099, t5=0.098, t6=0.097, t7=0.098 | p50(max_across_ranks)=0.101, p90(max_across_ranks)=0.108        855.7      107.0        837.0       skip  eager; output=bf16_ipc_a2a; runner_preallocated; timing=mega_kernel_only
Wrote benchmark JSON to benchmark_logs/bench_dcp/20260807-210441/results/arrival_2/dcp_2/mega/comm_sm_20/case_000003_dcp2_hkv4_eager.json

================================================================================
Mega comm_sm=20, case 5/20: case_000004_dcp2_hkv4: B=23, Sq=[16, 16, 16, 16, 16, 16, 16, 16, 16, 16, 16, 16, 16, 16, 16, 16, 16, 16, 16, 16, 16, 16, 1016], Sk=[7475, 4379, 5821, 1393, 7068, 3619, 6381, 1296, 13713, 5937, 1083, 4749, 5459, 6566, 9712, 2564, 1023, 1377, 14096, 7049, 94755, 10887, 512], DCP=2, Hkv=4
================================================================================
Config: world_size=8, methods=['dcp_mega_varlen'], QH=32, KVH=4, D=128, TP=8, DCP=2, workload=chunk, execution=eager, baseline_phase_timing=False, warmup=10, iters=30, check=False
Workload: B=23, q_tokens=1368, history_tokens=216914, q_seqlens=[16, 16, 16, 16, 16, 16, 16, 16, 16, 16, 16, 16, 16, 16, 16, 16, 16, 16, 16, 16, 16, 16, 1016], history_seqlens=[7475, 4379, 5821, 1393, 7068, 3619, 6381, 1296, 13713, 5937, 1083, 4749, 5459, 6566, 9712, 2564, 1023, 1377, 14096, 7049, 94755, 10887, 512]
Agg TFLOPS uses useful attention work across all TP ranks and p50(max_across_ranks); Avg/GPU divides it by world_size.
KV GB/s/GPU is average logical BF16 K+V bytes read per TP rank divided by p50(max_across_ranks); it is not hardware-counter HBM traffic.

Running B=23, q_tokens=1368, history_tokens=216914, causal=True

B=23, q_tokens=1368, history_tokens=216914, QH=32, KVH=4, D=128, TP=8, DCP=2, mode=causal
Method                   Time ms                                                                                                                                     Agg TFLOPS    Avg/GPU  KV GB/s/GPU      Check  Note
dcp_mega_varlen          t0=0.300, t1=0.296, t2=0.300, t3=0.299, t4=0.299, t5=0.300, t6=0.297, t7=0.296 | p50(max_across_ranks)=0.301, p90(max_across_ranks)=0.303        245.0       30.6        186.7       skip  eager; output=bf16_ipc_a2a; runner_preallocated; timing=mega_kernel_only
Wrote benchmark JSON to benchmark_logs/bench_dcp/20260807-210441/results/arrival_2/dcp_2/mega/comm_sm_20/case_000004_dcp2_hkv4_eager.json

================================================================================
Mega comm_sm=20, case 6/20: case_000005_dcp2_hkv4: B=14, Sq=[16, 16, 16, 16, 16, 16, 16, 16, 16, 16, 16, 16, 16, 16], Sk=[20404, 33937, 5939, 1357, 12258, 13304, 19438, 5124, 1507, 9965, 31665, 11574, 6476, 14496], DCP=2, Hkv=4
================================================================================
Config: world_size=8, methods=['dcp_mega_varlen'], QH=32, KVH=4, D=128, TP=8, DCP=2, workload=chunk, execution=eager, baseline_phase_timing=False, warmup=10, iters=30, check=False
Workload: B=14, q_tokens=224, history_tokens=187444, q_seqlens=[16, 16, 16, 16, 16, 16, 16, 16, 16, 16, 16, 16, 16, 16], history_seqlens=[20404, 33937, 5939, 1357, 12258, 13304, 19438, 5124, 1507, 9965, 31665, 11574, 6476, 14496]
Agg TFLOPS uses useful attention work across all TP ranks and p50(max_across_ranks); Avg/GPU divides it by world_size.
KV GB/s/GPU is average logical BF16 K+V bytes read per TP rank divided by p50(max_across_ranks); it is not hardware-counter HBM traffic.

Running B=14, q_tokens=224, history_tokens=187444, causal=True

B=14, q_tokens=224, history_tokens=187444, QH=32, KVH=4, D=128, TP=8, DCP=2, mode=causal
Method                   Time ms                                                                                                                                     Agg TFLOPS    Avg/GPU  KV GB/s/GPU      Check  Note
dcp_mega_varlen          t0=0.081, t1=0.078, t2=0.082, t3=0.079, t4=0.080, t5=0.079, t6=0.081, t7=0.079 | p50(max_across_ranks)=0.083, p90(max_across_ranks)=0.088        591.5       73.9        578.7       skip  eager; output=bf16_ipc_a2a; runner_preallocated; timing=mega_kernel_only
Wrote benchmark JSON to benchmark_logs/bench_dcp/20260807-210441/results/arrival_2/dcp_2/mega/comm_sm_20/case_000005_dcp2_hkv4_eager.json

================================================================================
Mega comm_sm=20, case 7/20: case_000006_dcp2_hkv4: B=21, Sq=[16, 16, 16, 16, 16, 16, 16, 16, 16, 16, 16, 16, 16, 16, 16, 16, 16, 16, 16, 16, 16], Sk=[34309, 29659, 12125, 1208, 7820, 6643, 3135, 4092, 15824, 3530, 2428, 3753, 6002, 2259, 2359, 17620, 25772, 934, 2608, 5878, 1339], DCP=2, Hkv=4
================================================================================
Config: world_size=8, methods=['dcp_mega_varlen'], QH=32, KVH=4, D=128, TP=8, DCP=2, workload=chunk, execution=eager, baseline_phase_timing=False, warmup=10, iters=30, check=False
Workload: B=21, q_tokens=336, history_tokens=189297, q_seqlens=[16, 16, 16, 16, 16, 16, 16, 16, 16, 16, 16, 16, 16, 16, 16, 16, 16, 16, 16, 16, 16], history_seqlens=[34309, 29659, 12125, 1208, 7820, 6643, 3135, 4092, 15824, 3530, 2428, 3753, 6002, 2259, 2359, 17620, 25772, 934, 2608, 5878, 1339]
Agg TFLOPS uses useful attention work across all TP ranks and p50(max_across_ranks); Avg/GPU divides it by world_size.
KV GB/s/GPU is average logical BF16 K+V bytes read per TP rank divided by p50(max_across_ranks); it is not hardware-counter HBM traffic.

Running B=21, q_tokens=336, history_tokens=189297, causal=True

B=21, q_tokens=336, history_tokens=189297, QH=32, KVH=4, D=128, TP=8, DCP=2, mode=causal
Method                   Time ms                                                                                                                                     Agg TFLOPS    Avg/GPU  KV GB/s/GPU      Check  Note
dcp_mega_varlen          t0=0.087, t1=0.083, t2=0.085, t3=0.086, t4=0.085, t5=0.084, t6=0.086, t7=0.085 | p50(max_across_ranks)=0.087, p90(max_across_ranks)=0.090        569.4       71.2        557.5       skip  eager; output=bf16_ipc_a2a; runner_preallocated; timing=mega_kernel_only
Wrote benchmark JSON to benchmark_logs/bench_dcp/20260807-210441/results/arrival_2/dcp_2/mega/comm_sm_20/case_000006_dcp2_hkv4_eager.json

================================================================================
Mega comm_sm=20, case 8/20: case_000007_dcp2_hkv4: B=16, Sq=[16, 16, 16, 16, 16, 16, 16, 16, 16, 16, 16, 16, 16, 16, 16, 16], Sk=[21007, 3944, 12402, 1331, 20233, 22126, 6262, 3451, 4906, 1476, 27142, 5334, 4798, 27594, 1279, 11238], DCP=2, Hkv=4
================================================================================
Config: world_size=8, methods=['dcp_mega_varlen'], QH=32, KVH=4, D=128, TP=8, DCP=2, workload=chunk, execution=eager, baseline_phase_timing=False, warmup=10, iters=30, check=False
Workload: B=16, q_tokens=256, history_tokens=174523, q_seqlens=[16, 16, 16, 16, 16, 16, 16, 16, 16, 16, 16, 16, 16, 16, 16, 16], history_seqlens=[21007, 3944, 12402, 1331, 20233, 22126, 6262, 3451, 4906, 1476, 27142, 5334, 4798, 27594, 1279, 11238]
Agg TFLOPS uses useful attention work across all TP ranks and p50(max_across_ranks); Avg/GPU divides it by world_size.
KV GB/s/GPU is average logical BF16 K+V bytes read per TP rank divided by p50(max_across_ranks); it is not hardware-counter HBM traffic.

Running B=16, q_tokens=256, history_tokens=174523, causal=True

B=16, q_tokens=256, history_tokens=174523, QH=32, KVH=4, D=128, TP=8, DCP=2, mode=causal
Method                   Time ms                                                                                                                                     Agg TFLOPS    Avg/GPU  KV GB/s/GPU      Check  Note
dcp_mega_varlen          t0=0.085, t1=0.080, t2=0.082, t3=0.083, t4=0.084, t5=0.083, t6=0.085, t7=0.082 | p50(max_across_ranks)=0.086, p90(max_across_ranks)=0.090        530.3       66.3        519.0       skip  eager; output=bf16_ipc_a2a; runner_preallocated; timing=mega_kernel_only
Wrote benchmark JSON to benchmark_logs/bench_dcp/20260807-210441/results/arrival_2/dcp_2/mega/comm_sm_20/case_000007_dcp2_hkv4_eager.json

================================================================================
Mega comm_sm=20, case 9/20: case_000008_dcp2_hkv4: B=18, Sq=[16, 16, 16, 16, 16, 16, 16, 16, 16, 16, 16, 16, 16, 16, 16, 16, 16, 16], Sk=[11983, 93505, 21112, 22792, 7843, 4557, 1212, 4656, 3852, 30764, 2087, 19890, 4010, 8500, 15708, 12245, 9228, 1939], DCP=2, Hkv=4
================================================================================
Config: world_size=8, methods=['dcp_mega_varlen'], QH=32, KVH=4, D=128, TP=8, DCP=2, workload=chunk, execution=eager, baseline_phase_timing=False, warmup=10, iters=30, check=False
Workload: B=18, q_tokens=288, history_tokens=275883, q_seqlens=[16, 16, 16, 16, 16, 16, 16, 16, 16, 16, 16, 16, 16, 16, 16, 16, 16, 16], history_seqlens=[11983, 93505, 21112, 22792, 7843, 4557, 1212, 4656, 3852, 30764, 2087, 19890, 4010, 8500, 15708, 12245, 9228, 1939]
Agg TFLOPS uses useful attention work across all TP ranks and p50(max_across_ranks); Avg/GPU divides it by world_size.
KV GB/s/GPU is average logical BF16 K+V bytes read per TP rank divided by p50(max_across_ranks); it is not hardware-counter HBM traffic.

Running B=18, q_tokens=288, history_tokens=275883, causal=True

B=18, q_tokens=288, history_tokens=275883, QH=32, KVH=4, D=128, TP=8, DCP=2, mode=causal
Method                   Time ms                                                                                                                                     Agg TFLOPS    Avg/GPU  KV GB/s/GPU      Check  Note
dcp_mega_varlen          t0=0.096, t1=0.091, t2=0.092, t3=0.095, t4=0.093, t5=0.092, t6=0.093, t7=0.093 | p50(max_across_ranks)=0.097, p90(max_across_ranks)=0.099        746.2       93.3        729.8       skip  eager; output=bf16_ipc_a2a; runner_preallocated; timing=mega_kernel_only
Wrote benchmark JSON to benchmark_logs/bench_dcp/20260807-210441/results/arrival_2/dcp_2/mega/comm_sm_20/case_000008_dcp2_hkv4_eager.json

================================================================================
Mega comm_sm=20, case 10/20: case_000009_dcp2_hkv4: B=20, Sq=[16, 16, 16, 16, 16, 16, 16, 16, 16, 16, 16, 16, 16, 16, 16, 16, 16, 16, 16, 16], Sk=[2946, 16616, 1396, 9354, 9330, 1201, 9555, 14080, 14153, 4517, 4907, 15282, 1553, 1448, 13375, 1877, 939, 6300, 2496, 3441], DCP=2, Hkv=4
================================================================================
Config: world_size=8, methods=['dcp_mega_varlen'], QH=32, KVH=4, D=128, TP=8, DCP=2, workload=chunk, execution=eager, baseline_phase_timing=False, warmup=10, iters=30, check=False
Workload: B=20, q_tokens=320, history_tokens=134766, q_seqlens=[16, 16, 16, 16, 16, 16, 16, 16, 16, 16, 16, 16, 16, 16, 16, 16, 16, 16, 16, 16], history_seqlens=[2946, 16616, 1396, 9354, 9330, 1201, 9555, 14080, 14153, 4517, 4907, 15282, 1553, 1448, 13375, 1877, 939, 6300, 2496, 3441]
Agg TFLOPS uses useful attention work across all TP ranks and p50(max_across_ranks); Avg/GPU divides it by world_size.
KV GB/s/GPU is average logical BF16 K+V bytes read per TP rank divided by p50(max_across_ranks); it is not hardware-counter HBM traffic.

Running B=20, q_tokens=320, history_tokens=134766, causal=True

B=20, q_tokens=320, history_tokens=134766, QH=32, KVH=4, D=128, TP=8, DCP=2, mode=causal
Method                   Time ms                                                                                                                                     Agg TFLOPS    Avg/GPU  KV GB/s/GPU      Check  Note
dcp_mega_varlen          t0=0.081, t1=0.075, t2=0.077, t3=0.078, t4=0.078, t5=0.077, t6=0.077, t7=0.077 | p50(max_across_ranks)=0.081, p90(max_across_ranks)=0.083        438.8       54.9        430.0       skip  eager; output=bf16_ipc_a2a; runner_preallocated; timing=mega_kernel_only
Wrote benchmark JSON to benchmark_logs/bench_dcp/20260807-210441/results/arrival_2/dcp_2/mega/comm_sm_20/case_000009_dcp2_hkv4_eager.json

================================================================================
Mega comm_sm=20, case 11/20: case_000010_dcp2_hkv4: B=21, Sq=[16, 16, 16, 16, 16, 16, 16, 16, 16, 16, 16, 16, 16, 16, 16, 16, 16, 16, 16, 16, 4096], Sk=[4977, 1455, 2900, 16303, 20718, 1152, 2179, 3843, 1180, 1993, 75078, 1727, 17737, 5767, 993, 2142, 17615, 27589, 5111, 5787, 512], DCP=2, Hkv=4
================================================================================
Config: world_size=8, methods=['dcp_mega_varlen'], QH=32, KVH=4, D=128, TP=8, DCP=2, workload=chunk, execution=eager, baseline_phase_timing=False, warmup=10, iters=30, check=False
Workload: B=21, q_tokens=4416, history_tokens=216758, q_seqlens=[16, 16, 16, 16, 16, 16, 16, 16, 16, 16, 16, 16, 16, 16, 16, 16, 16, 16, 16, 16, 4096], history_seqlens=[4977, 1455, 2900, 16303, 20718, 1152, 2179, 3843, 1180, 1993, 75078, 1727, 17737, 5767, 993, 2142, 17615, 27589, 5111, 5787, 512]
Agg TFLOPS uses useful attention work across all TP ranks and p50(max_across_ranks); Avg/GPU divides it by world_size.
KV GB/s/GPU is average logical BF16 K+V bytes read per TP rank divided by p50(max_across_ranks); it is not hardware-counter HBM traffic.

Running B=21, q_tokens=4416, history_tokens=216758, causal=True

B=21, q_tokens=4416, history_tokens=216758, QH=32, KVH=4, D=128, TP=8, DCP=2, mode=causal
Method                   Time ms                                                                                                                                     Agg TFLOPS    Avg/GPU  KV GB/s/GPU      Check  Note
dcp_mega_varlen          t0=0.473, t1=0.471, t2=0.472, t3=0.471, t4=0.470, t5=0.469, t6=0.468, t7=0.469 | p50(max_across_ranks)=0.474, p90(max_across_ranks)=0.481        481.7       60.2        121.7       skip  eager; output=bf16_ipc_a2a; runner_preallocated; timing=mega_kernel_only
Wrote benchmark JSON to benchmark_logs/bench_dcp/20260807-210441/results/arrival_2/dcp_2/mega/comm_sm_20/case_000010_dcp2_hkv4_eager.json

================================================================================
Mega comm_sm=20, case 12/20: case_000011_dcp2_hkv4: B=20, Sq=[16, 16, 16, 16, 16, 16, 16, 16, 16, 16, 16, 16, 16, 16, 16, 16, 16, 16, 16, 3736], Sk=[4802, 2113, 2441, 2124, 7691, 5319, 16723, 20304, 12255, 59151, 2687, 18576, 17795, 1817, 1563, 2914, 5997, 13930, 18846, 33280], DCP=2, Hkv=4
================================================================================
Config: world_size=8, methods=['dcp_mega_varlen'], QH=32, KVH=4, D=128, TP=8, DCP=2, workload=chunk, execution=eager, baseline_phase_timing=False, warmup=10, iters=30, check=False
Workload: B=20, q_tokens=4040, history_tokens=250328, q_seqlens=[16, 16, 16, 16, 16, 16, 16, 16, 16, 16, 16, 16, 16, 16, 16, 16, 16, 16, 16, 3736], history_seqlens=[4802, 2113, 2441, 2124, 7691, 5319, 16723, 20304, 12255, 59151, 2687, 18576, 17795, 1817, 1563, 2914, 5997, 13930, 18846, 33280]
Agg TFLOPS uses useful attention work across all TP ranks and p50(max_across_ranks); Avg/GPU divides it by world_size.
KV GB/s/GPU is average logical BF16 K+V bytes read per TP rank divided by p50(max_across_ranks); it is not hardware-counter HBM traffic.

Running B=20, q_tokens=4040, history_tokens=250328, causal=True

B=20, q_tokens=4040, history_tokens=250328, QH=32, KVH=4, D=128, TP=8, DCP=2, mode=causal
Method                   Time ms                                                                                                                                     Agg TFLOPS    Avg/GPU  KV GB/s/GPU      Check  Note
dcp_mega_varlen          t0=0.623, t1=0.614, t2=0.624, t3=0.617, t4=0.624, t5=0.618, t6=0.618, t7=0.623 | p50(max_across_ranks)=0.626, p90(max_across_ranks)=0.629       3528.7      441.1        105.7       skip  eager; output=bf16_ipc_a2a; runner_preallocated; timing=mega_kernel_only
Wrote benchmark JSON to benchmark_logs/bench_dcp/20260807-210441/results/arrival_2/dcp_2/mega/comm_sm_20/case_000011_dcp2_hkv4_eager.json

================================================================================
Mega comm_sm=20, case 13/20: case_000012_dcp2_hkv4: B=20, Sq=[16, 16, 16, 16, 16, 16, 16, 16, 16, 16, 16, 16, 16, 16, 16, 16, 16, 16, 16, 2144], Sk=[47702, 14486, 3564, 4355, 9751, 16378, 6108, 13123, 9132, 11678, 1214, 4597, 8230, 19172, 16637, 74389, 13654, 2917, 2065, 512], DCP=2, Hkv=4
================================================================================
Config: world_size=8, methods=['dcp_mega_varlen'], QH=32, KVH=4, D=128, TP=8, DCP=2, workload=chunk, execution=eager, baseline_phase_timing=False, warmup=10, iters=30, check=False
Workload: B=20, q_tokens=2448, history_tokens=279664, q_seqlens=[16, 16, 16, 16, 16, 16, 16, 16, 16, 16, 16, 16, 16, 16, 16, 16, 16, 16, 16, 2144], history_seqlens=[47702, 14486, 3564, 4355, 9751, 16378, 6108, 13123, 9132, 11678, 1214, 4597, 8230, 19172, 16637, 74389, 13654, 2917, 2065, 512]
Agg TFLOPS uses useful attention work across all TP ranks and p50(max_across_ranks); Avg/GPU divides it by world_size.
KV GB/s/GPU is average logical BF16 K+V bytes read per TP rank divided by p50(max_across_ranks); it is not hardware-counter HBM traffic.

Running B=20, q_tokens=2448, history_tokens=279664, causal=True

B=20, q_tokens=2448, history_tokens=279664, QH=32, KVH=4, D=128, TP=8, DCP=2, mode=causal
Method                   Time ms                                                                                                                                     Agg TFLOPS    Avg/GPU  KV GB/s/GPU      Check  Note
dcp_mega_varlen          t0=0.450, t1=0.444, t2=0.448, t3=0.447, t4=0.449, t5=0.447, t6=0.448, t7=0.445 | p50(max_across_ranks)=0.451, p90(max_across_ranks)=0.459        286.0       35.7        161.6       skip  eager; output=bf16_ipc_a2a; runner_preallocated; timing=mega_kernel_only
Wrote benchmark JSON to benchmark_logs/bench_dcp/20260807-210441/results/arrival_2/dcp_2/mega/comm_sm_20/case_000012_dcp2_hkv4_eager.json

================================================================================
Mega comm_sm=20, case 14/20: case_000013_dcp2_hkv4: B=23, Sq=[16, 16, 16, 16, 16, 16, 16, 16, 16, 16, 16, 16, 16, 16, 16, 16, 16, 16, 16, 16, 16, 16, 16], Sk=[8247, 4726, 14451, 12996, 1932, 13236, 2111, 7260, 4651, 25270, 1156, 6276, 6422, 1641, 6594, 1091, 1200, 20314, 8453, 5271, 1266, 3028, 1179], DCP=2, Hkv=4
================================================================================
Config: world_size=8, methods=['dcp_mega_varlen'], QH=32, KVH=4, D=128, TP=8, DCP=2, workload=chunk, execution=eager, baseline_phase_timing=False, warmup=10, iters=30, check=False
Workload: B=23, q_tokens=368, history_tokens=158771, q_seqlens=[16, 16, 16, 16, 16, 16, 16, 16, 16, 16, 16, 16, 16, 16, 16, 16, 16, 16, 16, 16, 16, 16, 16], history_seqlens=[8247, 4726, 14451, 12996, 1932, 13236, 2111, 7260, 4651, 25270, 1156, 6276, 6422, 1641, 6594, 1091, 1200, 20314, 8453, 5271, 1266, 3028, 1179]
Agg TFLOPS uses useful attention work across all TP ranks and p50(max_across_ranks); Avg/GPU divides it by world_size.
KV GB/s/GPU is average logical BF16 K+V bytes read per TP rank divided by p50(max_across_ranks); it is not hardware-counter HBM traffic.

Running B=23, q_tokens=368, history_tokens=158771, causal=True

B=23, q_tokens=368, history_tokens=158771, QH=32, KVH=4, D=128, TP=8, DCP=2, mode=causal
Method                   Time ms                                                                                                                                     Agg TFLOPS    Avg/GPU  KV GB/s/GPU      Check  Note
dcp_mega_varlen          t0=0.084, t1=0.080, t2=0.082, t3=0.083, t4=0.083, t5=0.081, t6=0.081, t7=0.083 | p50(max_across_ranks)=0.085, p90(max_across_ranks)=0.092        489.8       61.2        480.0       skip  eager; output=bf16_ipc_a2a; runner_preallocated; timing=mega_kernel_only
Wrote benchmark JSON to benchmark_logs/bench_dcp/20260807-210441/results/arrival_2/dcp_2/mega/comm_sm_20/case_000013_dcp2_hkv4_eager.json

================================================================================
Mega comm_sm=20, case 15/20: case_000014_dcp2_hkv4: B=12, Sq=[16, 16, 16, 16, 16, 16, 16, 16, 16, 16, 16, 16], Sk=[16815, 17519, 11221, 1558, 2207, 4954, 9477, 2165, 2938, 1563, 4326, 2185], DCP=2, Hkv=4
================================================================================
Config: world_size=8, methods=['dcp_mega_varlen'], QH=32, KVH=4, D=128, TP=8, DCP=2, workload=chunk, execution=eager, baseline_phase_timing=False, warmup=10, iters=30, check=False
Workload: B=12, q_tokens=192, history_tokens=76928, q_seqlens=[16, 16, 16, 16, 16, 16, 16, 16, 16, 16, 16, 16], history_seqlens=[16815, 17519, 11221, 1558, 2207, 4954, 9477, 2165, 2938, 1563, 4326, 2185]
Agg TFLOPS uses useful attention work across all TP ranks and p50(max_across_ranks); Avg/GPU divides it by world_size.
KV GB/s/GPU is average logical BF16 K+V bytes read per TP rank divided by p50(max_across_ranks); it is not hardware-counter HBM traffic.

Running B=12, q_tokens=192, history_tokens=76928, causal=True

B=12, q_tokens=192, history_tokens=76928, QH=32, KVH=4, D=128, TP=8, DCP=2, mode=causal
Method                   Time ms                                                                                                                                     Agg TFLOPS    Avg/GPU  KV GB/s/GPU      Check  Note
dcp_mega_varlen          t0=0.063, t1=0.060, t2=0.062, t3=0.062, t4=0.063, t5=0.061, t6=0.062, t7=0.062 | p50(max_across_ranks)=0.064, p90(max_across_ranks)=0.066        315.6       39.4        309.3       skip  eager; output=bf16_ipc_a2a; runner_preallocated; timing=mega_kernel_only
Wrote benchmark JSON to benchmark_logs/bench_dcp/20260807-210441/results/arrival_2/dcp_2/mega/comm_sm_20/case_000014_dcp2_hkv4_eager.json

================================================================================
Mega comm_sm=20, case 16/20: case_000015_dcp2_hkv4: B=15, Sq=[16, 16, 16, 16, 16, 16, 16, 16, 16, 16, 16, 16, 16, 16, 16], Sk=[51464, 5917, 1758, 3203, 1502, 1208, 55262, 3530, 16144, 1020, 4782, 26990, 987, 3667, 7881], DCP=2, Hkv=4
================================================================================
Config: world_size=8, methods=['dcp_mega_varlen'], QH=32, KVH=4, D=128, TP=8, DCP=2, workload=chunk, execution=eager, baseline_phase_timing=False, warmup=10, iters=30, check=False
Workload: B=15, q_tokens=240, history_tokens=185315, q_seqlens=[16, 16, 16, 16, 16, 16, 16, 16, 16, 16, 16, 16, 16, 16, 16], history_seqlens=[51464, 5917, 1758, 3203, 1502, 1208, 55262, 3530, 16144, 1020, 4782, 26990, 987, 3667, 7881]
Agg TFLOPS uses useful attention work across all TP ranks and p50(max_across_ranks); Avg/GPU divides it by world_size.
KV GB/s/GPU is average logical BF16 K+V bytes read per TP rank divided by p50(max_across_ranks); it is not hardware-counter HBM traffic.

Running B=15, q_tokens=240, history_tokens=185315, causal=True

B=15, q_tokens=240, history_tokens=185315, QH=32, KVH=4, D=128, TP=8, DCP=2, mode=causal
Method                   Time ms                                                                                                                                     Agg TFLOPS    Avg/GPU  KV GB/s/GPU      Check  Note
dcp_mega_varlen          t0=0.082, t1=0.079, t2=0.083, t3=0.083, t4=0.081, t5=0.083, t6=0.083, t7=0.081 | p50(max_across_ranks)=0.086, p90(max_across_ranks)=0.089        566.0       70.8        553.8       skip  eager; output=bf16_ipc_a2a; runner_preallocated; timing=mega_kernel_only
Wrote benchmark JSON to benchmark_logs/bench_dcp/20260807-210441/results/arrival_2/dcp_2/mega/comm_sm_20/case_000015_dcp2_hkv4_eager.json

================================================================================
Mega comm_sm=20, case 17/20: case_000016_dcp2_hkv4: B=17, Sq=[16, 16, 16, 16, 16, 16, 16, 16, 16, 16, 16, 16, 16, 16, 16, 16, 16], Sk=[2016, 6697, 4869, 3640, 6010, 1140, 9523, 7156, 6503, 12406, 23255, 41773, 29925, 952, 14828, 957, 12693], DCP=2, Hkv=4
================================================================================
Config: world_size=8, methods=['dcp_mega_varlen'], QH=32, KVH=4, D=128, TP=8, DCP=2, workload=chunk, execution=eager, baseline_phase_timing=False, warmup=10, iters=30, check=False
Workload: B=17, q_tokens=272, history_tokens=184343, q_seqlens=[16, 16, 16, 16, 16, 16, 16, 16, 16, 16, 16, 16, 16, 16, 16, 16, 16], history_seqlens=[2016, 6697, 4869, 3640, 6010, 1140, 9523, 7156, 6503, 12406, 23255, 41773, 29925, 952, 14828, 957, 12693]
Agg TFLOPS uses useful attention work across all TP ranks and p50(max_across_ranks); Avg/GPU divides it by world_size.
KV GB/s/GPU is average logical BF16 K+V bytes read per TP rank divided by p50(max_across_ranks); it is not hardware-counter HBM traffic.

Running B=17, q_tokens=272, history_tokens=184343, causal=True

B=17, q_tokens=272, history_tokens=184343, QH=32, KVH=4, D=128, TP=8, DCP=2, mode=causal
Method                   Time ms                                                                                                                                     Agg TFLOPS    Avg/GPU  KV GB/s/GPU      Check  Note
dcp_mega_varlen          t0=0.085, t1=0.082, t2=0.085, t3=0.083, t4=0.085, t5=0.081, t6=0.083, t7=0.084 | p50(max_across_ranks)=0.086, p90(max_across_ranks)=0.088        559.3       69.9        547.4       skip  eager; output=bf16_ipc_a2a; runner_preallocated; timing=mega_kernel_only
Wrote benchmark JSON to benchmark_logs/bench_dcp/20260807-210441/results/arrival_2/dcp_2/mega/comm_sm_20/case_000016_dcp2_hkv4_eager.json

================================================================================
Mega comm_sm=20, case 18/20: case_000017_dcp2_hkv4: B=13, Sq=[16, 16, 16, 16, 16, 16, 16, 16, 16, 16, 16, 16, 16], Sk=[75316, 14264, 2774, 25123, 95646, 6857, 7119, 1008, 20490, 7235, 4617, 13126, 15486], DCP=2, Hkv=4
================================================================================
Config: world_size=8, methods=['dcp_mega_varlen'], QH=32, KVH=4, D=128, TP=8, DCP=2, workload=chunk, execution=eager, baseline_phase_timing=False, warmup=10, iters=30, check=False
Workload: B=13, q_tokens=208, history_tokens=289061, q_seqlens=[16, 16, 16, 16, 16, 16, 16, 16, 16, 16, 16, 16, 16], history_seqlens=[75316, 14264, 2774, 25123, 95646, 6857, 7119, 1008, 20490, 7235, 4617, 13126, 15486]
Agg TFLOPS uses useful attention work across all TP ranks and p50(max_across_ranks); Avg/GPU divides it by world_size.
KV GB/s/GPU is average logical BF16 K+V bytes read per TP rank divided by p50(max_across_ranks); it is not hardware-counter HBM traffic.

Running B=13, q_tokens=208, history_tokens=289061, causal=True

B=13, q_tokens=208, history_tokens=289061, QH=32, KVH=4, D=128, TP=8, DCP=2, mode=causal
Method                   Time ms                                                                                                                                     Agg TFLOPS    Avg/GPU  KV GB/s/GPU      Check  Note
dcp_mega_varlen          t0=0.098, t1=0.095, t2=0.095, t3=0.096, t4=0.095, t5=0.094, t6=0.096, t7=0.095 | p50(max_across_ranks)=0.098, p90(max_across_ranks)=0.099        773.3       96.7        755.9       skip  eager; output=bf16_ipc_a2a; runner_preallocated; timing=mega_kernel_only
Wrote benchmark JSON to benchmark_logs/bench_dcp/20260807-210441/results/arrival_2/dcp_2/mega/comm_sm_20/case_000017_dcp2_hkv4_eager.json

================================================================================
Mega comm_sm=20, case 19/20: case_000018_dcp2_hkv4: B=19, Sq=[16, 16, 16, 16, 16, 16, 16, 16, 16, 16, 16, 16, 16, 16, 16, 16, 16, 16, 16], Sk=[2705, 5315, 7851, 1419, 1881, 16977, 5542, 5287, 13343, 12195, 15111, 36751, 8765, 26939, 2306, 16566, 19214, 13015, 34307], DCP=2, Hkv=4
================================================================================
Config: world_size=8, methods=['dcp_mega_varlen'], QH=32, KVH=4, D=128, TP=8, DCP=2, workload=chunk, execution=eager, baseline_phase_timing=False, warmup=10, iters=30, check=False
Workload: B=19, q_tokens=304, history_tokens=245489, q_seqlens=[16, 16, 16, 16, 16, 16, 16, 16, 16, 16, 16, 16, 16, 16, 16, 16, 16, 16, 16], history_seqlens=[2705, 5315, 7851, 1419, 1881, 16977, 5542, 5287, 13343, 12195, 15111, 36751, 8765, 26939, 2306, 16566, 19214, 13015, 34307]
Agg TFLOPS uses useful attention work across all TP ranks and p50(max_across_ranks); Avg/GPU divides it by world_size.
KV GB/s/GPU is average logical BF16 K+V bytes read per TP rank divided by p50(max_across_ranks); it is not hardware-counter HBM traffic.

Running B=19, q_tokens=304, history_tokens=245489, causal=True

B=19, q_tokens=304, history_tokens=245489, QH=32, KVH=4, D=128, TP=8, DCP=2, mode=causal
Method                   Time ms                                                                                                                                     Agg TFLOPS    Avg/GPU  KV GB/s/GPU      Check  Note
dcp_mega_varlen          t0=0.087, t1=0.084, t2=0.086, t3=0.087, t4=0.086, t5=0.085, t6=0.087, t7=0.086 | p50(max_across_ranks)=0.088, p90(max_across_ranks)=0.090        727.8       91.0        712.0       skip  eager; output=bf16_ipc_a2a; runner_preallocated; timing=mega_kernel_only
Wrote benchmark JSON to benchmark_logs/bench_dcp/20260807-210441/results/arrival_2/dcp_2/mega/comm_sm_20/case_000018_dcp2_hkv4_eager.json

================================================================================
Mega comm_sm=20, case 20/20: case_000019_dcp2_hkv4: B=19, Sq=[16, 16, 16, 16, 16, 16, 16, 16, 16, 16, 16, 16, 16, 16, 16, 16, 16, 16, 3752], Sk=[36208, 1460, 36619, 5682, 46842, 4802, 3193, 10089, 34142, 18520, 15726, 962, 1203, 4004, 1589, 2318, 1453, 2665, 512], DCP=2, Hkv=4
================================================================================
Config: world_size=8, methods=['dcp_mega_varlen'], QH=32, KVH=4, D=128, TP=8, DCP=2, workload=chunk, execution=eager, baseline_phase_timing=False, warmup=10, iters=30, check=False
Workload: B=19, q_tokens=4040, history_tokens=227989, q_seqlens=[16, 16, 16, 16, 16, 16, 16, 16, 16, 16, 16, 16, 16, 16, 16, 16, 16, 16, 3752], history_seqlens=[36208, 1460, 36619, 5682, 46842, 4802, 3193, 10089, 34142, 18520, 15726, 962, 1203, 4004, 1589, 2318, 1453, 2665, 512]
Agg TFLOPS uses useful attention work across all TP ranks and p50(max_across_ranks); Avg/GPU divides it by world_size.
KV GB/s/GPU is average logical BF16 K+V bytes read per TP rank divided by p50(max_across_ranks); it is not hardware-counter HBM traffic.

Running B=19, q_tokens=4040, history_tokens=227989, causal=True

B=19, q_tokens=4040, history_tokens=227989, QH=32, KVH=4, D=128, TP=8, DCP=2, mode=causal
Method                   Time ms                                                                                                                                     Agg TFLOPS    Avg/GPU  KV GB/s/GPU      Check  Note
dcp_mega_varlen          t0=0.309, t1=0.304, t2=0.308, t3=0.309, t4=0.307, t5=0.306, t6=0.308, t7=0.305 | p50(max_across_ranks)=0.310, p90(max_across_ranks)=0.311        665.7       83.2        194.8       skip  eager; output=bf16_ipc_a2a; runner_preallocated; timing=mega_kernel_only
Wrote benchmark JSON to benchmark_logs/bench_dcp/20260807-210441/results/arrival_2/dcp_2/mega/comm_sm_20/case_000019_dcp2_hkv4_eager.json

Mega comm_sm=20 summary

Mega DCP batch summary
Case                   DCP Method                       p50 ms     p90 ms   Agg TFLOPS
case_000000_dcp2_hkv4    2 dcp_mega_varlen               0.118      0.120       1067.1
case_000001_dcp2_hkv4    2 dcp_mega_varlen               0.078      0.081        514.0
case_000002_dcp2_hkv4    2 dcp_mega_varlen               0.074      0.078        461.1
case_000003_dcp2_hkv4    2 dcp_mega_varlen               0.101      0.108        855.7
case_000004_dcp2_hkv4    2 dcp_mega_varlen               0.301      0.303        245.0
case_000005_dcp2_hkv4    2 dcp_mega_varlen               0.083      0.088        591.5
case_000006_dcp2_hkv4    2 dcp_mega_varlen               0.087      0.090        569.4
case_000007_dcp2_hkv4    2 dcp_mega_varlen               0.086      0.090        530.3
case_000008_dcp2_hkv4    2 dcp_mega_varlen               0.097      0.099        746.2
case_000009_dcp2_hkv4    2 dcp_mega_varlen               0.081      0.083        438.8
case_000010_dcp2_hkv4    2 dcp_mega_varlen               0.474      0.481        481.7
case_000011_dcp2_hkv4    2 dcp_mega_varlen               0.626      0.629       3528.7
case_000012_dcp2_hkv4    2 dcp_mega_varlen               0.451      0.459        286.0
case_000013_dcp2_hkv4    2 dcp_mega_varlen               0.085      0.092        489.8
case_000014_dcp2_hkv4    2 dcp_mega_varlen               0.064      0.066        315.6
case_000015_dcp2_hkv4    2 dcp_mega_varlen               0.086      0.089        566.0
case_000016_dcp2_hkv4    2 dcp_mega_varlen               0.086      0.088        559.3
case_000017_dcp2_hkv4    2 dcp_mega_varlen               0.098      0.099        773.3
case_000018_dcp2_hkv4    2 dcp_mega_varlen               0.088      0.090        727.8
case_000019_dcp2_hkv4    2 dcp_mega_varlen               0.310      0.311        665.7

Mega DCP workload-weighted summary
Topology        DCP Method                     Cases    Mean ms  Mean TFLOPS     Weighted  Weighted/GPU
dcp2_hkv4         2 dcp_mega_varlen               20      0.174        720.7       1059.9         132.5
Wrote batch manifest to benchmark_logs/bench_dcp/20260807-210441/results/arrival_2/dcp_2/mega/manifest.json
