CUDA_VISIBLE_DEVICES=0\,1\,2\,3\,4\,5\,6\,7 /home/hychen/min_fa3_demo/.venv/bin/torchrun --standalone --nproc_per_node=8 --module dcp_test.benchmark_dcp_mega_batch --config dcp_test/configs/dcp_mega_six_loads.json --trace-config dcp_test/trace/example_config.json --trace-cases /home/hychen/min_fa3_demo/benchmark_logs/experiment_suite/20260812-231044-dcp-cp-suite/01_dcp_wave/results/arrival_4/dcp_2/trace/cases.jsonl --trace-arrival-time-scale 4 --trace-dcp-size 2 --num-cases 100 --dcp-sizes 2 --implementations mega --num-splits 0 --mega-block-n auto --mega-num-comm-sms 12 --warmup 40 --iters 60 --no-check --no-cuda-graph --no-mega-phase-timestamps --no-baseline-phase-timing --mega-scheduler-heuristic --mega-history-order fifo --output-dir /home/hychen/min_fa3_demo/benchmark_logs/experiment_suite/20260812-231044-dcp-cp-suite/01_dcp_wave/results/arrival_4/dcp_2/critical_wave_fifo --manifest /home/hychen/min_fa3_demo/benchmark_logs/experiment_suite/20260812-231044-dcp-cp-suite/01_dcp_wave/results/arrival_4/dcp_2/critical_wave_fifo/manifest.json
Mega DCP batch: name=dcp_mega_trace, mode=eager, cases=100, methods=['dcp_mega_varlen'], comm_sm_sweep=[12], baseline_phase_timing=False

================================================================================
Mega comm_sm=12, case 1/100: case_000000_dcp2_hkv4: B=23, Sq=[16, 16, 16, 16, 16, 16, 16, 16, 16, 16, 16, 16, 16, 16, 16, 16, 16, 16, 16, 16, 16, 16, 4096], Sk=[11221, 36702, 3693, 9216, 1559, 41816, 35023, 1177, 29796, 13219, 1131, 25879, 1101, 26486, 4215, 28834, 15010, 16897, 2265, 1319, 26573, 8483, 512], DCP=2, Hkv=4
================================================================================
Config: world_size=8, methods=['dcp_mega_varlen'], QH=32, KVH=4, D=128, TP=8, DCP=2, workload=chunk, execution=eager, baseline_phase_timing=False, warmup=40, iters=60, check=False
Workload: B=23, q_tokens=4448, history_tokens=342127, q_seqlens=[16, 16, 16, 16, 16, 16, 16, 16, 16, 16, 16, 16, 16, 16, 16, 16, 16, 16, 16, 16, 16, 16, 4096], history_seqlens=[11221, 36702, 3693, 9216, 1559, 41816, 35023, 1177, 29796, 13219, 1131, 25879, 1101, 26486, 4215, 28834, 15010, 16897, 2265, 1319, 26573, 8483, 512]
Agg TFLOPS uses useful attention work across all TP ranks and p50(max_across_ranks); Avg/GPU divides it by world_size.
KV GB/s/GPU is average logical BF16 K+V bytes read per TP rank divided by p50(max_across_ranks); it is not hardware-counter HBM traffic.

Running B=23, q_tokens=4448, history_tokens=342127, causal=True

B=23, q_tokens=4448, history_tokens=342127, QH=32, KVH=4, D=128, TP=8, DCP=2, mode=causal
Method                   Time ms                                                                                                                                     Agg TFLOPS    Avg/GPU  KV GB/s/GPU      Check  Note
dcp_mega_varlen          t0=0.224, t1=0.222, t2=0.248, t3=0.215, t4=0.224, t5=0.222, t6=0.251, t7=0.217 | p50(max_across_ranks)=0.252, p90(max_across_ranks)=0.258       1038.8      129.8        357.0       skip  eager; output=bf16_ipc_a2a; runner_preallocated; timing=mega_kernel_only
Wrote benchmark JSON to /home/hychen/min_fa3_demo/benchmark_logs/experiment_suite/20260812-231044-dcp-cp-suite/01_dcp_wave/results/arrival_4/dcp_2/critical_wave_fifo/comm_sm_12/case_000000_dcp2_hkv4_eager.json

================================================================================
Mega comm_sm=12, case 2/100: case_000001_dcp2_hkv4: B=39, Sq=[16, 16, 16, 16, 16, 16, 16, 16, 16, 16, 16, 16, 16, 16, 16, 16, 16, 16, 16, 16, 16, 16, 16, 16, 16, 16, 16, 16, 16, 16, 16, 16, 16, 16, 16, 16, 16, 16, 4096], Sk=[37252, 9776, 1703, 30319, 2815, 3639, 79748, 3229, 9027, 24273, 5424, 4908, 1213, 9569, 2520, 2345, 6627, 31825, 9247, 1116, 4442, 5372, 1502, 22652, 1186, 28896, 1003, 997, 62369, 7660, 7345, 1062, 3020, 2610, 6820, 1008, 10411, 1029, 16896], DCP=2, Hkv=4
================================================================================
Config: world_size=8, methods=['dcp_mega_varlen'], QH=32, KVH=4, D=128, TP=8, DCP=2, workload=chunk, execution=eager, baseline_phase_timing=False, warmup=40, iters=60, check=False
Workload: B=39, q_tokens=4704, history_tokens=462855, q_seqlens=[16, 16, 16, 16, 16, 16, 16, 16, 16, 16, 16, 16, 16, 16, 16, 16, 16, 16, 16, 16, 16, 16, 16, 16, 16, 16, 16, 16, 16, 16, 16, 16, 16, 16, 16, 16, 16, 16, 4096], history_seqlens=[37252, 9776, 1703, 30319, 2815, 3639, 79748, 3229, 9027, 24273, 5424, 4908, 1213, 9569, 2520, 2345, 6627, 31825, 9247, 1116, 4442, 5372, 1502, 22652, 1186, 28896, 1003, 997, 62369, 7660, 7345, 1062, 3020, 2610, 6820, 1008, 10411, 1029, 16896]
Agg TFLOPS uses useful attention work across all TP ranks and p50(max_across_ranks); Avg/GPU divides it by world_size.
KV GB/s/GPU is average logical BF16 K+V bytes read per TP rank divided by p50(max_across_ranks); it is not hardware-counter HBM traffic.

Running B=39, q_tokens=4704, history_tokens=462855, causal=True

B=39, q_tokens=4704, history_tokens=462855, QH=32, KVH=4, D=128, TP=8, DCP=2, mode=causal
Method                   Time ms                                                                                                                                     Agg TFLOPS    Avg/GPU  KV GB/s/GPU      Check  Note
dcp_mega_varlen          t0=0.375, t1=0.368, t2=0.377, t3=0.370, t4=0.371, t5=0.370, t6=0.377, t7=0.371 | p50(max_across_ranks)=0.378, p90(max_across_ranks)=0.380       3671.8      459.0        319.7       skip  eager; output=bf16_ipc_a2a; runner_preallocated; timing=mega_kernel_only
Wrote benchmark JSON to /home/hychen/min_fa3_demo/benchmark_logs/experiment_suite/20260812-231044-dcp-cp-suite/01_dcp_wave/results/arrival_4/dcp_2/critical_wave_fifo/comm_sm_12/case_000001_dcp2_hkv4_eager.json

================================================================================
Mega comm_sm=12, case 3/100: case_000002_dcp2_hkv4: B=45, Sq=[16, 16, 16, 16, 16, 16, 16, 16, 16, 16, 16, 16, 16, 16, 16, 16, 16, 16, 16, 16, 16, 16, 16, 16, 16, 16, 16, 16, 16, 16, 16, 16, 16, 16, 16, 16, 16, 16, 16, 16, 16, 16, 16, 16, 16], Sk=[80925, 44623, 16595, 21481, 3673, 1985, 4104, 1295, 1979, 18972, 1219, 1283, 14838, 1171, 13112, 1166, 28809, 23051, 15093, 118898, 9861, 17411, 6094, 6679, 1079, 19656, 4856, 14971, 33083, 7795, 6192, 7889, 9581, 8913, 11320, 12073, 29949, 6404, 7917, 8757, 7378, 24998, 1271, 13363, 6829], DCP=2, Hkv=4
================================================================================
Config: world_size=8, methods=['dcp_mega_varlen'], QH=32, KVH=4, D=128, TP=8, DCP=2, workload=chunk, execution=eager, baseline_phase_timing=False, warmup=40, iters=60, check=False
Workload: B=45, q_tokens=720, history_tokens=698591, q_seqlens=[16, 16, 16, 16, 16, 16, 16, 16, 16, 16, 16, 16, 16, 16, 16, 16, 16, 16, 16, 16, 16, 16, 16, 16, 16, 16, 16, 16, 16, 16, 16, 16, 16, 16, 16, 16, 16, 16, 16, 16, 16, 16, 16, 16, 16], history_seqlens=[80925, 44623, 16595, 21481, 3673, 1985, 4104, 1295, 1979, 18972, 1219, 1283, 14838, 1171, 13112, 1166, 28809, 23051, 15093, 118898, 9861, 17411, 6094, 6679, 1079, 19656, 4856, 14971, 33083, 7795, 6192, 7889, 9581, 8913, 11320, 12073, 29949, 6404, 7917, 8757, 7378, 24998, 1271, 13363, 6829]
Agg TFLOPS uses useful attention work across all TP ranks and p50(max_across_ranks); Avg/GPU divides it by world_size.
KV GB/s/GPU is average logical BF16 K+V bytes read per TP rank divided by p50(max_across_ranks); it is not hardware-counter HBM traffic.

Running B=45, q_tokens=720, history_tokens=698591, causal=True

B=45, q_tokens=720, history_tokens=698591, QH=32, KVH=4, D=128, TP=8, DCP=2, mode=causal
Method                   Time ms                                                                                                                                     Agg TFLOPS    Avg/GPU  KV GB/s/GPU      Check  Note
dcp_mega_varlen          t0=0.126, t1=0.126, t2=0.129, t3=0.124, t4=0.129, t5=0.124, t6=0.129, t7=0.124 | p50(max_across_ranks)=0.130, p90(max_across_ranks)=0.134       1413.1      176.6       1382.1       skip  eager; output=bf16_ipc_a2a; runner_preallocated; timing=mega_kernel_only
Wrote benchmark JSON to /home/hychen/min_fa3_demo/benchmark_logs/experiment_suite/20260812-231044-dcp-cp-suite/01_dcp_wave/results/arrival_4/dcp_2/critical_wave_fifo/comm_sm_12/case_000002_dcp2_hkv4_eager.json

================================================================================
Mega comm_sm=12, case 4/100: case_000003_dcp2_hkv4: B=41, Sq=[16, 16, 16, 16, 16, 16, 16, 16, 16, 16, 16, 16, 16, 16, 16, 16, 16, 16, 16, 16, 16, 16, 16, 16, 16, 16, 16, 16, 16, 16, 16, 16, 16, 16, 16, 16, 16, 16, 16, 16, 1424], Sk=[81211, 2267, 23340, 119177, 17695, 6369, 6954, 19941, 5129, 33347, 8147, 9833, 9181, 11600, 12350, 30210, 6688, 8188, 9013, 7649, 13619, 22422, 2381, 25307, 7016, 3264, 2870, 14987, 8762, 23857, 30836, 3349, 6118, 15935, 7059, 8663, 4206, 13064, 5933, 6928, 33280], DCP=2, Hkv=4
================================================================================
Config: world_size=8, methods=['dcp_mega_varlen'], QH=32, KVH=4, D=128, TP=8, DCP=2, workload=chunk, execution=eager, baseline_phase_timing=False, warmup=40, iters=60, check=False
Workload: B=41, q_tokens=2064, history_tokens=688145, q_seqlens=[16, 16, 16, 16, 16, 16, 16, 16, 16, 16, 16, 16, 16, 16, 16, 16, 16, 16, 16, 16, 16, 16, 16, 16, 16, 16, 16, 16, 16, 16, 16, 16, 16, 16, 16, 16, 16, 16, 16, 16, 1424], history_seqlens=[81211, 2267, 23340, 119177, 17695, 6369, 6954, 19941, 5129, 33347, 8147, 9833, 9181, 11600, 12350, 30210, 6688, 8188, 9013, 7649, 13619, 22422, 2381, 25307, 7016, 3264, 2870, 14987, 8762, 23857, 30836, 3349, 6118, 15935, 7059, 8663, 4206, 13064, 5933, 6928, 33280]
Agg TFLOPS uses useful attention work across all TP ranks and p50(max_across_ranks); Avg/GPU divides it by world_size.
KV GB/s/GPU is average logical BF16 K+V bytes read per TP rank divided by p50(max_across_ranks); it is not hardware-counter HBM traffic.

Running B=41, q_tokens=2064, history_tokens=688145, causal=True

B=41, q_tokens=2064, history_tokens=688145, QH=32, KVH=4, D=128, TP=8, DCP=2, mode=causal
Method                   Time ms                                                                                                                                     Agg TFLOPS    Avg/GPU  KV GB/s/GPU      Check  Note
dcp_mega_varlen          t0=0.277, t1=0.277, t2=0.278, t3=0.273, t4=0.279, t5=0.274, t6=0.279, t7=0.273 | p50(max_across_ranks)=0.280, p90(max_across_ranks)=0.282       3440.1      430.0        631.9       skip  eager; output=bf16_ipc_a2a; runner_preallocated; timing=mega_kernel_only
Wrote benchmark JSON to /home/hychen/min_fa3_demo/benchmark_logs/experiment_suite/20260812-231044-dcp-cp-suite/01_dcp_wave/results/arrival_4/dcp_2/critical_wave_fifo/comm_sm_12/case_000003_dcp2_hkv4_eager.json

================================================================================
Mega comm_sm=12, case 5/100: case_000004_dcp2_hkv4: B=27, Sq=[16, 16, 16, 16, 16, 16, 16, 16, 16, 16, 16, 16, 16, 16, 16, 16, 16, 16, 16, 16, 16, 16, 16, 16, 16, 4096, 1376], Sk=[9381, 12570, 13825, 25524, 7232, 24071, 31052, 3541, 6323, 16139, 8879, 4432, 13280, 7135, 10299, 1540, 15925, 15022, 1924, 29250, 984, 31180, 7468, 1463, 17683, 12800, 12800], DCP=2, Hkv=4
================================================================================
Config: world_size=8, methods=['dcp_mega_varlen'], QH=32, KVH=4, D=128, TP=8, DCP=2, workload=chunk, execution=eager, baseline_phase_timing=False, warmup=40, iters=60, check=False
Workload: B=27, q_tokens=5872, history_tokens=341722, q_seqlens=[16, 16, 16, 16, 16, 16, 16, 16, 16, 16, 16, 16, 16, 16, 16, 16, 16, 16, 16, 16, 16, 16, 16, 16, 16, 4096, 1376], history_seqlens=[9381, 12570, 13825, 25524, 7232, 24071, 31052, 3541, 6323, 16139, 8879, 4432, 13280, 7135, 10299, 1540, 15925, 15022, 1924, 29250, 984, 31180, 7468, 1463, 17683, 12800, 12800]
Agg TFLOPS uses useful attention work across all TP ranks and p50(max_across_ranks); Avg/GPU divides it by world_size.
KV GB/s/GPU is average logical BF16 K+V bytes read per TP rank divided by p50(max_across_ranks); it is not hardware-counter HBM traffic.

Running B=27, q_tokens=5872, history_tokens=341722, causal=True

B=27, q_tokens=5872, history_tokens=341722, QH=32, KVH=4, D=128, TP=8, DCP=2, mode=causal
Method                   Time ms                                                                                                                                     Agg TFLOPS    Avg/GPU  KV GB/s/GPU      Check  Note
dcp_mega_varlen          t0=0.354, t1=0.356, t2=0.358, t3=0.353, t4=0.355, t5=0.353, t6=0.356, t7=0.354 | p50(max_across_ranks)=0.358, p90(max_across_ranks)=0.361       3859.6      482.5        252.4       skip  eager; output=bf16_ipc_a2a; runner_preallocated; timing=mega_kernel_only
Wrote benchmark JSON to /home/hychen/min_fa3_demo/benchmark_logs/experiment_suite/20260812-231044-dcp-cp-suite/01_dcp_wave/results/arrival_4/dcp_2/critical_wave_fifo/comm_sm_12/case_000004_dcp2_hkv4_eager.json

================================================================================
Mega comm_sm=12, case 6/100: case_000005_dcp2_hkv4: B=35, Sq=[16, 16, 16, 16, 16, 16, 16, 16, 16, 16, 16, 16, 16, 16, 16, 16, 16, 16, 16, 16, 16, 16, 16, 16, 16, 16, 16, 16, 16, 16, 16, 16, 16, 16, 16], Sk=[4106, 11922, 4981, 6753, 4721, 12580, 14050, 6160, 21505, 21923, 2730, 24931, 8797, 5140, 10060, 12499, 27324, 6055, 1054, 11575, 1194, 7000, 987, 13248, 2215, 20685, 67913, 10556, 16246, 91389, 9023, 31863, 5276, 3010, 1396], DCP=2, Hkv=4
================================================================================
Config: world_size=8, methods=['dcp_mega_varlen'], QH=32, KVH=4, D=128, TP=8, DCP=2, workload=chunk, execution=eager, baseline_phase_timing=False, warmup=40, iters=60, check=False
Workload: B=35, q_tokens=560, history_tokens=500867, q_seqlens=[16, 16, 16, 16, 16, 16, 16, 16, 16, 16, 16, 16, 16, 16, 16, 16, 16, 16, 16, 16, 16, 16, 16, 16, 16, 16, 16, 16, 16, 16, 16, 16, 16, 16, 16], history_seqlens=[4106, 11922, 4981, 6753, 4721, 12580, 14050, 6160, 21505, 21923, 2730, 24931, 8797, 5140, 10060, 12499, 27324, 6055, 1054, 11575, 1194, 7000, 987, 13248, 2215, 20685, 67913, 10556, 16246, 91389, 9023, 31863, 5276, 3010, 1396]
Agg TFLOPS uses useful attention work across all TP ranks and p50(max_across_ranks); Avg/GPU divides it by world_size.
KV GB/s/GPU is average logical BF16 K+V bytes read per TP rank divided by p50(max_across_ranks); it is not hardware-counter HBM traffic.

Running B=35, q_tokens=560, history_tokens=500867, causal=True

B=35, q_tokens=560, history_tokens=500867, QH=32, KVH=4, D=128, TP=8, DCP=2, mode=causal
Method                   Time ms                                                                                                                                     Agg TFLOPS    Avg/GPU  KV GB/s/GPU      Check  Note
dcp_mega_varlen          t0=0.109, t1=0.108, t2=0.111, t3=0.107, t4=0.111, t5=0.108, t6=0.111, t7=0.107 | p50(max_across_ranks)=0.112, p90(max_across_ranks)=0.113       1176.0      147.0       1150.4       skip  eager; output=bf16_ipc_a2a; runner_preallocated; timing=mega_kernel_only
Wrote benchmark JSON to /home/hychen/min_fa3_demo/benchmark_logs/experiment_suite/20260812-231044-dcp-cp-suite/01_dcp_wave/results/arrival_4/dcp_2/critical_wave_fifo/comm_sm_12/case_000005_dcp2_hkv4_eager.json

================================================================================
Mega comm_sm=12, case 7/100: case_000006_dcp2_hkv4: B=33, Sq=[16, 16, 16, 16, 16, 16, 16, 16, 16, 16, 16, 16, 16, 16, 16, 16, 16, 16, 16, 16, 16, 16, 16, 16, 16, 16, 16, 16, 16, 16, 16, 16, 736], Sk=[3567, 28083, 1457, 14265, 24943, 18950, 1917, 15734, 7899, 8323, 11835, 24293, 34212, 44336, 1178, 10831, 4928, 2417, 28487, 10413, 17024, 10267, 1596, 4165, 8890, 1103, 1300, 4472, 9963, 1288, 2349, 6378, 9216], DCP=2, Hkv=4
================================================================================
Config: world_size=8, methods=['dcp_mega_varlen'], QH=32, KVH=4, D=128, TP=8, DCP=2, workload=chunk, execution=eager, baseline_phase_timing=False, warmup=40, iters=60, check=False
Workload: B=33, q_tokens=1248, history_tokens=376079, q_seqlens=[16, 16, 16, 16, 16, 16, 16, 16, 16, 16, 16, 16, 16, 16, 16, 16, 16, 16, 16, 16, 16, 16, 16, 16, 16, 16, 16, 16, 16, 16, 16, 16, 736], history_seqlens=[3567, 28083, 1457, 14265, 24943, 18950, 1917, 15734, 7899, 8323, 11835, 24293, 34212, 44336, 1178, 10831, 4928, 2417, 28487, 10413, 17024, 10267, 1596, 4165, 8890, 1103, 1300, 4472, 9963, 1288, 2349, 6378, 9216]
Agg TFLOPS uses useful attention work across all TP ranks and p50(max_across_ranks); Avg/GPU divides it by world_size.
KV GB/s/GPU is average logical BF16 K+V bytes read per TP rank divided by p50(max_across_ranks); it is not hardware-counter HBM traffic.

Running B=33, q_tokens=1248, history_tokens=376079, causal=True

B=33, q_tokens=1248, history_tokens=376079, QH=32, KVH=4, D=128, TP=8, DCP=2, mode=causal
Method                   Time ms                                                                                                                                     Agg TFLOPS    Avg/GPU  KV GB/s/GPU      Check  Note
dcp_mega_varlen          t0=0.117, t1=0.116, t2=0.119, t3=0.118, t4=0.119, t5=0.117, t6=0.118, t7=0.117 | p50(max_across_ranks)=0.120, p90(max_across_ranks)=0.122       1762.6      220.3        806.4       skip  eager; output=bf16_ipc_a2a; runner_preallocated; timing=mega_kernel_only
Wrote benchmark JSON to /home/hychen/min_fa3_demo/benchmark_logs/experiment_suite/20260812-231044-dcp-cp-suite/01_dcp_wave/results/arrival_4/dcp_2/critical_wave_fifo/comm_sm_12/case_000006_dcp2_hkv4_eager.json

================================================================================
Mega comm_sm=12, case 8/100: case_000007_dcp2_hkv4: B=34, Sq=[16, 16, 16, 16, 16, 16, 16, 16, 16, 16, 16, 16, 16, 16, 16, 16, 16, 16, 16, 16, 16, 16, 16, 16, 16, 16, 16, 16, 16, 16, 16, 16, 16, 16], Sk=[1586, 2027, 8017, 11961, 34323, 1306, 10953, 5047, 2552, 28609, 17146, 10389, 1709, 9023, 1434, 4575, 1406, 2483, 6501, 10067, 2003, 9008, 21636, 18538, 1617, 10108, 3155, 977, 4412, 10689, 34707, 8894, 948, 3094], DCP=2, Hkv=4
================================================================================
Config: world_size=8, methods=['dcp_mega_varlen'], QH=32, KVH=4, D=128, TP=8, DCP=2, workload=chunk, execution=eager, baseline_phase_timing=False, warmup=40, iters=60, check=False
Workload: B=34, q_tokens=544, history_tokens=300900, q_seqlens=[16, 16, 16, 16, 16, 16, 16, 16, 16, 16, 16, 16, 16, 16, 16, 16, 16, 16, 16, 16, 16, 16, 16, 16, 16, 16, 16, 16, 16, 16, 16, 16, 16, 16], history_seqlens=[1586, 2027, 8017, 11961, 34323, 1306, 10953, 5047, 2552, 28609, 17146, 10389, 1709, 9023, 1434, 4575, 1406, 2483, 6501, 10067, 2003, 9008, 21636, 18538, 1617, 10108, 3155, 977, 4412, 10689, 34707, 8894, 948, 3094]
Agg TFLOPS uses useful attention work across all TP ranks and p50(max_across_ranks); Avg/GPU divides it by world_size.
KV GB/s/GPU is average logical BF16 K+V bytes read per TP rank divided by p50(max_across_ranks); it is not hardware-counter HBM traffic.

Running B=34, q_tokens=544, history_tokens=300900, causal=True

B=34, q_tokens=544, history_tokens=300900, QH=32, KVH=4, D=128, TP=8, DCP=2, mode=causal
Method                   Time ms                                                                                                                                     Agg TFLOPS    Avg/GPU  KV GB/s/GPU      Check  Note
dcp_mega_varlen          t0=0.086, t1=0.085, t2=0.088, t3=0.084, t4=0.087, t5=0.084, t6=0.087, t7=0.085 | p50(max_across_ranks)=0.088, p90(max_across_ranks)=0.090        895.3      111.9        876.6       skip  eager; output=bf16_ipc_a2a; runner_preallocated; timing=mega_kernel_only
Wrote benchmark JSON to /home/hychen/min_fa3_demo/benchmark_logs/experiment_suite/20260812-231044-dcp-cp-suite/01_dcp_wave/results/arrival_4/dcp_2/critical_wave_fifo/comm_sm_12/case_000007_dcp2_hkv4_eager.json

================================================================================
Mega comm_sm=12, case 9/100: case_000008_dcp2_hkv4: B=32, Sq=[16, 16, 16, 16, 16, 16, 16, 16, 16, 16, 16, 16, 16, 16, 16, 16, 16, 16, 16, 16, 16, 16, 16, 16, 16, 16, 16, 16, 16, 16, 16, 16], Sk=[11291, 8190, 3018, 21987, 29090, 4610, 4116, 1273, 8911, 15904, 1584, 78512, 34892, 2320, 12240, 8568, 1977, 1883, 12430, 16947, 1614, 6884, 9584, 3119, 10247, 12369, 976, 1000, 14916, 9574, 1155, 5976], DCP=2, Hkv=4
================================================================================
Config: world_size=8, methods=['dcp_mega_varlen'], QH=32, KVH=4, D=128, TP=8, DCP=2, workload=chunk, execution=eager, baseline_phase_timing=False, warmup=40, iters=60, check=False
Workload: B=32, q_tokens=512, history_tokens=357157, q_seqlens=[16, 16, 16, 16, 16, 16, 16, 16, 16, 16, 16, 16, 16, 16, 16, 16, 16, 16, 16, 16, 16, 16, 16, 16, 16, 16, 16, 16, 16, 16, 16, 16], history_seqlens=[11291, 8190, 3018, 21987, 29090, 4610, 4116, 1273, 8911, 15904, 1584, 78512, 34892, 2320, 12240, 8568, 1977, 1883, 12430, 16947, 1614, 6884, 9584, 3119, 10247, 12369, 976, 1000, 14916, 9574, 1155, 5976]
Agg TFLOPS uses useful attention work across all TP ranks and p50(max_across_ranks); Avg/GPU divides it by world_size.
KV GB/s/GPU is average logical BF16 K+V bytes read per TP rank divided by p50(max_across_ranks); it is not hardware-counter HBM traffic.

Running B=32, q_tokens=512, history_tokens=357157, causal=True

B=32, q_tokens=512, history_tokens=357157, QH=32, KVH=4, D=128, TP=8, DCP=2, mode=causal
Method                   Time ms                                                                                                                                     Agg TFLOPS    Avg/GPU  KV GB/s/GPU      Check  Note
dcp_mega_varlen          t0=0.095, t1=0.094, t2=0.095, t3=0.094, t4=0.095, t5=0.093, t6=0.096, t7=0.093 | p50(max_across_ranks)=0.097, p90(max_across_ranks)=0.100        965.7      120.7        945.1       skip  eager; output=bf16_ipc_a2a; runner_preallocated; timing=mega_kernel_only
Wrote benchmark JSON to /home/hychen/min_fa3_demo/benchmark_logs/experiment_suite/20260812-231044-dcp-cp-suite/01_dcp_wave/results/arrival_4/dcp_2/critical_wave_fifo/comm_sm_12/case_000008_dcp2_hkv4_eager.json

================================================================================
Mega comm_sm=12, case 10/100: case_000009_dcp2_hkv4: B=37, Sq=[16, 16, 16, 16, 16, 16, 16, 16, 16, 16, 16, 16, 16, 16, 16, 16, 16, 16, 16, 16, 16, 16, 16, 16, 16, 16, 16, 16, 16, 16, 16, 16, 16, 16, 16, 16, 16], Sk=[3644, 10775, 6478, 22431, 28252, 2166, 52150, 112444, 13043, 5924, 3558, 9919, 1231, 31519, 8455, 1525, 1624, 13621, 4496, 1150, 24681, 6226, 8033, 17898, 30779, 19977, 10492, 12716, 1005, 4536, 3381, 5915, 24698, 12555, 919, 5908, 14552], DCP=2, Hkv=4
================================================================================
Config: world_size=8, methods=['dcp_mega_varlen'], QH=32, KVH=4, D=128, TP=8, DCP=2, workload=chunk, execution=eager, baseline_phase_timing=False, warmup=40, iters=60, check=False
Workload: B=37, q_tokens=592, history_tokens=538676, q_seqlens=[16, 16, 16, 16, 16, 16, 16, 16, 16, 16, 16, 16, 16, 16, 16, 16, 16, 16, 16, 16, 16, 16, 16, 16, 16, 16, 16, 16, 16, 16, 16, 16, 16, 16, 16, 16, 16], history_seqlens=[3644, 10775, 6478, 22431, 28252, 2166, 52150, 112444, 13043, 5924, 3558, 9919, 1231, 31519, 8455, 1525, 1624, 13621, 4496, 1150, 24681, 6226, 8033, 17898, 30779, 19977, 10492, 12716, 1005, 4536, 3381, 5915, 24698, 12555, 919, 5908, 14552]
Agg TFLOPS uses useful attention work across all TP ranks and p50(max_across_ranks); Avg/GPU divides it by world_size.
KV GB/s/GPU is average logical BF16 K+V bytes read per TP rank divided by p50(max_across_ranks); it is not hardware-counter HBM traffic.

Running B=37, q_tokens=592, history_tokens=538676, causal=True

B=37, q_tokens=592, history_tokens=538676, QH=32, KVH=4, D=128, TP=8, DCP=2, mode=causal
Method                   Time ms                                                                                                                                     Agg TFLOPS    Avg/GPU  KV GB/s/GPU      Check  Note
dcp_mega_varlen          t0=0.113, t1=0.112, t2=0.114, t3=0.112, t4=0.113, t5=0.111, t6=0.114, t7=0.111 | p50(max_across_ranks)=0.116, p90(max_across_ranks)=0.121       1223.1      152.9       1196.4       skip  eager; output=bf16_ipc_a2a; runner_preallocated; timing=mega_kernel_only
Wrote benchmark JSON to /home/hychen/min_fa3_demo/benchmark_logs/experiment_suite/20260812-231044-dcp-cp-suite/01_dcp_wave/results/arrival_4/dcp_2/critical_wave_fifo/comm_sm_12/case_000009_dcp2_hkv4_eager.json

================================================================================
Mega comm_sm=12, case 11/100: case_000010_dcp2_hkv4: B=29, Sq=[16, 16, 16, 16, 16, 16, 16, 16, 16, 16, 16, 16, 16, 16, 16, 16, 16, 16, 16, 16, 16, 16, 16, 16, 16, 16, 16, 4096, 2032], Sk=[42726, 1575, 4300, 3806, 3527, 2880, 15383, 1794, 16669, 15015, 13452, 4328, 8420, 2645, 14249, 22447, 9654, 33373, 16854, 973, 47496, 30374, 2216, 12712, 6337, 914, 10632, 4608, 512], DCP=2, Hkv=4
================================================================================
Config: world_size=8, methods=['dcp_mega_varlen'], QH=32, KVH=4, D=128, TP=8, DCP=2, workload=chunk, execution=eager, baseline_phase_timing=False, warmup=40, iters=60, check=False
Workload: B=29, q_tokens=6560, history_tokens=349871, q_seqlens=[16, 16, 16, 16, 16, 16, 16, 16, 16, 16, 16, 16, 16, 16, 16, 16, 16, 16, 16, 16, 16, 16, 16, 16, 16, 16, 16, 4096, 2032], history_seqlens=[42726, 1575, 4300, 3806, 3527, 2880, 15383, 1794, 16669, 15015, 13452, 4328, 8420, 2645, 14249, 22447, 9654, 33373, 16854, 973, 47496, 30374, 2216, 12712, 6337, 914, 10632, 4608, 512]
Agg TFLOPS uses useful attention work across all TP ranks and p50(max_across_ranks); Avg/GPU divides it by world_size.
KV GB/s/GPU is average logical BF16 K+V bytes read per TP rank divided by p50(max_across_ranks); it is not hardware-counter HBM traffic.

Running B=29, q_tokens=6560, history_tokens=349871, causal=True

B=29, q_tokens=6560, history_tokens=349871, QH=32, KVH=4, D=128, TP=8, DCP=2, mode=causal
Method                   Time ms                                                                                                                                     Agg TFLOPS    Avg/GPU  KV GB/s/GPU      Check  Note
dcp_mega_varlen          t0=0.252, t1=0.252, t2=0.253, t3=0.252, t4=0.252, t5=0.251, t6=0.254, t7=0.252 | p50(max_across_ranks)=0.255, p90(max_across_ranks)=0.257       2308.7      288.6        364.8       skip  eager; output=bf16_ipc_a2a; runner_preallocated; timing=mega_kernel_only
Wrote benchmark JSON to /home/hychen/min_fa3_demo/benchmark_logs/experiment_suite/20260812-231044-dcp-cp-suite/01_dcp_wave/results/arrival_4/dcp_2/critical_wave_fifo/comm_sm_12/case_000010_dcp2_hkv4_eager.json

================================================================================
Mega comm_sm=12, case 12/100: case_000011_dcp2_hkv4: B=30, Sq=[16, 16, 16, 16, 16, 16, 16, 16, 16, 16, 16, 16, 16, 16, 16, 16, 16, 16, 16, 16, 16, 16, 16, 16, 16, 16, 16, 16, 16, 16], Sk=[7693, 1756, 3987, 1491, 1401, 4267, 6982, 1758, 39863, 59810, 2560, 34852, 4384, 6056, 18311, 13942, 8001, 1125, 35460, 18293, 35016, 1751, 8746, 999, 8879, 7959, 22925, 4975, 14314, 8936], DCP=2, Hkv=4
================================================================================
Config: world_size=8, methods=['dcp_mega_varlen'], QH=32, KVH=4, D=128, TP=8, DCP=2, workload=chunk, execution=eager, baseline_phase_timing=False, warmup=40, iters=60, check=False
Workload: B=30, q_tokens=480, history_tokens=386492, q_seqlens=[16, 16, 16, 16, 16, 16, 16, 16, 16, 16, 16, 16, 16, 16, 16, 16, 16, 16, 16, 16, 16, 16, 16, 16, 16, 16, 16, 16, 16, 16], history_seqlens=[7693, 1756, 3987, 1491, 1401, 4267, 6982, 1758, 39863, 59810, 2560, 34852, 4384, 6056, 18311, 13942, 8001, 1125, 35460, 18293, 35016, 1751, 8746, 999, 8879, 7959, 22925, 4975, 14314, 8936]
Agg TFLOPS uses useful attention work across all TP ranks and p50(max_across_ranks); Avg/GPU divides it by world_size.
KV GB/s/GPU is average logical BF16 K+V bytes read per TP rank divided by p50(max_across_ranks); it is not hardware-counter HBM traffic.

Running B=30, q_tokens=480, history_tokens=386492, causal=True

B=30, q_tokens=480, history_tokens=386492, QH=32, KVH=4, D=128, TP=8, DCP=2, mode=causal
Method                   Time ms                                                                                                                                     Agg TFLOPS    Avg/GPU  KV GB/s/GPU      Check  Note
dcp_mega_varlen          t0=0.095, t1=0.095, t2=0.095, t3=0.095, t4=0.097, t5=0.094, t6=0.096, t7=0.095 | p50(max_across_ranks)=0.098, p90(max_across_ranks)=0.102       1036.0      129.5       1013.6       skip  eager; output=bf16_ipc_a2a; runner_preallocated; timing=mega_kernel_only
Wrote benchmark JSON to /home/hychen/min_fa3_demo/benchmark_logs/experiment_suite/20260812-231044-dcp-cp-suite/01_dcp_wave/results/arrival_4/dcp_2/critical_wave_fifo/comm_sm_12/case_000011_dcp2_hkv4_eager.json

================================================================================
Mega comm_sm=12, case 13/100: case_000012_dcp2_hkv4: B=31, Sq=[16, 16, 16, 16, 16, 16, 16, 16, 16, 16, 16, 16, 16, 16, 16, 16, 16, 16, 16, 16, 16, 16, 16, 16, 16, 16, 16, 16, 16, 424, 4096], Sk=[1818, 1557, 4327, 7050, 39919, 59870, 34911, 4430, 6112, 18377, 14002, 8075, 1203, 35523, 35077, 1816, 8814, 1055, 8942, 8035, 5028, 14376, 8994, 6630, 14773, 6350, 4702, 3553, 1000, 512, 512], DCP=2, Hkv=4
================================================================================
Config: world_size=8, methods=['dcp_mega_varlen'], QH=32, KVH=4, D=128, TP=8, DCP=2, workload=chunk, execution=eager, baseline_phase_timing=False, warmup=40, iters=60, check=False
Workload: B=31, q_tokens=4984, history_tokens=367343, q_seqlens=[16, 16, 16, 16, 16, 16, 16, 16, 16, 16, 16, 16, 16, 16, 16, 16, 16, 16, 16, 16, 16, 16, 16, 16, 16, 16, 16, 16, 16, 424, 4096], history_seqlens=[1818, 1557, 4327, 7050, 39919, 59870, 34911, 4430, 6112, 18377, 14002, 8075, 1203, 35523, 35077, 1816, 8814, 1055, 8942, 8035, 5028, 14376, 8994, 6630, 14773, 6350, 4702, 3553, 1000, 512, 512]
Agg TFLOPS uses useful attention work across all TP ranks and p50(max_across_ranks); Avg/GPU divides it by world_size.
KV GB/s/GPU is average logical BF16 K+V bytes read per TP rank divided by p50(max_across_ranks); it is not hardware-counter HBM traffic.

Running B=31, q_tokens=4984, history_tokens=367343, causal=True

B=31, q_tokens=4984, history_tokens=367343, QH=32, KVH=4, D=128, TP=8, DCP=2, mode=causal
Method                   Time ms                                                                                                                                     Agg TFLOPS    Avg/GPU  KV GB/s/GPU      Check  Note
dcp_mega_varlen          t0=0.185, t1=0.183, t2=0.184, t3=0.184, t4=0.183, t5=0.183, t6=0.184, t7=0.185 | p50(max_across_ranks)=0.186, p90(max_across_ranks)=0.187       1468.5      183.6        519.7       skip  eager; output=bf16_ipc_a2a; runner_preallocated; timing=mega_kernel_only
Wrote benchmark JSON to /home/hychen/min_fa3_demo/benchmark_logs/experiment_suite/20260812-231044-dcp-cp-suite/01_dcp_wave/results/arrival_4/dcp_2/critical_wave_fifo/comm_sm_12/case_000012_dcp2_hkv4_eager.json

================================================================================
Mega comm_sm=12, case 14/100: case_000013_dcp2_hkv4: B=38, Sq=[16, 16, 16, 16, 16, 16, 16, 16, 16, 16, 16, 16, 16, 16, 16, 16, 16, 16, 16, 16, 16, 16, 16, 16, 16, 16, 16, 16, 16, 16, 16, 16, 16, 16, 16, 16, 16, 16], Sk=[4851, 8458, 5425, 5098, 1424, 1319, 12114, 27014, 13991, 14408, 7435, 4177, 5361, 6121, 10250, 46754, 6778, 47722, 32270, 1446, 2555, 1605, 9026, 2701, 8246, 2115, 33034, 4275, 10658, 941, 2086, 10587, 22420, 16727, 2083, 15544, 5471, 1220], DCP=2, Hkv=4
================================================================================
Config: world_size=8, methods=['dcp_mega_varlen'], QH=32, KVH=4, D=128, TP=8, DCP=2, workload=chunk, execution=eager, baseline_phase_timing=False, warmup=40, iters=60, check=False
Workload: B=38, q_tokens=608, history_tokens=413710, q_seqlens=[16, 16, 16, 16, 16, 16, 16, 16, 16, 16, 16, 16, 16, 16, 16, 16, 16, 16, 16, 16, 16, 16, 16, 16, 16, 16, 16, 16, 16, 16, 16, 16, 16, 16, 16, 16, 16, 16], history_seqlens=[4851, 8458, 5425, 5098, 1424, 1319, 12114, 27014, 13991, 14408, 7435, 4177, 5361, 6121, 10250, 46754, 6778, 47722, 32270, 1446, 2555, 1605, 9026, 2701, 8246, 2115, 33034, 4275, 10658, 941, 2086, 10587, 22420, 16727, 2083, 15544, 5471, 1220]
Agg TFLOPS uses useful attention work across all TP ranks and p50(max_across_ranks); Avg/GPU divides it by world_size.
KV GB/s/GPU is average logical BF16 K+V bytes read per TP rank divided by p50(max_across_ranks); it is not hardware-counter HBM traffic.

Running B=38, q_tokens=608, history_tokens=413710, causal=True

B=38, q_tokens=608, history_tokens=413710, QH=32, KVH=4, D=128, TP=8, DCP=2, mode=causal
Method                   Time ms                                                                                                                                     Agg TFLOPS    Avg/GPU  KV GB/s/GPU      Check  Note
dcp_mega_varlen          t0=0.100, t1=0.101, t2=0.100, t3=0.100, t4=0.101, t5=0.100, t6=0.101, t7=0.098 | p50(max_across_ranks)=0.103, p90(max_across_ranks)=0.110       1058.6      132.3       1036.0       skip  eager; output=bf16_ipc_a2a; runner_preallocated; timing=mega_kernel_only
Wrote benchmark JSON to /home/hychen/min_fa3_demo/benchmark_logs/experiment_suite/20260812-231044-dcp-cp-suite/01_dcp_wave/results/arrival_4/dcp_2/critical_wave_fifo/comm_sm_12/case_000013_dcp2_hkv4_eager.json

================================================================================
Mega comm_sm=12, case 15/100: case_000014_dcp2_hkv4: B=26, Sq=[16, 16, 16, 16, 16, 16, 16, 16, 16, 16, 16, 16, 16, 16, 16, 16, 16, 16, 16, 16, 16, 16, 16, 16, 16, 16], Sk=[5666, 5692, 25950, 54965, 4982, 56510, 8266, 33654, 109258, 7773, 20396, 1703, 1064, 8175, 12470, 12420, 26498, 14223, 1543, 43802, 21901, 4486, 936, 33257, 13316, 998], DCP=2, Hkv=4
================================================================================
Config: world_size=8, methods=['dcp_mega_varlen'], QH=32, KVH=4, D=128, TP=8, DCP=2, workload=chunk, execution=eager, baseline_phase_timing=False, warmup=40, iters=60, check=False
Workload: B=26, q_tokens=416, history_tokens=529904, q_seqlens=[16, 16, 16, 16, 16, 16, 16, 16, 16, 16, 16, 16, 16, 16, 16, 16, 16, 16, 16, 16, 16, 16, 16, 16, 16, 16], history_seqlens=[5666, 5692, 25950, 54965, 4982, 56510, 8266, 33654, 109258, 7773, 20396, 1703, 1064, 8175, 12470, 12420, 26498, 14223, 1543, 43802, 21901, 4486, 936, 33257, 13316, 998]
Agg TFLOPS uses useful attention work across all TP ranks and p50(max_across_ranks); Avg/GPU divides it by world_size.
KV GB/s/GPU is average logical BF16 K+V bytes read per TP rank divided by p50(max_across_ranks); it is not hardware-counter HBM traffic.

Running B=26, q_tokens=416, history_tokens=529904, causal=True

B=26, q_tokens=416, history_tokens=529904, QH=32, KVH=4, D=128, TP=8, DCP=2, mode=causal
Method                   Time ms                                                                                                                                     Agg TFLOPS    Avg/GPU  KV GB/s/GPU      Check  Note
dcp_mega_varlen          t0=0.112, t1=0.111, t2=0.112, t3=0.111, t4=0.113, t5=0.112, t6=0.112, t7=0.110 | p50(max_across_ranks)=0.114, p90(max_across_ranks)=0.123       1219.2      152.4       1192.0       skip  eager; output=bf16_ipc_a2a; runner_preallocated; timing=mega_kernel_only
Wrote benchmark JSON to /home/hychen/min_fa3_demo/benchmark_logs/experiment_suite/20260812-231044-dcp-cp-suite/01_dcp_wave/results/arrival_4/dcp_2/critical_wave_fifo/comm_sm_12/case_000014_dcp2_hkv4_eager.json

================================================================================
Mega comm_sm=12, case 16/100: case_000015_dcp2_hkv4: B=44, Sq=[16, 16, 16, 16, 16, 16, 16, 16, 16, 16, 16, 16, 16, 16, 16, 16, 16, 16, 16, 16, 16, 16, 16, 16, 16, 16, 16, 16, 16, 16, 16, 16, 16, 16, 16, 16, 16, 16, 16, 16, 16, 16, 16, 16], Sk=[12832, 1863, 18681, 10545, 3216, 118310, 1544, 3039, 119470, 37268, 17064, 1324, 2004, 8904, 1267, 9240, 22141, 25909, 4910, 1216, 1242, 26525, 5605, 1380, 1628, 1873, 4762, 9986, 4599, 1273, 12760, 1044, 19948, 5585, 1951, 1016, 33094, 16303, 1219, 27010, 1632, 1308, 16130, 1730], DCP=2, Hkv=4
================================================================================
Config: world_size=8, methods=['dcp_mega_varlen'], QH=32, KVH=4, D=128, TP=8, DCP=2, workload=chunk, execution=eager, baseline_phase_timing=False, warmup=40, iters=60, check=False
Workload: B=44, q_tokens=704, history_tokens=620350, q_seqlens=[16, 16, 16, 16, 16, 16, 16, 16, 16, 16, 16, 16, 16, 16, 16, 16, 16, 16, 16, 16, 16, 16, 16, 16, 16, 16, 16, 16, 16, 16, 16, 16, 16, 16, 16, 16, 16, 16, 16, 16, 16, 16, 16, 16], history_seqlens=[12832, 1863, 18681, 10545, 3216, 118310, 1544, 3039, 119470, 37268, 17064, 1324, 2004, 8904, 1267, 9240, 22141, 25909, 4910, 1216, 1242, 26525, 5605, 1380, 1628, 1873, 4762, 9986, 4599, 1273, 12760, 1044, 19948, 5585, 1951, 1016, 33094, 16303, 1219, 27010, 1632, 1308, 16130, 1730]
Agg TFLOPS uses useful attention work across all TP ranks and p50(max_across_ranks); Avg/GPU divides it by world_size.
KV GB/s/GPU is average logical BF16 K+V bytes read per TP rank divided by p50(max_across_ranks); it is not hardware-counter HBM traffic.

Running B=44, q_tokens=704, history_tokens=620350, causal=True

B=44, q_tokens=704, history_tokens=620350, QH=32, KVH=4, D=128, TP=8, DCP=2, mode=causal
Method                   Time ms                                                                                                                                     Agg TFLOPS    Avg/GPU  KV GB/s/GPU      Check  Note
dcp_mega_varlen          t0=0.121, t1=0.121, t2=0.121, t3=0.121, t4=0.121, t5=0.120, t6=0.122, t7=0.121 | p50(max_across_ranks)=0.124, p90(max_across_ranks)=0.128       1317.2      164.6       1288.5       skip  eager; output=bf16_ipc_a2a; runner_preallocated; timing=mega_kernel_only
Wrote benchmark JSON to /home/hychen/min_fa3_demo/benchmark_logs/experiment_suite/20260812-231044-dcp-cp-suite/01_dcp_wave/results/arrival_4/dcp_2/critical_wave_fifo/comm_sm_12/case_000015_dcp2_hkv4_eager.json

================================================================================
Mega comm_sm=12, case 17/100: case_000016_dcp2_hkv4: B=30, Sq=[16, 16, 16, 16, 16, 16, 16, 16, 16, 16, 16, 16, 16, 16, 16, 16, 16, 16, 16, 16, 16, 16, 16, 16, 16, 16, 16, 16, 16, 4096], Sk=[40036, 4816, 18876, 10790, 6602, 8590, 1449, 1429, 6295, 16300, 3397, 6952, 8837, 27556, 2273, 5852, 1969, 42191, 6405, 6731, 29897, 1007, 28328, 18974, 10671, 11582, 1007, 14783, 5945, 512], DCP=2, Hkv=4
================================================================================
Config: world_size=8, methods=['dcp_mega_varlen'], QH=32, KVH=4, D=128, TP=8, DCP=2, workload=chunk, execution=eager, baseline_phase_timing=False, warmup=40, iters=60, check=False
Workload: B=30, q_tokens=4560, history_tokens=350052, q_seqlens=[16, 16, 16, 16, 16, 16, 16, 16, 16, 16, 16, 16, 16, 16, 16, 16, 16, 16, 16, 16, 16, 16, 16, 16, 16, 16, 16, 16, 16, 4096], history_seqlens=[40036, 4816, 18876, 10790, 6602, 8590, 1449, 1429, 6295, 16300, 3397, 6952, 8837, 27556, 2273, 5852, 1969, 42191, 6405, 6731, 29897, 1007, 28328, 18974, 10671, 11582, 1007, 14783, 5945, 512]
Agg TFLOPS uses useful attention work across all TP ranks and p50(max_across_ranks); Avg/GPU divides it by world_size.
KV GB/s/GPU is average logical BF16 K+V bytes read per TP rank divided by p50(max_across_ranks); it is not hardware-counter HBM traffic.

Running B=30, q_tokens=4560, history_tokens=350052, causal=True

B=30, q_tokens=4560, history_tokens=350052, QH=32, KVH=4, D=128, TP=8, DCP=2, mode=causal
Method                   Time ms                                                                                                                                     Agg TFLOPS    Avg/GPU  KV GB/s/GPU      Check  Note
dcp_mega_varlen          t0=0.276, t1=0.272, t2=0.275, t3=0.275, t4=0.275, t5=0.273, t6=0.279, t7=0.275 | p50(max_across_ranks)=0.279, p90(max_across_ranks)=0.284        945.1      118.1        329.7       skip  eager; output=bf16_ipc_a2a; runner_preallocated; timing=mega_kernel_only
Wrote benchmark JSON to /home/hychen/min_fa3_demo/benchmark_logs/experiment_suite/20260812-231044-dcp-cp-suite/01_dcp_wave/results/arrival_4/dcp_2/critical_wave_fifo/comm_sm_12/case_000016_dcp2_hkv4_eager.json

================================================================================
Mega comm_sm=12, case 18/100: case_000017_dcp2_hkv4: B=32, Sq=[16, 16, 16, 16, 16, 16, 16, 16, 16, 16, 16, 16, 16, 16, 16, 16, 16, 16, 16, 16, 16, 16, 16, 16, 16, 16, 16, 16, 16, 16, 16, 16], Sk=[4942, 6730, 6406, 16417, 3507, 8958, 27667, 2398, 5967, 2089, 42294, 6525, 30006, 1122, 28447, 19082, 10778, 11684, 1104, 14898, 6059, 6768, 15825, 3132, 10024, 1400, 11235, 983, 12801, 8388, 28131, 1458], DCP=2, Hkv=4
================================================================================
Config: world_size=8, methods=['dcp_mega_varlen'], QH=32, KVH=4, D=128, TP=8, DCP=2, workload=chunk, execution=eager, baseline_phase_timing=False, warmup=40, iters=60, check=False
Workload: B=32, q_tokens=512, history_tokens=357225, q_seqlens=[16, 16, 16, 16, 16, 16, 16, 16, 16, 16, 16, 16, 16, 16, 16, 16, 16, 16, 16, 16, 16, 16, 16, 16, 16, 16, 16, 16, 16, 16, 16, 16], history_seqlens=[4942, 6730, 6406, 16417, 3507, 8958, 27667, 2398, 5967, 2089, 42294, 6525, 30006, 1122, 28447, 19082, 10778, 11684, 1104, 14898, 6059, 6768, 15825, 3132, 10024, 1400, 11235, 983, 12801, 8388, 28131, 1458]
Agg TFLOPS uses useful attention work across all TP ranks and p50(max_across_ranks); Avg/GPU divides it by world_size.
KV GB/s/GPU is average logical BF16 K+V bytes read per TP rank divided by p50(max_across_ranks); it is not hardware-counter HBM traffic.

Running B=32, q_tokens=512, history_tokens=357225, causal=True

B=32, q_tokens=512, history_tokens=357225, QH=32, KVH=4, D=128, TP=8, DCP=2, mode=causal
Method                   Time ms                                                                                                                                     Agg TFLOPS    Avg/GPU  KV GB/s/GPU      Check  Note
dcp_mega_varlen          t0=0.093, t1=0.092, t2=0.093, t3=0.093, t4=0.093, t5=0.092, t6=0.095, t7=0.091 | p50(max_across_ranks)=0.096, p90(max_across_ranks)=0.098        978.8      122.4        957.9       skip  eager; output=bf16_ipc_a2a; runner_preallocated; timing=mega_kernel_only
Wrote benchmark JSON to /home/hychen/min_fa3_demo/benchmark_logs/experiment_suite/20260812-231044-dcp-cp-suite/01_dcp_wave/results/arrival_4/dcp_2/critical_wave_fifo/comm_sm_12/case_000017_dcp2_hkv4_eager.json

================================================================================
Mega comm_sm=12, case 19/100: case_000018_dcp2_hkv4: B=33, Sq=[16, 16, 16, 16, 16, 16, 16, 16, 16, 16, 16, 16, 16, 16, 16, 16, 16, 16, 16, 16, 16, 16, 16, 16, 16, 16, 16, 16, 16, 16, 16, 16, 1104], Sk=[40690, 3165, 11776, 14640, 6097, 7492, 9019, 17033, 5391, 9302, 17732, 13805, 41146, 5931, 1955, 15556, 1888, 2233, 1769, 3169, 5901, 5459, 4563, 10536, 7022, 1027, 992, 12932, 3764, 21040, 4038, 907, 1024], DCP=2, Hkv=4
================================================================================
Config: world_size=8, methods=['dcp_mega_varlen'], QH=32, KVH=4, D=128, TP=8, DCP=2, workload=chunk, execution=eager, baseline_phase_timing=False, warmup=40, iters=60, check=False
Workload: B=33, q_tokens=1616, history_tokens=308994, q_seqlens=[16, 16, 16, 16, 16, 16, 16, 16, 16, 16, 16, 16, 16, 16, 16, 16, 16, 16, 16, 16, 16, 16, 16, 16, 16, 16, 16, 16, 16, 16, 16, 16, 1104], history_seqlens=[40690, 3165, 11776, 14640, 6097, 7492, 9019, 17033, 5391, 9302, 17732, 13805, 41146, 5931, 1955, 15556, 1888, 2233, 1769, 3169, 5901, 5459, 4563, 10536, 7022, 1027, 992, 12932, 3764, 21040, 4038, 907, 1024]
Agg TFLOPS uses useful attention work across all TP ranks and p50(max_across_ranks); Avg/GPU divides it by world_size.
KV GB/s/GPU is average logical BF16 K+V bytes read per TP rank divided by p50(max_across_ranks); it is not hardware-counter HBM traffic.

Running B=33, q_tokens=1616, history_tokens=308994, causal=True

B=33, q_tokens=1616, history_tokens=308994, QH=32, KVH=4, D=128, TP=8, DCP=2, mode=causal
Method                   Time ms                                                                                                                                     Agg TFLOPS    Avg/GPU  KV GB/s/GPU      Check  Note
dcp_mega_varlen          t0=0.105, t1=0.105, t2=0.106, t3=0.105, t4=0.107, t5=0.106, t6=0.107, t7=0.105 | p50(max_across_ranks)=0.108, p90(max_across_ranks)=0.111       1008.9      126.1        737.7       skip  eager; output=bf16_ipc_a2a; runner_preallocated; timing=mega_kernel_only
Wrote benchmark JSON to /home/hychen/min_fa3_demo/benchmark_logs/experiment_suite/20260812-231044-dcp-cp-suite/01_dcp_wave/results/arrival_4/dcp_2/critical_wave_fifo/comm_sm_12/case_000018_dcp2_hkv4_eager.json

================================================================================
Mega comm_sm=12, case 20/100: case_000019_dcp2_hkv4: B=46, Sq=[16, 16, 16, 16, 16, 16, 16, 16, 16, 16, 16, 16, 16, 16, 16, 16, 16, 16, 16, 16, 16, 16, 16, 16, 16, 16, 16, 16, 16, 16, 16, 16, 16, 16, 16, 16, 16, 16, 16, 16, 16, 16, 16, 16, 4096, 4096], Sk=[2846, 16881, 15100, 45396, 3442, 8064, 4586, 3740, 29004, 49882, 7290, 1243, 2397, 10999, 8917, 1884, 1942, 77307, 19105, 32982, 16146, 8021, 7877, 13894, 16323, 23429, 5207, 10504, 8858, 4566, 6623, 6369, 6326, 4752, 1196, 15242, 3663, 2514, 11617, 4592, 1966, 10543, 904, 18480, 33280, 512], DCP=2, Hkv=4
================================================================================
Config: world_size=8, methods=['dcp_mega_varlen'], QH=32, KVH=4, D=128, TP=8, DCP=2, workload=chunk, execution=eager, baseline_phase_timing=False, warmup=40, iters=60, check=False
Workload: B=46, q_tokens=8896, history_tokens=586411, q_seqlens=[16, 16, 16, 16, 16, 16, 16, 16, 16, 16, 16, 16, 16, 16, 16, 16, 16, 16, 16, 16, 16, 16, 16, 16, 16, 16, 16, 16, 16, 16, 16, 16, 16, 16, 16, 16, 16, 16, 16, 16, 16, 16, 16, 16, 4096, 4096], history_seqlens=[2846, 16881, 15100, 45396, 3442, 8064, 4586, 3740, 29004, 49882, 7290, 1243, 2397, 10999, 8917, 1884, 1942, 77307, 19105, 32982, 16146, 8021, 7877, 13894, 16323, 23429, 5207, 10504, 8858, 4566, 6623, 6369, 6326, 4752, 1196, 15242, 3663, 2514, 11617, 4592, 1966, 10543, 904, 18480, 33280, 512]
Agg TFLOPS uses useful attention work across all TP ranks and p50(max_across_ranks); Avg/GPU divides it by world_size.
KV GB/s/GPU is average logical BF16 K+V bytes read per TP rank divided by p50(max_across_ranks); it is not hardware-counter HBM traffic.

Running B=46, q_tokens=8896, history_tokens=586411, causal=True

B=46, q_tokens=8896, history_tokens=586411, QH=32, KVH=4, D=128, TP=8, DCP=2, mode=causal
Method                   Time ms                                                                                                                                     Agg TFLOPS    Avg/GPU  KV GB/s/GPU      Check  Note
dcp_mega_varlen          t0=0.655, t1=0.657, t2=0.659, t3=0.655, t4=0.717, t5=0.712, t6=0.653, t7=0.653 | p50(max_across_ranks)=0.717, p90(max_across_ranks)=0.722       3750.4      468.8        215.8       skip  eager; output=bf16_ipc_a2a; runner_preallocated; timing=mega_kernel_only
Wrote benchmark JSON to /home/hychen/min_fa3_demo/benchmark_logs/experiment_suite/20260812-231044-dcp-cp-suite/01_dcp_wave/results/arrival_4/dcp_2/critical_wave_fifo/comm_sm_12/case_000019_dcp2_hkv4_eager.json

================================================================================
Mega comm_sm=12, case 21/100: case_000020_dcp2_hkv4: B=39, Sq=[16, 16, 16, 16, 16, 16, 16, 16, 16, 16, 16, 16, 16, 16, 16, 16, 16, 16, 16, 16, 16, 16, 16, 16, 16, 16, 16, 16, 16, 16, 16, 16, 16, 16, 16, 16, 16, 16, 4096], Sk=[3226, 16074, 33846, 10196, 26971, 3213, 21147, 2913, 7534, 5796, 6929, 60274, 24570, 17906, 11122, 7636, 3822, 12035, 21389, 1572, 1898, 5585, 85522, 5232, 12682, 1829, 27081, 1000, 5286, 30560, 11672, 4111, 15637, 1271, 11168, 2840, 3471, 1293, 512], DCP=2, Hkv=4
================================================================================
Config: world_size=8, methods=['dcp_mega_varlen'], QH=32, KVH=4, D=128, TP=8, DCP=2, workload=chunk, execution=eager, baseline_phase_timing=False, warmup=40, iters=60, check=False
Workload: B=39, q_tokens=4704, history_tokens=526821, q_seqlens=[16, 16, 16, 16, 16, 16, 16, 16, 16, 16, 16, 16, 16, 16, 16, 16, 16, 16, 16, 16, 16, 16, 16, 16, 16, 16, 16, 16, 16, 16, 16, 16, 16, 16, 16, 16, 16, 16, 4096], history_seqlens=[3226, 16074, 33846, 10196, 26971, 3213, 21147, 2913, 7534, 5796, 6929, 60274, 24570, 17906, 11122, 7636, 3822, 12035, 21389, 1572, 1898, 5585, 85522, 5232, 12682, 1829, 27081, 1000, 5286, 30560, 11672, 4111, 15637, 1271, 11168, 2840, 3471, 1293, 512]
Agg TFLOPS uses useful attention work across all TP ranks and p50(max_across_ranks); Avg/GPU divides it by world_size.
KV GB/s/GPU is average logical BF16 K+V bytes read per TP rank divided by p50(max_across_ranks); it is not hardware-counter HBM traffic.

Running B=39, q_tokens=4704, history_tokens=526821, causal=True

B=39, q_tokens=4704, history_tokens=526821, QH=32, KVH=4, D=128, TP=8, DCP=2, mode=causal
Method                   Time ms                                                                                                                                     Agg TFLOPS    Avg/GPU  KV GB/s/GPU      Check  Note
dcp_mega_varlen          t0=0.221, t1=0.221, t2=0.223, t3=0.222, t4=0.222, t5=0.222, t6=0.224, t7=0.221 | p50(max_across_ranks)=0.226, p90(max_across_ranks)=0.228       1372.7      171.6        608.1       skip  eager; output=bf16_ipc_a2a; runner_preallocated; timing=mega_kernel_only
Wrote benchmark JSON to /home/hychen/min_fa3_demo/benchmark_logs/experiment_suite/20260812-231044-dcp-cp-suite/01_dcp_wave/results/arrival_4/dcp_2/critical_wave_fifo/comm_sm_12/case_000020_dcp2_hkv4_eager.json

================================================================================
Mega comm_sm=12, case 22/100: case_000021_dcp2_hkv4: B=29, Sq=[16, 16, 16, 16, 16, 16, 16, 16, 16, 16, 16, 16, 16, 16, 16, 16, 16, 16, 16, 16, 16, 16, 16, 16, 16, 16, 16, 16, 16], Sk=[18254, 12394, 13034, 3198, 9105, 7199, 1200, 13371, 19971, 18858, 7426, 25799, 5402, 11817, 4728, 13918, 25597, 2096, 25482, 23493, 22195, 8128, 1319, 14469, 72290, 965, 919, 7176, 5438], DCP=2, Hkv=4
================================================================================
Config: world_size=8, methods=['dcp_mega_varlen'], QH=32, KVH=4, D=128, TP=8, DCP=2, workload=chunk, execution=eager, baseline_phase_timing=False, warmup=40, iters=60, check=False
Workload: B=29, q_tokens=464, history_tokens=395241, q_seqlens=[16, 16, 16, 16, 16, 16, 16, 16, 16, 16, 16, 16, 16, 16, 16, 16, 16, 16, 16, 16, 16, 16, 16, 16, 16, 16, 16, 16, 16], history_seqlens=[18254, 12394, 13034, 3198, 9105, 7199, 1200, 13371, 19971, 18858, 7426, 25799, 5402, 11817, 4728, 13918, 25597, 2096, 25482, 23493, 22195, 8128, 1319, 14469, 72290, 965, 919, 7176, 5438]
Agg TFLOPS uses useful attention work across all TP ranks and p50(max_across_ranks); Avg/GPU divides it by world_size.
KV GB/s/GPU is average logical BF16 K+V bytes read per TP rank divided by p50(max_across_ranks); it is not hardware-counter HBM traffic.

Running B=29, q_tokens=464, history_tokens=395241, causal=True

B=29, q_tokens=464, history_tokens=395241, QH=32, KVH=4, D=128, TP=8, DCP=2, mode=causal
Method                   Time ms                                                                                                                                     Agg TFLOPS    Avg/GPU  KV GB/s/GPU      Check  Note
dcp_mega_varlen          t0=0.096, t1=0.096, t2=0.097, t3=0.096, t4=0.097, t5=0.095, t6=0.098, t7=0.094 | p50(max_across_ranks)=0.099, p90(max_across_ranks)=0.106       1048.3      131.0       1025.5       skip  eager; output=bf16_ipc_a2a; runner_preallocated; timing=mega_kernel_only
Wrote benchmark JSON to /home/hychen/min_fa3_demo/benchmark_logs/experiment_suite/20260812-231044-dcp-cp-suite/01_dcp_wave/results/arrival_4/dcp_2/critical_wave_fifo/comm_sm_12/case_000021_dcp2_hkv4_eager.json

================================================================================
Mega comm_sm=12, case 23/100: case_000022_dcp2_hkv4: B=41, Sq=[16, 16, 16, 16, 16, 16, 16, 16, 16, 16, 16, 16, 16, 16, 16, 16, 16, 16, 16, 16, 16, 16, 16, 16, 16, 16, 16, 16, 16, 16, 16, 16, 16, 16, 16, 16, 16, 16, 16, 16, 16], Sk=[7868, 2777, 6207, 37791, 17816, 17257, 8466, 11195, 1256, 13313, 3760, 15547, 16338, 1684, 24721, 2220, 4622, 1528, 13742, 31464, 17243, 1056, 14947, 18517, 4873, 5978, 2599, 4491, 1285, 989, 2970, 12197, 12390, 2485, 3343, 936, 12398, 953, 1634, 6218, 4513], DCP=2, Hkv=4
================================================================================
Config: world_size=8, methods=['dcp_mega_varlen'], QH=32, KVH=4, D=128, TP=8, DCP=2, workload=chunk, execution=eager, baseline_phase_timing=False, warmup=40, iters=60, check=False
Workload: B=41, q_tokens=656, history_tokens=371587, q_seqlens=[16, 16, 16, 16, 16, 16, 16, 16, 16, 16, 16, 16, 16, 16, 16, 16, 16, 16, 16, 16, 16, 16, 16, 16, 16, 16, 16, 16, 16, 16, 16, 16, 16, 16, 16, 16, 16, 16, 16, 16, 16], history_seqlens=[7868, 2777, 6207, 37791, 17816, 17257, 8466, 11195, 1256, 13313, 3760, 15547, 16338, 1684, 24721, 2220, 4622, 1528, 13742, 31464, 17243, 1056, 14947, 18517, 4873, 5978, 2599, 4491, 1285, 989, 2970, 12197, 12390, 2485, 3343, 936, 12398, 953, 1634, 6218, 4513]
Agg TFLOPS uses useful attention work across all TP ranks and p50(max_across_ranks); Avg/GPU divides it by world_size.
KV GB/s/GPU is average logical BF16 K+V bytes read per TP rank divided by p50(max_across_ranks); it is not hardware-counter HBM traffic.

Running B=41, q_tokens=656, history_tokens=371587, causal=True

B=41, q_tokens=656, history_tokens=371587, QH=32, KVH=4, D=128, TP=8, DCP=2, mode=causal
Method                   Time ms                                                                                                                                     Agg TFLOPS    Avg/GPU  KV GB/s/GPU      Check  Note
dcp_mega_varlen          t0=0.096, t1=0.096, t2=0.097, t3=0.096, t4=0.097, t5=0.096, t6=0.098, t7=0.095 | p50(max_across_ranks)=0.099, p90(max_across_ranks)=0.101        986.8      123.4        966.2       skip  eager; output=bf16_ipc_a2a; runner_preallocated; timing=mega_kernel_only
Wrote benchmark JSON to /home/hychen/min_fa3_demo/benchmark_logs/experiment_suite/20260812-231044-dcp-cp-suite/01_dcp_wave/results/arrival_4/dcp_2/critical_wave_fifo/comm_sm_12/case_000022_dcp2_hkv4_eager.json

================================================================================
Mega comm_sm=12, case 24/100: case_000023_dcp2_hkv4: B=42, Sq=[16, 16, 16, 16, 16, 16, 16, 16, 16, 16, 16, 16, 16, 16, 16, 16, 16, 16, 16, 16, 16, 16, 16, 16, 16, 16, 16, 16, 16, 16, 16, 16, 16, 16, 16, 16, 16, 16, 16, 16, 16, 904], Sk=[8466, 15529, 5079, 6797, 9939, 26175, 1365, 3906, 3257, 8037, 11938, 23960, 25455, 14378, 24996, 12964, 4156, 24723, 1827, 2365, 1155, 7176, 1952, 1232, 1068, 14537, 3823, 21991, 1005, 1171, 12559, 1022, 12756, 5751, 8207, 10160, 2850, 24754, 2394, 5187, 922, 4608], DCP=2, Hkv=4
================================================================================
Config: world_size=8, methods=['dcp_mega_varlen'], QH=32, KVH=4, D=128, TP=8, DCP=2, workload=chunk, execution=eager, baseline_phase_timing=False, warmup=40, iters=60, check=False
Workload: B=42, q_tokens=1560, history_tokens=381592, q_seqlens=[16, 16, 16, 16, 16, 16, 16, 16, 16, 16, 16, 16, 16, 16, 16, 16, 16, 16, 16, 16, 16, 16, 16, 16, 16, 16, 16, 16, 16, 16, 16, 16, 16, 16, 16, 16, 16, 16, 16, 16, 16, 904], history_seqlens=[8466, 15529, 5079, 6797, 9939, 26175, 1365, 3906, 3257, 8037, 11938, 23960, 25455, 14378, 24996, 12964, 4156, 24723, 1827, 2365, 1155, 7176, 1952, 1232, 1068, 14537, 3823, 21991, 1005, 1171, 12559, 1022, 12756, 5751, 8207, 10160, 2850, 24754, 2394, 5187, 922, 4608]
Agg TFLOPS uses useful attention work across all TP ranks and p50(max_across_ranks); Avg/GPU divides it by world_size.
KV GB/s/GPU is average logical BF16 K+V bytes read per TP rank divided by p50(max_across_ranks); it is not hardware-counter HBM traffic.

Running B=42, q_tokens=1560, history_tokens=381592, causal=True

B=42, q_tokens=1560, history_tokens=381592, QH=32, KVH=4, D=128, TP=8, DCP=2, mode=causal
Method                   Time ms                                                                                                                                     Agg TFLOPS    Avg/GPU  KV GB/s/GPU      Check  Note
dcp_mega_varlen          t0=0.127, t1=0.126, t2=0.128, t3=0.127, t4=0.129, t5=0.126, t6=0.130, t7=0.126 | p50(max_across_ranks)=0.130, p90(max_across_ranks)=0.143       1334.0      166.7        755.6       skip  eager; output=bf16_ipc_a2a; runner_preallocated; timing=mega_kernel_only
Wrote benchmark JSON to /home/hychen/min_fa3_demo/benchmark_logs/experiment_suite/20260812-231044-dcp-cp-suite/01_dcp_wave/results/arrival_4/dcp_2/critical_wave_fifo/comm_sm_12/case_000023_dcp2_hkv4_eager.json

================================================================================
Mega comm_sm=12, case 25/100: case_000024_dcp2_hkv4: B=58, Sq=[16, 16, 16, 16, 16, 16, 16, 16, 16, 16, 16, 16, 16, 16, 16, 16, 16, 16, 16, 16, 16, 16, 16, 16, 16, 16, 16, 16, 16, 16, 16, 16, 16, 16, 16, 16, 16, 16, 16, 16, 16, 16, 16, 16, 16, 16, 16, 16, 16, 16, 16, 16, 16, 16, 16, 16, 16, 16], Sk=[11388, 2760, 46222, 20313, 99079, 5545, 3208, 92608, 12925, 12886, 3997, 1702, 15098, 3204, 1864, 13380, 1234, 3618, 1613, 1814, 31555, 3066, 9064, 45828, 6674, 4610, 4230, 8808, 65461, 1827, 2668, 1599, 4954, 11009, 4805, 4175, 2748, 3823, 19060, 1394, 25218, 30924, 9549, 4504, 2429, 5214, 24991, 1420, 7515, 2799, 16694, 1541, 8437, 20692, 1699, 5490, 1341, 13082], DCP=2, Hkv=4
================================================================================
Config: world_size=8, methods=['dcp_mega_varlen'], QH=32, KVH=4, D=128, TP=8, DCP=2, workload=chunk, execution=eager, baseline_phase_timing=False, warmup=40, iters=60, check=False
Workload: B=58, q_tokens=928, history_tokens=775355, q_seqlens=[16, 16, 16, 16, 16, 16, 16, 16, 16, 16, 16, 16, 16, 16, 16, 16, 16, 16, 16, 16, 16, 16, 16, 16, 16, 16, 16, 16, 16, 16, 16, 16, 16, 16, 16, 16, 16, 16, 16, 16, 16, 16, 16, 16, 16, 16, 16, 16, 16, 16, 16, 16, 16, 16, 16, 16, 16, 16], history_seqlens=[11388, 2760, 46222, 20313, 99079, 5545, 3208, 92608, 12925, 12886, 3997, 1702, 15098, 3204, 1864, 13380, 1234, 3618, 1613, 1814, 31555, 3066, 9064, 45828, 6674, 4610, 4230, 8808, 65461, 1827, 2668, 1599, 4954, 11009, 4805, 4175, 2748, 3823, 19060, 1394, 25218, 30924, 9549, 4504, 2429, 5214, 24991, 1420, 7515, 2799, 16694, 1541, 8437, 20692, 1699, 5490, 1341, 13082]
Agg TFLOPS uses useful attention work across all TP ranks and p50(max_across_ranks); Avg/GPU divides it by world_size.
KV GB/s/GPU is average logical BF16 K+V bytes read per TP rank divided by p50(max_across_ranks); it is not hardware-counter HBM traffic.

Running B=58, q_tokens=928, history_tokens=775355, causal=True

B=58, q_tokens=928, history_tokens=775355, QH=32, KVH=4, D=128, TP=8, DCP=2, mode=causal
Method                   Time ms                                                                                                                                     Agg TFLOPS    Avg/GPU  KV GB/s/GPU      Check  Note
dcp_mega_varlen          t0=0.139, t1=0.140, t2=0.142, t3=0.141, t4=0.141, t5=0.140, t6=0.141, t7=0.139 | p50(max_across_ranks)=0.143, p90(max_across_ranks)=0.148       1422.0      177.8       1391.1       skip  eager; output=bf16_ipc_a2a; runner_preallocated; timing=mega_kernel_only
Wrote benchmark JSON to /home/hychen/min_fa3_demo/benchmark_logs/experiment_suite/20260812-231044-dcp-cp-suite/01_dcp_wave/results/arrival_4/dcp_2/critical_wave_fifo/comm_sm_12/case_000024_dcp2_hkv4_eager.json

================================================================================
Mega comm_sm=12, case 26/100: case_000025_dcp2_hkv4: B=38, Sq=[16, 16, 16, 16, 16, 16, 16, 16, 16, 16, 16, 16, 16, 16, 16, 16, 16, 16, 16, 16, 16, 16, 16, 16, 16, 16, 16, 16, 16, 16, 16, 16, 16, 16, 16, 16, 392, 4096], Sk=[12006, 46814, 3775, 7261, 2189, 3346, 2022, 2082, 1850, 11099, 1967, 19868, 3002, 5045, 2836, 13470, 5416, 2973, 20109, 6566, 2147, 9606, 1763, 33637, 17685, 2274, 5665, 1075, 34455, 5095, 12100, 13161, 19299, 4967, 1380, 9880, 512, 512], DCP=2, Hkv=4
================================================================================
Config: world_size=8, methods=['dcp_mega_varlen'], QH=32, KVH=4, D=128, TP=8, DCP=2, workload=chunk, execution=eager, baseline_phase_timing=False, warmup=40, iters=60, check=False
Workload: B=38, q_tokens=5064, history_tokens=348909, q_seqlens=[16, 16, 16, 16, 16, 16, 16, 16, 16, 16, 16, 16, 16, 16, 16, 16, 16, 16, 16, 16, 16, 16, 16, 16, 16, 16, 16, 16, 16, 16, 16, 16, 16, 16, 16, 16, 392, 4096], history_seqlens=[12006, 46814, 3775, 7261, 2189, 3346, 2022, 2082, 1850, 11099, 1967, 19868, 3002, 5045, 2836, 13470, 5416, 2973, 20109, 6566, 2147, 9606, 1763, 33637, 17685, 2274, 5665, 1075, 34455, 5095, 12100, 13161, 19299, 4967, 1380, 9880, 512, 512]
Agg TFLOPS uses useful attention work across all TP ranks and p50(max_across_ranks); Avg/GPU divides it by world_size.
KV GB/s/GPU is average logical BF16 K+V bytes read per TP rank divided by p50(max_across_ranks); it is not hardware-counter HBM traffic.

Running B=38, q_tokens=5064, history_tokens=348909, causal=True

B=38, q_tokens=5064, history_tokens=348909, QH=32, KVH=4, D=128, TP=8, DCP=2, mode=causal
Method                   Time ms                                                                                                                                     Agg TFLOPS    Avg/GPU  KV GB/s/GPU      Check  Note
dcp_mega_varlen          t0=0.184, t1=0.183, t2=0.185, t3=0.183, t4=0.183, t5=0.182, t6=0.185, t7=0.184 | p50(max_across_ranks)=0.186, p90(max_across_ranks)=0.187       1442.4      180.3        495.3       skip  eager; output=bf16_ipc_a2a; runner_preallocated; timing=mega_kernel_only
Wrote benchmark JSON to /home/hychen/min_fa3_demo/benchmark_logs/experiment_suite/20260812-231044-dcp-cp-suite/01_dcp_wave/results/arrival_4/dcp_2/critical_wave_fifo/comm_sm_12/case_000025_dcp2_hkv4_eager.json

================================================================================
Mega comm_sm=12, case 27/100: case_000026_dcp2_hkv4: B=34, Sq=[16, 16, 16, 16, 16, 16, 16, 16, 16, 16, 16, 16, 16, 16, 16, 16, 16, 16, 16, 16, 16, 16, 16, 16, 16, 16, 16, 16, 16, 16, 16, 16, 16, 16], Sk=[20512, 32270, 18086, 13427, 2335, 1466, 10846, 5948, 4328, 8447, 54932, 6929, 12796, 1255, 1125, 1326, 66374, 11935, 5730, 16100, 1002, 2156, 34311, 997, 6107, 19906, 3936, 10172, 1562, 1107, 46073, 1256, 6168, 20585], DCP=2, Hkv=4
================================================================================
Config: world_size=8, methods=['dcp_mega_varlen'], QH=32, KVH=4, D=128, TP=8, DCP=2, workload=chunk, execution=eager, baseline_phase_timing=False, warmup=40, iters=60, check=False
Workload: B=34, q_tokens=544, history_tokens=451505, q_seqlens=[16, 16, 16, 16, 16, 16, 16, 16, 16, 16, 16, 16, 16, 16, 16, 16, 16, 16, 16, 16, 16, 16, 16, 16, 16, 16, 16, 16, 16, 16, 16, 16, 16, 16], history_seqlens=[20512, 32270, 18086, 13427, 2335, 1466, 10846, 5948, 4328, 8447, 54932, 6929, 12796, 1255, 1125, 1326, 66374, 11935, 5730, 16100, 1002, 2156, 34311, 997, 6107, 19906, 3936, 10172, 1562, 1107, 46073, 1256, 6168, 20585]
Agg TFLOPS uses useful attention work across all TP ranks and p50(max_across_ranks); Avg/GPU divides it by world_size.
KV GB/s/GPU is average logical BF16 K+V bytes read per TP rank divided by p50(max_across_ranks); it is not hardware-counter HBM traffic.

Running B=34, q_tokens=544, history_tokens=451505, causal=True

B=34, q_tokens=544, history_tokens=451505, QH=32, KVH=4, D=128, TP=8, DCP=2, mode=causal
Method                   Time ms                                                                                                                                     Agg TFLOPS    Avg/GPU  KV GB/s/GPU      Check  Note
dcp_mega_varlen          t0=0.105, t1=0.104, t2=0.106, t3=0.104, t4=0.106, t5=0.105, t6=0.107, t7=0.105 | p50(max_across_ranks)=0.108, p90(max_across_ranks)=0.113       1100.9      137.6       1077.0       skip  eager; output=bf16_ipc_a2a; runner_preallocated; timing=mega_kernel_only
Wrote benchmark JSON to /home/hychen/min_fa3_demo/benchmark_logs/experiment_suite/20260812-231044-dcp-cp-suite/01_dcp_wave/results/arrival_4/dcp_2/critical_wave_fifo/comm_sm_12/case_000026_dcp2_hkv4_eager.json

================================================================================
Mega comm_sm=12, case 28/100: case_000027_dcp2_hkv4: B=35, Sq=[16, 16, 16, 16, 16, 16, 16, 16, 16, 16, 16, 16, 16, 16, 16, 16, 16, 16, 16, 16, 16, 16, 16, 16, 16, 16, 16, 16, 16, 16, 16, 16, 16, 16, 16], Sk=[20954, 32660, 13861, 2551, 46517, 21030, 10555, 6886, 2113, 20903, 7799, 10405, 2098, 4074, 8802, 1132, 1237, 1085, 1092, 7749, 1074, 2874, 1386, 15324, 1644, 11177, 1036, 4445, 1303, 6287, 6081, 85954, 18312, 2436, 10031], DCP=2, Hkv=4
================================================================================
Config: world_size=8, methods=['dcp_mega_varlen'], QH=32, KVH=4, D=128, TP=8, DCP=2, workload=chunk, execution=eager, baseline_phase_timing=False, warmup=40, iters=60, check=False
Workload: B=35, q_tokens=560, history_tokens=392867, q_seqlens=[16, 16, 16, 16, 16, 16, 16, 16, 16, 16, 16, 16, 16, 16, 16, 16, 16, 16, 16, 16, 16, 16, 16, 16, 16, 16, 16, 16, 16, 16, 16, 16, 16, 16, 16], history_seqlens=[20954, 32660, 13861, 2551, 46517, 21030, 10555, 6886, 2113, 20903, 7799, 10405, 2098, 4074, 8802, 1132, 1237, 1085, 1092, 7749, 1074, 2874, 1386, 15324, 1644, 11177, 1036, 4445, 1303, 6287, 6081, 85954, 18312, 2436, 10031]
Agg TFLOPS uses useful attention work across all TP ranks and p50(max_across_ranks); Avg/GPU divides it by world_size.
KV GB/s/GPU is average logical BF16 K+V bytes read per TP rank divided by p50(max_across_ranks); it is not hardware-counter HBM traffic.

Running B=35, q_tokens=560, history_tokens=392867, causal=True

B=35, q_tokens=560, history_tokens=392867, QH=32, KVH=4, D=128, TP=8, DCP=2, mode=causal
Method                   Time ms                                                                                                                                     Agg TFLOPS    Avg/GPU  KV GB/s/GPU      Check  Note
dcp_mega_varlen          t0=0.100, t1=0.100, t2=0.101, t3=0.100, t4=0.101, t5=0.100, t6=0.101, t7=0.099 | p50(max_across_ranks)=0.103, p90(max_across_ranks)=0.114        999.0      124.9        977.6       skip  eager; output=bf16_ipc_a2a; runner_preallocated; timing=mega_kernel_only
Wrote benchmark JSON to /home/hychen/min_fa3_demo/benchmark_logs/experiment_suite/20260812-231044-dcp-cp-suite/01_dcp_wave/results/arrival_4/dcp_2/critical_wave_fifo/comm_sm_12/case_000027_dcp2_hkv4_eager.json

================================================================================
Mega comm_sm=12, case 29/100: case_000028_dcp2_hkv4: B=38, Sq=[16, 16, 16, 16, 16, 16, 16, 16, 16, 16, 16, 16, 16, 16, 16, 16, 16, 16, 16, 16, 16, 16, 16, 16, 16, 16, 16, 16, 16, 16, 16, 16, 16, 16, 16, 16, 16, 4096], Sk=[20980, 32685, 13886, 2570, 46542, 21051, 10574, 6906, 2139, 20925, 7820, 10431, 2119, 4098, 8831, 1155, 1258, 1105, 1123, 7770, 1095, 2894, 1401, 15350, 1670, 11197, 1060, 4468, 1329, 6316, 6106, 85975, 18332, 2455, 10052, 11586, 7804, 512], DCP=2, Hkv=4
================================================================================
Config: world_size=8, methods=['dcp_mega_varlen'], QH=32, KVH=4, D=128, TP=8, DCP=2, workload=chunk, execution=eager, baseline_phase_timing=False, warmup=40, iters=60, check=False
Workload: B=38, q_tokens=4688, history_tokens=413570, q_seqlens=[16, 16, 16, 16, 16, 16, 16, 16, 16, 16, 16, 16, 16, 16, 16, 16, 16, 16, 16, 16, 16, 16, 16, 16, 16, 16, 16, 16, 16, 16, 16, 16, 16, 16, 16, 16, 16, 4096], history_seqlens=[20980, 32685, 13886, 2570, 46542, 21051, 10574, 6906, 2139, 20925, 7820, 10431, 2119, 4098, 8831, 1155, 1258, 1105, 1123, 7770, 1095, 2894, 1401, 15350, 1670, 11197, 1060, 4468, 1329, 6316, 6106, 85975, 18332, 2455, 10052, 11586, 7804, 512]
Agg TFLOPS uses useful attention work across all TP ranks and p50(max_across_ranks); Avg/GPU divides it by world_size.
KV GB/s/GPU is average logical BF16 K+V bytes read per TP rank divided by p50(max_across_ranks); it is not hardware-counter HBM traffic.

Running B=38, q_tokens=4688, history_tokens=413570, causal=True

B=38, q_tokens=4688, history_tokens=413570, QH=32, KVH=4, D=128, TP=8, DCP=2, mode=causal
Method                   Time ms                                                                                                                                     Agg TFLOPS    Avg/GPU  KV GB/s/GPU      Check  Note
dcp_mega_varlen          t0=0.189, t1=0.189, t2=0.190, t3=0.188, t4=0.191, t5=0.189, t6=0.191, t7=0.187 | p50(max_across_ranks)=0.192, p90(max_across_ranks)=0.197       1457.8      182.2        563.3       skip  eager; output=bf16_ipc_a2a; runner_preallocated; timing=mega_kernel_only
Wrote benchmark JSON to /home/hychen/min_fa3_demo/benchmark_logs/experiment_suite/20260812-231044-dcp-cp-suite/01_dcp_wave/results/arrival_4/dcp_2/critical_wave_fifo/comm_sm_12/case_000028_dcp2_hkv4_eager.json

================================================================================
Mega comm_sm=12, case 30/100: case_000029_dcp2_hkv4: B=41, Sq=[16, 16, 16, 16, 16, 16, 16, 16, 16, 16, 16, 16, 16, 16, 16, 16, 16, 16, 16, 16, 16, 16, 16, 16, 16, 16, 16, 16, 16, 16, 16, 16, 16, 16, 16, 16, 16, 16, 16, 16, 2920], Sk=[21154, 32854, 14057, 2748, 10725, 2290, 9013, 1427, 1280, 1294, 1265, 15534, 1824, 11382, 6278, 86153, 18507, 10225, 11742, 7986, 2821, 4413, 7692, 1523, 1025, 1028, 1249, 12002, 3560, 15926, 9585, 8632, 18749, 111800, 18405, 1122, 4374, 14158, 1105, 5783, 13312], DCP=2, Hkv=4
================================================================================
Config: world_size=8, methods=['dcp_mega_varlen'], QH=32, KVH=4, D=128, TP=8, DCP=2, workload=chunk, execution=eager, baseline_phase_timing=False, warmup=40, iters=60, check=False
Workload: B=41, q_tokens=3560, history_tokens=526002, q_seqlens=[16, 16, 16, 16, 16, 16, 16, 16, 16, 16, 16, 16, 16, 16, 16, 16, 16, 16, 16, 16, 16, 16, 16, 16, 16, 16, 16, 16, 16, 16, 16, 16, 16, 16, 16, 16, 16, 16, 16, 16, 2920], history_seqlens=[21154, 32854, 14057, 2748, 10725, 2290, 9013, 1427, 1280, 1294, 1265, 15534, 1824, 11382, 6278, 86153, 18507, 10225, 11742, 7986, 2821, 4413, 7692, 1523, 1025, 1028, 1249, 12002, 3560, 15926, 9585, 8632, 18749, 111800, 18405, 1122, 4374, 14158, 1105, 5783, 13312]
Agg TFLOPS uses useful attention work across all TP ranks and p50(max_across_ranks); Avg/GPU divides it by world_size.
KV GB/s/GPU is average logical BF16 K+V bytes read per TP rank divided by p50(max_across_ranks); it is not hardware-counter HBM traffic.

Running B=41, q_tokens=3560, history_tokens=526002, causal=True

B=41, q_tokens=3560, history_tokens=526002, QH=32, KVH=4, D=128, TP=8, DCP=2, mode=causal
Method                   Time ms                                                                                                                                     Agg TFLOPS    Avg/GPU  KV GB/s/GPU      Check  Note
dcp_mega_varlen          t0=0.241, t1=0.242, t2=0.242, t3=0.241, t4=0.241, t5=0.241, t6=0.243, t7=0.243 | p50(max_across_ranks)=0.244, p90(max_across_ranks)=0.248       3446.7      430.8        559.2       skip  eager; output=bf16_ipc_a2a; runner_preallocated; timing=mega_kernel_only
Wrote benchmark JSON to /home/hychen/min_fa3_demo/benchmark_logs/experiment_suite/20260812-231044-dcp-cp-suite/01_dcp_wave/results/arrival_4/dcp_2/critical_wave_fifo/comm_sm_12/case_000029_dcp2_hkv4_eager.json

================================================================================
Mega comm_sm=12, case 31/100: case_000030_dcp2_hkv4: B=39, Sq=[16, 16, 16, 16, 16, 16, 16, 16, 16, 16, 16, 16, 16, 16, 16, 16, 16, 16, 16, 16, 16, 16, 16, 16, 16, 16, 16, 16, 16, 16, 16, 16, 16, 16, 16, 16, 16, 16, 504], Sk=[21275, 32966, 2892, 1961, 11506, 6400, 86288, 18630, 10339, 11863, 8115, 2937, 4531, 7813, 1635, 1156, 1378, 12114, 3690, 16050, 9705, 8755, 111930, 18519, 1234, 4486, 14279, 1250, 5897, 16339, 1015, 13340, 6140, 987, 4975, 3404, 15651, 40176, 512], DCP=2, Hkv=4
================================================================================
Config: world_size=8, methods=['dcp_mega_varlen'], QH=32, KVH=4, D=128, TP=8, DCP=2, workload=chunk, execution=eager, baseline_phase_timing=False, warmup=40, iters=60, check=False
Workload: B=39, q_tokens=1112, history_tokens=542133, q_seqlens=[16, 16, 16, 16, 16, 16, 16, 16, 16, 16, 16, 16, 16, 16, 16, 16, 16, 16, 16, 16, 16, 16, 16, 16, 16, 16, 16, 16, 16, 16, 16, 16, 16, 16, 16, 16, 16, 16, 504], history_seqlens=[21275, 32966, 2892, 1961, 11506, 6400, 86288, 18630, 10339, 11863, 8115, 2937, 4531, 7813, 1635, 1156, 1378, 12114, 3690, 16050, 9705, 8755, 111930, 18519, 1234, 4486, 14279, 1250, 5897, 16339, 1015, 13340, 6140, 987, 4975, 3404, 15651, 40176, 512]
Agg TFLOPS uses useful attention work across all TP ranks and p50(max_across_ranks); Avg/GPU divides it by world_size.
KV GB/s/GPU is average logical BF16 K+V bytes read per TP rank divided by p50(max_across_ranks); it is not hardware-counter HBM traffic.

Running B=39, q_tokens=1112, history_tokens=542133, causal=True

B=39, q_tokens=1112, history_tokens=542133, QH=32, KVH=4, D=128, TP=8, DCP=2, mode=causal
Method                   Time ms                                                                                                                                     Agg TFLOPS    Avg/GPU  KV GB/s/GPU      Check  Note
dcp_mega_varlen          t0=0.185, t1=0.184, t2=0.185, t3=0.184, t4=0.186, t5=0.183, t6=0.184, t7=0.182 | p50(max_across_ranks)=0.186, p90(max_across_ranks)=0.188        796.1       99.5        747.7       skip  eager; output=bf16_ipc_a2a; runner_preallocated; timing=mega_kernel_only
Wrote benchmark JSON to /home/hychen/min_fa3_demo/benchmark_logs/experiment_suite/20260812-231044-dcp-cp-suite/01_dcp_wave/results/arrival_4/dcp_2/critical_wave_fifo/comm_sm_12/case_000030_dcp2_hkv4_eager.json

================================================================================
Mega comm_sm=12, case 32/100: case_000031_dcp2_hkv4: B=30, Sq=[16, 16, 16, 16, 16, 16, 16, 16, 16, 16, 16, 16, 16, 16, 16, 16, 16, 16, 16, 16, 16, 16, 16, 16, 16, 16, 16, 16, 4096, 4096], Sk=[33327, 4036, 4838, 16660, 13694, 5310, 3750, 40528, 1335, 1162, 12837, 1115, 1083, 16557, 48736, 60503, 10637, 14456, 7172, 3560, 1416, 986, 5830, 2408, 5632, 962, 11016, 8291, 70144, 8704], DCP=2, Hkv=4
================================================================================
Config: world_size=8, methods=['dcp_mega_varlen'], QH=32, KVH=4, D=128, TP=8, DCP=2, workload=chunk, execution=eager, baseline_phase_timing=False, warmup=40, iters=60, check=False
Workload: B=30, q_tokens=8640, history_tokens=416685, q_seqlens=[16, 16, 16, 16, 16, 16, 16, 16, 16, 16, 16, 16, 16, 16, 16, 16, 16, 16, 16, 16, 16, 16, 16, 16, 16, 16, 16, 16, 4096, 4096], history_seqlens=[33327, 4036, 4838, 16660, 13694, 5310, 3750, 40528, 1335, 1162, 12837, 1115, 1083, 16557, 48736, 60503, 10637, 14456, 7172, 3560, 1416, 986, 5830, 2408, 5632, 962, 11016, 8291, 70144, 8704]
Agg TFLOPS uses useful attention work across all TP ranks and p50(max_across_ranks); Avg/GPU divides it by world_size.
KV GB/s/GPU is average logical BF16 K+V bytes read per TP rank divided by p50(max_across_ranks); it is not hardware-counter HBM traffic.

Running B=30, q_tokens=8640, history_tokens=416685, causal=True

B=30, q_tokens=8640, history_tokens=416685, QH=32, KVH=4, D=128, TP=8, DCP=2, mode=causal
Method                   Time ms                                                                                                                                     Agg TFLOPS    Avg/GPU  KV GB/s/GPU      Check  Note
dcp_mega_varlen          t0=1.289, t1=1.287, t2=1.273, t3=1.280, t4=1.267, t5=1.254, t6=1.259, t7=1.268 | p50(max_across_ranks)=1.296, p90(max_across_ranks)=1.302       4362.6      545.3         85.7       skip  eager; output=bf16_ipc_a2a; runner_preallocated; timing=mega_kernel_only
Wrote benchmark JSON to /home/hychen/min_fa3_demo/benchmark_logs/experiment_suite/20260812-231044-dcp-cp-suite/01_dcp_wave/results/arrival_4/dcp_2/critical_wave_fifo/comm_sm_12/case_000031_dcp2_hkv4_eager.json

================================================================================
Mega comm_sm=12, case 33/100: case_000032_dcp2_hkv4: B=30, Sq=[16, 16, 16, 16, 16, 16, 16, 16, 16, 16, 16, 16, 16, 16, 16, 16, 16, 16, 16, 16, 16, 16, 16, 16, 16, 16, 16, 16, 16, 16], Sk=[41971, 5095, 37306, 7027, 2475, 1599, 8558, 1190, 26524, 1223, 1165, 37819, 2131, 2325, 1037, 22236, 1834, 11372, 1422, 50519, 2673, 1125, 28283, 986, 18273, 39955, 3111, 60580, 4460, 12541], DCP=2, Hkv=4
================================================================================
Config: world_size=8, methods=['dcp_mega_varlen'], QH=32, KVH=4, D=128, TP=8, DCP=2, workload=chunk, execution=eager, baseline_phase_timing=False, warmup=40, iters=60, check=False
Workload: B=30, q_tokens=480, history_tokens=436815, q_seqlens=[16, 16, 16, 16, 16, 16, 16, 16, 16, 16, 16, 16, 16, 16, 16, 16, 16, 16, 16, 16, 16, 16, 16, 16, 16, 16, 16, 16, 16, 16], history_seqlens=[41971, 5095, 37306, 7027, 2475, 1599, 8558, 1190, 26524, 1223, 1165, 37819, 2131, 2325, 1037, 22236, 1834, 11372, 1422, 50519, 2673, 1125, 28283, 986, 18273, 39955, 3111, 60580, 4460, 12541]
Agg TFLOPS uses useful attention work across all TP ranks and p50(max_across_ranks); Avg/GPU divides it by world_size.
KV GB/s/GPU is average logical BF16 K+V bytes read per TP rank divided by p50(max_across_ranks); it is not hardware-counter HBM traffic.

Running B=30, q_tokens=480, history_tokens=436815, causal=True

B=30, q_tokens=480, history_tokens=436815, QH=32, KVH=4, D=128, TP=8, DCP=2, mode=causal
Method                   Time ms                                                                                                                                     Agg TFLOPS    Avg/GPU  KV GB/s/GPU      Check  Note
dcp_mega_varlen          t0=0.101, t1=0.100, t2=0.101, t3=0.100, t4=0.101, t5=0.100, t6=0.102, t7=0.099 | p50(max_across_ranks)=0.102, p90(max_across_ranks)=0.105       1117.9      139.7       1093.4       skip  eager; output=bf16_ipc_a2a; runner_preallocated; timing=mega_kernel_only
Wrote benchmark JSON to /home/hychen/min_fa3_demo/benchmark_logs/experiment_suite/20260812-231044-dcp-cp-suite/01_dcp_wave/results/arrival_4/dcp_2/critical_wave_fifo/comm_sm_12/case_000032_dcp2_hkv4_eager.json

================================================================================
Mega comm_sm=12, case 34/100: case_000033_dcp2_hkv4: B=30, Sq=[16, 16, 16, 16, 16, 16, 16, 16, 16, 16, 16, 16, 16, 16, 16, 16, 16, 16, 16, 16, 16, 16, 16, 16, 16, 16, 16, 16, 16, 16], Sk=[10645, 20296, 18981, 2078, 3418, 1594, 12022, 10704, 2013, 3216, 12030, 30533, 1657, 2861, 14697, 6914, 3671, 1190, 4674, 4679, 11957, 21215, 9650, 1527, 7832, 7943, 8990, 18570, 3251, 1234], DCP=2, Hkv=4
================================================================================
Config: world_size=8, methods=['dcp_mega_varlen'], QH=32, KVH=4, D=128, TP=8, DCP=2, workload=chunk, execution=eager, baseline_phase_timing=False, warmup=40, iters=60, check=False
Workload: B=30, q_tokens=480, history_tokens=260042, q_seqlens=[16, 16, 16, 16, 16, 16, 16, 16, 16, 16, 16, 16, 16, 16, 16, 16, 16, 16, 16, 16, 16, 16, 16, 16, 16, 16, 16, 16, 16, 16], history_seqlens=[10645, 20296, 18981, 2078, 3418, 1594, 12022, 10704, 2013, 3216, 12030, 30533, 1657, 2861, 14697, 6914, 3671, 1190, 4674, 4679, 11957, 21215, 9650, 1527, 7832, 7943, 8990, 18570, 3251, 1234]
Agg TFLOPS uses useful attention work across all TP ranks and p50(max_across_ranks); Avg/GPU divides it by world_size.
KV GB/s/GPU is average logical BF16 K+V bytes read per TP rank divided by p50(max_across_ranks); it is not hardware-counter HBM traffic.

Running B=30, q_tokens=480, history_tokens=260042, causal=True

B=30, q_tokens=480, history_tokens=260042, QH=32, KVH=4, D=128, TP=8, DCP=2, mode=causal
Method                   Time ms                                                                                                                                     Agg TFLOPS    Avg/GPU  KV GB/s/GPU      Check  Note
dcp_mega_varlen          t0=0.082, t1=0.081, t2=0.083, t3=0.081, t4=0.083, t5=0.081, t6=0.083, t7=0.081 | p50(max_across_ranks)=0.084, p90(max_across_ranks)=0.086        811.6      101.4        794.7       skip  eager; output=bf16_ipc_a2a; runner_preallocated; timing=mega_kernel_only
Wrote benchmark JSON to /home/hychen/min_fa3_demo/benchmark_logs/experiment_suite/20260812-231044-dcp-cp-suite/01_dcp_wave/results/arrival_4/dcp_2/critical_wave_fifo/comm_sm_12/case_000033_dcp2_hkv4_eager.json

================================================================================
Mega comm_sm=12, case 35/100: case_000034_dcp2_hkv4: B=36, Sq=[16, 16, 16, 16, 16, 16, 16, 16, 16, 16, 16, 16, 16, 16, 16, 16, 16, 16, 16, 16, 16, 16, 16, 16, 16, 16, 16, 16, 16, 16, 16, 16, 16, 16, 16, 4096], Sk=[21214, 85573, 19759, 1708, 1480, 4561, 2985, 2061, 5385, 14546, 25898, 7552, 11024, 20531, 4511, 3346, 5527, 1923, 13364, 25004, 5213, 3072, 8025, 4623, 9338, 1035, 6245, 10945, 7117, 5554, 2560, 2174, 16762, 15943, 29745, 37376], DCP=2, Hkv=4
================================================================================
Config: world_size=8, methods=['dcp_mega_varlen'], QH=32, KVH=4, D=128, TP=8, DCP=2, workload=chunk, execution=eager, baseline_phase_timing=False, warmup=40, iters=60, check=False
Workload: B=36, q_tokens=4656, history_tokens=443679, q_seqlens=[16, 16, 16, 16, 16, 16, 16, 16, 16, 16, 16, 16, 16, 16, 16, 16, 16, 16, 16, 16, 16, 16, 16, 16, 16, 16, 16, 16, 16, 16, 16, 16, 16, 16, 16, 4096], history_seqlens=[21214, 85573, 19759, 1708, 1480, 4561, 2985, 2061, 5385, 14546, 25898, 7552, 11024, 20531, 4511, 3346, 5527, 1923, 13364, 25004, 5213, 3072, 8025, 4623, 9338, 1035, 6245, 10945, 7117, 5554, 2560, 2174, 16762, 15943, 29745, 37376]
Agg TFLOPS uses useful attention work across all TP ranks and p50(max_across_ranks); Avg/GPU divides it by world_size.
KV GB/s/GPU is average logical BF16 K+V bytes read per TP rank divided by p50(max_across_ranks); it is not hardware-counter HBM traffic.

Running B=36, q_tokens=4656, history_tokens=443679, causal=True

B=36, q_tokens=4656, history_tokens=443679, QH=32, KVH=4, D=128, TP=8, DCP=2, mode=causal
Method                   Time ms                                                                                                                                     Agg TFLOPS    Avg/GPU  KV GB/s/GPU      Check  Note
dcp_mega_varlen          t0=0.690, t1=0.677, t2=0.693, t3=0.683, t4=0.691, t5=0.683, t6=0.698, t7=0.684 | p50(max_across_ranks)=0.698, p90(max_across_ranks)=0.702       3944.3      493.0        166.2       skip  eager; output=bf16_ipc_a2a; runner_preallocated; timing=mega_kernel_only
Wrote benchmark JSON to /home/hychen/min_fa3_demo/benchmark_logs/experiment_suite/20260812-231044-dcp-cp-suite/01_dcp_wave/results/arrival_4/dcp_2/critical_wave_fifo/comm_sm_12/case_000034_dcp2_hkv4_eager.json

================================================================================
Mega comm_sm=12, case 36/100: case_000035_dcp2_hkv4: B=37, Sq=[16, 16, 16, 16, 16, 16, 16, 16, 16, 16, 16, 16, 16, 16, 16, 16, 16, 16, 16, 16, 16, 16, 16, 16, 16, 16, 16, 16, 16, 16, 16, 16, 16, 16, 16, 16, 1280], Sk=[51438, 4164, 3242, 7996, 19291, 2338, 34064, 29453, 6287, 2859, 12019, 1153, 7761, 6588, 3126, 4097, 15836, 3566, 2452, 3798, 2332, 17697, 25849, 1036, 2703, 5977, 1450, 2384, 1303, 994, 19904, 4654, 17595, 18570, 1232, 1072, 512], DCP=2, Hkv=4
================================================================================
Config: world_size=8, methods=['dcp_mega_varlen'], QH=32, KVH=4, D=128, TP=8, DCP=2, workload=chunk, execution=eager, baseline_phase_timing=False, warmup=40, iters=60, check=False
Workload: B=37, q_tokens=1856, history_tokens=346792, q_seqlens=[16, 16, 16, 16, 16, 16, 16, 16, 16, 16, 16, 16, 16, 16, 16, 16, 16, 16, 16, 16, 16, 16, 16, 16, 16, 16, 16, 16, 16, 16, 16, 16, 16, 16, 16, 16, 1280], history_seqlens=[51438, 4164, 3242, 7996, 19291, 2338, 34064, 29453, 6287, 2859, 12019, 1153, 7761, 6588, 3126, 4097, 15836, 3566, 2452, 3798, 2332, 17697, 25849, 1036, 2703, 5977, 1450, 2384, 1303, 994, 19904, 4654, 17595, 18570, 1232, 1072, 512]
Agg TFLOPS uses useful attention work across all TP ranks and p50(max_across_ranks); Avg/GPU divides it by world_size.
KV GB/s/GPU is average logical BF16 K+V bytes read per TP rank divided by p50(max_across_ranks); it is not hardware-counter HBM traffic.

Running B=37, q_tokens=1856, history_tokens=346792, causal=True

B=37, q_tokens=1856, history_tokens=346792, QH=32, KVH=4, D=128, TP=8, DCP=2, mode=causal
Method                   Time ms                                                                                                                                     Agg TFLOPS    Avg/GPU  KV GB/s/GPU      Check  Note
dcp_mega_varlen          t0=0.132, t1=0.131, t2=0.134, t3=0.132, t4=0.133, t5=0.130, t6=0.133, t7=0.131 | p50(max_across_ranks)=0.135, p90(max_across_ranks)=0.147        853.2      106.7        665.6       skip  eager; output=bf16_ipc_a2a; runner_preallocated; timing=mega_kernel_only
Wrote benchmark JSON to /home/hychen/min_fa3_demo/benchmark_logs/experiment_suite/20260812-231044-dcp-cp-suite/01_dcp_wave/results/arrival_4/dcp_2/critical_wave_fifo/comm_sm_12/case_000035_dcp2_hkv4_eager.json

================================================================================
Mega comm_sm=12, case 37/100: case_000036_dcp2_hkv4: B=35, Sq=[16, 16, 16, 16, 16, 16, 16, 16, 16, 16, 16, 16, 16, 16, 16, 16, 16, 16, 16, 16, 16, 16, 16, 16, 16, 16, 16, 16, 16, 16, 16, 16, 16, 16, 16], Sk=[35103, 42917, 4241, 33691, 1758, 2023, 8772, 18983, 4277, 17802, 10763, 118672, 1995, 13398, 118744, 21718, 1191, 25603, 14491, 44786, 1415, 1119, 12360, 20198, 6661, 8619, 7195, 15562, 1029, 1381, 19362, 1936, 9952, 1890, 1279], DCP=2, Hkv=4
================================================================================
Config: world_size=8, methods=['dcp_mega_varlen'], QH=32, KVH=4, D=128, TP=8, DCP=2, workload=chunk, execution=eager, baseline_phase_timing=False, warmup=40, iters=60, check=False
Workload: B=35, q_tokens=560, history_tokens=650886, q_seqlens=[16, 16, 16, 16, 16, 16, 16, 16, 16, 16, 16, 16, 16, 16, 16, 16, 16, 16, 16, 16, 16, 16, 16, 16, 16, 16, 16, 16, 16, 16, 16, 16, 16, 16, 16], history_seqlens=[35103, 42917, 4241, 33691, 1758, 2023, 8772, 18983, 4277, 17802, 10763, 118672, 1995, 13398, 118744, 21718, 1191, 25603, 14491, 44786, 1415, 1119, 12360, 20198, 6661, 8619, 7195, 15562, 1029, 1381, 19362, 1936, 9952, 1890, 1279]
Agg TFLOPS uses useful attention work across all TP ranks and p50(max_across_ranks); Avg/GPU divides it by world_size.
KV GB/s/GPU is average logical BF16 K+V bytes read per TP rank divided by p50(max_across_ranks); it is not hardware-counter HBM traffic.

Running B=35, q_tokens=560, history_tokens=650886, causal=True

B=35, q_tokens=560, history_tokens=650886, QH=32, KVH=4, D=128, TP=8, DCP=2, mode=causal
Method                   Time ms                                                                                                                                     Agg TFLOPS    Avg/GPU  KV GB/s/GPU      Check  Note
dcp_mega_varlen          t0=0.125, t1=0.124, t2=0.126, t3=0.124, t4=0.124, t5=0.124, t6=0.127, t7=0.124 | p50(max_across_ranks)=0.128, p90(max_across_ranks)=0.129       1336.5      167.1       1306.8       skip  eager; output=bf16_ipc_a2a; runner_preallocated; timing=mega_kernel_only
Wrote benchmark JSON to /home/hychen/min_fa3_demo/benchmark_logs/experiment_suite/20260812-231044-dcp-cp-suite/01_dcp_wave/results/arrival_4/dcp_2/critical_wave_fifo/comm_sm_12/case_000036_dcp2_hkv4_eager.json

================================================================================
Mega comm_sm=12, case 38/100: case_000037_dcp2_hkv4: B=37, Sq=[16, 16, 16, 16, 16, 16, 16, 16, 16, 16, 16, 16, 16, 16, 16, 16, 16, 16, 16, 16, 16, 16, 16, 16, 16, 16, 16, 16, 16, 16, 16, 16, 16, 16, 16, 856, 656], Sk=[3538, 16215, 5566, 7993, 3785, 11536, 8021, 1425, 5152, 6027, 2368, 17346, 24216, 4563, 14688, 2457, 5935, 19171, 9789, 17792, 21929, 10612, 4329, 11045, 8904, 4608, 38610, 16308, 31448, 5706, 4632, 14353, 1006, 9338, 12245, 16896, 22528], DCP=2, Hkv=4
================================================================================
Config: world_size=8, methods=['dcp_mega_varlen'], QH=32, KVH=4, D=128, TP=8, DCP=2, workload=chunk, execution=eager, baseline_phase_timing=False, warmup=40, iters=60, check=False
Workload: B=37, q_tokens=2072, history_tokens=422080, q_seqlens=[16, 16, 16, 16, 16, 16, 16, 16, 16, 16, 16, 16, 16, 16, 16, 16, 16, 16, 16, 16, 16, 16, 16, 16, 16, 16, 16, 16, 16, 16, 16, 16, 16, 16, 16, 856, 656], history_seqlens=[3538, 16215, 5566, 7993, 3785, 11536, 8021, 1425, 5152, 6027, 2368, 17346, 24216, 4563, 14688, 2457, 5935, 19171, 9789, 17792, 21929, 10612, 4329, 11045, 8904, 4608, 38610, 16308, 31448, 5706, 4632, 14353, 1006, 9338, 12245, 16896, 22528]
Agg TFLOPS uses useful attention work across all TP ranks and p50(max_across_ranks); Avg/GPU divides it by world_size.
KV GB/s/GPU is average logical BF16 K+V bytes read per TP rank divided by p50(max_across_ranks); it is not hardware-counter HBM traffic.

Running B=37, q_tokens=2072, history_tokens=422080, causal=True

B=37, q_tokens=2072, history_tokens=422080, QH=32, KVH=4, D=128, TP=8, DCP=2, mode=causal
Method                   Time ms                                                                                                                                     Agg TFLOPS    Avg/GPU  KV GB/s/GPU      Check  Note
dcp_mega_varlen          t0=0.190, t1=0.193, t2=0.193, t3=0.192, t4=0.192, t5=0.191, t6=0.192, t7=0.193 | p50(max_across_ranks)=0.194, p90(max_across_ranks)=0.195       3038.2      379.8        562.8       skip  eager; output=bf16_ipc_a2a; runner_preallocated; timing=mega_kernel_only
Wrote benchmark JSON to /home/hychen/min_fa3_demo/benchmark_logs/experiment_suite/20260812-231044-dcp-cp-suite/01_dcp_wave/results/arrival_4/dcp_2/critical_wave_fifo/comm_sm_12/case_000037_dcp2_hkv4_eager.json

================================================================================
Mega comm_sm=12, case 39/100: case_000038_dcp2_hkv4: B=28, Sq=[16, 16, 16, 16, 16, 16, 16, 16, 16, 16, 16, 16, 16, 16, 16, 16, 16, 16, 16, 16, 16, 16, 16, 16, 16, 16, 16, 16], Sk=[4291, 4485, 5303, 18476, 20868, 3915, 12409, 1360, 20278, 22174, 6305, 3484, 4982, 1603, 27272, 5521, 27794, 1478, 11461, 2946, 1142, 8397, 15843, 24744, 31857, 1489, 8204, 1756], DCP=2, Hkv=4
================================================================================
Config: world_size=8, methods=['dcp_mega_varlen'], QH=32, KVH=4, D=128, TP=8, DCP=2, workload=chunk, execution=eager, baseline_phase_timing=False, warmup=40, iters=60, check=False
Workload: B=28, q_tokens=448, history_tokens=299837, q_seqlens=[16, 16, 16, 16, 16, 16, 16, 16, 16, 16, 16, 16, 16, 16, 16, 16, 16, 16, 16, 16, 16, 16, 16, 16, 16, 16, 16, 16], history_seqlens=[4291, 4485, 5303, 18476, 20868, 3915, 12409, 1360, 20278, 22174, 6305, 3484, 4982, 1603, 27272, 5521, 27794, 1478, 11461, 2946, 1142, 8397, 15843, 24744, 31857, 1489, 8204, 1756]
Agg TFLOPS uses useful attention work across all TP ranks and p50(max_across_ranks); Avg/GPU divides it by world_size.
KV GB/s/GPU is average logical BF16 K+V bytes read per TP rank divided by p50(max_across_ranks); it is not hardware-counter HBM traffic.

Running B=28, q_tokens=448, history_tokens=299837, causal=True

B=28, q_tokens=448, history_tokens=299837, QH=32, KVH=4, D=128, TP=8, DCP=2, mode=causal
Method                   Time ms                                                                                                                                     Agg TFLOPS    Avg/GPU  KV GB/s/GPU      Check  Note
dcp_mega_varlen          t0=0.085, t1=0.085, t2=0.087, t3=0.085, t4=0.087, t5=0.086, t6=0.086, t7=0.084 | p50(max_across_ranks)=0.087, p90(max_across_ranks)=0.089        900.1      112.5        880.9       skip  eager; output=bf16_ipc_a2a; runner_preallocated; timing=mega_kernel_only
Wrote benchmark JSON to /home/hychen/min_fa3_demo/benchmark_logs/experiment_suite/20260812-231044-dcp-cp-suite/01_dcp_wave/results/arrival_4/dcp_2/critical_wave_fifo/comm_sm_12/case_000038_dcp2_hkv4_eager.json

================================================================================
Mega comm_sm=12, case 40/100: case_000039_dcp2_hkv4: B=24, Sq=[16, 16, 16, 16, 16, 16, 16, 16, 16, 16, 16, 16, 16, 16, 16, 16, 16, 16, 16, 16, 16, 16, 16, 4096], Sk=[4659, 21068, 20474, 3672, 1800, 27486, 5717, 1672, 11651, 3141, 8591, 16035, 24926, 32045, 8409, 1949, 5143, 5221, 4054, 1099, 3334, 11317, 12211, 12800], DCP=2, Hkv=4
================================================================================
Config: world_size=8, methods=['dcp_mega_varlen'], QH=32, KVH=4, D=128, TP=8, DCP=2, workload=chunk, execution=eager, baseline_phase_timing=False, warmup=40, iters=60, check=False
Workload: B=24, q_tokens=4464, history_tokens=248474, q_seqlens=[16, 16, 16, 16, 16, 16, 16, 16, 16, 16, 16, 16, 16, 16, 16, 16, 16, 16, 16, 16, 16, 16, 16, 4096], history_seqlens=[4659, 21068, 20474, 3672, 1800, 27486, 5717, 1672, 11651, 3141, 8591, 16035, 24926, 32045, 8409, 1949, 5143, 5221, 4054, 1099, 3334, 11317, 12211, 12800]
Agg TFLOPS uses useful attention work across all TP ranks and p50(max_across_ranks); Avg/GPU divides it by world_size.
KV GB/s/GPU is average logical BF16 K+V bytes read per TP rank divided by p50(max_across_ranks); it is not hardware-counter HBM traffic.

Running B=24, q_tokens=4464, history_tokens=248474, causal=True

B=24, q_tokens=4464, history_tokens=248474, QH=32, KVH=4, D=128, TP=8, DCP=2, mode=causal
Method                   Time ms                                                                                                                                     Agg TFLOPS    Avg/GPU  KV GB/s/GPU      Check  Note
dcp_mega_varlen          t0=0.293, t1=0.292, t2=0.293, t3=0.291, t4=0.291, t5=0.290, t6=0.296, t7=0.288 | p50(max_across_ranks)=0.296, p90(max_across_ranks)=0.298       3572.8      446.6        222.5       skip  eager; output=bf16_ipc_a2a; runner_preallocated; timing=mega_kernel_only
Wrote benchmark JSON to /home/hychen/min_fa3_demo/benchmark_logs/experiment_suite/20260812-231044-dcp-cp-suite/01_dcp_wave/results/arrival_4/dcp_2/critical_wave_fifo/comm_sm_12/case_000039_dcp2_hkv4_eager.json

================================================================================
Mega comm_sm=12, case 41/100: case_000040_dcp2_hkv4: B=38, Sq=[16, 16, 16, 16, 16, 16, 16, 16, 16, 16, 16, 16, 16, 16, 16, 16, 16, 16, 16, 16, 16, 16, 16, 16, 16, 16, 16, 16, 16, 16, 16, 16, 16, 16, 16, 16, 16, 16], Sk=[21677, 19598, 2554, 2085, 1311, 1314, 3607, 14248, 29296, 9226, 12774, 14140, 9525, 2233, 1203, 18796, 1647, 3435, 5439, 8000, 6783, 21152, 1237, 1022, 8443, 21046, 4468, 12408, 962, 4486, 13087, 4799, 4815, 24032, 4434, 16894, 3037, 16004], DCP=2, Hkv=4
================================================================================
Config: world_size=8, methods=['dcp_mega_varlen'], QH=32, KVH=4, D=128, TP=8, DCP=2, workload=chunk, execution=eager, baseline_phase_timing=False, warmup=40, iters=60, check=False
Workload: B=38, q_tokens=608, history_tokens=351217, q_seqlens=[16, 16, 16, 16, 16, 16, 16, 16, 16, 16, 16, 16, 16, 16, 16, 16, 16, 16, 16, 16, 16, 16, 16, 16, 16, 16, 16, 16, 16, 16, 16, 16, 16, 16, 16, 16, 16, 16], history_seqlens=[21677, 19598, 2554, 2085, 1311, 1314, 3607, 14248, 29296, 9226, 12774, 14140, 9525, 2233, 1203, 18796, 1647, 3435, 5439, 8000, 6783, 21152, 1237, 1022, 8443, 21046, 4468, 12408, 962, 4486, 13087, 4799, 4815, 24032, 4434, 16894, 3037, 16004]
Agg TFLOPS uses useful attention work across all TP ranks and p50(max_across_ranks); Avg/GPU divides it by world_size.
KV GB/s/GPU is average logical BF16 K+V bytes read per TP rank divided by p50(max_across_ranks); it is not hardware-counter HBM traffic.

Running B=38, q_tokens=608, history_tokens=351217, causal=True

B=38, q_tokens=608, history_tokens=351217, QH=32, KVH=4, D=128, TP=8, DCP=2, mode=causal
Method                   Time ms                                                                                                                                     Agg TFLOPS    Avg/GPU  KV GB/s/GPU      Check  Note
dcp_mega_varlen          t0=0.093, t1=0.094, t2=0.094, t3=0.094, t4=0.096, t5=0.094, t6=0.096, t7=0.094 | p50(max_across_ranks)=0.097, p90(max_across_ranks)=0.099        954.4      119.3        934.4       skip  eager; output=bf16_ipc_a2a; runner_preallocated; timing=mega_kernel_only
Wrote benchmark JSON to /home/hychen/min_fa3_demo/benchmark_logs/experiment_suite/20260812-231044-dcp-cp-suite/01_dcp_wave/results/arrival_4/dcp_2/critical_wave_fifo/comm_sm_12/case_000040_dcp2_hkv4_eager.json

================================================================================
Mega comm_sm=12, case 42/100: case_000041_dcp2_hkv4: B=40, Sq=[16, 16, 16, 16, 16, 16, 16, 16, 16, 16, 16, 16, 16, 16, 16, 16, 16, 16, 16, 16, 16, 16, 16, 16, 16, 16, 16, 16, 16, 16, 16, 16, 16, 16, 16, 16, 16, 16, 16, 16], Sk=[21925, 19847, 14490, 13015, 9761, 2436, 1893, 5682, 7006, 21368, 1275, 8684, 1191, 13313, 5052, 5064, 3287, 16242, 2703, 5448, 6155, 14038, 18016, 63909, 7816, 17660, 8990, 4187, 21891, 3641, 4365, 10402, 9667, 11121, 22263, 6898, 1804, 4167, 4407, 898], DCP=2, Hkv=4
================================================================================
Config: world_size=8, methods=['dcp_mega_varlen'], QH=32, KVH=4, D=128, TP=8, DCP=2, workload=chunk, execution=eager, baseline_phase_timing=False, warmup=40, iters=60, check=False
Workload: B=40, q_tokens=640, history_tokens=421977, q_seqlens=[16, 16, 16, 16, 16, 16, 16, 16, 16, 16, 16, 16, 16, 16, 16, 16, 16, 16, 16, 16, 16, 16, 16, 16, 16, 16, 16, 16, 16, 16, 16, 16, 16, 16, 16, 16, 16, 16, 16, 16], history_seqlens=[21925, 19847, 14490, 13015, 9761, 2436, 1893, 5682, 7006, 21368, 1275, 8684, 1191, 13313, 5052, 5064, 3287, 16242, 2703, 5448, 6155, 14038, 18016, 63909, 7816, 17660, 8990, 4187, 21891, 3641, 4365, 10402, 9667, 11121, 22263, 6898, 1804, 4167, 4407, 898]
Agg TFLOPS uses useful attention work across all TP ranks and p50(max_across_ranks); Avg/GPU divides it by world_size.
KV GB/s/GPU is average logical BF16 K+V bytes read per TP rank divided by p50(max_across_ranks); it is not hardware-counter HBM traffic.

Running B=40, q_tokens=640, history_tokens=421977, causal=True

B=40, q_tokens=640, history_tokens=421977, QH=32, KVH=4, D=128, TP=8, DCP=2, mode=causal
Method                   Time ms                                                                                                                                     Agg TFLOPS    Avg/GPU  KV GB/s/GPU      Check  Note
dcp_mega_varlen          t0=0.101, t1=0.100, t2=0.101, t3=0.101, t4=0.102, t5=0.100, t6=0.103, t7=0.099 | p50(max_across_ranks)=0.103, p90(max_across_ranks)=0.106       1072.4      134.1       1049.6       skip  eager; output=bf16_ipc_a2a; runner_preallocated; timing=mega_kernel_only
Wrote benchmark JSON to /home/hychen/min_fa3_demo/benchmark_logs/experiment_suite/20260812-231044-dcp-cp-suite/01_dcp_wave/results/arrival_4/dcp_2/critical_wave_fifo/comm_sm_12/case_000041_dcp2_hkv4_eager.json

================================================================================
Mega comm_sm=12, case 43/100: case_000042_dcp2_hkv4: B=43, Sq=[16, 16, 16, 16, 16, 16, 16, 16, 16, 16, 16, 16, 16, 16, 16, 16, 16, 16, 16, 16, 16, 16, 16, 16, 16, 16, 16, 16, 16, 16, 16, 16, 16, 16, 16, 16, 16, 16, 16, 16, 4096, 4096, 2024], Sk=[22017, 14589, 13120, 2539, 21478, 1367, 8770, 1296, 13409, 3386, 2808, 18126, 64015, 7925, 17770, 9096, 4297, 21996, 3733, 10513, 9774, 11225, 22369, 7009, 1908, 4268, 1000, 2645, 4822, 1598, 1383, 6347, 13139, 7952, 20101, 942, 6075, 14401, 6838, 3154, 45568, 37376, 4608], DCP=2, Hkv=4
================================================================================
Config: world_size=8, methods=['dcp_mega_varlen'], QH=32, KVH=4, D=128, TP=8, DCP=2, workload=chunk, execution=eager, baseline_phase_timing=False, warmup=40, iters=60, check=False
Workload: B=43, q_tokens=10856, history_tokens=496752, q_seqlens=[16, 16, 16, 16, 16, 16, 16, 16, 16, 16, 16, 16, 16, 16, 16, 16, 16, 16, 16, 16, 16, 16, 16, 16, 16, 16, 16, 16, 16, 16, 16, 16, 16, 16, 16, 16, 16, 16, 16, 16, 4096, 4096, 2024], history_seqlens=[22017, 14589, 13120, 2539, 21478, 1367, 8770, 1296, 13409, 3386, 2808, 18126, 64015, 7925, 17770, 9096, 4297, 21996, 3733, 10513, 9774, 11225, 22369, 7009, 1908, 4268, 1000, 2645, 4822, 1598, 1383, 6347, 13139, 7952, 20101, 942, 6075, 14401, 6838, 3154, 45568, 37376, 4608]
Agg TFLOPS uses useful attention work across all TP ranks and p50(max_across_ranks); Avg/GPU divides it by world_size.
KV GB/s/GPU is average logical BF16 K+V bytes read per TP rank divided by p50(max_across_ranks); it is not hardware-counter HBM traffic.

Running B=43, q_tokens=10856, history_tokens=496752, causal=True

B=43, q_tokens=10856, history_tokens=496752, QH=32, KVH=4, D=128, TP=8, DCP=2, mode=causal
Method                   Time ms                                                                                                                                     Agg TFLOPS    Avg/GPU  KV GB/s/GPU      Check  Note
dcp_mega_varlen          t0=1.305, t1=1.341, t2=1.332, t3=1.324, t4=1.342, t5=1.318, t6=1.348, t7=1.377 | p50(max_across_ranks)=1.377, p90(max_across_ranks)=1.382       4453.7      556.7         96.4       skip  eager; output=bf16_ipc_a2a; runner_preallocated; timing=mega_kernel_only
Wrote benchmark JSON to /home/hychen/min_fa3_demo/benchmark_logs/experiment_suite/20260812-231044-dcp-cp-suite/01_dcp_wave/results/arrival_4/dcp_2/critical_wave_fifo/comm_sm_12/case_000042_dcp2_hkv4_eager.json

================================================================================
Mega comm_sm=12, case 44/100: case_000043_dcp2_hkv4: B=49, Sq=[16, 16, 16, 16, 16, 16, 16, 16, 16, 16, 16, 16, 16, 16, 16, 16, 16, 16, 16, 16, 16, 16, 16, 16, 16, 16, 16, 16, 16, 16, 16, 16, 16, 16, 16, 16, 16, 16, 16, 16, 16, 16, 16, 16, 16, 16, 16, 16, 16], Sk=[15097, 30193, 1784, 6581, 5789, 13793, 10260, 33899, 1296, 7180, 15012, 1583, 39373, 2416, 94175, 8087, 6961, 2001, 15848, 12668, 13933, 6404, 1571, 12165, 35331, 5321, 8381, 1135, 13515, 23778, 2256, 7455, 1632, 24430, 14862, 6735, 31005, 1445, 8375, 6619, 19307, 18920, 15705, 25788, 8397, 12758, 17487, 2869, 16222], DCP=2, Hkv=4
================================================================================
Config: world_size=8, methods=['dcp_mega_varlen'], QH=32, KVH=4, D=128, TP=8, DCP=2, workload=chunk, execution=eager, baseline_phase_timing=False, warmup=40, iters=60, check=False
Workload: B=49, q_tokens=784, history_tokens=687797, q_seqlens=[16, 16, 16, 16, 16, 16, 16, 16, 16, 16, 16, 16, 16, 16, 16, 16, 16, 16, 16, 16, 16, 16, 16, 16, 16, 16, 16, 16, 16, 16, 16, 16, 16, 16, 16, 16, 16, 16, 16, 16, 16, 16, 16, 16, 16, 16, 16, 16, 16], history_seqlens=[15097, 30193, 1784, 6581, 5789, 13793, 10260, 33899, 1296, 7180, 15012, 1583, 39373, 2416, 94175, 8087, 6961, 2001, 15848, 12668, 13933, 6404, 1571, 12165, 35331, 5321, 8381, 1135, 13515, 23778, 2256, 7455, 1632, 24430, 14862, 6735, 31005, 1445, 8375, 6619, 19307, 18920, 15705, 25788, 8397, 12758, 17487, 2869, 16222]
Agg TFLOPS uses useful attention work across all TP ranks and p50(max_across_ranks); Avg/GPU divides it by world_size.
KV GB/s/GPU is average logical BF16 K+V bytes read per TP rank divided by p50(max_across_ranks); it is not hardware-counter HBM traffic.

Running B=49, q_tokens=784, history_tokens=687797, causal=True

B=49, q_tokens=784, history_tokens=687797, QH=32, KVH=4, D=128, TP=8, DCP=2, mode=causal
Method                   Time ms                                                                                                                                     Agg TFLOPS    Avg/GPU  KV GB/s/GPU      Check  Note
dcp_mega_varlen          t0=0.129, t1=0.128, t2=0.129, t3=0.129, t4=0.130, t5=0.127, t6=0.130, t7=0.128 | p50(max_across_ranks)=0.131, p90(max_across_ranks)=0.133       1373.1      171.6       1343.1       skip  eager; output=bf16_ipc_a2a; runner_preallocated; timing=mega_kernel_only
Wrote benchmark JSON to /home/hychen/min_fa3_demo/benchmark_logs/experiment_suite/20260812-231044-dcp-cp-suite/01_dcp_wave/results/arrival_4/dcp_2/critical_wave_fifo/comm_sm_12/case_000043_dcp2_hkv4_eager.json

================================================================================
Mega comm_sm=12, case 45/100: case_000044_dcp2_hkv4: B=32, Sq=[16, 16, 16, 16, 16, 16, 16, 16, 16, 16, 16, 16, 16, 16, 16, 16, 16, 16, 16, 16, 16, 16, 16, 16, 16, 16, 16, 16, 16, 16, 16, 3344], Sk=[15492, 2380, 24177, 7118, 1861, 8717, 6994, 19709, 17871, 37439, 1276, 4259, 7225, 6821, 24623, 4462, 3318, 2395, 3897, 14621, 14744, 9587, 2343, 11011, 1143, 20136, 15697, 5765, 6048, 14336, 4611, 512], DCP=2, Hkv=4
================================================================================
Config: world_size=8, methods=['dcp_mega_varlen'], QH=32, KVH=4, D=128, TP=8, DCP=2, workload=chunk, execution=eager, baseline_phase_timing=False, warmup=40, iters=60, check=False
Workload: B=32, q_tokens=3840, history_tokens=320588, q_seqlens=[16, 16, 16, 16, 16, 16, 16, 16, 16, 16, 16, 16, 16, 16, 16, 16, 16, 16, 16, 16, 16, 16, 16, 16, 16, 16, 16, 16, 16, 16, 16, 3344], history_seqlens=[15492, 2380, 24177, 7118, 1861, 8717, 6994, 19709, 17871, 37439, 1276, 4259, 7225, 6821, 24623, 4462, 3318, 2395, 3897, 14621, 14744, 9587, 2343, 11011, 1143, 20136, 15697, 5765, 6048, 14336, 4611, 512]
Agg TFLOPS uses useful attention work across all TP ranks and p50(max_across_ranks); Avg/GPU divides it by world_size.
KV GB/s/GPU is average logical BF16 K+V bytes read per TP rank divided by p50(max_across_ranks); it is not hardware-counter HBM traffic.

Running B=32, q_tokens=3840, history_tokens=320588, causal=True

B=32, q_tokens=3840, history_tokens=320588, QH=32, KVH=4, D=128, TP=8, DCP=2, mode=causal
Method                   Time ms                                                                                                                                     Agg TFLOPS    Avg/GPU  KV GB/s/GPU      Check  Note
dcp_mega_varlen          t0=0.187, t1=0.183, t2=0.187, t3=0.185, t4=0.187, t5=0.184, t6=0.189, t7=0.182 | p50(max_across_ranks)=0.189, p90(max_across_ranks)=0.200       1075.9      134.5        443.9       skip  eager; output=bf16_ipc_a2a; runner_preallocated; timing=mega_kernel_only
Wrote benchmark JSON to /home/hychen/min_fa3_demo/benchmark_logs/experiment_suite/20260812-231044-dcp-cp-suite/01_dcp_wave/results/arrival_4/dcp_2/critical_wave_fifo/comm_sm_12/case_000044_dcp2_hkv4_eager.json

================================================================================
Mega comm_sm=12, case 46/100: case_000045_dcp2_hkv4: B=25, Sq=[16, 16, 16, 16, 16, 16, 16, 16, 16, 16, 16, 16, 16, 16, 16, 16, 16, 16, 16, 16, 16, 16, 16, 16, 16], Sk=[1518, 7435, 7054, 9827, 1373, 20366, 15947, 6274, 14552, 4099, 2312, 10103, 4197, 12882, 12443, 1050, 14319, 10897, 5119, 3226, 9858, 1613, 31548, 1016, 911], DCP=2, Hkv=4
================================================================================
Config: world_size=8, methods=['dcp_mega_varlen'], QH=32, KVH=4, D=128, TP=8, DCP=2, workload=chunk, execution=eager, baseline_phase_timing=False, warmup=40, iters=60, check=False
Workload: B=25, q_tokens=400, history_tokens=209939, q_seqlens=[16, 16, 16, 16, 16, 16, 16, 16, 16, 16, 16, 16, 16, 16, 16, 16, 16, 16, 16, 16, 16, 16, 16, 16, 16], history_seqlens=[1518, 7435, 7054, 9827, 1373, 20366, 15947, 6274, 14552, 4099, 2312, 10103, 4197, 12882, 12443, 1050, 14319, 10897, 5119, 3226, 9858, 1613, 31548, 1016, 911]
Agg TFLOPS uses useful attention work across all TP ranks and p50(max_across_ranks); Avg/GPU divides it by world_size.
KV GB/s/GPU is average logical BF16 K+V bytes read per TP rank divided by p50(max_across_ranks); it is not hardware-counter HBM traffic.

Running B=25, q_tokens=400, history_tokens=209939, causal=True

B=25, q_tokens=400, history_tokens=209939, QH=32, KVH=4, D=128, TP=8, DCP=2, mode=causal
Method                   Time ms                                                                                                                                     Agg TFLOPS    Avg/GPU  KV GB/s/GPU      Check  Note
dcp_mega_varlen          t0=0.078, t1=0.078, t2=0.078, t3=0.078, t4=0.079, t5=0.077, t6=0.078, t7=0.082 | p50(max_across_ranks)=0.083, p90(max_across_ranks)=0.091        667.4       83.4        653.6       skip  eager; output=bf16_ipc_a2a; runner_preallocated; timing=mega_kernel_only
Wrote benchmark JSON to /home/hychen/min_fa3_demo/benchmark_logs/experiment_suite/20260812-231044-dcp-cp-suite/01_dcp_wave/results/arrival_4/dcp_2/critical_wave_fifo/comm_sm_12/case_000045_dcp2_hkv4_eager.json

================================================================================
Mega comm_sm=12, case 47/100: case_000046_dcp2_hkv4: B=35, Sq=[16, 16, 16, 16, 16, 16, 16, 16, 16, 16, 16, 16, 16, 16, 16, 16, 16, 16, 16, 16, 16, 16, 16, 16, 16, 16, 16, 16, 16, 16, 16, 16, 16, 1288, 3408], Sk=[12081, 93611, 21277, 1385, 4112, 2377, 8814, 12597, 9606, 2305, 14383, 24941, 5531, 7650, 3891, 3355, 7978, 22123, 8502, 6158, 1666, 8152, 40988, 40462, 1329, 10688, 971, 15562, 3912, 5877, 3451, 7557, 19436, 25088, 4608], DCP=2, Hkv=4
================================================================================
Config: world_size=8, methods=['dcp_mega_varlen'], QH=32, KVH=4, D=128, TP=8, DCP=2, workload=chunk, execution=eager, baseline_phase_timing=False, warmup=40, iters=60, check=False
Workload: B=35, q_tokens=5224, history_tokens=462424, q_seqlens=[16, 16, 16, 16, 16, 16, 16, 16, 16, 16, 16, 16, 16, 16, 16, 16, 16, 16, 16, 16, 16, 16, 16, 16, 16, 16, 16, 16, 16, 16, 16, 16, 16, 1288, 3408], history_seqlens=[12081, 93611, 21277, 1385, 4112, 2377, 8814, 12597, 9606, 2305, 14383, 24941, 5531, 7650, 3891, 3355, 7978, 22123, 8502, 6158, 1666, 8152, 40988, 40462, 1329, 10688, 971, 15562, 3912, 5877, 3451, 7557, 19436, 25088, 4608]
Agg TFLOPS uses useful attention work across all TP ranks and p50(max_across_ranks); Avg/GPU divides it by world_size.
KV GB/s/GPU is average logical BF16 K+V bytes read per TP rank divided by p50(max_across_ranks); it is not hardware-counter HBM traffic.

Running B=35, q_tokens=5224, history_tokens=462424, causal=True

B=35, q_tokens=5224, history_tokens=462424, QH=32, KVH=4, D=128, TP=8, DCP=2, mode=causal
Method                   Time ms                                                                                                                                     Agg TFLOPS    Avg/GPU  KV GB/s/GPU      Check  Note
dcp_mega_varlen          t0=0.297, t1=0.294, t2=0.295, t3=0.292, t4=0.294, t5=0.293, t6=0.297, t7=0.293 | p50(max_across_ranks)=0.298, p90(max_across_ranks)=0.300       3383.6      422.9        405.9       skip  eager; output=bf16_ipc_a2a; runner_preallocated; timing=mega_kernel_only
Wrote benchmark JSON to /home/hychen/min_fa3_demo/benchmark_logs/experiment_suite/20260812-231044-dcp-cp-suite/01_dcp_wave/results/arrival_4/dcp_2/critical_wave_fifo/comm_sm_12/case_000046_dcp2_hkv4_eager.json

================================================================================
Mega comm_sm=12, case 48/100: case_000047_dcp2_hkv4: B=46, Sq=[16, 16, 16, 16, 16, 16, 16, 16, 16, 16, 16, 16, 16, 16, 16, 16, 16, 16, 16, 16, 16, 16, 16, 16, 16, 16, 16, 16, 16, 16, 16, 16, 16, 16, 16, 16, 16, 16, 16, 16, 16, 16, 16, 16, 16, 16], Sk=[22400, 5246, 2845, 38511, 4590, 5883, 2904, 9081, 7753, 17551, 2114, 20207, 8058, 10534, 40269, 5893, 25096, 5336, 48250, 18355, 2116, 1635, 1126, 12693, 1883, 4808, 18669, 11140, 4681, 16832, 17205, 8785, 990, 996, 15342, 29714, 1081, 39288, 4629, 4898, 17643, 1354, 3630, 6861, 5843, 7057], DCP=2, Hkv=4
================================================================================
Config: world_size=8, methods=['dcp_mega_varlen'], QH=32, KVH=4, D=128, TP=8, DCP=2, workload=chunk, execution=eager, baseline_phase_timing=False, warmup=40, iters=60, check=False
Workload: B=46, q_tokens=736, history_tokens=541775, q_seqlens=[16, 16, 16, 16, 16, 16, 16, 16, 16, 16, 16, 16, 16, 16, 16, 16, 16, 16, 16, 16, 16, 16, 16, 16, 16, 16, 16, 16, 16, 16, 16, 16, 16, 16, 16, 16, 16, 16, 16, 16, 16, 16, 16, 16, 16, 16], history_seqlens=[22400, 5246, 2845, 38511, 4590, 5883, 2904, 9081, 7753, 17551, 2114, 20207, 8058, 10534, 40269, 5893, 25096, 5336, 48250, 18355, 2116, 1635, 1126, 12693, 1883, 4808, 18669, 11140, 4681, 16832, 17205, 8785, 990, 996, 15342, 29714, 1081, 39288, 4629, 4898, 17643, 1354, 3630, 6861, 5843, 7057]
Agg TFLOPS uses useful attention work across all TP ranks and p50(max_across_ranks); Avg/GPU divides it by world_size.
KV GB/s/GPU is average logical BF16 K+V bytes read per TP rank divided by p50(max_across_ranks); it is not hardware-counter HBM traffic.

Running B=46, q_tokens=736, history_tokens=541775, causal=True

B=46, q_tokens=736, history_tokens=541775, QH=32, KVH=4, D=128, TP=8, DCP=2, mode=causal
Method                   Time ms                                                                                                                                     Agg TFLOPS    Avg/GPU  KV GB/s/GPU      Check  Note
dcp_mega_varlen          t0=0.115, t1=0.115, t2=0.116, t3=0.115, t4=0.116, t5=0.115, t6=0.116, t7=0.115 | p50(max_across_ranks)=0.118, p90(max_across_ranks)=0.121       1207.7      151.0       1181.8       skip  eager; output=bf16_ipc_a2a; runner_preallocated; timing=mega_kernel_only
Wrote benchmark JSON to /home/hychen/min_fa3_demo/benchmark_logs/experiment_suite/20260812-231044-dcp-cp-suite/01_dcp_wave/results/arrival_4/dcp_2/critical_wave_fifo/comm_sm_12/case_000047_dcp2_hkv4_eager.json

================================================================================
Mega comm_sm=12, case 49/100: case_000048_dcp2_hkv4: B=49, Sq=[16, 16, 16, 16, 16, 16, 16, 16, 16, 16, 16, 16, 16, 16, 16, 16, 16, 16, 16, 16, 16, 16, 16, 16, 16, 16, 16, 16, 16, 16, 16, 16, 16, 16, 16, 16, 16, 16, 16, 16, 16, 16, 16, 16, 16, 16, 16, 1152, 4096], Sk=[18608, 10497, 48123, 8230, 10243, 4492, 6419, 4039, 15141, 4636, 54564, 3021, 17062, 12667, 4113, 7000, 30768, 5095, 5907, 115692, 8613, 18914, 1101, 1107, 1103, 1082, 1643, 1082, 16544, 5034, 4056, 3674, 13729, 12435, 5702, 1993, 21808, 4634, 22637, 1135, 10409, 3483, 1661, 1232, 9570, 15671, 2994, 512, 512], DCP=2, Hkv=4
================================================================================
Config: world_size=8, methods=['dcp_mega_varlen'], QH=32, KVH=4, D=128, TP=8, DCP=2, workload=chunk, execution=eager, baseline_phase_timing=False, warmup=40, iters=60, check=False
Workload: B=49, q_tokens=6000, history_tokens=580387, q_seqlens=[16, 16, 16, 16, 16, 16, 16, 16, 16, 16, 16, 16, 16, 16, 16, 16, 16, 16, 16, 16, 16, 16, 16, 16, 16, 16, 16, 16, 16, 16, 16, 16, 16, 16, 16, 16, 16, 16, 16, 16, 16, 16, 16, 16, 16, 16, 16, 1152, 4096], history_seqlens=[18608, 10497, 48123, 8230, 10243, 4492, 6419, 4039, 15141, 4636, 54564, 3021, 17062, 12667, 4113, 7000, 30768, 5095, 5907, 115692, 8613, 18914, 1101, 1107, 1103, 1082, 1643, 1082, 16544, 5034, 4056, 3674, 13729, 12435, 5702, 1993, 21808, 4634, 22637, 1135, 10409, 3483, 1661, 1232, 9570, 15671, 2994, 512, 512]
Agg TFLOPS uses useful attention work across all TP ranks and p50(max_across_ranks); Avg/GPU divides it by world_size.
KV GB/s/GPU is average logical BF16 K+V bytes read per TP rank divided by p50(max_across_ranks); it is not hardware-counter HBM traffic.

Running B=49, q_tokens=6000, history_tokens=580387, causal=True

B=49, q_tokens=6000, history_tokens=580387, QH=32, KVH=4, D=128, TP=8, DCP=2, mode=causal
Method                   Time ms                                                                                                                                     Agg TFLOPS    Avg/GPU  KV GB/s/GPU      Check  Note
dcp_mega_varlen          t0=0.226, t1=0.227, t2=0.228, t3=0.226, t4=0.229, t5=0.227, t6=0.227, t7=0.227 | p50(max_across_ranks)=0.229, p90(max_across_ranks)=0.236       1500.9      187.6        661.0       skip  eager; output=bf16_ipc_a2a; runner_preallocated; timing=mega_kernel_only
Wrote benchmark JSON to /home/hychen/min_fa3_demo/benchmark_logs/experiment_suite/20260812-231044-dcp-cp-suite/01_dcp_wave/results/arrival_4/dcp_2/critical_wave_fifo/comm_sm_12/case_000048_dcp2_hkv4_eager.json

================================================================================
Mega comm_sm=12, case 50/100: case_000049_dcp2_hkv4: B=49, Sq=[16, 16, 16, 16, 16, 16, 16, 16, 16, 16, 16, 16, 16, 16, 16, 16, 16, 16, 16, 16, 16, 16, 16, 16, 16, 16, 16, 16, 16, 16, 16, 16, 16, 16, 16, 16, 16, 16, 16, 16, 16, 16, 16, 16, 16, 16, 16, 16, 16], Sk=[18924, 54869, 4422, 116011, 1404, 16860, 3984, 14045, 6008, 2312, 22951, 3780, 1990, 9878, 15974, 3314, 1940, 11437, 6658, 3297, 10839, 4724, 6882, 18255, 51491, 1452, 29886, 14428, 1054, 8350, 5290, 7841, 4889, 1022, 16453, 3476, 13462, 4259, 6013, 4447, 965, 12962, 5363, 13635, 21322, 24918, 1454, 5939, 2679], DCP=2, Hkv=4
================================================================================
Config: world_size=8, methods=['dcp_mega_varlen'], QH=32, KVH=4, D=128, TP=8, DCP=2, workload=chunk, execution=eager, baseline_phase_timing=False, warmup=40, iters=60, check=False
Workload: B=49, q_tokens=784, history_tokens=623808, q_seqlens=[16, 16, 16, 16, 16, 16, 16, 16, 16, 16, 16, 16, 16, 16, 16, 16, 16, 16, 16, 16, 16, 16, 16, 16, 16, 16, 16, 16, 16, 16, 16, 16, 16, 16, 16, 16, 16, 16, 16, 16, 16, 16, 16, 16, 16, 16, 16, 16, 16], history_seqlens=[18924, 54869, 4422, 116011, 1404, 16860, 3984, 14045, 6008, 2312, 22951, 3780, 1990, 9878, 15974, 3314, 1940, 11437, 6658, 3297, 10839, 4724, 6882, 18255, 51491, 1452, 29886, 14428, 1054, 8350, 5290, 7841, 4889, 1022, 16453, 3476, 13462, 4259, 6013, 4447, 965, 12962, 5363, 13635, 21322, 24918, 1454, 5939, 2679]
Agg TFLOPS uses useful attention work across all TP ranks and p50(max_across_ranks); Avg/GPU divides it by world_size.
KV GB/s/GPU is average logical BF16 K+V bytes read per TP rank divided by p50(max_across_ranks); it is not hardware-counter HBM traffic.

Running B=49, q_tokens=784, history_tokens=623808, causal=True

B=49, q_tokens=784, history_tokens=623808, QH=32, KVH=4, D=128, TP=8, DCP=2, mode=causal
Method                   Time ms                                                                                                                                     Agg TFLOPS    Avg/GPU  KV GB/s/GPU      Check  Note
dcp_mega_varlen          t0=0.122, t1=0.122, t2=0.124, t3=0.122, t4=0.125, t5=0.123, t6=0.124, t7=0.121 | p50(max_across_ranks)=0.126, p90(max_across_ranks)=0.127       1303.8      163.0       1275.6       skip  eager; output=bf16_ipc_a2a; runner_preallocated; timing=mega_kernel_only
Wrote benchmark JSON to /home/hychen/min_fa3_demo/benchmark_logs/experiment_suite/20260812-231044-dcp-cp-suite/01_dcp_wave/results/arrival_4/dcp_2/critical_wave_fifo/comm_sm_12/case_000049_dcp2_hkv4_eager.json

================================================================================
Mega comm_sm=12, case 51/100: case_000050_dcp2_hkv4: B=37, Sq=[16, 16, 16, 16, 16, 16, 16, 16, 16, 16, 16, 16, 16, 16, 16, 16, 16, 16, 16, 16, 16, 16, 16, 16, 16, 16, 16, 16, 16, 16, 16, 16, 16, 16, 16, 16, 16], Sk=[19223, 55185, 5047, 14758, 1381, 8682, 8168, 3792, 13786, 4583, 6311, 4755, 1277, 13281, 5686, 13978, 21649, 3012, 1951, 5326, 1702, 1834, 1497, 8732, 44798, 7400, 7147, 3158, 1008, 6519, 5456, 1040, 16989, 18928, 916, 4734, 4757], DCP=2, Hkv=4
================================================================================
Config: world_size=8, methods=['dcp_mega_varlen'], QH=32, KVH=4, D=128, TP=8, DCP=2, workload=chunk, execution=eager, baseline_phase_timing=False, warmup=40, iters=60, check=False
Workload: B=37, q_tokens=592, history_tokens=348446, q_seqlens=[16, 16, 16, 16, 16, 16, 16, 16, 16, 16, 16, 16, 16, 16, 16, 16, 16, 16, 16, 16, 16, 16, 16, 16, 16, 16, 16, 16, 16, 16, 16, 16, 16, 16, 16, 16, 16], history_seqlens=[19223, 55185, 5047, 14758, 1381, 8682, 8168, 3792, 13786, 4583, 6311, 4755, 1277, 13281, 5686, 13978, 21649, 3012, 1951, 5326, 1702, 1834, 1497, 8732, 44798, 7400, 7147, 3158, 1008, 6519, 5456, 1040, 16989, 18928, 916, 4734, 4757]
Agg TFLOPS uses useful attention work across all TP ranks and p50(max_across_ranks); Avg/GPU divides it by world_size.
KV GB/s/GPU is average logical BF16 K+V bytes read per TP rank divided by p50(max_across_ranks); it is not hardware-counter HBM traffic.

Running B=37, q_tokens=592, history_tokens=348446, causal=True

B=37, q_tokens=592, history_tokens=348446, QH=32, KVH=4, D=128, TP=8, DCP=2, mode=causal
Method                   Time ms                                                                                                                                     Agg TFLOPS    Avg/GPU  KV GB/s/GPU      Check  Note
dcp_mega_varlen          t0=0.092, t1=0.092, t2=0.094, t3=0.092, t4=0.094, t5=0.092, t6=0.093, t7=0.091 | p50(max_across_ranks)=0.095, p90(max_across_ranks)=0.097        964.9      120.6        944.6       skip  eager; output=bf16_ipc_a2a; runner_preallocated; timing=mega_kernel_only
Wrote benchmark JSON to /home/hychen/min_fa3_demo/benchmark_logs/experiment_suite/20260812-231044-dcp-cp-suite/01_dcp_wave/results/arrival_4/dcp_2/critical_wave_fifo/comm_sm_12/case_000050_dcp2_hkv4_eager.json

================================================================================
Mega comm_sm=12, case 52/100: case_000051_dcp2_hkv4: B=42, Sq=[16, 16, 16, 16, 16, 16, 16, 16, 16, 16, 16, 16, 16, 16, 16, 16, 16, 16, 16, 16, 16, 16, 16, 16, 16, 16, 16, 16, 16, 16, 16, 16, 16, 16, 16, 16, 16, 16, 16, 16, 1256, 544], Sk=[45037, 1917, 12526, 1820, 1384, 1361, 13580, 5413, 3692, 7885, 4676, 15134, 13785, 39269, 3677, 3674, 20710, 9108, 1335, 1886, 5263, 32456, 4177, 7117, 18667, 1053, 31228, 20202, 39739, 17430, 1052, 6569, 11762, 965, 5476, 29953, 5752, 1827, 2046, 905, 20992, 8704], DCP=2, Hkv=4
================================================================================
Config: world_size=8, methods=['dcp_mega_varlen'], QH=32, KVH=4, D=128, TP=8, DCP=2, workload=chunk, execution=eager, baseline_phase_timing=False, warmup=40, iters=60, check=False
Workload: B=42, q_tokens=2440, history_tokens=481204, q_seqlens=[16, 16, 16, 16, 16, 16, 16, 16, 16, 16, 16, 16, 16, 16, 16, 16, 16, 16, 16, 16, 16, 16, 16, 16, 16, 16, 16, 16, 16, 16, 16, 16, 16, 16, 16, 16, 16, 16, 16, 16, 1256, 544], history_seqlens=[45037, 1917, 12526, 1820, 1384, 1361, 13580, 5413, 3692, 7885, 4676, 15134, 13785, 39269, 3677, 3674, 20710, 9108, 1335, 1886, 5263, 32456, 4177, 7117, 18667, 1053, 31228, 20202, 39739, 17430, 1052, 6569, 11762, 965, 5476, 29953, 5752, 1827, 2046, 905, 20992, 8704]
Agg TFLOPS uses useful attention work across all TP ranks and p50(max_across_ranks); Avg/GPU divides it by world_size.
KV GB/s/GPU is average logical BF16 K+V bytes read per TP rank divided by p50(max_across_ranks); it is not hardware-counter HBM traffic.

Running B=42, q_tokens=2440, history_tokens=481204, causal=True

B=42, q_tokens=2440, history_tokens=481204, QH=32, KVH=4, D=128, TP=8, DCP=2, mode=causal
Method                   Time ms                                                                                                                                     Agg TFLOPS    Avg/GPU  KV GB/s/GPU      Check  Note
dcp_mega_varlen          t0=0.220, t1=0.220, t2=0.224, t3=0.218, t4=0.220, t5=0.220, t6=0.223, t7=0.219 | p50(max_across_ranks)=0.224, p90(max_across_ranks)=0.226       2869.7      358.7        555.0       skip  eager; output=bf16_ipc_a2a; runner_preallocated; timing=mega_kernel_only
Wrote benchmark JSON to /home/hychen/min_fa3_demo/benchmark_logs/experiment_suite/20260812-231044-dcp-cp-suite/01_dcp_wave/results/arrival_4/dcp_2/critical_wave_fifo/comm_sm_12/case_000051_dcp2_hkv4_eager.json

================================================================================
Mega comm_sm=12, case 53/100: case_000052_dcp2_hkv4: B=36, Sq=[16, 16, 16, 16, 16, 16, 16, 16, 16, 16, 16, 16, 16, 16, 16, 16, 16, 16, 16, 16, 16, 16, 16, 16, 16, 16, 16, 16, 16, 16, 16, 16, 16, 16, 16, 16], Sk=[2945, 15604, 13721, 3826, 47894, 9512, 10242, 25114, 1462, 6595, 31486, 6730, 1245, 13459, 4594, 1187, 11409, 1543, 10673, 4506, 20081, 11827, 17920, 23146, 1269, 22922, 24453, 1337, 2904, 1117, 1721, 19783, 10344, 1253, 1295, 4614], DCP=2, Hkv=4
================================================================================
Config: world_size=8, methods=['dcp_mega_varlen'], QH=32, KVH=4, D=128, TP=8, DCP=2, workload=chunk, execution=eager, baseline_phase_timing=False, warmup=40, iters=60, check=False
Workload: B=36, q_tokens=576, history_tokens=389733, q_seqlens=[16, 16, 16, 16, 16, 16, 16, 16, 16, 16, 16, 16, 16, 16, 16, 16, 16, 16, 16, 16, 16, 16, 16, 16, 16, 16, 16, 16, 16, 16, 16, 16, 16, 16, 16, 16], history_seqlens=[2945, 15604, 13721, 3826, 47894, 9512, 10242, 25114, 1462, 6595, 31486, 6730, 1245, 13459, 4594, 1187, 11409, 1543, 10673, 4506, 20081, 11827, 17920, 23146, 1269, 22922, 24453, 1337, 2904, 1117, 1721, 19783, 10344, 1253, 1295, 4614]
Agg TFLOPS uses useful attention work across all TP ranks and p50(max_across_ranks); Avg/GPU divides it by world_size.
KV GB/s/GPU is average logical BF16 K+V bytes read per TP rank divided by p50(max_across_ranks); it is not hardware-counter HBM traffic.

Running B=36, q_tokens=576, history_tokens=389733, causal=True

B=36, q_tokens=576, history_tokens=389733, QH=32, KVH=4, D=128, TP=8, DCP=2, mode=causal
Method                   Time ms                                                                                                                                     Agg TFLOPS    Avg/GPU  KV GB/s/GPU      Check  Note
dcp_mega_varlen          t0=0.098, t1=0.098, t2=0.098, t3=0.098, t4=0.098, t5=0.097, t6=0.099, t7=0.096 | p50(max_across_ranks)=0.100, p90(max_across_ranks)=0.102       1021.6      127.7        999.9       skip  eager; output=bf16_ipc_a2a; runner_preallocated; timing=mega_kernel_only
Wrote benchmark JSON to /home/hychen/min_fa3_demo/benchmark_logs/experiment_suite/20260812-231044-dcp-cp-suite/01_dcp_wave/results/arrival_4/dcp_2/critical_wave_fifo/comm_sm_12/case_000052_dcp2_hkv4_eager.json

================================================================================
Mega comm_sm=12, case 54/100: case_000053_dcp2_hkv4: B=22, Sq=[16, 16, 16, 16, 16, 16, 16, 16, 16, 16, 16, 16, 16, 16, 16, 16, 16, 16, 16, 16, 16, 16], Sk=[24095, 4361, 12008, 6486, 3856, 8244, 1249, 6817, 1979, 21162, 12244, 34655, 4247, 13684, 1763, 9845, 3116, 1413, 1041, 2669, 3785, 939], DCP=2, Hkv=4
================================================================================
Config: world_size=8, methods=['dcp_mega_varlen'], QH=32, KVH=4, D=128, TP=8, DCP=2, workload=chunk, execution=eager, baseline_phase_timing=False, warmup=40, iters=60, check=False
Workload: B=22, q_tokens=352, history_tokens=179658, q_seqlens=[16, 16, 16, 16, 16, 16, 16, 16, 16, 16, 16, 16, 16, 16, 16, 16, 16, 16, 16, 16, 16, 16], history_seqlens=[24095, 4361, 12008, 6486, 3856, 8244, 1249, 6817, 1979, 21162, 12244, 34655, 4247, 13684, 1763, 9845, 3116, 1413, 1041, 2669, 3785, 939]
Agg TFLOPS uses useful attention work across all TP ranks and p50(max_across_ranks); Avg/GPU divides it by world_size.
KV GB/s/GPU is average logical BF16 K+V bytes read per TP rank divided by p50(max_across_ranks); it is not hardware-counter HBM traffic.

Running B=22, q_tokens=352, history_tokens=179658, causal=True

B=22, q_tokens=352, history_tokens=179658, QH=32, KVH=4, D=128, TP=8, DCP=2, mode=causal
Method                   Time ms                                                                                                                                     Agg TFLOPS    Avg/GPU  KV GB/s/GPU      Check  Note
dcp_mega_varlen          t0=0.097, t1=0.096, t2=0.097, t3=0.096, t4=0.098, t5=0.096, t6=0.098, t7=0.095 | p50(max_across_ranks)=0.098, p90(max_across_ranks)=0.102        478.7       59.8        468.8       skip  eager; output=bf16_ipc_a2a; runner_preallocated; timing=mega_kernel_only
Wrote benchmark JSON to /home/hychen/min_fa3_demo/benchmark_logs/experiment_suite/20260812-231044-dcp-cp-suite/01_dcp_wave/results/arrival_4/dcp_2/critical_wave_fifo/comm_sm_12/case_000053_dcp2_hkv4_eager.json

================================================================================
Mega comm_sm=12, case 55/100: case_000054_dcp2_hkv4: B=22, Sq=[16, 16, 16, 16, 16, 16, 16, 16, 16, 16, 16, 16, 16, 16, 16, 16, 16, 16, 16, 16, 16, 16], Sk=[24122, 4391, 12033, 6517, 3888, 8269, 1278, 6846, 2010, 21196, 12268, 34686, 4278, 13714, 1792, 9884, 1439, 1065, 2698, 3817, 964, 18391], DCP=2, Hkv=4
================================================================================
Config: world_size=8, methods=['dcp_mega_varlen'], QH=32, KVH=4, D=128, TP=8, DCP=2, workload=chunk, execution=eager, baseline_phase_timing=False, warmup=40, iters=60, check=False
Workload: B=22, q_tokens=352, history_tokens=195546, q_seqlens=[16, 16, 16, 16, 16, 16, 16, 16, 16, 16, 16, 16, 16, 16, 16, 16, 16, 16, 16, 16, 16, 16], history_seqlens=[24122, 4391, 12033, 6517, 3888, 8269, 1278, 6846, 2010, 21196, 12268, 34686, 4278, 13714, 1792, 9884, 1439, 1065, 2698, 3817, 964, 18391]
Agg TFLOPS uses useful attention work across all TP ranks and p50(max_across_ranks); Avg/GPU divides it by world_size.
KV GB/s/GPU is average logical BF16 K+V bytes read per TP rank divided by p50(max_across_ranks); it is not hardware-counter HBM traffic.

Running B=22, q_tokens=352, history_tokens=195546, causal=True

B=22, q_tokens=352, history_tokens=195546, QH=32, KVH=4, D=128, TP=8, DCP=2, mode=causal
Method                   Time ms                                                                                                                                     Agg TFLOPS    Avg/GPU  KV GB/s/GPU      Check  Note
dcp_mega_varlen          t0=0.082, t1=0.081, t2=0.083, t3=0.082, t4=0.084, t5=0.082, t6=0.084, t7=0.081 | p50(max_across_ranks)=0.085, p90(max_across_ranks)=0.087        606.1       75.8        593.5       skip  eager; output=bf16_ipc_a2a; runner_preallocated; timing=mega_kernel_only
Wrote benchmark JSON to /home/hychen/min_fa3_demo/benchmark_logs/experiment_suite/20260812-231044-dcp-cp-suite/01_dcp_wave/results/arrival_4/dcp_2/critical_wave_fifo/comm_sm_12/case_000054_dcp2_hkv4_eager.json

================================================================================
Mega comm_sm=12, case 56/100: case_000055_dcp2_hkv4: B=22, Sq=[16, 16, 16, 16, 16, 16, 16, 16, 16, 16, 16, 16, 16, 16, 16, 16, 16, 16, 16, 16, 16, 1416], Sk=[24191, 4474, 12114, 8340, 1362, 2095, 34778, 4348, 13789, 1873, 9956, 1523, 2765, 3897, 1024, 18463, 2543, 15968, 20408, 2652, 893, 512], DCP=2, Hkv=4
================================================================================
Config: world_size=8, methods=['dcp_mega_varlen'], QH=32, KVH=4, D=128, TP=8, DCP=2, workload=chunk, execution=eager, baseline_phase_timing=False, warmup=40, iters=60, check=False
Workload: B=22, q_tokens=1752, history_tokens=187968, q_seqlens=[16, 16, 16, 16, 16, 16, 16, 16, 16, 16, 16, 16, 16, 16, 16, 16, 16, 16, 16, 16, 16, 1416], history_seqlens=[24191, 4474, 12114, 8340, 1362, 2095, 34778, 4348, 13789, 1873, 9956, 1523, 2765, 3897, 1024, 18463, 2543, 15968, 20408, 2652, 893, 512]
Agg TFLOPS uses useful attention work across all TP ranks and p50(max_across_ranks); Avg/GPU divides it by world_size.
KV GB/s/GPU is average logical BF16 K+V bytes read per TP rank divided by p50(max_across_ranks); it is not hardware-counter HBM traffic.

Running B=22, q_tokens=1752, history_tokens=187968, causal=True

B=22, q_tokens=1752, history_tokens=187968, QH=32, KVH=4, D=128, TP=8, DCP=2, mode=causal
Method                   Time ms                                                                                                                                     Agg TFLOPS    Avg/GPU  KV GB/s/GPU      Check  Note
dcp_mega_varlen          t0=0.096, t1=0.095, t2=0.096, t3=0.096, t4=0.096, t5=0.096, t6=0.096, t7=0.095 | p50(max_across_ranks)=0.098, p90(max_across_ranks)=0.100        791.9       99.0        500.8       skip  eager; output=bf16_ipc_a2a; runner_preallocated; timing=mega_kernel_only
Wrote benchmark JSON to /home/hychen/min_fa3_demo/benchmark_logs/experiment_suite/20260812-231044-dcp-cp-suite/01_dcp_wave/results/arrival_4/dcp_2/critical_wave_fifo/comm_sm_12/case_000055_dcp2_hkv4_eager.json

================================================================================
Mega comm_sm=12, case 57/100: case_000056_dcp2_hkv4: B=41, Sq=[16, 16, 16, 16, 16, 16, 16, 16, 16, 16, 16, 16, 16, 16, 16, 16, 16, 16, 16, 16, 16, 16, 16, 16, 16, 16, 16, 16, 16, 16, 16, 16, 16, 16, 16, 16, 16, 16, 16, 16, 16], Sk=[4431, 26057, 1934, 2318, 2295, 6317, 5230, 8016, 1969, 14234, 7584, 5249, 16720, 20285, 12214, 59122, 2670, 18618, 17883, 1924, 1658, 3035, 6120, 14058, 19015, 37223, 2008, 1059, 32292, 1067, 19160, 20071, 7948, 2340, 46272, 12645, 9894, 7999, 1317, 1326, 6032], DCP=2, Hkv=4
================================================================================
Config: world_size=8, methods=['dcp_mega_varlen'], QH=32, KVH=4, D=128, TP=8, DCP=2, workload=chunk, execution=eager, baseline_phase_timing=False, warmup=40, iters=60, check=False
Workload: B=41, q_tokens=656, history_tokens=487609, q_seqlens=[16, 16, 16, 16, 16, 16, 16, 16, 16, 16, 16, 16, 16, 16, 16, 16, 16, 16, 16, 16, 16, 16, 16, 16, 16, 16, 16, 16, 16, 16, 16, 16, 16, 16, 16, 16, 16, 16, 16, 16, 16], history_seqlens=[4431, 26057, 1934, 2318, 2295, 6317, 5230, 8016, 1969, 14234, 7584, 5249, 16720, 20285, 12214, 59122, 2670, 18618, 17883, 1924, 1658, 3035, 6120, 14058, 19015, 37223, 2008, 1059, 32292, 1067, 19160, 20071, 7948, 2340, 46272, 12645, 9894, 7999, 1317, 1326, 6032]
Agg TFLOPS uses useful attention work across all TP ranks and p50(max_across_ranks); Avg/GPU divides it by world_size.
KV GB/s/GPU is average logical BF16 K+V bytes read per TP rank divided by p50(max_across_ranks); it is not hardware-counter HBM traffic.

Running B=41, q_tokens=656, history_tokens=487609, causal=True

B=41, q_tokens=656, history_tokens=487609, QH=32, KVH=4, D=128, TP=8, DCP=2, mode=causal
Method                   Time ms                                                                                                                                     Agg TFLOPS    Avg/GPU  KV GB/s/GPU      Check  Note
dcp_mega_varlen          t0=0.108, t1=0.108, t2=0.108, t3=0.108, t4=0.109, t5=0.108, t6=0.108, t7=0.107 | p50(max_across_ranks)=0.110, p90(max_across_ranks)=0.113       1159.2      144.9       1134.2       skip  eager; output=bf16_ipc_a2a; runner_preallocated; timing=mega_kernel_only
Wrote benchmark JSON to /home/hychen/min_fa3_demo/benchmark_logs/experiment_suite/20260812-231044-dcp-cp-suite/01_dcp_wave/results/arrival_4/dcp_2/critical_wave_fifo/comm_sm_12/case_000056_dcp2_hkv4_eager.json

================================================================================
Mega comm_sm=12, case 58/100: case_000057_dcp2_hkv4: B=38, Sq=[16, 16, 16, 16, 16, 16, 16, 16, 16, 16, 16, 16, 16, 16, 16, 16, 16, 16, 16, 16, 16, 16, 16, 16, 16, 16, 16, 16, 16, 16, 16, 16, 16, 16, 16, 16, 16, 4096], Sk=[4561, 2065, 2443, 8163, 2099, 7724, 5386, 16857, 59252, 2796, 18758, 18017, 2038, 6246, 19157, 2147, 1197, 32428, 19301, 20211, 8076, 2460, 46395, 12771, 10038, 8151, 1467, 6159, 2785, 1019, 16075, 12078, 3173, 941, 920, 12430, 4411, 53760], DCP=2, Hkv=4
================================================================================
Config: world_size=8, methods=['dcp_mega_varlen'], QH=32, KVH=4, D=128, TP=8, DCP=2, workload=chunk, execution=eager, baseline_phase_timing=False, warmup=40, iters=60, check=False
Workload: B=38, q_tokens=4688, history_tokens=453955, q_seqlens=[16, 16, 16, 16, 16, 16, 16, 16, 16, 16, 16, 16, 16, 16, 16, 16, 16, 16, 16, 16, 16, 16, 16, 16, 16, 16, 16, 16, 16, 16, 16, 16, 16, 16, 16, 16, 16, 4096], history_seqlens=[4561, 2065, 2443, 8163, 2099, 7724, 5386, 16857, 59252, 2796, 18758, 18017, 2038, 6246, 19157, 2147, 1197, 32428, 19301, 20211, 8076, 2460, 46395, 12771, 10038, 8151, 1467, 6159, 2785, 1019, 16075, 12078, 3173, 941, 920, 12430, 4411, 53760]
Agg TFLOPS uses useful attention work across all TP ranks and p50(max_across_ranks); Avg/GPU divides it by world_size.
KV GB/s/GPU is average logical BF16 K+V bytes read per TP rank divided by p50(max_across_ranks); it is not hardware-counter HBM traffic.

Running B=38, q_tokens=4688, history_tokens=453955, causal=True

B=38, q_tokens=4688, history_tokens=453955, QH=32, KVH=4, D=128, TP=8, DCP=2, mode=causal
Method                   Time ms                                                                                                                                     Agg TFLOPS    Avg/GPU  KV GB/s/GPU      Check  Note
dcp_mega_varlen          t0=0.943, t1=0.931, t2=0.936, t3=0.931, t4=0.933, t5=0.928, t6=0.947, t7=0.934 | p50(max_across_ranks)=0.948, p90(max_across_ranks)=0.950       4059.7      507.5        125.1       skip  eager; output=bf16_ipc_a2a; runner_preallocated; timing=mega_kernel_only
Wrote benchmark JSON to /home/hychen/min_fa3_demo/benchmark_logs/experiment_suite/20260812-231044-dcp-cp-suite/01_dcp_wave/results/arrival_4/dcp_2/critical_wave_fifo/comm_sm_12/case_000057_dcp2_hkv4_eager.json

================================================================================
Mega comm_sm=12, case 59/100: case_000058_dcp2_hkv4: B=22, Sq=[16, 16, 16, 16, 16, 16, 16, 16, 16, 16, 16, 16, 16, 16, 16, 16, 16, 16, 16, 16, 16, 16], Sk=[4800, 59506, 18987, 6485, 32665, 46646, 1687, 12315, 3420, 3178, 9693, 4662, 1096, 6353, 1020, 43120, 1545, 6830, 12278, 9581, 910, 4032], DCP=2, Hkv=4
================================================================================
Config: world_size=8, methods=['dcp_mega_varlen'], QH=32, KVH=4, D=128, TP=8, DCP=2, workload=chunk, execution=eager, baseline_phase_timing=False, warmup=40, iters=60, check=False
Workload: B=22, q_tokens=352, history_tokens=290809, q_seqlens=[16, 16, 16, 16, 16, 16, 16, 16, 16, 16, 16, 16, 16, 16, 16, 16, 16, 16, 16, 16, 16, 16], history_seqlens=[4800, 59506, 18987, 6485, 32665, 46646, 1687, 12315, 3420, 3178, 9693, 4662, 1096, 6353, 1020, 43120, 1545, 6830, 12278, 9581, 910, 4032]
Agg TFLOPS uses useful attention work across all TP ranks and p50(max_across_ranks); Avg/GPU divides it by world_size.
KV GB/s/GPU is average logical BF16 K+V bytes read per TP rank divided by p50(max_across_ranks); it is not hardware-counter HBM traffic.

Running B=22, q_tokens=352, history_tokens=290809, causal=True

B=22, q_tokens=352, history_tokens=290809, QH=32, KVH=4, D=128, TP=8, DCP=2, mode=causal
Method                   Time ms                                                                                                                                     Agg TFLOPS    Avg/GPU  KV GB/s/GPU      Check  Note
dcp_mega_varlen          t0=0.083, t1=0.082, t2=0.083, t3=0.082, t4=0.084, t5=0.082, t6=0.087, t7=0.082 | p50(max_across_ranks)=0.087, p90(max_across_ranks)=0.089        877.5      109.7        858.5       skip  eager; output=bf16_ipc_a2a; runner_preallocated; timing=mega_kernel_only
Wrote benchmark JSON to /home/hychen/min_fa3_demo/benchmark_logs/experiment_suite/20260812-231044-dcp-cp-suite/01_dcp_wave/results/arrival_4/dcp_2/critical_wave_fifo/comm_sm_12/case_000058_dcp2_hkv4_eager.json

================================================================================
Mega comm_sm=12, case 60/100: case_000059_dcp2_hkv4: B=28, Sq=[16, 16, 16, 16, 16, 16, 16, 16, 16, 16, 16, 16, 16, 16, 16, 16, 16, 16, 16, 16, 16, 16, 16, 16, 16, 16, 16, 16], Sk=[59619, 6588, 32775, 46743, 3529, 3290, 9805, 4775, 1197, 6446, 43217, 1646, 6927, 12383, 9680, 1015, 4131, 4840, 14054, 4331, 3123, 6809, 7222, 1591, 21117, 26900, 3971, 23821], DCP=2, Hkv=4
================================================================================
Config: world_size=8, methods=['dcp_mega_varlen'], QH=32, KVH=4, D=128, TP=8, DCP=2, workload=chunk, execution=eager, baseline_phase_timing=False, warmup=40, iters=60, check=False
Workload: B=28, q_tokens=448, history_tokens=371545, q_seqlens=[16, 16, 16, 16, 16, 16, 16, 16, 16, 16, 16, 16, 16, 16, 16, 16, 16, 16, 16, 16, 16, 16, 16, 16, 16, 16, 16, 16], history_seqlens=[59619, 6588, 32775, 46743, 3529, 3290, 9805, 4775, 1197, 6446, 43217, 1646, 6927, 12383, 9680, 1015, 4131, 4840, 14054, 4331, 3123, 6809, 7222, 1591, 21117, 26900, 3971, 23821]
Agg TFLOPS uses useful attention work across all TP ranks and p50(max_across_ranks); Avg/GPU divides it by world_size.
KV GB/s/GPU is average logical BF16 K+V bytes read per TP rank divided by p50(max_across_ranks); it is not hardware-counter HBM traffic.

Running B=28, q_tokens=448, history_tokens=371545, causal=True

B=28, q_tokens=448, history_tokens=371545, QH=32, KVH=4, D=128, TP=8, DCP=2, mode=causal
Method                   Time ms                                                                                                                                     Agg TFLOPS    Avg/GPU  KV GB/s/GPU      Check  Note
dcp_mega_varlen          t0=0.095, t1=0.093, t2=0.095, t3=0.093, t4=0.096, t5=0.094, t6=0.094, t7=0.094 | p50(max_across_ranks)=0.097, p90(max_across_ranks)=0.099       1007.0      125.9        985.1       skip  eager; output=bf16_ipc_a2a; runner_preallocated; timing=mega_kernel_only
Wrote benchmark JSON to /home/hychen/min_fa3_demo/benchmark_logs/experiment_suite/20260812-231044-dcp-cp-suite/01_dcp_wave/results/arrival_4/dcp_2/critical_wave_fifo/comm_sm_12/case_000059_dcp2_hkv4_eager.json

================================================================================
Mega comm_sm=12, case 61/100: case_000060_dcp2_hkv4: B=36, Sq=[16, 16, 16, 16, 16, 16, 16, 16, 16, 16, 16, 16, 16, 16, 16, 16, 16, 16, 16, 16, 16, 16, 16, 16, 16, 16, 16, 16, 16, 16, 16, 16, 16, 16, 16, 16], Sk=[60181, 47252, 14602, 3630, 6276, 11885, 8481, 19438, 2380, 8116, 1253, 25711, 2740, 9921, 20450, 15945, 2872, 17816, 3701, 5762, 7263, 13334, 3717, 17845, 12571, 1001, 1368, 6940, 1731, 2293, 16398, 11788, 976, 19017, 4769, 7510], DCP=2, Hkv=4
================================================================================
Config: world_size=8, methods=['dcp_mega_varlen'], QH=32, KVH=4, D=128, TP=8, DCP=2, workload=chunk, execution=eager, baseline_phase_timing=False, warmup=40, iters=60, check=False
Workload: B=36, q_tokens=576, history_tokens=416933, q_seqlens=[16, 16, 16, 16, 16, 16, 16, 16, 16, 16, 16, 16, 16, 16, 16, 16, 16, 16, 16, 16, 16, 16, 16, 16, 16, 16, 16, 16, 16, 16, 16, 16, 16, 16, 16, 16], history_seqlens=[60181, 47252, 14602, 3630, 6276, 11885, 8481, 19438, 2380, 8116, 1253, 25711, 2740, 9921, 20450, 15945, 2872, 17816, 3701, 5762, 7263, 13334, 3717, 17845, 12571, 1001, 1368, 6940, 1731, 2293, 16398, 11788, 976, 19017, 4769, 7510]
Agg TFLOPS uses useful attention work across all TP ranks and p50(max_across_ranks); Avg/GPU divides it by world_size.
KV GB/s/GPU is average logical BF16 K+V bytes read per TP rank divided by p50(max_across_ranks); it is not hardware-counter HBM traffic.

Running B=36, q_tokens=576, history_tokens=416933, causal=True

B=36, q_tokens=576, history_tokens=416933, QH=32, KVH=4, D=128, TP=8, DCP=2, mode=causal
Method                   Time ms                                                                                                                                     Agg TFLOPS    Avg/GPU  KV GB/s/GPU      Check  Note
dcp_mega_varlen          t0=0.100, t1=0.101, t2=0.102, t3=0.100, t4=0.103, t5=0.100, t6=0.103, t7=0.099 | p50(max_across_ranks)=0.104, p90(max_across_ranks)=0.110       1053.2      131.6       1030.6       skip  eager; output=bf16_ipc_a2a; runner_preallocated; timing=mega_kernel_only
Wrote benchmark JSON to /home/hychen/min_fa3_demo/benchmark_logs/experiment_suite/20260812-231044-dcp-cp-suite/01_dcp_wave/results/arrival_4/dcp_2/critical_wave_fifo/comm_sm_12/case_000060_dcp2_hkv4_eager.json

================================================================================
Mega comm_sm=12, case 62/100: case_000061_dcp2_hkv4: B=39, Sq=[16, 16, 16, 16, 16, 16, 16, 16, 16, 16, 16, 16, 16, 16, 16, 16, 16, 16, 16, 16, 16, 16, 16, 16, 16, 16, 16, 16, 16, 16, 16, 16, 16, 16, 16, 16, 4096, 4096, 856], Sk=[60274, 47330, 14700, 3721, 6366, 2475, 1340, 25817, 2829, 10012, 20556, 16027, 2968, 17920, 3792, 5856, 13429, 3819, 17947, 1089, 1459, 7035, 1823, 2396, 16486, 11888, 1069, 4868, 7615, 1219, 1917, 2390, 29501, 923, 10670, 4035, 29184, 8704, 10752], DCP=2, Hkv=4
================================================================================
Config: world_size=8, methods=['dcp_mega_varlen'], QH=32, KVH=4, D=128, TP=8, DCP=2, workload=chunk, execution=eager, baseline_phase_timing=False, warmup=40, iters=60, check=False
Workload: B=39, q_tokens=9624, history_tokens=432201, q_seqlens=[16, 16, 16, 16, 16, 16, 16, 16, 16, 16, 16, 16, 16, 16, 16, 16, 16, 16, 16, 16, 16, 16, 16, 16, 16, 16, 16, 16, 16, 16, 16, 16, 16, 16, 16, 16, 4096, 4096, 856], history_seqlens=[60274, 47330, 14700, 3721, 6366, 2475, 1340, 25817, 2829, 10012, 20556, 16027, 2968, 17920, 3792, 5856, 13429, 3819, 17947, 1089, 1459, 7035, 1823, 2396, 16486, 11888, 1069, 4868, 7615, 1219, 1917, 2390, 29501, 923, 10670, 4035, 29184, 8704, 10752]
Agg TFLOPS uses useful attention work across all TP ranks and p50(max_across_ranks); Avg/GPU divides it by world_size.
KV GB/s/GPU is average logical BF16 K+V bytes read per TP rank divided by p50(max_across_ranks); it is not hardware-counter HBM traffic.

Running B=39, q_tokens=9624, history_tokens=432201, causal=True

B=39, q_tokens=9624, history_tokens=432201, QH=32, KVH=4, D=128, TP=8, DCP=2, mode=causal
Method                   Time ms                                                                                                                                     Agg TFLOPS    Avg/GPU  KV GB/s/GPU      Check  Note
dcp_mega_varlen          t0=0.721, t1=0.707, t2=0.702, t3=0.706, t4=0.697, t5=0.697, t6=0.695, t7=0.709 | p50(max_across_ranks)=0.722, p90(max_across_ranks)=0.725       4257.4      532.2        160.0       skip  eager; output=bf16_ipc_a2a; runner_preallocated; timing=mega_kernel_only
Wrote benchmark JSON to /home/hychen/min_fa3_demo/benchmark_logs/experiment_suite/20260812-231044-dcp-cp-suite/01_dcp_wave/results/arrival_4/dcp_2/critical_wave_fifo/comm_sm_12/case_000061_dcp2_hkv4_eager.json

================================================================================
Mega comm_sm=12, case 63/100: case_000062_dcp2_hkv4: B=41, Sq=[16, 16, 16, 16, 16, 16, 16, 16, 16, 16, 16, 16, 16, 16, 16, 16, 16, 16, 16, 16, 16, 16, 16, 16, 16, 16, 16, 16, 16, 16, 16, 16, 16, 16, 16, 16, 16, 16, 16, 496, 4096], Sk=[19949, 3766, 2487, 1871, 25985, 1569, 5549, 21142, 11364, 17935, 4723, 25107, 4614, 25385, 12286, 7083, 14824, 1326, 10655, 6939, 1304, 1897, 9437, 5775, 7227, 15432, 50564, 10396, 7730, 1036, 6378, 2850, 40283, 13250, 1342, 34347, 11533, 9835, 913, 4608, 4608], DCP=2, Hkv=4
================================================================================
Config: world_size=8, methods=['dcp_mega_varlen'], QH=32, KVH=4, D=128, TP=8, DCP=2, workload=chunk, execution=eager, baseline_phase_timing=False, warmup=40, iters=60, check=False
Workload: B=41, q_tokens=5216, history_tokens=465304, q_seqlens=[16, 16, 16, 16, 16, 16, 16, 16, 16, 16, 16, 16, 16, 16, 16, 16, 16, 16, 16, 16, 16, 16, 16, 16, 16, 16, 16, 16, 16, 16, 16, 16, 16, 16, 16, 16, 16, 16, 16, 496, 4096], history_seqlens=[19949, 3766, 2487, 1871, 25985, 1569, 5549, 21142, 11364, 17935, 4723, 25107, 4614, 25385, 12286, 7083, 14824, 1326, 10655, 6939, 1304, 1897, 9437, 5775, 7227, 15432, 50564, 10396, 7730, 1036, 6378, 2850, 40283, 13250, 1342, 34347, 11533, 9835, 913, 4608, 4608]
Agg TFLOPS uses useful attention work across all TP ranks and p50(max_across_ranks); Avg/GPU divides it by world_size.
KV GB/s/GPU is average logical BF16 K+V bytes read per TP rank divided by p50(max_across_ranks); it is not hardware-counter HBM traffic.

Running B=41, q_tokens=5216, history_tokens=465304, causal=True

B=41, q_tokens=5216, history_tokens=465304, QH=32, KVH=4, D=128, TP=8, DCP=2, mode=causal
Method                   Time ms                                                                                                                                     Agg TFLOPS    Avg/GPU  KV GB/s/GPU      Check  Note
dcp_mega_varlen          t0=0.233, t1=0.233, t2=0.234, t3=0.232, t4=0.232, t5=0.229, t6=0.236, t7=0.230 | p50(max_across_ranks)=0.236, p90(max_across_ranks)=0.240       2565.1      320.6        515.7       skip  eager; output=bf16_ipc_a2a; runner_preallocated; timing=mega_kernel_only
Wrote benchmark JSON to /home/hychen/min_fa3_demo/benchmark_logs/experiment_suite/20260812-231044-dcp-cp-suite/01_dcp_wave/results/arrival_4/dcp_2/critical_wave_fifo/comm_sm_12/case_000062_dcp2_hkv4_eager.json

================================================================================
Mega comm_sm=12, case 64/100: case_000063_dcp2_hkv4: B=33, Sq=[16, 16, 16, 16, 16, 16, 16, 16, 16, 16, 16, 16, 16, 16, 16, 16, 16, 16, 16, 16, 16, 16, 16, 16, 16, 16, 16, 16, 16, 16, 16, 400, 1064], Sk=[20406, 25552, 11969, 1628, 4474, 3953, 6911, 1144, 1427, 3366, 2623, 18155, 3773, 4885, 20187, 3643, 12146, 14257, 17039, 67630, 1535, 1130, 933, 3715, 9675, 31696, 7012, 13152, 21465, 4662, 1038, 11264, 3072], DCP=2, Hkv=4
================================================================================
Config: world_size=8, methods=['dcp_mega_varlen'], QH=32, KVH=4, D=128, TP=8, DCP=2, workload=chunk, execution=eager, baseline_phase_timing=False, warmup=40, iters=60, check=False
Workload: B=33, q_tokens=1960, history_tokens=355517, q_seqlens=[16, 16, 16, 16, 16, 16, 16, 16, 16, 16, 16, 16, 16, 16, 16, 16, 16, 16, 16, 16, 16, 16, 16, 16, 16, 16, 16, 16, 16, 16, 16, 400, 1064], history_seqlens=[20406, 25552, 11969, 1628, 4474, 3953, 6911, 1144, 1427, 3366, 2623, 18155, 3773, 4885, 20187, 3643, 12146, 14257, 17039, 67630, 1535, 1130, 933, 3715, 9675, 31696, 7012, 13152, 21465, 4662, 1038, 11264, 3072]
Agg TFLOPS uses useful attention work across all TP ranks and p50(max_across_ranks); Avg/GPU divides it by world_size.
KV GB/s/GPU is average logical BF16 K+V bytes read per TP rank divided by p50(max_across_ranks); it is not hardware-counter HBM traffic.

Running B=33, q_tokens=1960, history_tokens=355517, causal=True

B=33, q_tokens=1960, history_tokens=355517, QH=32, KVH=4, D=128, TP=8, DCP=2, mode=causal
Method                   Time ms                                                                                                                                     Agg TFLOPS    Avg/GPU  KV GB/s/GPU      Check  Note
dcp_mega_varlen          t0=0.127, t1=0.126, t2=0.128, t3=0.126, t4=0.129, t5=0.126, t6=0.128, t7=0.125 | p50(max_across_ranks)=0.129, p90(max_across_ranks)=0.135       1759.6      219.9        711.8       skip  eager; output=bf16_ipc_a2a; runner_preallocated; timing=mega_kernel_only
Wrote benchmark JSON to /home/hychen/min_fa3_demo/benchmark_logs/experiment_suite/20260812-231044-dcp-cp-suite/01_dcp_wave/results/arrival_4/dcp_2/critical_wave_fifo/comm_sm_12/case_000063_dcp2_hkv4_eager.json

================================================================================
Mega comm_sm=12, case 65/100: case_000064_dcp2_hkv4: B=33, Sq=[16, 16, 16, 16, 16, 16, 16, 16, 16, 16, 16, 16, 16, 16, 16, 16, 16, 16, 16, 16, 16, 16, 16, 16, 16, 16, 16, 16, 16, 16, 16, 16, 16], Sk=[5808, 24394, 2293, 5637, 14780, 1625, 2802, 1260, 22559, 14186, 14623, 3630, 7940, 2034, 51358, 33684, 2870, 1090, 16907, 22595, 2474, 15770, 7715, 1464, 7899, 1488, 9083, 4527, 16987, 48920, 4348, 1133, 19591], DCP=2, Hkv=4
================================================================================
Config: world_size=8, methods=['dcp_mega_varlen'], QH=32, KVH=4, D=128, TP=8, DCP=2, workload=chunk, execution=eager, baseline_phase_timing=False, warmup=40, iters=60, check=False
Workload: B=33, q_tokens=528, history_tokens=393474, q_seqlens=[16, 16, 16, 16, 16, 16, 16, 16, 16, 16, 16, 16, 16, 16, 16, 16, 16, 16, 16, 16, 16, 16, 16, 16, 16, 16, 16, 16, 16, 16, 16, 16, 16], history_seqlens=[5808, 24394, 2293, 5637, 14780, 1625, 2802, 1260, 22559, 14186, 14623, 3630, 7940, 2034, 51358, 33684, 2870, 1090, 16907, 22595, 2474, 15770, 7715, 1464, 7899, 1488, 9083, 4527, 16987, 48920, 4348, 1133, 19591]
Agg TFLOPS uses useful attention work across all TP ranks and p50(max_across_ranks); Avg/GPU divides it by world_size.
KV GB/s/GPU is average logical BF16 K+V bytes read per TP rank divided by p50(max_across_ranks); it is not hardware-counter HBM traffic.

Running B=33, q_tokens=528, history_tokens=393474, causal=True

B=33, q_tokens=528, history_tokens=393474, QH=32, KVH=4, D=128, TP=8, DCP=2, mode=causal
Method                   Time ms                                                                                                                                     Agg TFLOPS    Avg/GPU  KV GB/s/GPU      Check  Note
dcp_mega_varlen          t0=0.097, t1=0.096, t2=0.098, t3=0.097, t4=0.098, t5=0.096, t6=0.099, t7=0.095 | p50(max_across_ranks)=0.100, p90(max_across_ranks)=0.103       1034.2      129.3       1011.9       skip  eager; output=bf16_ipc_a2a; runner_preallocated; timing=mega_kernel_only
Wrote benchmark JSON to /home/hychen/min_fa3_demo/benchmark_logs/experiment_suite/20260812-231044-dcp-cp-suite/01_dcp_wave/results/arrival_4/dcp_2/critical_wave_fifo/comm_sm_12/case_000064_dcp2_hkv4_eager.json

================================================================================
Mega comm_sm=12, case 66/100: case_000065_dcp2_hkv4: B=34, Sq=[16, 16, 16, 16, 16, 16, 16, 16, 16, 16, 16, 16, 16, 16, 16, 16, 16, 16, 16, 16, 16, 16, 16, 16, 16, 16, 16, 16, 16, 16, 16, 16, 16, 16], Sk=[4024, 8166, 4784, 13036, 13313, 7378, 4719, 25409, 6417, 6541, 1786, 1294, 20498, 8660, 1403, 7582, 3674, 5765, 21416, 61498, 1031, 2521, 4229, 4908, 21808, 13769, 1112, 963, 4766, 2780, 938, 936, 6203, 1345], DCP=2, Hkv=4
================================================================================
Config: world_size=8, methods=['dcp_mega_varlen'], QH=32, KVH=4, D=128, TP=8, DCP=2, workload=chunk, execution=eager, baseline_phase_timing=False, warmup=40, iters=60, check=False
Workload: B=34, q_tokens=544, history_tokens=294672, q_seqlens=[16, 16, 16, 16, 16, 16, 16, 16, 16, 16, 16, 16, 16, 16, 16, 16, 16, 16, 16, 16, 16, 16, 16, 16, 16, 16, 16, 16, 16, 16, 16, 16, 16, 16], history_seqlens=[4024, 8166, 4784, 13036, 13313, 7378, 4719, 25409, 6417, 6541, 1786, 1294, 20498, 8660, 1403, 7582, 3674, 5765, 21416, 61498, 1031, 2521, 4229, 4908, 21808, 13769, 1112, 963, 4766, 2780, 938, 936, 6203, 1345]
Agg TFLOPS uses useful attention work across all TP ranks and p50(max_across_ranks); Avg/GPU divides it by world_size.
KV GB/s/GPU is average logical BF16 K+V bytes read per TP rank divided by p50(max_across_ranks); it is not hardware-counter HBM traffic.

Running B=34, q_tokens=544, history_tokens=294672, causal=True

B=34, q_tokens=544, history_tokens=294672, QH=32, KVH=4, D=128, TP=8, DCP=2, mode=causal
Method                   Time ms                                                                                                                                     Agg TFLOPS    Avg/GPU  KV GB/s/GPU      Check  Note
dcp_mega_varlen          t0=0.088, t1=0.088, t2=0.090, t3=0.088, t4=0.089, t5=0.088, t6=0.090, t7=0.088 | p50(max_across_ranks)=0.091, p90(max_across_ranks)=0.094        848.9      106.1        831.2       skip  eager; output=bf16_ipc_a2a; runner_preallocated; timing=mega_kernel_only
Wrote benchmark JSON to /home/hychen/min_fa3_demo/benchmark_logs/experiment_suite/20260812-231044-dcp-cp-suite/01_dcp_wave/results/arrival_4/dcp_2/critical_wave_fifo/comm_sm_12/case_000065_dcp2_hkv4_eager.json

================================================================================
Mega comm_sm=12, case 67/100: case_000066_dcp2_hkv4: B=54, Sq=[16, 16, 16, 16, 16, 16, 16, 16, 16, 16, 16, 16, 16, 16, 16, 16, 16, 16, 16, 16, 16, 16, 16, 16, 16, 16, 16, 16, 16, 16, 16, 16, 16, 16, 16, 16, 16, 16, 16, 16, 16, 16, 16, 16, 16, 16, 16, 16, 16, 16, 16, 16, 16, 16], Sk=[25325, 53950, 19082, 7354, 6328, 23196, 6554, 5162, 4784, 12900, 4109, 1287, 108938, 12621, 5040, 1731, 11223, 2197, 10416, 49578, 7041, 3233, 58857, 20569, 4660, 1316, 1146, 1757, 4199, 18386, 1118, 2792, 8275, 5072, 5617, 17074, 1554, 16195, 32870, 7608, 2926, 15318, 3250, 2715, 2464, 18843, 956, 969, 3343, 8806, 4467, 927, 3023, 11903], DCP=2, Hkv=4
================================================================================
Config: world_size=8, methods=['dcp_mega_varlen'], QH=32, KVH=4, D=128, TP=8, DCP=2, workload=chunk, execution=eager, baseline_phase_timing=False, warmup=40, iters=60, check=False
Workload: B=54, q_tokens=864, history_tokens=671024, q_seqlens=[16, 16, 16, 16, 16, 16, 16, 16, 16, 16, 16, 16, 16, 16, 16, 16, 16, 16, 16, 16, 16, 16, 16, 16, 16, 16, 16, 16, 16, 16, 16, 16, 16, 16, 16, 16, 16, 16, 16, 16, 16, 16, 16, 16, 16, 16, 16, 16, 16, 16, 16, 16, 16, 16], history_seqlens=[25325, 53950, 19082, 7354, 6328, 23196, 6554, 5162, 4784, 12900, 4109, 1287, 108938, 12621, 5040, 1731, 11223, 2197, 10416, 49578, 7041, 3233, 58857, 20569, 4660, 1316, 1146, 1757, 4199, 18386, 1118, 2792, 8275, 5072, 5617, 17074, 1554, 16195, 32870, 7608, 2926, 15318, 3250, 2715, 2464, 18843, 956, 969, 3343, 8806, 4467, 927, 3023, 11903]
Agg TFLOPS uses useful attention work across all TP ranks and p50(max_across_ranks); Avg/GPU divides it by world_size.
KV GB/s/GPU is average logical BF16 K+V bytes read per TP rank divided by p50(max_across_ranks); it is not hardware-counter HBM traffic.

Running B=54, q_tokens=864, history_tokens=671024, causal=True

B=54, q_tokens=864, history_tokens=671024, QH=32, KVH=4, D=128, TP=8, DCP=2, mode=causal
Method                   Time ms                                                                                                                                     Agg TFLOPS    Avg/GPU  KV GB/s/GPU      Check  Note
dcp_mega_varlen          t0=0.127, t1=0.126, t2=0.128, t3=0.126, t4=0.127, t5=0.126, t6=0.127, t7=0.126 | p50(max_across_ranks)=0.129, p90(max_across_ranks)=0.130       1365.0      170.6       1335.5       skip  eager; output=bf16_ipc_a2a; runner_preallocated; timing=mega_kernel_only
Wrote benchmark JSON to /home/hychen/min_fa3_demo/benchmark_logs/experiment_suite/20260812-231044-dcp-cp-suite/01_dcp_wave/results/arrival_4/dcp_2/critical_wave_fifo/comm_sm_12/case_000066_dcp2_hkv4_eager.json

================================================================================
Mega comm_sm=12, case 68/100: case_000067_dcp2_hkv4: B=37, Sq=[16, 16, 16, 16, 16, 16, 16, 16, 16, 16, 16, 16, 16, 16, 16, 16, 16, 16, 16, 16, 16, 16, 16, 16, 16, 16, 16, 16, 16, 16, 16, 16, 16, 16, 16, 16, 16], Sk=[54098, 19229, 6485, 4247, 109081, 5196, 2349, 10552, 58987, 1448, 1291, 1891, 18531, 1270, 8429, 17214, 16347, 3070, 15468, 3402, 2851, 18985, 1090, 1124, 4609, 1074, 3174, 12059, 9749, 1918, 10288, 1480, 1186, 24357, 15471, 15158, 1071], DCP=2, Hkv=4
================================================================================
Config: world_size=8, methods=['dcp_mega_varlen'], QH=32, KVH=4, D=128, TP=8, DCP=2, workload=chunk, execution=eager, baseline_phase_timing=False, warmup=40, iters=60, check=False
Workload: B=37, q_tokens=592, history_tokens=484229, q_seqlens=[16, 16, 16, 16, 16, 16, 16, 16, 16, 16, 16, 16, 16, 16, 16, 16, 16, 16, 16, 16, 16, 16, 16, 16, 16, 16, 16, 16, 16, 16, 16, 16, 16, 16, 16, 16, 16], history_seqlens=[54098, 19229, 6485, 4247, 109081, 5196, 2349, 10552, 58987, 1448, 1291, 1891, 18531, 1270, 8429, 17214, 16347, 3070, 15468, 3402, 2851, 18985, 1090, 1124, 4609, 1074, 3174, 12059, 9749, 1918, 10288, 1480, 1186, 24357, 15471, 15158, 1071]
Agg TFLOPS uses useful attention work across all TP ranks and p50(max_across_ranks); Avg/GPU divides it by world_size.
KV GB/s/GPU is average logical BF16 K+V bytes read per TP rank divided by p50(max_across_ranks); it is not hardware-counter HBM traffic.

Running B=37, q_tokens=592, history_tokens=484229, causal=True

B=37, q_tokens=592, history_tokens=484229, QH=32, KVH=4, D=128, TP=8, DCP=2, mode=causal
Method                   Time ms                                                                                                                                     Agg TFLOPS    Avg/GPU  KV GB/s/GPU      Check  Note
dcp_mega_varlen          t0=0.108, t1=0.107, t2=0.109, t3=0.108, t4=0.109, t5=0.107, t6=0.108, t7=0.107 | p50(max_across_ranks)=0.110, p90(max_across_ranks)=0.112       1152.9      144.1       1127.9       skip  eager; output=bf16_ipc_a2a; runner_preallocated; timing=mega_kernel_only
Wrote benchmark JSON to /home/hychen/min_fa3_demo/benchmark_logs/experiment_suite/20260812-231044-dcp-cp-suite/01_dcp_wave/results/arrival_4/dcp_2/critical_wave_fifo/comm_sm_12/case_000067_dcp2_hkv4_eager.json

================================================================================
Mega comm_sm=12, case 69/100: case_000068_dcp2_hkv4: B=33, Sq=[16, 16, 16, 16, 16, 16, 16, 16, 16, 16, 16, 16, 16, 16, 16, 16, 16, 16, 16, 16, 16, 16, 16, 16, 16, 16, 16, 16, 16, 16, 16, 16, 16], Sk=[54276, 1450, 8616, 3245, 15625, 3581, 3028, 1258, 1317, 4788, 1253, 2072, 1660, 1373, 24544, 15658, 15351, 1270, 6438, 15136, 1024, 18346, 1004, 1837, 12459, 1663, 18623, 2659, 944, 10990, 6679, 17710, 31632], DCP=2, Hkv=4
================================================================================
Config: world_size=8, methods=['dcp_mega_varlen'], QH=32, KVH=4, D=128, TP=8, DCP=2, workload=chunk, execution=eager, baseline_phase_timing=False, warmup=40, iters=60, check=False
Workload: B=33, q_tokens=528, history_tokens=307509, q_seqlens=[16, 16, 16, 16, 16, 16, 16, 16, 16, 16, 16, 16, 16, 16, 16, 16, 16, 16, 16, 16, 16, 16, 16, 16, 16, 16, 16, 16, 16, 16, 16, 16, 16], history_seqlens=[54276, 1450, 8616, 3245, 15625, 3581, 3028, 1258, 1317, 4788, 1253, 2072, 1660, 1373, 24544, 15658, 15351, 1270, 6438, 15136, 1024, 18346, 1004, 1837, 12459, 1663, 18623, 2659, 944, 10990, 6679, 17710, 31632]
Agg TFLOPS uses useful attention work across all TP ranks and p50(max_across_ranks); Avg/GPU divides it by world_size.
KV GB/s/GPU is average logical BF16 K+V bytes read per TP rank divided by p50(max_across_ranks); it is not hardware-counter HBM traffic.

Running B=33, q_tokens=528, history_tokens=307509, causal=True

B=33, q_tokens=528, history_tokens=307509, QH=32, KVH=4, D=128, TP=8, DCP=2, mode=causal
Method                   Time ms                                                                                                                                     Agg TFLOPS    Avg/GPU  KV GB/s/GPU      Check  Note
dcp_mega_varlen          t0=0.087, t1=0.086, t2=0.088, t3=0.087, t4=0.087, t5=0.086, t6=0.089, t7=0.085 | p50(max_across_ranks)=0.090, p90(max_across_ranks)=0.093        896.5      112.1        877.7       skip  eager; output=bf16_ipc_a2a; runner_preallocated; timing=mega_kernel_only
Wrote benchmark JSON to /home/hychen/min_fa3_demo/benchmark_logs/experiment_suite/20260812-231044-dcp-cp-suite/01_dcp_wave/results/arrival_4/dcp_2/critical_wave_fifo/comm_sm_12/case_000068_dcp2_hkv4_eager.json

================================================================================
Mega comm_sm=12, case 70/100: case_000069_dcp2_hkv4: B=34, Sq=[16, 16, 16, 16, 16, 16, 16, 16, 16, 16, 16, 16, 16, 16, 16, 16, 16, 16, 16, 16, 16, 16, 16, 16, 16, 16, 16, 16, 16, 16, 16, 16, 16, 1432], Sk=[54465, 1440, 2274, 1862, 1555, 24736, 15851, 15543, 6634, 15336, 1216, 18522, 12655, 1865, 18822, 2854, 1140, 11177, 6868, 17910, 6118, 31945, 12081, 9695, 11316, 6693, 1231, 34211, 18712, 1577, 3010, 4674, 913, 9216], DCP=2, Hkv=4
================================================================================
Config: world_size=8, methods=['dcp_mega_varlen'], QH=32, KVH=4, D=128, TP=8, DCP=2, workload=chunk, execution=eager, baseline_phase_timing=False, warmup=40, iters=60, check=False
Workload: B=34, q_tokens=1960, history_tokens=384117, q_seqlens=[16, 16, 16, 16, 16, 16, 16, 16, 16, 16, 16, 16, 16, 16, 16, 16, 16, 16, 16, 16, 16, 16, 16, 16, 16, 16, 16, 16, 16, 16, 16, 16, 16, 1432], history_seqlens=[54465, 1440, 2274, 1862, 1555, 24736, 15851, 15543, 6634, 15336, 1216, 18522, 12655, 1865, 18822, 2854, 1140, 11177, 6868, 17910, 6118, 31945, 12081, 9695, 11316, 6693, 1231, 34211, 18712, 1577, 3010, 4674, 913, 9216]
Agg TFLOPS uses useful attention work across all TP ranks and p50(max_across_ranks); Avg/GPU divides it by world_size.
KV GB/s/GPU is average logical BF16 K+V bytes read per TP rank divided by p50(max_across_ranks); it is not hardware-counter HBM traffic.

Running B=34, q_tokens=1960, history_tokens=384117, causal=True

B=34, q_tokens=1960, history_tokens=384117, QH=32, KVH=4, D=128, TP=8, DCP=2, mode=causal
Method                   Time ms                                                                                                                                     Agg TFLOPS    Avg/GPU  KV GB/s/GPU      Check  Note
dcp_mega_varlen          t0=0.151, t1=0.149, t2=0.152, t3=0.151, t4=0.152, t5=0.149, t6=0.153, t7=0.148 | p50(max_across_ranks)=0.154, p90(max_across_ranks)=0.165       2155.2      269.4        646.1       skip  eager; output=bf16_ipc_a2a; runner_preallocated; timing=mega_kernel_only
Wrote benchmark JSON to /home/hychen/min_fa3_demo/benchmark_logs/experiment_suite/20260812-231044-dcp-cp-suite/01_dcp_wave/results/arrival_4/dcp_2/critical_wave_fifo/comm_sm_12/case_000069_dcp2_hkv4_eager.json

================================================================================
Mega comm_sm=12, case 71/100: case_000070_dcp2_hkv4: B=34, Sq=[16, 16, 16, 16, 16, 16, 16, 16, 16, 16, 16, 16, 16, 16, 16, 16, 16, 16, 16, 16, 16, 16, 16, 16, 16, 16, 16, 16, 16, 16, 16, 16, 16, 4096], Sk=[6908, 1509, 18820, 12938, 7167, 18184, 32234, 6984, 19029, 3314, 4948, 1221, 2577, 2066, 1220, 1510, 16494, 51245, 10769, 2895, 17270, 5692, 10967, 1354, 2008, 4769, 9320, 2006, 2778, 984, 1397, 1419, 4192, 512], DCP=2, Hkv=4
================================================================================
Config: world_size=8, methods=['dcp_mega_varlen'], QH=32, KVH=4, D=128, TP=8, DCP=2, workload=chunk, execution=eager, baseline_phase_timing=False, warmup=40, iters=60, check=False
Workload: B=34, q_tokens=4624, history_tokens=286700, q_seqlens=[16, 16, 16, 16, 16, 16, 16, 16, 16, 16, 16, 16, 16, 16, 16, 16, 16, 16, 16, 16, 16, 16, 16, 16, 16, 16, 16, 16, 16, 16, 16, 16, 16, 4096], history_seqlens=[6908, 1509, 18820, 12938, 7167, 18184, 32234, 6984, 19029, 3314, 4948, 1221, 2577, 2066, 1220, 1510, 16494, 51245, 10769, 2895, 17270, 5692, 10967, 1354, 2008, 4769, 9320, 2006, 2778, 984, 1397, 1419, 4192, 512]
Agg TFLOPS uses useful attention work across all TP ranks and p50(max_across_ranks); Avg/GPU divides it by world_size.
KV GB/s/GPU is average logical BF16 K+V bytes read per TP rank divided by p50(max_across_ranks); it is not hardware-counter HBM traffic.

Running B=34, q_tokens=4624, history_tokens=286700, causal=True

B=34, q_tokens=4624, history_tokens=286700, QH=32, KVH=4, D=128, TP=8, DCP=2, mode=causal
Method                   Time ms                                                                                                                                     Agg TFLOPS    Avg/GPU  KV GB/s/GPU      Check  Note
dcp_mega_varlen          t0=0.196, t1=0.194, t2=0.197, t3=0.195, t4=0.196, t5=0.194, t6=0.197, t7=0.195 | p50(max_across_ranks)=0.198, p90(max_across_ranks)=0.200       1246.1      155.8        382.3       skip  eager; output=bf16_ipc_a2a; runner_preallocated; timing=mega_kernel_only
Wrote benchmark JSON to /home/hychen/min_fa3_demo/benchmark_logs/experiment_suite/20260812-231044-dcp-cp-suite/01_dcp_wave/results/arrival_4/dcp_2/critical_wave_fifo/comm_sm_12/case_000070_dcp2_hkv4_eager.json

================================================================================
Mega comm_sm=12, case 72/100: case_000071_dcp2_hkv4: B=28, Sq=[16, 16, 16, 16, 16, 16, 16, 16, 16, 16, 16, 16, 16, 16, 16, 16, 16, 16, 16, 16, 16, 16, 16, 16, 16, 16, 16, 16], Sk=[2534, 3299, 2608, 3883, 23566, 1855, 2486, 7048, 2126, 3903, 18584, 9730, 42858, 60257, 8356, 1047, 4560, 12451, 3957, 956, 15110, 30283, 64145, 28163, 5572, 4078, 15876, 3784], DCP=2, Hkv=4
================================================================================
Config: world_size=8, methods=['dcp_mega_varlen'], QH=32, KVH=4, D=128, TP=8, DCP=2, workload=chunk, execution=eager, baseline_phase_timing=False, warmup=40, iters=60, check=False
Workload: B=28, q_tokens=448, history_tokens=383075, q_seqlens=[16, 16, 16, 16, 16, 16, 16, 16, 16, 16, 16, 16, 16, 16, 16, 16, 16, 16, 16, 16, 16, 16, 16, 16, 16, 16, 16, 16], history_seqlens=[2534, 3299, 2608, 3883, 23566, 1855, 2486, 7048, 2126, 3903, 18584, 9730, 42858, 60257, 8356, 1047, 4560, 12451, 3957, 956, 15110, 30283, 64145, 28163, 5572, 4078, 15876, 3784]
Agg TFLOPS uses useful attention work across all TP ranks and p50(max_across_ranks); Avg/GPU divides it by world_size.
KV GB/s/GPU is average logical BF16 K+V bytes read per TP rank divided by p50(max_across_ranks); it is not hardware-counter HBM traffic.

Running B=28, q_tokens=448, history_tokens=383075, causal=True

B=28, q_tokens=448, history_tokens=383075, QH=32, KVH=4, D=128, TP=8, DCP=2, mode=causal
Method                   Time ms                                                                                                                                     Agg TFLOPS    Avg/GPU  KV GB/s/GPU      Check  Note
dcp_mega_varlen          t0=0.094, t1=0.093, t2=0.096, t3=0.094, t4=0.093, t5=0.095, t6=0.096, t7=0.093 | p50(max_across_ranks)=0.097, p90(max_across_ranks)=0.099       1033.9      129.2       1011.4       skip  eager; output=bf16_ipc_a2a; runner_preallocated; timing=mega_kernel_only
Wrote benchmark JSON to /home/hychen/min_fa3_demo/benchmark_logs/experiment_suite/20260812-231044-dcp-cp-suite/01_dcp_wave/results/arrival_4/dcp_2/critical_wave_fifo/comm_sm_12/case_000071_dcp2_hkv4_eager.json

================================================================================
Mega comm_sm=12, case 73/100: case_000072_dcp2_hkv4: B=36, Sq=[16, 16, 16, 16, 16, 16, 16, 16, 16, 16, 16, 16, 16, 16, 16, 16, 16, 16, 16, 16, 16, 16, 16, 16, 16, 16, 16, 16, 16, 16, 16, 16, 16, 16, 1040, 4096], Sk=[61792, 2592, 4397, 17613, 3728, 14849, 3932, 1756, 11001, 5471, 1302, 1326, 2506, 22315, 15463, 4729, 1507, 8565, 12978, 8295, 14711, 30703, 2635, 3153, 8226, 21766, 1392, 954, 24216, 9780, 4277, 5385, 6458, 9616, 2048, 512], DCP=2, Hkv=4
================================================================================
Config: world_size=8, methods=['dcp_mega_varlen'], QH=32, KVH=4, D=128, TP=8, DCP=2, workload=chunk, execution=eager, baseline_phase_timing=False, warmup=40, iters=60, check=False
Workload: B=36, q_tokens=5680, history_tokens=351949, q_seqlens=[16, 16, 16, 16, 16, 16, 16, 16, 16, 16, 16, 16, 16, 16, 16, 16, 16, 16, 16, 16, 16, 16, 16, 16, 16, 16, 16, 16, 16, 16, 16, 16, 16, 16, 1040, 4096], history_seqlens=[61792, 2592, 4397, 17613, 3728, 14849, 3932, 1756, 11001, 5471, 1302, 1326, 2506, 22315, 15463, 4729, 1507, 8565, 12978, 8295, 14711, 30703, 2635, 3153, 8226, 21766, 1392, 954, 24216, 9780, 4277, 5385, 6458, 9616, 2048, 512]
Agg TFLOPS uses useful attention work across all TP ranks and p50(max_across_ranks); Avg/GPU divides it by world_size.
KV GB/s/GPU is average logical BF16 K+V bytes read per TP rank divided by p50(max_across_ranks); it is not hardware-counter HBM traffic.

Running B=36, q_tokens=5680, history_tokens=351949, causal=True

B=36, q_tokens=5680, history_tokens=351949, QH=32, KVH=4, D=128, TP=8, DCP=2, mode=causal
Method                   Time ms                                                                                                                                     Agg TFLOPS    Avg/GPU  KV GB/s/GPU      Check  Note
dcp_mega_varlen          t0=0.225, t1=0.222, t2=0.227, t3=0.226, t4=0.225, t5=0.223, t6=0.226, t7=0.223 | p50(max_across_ranks)=0.228, p90(max_across_ranks)=0.229       1347.6      168.5        407.9       skip  eager; output=bf16_ipc_a2a; runner_preallocated; timing=mega_kernel_only
Wrote benchmark JSON to /home/hychen/min_fa3_demo/benchmark_logs/experiment_suite/20260812-231044-dcp-cp-suite/01_dcp_wave/results/arrival_4/dcp_2/critical_wave_fifo/comm_sm_12/case_000072_dcp2_hkv4_eager.json

================================================================================
Mega comm_sm=12, case 74/100: case_000073_dcp2_hkv4: B=34, Sq=[16, 16, 16, 16, 16, 16, 16, 16, 16, 16, 16, 16, 16, 16, 16, 16, 16, 16, 16, 16, 16, 16, 16, 16, 16, 16, 16, 16, 16, 16, 16, 16, 16, 4096], Sk=[61872, 4023, 1847, 11097, 1392, 2600, 22402, 15541, 1601, 8638, 13076, 14796, 30800, 3244, 8326, 21858, 1487, 1053, 24311, 9872, 4365, 5474, 9722, 3177, 9470, 1356, 1443, 7598, 8011, 1261, 29219, 3824, 26179, 16896], DCP=2, Hkv=4
================================================================================
Config: world_size=8, methods=['dcp_mega_varlen'], QH=32, KVH=4, D=128, TP=8, DCP=2, workload=chunk, execution=eager, baseline_phase_timing=False, warmup=40, iters=60, check=False
Workload: B=34, q_tokens=4624, history_tokens=387831, q_seqlens=[16, 16, 16, 16, 16, 16, 16, 16, 16, 16, 16, 16, 16, 16, 16, 16, 16, 16, 16, 16, 16, 16, 16, 16, 16, 16, 16, 16, 16, 16, 16, 16, 16, 4096], history_seqlens=[61872, 4023, 1847, 11097, 1392, 2600, 22402, 15541, 1601, 8638, 13076, 14796, 30800, 3244, 8326, 21858, 1487, 1053, 24311, 9872, 4365, 5474, 9722, 3177, 9470, 1356, 1443, 7598, 8011, 1261, 29219, 3824, 26179, 16896]
Agg TFLOPS uses useful attention work across all TP ranks and p50(max_across_ranks); Avg/GPU divides it by world_size.
KV GB/s/GPU is average logical BF16 K+V bytes read per TP rank divided by p50(max_across_ranks); it is not hardware-counter HBM traffic.

Running B=34, q_tokens=4624, history_tokens=387831, causal=True

B=34, q_tokens=4624, history_tokens=387831, QH=32, KVH=4, D=128, TP=8, DCP=2, mode=causal
Method                   Time ms                                                                                                                                     Agg TFLOPS    Avg/GPU  KV GB/s/GPU      Check  Note
dcp_mega_varlen          t0=0.390, t1=0.388, t2=0.388, t3=0.384, t4=0.389, t5=0.385, t6=0.389, t7=0.384 | p50(max_across_ranks)=0.390, p90(max_across_ranks)=0.392       3506.1      438.3        260.4       skip  eager; output=bf16_ipc_a2a; runner_preallocated; timing=mega_kernel_only
Wrote benchmark JSON to /home/hychen/min_fa3_demo/benchmark_logs/experiment_suite/20260812-231044-dcp-cp-suite/01_dcp_wave/results/arrival_4/dcp_2/critical_wave_fifo/comm_sm_12/case_000073_dcp2_hkv4_eager.json

================================================================================
Mega comm_sm=12, case 75/100: case_000074_dcp2_hkv4: B=33, Sq=[16, 16, 16, 16, 16, 16, 16, 16, 16, 16, 16, 16, 16, 16, 16, 16, 16, 16, 16, 16, 16, 16, 16, 16, 16, 16, 16, 16, 16, 16, 16, 16, 16], Sk=[62020, 22543, 8781, 13226, 3401, 8479, 22005, 1650, 1198, 10015, 4510, 9868, 3349, 1500, 1577, 7743, 8148, 1417, 3967, 26314, 5420, 7548, 7172, 1672, 30344, 1405, 1313, 2044, 1637, 4237, 5026, 1046, 924], DCP=2, Hkv=4
================================================================================
Config: world_size=8, methods=['dcp_mega_varlen'], QH=32, KVH=4, D=128, TP=8, DCP=2, workload=chunk, execution=eager, baseline_phase_timing=False, warmup=40, iters=60, check=False
Workload: B=33, q_tokens=528, history_tokens=291499, q_seqlens=[16, 16, 16, 16, 16, 16, 16, 16, 16, 16, 16, 16, 16, 16, 16, 16, 16, 16, 16, 16, 16, 16, 16, 16, 16, 16, 16, 16, 16, 16, 16, 16, 16], history_seqlens=[62020, 22543, 8781, 13226, 3401, 8479, 22005, 1650, 1198, 10015, 4510, 9868, 3349, 1500, 1577, 7743, 8148, 1417, 3967, 26314, 5420, 7548, 7172, 1672, 30344, 1405, 1313, 2044, 1637, 4237, 5026, 1046, 924]
Agg TFLOPS uses useful attention work across all TP ranks and p50(max_across_ranks); Avg/GPU divides it by world_size.
KV GB/s/GPU is average logical BF16 K+V bytes read per TP rank divided by p50(max_across_ranks); it is not hardware-counter HBM traffic.

Running B=33, q_tokens=528, history_tokens=291499, causal=True

B=33, q_tokens=528, history_tokens=291499, QH=32, KVH=4, D=128, TP=8, DCP=2, mode=causal
Method                   Time ms                                                                                                                                     Agg TFLOPS    Avg/GPU  KV GB/s/GPU      Check  Note
dcp_mega_varlen          t0=0.096, t1=0.095, t2=0.098, t3=0.096, t4=0.098, t5=0.096, t6=0.098, t7=0.095 | p50(max_across_ranks)=0.099, p90(max_across_ranks)=0.101        775.9       97.0        759.8       skip  eager; output=bf16_ipc_a2a; runner_preallocated; timing=mega_kernel_only
Wrote benchmark JSON to /home/hychen/min_fa3_demo/benchmark_logs/experiment_suite/20260812-231044-dcp-cp-suite/01_dcp_wave/results/arrival_4/dcp_2/critical_wave_fifo/comm_sm_12/case_000074_dcp2_hkv4_eager.json

================================================================================
Mega comm_sm=12, case 76/100: case_000075_dcp2_hkv4: B=34, Sq=[16, 16, 16, 16, 16, 16, 16, 16, 16, 16, 16, 16, 16, 16, 16, 16, 16, 16, 16, 16, 16, 16, 16, 16, 16, 16, 16, 16, 16, 16, 16, 16, 16, 1496], Sk=[34445, 4064, 22026, 2666, 1931, 7573, 9525, 1898, 14855, 34463, 5116, 4301, 2852, 1162, 8883, 6535, 1773, 19541, 24489, 7727, 2408, 12812, 1029, 18606, 3980, 986, 10198, 11686, 18966, 35908, 52422, 58209, 5576, 512], DCP=2, Hkv=4
================================================================================
Config: world_size=8, methods=['dcp_mega_varlen'], QH=32, KVH=4, D=128, TP=8, DCP=2, workload=chunk, execution=eager, baseline_phase_timing=False, warmup=40, iters=60, check=False
Workload: B=34, q_tokens=2024, history_tokens=449123, q_seqlens=[16, 16, 16, 16, 16, 16, 16, 16, 16, 16, 16, 16, 16, 16, 16, 16, 16, 16, 16, 16, 16, 16, 16, 16, 16, 16, 16, 16, 16, 16, 16, 16, 16, 1496], history_seqlens=[34445, 4064, 22026, 2666, 1931, 7573, 9525, 1898, 14855, 34463, 5116, 4301, 2852, 1162, 8883, 6535, 1773, 19541, 24489, 7727, 2408, 12812, 1029, 18606, 3980, 986, 10198, 11686, 18966, 35908, 52422, 58209, 5576, 512]
Agg TFLOPS uses useful attention work across all TP ranks and p50(max_across_ranks); Avg/GPU divides it by world_size.
KV GB/s/GPU is average logical BF16 K+V bytes read per TP rank divided by p50(max_across_ranks); it is not hardware-counter HBM traffic.

Running B=34, q_tokens=2024, history_tokens=449123, causal=True

B=34, q_tokens=2024, history_tokens=449123, QH=32, KVH=4, D=128, TP=8, DCP=2, mode=causal
Method                   Time ms                                                                                                                                     Agg TFLOPS    Avg/GPU  KV GB/s/GPU      Check  Note
dcp_mega_varlen          t0=0.133, t1=0.132, t2=0.134, t3=0.133, t4=0.134, t5=0.132, t6=0.136, t7=0.132 | p50(max_across_ranks)=0.137, p90(max_across_ranks)=0.141       1083.2      135.4        845.9       skip  eager; output=bf16_ipc_a2a; runner_preallocated; timing=mega_kernel_only
Wrote benchmark JSON to /home/hychen/min_fa3_demo/benchmark_logs/experiment_suite/20260812-231044-dcp-cp-suite/01_dcp_wave/results/arrival_4/dcp_2/critical_wave_fifo/comm_sm_12/case_000075_dcp2_hkv4_eager.json

================================================================================
Mega comm_sm=12, case 77/100: case_000076_dcp2_hkv4: B=39, Sq=[16, 16, 16, 16, 16, 16, 16, 16, 16, 16, 16, 16, 16, 16, 16, 16, 16, 16, 16, 16, 16, 16, 16, 16, 16, 16, 16, 16, 16, 16, 16, 16, 16, 16, 16, 16, 4096, 4024, 4096], Sk=[34731, 4371, 2970, 4598, 3144, 2675, 13103, 1265, 10520, 11980, 36195, 58508, 13290, 1557, 1417, 5446, 1132, 31483, 3575, 34239, 1772, 15095, 2736, 1129, 12538, 2857, 21104, 6032, 10057, 1060, 12202, 8054, 7551, 912, 931, 48177, 16896, 8704, 512], DCP=2, Hkv=4
================================================================================
Config: world_size=8, methods=['dcp_mega_varlen'], QH=32, KVH=4, D=128, TP=8, DCP=2, workload=chunk, execution=eager, baseline_phase_timing=False, warmup=40, iters=60, check=False
Workload: B=39, q_tokens=12792, history_tokens=454518, q_seqlens=[16, 16, 16, 16, 16, 16, 16, 16, 16, 16, 16, 16, 16, 16, 16, 16, 16, 16, 16, 16, 16, 16, 16, 16, 16, 16, 16, 16, 16, 16, 16, 16, 16, 16, 16, 16, 4096, 4024, 4096], history_seqlens=[34731, 4371, 2970, 4598, 3144, 2675, 13103, 1265, 10520, 11980, 36195, 58508, 13290, 1557, 1417, 5446, 1132, 31483, 3575, 34239, 1772, 15095, 2736, 1129, 12538, 2857, 21104, 6032, 10057, 1060, 12202, 8054, 7551, 912, 931, 48177, 16896, 8704, 512]
Agg TFLOPS uses useful attention work across all TP ranks and p50(max_across_ranks); Avg/GPU divides it by world_size.
KV GB/s/GPU is average logical BF16 K+V bytes read per TP rank divided by p50(max_across_ranks); it is not hardware-counter HBM traffic.

Running B=39, q_tokens=12792, history_tokens=454518, causal=True

B=39, q_tokens=12792, history_tokens=454518, QH=32, KVH=4, D=128, TP=8, DCP=2, mode=causal
Method                   Time ms                                                                                                                                     Agg TFLOPS    Avg/GPU  KV GB/s/GPU      Check  Note
dcp_mega_varlen          t0=0.628, t1=0.634, t2=0.628, t3=0.635, t4=0.624, t5=0.629, t6=0.626, t7=0.631 | p50(max_across_ranks)=0.636, p90(max_across_ranks)=0.637       3557.7      444.7        193.3       skip  eager; output=bf16_ipc_a2a; runner_preallocated; timing=mega_kernel_only
Wrote benchmark JSON to /home/hychen/min_fa3_demo/benchmark_logs/experiment_suite/20260812-231044-dcp-cp-suite/01_dcp_wave/results/arrival_4/dcp_2/critical_wave_fifo/comm_sm_12/case_000076_dcp2_hkv4_eager.json

================================================================================
Mega comm_sm=12, case 78/100: case_000077_dcp2_hkv4: B=40, Sq=[16, 16, 16, 16, 16, 16, 16, 16, 16, 16, 16, 16, 16, 16, 16, 16, 16, 16, 16, 16, 16, 16, 16, 16, 16, 16, 16, 16, 16, 16, 16, 16, 16, 16, 16, 16, 16, 16, 16, 16], Sk=[3632, 49135, 2059, 98597, 22532, 10257, 35595, 64723, 41156, 5996, 3461, 2044, 17323, 1250, 17934, 18752, 25772, 2079, 20301, 1286, 18147, 41353, 16114, 6656, 7580, 10976, 8354, 8048, 3083, 5247, 1548, 3177, 3860, 32051, 14703, 4612, 9760, 43139, 948, 3917], DCP=2, Hkv=4
================================================================================
Config: world_size=8, methods=['dcp_mega_varlen'], QH=32, KVH=4, D=128, TP=8, DCP=2, workload=chunk, execution=eager, baseline_phase_timing=False, warmup=40, iters=60, check=False
Workload: B=40, q_tokens=640, history_tokens=687157, q_seqlens=[16, 16, 16, 16, 16, 16, 16, 16, 16, 16, 16, 16, 16, 16, 16, 16, 16, 16, 16, 16, 16, 16, 16, 16, 16, 16, 16, 16, 16, 16, 16, 16, 16, 16, 16, 16, 16, 16, 16, 16], history_seqlens=[3632, 49135, 2059, 98597, 22532, 10257, 35595, 64723, 41156, 5996, 3461, 2044, 17323, 1250, 17934, 18752, 25772, 2079, 20301, 1286, 18147, 41353, 16114, 6656, 7580, 10976, 8354, 8048, 3083, 5247, 1548, 3177, 3860, 32051, 14703, 4612, 9760, 43139, 948, 3917]
Agg TFLOPS uses useful attention work across all TP ranks and p50(max_across_ranks); Avg/GPU divides it by world_size.
KV GB/s/GPU is average logical BF16 K+V bytes read per TP rank divided by p50(max_across_ranks); it is not hardware-counter HBM traffic.

Running B=40, q_tokens=640, history_tokens=687157, causal=True

B=40, q_tokens=640, history_tokens=687157, QH=32, KVH=4, D=128, TP=8, DCP=2, mode=causal
Method                   Time ms                                                                                                                                     Agg TFLOPS    Avg/GPU  KV GB/s/GPU      Check  Note
dcp_mega_varlen          t0=0.128, t1=0.128, t2=0.130, t3=0.129, t4=0.129, t5=0.128, t6=0.130, t7=0.128 | p50(max_across_ranks)=0.132, p90(max_across_ranks)=0.134       1366.3      170.8       1336.1       skip  eager; output=bf16_ipc_a2a; runner_preallocated; timing=mega_kernel_only
Wrote benchmark JSON to /home/hychen/min_fa3_demo/benchmark_logs/experiment_suite/20260812-231044-dcp-cp-suite/01_dcp_wave/results/arrival_4/dcp_2/critical_wave_fifo/comm_sm_12/case_000077_dcp2_hkv4_eager.json

================================================================================
Mega comm_sm=12, case 79/100: case_000078_dcp2_hkv4: B=42, Sq=[16, 16, 16, 16, 16, 16, 16, 16, 16, 16, 16, 16, 16, 16, 16, 16, 16, 16, 16, 16, 16, 16, 16, 16, 16, 16, 16, 16, 16, 16, 16, 16, 16, 16, 16, 16, 16, 16, 16, 16, 16, 4096], Sk=[50160, 9398, 35671, 2283, 9232, 4829, 53254, 4349, 1371, 1416, 12990, 25568, 22558, 7319, 4644, 27601, 3016, 7449, 10404, 5479, 1178, 7169, 13795, 2466, 2996, 1180, 7864, 15663, 51190, 7448, 1271, 1176, 8318, 5014, 15763, 39479, 1005, 6881, 3692, 7321, 6946, 12800], DCP=2, Hkv=4
================================================================================
Config: world_size=8, methods=['dcp_mega_varlen'], QH=32, KVH=4, D=128, TP=8, DCP=2, workload=chunk, execution=eager, baseline_phase_timing=False, warmup=40, iters=60, check=False
Workload: B=42, q_tokens=4752, history_tokens=519606, q_seqlens=[16, 16, 16, 16, 16, 16, 16, 16, 16, 16, 16, 16, 16, 16, 16, 16, 16, 16, 16, 16, 16, 16, 16, 16, 16, 16, 16, 16, 16, 16, 16, 16, 16, 16, 16, 16, 16, 16, 16, 16, 16, 4096], history_seqlens=[50160, 9398, 35671, 2283, 9232, 4829, 53254, 4349, 1371, 1416, 12990, 25568, 22558, 7319, 4644, 27601, 3016, 7449, 10404, 5479, 1178, 7169, 13795, 2466, 2996, 1180, 7864, 15663, 51190, 7448, 1271, 1176, 8318, 5014, 15763, 39479, 1005, 6881, 3692, 7321, 6946, 12800]
Agg TFLOPS uses useful attention work across all TP ranks and p50(max_across_ranks); Avg/GPU divides it by world_size.
KV GB/s/GPU is average logical BF16 K+V bytes read per TP rank divided by p50(max_across_ranks); it is not hardware-counter HBM traffic.

Running B=42, q_tokens=4752, history_tokens=519606, causal=True

B=42, q_tokens=4752, history_tokens=519606, QH=32, KVH=4, D=128, TP=8, DCP=2, mode=causal
Method                   Time ms                                                                                                                                     Agg TFLOPS    Avg/GPU  KV GB/s/GPU      Check  Note
dcp_mega_varlen          t0=0.312, t1=0.312, t2=0.313, t3=0.310, t4=0.313, t5=0.310, t6=0.313, t7=0.308 | p50(max_across_ranks)=0.315, p90(max_across_ranks)=0.317       3588.1      448.5        430.3       skip  eager; output=bf16_ipc_a2a; runner_preallocated; timing=mega_kernel_only
Wrote benchmark JSON to /home/hychen/min_fa3_demo/benchmark_logs/experiment_suite/20260812-231044-dcp-cp-suite/01_dcp_wave/results/arrival_4/dcp_2/critical_wave_fifo/comm_sm_12/case_000078_dcp2_hkv4_eager.json

================================================================================
Mega comm_sm=12, case 80/100: case_000079_dcp2_hkv4: B=36, Sq=[16, 16, 16, 16, 16, 16, 16, 16, 16, 16, 16, 16, 16, 16, 16, 16, 16, 16, 16, 16, 16, 16, 16, 16, 16, 16, 16, 16, 16, 16, 16, 16, 16, 16, 16, 584], Sk=[3554, 8453, 7464, 1472, 27452, 22217, 2786, 9171, 3259, 1996, 24290, 7916, 1978, 5376, 1242, 23241, 5648, 17661, 26429, 11018, 3398, 4669, 1023, 5527, 24131, 2455, 5134, 8826, 5600, 1000, 954, 1310, 5548, 15626, 6559, 23552], DCP=2, Hkv=4
================================================================================
Config: world_size=8, methods=['dcp_mega_varlen'], QH=32, KVH=4, D=128, TP=8, DCP=2, workload=chunk, execution=eager, baseline_phase_timing=False, warmup=40, iters=60, check=False
Workload: B=36, q_tokens=1144, history_tokens=327935, q_seqlens=[16, 16, 16, 16, 16, 16, 16, 16, 16, 16, 16, 16, 16, 16, 16, 16, 16, 16, 16, 16, 16, 16, 16, 16, 16, 16, 16, 16, 16, 16, 16, 16, 16, 16, 16, 584], history_seqlens=[3554, 8453, 7464, 1472, 27452, 22217, 2786, 9171, 3259, 1996, 24290, 7916, 1978, 5376, 1242, 23241, 5648, 17661, 26429, 11018, 3398, 4669, 1023, 5527, 24131, 2455, 5134, 8826, 5600, 1000, 954, 1310, 5548, 15626, 6559, 23552]
Agg TFLOPS uses useful attention work across all TP ranks and p50(max_across_ranks); Avg/GPU divides it by world_size.
KV GB/s/GPU is average logical BF16 K+V bytes read per TP rank divided by p50(max_across_ranks); it is not hardware-counter HBM traffic.

Running B=36, q_tokens=1144, history_tokens=327935, causal=True

B=36, q_tokens=1144, history_tokens=327935, QH=32, KVH=4, D=128, TP=8, DCP=2, mode=causal
Method                   Time ms                                                                                                                                     Agg TFLOPS    Avg/GPU  KV GB/s/GPU      Check  Note
dcp_mega_varlen          t0=0.133, t1=0.132, t2=0.135, t3=0.133, t4=0.135, t5=0.133, t6=0.135, t7=0.133 | p50(max_across_ranks)=0.136, p90(max_across_ranks)=0.138       2265.7      283.2        621.8       skip  eager; output=bf16_ipc_a2a; runner_preallocated; timing=mega_kernel_only
Wrote benchmark JSON to /home/hychen/min_fa3_demo/benchmark_logs/experiment_suite/20260812-231044-dcp-cp-suite/01_dcp_wave/results/arrival_4/dcp_2/critical_wave_fifo/comm_sm_12/case_000079_dcp2_hkv4_eager.json

================================================================================
Mega comm_sm=12, case 81/100: case_000080_dcp2_hkv4: B=34, Sq=[16, 16, 16, 16, 16, 16, 16, 16, 16, 16, 16, 16, 16, 16, 16, 16, 16, 16, 16, 16, 16, 16, 16, 16, 16, 16, 16, 16, 16, 16, 16, 16, 656, 4096], Sk=[7465, 7641, 2646, 11608, 1353, 4735, 31850, 3424, 3924, 7734, 4538, 5070, 12921, 8113, 113405, 18166, 11786, 1629, 8544, 21560, 58196, 4070, 26483, 3793, 2769, 5156, 1319, 3163, 3494, 3467, 1515, 4831, 6656, 512], DCP=2, Hkv=4
================================================================================
Config: world_size=8, methods=['dcp_mega_varlen'], QH=32, KVH=4, D=128, TP=8, DCP=2, workload=chunk, execution=eager, baseline_phase_timing=False, warmup=40, iters=60, check=False
Workload: B=34, q_tokens=5264, history_tokens=413536, q_seqlens=[16, 16, 16, 16, 16, 16, 16, 16, 16, 16, 16, 16, 16, 16, 16, 16, 16, 16, 16, 16, 16, 16, 16, 16, 16, 16, 16, 16, 16, 16, 16, 16, 656, 4096], history_seqlens=[7465, 7641, 2646, 11608, 1353, 4735, 31850, 3424, 3924, 7734, 4538, 5070, 12921, 8113, 113405, 18166, 11786, 1629, 8544, 21560, 58196, 4070, 26483, 3793, 2769, 5156, 1319, 3163, 3494, 3467, 1515, 4831, 6656, 512]
Agg TFLOPS uses useful attention work across all TP ranks and p50(max_across_ranks); Avg/GPU divides it by world_size.
KV GB/s/GPU is average logical BF16 K+V bytes read per TP rank divided by p50(max_across_ranks); it is not hardware-counter HBM traffic.

Running B=34, q_tokens=5264, history_tokens=413536, causal=True

B=34, q_tokens=5264, history_tokens=413536, QH=32, KVH=4, D=128, TP=8, DCP=2, mode=causal
Method                   Time ms                                                                                                                                     Agg TFLOPS    Avg/GPU  KV GB/s/GPU      Check  Note
dcp_mega_varlen          t0=0.225, t1=0.224, t2=0.223, t3=0.225, t4=0.226, t5=0.223, t6=0.225, t7=0.221 | p50(max_across_ranks)=0.228, p90(max_across_ranks)=0.229       1550.4      193.8        476.1       skip  eager; output=bf16_ipc_a2a; runner_preallocated; timing=mega_kernel_only
Wrote benchmark JSON to /home/hychen/min_fa3_demo/benchmark_logs/experiment_suite/20260812-231044-dcp-cp-suite/01_dcp_wave/results/arrival_4/dcp_2/critical_wave_fifo/comm_sm_12/case_000080_dcp2_hkv4_eager.json

================================================================================
Mega comm_sm=12, case 82/100: case_000081_dcp2_hkv4: B=35, Sq=[16, 16, 16, 16, 16, 16, 16, 16, 16, 16, 16, 16, 16, 16, 16, 16, 16, 16, 16, 16, 16, 16, 16, 16, 16, 16, 16, 16, 16, 16, 16, 16, 16, 16, 16], Sk=[16655, 4535, 1615, 5531, 59085, 4966, 20430, 29545, 1698, 7656, 6917, 14858, 1613, 2118, 17150, 1222, 10806, 56628, 12070, 30619, 17077, 18677, 15266, 42840, 22608, 10029, 5032, 5921, 17434, 4634, 17638, 17184, 8187, 4646, 3841], DCP=2, Hkv=4
================================================================================
Config: world_size=8, methods=['dcp_mega_varlen'], QH=32, KVH=4, D=128, TP=8, DCP=2, workload=chunk, execution=eager, baseline_phase_timing=False, warmup=40, iters=60, check=False
Workload: B=35, q_tokens=560, history_tokens=516731, q_seqlens=[16, 16, 16, 16, 16, 16, 16, 16, 16, 16, 16, 16, 16, 16, 16, 16, 16, 16, 16, 16, 16, 16, 16, 16, 16, 16, 16, 16, 16, 16, 16, 16, 16, 16, 16], history_seqlens=[16655, 4535, 1615, 5531, 59085, 4966, 20430, 29545, 1698, 7656, 6917, 14858, 1613, 2118, 17150, 1222, 10806, 56628, 12070, 30619, 17077, 18677, 15266, 42840, 22608, 10029, 5032, 5921, 17434, 4634, 17638, 17184, 8187, 4646, 3841]
Agg TFLOPS uses useful attention work across all TP ranks and p50(max_across_ranks); Avg/GPU divides it by world_size.
KV GB/s/GPU is average logical BF16 K+V bytes read per TP rank divided by p50(max_across_ranks); it is not hardware-counter HBM traffic.

Running B=35, q_tokens=560, history_tokens=516731, causal=True

B=35, q_tokens=560, history_tokens=516731, QH=32, KVH=4, D=128, TP=8, DCP=2, mode=causal
Method                   Time ms                                                                                                                                     Agg TFLOPS    Avg/GPU  KV GB/s/GPU      Check  Note
dcp_mega_varlen          t0=0.111, t1=0.110, t2=0.111, t3=0.110, t4=0.111, t5=0.110, t6=0.111, t7=0.111 | p50(max_across_ranks)=0.113, p90(max_across_ranks)=0.114       1204.5      150.6       1178.1       skip  eager; output=bf16_ipc_a2a; runner_preallocated; timing=mega_kernel_only
Wrote benchmark JSON to /home/hychen/min_fa3_demo/benchmark_logs/experiment_suite/20260812-231044-dcp-cp-suite/01_dcp_wave/results/arrival_4/dcp_2/critical_wave_fifo/comm_sm_12/case_000081_dcp2_hkv4_eager.json

================================================================================
Mega comm_sm=12, case 83/100: case_000082_dcp2_hkv4: B=33, Sq=[16, 16, 16, 16, 16, 16, 16, 16, 16, 16, 16, 16, 16, 16, 16, 16, 16, 16, 16, 16, 16, 16, 16, 16, 16, 16, 16, 16, 16, 16, 16, 4096, 4096], Sk=[2203, 3888, 1457, 23672, 42190, 15219, 13132, 27653, 7449, 23962, 11778, 1636, 7505, 31403, 9572, 6644, 4273, 12277, 17834, 30951, 5347, 32613, 14504, 36293, 26712, 2017, 11216, 3836, 4412, 1030, 6295, 16896, 12800], DCP=2, Hkv=4
================================================================================
Config: world_size=8, methods=['dcp_mega_varlen'], QH=32, KVH=4, D=128, TP=8, DCP=2, workload=chunk, execution=eager, baseline_phase_timing=False, warmup=40, iters=60, check=False
Workload: B=33, q_tokens=8688, history_tokens=468669, q_seqlens=[16, 16, 16, 16, 16, 16, 16, 16, 16, 16, 16, 16, 16, 16, 16, 16, 16, 16, 16, 16, 16, 16, 16, 16, 16, 16, 16, 16, 16, 16, 16, 4096, 4096], history_seqlens=[2203, 3888, 1457, 23672, 42190, 15219, 13132, 27653, 7449, 23962, 11778, 1636, 7505, 31403, 9572, 6644, 4273, 12277, 17834, 30951, 5347, 32613, 14504, 36293, 26712, 2017, 11216, 3836, 4412, 1030, 6295, 16896, 12800]
Agg TFLOPS uses useful attention work across all TP ranks and p50(max_across_ranks); Avg/GPU divides it by world_size.
KV GB/s/GPU is average logical BF16 K+V bytes read per TP rank divided by p50(max_across_ranks); it is not hardware-counter HBM traffic.

Running B=33, q_tokens=8688, history_tokens=468669, causal=True

B=33, q_tokens=8688, history_tokens=468669, QH=32, KVH=4, D=128, TP=8, DCP=2, mode=causal
Method                   Time ms                                                                                                                                     Agg TFLOPS    Avg/GPU  KV GB/s/GPU      Check  Note
dcp_mega_varlen          t0=0.557, t1=0.582, t2=0.564, t3=0.569, t4=0.559, t5=0.561, t6=0.558, t7=0.579 | p50(max_across_ranks)=0.582, p90(max_across_ranks)=0.584       4091.7      511.5        213.7       skip  eager; output=bf16_ipc_a2a; runner_preallocated; timing=mega_kernel_only
Wrote benchmark JSON to /home/hychen/min_fa3_demo/benchmark_logs/experiment_suite/20260812-231044-dcp-cp-suite/01_dcp_wave/results/arrival_4/dcp_2/critical_wave_fifo/comm_sm_12/case_000082_dcp2_hkv4_eager.json

================================================================================
Mega comm_sm=12, case 84/100: case_000083_dcp2_hkv4: B=30, Sq=[16, 16, 16, 16, 16, 16, 16, 16, 16, 16, 16, 16, 16, 16, 16, 16, 16, 16, 16, 16, 16, 16, 16, 16, 16, 16, 16, 16, 16, 16], Sk=[7855, 6987, 5694, 11584, 63862, 6664, 30860, 11630, 13901, 11002, 4658, 7629, 1794, 1150, 3242, 2571, 4142, 5969, 7510, 1055, 18509, 2628, 10586, 7211, 79062, 4784, 1348, 29687, 10426, 13009], DCP=2, Hkv=4
================================================================================
Config: world_size=8, methods=['dcp_mega_varlen'], QH=32, KVH=4, D=128, TP=8, DCP=2, workload=chunk, execution=eager, baseline_phase_timing=False, warmup=40, iters=60, check=False
Workload: B=30, q_tokens=480, history_tokens=387009, q_seqlens=[16, 16, 16, 16, 16, 16, 16, 16, 16, 16, 16, 16, 16, 16, 16, 16, 16, 16, 16, 16, 16, 16, 16, 16, 16, 16, 16, 16, 16, 16], history_seqlens=[7855, 6987, 5694, 11584, 63862, 6664, 30860, 11630, 13901, 11002, 4658, 7629, 1794, 1150, 3242, 2571, 4142, 5969, 7510, 1055, 18509, 2628, 10586, 7211, 79062, 4784, 1348, 29687, 10426, 13009]
Agg TFLOPS uses useful attention work across all TP ranks and p50(max_across_ranks); Avg/GPU divides it by world_size.
KV GB/s/GPU is average logical BF16 K+V bytes read per TP rank divided by p50(max_across_ranks); it is not hardware-counter HBM traffic.

Running B=30, q_tokens=480, history_tokens=387009, causal=True

B=30, q_tokens=480, history_tokens=387009, QH=32, KVH=4, D=128, TP=8, DCP=2, mode=causal
Method                   Time ms                                                                                                                                     Agg TFLOPS    Avg/GPU  KV GB/s/GPU      Check  Note
dcp_mega_varlen          t0=0.097, t1=0.096, t2=0.098, t3=0.096, t4=0.097, t5=0.096, t6=0.099, t7=0.095 | p50(max_across_ranks)=0.099, p90(max_across_ranks)=0.101       1023.5      127.9       1001.4       skip  eager; output=bf16_ipc_a2a; runner_preallocated; timing=mega_kernel_only
Wrote benchmark JSON to /home/hychen/min_fa3_demo/benchmark_logs/experiment_suite/20260812-231044-dcp-cp-suite/01_dcp_wave/results/arrival_4/dcp_2/critical_wave_fifo/comm_sm_12/case_000083_dcp2_hkv4_eager.json

================================================================================
Mega comm_sm=12, case 85/100: case_000084_dcp2_hkv4: B=24, Sq=[16, 16, 16, 16, 16, 16, 16, 16, 16, 16, 16, 16, 16, 16, 16, 16, 16, 16, 16, 16, 16, 16, 16, 4096], Sk=[75278, 14224, 2831, 95799, 7039, 20694, 4854, 6100, 1836, 34172, 17949, 18172, 6606, 21283, 17018, 2515, 1031, 1146, 2883, 4853, 979, 916, 1560, 5120], DCP=2, Hkv=4
================================================================================
Config: world_size=8, methods=['dcp_mega_varlen'], QH=32, KVH=4, D=128, TP=8, DCP=2, workload=chunk, execution=eager, baseline_phase_timing=False, warmup=40, iters=60, check=False
Workload: B=24, q_tokens=4464, history_tokens=364858, q_seqlens=[16, 16, 16, 16, 16, 16, 16, 16, 16, 16, 16, 16, 16, 16, 16, 16, 16, 16, 16, 16, 16, 16, 16, 4096], history_seqlens=[75278, 14224, 2831, 95799, 7039, 20694, 4854, 6100, 1836, 34172, 17949, 18172, 6606, 21283, 17018, 2515, 1031, 1146, 2883, 4853, 979, 916, 1560, 5120]
Agg TFLOPS uses useful attention work across all TP ranks and p50(max_across_ranks); Avg/GPU divides it by world_size.
KV GB/s/GPU is average logical BF16 K+V bytes read per TP rank divided by p50(max_across_ranks); it is not hardware-counter HBM traffic.

Running B=24, q_tokens=4464, history_tokens=364858, causal=True

B=24, q_tokens=4464, history_tokens=364858, QH=32, KVH=4, D=128, TP=8, DCP=2, mode=causal
Method                   Time ms                                                                                                                                     Agg TFLOPS    Avg/GPU  KV GB/s/GPU      Check  Note
dcp_mega_varlen          t0=0.218, t1=0.215, t2=0.220, t3=0.217, t4=0.219, t5=0.216, t6=0.219, t7=0.215 | p50(max_across_ranks)=0.220, p90(max_across_ranks)=0.222       2610.8      326.4        434.2       skip  eager; output=bf16_ipc_a2a; runner_preallocated; timing=mega_kernel_only
Wrote benchmark JSON to /home/hychen/min_fa3_demo/benchmark_logs/experiment_suite/20260812-231044-dcp-cp-suite/01_dcp_wave/results/arrival_4/dcp_2/critical_wave_fifo/comm_sm_12/case_000084_dcp2_hkv4_eager.json

================================================================================
Mega comm_sm=12, case 86/100: case_000085_dcp2_hkv4: B=44, Sq=[16, 16, 16, 16, 16, 16, 16, 16, 16, 16, 16, 16, 16, 16, 16, 16, 16, 16, 16, 16, 16, 16, 16, 16, 16, 16, 16, 16, 16, 16, 16, 16, 16, 16, 16, 16, 16, 16, 16, 16, 16, 16, 16, 16], Sk=[76139, 10449, 4513, 2922, 38268, 2823, 1339, 40970, 1282, 1930, 5127, 3632, 11323, 2938, 14375, 6661, 50916, 4692, 16653, 2952, 18250, 4274, 52402, 3171, 4498, 52185, 7557, 59385, 4731, 2203, 1038, 1975, 11119, 33050, 7329, 6795, 11273, 14643, 10130, 10199, 931, 6413, 1482, 10011], DCP=2, Hkv=4
================================================================================
Config: world_size=8, methods=['dcp_mega_varlen'], QH=32, KVH=4, D=128, TP=8, DCP=2, workload=chunk, execution=eager, baseline_phase_timing=False, warmup=40, iters=60, check=False
Workload: B=44, q_tokens=704, history_tokens=634948, q_seqlens=[16, 16, 16, 16, 16, 16, 16, 16, 16, 16, 16, 16, 16, 16, 16, 16, 16, 16, 16, 16, 16, 16, 16, 16, 16, 16, 16, 16, 16, 16, 16, 16, 16, 16, 16, 16, 16, 16, 16, 16, 16, 16, 16, 16], history_seqlens=[76139, 10449, 4513, 2922, 38268, 2823, 1339, 40970, 1282, 1930, 5127, 3632, 11323, 2938, 14375, 6661, 50916, 4692, 16653, 2952, 18250, 4274, 52402, 3171, 4498, 52185, 7557, 59385, 4731, 2203, 1038, 1975, 11119, 33050, 7329, 6795, 11273, 14643, 10130, 10199, 931, 6413, 1482, 10011]
Agg TFLOPS uses useful attention work across all TP ranks and p50(max_across_ranks); Avg/GPU divides it by world_size.
KV GB/s/GPU is average logical BF16 K+V bytes read per TP rank divided by p50(max_across_ranks); it is not hardware-counter HBM traffic.

Running B=44, q_tokens=704, history_tokens=634948, causal=True

B=44, q_tokens=704, history_tokens=634948, QH=32, KVH=4, D=128, TP=8, DCP=2, mode=causal
Method                   Time ms                                                                                                                                     Agg TFLOPS    Avg/GPU  KV GB/s/GPU      Check  Note
dcp_mega_varlen          t0=0.125, t1=0.122, t2=0.123, t3=0.123, t4=0.123, t5=0.121, t6=0.123, t7=0.122 | p50(max_across_ranks)=0.125, p90(max_across_ranks)=0.127       1331.1      166.4       1302.0       skip  eager; output=bf16_ipc_a2a; runner_preallocated; timing=mega_kernel_only
Wrote benchmark JSON to /home/hychen/min_fa3_demo/benchmark_logs/experiment_suite/20260812-231044-dcp-cp-suite/01_dcp_wave/results/arrival_4/dcp_2/critical_wave_fifo/comm_sm_12/case_000085_dcp2_hkv4_eager.json

================================================================================
Mega comm_sm=12, case 87/100: case_000086_dcp2_hkv4: B=35, Sq=[16, 16, 16, 16, 16, 16, 16, 16, 16, 16, 16, 16, 16, 16, 16, 16, 16, 16, 16, 16, 16, 16, 16, 16, 16, 16, 16, 16, 16, 16, 16, 16, 16, 16, 16], Sk=[76604, 2426, 5183, 1529, 7802, 1392, 1931, 5580, 5359, 13405, 12290, 15250, 36898, 8910, 27132, 2519, 16799, 19447, 34539, 5545, 28280, 1111, 37602, 1066, 1050, 6352, 4151, 974, 57550, 10207, 1164, 16675, 23992, 979, 4018], DCP=2, Hkv=4
================================================================================
Config: world_size=8, methods=['dcp_mega_varlen'], QH=32, KVH=4, D=128, TP=8, DCP=2, workload=chunk, execution=eager, baseline_phase_timing=False, warmup=40, iters=60, check=False
Workload: B=35, q_tokens=560, history_tokens=495711, q_seqlens=[16, 16, 16, 16, 16, 16, 16, 16, 16, 16, 16, 16, 16, 16, 16, 16, 16, 16, 16, 16, 16, 16, 16, 16, 16, 16, 16, 16, 16, 16, 16, 16, 16, 16, 16], history_seqlens=[76604, 2426, 5183, 1529, 7802, 1392, 1931, 5580, 5359, 13405, 12290, 15250, 36898, 8910, 27132, 2519, 16799, 19447, 34539, 5545, 28280, 1111, 37602, 1066, 1050, 6352, 4151, 974, 57550, 10207, 1164, 16675, 23992, 979, 4018]
Agg TFLOPS uses useful attention work across all TP ranks and p50(max_across_ranks); Avg/GPU divides it by world_size.
KV GB/s/GPU is average logical BF16 K+V bytes read per TP rank divided by p50(max_across_ranks); it is not hardware-counter HBM traffic.

Running B=35, q_tokens=560, history_tokens=495711, causal=True

B=35, q_tokens=560, history_tokens=495711, QH=32, KVH=4, D=128, TP=8, DCP=2, mode=causal
Method                   Time ms                                                                                                                                     Agg TFLOPS    Avg/GPU  KV GB/s/GPU      Check  Note
dcp_mega_varlen          t0=0.108, t1=0.108, t2=0.109, t3=0.108, t4=0.110, t5=0.108, t6=0.110, t7=0.107 | p50(max_across_ranks)=0.111, p90(max_across_ranks)=0.112       1175.7      147.0       1150.1       skip  eager; output=bf16_ipc_a2a; runner_preallocated; timing=mega_kernel_only
Wrote benchmark JSON to /home/hychen/min_fa3_demo/benchmark_logs/experiment_suite/20260812-231044-dcp-cp-suite/01_dcp_wave/results/arrival_4/dcp_2/critical_wave_fifo/comm_sm_12/case_000086_dcp2_hkv4_eager.json

================================================================================
Mega comm_sm=12, case 88/100: case_000087_dcp2_hkv4: B=35, Sq=[16, 16, 16, 16, 16, 16, 16, 16, 16, 16, 16, 16, 16, 16, 16, 16, 16, 16, 16, 16, 16, 16, 16, 16, 16, 16, 16, 16, 16, 16, 16, 16, 16, 16, 16], Sk=[8641, 35396, 63599, 1338, 20715, 36536, 5615, 46843, 4789, 3217, 10121, 34161, 18584, 15785, 1065, 1342, 4109, 2803, 4382, 4582, 3914, 4967, 8256, 2211, 11910, 13694, 10493, 1112, 2519, 12249, 52220, 1319, 2393, 1048, 969], DCP=2, Hkv=4
================================================================================
Config: world_size=8, methods=['dcp_mega_varlen'], QH=32, KVH=4, D=128, TP=8, DCP=2, workload=chunk, execution=eager, baseline_phase_timing=False, warmup=40, iters=60, check=False
Workload: B=35, q_tokens=560, history_tokens=452897, q_seqlens=[16, 16, 16, 16, 16, 16, 16, 16, 16, 16, 16, 16, 16, 16, 16, 16, 16, 16, 16, 16, 16, 16, 16, 16, 16, 16, 16, 16, 16, 16, 16, 16, 16, 16, 16], history_seqlens=[8641, 35396, 63599, 1338, 20715, 36536, 5615, 46843, 4789, 3217, 10121, 34161, 18584, 15785, 1065, 1342, 4109, 2803, 4382, 4582, 3914, 4967, 8256, 2211, 11910, 13694, 10493, 1112, 2519, 12249, 52220, 1319, 2393, 1048, 969]
Agg TFLOPS uses useful attention work across all TP ranks and p50(max_across_ranks); Avg/GPU divides it by world_size.
KV GB/s/GPU is average logical BF16 K+V bytes read per TP rank divided by p50(max_across_ranks); it is not hardware-counter HBM traffic.

Running B=35, q_tokens=560, history_tokens=452897, causal=True

B=35, q_tokens=560, history_tokens=452897, QH=32, KVH=4, D=128, TP=8, DCP=2, mode=causal
Method                   Time ms                                                                                                                                     Agg TFLOPS    Avg/GPU  KV GB/s/GPU      Check  Note
dcp_mega_varlen          t0=0.106, t1=0.105, t2=0.108, t3=0.105, t4=0.107, t5=0.105, t6=0.108, t7=0.104 | p50(max_across_ranks)=0.109, p90(max_across_ranks)=0.116       1092.4      136.6       1068.7       skip  eager; output=bf16_ipc_a2a; runner_preallocated; timing=mega_kernel_only
Wrote benchmark JSON to /home/hychen/min_fa3_demo/benchmark_logs/experiment_suite/20260812-231044-dcp-cp-suite/01_dcp_wave/results/arrival_4/dcp_2/critical_wave_fifo/comm_sm_12/case_000087_dcp2_hkv4_eager.json

================================================================================
Mega comm_sm=12, case 89/100: case_000088_dcp2_hkv4: B=38, Sq=[16, 16, 16, 16, 16, 16, 16, 16, 16, 16, 16, 16, 16, 16, 16, 16, 16, 16, 16, 16, 16, 16, 16, 16, 16, 16, 16, 16, 16, 16, 16, 16, 16, 16, 16, 16, 16, 16], Sk=[53165, 9403, 13670, 1419, 1818, 1458, 16702, 19289, 7005, 4334, 3023, 5715, 38042, 110802, 31263, 7985, 20163, 3190, 5632, 1611, 16078, 17115, 2478, 4622, 10237, 10792, 1009, 981, 6748, 6818, 1647, 9638, 27818, 10069, 1886, 12743, 4379, 3533], DCP=2, Hkv=4
================================================================================
Config: world_size=8, methods=['dcp_mega_varlen'], QH=32, KVH=4, D=128, TP=8, DCP=2, workload=chunk, execution=eager, baseline_phase_timing=False, warmup=40, iters=60, check=False
Workload: B=38, q_tokens=608, history_tokens=504280, q_seqlens=[16, 16, 16, 16, 16, 16, 16, 16, 16, 16, 16, 16, 16, 16, 16, 16, 16, 16, 16, 16, 16, 16, 16, 16, 16, 16, 16, 16, 16, 16, 16, 16, 16, 16, 16, 16, 16, 16], history_seqlens=[53165, 9403, 13670, 1419, 1818, 1458, 16702, 19289, 7005, 4334, 3023, 5715, 38042, 110802, 31263, 7985, 20163, 3190, 5632, 1611, 16078, 17115, 2478, 4622, 10237, 10792, 1009, 981, 6748, 6818, 1647, 9638, 27818, 10069, 1886, 12743, 4379, 3533]
Agg TFLOPS uses useful attention work across all TP ranks and p50(max_across_ranks); Avg/GPU divides it by world_size.
KV GB/s/GPU is average logical BF16 K+V bytes read per TP rank divided by p50(max_across_ranks); it is not hardware-counter HBM traffic.

Running B=38, q_tokens=608, history_tokens=504280, causal=True

B=38, q_tokens=608, history_tokens=504280, QH=32, KVH=4, D=128, TP=8, DCP=2, mode=causal
Method                   Time ms                                                                                                                                     Agg TFLOPS    Avg/GPU  KV GB/s/GPU      Check  Note
dcp_mega_varlen          t0=0.110, t1=0.109, t2=0.111, t3=0.110, t4=0.111, t5=0.108, t6=0.111, t7=0.109 | p50(max_across_ranks)=0.112, p90(max_across_ranks)=0.114       1179.0      147.4       1153.4       skip  eager; output=bf16_ipc_a2a; runner_preallocated; timing=mega_kernel_only
Wrote benchmark JSON to /home/hychen/min_fa3_demo/benchmark_logs/experiment_suite/20260812-231044-dcp-cp-suite/01_dcp_wave/results/arrival_4/dcp_2/critical_wave_fifo/comm_sm_12/case_000088_dcp2_hkv4_eager.json

================================================================================
Mega comm_sm=12, case 90/100: case_000089_dcp2_hkv4: B=40, Sq=[16, 16, 16, 16, 16, 16, 16, 16, 16, 16, 16, 16, 16, 16, 16, 16, 16, 16, 16, 16, 16, 16, 16, 16, 16, 16, 16, 16, 16, 16, 16, 16, 16, 16, 16, 16, 16, 16, 16, 4096], Sk=[53243, 1888, 1528, 16769, 19366, 7075, 4406, 3095, 5781, 38126, 110870, 31328, 8052, 20246, 3264, 5695, 16149, 17184, 2550, 4696, 10302, 10860, 1080, 1054, 6817, 6884, 1718, 9704, 27889, 10149, 1949, 12819, 4456, 3608, 30624, 9972, 10502, 21952, 9383, 25088], DCP=2, Hkv=4
================================================================================
Config: world_size=8, methods=['dcp_mega_varlen'], QH=32, KVH=4, D=128, TP=8, DCP=2, workload=chunk, execution=eager, baseline_phase_timing=False, warmup=40, iters=60, check=False
Workload: B=40, q_tokens=4720, history_tokens=588121, q_seqlens=[16, 16, 16, 16, 16, 16, 16, 16, 16, 16, 16, 16, 16, 16, 16, 16, 16, 16, 16, 16, 16, 16, 16, 16, 16, 16, 16, 16, 16, 16, 16, 16, 16, 16, 16, 16, 16, 16, 16, 4096], history_seqlens=[53243, 1888, 1528, 16769, 19366, 7075, 4406, 3095, 5781, 38126, 110870, 31328, 8052, 20246, 3264, 5695, 16149, 17184, 2550, 4696, 10302, 10860, 1080, 1054, 6817, 6884, 1718, 9704, 27889, 10149, 1949, 12819, 4456, 3608, 30624, 9972, 10502, 21952, 9383, 25088]
Agg TFLOPS uses useful attention work across all TP ranks and p50(max_across_ranks); Avg/GPU divides it by world_size.
KV GB/s/GPU is average logical BF16 K+V bytes read per TP rank divided by p50(max_across_ranks); it is not hardware-counter HBM traffic.

Running B=40, q_tokens=4720, history_tokens=588121, causal=True

B=40, q_tokens=4720, history_tokens=588121, QH=32, KVH=4, D=128, TP=8, DCP=2, mode=causal
Method                   Time ms                                                                                                                                     Agg TFLOPS    Avg/GPU  KV GB/s/GPU      Check  Note
dcp_mega_varlen          t0=0.504, t1=0.501, t2=0.505, t3=0.498, t4=0.502, t5=0.501, t6=0.510, t7=0.497 | p50(max_across_ranks)=0.510, p90(max_across_ranks)=0.513       3860.1      482.5        299.9       skip  eager; output=bf16_ipc_a2a; runner_preallocated; timing=mega_kernel_only
Wrote benchmark JSON to /home/hychen/min_fa3_demo/benchmark_logs/experiment_suite/20260812-231044-dcp-cp-suite/01_dcp_wave/results/arrival_4/dcp_2/critical_wave_fifo/comm_sm_12/case_000089_dcp2_hkv4_eager.json

================================================================================
Mega comm_sm=12, case 91/100: case_000090_dcp2_hkv4: B=42, Sq=[16, 16, 16, 16, 16, 16, 16, 16, 16, 16, 16, 16, 16, 16, 16, 16, 16, 16, 16, 16, 16, 16, 16, 16, 16, 16, 16, 16, 16, 16, 16, 16, 16, 16, 16, 16, 16, 16, 16, 16, 16, 4096], Sk=[53598, 1489, 7178, 7267, 10517, 13217, 4845, 10869, 29670, 9753, 1229, 28956, 2746, 63593, 1191, 1731, 17450, 13854, 12150, 7683, 1094, 7960, 12507, 57427, 2379, 2592, 17518, 50205, 1589, 16670, 29536, 2238, 15921, 9957, 5415, 16366, 9924, 13470, 8440, 934, 2773, 16896], DCP=2, Hkv=4
================================================================================
Config: world_size=8, methods=['dcp_mega_varlen'], QH=32, KVH=4, D=128, TP=8, DCP=2, workload=chunk, execution=eager, baseline_phase_timing=False, warmup=40, iters=60, check=False
Workload: B=42, q_tokens=4752, history_tokens=600797, q_seqlens=[16, 16, 16, 16, 16, 16, 16, 16, 16, 16, 16, 16, 16, 16, 16, 16, 16, 16, 16, 16, 16, 16, 16, 16, 16, 16, 16, 16, 16, 16, 16, 16, 16, 16, 16, 16, 16, 16, 16, 16, 16, 4096], history_seqlens=[53598, 1489, 7178, 7267, 10517, 13217, 4845, 10869, 29670, 9753, 1229, 28956, 2746, 63593, 1191, 1731, 17450, 13854, 12150, 7683, 1094, 7960, 12507, 57427, 2379, 2592, 17518, 50205, 1589, 16670, 29536, 2238, 15921, 9957, 5415, 16366, 9924, 13470, 8440, 934, 2773, 16896]
Agg TFLOPS uses useful attention work across all TP ranks and p50(max_across_ranks); Avg/GPU divides it by world_size.
KV GB/s/GPU is average logical BF16 K+V bytes read per TP rank divided by p50(max_across_ranks); it is not hardware-counter HBM traffic.

Running B=42, q_tokens=4752, history_tokens=600797, causal=True

B=42, q_tokens=4752, history_tokens=600797, QH=32, KVH=4, D=128, TP=8, DCP=2, mode=causal
Method                   Time ms                                                                                                                                     Agg TFLOPS    Avg/GPU  KV GB/s/GPU      Check  Note
dcp_mega_varlen          t0=0.379, t1=0.373, t2=0.382, t3=0.378, t4=0.374, t5=0.374, t6=0.380, t7=0.372 | p50(max_across_ranks)=0.382, p90(max_across_ranks)=0.385       3729.7      466.2        409.1       skip  eager; output=bf16_ipc_a2a; runner_preallocated; timing=mega_kernel_only
Wrote benchmark JSON to /home/hychen/min_fa3_demo/benchmark_logs/experiment_suite/20260812-231044-dcp-cp-suite/01_dcp_wave/results/arrival_4/dcp_2/critical_wave_fifo/comm_sm_12/case_000090_dcp2_hkv4_eager.json

================================================================================
Mega comm_sm=12, case 92/100: case_000091_dcp2_hkv4: B=43, Sq=[16, 16, 16, 16, 16, 16, 16, 16, 16, 16, 16, 16, 16, 16, 16, 16, 16, 16, 16, 16, 16, 16, 16, 16, 16, 16, 16, 16, 16, 16, 16, 16, 16, 16, 16, 16, 16, 16, 16, 16, 16, 16, 16], Sk=[53692, 7364, 29756, 9843, 1329, 29054, 2835, 17547, 13967, 12244, 7777, 1189, 8066, 12600, 57518, 2687, 17606, 50295, 1690, 16754, 29643, 2325, 16011, 10060, 5523, 16473, 10012, 13565, 8523, 1030, 26569, 2863, 17840, 10547, 15369, 2262, 11874, 1082, 18391, 3573, 25499, 32184, 19236], DCP=2, Hkv=4
================================================================================
Config: world_size=8, methods=['dcp_mega_varlen'], QH=32, KVH=4, D=128, TP=8, DCP=2, workload=chunk, execution=eager, baseline_phase_timing=False, warmup=40, iters=60, check=False
Workload: B=43, q_tokens=688, history_tokens=654267, q_seqlens=[16, 16, 16, 16, 16, 16, 16, 16, 16, 16, 16, 16, 16, 16, 16, 16, 16, 16, 16, 16, 16, 16, 16, 16, 16, 16, 16, 16, 16, 16, 16, 16, 16, 16, 16, 16, 16, 16, 16, 16, 16, 16, 16], history_seqlens=[53692, 7364, 29756, 9843, 1329, 29054, 2835, 17547, 13967, 12244, 7777, 1189, 8066, 12600, 57518, 2687, 17606, 50295, 1690, 16754, 29643, 2325, 16011, 10060, 5523, 16473, 10012, 13565, 8523, 1030, 26569, 2863, 17840, 10547, 15369, 2262, 11874, 1082, 18391, 3573, 25499, 32184, 19236]
Agg TFLOPS uses useful attention work across all TP ranks and p50(max_across_ranks); Avg/GPU divides it by world_size.
KV GB/s/GPU is average logical BF16 K+V bytes read per TP rank divided by p50(max_across_ranks); it is not hardware-counter HBM traffic.

Running B=43, q_tokens=688, history_tokens=654267, causal=True

B=43, q_tokens=688, history_tokens=654267, QH=32, KVH=4, D=128, TP=8, DCP=2, mode=causal
Method                   Time ms                                                                                                                                     Agg TFLOPS    Avg/GPU  KV GB/s/GPU      Check  Note
dcp_mega_varlen          t0=0.126, t1=0.124, t2=0.126, t3=0.125, t4=0.127, t5=0.124, t6=0.127, t7=0.123 | p50(max_across_ranks)=0.128, p90(max_across_ranks)=0.130       1344.6      168.1       1315.1       skip  eager; output=bf16_ipc_a2a; runner_preallocated; timing=mega_kernel_only
Wrote benchmark JSON to /home/hychen/min_fa3_demo/benchmark_logs/experiment_suite/20260812-231044-dcp-cp-suite/01_dcp_wave/results/arrival_4/dcp_2/critical_wave_fifo/comm_sm_12/case_000091_dcp2_hkv4_eager.json

================================================================================
Mega comm_sm=12, case 93/100: case_000092_dcp2_hkv4: B=31, Sq=[16, 16, 16, 16, 16, 16, 16, 16, 16, 16, 16, 16, 16, 16, 16, 16, 16, 16, 16, 16, 16, 16, 16, 16, 16, 16, 16, 16, 16, 16, 16], Sk=[53940, 14202, 12484, 2924, 1948, 16987, 29898, 16254, 5766, 8787, 26797, 18085, 15619, 2511, 12101, 18637, 3828, 25740, 1124, 1106, 13160, 4163, 9467, 17399, 4841, 14957, 15411, 975, 1295, 10671, 919], DCP=2, Hkv=4
================================================================================
Config: world_size=8, methods=['dcp_mega_varlen'], QH=32, KVH=4, D=128, TP=8, DCP=2, workload=chunk, execution=eager, baseline_phase_timing=False, warmup=40, iters=60, check=False
Workload: B=31, q_tokens=496, history_tokens=381996, q_seqlens=[16, 16, 16, 16, 16, 16, 16, 16, 16, 16, 16, 16, 16, 16, 16, 16, 16, 16, 16, 16, 16, 16, 16, 16, 16, 16, 16, 16, 16, 16, 16], history_seqlens=[53940, 14202, 12484, 2924, 1948, 16987, 29898, 16254, 5766, 8787, 26797, 18085, 15619, 2511, 12101, 18637, 3828, 25740, 1124, 1106, 13160, 4163, 9467, 17399, 4841, 14957, 15411, 975, 1295, 10671, 919]
Agg TFLOPS uses useful attention work across all TP ranks and p50(max_across_ranks); Avg/GPU divides it by world_size.
KV GB/s/GPU is average logical BF16 K+V bytes read per TP rank divided by p50(max_across_ranks); it is not hardware-counter HBM traffic.

Running B=31, q_tokens=496, history_tokens=381996, causal=True

B=31, q_tokens=496, history_tokens=381996, QH=32, KVH=4, D=128, TP=8, DCP=2, mode=causal
Method                   Time ms                                                                                                                                     Agg TFLOPS    Avg/GPU  KV GB/s/GPU      Check  Note
dcp_mega_varlen          t0=0.096, t1=0.095, t2=0.096, t3=0.095, t4=0.096, t5=0.095, t6=0.097, t7=0.094 | p50(max_across_ranks)=0.098, p90(max_across_ranks)=0.099       1022.2      127.8       1000.1       skip  eager; output=bf16_ipc_a2a; runner_preallocated; timing=mega_kernel_only
Wrote benchmark JSON to /home/hychen/min_fa3_demo/benchmark_logs/experiment_suite/20260812-231044-dcp-cp-suite/01_dcp_wave/results/arrival_4/dcp_2/critical_wave_fifo/comm_sm_12/case_000092_dcp2_hkv4_eager.json

================================================================================
Mega comm_sm=12, case 94/100: case_000093_dcp2_hkv4: B=31, Sq=[16, 16, 16, 16, 16, 16, 16, 16, 16, 16, 16, 16, 16, 16, 16, 16, 16, 16, 16, 16, 16, 16, 16, 16, 16, 16, 16, 16, 16, 16, 16], Sk=[53975, 12513, 2957, 1983, 17018, 8821, 26826, 18112, 15651, 2540, 12138, 18674, 3862, 25771, 1159, 1142, 13198, 4193, 9507, 17421, 4868, 14994, 15445, 1015, 1320, 10711, 953, 10357, 5320, 14097, 12786], DCP=2, Hkv=4
================================================================================
Config: world_size=8, methods=['dcp_mega_varlen'], QH=32, KVH=4, D=128, TP=8, DCP=2, workload=chunk, execution=eager, baseline_phase_timing=False, warmup=40, iters=60, check=False
Workload: B=31, q_tokens=496, history_tokens=359327, q_seqlens=[16, 16, 16, 16, 16, 16, 16, 16, 16, 16, 16, 16, 16, 16, 16, 16, 16, 16, 16, 16, 16, 16, 16, 16, 16, 16, 16, 16, 16, 16, 16], history_seqlens=[53975, 12513, 2957, 1983, 17018, 8821, 26826, 18112, 15651, 2540, 12138, 18674, 3862, 25771, 1159, 1142, 13198, 4193, 9507, 17421, 4868, 14994, 15445, 1015, 1320, 10711, 953, 10357, 5320, 14097, 12786]
Agg TFLOPS uses useful attention work across all TP ranks and p50(max_across_ranks); Avg/GPU divides it by world_size.
KV GB/s/GPU is average logical BF16 K+V bytes read per TP rank divided by p50(max_across_ranks); it is not hardware-counter HBM traffic.

Running B=31, q_tokens=496, history_tokens=359327, causal=True

B=31, q_tokens=496, history_tokens=359327, QH=32, KVH=4, D=128, TP=8, DCP=2, mode=causal
Method                   Time ms                                                                                                                                     Agg TFLOPS    Avg/GPU  KV GB/s/GPU      Check  Note
dcp_mega_varlen          t0=0.092, t1=0.092, t2=0.092, t3=0.091, t4=0.093, t5=0.092, t6=0.092, t7=0.092 | p50(max_across_ranks)=0.095, p90(max_across_ranks)=0.098        997.0      124.6        975.6       skip  eager; output=bf16_ipc_a2a; runner_preallocated; timing=mega_kernel_only
Wrote benchmark JSON to /home/hychen/min_fa3_demo/benchmark_logs/experiment_suite/20260812-231044-dcp-cp-suite/01_dcp_wave/results/arrival_4/dcp_2/critical_wave_fifo/comm_sm_12/case_000093_dcp2_hkv4_eager.json

================================================================================
Mega comm_sm=12, case 95/100: case_000094_dcp2_hkv4: B=22, Sq=[16, 16, 16, 16, 16, 16, 16, 16, 16, 16, 16, 16, 16, 16, 16, 16, 16, 16, 16, 16, 16, 16], Sk=[15918, 1395, 13436, 9765, 17657, 15248, 1255, 10573, 14342, 13042, 4478, 4979, 27948, 47019, 4729, 4380, 5068, 8957, 2104, 923, 19508, 12277], DCP=2, Hkv=4
================================================================================
Config: world_size=8, methods=['dcp_mega_varlen'], QH=32, KVH=4, D=128, TP=8, DCP=2, workload=chunk, execution=eager, baseline_phase_timing=False, warmup=40, iters=60, check=False
Workload: B=22, q_tokens=352, history_tokens=255001, q_seqlens=[16, 16, 16, 16, 16, 16, 16, 16, 16, 16, 16, 16, 16, 16, 16, 16, 16, 16, 16, 16, 16, 16], history_seqlens=[15918, 1395, 13436, 9765, 17657, 15248, 1255, 10573, 14342, 13042, 4478, 4979, 27948, 47019, 4729, 4380, 5068, 8957, 2104, 923, 19508, 12277]
Agg TFLOPS uses useful attention work across all TP ranks and p50(max_across_ranks); Avg/GPU divides it by world_size.
KV GB/s/GPU is average logical BF16 K+V bytes read per TP rank divided by p50(max_across_ranks); it is not hardware-counter HBM traffic.

Running B=22, q_tokens=352, history_tokens=255001, causal=True

B=22, q_tokens=352, history_tokens=255001, QH=32, KVH=4, D=128, TP=8, DCP=2, mode=causal
Method                   Time ms                                                                                                                                     Agg TFLOPS    Avg/GPU  KV GB/s/GPU      Check  Note
dcp_mega_varlen          t0=0.080, t1=0.080, t2=0.081, t3=0.079, t4=0.080, t5=0.080, t6=0.082, t7=0.080 | p50(max_across_ranks)=0.082, p90(max_across_ranks)=0.084        810.9      101.4        793.5       skip  eager; output=bf16_ipc_a2a; runner_preallocated; timing=mega_kernel_only
Wrote benchmark JSON to /home/hychen/min_fa3_demo/benchmark_logs/experiment_suite/20260812-231044-dcp-cp-suite/01_dcp_wave/results/arrival_4/dcp_2/critical_wave_fifo/comm_sm_12/case_000094_dcp2_hkv4_eager.json

================================================================================
Mega comm_sm=12, case 96/100: case_000095_dcp2_hkv4: B=35, Sq=[16, 16, 16, 16, 16, 16, 16, 16, 16, 16, 16, 16, 16, 16, 16, 16, 16, 16, 16, 16, 16, 16, 16, 16, 16, 16, 16, 16, 16, 16, 16, 16, 16, 16, 16], Sk=[3693, 28604, 7655, 2129, 18566, 1975, 10208, 14065, 6314, 10889, 2002, 15607, 30241, 4470, 12347, 11032, 18539, 2035, 20393, 2984, 11492, 28469, 6832, 14842, 2358, 2006, 10166, 1024, 1587, 16977, 4769, 1275, 1654, 1031, 14945], DCP=2, Hkv=4
================================================================================
Config: world_size=8, methods=['dcp_mega_varlen'], QH=32, KVH=4, D=128, TP=8, DCP=2, workload=chunk, execution=eager, baseline_phase_timing=False, warmup=40, iters=60, check=False
Workload: B=35, q_tokens=560, history_tokens=343175, q_seqlens=[16, 16, 16, 16, 16, 16, 16, 16, 16, 16, 16, 16, 16, 16, 16, 16, 16, 16, 16, 16, 16, 16, 16, 16, 16, 16, 16, 16, 16, 16, 16, 16, 16, 16, 16], history_seqlens=[3693, 28604, 7655, 2129, 18566, 1975, 10208, 14065, 6314, 10889, 2002, 15607, 30241, 4470, 12347, 11032, 18539, 2035, 20393, 2984, 11492, 28469, 6832, 14842, 2358, 2006, 10166, 1024, 1587, 16977, 4769, 1275, 1654, 1031, 14945]
Agg TFLOPS uses useful attention work across all TP ranks and p50(max_across_ranks); Avg/GPU divides it by world_size.
KV GB/s/GPU is average logical BF16 K+V bytes read per TP rank divided by p50(max_across_ranks); it is not hardware-counter HBM traffic.

Running B=35, q_tokens=560, history_tokens=343175, causal=True

B=35, q_tokens=560, history_tokens=343175, QH=32, KVH=4, D=128, TP=8, DCP=2, mode=causal
Method                   Time ms                                                                                                                                     Agg TFLOPS    Avg/GPU  KV GB/s/GPU      Check  Note
dcp_mega_varlen          t0=0.094, t1=0.092, t2=0.094, t3=0.093, t4=0.094, t5=0.093, t6=0.094, t7=0.091 | p50(max_across_ranks)=0.095, p90(max_across_ranks)=0.097        944.0      118.0        924.1       skip  eager; output=bf16_ipc_a2a; runner_preallocated; timing=mega_kernel_only
Wrote benchmark JSON to /home/hychen/min_fa3_demo/benchmark_logs/experiment_suite/20260812-231044-dcp-cp-suite/01_dcp_wave/results/arrival_4/dcp_2/critical_wave_fifo/comm_sm_12/case_000095_dcp2_hkv4_eager.json

================================================================================
Mega comm_sm=12, case 97/100: case_000096_dcp2_hkv4: B=23, Sq=[16, 16, 16, 16, 16, 16, 16, 16, 16, 16, 16, 16, 16, 16, 16, 16, 16, 16, 16, 16, 16, 16, 16], Sk=[1881, 1627, 22657, 1400, 5260, 11703, 6360, 5365, 2002, 38777, 5955, 7115, 5104, 1215, 15050, 1389, 1024, 16199, 5003, 930, 4555, 11066, 2136], DCP=2, Hkv=4
================================================================================
Config: world_size=8, methods=['dcp_mega_varlen'], QH=32, KVH=4, D=128, TP=8, DCP=2, workload=chunk, execution=eager, baseline_phase_timing=False, warmup=40, iters=60, check=False
Workload: B=23, q_tokens=368, history_tokens=173773, q_seqlens=[16, 16, 16, 16, 16, 16, 16, 16, 16, 16, 16, 16, 16, 16, 16, 16, 16, 16, 16, 16, 16, 16, 16], history_seqlens=[1881, 1627, 22657, 1400, 5260, 11703, 6360, 5365, 2002, 38777, 5955, 7115, 5104, 1215, 15050, 1389, 1024, 16199, 5003, 930, 4555, 11066, 2136]
Agg TFLOPS uses useful attention work across all TP ranks and p50(max_across_ranks); Avg/GPU divides it by world_size.
KV GB/s/GPU is average logical BF16 K+V bytes read per TP rank divided by p50(max_across_ranks); it is not hardware-counter HBM traffic.

Running B=23, q_tokens=368, history_tokens=173773, causal=True

B=23, q_tokens=368, history_tokens=173773, QH=32, KVH=4, D=128, TP=8, DCP=2, mode=causal
Method                   Time ms                                                                                                                                     Agg TFLOPS    Avg/GPU  KV GB/s/GPU      Check  Note
dcp_mega_varlen          t0=0.070, t1=0.070, t2=0.071, t3=0.070, t4=0.071, t5=0.070, t6=0.072, t7=0.069 | p50(max_across_ranks)=0.073, p90(max_across_ranks)=0.077        627.3       78.4        614.5       skip  eager; output=bf16_ipc_a2a; runner_preallocated; timing=mega_kernel_only
Wrote benchmark JSON to /home/hychen/min_fa3_demo/benchmark_logs/experiment_suite/20260812-231044-dcp-cp-suite/01_dcp_wave/results/arrival_4/dcp_2/critical_wave_fifo/comm_sm_12/case_000096_dcp2_hkv4_eager.json

================================================================================
Mega comm_sm=12, case 98/100: case_000097_dcp2_hkv4: B=30, Sq=[16, 16, 16, 16, 16, 16, 16, 16, 16, 16, 16, 16, 16, 16, 16, 16, 16, 16, 16, 16, 16, 16, 16, 16, 16, 16, 16, 16, 16, 64], Sk=[7597, 8006, 38032, 1381, 3253, 5490, 12170, 1189, 1874, 4710, 1281, 25795, 21201, 1336, 19790, 6739, 1341, 4006, 9712, 1026, 8172, 23556, 1446, 8614, 3355, 30456, 974, 6318, 78964, 1024], DCP=2, Hkv=4
================================================================================
Config: world_size=8, methods=['dcp_mega_varlen'], QH=32, KVH=4, D=128, TP=8, DCP=2, workload=chunk, execution=eager, baseline_phase_timing=False, warmup=40, iters=60, check=False
Workload: B=30, q_tokens=528, history_tokens=338808, q_seqlens=[16, 16, 16, 16, 16, 16, 16, 16, 16, 16, 16, 16, 16, 16, 16, 16, 16, 16, 16, 16, 16, 16, 16, 16, 16, 16, 16, 16, 16, 64], history_seqlens=[7597, 8006, 38032, 1381, 3253, 5490, 12170, 1189, 1874, 4710, 1281, 25795, 21201, 1336, 19790, 6739, 1341, 4006, 9712, 1026, 8172, 23556, 1446, 8614, 3355, 30456, 974, 6318, 78964, 1024]
Agg TFLOPS uses useful attention work across all TP ranks and p50(max_across_ranks); Avg/GPU divides it by world_size.
KV GB/s/GPU is average logical BF16 K+V bytes read per TP rank divided by p50(max_across_ranks); it is not hardware-counter HBM traffic.

Running B=30, q_tokens=528, history_tokens=338808, causal=True

B=30, q_tokens=528, history_tokens=338808, QH=32, KVH=4, D=128, TP=8, DCP=2, mode=causal
Method                   Time ms                                                                                                                                     Agg TFLOPS    Avg/GPU  KV GB/s/GPU      Check  Note
dcp_mega_varlen          t0=0.104, t1=0.103, t2=0.104, t3=0.102, t4=0.106, t5=0.103, t6=0.105, t7=0.102 | p50(max_across_ranks)=0.106, p90(max_across_ranks)=0.109        844.6      105.6        819.1       skip  eager; output=bf16_ipc_a2a; runner_preallocated; timing=mega_kernel_only
Wrote benchmark JSON to /home/hychen/min_fa3_demo/benchmark_logs/experiment_suite/20260812-231044-dcp-cp-suite/01_dcp_wave/results/arrival_4/dcp_2/critical_wave_fifo/comm_sm_12/case_000097_dcp2_hkv4_eager.json

================================================================================
Mega comm_sm=12, case 99/100: case_000098_dcp2_hkv4: B=45, Sq=[16, 16, 16, 16, 16, 16, 16, 16, 16, 16, 16, 16, 16, 16, 16, 16, 16, 16, 16, 16, 16, 16, 16, 16, 16, 16, 16, 16, 16, 16, 16, 16, 16, 16, 16, 16, 16, 16, 16, 16, 16, 16, 16, 4096, 4096], Sk=[7851, 12436, 1549, 21470, 20047, 7008, 4277, 9979, 23825, 1711, 8876, 3633, 30693, 1262, 6576, 79248, 3743, 8697, 30361, 19432, 4629, 37348, 3263, 8078, 2321, 6891, 6707, 2708, 3919, 72109, 4841, 3048, 6269, 2011, 972, 1786, 8589, 11815, 3783, 10149, 27474, 17249, 15104, 45568, 4608], DCP=2, Hkv=4
================================================================================
Config: world_size=8, methods=['dcp_mega_varlen'], QH=32, KVH=4, D=128, TP=8, DCP=2, workload=chunk, execution=eager, baseline_phase_timing=False, warmup=40, iters=60, check=False
Workload: B=45, q_tokens=8880, history_tokens=613913, q_seqlens=[16, 16, 16, 16, 16, 16, 16, 16, 16, 16, 16, 16, 16, 16, 16, 16, 16, 16, 16, 16, 16, 16, 16, 16, 16, 16, 16, 16, 16, 16, 16, 16, 16, 16, 16, 16, 16, 16, 16, 16, 16, 16, 16, 4096, 4096], history_seqlens=[7851, 12436, 1549, 21470, 20047, 7008, 4277, 9979, 23825, 1711, 8876, 3633, 30693, 1262, 6576, 79248, 3743, 8697, 30361, 19432, 4629, 37348, 3263, 8078, 2321, 6891, 6707, 2708, 3919, 72109, 4841, 3048, 6269, 2011, 972, 1786, 8589, 11815, 3783, 10149, 27474, 17249, 15104, 45568, 4608]
Agg TFLOPS uses useful attention work across all TP ranks and p50(max_across_ranks); Avg/GPU divides it by world_size.
KV GB/s/GPU is average logical BF16 K+V bytes read per TP rank divided by p50(max_across_ranks); it is not hardware-counter HBM traffic.

Running B=45, q_tokens=8880, history_tokens=613913, causal=True

B=45, q_tokens=8880, history_tokens=613913, QH=32, KVH=4, D=128, TP=8, DCP=2, mode=causal
Method                   Time ms                                                                                                                                     Agg TFLOPS    Avg/GPU  KV GB/s/GPU      Check  Note
dcp_mega_varlen          t0=0.864, t1=0.853, t2=0.869, t3=0.857, t4=0.849, t5=0.844, t6=0.871, t7=0.876 | p50(max_across_ranks)=0.876, p90(max_across_ranks)=0.881       4328.4      541.0        184.7       skip  eager; output=bf16_ipc_a2a; runner_preallocated; timing=mega_kernel_only
Wrote benchmark JSON to /home/hychen/min_fa3_demo/benchmark_logs/experiment_suite/20260812-231044-dcp-cp-suite/01_dcp_wave/results/arrival_4/dcp_2/critical_wave_fifo/comm_sm_12/case_000098_dcp2_hkv4_eager.json

================================================================================
Mega comm_sm=12, case 100/100: case_000099_dcp2_hkv4: B=7, Sq=[16, 16, 16, 16, 16, 16, 16], Sk=[2157, 118976, 37778, 4367, 12001, 9926, 21144], DCP=2, Hkv=4
================================================================================
Config: world_size=8, methods=['dcp_mega_varlen'], QH=32, KVH=4, D=128, TP=8, DCP=2, workload=chunk, execution=eager, baseline_phase_timing=False, warmup=40, iters=60, check=False
Workload: B=7, q_tokens=112, history_tokens=206349, q_seqlens=[16, 16, 16, 16, 16, 16, 16], history_seqlens=[2157, 118976, 37778, 4367, 12001, 9926, 21144]
Agg TFLOPS uses useful attention work across all TP ranks and p50(max_across_ranks); Avg/GPU divides it by world_size.
KV GB/s/GPU is average logical BF16 K+V bytes read per TP rank divided by p50(max_across_ranks); it is not hardware-counter HBM traffic.

Running B=7, q_tokens=112, history_tokens=206349, causal=True

B=7, q_tokens=112, history_tokens=206349, QH=32, KVH=4, D=128, TP=8, DCP=2, mode=causal
Method                   Time ms                                                                                                                                     Agg TFLOPS    Avg/GPU  KV GB/s/GPU      Check  Note
dcp_mega_varlen          t0=0.090, t1=0.087, t2=0.089, t3=0.088, t4=0.090, t5=0.088, t6=0.090, t7=0.088 | p50(max_across_ranks)=0.091, p90(max_across_ranks)=0.096        594.1       74.3        580.7       skip  eager; output=bf16_ipc_a2a; runner_preallocated; timing=mega_kernel_only
Wrote benchmark JSON to /home/hychen/min_fa3_demo/benchmark_logs/experiment_suite/20260812-231044-dcp-cp-suite/01_dcp_wave/results/arrival_4/dcp_2/critical_wave_fifo/comm_sm_12/case_000099_dcp2_hkv4_eager.json

Mega comm_sm=12 summary

Mega DCP batch summary
Case                   DCP Method                       p50 ms     p90 ms   Agg TFLOPS
case_000000_dcp2_hkv4    2 dcp_mega_varlen               0.252      0.258       1038.8
case_000001_dcp2_hkv4    2 dcp_mega_varlen               0.378      0.380       3671.8
case_000002_dcp2_hkv4    2 dcp_mega_varlen               0.130      0.134       1413.1
case_000003_dcp2_hkv4    2 dcp_mega_varlen               0.280      0.282       3440.1
case_000004_dcp2_hkv4    2 dcp_mega_varlen               0.358      0.361       3859.6
case_000005_dcp2_hkv4    2 dcp_mega_varlen               0.112      0.113       1176.0
case_000006_dcp2_hkv4    2 dcp_mega_varlen               0.120      0.122       1762.6
case_000007_dcp2_hkv4    2 dcp_mega_varlen               0.088      0.090        895.3
case_000008_dcp2_hkv4    2 dcp_mega_varlen               0.097      0.100        965.7
case_000009_dcp2_hkv4    2 dcp_mega_varlen               0.116      0.121       1223.1
case_000010_dcp2_hkv4    2 dcp_mega_varlen               0.255      0.257       2308.7
case_000011_dcp2_hkv4    2 dcp_mega_varlen               0.098      0.102       1036.0
case_000012_dcp2_hkv4    2 dcp_mega_varlen               0.186      0.187       1468.5
case_000013_dcp2_hkv4    2 dcp_mega_varlen               0.103      0.110       1058.6
case_000014_dcp2_hkv4    2 dcp_mega_varlen               0.114      0.123       1219.2
case_000015_dcp2_hkv4    2 dcp_mega_varlen               0.124      0.128       1317.2
case_000016_dcp2_hkv4    2 dcp_mega_varlen               0.279      0.284        945.1
case_000017_dcp2_hkv4    2 dcp_mega_varlen               0.096      0.098        978.8
case_000018_dcp2_hkv4    2 dcp_mega_varlen               0.108      0.111       1008.9
case_000019_dcp2_hkv4    2 dcp_mega_varlen               0.717      0.722       3750.4
case_000020_dcp2_hkv4    2 dcp_mega_varlen               0.226      0.228       1372.7
case_000021_dcp2_hkv4    2 dcp_mega_varlen               0.099      0.106       1048.3
case_000022_dcp2_hkv4    2 dcp_mega_varlen               0.099      0.101        986.8
case_000023_dcp2_hkv4    2 dcp_mega_varlen               0.130      0.143       1334.0
case_000024_dcp2_hkv4    2 dcp_mega_varlen               0.143      0.148       1422.0
case_000025_dcp2_hkv4    2 dcp_mega_varlen               0.186      0.187       1442.4
case_000026_dcp2_hkv4    2 dcp_mega_varlen               0.108      0.113       1100.9
case_000027_dcp2_hkv4    2 dcp_mega_varlen               0.103      0.114        999.0
case_000028_dcp2_hkv4    2 dcp_mega_varlen               0.192      0.197       1457.8
case_000029_dcp2_hkv4    2 dcp_mega_varlen               0.244      0.248       3446.7
case_000030_dcp2_hkv4    2 dcp_mega_varlen               0.186      0.188        796.1
case_000031_dcp2_hkv4    2 dcp_mega_varlen               1.296      1.302       4362.6
case_000032_dcp2_hkv4    2 dcp_mega_varlen               0.102      0.105       1117.9
case_000033_dcp2_hkv4    2 dcp_mega_varlen               0.084      0.086        811.6
case_000034_dcp2_hkv4    2 dcp_mega_varlen               0.698      0.702       3944.3
case_000035_dcp2_hkv4    2 dcp_mega_varlen               0.135      0.147        853.2
case_000036_dcp2_hkv4    2 dcp_mega_varlen               0.128      0.129       1336.5
case_000037_dcp2_hkv4    2 dcp_mega_varlen               0.194      0.195       3038.2
case_000038_dcp2_hkv4    2 dcp_mega_varlen               0.087      0.089        900.1
case_000039_dcp2_hkv4    2 dcp_mega_varlen               0.296      0.298       3572.8
case_000040_dcp2_hkv4    2 dcp_mega_varlen               0.097      0.099        954.4
case_000041_dcp2_hkv4    2 dcp_mega_varlen               0.103      0.106       1072.4
case_000042_dcp2_hkv4    2 dcp_mega_varlen               1.377      1.382       4453.7
case_000043_dcp2_hkv4    2 dcp_mega_varlen               0.131      0.133       1373.1
case_000044_dcp2_hkv4    2 dcp_mega_varlen               0.189      0.200       1075.9
case_000045_dcp2_hkv4    2 dcp_mega_varlen               0.083      0.091        667.4
case_000046_dcp2_hkv4    2 dcp_mega_varlen               0.298      0.300       3383.6
case_000047_dcp2_hkv4    2 dcp_mega_varlen               0.118      0.121       1207.7
case_000048_dcp2_hkv4    2 dcp_mega_varlen               0.229      0.236       1500.9
case_000049_dcp2_hkv4    2 dcp_mega_varlen               0.126      0.127       1303.8
case_000050_dcp2_hkv4    2 dcp_mega_varlen               0.095      0.097        964.9
case_000051_dcp2_hkv4    2 dcp_mega_varlen               0.224      0.226       2869.7
case_000052_dcp2_hkv4    2 dcp_mega_varlen               0.100      0.102       1021.6
case_000053_dcp2_hkv4    2 dcp_mega_varlen               0.098      0.102        478.7
case_000054_dcp2_hkv4    2 dcp_mega_varlen               0.085      0.087        606.1
case_000055_dcp2_hkv4    2 dcp_mega_varlen               0.098      0.100        791.9
case_000056_dcp2_hkv4    2 dcp_mega_varlen               0.110      0.113       1159.2
case_000057_dcp2_hkv4    2 dcp_mega_varlen               0.948      0.950       4059.7
case_000058_dcp2_hkv4    2 dcp_mega_varlen               0.087      0.089        877.5
case_000059_dcp2_hkv4    2 dcp_mega_varlen               0.097      0.099       1007.0
case_000060_dcp2_hkv4    2 dcp_mega_varlen               0.104      0.110       1053.2
case_000061_dcp2_hkv4    2 dcp_mega_varlen               0.722      0.725       4257.4
case_000062_dcp2_hkv4    2 dcp_mega_varlen               0.236      0.240       2565.1
case_000063_dcp2_hkv4    2 dcp_mega_varlen               0.129      0.135       1759.6
case_000064_dcp2_hkv4    2 dcp_mega_varlen               0.100      0.103       1034.2
case_000065_dcp2_hkv4    2 dcp_mega_varlen               0.091      0.094        848.9
case_000066_dcp2_hkv4    2 dcp_mega_varlen               0.129      0.130       1365.0
case_000067_dcp2_hkv4    2 dcp_mega_varlen               0.110      0.112       1152.9
case_000068_dcp2_hkv4    2 dcp_mega_varlen               0.090      0.093        896.5
case_000069_dcp2_hkv4    2 dcp_mega_varlen               0.154      0.165       2155.2
case_000070_dcp2_hkv4    2 dcp_mega_varlen               0.198      0.200       1246.1
case_000071_dcp2_hkv4    2 dcp_mega_varlen               0.097      0.099       1033.9
case_000072_dcp2_hkv4    2 dcp_mega_varlen               0.228      0.229       1347.6
case_000073_dcp2_hkv4    2 dcp_mega_varlen               0.390      0.392       3506.1
case_000074_dcp2_hkv4    2 dcp_mega_varlen               0.099      0.101        775.9
case_000075_dcp2_hkv4    2 dcp_mega_varlen               0.137      0.141       1083.2
case_000076_dcp2_hkv4    2 dcp_mega_varlen               0.636      0.637       3557.7
case_000077_dcp2_hkv4    2 dcp_mega_varlen               0.132      0.134       1366.3
case_000078_dcp2_hkv4    2 dcp_mega_varlen               0.315      0.317       3588.1
case_000079_dcp2_hkv4    2 dcp_mega_varlen               0.136      0.138       2265.7
case_000080_dcp2_hkv4    2 dcp_mega_varlen               0.228      0.229       1550.4
case_000081_dcp2_hkv4    2 dcp_mega_varlen               0.113      0.114       1204.5
case_000082_dcp2_hkv4    2 dcp_mega_varlen               0.582      0.584       4091.7
case_000083_dcp2_hkv4    2 dcp_mega_varlen               0.099      0.101       1023.5
case_000084_dcp2_hkv4    2 dcp_mega_varlen               0.220      0.222       2610.8
case_000085_dcp2_hkv4    2 dcp_mega_varlen               0.125      0.127       1331.1
case_000086_dcp2_hkv4    2 dcp_mega_varlen               0.111      0.112       1175.7
case_000087_dcp2_hkv4    2 dcp_mega_varlen               0.109      0.116       1092.4
case_000088_dcp2_hkv4    2 dcp_mega_varlen               0.112      0.114       1179.0
case_000089_dcp2_hkv4    2 dcp_mega_varlen               0.510      0.513       3860.1
case_000090_dcp2_hkv4    2 dcp_mega_varlen               0.382      0.385       3729.7
case_000091_dcp2_hkv4    2 dcp_mega_varlen               0.128      0.130       1344.6
case_000092_dcp2_hkv4    2 dcp_mega_varlen               0.098      0.099       1022.2
case_000093_dcp2_hkv4    2 dcp_mega_varlen               0.095      0.098        997.0
case_000094_dcp2_hkv4    2 dcp_mega_varlen               0.082      0.084        810.9
case_000095_dcp2_hkv4    2 dcp_mega_varlen               0.095      0.097        944.0
case_000096_dcp2_hkv4    2 dcp_mega_varlen               0.073      0.077        627.3
case_000097_dcp2_hkv4    2 dcp_mega_varlen               0.106      0.109        844.6
case_000098_dcp2_hkv4    2 dcp_mega_varlen               0.876      0.881       4328.4
case_000099_dcp2_hkv4    2 dcp_mega_varlen               0.091      0.096        594.1

Mega DCP workload-weighted summary
Topology        DCP Method                     Cases    Mean ms  Mean TFLOPS     Weighted  Weighted/GPU
dcp2_hkv4         2 dcp_mega_varlen              100      0.219       1719.3       2704.5         338.1
Wrote batch manifest to /home/hychen/min_fa3_demo/benchmark_logs/experiment_suite/20260812-231044-dcp-cp-suite/01_dcp_wave/results/arrival_4/dcp_2/critical_wave_fifo/manifest.json
