arrival_time_scale,dcp_size,strategy,mega_num_comm_sm,case_id,batch_size,decode_requests,chunk_requests,p50_ms,p90_ms,effective_tflops,effective_kv_bandwidth_gbps_per_gpu,split_policy,history_order_policy,scheduler_policy,effective_block_n,effective_num_splits,history_sequence_splits
"1",2,"fa3_native_fifo",12,"case_000000",7,7,0,0.05961599946022034,0.0686495989561081,489.67097813195176,478.90070213534716,"fa3_native","fifo","fifo",128,109,"35;19;5;19;20;10;4"
"1",2,"fa3_native_fifo",12,"case_000001",5,5,0,0.06259199976921082,0.06560960039496422,85.00456473060669,83.49284284364208,"fa3_native","fifo","fifo",128,38,"9;10;14;38;4"
"1",2,"fa3_native_fifo",12,"case_000002",6,6,0,0.07916799932718277,0.08091519773006439,432.8316415119314,423.1430917125349,"fa3_native","fifo","fifo",128,109,"23;9;7;60;4;1"
"1",2,"fa3_native_fifo",12,"case_000003",5,5,0,0.06176000088453293,0.06291520223021507,350.22921778190937,342.5077671152947,"fa3_native","fifo","fifo",128,106,"42;8;12;32;16"
"1",2,"fa3_native_fifo",12,"case_000004",4,4,0,0.06870400160551071,0.07067200168967247,197.78318680800209,193.49789953040653,"fa3_native","fifo","fifo",128,100,"4;9;31;59"
"1",2,"fa3_native_fifo",12,"case_000005",4,4,0,0.05750399827957153,0.05901120156049729,234.26294301322753,229.19088053538042,"fa3_native","fifo","fifo",128,66,"32;39;20;11"
"1",2,"fa3_native_fifo",12,"case_000006",14,14,0,0.07163200154900551,0.07248320057988167,785.6341916329059,768.3966775986893,"fa3_native","fifo","fifo",128,109,"1;1;6;3;26;8;3;3;3;1;18;15;8;14"
"1",2,"fa3_native_fifo",12,"case_000007",7,7,0,0.05190400034189224,0.05393600054085255,342.54125545021196,335.324288789982,"fa3_native","fifo","fifo",128,65,"12;4;26;9;2;25;15"
"1",2,"fa3_native_fifo",12,"case_000008",9,9,0,0.06353599950671196,0.06594560146331788,598.0077528171441,584.8441244097301,"fa3_native","fifo","fifo",128,109,"2;26;9;9;11;16;26;11;7"
"1",2,"fa3_native_fifo",12,"case_000009",5,5,0,0.06270400062203407,0.06451199948787689,281.45654836891487,275.339624724569,"fa3_native","fifo","fifo",128,109,"28;9;47;5;2"
"1",2,"fa3_native_fifo",12,"case_000010",6,6,0,0.06558400020003319,0.07076800018548966,182.7021843659048,178.97048005916022,"fa3_native","fifo","fifo",128,93,"3;11;11;55;2;11"
"1",2,"fa3_native_fifo",12,"case_000011",9,9,0,0.0575999990105629,0.06482239812612534,525.7284356974865,514.3466755019737,"fa3_native","fifo","fifo",128,87,"2;6;17;16;26;7;22;6;16"
"1",2,"fa3_native_fifo",12,"case_000012",6,6,0,0.0679520033299923,0.07411520183086395,330.6427603449811,323.42451911641814,"fa3_native","fifo","fifo",128,109,"3;52;6;37;10;7"
"1",2,"fa3_native_fifo",12,"case_000013",9,9,0,0.07995199784636497,0.08449280261993408,573.628544569073,560.8613318977713,"fa3_native","fifo","fifo",128,109,"2;18;1;5;1;32;5;4;49"
"1",2,"fa3_native_fifo",12,"case_000014",9,8,1,1.9567840099334717,2.007168102264404,3891.1412358254456,25.90608250203531,"fa3_native","fifo","fifo",128,1,"1;1;1;1;1;1;1;1;1"
"1",2,"fa3_native_fifo",12,"case_000015",6,6,0,0.06539199873805046,0.06694720312952995,453.59668112943666,443.51750305384,"fa3_native","fifo","fifo",128,109,"15;5;28;40;16;10"
"1",2,"fa3_native_fifo",12,"case_000016",10,10,0,0.06620799750089645,0.06814399659633637,481.0117687605458,470.6467069869933,"fa3_native","fifo","fifo",128,109,"29;8;41;2;12;14;1;12;2;2"
"1",2,"fa3_native_fifo",12,"case_000017",4,4,0,0.08612800016999245,0.096486397087574,311.13164196440147,304.11889221045516,"fa3_native","fifo","fifo",128,109,"12;84;2;4"
"1",2,"fa3_native_fifo",12,"case_000018",14,14,0,0.0534719992429018,0.05910399928689003,417.23802864845453,409.03411710201584,"fa3_native","fifo","fifo",128,43,"7;3;9;17;13;9;2;3;17;5;6;14;6;8"
"1",2,"fa3_native_fifo",12,"case_000019",11,11,0,0.07531199976801872,0.07760640159249306,522.5354322447743,511.1671993650576,"fa3_native","fifo","fifo",128,109,"5;13;4;10;2;9;24;3;6;44;1"
"1",2,"fa3_native_fifo",12,"case_000020",8,7,1,0.2226720005273819,0.22895360589027405,883.8618784843503,119.74534713322048,"fa3_native","fifo","fifo",128,1,"1;1;1;1;1;1;1;1"
"1",2,"fa3_native_fifo",12,"case_000021",12,12,0,0.05830400064587593,0.06223680041730404,565.5177632194307,553.5016404107199,"fa3_native","fifo","fifo",128,101,"8;8;10;10;24;6;7;7;6;2;11;6"
"1",2,"fa3_native_fifo",12,"case_000022",9,9,0,0.05483200028538704,0.05584320053458214,406.58088612429026,398.0390991830464,"fa3_native","fifo","fifo",128,71,"16;7;9;6;17;6;18;8;28"
"1",2,"fa3_native_fifo",12,"case_000023",9,9,0,0.05518399924039841,0.05886400081217289,406.6381546260327,398.0887268481594,"fa3_native","fifo","fifo",128,71,"16;7;9;6;17;6;18;8;28"
"1",2,"fa3_native_fifo",12,"case_000024",5,5,0,0.04740799963474274,0.04907520078122616,91.36720421389924,89.8602774388736,"fa3_native","fifo","fifo",128,24,"24;5;5;24;4"
"1",2,"fa3_native_fifo",12,"case_000025",10,10,0,0.0759199969470501,0.07915199771523476,578.5399532962789,565.7728362391481,"fa3_native","fifo","fifo",128,109,"5;1;2;14;45;7;11;21;4;3"
"1",2,"fa3_native_fifo",12,"case_000026",6,6,0,0.05939200147986412,0.0688704013824463,285.96964804693863,279.8749930263847,"fa3_native","fifo","fifo",128,96,"2;7;4;38;14;23"
"1",2,"fa3_native_fifo",12,"case_000027",11,11,0,0.07414399832487106,0.07674240246415139,546.9176610401057,534.9918118280679,"fa3_native","fifo","fifo",128,109,"3;18;4;37;3;3;13;10;8;3;5"
"1",2,"fa3_native_fifo",12,"case_000028",6,6,0,0.06496000289916992,0.06658879965543747,426.690187853335,417.2453015753536,"fa3_native","fifo","fifo",128,109,"47;30;3;13;2;11"
"1",2,"fa3_native_fifo",12,"case_000029",13,13,0,0.08569599688053131,0.08885119780898094,509.0037287600494,497.9865752596799,"fa3_native","fifo","fifo",128,109,"4;1;4;4;5;7;2;1;1;10;5;62;8"
"1",2,"fa3_native_fifo",12,"case_000030",10,10,0,0.09009600058197975,0.09240000247955323,261.15182214543296,255.698808506354,"fa3_native","fifo","fifo",128,109,"4;3;11;52;11;22;7;6;5;2"
"1",2,"fa3_native_fifo",12,"case_000031",6,6,0,0.05353600159287453,0.054284799844026566,250.88182875778404,245.67602377220786,"fa3_native","fifo","fifo",128,52,"3;15;31;3;27;25"
"1",2,"fa3_native_fifo",12,"case_000032",6,5,1,1.492031991481781,1.54121595621109,3804.2805052262247,19.96619923036266,"fa3_native","fifo","fifo",128,1,"1;1;1;1;1;1"
"1",2,"fa3_native_fifo",12,"case_000033",6,6,0,0.0652959980070591,0.06897920295596123,293.02509887254513,286.7101288194735,"fa3_native","fifo","fifo",128,109,"51;2;22;3;4;16"
"1",2,"fa3_native_fifo",12,"case_000034",4,4,0,0.06531199812889099,0.06660799980163574,262.6376949323824,256.85057080774465,"fa3_native","fifo","fifo",128,109,"9;22;52;5"
"1",2,"fa3_native_fifo",12,"case_000035",6,6,0,0.05470399931073189,0.06478400081396103,251.89861212389735,246.6545804696391,"fa3_native","fifo","fifo",128,54,"32;20;3;22;2;25"
"1",2,"fa3_native_fifo",12,"case_000036",9,9,0,0.08321600034832954,0.08436800166964531,599.9564981616206,586.5456618401367,"fa3_native","fifo","fifo",128,109,"1;6;9;1;15;14;4;52;7"
"1",2,"fa3_native_fifo",12,"case_000037",19,18,1,0.14563199877738953,0.1522207960486412,2443.1816685004633,616.291809173017,"fa3_native","fifo","fifo",128,4,"4;1;3;1;2;2;1;1;1;1;1;2;2;2;4;1;3;3;3"
"1",2,"fa3_native_fifo",12,"case_000038",9,9,0,0.048448000103235245,0.051420800015330316,366.52706923219716,359.05416039739424,"fa3_native","fifo","fifo",128,49,"5;16;19;14;8;10;3;13;5"
"1",2,"fa3_native_fifo",12,"case_000039",7,7,0,0.04904000088572502,0.05081599950790405,362.0382838363302,354.4117391127377,"fa3_native","fifo","fifo",128,52,"5;16;19;8;10;13;21"
"1",2,"fa3_native_fifo",12,"case_000040",8,8,0,0.059039998799562454,0.06000959873199463,486.8490158609729,476.2536682200675,"fa3_native","fifo","fifo",128,109,"4;5;20;15;33;17;15;2"
"1",2,"fa3_native_fifo",12,"case_000041",9,9,0,0.06260799989104271,0.06490560248494148,259.5124277452685,254.2949148304895,"fa3_native","fifo","fifo",128,66,"15;3;5;26;4;4;17;6;5"
"1",2,"fa3_native_fifo",12,"case_000042",13,13,0,0.08798399940133095,0.09335040226578713,954.5370903283758,933.0540161687416,"fa3_native","fifo","fifo",128,109,"17;36;2;2;33;1;5;10;1;3;5;4;1"
"1",2,"fa3_native_fifo",12,"case_000043",19,19,0,0.0764320008456707,0.08616639971733094,778.1096602205288,761.368214309886,"fa3_native","fifo","fifo",128,109,"2;4;3;33;2;1;3;2;10;1;13;16;5;3;2;3;13;1;4"
"1",2,"fa3_native_fifo",12,"case_000044",13,12,1,0.07068800181150436,0.0796224020421505,861.7332943493433,363.35354433260903,"fa3_native","fifo","fifo",128,4,"4;1;4;2;2;4;3;4;2;2;4;4;3"
"1",2,"fa3_native_fifo",12,"case_000045",7,7,0,0.05214399844408035,0.05395200103521347,272.799389545373,267.2132635732273,"fa3_native","fifo","fifo",128,49,"10;19;4;25;29;11;11"
"1",2,"fa3_native_fifo",12,"case_000046",6,6,0,0.08115199953317642,0.08424319997429848,186.36800107207435,182.44479600218764,"fa3_native","fifo","fifo",128,71,"10;10;24;42;19;11"
"1",2,"fa3_native_fifo",12,"case_000047",9,9,0,0.08548800274729729,0.08647040277719498,415.1395142650236,406.04303392849374,"fa3_native","fifo","fifo",128,109,"74;2;8;5;13;1;1;1;5"
"1",2,"fa3_native_fifo",12,"case_000048",10,10,0,0.05011200159788132,0.051078401133418085,366.5736792436695,359.18261945379953,"fa3_native","fifo","fifo",128,57,"3;4;21;22;2;8;11;19;4;2"
"1",2,"fa3_native_fifo",12,"case_000049",12,12,0,0.07169600203633308,0.07299840301275254,415.63292727115766,406.89844860827975,"fa3_native","fifo","fifo",128,109,"2;3;53;4;2;6;8;3;9;12;2;13"
"1",2,"fa3_native_fifo",12,"case_000050",4,4,0,0.0822880007326603,0.08455360233783722,260.9270643693989,255.1040226168507,"fa3_native","fifo","fifo",128,107,"12;22;33;42"
"1",2,"fa3_native_fifo",12,"case_000051",10,10,0,0.050863999873399734,0.05223039910197258,364.8957492567611,357.52626701130305,"fa3_native","fifo","fifo",128,63,"18;13;4;2;25;3;5;8;11;9"
"1",2,"fa3_native_fifo",12,"case_000052",6,6,0,0.055456001311540604,0.056940801069140436,374.7473563997336,366.6151096214909,"fa3_native","fifo","fifo",128,74,"29;5;14;13;15;29"
"1",2,"fa3_native_fifo",12,"case_000053",11,11,0,0.060784000903367996,0.06273280009627343,614.2188568888909,600.9118099689967,"fa3_native","fifo","fifo",128,100,"13;4;5;4;9;24;13;16;12;4;11"
"1",2,"fa3_native_fifo",12,"case_000054",8,7,1,0.07852800190448761,0.08006079867482185,400.6326879202324,169.30072939039397,"fa3_native","fifo","fifo",128,5,"2;3;3;3;3;2;3;2"
"1",2,"fa3_native_fifo",12,"case_000055",5,5,0,0.05152000114321709,0.052803199738264084,198.08611734364453,194.02732488712437,"fa3_native","fifo","fifo",128,51,"30;19;5;22;3"
"1",2,"fa3_native_fifo",12,"case_000056",7,7,0,0.058928001672029495,0.05958399921655655,496.811533011751,485.8821474950909,"fa3_native","fifo","fifo",128,107,"11;22;21;32;18;6;3"
"1",2,"fa3_native_fifo",12,"case_000057",8,8,0,0.08683199808001518,0.09051200225949288,316.1837342807717,309.32744372931637,"fa3_native","fifo","fifo",128,109,"19;48;9;8;10;5;6;2"
"1",2,"fa3_native_fifo",12,"case_000058",8,8,0,0.0910400003194809,0.09470079690217972,199.24844358901504,195.10720493922423,"fa3_native","fifo","fifo",128,109,"5;3;8;3;3;2;12;59"
"1",2,"fa3_native_fifo",12,"case_000059",8,7,1,0.2913280129432678,0.2934879928827286,3478.2304535517756,75.04041845868494,"fa3_native","fifo","fifo",128,1,"1;1;1;1;1;1;1;1"
"1",2,"fa3_native_fifo",12,"case_000060",13,13,0,0.0613120011985302,0.06244479864835739,469.2848676531171,459.561577655297,"fa3_native","fifo","fifo",128,109,"2;2;14;6;4;8;5;4;15;14;33;6;1"
"1",2,"fa3_native_fifo",12,"case_000061",7,7,0,0.05748800002038479,0.05835520066320896,252.92144494232275,247.72613406189387,"fa3_native","fifo","fifo",128,69,"8;41;18;3;4;11;27"
"1",2,"fa3_native_fifo",12,"case_000062",7,7,0,0.07438400015234947,0.07577600330114365,313.97967670689076,307.1869212895278,"fa3_native","fifo","fifo",128,109,"6;16;64;23;5;3;2"
"1",2,"fa3_native_fifo",12,"case_000063",8,8,0,0.06324799731373787,0.06450239941477776,324.2274784809005,317.3893380437478,"fa3_native","fifo","fifo",128,109,"12;3;46;6;18;3;13;4"
"1",2,"fa3_native_fifo",12,"case_000064",7,7,0,0.05284800007939339,0.05467839911580086,332.91563740479677,325.90977849918477,"fa3_native","fifo","fifo",128,68,"7;2;25;4;21;27;4"
"1",2,"fa3_native_fifo",12,"case_000065",9,8,1,0.05681600049138069,0.058454401418566705,338.07744680856223,256.6533348684439,"fa3_native","fifo","fifo",128,5,"3;5;4;5;2;4;5;5;1"
"1",2,"fa3_native_fifo",12,"case_000066",11,11,0,0.04854400083422661,0.04997760020196438,510.59595694724925,499.99208105828325,"fa3_native","fifo","fifo",128,55,"15;4;5;10;16;3;6;14;13;9;2"
"1",2,"fa3_native_fifo",12,"case_000067",8,8,0,0.05361600033938885,0.055081598460674286,190.11502595264622,186.5568475209767,"fa3_native","fifo","fifo",128,57,"6;33;3;10;16;3;4;5"
"1",2,"fa3_native_fifo",12,"case_000068",10,10,0,0.059647999703884125,0.0634367972612381,551.6151787040976,539.6952816492144,"fa3_native","fifo","fifo",128,78,"9;12;7;4;13;1;6;15;17;19"
"1",2,"fa3_native_fifo",12,"case_000069",5,5,0,0.07574400305747986,0.07694079726934433,416.1913072389029,406.8339506246487,"fa3_native","fifo","fifo",128,109,"4;12;40;58;7"
"1",2,"fa3_native_fifo",12,"case_000070",10,10,0,0.05167999863624573,0.054188798740506174,244.91290801085574,240.33684844737624,"fa3_native","fifo","fifo",128,52,"7;31;7;6;3;3;9;2;7;24"
"1",2,"fa3_native_fifo",12,"case_000071",4,4,0,0.08591999858617783,0.08865919709205627,413.56023622789377,404.1474926838069,"fa3_native","fifo","fifo",128,109,"2;75;19;12"
"1",2,"fa3_native_fifo",12,"case_000072",5,5,0,0.04342399910092354,0.04462400041520596,78.76574960428407,77.61238185748584,"fa3_native","fifo","fifo",128,17,"7;17;17;5;4"
"1",2,"fa3_native_fifo",12,"case_000073",7,7,0,0.09583999961614609,0.0981312021613121,390.6517277749707,381.93522690533524,"fa3_native","fifo","fifo",128,109,"86;3;6;6;8;2;4"
"1",2,"fa3_native_fifo",12,"case_000074",14,14,0,0.07503999769687653,0.07726079970598221,863.506694306537,844.3906442528773,"fa3_native","fifo","fifo",128,109,"15;1;11;7;8;3;2;7;14;4;22;6;1;13"
"1",2,"fa3_native_fifo",12,"case_000075",9,9,0,0.05692800134420395,0.057900800928473474,572.7239347621947,560.2518136401648,"fa3_native","fifo","fifo",128,109,"27;7;23;4;10;12;2;11;5"
"1",2,"fa3_native_fifo",12,"case_000076",6,6,0,0.054336000233888626,0.05581440031528473,356.458137452674,348.76796080733106,"fa3_native","fifo","fifo",128,74,"6;29;24;8;26;7"
"1",2,"fa3_native_fifo",12,"case_000077",10,8,2,0.8242239952087402,0.8434655725955963,4131.278070371679,64.21865937862556,"fa3_native","fifo","fifo",128,1,"1;1;1;1;1;1;1;1;1;1"
"1",2,"fa3_native_fifo",12,"case_000078",8,8,0,0.06603199988603592,0.06737279817461968,438.97766007432284,429.4179799027475,"fa3_native","fifo","fifo",128,109,"9;2;32;15;5;43;1;4"
"1",2,"fa3_native_fifo",12,"case_000079",9,8,1,0.07572800293564796,0.0766272023320198,945.745853048055,330.3443776440049,"fa3_native","fifo","fifo",128,7,"5;3;4;4;7;2;5;7;2"
"1",2,"fa3_native_fifo",12,"case_000080",8,8,0,0.05817599967122078,0.059062398970127106,339.1794430609728,332.0572075971794,"fa3_native","fifo","fifo",128,89,"7;3;12;29;35;5;4;7"
"1",2,"fa3_native_fifo",12,"case_000081",9,9,0,0.05854399874806404,0.060233600065112115,343.85579308700176,336.72151580954113,"fa3_native","fifo","fifo",128,89,"7;3;12;29;35;6;4;7;2"
"1",2,"fa3_native_fifo",12,"case_000082",8,8,0,0.060896001756191254,0.06185920163989067,366.48329368735625,358.6841725249933,"fa3_native","fifo","fifo",128,98,"6;6;12;29;39;2;14;7"
"1",2,"fa3_native_fifo",12,"case_000083",8,8,0,0.07464000210165977,0.0763264000415802,290.25493202013513,284.0968837476555,"fa3_native","fifo","fifo",128,109,"67;3;12;9;5;5;5;6"
"1",2,"fa3_native_fifo",12,"case_000084",9,8,1,0.41921599209308624,0.4222559958696365,472.90299246976065,66.96660559114913,"fa3_native","fifo","fifo",128,1,"1;1;1;1;1;1;1;1;1"
"1",2,"fa3_native_fifo",12,"case_000085",6,6,0,0.06784000247716904,0.06891520246863365,341.8227799712145,334.34338401790865,"fa3_native","fifo","fifo",128,109,"2;53;49;5;7;3"
"1",2,"fa3_native_fifo",12,"case_000086",12,12,0,0.0545439999550581,0.06150080151855946,512.5178578584909,501.8292758608309,"fa3_native","fifo","fifo",128,57,"2;9;5;9;12;10;3;10;14;8;11;17"
"1",2,"fa3_native_fifo",12,"case_000087",5,5,0,0.052639998495578766,0.05606720112264157,349.95776805630504,342.3270614552451,"fa3_native","fifo","fifo",128,74,"18;26;29;18;3"
"1",2,"fa3_native_fifo",12,"case_000088",7,7,0,0.07505599781870842,0.07631039917469025,504.3223067053134,493.06332705599664,"fa3_native","fifo","fifo",128,109,"9;1;50;6;16;24;9"
"1",2,"fa3_native_fifo",12,"case_000089",3,3,0,0.08043200150132179,0.08387840315699578,305.57772733774493,298.64013765224104,"fa3_native","fifo","fifo",128,109,"74;14;5"
"1",2,"fa3_native_fifo",12,"case_000090",17,17,0,0.07103999704122543,0.07398719862103463,621.6787285952591,608.5477730934075,"fa3_native","fifo","fifo",128,109,"35;1;1;1;7;22;1;5;4;2;2;10;4;10;6;3;3"
"1",2,"fa3_native_fifo",12,"case_000091",13,11,2,0.349727988243103,0.3521439999341965,1092.8963383231244,141.62101308738121,"fa3_native","fifo","fifo",128,1,"1;1;1;1;1;1;1;1;1;1;1;1;1"
"1",2,"fa3_native_fifo",12,"case_000092",8,8,0,0.06876800209283829,0.07059520110487938,603.0020849525091,589.5690839653217,"fa3_native","fifo","fifo",128,109,"24;38;1;11;16;1;3;12"
"1",2,"fa3_native_fifo",12,"case_000093",13,13,0,0.06454399973154068,0.06544959843158722,489.4506792792141,479.1908795340118,"fa3_native","fifo","fifo",128,102,"2;2;7;7;2;10;28;11;3;13;5;4;30"
"1",2,"fa3_native_fifo",12,"case_000094",5,5,0,0.055215999484062195,0.05655039846897125,164.24592213743625,160.94117797442115,"fa3_native","fifo","fifo",128,63,"17;8;37;4;4"
"1",2,"fa3_native_fifo",12,"case_000095",8,8,0,0.061535999178886414,0.06257599964737892,262.4677642927042,257.09828736198153,"fa3_native","fifo","fifo",128,109,"4;7;45;2;6;2;10;8"
"1",2,"fa3_native_fifo",12,"case_000096",17,17,0,0.07913599908351898,0.08068480268120766,792.1279832942057,774.8548411612888,"fa3_native","fifo","fifo",128,109,"31;7;1;8;12;3;5;1;4;1;3;14;9;3;1;6;17"
"1",2,"fa3_native_fifo",12,"case_000097",6,6,0,0.06523199751973152,0.06797760128974915,112.87157848834649,110.7794989386022,"fa3_native","fifo","fifo",128,57,"5;8;57;20;6;7"
"1",2,"fa3_native_fifo",12,"case_000098",3,2,1,0.04631999880075455,0.04725120142102242,121.20481695497249,27.429361677343206,"fa3_native","fifo","fifo",128,5,"5;5;2"
"1",2,"fa3_native_fifo",12,"case_000099",10,10,0,0.054127998650074005,0.05488960072398186,357.7794945864588,350.50547726050206,"fa3_native","fifo","fifo",128,76,"3;30;2;7;15;23;8;7;2;3"
"1",2,"critical_wave_auto_lpt",12,"case_000000",7,7,0,0.06036800146102905,0.071193601936102,483.57116454890803,472.93505348906945,"critical_wave","release_lpt","release_lpt_critical_wave",128,35,"35;19;5;19;20;10;4"
"1",2,"critical_wave_auto_lpt",12,"case_000001",5,5,0,0.05198400095105171,0.053679998964071274,102.35083099913564,100.5306229684168,"critical_wave","release_lpt","release_lpt_critical_wave",128,4,"1;1;1;4;1"
"1",2,"critical_wave_auto_lpt",12,"case_000002",6,6,0,0.07876800000667572,0.08663040325045586,435.0296453013389,425.29189514981806,"critical_wave","release_lpt","release_lpt_critical_wave",128,12,"4;2;1;12;1;1"
"1",2,"critical_wave_auto_lpt",12,"case_000003",5,5,0,0.07852800190448761,0.08116159811615944,275.44514409405735,269.37244660482264,"critical_wave","release_lpt","release_lpt_critical_wave",128,4,"4;1;2;3;2"
"1",2,"critical_wave_auto_lpt",12,"case_000004",4,4,0,0.06270400062203407,0.06364800035953522,216.7086031066577,212.01326658778586,"critical_wave","release_lpt","release_lpt_critical_wave",128,7,"1;1;3;7"
"1",2,"critical_wave_auto_lpt",12,"case_000005",4,4,0,0.05217599868774414,0.05526079870760441,258.1849166437571,252.5949158898566,"critical_wave","release_lpt","release_lpt_critical_wave",128,7,"6;7;4;2"
"1",2,"critical_wave_auto_lpt",12,"case_000006",14,14,0,0.08900799974799156,0.09175039827823639,632.2639514575752,618.3915171202575,"critical_wave","release_lpt","release_lpt_critical_wave",128,6,"1;1;2;1;6;2;1;1;1;1;4;3;2;3"
"1",2,"critical_wave_auto_lpt",12,"case_000007",7,7,0,0.058880001306533813,0.06077440083026886,301.9575585170217,295.5956456147129,"critical_wave","release_lpt","release_lpt_critical_wave",128,6,"2;1;6;2;1;5;3"
"1",2,"critical_wave_auto_lpt",12,"case_000008",9,9,0,0.06251199916005135,0.0641631968319416,607.8036344785617,594.4243745086696,"critical_wave","release_lpt","release_lpt_critical_wave",128,26,"2;26;9;9;11;16;26;11;7"
"1",2,"critical_wave_auto_lpt",12,"case_000009",5,5,0,0.06236799992620945,0.06334399804472923,282.972864367636,276.8229864742644,"critical_wave","release_lpt","release_lpt_critical_wave",128,9,"4;2;9;1;1"
"1",2,"critical_wave_auto_lpt",12,"case_000010",6,6,0,0.06095999851822853,0.06225280091166496,196.56070189071588,192.54593643879718,"critical_wave","release_lpt","release_lpt_critical_wave",128,8,"1;1;1;8;1;2"
"1",2,"critical_wave_auto_lpt",12,"case_000011",9,9,0,0.06910399720072746,0.07082560285925865,438.2084771165917,428.72148066838776,"critical_wave","release_lpt","release_lpt_critical_wave",128,5,"1;1;3;3;5;1;4;1;3"
"1",2,"critical_wave_auto_lpt",12,"case_000012",6,6,0,0.07425599917769432,0.07549440115690231,302.57269716665655,295.967251715357,"critical_wave","release_lpt","release_lpt_critical_wave",128,6,"1;6;1;4;1;1"
"1",2,"critical_wave_auto_lpt",12,"case_000013",9,9,0,0.0806880034506321,0.0819551981985569,568.3961208441665,555.7453658825006,"critical_wave","release_lpt","release_lpt_critical_wave",128,11,"1;4;1;1;1;6;1;1;11"
"1",2,"critical_wave_auto_lpt",12,"case_000014",9,8,1,1.873520016670227,1.8807711482048035,4064.0734461905786,27.057414678758036,"critical_wave","fifo","fifo_critical_wave",176,1,"1;1;1;1;1;1;1;1;1"
"1",2,"critical_wave_auto_lpt",12,"case_000015",6,6,0,0.06329599767923355,0.06409280300140381,468.61720626186633,458.20426351404643,"critical_wave","release_lpt","release_lpt_critical_wave",128,40,"15;5;28;40;16;10"
"1",2,"critical_wave_auto_lpt",12,"case_000016",10,10,0,0.06643199920654297,0.06744639948010445,479.389847729637,469.05973585288336,"critical_wave","release_lpt","release_lpt_critical_wave",128,41,"29;8;41;2;12;14;1;12;2;2"
"1",2,"critical_wave_auto_lpt",12,"case_000017",4,4,0,0.07195199653506279,0.072816002368927,372.4308900718486,364.0364862875746,"critical_wave","release_lpt","release_lpt_critical_wave",128,14,"2;14;1;1"
"1",2,"critical_wave_auto_lpt",12,"case_000018",14,14,0,0.06998400017619133,0.07176320180296898,318.79503166196673,312.52674818437777,"critical_wave","release_lpt","release_lpt_critical_wave",128,2,"1;1;1;2;2;1;1;1;2;1;1;2;1;1"
"1",2,"critical_wave_auto_lpt",12,"case_000019",11,11,0,0.0894400030374527,0.0927487999200821,439.99538255293874,430.42288341470095,"critical_wave","release_lpt","release_lpt_critical_wave",128,6,"1;2;1;2;1;2;3;1;1;6;1"
"1",2,"critical_wave_auto_lpt",12,"case_000020",8,7,1,0.16312000155448914,0.16507520526647568,1206.5429793798555,163.4620877016918,"critical_wave","fifo","fifo_critical_wave",128,2,"1;1;2;1;1;1;1;1"
"1",2,"critical_wave_auto_lpt",12,"case_000021",12,12,0,0.057472001761198044,0.059440001472830774,573.7045347576681,561.5144594073955,"critical_wave","release_lpt","release_lpt_critical_wave",128,24,"8;8;10;10;24;6;7;7;6;2;11;6"
"1",2,"critical_wave_auto_lpt",12,"case_000022",9,9,0,0.06905599683523178,0.0776160016655922,322.8342835625533,316.05191439166845,"critical_wave","release_lpt","release_lpt_critical_wave",128,4,"2;1;1;1;2;1;3;1;4"
"1",2,"critical_wave_auto_lpt",12,"case_000023",9,9,0,0.069023996591568,0.07064000144600868,325.1031630170959,318.2679804820754,"critical_wave","release_lpt","release_lpt_critical_wave",128,4,"2;1;1;1;2;1;3;1;4"
"1",2,"critical_wave_auto_lpt",12,"case_000024",5,5,0,0.0440480001270771,0.045561600103974344,98.33673200834664,96.71485624114048,"critical_wave","release_lpt","release_lpt_critical_wave",128,4,"4;1;1;4;1"
"1",2,"critical_wave_auto_lpt",12,"case_000025",10,10,0,0.08007999882102013,0.08175679668784142,548.4859157674058,536.3820258789162,"critical_wave","release_lpt","release_lpt_critical_wave",128,11,"1;1;1;3;11;2;2;4;1;1"
"1",2,"critical_wave_auto_lpt",12,"case_000026",6,6,0,0.06304000318050385,0.06544319912791252,269.4211437675288,263.6791745140763,"critical_wave","release_lpt","release_lpt_critical_wave",128,7,"1;1;1;7;2;4"
"1",2,"critical_wave_auto_lpt",12,"case_000027",11,11,0,0.06976000219583511,0.07418560162186623,581.2881431706865,568.6128261384746,"critical_wave","release_lpt","release_lpt_critical_wave",128,37,"3;18;4;37;3;3;13;10;8;3;5"
"1",2,"critical_wave_auto_lpt",12,"case_000028",6,6,0,0.08990399911999702,0.092774398624897,308.3043703429076,301.47998159484877,"critical_wave","release_lpt","release_lpt_critical_wave",128,5,"5;3;1;2;1;2"
"1",2,"critical_wave_auto_lpt",12,"case_000029",13,13,0,0.08564800024032593,0.08803519904613495,509.28897148333476,498.26564403434816,"critical_wave","release_lpt","release_lpt_critical_wave",128,15,"1;1;1;1;1;1;1;1;1;2;1;15;2"
"1",2,"critical_wave_auto_lpt",12,"case_000030",10,10,0,0.07371200248599052,0.07564800158143044,319.19814855758125,312.53309126120166,"critical_wave","release_lpt","release_lpt_critical_wave",128,6,"1;1;2;6;1;3;1;1;1;1"
"1",2,"critical_wave_auto_lpt",12,"case_000031",6,6,0,0.05817599967122078,0.059865600988268854,230.87201010564357,226.08140941850368,"critical_wave","release_lpt","release_lpt_critical_wave",128,4,"1;2;4;1;4;3"
"1",2,"critical_wave_auto_lpt",12,"case_000032",6,5,1,1.4061440229415894,1.4202912211418153,4036.6478296396976,21.185744499827436,"critical_wave","fifo","fifo_critical_wave",176,1,"1;1;1;1;1;1"
"1",2,"critical_wave_auto_lpt",12,"case_000033",6,6,0,0.06678400188684464,0.06897920221090317,286.4962525668735,280.3219853718849,"critical_wave","release_lpt","release_lpt_critical_wave",128,9,"9;1;3;1;1;2"
"1",2,"critical_wave_auto_lpt",12,"case_000034",4,4,0,0.06684800237417221,0.06791680231690407,256.6029205178985,250.94877040755748,"critical_wave","release_lpt","release_lpt_critical_wave",128,10,"1;3;10;1"
"1",2,"critical_wave_auto_lpt",12,"case_000035",6,6,0,0.06430399790406227,0.06505600363016129,214.29245386202473,209.8313081580206,"critical_wave","release_lpt","release_lpt_critical_wave",128,3,"3;2;1;2;1;3"
"1",2,"critical_wave_auto_lpt",12,"case_000036",9,9,0,0.08894399926066399,0.09033280164003372,561.3192635254042,548.7720858711883,"critical_wave","release_lpt","release_lpt_critical_wave",128,12,"1;1;2;1;3;3;1;12;2"
"1",2,"critical_wave_auto_lpt",12,"case_000037",19,18,1,0.1456959992647171,0.14763519912958145,2442.108441931423,616.0210881077708,"critical_wave","fifo","fifo_critical_wave",128,4,"4;1;3;1;2;2;1;1;1;1;1;2;2;2;4;1;3;3;3"
"1",2,"critical_wave_auto_lpt",12,"case_000038",9,9,0,0.04809600114822388,0.0496128011494875,369.2095613785921,361.6819607598997,"critical_wave","release_lpt","release_lpt_critical_wave",128,19,"5;16;19;14;8;10;3;13;5"
"1",2,"critical_wave_auto_lpt",12,"case_000039",7,7,0,0.049456000328063965,0.05082879923284054,358.9929966480778,351.43060265100866,"critical_wave","release_lpt","release_lpt_critical_wave",128,21,"5;16;19;8;10;13;21"
"1",2,"critical_wave_auto_lpt",12,"case_000040",8,8,0,0.07595199719071388,0.07718399912118912,378.4438378865207,370.20772382582976,"critical_wave","release_lpt","release_lpt_critical_wave",128,5,"1;1;3;2;5;3;2;1"
"1",2,"critical_wave_auto_lpt",12,"case_000041",9,9,0,0.06254399940371513,0.06371520087122917,259.7779835460105,254.55513161594033,"critical_wave","release_lpt","release_lpt_critical_wave",128,4,"2;1;1;4;1;1;3;1;1"
"1",2,"critical_wave_auto_lpt",12,"case_000042",13,13,0,0.08643200248479843,0.08840960189700127,971.6770220471407,949.8081918724326,"critical_wave","release_lpt","release_lpt_critical_wave",128,36,"17;36;2;2;33;1;5;10;1;3;5;4;1"
"1",2,"critical_wave_auto_lpt",12,"case_000043",19,19,0,0.09083199873566628,0.0922912023961544,654.7524995136699,640.6651489564752,"critical_wave","release_lpt","release_lpt_critical_wave",128,7,"1;1;1;7;1;1;1;1;2;1;3;3;1;1;1;1;3;1;1"
"1",2,"critical_wave_auto_lpt",12,"case_000044",13,12,1,0.06910399720072746,0.07132799923419952,881.4859796758436,371.6823489297319,"critical_wave","fifo","fifo_critical_wave",128,4,"2;1;4;1;1;2;1;3;1;1;3;2;1"
"1",2,"critical_wave_auto_lpt",12,"case_000045",7,7,0,0.06304000318050385,0.06492800265550613,225.64800485922672,221.02740001620407,"critical_wave","release_lpt","release_lpt_critical_wave",128,3,"1;2;1;3;3;1;2"
"1",2,"critical_wave_auto_lpt",12,"case_000046",6,6,0,0.05633600056171417,0.06411200314760208,268.4630748580035,262.8116986008049,"critical_wave","release_lpt","release_lpt_critical_wave",128,7,"2;2;3;7;3;2"
"1",2,"critical_wave_auto_lpt",12,"case_000047",9,9,0,0.08567999675869942,0.08734400197863579,414.20925862017634,405.1331619182814,"critical_wave","release_lpt","release_lpt_critical_wave",128,14,"14;1;1;1;2;1;1;1;1"
"1",2,"critical_wave_auto_lpt",12,"case_000048",10,10,0,0.04992000013589859,0.05198080092668533,367.98358874181787,360.564101582529,"critical_wave","release_lpt","release_lpt_critical_wave",128,22,"3;4;21;22;2;8;11;19;4;2"
"1",2,"critical_wave_auto_lpt",12,"case_000049",12,12,0,0.09455999732017517,0.09577599912881851,315.13557576679506,308.51303750804675,"critical_wave","release_lpt","release_lpt_critical_wave",128,5,"1;1;5;1;1;1;1;1;1;1;1;2"
"1",2,"critical_wave_auto_lpt",12,"case_000050",4,4,0,0.061664000153541565,0.08274559900164605,348.1961340577553,340.4255310672439,"critical_wave","release_lpt","release_lpt_critical_wave",128,42,"12;22;33;42"
"1",2,"critical_wave_auto_lpt",12,"case_000051",10,10,0,0.051024001091718674,0.051820799335837366,363.75150805279253,356.40513505224715,"critical_wave","release_lpt","release_lpt_critical_wave",128,25,"18;13;4;2;25;3;5;8;11;9"
"1",2,"critical_wave_auto_lpt",12,"case_000052",6,6,0,0.06340799853205681,0.06464320048689842,327.7502896971803,320.63790800337864,"critical_wave","release_lpt","release_lpt_critical_wave",128,5,"5;1;2;2;3;5"
"1",2,"critical_wave_auto_lpt",12,"case_000053",11,11,0,0.0607680007815361,0.06175360046327114,614.380579776188,601.0700291311557,"critical_wave","release_lpt","release_lpt_critical_wave",128,24,"13;4;5;4;9;24;13;16;12;4;11"
"1",2,"critical_wave_auto_lpt",12,"case_000054",8,7,1,0.07766400277614594,0.0791935995221138,405.0896600150905,171.18417187844761,"critical_wave","fifo","fifo_critical_wave",128,3,"1;1;1;3;1;1;1;1"
"1",2,"critical_wave_auto_lpt",12,"case_000055",5,5,0,0.05233599990606308,0.053411200642585754,194.99764999842324,191.0021403611692,"critical_wave","release_lpt","release_lpt_critical_wave",128,6,"6;3;1;4;1"
"1",2,"critical_wave_auto_lpt",12,"case_000056",7,7,0,0.057679999619722366,0.05865919962525368,507.56087103006325,496.39501020748816,"critical_wave","release_lpt","release_lpt_critical_wave",128,32,"11;22;21;32;18;6;3"
"1",2,"critical_wave_auto_lpt",12,"case_000057",8,8,0,0.07737600058317184,0.07847040146589279,354.82404364501406,347.1298567716558,"critical_wave","release_lpt","release_lpt_critical_wave",128,7,"3;7;1;1;2;1;1;1"
"1",2,"critical_wave_auto_lpt",12,"case_000058",8,8,0,0.059407999739050865,0.06013119965791702,305.3389854510831,298.99272956541023,"critical_wave","release_lpt","release_lpt_critical_wave",128,11,"1;1;2;1;1;1;2;11"
"1",2,"critical_wave_auto_lpt",12,"case_000059",8,7,1,0.2860320061445236,0.28753281235694883,3542.631400767109,76.42982439158953,"critical_wave","fifo","fifo_critical_wave",176,1,"1;1;1;1;1;1;1;1"
"1",2,"critical_wave_auto_lpt",12,"case_000060",13,13,0,0.07603199779987335,0.07793279737234116,378.43007155663514,370.5892363129111,"critical_wave","release_lpt","release_lpt_critical_wave",128,5,"1;1;2;1;1;1;1;1;2;2;5;1;1"
"1",2,"critical_wave_auto_lpt",12,"case_000061",7,7,0,0.05486400052905083,0.0559808012098074,265.0180061933509,259.57421738611924,"critical_wave","release_lpt","release_lpt_critical_wave",128,7,"1;7;3;1;1;2;4"
"1",2,"critical_wave_auto_lpt",12,"case_000062",7,7,0,0.06678400188684464,0.06821119785308838,349.7104644847671,342.14469565204416,"critical_wave","release_lpt","release_lpt_critical_wave",128,10,"1;2;10;3;1;1;1"
"1",2,"critical_wave_auto_lpt",12,"case_000063",8,8,0,0.06976000219583511,0.07044479995965958,293.9612678112031,287.76145883204254,"critical_wave","release_lpt","release_lpt_critical_wave",128,6,"2;1;6;1;2;1;2;1"
"1",2,"critical_wave_auto_lpt",12,"case_000064",7,7,0,0.06507200002670288,0.07323520332574845,270.3762851115714,264.6865009978502,"critical_wave","release_lpt","release_lpt_critical_wave",128,4,"1;1;4;1;3;4;1"
"1",2,"critical_wave_auto_lpt",12,"case_000065",9,8,1,0.057583998888731,0.05847359821200371,333.5685043533679,253.2303466484967,"critical_wave","fifo","fifo_critical_wave",128,5,"3;5;4;5;2;4;5;5;1"
"1",2,"critical_wave_auto_lpt",12,"case_000066",11,11,0,0.049375999718904495,0.05883520059287548,501.9922776471924,491.56707992095954,"critical_wave","release_lpt","release_lpt_critical_wave",128,16,"15;4;5;10;16;3;6;14;13;9;2"
"1",2,"critical_wave_auto_lpt",12,"case_000067",8,8,0,0.05959999933838844,0.060652799904346466,171.0269699522386,167.82604213147062,"critical_wave","release_lpt","release_lpt_critical_wave",128,4,"1;4;1;1;2;1;1;1"
"1",2,"critical_wave_auto_lpt",12,"case_000068",10,10,0,0.05793600156903267,0.06006079874932766,567.9153052492808,555.6431774402394,"critical_wave","release_lpt","release_lpt_critical_wave",128,19,"9;12;7;4;13;1;6;15;17;19"
"1",2,"critical_wave_auto_lpt",12,"case_000069",5,5,0,0.07899199798703194,0.08000319823622704,399.0783427604309,390.1057421671866,"critical_wave","release_lpt","release_lpt_critical_wave",128,8,"1;2;5;8;1"
"1",2,"critical_wave_auto_lpt",12,"case_000070",10,10,0,0.05750399827957153,0.05918719992041588,220.10815127087383,215.99555459802625,"critical_wave","release_lpt","release_lpt_critical_wave",128,5,"1;5;1;1;1;1;1;1;1;3"
"1",2,"critical_wave_auto_lpt",12,"case_000071",4,4,0,0.07491199672222137,0.07680000364780426,474.33116812730356,463.53526163186103,"critical_wave","release_lpt","release_lpt_critical_wave",128,15,"1;15;4;3"
"1",2,"critical_wave_auto_lpt",12,"case_000072",5,5,0,0.043295999988913536,0.04495679959654808,78.9986105154244,77.84183298371653,"critical_wave","release_lpt","release_lpt_critical_wave",128,4,"2;3;4;1;1"
"1",2,"critical_wave_auto_lpt",12,"case_000073",7,7,0,0.0783040001988411,0.07997119799256325,478.1372770858023,467.4687360421946,"critical_wave","release_lpt","release_lpt_critical_wave",128,16,"16;1;1;2;2;1;1"
"1",2,"critical_wave_auto_lpt",12,"case_000074",14,14,0,0.07971200346946716,0.08183999732136726,812.8956434625309,794.900005546474,"critical_wave","release_lpt","release_lpt_critical_wave",128,22,"15;1;11;7;8;3;2;7;14;4;22;6;1;13"
"1",2,"critical_wave_auto_lpt",12,"case_000075",9,9,0,0.05641600117087364,0.05731520056724548,577.9216578865351,565.3363467467132,"critical_wave","release_lpt","release_lpt_critical_wave",128,27,"27;7;23;4;10;12;2;11;5"
"1",2,"critical_wave_auto_lpt",12,"case_000076",6,6,0,0.06201599910855293,0.06281920149922371,312.3147206916286,305.5768877774384,"critical_wave","release_lpt","release_lpt_critical_wave",128,5,"1;5;4;2;4;1"
"1",2,"critical_wave_auto_lpt",12,"case_000077",10,8,2,0.8099200129508972,0.8138655960559845,4204.240495396229,65.35282392535348,"critical_wave","fifo","fifo_critical_wave",176,1,"1;1;1;1;1;1;1;1;1;1"
"1",2,"critical_wave_auto_lpt",12,"case_000078",8,8,0,0.06545599922537804,0.06669120118021965,442.8405821167508,433.19677853158976,"critical_wave","release_lpt","release_lpt_critical_wave",128,10,"2;1;7;3;1;10;1;1"
"1",2,"critical_wave_auto_lpt",12,"case_000079",9,8,1,0.06940799951553345,0.07095040306448937,1031.8615323291608,360.4241611141864,"critical_wave","fifo","fifo_critical_wave",128,7,"5;3;4;4;7;2;5;7;2"
"1",2,"critical_wave_auto_lpt",12,"case_000080",8,8,0,0.06516799703240395,0.06733120158314705,302.78824064806633,296.4301632654828,"critical_wave","release_lpt","release_lpt_critical_wave",128,5,"1;1;2;4;5;1;1;1"
"1",2,"critical_wave_auto_lpt",12,"case_000081",9,9,0,0.0652959980070591,0.06656000018119812,308.2990341586277,301.9024840981654,"critical_wave","release_lpt","release_lpt_critical_wave",128,5,"1;1;2;4;5;1;1;1;1"
"1",2,"critical_wave_auto_lpt",12,"case_000082",8,8,0,0.06062399968504906,0.06200000196695328,368.1275965284728,360.29348300136536,"critical_wave","release_lpt","release_lpt_critical_wave",128,39,"6;6;12;29;39;2;14;7"
"1",2,"critical_wave_auto_lpt",12,"case_000083",8,8,0,0.07859200239181519,0.07974720299243927,275.65945740881415,269.8110667073213,"critical_wave","release_lpt","release_lpt_critical_wave",128,7,"7;1;1;1;1;1;1;1"
"1",2,"critical_wave_auto_lpt",12,"case_000084",9,8,1,0.14892800152301788,0.15151999592781068,1331.1700628800775,188.50365084406943,"critical_wave","fifo","fifo_critical_wave",128,4,"1;1;1;1;1;1;1;4;1"
"1",2,"critical_wave_auto_lpt",12,"case_000085",6,6,0,0.06558400020003319,0.06907520294189454,353.58102844096214,345.8443512262084,"critical_wave","release_lpt","release_lpt_critical_wave",128,8,"1;8;7;1;1;1"
"1",2,"critical_wave_auto_lpt",12,"case_000086",12,12,0,0.050912000238895416,0.05209280140697956,549.0802538660286,537.6291615250404,"critical_wave","release_lpt","release_lpt_critical_wave",128,17,"2;9;5;9;12;10;3;10;14;8;11;17"
"1",2,"critical_wave_auto_lpt",12,"case_000087",5,5,0,0.07168000191450119,0.07381440177559853,257.0002217072094,251.3964218568813,"critical_wave","release_lpt","release_lpt_critical_wave",128,4,"2;3;4;2;1"
"1",2,"critical_wave_auto_lpt",12,"case_000088",7,7,0,0.09001599997282028,0.09130240231752396,420.5076204611322,411.11980104841496,"critical_wave","release_lpt","release_lpt_critical_wave",128,7,"2;1;7;1;2;3;2"
"1",2,"critical_wave_auto_lpt",12,"case_000089",3,3,0,0.10710400342941284,0.10974720120429993,229.4800141639742,224.27008543924865,"critical_wave","release_lpt","release_lpt_critical_wave",128,6,"6;1;1"
"1",2,"critical_wave_auto_lpt",12,"case_000090",17,17,0,0.08207999914884567,0.08360000252723694,538.0611049947983,526.6963017580389,"critical_wave","release_lpt","release_lpt_critical_wave",128,7,"7;1;1;1;2;4;1;1;1;1;1;2;1;2;1;1;1"
"1",2,"critical_wave_auto_lpt",12,"case_000091",13,11,2,0.20262400060892105,0.204310405254364,1886.333487698258,244.43714392745716,"critical_wave","fifo","fifo_critical_wave",128,2,"1;1;1;1;1;1;1;2;1;1;2;1;1"
"1",2,"critical_wave_auto_lpt",12,"case_000092",8,8,0,0.06870400160551071,0.07022079825401306,603.5638051783279,590.1182908208948,"critical_wave","release_lpt","release_lpt_critical_wave",128,38,"24;38;1;11;16;1;3;12"
"1",2,"critical_wave_auto_lpt",12,"case_000093",13,13,0,0.08555200323462486,0.08675839751958847,369.26200810706854,361.5215872289752,"critical_wave","release_lpt","release_lpt_critical_wave",128,4,"1;1;1;1;1;1;3;2;1;2;1;1;4"
"1",2,"critical_wave_auto_lpt",12,"case_000094",5,5,0,0.05592000111937523,0.0657151997089386,162.178157554753,158.91501827815566,"critical_wave","release_lpt","release_lpt_critical_wave",128,6,"2;1;6;1;1"
"1",2,"critical_wave_auto_lpt",12,"case_000095",8,8,0,0.057103998959064484,0.05799039825797081,282.83861765229693,277.0524006793514,"critical_wave","release_lpt","release_lpt_critical_wave",128,9,"1;2;9;1;1;1;2;2"
"1",2,"critical_wave_auto_lpt",12,"case_000096",17,17,0,0.0817280001938343,0.08300479874014854,767.0056677188722,750.2803427781168,"critical_wave","release_lpt","release_lpt_critical_wave",128,31,"31;7;1;8;12;3;5;1;4;1;3;14;9;3;1;6;17"
"1",2,"critical_wave_auto_lpt",12,"case_000097",6,6,0,0.05951999872922897,0.060659199580550195,123.70360694218682,121.41075528033048,"critical_wave","release_lpt","release_lpt_critical_wave",128,4,"1;1;4;1;1;1"
"1",2,"critical_wave_auto_lpt",12,"case_000098",3,2,1,0.046431999653577805,0.048214401304721835,120.91245300410831,27.363197998777117,"critical_wave","fifo","fifo_critical_wave",176,1,"1;1;1"
"1",2,"critical_wave_auto_lpt",12,"case_000099",10,10,0,0.06563200056552887,0.06804480329155922,295.0677692761253,289.06874446189784,"critical_wave","release_lpt","release_lpt_critical_wave",128,5,"1;5;1;1;2;4;1;1;1;1"
"1",4,"fa3_native_fifo",16,"case_000000",7,7,0,0.07527999952435493,0.08201919719576836,387.7819467646994,190.00722755547292,"fa3_native","fifo","fifo",128,57,"18;10;3;10;10;5;2"
"1",4,"fa3_native_fifo",16,"case_000001",5,5,0,0.07015999779105186,0.07354240119457245,75.8353173249185,37.535234933201075,"fa3_native","fifo","fifo",128,19,"5;5;7;19;2"
"1",4,"fa3_native_fifo",16,"case_000002",6,6,0,0.08152000233530998,0.08418560028076172,420.34364723217965,205.7687870395743,"fa3_native","fifo","fifo",128,57,"12;5;4;30;2;1"
"1",4,"fa3_native_fifo",16,"case_000003",5,5,0,0.0732479989528656,0.07460480183362961,295.30031003193415,144.67453243083335,"fa3_native","fifo","fifo",128,53,"21;4;6;16;8"
"1",4,"fa3_native_fifo",16,"case_000004",4,4,0,0.05552000179886818,0.05727679990231991,244.74956670979452,120.0184399153935,"fa3_native","fifo","fifo",128,51,"2;5;16;30"
"1",4,"fa3_native_fifo",16,"case_000005",4,4,0,0.07044799998402596,0.07288000285625458,191.21984832861904,93.77242791133779,"fa3_native","fifo","fifo",128,34,"16;20;10;6"
"1",4,"fa3_native_fifo",16,"case_000006",14,14,0,0.07256000116467476,0.07419199794530869,775.5863937251116,380.0749663359465,"fa3_native","fifo","fifo",128,57,"1;1;3;2;13;4;2;2;2;1;9;8;4;7"
"1",4,"fa3_native_fifo",16,"case_000007",7,7,0,0.05787200108170509,0.06384000107645989,307.21698071056517,150.86756698931754,"fa3_native","fifo","fifo",128,33,"6;2;13;5;1;13;8"
"1",4,"fa3_native_fifo",16,"case_000008",9,9,0,0.062384000048041344,0.06424639746546745,609.0507222803985,298.41292616157733,"fa3_native","fifo","fifo",128,56,"1;13;5;5;6;8;13;6;4"
"1",4,"fa3_native_fifo",16,"case_000009",5,5,0,0.05390400066971779,0.05634879991412163,327.4052271581125,160.524782808209,"fa3_native","fifo","fifo",128,57,"14;5;24;3;1"
"1",4,"fa3_native_fifo",16,"case_000010",6,6,0,0.05854399874806404,0.06013119965791702,204.6723891814144,100.66575782363832,"fa3_native","fifo","fifo",128,47,"2;6;6;28;1;6"
"1",4,"fa3_native_fifo",16,"case_000011",9,9,0,0.059856001287698746,0.06122560054063797,505.9134710728391,248.0962256169273,"fa3_native","fifo","fifo",128,44,"1;3;9;8;13;4;11;3;8"
"1",4,"fa3_native_fifo",16,"case_000012",6,6,0,0.05601599998772144,0.05819199979305267,401.09679300422897,196.60896890913446,"fa3_native","fifo","fifo",128,57,"2;26;3;19;5;4"
"1",4,"fa3_native_fifo",16,"case_000013",9,9,0,0.06844799965620041,0.07092160284519196,670.037815427167,328.1009834151617,"fa3_native","fifo","fifo",128,57,"1;9;1;3;1;16;3;2;25"
"1",4,"fa3_native_fifo",16,"case_000014",9,8,1,1.7314720153808594,1.737984049320221,4397.485424551419,15.263110096634684,"fa3_native","fifo","fifo",128,1,"1;1;1;1;1;1;1;1;1"
"1",4,"fa3_native_fifo",16,"case_000015",6,6,0,0.05601599998772144,0.05734720081090927,529.5200229666834,259.3156241642392,"fa3_native","fifo","fifo",128,57,"8;3;14;20;8;5"
"1",4,"fa3_native_fifo",16,"case_000016",10,10,0,0.06732799857854843,0.06983040273189545,473.010139263917,232.0171151645837,"fa3_native","fifo","fifo",128,57,"12;3;17;1;5;6;1;5;1;1"
"1",4,"fa3_native_fifo",16,"case_000017",4,4,0,0.0660959966480732,0.07228799909353256,405.4276729448663,198.39265106810765,"fa3_native","fifo","fifo",128,57,"6;42;1;2"
"1",4,"fa3_native_fifo",16,"case_000018",14,14,0,0.0631519965827465,0.07213439792394638,353.2833918048344,174.07652322750835,"fa3_native","fifo","fifo",128,22,"4;2;5;9;7;5;1;2;9;3;3;7;3;4"
"1",4,"fa3_native_fifo",16,"case_000019",11,11,0,0.07030399888753891,0.07604799792170525,559.7574672096666,274.4305915067899,"fa3_native","fifo","fifo",128,57,"3;7;2;5;1;5;12;2;3;22;1"
"1",4,"fa3_native_fifo",16,"case_000020",8,7,1,0.1942560002207756,0.19839999824762344,1013.1542523696579,74.17642689864742,"fa3_native","fifo","fifo",128,1,"1;1;1;1;1;1;1;1"
"1",4,"fa3_native_fifo",16,"case_000021",12,12,0,0.0660959966480732,0.0816063977777958,498.8493963947389,244.86856724736012,"fa3_native","fifo","fifo",128,51,"4;4;5;5;12;3;4;4;3;1;6;3"
"1",4,"fa3_native_fifo",16,"case_000022",9,9,0,0.05607999861240387,0.05797120146453381,397.53287830982674,195.24793635744084,"fa3_native","fifo","fifo",128,36,"8;4;5;3;9;3;9;4;14"
"1",4,"fa3_native_fifo",16,"case_000023",9,9,0,0.05615999922156334,0.059116799384355545,399.5712237720956,196.24159816171039,"fa3_native","fifo","fifo",128,36,"8;4;5;3;9;3;9;4;14"
"1",4,"fa3_native_fifo",16,"case_000024",5,5,0,0.04480000026524067,0.06076799854636194,96.68607942756518,48.0028568586538,"fa3_native","fifo","fifo",128,12,"12;3;3;12;2"
"1",4,"fa3_native_fifo",16,"case_000025",10,10,0,0.06459200009703636,0.06590080261230469,680.0029635560903,333.1325236511338,"fa3_native","fifo","fifo",128,57,"3;1;1;7;23;4;6;11;2;2"
"1",4,"fa3_native_fifo",16,"case_000026",6,6,0,0.05289600044488907,0.05641280002892018,321.08873293162304,157.58741549249626,"fa3_native","fifo","fifo",128,48,"1;4;2;19;7;12"
"1",4,"fa3_native_fifo",16,"case_000027",11,11,0,0.05963199958205223,0.06746559888124466,680.0151332876779,333.34907665888284,"fa3_native","fifo","fifo",128,57,"2;9;2;19;2;2;7;5;4;2;3"
"1",4,"fa3_native_fifo",16,"case_000028",6,6,0,0.05843200162053108,0.06029120087623596,474.35985540945217,232.35048643669248,"fa3_native","fifo","fifo",128,57,"24;15;2;7;1;6"
"1",4,"fa3_native_fifo",16,"case_000029",13,13,0,0.07054400071501732,0.07316159829497337,618.3315591670762,303.22884700592715,"fa3_native","fifo","fifo",128,57,"2;1;2;2;3;4;1;1;1;5;3;31;4"
"1",4,"fa3_native_fifo",16,"case_000030",10,10,0,0.06116800010204315,0.06295680180191994,384.65757717676445,188.98247418119985,"fa3_native","fifo","fifo",128,57,"2;1;4;20;4;9;3;3;2;1"
"1",4,"fa3_native_fifo",16,"case_000031",6,6,0,0.04939199984073639,0.05031359940767288,271.93088004755214,133.6417237869344,"fa3_native","fifo","fifo",128,27,"2;8;16;2;14;13"
"1",4,"fa3_native_fifo",16,"case_000032",6,5,1,1.2944639921188354,1.309001624584198,4384.910088597441,12.332641230034652,"fa3_native","fifo","fifo",128,1,"1;1;1;1;1;1"
"1",4,"fa3_native_fifo",16,"case_000033",6,6,0,0.060015998780727386,0.060950398445129395,318.804429830537,156.37643612812425,"fa3_native","fifo","fifo",128,57,"26;1;11;2;2;8"
"1",4,"fa3_native_fifo",16,"case_000034",4,4,0,0.05558399856090546,0.056784000247716904,308.60307074174216,151.19631940101104,"fa3_native","fifo","fifo",128,57,"5;11;26;3"
"1",4,"fa3_native_fifo",16,"case_000035",6,6,0,0.05655999854207039,0.05816959962248802,243.63263541724245,119.71485457100127,"fa3_native","fifo","fifo",128,28,"16;10;2;11;1;13"
"1",4,"fa3_native_fifo",16,"case_000036",9,9,0,0.0679200030863285,0.06955520063638687,735.0703458676595,359.86241003160166,"fa3_native","fifo","fifo",128,57,"1;3;5;1;8;7;2;26;4"
"1",4,"fa3_native_fifo",16,"case_000037",19,18,1,0.15460800379514694,0.15687039494514465,2301.3390059122444,291.58066137204116,"fa3_native","fifo","fifo",128,2,"2;1;2;1;1;1;1;1;1;1;1;1;1;1;2;1;2;2;2"
"1",4,"fa3_native_fifo",16,"case_000038",9,9,0,0.05145600065588951,0.0527103990316391,345.1007319195439,169.7487540551845,"fa3_native","fifo","fifo",128,25,"3;8;10;7;4;5;2;7;3"
"1",4,"fa3_native_fifo",16,"case_000039",7,7,0,0.05111999996006489,0.05400640070438385,347.3074681899406,170.556494655931,"fa3_native","fifo","fifo",128,27,"3;8;10;4;5;7;11"
"1",4,"fa3_native_fifo",16,"case_000040",8,8,0,0.06172800064086914,0.06379520148038864,465.6487333718911,228.28822987456454,"fa3_native","fifo","fifo",128,57,"2;3;10;8;17;9;8;1"
"1",4,"fa3_native_fifo",16,"case_000041",9,9,0,0.05056000128388405,0.0522271990776062,321.351931080328,158.17467952773046,"fa3_native","fifo","fifo",128,34,"8;2;3;13;2;2;9;3;3"
"1",4,"fa3_native_fifo",16,"case_000042",13,13,0,0.08196799829602242,0.08422720059752464,1024.5948727538394,501.417148819095,"fa3_native","fifo","fifo",128,57,"9;18;1;1;17;1;3;5;1;2;3;2;1"
"1",4,"fa3_native_fifo",16,"case_000043",19,19,0,0.09758399799466133,0.10395840182900429,609.4490841751907,298.9657382309349,"fa3_native","fifo","fifo",128,57,"1;2;2;17;1;1;2;1;5;1;7;8;3;2;1;2;7;1;2"
"1",4,"fa3_native_fifo",16,"case_000044",13,12,1,0.09219200164079666,0.09457919746637344,660.7319896289608,141.0996156768941,"fa3_native","fifo","fifo",128,2,"2;1;2;1;1;2;2;2;1;1;2;2;2"
"1",4,"fa3_native_fifo",16,"case_000045",7,7,0,0.04926399886608124,0.05190719999372959,288.74738696443814,141.9993537068799,"fa3_native","fifo","fifo",128,25,"5;10;2;13;15;6;6"
"1",4,"fa3_native_fifo",16,"case_000046",6,6,0,0.05284800007939339,0.0571104008704424,286.1818027792737,140.54374789664234,"fa3_native","fifo","fifo",128,36,"5;5;12;21;10;6"
"1",4,"fa3_native_fifo",16,"case_000047",9,9,0,0.08662399649620056,0.0883744016289711,409.6953427628638,200.78464055584033,"fa3_native","fifo","fifo",128,57,"37;1;4;3;7;1;1;1;3"
"1",4,"fa3_native_fifo",16,"case_000048",10,10,0,0.06102399900555611,0.06267840042710304,301.0248606999268,148.14892742733673,"fa3_native","fifo","fifo",128,29,"2;2;11;11;1;4;6;10;2;1"
"1",4,"fa3_native_fifo",16,"case_000049",12,12,0,0.083600003272295,0.08575359731912613,356.44997647835555,175.06755295606845,"fa3_native","fifo","fifo",128,57,"1;2;27;2;1;3;4;2;5;6;1;7"
"1",4,"fa3_native_fifo",16,"case_000050",4,4,0,0.052960000932216644,0.05466879904270172,405.4223203560907,198.49667324316647,"fa3_native","fifo","fifo",128,54,"6;11;17;21"
"1",4,"fa3_native_fifo",16,"case_000051",10,10,0,0.05742400139570236,0.064335997402668,323.21079849703824,159.05488607562552,"fa3_native","fifo","fifo",128,32,"9;7;2;1;13;2;3;4;6;5"
"1",4,"fa3_native_fifo",16,"case_000052",6,6,0,0.05220799893140793,0.05310719832777977,398.06141421554685,195.18235152793275,"fa3_native","fifo","fifo",128,38,"15;3;7;7;8;15"
"1",4,"fa3_native_fifo",16,"case_000053",11,11,0,0.05809599906206131,0.059651199728250504,642.637705775867,315.1330262939868,"fa3_native","fifo","fifo",128,51,"7;2;3;2;5;12;7;8;6;2;6"
"1",4,"fa3_native_fifo",16,"case_000054",8,7,1,0.08468799665570259,0.0859999991953373,371.49166023968684,80.69374964415145,"fa3_native","fifo","fifo",128,5,"1;3;3;3;3;1;2;1"
"1",4,"fa3_native_fifo",16,"case_000055",5,5,0,0.04800000041723251,0.04951360076665878,212.6124354852329,104.55466575784155,"fa3_native","fifo","fifo",128,26,"15;10;3;11;2"
"1",4,"fa3_native_fifo",16,"case_000056",7,7,0,0.05318399891257286,0.05429119989275932,550.4684011468539,269.7184170671467,"fa3_native","fifo","fifo",128,54,"6;11;11;16;9;3;2"
"1",4,"fa3_native_fifo",16,"case_000057",8,8,0,0.06267200037837029,0.06388800218701363,438.0722689916784,214.8092915292722,"fa3_native","fifo","fifo",128,57,"10;24;5;4;5;3;3;1"
"1",4,"fa3_native_fifo",16,"case_000058",8,8,0,0.07956800237298012,0.08268160298466683,227.9757921151465,112.03056171015615,"fa3_native","fifo","fifo",128,57,"3;2;4;2;2;1;6;30"
"1",4,"fa3_native_fifo",16,"case_000059",8,7,1,0.3301759958267212,0.33269439935684203,3068.9873867262913,36.368288887669024,"fa3_native","fifo","fifo",128,1,"1;1;1;1;1;1;1;1"
"1",4,"fa3_native_fifo",16,"case_000060",13,13,0,0.06425599753856659,0.06567040085792542,447.78379404553647,220.08168173736934,"fa3_native","fifo","fifo",128,56,"1;1;7;3;2;4;3;2;8;7;17;3;1"
"1",4,"fa3_native_fifo",16,"case_000061",7,7,0,0.05217599868774414,0.05679999962449074,278.6711974411207,137.02300252624266,"fa3_native","fifo","fifo",128,35,"4;21;9;2;2;6;14"
"1",4,"fa3_native_fifo",16,"case_000062",7,7,0,0.06247999891638756,0.06435199826955795,373.8006518094596,183.31575221900178,"fa3_native","fifo","fifo",128,57,"3;8;32;12;3;2;1"
"1",4,"fa3_native_fifo",16,"case_000063",8,8,0,0.05417599901556969,0.0568000003695488,378.5207298550517,185.8736005422993,"fa3_native","fifo","fifo",128,57,"6;2;23;3;9;2;7;2"
"1",4,"fa3_native_fifo",16,"case_000064",7,7,0,0.054448001086711884,0.05789440050721169,323.1326271093141,158.6929148462115,"fa3_native","fifo","fifo",128,34,"4;1;13;2;11;14;2"
"1",4,"fa3_native_fifo",16,"case_000065",9,8,1,0.07068800181150436,0.07224959880113602,271.7322302477914,105.05567861152076,"fa3_native","fifo","fifo",128,5,"2;5;2;5;1;2;5;3;1"
"1",4,"fa3_native_fifo",16,"case_000066",11,11,0,0.06326399743556976,0.06493760272860527,391.79267142015954,192.54022024778646,"fa3_native","fifo","fifo",128,28,"8;2;3;5;8;2;3;7;7;5;1"
"1",4,"fa3_native_fifo",16,"case_000067",8,8,0,0.04854400083422661,0.04962560124695301,209.97872282527527,103.69940494172702,"fa3_native","fifo","fifo",128,29,"3;17;2;5;8;2;2;3"
"1",4,"fa3_native_fifo",16,"case_000068",10,10,0,0.06207999959588051,0.06424959748983383,530.0055127285045,259.9360841663215,"fa3_native","fifo","fifo",128,40,"5;6;4;2;7;1;3;8;9;10"
"1",4,"fa3_native_fifo",16,"case_000069",5,5,0,0.08049600198864937,0.09040000215172768,391.62188020772953,191.66288534647342,"fa3_native","fifo","fifo",128,57,"2;6;20;29;4"
"1",4,"fa3_native_fifo",16,"case_000070",10,10,0,0.05841600149869919,0.06002559885382652,216.6717753230996,107.01287043994621,"fa3_native","fifo","fifo",128,27,"4;16;4;3;2;2;5;1;4;12"
"1",4,"fa3_native_fifo",16,"case_000071",4,4,0,0.06483200192451477,0.06653119996190071,548.079557274383,268.0552733854218,"fa3_native","fifo","fifo",128,57,"1;38;10;6"
"1",4,"fa3_native_fifo",16,"case_000072",5,5,0,0.045264000073075294,0.052579201757907874,75.5638881777604,37.68115935945648,"fa3_native","fifo","fifo",128,9,"4;9;9;3;2"
"1",4,"fa3_native_fifo",16,"case_000073",7,7,0,0.08766399696469307,0.08959999680519104,427.0859501772329,209.10531842830378,"fa3_native","fifo","fifo",128,57,"43;2;3;3;4;1;2"
"1",4,"fa3_native_fifo",16,"case_000074",14,14,0,0.09868799895048141,0.10421760305762291,656.5898694988578,321.60830432812395,"fa3_native","fifo","fifo",128,57,"8;1;6;4;4;2;1;4;7;2;11;3;1;7"
"1",4,"fa3_native_fifo",16,"case_000075",9,9,0,0.06326399743556976,0.06514239683747292,515.3646663128593,252.65352566882177,"fa3_native","fifo","fifo",128,57,"14;4;12;2;5;6;1;6;3"
"1",4,"fa3_native_fifo",16,"case_000076",6,6,0,0.04931199923157692,0.0506879985332489,392.7747757506733,192.64893226873554,"fa3_native","fifo","fifo",128,37,"3;15;12;4;13;4"
"1",4,"fa3_native_fifo",16,"case_000077",10,8,2,0.8772960007190704,0.8799999952316284,3881.35647910059,32.59470005170674,"fa3_native","fifo","fifo",128,1,"1;1;1;1;1;1;1;1;1;1"
"1",4,"fa3_native_fifo",16,"case_000078",8,8,0,0.06207999959588051,0.06420479714870453,466.9228896374459,228.90515612926924,"fa3_native","fifo","fifo",128,57,"5;1;16;8;3;22;1;2"
"1",4,"fa3_native_fifo",16,"case_000079",9,8,1,0.09324800223112106,0.09578879922628403,768.0533954870871,136.11530216530414,"fa3_native","fifo","fifo",128,5,"3;2;2;2;5;1;3;5;1"
"1",4,"fa3_native_fifo",16,"case_000080",8,8,0,0.05251200124621391,0.05528639927506447,375.7636863901216,184.5606293799127,"fa3_native","fifo","fifo",128,45,"4;2;6;15;18;3;2;4"
"1",4,"fa3_native_fifo",16,"case_000081",9,9,0,0.0618400014936924,0.06369920000433922,325.5286648408847,159.9834372741584,"fa3_native","fifo","fifo",128,45,"4;2;6;15;18;3;2;4;1"
"1",4,"fa3_native_fifo",16,"case_000082",8,8,0,0.05950399860739708,0.06171200051903725,375.05659818339797,184.08820005985757,"fa3_native","fifo","fifo",128,50,"3;3;6;15;20;1;7;4"
"1",4,"fa3_native_fifo",16,"case_000083",8,8,0,0.06007999926805496,0.06164159998297691,360.59635485913304,177.01837765592083,"fa3_native","fifo","fifo",128,57,"34;2;6;5;3;3;3;3"
"1",4,"fa3_native_fifo",16,"case_000084",9,8,1,0.24859199672937393,0.2500640094280243,797.4854370224169,60.814829917706795,"fa3_native","fifo","fifo",128,1,"1;1;1;1;1;1;1;1;1"
"1",4,"fa3_native_fifo",16,"case_000085",6,6,0,0.05979200080037117,0.060972798615694046,387.83211683152183,190.08402207422782,"fa3_native","fifo","fifo",128,57,"1;27;25;3;4;2"
"1",4,"fa3_native_fifo",16,"case_000086",12,12,0,0.05825600028038025,0.06040960103273392,479.8608534993219,235.77039161450563,"fa3_native","fifo","fifo",128,29,"1;5;3;5;6;5;2;5;7;4;6;9"
"1",4,"fa3_native_fifo",16,"case_000087",5,5,0,0.04975999891757965,0.052435200288891794,370.2125559631351,181.48167597346182,"fa3_native","fifo","fifo",128,38,"9;13;15;9;2"
"1",4,"fa3_native_fifo",16,"case_000088",7,7,0,0.06244799867272377,0.06387840211391449,606.1429470362401,296.7645464048253,"fa3_native","fifo","fifo",128,57,"5;1;25;3;8;12;5"
"1",4,"fa3_native_fifo",16,"case_000089",3,3,0,0.06268800050020218,0.06429119780659676,392.07229498284494,191.7815196540082,"fa3_native","fifo","fifo",128,57,"37;7;3"
"1",4,"fa3_native_fifo",16,"case_000090",17,17,0,0.07102399691939354,0.07264640107750893,621.818778942033,305.3228336981794,"fa3_native","fifo","fifo",128,57,"18;1;1;1;4;11;1;3;2;1;1;5;2;5;3;2;2"
"1",4,"fa3_native_fifo",16,"case_000091",13,11,2,0.23899199813604355,0.24332159757614136,1599.28550219672,108.83042195075637,"fa3_native","fifo","fifo",128,1,"1;1;1;1;1;1;1;1;1;1;1;1;1"
"1",4,"fa3_native_fifo",16,"case_000092",8,8,0,0.06467200070619583,0.0663679987192154,641.193224072118,313.96140181657853,"fa3_native","fifo","fifo",128,57,"12;19;1;6;8;1;2;6"
"1",4,"fa3_native_fifo",16,"case_000093",13,13,0,0.08391999825835228,0.08550400212407112,376.4431025694861,184.91058534376907,"fa3_native","fifo","fifo",128,51,"1;1;3;3;1;4;11;5;1;6;2;2;12"
"1",4,"fa3_native_fifo",16,"case_000094",5,5,0,0.04927999898791313,0.05145600065588951,184.0300920912021,90.57922263948949,"fa3_native","fifo","fifo",128,32,"9;4;19;2;2"
"1",4,"fa3_native_fifo",16,"case_000095",8,8,0,0.0581279993057251,0.06648959890007976,277.85604735942195,136.64960251294366,"fa3_native","fifo","fifo",128,57,"2;4;23;1;3;1;5;4"
"1",4,"fa3_native_fifo",16,"case_000096",17,17,0,0.08079999685287476,0.08206399902701378,775.814873782012,380.3105098624357,"fa3_native","fifo","fifo",128,57,"16;4;1;4;6;2;3;1;2;1;2;7;5;2;1;3;9"
"1",4,"fa3_native_fifo",16,"case_000097",6,6,0,0.05251200124621391,0.05441280081868172,140.21249149271105,69.27483077522741,"fa3_native","fifo","fifo",128,29,"3;4;29;10;3;4"
"1",4,"fa3_native_fifo",16,"case_000098",3,2,1,0.04956800118088722,0.051318399235606195,113.26272680458145,15.047126820348616,"fa3_native","fifo","fifo",128,1,"1;1;1"
"1",4,"fa3_native_fifo",16,"case_000099",10,10,0,0.06132800132036209,0.06265600025653839,315.77562586521384,155.34567888872058,"fa3_native","fifo","fifo",128,39,"2;15;1;4;8;12;4;4;1;2"
"1",4,"critical_wave_auto_lpt",16,"case_000000",7,7,0,0.05363199859857559,0.05821439847350121,544.3061144615878,266.7016776134069,"critical_wave","release_lpt","release_lpt_critical_wave",128,18,"18;10;3;10;10;5;2"
"1",4,"critical_wave_auto_lpt",16,"case_000001",5,5,0,0.047439999878406525,0.04930239915847778,112.15442052355071,55.511635892703474,"critical_wave","release_lpt","release_lpt_critical_wave",128,4,"1;1;1;4;1"
"1",4,"critical_wave_auto_lpt",16,"case_000002",6,6,0,0.07678399980068207,0.07811519876122475,446.2702541278087,218.46051317387864,"critical_wave","release_lpt","release_lpt_critical_wave",128,6,"2;1;1;6;1;1"
"1",4,"critical_wave_auto_lpt",16,"case_000003",5,5,0,0.058639999479055405,0.0652864009141922,368.8635230586197,180.71487200106472,"critical_wave","release_lpt","release_lpt_critical_wave",128,5,"5;1;1;3;2"
"1",4,"critical_wave_auto_lpt",16,"case_000004",4,4,0,0.055055998265743256,0.05595200099050999,246.8122786260509,121.02993697139249,"critical_wave","release_lpt","release_lpt_critical_wave",128,30,"2;5;16;30"
"1",4,"critical_wave_auto_lpt",16,"case_000005",4,4,0,0.05417599901556969,0.05540800057351589,248.65357569370417,121.93739146557266,"critical_wave","release_lpt","release_lpt_critical_wave",128,4,"3;4;2;1"
"1",4,"critical_wave_auto_lpt",16,"case_000006",14,14,0,0.07702399790287018,0.0786048024892807,730.6365699553352,358.04737160978164,"critical_wave","release_lpt","release_lpt_critical_wave",128,13,"1;1;3;2;13;4;2;2;2;1;9;8;4;7"
"1",4,"critical_wave_auto_lpt",16,"case_000007",7,7,0,0.06180800125002861,0.06367999985814095,287.65307210111035,141.26015764012362,"critical_wave","release_lpt","release_lpt_critical_wave",128,3,"1;1;3;1;1;3;2"
"1",4,"critical_wave_auto_lpt",16,"case_000008",9,9,0,0.07606399804353714,0.07783999666571617,499.51384709297815,244.74380099432264,"critical_wave","release_lpt","release_lpt_critical_wave",128,3,"1;3;1;1;1;2;3;1;1"
"1",4,"critical_wave_auto_lpt",16,"case_000009",5,5,0,0.054416000843048096,0.05632320046424866,324.32467124703584,159.0144050636432,"critical_wave","release_lpt","release_lpt_critical_wave",128,7,"4;2;7;1;1"
"1",4,"critical_wave_auto_lpt",16,"case_000010",6,6,0,0.05470399931073189,0.06109120100736618,219.03956286518329,107.73208676250898,"critical_wave","release_lpt","release_lpt_critical_wave",128,5,"1;1;1;5;1;1"
"1",4,"critical_wave_auto_lpt",16,"case_000011",9,9,0,0.0828159973025322,0.0837503969669342,365.65347713411035,179.31376163655693,"critical_wave","release_lpt","release_lpt_critical_wave",128,2,"1;1;1;1;2;1;2;1;1"
"1",4,"critical_wave_auto_lpt",16,"case_000012",6,6,0,0.059888001531362534,0.06186880134046078,375.16426291556746,183.89740379352133,"critical_wave","release_lpt","release_lpt_critical_wave",128,6,"1;6;1;4;1;1"
"1",4,"critical_wave_auto_lpt",16,"case_000013",9,9,0,0.08232000097632408,0.08334400057792664,557.1276435381786,272.8116585720045,"critical_wave","release_lpt","release_lpt_critical_wave",128,5,"1;2;1;1;1;3;1;1;5"
"1",4,"critical_wave_auto_lpt",16,"case_000014",9,8,1,1.7152960300445557,1.7223039865493774,4438.955618907496,15.407047843114013,"critical_wave","fifo","fifo_critical_wave",176,1,"1;1;1;1;1;1;1;1;1"
"1",4,"critical_wave_auto_lpt",16,"case_000015",6,6,0,0.05423999950289726,0.05723199844360352,546.8582940974328,267.8064921299288,"critical_wave","release_lpt","release_lpt_critical_wave",128,20,"8;3;14;20;8;5"
"1",4,"critical_wave_auto_lpt",16,"case_000016",10,10,0,0.07142399996519089,0.07264640182256699,445.88410057572844,218.71146964064113,"critical_wave","release_lpt","release_lpt_critical_wave",128,4,"3;1;4;1;1;2;1;1;1;1"
"1",4,"critical_wave_auto_lpt",16,"case_000017",4,4,0,0.06398400291800499,0.07564799860119822,418.81009142770165,204.9412259624356,"critical_wave","release_lpt","release_lpt_critical_wave",128,10,"2;10;1;1"
"1",4,"critical_wave_auto_lpt",16,"case_000018",14,14,0,0.06644799932837486,0.0763712003827095,335.75956804575856,165.4418509377996,"critical_wave","release_lpt","release_lpt_critical_wave",128,2,"1;1;1;2;1;1;1;1;2;1;1;1;1;1"
"1",4,"critical_wave_auto_lpt",16,"case_000019",11,11,0,0.07971200346946716,0.08187199756503105,493.6921246380894,242.0409368758395,"critical_wave","release_lpt","release_lpt_critical_wave",128,4,"1;2;1;1;1;1;2;1;1;4;1"
"1",4,"critical_wave_auto_lpt",16,"case_000020",8,7,1,0.20148800313472748,0.204783995449543,976.7891368718348,71.5140146104138,"critical_wave","fifo","fifo_critical_wave",176,1,"1;1;1;1;1;1;1;1"
"1",4,"critical_wave_auto_lpt",16,"case_000021",12,12,0,0.0697920024394989,0.08158720061182978,472.43160934639513,231.90095475524237,"critical_wave","release_lpt","release_lpt_critical_wave",128,3,"1;1;1;2;3;1;1;1;1;1;2;1"
"1",4,"critical_wave_auto_lpt",16,"case_000022",9,9,0,0.07099199667572975,0.07217919826507568,314.0303739565279,154.23575209490255,"critical_wave","release_lpt","release_lpt_critical_wave",128,2,"1;1;1;1;1;1;2;1;2"
"1",4,"critical_wave_auto_lpt",16,"case_000023",9,9,0,0.07076800242066383,0.07181120291352272,317.09132444648003,155.73320742457406,"critical_wave","release_lpt","release_lpt_critical_wave",128,2,"1;1;1;1;1;1;2;1;2"
"1",4,"critical_wave_auto_lpt",16,"case_000024",5,5,0,0.04561600089073181,0.046857599169015884,94.95651305285894,47.14415902330756,"critical_wave","release_lpt","release_lpt_critical_wave",128,3,"3;1;1;3;1"
"1",4,"critical_wave_auto_lpt",16,"case_000025",10,10,0,0.08232000097632408,0.08361600339412689,533.561114760343,261.3908618172717,"critical_wave","release_lpt","release_lpt_critical_wave",128,5,"1;1;1;2;5;1;1;2;1;1"
"1",4,"critical_wave_auto_lpt",16,"case_000026",6,6,0,0.06468800082802773,0.06621119752526283,262.5573451427659,128.86074532061173,"critical_wave","release_lpt","release_lpt_critical_wave",128,3,"1;1;1;3;1;2"
"1",4,"critical_wave_auto_lpt",16,"case_000027",11,11,0,0.061184000223875046,0.06212159991264343,662.7657883698888,324.8933042505311,"critical_wave","release_lpt","release_lpt_critical_wave",128,19,"2;9;2;19;2;2;7;5;4;2;3"
"1",4,"critical_wave_auto_lpt",16,"case_000028",6,6,0,0.06611199676990509,0.0772511996328831,419.25516085179635,205.35915814571592,"critical_wave","release_lpt","release_lpt_critical_wave",128,6,"6;3;1;2;1;1"
"1",4,"critical_wave_auto_lpt",16,"case_000029",13,13,0,0.06915199756622314,0.07043199986219406,630.7783359436273,309.33272722187115,"critical_wave","release_lpt","release_lpt_critical_wave",128,11,"1;1;1;1;1;1;1;1;1;2;1;11;1"
"1",4,"critical_wave_auto_lpt",16,"case_000030",10,10,0,0.06207999959588051,0.06307840272784233,379.00668287957456,186.20618677914868,"critical_wave","release_lpt","release_lpt_critical_wave",128,6,"1;1;1;6;1;2;1;1;2;1"
"1",4,"critical_wave_auto_lpt",16,"case_000031",6,6,0,0.057551998645067215,0.05916479974985123,233.37521372337588,114.69335827428745,"critical_wave","release_lpt","release_lpt_critical_wave",128,3,"1;1;3;1;2;2"
"1",4,"critical_wave_auto_lpt",16,"case_000032",6,5,1,1.2808000445365906,1.292201578617096,4431.689585411973,12.464209435420525,"critical_wave","fifo","fifo_critical_wave",176,1,"1;1;1;1;1;1"
"1",4,"critical_wave_auto_lpt",16,"case_000033",6,6,0,0.06047999858856201,0.061849601194262506,316.3585766951143,155.1767231981204,"critical_wave","release_lpt","release_lpt_critical_wave",128,6,"6;1;2;1;1;2"
"1",4,"critical_wave_auto_lpt",16,"case_000034",4,4,0,0.05751999840140343,0.06569599881768227,298.2161529333679,146.10737540971402,"critical_wave","release_lpt","release_lpt_critical_wave",128,6,"1;3;6;1"
"1",4,"critical_wave_auto_lpt",16,"case_000035",6,6,0,0.052719999104738235,0.05405440144240856,261.3782575493543,128.4346000565741,"critical_wave","release_lpt","release_lpt_critical_wave",128,4,"4;2;1;3;1;3"
"1",4,"critical_wave_auto_lpt",16,"case_000036",9,9,0,0.07153600081801414,0.07303039729595184,697.9140515138732,341.67210524082117,"critical_wave","release_lpt","release_lpt_critical_wave",128,26,"1;3;5;1;8;7;2;26;4"
"1",4,"critical_wave_auto_lpt",16,"case_000037",19,18,1,0.1541759967803955,0.1557855948805809,2307.787445453007,292.3976814900172,"critical_wave","fifo","fifo_critical_wave",128,2,"2;1;1;1;1;1;1;1;1;1;1;1;1;1;2;1;1;1;1"
"1",4,"critical_wave_auto_lpt",16,"case_000038",9,9,0,0.05283199995756149,0.05647040121257305,336.1126495734426,165.32768032662514,"critical_wave","release_lpt","release_lpt_critical_wave",128,10,"3;8;10;7;4;5;2;7;3"
"1",4,"critical_wave_auto_lpt",16,"case_000039",7,7,0,0.06275200098752975,0.06378240138292313,282.92895016253254,138.94135426426695,"critical_wave","release_lpt","release_lpt_critical_wave",128,2,"1;2;2;1;1;1;2"
"1",4,"critical_wave_auto_lpt",16,"case_000040",8,8,0,0.0759199969470501,0.0776992030441761,378.6033517894766,185.61349534600504,"critical_wave","release_lpt","release_lpt_critical_wave",128,3,"1;1;2;1;3;2;1;1"
"1",4,"critical_wave_auto_lpt",16,"case_000041",9,9,0,0.054816000163555145,0.05569919943809509,296.40167103622997,145.89375321326486,"critical_wave","release_lpt","release_lpt_critical_wave",128,5,"2;1;1;5;1;1;3;1;1"
"1",4,"critical_wave_auto_lpt",16,"case_000042",13,13,0,0.08609599992632866,0.08747840225696564,975.4691374264091,477.3759528336848,"critical_wave","release_lpt","release_lpt_critical_wave",128,6,"3;6;1;1;6;1;1;3;1;1;1;1;1"
"1",4,"critical_wave_auto_lpt",16,"case_000043",19,19,0,0.1072159968316555,0.10876480042934418,554.6978059755423,272.1074546908125,"critical_wave","release_lpt","release_lpt_critical_wave",128,3,"1;1;1;3;1;1;1;1;1;1;1;2;1;1;1;1;1;1;1"
"1",4,"critical_wave_auto_lpt",16,"case_000044",13,12,1,0.0833280012011528,0.08536000177264214,731.0172306299996,156.1090607297567,"critical_wave","fifo","fifo_critical_wave",128,2,"1;1;2;1;1;1;1;1;1;1;1;1;1"
"1",4,"critical_wave_auto_lpt",16,"case_000045",7,7,0,0.0565279982984066,0.0579872015863657,251.6425730999388,123.75205580554206,"critical_wave","release_lpt","release_lpt_critical_wave",128,3,"1;3;1;2;3;1;1"
"1",4,"critical_wave_auto_lpt",16,"case_000046",6,6,0,0.05415999889373779,0.05555519834160805,279.24919211452783,137.13914608035182,"critical_wave","release_lpt","release_lpt_critical_wave",128,5,"1;1;2;5;2;2"
"1",4,"critical_wave_auto_lpt",16,"case_000047",9,9,0,0.06657600030303001,0.06819519773125648,533.0666873117159,261.2468144802087,"critical_wave","release_lpt","release_lpt_critical_wave",128,11,"11;1;1;1;2;1;1;1;1"
"1",4,"critical_wave_auto_lpt",16,"case_000048",10,10,0,0.061664000153541565,0.0630176030099392,297.90057009373186,146.61131255658194,"critical_wave","release_lpt","release_lpt_critical_wave",128,2,"1;1;2;2;1;1;1;2;1;1"
"1",4,"critical_wave_auto_lpt",16,"case_000049",12,12,0,0.07391999661922455,0.07517759874463081,403.12798380526505,197.99308264840576,"critical_wave","release_lpt","release_lpt_critical_wave",128,5,"1;1;5;1;1;1;1;1;1;1;1;1"
"1",4,"critical_wave_auto_lpt",16,"case_000050",4,4,0,0.06276800110936165,0.06384320110082627,342.07185324558066,167.4799868436803,"critical_wave","release_lpt","release_lpt_critical_wave",128,4,"1;2;3;4"
"1",4,"critical_wave_auto_lpt",16,"case_000051",10,10,0,0.06526399776339531,0.06656640022993088,284.3843157032253,139.94803127311263,"critical_wave","release_lpt","release_lpt_critical_wave",128,2,"2;1;1;1;2;1;1;1;1;1"
"1",4,"critical_wave_auto_lpt",16,"case_000052",6,6,0,0.06443199887871742,0.06608639657497406,322.5414429112879,158.15247357421177,"critical_wave","release_lpt","release_lpt_critical_wave",128,3,"3;1;1;1;2;3"
"1",4,"critical_wave_auto_lpt",16,"case_000053",11,11,0,0.05936000123620033,0.06062079966068268,628.9534833977003,308.42263508638536,"critical_wave","release_lpt","release_lpt_critical_wave",128,12,"7;2;3;2;5;12;7;8;6;2;6"
"1",4,"critical_wave_auto_lpt",16,"case_000054",8,7,1,0.0705760009586811,0.07194879651069641,445.7731247541052,96.82883568312208,"critical_wave","fifo","fifo_critical_wave",128,3,"1;1;1;3;1;1;1;1"
"1",4,"critical_wave_auto_lpt",16,"case_000055",5,5,0,0.05297600105404854,0.05717120058834554,192.64189045881338,94.73391536065115,"critical_wave","release_lpt","release_lpt_critical_wave",128,3,"3;2;1;2;1"
"1",4,"critical_wave_auto_lpt",16,"case_000056",7,7,0,0.05366399884223938,0.055219199508428574,545.5447130219549,267.3059091658515,"critical_wave","release_lpt","release_lpt_critical_wave",128,16,"6;11;11;16;9;3;2"
"1",4,"critical_wave_auto_lpt",16,"case_000057",8,8,0,0.06161599978804588,0.06275200098752975,445.5801334465487,218.49078236675572,"critical_wave","release_lpt","release_lpt_critical_wave",128,7,"3;7;1;1;2;1;1;1"
"1",4,"critical_wave_auto_lpt",16,"case_000058",8,8,0,0.05955199897289276,0.061811199784278875,304.6006629644268,149.68511811093947,"critical_wave","release_lpt","release_lpt_critical_wave",128,7,"1;1;1;1;1;1;1;7"
"1",4,"critical_wave_auto_lpt",16,"case_000059",8,7,1,0.34092800319194794,0.34407039880752566,2972.199282854135,35.2213249940614,"critical_wave","fifo","fifo_critical_wave",176,1,"1;1;1;1;1;1;1;1"
"1",4,"critical_wave_auto_lpt",16,"case_000060",13,13,0,0.07872000336647034,0.07968320325016975,365.5080429055896,179.64389475653147,"critical_wave","release_lpt","release_lpt_critical_wave",128,3,"1;1;1;1;1;1;1;1;1;1;3;1;1"
"1",4,"critical_wave_auto_lpt",16,"case_000061",7,7,0,0.05329599976539612,0.054953600838780405,272.8149972981735,134.14350104080205,"critical_wave","release_lpt","release_lpt_critical_wave",128,5,"1;5;3;1;1;1;3"
"1",4,"critical_wave_auto_lpt",16,"case_000062",7,7,0,0.06696000322699547,0.06786240190267563,348.79126634486505,171.05088781391217,"critical_wave","release_lpt","release_lpt_critical_wave",128,5,"1;1;5;2;1;1;1"
"1",4,"critical_wave_auto_lpt",16,"case_000063",8,8,0,0.06083200126886368,0.06810880228877068,337.10445588276565,165.53603021365964,"critical_wave","release_lpt","release_lpt_critical_wave",128,5,"1;1;5;1;2;1;2;1"
"1",4,"critical_wave_auto_lpt",16,"case_000064",7,7,0,0.05559999868273735,0.07036800011992467,316.43751886387275,155.40489576814866,"critical_wave","release_lpt","release_lpt_critical_wave",128,4,"1;1;4;1;3;4;1"
"1",4,"critical_wave_auto_lpt",16,"case_000065",9,8,1,0.068207997828722,0.07249599844217301,281.612259492413,108.87544329695716,"critical_wave","fifo","fifo_critical_wave",128,2,"1;2;1;2;1;1;2;1;1"
"1",4,"critical_wave_auto_lpt",16,"case_000066",11,11,0,0.07832000032067299,0.07920319959521294,316.4756187246529,155.52686351030053,"critical_wave","fifo","fifo_critical_wave",176,1,"1;1;1;1;1;1;1;1;1;1;1"
"1",4,"critical_wave_auto_lpt",16,"case_000067",8,8,0,0.05241600051522255,0.053833600133657455,194.4674754999613,96.03907109505695,"critical_wave","release_lpt","release_lpt_critical_wave",128,3,"1;3;1;1;2;1;1;1"
"1",4,"critical_wave_auto_lpt",16,"case_000068",10,10,0,0.0804160013794899,0.08240960165858269,409.1566535462163,200.66692851151512,"critical_wave","release_lpt","release_lpt_critical_wave",128,2,"1;1;1;1;1;1;1;2;2;2"
"1",4,"critical_wave_auto_lpt",16,"case_000069",5,5,0,0.05902399867773056,0.060047999024391174,534.087766911899,261.38683155367,"critical_wave","release_lpt","release_lpt_critical_wave",128,29,"2;6;20;29;4"
"1",4,"critical_wave_auto_lpt",16,"case_000070",10,10,0,0.05518399924039841,0.05696000158786774,229.3617520698672,113.28037268135604,"critical_wave","release_lpt","release_lpt_critical_wave",128,3,"1;3;1;1;1;1;1;1;2;2"
"1",4,"critical_wave_auto_lpt",16,"case_000071",4,4,0,0.0740479975938797,0.07521279901266098,479.8657096290869,234.69317962267752,"critical_wave","release_lpt","release_lpt_critical_wave",128,9,"1;9;2;1"
"1",4,"critical_wave_auto_lpt",16,"case_000072",5,5,0,0.04531199857592583,0.04623040147125721,75.48384418023025,37.6412441208493,"critical_wave","release_lpt","release_lpt_critical_wave",128,2,"1;2;2;1;1"
"1",4,"critical_wave_auto_lpt",16,"case_000073",7,7,0,0.06675200164318085,0.0684639997780323,560.8829775642353,274.61360781340153,"critical_wave","release_lpt","release_lpt_critical_wave",128,12,"12;1;1;1;1;1;1"
"1",4,"critical_wave_auto_lpt",16,"case_000074",14,14,0,0.07944000139832497,0.08148160204291344,815.6789930943568,399.53272207104004,"critical_wave","release_lpt","release_lpt_critical_wave",128,11,"8;1;6;4;4;2;1;4;7;2;11;3;1;7"
"1",4,"critical_wave_auto_lpt",16,"case_000075",9,9,0,0.07862400263547897,0.07998399809002876,414.6828937107239,203.29506848061814,"critical_wave","release_lpt","release_lpt_critical_wave",128,3,"3;1;2;1;1;1;1;1;1"
"1",4,"critical_wave_auto_lpt",16,"case_000076",6,6,0,0.05515199899673462,0.056223999708890915,351.1841781319069,172.24949544553155,"critical_wave","release_lpt","release_lpt_critical_wave",128,4,"1;4;3;1;4;1"
"1",4,"critical_wave_auto_lpt",16,"case_000077",10,8,2,0.8883840143680573,0.892799973487854,3832.9128635910693,32.187882196800786,"critical_wave","fifo","fifo_critical_wave",176,1,"1;1;1;1;1;1;1;1;1;1"
"1",4,"critical_wave_auto_lpt",16,"case_000078",8,8,0,0.06329599767923355,0.06431999802589417,457.9526962651866,224.5075916492304,"critical_wave","release_lpt","release_lpt_critical_wave",128,6,"1;1;4;2;1;6;1;1"
"1",4,"critical_wave_auto_lpt",16,"case_000079",9,8,1,0.0814560018479824,0.08282239735126495,879.2408553228537,155.82007110645318,"critical_wave","fifo","fifo_critical_wave",128,2,"1;1;1;1;2;1;1;2;1"
"1",4,"critical_wave_auto_lpt",16,"case_000080",8,8,0,0.06032000109553337,0.061251200735569,327.12372031871763,160.67055411107503,"critical_wave","release_lpt","release_lpt_critical_wave",128,5,"1;1;2;4;5;1;1;1"
"1",4,"critical_wave_auto_lpt",16,"case_000081",9,9,0,0.05579200014472008,0.05709119886159897,360.81683875434754,177.32606779354313,"critical_wave","release_lpt","release_lpt_critical_wave",128,6,"1;1;2;4;6;1;1;1;1"
"1",4,"critical_wave_auto_lpt",16,"case_000082",8,8,0,0.06240000016987324,0.06415359675884247,357.65011594943616,175.54461490672543,"critical_wave","release_lpt","release_lpt_critical_wave",128,4,"1;1;1;3;4;1;2;1"
"1",4,"critical_wave_auto_lpt",16,"case_000083",8,8,0,0.061135999858379364,0.06457279920578003,354.36778307684165,173.96074366390394,"critical_wave","release_lpt","release_lpt_critical_wave",128,8,"8;1;1;1;1;1;1;1"
"1",4,"critical_wave_auto_lpt",16,"case_000084",9,8,1,0.1982240006327629,0.20221759825944902,1000.1235799860708,76.26765654885713,"critical_wave","fifo","fifo_critical_wave",128,2,"1;1;1;1;1;1;1;2;1"
"1",4,"critical_wave_auto_lpt",16,"case_000085",6,6,0,0.05825600028038025,0.06042880155146122,398.05785032258376,195.09585184871904,"critical_wave","release_lpt","release_lpt_critical_wave",128,6,"1;6;5;1;1;1"
"1",4,"critical_wave_auto_lpt",16,"case_000086",12,12,0,0.0684799998998642,0.06989120319485664,408.21807910159527,200.57009375123025,"critical_wave","release_lpt","release_lpt_critical_wave",128,2,"1;1;1;1;2;1;1;1;2;1;1;2"
"1",4,"critical_wave_auto_lpt",16,"case_000087",5,5,0,0.05648000165820122,0.05751040168106556,326.16458645809996,159.8889471471663,"critical_wave","release_lpt","release_lpt_critical_wave",128,4,"2;3;4;2;1"
"1",4,"critical_wave_auto_lpt",16,"case_000088",7,7,0,0.06888000294566154,0.06986240297555923,549.5414101805604,269.0527178783646,"critical_wave","release_lpt","release_lpt_critical_wave",128,8,"1;1;8;1;2;3;1"
"1",4,"critical_wave_auto_lpt",16,"case_000089",3,3,0,0.07251200079917908,0.0742431990802288,338.95393801184775,165.79876251512988,"critical_wave","release_lpt","release_lpt_critical_wave",128,7,"7;1;1"
"1",4,"critical_wave_auto_lpt",16,"case_000090",17,17,0,0.0788159966468811,0.08048320189118385,560.3437997221298,275.1376487333695,"critical_wave","release_lpt","release_lpt_critical_wave",128,4,"4;1;1;1;1;3;1;1;1;1;1;1;1;1;1;1;1"
"1",4,"critical_wave_auto_lpt",16,"case_000091",13,11,2,0.2478720024228096,0.25173119604587557,1541.9911648917546,104.93157656278551,"critical_wave","fifo","fifo_critical_wave",176,1,"1;1;1;1;1;1;1;1;1;1;1;1;1"
"1",4,"critical_wave_auto_lpt",16,"case_000092",8,8,0,0.08344000205397606,0.0852672003209591,496.9708487444124,243.34265939813045,"critical_wave","release_lpt","release_lpt_critical_wave",128,4,"3;4;1;1;2;1;1;1"
"1",4,"critical_wave_auto_lpt",16,"case_000093",13,13,0,0.07683199644088745,0.07817919924855232,411.171204386253,201.96918886441944,"critical_wave","release_lpt","release_lpt_critical_wave",128,3,"1;1;1;1;1;1;2;1;1;1;1;1;3"
"1",4,"critical_wave_auto_lpt",16,"case_000094",5,5,0,0.05084799975156784,0.05319039858877659,178.35515253911964,87.78602937792779,"critical_wave","release_lpt","release_lpt_critical_wave",128,5,"2;1;5;1;1"
"1",4,"critical_wave_auto_lpt",16,"case_000095",8,8,0,0.0575999990105629,0.05977600030601025,280.40306259446515,137.90222459106903,"critical_wave","release_lpt","release_lpt_critical_wave",128,7,"1;1;7;1;1;1;1;1"
"1",4,"critical_wave_auto_lpt",16,"case_000096",17,17,0,0.10011200234293938,0.10179200023412704,626.157082996563,306.94709206530257,"critical_wave","release_lpt","release_lpt_critical_wave",128,3,"3;1;1;1;1;1;1;1;1;1;1;2;1;1;1;1;2"
"1",4,"critical_wave_auto_lpt",16,"case_000097",6,6,0,0.05004800111055374,0.051126401498913766,147.11553637748344,72.68542038201196,"critical_wave","release_lpt","release_lpt_critical_wave",128,5,"1;1;5;1;1;1"
"1",4,"critical_wave_auto_lpt",16,"case_000098",3,2,1,0.051024001091718674,0.05272639915347099,110.03070821333924,14.617748197740895,"critical_wave","fifo","fifo_critical_wave",176,1,"1;1;1"
"1",4,"critical_wave_auto_lpt",16,"case_000099",10,10,0,0.056912001222372055,0.0584704015403986,340.2777548505409,167.3994903601269,"critical_wave","release_lpt","release_lpt_critical_wave",128,4,"1;4;1;1;2;3;1;1;1;1"
"1",8,"fa3_native_fifo",16,"case_000000",7,7,0,0.07321599870920181,0.074726402759552,398.7137412950581,98.07342830246125,"fa3_native","fifo","fifo",128,29,"9;5;2;5;5;3;1"
"1",8,"fa3_native_fifo",16,"case_000001",5,5,0,0.0631839968264103,0.0653567984700203,84.20812172768467,21.163840009580664,"fa3_native","fifo","fifo",128,10,"3;3;4;10;1"
"1",8,"fa3_native_fifo",16,"case_000002",6,6,0,0.07292800024151802,0.07842560186982156,469.86637492484095,115.34269378212292,"fa3_native","fifo","fifo",128,29,"6;3;2;15;1;1"
"1",8,"fa3_native_fifo",16,"case_000003",5,5,0,0.05704000033438206,0.06075200065970421,379.210320357624,93.25105134674828,"fa3_native","fifo","fifo",128,27,"11;2;3;8;4"
"1",8,"fa3_native_fifo",16,"case_000004",4,4,0,0.06188800185918808,0.06482880115509033,219.5659251516554,54.09927448647999,"fa3_native","fifo","fifo",128,26,"1;3;8;15"
"1",8,"fa3_native_fifo",16,"case_000005",4,4,0,0.05400000140070915,0.055987201258540155,249.4639911587686,61.4708132203198,"fa3_native","fifo","fifo",128,17,"8;10;5;3"
"1",8,"fa3_native_fifo",16,"case_000006",14,14,0,0.0796320028603077,0.08482560142874719,706.7077005550348,173.88064474894333,"fa3_native","fifo","fifo",128,29,"1;1;2;1;7;2;1;1;1;1;5;4;2;4"
"1",8,"fa3_native_fifo",16,"case_000007",7,7,0,0.06657600030303001,0.06768960133194923,267.052111257438,66.00240296802588,"fa3_native","fifo","fifo",128,17,"3;1;7;3;1;7;4"
"1",8,"fa3_native_fifo",16,"case_000008",9,9,0,0.06785600259900093,0.07281600087881089,559.9360238258334,137.71751417814272,"fa3_native","fifo","fifo",128,29,"1;7;3;3;3;4;7;3;2"
"1",8,"fa3_native_fifo",16,"case_000009",5,5,0,0.06641599908471107,0.09581440240144735,265.7259068178749,65.45025385307595,"fa3_native","fifo","fifo",128,29,"7;3;12;2;1"
"1",8,"fa3_native_fifo",16,"case_000010",6,6,0,0.06593600288033485,0.06765120103955269,181.72681953054337,45.062846854584926,"fa3_native","fifo","fifo",128,24,"1;3;3;14;1;3"
"1",8,"fa3_native_fifo",16,"case_000011",9,9,0,0.06726399809122086,0.06921599805355072,450.19562076778084,110.93435138780293,"fa3_native","fifo","fifo",128,23,"1;2;5;4;7;2;6;2;4"
"1",8,"fa3_native_fifo",16,"case_000012",6,6,0,0.06212799996137619,0.0644799992442131,361.6378760939968,89.02910126575205,"fa3_native","fifo","fifo",128,29,"1;13;2;10;3;2"
"1",8,"fa3_native_fifo",16,"case_000013",9,9,0,0.0748479999601841,0.08242240026593209,612.7451392742224,150.51560503945217,"fa3_native","fifo","fifo",128,29,"1;5;1;2;1;8;2;1;13"
"1",8,"fa3_native_fifo",16,"case_000014",9,8,1,1.7330399751663208,1.7426048278808595,4393.506820248199,8.248608344206305,"fa3_native","fifo","fifo",128,1,"1;1;1;1;1;1;1;1;1"
"1",8,"fa3_native_fifo",16,"case_000015",6,6,0,0.07972800359129906,0.08191999793052673,372.03482169265124,91.40437075731951,"fa3_native","fifo","fifo",128,29,"4;2;7;10;4;3"
"1",8,"fa3_native_fifo",16,"case_000016",10,10,0,0.0764160007238388,0.07932479903101922,416.7559893521755,102.7479052243912,"fa3_native","fifo","fifo",128,29,"6;2;9;1;3;3;1;3;1;1"
"1",8,"fa3_native_fifo",16,"case_000017",4,4,0,0.07799999788403511,0.08058560192584992,343.55316460187737,84.267489465475,"fa3_native","fifo","fifo",128,29,"3;21;1;1"
"1",8,"fa3_native_fifo",16,"case_000018",14,14,0,0.07604799792170525,0.07854079976677895,293.3746076388453,73.03261297842543,"fa3_native","fifo","fifo",128,12,"2;1;2;4;3;2;1;1;4;1;2;3;1;2"
"1",8,"fa3_native_fifo",16,"case_000019",11,11,0,0.0782880000770092,0.08012799918651581,502.6720354752916,123.79726127205282,"fa3_native","fifo","fifo",128,29,"1;3;1;3;1;2;5;1;2;10;1"
"1",8,"fa3_native_fifo",16,"case_000020",8,7,1,0.35684800148010254,0.3612768083810806,551.5269578523169,23.208357523789545,"fa3_native","fifo","fifo",128,1,"1;1;1;1;1;1;1;1"
"1",8,"fa3_native_fifo",16,"case_000021",12,12,0,0.07736000046133995,0.07919679954648018,426.2144239318803,105.24260537031259,"fa3_native","fifo","fifo",128,26,"2;2;3;3;6;2;2;2;2;1;3;2"
"1",8,"fa3_native_fifo",16,"case_000022",9,9,0,0.06464000046253204,0.0660256028175354,344.8892807004588,85.26633602353941,"fa3_native","fifo","fifo",128,18,"4;2;3;2;5;2;5;2;7"
"1",8,"fa3_native_fifo",16,"case_000023",9,9,0,0.0650080032646656,0.06599040254950524,345.18703065899234,85.3330008832188,"fa3_native","fifo","fifo",128,18,"4;2;3;2;5;2;5;2;7"
"1",8,"fa3_native_fifo",16,"case_000024",5,5,0,0.06201599910855293,0.06834879815578462,69.84546643226807,17.668730904133422,"fa3_native","fifo","fifo",128,6,"6;2;2;6;1"
"1",8,"fa3_native_fifo",16,"case_000025",10,10,0,0.07823999971151352,0.07997119799256325,561.3848626016353,138.03435633718107,"fa3_native","fifo","fifo",128,29,"2;1;1;4;12;2;3;6;1;1"
"1",8,"fa3_native_fifo",16,"case_000026",6,6,0,0.06180800125002861,0.06431999802589417,274.7914415043819,67.83018242315447,"fa3_native","fifo","fifo",128,24,"1;2;1;10;4;6"
"1",8,"fa3_native_fifo",16,"case_000027",11,11,0,0.07601599767804146,0.07690559700131416,533.4490552337218,131.34330016014653,"fa3_native","fifo","fifo",128,29,"1;5;1;10;1;1;4;3;2;1;2"
"1",8,"fa3_native_fifo",16,"case_000028",6,6,0,0.06880000233650208,0.07261439934372903,402.8749258529346,99.0251129160991,"fa3_native","fifo","fifo",128,29,"12;8;1;4;1;3"
"1",8,"fa3_native_fifo",16,"case_000029",13,13,0,0.07686399668455124,0.08070720285177231,567.4904224797749,139.84097189367685,"fa3_native","fifo","fifo",128,29,"1;1;1;1;2;2;1;1;1;3;2;16;2"
"1",8,"fa3_native_fifo",16,"case_000030",10,10,0,0.0727200023829937,0.07421119883656502,323.55244704313196,80.0440017774429,"fa3_native","fifo","fifo",128,29,"1;1;2;10;2;5;2;2;1;1"
"1",8,"fa3_native_fifo",16,"case_000031",6,6,0,0.06312000006437302,0.0648032009601593,212.78849762836126,52.67731300077634,"fa3_native","fifo","fifo",128,14,"1;4;8;1;7;7"
"1",8,"fa3_native_fifo",16,"case_000032",6,5,1,1.331663966178894,1.3457919836044312,4262.417819005158,6.79686184343602,"fa3_native","fifo","fifo",128,1,"1;1;1;1;1;1"
"1",8,"fa3_native_fifo",16,"case_000033",6,6,0,0.06579200178384781,0.06704319640994072,290.81599211497644,71.6974688731552,"fa3_native","fifo","fifo",128,29,"13;1;6;1;1;4"
"1",8,"fa3_native_fifo",16,"case_000034",4,4,0,0.07187200337648392,0.07355200126767159,238.66584809311834,58.69367489177636,"fa3_native","fifo","fifo",128,29,"3;6;13;2"
"1",8,"fa3_native_fifo",16,"case_000035",6,6,0,0.06739199906587601,0.07239359766244889,204.47325639546793,50.60114030252462,"fa3_native","fifo","fifo",128,14,"8;5;1;6;1;7"
"1",8,"fa3_native_fifo",16,"case_000036",9,9,0,0.07425599917769432,0.0775456003844738,672.3494493761685,165.0747701969123,"fa3_native","fifo","fifo",128,29,"1;2;3;1;4;4;1;13;2"
"1",8,"fa3_native_fifo",16,"case_000037",19,18,1,0.17563199996948242,0.1780928060412407,2025.8576445170827,129.50460055088007,"fa3_native","fifo","fifo",128,1,"1;1;1;1;1;1;1;1;1;1;1;1;1;1;1;1;1;1;1"
"1",8,"fa3_native_fifo",16,"case_000038",9,9,0,0.06864000111818314,0.06954240053892136,258.7048834312436,64.16316911791705,"fa3_native","fifo","fifo",128,13,"2;4;5;4;2;3;1;4;2"
"1",8,"fa3_native_fifo",16,"case_000039",7,7,0,0.058848001062870026,0.06056959927082062,301.6985698636085,74.56661094251945,"fa3_native","fifo","fifo",128,14,"2;4;5;2;3;4;6"
"1",8,"fa3_native_fifo",16,"case_000040",8,8,0,0.07315199822187424,0.07539840042591095,392.92932538656163,96.76640655160269,"fa3_native","fifo","fifo",128,29,"1;2;5;4;9;5;4;1"
"1",8,"fa3_native_fifo",16,"case_000041",9,9,0,0.06708799675107002,0.06900479644536972,242.18272768356076,60.15263825768706,"fa3_native","fifo","fifo",128,17,"4;1;2;7;1;1;5;2;2"
"1",8,"fa3_native_fifo",16,"case_000042",13,13,0,0.09145600348711014,0.0933696024119854,918.2993743635075,225.28130701560607,"fa3_native","fifo","fifo",128,29,"5;9;1;1;9;1;2;3;1;1;2;1;1"
"1",8,"fa3_native_fifo",16,"case_000043",19,19,0,0.08975999802350998,0.09142720326781273,662.5721871386733,163.3796827419598,"fa3_native","fifo","fifo",128,29,"1;1;1;9;1;1;1;1;3;1;4;4;2;1;1;1;4;1;1"
"1",8,"fa3_native_fifo",16,"case_000044",13,12,1,0.09432000294327736,0.09636800289154053,645.824880949515,70.7168765040354,"fa3_native","fifo","fifo",128,1,"1;1;1;1;1;1;1;1;1;1;1;1;1"
"1",8,"fa3_native_fifo",16,"case_000045",7,7,0,0.0634239986538887,0.0641343966126442,224.28183725259075,55.600404812757525,"fa3_native","fifo","fifo",128,13,"3;5;1;7;8;3;3"
"1",8,"fa3_native_fifo",16,"case_000046",6,6,0,0.05729600042104721,0.058822400867938995,263.9649508666974,65.24546168194256,"fa3_native","fifo","fifo",128,18,"3;3;6;11;5;3"
"1",8,"fa3_native_fifo",16,"case_000047",9,9,0,0.07441600039601326,0.0757888026535511,476.9061458172818,117.35712687493309,"fa3_native","fifo","fifo",128,29,"19;1;2;2;4;1;1;1;2"
"1",8,"fa3_native_fifo",16,"case_000048",10,10,0,0.07095999643206596,0.07218879833817482,258.87460151701663,64.27959736957953,"fa3_native","fifo","fifo",128,15,"1;1;6;6;1;2;3;5;1;1"
"1",8,"fa3_native_fifo",16,"case_000049",12,12,0,0.07558400183916092,0.0771263986825943,394.25299633395025,97.46739813640148,"fa3_native","fifo","fifo",128,29,"1;1;14;1;1;2;2;1;3;3;1;4"
"1",8,"fa3_native_fifo",16,"case_000050",4,4,0,0.055743999779224396,0.0573151994496584,385.17448602606794,94.5855342437245,"fa3_native","fifo","fifo",128,28,"3;6;9;11"
"1",8,"fa3_native_fifo",16,"case_000051",10,10,0,0.07035199925303459,0.0717760019004345,263.8170562466201,65.49556585346431,"fa3_native","fifo","fifo",128,17,"5;4;1;1;7;1;2;2;3;3"
"1",8,"fa3_native_fifo",16,"case_000052",6,6,0,0.05878400057554245,0.05982400067150593,353.53139773624923,87.09199696983633,"fa3_native","fifo","fifo",128,19,"8;2;4;4;4;8"
"1",8,"fa3_native_fifo",16,"case_000053",11,11,0,0.07614399865269661,0.0771423988044262,490.3167710207692,120.81109690545809,"fa3_native","fifo","fifo",128,26,"4;1;2;1;3;6;4;4;3;1;3"
"1",8,"fa3_native_fifo",16,"case_000054",8,7,1,0.10715200006961823,0.10907200276851654,293.6098669139111,33.62759442342566,"fa3_native","fifo","fifo",128,5,"1;1;1;1;1;1;1;1"
"1",8,"fa3_native_fifo",16,"case_000055",5,5,0,0.06481600180268288,0.06592320278286934,157.45181294995547,39.030361787839965,"fa3_native","fifo","fifo",128,13,"8;5;2;6;1"
"1",8,"fa3_native_fifo",16,"case_000056",7,7,0,0.07470400258898735,0.07850880175828934,391.8948092925318,96.39408532925857,"fa3_native","fifo","fifo",128,28,"3;6;6;8;5;2;1"
"1",8,"fa3_native_fifo",16,"case_000057",8,8,0,0.07379200309515,0.08090239763259888,372.05746227811073,91.66348271205241,"fa3_native","fifo","fifo",128,29,"5;12;3;2;3;2;2;1"
"1",8,"fa3_native_fifo",16,"case_000058",8,8,0,0.06585600227117538,0.06746239960193634,275.44305366892183,68.17589657981934,"fa3_native","fifo","fifo",128,29,"2;1;2;1;1;1;3;15"
"1",8,"fa3_native_fifo",16,"case_000059",8,7,1,0.46383999288082123,0.47085120677948,2184.602410625593,15.266505925933478,"fa3_native","fifo","fifo",128,1,"1;1;1;1;1;1;1;1"
"1",8,"fa3_native_fifo",16,"case_000060",13,13,0,0.07631999999284744,0.07929919958114624,377.0020226768413,93.34423480958661,"fa3_native","fifo","fifo",128,29,"1;1;4;2;1;2;2;1;4;4;9;2;1"
"1",8,"fa3_native_fifo",16,"case_000061",7,7,0,0.06790400296449661,0.07169920057058335,214.12505002985117,53.06503067107823,"fa3_native","fifo","fifo",128,18,"2;11;5;1;1;3;7"
"1",8,"fa3_native_fifo",16,"case_000062",7,7,0,0.06884800270199776,0.07008959725499153,339.22646123940945,83.59655725834142,"fa3_native","fifo","fifo",128,29,"2;3;12;5;1;1;1"
"1",8,"fa3_native_fifo",16,"case_000063",8,8,0,0.07088000327348709,0.075119998306036,289.3162773832802,71.49706216076876,"fa3_native","fifo","fifo",128,29,"3;1;12;2;5;1;4;1"
"1",8,"fa3_native_fifo",16,"case_000064",7,7,0,0.06859200075268745,0.07134079784154893,256.5011289791057,63.40284511717801,"fa3_native","fifo","fifo",128,17,"2;1;7;1;6;7;1"
"1",8,"fa3_native_fifo",16,"case_000065",9,8,1,0.09380799904465675,0.09522240161895752,204.76087945182633,41.022685050216886,"fa3_native","fifo","fifo",128,5,"1;5;1;5;1;1;3;2;1"
"1",8,"fa3_native_fifo",16,"case_000066",11,11,0,0.07627199962735176,0.07991360276937486,324.9733936582332,80.44220723170557,"fa3_native","fifo","fifo",128,14,"4;1;2;3;4;1;2;4;4;3;1"
"1",8,"fa3_native_fifo",16,"case_000067",8,8,0,0.0663519985973835,0.0731935977935791,153.62321424334542,38.427779929760035,"fa3_native","fifo","fifo",128,15,"2;9;1;3;4;1;1;2"
"1",8,"fa3_native_fifo",16,"case_000068",10,10,0,0.07188800349831581,0.0729919970035553,457.69447494491686,112.80569226254818,"fa3_native","fifo","fifo",128,20,"3;3;2;1;4;1;2;4;5;5"
"1",8,"fa3_native_fifo",16,"case_000069",5,5,0,0.06478400155901909,0.06675520166754723,486.60155114501873,119.38947601058175,"fa3_native","fifo","fifo",128,29,"1;3;8;12;2"
"1",8,"fa3_native_fifo",16,"case_000070",10,10,0,0.07083200290799141,0.07194559648633003,178.69180924392583,44.705667918402725,"fa3_native","fifo","fifo",128,14,"2;8;2;2;1;1;3;1;2;6"
"1",8,"fa3_native_fifo",16,"case_000071",4,4,0,0.06401600316166878,0.06652799919247628,555.0658141256209,135.99199528302853,"fa3_native","fifo","fifo",128,29,"1;19;5;3"
"1",8,"fa3_native_fifo",16,"case_000072",5,5,0,0.061872001737356186,0.0646016001701355,55.28063977175198,14.114300095009591,"fa3_native","fifo","fifo",128,5,"2;5;5;2;1"
"1",8,"fa3_native_fifo",16,"case_000073",7,7,0,0.07241600006818771,0.07450560107827187,517.0136627920076,126.96332290298638,"fa3_native","fifo","fifo",128,29,"22;1;2;2;2;1;1"
"1",8,"fa3_native_fifo",16,"case_000074",14,14,0,0.08747200295329094,0.0893856018781662,740.780343015595,182.07864759315873,"fa3_native","fifo","fifo",128,29,"4;1;3;2;2;1;1;2;4;1;6;2;1;4"
"1",8,"fa3_native_fifo",16,"case_000075",9,9,0,0.07212799787521362,0.07315519824624062,452.03013931437835,111.31322421967643,"fa3_native","fifo","fifo",128,29,"7;2;6;1;3;3;1;3;2"
"1",8,"fa3_native_fifo",16,"case_000076",6,6,0,0.058559998869895935,0.06125119999051094,330.7464107544034,81.53224201058603,"fa3_native","fifo","fifo",128,19,"2;8;6;2;7;2"
"1",8,"fa3_native_fifo",16,"case_000077",10,8,2,1.0954879522323608,1.1027552247047425,3108.293897291309,14.995619044941906,"fa3_native","fifo","fifo",128,1,"1;1;1;1;1;1;1;1;1;1"
"1",8,"fa3_native_fifo",16,"case_000078",8,8,0,0.0729759968817234,0.07405759766697884,397.20694527791494,97.81276453912594,"fa3_native","fifo","fifo",128,29,"3;1;8;4;2;11;1;1"
"1",8,"fa3_native_fifo",16,"case_000079",9,8,1,0.10918399691581726,0.11099200248718262,655.9518497131024,59.81242841874688,"fa3_native","fifo","fifo",128,5,"1;1;1;1;1;1;1;1;1"
"1",8,"fa3_native_fifo",16,"case_000080",8,8,0,0.06839999929070473,0.06969600170850754,288.481043459331,71.32444518406567,"fa3_native","fifo","fifo",128,23,"2;1;3;8;9;2;1;2"
"1",8,"fa3_native_fifo",16,"case_000081",9,9,0,0.07145600020885468,0.0744319997727871,281.72152179188794,69.74294650461626,"fa3_native","fifo","fifo",128,23,"2;1;3;8;9;2;1;2;1"
"1",8,"fa3_native_fifo",16,"case_000082",8,8,0,0.0703199990093708,0.0773151993751526,317.3687089077746,78.3526745963943,"fa3_native","fifo","fifo",128,25,"2;2;3;8;10;1;4;2"
"1",8,"fa3_native_fifo",16,"case_000083",8,8,0,0.06721599772572517,0.06869440153241158,322.3135781514767,79.60009790871963,"fa3_native","fifo","fifo",128,29,"17;1;3;3;2;2;2;2"
"1",8,"fa3_native_fifo",16,"case_000084",9,8,1,0.35943999886512756,0.3668895989656448,551.5482355273116,24.038459902294086,"fa3_native","fifo","fifo",128,1,"1;1;1;1;1;1;1;1;1"
"1",8,"fa3_native_fifo",16,"case_000085",6,6,0,0.06721599772572517,0.07112319692969322,344.9961173621754,84.91026233499869,"fa3_native","fifo","fifo",128,29,"1;10;10;1;2;1"
"1",8,"fa3_native_fifo",16,"case_000086",12,12,0,0.07415999844670296,0.07925759926438332,376.95219257711335,93.2668843698918,"fa3_native","fifo","fifo",128,15,"1;3;2;3;3;3;1;3;4;2;3;5"
"1",8,"fa3_native_fifo",16,"case_000087",5,5,0,0.06718399748206139,0.06860800087451935,274.19887286282346,67.51226735519982,"fa3_native","fifo","fifo",128,19,"5;7;8;5;1"
"1",8,"fa3_native_fifo",16,"case_000088",7,7,0,0.06919999793171883,0.07136639952659607,547.0002179674892,134.3186167313391,"fa3_native","fifo","fifo",128,29,"3;1;13;2;4;6;3"
"1",8,"fa3_native_fifo",16,"case_000089",3,3,0,0.057023998349905014,0.06013119965791702,431.0155186450713,105.63075502070672,"fa3_native","fifo","fifo",128,29,"19;4;2"
"1",8,"fa3_native_fifo",16,"case_000090",17,17,0,0.08819200098514557,0.0919359989464283,500.77166349177946,123.73294491682961,"fa3_native","fifo","fifo",128,29,"9;1;1;1;2;6;1;2;1;1;1;3;1;3;2;1;1"
"1",8,"fa3_native_fifo",16,"case_000091",13,11,2,0.40542399883270264,0.4152351886034012,942.7573080539833,35.14834849695276,"fa3_native","fifo","fifo",128,1,"1;1;1;1;1;1;1;1;1;1;1;1;1"
"1",8,"fa3_native_fifo",16,"case_000092",8,8,0,0.07388799637556076,0.07756159827113152,561.2176628694689,137.84409511162227,"fa3_native","fifo","fifo",128,29,"6;10;1;3;4;1;1;3"
"1",8,"fa3_native_fifo",16,"case_000093",13,13,0,0.07649600133299828,0.07799359783530235,412.97720091902977,102.12424001083147,"fa3_native","fifo","fifo",128,26,"1;1;2;2;1;2;6;3;1;3;1;1;6"
"1",8,"fa3_native_fifo",16,"case_000094",5,5,0,0.06486400216817856,0.06856639906764031,139.81565196186946,34.72422182892956,"fa3_native","fifo","fifo",128,17,"5;2;10;1;1"
"1",8,"fa3_native_fifo",16,"case_000095",8,8,0,0.06665600091218948,0.0681919977068901,242.30700772578757,60.07489116059043,"fa3_native","fifo","fifo",128,29,"1;2;12;1;2;1;3;2"
"1",8,"fa3_native_fifo",16,"case_000096",17,17,0,0.09040000289678574,0.09385919943451881,693.4274043284224,170.73202992727755,"fa3_native","fifo","fifo",128,29,"7;2;1;2;3;1;2;1;1;1;1;3;2;1;1;2;4"
"1",8,"fa3_native_fifo",16,"case_000097",6,6,0,0.05393600091338158,0.05727679990231991,136.51064972029235,34.178581444339834,"fa3_native","fifo","fifo",128,15,"2;2;15;5;2;2"
"1",8,"fa3_native_fifo",16,"case_000098",3,2,1,0.06881600245833397,0.06967680156230927,81.58286990586578,7.026272708775214,"fa3_native","fifo","fifo",128,1,"1;1;1"
"1",8,"fa3_native_fifo",16,"case_000099",10,10,0,0.07302399724721909,0.07407999783754349,265.1989582881605,65.79316637152405,"fa3_native","fifo","fifo",128,20,"1;8;1;2;4;6;2;2;1;1"
"1",8,"critical_wave_auto_lpt",16,"case_000000",7,7,0,0.07212799787521362,0.07398079708218575,404.7280616121433,99.55279796373709,"critical_wave","release_lpt","release_lpt_critical_wave",128,2,"2;1;1;1;1;1;1"
"1",8,"critical_wave_auto_lpt",16,"case_000001",5,5,0,0.052480001002550125,0.053894400224089624,101.38349074615031,25.480487318112313,"critical_wave","release_lpt","release_lpt_critical_wave",128,2,"1;1;1;2;1"
"1",8,"critical_wave_auto_lpt",16,"case_000002",6,6,0,0.07539200037717819,0.0988991990685463,454.5099603746917,111.57300453519069,"critical_wave","release_lpt","release_lpt_critical_wave",128,3,"2;1;1;3;1;1"
"1",8,"critical_wave_auto_lpt",16,"case_000003",5,5,0,0.05703999847173691,0.05919359922409058,379.2103327407636,93.2510543918679,"critical_wave","release_lpt","release_lpt_critical_wave",128,11,"11;2;3;8;4"
"1",8,"critical_wave_auto_lpt",16,"case_000004",4,4,0,0.06294400244951248,0.06444799900054932,215.88230578281642,53.19166036010365,"critical_wave","release_lpt","release_lpt_critical_wave",128,2,"1;1;1;2"
"1",8,"critical_wave_auto_lpt",16,"case_000005",4,4,0,0.05337600037455559,0.05716159902513027,252.3803915143419,62.18944800484478,"critical_wave","release_lpt","release_lpt_critical_wave",128,10,"8;10;5;3"
"1",8,"critical_wave_auto_lpt",16,"case_000006",14,14,0,0.09639999642968178,0.09737919643521309,583.781656807949,143.6355239919557,"critical_wave","release_lpt","release_lpt_critical_wave",128,2,"1;1;1;1;2;1;1;1;1;1;1;1;1;1"
"1",8,"critical_wave_auto_lpt",16,"case_000007",7,7,0,0.06880000233650208,0.08086720108985902,258.41948889828967,63.86883504026649,"critical_wave","fifo","fifo_critical_wave",176,1,"1;1;1;1;1;1;1"
"1",8,"critical_wave_auto_lpt",16,"case_000008",9,9,0,0.08840000256896019,0.1048447981476784,429.8079093194637,105.712214122506,"critical_wave","fifo","fifo_critical_wave",176,1,"1;1;1;1;1;1;1;1;1"
"1",8,"critical_wave_auto_lpt",16,"case_000009",5,5,0,0.06889600306749344,0.07161600142717361,256.1607466068943,63.09428423215712,"critical_wave","release_lpt","release_lpt_critical_wave",128,3,"1;1;3;1;1"
"1",8,"critical_wave_auto_lpt",16,"case_000010",6,6,0,0.05556799843907356,0.056671999394893646,215.63382580961235,53.4707760485162,"critical_wave","release_lpt","release_lpt_critical_wave",128,4,"1;1;1;4;1;1"
"1",8,"critical_wave_auto_lpt",16,"case_000011",9,9,0,0.07407999783754349,0.07572480216622353,408.7737346106294,100.72743274593269,"critical_wave","release_lpt","release_lpt_critical_wave",128,2,"1;1;1;1;2;1;1;1;1"
"1",8,"critical_wave_auto_lpt",16,"case_000012",6,6,0,0.06801600009202957,0.06986240223050118,330.3316561044419,81.32204176246718,"critical_wave","release_lpt","release_lpt_critical_wave",128,2,"1;2;1;2;1;1"
"1",8,"critical_wave_auto_lpt",16,"case_000013",9,9,0,0.07872000336647034,0.07997119799256325,582.6060238652706,143.11218900174111,"critical_wave","release_lpt","release_lpt_critical_wave",128,13,"1;5;1;2;1;8;2;1;13"
"1",8,"critical_wave_auto_lpt",16,"case_000014",9,8,1,1.7354879975318909,1.7441439628601074,4387.309483836453,8.236973128209327,"critical_wave","fifo","fifo_critical_wave",176,1,"1;1;1;1;1;1;1;1;1"
"1",8,"critical_wave_auto_lpt",16,"case_000015",6,6,0,0.060575999319553375,0.06221440061926842,489.6591708463241,120.30322374966855,"critical_wave","release_lpt","release_lpt_critical_wave",128,10,"4;2;7;10;4;3"
"1",8,"critical_wave_auto_lpt",16,"case_000016",10,10,0,0.08256000280380249,0.08446400240063667,385.7415806983623,95.10154715787361,"critical_wave","release_lpt","release_lpt_critical_wave",128,2,"1;1;2;1;1;1;1;1;1;1"
"1",8,"critical_wave_auto_lpt",16,"case_000017",4,4,0,0.06348799914121628,0.06488640159368515,422.0820702255105,103.5292352713776,"critical_wave","release_lpt","release_lpt_critical_wave",128,7,"1;7;1;1"
"1",8,"critical_wave_auto_lpt",16,"case_000018",14,14,0,0.06620799750089645,0.06794240325689316,336.97668550839217,83.88690505138445,"critical_wave","fifo","fifo_critical_wave",176,1,"1;1;1;1;1;1;1;1;1;1;1;1;1;1"
"1",8,"critical_wave_auto_lpt",16,"case_000019",11,11,0,0.08708800002932549,0.08823680132627487,451.87842571592466,111.28789266875377,"critical_wave","release_lpt","release_lpt_critical_wave",128,2,"1;1;1;1;1;1;1;1;1;2;1"
"1",8,"critical_wave_auto_lpt",16,"case_000020",8,7,1,0.3676159977912903,0.3736128121614456,535.3719475063143,22.528551667389426,"critical_wave","fifo","fifo_critical_wave",176,1,"1;1;1;1;1;1;1;1"
"1",8,"critical_wave_auto_lpt",16,"case_000021",12,12,0,0.06891200318932533,0.07015039771795273,478.46451279923684,118.14441059901088,"critical_wave","release_lpt","release_lpt_critical_wave",128,2,"1;1;1;1;2;1;1;1;1;1;1;1"
"1",8,"critical_wave_auto_lpt",16,"case_000022",9,9,0,0.06443199887871742,0.06678720191121101,346.00266407944434,85.54159572753136,"critical_wave","release_lpt","release_lpt_critical_wave",128,2,"1;1;1;1;1;1;1;1;2"
"1",8,"critical_wave_auto_lpt",16,"case_000023",9,9,0,0.06439999863505363,0.06603840291500092,348.4459641554356,86.13863536606549,"critical_wave","release_lpt","release_lpt_critical_wave",128,2,"1;1;1;1;1;1;1;1;2"
"1",8,"critical_wave_auto_lpt",16,"case_000024",5,5,0,0.05238400027155876,0.05370879918336868,82.68815595497303,20.917531962424803,"critical_wave","fifo","fifo_critical_wave",176,1,"1;1;1;1;1"
"1",8,"critical_wave_auto_lpt",16,"case_000025",10,10,0,0.09073599800467491,0.09631040245294571,484.0719499854623,119.02451328571456,"critical_wave","release_lpt","release_lpt_critical_wave",128,2,"1;1;1;1;2;1;1;1;1;1"
"1",8,"critical_wave_auto_lpt",16,"case_000026",6,6,0,0.06563200056552887,0.06659520044922829,258.7809241475487,63.87810768946681,"critical_wave","release_lpt","release_lpt_critical_wave",128,2,"1;1;1;2;1;1"
"1",8,"critical_wave_auto_lpt",16,"case_000027",11,11,0,0.08344000205397606,0.0849119983613491,485.9858718336128,119.6571399116383,"critical_wave","release_lpt","release_lpt_critical_wave",128,2,"1;1;1;2;1;1;1;1;1;1;1"
"1",8,"critical_wave_auto_lpt",16,"case_000028",6,6,0,0.07267200201749802,0.07383680269122124,381.4095534801159,93.74900664439626,"critical_wave","release_lpt","release_lpt_critical_wave",128,2,"2;2;1;1;1;1"
"1",8,"critical_wave_auto_lpt",16,"case_000029",13,13,0,0.0700639970600605,0.07101759687066078,622.5677064157255,153.41311445286132,"critical_wave","release_lpt","release_lpt_critical_wave",128,6,"1;1;1;1;1;1;1;1;1;1;1;6;1"
"1",8,"critical_wave_auto_lpt",16,"case_000030",10,10,0,0.06747199967503548,0.06940799951553345,348.71850298377313,86.26986050561187,"critical_wave","release_lpt","release_lpt_critical_wave",128,3,"1;1;1;3;1;1;1;1;1;1"
"1",8,"critical_wave_auto_lpt",16,"case_000031",6,6,0,0.06326399743556976,0.06445439904928207,212.3041623741656,52.55741234793591,"critical_wave","fifo","fifo_critical_wave",176,1,"1;1;1;1;1;1"
"1",8,"critical_wave_auto_lpt",16,"case_000032",6,5,1,1.350160002708435,1.357590425014496,4204.026342790238,6.70375065313987,"critical_wave","fifo","fifo_critical_wave",176,1,"1;1;1;1;1;1"
"1",8,"critical_wave_auto_lpt",16,"case_000033",6,6,0,0.06639999896287918,0.06795200258493424,288.1531110067709,71.0409649650311,"critical_wave","release_lpt","release_lpt_critical_wave",128,3,"3;1;1;1;1;1"
"1",8,"critical_wave_auto_lpt",16,"case_000034",4,4,0,0.0591839998960495,0.06067519970238209,289.83158742444135,71.27656135795543,"critical_wave","release_lpt","release_lpt_critical_wave",128,3,"1;2;3;1"
"1",8,"critical_wave_auto_lpt",16,"case_000035",6,6,0,0.06151999905705452,0.06429760083556176,223.98994985712469,55.43095013440123,"critical_wave","release_lpt","release_lpt_critical_wave",128,2,"2;1;1;1;1;1"
"1",8,"critical_wave_auto_lpt",16,"case_000036",9,9,0,0.08105599880218506,0.0829215981066227,615.9442965084297,151.22621621028696,"critical_wave","release_lpt","release_lpt_critical_wave",128,4,"1;1;1;1;1;1;1;4;1"
"1",8,"critical_wave_auto_lpt",16,"case_000037",19,18,1,0.16564799845218658,0.16784959733486177,2147.960935747143,137.31015292989048,"critical_wave","fifo","fifo_critical_wave",176,1,"1;1;1;1;1;1;1;1;1;1;1;1;1;1;1;1;1;1;1"
"1",8,"critical_wave_auto_lpt",16,"case_000038",9,9,0,0.0620959997177124,0.0670816034078598,285.96855785759755,70.92501964734046,"critical_wave","release_lpt","release_lpt_critical_wave",128,3,"1;1;3;1;1;1;1;1;1"
"1",8,"critical_wave_auto_lpt",16,"case_000039",7,7,0,0.0639680027961731,0.06572160124778748,277.55060317534503,68.5982961510019,"critical_wave","release_lpt","release_lpt_critical_wave",128,2,"1;1;1;1;1;1;2"
"1",8,"critical_wave_auto_lpt",16,"case_000040",8,8,0,0.07155200093984604,0.07277760282158852,401.7157442761775,98.93023125867641,"critical_wave","release_lpt","release_lpt_critical_wave",128,2,"1;1;1;1;2;1;1;1"
"1",8,"critical_wave_auto_lpt",16,"case_000041",9,9,0,0.06300800293684006,0.06423679739236832,257.86492652824967,64.04773698422487,"critical_wave","release_lpt","release_lpt_critical_wave",128,2,"1;1;1;2;1;1;1;1;1"
"1",8,"critical_wave_auto_lpt",16,"case_000042",13,13,0,0.1167520023882389,0.11898239701986313,719.3366200669136,176.4708748333681,"critical_wave","release_lpt","release_lpt_critical_wave",128,3,"3;2;1;1;2;1;1;1;1;1;1;1;1"
"1",8,"critical_wave_auto_lpt",16,"case_000043",19,19,0,0.09353599697351456,0.09543359652161598,635.8244967960313,156.78413097101534,"critical_wave","release_lpt","release_lpt_critical_wave",128,2,"1;1;1;2;1;1;1;1;1;1;1;1;1;1;1;1;1;1;1"
"1",8,"critical_wave_auto_lpt",16,"case_000044",13,12,1,0.09867199882864952,0.09961919859051704,617.340333581177,67.5978603776227,"critical_wave","fifo","fifo_critical_wave",176,1,"1;1;1;1;1;1;1;1;1;1;1;1;1"
"1",8,"critical_wave_auto_lpt",16,"case_000045",7,7,0,0.06143999844789505,0.06373120099306107,231.52427251546175,57.395834783274076,"critical_wave","release_lpt","release_lpt_critical_wave",128,2,"1;1;1;1;2;1;1"
"1",8,"critical_wave_auto_lpt",16,"case_000046",6,6,0,0.060175999999046326,0.062044801563024526,251.33169263892063,62.12283967128498,"critical_wave","release_lpt","release_lpt_critical_wave",128,2,"1;1;1;2;1;1"
"1",8,"critical_wave_auto_lpt",16,"case_000047",9,9,0,0.06531199812889099,0.06617919728159904,543.3832825932349,133.71582940649333,"critical_wave","release_lpt","release_lpt_critical_wave",128,8,"8;1;1;1;1;1;1;1;1"
"1",8,"critical_wave_auto_lpt",16,"case_000048",10,10,0,0.06769600138068199,0.07272000163793564,271.3563641181629,67.37886886922728,"critical_wave","fifo","fifo_critical_wave",176,1,"1;1;1;1;1;1;1;1;1;1"
"1",8,"critical_wave_auto_lpt",16,"case_000049",12,12,0,0.07043199986219406,0.07203519716858864,423.0920498964192,104.59700156766937,"critical_wave","release_lpt","release_lpt_critical_wave",128,3,"1;1;3;1;1;1;1;1;1;1;1;1"
"1",8,"critical_wave_auto_lpt",16,"case_000050",4,4,0,0.07310399785637856,0.07488640323281288,293.7071445283012,72.12431815779212,"critical_wave","release_lpt","release_lpt_critical_wave",128,2,"1;1;2;2"
"1",8,"critical_wave_auto_lpt",16,"case_000051",10,10,0,0.0634239986538887,0.06631999835371971,292.6346136780834,72.64985017966043,"critical_wave","release_lpt","release_lpt_critical_wave",128,2,"1;1;1;1;2;1;1;1;1;1"
"1",8,"critical_wave_auto_lpt",16,"case_000052",6,6,0,0.07078400254249573,0.07221759855747223,293.59726974358887,72.32730300785687,"critical_wave","fifo","fifo_critical_wave",176,1,"1;1;1;1;1;1"
"1",8,"critical_wave_auto_lpt",16,"case_000053",11,11,0,0.07611199840903282,0.07811199873685837,490.52291796833435,120.86189027074968,"critical_wave","release_lpt","release_lpt_critical_wave",128,2,"1;1;1;1;1;2;1;1;1;1;1"
"1",8,"critical_wave_auto_lpt",16,"case_000054",8,7,1,0.10406400263309479,0.1064319983124733,302.32245237504156,34.6254603784967,"critical_wave","fifo","fifo_critical_wave",176,1,"1;1;1;1;1;1;1;1"
"1",8,"critical_wave_auto_lpt",16,"case_000055",5,5,0,0.05958399921655655,0.06151359900832176,171.27747593626168,42.45757306094098,"critical_wave","release_lpt","release_lpt_critical_wave",128,2,"2;1;1;1;1"
"1",8,"critical_wave_auto_lpt",16,"case_000056",7,7,0,0.07401599735021591,0.07674880251288414,395.53761208507984,97.29010292095988,"critical_wave","release_lpt","release_lpt_critical_wave",128,2,"1;1;1;2;1;1;1"
"1",8,"critical_wave_auto_lpt",16,"case_000057",8,8,0,0.06963200122117996,0.07109759747982025,394.2851695557625,97.13970417875315,"critical_wave","release_lpt","release_lpt_critical_wave",128,3,"1;3;1;1;1;1;1;1"
"1",8,"critical_wave_auto_lpt",16,"case_000058",8,8,0,0.061055999249219894,0.06231040135025978,297.09739568682545,73.53564031723494,"critical_wave","release_lpt","release_lpt_critical_wave",128,4,"1;1;1;1;1;1;1;4"
"1",8,"critical_wave_auto_lpt",16,"case_000059",8,7,1,0.4845440089702606,0.4911711931228638,2091.2568266924804,14.614185438075692,"critical_wave","fifo","fifo_critical_wave",176,1,"1;1;1;1;1;1;1;1"
"1",8,"critical_wave_auto_lpt",16,"case_000060",13,13,0,0.07025599852204323,0.07177920266985893,409.54217395362144,101.40104973050512,"critical_wave","release_lpt","release_lpt_critical_wave",128,2,"1;1;1;1;1;1;1;1;1;1;2;1;1"
"1",8,"critical_wave_auto_lpt",16,"case_000061",7,7,0,0.06276800110936165,0.06749759688973428,231.64586692296965,57.40708539884625,"critical_wave","release_lpt","release_lpt_critical_wave",128,2,"1;2;1;1;1;1;1"
"1",8,"critical_wave_auto_lpt",16,"case_000062",7,7,0,0.06780800223350525,0.07032319903373718,344.4293232467452,84.87871357985706,"critical_wave","release_lpt","release_lpt_critical_wave",128,3,"1;1;3;1;1;1;1"
"1",8,"critical_wave_auto_lpt",16,"case_000063",8,8,0,0.06347199901938438,0.0651743970811367,323.08323362774865,79.84169520881669,"critical_wave","release_lpt","release_lpt_critical_wave",128,3,"1;1;3;1;1;1;1;1"
"1",8,"critical_wave_auto_lpt",16,"case_000064",7,7,0,0.07056000083684921,0.0744063973426819,249.3470156368218,61.63446638918999,"critical_wave","fifo","fifo_critical_wave",176,1,"1;1;1;1;1;1;1"
"1",8,"critical_wave_auto_lpt",16,"case_000065",9,8,1,0.08403199911117554,0.0880511999130249,228.5820709630776,45.79512615079765,"critical_wave","fifo","fifo_critical_wave",176,1,"1;1;1;1;1;1;1;1;1"
"1",8,"critical_wave_auto_lpt",16,"case_000066",11,11,0,0.0692639984190464,0.07035519927740097,357.85359098160546,88.58119860306601,"critical_wave","fifo","fifo_critical_wave",176,1,"1;1;1;1;1;1;1;1;1;1;1"
"1",8,"critical_wave_auto_lpt",16,"case_000067",8,8,0,0.056671999394893646,0.05771839991211891,179.8632023721832,44.991530689311496,"critical_wave","release_lpt","release_lpt_critical_wave",128,2,"1;2;1;1;1;1;1;1"
"1",8,"critical_wave_auto_lpt",16,"case_000068",10,10,0,0.07611199840903282,0.07753600105643273,432.29376056029514,106.54530388782428,"critical_wave","fifo","fifo_critical_wave",176,1,"1;1;1;1;1;1;1;1;1;1"
"1",8,"critical_wave_auto_lpt",16,"case_000069",5,5,0,0.07067200168967247,0.0719040036201477,446.0606024210958,109.44260548842317,"critical_wave","release_lpt","release_lpt_critical_wave",128,3,"1;1;2;3;1"
"1",8,"critical_wave_auto_lpt",16,"case_000070",10,10,0,0.061423998326063156,0.06293120235204697,206.06113403447063,51.553010000919556,"critical_wave","release_lpt","release_lpt_critical_wave",128,2,"1;2;1;1;1;1;1;1;1;1"
"1",8,"critical_wave_auto_lpt",16,"case_000071",4,4,0,0.06700800359249115,0.06875200122594834,530.2813545691399,129.91976380826765,"critical_wave","release_lpt","release_lpt_critical_wave",128,6,"1;6;2;1"
"1",8,"critical_wave_auto_lpt",16,"case_000072",5,5,0,0.052560001611709595,0.053542401269078256,65.07465249464532,16.6149157766663,"critical_wave","fifo","fifo_critical_wave",176,1,"1;1;1;1;1"
"1",8,"critical_wave_auto_lpt",16,"case_000073",7,7,0,0.06310399994254112,0.06413759663701057,593.3072622035176,145.6987830941254,"critical_wave","release_lpt","release_lpt_critical_wave",128,9,"9;1;1;1;1;1;1"
"1",8,"critical_wave_auto_lpt",16,"case_000074",14,14,0,0.0923520028591156,0.09366399794816971,701.6365465386781,172.4573751182912,"critical_wave","release_lpt","release_lpt_critical_wave",128,2,"1;1;1;1;1;1;1;1;1;1;2;1;1;1"
"1",8,"critical_wave_auto_lpt",16,"case_000075",9,9,0,0.08079999685287476,0.08280959725379944,403.51522522169495,99.36634050393958,"critical_wave","release_lpt","release_lpt_critical_wave",128,2,"2;1;1;1;1;1;1;1;1"
"1",8,"critical_wave_auto_lpt",16,"case_000076",6,6,0,0.05897599831223488,0.06068800017237663,328.413422312207,80.95713742262332,"critical_wave","release_lpt","release_lpt_critical_wave",128,8,"2;8;6;2;7;2"
"1",8,"critical_wave_auto_lpt",16,"case_000077",10,8,2,1.1247199773788452,1.1386111736297608,3027.5078108024422,14.605875533823326,"critical_wave","fifo","fifo_critical_wave",176,1,"1;1;1;1;1;1;1;1;1;1"
"1",8,"critical_wave_auto_lpt",16,"case_000078",8,8,0,0.0849119983613491,0.08638080209493637,341.3719304620009,84.06331422826486,"critical_wave","release_lpt","release_lpt_critical_wave",128,2,"1;1;1;1;1;2;1;1"
"1",8,"critical_wave_auto_lpt",16,"case_000079",9,8,1,0.1061439998447895,0.10755519941449165,674.7385141009054,61.52547491661704,"critical_wave","fifo","fifo_critical_wave",176,1,"1;1;1;1;1;1;1;1;1"
"1",8,"critical_wave_auto_lpt",16,"case_000080",8,8,0,0.0711359977722168,0.0724928006529808,277.3856245214102,68.58119872897045,"critical_wave","release_lpt","release_lpt_critical_wave",128,2,"1;1;1;1;2;1;1;1"
"1",8,"critical_wave_auto_lpt",16,"case_000081",9,9,0,0.07206399738788605,0.07390079647302628,279.3446637666532,69.15453181393647,"critical_wave","release_lpt","release_lpt_critical_wave",128,2,"1;1;1;1;2;1;1;1;1"
"1",8,"critical_wave_auto_lpt",16,"case_000082",8,8,0,0.07097599655389786,0.07206719741225243,314.43542013605406,77.62849790796513,"critical_wave","release_lpt","release_lpt_critical_wave",128,2,"1;1;1;1;2;1;1;1"
"1",8,"critical_wave_auto_lpt",16,"case_000083",8,8,0,0.06007999926805496,0.06170880049467087,360.59635485913304,89.05459495977145,"critical_wave","release_lpt","release_lpt_critical_wave",128,5,"5;1;1;1;1;1;1;1"
"1",8,"critical_wave_auto_lpt",16,"case_000084",9,8,1,0.3664960116147995,0.37624000310897826,540.9294804560283,23.5756562859444,"critical_wave","fifo","fifo_critical_wave",176,1,"1;1;1;1;1;1;1;1;1"
"1",8,"critical_wave_auto_lpt",16,"case_000085",6,6,0,0.09471999853849411,0.09551999717950821,244.81903080452338,60.254730659445144,"critical_wave","fifo","fifo_critical_wave",176,1,"1;1;1;1;1;1"
"1",8,"critical_wave_auto_lpt",16,"case_000086",12,12,0,0.07569600269198418,0.07703039795160294,369.30317350773754,91.37433621356125,"critical_wave","fifo","fifo_critical_wave",176,1,"1;1;1;1;1;1;1;1;1;1;1;1"
"1",8,"critical_wave_auto_lpt",16,"case_000087",5,5,0,0.07105599716305733,0.0717536024749279,259.25716504584716,63.83337341099444,"critical_wave","fifo","fifo_critical_wave",176,1,"1;1;1;1;1"
"1",8,"critical_wave_auto_lpt",16,"case_000088",7,7,0,0.08580799773335457,0.08846080228686333,441.12920650619407,108.32146472970298,"critical_wave","release_lpt","release_lpt_critical_wave",128,2,"1;1;2;1;1;1;1"
"1",8,"critical_wave_auto_lpt",16,"case_000089",3,3,0,0.06111999973654747,0.06217920035123825,402.1306991155489,98.55183288553224,"critical_wave","release_lpt","release_lpt_critical_wave",128,7,"7;1;1"
"1",8,"critical_wave_auto_lpt",16,"case_000090",17,17,0,0.09439999982714653,0.09600960090756416,467.8395669583442,115.59593241505463,"critical_wave","release_lpt","release_lpt_critical_wave",128,2,"2;1;1;1;1;1;1;1;1;1;1;1;1;1;1;1;1"
"1",8,"critical_wave_auto_lpt",16,"case_000091",13,11,2,0.4124799966812134,0.4200352132320404,926.6302386425718,34.54709104600083,"critical_wave","fifo","fifo_critical_wave",176,1,"1;1;1;1;1;1;1;1;1;1;1;1;1"
"1",8,"critical_wave_auto_lpt",16,"case_000092",8,8,0,0.08782399818301201,0.08909760043025017,472.1630704353551,115.97085319181144,"critical_wave","release_lpt","release_lpt_critical_wave",128,2,"1;2;1;1;1;1;1;1"
"1",8,"critical_wave_auto_lpt",16,"case_000093",13,13,0,0.08748800307512283,0.08855040296912194,361.0907027432532,89.29333994847306,"critical_wave","fifo","fifo_critical_wave",176,1,"1;1;1;1;1;1;1;1;1;1;1;1;1"
"1",8,"critical_wave_auto_lpt",16,"case_000094",5,5,0,0.057360000908374786,0.05876480005681515,158.10674003451575,39.26694498484827,"critical_wave","release_lpt","release_lpt_critical_wave",128,2,"1;1;2;1;1"
"1",8,"critical_wave_auto_lpt",16,"case_000095",8,8,0,0.05820799991488457,0.059251200407743454,277.4741642320185,68.79384287134789,"critical_wave","release_lpt","release_lpt_critical_wave",128,4,"1;1;4;1;1;1;1;1"
"1",8,"critical_wave_auto_lpt",16,"case_000096",17,17,0,0.09529600292444229,0.09661119803786278,657.801349860413,161.96037112109892,"critical_wave","release_lpt","release_lpt_critical_wave",128,2,"2;1;1;1;1;1;1;1;1;1;1;1;1;1;1;1;1"
"1",8,"critical_wave_auto_lpt",16,"case_000097",6,6,0,0.052271999418735504,0.05318079888820648,140.85626358040145,35.26660584058819,"critical_wave","release_lpt","release_lpt_critical_wave",128,3,"1;1;3;1;1;1"
"1",8,"critical_wave_auto_lpt",16,"case_000098",3,2,1,0.07028799876570702,0.07258880138397217,79.87433238374015,6.879126002886082,"critical_wave","fifo","fifo_critical_wave",176,1,"1;1;1"
"1",8,"critical_wave_auto_lpt",16,"case_000099",10,10,0,0.07478400319814682,0.07635200023651123,258.9576269230783,64.2447554896213,"critical_wave","release_lpt","release_lpt_critical_wave",128,2,"1;2;1;1;1;1;1;1;1;1"
"2",2,"fa3_native_fifo",12,"case_000000",19,19,0,0.09417600184679031,0.09556479752063751,1091.2102864505118,1066.8487728269836,"fa3_native","fifo","fifo",128,109,"1;29;21;1;21;2;3;3;5;5;2;5;4;1;3;3;9;2;6"
"2",2,"fa3_native_fifo",12,"case_000001",14,14,0,0.061535999178886414,0.06329919770359993,481.60270221415954,471.68383364706847,"fa3_native","fifo","fifo",128,100,"2;16;30;2;2;14;12;9;6;2;5;8;1;8"
"2",2,"fa3_native_fifo",12,"case_000002",14,14,0,0.09206400066614151,0.09315840154886246,1060.264612418684,1036.3295024076501,"fa3_native","fifo","fifo",128,109,"7;6;1;6;21;9;4;2;2;3;26;1;29;2"
"2",2,"fa3_native_fifo",12,"case_000003",8,8,0,0.06047999858856201,0.06649919748306275,304.85943568601505,298.51005987646226,"fa3_native","fifo","fifo",128,109,"44;9;2;4;3;19;9;5"
"2",2,"fa3_native_fifo",12,"case_000004",11,11,0,0.059087999165058136,0.060975998640060425,525.4658985704962,514.2702482633658,"fa3_native","fifo","fifo",128,82,"11;19;24;10;2;7;3;19;1;5;19"
"2",2,"fa3_native_fifo",12,"case_000005",12,12,0,0.07727999985218048,0.07844160050153733,499.69504029328004,488.91759927887637,"fa3_native","fifo","fifo",128,109,"17;1;2;1;7;11;53;11;6;3;9;1"
"2",2,"fa3_native_fifo",12,"case_000006",10,10,0,0.07345600053668022,0.0887136019766331,678.5209970029841,663.4371548130364,"fa3_native","fifo","fifo",128,109,"2;1;8;38;8;4;9;23;3;16"
"2",2,"fa3_native_fifo",12,"case_000007",15,13,2,1.1117759943008423,1.1353023409843446,4572.779587209107,79.24289825613951,"fa3_native","fifo","fifo",128,1,"1;1;1;1;1;1;1;1;1;1;1;1;1;1;1"
"2",2,"fa3_native_fifo",12,"case_000008",12,11,1,0.3139999955892563,0.317577588558197,398.0226746355924,134.2312375543299,"fa3_native","fifo","fifo",128,3,"1;1;1;1;1;1;1;1;1;1;1;1"
"2",2,"fa3_native_fifo",12,"case_000009",26,26,0,0.08804799988865852,0.09272319748997689,885.2272531637574,866.2562249733129,"fa3_native","fifo","fifo",128,109,"3;1;10;5;4;13;1;2;3;17;11;2;5;1;12;3;11;1;10;1;3;2;4;1;2;1"
"2",2,"fa3_native_fifo",12,"case_000010",24,24,0,0.08552000299096107,0.09178239777684212,863.66206895253,845.1082959812206,"fa3_native","fifo","fifo",128,108,"1;2;12;5;6;7;1;8;7;1;10;3;1;4;5;5;6;6;1;6;4;6;13;1"
"2",2,"fa3_native_fifo",12,"case_000011",15,12,3,0.818911999464035,0.8523808181285858,4024.489502223664,53.4562932630743,"fa3_native","fifo","fifo",128,1,"1;1;1;1;1;1;1;1;1;1;1;1;1;1;1"
"2",2,"fa3_native_fifo",12,"case_000012",17,16,1,0.5006240010261536,0.5026911854743957,3735.3812874950563,112.64175885377502,"fa3_native","fifo","fifo",128,1,"1;1;1;1;1;1;1;1;1;1;1;1;1;1;1;1;1"
"2",2,"fa3_native_fifo",12,"case_000013",17,17,0,0.06542399898171425,0.06925119757652283,690.642307643544,676.0185969732835,"fa3_native","fifo","fifo",128,83,"3;8;4;5;4;9;3;10;4;14;15;2;2;17;6;4;11"
"2",2,"fa3_native_fifo",12,"case_000014",18,18,0,0.06934399902820587,0.07917119860649109,644.6351802384155,631.0881491302457,"fa3_native","fifo","fifo",128,109,"2;12;2;2;5;7;2;6;15;13;7;3;1;8;23;6;3;4"
"2",2,"fa3_native_fifo",12,"case_000015",16,15,1,0.49988800287246704,0.5034304022789001,3742.14663944485,114.03155841398095,"fa3_native","fifo","fifo",128,1,"1;1;1;1;1;1;1;1;1;1;1;1;1;1;1;1"
"2",2,"fa3_native_fifo",12,"case_000016",22,21,1,0.3553600013256073,0.3589696019887924,662.8006646144378,181.68104389678714,"fa3_native","fifo","fifo",128,1,"1;1;1;1;1;1;1;1;1;1;1;1;1;1;1;1;1;1;1;1;1;1"
"2",2,"fa3_native_fifo",12,"case_000017",14,14,0,0.06478400155901909,0.06591040194034577,624.2995789501272,610.967631629566,"fa3_native","fifo","fifo",128,107,"21;6;2;14;1;3;5;9;10;9;4;5;10;8"
"2",2,"fa3_native_fifo",12,"case_000018",22,22,0,0.08827200159430504,0.09242239817976952,630.5360161629197,617.2571938542657,"fa3_native","fifo","fifo",128,109,"4;1;4;2;3;1;3;3;4;5;2;1;1;7;4;47;6;1;10;1;1;1"
"2",2,"fa3_native_fifo",12,"case_000019",16,16,0,0.06711999699473381,0.06901759654283524,558.3800240476849,546.7270804985162,"fa3_native","fifo","fifo",128,109,"31;2;3;3;13;2;3;5;8;27;1;8;3;4;5;2"
"2",2,"fa3_native_fifo",12,"case_000020",13,13,0,0.06217600032687187,0.06309120282530785,437.73232914496936,428.73082636161786,"fa3_native","fifo","fifo",128,109,"2;2;2;2;2;4;2;6;16;39;2;27;2"
"2",2,"fa3_native_fifo",12,"case_000021",12,12,0,0.06508799642324448,0.07845440059900285,567.2819348117747,555.095409068347,"fa3_native","fifo","fifo",128,109,"3;14;7;3;17;16;2;32;2;2;15;3"
"2",2,"fa3_native_fifo",12,"case_000022",11,11,0,0.07864000275731087,0.08048640117049218,456.58356242443006,446.72389074571925,"fa3_native","fifo","fifo",128,109,"2;3;1;59;3;7;14;5;8;10;1"
"2",2,"fa3_native_fifo",12,"case_000023",16,15,1,0.7025279998779297,0.705840015411377,3854.621269140212,103.25954269809164,"fa3_native","fifo","fifo",128,1,"1;1;1;1;1;1;1;1;1;1;1;1;1;1;1;1"
"2",2,"fa3_native_fifo",12,"case_000024",15,15,0,0.07764800265431404,0.07909439876675606,865.8452487865084,846.7141684596473,"fa3_native","fifo","fifo",128,109,"26;2;1;30;3;3;2;8;21;6;1;10;1;2;4"
"2",2,"fa3_native_fifo",12,"case_000025",18,18,0,0.07849600166082382,0.08005119860172272,820.48572255042,802.6351236618996,"fa3_native","fifo","fifo",128,109,"5;12;2;10;2;4;3;4;27;11;8;5;1;4;2;6;10;1"
"2",2,"fa3_native_fifo",12,"case_000026",20,20,0,0.07358400151133537,0.07552320137619972,639.3571758224191,626.0073800539915,"fa3_native","fifo","fifo",128,85,"3;6;8;17;10;17;9;3;17;2;2;6;4;1;5;2;1;1;10;3"
"2",2,"fa3_native_fifo",12,"case_000027",18,18,0,0.06881600245833397,0.0705024003982544,528.9544307668763,518.1306487773458,"fa3_native","fifo","fifo",128,98,"9;7;2;3;16;3;10;4;3;2;23;3;12;1;5;1;1;11"
"2",2,"fa3_native_fifo",12,"case_000028",19,19,0,0.10187200084328651,0.10356159880757332,1101.8542267828373,1077.15155382885,"fa3_native","fifo","fifo",128,109,"4;1;12;6;11;4;2;1;3;26;7;1;4;5;2;5;1;24;1"
"2",2,"fa3_native_fifo",12,"case_000029",18,18,0,0.07732800021767616,0.07874560281634331,735.5070138617016,719.6689406598545,"fa3_native","fifo","fifo",128,109,"11;17;7;10;1;5;16;6;4;8;1;2;9;7;1;1;3;5"
"2",2,"fa3_native_fifo",12,"case_000030",22,22,0,0.09059199690818787,0.09266559779644012,789.7105631582999,772.6626897400199,"fa3_native","fifo","fifo",128,109,"5;4;2;4;1;1;1;6;2;7;5;4;49;9;1;2;7;1;3;8;1;6"
"2",2,"fa3_native_fifo",12,"case_000031",10,10,0,0.0676640011370182,0.06873600110411644,649.5641829840639,635.2291215082308,"fa3_native","fifo","fifo",128,109,"27;1;1;9;4;1;1;11;32;27"
"2",2,"fa3_native_fifo",12,"case_000032",18,18,0,0.07689599692821503,0.07840320095419884,734.0618653620502,718.265530149257,"fa3_native","fifo","fifo",128,109,"12;1;7;5;1;40;10;1;1;1;3;3;3;8;8;2;2;6"
"2",2,"fa3_native_fifo",12,"case_000033",15,15,0,0.06828799843788147,0.06960960105061531,772.5029305110875,755.7188551505744,"fa3_native","fifo","fifo",128,109,"3;7;5;6;11;2;5;17;9;5;20;4;8;6;12"
"2",2,"fa3_native_fifo",12,"case_000034",19,19,0,0.0865280032157898,0.09135999977588655,818.8106677939743,800.940798635618,"fa3_native","fifo","fifo",128,109,"4;9;2;4;7;4;15;3;5;9;3;3;3;37;2;9;1;4;1"
"2",2,"fa3_native_fifo",12,"case_000035",17,16,1,0.2536479979753494,0.2556511878967285,3368.574403977899,133.57926051240824,"fa3_native","fifo","fifo",128,1,"1;1;1;1;1;1;1;1;1;1;1;1;1;1;1;1;1"
"2",2,"fa3_native_fifo",12,"case_000036",23,22,1,0.20078399777412415,0.20165759325027466,2620.178164675429,258.02343102203423,"fa3_native","fifo","fifo",128,5,"3;1;1;1;1;1;1;1;1;1;1;2;1;1;1;1;1;1;1;2;1;2;2"
"2",2,"fa3_native_fifo",12,"case_000037",17,17,0,0.07075200229883194,0.07882880046963692,754.9626168089641,738.7136802043957,"fa3_native","fifo","fifo",128,109,"20;1;10;3;11;24;3;2;2;1;3;4;13;9;3;7;7"
"2",2,"fa3_native_fifo",12,"case_000038",15,15,0,0.07225599884986877,0.074092797935009,684.218852343632,669.4313658372165,"fa3_native","fifo","fifo",128,109,"20;11;24;2;2;3;9;3;7;7;1;1;12;9;1"
"2",2,"fa3_native_fifo",12,"case_000039",25,25,0,0.12406399846076965,0.12635199427604676,1409.6779829267082,1377.8509327510799,"fa3_native","fifo","fifo",128,109,"8;6;1;2;1;2;6;13;4;1;2;4;2;2;5;22;1;1;3;22;4;1;5;3;8"
"2",2,"fa3_native_fifo",12,"case_000040",16,16,0,0.07019199803471565,0.07228159755468369,601.4014957534326,588.6774726025562,"fa3_native","fifo","fifo",128,109,"11;5;1;15;29;14;8;2;2;2;4;6;1;7;5;1"
"2",2,"fa3_native_fifo",12,"case_000041",24,24,0,0.08075200021266937,0.08882879689335824,789.7659325346862,773.0437863532453,"fa3_native","fifo","fifo",128,109,"8;1;1;1;7;2;3;2;24;2;1;3;4;2;6;1;6;10;6;2;14;1;1;10"
"2",2,"fa3_native_fifo",12,"case_000042",23,22,1,0.27292799949645996,0.28124799430370334,3456.1173059425687,197.2254664208543,"fa3_native","fifo","fifo",128,1,"1;1;1;1;1;1;1;1;1;1;1;1;1;1;1;1;1;1;1;1;1;1;1"
"2",2,"fa3_native_fifo",12,"case_000043",13,13,0,0.06956800073385239,0.07542400062084198,592.4334509723047,579.6724869854812,"fa3_native","fifo","fifo",128,109,"3;11;3;4;7;12;15;7;3;8;6;3;26"
"2",2,"fa3_native_fifo",12,"case_000044",16,16,0,0.07211199775338173,0.08044159784913064,655.3345737781038,641.3099822606324,"fa3_native","fifo","fifo",128,93,"14;14;15;3;4;2;18;4;4;19;1;8;2;1;6;11"
"2",2,"fa3_native_fifo",12,"case_000045",7,6,1,0.2282719984650612,0.23196800500154496,1951.2405901163302,104.37064624747036,"fa3_native","fifo","fifo",128,3,"1;1;1;1;1;1;1"
"2",2,"fa3_native_fifo",12,"case_000046",13,13,0,0.06326399743556976,0.07007360309362412,458.0993933795513,448.59890538695936,"fa3_native","fifo","fifo",128,109,"5;4;39;9;19;3;7;3;8;2;2;13;2"
"2",2,"fa3_native_fifo",12,"case_000047",16,16,0,0.05998400039970875,0.06189120151102543,484.7898393942595,475.0322721079862,"fa3_native","fifo","fifo",128,97,"20;3;8;2;2;13;1;1;4;1;14;1;5;29;2;9"
"2",2,"fa3_native_fifo",12,"case_000048",21,20,1,0.655023992061615,0.6566816031932831,1216.8514887940528,119.31703410437565,"fa3_native","fifo","fifo",128,1,"1;1;1;1;1;1;1;1;1;1;1;1;1;1;1;1;1;1;1;1;1"
"2",2,"fa3_native_fifo",12,"case_000049",21,21,0,0.087567999958992,0.09196159914135933,963.373512601704,942.2371647021658,"fa3_native","fifo","fifo",128,109,"5;34;8;9;1;2;11;1;8;2;4;6;5;4;1;5;1;6;1;9;3"
"2",2,"fa3_native_fifo",12,"case_000050",17,17,0,0.07622399926185608,0.07867520228028298,711.986948960286,696.6414844959813,"fa3_native","fifo","fifo",128,109,"13;3;3;2;5;13;5;4;5;23;23;1;6;1;9;3;4"
"2",2,"fa3_native_fifo",12,"case_000051",22,22,0,0.08560000360012054,0.09141760170459748,862.9835240789168,844.3035158925884,"fa3_native","fifo","fifo",128,109,"22;1;10;1;7;2;1;5;3;2;5;2;3;8;21;1;12;6;1;4;2;2"
"2",2,"fa3_native_fifo",12,"case_000052",23,23,0,0.0952640026807785,0.10727359652519226,1051.9867812799846,1028.7833099813133,"fa3_native","fifo","fifo",128,109,"7;1;1;2;7;19;5;17;4;2;6;7;1;5;11;4;3;4;6;1;3;6;4"
"2",2,"fa3_native_fifo",12,"case_000053",23,23,0,0.09982400014996529,0.10199999883770944,1090.6625789032544,1066.486294278571,"fa3_native","fifo","fifo",128,109,"1;2;7;18;16;2;6;4;10;4;3;3;6;1;3;6;4;10;5;5;3;4;4"
"2",2,"fa3_native_fifo",12,"case_000054",20,20,0,0.07238399982452393,0.07487680241465569,682.5942368448684,668.2581802230233,"fa3_native","fifo","fifo",128,92,"2;14;2;13;5;1;6;4;10;1;5;1;6;7;6;1;16;6;3;8"
"2",2,"fa3_native_fifo",12,"case_000055",19,19,0,0.07809599861502647,0.07949120178818703,781.8786649621139,765.0170182791476,"fa3_native","fifo","fifo",128,109,"5;5;5;7;3;8;7;1;4;2;2;24;5;5;13;1;4;16;6"
"2",2,"fa3_native_fifo",12,"case_000056",12,12,0,0.06548799946904182,0.07274560108780861,464.42015524352064,454.63767776376733,"fa3_native","fifo","fifo",128,109,"25;5;12;2;41;7;4;8;1;2;7;5"
"2",2,"fa3_native_fifo",12,"case_000057",13,13,0,0.0634399987757206,0.06579840183258057,557.6531073569233,545.8158995622819,"fa3_native","fifo","fifo",128,109,"4;10;33;5;3;7;1;6;4;2;17;10;9"
"2",2,"fa3_native_fifo",12,"case_000058",19,18,1,0.4646719992160797,0.4671552091836929,475.9297577067071,108.67791492750763,"fa3_native","fifo","fifo",128,1,"1;1;1;1;1;1;1;1;1;1;1;1;1;1;1;1;1;1;1"
"2",2,"fa3_native_fifo",12,"case_000059",24,24,0,0.1143679991364479,0.1262687996029854,1234.7021917514485,1207.0263101770609,"fa3_native","fifo","fifo",128,109,"2;17;1;2;5;1;2;2;2;13;2;1;22;18;5;2;11;2;5;2;5;7;1;1"
"2",2,"fa3_native_fifo",12,"case_000060",29,28,1,0.4062560051679611,0.42149120271205903,662.5166590527639,239.8361593688119,"fa3_native","fifo","fifo",128,1,"1;1;1;1;1;1;1;1;1;1;1;1;1;1;1;1;1;1;1;1;1;1;1;1;1;1;1;1;1"
"2",2,"fa3_native_fifo",12,"case_000061",24,23,1,0.23176000267267227,0.23489599972963332,3274.308711981558,176.28608702470254,"fa3_native","fifo","fifo",128,1,"1;1;1;1;1;1;1;1;1;1;1;1;1;1;1;1;1;1;1;1;1;1;1;1"
"2",2,"fa3_native_fifo",12,"case_000062",23,23,0,0.07913599908351898,0.0813280001282692,783.8134178926167,767.1912745541377,"fa3_native","fifo","fifo",128,109,"3;2;2;4;2;4;3;9;10;6;29;2;7;3;10;9;1;1;3;2;3;7;4"
"2",2,"fa3_native_fifo",12,"case_000063",18,17,1,0.38732799887657166,0.38887360990047454,2746.6573404186443,184.05089280085093,"fa3_native","fifo","fifo",128,1,"1;1;1;1;1;1;1;1;1;1;1;1;1;1;1;1;1;1"
"2",2,"fa3_native_fifo",12,"case_000064",18,18,0,0.0822560004889965,0.0859295979142189,886.8170591123998,867.348759675519,"fa3_native","fifo","fifo",128,109,"19;6;2;3;5;4;8;7;6;1;4;1;10;1;20;4;8;7"
"2",2,"fa3_native_fifo",12,"case_000065",23,23,0,0.08667199686169624,0.09301759973168373,839.3208648011333,821.2457376928949,"fa3_native","fifo","fifo",128,109,"8;1;9;8;10;10;5;3;6;1;5;3;1;1;4;3;3;6;20;5;3;1;1"
"2",2,"fa3_native_fifo",12,"case_000066",15,15,0,0.056543998420238495,0.05760959908366203,579.9236109957023,567.9275767046923,"fa3_native","fifo","fifo",128,86,"21;9;6;11;10;8;12;9;2;2;4;3;4;3;3"
"2",2,"fa3_native_fifo",12,"case_000067",12,12,0,0.06539199873805046,0.0688320018351078,677.7652433218977,662.9841087082899,"fa3_native","fifo","fifo",128,109,"29;9;5;10;2;4;5;8;13;12;5;13"
"2",2,"fa3_native_fifo",12,"case_000068",15,15,0,0.06059199944138527,0.06344319880008698,552.9394547940343,541.4692418549098,"fa3_native","fifo","fifo",128,85,"7;4;6;20;6;2;2;17;7;3;2;6;3;5;17"
"2",2,"fa3_native_fifo",12,"case_000069",12,12,0,0.055376000702381134,0.060476801171898846,622.4783786980448,609.1927111404675,"fa3_native","fifo","fifo",128,81,"14;2;19;11;3;12;9;6;12;5;10;6"
"2",2,"fa3_native_fifo",12,"case_000070",23,22,1,0.0891840010881424,0.09216319769620897,1025.2874277487138,909.4050839885829,"fa3_native","fifo","fifo",128,15,"15;7;1;2;3;5;3;1;2;3;2;3;2;11;4;1;2;15;2;2;8;2;2"
"2",2,"fa3_native_fifo",12,"case_000071",19,19,0,0.07228799909353256,0.0739423967897892,668.8592204279978,654.7640631020682,"fa3_native","fifo","fifo",128,107,"4;1;11;8;2;11;2;1;7;4;10;4;18;3;7;6;7;4;1"
"2",2,"fa3_native_fifo",12,"case_000072",13,13,0,0.0594559982419014,0.068681600689888,486.8794977122942,476.7836524191448,"fa3_native","fifo","fifo",128,108,"2;32;10;7;19;4;5;2;3;2;2;25;2"
"2",2,"fa3_native_fifo",12,"case_000073",16,15,1,0.5665119886398315,0.5739040017127991,3745.687092481071,61.86663778139815,"fa3_native","fifo","fifo",128,1,"1;1;1;1;1;1;1;1;1;1;1;1;1;1;1;1"
"2",2,"fa3_native_fifo",12,"case_000074",16,15,1,0.7016479969024658,0.7188384056091308,3842.8901380513926,87.21173048329264,"fa3_native","fifo","fifo",128,1,"1;1;1;1;1;1;1;1;1;1;1;1;1;1;1;1"
"2",2,"fa3_native_fifo",12,"case_000075",19,18,1,0.1130719967186451,0.1211807981133461,704.4239219564957,517.3363670719915,"fa3_native","fifo","fifo",128,6,"3;2;3;3;3;1;3;3;2;3;3;3;2;3;3;1;1;3;1"
"2",2,"fa3_native_fifo",12,"case_000076",22,21,1,0.43296000361442566,0.4453279882669449,1801.6233144497562,172.225867002731,"fa3_native","fifo","fifo",128,1,"1;1;1;1;1;1;1;1;1;1;1;1;1;1;1;1;1;1;1;1;1;1"
"2",2,"fa3_native_fifo",12,"case_000077",15,15,0,0.08827200159430504,0.08964159712195396,592.1685910810068,579.311934434476,"fa3_native","fifo","fifo",128,109,"62;3;5;2;3;1;2;12;12;2;1;4;1;2;8"
"2",2,"fa3_native_fifo",12,"case_000078",21,20,1,0.43224000930786133,0.4336991935968399,3711.7312882743845,148.9122307374274,"fa3_native","fifo","fifo",128,1,"1;1;1;1;1;1;1;1;1;1;1;1;1;1;1;1;1;1;1;1;1"
"2",2,"fa3_native_fifo",12,"case_000079",25,25,0,0.08966399729251862,0.0918847993016243,914.704655743061,894.9436387295151,"fa3_native","fifo","fifo",128,109,"1;4;19;2;1;1;5;10;9;3;2;10;2;3;4;2;1;3;5;1;2;1;3;22;6"
"2",2,"fa3_native_fifo",12,"case_000080",17,17,0,0.07832000032067299,0.0796832025051117,631.808206606182,618.306024026123,"fa3_native","fifo","fifo",128,109,"10;4;9;5;3;7;1;1;11;9;9;2;4;3;32;1;3"
"2",2,"fa3_native_fifo",12,"case_000081",14,13,1,1.4057440161705017,1.4131840467453003,3869.5279248026613,47.11148490634401,"fa3_native","fifo","fifo",128,1,"1;1;1;1;1;1;1;1;1;1;1;1;1;1"
"2",2,"fa3_native_fifo",12,"case_000082",21,21,0,0.07612799853086472,0.08861759677529335,732.5159821900625,717.0071596965705,"fa3_native","fifo","fifo",128,109,"20;12;5;1;3;1;1;7;7;5;4;10;6;5;3;4;6;5;2;5;1"
"2",2,"fa3_native_fifo",12,"case_000083",16,16,0,0.07022399827837944,0.0720415972173214,652.048872672886,638.1371767291821,"fa3_native","fifo","fifo",128,109,"2;4;3;1;7;5;5;9;16;28;20;1;10;1;9;2"
"2",2,"fa3_native_fifo",12,"case_000084",19,18,1,0.5035520195960999,0.5063743829727173,2077.16439705071,106.87391551555366,"fa3_native","fifo","fifo",128,1,"1;1;1;1;1;1;1;1;1;1;1;1;1;1;1;1;1;1;1"
"2",2,"fa3_native_fifo",12,"case_000085",13,13,0,0.07676800340414047,0.07932799980044365,774.1371361599682,757.0120548018006,"fa3_native","fifo","fifo",128,109,"4;15;5;37;2;3;9;4;5;9;7;14;3"
"2",2,"fa3_native_fifo",12,"case_000086",15,14,1,0.5855680108070374,0.5943903982639313,1834.8767974384152,139.36848750928937,"fa3_native","fifo","fifo",128,1,"1;1;1;1;1;1;1;1;1;1;1;1;1;1;1"
"2",2,"fa3_native_fifo",12,"case_000087",21,21,0,0.08179199695587158,0.08335360065102577,856.5239505008913,837.9937714074806,"fa3_native","fifo","fifo",128,109,"2;3;4;1;3;3;6;6;7;16;4;12;2;8;9;6;15;3;13;2;1"
"2",2,"fa3_native_fifo",12,"case_000088",12,12,0,0.07102399691939354,0.0795328013598919,546.1899511516712,534.4050693609444,"fa3_native","fifo","fifo",128,109,"3;7;5;3;16;28;5;23;1;30;1;1"
"2",2,"fa3_native_fifo",12,"case_000089",12,11,1,0.4965119957923889,0.5028832018375397,3734.4134619122187,82.35834047622588,"fa3_native","fifo","fifo",128,1,"1;1;1;1;1;1;1;1;1;1;1;1"
"2",2,"fa3_native_fifo",12,"case_000090",15,15,0,0.06931199878454208,0.0708256021142006,696.091195955528,681.0784976313229,"fa3_native","fifo","fifo",128,109,"21;27;3;2;20;11;9;1;1;3;1;2;3;3;3"
"2",2,"fa3_native_fifo",12,"case_000091",19,19,0,0.0721759982407093,0.07934079989790917,662.7929259316868,648.8424010959653,"fa3_native","fifo","fifo",128,103,"4;3;1;1;4;4;2;6;6;2;8;3;18;6;6;13;17;6;1"
"2",2,"fa3_native_fifo",12,"case_000092",15,14,1,0.4981119930744171,0.5021312057971954,3753.717493793929,112.695877193251,"fa3_native","fifo","fifo",128,1,"1;1;1;1;1;1;1;1;1;1;1;1;1;1;1"
"2",2,"fa3_native_fifo",12,"case_000093",19,18,1,0.4039359986782074,0.42001280486583714,2596.3214661525553,139.96926291543792,"fa3_native","fifo","fifo",128,1,"1;1;1;1;1;1;1;1;1;1;1;1;1;1;1;1;1;1;1"
"2",2,"fa3_native_fifo",12,"case_000094",31,31,0,0.09913600236177444,0.10421760305762291,972.4244881309786,951.5145028318408,"fa3_native","fifo","fifo",128,109,"2;3;1;20;4;1;1;5;7;2;4;1;2;1;2;9;6;2;1;4;11;2;2;10;7;5;3;1;1;6;1"
"2",2,"fa3_native_fifo",12,"case_000095",20,19,1,0.2901120036840439,0.2917215883731842,1633.6719139555792,178.44341269098362,"fa3_native","fifo","fifo",128,3,"1;1;1;1;1;1;1;1;1;1;1;1;1;1;1;1;1;1;1;1"
"2",2,"fa3_native_fifo",12,"case_000096",12,12,0,0.060095999389886856,0.06432319730520249,410.68616391382164,402.26198491455875,"fa3_native","fifo","fifo",128,109,"2;6;2;38;6;7;5;2;8;15;3;2"
"2",2,"fa3_native_fifo",12,"case_000097",12,12,0,0.07073600217700005,0.07283840253949166,407.6765999842799,399.14226321911434,"fa3_native","fifo","fifo",128,109,"2;6;3;8;6;2;15;2;2;1;16;51"
"2",2,"fa3_native_fifo",12,"case_000098",23,22,1,0.4711039960384369,0.4742431968450546,550.7349156487127,170.7322389034407,"fa3_native","fifo","fifo",128,2,"1;1;1;1;1;1;1;1;1;1;1;1;1;1;1;1;1;1;1;1;1;1;1"
"2",2,"fa3_native_fifo",12,"case_000099",22,20,2,0.7239360213279724,0.7275807976722717,1519.8061531649432,112.55270852600083,"fa3_native","fifo","fifo",128,1,"1;1;1;1;1;1;1;1;1;1;1;1;1;1;1;1;1;1;1;1;1;1"
"2",2,"critical_wave_auto_lpt",12,"case_000000",19,19,0,0.09479999914765358,0.09817600175738335,1084.0276674680074,1059.8265074191913,"critical_wave","release_lpt","release_lpt_critical_wave",128,29,"1;29;21;1;21;2;3;3;5;5;2;5;4;1;3;3;9;2;6"
"2",2,"critical_wave_auto_lpt",12,"case_000001",14,14,0,0.07708799839019775,0.0785440020263195,384.442508650846,376.5247069080832,"critical_wave","release_lpt","release_lpt_critical_wave",128,5,"1;2;5;1;1;2;2;2;1;1;1;1;1;1"
"2",2,"critical_wave_auto_lpt",12,"case_000002",14,14,0,0.09446399658918381,0.10095999762415887,1033.3270400204162,1010.0000364681199,"critical_wave","release_lpt","release_lpt_critical_wave",128,29,"7;6;1;6;21;9;4;2;2;3;26;1;29;2"
"2",2,"critical_wave_auto_lpt",12,"case_000003",8,8,0,0.06844799965620041,0.06970240101218224,269.3708849434549,263.7606371359397,"critical_wave","release_lpt","release_lpt_critical_wave",128,6,"6;1;1;1;1;3;1;1"
"2",2,"critical_wave_auto_lpt",12,"case_000004",11,11,0,0.08644800260663033,0.08854720294475556,359.1607398644355,351.5084106485693,"critical_wave","release_lpt","release_lpt_critical_wave",128,3,"2;2;3;1;1;1;1;2;1;1;2"
"2",2,"critical_wave_auto_lpt",12,"case_000005",12,12,0,0.07699199765920639,0.07911359891295433,501.5642380254879,490.74648208562223,"critical_wave","release_lpt","release_lpt_critical_wave",128,12,"3;1;1;1;1;2;12;2;1;1;2;1"
"2",2,"critical_wave_auto_lpt",12,"case_000006",10,10,0,0.08379199728369713,0.08535680174827576,594.8233761662265,581.6001716130683,"critical_wave","release_lpt","release_lpt_critical_wave",128,9,"1;1;2;9;2;1;2;5;1;3"
"2",2,"critical_wave_auto_lpt",12,"case_000007",15,13,2,1.1026880145072937,1.1211647629737853,4610.466882202947,79.89599128758579,"critical_wave","fifo","fifo_critical_wave",176,1,"1;1;1;1;1;1;1;1;1;1;1;1;1;1;1"
"2",2,"critical_wave_auto_lpt",12,"case_000008",12,11,1,0.19707199931144714,0.1982495978474617,634.1799876018229,213.87415841552155,"critical_wave","fifo","fifo_critical_wave",128,2,"1;1;2;1;1;1;1;1;1;1;1;1"
"2",2,"critical_wave_auto_lpt",12,"case_000009",26,26,0,0.08993599936366081,0.09857280179858208,866.6439427979841,848.0711677154968,"critical_wave","release_lpt","release_lpt_critical_wave",128,17,"3;1;10;5;4;13;1;2;3;17;11;2;5;1;12;3;11;1;10;1;3;2;4;1;2;1"
"2",2,"critical_wave_auto_lpt",12,"case_000010",24,24,0,0.08774399757385254,0.08961919695138931,841.7713434794563,823.6878418853503,"critical_wave","release_lpt","release_lpt_critical_wave",128,13,"1;2;12;5;6;7;1;8;7;1;10;3;1;4;5;5;6;6;1;6;4;6;13;1"
"2",2,"critical_wave_auto_lpt",12,"case_000011",15,12,3,0.7715199887752533,0.7774496078491211,4271.7010486270765,56.7399427583102,"critical_wave","fifo","fifo_critical_wave",176,1,"1;1;1;1;1;1;1;1;1;1;1;1;1;1;1"
"2",2,"critical_wave_auto_lpt",12,"case_000012",17,16,1,0.48684799671173096,0.4898912101984024,3841.0788133760448,115.8291055542536,"critical_wave","fifo","fifo_critical_wave",176,1,"1;1;1;1;1;1;1;1;1;1;1;1;1;1;1;1;1"
"2",2,"critical_wave_auto_lpt",12,"case_000013",17,17,0,0.06407999992370605,0.07392959669232368,705.1276792415258,690.1972542549605,"critical_wave","release_lpt","release_lpt_critical_wave",128,17,"3;8;4;5;4;9;3;10;4;14;15;2;2;17;6;4;11"
"2",2,"critical_wave_auto_lpt",12,"case_000014",18,18,0,0.08716800063848495,0.08905280008912086,512.821000648994,502.04404918608236,"critical_wave","release_lpt","release_lpt_critical_wave",128,4,"1;2;1;1;1;2;1;1;3;2;2;1;1;2;4;1;1;1"
"2",2,"critical_wave_auto_lpt",12,"case_000015",16,15,1,0.483024001121521,0.4850943922996521,3872.7976367728647,118.01278584013669,"critical_wave","fifo","fifo_critical_wave",176,1,"1;1;1;1;1;1;1;1;1;1;1;1;1;1;1;1"
"2",2,"critical_wave_auto_lpt",12,"case_000016",22,21,1,0.21934399753808975,0.22253759503364565,1073.8057466792498,294.34211432564314,"critical_wave","fifo","fifo_critical_wave",128,2,"1;1;1;1;1;1;1;1;2;1;1;2;1;1;1;1;1;1;1;1;1;1"
"2",2,"critical_wave_auto_lpt",12,"case_000017",14,14,0,0.07955200225114822,0.08186239674687386,508.40486413296077,497.5478539816225,"critical_wave","release_lpt","release_lpt_critical_wave",128,4,"4;1;1;3;1;1;1;2;2;2;1;1;2;2"
"2",2,"critical_wave_auto_lpt",12,"case_000018",22,22,0,0.09334400296211243,0.09603200107812881,596.2747949280835,583.7174994746651,"critical_wave","release_lpt","release_lpt_critical_wave",128,11,"1;1;1;1;1;1;1;1;1;1;1;1;1;2;1;11;1;1;2;1;1;1"
"2",2,"critical_wave_auto_lpt",12,"case_000019",16,16,0,0.07283200323581696,0.0813728004693985,514.5878716894749,503.84883525974016,"critical_wave","release_lpt","release_lpt_critical_wave",128,6,"6;1;1;1;3;1;1;1;2;5;1;2;1;1;1;1"
"2",2,"critical_wave_auto_lpt",12,"case_000020",13,13,0,0.0618400014936924,0.06334079802036285,440.1106853591529,431.0602741935405,"critical_wave","release_lpt","release_lpt_critical_wave",128,11,"1;1;1;1;1;1;1;1;4;11;1;6;1"
"2",2,"critical_wave_auto_lpt",12,"case_000021",12,12,0,0.06374400109052658,0.06591040194034577,579.2426567570358,566.7991870903994,"critical_wave","release_lpt","release_lpt_critical_wave",128,32,"3;14;7;3;17;16;2;32;2;2;15;3"
"2",2,"critical_wave_auto_lpt",12,"case_000022",11,11,0,0.07918399944901466,0.08024000003933907,453.4468182693795,443.6548828607715,"critical_wave","release_lpt","release_lpt_critical_wave",128,13,"1;1;1;13;1;1;2;1;2;2;1"
"2",2,"critical_wave_auto_lpt",12,"case_000023",16,15,1,0.6722079813480377,0.6744767844676971,4028.4844060694595,107.91707628124813,"critical_wave","fifo","fifo_critical_wave",176,1,"1;1;1;1;1;1;1;1;1;1;1;1;1;1;1;1"
"2",2,"critical_wave_auto_lpt",12,"case_000024",15,15,0,0.08044800162315369,0.08190079778432846,835.7094373945299,817.2442158100516,"critical_wave","release_lpt","release_lpt_critical_wave",128,30,"26;2;1;30;3;3;2;8;21;6;1;10;1;2;4"
"2",2,"critical_wave_auto_lpt",12,"case_000025",18,18,0,0.09619200229644775,0.09755199775099754,669.5447345145698,654.9780282755029,"critical_wave","release_lpt","release_lpt_critical_wave",128,6,"1;3;1;2;1;1;1;1;6;3;2;1;1;1;1;2;2;1"
"2",2,"critical_wave_auto_lpt",12,"case_000026",20,20,0,0.07513599842786789,0.07930880039930344,626.1507183825549,613.0766738159807,"critical_wave","release_lpt","release_lpt_critical_wave",128,17,"3;6;8;17;10;17;9;3;17;2;2;6;4;1;5;2;1;1;10;3"
"2",2,"critical_wave_auto_lpt",12,"case_000027",18,18,0,0.06680000200867653,0.07158080115914345,544.9180885244884,533.7676486202613,"critical_wave","release_lpt","release_lpt_critical_wave",128,7,"2;2;1;1;4;1;3;1;1;1;7;1;3;1;1;1;1;3"
"2",2,"critical_wave_auto_lpt",12,"case_000028",19,19,0,0.10262399911880493,0.10455039888620377,1093.7801653008428,1069.2585062190649,"critical_wave","release_lpt","release_lpt_critical_wave",128,26,"4;1;12;6;11;4;2;1;3;26;7;1;4;5;2;5;1;24;1"
"2",2,"critical_wave_auto_lpt",12,"case_000029",18,18,0,0.07955200225114822,0.08087999746203423,714.9447520936418,699.549457275876,"critical_wave","release_lpt","release_lpt_critical_wave",128,17,"11;17;7;10;1;5;16;6;4;8;1;2;9;7;1;1;3;5"
"2",2,"critical_wave_auto_lpt",12,"case_000030",22,22,0,0.09318400174379349,0.09467199817299843,767.7439856328666,751.1703156133467,"critical_wave","release_lpt","release_lpt_critical_wave",128,15,"1;1;1;1;1;1;1;2;1;2;1;1;15;2;1;1;2;1;1;2;1;2"
"2",2,"critical_wave_auto_lpt",12,"case_000031",10,10,0,0.08195199817419052,0.08331840112805367,536.3153137837952,524.4795118801209,"critical_wave","release_lpt","release_lpt_critical_wave",128,7,"5;1;1;2;1;1;1;2;7;5"
"2",2,"critical_wave_auto_lpt",12,"case_000032",18,18,0,0.07903999835252762,0.08025920018553734,714.1500521323695,698.7822007999035,"critical_wave","release_lpt","release_lpt_critical_wave",128,40,"12;1;7;5;1;40;10;1;1;1;3;3;3;8;8;2;2;6"
"2",2,"critical_wave_auto_lpt",12,"case_000033",15,15,0,0.06654400005936623,0.06810559704899788,792.7488408412103,775.5248850979805,"critical_wave","release_lpt","release_lpt_critical_wave",128,20,"3;7;5;6;11;2;5;17;9;5;20;4;8;6;12"
"2",2,"critical_wave_auto_lpt",12,"case_000034",19,19,0,0.08372799679636955,0.0853568010032177,846.1930872215978,827.725619287777,"critical_wave","release_lpt","release_lpt_critical_wave",128,37,"4;9;2;4;7;4;15;3;5;9;3;3;3;37;2;9;1;4;1"
"2",2,"critical_wave_auto_lpt",12,"case_000035",17,16,1,0.2518079876899719,0.2535423874855042,3393.1892369196166,134.55535033192012,"critical_wave","fifo","fifo_critical_wave",176,1,"1;1;1;1;1;1;1;1;1;1;1;1;1;1;1;1;1"
"2",2,"critical_wave_auto_lpt",12,"case_000036",23,22,1,0.16649599373340607,0.17857920229434968,3159.7748089144825,311.16049604745143,"critical_wave","fifo","fifo_critical_wave",128,2,"2;1;1;1;1;1;1;1;1;1;1;2;1;1;1;1;1;1;1;1;1;1;1"
"2",2,"critical_wave_auto_lpt",12,"case_000037",17,17,0,0.07571200281381607,0.07728319987654686,705.5039467302628,690.3195009716808,"critical_wave","release_lpt","release_lpt_critical_wave",128,24,"20;1;10;3;11;24;3;2;2;1;3;4;13;9;3;7;7"
"2",2,"critical_wave_auto_lpt",12,"case_000038",15,15,0,0.0841439999639988,0.08497599884867668,587.5513004985804,574.8530141269182,"critical_wave","release_lpt","release_lpt_critical_wave",128,5,"4;3;5;1;1;1;2;1;2;2;1;1;3;2;1"
"2",2,"critical_wave_auto_lpt",12,"case_000039",25,25,0,0.12919999659061432,0.13185920417308808,1353.640028785456,1323.078177328822,"critical_wave","release_lpt","release_lpt_critical_wave",128,22,"8;6;1;2;1;2;6;13;4;1;2;4;2;2;5;22;1;1;3;22;4;1;5;3;8"
"2",2,"critical_wave_auto_lpt",12,"case_000040",16,16,0,0.07195199653506279,0.07396159693598747,586.6907749728526,574.2779907415663,"critical_wave","release_lpt","release_lpt_critical_wave",128,29,"11;5;1;15;29;14;8;2;2;2;4;6;1;7;5;1"
"2",2,"critical_wave_auto_lpt",12,"case_000041",24,24,0,0.084111999720335,0.09280639886856079,758.2173645145384,742.1632134244468,"critical_wave","release_lpt","release_lpt_critical_wave",128,24,"8;1;1;1;7;2;3;2;24;2;1;3;4;2;6;1;6;10;6;2;14;1;1;10"
"2",2,"critical_wave_auto_lpt",12,"case_000042",23,22,1,0.2669280022382736,0.26932480931282043,3533.8037763980556,201.65869278843985,"critical_wave","fifo","fifo_critical_wave",176,1,"1;1;1;1;1;1;1;1;1;1;1;1;1;1;1;1;1;1;1;1;1;1;1"
"2",2,"critical_wave_auto_lpt",12,"case_000043",13,13,0,0.07540800049901009,0.0771711990237236,546.5522289314785,534.7795423978837,"critical_wave","release_lpt","release_lpt_critical_wave",128,6,"1;3;1;1;2;3;3;2;1;2;2;1;6"
"2",2,"critical_wave_auto_lpt",12,"case_000044",16,16,0,0.09481599926948547,0.09607360139489174,498.41256408304105,487.7462069303249,"critical_wave","release_lpt","release_lpt_critical_wave",128,3,"2;2;2;1;1;1;3;1;1;3;1;1;1;1;1;2"
"2",2,"critical_wave_auto_lpt",12,"case_000045",7,6,1,0.16808000206947327,0.16943359375,2650.009421155856,141.7473566555071,"critical_wave","fifo","fifo_critical_wave",128,2,"1;1;2;1;1;1;1"
"2",2,"critical_wave_auto_lpt",12,"case_000046",13,13,0,0.07073600217700005,0.07250880002975464,409.7093128825889,401.21238303778307,"critical_wave","release_lpt","release_lpt_critical_wave",128,7,"1;1;7;2;3;1;1;1;2;1;1;2;1"
"2",2,"critical_wave_auto_lpt",12,"case_000047",16,16,0,0.06275200098752975,0.0640800029039383,463.4056836813663,454.0785242157054,"critical_wave","release_lpt","release_lpt_critical_wave",128,29,"20;3;8;2;2;13;1;1;4;1;14;1;5;29;2;9"
"2",2,"critical_wave_auto_lpt",12,"case_000048",21,20,1,0.25915199518203735,0.26043519377708435,3075.6734841115635,301.5817800094529,"critical_wave","fifo","fifo_critical_wave",128,3,"1;1;1;1;3;1;1;1;1;1;2;1;1;1;1;1;1;1;1;1;1"
"2",2,"critical_wave_auto_lpt",12,"case_000049",21,21,0,0.09132800251245499,0.09720319956541063,923.7111224511364,903.4449646344516,"critical_wave","release_lpt","release_lpt_critical_wave",128,34,"5;34;8;9;1;2;11;1;8;2;4;6;5;4;1;5;1;6;1;9;3"
"2",2,"critical_wave_auto_lpt",12,"case_000050",17,17,0,0.09491200000047684,0.10473599955439568,571.798009437451,559.4740391071016,"critical_wave","release_lpt","release_lpt_critical_wave",128,4,"2;1;1;1;1;3;1;1;1;4;4;1;1;1;2;1;1"
"2",2,"critical_wave_auto_lpt",12,"case_000051",22,22,0,0.09934399649500847,0.10233280137181283,743.5919167164939,727.4962408385827,"critical_wave","release_lpt","release_lpt_critical_wave",128,5,"5;1;2;1;2;1;1;1;1;1;1;1;1;2;5;1;3;2;1;1;1;1"
"2",2,"critical_wave_auto_lpt",12,"case_000052",23,23,0,0.09678399935364723,0.09808000177145004,1035.4652858042223,1012.6262259724103,"critical_wave","release_lpt","release_lpt_critical_wave",128,19,"7;1;1;2;7;19;5;17;4;2;6;7;1;5;11;4;3;4;6;1;3;6;4"
"2",2,"critical_wave_auto_lpt",12,"case_000053",23,23,0,0.10784000158309937,0.11300480216741562,1009.5910593631031,987.2118549438569,"critical_wave","release_lpt","release_lpt_critical_wave",128,18,"1;2;7;18;16;2;6;4;10;4;3;3;6;1;3;6;4;10;5;5;3;4;4"
"2",2,"critical_wave_auto_lpt",12,"case_000054",20,20,0,0.07651200145483017,0.07895679771900177,645.7666794819003,632.2040866824866,"critical_wave","release_lpt","release_lpt_critical_wave",128,16,"2;14;2;13;5;1;6;4;10;1;5;1;6;7;6;1;16;6;3;8"
"2",2,"critical_wave_auto_lpt",12,"case_000055",19,19,0,0.0791039988398552,0.09087040200829508,771.915402906726,755.2686194910619,"critical_wave","release_lpt","release_lpt_critical_wave",128,24,"5;5;5;7;3;8;7;1;4;2;2;24;5;5;13;1;4;16;6"
"2",2,"critical_wave_auto_lpt",12,"case_000056",12,12,0,0.07622399926185608,0.07919679954648018,399.0074933685579,390.60285852646314,"critical_wave","release_lpt","release_lpt_critical_wave",128,6,"4;1;2;1;6;1;1;1;1;1;1;1"
"2",2,"critical_wave_auto_lpt",12,"case_000057",13,13,0,0.06638399884104729,0.07387520149350167,532.9222864791475,521.6100356188443,"critical_wave","release_lpt","release_lpt_critical_wave",128,33,"4;10;33;5;3;7;1;6;4;2;17;10;9"
"2",2,"critical_wave_auto_lpt",12,"case_000058",19,18,1,0.19200000166893005,0.19383679330348969,1151.8293233212366,263.01866438041793,"critical_wave","fifo","fifo_critical_wave",128,3,"1;1;1;1;1;1;1;1;3;1;1;1;1;1;1;1;1;1;1"
"2",2,"critical_wave_auto_lpt",12,"case_000059",24,24,0,0.11780800297856331,0.12064320221543312,1198.6487813200183,1171.7810378732852,"critical_wave","release_lpt","release_lpt_critical_wave",128,22,"2;17;1;2;5;1;2;2;2;13;2;1;22;18;5;2;11;2;5;2;5;7;1;1"
"2",2,"critical_wave_auto_lpt",12,"case_000060",29,28,1,0.22950399667024612,0.2397600054740906,1172.7524364236656,424.54546070496326,"critical_wave","fifo","fifo_critical_wave",128,2,"1;2;1;1;1;2;1;1;1;1;1;1;1;1;1;1;1;1;1;1;1;1;1;1;1;1;1;1;1"
"2",2,"critical_wave_auto_lpt",12,"case_000061",24,23,1,0.22577600181102753,0.22794559895992278,3361.09147895689,180.9583997957239,"critical_wave","fifo","fifo_critical_wave",176,1,"1;1;1;1;1;1;1;1;1;1;1;1;1;1;1;1;1;1;1;1;1;1;1;1"
"2",2,"critical_wave_auto_lpt",12,"case_000062",23,23,0,0.08649600297212601,0.08762239664793015,717.1181995541338,701.910445729672,"critical_wave","release_lpt","release_lpt_critical_wave",128,7,"1;1;1;1;1;1;1;2;3;2;7;1;2;1;2;2;1;1;1;1;1;2;1"
"2",2,"critical_wave_auto_lpt",12,"case_000063",18,17,1,0.3069919943809509,0.30823999345302583,3465.423563924744,232.21473297293082,"critical_wave","fifo","fifo_critical_wave",128,2,"1;1;2;1;1;1;1;1;1;1;1;1;1;1;1;1;1;1"
"2",2,"critical_wave_auto_lpt",12,"case_000064",18,18,0,0.0844000019133091,0.08662080317735672,864.2893696012711,845.315620647511,"critical_wave","release_lpt","release_lpt_critical_wave",128,20,"19;6;2;3;5;4;8;7;6;1;4;1;10;1;20;4;8;7"
"2",2,"critical_wave_auto_lpt",12,"case_000065",23,23,0,0.08687999844551086,0.09071359783411026,837.3114256628858,819.2795726699032,"critical_wave","release_lpt","release_lpt_critical_wave",128,20,"8;1;9;8;10;10;5;3;6;1;5;3;1;1;4;3;3;6;20;5;3;1;1"
"2",2,"critical_wave_auto_lpt",12,"case_000066",15,15,0,0.05564799904823303,0.05772159993648529,589.2610750582093,577.0718902608892,"critical_wave","release_lpt","release_lpt_critical_wave",128,21,"21;9;6;11;10;8;12;9;2;2;4;3;4;3;3"
"2",2,"critical_wave_auto_lpt",12,"case_000067",12,12,0,0.06460800021886826,0.06565120071172714,685.9897193204963,671.0292201141191,"critical_wave","release_lpt","release_lpt_critical_wave",128,29,"29;9;5;10;2;4;5;8;13;12;5;13"
"2",2,"critical_wave_auto_lpt",12,"case_000068",15,15,0,0.055424001067876816,0.05738240070641041,604.4981684914553,591.9584181556967,"critical_wave","release_lpt","release_lpt_critical_wave",128,20,"7;4;6;20;6;2;2;17;7;3;2;6;3;5;17"
"2",2,"critical_wave_auto_lpt",12,"case_000069",12,12,0,0.05511999875307083,0.0642975963652134,625.3694469483202,612.0220748031237,"critical_wave","release_lpt","release_lpt_critical_wave",128,19,"14;2;19;11;3;12;9;6;12;5;10;6"
"2",2,"critical_wave_auto_lpt",12,"case_000070",23,22,1,0.08958399668335915,0.0908287987112999,1020.7094844763214,905.344559326473,"critical_wave","fifo","fifo_critical_wave",128,15,"15;7;1;2;3;5;3;1;2;3;2;3;2;11;4;1;2;15;2;2;8;2;2"
"2",2,"critical_wave_auto_lpt",12,"case_000071",19,19,0,0.09667199850082397,0.09793280065059662,500.14994486317454,489.6100704858871,"critical_wave","release_lpt","release_lpt_critical_wave",128,3,"1;1;2;2;1;2;1;1;1;1;2;1;3;1;1;1;1;1;1"
"2",2,"critical_wave_auto_lpt",12,"case_000072",13,13,0,0.057103998959064484,0.06010560095310211,506.93308853468506,496.4214156056088,"critical_wave","release_lpt","release_lpt_critical_wave",128,32,"2;32;10;7;19;4;5;2;3;2;2;25;2"
"2",2,"critical_wave_auto_lpt",12,"case_000073",16,15,1,0.5417920053005219,0.5441183924674988,3916.589065220664,64.68938569988575,"critical_wave","fifo","fifo_critical_wave",176,1,"1;1;1;1;1;1;1;1;1;1;1;1;1;1;1;1"
"2",2,"critical_wave_auto_lpt",12,"case_000074",16,15,1,0.6759679913520813,0.6972191751003265,3988.881429558089,90.52490174512992,"critical_wave","fifo","fifo_critical_wave",176,1,"1;1;1;1;1;1;1;1;1;1;1;1;1;1;1;1"
"2",2,"critical_wave_auto_lpt",12,"case_000075",19,18,1,0.11264000087976456,0.11689280048012735,707.1255217497871,519.320450489349,"critical_wave","fifo","fifo_critical_wave",128,3,"3;2;3;3;3;1;3;3;2;3;3;3;2;3;3;1;1;3;1"
"2",2,"critical_wave_auto_lpt",12,"case_000076",22,21,1,0.24560000002384186,0.249904003739357,3176.021321906668,303.611205182253,"critical_wave","fifo","fifo_critical_wave",128,2,"2;1;1;1;1;2;1;1;1;1;1;1;1;1;1;1;1;1;1;1;1;1"
"2",2,"critical_wave_auto_lpt",12,"case_000077",15,15,0,0.10857599973678589,0.11019839718937874,481.4315036722624,470.97907570704706,"critical_wave","release_lpt","release_lpt_critical_wave",128,9,"9;1;1;1;1;1;1;2;2;1;1;1;1;1;1"
"2",2,"critical_wave_auto_lpt",12,"case_000078",21,20,1,0.4174879938364029,0.42049600183963776,3842.8859997844274,154.1740719500126,"critical_wave","fifo","fifo_critical_wave",176,1,"1;1;1;1;1;1;1;1;1;1;1;1;1;1;1;1;1;1;1;1;1"
"2",2,"critical_wave_auto_lpt",12,"case_000079",25,25,0,0.09019200131297112,0.09191359952092171,909.3497713993482,889.7044397711967,"critical_wave","release_lpt","release_lpt_critical_wave",128,22,"1;4;19;2;1;1;5;10;9;3;2;10;2;3;4;2;1;3;5;1;2;1;3;22;6"
"2",2,"critical_wave_auto_lpt",12,"case_000080",17,17,0,0.07844800129532814,0.07959680259227753,630.7773063294973,617.2971548082503,"critical_wave","release_lpt","release_lpt_critical_wave",128,10,"3;1;2;1;1;2;1;1;3;2;2;1;1;1;10;1;1"
"2",2,"critical_wave_auto_lpt",12,"case_000081",14,13,1,1.337119996547699,1.3407519698143004,4068.1208416150967,49.52935276638614,"critical_wave","fifo","fifo_critical_wave",176,1,"1;1;1;1;1;1;1;1;1;1;1;1;1;1"
"2",2,"critical_wave_auto_lpt",12,"case_000082",21,21,0,0.09759999811649323,0.10361599698662759,571.3624661082488,559.265584563325,"critical_wave","release_lpt","release_lpt_critical_wave",128,4,"4;2;1;1;1;1;1;2;2;1;1;2;2;1;1;1;1;1;1;1;1"
"2",2,"critical_wave_auto_lpt",12,"case_000083",16,16,0,0.07956800237298012,0.08119039982557297,575.4760399457923,563.198052779286,"critical_wave","release_lpt","release_lpt_critical_wave",128,6,"1;1;1;1;2;1;1;2;3;6;4;1;2;1;2;1"
"2",2,"critical_wave_auto_lpt",12,"case_000084",19,18,1,0.302047997713089,0.3034752070903778,3462.89442435418,178.17226536002264,"critical_wave","fifo","fifo_critical_wave",128,2,"1;1;1;1;1;1;1;1;1;1;1;1;1;1;1;2;1;1;1"
"2",2,"critical_wave_auto_lpt",12,"case_000085",13,13,0,0.07673600316047668,0.0782431997358799,774.459964766698,757.3277419527122,"critical_wave","release_lpt","release_lpt_critical_wave",128,37,"4;15;5;37;2;3;9;4;5;9;7;14;3"
"2",2,"critical_wave_auto_lpt",12,"case_000086",15,14,1,0.31862400472164154,0.3206655979156494,3372.141271310252,256.13176280078596,"critical_wave","fifo","fifo_critical_wave",128,2,"2;1;1;1;2;1;1;1;1;1;1;1;1;1;1"
"2",2,"critical_wave_auto_lpt",12,"case_000087",21,21,0,0.08399999886751175,0.08540480136871338,834.0095868631673,815.9664871913387,"critical_wave","release_lpt","release_lpt_critical_wave",128,16,"2;3;4;1;3;3;6;6;7;16;4;12;2;8;9;6;15;3;13;2;1"
"2",2,"critical_wave_auto_lpt",12,"case_000088",12,12,0,0.0880960002541542,0.09544320181012154,440.34454794865354,430.84344227319434,"critical_wave","release_lpt","release_lpt_critical_wave",128,4,"1;1;1;1;2;4;1;3;1;4;1;1"
"2",2,"critical_wave_auto_lpt",12,"case_000089",12,11,1,0.47775998711586,0.4792735934257507,3880.988636744811,85.59089313204339,"critical_wave","fifo","fifo_critical_wave",176,1,"1;1;1;1;1;1;1;1;1;1;1;1"
"2",2,"critical_wave_auto_lpt",12,"case_000090",15,15,0,0.07264000177383423,0.07396799698472023,664.1997652783552,649.8748739982062,"critical_wave","release_lpt","release_lpt_critical_wave",128,27,"21;27;3;2;20;11;9;1;1;3;1;2;3;3;3"
"2",2,"critical_wave_auto_lpt",12,"case_000091",19,19,0,0.08931200206279755,0.09080639854073524,535.6249994526387,524.3511165170391,"critical_wave","release_lpt","release_lpt_critical_wave",128,4,"1;1;1;1;1;1;1;1;1;1;2;1;4;1;2;3;3;1;1"
"2",2,"critical_wave_auto_lpt",12,"case_000092",15,14,1,0.48201601207256317,0.4843583941459656,3879.0655402346315,116.45913536903284,"critical_wave","fifo","fifo_critical_wave",176,1,"1;1;1;1;1;1;1;1;1;1;1;1;1;1;1"
"2",2,"critical_wave_auto_lpt",12,"case_000093",19,18,1,0.30347199738025665,0.31193919479846954,3455.8302359802165,186.30590132886607,"critical_wave","fifo","fifo_critical_wave",128,2,"1;1;1;1;1;1;1;1;1;1;1;1;1;1;2;1;1;1;1"
"2",2,"critical_wave_auto_lpt",12,"case_000094",31,31,0,0.09967999905347824,0.10901440158486367,967.1175488302348,946.3216783277895,"critical_wave","release_lpt","release_lpt_critical_wave",128,20,"2;3;1;20;4;1;1;5;7;2;4;1;2;1;2;9;6;2;1;4;11;2;2;10;7;5;3;1;1;6;1"
"2",2,"critical_wave_auto_lpt",12,"case_000095",20,19,1,0.17324800044298172,0.17936960011720657,2735.661197290313,298.81196820529965,"critical_wave","fifo","fifo_critical_wave",128,2,"1;1;1;1;2;2;1;1;1;1;1;1;1;1;1;1;1;1;1;1"
"2",2,"critical_wave_auto_lpt",12,"case_000096",12,12,0,0.0753760002553463,0.08107199743390084,327.4330738217891,320.71661958854537,"critical_wave","release_lpt","release_lpt_critical_wave",128,6,"1;1;1;6;1;1;1;1;1;2;1;1"
"2",2,"critical_wave_auto_lpt",12,"case_000097",12,12,0,0.07795199751853943,0.08564479649066925,369.93808730996994,362.1937717925078,"critical_wave","release_lpt","release_lpt_critical_wave",128,8,"1;1;1;1;1;1;2;1;1;1;2;8"
"2",2,"critical_wave_auto_lpt",12,"case_000098",23,22,1,0.20905600488185883,0.21043519377708436,1241.0713562933609,384.74206969301787,"critical_wave","fifo","fifo_critical_wave",128,3,"1;1;1;1;1;1;1;2;1;1;3;1;1;1;1;1;2;1;1;1;1;1;1"
"2",2,"critical_wave_auto_lpt",12,"case_000099",22,20,2,0.3222239911556244,0.32335999608039856,3414.526695439684,252.8705566204944,"critical_wave","fifo","fifo_critical_wave",128,3,"1;1;1;1;3;1;1;1;1;1;1;1;1;1;1;1;1;1;1;1;1;1"
"2",4,"fa3_native_fifo",16,"case_000000",19,19,0,0.0931360013782978,0.09607680067420006,1103.3952545867628,540.2164496587877,"fa3_native","fifo","fifo",128,57,"1;15;11;1;11;1;2;2;3;3;1;3;2;1;2;2;5;1;3"
"2",4,"fa3_native_fifo",16,"case_000001",14,14,0,0.06543999910354614,0.06724479794502258,452.87139202289586,222.64841380797722,"fa3_native","fifo","fifo",128,51,"1;8;15;1;1;7;6;5;3;1;3;4;1;4"
"2",4,"fa3_native_fifo",16,"case_000002",14,14,0,0.08793599903583527,0.09099840000271797,1110.0368797109081,543.1411995505549,"fa3_native","fifo","fifo",128,57,"4;3;1;3;11;5;2;1;1;2;13;1;15;1"
"2",4,"fa3_native_fifo",16,"case_000003",8,8,0,0.05604799836874008,0.059472000598907476,328.9662213929027,161.642025829292,"fa3_native","fifo","fifo",128,57,"22;5;1;2;2;10;5;3"
"2",4,"fa3_native_fifo",16,"case_000004",11,11,0,0.0652799978852272,0.06643839925527573,475.623921290388,233.43530167988092,"fa3_native","fifo","fifo",128,41,"6;10;12;5;1;4;2;10;1;3;10"
"2",4,"fa3_native_fifo",16,"case_000005",12,12,0,0.06707199662923813,0.0686464011669159,575.7459831330899,282.39696075699106,"fa3_native","fifo","fifo",128,57,"9;1;1;1;4;6;27;6;3;2;5;1"
"2",4,"fa3_native_fifo",16,"case_000006",10,10,0,0.06300800293684006,0.06460800021886826,791.0334623676556,387.3742836202337,"fa3_native","fifo","fifo",128,57,"1;1;4;19;4;2;5;12;2;8"
"2",4,"fa3_native_fifo",16,"case_000007",15,13,2,1.2170079946517944,1.2216575980186462,4177.381409678075,37.96242605063472,"fa3_native","fifo","fifo",128,1,"1;1;1;1;1;1;1;1;1;1;1;1;1;1;1"
"2",4,"fa3_native_fifo",16,"case_000008",12,11,1,0.19046400487422943,0.19239360392093657,656.1823487988107,114.53964760641107,"fa3_native","fifo","fifo",128,3,"1;1;1;1;1;1;1;1;1;1;1;1"
"2",4,"fa3_native_fifo",16,"case_000009",26,26,0,0.10939199849963188,0.11189120188355446,712.506309026453,349.5919310782926,"fa3_native","fifo","fifo",128,57,"2;1;5;3;2;7;1;1;2;9;6;1;3;1;6;2;6;1;5;1;2;1;2;1;1;1"
"2",4,"fa3_native_fifo",16,"case_000010",24,24,0,0.08803199976682663,0.08984319865703583,839.0174358828212,411.6132326424169,"fa3_native","fifo","fifo",128,55,"1;1;6;3;3;4;1;4;4;1;5;2;1;2;3;3;3;3;1;3;2;3;7;1"
"2",4,"fa3_native_fifo",16,"case_000011",15,12,3,0.893968015909195,0.8964096009731293,3686.6002881950553,27.43708003362329,"fa3_native","fifo","fifo",128,1,"1;1;1;1;1;1;1;1;1;1;1;1;1;1;1"
"2",4,"fa3_native_fifo",16,"case_000012",17,16,1,0.4699679911136627,0.47119998931884766,3979.0401918068746,62.36530264656129,"fa3_native","fifo","fifo",128,1,"1;1;1;1;1;1;1;1;1;1;1;1;1;1;1;1;1"
"2",4,"fa3_native_fifo",16,"case_000013",17,17,0,0.07329599931836128,0.07495039701461792,616.4672294832997,302.6570645915572,"fa3_native","fifo","fifo",128,42,"2;4;2;3;2;5;2;5;2;7;8;1;1;9;3;2;6"
"2",4,"fa3_native_fifo",16,"case_000014",18,18,0,0.07081600278615952,0.07205759733915329,631.2355901671508,310.02619656882007,"fa3_native","fifo","fifo",128,57,"1;6;1;1;3;4;1;3;8;7;4;2;1;4;12;3;2;2"
"2",4,"fa3_native_fifo",16,"case_000015",16,15,1,0.4718559980392456,0.4762847989797592,3964.459957744168,62.75541716762733,"fa3_native","fifo","fifo",128,1,"1;1;1;1;1;1;1;1;1;1;1;1;1;1;1;1"
"2",4,"fa3_native_fifo",16,"case_000016",22,21,1,0.22355199605226517,0.2267904058098793,1053.5931202373777,149.47609768685587,"fa3_native","fifo","fifo",128,1,"1;1;1;1;1;1;1;1;1;1;1;1;1;1;1;1;1;1;1;1;1;1"
"2",4,"fa3_native_fifo",16,"case_000017",14,14,0,0.06574400141835213,0.06735999882221222,615.1834999916825,301.8953451540231,"fa3_native","fifo","fifo",128,54,"11;3;1;7;1;2;3;5;5;5;2;3;5;4"
"2",4,"fa3_native_fifo",16,"case_000018",22,22,0,0.08019199967384338,0.08275840133428575,694.067693166086,340.8491633974737,"fa3_native","fifo","fifo",128,57,"2;1;2;1;2;1;2;2;2;3;1;1;1;4;2;24;3;1;5;1;1;1"
"2",4,"fa3_native_fifo",16,"case_000019",16,16,0,0.07088000327348709,0.07428160235285759,528.7593651962901,259.7868954513396,"fa3_native","fifo","fifo",128,57,"16;1;2;2;7;1;2;3;4;14;1;4;2;2;3;1"
"2",4,"fa3_native_fifo",16,"case_000020",13,13,0,0.06251199916005135,0.06344639882445335,435.3795400194596,214.06501439409425,"fa3_native","fifo","fifo",128,57,"1;1;1;1;1;2;1;3;8;20;1;14;1"
"2",4,"fa3_native_fifo",16,"case_000021",12,12,0,0.06750399991869926,0.06894720271229744,546.9786173925954,268.3422615225235,"fa3_native","fifo","fifo",128,57,"2;7;4;2;9;8;1;16;1;1;8;2"
"2",4,"fa3_native_fifo",16,"case_000022",11,11,0,0.06539199873805046,0.06670720130205154,549.0844950592874,269.30267218996795,"fa3_native","fifo","fifo",128,57,"1;2;1;30;2;4;7;3;4;5;1"
"2",4,"fa3_native_fifo",16,"case_000023",16,15,1,0.6610559821128845,0.6946304082870484,4096.444845473881,56.54797326017785,"fa3_native","fifo","fifo",128,1,"1;1;1;1;1;1;1;1;1;1;1;1;1;1;1;1"
"2",4,"fa3_native_fifo",16,"case_000024",15,15,0,0.08142400160431862,0.08382079675793648,825.6920914144085,404.478671535264,"fa3_native","fifo","fifo",128,57,"13;1;1;15;2;2;1;4;11;3;1;5;1;1;2"
"2",4,"fa3_native_fifo",16,"case_000025",18,18,0,0.08024000003933907,0.08189119771122932,802.6526496563359,393.5138582317988,"fa3_native","fifo","fifo",128,57,"3;6;1;5;1;2;2;2;14;6;4;3;1;2;1;3;5;1"
"2",4,"fa3_native_fifo",16,"case_000026",20,20,0,0.07598399743437767,0.07728319987654686,619.1627313715746,304.1954198311561,"fa3_native","fifo","fifo",128,43,"1;3;4;8;5;7;4;2;7;1;1;3;2;1;2;1;1;1;5;2"
"2",4,"fa3_native_fifo",16,"case_000027",18,18,0,0.0727200023829937,0.07405439764261246,500.5573186905262,246.17116905082034,"fa3_native","fifo","fifo",128,50,"5;4;1;2;8;2;5;2;2;1;12;2;6;1;3;1;1;6"
"2",4,"fa3_native_fifo",16,"case_000028",19,19,0,0.09644799679517746,0.09790400043129921,1163.8198661437889,569.6708882060188,"fa3_native","fifo","fifo",128,57,"2;1;6;3;6;2;1;1;2;13;4;1;2;3;1;3;1;12;1"
"2",4,"fa3_native_fifo",16,"case_000029",18,18,0,0.08027200028300285,0.08163520246744156,708.5320700553543,347.5559086809932,"fa3_native","fifo","fifo",128,57,"6;9;4;5;1;3;8;3;2;4;1;1;5;4;1;1;2;3"
"2",4,"fa3_native_fifo",16,"case_000030",22,22,0,0.08425600081682205,0.08803519979119301,849.0962804125455,416.45271149629986,"fa3_native","fifo","fifo",128,57,"3;2;1;2;1;1;1;3;1;4;2;2;22;4;1;1;3;1;2;4;1;3"
"2",4,"fa3_native_fifo",16,"case_000031",10,10,0,0.06664000079035759,0.07413759753108025,659.5454846146941,323.1097200574397,"fa3_native","fifo","fifo",128,57,"14;1;1;5;2;1;1;6;16;14"
"2",4,"fa3_native_fifo",16,"case_000032",18,18,0,0.0774880014359951,0.07871360257267952,728.4536689286612,357.3404848087551,"fa3_native","fifo","fifo",128,57,"6;1;4;3;1;20;5;1;1;1;2;2;2;4;4;1;1;3"
"2",4,"fa3_native_fifo",16,"case_000033",15,15,0,0.07126399874687195,0.07302719727158546,740.2430377135624,362.9420809218245,"fa3_native","fifo","fifo",128,57,"2;4;3;3;6;1;3;9;5;3;10;2;4;3;6"
"2",4,"fa3_native_fifo",16,"case_000034",19,19,0,0.08552000299096107,0.08653120324015617,828.4617588646297,406.1006406146959,"fa3_native","fifo","fifo",128,57,"2;5;1;2;4;2;8;2;3;5;2;2;2;19;1;5;1;2;1"
"2",4,"fa3_native_fifo",16,"case_000035",17,16,1,0.30646398663520813,0.30889278948307036,2788.0344538396034,58.91448518383834,"fa3_native","fifo","fifo",128,1,"1;1;1;1;1;1;1;1;1;1;1;1;1;1;1;1;1"
"2",4,"fa3_native_fifo",16,"case_000036",23,22,1,0.19635199755430222,0.1974272057414055,2679.3200646634978,134.53129241883394,"fa3_native","fifo","fifo",128,5,"1;1;1;1;1;1;1;1;1;1;1;1;1;1;1;1;1;1;1;1;1;1;1"
"2",4,"fa3_native_fifo",16,"case_000037",17,17,0,0.07636800035834312,0.08010879755020142,699.4437008872716,343.10663991527986,"fa3_native","fifo","fifo",128,57,"10;1;5;2;6;12;2;1;1;1;2;2;7;5;2;4;4"
"2",4,"fa3_native_fifo",16,"case_000038",15,15,0,0.07460800185799599,0.08313279971480372,662.6489837122137,324.98733910806925,"fa3_native","fifo","fifo",128,57,"10;6;12;1;1;2;5;2;4;4;1;1;6;5;1"
"2",4,"fa3_native_fifo",16,"case_000039",25,25,0,0.11582400277256966,0.11714239791035652,1509.9658353839839,738.8213664833393,"fa3_native","fifo","fifo",128,57,"4;3;1;1;1;1;3;7;2;1;1;2;1;1;3;11;1;1;2;11;2;1;3;2;4"
"2",4,"fa3_native_fifo",16,"case_000040",16,16,0,0.07065600156784058,0.07258879989385605,597.4520447136895,293.3333268243335,"fa3_native","fifo","fifo",128,57,"6;3;1;8;15;7;4;1;1;1;2;3;1;4;3;1"
"2",4,"fa3_native_fifo",16,"case_000041",24,24,0,0.08217599987983704,0.09337600171566011,776.0803500444913,381.0202497783358,"fa3_native","fifo","fifo",128,57,"4;1;1;1;4;1;2;1;12;1;1;2;2;1;3;1;3;5;3;1;7;1;1;5"
"2",4,"fa3_native_fifo",16,"case_000042",23,22,1,0.32497599720954895,0.3277024120092392,2902.587238551547,86.32287996922778,"fa3_native","fifo","fifo",128,1,"1;1;1;1;1;1;1;1;1;1;1;1;1;1;1;1;1;1;1;1;1;1;1"
"2",4,"fa3_native_fifo",16,"case_000043",13,13,0,0.06147199869155884,0.06278720125555992,670.458283922033,328.8745515082151,"fa3_native","fifo","fifo",128,57,"2;6;2;2;4;6;8;4;2;4;3;2;13"
"2",4,"fa3_native_fifo",16,"case_000044",16,16,0,0.07344000041484833,0.07481600344181061,643.4842734892651,315.74901782423814,"fa3_native","fifo","fifo",128,47,"6;6;7;2;2;1;8;2;2;8;1;4;1;1;3;5"
"2",4,"fa3_native_fifo",16,"case_000045",7,6,1,0.20212800055742264,0.2241152033209801,2203.6214070472747,62.33958662456712,"fa3_native","fifo","fifo",128,3,"1;1;1;1;1;1;1"
"2",4,"fa3_native_fifo",16,"case_000046",13,13,0,0.06737599894404411,0.06860800087451935,430.14128624748014,211.40062074373265,"fa3_native","fifo","fifo",128,57,"3;2;20;5;10;2;4;2;4;1;1;7;1"
"2",4,"fa3_native_fifo",16,"case_000047",16,16,0,0.06723199784755707,0.06874240189790726,432.526696379537,212.8852995333094,"fa3_native","fifo","fifo",128,49,"10;2;4;1;1;7;1;1;2;1;7;1;3;15;1;5"
"2",4,"fa3_native_fifo",16,"case_000048",21,20,1,0.36795198917388916,0.36996799409389497,2166.225332075367,109.2758218002135,"fa3_native","fifo","fifo",128,1,"1;1;1;1;1;1;1;1;1;1;1;1;1;1;1;1;1;1;1;1;1"
"2",4,"fa3_native_fifo",16,"case_000049",21,21,0,0.09028800204396248,0.0919295996427536,934.3510743644943,457.87842309181383,"fa3_native","fifo","fifo",128,57,"3;17;4;5;1;1;6;1;4;1;2;3;3;2;1;3;1;3;1;5;2"
"2",4,"fa3_native_fifo",16,"case_000050",17,17,0,0.07719999924302101,0.0802688017487526,702.9856632661318,344.8190707386113,"fa3_native","fifo","fifo",128,57,"7;2;2;1;3;7;3;2;3;12;12;1;3;1;5;2;2"
"2",4,"fa3_native_fifo",16,"case_000051",22,22,0,0.0862400010228157,0.08745920285582542,856.5792195254792,420.06381691039115,"fa3_native","fifo","fifo",128,57,"11;1;5;1;4;1;1;3;2;1;3;1;2;4;11;1;6;3;1;2;1;1"
"2",4,"fa3_native_fifo",16,"case_000052",23,23,0,0.0936959981918335,0.09485439956188202,1069.5918020619883,524.00547459325,"fa3_native","fifo","fifo",128,57,"4;1;1;1;4;10;3;9;2;1;3;4;1;3;6;2;2;2;3;1;2;3;2"
"2",4,"fa3_native_fifo",16,"case_000053",23,23,0,0.09612800180912018,0.09732160270214081,1132.5971557818286,554.7256886280227,"fa3_native","fifo","fifo",128,57,"1;1;4;9;8;1;3;2;5;2;2;2;3;1;2;3;2;5;3;3;2;2;2"
"2",4,"fa3_native_fifo",16,"case_000054",20,20,0,0.0756320022046566,0.07732480019330978,653.2803532861905,320.863117365758,"fa3_native","fifo","fifo",128,46,"1;7;1;7;3;1;3;2;5;1;3;1;3;4;3;1;8;3;2;4"
"2",4,"fa3_native_fifo",16,"case_000055",19,19,0,0.08079999685287476,0.08286399766802788,755.712840523799,370.67090552658124,"fa3_native","fifo","fifo",128,57,"3;3;3;4;2;4;4;1;2;1;1;12;3;3;7;1;2;8;3"
"2",4,"fa3_native_fifo",16,"case_000056",12,12,0,0.06566400080919266,0.06933120265603065,463.17535491596465,227.45808686559738,"fa3_native","fifo","fifo",128,57,"13;3;6;1;21;4;2;4;1;1;4;3"
"2",4,"fa3_native_fifo",16,"case_000057",13,13,0,0.06631999835371971,0.07681600227952004,533.4365700570885,261.8595963675255,"fa3_native","fifo","fifo",128,57,"2;5;17;3;2;4;1;3;2;1;9;5;5"
"2",4,"fa3_native_fifo",16,"case_000058",19,18,1,0.2743519991636276,0.27667519748210906,806.0857317394727,96.12503674256548,"fa3_native","fifo","fifo",128,1,"1;1;1;1;1;1;1;1;1;1;1;1;1;1;1;1;1;1;1"
"2",4,"fa3_native_fifo",16,"case_000059",24,24,0,0.10179200023412704,0.10295040160417557,1387.2447626061821,679.0405517233008,"fa3_native","fifo","fifo",128,57,"1;9;1;1;3;1;1;1;1;7;1;1;11;9;3;1;6;1;3;1;3;4;1;1"
"2",4,"fa3_native_fifo",16,"case_000060",29,28,1,0.2430720031261444,0.2444064050912857,1107.2907114042314,205.20958135237794,"fa3_native","fifo","fifo",128,1,"1;1;1;1;1;1;1;1;1;1;1;1;1;1;1;1;1;1;1;1;1;1;1;1;1;1;1;1;1"
"2",4,"fa3_native_fifo",16,"case_000061",24,23,1,0.2988319993019104,0.30199040472507477,2539.399386989105,72.18375558973179,"fa3_native","fifo","fifo",128,1,"1;1;1;1;1;1;1;1;1;1;1;1;1;1;1;1;1;1;1;1;1;1;1;1"
"2",4,"fa3_native_fifo",16,"case_000062",23,23,0,0.0820159986615181,0.08347520232200623,756.289735323353,371.27429400292533,"fa3_native","fifo","fifo",128,57,"2;1;1;2;1;2;2;5;5;3;15;1;4;2;5;5;1;1;2;1;2;4;2"
"2",4,"fa3_native_fifo",16,"case_000063",18,17,1,0.34651198983192444,0.34855360090732573,3070.1889760871586,106.09225965840754,"fa3_native","fifo","fifo",128,1,"1;1;1;1;1;1;1;1;1;1;1;1;1;1;1;1;1;1"
"2",4,"fa3_native_fifo",16,"case_000064",18,18,0,0.08348800241947174,0.1549151986837387,873.7306239703124,428.157902501965,"fa3_native","fifo","fifo",128,57,"10;3;1;2;3;2;4;4;3;1;2;1;5;1;10;2;4;4"
"2",4,"fa3_native_fifo",16,"case_000065",23,23,0,0.08796799927949905,0.08910400047898293,826.9554378390117,405.6442375894309,"fa3_native","fifo","fifo",128,57,"4;1;5;4;5;5;3;2;3;1;3;2;1;1;2;2;2;3;10;3;2;1;1"
"2",4,"fa3_native_fifo",16,"case_000066",15,15,0,0.06812799721956253,0.06941119953989983,481.31753584830483,236.58244272256178,"fa3_native","fifo","fifo",128,44,"11;5;3;6;5;4;6;5;1;1;2;2;2;2;2"
"2",4,"fa3_native_fifo",16,"case_000067",12,12,0,0.06568000093102455,0.06643519848585129,674.793290312894,330.7868406216402,"fa3_native","fifo","fifo",128,57,"15;5;3;5;1;2;3;4;7;6;3;7"
"2",4,"fa3_native_fifo",16,"case_000068",15,15,0,0.06702399998903275,0.06925439834594727,499.8762703133545,245.67008836676902,"fa3_native","fifo","fifo",128,43,"4;2;3;10;3;1;1;9;4;2;1;3;2;3;9"
"2",4,"fa3_native_fifo",16,"case_000069",12,12,0,0.0620959997177124,0.06321919709444046,555.1140700319154,272.42463406502986,"fa3_native","fifo","fifo",128,41,"7;1;10;6;2;6;5;3;6;3;5;3"
"2",4,"fa3_native_fifo",16,"case_000070",23,22,1,0.09086399897933006,0.09409600123763084,1006.3307371360663,447.647830349761,"fa3_native","fifo","fifo",128,8,"8;4;1;1;2;3;2;1;1;2;1;2;1;6;2;1;1;8;1;1;4;1;1"
"2",4,"fa3_native_fifo",16,"case_000071",19,19,0,0.07521599903702736,0.07761920094490052,642.8219439882464,315.67241416698437,"fa3_native","fifo","fifo",128,54,"2;1;6;4;1;6;1;1;4;2;5;2;9;2;4;3;4;2;1"
"2",4,"fa3_native_fifo",16,"case_000072",13,13,0,0.0663519985973835,0.06765440106391907,436.277838978938,214.41813812313748,"fa3_native","fifo","fifo",128,54,"1;16;5;4;10;2;3;1;2;1;1;13;1"
"2",4,"fa3_native_fifo",16,"case_000073",16,15,1,0.5111039876937866,0.5132320165634155,4151.751296558699,36.458553344655364,"fa3_native","fifo","fifo",128,1,"1;1;1;1;1;1;1;1;1;1;1;1;1;1;1;1"
"2",4,"fa3_native_fifo",16,"case_000074",16,15,1,0.6626720130443573,0.7354975998401642,4068.9151112520485,47.84566629627332,"fa3_native","fifo","fifo",128,1,"1;1;1;1;1;1;1;1;1;1;1;1;1;1;1;1"
"2",4,"fa3_native_fifo",16,"case_000075",19,18,1,0.111455999314785,0.11553919762372972,714.6373446174296,264.62360197139736,"fa3_native","fifo","fifo",128,6,"3;1;2;3;3;1;2;3;1;2;3;3;1;3;3;1;1;2;1"
"2",4,"fa3_native_fifo",16,"case_000076",22,21,1,0.3044320046901703,0.3076415956020355,2562.249778993707,126.14200678106279,"fa3_native","fifo","fifo",128,1,"1;1;1;1;1;1;1;1;1;1;1;1;1;1;1;1;1;1;1;1;1;1"
"2",4,"fa3_native_fifo",16,"case_000077",15,15,0,0.07460800185799599,0.07677760273218155,700.6206507914653,343.52819217411,"fa3_native","fifo","fifo",128,57,"31;2;3;1;2;1;1;6;6;1;1;2;1;1;4"
"2",4,"fa3_native_fifo",16,"case_000078",21,20,1,0.4317599982023239,0.43661118745803834,3715.857822104662,77.15723582245627,"fa3_native","fifo","fifo",128,1,"1;1;1;1;1;1;1;1;1;1;1;1;1;1;1;1;1;1;1;1;1"
"2",4,"fa3_native_fifo",16,"case_000079",25,25,0,0.09057599678635597,0.09222080111503601,905.4945977514718,444.09681844163015,"fa3_native","fifo","fifo",128,57,"1;2;10;1;1;1;3;5;5;2;1;5;1;2;2;1;1;2;3;1;1;1;2;11;3"
"2",4,"fa3_native_fifo",16,"case_000080",17,17,0,0.07691199705004692,0.08067200034856797,643.3745168754504,315.7179234885721,"fa3_native","fifo","fifo",128,57,"5;2;5;3;2;4;1;1;6;5;5;1;2;2;16;1;2"
"2",4,"fa3_native_fifo",16,"case_000081",14,13,1,1.2504000067710876,1.2623168349266052,4350.260473640439,27.36337797082547,"fa3_native","fifo","fifo",128,1,"1;1;1;1;1;1;1;1;1;1;1;1;1;1"
"2",4,"fa3_native_fifo",16,"case_000082",21,21,0,0.08087999746203423,0.0827999971807003,689.4779595186877,338.5036703648706,"fa3_native","fifo","fifo",128,57,"10;6;3;1;2;1;1;4;4;3;2;5;3;3;2;2;3;3;1;3;1"
"2",4,"fa3_native_fifo",16,"case_000083",16,16,0,0.0732319988310337,0.07460800185799599,625.2659990566266,306.85777199457056,"fa3_native","fifo","fifo",128,57,"1;2;2;1;4;3;3;5;8;14;10;1;5;1;5;1"
"2",4,"fa3_native_fifo",16,"case_000084",19,18,1,0.346671998500824,0.34943999350070953,3017.146846850147,80.8562333306922,"fa3_native","fifo","fifo",128,1,"1;1;1;1;1;1;1;1;1;1;1;1;1;1;1;1;1;1;1"
"2",4,"fa3_native_fifo",16,"case_000085",13,13,0,0.07134399935603142,0.07276800274848938,832.9917419884014,408.02870967085767,"fa3_native","fifo","fifo",128,57,"2;8;3;19;1;2;5;2;3;5;4;7;2"
"2",4,"fa3_native_fifo",16,"case_000086",15,14,1,0.35096000134944916,0.35365118980407717,3061.446182530015,119.41755139859838,"fa3_native","fifo","fifo",128,1,"1;1;1;1;1;1;1;1;1;1;1;1;1;1;1"
"2",4,"fa3_native_fifo",16,"case_000087",21,21,0,0.08529600128531456,0.0866623967885971,821.3374987845028,402.7927157461623,"fa3_native","fifo","fifo",128,57,"1;2;2;1;2;2;3;3;4;8;2;6;1;4;5;3;8;2;7;1;1"
"2",4,"fa3_native_fifo",16,"case_000088",12,12,0,0.06982400268316269,0.07184640318155289,555.5767632518498,272.49861464312966,"fa3_native","fifo","fifo",128,57,"2;4;3;2;8;14;3;12;1;15;1;1"
"2",4,"fa3_native_fifo",16,"case_000089",12,11,1,0.4662239998579025,0.46859201192855837,3977.01766029446,46.20007551426978,"fa3_native","fifo","fifo",128,1,"1;1;1;1;1;1;1;1;1;1;1;1"
"2",4,"fa3_native_fifo",16,"case_000090",15,15,0,0.07276800274848938,0.0742431990802288,663.0314191081957,325.21019000334275,"fa3_native","fifo","fifo",128,57,"11;14;2;1;10;6;5;1;1;2;1;1;2;2;2"
"2",4,"fa3_native_fifo",16,"case_000091",19,19,0,0.07372800260782242,0.07497599720954895,648.8408659388325,318.64755817360776,"fa3_native","fifo","fifo",128,52,"2;2;1;1;2;2;1;3;3;1;4;2;9;3;3;7;9;3;1"
"2",4,"fa3_native_fifo",16,"case_000092",15,14,1,0.4699519872665405,0.4736544072628021,3978.6441018101923,62.07762663093878,"fa3_native","fifo","fifo",128,1,"1;1;1;1;1;1;1;1;1;1;1;1;1;1;1"
"2",4,"fa3_native_fifo",16,"case_000093",19,18,1,0.3410239964723587,0.3466527879238129,3075.290053393662,86.18635727700853,"fa3_native","fifo","fifo",128,1,"1;1;1;1;1;1;1;1;1;1;1;1;1;1;1;1;1;1;1"
"2",4,"fa3_native_fifo",16,"case_000094",31,31,0,0.09516800194978714,0.09639039635658264,1012.9694264555864,496.9280328586932,"fa3_native","fifo","fifo",128,57,"1;2;1;10;2;1;1;3;4;1;2;1;1;1;1;5;3;1;1;2;6;1;1;5;4;3;2;1;1;3;1"
"2",4,"fa3_native_fifo",16,"case_000095",20,19,1,0.22275200486183167,0.22543999552726746,2127.692779303961,119.53052461420194,"fa3_native","fifo","fifo",128,3,"1;1;1;1;1;1;1;1;1;1;1;1;1;1;1;1;1;1;1;1"
"2",4,"fa3_native_fifo",16,"case_000096",12,12,0,0.06233600154519081,0.06342719867825508,395.92843371751513,194.6919869604038,"fa3_native","fifo","fifo",128,57,"1;3;1;19;3;4;3;1;4;8;2;1"
"2",4,"fa3_native_fifo",16,"case_000097",12,12,0,0.06388800218701363,0.0650304026901722,451.37446589090115,221.73202346401584,"fa3_native","fifo","fifo",128,57,"1;3;2;4;3;1;8;1;1;1;8;26"
"2",4,"fa3_native_fifo",16,"case_000098",23,22,1,0.27374400198459625,0.28488320708274845,947.7958152105908,149.0742873054669,"fa3_native","fifo","fifo",128,2,"1;1;1;1;1;1;1;1;1;1;1;1;1;1;1;1;1;1;1;1;1;1;1"
"2",4,"fa3_native_fifo",16,"case_000099",22,20,2,0.4055840075016022,0.4084255963563919,2712.7362010388283,104.09972587450508,"fa3_native","fifo","fifo",128,1,"1;1;1;1;1;1;1;1;1;1;1;1;1;1;1;1;1;1;1;1;1;1"
"2",4,"critical_wave_auto_lpt",16,"case_000000",19,19,0,0.1340319961309433,0.13823359459638596,766.7260424264842,375.3849935268132,"critical_wave","release_lpt","release_lpt_critical_wave",128,4,"1;4;3;1;3;1;1;1;1;1;1;1;1;1;1;1;1;1;1"
"2",4,"critical_wave_auto_lpt",16,"case_000001",14,14,0,0.07513599842786789,0.07621759921312332,394.43015476065153,193.91652875934838,"critical_wave","release_lpt","release_lpt_critical_wave",128,3,"1;2;3;1;1;1;1;1;1;1;1;1;1;1"
"2",4,"critical_wave_auto_lpt",16,"case_000002",14,14,0,0.0881120003759861,0.08935360237956047,1107.8196110345382,542.056289678981,"critical_wave","release_lpt","release_lpt_critical_wave",128,15,"4;3;1;3;11;5;2;1;1;2;13;1;15;1"
"2",4,"critical_wave_auto_lpt",16,"case_000003",8,8,0,0.05511999875307083,0.05677119977772236,334.5046926179909,164.3634289722343,"critical_wave","release_lpt","release_lpt_critical_wave",128,6,"6;2;1;1;1;3;2;1"
"2",4,"critical_wave_auto_lpt",16,"case_000004",11,11,0,0.07303999736905098,0.07937600016593933,425.0921371083754,208.63439962905898,"critical_wave","release_lpt","release_lpt_critical_wave",128,2,"1;2;2;1;1;1;1;2;1;1;2"
"2",4,"critical_wave_auto_lpt",16,"case_000005",12,12,0,0.07555200159549713,0.07753280103206635,511.12388586011366,250.70054531988563,"critical_wave","release_lpt","release_lpt_critical_wave",128,6,"2;1;1;1;1;1;6;1;1;1;1;1"
"2",4,"critical_wave_auto_lpt",16,"case_000006",10,10,0,0.08028800040483475,0.08123520016670227,620.7831614772495,304.00159272779985,"critical_wave","release_lpt","release_lpt_critical_wave",128,5,"1;1;1;5;1;1;1;3;1;2"
"2",4,"critical_wave_auto_lpt",16,"case_000007",15,13,2,1.233024001121521,1.2397727966308594,4123.120529416973,37.46932416398818,"critical_wave","fifo","fifo_critical_wave",176,1,"1;1;1;1;1;1;1;1;1;1;1;1;1;1;1"
"2",4,"critical_wave_auto_lpt",16,"case_000008",12,11,1,0.18612799793481827,0.18762879818677902,671.4686638587683,117.20794422148042,"critical_wave","fifo","fifo_critical_wave",176,1,"1;1;1;1;1;1;1;1;1;1;1;1"
"2",4,"critical_wave_auto_lpt",16,"case_000009",26,26,0,0.11961600184440613,0.12090879678726196,651.6058711725366,319.71107051166183,"critical_wave","release_lpt","release_lpt_critical_wave",128,2,"1;1;1;1;1;2;1;1;1;2;1;1;1;1;1;1;1;1;1;1;1;1;1;1;1;1"
"2",4,"critical_wave_auto_lpt",16,"case_000010",24,24,0,0.09452799707651138,0.0972256027162075,781.3598616737545,383.32702607325024,"critical_wave","release_lpt","release_lpt_critical_wave",128,2,"1;1;2;1;1;1;1;1;1;1;2;1;1;1;1;1;1;1;1;1;1;1;2;1"
"2",4,"critical_wave_auto_lpt",16,"case_000011",15,12,3,0.930400013923645,0.9325856029987335,3542.2427942466347,26.362716716396058,"critical_wave","fifo","fifo_critical_wave",176,1,"1;1;1;1;1;1;1;1;1;1;1;1;1;1;1"
"2",4,"critical_wave_auto_lpt",16,"case_000012",17,16,1,0.4817439913749695,0.48321281373500824,3881.7744673196203,60.84081280670619,"critical_wave","fifo","fifo_critical_wave",176,1,"1;1;1;1;1;1;1;1;1;1;1;1;1;1;1;1;1"
"2",4,"critical_wave_auto_lpt",16,"case_000013",17,17,0,0.0854400023818016,0.08649600297212601,528.8457440589227,259.63894407293475,"critical_wave","release_lpt","release_lpt_critical_wave",128,2,"1;1;1;1;1;1;1;1;1;2;2;1;1;2;1;1;1"
"2",4,"critical_wave_auto_lpt",16,"case_000014",18,18,0,0.08897599950432777,0.09006400033831596,502.4004401302143,246.74986650677772,"critical_wave","release_lpt","release_lpt_critical_wave",128,2,"1;1;1;1;1;1;1;1;2;1;1;1;1;1;2;1;1;1"
"2",4,"critical_wave_auto_lpt",16,"case_000015",16,15,1,0.4814079999923706,0.4839968025684357,3885.797930399259,61.51023664016652,"critical_wave","fifo","fifo_critical_wave",176,1,"1;1;1;1;1;1;1;1;1;1;1;1;1;1;1;1"
"2",4,"critical_wave_auto_lpt",16,"case_000016",22,21,1,0.22654400020837784,0.22963200509548187,1039.6781412853754,147.50194209188444,"critical_wave","fifo","fifo_critical_wave",176,1,"1;1;1;1;1;1;1;1;1;1;1;1;1;1;1;1;1;1;1;1;1;1"
"2",4,"critical_wave_auto_lpt",16,"case_000017",14,14,0,0.0799039974808693,0.08083519712090492,506.16522540919556,248.395682640934,"critical_wave","release_lpt","release_lpt_critical_wave",128,3,"3;1;1;2;1;1;1;1;1;1;1;1;1;1"
"2",4,"critical_wave_auto_lpt",16,"case_000018",22,22,0,0.09372799843549728,0.10021760165691376,593.8319088538285,291.6244500709206,"critical_wave","release_lpt","release_lpt_critical_wave",128,5,"1;1;1;1;1;1;1;1;1;1;1;1;1;1;1;5;1;1;1;1;1;1"
"2",4,"critical_wave_auto_lpt",16,"case_000019",16,16,0,0.08473599702119827,0.0861952006816864,442.2968614699143,217.30665416485834,"critical_wave","release_lpt","release_lpt_critical_wave",128,3,"3;1;1;1;1;1;1;1;1;2;1;1;1;1;1;1"
"2",4,"critical_wave_auto_lpt",16,"case_000020",13,13,0,0.07499199733138084,0.07587839663028717,362.9246640776044,178.44080003454417,"critical_wave","release_lpt","release_lpt_critical_wave",128,3,"1;1;1;1;1;1;1;1;2;3;1;2;1"
"2",4,"critical_wave_auto_lpt",16,"case_000021",12,12,0,0.0958239994943142,0.09771839901804924,385.32355922162145,189.03590014602574,"critical_wave","release_lpt","release_lpt_critical_wave",128,2,"1;1;1;1;1;1;1;2;1;1;1;1"
"2",4,"critical_wave_auto_lpt",16,"case_000022",11,11,0,0.08321600034832954,0.0848256029188633,431.47630813430175,211.62084125992848,"critical_wave","release_lpt","release_lpt_critical_wave",128,5,"1;1;1;5;1;1;1;1;1;1;1"
"2",4,"critical_wave_auto_lpt",16,"case_000023",16,15,1,0.6812959909439087,0.7106239795684814,3974.747255952881,54.868040465363045,"critical_wave","fifo","fifo_critical_wave",176,1,"1;1;1;1;1;1;1;1;1;1;1;1;1;1;1;1"
"2",4,"critical_wave_auto_lpt",16,"case_000024",15,15,0,0.10209600254893303,0.10343999788165092,658.5091727149371,322.5814055179596,"critical_wave","release_lpt","release_lpt_critical_wave",128,3,"3;1;1;3;1;1;1;1;2;1;1;2;1;1;1"
"2",4,"critical_wave_auto_lpt",16,"case_000025",18,18,0,0.09987200051546097,0.10272319912910462,644.8739216956972,316.16020343070886,"critical_wave","release_lpt","release_lpt_critical_wave",128,3,"1;2;1;1;1;1;1;1;3;2;1;1;1;1;1;1;1;1"
"2",4,"critical_wave_auto_lpt",16,"case_000026",20,20,0,0.08099199831485748,0.08227520063519478,580.8778690594379,285.3860193712479,"critical_wave","release_lpt","release_lpt_critical_wave",128,2,"1;1;1;2;1;2;1;1;2;1;1;1;1;1;1;1;1;1;1;1"
"2",4,"critical_wave_auto_lpt",16,"case_000027",18,18,0,0.08001599833369255,0.08102719858288765,454.9156439465773,223.7248596879924,"critical_wave","release_lpt","release_lpt_critical_wave",128,2,"1;1;1;1;2;1;1;1;1;1;2;1;1;1;1;1;1;1"
"2",4,"critical_wave_auto_lpt",16,"case_000028",19,19,0,0.09551999717950821,0.09808000102639199,1175.1266544643538,575.2053771185306,"critical_wave","release_lpt","release_lpt_critical_wave",128,13,"2;1;6;3;6;2;1;1;2;13;4;1;2;3;1;3;1;12;1"
"2",4,"critical_wave_auto_lpt",16,"case_000029",18,18,0,0.09478399902582169,0.10119680166244507,600.0515605224217,294.34301450395196,"critical_wave","release_lpt","release_lpt_critical_wave",128,2,"1;2;1;1;1;1;2;1;1;1;1;1;1;1;1;1;1;1"
"2",4,"critical_wave_auto_lpt",16,"case_000030",22,22,0,0.08892799913883209,0.09120640084147454,804.4874234076866,394.57359144244907,"critical_wave","release_lpt","release_lpt_critical_wave",128,7,"1;1;1;1;1;1;1;1;1;1;1;1;7;2;1;1;1;1;1;1;1;1"
"2",4,"critical_wave_auto_lpt",16,"case_000031",10,10,0,0.08240000158548355,0.08384319767355919,533.3994025522333,261.31106293319914,"critical_wave","release_lpt","release_lpt_critical_wave",128,3,"3;1;1;1;1;1;1;1;3;3"
"2",4,"critical_wave_auto_lpt",16,"case_000032",18,18,0,0.08289599791169167,0.08367999643087387,680.9305680128472,334.02818830285963,"critical_wave","release_lpt","release_lpt_critical_wave",128,5,"2;1;1;1;1;5;2;1;1;1;1;1;1;1;1;1;1;1"
"2",4,"critical_wave_auto_lpt",16,"case_000033",15,15,0,0.09337600320577621,0.10566719770431521,564.9489922560397,276.9951926835097,"critical_wave","release_lpt","release_lpt_critical_wave",128,2,"1;1;1;1;1;1;1;2;1;1;2;1;1;1;1"
"2",4,"critical_wave_auto_lpt",16,"case_000034",19,19,0,0.09492800012230873,0.0963584028184414,746.3556801440479,365.8533620770788,"critical_wave","release_lpt","release_lpt_critical_wave",128,5,"1;1;1;1;1;1;2;1;1;1;1;1;1;5;1;1;1;1;1"
"2",4,"critical_wave_auto_lpt",16,"case_000035",17,16,1,0.3176800012588501,0.32901760637760163,2689.6000699263304,56.83444953555133,"critical_wave","fifo","fifo_critical_wave",176,1,"1;1;1;1;1;1;1;1;1;1;1;1;1;1;1;1;1"
"2",4,"critical_wave_auto_lpt",16,"case_000036",23,22,1,0.18723200261592865,0.18874560594558715,2809.828658742569,141.08425712983703,"critical_wave","fifo","fifo_critical_wave",176,1,"1;1;1;1;1;1;1;1;1;1;1;1;1;1;1;1;1;1;1;1;1;1;1"
"2",4,"critical_wave_auto_lpt",16,"case_000037",17,17,0,0.09520000219345093,0.09670399874448776,561.0831467362568,275.23495164165587,"critical_wave","release_lpt","release_lpt_critical_wave",128,2,"2;1;1;1;1;2;1;1;1;1;1;1;2;1;1;1;1"
"2",4,"critical_wave_auto_lpt",16,"case_000038",15,15,0,0.09643199667334557,0.09801920130848885,512.6816649402142,251.43787162401392,"critical_wave","release_lpt","release_lpt_critical_wave",128,2,"2;1;2;1;1;1;1;1;1;1;1;1;1;1;1"
"2",4,"critical_wave_auto_lpt",16,"case_000039",25,25,0,0.11924799904227257,0.14192639291286469,1466.6098258135353,717.6074121769112,"critical_wave","release_lpt","release_lpt_critical_wave",128,11,"4;3;1;1;1;1;3;7;2;1;1;2;1;1;3;11;1;1;2;11;2;1;3;2;4"
"2",4,"critical_wave_auto_lpt",16,"case_000040",16,16,0,0.08248000219464302,0.08385919779539108,511.8037279919195,251.28224355631886,"critical_wave","release_lpt","release_lpt_critical_wave",128,3,"1;1;1;2;3;2;1;1;1;1;1;1;1;1;1;1"
"2",4,"critical_wave_auto_lpt",16,"case_000041",24,24,0,0.09731200337409973,0.09902080148458481,655.3680588285392,321.7559901591088,"critical_wave","release_lpt","release_lpt_critical_wave",128,3,"1;1;1;1;1;1;1;1;3;1;1;1;1;1;1;1;1;1;1;1;2;1;1;2"
"2",4,"critical_wave_auto_lpt",16,"case_000042",23,22,1,0.33219200372695923,0.33544000685215,2839.5360868207686,84.44774011796406,"critical_wave","fifo","fifo_critical_wave",176,1,"1;1;1;1;1;1;1;1;1;1;1;1;1;1;1;1;1;1;1;1;1;1;1"
"2",4,"critical_wave_auto_lpt",16,"case_000043",13,13,0,0.06075200065970421,0.06234240122139454,678.4041727754462,332.7721849563601,"critical_wave","release_lpt","release_lpt_critical_wave",128,13,"2;6;2;2;4;6;8;4;2;4;3;2;13"
"2",4,"critical_wave_auto_lpt",16,"case_000044",16,16,0,0.10968000069260597,0.11065920069813728,430.86693119601557,211.42056759271384,"critical_wave","fifo","fifo_critical_wave",176,1,"1;1;1;1;1;1;1;1;1;1;1;1;1;1;1;1"
"2",4,"critical_wave_auto_lpt",16,"case_000045",7,6,1,0.19779199361801147,0.20199360251426696,2251.929316472795,63.70619846390262,"critical_wave","fifo","fifo_critical_wave",176,1,"1;1;1;1;1;1;1"
"2",4,"critical_wave_auto_lpt",16,"case_000046",13,13,0,0.06465600058436394,0.07122879773378372,448.2368007001141,220.29398464594377,"critical_wave","release_lpt","release_lpt_critical_wave",128,5,"1;1;5;1;2;1;1;1;1;1;1;2;1"
"2",4,"critical_wave_auto_lpt",16,"case_000047",16,16,0,0.07791999727487564,0.07935040071606636,373.19860032100354,183.68460601339058,"critical_wave","release_lpt","release_lpt_critical_wave",128,2,"2;1;1;1;1;1;1;1;1;1;1;1;1;2;1;1"
"2",4,"critical_wave_auto_lpt",16,"case_000048",21,20,1,0.3152640014886856,0.3187168061733246,2528.2522462832017,127.53836724185275,"critical_wave","fifo","fifo_critical_wave",128,2,"1;1;1;1;2;1;1;1;1;1;1;1;1;1;1;1;1;1;1;1;1"
"2",4,"critical_wave_auto_lpt",16,"case_000049",21,21,0,0.10366399958729744,0.10456959903240204,813.7896670768355,398.7973468570061,"critical_wave","release_lpt","release_lpt_critical_wave",128,4,"1;4;1;1;1;1;2;1;1;1;1;1;1;1;1;1;1;1;1;2;1"
"2",4,"critical_wave_auto_lpt",16,"case_000050",17,17,0,0.08006399869918823,0.081638403236866,677.8388983031177,332.484417871948,"critical_wave","release_lpt","release_lpt_critical_wave",128,12,"7;2;2;1;3;7;3;2;3;12;12;1;3;1;5;2;2"
"2",4,"critical_wave_auto_lpt",16,"case_000051",22,22,0,0.10804800316691399,0.10884160175919533,683.690494991217,335.2797177013732,"critical_wave","release_lpt","release_lpt_critical_wave",128,3,"3;1;1;1;1;1;1;1;1;1;1;1;1;1;2;1;2;1;1;1;1;1"
"2",4,"critical_wave_auto_lpt",16,"case_000052",23,23,0,0.10505600273609161,0.10641279816627502,953.9337966603501,467.3432714105429,"critical_wave","release_lpt","release_lpt_critical_wave",128,3,"1;1;1;1;1;3;1;3;1;1;1;1;1;1;2;1;1;1;1;1;1;1;1"
"2",4,"critical_wave_auto_lpt",16,"case_000053",23,23,0,0.09878399968147278,0.10052479729056359,1102.1451023552722,539.8108213065318,"critical_wave","release_lpt","release_lpt_critical_wave",128,9,"1;1;4;9;8;1;3;2;5;2;2;2;3;1;2;3;2;5;3;3;2;2;2"
"2",4,"critical_wave_auto_lpt",16,"case_000054",20,20,0,0.08443200215697289,0.0857279971241951,585.1916318191861,287.42087573480393,"critical_wave","release_lpt","release_lpt_critical_wave",128,2,"1;2;1;2;1;1;1;1;1;1;1;1;1;1;1;1;2;1;1;1"
"2",4,"critical_wave_auto_lpt",16,"case_000055",19,19,0,0.084927998483181,0.08624320104718208,718.9807392916782,352.65411330671225,"critical_wave","release_lpt","release_lpt_critical_wave",128,3,"1;1;1;1;1;1;1;1;1;1;1;3;1;1;2;1;1;2;1"
"2",4,"critical_wave_auto_lpt",16,"case_000056",12,12,0,0.06108799949288368,0.0628960020840168,497.8710570403113,244.49659710562165,"critical_wave","release_lpt","release_lpt_critical_wave",128,6,"4;1;2;1;6;1;1;1;1;1;1;1"
"2",4,"critical_wave_auto_lpt",16,"case_000057",13,13,0,0.0724480003118515,0.07384320199489594,488.31592722667216,239.71024631799358,"critical_wave","release_lpt","release_lpt_critical_wave",128,4,"1;1;4;1;1;1;1;1;1;1;2;1;1"
"2",4,"critical_wave_auto_lpt",16,"case_000058",19,18,1,0.20819199830293655,0.21049600094556808,1062.2465503126912,126.67199611402174,"critical_wave","fifo","fifo_critical_wave",128,2,"1;1;1;1;1;1;1;1;2;1;1;1;1;1;1;1;1;1;1"
"2",4,"critical_wave_auto_lpt",16,"case_000059",24,24,0,0.10316800326108932,0.10461439937353134,1368.7423884965183,669.9838497898846,"critical_wave","release_lpt","release_lpt_critical_wave",128,11,"1;9;1;1;3;1;1;1;1;7;1;1;11;9;3;1;6;1;3;1;3;4;1;1"
"2",4,"critical_wave_auto_lpt",16,"case_000060",29,28,1,0.2223839983344078,0.2248800054192543,1210.300081300212,224.29987936898397,"critical_wave","fifo","fifo_critical_wave",128,2,"1;2;1;1;1;1;1;1;1;1;1;1;1;1;1;1;1;1;1;1;1;1;1;1;1;1;1;1;1"
"2",4,"critical_wave_auto_lpt",16,"case_000061",24,23,1,0.30908799171447754,0.311817592382431,2455.138394832877,69.788592822222,"critical_wave","fifo","fifo_critical_wave",176,1,"1;1;1;1;1;1;1;1;1;1;1;1;1;1;1;1;1;1;1;1;1;1;1;1"
"2",4,"critical_wave_auto_lpt",16,"case_000062",23,23,0,0.09668799862265587,0.09822400212287903,641.5259267292939,314.9349705627775,"critical_wave","release_lpt","release_lpt_critical_wave",128,3,"1;1;1;1;1;1;1;1;1;1;3;1;1;1;1;1;1;1;1;1;1;1;1"
"2",4,"critical_wave_auto_lpt",16,"case_000063",18,17,1,0.3588160127401352,0.3618400067090988,2964.910298009682,102.45429048514696,"critical_wave","fifo","fifo_critical_wave",176,1,"1;1;1;1;1;1;1;1;1;1;1;1;1;1;1;1;1;1"
"2",4,"critical_wave_auto_lpt",16,"case_000064",18,18,0,0.09569599851965904,0.09686079993844032,762.2682826493998,373.53754130750417,"critical_wave","release_lpt","release_lpt_critical_wave",128,3,"3;1;1;1;1;1;1;1;1;1;1;1;2;1;3;1;1;1"
"2",4,"critical_wave_auto_lpt",16,"case_000065",23,23,0,0.0995199978351593,0.10119680240750313,730.9648004664625,358.5582071565655,"critical_wave","release_lpt","release_lpt_critical_wave",128,3,"1;1;1;1;2;2;1;1;1;1;1;1;1;1;1;1;1;1;3;1;1;1;1"
"2",4,"critical_wave_auto_lpt",16,"case_000066",15,15,0,0.07715199887752533,0.08015039935708046,425.0207411483178,208.9108284230754,"critical_wave","release_lpt","release_lpt_critical_wave",128,2,"2;1;1;1;1;1;2;1;1;1;1;1;1;1;1"
"2",4,"critical_wave_auto_lpt",16,"case_000067",12,12,0,0.09095999971032143,0.0924800030887127,487.25180383846094,238.8531230122101,"critical_wave","release_lpt","release_lpt_critical_wave",128,3,"3;1;1;1;1;1;1;1;1;1;1;1"
"2",4,"critical_wave_auto_lpt",16,"case_000068",15,15,0,0.06880000233650208,0.07669119909405708,486.9724709038926,239.3283639652439,"critical_wave","release_lpt","release_lpt_critical_wave",128,3,"1;1;1;3;1;1;1;2;1;1;1;1;1;1;2"
"2",4,"critical_wave_auto_lpt",16,"case_000069",12,12,0,0.08043200150132179,0.0835616022348404,428.5652786525961,210.32026661330812,"critical_wave","release_lpt","release_lpt_critical_wave",128,2,"2;1;2;1;1;1;1;1;1;1;1;1"
"2",4,"critical_wave_auto_lpt",16,"case_000070",23,22,1,0.09068799763917923,0.09622720181941986,1008.2837580757899,448.51659600903423,"critical_wave","fifo","fifo_critical_wave",128,8,"8;4;1;1;2;3;2;1;1;2;1;2;1;6;2;1;1;8;1;1;4;1;1"
"2",4,"critical_wave_auto_lpt",16,"case_000071",19,19,0,0.09086399897933006,0.09462719932198525,532.1193791063375,261.30938839045865,"critical_wave","release_lpt","release_lpt_critical_wave",128,2,"1;1;1;1;1;1;1;1;1;1;1;1;2;1;1;1;1;1;1"
"2",4,"critical_wave_auto_lpt",16,"case_000072",13,13,0,0.0674239993095398,0.06855040043592453,429.3412858395093,211.00901972136523,"critical_wave","release_lpt","release_lpt_critical_wave",128,3,"1;3;1;1;2;1;1;1;1;1;1;3;1"
"2",4,"critical_wave_auto_lpt",16,"case_000073",16,15,1,0.5198560059070587,0.5216448068618774,4081.8546279589827,35.844756602333945,"critical_wave","fifo","fifo_critical_wave",176,1,"1;1;1;1;1;1;1;1;1;1;1;1;1;1;1;1"
"2",4,"critical_wave_auto_lpt",16,"case_000074",16,15,1,0.6512320041656494,0.6835359990596771,4140.3925950085,48.68615761693304,"critical_wave","fifo","fifo_critical_wave",176,1,"1;1;1;1;1;1;1;1;1;1;1;1;1;1;1;1"
"2",4,"critical_wave_auto_lpt",16,"case_000075",19,18,1,0.10385600104928017,0.10605120286345482,766.933240133186,283.9882886113149,"critical_wave","fifo","fifo_critical_wave",128,3,"3;1;2;3;3;1;2;3;1;2;3;3;1;3;3;1;1;2;1"
"2",4,"critical_wave_auto_lpt",16,"case_000076",22,21,1,0.3142240047454834,0.31777281165122984,2482.4037150433905,122.21110869968307,"critical_wave","fifo","fifo_critical_wave",176,1,"1;1;1;1;1;1;1;1;1;1;1;1;1;1;1;1;1;1;1;1;1;1"
"2",4,"critical_wave_auto_lpt",16,"case_000077",15,15,0,0.07420799881219864,0.07529919967055321,704.3972031679058,345.37991065980395,"critical_wave","release_lpt","release_lpt_critical_wave",128,11,"11;1;1;1;1;1;1;2;2;1;1;1;1;1;2"
"2",4,"critical_wave_auto_lpt",16,"case_000078",21,20,1,0.43718400597572327,0.4426303893327713,3669.756314646812,76.19996968015771,"critical_wave","fifo","fifo_critical_wave",176,1,"1;1;1;1;1;1;1;1;1;1;1;1;1;1;1;1;1;1;1;1;1"
"2",4,"critical_wave_auto_lpt",16,"case_000079",25,25,0,0.09151999652385712,0.09282239899039268,896.1547081639184,439.5161006099297,"critical_wave","release_lpt","release_lpt_critical_wave",128,11,"1;2;10;1;1;1;3;5;5;2;1;5;1;2;2;1;1;2;3;1;1;1;2;11;3"
"2",4,"critical_wave_auto_lpt",16,"case_000080",17,17,0,0.08513600006699562,0.08628480136394501,581.225555641097,285.2200711907008,"critical_wave","release_lpt","release_lpt_critical_wave",128,4,"1;1;1;1;1;1;1;1;2;1;1;1;1;1;4;1;1"
"2",4,"critical_wave_auto_lpt",16,"case_000081",14,13,1,1.2330880165100098,1.2653119564056396,4411.33613567304,27.747547248767102,"critical_wave","fifo","fifo_critical_wave",176,1,"1;1;1;1;1;1;1;1;1;1;1;1;1;1"
"2",4,"critical_wave_auto_lpt",16,"case_000082",21,21,0,0.07867200300097466,0.07977919653058052,708.8287254528035,348.00405424609335,"critical_wave","release_lpt","release_lpt_critical_wave",128,3,"3;2;1;1;1;1;1;1;1;1;1;2;1;1;1;1;1;1;1;1;1"
"2",4,"critical_wave_auto_lpt",16,"case_000083",16,16,0,0.08268800005316734,0.084323201328516,553.762080139294,271.7662536952268,"critical_wave","release_lpt","release_lpt_critical_wave",128,3,"1;1;1;1;1;1;1;1;2;3;2;1;1;1;1;1"
"2",4,"critical_wave_auto_lpt",16,"case_000084",19,18,1,0.3563999980688095,0.35989119708538053,2934.793302007982,78.64924846208385,"critical_wave","fifo","fifo_critical_wave",176,1,"1;1;1;1;1;1;1;1;1;1;1;1;1;1;1;1;1;1;1"
"2",4,"critical_wave_auto_lpt",16,"case_000085",13,13,0,0.08601599931716919,0.08755840286612511,690.9059102466034,338.4300622104082,"critical_wave","release_lpt","release_lpt_critical_wave",128,5,"1;2;1;5;1;1;1;1;1;1;1;2;1"
"2",4,"critical_wave_auto_lpt",16,"case_000086",15,14,1,0.36209601163864136,0.36690239906311034,2967.2935404332957,115.7449478947187,"critical_wave","fifo","fifo_critical_wave",176,1,"1;1;1;1;1;1;1;1;1;1;1;1;1;1;1"
"2",4,"critical_wave_auto_lpt",16,"case_000087",21,21,0,0.11060800030827522,0.1125280000269413,633.3791783301831,310.6159401150441,"critical_wave","release_lpt","release_lpt_critical_wave",128,2,"1;1;1;1;1;1;1;1;1;2;1;1;1;1;1;1;2;1;2;1;1"
"2",4,"critical_wave_auto_lpt",16,"case_000088",12,12,0,0.0767040029168129,0.0779103972017765,505.7440541932522,248.056728155832,"critical_wave","release_lpt","release_lpt_critical_wave",128,3,"1;1;1;1;2;3;1;2;1;3;1;1"
"2",4,"critical_wave_auto_lpt",16,"case_000089",12,11,1,0.4728640019893646,0.47467838823795316,3921.1719929775986,45.55132957759905,"critical_wave","fifo","fifo_critical_wave",176,1,"1;1;1;1;1;1;1;1;1;1;1;1"
"2",4,"critical_wave_auto_lpt",16,"case_000090",15,15,0,0.09163199737668037,0.0930304005742073,526.5352006861154,258.2601785129539,"critical_wave","release_lpt","release_lpt_critical_wave",128,3,"2;3;1;1;2;1;1;1;1;1;1;1;1;1;1"
"2",4,"critical_wave_auto_lpt",16,"case_000091",19,19,0,0.08262400329113007,0.08468160256743432,578.9811574179138,284.3392605562852,"critical_wave","release_lpt","release_lpt_critical_wave",128,2,"1;1;1;1;1;1;1;1;1;1;1;1;2;1;1;2;2;1;1"
"2",4,"critical_wave_auto_lpt",16,"case_000092",15,14,1,0.4796159863471985,0.48117759823799133,3898.4766052365376,60.8267965006509,"critical_wave","fifo","fifo_critical_wave",176,1,"1;1;1;1;1;1;1;1;1;1;1;1;1;1;1"
"2",4,"critical_wave_auto_lpt",16,"case_000093",19,18,1,0.35332800447940826,0.3560992002487183,2968.1986455198185,83.18507343708988,"critical_wave","fifo","fifo_critical_wave",176,1,"1;1;1;1;1;1;1;1;1;1;1;1;1;1;1;1;1;1;1"
"2",4,"critical_wave_auto_lpt",16,"case_000094",31,31,0,0.09785600006580353,0.09967999905347824,985.144255714254,483.27795912563977,"critical_wave","release_lpt","release_lpt_critical_wave",128,10,"1;2;1;10;2;1;1;3;4;1;2;1;1;1;1;5;3;1;1;2;6;1;1;5;4;3;2;1;1;3;1"
"2",4,"critical_wave_auto_lpt",16,"case_000095",20,19,1,0.21084800362586975,0.2144191935658455,2247.8174996666153,126.27894759319028,"critical_wave","fifo","fifo_critical_wave",176,1,"1;1;1;1;1;1;1;1;1;1;1;1;1;1;1;1;1;1;1;1"
"2",4,"critical_wave_auto_lpt",16,"case_000096",12,12,0,0.061904000118374825,0.06327999755740166,398.69144819082726,196.0506587101405,"critical_wave","release_lpt","release_lpt_critical_wave",128,6,"1;1;1;6;1;1;1;1;1;2;1;1"
"2",4,"critical_wave_auto_lpt",16,"case_000097",12,12,0,0.08020799979567528,0.0817599967122078,359.53287624004406,176.61599885406713,"critical_wave","release_lpt","release_lpt_critical_wave",128,4,"1;1;1;1;1;1;1;1;1;1;1;4"
"2",4,"critical_wave_auto_lpt",16,"case_000098",23,22,1,0.16625600308179855,0.1681311994791031,1560.565722203414,245.45394598426753,"critical_wave","fifo","fifo_critical_wave",128,2,"1;1;1;1;1;1;1;1;1;1;2;1;1;1;1;1;1;1;1;1;1;1;1"
"2",4,"critical_wave_auto_lpt",16,"case_000099",22,20,2,0.4105920046567917,0.41453440487384796,2679.6489148191713,102.83001987652467,"critical_wave","fifo","fifo_critical_wave",176,1,"1;1;1;1;1;1;1;1;1;1;1;1;1;1;1;1;1;1;1;1;1;1"
"2",8,"fa3_native_fifo",16,"case_000000",19,19,0,0.12337600067257881,0.12624319940805434,832.948234598112,204.5343005319881,"fa3_native","fifo","fifo",128,29,"1;7;5;1;5;1;1;1;2;2;1;2;1;1;1;1;2;1;2"
"2",8,"fa3_native_fifo",16,"case_000001",14,14,0,0.0809599980711937,0.08312959969043732,366.056128879093,90.69170176539929,"fa3_native","fifo","fifo",128,26,"1;4;8;1;1;4;3;3;2;1;2;2;1;2"
"2",8,"fa3_native_fifo",16,"case_000002",14,14,0,0.0974079966545105,0.1060832016170025,1002.0963918415629,245.75165101592856,"fa3_native","fifo","fifo",128,29,"2;2;1;2;6;3;1;1;1;1;7;1;8;1"
"2",8,"fa3_native_fifo",16,"case_000003",8,8,0,0.06590400263667107,0.06740479916334152,279.7690201253508,69.2313640668194,"fa3_native","fifo","fifo",128,29,"11;3;1;1;1;5;3;2"
"2",8,"fa3_native_fifo",16,"case_000004",11,11,0,0.07619199901819229,0.07767040282487869,407.5064176828662,100.59302943567582,"fa3_native","fifo","fifo",128,21,"3;5;6;3;1;2;1;5;1;2;5"
"2",8,"fa3_native_fifo",16,"case_000005",12,12,0,0.08073600009083748,0.0827391967177391,478.30500144361844,117.9104239656326,"fa3_native","fifo","fifo",128,29,"5;1;1;1;2;3;14;3;2;1;3;1"
"2",8,"fa3_native_fifo",16,"case_000006",10,10,0,0.07667200267314911,0.07767040282487869,650.060478170537,159.70366721995362,"fa3_native","fifo","fifo",128,29,"1;1;2;10;2;1;3;6;1;4"
"2",8,"fa3_native_fifo",16,"case_000007",15,13,2,1.4674879908561707,1.514240026473999,3464.3599156964256,17.206742513284958,"fa3_native","fifo","fifo",128,1,"1;1;1;1;1;1;1;1;1;1;1;1;1;1;1"
"2",8,"fa3_native_fifo",16,"case_000008",12,11,1,0.2714560031890869,0.27759358882904056,460.40285207081547,42.91382715115553,"fa3_native","fifo","fifo",128,3,"1;1;1;1;1;1;1;1;1;1;1;1"
"2",8,"fa3_native_fifo",16,"case_000009",26,26,0,0.10579200088977814,0.11209280192852021,736.7521970702322,181.75075467220728,"fa3_native","fifo","fifo",128,29,"1;1;3;1;1;3;1;1;1;4;3;1;2;1;3;1;3;1;3;1;1;1;1;1;1;1"
"2",8,"fa3_native_fifo",16,"case_000010",24,24,0,0.10734399780631065,0.11111999675631523,688.0718459291239,169.6962324141155,"fa3_native","fifo","fifo",128,28,"1;1;3;2;2;2;1;2;2;1;3;1;1;1;2;2;2;2;1;2;1;2;4;1"
"2",8,"fa3_native_fifo",16,"case_000011",15,12,3,1.1984800100326538,1.210262405872345,2749.902140627448,12.435591645449247,"fa3_native","fifo","fifo",128,1,"1;1;1;1;1;1;1;1;1;1;1;1;1;1;1"
"2",8,"fa3_native_fifo",16,"case_000012",17,16,1,0.6251200139522552,0.6304767966270447,2991.460013703587,25.225492142384653,"fa3_native","fifo","fifo",128,1,"1;1;1;1;1;1;1;1;1;1;1;1;1;1;1;1;1"
"2",8,"fa3_native_fifo",16,"case_000013",17,17,0,0.0862400010228157,0.08822400122880936,523.939947774884,129.4226329733824,"fa3_native","fifo","fifo",128,22,"1;2;1;2;1;3;1;3;1;4;4;1;1;5;2;1;3"
"2",8,"fa3_native_fifo",16,"case_000014",18,18,0,0.09025600180029869,0.09207680076360703,495.27544340937186,122.4421177491537,"fa3_native","fifo","fifo",128,29,"1;3;1;1;2;2;1;2;4;4;2;1;1;2;6;2;1;1"
"2",8,"fa3_native_fifo",16,"case_000015",16,15,1,0.621040016412735,0.6292640209197998,3012.1315223024017,25.627617511562388,"fa3_native","fifo","fifo",128,1,"1;1;1;1;1;1;1;1;1;1;1;1;1;1;1;1"
"2",8,"fa3_native_fifo",16,"case_000016",22,21,1,0.3742719888687134,0.3826528012752533,629.3093046261068,47.67236803889896,"fa3_native","fifo","fifo",128,1,"1;1;1;1;1;1;1;1;1;1;1;1;1;1;1;1;1;1;1;1;1;1"
"2",8,"fa3_native_fifo",16,"case_000017",14,14,0,0.08110399916768074,0.08229120075702667,498.67608639595716,123.06727291417515,"fa3_native","fifo","fifo",128,28,"6;2;1;4;1;1;2;3;3;3;1;2;3;2"
"2",8,"fa3_native_fifo",16,"case_000018",22,22,0,0.08936000242829323,0.09078719839453697,622.8589381324514,153.94807101800515,"fa3_native","fifo","fifo",128,29,"1;1;1;1;1;1;1;1;1;2;1;1;1;2;1;12;2;1;3;1;1;1"
"2",8,"fa3_native_fifo",16,"case_000019",16,16,0,0.08619200065732002,0.08796799927949905,434.8253347199346,107.57824310013304,"fa3_native","fifo","fifo",128,29,"8;1;1;1;4;1;1;2;2;7;1;2;1;1;2;1"
"2",8,"fa3_native_fifo",16,"case_000020",13,13,0,0.07305599749088287,0.07953279986977578,372.5422466977679,92.31362559715423,"fa3_native","fifo","fifo",128,29,"1;1;1;1;1;1;1;2;4;10;1;7;1"
"2",8,"fa3_native_fifo",16,"case_000021",12,12,0,0.07788799703121185,0.07943040132522583,474.05564337729527,116.9145484168874,"fa3_native","fifo","fifo",128,29,"1;4;2;1;5;4;1;8;1;1;4;1"
"2",8,"fa3_native_fifo",16,"case_000022",11,11,0,0.07599999755620956,0.07811519876122475,472.4438652967605,116.44968795498202,"fa3_native","fifo","fifo",128,29,"1;1;1;15;1;2;4;2;2;3;1"
"2",8,"fa3_native_fifo",16,"case_000023",16,15,1,0.7699519991874695,0.776451188325882,3517.0755753004487,25.716803152528584,"fa3_native","fifo","fifo",128,1,"1;1;1;1;1;1;1;1;1;1;1;1;1;1;1;1"
"2",8,"fa3_native_fifo",16,"case_000024",15,15,0,0.09198400005698204,0.09396480023860931,730.9005276390654,179.68968505132324,"fa3_native","fifo","fifo",128,29,"7;1;1;8;1;1;1;2;6;2;1;3;1;1;1"
"2",8,"fa3_native_fifo",16,"case_000025",18,18,0,0.09241600334644318,0.09870399907231331,696.901470609622,171.63157273247808,"fa3_native","fifo","fifo",128,29,"2;3;1;3;1;1;1;1;7;3;2;2;1;1;1;2;3;1"
"2",8,"fa3_native_fifo",16,"case_000026",20,20,0,0.09044800326228142,0.09203200042247772,520.1492315488107,128.6806958717424,"fa3_native","fifo","fifo",128,22,"1;2;2;4;3;4;2;1;4;1;1;2;1;1;1;1;1;1;3;1"
"2",8,"fa3_native_fifo",16,"case_000027",18,18,0,0.08659200370311737,0.09435200318694116,420.3682540110751,104.21876863989361,"fa3_native","fifo","fifo",128,25,"3;2;1;1;4;1;3;1;1;1;6;1;3;1;2;1;1;3"
"2",8,"fa3_native_fifo",16,"case_000028",19,19,0,0.1045759990811348,0.10611520260572434,1073.3638282806444,263.4412507847594,"fa3_native","fifo","fifo",128,29,"1;1;3;2;3;1;1;1;1;7;2;1;1;2;1;2;1;6;1"
"2",8,"fa3_native_fifo",16,"case_000029",18,18,0,0.09222400188446045,0.10217920318245889,616.7080734498398,152.05620785756517,"fa3_native","fifo","fifo",128,29,"3;5;2;3;1;2;4;2;1;2;1;1;3;2;1;1;1;2"
"2",8,"fa3_native_fifo",16,"case_000030",22,22,0,0.09771199896931648,0.09901120141148567,732.1665471040608,180.4735568406247,"fa3_native","fifo","fifo",128,29,"2;1;1;1;1;1;1;2;1;2;1;1;11;2;1;1;2;1;1;2;1;2"
"2",8,"fa3_native_fifo",16,"case_000031",10,10,0,0.07438400015234947,0.08215999752283097,590.8812584155135,145.2862978310619,"fa3_native","fifo","fifo",128,29,"7;1;1;3;1;1;1;3;8;7"
"2",8,"fa3_native_fifo",16,"case_000032",18,18,0,0.09113600105047226,0.09317760169506073,619.364667018243,152.72261059920487,"fa3_native","fifo","fifo",128,29,"3;1;2;2;1;10;3;1;1;1;1;1;1;2;2;1;1;2"
"2",8,"fa3_native_fifo",16,"case_000033",15,15,0,0.0875839963555336,0.08909120038151741,602.3095668968873,148.35806243932652,"fa3_native","fifo","fifo",128,29,"1;2;2;2;3;1;2;5;3;2;5;1;2;2;3"
"2",8,"fa3_native_fifo",16,"case_000034",19,19,0,0.0923360027372837,0.09463679790496826,767.3069008367627,188.90451701302572,"fa3_native","fifo","fifo",128,29,"1;2;1;1;2;1;4;1;1;3;1;1;1;9;1;2;1;1;1"
"2",8,"fa3_native_fifo",16,"case_000035",17,16,1,0.44441600143909454,0.4515231966972351,1922.5953854793786,22.820276423799918,"fa3_native","fifo","fifo",128,1,"1;1;1;1;1;1;1;1;1;1;1;1;1;1;1;1;1"
"2",8,"fa3_native_fifo",16,"case_000036",23,22,1,0.27215999364852905,0.2860896080732346,1933.0168248879343,50.41058318702732,"fa3_native","fifo","fifo",128,5,"1;1;1;1;1;1;1;1;1;1;1;1;1;1;1;1;1;1;1;1;1;1;1"
"2",8,"fa3_native_fifo",16,"case_000037",17,17,0,0.0875840000808239,0.09008640050888062,609.872999071836,150.37924721234202,"fa3_native","fifo","fifo",128,29,"5;1;3;1;3;6;1;1;1;1;1;1;4;3;1;2;2"
"2",8,"fa3_native_fifo",16,"case_000038",15,15,0,0.08724800124764442,0.09539840295910836,566.6481283356022,139.6567007353532,"fa3_native","fifo","fifo",128,29,"5;3;6;1;1;1;3;1;2;2;1;1;3;3;1"
"2",8,"fa3_native_fifo",16,"case_000039",25,25,0,0.12940800189971924,0.13148479610681535,1351.4642412879991,331.42482203871396,"fa3_native","fifo","fifo",128,29,"2;2;1;1;1;1;2;4;1;1;1;1;1;1;2;6;1;1;1;6;1;1;2;1;2"
"2",8,"fa3_native_fifo",16,"case_000040",16,16,0,0.08643200248479843,0.0878399983048439,488.40211257889666,120.65456891195062,"fa3_native","fifo","fifo",128,29,"3;2;1;4;8;4;2;1;1;1;1;2;1;2;2;1"
"2",8,"fa3_native_fifo",16,"case_000041",24,24,0,0.09912000223994255,0.10226240158081056,643.4138146770583,158.93526678767284,"fa3_native","fifo","fifo",128,29,"2;1;1;1;2;1;1;1;6;1;1;1;1;1;2;1;2;3;2;1;4;1;1;3"
"2",8,"fa3_native_fifo",16,"case_000042",23,22,1,0.4654560089111328,0.4706879943609238,2026.5528090240941,32.581210059950905,"fa3_native","fifo","fifo",128,1,"1;1;1;1;1;1;1;1;1;1;1;1;1;1;1;1;1;1;1;1;1;1;1"
"2",8,"fa3_native_fifo",16,"case_000043",13,13,0,0.0793600007891655,0.08102719858288765,519.3348077388973,128.04354711381615,"fa3_native","fifo","fifo",128,29,"1;3;1;1;2;3;4;2;1;2;2;1;7"
"2",8,"fa3_native_fifo",16,"case_000044",16,16,0,0.0873280018568039,0.08901439979672432,541.1492798093614,133.51776923877435,"fa3_native","fifo","fifo",128,24,"3;3;4;1;1;1;4;1;1;4;1;2;1;1;2;3"
"2",8,"fa3_native_fifo",16,"case_000045",7,6,1,0.29155200719833374,0.2962399899959564,1527.7328846822138,23.969706355840653,"fa3_native","fifo","fifo",128,3,"1;1;1;1;1;1;1"
"2",8,"fa3_native_fifo",16,"case_000046",13,13,0,0.07846400141716003,0.07977600321173668,369.35662628163936,91.44208643979316,"fa3_native","fifo","fifo",128,29,"2;1;10;3;5;1;2;1;2;1;1;4;1"
"2",8,"fa3_native_fifo",16,"case_000047",16,16,0,0.08086399734020233,0.08292799815535545,359.61163034841434,89.30906506658145,"fa3_native","fifo","fifo",128,25,"5;1;2;1;1;4;1;1;1;1;4;1;2;8;1;3"
"2",8,"fa3_native_fifo",16,"case_000048",21,20,1,0.4474239945411682,0.45171199142932894,1781.4576993202822,47.459734522678055,"fa3_native","fifo","fifo",128,1,"1;1;1;1;1;1;1;1;1;1;1;1;1;1;1;1;1;1;1;1;1"
"2",8,"fa3_native_fifo",16,"case_000049",21,21,0,0.10425600036978722,0.10640639811754227,809.1686944902908,199.0914664516049,"fa3_native","fifo","fifo",128,29,"2;9;2;3;1;1;3;1;2;1;1;2;2;1;1;2;1;2;1;3;1"
"2",8,"fa3_native_fifo",16,"case_000050",17,17,0,0.09068799763917923,0.0919455997645855,598.4308186837058,147.53493679763082,"fa3_native","fifo","fifo",128,29,"3;1;1;1;1;3;2;1;2;6;5;1;2;1;2;1;1"
"2",8,"fa3_native_fifo",16,"case_000051",22,22,0,0.10150399804115295,0.10278720036149025,727.7683066045357,179.3354385176022,"fa3_native","fifo","fifo",128,29,"6;1;3;1;2;1;1;2;1;1;2;1;1;2;6;1;3;2;1;1;1;1"
"2",8,"fa3_native_fifo",16,"case_000052",23,23,0,0.10886400192975998,0.11450559720396998,920.5657497017293,226.3633116840566,"fa3_native","fifo","fifo",128,29,"2;1;1;1;2;5;2;5;1;1;2;2;1;2;3;1;1;1;2;1;1;2;1"
"2",8,"fa3_native_fifo",16,"case_000053",23,23,0,0.10872000083327293,0.11046399921178818,1001.4192476595332,246.10507537644685,"fa3_native","fifo","fifo",128,29,"1;1;2;5;4;1;2;1;3;1;1;1;2;1;1;2;1;3;2;2;1;1;1"
"2",8,"fa3_native_fifo",16,"case_000054",20,20,0,0.09377599880099297,0.09824960306286812,526.8821633652045,130.26446165530632,"fa3_native","fifo","fifo",128,23,"1;4;1;4;2;1;2;1;3;1;2;1;2;2;2;1;4;2;1;2"
"2",8,"fa3_native_fifo",16,"case_000055",19,19,0,0.09476799890398979,0.09597760066390038,644.3271551809592,158.83977897697557,"fa3_native","fifo","fifo",128,29,"2;2;2;2;1;2;2;1;1;1;1;6;2;2;4;1;1;4;2"
"2",8,"fa3_native_fifo",16,"case_000056",12,12,0,0.07848000153899193,0.08053120151162148,387.5375418397407,95.7830766130303,"fa3_native","fifo","fifo",128,29,"7;2;3;1;11;2;1;2;1;1;2;2"
"2",8,"fa3_native_fifo",16,"case_000057",13,13,0,0.07880000025033951,0.08023359999060631,448.9532022285441,110.86944127214464,"fa3_native","fifo","fifo",128,29,"1;3;9;2;1;2;1;2;1;1;5;3;3"
"2",8,"fa3_native_fifo",16,"case_000058",19,18,1,0.36902399361133575,0.37470079958438873,599.2868643466077,38.77350049782907,"fa3_native","fifo","fifo",128,1,"1;1;1;1;1;1;1;1;1;1;1;1;1;1;1;1;1;1;1"
"2",8,"fa3_native_fifo",16,"case_000059",24,24,0,0.11768000200390816,0.11903039738535881,1199.9525560452523,294.5169222452,"fa3_native","fifo","fifo",128,29,"1;5;1;1;2;1;1;1;1;4;1;1;6;5;2;1;3;1;2;1;2;2;1;1"
"2",8,"fa3_native_fifo",16,"case_000060",29,28,1,0.3779840022325516,0.38704639971256255,712.0708010769376,69.06010795647367,"fa3_native","fifo","fifo",128,1,"1;1;1;1;1;1;1;1;1;1;1;1;1;1;1;1;1;1;1;1;1;1;1;1;1;1;1;1;1"
"2",8,"fa3_native_fifo",16,"case_000061",24,23,1,0.43992000818252563,0.4468927919864655,1724.9813187063469,27.11445666970191,"fa3_native","fifo","fifo",128,1,"1;1;1;1;1;1;1;1;1;1;1;1;1;1;1;1;1;1;1;1;1;1;1;1"
"2",8,"fa3_native_fifo",16,"case_000062",23,23,0,0.0949920006096363,0.095763199031353,652.9798037931595,161.27067439030174,"fa3_native","fifo","fifo",128,29,"1;1;1;1;1;1;1;2;3;2;7;1;2;1;3;2;1;1;1;1;1;2;1"
"2",8,"fa3_native_fifo",16,"case_000063",18,17,1,0.4856320023536682,0.4910784125328064,2190.6655370896074,40.152477401601196,"fa3_native","fifo","fifo",128,1,"1;1;1;1;1;1;1;1;1;1;1;1;1;1;1;1;1;1"
"2",8,"fa3_native_fifo",16,"case_000064",18,18,0,0.09566399827599525,0.09772799909114838,762.5232664596267,187.60194350462706,"fa3_native","fifo","fifo",128,29,"5;2;1;1;2;1;2;2;2;1;1;1;3;1;5;1;2;2"
"2",8,"fa3_native_fifo",16,"case_000065",23,23,0,0.10358399897813797,0.10515520349144936,702.2862225598512,173.15477464608713,"fa3_native","fifo","fifo",128,29,"2;1;3;2;3;3;2;1;2;1;2;1;1;1;1;1;1;2;5;2;1;1;1"
"2",8,"fa3_native_fifo",16,"case_000066",15,15,0,0.08424000069499016,0.08664960265159607,389.25925300888713,96.39582066721098,"fa3_native","fifo","fifo",128,23,"6;3;2;3;3;2;3;3;1;1;1;1;1;1;1"
"2",8,"fa3_native_fifo",16,"case_000067",12,12,0,0.07999999821186066,0.0817056030035019,554.0053115829837,136.40240304883127,"fa3_native","fifo","fifo",128,29,"8;3;2;3;1;1;2;2;4;3;2;4"
"2",8,"fa3_native_fifo",16,"case_000068",15,15,0,0.08086399734020233,0.08247360214591026,414.3216788436367,102.57143194523218,"fa3_native","fifo","fifo",128,22,"2;1;2;5;2;1;1;5;2;1;1;2;1;2;5"
"2",8,"fa3_native_fifo",16,"case_000069",12,12,0,0.0753760002553463,0.07662400230765343,457.3121818513456,112.8660577794002,"fa3_native","fifo","fifo",128,21,"4;1;5;3;1;3;3;2;3;2;3;2"
"2",8,"fa3_native_fifo",16,"case_000070",23,22,1,0.11148799955844879,0.11491520255804062,820.1710985410765,183.52124068091655,"fa3_native","fifo","fifo",128,4,"4;2;1;1;1;2;1;1;1;1;1;1;1;3;1;1;1;4;1;1;2;1;1"
"2",8,"fa3_native_fifo",16,"case_000071",19,19,0,0.0907519981265068,0.091839998960495,532.776089983167,131.67348649825217,"fa3_native","fifo","fifo",128,28,"1;1;3;2;1;3;1;1;2;1;3;1;5;1;2;2;2;1;1"
"2",8,"fa3_native_fifo",16,"case_000072",13,13,0,0.07836800068616867,0.07985919713973999,369.3842678968468,91.4503871127196,"fa3_native","fifo","fifo",128,28,"1;8;3;2;5;1;2;1;1;1;1;7;1"
"2",8,"fa3_native_fifo",16,"case_000073",16,15,1,0.6675519943237305,0.6748192131519317,3178.7436209125367,15.619864952337142,"fa3_native","fifo","fifo",128,1,"1;1;1;1;1;1;1;1;1;1;1;1;1;1;1;1"
"2",8,"fa3_native_fifo",16,"case_000074",16,15,1,0.80103999376297,0.8171904146671295,3366.069345693443,21.17623106471186,"fa3_native","fifo","fifo",128,1,"1;1;1;1;1;1;1;1;1;1;1;1;1;1;1;1"
"2",8,"fa3_native_fifo",16,"case_000075",19,18,1,0.12584000080823898,0.13003199845552446,632.9515168501582,119.14100368488236,"fa3_native","fifo","fifo",128,6,"1;1;1;1;1;1;1;1;1;1;1;1;1;1;1;1;1;1;1"
"2",8,"fa3_native_fifo",16,"case_000076",22,21,1,0.4384479969739914,0.4463775873184204,1779.072642866404,46.34310144015852,"fa3_native","fifo","fifo",128,1,"1;1;1;1;1;1;1;1;1;1;1;1;1;1;1;1;1;1;1;1;1;1"
"2",8,"fa3_native_fifo",16,"case_000077",15,15,0,0.08550400286912918,0.0871616005897522,611.3387100251482,150.59430632397877,"fa3_native","fifo","fifo",128,29,"16;1;2;1;1;1;1;3;3;1;1;1;1;1;2"
"2",8,"fa3_native_fifo",16,"case_000078",21,20,1,0.5816320180892944,0.5933216094970704,2758.3742240711595,30.5815351404352,"fa3_native","fifo","fifo",128,1,"1;1;1;1;1;1;1;1;1;1;1;1;1;1;1;1;1;1;1;1;1"
"2",8,"fa3_native_fifo",16,"case_000079",25,25,0,0.10249599814414978,0.10432639718055725,800.1880781789457,197.22385620919778,"fa3_native","fifo","fifo",128,29,"1;1;5;1;1;1;2;3;3;1;1;3;1;1;1;1;1;1;2;1;1;1;1;6;2"
"2",8,"fa3_native_fifo",16,"case_000080",17,17,0,0.08988799899816513,0.09142080247402191,550.4986148930748,135.84549813206164,"fa3_native","fifo","fifo",128,29,"3;1;3;2;1;2;1;1;3;3;3;1;1;1;8;1;1"
"2",8,"fa3_native_fifo",16,"case_000081",14,13,1,1.3073279857635498,1.3194975972175598,4160.827110664965,13.92872194146806,"fa3_native","fifo","fifo",128,1,"1;1;1;1;1;1;1;1;1;1;1;1;1;1"
"2",8,"fa3_native_fifo",16,"case_000082",21,21,0,0.09811200201511383,0.10035839676856995,568.3807737142046,140.4018236003174,"fa3_native","fifo","fifo",128,29,"5;3;2;1;1;1;1;2;2;2;1;3;2;2;1;1;2;2;1;2;1"
"2",8,"fa3_native_fifo",16,"case_000083",16,16,0,0.08657600358128548,0.08825920149683952,528.8934233261142,130.53778798404772,"fa3_native","fifo","fifo",128,29,"1;1;1;1;2;2;1;2;4;6;5;1;3;1;2;1"
"2",8,"fa3_native_fifo",16,"case_000084",19,18,1,0.4843679964542389,0.4946432024240494,2159.4331888663874,31.25227122934027,"fa3_native","fifo","fifo",128,1,"1;1;1;1;1;1;1;1;1;1;1;1;1;1;1;1;1;1;1"
"2",8,"fa3_native_fifo",16,"case_000085",13,13,0,0.08585599809885025,0.08727680146694183,692.1934823421014,170.15058147924123,"fa3_native","fifo","fifo",128,29,"1;4;2;10;1;1;3;1;2;3;2;4;1"
"2",8,"fa3_native_fifo",16,"case_000086",15,14,1,0.486735999584198,0.494771209359169,2207.4495358261192,45.32500579132472,"fa3_native","fifo","fifo",128,1,"1;1;1;1;1;1;1;1;1;1;1;1;1;1;1"
"2",8,"fa3_native_fifo",16,"case_000087",21,21,0,0.09724800288677216,0.0989472009241581,720.3932448213726,177.52878709603118,"fa3_native","fifo","fifo",128,29,"1;1;1;1;1;1;2;2;2;4;1;3;1;2;3;2;4;1;4;1;1"
"2",8,"fa3_native_fifo",16,"case_000088",12,12,0,0.08129600062966347,0.16968960613012404,477.1771441096608,117.62723782147246,"fa3_native","fifo","fifo",128,29,"1;2;2;1;4;7;2;6;1;8;1;1"
"2",8,"fa3_native_fifo",16,"case_000089",12,11,1,0.6185439825057983,0.6247295916080475,2997.6543843761647,19.179596496824363,"fa3_native","fifo","fifo",128,1,"1;1;1;1;1;1;1;1;1;1;1;1"
"2",8,"fa3_native_fifo",16,"case_000090",15,15,0,0.08564799651503563,0.08823360055685044,563.3228340552027,138.8694246678848,"fa3_native","fifo","fifo",128,29,"6;7;1;1;5;3;3;1;1;1;1;1;1;1;1"
"2",8,"fa3_native_fifo",16,"case_000091",19,19,0,0.08764799684286118,0.08982719853520393,545.7938889552195,134.90836557507802,"fa3_native","fifo","fifo",128,27,"1;1;1;1;1;1;1;2;2;1;2;1;5;2;2;4;5;2;1"
"2",8,"fa3_native_fifo",16,"case_000092",15,14,1,0.6222720146179199,0.6284800171852112,3004.7497852206243,25.21834765401659,"fa3_native","fifo","fifo",128,1,"1;1;1;1;1;1;1;1;1;1;1;1;1;1;1"
"2",8,"fa3_native_fifo",16,"case_000093",19,18,1,0.4824319928884506,0.49277439117431643,2173.8767738865417,32.788273234726184,"fa3_native","fifo","fifo",128,1,"1;1;1;1;1;1;1;1;1;1;1;1;1;1;1;1;1;1;1"
"2",8,"fa3_native_fifo",16,"case_000094",31,31,0,0.11607999727129936,0.1179295964539051,830.4813802389307,204.79669675076565,"fa3_native","fifo","fifo",128,29,"1;1;1;5;1;1;1;2;2;1;1;1;1;1;1;3;2;1;1;1;3;1;1;3;2;2;1;1;1;2;1"
"2",8,"fa3_native_fifo",16,"case_000095",20,19,1,0.3049600124359131,0.30914559960365295,1554.131076183634,46.08541260127824,"fa3_native","fifo","fifo",128,3,"1;1;1;1;1;1;1;1;1;1;1;1;1;1;1;1;1;1;1;1"
"2",8,"fa3_native_fifo",16,"case_000096",12,12,0,0.07553600147366524,0.0772319994866848,326.7395013569074,80.98538287246686,"fa3_native","fifo","fifo",128,29,"1;2;1;10;2;2;2;1;2;4;1;1"
"2",8,"fa3_native_fifo",16,"case_000097",12,12,0,0.07481600344181061,0.07603199779987335,385.4444442014171,95.32933693186587,"fa3_native","fifo","fifo",128,29,"1;2;1;2;2;1;4;1;1;1;4;13"
"2",8,"fa3_native_fifo",16,"case_000098",23,22,1,0.24171200394630432,0.24687040150165557,1073.398984262432,86.86357175982124,"fa3_native","fifo","fifo",128,2,"1;1;1;1;1;1;1;1;1;1;1;1;1;1;1;1;1;1;1;1;1;1;1"
"2",8,"fa3_native_fifo",16,"case_000099",22,20,2,0.58160001039505,0.589622414112091,1891.751031717939,38.84335556434212,"fa3_native","fifo","fifo",128,1,"1;1;1;1;1;1;1;1;1;1;1;1;1;1;1;1;1;1;1;1;1;1"
"2",8,"critical_wave_auto_lpt",16,"case_000000",19,19,0,0.10608000308275223,0.10714240297675133,968.7577202635745,237.88294934639714,"critical_wave","release_lpt","release_lpt_critical_wave",128,7,"1;7;5;1;5;1;1;1;2;2;1;2;1;1;1;1;2;1;2"
"2",8,"critical_wave_auto_lpt",16,"case_000001",14,14,0,0.07259200140833855,0.07386240288615227,408.25301566345524,101.14612984284778,"critical_wave","release_lpt","release_lpt_critical_wave",128,2,"1;1;2;1;1;1;1;1;1;1;1;1;1;1"
"2",8,"critical_wave_auto_lpt",16,"case_000002",14,14,0,0.09831999987363815,0.10005120113492012,992.8010792255103,243.47209144391357,"critical_wave","release_lpt","release_lpt_critical_wave",128,8,"2;2;1;2;6;3;1;1;1;1;7;1;8;1"
"2",8,"critical_wave_auto_lpt",16,"case_000003",8,8,0,0.06313599646091461,0.06644160076975823,292.03464384084424,72.26660313858463,"critical_wave","release_lpt","release_lpt_critical_wave",128,3,"3;1;1;1;1;1;1;1"
"2",8,"critical_wave_auto_lpt",16,"case_000004",11,11,0,0.07932800054550171,0.08065280243754387,391.3968379701033,96.61637690721562,"critical_wave","fifo","fifo_critical_wave",176,1,"1;1;1;1;1;1;1;1;1;1;1"
"2",8,"critical_wave_auto_lpt",16,"case_000005",12,12,0,0.07838400080800056,0.07919999957084656,492.6570759585222,121.44845761723792,"critical_wave","release_lpt","release_lpt_critical_wave",128,3,"1;1;1;1;1;1;3;1;1;1;1;1"
"2",8,"critical_wave_auto_lpt",16,"case_000006",10,10,0,0.09567999839782715,0.09747199714183807,520.9180555455765,127.9765907717456,"critical_wave","release_lpt","release_lpt_critical_wave",128,2,"1;1;1;2;1;1;1;1;1;1"
"2",8,"critical_wave_auto_lpt",16,"case_000007",15,13,2,1.4756160378456116,1.4891743779182434,3445.277390526648,17.11196364934188,"critical_wave","fifo","fifo_critical_wave",176,1,"1;1;1;1;1;1;1;1;1;1;1;1;1;1;1"
"2",8,"critical_wave_auto_lpt",16,"case_000008",12,11,1,0.2711679935455322,0.2756831914186478,460.89184953538614,42.9594062620962,"critical_wave","fifo","fifo_critical_wave",176,1,"1;1;1;1;1;1;1;1;1;1;1;1"
"2",8,"critical_wave_auto_lpt",16,"case_000009",26,26,0,0.11049599945545197,0.11310719698667526,705.3874300618786,174.01332260677864,"critical_wave","fifo","fifo_critical_wave",176,1,"1;1;1;1;1;1;1;1;1;1;1;1;1;1;1;1;1;1;1;1;1;1;1;1;1;1"
"2",8,"critical_wave_auto_lpt",16,"case_000010",24,24,0,0.10011200234293938,0.10130559653043747,737.7774991153113,181.9549262195405,"critical_wave","fifo","fifo_critical_wave",176,1,"1;1;1;1;1;1;1;1;1;1;1;1;1;1;1;1;1;1;1;1;1;1;1;1"
"2",8,"critical_wave_auto_lpt",16,"case_000011",15,12,3,1.2344160079956055,1.2523295760154725,2669.8477042917066,12.073569933850905,"critical_wave","fifo","fifo_critical_wave",176,1,"1;1;1;1;1;1;1;1;1;1;1;1;1;1;1"
"2",8,"critical_wave_auto_lpt",16,"case_000012",17,16,1,0.6295199990272522,0.6376960158348084,2970.551417577833,25.04918036657538,"critical_wave","fifo","fifo_critical_wave",176,1,"1;1;1;1;1;1;1;1;1;1;1;1;1;1;1;1;1"
"2",8,"critical_wave_auto_lpt",16,"case_000013",17,17,0,0.08329600095748901,0.08464639633893967,542.4579945327798,133.9969250828301,"critical_wave","fifo","fifo_critical_wave",176,1,"1;1;1;1;1;1;1;1;1;1;1;1;1;1;1;1;1"
"2",8,"critical_wave_auto_lpt",16,"case_000014",18,18,0,0.08371199667453766,0.0847775973379612,533.9925349743414,132.01376671214175,"critical_wave","release_lpt","release_lpt_critical_wave",128,2,"1;1;1;1;1;1;1;1;1;1;1;1;1;1;2;1;1;1"
"2",8,"critical_wave_auto_lpt",16,"case_000015",16,15,1,0.6258240044116974,0.6312064111232758,2989.105877788275,25.431712251052982,"critical_wave","fifo","fifo_critical_wave",176,1,"1;1;1;1;1;1;1;1;1;1;1;1;1;1;1;1"
"2",8,"critical_wave_auto_lpt",16,"case_000016",22,21,1,0.3851360082626343,0.3926303893327713,611.5575796677625,46.3276131475943,"critical_wave","fifo","fifo_critical_wave",176,1,"1;1;1;1;1;1;1;1;1;1;1;1;1;1;1;1;1;1;1;1;1;1"
"2",8,"critical_wave_auto_lpt",16,"case_000017",14,14,0,0.07473600283265114,0.07585599645972252,541.1665511007272,133.55340962440835,"critical_wave","release_lpt","release_lpt_critical_wave",128,2,"2;1;1;1;1;1;1;1;1;1;1;1;1;1"
"2",8,"critical_wave_auto_lpt",16,"case_000018",22,22,0,0.09801600128412247,0.09905280098319054,567.8529576274002,140.35259365583252,"critical_wave","release_lpt","release_lpt_critical_wave",128,3,"1;1;1;1;1;1;1;1;1;1;1;1;1;1;1;3;1;1;1;1;1;1"
"2",8,"critical_wave_auto_lpt",16,"case_000019",16,16,0,0.1000640019774437,0.1012608028948307,374.5449391925015,92.66453286657644,"critical_wave","fifo","fifo_critical_wave",176,1,"1;1;1;1;1;1;1;1;1;1;1;1;1;1;1;1"
"2",8,"critical_wave_auto_lpt",16,"case_000020",13,13,0,0.08287999778985977,0.0892896018922329,328.3837616526805,81.37143074134016,"critical_wave","release_lpt","release_lpt_critical_wave",128,2,"1;1;1;1;1;1;1;1;1;2;1;1;1"
"2",8,"critical_wave_auto_lpt",16,"case_000021",12,12,0,0.0761599987745285,0.07754240185022354,484.8115170446782,119.56722881468265,"critical_wave","release_lpt","release_lpt_critical_wave",128,2,"1;1;1;1;1;1;1;2;1;1;1;1"
"2",8,"critical_wave_auto_lpt",16,"case_000022",11,11,0,0.07206399738788605,0.073369599878788,498.24786175455415,122.80995116554156,"critical_wave","release_lpt","release_lpt_critical_wave",128,4,"1;1;1;4;1;1;1;1;1;1;1"
"2",8,"critical_wave_auto_lpt",16,"case_000023",16,15,1,0.775871992111206,0.7812352001667022,3490.239882390115,25.520580973828938,"critical_wave","fifo","fifo_critical_wave",176,1,"1;1;1;1;1;1;1;1;1;1;1;1;1;1;1;1"
"2",8,"critical_wave_auto_lpt",16,"case_000024",15,15,0,0.09100800007581711,0.09229760244488716,738.7389473451889,181.61673683885311,"critical_wave","release_lpt","release_lpt_critical_wave",128,8,"7;1;1;8;1;1;1;2;6;2;1;3;1;1;1"
"2",8,"critical_wave_auto_lpt",16,"case_000025",18,18,0,0.09107200056314468,0.09196799993515015,707.186053251844,174.16444024420483,"critical_wave","release_lpt","release_lpt_critical_wave",128,2,"1;1;1;1;1;1;1;1;2;1;1;1;1;1;1;1;1;1"
"2",8,"critical_wave_auto_lpt",16,"case_000026",20,20,0,0.08780799806118011,0.08871039748191833,535.7878602268148,132.5495656089392,"critical_wave","fifo","fifo_critical_wave",176,1,"1;1;1;1;1;1;1;1;1;1;1;1;1;1;1;1;1;1;1;1"
"2",8,"critical_wave_auto_lpt",16,"case_000027",18,18,0,0.08083199709653854,0.08177599683403969,450.3232719157792,111.64529300472344,"critical_wave","release_lpt","release_lpt_critical_wave",128,2,"1;1;1;1;1;1;1;1;1;1;2;1;1;1;1;1;1;1"
"2",8,"critical_wave_auto_lpt",16,"case_000028",19,19,0,0.106175996363163,0.10777920112013817,1057.1889934149342,259.47137718180295,"critical_wave","release_lpt","release_lpt_critical_wave",128,7,"1;1;3;2;3;1;1;1;1;7;2;1;1;2;1;2;1;6;1"
"2",8,"critical_wave_auto_lpt",16,"case_000029",18,18,0,0.09801600128412247,0.09960319846868515,580.2653218134617,143.07084370183966,"critical_wave","fifo","fifo_critical_wave",176,1,"1;1;1;1;1;1;1;1;1;1;1;1;1;1;1;1;1;1"
"2",8,"critical_wave_auto_lpt",16,"case_000030",22,22,0,0.08977599814534187,0.09092799946665764,796.8884598774245,196.4270224147319,"critical_wave","release_lpt","release_lpt_critical_wave",128,4,"1;1;1;1;1;1;1;1;1;1;1;1;4;1;1;1;1;1;1;1;1;1"
"2",8,"critical_wave_auto_lpt",16,"case_000031",10,10,0,0.07862400263547897,0.07971840277314186,559.0164598942291,137.45135884398954,"critical_wave","release_lpt","release_lpt_critical_wave",128,8,"7;1;1;3;1;1;1;3;8;7"
"2",8,"critical_wave_auto_lpt",16,"case_000032",18,18,0,0.0881120003759861,0.08948160260915757,640.6212400482945,157.96404508588745,"critical_wave","release_lpt","release_lpt_critical_wave",128,4,"1;1;1;1;1;4;1;1;1;1;1;1;1;1;1;1;1;1"
"2",8,"critical_wave_auto_lpt",16,"case_000033",15,15,0,0.09177599847316742,0.09316160157322884,574.7982020312568,141.58159231358292,"critical_wave","fifo","fifo_critical_wave",176,1,"1;1;1;1;1;1;1;1;1;1;1;1;1;1;1"
"2",8,"critical_wave_auto_lpt",16,"case_000034",19,19,0,0.09559999778866768,0.09796800017356873,741.109348690785,182.45489961787047,"critical_wave","release_lpt","release_lpt_critical_wave",128,3,"1;1;1;1;1;1;1;1;1;1;1;1;1;3;1;1;1;1;1"
"2",8,"critical_wave_auto_lpt",16,"case_000035",17,16,1,0.46382398903369904,0.468559992313385,1842.147395998359,21.865397736603825,"critical_wave","fifo","fifo_critical_wave",176,1,"1;1;1;1;1;1;1;1;1;1;1;1;1;1;1;1;1"
"2",8,"critical_wave_auto_lpt",16,"case_000036",23,22,1,0.26420800387859344,0.26750079691410067,1991.195721026469,51.92781368691759,"critical_wave","fifo","fifo_critical_wave",176,1,"1;1;1;1;1;1;1;1;1;1;1;1;1;1;1;1;1;1;1;1;1;1;1"
"2",8,"critical_wave_auto_lpt",16,"case_000037",17,17,0,0.10283200070261955,0.10445119813084602,519.4406063776925,128.08090779142535,"critical_wave","fifo","fifo_critical_wave",176,1,"1;1;1;1;1;1;1;1;1;1;1;1;1;1;1;1;1"
"2",8,"critical_wave_auto_lpt",16,"case_000038",15,15,0,0.10369599983096123,0.10600960180163384,476.76782796435975,117.50470625542789,"critical_wave","fifo","fifo_critical_wave",176,1,"1;1;1;1;1;1;1;1;1;1;1;1;1;1;1"
"2",8,"critical_wave_auto_lpt",16,"case_000039",25,25,0,0.12670399993658066,0.1293663948774338,1380.3059665956725,338.49779029444454,"critical_wave","release_lpt","release_lpt_critical_wave",128,4,"2;1;1;1;1;1;1;3;1;1;1;1;1;1;1;4;1;1;1;4;1;1;1;1;2"
"2",8,"critical_wave_auto_lpt",16,"case_000040",16,16,0,0.08233600109815598,0.08383359760046005,512.6988443084034,126.65681914242927,"critical_wave","release_lpt","release_lpt_critical_wave",128,2,"1;1;1;1;2;1;1;1;1;1;1;1;1;1;1;1"
"2",8,"critical_wave_auto_lpt",16,"case_000041",24,24,0,0.09910400211811066,0.10097600147128105,643.5176924136091,158.96092653478334,"critical_wave","release_lpt","release_lpt_critical_wave",128,2,"1;1;1;1;1;1;1;1;2;1;1;1;1;1;1;1;1;1;1;1;1;1;1;1"
"2",8,"critical_wave_auto_lpt",16,"case_000042",23,22,1,0.47329600155353546,0.4810847967863083,1992.9836280886152,32.041513028257945,"critical_wave","fifo","fifo_critical_wave",176,1,"1;1;1;1;1;1;1;1;1;1;1;1;1;1;1;1;1;1;1;1;1;1;1"
"2",8,"critical_wave_auto_lpt",16,"case_000043",13,13,0,0.07726399973034859,0.07863680273294449,533.42320997927,131.51708474145485,"critical_wave","release_lpt","release_lpt_critical_wave",128,2,"1;1;1;1;1;1;1;1;1;1;1;1;2"
"2",8,"critical_wave_auto_lpt",16,"case_000044",16,16,0,0.08331200107932091,0.08468799665570259,567.235028564569,139.95390638737302,"critical_wave","fifo","fifo_critical_wave",176,1,"1;1;1;1;1;1;1;1;1;1;1;1;1;1;1;1"
"2",8,"critical_wave_auto_lpt",16,"case_000045",7,6,1,0.288223996758461,0.2974399924278259,1545.3730223763007,24.246475236607274,"critical_wave","fifo","fifo_critical_wave",176,1,"1;1;1;1;1;1;1"
"2",8,"critical_wave_auto_lpt",16,"case_000046",13,13,0,0.07531199976801872,0.07687999680638313,384.81515478635424,95.26917386473158,"critical_wave","release_lpt","release_lpt_critical_wave",128,2,"1;1;2;1;1;1;1;1;1;1;1;1;1"
"2",8,"critical_wave_auto_lpt",16,"case_000047",16,16,0,0.07780799642205238,0.0786048024892807,373.73580168115257,92.81678403369308,"critical_wave","release_lpt","release_lpt_critical_wave",128,2,"1;1;1;1;1;1;1;1;1;1;1;1;1;2;1;1"
"2",8,"critical_wave_auto_lpt",16,"case_000048",21,20,1,0.45764800906181335,0.46507519483566284,1741.6593192877676,46.39946766846284,"critical_wave","fifo","fifo_critical_wave",176,1,"1;1;1;1;1;1;1;1;1;1;1;1;1;1;1;1;1;1;1;1;1"
"2",8,"critical_wave_auto_lpt",16,"case_000049",21,21,0,0.09780799970030785,0.09897920116782188,862.5132092516812,212.21658825044625,"critical_wave","release_lpt","release_lpt_critical_wave",128,3,"1;3;1;1;1;1;1;1;1;1;1;1;1;1;1;1;1;1;1;1;1"
"2",8,"critical_wave_auto_lpt",16,"case_000050",17,17,0,0.1021760031580925,0.10323200300335884,531.1471480052867,130.94706767202717,"critical_wave","fifo","fifo_critical_wave",176,1,"1;1;1;1;1;1;1;1;1;1;1;1;1;1;1;1;1"
"2",8,"critical_wave_auto_lpt",16,"case_000051",22,22,0,0.1294879987835884,0.1333952009677887,570.4883345325329,140.57877309867825,"critical_wave","fifo","fifo_critical_wave",176,1,"1;1;1;1;1;1;1;1;1;1;1;1;1;1;1;1;1;1;1;1;1;1"
"2",8,"critical_wave_auto_lpt",16,"case_000052",23,23,0,0.13619200140237808,0.1371359944343567,735.8469698665439,180.94172746013928,"critical_wave","fifo","fifo_critical_wave",176,1,"1;1;1;1;1;1;1;1;1;1;1;1;1;1;1;1;1;1;1;1;1;1;1"
"2",8,"critical_wave_auto_lpt",16,"case_000053",23,23,0,0.13603200018405914,0.13761600404977797,800.358013501873,196.69301314247275,"critical_wave","fifo","fifo_critical_wave",176,1,"1;1;1;1;1;1;1;1;1;1;1;1;1;1;1;1;1;1;1;1;1;1;1"
"2",8,"critical_wave_auto_lpt",16,"case_000054",20,20,0,0.09081599861383438,0.0958207979798317,544.0550329694149,134.51022051679706,"critical_wave","fifo","fifo_critical_wave",176,1,"1;1;1;1;1;1;1;1;1;1;1;1;1;1;1;1;1;1;1;1"
"2",8,"critical_wave_auto_lpt",16,"case_000055",19,19,0,0.09193599969148636,0.09385599941015244,664.1750276377812,163.73268415543168,"critical_wave","release_lpt","release_lpt_critical_wave",128,2,"1;1;1;1;1;1;1;1;1;1;1;2;1;1;1;1;1;1;1"
"2",8,"critical_wave_auto_lpt",16,"case_000056",12,12,0,0.07884799689054489,0.08034560009837151,385.72884638046025,95.33604272071766,"critical_wave","release_lpt","release_lpt_critical_wave",128,2,"1;1;1;1;2;1;1;1;1;1;1;1"
"2",8,"critical_wave_auto_lpt",16,"case_000057",13,13,0,0.07772800326347351,0.07904959842562675,455.14500518019673,112.39851318946107,"critical_wave","release_lpt","release_lpt_critical_wave",128,2,"1;1;2;1;1;1;1;1;1;1;1;1;1"
"2",8,"critical_wave_auto_lpt",16,"case_000058",19,18,1,0.3824480026960373,0.3913376063108444,578.2517634842167,37.41254209496295,"critical_wave","fifo","fifo_critical_wave",176,1,"1;1;1;1;1;1;1;1;1;1;1;1;1;1;1;1;1;1;1"
"2",8,"critical_wave_auto_lpt",16,"case_000059",24,24,0,0.11964800208806992,0.12130559980869293,1180.2154380819375,289.6726346879454,"critical_wave","release_lpt","release_lpt_critical_wave",128,6,"1;5;1;1;2;1;1;1;1;4;1;1;6;5;2;1;3;1;2;1;2;2;1;1"
"2",8,"critical_wave_auto_lpt",16,"case_000060",29,28,1,0.3906079977750778,0.40059199929237366,689.0575021430675,66.82816570241128,"critical_wave","fifo","fifo_critical_wave",176,1,"1;1;1;1;1;1;1;1;1;1;1;1;1;1;1;1;1;1;1;1;1;1;1;1;1;1;1;1;1"
"2",8,"critical_wave_auto_lpt",16,"case_000061",24,23,1,0.45665599405765533,0.47085119485855104,1661.762477039096,26.120738926497044,"critical_wave","fifo","fifo_critical_wave",176,1,"1;1;1;1;1;1;1;1;1;1;1;1;1;1;1;1;1;1;1;1;1;1;1;1"
"2",8,"critical_wave_auto_lpt",16,"case_000062",23,23,0,0.09079999849200249,0.09255679696798325,683.1261998915486,168.71612615003855,"critical_wave","release_lpt","release_lpt_critical_wave",128,2,"1;1;1;1;1;1;1;1;1;1;2;1;1;1;1;1;1;1;1;1;1;1;1"
"2",8,"critical_wave_auto_lpt",16,"case_000063",18,17,1,0.5030719935894012,0.5214080035686492,2114.7217591530293,38.76051191177026,"critical_wave","fifo","fifo_critical_wave",176,1,"1;1;1;1;1;1;1;1;1;1;1;1;1;1;1;1;1;1"
"2",8,"critical_wave_auto_lpt",16,"case_000064",18,18,0,0.1228799968957901,0.12455680221319199,593.6362816631805,146.0510453562264,"critical_wave","fifo","fifo_critical_wave",176,1,"1;1;1;1;1;1;1;1;1;1;1;1;1;1;1;1;1;1"
"2",8,"critical_wave_auto_lpt",16,"case_000065",23,23,0,0.09281599894165993,0.09437440261244774,783.7615948703489,193.24323612865305,"critical_wave","release_lpt","release_lpt_critical_wave",128,2,"1;1;1;1;1;1;1;1;1;1;1;1;1;1;1;1;1;1;2;1;1;1;1"
"2",8,"critical_wave_auto_lpt",16,"case_000066",15,15,0,0.07388799637556076,0.0750143975019455,443.79603389605563,109.90126134596204,"critical_wave","release_lpt","release_lpt_critical_wave",128,4,"4;1;1;1;1;1;1;1;1;1;1;1;1;1;1"
"2",8,"critical_wave_auto_lpt",16,"case_000067",12,12,0,0.07851200178265572,0.07950400188565254,564.5050811300412,138.98756562351005,"critical_wave","release_lpt","release_lpt_critical_wave",128,2,"2;1;1;1;1;1;1;1;1;1;1;1"
"2",8,"critical_wave_auto_lpt",16,"case_000068",15,15,0,0.08118399977684021,0.08259840309619904,412.6885498139472,102.16712680823308,"critical_wave","fifo","fifo_critical_wave",176,1,"1;1;1;1;1;1;1;1;1;1;1;1;1;1;1"
"2",8,"critical_wave_auto_lpt",16,"case_000069",12,12,0,0.07886399701237679,0.07965120300650597,437.0861792687261,107.87421792310202,"critical_wave","fifo","fifo_critical_wave",176,1,"1;1;1;1;1;1;1;1;1;1;1;1"
"2",8,"critical_wave_auto_lpt",16,"case_000070",23,22,1,0.11771200224757195,0.12183360308408737,776.8046870843718,173.81758537220054,"critical_wave","fifo","fifo_critical_wave",128,3,"3;1;1;1;1;1;1;1;1;1;1;1;1;2;1;1;1;2;1;1;1;1;1"
"2",8,"critical_wave_auto_lpt",16,"case_000071",19,19,0,0.0841439999639988,0.08525760099291801,574.616071742333,142.01407117694282,"critical_wave","release_lpt","release_lpt_critical_wave",128,2,"1;1;1;1;1;1;1;1;1;1;1;1;2;1;1;1;1;1;1"
"2",8,"critical_wave_auto_lpt",16,"case_000072",13,13,0,0.08799999952316284,0.08922880068421364,328.9534854188323,81.44072771402234,"critical_wave","fifo","fifo_critical_wave",176,1,"1;1;1;1;1;1;1;1;1;1;1;1;1"
"2",8,"critical_wave_auto_lpt",16,"case_000073",16,15,1,0.674096018075943,0.6851392209529876,3147.8848512422755,15.468229629603444,"critical_wave","fifo","fifo_critical_wave",176,1,"1;1;1;1;1;1;1;1;1;1;1;1;1;1;1;1"
"2",8,"critical_wave_auto_lpt",16,"case_000074",16,15,1,0.7818560004234314,0.7923840105533599,3448.6608355243534,21.695821213642038,"critical_wave","fifo","fifo_critical_wave",176,1,"1;1;1;1;1;1;1;1;1;1;1;1;1;1;1;1"
"2",8,"critical_wave_auto_lpt",16,"case_000075",19,18,1,0.1255040019750595,0.12732160091400146,634.6460522257162,119.45996752342121,"critical_wave","fifo","fifo_critical_wave",176,1,"1;1;1;1;1;1;1;1;1;1;1;1;1;1;1;1;1;1;1"
"2",8,"critical_wave_auto_lpt",16,"case_000076",22,21,1,0.455472007393837,0.46101120114326477,1712.576896216421,44.61095230915159,"critical_wave","fifo","fifo_critical_wave",176,1,"1;1;1;1;1;1;1;1;1;1;1;1;1;1;1;1;1;1;1;1;1;1"
"2",8,"critical_wave_auto_lpt",16,"case_000077",15,15,0,0.08064000308513641,0.08458240032196046,648.2131053593024,159.67777166880322,"critical_wave","release_lpt","release_lpt_critical_wave",128,5,"5;1;1;1;1;1;1;1;1;1;1;1;1;1;1"
"2",8,"critical_wave_auto_lpt",16,"case_000078",21,20,1,0.5849440097808838,0.5968287944793701,2742.7561266812227,30.408380464761013,"critical_wave","fifo","fifo_critical_wave",176,1,"1;1;1;1;1;1;1;1;1;1;1;1;1;1;1;1;1;1;1;1;1"
"2",8,"critical_wave_auto_lpt",16,"case_000079",25,25,0,0.10886400192975998,0.11037119850516319,753.3810471979295,185.68723950679927,"critical_wave","release_lpt","release_lpt_critical_wave",128,3,"1;1;3;1;1;1;1;1;1;1;1;2;1;1;1;1;1;1;1;1;1;1;1;3;1"
"2",8,"critical_wave_auto_lpt",16,"case_000080",17,17,0,0.08432000130414963,0.0859839990735054,586.8503104679719,144.81593703911705,"critical_wave","release_lpt","release_lpt_critical_wave",128,3,"1;1;1;1;1;1;1;1;1;1;1;1;1;1;3;1;1"
"2",8,"critical_wave_auto_lpt",16,"case_000081",14,13,1,1.2950560450553894,1.3050976395606995,4200.25507503295,14.060710399001447,"critical_wave","fifo","fifo_critical_wave",176,1,"1;1;1;1;1;1;1;1;1;1;1;1;1;1"
"2",8,"critical_wave_auto_lpt",16,"case_000082",21,21,0,0.08716800063848495,0.08903359994292259,639.7413638896701,158.0293674180964,"critical_wave","release_lpt","release_lpt_critical_wave",128,2,"2;1;1;1;1;1;1;1;1;1;1;1;1;1;1;1;1;1;1;1;1"
"2",8,"critical_wave_auto_lpt",16,"case_000083",16,16,0,0.09131200239062309,0.09299520030617714,501.46177625278057,123.76730007139297,"critical_wave","release_lpt","release_lpt_critical_wave",128,2,"1;1;1;1;1;1;1;1;1;2;1;1;1;1;1;1"
"2",8,"critical_wave_auto_lpt",16,"case_000084",19,18,1,0.5016320049762726,0.5083104193210601,2085.114818815188,30.17670294126471,"critical_wave","fifo","fifo_critical_wave",176,1,"1;1;1;1;1;1;1;1;1;1;1;1;1;1;1;1;1;1;1"
"2",8,"critical_wave_auto_lpt",16,"case_000085",13,13,0,0.08700799942016602,0.08789759874343872,683.0287180494123,167.89775764703043,"critical_wave","release_lpt","release_lpt_critical_wave",128,3,"1;1;1;3;1;1;1;1;1;1;1;1;1"
"2",8,"critical_wave_auto_lpt",16,"case_000086",15,14,1,0.5011359751224518,0.5087520122528076,2144.0192077398974,44.02260682763666,"critical_wave","fifo","fifo_critical_wave",176,1,"1;1;1;1;1;1;1;1;1;1;1;1;1;1;1"
"2",8,"critical_wave_auto_lpt",16,"case_000087",21,21,0,0.10075199976563454,0.10218240320682526,695.3390951540761,171.35461370652297,"critical_wave","fifo","fifo_critical_wave",176,1,"1;1;1;1;1;1;1;1;1;1;1;1;1;1;1;1;1;1;1;1;1"
"2",8,"critical_wave_auto_lpt",16,"case_000088",12,12,0,0.09432000294327736,0.09536320343613625,411.28702499436184,101.38489929597245,"critical_wave","fifo","fifo_critical_wave",176,1,"1;1;1;1;1;1;1;1;1;1;1;1"
"2",8,"critical_wave_auto_lpt",16,"case_000089",12,11,1,0.6212159991264343,0.6265632212162018,2984.7606689064423,19.097099908377395,"critical_wave","fifo","fifo_critical_wave",176,1,"1;1;1;1;1;1;1;1;1;1;1;1"
"2",8,"critical_wave_auto_lpt",16,"case_000090",15,15,0,0.097120001912117,0.09827520325779915,496.782034370826,122.46589544718779,"critical_wave","release_lpt","release_lpt_critical_wave",128,2,"1;2;1;1;1;1;1;1;1;1;1;1;1;1;1"
"2",8,"critical_wave_auto_lpt",16,"case_000091",19,19,0,0.0934240035712719,0.09629440009593965,512.0497862147948,126.5675581006255,"critical_wave","fifo","fifo_critical_wave",176,1,"1;1;1;1;1;1;1;1;1;1;1;1;1;1;1;1;1;1;1"
"2",8,"critical_wave_auto_lpt",16,"case_000092",15,14,1,0.6264640092849731,0.6345823884010315,2984.6434504770677,25.049598647991186,"critical_wave","fifo","fifo_critical_wave",176,1,"1;1;1;1;1;1;1;1;1;1;1;1;1;1;1"
"2",8,"critical_wave_auto_lpt",16,"case_000093",19,18,1,0.4991360008716583,0.5048960149288177,2101.1261509659407,31.690985968506155,"critical_wave","fifo","fifo_critical_wave",176,1,"1;1;1;1;1;1;1;1;1;1;1;1;1;1;1;1;1;1;1"
"2",8,"critical_wave_auto_lpt",16,"case_000094",31,31,0,0.10804800316691399,0.10919039696455002,892.2171028286056,220.02072507786622,"critical_wave","release_lpt","release_lpt_critical_wave",128,2,"1;1;1;2;1;1;1;1;1;1;1;1;1;1;1;1;1;1;1;1;1;1;1;1;1;1;1;1;1;1;1"
"2",8,"critical_wave_auto_lpt",16,"case_000095",20,19,1,0.30667200684547424,0.3127392053604126,1545.4551499342183,45.82814109630041,"critical_wave","fifo","fifo_critical_wave",176,1,"1;1;1;1;1;1;1;1;1;1;1;1;1;1;1;1;1;1;1;1"
"2",8,"critical_wave_auto_lpt",16,"case_000096",12,12,0,0.0719359964132309,0.08011199682950974,343.09103490030475,85.03826046781313,"critical_wave","release_lpt","release_lpt_critical_wave",128,2,"1;1;1;2;1;1;1;1;1;1;1;1"
"2",8,"critical_wave_auto_lpt",16,"case_000097",12,12,0,0.07142399996519089,0.07339519932866097,403.7496202684555,99.85663087303877,"critical_wave","release_lpt","release_lpt_critical_wave",128,3,"1;1;1;1;1;1;1;1;1;1;1;3"
"2",8,"critical_wave_auto_lpt",16,"case_000098",23,22,1,0.24350400269031525,0.2467616006731987,1065.4996084395746,86.2243239044508,"critical_wave","fifo","fifo_critical_wave",176,1,"1;1;1;1;1;1;1;1;1;1;1;1;1;1;1;1;1;1;1;1;1;1;1"
"2",8,"critical_wave_auto_lpt",16,"case_000099",22,20,2,0.5975359976291656,0.6049728035926819,1841.2989745846523,37.807422631665936,"critical_wave","fifo","fifo_critical_wave",176,1,"1;1;1;1;1;1;1;1;1;1;1;1;1;1;1;1;1;1;1;1;1;1"
"4",2,"fa3_native_fifo",12,"case_000000",23,22,1,0.28195199370384216,0.2852448046207428,927.2273138618258,318.71343351588246,"fa3_native","fifo","fifo",128,1,"1;1;1;1;1;1;1;1;1;1;1;1;1;1;1;1;1;1;1;1;1;1;1"
"4",2,"fa3_native_fifo",12,"case_000001",39,38,1,0.5056319832801819,0.5228543996810913,2745.7401204122275,239.10538098419104,"fa3_native","fifo","fifo",128,1,"1;1;1;1;1;1;1;1;1;1;1;1;1;1;1;1;1;1;1;1;1;1;1;1;1;1;1;1;1;1;1;1;1;1;1;1;1;1;1"
"4",2,"fa3_native_fifo",12,"case_000002",45,45,0,0.12995200604200363,0.13241919577121736,1409.9952341233968,1379.0317014581187,"fa3_native","fifo","fifo",128,109,"14;8;3;4;1;1;1;1;1;4;1;1;3;1;3;1;5;4;3;21;2;3;2;2;1;4;1;3;6;2;2;2;2;2;2;3;6;2;2;2;2;5;1;3;2"
"4",2,"fa3_native_fifo",12,"case_000003",41,40,1,0.2863520085811615,0.29145279824733733,3369.3873047394236,618.89521529153,"fa3_native","fifo","fifo",128,5,"3;1;1;4;1;1;1;1;1;2;1;1;1;1;1;2;1;1;1;1;1;1;1;1;1;1;1;1;1;1;2;1;1;1;1;1;1;1;1;1;2"
"4",2,"fa3_native_fifo",12,"case_000004",27,25,2,0.36039999127388,0.36309440732002257,3838.7378339436377,251.0746342699983,"fa3_native","fifo","fifo",128,1,"1;1;1;1;1;1;1;1;1;1;1;1;1;1;1;1;1;1;1;1;1;1;1;1;1;1;1"
"4",2,"fa3_native_fifo",12,"case_000005",35,35,0,0.11084800213575363,0.11214399710297585,1185.201935593792,1159.3233032979488,"fa3_native","fifo","fifo",128,109,"1;3;2;2;2;3;4;2;5;6;1;6;3;2;3;3;7;2;1;3;1;2;1;4;1;5;16;3;4;21;3;8;2;1;1"
"4",2,"fa3_native_fifo",12,"case_000006",33,32,1,0.1260320022702217,0.12691520452499389,1680.6693169394125,768.9729453968906,"fa3_native","fifo","fifo",128,5,"1;5;1;3;4;3;1;3;2;2;2;4;5;5;1;2;1;1;5;2;3;2;1;1;2;1;1;1;2;1;1;1;2"
"4",2,"fa3_native_fifo",12,"case_000007",34,34,0,0.08926400169730186,0.09095359966158867,884.5098552016465,866.070605507447,"fa3_native","fifo","fifo",128,109,"1;1;4;5;14;1;5;2;1;12;7;5;1;4;1;2;1;1;3;4;1;4;9;8;1;4;2;1;2;5;14;4;1;2"
"4",2,"fa3_native_fifo",12,"case_000008",32,32,0,0.09825600311160088,0.09936319664120674,953.6095995028043,933.2186644703222,"fa3_native","fifo","fifo",128,109,"4;3;1;8;10;2;2;1;3;6;1;26;12;1;4;3;1;1;5;6;1;3;4;2;4;5;1;1;5;4;1;2"
"4",2,"fa3_native_fifo",12,"case_000009",37,37,0,0.11480000242590904,0.11711679771542549,1230.7763296711548,1203.8689641073465,"fa3_native","fifo","fifo",128,109,"1;3;2;5;7;1;12;25;3;2;1;3;1;7;2;1;1;3;1;1;6;2;2;4;7;5;3;3;1;1;1;2;6;3;1;2;4"
"4",2,"fa3_native_fifo",12,"case_000010",29,27,2,0.3447680026292801,0.3461472123861313,1705.5874649953964,269.5310913174287,"fa3_native","fifo","fifo",128,1,"1;1;1;1;1;1;1;1;1;1;1;1;1;1;1;1;1;1;1;1;1;1;1;1;1;1;1;1;1"
"4",2,"fa3_native_fifo",12,"case_000011",30,30,0,0.09788800030946732,0.10038719698786736,1035.7082098672172,1013.2775384768686,"fa3_native","fifo","fifo",128,109,"3;1;2;1;1;2;3;1;12;18;1;11;2;2;6;5;3;1;11;6;11;1;3;1;3;3;7;2;5;3"
"4",2,"fa3_native_fifo",12,"case_000012",31,29,2,0.38791999220848083,0.3896320015192032,703.6455103590108,248.99880887832285,"fa3_native","fifo","fifo",128,1,"1;1;1;1;1;1;1;1;1;1;1;1;1;1;1;1;1;1;1;1;1;1;1;1;1;1;1;1;1;1;1"
"4",2,"fa3_native_fifo",12,"case_000013",38,38,0,0.10315200313925743,0.10531199723482132,1052.1973732829376,1029.752721879761,"fa3_native","fifo","fifo",128,109,"2;3;2;2;1;1;4;8;4;5;3;2;2;2;3;14;2;14;10;1;1;1;3;1;3;1;10;2;3;1;1;3;7;5;1;5;2;1"
"4",2,"fa3_native_fifo",12,"case_000014",26,26,0,0.11401600018143654,0.11604799702763557,1218.8560182680937,1191.660957968962,"fa3_native","fifo","fifo",128,109,"2;2;6;12;2;13;2;8;24;2;5;1;1;2;3;3;6;4;1;10;5;1;1;8;3;1"
"4",2,"fa3_native_fifo",12,"case_000015",44,44,0,0.12467200309038162,0.12665919661521913,1305.1773310968297,1276.7104406320386,"fa3_native","fifo","fifo",128,109,"3;1;4;2;1;23;1;1;23;7;4;1;1;2;1;2;5;5;1;1;1;5;2;1;1;1;1;2;1;1;3;1;4;2;1;1;7;4;1;6;1;1;4;1"
"4",2,"fa3_native_fifo",12,"case_000016",30,29,1,0.29201599955558777,0.3031232118606567,902.4391777472981,314.87326769743277,"fa3_native","fifo","fifo",128,1,"1;1;1;1;1;1;1;1;1;1;1;1;1;1;1;1;1;1;1;1;1;1;1;1;1;1;1;1;1;1"
"4",2,"fa3_native_fifo",12,"case_000017",32,32,0,0.09620800241827965,0.10265920013189317,974.0945785419809,953.265234645124,"fa3_native","fifo","fifo",128,109,"2;3;3;6;2;3;10;1;2;1;14;3;10;1;10;7;4;4;1;5;2;3;6;2;4;1;4;1;5;3;10;1"
"4",2,"fa3_native_fifo",12,"case_000018",33,32,1,0.12272000312805176,0.12504959776997568,890.8036111923093,651.3188882223012,"fa3_native","fifo","fifo",128,5,"5;1;4;5;2;3;3;5;2;3;5;5;5;2;1;5;1;1;1;1;2;2;2;4;3;1;1;4;2;5;2;1;1"
"4",2,"fa3_native_fifo",12,"case_000019",46,44,2,0.6968960165977478,0.7014080166816712,3856.60339717414,221.94985236840552,"fa3_native","fifo","fifo",128,1,"1;1;1;1;1;1;1;1;1;1;1;1;1;1;1;1;1;1;1;1;1;1;1;1;1;1;1;1;1;1;1;1;1;1;1;1;1;1;1;1;1;1;1;1;1;1"
"4",2,"fa3_native_fifo",12,"case_000020",39,38,1,0.5391040146350861,0.5423327803611755,574.8160964628661,254.63476485687048,"fa3_native","fifo","fifo",128,1,"1;1;1;1;1;1;1;1;1;1;1;1;1;1;1;1;1;1;1;1;1;1;1;1;1;1;1;1;1;1;1;1;1;1;1;1;1;1;1"
"4",2,"fa3_native_fifo",12,"case_000021",29,29,0,0.0989760011434555,0.10047999769449234,1047.4728621308336,1024.6854068493153,"fa3_native","fifo","fifo",128,109,"6;4;4;1;3;3;1;4;6;6;3;8;2;4;2;4;8;1;8;7;7;3;1;5;21;1;1;3;2"
"4",2,"fa3_native_fifo",12,"case_000022",41,41,0,0.10055999830365181,0.10320320278406143,969.5769824655943,949.3053461650001,"fa3_native","fifo","fifo",128,109,"3;1;2;12;6;6;3;4;1;5;2;5;5;1;8;1;2;1;5;10;6;1;5;6;2;2;1;2;1;1;1;4;4;1;2;1;4;1;1;2;2"
"4",2,"fa3_native_fifo",12,"case_000023",42,41,1,0.13951999694108963,0.14111999422311783,1246.1812530100112,705.8935934580363,"fa3_native","fifo","fifo",128,4,"2;2;1;2;2;2;1;1;1;2;2;2;2;2;2;2;1;2;1;1;1;2;1;1;1;2;1;2;1;1;2;1;2;2;2;2;1;2;1;1;1;1"
"4",2,"fa3_native_fifo",12,"case_000024",58,58,0,0.14347200095653534,0.14486399292945862,1417.5859872032795,1386.7933441611128,"fa3_native","fifo","fifo",128,109,"2;1;7;4;15;1;1;14;2;2;1;1;3;1;1;3;1;1;1;1;5;1;2;7;2;1;1;2;10;1;1;1;1;2;1;1;1;1;3;1;4;5;2;1;1;1;4;1;2;1;3;1;2;4;1;1;1;2"
"4",2,"fa3_native_fifo",12,"case_000025",38,36,2,0.31379199028015137,0.31735360622406006,852.9815838353173,292.9121037090216,"fa3_native","fifo","fifo",128,1,"1;1;1;1;1;1;1;1;1;1;1;1;1;1;1;1;1;1;1;1;1;1;1;1;1;1;1;1;1;1;1;1;1;1;1;1;1;1"
"4",2,"fa3_native_fifo",12,"case_000026",34,34,0,0.10814399644732475,0.11053119897842408,1095.1609911483886,1071.3845595343375,"fa3_native","fifo","fifo",128,109,"6;9;5;4;1;1;3;2;2;3;15;2;4;1;1;1;18;4;2;5;1;1;9;1;2;6;2;3;1;1;12;1;2;6"
"4",2,"fa3_native_fifo",12,"case_000027",35,35,0,0.1027199998497963,0.10438719764351845,1003.3656039593967,981.899066856356,"fa3_native","fifo","fifo",128,109,"7;10;5;1;14;7;4;3;1;7;3;4;1;2;3;1;1;1;1;3;1;1;1;5;1;4;1;2;1;2;2;26;6;1;4"
"4",2,"fa3_native_fifo",12,"case_000028",38,37,1,0.5385919809341431,0.5402464151382447,520.2367967418015,201.0319125290492,"fa3_native","fifo","fifo",128,1,"1;1;1;1;1;1;1;1;1;1;1;1;1;1;1;1;1;1;1;1;1;1;1;1;1;1;1;1;1;1;1;1;1;1;1;1;1;1"
"4",2,"fa3_native_fifo",12,"case_000029",41,40,1,0.659712016582489,0.660998421907425,1275.1367626707695,206.8769835465547,"fa3_native","fifo","fifo",128,4,"1;1;1;1;1;1;1;1;1;1;1;1;1;1;1;1;1;1;1;1;1;1;1;1;1;1;1;1;1;1;1;1;1;1;1;1;1;1;1;1;1"
"4",2,"fa3_native_fifo",12,"case_000030",39,38,1,0.19392000138759613,0.19510400295257568,765.1621965050738,718.6230971681176,"fa3_native","fifo","fifo",128,4,"4;4;1;1;3;2;4;4;3;3;2;1;1;2;1;1;1;3;1;4;2;2;4;4;1;1;3;1;2;4;1;3;2;1;2;1;4;4;1"
"4",2,"fa3_native_fifo",12,"case_000031",30,28,2,1.3572160005569458,1.3686271786689759,4166.594746126949,81.85509156568382,"fa3_native","fifo","fifo",128,1,"1;1;1;1;1;1;1;1;1;1;1;1;1;1;1;1;1;1;1;1;1;1;1;1;1;1;1;1;1;1"
"4",2,"fa3_native_fifo",12,"case_000032",30,30,0,0.10316800326108932,0.10467519983649254,1110.5698904537492,1086.2902882435476,"fa3_native","fifo","fifo",128,109,"11;2;10;2;1;1;3;1;7;1;1;10;1;1;1;6;1;3;1;14;1;1;8;1;5;11;1;16;2;4"
"4",2,"fa3_native_fifo",12,"case_000033",30,30,0,0.08505599945783615,0.08675519749522209,802.2396680180746,785.5590719749545,"fa3_native","fifo","fifo",128,102,"5;9;9;1;2;1;6;5;1;2;6;14;1;2;7;4;2;1;3;3;6;10;5;1;4;4;4;9;2;1"
"4",2,"fa3_native_fifo",12,"case_000034",36,35,1,0.728767991065979,0.7337119877338409,3776.6769726180505,159.12567157398803,"fa3_native","fifo","fifo",128,1,"1;1;1;1;1;1;1;1;1;1;1;1;1;1;1;1;1;1;1;1;1;1;1;1;1;1;1;1;1;1;1;1;1;1;1;1"
"4",2,"fa3_native_fifo",12,"case_000035",37,36,1,0.14097599685192108,0.14323520213365554,815.9198711311155,636.4844087199463,"fa3_native","fifo","fifo",128,3,"3;2;1;3;3;1;3;3;2;1;3;1;3;2;1;2;3;2;1;2;1;3;3;1;1;2;1;1;1;1;3;2;3;3;1;1;1"
"4",2,"fa3_native_fifo",12,"case_000036",35,35,0,0.12782400101423264,0.13015999943017958,1335.4600549938418,1305.8074749312136,"fa3_native","fifo","fifo",128,109,"7;8;1;6;1;1;2;4;1;4;2;22;1;3;22;4;1;5;3;8;1;1;3;4;2;2;2;3;1;1;4;1;2;1;1"
"4",2,"fa3_native_fifo",12,"case_000037",37,35,2,0.20206400007009506,0.20330240577459335,2915.014125839694,539.9939819173583,"fa3_native","fifo","fifo",128,7,"1;1;1;1;1;1;1;1;1;1;1;1;2;1;1;1;1;2;1;1;2;1;1;1;1;1;3;1;2;1;1;1;1;1;1;1;2"
"4",2,"fa3_native_fifo",12,"case_000038",28,28,0,0.08767999708652496,0.08890559896826744,897.1585699572205,878.0525839208974,"fa3_native","fifo","fifo",128,107,"2;2;3;8;9;2;5;1;8;9;3;2;2;1;11;3;11;1;5;2;1;4;7;10;13;1;4;1"
"4",2,"fa3_native_fifo",12,"case_000039",24,23,1,0.3003680109977722,0.30216641128063204,3523.3370484310635,219.38059176510887,"fa3_native","fifo","fifo",128,1,"1;1;1;1;1;1;1;1;1;1;1;1;1;1;1;1;1;1;1;1;1;1;1;1"
"4",2,"fa3_native_fifo",12,"case_000040",38,38,0,0.0973920002579689,0.09840959683060646,946.2183907908769,926.3886947698018,"fa3_native","fifo","fifo",128,98,"8;7;1;1;1;1;2;5;10;4;5;5;4;1;1;7;1;2;2;3;3;7;1;1;3;7;2;5;1;2;5;2;2;8;2;6;1;6"
"4",2,"fa3_native_fifo",12,"case_000041",40,40,0,0.1032479964196682,0.11275199800729753,1072.251970856751,1049.4517642703543,"fa3_native","fifo","fifo",128,109,"7;6;5;4;3;1;1;2;2;6;1;3;1;4;2;2;1;5;1;2;2;4;6;18;3;5;3;2;7;2;2;3;3;4;7;2;1;2;2;1"
"4",2,"fa3_native_fifo",12,"case_000042",43,40,3,1.4056479930877686,1.4128735780715942,4364.509272506701,94.42391313663161,"fa3_native","fifo","fifo",128,1,"1;1;1;1;1;1;1;1;1;1;1;1;1;1;1;1;1;1;1;1;1;1;1;1;1;1;1;1;1;1;1;1;1;1;1;1;1;1;1;1;1;1;1"
"4",2,"fa3_native_fifo",12,"case_000043",49,49,0,0.13276800513267517,0.13673280477523803,1358.8442453715795,1329.216627331607,"fa3_native","fifo","fifo",128,109,"3;6;1;2;1;3;2;6;1;2;3;1;7;1;16;2;2;1;3;3;3;2;1;3;7;1;2;1;3;5;1;2;1;5;3;2;6;1;2;2;4;4;3;5;2;3;3;1;3"
"4",2,"fa3_native_fifo",12,"case_000044",32,31,1,0.2695999890565872,0.2718271970748901,755.4142502478114,311.7084992995355,"fa3_native","fifo","fifo",128,5,"1;1;1;1;1;1;1;1;1;1;1;1;1;1;1;1;1;1;1;1;1;1;1;1;1;1;1;1;1;1;1;1"
"4",2,"fa3_native_fifo",12,"case_000045",25,25,0,0.08091199770569801,0.0832832008600235,680.8626208486314,666.763712796091,"fa3_native","fifo","fifo",128,106,"1;5;4;6;1;12;9;4;9;3;2;6;3;8;7;1;8;7;3;2;6;1;18;1;1"
"4",2,"fa3_native_fifo",12,"case_000046",35,33,2,0.5865600109100342,0.5889631867408752,1720.2025403991604,206.38166555573,"fa3_native","fifo","fifo",128,1,"1;1;1;1;1;1;1;1;1;1;1;1;1;1;1;1;1;1;1;1;1;1;1;1;1;1;1;1;1;1;1;1;1;1;1"
"4",2,"fa3_native_fifo",12,"case_000047",46,46,0,0.1180959977209568,0.11987840309739113,1203.4748564453596,1177.611728456747,"fa3_native","fifo","fifo",128,109,"5;2;1;9;1;2;1;2;2;4;1;5;2;3;9;2;6;2;11;4;1;1;1;3;1;2;5;3;2;4;4;2;1;1;4;7;1;9;2;2;4;1;1;2;2;2"
"4",2,"fa3_native_fifo",12,"case_000048",49,47,2,0.6988479793071747,0.7027583956718445,492.7513090635113,217.00151748359372,"fa3_native","fifo","fifo",128,1,"1;1;1;1;1;1;1;1;1;1;1;1;1;1;1;1;1;1;1;1;1;1;1;1;1;1;1;1;1;1;1;1;1;1;1;1;1;1;1;1;1;1;1;1;1;1;1;1;1"
"4",2,"fa3_native_fifo",12,"case_000049",49,49,0,0.1255519986152649,0.12726399302482605,1303.3381318718784,1275.1390480894754,"fa3_native","fifo","fifo",128,109,"4;11;1;22;1;4;1;3;2;1;5;1;1;2;3;1;1;3;2;1;3;1;2;4;10;1;6;3;1;2;1;2;1;1;4;1;3;1;2;1;1;3;1;3;4;5;1;2;1"
"4",2,"fa3_native_fifo",12,"case_000050",37,37,0,0.09566399827599525,0.09682559967041016,955.6936168215873,935.6213582226926,"fa3_native","fifo","fifo",128,109,"7;18;2;5;1;3;3;2;5;2;3;2;1;5;2;5;8;1;1;2;1;1;1;3;15;3;3;2;1;3;2;1;6;7;1;2;2"
"4",2,"fa3_native_fifo",12,"case_000051",42,40,2,0.23232000321149826,0.23879359364509584,2769.322769431494,535.6297446617855,"fa3_native","fifo","fifo",128,3,"3;1;1;1;1;1;1;1;1;1;1;1;1;2;1;1;2;1;1;1;1;2;1;1;1;1;2;1;2;1;1;1;1;1;1;2;1;1;1;1;2;1"
"4",2,"fa3_native_fifo",12,"case_000052",36,36,0,0.10099200159311295,0.10275520011782646,1012.4206076035688,990.8364862710469,"fa3_native","fifo","fifo",128,109,"1;5;5;2;15;3;4;8;1;2;10;3;1;5;2;1;4;1;4;2;7;4;6;7;1;7;8;1;1;1;1;6;4;1;1;2"
"4",2,"fa3_native_fifo",12,"case_000053",22,22,0,0.07476800307631493,0.08515199944376946,630.5543245802525,617.5458765813503,"fa3_native","fifo","fifo",128,109,"16;3;8;5;3;6;1;5;2;14;8;23;3;9;2;7;3;1;1;2;3;1"
"4",2,"fa3_native_fifo",12,"case_000054",22,22,0,0.07524799928069115,0.07704959809780121,681.8816718382352,667.6589474836939,"fa3_native","fifo","fifo",128,109,"14;3;7;4;3;5;1;4;2;12;7;20;3;8;1;6;1;1;2;3;1;11"
"4",2,"fa3_native_fifo",12,"case_000055",22,21,1,0.11273600161075592,0.11563839837908746,687.469351517303,434.79306787232554,"fa3_native","fifo","fifo",128,5,"4;3;4;4;1;2;4;3;4;1;4;1;2;2;1;4;2;4;4;2;1;1"
"4",2,"fa3_native_fifo",12,"case_000056",41,41,0,0.11073600128293037,0.11262720003724098,1155.1359033922217,1130.289829413351,"fa3_native","fifo","fifo",128,109,"2;6;1;1;1;2;2;2;1;4;2;2;4;5;3;14;1;5;5;1;1;1;2;4;5;9;1;1;8;1;5;5;2;1;11;3;3;2;1;1;2"
"4",2,"fa3_native_fifo",12,"case_000057",38,37,1,0.9903999865055084,0.9945567965507507,3887.556796620156,119.7624572053044,"fa3_native","fifo","fifo",128,1,"1;1;1;1;1;1;1;1;1;1;1;1;1;1;1;1;1;1;1;1;1;1;1;1;1;1;1;1;1;1;1;1;1;1;1;1;1;1"
"4",2,"fa3_native_fifo",12,"case_000058",22,22,0,0.08667199686169624,0.08927680030465127,880.1326632144596,861.0315984652333,"fa3_native","fifo","fifo",128,109,"2;24;8;3;13;19;1;5;2;2;4;2;1;3;1;17;1;3;5;4;1;2"
"4",2,"fa3_native_fifo",12,"case_000059",28,28,0,0.09756799787282944,0.09883840009570122,998.9000991803756,977.2148458378019,"fa3_native","fifo","fifo",128,109,"18;2;10;15;2;1;3;2;1;2;13;1;3;4;3;1;2;2;5;2;1;3;3;1;7;9;2;8"
"4",2,"fa3_native_fifo",12,"case_000060",36,36,0,0.10390400141477585,0.10715840309858322,1052.670724194515,1030.08313965452,"fa3_native","fifo","fifo",128,109,"17;14;5;2;2;4;3;6;1;3;1;8;1;3;6;5;1;5;2;2;3;4;2;5;4;1;1;2;1;1;5;4;1;6;2;3"
"4",2,"fa3_native_fifo",12,"case_000061",39,36,3,0.7440640032291412,0.7520095944404602,4132.705352785393,155.3239284502907,"fa3_native","fifo","fifo",128,1,"1;1;1;1;1;1;1;1;1;1;1;1;1;1;1;1;1;1;1;1;1;1;1;1;1;1;1;1;1;1;1;1;1;1;1;1;1;1;1"
"4",2,"fa3_native_fifo",12,"case_000062",41,39,2,0.35388800501823425,0.35586559772491455,1711.908712500116,344.143950269591,"fa3_native","fifo","fifo",128,1,"1;1;1;1;1;1;1;1;1;1;1;1;1;1;1;1;1;1;1;1;1;1;1;1;1;1;1;1;1;1;1;1;1;1;1;1;1;1;1;1;1"
"4",2,"fa3_native_fifo",12,"case_000063",33,31,2,0.14166400581598282,0.1445951983332634,1605.7508263283598,649.5360022469348,"fa3_native","fifo","fifo",128,7,"3;4;2;1;1;1;1;1;1;1;1;3;1;1;3;1;2;2;3;7;1;1;1;1;2;5;1;2;3;1;1;2;1"
"4",2,"fa3_native_fifo",12,"case_000064",33,33,0,0.10020800307393074,0.10174079984426498,1030.06123744275,1007.9003363182997,"fa3_native","fifo","fifo",128,109,"2;8;1;2;5;1;1;1;7;5;5;2;3;1;16;11;1;1;6;7;1;5;3;1;3;1;3;2;6;15;2;1;6"
"4",2,"fa3_native_fifo",12,"case_000065",34,34,0,0.09158399701118469,0.09319040179252625,844.2769360083402,826.7225986080664,"fa3_native","fifo","fifo",128,109,"2;4;2;6;6;3;2;10;3;3;1;1;9;4;1;3;2;3;9;25;1;1;2;2;9;6;1;1;2;2;1;1;3;1"
"4",2,"fa3_native_fifo",12,"case_000066",54,54,0,0.1297440007328987,0.13097920566797255,1356.7119755647086,1327.4179231959636,"fa3_native","fifo","fifo",128,109,"5;10;4;2;2;4;2;1;1;3;1;1;19;3;1;1;2;1;2;9;2;1;10;4;1;1;1;1;1;4;1;1;2;1;1;3;1;3;6;2;1;3;1;1;1;4;1;1;1;2;1;1;1;3"
"4",2,"fa3_native_fifo",12,"case_000067",37,37,0,0.11084800213575363,0.11364480033516884,1145.894998706793,1121.0461677767896,"fa3_native","fifo","fifo",128,109,"14;5;2;2;27;2;1;3;15;1;1;1;5;1;3;5;4;1;4;1;1;5;1;1;2;1;1;3;3;1;3;1;1;6;4;4;1"
"4",2,"fa3_native_fifo",12,"case_000068",33,33,0,0.09004800021648407,0.09217280149459839,896.0240149034412,877.2281428803981,"fa3_native","fifo","fifo",128,109,"20;1;4;2;6;2;2;1;1;2;1;1;1;1;9;6;6;1;3;6;1;7;1;1;5;1;7;1;1;4;3;7;12"
"4",2,"fa3_native_fifo",12,"case_000069",34,33,1,0.16737599670886993,0.16932799965143203,1979.8942991354177,593.4989123487364,"fa3_native","fifo","fifo",128,5,"4;1;1;1;1;3;2;2;1;2;1;2;2;1;2;1;1;2;1;2;1;4;2;1;2;1;1;4;2;1;1;1;1;1"
"4",2,"fa3_native_fifo",12,"case_000070",34,33,1,0.34699200093746185,0.35023040473461153,711.6251788769728,218.34130987260036,"fa3_native","fifo","fifo",128,1,"1;1;1;1;1;1;1;1;1;1;1;1;1;1;1;1;1;1;1;1;1;1;1;1;1;1;1;1;1;1;1;1;1;1"
"4",2,"fa3_native_fifo",12,"case_000071",28,28,0,0.09651199728250504,0.09750719740986824,1041.147276000005,1018.4907448580847,"fa3_native","fifo","fifo",128,109,"1;1;1;2;8;1;1;3;1;2;6;3;13;19;3;1;2;4;2;1;5;10;20;9;2;2;5;2"
"4",2,"fa3_native_fifo",12,"case_000072",36,34,2,0.40457600355148315,0.40866878926753997,759.4712226299898,229.88784105719867,"fa3_native","fifo","fifo",128,1,"1;1;1;1;1;1;1;1;1;1;1;1;1;1;1;1;1;1;1;1;1;1;1;1;1;1;1;1;1;1;1;1;1;1;1;1"
"4",2,"fa3_native_fifo",12,"case_000073",34,33,1,0.4086720049381256,0.411187207698822,3349.0324111807445,248.73791884861433,"fa3_native","fifo","fifo",128,1,"1;1;1;1;1;1;1;1;1;1;1;1;1;1;1;1;1;1;1;1;1;1;1;1;1;1;1;1;1;1;1;1;1;1"
"4",2,"fa3_native_fifo",12,"case_000074",33,33,0,0.09052800014615059,0.09175359830260277,844.9125698625346,827.3029325632864,"fa3_native","fifo","fifo",128,109,"25;9;4;6;2;4;9;1;1;4;2;4;2;1;1;4;4;1;2;11;3;3;3;1;12;1;1;1;1;2;2;1;1"
"4",2,"fa3_native_fifo",12,"case_000075",34,33,1,0.14763200283050537,0.14935679733753204,1006.3512680145045,785.8172603212042,"fa3_native","fifo","fifo",128,5,"4;1;4;1;1;2;3;1;4;4;2;1;1;1;3;2;1;4;4;2;1;3;1;4;1;1;3;3;4;4;4;4;2;1"
"4",2,"fa3_native_fifo",12,"case_000076",39,36,3,0.6330400109291077,0.6408447802066803,3573.3773585526574,194.1522018799597,"fa3_native","fifo","fifo",128,1,"1;1;1;1;1;1;1;1;1;1;1;1;1;1;1;1;1;1;1;1;1;1;1;1;1;1;1;1;1;1;1;1;1;1;1;1;1;1;1"
"4",2,"fa3_native_fifo",12,"case_000077",40,40,0,0.13260800391435623,0.13460799753665925,1359.0673884541363,1329.0289182983481,"fa3_native","fifo","fifo",128,109,"1;9;1;17;4;2;7;11;7;2;1;1;3;1;4;4;5;1;4;1;4;8;3;2;2;2;2;2;1;1;1;1;1;6;3;1;2;8;1;1"
"4",2,"fa3_native_fifo",12,"case_000078",42,41,1,0.3670240044593811,0.3695104032754898,3077.219644027379,369.0553161489213,"fa3_native","fifo","fifo",128,1,"1;1;1;1;1;1;1;1;1;1;1;1;1;1;1;1;1;1;1;1;1;1;1;1;1;1;1;1;1;1;1;1;1;1;1;1;1;1;1;1;1;1"
"4",2,"fa3_native_fifo",12,"case_000079",36,35,1,0.14161600172519684,0.14268800616264343,2175.0398361175867,596.945874549139,"fa3_native","fifo","fifo",128,7,"1;1;1;1;3;3;1;1;1;1;3;1;1;1;1;3;1;2;3;2;1;1;1;1;3;1;1;1;1;1;1;1;1;2;1;3"
"4",2,"fa3_native_fifo",12,"case_000080",34,32,2,0.685839980840683,0.6903008222579956,515.4252125790199,158.2882115838884,"fa3_native","fifo","fifo",128,1,"1;1;1;1;1;1;1;1;1;1;1;1;1;1;1;1;1;1;1;1;1;1;1;1;1;1;1;1;1;1;1;1;1;1"
"4",2,"fa3_native_fifo",12,"case_000081",35,35,0,0.11272000148892403,0.11400640308856964,1202.4123253521948,1176.0987779353998,"fa3_native","fifo","fifo",128,109,"4;2;1;2;14;2;5;7;1;2;2;4;1;1;4;1;3;14;3;8;4;5;4;10;6;3;2;2;5;2;5;4;2;2;1"
"4",2,"fa3_native_fifo",12,"case_000082",33,31,2,0.5779680013656616,0.5814975798130035,4122.9844015194585,215.28444430486516,"fa3_native","fifo","fifo",128,1,"1;1;1;1;1;1;1;1;1;1;1;1;1;1;1;1;1;1;1;1;1;1;1;1;1;1;1;1;1;1;1;1;1"
"4",2,"fa3_native_fifo",12,"case_000083",30,30,0,0.09937599673867226,0.10474239885807038,1021.5639324148163,999.4371604762935,"fa3_native","fifo","fifo",128,109,"3;3;2;4;20;3;10;4;5;4;2;3;1;1;1;1;2;2;3;1;6;1;4;3;24;2;1;9;4;4"
"4",2,"fa3_native_fifo",12,"case_000084",24,23,1,0.5856959819793701,0.5906528234481812,982.4624322388951,163.3769377700297,"fa3_native","fifo","fifo",128,1,"1;1;1;1;1;1;1;1;1;1;1;1;1;1;1;1;1;1;1;1;1;1;1;1"
"4",2,"fa3_native_fifo",12,"case_000085",44,44,0,0.12600000202655792,0.12848000079393387,1321.792441978659,1292.9137569828206,"fa3_native","fifo","fifo",128,109,"15;2;1;1;8;1;1;8;1;1;1;1;3;1;3;2;10;1;4;1;4;1;10;1;1;10;2;12;1;1;1;1;3;7;2;2;3;3;2;2;1;2;1;2"
"4",2,"fa3_native_fifo",12,"case_000086",35,35,0,0.13390400260686874,0.1374304011464119,971.0363371716732,949.8501428177303,"fa3_native","fifo","fifo",128,109,"18;1;2;1;2;1;1;2;2;4;3;4;9;3;7;1;4;5;8;2;7;1;9;1;1;2;1;1;14;3;1;4;6;1;1"
"4",2,"fa3_native_fifo",12,"case_000087",35,35,0,0.1090880036354065,0.11135359853506088,1089.0493459304685,1065.4549366258268,"fa3_native","fifo","fifo",128,109,"3;10;17;1;6;10;2;13;2;1;3;9;5;5;1;1;2;1;2;2;2;2;3;1;4;4;3;1;1;4;14;1;1;1;1"
"4",2,"fa3_native_fifo",12,"case_000088",38,38,0,0.11457600072026253,0.12121599838137627,1154.5057254612902,1129.4422495680165,"fa3_native","fifo","fifo",128,109,"13;3;4;1;1;1;4;5;2;1;1;2;9;26;8;2;5;1;2;1;4;4;1;2;3;3;1;1;2;2;1;3;7;3;1;3;2;1"
"4",2,"fa3_native_fifo",12,"case_000089",40,39,1,0.6848799884319305,0.6866623997688294,2874.6383960372864,223.3611998946646,"fa3_native","fifo","fifo",128,1,"1;1;1;1;1;1;1;1;1;1;1;1;1;1;1;1;1;1;1;1;1;1;1;1;1;1;1;1;1;1;1;1;1;1;1;1;1;1;1;1"
"4",2,"fa3_native_fifo",12,"case_000090",42,41,1,0.4259999990463257,0.4281824082136154,3343.8999487441115,366.7536534032008,"fa3_native","fifo","fifo",128,1,"1;1;1;1;1;1;1;1;1;1;1;1;1;1;1;1;1;1;1;1;1;1;1;1;1;1;1;1;1;1;1;1;1;1;1;1;1;1;1;1;1;1"
"4",2,"fa3_native_fifo",12,"case_000091",43,43,0,0.1276319995522499,0.12889599800109863,1344.5529544473463,1315.06682171259,"fa3_native","fifo","fifo",128,109,"10;2;6;2;1;6;1;4;3;3;2;1;2;3;11;1;4;9;1;3;6;1;3;2;1;3;2;3;2;1;5;1;4;2;3;1;3;1;4;1;5;6;4"
"4",2,"fa3_native_fifo",12,"case_000092",31,31,0,0.09841599687933922,0.1037216030061245,1018.1986419429013,996.2295877590494,"fa3_native","fifo","fifo",128,109,"17;5;4;1;1;6;9;5;2;3;9;6;5;1;4;6;2;8;1;1;4;2;3;6;2;5;5;1;1;4;1"
"4",2,"fa3_native_fifo",12,"case_000093",31,31,0,0.09561599791049957,0.09723520204424858,985.8652745562031,964.7095257672457,"fa3_native","fifo","fifo",128,109,"18;5;1;1;6;3;9;6;6;1;4;7;2;9;1;1;5;2;4;6;2;5;6;1;1;4;1;4;2;5;5"
"4",2,"fa3_native_fifo",12,"case_000094",22,22,0,0.08406399935483932,0.08679039776325226,795.7746905381915,778.6981407306982,"fa3_native","fifo","fifo",128,109,"7;1;6;5;8;7;1;5;7;6;2;3;13;21;3;2;3;4;1;1;9;6"
"4",2,"fa3_native_fifo",12,"case_000095",35,35,0,0.09598400071263313,0.09775999858975411,938.0652439104812,918.2730386898671,"fa3_native","fifo","fifo",128,102,"2;10;3;1;7;1;4;5;3;4;1;6;10;2;5;4;7;1;7;1;4;10;3;5;1;1;4;1;1;6;2;1;1;1;5"
"4",2,"fa3_native_fifo",12,"case_000096",23,23,0,0.07303999736905098,0.07613759860396385,624.3811624687158,611.6416430613086,"fa3_native","fifo","fifo",128,109,"2;2;15;1;4;8;5;4;2;26;4;5;4;1;10;1;1;11;4;1;3;8;2"
"4",2,"fa3_native_fifo",12,"case_000097",30,29,1,0.09622400254011154,0.09773119911551476,932.4127615518746,904.1941896330012,"fa3_native","fifo","fifo",128,29,"3;3;13;1;2;2;4;1;1;2;1;9;7;1;7;3;1;2;4;1;3;8;1;3;2;10;1;3;26;1"
"4",2,"fa3_native_fifo",12,"case_000098",45,43,2,0.9193120002746582,0.9371232211589813,4122.730324960034,175.90142188037058,"fa3_native","fifo","fifo",128,1,"1;1;1;1;1;1;1;1;1;1;1;1;1;1;1;1;1;1;1;1;1;1;1;1;1;1;1;1;1;1;1;1;1;1;1;1;1;1;1;1;1;1;1;1;1"
"4",2,"fa3_native_fifo",12,"case_000099",7,7,0,0.09240000322461128,0.09428800195455551,585.5925101265344,572.3234432302961,"fa3_native","fifo","fifo",128,109,"2;67;22;3;7;6;12"
"4",2,"critical_wave_auto_lpt",12,"case_000000",23,22,1,0.22782400250434875,0.2345311939716339,1147.5243472426032,394.4355599594239,"critical_wave","fifo","fifo_critical_wave",128,2,"1;2;1;1;1;2;2;1;1;1;1;1;1;1;1;1;1;1;1;1;1;1;1"
"4",2,"critical_wave_auto_lpt",12,"case_000001",39,38,1,0.37697599828243256,0.3791584104299545,3682.818081208057,320.708290583056,"critical_wave","fifo","fifo_critical_wave",128,2,"1;1;1;1;1;1;2;1;1;1;1;1;1;1;1;1;1;1;1;1;1;1;1;1;1;1;1;1;2;1;1;1;1;1;1;1;1;1;1"
"4",2,"critical_wave_auto_lpt",12,"case_000002",45,45,0,0.132192000746727,0.13496640622615813,1386.1028515262617,1355.663996215271,"critical_wave","release_lpt","release_lpt_critical_wave",128,21,"14;8;3;4;1;1;1;1;1;4;1;1;3;1;3;1;5;4;3;21;2;3;2;2;1;4;1;3;6;2;2;2;2;2;2;3;6;2;2;2;2;5;1;3;2"
"4",2,"critical_wave_auto_lpt",12,"case_000003",41,40,1,0.2800160050392151,0.2836576133966446,3445.627410707754,632.8991372303194,"critical_wave","fifo","fifo_critical_wave",128,3,"2;1;1;3;1;1;1;1;1;1;1;1;1;1;1;1;1;1;1;1;1;1;1;1;1;1;1;1;1;1;1;1;1;1;1;1;1;1;1;1;1"
"4",2,"critical_wave_auto_lpt",12,"case_000004",27,25,2,0.35702401399612427,0.35880319178104403,3875.036489481121,253.44876661708895,"critical_wave","fifo","fifo_critical_wave",176,1,"1;1;1;1;1;1;1;1;1;1;1;1;1;1;1;1;1;1;1;1;1;1;1;1;1;1;1"
"4",2,"critical_wave_auto_lpt",12,"case_000005",35,35,0,0.11552000045776367,0.11769280135631562,1137.2685783189038,1112.4365606887723,"critical_wave","release_lpt","release_lpt_critical_wave",128,21,"1;3;2;2;2;3;4;2;5;6;1;6;3;2;3;3;7;2;1;3;1;2;1;4;1;5;16;3;4;21;3;8;2;1;1"
"4",2,"critical_wave_auto_lpt",12,"case_000006",33,32,1,0.12035199999809265,0.12362240254878998,1759.9883605703014,805.2645573113527,"critical_wave","fifo","fifo_critical_wave",128,5,"1;5;1;3;4;3;1;3;2;2;2;4;5;5;1;2;1;1;5;2;3;2;1;1;2;1;1;1;2;1;1;1;2"
"4",2,"critical_wave_auto_lpt",12,"case_000007",34,34,0,0.09459199756383896,0.09855039790272713,834.6888875321015,817.2882483830111,"critical_wave","release_lpt","release_lpt_critical_wave",128,14,"1;1;4;5;14;1;5;2;1;12;7;5;1;4;1;2;1;1;3;4;1;4;9;8;1;4;2;1;2;5;14;4;1;2"
"4",2,"critical_wave_auto_lpt",12,"case_000008",32,32,0,0.09779199957847595,0.09950719773769379,958.1342868524689,937.6466009002842,"critical_wave","release_lpt","release_lpt_critical_wave",128,26,"4;3;1;8;10;2;2;1;3;6;1;26;12;1;4;3;1;1;5;6;1;3;4;2;4;5;1;1;5;4;1;2"
"4",2,"critical_wave_auto_lpt",12,"case_000009",37,37,0,0.1191679984331131,0.1215072013437748,1185.6633281568907,1159.742227923477,"critical_wave","release_lpt","release_lpt_critical_wave",128,25,"1;3;2;5;7;1;12;25;3;2;1;3;1;7;2;1;1;3;1;1;6;2;2;4;7;5;3;3;1;1;1;2;6;3;1;2;4"
"4",2,"critical_wave_auto_lpt",12,"case_000010",29,27,2,0.25355198979377747,0.25446720123291017,2319.177160054104,366.49562906439684,"critical_wave","fifo","fifo_critical_wave",128,2,"2;1;1;1;1;1;1;1;1;1;1;1;1;1;1;1;1;2;1;1;2;1;1;1;1;1;1;1;1"
"4",2,"critical_wave_auto_lpt",12,"case_000011",30,30,0,0.1005759984254837,0.10221120342612267,1008.0278312435994,986.1966428649249,"critical_wave","release_lpt","release_lpt_critical_wave",128,18,"3;1;2;1;1;2;3;1;12;18;1;11;2;2;6;5;3;1;11;6;11;1;3;1;3;3;7;2;5;3"
"4",2,"critical_wave_auto_lpt",12,"case_000012",31,29,2,0.18547199666500092,0.18780160546302796,1471.6947345372919,520.788139109019,"critical_wave","fifo","fifo_critical_wave",128,3,"1;1;1;1;2;3;2;1;1;1;1;1;1;2;2;1;1;1;1;1;1;1;1;1;1;1;1;1;1;1;1"
"4",2,"critical_wave_auto_lpt",12,"case_000013",38,38,0,0.10496000200510025,0.10669120028614998,1034.072643660258,1012.0146148133502,"critical_wave","release_lpt","release_lpt_critical_wave",128,14,"2;3;2;2;1;1;4;8;4;5;3;2;2;2;3;14;2;14;10;1;1;1;3;1;3;1;10;2;3;1;1;3;7;5;1;5;2;1"
"4",2,"critical_wave_auto_lpt",12,"case_000014",26,26,0,0.1111999973654747,0.1129728026688099,1249.7220439966218,1221.8383023288122,"critical_wave","release_lpt","release_lpt_critical_wave",128,24,"2;2;6;12;2;13;2;8;24;2;5;1;1;2;3;3;6;4;1;10;5;1;1;8;3;1"
"4",2,"critical_wave_auto_lpt",12,"case_000015",44,44,0,0.122079998254776,0.12349120154976845,1332.8888809157083,1303.8175808932972,"critical_wave","release_lpt","release_lpt_critical_wave",128,23,"3;1;4;2;1;23;1;1;23;7;4;1;1;2;1;2;5;5;1;1;1;5;2;1;1;1;1;2;1;1;3;1;4;2;1;1;7;4;1;6;1;1;4;1"
"4",2,"critical_wave_auto_lpt",12,"case_000016",30,29,1,0.2781279981136322,0.2812255948781967,947.501439320515,330.5961018798029,"critical_wave","fifo","fifo_critical_wave",176,1,"1;1;1;1;1;1;1;1;1;1;1;1;1;1;1;1;1;1;1;1;1;1;1;1;1;1;1;1;1;1"
"4",2,"critical_wave_auto_lpt",12,"case_000017",32,32,0,0.09828800335526466,0.10032960325479508,953.48048967138,933.0919427522138,"critical_wave","release_lpt","release_lpt_critical_wave",128,14,"2;3;3;6;2;3;10;1;2;1;14;3;10;1;10;7;4;4;1;5;2;3;6;2;4;1;4;1;5;3;10;1"
"4",2,"critical_wave_auto_lpt",12,"case_000018",33,32,1,0.107744000852108,0.10947839915752411,1014.6218915896251,741.8497119826991,"critical_wave","fifo","fifo_critical_wave",128,5,"5;1;4;5;2;3;3;5;2;3;5;5;5;2;1;5;1;1;1;1;2;2;2;4;3;1;1;4;2;5;2;1;1"
"4",2,"critical_wave_auto_lpt",12,"case_000019",46,44,2,0.6862240135669708,0.7067007720470428,3916.580434306972,225.4015670422246,"critical_wave","fifo","fifo_critical_wave",176,1,"1;1;1;1;1;1;1;1;1;1;1;1;1;1;1;1;1;1;1;1;1;1;1;1;1;1;1;1;1;1;1;1;1;1;1;1;1;1;1;1;1;1;1;1;1;1"
"4",2,"critical_wave_auto_lpt",12,"case_000020",39,38,1,0.22628799825906754,0.2335936039686203,1369.4304057841593,606.636786113774,"critical_wave","fifo","fifo_critical_wave",128,3,"1;1;2;1;1;1;1;1;1;1;1;2;1;1;1;1;1;1;1;1;1;1;3;1;1;1;1;1;1;2;1;1;1;1;1;1;1;1;1"
"4",2,"critical_wave_auto_lpt",12,"case_000021",29,29,0,0.09996800124645233,0.1050944022834301,1037.078604226662,1014.5172728818479,"critical_wave","release_lpt","release_lpt_critical_wave",128,21,"6;4;4;1;3;3;1;4;6;6;3;8;2;4;2;4;8;1;8;7;7;3;1;5;21;1;1;3;2"
"4",2,"critical_wave_auto_lpt",12,"case_000022",41,41,0,0.10102400183677673,0.10965759903192521,965.1237125760534,944.9451839597192,"critical_wave","release_lpt","release_lpt_critical_wave",128,12,"3;1;2;12;6;6;3;4;1;5;2;5;5;1;8;1;2;1;5;10;6;1;5;6;2;2;1;2;1;1;1;4;4;1;2;1;4;1;1;2;2"
"4",2,"critical_wave_auto_lpt",12,"case_000023",42,41,1,0.12992000579833984,0.1322911947965622,1338.2635225392032,758.0531681384706,"critical_wave","fifo","fifo_critical_wave",128,2,"2;2;1;2;2;2;1;1;1;2;2;2;2;2;2;2;1;2;1;1;1;2;1;1;1;2;1;2;1;1;2;1;2;2;2;2;1;2;1;1;1;1"
"4",2,"critical_wave_auto_lpt",12,"case_000024",58,58,0,0.14017599821090698,0.1424960047006607,1450.9181365414015,1419.4014563080789,"critical_wave","release_lpt","release_lpt_critical_wave",128,15,"2;1;7;4;15;1;1;14;2;2;1;1;3;1;1;3;1;1;1;1;5;1;2;7;2;1;1;2;10;1;1;1;1;2;1;1;1;1;3;1;4;5;2;1;1;1;4;1;2;1;3;1;2;4;1;1;1;2"
"4",2,"critical_wave_auto_lpt",12,"case_000025",38,36,2,0.18555200099945068,0.19593279510736467,1442.5001477876403,495.3515537688656,"critical_wave","fifo","fifo_critical_wave",128,2,"1;2;1;1;1;1;1;1;1;1;1;1;1;1;1;1;1;1;1;1;1;1;1;2;1;1;1;1;2;1;1;1;1;1;1;1;1;1"
"4",2,"critical_wave_auto_lpt",12,"case_000026",34,34,0,0.10780800133943558,0.11508160308003426,1098.5741769120164,1074.7236435188197,"critical_wave","release_lpt","release_lpt_critical_wave",128,18,"6;9;5;4;1;1;3;2;2;3;15;2;4;1;1;1;18;4;2;5;1;1;9;1;2;6;2;3;1;1;12;1;2;6"
"4",2,"critical_wave_auto_lpt",12,"case_000027",35,35,0,0.10246399790048599,0.11194880232214928,1005.8724703295142,984.3522999947439,"critical_wave","release_lpt","release_lpt_critical_wave",128,26,"7;10;5;1;14;7;4;3;1;7;3;4;1;2;3;1;1;1;1;3;1;1;1;5;1;4;1;2;1;2;2;26;6;1;4"
"4",2,"critical_wave_auto_lpt",12,"case_000028",38,37,1,0.19169600307941437,0.19414399564266205,1461.6651490428978,564.8222929047978,"critical_wave","fifo","fifo_critical_wave",128,4,"1;2;1;1;2;1;1;1;1;1;1;1;1;1;1;1;1;1;1;1;1;1;1;1;1;1;1;1;1;1;1;4;1;1;1;1;1;1"
"4",2,"critical_wave_auto_lpt",12,"case_000029",41,40,1,0.24372799694538116,0.24578240066766738,3451.483028880412,559.965345428021,"critical_wave","fifo","fifo_critical_wave",128,4,"1;1;1;1;1;1;1;1;1;1;1;1;1;1;1;4;1;1;1;1;1;1;1;1;1;1;1;1;1;1;1;1;1;4;1;1;1;1;1;1;1"
"4",2,"critical_wave_auto_lpt",12,"case_000030",39,38,1,0.18695999681949615,0.19266559779644013,793.6470728080743,745.3754512765804,"critical_wave","fifo","fifo_critical_wave",128,4,"1;2;1;1;1;1;4;1;1;1;1;1;1;1;1;1;1;1;1;1;1;1;4;1;1;1;1;1;1;1;1;1;1;1;1;1;1;2;1"
"4",2,"critical_wave_auto_lpt",12,"case_000031",30,28,2,1.3026880025863647,1.3104288101196289,4341.000336268231,85.28138723887164,"critical_wave","fifo","fifo_critical_wave",176,1,"1;1;1;1;1;1;1;1;1;1;1;1;1;1;1;1;1;1;1;1;1;1;1;1;1;1;1;1;1;1"
"4",2,"critical_wave_auto_lpt",12,"case_000032",30,30,0,0.10673600062727928,0.10904320254921913,1073.4454861213637,1049.9775084448627,"critical_wave","release_lpt","release_lpt_critical_wave",128,16,"11;2;10;2;1;1;3;1;7;1;1;10;1;1;1;6;1;3;1;14;1;1;8;1;5;11;1;16;2;4"
"4",2,"critical_wave_auto_lpt",12,"case_000033",30,30,0,0.08929600194096565,0.09240640252828598,764.1472774235842,748.2587187293442,"critical_wave","release_lpt","release_lpt_critical_wave",128,14,"5;9;9;1;2;1;6;5;1;2;6;14;1;2;7;4;2;1;3;3;6;10;5;1;4;4;4;9;2;1"
"4",2,"critical_wave_auto_lpt",12,"case_000034",36,35,1,0.6907519996166229,0.6966624021530151,3984.528878334883,167.88325776018397,"critical_wave","fifo","fifo_critical_wave",176,1,"1;1;1;1;1;1;1;1;1;1;1;1;1;1;1;1;1;1;1;1;1;1;1;1;1;1;1;1;1;1;1;1;1;1;1;1"
"4",2,"critical_wave_auto_lpt",12,"case_000035",37,36,1,0.13398399949073792,0.1352799952030182,858.4989074904537,669.6995487599459,"critical_wave","fifo","fifo_critical_wave",128,3,"3;2;1;3;3;1;3;3;2;1;3;1;3;2;1;2;3;2;1;2;1;3;3;1;1;2;1;1;1;1;3;2;3;3;1;1;1"
"4",2,"critical_wave_auto_lpt",12,"case_000036",35,35,0,0.12585599720478058,0.12727999389171601,1356.3425757633734,1326.2263198186304,"critical_wave","release_lpt","release_lpt_critical_wave",128,22,"7;8;1;6;1;1;2;4;1;4;2;22;1;3;22;4;1;5;3;8;1;1;3;4;2;2;2;3;1;1;4;1;2;1;1"
"4",2,"critical_wave_auto_lpt",12,"case_000037",37,35,2,0.19460800290107727,0.1962624043226242,3026.696773757085,560.682717942819,"critical_wave","fifo","fifo_critical_wave",128,2,"1;1;1;1;1;1;1;1;1;1;1;1;2;1;1;1;1;1;1;1;2;1;1;1;1;1;2;1;2;1;1;1;1;1;1;1;2"
"4",2,"critical_wave_auto_lpt",12,"case_000038",28,28,0,0.0907839983701706,0.09241920337080956,866.483765996439,848.0310339062602,"critical_wave","release_lpt","release_lpt_critical_wave",128,13,"2;2;3;8;9;2;5;1;8;9;3;2;2;1;11;3;11;1;5;2;1;4;7;10;13;1;4;1"
"4",2,"critical_wave_auto_lpt",12,"case_000039",24,23,1,0.294527992606163,0.3324032008647919,3593.1991792954454,223.73055755047827,"critical_wave","fifo","fifo_critical_wave",176,1,"1;1;1;1;1;1;1;1;1;1;1;1;1;1;1;1;1;1;1;1;1;1;1;1"
"4",2,"critical_wave_auto_lpt",12,"case_000040",38,38,0,0.09905600175261497,0.11201599761843684,930.3232528014612,910.826667780564,"critical_wave","release_lpt","release_lpt_critical_wave",128,10,"8;7;1;1;1;1;2;5;10;4;5;5;4;1;1;7;1;2;2;3;3;7;1;1;3;7;2;5;1;2;5;2;2;8;2;6;1;6"
"4",2,"critical_wave_auto_lpt",12,"case_000041",40,40,0,0.10639999806880951,0.10800960287451744,1040.487496779883,1018.3627252504925,"critical_wave","release_lpt","release_lpt_critical_wave",128,18,"7;6;5;4;3;1;1;2;2;6;1;3;1;4;2;2;1;5;1;2;2;4;6;18;3;5;3;2;7;2;2;3;3;4;7;2;1;2;2;1"
"4",2,"critical_wave_auto_lpt",12,"case_000042",43,40,3,1.36654394865036,1.3858303666114806,4489.400948846961,97.12588031368107,"critical_wave","fifo","fifo_critical_wave",176,1,"1;1;1;1;1;1;1;1;1;1;1;1;1;1;1;1;1;1;1;1;1;1;1;1;1;1;1;1;1;1;1;1;1;1;1;1;1;1;1;1;1;1;1"
"4",2,"critical_wave_auto_lpt",12,"case_000043",49,49,0,0.1369440034031868,0.14304959774017334,1317.4073727992218,1288.6832253648956,"critical_wave","release_lpt","release_lpt_critical_wave",128,16,"3;6;1;2;1;3;2;6;1;2;3;1;7;1;16;2;2;1;3;3;3;2;1;3;7;1;2;1;3;5;1;2;1;5;3;2;6;1;2;2;4;4;3;5;2;3;3;1;3"
"4",2,"critical_wave_auto_lpt",12,"case_000044",32,31,1,0.18812799453735352,0.19049599766731262,1082.5591061066812,446.6991114568769,"critical_wave","fifo","fifo_critical_wave",128,2,"1;1;1;1;1;1;1;1;1;2;1;1;1;1;1;1;1;1;1;1;1;1;1;1;1;1;1;1;1;1;1;1"
"4",2,"critical_wave_auto_lpt",12,"case_000045",25,25,0,0.0809439979493618,0.09451519995927812,680.5934499363872,666.5001157188995,"critical_wave","release_lpt","release_lpt_critical_wave",128,18,"1;5;4;6;1;12;9;4;9;3;2;6;3;8;7;1;8;7;3;2;6;1;18;1;1"
"4",2,"critical_wave_auto_lpt",12,"case_000046",35,33,2,0.2983679920434952,0.30046400129795076,3381.736807468647,405.72459254393794,"critical_wave","fifo","fifo_critical_wave",128,4,"1;4;1;1;1;1;1;1;1;1;1;1;1;1;1;1;1;1;1;1;1;1;2;2;1;1;1;1;1;1;1;1;1;1;1"
"4",2,"critical_wave_auto_lpt",12,"case_000047",46,46,0,0.12031999975442886,0.12288639694452286,1181.2297556023598,1155.8446832101238,"critical_wave","release_lpt","release_lpt_critical_wave",128,11,"5;2;1;9;1;2;1;2;2;4;1;5;2;3;9;2;6;2;11;4;1;1;1;3;1;2;5;3;2;4;4;2;1;1;4;7;1;9;2;2;4;1;1;2;2;2"
"4",2,"critical_wave_auto_lpt",12,"case_000048",49,47,2,0.228752002120018,0.23004800081253052,1505.3781101304965,662.9497035852569,"critical_wave","fifo","fifo_critical_wave",128,4,"1;1;2;1;1;1;1;1;1;1;2;1;1;1;1;1;2;1;1;4;1;1;1;1;1;1;1;1;1;1;1;1;1;1;1;1;1;1;1;1;1;1;1;1;1;1;1;1;1"
"4",2,"critical_wave_auto_lpt",12,"case_000049",49,49,0,0.12772800028324127,0.13089599907398225,1281.1341833046,1253.4155051749108,"critical_wave","release_lpt","release_lpt_critical_wave",128,22,"4;11;1;22;1;4;1;3;2;1;5;1;1;2;3;1;1;3;2;1;3;1;2;4;10;1;6;3;1;2;1;2;1;1;4;1;3;1;2;1;1;3;1;3;4;5;1;2;1"
"4",2,"critical_wave_auto_lpt",12,"case_000050",37,37,0,0.09774399921298027,0.09933759644627571,935.3563722391546,915.7112530762279,"critical_wave","release_lpt","release_lpt_critical_wave",128,18,"7;18;2;5;1;3;3;2;5;2;3;2;1;5;2;5;8;1;1;2;1;1;1;3;15;3;3;2;1;3;2;1;6;7;1;2;2"
"4",2,"critical_wave_auto_lpt",12,"case_000051",42,40,2,0.22382400184869766,0.23029759377241135,2874.4418354333143,555.9613936494544,"critical_wave","fifo","fifo_critical_wave",128,2,"2;1;1;1;1;1;1;1;1;1;1;1;1;2;1;1;1;1;1;1;1;2;1;1;1;1;1;1;2;1;1;1;1;1;1;1;1;1;1;1;1;1"
"4",2,"critical_wave_auto_lpt",12,"case_000052",36,36,0,0.10278400033712387,0.10413120314478874,994.7694512826848,973.5616406424067,"critical_wave","release_lpt","release_lpt_critical_wave",128,15,"1;5;5;2;15;3;4;8;1;2;10;3;1;5;2;1;4;1;4;2;7;4;6;7;1;7;8;1;1;1;1;6;4;1;1;2"
"4",2,"critical_wave_auto_lpt",12,"case_000053",22,22,0,0.09833600372076035,0.09972159937024117,479.4305838772545,469.53984555966036,"critical_wave","release_lpt","release_lpt_critical_wave",128,3,"3;1;1;1;1;1;1;1;1;2;1;3;1;2;1;1;1;1;1;1;1;1"
"4",2,"critical_wave_auto_lpt",12,"case_000054",22,22,0,0.08377599716186523,0.08481599763035774,612.4693622310756,599.6944435400789,"critical_wave","release_lpt","release_lpt_critical_wave",128,4,"3;1;2;1;1;1;1;1;1;3;2;4;1;2;1;2;1;1;1;1;1;2"
"4",2,"critical_wave_auto_lpt",12,"case_000055",22,21,1,0.09841599687933922,0.10974400043487549,787.4994754665779,498.057567410469,"critical_wave","fifo","fifo_critical_wave",128,4,"4;3;4;4;1;2;4;3;4;1;4;1;2;2;1;4;2;4;4;2;1;1"
"4",2,"critical_wave_auto_lpt",12,"case_000056",41,41,0,0.11231999844312668,0.1204095982015133,1138.8455542471356,1114.3498729959188,"critical_wave","release_lpt","release_lpt_critical_wave",128,14,"2;6;1;1;1;2;2;2;1;4;2;2;4;5;3;14;1;5;5;1;1;1;2;4;5;9;1;1;8;1;5;5;2;1;11;3;3;2;1;1;2"
"4",2,"critical_wave_auto_lpt",12,"case_000057",38,37,1,0.9477759897708893,0.9559392154216766,4062.3905231474973,125.14849213332873,"critical_wave","fifo","fifo_critical_wave",176,1,"1;1;1;1;1;1;1;1;1;1;1;1;1;1;1;1;1;1;1;1;1;1;1;1;1;1;1;1;1;1;1;1;1;1;1;1;1;1"
"4",2,"critical_wave_auto_lpt",12,"case_000058",22,22,0,0.10180800035595894,0.1026591993868351,749.281541306052,733.0202708930034,"critical_wave","release_lpt","release_lpt_critical_wave",128,5,"1;5;2;1;3;4;1;2;1;1;1;1;1;1;1;4;1;1;1;1;1;1"
"4",2,"critical_wave_auto_lpt",12,"case_000059",28,28,0,0.097936000674963,0.13871679902076728,995.1466476097945,973.5428784399463,"critical_wave","release_lpt","release_lpt_critical_wave",128,18,"18;2;10;15;2;1;3;2;1;2;13;1;3;4;3;1;2;2;5;2;1;3;3;1;7;9;2;8"
"4",2,"critical_wave_auto_lpt",12,"case_000060",36,36,0,0.10488000139594078,0.10665920004248619,1042.8747040447051,1020.497316699525,"critical_wave","release_lpt","release_lpt_critical_wave",128,17,"17;14;5;2;2;4;3;6;1;3;1;8;1;3;6;5;1;5;2;2;3;4;2;5;4;1;1;2;1;1;5;4;1;6;2;3"
"4",2,"critical_wave_auto_lpt",12,"case_000061",39,36,3,0.7111839950084686,0.7142048001289367,4323.771781342441,162.504984379779,"critical_wave","fifo","fifo_critical_wave",176,1,"1;1;1;1;1;1;1;1;1;1;1;1;1;1;1;1;1;1;1;1;1;1;1;1;1;1;1;1;1;1;1;1;1;1;1;1;1;1;1"
"4",2,"critical_wave_auto_lpt",12,"case_000062",41,39,2,0.23625600337982178,0.24959679692983627,2564.2690571804637,515.4934234801407,"critical_wave","fifo","fifo_critical_wave",128,3,"1;1;1;1;1;1;1;1;1;1;1;1;1;1;1;1;1;1;1;1;1;1;1;1;1;1;3;1;1;1;1;1;2;1;1;2;1;1;1;1;1"
"4",2,"critical_wave_auto_lpt",12,"case_000063",33,31,2,0.12867199629545212,0.13030080050230025,1767.8834629850235,715.1196425733257,"critical_wave","fifo","fifo_critical_wave",128,7,"3;4;2;1;1;1;1;1;1;1;1;3;1;1;3;1;2;2;3;7;1;1;1;1;2;5;1;2;3;1;1;2;1"
"4",2,"critical_wave_auto_lpt",12,"case_000064",33,33,0,0.1021600030362606,0.10351679846644402,1010.3795671517652,988.642100609093,"critical_wave","release_lpt","release_lpt_critical_wave",128,16,"2;8;1;2;5;1;1;1;7;5;5;2;3;1;16;11;1;1;6;7;1;5;3;1;3;1;3;2;6;15;2;1;6"
"4",2,"critical_wave_auto_lpt",12,"case_000065",34,34,0,0.10916799679398537,0.11089920178055764,708.2868482960025,693.5600379558446,"critical_wave","release_lpt","release_lpt_critical_wave",128,5,"1;1;1;1;1;1;1;2;1;1;1;1;2;1;1;1;1;1;2;5;1;1;1;1;2;1;1;1;1;1;1;1;1;1"
"4",2,"critical_wave_auto_lpt",12,"case_000066",54,54,0,0.1300479993224144,0.1316064029932022,1353.5405424853868,1324.314967529964,"critical_wave","release_lpt","release_lpt_critical_wave",128,19,"5;10;4;2;2;4;2;1;1;3;1;1;19;3;1;1;2;1;2;9;2;1;10;4;1;1;1;1;1;4;1;1;2;1;1;3;1;3;6;2;1;3;1;1;1;4;1;1;1;2;1;1;1;3"
"4",2,"critical_wave_auto_lpt",12,"case_000067",37,37,0,0.11164800077676773,0.11367680057883263,1137.684243159605,1113.0134631650103,"critical_wave","release_lpt","release_lpt_critical_wave",128,27,"14;5;2;2;27;2;1;3;15;1;1;1;5;1;3;5;4;1;4;1;1;5;1;1;2;1;1;3;3;1;3;1;1;6;4;4;1"
"4",2,"critical_wave_auto_lpt",12,"case_000068",33,33,0,0.09249599650502205,0.09400960057973862,872.309870012798,854.0114489788875,"critical_wave","release_lpt","release_lpt_critical_wave",128,20,"20;1;4;2;6;2;2;1;1;2;1;1;1;1;9;6;6;1;3;6;1;7;1;1;5;1;7;1;1;4;3;7;12"
"4",2,"critical_wave_auto_lpt",12,"case_000069",34,33,1,0.15350400656461716,0.15491519570350648,2158.815193898561,647.1327636532023,"critical_wave","fifo","fifo_critical_wave",128,3,"3;1;1;1;1;2;1;1;1;1;1;1;1;1;1;1;1;1;1;1;1;2;1;1;1;1;1;2;1;1;1;1;1;1"
"4",2,"critical_wave_auto_lpt",12,"case_000070",34,33,1,0.19873599708080292,0.20456640422344208,1242.4938026481577,381.22277349279653,"critical_wave","fifo","fifo_critical_wave",128,2,"1;1;1;1;1;1;2;1;1;1;1;1;1;1;1;1;1;2;1;1;1;1;1;1;1;1;1;1;1;1;1;1;1;1"
"4",2,"critical_wave_auto_lpt",12,"case_000071",28,28,0,0.09966399893164635,0.10947519838809967,1008.219659547431,986.279670228924,"critical_wave","release_lpt","release_lpt_critical_wave",128,20,"1;1;1;2;8;1;1;3;1;2;6;3;13;19;3;1;2;4;2;1;5;10;20;9;2;2;5;2"
"4",2,"critical_wave_auto_lpt",12,"case_000072",36,34,2,0.2287680059671402,0.23126399517059326,1343.1241434527117,406.55643085580493,"critical_wave","fifo","fifo_critical_wave",128,2,"2;1;1;1;1;1;1;1;1;1;1;1;1;1;1;1;1;1;1;1;1;2;1;1;1;1;1;1;1;1;1;1;1;1;1;1"
"4",2,"critical_wave_auto_lpt",12,"case_000073",34,33,1,0.3914240002632141,0.3932416051626205,3496.606720997291,259.6984955742205,"critical_wave","fifo","fifo_critical_wave",176,1,"1;1;1;1;1;1;1;1;1;1;1;1;1;1;1;1;1;1;1;1;1;1;1;1;1;1;1;1;1;1;1;1;1;1"
"4",2,"critical_wave_auto_lpt",12,"case_000074",33,33,0,0.09796800091862679,0.09926720261573792,780.7472290011502,764.4749234212483,"critical_wave","release_lpt","release_lpt_critical_wave",128,6,"6;2;1;2;1;1;2;1;1;2;1;1;1;1;1;1;1;1;1;3;1;1;1;1;3;1;1;1;1;1;1;1;1"
"4",2,"critical_wave_auto_lpt",12,"case_000075",34,33,1,0.13635199517011642,0.13880320489406586,1089.6038086031708,850.8256579249947,"critical_wave","fifo","fifo_critical_wave",128,4,"4;1;4;1;1;2;3;1;4;4;2;1;1;1;3;2;1;4;4;2;1;3;1;4;1;1;3;3;4;4;4;4;2;1"
"4",2,"critical_wave_auto_lpt",12,"case_000076",39,36,3,0.635343998670578,0.6799391865730285,3560.4189963945505,193.44813558823913,"critical_wave","fifo","fifo_critical_wave",176,1,"1;1;1;1;1;1;1;1;1;1;1;1;1;1;1;1;1;1;1;1;1;1;1;1;1;1;1;1;1;1;1;1;1;1;1;1;1;1;1"
"4",2,"critical_wave_auto_lpt",12,"case_000077",40,40,0,0.13288000226020813,0.1338944062590599,1356.2854492964525,1326.3084663024295,"critical_wave","release_lpt","release_lpt_critical_wave",128,17,"1;9;1;17;4;2;7;11;7;2;1;1;3;1;4;4;5;1;4;1;4;8;3;2;2;2;2;2;1;1;1;1;1;6;3;1;2;8;1;1"
"4",2,"critical_wave_auto_lpt",12,"case_000078",42,41,1,0.3142879903316498,0.3157055974006653,3593.562309397174,430.9810243053361,"critical_wave","fifo","fifo_critical_wave",128,2,"2;1;1;1;1;1;2;1;1;1;1;1;1;1;1;1;1;1;1;1;1;1;1;1;1;1;1;1;2;1;1;1;1;1;1;1;1;1;1;1;1;1"
"4",2,"critical_wave_auto_lpt",12,"case_000079",36,35,1,0.13703999668359756,0.13990400582551957,2247.668218317078,616.8789407896878,"critical_wave","fifo","fifo_critical_wave",128,3,"1;1;1;1;3;3;1;1;1;1;3;1;1;1;1;3;1;2;3;2;1;1;1;1;3;1;1;1;1;1;1;1;1;2;1;3"
"4",2,"critical_wave_auto_lpt",12,"case_000080",34,32,2,0.22649599611759186,0.2288128048181534,1560.7305381966698,479.30376633959474,"critical_wave","fifo","fifo_critical_wave",128,4,"1;1;1;1;1;1;2;1;1;1;1;1;1;1;4;1;1;1;1;1;2;1;1;1;1;1;1;1;1;1;1;1;1;1"
"4",2,"critical_wave_auto_lpt",12,"case_000081",35,35,0,0.11451200023293495,0.11617599800229073,1183.5957701227746,1157.6940035134537,"critical_wave","release_lpt","release_lpt_critical_wave",128,14,"4;2;1;2;14;2;5;7;1;2;2;4;1;1;4;1;3;14;3;8;4;5;4;10;6;3;2;2;5;2;5;4;2;2;1"
"4",2,"critical_wave_auto_lpt",12,"case_000082",33,31,2,0.5680639743804932,0.5694464087486267,4194.867412260651,219.03786476812837,"critical_wave","fifo","fifo_critical_wave",176,1,"1;1;1;1;1;1;1;1;1;1;1;1;1;1;1;1;1;1;1;1;1;1;1;1;1;1;1;1;1;1;1;1;1"
"4",2,"critical_wave_auto_lpt",12,"case_000083",30,30,0,0.10060799866914749,0.1021984025835991,1009.0543034242054,987.1984863412013,"critical_wave","release_lpt","release_lpt_critical_wave",128,24,"3;3;2;4;20;3;10;4;5;4;2;3;1;1;1;1;2;2;3;1;6;1;4;3;24;2;1;9;4;4"
"4",2,"critical_wave_auto_lpt",12,"case_000084",24,23,1,0.2186559960246086,0.22028159350156784,2631.6419831598805,437.6244774427803,"critical_wave","fifo","fifo_critical_wave",128,4,"4;1;1;4;1;1;1;1;1;2;1;1;1;1;1;1;1;1;1;1;1;1;1;1"
"4",2,"critical_wave_auto_lpt",12,"case_000085",44,44,0,0.12832000106573105,0.1301408067345619,1297.894708422641,1269.538144069621,"critical_wave","release_lpt","release_lpt_critical_wave",128,15,"15;2;1;1;8;1;1;8;1;1;1;1;3;1;3;2;10;1;4;1;4;1;10;1;1;10;2;12;1;1;1;1;3;7;2;2;3;3;2;2;1;2;1;2"
"4",2,"critical_wave_auto_lpt",12,"case_000086",35,35,0,0.11068800091743469,0.11311359703540802,1174.704133657539,1149.0742894062537,"critical_wave","release_lpt","release_lpt_critical_wave",128,18,"18;1;2;1;2;1;1;2;2;4;3;4;9;3;7;1;4;5;8;2;7;1;9;1;1;2;1;1;14;3;1;4;6;1;1"
"4",2,"critical_wave_auto_lpt",12,"case_000087",35,35,0,0.1080319993197918,0.11576640084385872,1099.6947178245462,1075.8696750205065,"critical_wave","release_lpt","release_lpt_critical_wave",128,17,"3;10;17;1;6;10;2;13;2;1;3;9;5;5;1;1;2;1;2;2;2;2;3;1;4;4;3;1;1;4;14;1;1;1;1"
"4",2,"critical_wave_auto_lpt",12,"case_000088",38,38,0,0.11584000289440155,0.12015999779105187,1141.9081968824166,1117.1182041316586,"critical_wave","release_lpt","release_lpt_critical_wave",128,26,"13;3;4;1;1;1;4;5;2;1;1;2;9;26;8;2;5;1;2;1;4;4;1;2;3;3;1;1;2;2;1;3;7;3;1;3;2;1"
"4",2,"critical_wave_auto_lpt",12,"case_000089",40,39,1,0.5073759853839874,0.5103871822357178,3880.322222846249,301.50346174588157,"critical_wave","fifo","fifo_critical_wave",128,2,"1;1;1;1;1;1;1;1;1;1;2;1;1;1;1;1;1;1;1;1;1;1;1;1;1;1;1;1;1;1;1;1;1;1;1;1;1;1;1;1"
"4",2,"critical_wave_auto_lpt",12,"case_000090",42,41,1,0.38091200590133667,0.3831392049789429,3739.712460900937,410.16574321489963,"critical_wave","fifo","fifo_critical_wave",128,3,"1;1;1;1;1;1;1;1;1;1;1;1;1;2;1;1;1;1;1;1;1;1;1;3;1;1;1;1;1;1;1;1;1;1;1;1;1;1;1;1;1;1"
"4",2,"critical_wave_auto_lpt",12,"case_000091",43,43,0,0.1327359974384308,0.14102719426155091,1292.8518668012412,1264.4995422425195,"critical_wave","release_lpt","release_lpt_critical_wave",128,11,"10;2;6;2;1;6;1;4;3;3;2;1;2;3;11;1;4;9;1;3;6;1;3;2;1;3;2;3;2;1;5;1;4;2;3;1;3;1;4;1;5;6;4"
"4",2,"critical_wave_auto_lpt",12,"case_000092",31,31,0,0.10020800307393074,0.1059456005692482,999.9903330482493,978.4141484953564,"critical_wave","release_lpt","release_lpt_critical_wave",128,17,"17;5;4;1;1;6;9;5;2;3;9;6;5;1;4;6;2;8;1;1;4;2;3;6;2;5;5;1;1;4;1"
"4",2,"critical_wave_auto_lpt",12,"case_000093",31,31,0,0.09912000223994255,0.11588160172104836,951.013820639464,930.6059515284114,"critical_wave","release_lpt","release_lpt_critical_wave",128,18,"18;5;1;1;6;3;9;6;6;1;4;7;2;9;1;1;5;2;4;6;2;5;6;1;1;4;1;4;2;5;5"
"4",2,"critical_wave_auto_lpt",12,"case_000094",22,22,0,0.08379199728369713,0.08717119917273522,798.357900999879,781.2259180118175,"critical_wave","release_lpt","release_lpt_critical_wave",128,21,"7;1;6;5;8;7;1;5;7;6;2;3;13;21;3;2;3;4;1;1;9;6"
"4",2,"critical_wave_auto_lpt",12,"case_000095",35,35,0,0.0976479984819889,0.09886400029063225,922.0798832513466,902.6249525867881,"critical_wave","release_lpt","release_lpt_critical_wave",128,10,"2;10;3;1;7;1;4;5;3;4;1;6;10;2;5;4;7;1;7;1;4;10;3;5;1;1;4;1;1;6;2;1;1;1;5"
"4",2,"critical_wave_auto_lpt",12,"case_000096",23,23,0,0.0758879967033863,0.07745920047163964,600.9487724685847,588.6873542677998,"critical_wave","release_lpt","release_lpt_critical_wave",128,26,"2;2;15;1;4;8;5;4;2;26;4;5;4;1;10;1;1;11;4;1;3;8;2"
"4",2,"critical_wave_auto_lpt",12,"case_000097",30,29,1,0.10492800176143646,0.1063711978495121,855.0671549048255,829.1893730885522,"critical_wave","fifo","fifo_critical_wave",128,7,"1;1;3;1;1;1;2;1;1;1;1;2;2;1;2;1;1;1;1;1;1;2;1;1;1;3;1;1;7;1"
"4",2,"critical_wave_auto_lpt",12,"case_000098",45,43,2,0.8718560039997101,0.877977579832077,4347.134669308603,185.47591260271207,"critical_wave","fifo","fifo_critical_wave",176,1,"1;1;1;1;1;1;1;1;1;1;1;1;1;1;1;1;1;1;1;1;1;1;1;1;1;1;1;1;1;1;1;1;1;1;1;1;1;1;1;1;1;1;1;1;1"
"4",2,"critical_wave_auto_lpt",12,"case_000099",7,7,0,0.09107200056314468,0.09275199845433235,594.1315606269542,580.6690055450559,"critical_wave","release_lpt","release_lpt_critical_wave",128,67,"2;67;22;3;7;6;12"
"4",4,"fa3_native_fifo",16,"case_000000",23,22,1,0.20798400044441223,0.21157120168209076,1256.9889472333389,221.50565380779378,"fa3_native","fifo","fifo",128,1,"1;1;1;1;1;1;1;1;1;1;1;1;1;1;1;1;1;1;1;1;1;1;1"
"4",4,"fa3_native_fifo",16,"case_000001",39,38,1,0.4111520051956177,0.4132928103208542,3376.692817040888,149.95400051780447,"fa3_native","fifo","fifo",128,1,"1;1;1;1;1;1;1;1;1;1;1;1;1;1;1;1;1;1;1;1;1;1;1;1;1;1;1;1;1;1;1;1;1;1;1;1;1;1;1"
"4",4,"fa3_native_fifo",16,"case_000002",45,45,0,0.1239359974861145,0.1251231998205185,1478.4381688986596,724.4730330270644,"fa3_native","fifo","fifo",128,57,"7;4;2;2;1;1;1;1;1;2;1;1;2;1;2;1;3;2;2;10;1;2;1;1;1;2;1;2;3;1;1;1;1;1;1;1;3;1;1;1;1;3;1;2;1"
"4",4,"fa3_native_fifo",16,"case_000003",41,40,1,0.38331200182437897,0.3859904021024704,2517.09004103152,232.5503182152922,"fa3_native","fifo","fifo",128,5,"1;1;1;1;1;1;1;1;1;1;1;1;1;1;1;1;1;1;1;1;1;1;1;1;1;1;1;1;1;1;1;1;1;1;1;1;1;1;1;1;1"
"4",4,"fa3_native_fifo",16,"case_000004",27,25,2,0.4456479996442795,0.45001920461654665,3104.42565199509,104.89642057703347,"fa3_native","fifo","fifo",128,1,"1;1;1;1;1;1;1;1;1;1;1;1;1;1;1;1;1;1;1;1;1;1;1;1;1;1;1"
"4",4,"fa3_native_fifo",16,"case_000005",35,35,0,0.10807999968528748,0.11030719801783562,1215.5557649014677,595.8336064722085,"fa3_native","fifo","fifo",128,57,"1;2;1;1;1;2;2;1;3;3;1;3;2;1;2;2;4;1;1;2;1;1;1;2;1;3;8;2;2;11;2;4;1;1;1"
"4",4,"fa3_native_fifo",16,"case_000006",33,32,1,0.13473600149154663,0.13574720472097396,1572.0974114055887,362.01970861559437,"fa3_native","fifo","fifo",128,5,"1;3;1;2;2;2;1;2;1;1;1;2;3;4;1;1;1;1;3;1;2;1;1;1;1;1;1;1;1;1;1;1;1"
"4",4,"fa3_native_fifo",16,"case_000007",34,34,0,0.1143679991364479,0.11672640144824982,690.3582279322914,339.20089791652947,"fa3_native","fifo","fifo",128,57,"1;1;2;3;7;1;2;1;1;6;4;2;1;2;1;1;1;1;2;2;1;2;4;4;1;2;1;1;1;2;7;2;1;1"
"4",4,"fa3_native_fifo",16,"case_000008",32,32,0,0.09643199667334557,0.09811200127005577,971.6470778199566,476.7944415352823,"fa3_native","fifo","fifo",128,57,"2;2;1;4;5;1;1;1;2;3;1;13;6;1;2;2;1;1;3;3;1;2;2;1;2;3;1;1;3;2;1;1"
"4",4,"fa3_native_fifo",16,"case_000009",37,37,0,0.11009599640965462,0.11131199821829796,1283.3629763090062,629.0295220392497,"fa3_native","fifo","fifo",128,57,"1;2;1;3;4;1;6;13;2;1;1;2;1;4;1;1;1;2;1;1;3;1;1;2;4;3;2;2;1;1;1;1;3;2;1;1;2"
"4",4,"fa3_native_fifo",16,"case_000010",29,27,2,0.3277280032634735,0.3311936020851135,1794.2683498524775,146.89683982023524,"fa3_native","fifo","fifo",128,1,"1;1;1;1;1;1;1;1;1;1;1;1;1;1;1;1;1;1;1;1;1;1;1;1;1;1;1;1;1"
"4",4,"fa3_native_fifo",16,"case_000011",30,30,0,0.09548799693584442,0.09684159979224205,1061.739787421832,520.6595341339416,"fa3_native","fifo","fifo",128,57,"2;1;1;1;1;1;2;1;6;9;1;6;1;1;3;3;2;1;6;3;6;1;2;1;2;2;4;1;3;2"
"4",4,"fa3_native_fifo",16,"case_000012",31,29,2,0.23667200654745102,0.23894080072641372,1153.3183196352115,209.45321216119927,"fa3_native","fifo","fifo",128,1,"1;1;1;1;1;1;1;1;1;1;1;1;1;1;1;1;1;1;1;1;1;1;1;1;1;1;1;1;1;1;1"
"4",4,"fa3_native_fifo",16,"case_000013",38,38,0,0.10460799932479858,0.10653119906783104,1037.5522661035175,509.19792313982833,"fa3_native","fifo","fifo",128,57,"1;2;1;1;1;1;2;4;2;3;2;1;1;1;2;7;1;7;5;1;1;1;2;1;2;1;5;1;2;1;1;2;4;3;1;3;1;1"
"4",4,"fa3_native_fifo",16,"case_000014",26,26,0,0.10556799918413162,0.10698240250349045,1316.3940689792769,644.5201626046114,"fa3_native","fifo","fifo",128,57,"1;1;3;6;1;7;1;4;12;1;3;1;1;1;2;2;3;2;1;5;3;1;1;4;2;1"
"4",4,"fa3_native_fifo",16,"case_000015",44,44,0,0.11950400099158287,0.12191679701209068,1361.620288072706,667.4692674567287,"fa3_native","fifo","fifo",128,57,"2;1;2;1;1;12;1;1;12;4;2;1;1;1;1;1;3;3;1;1;1;3;1;1;1;1;1;1;1;1;2;1;2;1;1;1;4;2;1;3;1;1;2;1"
"4",4,"fa3_native_fifo",16,"case_000016",30,29,1,0.21161599457263947,0.2151103988289833,1245.3060509920087,222.76849202822527,"fa3_native","fifo","fifo",128,1,"1;1;1;1;1;1;1;1;1;1;1;1;1;1;1;1;1;1;1;1;1;1;1;1;1;1;1;1;1;1"
"4",4,"fa3_native_fifo",16,"case_000017",32,32,0,0.097120001912117,0.0984031967818737,964.9474024187363,473.5064157187019,"fa3_native","fifo","fifo",128,57,"1;2;2;3;1;2;5;1;1;1;7;2;5;1;5;4;2;2;1;3;1;2;3;1;2;1;2;1;3;2;5;1"
"4",4,"fa3_native_fifo",16,"case_000018",33,32,1,0.16438399255275726,0.16703679859638215,665.0247402703467,245.63598543234625,"fa3_native","fifo","fifo",128,3,"1;1;1;1;1;1;1;1;1;1;1;1;1;1;1;1;1;1;1;1;1;1;1;1;1;1;1;1;1;1;1;1;1"
"4",4,"fa3_native_fifo",16,"case_000019",46,44,2,0.7582399845123291,0.7791808068752288,3544.5922135280093,105.00021315969711,"fa3_native","fifo","fifo",128,1,"1;1;1;1;1;1;1;1;1;1;1;1;1;1;1;1;1;1;1;1;1;1;1;1;1;1;1;1;1;1;1;1;1;1;1;1;1;1;1;1;1;1;1;1;1;1"
"4",4,"fa3_native_fifo",16,"case_000020",39,38,1,0.31331199407577515,0.3159551978111267,989.0641633242216,222.9137004665984,"fa3_native","fifo","fifo",128,1,"1;1;1;1;1;1;1;1;1;1;1;1;1;1;1;1;1;1;1;1;1;1;1;1;1;1;1;1;1;1;1;1;1;1;1;1;1;1;1"
"4",4,"fa3_native_fifo",16,"case_000021",29,29,0,0.1024479977786541,0.11293760165572167,1011.9736592997768,496.1386957490206,"fa3_native","fifo","fifo",128,57,"3;2;2;1;2;2;1;2;3;3;2;4;1;2;1;2;4;1;4;4;4;2;1;3;11;1;1;2;1"
"4",4,"fa3_native_fifo",16,"case_000022",41,41,0,0.10233599692583084,0.10403840243816376,952.7503775886865,468.056299238628,"fa3_native","fifo","fifo",128,57,"2;1;1;6;3;3;2;2;1;3;1;3;3;1;4;1;1;1;3;5;3;1;3;3;1;1;1;1;1;1;1;2;2;1;1;1;2;1;1;1;1"
"4",4,"fa3_native_fifo",16,"case_000023",42,41,1,0.13529600203037262,0.13742080330848694,1285.0875265994077,366.91768607364867,"fa3_native","fifo","fifo",128,4,"1;1;1;1;1;1;1;1;1;1;1;1;1;1;1;1;1;1;1;1;1;1;1;1;1;1;1;1;1;1;1;1;1;1;1;1;1;1;1;1;1;1"
"4",4,"fa3_native_fifo",16,"case_000024",58,58,0,0.1371999979019165,0.13862719833850862,1482.389950598964,726.8263667998718,"fa3_native","fifo","fifo",128,57,"1;1;4;2;8;1;1;7;1;1;1;1;2;1;1;2;1;1;1;1;3;1;1;4;1;1;1;1;5;1;1;1;1;1;1;1;1;1;2;1;2;3;1;1;1;1;2;1;1;1;2;1;1;2;1;1;1;1"
"4",4,"fa3_native_fifo",16,"case_000025",38,36,2,0.22572800517082214,0.22853760421276093,1185.7580040254477,209.33654184486628,"fa3_native","fifo","fifo",128,1,"1;1;1;1;1;1;1;1;1;1;1;1;1;1;1;1;1;1;1;1;1;1;1;1;1;1;1;1;1;1;1;1;1;1;1;1;1;1"
"4",4,"fa3_native_fifo",16,"case_000026",34,34,0,0.10438399761915207,0.10939519703388216,1134.6096052779442,556.3225142217132,"fa3_native","fifo","fifo",128,57,"3;4;3;2;1;1;2;1;1;2;7;1;2;1;1;1;9;2;1;2;1;1;5;1;1;3;1;2;1;1;6;1;1;3"
"4",4,"fa3_native_fifo",16,"case_000027",35,35,0,0.10200000181794167,0.10314560234546662,1010.4481652065116,495.8205401826194,"fa3_native","fifo","fifo",128,57,"3;5;2;1;7;3;2;1;1;3;2;2;1;1;2;1;1;1;1;2;1;1;1;3;1;2;1;1;1;1;1;12;3;1;2"
"4",4,"fa3_native_fifo",16,"case_000028",38,37,1,0.31672000885009766,0.31870720386505125,884.6784512582385,174.71967180384516,"fa3_native","fifo","fifo",128,1,"1;1;1;1;1;1;1;1;1;1;1;1;1;1;1;1;1;1;1;1;1;1;1;1;1;1;1;1;1;1;1;1;1;1;1;1;1;1"
"4",4,"fa3_native_fifo",16,"case_000029",41,40,1,0.3830239921808243,0.3852671980857849,2196.2672372827797,180.5395416779899,"fa3_native","fifo","fifo",128,4,"1;1;1;1;1;1;1;1;1;1;1;1;1;1;1;1;1;1;1;1;1;1;1;1;1;1;1;1;1;1;1;1;1;1;1;1;1;1;1;1;1"
"4",4,"fa3_native_fifo",16,"case_000030",39,38,1,0.19753599911928177,0.20034880489110946,751.155510233863,354.1752810218321,"fa3_native","fifo","fifo",128,2,"2;2;1;1;2;1;2;2;2;2;1;1;1;1;1;1;1;2;1;2;1;1;2;2;1;1;2;1;1;2;1;2;1;1;1;1;2;2;1"
"4",4,"fa3_native_fifo",16,"case_000031",30,28,2,1.3375200033187866,1.3533247590065003,4227.95101624524,43.18392237624991,"fa3_native","fifo","fifo",128,1,"1;1;1;1;1;1;1;1;1;1;1;1;1;1;1;1;1;1;1;1;1;1;1;1;1;1;1;1;1;1"
"4",4,"fa3_native_fifo",16,"case_000032",30,30,0,0.10102400183677673,0.10273279994726181,1134.1391748182566,555.8884916352248,"fa3_native","fifo","fifo",128,57,"6;1;5;1;1;1;2;1;4;1;1;5;1;1;1;3;1;2;1;7;1;1;4;1;3;6;1;8;1;2"
"4",4,"fa3_native_fifo",16,"case_000033",30,30,0,0.08948800340294838,0.09183359891176224,762.5077571654911,374.69978907692604,"fa3_native","fifo","fifo",128,51,"3;5;5;1;1;1;3;3;1;1;3;7;1;1;4;2;1;1;2;2;3;5;3;1;2;2;2;5;1;1"
"4",4,"fa3_native_fifo",16,"case_000034",36,35,1,0.725167989730835,0.7319519817829132,3795.425789907792,81.60148384647296,"fa3_native","fifo","fifo",128,1,"1;1;1;1;1;1;1;1;1;1;1;1;1;1;1;1;1;1;1;1;1;1;1;1;1;1;1;1;1;1;1;1;1;1;1;1"
"4",4,"fa3_native_fifo",16,"case_000035",37,36,1,0.19574399292469025,0.1998304009437561,587.6303812207116,231.6272766410962,"fa3_native","fifo","fifo",128,3,"1;1;1;1;1;1;1;1;1;1;1;1;1;1;1;1;1;1;1;1;1;1;1;1;1;1;1;1;1;1;1;1;1;1;1;1;1"
"4",4,"fa3_native_fifo",16,"case_000036",35,35,0,0.12103999778628349,0.12252800166606903,1410.3094063617416,690.6818368223214,"fa3_native","fifo","fifo",128,57,"4;4;1;3;1;1;1;2;1;2;1;11;1;2;11;2;1;3;2;4;1;1;2;2;1;1;1;2;1;1;2;1;1;1;1"
"4",4,"fa3_native_fifo",16,"case_000037",37,35,2,0.20855999737977982,0.2195136070251465,2824.2204733797444,264.1307282896081,"fa3_native","fifo","fifo",128,4,"1;1;1;1;1;1;1;1;1;1;1;1;1;1;1;1;1;1;1;1;1;1;1;1;1;1;1;1;1;1;1;1;1;1;1;1;1"
"4",4,"fa3_native_fifo",16,"case_000038",28,28,0,0.09204800054430962,0.09373119845986366,854.5852200465089,419.4388989624476,"fa3_native","fifo","fifo",128,54,"1;1;2;4;5;1;3;1;4;5;2;1;1;1;6;2;6;1;3;1;1;2;4;5;7;1;2;1"
"4",4,"fa3_native_fifo",16,"case_000039",24,23,1,0.3476160019636154,0.35131520628929136,3044.444833764502,98.06867292481026,"fa3_native","fifo","fifo",128,1,"1;1;1;1;1;1;1;1;1;1;1;1;1;1;1;1;1;1;1;1;1;1;1;1"
"4",4,"fa3_native_fifo",16,"case_000040",38,38,0,0.09993600100278854,0.10174399986863136,922.1311723032484,452.9606102483218,"fa3_native","fifo","fifo",128,50,"4;4;1;1;1;1;1;3;5;2;3;3;2;1;1;4;1;1;1;2;2;4;1;1;2;4;1;3;1;1;3;1;1;4;1;3;1;3"
"4",4,"fa3_native_fifo",16,"case_000041",40,40,0,0.10911999642848969,0.11066560074687004,1014.5516062269202,497.99063213506855,"fa3_native","fifo","fifo",128,57,"3;3;2;2;2;1;1;1;1;3;1;2;1;2;1;1;1;3;1;1;1;2;3;9;2;3;2;1;3;1;1;2;2;2;3;1;1;1;1;1"
"4",4,"fa3_native_fifo",16,"case_000042",43,40,3,1.502240002155304,1.526681625843048,4083.8772039820556,46.026286013419536,"fa3_native","fifo","fifo",128,1,"1;1;1;1;1;1;1;1;1;1;1;1;1;1;1;1;1;1;1;1;1;1;1;1;1;1;1;1;1;1;1;1;1;1;1;1;1;1;1;1;1;1;1"
"4",4,"fa3_native_fifo",16,"case_000043",49,49,0,0.12564799934625626,0.12716799974441528,1435.844905471433,703.8665514783232,"fa3_native","fifo","fifo",128,57,"2;3;1;1;1;2;1;3;1;1;2;1;4;1;8;1;1;1;2;2;2;1;1;2;4;1;1;1;2;3;1;1;1;3;2;1;3;1;1;1;2;2;2;3;1;2;2;1;2"
"4",4,"fa3_native_fifo",16,"case_000044",32,31,1,0.2067519947886467,0.20897599756717683,985.0433308186078,207.98514686138023,"fa3_native","fifo","fifo",128,5,"1;1;1;1;1;1;1;1;1;1;1;1;1;1;1;1;1;1;1;1;1;1;1;1;1;1;1;1;1;1;1;1"
"4",4,"fa3_native_fifo",16,"case_000045",25,25,0,0.08430400118231773,0.08553920313715935,653.4678549463058,321.18276262407386,"fa3_native","fifo","fifo",128,53,"1;2;2;3;1;5;4;2;4;2;1;3;2;4;4;1;4;3;2;1;3;1;8;1;1"
"4",4,"fa3_native_fifo",16,"case_000046",35,33,2,0.3696320056915283,0.3737343907356262,2729.747438878574,167.36905637881534,"fa3_native","fifo","fifo",128,1,"1;1;1;1;1;1;1;1;1;1;1;1;1;1;1;1;1;1;1;1;1;1;1;1;1;1;1;1;1;1;1;1;1;1;1"
"4",4,"fa3_native_fifo",16,"case_000047",46,46,0,0.11563200131058693,0.12004799768328667,1229.1196406974875,602.9821434355497,"fa3_native","fifo","fifo",128,57,"3;1;1;4;1;1;1;1;1;2;1;3;1;2;5;1;3;1;5;2;1;1;1;2;1;1;2;2;1;2;2;1;1;1;2;4;1;5;1;1;2;1;1;1;1;1"
"4",4,"fa3_native_fifo",16,"case_000048",49,47,2,0.39635199308395386,0.3978048115968704,868.8192885334104,195.18392073182676,"fa3_native","fifo","fifo",128,1,"1;1;1;1;1;1;1;1;1;1;1;1;1;1;1;1;1;1;1;1;1;1;1;1;1;1;1;1;1;1;1;1;1;1;1;1;1;1;1;1;1;1;1;1;1;1;1;1;1"
"4",4,"fa3_native_fifo",16,"case_000049",49,49,0,0.12302399799227715,0.12403519824147224,1330.1202204327024,652.3022606129061,"fa3_native","fifo","fifo",128,57,"2;6;1;11;1;2;1;2;1;1;3;1;1;1;2;1;1;2;1;1;2;1;1;2;5;1;3;2;1;1;1;1;1;1;2;1;2;1;1;1;1;2;1;2;2;3;1;1;1"
"4",4,"fa3_native_fifo",16,"case_000050",37,37,0,0.10038399696350098,0.10318400263786316,910.7574441894534,447.3242086218872,"fa3_native","fifo","fifo",128,57,"4;9;1;3;1;2;2;1;3;1;2;1;1;3;1;3;4;1;1;1;1;1;1;2;8;2;2;1;1;2;1;1;3;4;1;1;1"
"4",4,"fa3_native_fifo",16,"case_000051",42,40,2,0.23531199991703033,0.23805759400129317,2734.1107759691313,267.06411922111164,"fa3_native","fifo","fifo",128,3,"1;1;1;1;1;1;1;1;1;1;1;1;1;1;1;1;1;1;1;1;1;1;1;1;1;1;1;1;1;1;1;1;1;1;1;1;1;1;1;1;1;1"
"4",4,"fa3_native_fifo",16,"case_000052",36,36,0,0.10201600193977356,0.10352319851517677,1002.2582896001203,491.8908312994351,"fa3_native","fifo","fifo",128,57,"1;3;2;1;7;2;2;4;1;1;5;1;1;2;1;1;2;1;2;1;3;2;3;4;1;4;4;1;1;1;1;3;2;1;1;1"
"4",4,"fa3_native_fifo",16,"case_000053",22,22,0,0.07804799824953079,0.07990079745650291,604.0550524982033,296.95121617214994,"fa3_native","fifo","fifo",128,57,"7;2;4;2;2;3;1;2;1;6;4;10;2;4;1;3;1;1;1;1;2;1"
"4",4,"fa3_native_fifo",16,"case_000054",22,22,0,0.0793440006673336,0.08068800270557404,646.6806705037338,317.7317980939566,"fa3_native","fifo","fifo",128,57,"7;2;4;2;2;3;1;2;1;6;4;10;2;4;1;3;1;1;1;2;1;6"
"4",4,"fa3_native_fifo",16,"case_000055",22,21,1,0.16048000007867813,0.1630784034729004,482.94208550600086,155.51425715207148,"fa3_native","fifo","fifo",128,5,"1;1;1;1;1;1;1;1;1;1;1;1;1;1;1;1;1;1;1;1;1;1"
"4",4,"fa3_native_fifo",16,"case_000056",41,41,0,0.10715200006961823,0.1095391996204853,1193.7726855018261,585.6150511351213,"fa3_native","fifo","fifo",128,57,"1;3;1;1;1;1;1;1;1;2;1;1;2;3;2;7;1;3;3;1;1;1;1;2;3;5;1;1;4;1;3;3;1;1;6;2;2;1;1;1;1"
"4",4,"fa3_native_fifo",16,"case_000057",38,37,1,0.8942240178585052,0.8996192038059234,4305.672987997545,67.66368917813395,"fa3_native","fifo","fifo",128,1,"1;1;1;1;1;1;1;1;1;1;1;1;1;1;1;1;1;1;1;1;1;1;1;1;1;1;1;1;1;1;1;1;1;1;1;1;1;1"
"4",4,"fa3_native_fifo",16,"case_000058",22,22,0,0.08694399893283844,0.0891295999288559,877.379190746979,430.2053788541894,"fa3_native","fifo","fifo",128,57,"1;12;4;2;7;10;1;3;1;1;2;1;1;2;1;9;1;2;3;2;1;1"
"4",4,"fa3_native_fifo",16,"case_000059",28,28,0,0.09655999764800072,0.09907840117812157,1009.3277249993588,494.89578670251177,"fa3_native","fifo","fifo",128,57,"9;1;5;8;1;1;2;1;1;1;7;1;2;2;2;1;1;1;3;1;1;2;2;1;4;5;1;4"
"4",4,"fa3_native_fifo",16,"case_000060",36,36,0,0.10468799993395805,0.10599680170416832,1044.7873728125458,512.5930004762021,"fa3_native","fifo","fifo",128,57,"9;7;3;1;1;2;2;3;1;2;1;4;1;2;3;3;1;3;1;1;2;2;1;3;2;1;1;1;1;1;3;2;1;3;1;2"
"4",4,"fa3_native_fifo",16,"case_000061",39,36,3,0.8374879956245422,0.841648006439209,3671.691182471068,71.94039355163555,"fa3_native","fifo","fifo",128,1,"1;1;1;1;1;1;1;1;1;1;1;1;1;1;1;1;1;1;1;1;1;1;1;1;1;1;1;1;1;1;1;1;1;1;1;1;1;1;1"
"4",4,"fa3_native_fifo",16,"case_000062",41,39,2,0.29715201258659363,0.3444991946220402,2038.7678137076582,209.4197628288504,"fa3_native","fifo","fifo",128,1,"1;1;1;1;1;1;1;1;1;1;1;1;1;1;1;1;1;1;1;1;1;1;1;1;1;1;1;1;1;1;1;1;1;1;1;1;1;1;1;1;1"
"4",4,"fa3_native_fifo",16,"case_000063",33,31,2,0.2375039979815483,0.2400384023785591,957.7821692823575,195.82700247266297,"fa3_native","fifo","fifo",128,3,"1;1;1;1;1;1;1;1;1;1;1;1;1;1;1;1;1;1;1;1;1;1;1;1;1;1;1;1;1;1;1;1;1"
"4",4,"fa3_native_fifo",16,"case_000064",33,33,0,0.09975999966263771,0.1012608028948307,1034.6870488879752,507.56824550154755,"fa3_native","fifo","fifo",128,57,"1;4;1;1;3;1;1;1;4;2;3;1;2;1;8;5;1;1;3;4;1;3;2;1;2;1;2;1;3;7;1;1;3"
"4",4,"fa3_native_fifo",16,"case_000065",34,34,0,0.09323200210928917,0.09453439712524414,829.3531688117207,407.54830037286325,"fa3_native","fifo","fifo",128,57,"1;2;1;3;3;2;1;5;2;2;1;1;5;2;1;2;1;2;5;13;1;1;1;1;5;3;1;1;1;1;1;1;2;1"
"4",4,"fa3_native_fifo",16,"case_000066",54,54,0,0.12625599652528763,0.12803839892148972,1394.1931028736853,683.7967492712982,"fa3_native","fifo","fifo",128,57,"3;5;2;1;1;2;1;1;1;2;1;1;10;2;1;1;1;1;1;5;1;1;5;2;1;1;1;1;1;2;1;1;1;1;1;2;1;2;3;1;1;2;1;1;1;2;1;1;1;1;1;1;1;2"
"4",4,"fa3_native_fifo",16,"case_000067",37,37,0,0.10700800269842148,0.10821759700775146,1187.015625569411,582.0538130735412,"fa3_native","fifo","fifo",128,57,"7;3;1;1;13;1;1;2;7;1;1;1;3;1;1;2;2;1;2;1;1;3;1;1;1;1;1;2;2;1;2;1;1;3;2;2;1"
"4",4,"fa3_native_fifo",16,"case_000068",33,33,0,0.09299200028181076,0.0957919992506504,867.657115058122,426.18169175732766,"fa3_native","fifo","fifo",128,57,"10;1;2;1;3;1;1;1;1;1;1;1;1;1;5;3;3;1;2;3;1;4;1;1;3;1;4;1;1;2;2;4;6"
"4",4,"fa3_native_fifo",16,"case_000069",34,33,1,0.20828799903392792,0.2102879986166954,1591.0027617194623,240.8707954020325,"fa3_native","fifo","fifo",128,5,"1;1;1;1;1;1;1;1;1;1;1;1;1;1;1;1;1;1;1;1;1;1;1;1;1;1;1;1;1;1;1;1;1;1"
"4",4,"fa3_native_fifo",16,"case_000070",34,33,1,0.22072000056505203,0.2255103960633278,1118.7397793759235,176.989343512105,"fa3_native","fifo","fifo",128,1,"1;1;1;1;1;1;1;1;1;1;1;1;1;1;1;1;1;1;1;1;1;1;1;1;1;1;1;1;1;1;1;1;1;1"
"4",4,"fa3_native_fifo",16,"case_000071",28,28,0,0.09419200196862221,0.09553279727697372,1066.791245242601,523.0059343723342,"fa3_native","fifo","fifo",128,57,"1;1;1;1;4;1;1;2;1;1;3;2;7;10;2;1;1;2;1;1;3;5;10;5;1;1;3;1"
"4",4,"fa3_native_fifo",16,"case_000072",36,34,2,0.2558880001306534,0.2605215936899185,1200.774682310678,187.4164946207458,"fa3_native","fifo","fifo",128,1,"1;1;1;1;1;1;1;1;1;1;1;1;1;1;1;1;1;1;1;1;1;1;1;1;1;1;1;1;1;1;1;1;1;1;1;1"
"4",4,"fa3_native_fifo",16,"case_000073",34,33,1,0.40116800367832184,0.4039840042591095,3411.67734597663,129.64607227675194,"fa3_native","fifo","fifo",128,1,"1;1;1;1;1;1;1;1;1;1;1;1;1;1;1;1;1;1;1;1;1;1;1;1;1;1;1;1;1;1;1;1;1;1"
"4",4,"fa3_native_fifo",16,"case_000074",33,33,0,0.09291199967265129,0.09436160176992417,823.2332262515534,404.4925104659258,"fa3_native","fifo","fifo",128,57,"13;5;2;3;1;2;5;1;1;2;1;2;1;1;1;2;2;1;1;6;2;2;2;1;6;1;1;1;1;1;1;1;1"
"4",4,"fa3_native_fifo",16,"case_000075",34,33,1,0.21543999761343002,0.21825279891490937,689.6103550585005,271.6488704433208,"fa3_native","fifo","fifo",128,5,"1;1;1;1;1;1;1;1;1;1;1;1;1;1;1;1;1;1;1;1;1;1;1;1;1;1;1;1;1;1;1;1;1;1"
"4",4,"fa3_native_fifo",16,"case_000076",39,36,3,0.8065600097179413,0.8104768216609954,2804.6156700765096,80.25169512512241,"fa3_native","fifo","fifo",128,1,"1;1;1;1;1;1;1;1;1;1;1;1;1;1;1;1;1;1;1;1;1;1;1;1;1;1;1;1;1;1;1;1;1;1;1;1;1;1;1"
"4",4,"fa3_native_fifo",16,"case_000077",40,40,0,0.12348800152540207,0.12457920238375664,1459.4390656725238,714.9178455352976,"fa3_native","fifo","fifo",128,57,"1;5;1;9;2;1;4;6;4;1;1;1;2;1;2;2;3;1;2;1;2;4;2;1;1;1;1;1;1;1;1;1;1;3;2;1;1;4;1;1"
"4",4,"fa3_native_fifo",16,"case_000078",42,41,1,0.37172800302505493,0.37479359209537505,3038.2792449345716,185.46515581004851,"fa3_native","fifo","fifo",128,1,"1;1;1;1;1;1;1;1;1;1;1;1;1;1;1;1;1;1;1;1;1;1;1;1;1;1;1;1;1;1;1;1;1;1;1;1;1;1;1;1;1;1"
"4",4,"fa3_native_fifo",16,"case_000079",36,35,1,0.1518239974975586,0.15265920013189316,2028.7994668889753,280.3338648798548,"fa3_native","fifo","fifo",128,5,"1;1;1;1;2;2;1;1;1;1;2;1;1;1;1;2;1;1;2;1;1;1;1;1;2;1;1;1;1;1;1;1;1;1;1;2"
"4",4,"fa3_native_fifo",16,"case_000080",34,32,2,0.3816960006952286,0.38538559079170226,926.1276441883845,145.73843031805018,"fa3_native","fifo","fifo",128,1,"1;1;1;1;1;1;1;1;1;1;1;1;1;1;1;1;1;1;1;1;1;1;1;1;1;1;1;1;1;1;1;1;1;1"
"4",4,"fa3_native_fifo",16,"case_000081",35,35,0,0.1096160002052784,0.11175360009074212,1236.4610900797443,606.0090486388797,"fa3_native","fifo","fifo",128,57,"2;1;1;1;7;1;3;4;1;1;1;2;1;1;2;1;2;7;2;4;2;3;2;5;3;2;1;1;2;1;2;2;1;1;1"
"4",4,"fa3_native_fifo",16,"case_000082",33,31,2,0.6941120028495789,0.7013375997543335,3433.095875629758,92.83500031041005,"fa3_native","fifo","fifo",128,1,"1;1;1;1;1;1;1;1;1;1;1;1;1;1;1;1;1;1;1;1;1;1;1;1;1;1;1;1;1;1;1;1;1"
"4",4,"fa3_native_fifo",16,"case_000083",30,30,0,0.09876799955964088,0.10065919756889344,1027.8524873301496,504.0388812364138,"fa3_native","fifo","fifo",128,57,"2;2;1;2;10;2;5;2;3;2;1;2;1;1;1;1;1;1;2;1;3;1;2;2;12;1;1;5;2;2"
"4",4,"fa3_native_fifo",16,"case_000084",24,23,1,0.3320799916982651,0.3339071959257126,1732.7882239013145,147.51684300363084,"fa3_native","fifo","fifo",128,1,"1;1;1;1;1;1;1;1;1;1;1;1;1;1;1;1;1;1;1;1;1;1;1;1"
"4",4,"fa3_native_fifo",16,"case_000085",44,44,0,0.12038400024175644,0.12245120108127594,1383.4550275247611,678.1116413814307,"fa3_native","fifo","fifo",128,57,"7;1;1;1;4;1;1;4;1;1;1;1;2;1;2;1;5;1;2;1;2;1;5;1;1;5;1;6;1;1;1;1;1;3;1;1;2;2;1;1;1;1;1;1"
"4",4,"fa3_native_fifo",16,"case_000086",35,35,0,0.10755199939012527,0.10844799876213074,1208.9561603811349,592.6224371599361,"fa3_native","fifo","fifo",128,57,"9;1;1;1;1;1;1;1;1;2;2;2;5;2;4;1;2;3;4;1;4;1;5;1;1;1;1;1;7;2;1;2;3;1;1"
"4",4,"fa3_native_fifo",16,"case_000087",35,35,0,0.10424000024795532,0.10512960255146027,1139.6989517018953,558.8788935286167,"fa3_native","fifo","fifo",128,57,"2;5;8;1;3;5;1;6;1;1;2;5;3;2;1;1;1;1;1;1;1;1;2;1;2;2;2;1;1;2;7;1;1;1;1"
"4",4,"fa3_native_fifo",16,"case_000088",38,38,0,0.11011200025677681,0.11198720261454582,1201.3100163790637,589.0287693325984,"fa3_native","fifo","fifo",128,57,"7;2;2;1;1;1;2;3;1;1;1;1;5;13;4;1;3;1;1;1;2;2;1;1;2;2;1;1;1;1;1;2;4;2;1;2;1;1"
"4",4,"fa3_native_fifo",16,"case_000089",40,39,1,0.5063679814338684,0.5077312052249908,3888.046605650406,153.43807438217164,"fa3_native","fifo","fifo",128,1,"1;1;1;1;1;1;1;1;1;1;1;1;1;1;1;1;1;1;1;1;1;1;1;1;1;1;1;1;1;1;1;1;1;1;1;1;1;1;1;1"
"4",4,"fa3_native_fifo",16,"case_000090",42,41,1,0.42056000232696533,0.42355520725250245,3387.153716697286,188.6414294298981,"fa3_native","fifo","fifo",128,1,"1;1;1;1;1;1;1;1;1;1;1;1;1;1;1;1;1;1;1;1;1;1;1;1;1;1;1;1;1;1;1;1;1;1;1;1;1;1;1;1;1;1"
"4",4,"fa3_native_fifo",16,"case_000091",43,43,0,0.12161600217223167,0.12342720106244087,1411.0641610877,691.5079471277179,"fa3_native","fifo","fifo",128,57,"5;1;3;1;1;3;1;2;2;2;1;1;1;2;6;1;2;5;1;2;3;1;2;1;1;2;1;2;1;1;3;1;2;1;2;1;2;1;2;1;3;3;2"
"4",4,"fa3_native_fifo",16,"case_000092",31,31,0,0.10014400258660316,0.1018752008676529,1000.6294114452069,490.78765308482883,"fa3_native","fifo","fifo",128,57,"9;3;2;1;1;3;5;3;1;2;5;3;3;1;2;3;1;4;1;1;2;1;2;3;1;3;3;1;1;2;1"
"4",4,"fa3_native_fifo",16,"case_000093",31,31,0,0.09673599898815155,0.09824320301413536,974.4510111850474,478.08270430602096,"fa3_native","fifo","fifo",128,57,"9;3;1;1;3;2;5;3;3;1;2;4;1;5;1;1;3;1;2;3;1;3;3;1;1;2;1;2;1;3;3"
"4",4,"fa3_native_fifo",16,"case_000094",22,22,0,0.0833280012011528,0.08477119728922844,802.8034047104268,393.8694259660935,"fa3_native","fifo","fifo",128,57,"4;1;3;3;4;4;1;3;4;3;1;2;7;11;2;1;2;2;1;1;5;3"
"4",4,"fa3_native_fifo",16,"case_000095",35,35,0,0.09913600236177444,0.10023040324449539,908.2397201313613,445.9844955080416,"fa3_native","fifo","fifo",128,51,"1;5;2;1;4;1;2;3;2;2;1;3;5;1;3;2;4;1;4;1;2;5;2;3;1;1;2;1;1;3;1;1;1;1;3"
"4",4,"fa3_native_fifo",16,"case_000096",23,23,0,0.07736000046133995,0.08670720160007479,589.5139373323897,289.960701476597,"fa3_native","fifo","fifo",128,57,"1;1;8;1;2;4;3;2;1;13;2;3;2;1;5;1;1;6;2;1;2;4;1"
"4",4,"fa3_native_fifo",16,"case_000097",30,29,1,0.09547199681401253,0.09662079811096191,939.7571113002177,457.07392173864366,"fa3_native","fifo","fifo",128,15,"2;2;7;1;1;1;2;1;1;1;1;5;4;1;4;2;1;1;2;1;2;4;1;2;1;5;1;2;13;1"
"4",4,"fa3_native_fifo",16,"case_000098",45,43,2,0.9676640033721924,0.9758368134498596,3916.726723763666,85.90525607061019,"fa3_native","fifo","fifo",128,1,"1;1;1;1;1;1;1;1;1;1;1;1;1;1;1;1;1;1;1;1;1;1;1;1;1;1;1;1;1;1;1;1;1;1;1;1;1;1;1;1;1;1;1;1;1"
"4",4,"fa3_native_fifo",16,"case_000099",7,7,0,0.06963200122117996,0.07898880243301393,777.0672804897318,380.141537450867,"fa3_native","fifo","fifo",128,57,"1;34;11;2;4;3;6"
"4",4,"critical_wave_auto_lpt",16,"case_000000",23,22,1,0.21646399796009064,0.2211136057972908,1207.7462867899187,212.82814894924852,"critical_wave","fifo","fifo_critical_wave",176,1,"1;1;1;1;1;1;1;1;1;1;1;1;1;1;1;1;1;1;1;1;1;1;1"
"4",4,"critical_wave_auto_lpt",16,"case_000001",39,38,1,0.4166720062494278,0.42240321040153506,3331.9589553249634,147.9674349975237,"critical_wave","fifo","fifo_critical_wave",176,1,"1;1;1;1;1;1;1;1;1;1;1;1;1;1;1;1;1;1;1;1;1;1;1;1;1;1;1;1;1;1;1;1;1;1;1;1;1;1;1"
"4",4,"critical_wave_auto_lpt",16,"case_000002",45,45,0,0.1531360000371933,0.1561567962169647,1196.5292886029224,586.3303728593697,"critical_wave","release_lpt","release_lpt_critical_wave",128,3,"3;2;1;1;1;1;1;1;1;1;1;1;1;1;1;1;1;1;1;3;1;1;1;1;1;1;1;1;1;1;1;1;1;1;1;1;1;1;1;1;1;1;1;1;1"
"4",4,"critical_wave_auto_lpt",16,"case_000003",41,40,1,0.2847839891910553,0.29153919219970703,3387.9391363982763,313.006810014865,"critical_wave","fifo","fifo_critical_wave",128,2,"2;1;1;2;1;1;1;1;1;1;1;1;1;1;1;1;1;1;1;1;1;1;1;1;1;1;1;1;1;1;1;1;1;1;1;1;1;1;1;1;1"
"4",4,"critical_wave_auto_lpt",16,"case_000004",27,25,2,0.4606720060110092,0.4665311902761459,3003.180275345269,101.47540851197898,"critical_wave","fifo","fifo_critical_wave",176,1,"1;1;1;1;1;1;1;1;1;1;1;1;1;1;1;1;1;1;1;1;1;1;1;1;1;1;1"
"4",4,"critical_wave_auto_lpt",16,"case_000005",35,35,0,0.1351199969649315,0.1400511935353279,972.3006930062108,476.596339894187,"critical_wave","release_lpt","release_lpt_critical_wave",128,3,"1;1;1;1;1;1;1;1;1;1;1;1;1;1;1;1;1;1;1;1;1;1;1;1;1;1;2;1;1;3;1;2;1;1;1"
"4",4,"critical_wave_auto_lpt",16,"case_000006",33,32,1,0.12862399965524673,0.13219840079545975,1646.8009060186278,379.22229234620386,"critical_wave","fifo","fifo_critical_wave",128,4,"1;3;1;2;2;2;1;2;1;1;1;2;3;4;1;1;1;1;3;1;2;1;1;1;1;1;1;1;1;1;1;1;1"
"4",4,"critical_wave_auto_lpt",16,"case_000007",34,34,0,0.10529599711298943,0.1061152033507824,749.8375188116248,368.4254773557234,"critical_wave","release_lpt","release_lpt_critical_wave",128,2,"1;1;1;1;2;1;1;1;1;2;1;1;1;1;1;1;1;1;1;1;1;1;1;1;1;1;1;1;1;1;2;1;1;1"
"4",4,"critical_wave_auto_lpt",16,"case_000008",32,32,0,0.11201600357890129,0.11947199627757074,836.4685829020989,410.46134954827295,"critical_wave","release_lpt","release_lpt_critical_wave",128,3,"1;1;1;1;2;1;1;1;1;1;1;3;2;1;1;1;1;1;1;1;1;1;1;1;1;1;1;1;1;1;1;1"
"4",4,"critical_wave_auto_lpt",16,"case_000009",37,37,0,0.13080000132322311,0.13229439407587051,1080.222662099575,529.4620129923825,"critical_wave","release_lpt","release_lpt_critical_wave",128,4,"1;1;1;1;1;1;2;4;1;1;1;1;1;1;1;1;1;1;1;1;1;1;1;1;1;1;1;1;1;1;1;1;1;1;1;1;1"
"4",4,"critical_wave_auto_lpt",16,"case_000010",29,27,2,0.3429439961910248,0.34608960449695586,1714.6589243348574,140.37921215913076,"critical_wave","fifo","fifo_critical_wave",176,1,"1;1;1;1;1;1;1;1;1;1;1;1;1;1;1;1;1;1;1;1;1;1;1;1;1;1;1;1;1"
"4",4,"critical_wave_auto_lpt",16,"case_000011",30,30,0,0.09942399710416794,0.10086720064282417,1019.7076009907262,500.0476489384255,"critical_wave","release_lpt","release_lpt_critical_wave",128,9,"2;1;1;1;1;1;2;1;6;9;1;6;1;1;3;3;2;1;6;3;6;1;2;1;2;2;4;1;3;2"
"4",4,"critical_wave_auto_lpt",16,"case_000012",31,29,2,0.23424000293016434,0.23786559998989104,1165.2926805050415,211.62786620515527,"critical_wave","fifo","fifo_critical_wave",128,3,"1;1;1;1;1;3;1;1;1;1;1;1;1;1;1;1;1;1;1;1;1;1;1;1;1;1;1;1;1;1;1"
"4",4,"critical_wave_auto_lpt",16,"case_000013",38,38,0,0.10612800344824791,0.1280736058950424,1022.6920626555125,501.9050040451824,"critical_wave","release_lpt","release_lpt_critical_wave",128,7,"1;2;1;1;1;1;2;4;2;3;2;1;1;1;2;7;1;7;5;1;1;1;2;1;2;1;5;1;2;1;1;2;4;3;1;3;1;1"
"4",4,"critical_wave_auto_lpt",16,"case_000014",26,26,0,0.10635199770331383,0.11420159712433815,1306.6899635273128,639.7689321249104,"critical_wave","release_lpt","release_lpt_critical_wave",128,12,"1;1;3;6;1;7;1;4;12;1;3;1;1;1;2;2;3;2;1;5;3;1;1;4;2;1"
"4",4,"critical_wave_auto_lpt",16,"case_000015",44,44,0,0.11710399761795998,0.11820799857378006,1389.5261952273793,681.148804673826,"critical_wave","release_lpt","release_lpt_critical_wave",128,12,"2;1;2;1;1;12;1;1;12;4;2;1;1;1;1;1;3;3;1;1;1;3;1;1;1;1;1;1;1;1;2;1;2;1;1;1;4;2;1;3;1;1;2;1"
"4",4,"critical_wave_auto_lpt",16,"case_000016",30,29,1,0.21935999393463135,0.23672640323638916,1201.343389016186,214.90416349139758,"critical_wave","fifo","fifo_critical_wave",176,1,"1;1;1;1;1;1;1;1;1;1;1;1;1;1;1;1;1;1;1;1;1;1;1;1;1;1;1;1;1;1"
"4",4,"critical_wave_auto_lpt",16,"case_000017",32,32,0,0.12043200060725212,0.12240000069141388,778.1627233248558,381.84987186230285,"critical_wave","release_lpt","release_lpt_critical_wave",128,2,"1;1;1;1;1;1;1;1;1;1;2;1;2;1;1;1;1;1;1;1;1;1;1;1;1;1;1;1;1;1;1;1"
"4",4,"critical_wave_auto_lpt",16,"case_000018",33,32,1,0.16086400300264359,0.1853695958852768,679.5766604801167,251.01093623373546,"critical_wave","fifo","fifo_critical_wave",176,1,"1;1;1;1;1;1;1;1;1;1;1;1;1;1;1;1;1;1;1;1;1;1;1;1;1;1;1;1;1;1;1;1;1"
"4",4,"critical_wave_auto_lpt",16,"case_000019",46,44,2,0.7851200103759766,0.7895071923732757,3423.2365874879983,101.40533797103703,"critical_wave","fifo","fifo_critical_wave",176,1,"1;1;1;1;1;1;1;1;1;1;1;1;1;1;1;1;1;1;1;1;1;1;1;1;1;1;1;1;1;1;1;1;1;1;1;1;1;1;1;1;1;1;1;1;1;1"
"4",4,"critical_wave_auto_lpt",16,"case_000020",39,38,1,0.24113599956035614,0.24346879869699478,1285.107432506924,289.6354593562822,"critical_wave","fifo","fifo_critical_wave",128,3,"1;1;1;1;1;1;1;1;1;1;1;3;1;1;1;1;1;1;1;1;1;1;3;1;1;1;1;1;1;1;1;1;1;1;1;1;1;1;1"
"4",4,"critical_wave_auto_lpt",16,"case_000021",29,29,0,0.11264000087976456,0.11447039991617203,920.4072655385148,451.24658738467014,"critical_wave","release_lpt","release_lpt_critical_wave",128,3,"1;1;1;1;1;1;1;1;1;1;1;2;1;1;1;1;1;1;1;1;1;1;1;1;3;1;1;1;1"
"4",4,"critical_wave_auto_lpt",16,"case_000022",41,41,0,0.10580800101161003,0.10701120272278786,921.4866435412716,452.69740985602937,"critical_wave","release_lpt","release_lpt_critical_wave",128,2,"1;1;1;2;1;1;1;1;1;1;1;1;1;1;2;1;1;1;1;2;1;1;1;1;1;1;1;1;1;1;1;1;1;1;1;1;1;1;1;1;1"
"4",4,"critical_wave_auto_lpt",16,"case_000023",42,41,1,0.1318719983100891,0.18062720447778738,1318.454310513758,376.44455711718757,"critical_wave","fifo","fifo_critical_wave",176,1,"1;1;1;1;1;1;1;1;1;1;1;1;1;1;1;1;1;1;1;1;1;1;1;1;1;1;1;1;1;1;1;1;1;1;1;1;1;1;1;1;1;1"
"4",4,"critical_wave_auto_lpt",16,"case_000024",58,58,0,0.13299200683832169,0.13863680362701417,1529.2941504315647,749.823830549683,"critical_wave","release_lpt","release_lpt_critical_wave",128,8,"1;1;4;2;8;1;1;7;1;1;1;1;2;1;1;2;1;1;1;1;3;1;1;4;1;1;1;1;5;1;1;1;1;1;1;1;1;1;2;1;2;3;1;1;1;1;2;1;1;1;2;1;1;2;1;1;1;1"
"4",4,"critical_wave_auto_lpt",16,"case_000025",38,36,2,0.23652800172567368,0.2392704039812088,1131.6156518940702,199.7781220627078,"critical_wave","fifo","fifo_critical_wave",176,1,"1;1;1;1;1;1;1;1;1;1;1;1;1;1;1;1;1;1;1;1;1;1;1;1;1;1;1;1;1;1;1;1;1;1;1;1;1;1"
"4",4,"critical_wave_auto_lpt",16,"case_000026",34,34,0,0.10446399822831154,0.10734399780631065,1133.740698658249,555.8964713669337,"critical_wave","release_lpt","release_lpt_critical_wave",128,9,"3;4;3;2;1;1;2;1;1;2;7;1;2;1;1;1;9;2;1;2;1;1;5;1;1;3;1;2;1;1;6;1;1;3"
"4",4,"critical_wave_auto_lpt",16,"case_000027",35,35,0,0.10825599730014801,0.1110560029745102,952.0554727535551,467.1676143704128,"critical_wave","release_lpt","release_lpt_critical_wave",128,4,"1;2;1;1;2;1;1;1;1;1;1;1;1;1;1;1;1;1;1;1;1;1;1;1;1;1;1;1;1;1;1;4;1;1;1"
"4",4,"critical_wave_auto_lpt",16,"case_000028",38,37,1,0.23286400735378265,0.239971199631691,1203.2575153888354,237.63748047128632,"critical_wave","fifo","fifo_critical_wave",128,3,"1;1;1;1;1;1;1;1;1;1;1;1;1;1;1;1;1;1;1;1;1;1;1;1;1;1;1;1;1;1;1;3;1;1;1;1;1;1"
"4",4,"critical_wave_auto_lpt",16,"case_000029",41,40,1,0.29791998863220215,0.29949440658092497,2823.6542602669538,232.11257598888577,"critical_wave","fifo","fifo_critical_wave",128,2,"1;1;1;1;1;1;1;1;1;1;1;1;1;1;1;2;1;1;1;1;1;1;1;1;1;1;1;1;1;1;1;1;1;2;1;1;1;1;1;1;1"
"4",4,"critical_wave_auto_lpt",16,"case_000030",39,38,1,0.14694400131702423,0.14846080541610718,1009.7741512283793,476.11584939122315,"critical_wave","fifo","fifo_critical_wave",128,4,"1;2;1;1;1;1;4;1;1;1;1;1;1;1;1;1;1;1;1;1;1;1;3;1;1;1;1;1;1;1;1;1;1;1;1;1;1;2;1"
"4",4,"critical_wave_auto_lpt",16,"case_000031",30,28,2,1.3630719780921936,1.3709280014038085,4148.694381638529,42.37440203329699,"critical_wave","fifo","fifo_critical_wave",176,1,"1;1;1;1;1;1;1;1;1;1;1;1;1;1;1;1;1;1;1;1;1;1;1;1;1;1;1;1;1;1"
"4",4,"critical_wave_auto_lpt",16,"case_000032",30,30,0,0.10076799988746643,0.10263679921627045,1137.0204649090283,557.3007310129708,"critical_wave","release_lpt","release_lpt_critical_wave",128,8,"6;1;5;1;1;1;2;1;4;1;1;5;1;1;1;3;1;2;1;7;1;1;4;1;3;6;1;8;1;2"
"4",4,"critical_wave_auto_lpt",16,"case_000033",30,30,0,0.0992479994893074,0.10179200023412704,687.5231452433599,337.85200883180033,"critical_wave","release_lpt","release_lpt_critical_wave",128,2,"1;1;1;1;1;1;1;1;1;1;1;2;1;1;1;1;1;1;1;1;1;2;1;1;1;1;1;1;1;1"
"4",4,"critical_wave_auto_lpt",16,"case_000034",36,35,1,0.7176479995250702,0.7192000150680542,3835.1967706472383,82.45655814432853,"critical_wave","fifo","fifo_critical_wave",176,1,"1;1;1;1;1;1;1;1;1;1;1;1;1;1;1;1;1;1;1;1;1;1;1;1;1;1;1;1;1;1;1;1;1;1;1;1"
"4",4,"critical_wave_auto_lpt",16,"case_000035",37,36,1,0.19329600036144257,0.19555199891328812,595.072412098106,234.56071473398194,"critical_wave","fifo","fifo_critical_wave",176,1,"1;1;1;1;1;1;1;1;1;1;1;1;1;1;1;1;1;1;1;1;1;1;1;1;1;1;1;1;1;1;1;1;1;1;1;1;1"
"4",4,"critical_wave_auto_lpt",16,"case_000036",35,35,0,0.11548800021409988,0.123286397010088,1478.1089559741015,723.8858396111815,"critical_wave","release_lpt","release_lpt_critical_wave",128,11,"4;4;1;3;1;1;1;2;1;2;1;11;1;2;11;2;1;3;2;4;1;1;2;2;1;1;1;2;1;1;2;1;1;1;1"
"4",4,"critical_wave_auto_lpt",16,"case_000037",37,35,2,0.2016799971461296,0.2044352024793625,2920.5643735765184,273.14113833552864,"critical_wave","fifo","fifo_critical_wave",176,1,"1;1;1;1;1;1;1;1;1;1;1;1;1;1;1;1;1;1;1;1;1;1;1;1;1;1;1;1;1;1;1;1;1;1;1;1;1"
"4",4,"critical_wave_auto_lpt",16,"case_000038",28,28,0,0.126303993165493,0.12753599584102632,622.8058102401402,305.67926660412246,"critical_wave","fifo","fifo_critical_wave",176,1,"1;1;1;1;1;1;1;1;1;1;1;1;1;1;1;1;1;1;1;1;1;1;1;1;1;1;1;1"
"4",4,"critical_wave_auto_lpt",16,"case_000039",24,23,1,0.3600800037384033,0.36351999044418337,2939.062792503327,94.67407144542918,"critical_wave","fifo","fifo_critical_wave",176,1,"1;1;1;1;1;1;1;1;1;1;1;1;1;1;1;1;1;1;1;1;1;1;1;1"
"4",4,"critical_wave_auto_lpt",16,"case_000040",38,38,0,0.10584000125527382,0.10704320296645164,870.6925611020637,427.6934189637911,"critical_wave","release_lpt","release_lpt_critical_wave",128,2,"1;1;1;1;1;1;1;1;2;1;1;1;1;1;1;1;1;1;1;1;1;1;1;1;1;1;1;1;1;1;1;1;1;2;1;1;1;1"
"4",4,"critical_wave_auto_lpt",16,"case_000041",40,40,0,0.10976000130176544,0.11116799712181091,1008.6358084456338,495.08687459468854,"critical_wave","release_lpt","release_lpt_critical_wave",128,3,"1;1;1;1;1;1;1;1;1;1;1;1;1;1;1;1;1;1;1;1;1;1;1;3;1;1;1;1;1;1;1;1;1;1;1;1;1;1;1;1"
"4",4,"critical_wave_auto_lpt",16,"case_000042",43,40,3,1.5625759959220886,1.5662655591964723,3926.1858083847683,44.2490657609254,"critical_wave","fifo","fifo_critical_wave",176,1,"1;1;1;1;1;1;1;1;1;1;1;1;1;1;1;1;1;1;1;1;1;1;1;1;1;1;1;1;1;1;1;1;1;1;1;1;1;1;1;1;1;1;1"
"4",4,"critical_wave_auto_lpt",16,"case_000043",49,49,0,0.1531039997935295,0.1572544038295746,1178.35614998495,577.6428056697813,"critical_wave","release_lpt","release_lpt_critical_wave",128,3,"1;1;1;1;1;1;1;1;1;1;1;1;1;1;3;1;1;1;1;1;1;1;1;1;1;1;1;1;1;1;1;1;1;1;1;1;1;1;1;1;1;1;1;1;1;1;1;1;1"
"4",4,"critical_wave_auto_lpt",16,"case_000044",32,31,1,0.19220799952745438,0.19501439481973648,1059.5795913838117,223.7229673360074,"critical_wave","fifo","fifo_critical_wave",176,1,"1;1;1;1;1;1;1;1;1;1;1;1;1;1;1;1;1;1;1;1;1;1;1;1;1;1;1;1;1;1;1;1"
"4",4,"critical_wave_auto_lpt",16,"case_000045",25,25,0,0.08630400151014328,0.08790719881653786,638.3244560163911,313.739705299964,"critical_wave","release_lpt","release_lpt_critical_wave",128,2,"1;1;1;1;1;2;1;1;1;1;1;1;1;1;1;1;1;1;1;1;1;1;2;1;1"
"4",4,"critical_wave_auto_lpt",16,"case_000046",35,33,2,0.3776639997959137,0.38177280128002167,2671.6923546042403,163.80952389804503,"critical_wave","fifo","fifo_critical_wave",176,1,"1;1;1;1;1;1;1;1;1;1;1;1;1;1;1;1;1;1;1;1;1;1;1;1;1;1;1;1;1;1;1;1;1;1;1"
"4",4,"critical_wave_auto_lpt",16,"case_000047",46,46,0,0.1138560026884079,0.11533119902014732,1248.292233594025,612.3878438874692,"critical_wave","release_lpt","release_lpt_critical_wave",128,5,"3;1;1;4;1;1;1;1;1;2;1;3;1;2;5;1;3;1;5;2;1;1;1;2;1;1;2;2;1;2;2;1;1;1;2;4;1;5;1;1;2;1;1;1;1;1"
"4",4,"critical_wave_auto_lpt",16,"case_000048",49,47,2,0.29281599819660187,0.29408318996429444,1176.0226857850566,264.19846072774374,"critical_wave","fifo","fifo_critical_wave",128,2,"1;1;1;1;1;1;1;1;1;1;1;1;1;1;1;1;1;1;1;2;1;1;1;1;1;1;1;1;1;1;1;1;1;1;1;1;1;1;1;1;1;1;1;1;1;1;1;1;1"
"4",4,"critical_wave_auto_lpt",16,"case_000049",49,49,0,0.12033599987626076,0.12388479709625244,1359.8317003744894,666.873022890227,"critical_wave","release_lpt","release_lpt_critical_wave",128,11,"2;6;1;11;1;2;1;2;1;1;3;1;1;1;2;1;1;2;1;1;2;1;1;2;5;1;3;2;1;1;1;1;1;1;2;1;2;1;1;1;1;2;1;2;2;3;1;1;1"
"4",4,"critical_wave_auto_lpt",16,"case_000050",37,37,0,0.10441599786281586,0.1067040003836155,875.5887448599293,430.05088223163045,"critical_wave","release_lpt","release_lpt_critical_wave",128,3,"1;3;1;1;1;1;1;1;1;1;1;1;1;1;1;1;1;1;1;1;1;1;1;1;2;1;1;1;1;1;1;1;1;1;1;1;1"
"4",4,"critical_wave_auto_lpt",16,"case_000051",42,40,2,0.23052799701690674,0.23238400369882584,2790.8500616557035,272.6063333443665,"critical_wave","fifo","fifo_critical_wave",176,1,"1;1;1;1;1;1;1;1;1;1;1;1;1;1;1;1;1;1;1;1;1;1;1;1;1;1;1;1;1;1;1;1;1;1;1;1;1;1;1;1;1;1"
"4",4,"critical_wave_auto_lpt",16,"case_000052",36,36,0,0.11417599767446518,0.11683520302176476,895.5155698093525,439.50337218049674,"critical_wave","release_lpt","release_lpt_critical_wave",128,2,"1;1;1;1;2;1;1;1;1;1;2;1;1;1;1;1;1;1;1;1;1;1;1;1;1;1;1;1;1;1;1;1;1;1;1;1"
"4",4,"critical_wave_auto_lpt",16,"case_000053",22,22,0,0.07691199705004692,0.07941119968891144,612.977032039909,301.3372281169477,"critical_wave","release_lpt","release_lpt_critical_wave",128,3,"2;1;1;1;1;1;1;1;1;2;1;3;1;1;1;1;1;1;1;1;1;1"
"4",4,"critical_wave_auto_lpt",16,"case_000054",22,22,0,0.08835200220346451,0.09012800082564354,580.7478073200699,285.33718955167546,"critical_wave","release_lpt","release_lpt_critical_wave",128,2,"2;1;1;1;1;1;1;1;1;2;1;2;1;1;1;1;1;1;1;1;1;1"
"4",4,"critical_wave_auto_lpt",16,"case_000055",22,21,1,0.14192000031471252,0.14452480375766755,546.1002377968955,175.85208529211633,"critical_wave","fifo","fifo_critical_wave",176,1,"1;1;1;1;1;1;1;1;1;1;1;1;1;1;1;1;1;1;1;1;1;1"
"4",4,"critical_wave_auto_lpt",16,"case_000056",41,41,0,0.10927999764680862,0.11107839643955231,1170.5264790855858,574.2114325698151,"critical_wave","release_lpt","release_lpt_critical_wave",128,7,"1;3;1;1;1;1;1;1;1;2;1;1;2;3;2;7;1;3;3;1;1;1;1;2;3;5;1;1;4;1;3;3;1;1;6;2;2;1;1;1;1"
"4",4,"critical_wave_auto_lpt",16,"case_000057",38,37,1,0.8928000032901764,0.8985215723514557,4312.5405294836255,67.77161265347159,"critical_wave","fifo","fifo_critical_wave",176,1,"1;1;1;1;1;1;1;1;1;1;1;1;1;1;1;1;1;1;1;1;1;1;1;1;1;1;1;1;1;1;1;1;1;1;1;1;1;1"
"4",4,"critical_wave_auto_lpt",16,"case_000058",22,22,0,0.10198400169610977,0.10382400080561638,747.9884506915739,366.76121134621826,"critical_wave","release_lpt","release_lpt_critical_wave",128,3,"1;3;2;1;2;2;1;1;1;1;1;1;1;1;1;2;1;1;1;1;1;1"
"4",4,"critical_wave_auto_lpt",16,"case_000059",28,28,0,0.09524800255894661,0.09949760288000108,1023.2307254074333,501.71273639492586,"critical_wave","release_lpt","release_lpt_critical_wave",128,9,"9;1;5;8;1;1;2;1;1;1;7;1;2;2;2;1;1;1;3;1;1;2;2;1;4;5;1;4"
"4",4,"critical_wave_auto_lpt",16,"case_000060",36,36,0,0.1098880022764206,0.1114111989736557,995.3470638301857,488.3366235470702,"critical_wave","release_lpt","release_lpt_critical_wave",128,3,"3;2;1;1;1;1;1;1;1;1;1;2;1;1;1;1;1;1;1;1;1;1;1;1;1;1;1;1;1;1;1;1;1;1;1;1"
"4",4,"critical_wave_auto_lpt",16,"case_000061",39,36,3,0.871071994304657,0.8729440152645112,3530.1298963407166,69.16674671431105,"critical_wave","fifo","fifo_critical_wave",176,1,"1;1;1;1;1;1;1;1;1;1;1;1;1;1;1;1;1;1;1;1;1;1;1;1;1;1;1;1;1;1;1;1;1;1;1;1;1;1;1"
"4",4,"critical_wave_auto_lpt",16,"case_000062",41,39,2,0.30663999915122986,0.31097919046878814,1975.6847140519899,202.93994316543623,"critical_wave","fifo","fifo_critical_wave",176,1,"1;1;1;1;1;1;1;1;1;1;1;1;1;1;1;1;1;1;1;1;1;1;1;1;1;1;1;1;1;1;1;1;1;1;1;1;1;1;1;1;1"
"4",4,"critical_wave_auto_lpt",16,"case_000063",33,31,2,0.1554879993200302,0.15878720134496688,1462.9881109461032,299.1208080584554,"critical_wave","fifo","fifo_critical_wave",128,2,"1;1;1;1;1;1;1;1;1;1;1;1;1;1;1;1;1;1;1;2;1;1;1;1;1;1;1;1;1;1;1;1;1"
"4",4,"critical_wave_auto_lpt",16,"case_000064",33,33,0,0.11368000134825706,0.11584320217370987,907.9906617152989,445.417024977686,"critical_wave","release_lpt","release_lpt_critical_wave",128,2,"1;1;1;1;1;1;1;1;1;1;1;1;1;1;2;2;1;1;1;1;1;1;1;1;1;1;1;1;1;2;1;1;1"
"4",4,"critical_wave_auto_lpt",16,"case_000065",34,34,0,0.10182400047779083,0.10473600029945374,759.3716218296197,373.15901773361924,"critical_wave","release_lpt","release_lpt_critical_wave",128,3,"1;1;1;1;1;1;1;2;1;1;1;1;1;1;1;1;1;1;1;3;1;1;1;1;1;1;1;1;1;1;1;1;1;1"
"4",4,"critical_wave_auto_lpt",16,"case_000066",54,54,0,0.12780800461769104,0.13037439435720444,1377.263028857543,675.4932154542832,"critical_wave","release_lpt","release_lpt_critical_wave",128,10,"3;5;2;1;1;2;1;1;1;2;1;1;10;2;1;1;1;1;1;5;1;1;5;2;1;1;1;1;1;2;1;1;1;1;1;2;1;2;3;1;1;2;1;1;1;2;1;1;1;1;1;1;1;2"
"4",4,"critical_wave_auto_lpt",16,"case_000067",37,37,0,0.12377599999308586,0.12937279641628266,1026.2100186715952,503.2026887561338,"critical_wave","release_lpt","release_lpt_critical_wave",128,4,"2;1;1;1;4;1;1;1;2;1;1;1;1;1;1;1;1;1;1;1;1;1;1;1;1;1;1;1;1;1;1;1;1;1;1;1;1"
"4",4,"critical_wave_auto_lpt",16,"case_000068",33,33,0,0.1143839992582798,0.11680640280246735,705.3886138900632,346.47755155432054,"critical_wave","release_lpt","release_lpt_critical_wave",128,2,"2;1;1;1;1;1;1;1;1;1;1;1;1;1;1;1;1;1;1;1;1;1;1;1;1;1;1;1;1;1;1;1;2"
"4",4,"critical_wave_auto_lpt",16,"case_000069",34,33,1,0.20398399978876114,0.206115198135376,1624.5724274412348,245.9530946150426,"critical_wave","fifo","fifo_critical_wave",176,1,"1;1;1;1;1;1;1;1;1;1;1;1;1;1;1;1;1;1;1;1;1;1;1;1;1;1;1;1;1;1;1;1;1;1"
"4",4,"critical_wave_auto_lpt",16,"case_000070",34,33,1,0.22235199809074402,0.22426239401102066,1110.5285621729658,175.69029437755339,"critical_wave","fifo","fifo_critical_wave",176,1,"1;1;1;1;1;1;1;1;1;1;1;1;1;1;1;1;1;1;1;1;1;1;1;1;1;1;1;1;1;1;1;1;1;1"
"4",4,"critical_wave_auto_lpt",16,"case_000071",28,28,0,0.09668799862265587,0.09767359867691994,1039.252073715536,509.50455797785776,"critical_wave","release_lpt","release_lpt_critical_wave",128,10,"1;1;1;1;4;1;1;2;1;1;3;2;7;10;2;1;1;2;1;1;3;5;10;5;1;1;3;1"
"4",4,"critical_wave_auto_lpt",16,"case_000072",36,34,2,0.2637920081615448,0.2680512070655823,1164.7958336775437,181.8009284444698,"critical_wave","fifo","fifo_critical_wave",176,1,"1;1;1;1;1;1;1;1;1;1;1;1;1;1;1;1;1;1;1;1;1;1;1;1;1;1;1;1;1;1;1;1;1;1;1;1"
"4",4,"critical_wave_auto_lpt",16,"case_000073",34,33,1,0.40860800445079803,0.4110496073961258,3349.55697189433,127.2854555796219,"critical_wave","fifo","fifo_critical_wave",176,1,"1;1;1;1;1;1;1;1;1;1;1;1;1;1;1;1;1;1;1;1;1;1;1;1;1;1;1;1;1;1;1;1;1;1"
"4",4,"critical_wave_auto_lpt",16,"case_000074",33,33,0,0.11347199976444244,0.11520319804549217,674.0715366502983,331.20248235703303,"critical_wave","release_lpt","release_lpt_critical_wave",128,3,"3;1;1;1;1;1;1;1;1;1;1;1;1;1;1;1;1;1;1;1;1;1;1;1;2;1;1;1;1;1;1;1;1"
"4",4,"critical_wave_auto_lpt",16,"case_000075",34,33,1,0.21299200505018234,0.21523520052433015,697.5362911532571,274.7710271388419,"critical_wave","fifo","fifo_critical_wave",176,1,"1;1;1;1;1;1;1;1;1;1;1;1;1;1;1;1;1;1;1;1;1;1;1;1;1;1;1;1;1;1;1;1;1;1"
"4",4,"critical_wave_auto_lpt",16,"case_000076",39,36,3,0.8166559934616089,0.8194240093231201,2769.943354635211,79.25957626984938,"critical_wave","fifo","fifo_critical_wave",176,1,"1;1;1;1;1;1;1;1;1;1;1;1;1;1;1;1;1;1;1;1;1;1;1;1;1;1;1;1;1;1;1;1;1;1;1;1;1;1;1"
"4",4,"critical_wave_auto_lpt",16,"case_000077",40,40,0,0.12116799876093864,0.12430079951882363,1487.3829345285778,728.60637216747,"critical_wave","release_lpt","release_lpt_critical_wave",128,9,"1;5;1;9;2;1;4;6;4;1;1;1;2;1;2;2;3;1;2;1;2;4;2;1;1;1;1;1;1;1;1;1;1;3;2;1;1;4;1;1"
"4",4,"critical_wave_auto_lpt",16,"case_000078",42,41,1,0.38230399787425995,0.38798079788684847,2954.228788168375,180.33447827735054,"critical_wave","fifo","fifo_critical_wave",176,1,"1;1;1;1;1;1;1;1;1;1;1;1;1;1;1;1;1;1;1;1;1;1;1;1;1;1;1;1;1;1;1;1;1;1;1;1;1;1;1;1;1;1"
"4",4,"critical_wave_auto_lpt",16,"case_000079",36,35,1,0.142752006649971,0.14448320418596267,2157.7311059400267,298.1492799912851,"critical_wave","fifo","fifo_critical_wave",176,1,"1;1;1;1;1;1;1;1;1;1;1;1;1;1;1;1;1;1;1;1;1;1;1;1;1;1;1;1;1;1;1;1;1;1;1;1"
"4",4,"critical_wave_auto_lpt",16,"case_000080",34,32,2,0.26052799820899963,0.2621503919363022,1356.8569226729228,213.5193775041964,"critical_wave","fifo","fifo_critical_wave",128,3,"1;1;1;1;1;1;1;1;1;1;1;1;1;1;3;1;1;1;1;1;1;1;1;1;1;1;1;1;1;1;1;1;1;1"
"4",4,"critical_wave_auto_lpt",16,"case_000081",35,35,0,0.13040000200271606,0.13446080684661865,1039.3858667362365,509.4193786792763,"critical_wave","release_lpt","release_lpt_critical_wave",128,2,"1;1;1;1;2;1;1;1;1;1;1;1;1;1;1;1;1;2;1;1;1;1;1;2;1;1;1;1;1;1;1;1;1;1;1"
"4",4,"critical_wave_auto_lpt",16,"case_000082",33,31,2,0.717056006193161,0.7192831754684448,3323.245372225609,89.86451189789167,"critical_wave","fifo","fifo_critical_wave",176,1,"1;1;1;1;1;1;1;1;1;1;1;1;1;1;1;1;1;1;1;1;1;1;1;1;1;1;1;1;1;1;1;1;1"
"4",4,"critical_wave_auto_lpt",16,"case_000083",30,30,0,0.09929599985480309,0.10119680240750313,1022.3869457425016,501.35868587652806,"critical_wave","release_lpt","release_lpt_critical_wave",128,12,"2;2;1;2;10;2;5;2;3;2;1;2;1;1;1;1;1;1;2;1;3;1;2;2;12;1;1;5;2;2"
"4",4,"critical_wave_auto_lpt",16,"case_000084",24,23,1,0.2836320102214813,0.28565760552883146,2028.7706544781922,172.71460989803984,"critical_wave","fifo","fifo_critical_wave",128,3,"2;1;1;3;1;1;1;1;1;1;1;1;1;1;1;1;1;1;1;1;1;1;1;1"
"4",4,"critical_wave_auto_lpt",16,"case_000085",44,44,0,0.11732799932360649,0.11936639994382858,1419.4893915189334,695.7741755643763,"critical_wave","release_lpt","release_lpt_critical_wave",128,7,"7;1;1;1;4;1;1;4;1;1;1;1;2;1;2;1;5;1;2;1;2;1;5;1;1;5;1;6;1;1;1;1;1;3;1;1;2;2;1;1;1;1;1;1"
"4",4,"critical_wave_auto_lpt",16,"case_000086",35,35,0,0.10763199999928474,0.10911040306091309,1208.0575686121606,592.1819533263673,"critical_wave","release_lpt","release_lpt_critical_wave",128,9,"9;1;1;1;1;1;1;1;1;2;2;2;5;2;4;1;2;3;4;1;4;1;5;1;1;1;1;1;7;2;1;2;3;1;1"
"4",4,"critical_wave_auto_lpt",16,"case_000087",35,35,0,0.10459199920296669,0.10595200136303902,1135.86335392115,556.9980155647274,"critical_wave","release_lpt","release_lpt_critical_wave",128,8,"2;5;8;1;3;5;1;6;1;1;2;5;3;2;1;1;1;1;1;1;1;1;2;1;2;2;2;1;1;2;7;1;1;1;1"
"4",4,"critical_wave_auto_lpt",16,"case_000088",38,38,0,0.10873600095510483,0.11001280248165131,1216.5119893145188,596.4826316058762,"critical_wave","release_lpt","release_lpt_critical_wave",128,13,"7;2;2;1;1;1;2;3;1;1;1;1;5;13;4;1;3;1;1;1;2;2;1;1;2;2;1;1;1;1;1;2;4;2;1;2;1;1"
"4",4,"critical_wave_auto_lpt",16,"case_000089",40,39,1,0.5124160051345825,0.5167840003967286,3842.156161587718,151.62705150006713,"critical_wave","fifo","fifo_critical_wave",176,1,"1;1;1;1;1;1;1;1;1;1;1;1;1;1;1;1;1;1;1;1;1;1;1;1;1;1;1;1;1;1;1;1;1;1;1;1;1;1;1;1"
"4",4,"critical_wave_auto_lpt",16,"case_000090",42,41,1,0.42603200674057007,0.4293760061264038,3343.6487222506794,186.21849707247617,"critical_wave","fifo","fifo_critical_wave",176,1,"1;1;1;1;1;1;1;1;1;1;1;1;1;1;1;1;1;1;1;1;1;1;1;1;1;1;1;1;1;1;1;1;1;1;1;1;1;1;1;1;1;1"
"4",4,"critical_wave_auto_lpt",16,"case_000091",43,43,0,0.12407999858260155,0.12737919986248017,1383.0430693127266,677.7758942672349,"critical_wave","release_lpt","release_lpt_critical_wave",128,6,"5;1;3;1;1;3;1;2;2;2;1;1;1;2;6;1;2;5;1;2;3;1;2;1;1;2;1;2;1;1;3;1;2;1;2;1;2;1;2;1;3;3;2"
"4",4,"critical_wave_auto_lpt",16,"case_000092",31,31,0,0.11599999666213989,0.11770240217447281,863.8537694088193,423.70208115739894,"critical_wave","release_lpt","release_lpt_critical_wave",128,2,"2;1;1;1;1;1;2;1;1;1;1;1;1;1;1;1;1;1;1;1;1;1;1;1;1;1;1;1;1;1;1"
"4",4,"critical_wave_auto_lpt",16,"case_000093",31,31,0,0.09883200004696846,0.10003520175814629,953.7851301926722,467.94366174944764,"critical_wave","release_lpt","release_lpt_critical_wave",128,3,"3;1;1;1;1;1;2;1;1;1;1;1;1;2;1;1;1;1;1;1;1;1;1;1;1;1;1;1;1;1;1"
"4",4,"critical_wave_auto_lpt",16,"case_000094",22,22,0,0.08854400366544724,0.09045120254158974,755.5113875893666,370.6671331918502,"critical_wave","release_lpt","release_lpt_critical_wave",128,3,"1;1;1;1;1;1;1;1;1;1;1;1;2;3;1;1;1;1;1;1;2;1"
"4",4,"critical_wave_auto_lpt",16,"case_000095",35,35,0,0.10228799656033516,0.103398397564888,880.2524056367633,432.24152869120513,"critical_wave","release_lpt","release_lpt_critical_wave",128,2,"1;2;1;1;1;1;1;1;1;1;1;1;2;1;1;1;1;1;1;1;1;2;1;1;1;1;1;1;1;1;1;1;1;1;1"
"4",4,"critical_wave_auto_lpt",16,"case_000096",23,23,0,0.09020800143480301,0.09653119742870331,505.551588979171,248.66264237338254,"critical_wave","release_lpt","release_lpt_critical_wave",128,2,"1;1;2;1;1;1;1;1;1;2;1;1;1;1;1;1;1;1;1;1;1;1;1"
"4",4,"critical_wave_auto_lpt",16,"case_000097",30,29,1,0.09521600231528282,0.09696320071816444,942.2837102414165,458.3027951069086,"critical_wave","fifo","fifo_critical_wave",128,13,"2;2;7;1;1;1;2;1;1;1;1;5;4;1;4;2;1;1;2;1;2;4;1;2;1;5;1;2;13;1"
"4",4,"critical_wave_auto_lpt",16,"case_000098",45,43,2,0.9827679991722107,0.9933279931545258,3856.5312106462516,84.58499266359767,"critical_wave","fifo","fifo_critical_wave",176,1,"1;1;1;1;1;1;1;1;1;1;1;1;1;1;1;1;1;1;1;1;1;1;1;1;1;1;1;1;1;1;1;1;1;1;1;1;1;1;1;1;1;1;1;1;1"
"4",4,"critical_wave_auto_lpt",16,"case_000099",7,7,0,0.07345600053668022,0.07506239786744118,736.6144280749511,360.3519903970569,"critical_wave","release_lpt","release_lpt_critical_wave",128,13,"1;13;3;1;1;1;2"
"4",8,"fa3_native_fifo",16,"case_000000",23,22,1,0.3760800063610077,0.38622079193592074,695.1541835197801,64.27755687920114,"fa3_native","fifo","fifo",128,1,"1;1;1;1;1;1;1;1;1;1;1;1;1;1;1;1;1;1;1;1;1;1;1"
"4",8,"fa3_native_fifo",16,"case_000001",39,38,1,0.5624000132083893,0.5674271762371064,2468.5881757644497,56.954422559964115,"fa3_native","fifo","fifo",128,1,"1;1;1;1;1;1;1;1;1;1;1;1;1;1;1;1;1;1;1;1;1;1;1;1;1;1;1;1;1;1;1;1;1;1;1;1;1;1;1"
"4",8,"fa3_native_fifo",16,"case_000002",45,45,0,0.14470400661230087,0.14760319888591766,1266.2518023770049,311.5218787326101,"fa3_native","fifo","fifo",128,29,"4;2;1;1;1;1;1;1;1;1;1;1;1;1;1;1;2;1;1;5;1;1;1;1;1;1;1;1;2;1;1;1;1;1;1;1;2;1;1;1;1;2;1;1;1"
"4",8,"fa3_native_fifo",16,"case_000003",41,40,1,0.35070399940013885,0.3543967932462692,2751.125804240309,128.59291048045614,"fa3_native","fifo","fifo",128,5,"1;1;1;1;1;1;1;1;1;1;1;1;1;1;1;1;1;1;1;1;1;1;1;1;1;1;1;1;1;1;1;1;1;1;1;1;1;1;1;1;1"
"4",8,"fa3_native_fifo",16,"case_000004",27,25,2,0.619344025850296,0.6672991752624512,2233.7844947428403,40.16616123138812,"fa3_native","fifo","fifo",128,1,"1;1;1;1;1;1;1;1;1;1;1;1;1;1;1;1;1;1;1;1;1;1;1;1;1;1;1"
"4",8,"fa3_native_fifo",16,"case_000005",35,35,0,0.12311999872326851,0.12448640167713165,1067.0668295188257,262.688501749372,"fa3_native","fifo","fifo",128,29,"1;1;1;1;1;1;1;1;2;2;1;2;1;1;1;1;2;1;1;1;1;1;1;1;1;2;4;1;1;6;1;2;1;1;1"
"4",8,"fa3_native_fifo",16,"case_000006",33,32,1,0.17246399819850922,0.17784959822893143,1228.1874558201619,143.26486836725542,"fa3_native","fifo","fifo",128,5,"1;1;1;1;1;1;1;1;1;1;1;1;1;1;1;1;1;1;1;1;1;1;1;1;1;1;1;1;1;1;1;1;1"
"4",8,"fa3_native_fifo",16,"case_000007",34,34,0,0.11150399968028069,0.11371840089559555,708.0901980412372,175.20562541269035,"fa3_native","fifo","fifo",128,29,"1;1;1;2;4;1;1;1;1;3;2;1;1;1;1;1;1;1;1;1;1;1;2;2;1;1;1;1;1;1;4;1;1;1"
"4",8,"fa3_native_fifo",16,"case_000008",32,32,0,0.1111999973654747,0.11289920285344124,842.6067445671654,207.91540060933798,"fa3_native","fifo","fifo",128,29,"1;1;1;2;3;1;1;1;1;2;1;6;3;1;1;1;1;1;1;2;1;1;1;1;1;1;1;1;2;1;1;1"
"4",8,"fa3_native_fifo",16,"case_000009",37,37,0,0.1295360028743744,0.13082879781723022,1090.7633591954186,268.48418376571715,"fa3_native","fifo","fifo",128,29,"1;1;1;2;2;1;3;6;1;1;1;1;1;2;1;1;1;1;1;1;2;1;1;1;2;2;1;1;1;1;1;1;2;1;1;1;1"
"4",8,"fa3_native_fifo",16,"case_000010",29,27,2,0.5209279954433441,0.5373696267604828,1128.8162447778334,49.43190656913084,"fa3_native","fifo","fifo",128,1,"1;1;1;1;1;1;1;1;1;1;1;1;1;1;1;1;1;1;1;1;1;1;1;1;1;1;1;1;1"
"4",8,"fa3_native_fifo",16,"case_000011",30,30,0,0.11184000223875046,0.11339839920401573,906.5039658312216,223.36594688787005,"fa3_native","fifo","fifo",128,29,"1;1;1;1;1;1;1;1;3;5;1;3;1;1;2;2;1;1;3;2;3;1;1;1;1;1;2;1;2;1"
"4",8,"fa3_native_fifo",16,"case_000012",31,29,2,0.4192639887332916,0.4299327999353409,651.0412728760213,62.16074048892091,"fa3_native","fifo","fifo",128,1,"1;1;1;1;1;1;1;1;1;1;1;1;1;1;1;1;1;1;1;1;1;1;1;1;1;1;1;1;1;1;1"
"4",8,"fa3_native_fifo",16,"case_000013",38,38,0,0.11771200224757195,0.11929599940776825,922.0492785750638,227.57862824946193,"fa3_native","fifo","fifo",128,29,"1;1;1;1;1;1;1;2;1;1;1;1;1;1;1;4;1;4;3;1;1;1;1;1;1;1;3;1;1;1;1;1;2;2;1;2;1;1"
"4",8,"fa3_native_fifo",16,"case_000014",26,26,0,0.12003199756145477,0.1221247985959053,1157.76701898883,284.3145885540021,"fa3_native","fifo","fifo",128,29,"1;1;2;3;1;4;1;2;6;1;2;1;1;1;1;1;2;1;1;3;2;1;1;2;1;1"
"4",8,"fa3_native_fifo",16,"case_000015",44,44,0,0.13808000087738037,0.14247040301561356,1178.44055056532,290.1422924785258,"fa3_native","fifo","fifo",128,29,"1;1;1;1;1;6;1;1;6;2;1;1;1;1;1;1;2;2;1;1;1;2;1;1;1;1;1;1;1;1;1;1;1;1;1;1;2;1;1;2;1;1;1;1"
"4",8,"fa3_native_fifo",16,"case_000016",30,29,1,0.3829439878463745,0.39501120448112487,688.1598533770921,64.59965108506718,"fa3_native","fifo","fifo",128,1,"1;1;1;1;1;1;1;1;1;1;1;1;1;1;1;1;1;1;1;1;1;1;1;1;1;1;1;1;1;1"
"4",8,"fa3_native_fifo",16,"case_000017",32,32,0,0.11196800321340561,0.11383360251784325,836.9863789513367,206.52814497303962,"fa3_native","fifo","fifo",128,29,"1;1;1;2;1;1;3;1;1;1;4;1;3;1;3;2;1;1;1;2;1;1;2;1;1;1;1;1;1;1;3;1"
"4",8,"fa3_native_fifo",16,"case_000018",33,32,1,0.19075199961662292,0.19445760548114777,573.0971217691678,108.00939461399264,"fa3_native","fifo","fifo",128,3,"1;1;1;1;1;1;1;1;1;1;1;1;1;1;1;1;1;1;1;1;1;1;1;1;1;1;1;1;1;1;1;1;1"
"4",8,"fa3_native_fifo",16,"case_000019",46,44,2,1.018992006778717,1.0254399657249451,2637.5590065562183,41.30067333211097,"fa3_native","fifo","fifo",128,1,"1;1;1;1;1;1;1;1;1;1;1;1;1;1;1;1;1;1;1;1;1;1;1;1;1;1;1;1;1;1;1;1;1;1;1;1;1;1;1;1;1;1;1;1;1;1"
"4",8,"fa3_native_fifo",16,"case_000020",39,38,1,0.3938880115747452,0.4021503984928131,786.7354582361929,91.71386520644289,"fa3_native","fifo","fifo",128,1,"1;1;1;1;1;1;1;1;1;1;1;1;1;1;1;1;1;1;1;1;1;1;1;1;1;1;1;1;1;1;1;1;1;1;1;1;1;1;1"
"4",8,"fa3_native_fifo",16,"case_000021",29,29,0,0.11111999675631523,0.11286720260977745,932.9974642400077,229.77855242376882,"fa3_native","fifo","fifo",128,29,"2;1;1;1;1;1;1;1;2;2;1;2;1;1;1;1;2;1;2;2;2;1;1;2;6;1;1;1;1"
"4",8,"fa3_native_fifo",16,"case_000022",41,41,0,0.12487999722361565,0.1268031969666481,780.7548196642814,193.1249242167602,"fa3_native","fifo","fifo",128,29,"1;1;1;3;2;2;1;1;1;2;1;2;2;1;2;1;1;1;2;3;2;1;2;2;1;1;1;1;1;1;1;1;1;1;1;1;1;1;1;1;1"
"4",8,"fa3_native_fifo",16,"case_000023",42,41,1,0.19780799746513367,0.20189119577407838,878.9695403425053,127.50044650972958,"fa3_native","fifo","fifo",128,4,"1;1;1;1;1;1;1;1;1;1;1;1;1;1;1;1;1;1;1;1;1;1;1;1;1;1;1;1;1;1;1;1;1;1;1;1;1;1;1;1;1;1"
"4",8,"fa3_native_fifo",16,"case_000024",58,58,0,0.15822400152683258,0.15960640013217925,1285.4174850173342,316.6261472125903,"fa3_native","fifo","fifo",128,29,"1;1;2;1;4;1;1;4;1;1;1;1;1;1;1;1;1;1;1;1;2;1;1;2;1;1;1;1;3;1;1;1;1;1;1;1;1;1;1;1;1;2;1;1;1;1;1;1;1;1;1;1;1;1;1;1;1;1"
"4",8,"fa3_native_fifo",16,"case_000025",38,36,2,0.4168960005044937,0.42305920720100404,642.027720438913,59.78216142596781,"fa3_native","fifo","fifo",128,1,"1;1;1;1;1;1;1;1;1;1;1;1;1;1;1;1;1;1;1;1;1;1;1;1;1;1;1;1;1;1;1;1;1;1;1;1;1;1"
"4",8,"fa3_native_fifo",16,"case_000026",34,34,0,0.12561599910259247,0.12767359614372253,942.8344094869021,232.2542367885198,"fa3_native","fifo","fifo",128,29,"2;2;2;1;1;1;1;1;1;1;4;1;1;1;1;1;5;1;1;1;1;1;3;1;1;2;1;1;1;1;3;1;1;2"
"4",8,"fa3_native_fifo",16,"case_000027",35,35,0,0.11980800330638885,0.12081600278615952,860.2573437805047,212.25800696274447,"fa3_native","fifo","fifo",128,29,"2;3;1;1;4;2;1;1;1;2;1;1;1;1;1;1;1;1;1;1;1;1;1;2;1;1;1;1;1;1;1;6;2;1;1"
"4",8,"fa3_native_fifo",16,"case_000028",38,37,1,0.3952000141143799,0.4019231915473938,708.9963484437151,73.04841844374208,"fa3_native","fifo","fifo",128,1,"1;1;1;1;1;1;1;1;1;1;1;1;1;1;1;1;1;1;1;1;1;1;1;1;1;1;1;1;1;1;1;1;1;1;1;1;1;1"
"4",8,"fa3_native_fifo",16,"case_000029",41,40,1,0.4070879966020584,0.4119872123003006,2066.4403080946713,87.17242536308318,"fa3_native","fifo","fifo",128,4,"1;1;1;1;1;1;1;1;1;1;1;1;1;1;1;1;1;1;1;1;1;1;1;1;1;1;1;1;1;1;1;1;1;1;1;1;1;1;1;1;1"
"4",8,"fa3_native_fifo",16,"case_000030",39,38,1,0.21491199731826782,0.22108160555362702,690.4233177278627,164.09440347703824,"fa3_native","fifo","fifo",128,1,"1;1;1;1;1;1;1;1;1;1;1;1;1;1;1;1;1;1;1;1;1;1;1;1;1;1;1;1;1;1;1;1;1;1;1;1;1;1;1"
"4",8,"fa3_native_fifo",16,"case_000031",30,28,2,1.5862720012664795,1.6108992457389832,3564.9428677837554,19.60037116911635,"fa3_native","fifo","fifo",128,1,"1;1;1;1;1;1;1;1;1;1;1;1;1;1;1;1;1;1;1;1;1;1;1;1;1;1;1;1;1;1"
"4",8,"fa3_native_fifo",16,"case_000032",30,30,0,0.11905599758028984,0.12059200182557106,962.3646049644152,236.8794565009712,"fa3_native","fifo","fifo",128,29,"3;1;3;1;1;1;1;1;2;1;1;3;1;1;1;2;1;1;1;4;1;1;2;1;2;3;1;4;1;1"
"4",8,"fa3_native_fifo",16,"case_000033",30,30,0,0.11031999811530113,0.11184960156679154,618.5215548742465,153.0860069662892,"fa3_native","fifo","fifo",128,26,"2;3;3;1;1;1;2;2;1;1;2;4;1;1;2;1;1;1;1;1;2;3;2;1;1;1;1;3;1;1"
"4",8,"fa3_native_fifo",16,"case_000034",36,35,1,0.8011359870433807,0.809574407339096,3435.5232254608036,38.41960478344275,"fa3_native","fifo","fifo",128,1,"1;1;1;1;1;1;1;1;1;1;1;1;1;1;1;1;1;1;1;1;1;1;1;1;1;1;1;1;1;1;1;1;1;1;1;1"
"4",8,"fa3_native_fifo",16,"case_000035",37,36,1,0.2046559974551201,0.20826240479946137,562.0412722535746,113.09201923132284,"fa3_native","fifo","fifo",128,3,"1;1;1;1;1;1;1;1;1;1;1;1;1;1;1;1;1;1;1;1;1;1;1;1;1;1;1;1;1;1;1;1;1;1;1;1;1"
"4",8,"fa3_native_fifo",16,"case_000036",35,35,0,0.1350559964776039,0.13716800063848494,1263.9486722258016,310.5632115117184,"fa3_native","fifo","fifo",128,29,"2;2;1;2;1;1;1;1;1;1;1;6;1;1;6;1;1;2;1;2;1;1;1;1;1;1;1;1;1;1;1;1;1;1;1"
"4",8,"fa3_native_fifo",16,"case_000037",37,35,2,0.28652800619602203,0.29127041101455686,2055.713234974437,97.9798951338592,"fa3_native","fifo","fifo",128,4,"1;1;1;1;1;1;1;1;1;1;1;1;1;1;1;1;1;1;1;1;1;1;1;1;1;1;1;1;1;1;1;1;1;1;1;1;1"
"4",8,"fa3_native_fifo",16,"case_000038",28,28,0,0.10779200121760368,0.11022079735994339,729.7652878825432,180.15199440261122,"fa3_native","fifo","fifo",128,28,"1;1;1;2;2;1;2;1;2;2;1;1;1;1;3;1;3;1;2;1;1;1;2;3;3;1;1;1"
"4",8,"fa3_native_fifo",16,"case_000039",24,23,1,0.4921119958162308,0.49817599952220915,2150.5221378655433,36.95887146549442,"fa3_native","fifo","fifo",128,1,"1;1;1;1;1;1;1;1;1;1;1;1;1;1;1;1;1;1;1;1;1;1;1;1"
"4",8,"fa3_native_fifo",16,"case_000040",38,38,0,0.1199679970741272,0.12142399996519089,768.1557082515828,189.96052743898656,"fa3_native","fifo","fifo",128,25,"2;2;1;1;1;1;1;2;3;1;1;2;1;1;1;2;1;1;1;1;1;2;1;1;1;2;1;1;1;1;1;1;1;2;1;2;1;2"
"4",8,"fa3_native_fifo",16,"case_000041",40,40,0,0.12483199685811996,0.12640960067510604,886.8548964559703,218.96796244529503,"fa3_native","fifo","fifo",128,29,"2;2;1;1;1;1;1;1;1;2;1;1;1;1;1;1;1;2;1;1;1;1;2;5;1;2;1;1;2;1;1;1;1;1;2;1;1;1;1;1"
"4",8,"fa3_native_fifo",16,"case_000042",43,40,3,1.7713599801063538,1.8084576368331908,3463.4200662835638,21.085719684012197,"fa3_native","fifo","fifo",128,1,"1;1;1;1;1;1;1;1;1;1;1;1;1;1;1;1;1;1;1;1;1;1;1;1;1;1;1;1;1;1;1;1;1;1;1;1;1;1;1;1;1;1;1"
"4",8,"fa3_native_fifo",16,"case_000043",49,49,0,0.14686399698257446,0.1486656054854393,1228.4225096053046,302.45953339585685,"fa3_native","fifo","fifo",128,29,"1;2;1;1;1;1;1;2;1;1;1;1;2;1;4;1;1;1;1;1;1;1;1;1;2;1;1;1;1;1;1;1;1;1;1;1;2;1;1;1;1;1;1;2;1;1;1;1;1"
"4",8,"fa3_native_fifo",16,"case_000044",32,31,1,0.3423360139131546,0.3537824034690857,594.9116228585443,65.67732019484158,"fa3_native","fifo","fifo",128,5,"1;1;1;1;1;1;1;1;1;1;1;1;1;1;1;1;1;1;1;1;1;1;1;1;1;1;1;1;1;1;1;1"
"4",8,"fa3_native_fifo",16,"case_000045",25,25,0,0.09875199943780899,0.1017535999417305,557.861664873874,138.13285885508193,"fa3_native","fifo","fifo",128,27,"1;1;1;2;1;3;2;1;2;1;1;2;1;2;2;1;2;2;1;1;2;1;4;1;1"
"4",8,"fa3_native_fifo",16,"case_000046",35,33,2,0.5288960039615631,0.5348895788192749,1907.7512654781335,61.013552301947755,"fa3_native","fifo","fifo",128,1,"1;1;1;1;1;1;1;1;1;1;1;1;1;1;1;1;1;1;1;1;1;1;1;1;1;1;1;1;1;1;1;1;1;1;1"
"4",8,"fa3_native_fifo",16,"case_000047",46,46,0,0.13689599931240082,0.13896639943122863,1038.201003812136,256.0369344323486,"fa3_native","fifo","fifo",128,29,"2;1;1;2;1;1;1;1;1;1;1;2;1;1;3;1;2;1;3;1;1;1;1;1;1;1;1;1;1;1;1;1;1;1;1;2;1;3;1;1;1;1;1;1;1;1"
"4",8,"fa3_native_fifo",16,"case_000048",49,47,2,0.4804000109434128,0.48608638942241666,716.8156719308705,83.7151687840765,"fa3_native","fifo","fifo",128,1,"1;1;1;1;1;1;1;1;1;1;1;1;1;1;1;1;1;1;1;1;1;1;1;1;1;1;1;1;1;1;1;1;1;1;1;1;1;1;1;1;1;1;1;1;1;1;1;1;1"
"4",8,"fa3_native_fifo",16,"case_000049",49,49,0,0.1420160010457039,0.14483519941568374,1152.2413398708368,283.94772210930296,"fa3_native","fifo","fifo",128,29,"1;3;1;6;1;1;1;1;1;1;2;1;1;1;1;1;1;1;1;1;1;1;1;1;3;1;2;1;1;1;1;1;1;1;1;1;1;1;1;1;1;1;1;1;1;2;1;1;1"
"4",8,"fa3_native_fifo",16,"case_000050",37,37,0,0.11910399794578552,0.12106239795684814,767.6104420408759,189.78076630382185,"fa3_native","fifo","fifo",128,29,"2;5;1;2;1;1;1;1;2;1;1;1;1;2;1;2;2;1;1;1;1;1;1;1;4;1;1;1;1;1;1;1;2;2;1;1;1"
"4",8,"fa3_native_fifo",16,"case_000051",42,40,2,0.3209120035171509,0.32737280428409576,2004.814614712957,99.86019734000791,"fa3_native","fifo","fifo",128,3,"1;1;1;1;1;1;1;1;1;1;1;1;1;1;1;1;1;1;1;1;1;1;1;1;1;1;1;1;1;1;1;1;1;1;1;1;1;1;1;1;1;1"
"4",8,"fa3_native_fifo",16,"case_000052",36,36,0,0.11903999745845795,0.1210239976644516,858.9246118867021,212.01129484908955,"fa3_native","fifo","fifo",128,29,"1;2;1;1;4;1;1;2;1;1;3;1;1;1;1;1;1;1;1;1;2;1;2;2;1;2;2;1;1;1;1;2;1;1;1;1"
"4",8,"fa3_native_fifo",16,"case_000053",22,22,0,0.0923360027372837,0.0951360009610653,510.58402229235264,126.47651678432996,"fa3_native","fifo","fifo",128,29,"4;1;2;1;1;2;1;1;1;3;2;5;1;2;1;2;1;1;1;1;1;1"
"4",8,"fa3_native_fifo",16,"case_000054",22,22,0,0.09344000369310379,0.09573119878768921,549.1248878855394,135.86437819176746,"fa3_native","fifo","fifo",128,29,"4;1;2;1;1;2;1;1;1;3;2;5;1;2;1;2;1;1;1;1;1;3"
"4",8,"fa3_native_fifo",16,"case_000055",22,21,1,0.20529600232839584,0.20989760160446166,377.51609890593625,62.967499870366375,"fa3_native","fifo","fifo",128,5,"1;1;1;1;1;1;1;1;1;1;1;1;1;1;1;1;1;1;1;1;1;1"
"4",8,"fa3_native_fifo",16,"case_000056",41,41,0,0.12859199941158295,0.1306272029876709,994.7363091430245,245.29401630222085,"fa3_native","fifo","fifo",128,29,"1;2;1;1;1;1;1;1;1;1;1;1;1;2;1;4;1;2;2;1;1;1;1;1;2;3;1;1;2;1;2;2;1;1;3;1;1;1;1;1;1"
"4",8,"fa3_native_fifo",16,"case_000057",38,37,1,0.9986400008201599,1.005302405357361,3855.479648071267,31.496210820884475,"fa3_native","fifo","fifo",128,1,"1;1;1;1;1;1;1;1;1;1;1;1;1;1;1;1;1;1;1;1;1;1;1;1;1;1;1;1;1;1;1;1;1;1;1;1;1;1"
"4",8,"fa3_native_fifo",16,"case_000058",22,22,0,0.10025600343942642,0.10137279704213142,760.8806735457919,187.44014677738394,"fa3_native","fifo","fifo",128,29,"1;6;2;1;4;5;1;2;1;1;1;1;1;1;1;5;1;1;2;1;1;1"
"4",8,"fa3_native_fifo",16,"case_000059",28,28,0,0.108559999614954,0.11001920327544212,897.7586873404421,221.1519536215335,"fa3_native","fifo","fifo",128,29,"5;1;3;4;1;1;1;1;1;1;4;1;1;1;1;1;1;1;2;1;1;1;1;1;2;3;1;2"
"4",8,"fa3_native_fifo",16,"case_000060",36,36,0,0.12412799894809723,0.12556479573249818,881.1605869980606,217.3451939016661,"fa3_native","fifo","fifo",128,29,"4;4;1;1;1;1;1;2;1;1;1;2;1;1;2;2;1;2;1;1;1;1;1;2;1;1;1;1;1;1;2;1;1;2;1;1"
"4",8,"fa3_native_fifo",16,"case_000061",39,36,3,1.1273120045661926,1.1431487560272218,2727.725134217219,28.908014700455986,"fa3_native","fifo","fifo",128,1,"1;1;1;1;1;1;1;1;1;1;1;1;1;1;1;1;1;1;1;1;1;1;1;1;1;1;1;1;1;1;1;1;1;1;1;1;1;1;1"
"4",8,"fa3_native_fifo",16,"case_000062",41,39,2,0.4558719992637634,0.4616895914077759,1328.9343500333648,71.182367095165,"fa3_native","fifo","fifo",128,1,"1;1;1;1;1;1;1;1;1;1;1;1;1;1;1;1;1;1;1;1;1;1;1;1;1;1;1;1;1;1;1;1;1;1;1;1;1;1;1;1;1"
"4",8,"fa3_native_fifo",16,"case_000063",33,31,2,0.22297600656747818,0.2264991968870163,1020.1864223053061,106.54333784927057,"fa3_native","fifo","fifo",128,3,"1;1;1;1;1;1;1;1;1;1;1;1;1;1;1;1;1;1;1;1;1;1;1;1;1;1;1;1;1;1;1;1;1"
"4",8,"fa3_native_fifo",16,"case_000064",33,33,0,0.11963200196623802,0.12089599668979645,862.8157846688076,212.75805454783855,"fa3_native","fifo","fifo",128,29,"1;2;1;1;2;1;1;1;2;1;2;1;1;1;4;3;1;1;2;2;1;2;1;1;1;1;1;1;2;4;1;1;2"
"4",8,"fa3_native_fifo",16,"case_000065",34,34,0,0.10945599898695946,0.11132799834012985,706.4231937914352,174.84227613947445,"fa3_native","fifo","fifo",128,29,"1;1;1;2;2;1;1;3;1;1;1;1;2;1;1;1;1;1;2;6;1;1;1;1;2;2;1;1;1;1;1;1;1;1"
"4",8,"fa3_native_fifo",16,"case_000066",54,54,0,0.14929600059986115,0.1520320028066635,1179.0351974918458,290.61665299586303,"fa3_native","fifo","fifo",128,29,"2;3;1;1;1;1;1;1;1;1;1;1;5;1;1;1;1;1;1;3;1;1;3;1;1;1;1;1;1;1;1;1;1;1;1;1;1;1;2;1;1;1;1;1;1;1;1;1;1;1;1;1;1;1"
"4",8,"fa3_native_fifo",16,"case_000067",37,37,0,0.12548799812793732,0.12672959715127946,1012.2097185302183,249.37651780926043,"fa3_native","fifo","fifo",128,29,"4;2;1;1;7;1;1;1;4;1;1;1;2;1;1;1;1;1;1;1;1;2;1;1;1;1;1;1;1;1;1;1;1;2;1;1;1"
"4",8,"fa3_native_fifo",16,"case_000068",33,33,0,0.11110399663448334,0.1125119999051094,726.2130358230313,179.56970590028115,"fa3_native","fifo","fifo",128,29,"5;1;1;1;2;1;1;1;1;1;1;1;1;1;3;2;2;1;1;2;1;2;1;1;2;1;2;1;1;1;1;2;3"
"4",8,"fa3_native_fifo",16,"case_000069",34,33,1,0.23716799914836884,0.24046399891376496,1397.2660008346627,107.8855836026729,"fa3_native","fifo","fifo",128,5,"1;1;1;1;1;1;1;1;1;1;1;1;1;1;1;1;1;1;1;1;1;1;1;1;1;1;1;1;1;1;1;1;1;1"
"4",8,"fa3_native_fifo",16,"case_000070",34,33,1,0.3895519971847534,0.3967872023582458,633.8774965101487,53.17977612671526,"fa3_native","fifo","fifo",128,1,"1;1;1;1;1;1;1;1;1;1;1;1;1;1;1;1;1;1;1;1;1;1;1;1;1;1;1;1;1;1;1;1;1;1"
"4",8,"fa3_native_fifo",16,"case_000071",28,28,0,0.10929599776864052,0.11100800335407257,919.3676358095419,226.41429242800908,"fa3_native","fifo","fifo",128,29,"1;1;1;1;2;1;1;1;1;1;2;1;4;5;1;1;1;1;1;1;2;3;5;3;1;1;2;1"
"4",8,"fa3_native_fifo",16,"case_000072",36,34,2,0.45579199492931366,0.46222078800201416,674.1316992889529,55.79934769136139,"fa3_native","fifo","fifo",128,1,"1;1;1;1;1;1;1;1;1;1;1;1;1;1;1;1;1;1;1;1;1;1;1;1;1;1;1;1;1;1;1;1;1;1;1;1"
"4",8,"fa3_native_fifo",16,"case_000073",34,33,1,0.5527679920196533,0.5617055892944336,2476.0040556605495,49.18640802746285,"fa3_native","fifo","fifo",128,1,"1;1;1;1;1;1;1;1;1;1;1;1;1;1;1;1;1;1;1;1;1;1;1;1;1;1;1;1;1;1;1;1;1;1"
"4",8,"fa3_native_fifo",16,"case_000074",33,33,0,0.11078400164842606,0.11168960109353065,690.4268135279684,170.83939664919018,"fa3_native","fifo","fifo",128,29,"6;3;1;2;1;1;2;1;1;1;1;1;1;1;1;1;1;1;1;3;1;1;1;1;3;1;1;1;1;1;1;1;1"
"4",8,"fa3_native_fifo",16,"case_000075",34,33,1,0.2189280018210411,0.22351040244102477,678.6233465440647,136.0271858889174,"fa3_native","fifo","fifo",128,5,"1;1;1;1;1;1;1;1;1;1;1;1;1;1;1;1;1;1;1;1;1;1;1;1;1;1;1;1;1;1;1;1;1;1"
"4",8,"fa3_native_fifo",16,"case_000076",39,36,3,1.169007956981659,1.1867999792099,1935.0517065364088,30.48623902613791,"fa3_native","fifo","fifo",128,1,"1;1;1;1;1;1;1;1;1;1;1;1;1;1;1;1;1;1;1;1;1;1;1;1;1;1;1;1;1;1;1;1;1;1;1;1;1;1;1"
"4",8,"fa3_native_fifo",16,"case_000077",40,40,0,0.14321599900722504,0.14486719369888307,1258.4013994058582,309.36297834828383,"fa3_native","fifo","fifo",128,29,"1;2;1;5;1;1;2;3;2;1;1;1;1;1;1;1;2;1;1;1;1;2;1;1;1;1;1;1;1;1;1;1;1;2;1;1;1;2;1;1"
"4",8,"fa3_native_fifo",16,"case_000078",42,41,1,0.5187519788742065,0.5252255797386169,2177.1742997550555,68.79551202377972,"fa3_native","fifo","fifo",128,1,"1;1;1;1;1;1;1;1;1;1;1;1;1;1;1;1;1;1;1;1;1;1;1;1;1;1;1;1;1;1;1;1;1;1;1;1;1;1;1;1;1;1"
"4",8,"fa3_native_fifo",16,"case_000079",36,35,1,0.17204800248146057,0.1740351989865303,1790.316892619497,125.39272580235105,"fa3_native","fifo","fifo",128,5,"1;1;1;1;1;1;1;1;1;1;1;1;1;1;1;1;1;1;1;1;1;1;1;1;1;1;1;1;1;1;1;1;1;1;1;1"
"4",8,"fa3_native_fifo",16,"case_000080",34,32,2,0.4307360053062439,0.43663678765296937,820.6864844481013,67.70149613860775,"fa3_native","fifo","fifo",128,1,"1;1;1;1;1;1;1;1;1;1;1;1;1;1;1;1;1;1;1;1;1;1;1;1;1;1;1;1;1;1;1;1;1;1"
"4",8,"fa3_native_fifo",16,"case_000081",35,35,0,0.12105599790811539,0.12304959818720818,1119.613414007584,275.55432672835593,"fa3_native","fifo","fifo",128,29,"1;1;1;1;4;1;2;2;1;1;1;1;1;1;1;1;1;4;1;2;1;2;1;3;2;1;1;1;1;1;1;1;1;1;1"
"4",8,"fa3_native_fifo",16,"case_000082",33,31,2,0.9449119865894318,0.9580831944942474,2521.8783209736157,36.45109014260569,"fa3_native","fifo","fifo",128,1,"1;1;1;1;1;1;1;1;1;1;1;1;1;1;1;1;1;1;1;1;1;1;1;1;1;1;1;1;1;1;1;1;1"
"4",8,"fa3_native_fifo",16,"case_000083",30,30,0,0.10958399996161461,0.11094720289111137,926.4028877533248,228.26631633050528,"fa3_native","fifo","fifo",128,29,"1;1;1;1;5;1;3;1;1;1;1;1;1;1;1;1;1;1;1;1;2;1;1;1;6;1;1;3;1;1"
"4",8,"fa3_native_fifo",16,"case_000084",24,23,1,0.40556800365448,0.41000321209430696,1418.810887010277,63.211298152210176,"fa3_native","fifo","fifo",128,1,"1;1;1;1;1;1;1;1;1;1;1;1;1;1;1;1;1;1;1;1;1;1;1;1"
"4",8,"fa3_native_fifo",16,"case_000085",44,44,0,0.14111999422311783,0.14366719871759415,1180.1718904883357,290.51248354773514,"fa3_native","fifo","fifo",128,29,"4;1;1;1;2;1;1;2;1;1;1;1;1;1;1;1;3;1;1;1;1;1;3;1;1;3;1;3;1;1;1;1;1;2;1;1;1;1;1;1;1;1;1;1"
"4",8,"fa3_native_fifo",16,"case_000086",35,35,0,0.12454400211572647,0.1258687973022461,1044.0137623261855,257.03545298194445,"fa3_native","fifo","fifo",128,29,"5;1;1;1;1;1;1;1;1;1;1;1;3;1;2;1;1;2;2;1;2;1;3;1;1;1;1;1;4;1;1;1;2;1;1"
"4",8,"fa3_native_fifo",16,"case_000087",35,35,0,0.12364800274372101,0.1251584067940712,960.8098503154587,236.73757238659866,"fa3_native","fifo","fifo",128,29,"1;3;4;1;2;3;1;3;1;1;1;3;2;1;1;1;1;1;1;1;1;1;1;1;1;1;1;1;1;1;4;1;1;1;1"
"4",8,"fa3_native_fifo",16,"case_000088",38,38,0,0.1271200031042099,0.1290367990732193,1040.5809125379046,256.3342920412567,"fa3_native","fifo","fifo",128,29,"4;1;1;1;1;1;1;2;1;1;1;1;3;7;2;1;2;1;1;1;1;1;1;1;1;1;1;1;1;1;1;1;2;1;1;1;1;1"
"4",8,"fa3_native_fifo",16,"case_000089",40,39,1,0.6710560023784637,0.7171295881271362,2933.8569425590827,59.6915665131163,"fa3_native","fifo","fifo",128,1,"1;1;1;1;1;1;1;1;1;1;1;1;1;1;1;1;1;1;1;1;1;1;1;1;1;1;1;1;1;1;1;1;1;1;1;1;1;1;1;1"
"4",8,"fa3_native_fifo",16,"case_000090",42,41,1,0.5718559920787811,0.5808960258960724,2491.014162145485,71.49357979336807,"fa3_native","fifo","fifo",128,1,"1;1;1;1;1;1;1;1;1;1;1;1;1;1;1;1;1;1;1;1;1;1;1;1;1;1;1;1;1;1;1;1;1;1;1;1;1;1;1;1;1;1"
"4",8,"fa3_native_fifo",16,"case_000091",43,43,0,0.13948799669742584,0.14152320474386215,1230.2706049485253,302.71668530442975,"fa3_native","fifo","fifo",128,29,"3;1;2;1;1;2;1;1;1;1;1;1;1;1;3;1;1;3;1;1;2;1;1;1;1;1;1;1;1;1;2;1;1;1;1;1;1;1;1;1;2;2;1"
"4",8,"fa3_native_fifo",16,"case_000092",31,31,0,0.11902399733662605,0.12147200107574463,841.9061417051257,207.53542607158596,"fa3_native","fifo","fifo",128,29,"5;2;1;1;1;2;3;2;1;1;3;2;2;1;1;2;1;2;1;1;1;1;1;2;1;2;2;1;1;1;1"
"4",8,"fa3_native_fifo",16,"case_000093",31,31,0,0.1151839978992939,0.11719359830021858,818.3818390677501,201.8585951525002,"fa3_native","fifo","fifo",128,29,"5;1;1;1;2;1;3;2;2;1;1;2;1;2;1;1;1;1;1;2;1;2;2;1;1;1;1;1;1;2;1"
"4",8,"fa3_native_fifo",16,"case_000094",22,22,0,0.0987199991941452,0.09964799880981445,677.6337481571557,167.14230282305945,"fa3_native","fifo","fifo",128,29,"2;1;2;2;2;2;1;2;2;2;1;1;4;6;1;1;1;1;1;1;3;2"
"4",8,"fa3_native_fifo",16,"case_000095",35,35,0,0.11897599697113037,0.12065920233726501,756.7850434726603,187.01183908044044,"fa3_native","fifo","fifo",128,26,"1;3;1;1;2;1;1;2;1;1;1;2;3;1;2;1;2;1;2;1;1;3;1;2;1;1;1;1;1;2;1;1;1;1;2"
"4",8,"fa3_native_fifo",16,"case_000096",23,23,0,0.09371199831366539,0.09536320343613625,486.64844720689047,120.68772626259059,"fa3_native","fifo","fifo",128,29,"1;1;4;1;1;2;2;1;1;7;1;2;1;1;3;1;1;3;1;1;1;2;1"
"4",8,"fa3_native_fifo",16,"case_000097",30,29,1,0.11326399818062782,0.11471680104732514,792.1359776909711,193.83077017101914,"fa3_native","fifo","fifo",128,8,"1;1;4;1;1;1;1;1;1;1;1;3;2;1;2;1;1;1;1;1;1;2;1;1;1;3;1;1;7;1"
"4",8,"fa3_native_fifo",16,"case_000098",45,43,2,1.2208000421524048,1.2399487495422363,3104.583331230625,35.9084129147887,"fa3_native","fifo","fifo",128,1,"1;1;1;1;1;1;1;1;1;1;1;1;1;1;1;1;1;1;1;1;1;1;1;1;1;1;1;1;1;1;1;1;1;1;1;1;1;1;1;1;1;1;1;1;1"
"4",8,"fa3_native_fifo",16,"case_000099",7,7,0,0.07313599810004234,0.07666240185499192,739.8374429782845,181.35638187171088,"fa3_native","fifo","fifo",128,29,"1;17;6;1;2;2;3"
"4",8,"critical_wave_auto_lpt",16,"case_000000",23,22,1,0.3874559998512268,0.4007008016109467,674.7439447585889,62.390320473246014,"critical_wave","fifo","fifo_critical_wave",176,1,"1;1;1;1;1;1;1;1;1;1;1;1;1;1;1;1;1;1;1;1;1;1;1"
"4",8,"critical_wave_auto_lpt",16,"case_000001",39,38,1,0.563152015209198,0.5695264220237732,2465.291759881683,56.87836877952245,"critical_wave","fifo","fifo_critical_wave",176,1,"1;1;1;1;1;1;1;1;1;1;1;1;1;1;1;1;1;1;1;1;1;1;1;1;1;1;1;1;1;1;1;1;1;1;1;1;1;1;1"
"4",8,"critical_wave_auto_lpt",16,"case_000002",45,45,0,0.1422239989042282,0.14435520321130751,1288.331860977878,316.9539905171366,"critical_wave","release_lpt","release_lpt_critical_wave",128,3,"3;2;1;1;1;1;1;1;1;1;1;1;1;1;1;1;1;1;1;2;1;1;1;1;1;1;1;1;1;1;1;1;1;1;1;1;1;1;1;1;1;1;1;1;1"
"4",8,"critical_wave_auto_lpt",16,"case_000003",41,40,1,0.34435200691223145,0.36360321044921873,2801.8736729648754,130.96496345233908,"critical_wave","fifo","fifo_critical_wave",176,1,"1;1;1;1;1;1;1;1;1;1;1;1;1;1;1;1;1;1;1;1;1;1;1;1;1;1;1;1;1;1;1;1;1;1;1;1;1;1;1;1;1"
"4",8,"critical_wave_auto_lpt",16,"case_000004",27,25,2,0.6428160071372986,0.6457535862922669,2152.219401033838,38.699521673060346,"critical_wave","fifo","fifo_critical_wave",176,1,"1;1;1;1;1;1;1;1;1;1;1;1;1;1;1;1;1;1;1;1;1;1;1;1;1;1;1"
"4",8,"critical_wave_auto_lpt",16,"case_000005",35,35,0,0.12620799988508224,0.12903360575437545,1040.958313321062,256.26115641994926,"critical_wave","release_lpt","release_lpt_critical_wave",128,3,"1;1;1;1;1;1;1;1;1;1;1;1;1;1;1;1;1;1;1;1;1;1;1;1;1;1;3;1;1;2;1;1;1;1;1"
"4",8,"critical_wave_auto_lpt",16,"case_000006",33,32,1,0.17023999989032745,0.17647680193185805,1244.232373733894,145.13646625891383,"critical_wave","fifo","fifo_critical_wave",176,1,"1;1;1;1;1;1;1;1;1;1;1;1;1;1;1;1;1;1;1;1;1;1;1;1;1;1;1;1;1;1;1;1;1"
"4",8,"critical_wave_auto_lpt",16,"case_000007",34,34,0,0.10924799740314484,0.11073280051350594,722.7124624046169,178.82367150317785,"critical_wave","fifo","fifo_critical_wave",176,1,"1;1;1;1;1;1;1;1;1;1;1;1;1;1;1;1;1;1;1;1;1;1;1;1;1;1;1;1;1;1;1;1;1;1"
"4",8,"critical_wave_auto_lpt",16,"case_000008",32,32,0,0.10889600217342377,0.11111999675631523,860.4344136231946,212.3144242079671,"critical_wave","release_lpt","release_lpt_critical_wave",128,2,"1;1;1;1;1;1;1;1;1;1;1;2;1;1;1;1;1;1;1;1;1;1;1;1;1;1;1;1;1;1;1;1"
"4",8,"critical_wave_auto_lpt",16,"case_000009",37,37,0,0.12918400019407272,0.13253120332956314,1093.7354890678084,269.215753868533,"critical_wave","release_lpt","release_lpt_critical_wave",128,3,"1;1;1;1;1;1;3;2;1;1;1;1;1;1;1;1;1;1;1;1;1;1;1;1;1;1;1;1;1;1;1;1;1;1;1;1;1"
"4",8,"critical_wave_auto_lpt",16,"case_000010",29,27,2,0.5547679960727692,0.5642175853252411,1059.9601775493688,46.416635750960474,"critical_wave","fifo","fifo_critical_wave",176,1,"1;1;1;1;1;1;1;1;1;1;1;1;1;1;1;1;1;1;1;1;1;1;1;1;1;1;1;1;1"
"4",8,"critical_wave_auto_lpt",16,"case_000011",30,30,0,0.1125280000269413,0.11371200159192085,900.9615877268495,222.000284320516,"critical_wave","release_lpt","release_lpt_critical_wave",128,2,"1;1;1;1;1;1;1;1;1;2;1;1;1;1;1;1;1;1;1;1;1;1;1;1;1;1;1;1;1;1"
"4",8,"critical_wave_auto_lpt",16,"case_000012",31,29,2,0.4250880032777786,0.4352800130844116,642.121534344107,61.30909317374841,"critical_wave","fifo","fifo_critical_wave",176,1,"1;1;1;1;1;1;1;1;1;1;1;1;1;1;1;1;1;1;1;1;1;1;1;1;1;1;1;1;1;1;1"
"4",8,"critical_wave_auto_lpt",16,"case_000013",38,38,0,0.12883199751377106,0.13018879294395447,842.4635870479178,207.93542378426997,"critical_wave","fifo","fifo_critical_wave",176,1,"1;1;1;1;1;1;1;1;1;1;1;1;1;1;1;1;1;1;1;1;1;1;1;1;1;1;1;1;1;1;1;1;1;1;1;1;1;1"
"4",8,"critical_wave_auto_lpt",16,"case_000014",26,26,0,0.13417600095272064,0.135628804564476,1035.7223871127915,254.34390470487503,"critical_wave","release_lpt","release_lpt_critical_wave",128,2,"1;1;1;1;1;1;1;1;2;1;1;1;1;1;1;1;1;1;1;1;1;1;1;1;1;1"
"4",8,"critical_wave_auto_lpt",16,"case_000015",44,44,0,0.138544000685215,0.13966720551252365,1174.4938174963854,289.1705725390922,"critical_wave","release_lpt","release_lpt_critical_wave",128,6,"1;1;1;1;1;6;1;1;6;2;1;1;1;1;1;1;2;2;1;1;1;2;1;1;1;1;1;1;1;1;1;1;1;1;1;1;2;1;1;2;1;1;1;1"
"4",8,"critical_wave_auto_lpt",16,"case_000016",30,29,1,0.39340800046920776,0.40477119088172914,669.8559211142082,62.88140548869254,"critical_wave","fifo","fifo_critical_wave",176,1,"1;1;1;1;1;1;1;1;1;1;1;1;1;1;1;1;1;1;1;1;1;1;1;1;1;1;1;1;1;1"
"4",8,"critical_wave_auto_lpt",16,"case_000017",32,32,0,0.11231999844312668,0.11572160124778748,834.3633802261226,205.88091453463767,"critical_wave","fifo","fifo_critical_wave",176,1,"1;1;1;1;1;1;1;1;1;1;1;1;1;1;1;1;1;1;1;1;1;1;1;1;1;1;1;1;1;1;1;1"
"4",8,"critical_wave_auto_lpt",16,"case_000018",33,32,1,0.1855040043592453,0.18927039504051207,589.3103080421544,111.06503102811953,"critical_wave","fifo","fifo_critical_wave",176,1,"1;1;1;1;1;1;1;1;1;1;1;1;1;1;1;1;1;1;1;1;1;1;1;1;1;1;1;1;1;1;1;1;1"
"4",8,"critical_wave_auto_lpt",16,"case_000019",46,44,2,1.0459200143814087,1.0542944192886352,2569.653040512438,40.237356032325735,"critical_wave","fifo","fifo_critical_wave",176,1,"1;1;1;1;1;1;1;1;1;1;1;1;1;1;1;1;1;1;1;1;1;1;1;1;1;1;1;1;1;1;1;1;1;1;1;1;1;1;1;1;1;1;1;1;1;1"
"4",8,"critical_wave_auto_lpt",16,"case_000020",39,38,1,0.399167999625206,0.40952000916004183,776.3289280978521,90.50072158569607,"critical_wave","fifo","fifo_critical_wave",176,1,"1;1;1;1;1;1;1;1;1;1;1;1;1;1;1;1;1;1;1;1;1;1;1;1;1;1;1;1;1;1;1;1;1;1;1;1;1;1;1"
"4",8,"critical_wave_auto_lpt",16,"case_000021",29,29,0,0.10385600104928017,0.10565439984202385,998.2540647873191,245.84994359531015,"critical_wave","release_lpt","release_lpt_critical_wave",128,4,"1;1;1;1;1;1;1;1;1;1;1;1;1;1;1;1;1;1;1;1;1;1;1;1;4;1;1;1;1"
"4",8,"critical_wave_auto_lpt",16,"case_000022",41,41,0,0.11195200309157372,0.11394240260124207,870.9148297440207,215.42660545584508,"critical_wave","fifo","fifo_critical_wave",176,1,"1;1;1;1;1;1;1;1;1;1;1;1;1;1;1;1;1;1;1;1;1;1;1;1;1;1;1;1;1;1;1;1;1;1;1;1;1;1;1;1;1"
"4",8,"critical_wave_auto_lpt",16,"case_000023",42,41,1,0.19420799612998962,0.19714559614658356,895.2628525739235,129.86390108839308,"critical_wave","fifo","fifo_critical_wave",176,1,"1;1;1;1;1;1;1;1;1;1;1;1;1;1;1;1;1;1;1;1;1;1;1;1;1;1;1;1;1;1;1;1;1;1;1;1;1;1;1;1;1;1"
"4",8,"critical_wave_auto_lpt",16,"case_000024",58,58,0,0.16067200154066086,0.16233920603990554,1265.8328530284111,311.80202847801,"critical_wave","release_lpt","release_lpt_critical_wave",128,4,"1;1;2;1;4;1;1;4;1;1;1;1;1;1;1;1;1;1;1;1;2;1;1;2;1;1;1;1;3;1;1;1;1;1;1;1;1;1;1;1;1;2;1;1;1;1;1;1;1;1;1;1;1;1;1;1;1;1"
"4",8,"critical_wave_auto_lpt",16,"case_000025",38,36,2,0.4286879897117615,0.43856640756130216,624.3673610822798,58.13772393473755,"critical_wave","fifo","fifo_critical_wave",176,1,"1;1;1;1;1;1;1;1;1;1;1;1;1;1;1;1;1;1;1;1;1;1;1;1;1;1;1;1;1;1;1;1;1;1;1;1;1;1"
"4",8,"critical_wave_auto_lpt",16,"case_000026",34,34,0,0.14715199917554855,0.14916799664497377,804.848639499012,198.26334785431735,"critical_wave","fifo","fifo_critical_wave",176,1,"1;1;1;1;1;1;1;1;1;1;1;1;1;1;1;1;1;1;1;1;1;1;1;1;1;1;1;1;1;1;1;1;1;1"
"4",8,"critical_wave_auto_lpt",16,"case_000027",35,35,0,0.12201599776744843,0.12419519945979118,844.6901764835299,208.4169983059738,"critical_wave","release_lpt","release_lpt_critical_wave",128,2,"1;1;1;1;1;1;1;1;1;1;1;1;1;1;1;1;1;1;1;1;1;1;1;1;1;1;1;1;1;1;1;2;1;1;1"
"4",8,"critical_wave_auto_lpt",16,"case_000028",38,37,1,0.4015999883413315,0.41018880903720856,697.6976470274542,71.88430487568547,"critical_wave","fifo","fifo_critical_wave",176,1,"1;1;1;1;1;1;1;1;1;1;1;1;1;1;1;1;1;1;1;1;1;1;1;1;1;1;1;1;1;1;1;1;1;1;1;1;1;1"
"4",8,"critical_wave_auto_lpt",16,"case_000029",41,40,1,0.4095200002193451,0.41379200518131254,2054.1684036663123,86.65473720695621,"critical_wave","fifo","fifo_critical_wave",176,1,"1;1;1;1;1;1;1;1;1;1;1;1;1;1;1;1;1;1;1;1;1;1;1;1;1;1;1;1;1;1;1;1;1;1;1;1;1;1;1;1;1"
"4",8,"critical_wave_auto_lpt",16,"case_000030",39,38,1,0.21748799830675125,0.21943039447069168,682.2457117781748,162.15081418083602,"critical_wave","fifo","fifo_critical_wave",176,1,"1;1;1;1;1;1;1;1;1;1;1;1;1;1;1;1;1;1;1;1;1;1;1;1;1;1;1;1;1;1;1;1;1;1;1;1;1;1;1"
"4",8,"critical_wave_auto_lpt",16,"case_000031",30,28,2,1.6187999844551086,1.6755167841911316,3493.309310342917,19.206523535065063,"critical_wave","fifo","fifo_critical_wave",176,1,"1;1;1;1;1;1;1;1;1;1;1;1;1;1;1;1;1;1;1;1;1;1;1;1;1;1;1;1;1;1"
"4",8,"critical_wave_auto_lpt",16,"case_000032",30,30,0,0.14377599954605103,0.14597760140895844,796.9012800589286,196.15179229525725,"critical_wave","fifo","fifo_critical_wave",176,1,"1;1;1;1;1;1;1;1;1;1;1;1;1;1;1;1;1;1;1;1;1;1;1;1;1;1;1;1;1;1"
"4",8,"critical_wave_auto_lpt",16,"case_000033",30,30,0,0.09643199667334557,0.09764479845762253,707.600165110557,175.13323982296095,"critical_wave","fifo","fifo_critical_wave",176,1,"1;1;1;1;1;1;1;1;1;1;1;1;1;1;1;1;1;1;1;1;1;1;1;1;1;1;1;1;1;1"
"4",8,"critical_wave_auto_lpt",16,"case_000034",36,35,1,0.801936000585556,0.8070912063121796,3432.09593811765,38.38127728088727,"critical_wave","fifo","fifo_critical_wave",176,1,"1;1;1;1;1;1;1;1;1;1;1;1;1;1;1;1;1;1;1;1;1;1;1;1;1;1;1;1;1;1;1;1;1;1;1;1"
"4",8,"critical_wave_auto_lpt",16,"case_000035",37,36,1,0.19856000691652298,0.20181440114974974,579.2965006913902,116.56405718061049,"critical_wave","fifo","fifo_critical_wave",176,1,"1;1;1;1;1;1;1;1;1;1;1;1;1;1;1;1;1;1;1;1;1;1;1;1;1;1;1;1;1;1;1;1;1;1;1;1;1"
"4",8,"critical_wave_auto_lpt",16,"case_000036",35,35,0,0.1364160031080246,0.13765119761228561,1251.3476684170528,307.4670349840553,"critical_wave","release_lpt","release_lpt_critical_wave",128,5,"1;1;1;1;1;1;1;1;1;1;1;3;1;1;5;1;1;1;1;2;1;1;1;1;1;1;1;1;1;1;1;1;1;1;1"
"4",8,"critical_wave_auto_lpt",16,"case_000037",37,35,2,0.2818560004234314,0.2854496031999588,2089.788450993124,99.60399621730437,"critical_wave","fifo","fifo_critical_wave",176,1,"1;1;1;1;1;1;1;1;1;1;1;1;1;1;1;1;1;1;1;1;1;1;1;1;1;1;1;1;1;1;1;1;1;1;1;1;1"
"4",8,"critical_wave_auto_lpt",16,"case_000038",28,28,0,0.10343999788165092,0.10487040132284164,760.4685074529946,187.73148102939683,"critical_wave","fifo","fifo_critical_wave",176,1,"1;1;1;1;1;1;1;1;1;1;1;1;1;1;1;1;1;1;1;1;1;1;1;1;1;1;1;1"
"4",8,"critical_wave_auto_lpt",16,"case_000039",24,23,1,0.5089919865131378,0.5149375855922699,2079.203149271357,35.73318339370465,"critical_wave","fifo","fifo_critical_wave",176,1,"1;1;1;1;1;1;1;1;1;1;1;1;1;1;1;1;1;1;1;1;1;1;1;1"
"4",8,"critical_wave_auto_lpt",16,"case_000040",38,38,0,0.10534399747848511,0.1073375977575779,874.7921473059826,216.3311108889174,"critical_wave","release_lpt","release_lpt_critical_wave",128,2,"1;1;1;1;1;1;1;1;2;1;1;1;1;1;1;1;1;1;1;1;1;1;1;1;1;1;1;1;1;1;1;1;1;1;1;1;1;1"
"4",8,"critical_wave_auto_lpt",16,"case_000041",40,40,0,0.11726399883627892,0.11822719871997833,944.0908441351005,233.09974306916942,"critical_wave","release_lpt","release_lpt_critical_wave",128,2,"1;1;1;1;1;1;1;1;1;1;1;1;1;1;1;1;1;1;1;1;1;1;1;2;1;1;1;1;1;1;1;1;1;1;1;1;1;1;1;1"
"4",8,"critical_wave_auto_lpt",16,"case_000042",43,40,3,1.817903995513916,1.8871584296226502,3374.7457043118848,20.54585945801893,"critical_wave","fifo","fifo_critical_wave",176,1,"1;1;1;1;1;1;1;1;1;1;1;1;1;1;1;1;1;1;1;1;1;1;1;1;1;1;1;1;1;1;1;1;1;1;1;1;1;1;1;1;1;1;1"
"4",8,"critical_wave_auto_lpt",16,"case_000043",49,49,0,0.14347200095653534,0.14619520157575608,1257.4651398265178,309.61034699346743,"critical_wave","release_lpt","release_lpt_critical_wave",128,2,"1;1;1;1;1;1;1;1;1;1;1;1;2;1;2;1;1;1;1;1;1;1;1;1;1;1;1;1;1;1;1;1;1;1;1;1;1;1;1;1;1;1;1;1;1;1;1;1;1"
"4",8,"critical_wave_auto_lpt",16,"case_000044",32,31,1,0.3396639972925186,0.3434112071990967,599.5915823383787,66.19398046074642,"critical_wave","fifo","fifo_critical_wave",176,1,"1;1;1;1;1;1;1;1;1;1;1;1;1;1;1;1;1;1;1;1;1;1;1;1;1;1;1;1;1;1;1;1"
"4",8,"critical_wave_auto_lpt",16,"case_000045",25,25,0,0.08657600358128548,0.08913600072264671,636.3189860603406,157.55977910429507,"critical_wave","release_lpt","release_lpt_critical_wave",128,2,"1;1;1;1;1;1;1;1;1;1;1;1;1;1;1;1;1;1;1;1;1;1;2;1;1"
"4",8,"critical_wave_auto_lpt",16,"case_000046",35,33,2,0.5435360074043274,0.5474207878112793,1856.3664727246307,59.37016786450914,"critical_wave","fifo","fifo_critical_wave",176,1,"1;1;1;1;1;1;1;1;1;1;1;1;1;1;1;1;1;1;1;1;1;1;1;1;1;1;1;1;1;1;1;1;1;1;1"
"4",8,"critical_wave_auto_lpt",16,"case_000047",46,46,0,0.13526400178670883,0.13686720579862593,1050.7271855531144,259.126090733803,"critical_wave","fifo","fifo_critical_wave",176,1,"1;1;1;1;1;1;1;1;1;1;1;1;1;1;1;1;1;1;1;1;1;1;1;1;1;1;1;1;1;1;1;1;1;1;1;1;1;1;1;1;1;1;1;1;1;1"
"4",8,"critical_wave_auto_lpt",16,"case_000048",49,47,2,0.5002399981021881,0.5080288171768188,688.3860905693813,80.39494673071823,"critical_wave","fifo","fifo_critical_wave",176,1,"1;1;1;1;1;1;1;1;1;1;1;1;1;1;1;1;1;1;1;1;1;1;1;1;1;1;1;1;1;1;1;1;1;1;1;1;1;1;1;1;1;1;1;1;1;1;1;1;1"
"4",8,"critical_wave_auto_lpt",16,"case_000049",49,49,0,0.1411679983139038,0.14304960072040557,1159.1629071918576,285.6534092828341,"critical_wave","release_lpt","release_lpt_critical_wave",128,4,"1;2;1;4;1;1;1;1;1;1;1;1;1;1;1;1;1;1;1;1;1;1;1;1;2;1;1;1;1;1;1;1;1;1;1;1;1;1;1;1;1;1;1;1;1;1;1;1;1"
"4",8,"critical_wave_auto_lpt",16,"case_000050",37,37,0,0.11849600076675415,0.1208480030298233,771.5490136410646,190.75452212511965,"critical_wave","release_lpt","release_lpt_critical_wave",128,2,"1;2;1;1;1;1;1;1;1;1;1;1;1;1;1;1;1;1;1;1;1;1;1;1;1;1;1;1;1;1;1;1;1;1;1;1;1"
"4",8,"critical_wave_auto_lpt",16,"case_000051",42,40,2,0.3193120062351227,0.32340799570083617,2014.8602687186797,100.36057327704411,"critical_wave","fifo","fifo_critical_wave",176,1,"1;1;1;1;1;1;1;1;1;1;1;1;1;1;1;1;1;1;1;1;1;1;1;1;1;1;1;1;1;1;1;1;1;1;1;1;1;1;1;1;1;1"
"4",8,"critical_wave_auto_lpt",16,"case_000052",36,36,0,0.1096000000834465,0.11118399724364281,932.9049592897112,230.27211661299816,"critical_wave","release_lpt","release_lpt_critical_wave",128,2,"1;1;1;1;2;1;1;1;1;1;1;1;1;1;1;1;1;1;1;1;1;1;1;1;1;1;1;1;1;1;1;1;1;1;1;1"
"4",8,"critical_wave_auto_lpt",16,"case_000053",22,22,0,0.0949920006096363,0.09622720181941986,496.3079772763247,122.9402047019874,"critical_wave","fifo","fifo_critical_wave",176,1,"1;1;1;1;1;1;1;1;1;1;1;1;1;1;1;1;1;1;1;1;1;1"
"4",8,"critical_wave_auto_lpt",16,"case_000054",22,22,0,0.09507200121879578,0.09610560163855553,539.6986588503192,133.53214234739553,"critical_wave","fifo","fifo_critical_wave",176,1,"1;1;1;1;1;1;1;1;1;1;1;1;1;1;1;1;1;1;1;1;1;1"
"4",8,"critical_wave_auto_lpt",16,"case_000055",22,21,1,0.1979999989271164,0.2014847993850708,391.42700171694753,65.28775792952608,"critical_wave","fifo","fifo_critical_wave",176,1,"1;1;1;1;1;1;1;1;1;1;1;1;1;1;1;1;1;1;1;1;1;1"
"4",8,"critical_wave_auto_lpt",16,"case_000056",41,41,0,0.14323199540376663,0.1450304016470909,893.0625487651075,220.22208034651527,"critical_wave","fifo","fifo_critical_wave",176,1,"1;1;1;1;1;1;1;1;1;1;1;1;1;1;1;1;1;1;1;1;1;1;1;1;1;1;1;1;1;1;1;1;1;1;1;1;1;1;1;1;1"
"4",8,"critical_wave_auto_lpt",16,"case_000057",38,37,1,1.0215999484062195,1.0277536392211915,3768.8296724355628,30.78834924479966,"critical_wave","fifo","fifo_critical_wave",176,1,"1;1;1;1;1;1;1;1;1;1;1;1;1;1;1;1;1;1;1;1;1;1;1;1;1;1;1;1;1;1;1;1;1;1;1;1;1;1"
"4",8,"critical_wave_auto_lpt",16,"case_000058",22,22,0,0.13264000415802002,0.13437439501285553,575.1119800412611,141.67671449717568,"critical_wave","fifo","fifo_critical_wave",176,1,"1;1;1;1;1;1;1;1;1;1;1;1;1;1;1;1;1;1;1;1;1;1"
"4",8,"critical_wave_auto_lpt",16,"case_000059",28,28,0,0.13447999954223633,0.13651519566774367,724.7225095460414,178.52659192238985,"critical_wave","fifo","fifo_critical_wave",176,1,"1;1;1;1;1;1;1;1;1;1;1;1;1;1;1;1;1;1;1;1;1;1;1;1;1;1;1;1"
"4",8,"critical_wave_auto_lpt",16,"case_000060",36,36,0,0.11568000167608261,0.1177952028810978,945.5108820128428,233.21770063198363,"critical_wave","release_lpt","release_lpt_critical_wave",128,3,"2;3;1;1;1;1;1;1;1;1;1;1;1;1;1;1;1;1;1;1;1;1;1;1;1;1;1;1;1;1;1;1;1;1;1;1"
"4",8,"critical_wave_auto_lpt",16,"case_000061",39,36,3,1.1496800184249878,1.160425591468811,2674.654894996448,28.345584404123716,"critical_wave","fifo","fifo_critical_wave",176,1,"1;1;1;1;1;1;1;1;1;1;1;1;1;1;1;1;1;1;1;1;1;1;1;1;1;1;1;1;1;1;1;1;1;1;1;1;1;1;1"
"4",8,"critical_wave_auto_lpt",16,"case_000062",41,39,2,0.47491198778152466,0.499468806385994,1275.6552258661857,68.3285510470797,"critical_wave","fifo","fifo_critical_wave",176,1,"1;1;1;1;1;1;1;1;1;1;1;1;1;1;1;1;1;1;1;1;1;1;1;1;1;1;1;1;1;1;1;1;1;1;1;1;1;1;1;1;1"
"4",8,"critical_wave_auto_lpt",16,"case_000063",33,31,2,0.21880000084638596,0.2211776003241539,1039.6576486291058,108.57681859278841,"critical_wave","fifo","fifo_critical_wave",176,1,"1;1;1;1;1;1;1;1;1;1;1;1;1;1;1;1;1;1;1;1;1;1;1;1;1;1;1;1;1;1;1;1;1"
"4",8,"critical_wave_auto_lpt",16,"case_000064",33,33,0,0.12886399775743484,0.13223039954900742,801.0024634056076,197.51577199948773,"critical_wave","fifo","fifo_critical_wave",176,1,"1;1;1;1;1;1;1;1;1;1;1;1;1;1;1;1;1;1;1;1;1;1;1;1;1;1;1;1;1;1;1;1;1"
"4",8,"critical_wave_auto_lpt",16,"case_000065",34,34,0,0.10236799716949463,0.10420160293579102,755.3362234485702,186.9484265508609,"critical_wave","release_lpt","release_lpt_critical_wave",128,4,"1;1;1;1;1;1;1;1;1;1;1;1;1;1;1;1;1;1;1;4;1;1;1;1;1;1;1;1;1;1;1;1;1;1"
"4",8,"critical_wave_auto_lpt",16,"case_000066",54,54,0,0.1493920013308525,0.1506751999258995,1178.2775381806682,290.4298999510057,"critical_wave","release_lpt","release_lpt_critical_wave",128,5,"2;3;1;1;1;1;1;1;1;1;1;1;5;1;1;1;1;1;1;3;1;1;3;1;1;1;1;1;1;1;1;1;1;1;1;1;1;1;2;1;1;1;1;1;1;1;1;1;1;1;1;1;1;1"
"4",8,"critical_wave_auto_lpt",16,"case_000067",37,37,0,0.12625600397586823,0.1276800036430359,1006.0525223677904,247.85957906588973,"critical_wave","release_lpt","release_lpt_critical_wave",128,7,"4;2;1;1;7;1;1;1;4;1;1;1;2;1;1;1;1;1;1;1;1;2;1;1;1;1;1;1;1;1;1;1;1;2;1;1;1"
"4",8,"critical_wave_auto_lpt",16,"case_000068",33,33,0,0.10452799871563911,0.1068544015288353,771.9000811208315,190.8666792164941,"critical_wave","release_lpt","release_lpt_critical_wave",128,2,"2;1;1;1;1;1;1;1;1;1;1;1;1;1;1;1;1;1;1;1;1;1;1;1;1;1;1;1;1;1;1;1;1"
"4",8,"critical_wave_auto_lpt",16,"case_000069",34,33,1,0.23287999629974365,0.23799680173397064,1422.993760569571,109.87207319887854,"critical_wave","fifo","fifo_critical_wave",176,1,"1;1;1;1;1;1;1;1;1;1;1;1;1;1;1;1;1;1;1;1;1;1;1;1;1;1;1;1;1;1;1;1;1;1"
"4",8,"critical_wave_auto_lpt",16,"case_000070",34,33,1,0.3983839899301529,0.410195192694664,619.8247193098622,52.00080455952084,"critical_wave","fifo","fifo_critical_wave",176,1,"1;1;1;1;1;1;1;1;1;1;1;1;1;1;1;1;1;1;1;1;1;1;1;1;1;1;1;1;1;1;1;1;1;1"
"4",8,"critical_wave_auto_lpt",16,"case_000071",28,28,0,0.11446399986743927,0.11650559976696968,877.8585685313249,216.19178107228947,"critical_wave","release_lpt","release_lpt_critical_wave",128,3,"1;1;1;1;1;1;1;1;1;1;1;1;2;3;1;1;1;1;1;1;1;1;2;1;1;1;1;1"
"4",8,"critical_wave_auto_lpt",16,"case_000072",36,34,2,0.47516800463199615,0.4898335874080658,646.6425118458195,53.524007828972074,"critical_wave","fifo","fifo_critical_wave",176,1,"1;1;1;1;1;1;1;1;1;1;1;1;1;1;1;1;1;1;1;1;1;1;1;1;1;1;1;1;1;1;1;1;1;1;1;1"
"4",8,"critical_wave_auto_lpt",16,"case_000073",34,33,1,0.557919979095459,0.5635456144809723,2453.1399508204845,48.732207160030875,"critical_wave","fifo","fifo_critical_wave",176,1,"1;1;1;1;1;1;1;1;1;1;1;1;1;1;1;1;1;1;1;1;1;1;1;1;1;1;1;1;1;1;1;1;1;1"
"4",8,"critical_wave_auto_lpt",16,"case_000074",33,33,0,0.10179200023412704,0.10597440153360367,751.4170570582456,185.93083893104136,"critical_wave","release_lpt","release_lpt_critical_wave",128,2,"2;1;1;1;1;1;1;1;1;1;1;1;1;1;1;1;1;1;1;1;1;1;1;1;1;1;1;1;1;1;1;1;1"
"4",8,"critical_wave_auto_lpt",16,"case_000075",34,33,1,0.2104319930076599,0.2148991972208023,706.0221743116406,141.51916528641144,"critical_wave","fifo","fifo_critical_wave",176,1,"1;1;1;1;1;1;1;1;1;1;1;1;1;1;1;1;1;1;1;1;1;1;1;1;1;1;1;1;1;1;1;1;1;1"
"4",8,"critical_wave_auto_lpt",16,"case_000076",39,36,3,1.2120479941368103,1.2258335828781128,1866.337680566027,29.40366732373576,"critical_wave","fifo","fifo_critical_wave",176,1,"1;1;1;1;1;1;1;1;1;1;1;1;1;1;1;1;1;1;1;1;1;1;1;1;1;1;1;1;1;1;1;1;1;1;1;1;1;1;1"
"4",8,"critical_wave_auto_lpt",16,"case_000077",40,40,0,0.1446080058813095,0.14624639600515366,1246.2879386907703,306.38502847736515,"critical_wave","release_lpt","release_lpt_critical_wave",128,2,"1;2;1;2;1;1;1;2;1;1;1;1;1;1;1;1;1;1;1;1;1;1;1;1;1;1;1;1;1;1;1;1;1;1;1;1;1;1;1;1"
"4",8,"critical_wave_auto_lpt",16,"case_000078",42,41,1,0.5348000228404999,0.5401695847511292,2111.8426105393773,66.73112654418047,"critical_wave","fifo","fifo_critical_wave",176,1,"1;1;1;1;1;1;1;1;1;1;1;1;1;1;1;1;1;1;1;1;1;1;1;1;1;1;1;1;1;1;1;1;1;1;1;1;1;1;1;1;1;1"
"4",8,"critical_wave_auto_lpt",16,"case_000079",36,35,1,0.17244799435138702,0.17507200539112092,1786.1642655951398,125.10187828593021,"critical_wave","fifo","fifo_critical_wave",176,1,"1;1;1;1;1;1;1;1;1;1;1;1;1;1;1;1;1;1;1;1;1;1;1;1;1;1;1;1;1;1;1;1;1;1;1;1"
"4",8,"critical_wave_auto_lpt",16,"case_000080",34,32,2,0.45102399587631226,0.46053760349750517,783.770311894764,64.6561430580673,"critical_wave","fifo","fifo_critical_wave",176,1,"1;1;1;1;1;1;1;1;1;1;1;1;1;1;1;1;1;1;1;1;1;1;1;1;1;1;1;1;1;1;1;1;1;1"
"4",8,"critical_wave_auto_lpt",16,"case_000081",35,35,0,0.14323200285434723,0.14567359834909438,946.2684065224349,232.8914162704356,"critical_wave","fifo","fifo_critical_wave",176,1,"1;1;1;1;1;1;1;1;1;1;1;1;1;1;1;1;1;1;1;1;1;1;1;1;1;1;1;1;1;1;1;1;1;1;1"
"4",8,"critical_wave_auto_lpt",16,"case_000082",33,31,2,0.97079998254776,0.9803743839263916,2454.6282417045336,35.47906120641645,"critical_wave","fifo","fifo_critical_wave",176,1,"1;1;1;1;1;1;1;1;1;1;1;1;1;1;1;1;1;1;1;1;1;1;1;1;1;1;1;1;1;1;1;1;1"
"4",8,"critical_wave_auto_lpt",16,"case_000083",30,30,0,0.12009599804878235,0.12163520231842995,845.3148786420306,208.2861744472061,"critical_wave","release_lpt","release_lpt_critical_wave",128,3,"1;1;1;1;3;1;2;1;1;1;1;1;1;1;1;1;1;1;1;1;1;1;1;1;2;1;1;1;1;1"
"4",8,"critical_wave_auto_lpt",16,"case_000084",24,23,1,0.420415997505188,0.4260480016469955,1368.7021959741178,60.97884036794685,"critical_wave","fifo","fifo_critical_wave",176,1,"1;1;1;1;1;1;1;1;1;1;1;1;1;1;1;1;1;1;1;1;1;1;1;1"
"4",8,"critical_wave_auto_lpt",16,"case_000085",44,44,0,0.1382559984922409,0.14013440161943436,1204.6193451588051,296.5304973896001,"critical_wave","release_lpt","release_lpt_critical_wave",128,3,"3;1;1;1;1;1;1;1;1;1;1;1;1;1;1;1;2;1;1;1;1;1;2;1;1;2;1;2;1;1;1;1;1;1;1;1;1;1;1;1;1;1;1;1"
"4",8,"critical_wave_auto_lpt",16,"case_000086",35,35,0,0.13340800255537033,0.1354591965675354,974.6465709209123,239.9572993135362,"critical_wave","release_lpt","release_lpt_critical_wave",128,2,"2;1;1;1;1;1;1;1;1;1;1;1;1;1;1;1;1;1;1;1;1;1;1;1;1;1;1;1;2;1;1;1;1;1;1"
"4",8,"critical_wave_auto_lpt",16,"case_000087",35,35,0,0.1292160004377365,0.1305599957704544,919.4079572618064,226.53640339305306,"critical_wave","release_lpt","release_lpt_critical_wave",128,2,"1;1;2;1;1;1;1;1;1;1;1;1;1;1;1;1;1;1;1;1;1;1;1;1;1;1;1;1;1;1;1;1;1;1;1"
"4",8,"critical_wave_auto_lpt",16,"case_000088",38,38,0,0.13288000226020813,0.13581439852714539,995.4744625377824,245.222873613375,"critical_wave","release_lpt","release_lpt_critical_wave",128,2,"1;1;1;1;1;1;1;1;1;1;1;1;1;2;1;1;1;1;1;1;1;1;1;1;1;1;1;1;1;1;1;1;1;1;1;1;1;1"
"4",8,"critical_wave_auto_lpt",16,"case_000089",40,39,1,0.6713280081748962,0.722710394859314,2932.668215015226,59.66738094079995,"critical_wave","fifo","fifo_critical_wave",176,1,"1;1;1;1;1;1;1;1;1;1;1;1;1;1;1;1;1;1;1;1;1;1;1;1;1;1;1;1;1;1;1;1;1;1;1;1;1;1;1;1"
"4",8,"critical_wave_auto_lpt",16,"case_000090",42,41,1,0.5721119940280914,0.5817343831062317,2489.899512412696,71.46158868676426,"critical_wave","fifo","fifo_critical_wave",176,1,"1;1;1;1;1;1;1;1;1;1;1;1;1;1;1;1;1;1;1;1;1;1;1;1;1;1;1;1;1;1;1;1;1;1;1;1;1;1;1;1;1;1"
"4",8,"critical_wave_auto_lpt",16,"case_000091",43,43,0,0.1446079984307289,0.1461632028222084,1186.7115508289453,291.9986754413662,"critical_wave","fifo","fifo_critical_wave",176,1,"1;1;1;1;1;1;1;1;1;1;1;1;1;1;1;1;1;1;1;1;1;1;1;1;1;1;1;1;1;1;1;1;1;1;1;1;1;1;1;1;1;1;1"
"4",8,"critical_wave_auto_lpt",16,"case_000092",31,31,0,0.10531199723482132,0.10832319781184196,951.5253437323154,234.5572835820495,"critical_wave","release_lpt","release_lpt_critical_wave",128,3,"3;1;1;1;1;1;1;1;1;1;1;1;1;1;1;1;1;1;1;1;1;1;1;1;1;1;1;1;1;1;1"
"4",8,"critical_wave_auto_lpt",16,"case_000093",31,31,0,0.10387200117111206,0.10701760277152061,907.5062670325831,223.84164873937485,"critical_wave","release_lpt","release_lpt_critical_wave",128,3,"3;1;1;1;1;1;1;1;1;1;1;1;1;1;1;1;1;1;1;1;1;1;1;1;1;1;1;1;1;1;1"
"4",8,"critical_wave_auto_lpt",16,"case_000094",22,22,0,0.09375999867916107,0.09560959786176682,713.4812714845759,175.98430282046627,"critical_wave","release_lpt","release_lpt_critical_wave",128,2,"1;1;1;1;1;1;1;1;1;1;1;1;1;2;1;1;1;1;1;1;1;1"
"4",8,"critical_wave_auto_lpt",16,"case_000095",35,35,0,0.10683200135827065,0.10808000266551972,842.8116472146331,208.27017857114657,"critical_wave","fifo","fifo_critical_wave",176,1,"1;1;1;1;1;1;1;1;1;1;1;1;1;1;1;1;1;1;1;1;1;1;1;1;1;1;1;1;1;1;1;1;1;1;1"
"4",8,"critical_wave_auto_lpt",16,"case_000096",23,23,0,0.08808000013232231,0.0901344008743763,517.765649358402,128.40472278620788,"critical_wave","release_lpt","release_lpt_critical_wave",128,2,"1;1;1;1;1;1;1;1;1;2;1;1;1;1;1;1;1;1;1;1;1;1;1"
"4",8,"critical_wave_auto_lpt",16,"case_000097",30,29,1,0.11296000331640244,0.1140831969678402,794.2677523184179,194.3524022260023,"critical_wave","fifo","fifo_critical_wave",128,2,"1;1;1;1;1;1;1;1;1;1;1;1;1;1;1;1;1;1;1;1;1;1;1;1;1;1;1;1;2;1"
"4",8,"critical_wave_auto_lpt",16,"case_000098",45,43,2,1.2507999539375305,1.2544383645057677,3030.1212033953193,35.04716470607527,"critical_wave","fifo","fifo_critical_wave",176,1,"1;1;1;1;1;1;1;1;1;1;1;1;1;1;1;1;1;1;1;1;1;1;1;1;1;1;1;1;1;1;1;1;1;1;1;1;1;1;1;1;1;1;1;1;1"
"4",8,"critical_wave_auto_lpt",16,"case_000099",7,7,0,0.08457600325345993,0.0858335979282856,639.7648002098806,156.8255709630899,"critical_wave","release_lpt","release_lpt_critical_wave",128,4,"1;4;2;1;1;1;1"
