workload,decode_requests,chunk_requests,kv_cache_tokens,dcp_size,topology,suite,execution_mode,method,mega_num_comm_sm,p50_ms,p90_ms,effective_tflops,effective_kv_bandwidth_gbps_per_gpu
"d4_c0_kv16k",4,0,16384,2,"dcp2_hkv4","mega","eager","dcp_mega_varlen",4,0.05225599929690361,0.05625920109450818,328.9341379223899,321.6852462143244
"d4_c0_kv32k",4,0,32768,2,"dcp2_hkv4","mega","eager","dcp_mega_varlen",4,0.06192000024020672,0.06365440040826797,555.049275366173,542.4289384642268
"d4_c0_kv64k",4,0,65536,2,"dcp2_hkv4","mega","eager","dcp_mega_varlen",4,0.07334399968385696,0.0750591978430748,937.0690162555607,915.4345589197244
"d4_c0_kv128k",4,0,131072,2,"dcp2_hkv4","mega","eager","dcp_mega_varlen",4,0.09935999661684036,0.10083199962973595,1383.3320355075796,1351.15238094972
"d4_c1_kv16k",4,1,16384,2,"dcp2_hkv4","mega","eager","dcp_mega_varlen",4,0.2237440049648285,0.22618239372968674,2687.5406634762116,98.56292687469596
"d4_c1_kv32k",4,1,32768,2,"dcp2_hkv4","mega","eager","dcp_mega_varlen",4,0.3980800062417984,0.4002143919467926,2934.7286382285356,108.07974107060903
"d4_c1_kv64k",4,1,65536,2,"dcp2_hkv4","mega","eager","dcp_mega_varlen",4,0.7430720031261444,0.745910394191742,3098.1225925385716,114.34615170876768
"d4_c1_kv128k",4,1,131072,2,"dcp2_hkv4","mega","eager","dcp_mega_varlen",4,1.4301120042800903,1.4331615686416626,3195.4636275893963,118.07012562278283
"d4_c2_kv16k",4,2,16384,2,"dcp2_hkv4","mega","eager","dcp_mega_varlen",4,0.33396799862384796,0.3376479923725128,3549.601895716931,81.73161534181457
"d4_c2_kv32k",4,2,32768,2,"dcp2_hkv4","mega","eager","dcp_mega_varlen",4,0.5974400043487549,0.5999199867248535,3853.349158453952,87.81060460989087
"d4_c2_kv64k",4,2,65536,2,"dcp2_hkv4","mega","eager","dcp_mega_varlen",4,1.1370400190353394,1.1414143681526183,3988.8903257353472,90.40421997390152
"d4_c2_kv128k",4,2,131072,2,"dcp2_hkv4","mega","eager","dcp_mega_varlen",4,2.2300000190734863,2.2560544490814207,4036.9030684960467,91.23610325551992
"d4_c4_kv16k",4,4,16384,2,"dcp2_hkv4","mega","eager","dcp_mega_varlen",4,0.6306400001049042,0.6348319828510285,3732.268964189505,59.90978053043767
"d4_c4_kv32k",4,4,32768,2,"dcp2_hkv4","mega","eager","dcp_mega_varlen",4,1.0282559990882874,1.0352607488632202,4444.341903918832,69.37565748534477
"d4_c4_kv64k",4,4,65536,2,"dcp2_hkv4","mega","eager","dcp_mega_varlen",4,1.9689599871635437,2.0524768829345703,4572.123117212061,70.31366858777139
"d4_c4_kv128k",4,4,131072,2,"dcp2_hkv4","mega","eager","dcp_mega_varlen",4,3.9296159744262695,3.9677183389663697,4546.790345264879,69.38655832388537
"d8_c0_kv16k",8,0,16384,2,"dcp2_hkv4","mega","eager","dcp_mega_varlen",4,0.05769599974155426,0.07058880031108856,595.8396477050786,582.7088212458162
"d8_c0_kv32k",8,0,32768,2,"dcp2_hkv4","mega","eager","dcp_mega_varlen",4,0.07041599974036217,0.07146560028195381,976.1602871712131,953.9650114701972
"d8_c0_kv64k",8,0,65536,2,"dcp2_hkv4","mega","eager","dcp_mega_varlen",4,0.09308800101280212,0.09511680155992508,1476.6326247041868,1442.541063713812
"d8_c0_kv128k",8,0,131072,2,"dcp2_hkv4","mega","eager","dcp_mega_varlen",4,0.13619199395179749,0.13872000575065613,2018.4426761039567,1971.4888093571103
"d8_c1_kv16k",8,1,16384,2,"dcp2_hkv4","mega","eager","dcp_mega_varlen",4,0.22788800299167633,0.2297024056315422,2714.095895844904,170.53485699034132
"d8_c1_kv32k",8,1,32768,2,"dcp2_hkv4","mega","eager","dcp_mega_varlen",4,0.4021120071411133,0.40400960445404055,2990.7722836686203,190.5229951840624
"d8_c1_kv64k",8,1,65536,2,"dcp2_hkv4","mega","eager","dcp_mega_varlen",4,0.7486400008201599,0.7575104117393494,3166.8846812922743,203.1805084331047
"d8_c1_kv128k",8,1,131072,2,"dcp2_hkv4","mega","eager","dcp_mega_varlen",4,1.4397760033607483,1.448419189453125,3269.479938848891,210.5216362076391
"d8_c2_kv16k",8,2,16384,2,"dcp2_hkv4","mega","eager","dcp_mega_varlen",4,0.3373119980096817,0.3447040021419525,3565.3704291582335,130.75647548930073
"d8_c2_kv32k",8,2,32768,2,"dcp2_hkv4","mega","eager","dcp_mega_varlen",4,0.6016480028629303,0.6081664085388183,3883.5225549320294,143.02177949654717
"d8_c2_kv64k",8,2,65536,2,"dcp2_hkv4","mega","eager","dcp_mega_varlen",4,1.1357120275497437,1.1383392453193664,4054.070230698808,149.6284655597318
"d8_c2_kv128k",8,2,131072,2,"dcp2_hkv4","mega","eager","dcp_mega_varlen",4,2.264591932296753,2.306432008743286,4035.933209760426,149.12488346520647
"d8_c4_kv16k",8,4,16384,2,"dcp2_hkv4","mega","eager","dcp_mega_varlen",4,0.6345919966697693,0.6416160106658936,3736.112170481373,86.02612117153515
"d8_c4_kv32k",8,4,32768,2,"dcp2_hkv4","mega","eager","dcp_mega_varlen",4,1.0103039741516113,1.0223103880882263,4557.331252541482,103.85303699127556
"d8_c4_kv64k",8,4,65536,2,"dcp2_hkv4","mega","eager","dcp_mega_varlen",4,1.9881919622421265,2.0516896724700926,4562.4648102783685,103.40371347651752
"d8_c4_kv128k",8,4,131072,2,"dcp2_hkv4","mega","eager","dcp_mega_varlen",4,3.9472320079803467,4.078374576568604,4561.319882663874,103.08819526628291
"d16_c0_kv16k",16,0,16384,2,"dcp2_hkv4","mega","eager","dcp_mega_varlen",4,0.07012799754738808,0.07139519974589348,980.4233790297466,958.8172819930227
"d16_c0_kv32k",16,0,32768,2,"dcp2_hkv4","mega","eager","dcp_mega_varlen",4,0.09460799768567085,0.09643839672207832,1453.0970786714117,1420.0575351606685
"d16_c0_kv64k",16,0,65536,2,"dcp2_hkv4","mega","eager","dcp_mega_varlen",4,0.13676799833774567,0.13989440351724625,2010.0722527875769,1963.66497473174
"d16_c0_kv128k",16,0,131072,2,"dcp2_hkv4","mega","eager","dcp_mega_varlen",4,0.21926400065422058,0.2216415971517563,2507.4406370018824,2449.1114929844425
"d16_c1_kv16k",16,1,16384,2,"dcp2_hkv4","mega","eager","dcp_mega_varlen",4,0.2298560068011284,0.23175040632486343,2840.41938637209,315.34009925923834
"d16_c1_kv32k",16,1,32768,2,"dcp2_hkv4","mega","eager","dcp_mega_varlen",4,0.40700800716876984,0.4085760027170181,3123.6799424656456,353.2755657565669
"d16_c1_kv64k",16,1,65536,2,"dcp2_hkv4","mega","eager","dcp_mega_varlen",4,0.7536799907684326,0.7558720052242279,3328.087995419102,379.99193757021703
"d16_c1_kv128k",16,1,131072,2,"dcp2_hkv4","mega","eager","dcp_mega_varlen",4,1.4582399725914001,1.463747215270996,3416.5943780201255,391.98280306650474
"d16_c2_kv16k",16,2,16384,2,"dcp2_hkv4","mega","eager","dcp_mega_varlen",4,0.3413280099630356,0.346560001373291,3624.1379293717036,227.71555140879698
"d16_c2_kv32k",16,2,32768,2,"dcp2_hkv4","mega","eager","dcp_mega_varlen",4,0.606031984090805,0.6088607966899872,3968.8514053997656,252.83016742073755
"d16_c2_kv64k",16,2,65536,2,"dcp2_hkv4","mega","eager","dcp_mega_varlen",4,1.1559839844703674,1.1625471591949463,4101.884770464611,263.16810274787883
"d16_c2_kv128k",16,2,131072,2,"dcp2_hkv4","mega","eager","dcp_mega_varlen",4,2.2772159576416016,2.293456029891968,4134.275226403326,266.20575794129746
"d16_c4_kv16k",16,4,16384,2,"dcp2_hkv4","mega","eager","dcp_mega_varlen",4,0.6409280002117157,0.6511360228061676,3752.8153636812094,137.63083524336804
"d16_c4_kv32k",16,4,32768,2,"dcp2_hkv4","mega","eager","dcp_mega_varlen",4,1.025871992111206,1.0334368467330932,4555.175708500517,167.75731994186694
"d16_c4_kv64k",16,4,65536,2,"dcp2_hkv4","mega","eager","dcp_mega_varlen",4,2.013551950454712,2.050675106048584,4573.267971056063,168.79112352837416
"d16_c4_kv128k",16,4,131072,2,"dcp2_hkv4","mega","eager","dcp_mega_varlen",4,3.9775840044021606,4.048995113372802,4595.624769204955,169.80509154614728
"d32_c0_kv16k",32,0,16384,2,"dcp2_hkv4","mega","eager","dcp_mega_varlen",4,0.0997919999063015,0.10211840271949768,1377.968742675902,1347.6017328670462
"d32_c0_kv32k",32,0,32768,2,"dcp2_hkv4","mega","eager","dcp_mega_varlen",4,0.14153599739074707,0.14385599941015242,1942.609761338177,1898.4400078673282
"d32_c0_kv64k",32,0,65536,2,"dcp2_hkv4","mega","eager","dcp_mega_varlen",4,0.2256160005927086,0.22746240347623825,2437.0040937325666,2380.7400831009986
"d32_c0_kv128k",32,0,131072,2,"dcp2_hkv4","mega","eager","dcp_mega_varlen",4,0.39350399374961853,0.4086592078208923,2794.337410571874,2729.334352533598
"d32_c1_kv16k",32,1,16384,2,"dcp2_hkv4","mega","eager","dcp_mega_varlen",4,0.2481120005249977,0.25128960609436035,2908.535599185148,563.1438693184964
"d32_c1_kv32k",32,1,32768,2,"dcp2_hkv4","mega","eager","dcp_mega_varlen",4,0.42399999499320984,0.42754560708999634,3322.7296464816277,655.9782718970414
"d32_c1_kv64k",32,1,65536,2,"dcp2_hkv4","mega","eager","dcp_mega_varlen",4,0.868256002664566,0.8729152143001556,3205.537168358911,639.1650000655368
"d32_c1_kv128k",32,1,131072,2,"dcp2_hkv4","mega","eager","dcp_mega_varlen",4,1.5125280022621155,1.5323616147041321,3657.456886324359,732.9497201651692
"d32_c2_kv16k",32,2,16384,2,"dcp2_hkv4","mega","eager","dcp_mega_varlen",4,0.3540640026330948,0.3568319916725159,3687.9629272483053,409.43341012337606
"d32_c2_kv32k",32,2,32768,2,"dcp2_hkv4","mega","eager","dcp_mega_varlen",4,0.6319679915904999,0.6345216155052185,4023.5036119987944,455.04198286412543
"d32_c2_kv64k",32,2,65536,2,"dcp2_hkv4","mega","eager","dcp_mega_varlen",4,1.1858400106430054,1.1929760217666625,4230.441386952194,483.02016702018295
"d32_c2_kv128k",32,2,131072,2,"dcp2_hkv4","mega","eager","dcp_mega_varlen",4,2.3468319177627563,2.3591999769210816,4245.906538470436,487.12904207039526
"d32_c4_kv16k",32,4,16384,2,"dcp2_hkv4","mega","eager","dcp_mega_varlen",4,0.6548160016536713,0.6737631976604461,3778.2210090774574,237.39705750535006
"d32_c4_kv32k",32,4,32768,2,"dcp2_hkv4","mega","eager","dcp_mega_varlen",4,1.0523840188980103,1.057088053226471,4571.051723675215,291.19250244876497
"d32_c4_kv64k",32,4,65536,2,"dcp2_hkv4","mega","eager","dcp_mega_varlen",4,2.0979199409484863,2.125123167037964,4520.394709300712,290.0188001096558
"d32_c4_kv128k",32,4,131072,2,"dcp2_hkv4","mega","eager","dcp_mega_varlen",4,4.064336061477661,4.222143936157226,4632.804658099627,298.30604105094716
"d4_c0_kv16k",4,0,16384,2,"dcp2_hkv4","mega","eager","dcp_mega_varlen",8,0.05286400020122528,0.0639136016368866,325.15099149839966,317.98547094456126
"d4_c0_kv32k",4,0,32768,2,"dcp2_hkv4","mega","eager","dcp_mega_varlen",8,0.06224000081419945,0.06432319805026054,552.1955465038993,539.6400957684018
"d4_c0_kv64k",4,0,65536,2,"dcp2_hkv4","mega","eager","dcp_mega_varlen",8,0.0748320035636425,0.07691839709877968,918.4357809362734,897.2315159635936
"d4_c0_kv128k",4,0,131072,2,"dcp2_hkv4","mega","eager","dcp_mega_varlen",8,0.0987199991941452,0.10343680009245873,1392.3001163897054,1359.9118425434713
"d4_c1_kv16k",4,1,16384,2,"dcp2_hkv4","mega","eager","dcp_mega_varlen",8,0.22668799757957458,0.23226560056209564,2652.637625161065,97.28289206074422
"d4_c1_kv32k",4,1,32768,2,"dcp2_hkv4","mega","eager","dcp_mega_varlen",8,0.3985919952392578,0.4009056031703949,2930.9589971136907,107.94091329951144
"d4_c1_kv64k",4,1,65536,2,"dcp2_hkv4","mega","eager","dcp_mega_varlen",8,0.7394240200519562,0.7433152198791504,3113.4073256184447,114.91028380986285
"d4_c1_kv128k",4,1,131072,2,"dcp2_hkv4","mega","eager","dcp_mega_varlen",8,1.4249280095100403,1.4351711511611938,3207.088963481983,118.4996735786393
"d4_c2_kv16k",4,2,16384,2,"dcp2_hkv4","mega","eager","dcp_mega_varlen",8,0.3349599987268448,0.33630079627037046,3539.089579441755,81.48956324262258
"d4_c2_kv32k",4,2,32768,2,"dcp2_hkv4","mega","eager","dcp_mega_varlen",8,0.5974720120429993,0.6000927805900573,3853.142727325473,87.80590043140701
"d4_c2_kv64k",4,2,65536,2,"dcp2_hkv4","mega","eager","dcp_mega_varlen",8,1.1258879899978638,1.1308992028236389,4028.400668802414,91.29968248457382
"d4_c2_kv128k",4,2,131072,2,"dcp2_hkv4","mega","eager","dcp_mega_varlen",8,2.2292479276657104,2.238495945930481,4038.2650166554063,91.26688399035245
"d4_c4_kv16k",4,4,16384,2,"dcp2_hkv4","mega","eager","dcp_mega_varlen",8,0.563647985458374,0.5721440076828003,4175.865364007097,67.0303185227834
"d4_c4_kv32k",4,4,32768,2,"dcp2_hkv4","mega","eager","dcp_mega_varlen",8,1.0203359723091125,1.0279168248176576,4478.8396652936335,69.91416350690874
"d4_c4_kv64k",4,4,65536,2,"dcp2_hkv4","mega","eager","dcp_mega_varlen",8,1.986191987991333,2.011564755439758,4532.455839417717,69.70363430979872
"d4_c4_kv128k",4,4,131072,2,"dcp2_hkv4","mega","eager","dcp_mega_varlen",8,3.9372479915618896,3.9706974983215333,4537.97678261871,69.25205843887825
"d8_c0_kv16k",8,0,16384,2,"dcp2_hkv4","mega","eager","dcp_mega_varlen",8,0.057312000542879105,0.059251200407743454,599.8318647816131,586.6130597700312
"d8_c0_kv32k",8,0,32768,2,"dcp2_hkv4","mega","eager","dcp_mega_varlen",8,0.07023999840021133,0.07218559831380844,978.6062655689524,956.355374857154
"d8_c0_kv64k",8,0,65536,2,"dcp2_hkv4","mega","eager","dcp_mega_varlen",8,0.09291199967265129,0.0948863998055458,1479.4297803113639,1445.2736403597862
"d8_c0_kv128k",8,0,131072,2,"dcp2_hkv4","mega","eager","dcp_mega_varlen",8,0.13656000047922134,0.13833919614553453,2013.0033082258776,1966.1759743538846
"d8_c1_kv16k",8,1,16384,2,"dcp2_hkv4","mega","eager","dcp_mega_varlen",8,0.22702399641275406,0.23027840554714205,2724.425185906262,171.18387753752322
"d8_c1_kv32k",8,1,32768,2,"dcp2_hkv4","mega","eager","dcp_mega_varlen",8,0.39929598569869995,0.4015040099620819,3011.864604107177,191.8666521676715
"d8_c1_kv64k",8,1,65536,2,"dcp2_hkv4","mega","eager","dcp_mega_varlen",8,0.7427679896354675,0.7471104085445404,3191.920739023176,204.78676803863266
"d8_c1_kv128k",8,1,131072,2,"dcp2_hkv4","mega","eager","dcp_mega_varlen",8,1.4370880126953125,1.4413248300552368,3275.5953134667425,210.91540484811162
"d8_c2_kv16k",8,2,16384,2,"dcp2_hkv4","mega","eager","dcp_mega_varlen",8,0.3372959941625595,0.33943040668964386,3565.539597023461,130.76267955540345
"d8_c2_kv32k",8,2,32768,2,"dcp2_hkv4","mega","eager","dcp_mega_varlen",8,0.5990239977836609,0.6016031861305237,3900.5341987848674,143.6482817355787
"d8_c2_kv64k",8,2,65536,2,"dcp2_hkv4","mega","eager","dcp_mega_varlen",8,1.137664020061493,1.153337562084198,4047.1142976703536,149.37173453970593
"d8_c2_kv128k",8,2,131072,2,"dcp2_hkv4","mega","eager","dcp_mega_varlen",8,2.2600159645080566,2.2903936862945558,4044.104966356497,149.4268241036561
"d8_c4_kv16k",8,4,16384,2,"dcp2_hkv4","mega","eager","dcp_mega_varlen",8,0.5669600069522858,0.569702410697937,4181.7885793971545,96.28807557954315
"d8_c4_kv32k",8,4,32768,2,"dcp2_hkv4","mega","eager","dcp_mega_varlen",8,1.0264960527420044,1.0304832339286805,4485.443332849546,102.21484604809385
"d8_c4_kv64k",8,4,65536,2,"dcp2_hkv4","mega","eager","dcp_mega_varlen",8,2.005616068840027,2.0519967317581176,4522.827676113683,102.50537737210266
"d8_c4_kv128k",8,4,131072,2,"dcp2_hkv4","mega","eager","dcp_mega_varlen",8,3.94270396232605,4.00815052986145,4566.558385191557,103.20658814057558
"d16_c0_kv16k",16,0,16384,2,"dcp2_hkv4","mega","eager","dcp_mega_varlen",8,0.07088000327348709,0.07302399724721909,970.0215172777523,948.6446514478553
"d16_c0_kv32k",16,0,32768,2,"dcp2_hkv4","mega","eager","dcp_mega_varlen",8,0.09585599973797798,0.0970304012298584,1434.1784075257294,1401.5690240281458
"d16_c0_kv64k",16,0,65536,2,"dcp2_hkv4","mega","eager","dcp_mega_varlen",8,0.14166399836540222,0.14331520348787308,1940.6028468778595,1895.7994345696122
"d16_c0_kv128k",16,0,131072,2,"dcp2_hkv4","mega","eager","dcp_mega_varlen",8,0.225055992603302,0.22668799757957458,2442.9096915499485,2386.0816936634687
"d16_c1_kv16k",16,1,16384,2,"dcp2_hkv4","mega","eager","dcp_mega_varlen",8,0.2300799936056137,0.2316832050681114,2837.65418957344,315.03311028530686
"d16_c1_kv32k",16,1,32768,2,"dcp2_hkv4","mega","eager","dcp_mega_varlen",8,0.4076319932937622,0.40955200493335725,3118.8983429467607,352.73478619324135
"d16_c1_kv64k",16,1,65536,2,"dcp2_hkv4","mega","eager","dcp_mega_varlen",8,0.7520959973335266,0.7547584176063538,3335.0972994896238,380.79224063865837
"d16_c1_kv128k",16,1,131072,2,"dcp2_hkv4","mega","eager","dcp_mega_varlen",8,1.4590400457382202,1.4641631722450257,3414.720868500346,391.767857002711
"d16_c2_kv16k",16,2,16384,2,"dcp2_hkv4","mega","eager","dcp_mega_varlen",8,0.34084799885749817,0.34755840599536897,3629.241748258506,228.0362397917307
"d16_c2_kv32k",16,2,32768,2,"dcp2_hkv4","mega","eager","dcp_mega_varlen",8,0.6022560000419617,0.6048447966575623,3993.7350422551476,254.41534495185488
"d16_c2_kv64k",16,2,65536,2,"dcp2_hkv4","mega","eager","dcp_mega_varlen",8,1.1581600308418274,1.1639743804931642,4094.177811811904,262.67364086021354
"d16_c2_kv128k",16,2,131072,2,"dcp2_hkv4","mega","eager","dcp_mega_varlen",8,2.295983910560608,2.3029247999191282,4100.48061554109,264.02972477798545
"d16_c4_kv16k",16,4,16384,2,"dcp2_hkv4","mega","eager","dcp_mega_varlen",8,0.5747040212154388,0.5770335853099823,4185.257728179934,153.49023626708234
"d16_c4_kv32k",16,4,32768,2,"dcp2_hkv4","mega","eager","dcp_mega_varlen",8,1.0366560220718384,1.042851197719574,4507.789545423745,166.0121895168752
"d16_c4_kv64k",16,4,65536,2,"dcp2_hkv4","mega","eager","dcp_mega_varlen",8,2.0255359411239624,2.0450783252716063,4546.210440463589,167.79247857305737
"d16_c4_kv128k",16,4,131072,2,"dcp2_hkv4","mega","eager","dcp_mega_varlen",8,4.011696100234985,4.061526298522949,4556.5474341771,168.3612115983655
"d32_c0_kv16k",32,0,16384,2,"dcp2_hkv4","mega","eager","dcp_mega_varlen",8,0.10046399757266045,0.1027039997279644,1368.7515922362725,1338.5877055383708
"d32_c0_kv32k",32,0,32768,2,"dcp2_hkv4","mega","eager","dcp_mega_varlen",8,0.14643199741840363,0.15027199685573578,1877.6579911450713,1834.965067315472
"d32_c0_kv64k",32,0,65536,2,"dcp2_hkv4","mega","eager","dcp_mega_varlen",8,0.23094399273395538,0.23258559852838517,2380.781203905979,2325.81523182883
"d32_c0_kv128k",32,0,131072,2,"dcp2_hkv4","mega","eager","dcp_mega_varlen",8,0.40987199544906616,0.41217600703239443,2682.7471580225165,2620.3399596093263
"d32_c1_kv16k",32,1,16384,2,"dcp2_hkv4","mega","eager","dcp_mega_varlen",8,0.24211200326681137,0.24571199864149093,2980.6146592275236,577.0996485705967
"d32_c1_kv32k",32,1,32768,2,"dcp2_hkv4","mega","eager","dcp_mega_varlen",8,0.4196160137653351,0.42214720249176024,3357.4442043574495,662.8316719951097
"d32_c1_kv64k",32,1,65536,2,"dcp2_hkv4","mega","eager","dcp_mega_varlen",8,0.812063992023468,0.8560768127441406,3427.349218202458,683.3930003683282
"d32_c1_kv128k",32,1,131072,2,"dcp2_hkv4","mega","eager","dcp_mega_varlen",8,1.5059040188789368,1.514572834968567,3673.5448529782634,736.1737282733977
"d32_c2_kv16k",32,2,16384,2,"dcp2_hkv4","mega","eager","dcp_mega_varlen",8,0.3465439975261688,0.3487008035182953,3767.9917266072284,418.31811554910314
"d32_c2_kv32k",32,2,32768,2,"dcp2_hkv4","mega","eager","dcp_mega_varlen",8,0.6115520000457764,0.6128672182559967,4157.823859036795,470.23305945933373
"d32_c2_kv64k",32,2,65536,2,"dcp2_hkv4","mega","eager","dcp_mega_varlen",8,1.1953279972076416,1.202287995815277,4196.8620086262035,479.18616592103547
"d32_c2_kv128k",32,2,131072,2,"dcp2_hkv4","mega","eager","dcp_mega_varlen",8,2.3441439867019653,2.3803232431411745,4250.775140455089,487.6876124014936
"d32_c4_kv16k",32,4,16384,2,"dcp2_hkv4","mega","eager","dcp_mega_varlen",8,0.5900640189647675,0.5933471739292144,4192.832463956295,263.448349676922
"d32_c4_kv32k",32,4,32768,2,"dcp2_hkv4","mega","eager","dcp_mega_varlen",8,1.0821280479431152,1.0905695676803588,4445.409018549786,283.188608392959
"d32_c4_kv64k",32,4,65536,2,"dcp2_hkv4","mega","eager","dcp_mega_varlen",8,2.0417600870132446,2.085657501220703,4644.730917172877,297.99594373011814
"d32_c4_kv128k",32,4,131072,2,"dcp2_hkv4","mega","eager","dcp_mega_varlen",8,4.059119939804077,4.138022613525391,4638.757986196594,298.6893755247154
"d4_c0_kv16k",4,0,16384,2,"dcp2_hkv4","mega","eager","dcp_mega_varlen",12,0.051631998270750046,0.05369599908590317,332.9094874435179,325.57298890217453
"d4_c0_kv32k",4,0,32768,2,"dcp2_hkv4","mega","eager","dcp_mega_varlen",12,0.06225600093603134,0.06462399959564209,552.0536293250531,539.5014054068647
"d4_c0_kv64k",4,0,65536,2,"dcp2_hkv4","mega","eager","dcp_mega_varlen",12,0.07361600175499916,0.07588159665465355,933.6066615072958,912.0521408301084
"d4_c0_kv128k",4,0,131072,2,"dcp2_hkv4","mega","eager","dcp_mega_varlen",12,0.09982400014996529,0.10327680185437203,1376.9020091512311,1344.8719325845077
"d4_c1_kv16k",4,1,16384,2,"dcp2_hkv4","mega","eager","dcp_mega_varlen",12,0.22657600045204163,0.22903999388217927,2653.94883108672,97.3309792564188
"d4_c1_kv32k",4,1,32768,2,"dcp2_hkv4","mega","eager","dcp_mega_varlen",12,0.3969919979572296,0.4031871944665909,2942.7716443540594,108.37594768002171
"d4_c1_kv64k",4,1,65536,2,"dcp2_hkv4","mega","eager","dcp_mega_varlen",12,0.7508800029754639,0.7633984208106994,3065.906871464821,113.15712718850556
"d4_c1_kv128k",4,1,131072,2,"dcp2_hkv4","mega","eager","dcp_mega_varlen",12,1.4256799817085266,1.4350399851799012,3205.39739049958,118.43717115088265
"d4_c2_kv16k",4,2,16384,2,"dcp2_hkv4","mega","eager","dcp_mega_varlen",12,0.33561600744724274,0.3439744025468826,3532.171930775226,81.33028042260696
"d4_c2_kv32k",4,2,32768,2,"dcp2_hkv4","mega","eager","dcp_mega_varlen",12,0.5954560041427612,0.5992767870426178,3866.1881347527033,88.10318081438352
"d4_c2_kv64k",4,2,65536,2,"dcp2_hkv4","mega","eager","dcp_mega_varlen",12,1.1258400082588196,1.1322335481643677,4028.572353649495,91.30357355036263
"d4_c2_kv128k",4,2,131072,2,"dcp2_hkv4","mega","eager","dcp_mega_varlen",12,2.228000044822693,2.2468319177627563,4040.5268126735673,91.31800175353737
"d4_c4_kv16k",4,4,16384,2,"dcp2_hkv4","mega","eager","dcp_mega_varlen",12,0.5730399787425995,0.576720017194748,4107.42389236555,65.9317070388397
"d4_c4_kv32k",4,4,32768,2,"dcp2_hkv4","mega","eager","dcp_mega_varlen",12,1.0501760244369507,1.0567871451377868,4351.576419918892,67.92759912629559
"d4_c4_kv64k",4,4,65536,2,"dcp2_hkv4","mega","eager","dcp_mega_varlen",12,1.9877279996871948,2.0362560749053955,4528.953395833172,69.6497710057849
"d4_c4_kv128k",4,4,131072,2,"dcp2_hkv4","mega","eager","dcp_mega_varlen",12,3.9381439685821533,4.060361528396607,4536.944336129157,69.23630272921852
"d8_c0_kv16k",8,0,16384,2,"dcp2_hkv4","mega","eager","dcp_mega_varlen",12,0.05700800009071827,0.05881600044667721,603.0305238790014,589.7412283626805
"d8_c0_kv32k",8,0,32768,2,"dcp2_hkv4","mega","eager","dcp_mega_varlen",12,0.06815999746322632,0.06998719647526741,1008.4698516176611,985.5399427830368
"d8_c0_kv64k",8,0,65536,2,"dcp2_hkv4","mega","eager","dcp_mega_varlen",12,0.09174399822950363,0.09463999792933464,1498.2645395521442,1463.673554580449
"d8_c0_kv128k",8,0,131072,2,"dcp2_hkv4","mega","eager","dcp_mega_varlen",12,0.13686399906873703,0.14037120044231416,2008.5320800683273,1961.8087577957672
"d8_c1_kv16k",8,1,16384,2,"dcp2_hkv4","mega","eager","dcp_mega_varlen",12,0.2266400009393692,0.23088639825582505,2729.0411713220205,171.47391386746685
"d8_c1_kv32k",8,1,32768,2,"dcp2_hkv4","mega","eager","dcp_mega_varlen",12,0.4018400013446808,0.4046240091323853,2992.7967396566887,190.65196034151396
"d8_c1_kv64k",8,1,65536,2,"dcp2_hkv4","mega","eager","dcp_mega_varlen",12,0.7473439872264862,0.7512384176254272,3172.376564102202,203.53285581984966
"d8_c1_kv128k",8,1,131072,2,"dcp2_hkv4","mega","eager","dcp_mega_varlen",12,1.4284639954566956,1.433779239654541,3295.37095397285,212.18875726937335
"d8_c2_kv16k",8,2,16384,2,"dcp2_hkv4","mega","eager","dcp_mega_varlen",12,0.3373280018568039,0.33969920575618745,3565.2012773446627,130.75027201187683
"d8_c2_kv32k",8,2,32768,2,"dcp2_hkv4","mega","eager","dcp_mega_varlen",12,0.5964800119400024,0.5998623847961426,3917.1699679402177,144.2609413182739
"d8_c2_kv64k",8,2,65536,2,"dcp2_hkv4","mega","eager","dcp_mega_varlen",12,1.1381120085716248,1.14622722864151,4045.5212552537096,149.3129381995318
"d8_c2_kv128k",8,2,131072,2,"dcp2_hkv4","mega","eager","dcp_mega_varlen",12,2.2557759284973145,2.3087487697601317,4051.706408712518,149.70769203347407
"d8_c4_kv16k",8,4,16384,2,"dcp2_hkv4","mega","eager","dcp_mega_varlen",12,0.5734240114688873,0.5755551815032959,4134.648767104584,95.20265441999547
"d8_c4_kv32k",8,4,32768,2,"dcp2_hkv4","mega","eager","dcp_mega_varlen",12,1.051472008228302,1.0591456294059753,4378.89914323643,99.7869036730633
"d8_c4_kv64k",8,4,65536,2,"dcp2_hkv4","mega","eager","dcp_mega_varlen",12,2.0020480155944824,2.0602944135665893,4530.888266990173,102.68806262319025
"d8_c4_kv128k",8,4,131072,2,"dcp2_hkv4","mega","eager","dcp_mega_varlen",12,3.9593119621276855,4.014825534820557,4547.4031881571045,102.77367075195812
"d16_c0_kv16k",16,0,16384,2,"dcp2_hkv4","mega","eager","dcp_mega_varlen",12,0.0706080012023449,0.07284160181879998,973.7583156187211,952.2991000312718
"d16_c0_kv32k",16,0,32768,2,"dcp2_hkv4","mega","eager","dcp_mega_varlen",12,0.09577599912881851,0.09767039865255356,1435.3763605336756,1402.7397387867618
"d16_c0_kv64k",16,0,65536,2,"dcp2_hkv4","mega","eager","dcp_mega_varlen",12,0.13672000169754028,0.1388255998492241,2010.7779045832615,1964.3543348846501
"d16_c0_kv128k",16,0,131072,2,"dcp2_hkv4","mega","eager","dcp_mega_varlen",12,0.22203200310468674,0.22529280185699463,2476.1811711115206,2418.5791980033027
"d16_c1_kv16k",16,1,16384,2,"dcp2_hkv4","mega","eager","dcp_mega_varlen",12,0.23307199776172638,0.23507200181484222,2801.2265053799315,310.9889506078738
"d16_c1_kv32k",16,1,32768,2,"dcp2_hkv4","mega","eager","dcp_mega_varlen",12,0.4103360027074814,0.4129983991384506,3098.3455997701567,350.41035407878053
"d16_c1_kv64k",16,1,65536,2,"dcp2_hkv4","mega","eager","dcp_mega_varlen",12,0.755295991897583,0.7579871833324432,3320.9673513057955,379.17892200179233
"d16_c1_kv128k",16,1,131072,2,"dcp2_hkv4","mega","eager","dcp_mega_varlen",12,1.4469760060310364,1.4540255784988403,3443.19081407984,395.0341882778529
"d16_c2_kv16k",16,2,16384,2,"dcp2_hkv4","mega","eager","dcp_mega_varlen",12,0.3402880132198334,0.34203200936317446,3635.214110421394,228.4115013765928
"d16_c2_kv32k",16,2,32768,2,"dcp2_hkv4","mega","eager","dcp_mega_varlen",12,0.6020639836788177,0.6112224221229553,3995.0087648144818,254.49648567873766
"d16_c2_kv64k",16,2,65536,2,"dcp2_hkv4","mega","eager","dcp_mega_varlen",12,1.1484320163726807,1.1584352374076843,4128.858333100716,264.89866850009287
"d16_c2_kv128k",16,2,131072,2,"dcp2_hkv4","mega","eager","dcp_mega_varlen",12,2.2883200645446777,2.305609631538391,4114.213594819523,264.91399057003036
"d16_c4_kv16k",16,4,16384,2,"dcp2_hkv4","mega","eager","dcp_mega_varlen",12,0.5801759958267212,0.5863200068473816,4145.784147413049,152.04258127622666
"d16_c4_kv32k",16,4,32768,2,"dcp2_hkv4","mega","eager","dcp_mega_varlen",12,1.0608159899711609,1.066598379611969,4405.125132609512,162.23128009663446
"d16_c4_kv64k",16,4,65536,2,"dcp2_hkv4","mega","eager","dcp_mega_varlen",12,2.0347999334335327,2.050995206832886,4525.512553724879,167.02855667313787
"d16_c4_kv128k",16,4,131072,2,"dcp2_hkv4","mega","eager","dcp_mega_varlen",12,4.008111953735352,4.142720127105713,4560.62200438001,168.5117640914569
"d32_c0_kv16k",32,0,16384,2,"dcp2_hkv4","mega","eager","dcp_mega_varlen",12,0.10151999816298485,0.10557439848780632,1354.513978804794,1324.6638537571669
"d32_c0_kv32k",32,0,32768,2,"dcp2_hkv4","mega","eager","dcp_mega_varlen",12,0.14558400213718414,0.14731199592351912,1888.5949422719862,1845.6533414077026
"d32_c0_kv64k",32,0,65536,2,"dcp2_hkv4","mega","eager","dcp_mega_varlen",12,0.23179200291633606,0.23405760079622268,2372.071124707684,2317.3062454353744
"d32_c0_kv128k",32,0,131072,2,"dcp2_hkv4","mega","eager","dcp_mega_varlen",12,0.4005119949579239,0.40352638959884646,2745.4431946776463,2681.577534557561
"d32_c1_kv16k",32,1,16384,2,"dcp2_hkv4","mega","eager","dcp_mega_varlen",12,0.24145600199699402,0.2435616061091423,2988.7125610610583,578.6675454095338
"d32_c1_kv32k",32,1,32768,2,"dcp2_hkv4","mega","eager","dcp_mega_varlen",12,0.4184640049934387,0.420441597700119,3366.6870666548484,664.6564117369211
"d32_c1_kv64k",32,1,65536,2,"dcp2_hkv4","mega","eager","dcp_mega_varlen",12,0.789359986782074,0.7938495993614196,3525.9285177833463,703.0491249782751
"d32_c1_kv128k",32,1,131072,2,"dcp2_hkv4","mega","eager","dcp_mega_varlen",12,1.5102880001068115,1.515772771835327,3662.88148832591,734.0368035246233
"d32_c2_kv16k",32,2,16384,2,"dcp2_hkv4","mega","eager","dcp_mega_varlen",12,0.3546240031719208,0.3559232115745544,3682.139121730471,408.7868579209542
"d32_c2_kv32k",32,2,32768,2,"dcp2_hkv4","mega","eager","dcp_mega_varlen",12,0.6167519986629486,0.6190175831317901,4122.768150479209,466.2684006268724
"d32_c2_kv64k",32,2,65536,2,"dcp2_hkv4","mega","eager","dcp_mega_varlen",12,1.1720640063285828,1.1824000239372254,4280.164421260806,488.69740637647607
"d32_c2_kv128k",32,2,131072,2,"dcp2_hkv4","mega","eager","dcp_mega_varlen",12,2.3490400314331055,2.3642752170562744,4241.91535733041,486.6711374444091
"d32_c4_kv16k",32,4,16384,2,"dcp2_hkv4","mega","eager","dcp_mega_varlen",12,0.5926080048084259,0.5940991759300231,4174.833202477226,262.31740161905714
"d32_c4_kv32k",32,4,32768,2,"dcp2_hkv4","mega","eager","dcp_mega_varlen",12,1.0724480152130127,1.0916415691375732,4485.533765099583,285.74469965253536
"d32_c4_kv64k",32,4,65536,2,"dcp2_hkv4","mega","eager","dcp_mega_varlen",12,2.1111040115356445,2.146515226364136,4492.164360344156,288.20760165076643
"d32_c4_kv128k",32,4,131072,2,"dcp2_hkv4","mega","eager","dcp_mega_varlen",12,4.084303855895996,4.172707033157349,4610.155292563393,296.84764963061883
"d4_c0_kv16k",4,0,16384,2,"dcp2_hkv4","mega","eager","dcp_mega_varlen",16,0.05217599868774414,0.054368000105023385,329.4384872797375,322.17848096405623
"d4_c0_kv32k",4,0,32768,2,"dcp2_hkv4","mega","eager","dcp_mega_varlen",16,0.061904000118374825,0.06334719806909561,555.1927371135816,542.5691382749657
"d4_c0_kv64k",4,0,65536,2,"dcp2_hkv4","mega","eager","dcp_mega_varlen",16,0.07438400015234947,0.0761151984333992,923.9673786195157,902.6354036148093
"d4_c0_kv128k",4,0,131072,2,"dcp2_hkv4","mega","eager","dcp_mega_varlen",16,0.09921600297093391,0.10447999686002732,1385.3396856580325,1353.11332829372
"d4_c1_kv16k",4,1,16384,2,"dcp2_hkv4","mega","eager","dcp_mega_varlen",16,0.22686400264501572,0.22938560247421264,2650.5796624461136,97.20741828974563
"d4_c1_kv32k",4,1,32768,2,"dcp2_hkv4","mega","eager","dcp_mega_varlen",16,0.3998880088329315,0.4015935957431793,2921.459930827993,107.59108312741401
"d4_c1_kv64k",4,1,65536,2,"dcp2_hkv4","mega","eager","dcp_mega_varlen",16,0.7369759976863861,0.7395904183387756,3123.749169572889,115.29198273314347
"d4_c1_kv128k",4,1,131072,2,"dcp2_hkv4","mega","eager","dcp_mega_varlen",16,1.4155199527740479,1.4209376335144044,3228.4044347804856,119.28726519826967
"d4_c2_kv16k",4,2,16384,2,"dcp2_hkv4","mega","eager","dcp_mega_varlen",16,0.33636799454689026,0.3397215873003006,3524.275377688307,81.14845776801432
"d4_c2_kv32k",4,2,32768,2,"dcp2_hkv4","mega","eager","dcp_mega_varlen",16,0.5955840051174164,0.5993824005126953,3865.357226190357,88.08424596570129
"d4_c2_kv64k",4,2,65536,2,"dcp2_hkv4","mega","eager","dcp_mega_varlen",16,1.1359679698944092,1.1443584442138672,3992.654768536817,90.48953731464353
"d4_c2_kv128k",4,2,131072,2,"dcp2_hkv4","mega","eager","dcp_mega_varlen",16,2.249184012413025,2.265897512435913,4002.471060642983,90.45792201844915
"d4_c4_kv16k",4,4,16384,2,"dcp2_hkv4","mega","eager","dcp_mega_varlen",16,0.5853919982910156,0.5887167930603028,4020.7555054380796,64.54052004519833
"d4_c4_kv32k",4,4,32768,2,"dcp2_hkv4","mega","eager","dcp_mega_varlen",16,1.0671679973602295,1.0727423667907714,4282.288483170652,66.84602253483814
"d4_c4_kv64k",4,4,65536,2,"dcp2_hkv4","mega","eager","dcp_mega_varlen",16,2.016960024833679,2.0433600425720213,4463.314772397803,68.64032915645728
"d4_c4_kv128k",4,4,131072,2,"dcp2_hkv4","mega","eager","dcp_mega_varlen",16,3.975823998451233,4.044841718673706,4493.946407104559,68.58013033429414
"d8_c0_kv16k",8,0,16384,2,"dcp2_hkv4","mega","eager","dcp_mega_varlen",16,0.05737600103020668,0.058665599673986435,599.1627778642377,585.9587178670771
"d8_c0_kv32k",8,0,32768,2,"dcp2_hkv4","mega","eager","dcp_mega_varlen",16,0.06896000355482101,0.07220159694552422,996.7705769237095,974.10667832403
"d8_c0_kv64k",8,0,65536,2,"dcp2_hkv4","mega","eager","dcp_mega_varlen",16,0.09284799918532372,0.09554559737443924,1480.4495570188603,1446.2698731070325
"d8_c0_kv128k",8,0,131072,2,"dcp2_hkv4","mega","eager","dcp_mega_varlen",16,0.1356320008635521,0.13769919872283937,2026.7763579816933,1979.6286296042788
"d8_c1_kv16k",8,1,16384,2,"dcp2_hkv4","mega","eager","dcp_mega_varlen",16,0.22756800055503845,0.22957440465688705,2717.912413535533,170.77466034422017
"d8_c1_kv32k",8,1,32768,2,"dcp2_hkv4","mega","eager","dcp_mega_varlen",16,0.40248000621795654,0.4091488063335419,2988.037734318503,190.34879451505532
"d8_c1_kv64k",8,1,65536,2,"dcp2_hkv4","mega","eager","dcp_mega_varlen",16,0.7389279901981354,0.744780820608139,3208.5082468784017,205.85098685896799
"d8_c1_kv128k",8,1,131072,2,"dcp2_hkv4","mega","eager","dcp_mega_varlen",16,1.425104022026062,1.4307807803153991,3303.1404632004565,212.6890355477903
"d8_c2_kv16k",8,2,16384,2,"dcp2_hkv4","mega","eager","dcp_mega_varlen",16,0.33902400732040405,0.3454367995262146,3547.365959742814,130.09617917210406
"d8_c2_kv32k",8,2,32768,2,"dcp2_hkv4","mega","eager","dcp_mega_varlen",16,0.5973120033740997,0.6010528206825256,3911.7137711103874,144.06000132916665
"d8_c2_kv64k",8,2,65536,2,"dcp2_hkv4","mega","eager","dcp_mega_varlen",16,1.13646399974823,1.1402591824531556,4051.3877452836323,149.52945983123712
"d8_c2_kv128k",8,2,131072,2,"dcp2_hkv4","mega","eager","dcp_mega_varlen",16,2.26310396194458,2.288985586166382,4038.5867992819226,149.22293172507375
"d8_c4_kv16k",8,4,16384,2,"dcp2_hkv4","mega","eager","dcp_mega_varlen",16,0.5864479839801788,0.5878464162349701,4042.825530675085,93.0883718441517
"d8_c4_kv32k",8,4,32768,2,"dcp2_hkv4","mega","eager","dcp_mega_varlen",16,1.0832639932632446,1.091430377960205,4250.385782784076,96.85832507358394
"d8_c4_kv64k",8,4,65536,2,"dcp2_hkv4","mega","eager","dcp_mega_varlen",16,2.0219359397888184,2.0533856391906737,4486.322086324569,101.67801459697705
"d8_c4_kv128k",8,4,131072,2,"dcp2_hkv4","mega","eager","dcp_mega_varlen",16,3.989375948905945,4.042419195175171,4513.133901162065,101.99916709068061
"d16_c0_kv16k",16,0,16384,2,"dcp2_hkv4","mega","eager","dcp_mega_varlen",16,0.07105599716305733,0.0741087980568409,967.6189352775198,946.2950163896745
"d16_c0_kv32k",16,0,32768,2,"dcp2_hkv4","mega","eager","dcp_mega_varlen",16,0.09617600217461586,0.09982399865984917,1429.4065249915768,1396.9056413478086
"d16_c0_kv64k",16,0,65536,2,"dcp2_hkv4","mega","eager","dcp_mega_varlen",16,0.13969600200653076,0.1416096046566963,1967.9414913760227,1922.5069017182363
"d16_c0_kv128k",16,0,131072,2,"dcp2_hkv4","mega","eager","dcp_mega_varlen",16,0.22324799746274948,0.22426880151033401,2462.693828031925,2405.405603199655
"d16_c1_kv16k",16,1,16384,2,"dcp2_hkv4","mega","eager","dcp_mega_varlen",16,0.23396799713373184,0.23703360110521315,2790.4989818706763,309.79799326388274
"d16_c1_kv32k",16,1,32768,2,"dcp2_hkv4","mega","eager","dcp_mega_varlen",16,0.41073600947856903,0.4125184029340744,3095.3281890964467,350.0690971374457
"d16_c1_kv64k",16,1,65536,2,"dcp2_hkv4","mega","eager","dcp_mega_varlen",16,0.7520320117473602,0.7566592156887054,3335.3810615533343,380.82463981095987
"d16_c1_kv128k",16,1,131072,2,"dcp2_hkv4","mega","eager","dcp_mega_varlen",16,1.4464640021324158,1.4522528052330017,3444.409598037066,395.1740182661474
"d16_c2_kv16k",16,2,16384,2,"dcp2_hkv4","mega","eager","dcp_mega_varlen",16,0.34329600632190704,0.3471487909555435,3603.3620097055614,226.41013751589347
"d16_c2_kv32k",16,2,32768,2,"dcp2_hkv4","mega","eager","dcp_mega_varlen",16,0.6063200235366821,0.6175135791301727,3966.9659559420493,252.71005748127013
"d16_c2_kv64k",16,2,65536,2,"dcp2_hkv4","mega","eager","dcp_mega_varlen",16,1.149839997291565,1.155292820930481,4123.8025394568385,264.57429965611067
"d16_c2_kv128k",16,2,131072,2,"dcp2_hkv4","mega","eager","dcp_mega_varlen",16,2.2949440479278564,2.328790378570557,4102.338585269054,264.1493593481529
"d16_c4_kv16k",16,4,16384,2,"dcp2_hkv4","mega","eager","dcp_mega_varlen",16,0.5884959995746613,0.5900480151176453,4087.1721268223278,149.89304271185415
"d16_c4_kv32k",16,4,32768,2,"dcp2_hkv4","mega","eager","dcp_mega_varlen",16,1.042464017868042,1.06979843378067,4482.674795867654,165.0872673302999
"d16_c4_kv64k",16,4,65536,2,"dcp2_hkv4","mega","eager","dcp_mega_varlen",16,2.043727993965149,2.109564733505249,4505.742775097022,166.29888958001703
"d16_c4_kv128k",16,4,131072,2,"dcp2_hkv4","mega","eager","dcp_mega_varlen",16,4.018464088439941,4.091948652267456,4548.873193817817,168.07765383370912
"d32_c0_kv16k",32,0,16384,2,"dcp2_hkv4","mega","eager","dcp_mega_varlen",16,0.0987199991941452,0.10117440223693848,1392.9321086152859,1362.2353433728108
"d32_c0_kv32k",32,0,32768,2,"dcp2_hkv4","mega","eager","dcp_mega_varlen",16,0.14550400525331497,0.14964800626039504,1889.6332759591573,1846.668066162243
"d32_c0_kv64k",32,0,65536,2,"dcp2_hkv4","mega","eager","dcp_mega_varlen",16,0.23150400072336197,0.23481279909610747,2375.0220961106475,2320.189086675234
"d32_c0_kv128k",32,0,131072,2,"dcp2_hkv4","mega","eager","dcp_mega_varlen",16,0.4054879993200302,0.40787519216537477,2711.7520932503785,2648.67016977325
"d32_c1_kv16k",32,1,16384,2,"dcp2_hkv4","mega","eager","dcp_mega_varlen",16,0.2417759969830513,0.2435583993792534,2984.7569449277785,577.9016682528444
"d32_c1_kv32k",32,1,32768,2,"dcp2_hkv4","mega","eager","dcp_mega_varlen",16,0.41835200786590576,0.4210335940122604,3367.588363346816,664.8343470820641
"d32_c1_kv64k",32,1,65536,2,"dcp2_hkv4","mega","eager","dcp_mega_varlen",16,0.8865280151367188,0.893097585439682,3139.468624421052,625.9913263027737
"d32_c1_kv128k",32,1,131072,2,"dcp2_hkv4","mega","eager","dcp_mega_varlen",16,1.506608009338379,1.5106047868728638,3671.828321197734,735.8297374821739
"d32_c2_kv16k",32,2,16384,2,"dcp2_hkv4","mega","eager","dcp_mega_varlen",16,0.35766400396823883,0.360028812289238,3650.8424138201926,405.31233333973745
"d32_c2_kv32k",32,2,32768,2,"dcp2_hkv4","mega","eager","dcp_mega_varlen",16,0.6215839982032776,0.6296800017356873,4090.7190406797577,462.6437759518302
"d32_c2_kv64k",32,2,65536,2,"dcp2_hkv4","mega","eager","dcp_mega_varlen",16,1.193295955657959,1.199628758430481,4204.008767097459,480.00216315505594
"d32_c2_kv128k",32,2,131072,2,"dcp2_hkv4","mega","eager","dcp_mega_varlen",16,2.3507360219955444,2.40500168800354,4238.85493355446,486.320017774487
"d32_c4_kv16k",32,4,16384,2,"dcp2_hkv4","mega","eager","dcp_mega_varlen",16,0.6162720024585724,0.624012804031372,4014.525347018847,252.2447740280882
"d32_c4_kv32k",32,4,32768,2,"dcp2_hkv4","mega","eager","dcp_mega_varlen",16,1.109600007534027,1.1127615928649903,4335.347648602536,276.1773016575998
"d32_c4_kv64k",32,4,65536,2,"dcp2_hkv4","mega","eager","dcp_mega_varlen",16,2.0559359788894653,2.0812672853469847,4612.705015611707,295.94123078124886
"d32_c4_kv128k",32,4,131072,2,"dcp2_hkv4","mega","eager","dcp_mega_varlen",16,4.079519987106323,4.143523216247559,4615.5614134034295,297.1957494587466
"d4_c0_kv16k",4,0,16384,2,"dcp2_hkv4","mega","eager","dcp_mega_varlen",20,0.052191998809576035,0.053996801003813745,329.33749371649384,322.0797130481953
"d4_c0_kv32k",4,0,32768,2,"dcp2_hkv4","mega","eager","dcp_mega_varlen",20,0.0629120022058487,0.06642239913344383,546.2972097366323,533.8758714132535
"d4_c0_kv64k",4,0,65536,2,"dcp2_hkv4","mega","eager","dcp_mega_varlen",20,0.07372800260782242,0.08603520244359972,932.188411472143,910.6666344556089
"d4_c0_kv128k",4,0,131072,2,"dcp2_hkv4","mega","eager","dcp_mega_varlen",20,0.09385599941015244,0.09641919657588005,1464.4547736085608,1430.3880076256273
"d4_c1_kv16k",4,1,16384,2,"dcp2_hkv4","mega","eager","dcp_mega_varlen",20,0.2282239943742752,0.23005120009183883,2634.7848007859566,96.62815717717427
"d4_c1_kv32k",4,1,32768,2,"dcp2_hkv4","mega","eager","dcp_mega_varlen",20,0.4008159935474396,0.4045183897018433,2914.6960536287284,107.34198408404514
"d4_c1_kv64k",4,1,65536,2,"dcp2_hkv4","mega","eager","dcp_mega_varlen",20,0.7370719909667969,0.7410240173339844,3123.342345092183,115.27696757076686
"d4_c1_kv128k",4,1,131072,2,"dcp2_hkv4","mega","eager","dcp_mega_varlen",20,1.4164799451828003,1.422796857357025,3226.2164449255556,119.20642051745324
"d4_c2_kv16k",4,2,16384,2,"dcp2_hkv4","mega","eager","dcp_mega_varlen",20,0.33899199962615967,0.3436543881893158,3496.9953342005647,80.52031915237453
"d4_c2_kv32k",4,2,32768,2,"dcp2_hkv4","mega","eager","dcp_mega_varlen",20,0.5936639904975891,0.5998272240161896,3877.858476904452,88.3691260371519
"d4_c2_kv64k",4,2,65536,2,"dcp2_hkv4","mega","eager","dcp_mega_varlen",20,1.1208959817886353,1.132099163532257,4046.3415032201033,91.70629359913565
"d4_c2_kv128k",4,2,131072,2,"dcp2_hkv4","mega","eager","dcp_mega_varlen",20,2.256351947784424,2.270326352119446,3989.7560877342776,90.17055703556342
"d4_c4_kv16k",4,4,16384,2,"dcp2_hkv4","mega","eager","dcp_mega_varlen",20,0.6048000156879425,0.6065439879894257,3891.7295616977026,62.46941636902015
"d4_c4_kv32k",4,4,32768,2,"dcp2_hkv4","mega","eager","dcp_mega_varlen",20,1.0712319612503052,1.0875968217849732,4266.042640634196,66.59242683231663
"d4_c4_kv64k",4,4,65536,2,"dcp2_hkv4","mega","eager","dcp_mega_varlen",20,2.025712013244629,2.0566271543502808,4444.031242010935,68.34377201438907
"d4_c4_kv128k",4,4,131072,2,"dcp2_hkv4","mega","eager","dcp_mega_varlen",20,3.9754719734191895,4.089039945602417,4494.344342654989,68.58620305288954
"d8_c0_kv16k",8,0,16384,2,"dcp2_hkv4","mega","eager","dcp_mega_varlen",20,0.056352000683546066,0.06176639869809151,610.0504639232397,596.6064663577513
"d8_c0_kv32k",8,0,32768,2,"dcp2_hkv4","mega","eager","dcp_mega_varlen",20,0.06878400221467018,0.07931200042366984,999.3210676150476,976.5991776743853
"d8_c0_kv64k",8,0,65536,2,"dcp2_hkv4","mega","eager","dcp_mega_varlen",20,0.09190399944782257,0.09368639811873436,1495.656120406811,1461.1253569681455
"d8_c0_kv128k",8,0,131072,2,"dcp2_hkv4","mega","eager","dcp_mega_varlen",20,0.13860800117254257,0.1393312022089958,1983.2602043932743,1937.1247671753345
"d8_c1_kv16k",8,1,16384,2,"dcp2_hkv4","mega","eager","dcp_mega_varlen",20,0.2309279963374138,0.2325280025601387,2678.3668651776725,168.28989389063364
"d8_c1_kv32k",8,1,32768,2,"dcp2_hkv4","mega","eager","dcp_mega_varlen",20,0.40406399965286255,0.4069984138011932,2976.324163798788,189.60259777119012
"d8_c1_kv64k",8,1,65536,2,"dcp2_hkv4","mega","eager","dcp_mega_varlen",20,0.7480159997940063,0.7558400213718415,3169.5265222306775,203.3500032644874
"d8_c1_kv128k",8,1,131072,2,"dcp2_hkv4","mega","eager","dcp_mega_varlen",20,1.4291200041770935,1.433990442752838,3293.858280386004,212.09135629903338
"d8_c2_kv16k",8,2,16384,2,"dcp2_hkv4","mega","eager","dcp_mega_varlen",20,0.34092800319194794,0.3444511920213699,3527.5548263687015,129.36962522016054
"d8_c2_kv32k",8,2,32768,2,"dcp2_hkv4","mega","eager","dcp_mega_varlen",20,0.5965920090675354,0.5992416083812714,3916.4346047811414,144.23385947541098
"d8_c2_kv64k",8,2,65536,2,"dcp2_hkv4","mega","eager","dcp_mega_varlen",20,1.149936020374298,1.1592096090316772,4003.923905294608,147.77765457306668
"d8_c2_kv128k",8,2,131072,2,"dcp2_hkv4","mega","eager","dcp_mega_varlen",20,2.258384108543396,2.297888088226318,4047.0271427861385,149.5347964602058
"d8_c4_kv16k",8,4,16384,2,"dcp2_hkv4","mega","eager","dcp_mega_varlen",20,0.5974240005016327,0.5987840294837952,3968.549773790885,91.37813002852536
"d8_c4_kv32k",8,4,32768,2,"dcp2_hkv4","mega","eager","dcp_mega_varlen",20,1.0829439759254456,1.09065922498703,4251.641800798917,96.88694736986407
"d8_c4_kv64k",8,4,65536,2,"dcp2_hkv4","mega","eager","dcp_mega_varlen",20,2.0296159982681274,2.0536768198013307,4469.345862246029,101.29326541347083
"d8_c4_kv128k",8,4,131072,2,"dcp2_hkv4","mega","eager","dcp_mega_varlen",20,4.01198410987854,4.096063899993896,4487.7016823561335,101.4243857541896
"d16_c0_kv16k",16,0,16384,2,"dcp2_hkv4","mega","eager","dcp_mega_varlen",20,0.0716640017926693,0.07493760287761689,959.4095584965386,938.2665538903544
"d16_c0_kv32k",16,0,32768,2,"dcp2_hkv4","mega","eager","dcp_mega_varlen",20,0.09734399989247322,0.10655039846897126,1412.2555597453904,1380.1446432076195
"d16_c0_kv64k",16,0,65536,2,"dcp2_hkv4","mega","eager","dcp_mega_varlen",20,0.13939199596643448,0.14398400336503983,1972.233460192356,1926.6997802705307
"d16_c0_kv128k",16,0,131072,2,"dcp2_hkv4","mega","eager","dcp_mega_varlen",20,0.22739200294017792,0.23144320100545884,2417.8135482479506,2361.5693474553455
"d16_c1_kv16k",16,1,16384,2,"dcp2_hkv4","mega","eager","dcp_mega_varlen",20,0.2353919968008995,0.24060159921646118,2773.617908276757,307.92387585423216
"d16_c1_kv32k",16,1,32768,2,"dcp2_hkv4","mega","eager","dcp_mega_varlen",20,0.4091999977827072,0.41162559688091277,3106.9471048509563,351.3831495090892
"d16_c1_kv64k",16,1,65536,2,"dcp2_hkv4","mega","eager","dcp_mega_varlen",20,0.755295991897583,0.7636128187179565,3320.9673513057955,379.17892200179233
"d16_c1_kv128k",16,1,131072,2,"dcp2_hkv4","mega","eager","dcp_mega_varlen",20,1.4443039894104004,1.4491647958755494,3449.560846393466,395.76501636150914
"d16_c2_kv16k",16,2,16384,2,"dcp2_hkv4","mega","eager","dcp_mega_varlen",20,0.35070399940013885,0.35449599623680117,3527.24744907346,221.6276293767559
"d16_c2_kv32k",16,2,32768,2,"dcp2_hkv4","mega","eager","dcp_mega_varlen",20,0.6080319881439209,0.6115423798561096,3955.796633526258,251.99853130709323
"d16_c2_kv64k",16,2,65536,2,"dcp2_hkv4","mega","eager","dcp_mega_varlen",20,1.1506240367889404,1.161625611782074,4120.992565071691,264.3940177444797
"d16_c2_kv128k",16,2,131072,2,"dcp2_hkv4","mega","eager","dcp_mega_varlen",20,2.3089600801467896,2.3311647891998293,4077.4362449131104,262.5458990011906
"d16_c4_kv16k",16,4,16384,2,"dcp2_hkv4","mega","eager","dcp_mega_varlen",20,0.6079199910163879,0.6112383782863617,3956.580605593475,145.1037263185215
"d16_c4_kv32k",16,4,32768,2,"dcp2_hkv4","mega","eager","dcp_mega_varlen",20,1.0795999765396118,1.0889792442321777,4328.48025198576,159.40861406056683
"d16_c4_kv64k",16,4,65536,2,"dcp2_hkv4","mega","eager","dcp_mega_varlen",20,2.0448319911956787,2.058886480331421,4503.310141234385,166.20910542448397
"d16_c4_kv128k",16,4,131072,2,"dcp2_hkv4","mega","eager","dcp_mega_varlen",20,4.092639923095703,4.1947071075439455,4466.428494984055,165.03138040277724
"d32_c0_kv16k",32,0,16384,2,"dcp2_hkv4","mega","eager","dcp_mega_varlen",20,0.10096000134944916,0.10343359783291817,1362.0270879755715,1332.0113926556887
"d32_c0_kv32k",32,0,32768,2,"dcp2_hkv4","mega","eager","dcp_mega_varlen",20,0.14691200107336044,0.1494431972503662,1871.5231438084097,1828.9697100090957
"d32_c0_kv64k",32,0,65536,2,"dcp2_hkv4","mega","eager","dcp_mega_varlen",20,0.23094400018453598,0.23259199857711793,2380.781127098605,2325.8151567947352
"d32_c0_kv128k",32,0,131072,2,"dcp2_hkv4","mega","eager","dcp_mega_varlen",20,0.4082239866256714,0.409647998213768,2693.5774647467815,2630.9183271604957
"d32_c1_kv16k",32,1,16384,2,"dcp2_hkv4","mega","eager","dcp_mega_varlen",20,0.2428319975733757,0.24522879719734192,2971.7771682619536,575.3885542113553
"d32_c1_kv32k",32,1,32768,2,"dcp2_hkv4","mega","eager","dcp_mega_varlen",20,0.41519999504089355,0.41749759018421173,3393.153589352143,669.8814723555239
"d32_c1_kv64k",32,1,65536,2,"dcp2_hkv4","mega","eager","dcp_mega_varlen",20,0.8180640041828156,0.8208416104316711,3402.211653319516,678.3807197999895
"d32_c1_kv128k",32,1,131072,2,"dcp2_hkv4","mega","eager","dcp_mega_varlen",20,1.508239984512329,1.5175711989402771,3667.8552580746664,735.0335406725438
"d32_c2_kv16k",32,2,16384,2,"dcp2_hkv4","mega","eager","dcp_mega_varlen",20,0.3604480028152466,0.36547520756721497,3622.644335342027,402.1818150406134
"d32_c2_kv32k",32,2,32768,2,"dcp2_hkv4","mega","eager","dcp_mega_varlen",20,0.6352159976959229,0.6378976106643677,4002.9305087640437,452.7152481094476
"d32_c2_kv64k",32,2,65536,2,"dcp2_hkv4","mega","eager","dcp_mega_varlen",20,1.226576030254364,1.254377555847168,4089.943497662893,466.9785042849871
"d32_c2_kv128k",32,2,131072,2,"dcp2_hkv4","mega","eager","dcp_mega_varlen",20,2.3741281032562256,2.428947114944458,4197.089858231882,481.5283482100376
"d32_c4_kv16k",32,4,16384,2,"dcp2_hkv4","mega","eager","dcp_mega_varlen",20,0.6494239866733551,0.6997151792049408,3809.5906915929536,239.36810957090253
"d32_c4_kv32k",32,4,32768,2,"dcp2_hkv4","mega","eager","dcp_mega_varlen",20,1.1288639903068542,1.1341824173927306,4261.365252907378,271.46435587576855
"d32_c4_kv64k",32,4,65536,2,"dcp2_hkv4","mega","eager","dcp_mega_varlen",20,2.0786880254745483,2.1157696723937987,4562.2171703399345,292.7020392399185
"d32_c4_kv128k",32,4,131072,2,"dcp2_hkv4","mega","eager","dcp_mega_varlen",20,4.081168174743652,4.23471999168396,4613.697410026165,297.07572638222746
"d4_c0_kv16k",4,0,16384,4,"dcp4_hkv2","mega","eager","dcp_mega_varlen",4,0.05289600044488907,0.055401600897312164,324.95428643813125,159.2062902520202
"d4_c0_kv32k",4,0,32768,4,"dcp4_hkv2","mega","eager","dcp_mega_varlen",4,0.0575999990105629,0.059734399989247323,596.6779835829051,291.8400050131481
"d4_c0_kv64k",4,0,65536,4,"dcp4_hkv2","mega","eager","dcp_mega_varlen",4,0.06472000107169151,0.06682880148291588,1061.9343092387826,518.9616724943322
"d4_c0_kv128k",4,0,131072,4,"dcp4_hkv2","mega","eager","dcp_mega_varlen",4,0.07899199798703194,0.08477439731359482,1740.0226588845712,849.9801715488016
"d4_c1_kv16k",4,1,16384,4,"dcp4_hkv2","mega","eager","dcp_mega_varlen",4,0.272816002368927,0.2803552091121674,2204.126980567797,42.398920516245575
"d4_c1_kv32k",4,1,32768,4,"dcp4_hkv2","mega","eager","dcp_mega_varlen",4,0.36323200166225433,0.37473919093608854,3216.2826768503883,60.71288845443061
"d4_c1_kv64k",4,1,65536,4,"dcp4_hkv2","mega","eager","dcp_mega_varlen",4,0.6050079762935638,0.6127711832523346,3805.120347125728,71.11374673699108
"d4_c1_kv128k",4,1,131072,4,"dcp4_hkv2","mega","eager","dcp_mega_varlen",4,1.1482880115509033,1.1534751534461976,3979.725336402172,73.99487162218223
"d4_c2_kv16k",4,2,16384,4,"dcp4_hkv2","mega","eager","dcp_mega_varlen",4,0.5311520099639893,0.5419967830181122,2231.8534407962998,27.699851876673673
"d4_c2_kv32k",4,2,32768,4,"dcp4_hkv2","mega","eager","dcp_mega_varlen",4,0.7103999853134155,0.7264352083206177,3240.6320179867903,38.4230638574093
"d4_c2_kv64k",4,2,65536,4,"dcp4_hkv2","mega","eager","dcp_mega_varlen",4,1.0973599553108215,1.1122143745422364,4133.126883256219,47.80707346400346
"d4_c2_kv128k",4,2,131072,4,"dcp4_hkv2","mega","eager","dcp_mega_varlen",4,2.009440064430237,2.032457685470581,4480.0012098377965,51.1551540250325
"d4_c4_kv16k",4,4,16384,4,"dcp4_hkv2","mega","eager","dcp_mega_varlen",4,1.041920006275177,1.0495936512947082,2259.019968704171,20.159213637800757
"d4_c4_kv32k",4,4,32768,4,"dcp4_hkv2","mega","eager","dcp_mega_varlen",4,1.3966079950332642,1.4146047592163087,3272.1574278222247,27.052332604683485
"d4_c4_kv64k",4,4,65536,4,"dcp4_hkv2","mega","eager","dcp_mega_varlen",4,2.176271915435791,2.1907455921173096,4136.582111051741,32.77896272705207
"d4_c4_kv128k",4,4,131072,4,"dcp4_hkv2","mega","eager","dcp_mega_varlen",4,3.8449599742889404,3.906579089164734,4646.8988214693245,36.006824759106365
"d8_c0_kv16k",8,0,16384,4,"dcp4_hkv2","mega","eager","dcp_mega_varlen",4,0.05676800012588501,0.058079998940229416,605.5799761091911,296.6944751030618
"d8_c0_kv32k",8,0,32768,4,"dcp4_hkv2","mega","eager","dcp_mega_varlen",4,0.06656000018119812,0.06776640191674232,1032.711874111697,505.10769093262377
"d8_c0_kv64k",8,0,65536,4,"dcp4_hkv2","mega","eager","dcp_mega_varlen",4,0.07903999835252762,0.08704639747738839,1739.0787212687774,849.8785602245882
"d8_c0_kv128k",8,0,131072,4,"dcp4_hkv2","mega","eager","dcp_mega_varlen",4,0.10400000214576721,0.1061440035700798,2643.2281448485355,1291.185204129011
"d8_c1_kv16k",8,1,16384,4,"dcp4_hkv2","mega","eager","dcp_mega_varlen",4,0.27534399926662445,0.2775584042072296,2246.316953626714,72.59457280071142
"d8_c1_kv32k",8,1,32768,4,"dcp4_hkv2","mega","eager","dcp_mega_varlen",4,0.3654239922761917,0.36767999827861786,3291.041287127753,106.35001757253806
"d8_c1_kv64k",8,1,65536,4,"dcp4_hkv2","mega","eager","dcp_mega_varlen",4,0.6195999979972839,0.6273151874542237,3826.430855492664,123.64684352425681
"d8_c1_kv128k",8,1,131072,4,"dcp4_hkv2","mega","eager","dcp_mega_varlen",4,1.1600960493087769,1.1635839939117432,4057.697431371113,131.1176398632092
"d8_c2_kv16k",8,2,16384,4,"dcp4_hkv2","mega","eager","dcp_mega_varlen",4,0.5381599962711334,0.554387217760086,2234.7298785435737,42.98760249794677
"d8_c2_kv32k",8,2,32768,4,"dcp4_hkv2","mega","eager","dcp_mega_varlen",4,0.7150880098342896,0.728627210855484,3267.4489812651877,61.67874078915239
"d8_c2_kv64k",8,2,65536,4,"dcp4_hkv2","mega","eager","dcp_mega_varlen",4,1.1093440055847168,1.1259168267250061,4150.431514802455,77.5672537705246
"d8_c2_kv128k",8,2,131072,4,"dcp4_hkv2","mega","eager","dcp_mega_varlen",4,2.034976005554199,2.0556063652038574,4491.3265616726085,83.50705243510744
"d8_c4_kv16k",8,4,16384,4,"dcp4_hkv2","mega","eager","dcp_mega_varlen",4,1.0487040281295776,1.0555424571037293,2260.7969631590386,28.059074067334635
"d8_c4_kv32k",8,4,32768,4,"dcp4_hkv2","mega","eager","dcp_mega_varlen",4,1.4023839831352234,1.4207391619682312,3283.1877227194746,38.927632272263395
"d8_c4_kv64k",8,4,65536,4,"dcp4_hkv2","mega","eager","dcp_mega_varlen",4,2.190719962120056,2.2054176807403563,4140.673395347865,47.89436249919468
"d8_c4_kv128k",8,4,131072,4,"dcp4_hkv2","mega","eager","dcp_mega_varlen",4,3.887808084487915,3.917340898513794,4631.038222109023,52.87977892228673
"d16_c0_kv16k",16,0,16384,4,"dcp4_hkv2","mega","eager","dcp_mega_varlen",4,0.0748480036854744,0.0754656009376049,918.5966884156614,450.0521368820058
"d16_c0_kv32k",16,0,32768,4,"dcp4_hkv2","mega","eager","dcp_mega_varlen",4,0.0878559984266758,0.08970239758491516,1564.7719850424971,765.3425742593789
"d16_c0_kv64k",16,0,65536,4,"dcp4_hkv2","mega","eager","dcp_mega_varlen",4,0.11259200051426888,0.11433599889278412,2441.6793135597586,1193.2357484222323
"d16_c0_kv128k",16,0,131072,4,"dcp4_hkv2","mega","eager","dcp_mega_varlen",4,0.165632002055645,0.17118400633335112,3319.3553096538344,1621.465203987413
"d16_c1_kv16k",16,1,16384,4,"dcp4_hkv2","mega","eager","dcp_mega_varlen",4,0.28543999791145325,0.28774718642234803,2287.3019288436694,129.03318480063004
"d16_c1_kv32k",16,1,32768,4,"dcp4_hkv2","mega","eager","dcp_mega_varlen",4,0.38047999143600464,0.38553920984268186,3341.4707133945008,190.50362077237207
"d16_c1_kv64k",16,1,65536,4,"dcp4_hkv2","mega","eager","dcp_mega_varlen",4,0.6343840062618256,0.6382304191589355,3953.935321359219,226.65449094039118
"d16_c1_kv128k",16,1,131072,4,"dcp4_hkv2","mega","eager","dcp_mega_varlen",4,1.2029919624328613,1.2178271651268004,4141.519351537692,238.0666944946305
"d16_c2_kv16k",16,2,16384,4,"dcp4_hkv2","mega","eager","dcp_mega_varlen",4,0.5486880242824554,0.553702425956726,2254.5048051334957,72.8591808656289
"d16_c2_kv32k",16,2,32768,4,"dcp4_hkv2","mega","eager","dcp_mega_varlen",4,0.7268480062484741,0.7377920150756836,3309.1524928167187,106.93528128552003
"d16_c2_kv64k",16,2,65536,4,"dcp4_hkv2","mega","eager","dcp_mega_varlen",4,1.1241280436515808,1.14621444940567,4218.125441828828,136.3040170248532
"d16_c2_kv128k",16,2,131072,4,"dcp4_hkv2","mega","eager","dcp_mega_varlen",4,2.053056001663208,2.102003264427185,4585.670099218471,148.17818498547962
"d16_c4_kv16k",16,4,16384,4,"dcp4_hkv2","mega","eager","dcp_mega_varlen",4,1.0630719661712646,1.069385588169098,2262.5791317504277,43.523314951704776
"d16_c4_kv32k",16,4,32768,4,"dcp4_hkv2","mega","eager","dcp_mega_varlen",4,1.4111040234565735,1.418275237083435,3311.610696884822,62.51236941690621
"d16_c4_kv64k",16,4,65536,4,"dcp4_hkv2","mega","eager","dcp_mega_varlen",4,2.2159039974212646,2.2341599225997926,4155.646026988674,77.66470758673513
"d16_c4_kv128k",16,4,131072,4,"dcp4_hkv2","mega","eager","dcp_mega_varlen",4,3.9283519983291626,3.9997727155685423,4653.219360179223,86.51711866567865
"d32_c0_kv16k",32,0,16384,4,"dcp4_hkv2","mega","eager","dcp_mega_varlen",4,0.11622399836778641,0.1177952028810978,1183.1485628712758,579.6652063785227
"d32_c0_kv32k",32,0,32768,4,"dcp4_hkv2","mega","eager","dcp_mega_varlen",4,0.1318719983100891,0.1340511992573738,2084.9703776041474,1019.7757956452485
"d32_c0_kv64k",32,0,65536,4,"dcp4_hkv2","mega","eager","dcp_mega_varlen",4,0.18379200249910355,0.19618559628725055,2991.572590644589,1461.965680477912
"d32_c0_kv128k",32,0,131072,4,"dcp4_hkv2","mega","eager","dcp_mega_varlen",4,0.2825759947299957,0.2844575971364975,3891.282173472176,1900.8446082379933
"d32_c1_kv16k",32,1,16384,4,"dcp4_hkv2","mega","eager","dcp_mega_varlen",4,0.3227680027484894,0.33156481087207795,2235.7934490623156,218.47498946464276
"d32_c1_kv32k",32,1,32768,4,"dcp4_hkv2","mega","eager","dcp_mega_varlen",4,0.4196159988641739,0.4286624014377594,3357.4443235850704,332.97765666276956
"d32_c1_kv64k",32,1,65536,4,"dcp4_hkv2","mega","eager","dcp_mega_varlen",4,0.6619519889354706,0.6796799838542938,4204.575157584909,420.1736510336455
"d32_c1_kv128k",32,1,131072,4,"dcp4_hkv2","mega","eager","dcp_mega_varlen",4,1.2563199996948242,1.2608447551727295,4403.34147269469,441.73367305686963
"d32_c2_kv16k",32,2,16384,4,"dcp4_hkv2","mega","eager","dcp_mega_varlen",4,0.5752159953117371,0.587750381231308,2270.0601621419414,128.06052787193232
"d32_c2_kv32k",32,2,32768,4,"dcp4_hkv2","mega","eager","dcp_mega_varlen",4,0.7717119753360748,0.8038527846336365,3294.9151731443094,187.84940059647064
"d32_c2_kv64k",32,2,65536,4,"dcp4_hkv2","mega","eager","dcp_mega_varlen",4,1.1661120057106018,1.188051164150238,4302.010985875223,246.60750133068072
"d32_c2_kv128k",32,2,131072,4,"dcp4_hkv2","mega","eager","dcp_mega_varlen",4,2.1695200204849243,2.2108863592147827,4592.918659535017,264.01445231741764
"d32_c4_kv16k",32,4,16384,4,"dcp4_hkv2","mega","eager","dcp_mega_varlen",4,1.0834240317344666,1.0885055780410766,2283.537656597187,73.79744002170675
"d32_c4_kv32k",32,4,32768,4,"dcp4_hkv2","mega","eager","dcp_mega_varlen",4,1.4284319877624512,1.436633563041687,3367.6799628992826,108.82659680808801
"d32_c4_kv64k",32,4,65536,4,"dcp4_hkv2","mega","eager","dcp_mega_varlen",4,2.2697919607162476,2.2954623222351076,4178.103705419524,135.01075926945254
"d32_c4_kv128k",32,4,131072,4,"dcp4_hkv2","mega","eager","dcp_mega_varlen",4,4.00379204750061,4.155267143249512,4702.86039192527,151.9649913835609
"d4_c0_kv16k",4,0,16384,4,"dcp4_hkv2","mega","eager","dcp_mega_varlen",8,0.05233599990606308,0.05934720039367676,328.43133045803705,160.90981380150131
"d4_c0_kv32k",4,0,32768,4,"dcp4_hkv2","mega","eager","dcp_mega_varlen",8,0.05721599981188774,0.06024319976568222,600.6825254648306,293.79865868405915
"d4_c0_kv64k",4,0,65536,4,"dcp4_hkv2","mega","eager","dcp_mega_varlen",8,0.06470400094985962,0.06539199873805046,1062.196906266414,519.0900022709163
"d4_c0_kv128k",4,0,131072,4,"dcp4_hkv2","mega","eager","dcp_mega_varlen",8,0.07953600212931633,0.08132800087332726,1728.1213876519175,844.1665434834841
"d4_c1_kv16k",4,1,16384,4,"dcp4_hkv2","mega","eager","dcp_mega_varlen",8,0.2211039960384369,0.22482559829950333,2719.63022978321,52.31521911521294
"d4_c1_kv32k",4,1,32768,4,"dcp4_hkv2","mega","eager","dcp_mega_varlen",8,0.33560000360012054,0.338607993721962,3481.0988739321347,65.7117513808992
"d4_c1_kv64k",4,1,65536,4,"dcp4_hkv2","mega","eager","dcp_mega_varlen",8,0.604559987783432,0.6070047736167907,3807.940001468767,71.16644314775984
"d4_c1_kv128k",4,1,131072,4,"dcp4_hkv2","mega","eager","dcp_mega_varlen",8,1.1408639550209045,1.14694402217865,4005.622995576422,74.47638574788972
"d4_c2_kv16k",4,2,16384,4,"dcp4_hkv2","mega","eager","dcp_mega_varlen",8,0.41470400989055634,0.42247040569782257,2858.553119215921,35.47791111034309
"d4_c2_kv32k",4,2,32768,4,"dcp4_hkv2","mega","eager","dcp_mega_varlen",8,0.5989600121974945,0.6091807901859283,3843.5703404268597,45.57189702841097
"d4_c2_kv64k",4,2,65536,4,"dcp4_hkv2","mega","eager","dcp_mega_varlen",8,1.0309279561042786,1.0427680134773254,4399.461577357041,50.88771498470598
"d4_c2_kv128k",4,2,131072,4,"dcp4_hkv2","mega","eager","dcp_mega_varlen",8,2.0226880311965942,2.0404192447662353,4450.658619074523,50.82010394810561
"d4_c4_kv16k",4,4,16384,4,"dcp4_hkv2","mega","eager","dcp_mega_varlen",8,0.780128002166748,0.7855775892734528,3017.0921867061834,26.924155961152707
"d4_c4_kv32k",4,4,32768,4,"dcp4_hkv2","mega","eager","dcp_mega_varlen",8,1.1474239826202393,1.1540063977241517,3982.7659992500767,32.92723925268039
"d4_c4_kv64k",4,4,65536,4,"dcp4_hkv2","mega","eager","dcp_mega_varlen",8,1.998032033443451,2.0243454933166505,4505.597169361293,35.703099252647185
"d4_c4_kv128k",4,4,131072,4,"dcp4_hkv2","mega","eager","dcp_mega_varlen",8,3.828687906265259,3.8982879400253294,4666.648316746382,36.159855122547114
"d8_c0_kv16k",8,0,16384,4,"dcp4_hkv2","mega","eager","dcp_mega_varlen",8,0.056752000004053116,0.06322240158915521,605.7507075969978,296.77812233572604
"d8_c0_kv32k",8,0,32768,4,"dcp4_hkv2","mega","eager","dcp_mega_varlen",8,0.06646399945020676,0.06882880181074143,1034.2035251654747,505.8372694707799
"d8_c0_kv64k",8,0,65536,4,"dcp4_hkv2","mega","eager","dcp_mega_varlen",8,0.08311999961733818,0.08915200009942055,1653.714868825957,808.1616976570335
"d8_c0_kv128k",8,0,131072,4,"dcp4_hkv2","mega","eager","dcp_mega_varlen",8,0.10942399874329567,0.11137919872999191,2512.206973726983,1227.1829355736045
"d8_c1_kv16k",8,1,16384,4,"dcp4_hkv2","mega","eager","dcp_mega_varlen",8,0.24057600647211075,0.24378880113363266,2570.954197395001,83.08592487304922
"d8_c1_kv32k",8,1,32768,4,"dcp4_hkv2","mega","eager","dcp_mega_varlen",8,0.3367999941110611,0.3420608103275299,3570.740697493687,115.38850558051027
"d8_c1_kv64k",8,1,65536,4,"dcp4_hkv2","mega","eager","dcp_mega_varlen",8,0.6030559837818146,0.6046432077884674,3931.403740548531,127.03892517501002
"d8_c1_kv128k",8,1,131072,4,"dcp4_hkv2","mega","eager","dcp_mega_varlen",8,1.1580960154533386,1.1622111678123475,4064.7050819713877,131.34408025785035
"d8_c2_kv16k",8,2,16384,4,"dcp4_hkv2","mega","eager","dcp_mega_varlen",8,0.41599999368190765,0.4237375855445862,2890.9669263687406,55.61107776768252
"d8_c2_kv32k",8,2,32768,4,"dcp4_hkv2","mega","eager","dcp_mega_varlen",8,0.6049440205097198,0.6119040071964263,3862.3633097146358,72.90877586133828
"d8_c2_kv64k",8,2,65536,4,"dcp4_hkv2","mega","eager","dcp_mega_varlen",8,1.0610399842262268,1.0656704425811767,4339.380598266234,81.09851587049461
"d8_c2_kv128k",8,2,131072,4,"dcp4_hkv2","mega","eager","dcp_mega_varlen",8,2.0343680381774902,2.049596738815308,4492.668786863134,83.53200837358706
"d8_c4_kv16k",8,4,16384,4,"dcp4_hkv2","mega","eager","dcp_mega_varlen",8,0.8113279938697815,0.8610144078731536,2922.2545012153637,36.268518062157284
"d8_c4_kv32k",8,4,32768,4,"dcp4_hkv2","mega","eager","dcp_mega_varlen",8,1.1536960005760193,1.1688704133033752,3990.9039068083466,47.31878066036761
"d8_c4_kv64k",8,4,65536,4,"dcp4_hkv2","mega","eager","dcp_mega_varlen",8,2.012287974357605,2.0450271368026733,4507.8318706863065,52.1412130554998
"d8_c4_kv128k",8,4,131072,4,"dcp4_hkv2","mega","eager","dcp_mega_varlen",8,3.873728036880493,3.9437568187713623,4647.87090577145,53.071983898373624
"d16_c0_kv16k",16,0,16384,4,"dcp4_hkv2","mega","eager","dcp_mega_varlen",8,0.06864000111818314,0.07151039838790894,1001.6772610714071,490.7561691614908
"d16_c0_kv32k",16,0,32768,4,"dcp4_hkv2","mega","eager","dcp_mega_varlen",8,0.08718400076031685,0.09047040194272996,1576.8329493612055,771.2416889981183
"d16_c0_kv64k",16,0,65536,4,"dcp4_hkv2","mega","eager","dcp_mega_varlen",8,0.11752000078558922,0.12521599754691123,2339.2916668675775,1143.1994477698677
"d16_c0_kv128k",16,0,131072,4,"dcp4_hkv2","mega","eager","dcp_mega_varlen",8,0.180479995906353,0.18263360410928725,3046.2737031381275,1488.068118858741
"d16_c1_kv16k",16,1,16384,4,"dcp4_hkv2","mega","eager","dcp_mega_varlen",8,0.23161600530147552,0.23555520474910735,2818.8356713180942,159.01850976170584
"d16_c1_kv32k",16,1,32768,4,"dcp4_hkv2","mega","eager","dcp_mega_varlen",8,0.3444959968328476,0.34688318967819215,3690.500789862229,210.40249136819224
"d16_c1_kv64k",16,1,65536,4,"dcp4_hkv2","mega","eager","dcp_mega_varlen",8,0.6349439918994904,0.6475135803222656,3950.4481681292264,226.45459416011116
"d16_c1_kv128k",16,1,131072,4,"dcp4_hkv2","mega","eager","dcp_mega_varlen",8,1.1859999895095825,1.1896448135375977,4200.855426837038,241.47750635177053
"d16_c2_kv16k",16,2,16384,4,"dcp4_hkv2","mega","eager","dcp_mega_varlen",8,0.4211679995059967,0.43502081036567686,2937.1172280775027,94.91927223077356
"d16_c2_kv32k",16,2,32768,4,"dcp4_hkv2","mega","eager","dcp_mega_varlen",8,0.6101120114326477,0.6198144078254699,3942.3103408963516,127.3957806821189
"d16_c2_kv64k",16,2,65536,4,"dcp4_hkv2","mega","eager","dcp_mega_varlen",8,1.0697439908981323,1.082803189754486,4432.568110823382,143.23349259607187
"d16_c2_kv128k",16,2,131072,4,"dcp4_hkv2","mega","eager","dcp_mega_varlen",8,2.061728000640869,2.0944960594177244,4566.381945592021,147.5549208748373
"d16_c4_kv16k",16,4,16384,4,"dcp4_hkv2","mega","eager","dcp_mega_varlen",8,0.7878080010414124,0.7981151759624481,3053.1353363109124,58.73057386931493
"d16_c4_kv32k",16,4,32768,4,"dcp4_hkv2","mega","eager","dcp_mega_varlen",8,1.1589760184288025,1.168230378627777,4032.030951624967,76.11154553446781
"d16_c4_kv64k",16,4,65536,4,"dcp4_hkv2","mega","eager","dcp_mega_varlen",8,2.024399995803833,2.0380160808563232,4548.7614414934615,85.01162633704948
"d16_c4_kv128k",16,4,131072,4,"dcp4_hkv2","mega","eager","dcp_mega_varlen",8,3.8851040601730347,3.9991199254989622,4705.017752191139,87.48020406559274
"d32_c0_kv16k",32,0,16384,4,"dcp4_hkv2","mega","eager","dcp_mega_varlen",8,0.1019040010869503,0.11136959716677668,1349.4097893434862,661.1223041430455
"d32_c0_kv32k",32,0,32768,4,"dcp4_hkv2","mega","eager","dcp_mega_varlen",8,0.14614399522542953,0.15252160429954528,1881.358243203125,920.1874616371516
"d32_c0_kv64k",32,0,65536,4,"dcp4_hkv2","mega","eager","dcp_mega_varlen",8,0.19792000204324722,0.20256639271974564,2778.02703809521,1357.607099970054
"d32_c0_kv128k",32,0,131072,4,"dcp4_hkv2","mega","eager","dcp_mega_varlen",8,0.33745600283145905,0.3416640073060989,3258.448276865242,1591.7128499511944
"d32_c1_kv16k",32,1,16384,4,"dcp4_hkv2","mega","eager","dcp_mega_varlen",8,0.2529119998216629,0.25618239045143126,2853.3347038529428,278.8192574876788
"d32_c1_kv32k",32,1,32768,4,"dcp4_hkv2","mega","eager","dcp_mega_varlen",8,0.36902400851249695,0.3709567874670029,3817.7390114830155,378.62780951085006
"d32_c1_kv64k",32,1,65536,4,"dcp4_hkv2","mega","eager","dcp_mega_varlen",8,0.7036640048027039,0.7097312033176422,3955.3350309177354,395.2664653892372
"d32_c1_kv128k",32,1,131072,4,"dcp4_hkv2","mega","eager","dcp_mega_varlen",8,1.2554240226745605,1.2686879515647889,4406.4840704948365,442.04893165714117
"d32_c2_kv16k",32,2,16384,4,"dcp4_hkv2","mega","eager","dcp_mega_varlen",8,0.44516800343990326,0.45465281009674074,2933.2182580374442,165.47115567784576
"d32_c2_kv32k",32,2,32768,4,"dcp4_hkv2","mega","eager","dcp_mega_varlen",8,0.6469600200653076,0.6553248226642608,3930.266813976115,224.07200986757482
"d32_c2_kv64k",32,2,65536,4,"dcp4_hkv2","mega","eager","dcp_mega_varlen",8,1.1159679889678955,1.1219679951667785,4495.314120943231,257.68836637147746
"d32_c2_kv128k",32,2,131072,4,"dcp4_hkv2","mega","eager","dcp_mega_varlen",8,2.173311948776245,2.204655909538269,4584.905075376225,263.5538079669259
"d32_c4_kv16k",32,4,16384,4,"dcp4_hkv2","mega","eager","dcp_mega_varlen",8,0.817520022392273,0.8259904026985169,3026.273983221018,97.800564891407
"d32_c4_kv32k",32,4,32768,4,"dcp4_hkv2","mega","eager","dcp_mega_varlen",8,1.2114400267601013,1.2178143739700318,3970.89552705081,128.3195111323358
"d32_c4_kv64k",32,4,65536,4,"dcp4_hkv2","mega","eager","dcp_mega_varlen",8,2.0983200073242188,2.1517152786254883,4519.5328493737625,146.04366108617575
"d32_c4_kv128k",32,4,131072,4,"dcp4_hkv2","mega","eager","dcp_mega_varlen",8,3.9673759937286377,4.015094327926636,4746.027366062621,153.35985925250728
"d4_c0_kv16k",4,0,16384,4,"dcp4_hkv2","mega","eager","dcp_mega_varlen",12,0.051791999489068985,0.05416639894247055,331.8810289150508,162.59993981845366
"d4_c0_kv32k",4,0,32768,4,"dcp4_hkv2","mega","eager","dcp_mega_varlen",12,0.056912001222372055,0.058479998260736465,603.8911042630797,295.36800040326136
"d4_c0_kv64k",4,0,65536,4,"dcp4_hkv2","mega","eager","dcp_mega_varlen",12,0.06787200272083282,0.0702143982052803,1012.6176755780969,494.8608948250565
"d4_c0_kv128k",4,0,131072,4,"dcp4_hkv2","mega","eager","dcp_mega_varlen",12,0.07903999835252762,0.08076799660921097,1738.9659568939574,849.4639853171617
"d4_c1_kv16k",4,1,16384,4,"dcp4_hkv2","mega","eager","dcp_mega_varlen",12,0.20473600178956985,0.20652799308300018,2937.0560443494696,56.49765502351076
"d4_c1_kv32k",4,1,32768,4,"dcp4_hkv2","mega","eager","dcp_mega_varlen",12,0.33507201075553894,0.336681592464447,3486.5842479344956,65.8152972857207
"d4_c1_kv64k",4,1,65536,4,"dcp4_hkv2","mega","eager","dcp_mega_varlen",12,0.6007999777793884,0.602761572599411,3831.771381345379,71.61182688292041
"d4_c1_kv128k",4,1,131072,4,"dcp4_hkv2","mega","eager","dcp_mega_varlen",12,1.1437119841575623,1.1489951968193055,3995.648341852503,74.29092741612347
"d4_c2_kv16k",4,2,16384,4,"dcp4_hkv2","mega","eager","dcp_mega_varlen",12,0.38041599094867706,0.3844096064567566,3116.2029705105974,38.67564022035275
"d4_c2_kv32k",4,2,32768,4,"dcp4_hkv2","mega","eager","dcp_mega_varlen",12,0.5541280210018158,0.5573312044143677,4154.53622760661,49.25891304080174
"d4_c2_kv64k",4,2,65536,4,"dcp4_hkv2","mega","eager","dcp_mega_varlen",12,1.0148159861564636,1.0300576090812683,4469.31068664178,51.69564602415665
"d4_c2_kv128k",4,2,131072,4,"dcp4_hkv2","mega","eager","dcp_mega_varlen",12,2.0261759757995605,2.044694447517395,4442.997068007163,50.7326200822395
"d4_c4_kv16k",4,4,16384,4,"dcp4_hkv2","mega","eager","dcp_mega_varlen",12,0.7063519954681396,0.7149759888648987,3332.2169613296796,29.736290312423147
"d4_c4_kv32k",4,4,32768,4,"dcp4_hkv2","mega","eager","dcp_mega_varlen",12,1.101584017276764,1.1053504467010498,4148.499935575813,34.29743297601576
"d4_c4_kv64k",4,4,65536,4,"dcp4_hkv2","mega","eager","dcp_mega_varlen",12,1.9813439846038818,2.0052319765090942,4543.54596886203,36.00381183394653
"d4_c4_kv128k",4,4,131072,4,"dcp4_hkv2","mega","eager","dcp_mega_varlen",12,3.8431999683380127,3.925788688659668,4649.026883929389,36.02331420185515
"d8_c0_kv16k",8,0,16384,4,"dcp4_hkv2","mega","eager","dcp_mega_varlen",12,0.05657599866390228,0.06023679897189141,607.6351274720713,297.701364496573
"d8_c0_kv32k",8,0,32768,4,"dcp4_hkv2","mega","eager","dcp_mega_varlen",12,0.06684800237417221,0.06829119846224785,1028.2626269555924,502.9315283322454
"d8_c0_kv64k",8,0,65536,4,"dcp4_hkv2","mega","eager","dcp_mega_varlen",12,0.08177599683403969,0.08368319645524025,1680.8939613779542,821.443976235803
"d8_c0_kv128k",8,0,131072,4,"dcp4_hkv2","mega","eager","dcp_mega_varlen",12,0.1080000028014183,0.11223360300064088,2545.3307926431826,1243.3635233038767
"d8_c1_kv16k",8,1,16384,4,"dcp4_hkv2","mega","eager","dcp_mega_varlen",12,0.20712000131607056,0.21258879452943802,2986.2393284178174,96.50675875333283
"d8_c1_kv32k",8,1,32768,4,"dcp4_hkv2","mega","eager","dcp_mega_varlen",12,0.3378560096025467,0.3439616084098816,3559.5798556395866,115.02784291366667
"d8_c1_kv64k",8,1,65536,4,"dcp4_hkv2","mega","eager","dcp_mega_varlen",12,0.6060479879379272,0.6079776227474213,3911.9947555090775,126.41174548020564
"d8_c1_kv128k",8,1,131072,4,"dcp4_hkv2","mega","eager","dcp_mega_varlen",12,1.153439998626709,1.1588799834251404,4081.1128147355353,131.87426843277652
"d8_c2_kv16k",8,2,16384,4,"dcp4_hkv2","mega","eager","dcp_mega_varlen",12,0.38252800703048706,0.38678079545497895,3143.932472918645,60.477161344571115
"d8_c2_kv32k",8,2,32768,4,"dcp4_hkv2","mega","eager","dcp_mega_varlen",12,0.5576319992542267,0.56249920129776,4190.063684244874,79.09468620700875
"d8_c2_kv64k",8,2,65536,4,"dcp4_hkv2","mega","eager","dcp_mega_varlen",12,1.0435839891433716,1.0517952203750611,4411.965274894083,82.45504807967909
"d8_c2_kv128k",8,2,131072,4,"dcp4_hkv2","mega","eager","dcp_mega_varlen",12,2.0332800149917603,2.0635456800460816,4495.072847184326,83.57670696954578
"d8_c4_kv16k",8,4,16384,4,"dcp4_hkv2","mega","eager","dcp_mega_varlen",12,0.7125439941883087,0.7187008082866668,3327.383153020338,41.296627632824425
"d8_c4_kv32k",8,4,32768,4,"dcp4_hkv2","mega","eager","dcp_mega_varlen",12,1.1088799834251404,1.114095962047577,4152.198565029677,49.23119617632221
"d8_c4_kv64k",8,4,65536,4,"dcp4_hkv2","mega","eager","dcp_mega_varlen",12,2.0000799894332886,2.0823168992996215,4535.346542004169,52.45946989836611
"d8_c4_kv128k",8,4,131072,4,"dcp4_hkv2","mega","eager","dcp_mega_varlen",12,3.8474559783935547,3.958870458602905,4679.608536289357,53.43438187584914
"d16_c0_kv16k",16,0,16384,4,"dcp4_hkv2","mega","eager","dcp_mega_varlen",12,0.07052800059318542,0.07205119729042053,974.8628593143937,477.6188707560607
"d16_c0_kv32k",16,0,32768,4,"dcp4_hkv2","mega","eager","dcp_mega_varlen",12,0.08737600222229958,0.08951040133833886,1573.367990746944,769.5469498470534
"d16_c0_kv64k",16,0,65536,4,"dcp4_hkv2","mega","eager","dcp_mega_varlen",12,0.11795199662446976,0.12507839798927306,2330.7240775521364,1139.0125122488062
"d16_c0_kv128k",16,0,131072,4,"dcp4_hkv2","mega","eager","dcp_mega_varlen",12,0.18118400126695633,0.18247040361166,3034.4371557505115,1482.2861076144045
"d16_c1_kv16k",16,1,16384,4,"dcp4_hkv2","mega","eager","dcp_mega_varlen",12,0.21937599778175354,0.22128320038318633,2976.1116274968504,167.89089222350384
"d16_c1_kv32k",16,1,32768,4,"dcp4_hkv2","mega","eager","dcp_mega_varlen",12,0.35043199360370636,0.3532800078392029,3627.987089140463,206.83846601623017
"d16_c1_kv64k",16,1,65536,4,"dcp4_hkv2","mega","eager","dcp_mega_varlen",12,0.6125440001487732,0.6143456101417542,4094.9112701369813,234.73576423094116
"d16_c1_kv128k",16,1,131072,4,"dcp4_hkv2","mega","eager","dcp_mega_varlen",12,1.185584008693695,1.1928799510002137,4202.329363103947,241.56223253681864
"d16_c2_kv16k",16,2,16384,4,"dcp4_hkv2","mega","eager","dcp_mega_varlen",12,0.393775999546051,0.4046079874038696,3141.4301244617473,101.52208373818071
"d16_c2_kv32k",16,2,32768,4,"dcp4_hkv2","mega","eager","dcp_mega_varlen",12,0.5675679743289948,0.5749888181686401,4237.81996265663,136.9451757595924
"d16_c2_kv64k",16,2,65536,4,"dcp4_hkv2","mega","eager","dcp_mega_varlen",12,1.0784159898757935,1.0817440271377563,4396.923956353918,142.08169151650605
"d16_c2_kv128k",16,2,131072,4,"dcp4_hkv2","mega","eager","dcp_mega_varlen",12,2.0862239599227905,2.1193793058395385,4512.764544798167,145.82236511714632
"d16_c4_kv16k",16,4,16384,4,"dcp4_hkv2","mega","eager","dcp_mega_varlen",12,0.7290560007095337,0.736185610294342,3299.1765294670413,63.46345953530392
"d16_c4_kv32k",16,4,32768,4,"dcp4_hkv2","mega","eager","dcp_mega_varlen",12,1.1445760130882263,1.1528479695320129,4082.758265995387,77.0691111741833
"d16_c4_kv64k",16,4,65536,4,"dcp4_hkv2","mega","eager","dcp_mega_varlen",12,2.0387200117111206,2.088086462020874,4516.810837277842,84.4145027327988
"d16_c4_kv128k",16,4,131072,4,"dcp4_hkv2","mega","eager","dcp_mega_varlen",12,3.9061279296875,4.044246196746826,4679.694034927936,87.00936121853807
"d32_c0_kv16k",32,0,16384,4,"dcp4_hkv2","mega","eager","dcp_mega_varlen",12,0.10380800068378448,0.10888000205159187,1324.659522717116,648.9962965881859
"d32_c0_kv32k",32,0,32768,4,"dcp4_hkv2","mega","eager","dcp_mega_varlen",12,0.14604800194501877,0.14781439304351807,1882.5948075312074,920.7922752043283
"d32_c0_kv64k",32,0,65536,4,"dcp4_hkv2","mega","eager","dcp_mega_varlen",12,0.21143999695777893,0.21250879466533662,2600.3931373768955,1270.798353509504
"d32_c0_kv128k",32,0,131072,4,"dcp4_hkv2","mega","eager","dcp_mega_varlen",12,0.36451199650764465,0.3662079870700836,3016.5891424123247,1473.5675674496906
"d32_c1_kv16k",32,1,16384,4,"dcp4_hkv2","mega","eager","dcp_mega_varlen",12,0.23551999777555466,0.23814400285482407,3064.039541982798,299.40869848003683
"d32_c1_kv32k",32,1,32768,4,"dcp4_hkv2","mega","eager","dcp_mega_varlen",12,0.363072007894516,0.36464319825172425,3880.3249020544495,384.83482329101486
"d32_c1_kv64k",32,1,65536,4,"dcp4_hkv2","mega","eager","dcp_mega_varlen",12,0.6562400162220001,0.6605471730232239,4241.172161696491,423.8308806604526
"d32_c1_kv128k",32,1,131072,4,"dcp4_hkv2","mega","eager","dcp_mega_varlen",12,1.2654880285263062,1.2686496257781983,4371.440766669413,438.533463367697
"d32_c2_kv16k",32,2,16384,4,"dcp4_hkv2","mega","eager","dcp_mega_varlen",12,0.419855996966362,0.4240736037492752,3110.054221015726,175.44697356294205
"d32_c2_kv32k",32,2,32768,4,"dcp4_hkv2","mega","eager","dcp_mega_varlen",12,0.6394720077514648,0.6691904246807099,3976.2889790482395,226.69582130691464
"d32_c2_kv64k",32,2,65536,4,"dcp4_hkv2","mega","eager","dcp_mega_varlen",12,1.1069440245628357,1.1187455892562865,4531.960558086224,259.789078416653
"d32_c2_kv128k",32,2,131072,4,"dcp4_hkv2","mega","eager","dcp_mega_varlen",12,2.1584479808807373,2.219599986076355,4616.478633065827,265.36874878322516
"d32_c4_kv16k",32,4,16384,4,"dcp4_hkv2","mega","eager","dcp_mega_varlen",12,0.7683679759502411,0.7750240206718445,3219.862945834454,104.0568093706937
"d32_c4_kv32k",32,4,32768,4,"dcp4_hkv2","mega","eager","dcp_mega_varlen",12,1.1895359754562378,1.1972288131713866,4044.01538314717,130.68237969043162
"d32_c4_kv64k",32,4,65536,4,"dcp4_hkv2","mega","eager","dcp_mega_varlen",12,2.161280035972595,2.1764992237091065,4387.874798155147,141.78927806645677
"d32_c4_kv128k",32,4,131072,4,"dcp4_hkv2","mega","eager","dcp_mega_varlen",12,4.109391927719116,4.274534416198731,4582.0100318703435,148.0599160902395
"d4_c0_kv16k",4,0,16384,4,"dcp4_hkv2","mega","eager","dcp_mega_varlen",16,0.06147199869155884,0.06559359952807427,279.6197040256691,136.99531785610216
"d4_c0_kv32k",4,0,32768,4,"dcp4_hkv2","mega","eager","dcp_mega_varlen",16,0.05702400021255016,0.06343039870262146,602.7050213225125,294.7878776890921
"d4_c0_kv64k",4,0,65536,4,"dcp4_hkv2","mega","eager","dcp_mega_varlen",16,0.06697600334882736,0.06916159763932228,1026.1643901629332,501.48110249382404
"d4_c0_kv128k",4,0,131072,4,"dcp4_hkv2","mega","eager","dcp_mega_varlen",16,0.07897599786520004,0.08093119785189629,1740.3751783244638,850.1523730615028
"d4_c1_kv16k",4,1,16384,4,"dcp4_hkv2","mega","eager","dcp_mega_varlen",16,0.20635200291872025,0.20846080482006074,2914.055124479958,56.05520584433655
"d4_c1_kv32k",4,1,32768,4,"dcp4_hkv2","mega","eager","dcp_mega_varlen",16,0.3364640027284622,0.33981760740280154,3472.1598303246205,65.54301149950179
"d4_c1_kv64k",4,1,65536,4,"dcp4_hkv2","mega","eager","dcp_mega_varlen",16,0.599839985370636,0.6010623812675476,3837.903802537496,71.72643546497754
"d4_c1_kv128k",4,1,131072,4,"dcp4_hkv2","mega","eager","dcp_mega_varlen",16,1.1389600038528442,1.1421663641929627,4012.319025775409,74.60088476555315
"d4_c2_kv16k",4,2,16384,4,"dcp4_hkv2","mega","eager","dcp_mega_varlen",16,0.3663040101528168,0.3697407990694046,3236.255700639056,40.165631803654065
"d4_c2_kv32k",4,2,32768,4,"dcp4_hkv2","mega","eager","dcp_mega_varlen",16,0.555647999048233,0.5621503949165344,4143.171471736304,49.12416502309872
"d4_c2_kv64k",4,2,65536,4,"dcp4_hkv2","mega","eager","dcp_mega_varlen",16,1.0379199981689453,1.043891179561615,4369.824206013361,50.54490528417458
"d4_c2_kv128k",4,2,131072,4,"dcp4_hkv2","mega","eager","dcp_mega_varlen",16,2.017135977745056,2.0639392137527466,4462.908806875583,50.9599834290358
"d4_c4_kv16k",4,4,16384,4,"dcp4_hkv2","mega","eager","dcp_mega_varlen",16,0.7087680101394653,0.7108320236206055,3320.858258691522,29.634926660794065
"d4_c4_kv32k",4,4,32768,4,"dcp4_hkv2","mega","eager","dcp_mega_varlen",16,1.134447991847992,1.1409791827201843,4028.3214898725278,33.30386608420429
"d4_c4_kv64k",4,4,65536,4,"dcp4_hkv2","mega","eager","dcp_mega_varlen",16,2.0190240144729614,2.0598943710327147,4458.752055272574,35.33189079904097
"d4_c4_kv128k",4,4,131072,4,"dcp4_hkv2","mega","eager","dcp_mega_varlen",16,3.8757280111312866,3.9543456554412844,4610.008731728509,35.72097928502195
"d8_c0_kv16k",8,0,16384,4,"dcp4_hkv2","mega","eager","dcp_mega_varlen",16,0.05694400146603584,0.059683201089501384,603.7082620634667,295.7774579653633
"d8_c0_kv32k",8,0,32768,4,"dcp4_hkv2","mega","eager","dcp_mega_varlen",16,0.06727999821305275,0.06961280107498169,1021.6602906309906,499.7022724872414
"d8_c0_kv64k",8,0,65536,4,"dcp4_hkv2","mega","eager","dcp_mega_varlen",16,0.08212799951434135,0.08390719816088676,1673.6896074035874,817.9232466056825
"d8_c0_kv128k",8,0,131072,4,"dcp4_hkv2","mega","eager","dcp_mega_varlen",16,0.1085439994931221,0.11169920042157173,2532.57420050584,1237.1320812488475
"d8_c1_kv16k",8,1,16384,4,"dcp4_hkv2","mega","eager","dcp_mega_varlen",16,0.20844799280166626,0.20942399948835372,2967.214437130602,95.89192839586902
"d8_c1_kv32k",8,1,32768,4,"dcp4_hkv2","mega","eager","dcp_mega_varlen",16,0.33852800726890564,0.35096638798713686,3552.513883829733,114.79950599517092
"d8_c1_kv64k",8,1,65536,4,"dcp4_hkv2","mega","eager","dcp_mega_varlen",16,0.602543979883194,0.6051840007305145,3934.744399669551,127.1468748469639
"d8_c1_kv128k",8,1,131072,4,"dcp4_hkv2","mega","eager","dcp_mega_varlen",16,1.1546720266342163,1.1657408237457276,4076.7582922619913,131.73355939295305
"d8_c2_kv16k",8,2,16384,4,"dcp4_hkv2","mega","eager","dcp_mega_varlen",16,0.37142400443553925,0.3747775912284851,3237.922721046746,62.285171996779084
"d8_c2_kv32k",8,2,32768,4,"dcp4_hkv2","mega","eager","dcp_mega_varlen",16,0.5557920038700104,0.5576416254043579,4203.935236525043,79.35653570560459
"d8_c2_kv64k",8,2,65536,4,"dcp4_hkv2","mega","eager","dcp_mega_varlen",16,1.0683839917182922,1.075648045539856,4309.551956250234,80.54104953557656
"d8_c2_kv128k",8,2,131072,4,"dcp4_hkv2","mega","eager","dcp_mega_varlen",16,2.0359359979629517,2.055849623680115,4489.2087940174615,83.4676768670664
"d8_c4_kv16k",8,4,16384,4,"dcp4_hkv2","mega","eager","dcp_mega_varlen",16,0.7153599858283997,0.7179360032081604,3314.2850159594086,41.134064782676596
"d8_c4_kv32k",8,4,32768,4,"dcp4_hkv2","mega","eager","dcp_mega_varlen",16,1.1453920006752014,1.1479423880577087,4019.8376392133,47.661838015123784
"d8_c4_kv64k",8,4,65536,4,"dcp4_hkv2","mega","eager","dcp_mega_varlen",16,2.0392160415649414,2.0596127033233644,4448.305465882204,51.452682727760205
"d8_c4_kv128k",8,4,131072,4,"dcp4_hkv2","mega","eager","dcp_mega_varlen",16,3.914575934410095,3.984771180152893,4599.371206782119,52.518187268471195
"d16_c0_kv16k",16,0,16384,4,"dcp4_hkv2","mega","eager","dcp_mega_varlen",16,0.06961600109934807,0.07180160209536553,987.6339811860275,483.87588295868744
"d16_c0_kv32k",16,0,32768,4,"dcp4_hkv2","mega","eager","dcp_mega_varlen",16,0.08828800171613693,0.08949440270662308,1557.1153767644164,761.5976655150656
"d16_c0_kv64k",16,0,65536,4,"dcp4_hkv2","mega","eager","dcp_mega_varlen",16,0.11828799918293953,0.1201023980975151,2324.10354750214,1135.7770942783593
"d16_c0_kv128k",16,0,131072,4,"dcp4_hkv2","mega","eager","dcp_mega_varlen",16,0.18115200102329254,0.18288639932870865,3034.973184763815,1482.5479513498042
"d16_c1_kv16k",16,1,16384,4,"dcp4_hkv2","mega","eager","dcp_mega_varlen",16,0.21902400255203247,0.22052480280399323,2980.894560343434,168.1607110218442
"d16_c1_kv32k",16,1,32768,4,"dcp4_hkv2","mega","eager","dcp_mega_varlen",16,0.3484799861907959,0.3504416078329086,3648.309225195841,207.99706976662645
"d16_c1_kv64k",16,1,65536,4,"dcp4_hkv2","mega","eager","dcp_mega_varlen",16,0.6130239963531494,0.6384991824626922,4091.7049651984858,234.55196673437905
"d16_c1_kv128k",16,1,131072,4,"dcp4_hkv2","mega","eager","dcp_mega_varlen",16,1.2188159823417664,1.2324320197105407,4087.7495572280286,234.9758488149634
"d16_c2_kv16k",16,2,16384,4,"dcp4_hkv2","mega","eager","dcp_mega_varlen",16,0.38598400354385376,0.3879808038473129,3204.847288764534,103.57154605620333
"d16_c2_kv32k",16,2,32768,4,"dcp4_hkv2","mega","eager","dcp_mega_varlen",16,0.5794240236282349,0.581088000535965,4151.106605340266,134.14303313365843
"d16_c2_kv64k",16,2,65536,4,"dcp4_hkv2","mega","eager","dcp_mega_varlen",16,1.0613279938697815,1.0682559609413147,4467.716981167067,144.36928912175622
"d16_c2_kv128k",16,2,131072,4,"dcp4_hkv2","mega","eager","dcp_mega_varlen",16,2.079119920730591,2.131180691719055,4528.1839806237585,146.32061814553703
"d16_c4_kv16k",16,4,16384,4,"dcp4_hkv2","mega","eager","dcp_mega_varlen",16,0.7203039824962616,0.723744022846222,3339.263012085989,64.23456918793327
"d16_c4_kv32k",16,4,32768,4,"dcp4_hkv2","mega","eager","dcp_mega_varlen",16,1.168224036693573,1.1733536124229431,4000.112163178973,75.5090232945943
"d16_c4_kv64k",16,4,65536,4,"dcp4_hkv2","mega","eager","dcp_mega_varlen",16,2.1295520067214966,2.1611583471298217,4324.1548522915655,80.81396249389977
"d16_c4_kv128k",16,4,131072,4,"dcp4_hkv2","mega","eager","dcp_mega_varlen",16,4.09332799911499,4.266499328613281,4465.677701903236,83.03016422663478
"d32_c0_kv16k",32,0,16384,4,"dcp4_hkv2","mega","eager","dcp_mega_varlen",16,0.09868799895048141,0.09997440129518509,1393.3837761671346,682.666673926631
"d32_c0_kv32k",32,0,32768,4,"dcp4_hkv2","mega","eager","dcp_mega_varlen",16,0.14158400148153305,0.1429919943213463,1941.9511190172282,949.8239249689545
"d32_c0_kv64k",32,0,65536,4,"dcp4_hkv2","mega","eager","dcp_mega_varlen",16,0.1993120014667511,0.20742720663547515,2758.6252358602765,1348.1255419775798
"d32_c0_kv128k",32,0,131072,4,"dcp4_hkv2","mega","eager","dcp_mega_varlen",16,0.3616800010204315,0.3639712125062943,3040.2093780183436,1485.1057688690314
"d32_c1_kv16k",32,1,16384,4,"dcp4_hkv2","mega","eager","dcp_mega_varlen",16,0.24292799830436707,0.24511679708957673,2970.6027759214744,290.27833964057464
"d32_c1_kv32k",32,1,32768,4,"dcp4_hkv2","mega","eager","dcp_mega_varlen",16,0.36233600974082947,0.3641023874282837,3888.2068455732806,385.61652235432086
"d32_c1_kv64k",32,1,65536,4,"dcp4_hkv2","mega","eager","dcp_mega_varlen",16,0.6530719995498657,0.6997855961322784,4261.74585667485,425.8868611603411
"d32_c1_kv128k",32,1,131072,4,"dcp4_hkv2","mega","eager","dcp_mega_varlen",16,1.2590879797935486,1.2659392356872559,4393.661163010291,440.76256536973375
"d32_c2_kv16k",32,2,16384,4,"dcp4_hkv2","mega","eager","dcp_mega_varlen",16,0.41313600540161133,0.4174495965242386,3160.6417705342587,178.3007606136686
"d32_c2_kv32k",32,2,32768,4,"dcp4_hkv2","mega","eager","dcp_mega_varlen",16,0.6284160017967224,0.6493823766708374,4046.245623220955,230.68418306587446
"d32_c2_kv64k",32,2,65536,4,"dcp4_hkv2","mega","eager","dcp_mega_varlen",16,1.1304160356521606,1.1515936255455017,4437.858718479522,254.3948059212498
"d32_c2_kv128k",32,2,131072,4,"dcp4_hkv2","mega","eager","dcp_mega_varlen",16,2.161199927330017,2.1686720848083496,4610.600277333076,265.0308436330681
"d32_c4_kv16k",32,4,16384,4,"dcp4_hkv2","mega","eager","dcp_mega_varlen",16,0.75627201795578,0.7584447741508484,3271.3620440637,105.72111370207404
"d32_c4_kv32k",32,4,32768,4,"dcp4_hkv2","mega","eager","dcp_mega_varlen",16,1.202735960483551,1.2098336219787598,3999.63245600304,129.2481451519101
"d32_c4_kv64k",32,4,65536,4,"dcp4_hkv2","mega","eager","dcp_mega_varlen",16,2.1702719926834106,2.1809184074401857,4369.694781838987,141.20181112464968
"d32_c4_kv128k",32,4,131072,4,"dcp4_hkv2","mega","eager","dcp_mega_varlen",16,4.178767919540405,4.2285409450531,4505.9394061221055,145.60182228711037
"d4_c0_kv16k",4,0,16384,4,"dcp4_hkv2","mega","eager","dcp_mega_varlen",20,0.052319999784231186,0.053600001707673074,328.53176893897,160.95902207052634
"d4_c0_kv32k",4,0,32768,4,"dcp4_hkv2","mega","eager","dcp_mega_varlen",20,0.056223999708890915,0.05839360095560551,611.280795424541,298.98235783715995
"d4_c0_kv64k",4,0,65536,4,"dcp4_hkv2","mega","eager","dcp_mega_varlen",20,0.06684800237417221,0.06800000369548798,1028.1292961800502,502.44134165745766
"d4_c0_kv128k",4,0,131072,4,"dcp4_hkv2","mega","eager","dcp_mega_varlen",20,0.0793600007891655,0.08168320283293724,1731.953944067562,846.0387012643076
"d4_c1_kv16k",4,1,16384,4,"dcp4_hkv2","mega","eager","dcp_mega_varlen",20,0.21006400138139725,0.21376639604568484,2862.5614460243805,55.06466564444085
"d4_c1_kv32k",4,1,32768,4,"dcp4_hkv2","mega","eager","dcp_mega_varlen",20,0.3380479961633682,0.34812799096107483,3455.8903110888946,65.23589623451733
"d4_c1_kv64k",4,1,65536,4,"dcp4_hkv2","mega","eager","dcp_mega_varlen",20,0.6024960279464722,0.6082207798957825,3820.9847932350667,71.41023675565616
"d4_c1_kv128k",4,1,131072,4,"dcp4_hkv2","mega","eager","dcp_mega_varlen",20,1.1423200368881226,1.1549471497535706,4000.517145357197,74.38145288203643
"d4_c2_kv16k",4,2,16384,4,"dcp4_hkv2","mega","eager","dcp_mega_varlen",20,0.3709760010242462,0.37378560602664945,3195.4990019597553,39.6597945942018
"d4_c2_kv32k",4,2,32768,4,"dcp4_hkv2","mega","eager","dcp_mega_varlen",20,0.5644960105419159,0.5685951828956604,4078.230660609881,48.35418406907092
"d4_c2_kv64k",4,2,65536,4,"dcp4_hkv2","mega","eager","dcp_mega_varlen",20,1.0575680136680603,1.0679136276245118,4288.639475935937,49.60585732736254
"d4_c2_kv128k",4,2,131072,4,"dcp4_hkv2","mega","eager","dcp_mega_varlen",20,2.010655999183655,2.0836735725402833,4477.291950188902,51.12421818637052
"d4_c4_kv16k",4,4,16384,4,"dcp4_hkv2","mega","eager","dcp_mega_varlen",20,0.7222559750080109,0.7314528167247772,3258.8419915001655,29.0815011945966
"d4_c4_kv32k",4,4,32768,4,"dcp4_hkv2","mega","eager","dcp_mega_varlen",20,1.1543200016021729,1.1636224389076233,3958.972571177006,32.73052875074506
"d4_c4_kv64k",4,4,65536,4,"dcp4_hkv2","mega","eager","dcp_mega_varlen",20,2.078703999519348,2.152467226982117,4330.740440321267,34.317505530606944
"d4_c4_kv128k",4,4,131072,4,"dcp4_hkv2","mega","eager","dcp_mega_varlen",20,4.0382399559021,4.112320184707642,4424.4869468458,34.28345059031365
"d8_c0_kv16k",8,0,16384,4,"dcp4_hkv2","mega","eager","dcp_mega_varlen",20,0.05633600056171417,0.05798400156199932,610.2237258099383,298.96960792503074
"d8_c0_kv32k",8,0,32768,4,"dcp4_hkv2","mega","eager","dcp_mega_varlen",20,0.06702399998903275,0.06932800337672235,1025.5625229656184,501.61088573497995
"d8_c0_kv64k",8,0,65536,4,"dcp4_hkv2","mega","eager","dcp_mega_varlen",20,0.08171200007200241,0.08447040170431137,1682.210435956491,822.0873303897558
"d8_c0_kv128k",8,0,131072,4,"dcp4_hkv2","mega","eager","dcp_mega_varlen",20,0.10916799679398537,0.1116064004600048,2518.0981680442947,1230.0607132455723
"d8_c1_kv16k",8,1,16384,4,"dcp4_hkv2","mega","eager","dcp_mega_varlen",20,0.21916799992322922,0.2213440015912056,2822.0812064199763,91.20163530716901
"d8_c1_kv32k",8,1,32768,4,"dcp4_hkv2","mega","eager","dcp_mega_varlen",20,0.34809601306915283,0.3504352062940598,3454.867050284446,111.64404802384075
"d8_c1_kv64k",8,1,65536,4,"dcp4_hkv2","mega","eager","dcp_mega_varlen",20,0.6087999939918518,0.6105599999427795,3894.31106077135,125.84031661640485
"d8_c1_kv128k",8,1,131072,4,"dcp4_hkv2","mega","eager","dcp_mega_varlen",20,1.1732159852981567,1.178755247592926,4012.3206795786195,129.65136676120517
"d8_c2_kv16k",8,2,16384,4,"dcp4_hkv2","mega","eager","dcp_mega_varlen",20,0.3755040019750595,0.3772959977388382,3202.741426931258,61.60841929332233
"d8_c2_kv32k",8,2,32768,4,"dcp4_hkv2","mega","eager","dcp_mega_varlen",20,0.572160005569458,0.5739680171012879,4083.671641680932,77.08635271719588
"d8_c2_kv64k",8,2,65536,4,"dcp4_hkv2","mega","eager","dcp_mega_varlen",20,1.0520960092544556,1.0581183671951293,4376.270113217808,81.78794258613009
"d8_c2_kv128k",8,2,131072,4,"dcp4_hkv2","mega","eager","dcp_mega_varlen",20,2.0335999727249146,2.057635259628296,4494.365612065404,83.56355737569
"d8_c4_kv16k",8,4,16384,4,"dcp4_hkv2","mega","eager","dcp_mega_varlen",20,0.7272319793701172,0.7285375773906708,3260.179625353565,40.46255505084728
"d8_c4_kv32k",8,4,32768,4,"dcp4_hkv2","mega","eager","dcp_mega_varlen",20,1.1743040084838867,1.1785184502601624,3920.867035029948,46.4883774606898
"d8_c4_kv64k",8,4,65536,4,"dcp4_hkv2","mega","eager","dcp_mega_varlen",20,2.1120959520339966,2.1634401082992554,4294.812390067964,49.67725822255217
"d8_c4_kv128k",8,4,131072,4,"dcp4_hkv2","mega","eager","dcp_mega_varlen",20,4.095359802246094,4.182249402999878,4396.338468139823,50.19984614959751
"d16_c0_kv16k",16,0,16384,4,"dcp4_hkv2","mega","eager","dcp_mega_varlen",20,0.0732319988310337,0.07430079951882362,938.8672904946501,459.983402579543
"d16_c0_kv32k",16,0,32768,4,"dcp4_hkv2","mega","eager","dcp_mega_varlen",20,0.08507199957966805,0.08838720098137856,1615.9794730962926,790.3885688854801
"d16_c0_kv64k",16,0,65536,4,"dcp4_hkv2","mega","eager","dcp_mega_varlen",20,0.11590400338172913,0.11768000200390816,2371.907358735262,1159.1385636398
"d16_c0_kv128k",16,0,131072,4,"dcp4_hkv2","mega","eager","dcp_mega_varlen",20,0.17960000038146973,0.18128319531679155,3061.1996898900056,1495.3592841289849
"d16_c1_kv16k",16,1,16384,4,"dcp4_hkv2","mega","eager","dcp_mega_varlen",20,0.22323200106620789,0.22445119619369508,2924.7036924529543,164.9908249000389
"d16_c1_kv32k",16,1,32768,4,"dcp4_hkv2","mega","eager","dcp_mega_varlen",20,0.3548640012741089,0.3567488044500351,3582.6760219444086,204.25519562355336
"d16_c1_kv64k",16,1,65536,4,"dcp4_hkv2","mega","eager","dcp_mega_varlen",20,0.6208159923553467,0.6244800090789795,4040.3490898286577,231.60805419087666
"d16_c1_kv128k",16,1,131072,4,"dcp4_hkv2","mega","eager","dcp_mega_varlen",20,1.189199984073639,1.2056959867477417,4189.551428594273,240.82771933695696
"d16_c2_kv16k",16,2,16384,4,"dcp4_hkv2","mega","eager","dcp_mega_varlen",20,0.3895680010318756,0.3912159979343414,3175.3629250539584,102.61869530893264
"d16_c2_kv32k",16,2,32768,4,"dcp4_hkv2","mega","eager","dcp_mega_varlen",20,0.6023519933223724,0.606416004896164,3993.09858428365,129.03700305080923
"d16_c2_kv64k",16,2,65536,4,"dcp4_hkv2","mega","eager","dcp_mega_varlen",20,1.0753759741783142,1.0802079677581786,4409.353765247642,142.48334692159787
"d16_c2_kv128k",16,2,131072,4,"dcp4_hkv2","mega","eager","dcp_mega_varlen",20,2.0762239694595337,2.1143168687820433,4534.49996596405,146.52470854538475
"d16_c4_kv16k",16,4,16384,4,"dcp4_hkv2","mega","eager","dcp_mega_varlen",20,0.7445280253887177,0.7463775932788849,3230.616396141975,62.144626424026534
"d16_c4_kv32k",16,4,32768,4,"dcp4_hkv2","mega","eager","dcp_mega_varlen",20,1.1885280013084412,1.206057596206665,3931.777100204203,74.21908100010155
"d16_c4_kv64k",16,4,65536,4,"dcp4_hkv2","mega","eager","dcp_mega_varlen",20,2.158271908760071,2.1773856401443483,4266.613768958471,79.73857941693278
"d16_c4_kv128k",16,4,131072,4,"dcp4_hkv2","mega","eager","dcp_mega_varlen",20,4.108304023742676,4.235462236404419,4449.398940921452,82.7274938845392
"d32_c0_kv16k",32,0,16384,4,"dcp4_hkv2","mega","eager","dcp_mega_varlen",20,0.09932800009846687,0.10074879974126816,1384.4057718234726,678.2680405647257
"d32_c0_kv32k",32,0,32768,4,"dcp4_hkv2","mega","eager","dcp_mega_varlen",20,0.14300799369812012,0.1439296007156372,1922.6142749222715,940.3661188610031
"d32_c0_kv64k",32,0,65536,4,"dcp4_hkv2","mega","eager","dcp_mega_varlen",20,0.2104959934949875,0.2134207934141159,2612.0550226486516,1276.4974550757825
"d32_c0_kv128k",32,0,131072,4,"dcp4_hkv2","mega","eager","dcp_mega_varlen",20,0.3619840145111084,0.3636223912239075,3037.656047958594,1483.8584977998157
"d32_c1_kv16k",32,1,16384,4,"dcp4_hkv2","mega","eager","dcp_mega_varlen",20,0.24667199701070786,0.24852159917354583,2925.514832884229,285.8724818972415
"d32_c1_kv32k",32,1,32768,4,"dcp4_hkv2","mega","eager","dcp_mega_varlen",20,0.36609598994255066,0.36764800548553467,3848.273109173036,381.6560569863819
"d32_c1_kv64k",32,1,65536,4,"dcp4_hkv2","mega","eager","dcp_mega_varlen",20,0.6472319960594177,0.666451221704483,4300.1997817433175,429.7296575159836
"d32_c1_kv128k",32,1,131072,4,"dcp4_hkv2","mega","eager","dcp_mega_varlen",20,1.2648959755897522,1.2709952473640442,4373.486883024295,438.73872532581413
"d32_c2_kv16k",32,2,16384,4,"dcp4_hkv2","mega","eager","dcp_mega_varlen",20,0.4086399972438812,0.41173441112041476,3195.4163184978147,180.26249142723384
"d32_c2_kv32k",32,2,32768,4,"dcp4_hkv2","mega","eager","dcp_mega_varlen",20,0.709199994802475,0.7127360045909882,3585.3433664226054,204.40726602144935
"d32_c2_kv64k",32,2,65536,4,"dcp4_hkv2","mega","eager","dcp_mega_varlen",20,1.2436479926109314,1.2477184176445006,4033.7995068813857,231.23260738456025
"d32_c2_kv128k",32,2,131072,4,"dcp4_hkv2","mega","eager","dcp_mega_varlen",20,2.3734400272369385,2.407574486732483,4198.306622442944,241.3309935902667
"d32_c4_kv16k",32,4,16384,4,"dcp4_hkv2","mega","eager","dcp_mega_varlen",20,0.8177120089530945,0.8243616044521331,3025.5634593106674,97.77760278018164
"d32_c4_kv32k",32,4,32768,4,"dcp4_hkv2","mega","eager","dcp_mega_varlen",20,1.2418720126152039,1.2469983577728272,3873.589012946491,125.17505058564105
"d32_c4_kv64k",32,4,65536,4,"dcp4_hkv2","mega","eager","dcp_mega_varlen",20,2.2361279726028442,2.293139123916626,4241.003340502614,137.04329079310145
"d32_c4_kv128k",32,4,131072,4,"dcp4_hkv2","mega","eager","dcp_mega_varlen",20,4.1913440227508545,4.272591876983642,4492.419361305018,145.16494487147165
"d4_c0_kv16k",4,0,16384,8,"dcp8_hkv1","mega","eager","dcp_mega_varlen",4,0.05772799998521805,0.06107199937105179,297.75467856848314,73.22394680367226
"d4_c0_kv32k",4,0,32768,8,"dcp8_hkv1","mega","eager","dcp_mega_varlen",4,0.0687200017273426,0.07040319964289665,500.12587893060623,122.54621345053413
"d4_c0_kv64k",4,0,65536,8,"dcp8_hkv1","mega","eager","dcp_mega_varlen",4,0.075119998306036,0.07715839892625809,914.91468559415,223.77508491835647
"d4_c0_kv128k",4,0,131072,8,"dcp8_hkv1","mega","eager","dcp_mega_varlen",4,0.08195199817419052,0.08671040236949921,1677.1752907824402,409.8399154174346
"d4_c1_kv16k",4,1,16384,8,"dcp8_hkv1","mega","eager","dcp_mega_varlen",4,0.4891519993543625,0.49232960045337676,1229.3134084000287,12.928954616044537
"d4_c1_kv32k",4,1,32768,8,"dcp8_hkv1","mega","eager","dcp_mega_varlen",4,0.5686559975147247,0.5763168096542358,2054.4174329116245,20.34112723782621
"d4_c1_kv64k",4,1,65536,8,"dcp8_hkv1","mega","eager","dcp_mega_varlen",4,0.748416006565094,0.7589088022708893,3076.0007009120145,29.46605070783175
"d4_c1_kv128k",4,1,131072,8,"dcp8_hkv1","mega","eager","dcp_mega_varlen",4,1.1157919764518738,1.124835228919983,4095.6298212394495,38.55950294320451
"d4_c2_kv16k",4,2,16384,8,"dcp8_hkv1","mega","eager","dcp_mega_varlen",4,0.9358720183372498,0.9404511749744415,1266.683283394003,8.998426959021744
"d4_c2_kv32k",4,2,32768,8,"dcp8_hkv1","mega","eager","dcp_mega_varlen",4,1.0952799916267395,1.1059775590896606,2101.87801802605,13.432941451023956
"d4_c2_kv64k",4,2,65536,8,"dcp8_hkv1","mega","eager","dcp_mega_varlen",4,1.4583040475845337,1.4713696002960206,3110.1387529002855,18.717457477548244
"d4_c2_kv128k",4,2,131072,8,"dcp8_hkv1","mega","eager","dcp_mega_varlen",4,2.210479974746704,2.22096643447876,4072.5516732064316,23.733111631563865
"d4_c4_kv16k",4,4,16384,8,"dcp8_hkv1","mega","eager","dcp_mega_varlen",4,1.8094879984855652,1.8152352333068849,1300.7646925196095,6.971961135171154
"d4_c4_kv32k",4,4,32768,8,"dcp8_hkv1","mega","eager","dcp_mega_varlen",4,2.0577919483184814,2.1514016151428224,2220.788757793662,10.207197096462346
"d4_c4_kv64k",4,4,65536,8,"dcp8_hkv1","mega","eager","dcp_mega_varlen",4,2.8708959817886353,2.9014944791793824,3135.720531597714,13.160178647942947
"d4_c4_kv128k",4,4,131072,8,"dcp8_hkv1","mega","eager","dcp_mega_varlen",4,4.4104321002960205,4.437334299087524,4051.1087274012875,16.174364410963737
"d8_c0_kv16k",8,0,16384,8,"dcp8_hkv1","mega","eager","dcp_mega_varlen",4,0.08027200028300285,0.0816672034561634,428.2634547388905,105.3187159930549
"d8_c0_kv32k",8,0,32768,8,"dcp8_hkv1","mega","eager","dcp_mega_varlen",4,0.07636800035834312,0.0790719985961914,900.079905267423,220.54724388445962
"d8_c0_kv64k",8,0,65536,8,"dcp8_hkv1","mega","eager","dcp_mega_varlen",4,0.09001599997282028,0.0944959968328476,1527.0260765364394,373.48880210352957
"d8_c0_kv128k",8,0,131072,8,"dcp8_hkv1","mega","eager","dcp_mega_varlen",4,0.1127840019762516,0.11568000167608261,2437.3645900052697,595.6022026434619
"d8_c1_kv16k",8,1,16384,8,"dcp8_hkv1","mega","eager","dcp_mega_varlen",4,0.5071360170841217,0.5143680036067962,1219.6134228214441,20.80565300935783
"d8_c1_kv32k",8,1,32768,8,"dcp8_hkv1","mega","eager","dcp_mega_varlen",4,0.5855520069599152,0.5901248216629028,2053.831993731562,34.13613097114419
"d8_c1_kv64k",8,1,65536,8,"dcp8_hkv1","mega","eager","dcp_mega_varlen",4,0.7690559923648834,0.7765280187129975,3082.8139614509787,50.53318404098889
"d8_c1_kv128k",8,1,131072,8,"dcp8_hkv1","mega","eager","dcp_mega_varlen",4,1.1358720064163208,1.145516848564148,4144.233446051376,67.44737397104252
"d8_c2_kv16k",8,2,16384,8,"dcp8_hkv1","mega","eager","dcp_mega_varlen",4,0.9499039947986603,0.9514336049556732,1266.0671285616706,13.31550142883749
"d8_c2_kv32k",8,2,32768,8,"dcp8_hkv1","mega","eager","dcp_mega_varlen",4,1.1187520027160645,1.1263936042785645,2088.5000282238593,20.678584658472683
"d8_c2_kv64k",8,2,65536,8,"dcp8_hkv1","mega","eager","dcp_mega_varlen",4,1.4734880328178406,1.4871391892433166,3124.7327558751876,29.93287153859943
"d8_c2_kv128k",8,2,131072,8,"dcp8_hkv1","mega","eager","dcp_mega_varlen",4,2.2321120500564575,2.240908885002136,4094.6608329455617,38.550380119951214
"d8_c4_kv16k",8,4,16384,8,"dcp8_hkv1","mega","eager","dcp_mega_varlen",4,1.8252639770507812,1.830886435508728,1298.9391736524904,9.22757048392207
"d8_c4_kv32k",8,4,32768,8,"dcp8_hkv1","mega","eager","dcp_mega_varlen",4,2.069200038909912,2.1802175760269167,2225.154547355225,14.220792309428871
"d8_c4_kv64k",8,4,65536,8,"dcp8_hkv1","mega","eager","dcp_mega_varlen",4,2.855039954185486,2.914172887802124,3177.208028388479,19.121094231963003
"d8_c4_kv128k",8,4,131072,8,"dcp8_hkv1","mega","eager","dcp_mega_varlen",4,4.428144216537476,4.455071926116943,4065.9443231879272,23.69460678542289
"d16_c0_kv16k",16,0,16384,8,"dcp8_hkv1","mega","eager","dcp_mega_varlen",4,0.10241599753499031,0.10473920032382011,671.3319205479582,165.0942080042066
"d16_c0_kv32k",16,0,32768,8,"dcp8_hkv1","mega","eager","dcp_mega_varlen",4,0.1282079964876175,0.1298495978116989,1072.2779297879247,262.74105299862003
"d16_c0_kv64k",16,0,65536,8,"dcp8_hkv1","mega","eager","dcp_mega_varlen",4,0.13340800255537033,0.13553600311279296,2060.6976587772424,504.0172606743917
"d16_c0_kv128k",16,0,131072,8,"dcp8_hkv1","mega","eager","dcp_mega_varlen",4,0.18212799727916718,0.18426560163497924,3018.709224750742,737.6614359519318
"d16_c1_kv16k",16,1,16384,8,"dcp8_hkv1","mega","eager","dcp_mega_varlen",4,0.5373919904232025,0.5429471850395202,1214.9184755765405,35.366064881303856
"d16_c1_kv32k",16,1,32768,8,"dcp8_hkv1","mega","eager","dcp_mega_varlen",4,0.6079200208187103,0.6140415847301484,2091.332255686866,60.585653932564846
"d16_c1_kv64k",16,1,65536,8,"dcp8_hkv1","mega","eager","dcp_mega_varlen",4,0.7928319871425629,0.8009919762611389,3163.7388126886563,91.42266857980154
"d16_c1_kv128k",16,1,131072,8,"dcp8_hkv1","mega","eager","dcp_mega_varlen",4,1.171504020690918,1.181836760044098,4252.836016065604,122.7362274994151
"d16_c2_kv16k",16,2,16384,8,"dcp8_hkv1","mega","eager","dcp_mega_varlen",4,0.9754720032215118,0.9792512118816376,1268.1243369145627,21.633211338006987
"d16_c2_kv32k",16,2,32768,8,"dcp8_hkv1","mega","eager","dcp_mega_varlen",4,1.1504480242729187,1.1583328247070312,2090.7080033416673,34.74903616377226
"d16_c2_kv64k",16,2,65536,8,"dcp8_hkv1","mega","eager","dcp_mega_varlen",4,1.492143988609314,1.5001248121261597,3177.7852117470925,52.08994345943836
"d16_c2_kv128k",16,2,131072,8,"dcp8_hkv1","mega","eager","dcp_mega_varlen",4,2.2766079902648926,2.292761492729187,4135.379283173195,67.30327252438917
"d16_c4_kv16k",16,4,16384,8,"dcp8_hkv1","mega","eager","dcp_mega_varlen",4,1.853488028049469,1.856700849533081,1297.7070311801353,13.648265118076518
"d16_c4_kv32k",16,4,32768,8,"dcp8_hkv1","mega","eager","dcp_mega_varlen",4,2.103231906890869,2.115139126777649,2221.831631207975,21.998722940827246
"d16_c4_kv64k",16,4,65536,8,"dcp8_hkv1","mega","eager","dcp_mega_varlen",4,2.8870879411697388,2.9350367307662966,3189.550450389488,30.553782149171408
"d16_c4_kv128k",16,4,131072,8,"dcp8_hkv1","mega","eager","dcp_mega_varlen",4,4.4945759773254395,4.546886253356933,4067.0095832046572,38.290049354646584
"d32_c0_kv16k",32,0,16384,8,"dcp8_hkv1","mega","eager","dcp_mega_varlen",4,0.14399999380111694,0.1475840061903,954.9323788855149,234.8373434425641
"d32_c0_kv32k",32,0,32768,8,"dcp8_hkv1","mega","eager","dcp_mega_varlen",4,0.16847999393939972,0.17274880409240723,1631.9398148298606,399.875417993145
"d32_c0_kv64k",32,0,65536,8,"dcp8_hkv1","mega","eager","dcp_mega_varlen",4,0.21750399470329285,0.22347840070724487,2527.8943396237128,618.2869063322269
"d32_c0_kv128k",32,0,131072,8,"dcp8_hkv1","mega","eager","dcp_mega_varlen",4,0.31280000507831573,0.3172224074602127,3515.2906428780184,859.0076586882606
"d32_c1_kv16k",32,1,16384,8,"dcp8_hkv1","mega","eager","dcp_mega_varlen",4,0.5965279936790466,0.6014464139938355,1209.738006864217,60.20459790747535
"d32_c1_kv32k",32,1,32768,8,"dcp8_hkv1","mega","eager","dcp_mega_varlen",4,0.6933920085430145,0.6979935824871063,2031.8050051259033,101.69822428177798
"d32_c1_kv64k",32,1,65536,8,"dcp8_hkv1","mega","eager","dcp_mega_varlen",4,0.9129599928855896,0.9201536238193512,3048.5748662381843,153.04367451894444
"d32_c1_kv128k",32,1,131072,8,"dcp8_hkv1","mega","eager","dcp_mega_varlen",4,1.3756639957427979,1.3858656287193298,4021.3351332532047,202.1822079088575
"d32_c2_kv16k",32,2,16384,8,"dcp8_hkv1","mega","eager","dcp_mega_varlen",4,1.0264480113983154,1.0307583928108215,1272.1296169741336,37.0314712268947
"d32_c2_kv32k",32,2,32768,8,"dcp8_hkv1","mega","eager","dcp_mega_varlen",4,1.2183679938316345,1.225161600112915,2086.993018287854,60.459946726226434
"d32_c2_kv64k",32,2,65536,8,"dcp8_hkv1","mega","eager","dcp_mega_varlen",4,1.6161919832229614,1.6300608277320863,3103.9794228678165,89.69579945008384
"d32_c2_kv128k",32,2,131072,8,"dcp8_hkv1","mega","eager","dcp_mega_varlen",4,2.4729920625686646,2.485231900215149,4029.300835672751,116.28503477738734
"d32_c4_kv16k",32,4,16384,8,"dcp8_hkv1","mega","eager","dcp_mega_varlen",4,1.9068480134010315,1.9118144154548644,1297.449800477455,22.133480856045438
"d32_c4_kv32k",32,4,32768,8,"dcp8_hkv1","mega","eager","dcp_mega_varlen",4,2.178864002227783,2.2979551553726196,2207.8026800357866,36.6952319732902
"d32_c4_kv64k",32,4,65536,8,"dcp8_hkv1","mega","eager","dcp_mega_varlen",4,3.0301599502563477,3.068726372718811,3129.6784187243034,51.301381627345776
"d32_c4_kv128k",32,4,131072,8,"dcp8_hkv1","mega","eager","dcp_mega_varlen",4,4.664752006530762,4.7079487323760985,4036.5007638851057,65.69402522812959
"d4_c0_kv16k",4,0,16384,8,"dcp8_hkv1","mega","eager","dcp_mega_varlen",8,0.05926400050520897,0.061129599809646606,290.0374921279437,71.32613330125199
"d4_c0_kv32k",4,0,32768,8,"dcp8_hkv1","mega","eager","dcp_mega_varlen",8,0.06111999973654747,0.0663743980228901,562.3143228426559,137.78429378762468
"d4_c0_kv64k",4,0,65536,8,"dcp8_hkv1","mega","eager","dcp_mega_varlen",8,0.06862400099635124,0.06972800195217133,1001.5211680189605,244.95779546421073
"d4_c0_kv128k",4,0,131072,8,"dcp8_hkv1","mega","eager","dcp_mega_varlen",8,0.08116799965500832,0.08202239871025085,1693.3750610117327,413.7985430558478
"d4_c1_kv16k",4,1,16384,8,"dcp8_hkv1","mega","eager","dcp_mega_varlen",8,0.3311839997768402,0.3342335969209671,1815.6707810678797,19.095801742419365
"d4_c1_kv32k",4,1,32768,8,"dcp8_hkv1","mega","eager","dcp_mega_varlen",8,0.42523200809955597,0.42946880459785464,2747.3397401224934,27.201865757226564
"d4_c1_kv64k",4,1,65536,8,"dcp8_hkv1","mega","eager","dcp_mega_varlen",8,0.609391987323761,0.6192863941192627,3777.7460299045797,36.18830647388154
"d4_c1_kv128k",4,1,131072,8,"dcp8_hkv1","mega","eager","dcp_mega_varlen",8,1.0095840096473694,1.0117632150650024,4526.488979012433,42.615952302005745
"d4_c2_kv16k",4,2,16384,8,"dcp8_hkv1","mega","eager","dcp_mega_varlen",8,0.6201120018959045,0.6244608104228974,1911.6763381447934,13.580411239022688
"d4_c2_kv32k",4,2,32768,8,"dcp8_hkv1","mega","eager","dcp_mega_varlen",8,0.8050880134105682,0.8116383910179138,2859.4947380119324,18.27481189003486
"d4_c2_kv64k",4,2,65536,8,"dcp8_hkv1","mega","eager","dcp_mega_varlen",8,1.1675040125846863,1.1742815852165223,3884.8071467120635,23.379571895064533
"d4_c2_kv128k",4,2,131072,8,"dcp8_hkv1","mega","eager","dcp_mega_varlen",8,1.99617600440979,2.00415678024292,4509.769629459959,26.281033277680006
"d4_c4_kv16k",4,4,16384,8,"dcp8_hkv1","mega","eager","dcp_mega_varlen",8,1.179919958114624,1.199558389186859,1994.8116681821114,10.691979496777392
"d4_c4_kv32k",4,4,32768,8,"dcp8_hkv1","mega","eager","dcp_mega_varlen",8,1.5610880255699158,1.5796704053878785,2927.3949641857203,13.45490302658099
"d4_c4_kv64k",4,4,65536,8,"dcp8_hkv1","mega","eager","dcp_mega_varlen",8,2.32206392288208,2.3367264032363892,3876.8646226597266,16.270656301789774
"d4_c4_kv128k",4,4,131072,8,"dcp8_hkv1","mega","eager","dcp_mega_varlen",8,4.019808053970337,4.079311895370483,4444.774410428067,17.746105048359706
"d8_c0_kv16k",8,0,16384,8,"dcp8_hkv1","mega","eager","dcp_mega_varlen",8,0.07305599749088287,0.07446400076150894,470.5645715711458,115.72142315974875
"d8_c0_kv32k",8,0,32768,8,"dcp8_hkv1","mega","eager","dcp_mega_varlen",8,0.07368000224232674,0.07987200319766999,932.9166725854507,228.59326122990254
"d8_c0_kv64k",8,0,65536,8,"dcp8_hkv1","mega","eager","dcp_mega_varlen",8,0.08926400169730186,0.09145920276641846,1539.8903998290593,376.6352321287004
"d8_c0_kv128k",8,0,131072,8,"dcp8_hkv1","mega","eager","dcp_mega_varlen",8,0.11908799782395363,0.12194239720702171,2308.3412078383844,564.0736365330713
"d8_c1_kv16k",8,1,16384,8,"dcp8_hkv1","mega","eager","dcp_mega_varlen",8,0.34171199798583984,0.34879360198974607,1810.0327096434885,30.87774518364214
"d8_c1_kv32k",8,1,32768,8,"dcp8_hkv1","mega","eager","dcp_mega_varlen",8,0.43721599876880646,0.45472959578037264,2750.643730500656,45.7176316884269
"d8_c1_kv64k",8,1,65536,8,"dcp8_hkv1","mega","eager","dcp_mega_varlen",8,0.6149919927120209,0.6260063827037812,3855.101494809525,63.19244552863326
"d8_c1_kv128k",8,1,131072,8,"dcp8_hkv1","mega","eager","dcp_mega_varlen",8,1.0305760502815247,1.0499167799949647,4567.657824124762,74.3386031327546
"d8_c2_kv16k",8,2,16384,8,"dcp8_hkv1","mega","eager","dcp_mega_varlen",8,0.6340640187263489,0.6394848167896271,1896.7205007465338,19.948219148922963
"d8_c2_kv32k",8,2,32768,8,"dcp8_hkv1","mega","eager","dcp_mega_varlen",8,0.8216160237789154,0.8259359717369079,2843.80236220505,28.156958153758048
"d8_c2_kv64k",8,2,65536,8,"dcp8_hkv1","mega","eager","dcp_mega_varlen",8,1.1833119988441467,1.1907552242279054,3890.9909863446114,37.27311819966523
"d8_c2_kv128k",8,2,131072,8,"dcp8_hkv1","mega","eager","dcp_mega_varlen",8,2.0097439289093018,2.040729522705078,4547.714589227387,42.81578700760107
"d8_c4_kv16k",8,4,16384,8,"dcp8_hkv1","mega","eager","dcp_mega_varlen",8,1.1990560293197632,1.207209587097168,1977.3111715163468,14.046676375544408
"d8_c4_kv32k",8,4,32768,8,"dcp8_hkv1","mega","eager","dcp_mega_varlen",8,1.5758560299873352,1.5867616415023804,2921.7706366266234,18.672812388982315
"d8_c4_kv64k",8,4,65536,8,"dcp8_hkv1","mega","eager","dcp_mega_varlen",8,2.346511960029602,2.3680768966674806,3865.761614824058,23.26495194991945
"d8_c4_kv128k",8,4,131072,8,"dcp8_hkv1","mega","eager","dcp_mega_varlen",8,4.040751934051514,4.103843307495117,4455.751833653263,25.96624037120671
"d16_c0_kv16k",16,0,16384,8,"dcp8_hkv1","mega","eager","dcp_mega_varlen",8,0.08750400319695473,0.0892896018922329,785.7369469742475,193.22873676925028
"d16_c0_kv32k",16,0,32768,8,"dcp8_hkv1","mega","eager","dcp_mega_varlen",8,0.11083200201392174,0.11256640031933784,1240.3872758585705,303.9330102127788
"d16_c0_kv64k",16,0,65536,8,"dcp8_hkv1","mega","eager","dcp_mega_varlen",8,0.1547039970755577,0.1604223981499672,1777.029448009231,434.63606158255817
"d16_c0_kv128k",16,0,131072,8,"dcp8_hkv1","mega","eager","dcp_mega_varlen",8,0.19310399889945984,0.19504320174455642,2847.126256345683,695.7328732997864
"d16_c1_kv16k",16,1,16384,8,"dcp8_hkv1","mega","eager","dcp_mega_varlen",8,0.3579519987106323,0.36345918774604796,1823.9525415244095,53.09494029495268
"d16_c1_kv32k",16,1,32768,8,"dcp8_hkv1","mega","eager","dcp_mega_varlen",8,0.45505599677562714,0.4689056068658829,2793.860002778661,80.93780163534521
"d16_c1_kv64k",16,1,65536,8,"dcp8_hkv1","mega","eager","dcp_mega_varlen",8,0.6454559862613678,0.669542396068573,3886.110568425801,112.29706988982694
"d16_c1_kv128k",16,1,131072,8,"dcp8_hkv1","mega","eager","dcp_mega_varlen",8,1.0614400506019592,1.0672224283218383,4693.8256092131705,135.46312287581077
"d16_c2_kv16k",16,2,16384,8,"dcp8_hkv1","mega","eager","dcp_mega_varlen",8,0.6534239947795868,0.6675391793251038,1893.1349279287974,32.29540416115012
"d16_c2_kv32k",16,2,32768,8,"dcp8_hkv1","mega","eager","dcp_mega_varlen",8,0.8490560054779053,0.8540671944618226,2832.853046510359,47.08400828929807
"d16_c2_kv64k",16,2,65536,8,"dcp8_hkv1","mega","eager","dcp_mega_varlen",8,1.2230560183525085,1.2332703590393066,3876.938610863649,63.55039739283466
"d16_c2_kv128k",16,2,131072,8,"dcp8_hkv1","mega","eager","dcp_mega_varlen",8,2.0954560041427612,2.1054591655731203,4492.882456245829,73.12163447816349
"d16_c4_kv16k",16,4,16384,8,"dcp8_hkv1","mega","eager","dcp_mega_varlen",8,1.2219359874725342,1.2362687945365907,1968.4209900251133,20.702308680117014
"d16_c4_kv32k",16,4,32768,8,"dcp8_hkv1","mega","eager","dcp_mega_varlen",8,1.6038879752159119,1.6219232439994813,2913.562075846929,28.847660631517265
"d16_c4_kv64k",16,4,65536,8,"dcp8_hkv1","mega","eager","dcp_mega_varlen",8,2.3976320028305054,2.4461376905441283,3840.669724211624,36.791073816108
"d16_c4_kv128k",16,4,131072,8,"dcp8_hkv1","mega","eager","dcp_mega_varlen",8,4.154160022735596,4.2447710037231445,4400.283925554366,41.42775797227725
"d32_c0_kv16k",32,0,16384,8,"dcp8_hkv1","mega","eager","dcp_mega_varlen",8,0.11243199929594994,0.11448639929294586,1223.0526673997645,300.77358947416803
"d32_c0_kv32k",32,0,32768,8,"dcp8_hkv1","mega","eager","dcp_mega_varlen",8,0.14982399344444275,0.15122239738702775,1835.1480546669302,449.6676830669468
"d32_c0_kv64k",32,0,65536,8,"dcp8_hkv1","mega","eager","dcp_mega_varlen",8,0.23907199501991272,0.24096960127353667,2299.839079898103,562.5078419946216
"d32_c0_kv128k",32,0,131072,8,"dcp8_hkv1","mega","eager","dcp_mega_varlen",8,0.2963840067386627,0.299545606970787,3709.9941492914622,906.5860299166707
"d32_c1_kv16k",32,1,16384,8,"dcp8_hkv1","mega","eager","dcp_mega_varlen",8,0.4010560065507889,0.4097056120634079,1799.3561356139737,89.54791204567576
"d32_c1_kv32k",32,1,32768,8,"dcp8_hkv1","mega","eager","dcp_mega_varlen",8,0.5190079808235168,0.52712641954422,2714.481097644354,135.86830762816047
"d32_c1_kv64k",32,1,65536,8,"dcp8_hkv1","mega","eager","dcp_mega_varlen",8,0.7381600141525269,0.7466592133045197,3770.49262332015,189.28518115467702
"d32_c1_kv128k",32,1,131072,8,"dcp8_hkv1","mega","eager","dcp_mega_varlen",8,1.2487040162086487,1.2536831974983216,4430.197937881578,222.73875985798531
"d32_c2_kv16k",32,2,16384,8,"dcp8_hkv1","mega","eager","dcp_mega_varlen",8,0.6827520132064819,0.6901472210884094,1912.517122361234,55.673039793006836
"d32_c2_kv32k",32,2,32768,8,"dcp8_hkv1","mega","eager","dcp_mega_varlen",8,0.8917600214481354,0.8983711898326874,2851.3562344977636,82.60346082837286
"d32_c2_kv64k",32,2,65536,8,"dcp8_hkv1","mega","eager","dcp_mega_varlen",8,1.3060799837112427,1.3138336181640624,3840.979665788302,110.99292065412283
"d32_c2_kv128k",32,2,131072,8,"dcp8_hkv1","mega","eager","dcp_mega_varlen",8,2.2479679584503174,2.2824128389358522,4432.6383509439265,127.92529667471044
"d32_c4_kv16k",32,4,16384,8,"dcp8_hkv1","mega","eager","dcp_mega_varlen",8,1.2497279644012451,1.2643007516860962,1979.6624905591614,33.77149683949086
"d32_c4_kv32k",32,4,32768,8,"dcp8_hkv1","mega","eager","dcp_mega_varlen",8,1.648304045200348,1.66184002161026,2918.4553648094056,48.50677897249337
"d32_c4_kv64k",32,4,65536,8,"dcp8_hkv1","mega","eager","dcp_mega_varlen",8,2.4626879692077637,2.5072736501693726,3850.8435986109835,63.122650511834046
"d32_c4_kv128k",32,4,131072,8,"dcp8_hkv1","mega","eager","dcp_mega_varlen",8,4.248144149780273,4.302799940109253,4432.353134408093,72.1365201357045
"d4_c0_kv16k",4,0,16384,8,"dcp8_hkv1","mega","eager","dcp_mega_varlen",12,0.0599839985370636,0.061187200248241425,286.55612328643275,70.46999371654306
"d4_c0_kv32k",4,0,32768,8,"dcp8_hkv1","mega","eager","dcp_mega_varlen",12,0.062224000692367554,0.0651456005871296,552.3375366671929,135.33967450332992
"d4_c0_kv64k",4,0,65536,8,"dcp8_hkv1","mega","eager","dcp_mega_varlen",12,0.0679360032081604,0.0702751986682415,1011.6637185942728,247.4385186966784
"d4_c0_kv128k",4,0,131072,8,"dcp8_hkv1","mega","eager","dcp_mega_varlen",12,0.0814720019698143,0.08259520307183266,1687.0564493913503,412.25450692182807
"d4_c1_kv16k",4,1,16384,8,"dcp8_hkv1","mega","eager","dcp_mega_varlen",12,0.2871360033750534,0.29463680386543273,2094.2031110134317,22.025186412236085
"d4_c1_kv32k",4,1,32768,8,"dcp8_hkv1","mega","eager","dcp_mega_varlen",12,0.3840640038251877,0.39025281369686127,3041.8284009655563,30.117646758858807
"d4_c1_kv64k",4,1,65536,8,"dcp8_hkv1","mega","eager","dcp_mega_varlen",12,0.5656159818172455,0.5715040147304535,4070.125729777971,38.98911047235125
"d4_c1_kv128k",4,1,131072,8,"dcp8_hkv1","mega","eager","dcp_mega_varlen",12,1.0100160241127014,1.015020751953125,4524.552862486146,42.5977241675912
"d4_c2_kv16k",4,2,16384,8,"dcp8_hkv1","mega","eager","dcp_mega_varlen",12,0.5379840135574341,0.5420096099376679,2203.5105340494347,15.65358038115932
"d4_c2_kv32k",4,2,32768,8,"dcp8_hkv1","mega","eager","dcp_mega_varlen",12,0.726175993680954,0.7370047807693482,3170.230024149558,20.260697307578713
"d4_c2_kv64k",4,2,65536,8,"dcp8_hkv1","mega","eager","dcp_mega_varlen",12,1.1078400015830994,1.1214687824249268,4094.027951168713,24.638705915109114
"d4_c2_kv128k",4,2,131072,8,"dcp8_hkv1","mega","eager","dcp_mega_varlen",12,1.9882240295410156,2.0244192600250246,4527.806618362918,26.38614523339748
"d4_c4_kv16k",4,4,16384,8,"dcp8_hkv1","mega","eager","dcp_mega_varlen",12,0.99372798204422,1.0022080302238465,2368.573837607062,12.69530518205596
"d4_c4_kv32k",4,4,32768,8,"dcp8_hkv1","mega","eager","dcp_mega_varlen",12,1.3935359716415405,1.4091072082519531,3279.370836276856,15.072655767369698
"d4_c4_kv64k",4,4,65536,8,"dcp8_hkv1","mega","eager","dcp_mega_varlen",12,2.2802720069885254,2.2967488050460814,3947.918251237516,16.568858401194294
"d4_c4_kv128k",4,4,131072,8,"dcp8_hkv1","mega","eager","dcp_mega_varlen",12,4.003200054168701,4.072281742095948,4463.214361349289,17.819727976301078
"d8_c0_kv16k",8,0,16384,8,"dcp8_hkv1","mega","eager","dcp_mega_varlen",12,0.06801600009202957,0.06986880227923394,505.43348790703914,124.29640067867936
"d8_c0_kv32k",8,0,32768,8,"dcp8_hkv1","mega","eager","dcp_mega_varlen",12,0.07019199803471565,0.07123519852757454,979.2754794357587,239.9525939077826
"d8_c0_kv64k",8,0,65536,8,"dcp8_hkv1","mega","eager","dcp_mega_varlen",12,0.0883840024471283,0.08983359858393669,1555.2223870629446,380.38521756368317
"d8_c0_kv128k",8,0,131072,8,"dcp8_hkv1","mega","eager","dcp_mega_varlen",12,0.1181119978427887,0.11968320235610008,2327.415823597329,568.7347706150186
"d8_c1_kv16k",8,1,16384,8,"dcp8_hkv1","mega","eager","dcp_mega_varlen",12,0.2970239967107773,0.30034561157226564,2082.356646201434,35.52337897558549
"d8_c1_kv32k",8,1,32768,8,"dcp8_hkv1","mega","eager","dcp_mega_varlen",12,0.3932960033416748,0.4023455917835236,3057.812527129147,50.82299293704
"d8_c1_kv64k",8,1,65536,8,"dcp8_hkv1","mega","eager","dcp_mega_varlen",12,0.5691039860248566,0.5738719880580903,4165.9461339574045,68.28778036058704
"d8_c1_kv128k",8,1,131072,8,"dcp8_hkv1","mega","eager","dcp_mega_varlen",12,1.0434240102767944,1.0550015687942504,4511.415026931636,73.42325195265235
"d8_c2_kv16k",8,2,16384,8,"dcp8_hkv1","mega","eager","dcp_mega_varlen",12,0.5447039902210236,0.5493567883968353,2207.882161127562,23.220773534021042
"d8_c2_kv32k",8,2,32768,8,"dcp8_hkv1","mega","eager","dcp_mega_varlen",12,0.7505279779434204,0.755894410610199,3113.15987932983,30.823911539436313
"d8_c2_kv64k",8,2,65536,8,"dcp8_hkv1","mega","eager","dcp_mega_varlen",12,1.1355680227279663,1.1434399724006652,4054.584339628753,38.840234241578194
"d8_c2_kv128k",8,2,131072,8,"dcp8_hkv1","mega","eager","dcp_mega_varlen",12,2.0107359886169434,2.0231679677963257,4545.470831503167,42.79466249529231
"d8_c4_kv16k",8,4,16384,8,"dcp8_hkv1","mega","eager","dcp_mega_varlen",12,1.0019680261611938,1.010540771484375,2366.2500400652257,16.809670129424255
"d8_c4_kv32k",8,4,32768,8,"dcp8_hkv1","mega","eager","dcp_mega_varlen",12,1.408352017402649,1.4266528487205505,3269.2748823262627,20.89368541131374
"d8_c4_kv64k",8,4,65536,8,"dcp8_hkv1","mega","eager","dcp_mega_varlen",12,2.2765759229660034,2.304032039642334,3984.5171743668047,23.979647438630682
"d8_c4_kv128k",8,4,131072,8,"dcp8_hkv1","mega","eager","dcp_mega_varlen",12,4.00651216506958,4.10047345161438,4493.8308178518455,26.188148613340807
"d16_c0_kv16k",16,0,16384,8,"dcp8_hkv1","mega","eager","dcp_mega_varlen",12,0.0820159986615181,0.08300159871578217,838.3136149296187,206.15841147994664
"d16_c0_kv32k",16,0,32768,8,"dcp8_hkv1","mega","eager","dcp_mega_varlen",12,0.10569600015878677,0.10728959739208221,1300.6604303802635,318.70178577613507
"d16_c0_kv64k",16,0,65536,8,"dcp8_hkv1","mega","eager","dcp_mega_varlen",12,0.14950399845838547,0.15130559653043746,1838.8374984132772,449.7534292951789
"d16_c0_kv128k",16,0,131072,8,"dcp8_hkv1","mega","eager","dcp_mega_varlen",12,0.19388799369335175,0.19568000733852386,2835.613773700377,692.9196462390682
"d16_c1_kv16k",16,1,16384,8,"dcp8_hkv1","mega","eager","dcp_mega_varlen",12,0.31059199571609497,0.3152735859155655,2102.0743187109993,61.191016710464226
"d16_c1_kv32k",16,1,32768,8,"dcp8_hkv1","mega","eager","dcp_mega_varlen",12,0.4161279946565628,0.422323203086853,3055.2204243439,88.50938286523457
"d16_c1_kv64k",16,1,65536,8,"dcp8_hkv1","mega","eager","dcp_mega_varlen",12,0.6173760294914246,0.6335551738739014,4062.8615460342244,117.40464892961445
"d16_c1_kv128k",16,1,131072,8,"dcp8_hkv1","mega","eager","dcp_mega_varlen",12,1.0748800039291382,1.0838752269744873,4635.1355257776795,133.76933562295494
"d16_c2_kv16k",16,2,16384,8,"dcp8_hkv1","mega","eager","dcp_mega_varlen",12,0.5605280101299286,0.5654143869876862,2206.8830904226584,37.647702913380705
"d16_c2_kv32k",16,2,32768,8,"dcp8_hkv1","mega","eager","dcp_mega_varlen",12,0.7679679989814758,0.7709759950637818,3131.9676014703537,52.055502381635414
"d16_c2_kv64k",16,2,65536,8,"dcp8_hkv1","mega","eager","dcp_mega_varlen",12,1.1842719912528992,1.19789115190506,4003.905467513008,65.63162565195027
"d16_c2_kv128k",16,2,131072,8,"dcp8_hkv1","mega","eager","dcp_mega_varlen",12,2.1183520555496216,2.1410336256027223,4444.3214687491145,72.3313047038563
"d16_c4_kv16k",16,4,16384,8,"dcp8_hkv1","mega","eager","dcp_mega_varlen",12,1.0161919593811035,1.0268959641456603,2366.958746330666,24.893816337030156
"d16_c4_kv32k",16,4,32768,8,"dcp8_hkv1","mega","eager","dcp_mega_varlen",12,1.4246079921722412,1.4335488438606263,3280.2196844133746,32.477998336545866
"d16_c4_kv64k",16,4,65536,8,"dcp8_hkv1","mega","eager","dcp_mega_varlen",12,2.3246400356292725,2.3432608127593992,3961.263895456952,37.94628615527627
"d16_c4_kv128k",16,4,131072,8,"dcp8_hkv1","mega","eager","dcp_mega_varlen",12,4.0610878467559814,4.142790222167969,4501.1298110248335,42.37720100969311
"d32_c0_kv16k",32,0,16384,8,"dcp8_hkv1","mega","eager","dcp_mega_varlen",12,0.10684800148010254,0.10904960259795189,1286.9707878027784,316.4923585987464
"d32_c0_kv32k",32,0,32768,8,"dcp8_hkv1","mega","eager","dcp_mega_varlen",12,0.15353600680828094,0.15552959889173507,1790.7799989570306,438.7961456111437
"d32_c0_kv64k",32,0,65536,8,"dcp8_hkv1","mega","eager","dcp_mega_varlen",12,0.24302399903535843,0.24448319971561433,2262.4395913096782,553.3604604228162
"d32_c0_kv128k",32,0,131072,8,"dcp8_hkv1","mega","eager","dcp_mega_varlen",12,0.3468639999628067,0.3480575978755951,3170.0693385935274,774.6482772176176
"d32_c1_kv16k",32,1,16384,8,"dcp8_hkv1","mega","eager","dcp_mega_varlen",12,0.34323200583457947,0.3525407940149307,2102.492115667661,104.63397174361592
"d32_c1_kv32k",32,1,32768,8,"dcp8_hkv1","mega","eager","dcp_mega_varlen",12,0.46076799929142,0.4693856030702591,3057.5850658868317,153.0417392450047
"d32_c1_kv64k",32,1,65536,8,"dcp8_hkv1","mega","eager","dcp_mega_varlen",12,0.6860640048980713,0.692521619796753,4056.803546493457,203.65847938744236
"d32_c1_kv128k",32,1,131072,8,"dcp8_hkv1","mega","eager","dcp_mega_varlen",12,1.2639999985694885,1.2706336379051208,4376.5869967506,220.04334202118238
"d32_c2_kv16k",32,2,16384,8,"dcp8_hkv1","mega","eager","dcp_mega_varlen",12,0.588128000497818,0.5930560052394866,2220.222323165592,64.63028450919848
"d32_c2_kv32k",32,2,32768,8,"dcp8_hkv1","mega","eager","dcp_mega_varlen",12,0.7978239953517914,0.8167455792427063,3187.07573555846,92.32921600398767
"d32_c2_kv64k",32,2,65536,8,"dcp8_hkv1","mega","eager","dcp_mega_varlen",12,1.2433599829673767,1.2521951794624329,4034.733888857694,116.59184305902147
"d32_c2_kv128k",32,2,131072,8,"dcp8_hkv1","mega","eager","dcp_mega_varlen",12,2.2450560331344604,2.3439072608947753,4438.387655923247,128.0912207783532
"d32_c4_kv16k",32,4,16384,8,"dcp8_hkv1","mega","eager","dcp_mega_varlen",12,1.0532320141792297,1.0638496279716492,2348.997695874244,40.07206715311437
"d32_c4_kv32k",32,4,32768,8,"dcp8_hkv1","mega","eager","dcp_mega_varlen",12,1.4771680235862732,1.4907647848129273,3256.570482667942,54.126489826044036
"d32_c4_kv64k",32,4,65536,8,"dcp8_hkv1","mega","eager","dcp_mega_varlen",12,2.3836640119552612,2.4136480569839476,3978.5079415705814,65.2153118981257
"d32_c4_kv128k",32,4,131072,8,"dcp8_hkv1","mega","eager","dcp_mega_varlen",12,4.2236480712890625,4.279360103607178,4458.059648882934,72.55489350145412
"d4_c0_kv16k",4,0,16384,8,"dcp8_hkv1","mega","eager","dcp_mega_varlen",16,0.05846400000154972,0.060047999024391174,294.0062616232959,72.3021346450457
"d4_c0_kv32k",4,0,32768,8,"dcp8_hkv1","mega","eager","dcp_mega_varlen",16,0.06028800085186958,0.0652384027838707,570.0744887601328,139.68577297316114
"d4_c0_kv64k",4,0,65536,8,"dcp8_hkv1","mega","eager","dcp_mega_varlen",16,0.0684639997780323,0.08069119900465012,1003.8617354350444,245.5302648764283
"d4_c0_kv128k",4,0,131072,8,"dcp8_hkv1","mega","eager","dcp_mega_varlen",16,0.08177599683403969,0.08343680202960968,1680.7849697869608,410.7219881179015
"d4_c1_kv16k",4,1,16384,8,"dcp8_hkv1","mega","eager","dcp_mega_varlen",16,0.2785920053720474,0.28349120616912843,2158.4291722548246,22.700665769479908
"d4_c1_kv32k",4,1,32768,8,"dcp8_hkv1","mega","eager","dcp_mega_varlen",16,0.37384000420570374,0.3784544050693512,3125.01814006286,30.941322142815014
"d4_c1_kv64k",4,1,65536,8,"dcp8_hkv1","mega","eager","dcp_mega_varlen",16,0.5526880025863647,0.5556095838546753,4165.330439587862,39.901108576269394
"d4_c1_kv128k",4,1,131072,8,"dcp8_hkv1","mega","eager","dcp_mega_varlen",16,1.0202080011367798,1.0272832036018371,4479.352139920451,42.17216876564341
"d4_c2_kv16k",4,2,16384,8,"dcp8_hkv1","mega","eager","dcp_mega_varlen",16,0.5056959986686707,0.5143552005290986,2344.201742044439,16.653040605760538
"d4_c2_kv32k",4,2,32768,8,"dcp8_hkv1","mega","eager","dcp_mega_varlen",16,0.7062400281429291,0.7130655944347382,3259.7202739096106,20.832622640616474
"d4_c2_kv64k",4,2,65536,8,"dcp8_hkv1","mega","eager","dcp_mega_varlen",16,1.1171200275421143,1.1318816423416138,4060.01845825203,24.434029761382092
"d4_c2_kv128k",4,2,131072,8,"dcp8_hkv1","mega","eager","dcp_mega_varlen",16,2.0259039402008057,2.047296094894409,4443.593667551533,25.89538771260796
"d4_c4_kv16k",4,4,16384,8,"dcp8_hkv1","mega","eager","dcp_mega_varlen",16,0.9280000030994415,0.9323712050914764,2536.3341509771344,13.594482713216268
"d4_c4_kv32k",4,4,32768,8,"dcp8_hkv1","mega","eager","dcp_mega_varlen",16,1.357375979423523,1.3680448174476623,3366.7320580144965,15.474185721866473
"d4_c4_kv64k",4,4,65536,8,"dcp8_hkv1","mega","eager","dcp_mega_varlen",16,2.2477279901504517,2.2903808832168577,4005.0786899590234,16.808752734120244
"d4_c4_kv128k",4,4,131072,8,"dcp8_hkv1","mega","eager","dcp_mega_varlen",16,3.9574400186538696,4.056931114196777,4514.8226856000565,18.0257781959422
"d8_c0_kv16k",8,0,16384,8,"dcp8_hkv1","mega","eager","dcp_mega_varlen",16,0.06860800087451935,0.06982400193810463,501.07223241899834,123.22387902632832
"d8_c0_kv32k",8,0,32768,8,"dcp8_hkv1","mega","eager","dcp_mega_varlen",16,0.07156800106167793,0.07281280234456063,960.4474277374547,235.3391424958868
"d8_c0_kv64k",8,0,65536,8,"dcp8_hkv1","mega","eager","dcp_mega_varlen",16,0.08799999952316284,0.08941760286688805,1562.0088637366348,382.04509297924204
"d8_c0_kv128k",8,0,131072,8,"dcp8_hkv1","mega","eager","dcp_mega_varlen",16,0.11799999698996544,0.11945920065045357,2329.6249131207755,569.2745907926795
"d8_c1_kv16k",8,1,16384,8,"dcp8_hkv1","mega","eager","dcp_mega_varlen",16,0.2853119969367981,0.28989438712596893,2167.836965401113,36.98160649843725
"d8_c1_kv32k",8,1,32768,8,"dcp8_hkv1","mega","eager","dcp_mega_varlen",16,0.3866080045700073,0.38892478942871095,3110.7101551753503,51.702188686526455
"d8_c1_kv64k",8,1,65536,8,"dcp8_hkv1","mega","eager","dcp_mega_varlen",16,0.5755999982357025,0.5803391993045807,4118.930781214418,67.51710931049385
"d8_c1_kv128k",8,1,131072,8,"dcp8_hkv1","mega","eager","dcp_mega_varlen",16,1.057424008846283,1.0652384400367736,4451.685151881491,72.45114860176868
"d8_c2_kv16k",8,2,16384,8,"dcp8_hkv1","mega","eager","dcp_mega_varlen",16,0.5144000053405762,0.5201952159404755,2337.951420330467,24.58874002465389
"d8_c2_kv32k",8,2,32768,8,"dcp8_hkv1","mega","eager","dcp_mega_varlen",16,0.7149119973182678,0.7249344110488891,3268.253432607902,32.35951849567438
"d8_c2_kv64k",8,2,65536,8,"dcp8_hkv1","mega","eager","dcp_mega_varlen",16,1.1399359703063965,1.1570176124572753,4039.0481934686645,38.69140824475
"d8_c2_kv128k",8,2,131072,8,"dcp8_hkv1","mega","eager","dcp_mega_varlen",16,2.0635679960250854,2.0765183210372924,4429.096498742605,41.699022356302315
"d8_c4_kv16k",8,4,16384,8,"dcp8_hkv1","mega","eager","dcp_mega_varlen",16,0.9349760115146637,0.9455615818500519,2535.7943442924534,18.01410067485549
"d8_c4_kv32k",8,4,32768,8,"dcp8_hkv1","mega","eager","dcp_mega_varlen",16,1.3765920400619507,1.3864703893661499,3344.701801240107,21.37573307388568
"d8_c4_kv64k",8,4,65536,8,"dcp8_hkv1","mega","eager","dcp_mega_varlen",16,2.2778879404067993,2.3038400650024413,3982.222172960815,23.96583564609009
"d8_c4_kv128k",8,4,131072,8,"dcp8_hkv1","mega","eager","dcp_mega_varlen",16,4.053807973861694,4.124092864990234,4441.401259156502,25.882611282164227
"d16_c0_kv16k",16,0,16384,8,"dcp8_hkv1","mega","eager","dcp_mega_varlen",16,0.08182399719953537,0.08613759800791743,840.280732708942,206.64216585224477
"d16_c0_kv32k",16,0,32768,8,"dcp8_hkv1","mega","eager","dcp_mega_varlen",16,0.10692800208926201,0.10901120230555535,1285.6744947056816,315.0297708908824
"d16_c0_kv64k",16,0,65536,8,"dcp8_hkv1","mega","eager","dcp_mega_varlen",16,0.15043200552463531,0.15287039428949356,1827.493807379834,446.9789242355646
"d16_c0_kv128k",16,0,131072,8,"dcp8_hkv1","mega","eager","dcp_mega_varlen",16,0.20643199980258942,0.20830079913139343,2663.30542744228,650.813827935967
"d16_c1_kv16k",16,1,16384,8,"dcp8_hkv1","mega","eager","dcp_mega_varlen",16,0.30452799797058105,0.30794880390167234,2143.9324533144313,62.40949970661161
"d16_c1_kv32k",16,1,32768,8,"dcp8_hkv1","mega","eager","dcp_mega_varlen",16,0.4207039922475815,0.42784959375858306,3021.988789846833,87.546666251565
"d16_c1_kv64k",16,1,65536,8,"dcp8_hkv1","mega","eager","dcp_mega_varlen",16,0.653328001499176,0.7097728073596954,3839.2864287283473,110.94399112494096
"d16_c1_kv128k",16,1,131072,8,"dcp8_hkv1","mega","eager","dcp_mega_varlen",16,1.1163520216941833,1.1216607809066772,4462.942150271701,128.79985990600835
"d16_c2_kv16k",16,2,16384,8,"dcp8_hkv1","mega","eager","dcp_mega_varlen",16,0.5264799892902374,0.5367424130439759,2349.604566987743,40.08241990061009
"d16_c2_kv32k",16,2,32768,8,"dcp8_hkv1","mega","eager","dcp_mega_varlen",16,0.728879988193512,0.7369727730751038,3299.927190671374,54.84710877997988
"d16_c2_kv64k",16,2,65536,8,"dcp8_hkv1","mega","eager","dcp_mega_varlen",16,1.177776038646698,1.1828352212905884,4025.9887662924257,65.99361291923488
"d16_c2_kv128k",16,2,131072,8,"dcp8_hkv1","mega","eager","dcp_mega_varlen",16,2.1433759927749634,2.18798086643219,4392.433968927288,71.4868359618168
"d16_c4_kv16k",16,4,16384,8,"dcp8_hkv1","mega","eager","dcp_mega_varlen",16,0.9488639831542969,0.9834623992443086,2534.909627628759,26.660192028688705
"d16_c4_kv32k",16,4,32768,8,"dcp8_hkv1","mega","eager","dcp_mega_varlen",16,1.3830880522727966,1.3978911995887757,3378.6910174062473,33.45297931246545
"d16_c4_kv64k",16,4,65536,8,"dcp8_hkv1","mega","eager","dcp_mega_varlen",16,2.320064067840576,2.3571839570999145,3969.076876244594,38.02112933980471
"d16_c4_kv128k",16,4,131072,8,"dcp8_hkv1","mega","eager","dcp_mega_varlen",16,4.1187520027160645,4.217356634140015,4438.112214614961,41.78390344611966
"d32_c0_kv16k",32,0,16384,8,"dcp8_hkv1","mega","eager","dcp_mega_varlen",16,0.1210239976644516,0.1236192025244236,1136.2230573580773,279.42041787248735
"d32_c0_kv32k",32,0,32768,8,"dcp8_hkv1","mega","eager","dcp_mega_varlen",16,0.15518400073051453,0.15655039995908737,1771.762609661445,434.13630066796276
"d32_c0_kv64k",32,0,65536,8,"dcp8_hkv1","mega","eager","dcp_mega_varlen",16,0.24489600211381912,0.24864320009946822,2245.1453364292142,549.1305323044777
"d32_c0_kv128k",32,0,131072,8,"dcp8_hkv1","mega","eager","dcp_mega_varlen",16,0.346560001373291,0.34916159212589265,3172.850088258176,775.3277900947868
"d32_c1_kv16k",32,1,16384,8,"dcp8_hkv1","mega","eager","dcp_mega_varlen",16,0.3282400071620941,0.33187838792800906,2198.521113715528,109.41301247981265
"d32_c1_kv32k",32,1,32768,8,"dcp8_hkv1","mega","eager","dcp_mega_varlen",16,0.4445600062608719,0.44806399941444397,3169.060045057857,158.62141219833467
"d32_c1_kv64k",32,1,65536,8,"dcp8_hkv1","mega","eager","dcp_mega_varlen",16,0.6733759939670563,0.7096735894680023,4133.243408032993,207.49589122839402
"d32_c1_kv128k",32,1,131072,8,"dcp8_hkv1","mega","eager","dcp_mega_varlen",16,1.2651039958000183,1.2765663743019104,4372.767753479196,219.85132046327539
"d32_c2_kv16k",32,2,16384,8,"dcp8_hkv1","mega","eager","dcp_mega_varlen",16,0.5535680055618286,0.5587551772594452,2358.8337881968805,68.66524007546626
"d32_c2_kv32k",32,2,32768,8,"dcp8_hkv1","mega","eager","dcp_mega_varlen",16,0.7781279981136322,0.7980736196041107,3267.747084022388,94.66625565276584
"d32_c2_kv64k",32,2,65536,8,"dcp8_hkv1","mega","eager","dcp_mega_varlen",16,1.2415840029716492,1.2638720154762269,4040.505231479333,116.7586177439741
"d32_c2_kv128k",32,2,131072,8,"dcp8_hkv1","mega","eager","dcp_mega_varlen",16,2.3114399909973145,2.3907294988632204,4310.9183120175485,124.4124740940913
"d32_c4_kv16k",32,4,16384,8,"dcp8_hkv1","mega","eager","dcp_mega_varlen",16,0.9748159945011139,0.99066561460495,2537.955458757271,43.29553909463657
"d32_c4_kv32k",32,4,32768,8,"dcp8_hkv1","mega","eager","dcp_mega_varlen",16,1.4517760276794434,1.479849624633789,3313.5288721093098,55.073178283430146
"d32_c4_kv64k",32,4,65536,8,"dcp8_hkv1","mega","eager","dcp_mega_varlen",16,2.386255979537964,2.472332787513733,3974.1864590052146,65.14447457983913
"d32_c4_kv128k",32,4,131072,8,"dcp8_hkv1","mega","eager","dcp_mega_varlen",16,4.2795679569244385,4.341932868957519,4399.807463561784,71.6068395418661
"d4_c0_kv16k",4,0,16384,8,"dcp8_hkv1","mega","eager","dcp_mega_varlen",20,0.059856001287698746,0.06178560070693493,287.1689005314917,70.62068813588995
"d4_c0_kv32k",4,0,32768,8,"dcp8_hkv1","mega","eager","dcp_mega_varlen",20,0.0613120011985302,0.06912959739565849,560.5534086664896,137.35281568662745
"d4_c0_kv64k",4,0,65536,8,"dcp8_hkv1","mega","eager","dcp_mega_varlen",20,0.0674079991877079,0.06870720162987709,1019.588037921364,249.3766941990078
"d4_c0_kv128k",4,0,131072,8,"dcp8_hkv1","mega","eager","dcp_mega_varlen",20,0.08158400282263756,0.08315839990973473,1684.7404100385913,411.68855214199385
"d4_c1_kv16k",4,1,16384,8,"dcp8_hkv1","mega","eager","dcp_mega_varlen",20,0.27380800247192383,0.27647361159324646,2196.141479150739,23.097294245987143
"d4_c1_kv32k",4,1,32768,8,"dcp8_hkv1","mega","eager","dcp_mega_varlen",20,0.37776000797748566,0.3828768074512482,3092.589924695331,30.62024501198495
"d4_c1_kv64k",4,1,65536,8,"dcp8_hkv1","mega","eager","dcp_mega_varlen",20,0.5724000036716461,0.5746304035186768,4021.887047521059,38.527015825545824
"d4_c1_kv128k",4,1,131072,8,"dcp8_hkv1","mega","eager","dcp_mega_varlen",20,1.0320799946784973,1.0399136304855348,4427.826250502567,41.68706323331313
"d4_c2_kv16k",4,2,16384,8,"dcp8_hkv1","mega","eager","dcp_mega_varlen",20,0.5165599882602692,0.5197823882102967,2294.899852806076,16.3028035298717
"d4_c2_kv32k",4,2,32768,8,"dcp8_hkv1","mega","eager","dcp_mega_varlen",20,0.728223979473114,0.7313344001770019,3161.31437974571,20.2037181069553
"d4_c2_kv64k",4,2,65536,8,"dcp8_hkv1","mega","eager","dcp_mega_varlen",20,1.1356160044670105,1.1416255474090575,3993.8922259489486,24.03606843566014
"d4_c2_kv128k",4,2,131072,8,"dcp8_hkv1","mega","eager","dcp_mega_varlen",20,2.069615960121155,2.09325749874115,4349.741253066587,25.348455467520125
"d4_c4_kv16k",4,4,16384,8,"dcp8_hkv1","mega","eager","dcp_mega_varlen",20,0.9550719857215881,0.9693504095077514,2464.440518784235,13.209140450778106
"d4_c4_kv32k",4,4,32768,8,"dcp8_hkv1","mega","eager","dcp_mega_varlen",20,1.378719985485077,1.3873632073402404,3314.6115765458776,15.234629381694234
"d4_c4_kv64k",4,4,65536,8,"dcp8_hkv1","mega","eager","dcp_mega_varlen",20,2.2880001068115234,2.318886375427246,3934.5835025861634,16.512894334017744
"d4_c4_kv128k",4,4,131072,8,"dcp8_hkv1","mega","eager","dcp_mega_varlen",20,4.144880056381226,4.231315326690674,4310.653078033645,17.2106152722502
"d8_c0_kv16k",8,0,16384,8,"dcp8_hkv1","mega","eager","dcp_mega_varlen",20,0.06814399734139442,0.06980160251259804,504.4841145401544,124.06293040963838
"d8_c0_kv32k",8,0,32768,8,"dcp8_hkv1","mega","eager","dcp_mega_varlen",20,0.07363200187683105,0.07431039959192276,933.5248367005051,228.74228013213528
"d8_c0_kv64k",8,0,65536,8,"dcp8_hkv1","mega","eager","dcp_mega_varlen",20,0.08633600175380707,0.08817920088768005,1592.114256761244,389.40844279388347
"d8_c0_kv128k",8,0,131072,8,"dcp8_hkv1","mega","eager","dcp_mega_varlen",20,0.11539199948310852,0.11616639792919159,2382.2772286413165,582.1408789249139
"d8_c1_kv16k",8,1,16384,8,"dcp8_hkv1","mega","eager","dcp_mega_varlen",20,0.2855840027332306,0.2890367954969406,2165.7721991163553,36.94638319729752
"d8_c1_kv32k",8,1,32768,8,"dcp8_hkv1","mega","eager","dcp_mega_varlen",20,0.39340800046920776,0.3955743879079819,3056.9420155504185,50.80852442288984
"d8_c1_kv64k",8,1,65536,8,"dcp8_hkv1","mega","eager","dcp_mega_varlen",20,0.6024959981441498,0.6050719797611237,3935.05775590689,64.50308071706378
"d8_c1_kv128k",8,1,131072,8,"dcp8_hkv1","mega","eager","dcp_mega_varlen",20,1.0734080076217651,1.077286434173584,4385.395605398455,71.37228663846103
"d8_c2_kv16k",8,2,16384,8,"dcp8_hkv1","mega","eager","dcp_mega_varlen",20,0.520576000213623,0.5229663789272309,2310.2144981913975,24.297024824059495
"d8_c2_kv32k",8,2,32768,8,"dcp8_hkv1","mega","eager","dcp_mega_varlen",20,0.7262719869613647,0.7289056181907654,3217.133017925824,31.853366803793115
"d8_c2_kv64k",8,2,65536,8,"dcp8_hkv1","mega","eager","dcp_mega_varlen",20,1.1591039896011353,1.1658591985702516,3972.2547440462113,38.0515712099114
"d8_c2_kv128k",8,2,131072,8,"dcp8_hkv1","mega","eager","dcp_mega_varlen",20,2.103487968444824,2.122889685630798,4345.041152229315,40.90765875101182
"d8_c4_kv16k",8,4,16384,8,"dcp8_hkv1","mega","eager","dcp_mega_varlen",20,0.9644000232219696,0.9676064252853394,2458.4268197412766,17.464487343882418
"d8_c4_kv32k",8,4,32768,8,"dcp8_hkv1","mega","eager","dcp_mega_varlen",20,1.3855040073394775,1.393340814113617,3323.1877003440904,21.23823810261279
"d8_c4_kv64k",8,4,65536,8,"dcp8_hkv1","mega","eager","dcp_mega_varlen",20,2.3054879903793335,2.315654468536377,3934.5491720889395,23.678929679012462
"d8_c4_kv128k",8,4,131072,8,"dcp8_hkv1","mega","eager","dcp_mega_varlen",20,4.146992206573486,4.225241661071777,4341.60156147594,25.301020781684638
"d16_c0_kv16k",16,0,16384,8,"dcp8_hkv1","mega","eager","dcp_mega_varlen",20,0.0782880000770092,0.08049280121922493,878.2332956821984,215.9754749561606
"d16_c0_kv32k",16,0,32768,8,"dcp8_hkv1","mega","eager","dcp_mega_varlen",20,0.10472000017762184,0.10732799768447876,1312.782704572394,321.6721155735677
"d16_c0_kv64k",16,0,65536,8,"dcp8_hkv1","mega","eager","dcp_mega_varlen",20,0.14854399859905243,0.14987840056419371,1850.7214099577477,452.66006458795385
"d16_c0_kv128k",16,0,131072,8,"dcp8_hkv1","mega","eager","dcp_mega_varlen",20,0.20071999728679657,0.2032864049077034,2739.096616698517,669.334405221405
"d16_c1_kv16k",16,1,16384,8,"dcp8_hkv1","mega","eager","dcp_mega_varlen",20,0.2975520044565201,0.300847989320755,2194.1961338304595,63.8726666779258
"d16_c1_kv32k",16,1,32768,8,"dcp8_hkv1","mega","eager","dcp_mega_varlen",20,0.415135994553566,0.41933760941028597,3062.521113793598,88.72088299548204
"d16_c1_kv64k",16,1,65536,8,"dcp8_hkv1","mega","eager","dcp_mega_varlen",20,0.6571040153503418,0.7195679843425751,3817.2241700983473,110.30645728341051
"d16_c1_kv128k",16,1,131072,8,"dcp8_hkv1","mega","eager","dcp_mega_varlen",20,1.1899999976158142,1.1984959840774536,4186.734875749541,120.82855822527542
"d16_c2_kv16k",16,2,16384,8,"dcp8_hkv1","mega","eager","dcp_mega_varlen",20,0.5352640151977539,0.5370560169219971,2311.0460485691,39.42464167370494
"d16_c2_kv32k",16,2,32768,8,"dcp8_hkv1","mega","eager","dcp_mega_varlen",20,0.7630719840526581,0.7717248022556304,3152.0629010670355,52.38950038197349
"d16_c2_kv64k",16,2,65536,8,"dcp8_hkv1","mega","eager","dcp_mega_varlen",20,1.195248007774353,1.208687973022461,3967.1374224914607,65.02892746479573
"d16_c2_kv128k",16,2,131072,8,"dcp8_hkv1","mega","eager","dcp_mega_varlen",20,2.2022080421447754,2.2283103466033936,4275.089972734317,69.57706314194222
"d16_c4_kv16k",16,4,16384,8,"dcp8_hkv1","mega","eager","dcp_mega_varlen",20,0.9765280187129974,0.9787712097167969,2463.0982420535292,25.90493617719205
"d16_c4_kv32k",16,4,32768,8,"dcp8_hkv1","mega","eager","dcp_mega_varlen",20,1.4269440174102783,1.4470688223838806,3274.849693807154,32.424829170223006
"d16_c4_kv64k",16,4,65536,8,"dcp8_hkv1","mega","eager","dcp_mega_varlen",20,2.3447680473327637,2.3964864015579224,3927.259522982211,37.620546774484964
"d16_c4_kv128k",16,4,131072,8,"dcp8_hkv1","mega","eager","dcp_mega_varlen",20,4.220448017120361,4.299494504928589,4331.171358602874,40.777077528708254
"d32_c0_kv16k",32,0,16384,8,"dcp8_hkv1","mega","eager","dcp_mega_varlen",20,0.10820799693465233,0.10940799862146378,1270.795694730802,312.5145733953665
"d32_c0_kv32k",32,0,32768,8,"dcp8_hkv1","mega","eager","dcp_mega_varlen",20,0.15822400152683258,0.16002559661865234,1737.7212525204177,425.795121788617
"d32_c0_kv64k",32,0,65536,8,"dcp8_hkv1","mega","eager","dcp_mega_varlen",20,0.2467840015888214,0.24834879785776137,2227.969047896764,544.9294570725996
"d32_c0_kv128k",32,0,131072,8,"dcp8_hkv1","mega","eager","dcp_mega_varlen",20,0.3489280045032501,0.35072959065437315,3151.317511787042,770.0660208759404
"d32_c1_kv16k",32,1,16384,8,"dcp8_hkv1","mega","eager","dcp_mega_varlen",20,0.3290400058031082,0.3309952080249786,2193.1758247774233,109.14699540058405
"d32_c1_kv32k",32,1,32768,8,"dcp8_hkv1","mega","eager","dcp_mega_varlen",20,0.4581120014190674,0.45957439243793485,3075.3120396495287,153.9290299786173
"d32_c1_kv64k",32,1,65536,8,"dcp8_hkv1","mega","eager","dcp_mega_varlen",20,0.7020319998264313,0.7048352181911468,3964.5299486065,199.02618688969267
"d32_c1_kv128k",32,1,131072,8,"dcp8_hkv1","mega","eager","dcp_mega_varlen",20,1.2704639434814453,1.2780544400215148,4354.3195271427185,218.92379191638352
"d32_c2_kv16k",32,2,16384,8,"dcp8_hkv1","mega","eager","dcp_mega_varlen",20,0.5614719986915588,0.5746528029441834,2325.6278472068902,67.69862092602955
"d32_c2_kv32k",32,2,32768,8,"dcp8_hkv1","mega","eager","dcp_mega_varlen",20,0.7875039875507355,0.7903264045715332,3228.841424333973,93.53916318456007
"d32_c2_kv64k",32,2,65536,8,"dcp8_hkv1","mega","eager","dcp_mega_varlen",20,1.289631962776184,1.300262415409088,3889.9676839031918,112.40852908758032
"d32_c2_kv128k",32,2,131072,8,"dcp8_hkv1","mega","eager","dcp_mega_varlen",20,2.3299039602279663,2.3956064224243163,4276.755245887923,123.42653298544671
"d32_c4_kv16k",32,4,16384,8,"dcp8_hkv1","mega","eager","dcp_mega_varlen",20,0.99931201338768,1.0022431492805481,2475.7428524660436,42.23424059210887
"d32_c4_kv32k",32,4,32768,8,"dcp8_hkv1","mega","eager","dcp_mega_varlen",20,1.4624000191688538,1.4975071787834167,3289.4568657664677,54.673084622524364
"d32_c4_kv64k",32,4,65536,8,"dcp8_hkv1","mega","eager","dcp_mega_varlen",20,2.3857920169830322,2.5199968576431275,3974.9593150170417,65.15714315977006
"d32_c4_kv128k",32,4,131072,8,"dcp8_hkv1","mega","eager","dcp_mega_varlen",20,4.325824022293091,4.419951868057251,4352.760292757986,70.8411471249713
"d4_c0_kv16k",4,0,16384,2,"dcp2_hkv4","baseline","cuda_graph","sglang_mha_ag_ar_min_fa3_varlen",,0.1204960010945797,0.12356800213456154,142.6502284213414,139.5065715650224
"d4_c0_kv16k",4,0,16384,2,"dcp2_hkv4","baseline","cuda_graph","vllm_a2a_min_fa3_varlen",,0.06473600119352341,0.0682143971323967,265.52122100676917,259.66979254322206
"d4_c0_kv16k",4,0,16384,2,"dcp2_hkv4","baseline","cuda_graph","vllm_ag_rs_min_fa3_varlen",,0.07070400193333626,0.07328959926962852,243.10904064817376,237.7515209938103
"d4_c0_kv16k",4,0,16384,4,"dcp4_hkv2","baseline","cuda_graph","sglang_mha_ag_ar_min_fa3_varlen",,0.1289760023355484,0.13135359436273575,133.27116493563722,65.29413105928542
"d4_c0_kv16k",4,0,16384,4,"dcp4_hkv2","baseline","cuda_graph","vllm_a2a_min_fa3_varlen",,0.07009600102901459,0.07227839902043343,245.21772751180353,120.14060540364021
"d4_c0_kv16k",4,0,16384,4,"dcp4_hkv2","baseline","cuda_graph","vllm_ag_rs_min_fa3_varlen",,0.07812799885869026,0.08125440031290054,220.00796553216816,107.78947525882113
"d4_c0_kv16k",4,0,16384,8,"dcp8_hkv1","baseline","cuda_graph","sglang_mha_ag_ar_min_fa3_varlen",,0.14931200444698334,0.1646751940250397,115.11989369952684,28.3103292039785
"d4_c0_kv16k",4,0,16384,8,"dcp8_hkv1","baseline","cuda_graph","vllm_a2a_min_fa3_varlen",,0.07804799824953079,0.08158720210194588,220.23347767414822,54.1599028137203
"d4_c0_kv16k",4,0,16384,8,"dcp8_hkv1","baseline","cuda_graph","vllm_ag_rs_min_fa3_varlen",,0.0931360013782978,0.09929600283503533,184.55572308910897,45.386015476771114
"d4_c0_kv32k",4,0,32768,2,"dcp2_hkv4","baseline","cuda_graph","sglang_mha_ag_ar_min_fa3_varlen",,0.1401600018143654,0.1427648052573204,245.2101228531624,239.6347000942858
"d4_c0_kv32k",4,0,32768,2,"dcp2_hkv4","baseline","cuda_graph","vllm_a2a_min_fa3_varlen",,0.07527999952435493,0.07751360163092613,456.5442545317883,446.16365850445726
"d4_c0_kv32k",4,0,32768,2,"dcp2_hkv4","baseline","cuda_graph","vllm_ag_rs_min_fa3_varlen",,0.08275200054049492,0.09623999968171121,415.32109241493936,405.8778009066259
"d4_c0_kv32k",4,0,32768,4,"dcp4_hkv2","baseline","cuda_graph","sglang_mha_ag_ar_min_fa3_varlen",,0.13684800267219543,0.14927040338516234,251.14470502230407,122.83689693496291
"d4_c0_kv32k",4,0,32768,4,"dcp4_hkv2","baseline","cuda_graph","vllm_a2a_min_fa3_varlen",,0.07435199990868568,0.07694079726934433,462.2424589279287,226.08650770180944
"d4_c0_kv32k",4,0,32768,4,"dcp4_hkv2","baseline","cuda_graph","vllm_ag_rs_min_fa3_varlen",,0.08212799951434135,0.08479999750852585,418.47666407603754,204.6803051262025
"d4_c0_kv32k",4,0,32768,8,"dcp8_hkv1","baseline","cuda_graph","sglang_mha_ag_ar_min_fa3_varlen",,0.1534240022301674,0.15546240657567978,224.01091592200802,54.889560157387976
"d4_c0_kv32k",4,0,32768,8,"dcp8_hkv1","baseline","cuda_graph","vllm_a2a_min_fa3_varlen",,0.08219200000166893,0.08385279774665833,418.1508086346863,102.45980143844902
"d4_c0_kv32k",4,0,32768,8,"dcp8_hkv1","baseline","cuda_graph","vllm_ag_rs_min_fa3_varlen",,0.09628800302743912,0.09879039973020554,356.93596484918265,87.4602830593565
"d4_c0_kv64k",4,0,65536,2,"dcp2_hkv4","baseline","cuda_graph","sglang_mha_ag_ar_min_fa3_varlen",,0.15535999834537506,0.15801600366830826,442.38150337265364,432.1680787530644
"d4_c0_kv64k",4,0,65536,2,"dcp2_hkv4","baseline","cuda_graph","vllm_a2a_min_fa3_varlen",,0.09244799986481667,0.09564479738473892,743.4275455661455,726.263760148178
"d4_c0_kv64k",4,0,65536,2,"dcp2_hkv4","baseline","cuda_graph","vllm_ag_rs_min_fa3_varlen",,0.09851199761033058,0.10413120239973069,697.6651707323891,681.5579181084347
"d4_c0_kv64k",4,0,65536,4,"dcp4_hkv2","baseline","cuda_graph","sglang_mha_ag_ar_min_fa3_varlen",,0.15385599434375763,0.1560672029852867,446.70595984997124,218.30283664448416
"d4_c0_kv64k",4,0,65536,4,"dcp4_hkv2","baseline","cuda_graph","vllm_a2a_min_fa3_varlen",,0.08856000006198883,0.09659519791603088,776.0658263763843,379.2592589937913
"d4_c0_kv64k",4,0,65536,4,"dcp4_hkv2","baseline","cuda_graph","vllm_ag_rs_min_fa3_varlen",,0.09667199850082397,0.09967679902911186,710.9441275429327,347.4346296845588
"d4_c0_kv64k",4,0,65536,8,"dcp8_hkv1","baseline","cuda_graph","sglang_mha_ag_ar_min_fa3_varlen",,0.16207999736070633,0.16434879899024962,424.0399231932742,103.71411817455586
"d4_c0_kv64k",4,0,65536,8,"dcp8_hkv1","baseline","cuda_graph","vllm_a2a_min_fa3_varlen",,0.08908800035715103,0.09191999956965446,771.4662957577902,188.68965441596282
"d4_c0_kv64k",4,0,65536,8,"dcp8_hkv1","baseline","cuda_graph","vllm_ag_rs_min_fa3_varlen",,0.10488000139594078,0.11970240101218224,655.3050030247238,160.27825873627995
"d4_c0_kv128k",4,0,131072,2,"dcp2_hkv4","baseline","cuda_graph","sglang_mha_ag_ar_min_fa3_varlen",,0.1804959997534752,0.18375359922647477,761.5009006057135,743.7865447619994
"d4_c0_kv128k",4,0,131072,2,"dcp2_hkv4","baseline","cuda_graph","vllm_a2a_min_fa3_varlen",,0.11641599982976913,0.11968320235610008,1180.6613057396319,1153.1962633685198
"d4_c0_kv128k",4,0,131072,2,"dcp2_hkv4","baseline","cuda_graph","vllm_ag_rs_min_fa3_varlen",,0.1231359988451004,0.12941759824752808,1116.2281352092923,1090.2619644875836
"d4_c0_kv128k",4,0,131072,4,"dcp4_hkv2","baseline","cuda_graph","sglang_mha_ag_ar_min_fa3_varlen",,0.16859199851751328,0.1705696016550064,815.2692154825008,398.24922054664034
"d4_c0_kv128k",4,0,131072,4,"dcp4_hkv2","baseline","cuda_graph","vllm_a2a_min_fa3_varlen",,0.10121600329875946,0.10307520255446434,1357.9657552995338,663.3499625727951
"d4_c0_kv128k",4,0,131072,4,"dcp4_hkv2","baseline","cuda_graph","vllm_ag_rs_min_fa3_varlen",,0.11115199699997902,0.11287680268287659,1236.575770816119,604.0524130215373
"d4_c0_kv128k",4,0,131072,8,"dcp8_hkv1","baseline","cuda_graph","sglang_mha_ag_ar_min_fa3_varlen",,0.1868320032954216,0.18839039653539658,735.676243596582,179.7721985932539
"d4_c0_kv128k",4,0,131072,8,"dcp8_hkv1","baseline","cuda_graph","vllm_a2a_min_fa3_varlen",,0.1059040017426014,0.10757119953632355,1297.8533776472927,317.1476001599387
"d4_c0_kv128k",4,0,131072,8,"dcp8_hkv1","baseline","cuda_graph","vllm_ag_rs_min_fa3_varlen",,0.12175999954342842,0.1239967979490757,1128.842533536444,275.84757002253747
"d4_c1_kv16k",4,1,16384,2,"dcp2_hkv4","baseline","cuda_graph","sglang_mha_ag_ar_min_fa3_varlen",,0.33934399485588074,0.3409439891576767,1772.010469221301,64.98675189276841
"d4_c1_kv16k",4,1,16384,2,"dcp2_hkv4","baseline","cuda_graph","vllm_a2a_min_fa3_varlen",,0.2343360036611557,0.23735679686069489,2566.0636955365,94.10787781414895
"d4_c1_kv16k",4,1,16384,2,"dcp2_hkv4","baseline","cuda_graph","vllm_ag_rs_min_fa3_varlen",,0.25200000405311584,0.2549920052289963,2386.194848732047,87.51136367185042
"d4_c1_kv16k",4,1,16384,4,"dcp4_hkv2","baseline","cuda_graph","sglang_mha_ag_ar_min_fa3_varlen",,0.44436798989772797,0.45126720368862155,1353.205283059194,26.030461831110266
"d4_c1_kv16k",4,1,16384,4,"dcp4_hkv2","baseline","cuda_graph","vllm_a2a_min_fa3_varlen",,0.28676798939704895,0.2974784135818481,2096.890635584266,40.336105938186115
"d4_c1_kv16k",4,1,16384,4,"dcp4_hkv2","baseline","cuda_graph","vllm_ag_rs_min_fa3_varlen",,0.3174239993095398,0.32096959948539733,1894.3782223776172,36.44054647777341
"d4_c1_kv16k",4,1,16384,8,"dcp8_hkv1","baseline","cuda_graph","sglang_mha_ag_ar_min_fa3_varlen",,0.6470879912376404,0.6616352021694183,929.2725559655261,9.77336016992696
"d4_c1_kv16k",4,1,16384,8,"dcp8_hkv1","baseline","cuda_graph","vllm_a2a_min_fa3_varlen",,0.38627199828624725,0.39866560995578765,1556.7297505898691,16.372463000316753
"d4_c1_kv16k",4,1,16384,8,"dcp8_hkv1","baseline","cuda_graph","vllm_ag_rs_min_fa3_varlen",,0.43454399704933167,0.4481632113456726,1383.7979943000685,14.553702370630244
"d4_c1_kv32k",4,1,32768,2,"dcp2_hkv4","baseline","cuda_graph","sglang_mha_ag_ar_min_fa3_varlen",,0.4390240013599396,0.4423968017101288,2661.031722651057,98.00007258538444
"d4_c1_kv32k",4,1,32768,2,"dcp2_hkv4","baseline","cuda_graph","vllm_a2a_min_fa3_varlen",,0.33163200318813324,0.3350623965263367,3522.750468570591,129.73531983157991
"d4_c1_kv32k",4,1,32768,2,"dcp2_hkv4","baseline","cuda_graph","vllm_ag_rs_min_fa3_varlen",,0.34884800016880035,0.3530720114707947,3348.8992170191736,123.3327523138484
"d4_c1_kv32k",4,1,32768,4,"dcp4_hkv2","baseline","cuda_graph","sglang_mha_ag_ar_min_fa3_varlen",,0.5390239953994751,0.5479872047901153,2167.3558219948914,40.91258309132684
"d4_c1_kv32k",4,1,32768,4,"dcp4_hkv2","baseline","cuda_graph","vllm_a2a_min_fa3_varlen",,0.38251200318336487,0.38626239001750945,3054.170287210497,57.65273721208825
"d4_c1_kv32k",4,1,32768,4,"dcp4_hkv2","baseline","cuda_graph","vllm_ag_rs_min_fa3_varlen",,0.41328001022338867,0.41553601026535036,2826.792406418415,53.36058714303614
"d4_c1_kv32k",4,1,32768,8,"dcp8_hkv1","baseline","cuda_graph","sglang_mha_ag_ar_min_fa3_varlen",,0.7482240200042725,0.7538367986679078,1561.3730158212898,15.459412810529594
"d4_c1_kv32k",4,1,32768,8,"dcp8_hkv1","baseline","cuda_graph","vllm_a2a_min_fa3_varlen",,0.4845599979162216,0.4883679926395416,2410.964172956734,23.87135555915184
"d4_c1_kv32k",4,1,32768,8,"dcp8_hkv1","baseline","cuda_graph","vllm_ag_rs_min_fa3_varlen",,0.5335040092468262,0.5366111755371094,2189.7807221229423,21.681381581986326
"d4_c1_kv64k",4,1,65536,2,"dcp2_hkv4","baseline","cuda_graph","sglang_mha_ag_ar_min_fa3_varlen",,0.6272960007190704,0.6303071796894073,3669.9232230542943,135.45028806592376
"d4_c1_kv64k",4,1,65536,2,"dcp2_hkv4","baseline","cuda_graph","vllm_a2a_min_fa3_varlen",,0.5222559869289398,0.5268864214420319,4408.045514816159,162.6930588189906
"d4_c1_kv64k",4,1,65536,2,"dcp2_hkv4","baseline","cuda_graph","vllm_ag_rs_min_fa3_varlen",,0.5410239994525909,0.543913608789444,4255.131312284293,157.04926969223214
"d4_c1_kv64k",4,1,65536,4,"dcp4_hkv2","baseline","cuda_graph","sglang_mha_ag_ar_min_fa3_varlen",,0.7317599952220917,0.735555213689804,3146.015327155588,58.79575855597565
"d4_c1_kv64k",4,1,65536,4,"dcp4_hkv2","baseline","cuda_graph","vllm_a2a_min_fa3_varlen",,0.5758080184459686,0.5789952218532562,3998.082845357288,74.72001539005527
"d4_c1_kv64k",4,1,65536,4,"dcp4_hkv2","baseline","cuda_graph","vllm_ag_rs_min_fa3_varlen",,0.6062880158424377,0.6109408140182495,3797.0866990817735,70.96360619996352
"d4_c1_kv64k",4,1,65536,8,"dcp8_hkv1","baseline","cuda_graph","sglang_mha_ag_ar_min_fa3_varlen",,0.9418560266494751,0.9532192170619964,2444.246355738157,23.414262239686533
"d4_c1_kv64k",4,1,65536,8,"dcp8_hkv1","baseline","cuda_graph","vllm_a2a_min_fa3_varlen",,0.6729120016098022,0.679699182510376,3421.142965589314,32.772285153546235
"d4_c1_kv64k",4,1,65536,8,"dcp8_hkv1","baseline","cuda_graph","vllm_ag_rs_min_fa3_varlen",,0.7186720073223114,0.7218591868877411,3203.308515306534,30.685575304604413
"d4_c1_kv128k",4,1,131072,2,"dcp2_hkv4","baseline","cuda_graph","sglang_mha_ag_ar_min_fa3_varlen",,1.0282559990882874,1.043664002418518,4444.292955361231,164.21348783738244
"d4_c1_kv128k",4,1,131072,2,"dcp2_hkv4","baseline","cuda_graph","vllm_a2a_min_fa3_varlen",,0.953904002904892,0.9657632052898407,4790.703130649966,177.01309931166668
"d4_c1_kv128k",4,1,131072,2,"dcp2_hkv4","baseline","cuda_graph","vllm_ag_rs_min_fa3_varlen",,0.9408800005912781,0.9723615884780884,4857.01778142181,179.46337885159343
"d4_c1_kv128k",4,1,131072,4,"dcp4_hkv2","baseline","cuda_graph","sglang_mha_ag_ar_min_fa3_varlen",,1.1284480094909668,1.1318112373352052,4049.6955594059045,75.29582513803899
"d4_c1_kv128k",4,1,131072,4,"dcp4_hkv2","baseline","cuda_graph","vllm_a2a_min_fa3_varlen",,0.9898880124092102,1.0046239614486694,4616.5534239916215,85.8353904026017
"d4_c1_kv128k",4,1,131072,4,"dcp4_hkv2","baseline","cuda_graph","vllm_ag_rs_min_fa3_varlen",,1.0279200077056885,1.034601616859436,4445.7456405152825,82.65956821839356
"d4_c1_kv128k",4,1,131072,8,"dcp8_hkv1","baseline","cuda_graph","sglang_mha_ag_ar_min_fa3_varlen",,1.3203840255737305,1.3246368169784546,3461.0164956140766,32.58475047159491
"d4_c1_kv128k",4,1,131072,8,"dcp8_hkv1","baseline","cuda_graph","vllm_a2a_min_fa3_varlen",,1.0783519744873047,1.087343966960907,4237.828650732257,39.89827534785723
"d4_c1_kv128k",4,1,131072,8,"dcp8_hkv1","baseline","cuda_graph","vllm_ag_rs_min_fa3_varlen",,1.1196159720420837,1.124550426006317,4081.6413905930144,38.42780477803225
"d4_c2_kv16k",4,2,16384,2,"dcp2_hkv4","baseline","cuda_graph","sglang_mha_ag_ar_min_fa3_varlen",,0.533808022737503,0.5375967800617218,2220.7486409527787,51.13400855240147
"d4_c2_kv16k",4,2,16384,2,"dcp2_hkv4","baseline","cuda_graph","vllm_a2a_min_fa3_varlen",,0.3845119923353195,0.38771520256996156,3083.0077205763905,70.98801739373665
"d4_c2_kv16k",4,2,16384,2,"dcp2_hkv4","baseline","cuda_graph","vllm_ag_rs_min_fa3_varlen",,0.40753600001335144,0.4112736016511917,2908.8312222359814,66.97750382568842
"d4_c2_kv16k",4,2,16384,4,"dcp4_hkv2","baseline","cuda_graph","sglang_mha_ag_ar_min_fa3_varlen",,0.739439994096756,0.743504011631012,1603.17733756349,19.8972629523131
"d4_c2_kv16k",4,2,16384,4,"dcp4_hkv2","baseline","cuda_graph","vllm_a2a_min_fa3_varlen",,0.4869280010461807,0.4940672069787979,2434.55590657554,30.215621135751075
"d4_c2_kv16k",4,2,16384,4,"dcp4_hkv2","baseline","cuda_graph","vllm_ag_rs_min_fa3_varlen",,0.5287359952926636,0.533161586523056,2242.051707426942,27.826424020661236
"d4_c2_kv16k",4,2,16384,8,"dcp8_hkv1","baseline","cuda_graph","sglang_mha_ag_ar_min_fa3_varlen",,1.0764800310134888,1.0814207434654235,1101.2312415195613,7.823067551073297
"d4_c2_kv16k",4,2,16384,8,"dcp8_hkv1","baseline","cuda_graph","vllm_a2a_min_fa3_varlen",,0.6844800114631653,0.6876511991024017,1731.9036658060163,12.303319102040994
"d4_c2_kv16k",4,2,16384,8,"dcp8_hkv1","baseline","cuda_graph","vllm_ag_rs_min_fa3_varlen",,0.7590399980545044,0.7639040112495422,1561.7799378984455,11.094772372450505
"d4_c2_kv32k",4,2,32768,2,"dcp2_hkv4","baseline","cuda_graph","sglang_mha_ag_ar_min_fa3_varlen",,0.7253279983997345,0.733459186553955,3173.936402652512,72.32806139531922
"d4_c2_kv32k",4,2,32768,2,"dcp2_hkv4","baseline","cuda_graph","vllm_a2a_min_fa3_varlen",,0.5759359896183014,0.5799839794635773,3997.2236142244465,91.08923377885907
"d4_c2_kv32k",4,2,32768,2,"dcp2_hkv4","baseline","cuda_graph","vllm_ag_rs_min_fa3_varlen",,0.5993119776248932,0.6034912228584289,3841.3130788867743,87.53632491696249
"d4_c2_kv32k",4,2,32768,4,"dcp4_hkv2","baseline","cuda_graph","sglang_mha_ag_ar_min_fa3_varlen",,0.9249760210514069,0.9325439810752869,2488.869857801487,29.50967741733815
"d4_c2_kv32k",4,2,32768,4,"dcp4_hkv2","baseline","cuda_graph","vllm_a2a_min_fa3_varlen",,0.671999990940094,0.6773088037967682,3425.810965805841,40.61866721428766
"d4_c2_kv32k",4,2,32768,4,"dcp4_hkv2","baseline","cuda_graph","vllm_ag_rs_min_fa3_varlen",,0.7131519913673401,0.7362656056880951,3228.1266347865803,38.274791812142794
"d4_c2_kv32k",4,2,32768,8,"dcp8_hkv1","baseline","cuda_graph","sglang_mha_ag_ar_min_fa3_varlen",,1.2690240144729614,1.273254358768463,1814.106677043542,11.59381684838359
"d4_c2_kv32k",4,2,32768,8,"dcp8_hkv1","baseline","cuda_graph","vllm_a2a_min_fa3_varlen",,0.8762719929218292,0.8838592171669006,2627.203604108993,16.790257042156213
"d4_c2_kv32k",4,2,32768,8,"dcp8_hkv1","baseline","cuda_graph","vllm_ag_rs_min_fa3_varlen",,0.9483359754085541,0.9533343732357025,2427.5625914035472,15.514366618498832
"d4_c2_kv64k",4,2,65536,2,"dcp2_hkv4","baseline","cuda_graph","sglang_mha_ag_ar_min_fa3_varlen",,1.1166239976882935,1.1220544219017028,4061.8220110742204,92.05714386652006
"d4_c2_kv64k",4,2,65536,2,"dcp2_hkv4","baseline","cuda_graph","vllm_a2a_min_fa3_varlen",,0.9887360036373138,1.0071104168891907,4587.198114783846,103.96426914954986
"d4_c2_kv64k",4,2,65536,2,"dcp2_hkv4","baseline","cuda_graph","vllm_ag_rs_min_fa3_varlen",,0.996288001537323,1.0166687488555908,4552.426532192951,103.17620591775153
"d4_c2_kv64k",4,2,65536,4,"dcp4_hkv2","baseline","cuda_graph","sglang_mha_ag_ar_min_fa3_varlen",,1.3091520071029663,1.3135520458221435,3464.47769800293,40.07293860099001
"d4_c2_kv64k",4,2,65536,4,"dcp4_hkv2","baseline","cuda_graph","vllm_a2a_min_fa3_varlen",,1.0735840201377869,1.0810272455215455,4224.660433490709,48.865824207468116
"d4_c2_kv64k",4,2,65536,4,"dcp4_hkv2","baseline","cuda_graph","vllm_ag_rs_min_fa3_varlen",,1.1048960089683533,1.1097344279289245,4104.9364782653565,47.48100054138454
"d4_c2_kv64k",4,2,65536,8,"dcp8_hkv1","baseline","cuda_graph","sglang_mha_ag_ar_min_fa3_varlen",,1.6426079869270325,1.6474239706993103,2761.1748926102573,16.617320880719987
"d4_c2_kv64k",4,2,65536,8,"dcp8_hkv1","baseline","cuda_graph","vllm_a2a_min_fa3_varlen",,1.2500960230827332,1.2555295705795289,3628.143637093894,21.834917875099524
"d4_c2_kv64k",4,2,65536,8,"dcp8_hkv1","baseline","cuda_graph","vllm_ag_rs_min_fa3_varlen",,1.3266239762306213,1.3309888124465943,3418.849661371973,20.575343495265525
"d4_c2_kv128k",4,2,131072,2,"dcp2_hkv4","baseline","cuda_graph","sglang_mha_ag_ar_min_fa3_varlen",,1.9707839488983154,1.985366415977478,4567.874588574946,103.23633501974372
"d4_c2_kv128k",4,2,131072,2,"dcp2_hkv4","baseline","cuda_graph","vllm_a2a_min_fa3_varlen",,1.8704639673233032,1.880460834503174,4812.866795090731,108.77328596238777
"d4_c2_kv128k",4,2,131072,2,"dcp2_hkv4","baseline","cuda_graph","vllm_ag_rs_min_fa3_varlen",,1.8681119680404663,1.874502420425415,4818.926313708513,108.91023422617074
"d4_c2_kv128k",4,2,131072,4,"dcp4_hkv2","baseline","cuda_graph","sglang_mha_ag_ar_min_fa3_varlen",,2.154207944869995,2.166444754600525,4178.934508705139,47.717406411386854
"d4_c2_kv128k",4,2,131072,4,"dcp4_hkv2","baseline","cuda_graph","vllm_a2a_min_fa3_varlen",,1.975376009941101,1.9919423699378966,4557.25587150996,52.03729086649429
"d4_c2_kv128k",4,2,131072,4,"dcp4_hkv2","baseline","cuda_graph","vllm_ag_rs_min_fa3_varlen",,1.9777119755744934,2.0035199403762816,4551.873089168598,51.975827253683
"d4_c2_kv128k",4,2,131072,8,"dcp8_hkv1","baseline","cuda_graph","sglang_mha_ag_ar_min_fa3_varlen",,2.4480960369110107,2.456739091873169,3677.263385101112,21.42953838779773
"d4_c2_kv128k",4,2,131072,8,"dcp8_hkv1","baseline","cuda_graph","vllm_a2a_min_fa3_varlen",,2.1074399948120117,2.124265503883362,4271.672712820004,24.893504977198504
"d4_c2_kv128k",4,2,131072,8,"dcp8_hkv1","baseline","cuda_graph","vllm_ag_rs_min_fa3_varlen",,2.1866880655288696,2.2172767400741575,4116.862419316637,23.9913359509335
"d4_c4_kv16k",4,4,16384,2,"dcp2_hkv4","baseline","cuda_graph","sglang_mha_ag_ar_min_fa3_varlen",,0.9472000002861023,0.9521439790725708,2484.9219797899686,39.8875675555195
"d4_c4_kv16k",4,4,16384,2,"dcp2_hkv4","baseline","cuda_graph","vllm_a2a_min_fa3_varlen",,0.6863040030002594,0.6901888072490692,3429.556129176636,55.05068283855795
"d4_c4_kv16k",4,4,16384,2,"dcp2_hkv4","baseline","cuda_graph","vllm_ag_rs_min_fa3_varlen",,0.7240960001945496,0.7283327996730804,3250.5608363195,52.177479215254465
"d4_c4_kv16k",4,4,16384,4,"dcp4_hkv2","baseline","cuda_graph","sglang_mha_ag_ar_min_fa3_varlen",,1.3283519744873047,1.3378144383430481,1771.9084588830074,15.812291021818135
"d4_c4_kv16k",4,4,16384,4,"dcp4_hkv2","baseline","cuda_graph","vllm_a2a_min_fa3_varlen",,0.8738400042057037,0.8781216144561768,2693.534386889811,24.036766340415273
"d4_c4_kv16k",4,4,16384,4,"dcp4_hkv2","baseline","cuda_graph","vllm_ag_rs_min_fa3_varlen",,0.949968010187149,0.9532864212989807,2477.6814321403353,22.110521380464206
"d4_c4_kv16k",4,4,16384,8,"dcp8_hkv1","baseline","cuda_graph","sglang_mha_ag_ar_min_fa3_varlen",,1.9287199974060059,1.9391423463821411,1220.352411513121,6.540959816337888
"d4_c4_kv16k",4,4,16384,8,"dcp8_hkv1","baseline","cuda_graph","vllm_a2a_min_fa3_varlen",,1.2525439858436584,1.259273648262024,1879.1500550638461,10.072045487091325
"d4_c4_kv16k",4,4,16384,8,"dcp8_hkv1","baseline","cuda_graph","vllm_ag_rs_min_fa3_varlen",,1.376479983329773,1.3819711804389954,1709.9544697150188,9.165175049972067
"d4_c4_kv32k",4,4,32768,2,"dcp2_hkv4","baseline","cuda_graph","sglang_mha_ag_ar_min_fa3_varlen",,1.3324159979820251,1.3368031859397889,3429.800626550005,53.538786766325174
"d4_c4_kv32k",4,4,32768,2,"dcp2_hkv4","baseline","cuda_graph","vllm_a2a_min_fa3_varlen",,1.0738879442214966,1.0850687861442565,4255.491691935246,66.4277277567486
"d4_c4_kv32k",4,4,32768,2,"dcp2_hkv4","baseline","cuda_graph","vllm_ag_rs_min_fa3_varlen",,1.1244320273399353,1.1278303742408753,4064.2040724462872,63.44175038197655
"d4_c4_kv32k",4,4,32768,4,"dcp4_hkv2","baseline","cuda_graph","sglang_mha_ag_ar_min_fa3_varlen",,1.7039999961853027,1.7127488374710083,2681.8786589991523,22.172244181091784
"d4_c4_kv32k",4,4,32768,4,"dcp4_hkv2","baseline","cuda_graph","vllm_a2a_min_fa3_varlen",,1.2496320009231567,1.2541664481163024,3657.013601866792,30.234104097917772
"d4_c4_kv32k",4,4,32768,4,"dcp4_hkv2","baseline","cuda_graph","vllm_ag_rs_min_fa3_varlen",,1.324783980846405,1.3281344056129456,3449.5595438769387,28.51899218758773
"d4_c4_kv32k",4,4,32768,8,"dcp8_hkv1","baseline","cuda_graph","sglang_mha_ag_ar_min_fa3_varlen",,2.3182560205459595,2.3266432762145994,1971.2754692330157,9.060383242336366
"d4_c4_kv32k",4,4,32768,8,"dcp8_hkv1","baseline","cuda_graph","vllm_a2a_min_fa3_varlen",,1.6401600241661072,1.650716769695282,2786.2654603031474,12.80624310465013
"d4_c4_kv32k",4,4,32768,8,"dcp8_hkv1","baseline","cuda_graph","vllm_ag_rs_min_fa3_varlen",,1.7634720206260681,1.769823968410492,2591.433927645524,11.910757729256773
"d4_c4_kv64k",4,4,65536,2,"dcp2_hkv4","baseline","cuda_graph","sglang_mha_ag_ar_min_fa3_varlen",,2.151808023452759,2.1592639207839968,4183.610887244021,64.33882506760689
"d4_c4_kv64k",4,4,65536,2,"dcp2_hkv4","baseline","cuda_graph","vllm_a2a_min_fa3_varlen",,1.9418879747390747,1.9603999972343444,4635.863443866073,71.29391695141548
"d4_c4_kv64k",4,4,65536,2,"dcp2_hkv4","baseline","cuda_graph","vllm_ag_rs_min_fa3_varlen",,1.9674720168113708,2.0647647380828857,4575.5809471515795,70.36684578842132
"d4_c4_kv64k",4,4,65536,4,"dcp4_hkv2","baseline","cuda_graph","sglang_mha_ag_ar_min_fa3_varlen",,2.4939680099487305,2.502272033691406,3609.640315459004,28.60338854204729
"d4_c4_kv64k",4,4,65536,4,"dcp4_hkv2","baseline","cuda_graph","vllm_a2a_min_fa3_varlen",,2.124783992767334,2.1527359962463377,4236.8200743320285,33.57326497320396
"d4_c4_kv64k",4,4,65536,4,"dcp4_hkv2","baseline","cuda_graph","vllm_ag_rs_min_fa3_varlen",,2.1764320135116577,2.210761618614197,4136.277824571606,32.77655151051559
"d4_c4_kv64k",4,4,65536,8,"dcp8_hkv1","baseline","cuda_graph","sglang_mha_ag_ar_min_fa3_varlen",,3.0779999494552612,3.085804748535156,2924.7328206646707,12.274692859136174
"d4_c4_kv64k",4,4,65536,8,"dcp8_hkv1","baseline","cuda_graph","vllm_a2a_min_fa3_varlen",,2.422544002532959,2.4432223796844483,3716.063553340358,15.595796798942139
"d4_c4_kv64k",4,4,65536,8,"dcp8_hkv1","baseline","cuda_graph","vllm_ag_rs_min_fa3_varlen",,2.5520960092544556,2.5813920974731444,3527.425081788303,14.80410762878671
"d4_c4_kv128k",4,4,131072,2,"dcp2_hkv4","baseline","cuda_graph","sglang_mha_ag_ar_min_fa3_varlen",,3.8945599794387817,3.9626878976821898,4587.717243398241,70.01112563152552
"d4_c4_kv128k",4,4,131072,2,"dcp2_hkv4","baseline","cuda_graph","vllm_a2a_min_fa3_varlen",,3.7275840044021606,3.8273215532302856,4793.222621413619,73.14725239672508
"d4_c4_kv128k",4,4,131072,2,"dcp2_hkv4","baseline","cuda_graph","vllm_ag_rs_min_fa3_varlen",,3.730399966239929,3.7745407104492186,4789.604368115318,73.09203583197306
"d4_c4_kv128k",4,4,131072,4,"dcp4_hkv2","baseline","cuda_graph","sglang_mha_ag_ar_min_fa3_varlen",,4.242687940597534,4.307980632781982,4211.278374294862,32.63138885970049
"d4_c4_kv128k",4,4,131072,4,"dcp4_hkv2","baseline","cuda_graph","vllm_a2a_min_fa3_varlen",,3.817504048347473,3.9826719760894775,4680.319849524287,36.26578996292884
"d4_c4_kv128k",4,4,131072,4,"dcp4_hkv2","baseline","cuda_graph","vllm_ag_rs_min_fa3_varlen",,3.925871968269348,4.026220989227295,4551.126505787813,35.26472618541123
"d4_c4_kv128k",4,4,131072,8,"dcp8_hkv1","baseline","cuda_graph","sglang_mha_ag_ar_min_fa3_varlen",,4.765568017959595,4.794819021224976,3749.215183958264,14.969031127278482
"d4_c4_kv128k",4,4,131072,8,"dcp8_hkv1","baseline","cuda_graph","vllm_a2a_min_fa3_varlen",,4.1968159675598145,4.256003284454346,4257.308424107198,16.997632622303755
"d4_c4_kv128k",4,4,131072,8,"dcp8_hkv1","baseline","cuda_graph","vllm_ag_rs_min_fa3_varlen",,4.306607961654663,4.4158367156982425,4148.773264761062,16.564297617791908
"d8_c0_kv16k",8,0,16384,2,"dcp2_hkv4","baseline","cuda_graph","sglang_mha_ag_ar_min_fa3_varlen",,0.14233599603176117,0.1445087969303131,241.52403551051776,236.2014454340697
"d8_c0_kv16k",8,0,16384,2,"dcp2_hkv4","baseline","cuda_graph","vllm_a2a_min_fa3_varlen",,0.07755200192332268,0.08061760291457176,443.2840327447618,433.51515326762006
"d8_c0_kv16k",8,0,16384,2,"dcp2_hkv4","baseline","cuda_graph","vllm_ag_rs_min_fa3_varlen",,0.0833440013229847,0.08617279976606369,412.477966191903,403.3879759349669
"d8_c0_kv16k",8,0,16384,4,"dcp4_hkv2","baseline","cuda_graph","sglang_mha_ag_ar_min_fa3_varlen",,0.14184000343084335,0.14414719492197037,242.3686077867405,118.7447235801287
"d8_c0_kv16k",8,0,16384,4,"dcp4_hkv2","baseline","cuda_graph","vllm_a2a_min_fa3_varlen",,0.07931200042366982,0.08136320114135742,433.4471955865633,212.3607009031317
"d8_c0_kv16k",8,0,16384,4,"dcp4_hkv2","baseline","cuda_graph","vllm_ag_rs_min_fa3_varlen",,0.08843200281262398,0.09683519825339318,388.7457375905149,190.45991795173543
"d8_c0_kv16k",8,0,16384,8,"dcp8_hkv1","baseline","cuda_graph","sglang_mha_ag_ar_min_fa3_varlen",,0.1857440024614334,0.18857920467853545,185.0803455532187,45.51503083796937
"d8_c0_kv16k",8,0,16384,8,"dcp8_hkv1","baseline","cuda_graph","vllm_a2a_min_fa3_varlen",,0.09177599847316742,0.09350719675421715,374.5812056738449,92.1171563442237
"d8_c0_kv16k",8,0,16384,8,"dcp8_hkv1","baseline","cuda_graph","vllm_ag_rs_min_fa3_varlen",,0.1042879968881607,0.10667520016431808,329.6406603424053,81.0653598905183
"d8_c0_kv32k",8,0,32768,2,"dcp2_hkv4","baseline","cuda_graph","sglang_mha_ag_ar_min_fa3_varlen",,0.15848000347614288,0.16016000509262085,433.72855262681463,423.8667246755345
"d8_c0_kv32k",8,0,32768,2,"dcp2_hkv4","baseline","cuda_graph","vllm_a2a_min_fa3_varlen",,0.09441599994897842,0.09860799834132195,728.0259973430884,711.4726321418028
"d8_c0_kv32k",8,0,32768,2,"dcp2_hkv4","baseline","cuda_graph","vllm_ag_rs_min_fa3_varlen",,0.10184000059962273,0.1043039970099926,674.9538700243747,659.607223139086
"d8_c0_kv32k",8,0,32768,4,"dcp4_hkv2","baseline","cuda_graph","sglang_mha_ag_ar_min_fa3_varlen",,0.16299200057983398,0.17328319996595382,421.721939012168,206.26759522184548
"d8_c0_kv32k",8,0,32768,4,"dcp4_hkv2","baseline","cuda_graph","vllm_a2a_min_fa3_varlen",,0.09161599725484848,0.09321920201182365,750.2762027115554,366.9661304507688
"d8_c0_kv32k",8,0,32768,4,"dcp4_hkv2","baseline","cuda_graph","vllm_ag_rs_min_fa3_varlen",,0.10175999999046326,0.1034591980278492,675.4844981765126,330.3849056913404
"d8_c0_kv32k",8,0,32768,8,"dcp8_hkv1","baseline","cuda_graph","sglang_mha_ag_ar_min_fa3_varlen",,0.19748800247907639,0.20019520372152327,348.05811829142704,85.28493776114055
"d8_c0_kv32k",8,0,32768,8,"dcp8_hkv1","baseline","cuda_graph","vllm_a2a_min_fa3_varlen",,0.0987199991941452,0.10246079713106156,696.2854851003343,170.611346611507
"d8_c0_kv32k",8,0,32768,8,"dcp8_hkv1","baseline","cuda_graph","vllm_ag_rs_min_fa3_varlen",,0.11273600161075592,0.11424319818615913,609.719180615697,149.39994109559643
"d8_c0_kv64k",8,0,65536,2,"dcp2_hkv4","baseline","cuda_graph","sglang_mha_ag_ar_min_fa3_varlen",,0.1817599982023239,0.18370879739522933,756.2542948035886,738.7943735041428
"d8_c0_kv64k",8,0,65536,2,"dcp2_hkv4","baseline","cuda_graph","vllm_a2a_min_fa3_varlen",,0.11726399883627892,0.1226752020418644,1172.1993163128757,1145.1363191825221
"d8_c0_kv64k",8,0,65536,2,"dcp2_hkv4","baseline","cuda_graph","vllm_ag_rs_min_fa3_varlen",,0.12425599992275238,0.12731840014457702,1106.2385667449,1080.6984297215538
"d8_c0_kv64k",8,0,65536,4,"dcp4_hkv2","baseline","cuda_graph","sglang_mha_ag_ar_min_fa3_varlen",,0.1761919930577278,0.18431680649518967,780.1533819925827,381.25682577409106
"d8_c0_kv64k",8,0,65536,4,"dcp4_hkv2","baseline","cuda_graph","vllm_a2a_min_fa3_varlen",,0.104288000613451,0.10619839653372765,1318.049808754996,644.1239606173434
"d8_c0_kv64k",8,0,65536,4,"dcp4_hkv2","baseline","cuda_graph","vllm_ag_rs_min_fa3_varlen",,0.11390399932861328,0.1163903996348381,1206.7774623737039,589.7457542838484
"d8_c0_kv64k",8,0,65536,8,"dcp8_hkv1","baseline","cuda_graph","sglang_mha_ag_ar_min_fa3_varlen",,0.21767999976873398,0.21959040313959122,631.4626029494481,154.44674768338058
"d8_c0_kv64k",8,0,65536,8,"dcp8_hkv1","baseline","cuda_graph","vllm_a2a_min_fa3_varlen",,0.11334399878978729,0.11567040160298347,1212.7398074152413,296.6188625685693
"d8_c0_kv64k",8,0,65536,8,"dcp8_hkv1","baseline","cuda_graph","vllm_ag_rs_min_fa3_varlen",,0.12881600111722946,0.13044799566268922,1067.0784535448122,260.9921726215055
"d8_c0_kv128k",8,0,131072,2,"dcp2_hkv4","baseline","cuda_graph","sglang_mha_ag_ar_min_fa3_varlen",,0.22577600181102753,0.2279136061668396,1217.5595746712056,1189.2361891709504
"d8_c0_kv128k",8,0,131072,2,"dcp2_hkv4","baseline","cuda_graph","vllm_a2a_min_fa3_varlen",,0.16076800227165222,0.16385599672794343,1709.8908293424233,1670.114626082805
"d8_c0_kv128k",8,0,131072,2,"dcp2_hkv4","baseline","cuda_graph","vllm_ag_rs_min_fa3_varlen",,0.16809599846601486,0.17158400267362595,1635.3496528448152,1597.3074579421634
"d8_c0_kv128k",8,0,131072,4,"dcp4_hkv2","baseline","cuda_graph","sglang_mha_ag_ar_min_fa3_varlen",,0.20257599651813507,0.2096991941332817,1357.0005205991456,662.8784570139269
"d8_c0_kv128k",8,0,131072,4,"dcp4_hkv2","baseline","cuda_graph","vllm_a2a_min_fa3_varlen",,0.12958399951457977,0.13131839483976365,2121.3709544832413,1036.264234033705
"d8_c0_kv128k",8,0,131072,4,"dcp4_hkv2","baseline","cuda_graph","vllm_ag_rs_min_fa3_varlen",,0.13972800225019455,0.14241919666528702,1967.363222182025,961.0333064059322
"d8_c0_kv128k",8,0,131072,8,"dcp8_hkv1","baseline","cuda_graph","sglang_mha_ag_ar_min_fa3_varlen",,0.2423040047287941,0.24475520104169846,1134.507591171203,277.23190161543937
"d8_c0_kv128k",8,0,131072,8,"dcp8_hkv1","baseline","cuda_graph","vllm_a2a_min_fa3_varlen",,0.13788799941539764,0.1394911974668503,1993.6160790023255,487.1663979809601
"d8_c0_kv128k",8,0,131072,8,"dcp8_hkv1","baseline","cuda_graph","vllm_ag_rs_min_fa3_varlen",,0.1539520025253296,0.15607360303401946,1785.5937449775727,436.33339546166576
"d8_c1_kv16k",8,1,16384,2,"dcp2_hkv4","baseline","cuda_graph","sglang_mha_ag_ar_min_fa3_varlen",,0.4379200041294098,0.44063679575920106,1412.3810006387014,88.74417161476742
"d8_c1_kv16k",8,1,16384,2,"dcp2_hkv4","baseline","cuda_graph","vllm_a2a_min_fa3_varlen",,0.3413279950618744,0.3464607924222946,1812.0690437943108,113.85778067502234
"d8_c1_kv16k",8,1,16384,2,"dcp2_hkv4","baseline","cuda_graph","vllm_ag_rs_min_fa3_varlen",,0.3617919981479645,0.3674688100814819,1709.573171319958,107.4176548927044
"d8_c1_kv16k",8,1,16384,4,"dcp4_hkv2","baseline","cuda_graph","sglang_mha_ag_ar_min_fa3_varlen",,0.5028479993343353,0.5058048129081726,1230.0136312579082,39.750540971547125
"d8_c1_kv16k",8,1,16384,4,"dcp4_hkv2","baseline","cuda_graph","vllm_a2a_min_fa3_varlen",,0.33563201129436493,0.3377888023853302,1842.8215212449982,59.55474843688009
"d8_c1_kv16k",8,1,16384,4,"dcp4_hkv2","baseline","cuda_graph","vllm_ag_rs_min_fa3_varlen",,0.3683840036392212,0.37166081070899964,1678.9814094038159,54.25990217418838
"d8_c1_kv16k",8,1,16384,8,"dcp8_hkv1","baseline","cuda_graph","sglang_mha_ag_ar_min_fa3_varlen",,0.6857920289039612,0.6910272240638733,901.8913425116765,15.385562321077387
"d8_c1_kv16k",8,1,16384,8,"dcp8_hkv1","baseline","cuda_graph","vllm_a2a_min_fa3_varlen",,0.4145440012216568,0.4186304062604904,1492.0247110300907,25.452776952278747
"d8_c1_kv16k",8,1,16384,8,"dcp8_hkv1","baseline","cuda_graph","vllm_ag_rs_min_fa3_varlen",,0.4678559899330139,0.47095040082931516,1322.0091373000403,22.552443972151988
"d8_c1_kv32k",8,1,32768,2,"dcp2_hkv4","baseline","cuda_graph","sglang_mha_ag_ar_min_fa3_varlen",,0.6244799792766571,0.6282047986984253,1925.8030454091033,122.68060873423059
"d8_c1_kv32k",8,1,32768,2,"dcp2_hkv4","baseline","cuda_graph","vllm_a2a_min_fa3_varlen",,0.5152640044689178,0.5172288239002227,2333.998562790244,148.68413732677385
"d8_c1_kv32k",8,1,32768,2,"dcp2_hkv4","baseline","cuda_graph","vllm_ag_rs_min_fa3_varlen",,0.5295199751853943,0.5320768117904663,2271.1616223107344,144.68119729227766
"d8_c1_kv32k",8,1,32768,4,"dcp4_hkv2","baseline","cuda_graph","sglang_mha_ag_ar_min_fa3_varlen",,0.639167994260788,0.6525568008422852,1881.5482888483225,60.80224346174553
"d8_c1_kv32k",8,1,32768,4,"dcp4_hkv2","baseline","cuda_graph","vllm_a2a_min_fa3_varlen",,0.47383999824523926,0.4816384106874466,2538.0412171654043,82.01681610653361
"d8_c1_kv32k",8,1,32768,4,"dcp4_hkv2","baseline","cuda_graph","vllm_ag_rs_min_fa3_varlen",,0.5050399899482727,0.5074655950069428,2381.2479602084095,76.9500411323476
"d8_c1_kv32k",8,1,32768,8,"dcp8_hkv1","baseline","cuda_graph","sglang_mha_ag_ar_min_fa3_varlen",,0.8052000105381012,0.809548807144165,1493.5735595486472,24.824242099353732
"d8_c1_kv32k",8,1,32768,8,"dcp8_hkv1","baseline","cuda_graph","vllm_a2a_min_fa3_varlen",,0.5371359884738922,0.5431007862091064,2238.9589818863055,37.213071603694175
"d8_c1_kv32k",8,1,32768,8,"dcp8_hkv1","baseline","cuda_graph","vllm_ag_rs_min_fa3_varlen",,0.5853600203990936,0.5881983876228333,2054.505610185096,34.147326949954696
"d8_c1_kv64k",8,1,65536,2,"dcp2_hkv4","baseline","cuda_graph","sglang_mha_ag_ar_min_fa3_varlen",,0.9885599911212921,1.016096043586731,2398.2930441184585,153.8693224145836
"d8_c1_kv64k",8,1,65536,2,"dcp2_hkv4","baseline","cuda_graph","vllm_a2a_min_fa3_varlen",,0.8802720010280609,0.8839520215988159,2693.3226862050597,172.797789572261
"d8_c1_kv64k",8,1,65536,2,"dcp2_hkv4","baseline","cuda_graph","vllm_ag_rs_min_fa3_varlen",,0.8988479971885681,0.9026688158512115,2637.6612706660135,169.2266728921567
"d8_c1_kv64k",8,1,65536,4,"dcp4_hkv2","baseline","cuda_graph","sglang_mha_ag_ar_min_fa3_varlen",,0.9171519875526428,0.919625586271286,2585.0203484009976,83.53204816622898
"d8_c1_kv64k",8,1,65536,4,"dcp4_hkv2","baseline","cuda_graph","vllm_a2a_min_fa3_varlen",,0.7549440264701843,0.7570912063121795,3140.4401747308007,101.47982011090949
"d8_c1_kv64k",8,1,65536,4,"dcp4_hkv2","baseline","cuda_graph","vllm_ag_rs_min_fa3_varlen",,0.7820959985256195,0.7846784174442292,3031.4137329297905,97.95675229693737
"d8_c1_kv64k",8,1,65536,8,"dcp8_hkv1","baseline","cuda_graph","sglang_mha_ag_ar_min_fa3_varlen",,1.0320320129394531,1.0353760242462158,2297.270356611595,37.65663033001283
"d8_c1_kv64k",8,1,65536,8,"dcp8_hkv1","baseline","cuda_graph","vllm_a2a_min_fa3_varlen",,0.7635520100593567,0.7699039876461029,3105.0360933706343,50.89744704748914
"d8_c1_kv64k",8,1,65536,8,"dcp8_hkv1","baseline","cuda_graph","vllm_ag_rs_min_fa3_varlen",,0.8272320032119751,0.8510784029960632,2866.011640258648,46.97938165968362
"d8_c1_kv128k",8,1,131072,2,"dcp2_hkv4","baseline","cuda_graph","sglang_mha_ag_ar_min_fa3_varlen",,1.7307040095329285,1.7354432344436646,2719.8866666371114,175.1333551724999
"d8_c1_kv128k",8,1,131072,2,"dcp2_hkv4","baseline","cuda_graph","vllm_a2a_min_fa3_varlen",,1.6228960156440735,1.627779221534729,2900.5670813455176,186.76735729103882
"d8_c1_kv128k",8,1,131072,2,"dcp2_hkv4","baseline","cuda_graph","vllm_ag_rs_min_fa3_varlen",,1.6408639550209045,1.6451647758483887,2868.8050249504254,184.72220019979562
"d8_c1_kv128k",8,1,131072,4,"dcp4_hkv2","baseline","cuda_graph","sglang_mha_ag_ar_min_fa3_varlen",,1.4762879610061646,1.4818111658096313,3188.618266734171,103.03481435717326
"d8_c1_kv128k",8,1,131072,4,"dcp4_hkv2","baseline","cuda_graph","vllm_a2a_min_fa3_varlen",,1.3196160197257996,1.3228575706481933,3567.188249504674,115.26766402214976
"d8_c1_kv128k",8,1,131072,4,"dcp4_hkv2","baseline","cuda_graph","vllm_ag_rs_min_fa3_varlen",,1.3444799780845642,1.3476191639900208,3501.2189368043696,113.1359770910867
"d8_c1_kv128k",8,1,131072,8,"dcp8_hkv1","baseline","cuda_graph","sglang_mha_ag_ar_min_fa3_varlen",,1.5035360455513,1.5091263890266418,3130.8319965804158,50.95427158309923
"d8_c1_kv128k",8,1,131072,8,"dcp8_hkv1","baseline","cuda_graph","vllm_a2a_min_fa3_varlen",,1.2404800057411194,1.2450751662254333,3794.755850668978,61.75962824505885
"d8_c1_kv128k",8,1,131072,8,"dcp8_hkv1","baseline","cuda_graph","vllm_ag_rs_min_fa3_varlen",,1.2924000024795532,1.2974975824356079,3642.3079158098913,59.278539038235614
"d8_c2_kv16k",8,2,16384,2,"dcp2_hkv4","baseline","cuda_graph","sglang_mha_ag_ar_min_fa3_varlen",,0.5494399964809418,0.5540544033050537,2188.850886005194,80.27396673429085
"d8_c2_kv16k",8,2,16384,2,"dcp2_hkv4","baseline","cuda_graph","vllm_a2a_min_fa3_varlen",,0.3893759995698929,0.39767680168151853,3088.639835101408,113.27284693643023
"d8_c2_kv16k",8,2,16384,2,"dcp2_hkv4","baseline","cuda_graph","vllm_ag_rs_min_fa3_varlen",,0.4100160002708435,0.42434880435466765,2933.1592481990283,107.57074838753893
"d8_c2_kv16k",8,2,16384,4,"dcp4_hkv2","baseline","cuda_graph","sglang_mha_ag_ar_min_fa3_varlen",,0.7465440034866333,0.7512384235858918,1610.9461967241332,30.98840509327621
"d8_c2_kv16k",8,2,16384,4,"dcp4_hkv2","baseline","cuda_graph","vllm_a2a_min_fa3_varlen",,0.49196799099445343,0.4967263966798782,2444.55380252078,47.023807287211945
"d8_c2_kv16k",8,2,16384,4,"dcp4_hkv2","baseline","cuda_graph","vllm_ag_rs_min_fa3_varlen",,0.5337119996547699,0.5361919939517975,2253.354288233965,43.34586446428841
"d8_c2_kv16k",8,2,16384,8,"dcp8_hkv1","baseline","cuda_graph","sglang_mha_ag_ar_min_fa3_varlen",,1.0911359786987305,1.095516848564148,1102.1928032638516,11.591999757064482
"d8_c2_kv16k",8,2,16384,8,"dcp8_hkv1","baseline","cuda_graph","vllm_a2a_min_fa3_varlen",,0.6902239918708801,0.6979168176651,1742.394117370782,18.325135244452845
"d8_c2_kv16k",8,2,16384,8,"dcp8_hkv1","baseline","cuda_graph","vllm_ag_rs_min_fa3_varlen",,0.7635680139064789,0.7681727826595306,1575.029599460538,16.56492646318363
"d8_c2_kv32k",8,2,32768,2,"dcp2_hkv4","baseline","cuda_graph","sglang_mha_ag_ar_min_fa3_varlen",,0.7323840260505676,0.7377728044986724,3190.2847497204625,117.49132277505291
"d8_c2_kv32k",8,2,32768,2,"dcp2_hkv4","baseline","cuda_graph","vllm_a2a_min_fa3_varlen",,0.5804799795150757,0.584230375289917,4025.140696841756,148.237270942374
"d8_c2_kv32k",8,2,32768,2,"dcp2_hkv4","baseline","cuda_graph","vllm_ag_rs_min_fa3_varlen",,0.6023840010166168,0.6154560148715973,3878.777632381951,142.84703420870957
"d8_c2_kv32k",8,2,32768,4,"dcp4_hkv2","baseline","cuda_graph","sglang_mha_ag_ar_min_fa3_varlen",,0.9362080097198486,0.9401951849460601,2495.7205716998506,47.111034665467365
"d8_c2_kv32k",8,2,32768,4,"dcp4_hkv2","baseline","cuda_graph","vllm_a2a_min_fa3_varlen",,0.6848959922790527,0.7333472013473511,3411.4867302304424,64.39770198279923
"d8_c2_kv32k",8,2,32768,4,"dcp4_hkv2","baseline","cuda_graph","vllm_ag_rs_min_fa3_varlen",,0.7213599979877472,0.7252032160758972,3239.039586012208,61.142464404782764
"d8_c2_kv32k",8,2,32768,8,"dcp8_hkv1","baseline","cuda_graph","sglang_mha_ag_ar_min_fa3_varlen",,1.282639980316162,1.2877119660377503,1821.644128598007,18.036400201947217
"d8_c2_kv32k",8,2,32768,8,"dcp8_hkv1","baseline","cuda_graph","vllm_a2a_min_fa3_varlen",,0.8816159963607788,0.8851327776908875,2650.2622444384974,26.240685395337266
"d8_c2_kv32k",8,2,32768,8,"dcp8_hkv1","baseline","cuda_graph","vllm_ag_rs_min_fa3_varlen",,0.955295979976654,0.9593696057796478,2445.853053108316,24.2167961395225
"d8_c2_kv64k",8,2,65536,2,"dcp2_hkv4","baseline","cuda_graph","sglang_mha_ag_ar_min_fa3_varlen",,1.1306079626083374,1.1346911907196044,4072.3720987369306,150.30395470411918
"d8_c2_kv64k",8,2,65536,2,"dcp2_hkv4","baseline","cuda_graph","vllm_a2a_min_fa3_varlen",,0.9910240173339844,0.9982143878936768,4645.958363271758,171.47399561228832
"d8_c2_kv64k",8,2,65536,2,"dcp2_hkv4","baseline","cuda_graph","vllm_ag_rs_min_fa3_varlen",,1.027567982673645,1.034982407093048,4480.73159067891,165.37577159405444
"d8_c2_kv64k",8,2,65536,4,"dcp4_hkv2","baseline","cuda_graph","sglang_mha_ag_ar_min_fa3_varlen",,1.3253439664840698,1.3293343663215638,3474.00858793689,64.92561189852768
"d8_c2_kv64k",8,2,65536,4,"dcp4_hkv2","baseline","cuda_graph","vllm_a2a_min_fa3_varlen",,1.0813599824905396,1.08607360124588,4257.838644011668,79.57458144679661
"d8_c2_kv64k",8,2,65536,4,"dcp4_hkv2","baseline","cuda_graph","vllm_ag_rs_min_fa3_varlen",,1.1206560134887695,1.125475251674652,4108.536666128496,76.78428256688449
"d8_c2_kv64k",8,2,65536,8,"dcp8_hkv1","baseline","cuda_graph","sglang_mha_ag_ar_min_fa3_varlen",,1.6632000207901,1.6675296425819397,2768.311847031337,26.51859514711144
"d8_c2_kv64k",8,2,65536,8,"dcp8_hkv1","baseline","cuda_graph","vllm_a2a_min_fa3_varlen",,1.266543984413147,1.273539173603058,3635.2912952086554,34.82368440637802
"d8_c2_kv64k",8,2,65536,8,"dcp8_hkv1","baseline","cuda_graph","vllm_ag_rs_min_fa3_varlen",,1.337391972541809,1.341088056564331,3442.7126946076114,32.97890888052357
"d8_c2_kv128k",8,2,131072,2,"dcp2_hkv4","baseline","cuda_graph","sglang_mha_ag_ar_min_fa3_varlen",,2.005568027496338,2.0243167638778687,4557.183631173882,168.3847186283571
"d8_c2_kv128k",8,2,131072,2,"dcp2_hkv4","baseline","cuda_graph","vllm_a2a_min_fa3_varlen",,1.8897919654846191,1.9181376338005065,4836.374560290926,178.70062640117015
"d8_c2_kv128k",8,2,131072,2,"dcp2_hkv4","baseline","cuda_graph","vllm_ag_rs_min_fa3_varlen",,1.8887519836425781,1.906828808784485,4839.037557745103,178.79902227750972
"d8_c2_kv128k",8,2,131072,4,"dcp4_hkv2","baseline","cuda_graph","sglang_mha_ag_ar_min_fa3_varlen",,2.1735841035842896,2.2037215709686278,4204.917477561765,78.181859961054
"d8_c2_kv128k",8,2,131072,4,"dcp4_hkv2","baseline","cuda_graph","vllm_a2a_min_fa3_varlen",,1.9610719680786133,1.993273639678955,4660.584585820573,86.65406000703582
"d8_c2_kv128k",8,2,131072,4,"dcp4_hkv2","baseline","cuda_graph","vllm_ag_rs_min_fa3_varlen",,2.0032639503479004,2.0339520454406737,4562.42512851326,84.82898520211876
"d8_c2_kv128k",8,2,131072,8,"dcp8_hkv1","baseline","cuda_graph","sglang_mha_ag_ar_min_fa3_varlen",,2.473583936691284,2.4893567323684693,3694.9390115855554,34.78708230742336
"d8_c2_kv128k",8,2,131072,8,"dcp8_hkv1","baseline","cuda_graph","vllm_a2a_min_fa3_varlen",,2.1466879844665527,2.1609249114990234,4257.601408424152,40.084431749117435
"d8_c2_kv128k",8,2,131072,8,"dcp8_hkv1","baseline","cuda_graph","vllm_ag_rs_min_fa3_varlen",,2.1992000341415405,2.2115583419799805,4155.93927074474,39.12730386692141
"d8_c4_kv16k",8,4,16384,2,"dcp2_hkv4","baseline","cuda_graph","sglang_mha_ag_ar_min_fa3_varlen",,0.9500960111618042,0.9578015804290771,2495.4392547641455,57.45891716063936
"d8_c4_kv16k",8,4,16384,2,"dcp2_hkv4","baseline","cuda_graph","vllm_a2a_min_fa3_varlen",,0.6907519996166229,0.7868511795997619,3432.356161638166,79.03196520646924
"d8_c4_kv16k",8,4,16384,2,"dcp2_hkv4","baseline","cuda_graph","vllm_ag_rs_min_fa3_varlen",,0.7258880138397217,0.7282271802425384,3266.2157754977115,75.20648772147099
"d8_c4_kv16k",8,4,16384,4,"dcp4_hkv2","baseline","cuda_graph","sglang_mha_ag_ar_min_fa3_varlen",,1.335648000240326,1.3462048172950745,1775.0985900636977,22.03100217625106
"d8_c4_kv16k",8,4,16384,4,"dcp4_hkv2","baseline","cuda_graph","vllm_a2a_min_fa3_varlen",,0.8775680065155029,0.8809568107128143,2701.6788037453553,33.53092157135308
"d8_c4_kv16k",8,4,16384,4,"dcp4_hkv2","baseline","cuda_graph","vllm_ag_rs_min_fa3_varlen",,0.9514079988002777,0.9535360217094422,2491.9980545020703,30.928543839347224
"d8_c4_kv16k",8,4,16384,8,"dcp8_hkv1","baseline","cuda_graph","sglang_mha_ag_ar_min_fa3_varlen",,1.9418079853057861,1.9484447836875916,1220.9790566262614,8.67374741861909
"d8_c4_kv16k",8,4,16384,8,"dcp8_hkv1","baseline","cuda_graph","vllm_a2a_min_fa3_varlen",,1.2608800530433655,1.270304012298584,1880.3587829987325,13.35793357928609
"d8_c4_kv16k",8,4,16384,8,"dcp8_hkv1","baseline","cuda_graph","vllm_ag_rs_min_fa3_varlen",,1.382047951221466,1.3871744394302368,1715.5026205513143,12.186807255937994
"d8_c4_kv32k",8,4,32768,2,"dcp2_hkv4","baseline","cuda_graph","sglang_mha_ag_ar_min_fa3_varlen",,1.3385120034217834,1.3453247904777528,3439.8569935850815,78.38789322155768
"d8_c4_kv32k",8,4,32768,2,"dcp2_hkv4","baseline","cuda_graph","vllm_a2a_min_fa3_varlen",,1.0867040157318115,1.091103971004486,4236.930948366254,96.5517146169211
"d8_c4_kv32k",8,4,32768,2,"dcp2_hkv4","baseline","cuda_graph","vllm_ag_rs_min_fa3_varlen",,1.12227201461792,1.1286271810531616,4102.650530348956,93.4917155852998
"d8_c4_kv32k",8,4,32768,4,"dcp4_hkv2","baseline","cuda_graph","sglang_mha_ag_ar_min_fa3_varlen",,1.7140160202980042,1.7225119829177857,2686.258367157784,31.850045363349963
"d8_c4_kv32k",8,4,32768,4,"dcp4_hkv2","baseline","cuda_graph","vllm_a2a_min_fa3_varlen",,1.257311999797821,1.2647167921066285,3662.0106041367467,43.4192054229805
"d8_c4_kv32k",8,4,32768,4,"dcp4_hkv2","baseline","cuda_graph","vllm_ag_rs_min_fa3_varlen",,1.3341439962387085,1.3386656045913696,3451.1191362766426,40.91873752301648
"d8_c4_kv32k",8,4,32768,8,"dcp8_hkv1","baseline","cuda_graph","sglang_mha_ag_ar_min_fa3_varlen",,2.327839970588684,2.3357089042663572,1977.9237121715148,12.640758974749707
"d8_c4_kv32k",8,4,32768,8,"dcp8_hkv1","baseline","cuda_graph","vllm_a2a_min_fa3_varlen",,1.6463680267333984,1.6563520193099976,2796.6346534945114,17.873077903720123
"d8_c4_kv32k",8,4,32768,8,"dcp8_hkv1","baseline","cuda_graph","vllm_ag_rs_min_fa3_varlen",,1.7718079686164856,1.779206347465515,2598.639331983169,16.607704966456946
"d8_c4_kv64k",8,4,65536,2,"dcp2_hkv4","baseline","cuda_graph","sglang_mha_ag_ar_min_fa3_varlen",,2.1887359619140625,2.198467183113098,4144.426747516547,93.92929781270348
"d8_c4_kv64k",8,4,65536,2,"dcp2_hkv4","baseline","cuda_graph","vllm_a2a_min_fa3_varlen",,1.9791839718818665,1.996835207939148,4583.230256853269,103.8743416078306
"d8_c4_kv64k",8,4,65536,2,"dcp2_hkv4","baseline","cuda_graph","vllm_ag_rs_min_fa3_varlen",,1.997327983379364,2.035996913909912,4541.595541289265,102.9307323137583
"d8_c4_kv64k",8,4,65536,4,"dcp4_hkv2","baseline","cuda_graph","sglang_mha_ag_ar_min_fa3_varlen",,2.5134559869766235,2.523248076438904,3608.997297270901,41.744568651154125
"d8_c4_kv64k",8,4,65536,4,"dcp4_hkv2","baseline","cuda_graph","vllm_a2a_min_fa3_varlen",,2.1360799074172974,2.159260892868042,4246.590135654466,49.119480800163984
"d8_c4_kv64k",8,4,65536,4,"dcp4_hkv2","baseline","cuda_graph","vllm_ag_rs_min_fa3_varlen",,2.192095994949341,2.2184256076812745,4138.074192329169,47.864298024240846
"d8_c4_kv64k",8,4,65536,8,"dcp8_hkv1","baseline","cuda_graph","sglang_mha_ag_ar_min_fa3_varlen",,3.0952320098876953,3.1051711082458495,2930.6545793112055,17.637284644772315
"d8_c4_kv64k",8,4,65536,8,"dcp8_hkv1","baseline","cuda_graph","vllm_a2a_min_fa3_varlen",,2.449072003364563,2.481894302368164,3703.8747130938086,22.290683134265386
"d8_c4_kv64k",8,4,65536,8,"dcp8_hkv1","baseline","cuda_graph","vllm_ag_rs_min_fa3_varlen",,2.560464024543762,2.570691132545471,3542.7390413830676,21.320935376050603
"d8_c4_kv128k",8,4,131072,2,"dcp2_hkv4","baseline","cuda_graph","sglang_mha_ag_ar_min_fa3_varlen",,3.9579039812088013,4.00023992061615,4549.020876951426,102.81023135779128
"d8_c4_kv128k",8,4,131072,2,"dcp2_hkv4","baseline","cuda_graph","vllm_a2a_min_fa3_varlen",,3.7522720098495483,3.832556700706482,4798.316271375516,108.44443657919022
"d8_c4_kv128k",8,4,131072,2,"dcp2_hkv4","baseline","cuda_graph","vllm_ag_rs_min_fa3_varlen",,3.7546240091323853,3.831849551200867,4795.310474682785,108.37650401485315
"d8_c4_kv128k",8,4,131072,4,"dcp4_hkv2","baseline","cuda_graph","sglang_mha_ag_ar_min_fa3_varlen",,4.261199951171875,4.3246242046356205,4225.238910588213,48.24613591377273
"d8_c4_kv128k",8,4,131072,4,"dcp4_hkv2","baseline","cuda_graph","vllm_a2a_min_fa3_varlen",,3.880400061607361,3.9358912467956544,4639.879278846841,52.980731042159825
"d8_c4_kv128k",8,4,131072,4,"dcp4_hkv2","baseline","cuda_graph","vllm_ag_rs_min_fa3_varlen",,3.9392640590667725,4.034406566619873,4570.546063813087,52.1890456992376
"d8_c4_kv128k",8,4,131072,8,"dcp8_hkv1","baseline","cuda_graph","sglang_mha_ag_ar_min_fa3_varlen",,4.8039679527282715,4.84203519821167,3747.8576078474516,21.840931711547327
"d8_c4_kv128k",8,4,131072,8,"dcp8_hkv1","baseline","cuda_graph","vllm_a2a_min_fa3_varlen",,4.2079198360443115,4.260479927062988,4278.738317508766,24.934680338072653
"d8_c4_kv128k",8,4,131072,8,"dcp8_hkv1","baseline","cuda_graph","vllm_ag_rs_min_fa3_varlen",,4.353567838668823,4.4250367164611815,4135.59372603993,24.100494097751792
"d16_c0_kv16k",16,0,16384,2,"dcp2_hkv4","baseline","cuda_graph","sglang_mha_ag_ar_min_fa3_varlen",,0.16366399824619293,0.16535359919071196,420.09928302359157,410.8413378662164
"d16_c0_kv16k",16,0,16384,2,"dcp2_hkv4","baseline","cuda_graph","vllm_a2a_min_fa3_varlen",,0.09758399799466133,0.10123520269989968,704.5738003454367,689.0467431317846
"d16_c0_kv16k",16,0,16384,2,"dcp2_hkv4","baseline","cuda_graph","vllm_ag_rs_min_fa3_varlen",,0.1058720014989376,0.10861440002918243,649.4174790932798,635.1059302555523
"d16_c0_kv16k",16,0,16384,4,"dcp4_hkv2","baseline","cuda_graph","sglang_mha_ag_ar_min_fa3_varlen",,0.17539199441671371,0.1782592013478279,392.00836132032765,192.05838962048995
"d16_c0_kv16k",16,0,16384,4,"dcp4_hkv2","baseline","cuda_graph","vllm_a2a_min_fa3_varlen",,0.09662399813532829,0.0984799973666668,711.5740359212201,348.6246134508036
"d16_c0_kv16k",16,0,16384,4,"dcp4_hkv2","baseline","cuda_graph","vllm_ag_rs_min_fa3_varlen",,0.1064159981906414,0.10818559676408768,646.0976684805139,316.5454872645495
"d16_c0_kv16k",16,0,16384,8,"dcp8_hkv1","baseline","cuda_graph","sglang_mha_ag_ar_min_fa3_varlen",,0.22681599855422974,0.22928960174322127,303.13174008120615,74.54627587020664
"d16_c0_kv16k",16,0,16384,8,"dcp8_hkv1","baseline","cuda_graph","vllm_a2a_min_fa3_varlen",,0.12014399841427803,0.1224416010081768,572.272683009267,140.7335216337415
"d16_c0_kv16k",16,0,16384,8,"dcp8_hkv1","baseline","cuda_graph","vllm_ag_rs_min_fa3_varlen",,0.1337599977850914,0.1352799952030182,514.0186113823582,126.40765759555478
"d16_c0_kv32k",16,0,32768,2,"dcp2_hkv4","baseline","cuda_graph","sglang_mha_ag_ar_min_fa3_varlen",,0.18689600378274918,0.189091195166111,735.5673865333291,718.8425502996263
"d16_c0_kv32k",16,0,32768,2,"dcp2_hkv4","baseline","cuda_graph","vllm_a2a_min_fa3_varlen",,0.12132799997925758,0.12339520081877708,1133.0822652603097,1107.3190032224093
"d16_c0_kv32k",16,0,32768,2,"dcp2_hkv4","baseline","cuda_graph","vllm_ag_rs_min_fa3_varlen",,0.1276480033993721,0.13018559366464616,1076.9820239638486,1052.4943314597967
"d16_c0_kv32k",16,0,32768,4,"dcp4_hkv2","baseline","cuda_graph","sglang_mha_ag_ar_min_fa3_varlen",,0.20606400072574615,0.20929600596427916,667.1451809720376,326.3060785153381
"d16_c0_kv32k",16,0,32768,4,"dcp4_hkv2","baseline","cuda_graph","vllm_a2a_min_fa3_varlen",,0.13008000701665878,0.15018239468336123,1056.8465378264796,516.9121492389593
"d16_c0_kv32k",16,0,32768,4,"dcp4_hkv2","baseline","cuda_graph","vllm_ag_rs_min_fa3_varlen",,0.13947200030088425,0.1442080020904541,985.6788800578234,482.10347492645593
"d16_c0_kv32k",16,0,32768,8,"dcp8_hkv1","baseline","cuda_graph","sglang_mha_ag_ar_min_fa3_varlen",,0.24036800116300583,0.2716767936944962,571.9338863361078,140.14138253434217
"d16_c0_kv32k",16,0,32768,8,"dcp8_hkv1","baseline","cuda_graph","vllm_a2a_min_fa3_varlen",,0.13124799728393555,0.13833599388599396,1047.4415450210192,256.65537529785246
"d16_c0_kv32k",16,0,32768,8,"dcp8_hkv1","baseline","cuda_graph","vllm_ag_rs_min_fa3_varlen",,0.1449119970202446,0.1470047950744629,948.6764925114821,232.45490154479094
"d16_c0_kv64k",16,0,65536,2,"dcp2_hkv4","baseline","cuda_graph","sglang_mha_ag_ar_min_fa3_varlen",,0.23019199818372726,0.23242240399122238,1194.2793871947638,1166.7066193397575
"d16_c0_kv64k",16,0,65536,2,"dcp2_hkv4","baseline","cuda_graph","vllm_a2a_min_fa3_varlen",,0.16408000141382217,0.16896639466285707,1675.4848620134223,1636.802326218019
"d16_c0_kv64k",16,0,65536,2,"dcp2_hkv4","baseline","cuda_graph","vllm_ag_rs_min_fa3_varlen",,0.1709280014038086,0.17460160255432128,1608.3588193284427,1571.2260471912111
"d16_c0_kv64k",16,0,65536,4,"dcp4_hkv2","baseline","cuda_graph","sglang_mha_ag_ar_min_fa3_varlen",,0.2155199944972992,0.2176447957754135,1275.5826166812801,623.370468774226
"d16_c0_kv64k",16,0,65536,4,"dcp4_hkv2","baseline","cuda_graph","vllm_a2a_min_fa3_varlen",,0.13808000087738037,0.13987520039081575,1990.9730357847577,972.9779775950769
"d16_c0_kv64k",16,0,65536,4,"dcp4_hkv2","baseline","cuda_graph","vllm_ag_rs_min_fa3_varlen",,0.1478400006890297,0.15006720274686813,1859.5343428485228,908.7445845092533
"d16_c0_kv64k",16,0,65536,8,"dcp8_hkv1","baseline","cuda_graph","sglang_mha_ag_ar_min_fa3_varlen",,0.263264000415802,0.2657343983650208,1044.2504789633165,255.40877557812888
"d16_c0_kv64k",16,0,65536,8,"dcp8_hkv1","baseline","cuda_graph","vllm_a2a_min_fa3_varlen",,0.15408000349998474,0.1562303975224495,1784.226066220379,436.39625176933913
"d16_c0_kv64k",16,0,65536,8,"dcp8_hkv1","baseline","cuda_graph","vllm_ag_rs_min_fa3_varlen",,0.16752000153064728,0.16954240202903748,1641.0790115573477,401.38452355313916
"d16_c0_kv128k",16,0,131072,2,"dcp2_hkv4","baseline","cuda_graph","sglang_mha_ag_ar_min_fa3_varlen",,0.31543999910354614,0.3179103910923004,1742.9351605201018,1702.390266060469
"d16_c0_kv128k",16,0,131072,2,"dcp2_hkv4","baseline","cuda_graph","vllm_a2a_min_fa3_varlen",,0.251104012131691,0.2538271963596344,2189.4969371642815,2138.563933890353
"d16_c0_kv128k",16,0,131072,2,"dcp2_hkv4","baseline","cuda_graph","vllm_ag_rs_min_fa3_varlen",,0.2563519924879074,0.2598560094833374,2144.6740481173933,2094.783733835544
"d16_c0_kv128k",16,0,131072,4,"dcp4_hkv2","baseline","cuda_graph","sglang_mha_ag_ar_min_fa3_varlen",,0.2688000053167343,0.27151361107826233,2045.355113829577,999.1314088090913
"d16_c0_kv128k",16,0,131072,4,"dcp4_hkv2","baseline","cuda_graph","vllm_a2a_min_fa3_varlen",,0.19180800020694733,0.19438080489635468,2866.363576486975,1400.184182673484
"d16_c0_kv128k",16,0,131072,4,"dcp4_hkv2","baseline","cuda_graph","vllm_ag_rs_min_fa3_varlen",,0.20152000337839127,0.20323840528726578,2728.22278808553,1332.704066581998
"d16_c0_kv128k",16,0,131072,8,"dcp8_hkv1","baseline","cuda_graph","sglang_mha_ag_ar_min_fa3_varlen",,0.3155200034379959,0.31741119623184205,1742.493215901735,425.8012123988881
"d16_c0_kv128k",16,0,131072,8,"dcp8_hkv1","baseline","cuda_graph","vllm_a2a_min_fa3_varlen",,0.2072639986872673,0.21096959561109543,2652.61439012165,648.2013318806695
"d16_c0_kv128k",16,0,131072,8,"dcp8_hkv1","baseline","cuda_graph","vllm_ag_rs_min_fa3_varlen",,0.2218560054898262,0.2249696061015129,2478.145517215725,605.5675603794323
"d16_c1_kv16k",16,1,16384,2,"dcp2_hkv4","baseline","cuda_graph","sglang_mha_ag_ar_min_fa3_varlen",,0.4432639926671982,0.44644478857517245,1472.9088502394707,163.5206495430816
"d16_c1_kv16k",16,1,16384,2,"dcp2_hkv4","baseline","cuda_graph","vllm_a2a_min_fa3_varlen",,0.3333600014448166,0.3361248105764389,1958.505684432201,217.43105257335017
"d16_c1_kv16k",16,1,16384,2,"dcp2_hkv4","baseline","cuda_graph","vllm_ag_rs_min_fa3_varlen",,0.3513759970664978,0.3555872023105621,1858.0878126073058,206.28277573064457
"d16_c1_kv16k",16,1,16384,4,"dcp4_hkv2","baseline","cuda_graph","sglang_mha_ag_ar_min_fa3_varlen",,0.5107040107250214,0.5131904006004333,1278.4067563227627,72.11854856536668
"d16_c1_kv16k",16,1,16384,4,"dcp4_hkv2","baseline","cuda_graph","vllm_a2a_min_fa3_varlen",,0.34384000301361084,0.3467007964849472,1898.8118080203587,107.11735597135288
"d16_c1_kv16k",16,1,16384,4,"dcp4_hkv2","baseline","cuda_graph","vllm_ag_rs_min_fa3_varlen",,0.3752799928188324,0.3770495891571045,1739.734252518981,98.1433401854183
"d16_c1_kv16k",16,1,16384,8,"dcp8_hkv1","baseline","cuda_graph","sglang_mha_ag_ar_min_fa3_varlen",,0.7071679830551147,0.7110912263393402,923.2423885642963,26.875424871319108
"d16_c1_kv16k",16,1,16384,8,"dcp8_hkv1","baseline","cuda_graph","vllm_a2a_min_fa3_varlen",,0.42897599935531616,0.4331264108419418,1521.9673333081284,44.30420356514631
"d16_c1_kv16k",16,1,16384,8,"dcp8_hkv1","baseline","cuda_graph","vllm_ag_rs_min_fa3_varlen",,0.48638400435447693,0.4905056029558182,1342.3292130227524,39.074969221538844
"d16_c1_kv32k",16,1,32768,2,"dcp2_hkv4","baseline","cuda_graph","sglang_mha_ag_ar_min_fa3_varlen",,0.6267839968204498,0.6307072103023529,2028.3905697423188,229.40276830518584
"d16_c1_kv32k",16,1,32768,2,"dcp2_hkv4","baseline","cuda_graph","vllm_a2a_min_fa3_varlen",,0.5207359790802002,0.5250303983688355,2441.472837466822,276.1207018074222
"d16_c1_kv32k",16,1,32768,2,"dcp2_hkv4","baseline","cuda_graph","vllm_ag_rs_min_fa3_varlen",,0.5333440005779266,0.5394239783287048,2383.7574755474197,269.59332784130845
"d16_c1_kv32k",16,1,32768,4,"dcp4_hkv2","baseline","cuda_graph","sglang_mha_ag_ar_min_fa3_varlen",,0.6461919844150543,0.6494143843650818,1967.4690789717279,112.16916604995166
"d16_c1_kv32k",16,1,32768,4,"dcp4_hkv2","baseline","cuda_graph","vllm_a2a_min_fa3_varlen",,0.4806880056858063,0.4926912099123001,2644.881364581011,150.78973292996454
"d16_c1_kv32k",16,1,32768,4,"dcp4_hkv2","baseline","cuda_graph","vllm_ag_rs_min_fa3_varlen",,0.511680006980896,0.5132863759994507,2484.683261160656,141.65653340195138
"d16_c1_kv32k",16,1,32768,8,"dcp8_hkv1","baseline","cuda_graph","sglang_mha_ag_ar_min_fa3_varlen",,0.8266560137271881,0.8311903834342956,1537.9586276566706,44.55448383413684
"d16_c1_kv32k",16,1,32768,8,"dcp8_hkv1","baseline","cuda_graph","vllm_a2a_min_fa3_varlen",,0.548335999250412,0.5517887949943543,2318.5834053463245,67.16909349440698
"d16_c1_kv32k",16,1,32768,8,"dcp8_hkv1","baseline","cuda_graph","vllm_ag_rs_min_fa3_varlen",,0.6049759984016418,0.6080671966075897,2101.5094016538915,60.880484675935605
"d16_c1_kv64k",16,1,65536,2,"dcp2_hkv4","baseline","cuda_graph","sglang_mha_ag_ar_min_fa3_varlen",,0.9969599843025208,1.000335967540741,2515.961893313934,287.265611969734
"d16_c1_kv64k",16,1,65536,2,"dcp2_hkv4","baseline","cuda_graph","vllm_a2a_min_fa3_varlen",,0.8819520175457001,0.8850271940231323,2844.0473855302757,324.7255114818761
"d16_c1_kv64k",16,1,65536,2,"dcp2_hkv4","baseline","cuda_graph","vllm_ag_rs_min_fa3_varlen",,0.9052959978580475,0.9096384227275849,2770.71072400489,316.3521330897422
"d16_c1_kv64k",16,1,65536,4,"dcp4_hkv2","baseline","cuda_graph","sglang_mha_ag_ar_min_fa3_varlen",,0.9285120069980621,0.9328864097595215,2701.4333802462447,154.85635394728945
"d16_c1_kv64k",16,1,65536,4,"dcp4_hkv2","baseline","cuda_graph","vllm_a2a_min_fa3_varlen",,0.7633280158042908,0.7674944043159485,3286.0228862700424,188.36723010683417
"d16_c1_kv64k",16,1,65536,4,"dcp4_hkv2","baseline","cuda_graph","vllm_ag_rs_min_fa3_varlen",,0.8019680082798004,0.8070176243782043,3127.697493874181,179.29142124810818
"d16_c1_kv64k",16,1,65536,8,"dcp8_hkv1","baseline","cuda_graph","sglang_mha_ag_ar_min_fa3_varlen",,1.05758398771286,1.0603551745414734,2371.739132594565,68.53622676034641
"d16_c1_kv64k",16,1,65536,8,"dcp8_hkv1","baseline","cuda_graph","vllm_a2a_min_fa3_varlen",,0.7788000106811523,0.7880288243293763,3220.74126253566,93.06987032088666
"d16_c1_kv64k",16,1,65536,8,"dcp8_hkv1","baseline","cuda_graph","vllm_ag_rs_min_fa3_varlen",,0.833264023065567,0.8369760096073151,3010.2263631111173,86.98661407861665
"d16_c1_kv128k",16,1,131072,2,"dcp2_hkv4","baseline","cuda_graph","sglang_mha_ag_ar_min_fa3_varlen",,1.7507519721984863,1.7561184525489808,2845.756892624626,326.49113128355566
"d16_c1_kv128k",16,1,131072,2,"dcp2_hkv4","baseline","cuda_graph","vllm_a2a_min_fa3_varlen",,1.6410880088806152,1.6477984070777894,3035.921574710892,348.30855439001795
"d16_c1_kv128k",16,1,131072,2,"dcp2_hkv4","baseline","cuda_graph","vllm_ag_rs_min_fa3_varlen",,1.6538559794425964,1.658844780921936,3012.483888614757,345.61956972374924
"d16_c1_kv128k",16,1,131072,4,"dcp4_hkv2","baseline","cuda_graph","sglang_mha_ag_ar_min_fa3_varlen",,1.4962239861488342,1.5018368244171143,3329.858723214188,191.41005802022454
"d16_c1_kv128k",16,1,131072,4,"dcp4_hkv2","baseline","cuda_graph","vllm_a2a_min_fa3_varlen",,1.3350080251693726,1.3446400046348572,3731.973440030749,214.524792810639
"d16_c1_kv128k",16,1,131072,4,"dcp4_hkv2","baseline","cuda_graph","vllm_ag_rs_min_fa3_varlen",,1.3721919655799866,1.377065646648407,3630.8436553584975,208.71155580549555
"d16_c1_kv128k",16,1,131072,8,"dcp8_hkv1","baseline","cuda_graph","sglang_mha_ag_ar_min_fa3_varlen",,1.5319520235061646,1.5355263471603393,3252.2000791886753,93.85802022110218
"d16_c1_kv128k",16,1,131072,8,"dcp8_hkv1","baseline","cuda_graph","vllm_a2a_min_fa3_varlen",,1.2718240022659302,1.2807968378067016,3917.377312649782,113.05493821772934
"d16_c1_kv128k",16,1,131072,8,"dcp8_hkv1","baseline","cuda_graph","vllm_ag_rs_min_fa3_varlen",,1.3234080076217651,1.3285151600837708,3764.6851639603615,108.64826506406826
"d16_c2_kv16k",16,2,16384,2,"dcp2_hkv4","baseline","cuda_graph","sglang_mha_ag_ar_min_fa3_varlen",,0.6384000182151794,0.6416256129741669,1937.687581404563,121.75077346849595
"d16_c2_kv16k",16,2,16384,2,"dcp2_hkv4","baseline","cuda_graph","vllm_a2a_min_fa3_varlen",,0.47857600450515747,0.48405760526657104,2584.7927510345307,162.41034917821997
"d16_c2_kv16k",16,2,16384,2,"dcp2_hkv4","baseline","cuda_graph","vllm_ag_rs_min_fa3_varlen",,0.5044319927692413,0.5081983864307403,2452.302401505073,154.08557965029112
"d16_c2_kv16k",16,2,16384,4,"dcp4_hkv2","baseline","cuda_graph","sglang_mha_ag_ar_min_fa3_varlen",,0.8068960011005402,0.8139520168304444,1533.0597568668159,49.54412953524952
"d16_c2_kv16k",16,2,16384,4,"dcp4_hkv2","baseline","cuda_graph","vllm_a2a_min_fa3_varlen",,0.5423199832439423,0.5454432189464569,2280.9776985620924,73.71470946151337
"d16_c2_kv16k",16,2,16384,4,"dcp4_hkv2","baseline","cuda_graph","vllm_ag_rs_min_fa3_varlen",,0.5841280221939087,0.587772798538208,2117.720328872282,68.43869576715691
"d16_c2_kv16k",16,2,16384,8,"dcp8_hkv1","baseline","cuda_graph","sglang_mha_ag_ar_min_fa3_varlen",,1.1348000168800354,1.1452544331550598,1090.0773430238419,18.595868598961122
"d16_c2_kv16k",16,2,16384,8,"dcp8_hkv1","baseline","cuda_graph","vllm_a2a_min_fa3_varlen",,0.7231200039386749,0.7725887775421143,1710.6701246352286,29.182697042066106
"d16_c2_kv16k",16,2,16384,8,"dcp8_hkv1","baseline","cuda_graph","vllm_ag_rs_min_fa3_varlen",,0.7972800135612488,0.8036384165287018,1551.549977702996,26.46823153855324
"d16_c2_kv32k",16,2,32768,2,"dcp2_hkv4","baseline","cuda_graph","sglang_mha_ag_ar_min_fa3_varlen",,0.9189440011978149,0.9229215860366822,2617.407468399413,166.7383081017759
"d16_c2_kv32k",16,2,32768,2,"dcp2_hkv4","baseline","cuda_graph","vllm_a2a_min_fa3_varlen",,0.761247992515564,0.7657920122146606,3159.615414981635,201.27891239971618
"d16_c2_kv32k",16,2,32768,2,"dcp2_hkv4","baseline","cuda_graph","vllm_ag_rs_min_fa3_varlen",,0.7927519977092743,0.7969567894935607,3034.0521357576913,193.2800780606692
"d16_c2_kv32k",16,2,32768,4,"dcp4_hkv2","baseline","cuda_graph","sglang_mha_ag_ar_min_fa3_varlen",,1.0369759798049927,1.0412864327430724,2319.485637679203,74.95419133490114
"d16_c2_kv32k",16,2,32768,4,"dcp4_hkv2","baseline","cuda_graph","vllm_a2a_min_fa3_varlen",,0.7694880068302155,0.7750400185585022,3125.780870431044,101.00962628407784
"d16_c2_kv32k",16,2,32768,4,"dcp4_hkv2","baseline","cuda_graph","vllm_ag_rs_min_fa3_varlen",,0.8181439936161041,0.8267135858535767,2939.887000997297,95.00246485519156
"d16_c2_kv32k",16,2,32768,8,"dcp8_hkv1","baseline","cuda_graph","sglang_mha_ag_ar_min_fa3_varlen",,1.3482080101966858,1.3544160366058349,1784.0354556453833,29.651922921128385
"d16_c2_kv32k",16,2,32768,8,"dcp8_hkv1","baseline","cuda_graph","vllm_a2a_min_fa3_varlen",,0.9348320066928864,0.9440767884254455,2572.9231290282296,42.76379040703229
"d16_c2_kv32k",16,2,32768,8,"dcp8_hkv1","baseline","cuda_graph","vllm_ag_rs_min_fa3_varlen",,1.0117120146751404,1.0174240469932556,2377.406669968552,39.51416946732273
"d16_c2_kv64k",16,2,65536,2,"dcp2_hkv4","baseline","cuda_graph","sglang_mha_ag_ar_min_fa3_varlen",,1.4744960069656372,1.484889566898346,3215.8195603106196,206.32006500041322
"d16_c2_kv64k",16,2,65536,2,"dcp2_hkv4","baseline","cuda_graph","vllm_a2a_min_fa3_varlen",,1.3197760581970215,1.333740782737732,3592.8164262032233,230.50737290658225
"d16_c2_kv64k",16,2,65536,2,"dcp2_hkv4","baseline","cuda_graph","vllm_ag_rs_min_fa3_varlen",,1.3498560190200806,1.3541695833206178,3512.754719012341,225.3707860048994
"d16_c2_kv64k",16,2,65536,4,"dcp4_hkv2","baseline","cuda_graph","sglang_mha_ag_ar_min_fa3_varlen",,1.5063679814338684,1.5122336149215698,3147.778736166776,101.71695753527054
"d16_c2_kv64k",16,2,65536,4,"dcp4_hkv2","baseline","cuda_graph","vllm_a2a_min_fa3_varlen",,1.2568479776382446,1.2613375902175903,3772.7021765275063,121.91066121451153
"d16_c2_kv64k",16,2,65536,4,"dcp4_hkv2","baseline","cuda_graph","vllm_ag_rs_min_fa3_varlen",,1.2908959984779358,1.294483244419098,3673.1952894662613,118.69520718993763
"d16_c2_kv64k",16,2,65536,8,"dcp8_hkv1","baseline","cuda_graph","sglang_mha_ag_ar_min_fa3_varlen",,1.7682240009307861,1.7739936113357544,2681.6246687659373,43.95692851080265
"d16_c2_kv64k",16,2,65536,8,"dcp8_hkv1","baseline","cuda_graph","vllm_a2a_min_fa3_varlen",,1.3560959696769714,1.36414076089859,3496.5911018299826,57.31577833574318
"d16_c2_kv64k",16,2,65536,8,"dcp8_hkv1","baseline","cuda_graph","vllm_ag_rs_min_fa3_varlen",,1.4330719709396362,1.437398362159729,3308.775272250252,54.237119681460825
"d16_c2_kv128k",16,2,131072,2,"dcp2_hkv4","baseline","cuda_graph","sglang_mha_ag_ar_min_fa3_varlen",,2.6368319988250732,2.645695924758911,3570.4350990290623,229.90012267376753
"d16_c2_kv128k",16,2,131072,2,"dcp2_hkv4","baseline","cuda_graph","vllm_a2a_min_fa3_varlen",,2.5095680952072144,2.5199360847473145,3751.4971348369154,241.5586973542336
"d16_c2_kv128k",16,2,131072,2,"dcp2_hkv4","baseline","cuda_graph","vllm_ag_rs_min_fa3_varlen",,2.5111680030822754,2.5184159517288207,3749.106992161504,241.40479619679923
"d16_c2_kv128k",16,2,131072,4,"dcp4_hkv2","baseline","cuda_graph","sglang_mha_ag_ar_min_fa3_varlen",,2.491536021232605,2.500783896446228,3778.647966000676,122.10062764795917
"d16_c2_kv128k",16,2,131072,4,"dcp4_hkv2","baseline","cuda_graph","vllm_a2a_min_fa3_varlen",,2.2830560207366943,2.3372288227081297,4123.699739882026,133.25039299816882
"d16_c2_kv128k",16,2,131072,4,"dcp4_hkv2","baseline","cuda_graph","vllm_ag_rs_min_fa3_varlen",,2.3201119899749756,2.329155135154724,4057.8375352258513,131.12216708266797
"d16_c2_kv128k",16,2,131072,8,"dcp8_hkv1","baseline","cuda_graph","sglang_mha_ag_ar_min_fa3_varlen",,2.6620640754699707,2.673462390899658,3536.593129219065,57.55803153346315
"d16_c2_kv128k",16,2,131072,8,"dcp8_hkv1","baseline","cuda_graph","vllm_a2a_min_fa3_varlen",,2.31987202167511,2.3353344917297365,4058.25727923128,66.04811238223485
"d16_c2_kv128k",16,2,131072,8,"dcp8_hkv1","baseline","cuda_graph","vllm_ag_rs_min_fa3_varlen",,2.3683040142059326,2.3963584184646605,3975.2656172415554,64.69742359127576
"d16_c4_kv16k",16,4,16384,2,"dcp2_hkv4","baseline","cuda_graph","sglang_mha_ag_ar_min_fa3_varlen",,0.9584000110626221,0.9629760205745697,2509.687414904295,92.04033282741297
"d16_c4_kv16k",16,4,16384,2,"dcp2_hkv4","baseline","cuda_graph","vllm_a2a_min_fa3_varlen",,0.6939999759197235,0.6984224140644073,3465.8278525448027,127.10584879069738
"d16_c4_kv16k",16,4,16384,2,"dcp2_hkv4","baseline","cuda_graph","vllm_ag_rs_min_fa3_varlen",,0.7355519831180573,0.7405311763286591,3270.0400534736214,119.92552263412486
"d16_c4_kv16k",16,4,16384,4,"dcp4_hkv2","baseline","cuda_graph","sglang_mha_ag_ar_min_fa3_varlen",,1.3528000116348267,1.363801610469818,1778.0044541109007,34.201963041148794
"d16_c4_kv16k",16,4,16384,4,"dcp4_hkv2","baseline","cuda_graph","vllm_a2a_min_fa3_varlen",,0.8858399987220764,0.8908128201961517,2715.2583420006918,52.2311208195017
"d16_c4_kv16k",16,4,16384,4,"dcp4_hkv2","baseline","cuda_graph","vllm_ag_rs_min_fa3_varlen",,0.9625760018825531,0.9664607763290405,2498.7995145358677,48.06728602158248
"d16_c4_kv16k",16,4,16384,8,"dcp8_hkv1","baseline","cuda_graph","sglang_mha_ag_ar_min_fa3_varlen",,1.9663999676704407,1.973699164390564,1223.191866229279,12.86457303493998
"d16_c4_kv16k",16,4,16384,8,"dcp8_hkv1","baseline","cuda_graph","vllm_a2a_min_fa3_varlen",,1.2735999822616577,1.2814591526985168,1888.5713565547464,19.862512839453558
"d16_c4_kv16k",16,4,16384,8,"dcp8_hkv1","baseline","cuda_graph","vllm_ag_rs_min_fa3_varlen",,1.3966400027275085,1.4022271752357482,1722.1935799566834,18.112681829675154
"d16_c4_kv32k",16,4,32768,2,"dcp2_hkv4","baseline","cuda_graph","sglang_mha_ag_ar_min_fa3_varlen",,1.3537760376930237,1.3580512404441833,3451.846574607221,127.12408198129451
"d16_c4_kv32k",16,4,32768,2,"dcp2_hkv4","baseline","cuda_graph","vllm_a2a_min_fa3_varlen",,1.0976160168647766,1.1211456060409546,4257.433480101726,156.7921143238947
"d16_c4_kv32k",16,4,32768,2,"dcp2_hkv4","baseline","cuda_graph","vllm_ag_rs_min_fa3_varlen",,1.1427839994430542,1.1461312174797058,4089.160489448085,150.59498215224684
"d16_c4_kv32k",16,4,32768,4,"dcp4_hkv2","baseline","cuda_graph","sglang_mha_ag_ar_min_fa3_varlen",,1.7344480156898499,1.7449248433113098,2694.2445874558975,50.85851821561528
"d16_c4_kv32k",16,4,32768,4,"dcp4_hkv2","baseline","cuda_graph","vllm_a2a_min_fa3_varlen",,1.2740640044212341,1.2792863726615906,3667.81194844195,69.2362830233726
"d16_c4_kv32k",16,4,32768,4,"dcp4_hkv2","baseline","cuda_graph","vllm_ag_rs_min_fa3_varlen",,1.348800003528595,1.3558719754219055,3464.581232407248,65.3999523793224
"d16_c4_kv32k",16,4,32768,8,"dcp8_hkv1","baseline","cuda_graph","sglang_mha_ag_ar_min_fa3_varlen",,2.3568480014801025,2.365673613548279,1982.7444008104617,19.63148067713463
"d16_c4_kv32k",16,4,32768,8,"dcp8_hkv1","baseline","cuda_graph","vllm_a2a_min_fa3_varlen",,1.66103994846344,1.672854447364807,2813.31414263626,27.85508924261636
"d16_c4_kv32k",16,4,32768,8,"dcp8_hkv1","baseline","cuda_graph","vllm_ag_rs_min_fa3_varlen",,1.7921760082244873,1.8189888000488281,2607.459957644215,25.81689286524833
"d16_c4_kv64k",16,4,65536,2,"dcp2_hkv4","baseline","cuda_graph","sglang_mha_ag_ar_min_fa3_varlen",,2.1916160583496094,2.22649290561676,4201.699749365062,155.07720647746027
"d16_c4_kv64k",16,4,65536,2,"dcp2_hkv4","baseline","cuda_graph","vllm_a2a_min_fa3_varlen",,2.0137919187545776,2.0351648330688477,4572.723009419449,168.77100997117478
"d16_c4_kv64k",16,4,65536,2,"dcp2_hkv4","baseline","cuda_graph","vllm_ag_rs_min_fa3_varlen",,2.029855966567993,2.104195261001587,4536.535002846246,167.4353755131894
"d16_c4_kv64k",16,4,65536,4,"dcp4_hkv2","baseline","cuda_graph","sglang_mha_ag_ar_min_fa3_varlen",,2.5399839878082275,2.5495200395584106,3625.4215330774973,67.755362563724
"d16_c4_kv64k",16,4,65536,4,"dcp4_hkv2","baseline","cuda_graph","vllm_a2a_min_fa3_varlen",,2.1639519929885864,2.1939199686050417,4255.414479114357,79.52927632295571
"d16_c4_kv64k",16,4,65536,4,"dcp4_hkv2","baseline","cuda_graph","vllm_ag_rs_min_fa3_varlen",,2.2252479791641235,2.268127965927124,4138.196160290873,77.33858770411983
"d16_c4_kv64k",16,4,65536,8,"dcp8_hkv1","baseline","cuda_graph","sglang_mha_ag_ar_min_fa3_varlen",,3.137104034423828,3.1436864852905275,2935.3545633252384,28.11875380352225
"d16_c4_kv64k",16,4,65536,8,"dcp8_hkv1","baseline","cuda_graph","vllm_a2a_min_fa3_varlen",,2.4782880544662476,2.5084705114364625,3715.6748693828695,35.5937058410259
"d16_c4_kv64k",16,4,65536,8,"dcp8_hkv1","baseline","cuda_graph","vllm_ag_rs_min_fa3_varlen",,2.591488003730774,2.5994463920593263,3553.368809662705,34.03892121939538
"d16_c4_kv128k",16,4,131072,2,"dcp2_hkv4","baseline","cuda_graph","sglang_mha_ag_ar_min_fa3_varlen",,3.984895944595337,4.049964666366577,4587.19219431971,169.493513856003
"d16_c4_kv128k",16,4,131072,2,"dcp2_hkv4","baseline","cuda_graph","vllm_a2a_min_fa3_varlen",,3.7793439626693726,3.814524793624878,4836.681644428335,178.71197294330182
"d16_c4_kv128k",16,4,131072,2,"dcp2_hkv4","baseline","cuda_graph","vllm_ag_rs_min_fa3_varlen",,3.8604159355163574,3.9259231805801393,4735.107272781214,174.95887160398917
"d16_c4_kv128k",16,4,131072,4,"dcp4_hkv2","baseline","cuda_graph","sglang_mha_ag_ar_min_fa3_varlen",,4.307295799255371,4.365084981918335,4243.842174801203,78.905585276673
"d16_c4_kv128k",16,4,131072,4,"dcp4_hkv2","baseline","cuda_graph","vllm_a2a_min_fa3_varlen",,3.9590240716934204,4.03362889289856,4617.169090463547,85.84683746432115
"d16_c4_kv128k",16,4,131072,4,"dcp4_hkv2","baseline","cuda_graph","vllm_ag_rs_min_fa3_varlen",,4.010832071304321,4.070153522491455,4557.529023218247,84.7379521151267
"d16_c4_kv128k",16,4,131072,8,"dcp8_hkv1","baseline","cuda_graph","sglang_mha_ag_ar_min_fa3_varlen",,4.849711894989014,4.906531095504761,3769.189586521904,35.48613602754847
"d16_c4_kv128k",16,4,131072,8,"dcp8_hkv1","baseline","cuda_graph","vllm_a2a_min_fa3_varlen",,4.247312068939209,4.335196924209595,4303.776900666828,40.5191644048379
"d16_c4_kv128k",16,4,131072,8,"dcp8_hkv1","baseline","cuda_graph","vllm_ag_rs_min_fa3_varlen",,4.399967908859253,4.4388128280639645,4154.458384893808,39.11336163463484
"d32_c0_kv16k",32,0,16384,2,"dcp2_hkv4","baseline","cuda_graph","sglang_mha_ag_ar_min_fa3_varlen",,0.21320000290870667,0.21587520390748977,644.9824332267134,630.7686217883636
"d32_c0_kv16k",32,0,16384,2,"dcp2_hkv4","baseline","cuda_graph","vllm_a2a_min_fa3_varlen",,0.13196799904108047,0.13612159788608552,1041.9969813832993,1019.0339550282762
"d32_c0_kv16k",32,0,16384,2,"dcp2_hkv4","baseline","cuda_graph","vllm_ag_rs_min_fa3_varlen",,0.14612799882888794,0.15192319452762604,941.0260712666086,920.2881930756638
"d32_c0_kv16k",32,0,16384,4,"dcp4_hkv2","baseline","cuda_graph","sglang_mha_ag_ar_min_fa3_varlen",,0.21961600333452225,0.22169920355081557,626.1395096537769,306.76729827097125
"d32_c0_kv16k",32,0,16384,4,"dcp4_hkv2","baseline","cuda_graph","vllm_a2a_min_fa3_varlen",,0.1268320009112358,0.1295807957649231,1084.1921254261174,531.1830414719234
"d32_c0_kv16k",32,0,16384,4,"dcp4_hkv2","baseline","cuda_graph","vllm_ag_rs_min_fa3_varlen",,0.14123199880123138,0.1442528024315834,973.6480245778484,477.0236814025222
"d32_c0_kv16k",32,0,16384,8,"dcp8_hkv1","baseline","cuda_graph","sglang_mha_ag_ar_min_fa3_varlen",,0.2784160077571869,0.28087359964847564,493.9021205990638,121.46060232819741
"d32_c0_kv16k",32,0,16384,8,"dcp8_hkv1","baseline","cuda_graph","vllm_a2a_min_fa3_varlen",,0.14644800126552582,0.14830080419778824,938.9698422082201,230.91183019075112
"d32_c0_kv16k",32,0,16384,8,"dcp8_hkv1","baseline","cuda_graph","vllm_ag_rs_min_fa3_varlen",,0.17321600019931793,0.17518399953842162,793.8657888518861,195.22778473748153
"d32_c0_kv32k",32,0,32768,2,"dcp2_hkv4","baseline","cuda_graph","sglang_mha_ag_ar_min_fa3_varlen",,0.2584799975156784,0.2601791977882385,1063.715617280299,1039.5295674037673
"d32_c0_kv32k",32,0,32768,2,"dcp2_hkv4","baseline","cuda_graph","vllm_a2a_min_fa3_varlen",,0.17614399641752243,0.1793567955493927,1560.934324779795,1525.442850536293
"d32_c0_kv32k",32,0,32768,2,"dcp2_hkv4","baseline","cuda_graph","vllm_ag_rs_min_fa3_varlen",,0.17976000159978867,0.18231040090322495,1529.534978110076,1494.7574410809077
"d32_c0_kv32k",32,0,32768,4,"dcp4_hkv2","baseline","cuda_graph","sglang_mha_ag_ar_min_fa3_varlen",,0.2457759976387024,0.24822400510311127,1118.698378822911,547.1643825760772
"d32_c0_kv32k",32,0,32768,4,"dcp4_hkv2","baseline","cuda_graph","vllm_a2a_min_fa3_varlen",,0.15353599935770035,0.16535039991140366,1790.780085857502,875.8849557275206
"d32_c0_kv32k",32,0,32768,4,"dcp4_hkv2","baseline","cuda_graph","vllm_ag_rs_min_fa3_varlen",,0.16753599792718887,0.17068800181150437,1641.1351202951196,802.6923984327532
"d32_c0_kv32k",32,0,32768,8,"dcp8_hkv1","baseline","cuda_graph","sglang_mha_ag_ar_min_fa3_varlen",,0.3027999997138977,0.3065055936574936,908.0224913203016,222.49342161048838
"d32_c0_kv32k",32,0,32768,8,"dcp8_hkv1","baseline","cuda_graph","vllm_a2a_min_fa3_varlen",,0.17238399386405945,0.17420160621404648,1594.9810881445444,390.8193938999244
"d32_c0_kv32k",32,0,32768,8,"dcp8_hkv1","baseline","cuda_graph","vllm_ag_rs_min_fa3_varlen",,0.19785599410533905,0.1996191993355751,1389.6430651760609,340.50526649261633
"d32_c0_kv64k",32,0,65536,2,"dcp2_hkv4","baseline","cuda_graph","sglang_mha_ag_ar_min_fa3_varlen",,0.34385600686073303,0.34904639720916747,1599.00396120952,1562.0871681254275
"d32_c0_kv64k",32,0,65536,2,"dcp2_hkv4","baseline","cuda_graph","vllm_a2a_min_fa3_varlen",,0.26001599431037903,0.26442560851573943,2114.5895986678256,2065.7692901723135
"d32_c0_kv64k",32,0,65536,2,"dcp2_hkv4","baseline","cuda_graph","vllm_ag_rs_min_fa3_varlen",,0.26550400257110596,0.26921598613262177,2070.880708884033,2023.0695236172483
"d32_c0_kv64k",32,0,65536,4,"dcp4_hkv2","baseline","cuda_graph","sglang_mha_ag_ar_min_fa3_varlen",,0.2999520003795624,0.3032671928405762,1833.0503425889578,895.8019938523072
"d32_c0_kv64k",32,0,65536,4,"dcp4_hkv2","baseline","cuda_graph","vllm_a2a_min_fa3_varlen",,0.208639994263649,0.211776003241539,2635.2910859516614,1287.8527961444388
"d32_c0_kv64k",32,0,65536,4,"dcp4_hkv2","baseline","cuda_graph","vllm_ag_rs_min_fa3_varlen",,0.22088000178337097,0.22436160147190093,2489.257119778754,1216.4867703302825
"d32_c0_kv64k",32,0,65536,8,"dcp8_hkv1","baseline","cuda_graph","sglang_mha_ag_ar_min_fa3_varlen",,0.35385599732398987,0.3579200118780136,1553.8160189852013,380.0412399874362
"d32_c0_kv64k",32,0,65536,8,"dcp8_hkv1","baseline","cuda_graph","vllm_a2a_min_fa3_varlen",,0.2234879955649376,0.22692160606384276,2460.2087269436356,601.7319707041041
"d32_c0_kv64k",32,0,65536,8,"dcp8_hkv1","baseline","cuda_graph","vllm_ag_rs_min_fa3_varlen",,0.24929600208997726,0.2549472063779831,2205.519191830254,539.4385424258139
"d32_c0_kv128k",32,0,131072,2,"dcp2_hkv4","baseline","cuda_graph","sglang_mha_ag_ar_min_fa3_varlen",,0.5151199996471405,0.5181216061115265,2134.6151026891193,2084.9587838478365
"d32_c0_kv128k",32,0,131072,2,"dcp2_hkv4","baseline","cuda_graph","vllm_a2a_min_fa3_varlen",,0.4315359890460968,0.43511359095573426,2548.0677367711787,2488.793507985436
"d32_c0_kv128k",32,0,131072,2,"dcp2_hkv4","baseline","cuda_graph","vllm_ag_rs_min_fa3_varlen",,0.438400000333786,0.4656575977802277,2508.1727420319503,2449.826567477833
"d32_c0_kv128k",32,0,131072,4,"dcp4_hkv2","baseline","cuda_graph","sglang_mha_ag_ar_min_fa3_varlen",,0.40246400237083435,0.4059616059064865,2732.127406343371,1334.6114257072866
"d32_c0_kv128k",32,0,131072,4,"dcp4_hkv2","baseline","cuda_graph","vllm_a2a_min_fa3_varlen",,0.3134080022573471,0.31636480093002317,3508.4711399331313,1713.8460158364007
"d32_c0_kv128k",32,0,131072,4,"dcp4_hkv2","baseline","cuda_graph","vllm_ag_rs_min_fa3_varlen",,0.3226719945669174,0.32648319005966187,3407.7420707670453,1664.64107528429
"d32_c0_kv128k",32,0,131072,8,"dcp8_hkv1","baseline","cuda_graph","sglang_mha_ag_ar_min_fa3_varlen",,0.4551839977502823,0.4589567929506302,2415.6889002658663,590.3054618088963
"d32_c0_kv128k",32,0,131072,8,"dcp8_hkv1","baseline","cuda_graph","vllm_a2a_min_fa3_varlen",,0.3227519989013672,0.3268128097057343,3406.897353655219,832.5203280371126
"d32_c0_kv128k",32,0,131072,8,"dcp8_hkv1","baseline","cuda_graph","vllm_ag_rs_min_fa3_varlen",,0.3492479920387268,0.3556192010641098,3148.4302158051387,769.3604720000942
"d32_c1_kv16k",32,1,16384,2,"dcp2_hkv4","baseline","cuda_graph","sglang_mha_ag_ar_min_fa3_varlen",,0.4556480050086975,0.4594176113605499,1583.7720744508147,306.6462498773213
"d32_c1_kv16k",32,1,16384,2,"dcp2_hkv4","baseline","cuda_graph","vllm_a2a_min_fa3_varlen",,0.34379199147224426,0.3484863996505737,2099.0674710648727,406.4165410068326
"d32_c1_kv16k",32,1,16384,2,"dcp2_hkv4","baseline","cuda_graph","vllm_ag_rs_min_fa3_varlen",,0.36316800117492676,0.36728320717811586,1987.0764598679693,384.7331029935644
"d32_c1_kv16k",32,1,16384,4,"dcp4_hkv2","baseline","cuda_graph","sglang_mha_ag_ar_min_fa3_varlen",,0.5370240211486816,0.5401087880134583,1343.7808323143975,131.3102081526379
"d32_c1_kv16k",32,1,16384,4,"dcp4_hkv2","baseline","cuda_graph","vllm_a2a_min_fa3_varlen",,0.3604799956083298,0.36493120789527894,2001.893572191679,195.61899927622653
"d32_c1_kv16k",32,1,16384,4,"dcp4_hkv2","baseline","cuda_graph","vllm_ag_rs_min_fa3_varlen",,0.39425599575042725,0.3969919979572296,1830.3908980215374,178.86027545574387
"d32_c1_kv16k",32,1,16384,8,"dcp8_hkv1","baseline","cuda_graph","sglang_mha_ag_ar_min_fa3_varlen",,0.7541280090808868,0.7588832080364227,956.9231979482114,47.62285390217874
"d32_c1_kv16k",32,1,16384,8,"dcp8_hkv1","baseline","cuda_graph","vllm_a2a_min_fa3_varlen",,0.4522400051355362,0.45716158747673036,1595.7070978179472,79.41298335435111
"d32_c1_kv16k",32,1,16384,8,"dcp8_hkv1","baseline","cuda_graph","vllm_ag_rs_min_fa3_varlen",,0.5175679922103882,0.5226911723613739,1394.2952365158176,69.38939142396056
"d32_c1_kv32k",32,1,32768,2,"dcp2_hkv4","baseline","cuda_graph","sglang_mha_ag_ar_min_fa3_varlen",,0.6455840170383453,0.6488831758499145,2182.2680182435806,430.82662621661495
"d32_c1_kv32k",32,1,32768,2,"dcp2_hkv4","baseline","cuda_graph","vllm_a2a_min_fa3_varlen",,0.529151976108551,0.5351263761520386,2662.443715759627,525.6236328274489
"d32_c1_kv32k",32,1,32768,2,"dcp2_hkv4","baseline","cuda_graph","vllm_ag_rs_min_fa3_varlen",,0.5485440194606781,0.5519615709781647,2568.3214172258263,507.0418674392965
"d32_c1_kv32k",32,1,32768,4,"dcp4_hkv2","baseline","cuda_graph","sglang_mha_ag_ar_min_fa3_varlen",,0.6746719777584076,0.6772223830223083,2088.181219787505,207.09731040590682
"d32_c1_kv32k",32,1,32768,4,"dcp4_hkv2","baseline","cuda_graph","vllm_a2a_min_fa3_varlen",,0.498431995511055,0.501174372434616,2826.538757865019,280.32460447636134
"d32_c1_kv32k",32,1,32768,4,"dcp4_hkv2","baseline","cuda_graph","vllm_ag_rs_min_fa3_varlen",,0.5329920053482056,0.5412256062030792,2643.2616987408687,262.1479320477211
"d32_c1_kv32k",32,1,32768,8,"dcp8_hkv1","baseline","cuda_graph","sglang_mha_ag_ar_min_fa3_varlen",,0.8735359907150269,0.877020788192749,1612.7982915950674,80.72562178265719
"d32_c1_kv32k",32,1,32768,8,"dcp8_hkv1","baseline","cuda_graph","vllm_a2a_min_fa3_varlen",,0.5728639960289001,0.5761312067508697,2459.2876550770807,123.09507402947791
"d32_c1_kv32k",32,1,32768,8,"dcp8_hkv1","baseline","cuda_graph","vllm_ag_rs_min_fa3_varlen",,0.635424017906189,0.638643205165863,2217.161003945548,110.97587439700895
"d32_c1_kv64k",32,1,65536,2,"dcp2_hkv4","baseline","cuda_graph","sglang_mha_ag_ar_min_fa3_varlen",,1.023535966873169,1.0273919582366944,2719.2272458139055,542.1977008735322
"d32_c1_kv64k",32,1,65536,2,"dcp2_hkv4","baseline","cuda_graph","vllm_a2a_min_fa3_varlen",,0.9071999788284302,0.9189152181148529,3067.930944824641,611.7271394964989
"d32_c1_kv64k",32,1,65536,2,"dcp2_hkv4","baseline","cuda_graph","vllm_ag_rs_min_fa3_varlen",,0.9226880073547363,0.9264223992824554,3016.4333620974026,601.458828527551
"d32_c1_kv64k",32,1,65536,4,"dcp4_hkv2","baseline","cuda_graph","sglang_mha_ag_ar_min_fa3_varlen",,0.9561600089073181,0.9601888000965119,2910.8380001926876,290.88727975336184
"d32_c1_kv64k",32,1,65536,4,"dcp4_hkv2","baseline","cuda_graph","vllm_a2a_min_fa3_varlen",,0.8026719987392426,0.8109792232513428,3467.452324939223,346.5111333606585
"d32_c1_kv64k",32,1,65536,4,"dcp4_hkv2","baseline","cuda_graph","vllm_ag_rs_min_fa3_varlen",,0.8590880036354065,0.8756800174713135,3239.74595898698,323.755869972594
"d32_c1_kv64k",32,1,65536,8,"dcp8_hkv1","baseline","cuda_graph","sglang_mha_ag_ar_min_fa3_varlen",,1.1081119775772095,1.112652802467346,2511.6837869375654,126.09082369589729
"d32_c1_kv64k",32,1,65536,8,"dcp8_hkv1","baseline","cuda_graph","vllm_a2a_min_fa3_varlen",,0.8297759890556335,0.8356031835079193,3354.19067905253,168.38611124312985
"d32_c1_kv64k",32,1,65536,8,"dcp8_hkv1","baseline","cuda_graph","vllm_ag_rs_min_fa3_varlen",,0.8692480027675629,0.8730623960494995,3201.878956673583,160.73980216824484
"d32_c1_kv128k",32,1,131072,2,"dcp2_hkv4","baseline","cuda_graph","sglang_mha_ag_ar_min_fa3_varlen",,1.7887199521064758,1.7968127608299256,3092.7177566936984,619.7767150159282
"d32_c1_kv128k",32,1,131072,2,"dcp2_hkv4","baseline","cuda_graph","vllm_a2a_min_fa3_varlen",,1.6795519590377808,1.6858208060264588,3293.739099802128,660.0611371589382
"d32_c1_kv128k",32,1,131072,2,"dcp2_hkv4","baseline","cuda_graph","vllm_ag_rs_min_fa3_varlen",,1.6976160407066345,1.7036319613456725,3258.6909082982606,653.0375240437414
"d32_c1_kv128k",32,1,131072,4,"dcp4_hkv2","baseline","cuda_graph","sglang_mha_ag_ar_min_fa3_varlen",,1.5422559976577759,1.5487744450569152,3586.9570071592893,359.8357528470085
"d32_c1_kv128k",32,1,131072,4,"dcp4_hkv2","baseline","cuda_graph","vllm_a2a_min_fa3_varlen",,1.3923519849777222,1.3972032070159912,3973.137552370073,398.5765481627689
"d32_c1_kv128k",32,1,131072,4,"dcp4_hkv2","baseline","cuda_graph","vllm_ag_rs_min_fa3_varlen",,1.422655999660492,1.4287168264389039,3888.505695651077,390.086463721685
"d32_c1_kv128k",32,1,131072,8,"dcp8_hkv1","baseline","cuda_graph","sglang_mha_ag_ar_min_fa3_varlen",,1.6070239543914795,1.6347263693809508,3442.391721986973,173.07444810635653
"d32_c1_kv128k",32,1,131072,8,"dcp8_hkv1","baseline","cuda_graph","vllm_a2a_min_fa3_varlen",,1.335807979106903,1.3447423815727233,4141.318246452307,208.21464488178597
"d32_c1_kv128k",32,1,131072,8,"dcp8_hkv1","baseline","cuda_graph","vllm_ag_rs_min_fa3_varlen",,1.3921599984169006,1.3993023753166198,3973.6854700054155,199.78650752519962
"d32_c2_kv16k",32,2,16384,2,"dcp2_hkv4","baseline","cuda_graph","sglang_mha_ag_ar_min_fa3_varlen",,0.6522560119628906,0.6566175878047943,2001.936190138621,222.25265745537914
"d32_c2_kv16k",32,2,16384,2,"dcp2_hkv4","baseline","cuda_graph","vllm_a2a_min_fa3_varlen",,0.4934239983558655,0.49660800993442533,2646.3546968428027,293.79526022860443
"d32_c2_kv16k",32,2,16384,2,"dcp2_hkv4","baseline","cuda_graph","vllm_ag_rs_min_fa3_varlen",,0.5187839865684509,0.5221248090267181,2516.991559861321,279.4335132795633
"d32_c2_kv16k",32,2,16384,4,"dcp4_hkv2","baseline","cuda_graph","sglang_mha_ag_ar_min_fa3_varlen",,0.8346239924430847,0.8408703982830048,1564.5068047490192,88.25826320230453
"d32_c2_kv16k",32,2,16384,4,"dcp4_hkv2","baseline","cuda_graph","vllm_a2a_min_fa3_varlen",,0.5542399883270264,0.5583360135555268,2355.9738436150774,132.90716215253644
"d32_c2_kv16k",32,2,16384,4,"dcp4_hkv2","baseline","cuda_graph","vllm_ag_rs_min_fa3_varlen",,0.6004160046577454,0.6042432248592376,2174.783659087052,122.68571028846866
"d32_c2_kv16k",32,2,16384,8,"dcp8_hkv1","baseline","cuda_graph","sglang_mha_ag_ar_min_fa3_varlen",,1.166927993297577,1.1714623808860778,1118.984995718597,32.57345801825057
"d32_c2_kv16k",32,2,16384,8,"dcp8_hkv1","baseline","cuda_graph","vllm_a2a_min_fa3_varlen",,0.7463359832763672,0.7521183848381042,1749.5805439417938,50.92998441953002
"d32_c2_kv16k",32,2,16384,8,"dcp8_hkv1","baseline","cuda_graph","vllm_ag_rs_min_fa3_varlen",,0.823712021112442,0.8286655843257904,1585.232316775614,46.145836197297974
"d32_c2_kv32k",32,2,32768,2,"dcp2_hkv4","baseline","cuda_graph","sglang_mha_ag_ar_min_fa3_varlen",,0.937279999256134,0.9420896112918854,2712.8771539454774,306.8154321315184
"d32_c2_kv32k",32,2,32768,2,"dcp2_hkv4","baseline","cuda_graph","vllm_a2a_min_fa3_varlen",,0.7755680084228516,0.7794912219047546,3278.5332417240024,370.78884749873714
"d32_c2_kv32k",32,2,32768,2,"dcp2_hkv4","baseline","cuda_graph","vllm_ag_rs_min_fa3_varlen",,0.7996319830417633,0.8044447779655457,3179.8696784983376,359.6303976062706
"d32_c2_kv32k",32,2,32768,4,"dcp4_hkv2","baseline","cuda_graph","sglang_mha_ag_ar_min_fa3_varlen",,1.0647199749946594,1.0685791850090027,2388.163607848866,136.15376381074014
"d32_c2_kv32k",32,2,32768,4,"dcp4_hkv2","baseline","cuda_graph","vllm_a2a_min_fa3_varlen",,0.7873600125312805,0.7909631848335266,3229.4318435824575,184.11607103839395
"d32_c2_kv32k",32,2,32768,4,"dcp4_hkv2","baseline","cuda_graph","vllm_ag_rs_min_fa3_varlen",,0.8313439786434174,0.8349792063236237,3058.572097895273,174.37503094273222
"d32_c2_kv32k",32,2,32768,8,"dcp8_hkv1","baseline","cuda_graph","sglang_mha_ag_ar_min_fa3_varlen",,1.3829919695854187,1.3909279704093933,1838.5685186546934,53.26311766082191
"d32_c2_kv32k",32,2,32768,8,"dcp8_hkv1","baseline","cuda_graph","vllm_a2a_min_fa3_varlen",,0.9605120122432709,0.9651040017604828,2647.2604865122694,76.69083057895517
"d32_c2_kv32k",32,2,32768,8,"dcp8_hkv1","baseline","cuda_graph","vllm_ag_rs_min_fa3_varlen",,1.039135992527008,1.0426879525184631,2446.9612400283713,70.88818453960486
"d32_c2_kv64k",32,2,65536,2,"dcp2_hkv4","baseline","cuda_graph","sglang_mha_ag_ar_min_fa3_varlen",,1.5095840096473694,1.5146016359329224,3323.1848159943456,379.43210602356567
"d32_c2_kv64k",32,2,65536,2,"dcp2_hkv4","baseline","cuda_graph","vllm_a2a_min_fa3_varlen",,1.3632320165634155,1.3736640095710755,3679.950733532845,420.1666576493253
"d32_c2_kv64k",32,2,65536,2,"dcp2_hkv4","baseline","cuda_graph","vllm_ag_rs_min_fa3_varlen",,1.3819519877433777,1.3997696161270141,3630.1019889408526,414.47506503848496
"d32_c2_kv64k",32,2,65536,4,"dcp4_hkv2","baseline","cuda_graph","sglang_mha_ag_ar_min_fa3_varlen",,1.54612797498703,1.5518367886543274,3244.638697757269,185.99493227746063
"d32_c2_kv64k",32,2,65536,4,"dcp4_hkv2","baseline","cuda_graph","vllm_a2a_min_fa3_varlen",,1.2803840041160583,1.2890719532966615,3918.064145757069,224.59821981182256
"d32_c2_kv64k",32,2,65536,4,"dcp4_hkv2","baseline","cuda_graph","vllm_ag_rs_min_fa3_varlen",,1.3286240100860596,1.331388783454895,3775.8061131253044,216.4434526374192
"d32_c2_kv64k",32,2,65536,8,"dcp8_hkv1","baseline","cuda_graph","sglang_mha_ag_ar_min_fa3_varlen",,1.8101600408554077,1.8156960248947143,2771.3718931489325,80.08442829811621
"d32_c2_kv64k",32,2,65536,8,"dcp8_hkv1","baseline","cuda_graph","vllm_a2a_min_fa3_varlen",,1.3934719562530518,1.4026719450950622,3600.0915819054994,104.03196946266677
"d32_c2_kv64k",32,2,65536,8,"dcp8_hkv1","baseline","cuda_graph","vllm_ag_rs_min_fa3_varlen",,1.468176007270813,1.4741727828979492,3416.910938800443,98.73859215931206
"d32_c2_kv128k",32,2,131072,2,"dcp2_hkv4","baseline","cuda_graph","sglang_mha_ag_ar_min_fa3_varlen",,2.7061760425567627,2.7178271770477296,3682.106717235486,422.44479517301056
"d32_c2_kv128k",32,2,131072,2,"dcp2_hkv4","baseline","cuda_graph","vllm_a2a_min_fa3_varlen",,2.568671941757202,2.596876859664917,3879.2143217414664,445.0587735302398
"d32_c2_kv128k",32,2,131072,2,"dcp2_hkv4","baseline","cuda_graph","vllm_ag_rs_min_fa3_varlen",,2.59552001953125,2.62826554775238,3839.087700860644,440.45508237168724
"d32_c2_kv128k",32,2,131072,4,"dcp4_hkv2","baseline","cuda_graph","sglang_mha_ag_ar_min_fa3_varlen",,2.560096025466919,2.5927455902099608,3892.209075439916,223.73560768898642
"d32_c2_kv128k",32,2,131072,4,"dcp4_hkv2","baseline","cuda_graph","vllm_a2a_min_fa3_varlen",,2.333440065383911,2.385436749458313,4270.274232511986,245.46790316029058
"d32_c2_kv128k",32,2,131072,4,"dcp4_hkv2","baseline","cuda_graph","vllm_ag_rs_min_fa3_varlen",,2.3860480785369873,2.4162848472595213,4176.122465407202,240.05578309687903
"d32_c2_kv128k",32,2,131072,8,"dcp8_hkv1","baseline","cuda_graph","sglang_mha_ag_ar_min_fa3_varlen",,2.7278079986572266,2.740467166900635,3652.9070188316136,105.42236408924614
"d32_c2_kv128k",32,2,131072,8,"dcp8_hkv1","baseline","cuda_graph","vllm_a2a_min_fa3_varlen",,2.408720016479492,2.4389472246170043,4136.814954061655,119.38787656205305
"d32_c2_kv128k",32,2,131072,8,"dcp8_hkv1","baseline","cuda_graph","vllm_ag_rs_min_fa3_varlen",,2.437008023262024,2.4692608594894407,4088.796134114589,118.00206041795236
"d32_c4_kv16k",32,4,16384,2,"dcp2_hkv4","baseline","cuda_graph","sglang_mha_ag_ar_min_fa3_varlen",,1.0627999901771545,1.0659871459007264,2327.8505809127932,146.26589521711261
"d32_c4_kv16k",32,4,16384,2,"dcp2_hkv4","baseline","cuda_graph","vllm_a2a_min_fa3_varlen",,0.7932640016078949,0.7987391829490662,3118.809840750723,195.96425866408921
"d32_c4_kv16k",32,4,16384,2,"dcp2_hkv4","baseline","cuda_graph","vllm_ag_rs_min_fa3_varlen",,0.8314400017261505,0.8348095715045929,2975.608064793193,186.96645780485395
"d32_c4_kv16k",32,4,16384,4,"dcp4_hkv2","baseline","cuda_graph","sglang_mha_ag_ar_min_fa3_varlen",,1.4209280014038086,1.431820797920227,1741.1435147197942,56.26880455660623
"d32_c4_kv16k",32,4,16384,4,"dcp4_hkv2","baseline","cuda_graph","vllm_a2a_min_fa3_varlen",,0.9454239904880524,0.9541151940822601,2616.857197849228,84.56937924615781
"d32_c4_kv16k",32,4,16384,4,"dcp4_hkv2","baseline","cuda_graph","vllm_ag_rs_min_fa3_varlen",,1.0229600071907043,1.029200029373169,2418.51055479902,78.15938007153653
"d32_c4_kv16k",32,4,16384,8,"dcp8_hkv1","baseline","cuda_graph","sglang_mha_ag_ar_min_fa3_varlen",,2.027631998062134,2.0350176095962524,1220.1620298419589,20.815011816905983
"d32_c4_kv16k",32,4,16384,8,"dcp8_hkv1","baseline","cuda_graph","vllm_a2a_min_fa3_varlen",,1.318224012851715,1.3258975744247437,1876.7975324436004,32.01670094652387
"d32_c4_kv16k",32,4,16384,8,"dcp8_hkv1","baseline","cuda_graph","vllm_ag_rs_min_fa3_varlen",,1.44868803024292,1.4574144005775451,1707.7793996221162,29.133383529732708
"d32_c4_kv32k",32,4,32768,2,"dcp2_hkv4","baseline","cuda_graph","sglang_mha_ag_ar_min_fa3_varlen",,1.5437439680099487,1.5497151732444763,3116.126691496163,198.5085236608517
"d32_c4_kv32k",32,4,32768,2,"dcp2_hkv4","baseline","cuda_graph","vllm_a2a_min_fa3_varlen",,1.2888800501823425,1.2937567949295044,3732.3114613120442,237.76171875470175
"d32_c4_kv32k",32,4,32768,2,"dcp2_hkv4","baseline","cuda_graph","vllm_ag_rs_min_fa3_varlen",,1.3163359761238098,1.3221439719200134,3654.463503852106,232.8025227285718
"d32_c4_kv32k",32,4,32768,4,"dcp4_hkv2","baseline","cuda_graph","sglang_mha_ag_ar_min_fa3_varlen",,1.8467680215835571,1.852937638759613,2604.8218982193093,84.17483418773102
"d32_c4_kv32k",32,4,32768,4,"dcp4_hkv2","baseline","cuda_graph","vllm_a2a_min_fa3_varlen",,1.3729439973831177,1.3794623613357544,3503.7858738018413,113.2248600789953
"d32_c4_kv32k",32,4,32768,4,"dcp4_hkv2","baseline","cuda_graph","vllm_ag_rs_min_fa3_varlen",,1.4494239687919617,1.4545728325843812,3318.905915128039,107.25046318197889
"d32_c4_kv32k",32,4,32768,8,"dcp8_hkv1","baseline","cuda_graph","sglang_mha_ag_ar_min_fa3_varlen",,2.4440799951553345,2.45242235660553,1968.225996320659,32.71329913852451
"d32_c4_kv32k",32,4,32768,8,"dcp8_hkv1","baseline","cuda_graph","vllm_a2a_min_fa3_varlen",,1.7318400144577026,1.7388896346092224,2777.682547690948,46.16703583040623
"d32_c4_kv32k",32,4,32768,8,"dcp8_hkv1","baseline","cuda_graph","vllm_ag_rs_min_fa3_varlen",,1.8654879927635193,1.8693407654762269,2578.68279089042,42.85952003451756
"d32_c4_kv64k",32,4,65536,2,"dcp2_hkv4","baseline","cuda_graph","sglang_mha_ag_ar_min_fa3_varlen",,2.558816075325012,2.5673887014389036,3706.1773579781216,237.78036642306088
"d32_c4_kv64k",32,4,65536,2,"dcp2_hkv4","baseline","cuda_graph","vllm_a2a_min_fa3_varlen",,2.3070720434188843,2.3161920070648194,4110.589536487283,263.7265818098811
"d32_c4_kv64k",32,4,65536,2,"dcp2_hkv4","baseline","cuda_graph","vllm_ag_rs_min_fa3_varlen",,2.345072031021118,2.364870381355286,4043.980771656987,259.45310674959
"d32_c4_kv64k",32,4,65536,4,"dcp4_hkv2","baseline","cuda_graph","sglang_mha_ag_ar_min_fa3_varlen",,2.7434080839157104,2.750979256629944,3456.804788613203,111.70278960562229
"d32_c4_kv64k",32,4,65536,4,"dcp4_hkv2","baseline","cuda_graph","vllm_a2a_min_fa3_varlen",,2.331663966178894,2.3639743089675904,4067.235390329996,131.42817337534316
"d32_c4_kv64k",32,4,65536,4,"dcp4_hkv2","baseline","cuda_graph","vllm_ag_rs_min_fa3_varlen",,2.384783983230591,2.4023168087005615,3976.6395062554493,128.50066846929545
"d32_c4_kv64k",32,4,65536,8,"dcp8_hkv1","baseline","cuda_graph","sglang_mha_ag_ar_min_fa3_varlen",,3.262608051300049,3.2698240280151367,2906.7010356396154,47.64635823725667
"d32_c4_kv64k",32,4,65536,8,"dcp8_hkv1","baseline","cuda_graph","vllm_a2a_min_fa3_varlen",,2.5761600732803345,2.596451187133789,3681.2255185386634,60.34228758233068
"d32_c4_kv64k",32,4,65536,8,"dcp8_hkv1","baseline","cuda_graph","vllm_ag_rs_min_fa3_varlen",,2.7179681062698364,2.732457661628723,3489.1602221981693,57.193972085766255
"d32_c4_kv128k",32,4,131072,2,"dcp2_hkv4","baseline","cuda_graph","sglang_mha_ag_ar_min_fa3_varlen",,4.616912126541138,4.645644664764404,4078.326492170508,262.60322197388416
"d32_c4_kv128k",32,4,131072,2,"dcp2_hkv4","baseline","cuda_graph","vllm_a2a_min_fa3_varlen",,4.380319833755493,4.434934425354004,4298.607351133219,276.7870945534422
"d32_c4_kv128k",32,4,131072,2,"dcp2_hkv4","baseline","cuda_graph","vllm_ag_rs_min_fa3_varlen",,4.406576156616211,4.482831954956055,4272.994354000887,275.1378750551332
"d32_c4_kv128k",32,4,131072,4,"dcp4_hkv2","baseline","cuda_graph","sglang_mha_ag_ar_min_fa3_varlen",,4.641263961791992,4.658419179916382,4056.928283481213,131.09278614808255
"d32_c4_kv128k",32,4,131072,4,"dcp4_hkv2","baseline","cuda_graph","vllm_a2a_min_fa3_varlen",,4.242303848266602,4.289852619171143,4438.455073271004,143.42118003843737
"d32_c4_kv128k",32,4,131072,4,"dcp4_hkv2","baseline","cuda_graph","vllm_ag_rs_min_fa3_varlen",,4.3119518756866455,4.349504041671753,4366.763725696169,141.10459521376526
"d32_c4_kv128k",32,4,131072,8,"dcp8_hkv1","baseline","cuda_graph","sglang_mha_ag_ar_min_fa3_varlen",,5.031759977340698,5.093401384353638,3742.085298680589,60.90241533380093
"d32_c4_kv128k",32,4,131072,8,"dcp8_hkv1","baseline","cuda_graph","vllm_a2a_min_fa3_varlen",,4.44488000869751,4.478063869476318,4236.171730362092,68.94366898552082
"d32_c4_kv128k",32,4,131072,8,"dcp8_hkv1","baseline","cuda_graph","vllm_ag_rs_min_fa3_varlen",,4.57262396812439,4.690595197677612,4117.827131413878,67.01761136192857
