record_type,dataset,case,case_count,workload_tokens,method,mode,sm_config,physical_tokens_min,physical_tokens_avg,physical_tokens_max,physical_flops_min,physical_flops_avg,physical_flops_max,sent_bytes_min,sent_bytes_avg,sent_bytes_max,kv_qo_lower,kv_qo_upper,qo_visits,kv_tile_reads,source_log
static,arxiv,1,20,131072,allgather_attention,causal,,16384.0,16384.0,16384.0,2868000000000.0,2868000000000.0,2868000000000.0,469762048.0,469762048.0,469762048.0,82.862,82.862,,,theoretical_load_131072_forward.results.log
static,arxiv,1,20,131072,llama3_allgather_attention,causal,,16384.0,16384.0,16384.0,1637000000000.0,2868000000000.0,4673000000000.0,469762048.0,469762048.0,469762048.0,83.953,83.953,,,theoretical_load_131072_forward.results.log
static,arxiv,1,20,131072,fa3_ring,causal,,16384.0,16384.0,16384.0,2868000000000.0,2868000000000.0,2868000000000.0,469762048.0,469762048.0,469762048.0,13.345,13.345,,,theoretical_load_131072_forward.results.log
static,arxiv,1,20,131072,megatron_hybrid_cp,causal,,14336.0,16384.0,17920.0,2433000000000.0,2868000000000.0,3007000000000.0,144703488.0,179306496.0,201326592.0,27.948,27.948,,,theoretical_load_131072_forward.results.log
static,arxiv,1,20,131072,zeppelin,causal,,8876.0,16385.0,31574.0,1718000000000.0,2868000000000.0,5134000000000.0,41943040.0,67115155.456,78299267.072,48.216,48.216,,,theoretical_load_131072_forward.results.log
static,arxiv,1,20,131072,mega_ring_all_cp,causal,,16384.0,16384.0,16384.0,2882000000000.0,2882000000000.0,2882000000000.0,234881024.0,352321536.0,469762048.0,13.294,42.882,,,theoretical_load_131072_forward.results.log
static,arxiv,1,20,131072,mega_ring_hybrid,causal,,15872.0,16384.0,16640.0,2805000000000.0,2868000000000.0,2943000000000.0,121110528.0,174587904.0,223346688.0,23.31,44.705,,,theoretical_load_131072_forward.results.log
static,arxiv,2,20,131072,allgather_attention,causal,,16384.0,16384.0,16384.0,4320999999999.9995,4320999999999.9995,4320999999999.9995,469762048.0,469762048.0,469762048.0,126.25,126.25,,,theoretical_load_131072_forward.results.log
static,arxiv,2,20,131072,llama3_allgather_attention,causal,,16384.0,16384.0,16384.0,1100000000000.0,4320999999999.9995,7697000000000.0,469762048.0,469762048.0,469762048.0,126.25,126.25,,,theoretical_load_131072_forward.results.log
static,arxiv,2,20,131072,fa3_ring,causal,,16384.0,16384.0,16384.0,4320999999999.9995,4320999999999.9995,4320999999999.9995,469762048.0,469762048.0,469762048.0,20.2,20.2,,,theoretical_load_131072_forward.results.log
static,arxiv,2,20,131072,megatron_hybrid_cp,causal,,13312.0,16384.0,17408.0,3728000000000.0,4320999999999.9995,4707000000000.0,255852544.0,289406976.0,314572800.0,29.815,29.815,,,theoretical_load_131072_forward.results.log
static,arxiv,2,20,131072,zeppelin,causal,,9832.0,16385.0,26216.0,2474000000000.0,4322000000000.0,6468000000000.0,50331648.0,127943049.216,211419136.0,52.237,52.237,,,theoretical_load_131072_forward.results.log
static,arxiv,2,20,131072,mega_ring_all_cp,causal,,16384.0,16384.0,16384.0,4320999999999.9995,4320999999999.9995,4320999999999.9995,234881024.0,352321536.0,469762048.0,20.2,65.161,,,theoretical_load_131072_forward.results.log
static,arxiv,2,20,131072,mega_ring_hybrid,causal,,15872.0,16384.0,16896.0,4261000000000.0,4320999999999.9995,4389999999999.9995,150994944.0,224919552.0,299892736.0,29.013,66.571,,,theoretical_load_131072_forward.results.log
static,arxiv,3,20,132096,allgather_attention,causal,,16512.0,16512.0,16512.0,5366000000000.0,5366000000000.0,5366000000000.0,473432064.0,473432064.0,473432064.0,154.492,154.492,,,theoretical_load_131072_forward.results.log
static,arxiv,3,20,132096,llama3_allgather_attention,causal,,16512.0,16512.0,16512.0,1079000000000.0,5366000000000.0,10112000000000.0,473432064.0,473432064.0,473432064.0,155.712,155.712,,,theoretical_load_131072_forward.results.log
static,arxiv,3,20,132096,fa3_ring,causal,,16512.0,16512.0,16512.0,5366000000000.0,5366000000000.0,5366000000000.0,473432064.0,473432064.0,473432064.0,24.848,24.848,,,theoretical_load_131072_forward.results.log
static,arxiv,3,20,132096,megatron_hybrid_cp,causal,,15360.0,16512.0,17664.0,4561000000000.0,5366000000000.0,6170000000000.0,264241152.0,303562752.0,342884352.0,35.601,35.601,,,theoretical_load_131072_forward.results.log
static,arxiv,3,20,132096,zeppelin,causal,,10240.0,16512.0,22528.0,4397999999999.9995,5366000000000.0,6391000000000.0,67108864.0,174063616.0,209715200.0,53.049,53.049,,,theoretical_load_131072_forward.results.log
static,arxiv,3,20,132096,mega_ring_all_cp,causal,,16512.0,16512.0,16512.0,5382000000000.0,5382000000000.0,5382000000000.0,236716032.0,355074048.0,473432064.0,24.754,79.853,,,theoretical_load_131072_forward.results.log
static,arxiv,3,20,132096,mega_ring_hybrid,causal,,16384.0,16512.0,16896.0,5274000000000.0,5366000000000.0,5429000000000.0,198180864.0,305528832.0,419430400.0,28.174,81.266,,,theoretical_load_131072_forward.results.log
static,arxiv,4,20,131072,allgather_attention,causal,,16384.0,16384.0,16384.0,2957000000000.0,2957000000000.0,2957000000000.0,469762048.0,469762048.0,469762048.0,85.646,85.646,,,theoretical_load_131072_forward.results.log
static,arxiv,4,20,131072,llama3_allgather_attention,causal,,16384.0,16384.0,16384.0,996567000000.0,2957000000000.0,4810000000000.0,469762048.0,469762048.0,469762048.0,86.562,86.562,,,theoretical_load_131072_forward.results.log
static,arxiv,4,20,131072,fa3_ring,causal,,16384.0,16384.0,16384.0,2957000000000.0,2957000000000.0,2957000000000.0,469762048.0,469762048.0,469762048.0,13.842,13.842,,,theoretical_load_131072_forward.results.log
static,arxiv,4,20,131072,megatron_hybrid_cp,causal,,14080.0,16384.0,19200.0,2607000000000.0,2957000000000.0,3234000000000.0,168820736.0,206045184.0,229638144.0,26.209,26.209,,,theoretical_load_131072_forward.results.log
static,arxiv,4,20,131072,zeppelin,causal,,12288.0,16385.0,22120.0,1684000000000.0,2958000000000.0,4166000000000.0005,0.0,92291465.216,127533056.0,42.87,42.87,,,theoretical_load_131072_forward.results.log
static,arxiv,4,20,131072,mega_ring_all_cp,causal,,16384.0,16384.0,16384.0,2985000000000.0,2985000000000.0,2985000000000.0,234881024.0,352321536.0,469762048.0,13.766,44.407,,,theoretical_load_131072_forward.results.log
static,arxiv,4,20,131072,mega_ring_hybrid,causal,,15872.0,16384.0,16896.0,2908000000000.0,2957000000000.0,3011000000000.0,168820736.0,251658240.0,333447168.0,18.224,45.832,,,theoretical_load_131072_forward.results.log
static,arxiv,5,20,131072,allgather_attention,causal,,16384.0,16384.0,16384.0,3281000000000.0,3281000000000.0,3281000000000.0,469762048.0,469762048.0,469762048.0,96.0,96.0,,,theoretical_load_131072_forward.results.log
static,arxiv,5,20,131072,llama3_allgather_attention,causal,,16384.0,16384.0,16384.0,1168000000000.0,3281000000000.0,5773000000000.0,469762048.0,469762048.0,469762048.0,96.0,96.0,,,theoretical_load_131072_forward.results.log
static,arxiv,5,20,131072,fa3_ring,causal,,16384.0,16384.0,16384.0,3281000000000.0,3281000000000.0,3281000000000.0,469762048.0,469762048.0,469762048.0,15.36,15.36,,,theoretical_load_131072_forward.results.log
static,arxiv,5,20,131072,megatron_hybrid_cp,causal,,13824.0,16384.0,17920.0,2878000000000.0,3281000000000.0,3479000000000.0,278921216.0,306184192.0,325058560.0,21.71,21.71,,,theoretical_load_131072_forward.results.log
static,arxiv,5,20,131072,zeppelin,causal,,11264.0,16384.0,23552.0,2079000000000.0002,3281000000000.0,4536000000000.0,46137344.0,91226112.0,155189248.0,47.536,47.536,,,theoretical_load_131072_forward.results.log
static,arxiv,5,20,131072,mega_ring_all_cp,causal,,16384.0,16384.0,16384.0,3281000000000.0,3281000000000.0,3281000000000.0,234881024.0,352321536.0,469762048.0,15.36,49.548,,,theoretical_load_131072_forward.results.log
static,arxiv,5,20,131072,mega_ring_hybrid,causal,,15872.0,16384.0,16896.0,3273000000000.0,3281000000000.0,3290000000000.0,158334976.0,237502464.0,318767104.0,21.15,50.516,,,theoretical_load_131072_forward.results.log
static,arxiv,6,20,131072,allgather_attention,causal,,16384.0,16384.0,16384.0,3004000000000.0,3004000000000.0,3004000000000.0,469762048.0,469762048.0,469762048.0,84.216,84.216,,,theoretical_load_131072_forward.results.log
static,arxiv,6,20,131072,llama3_allgather_attention,causal,,16384.0,16384.0,16384.0,1335000000000.0,3004000000000.0,4604000000000.0,469762048.0,469762048.0,469762048.0,87.918,87.918,,,theoretical_load_131072_forward.results.log
static,arxiv,6,20,131072,fa3_ring,causal,,16384.0,16384.0,16384.0,3004000000000.0,3004000000000.0,3004000000000.0,469762048.0,469762048.0,469762048.0,13.78,13.78,,,theoretical_load_131072_forward.results.log
static,arxiv,6,20,131072,megatron_hybrid_cp,causal,,14336.0,16384.0,18432.0,2305000000000.0,3004000000000.0,3685000000000.0,188743680.0,220200960.0,243269632.0,25.403,25.403,,,theoretical_load_131072_forward.results.log
static,arxiv,6,20,131072,zeppelin,causal,,13312.0,16384.0,22016.0,1684000000000.0,3004000000000.0,4022000000000.0,0.0,70254592.0,113246208.0,49.249,49.249,,,theoretical_load_131072_forward.results.log
static,arxiv,6,20,131072,mega_ring_all_cp,causal,,16384.0,16384.0,16384.0,3028000000000.0,3028000000000.0,3028000000000.0,234881024.0,352321536.0,469762048.0,13.549,43.705,,,theoretical_load_131072_forward.results.log
static,arxiv,6,20,131072,mega_ring_hybrid,causal,,15872.0,16384.0,16896.0,2896000000000.0,3004000000000.0,3084000000000.0,175112192.0,249692160.0,314572800.0,18.624,46.89,,,theoretical_load_131072_forward.results.log
static,arxiv,7,20,131072,allgather_attention,causal,,16384.0,16384.0,16384.0,3644000000000.0,3644000000000.0,3644000000000.0,469762048.0,469762048.0,469762048.0,105.338,105.338,,,theoretical_load_131072_forward.results.log
static,arxiv,7,20,131072,llama3_allgather_attention,causal,,16384.0,16384.0,16384.0,1048000000000.0,3644000000000.0,6047000000000.0,469762048.0,469762048.0,469762048.0,106.562,106.562,,,theoretical_load_131072_forward.results.log
static,arxiv,7,20,131072,fa3_ring,causal,,16384.0,16384.0,16384.0,3644000000000.0,3644000000000.0,3644000000000.0,469762048.0,469762048.0,469762048.0,17.028,17.028,,,theoretical_load_131072_forward.results.log
static,arxiv,7,20,131072,megatron_hybrid_cp,causal,,16128.0,16384.0,16640.0,3619000000000.0,3644000000000.0,3670000000000.0,315621376.0,318767104.0,321912832.0,23.356,23.356,,,theoretical_load_131072_forward.results.log
static,arxiv,7,20,131072,zeppelin,causal,,11606.0,16384.0,18842.0,3310000000000.0,3645000000000.0,3890000000000.0,95076483.072,123738259.456,140934905.856,45.13,45.13,,,theoretical_load_131072_forward.results.log
static,arxiv,7,20,131072,mega_ring_all_cp,causal,,16384.0,16384.0,16384.0,3672000000000.0,3672000000000.0,3672000000000.0,234881024.0,352321536.0,469762048.0,16.917,54.571,,,theoretical_load_131072_forward.results.log
static,arxiv,7,20,131072,mega_ring_hybrid,causal,,16128.0,16384.0,17152.0,3561000000000.0,3644000000000.0,3672000000000.0,168296448.0,253231104.0,340787200.0,22.324,56.804,,,theoretical_load_131072_forward.results.log
static,arxiv,8,20,132096,allgather_attention,causal,,16512.0,16512.0,16512.0,3059000000000.0,3059000000000.0,3059000000000.0,473432064.0,473432064.0,473432064.0,88.331,88.331,,,theoretical_load_131072_forward.results.log
static,arxiv,8,20,132096,llama3_allgather_attention,causal,,16512.0,16512.0,16512.0,1008000000000.0,3059000000000.0,5402000000000.0,473432064.0,473432064.0,473432064.0,89.292,89.292,,,theoretical_load_131072_forward.results.log
static,arxiv,8,20,132096,fa3_ring,causal,,16512.0,16512.0,16512.0,3059000000000.0,3059000000000.0,3059000000000.0,473432064.0,473432064.0,473432064.0,14.205,14.205,,,theoretical_load_131072_forward.results.log
static,arxiv,8,20,132096,megatron_hybrid_cp,causal,,13568.0,16512.0,18176.0,2564000000000.0,3059000000000.0,3501000000000.0,183500800.0,204472320.0,219152384.0,27.19,27.19,,,theoretical_load_131072_forward.results.log
static,arxiv,8,20,132096,zeppelin,causal,,9558.0,16512.0,24576.0,2245000000000.0,3059000000000.0,4261000000000.0,54525952.0,74450993.152,83886080.0,48.8,48.8,,,theoretical_load_131072_forward.results.log
static,arxiv,8,20,132096,mega_ring_all_cp,causal,,16512.0,16512.0,16512.0,3071000000000.0,3071000000000.0,3071000000000.0,236716032.0,355074048.0,473432064.0,14.16,45.677,,,theoretical_load_131072_forward.results.log
static,arxiv,8,20,132096,mega_ring_hybrid,causal,,16128.0,16512.0,17152.0,2938000000000.0,3059000000000.0,3157000000000.0,126353408.0,184418304.0,238026752.0,23.839,47.333,,,theoretical_load_131072_forward.results.log
static,arxiv,9,20,132096,allgather_attention,causal,,16512.0,16512.0,16512.0,3433000000000.0,3433000000000.0,3433000000000.0,473432064.0,473432064.0,473432064.0,99.108,99.108,,,theoretical_load_131072_forward.results.log
static,arxiv,9,20,132096,llama3_allgather_attention,causal,,16512.0,16512.0,16512.0,1554000000000.0,3433000000000.0,5956000000000.0,473432064.0,473432064.0,473432064.0,100.14,100.14,,,theoretical_load_131072_forward.results.log
static,arxiv,9,20,132096,fa3_ring,causal,,16512.0,16512.0,16512.0,3433000000000.0,3433000000000.0,3433000000000.0,473432064.0,473432064.0,473432064.0,15.937,15.937,,,theoretical_load_131072_forward.results.log
static,arxiv,9,20,132096,megatron_hybrid_cp,causal,,14976.0,16512.0,18048.0,3131000000000.0,3449000000000.0,3801000000000.0,303562752.0,309854208.0,316145664.0,22.322,22.322,,,theoretical_load_131072_forward.results.log
static,arxiv,9,20,132096,zeppelin,causal,,11606.0,16512.0,23552.0,2198999999999.9998,3433000000000.0,4467000000000.0,0.0,92276785.152,113246208.0,49.41,49.41,,,theoretical_load_131072_forward.results.log
static,arxiv,9,20,132096,mega_ring_all_cp,causal,,16512.0,16512.0,16512.0,3449000000000.0,3449000000000.0,3449000000000.0,236716032.0,355074048.0,473432064.0,15.893,51.267,,,theoretical_load_131072_forward.results.log
static,arxiv,9,20,132096,mega_ring_hybrid,causal,,15872.0,16512.0,17152.0,3318000000000.0,3433000000000.0,3582000000000.0,70254592.0,111280128.0,156237824.0,37.663,54.604,,,theoretical_load_131072_forward.results.log
static,arxiv,10,20,131072,allgather_attention,causal,,16384.0,16384.0,16384.0,5008000000000.0,5008000000000.0,5008000000000.0,469762048.0,469762048.0,469762048.0,146.25,146.25,,,theoretical_load_131072_forward.results.log
static,arxiv,10,20,131072,llama3_allgather_attention,causal,,16384.0,16384.0,16384.0,1237000000000.0,5008000000000.0,7697000000000.0,469762048.0,469762048.0,469762048.0,146.25,146.25,,,theoretical_load_131072_forward.results.log
static,arxiv,10,20,131072,fa3_ring,causal,,16384.0,16384.0,16384.0,5008000000000.0,5008000000000.0,5008000000000.0,469762048.0,469762048.0,469762048.0,23.4,23.4,,,theoretical_load_131072_forward.results.log
static,arxiv,10,20,131072,megatron_hybrid_cp,causal,,14336.0,16384.0,17408.0,4450000000000.0,5008000000000.0,5334000000000.0,335544320.0,367001600.0,392167424.0,28.668,28.668,,,theoretical_load_131072_forward.results.log
static,arxiv,10,20,131072,zeppelin,causal,,10650.0,16384.0,33178.0,3711000000000.0,5008000000000.0,8804000000000.0,100663296.0,146804834.304,174489337.856,55.674,55.674,,,theoretical_load_131072_forward.results.log
static,arxiv,10,20,131072,mega_ring_all_cp,causal,,16384.0,16384.0,16384.0,5008000000000.0,5008000000000.0,5008000000000.0,234881024.0,352321536.0,469762048.0,23.4,75.484,,,theoretical_load_131072_forward.results.log
static,arxiv,10,20,131072,mega_ring_hybrid,causal,,15616.0,16384.0,17152.0,4892000000000.0,5008000000000.0,5124000000000.0,220725248.0,324009984.0,422576128.0,25.094,75.828,,,theoretical_load_131072_forward.results.log
static,arxiv,11,20,131072,allgather_attention,causal,,16384.0,16384.0,16384.0,5927000000000.0,5927000000000.0,5927000000000.0,469762048.0,469762048.0,469762048.0,173.0,173.0,,,theoretical_load_131072_forward.results.log
static,arxiv,11,20,131072,llama3_allgather_attention,causal,,16384.0,16384.0,16384.0,1924000000000.0,5927000000000.0,9071000000000.0,469762048.0,469762048.0,469762048.0,173.0,173.0,,,theoretical_load_131072_forward.results.log
static,arxiv,11,20,131072,fa3_ring,causal,,16384.0,16384.0,16384.0,5927000000000.0,5927000000000.0,5927000000000.0,469762048.0,469762048.0,469762048.0,27.68,27.68,,,theoretical_load_131072_forward.results.log
static,arxiv,11,20,131072,megatron_hybrid_cp,causal,,15872.0,16384.0,16896.0,5790000000000.0,5927000000000.0,6065000000000.0,396361728.0,402653184.0,408944640.0,31.455,31.455,,,theoretical_load_131072_forward.results.log
static,arxiv,11,20,131072,zeppelin,causal,,10582.0,16384.0,29014.0,4965000000000.0,5928000000000.0,8287000000000.001,71303168.0,180365557.76,216719687.68,57.775,57.775,,,theoretical_load_131072_forward.results.log
static,arxiv,11,20,131072,mega_ring_all_cp,causal,,16384.0,16384.0,16384.0,5927000000000.0,5927000000000.0,5927000000000.0,234881024.0,352321536.0,469762048.0,27.68,89.29,,,theoretical_load_131072_forward.results.log
static,arxiv,11,20,131072,mega_ring_hybrid,causal,,15872.0,16384.0,16896.0,5790000000000.0,5927000000000.0,6065000000000.0,204472320.0,301989888.0,396361728.0,31.455,90.016,,,theoretical_load_131072_forward.results.log
static,arxiv,12,20,131328,allgather_attention,causal,,16416.0,16416.0,16416.0,1595000000000.0,1595000000000.0,1595000000000.0,470679552.0,470679552.0,470679552.0,45.771,45.771,,,theoretical_load_131072_forward.results.log
static,arxiv,12,20,131328,llama3_allgather_attention,causal,,16416.0,16416.0,16416.0,988044000000.0,1595000000000.0,3292000000000.0,470679552.0,470679552.0,470679552.0,47.243,47.243,,,theoretical_load_131072_forward.results.log
static,arxiv,12,20,131328,fa3_ring,causal,,16416.0,16416.0,16416.0,1595000000000.0,1595000000000.0,1595000000000.0,470679552.0,470679552.0,470679552.0,7.503,7.503,,,theoretical_load_131072_forward.results.log
static,arxiv,12,20,131328,megatron_hybrid_cp,causal,,14592.0,16416.0,18688.0,1235000000000.0,1595000000000.0,1894000000000.0,82837504.0,97517568.0,112197632.0,22.429,22.429,,,theoretical_load_131072_forward.results.log
static,arxiv,12,20,131328,zeppelin,causal,,13312.0,16416.0,19456.0,1074000000000.0001,1595000000000.0,2150000000000.0,0.0,37748736.0,75497472.0,32.951,32.951,,,theoretical_load_131072_forward.results.log
static,arxiv,12,20,131328,mega_ring_all_cp,causal,,16416.0,16416.0,16416.0,1662000000000.0,1662000000000.0,1662000000000.0,235340300.288,353009401.856,470679552.0,7.473,24.108,,,theoretical_load_131072_forward.results.log
static,arxiv,12,20,131328,mega_ring_hybrid,causal,,16128.0,16416.0,16896.0,1538000000000.0,1595000000000.0,1658000000000.0,79691776.0,99090432.0,121634816.0,18.929,30.446,,,theoretical_load_131072_forward.results.log
static,arxiv,13,20,131072,allgather_attention,causal,,16384.0,16384.0,16384.0,2998000000000.0,2998000000000.0,2998000000000.0,469762048.0,469762048.0,469762048.0,87.75,87.75,,,theoretical_load_131072_forward.results.log
static,arxiv,13,20,131072,llama3_allgather_attention,causal,,16384.0,16384.0,16384.0,1443000000000.0,2998000000000.0,4123000000000.0,469762048.0,469762048.0,469762048.0,87.75,87.75,,,theoretical_load_131072_forward.results.log
static,arxiv,13,20,131072,fa3_ring,causal,,16384.0,16384.0,16384.0,2998000000000.0,2998000000000.0,2998000000000.0,469762048.0,469762048.0,469762048.0,14.04,14.04,,,theoretical_load_131072_forward.results.log
static,arxiv,13,20,131072,megatron_hybrid_cp,causal,,15360.0,16384.0,17408.0,2938000000000.0,2998000000000.0,3058000000000.0,171966464.0,180355072.0,188743680.0,29.098,29.098,,,theoretical_load_131072_forward.results.log
static,arxiv,13,20,131072,zeppelin,causal,,10240.0,16384.0,22528.0,2577000000000.0,2998000000000.0,3814000000000.0,0.0,62914560.0,83886080.0,51.523,51.523,,,theoretical_load_131072_forward.results.log
static,arxiv,13,20,131072,mega_ring_all_cp,causal,,16384.0,16384.0,16384.0,2998000000000.0,2998000000000.0,2998000000000.0,234881024.0,352321536.0,469762048.0,14.04,45.29,,,theoretical_load_131072_forward.results.log
static,arxiv,13,20,131072,mega_ring_hybrid,causal,,16128.0,16384.0,16640.0,2951000000000.0,2998000000000.0,3045000000000.0,112721920.0,166723584.0,219152384.0,25.184,46.678,,,theoretical_load_131072_forward.results.log
static,arxiv,14,20,131072,allgather_attention,causal,,16384.0,16384.0,16384.0,4106000000000.0,4106000000000.0,4106000000000.0,469762048.0,469762048.0,469762048.0,120.0,120.0,,,theoretical_load_131072_forward.results.log
static,arxiv,14,20,131072,llama3_allgather_attention,causal,,16384.0,16384.0,16384.0,2061999999999.9998,4106000000000.0,6254000000000.0,469762048.0,469762048.0,469762048.0,120.0,120.0,,,theoretical_load_131072_forward.results.log
static,arxiv,14,20,131072,fa3_ring,causal,,16384.0,16384.0,16384.0,4106000000000.0,4106000000000.0,4106000000000.0,469762048.0,469762048.0,469762048.0,19.2,19.2,,,theoretical_load_131072_forward.results.log
static,arxiv,14,20,131072,megatron_hybrid_cp,causal,,13568.0,16384.0,18688.0,3741000000000.0,4106000000000.0,4341999999999.9995,254803968.0,283115520.0,300941312.0,28.818,28.818,,,theoretical_load_131072_forward.results.log
static,arxiv,14,20,131072,zeppelin,causal,,9422.0,16385.0,29902.0,2079000000000.0002,4107000000000.0,7072000000000.0,46137344.0,121647398.912,200507654.144,50.998,50.998,,,theoretical_load_131072_forward.results.log
static,arxiv,14,20,131072,mega_ring_all_cp,causal,,16384.0,16384.0,16384.0,4106000000000.0,4106000000000.0,4106000000000.0,234881024.0,352321536.0,469762048.0,19.2,61.935,,,theoretical_load_131072_forward.results.log
static,arxiv,14,20,131072,mega_ring_hybrid,causal,,15616.0,16384.0,16640.0,4033000000000.0005,4106000000000.0,4171000000000.0005,146276352.0,221773824.0,300941312.0,27.877,63.308,,,theoretical_load_131072_forward.results.log
static,arxiv,15,20,131072,allgather_attention,causal,,16384.0,16384.0,16384.0,4224000000000.0,4224000000000.0,4224000000000.0,469762048.0,469762048.0,469762048.0,121.746,121.746,,,theoretical_load_131072_forward.results.log
static,arxiv,15,20,131072,llama3_allgather_attention,causal,,16384.0,16384.0,16384.0,945027000000.0,4224000000000.0,10445000000000.0,469762048.0,469762048.0,469762048.0,123.438,123.438,,,theoretical_load_131072_forward.results.log
static,arxiv,15,20,131072,fa3_ring,causal,,16384.0,16384.0,16384.0,4224000000000.0,4224000000000.0,4224000000000.0,469762048.0,469762048.0,469762048.0,19.69,19.69,,,theoretical_load_131072_forward.results.log
static,arxiv,15,20,131072,megatron_hybrid_cp,causal,,14336.0,16384.0,21504.0,3750000000000.0,4224000000000.0,4433000000000.0,222298112.0,264241152.0,291504128.0,31.225,31.225,,,theoretical_load_131072_forward.results.log
static,arxiv,15,20,131072,zeppelin,causal,,8876.0,16385.0,24236.0,2904000000000.0,4224999999999.9995,5565000000000.0,54525952.0,149967339.52,181780086.784,46.42,46.42,,,theoretical_load_131072_forward.results.log
static,arxiv,15,20,131072,mega_ring_all_cp,causal,,16384.0,16384.0,16384.0,4239000000000.0,4239000000000.0,4239000000000.0,234881024.0,352321536.0,469762048.0,19.516,62.956,,,theoretical_load_131072_forward.results.log
static,arxiv,15,20,131072,mega_ring_hybrid,causal,,16128.0,16384.0,17152.0,4158000000000.0005,4224000000000.0,4264999999999.9995,180879360.0,263847936.0,340787200.0,25.03,65.121,,,theoretical_load_131072_forward.results.log
static,arxiv,16,20,131584,allgather_attention,causal,,16448.0,16448.0,16448.0,1665000000000.0,1665000000000.0,1665000000000.0,471597056.0,471597056.0,471597056.0,47.833,47.833,,,theoretical_load_131072_forward.results.log
static,arxiv,16,20,131584,llama3_allgather_attention,causal,,16448.0,16448.0,16448.0,823426000000.0,1665000000000.0,2282000000000.0,471597056.0,471597056.0,471597056.0,49.269,49.269,,,theoretical_load_131072_forward.results.log
static,arxiv,16,20,131584,fa3_ring,causal,,16448.0,16448.0,16448.0,1665000000000.0,1665000000000.0,1665000000000.0,471597056.0,471597056.0,471597056.0,7.772,7.772,,,theoretical_load_131072_forward.results.log
static,arxiv,16,20,131584,megatron_hybrid_cp,causal,,13824.0,16448.0,20480.0,1463000000000.0,1665000000000.0,2027000000000.0002,54525952.0,74448896.0,100663296.0,26.661,26.661,,,theoretical_load_131072_forward.results.log
static,arxiv,16,20,131584,zeppelin,causal,,13312.0,16448.0,22188.0,1151000000000.0,1665000000000.0,2460000000000.0,0.0,36704354.304,55935238.144,34.718,34.718,,,theoretical_load_131072_forward.results.log
static,arxiv,16,20,131584,mega_ring_all_cp,causal,,16448.0,16448.0,16448.0,1692000000000.0,1692000000000.0,1692000000000.0,235798528.0,353697267.712,471597056.0,7.721,24.907,,,theoretical_load_131072_forward.results.log
static,arxiv,16,20,131584,mega_ring_hybrid,causal,,16128.0,16448.0,17152.0,1649000000000.0,1665000000000.0,1720000000000.0,55050240.0,109707264.0,176160768.0,18.55,27.344,,,theoretical_load_131072_forward.results.log
static,arxiv,17,20,131072,allgather_attention,causal,,16384.0,16384.0,16384.0,7130000000000.0,7130000000000.0,7130000000000.0,469762048.0,469762048.0,469762048.0,202.18,202.18,,,theoretical_load_131072_forward.results.log
static,arxiv,17,20,131072,llama3_allgather_attention,causal,,16384.0,16384.0,16384.0,894561000000.0,7130000000000.0,13194000000000.0,469762048.0,469762048.0,469762048.0,208.004,208.004,,,theoretical_load_131072_forward.results.log
static,arxiv,17,20,131072,fa3_ring,causal,,16384.0,16384.0,16384.0,7130000000000.0,7130000000000.0,7130000000000.0,469762048.0,469762048.0,469762048.0,32.88,32.88,,,theoretical_load_131072_forward.results.log
static,arxiv,17,20,131072,megatron_hybrid_cp,causal,,11520.0,16384.0,17664.0,5898000000000.0,7130000000000.0,8079000000000.001,271581184.0,321912832.0,372244480.0,45.241,45.241,,,theoretical_load_131072_forward.results.log
static,arxiv,17,20,131072,zeppelin,causal,,10826.0,16385.0,28490.0,4397999999999.9995,7131000000000.0,11133000000000.0,67108864.0,249579962.368,333168246.784,55.429,55.429,,,theoretical_load_131072_forward.results.log
static,arxiv,17,20,131072,mega_ring_all_cp,causal,,16384.0,16384.0,16384.0,7164000000000.0,7164000000000.0,7164000000000.0,234881024.0,352321536.0,469762048.0,32.429,104.61,,,theoretical_load_131072_forward.results.log
static,arxiv,17,20,131072,mega_ring_hybrid,causal,,15616.0,16384.0,17152.0,7087000000000.0,7130000000000.0,7190000000000.0,201850880.0,305922048.0,414187520.0,37.42,109.397,,,theoretical_load_131072_forward.results.log
static,arxiv,18,20,131584,allgather_attention,causal,,16448.0,16448.0,16448.0,3791000000000.0,3791000000000.0,3791000000000.0,471597056.0,471597056.0,471597056.0,109.25,109.25,,,theoretical_load_131072_forward.results.log
static,arxiv,18,20,131584,llama3_allgather_attention,causal,,16448.0,16448.0,16448.0,915231000000.0,3791000000000.0,5864000000000.0,471597056.0,471597056.0,471597056.0,110.79,110.79,,,theoretical_load_131072_forward.results.log
static,arxiv,18,20,131584,fa3_ring,causal,,16448.0,16448.0,16448.0,3791000000000.0,3791000000000.0,3791000000000.0,471597056.0,471597056.0,471597056.0,17.583,17.583,,,theoretical_load_131072_forward.results.log
static,arxiv,18,20,131584,megatron_hybrid_cp,causal,,12800.0,16448.0,21504.0,2828000000000.0,3791000000000.0,5111000000000.0,218103808.0,251658240.0,289406976.0,29.038,29.038,,,theoretical_load_131072_forward.results.log
static,arxiv,18,20,131584,zeppelin,causal,,10240.0,16448.0,30004.0,2577000000000.0,3791000000000.0,6164000000000.0,83886080.0,123740356.608,147652083.712,46.832,46.832,,,theoretical_load_131072_forward.results.log
static,arxiv,18,20,131584,mega_ring_all_cp,causal,,16448.0,16448.0,16448.0,3801000000000.0,3801000000000.0,3801000000000.0,235798528.0,353697267.712,471597056.0,17.508,56.476,,,theoretical_load_131072_forward.results.log
static,arxiv,18,20,131584,mega_ring_hybrid,causal,,15872.0,16448.0,17152.0,3711000000000.0,3791000000000.0,3857000000000.0,184025088.0,275448332.288,369098752.0,21.694,57.752,,,theoretical_load_131072_forward.results.log
static,arxiv,19,20,131072,allgather_attention,causal,,16384.0,16384.0,16384.0,2699000000000.0,2699000000000.0,2699000000000.0,469762048.0,469762048.0,469762048.0,76.947,76.947,,,theoretical_load_131072_forward.results.log
static,arxiv,19,20,131072,llama3_allgather_attention,causal,,16384.0,16384.0,16384.0,820473000000.0,2699000000000.0,4347000000000.0005,469762048.0,469762048.0,469762048.0,79.047,79.047,,,theoretical_load_131072_forward.results.log
static,arxiv,19,20,131072,fa3_ring,causal,,16384.0,16384.0,16384.0,2699000000000.0,2699000000000.0,2699000000000.0,469762048.0,469762048.0,469762048.0,12.515,12.515,,,theoretical_load_131072_forward.results.log
static,arxiv,19,20,131072,megatron_hybrid_cp,causal,,15616.0,16384.0,18688.0,2380000000000.0,2699000000000.0,2908000000000.0,187695104.0,204472320.0,221249536.0,24.062,24.062,,,theoretical_load_131072_forward.results.log
static,arxiv,19,20,131072,zeppelin,causal,,10240.0,16384.0,19456.0,1718000000000.0,2699000000000.0,3344000000000.0,41943040.0,76546048.0,106954752.0,42.602,42.602,,,theoretical_load_131072_forward.results.log
static,arxiv,19,20,131072,mega_ring_all_cp,causal,,16384.0,16384.0,16384.0,2723000000000.0,2723000000000.0,2723000000000.0,234881024.0,352321536.0,469762048.0,12.376,39.922,,,theoretical_load_131072_forward.results.log
static,arxiv,19,20,131072,mega_ring_hybrid,causal,,16128.0,16384.0,16640.0,2607000000000.0,2699000000000.0,2826000000000.0,120061952.0,172621824.0,227540992.0,22.128,43.825,,,theoretical_load_131072_forward.results.log
static,arxiv,20,20,131072,allgather_attention,causal,,16384.0,16384.0,16384.0,2352000000000.0,2352000000000.0,2352000000000.0,469762048.0,469762048.0,469762048.0,68.223,68.223,,,theoretical_load_131072_forward.results.log
static,arxiv,20,20,131072,llama3_allgather_attention,causal,,16384.0,16384.0,16384.0,893487000000.0,2352000000000.0,3711000000000.0,469762048.0,469762048.0,469762048.0,68.938,68.938,,,theoretical_load_131072_forward.results.log
static,arxiv,20,20,131072,fa3_ring,causal,,16384.0,16384.0,16384.0,2352000000000.0,2352000000000.0,2352000000000.0,469762048.0,469762048.0,469762048.0,11.026,11.026,,,theoretical_load_131072_forward.results.log
static,arxiv,20,20,131072,megatron_hybrid_cp,causal,,14336.0,16384.0,24064.0,1984000000000.0,2352000000000.0,2783000000000.0,117440512.0,124780544.0,140509184.0,28.79,28.79,,,theoretical_load_131072_forward.results.log
static,arxiv,20,20,131072,zeppelin,causal,,9216.0,16384.0,23894.0,1392000000000.0,2352000000000.0,3929000000000.0,0.0,49285169.152,78299267.072,44.624,44.624,,,theoretical_load_131072_forward.results.log
static,arxiv,20,20,131072,mega_ring_all_cp,causal,,16384.0,16384.0,16384.0,2375000000000.0,2375000000000.0,2375000000000.0,234881024.0,352321536.0,469762048.0,10.97,35.387,,,theoretical_load_131072_forward.results.log
static,arxiv,20,20,131072,mega_ring_hybrid,causal,,16128.0,16384.0,16896.0,2242000000000.0,2352000000000.0,2442000000000.0,128450560.0,187957248.0,243269632.0,18.138,36.671,,,theoretical_load_131072_forward.results.log
static,freelaw,1,20,131328,allgather_attention,causal,,16416.0,16416.0,16416.0,1270000000000.0,1270000000000.0,1270000000000.0,470679552.0,470679552.0,470679552.0,33.462,33.462,,,theoretical_load_131072_forward.results.log
static,freelaw,1,20,131328,llama3_allgather_attention,causal,,16416.0,16416.0,16416.0,602973000000.0,1270000000000.0,2377000000000.0,470679552.0,470679552.0,470679552.0,37.797,37.797,,,theoretical_load_131072_forward.results.log
static,freelaw,1,20,131328,fa3_ring,causal,,16416.0,16416.0,16416.0,1270000000000.0,1270000000000.0,1270000000000.0,470679552.0,470679552.0,470679552.0,5.829,5.829,,,theoretical_load_131072_forward.results.log
static,freelaw,1,20,131328,megatron_hybrid_cp,causal,,12800.0,16416.0,19456.0,840352000000.0,1270000000000.0,1589000000000.0,20971520.0,47185920.0,69206016.0,24.495,24.495,,,theoretical_load_131072_forward.results.log
static,freelaw,1,20,131328,zeppelin,causal,,15360.0,16416.0,19200.0,731348000000.0,1270000000000.0,1566000000000.0,0.0,41943040.0,69206016.0,25.471,25.471,,,theoretical_load_131072_forward.results.log
static,freelaw,1,20,131328,mega_ring_all_cp,causal,,16416.0,16416.0,16416.0,1405000000000.0,1405000000000.0,1405000000000.0,235340300.288,353009401.856,470679552.0,5.661,18.261,,,theoretical_load_131072_forward.results.log
static,freelaw,1,20,131328,mega_ring_hybrid,causal,,16128.0,16416.0,16896.0,1211000000000.0,1270000000000.0,1324000000000.0,81788928.0,110886912.0,132120576.0,14.113,28.081,,,theoretical_load_131072_forward.results.log
static,freelaw,2,20,131328,allgather_attention,causal,,16416.0,16416.0,16416.0,918385000000.0,918385000000.0,918385000000.0,470679552.0,470679552.0,470679552.0,24.176,24.176,,,theoretical_load_131072_forward.results.log
static,freelaw,2,20,131328,llama3_allgather_attention,causal,,16416.0,16416.0,16416.0,511840000000.0,918385000000.0,1403000000000.0,470679552.0,470679552.0,470679552.0,27.492,27.492,,,theoretical_load_131072_forward.results.log
static,freelaw,2,20,131328,fa3_ring,causal,,16416.0,16416.0,16416.0,918385000000.0,918385000000.0,918385000000.0,470679552.0,470679552.0,470679552.0,4.275,4.275,,,theoretical_load_131072_forward.results.log
static,freelaw,2,20,131328,megatron_hybrid_cp,causal,,13056.0,16416.0,20224.0,853254000000.0,918385000000.0,1168000000000.0,20971520.0,22020096.0,25165824.0,21.815,21.815,,,theoretical_load_131072_forward.results.log
static,freelaw,2,20,131328,zeppelin,causal,,12288.0,16416.0,20736.0,512275999999.99994,918385000000.0,1186000000000.0,0.0,6291456.0,25165824.0,25.391,25.391,,,theoretical_load_131072_forward.results.log
static,freelaw,2,20,131328,mega_ring_all_cp,causal,,16416.0,16416.0,16416.0,1091000000000.0,1091000000000.0,1091000000000.0,235340300.288,353009401.856,470679552.0,4.248,13.704,,,theoretical_load_131072_forward.results.log
static,freelaw,2,20,131328,mega_ring_hybrid,causal,,15616.0,16416.0,17152.0,874703000000.0,918385000000.0,963811000000.0,0.0,25952256.0,56623104.0,19.605,22.777,,,theoretical_load_131072_forward.results.log
static,freelaw,3,20,131072,allgather_attention,causal,,16384.0,16384.0,16384.0,1810000000000.0,1810000000000.0,1810000000000.0,469762048.0,469762048.0,469762048.0,49.454,49.454,,,theoretical_load_131072_forward.results.log
static,freelaw,3,20,131072,llama3_allgather_attention,causal,,16384.0,16384.0,16384.0,686255000000.0,1810000000000.0,3019000000000.0,469762048.0,469762048.0,469762048.0,53.168,53.168,,,theoretical_load_131072_forward.results.log
static,freelaw,3,20,131072,fa3_ring,causal,,16384.0,16384.0,16384.0,1810000000000.0,1810000000000.0,1810000000000.0,469762048.0,469762048.0,469762048.0,8.309,8.309,,,theoretical_load_131072_forward.results.log
static,freelaw,3,20,131072,megatron_hybrid_cp,causal,,12800.0,16384.0,19456.0,1179000000000.0,1810000000000.0,2551000000000.0,77594624.0,96468992.0,109051904.0,25.585,25.585,,,theoretical_load_131072_forward.results.log
static,freelaw,3,20,131072,zeppelin,causal,,10240.0,16384.0,21504.0,1121000000000.0,1810000000000.0,2586000000000.0,0.0,42991616.0,67108864.0,35.913,35.913,,,theoretical_load_131072_forward.results.log
static,freelaw,3,20,131072,mega_ring_all_cp,causal,,16384.0,16384.0,16384.0,1881000000000.0,1881000000000.0,1881000000000.0,234881024.0,352321536.0,469762048.0,8.089,26.094,,,theoretical_load_131072_forward.results.log
static,freelaw,3,20,131072,mega_ring_hybrid,causal,,15872.0,16384.0,16896.0,1772000000000.0,1810000000000.0,1881000000000.0,29360128.0,58195968.0,96468992.0,28.475,33.036,,,theoretical_load_131072_forward.results.log
static,freelaw,4,20,132864,allgather_attention,causal,,16608.0,16608.0,16608.0,1261000000000.0,1261000000000.0,1261000000000.0,476184576.0,476184576.0,476184576.0,32.508,32.508,,,theoretical_load_131072_forward.results.log
static,freelaw,4,20,132864,llama3_allgather_attention,causal,,16608.0,16608.0,16608.0,671694000000.0,1261000000000.0,2118000000000.0,476184576.0,476184576.0,476184576.0,37.026,37.026,,,theoretical_load_131072_forward.results.log
static,freelaw,4,20,132864,fa3_ring,causal,,16608.0,16608.0,16608.0,1261000000000.0,1261000000000.0,1261000000000.0,476184576.0,476184576.0,476184576.0,5.633,5.633,,,theoretical_load_131072_forward.results.log
static,freelaw,4,20,132864,megatron_hybrid_cp,causal,,15360.0,16608.0,18688.0,754444000000.0,1261000000000.0,1649000000000.0,20971520.0,29360128.0,33554432.0,27.736,27.736,,,theoretical_load_131072_forward.results.log
static,freelaw,4,20,132864,zeppelin,causal,,11264.0,16608.0,19968.0,588503000000.0,1261000000000.0,1755000000000.0,0.0,24117248.0,33554432.0,29.002,29.002,,,theoretical_load_131072_forward.results.log
static,freelaw,4,20,132864,mega_ring_all_cp,causal,,16608.0,16608.0,16608.0,1375000000000.0,1375000000000.0,1375000000000.0,238091763.712,357138694.144,476184576.0,5.469,17.643,,,theoretical_load_131072_forward.results.log
static,freelaw,4,20,132864,mega_ring_hybrid,causal,,16384.0,16608.0,16896.0,1229000000000.0,1261000000000.0,1324000000000.0,54525952.0,79822848.0,111149056.0,16.892,23.237,,,theoretical_load_131072_forward.results.log
static,freelaw,5,20,131328,allgather_attention,causal,,16416.0,16416.0,16416.0,1995000000000.0,1995000000000.0,1995000000000.0,470679552.0,470679552.0,470679552.0,49.064,49.064,,,theoretical_load_131072_forward.results.log
static,freelaw,5,20,131328,llama3_allgather_attention,causal,,16416.0,16416.0,16416.0,780208000000.0,1995000000000.0,3486000000000.0,470679552.0,470679552.0,470679552.0,58.959,58.959,,,theoretical_load_131072_forward.results.log
static,freelaw,5,20,131328,fa3_ring,causal,,16416.0,16416.0,16416.0,1995000000000.0,1995000000000.0,1995000000000.0,470679552.0,470679552.0,470679552.0,8.592,8.592,,,theoretical_load_131072_forward.results.log
static,freelaw,5,20,131328,megatron_hybrid_cp,causal,,13824.0,16416.0,21504.0,1390000000000.0,1995000000000.0,2551000000000.0,69206016.0,94371840.0,119537664.0,28.48,28.48,,,theoretical_load_131072_forward.results.log
static,freelaw,5,20,131328,zeppelin,causal,,14166.0,16416.0,23296.0,1266000000000.0,1996000000000.0,3248000000000.0,0.0,70256689.152,94371840.0,32.897,32.897,,,theoretical_load_131072_forward.results.log
static,freelaw,5,20,131328,mega_ring_all_cp,causal,,16416.0,16416.0,16416.0,2105000000000.0,2105000000000.0,2105000000000.0,235340300.288,353009401.856,470679552.0,8.121,26.197,,,theoretical_load_131072_forward.results.log
static,freelaw,5,20,131328,mega_ring_hybrid,causal,,16384.0,16416.0,16640.0,1937000000000.0,1995000000000.0,2095000000000.0002,122683392.0,174587904.0,228589568.0,16.254,36.752,,,theoretical_load_131072_forward.results.log
static,freelaw,6,20,131328,allgather_attention,causal,,16416.0,16416.0,16416.0,1016999999999.9999,1016999999999.9999,1016999999999.9999,470679552.0,470679552.0,470679552.0,25.327,25.327,,,theoretical_load_131072_forward.results.log
static,freelaw,6,20,131328,llama3_allgather_attention,causal,,16416.0,16416.0,16416.0,481976000000.0,1016999999999.9999,1836000000000.0,470679552.0,470679552.0,470679552.0,30.406,30.406,,,theoretical_load_131072_forward.results.log
static,freelaw,6,20,131328,fa3_ring,causal,,16416.0,16416.0,16416.0,1016999999999.9999,1016999999999.9999,1016999999999.9999,470679552.0,470679552.0,470679552.0,4.486,4.486,,,theoretical_load_131072_forward.results.log
static,freelaw,6,20,131328,megatron_hybrid_cp,causal,,11776.0,16416.0,19456.0,810818000000.0,1016999999999.9999,1246000000000.0,20971520.0,39845888.0,56623104.0,20.804,20.804,,,theoretical_load_131072_forward.results.log
static,freelaw,6,20,131328,zeppelin,causal,,14080.0,16416.0,19456.0,560072000000.0,1016999999999.9999,1401000000000.0,0.0,25165824.0,50331648.0,23.463,23.463,,,theoretical_load_131072_forward.results.log
static,freelaw,6,20,131328,mega_ring_all_cp,causal,,16416.0,16416.0,16416.0,1151000000000.0,1151000000000.0,1151000000000.0,235340300.288,353009401.856,470679552.0,4.368,14.09,,,theoretical_load_131072_forward.results.log
static,freelaw,6,20,131328,mega_ring_hybrid,causal,,16384.0,16416.0,16640.0,992274000000.0,1016999999999.9999,1040000000000.0,51904512.0,78643200.0,97517568.0,13.85,22.62,,,theoretical_load_131072_forward.results.log
static,freelaw,7,20,131840,allgather_attention,causal,,16480.0,16480.0,16480.0,1915000000000.0,1915000000000.0,1915000000000.0,472514560.0,472514560.0,472514560.0,50.418,50.418,,,theoretical_load_131072_forward.results.log
static,freelaw,7,20,131840,llama3_allgather_attention,causal,,16480.0,16480.0,16480.0,931002000000.0,1915000000000.0,4253999999999.9995,472514560.0,472514560.0,472514560.0,56.329,56.329,,,theoretical_load_131072_forward.results.log
static,freelaw,7,20,131840,fa3_ring,causal,,16480.0,16480.0,16480.0,1915000000000.0,1915000000000.0,1915000000000.0,472514560.0,472514560.0,472514560.0,8.595,8.595,,,theoretical_load_131072_forward.results.log
static,freelaw,7,20,131840,megatron_hybrid_cp,causal,,13056.0,16480.0,22784.0,1764000000000.0,1915000000000.0,2148000000000.0002,146800640.0,163577856.0,171966464.0,19.845,19.845,,,theoretical_load_131072_forward.results.log
static,freelaw,7,20,131840,zeppelin,causal,,13996.0,16481.0,19968.0,1018999999999.9999,1916000000000.0,2620000000000.0,0.0,89149931.52,118865526.784,28.365,28.365,,,theoretical_load_131072_forward.results.log
static,freelaw,7,20,131840,mega_ring_all_cp,causal,,16480.0,16480.0,16480.0,2013999999999.9998,2013999999999.9998,2013999999999.9998,236256755.712,354386182.144,472514560.0,8.304,26.786,,,theoretical_load_131072_forward.results.log
static,freelaw,7,20,131840,mega_ring_hybrid,causal,,16128.0,16480.0,16896.0,1843000000000.0,1915000000000.0,2007000000000.0,74973184.0,114032640.0,156237824.0,20.79,38.728,,,theoretical_load_131072_forward.results.log
static,freelaw,8,20,131072,allgather_attention,causal,,16384.0,16384.0,16384.0,1214000000000.0,1214000000000.0,1214000000000.0,469762048.0,469762048.0,469762048.0,31.738,31.738,,,theoretical_load_131072_forward.results.log
static,freelaw,8,20,131072,llama3_allgather_attention,causal,,16384.0,16384.0,16384.0,732426000000.0,1214000000000.0,1920000000000.0,469762048.0,469762048.0,469762048.0,35.82,35.82,,,theoretical_load_131072_forward.results.log
static,freelaw,8,20,131072,fa3_ring,causal,,16384.0,16384.0,16384.0,1214000000000.0,1214000000000.0,1214000000000.0,469762048.0,469762048.0,469762048.0,5.535,5.535,,,theoretical_load_131072_forward.results.log
static,freelaw,8,20,131072,megatron_hybrid_cp,causal,,14336.0,16384.0,19456.0,1044999999999.9999,1214000000000.0,1531000000000.0,69206016.0,87031808.0,100663296.0,18.158,18.158,,,theoretical_load_131072_forward.results.log
static,freelaw,8,20,131072,zeppelin,causal,,13568.0,16384.0,19968.0,801659000000.0,1214000000000.0,1789000000000.0,25165824.0,39845888.0,75497472.0,24.784,24.784,,,theoretical_load_131072_forward.results.log
static,freelaw,8,20,131072,mega_ring_all_cp,causal,,16384.0,16384.0,16384.0,1357000000000.0,1357000000000.0,1357000000000.0,234881024.0,352321536.0,469762048.0,5.402,17.426,,,theoretical_load_131072_forward.results.log
static,freelaw,8,20,131072,mega_ring_hybrid,causal,,16128.0,16384.0,16640.0,1154000000000.0,1214000000000.0,1268000000000.0,44040192.0,68419584.0,94371840.0,17.737,25.65,,,theoretical_load_131072_forward.results.log
static,freelaw,9,20,131328,allgather_attention,causal,,16416.0,16416.0,16416.0,1741000000000.0,1741000000000.0,1741000000000.0,470679552.0,470679552.0,470679552.0,43.779,43.779,,,theoretical_load_131072_forward.results.log
static,freelaw,9,20,131328,llama3_allgather_attention,causal,,16416.0,16416.0,16416.0,988178000000.0,1741000000000.0,2633000000000.0,470679552.0,470679552.0,470679552.0,51.591,51.591,,,theoretical_load_131072_forward.results.log
static,freelaw,9,20,131328,fa3_ring,causal,,16416.0,16416.0,16416.0,1741000000000.0,1741000000000.0,1741000000000.0,470679552.0,470679552.0,470679552.0,7.666,7.666,,,theoretical_load_131072_forward.results.log
static,freelaw,9,20,131328,megatron_hybrid_cp,causal,,11968.0,16416.0,22208.0,1491000000000.0,1743000000000.0,2075000000000.0002,68419584.0,89391104.0,112459776.0,25.287,25.287,,,theoretical_load_131072_forward.results.log
static,freelaw,9,20,131328,zeppelin,causal,,12032.0,16416.0,18176.0,867145000000.0,1741000000000.0,2079000000000.0002,0.0,51380224.0,81788928.0,32.458,32.458,,,theoretical_load_131072_forward.results.log
static,freelaw,9,20,131328,mega_ring_all_cp,causal,,16416.0,16416.0,16416.0,1868000000000.0,1868000000000.0,1868000000000.0,235340300.288,353009401.856,470679552.0,7.311,23.584,,,theoretical_load_131072_forward.results.log
static,freelaw,9,20,131328,mega_ring_hybrid,causal,,16384.0,16416.0,16640.0,1689000000000.0,1741000000000.0,1757000000000.0,128450560.0,176947200.0,212860928.0,14.06,32.438,,,theoretical_load_131072_forward.results.log
static,freelaw,10,20,131072,allgather_attention,causal,,16384.0,16384.0,16384.0,1708000000000.0,1708000000000.0,1708000000000.0,469762048.0,469762048.0,469762048.0,42.449,42.449,,,theoretical_load_131072_forward.results.log
static,freelaw,10,20,131072,llama3_allgather_attention,causal,,16384.0,16384.0,16384.0,665854000000.0,1708000000000.0,4046000000000.0005,469762048.0,469762048.0,469762048.0,50.203,50.203,,,theoretical_load_131072_forward.results.log
static,freelaw,10,20,131072,fa3_ring,causal,,16384.0,16384.0,16384.0,1708000000000.0,1708000000000.0,1708000000000.0,469762048.0,469762048.0,469762048.0,7.475,7.475,,,theoretical_load_131072_forward.results.log
static,freelaw,10,20,131072,megatron_hybrid_cp,causal,,12288.0,16384.0,19968.0,720101000000.0,1708000000000.0,2749000000000.0,20971520.0,61865984.0,100663296.0,29.681,29.681,,,theoretical_load_131072_forward.results.log
static,freelaw,10,20,131072,zeppelin,causal,,13910.0,16384.0,18774.0,974010000000.0,1708000000000.0,2128000000000.0,0.0,83896565.76,111862087.68,26.271,26.271,,,theoretical_load_131072_forward.results.log
static,freelaw,10,20,131072,mega_ring_all_cp,causal,,16384.0,16384.0,16384.0,1838000000000.0,1838000000000.0,1838000000000.0,234881024.0,352321536.0,469762048.0,7.104,22.915,,,theoretical_load_131072_forward.results.log
static,freelaw,10,20,131072,mega_ring_hybrid,causal,,15872.0,16384.0,16896.0,1634000000000.0,1708000000000.0,1773000000000.0,77594624.0,106168320.0,121634816.0,19.443,36.511,,,theoretical_load_131072_forward.results.log
static,freelaw,11,20,131072,allgather_attention,causal,,16384.0,16384.0,16384.0,997506000000.0,997506000000.0,997506000000.0,469762048.0,469762048.0,469762048.0,24.818,24.818,,,theoretical_load_131072_forward.results.log
static,freelaw,11,20,131072,llama3_allgather_attention,causal,,16384.0,16384.0,16384.0,399566000000.0,997506000000.0,2166000000000.0,469762048.0,469762048.0,469762048.0,29.527,29.527,,,theoretical_load_131072_forward.results.log
static,freelaw,11,20,131072,fa3_ring,causal,,16384.0,16384.0,16384.0,997506000000.0,997506000000.0,997506000000.0,469762048.0,469762048.0,469762048.0,4.485,4.485,,,theoretical_load_131072_forward.results.log
static,freelaw,11,20,131072,megatron_hybrid_cp,causal,,14336.0,16384.0,18176.0,682499000000.0,997506000000.0,1649000000000.0,20971520.0,26214400.0,33554432.0,22.837,22.837,,,theoretical_load_131072_forward.results.log
static,freelaw,11,20,131072,zeppelin,causal,,14422.0,16384.0,19286.0,691616000000.0,997573000000.0,1208000000000.0,0.0,24119345.152,44744835.072,23.385,23.385,,,theoretical_load_131072_forward.results.log
static,freelaw,11,20,131072,mega_ring_all_cp,causal,,16384.0,16384.0,16384.0,1156000000000.0,1156000000000.0,1156000000000.0,234881024.0,352321536.0,469762048.0,4.331,13.971,,,theoretical_load_131072_forward.results.log
static,freelaw,11,20,131072,mega_ring_hybrid,causal,,16128.0,16384.0,16640.0,952543000000.0,997506000000.0,1046000000000.0,0.0,33816576.0,75497472.0,19.634,23.696,,,theoretical_load_131072_forward.results.log
static,freelaw,12,20,131840,allgather_attention,causal,,16480.0,16480.0,16480.0,902951000000.0,902951000000.0,902951000000.0,472514560.0,472514560.0,472514560.0,23.128,23.128,,,theoretical_load_131072_forward.results.log
static,freelaw,12,20,131840,llama3_allgather_attention,causal,,16480.0,16480.0,16480.0,552642000000.0,902951000000.0,1334000000000.0,472514560.0,472514560.0,472514560.0,26.963,26.963,,,theoretical_load_131072_forward.results.log
static,freelaw,12,20,131840,fa3_ring,causal,,16480.0,16480.0,16480.0,902951000000.0,902951000000.0,902951000000.0,472514560.0,472514560.0,472514560.0,4.139,4.139,,,theoretical_load_131072_forward.results.log
static,freelaw,12,20,131840,megatron_hybrid_cp,causal,,5152.0,16480.0,48672.0,433836000000.0,907180000000.0,1949000000000.0,917504.0,18743296.0,26083328.0,20.686,20.686,,,theoretical_load_131072_forward.results.log
static,freelaw,12,20,131840,zeppelin,causal,,14592.0,16480.0,19968.0,593362000000.0,902951000000.0,1171000000000.0,0.0,12582912.0,25165824.0,23.357,23.357,,,theoretical_load_131072_forward.results.log
static,freelaw,12,20,131840,mega_ring_all_cp,causal,,16480.0,16480.0,16480.0,1074000000000.0001,1074000000000.0001,1074000000000.0001,236256755.712,354386182.144,472514560.0,4.08,13.161,,,theoretical_load_131072_forward.results.log
static,freelaw,12,20,131840,mega_ring_hybrid,causal,,16128.0,16480.0,16896.0,885971000000.0,902951000000.0,947709000000.0,18874368.0,40108032.0,69206016.0,16.7,21.625,,,theoretical_load_131072_forward.results.log
static,freelaw,13,20,131840,allgather_attention,causal,,16480.0,16480.0,16480.0,1046000000000.0,1046000000000.0,1046000000000.0,472514560.0,472514560.0,472514560.0,27.294,27.294,,,theoretical_load_131072_forward.results.log
static,freelaw,13,20,131840,llama3_allgather_attention,causal,,16480.0,16480.0,16480.0,764035000000.0,1046000000000.0,1602000000000.0,472514560.0,472514560.0,472514560.0,31.099,31.099,,,theoretical_load_131072_forward.results.log
static,freelaw,13,20,131840,fa3_ring,causal,,16480.0,16480.0,16480.0,1046000000000.0,1046000000000.0,1046000000000.0,472514560.0,472514560.0,472514560.0,4.733,4.733,,,theoretical_load_131072_forward.results.log
static,freelaw,13,20,131840,megatron_hybrid_cp,causal,,14336.0,16480.0,19456.0,751779000000.0,1046000000000.0,1392000000000.0,20971520.0,26214400.0,29360128.0,23.832,23.832,,,theoretical_load_131072_forward.results.log
static,freelaw,13,20,131840,zeppelin,causal,,13312.0,16480.0,21248.0,683556000000.0,1046000000000.0,1427000000000.0,0.0,20971520.0,29360128.0,24.958,24.958,,,theoretical_load_131072_forward.results.log
static,freelaw,13,20,131840,mega_ring_all_cp,causal,,16480.0,16480.0,16480.0,1160000000000.0,1160000000000.0,1160000000000.0,236256755.712,354386182.144,472514560.0,4.627,14.927,,,theoretical_load_131072_forward.results.log
static,freelaw,13,20,131840,mega_ring_hybrid,causal,,16384.0,16480.0,16640.0,997106000000.0,1046000000000.0,1092000000000.0001,40894464.0,62128128.0,81788928.0,16.025,22.197,,,theoretical_load_131072_forward.results.log
static,freelaw,14,20,132608,allgather_attention,causal,,16576.0,16576.0,16576.0,3975000000000.0,3975000000000.0,3975000000000.0,475267072.0,475267072.0,475267072.0,109.178,109.178,,,theoretical_load_131072_forward.results.log
static,freelaw,14,20,132608,llama3_allgather_attention,causal,,16576.0,16576.0,16576.0,922212000000.0,3975000000000.0,7503000000000.0,475267072.0,475267072.0,475267072.0,115.005,115.005,,,theoretical_load_131072_forward.results.log
static,freelaw,14,20,132608,fa3_ring,causal,,16576.0,16576.0,16576.0,3975000000000.0,3975000000000.0,3975000000000.0,475267072.0,475267072.0,475267072.0,18.183,18.183,,,theoretical_load_131072_forward.results.log
static,freelaw,14,20,132608,megatron_hybrid_cp,causal,,14080.0,16576.0,19968.0,3798000000000.0,3975000000000.0,4091000000000.0,207618048.0,229376000.0,252706816.0,32.502,32.502,,,theoretical_load_131072_forward.results.log
static,freelaw,14,20,132608,zeppelin,causal,,13312.0,16576.0,21504.0,1452000000000.0,3975000000000.0,4785000000000.0,0.0,176160768.0,201326592.0,38.988,38.988,,,theoretical_load_131072_forward.results.log
static,freelaw,14,20,132608,mega_ring_all_cp,causal,,16576.0,16576.0,16576.0,4075999999999.9995,4075999999999.9995,4075999999999.9995,237633536.0,356450828.288,475267072.0,17.685,57.047,,,theoretical_load_131072_forward.results.log
static,freelaw,14,20,132608,mega_ring_hybrid,causal,,15872.0,16576.0,17152.0,3928000000000.0,3975000000000.0,4062999999999.9995,115343360.0,192675840.0,277872640.0,29.927,63.326,,,theoretical_load_131072_forward.results.log
static,freelaw,15,20,131072,allgather_attention,causal,,16384.0,16384.0,16384.0,1313000000000.0,1313000000000.0,1313000000000.0,469762048.0,469762048.0,469762048.0,33.013,33.013,,,theoretical_load_131072_forward.results.log
static,freelaw,15,20,131072,llama3_allgather_attention,causal,,16384.0,16384.0,16384.0,476876000000.0,1313000000000.0,3281000000000.0,469762048.0,469762048.0,469762048.0,38.699,38.699,,,theoretical_load_131072_forward.results.log
static,freelaw,15,20,131072,fa3_ring,causal,,16384.0,16384.0,16384.0,1313000000000.0,1313000000000.0,1313000000000.0,469762048.0,469762048.0,469762048.0,5.838,5.838,,,theoretical_load_131072_forward.results.log
static,freelaw,15,20,131072,megatron_hybrid_cp,causal,,6144.0,16384.0,46336.0,841872000000.0,1313000000000.0,1935000000000.0,0.0,45088768.0,75497472.0,25.732,25.732,,,theoretical_load_131072_forward.results.log
static,freelaw,15,20,131072,zeppelin,causal,,14592.0,16384.0,21504.0,692150000000.0,1313000000000.0,1970000000000.0,0.0,45088768.0,75497472.0,25.732,25.732,,,theoretical_load_131072_forward.results.log
static,freelaw,15,20,131072,mega_ring_all_cp,causal,,16384.0,16384.0,16384.0,1443000000000.0,1443000000000.0,1443000000000.0,234881024.0,352321536.0,469762048.0,5.594,18.045,,,theoretical_load_131072_forward.results.log
static,freelaw,15,20,131072,mega_ring_hybrid,causal,,15616.0,16384.0,16896.0,1257000000000.0,1313000000000.0,1378000000000.0,66060288.0,85721088.0,106954752.0,16.993,29.354,,,theoretical_load_131072_forward.results.log
static,freelaw,16,20,131072,allgather_attention,causal,,16384.0,16384.0,16384.0,2087000000000.0002,2087000000000.0002,2087000000000.0002,469762048.0,469762048.0,469762048.0,57.58,57.58,,,theoretical_load_131072_forward.results.log
static,freelaw,16,20,131072,llama3_allgather_attention,causal,,16384.0,16384.0,16384.0,1040000000000.0,2087000000000.0002,3711000000000.0,469762048.0,469762048.0,469762048.0,61.246,61.246,,,theoretical_load_131072_forward.results.log
static,freelaw,16,20,131072,fa3_ring,causal,,16384.0,16384.0,16384.0,2087000000000.0002,2087000000000.0002,2087000000000.0002,469762048.0,469762048.0,469762048.0,9.567,9.567,,,theoretical_load_131072_forward.results.log
static,freelaw,16,20,131072,megatron_hybrid_cp,causal,,11776.0,16384.0,22272.0,1881000000000.0,2087000000000.0002,2268000000000.0,102760448.0,115343360.0,125829120.0,26.756,26.756,,,theoretical_load_131072_forward.results.log
static,freelaw,16,20,131072,zeppelin,causal,,12288.0,16384.0,21676.0,1237000000000.0,2088000000000.0,2849000000000.0,0.0,48238690.304,72712454.144,39.934,39.934,,,theoretical_load_131072_forward.results.log
static,freelaw,16,20,131072,mega_ring_all_cp,causal,,16384.0,16384.0,16384.0,2152000000000.0002,2152000000000.0002,2152000000000.0002,234881024.0,352321536.0,469762048.0,9.374,30.238,,,theoretical_load_131072_forward.results.log
static,freelaw,16,20,131072,mega_ring_hybrid,causal,,16128.0,16384.0,17152.0,2008000000000.0,2087000000000.0002,2134999999999.9998,104333312.0,141164544.0,168820736.0,19.734,36.697,,,theoretical_load_131072_forward.results.log
static,freelaw,17,20,131072,allgather_attention,causal,,16384.0,16384.0,16384.0,1314000000000.0,1314000000000.0,1314000000000.0,469762048.0,469762048.0,469762048.0,33.203,33.203,,,theoretical_load_131072_forward.results.log
static,freelaw,17,20,131072,llama3_allgather_attention,causal,,16384.0,16384.0,16384.0,746385000000.0,1314000000000.0,2386000000000.0,469762048.0,469762048.0,469762048.0,38.746,38.746,,,theoretical_load_131072_forward.results.log
static,freelaw,17,20,131072,fa3_ring,causal,,16384.0,16384.0,16384.0,1314000000000.0,1314000000000.0,1314000000000.0,469762048.0,469762048.0,469762048.0,5.912,5.912,,,theoretical_load_131072_forward.results.log
static,freelaw,17,20,131072,megatron_hybrid_cp,causal,,12800.0,16384.0,20224.0,949886000000.0,1314000000000.0,1460000000000.0,25165824.0,49283072.0,69206016.0,24.985,24.985,,,theoretical_load_131072_forward.results.log
static,freelaw,17,20,131072,zeppelin,causal,,12288.0,16384.0,18432.0,515496999999.99994,1314000000000.0,1591000000000.0,0.0,42991616.0,69206016.0,26.172,26.172,,,theoretical_load_131072_forward.results.log
static,freelaw,17,20,131072,mega_ring_all_cp,causal,,16384.0,16384.0,16384.0,1491000000000.0,1491000000000.0,1491000000000.0,234881024.0,352321536.0,469762048.0,5.702,18.394,,,theoretical_load_131072_forward.results.log
static,freelaw,17,20,131072,mega_ring_hybrid,causal,,16128.0,16384.0,16640.0,1256000000000.0,1314000000000.0,1380000000000.0,99090432.0,145883136.0,183500800.0,12.208,26.017,,,theoretical_load_131072_forward.results.log
static,freelaw,18,20,132352,allgather_attention,causal,,16544.0,16544.0,16544.0,3270000000000.0,3270000000000.0,3270000000000.0,474349568.0,474349568.0,474349568.0,83.517,83.517,,,theoretical_load_131072_forward.results.log
static,freelaw,18,20,132352,llama3_allgather_attention,causal,,16544.0,16544.0,16544.0,819870000000.0,3270000000000.0,9611000000000.0,474349568.0,474349568.0,474349568.0,94.993,94.993,,,theoretical_load_131072_forward.results.log
static,freelaw,18,20,132352,fa3_ring,causal,,16544.0,16544.0,16544.0,3270000000000.0,3270000000000.0,3270000000000.0,474349568.0,474349568.0,474349568.0,14.291,14.291,,,theoretical_load_131072_forward.results.log
static,freelaw,18,20,132352,megatron_hybrid_cp,causal,,13312.0,16544.0,26112.0,2973000000000.0,3270000000000.0,3445000000000.0,183500800.0,223084544.0,251658240.0,27.311,27.311,,,theoretical_load_131072_forward.results.log
static,freelaw,18,20,132352,zeppelin,causal,,13166.0,16544.0,24942.0,1859000000000.0,3270000000000.0,4788000000000.0,41943040.0,161486995.456,214515580.928,34.335,34.335,,,theoretical_load_131072_forward.results.log
static,freelaw,18,20,132352,mega_ring_all_cp,causal,,16544.0,16544.0,16544.0,3350000000000.0,3350000000000.0,3350000000000.0,237175308.288,355761913.856,474349568.0,13.572,43.78,,,theoretical_load_131072_forward.results.log
static,freelaw,18,20,132352,mega_ring_hybrid,causal,,16384.0,16544.0,17152.0,3167000000000.0,3270000000000.0,3432000000000.0,143130624.0,214695936.0,286261248.0,22.729,60.508,,,theoretical_load_131072_forward.results.log
static,freelaw,19,20,131072,allgather_attention,causal,,16384.0,16384.0,16384.0,898990000000.0,898990000000.0,898990000000.0,469762048.0,469762048.0,469762048.0,23.68,23.68,,,theoretical_load_131072_forward.results.log
static,freelaw,19,20,131072,llama3_allgather_attention,causal,,16384.0,16384.0,16384.0,486539000000.0,898990000000.0,1460000000000.0,469762048.0,469762048.0,469762048.0,26.66,26.66,,,theoretical_load_131072_forward.results.log
static,freelaw,19,20,131072,fa3_ring,causal,,16384.0,16384.0,16384.0,898990000000.0,898990000000.0,898990000000.0,469762048.0,469762048.0,469762048.0,4.16,4.16,,,theoretical_load_131072_forward.results.log
static,freelaw,19,20,131072,megatron_hybrid_cp,causal,,6592.0,16384.0,27520.0,627120000000.0,901877000000.0,1187000000000.0,4718592.0,17694720.0,30670848.0,21.982,21.982,,,theoretical_load_131072_forward.results.log
static,freelaw,19,20,131072,zeppelin,causal,,14848.0,16384.0,17152.0,611081000000.0,898990000000.0,1145000000000.0,0.0,12582912.0,25165824.0,23.373,23.373,,,theoretical_load_131072_forward.results.log
static,freelaw,19,20,131072,mega_ring_all_cp,causal,,16384.0,16384.0,16384.0,1044000000000.0,1044000000000.0,1044000000000.0,234881024.0,352321536.0,469762048.0,4.119,13.289,,,theoretical_load_131072_forward.results.log
static,freelaw,19,20,131072,mega_ring_hybrid,causal,,15616.0,16384.0,16896.0,857519000000.0,898990000000.0,943410000000.0,18874368.0,28311552.0,37748736.0,18.75,22.903,,,theoretical_load_131072_forward.results.log
static,freelaw,20,20,131328,allgather_attention,causal,,16416.0,16416.0,16416.0,1014000000000.0,1014000000000.0,1014000000000.0,470679552.0,470679552.0,470679552.0,24.119,24.119,,,theoretical_load_131072_forward.results.log
static,freelaw,20,20,131328,llama3_allgather_attention,causal,,16416.0,16416.0,16416.0,404734000000.0,1014000000000.0,1800000000000.0,470679552.0,470679552.0,470679552.0,30.318,30.318,,,theoretical_load_131072_forward.results.log
static,freelaw,20,20,131328,fa3_ring,causal,,16416.0,16416.0,16416.0,1014000000000.0,1014000000000.0,1014000000000.0,470679552.0,470679552.0,470679552.0,4.483,4.483,,,theoretical_load_131072_forward.results.log
static,freelaw,20,20,131328,megatron_hybrid_cp,causal,,11776.0,16416.0,19200.0,964898000000.0,1014000000000.0,1117000000000.0,25165824.0,40894464.0,56623104.0,20.57,20.57,,,theoretical_load_131072_forward.results.log
static,freelaw,20,20,131328,zeppelin,causal,,13568.0,16416.0,17920.0,546109000000.00006,1014000000000.0,1325000000000.0,0.0,31457280.0,50331648.0,22.172,22.172,,,theoretical_load_131072_forward.results.log
static,freelaw,20,20,131328,mega_ring_all_cp,causal,,16416.0,16416.0,16416.0,1241000000000.0,1241000000000.0,1241000000000.0,235340300.288,353009401.856,470679552.0,4.332,13.974,,,theoretical_load_131072_forward.results.log
static,freelaw,20,20,131328,mega_ring_hybrid,causal,,16384.0,16416.0,16640.0,992274000000.0,1014000000000.0,1064000000000.0,64487424.0,82575360.0,103809024.0,13.443,21.935,,,theoretical_load_131072_forward.results.log
static,github,1,20,131072,allgather_attention,causal,,16384.0,16384.0,16384.0,1170000000000.0,1170000000000.0,1170000000000.0,469762048.0,469762048.0,469762048.0,25.172,25.172,,,theoretical_load_131072_forward.results.log
static,github,1,20,131072,llama3_allgather_attention,causal,,16384.0,16384.0,16384.0,371649000000.0,1170000000000.0,3162000000000.0,469762048.0,469762048.0,469762048.0,34.539,34.539,,,theoretical_load_131072_forward.results.log
static,github,1,20,131072,fa3_ring,causal,,16384.0,16384.0,16384.0,1170000000000.0,1170000000000.0,1170000000000.0,469762048.0,469762048.0,469762048.0,4.857,4.857,,,theoretical_load_131072_forward.results.log
static,github,1,20,131072,megatron_hybrid_cp,causal,,6144.0,16384.0,47616.0,618526000000.0,1170000000000.0,1586000000000.0,0.0,44040192.0,75497472.0,23.147,23.147,,,theoretical_load_131072_forward.results.log
static,github,1,20,131072,zeppelin,causal,,13568.0,16384.0,18996.0,692689000000.0,1170000000000.0,1526000000000.0,0.0,56631492.608,80543219.712,21.516,21.516,,,theoretical_load_131072_forward.results.log
static,github,1,20,131072,mega_ring_all_cp,causal,,16384.0,16384.0,16384.0,1400000000000.0,1400000000000.0,1400000000000.0,234881024.0,352321536.0,469762048.0,4.519,14.578,,,theoretical_load_131072_forward.results.log
static,github,1,20,131072,mega_ring_hybrid,causal,,16384.0,16384.0,16384.0,1130000000000.0,1170000000000.0,1223000000000.0,62914560.0,83361792.0,100663296.0,15.404,26.473,,,theoretical_load_131072_forward.results.log
static,github,2,20,131584,allgather_attention,causal,,16448.0,16448.0,16448.0,1657000000000.0,1657000000000.0,1657000000000.0,471597056.0,471597056.0,471597056.0,37.177,37.177,,,theoretical_load_131072_forward.results.log
static,github,2,20,131584,llama3_allgather_attention,causal,,16448.0,16448.0,16448.0,681961000000.0,1657000000000.0,3105000000000.0,471597056.0,471597056.0,471597056.0,48.921,48.921,,,theoretical_load_131072_forward.results.log
static,github,2,20,131584,fa3_ring,causal,,16448.0,16448.0,16448.0,1657000000000.0,1657000000000.0,1657000000000.0,471597056.0,471597056.0,471597056.0,6.835,6.835,,,theoretical_load_131072_forward.results.log
static,github,2,20,131584,megatron_hybrid_cp,causal,,11776.0,16448.0,24576.0,1186000000000.0,1657000000000.0,2294000000000.0,56623104.0,81788928.0,111149056.0,25.402,25.402,,,theoretical_load_131072_forward.results.log
static,github,2,20,131584,zeppelin,causal,,10240.0,16448.0,20480.0,861225000000.0,1657000000000.0,2416000000000.0,29360128.0,57671680.0,81788928.0,29.556,29.556,,,theoretical_load_131072_forward.results.log
static,github,2,20,131584,mega_ring_all_cp,causal,,16448.0,16448.0,16448.0,1795000000000.0,1795000000000.0,1795000000000.0,235798528.0,353697267.712,471597056.0,6.301,20.327,,,theoretical_load_131072_forward.results.log
static,github,2,20,131584,mega_ring_hybrid,causal,,16128.0,16448.0,16896.0,1604000000000.0,1657000000000.0,1710000000000.0,128450560.0,176160768.0,212860928.0,13.426,31.084,,,theoretical_load_131072_forward.results.log
static,github,3,20,131840,allgather_attention,causal,,16480.0,16480.0,16480.0,1816000000000.0,1816000000000.0,1816000000000.0,472514560.0,472514560.0,472514560.0,40.574,40.574,,,theoretical_load_131072_forward.results.log
static,github,3,20,131840,llama3_allgather_attention,causal,,16480.0,16480.0,16480.0,628677000000.0,1816000000000.0,2873000000000.0,472514560.0,472514560.0,472514560.0,53.512,53.512,,,theoretical_load_131072_forward.results.log
static,github,3,20,131840,fa3_ring,causal,,16480.0,16480.0,16480.0,1816000000000.0,1816000000000.0,1816000000000.0,472514560.0,472514560.0,472514560.0,7.467,7.467,,,theoretical_load_131072_forward.results.log
static,github,3,20,131840,megatron_hybrid_cp,causal,,15360.0,16480.0,18432.0,1332000000000.0,1816000000000.0,2294000000000.0,83886080.0,95420416.0,104857600.0,25.744,25.744,,,theoretical_load_131072_forward.results.log
static,github,3,20,131840,zeppelin,causal,,13568.0,16480.0,21760.0,1257000000000.0,1816000000000.0,2586000000000.0,0.0,35651584.0,67108864.0,37.99,37.99,,,theoretical_load_131072_forward.results.log
static,github,3,20,131840,mega_ring_all_cp,causal,,16480.0,16480.0,16480.0,1950000000000.0,1950000000000.0,1950000000000.0,236256755.712,354386182.144,472514560.0,6.837,22.056,,,theoretical_load_131072_forward.results.log
static,github,3,20,131840,mega_ring_hybrid,causal,,16128.0,16480.0,16896.0,1765000000000.0,1816000000000.0,1899000000000.0,118489088.0,180092928.0,243269632.0,14.46,31.947,,,theoretical_load_131072_forward.results.log
static,github,4,20,131328,allgather_attention,causal,,16416.0,16416.0,16416.0,1926000000000.0,1926000000000.0,1926000000000.0,470679552.0,470679552.0,470679552.0,39.613,39.613,,,theoretical_load_131072_forward.results.log
static,github,4,20,131328,llama3_allgather_attention,causal,,16416.0,16416.0,16416.0,809467000000.0,1926000000000.0,2990000000000.0,470679552.0,470679552.0,470679552.0,56.934,56.934,,,theoretical_load_131072_forward.results.log
static,github,4,20,131328,fa3_ring,causal,,16416.0,16416.0,16416.0,1926000000000.0,1926000000000.0,1926000000000.0,470679552.0,470679552.0,470679552.0,7.524,7.524,,,theoretical_load_131072_forward.results.log
static,github,4,20,131328,megatron_hybrid_cp,causal,,9728.0,16416.0,28672.0,1125000000000.0,1926000000000.0,3032000000000.0,56623104.0,94371840.0,127926272.0,27.5,27.5,,,theoretical_load_131072_forward.results.log
static,github,4,20,131328,zeppelin,causal,,12800.0,16416.0,19968.0,1165000000000.0,1926000000000.0,2711000000000.0,33554432.0,80740352.0,134217728.0,29.7,29.7,,,theoretical_load_131072_forward.results.log
static,github,4,20,131328,mega_ring_all_cp,causal,,16416.0,16416.0,16416.0,2113000000000.0,2113000000000.0,2113000000000.0,235340300.288,353009401.856,470679552.0,6.78,21.87,,,theoretical_load_131072_forward.results.log
static,github,4,20,131328,mega_ring_hybrid,causal,,16384.0,16416.0,16640.0,1850000000000.0,1926000000000.0,1967000000000.0,99090432.0,148635648.0,191889408.0,17.582,34.784,,,theoretical_load_131072_forward.results.log
static,github,5,20,131328,allgather_attention,causal,,16416.0,16416.0,16416.0,4091000000000.0,4091000000000.0,4091000000000.0,470679552.0,470679552.0,470679552.0,93.313,93.313,,,theoretical_load_131072_forward.results.log
static,github,5,20,131328,llama3_allgather_attention,causal,,16416.0,16416.0,16416.0,882012000000.0,4091000000000.0,7746000000000.0,470679552.0,470679552.0,470679552.0,120.099,120.099,,,theoretical_load_131072_forward.results.log
static,github,5,20,131328,fa3_ring,causal,,16416.0,16416.0,16416.0,4091000000000.0,4091000000000.0,4091000000000.0,470679552.0,470679552.0,470679552.0,16.754,16.754,,,theoretical_load_131072_forward.results.log
static,github,5,20,131328,megatron_hybrid_cp,causal,,12544.0,16416.0,25088.0,3892000000000.0,4091000000000.0,4454000000000.0,212860928.0,225443840.0,242221056.0,33.954,33.954,,,theoretical_load_131072_forward.results.log
static,github,5,20,131328,zeppelin,causal,,10752.0,16416.0,25344.0,3640000000000.0,4091000000000.0,5374000000000.0,212860928.0,212860928.0,212860928.0,35.367,35.367,,,theoretical_load_131072_forward.results.log
static,github,5,20,131328,mega_ring_all_cp,causal,,16416.0,16416.0,16416.0,4231000000000.0,4231000000000.0,4231000000000.0,235340300.288,353009401.856,470679552.0,15.27,49.259,,,theoretical_load_131072_forward.results.log
static,github,5,20,131328,mega_ring_hybrid,causal,,16128.0,16416.0,16896.0,3955000000000.0,4091000000000.0,4150000000000.0005,128450560.0,180092928.0,212860928.0,32.443,75.626,,,theoretical_load_131072_forward.results.log
static,github,6,20,132608,allgather_attention,causal,,16576.0,16576.0,16576.0,1912000000000.0,1912000000000.0,1912000000000.0,475267072.0,475267072.0,475267072.0,40.363,40.363,,,theoretical_load_131072_forward.results.log
static,github,6,20,132608,llama3_allgather_attention,causal,,16576.0,16576.0,16576.0,640086000000.0,1912000000000.0,3361000000000.0,475267072.0,475267072.0,475267072.0,55.717,55.717,,,theoretical_load_131072_forward.results.log
static,github,6,20,132608,fa3_ring,causal,,16576.0,16576.0,16576.0,1912000000000.0,1912000000000.0,1912000000000.0,475267072.0,475267072.0,475267072.0,7.559,7.559,,,theoretical_load_131072_forward.results.log
static,github,6,20,132608,megatron_hybrid_cp,causal,,13312.0,16576.0,22784.0,1683000000000.0,1912000000000.0,2234000000000.0,81788928.0,84934656.0,88080384.0,28.636,28.636,,,theoretical_load_131072_forward.results.log
static,github,6,20,132608,zeppelin,causal,,12544.0,16576.0,20480.0,1554000000000.0,1912000000000.0,2310000000000.0,81788928.0,84934656.0,88080384.0,28.636,28.636,,,theoretical_load_131072_forward.results.log
static,github,6,20,132608,mega_ring_all_cp,causal,,16576.0,16576.0,16576.0,2105000000000.0,2105000000000.0,2105000000000.0,237633536.0,356450828.288,475267072.0,6.897,22.25,,,theoretical_load_131072_forward.results.log
static,github,6,20,132608,mega_ring_hybrid,causal,,16128.0,16576.0,16896.0,1845000000000.0,1912000000000.0,2007000000000.0,40894464.0,68812800.0,109051904.0,27.566,38.54,,,theoretical_load_131072_forward.results.log
static,github,7,20,131072,allgather_attention,causal,,16384.0,16384.0,16384.0,1983000000000.0,1983000000000.0,1983000000000.0,469762048.0,469762048.0,469762048.0,38.726,38.726,,,theoretical_load_131072_forward.results.log
static,github,7,20,131072,llama3_allgather_attention,causal,,16384.0,16384.0,16384.0,615388000000.0,1983000000000.0,4000000000000.0,469762048.0,469762048.0,469762048.0,58.207,58.207,,,theoretical_load_131072_forward.results.log
static,github,7,20,131072,fa3_ring,causal,,16384.0,16384.0,16384.0,1983000000000.0,1983000000000.0,1983000000000.0,469762048.0,469762048.0,469762048.0,7.568,7.568,,,theoretical_load_131072_forward.results.log
static,github,7,20,131072,megatron_hybrid_cp,causal,,10752.0,16384.0,32512.0,1811000000000.0,1983000000000.0,2233000000000.0,132120576.0,145752064.0,161480704.0,22.141,22.141,,,theoretical_load_131072_forward.results.log
static,github,7,20,131072,zeppelin,causal,,12544.0,16384.0,20480.0,1313000000000.0,1983000000000.0,2448000000000.0,0.0,94371840.0,125829120.0,28.329,28.329,,,theoretical_load_131072_forward.results.log
static,github,7,20,131072,mega_ring_all_cp,causal,,16384.0,16384.0,16384.0,2225000000000.0,2225000000000.0,2225000000000.0,234881024.0,352321536.0,469762048.0,6.71,21.646,,,theoretical_load_131072_forward.results.log
static,github,7,20,131072,mega_ring_hybrid,causal,,16384.0,16384.0,16384.0,1907000000000.0,1983000000000.0,2081000000000.0,88080384.0,126222336.0,163577856.0,20.205,38.355,,,theoretical_load_131072_forward.results.log
static,github,8,20,131072,allgather_attention,causal,,16384.0,16384.0,16384.0,674444000000.0,674444000000.0,674444000000.0,469762048.0,469762048.0,469762048.0,13.333,13.333,,,theoretical_load_131072_forward.results.log
static,github,8,20,131072,llama3_allgather_attention,causal,,16384.0,16384.0,16384.0,316888000000.0,674444000000.0,1102000000000.0,469762048.0,469762048.0,469762048.0,20.125,20.125,,,theoretical_load_131072_forward.results.log
static,github,8,20,131072,fa3_ring,causal,,16384.0,16384.0,16384.0,674444000000.0,674444000000.0,674444000000.0,469762048.0,469762048.0,469762048.0,2.823,2.823,,,theoretical_load_131072_forward.results.log
static,github,8,20,131072,megatron_hybrid_cp,causal,,10496.0,16384.0,25600.0,661593000000.0,674444000000.0,685190000000.0,0.0,12582912.0,25165824.0,17.644,17.644,,,theoretical_load_131072_forward.results.log
static,github,8,20,131072,zeppelin,causal,,13568.0,16384.0,17920.0,335655000000.0,674444000000.0,848403000000.0,0.0,12582912.0,25165824.0,17.644,17.644,,,theoretical_load_131072_forward.results.log
static,github,8,20,131072,mega_ring_all_cp,causal,,16384.0,16384.0,16384.0,1004999999999.9999,1004999999999.9999,1004999999999.9999,234881024.0,352321536.0,469762048.0,2.754,8.885,,,theoretical_load_131072_forward.results.log
static,github,8,20,131072,mega_ring_hybrid,causal,,15616.0,16384.0,16640.0,644381000000.0,674444000000.0,707724000000.0,31457280.0,48758784.0,62914560.0,11.656,15.391,,,theoretical_load_131072_forward.results.log
static,github,9,20,131072,allgather_attention,causal,,16384.0,16384.0,16384.0,3614000000000.0,3614000000000.0,3614000000000.0,469762048.0,469762048.0,469762048.0,89.766,89.766,,,theoretical_load_131072_forward.results.log
static,github,9,20,131072,llama3_allgather_attention,causal,,16384.0,16384.0,16384.0,872013000000.0,3614000000000.0,6735000000000.0,469762048.0,469762048.0,469762048.0,105.672,105.672,,,theoretical_load_131072_forward.results.log
static,github,9,20,131072,fa3_ring,causal,,16384.0,16384.0,16384.0,3614000000000.0,3614000000000.0,3614000000000.0,469762048.0,469762048.0,469762048.0,15.59,15.59,,,theoretical_load_131072_forward.results.log
static,github,9,20,131072,megatron_hybrid_cp,causal,,11264.0,16384.0,31232.0,3522000000000.0,3614000000000.0,3735000000000.0,190840832.0,225443840.0,247463936.0,30.024,30.024,,,theoretical_load_131072_forward.results.log
static,github,9,20,131072,zeppelin,causal,,10168.0,16385.0,23480.0,2799000000000.0,3615000000000.0,4662000000000.0,0.0,163601973.248,186973683.712,37.657,37.657,,,theoretical_load_131072_forward.results.log
static,github,9,20,131072,mega_ring_all_cp,causal,,16384.0,16384.0,16384.0,3702000000000.0,3702000000000.0,3702000000000.0,234881024.0,352321536.0,469762048.0,14.598,47.09,,,theoretical_load_131072_forward.results.log
static,github,9,20,131072,mega_ring_hybrid,causal,,16128.0,16384.0,16896.0,3438000000000.0,3614000000000.0,3742000000000.0,123731968.0,181665792.0,228589568.0,28.506,64.718,,,theoretical_load_131072_forward.results.log
static,github,10,20,131840,allgather_attention,causal,,16480.0,16480.0,16480.0,1580000000000.0,1580000000000.0,1580000000000.0,472514560.0,472514560.0,472514560.0,36.153,36.153,,,theoretical_load_131072_forward.results.log
static,github,10,20,131840,llama3_allgather_attention,causal,,16480.0,16480.0,16480.0,716522000000.0,1580000000000.0,2740000000000.0,472514560.0,472514560.0,472514560.0,46.662,46.662,,,theoretical_load_131072_forward.results.log
static,github,10,20,131840,fa3_ring,causal,,16480.0,16480.0,16480.0,1580000000000.0,1580000000000.0,1580000000000.0,472514560.0,472514560.0,472514560.0,6.552,6.552,,,theoretical_load_131072_forward.results.log
static,github,10,20,131840,megatron_hybrid_cp,causal,,10240.0,16480.0,31232.0,1289000000000.0,1580000000000.0,1881000000000.0,62914560.0,84934656.0,98566144.0,23.779,23.779,,,theoretical_load_131072_forward.results.log
static,github,10,20,131840,zeppelin,causal,,13824.0,16481.0,23126.0,975071000000.0,1580000000000.0,2701000000000.0,29360128.0,51386515.456,61522051.072,29.675,29.675,,,theoretical_load_131072_forward.results.log
static,github,10,20,131840,mega_ring_all_cp,causal,,16480.0,16480.0,16480.0,1731000000000.0,1731000000000.0,1731000000000.0,236256755.712,354386182.144,472514560.0,6.149,19.835,,,theoretical_load_131072_forward.results.log
static,github,10,20,131840,mega_ring_hybrid,causal,,16384.0,16480.0,16640.0,1535000000000.0,1580000000000.0,1614000000000.0,53477376.0,92012544.0,138412032.0,19.558,30.206,,,theoretical_load_131072_forward.results.log
static,github,11,20,131584,allgather_attention,causal,,16448.0,16448.0,16448.0,1540000000000.0,1540000000000.0,1540000000000.0,471597056.0,471597056.0,471597056.0,30.921,30.921,,,theoretical_load_131072_forward.results.log
static,github,11,20,131584,llama3_allgather_attention,causal,,16448.0,16448.0,16448.0,681155000000.0,1540000000000.0,3013000000000.0,471597056.0,471597056.0,471597056.0,45.419,45.419,,,theoretical_load_131072_forward.results.log
static,github,11,20,131584,fa3_ring,causal,,16448.0,16448.0,16448.0,1540000000000.0,1540000000000.0,1540000000000.0,471597056.0,471597056.0,471597056.0,6.001,6.001,,,theoretical_load_131072_forward.results.log
static,github,11,20,131584,megatron_hybrid_cp,causal,,11264.0,16448.0,24576.0,1207000000000.0,1540000000000.0,2079000000000.0002,62914560.0,81788928.0,104857600.0,23.626,23.626,,,theoretical_load_131072_forward.results.log
static,github,11,20,131584,zeppelin,causal,,13484.0,16448.0,22016.0,944467000000.0,1540000000000.0,2178000000000.0,29360128.0,66064482.304,104857600.0,26.118,26.118,,,theoretical_load_131072_forward.results.log
static,github,11,20,131584,mega_ring_all_cp,causal,,16448.0,16448.0,16448.0,1761000000000.0,1761000000000.0,1761000000000.0,235798528.0,353697267.712,471597056.0,5.435,17.533,,,theoretical_load_131072_forward.results.log
static,github,11,20,131584,mega_ring_hybrid,causal,,16384.0,16448.0,16640.0,1500000000000.0,1540000000000.0,1587000000000.0,53477376.0,84934656.0,119537664.0,19.966,29.443,,,theoretical_load_131072_forward.results.log
static,github,12,20,131584,allgather_attention,causal,,16448.0,16448.0,16448.0,866242000000.0,866242000000.0,866242000000.0,471597056.0,471597056.0,471597056.0,16.392,16.392,,,theoretical_load_131072_forward.results.log
static,github,12,20,131584,llama3_allgather_attention,causal,,16448.0,16448.0,16448.0,343866000000.0,866242000000.0,1535000000000.0,471597056.0,471597056.0,471597056.0,25.884,25.884,,,theoretical_load_131072_forward.results.log
static,github,12,20,131584,fa3_ring,causal,,16448.0,16448.0,16448.0,866242000000.0,866242000000.0,866242000000.0,471597056.0,471597056.0,471597056.0,3.392,3.392,,,theoretical_load_131072_forward.results.log
static,github,12,20,131584,megatron_hybrid_cp,causal,,12800.0,16448.0,18432.0,650830000000.0,866242000000.0,1246000000000.0,20971520.0,38797312.0,56623104.0,17.885,17.885,,,theoretical_load_131072_forward.results.log
static,github,12,20,131584,zeppelin,causal,,14080.0,16448.0,19456.0,640615000000.0,866242000000.0,1016999999999.9999,0.0,28311552.0,56623104.0,19.472,19.472,,,theoretical_load_131072_forward.results.log
static,github,12,20,131584,mega_ring_all_cp,causal,,16448.0,16448.0,16448.0,1130000000000.0,1130000000000.0,1130000000000.0,235798528.0,353697267.712,471597056.0,3.168,10.221,,,theoretical_load_131072_forward.results.log
static,github,12,20,131584,mega_ring_hybrid,causal,,16384.0,16448.0,16640.0,848929000000.0,866242000000.0,879529000000.0,67108864.0,95158272.0,119537664.0,10.615,18.751,,,theoretical_load_131072_forward.results.log
static,github,13,20,131072,allgather_attention,causal,,16384.0,16384.0,16384.0,1507000000000.0,1507000000000.0,1507000000000.0,469762048.0,469762048.0,469762048.0,30.085,30.085,,,theoretical_load_131072_forward.results.log
static,github,13,20,131072,llama3_allgather_attention,causal,,16384.0,16384.0,16384.0,643306000000.0,1507000000000.0,2856000000000.0,469762048.0,469762048.0,469762048.0,44.352,44.352,,,theoretical_load_131072_forward.results.log
static,github,13,20,131072,fa3_ring,causal,,16384.0,16384.0,16384.0,1507000000000.0,1507000000000.0,1507000000000.0,469762048.0,469762048.0,469762048.0,5.879,5.879,,,theoretical_load_131072_forward.results.log
static,github,13,20,131072,megatron_hybrid_cp,causal,,11264.0,16384.0,19968.0,1360000000000.0,1507000000000.0,1813000000000.0,77594624.0,98566144.0,119537664.0,21.104,21.104,,,theoretical_load_131072_forward.results.log
static,github,13,20,131072,zeppelin,causal,,13824.0,16384.0,23040.0,1175000000000.0,1507000000000.0,2517000000000.0,33554432.0,54525952.0,75497472.0,27.558,27.558,,,theoretical_load_131072_forward.results.log
static,github,13,20,131072,mega_ring_all_cp,causal,,16384.0,16384.0,16384.0,1740000000000.0,1740000000000.0,1740000000000.0,234881024.0,352321536.0,469762048.0,5.316,17.15,,,theoretical_load_131072_forward.results.log
static,github,13,20,131072,mega_ring_hybrid,causal,,16128.0,16384.0,16640.0,1458000000000.0,1507000000000.0,1573000000000.0,35651584.0,57802752.0,75497472.0,23.828,30.077,,,theoretical_load_131072_forward.results.log
static,github,14,20,132864,allgather_attention,causal,,16608.0,16608.0,16608.0,2420000000000.0,2420000000000.0,2420000000000.0,476184576.0,476184576.0,476184576.0,51.312,51.312,,,theoretical_load_131072_forward.results.log
static,github,14,20,132864,llama3_allgather_attention,causal,,16608.0,16608.0,16608.0,702833000000.0,2420000000000.0,4215000000000.0,476184576.0,476184576.0,476184576.0,69.982,69.982,,,theoretical_load_131072_forward.results.log
static,github,14,20,132864,fa3_ring,causal,,16608.0,16608.0,16608.0,2420000000000.0,2420000000000.0,2420000000000.0,476184576.0,476184576.0,476184576.0,9.553,9.553,,,theoretical_load_131072_forward.results.log
static,github,14,20,132864,megatron_hybrid_cp,causal,,12032.0,16608.0,26624.0,1666000000000.0,2420000000000.0,3174000000000.0,124780544.0,171966464.0,219152384.0,24.165,24.165,,,theoretical_load_131072_forward.results.log
static,github,14,20,132864,zeppelin,causal,,13568.0,16608.0,20532.0,2017000000000.0,2420000000000.0,4000000000000.0,94371840.0,118497476.608,208469491.712,30.698,30.698,,,theoretical_load_131072_forward.results.log
static,github,14,20,132864,mega_ring_all_cp,causal,,16608.0,16608.0,16608.0,2616000000000.0,2616000000000.0,2616000000000.0,238091763.712,357138694.144,476184576.0,8.646,27.891,,,theoretical_load_131072_forward.results.log
static,github,14,20,132864,mega_ring_hybrid,causal,,16384.0,16608.0,16640.0,2346000000000.0,2420000000000.0,2529000000000.0,124780544.0,178913280.0,234881024.0,19.278,46.565,,,theoretical_load_131072_forward.results.log
static,github,15,20,131072,allgather_attention,causal,,16384.0,16384.0,16384.0,958046000000.0,958046000000.0,958046000000.0,469762048.0,469762048.0,469762048.0,20.139,20.139,,,theoretical_load_131072_forward.results.log
static,github,15,20,131072,llama3_allgather_attention,causal,,16384.0,16384.0,16384.0,433926000000.0,958046000000.0,1870000000000.0,469762048.0,469762048.0,469762048.0,28.379,28.379,,,theoretical_load_131072_forward.results.log
static,github,15,20,131072,fa3_ring,causal,,16384.0,16384.0,16384.0,958046000000.0,958046000000.0,958046000000.0,469762048.0,469762048.0,469762048.0,3.937,3.937,,,theoretical_load_131072_forward.results.log
static,github,15,20,131072,megatron_hybrid_cp,causal,,12800.0,16384.0,20992.0,748549000000.0,958046000000.0,1246000000000.0,20971520.0,39845888.0,56623104.0,19.635,19.635,,,theoretical_load_131072_forward.results.log
static,github,15,20,131072,zeppelin,causal,,13312.0,16384.0,18688.0,442491000000.0,958046000000.0,1318000000000.0,0.0,25165824.0,50331648.0,22.149,22.149,,,theoretical_load_131072_forward.results.log
static,github,15,20,131072,mega_ring_all_cp,causal,,16384.0,16384.0,16384.0,1181000000000.0,1181000000000.0,1181000000000.0,234881024.0,352321536.0,469762048.0,3.709,11.964,,,theoretical_load_131072_forward.results.log
static,github,15,20,131072,mega_ring_hybrid,causal,,16384.0,16384.0,16384.0,925163000000.0,958046000000.0,997104000000.0,51904512.0,78643200.0,97517568.0,13.067,21.352,,,theoretical_load_131072_forward.results.log
static,github,16,20,131328,allgather_attention,causal,,16416.0,16416.0,16416.0,788060000000.0,788060000000.0,788060000000.0,470679552.0,470679552.0,470679552.0,16.379,16.379,,,theoretical_load_131072_forward.results.log
static,github,16,20,131328,llama3_allgather_attention,causal,,16416.0,16416.0,16416.0,311385000000.0,788060000000.0,1733000000000.0,470679552.0,470679552.0,470679552.0,23.655,23.655,,,theoretical_load_131072_forward.results.log
static,github,16,20,131328,fa3_ring,causal,,16416.0,16416.0,16416.0,788060000000.0,788060000000.0,788060000000.0,470679552.0,470679552.0,470679552.0,3.33,3.33,,,theoretical_load_131072_forward.results.log
static,github,16,20,131328,megatron_hybrid_cp,causal,,5120.0,16416.0,47616.0,429539000000.0,788060000000.0,1100000000000.0,0.0,19922944.0,33554432.0,19.135,19.135,,,theoretical_load_131072_forward.results.log
static,github,16,20,131328,zeppelin,causal,,14592.0,16416.0,18774.0,539148000000.0,788127000000.0,1054999999999.9999,0.0,28313649.152,44744835.072,17.912,17.912,,,theoretical_load_131072_forward.results.log
static,github,16,20,131328,mega_ring_all_cp,causal,,16416.0,16416.0,16416.0,1091000000000.0,1091000000000.0,1091000000000.0,235340300.288,353009401.856,470679552.0,3.206,10.342,,,theoretical_load_131072_forward.results.log
static,github,16,20,131328,mega_ring_hybrid,causal,,15872.0,16416.0,17152.0,773228000000.0,788060000000.0,807584000000.0,17825792.0,34209792.0,50331648.0,15.501,17.489,,,theoretical_load_131072_forward.results.log
static,github,17,20,131328,allgather_attention,causal,,16416.0,16416.0,16416.0,2408000000000.0,2408000000000.0,2408000000000.0,470679552.0,470679552.0,470679552.0,49.879,49.879,,,theoretical_load_131072_forward.results.log
static,github,17,20,131328,llama3_allgather_attention,causal,,16416.0,16416.0,16416.0,741956000000.0,2408000000000.0,5017000000000.0,470679552.0,470679552.0,470679552.0,70.865,70.865,,,theoretical_load_131072_forward.results.log
static,github,17,20,131328,fa3_ring,causal,,16416.0,16416.0,16416.0,2408000000000.0,2408000000000.0,2408000000000.0,470679552.0,470679552.0,470679552.0,9.438,9.438,,,theoretical_load_131072_forward.results.log
static,github,17,20,131328,megatron_hybrid_cp,causal,,9760.0,16416.0,36896.0,2341000000000.0,2412000000000.0,2471000000000.0,147718144.0,182321152.0,204341248.0,22.625,22.625,,,theoretical_load_131072_forward.results.log
static,github,17,20,131328,zeppelin,causal,,12972.0,16417.0,24236.0,1466000000000.0,2408000000000.0,3596000000000.0,37748736.0,114315755.52,139837046.784,31.261,31.261,,,theoretical_load_131072_forward.results.log
static,github,17,20,131328,mega_ring_all_cp,causal,,16416.0,16416.0,16416.0,2607000000000.0,2607000000000.0,2607000000000.0,235340300.288,353009401.856,470679552.0,8.434,27.208,,,theoretical_load_131072_forward.results.log
static,github,17,20,131328,mega_ring_hybrid,causal,,16384.0,16416.0,16640.0,2341000000000.0,2408000000000.0,2469000000000.0,125304832.0,178913280.0,225443840.0,19.24,44.527,,,theoretical_load_131072_forward.results.log
static,github,18,20,131072,allgather_attention,causal,,16384.0,16384.0,16384.0,1436000000000.0,1436000000000.0,1436000000000.0,469762048.0,469762048.0,469762048.0,27.642,27.642,,,theoretical_load_131072_forward.results.log
static,github,18,20,131072,llama3_allgather_attention,causal,,16384.0,16384.0,16384.0,252464000000.0,1436000000000.0,3986000000000.0,469762048.0,469762048.0,469762048.0,42.281,42.281,,,theoretical_load_131072_forward.results.log
static,github,18,20,131072,fa3_ring,causal,,16384.0,16384.0,16384.0,1436000000000.0,1436000000000.0,1436000000000.0,469762048.0,469762048.0,469762048.0,5.575,5.575,,,theoretical_load_131072_forward.results.log
static,github,18,20,131072,megatron_hybrid_cp,causal,,8192.0,16384.0,27136.0,672339000000.0,1436000000000.0,2198999999999.9998,0.0,50331648.0,100663296.0,27.06,27.06,,,theoretical_load_131072_forward.results.log
static,github,18,20,131072,zeppelin,causal,,13386.0,16385.0,19786.0,551494000000.0,1436000000000.0,1799000000000.0,0.0,100682170.368,115064438.784,20.357,20.357,,,theoretical_load_131072_forward.results.log
static,github,18,20,131072,mega_ring_all_cp,causal,,16384.0,16384.0,16384.0,1740000000000.0,1740000000000.0,1740000000000.0,234881024.0,352321536.0,469762048.0,5.017,16.184,,,theoretical_load_131072_forward.results.log
static,github,18,20,131072,mega_ring_hybrid,causal,,15872.0,16384.0,17152.0,1390000000000.0,1436000000000.0,1473000000000.0,66060288.0,93585408.0,117440512.0,17.657,32.119,,,theoretical_load_131072_forward.results.log
static,github,19,20,131584,allgather_attention,causal,,16448.0,16448.0,16448.0,1383000000000.0,1383000000000.0,1383000000000.0,471597056.0,471597056.0,471597056.0,29.836,29.836,,,theoretical_load_131072_forward.results.log
static,github,19,20,131584,llama3_allgather_attention,causal,,16448.0,16448.0,16448.0,473923000000.0,1383000000000.0,2962000000000.0,471597056.0,471597056.0,471597056.0,40.987,40.987,,,theoretical_load_131072_forward.results.log
static,github,19,20,131584,fa3_ring,causal,,16448.0,16448.0,16448.0,1383000000000.0,1383000000000.0,1383000000000.0,471597056.0,471597056.0,471597056.0,5.674,5.674,,,theoretical_load_131072_forward.results.log
static,github,19,20,131584,megatron_hybrid_cp,causal,,6144.0,16448.0,46336.0,618526000000.0,1383000000000.0,1684000000000.0,0.0,50331648.0,88080384.0,26.019,26.019,,,theoretical_load_131072_forward.results.log
static,github,19,20,131584,zeppelin,causal,,14080.0,16449.0,19968.0,579399000000.0,1384000000000.0,1784000000000.0,0.0,58737033.216,93978624.0,24.815,24.815,,,theoretical_load_131072_forward.results.log
static,github,19,20,131584,mega_ring_all_cp,causal,,16448.0,16448.0,16448.0,1589000000000.0,1589000000000.0,1589000000000.0,235798528.0,353697267.712,471597056.0,5.228,16.864,,,theoretical_load_131072_forward.results.log
static,github,19,20,131584,mega_ring_hybrid,causal,,16384.0,16448.0,16640.0,1342000000000.0,1383000000000.0,1417000000000.0,75497472.0,100663296.0,121634816.0,16.277,28.468,,,theoretical_load_131072_forward.results.log
static,github,20,20,131072,allgather_attention,causal,,16384.0,16384.0,16384.0,2605000000000.0,2605000000000.0,2605000000000.0,469762048.0,469762048.0,469762048.0,59.35,59.35,,,theoretical_load_131072_forward.results.log
static,github,20,20,131072,llama3_allgather_attention,causal,,16384.0,16384.0,16384.0,872013000000.0,2605000000000.0,5123000000000.0,469762048.0,469762048.0,469762048.0,76.312,76.312,,,theoretical_load_131072_forward.results.log
static,github,20,20,131072,fa3_ring,causal,,16384.0,16384.0,16384.0,2605000000000.0,2605000000000.0,2605000000000.0,469762048.0,469762048.0,469762048.0,10.73,10.73,,,theoretical_load_131072_forward.results.log
static,github,20,20,131072,megatron_hybrid_cp,causal,,13312.0,16384.0,19968.0,2249000000000.0,2605000000000.0,2923000000000.0,167772160.0,188743680.0,203423744.0,24.543,24.543,,,theoretical_load_131072_forward.results.log
static,github,20,20,131072,zeppelin,causal,,10924.0,16385.0,27308.0,1427000000000.0,2606000000000.0,4598000000000.0,37748736.0,114315755.52,139837046.784,33.787,33.787,,,theoretical_load_131072_forward.results.log
static,github,20,20,131072,mega_ring_all_cp,causal,,16384.0,16384.0,16384.0,2758000000000.0,2758000000000.0,2758000000000.0,234881024.0,352321536.0,469762048.0,9.863,31.816,,,theoretical_load_131072_forward.results.log
static,github,20,20,131072,mega_ring_hybrid,causal,,16128.0,16384.0,16640.0,2505000000000.0,2605000000000.0,2709000000000.0,101711872.0,154140672.0,197132288.0,23.147,48.178,,,theoretical_load_131072_forward.results.log
static,pile,1,20,131072,allgather_attention,causal,,16384.0,16384.0,16384.0,419833000000.0,419833000000.0,419833000000.0,469762048.0,469762048.0,469762048.0,7.775,7.775,,,theoretical_load_131072_forward.results.log
static,pile,1,20,131072,llama3_allgather_attention,causal,,16384.0,16384.0,16384.0,157974000000.0,419833000000.0,706656000000.0,469762048.0,469762048.0,469762048.0,12.715,12.715,,,theoretical_load_131072_forward.results.log
static,pile,1,20,131072,fa3_ring,causal,,16384.0,16384.0,16384.0,419833000000.0,419833000000.0,419833000000.0,469762048.0,469762048.0,469762048.0,1.864,1.864,,,theoretical_load_131072_forward.results.log
static,pile,1,20,131072,megatron_hybrid_cp,causal,,5120.0,16384.0,25088.0,389911000000.0,419833000000.0,549823000000.0,0.0,5242880.0,20971520.0,12.011,12.011,,,theoretical_load_131072_forward.results.log
static,pile,1,20,131072,zeppelin,causal,,14336.0,16384.0,17494.0,238488000000.0,419875000000.0,517977999999.99994,0.0,14682161.152,27967619.072,11.022,11.022,,,theoretical_load_131072_forward.results.log
static,pile,1,20,131072,mega_ring_all_cp,causal,,16384.0,16384.0,16384.0,816321000000.0,816321000000.0,816321000000.0,234881024.0,352321536.0,469762048.0,1.922,6.201,,,theoretical_load_131072_forward.results.log
static,pile,1,20,131072,mega_ring_hybrid,causal,,16128.0,16384.0,16640.0,409230000000.0,419833000000.0,432317000000.0,22020096.0,34209792.0,47185920.0,8.422,10.611,,,theoretical_load_131072_forward.results.log
static,pile,2,20,131328,allgather_attention,causal,,16416.0,16416.0,16416.0,979320000000.0,979320000000.0,979320000000.0,470679552.0,470679552.0,470679552.0,16.01,16.01,,,theoretical_load_131072_forward.results.log
static,pile,2,20,131328,llama3_allgather_attention,causal,,16416.0,16416.0,16416.0,216628000000.0,979320000000.0,1935000000000.0,470679552.0,470679552.0,470679552.0,29.245,29.245,,,theoretical_load_131072_forward.results.log
static,pile,2,20,131328,fa3_ring,causal,,16416.0,16416.0,16416.0,979320000000.0,979320000000.0,979320000000.0,470679552.0,470679552.0,470679552.0,3.528,3.528,,,theoretical_load_131072_forward.results.log
static,pile,2,20,131328,megatron_hybrid_cp,causal,,11264.0,16416.0,19712.0,769493000000.0,979320000000.0,1409000000000.0,25165824.0,44040192.0,62914560.0,19.408,19.408,,,theoretical_load_131072_forward.results.log
static,pile,2,20,131328,zeppelin,causal,,14080.0,16416.0,20736.0,706101000000.0,979320000000.0,1477000000000.0,25165824.0,44040192.0,62914560.0,19.408,19.408,,,theoretical_load_131072_forward.results.log
static,pile,2,20,131328,mega_ring_all_cp,causal,,16416.0,16416.0,16416.0,1336000000000.0,1336000000000.0,1336000000000.0,235340300.288,353009401.856,470679552.0,3.214,10.369,,,theoretical_load_131072_forward.results.log
static,pile,2,20,131328,mega_ring_hybrid,causal,,16128.0,16416.0,16896.0,941806000000.0,979320000000.0,1020000000000.0,12582912.0,36175872.0,62914560.0,18.818,21.867,,,theoretical_load_131072_forward.results.log
static,pile,3,20,131072,allgather_attention,causal,,16384.0,16384.0,16384.0,902346000000.0,902346000000.0,902346000000.0,469762048.0,469762048.0,469762048.0,14.386,14.386,,,theoretical_load_131072_forward.results.log
static,pile,3,20,131072,llama3_allgather_attention,causal,,16384.0,16384.0,16384.0,144016000000.0,902346000000.0,1740000000000.0,469762048.0,469762048.0,469762048.0,26.758,26.758,,,theoretical_load_131072_forward.results.log
static,pile,3,20,131072,fa3_ring,causal,,16384.0,16384.0,16384.0,902346000000.0,902346000000.0,902346000000.0,469762048.0,469762048.0,469762048.0,3.273,3.273,,,theoretical_load_131072_forward.results.log
static,pile,3,20,131072,megatron_hybrid_cp,causal,,9728.0,16384.0,22272.0,571390000000.0,902346000000.0,1242000000000.0,20971520.0,41943040.0,56623104.0,18.218,18.218,,,theoretical_load_131072_forward.results.log
static,pile,3,20,131072,zeppelin,causal,,14422.0,16384.0,18944.0,827257000000.0,902413000000.0,1078000000000.0001,0.0,45090865.152,56623104.0,17.913,17.913,,,theoretical_load_131072_forward.results.log
static,pile,3,20,131072,mega_ring_all_cp,causal,,16384.0,16384.0,16384.0,1315000000000.0,1315000000000.0,1315000000000.0,234881024.0,352321536.0,469762048.0,3.003,9.687,,,theoretical_load_131072_forward.results.log
static,pile,3,20,131072,mega_ring_hybrid,causal,,16384.0,16384.0,16384.0,875234000000.0,902346000000.0,934290000000.0,34603008.0,56229888.0,81788928.0,14.559,19.599,,,theoretical_load_131072_forward.results.log
static,pile,4,20,132096,allgather_attention,causal,,16512.0,16512.0,16512.0,1428000000000.0,1428000000000.0,1428000000000.0,473432064.0,473432064.0,473432064.0,21.516,21.516,,,theoretical_load_131072_forward.results.log
static,pile,4,20,132096,llama3_allgather_attention,causal,,16512.0,16512.0,16512.0,220252000000.0,1428000000000.0,4006999999999.9995,473432064.0,473432064.0,473432064.0,41.836,41.836,,,theoretical_load_131072_forward.results.log
static,pile,4,20,132096,fa3_ring,causal,,16512.0,16512.0,16512.0,1428000000000.0,1428000000000.0,1428000000000.0,473432064.0,473432064.0,473432064.0,4.744,4.744,,,theoretical_load_131072_forward.results.log
static,pile,4,20,132096,megatron_hybrid_cp,causal,,10496.0,16512.0,19712.0,1410000000000.0,1428000000000.0,1551000000000.0,124780544.0,124780544.0,124780544.0,17.506,17.506,,,theoretical_load_131072_forward.results.log
static,pile,4,20,132096,zeppelin,causal,,15214.0,16512.0,18542.0,397414000000.0,1428000000000.0,1643000000000.0,0.0,106961043.456,122240892.928,19.435,19.435,,,theoretical_load_131072_forward.results.log
static,pile,4,20,132096,mega_ring_all_cp,causal,,16512.0,16512.0,16512.0,1834000000000.0,1834000000000.0,1834000000000.0,236716032.0,355074048.0,473432064.0,4.129,13.318,,,theoretical_load_131072_forward.results.log
static,pile,4,20,132096,mega_ring_hybrid,causal,,15872.0,16512.0,17152.0,1383000000000.0,1428000000000.0,1471000000000.0,68681728.0,95944704.0,124780544.0,17.253,32.55,,,theoretical_load_131072_forward.results.log
static,pile,5,20,131072,allgather_attention,causal,,16384.0,16384.0,16384.0,723702000000.0,723702000000.0,723702000000.0,469762048.0,469762048.0,469762048.0,12.402,12.402,,,theoretical_load_131072_forward.results.log
static,pile,5,20,131072,llama3_allgather_attention,causal,,16384.0,16384.0,16384.0,229915000000.0,723702000000.0,1719000000000.0,469762048.0,469762048.0,469762048.0,21.559,21.559,,,theoretical_load_131072_forward.results.log
static,pile,5,20,131072,fa3_ring,causal,,16384.0,16384.0,16384.0,723702000000.0,723702000000.0,723702000000.0,469762048.0,469762048.0,469762048.0,2.786,2.786,,,theoretical_load_131072_forward.results.log
static,pile,5,20,131072,megatron_hybrid_cp,causal,,5120.0,16384.0,26880.0,429539000000.0,723702000000.0,1100000000000.0,0.0,13631488.0,33554432.0,18.708,18.708,,,theoretical_load_131072_forward.results.log
static,pile,5,20,131072,zeppelin,causal,,14848.0,16384.0,19200.0,485992000000.0,723702000000.0,1036000000000.0,0.0,30408704.0,50331648.0,16.09,16.09,,,theoretical_load_131072_forward.results.log
static,pile,5,20,131072,mega_ring_all_cp,causal,,16384.0,16384.0,16384.0,1121000000000.0,1121000000000.0,1121000000000.0,234881024.0,352321536.0,469762048.0,2.67,8.612,,,theoretical_load_131072_forward.results.log
static,pile,5,20,131072,mega_ring_hybrid,causal,,15872.0,16384.0,16896.0,710417000000.0,723702000000.0,745846000000.0,17825792.0,34209792.0,50331648.0,14.279,16.114,,,theoretical_load_131072_forward.results.log
static,pile,6,20,131072,allgather_attention,causal,,16384.0,16384.0,16384.0,3628000000000.0,3628000000000.0,3628000000000.0,469762048.0,469762048.0,469762048.0,57.895,57.895,,,theoretical_load_131072_forward.results.log
static,pile,6,20,131072,llama3_allgather_attention,causal,,16384.0,16384.0,16384.0,657264000000.0,3628000000000.0,7200000000000.0,469762048.0,469762048.0,469762048.0,106.098,106.098,,,theoretical_load_131072_forward.results.log
static,pile,6,20,131072,fa3_ring,causal,,16384.0,16384.0,16384.0,3628000000000.0,3628000000000.0,3628000000000.0,469762048.0,469762048.0,469762048.0,11.98,11.98,,,theoretical_load_131072_forward.results.log
static,pile,6,20,131072,megatron_hybrid_cp,causal,,13312.0,16384.0,19968.0,3476000000000.0,3628000000000.0,3986000000000.0,205520896.0,211812352.0,230686720.0,31.509,31.509,,,theoretical_load_131072_forward.results.log
static,pile,6,20,131072,zeppelin,causal,,13312.0,16384.0,25344.0,3414000000000.0,3628000000000.0,4647000000000.0,205520896.0,205520896.0,205520896.0,32.181,32.181,,,theoretical_load_131072_forward.results.log
static,pile,6,20,131072,mega_ring_all_cp,causal,,16384.0,16384.0,16384.0,3943000000000.0,3943000000000.0,3943000000000.0,234881024.0,352321536.0,469762048.0,9.872,31.845,,,theoretical_load_131072_forward.results.log
static,pile,6,20,131072,mega_ring_hybrid,causal,,16128.0,16384.0,16640.0,3480000000000.0,3628000000000.0,3722000000000.0,121634816.0,168296448.0,205520896.0,30.246,71.102,,,theoretical_load_131072_forward.results.log
static,pile,7,20,131072,allgather_attention,causal,,16384.0,16384.0,16384.0,890266000000.0,890266000000.0,890266000000.0,469762048.0,469762048.0,469762048.0,14.012,14.012,,,theoretical_load_131072_forward.results.log
static,pile,7,20,131072,llama3_allgather_attention,causal,,16384.0,16384.0,16384.0,117172000000.0,890266000000.0,2314000000000.0,469762048.0,469762048.0,469762048.0,26.406,26.406,,,theoretical_load_131072_forward.results.log
static,pile,7,20,131072,fa3_ring,causal,,16384.0,16384.0,16384.0,890266000000.0,890266000000.0,890266000000.0,469762048.0,469762048.0,469762048.0,3.222,3.222,,,theoretical_load_131072_forward.results.log
static,pile,7,20,131072,megatron_hybrid_cp,causal,,5632.0,16384.0,51712.0,618526000000.0,890266000000.0,1038999999999.9999,0.0,40894464.0,69206016.0,18.123,18.123,,,theoretical_load_131072_forward.results.log
static,pile,7,20,131072,zeppelin,causal,,14746.0,16384.0,18842.0,625060000000.0,890358000000.0,1122000000000.0,0.0,52432994.304,73826041.856,16.923,16.923,,,theoretical_load_131072_forward.results.log
static,pile,7,20,131072,mega_ring_all_cp,causal,,16384.0,16384.0,16384.0,1319000000000.0,1319000000000.0,1319000000000.0,234881024.0,352321536.0,469762048.0,2.948,9.511,,,theoretical_load_131072_forward.results.log
static,pile,7,20,131072,mega_ring_hybrid,causal,,16384.0,16384.0,16384.0,856443000000.0,890266000000.0,912278000000.0,82313216.0,119537664.0,154140672.0,9.494,19.328,,,theoretical_load_131072_forward.results.log
static,pile,8,20,131072,allgather_attention,causal,,16384.0,16384.0,16384.0,242666000000.0,242666000000.0,242666000000.0,469762048.0,469762048.0,469762048.0,4.894,4.894,,,theoretical_load_131072_forward.results.log
static,pile,8,20,131072,llama3_allgather_attention,causal,,16384.0,16384.0,16384.0,128983000000.0,242666000000.0,419967000000.0,469762048.0,469762048.0,469762048.0,7.559,7.559,,,theoretical_load_131072_forward.results.log
static,pile,8,20,131072,fa3_ring,causal,,16384.0,16384.0,16384.0,242666000000.0,242666000000.0,242666000000.0,469762048.0,469762048.0,469762048.0,1.363,1.363,,,theoretical_load_131072_forward.results.log
static,pile,8,20,131072,megatron_hybrid_cp,causal,,6144.0,16384.0,20480.0,233082000000.0,242666000000.0,309288000000.0,0.0,0.0,0.0,7.559,7.559,,,theoretical_load_131072_forward.results.log
static,pile,8,20,131072,zeppelin,causal,,14848.0,16384.0,17920.0,168699000000.0,242666000000.0,325491000000.0,0.0,3145728.0,12582912.0,7.302,7.302,,,theoretical_load_131072_forward.results.log
static,pile,8,20,131072,mega_ring_all_cp,causal,,16384.0,16384.0,16384.0,799199000000.0,799199000000.0,799199000000.0,234881024.0,352321536.0,469762048.0,1.568,5.058,,,theoretical_load_131072_forward.results.log
static,pile,8,20,131072,mega_ring_hybrid,causal,,16128.0,16384.0,16896.0,240118000000.0,242666000000.0,245486000000.0,0.0,12976128.0,34603008.0,6.334,7.03,,,theoretical_load_131072_forward.results.log
static,pile,9,20,132864,allgather_attention,causal,,16608.0,16608.0,16608.0,1352000000000.0,1352000000000.0,1352000000000.0,476184576.0,476184576.0,476184576.0,21.5,21.5,,,theoretical_load_131072_forward.results.log
static,pile,9,20,132864,llama3_allgather_attention,causal,,16608.0,16608.0,16608.0,620155000000.0,1352000000000.0,1878000000000.0,476184576.0,476184576.0,476184576.0,39.443,39.443,,,theoretical_load_131072_forward.results.log
static,pile,9,20,132864,fa3_ring,causal,,16608.0,16608.0,16608.0,1352000000000.0,1352000000000.0,1352000000000.0,476184576.0,476184576.0,476184576.0,4.67,4.67,,,theoretical_load_131072_forward.results.log
static,pile,9,20,132864,megatron_hybrid_cp,causal,,13568.0,16608.0,18688.0,1139000000000.0,1352000000000.0,1825000000000.0,122683392.0,132120576.0,154140672.0,16.002,16.002,,,theoretical_load_131072_forward.results.log
static,pile,9,20,132864,zeppelin,causal,,13312.0,16608.0,26028.0,984730000000.0,1352000000000.0,2433000000000.0,50331648.0,58724450.304,106266886.144,23.981,23.981,,,theoretical_load_131072_forward.results.log
static,pile,9,20,132864,mega_ring_all_cp,causal,,16608.0,16608.0,16608.0,1705000000000.0,1705000000000.0,1705000000000.0,238091763.712,357138694.144,476184576.0,4.081,13.165,,,theoretical_load_131072_forward.results.log
static,pile,9,20,132864,mega_ring_hybrid,causal,,16384.0,16608.0,16640.0,1303000000000.0,1352000000000.0,1397000000000.0,64487424.0,108527616.0,160432128.0,15.147,26.793,,,theoretical_load_131072_forward.results.log
static,pile,10,20,131072,allgather_attention,causal,,16384.0,16384.0,16384.0,752022000000.0,752022000000.0,752022000000.0,469762048.0,469762048.0,469762048.0,12.746,12.746,,,theoretical_load_131072_forward.results.log
static,pile,10,20,131072,llama3_allgather_attention,causal,,16384.0,16384.0,16384.0,147237000000.0,752022000000.0,1783000000000.0,469762048.0,469762048.0,469762048.0,22.383,22.383,,,theoretical_load_131072_forward.results.log
static,pile,10,20,131072,fa3_ring,causal,,16384.0,16384.0,16384.0,752022000000.0,752022000000.0,752022000000.0,469762048.0,469762048.0,469762048.0,2.864,2.864,,,theoretical_load_131072_forward.results.log
static,pile,10,20,131072,megatron_hybrid_cp,causal,,9728.0,16384.0,20736.0,594465000000.0,752022000000.0,1004999999999.9999,20971520.0,38797312.0,56623104.0,15.613,15.613,,,theoretical_load_131072_forward.results.log
static,pile,10,20,131072,zeppelin,causal,,14080.0,16384.0,19712.0,514975000000.0,752022000000.0,1091000000000.0,20971520.0,38797312.0,56623104.0,15.613,15.613,,,theoretical_load_131072_forward.results.log
static,pile,10,20,131072,mega_ring_all_cp,causal,,16384.0,16384.0,16384.0,1126000000000.0,1126000000000.0,1126000000000.0,234881024.0,352321536.0,469762048.0,2.7,8.71,,,theoretical_load_131072_forward.results.log
static,pile,10,20,131072,mega_ring_hybrid,causal,,16128.0,16384.0,16640.0,715248000000.0,752022000000.0,789332000000.0,55050240.0,77463552.0,97517568.0,10.39,16.791,,,theoretical_load_131072_forward.results.log
static,pile,11,20,131072,allgather_attention,causal,,16384.0,16384.0,16384.0,289776000000.0,289776000000.0,289776000000.0,469762048.0,469762048.0,469762048.0,5.403,5.403,,,theoretical_load_131072_forward.results.log
static,pile,11,20,131072,llama3_allgather_attention,causal,,16384.0,16384.0,16384.0,145089000000.0,289776000000.0,640084000000.0,469762048.0,469762048.0,469762048.0,8.93,8.93,,,theoretical_load_131072_forward.results.log
static,pile,11,20,131072,fa3_ring,causal,,16384.0,16384.0,16384.0,289776000000.0,289776000000.0,289776000000.0,469762048.0,469762048.0,469762048.0,1.479,1.479,,,theoretical_load_131072_forward.results.log
static,pile,11,20,131072,megatron_hybrid_cp,causal,,6144.0,16384.0,20992.0,242829000000.0,289776000000.0,549823000000.0,0.0,0.0,0.0,8.93,8.93,,,theoretical_load_131072_forward.results.log
static,pile,11,20,131072,zeppelin,causal,,14336.0,16384.0,18176.0,166547000000.0,289776000000.0,437699000000.0,0.0,7340032.0,16777216.0,8.253,8.253,,,theoretical_load_131072_forward.results.log
static,pile,11,20,131072,mega_ring_all_cp,causal,,16384.0,16384.0,16384.0,837852000000.0,837852000000.0,837852000000.0,234881024.0,352321536.0,469762048.0,1.65,5.322,,,theoretical_load_131072_forward.results.log
static,pile,11,20,131072,mega_ring_hybrid,causal,,16128.0,16384.0,16640.0,278772000000.0,289776000000.0,294874000000.0,9437184.0,16515072.0,25165824.0,7.166,8.15,,,theoretical_load_131072_forward.results.log
static,pile,12,20,131584,allgather_attention,causal,,16448.0,16448.0,16448.0,1587000000000.0,1587000000000.0,1587000000000.0,471597056.0,471597056.0,471597056.0,26.456,26.456,,,theoretical_load_131072_forward.results.log
static,pile,12,20,131584,llama3_allgather_attention,causal,,16448.0,16448.0,16448.0,190724000000.0,1587000000000.0,3994000000000.0,471597056.0,471597056.0,471597056.0,46.749,46.749,,,theoretical_load_131072_forward.results.log
static,pile,12,20,131584,fa3_ring,causal,,16448.0,16448.0,16448.0,1587000000000.0,1587000000000.0,1587000000000.0,471597056.0,471597056.0,471597056.0,5.614,5.614,,,theoretical_load_131072_forward.results.log
static,pile,12,20,131584,megatron_hybrid_cp,causal,,10496.0,16448.0,20224.0,1437000000000.0,1587000000000.0,1860000000000.0,124780544.0,131072000.0,149946368.0,18.911,18.911,,,theoretical_load_131072_forward.results.log
static,pile,12,20,131584,zeppelin,causal,,13934.0,16448.0,21358.0,1338000000000.0,1587000000000.0,2049999999999.9998,0.0,106961043.456,122240892.928,21.56,21.56,,,theoretical_load_131072_forward.results.log
static,pile,12,20,131584,mega_ring_all_cp,causal,,16448.0,16448.0,16448.0,1924000000000.0,1924000000000.0,1924000000000.0,235798528.0,353697267.712,471597056.0,4.859,15.673,,,theoretical_load_131072_forward.results.log
static,pile,12,20,131584,mega_ring_hybrid,causal,,16384.0,16448.0,16640.0,1518000000000.0,1587000000000.0,1652000000000.0,81264640.0,117178368.0,149946368.0,16.977,33.595,,,theoretical_load_131072_forward.results.log
static,pile,13,20,131328,allgather_attention,causal,,16416.0,16416.0,16416.0,540294000000.0,540294000000.0,540294000000.0,470679552.0,470679552.0,470679552.0,8.968,8.968,,,theoretical_load_131072_forward.results.log
static,pile,13,20,131328,llama3_allgather_attention,causal,,16416.0,16416.0,16416.0,156163000000.0,540294000000.0,1783000000000.0,470679552.0,470679552.0,470679552.0,16.387,16.387,,,theoretical_load_131072_forward.results.log
static,pile,13,20,131328,fa3_ring,causal,,16416.0,16416.0,16416.0,540294000000.0,540294000000.0,540294000000.0,470679552.0,470679552.0,470679552.0,2.187,2.187,,,theoretical_load_131072_forward.results.log
static,pile,13,20,131328,megatron_hybrid_cp,causal,,7168.0,16416.0,24832.0,340043000000.0,540294000000.0,1100000000000.0,0.0,8388608.0,33554432.0,14.805,14.805,,,theoretical_load_131072_forward.results.log
static,pile,13,20,131328,zeppelin,causal,,14542.0,16417.0,18432.0,249765000000.0,540495000000.0,689918000000.0,0.0,33567014.912,53707014.144,11.897,11.897,,,theoretical_load_131072_forward.results.log
static,pile,13,20,131328,mega_ring_all_cp,causal,,16416.0,16416.0,16416.0,1026999999999.9999,1026999999999.9999,1026999999999.9999,235340300.288,353009401.856,470679552.0,2.19,7.064,,,theoretical_load_131072_forward.results.log
static,pile,13,20,131328,mega_ring_hybrid,causal,,16384.0,16416.0,16640.0,522511999999.99994,540294000000.0,553111000000.0,40370176.0,59375616.0,77594624.0,8.598,13.428,,,theoretical_load_131072_forward.results.log
static,pile,14,20,131328,allgather_attention,causal,,16416.0,16416.0,16416.0,332256000000.0,332256000000.0,332256000000.0,470679552.0,470679552.0,470679552.0,5.915,5.915,,,theoretical_load_131072_forward.results.log
static,pile,14,20,131328,llama3_allgather_attention,causal,,16416.0,16416.0,16416.0,107978000000.0,332256000000.0,726051000000.0,470679552.0,470679552.0,470679552.0,10.266,10.266,,,theoretical_load_131072_forward.results.log
static,pile,14,20,131328,fa3_ring,causal,,16416.0,16416.0,16416.0,332256000000.0,332256000000.0,332256000000.0,470679552.0,470679552.0,470679552.0,1.607,1.607,,,theoretical_load_131072_forward.results.log
static,pile,14,20,131328,megatron_hybrid_cp,causal,,5120.0,16416.0,23808.0,275589000000.0,332256000000.0,429539000000.0,0.0,5242880.0,20971520.0,9.587,9.587,,,theoretical_load_131072_forward.results.log
static,pile,14,20,131328,zeppelin,causal,,14592.0,16416.0,17494.0,175676000000.0,332298000000.0,453553000000.0,0.0,14157873.152,27967619.072,8.87,8.87,,,theoretical_load_131072_forward.results.log
static,pile,14,20,131328,mega_ring_all_cp,causal,,16416.0,16416.0,16416.0,928057000000.0,928057000000.0,928057000000.0,235340300.288,353009401.856,470679552.0,1.766,5.696,,,theoretical_load_131072_forward.results.log
static,pile,14,20,131328,mega_ring_hybrid,causal,,15872.0,16416.0,17152.0,323331000000.0,332256000000.0,344805000000.0,29360128.0,38338035.712,48234496.0,6.462,8.756,,,theoretical_load_131072_forward.results.log
static,pile,15,20,131072,allgather_attention,causal,,16384.0,16384.0,16384.0,453522000000.0,453522000000.0,453522000000.0,469762048.0,469762048.0,469762048.0,7.788,7.788,,,theoretical_load_131072_forward.results.log
static,pile,15,20,131072,llama3_allgather_attention,causal,,16384.0,16384.0,16384.0,133277999999.99998,453522000000.0,869865000000.0,469762048.0,469762048.0,469762048.0,13.695,13.695,,,theoretical_load_131072_forward.results.log
static,pile,15,20,131072,fa3_ring,causal,,16384.0,16384.0,16384.0,453522000000.0,453522000000.0,453522000000.0,469762048.0,469762048.0,469762048.0,1.924,1.924,,,theoretical_load_131072_forward.results.log
static,pile,15,20,131072,megatron_hybrid_cp,causal,,11008.0,16384.0,24320.0,443080000000.0,453522000000.0,461801000000.0,0.0,10485760.0,20971520.0,12.259,12.259,,,theoretical_load_131072_forward.results.log
static,pile,15,20,131072,zeppelin,causal,,13568.0,16384.0,18432.0,212175000000.0,453522000000.0,639027000000.0,0.0,10485760.0,20971520.0,12.259,12.259,,,theoretical_load_131072_forward.results.log
static,pile,15,20,131072,mega_ring_all_cp,causal,,16384.0,16384.0,16384.0,906538000000.0,906538000000.0,906538000000.0,234881024.0,352321536.0,469762048.0,1.969,6.351,,,theoretical_load_131072_forward.results.log
static,pile,15,20,131072,mega_ring_hybrid,causal,,15872.0,16384.0,16896.0,447889000000.0,453522000000.0,459157000000.0,20971520.0,30277632.0,44040192.0,9.437,11.077,,,theoretical_load_131072_forward.results.log
static,pile,16,20,131072,allgather_attention,causal,,16384.0,16384.0,16384.0,1018000000000.0,1018000000000.0,1018000000000.0,469762048.0,469762048.0,469762048.0,17.829,17.829,,,theoretical_load_131072_forward.results.log
static,pile,16,20,131072,llama3_allgather_attention,causal,,16384.0,16384.0,16384.0,250316000000.0,1018000000000.0,1741000000000.0,469762048.0,469762048.0,469762048.0,30.117,30.117,,,theoretical_load_131072_forward.results.log
static,pile,16,20,131072,fa3_ring,causal,,16384.0,16384.0,16384.0,1018000000000.0,1018000000000.0,1018000000000.0,469762048.0,469762048.0,469762048.0,3.815,3.815,,,theoretical_load_131072_forward.results.log
static,pile,16,20,131072,megatron_hybrid_cp,causal,,10240.0,16384.0,19712.0,888658000000.0,1018000000000.0,1409000000000.0,56623104.0,59768832.0,62914560.0,18.056,18.056,,,theoretical_load_131072_forward.results.log
static,pile,16,20,131072,zeppelin,causal,,14848.0,16384.0,18688.0,651900000000.0,1018000000000.0,1171000000000.0,0.0,50331648.0,62914560.0,19.275,19.275,,,theoretical_load_131072_forward.results.log
static,pile,16,20,131072,mega_ring_all_cp,causal,,16384.0,16384.0,16384.0,1362000000000.0,1362000000000.0,1362000000000.0,234881024.0,352321536.0,469762048.0,3.49,11.257,,,theoretical_load_131072_forward.results.log
static,pile,16,20,131072,mega_ring_hybrid,causal,,16384.0,16384.0,16384.0,969723000000.0,1018000000000.0,1058000000000.0,31457280.0,56229888.0,81788928.0,16.387,22.413,,,theoretical_load_131072_forward.results.log
static,pile,17,20,131072,allgather_attention,causal,,16384.0,16384.0,16384.0,432047000000.0,432047000000.0,432047000000.0,469762048.0,469762048.0,469762048.0,7.197,7.197,,,theoretical_load_131072_forward.results.log
static,pile,17,20,131072,llama3_allgather_attention,causal,,16384.0,16384.0,16384.0,109656000000.0,432047000000.0,1012999999999.9999,469762048.0,469762048.0,469762048.0,13.07,13.07,,,theoretical_load_131072_forward.results.log
static,pile,17,20,131072,fa3_ring,causal,,16384.0,16384.0,16384.0,432047000000.0,432047000000.0,432047000000.0,469762048.0,469762048.0,469762048.0,1.85,1.85,,,theoretical_load_131072_forward.results.log
static,pile,17,20,131072,megatron_hybrid_cp,causal,,5120.0,16384.0,32000.0,339955000000.0,432047000000.0,618526000000.0,0.0,11534336.0,25165824.0,11.578,11.578,,,theoretical_load_131072_forward.results.log
static,pile,17,20,131072,zeppelin,causal,,13568.0,16384.0,17408.0,153119000000.0,432047000000.0,561710000000.0,0.0,17825792.0,33554432.0,10.899,10.899,,,theoretical_load_131072_forward.results.log
static,pile,17,20,131072,mega_ring_all_cp,causal,,16384.0,16384.0,16384.0,945216000000.0,945216000000.0,945216000000.0,234881024.0,352321536.0,469762048.0,1.909,6.157,,,theoretical_load_131072_forward.results.log
static,pile,17,20,131072,mega_ring_hybrid,causal,,16128.0,16384.0,16896.0,423188000000.0,432047000000.0,440903000000.0,18874368.0,29295116.288,37748736.0,9.099,10.89,,,theoretical_load_131072_forward.results.log
static,pile,18,20,132352,allgather_attention,causal,,16544.0,16544.0,16544.0,527275999999.99994,527275999999.99994,527275999999.99994,474349568.0,474349568.0,474349568.0,9.561,9.561,,,theoretical_load_131072_forward.results.log
static,pile,18,20,132352,llama3_allgather_attention,causal,,16544.0,16544.0,16544.0,124555000000.0,527275999999.99994,1004999999999.9999,474349568.0,474349568.0,474349568.0,15.871,15.871,,,theoretical_load_131072_forward.results.log
static,pile,18,20,132352,fa3_ring,causal,,16544.0,16544.0,16544.0,527275999999.99994,527275999999.99994,527275999999.99994,474349568.0,474349568.0,474349568.0,2.21,2.21,,,theoretical_load_131072_forward.results.log
static,pile,18,20,132352,megatron_hybrid_cp,causal,,5120.0,16544.0,33024.0,429539000000.0,527275999999.99994,618526000000.0,0.0,11534336.0,25165824.0,13.917,13.917,,,theoretical_load_131072_forward.results.log
static,pile,18,20,132352,zeppelin,causal,,15872.0,16544.0,18176.0,404931000000.0,527275999999.99994,645466000000.0,0.0,17825792.0,33554432.0,13.107,13.107,,,theoretical_load_131072_forward.results.log
static,pile,18,20,132352,mega_ring_all_cp,causal,,16544.0,16544.0,16544.0,927986000000.0,927986000000.0,927986000000.0,237175308.288,355761913.856,474349568.0,2.207,7.119,,,theoretical_load_131072_forward.results.log
static,pile,18,20,132352,mega_ring_hybrid,causal,,16128.0,16544.0,17152.0,502115000000.0,527275999999.99994,550964000000.0,0.0,25165824.0,56623104.0,11.444,13.301,,,theoretical_load_131072_forward.results.log
static,pile,19,20,131072,allgather_attention,causal,,16384.0,16384.0,16384.0,641427000000.0,641427000000.0,641427000000.0,469762048.0,469762048.0,469762048.0,10.997,10.997,,,theoretical_load_131072_forward.results.log
static,pile,19,20,131072,llama3_allgather_attention,causal,,16384.0,16384.0,16384.0,163343000000.0,641427000000.0,1273000000000.0,469762048.0,469762048.0,469762048.0,19.164,19.164,,,theoretical_load_131072_forward.results.log
static,pile,19,20,131072,fa3_ring,causal,,16384.0,16384.0,16384.0,641427000000.0,641427000000.0,641427000000.0,469762048.0,469762048.0,469762048.0,2.536,2.536,,,theoretical_load_131072_forward.results.log
static,pile,19,20,131072,megatron_hybrid_cp,causal,,6144.0,16384.0,26368.0,423790000000.0,641427000000.0,1100000000000.0,0.0,14680064.0,33554432.0,16.463,16.463,,,theoretical_load_131072_forward.results.log
static,pile,19,20,131072,zeppelin,causal,,14848.0,16384.0,18432.0,300769000000.0,641427000000.0,839817000000.0,0.0,31457280.0,50331648.0,14.179,14.179,,,theoretical_load_131072_forward.results.log
static,pile,19,20,131072,mega_ring_all_cp,causal,,16384.0,16384.0,16384.0,1061000000000.0,1061000000000.0,1061000000000.0,234881024.0,352321536.0,469762048.0,2.457,7.926,,,theoretical_load_131072_forward.results.log
static,pile,19,20,131072,mega_ring_hybrid,causal,,16384.0,16384.0,16384.0,631494000000.0,641427000000.0,661559000000.0,56623104.0,82968576.0,102760448.0,8.569,14.822,,,theoretical_load_131072_forward.results.log
static,pile,20,20,131072,allgather_attention,causal,,16384.0,16384.0,16384.0,642769000000.0,642769000000.0,642769000000.0,469762048.0,469762048.0,469762048.0,10.047,10.047,,,theoretical_load_131072_forward.results.log
static,pile,20,20,131072,llama3_allgather_attention,causal,,16384.0,16384.0,16384.0,124688000000.0,642769000000.0,1774000000000.0,469762048.0,469762048.0,469762048.0,19.203,19.203,,,theoretical_load_131072_forward.results.log
static,pile,20,20,131072,fa3_ring,causal,,16384.0,16384.0,16384.0,642769000000.0,642769000000.0,642769000000.0,469762048.0,469762048.0,469762048.0,2.442,2.442,,,theoretical_load_131072_forward.results.log
static,pile,20,20,131072,megatron_hybrid_cp,causal,,5120.0,16384.0,30720.0,426464000000.0,642769000000.0,859035000000.0,0.0,31457280.0,62914560.0,14.208,14.208,,,theoretical_load_131072_forward.results.log
static,pile,20,20,131072,zeppelin,causal,,14678.0,16384.0,18262.0,311515000000.0,642936000000.0,807111000000.0,0.0,52439285.76,69919047.68,12.427,12.427,,,theoretical_load_131072_forward.results.log
static,pile,20,20,131072,mega_ring_all_cp,causal,,16384.0,16384.0,16384.0,1134000000000.0,1134000000000.0,1134000000000.0,234881024.0,352321536.0,469762048.0,2.363,7.623,,,theoretical_load_131072_forward.results.log
static,pile,20,20,131072,mega_ring_hybrid,causal,,15616.0,16384.0,17152.0,626122000000.0,642769000000.0,666389000000.0,41943040.0,59375616.0,73400320.0,10.189,15.858,,,theoretical_load_131072_forward.results.log
static,prolong,1,20,131072,allgather_attention,causal,,16384.0,16384.0,16384.0,8795999999999.999,8795999999999.999,8795999999999.999,469762048.0,469762048.0,469762048.0,256.5,256.5,,,theoretical_load_131072_forward.results.log
static,prolong,1,20,131072,llama3_allgather_attention,causal,,16384.0,16384.0,16384.0,8795999999999.999,8795999999999.999,8795999999999.999,469762048.0,469762048.0,469762048.0,256.5,256.5,,,theoretical_load_131072_forward.results.log
static,prolong,1,20,131072,fa3_ring,causal,,16384.0,16384.0,16384.0,8795999999999.999,8795999999999.999,8795999999999.999,469762048.0,469762048.0,469762048.0,41.04,41.04,,,theoretical_load_131072_forward.results.log
static,prolong,1,20,131072,megatron_hybrid_cp,causal,,16384.0,16384.0,16384.0,8795999999999.999,8795999999999.999,8795999999999.999,469762048.0,469762048.0,469762048.0,41.04,41.04,,,theoretical_load_131072_forward.results.log
static,prolong,1,20,131072,zeppelin,causal,,16384.0,16384.0,16384.0,8795999999999.999,8795999999999.999,8795999999999.999,201326592.0,201326592.0,201326592.0,78.923,78.923,,,theoretical_load_131072_forward.results.log
static,prolong,1,20,131072,mega_ring_all_cp,causal,,16384.0,16384.0,16384.0,8795999999999.999,8795999999999.999,8795999999999.999,234881024.0,352321536.0,469762048.0,41.04,132.387,,,theoretical_load_131072_forward.results.log
static,prolong,1,20,131072,mega_ring_hybrid,causal,,16384.0,16384.0,16384.0,8795999999999.999,8795999999999.999,8795999999999.999,100663296.0,150994944.0,201326592.0,78.923,136.8,,,theoretical_load_131072_forward.results.log
static,prolong,2,20,131328,allgather_attention,causal,,16416.0,16416.0,16416.0,8795999999999.999,8795999999999.999,8795999999999.999,470679552.0,470679552.0,470679552.0,252.577,252.577,,,theoretical_load_131072_forward.results.log
static,prolong,2,20,131328,llama3_allgather_attention,causal,,16416.0,16416.0,16416.0,8573000000000.0,8795999999999.999,8848000000000.0,470679552.0,470679552.0,470679552.0,256.882,256.882,,,theoretical_load_131072_forward.results.log
static,prolong,2,20,131328,fa3_ring,causal,,16416.0,16416.0,16416.0,8795999999999.999,8795999999999.999,8795999999999.999,470679552.0,470679552.0,470679552.0,40.644,40.644,,,theoretical_load_131072_forward.results.log
static,prolong,2,20,131328,megatron_hybrid_cp,causal,,16416.0,16416.0,16416.0,8801000000000.0,8801000000000.0,8801000000000.0,470679552.0,470679552.0,470679552.0,40.43,40.43,,,theoretical_load_131072_forward.results.log
static,prolong,2,20,131328,zeppelin,causal,,16384.0,16416.0,16640.0,8795999999999.999,8795999999999.999,8797000000000.0,201326592.0,201326592.0,201326592.0,78.877,78.877,,,theoretical_load_131072_forward.results.log
static,prolong,2,20,131328,mega_ring_all_cp,causal,,16416.0,16416.0,16416.0,8801000000000.0,8801000000000.0,8801000000000.0,235340300.288,353009401.856,470679552.0,40.43,130.418,,,theoretical_load_131072_forward.results.log
static,prolong,2,20,131328,mega_ring_hybrid,causal,,16384.0,16416.0,16640.0,8795999999999.999,8795999999999.999,8797000000000.0,100663296.0,150994944.0,201326592.0,78.877,136.659,,,theoretical_load_131072_forward.results.log
static,prolong,3,20,131072,allgather_attention,causal,,16384.0,16384.0,16384.0,8795999999999.999,8795999999999.999,8795999999999.999,469762048.0,469762048.0,469762048.0,256.5,256.5,,,theoretical_load_131072_forward.results.log
static,prolong,3,20,131072,llama3_allgather_attention,causal,,16384.0,16384.0,16384.0,8795999999999.999,8795999999999.999,8795999999999.999,469762048.0,469762048.0,469762048.0,256.5,256.5,,,theoretical_load_131072_forward.results.log
static,prolong,3,20,131072,fa3_ring,causal,,16384.0,16384.0,16384.0,8795999999999.999,8795999999999.999,8795999999999.999,469762048.0,469762048.0,469762048.0,41.04,41.04,,,theoretical_load_131072_forward.results.log
static,prolong,3,20,131072,megatron_hybrid_cp,causal,,16384.0,16384.0,16384.0,8795999999999.999,8795999999999.999,8795999999999.999,469762048.0,469762048.0,469762048.0,41.04,41.04,,,theoretical_load_131072_forward.results.log
static,prolong,3,20,131072,zeppelin,causal,,16384.0,16384.0,16384.0,8795999999999.999,8795999999999.999,8795999999999.999,201326592.0,201326592.0,201326592.0,78.923,78.923,,,theoretical_load_131072_forward.results.log
static,prolong,3,20,131072,mega_ring_all_cp,causal,,16384.0,16384.0,16384.0,8795999999999.999,8795999999999.999,8795999999999.999,234881024.0,352321536.0,469762048.0,41.04,132.387,,,theoretical_load_131072_forward.results.log
static,prolong,3,20,131072,mega_ring_hybrid,causal,,16384.0,16384.0,16384.0,8795999999999.999,8795999999999.999,8795999999999.999,100663296.0,150994944.0,201326592.0,78.923,136.8,,,theoretical_load_131072_forward.results.log
static,prolong,4,20,131072,allgather_attention,causal,,16384.0,16384.0,16384.0,8795999999999.999,8795999999999.999,8795999999999.999,469762048.0,469762048.0,469762048.0,256.5,256.5,,,theoretical_load_131072_forward.results.log
static,prolong,4,20,131072,llama3_allgather_attention,causal,,16384.0,16384.0,16384.0,8795999999999.999,8795999999999.999,8795999999999.999,469762048.0,469762048.0,469762048.0,256.5,256.5,,,theoretical_load_131072_forward.results.log
static,prolong,4,20,131072,fa3_ring,causal,,16384.0,16384.0,16384.0,8795999999999.999,8795999999999.999,8795999999999.999,469762048.0,469762048.0,469762048.0,41.04,41.04,,,theoretical_load_131072_forward.results.log
static,prolong,4,20,131072,megatron_hybrid_cp,causal,,16384.0,16384.0,16384.0,8795999999999.999,8795999999999.999,8795999999999.999,469762048.0,469762048.0,469762048.0,41.04,41.04,,,theoretical_load_131072_forward.results.log
static,prolong,4,20,131072,zeppelin,causal,,16384.0,16384.0,16384.0,8795999999999.999,8795999999999.999,8795999999999.999,201326592.0,201326592.0,201326592.0,78.923,78.923,,,theoretical_load_131072_forward.results.log
static,prolong,4,20,131072,mega_ring_all_cp,causal,,16384.0,16384.0,16384.0,8795999999999.999,8795999999999.999,8795999999999.999,234881024.0,352321536.0,469762048.0,41.04,132.387,,,theoretical_load_131072_forward.results.log
static,prolong,4,20,131072,mega_ring_hybrid,causal,,16384.0,16384.0,16384.0,8795999999999.999,8795999999999.999,8795999999999.999,100663296.0,150994944.0,201326592.0,78.923,136.8,,,theoretical_load_131072_forward.results.log
static,prolong,5,20,131072,allgather_attention,causal,,16384.0,16384.0,16384.0,8795999999999.999,8795999999999.999,8795999999999.999,469762048.0,469762048.0,469762048.0,256.5,256.5,,,theoretical_load_131072_forward.results.log
static,prolong,5,20,131072,llama3_allgather_attention,causal,,16384.0,16384.0,16384.0,8795999999999.999,8795999999999.999,8795999999999.999,469762048.0,469762048.0,469762048.0,256.5,256.5,,,theoretical_load_131072_forward.results.log
static,prolong,5,20,131072,fa3_ring,causal,,16384.0,16384.0,16384.0,8795999999999.999,8795999999999.999,8795999999999.999,469762048.0,469762048.0,469762048.0,41.04,41.04,,,theoretical_load_131072_forward.results.log
static,prolong,5,20,131072,megatron_hybrid_cp,causal,,16384.0,16384.0,16384.0,8795999999999.999,8795999999999.999,8795999999999.999,469762048.0,469762048.0,469762048.0,41.04,41.04,,,theoretical_load_131072_forward.results.log
static,prolong,5,20,131072,zeppelin,causal,,16384.0,16384.0,16384.0,8795999999999.999,8795999999999.999,8795999999999.999,201326592.0,201326592.0,201326592.0,78.923,78.923,,,theoretical_load_131072_forward.results.log
static,prolong,5,20,131072,mega_ring_all_cp,causal,,16384.0,16384.0,16384.0,8795999999999.999,8795999999999.999,8795999999999.999,234881024.0,352321536.0,469762048.0,41.04,132.387,,,theoretical_load_131072_forward.results.log
static,prolong,5,20,131072,mega_ring_hybrid,causal,,16384.0,16384.0,16384.0,8795999999999.999,8795999999999.999,8795999999999.999,100663296.0,150994944.0,201326592.0,78.923,136.8,,,theoretical_load_131072_forward.results.log
static,prolong,6,20,131840,allgather_attention,causal,,16480.0,16480.0,16480.0,7294000000000.0,7294000000000.0,7294000000000.0,472514560.0,472514560.0,472514560.0,209.533,209.533,,,theoretical_load_131072_forward.results.log
static,prolong,6,20,131840,llama3_allgather_attention,causal,,16480.0,16480.0,16480.0,5081000000000.0,7294000000000.0,13928000000000.0,472514560.0,472514560.0,472514560.0,212.214,212.214,,,theoretical_load_131072_forward.results.log
static,prolong,6,20,131840,fa3_ring,causal,,16480.0,16480.0,16480.0,7294000000000.0,7294000000000.0,7294000000000.0,472514560.0,472514560.0,472514560.0,33.713,33.713,,,theoretical_load_131072_forward.results.log
static,prolong,6,20,131840,megatron_hybrid_cp,causal,,14784.0,16480.0,18176.0,7085000000000.0,7294000000000.0,7503000000000.0,420741120.0,441581568.0,462422016.0,35.779,35.779,,,theoretical_load_131072_forward.results.log
static,prolong,6,20,131840,zeppelin,causal,,13108.0,16481.0,28212.0,7038000000000.0,7295000000000.0,8726000000000.001,139821318.144,186659110.912,214760947.712,69.402,69.402,,,theoretical_load_131072_forward.results.log
static,prolong,6,20,131840,mega_ring_all_cp,causal,,16480.0,16480.0,16480.0,7297000000000.0,7297000000000.0,7297000000000.0,236256755.712,354386182.144,472514560.0,33.537,108.185,,,theoretical_load_131072_forward.results.log
static,prolong,6,20,131840,mega_ring_hybrid,causal,,16384.0,16480.0,17152.0,7293000000000.0,7294000000000.0,7298000000000.0,234881024.0,352321536.0,469762048.0,34.011,109.486,,,theoretical_load_131072_forward.results.log
static,prolong,7,20,132352,allgather_attention,causal,,16544.0,16544.0,16544.0,8797000000000.0,8797000000000.0,8797000000000.0,474349568.0,474349568.0,474349568.0,248.82,248.82,,,theoretical_load_131072_forward.results.log
static,prolong,7,20,132352,llama3_allgather_attention,causal,,16544.0,16544.0,16544.0,7675000000000.0,8797000000000.0,9056000000000.0,474349568.0,474349568.0,474349568.0,254.697,254.697,,,theoretical_load_131072_forward.results.log
static,prolong,7,20,132352,fa3_ring,causal,,16544.0,16544.0,16544.0,8797000000000.0,8797000000000.0,8797000000000.0,474349568.0,474349568.0,474349568.0,40.255,40.255,,,theoretical_load_131072_forward.results.log
static,prolong,7,20,132352,megatron_hybrid_cp,causal,,16512.0,16544.0,16576.0,8798000000000.0,8798000000000.0,8798000000000.0,471334912.0,471728128.0,472121344.0,40.72,40.72,,,theoretical_load_131072_forward.results.log
static,prolong,7,20,132352,zeppelin,causal,,16384.0,16544.0,17152.0,8795999999999.999,8797000000000.0,8801000000000.0,201326592.0,201326592.0,201326592.0,78.696,78.696,,,theoretical_load_131072_forward.results.log
static,prolong,7,20,132352,mega_ring_all_cp,causal,,16544.0,16544.0,16544.0,8805000000000.0,8805000000000.0,8805000000000.0,237175308.288,355761913.856,474349568.0,39.838,128.508,,,theoretical_load_131072_forward.results.log
static,prolong,7,20,132352,mega_ring_hybrid,causal,,16384.0,16544.0,17152.0,8795999999999.999,8797000000000.0,8801000000000.0,100663296.0,150994944.0,201326592.0,78.696,136.107,,,theoretical_load_131072_forward.results.log
static,prolong,8,20,132096,allgather_attention,causal,,16512.0,16512.0,16512.0,8797000000000.0,8797000000000.0,8797000000000.0,473432064.0,473432064.0,473432064.0,252.623,252.623,,,theoretical_load_131072_forward.results.log
static,prolong,8,20,132096,llama3_allgather_attention,causal,,16512.0,16512.0,16512.0,7904000000000.0,8797000000000.0,9003000000000.0,473432064.0,473432064.0,473432064.0,255.073,255.073,,,theoretical_load_131072_forward.results.log
static,prolong,8,20,132096,fa3_ring,causal,,16512.0,16512.0,16512.0,8797000000000.0,8797000000000.0,8797000000000.0,473432064.0,473432064.0,473432064.0,40.644,40.644,,,theoretical_load_131072_forward.results.log
static,prolong,8,20,132096,megatron_hybrid_cp,causal,,16512.0,16512.0,16512.0,8801000000000.0,8801000000000.0,8801000000000.0,473432064.0,473432064.0,473432064.0,40.43,40.43,,,theoretical_load_131072_forward.results.log
static,prolong,8,20,132096,zeppelin,causal,,16384.0,16512.0,17408.0,8795999999999.999,8797000000000.0,8805000000000.0,201326592.0,201326592.0,201326592.0,78.745,78.745,,,theoretical_load_131072_forward.results.log
static,prolong,8,20,132096,mega_ring_all_cp,causal,,16512.0,16512.0,16512.0,8801000000000.0,8801000000000.0,8801000000000.0,236716032.0,355074048.0,473432064.0,40.43,130.418,,,theoretical_load_131072_forward.results.log
static,prolong,8,20,132096,mega_ring_hybrid,causal,,16384.0,16512.0,16896.0,8795999999999.999,8797000000000.0,8801000000000.0,100663296.0,151388160.0,201326592.0,78.603,135.828,,,theoretical_load_131072_forward.results.log
static,prolong,9,20,132096,allgather_attention,causal,,16512.0,16512.0,16512.0,8797000000000.0,8797000000000.0,8797000000000.0,473432064.0,473432064.0,473432064.0,248.803,248.803,,,theoretical_load_131072_forward.results.log
static,prolong,9,20,132096,llama3_allgather_attention,causal,,16512.0,16512.0,16512.0,7900000000000.0,8797000000000.0,9003000000000.0,473432064.0,473432064.0,473432064.0,255.058,255.058,,,theoretical_load_131072_forward.results.log
static,prolong,9,20,132096,fa3_ring,causal,,16512.0,16512.0,16512.0,8797000000000.0,8797000000000.0,8797000000000.0,473432064.0,473432064.0,473432064.0,40.255,40.255,,,theoretical_load_131072_forward.results.log
static,prolong,9,20,132096,megatron_hybrid_cp,causal,,16512.0,16512.0,16512.0,8798000000000.0,8798000000000.0,8798000000000.0,471334912.0,471334912.0,471334912.0,40.72,40.72,,,theoretical_load_131072_forward.results.log
static,prolong,9,20,132096,zeppelin,causal,,16384.0,16512.0,16896.0,8795999999999.999,8797000000000.0,8798000000000.0,201326592.0,201326592.0,201326592.0,78.74,78.74,,,theoretical_load_131072_forward.results.log
static,prolong,9,20,132096,mega_ring_all_cp,causal,,16512.0,16512.0,16512.0,8805000000000.0,8805000000000.0,8805000000000.0,236716032.0,355074048.0,473432064.0,39.838,128.508,,,theoretical_load_131072_forward.results.log
static,prolong,9,20,132096,mega_ring_hybrid,causal,,16384.0,16512.0,16896.0,8795999999999.999,8797000000000.0,8798000000000.0,100663296.0,150994944.0,201326592.0,78.74,136.243,,,theoretical_load_131072_forward.results.log
static,prolong,10,20,131584,allgather_attention,causal,,16448.0,16448.0,16448.0,8795999999999.999,8795999999999.999,8795999999999.999,471597056.0,471597056.0,471597056.0,252.592,252.592,,,theoretical_load_131072_forward.results.log
static,prolong,10,20,131584,llama3_allgather_attention,causal,,16448.0,16448.0,16448.0,8350000000000.0,8795999999999.999,8900000000000.0,471597056.0,471597056.0,471597056.0,256.279,256.279,,,theoretical_load_131072_forward.results.log
static,prolong,10,20,131584,fa3_ring,causal,,16448.0,16448.0,16448.0,8795999999999.999,8795999999999.999,8795999999999.999,471597056.0,471597056.0,471597056.0,40.644,40.644,,,theoretical_load_131072_forward.results.log
static,prolong,10,20,131584,megatron_hybrid_cp,causal,,16448.0,16448.0,16448.0,8801000000000.0,8801000000000.0,8801000000000.0,471597056.0,471597056.0,471597056.0,40.43,40.43,,,theoretical_load_131072_forward.results.log
static,prolong,10,20,131584,zeppelin,causal,,16384.0,16448.0,16896.0,8795999999999.999,8795999999999.999,8798000000000.0,201326592.0,201326592.0,201326592.0,78.831,78.831,,,theoretical_load_131072_forward.results.log
static,prolong,10,20,131584,mega_ring_all_cp,causal,,16448.0,16448.0,16448.0,8801000000000.0,8801000000000.0,8801000000000.0,235798528.0,353697267.712,471597056.0,40.43,130.418,,,theoretical_load_131072_forward.results.log
static,prolong,10,20,131584,mega_ring_hybrid,causal,,16384.0,16448.0,16896.0,8795999999999.999,8795999999999.999,8798000000000.0,100663296.0,150994944.0,201326592.0,78.831,136.521,,,theoretical_load_131072_forward.results.log
static,prolong,11,20,131072,allgather_attention,causal,,16384.0,16384.0,16384.0,8795999999999.999,8795999999999.999,8795999999999.999,469762048.0,469762048.0,469762048.0,256.5,256.5,,,theoretical_load_131072_forward.results.log
static,prolong,11,20,131072,llama3_allgather_attention,causal,,16384.0,16384.0,16384.0,8795999999999.999,8795999999999.999,8795999999999.999,469762048.0,469762048.0,469762048.0,256.5,256.5,,,theoretical_load_131072_forward.results.log
static,prolong,11,20,131072,fa3_ring,causal,,16384.0,16384.0,16384.0,8795999999999.999,8795999999999.999,8795999999999.999,469762048.0,469762048.0,469762048.0,41.04,41.04,,,theoretical_load_131072_forward.results.log
static,prolong,11,20,131072,megatron_hybrid_cp,causal,,16384.0,16384.0,16384.0,8795999999999.999,8795999999999.999,8795999999999.999,469762048.0,469762048.0,469762048.0,41.04,41.04,,,theoretical_load_131072_forward.results.log
static,prolong,11,20,131072,zeppelin,causal,,16384.0,16384.0,16384.0,8795999999999.999,8795999999999.999,8795999999999.999,201326592.0,201326592.0,201326592.0,78.923,78.923,,,theoretical_load_131072_forward.results.log
static,prolong,11,20,131072,mega_ring_all_cp,causal,,16384.0,16384.0,16384.0,8795999999999.999,8795999999999.999,8795999999999.999,234881024.0,352321536.0,469762048.0,41.04,132.387,,,theoretical_load_131072_forward.results.log
static,prolong,11,20,131072,mega_ring_hybrid,causal,,16384.0,16384.0,16384.0,8795999999999.999,8795999999999.999,8795999999999.999,100663296.0,150994944.0,201326592.0,78.923,136.8,,,theoretical_load_131072_forward.results.log
static,prolong,12,20,131072,allgather_attention,causal,,16384.0,16384.0,16384.0,8281000000000.001,8281000000000.001,8281000000000.001,469762048.0,469762048.0,469762048.0,241.5,241.5,,,theoretical_load_131072_forward.results.log
static,prolong,12,20,131072,llama3_allgather_attention,causal,,16384.0,16384.0,16384.0,4673000000000.0,8281000000000.001,8795999999999.999,469762048.0,469762048.0,469762048.0,241.5,241.5,,,theoretical_load_131072_forward.results.log
static,prolong,12,20,131072,fa3_ring,causal,,16384.0,16384.0,16384.0,8281000000000.001,8281000000000.001,8281000000000.001,469762048.0,469762048.0,469762048.0,38.64,38.64,,,theoretical_load_131072_forward.results.log
static,prolong,12,20,131072,megatron_hybrid_cp,causal,,16384.0,16384.0,16384.0,8281000000000.001,8281000000000.001,8281000000000.001,469762048.0,469762048.0,469762048.0,38.64,38.64,,,theoretical_load_131072_forward.results.log
static,prolong,12,20,131072,zeppelin,causal,,13108.0,16384.0,28468.0,7038000000000.0,8281000000000.001,14769000000000.0,188743680.0,228597956.608,403504627.712,68.326,68.326,,,theoretical_load_131072_forward.results.log
static,prolong,12,20,131072,mega_ring_all_cp,causal,,16384.0,16384.0,16384.0,8281000000000.001,8281000000000.001,8281000000000.001,234881024.0,352321536.0,469762048.0,38.64,124.645,,,theoretical_load_131072_forward.results.log
static,prolong,12,20,131072,mega_ring_hybrid,causal,,15872.0,16384.0,16896.0,8263999999999.999,8281000000000.001,8298000000000.0,233832448.0,346030080.0,455081984.0,39.228,124.771,,,theoretical_load_131072_forward.results.log
static,prolong,13,20,131072,allgather_attention,causal,,16384.0,16384.0,16384.0,8795999999999.999,8795999999999.999,8795999999999.999,469762048.0,469762048.0,469762048.0,256.5,256.5,,,theoretical_load_131072_forward.results.log
static,prolong,13,20,131072,llama3_allgather_attention,causal,,16384.0,16384.0,16384.0,8795999999999.999,8795999999999.999,8795999999999.999,469762048.0,469762048.0,469762048.0,256.5,256.5,,,theoretical_load_131072_forward.results.log
static,prolong,13,20,131072,fa3_ring,causal,,16384.0,16384.0,16384.0,8795999999999.999,8795999999999.999,8795999999999.999,469762048.0,469762048.0,469762048.0,41.04,41.04,,,theoretical_load_131072_forward.results.log
static,prolong,13,20,131072,megatron_hybrid_cp,causal,,16384.0,16384.0,16384.0,8795999999999.999,8795999999999.999,8795999999999.999,469762048.0,469762048.0,469762048.0,41.04,41.04,,,theoretical_load_131072_forward.results.log
static,prolong,13,20,131072,zeppelin,causal,,16384.0,16384.0,16384.0,8795999999999.999,8795999999999.999,8795999999999.999,201326592.0,201326592.0,201326592.0,78.923,78.923,,,theoretical_load_131072_forward.results.log
static,prolong,13,20,131072,mega_ring_all_cp,causal,,16384.0,16384.0,16384.0,8795999999999.999,8795999999999.999,8795999999999.999,234881024.0,352321536.0,469762048.0,41.04,132.387,,,theoretical_load_131072_forward.results.log
static,prolong,13,20,131072,mega_ring_hybrid,causal,,16384.0,16384.0,16384.0,8795999999999.999,8795999999999.999,8795999999999.999,100663296.0,150994944.0,201326592.0,78.923,136.8,,,theoretical_load_131072_forward.results.log
static,prolong,14,20,131584,allgather_attention,causal,,16448.0,16448.0,16448.0,8795999999999.999,8795999999999.999,8795999999999.999,471597056.0,471597056.0,471597056.0,252.592,252.592,,,theoretical_load_131072_forward.results.log
static,prolong,14,20,131584,llama3_allgather_attention,causal,,16448.0,16448.0,16448.0,8350000000000.0,8795999999999.999,8900000000000.0,471597056.0,471597056.0,471597056.0,256.279,256.279,,,theoretical_load_131072_forward.results.log
static,prolong,14,20,131584,fa3_ring,causal,,16448.0,16448.0,16448.0,8795999999999.999,8795999999999.999,8795999999999.999,471597056.0,471597056.0,471597056.0,40.644,40.644,,,theoretical_load_131072_forward.results.log
static,prolong,14,20,131584,megatron_hybrid_cp,causal,,16448.0,16448.0,16448.0,8801000000000.0,8801000000000.0,8801000000000.0,471597056.0,471597056.0,471597056.0,40.43,40.43,,,theoretical_load_131072_forward.results.log
static,prolong,14,20,131584,zeppelin,causal,,16384.0,16448.0,16896.0,8795999999999.999,8795999999999.999,8798000000000.0,201326592.0,201326592.0,201326592.0,78.831,78.831,,,theoretical_load_131072_forward.results.log
static,prolong,14,20,131584,mega_ring_all_cp,causal,,16448.0,16448.0,16448.0,8801000000000.0,8801000000000.0,8801000000000.0,235798528.0,353697267.712,471597056.0,40.43,130.418,,,theoretical_load_131072_forward.results.log
static,prolong,14,20,131584,mega_ring_hybrid,causal,,16384.0,16448.0,16896.0,8795999999999.999,8795999999999.999,8798000000000.0,100663296.0,150994944.0,201326592.0,78.831,136.521,,,theoretical_load_131072_forward.results.log
static,prolong,15,20,132096,allgather_attention,causal,,16512.0,16512.0,16512.0,8797000000000.0,8797000000000.0,8797000000000.0,473432064.0,473432064.0,473432064.0,245.097,245.097,,,theoretical_load_131072_forward.results.log
static,prolong,15,20,132096,llama3_allgather_attention,causal,,16512.0,16512.0,16512.0,7899000000000.0,8797000000000.0,9003000000000.0,473432064.0,473432064.0,473432064.0,255.054,255.054,,,theoretical_load_131072_forward.results.log
static,prolong,15,20,132096,fa3_ring,causal,,16512.0,16512.0,16512.0,8797000000000.0,8797000000000.0,8797000000000.0,473432064.0,473432064.0,473432064.0,39.874,39.874,,,theoretical_load_131072_forward.results.log
static,prolong,15,20,132096,megatron_hybrid_cp,causal,,16512.0,16512.0,16512.0,8797000000000.0,8798000000000.0,8798000000000.0,470286336.0,470810624.0,471334912.0,40.794,40.794,,,theoretical_load_131072_forward.results.log
static,prolong,15,20,132096,zeppelin,causal,,16384.0,16512.0,16896.0,8795999999999.999,8797000000000.0,8798000000000.0,201326592.0,201326592.0,201326592.0,78.739,78.739,,,theoretical_load_131072_forward.results.log
static,prolong,15,20,132096,mega_ring_all_cp,causal,,16512.0,16512.0,16512.0,8809000000000.0,8809000000000.0,8809000000000.0,236716032.0,355074048.0,473432064.0,39.263,126.656,,,theoretical_load_131072_forward.results.log
static,prolong,15,20,132096,mega_ring_hybrid,causal,,16384.0,16512.0,16896.0,8795999999999.999,8797000000000.0,8798000000000.0,100663296.0,150994944.0,201326592.0,78.739,136.241,,,theoretical_load_131072_forward.results.log
static,prolong,16,20,131072,allgather_attention,causal,,16384.0,16384.0,16384.0,8795999999999.999,8795999999999.999,8795999999999.999,469762048.0,469762048.0,469762048.0,256.5,256.5,,,theoretical_load_131072_forward.results.log
static,prolong,16,20,131072,llama3_allgather_attention,causal,,16384.0,16384.0,16384.0,8795999999999.999,8795999999999.999,8795999999999.999,469762048.0,469762048.0,469762048.0,256.5,256.5,,,theoretical_load_131072_forward.results.log
static,prolong,16,20,131072,fa3_ring,causal,,16384.0,16384.0,16384.0,8795999999999.999,8795999999999.999,8795999999999.999,469762048.0,469762048.0,469762048.0,41.04,41.04,,,theoretical_load_131072_forward.results.log
static,prolong,16,20,131072,megatron_hybrid_cp,causal,,16384.0,16384.0,16384.0,8795999999999.999,8795999999999.999,8795999999999.999,469762048.0,469762048.0,469762048.0,41.04,41.04,,,theoretical_load_131072_forward.results.log
static,prolong,16,20,131072,zeppelin,causal,,16384.0,16384.0,16384.0,8795999999999.999,8795999999999.999,8795999999999.999,201326592.0,201326592.0,201326592.0,78.923,78.923,,,theoretical_load_131072_forward.results.log
static,prolong,16,20,131072,mega_ring_all_cp,causal,,16384.0,16384.0,16384.0,8795999999999.999,8795999999999.999,8795999999999.999,234881024.0,352321536.0,469762048.0,41.04,132.387,,,theoretical_load_131072_forward.results.log
static,prolong,16,20,131072,mega_ring_hybrid,causal,,16384.0,16384.0,16384.0,8795999999999.999,8795999999999.999,8795999999999.999,100663296.0,150994944.0,201326592.0,78.923,136.8,,,theoretical_load_131072_forward.results.log
static,prolong,17,20,131584,allgather_attention,causal,,16448.0,16448.0,16448.0,8529999999999.999,8529999999999.999,8529999999999.999,471597056.0,471597056.0,471597056.0,244.962,244.962,,,theoretical_load_131072_forward.results.log
static,prolong,17,20,131584,llama3_allgather_attention,causal,,16448.0,16448.0,16448.0,6220000000000.0,8529999999999.999,8900000000000.0,471597056.0,471597056.0,471597056.0,248.633,248.633,,,theoretical_load_131072_forward.results.log
static,prolong,17,20,131584,fa3_ring,causal,,16448.0,16448.0,16448.0,8529999999999.999,8529999999999.999,8529999999999.999,471597056.0,471597056.0,471597056.0,39.416,39.416,,,theoretical_load_131072_forward.results.log
static,prolong,17,20,131584,megatron_hybrid_cp,causal,,16256.0,16448.0,16640.0,8528000000000.0,8531000000000.001,8534000000000.001,463994880.0,466354176.0,468713472.0,39.943,39.943,,,theoretical_load_131072_forward.results.log
static,prolong,17,20,131584,zeppelin,causal,,13108.0,16448.0,31028.0,7038000000000.0,8531000000000.001,15327000000000.0,195035136.0,231743684.608,409796083.712,69.598,69.598,,,theoretical_load_131072_forward.results.log
static,prolong,17,20,131584,mega_ring_all_cp,causal,,16448.0,16448.0,16448.0,8534000000000.001,8534000000000.001,8534000000000.001,235798528.0,353697267.712,471597056.0,39.209,126.479,,,theoretical_load_131072_forward.results.log
static,prolong,17,20,131584,mega_ring_hybrid,causal,,15872.0,16448.0,16896.0,8255000000000.001,8529999999999.999,8795999999999.999,97517568.0,149422080.0,201326592.0,77.004,132.534,,,theoretical_load_131072_forward.results.log
static,prolong,18,20,131840,allgather_attention,causal,,16480.0,16480.0,16480.0,6907000000000.0,6907000000000.0,6907000000000.0,472514560.0,472514560.0,472514560.0,198.456,198.456,,,theoretical_load_131072_forward.results.log
static,prolong,18,20,131840,llama3_allgather_attention,causal,,16480.0,16480.0,16480.0,3422000000000.0,6907000000000.0,12269000000000.0,472514560.0,472514560.0,472514560.0,201.017,201.017,,,theoretical_load_131072_forward.results.log
static,prolong,18,20,131840,fa3_ring,causal,,16480.0,16480.0,16480.0,6907000000000.0,6907000000000.0,6907000000000.0,472514560.0,472514560.0,472514560.0,31.931,31.931,,,theoretical_load_131072_forward.results.log
static,prolong,18,20,131840,megatron_hybrid_cp,causal,,14016.0,16480.0,18944.0,6479000000000.0,6908000000000.0,7336000000000.0,398721024.0,428998656.0,459276288.0,34.708,34.708,,,theoretical_load_131072_forward.results.log
static,prolong,18,20,131840,zeppelin,causal,,10924.0,16482.0,31404.0,5544000000000.0,6908000000000.0,11415000000000.0,123044102.144,213933621.248,346767228.928,59.715,59.715,,,theoretical_load_131072_forward.results.log
static,prolong,18,20,131840,mega_ring_all_cp,causal,,16480.0,16480.0,16480.0,6911000000000.0,6911000000000.0,6911000000000.0,236256755.712,354386182.144,472514560.0,31.765,102.467,,,theoretical_load_131072_forward.results.log
static,prolong,18,20,131840,mega_ring_hybrid,causal,,16384.0,16480.0,17152.0,6906000000000.0,6907000000000.0,6911000000000.0,234881024.0,352321536.0,469762048.0,32.213,103.697,,,theoretical_load_131072_forward.results.log
static,prolong,19,20,132096,allgather_attention,causal,,16512.0,16512.0,16512.0,8797000000000.0,8797000000000.0,8797000000000.0,473432064.0,473432064.0,473432064.0,248.803,248.803,,,theoretical_load_131072_forward.results.log
static,prolong,19,20,132096,llama3_allgather_attention,causal,,16512.0,16512.0,16512.0,7900000000000.0,8797000000000.0,9003000000000.0,473432064.0,473432064.0,473432064.0,255.058,255.058,,,theoretical_load_131072_forward.results.log
static,prolong,19,20,132096,fa3_ring,causal,,16512.0,16512.0,16512.0,8797000000000.0,8797000000000.0,8797000000000.0,473432064.0,473432064.0,473432064.0,40.255,40.255,,,theoretical_load_131072_forward.results.log
static,prolong,19,20,132096,megatron_hybrid_cp,causal,,16512.0,16512.0,16512.0,8798000000000.0,8798000000000.0,8798000000000.0,471334912.0,471334912.0,471334912.0,40.72,40.72,,,theoretical_load_131072_forward.results.log
static,prolong,19,20,132096,zeppelin,causal,,16384.0,16512.0,16896.0,8795999999999.999,8797000000000.0,8798000000000.0,201326592.0,201326592.0,201326592.0,78.74,78.74,,,theoretical_load_131072_forward.results.log
static,prolong,19,20,132096,mega_ring_all_cp,causal,,16512.0,16512.0,16512.0,8805000000000.0,8805000000000.0,8805000000000.0,236716032.0,355074048.0,473432064.0,39.838,128.508,,,theoretical_load_131072_forward.results.log
static,prolong,19,20,132096,mega_ring_hybrid,causal,,16384.0,16512.0,16896.0,8795999999999.999,8797000000000.0,8798000000000.0,100663296.0,150994944.0,201326592.0,78.74,136.243,,,theoretical_load_131072_forward.results.log
static,prolong,20,20,131072,allgather_attention,causal,,16384.0,16384.0,16384.0,8795999999999.999,8795999999999.999,8795999999999.999,469762048.0,469762048.0,469762048.0,256.5,256.5,,,theoretical_load_131072_forward.results.log
static,prolong,20,20,131072,llama3_allgather_attention,causal,,16384.0,16384.0,16384.0,8795999999999.999,8795999999999.999,8795999999999.999,469762048.0,469762048.0,469762048.0,256.5,256.5,,,theoretical_load_131072_forward.results.log
static,prolong,20,20,131072,fa3_ring,causal,,16384.0,16384.0,16384.0,8795999999999.999,8795999999999.999,8795999999999.999,469762048.0,469762048.0,469762048.0,41.04,41.04,,,theoretical_load_131072_forward.results.log
static,prolong,20,20,131072,megatron_hybrid_cp,causal,,16384.0,16384.0,16384.0,8795999999999.999,8795999999999.999,8795999999999.999,469762048.0,469762048.0,469762048.0,41.04,41.04,,,theoretical_load_131072_forward.results.log
static,prolong,20,20,131072,zeppelin,causal,,16384.0,16384.0,16384.0,8795999999999.999,8795999999999.999,8795999999999.999,201326592.0,201326592.0,201326592.0,78.923,78.923,,,theoretical_load_131072_forward.results.log
static,prolong,20,20,131072,mega_ring_all_cp,causal,,16384.0,16384.0,16384.0,8795999999999.999,8795999999999.999,8795999999999.999,234881024.0,352321536.0,469762048.0,41.04,132.387,,,theoretical_load_131072_forward.results.log
static,prolong,20,20,131072,mega_ring_hybrid,causal,,16384.0,16384.0,16384.0,8795999999999.999,8795999999999.999,8795999999999.999,100663296.0,150994944.0,201326592.0,78.923,136.8,,,theoretical_load_131072_forward.results.log
probe,arxiv,1,20,,mega_ring_all_cp,,128:4,,,,,,,,,,,,88133,2765056,tile_analysis_131072_forward.results.log
probe,arxiv,1,20,,mega_ring_hybrid,,128:4,,,,,,,,,,,,62717,2750976,tile_analysis_131072_forward.results.log
probe,arxiv,1,20,,mega_ring_all_cp,,124:8,,,,,,,,,,,,73224,2765056,tile_analysis_131072_forward.results.log
probe,arxiv,1,20,,mega_ring_hybrid,,124:8,,,,,,,,,,,,61613,2750976,tile_analysis_131072_forward.results.log
probe,arxiv,1,20,,mega_ring_all_cp,,120:12,,,,,,,,,,,,75038,2765056,tile_analysis_131072_forward.results.log
probe,arxiv,1,20,,mega_ring_hybrid,,120:12,,,,,,,,,,,,61536,2750976,tile_analysis_131072_forward.results.log
probe,arxiv,1,20,,mega_ring_all_cp,,116:16,,,,,,,,,,,,74257,2765056,tile_analysis_131072_forward.results.log
probe,arxiv,1,20,,mega_ring_hybrid,,116:16,,,,,,,,,,,,61536,2750976,tile_analysis_131072_forward.results.log
probe,arxiv,2,20,,mega_ring_all_cp,,128:4,,,,,,,,,,,,74200,4136960,tile_analysis_131072_forward.results.log
probe,arxiv,2,20,,mega_ring_hybrid,,128:4,,,,,,,,,,,,62814,4136960,tile_analysis_131072_forward.results.log
probe,arxiv,2,20,,mega_ring_all_cp,,124:8,,,,,,,,,,,,69341,4136960,tile_analysis_131072_forward.results.log
probe,arxiv,2,20,,mega_ring_hybrid,,124:8,,,,,,,,,,,,62144,4136960,tile_analysis_131072_forward.results.log
probe,arxiv,2,20,,mega_ring_all_cp,,120:12,,,,,,,,,,,,67887,4136960,tile_analysis_131072_forward.results.log
probe,arxiv,2,20,,mega_ring_hybrid,,120:12,,,,,,,,,,,,62144,4136960,tile_analysis_131072_forward.results.log
probe,arxiv,2,20,,mega_ring_all_cp,,116:16,,,,,,,,,,,,67787,4136960,tile_analysis_131072_forward.results.log
probe,arxiv,2,20,,mega_ring_hybrid,,116:16,,,,,,,,,,,,62174,4136960,tile_analysis_131072_forward.results.log
probe,arxiv,3,20,,mega_ring_all_cp,,128:4,,,,,,,,,,,,72159,5148928,tile_analysis_131072_forward.results.log
probe,arxiv,3,20,,mega_ring_hybrid,,128:4,,,,,,,,,,,,66588,5133440,tile_analysis_131072_forward.results.log
probe,arxiv,3,20,,mega_ring_all_cp,,124:8,,,,,,,,,,,,67744,5148928,tile_analysis_131072_forward.results.log
probe,arxiv,3,20,,mega_ring_hybrid,,124:8,,,,,,,,,,,,64501,5133440,tile_analysis_131072_forward.results.log
probe,arxiv,3,20,,mega_ring_all_cp,,120:12,,,,,,,,,,,,67100,5148928,tile_analysis_131072_forward.results.log
probe,arxiv,3,20,,mega_ring_hybrid,,120:12,,,,,,,,,,,,64187,5133440,tile_analysis_131072_forward.results.log
probe,arxiv,3,20,,mega_ring_all_cp,,116:16,,,,,,,,,,,,67386,5148928,tile_analysis_131072_forward.results.log
probe,arxiv,3,20,,mega_ring_hybrid,,116:16,,,,,,,,,,,,64087,5133440,tile_analysis_131072_forward.results.log
probe,arxiv,4,20,,mega_ring_all_cp,,128:4,,,,,,,,,,,,85565,2863360,tile_analysis_131072_forward.results.log
probe,arxiv,4,20,,mega_ring_hybrid,,128:4,,,,,,,,,,,,65753,2836480,tile_analysis_131072_forward.results.log
probe,arxiv,4,20,,mega_ring_all_cp,,124:8,,,,,,,,,,,,74424,2863360,tile_analysis_131072_forward.results.log
probe,arxiv,4,20,,mega_ring_hybrid,,124:8,,,,,,,,,,,,63822,2836480,tile_analysis_131072_forward.results.log
probe,arxiv,4,20,,mega_ring_all_cp,,120:12,,,,,,,,,,,,73212,2863360,tile_analysis_131072_forward.results.log
probe,arxiv,4,20,,mega_ring_hybrid,,120:12,,,,,,,,,,,,63317,2836480,tile_analysis_131072_forward.results.log
probe,arxiv,4,20,,mega_ring_all_cp,,116:16,,,,,,,,,,,,73136,2863360,tile_analysis_131072_forward.results.log
probe,arxiv,4,20,,mega_ring_hybrid,,116:16,,,,,,,,,,,,62882,2836480,tile_analysis_131072_forward.results.log
probe,arxiv,5,20,,mega_ring_all_cp,,128:4,,,,,,,,,,,,81566,3145728,tile_analysis_131072_forward.results.log
probe,arxiv,5,20,,mega_ring_hybrid,,128:4,,,,,,,,,,,,64782,3145728,tile_analysis_131072_forward.results.log
probe,arxiv,5,20,,mega_ring_all_cp,,124:8,,,,,,,,,,,,71488,3145728,tile_analysis_131072_forward.results.log
probe,arxiv,5,20,,mega_ring_hybrid,,124:8,,,,,,,,,,,,62692,3145728,tile_analysis_131072_forward.results.log
probe,arxiv,5,20,,mega_ring_all_cp,,120:12,,,,,,,,,,,,71224,3145728,tile_analysis_131072_forward.results.log
probe,arxiv,5,20,,mega_ring_hybrid,,120:12,,,,,,,,,,,,62433,3145728,tile_analysis_131072_forward.results.log
probe,arxiv,5,20,,mega_ring_all_cp,,116:16,,,,,,,,,,,,69570,3145728,tile_analysis_131072_forward.results.log
probe,arxiv,5,20,,mega_ring_hybrid,,116:16,,,,,,,,,,,,62522,3145728,tile_analysis_131072_forward.results.log
probe,arxiv,6,20,,mega_ring_all_cp,,128:4,,,,,,,,,,,,89251,2904832,tile_analysis_131072_forward.results.log
probe,arxiv,6,20,,mega_ring_hybrid,,128:4,,,,,,,,,,,,65513,2880896,tile_analysis_131072_forward.results.log
probe,arxiv,6,20,,mega_ring_all_cp,,124:8,,,,,,,,,,,,76571,2904832,tile_analysis_131072_forward.results.log
probe,arxiv,6,20,,mega_ring_hybrid,,124:8,,,,,,,,,,,,63387,2880896,tile_analysis_131072_forward.results.log
probe,arxiv,6,20,,mega_ring_all_cp,,120:12,,,,,,,,,,,,75394,2904832,tile_analysis_131072_forward.results.log
probe,arxiv,6,20,,mega_ring_hybrid,,120:12,,,,,,,,,,,,62744,2880896,tile_analysis_131072_forward.results.log
probe,arxiv,6,20,,mega_ring_all_cp,,116:16,,,,,,,,,,,,74998,2904832,tile_analysis_131072_forward.results.log
probe,arxiv,6,20,,mega_ring_hybrid,,116:16,,,,,,,,,,,,62872,2880896,tile_analysis_131072_forward.results.log
probe,arxiv,7,20,,mega_ring_all_cp,,128:4,,,,,,,,,,,,81363,3518720,tile_analysis_131072_forward.results.log
probe,arxiv,7,20,,mega_ring_hybrid,,128:4,,,,,,,,,,,,64803,3491840,tile_analysis_131072_forward.results.log
probe,arxiv,7,20,,mega_ring_all_cp,,124:8,,,,,,,,,,,,71950,3518720,tile_analysis_131072_forward.results.log
probe,arxiv,7,20,,mega_ring_hybrid,,124:8,,,,,,,,,,,,62271,3491840,tile_analysis_131072_forward.results.log
probe,arxiv,7,20,,mega_ring_all_cp,,120:12,,,,,,,,,,,,70859,3518720,tile_analysis_131072_forward.results.log
probe,arxiv,7,20,,mega_ring_hybrid,,120:12,,,,,,,,,,,,62415,3491840,tile_analysis_131072_forward.results.log
probe,arxiv,7,20,,mega_ring_all_cp,,116:16,,,,,,,,,,,,71064,3518720,tile_analysis_131072_forward.results.log
probe,arxiv,7,20,,mega_ring_hybrid,,116:16,,,,,,,,,,,,62331,3491840,tile_analysis_131072_forward.results.log
probe,arxiv,8,20,,mega_ring_all_cp,,128:4,,,,,,,,,,,,87006,2945280,tile_analysis_131072_forward.results.log
probe,arxiv,8,20,,mega_ring_hybrid,,128:4,,,,,,,,,,,,62927,2933888,tile_analysis_131072_forward.results.log
probe,arxiv,8,20,,mega_ring_all_cp,,124:8,,,,,,,,,,,,75783,2945280,tile_analysis_131072_forward.results.log
probe,arxiv,8,20,,mega_ring_hybrid,,124:8,,,,,,,,,,,,61984,2933888,tile_analysis_131072_forward.results.log
probe,arxiv,8,20,,mega_ring_all_cp,,120:12,,,,,,,,,,,,74857,2945280,tile_analysis_131072_forward.results.log
probe,arxiv,8,20,,mega_ring_hybrid,,120:12,,,,,,,,,,,,61984,2933888,tile_analysis_131072_forward.results.log
probe,arxiv,8,20,,mega_ring_all_cp,,116:16,,,,,,,,,,,,74919,2945280,tile_analysis_131072_forward.results.log
probe,arxiv,8,20,,mega_ring_hybrid,,116:16,,,,,,,,,,,,61984,2933888,tile_analysis_131072_forward.results.log
probe,arxiv,9,20,,mega_ring_all_cp,,128:4,,,,,,,,,,,,82159,3305728,tile_analysis_131072_forward.results.log
probe,arxiv,9,20,,mega_ring_hybrid,,128:4,,,,,,,,,,,,60256,3290240,tile_analysis_131072_forward.results.log
probe,arxiv,9,20,,mega_ring_all_cp,,124:8,,,,,,,,,,,,73121,3305728,tile_analysis_131072_forward.results.log
probe,arxiv,9,20,,mega_ring_hybrid,,124:8,,,,,,,,,,,,60256,3290240,tile_analysis_131072_forward.results.log
probe,arxiv,9,20,,mega_ring_all_cp,,120:12,,,,,,,,,,,,73459,3305728,tile_analysis_131072_forward.results.log
probe,arxiv,9,20,,mega_ring_hybrid,,120:12,,,,,,,,,,,,60256,3290240,tile_analysis_131072_forward.results.log
probe,arxiv,9,20,,mega_ring_all_cp,,116:16,,,,,,,,,,,,73847,3305728,tile_analysis_131072_forward.results.log
probe,arxiv,9,20,,mega_ring_hybrid,,116:16,,,,,,,,,,,,60256,3290240,tile_analysis_131072_forward.results.log
probe,arxiv,10,20,,mega_ring_all_cp,,128:4,,,,,,,,,,,,71426,4792320,tile_analysis_131072_forward.results.log
probe,arxiv,10,20,,mega_ring_hybrid,,128:4,,,,,,,,,,,,68502,4792320,tile_analysis_131072_forward.results.log
probe,arxiv,10,20,,mega_ring_all_cp,,124:8,,,,,,,,,,,,68181,4792320,tile_analysis_131072_forward.results.log
probe,arxiv,10,20,,mega_ring_hybrid,,124:8,,,,,,,,,,,,64978,4792320,tile_analysis_131072_forward.results.log
probe,arxiv,10,20,,mega_ring_all_cp,,120:12,,,,,,,,,,,,67531,4792320,tile_analysis_131072_forward.results.log
probe,arxiv,10,20,,mega_ring_hybrid,,120:12,,,,,,,,,,,,64622,4792320,tile_analysis_131072_forward.results.log
probe,arxiv,10,20,,mega_ring_all_cp,,116:16,,,,,,,,,,,,66764,4792320,tile_analysis_131072_forward.results.log
probe,arxiv,10,20,,mega_ring_hybrid,,116:16,,,,,,,,,,,,65165,4792320,tile_analysis_131072_forward.results.log
probe,arxiv,11,20,,mega_ring_all_cp,,128:4,,,,,,,,,,,,68907,5668864,tile_analysis_131072_forward.results.log
probe,arxiv,11,20,,mega_ring_hybrid,,128:4,,,,,,,,,,,,65218,5668864,tile_analysis_131072_forward.results.log
probe,arxiv,11,20,,mega_ring_all_cp,,124:8,,,,,,,,,,,,65266,5668864,tile_analysis_131072_forward.results.log
probe,arxiv,11,20,,mega_ring_hybrid,,124:8,,,,,,,,,,,,63441,5668864,tile_analysis_131072_forward.results.log
probe,arxiv,11,20,,mega_ring_all_cp,,120:12,,,,,,,,,,,,65086,5668864,tile_analysis_131072_forward.results.log
probe,arxiv,11,20,,mega_ring_hybrid,,120:12,,,,,,,,,,,,63441,5668864,tile_analysis_131072_forward.results.log
probe,arxiv,11,20,,mega_ring_all_cp,,116:16,,,,,,,,,,,,67102,5668864,tile_analysis_131072_forward.results.log
probe,arxiv,11,20,,mega_ring_hybrid,,116:16,,,,,,,,,,,,63618,5668864,tile_analysis_131072_forward.results.log
probe,arxiv,12,20,,mega_ring_all_cp,,128:4,,,,,,,,,,,,110043,1602304,tile_analysis_131072_forward.results.log
probe,arxiv,12,20,,mega_ring_hybrid,,128:4,,,,,,,,,,,,50496,1537376,tile_analysis_131072_forward.results.log
probe,arxiv,12,20,,mega_ring_all_cp,,124:8,,,,,,,,,,,,89115,1602304,tile_analysis_131072_forward.results.log
probe,arxiv,12,20,,mega_ring_hybrid,,124:8,,,,,,,,,,,,50496,1537376,tile_analysis_131072_forward.results.log
probe,arxiv,12,20,,mega_ring_all_cp,,120:12,,,,,,,,,,,,88284,1602304,tile_analysis_131072_forward.results.log
probe,arxiv,12,20,,mega_ring_hybrid,,120:12,,,,,,,,,,,,50496,1537376,tile_analysis_131072_forward.results.log
probe,arxiv,12,20,,mega_ring_all_cp,,116:16,,,,,,,,,,,,88118,1602304,tile_analysis_131072_forward.results.log
probe,arxiv,12,20,,mega_ring_hybrid,,116:16,,,,,,,,,,,,50496,1537376,tile_analysis_131072_forward.results.log
probe,arxiv,13,20,,mega_ring_all_cp,,128:4,,,,,,,,,,,,84216,2875392,tile_analysis_131072_forward.results.log
probe,arxiv,13,20,,mega_ring_hybrid,,128:4,,,,,,,,,,,,62052,2875392,tile_analysis_131072_forward.results.log
probe,arxiv,13,20,,mega_ring_all_cp,,124:8,,,,,,,,,,,,74500,2875392,tile_analysis_131072_forward.results.log
probe,arxiv,13,20,,mega_ring_hybrid,,124:8,,,,,,,,,,,,61600,2875392,tile_analysis_131072_forward.results.log
probe,arxiv,13,20,,mega_ring_all_cp,,120:12,,,,,,,,,,,,72875,2875392,tile_analysis_131072_forward.results.log
probe,arxiv,13,20,,mega_ring_hybrid,,120:12,,,,,,,,,,,,61600,2875392,tile_analysis_131072_forward.results.log
probe,arxiv,13,20,,mega_ring_all_cp,,116:16,,,,,,,,,,,,72090,2875392,tile_analysis_131072_forward.results.log
probe,arxiv,13,20,,mega_ring_hybrid,,116:16,,,,,,,,,,,,61600,2875392,tile_analysis_131072_forward.results.log
probe,arxiv,14,20,,mega_ring_all_cp,,128:4,,,,,,,,,,,,75491,3932160,tile_analysis_131072_forward.results.log
probe,arxiv,14,20,,mega_ring_hybrid,,128:4,,,,,,,,,,,,62573,3932160,tile_analysis_131072_forward.results.log
probe,arxiv,14,20,,mega_ring_all_cp,,124:8,,,,,,,,,,,,70396,3932160,tile_analysis_131072_forward.results.log
probe,arxiv,14,20,,mega_ring_hybrid,,124:8,,,,,,,,,,,,62197,3932160,tile_analysis_131072_forward.results.log
probe,arxiv,14,20,,mega_ring_all_cp,,120:12,,,,,,,,,,,,69511,3932160,tile_analysis_131072_forward.results.log
probe,arxiv,14,20,,mega_ring_hybrid,,120:12,,,,,,,,,,,,62112,3932160,tile_analysis_131072_forward.results.log
probe,arxiv,14,20,,mega_ring_all_cp,,116:16,,,,,,,,,,,,69414,3932160,tile_analysis_131072_forward.results.log
probe,arxiv,14,20,,mega_ring_hybrid,,116:16,,,,,,,,,,,,62112,3932160,tile_analysis_131072_forward.results.log
probe,arxiv,15,20,,mega_ring_all_cp,,128:4,,,,,,,,,,,,76232,4059392,tile_analysis_131072_forward.results.log
probe,arxiv,15,20,,mega_ring_hybrid,,128:4,,,,,,,,,,,,64654,4044800,tile_analysis_131072_forward.results.log
probe,arxiv,15,20,,mega_ring_all_cp,,124:8,,,,,,,,,,,,70629,4059392,tile_analysis_131072_forward.results.log
probe,arxiv,15,20,,mega_ring_hybrid,,124:8,,,,,,,,,,,,63332,4044800,tile_analysis_131072_forward.results.log
probe,arxiv,15,20,,mega_ring_all_cp,,120:12,,,,,,,,,,,,70686,4059392,tile_analysis_131072_forward.results.log
probe,arxiv,15,20,,mega_ring_hybrid,,120:12,,,,,,,,,,,,63267,4044800,tile_analysis_131072_forward.results.log
probe,arxiv,15,20,,mega_ring_all_cp,,116:16,,,,,,,,,,,,70420,4059392,tile_analysis_131072_forward.results.log
probe,arxiv,15,20,,mega_ring_hybrid,,116:16,,,,,,,,,,,,62469,4044800,tile_analysis_131072_forward.results.log
probe,arxiv,16,20,,mega_ring_all_cp,,128:4,,,,,,,,,,,,108851,1630720,tile_analysis_131072_forward.results.log
probe,arxiv,16,20,,mega_ring_hybrid,,128:4,,,,,,,,,,,,59116,1603904,tile_analysis_131072_forward.results.log
probe,arxiv,16,20,,mega_ring_all_cp,,124:8,,,,,,,,,,,,87806,1630720,tile_analysis_131072_forward.results.log
probe,arxiv,16,20,,mega_ring_hybrid,,124:8,,,,,,,,,,,,58656,1603904,tile_analysis_131072_forward.results.log
probe,arxiv,16,20,,mega_ring_all_cp,,120:12,,,,,,,,,,,,85020,1630720,tile_analysis_131072_forward.results.log
probe,arxiv,16,20,,mega_ring_hybrid,,120:12,,,,,,,,,,,,58656,1603904,tile_analysis_131072_forward.results.log
probe,arxiv,16,20,,mega_ring_all_cp,,116:16,,,,,,,,,,,,90246,1630720,tile_analysis_131072_forward.results.log
probe,arxiv,16,20,,mega_ring_hybrid,,116:16,,,,,,,,,,,,58656,1603904,tile_analysis_131072_forward.results.log
probe,arxiv,17,20,,mega_ring_all_cp,,128:4,,,,,,,,,,,,69527,6849024,tile_analysis_131072_forward.results.log
probe,arxiv,17,20,,mega_ring_hybrid,,128:4,,,,,,,,,,,,63788,6815872,tile_analysis_131072_forward.results.log
probe,arxiv,17,20,,mega_ring_all_cp,,124:8,,,,,,,,,,,,66939,6849024,tile_analysis_131072_forward.results.log
probe,arxiv,17,20,,mega_ring_hybrid,,124:8,,,,,,,,,,,,62899,6815872,tile_analysis_131072_forward.results.log
probe,arxiv,17,20,,mega_ring_all_cp,,120:12,,,,,,,,,,,,66528,6849024,tile_analysis_131072_forward.results.log
probe,arxiv,17,20,,mega_ring_hybrid,,120:12,,,,,,,,,,,,63023,6815872,tile_analysis_131072_forward.results.log
probe,arxiv,17,20,,mega_ring_all_cp,,116:16,,,,,,,,,,,,66835,6849024,tile_analysis_131072_forward.results.log
probe,arxiv,17,20,,mega_ring_hybrid,,116:16,,,,,,,,,,,,62745,6815872,tile_analysis_131072_forward.results.log
probe,arxiv,18,20,,mega_ring_all_cp,,128:4,,,,,,,,,,,,79106,3641600,tile_analysis_131072_forward.results.log
probe,arxiv,18,20,,mega_ring_hybrid,,128:4,,,,,,,,,,,,66887,3631424,tile_analysis_131072_forward.results.log
probe,arxiv,18,20,,mega_ring_all_cp,,124:8,,,,,,,,,,,,71384,3641600,tile_analysis_131072_forward.results.log
probe,arxiv,18,20,,mega_ring_hybrid,,124:8,,,,,,,,,,,,64288,3631424,tile_analysis_131072_forward.results.log
probe,arxiv,18,20,,mega_ring_all_cp,,120:12,,,,,,,,,,,,72042,3641600,tile_analysis_131072_forward.results.log
probe,arxiv,18,20,,mega_ring_hybrid,,120:12,,,,,,,,,,,,63938,3631424,tile_analysis_131072_forward.results.log
probe,arxiv,18,20,,mega_ring_all_cp,,116:16,,,,,,,,,,,,70909,3641600,tile_analysis_131072_forward.results.log
probe,arxiv,18,20,,mega_ring_hybrid,,116:16,,,,,,,,,,,,63791,3631424,tile_analysis_131072_forward.results.log
probe,arxiv,19,20,,mega_ring_all_cp,,128:4,,,,,,,,,,,,91971,2613760,tile_analysis_131072_forward.results.log
probe,arxiv,19,20,,mega_ring_hybrid,,128:4,,,,,,,,,,,,59548,2590208,tile_analysis_131072_forward.results.log
probe,arxiv,19,20,,mega_ring_all_cp,,124:8,,,,,,,,,,,,79250,2613760,tile_analysis_131072_forward.results.log
probe,arxiv,19,20,,mega_ring_hybrid,,124:8,,,,,,,,,,,,59104,2590208,tile_analysis_131072_forward.results.log
probe,arxiv,19,20,,mega_ring_all_cp,,120:12,,,,,,,,,,,,77371,2613760,tile_analysis_131072_forward.results.log
probe,arxiv,19,20,,mega_ring_hybrid,,120:12,,,,,,,,,,,,59104,2590208,tile_analysis_131072_forward.results.log
probe,arxiv,19,20,,mega_ring_all_cp,,116:16,,,,,,,,,,,,78786,2613760,tile_analysis_131072_forward.results.log
probe,arxiv,19,20,,mega_ring_hybrid,,116:16,,,,,,,,,,,,59104,2590208,tile_analysis_131072_forward.results.log
probe,arxiv,20,20,,mega_ring_all_cp,,128:4,,,,,,,,,,,,93653,2281728,tile_analysis_131072_forward.results.log
probe,arxiv,20,20,,mega_ring_hybrid,,128:4,,,,,,,,,,,,64097,2258944,tile_analysis_131072_forward.results.log
probe,arxiv,20,20,,mega_ring_all_cp,,124:8,,,,,,,,,,,,78618,2281728,tile_analysis_131072_forward.results.log
probe,arxiv,20,20,,mega_ring_hybrid,,124:8,,,,,,,,,,,,61880,2258944,tile_analysis_131072_forward.results.log
probe,arxiv,20,20,,mega_ring_all_cp,,120:12,,,,,,,,,,,,77270,2281728,tile_analysis_131072_forward.results.log
probe,arxiv,20,20,,mega_ring_hybrid,,120:12,,,,,,,,,,,,61652,2258944,tile_analysis_131072_forward.results.log
probe,arxiv,20,20,,mega_ring_all_cp,,116:16,,,,,,,,,,,,78139,2281728,tile_analysis_131072_forward.results.log
probe,arxiv,20,20,,mega_ring_hybrid,,116:16,,,,,,,,,,,,61600,2258944,tile_analysis_131072_forward.results.log
probe,freelaw,1,20,,mega_ring_all_cp,,128:4,,,,,,,,,,,,126383,1358592,tile_analysis_131072_forward.results.log
probe,freelaw,1,20,,mega_ring_hybrid,,128:4,,,,,,,,,,,,44229,1227488,tile_analysis_131072_forward.results.log
probe,freelaw,1,20,,mega_ring_all_cp,,124:8,,,,,,,,,,,,103889,1358592,tile_analysis_131072_forward.results.log
probe,freelaw,1,20,,mega_ring_hybrid,,124:8,,,,,,,,,,,,43712,1227488,tile_analysis_131072_forward.results.log
probe,freelaw,1,20,,mega_ring_all_cp,,120:12,,,,,,,,,,,,100955,1358592,tile_analysis_131072_forward.results.log
probe,freelaw,1,20,,mega_ring_hybrid,,120:12,,,,,,,,,,,,43712,1227488,tile_analysis_131072_forward.results.log
probe,freelaw,1,20,,mega_ring_all_cp,,116:16,,,,,,,,,,,,99836,1358592,tile_analysis_131072_forward.results.log
probe,freelaw,1,20,,mega_ring_hybrid,,116:16,,,,,,,,,,,,43712,1227488,tile_analysis_131072_forward.results.log
probe,freelaw,2,20,,mega_ring_all_cp,,128:4,,,,,,,,,,,,132936,1060352,tile_analysis_131072_forward.results.log
probe,freelaw,2,20,,mega_ring_hybrid,,128:4,,,,,,,,,,,,39168,892128,tile_analysis_131072_forward.results.log
probe,freelaw,2,20,,mega_ring_all_cp,,124:8,,,,,,,,,,,,117152,1060352,tile_analysis_131072_forward.results.log
probe,freelaw,2,20,,mega_ring_hybrid,,124:8,,,,,,,,,,,,39168,892128,tile_analysis_131072_forward.results.log
probe,freelaw,2,20,,mega_ring_all_cp,,120:12,,,,,,,,,,,,109908,1060352,tile_analysis_131072_forward.results.log
probe,freelaw,2,20,,mega_ring_hybrid,,120:12,,,,,,,,,,,,39168,892128,tile_analysis_131072_forward.results.log
probe,freelaw,2,20,,mega_ring_all_cp,,116:16,,,,,,,,,,,,109580,1060352,tile_analysis_131072_forward.results.log
probe,freelaw,2,20,,mega_ring_hybrid,,116:16,,,,,,,,,,,,39168,892128,tile_analysis_131072_forward.results.log
probe,freelaw,3,20,,mega_ring_all_cp,,128:4,,,,,,,,,,,,113472,1811968,tile_analysis_131072_forward.results.log
probe,freelaw,3,20,,mega_ring_hybrid,,128:4,,,,,,,,,,,,52736,1742208,tile_analysis_131072_forward.results.log
probe,freelaw,3,20,,mega_ring_all_cp,,124:8,,,,,,,,,,,,90935,1811968,tile_analysis_131072_forward.results.log
probe,freelaw,3,20,,mega_ring_hybrid,,124:8,,,,,,,,,,,,52736,1742208,tile_analysis_131072_forward.results.log
probe,freelaw,3,20,,mega_ring_all_cp,,120:12,,,,,,,,,,,,90022,1811968,tile_analysis_131072_forward.results.log
probe,freelaw,3,20,,mega_ring_hybrid,,120:12,,,,,,,,,,,,52736,1742208,tile_analysis_131072_forward.results.log
probe,freelaw,3,20,,mega_ring_all_cp,,116:16,,,,,,,,,,,,90612,1811968,tile_analysis_131072_forward.results.log
probe,freelaw,3,20,,mega_ring_hybrid,,116:16,,,,,,,,,,,,52736,1742208,tile_analysis_131072_forward.results.log
probe,freelaw,4,20,,mega_ring_all_cp,,128:4,,,,,,,,,,,,131474,1330176,tile_analysis_131072_forward.results.log
probe,freelaw,4,20,,mega_ring_hybrid,,128:4,,,,,,,,,,,,52480,1219488,tile_analysis_131072_forward.results.log
probe,freelaw,4,20,,mega_ring_all_cp,,124:8,,,,,,,,,,,,107073,1330176,tile_analysis_131072_forward.results.log
probe,freelaw,4,20,,mega_ring_hybrid,,124:8,,,,,,,,,,,,52480,1219488,tile_analysis_131072_forward.results.log
probe,freelaw,4,20,,mega_ring_all_cp,,120:12,,,,,,,,,,,,105173,1330176,tile_analysis_131072_forward.results.log
probe,freelaw,4,20,,mega_ring_hybrid,,120:12,,,,,,,,,,,,52480,1219488,tile_analysis_131072_forward.results.log
probe,freelaw,4,20,,mega_ring_all_cp,,116:16,,,,,,,,,,,,103809,1330176,tile_analysis_131072_forward.results.log
probe,freelaw,4,20,,mega_ring_hybrid,,116:16,,,,,,,,,,,,52480,1219488,tile_analysis_131072_forward.results.log
probe,freelaw,5,20,,mega_ring_all_cp,,128:4,,,,,,,,,,,,121514,2027008,tile_analysis_131072_forward.results.log
probe,freelaw,5,20,,mega_ring_hybrid,,128:4,,,,,,,,,,,,54599,1919328,tile_analysis_131072_forward.results.log
probe,freelaw,5,20,,mega_ring_all_cp,,124:8,,,,,,,,,,,,99960,2027008,tile_analysis_131072_forward.results.log
probe,freelaw,5,20,,mega_ring_hybrid,,124:8,,,,,,,,,,,,53550,1919328,tile_analysis_131072_forward.results.log
probe,freelaw,5,20,,mega_ring_all_cp,,120:12,,,,,,,,,,,,99556,2027008,tile_analysis_131072_forward.results.log
probe,freelaw,5,20,,mega_ring_hybrid,,120:12,,,,,,,,,,,,52715,1919328,tile_analysis_131072_forward.results.log
probe,freelaw,5,20,,mega_ring_all_cp,,116:16,,,,,,,,,,,,98425,2027008,tile_analysis_131072_forward.results.log
probe,freelaw,5,20,,mega_ring_hybrid,,116:16,,,,,,,,,,,,52864,1919328,tile_analysis_131072_forward.results.log
probe,freelaw,6,20,,mega_ring_all_cp,,128:4,,,,,,,,,,,,136222,1118208,tile_analysis_131072_forward.results.log
probe,freelaw,6,20,,mega_ring_hybrid,,128:4,,,,,,,,,,,,43616,986592,tile_analysis_131072_forward.results.log
probe,freelaw,6,20,,mega_ring_all_cp,,124:8,,,,,,,,,,,,111059,1118208,tile_analysis_131072_forward.results.log
probe,freelaw,6,20,,mega_ring_hybrid,,124:8,,,,,,,,,,,,43616,986592,tile_analysis_131072_forward.results.log
probe,freelaw,6,20,,mega_ring_all_cp,,120:12,,,,,,,,,,,,108407,1118208,tile_analysis_131072_forward.results.log
probe,freelaw,6,20,,mega_ring_hybrid,,120:12,,,,,,,,,,,,43616,986592,tile_analysis_131072_forward.results.log
probe,freelaw,6,20,,mega_ring_all_cp,,116:16,,,,,,,,,,,,109159,1118208,tile_analysis_131072_forward.results.log
probe,freelaw,6,20,,mega_ring_hybrid,,116:16,,,,,,,,,,,,43616,986592,tile_analysis_131072_forward.results.log
probe,freelaw,7,20,,mega_ring_all_cp,,128:4,,,,,,,,,,,,113294,1939712,tile_analysis_131072_forward.results.log
probe,freelaw,7,20,,mega_ring_hybrid,,128:4,,,,,,,,,,,,47584,1842848,tile_analysis_131072_forward.results.log
probe,freelaw,7,20,,mega_ring_all_cp,,124:8,,,,,,,,,,,,91935,1939712,tile_analysis_131072_forward.results.log
probe,freelaw,7,20,,mega_ring_hybrid,,124:8,,,,,,,,,,,,47584,1842848,tile_analysis_131072_forward.results.log
probe,freelaw,7,20,,mega_ring_all_cp,,120:12,,,,,,,,,,,,94060,1939712,tile_analysis_131072_forward.results.log
probe,freelaw,7,20,,mega_ring_hybrid,,120:12,,,,,,,,,,,,47584,1842848,tile_analysis_131072_forward.results.log
probe,freelaw,7,20,,mega_ring_all_cp,,116:16,,,,,,,,,,,,94259,1939712,tile_analysis_131072_forward.results.log
probe,freelaw,7,20,,mega_ring_hybrid,,116:16,,,,,,,,,,,,47584,1842848,tile_analysis_131072_forward.results.log
probe,freelaw,8,20,,mega_ring_all_cp,,128:4,,,,,,,,,,,,128946,1313792,tile_analysis_131072_forward.results.log
probe,freelaw,8,20,,mega_ring_hybrid,,128:4,,,,,,,,,,,,45760,1173760,tile_analysis_131072_forward.results.log
probe,freelaw,8,20,,mega_ring_all_cp,,124:8,,,,,,,,,,,,105693,1313792,tile_analysis_131072_forward.results.log
probe,freelaw,8,20,,mega_ring_hybrid,,124:8,,,,,,,,,,,,45760,1173760,tile_analysis_131072_forward.results.log
probe,freelaw,8,20,,mega_ring_all_cp,,120:12,,,,,,,,,,,,102977,1313792,tile_analysis_131072_forward.results.log
probe,freelaw,8,20,,mega_ring_hybrid,,120:12,,,,,,,,,,,,45760,1173760,tile_analysis_131072_forward.results.log
probe,freelaw,8,20,,mega_ring_all_cp,,116:16,,,,,,,,,,,,107581,1313792,tile_analysis_131072_forward.results.log
probe,freelaw,8,20,,mega_ring_hybrid,,116:16,,,,,,,,,,,,45760,1173760,tile_analysis_131072_forward.results.log
probe,freelaw,9,20,,mega_ring_all_cp,,128:4,,,,,,,,,,,,122408,1801472,tile_analysis_131072_forward.results.log
probe,freelaw,9,20,,mega_ring_hybrid,,128:4,,,,,,,,,,,,54635,1676384,tile_analysis_131072_forward.results.log
probe,freelaw,9,20,,mega_ring_all_cp,,124:8,,,,,,,,,,,,101688,1801472,tile_analysis_131072_forward.results.log
probe,freelaw,9,20,,mega_ring_hybrid,,124:8,,,,,,,,,,,,53485,1676384,tile_analysis_131072_forward.results.log
probe,freelaw,9,20,,mega_ring_all_cp,,120:12,,,,,,,,,,,,98170,1801472,tile_analysis_131072_forward.results.log
probe,freelaw,9,20,,mega_ring_hybrid,,120:12,,,,,,,,,,,,52881,1676384,tile_analysis_131072_forward.results.log
probe,freelaw,9,20,,mega_ring_all_cp,,116:16,,,,,,,,,,,,97503,1801472,tile_analysis_131072_forward.results.log
probe,freelaw,9,20,,mega_ring_hybrid,,116:16,,,,,,,,,,,,52838,1676384,tile_analysis_131072_forward.results.log
probe,freelaw,10,20,,mega_ring_all_cp,,128:4,,,,,,,,,,,,122034,1773056,tile_analysis_131072_forward.results.log
probe,freelaw,10,20,,mega_ring_hybrid,,128:4,,,,,,,,,,,,45107,1645056,tile_analysis_131072_forward.results.log
probe,freelaw,10,20,,mega_ring_all_cp,,124:8,,,,,,,,,,,,102310,1773056,tile_analysis_131072_forward.results.log
probe,freelaw,10,20,,mega_ring_hybrid,,124:8,,,,,,,,,,,,45056,1645056,tile_analysis_131072_forward.results.log
probe,freelaw,10,20,,mega_ring_all_cp,,120:12,,,,,,,,,,,,99520,1773056,tile_analysis_131072_forward.results.log
probe,freelaw,10,20,,mega_ring_hybrid,,120:12,,,,,,,,,,,,45056,1645056,tile_analysis_131072_forward.results.log
probe,freelaw,10,20,,mega_ring_all_cp,,116:16,,,,,,,,,,,,98533,1773056,tile_analysis_131072_forward.results.log
probe,freelaw,10,20,,mega_ring_hybrid,,116:16,,,,,,,,,,,,45056,1645056,tile_analysis_131072_forward.results.log
probe,freelaw,11,20,,mega_ring_all_cp,,128:4,,,,,,,,,,,,138122,1122560,tile_analysis_131072_forward.results.log
probe,freelaw,11,20,,mega_ring_hybrid,,128:4,,,,,,,,,,,,40832,967552,tile_analysis_131072_forward.results.log
probe,freelaw,11,20,,mega_ring_all_cp,,124:8,,,,,,,,,,,,113765,1122560,tile_analysis_131072_forward.results.log
probe,freelaw,11,20,,mega_ring_hybrid,,124:8,,,,,,,,,,,,40832,967552,tile_analysis_131072_forward.results.log
probe,freelaw,11,20,,mega_ring_all_cp,,120:12,,,,,,,,,,,,110747,1122560,tile_analysis_131072_forward.results.log
probe,freelaw,11,20,,mega_ring_hybrid,,120:12,,,,,,,,,,,,40832,967552,tile_analysis_131072_forward.results.log
probe,freelaw,11,20,,mega_ring_all_cp,,116:16,,,,,,,,,,,,111141,1122560,tile_analysis_131072_forward.results.log
probe,freelaw,11,20,,mega_ring_hybrid,,116:16,,,,,,,,,,,,40832,967552,tile_analysis_131072_forward.results.log
probe,freelaw,12,20,,mega_ring_all_cp,,128:4,,,,,,,,,,,,136791,1044480,tile_analysis_131072_forward.results.log
probe,freelaw,12,20,,mega_ring_hybrid,,128:4,,,,,,,,,,,,40576,877472,tile_analysis_131072_forward.results.log
probe,freelaw,12,20,,mega_ring_all_cp,,124:8,,,,,,,,,,,,112829,1044480,tile_analysis_131072_forward.results.log
probe,freelaw,12,20,,mega_ring_hybrid,,124:8,,,,,,,,,,,,40576,877472,tile_analysis_131072_forward.results.log
probe,freelaw,12,20,,mega_ring_all_cp,,120:12,,,,,,,,,,,,111208,1044480,tile_analysis_131072_forward.results.log
probe,freelaw,12,20,,mega_ring_hybrid,,120:12,,,,,,,,,,,,40576,877472,tile_analysis_131072_forward.results.log
probe,freelaw,12,20,,mega_ring_all_cp,,116:16,,,,,,,,,,,,109227,1044480,tile_analysis_131072_forward.results.log
probe,freelaw,12,20,,mega_ring_hybrid,,116:16,,,,,,,,,,,,40576,877472,tile_analysis_131072_forward.results.log
probe,freelaw,13,20,,mega_ring_all_cp,,128:4,,,,,,,,,,,,131275,1125376,tile_analysis_131072_forward.results.log
probe,freelaw,13,20,,mega_ring_hybrid,,128:4,,,,,,,,,,,,45696,1014304,tile_analysis_131072_forward.results.log
probe,freelaw,13,20,,mega_ring_all_cp,,124:8,,,,,,,,,,,,106794,1125376,tile_analysis_131072_forward.results.log
probe,freelaw,13,20,,mega_ring_hybrid,,124:8,,,,,,,,,,,,45696,1014304,tile_analysis_131072_forward.results.log
probe,freelaw,13,20,,mega_ring_all_cp,,120:12,,,,,,,,,,,,105589,1125376,tile_analysis_131072_forward.results.log
probe,freelaw,13,20,,mega_ring_hybrid,,120:12,,,,,,,,,,,,45696,1014304,tile_analysis_131072_forward.results.log
probe,freelaw,13,20,,mega_ring_all_cp,,116:16,,,,,,,,,,,,104399,1125376,tile_analysis_131072_forward.results.log
probe,freelaw,13,20,,mega_ring_hybrid,,116:16,,,,,,,,,,,,45696,1014304,tile_analysis_131072_forward.results.log
probe,freelaw,14,20,,mega_ring_all_cp,,128:4,,,,,,,,,,,,83394,3904768,tile_analysis_131072_forward.results.log
probe,freelaw,14,20,,mega_ring_hybrid,,128:4,,,,,,,,,,,,60420,3807680,tile_analysis_131072_forward.results.log
probe,freelaw,14,20,,mega_ring_all_cp,,124:8,,,,,,,,,,,,75789,3904768,tile_analysis_131072_forward.results.log
probe,freelaw,14,20,,mega_ring_hybrid,,124:8,,,,,,,,,,,,60128,3807680,tile_analysis_131072_forward.results.log
probe,freelaw,14,20,,mega_ring_all_cp,,120:12,,,,,,,,,,,,74125,3904768,tile_analysis_131072_forward.results.log
probe,freelaw,14,20,,mega_ring_hybrid,,120:12,,,,,,,,,,,,60128,3807680,tile_analysis_131072_forward.results.log
probe,freelaw,14,20,,mega_ring_all_cp,,116:16,,,,,,,,,,,,74314,3904768,tile_analysis_131072_forward.results.log
probe,freelaw,14,20,,mega_ring_hybrid,,116:16,,,,,,,,,,,,60128,3807680,tile_analysis_131072_forward.results.log
probe,freelaw,15,20,,mega_ring_all_cp,,128:4,,,,,,,,,,,,127974,1396224,tile_analysis_131072_forward.results.log
probe,freelaw,15,20,,mega_ring_hybrid,,128:4,,,,,,,,,,,,43340,1268096,tile_analysis_131072_forward.results.log
probe,freelaw,15,20,,mega_ring_all_cp,,124:8,,,,,,,,,,,,106659,1396224,tile_analysis_131072_forward.results.log
probe,freelaw,15,20,,mega_ring_hybrid,,124:8,,,,,,,,,,,,43200,1268096,tile_analysis_131072_forward.results.log
probe,freelaw,15,20,,mega_ring_all_cp,,120:12,,,,,,,,,,,,102894,1396224,tile_analysis_131072_forward.results.log
probe,freelaw,15,20,,mega_ring_hybrid,,120:12,,,,,,,,,,,,43200,1268096,tile_analysis_131072_forward.results.log
probe,freelaw,15,20,,mega_ring_all_cp,,116:16,,,,,,,,,,,,102565,1396224,tile_analysis_131072_forward.results.log
probe,freelaw,15,20,,mega_ring_hybrid,,116:16,,,,,,,,,,,,43200,1268096,tile_analysis_131072_forward.results.log
probe,freelaw,16,20,,mega_ring_all_cp,,128:4,,,,,,,,,,,,105805,2069760,tile_analysis_131072_forward.results.log
probe,freelaw,16,20,,mega_ring_hybrid,,128:4,,,,,,,,,,,,55301,2006912,tile_analysis_131072_forward.results.log
probe,freelaw,16,20,,mega_ring_all_cp,,124:8,,,,,,,,,,,,86507,2069760,tile_analysis_131072_forward.results.log
probe,freelaw,16,20,,mega_ring_hybrid,,124:8,,,,,,,,,,,,54688,2006912,tile_analysis_131072_forward.results.log
probe,freelaw,16,20,,mega_ring_all_cp,,120:12,,,,,,,,,,,,85765,2069760,tile_analysis_131072_forward.results.log
probe,freelaw,16,20,,mega_ring_hybrid,,120:12,,,,,,,,,,,,54688,2006912,tile_analysis_131072_forward.results.log
probe,freelaw,16,20,,mega_ring_all_cp,,116:16,,,,,,,,,,,,84833,2069760,tile_analysis_131072_forward.results.log
probe,freelaw,16,20,,mega_ring_hybrid,,116:16,,,,,,,,,,,,54688,2006912,tile_analysis_131072_forward.results.log
probe,freelaw,17,20,,mega_ring_all_cp,,128:4,,,,,,,,,,,,132133,1441536,tile_analysis_131072_forward.results.log
probe,freelaw,17,20,,mega_ring_hybrid,,128:4,,,,,,,,,,,,51199,1269632,tile_analysis_131072_forward.results.log
probe,freelaw,17,20,,mega_ring_all_cp,,124:8,,,,,,,,,,,,109734,1441536,tile_analysis_131072_forward.results.log
probe,freelaw,17,20,,mega_ring_hybrid,,124:8,,,,,,,,,,,,50144,1269632,tile_analysis_131072_forward.results.log
probe,freelaw,17,20,,mega_ring_all_cp,,120:12,,,,,,,,,,,,105293,1441536,tile_analysis_131072_forward.results.log
probe,freelaw,17,20,,mega_ring_hybrid,,120:12,,,,,,,,,,,,49346,1269632,tile_analysis_131072_forward.results.log
probe,freelaw,17,20,,mega_ring_all_cp,,116:16,,,,,,,,,,,,104227,1441536,tile_analysis_131072_forward.results.log
probe,freelaw,17,20,,mega_ring_hybrid,,116:16,,,,,,,,,,,,49346,1269632,tile_analysis_131072_forward.results.log
probe,freelaw,18,20,,mega_ring_all_cp,,128:4,,,,,,,,,,,,97851,3213824,tile_analysis_131072_forward.results.log
probe,freelaw,18,20,,mega_ring_hybrid,,128:4,,,,,,,,,,,,53770,3134816,tile_analysis_131072_forward.results.log
probe,freelaw,18,20,,mega_ring_all_cp,,124:8,,,,,,,,,,,,85079,3213824,tile_analysis_131072_forward.results.log
probe,freelaw,18,20,,mega_ring_hybrid,,124:8,,,,,,,,,,,,52496,3134816,tile_analysis_131072_forward.results.log
probe,freelaw,18,20,,mega_ring_all_cp,,120:12,,,,,,,,,,,,83438,3213824,tile_analysis_131072_forward.results.log
probe,freelaw,18,20,,mega_ring_hybrid,,120:12,,,,,,,,,,,,52398,3134816,tile_analysis_131072_forward.results.log
probe,freelaw,18,20,,mega_ring_all_cp,,116:16,,,,,,,,,,,,83275,3213824,tile_analysis_131072_forward.results.log
probe,freelaw,18,20,,mega_ring_hybrid,,116:16,,,,,,,,,,,,52095,3134816,tile_analysis_131072_forward.results.log
probe,freelaw,19,20,,mega_ring_all_cp,,128:4,,,,,,,,,,,,131231,1015040,tile_analysis_131072_forward.results.log
probe,freelaw,19,20,,mega_ring_hybrid,,128:4,,,,,,,,,,,,38144,873600,tile_analysis_131072_forward.results.log
probe,freelaw,19,20,,mega_ring_all_cp,,124:8,,,,,,,,,,,,110182,1015040,tile_analysis_131072_forward.results.log
probe,freelaw,19,20,,mega_ring_hybrid,,124:8,,,,,,,,,,,,38144,873600,tile_analysis_131072_forward.results.log
probe,freelaw,19,20,,mega_ring_all_cp,,120:12,,,,,,,,,,,,106204,1015040,tile_analysis_131072_forward.results.log
probe,freelaw,19,20,,mega_ring_hybrid,,120:12,,,,,,,,,,,,38144,873600,tile_analysis_131072_forward.results.log
probe,freelaw,19,20,,mega_ring_all_cp,,116:16,,,,,,,,,,,,105571,1015040,tile_analysis_131072_forward.results.log
probe,freelaw,19,20,,mega_ring_hybrid,,116:16,,,,,,,,,,,,38144,873600,tile_analysis_131072_forward.results.log
probe,freelaw,20,20,,mega_ring_all_cp,,128:4,,,,,,,,,,,,146170,1206016,tile_analysis_131072_forward.results.log
probe,freelaw,20,20,,mega_ring_hybrid,,128:4,,,,,,,,,,,,44976,983392,tile_analysis_131072_forward.results.log
probe,freelaw,20,20,,mega_ring_all_cp,,124:8,,,,,,,,,,,,119862,1206016,tile_analysis_131072_forward.results.log
probe,freelaw,20,20,,mega_ring_hybrid,,124:8,,,,,,,,,,,,44832,983392,tile_analysis_131072_forward.results.log
probe,freelaw,20,20,,mega_ring_all_cp,,120:12,,,,,,,,,,,,118413,1206016,tile_analysis_131072_forward.results.log
probe,freelaw,20,20,,mega_ring_hybrid,,120:12,,,,,,,,,,,,44832,983392,tile_analysis_131072_forward.results.log
probe,freelaw,20,20,,mega_ring_all_cp,,116:16,,,,,,,,,,,,118345,1206016,tile_analysis_131072_forward.results.log
probe,freelaw,20,20,,mega_ring_hybrid,,116:16,,,,,,,,,,,,44832,983392,tile_analysis_131072_forward.results.log
probe,github,1,20,,mega_ring_all_cp,,128:4,,,,,,,,,,,,154297,1359360,tile_analysis_131072_forward.results.log
probe,github,1,20,,mega_ring_hybrid,,128:4,,,,,,,,,,,,43002,1131776,tile_analysis_131072_forward.results.log
probe,github,1,20,,mega_ring_all_cp,,124:8,,,,,,,,,,,,125641,1359360,tile_analysis_131072_forward.results.log
probe,github,1,20,,mega_ring_hybrid,,124:8,,,,,,,,,,,,42752,1131776,tile_analysis_131072_forward.results.log
probe,github,1,20,,mega_ring_all_cp,,120:12,,,,,,,,,,,,126236,1359360,tile_analysis_131072_forward.results.log
probe,github,1,20,,mega_ring_hybrid,,120:12,,,,,,,,,,,,42752,1131776,tile_analysis_131072_forward.results.log
probe,github,1,20,,mega_ring_all_cp,,116:16,,,,,,,,,,,,124514,1359360,tile_analysis_131072_forward.results.log
probe,github,1,20,,mega_ring_hybrid,,116:16,,,,,,,,,,,,42752,1131776,tile_analysis_131072_forward.results.log
probe,github,2,20,,mega_ring_all_cp,,128:4,,,,,,,,,,,,137820,1734144,tile_analysis_131072_forward.results.log
probe,github,2,20,,mega_ring_hybrid,,128:4,,,,,,,,,,,,54617,1596480,tile_analysis_131072_forward.results.log
probe,github,2,20,,mega_ring_all_cp,,124:8,,,,,,,,,,,,117954,1734144,tile_analysis_131072_forward.results.log
probe,github,2,20,,mega_ring_hybrid,,124:8,,,,,,,,,,,,53125,1596480,tile_analysis_131072_forward.results.log
probe,github,2,20,,mega_ring_all_cp,,120:12,,,,,,,,,,,,111237,1734144,tile_analysis_131072_forward.results.log
probe,github,2,20,,mega_ring_hybrid,,120:12,,,,,,,,,,,,53014,1596480,tile_analysis_131072_forward.results.log
probe,github,2,20,,mega_ring_all_cp,,116:16,,,,,,,,,,,,115757,1734144,tile_analysis_131072_forward.results.log
probe,github,2,20,,mega_ring_hybrid,,116:16,,,,,,,,,,,,52466,1596480,tile_analysis_131072_forward.results.log
probe,github,3,20,,mega_ring_all_cp,,128:4,,,,,,,,,,,,139514,1881600,tile_analysis_131072_forward.results.log
probe,github,3,20,,mega_ring_hybrid,,128:4,,,,,,,,,,,,57896,1748128,tile_analysis_131072_forward.results.log
probe,github,3,20,,mega_ring_all_cp,,124:8,,,,,,,,,,,,114350,1881600,tile_analysis_131072_forward.results.log
probe,github,3,20,,mega_ring_hybrid,,124:8,,,,,,,,,,,,55894,1748128,tile_analysis_131072_forward.results.log
probe,github,3,20,,mega_ring_all_cp,,120:12,,,,,,,,,,,,113670,1881600,tile_analysis_131072_forward.results.log
probe,github,3,20,,mega_ring_hybrid,,120:12,,,,,,,,,,,,55115,1748128,tile_analysis_131072_forward.results.log
probe,github,3,20,,mega_ring_all_cp,,116:16,,,,,,,,,,,,113041,1881600,tile_analysis_131072_forward.results.log
probe,github,3,20,,mega_ring_hybrid,,116:16,,,,,,,,,,,,55207,1748128,tile_analysis_131072_forward.results.log
probe,github,4,20,,mega_ring_all_cp,,128:4,,,,,,,,,,,,147312,2039296,tile_analysis_131072_forward.results.log
probe,github,4,20,,mega_ring_hybrid,,128:4,,,,,,,,,,,,54607,1853280,tile_analysis_131072_forward.results.log
probe,github,4,20,,mega_ring_all_cp,,124:8,,,,,,,,,,,,121784,2039296,tile_analysis_131072_forward.results.log
probe,github,4,20,,mega_ring_hybrid,,124:8,,,,,,,,,,,,53411,1853280,tile_analysis_131072_forward.results.log
probe,github,4,20,,mega_ring_all_cp,,120:12,,,,,,,,,,,,119374,2039296,tile_analysis_131072_forward.results.log
probe,github,4,20,,mega_ring_hybrid,,120:12,,,,,,,,,,,,53280,1853280,tile_analysis_131072_forward.results.log
probe,github,4,20,,mega_ring_all_cp,,116:16,,,,,,,,,,,,119996,2039296,tile_analysis_131072_forward.results.log
probe,github,4,20,,mega_ring_hybrid,,116:16,,,,,,,,,,,,53280,1853280,tile_analysis_131072_forward.results.log
probe,github,5,20,,mega_ring_all_cp,,128:4,,,,,,,,,,,,103915,4055808,tile_analysis_131072_forward.results.log
probe,github,5,20,,mega_ring_hybrid,,128:4,,,,,,,,,,,,52455,3918048,tile_analysis_131072_forward.results.log
probe,github,5,20,,mega_ring_all_cp,,124:8,,,,,,,,,,,,92437,4055808,tile_analysis_131072_forward.results.log
probe,github,5,20,,mega_ring_hybrid,,124:8,,,,,,,,,,,,52081,3918048,tile_analysis_131072_forward.results.log
probe,github,5,20,,mega_ring_all_cp,,120:12,,,,,,,,,,,,91274,4055808,tile_analysis_131072_forward.results.log
probe,github,5,20,,mega_ring_hybrid,,120:12,,,,,,,,,,,,51808,3918048,tile_analysis_131072_forward.results.log
probe,github,5,20,,mega_ring_all_cp,,116:16,,,,,,,,,,,,91154,4055808,tile_analysis_131072_forward.results.log
probe,github,5,20,,mega_ring_hybrid,,116:16,,,,,,,,,,,,51808,3918048,tile_analysis_131072_forward.results.log
probe,github,6,20,,mega_ring_all_cp,,128:4,,,,,,,,,,,,141601,2030592,tile_analysis_131072_forward.results.log
probe,github,6,20,,mega_ring_hybrid,,128:4,,,,,,,,,,,,47744,1840064,tile_analysis_131072_forward.results.log
probe,github,6,20,,mega_ring_all_cp,,124:8,,,,,,,,,,,,117803,2030592,tile_analysis_131072_forward.results.log
probe,github,6,20,,mega_ring_hybrid,,124:8,,,,,,,,,,,,47744,1840064,tile_analysis_131072_forward.results.log
probe,github,6,20,,mega_ring_all_cp,,120:12,,,,,,,,,,,,115862,2030592,tile_analysis_131072_forward.results.log
probe,github,6,20,,mega_ring_hybrid,,120:12,,,,,,,,,,,,47744,1840064,tile_analysis_131072_forward.results.log
probe,github,6,20,,mega_ring_all_cp,,116:16,,,,,,,,,,,,117588,2030592,tile_analysis_131072_forward.results.log
probe,github,6,20,,mega_ring_hybrid,,116:16,,,,,,,,,,,,47744,1840064,tile_analysis_131072_forward.results.log
probe,github,7,20,,mega_ring_all_cp,,128:4,,,,,,,,,,,,152413,2147328,tile_analysis_131072_forward.results.log
probe,github,7,20,,mega_ring_hybrid,,128:4,,,,,,,,,,,,50343,1907328,tile_analysis_131072_forward.results.log
probe,github,7,20,,mega_ring_all_cp,,124:8,,,,,,,,,,,,127387,2147328,tile_analysis_131072_forward.results.log
probe,github,7,20,,mega_ring_hybrid,,124:8,,,,,,,,,,,,49728,1907328,tile_analysis_131072_forward.results.log
probe,github,7,20,,mega_ring_all_cp,,120:12,,,,,,,,,,,,125023,2147328,tile_analysis_131072_forward.results.log
probe,github,7,20,,mega_ring_hybrid,,120:12,,,,,,,,,,,,49728,1907328,tile_analysis_131072_forward.results.log
probe,github,7,20,,mega_ring_all_cp,,116:16,,,,,,,,,,,,126390,2147328,tile_analysis_131072_forward.results.log
probe,github,7,20,,mega_ring_hybrid,,116:16,,,,,,,,,,,,49728,1907328,tile_analysis_131072_forward.results.log
probe,github,8,20,,mega_ring_all_cp,,128:4,,,,,,,,,,,,178552,987136,tile_analysis_131072_forward.results.log
probe,github,8,20,,mega_ring_hybrid,,128:4,,,,,,,,,,,,42848,659456,tile_analysis_131072_forward.results.log
probe,github,8,20,,mega_ring_all_cp,,124:8,,,,,,,,,,,,150629,987136,tile_analysis_131072_forward.results.log
probe,github,8,20,,mega_ring_hybrid,,124:8,,,,,,,,,,,,42848,659456,tile_analysis_131072_forward.results.log
probe,github,8,20,,mega_ring_all_cp,,120:12,,,,,,,,,,,,151723,987136,tile_analysis_131072_forward.results.log
probe,github,8,20,,mega_ring_hybrid,,120:12,,,,,,,,,,,,42848,659456,tile_analysis_131072_forward.results.log
probe,github,8,20,,mega_ring_all_cp,,116:16,,,,,,,,,,,,149033,987136,tile_analysis_131072_forward.results.log
probe,github,8,20,,mega_ring_hybrid,,116:16,,,,,,,,,,,,42848,659456,tile_analysis_131072_forward.results.log
probe,github,9,20,,mega_ring_all_cp,,128:4,,,,,,,,,,,,97704,3550208,tile_analysis_131072_forward.results.log
probe,github,9,20,,mega_ring_hybrid,,128:4,,,,,,,,,,,,53867,3462656,tile_analysis_131072_forward.results.log
probe,github,9,20,,mega_ring_all_cp,,124:8,,,,,,,,,,,,86597,3550208,tile_analysis_131072_forward.results.log
probe,github,9,20,,mega_ring_hybrid,,124:8,,,,,,,,,,,,53522,3462656,tile_analysis_131072_forward.results.log
probe,github,9,20,,mega_ring_all_cp,,120:12,,,,,,,,,,,,83709,3550208,tile_analysis_131072_forward.results.log
probe,github,9,20,,mega_ring_hybrid,,120:12,,,,,,,,,,,,53504,3462656,tile_analysis_131072_forward.results.log
probe,github,9,20,,mega_ring_all_cp,,116:16,,,,,,,,,,,,84690,3550208,tile_analysis_131072_forward.results.log
probe,github,9,20,,mega_ring_hybrid,,116:16,,,,,,,,,,,,53504,3462656,tile_analysis_131072_forward.results.log
probe,github,10,20,,mega_ring_all_cp,,128:4,,,,,,,,,,,,139112,1672448,tile_analysis_131072_forward.results.log
probe,github,10,20,,mega_ring_hybrid,,128:4,,,,,,,,,,,,50532,1523360,tile_analysis_131072_forward.results.log
probe,github,10,20,,mega_ring_all_cp,,124:8,,,,,,,,,,,,114781,1672448,tile_analysis_131072_forward.results.log
probe,github,10,20,,mega_ring_hybrid,,124:8,,,,,,,,,,,,50432,1523360,tile_analysis_131072_forward.results.log
probe,github,10,20,,mega_ring_all_cp,,120:12,,,,,,,,,,,,116991,1672448,tile_analysis_131072_forward.results.log
probe,github,10,20,,mega_ring_hybrid,,120:12,,,,,,,,,,,,50432,1523360,tile_analysis_131072_forward.results.log
probe,github,10,20,,mega_ring_all_cp,,116:16,,,,,,,,,,,,111748,1672448,tile_analysis_131072_forward.results.log
probe,github,10,20,,mega_ring_hybrid,,116:16,,,,,,,,,,,,50432,1523360,tile_analysis_131072_forward.results.log
probe,github,11,20,,mega_ring_all_cp,,128:4,,,,,,,,,,,,157469,1704448,tile_analysis_131072_forward.results.log
probe,github,11,20,,mega_ring_hybrid,,128:4,,,,,,,,,,,,50432,1484864,tile_analysis_131072_forward.results.log
probe,github,11,20,,mega_ring_all_cp,,124:8,,,,,,,,,,,,129826,1704448,tile_analysis_131072_forward.results.log
probe,github,11,20,,mega_ring_hybrid,,124:8,,,,,,,,,,,,50432,1484864,tile_analysis_131072_forward.results.log
probe,github,11,20,,mega_ring_all_cp,,120:12,,,,,,,,,,,,127032,1704448,tile_analysis_131072_forward.results.log
probe,github,11,20,,mega_ring_hybrid,,120:12,,,,,,,,,,,,50432,1484864,tile_analysis_131072_forward.results.log
probe,github,11,20,,mega_ring_all_cp,,116:16,,,,,,,,,,,,128372,1704448,tile_analysis_131072_forward.results.log
probe,github,11,20,,mega_ring_hybrid,,116:16,,,,,,,,,,,,50432,1484864,tile_analysis_131072_forward.results.log
probe,github,12,20,,mega_ring_all_cp,,128:4,,,,,,,,,,,,175790,1105152,tile_analysis_131072_forward.results.log
probe,github,12,20,,mega_ring_hybrid,,128:4,,,,,,,,,,,,45716,842432,tile_analysis_131072_forward.results.log
probe,github,12,20,,mega_ring_all_cp,,124:8,,,,,,,,,,,,147586,1105152,tile_analysis_131072_forward.results.log
probe,github,12,20,,mega_ring_hybrid,,124:8,,,,,,,,,,,,44987,842432,tile_analysis_131072_forward.results.log
probe,github,12,20,,mega_ring_all_cp,,120:12,,,,,,,,,,,,146500,1105152,tile_analysis_131072_forward.results.log
probe,github,12,20,,mega_ring_hybrid,,120:12,,,,,,,,,,,,44928,842432,tile_analysis_131072_forward.results.log
probe,github,12,20,,mega_ring_all_cp,,116:16,,,,,,,,,,,,145614,1105152,tile_analysis_131072_forward.results.log
probe,github,12,20,,mega_ring_hybrid,,116:16,,,,,,,,,,,,44928,842432,tile_analysis_131072_forward.results.log
probe,github,13,20,,mega_ring_all_cp,,128:4,,,,,,,,,,,,158220,1684224,tile_analysis_131072_forward.results.log
probe,github,13,20,,mega_ring_hybrid,,128:4,,,,,,,,,,,,48320,1453312,tile_analysis_131072_forward.results.log
probe,github,13,20,,mega_ring_all_cp,,124:8,,,,,,,,,,,,131502,1684224,tile_analysis_131072_forward.results.log
probe,github,13,20,,mega_ring_hybrid,,124:8,,,,,,,,,,,,48320,1453312,tile_analysis_131072_forward.results.log
probe,github,13,20,,mega_ring_all_cp,,120:12,,,,,,,,,,,,127074,1684224,tile_analysis_131072_forward.results.log
probe,github,13,20,,mega_ring_hybrid,,120:12,,,,,,,,,,,,48320,1453312,tile_analysis_131072_forward.results.log
probe,github,13,20,,mega_ring_all_cp,,116:16,,,,,,,,,,,,128698,1684224,tile_analysis_131072_forward.results.log
probe,github,13,20,,mega_ring_hybrid,,116:16,,,,,,,,,,,,48320,1453312,tile_analysis_131072_forward.results.log
probe,github,14,20,,mega_ring_all_cp,,128:4,,,,,,,,,,,,133640,2517760,tile_analysis_131072_forward.results.log
probe,github,14,20,,mega_ring_hybrid,,128:4,,,,,,,,,,,,52152,2324512,tile_analysis_131072_forward.results.log
probe,github,14,20,,mega_ring_all_cp,,124:8,,,,,,,,,,,,111386,2517760,tile_analysis_131072_forward.results.log
probe,github,14,20,,mega_ring_hybrid,,124:8,,,,,,,,,,,,51208,2324512,tile_analysis_131072_forward.results.log
probe,github,14,20,,mega_ring_all_cp,,120:12,,,,,,,,,,,,109606,2517760,tile_analysis_131072_forward.results.log
probe,github,14,20,,mega_ring_hybrid,,120:12,,,,,,,,,,,,50760,2324512,tile_analysis_131072_forward.results.log
probe,github,14,20,,mega_ring_all_cp,,116:16,,,,,,,,,,,,110246,2517760,tile_analysis_131072_forward.results.log
probe,github,14,20,,mega_ring_hybrid,,116:16,,,,,,,,,,,,50412,2324512,tile_analysis_131072_forward.results.log
probe,github,15,20,,mega_ring_all_cp,,128:4,,,,,,,,,,,,160626,1151232,tile_analysis_131072_forward.results.log
probe,github,15,20,,mega_ring_hybrid,,128:4,,,,,,,,,,,,43552,929920,tile_analysis_131072_forward.results.log
probe,github,15,20,,mega_ring_all_cp,,124:8,,,,,,,,,,,,133192,1151232,tile_analysis_131072_forward.results.log
probe,github,15,20,,mega_ring_hybrid,,124:8,,,,,,,,,,,,43552,929920,tile_analysis_131072_forward.results.log
probe,github,15,20,,mega_ring_all_cp,,120:12,,,,,,,,,,,,131066,1151232,tile_analysis_131072_forward.results.log
probe,github,15,20,,mega_ring_hybrid,,120:12,,,,,,,,,,,,43552,929920,tile_analysis_131072_forward.results.log
probe,github,15,20,,mega_ring_all_cp,,116:16,,,,,,,,,,,,133345,1151232,tile_analysis_131072_forward.results.log
probe,github,15,20,,mega_ring_hybrid,,116:16,,,,,,,,,,,,43552,929920,tile_analysis_131072_forward.results.log
probe,github,16,20,,mega_ring_all_cp,,128:4,,,,,,,,,,,,172059,1067008,tile_analysis_131072_forward.results.log
probe,github,16,20,,mega_ring_hybrid,,128:4,,,,,,,,,,,,43904,767840,tile_analysis_131072_forward.results.log
probe,github,16,20,,mega_ring_all_cp,,124:8,,,,,,,,,,,,142778,1067008,tile_analysis_131072_forward.results.log
probe,github,16,20,,mega_ring_hybrid,,124:8,,,,,,,,,,,,43904,767840,tile_analysis_131072_forward.results.log
probe,github,16,20,,mega_ring_all_cp,,120:12,,,,,,,,,,,,140924,1067008,tile_analysis_131072_forward.results.log
probe,github,16,20,,mega_ring_hybrid,,120:12,,,,,,,,,,,,43904,767840,tile_analysis_131072_forward.results.log
probe,github,16,20,,mega_ring_all_cp,,116:16,,,,,,,,,,,,140781,1067008,tile_analysis_131072_forward.results.log
probe,github,16,20,,mega_ring_hybrid,,116:16,,,,,,,,,,,,43904,767840,tile_analysis_131072_forward.results.log
probe,github,17,20,,mega_ring_all_cp,,128:4,,,,,,,,,,,,137580,2510080,tile_analysis_131072_forward.results.log
probe,github,17,20,,mega_ring_hybrid,,128:4,,,,,,,,,,,,54270,2312544,tile_analysis_131072_forward.results.log
probe,github,17,20,,mega_ring_all_cp,,124:8,,,,,,,,,,,,114376,2510080,tile_analysis_131072_forward.results.log
probe,github,17,20,,mega_ring_hybrid,,124:8,,,,,,,,,,,,52727,2312544,tile_analysis_131072_forward.results.log
probe,github,17,20,,mega_ring_all_cp,,120:12,,,,,,,,,,,,111855,2510080,tile_analysis_131072_forward.results.log
probe,github,17,20,,mega_ring_hybrid,,120:12,,,,,,,,,,,,52915,2312544,tile_analysis_131072_forward.results.log
probe,github,17,20,,mega_ring_all_cp,,116:16,,,,,,,,,,,,112207,2510080,tile_analysis_131072_forward.results.log
probe,github,17,20,,mega_ring_hybrid,,116:16,,,,,,,,,,,,52631,2312544,tile_analysis_131072_forward.results.log
probe,github,18,20,,mega_ring_all_cp,,128:4,,,,,,,,,,,,162486,1685760,tile_analysis_131072_forward.results.log
probe,github,18,20,,mega_ring_hybrid,,128:4,,,,,,,,,,,,43490,1385472,tile_analysis_131072_forward.results.log
probe,github,18,20,,mega_ring_all_cp,,124:8,,,,,,,,,,,,136256,1685760,tile_analysis_131072_forward.results.log
probe,github,18,20,,mega_ring_hybrid,,124:8,,,,,,,,,,,,43136,1385472,tile_analysis_131072_forward.results.log
probe,github,18,20,,mega_ring_all_cp,,120:12,,,,,,,,,,,,132640,1685760,tile_analysis_131072_forward.results.log
probe,github,18,20,,mega_ring_hybrid,,120:12,,,,,,,,,,,,43136,1385472,tile_analysis_131072_forward.results.log
probe,github,18,20,,mega_ring_all_cp,,116:16,,,,,,,,,,,,132278,1685760,tile_analysis_131072_forward.results.log
probe,github,18,20,,mega_ring_hybrid,,116:16,,,,,,,,,,,,43136,1385472,tile_analysis_131072_forward.results.log
probe,github,19,20,,mega_ring_all_cp,,128:4,,,,,,,,,,,,147123,1539072,tile_analysis_131072_forward.results.log
probe,github,19,20,,mega_ring_hybrid,,128:4,,,,,,,,,,,,47311,1335488,tile_analysis_131072_forward.results.log
probe,github,19,20,,mega_ring_all_cp,,124:8,,,,,,,,,,,,122660,1539072,tile_analysis_131072_forward.results.log
probe,github,19,20,,mega_ring_hybrid,,124:8,,,,,,,,,,,,46912,1335488,tile_analysis_131072_forward.results.log
probe,github,19,20,,mega_ring_all_cp,,120:12,,,,,,,,,,,,119140,1539072,tile_analysis_131072_forward.results.log
probe,github,19,20,,mega_ring_hybrid,,120:12,,,,,,,,,,,,46912,1335488,tile_analysis_131072_forward.results.log
probe,github,19,20,,mega_ring_all_cp,,116:16,,,,,,,,,,,,120282,1539072,tile_analysis_131072_forward.results.log
probe,github,19,20,,mega_ring_hybrid,,116:16,,,,,,,,,,,,46912,1335488,tile_analysis_131072_forward.results.log
probe,github,20,20,,mega_ring_all_cp,,128:4,,,,,,,,,,,,120775,2651136,tile_analysis_131072_forward.results.log
probe,github,20,20,,mega_ring_hybrid,,128:4,,,,,,,,,,,,52338,2500608,tile_analysis_131072_forward.results.log
probe,github,20,20,,mega_ring_all_cp,,124:8,,,,,,,,,,,,100865,2651136,tile_analysis_131072_forward.results.log
probe,github,20,20,,mega_ring_hybrid,,124:8,,,,,,,,,,,,51904,2500608,tile_analysis_131072_forward.results.log
probe,github,20,20,,mega_ring_all_cp,,120:12,,,,,,,,,,,,99750,2651136,tile_analysis_131072_forward.results.log
probe,github,20,20,,mega_ring_hybrid,,120:12,,,,,,,,,,,,51904,2500608,tile_analysis_131072_forward.results.log
probe,github,20,20,,mega_ring_all_cp,,116:16,,,,,,,,,,,,98495,2651136,tile_analysis_131072_forward.results.log
probe,github,20,20,,mega_ring_hybrid,,116:16,,,,,,,,,,,,51904,2500608,tile_analysis_131072_forward.results.log
probe,pile,1,20,,mega_ring_all_cp,,128:4,,,,,,,,,,,,199699,812032,tile_analysis_131072_forward.results.log
probe,pile,1,20,,mega_ring_hybrid,,128:4,,,,,,,,,,,,39264,416640,tile_analysis_131072_forward.results.log
probe,pile,1,20,,mega_ring_all_cp,,124:8,,,,,,,,,,,,172564,812032,tile_analysis_131072_forward.results.log
probe,pile,1,20,,mega_ring_hybrid,,124:8,,,,,,,,,,,,39264,416640,tile_analysis_131072_forward.results.log
probe,pile,1,20,,mega_ring_all_cp,,120:12,,,,,,,,,,,,173828,812032,tile_analysis_131072_forward.results.log
probe,pile,1,20,,mega_ring_hybrid,,120:12,,,,,,,,,,,,39264,416640,tile_analysis_131072_forward.results.log
probe,pile,1,20,,mega_ring_all_cp,,116:16,,,,,,,,,,,,173219,812032,tile_analysis_131072_forward.results.log
probe,pile,1,20,,mega_ring_hybrid,,116:16,,,,,,,,,,,,39264,416640,tile_analysis_131072_forward.results.log
probe,pile,2,20,,mega_ring_all_cp,,128:4,,,,,,,,,,,,197398,1306368,tile_analysis_131072_forward.results.log
probe,pile,2,20,,mega_ring_hybrid,,128:4,,,,,,,,,,,,43456,950240,tile_analysis_131072_forward.results.log
probe,pile,2,20,,mega_ring_all_cp,,124:8,,,,,,,,,,,,167098,1306368,tile_analysis_131072_forward.results.log
probe,pile,2,20,,mega_ring_hybrid,,124:8,,,,,,,,,,,,43456,950240,tile_analysis_131072_forward.results.log
probe,pile,2,20,,mega_ring_all_cp,,120:12,,,,,,,,,,,,164444,1306368,tile_analysis_131072_forward.results.log
probe,pile,2,20,,mega_ring_hybrid,,120:12,,,,,,,,,,,,43456,950240,tile_analysis_131072_forward.results.log
probe,pile,2,20,,mega_ring_all_cp,,116:16,,,,,,,,,,,,167007,1306368,tile_analysis_131072_forward.results.log
probe,pile,2,20,,mega_ring_hybrid,,116:16,,,,,,,,,,,,43456,950240,tile_analysis_131072_forward.results.log
probe,pile,3,20,,mega_ring_all_cp,,128:4,,,,,,,,,,,,203925,1287680,tile_analysis_131072_forward.results.log
probe,pile,3,20,,mega_ring_hybrid,,128:4,,,,,,,,,,,,44736,876800,tile_analysis_131072_forward.results.log
probe,pile,3,20,,mega_ring_all_cp,,124:8,,,,,,,,,,,,173940,1287680,tile_analysis_131072_forward.results.log
probe,pile,3,20,,mega_ring_hybrid,,124:8,,,,,,,,,,,,44736,876800,tile_analysis_131072_forward.results.log
probe,pile,3,20,,mega_ring_all_cp,,120:12,,,,,,,,,,,,171141,1287680,tile_analysis_131072_forward.results.log
probe,pile,3,20,,mega_ring_hybrid,,120:12,,,,,,,,,,,,44736,876800,tile_analysis_131072_forward.results.log
probe,pile,3,20,,mega_ring_all_cp,,116:16,,,,,,,,,,,,169366,1287680,tile_analysis_131072_forward.results.log
probe,pile,3,20,,mega_ring_hybrid,,116:16,,,,,,,,,,,,44736,876800,tile_analysis_131072_forward.results.log
probe,pile,4,20,,mega_ring_all_cp,,128:4,,,,,,,,,,,,197582,1783552,tile_analysis_131072_forward.results.log
probe,pile,4,20,,mega_ring_hybrid,,128:4,,,,,,,,,,,,42948,1378048,tile_analysis_131072_forward.results.log
probe,pile,4,20,,mega_ring_all_cp,,124:8,,,,,,,,,,,,168891,1783552,tile_analysis_131072_forward.results.log
probe,pile,4,20,,mega_ring_hybrid,,124:8,,,,,,,,,,,,42454,1378048,tile_analysis_131072_forward.results.log
probe,pile,4,20,,mega_ring_all_cp,,120:12,,,,,,,,,,,,168862,1783552,tile_analysis_131072_forward.results.log
probe,pile,4,20,,mega_ring_hybrid,,120:12,,,,,,,,,,,,42336,1378048,tile_analysis_131072_forward.results.log
probe,pile,4,20,,mega_ring_all_cp,,116:16,,,,,,,,,,,,166638,1783552,tile_analysis_131072_forward.results.log
probe,pile,4,20,,mega_ring_hybrid,,116:16,,,,,,,,,,,,42336,1378048,tile_analysis_131072_forward.results.log
probe,pile,5,20,,mega_ring_all_cp,,128:4,,,,,,,,,,,,201735,1102080,tile_analysis_131072_forward.results.log
probe,pile,5,20,,mega_ring_hybrid,,128:4,,,,,,,,,,,,43840,706432,tile_analysis_131072_forward.results.log
probe,pile,5,20,,mega_ring_all_cp,,124:8,,,,,,,,,,,,171907,1102080,tile_analysis_131072_forward.results.log
probe,pile,5,20,,mega_ring_hybrid,,124:8,,,,,,,,,,,,43840,706432,tile_analysis_131072_forward.results.log
probe,pile,5,20,,mega_ring_all_cp,,120:12,,,,,,,,,,,,167933,1102080,tile_analysis_131072_forward.results.log
probe,pile,5,20,,mega_ring_hybrid,,120:12,,,,,,,,,,,,43840,706432,tile_analysis_131072_forward.results.log
probe,pile,5,20,,mega_ring_all_cp,,116:16,,,,,,,,,,,,168712,1102080,tile_analysis_131072_forward.results.log
probe,pile,5,20,,mega_ring_hybrid,,116:16,,,,,,,,,,,,43840,706432,tile_analysis_131072_forward.results.log
probe,pile,6,20,,mega_ring_all_cp,,128:4,,,,,,,,,,,,158648,3790848,tile_analysis_131072_forward.results.log
probe,pile,6,20,,mega_ring_hybrid,,128:4,,,,,,,,,,,,49608,3476608,tile_analysis_131072_forward.results.log
probe,pile,6,20,,mega_ring_all_cp,,124:8,,,,,,,,,,,,138025,3790848,tile_analysis_131072_forward.results.log
probe,pile,6,20,,mega_ring_hybrid,,124:8,,,,,,,,,,,,49175,3476608,tile_analysis_131072_forward.results.log
probe,pile,6,20,,mega_ring_all_cp,,120:12,,,,,,,,,,,,137371,3790848,tile_analysis_131072_forward.results.log
probe,pile,6,20,,mega_ring_hybrid,,120:12,,,,,,,,,,,,49021,3476608,tile_analysis_131072_forward.results.log
probe,pile,6,20,,mega_ring_all_cp,,116:16,,,,,,,,,,,,137099,3790848,tile_analysis_131072_forward.results.log
probe,pile,6,20,,mega_ring_hybrid,,116:16,,,,,,,,,,,,49080,3476608,tile_analysis_131072_forward.results.log
probe,pile,7,20,,mega_ring_all_cp,,128:4,,,,,,,,,,,,208010,1292544,tile_analysis_131072_forward.results.log
probe,pile,7,20,,mega_ring_hybrid,,128:4,,,,,,,,,,,,48437,865280,tile_analysis_131072_forward.results.log
probe,pile,7,20,,mega_ring_all_cp,,124:8,,,,,,,,,,,,176631,1292544,tile_analysis_131072_forward.results.log
probe,pile,7,20,,mega_ring_hybrid,,124:8,,,,,,,,,,,,46237,865280,tile_analysis_131072_forward.results.log
probe,pile,7,20,,mega_ring_all_cp,,120:12,,,,,,,,,,,,175175,1292544,tile_analysis_131072_forward.results.log
probe,pile,7,20,,mega_ring_hybrid,,120:12,,,,,,,,,,,,46472,865280,tile_analysis_131072_forward.results.log
probe,pile,7,20,,mega_ring_all_cp,,116:16,,,,,,,,,,,,176186,1292544,tile_analysis_131072_forward.results.log
probe,pile,7,20,,mega_ring_hybrid,,116:16,,,,,,,,,,,,45737,865280,tile_analysis_131072_forward.results.log
probe,pile,8,20,,mega_ring_all_cp,,128:4,,,,,,,,,,,,229455,802816,tile_analysis_131072_forward.results.log
probe,pile,8,20,,mega_ring_hybrid,,128:4,,,,,,,,,,,,35232,247680,tile_analysis_131072_forward.results.log
probe,pile,8,20,,mega_ring_all_cp,,124:8,,,,,,,,,,,,202481,802816,tile_analysis_131072_forward.results.log
probe,pile,8,20,,mega_ring_hybrid,,124:8,,,,,,,,,,,,35232,247680,tile_analysis_131072_forward.results.log
probe,pile,8,20,,mega_ring_all_cp,,120:12,,,,,,,,,,,,199754,802816,tile_analysis_131072_forward.results.log
probe,pile,8,20,,mega_ring_hybrid,,120:12,,,,,,,,,,,,35232,247680,tile_analysis_131072_forward.results.log
probe,pile,8,20,,mega_ring_all_cp,,116:16,,,,,,,,,,,,199648,802816,tile_analysis_131072_forward.results.log
probe,pile,8,20,,mega_ring_hybrid,,116:16,,,,,,,,,,,,35232,247680,tile_analysis_131072_forward.results.log
probe,pile,9,20,,mega_ring_all_cp,,128:4,,,,,,,,,,,,196408,1658624,tile_analysis_131072_forward.results.log
probe,pile,9,20,,mega_ring_hybrid,,128:4,,,,,,,,,,,,49774,1305760,tile_analysis_131072_forward.results.log
probe,pile,9,20,,mega_ring_all_cp,,124:8,,,,,,,,,,,,165138,1658624,tile_analysis_131072_forward.results.log
probe,pile,9,20,,mega_ring_hybrid,,124:8,,,,,,,,,,,,48754,1305760,tile_analysis_131072_forward.results.log
probe,pile,9,20,,mega_ring_all_cp,,120:12,,,,,,,,,,,,162621,1658624,tile_analysis_131072_forward.results.log
probe,pile,9,20,,mega_ring_hybrid,,120:12,,,,,,,,,,,,48736,1305760,tile_analysis_131072_forward.results.log
probe,pile,9,20,,mega_ring_all_cp,,116:16,,,,,,,,,,,,161918,1658624,tile_analysis_131072_forward.results.log
probe,pile,9,20,,mega_ring_hybrid,,116:16,,,,,,,,,,,,48736,1305760,tile_analysis_131072_forward.results.log
probe,pile,10,20,,mega_ring_all_cp,,128:4,,,,,,,,,,,,198134,1105920,tile_analysis_131072_forward.results.log
probe,pile,10,20,,mega_ring_hybrid,,128:4,,,,,,,,,,,,43964,733440,tile_analysis_131072_forward.results.log
probe,pile,10,20,,mega_ring_all_cp,,124:8,,,,,,,,,,,,170059,1105920,tile_analysis_131072_forward.results.log
probe,pile,10,20,,mega_ring_hybrid,,124:8,,,,,,,,,,,,43680,733440,tile_analysis_131072_forward.results.log
probe,pile,10,20,,mega_ring_all_cp,,120:12,,,,,,,,,,,,166860,1105920,tile_analysis_131072_forward.results.log
probe,pile,10,20,,mega_ring_hybrid,,120:12,,,,,,,,,,,,43680,733440,tile_analysis_131072_forward.results.log
probe,pile,10,20,,mega_ring_all_cp,,116:16,,,,,,,,,,,,163179,1105920,tile_analysis_131072_forward.results.log
probe,pile,10,20,,mega_ring_hybrid,,116:16,,,,,,,,,,,,43680,733440,tile_analysis_131072_forward.results.log
probe,pile,11,20,,mega_ring_all_cp,,128:4,,,,,,,,,,,,226807,839424,tile_analysis_131072_forward.results.log
probe,pile,11,20,,mega_ring_hybrid,,128:4,,,,,,,,,,,,35904,292608,tile_analysis_131072_forward.results.log
probe,pile,11,20,,mega_ring_all_cp,,124:8,,,,,,,,,,,,200877,839424,tile_analysis_131072_forward.results.log
probe,pile,11,20,,mega_ring_hybrid,,124:8,,,,,,,,,,,,35904,292608,tile_analysis_131072_forward.results.log
probe,pile,11,20,,mega_ring_all_cp,,120:12,,,,,,,,,,,,198082,839424,tile_analysis_131072_forward.results.log
probe,pile,11,20,,mega_ring_hybrid,,120:12,,,,,,,,,,,,35904,292608,tile_analysis_131072_forward.results.log
probe,pile,11,20,,mega_ring_all_cp,,116:16,,,,,,,,,,,,197335,839424,tile_analysis_131072_forward.results.log
probe,pile,11,20,,mega_ring_hybrid,,116:16,,,,,,,,,,,,35904,292608,tile_analysis_131072_forward.results.log
probe,pile,12,20,,mega_ring_all_cp,,128:4,,,,,,,,,,,,179204,1865728,tile_analysis_131072_forward.results.log
probe,pile,12,20,,mega_ring_hybrid,,128:4,,,,,,,,,,,,46309,1529792,tile_analysis_131072_forward.results.log
probe,pile,12,20,,mega_ring_all_cp,,124:8,,,,,,,,,,,,151563,1865728,tile_analysis_131072_forward.results.log
probe,pile,12,20,,mega_ring_hybrid,,124:8,,,,,,,,,,,,45833,1529792,tile_analysis_131072_forward.results.log
probe,pile,12,20,,mega_ring_all_cp,,120:12,,,,,,,,,,,,148612,1865728,tile_analysis_131072_forward.results.log
probe,pile,12,20,,mega_ring_hybrid,,120:12,,,,,,,,,,,,45536,1529792,tile_analysis_131072_forward.results.log
probe,pile,12,20,,mega_ring_all_cp,,116:16,,,,,,,,,,,,151255,1865728,tile_analysis_131072_forward.results.log
probe,pile,12,20,,mega_ring_hybrid,,116:16,,,,,,,,,,,,45536,1529792,tile_analysis_131072_forward.results.log
probe,pile,13,20,,mega_ring_all_cp,,128:4,,,,,,,,,,,,214530,1016064,tile_analysis_131072_forward.results.log
probe,pile,13,20,,mega_ring_hybrid,,128:4,,,,,,,,,,,,39697,531552,tile_analysis_131072_forward.results.log
probe,pile,13,20,,mega_ring_all_cp,,124:8,,,,,,,,,,,,185808,1016064,tile_analysis_131072_forward.results.log
probe,pile,13,20,,mega_ring_hybrid,,124:8,,,,,,,,,,,,39584,531552,tile_analysis_131072_forward.results.log
probe,pile,13,20,,mega_ring_all_cp,,120:12,,,,,,,,,,,,182997,1016064,tile_analysis_131072_forward.results.log
probe,pile,13,20,,mega_ring_hybrid,,120:12,,,,,,,,,,,,39584,531552,tile_analysis_131072_forward.results.log
probe,pile,13,20,,mega_ring_all_cp,,116:16,,,,,,,,,,,,183710,1016064,tile_analysis_131072_forward.results.log
probe,pile,13,20,,mega_ring_hybrid,,116:16,,,,,,,,,,,,39584,531552,tile_analysis_131072_forward.results.log
probe,pile,14,20,,mega_ring_all_cp,,128:4,,,,,,,,,,,,233463,926720,tile_analysis_131072_forward.results.log
probe,pile,14,20,,mega_ring_hybrid,,128:4,,,,,,,,,,,,38104,333152,tile_analysis_131072_forward.results.log
probe,pile,14,20,,mega_ring_all_cp,,124:8,,,,,,,,,,,,205702,926720,tile_analysis_131072_forward.results.log
probe,pile,14,20,,mega_ring_hybrid,,124:8,,,,,,,,,,,,38048,333152,tile_analysis_131072_forward.results.log
probe,pile,14,20,,mega_ring_all_cp,,120:12,,,,,,,,,,,,206015,926720,tile_analysis_131072_forward.results.log
probe,pile,14,20,,mega_ring_hybrid,,120:12,,,,,,,,,,,,38048,333152,tile_analysis_131072_forward.results.log
probe,pile,14,20,,mega_ring_all_cp,,116:16,,,,,,,,,,,,203849,926720,tile_analysis_131072_forward.results.log
probe,pile,14,20,,mega_ring_hybrid,,116:16,,,,,,,,,,,,38048,333152,tile_analysis_131072_forward.results.log
probe,pile,15,20,,mega_ring_all_cp,,128:4,,,,,,,,,,,,211867,900864,tile_analysis_131072_forward.results.log
probe,pile,15,20,,mega_ring_hybrid,,128:4,,,,,,,,,,,,40512,448768,tile_analysis_131072_forward.results.log
probe,pile,15,20,,mega_ring_all_cp,,124:8,,,,,,,,,,,,184477,900864,tile_analysis_131072_forward.results.log
probe,pile,15,20,,mega_ring_hybrid,,124:8,,,,,,,,,,,,40512,448768,tile_analysis_131072_forward.results.log
probe,pile,15,20,,mega_ring_all_cp,,120:12,,,,,,,,,,,,180516,900864,tile_analysis_131072_forward.results.log
probe,pile,15,20,,mega_ring_hybrid,,120:12,,,,,,,,,,,,40512,448768,tile_analysis_131072_forward.results.log
probe,pile,15,20,,mega_ring_all_cp,,116:16,,,,,,,,,,,,179247,900864,tile_analysis_131072_forward.results.log
probe,pile,15,20,,mega_ring_hybrid,,116:16,,,,,,,,,,,,40512,448768,tile_analysis_131072_forward.results.log
probe,pile,16,20,,mega_ring_all_cp,,128:4,,,,,,,,,,,,186699,1328896,tile_analysis_131072_forward.results.log
probe,pile,16,20,,mega_ring_hybrid,,128:4,,,,,,,,,,,,44032,986880,tile_analysis_131072_forward.results.log
probe,pile,16,20,,mega_ring_all_cp,,124:8,,,,,,,,,,,,156999,1328896,tile_analysis_131072_forward.results.log
probe,pile,16,20,,mega_ring_hybrid,,124:8,,,,,,,,,,,,44032,986880,tile_analysis_131072_forward.results.log
probe,pile,16,20,,mega_ring_all_cp,,120:12,,,,,,,,,,,,153984,1328896,tile_analysis_131072_forward.results.log
probe,pile,16,20,,mega_ring_hybrid,,120:12,,,,,,,,,,,,44032,986880,tile_analysis_131072_forward.results.log
probe,pile,16,20,,mega_ring_all_cp,,116:16,,,,,,,,,,,,153523,1328896,tile_analysis_131072_forward.results.log
probe,pile,16,20,,mega_ring_hybrid,,116:16,,,,,,,,,,,,44032,986880,tile_analysis_131072_forward.results.log
probe,pile,17,20,,mega_ring_all_cp,,128:4,,,,,,,,,,,,223171,940544,tile_analysis_131072_forward.results.log
probe,pile,17,20,,mega_ring_hybrid,,128:4,,,,,,,,,,,,39328,428288,tile_analysis_131072_forward.results.log
probe,pile,17,20,,mega_ring_all_cp,,124:8,,,,,,,,,,,,194821,940544,tile_analysis_131072_forward.results.log
probe,pile,17,20,,mega_ring_hybrid,,124:8,,,,,,,,,,,,39328,428288,tile_analysis_131072_forward.results.log
probe,pile,17,20,,mega_ring_all_cp,,120:12,,,,,,,,,,,,192819,940544,tile_analysis_131072_forward.results.log
probe,pile,17,20,,mega_ring_hybrid,,120:12,,,,,,,,,,,,39328,428288,tile_analysis_131072_forward.results.log
probe,pile,17,20,,mega_ring_all_cp,,116:16,,,,,,,,,,,,191162,940544,tile_analysis_131072_forward.results.log
probe,pile,17,20,,mega_ring_hybrid,,116:16,,,,,,,,,,,,39328,428288,tile_analysis_131072_forward.results.log
probe,pile,18,20,,mega_ring_all_cp,,128:4,,,,,,,,,,,,196156,918016,tile_analysis_131072_forward.results.log
probe,pile,18,20,,mega_ring_hybrid,,128:4,,,,,,,,,,,,39040,519264,tile_analysis_131072_forward.results.log
probe,pile,18,20,,mega_ring_all_cp,,124:8,,,,,,,,,,,,168921,918016,tile_analysis_131072_forward.results.log
probe,pile,18,20,,mega_ring_hybrid,,124:8,,,,,,,,,,,,39040,519264,tile_analysis_131072_forward.results.log
probe,pile,18,20,,mega_ring_all_cp,,120:12,,,,,,,,,,,,166194,918016,tile_analysis_131072_forward.results.log
probe,pile,18,20,,mega_ring_hybrid,,120:12,,,,,,,,,,,,39040,519264,tile_analysis_131072_forward.results.log
probe,pile,18,20,,mega_ring_all_cp,,116:16,,,,,,,,,,,,165841,918016,tile_analysis_131072_forward.results.log
probe,pile,18,20,,mega_ring_hybrid,,116:16,,,,,,,,,,,,39040,519264,tile_analysis_131072_forward.results.log
probe,pile,19,20,,mega_ring_all_cp,,128:4,,,,,,,,,,,,204985,1045760,tile_analysis_131072_forward.results.log
probe,pile,19,20,,mega_ring_hybrid,,128:4,,,,,,,,,,,,43367,627968,tile_analysis_131072_forward.results.log
probe,pile,19,20,,mega_ring_all_cp,,124:8,,,,,,,,,,,,174685,1045760,tile_analysis_131072_forward.results.log
probe,pile,19,20,,mega_ring_hybrid,,124:8,,,,,,,,,,,,42704,627968,tile_analysis_131072_forward.results.log
probe,pile,19,20,,mega_ring_all_cp,,120:12,,,,,,,,,,,,174335,1045760,tile_analysis_131072_forward.results.log
probe,pile,19,20,,mega_ring_hybrid,,120:12,,,,,,,,,,,,42368,627968,tile_analysis_131072_forward.results.log
probe,pile,19,20,,mega_ring_all_cp,,116:16,,,,,,,,,,,,173062,1045760,tile_analysis_131072_forward.results.log
probe,pile,19,20,,mega_ring_hybrid,,116:16,,,,,,,,,,,,42368,627968,tile_analysis_131072_forward.results.log
probe,pile,20,20,,mega_ring_all_cp,,128:4,,,,,,,,,,,,217530,1119232,tile_analysis_131072_forward.results.log
probe,pile,20,20,,mega_ring_hybrid,,128:4,,,,,,,,,,,,39920,629248,tile_analysis_131072_forward.results.log
probe,pile,20,20,,mega_ring_all_cp,,124:8,,,,,,,,,,,,187299,1119232,tile_analysis_131072_forward.results.log
probe,pile,20,20,,mega_ring_hybrid,,124:8,,,,,,,,,,,,39680,629248,tile_analysis_131072_forward.results.log
probe,pile,20,20,,mega_ring_all_cp,,120:12,,,,,,,,,,,,185971,1119232,tile_analysis_131072_forward.results.log
probe,pile,20,20,,mega_ring_hybrid,,120:12,,,,,,,,,,,,39680,629248,tile_analysis_131072_forward.results.log
probe,pile,20,20,,mega_ring_all_cp,,116:16,,,,,,,,,,,,185348,1119232,tile_analysis_131072_forward.results.log
probe,pile,20,20,,mega_ring_hybrid,,116:16,,,,,,,,,,,,39680,629248,tile_analysis_131072_forward.results.log
probe,prolong,1,20,,mega_ring_all_cp,,128:4,,,,,,,,,,,,65458,8404992,tile_analysis_131072_forward.results.log
probe,prolong,1,20,,mega_ring_hybrid,,128:4,,,,,,,,,,,,61440,8404992,tile_analysis_131072_forward.results.log
probe,prolong,1,20,,mega_ring_all_cp,,124:8,,,,,,,,,,,,63934,8404992,tile_analysis_131072_forward.results.log
probe,prolong,1,20,,mega_ring_hybrid,,124:8,,,,,,,,,,,,61440,8404992,tile_analysis_131072_forward.results.log
probe,prolong,1,20,,mega_ring_all_cp,,120:12,,,,,,,,,,,,63620,8404992,tile_analysis_131072_forward.results.log
probe,prolong,1,20,,mega_ring_hybrid,,120:12,,,,,,,,,,,,61440,8404992,tile_analysis_131072_forward.results.log
probe,prolong,1,20,,mega_ring_all_cp,,116:16,,,,,,,,,,,,64514,8404992,tile_analysis_131072_forward.results.log
probe,prolong,1,20,,mega_ring_hybrid,,116:16,,,,,,,,,,,,61440,8404992,tile_analysis_131072_forward.results.log
probe,prolong,2,20,,mega_ring_all_cp,,128:4,,,,,,,,,,,,66491,8409344,tile_analysis_131072_forward.results.log
probe,prolong,2,20,,mega_ring_hybrid,,128:4,,,,,,,,,,,,61504,8405088,tile_analysis_131072_forward.results.log
probe,prolong,2,20,,mega_ring_all_cp,,124:8,,,,,,,,,,,,64744,8409344,tile_analysis_131072_forward.results.log
probe,prolong,2,20,,mega_ring_hybrid,,124:8,,,,,,,,,,,,61504,8405088,tile_analysis_131072_forward.results.log
probe,prolong,2,20,,mega_ring_all_cp,,120:12,,,,,,,,,,,,64739,8409344,tile_analysis_131072_forward.results.log
probe,prolong,2,20,,mega_ring_hybrid,,120:12,,,,,,,,,,,,61504,8405088,tile_analysis_131072_forward.results.log
probe,prolong,2,20,,mega_ring_all_cp,,116:16,,,,,,,,,,,,64677,8409344,tile_analysis_131072_forward.results.log
probe,prolong,2,20,,mega_ring_hybrid,,116:16,,,,,,,,,,,,61504,8405088,tile_analysis_131072_forward.results.log
probe,prolong,3,20,,mega_ring_all_cp,,128:4,,,,,,,,,,,,65317,8404992,tile_analysis_131072_forward.results.log
probe,prolong,3,20,,mega_ring_hybrid,,128:4,,,,,,,,,,,,61440,8404992,tile_analysis_131072_forward.results.log
probe,prolong,3,20,,mega_ring_all_cp,,124:8,,,,,,,,,,,,63879,8404992,tile_analysis_131072_forward.results.log
probe,prolong,3,20,,mega_ring_hybrid,,124:8,,,,,,,,,,,,61440,8404992,tile_analysis_131072_forward.results.log
probe,prolong,3,20,,mega_ring_all_cp,,120:12,,,,,,,,,,,,63621,8404992,tile_analysis_131072_forward.results.log
probe,prolong,3,20,,mega_ring_hybrid,,120:12,,,,,,,,,,,,61440,8404992,tile_analysis_131072_forward.results.log
probe,prolong,3,20,,mega_ring_all_cp,,116:16,,,,,,,,,,,,63900,8404992,tile_analysis_131072_forward.results.log
probe,prolong,3,20,,mega_ring_hybrid,,116:16,,,,,,,,,,,,61440,8404992,tile_analysis_131072_forward.results.log
probe,prolong,4,20,,mega_ring_all_cp,,128:4,,,,,,,,,,,,65278,8404992,tile_analysis_131072_forward.results.log
probe,prolong,4,20,,mega_ring_hybrid,,128:4,,,,,,,,,,,,61440,8404992,tile_analysis_131072_forward.results.log
probe,prolong,4,20,,mega_ring_all_cp,,124:8,,,,,,,,,,,,63785,8404992,tile_analysis_131072_forward.results.log
probe,prolong,4,20,,mega_ring_hybrid,,124:8,,,,,,,,,,,,61440,8404992,tile_analysis_131072_forward.results.log
probe,prolong,4,20,,mega_ring_all_cp,,120:12,,,,,,,,,,,,63965,8404992,tile_analysis_131072_forward.results.log
probe,prolong,4,20,,mega_ring_hybrid,,120:12,,,,,,,,,,,,61440,8404992,tile_analysis_131072_forward.results.log
probe,prolong,4,20,,mega_ring_all_cp,,116:16,,,,,,,,,,,,63905,8404992,tile_analysis_131072_forward.results.log
probe,prolong,4,20,,mega_ring_hybrid,,116:16,,,,,,,,,,,,61440,8404992,tile_analysis_131072_forward.results.log
probe,prolong,5,20,,mega_ring_all_cp,,128:4,,,,,,,,,,,,65368,8404992,tile_analysis_131072_forward.results.log
probe,prolong,5,20,,mega_ring_hybrid,,128:4,,,,,,,,,,,,61440,8404992,tile_analysis_131072_forward.results.log
probe,prolong,5,20,,mega_ring_all_cp,,124:8,,,,,,,,,,,,63967,8404992,tile_analysis_131072_forward.results.log
probe,prolong,5,20,,mega_ring_hybrid,,124:8,,,,,,,,,,,,61440,8404992,tile_analysis_131072_forward.results.log
probe,prolong,5,20,,mega_ring_all_cp,,120:12,,,,,,,,,,,,63687,8404992,tile_analysis_131072_forward.results.log
probe,prolong,5,20,,mega_ring_hybrid,,120:12,,,,,,,,,,,,61440,8404992,tile_analysis_131072_forward.results.log
probe,prolong,5,20,,mega_ring_all_cp,,116:16,,,,,,,,,,,,63776,8404992,tile_analysis_131072_forward.results.log
probe,prolong,5,20,,mega_ring_hybrid,,116:16,,,,,,,,,,,,61440,8404992,tile_analysis_131072_forward.results.log
probe,prolong,6,20,,mega_ring_all_cp,,128:4,,,,,,,,,,,,68390,6975744,tile_analysis_131072_forward.results.log
probe,prolong,6,20,,mega_ring_hybrid,,128:4,,,,,,,,,,,,66988,6972064,tile_analysis_131072_forward.results.log
probe,prolong,6,20,,mega_ring_all_cp,,124:8,,,,,,,,,,,,65324,6975744,tile_analysis_131072_forward.results.log
probe,prolong,6,20,,mega_ring_hybrid,,124:8,,,,,,,,,,,,64677,6972064,tile_analysis_131072_forward.results.log
probe,prolong,6,20,,mega_ring_all_cp,,120:12,,,,,,,,,,,,65314,6975744,tile_analysis_131072_forward.results.log
probe,prolong,6,20,,mega_ring_hybrid,,120:12,,,,,,,,,,,,64428,6972064,tile_analysis_131072_forward.results.log
probe,prolong,6,20,,mega_ring_all_cp,,116:16,,,,,,,,,,,,65651,6975744,tile_analysis_131072_forward.results.log
probe,prolong,6,20,,mega_ring_hybrid,,116:16,,,,,,,,,,,,64498,6972064,tile_analysis_131072_forward.results.log
probe,prolong,7,20,,mega_ring_all_cp,,128:4,,,,,,,,,,,,67618,8413696,tile_analysis_131072_forward.results.log
probe,prolong,7,20,,mega_ring_hybrid,,128:4,,,,,,,,,,,,61760,8405984,tile_analysis_131072_forward.results.log
probe,prolong,7,20,,mega_ring_all_cp,,124:8,,,,,,,,,,,,65987,8413696,tile_analysis_131072_forward.results.log
probe,prolong,7,20,,mega_ring_hybrid,,124:8,,,,,,,,,,,,61760,8405984,tile_analysis_131072_forward.results.log
probe,prolong,7,20,,mega_ring_all_cp,,120:12,,,,,,,,,,,,66033,8413696,tile_analysis_131072_forward.results.log
probe,prolong,7,20,,mega_ring_hybrid,,120:12,,,,,,,,,,,,61760,8405984,tile_analysis_131072_forward.results.log
probe,prolong,7,20,,mega_ring_all_cp,,116:16,,,,,,,,,,,,65795,8413696,tile_analysis_131072_forward.results.log
probe,prolong,7,20,,mega_ring_hybrid,,116:16,,,,,,,,,,,,61760,8405984,tile_analysis_131072_forward.results.log
probe,prolong,8,20,,mega_ring_all_cp,,128:4,,,,,,,,,,,,66561,8409344,tile_analysis_131072_forward.results.log
probe,prolong,8,20,,mega_ring_hybrid,,128:4,,,,,,,,,,,,61888,8406144,tile_analysis_131072_forward.results.log
probe,prolong,8,20,,mega_ring_all_cp,,124:8,,,,,,,,,,,,64866,8409344,tile_analysis_131072_forward.results.log
probe,prolong,8,20,,mega_ring_hybrid,,124:8,,,,,,,,,,,,61888,8406144,tile_analysis_131072_forward.results.log
probe,prolong,8,20,,mega_ring_all_cp,,120:12,,,,,,,,,,,,64737,8409344,tile_analysis_131072_forward.results.log
probe,prolong,8,20,,mega_ring_hybrid,,120:12,,,,,,,,,,,,61888,8406144,tile_analysis_131072_forward.results.log
probe,prolong,8,20,,mega_ring_all_cp,,116:16,,,,,,,,,,,,65099,8409344,tile_analysis_131072_forward.results.log
probe,prolong,8,20,,mega_ring_hybrid,,116:16,,,,,,,,,,,,61888,8406144,tile_analysis_131072_forward.results.log
probe,prolong,9,20,,mega_ring_all_cp,,128:4,,,,,,,,,,,,67572,8413696,tile_analysis_131072_forward.results.log
probe,prolong,9,20,,mega_ring_hybrid,,128:4,,,,,,,,,,,,61696,8405632,tile_analysis_131072_forward.results.log
probe,prolong,9,20,,mega_ring_all_cp,,124:8,,,,,,,,,,,,66041,8413696,tile_analysis_131072_forward.results.log
probe,prolong,9,20,,mega_ring_hybrid,,124:8,,,,,,,,,,,,61696,8405632,tile_analysis_131072_forward.results.log
probe,prolong,9,20,,mega_ring_all_cp,,120:12,,,,,,,,,,,,65699,8413696,tile_analysis_131072_forward.results.log
probe,prolong,9,20,,mega_ring_hybrid,,120:12,,,,,,,,,,,,61696,8405632,tile_analysis_131072_forward.results.log
probe,prolong,9,20,,mega_ring_all_cp,,116:16,,,,,,,,,,,,66241,8413696,tile_analysis_131072_forward.results.log
probe,prolong,9,20,,mega_ring_hybrid,,116:16,,,,,,,,,,,,61696,8405632,tile_analysis_131072_forward.results.log
probe,prolong,10,20,,mega_ring_all_cp,,128:4,,,,,,,,,,,,66396,8409344,tile_analysis_131072_forward.results.log
probe,prolong,10,20,,mega_ring_hybrid,,128:4,,,,,,,,,,,,61568,8405312,tile_analysis_131072_forward.results.log
probe,prolong,10,20,,mega_ring_all_cp,,124:8,,,,,,,,,,,,65025,8409344,tile_analysis_131072_forward.results.log
probe,prolong,10,20,,mega_ring_hybrid,,124:8,,,,,,,,,,,,61568,8405312,tile_analysis_131072_forward.results.log
probe,prolong,10,20,,mega_ring_all_cp,,120:12,,,,,,,,,,,,64710,8409344,tile_analysis_131072_forward.results.log
probe,prolong,10,20,,mega_ring_hybrid,,120:12,,,,,,,,,,,,61568,8405312,tile_analysis_131072_forward.results.log
probe,prolong,10,20,,mega_ring_all_cp,,116:16,,,,,,,,,,,,65009,8409344,tile_analysis_131072_forward.results.log
probe,prolong,10,20,,mega_ring_hybrid,,116:16,,,,,,,,,,,,61568,8405312,tile_analysis_131072_forward.results.log
probe,prolong,11,20,,mega_ring_all_cp,,128:4,,,,,,,,,,,,65266,8404992,tile_analysis_131072_forward.results.log
probe,prolong,11,20,,mega_ring_hybrid,,128:4,,,,,,,,,,,,61440,8404992,tile_analysis_131072_forward.results.log
probe,prolong,11,20,,mega_ring_all_cp,,124:8,,,,,,,,,,,,63783,8404992,tile_analysis_131072_forward.results.log
probe,prolong,11,20,,mega_ring_hybrid,,124:8,,,,,,,,,,,,61440,8404992,tile_analysis_131072_forward.results.log
probe,prolong,11,20,,mega_ring_all_cp,,120:12,,,,,,,,,,,,63713,8404992,tile_analysis_131072_forward.results.log
probe,prolong,11,20,,mega_ring_hybrid,,120:12,,,,,,,,,,,,61440,8404992,tile_analysis_131072_forward.results.log
probe,prolong,11,20,,mega_ring_all_cp,,116:16,,,,,,,,,,,,63939,8404992,tile_analysis_131072_forward.results.log
probe,prolong,11,20,,mega_ring_hybrid,,116:16,,,,,,,,,,,,61440,8404992,tile_analysis_131072_forward.results.log
probe,prolong,12,20,,mega_ring_all_cp,,128:4,,,,,,,,,,,,65677,7913472,tile_analysis_131072_forward.results.log
probe,prolong,12,20,,mega_ring_hybrid,,128:4,,,,,,,,,,,,65498,7913472,tile_analysis_131072_forward.results.log
probe,prolong,12,20,,mega_ring_all_cp,,124:8,,,,,,,,,,,,64040,7913472,tile_analysis_131072_forward.results.log
probe,prolong,12,20,,mega_ring_hybrid,,124:8,,,,,,,,,,,,64148,7913472,tile_analysis_131072_forward.results.log
probe,prolong,12,20,,mega_ring_all_cp,,120:12,,,,,,,,,,,,64038,7913472,tile_analysis_131072_forward.results.log
probe,prolong,12,20,,mega_ring_hybrid,,120:12,,,,,,,,,,,,63992,7913472,tile_analysis_131072_forward.results.log
probe,prolong,12,20,,mega_ring_all_cp,,116:16,,,,,,,,,,,,64046,7913472,tile_analysis_131072_forward.results.log
probe,prolong,12,20,,mega_ring_hybrid,,116:16,,,,,,,,,,,,63619,7913472,tile_analysis_131072_forward.results.log
probe,prolong,13,20,,mega_ring_all_cp,,128:4,,,,,,,,,,,,65289,8404992,tile_analysis_131072_forward.results.log
probe,prolong,13,20,,mega_ring_hybrid,,128:4,,,,,,,,,,,,61440,8404992,tile_analysis_131072_forward.results.log
probe,prolong,13,20,,mega_ring_all_cp,,124:8,,,,,,,,,,,,64087,8404992,tile_analysis_131072_forward.results.log
probe,prolong,13,20,,mega_ring_hybrid,,124:8,,,,,,,,,,,,61440,8404992,tile_analysis_131072_forward.results.log
probe,prolong,13,20,,mega_ring_all_cp,,120:12,,,,,,,,,,,,63746,8404992,tile_analysis_131072_forward.results.log
probe,prolong,13,20,,mega_ring_hybrid,,120:12,,,,,,,,,,,,61440,8404992,tile_analysis_131072_forward.results.log
probe,prolong,13,20,,mega_ring_all_cp,,116:16,,,,,,,,,,,,64009,8404992,tile_analysis_131072_forward.results.log
probe,prolong,13,20,,mega_ring_hybrid,,116:16,,,,,,,,,,,,61440,8404992,tile_analysis_131072_forward.results.log
probe,prolong,14,20,,mega_ring_all_cp,,128:4,,,,,,,,,,,,66423,8409344,tile_analysis_131072_forward.results.log
probe,prolong,14,20,,mega_ring_hybrid,,128:4,,,,,,,,,,,,61568,8405312,tile_analysis_131072_forward.results.log
probe,prolong,14,20,,mega_ring_all_cp,,124:8,,,,,,,,,,,,65053,8409344,tile_analysis_131072_forward.results.log
probe,prolong,14,20,,mega_ring_hybrid,,124:8,,,,,,,,,,,,61568,8405312,tile_analysis_131072_forward.results.log
probe,prolong,14,20,,mega_ring_all_cp,,120:12,,,,,,,,,,,,64710,8409344,tile_analysis_131072_forward.results.log
probe,prolong,14,20,,mega_ring_hybrid,,120:12,,,,,,,,,,,,61568,8405312,tile_analysis_131072_forward.results.log
probe,prolong,14,20,,mega_ring_all_cp,,116:16,,,,,,,,,,,,64846,8409344,tile_analysis_131072_forward.results.log
probe,prolong,14,20,,mega_ring_hybrid,,116:16,,,,,,,,,,,,61568,8405312,tile_analysis_131072_forward.results.log
probe,prolong,15,20,,mega_ring_all_cp,,128:4,,,,,,,,,,,,68765,8418048,tile_analysis_131072_forward.results.log
probe,prolong,15,20,,mega_ring_hybrid,,128:4,,,,,,,,,,,,61696,8405504,tile_analysis_131072_forward.results.log
probe,prolong,15,20,,mega_ring_all_cp,,124:8,,,,,,,,,,,,67140,8418048,tile_analysis_131072_forward.results.log
probe,prolong,15,20,,mega_ring_hybrid,,124:8,,,,,,,,,,,,61696,8405504,tile_analysis_131072_forward.results.log
probe,prolong,15,20,,mega_ring_all_cp,,120:12,,,,,,,,,,,,67075,8418048,tile_analysis_131072_forward.results.log
probe,prolong,15,20,,mega_ring_hybrid,,120:12,,,,,,,,,,,,61696,8405504,tile_analysis_131072_forward.results.log
probe,prolong,15,20,,mega_ring_all_cp,,116:16,,,,,,,,,,,,67171,8418048,tile_analysis_131072_forward.results.log
probe,prolong,15,20,,mega_ring_hybrid,,116:16,,,,,,,,,,,,61696,8405504,tile_analysis_131072_forward.results.log
probe,prolong,16,20,,mega_ring_all_cp,,128:4,,,,,,,,,,,,65449,8404992,tile_analysis_131072_forward.results.log
probe,prolong,16,20,,mega_ring_hybrid,,128:4,,,,,,,,,,,,61440,8404992,tile_analysis_131072_forward.results.log
probe,prolong,16,20,,mega_ring_all_cp,,124:8,,,,,,,,,,,,63941,8404992,tile_analysis_131072_forward.results.log
probe,prolong,16,20,,mega_ring_hybrid,,124:8,,,,,,,,,,,,61440,8404992,tile_analysis_131072_forward.results.log
probe,prolong,16,20,,mega_ring_all_cp,,120:12,,,,,,,,,,,,63745,8404992,tile_analysis_131072_forward.results.log
probe,prolong,16,20,,mega_ring_hybrid,,120:12,,,,,,,,,,,,61440,8404992,tile_analysis_131072_forward.results.log
probe,prolong,16,20,,mega_ring_all_cp,,116:16,,,,,,,,,,,,63790,8404992,tile_analysis_131072_forward.results.log
probe,prolong,16,20,,mega_ring_hybrid,,116:16,,,,,,,,,,,,61440,8404992,tile_analysis_131072_forward.results.log
probe,prolong,17,20,,mega_ring_all_cp,,128:4,,,,,,,,,,,,66709,8155392,tile_analysis_131072_forward.results.log
probe,prolong,17,20,,mega_ring_hybrid,,128:4,,,,,,,,,,,,61504,8151360,tile_analysis_131072_forward.results.log
probe,prolong,17,20,,mega_ring_all_cp,,124:8,,,,,,,,,,,,65207,8155392,tile_analysis_131072_forward.results.log
probe,prolong,17,20,,mega_ring_hybrid,,124:8,,,,,,,,,,,,61504,8151360,tile_analysis_131072_forward.results.log
probe,prolong,17,20,,mega_ring_all_cp,,120:12,,,,,,,,,,,,64760,8155392,tile_analysis_131072_forward.results.log
probe,prolong,17,20,,mega_ring_hybrid,,120:12,,,,,,,,,,,,61504,8151360,tile_analysis_131072_forward.results.log
probe,prolong,17,20,,mega_ring_all_cp,,116:16,,,,,,,,,,,,65225,8155392,tile_analysis_131072_forward.results.log
probe,prolong,17,20,,mega_ring_hybrid,,116:16,,,,,,,,,,,,61504,8151360,tile_analysis_131072_forward.results.log
probe,prolong,18,20,,mega_ring_all_cp,,128:4,,,,,,,,,,,,68683,6607104,tile_analysis_131072_forward.results.log
probe,prolong,18,20,,mega_ring_hybrid,,128:4,,,,,,,,,,,,67603,6603424,tile_analysis_131072_forward.results.log
probe,prolong,18,20,,mega_ring_all_cp,,124:8,,,,,,,,,,,,65880,6607104,tile_analysis_131072_forward.results.log
probe,prolong,18,20,,mega_ring_hybrid,,124:8,,,,,,,,,,,,64918,6603424,tile_analysis_131072_forward.results.log
probe,prolong,18,20,,mega_ring_all_cp,,120:12,,,,,,,,,,,,65511,6607104,tile_analysis_131072_forward.results.log
probe,prolong,18,20,,mega_ring_hybrid,,120:12,,,,,,,,,,,,64637,6603424,tile_analysis_131072_forward.results.log
probe,prolong,18,20,,mega_ring_all_cp,,116:16,,,,,,,,,,,,65521,6607104,tile_analysis_131072_forward.results.log
probe,prolong,18,20,,mega_ring_hybrid,,116:16,,,,,,,,,,,,65000,6603424,tile_analysis_131072_forward.results.log
probe,prolong,19,20,,mega_ring_all_cp,,128:4,,,,,,,,,,,,67689,8413696,tile_analysis_131072_forward.results.log
probe,prolong,19,20,,mega_ring_hybrid,,128:4,,,,,,,,,,,,61696,8405632,tile_analysis_131072_forward.results.log
probe,prolong,19,20,,mega_ring_all_cp,,124:8,,,,,,,,,,,,66132,8413696,tile_analysis_131072_forward.results.log
probe,prolong,19,20,,mega_ring_hybrid,,124:8,,,,,,,,,,,,61696,8405632,tile_analysis_131072_forward.results.log
probe,prolong,19,20,,mega_ring_all_cp,,120:12,,,,,,,,,,,,65539,8413696,tile_analysis_131072_forward.results.log
probe,prolong,19,20,,mega_ring_hybrid,,120:12,,,,,,,,,,,,61696,8405632,tile_analysis_131072_forward.results.log
probe,prolong,19,20,,mega_ring_all_cp,,116:16,,,,,,,,,,,,66015,8413696,tile_analysis_131072_forward.results.log
probe,prolong,19,20,,mega_ring_hybrid,,116:16,,,,,,,,,,,,61696,8405632,tile_analysis_131072_forward.results.log
probe,prolong,20,20,,mega_ring_all_cp,,128:4,,,,,,,,,,,,65284,8404992,tile_analysis_131072_forward.results.log
probe,prolong,20,20,,mega_ring_hybrid,,128:4,,,,,,,,,,,,61440,8404992,tile_analysis_131072_forward.results.log
probe,prolong,20,20,,mega_ring_all_cp,,124:8,,,,,,,,,,,,63786,8404992,tile_analysis_131072_forward.results.log
probe,prolong,20,20,,mega_ring_hybrid,,124:8,,,,,,,,,,,,61440,8404992,tile_analysis_131072_forward.results.log
probe,prolong,20,20,,mega_ring_all_cp,,120:12,,,,,,,,,,,,63785,8404992,tile_analysis_131072_forward.results.log
probe,prolong,20,20,,mega_ring_hybrid,,120:12,,,,,,,,,,,,61440,8404992,tile_analysis_131072_forward.results.log
probe,prolong,20,20,,mega_ring_all_cp,,116:16,,,,,,,,,,,,63744,8404992,tile_analysis_131072_forward.results.log
probe,prolong,20,20,,mega_ring_hybrid,,116:16,,,,,,,,,,,,61440,8404992,tile_analysis_131072_forward.results.log
