CUDA_VISIBLE_DEVICES=0\,1\,2\,3\,4\,5\,6\,7 /home/hychen/min_fa3_demo/.venv/bin/torchrun --standalone --nproc_per_node=8 --module dcp_test.benchmark_dcp_mega_batch --config dcp_test/configs/dcp_mega_six_loads.json --trace-config dcp_test/trace/example_config.json --trace-cases /home/hychen/min_fa3_demo/benchmark_logs/experiment_suite/20260812-231044-dcp-cp-suite/01_dcp_wave/results/arrival_1/dcp_4/trace/cases.jsonl --trace-arrival-time-scale 1 --trace-dcp-size 4 --num-cases 100 --dcp-sizes 4 --implementations mega --num-splits 0 --mega-block-n auto --mega-num-comm-sms 16 --warmup 40 --iters 60 --no-check --no-cuda-graph --no-mega-phase-timestamps --no-baseline-phase-timing --no-mega-scheduler-heuristic --mega-history-order fifo --output-dir /home/hychen/min_fa3_demo/benchmark_logs/experiment_suite/20260812-231044-dcp-cp-suite/01_dcp_wave/results/arrival_1/dcp_4/fa3_native_fifo --manifest /home/hychen/min_fa3_demo/benchmark_logs/experiment_suite/20260812-231044-dcp-cp-suite/01_dcp_wave/results/arrival_1/dcp_4/fa3_native_fifo/manifest.json
Mega DCP batch: name=dcp_mega_trace, mode=eager, cases=100, methods=['dcp_mega_varlen'], comm_sm_sweep=[16], baseline_phase_timing=False

================================================================================
Mega comm_sm=16, case 1/100: case_000000_dcp4_hkv2: B=7, Sq=[16, 16, 16, 16, 16, 16, 16], Sk=[34829, 19299, 4851, 18875, 19831, 9812, 3803], DCP=4, Hkv=2
================================================================================
Config: world_size=8, methods=['dcp_mega_varlen'], QH=32, KVH=2, D=128, TP=8, DCP=4, workload=chunk, execution=eager, baseline_phase_timing=False, warmup=40, iters=60, check=False
Workload: B=7, q_tokens=112, history_tokens=111300, q_seqlens=[16, 16, 16, 16, 16, 16, 16], history_seqlens=[34829, 19299, 4851, 18875, 19831, 9812, 3803]
Agg TFLOPS uses useful attention work across all TP ranks and p50(max_across_ranks); Avg/GPU divides it by world_size.
KV GB/s/GPU is average logical BF16 K+V bytes read per TP rank divided by p50(max_across_ranks); it is not hardware-counter HBM traffic.

Running B=7, q_tokens=112, history_tokens=111300, causal=True

B=7, q_tokens=112, history_tokens=111300, QH=32, KVH=2, D=128, TP=8, DCP=4, mode=causal
Method                   Time ms                                                                                                                                     Agg TFLOPS    Avg/GPU  KV GB/s/GPU      Check  Note
dcp_mega_varlen          t0=0.054, t1=0.054, t2=0.050, t3=0.052, t4=0.052, t5=0.051, t6=0.053, t7=0.051 | p50(max_across_ranks)=0.055, p90(max_across_ranks)=0.060        532.2       66.5        260.8       skip  eager; output=bf16_ipc_a2a; runner_preallocated; timing=mega_kernel_only
Wrote benchmark JSON to /home/hychen/min_fa3_demo/benchmark_logs/experiment_suite/20260812-231044-dcp-cp-suite/01_dcp_wave/results/arrival_1/dcp_4/fa3_native_fifo/comm_sm_16/case_000000_dcp4_hkv2_eager.json

================================================================================
Mega comm_sm=16, case 2/100: case_000001_dcp4_hkv2: B=5, Sq=[16, 16, 16, 16, 16], Sk=[2107, 2455, 3537, 11209, 946], DCP=4, Hkv=2
================================================================================
Config: world_size=8, methods=['dcp_mega_varlen'], QH=32, KVH=2, D=128, TP=8, DCP=4, workload=chunk, execution=eager, baseline_phase_timing=False, warmup=40, iters=60, check=False
Workload: B=5, q_tokens=80, history_tokens=20254, q_seqlens=[16, 16, 16, 16, 16], history_seqlens=[2107, 2455, 3537, 11209, 946]
Agg TFLOPS uses useful attention work across all TP ranks and p50(max_across_ranks); Avg/GPU divides it by world_size.
KV GB/s/GPU is average logical BF16 K+V bytes read per TP rank divided by p50(max_across_ranks); it is not hardware-counter HBM traffic.

Running B=5, q_tokens=80, history_tokens=20254, causal=True

B=5, q_tokens=80, history_tokens=20254, QH=32, KVH=2, D=128, TP=8, DCP=4, mode=causal
Method                   Time ms                                                                                                                                     Agg TFLOPS    Avg/GPU  KV GB/s/GPU      Check  Note
dcp_mega_varlen          t0=0.049, t1=0.049, t2=0.045, t3=0.046, t4=0.046, t5=0.045, t6=0.047, t7=0.044 | p50(max_across_ranks)=0.049, p90(max_across_ranks)=0.051        108.6       13.6         53.7       skip  eager; output=bf16_ipc_a2a; runner_preallocated; timing=mega_kernel_only
Wrote benchmark JSON to /home/hychen/min_fa3_demo/benchmark_logs/experiment_suite/20260812-231044-dcp-cp-suite/01_dcp_wave/results/arrival_1/dcp_4/fa3_native_fifo/comm_sm_16/case_000001_dcp4_hkv2_eager.json

================================================================================
Mega comm_sm=16, case 3/100: case_000002_dcp4_hkv2: B=6, Sq=[16, 16, 16, 16, 16, 16], Sk=[29183, 10423, 8206, 76751, 4964, 1138], DCP=4, Hkv=2
================================================================================
Config: world_size=8, methods=['dcp_mega_varlen'], QH=32, KVH=2, D=128, TP=8, DCP=4, workload=chunk, execution=eager, baseline_phase_timing=False, warmup=40, iters=60, check=False
Workload: B=6, q_tokens=96, history_tokens=130665, q_seqlens=[16, 16, 16, 16, 16, 16], history_seqlens=[29183, 10423, 8206, 76751, 4964, 1138]
Agg TFLOPS uses useful attention work across all TP ranks and p50(max_across_ranks); Avg/GPU divides it by world_size.
KV GB/s/GPU is average logical BF16 K+V bytes read per TP rank divided by p50(max_across_ranks); it is not hardware-counter HBM traffic.

Running B=6, q_tokens=96, history_tokens=130665, causal=True

B=6, q_tokens=96, history_tokens=130665, QH=32, KVH=2, D=128, TP=8, DCP=4, mode=causal
Method                   Time ms                                                                                                                                     Agg TFLOPS    Avg/GPU  KV GB/s/GPU      Check  Note
dcp_mega_varlen          t0=0.061, t1=0.062, t2=0.057, t3=0.059, t4=0.059, t5=0.058, t6=0.060, t7=0.057 | p50(max_across_ranks)=0.062, p90(max_across_ranks)=0.064        554.0       69.2        271.2       skip  eager; output=bf16_ipc_a2a; runner_preallocated; timing=mega_kernel_only
Wrote benchmark JSON to /home/hychen/min_fa3_demo/benchmark_logs/experiment_suite/20260812-231044-dcp-cp-suite/01_dcp_wave/results/arrival_1/dcp_4/fa3_native_fifo/comm_sm_16/case_000002_dcp4_hkv2_eager.json

================================================================================
Mega comm_sm=16, case 4/100: case_000003_dcp4_hkv2: B=5, Sq=[16, 16, 16, 16, 16], Sk=[31636, 5773, 8882, 24402, 11777], DCP=4, Hkv=2
================================================================================
Config: world_size=8, methods=['dcp_mega_varlen'], QH=32, KVH=2, D=128, TP=8, DCP=4, workload=chunk, execution=eager, baseline_phase_timing=False, warmup=40, iters=60, check=False
Workload: B=5, q_tokens=80, history_tokens=82470, q_seqlens=[16, 16, 16, 16, 16], history_seqlens=[31636, 5773, 8882, 24402, 11777]
Agg TFLOPS uses useful attention work across all TP ranks and p50(max_across_ranks); Avg/GPU divides it by world_size.
KV GB/s/GPU is average logical BF16 K+V bytes read per TP rank divided by p50(max_across_ranks); it is not hardware-counter HBM traffic.

Running B=5, q_tokens=80, history_tokens=82470, causal=True

B=5, q_tokens=80, history_tokens=82470, QH=32, KVH=2, D=128, TP=8, DCP=4, mode=causal
Method                   Time ms                                                                                                                                     Agg TFLOPS    Avg/GPU  KV GB/s/GPU      Check  Note
dcp_mega_varlen          t0=0.053, t1=0.054, t2=0.050, t3=0.050, t4=0.051, t5=0.049, t6=0.051, t7=0.049 | p50(max_across_ranks)=0.054, p90(max_across_ranks)=0.055        404.0       50.5        197.9       skip  eager; output=bf16_ipc_a2a; runner_preallocated; timing=mega_kernel_only
Wrote benchmark JSON to /home/hychen/min_fa3_demo/benchmark_logs/experiment_suite/20260812-231044-dcp-cp-suite/01_dcp_wave/results/arrival_1/dcp_4/fa3_native_fifo/comm_sm_16/case_000003_dcp4_hkv2_eager.json

================================================================================
Mega comm_sm=16, case 5/100: case_000004_dcp4_hkv2: B=4, Sq=[16, 16, 16, 16], Sk=[1996, 4473, 15481, 29852], DCP=4, Hkv=2
================================================================================
Config: world_size=8, methods=['dcp_mega_varlen'], QH=32, KVH=2, D=128, TP=8, DCP=4, workload=chunk, execution=eager, baseline_phase_timing=False, warmup=40, iters=60, check=False
Workload: B=4, q_tokens=64, history_tokens=51802, q_seqlens=[16, 16, 16, 16], history_seqlens=[1996, 4473, 15481, 29852]
Agg TFLOPS uses useful attention work across all TP ranks and p50(max_across_ranks); Avg/GPU divides it by world_size.
KV GB/s/GPU is average logical BF16 K+V bytes read per TP rank divided by p50(max_across_ranks); it is not hardware-counter HBM traffic.

Running B=4, q_tokens=64, history_tokens=51802, causal=True

B=4, q_tokens=64, history_tokens=51802, QH=32, KVH=2, D=128, TP=8, DCP=4, mode=causal
Method                   Time ms                                                                                                                                     Agg TFLOPS    Avg/GPU  KV GB/s/GPU      Check  Note
dcp_mega_varlen          t0=0.055, t1=0.056, t2=0.053, t3=0.053, t4=0.053, t5=0.053, t6=0.055, t7=0.051 | p50(max_across_ranks)=0.056, p90(max_across_ranks)=0.062        240.7       30.1        118.0       skip  eager; output=bf16_ipc_a2a; runner_preallocated; timing=mega_kernel_only
Wrote benchmark JSON to /home/hychen/min_fa3_demo/benchmark_logs/experiment_suite/20260812-231044-dcp-cp-suite/01_dcp_wave/results/arrival_1/dcp_4/fa3_native_fifo/comm_sm_16/case_000004_dcp4_hkv2_eager.json

================================================================================
Mega comm_sm=16, case 6/100: case_000005_dcp4_hkv2: B=4, Sq=[16, 16, 16, 16], Sk=[16217, 19656, 9886, 5595], DCP=4, Hkv=2
================================================================================
Config: world_size=8, methods=['dcp_mega_varlen'], QH=32, KVH=2, D=128, TP=8, DCP=4, workload=chunk, execution=eager, baseline_phase_timing=False, warmup=40, iters=60, check=False
Workload: B=4, q_tokens=64, history_tokens=51354, q_seqlens=[16, 16, 16, 16], history_seqlens=[16217, 19656, 9886, 5595]
Agg TFLOPS uses useful attention work across all TP ranks and p50(max_across_ranks); Avg/GPU divides it by world_size.
KV GB/s/GPU is average logical BF16 K+V bytes read per TP rank divided by p50(max_across_ranks); it is not hardware-counter HBM traffic.

Running B=4, q_tokens=64, history_tokens=51354, causal=True

B=4, q_tokens=64, history_tokens=51354, QH=32, KVH=2, D=128, TP=8, DCP=4, mode=causal
Method                   Time ms                                                                                                                                     Agg TFLOPS    Avg/GPU  KV GB/s/GPU      Check  Note
dcp_mega_varlen          t0=0.052, t1=0.051, t2=0.048, t3=0.049, t4=0.050, t5=0.048, t6=0.050, t7=0.047 | p50(max_across_ranks)=0.052, p90(max_across_ranks)=0.059        258.3       32.3        126.7       skip  eager; output=bf16_ipc_a2a; runner_preallocated; timing=mega_kernel_only
Wrote benchmark JSON to /home/hychen/min_fa3_demo/benchmark_logs/experiment_suite/20260812-231044-dcp-cp-suite/01_dcp_wave/results/arrival_1/dcp_4/fa3_native_fifo/comm_sm_16/case_000005_dcp4_hkv2_eager.json

================================================================================
Mega comm_sm=16, case 7/100: case_000006_dcp4_hkv2: B=14, Sq=[16, 16, 16, 16, 16, 16, 16, 16, 16, 16, 16, 16, 16, 16], Sk=[1846, 1539, 11878, 5678, 52304, 15116, 5585, 5939, 5868, 1059, 36689, 28881, 15188, 26989], DCP=4, Hkv=2
================================================================================
Config: world_size=8, methods=['dcp_mega_varlen'], QH=32, KVH=2, D=128, TP=8, DCP=4, workload=chunk, execution=eager, baseline_phase_timing=False, warmup=40, iters=60, check=False
Workload: B=14, q_tokens=224, history_tokens=214559, q_seqlens=[16, 16, 16, 16, 16, 16, 16, 16, 16, 16, 16, 16, 16, 16], history_seqlens=[1846, 1539, 11878, 5678, 52304, 15116, 5585, 5939, 5868, 1059, 36689, 28881, 15188, 26989]
Agg TFLOPS uses useful attention work across all TP ranks and p50(max_across_ranks); Avg/GPU divides it by world_size.
KV GB/s/GPU is average logical BF16 K+V bytes read per TP rank divided by p50(max_across_ranks); it is not hardware-counter HBM traffic.

Running B=14, q_tokens=224, history_tokens=214559, causal=True

B=14, q_tokens=224, history_tokens=214559, QH=32, KVH=2, D=128, TP=8, DCP=4, mode=causal
Method                   Time ms                                                                                                                                     Agg TFLOPS    Avg/GPU  KV GB/s/GPU      Check  Note
dcp_mega_varlen          t0=0.072, t1=0.071, t2=0.069, t3=0.069, t4=0.070, t5=0.069, t6=0.071, t7=0.069 | p50(max_across_ranks)=0.072, p90(max_across_ranks)=0.076        778.7       97.3        381.6       skip  eager; output=bf16_ipc_a2a; runner_preallocated; timing=mega_kernel_only
Wrote benchmark JSON to /home/hychen/min_fa3_demo/benchmark_logs/experiment_suite/20260812-231044-dcp-cp-suite/01_dcp_wave/results/arrival_1/dcp_4/fa3_native_fifo/comm_sm_16/case_000006_dcp4_hkv2_eager.json

================================================================================
Mega comm_sm=16, case 8/100: case_000007_dcp4_hkv2: B=7, Sq=[16, 16, 16, 16, 16, 16, 16], Sk=[8813, 2652, 19239, 6525, 1108, 18667, 10759], DCP=4, Hkv=2
================================================================================
Config: world_size=8, methods=['dcp_mega_varlen'], QH=32, KVH=2, D=128, TP=8, DCP=4, workload=chunk, execution=eager, baseline_phase_timing=False, warmup=40, iters=60, check=False
Workload: B=7, q_tokens=112, history_tokens=67763, q_seqlens=[16, 16, 16, 16, 16, 16, 16], history_seqlens=[8813, 2652, 19239, 6525, 1108, 18667, 10759]
Agg TFLOPS uses useful attention work across all TP ranks and p50(max_across_ranks); Avg/GPU divides it by world_size.
KV GB/s/GPU is average logical BF16 K+V bytes read per TP rank divided by p50(max_across_ranks); it is not hardware-counter HBM traffic.

Running B=7, q_tokens=112, history_tokens=67763, causal=True

B=7, q_tokens=112, history_tokens=67763, QH=32, KVH=2, D=128, TP=8, DCP=4, mode=causal
Method                   Time ms                                                                                                                                     Agg TFLOPS    Avg/GPU  KV GB/s/GPU      Check  Note
dcp_mega_varlen          t0=0.057, t1=0.057, t2=0.054, t3=0.054, t4=0.056, t5=0.054, t6=0.056, t7=0.054 | p50(max_across_ranks)=0.058, p90(max_across_ranks)=0.060        306.6       38.3        150.6       skip  eager; output=bf16_ipc_a2a; runner_preallocated; timing=mega_kernel_only
Wrote benchmark JSON to /home/hychen/min_fa3_demo/benchmark_logs/experiment_suite/20260812-231044-dcp-cp-suite/01_dcp_wave/results/arrival_1/dcp_4/fa3_native_fifo/comm_sm_16/case_000007_dcp4_hkv2_eager.json

================================================================================
Mega comm_sm=16, case 9/100: case_000008_dcp4_hkv2: B=9, Sq=[16, 16, 16, 16, 16, 16, 16, 16, 16], Sk=[2374, 32782, 10855, 11310, 13315, 20167, 32383, 13820, 7857], DCP=4, Hkv=2
================================================================================
Config: world_size=8, methods=['dcp_mega_varlen'], QH=32, KVH=2, D=128, TP=8, DCP=4, workload=chunk, execution=eager, baseline_phase_timing=False, warmup=40, iters=60, check=False
Workload: B=9, q_tokens=144, history_tokens=144863, q_seqlens=[16, 16, 16, 16, 16, 16, 16, 16, 16], history_seqlens=[2374, 32782, 10855, 11310, 13315, 20167, 32383, 13820, 7857]
Agg TFLOPS uses useful attention work across all TP ranks and p50(max_across_ranks); Avg/GPU divides it by world_size.
KV GB/s/GPU is average logical BF16 K+V bytes read per TP rank divided by p50(max_across_ranks); it is not hardware-counter HBM traffic.

Running B=9, q_tokens=144, history_tokens=144863, causal=True

B=9, q_tokens=144, history_tokens=144863, QH=32, KVH=2, D=128, TP=8, DCP=4, mode=causal
Method                   Time ms                                                                                                                                     Agg TFLOPS    Avg/GPU  KV GB/s/GPU      Check  Note
dcp_mega_varlen          t0=0.062, t1=0.061, t2=0.058, t3=0.059, t4=0.062, t5=0.058, t6=0.062, t7=0.058 | p50(max_across_ranks)=0.063, p90(max_across_ranks)=0.070        603.6       75.5        295.8       skip  eager; output=bf16_ipc_a2a; runner_preallocated; timing=mega_kernel_only
Wrote benchmark JSON to /home/hychen/min_fa3_demo/benchmark_logs/experiment_suite/20260812-231044-dcp-cp-suite/01_dcp_wave/results/arrival_1/dcp_4/fa3_native_fifo/comm_sm_16/case_000008_dcp4_hkv2_eager.json

================================================================================
Mega comm_sm=16, case 10/100: case_000009_dcp4_hkv2: B=5, Sq=[16, 16, 16, 16, 16], Sk=[20744, 6699, 35554, 3210, 1074], DCP=4, Hkv=2
================================================================================
Config: world_size=8, methods=['dcp_mega_varlen'], QH=32, KVH=2, D=128, TP=8, DCP=4, workload=chunk, execution=eager, baseline_phase_timing=False, warmup=40, iters=60, check=False
Workload: B=5, q_tokens=80, history_tokens=67281, q_seqlens=[16, 16, 16, 16, 16], history_seqlens=[20744, 6699, 35554, 3210, 1074]
Agg TFLOPS uses useful attention work across all TP ranks and p50(max_across_ranks); Avg/GPU divides it by world_size.
KV GB/s/GPU is average logical BF16 K+V bytes read per TP rank divided by p50(max_across_ranks); it is not hardware-counter HBM traffic.

Running B=5, q_tokens=80, history_tokens=67281, causal=True

B=5, q_tokens=80, history_tokens=67281, QH=32, KVH=2, D=128, TP=8, DCP=4, mode=causal
Method                   Time ms                                                                                                                                     Agg TFLOPS    Avg/GPU  KV GB/s/GPU      Check  Note
dcp_mega_varlen          t0=0.054, t1=0.054, t2=0.051, t3=0.051, t4=0.052, t5=0.051, t6=0.053, t7=0.050 | p50(max_across_ranks)=0.054, p90(max_across_ranks)=0.056        323.8       40.5        158.8       skip  eager; output=bf16_ipc_a2a; runner_preallocated; timing=mega_kernel_only
Wrote benchmark JSON to /home/hychen/min_fa3_demo/benchmark_logs/experiment_suite/20260812-231044-dcp-cp-suite/01_dcp_wave/results/arrival_1/dcp_4/fa3_native_fifo/comm_sm_16/case_000009_dcp4_hkv2_eager.json

================================================================================
Mega comm_sm=16, case 11/100: case_000010_dcp4_hkv2: B=6, Sq=[16, 16, 16, 16, 16, 16], Sk=[1145, 5197, 5174, 27678, 920, 5544], DCP=4, Hkv=2
================================================================================
Config: world_size=8, methods=['dcp_mega_varlen'], QH=32, KVH=2, D=128, TP=8, DCP=4, workload=chunk, execution=eager, baseline_phase_timing=False, warmup=40, iters=60, check=False
Workload: B=6, q_tokens=96, history_tokens=45658, q_seqlens=[16, 16, 16, 16, 16, 16], history_seqlens=[1145, 5197, 5174, 27678, 920, 5544]
Agg TFLOPS uses useful attention work across all TP ranks and p50(max_across_ranks); Avg/GPU divides it by world_size.
KV GB/s/GPU is average logical BF16 K+V bytes read per TP rank divided by p50(max_across_ranks); it is not hardware-counter HBM traffic.

Running B=6, q_tokens=96, history_tokens=45658, causal=True

B=6, q_tokens=96, history_tokens=45658, QH=32, KVH=2, D=128, TP=8, DCP=4, mode=causal
Method                   Time ms                                                                                                                                     Agg TFLOPS    Avg/GPU  KV GB/s/GPU      Check  Note
dcp_mega_varlen          t0=0.059, t1=0.060, t2=0.055, t3=0.056, t4=0.057, t5=0.056, t6=0.058, t7=0.054 | p50(max_across_ranks)=0.060, p90(max_across_ranks)=0.064        199.1       24.9         97.9       skip  eager; output=bf16_ipc_a2a; runner_preallocated; timing=mega_kernel_only
Wrote benchmark JSON to /home/hychen/min_fa3_demo/benchmark_logs/experiment_suite/20260812-231044-dcp-cp-suite/01_dcp_wave/results/arrival_1/dcp_4/fa3_native_fifo/comm_sm_16/case_000010_dcp4_hkv2_eager.json

================================================================================
Mega comm_sm=16, case 12/100: case_000011_dcp4_hkv2: B=9, Sq=[16, 16, 16, 16, 16, 16, 16, 16, 16], Sk=[1664, 5157, 16423, 16189, 25995, 6229, 22251, 5791, 15741], DCP=4, Hkv=2
================================================================================
Config: world_size=8, methods=['dcp_mega_varlen'], QH=32, KVH=2, D=128, TP=8, DCP=4, workload=chunk, execution=eager, baseline_phase_timing=False, warmup=40, iters=60, check=False
Workload: B=9, q_tokens=144, history_tokens=115440, q_seqlens=[16, 16, 16, 16, 16, 16, 16, 16, 16], history_seqlens=[1664, 5157, 16423, 16189, 25995, 6229, 22251, 5791, 15741]
Agg TFLOPS uses useful attention work across all TP ranks and p50(max_across_ranks); Avg/GPU divides it by world_size.
KV GB/s/GPU is average logical BF16 K+V bytes read per TP rank divided by p50(max_across_ranks); it is not hardware-counter HBM traffic.

Running B=9, q_tokens=144, history_tokens=115440, causal=True

B=9, q_tokens=144, history_tokens=115440, QH=32, KVH=2, D=128, TP=8, DCP=4, mode=causal
Method                   Time ms                                                                                                                                     Agg TFLOPS    Avg/GPU  KV GB/s/GPU      Check  Note
dcp_mega_varlen          t0=0.060, t1=0.060, t2=0.056, t3=0.057, t4=0.058, t5=0.056, t6=0.060, t7=0.055 | p50(max_across_ranks)=0.061, p90(max_across_ranks)=0.064        498.1       62.3        244.2       skip  eager; output=bf16_ipc_a2a; runner_preallocated; timing=mega_kernel_only
Wrote benchmark JSON to /home/hychen/min_fa3_demo/benchmark_logs/experiment_suite/20260812-231044-dcp-cp-suite/01_dcp_wave/results/arrival_1/dcp_4/fa3_native_fifo/comm_sm_16/case_000011_dcp4_hkv2_eager.json

================================================================================
Mega comm_sm=16, case 13/100: case_000012_dcp4_hkv2: B=6, Sq=[16, 16, 16, 16, 16, 16], Sk=[1735, 39864, 3989, 27748, 7209, 5112], DCP=4, Hkv=2
================================================================================
Config: world_size=8, methods=['dcp_mega_varlen'], QH=32, KVH=2, D=128, TP=8, DCP=4, workload=chunk, execution=eager, baseline_phase_timing=False, warmup=40, iters=60, check=False
Workload: B=6, q_tokens=96, history_tokens=85657, q_seqlens=[16, 16, 16, 16, 16, 16], history_seqlens=[1735, 39864, 3989, 27748, 7209, 5112]
Agg TFLOPS uses useful attention work across all TP ranks and p50(max_across_ranks); Avg/GPU divides it by world_size.
KV GB/s/GPU is average logical BF16 K+V bytes read per TP rank divided by p50(max_across_ranks); it is not hardware-counter HBM traffic.

Running B=6, q_tokens=96, history_tokens=85657, causal=True

B=6, q_tokens=96, history_tokens=85657, QH=32, KVH=2, D=128, TP=8, DCP=4, mode=causal
Method                   Time ms                                                                                                                                     Agg TFLOPS    Avg/GPU  KV GB/s/GPU      Check  Note
dcp_mega_varlen          t0=0.056, t1=0.056, t2=0.052, t3=0.053, t4=0.054, t5=0.053, t6=0.055, t7=0.051 | p50(max_across_ranks)=0.057, p90(max_across_ranks)=0.059        395.6       49.4        193.9       skip  eager; output=bf16_ipc_a2a; runner_preallocated; timing=mega_kernel_only
Wrote benchmark JSON to /home/hychen/min_fa3_demo/benchmark_logs/experiment_suite/20260812-231044-dcp-cp-suite/01_dcp_wave/results/arrival_1/dcp_4/fa3_native_fifo/comm_sm_16/case_000012_dcp4_hkv2_eager.json

================================================================================
Mega comm_sm=16, case 14/100: case_000013_dcp4_hkv2: B=9, Sq=[16, 16, 16, 16, 16, 16, 16, 16, 16], Sk=[2276, 27288, 1248, 7323, 1508, 47636, 7628, 5157, 74812], DCP=4, Hkv=2
================================================================================
Config: world_size=8, methods=['dcp_mega_varlen'], QH=32, KVH=2, D=128, TP=8, DCP=4, workload=chunk, execution=eager, baseline_phase_timing=False, warmup=40, iters=60, check=False
Workload: B=9, q_tokens=144, history_tokens=174876, q_seqlens=[16, 16, 16, 16, 16, 16, 16, 16, 16], history_seqlens=[2276, 27288, 1248, 7323, 1508, 47636, 7628, 5157, 74812]
Agg TFLOPS uses useful attention work across all TP ranks and p50(max_across_ranks); Avg/GPU divides it by world_size.
KV GB/s/GPU is average logical BF16 K+V bytes read per TP rank divided by p50(max_across_ranks); it is not hardware-counter HBM traffic.

Running B=9, q_tokens=144, history_tokens=174876, causal=True

B=9, q_tokens=144, history_tokens=174876, QH=32, KVH=2, D=128, TP=8, DCP=4, mode=causal
Method                   Time ms                                                                                                                                     Agg TFLOPS    Avg/GPU  KV GB/s/GPU      Check  Note
dcp_mega_varlen          t0=0.068, t1=0.068, t2=0.065, t3=0.065, t4=0.066, t5=0.065, t6=0.068, t7=0.065 | p50(max_across_ranks)=0.069, p90(max_across_ranks)=0.071        663.2       82.9        324.8       skip  eager; output=bf16_ipc_a2a; runner_preallocated; timing=mega_kernel_only
Wrote benchmark JSON to /home/hychen/min_fa3_demo/benchmark_logs/experiment_suite/20260812-231044-dcp-cp-suite/01_dcp_wave/results/arrival_1/dcp_4/fa3_native_fifo/comm_sm_16/case_000013_dcp4_hkv2_eager.json

================================================================================
Mega comm_sm=16, case 15/100: case_000014_dcp4_hkv2: B=9, Sq=[16, 16, 16, 16, 16, 16, 16, 16, 4096], Sk=[8376, 10306, 3986, 3205, 3558, 10148, 12786, 26101, 111104], DCP=4, Hkv=2
================================================================================
Config: world_size=8, methods=['dcp_mega_varlen'], QH=32, KVH=2, D=128, TP=8, DCP=4, workload=chunk, execution=eager, baseline_phase_timing=False, warmup=40, iters=60, check=False
Workload: B=9, q_tokens=4224, history_tokens=189570, q_seqlens=[16, 16, 16, 16, 16, 16, 16, 16, 4096], history_seqlens=[8376, 10306, 3986, 3205, 3558, 10148, 12786, 26101, 111104]
Agg TFLOPS uses useful attention work across all TP ranks and p50(max_across_ranks); Avg/GPU divides it by world_size.
KV GB/s/GPU is average logical BF16 K+V bytes read per TP rank divided by p50(max_across_ranks); it is not hardware-counter HBM traffic.

Running B=9, q_tokens=4224, history_tokens=189570, causal=True

B=9, q_tokens=4224, history_tokens=189570, QH=32, KVH=2, D=128, TP=8, DCP=4, mode=causal
Method                   Time ms                                                                                                                                     Agg TFLOPS    Avg/GPU  KV GB/s/GPU      Check  Note
dcp_mega_varlen          t0=1.714, t1=1.714, t2=1.710, t3=1.702, t4=1.708, t5=1.703, t6=1.698, t7=1.709 | p50(max_across_ranks)=1.731, p90(max_across_ranks)=1.760       4397.5      549.7         15.3       skip  eager; output=bf16_ipc_a2a; runner_preallocated; timing=mega_kernel_only
Wrote benchmark JSON to /home/hychen/min_fa3_demo/benchmark_logs/experiment_suite/20260812-231044-dcp-cp-suite/01_dcp_wave/results/arrival_1/dcp_4/fa3_native_fifo/comm_sm_16/case_000014_dcp4_hkv2_eager.json

================================================================================
Mega comm_sm=16, case 16/100: case_000015_dcp4_hkv2: B=6, Sq=[16, 16, 16, 16, 16, 16], Sk=[14590, 4109, 28470, 40398, 16136, 9396], DCP=4, Hkv=2
================================================================================
Config: world_size=8, methods=['dcp_mega_varlen'], QH=32, KVH=2, D=128, TP=8, DCP=4, workload=chunk, execution=eager, baseline_phase_timing=False, warmup=40, iters=60, check=False
Workload: B=6, q_tokens=96, history_tokens=113099, q_seqlens=[16, 16, 16, 16, 16, 16], history_seqlens=[14590, 4109, 28470, 40398, 16136, 9396]
Agg TFLOPS uses useful attention work across all TP ranks and p50(max_across_ranks); Avg/GPU divides it by world_size.
KV GB/s/GPU is average logical BF16 K+V bytes read per TP rank divided by p50(max_across_ranks); it is not hardware-counter HBM traffic.

Running B=6, q_tokens=96, history_tokens=113099, causal=True

B=6, q_tokens=96, history_tokens=113099, QH=32, KVH=2, D=128, TP=8, DCP=4, mode=causal
Method                   Time ms                                                                                                                                     Agg TFLOPS    Avg/GPU  KV GB/s/GPU      Check  Note
dcp_mega_varlen          t0=0.058, t1=0.058, t2=0.053, t3=0.055, t4=0.054, t5=0.053, t6=0.056, t7=0.052 | p50(max_across_ranks)=0.058, p90(max_across_ranks)=0.061        510.1       63.8        249.8       skip  eager; output=bf16_ipc_a2a; runner_preallocated; timing=mega_kernel_only
Wrote benchmark JSON to /home/hychen/min_fa3_demo/benchmark_logs/experiment_suite/20260812-231044-dcp-cp-suite/01_dcp_wave/results/arrival_1/dcp_4/fa3_native_fifo/comm_sm_16/case_000015_dcp4_hkv2_eager.json

================================================================================
Mega comm_sm=16, case 17/100: case_000016_dcp4_hkv2: B=10, Sq=[16, 16, 16, 16, 16, 16, 16, 16, 16, 16], Sk=[29259, 7530, 41393, 1308, 11671, 14112, 949, 11962, 1962, 1255], DCP=4, Hkv=2
================================================================================
Config: world_size=8, methods=['dcp_mega_varlen'], QH=32, KVH=2, D=128, TP=8, DCP=4, workload=chunk, execution=eager, baseline_phase_timing=False, warmup=40, iters=60, check=False
Workload: B=10, q_tokens=160, history_tokens=121401, q_seqlens=[16, 16, 16, 16, 16, 16, 16, 16, 16, 16], history_seqlens=[29259, 7530, 41393, 1308, 11671, 14112, 949, 11962, 1962, 1255]
Agg TFLOPS uses useful attention work across all TP ranks and p50(max_across_ranks); Avg/GPU divides it by world_size.
KV GB/s/GPU is average logical BF16 K+V bytes read per TP rank divided by p50(max_across_ranks); it is not hardware-counter HBM traffic.

Running B=10, q_tokens=160, history_tokens=121401, causal=True

B=10, q_tokens=160, history_tokens=121401, QH=32, KVH=2, D=128, TP=8, DCP=4, mode=causal
Method                   Time ms                                                                                                                                     Agg TFLOPS    Avg/GPU  KV GB/s/GPU      Check  Note
dcp_mega_varlen          t0=0.067, t1=0.067, t2=0.062, t3=0.064, t4=0.066, t5=0.064, t6=0.067, t7=0.062 | p50(max_across_ranks)=0.068, p90(max_across_ranks)=0.069        467.7       58.5        229.4       skip  eager; output=bf16_ipc_a2a; runner_preallocated; timing=mega_kernel_only
Wrote benchmark JSON to /home/hychen/min_fa3_demo/benchmark_logs/experiment_suite/20260812-231044-dcp-cp-suite/01_dcp_wave/results/arrival_1/dcp_4/fa3_native_fifo/comm_sm_16/case_000016_dcp4_hkv2_eager.json

================================================================================
Mega comm_sm=16, case 18/100: case_000017_dcp4_hkv2: B=4, Sq=[16, 16, 16, 16], Sk=[12038, 85467, 1552, 3132], DCP=4, Hkv=2
================================================================================
Config: world_size=8, methods=['dcp_mega_varlen'], QH=32, KVH=2, D=128, TP=8, DCP=4, workload=chunk, execution=eager, baseline_phase_timing=False, warmup=40, iters=60, check=False
Workload: B=4, q_tokens=64, history_tokens=102189, q_seqlens=[16, 16, 16, 16], history_seqlens=[12038, 85467, 1552, 3132]
Agg TFLOPS uses useful attention work across all TP ranks and p50(max_across_ranks); Avg/GPU divides it by world_size.
KV GB/s/GPU is average logical BF16 K+V bytes read per TP rank divided by p50(max_across_ranks); it is not hardware-counter HBM traffic.

Running B=4, q_tokens=64, history_tokens=102189, causal=True

B=4, q_tokens=64, history_tokens=102189, QH=32, KVH=2, D=128, TP=8, DCP=4, mode=causal
Method                   Time ms                                                                                                                                     Agg TFLOPS    Avg/GPU  KV GB/s/GPU      Check  Note
dcp_mega_varlen          t0=0.066, t1=0.067, t2=0.063, t3=0.063, t4=0.064, t5=0.062, t6=0.066, t7=0.062 | p50(max_across_ranks)=0.067, p90(max_across_ranks)=0.073        399.5       49.9        195.5       skip  eager; output=bf16_ipc_a2a; runner_preallocated; timing=mega_kernel_only
Wrote benchmark JSON to /home/hychen/min_fa3_demo/benchmark_logs/experiment_suite/20260812-231044-dcp-cp-suite/01_dcp_wave/results/arrival_1/dcp_4/fa3_native_fifo/comm_sm_16/case_000017_dcp4_hkv2_eager.json

================================================================================
Mega comm_sm=16, case 19/100: case_000018_dcp4_hkv2: B=14, Sq=[16, 16, 16, 16, 16, 16, 16, 16, 16, 16, 16, 16, 16, 16], Sk=[4883, 1734, 6446, 12764, 9695, 6521, 1063, 1862, 12596, 3370, 4515, 10032, 3938, 5570], DCP=4, Hkv=2
================================================================================
Config: world_size=8, methods=['dcp_mega_varlen'], QH=32, KVH=2, D=128, TP=8, DCP=4, workload=chunk, execution=eager, baseline_phase_timing=False, warmup=40, iters=60, check=False
Workload: B=14, q_tokens=224, history_tokens=84989, q_seqlens=[16, 16, 16, 16, 16, 16, 16, 16, 16, 16, 16, 16, 16, 16], history_seqlens=[4883, 1734, 6446, 12764, 9695, 6521, 1063, 1862, 12596, 3370, 4515, 10032, 3938, 5570]
Agg TFLOPS uses useful attention work across all TP ranks and p50(max_across_ranks); Avg/GPU divides it by world_size.
KV GB/s/GPU is average logical BF16 K+V bytes read per TP rank divided by p50(max_across_ranks); it is not hardware-counter HBM traffic.

Running B=14, q_tokens=224, history_tokens=84989, causal=True

B=14, q_tokens=224, history_tokens=84989, QH=32, KVH=2, D=128, TP=8, DCP=4, mode=causal
Method                   Time ms                                                                                                                                     Agg TFLOPS    Avg/GPU  KV GB/s/GPU      Check  Note
dcp_mega_varlen          t0=0.063, t1=0.063, t2=0.059, t3=0.060, t4=0.061, t5=0.059, t6=0.061, t7=0.059 | p50(max_across_ranks)=0.063, p90(max_across_ranks)=0.065        352.3       44.0        173.6       skip  eager; output=bf16_ipc_a2a; runner_preallocated; timing=mega_kernel_only
Wrote benchmark JSON to /home/hychen/min_fa3_demo/benchmark_logs/experiment_suite/20260812-231044-dcp-cp-suite/01_dcp_wave/results/arrival_1/dcp_4/fa3_native_fifo/comm_sm_16/case_000018_dcp4_hkv2_eager.json

================================================================================
Mega comm_sm=16, case 20/100: case_000019_dcp4_hkv2: B=11, Sq=[16, 16, 16, 16, 16, 16, 16, 16, 16, 16, 16], Sk=[5352, 16514, 5045, 12628, 1487, 11291, 30568, 3732, 6745, 55705, 960], DCP=4, Hkv=2
================================================================================
Config: world_size=8, methods=['dcp_mega_varlen'], QH=32, KVH=2, D=128, TP=8, DCP=4, workload=chunk, execution=eager, baseline_phase_timing=False, warmup=40, iters=60, check=False
Workload: B=11, q_tokens=176, history_tokens=150027, q_seqlens=[16, 16, 16, 16, 16, 16, 16, 16, 16, 16, 16], history_seqlens=[5352, 16514, 5045, 12628, 1487, 11291, 30568, 3732, 6745, 55705, 960]
Agg TFLOPS uses useful attention work across all TP ranks and p50(max_across_ranks); Avg/GPU divides it by world_size.
KV GB/s/GPU is average logical BF16 K+V bytes read per TP rank divided by p50(max_across_ranks); it is not hardware-counter HBM traffic.

Running B=11, q_tokens=176, history_tokens=150027, causal=True

B=11, q_tokens=176, history_tokens=150027, QH=32, KVH=2, D=128, TP=8, DCP=4, mode=causal
Method                   Time ms                                                                                                                                     Agg TFLOPS    Avg/GPU  KV GB/s/GPU      Check  Note
dcp_mega_varlen          t0=0.071, t1=0.071, t2=0.066, t3=0.068, t4=0.069, t5=0.067, t6=0.069, t7=0.066 | p50(max_across_ranks)=0.071, p90(max_across_ranks)=0.073        552.8       69.1        271.0       skip  eager; output=bf16_ipc_a2a; runner_preallocated; timing=mega_kernel_only
Wrote benchmark JSON to /home/hychen/min_fa3_demo/benchmark_logs/experiment_suite/20260812-231044-dcp-cp-suite/01_dcp_wave/results/arrival_1/dcp_4/fa3_native_fifo/comm_sm_16/case_000019_dcp4_hkv2_eager.json

================================================================================
Mega comm_sm=16, case 21/100: case_000020_dcp4_hkv2: B=8, Sq=[16, 16, 16, 16, 16, 16, 16, 4096], Sk=[1552, 4077, 30520, 11078, 13329, 16775, 17897, 512], DCP=4, Hkv=2
================================================================================
Config: world_size=8, methods=['dcp_mega_varlen'], QH=32, KVH=2, D=128, TP=8, DCP=4, workload=chunk, execution=eager, baseline_phase_timing=False, warmup=40, iters=60, check=False
Workload: B=8, q_tokens=4208, history_tokens=95740, q_seqlens=[16, 16, 16, 16, 16, 16, 16, 4096], history_seqlens=[1552, 4077, 30520, 11078, 13329, 16775, 17897, 512]
Agg TFLOPS uses useful attention work across all TP ranks and p50(max_across_ranks); Avg/GPU divides it by world_size.
KV GB/s/GPU is average logical BF16 K+V bytes read per TP rank divided by p50(max_across_ranks); it is not hardware-counter HBM traffic.

Running B=8, q_tokens=4208, history_tokens=95740, causal=True

B=8, q_tokens=4208, history_tokens=95740, QH=32, KVH=2, D=128, TP=8, DCP=4, mode=causal
Method                   Time ms                                                                                                                                     Agg TFLOPS    Avg/GPU  KV GB/s/GPU      Check  Note
dcp_mega_varlen          t0=0.192, t1=0.193, t2=0.188, t3=0.191, t4=0.189, t5=0.189, t6=0.192, t7=0.188 | p50(max_across_ranks)=0.197, p90(max_across_ranks)=0.200       1001.1      125.1         73.3       skip  eager; output=bf16_ipc_a2a; runner_preallocated; timing=mega_kernel_only
Wrote benchmark JSON to /home/hychen/min_fa3_demo/benchmark_logs/experiment_suite/20260812-231044-dcp-cp-suite/01_dcp_wave/results/arrival_1/dcp_4/fa3_native_fifo/comm_sm_16/case_000020_dcp4_hkv2_eager.json

================================================================================
Mega comm_sm=16, case 22/100: case_000021_dcp4_hkv2: B=12, Sq=[16, 16, 16, 16, 16, 16, 16, 16, 16, 16, 16, 16], Sk=[9888, 9186, 11590, 12261, 30146, 6585, 8044, 8879, 7492, 1319, 13416, 6870], DCP=4, Hkv=2
================================================================================
Config: world_size=8, methods=['dcp_mega_varlen'], QH=32, KVH=2, D=128, TP=8, DCP=4, workload=chunk, execution=eager, baseline_phase_timing=False, warmup=40, iters=60, check=False
Workload: B=12, q_tokens=192, history_tokens=125676, q_seqlens=[16, 16, 16, 16, 16, 16, 16, 16, 16, 16, 16, 16], history_seqlens=[9888, 9186, 11590, 12261, 30146, 6585, 8044, 8879, 7492, 1319, 13416, 6870]
Agg TFLOPS uses useful attention work across all TP ranks and p50(max_across_ranks); Avg/GPU divides it by world_size.
KV GB/s/GPU is average logical BF16 K+V bytes read per TP rank divided by p50(max_across_ranks); it is not hardware-counter HBM traffic.

Running B=12, q_tokens=192, history_tokens=125676, causal=True

B=12, q_tokens=192, history_tokens=125676, QH=32, KVH=2, D=128, TP=8, DCP=4, mode=causal
Method                   Time ms                                                                                                                                     Agg TFLOPS    Avg/GPU  KV GB/s/GPU      Check  Note
dcp_mega_varlen          t0=0.067, t1=0.067, t2=0.062, t3=0.064, t4=0.064, t5=0.062, t6=0.065, t7=0.062 | p50(max_across_ranks)=0.067, p90(max_across_ranks)=0.069        489.5       61.2        240.3       skip  eager; output=bf16_ipc_a2a; runner_preallocated; timing=mega_kernel_only
Wrote benchmark JSON to /home/hychen/min_fa3_demo/benchmark_logs/experiment_suite/20260812-231044-dcp-cp-suite/01_dcp_wave/results/arrival_1/dcp_4/fa3_native_fifo/comm_sm_16/case_000021_dcp4_hkv2_eager.json

================================================================================
Mega comm_sm=16, case 23/100: case_000022_dcp4_hkv2: B=9, Sq=[16, 16, 16, 16, 16, 16, 16, 16, 16], Sk=[12027, 4798, 6581, 4503, 12323, 4122, 13725, 5784, 21104], DCP=4, Hkv=2
================================================================================
Config: world_size=8, methods=['dcp_mega_varlen'], QH=32, KVH=2, D=128, TP=8, DCP=4, workload=chunk, execution=eager, baseline_phase_timing=False, warmup=40, iters=60, check=False
Workload: B=9, q_tokens=144, history_tokens=84967, q_seqlens=[16, 16, 16, 16, 16, 16, 16, 16, 16], history_seqlens=[12027, 4798, 6581, 4503, 12323, 4122, 13725, 5784, 21104]
Agg TFLOPS uses useful attention work across all TP ranks and p50(max_across_ranks); Avg/GPU divides it by world_size.
KV GB/s/GPU is average logical BF16 K+V bytes read per TP rank divided by p50(max_across_ranks); it is not hardware-counter HBM traffic.

Running B=9, q_tokens=144, history_tokens=84967, causal=True

B=9, q_tokens=144, history_tokens=84967, QH=32, KVH=2, D=128, TP=8, DCP=4, mode=causal
Method                   Time ms                                                                                                                                     Agg TFLOPS    Avg/GPU  KV GB/s/GPU      Check  Note
dcp_mega_varlen          t0=0.056, t1=0.056, t2=0.052, t3=0.054, t4=0.055, t5=0.053, t6=0.055, t7=0.053 | p50(max_across_ranks)=0.057, p90(max_across_ranks)=0.060        391.4       48.9        192.2       skip  eager; output=bf16_ipc_a2a; runner_preallocated; timing=mega_kernel_only
Wrote benchmark JSON to /home/hychen/min_fa3_demo/benchmark_logs/experiment_suite/20260812-231044-dcp-cp-suite/01_dcp_wave/results/arrival_1/dcp_4/fa3_native_fifo/comm_sm_16/case_000022_dcp4_hkv2_eager.json

================================================================================
Mega comm_sm=16, case 24/100: case_000023_dcp4_hkv2: B=9, Sq=[16, 16, 16, 16, 16, 16, 16, 16, 16], Sk=[12090, 4862, 6645, 4567, 12379, 4178, 13787, 5849, 21168], DCP=4, Hkv=2
================================================================================
Config: world_size=8, methods=['dcp_mega_varlen'], QH=32, KVH=2, D=128, TP=8, DCP=4, workload=chunk, execution=eager, baseline_phase_timing=False, warmup=40, iters=60, check=False
Workload: B=9, q_tokens=144, history_tokens=85525, q_seqlens=[16, 16, 16, 16, 16, 16, 16, 16, 16], history_seqlens=[12090, 4862, 6645, 4567, 12379, 4178, 13787, 5849, 21168]
Agg TFLOPS uses useful attention work across all TP ranks and p50(max_across_ranks); Avg/GPU divides it by world_size.
KV GB/s/GPU is average logical BF16 K+V bytes read per TP rank divided by p50(max_across_ranks); it is not hardware-counter HBM traffic.

Running B=9, q_tokens=144, history_tokens=85525, causal=True

B=9, q_tokens=144, history_tokens=85525, QH=32, KVH=2, D=128, TP=8, DCP=4, mode=causal
Method                   Time ms                                                                                                                                     Agg TFLOPS    Avg/GPU  KV GB/s/GPU      Check  Note
dcp_mega_varlen          t0=0.055, t1=0.079, t2=0.056, t3=0.076, t4=0.055, t5=0.053, t6=0.055, t7=0.052 | p50(max_across_ranks)=0.079, p90(max_across_ranks)=0.083        285.7       35.7        140.3       skip  eager; output=bf16_ipc_a2a; runner_preallocated; timing=mega_kernel_only
Wrote benchmark JSON to /home/hychen/min_fa3_demo/benchmark_logs/experiment_suite/20260812-231044-dcp-cp-suite/01_dcp_wave/results/arrival_1/dcp_4/fa3_native_fifo/comm_sm_16/case_000023_dcp4_hkv2_eager.json

================================================================================
Mega comm_sm=16, case 25/100: case_000024_dcp4_hkv2: B=5, Sq=[16, 16, 16, 16, 16], Sk=[6209, 1146, 1225, 7000, 901], DCP=4, Hkv=2
================================================================================
Config: world_size=8, methods=['dcp_mega_varlen'], QH=32, KVH=2, D=128, TP=8, DCP=4, workload=chunk, execution=eager, baseline_phase_timing=False, warmup=40, iters=60, check=False
Workload: B=5, q_tokens=80, history_tokens=16481, q_seqlens=[16, 16, 16, 16, 16], history_seqlens=[6209, 1146, 1225, 7000, 901]
Agg TFLOPS uses useful attention work across all TP ranks and p50(max_across_ranks); Avg/GPU divides it by world_size.
KV GB/s/GPU is average logical BF16 K+V bytes read per TP rank divided by p50(max_across_ranks); it is not hardware-counter HBM traffic.

Running B=5, q_tokens=80, history_tokens=16481, causal=True

B=5, q_tokens=80, history_tokens=16481, QH=32, KVH=2, D=128, TP=8, DCP=4, mode=causal
Method                   Time ms                                                                                                                                     Agg TFLOPS    Avg/GPU  KV GB/s/GPU      Check  Note
dcp_mega_varlen          t0=0.043, t1=0.066, t2=0.044, t3=0.064, t4=0.043, t5=0.042, t6=0.044, t7=0.040 | p50(max_across_ranks)=0.066, p90(max_across_ranks)=0.069         65.2        8.1         32.4       skip  eager; output=bf16_ipc_a2a; runner_preallocated; timing=mega_kernel_only
Wrote benchmark JSON to /home/hychen/min_fa3_demo/benchmark_logs/experiment_suite/20260812-231044-dcp-cp-suite/01_dcp_wave/results/arrival_1/dcp_4/fa3_native_fifo/comm_sm_16/case_000024_dcp4_hkv2_eager.json

================================================================================
Mega comm_sm=16, case 26/100: case_000025_dcp4_hkv2: B=10, Sq=[16, 16, 16, 16, 16, 16, 16, 16, 16, 16], Sk=[7303, 1223, 2435, 20873, 68107, 10730, 16428, 31930, 5353, 3085], DCP=4, Hkv=2
================================================================================
Config: world_size=8, methods=['dcp_mega_varlen'], QH=32, KVH=2, D=128, TP=8, DCP=4, workload=chunk, execution=eager, baseline_phase_timing=False, warmup=40, iters=60, check=False
Workload: B=10, q_tokens=160, history_tokens=167467, q_seqlens=[16, 16, 16, 16, 16, 16, 16, 16, 16, 16], history_seqlens=[7303, 1223, 2435, 20873, 68107, 10730, 16428, 31930, 5353, 3085]
Agg TFLOPS uses useful attention work across all TP ranks and p50(max_across_ranks); Avg/GPU divides it by world_size.
KV GB/s/GPU is average logical BF16 K+V bytes read per TP rank divided by p50(max_across_ranks); it is not hardware-counter HBM traffic.

Running B=10, q_tokens=160, history_tokens=167467, causal=True

B=10, q_tokens=160, history_tokens=167467, QH=32, KVH=2, D=128, TP=8, DCP=4, mode=causal
Method                   Time ms                                                                                                                                     Agg TFLOPS    Avg/GPU  KV GB/s/GPU      Check  Note
dcp_mega_varlen          t0=0.064, t1=0.086, t2=0.064, t3=0.083, t4=0.063, t5=0.061, t6=0.063, t7=0.060 | p50(max_across_ranks)=0.086, p90(max_across_ranks)=0.088        512.0       64.0        250.8       skip  eager; output=bf16_ipc_a2a; runner_preallocated; timing=mega_kernel_only
Wrote benchmark JSON to /home/hychen/min_fa3_demo/benchmark_logs/experiment_suite/20260812-231044-dcp-cp-suite/01_dcp_wave/results/arrival_1/dcp_4/fa3_native_fifo/comm_sm_16/case_000025_dcp4_hkv2_eager.json

================================================================================
Mega comm_sm=16, case 27/100: case_000026_dcp4_hkv2: B=6, Sq=[16, 16, 16, 16, 16, 16], Sk=[1435, 5011, 2505, 28514, 10352, 16922], DCP=4, Hkv=2
================================================================================
Config: world_size=8, methods=['dcp_mega_varlen'], QH=32, KVH=2, D=128, TP=8, DCP=4, workload=chunk, execution=eager, baseline_phase_timing=False, warmup=40, iters=60, check=False
Workload: B=6, q_tokens=96, history_tokens=64739, q_seqlens=[16, 16, 16, 16, 16, 16], history_seqlens=[1435, 5011, 2505, 28514, 10352, 16922]
Agg TFLOPS uses useful attention work across all TP ranks and p50(max_across_ranks); Avg/GPU divides it by world_size.
KV GB/s/GPU is average logical BF16 K+V bytes read per TP rank divided by p50(max_across_ranks); it is not hardware-counter HBM traffic.

Running B=6, q_tokens=96, history_tokens=64739, causal=True

B=6, q_tokens=96, history_tokens=64739, QH=32, KVH=2, D=128, TP=8, DCP=4, mode=causal
Method                   Time ms                                                                                                                                     Agg TFLOPS    Avg/GPU  KV GB/s/GPU      Check  Note
dcp_mega_varlen          t0=0.054, t1=0.054, t2=0.049, t3=0.052, t4=0.053, t5=0.051, t6=0.053, t7=0.049 | p50(max_across_ranks)=0.055, p90(max_across_ranks)=0.057        311.3       38.9        152.8       skip  eager; output=bf16_ipc_a2a; runner_preallocated; timing=mega_kernel_only
Wrote benchmark JSON to /home/hychen/min_fa3_demo/benchmark_logs/experiment_suite/20260812-231044-dcp-cp-suite/01_dcp_wave/results/arrival_1/dcp_4/fa3_native_fifo/comm_sm_16/case_000026_dcp4_hkv2_eager.json

================================================================================
Mega comm_sm=16, case 28/100: case_000027_dcp4_hkv2: B=11, Sq=[16, 16, 16, 16, 16, 16, 16, 16, 16, 16, 16], Sk=[4171, 26467, 4934, 55749, 3527, 3265, 19309, 14221, 12172, 3108, 7672], DCP=4, Hkv=2
================================================================================
Config: world_size=8, methods=['dcp_mega_varlen'], QH=32, KVH=2, D=128, TP=8, DCP=4, workload=chunk, execution=eager, baseline_phase_timing=False, warmup=40, iters=60, check=False
Workload: B=11, q_tokens=176, history_tokens=154595, q_seqlens=[16, 16, 16, 16, 16, 16, 16, 16, 16, 16, 16], history_seqlens=[4171, 26467, 4934, 55749, 3527, 3265, 19309, 14221, 12172, 3108, 7672]
Agg TFLOPS uses useful attention work across all TP ranks and p50(max_across_ranks); Avg/GPU divides it by world_size.
KV GB/s/GPU is average logical BF16 K+V bytes read per TP rank divided by p50(max_across_ranks); it is not hardware-counter HBM traffic.

Running B=11, q_tokens=176, history_tokens=154595, causal=True

B=11, q_tokens=176, history_tokens=154595, QH=32, KVH=2, D=128, TP=8, DCP=4, mode=causal
Method                   Time ms                                                                                                                                     Agg TFLOPS    Avg/GPU  KV GB/s/GPU      Check  Note
dcp_mega_varlen          t0=0.059, t1=0.060, t2=0.056, t3=0.058, t4=0.058, t5=0.057, t6=0.059, t7=0.055 | p50(max_across_ranks)=0.060, p90(max_across_ranks)=0.062        670.8       83.9        328.8       skip  eager; output=bf16_ipc_a2a; runner_preallocated; timing=mega_kernel_only
Wrote benchmark JSON to /home/hychen/min_fa3_demo/benchmark_logs/experiment_suite/20260812-231044-dcp-cp-suite/01_dcp_wave/results/arrival_1/dcp_4/fa3_native_fifo/comm_sm_16/case_000027_dcp4_hkv2_eager.json

================================================================================
Mega comm_sm=16, case 29/100: case_000028_dcp4_hkv2: B=6, Sq=[16, 16, 16, 16, 16, 16], Sk=[47765, 30576, 2389, 12859, 1027, 11068], DCP=4, Hkv=2
================================================================================
Config: world_size=8, methods=['dcp_mega_varlen'], QH=32, KVH=2, D=128, TP=8, DCP=4, workload=chunk, execution=eager, baseline_phase_timing=False, warmup=40, iters=60, check=False
Workload: B=6, q_tokens=96, history_tokens=105684, q_seqlens=[16, 16, 16, 16, 16, 16], history_seqlens=[47765, 30576, 2389, 12859, 1027, 11068]
Agg TFLOPS uses useful attention work across all TP ranks and p50(max_across_ranks); Avg/GPU divides it by world_size.
KV GB/s/GPU is average logical BF16 K+V bytes read per TP rank divided by p50(max_across_ranks); it is not hardware-counter HBM traffic.

Running B=6, q_tokens=96, history_tokens=105684, causal=True

B=6, q_tokens=96, history_tokens=105684, QH=32, KVH=2, D=128, TP=8, DCP=4, mode=causal
Method                   Time ms                                                                                                                                     Agg TFLOPS    Avg/GPU  KV GB/s/GPU      Check  Note
dcp_mega_varlen          t0=0.059, t1=0.058, t2=0.054, t3=0.055, t4=0.057, t5=0.055, t6=0.057, t7=0.054 | p50(max_across_ranks)=0.059, p90(max_across_ranks)=0.061        468.3       58.5        229.4       skip  eager; output=bf16_ipc_a2a; runner_preallocated; timing=mega_kernel_only
Wrote benchmark JSON to /home/hychen/min_fa3_demo/benchmark_logs/experiment_suite/20260812-231044-dcp-cp-suite/01_dcp_wave/results/arrival_1/dcp_4/fa3_native_fifo/comm_sm_16/case_000028_dcp4_hkv2_eager.json

================================================================================
Mega comm_sm=16, case 30/100: case_000029_dcp4_hkv2: B=13, Sq=[16, 16, 16, 16, 16, 16, 16, 16, 16, 16, 16, 16, 16], Sk=[6077, 1224, 4883, 5548, 6682, 9784, 2624, 1101, 1452, 14151, 7081, 94799, 10879], DCP=4, Hkv=2
================================================================================
Config: world_size=8, methods=['dcp_mega_varlen'], QH=32, KVH=2, D=128, TP=8, DCP=4, workload=chunk, execution=eager, baseline_phase_timing=False, warmup=40, iters=60, check=False
Workload: B=13, q_tokens=208, history_tokens=166285, q_seqlens=[16, 16, 16, 16, 16, 16, 16, 16, 16, 16, 16, 16, 16], history_seqlens=[6077, 1224, 4883, 5548, 6682, 9784, 2624, 1101, 1452, 14151, 7081, 94799, 10879]
Agg TFLOPS uses useful attention work across all TP ranks and p50(max_across_ranks); Avg/GPU divides it by world_size.
KV GB/s/GPU is average logical BF16 K+V bytes read per TP rank divided by p50(max_across_ranks); it is not hardware-counter HBM traffic.

Running B=13, q_tokens=208, history_tokens=166285, causal=True

B=13, q_tokens=208, history_tokens=166285, QH=32, KVH=2, D=128, TP=8, DCP=4, mode=causal
Method                   Time ms                                                                                                                                     Agg TFLOPS    Avg/GPU  KV GB/s/GPU      Check  Note
dcp_mega_varlen          t0=0.071, t1=0.070, t2=0.066, t3=0.068, t4=0.069, t5=0.067, t6=0.069, t7=0.066 | p50(max_across_ranks)=0.071, p90(max_across_ranks)=0.074        613.7       76.7        301.0       skip  eager; output=bf16_ipc_a2a; runner_preallocated; timing=mega_kernel_only
Wrote benchmark JSON to /home/hychen/min_fa3_demo/benchmark_logs/experiment_suite/20260812-231044-dcp-cp-suite/01_dcp_wave/results/arrival_1/dcp_4/fa3_native_fifo/comm_sm_16/case_000029_dcp4_hkv2_eager.json

================================================================================
Mega comm_sm=16, case 31/100: case_000030_dcp4_hkv2: B=10, Sq=[16, 16, 16, 16, 16, 16, 16, 16, 16, 16], Sk=[2868, 1930, 8020, 39268, 7856, 16626, 4909, 4124, 3111, 958], DCP=4, Hkv=2
================================================================================
Config: world_size=8, methods=['dcp_mega_varlen'], QH=32, KVH=2, D=128, TP=8, DCP=4, workload=chunk, execution=eager, baseline_phase_timing=False, warmup=40, iters=60, check=False
Workload: B=10, q_tokens=160, history_tokens=89670, q_seqlens=[16, 16, 16, 16, 16, 16, 16, 16, 16, 16], history_seqlens=[2868, 1930, 8020, 39268, 7856, 16626, 4909, 4124, 3111, 958]
Agg TFLOPS uses useful attention work across all TP ranks and p50(max_across_ranks); Avg/GPU divides it by world_size.
KV GB/s/GPU is average logical BF16 K+V bytes read per TP rank divided by p50(max_across_ranks); it is not hardware-counter HBM traffic.

Running B=10, q_tokens=160, history_tokens=89670, causal=True

B=10, q_tokens=160, history_tokens=89670, QH=32, KVH=2, D=128, TP=8, DCP=4, mode=causal
Method                   Time ms                                                                                                                                     Agg TFLOPS    Avg/GPU  KV GB/s/GPU      Check  Note
dcp_mega_varlen          t0=0.061, t1=0.061, t2=0.057, t3=0.059, t4=0.060, t5=0.058, t6=0.060, t7=0.058 | p50(max_across_ranks)=0.062, p90(max_across_ranks)=0.063        381.4       47.7        187.4       skip  eager; output=bf16_ipc_a2a; runner_preallocated; timing=mega_kernel_only
Wrote benchmark JSON to /home/hychen/min_fa3_demo/benchmark_logs/experiment_suite/20260812-231044-dcp-cp-suite/01_dcp_wave/results/arrival_1/dcp_4/fa3_native_fifo/comm_sm_16/case_000030_dcp4_hkv2_eager.json

================================================================================
Mega comm_sm=16, case 32/100: case_000031_dcp4_hkv2: B=6, Sq=[16, 16, 16, 16, 16, 16], Sk=[1462, 7233, 15574, 1119, 13357, 12440], DCP=4, Hkv=2
================================================================================
Config: world_size=8, methods=['dcp_mega_varlen'], QH=32, KVH=2, D=128, TP=8, DCP=4, workload=chunk, execution=eager, baseline_phase_timing=False, warmup=40, iters=60, check=False
Workload: B=6, q_tokens=96, history_tokens=51185, q_seqlens=[16, 16, 16, 16, 16, 16], history_seqlens=[1462, 7233, 15574, 1119, 13357, 12440]
Agg TFLOPS uses useful attention work across all TP ranks and p50(max_across_ranks); Avg/GPU divides it by world_size.
KV GB/s/GPU is average logical BF16 K+V bytes read per TP rank divided by p50(max_across_ranks); it is not hardware-counter HBM traffic.

Running B=6, q_tokens=96, history_tokens=51185, causal=True

B=6, q_tokens=96, history_tokens=51185, QH=32, KVH=2, D=128, TP=8, DCP=4, mode=causal
Method                   Time ms                                                                                                                                     Agg TFLOPS    Avg/GPU  KV GB/s/GPU      Check  Note
dcp_mega_varlen          t0=0.049, t1=0.050, t2=0.046, t3=0.047, t4=0.047, t5=0.046, t6=0.049, t7=0.046 | p50(max_across_ranks)=0.050, p90(max_across_ranks)=0.053        268.6       33.6        132.0       skip  eager; output=bf16_ipc_a2a; runner_preallocated; timing=mega_kernel_only
Wrote benchmark JSON to /home/hychen/min_fa3_demo/benchmark_logs/experiment_suite/20260812-231044-dcp-cp-suite/01_dcp_wave/results/arrival_1/dcp_4/fa3_native_fifo/comm_sm_16/case_000031_dcp4_hkv2_eager.json

================================================================================
Mega comm_sm=16, case 33/100: case_000032_dcp4_hkv2: B=6, Sq=[16, 16, 16, 16, 16, 4096], Sk=[1701, 4041, 1060, 3030, 15752, 82432], DCP=4, Hkv=2
================================================================================
Config: world_size=8, methods=['dcp_mega_varlen'], QH=32, KVH=2, D=128, TP=8, DCP=4, workload=chunk, execution=eager, baseline_phase_timing=False, warmup=40, iters=60, check=False
Workload: B=6, q_tokens=4176, history_tokens=108016, q_seqlens=[16, 16, 16, 16, 16, 4096], history_seqlens=[1701, 4041, 1060, 3030, 15752, 82432]
Agg TFLOPS uses useful attention work across all TP ranks and p50(max_across_ranks); Avg/GPU divides it by world_size.
KV GB/s/GPU is average logical BF16 K+V bytes read per TP rank divided by p50(max_across_ranks); it is not hardware-counter HBM traffic.

Running B=6, q_tokens=4176, history_tokens=108016, causal=True

B=6, q_tokens=4176, history_tokens=108016, QH=32, KVH=2, D=128, TP=8, DCP=4, mode=causal
Method                   Time ms                                                                                                                                     Agg TFLOPS    Avg/GPU  KV GB/s/GPU      Check  Note
dcp_mega_varlen          t0=1.287, t1=1.288, t2=1.281, t3=1.284, t4=1.300, t5=1.297, t6=1.298, t7=1.295 | p50(max_across_ranks)=1.301, p90(max_across_ranks)=1.305       4363.4      545.4         12.3       skip  eager; output=bf16_ipc_a2a; runner_preallocated; timing=mega_kernel_only
Wrote benchmark JSON to /home/hychen/min_fa3_demo/benchmark_logs/experiment_suite/20260812-231044-dcp-cp-suite/01_dcp_wave/results/arrival_1/dcp_4/fa3_native_fifo/comm_sm_16/case_000032_dcp4_hkv2_eager.json

================================================================================
Mega comm_sm=16, case 34/100: case_000033_dcp4_hkv2: B=6, Sq=[16, 16, 16, 16, 16, 16], Sk=[38987, 1291, 16840, 1638, 2346, 11835], DCP=4, Hkv=2
================================================================================
Config: world_size=8, methods=['dcp_mega_varlen'], QH=32, KVH=2, D=128, TP=8, DCP=4, workload=chunk, execution=eager, baseline_phase_timing=False, warmup=40, iters=60, check=False
Workload: B=6, q_tokens=96, history_tokens=72937, q_seqlens=[16, 16, 16, 16, 16, 16], history_seqlens=[38987, 1291, 16840, 1638, 2346, 11835]
Agg TFLOPS uses useful attention work across all TP ranks and p50(max_across_ranks); Avg/GPU divides it by world_size.
KV GB/s/GPU is average logical BF16 K+V bytes read per TP rank divided by p50(max_across_ranks); it is not hardware-counter HBM traffic.

Running B=6, q_tokens=96, history_tokens=72937, causal=True

B=6, q_tokens=96, history_tokens=72937, QH=32, KVH=2, D=128, TP=8, DCP=4, mode=causal
Method                   Time ms                                                                                                                                     Agg TFLOPS    Avg/GPU  KV GB/s/GPU      Check  Note
dcp_mega_varlen          t0=0.060, t1=0.060, t2=0.056, t3=0.057, t4=0.060, t5=0.058, t6=0.060, t7=0.056 | p50(max_across_ranks)=0.061, p90(max_across_ranks)=0.063        312.6       39.1        153.3       skip  eager; output=bf16_ipc_a2a; runner_preallocated; timing=mega_kernel_only
Wrote benchmark JSON to /home/hychen/min_fa3_demo/benchmark_logs/experiment_suite/20260812-231044-dcp-cp-suite/01_dcp_wave/results/arrival_1/dcp_4/fa3_native_fifo/comm_sm_16/case_000033_dcp4_hkv2_eager.json

================================================================================
Mega comm_sm=16, case 35/100: case_000034_dcp4_hkv2: B=4, Sq=[16, 16, 16, 16], Sk=[6336, 16275, 39633, 3157], DCP=4, Hkv=2
================================================================================
Config: world_size=8, methods=['dcp_mega_varlen'], QH=32, KVH=2, D=128, TP=8, DCP=4, workload=chunk, execution=eager, baseline_phase_timing=False, warmup=40, iters=60, check=False
Workload: B=4, q_tokens=64, history_tokens=65401, q_seqlens=[16, 16, 16, 16], history_seqlens=[6336, 16275, 39633, 3157]
Agg TFLOPS uses useful attention work across all TP ranks and p50(max_across_ranks); Avg/GPU divides it by world_size.
KV GB/s/GPU is average logical BF16 K+V bytes read per TP rank divided by p50(max_across_ranks); it is not hardware-counter HBM traffic.

Running B=4, q_tokens=64, history_tokens=65401, causal=True

B=4, q_tokens=64, history_tokens=65401, QH=32, KVH=2, D=128, TP=8, DCP=4, mode=causal
Method                   Time ms                                                                                                                                     Agg TFLOPS    Avg/GPU  KV GB/s/GPU      Check  Note
dcp_mega_varlen          t0=0.055, t1=0.056, t2=0.052, t3=0.053, t4=0.055, t5=0.052, t6=0.055, t7=0.052 | p50(max_across_ranks)=0.056, p90(max_across_ranks)=0.058        306.8       38.4        150.3       skip  eager; output=bf16_ipc_a2a; runner_preallocated; timing=mega_kernel_only
Wrote benchmark JSON to /home/hychen/min_fa3_demo/benchmark_logs/experiment_suite/20260812-231044-dcp-cp-suite/01_dcp_wave/results/arrival_1/dcp_4/fa3_native_fifo/comm_sm_16/case_000034_dcp4_hkv2_eager.json

================================================================================
Mega comm_sm=16, case 36/100: case_000035_dcp4_hkv2: B=6, Sq=[16, 16, 16, 16, 16, 16], Sk=[15926, 10119, 1428, 11258, 993, 12791], DCP=4, Hkv=2
================================================================================
Config: world_size=8, methods=['dcp_mega_varlen'], QH=32, KVH=2, D=128, TP=8, DCP=4, workload=chunk, execution=eager, baseline_phase_timing=False, warmup=40, iters=60, check=False
Workload: B=6, q_tokens=96, history_tokens=52515, q_seqlens=[16, 16, 16, 16, 16, 16], history_seqlens=[15926, 10119, 1428, 11258, 993, 12791]
Agg TFLOPS uses useful attention work across all TP ranks and p50(max_across_ranks); Avg/GPU divides it by world_size.
KV GB/s/GPU is average logical BF16 K+V bytes read per TP rank divided by p50(max_across_ranks); it is not hardware-counter HBM traffic.

Running B=6, q_tokens=96, history_tokens=52515, causal=True

B=6, q_tokens=96, history_tokens=52515, QH=32, KVH=2, D=128, TP=8, DCP=4, mode=causal
Method                   Time ms                                                                                                                                     Agg TFLOPS    Avg/GPU  KV GB/s/GPU      Check  Note
dcp_mega_varlen          t0=0.056, t1=0.057, t2=0.052, t3=0.054, t4=0.055, t5=0.053, t6=0.056, t7=0.053 | p50(max_across_ranks)=0.057, p90(max_across_ranks)=0.058        240.5       30.1        118.2       skip  eager; output=bf16_ipc_a2a; runner_preallocated; timing=mega_kernel_only
Wrote benchmark JSON to /home/hychen/min_fa3_demo/benchmark_logs/experiment_suite/20260812-231044-dcp-cp-suite/01_dcp_wave/results/arrival_1/dcp_4/fa3_native_fifo/comm_sm_16/case_000035_dcp4_hkv2_eager.json

================================================================================
Mega comm_sm=16, case 37/100: case_000036_dcp4_hkv2: B=9, Sq=[16, 16, 16, 16, 16, 16, 16, 16, 16], Sk=[1254, 10326, 15527, 1617, 26752, 24284, 6915, 91704, 11997], DCP=4, Hkv=2
================================================================================
Config: world_size=8, methods=['dcp_mega_varlen'], QH=32, KVH=2, D=128, TP=8, DCP=4, workload=chunk, execution=eager, baseline_phase_timing=False, warmup=40, iters=60, check=False
Workload: B=9, q_tokens=144, history_tokens=190376, q_seqlens=[16, 16, 16, 16, 16, 16, 16, 16, 16], history_seqlens=[1254, 10326, 15527, 1617, 26752, 24284, 6915, 91704, 11997]
Agg TFLOPS uses useful attention work across all TP ranks and p50(max_across_ranks); Avg/GPU divides it by world_size.
KV GB/s/GPU is average logical BF16 K+V bytes read per TP rank divided by p50(max_across_ranks); it is not hardware-counter HBM traffic.

Running B=9, q_tokens=144, history_tokens=190376, causal=True

B=9, q_tokens=144, history_tokens=190376, QH=32, KVH=2, D=128, TP=8, DCP=4, mode=causal
Method                   Time ms                                                                                                                                     Agg TFLOPS    Avg/GPU  KV GB/s/GPU      Check  Note
dcp_mega_varlen          t0=0.067, t1=0.070, t2=0.066, t3=0.067, t4=0.066, t5=0.066, t6=0.069, t7=0.065 | p50(max_across_ranks)=0.070, p90(max_across_ranks)=0.072        709.2       88.6        347.2       skip  eager; output=bf16_ipc_a2a; runner_preallocated; timing=mega_kernel_only
Wrote benchmark JSON to /home/hychen/min_fa3_demo/benchmark_logs/experiment_suite/20260812-231044-dcp-cp-suite/01_dcp_wave/results/arrival_1/dcp_4/fa3_native_fifo/comm_sm_16/case_000036_dcp4_hkv2_eager.json

================================================================================
Mega comm_sm=16, case 38/100: case_000037_dcp4_hkv2: B=19, Sq=[16, 16, 16, 16, 16, 16, 16, 16, 16, 16, 16, 16, 16, 16, 16, 16, 16, 16, 512], Sk=[40330, 4043, 24158, 2515, 11719, 22523, 5961, 7685, 5265, 7287, 6877, 11475, 15710, 19440, 66324, 1516, 32750, 31159, 32256], DCP=4, Hkv=2
================================================================================
Config: world_size=8, methods=['dcp_mega_varlen'], QH=32, KVH=2, D=128, TP=8, DCP=4, workload=chunk, execution=eager, baseline_phase_timing=False, warmup=40, iters=60, check=False
Workload: B=19, q_tokens=800, history_tokens=348993, q_seqlens=[16, 16, 16, 16, 16, 16, 16, 16, 16, 16, 16, 16, 16, 16, 16, 16, 16, 16, 512], history_seqlens=[40330, 4043, 24158, 2515, 11719, 22523, 5961, 7685, 5265, 7287, 6877, 11475, 15710, 19440, 66324, 1516, 32750, 31159, 32256]
Agg TFLOPS uses useful attention work across all TP ranks and p50(max_across_ranks); Avg/GPU divides it by world_size.
KV GB/s/GPU is average logical BF16 K+V bytes read per TP rank divided by p50(max_across_ranks); it is not hardware-counter HBM traffic.

Running B=19, q_tokens=800, history_tokens=348993, causal=True

B=19, q_tokens=800, history_tokens=348993, QH=32, KVH=2, D=128, TP=8, DCP=4, mode=causal
Method                   Time ms                                                                                                                                     Agg TFLOPS    Avg/GPU  KV GB/s/GPU      Check  Note
dcp_mega_varlen          t0=0.155, t1=0.155, t2=0.151, t3=0.153, t4=0.153, t5=0.152, t6=0.154, t7=0.152 | p50(max_across_ranks)=0.156, p90(max_across_ranks)=0.165       2283.4      285.4        289.3       skip  eager; output=bf16_ipc_a2a; runner_preallocated; timing=mega_kernel_only
Wrote benchmark JSON to /home/hychen/min_fa3_demo/benchmark_logs/experiment_suite/20260812-231044-dcp-cp-suite/01_dcp_wave/results/arrival_1/dcp_4/fa3_native_fifo/comm_sm_16/case_000037_dcp4_hkv2_eager.json

================================================================================
Mega comm_sm=16, case 39/100: case_000038_dcp4_hkv2: B=9, Sq=[16, 16, 16, 16, 16, 16, 16, 16, 16], Sk=[3091, 11692, 14466, 10251, 5892, 7304, 1912, 9248, 3807], DCP=4, Hkv=2
================================================================================
Config: world_size=8, methods=['dcp_mega_varlen'], QH=32, KVH=2, D=128, TP=8, DCP=4, workload=chunk, execution=eager, baseline_phase_timing=False, warmup=40, iters=60, check=False
Workload: B=9, q_tokens=144, history_tokens=67663, q_seqlens=[16, 16, 16, 16, 16, 16, 16, 16, 16], history_seqlens=[3091, 11692, 14466, 10251, 5892, 7304, 1912, 9248, 3807]
Agg TFLOPS uses useful attention work across all TP ranks and p50(max_across_ranks); Avg/GPU divides it by world_size.
KV GB/s/GPU is average logical BF16 K+V bytes read per TP rank divided by p50(max_across_ranks); it is not hardware-counter HBM traffic.

Running B=9, q_tokens=144, history_tokens=67663, causal=True

B=9, q_tokens=144, history_tokens=67663, QH=32, KVH=2, D=128, TP=8, DCP=4, mode=causal
Method                   Time ms                                                                                                                                     Agg TFLOPS    Avg/GPU  KV GB/s/GPU      Check  Note
dcp_mega_varlen          t0=0.052, t1=0.053, t2=0.049, t3=0.050, t4=0.051, t5=0.048, t6=0.051, t7=0.049 | p50(max_across_ranks)=0.053, p90(max_across_ranks)=0.055        333.9       41.7        164.2       skip  eager; output=bf16_ipc_a2a; runner_preallocated; timing=mega_kernel_only
Wrote benchmark JSON to /home/hychen/min_fa3_demo/benchmark_logs/experiment_suite/20260812-231044-dcp-cp-suite/01_dcp_wave/results/arrival_1/dcp_4/fa3_native_fifo/comm_sm_16/case_000038_dcp4_hkv2_eager.json

================================================================================
Mega comm_sm=16, case 40/100: case_000039_dcp4_hkv2: B=7, Sq=[16, 16, 16, 16, 16, 16, 16], Sk=[3161, 11748, 14540, 5957, 7365, 9318, 15579], DCP=4, Hkv=2
================================================================================
Config: world_size=8, methods=['dcp_mega_varlen'], QH=32, KVH=2, D=128, TP=8, DCP=4, workload=chunk, execution=eager, baseline_phase_timing=False, warmup=40, iters=60, check=False
Workload: B=7, q_tokens=112, history_tokens=67668, q_seqlens=[16, 16, 16, 16, 16, 16, 16], history_seqlens=[3161, 11748, 14540, 5957, 7365, 9318, 15579]
Agg TFLOPS uses useful attention work across all TP ranks and p50(max_across_ranks); Avg/GPU divides it by world_size.
KV GB/s/GPU is average logical BF16 K+V bytes read per TP rank divided by p50(max_across_ranks); it is not hardware-counter HBM traffic.

Running B=7, q_tokens=112, history_tokens=67668, causal=True

B=7, q_tokens=112, history_tokens=67668, QH=32, KVH=2, D=128, TP=8, DCP=4, mode=causal
Method                   Time ms                                                                                                                                     Agg TFLOPS    Avg/GPU  KV GB/s/GPU      Check  Note
dcp_mega_varlen          t0=0.052, t1=0.052, t2=0.049, t3=0.050, t4=0.050, t5=0.049, t6=0.051, t7=0.048 | p50(max_across_ranks)=0.053, p90(max_across_ranks)=0.055        334.9       41.9        164.5       skip  eager; output=bf16_ipc_a2a; runner_preallocated; timing=mega_kernel_only
Wrote benchmark JSON to /home/hychen/min_fa3_demo/benchmark_logs/experiment_suite/20260812-231044-dcp-cp-suite/01_dcp_wave/results/arrival_1/dcp_4/fa3_native_fifo/comm_sm_16/case_000039_dcp4_hkv2_eager.json

================================================================================
Mega comm_sm=16, case 41/100: case_000040_dcp4_hkv2: B=8, Sq=[16, 16, 16, 16, 16, 16, 16, 16], Sk=[3304, 4610, 20396, 14906, 33412, 16441, 14630, 1881], DCP=4, Hkv=2
================================================================================
Config: world_size=8, methods=['dcp_mega_varlen'], QH=32, KVH=2, D=128, TP=8, DCP=4, workload=chunk, execution=eager, baseline_phase_timing=False, warmup=40, iters=60, check=False
Workload: B=8, q_tokens=128, history_tokens=109580, q_seqlens=[16, 16, 16, 16, 16, 16, 16, 16], history_seqlens=[3304, 4610, 20396, 14906, 33412, 16441, 14630, 1881]
Agg TFLOPS uses useful attention work across all TP ranks and p50(max_across_ranks); Avg/GPU divides it by world_size.
KV GB/s/GPU is average logical BF16 K+V bytes read per TP rank divided by p50(max_across_ranks); it is not hardware-counter HBM traffic.

Running B=8, q_tokens=128, history_tokens=109580, causal=True

B=8, q_tokens=128, history_tokens=109580, QH=32, KVH=2, D=128, TP=8, DCP=4, mode=causal
Method                   Time ms                                                                                                                                     Agg TFLOPS    Avg/GPU  KV GB/s/GPU      Check  Note
dcp_mega_varlen          t0=0.062, t1=0.062, t2=0.057, t3=0.059, t4=0.061, t5=0.059, t6=0.061, t7=0.058 | p50(max_across_ranks)=0.063, p90(max_across_ranks)=0.069        453.1       56.6        222.1       skip  eager; output=bf16_ipc_a2a; runner_preallocated; timing=mega_kernel_only
Wrote benchmark JSON to /home/hychen/min_fa3_demo/benchmark_logs/experiment_suite/20260812-231044-dcp-cp-suite/01_dcp_wave/results/arrival_1/dcp_4/fa3_native_fifo/comm_sm_16/case_000040_dcp4_hkv2_eager.json

================================================================================
Mega comm_sm=16, case 42/100: case_000041_dcp4_hkv2: B=9, Sq=[16, 16, 16, 16, 16, 16, 16, 16, 16], Sk=[11061, 2198, 3112, 19649, 3024, 2461, 12330, 4510, 3558], DCP=4, Hkv=2
================================================================================
Config: world_size=8, methods=['dcp_mega_varlen'], QH=32, KVH=2, D=128, TP=8, DCP=4, workload=chunk, execution=eager, baseline_phase_timing=False, warmup=40, iters=60, check=False
Workload: B=9, q_tokens=144, history_tokens=61903, q_seqlens=[16, 16, 16, 16, 16, 16, 16, 16, 16], history_seqlens=[11061, 2198, 3112, 19649, 3024, 2461, 12330, 4510, 3558]
Agg TFLOPS uses useful attention work across all TP ranks and p50(max_across_ranks); Avg/GPU divides it by world_size.
KV GB/s/GPU is average logical BF16 K+V bytes read per TP rank divided by p50(max_across_ranks); it is not hardware-counter HBM traffic.

Running B=9, q_tokens=144, history_tokens=61903, causal=True

B=9, q_tokens=144, history_tokens=61903, QH=32, KVH=2, D=128, TP=8, DCP=4, mode=causal
Method                   Time ms                                                                                                                                     Agg TFLOPS    Avg/GPU  KV GB/s/GPU      Check  Note
dcp_mega_varlen          t0=0.051, t1=0.051, t2=0.047, t3=0.049, t4=0.050, t5=0.048, t6=0.050, t7=0.047 | p50(max_across_ranks)=0.052, p90(max_across_ranks)=0.053        315.0       39.4        155.0       skip  eager; output=bf16_ipc_a2a; runner_preallocated; timing=mega_kernel_only
Wrote benchmark JSON to /home/hychen/min_fa3_demo/benchmark_logs/experiment_suite/20260812-231044-dcp-cp-suite/01_dcp_wave/results/arrival_1/dcp_4/fa3_native_fifo/comm_sm_16/case_000041_dcp4_hkv2_eager.json

================================================================================
Mega comm_sm=16, case 43/100: case_000042_dcp4_hkv2: B=13, Sq=[16, 16, 16, 16, 16, 16, 16, 16, 16, 16, 16, 16, 16], Sk=[46692, 99093, 5280, 2927, 92245, 1440, 12538, 27558, 1075, 8138, 12461, 9900, 916], DCP=4, Hkv=2
================================================================================
Config: world_size=8, methods=['dcp_mega_varlen'], QH=32, KVH=2, D=128, TP=8, DCP=4, workload=chunk, execution=eager, baseline_phase_timing=False, warmup=40, iters=60, check=False
Workload: B=13, q_tokens=208, history_tokens=320263, q_seqlens=[16, 16, 16, 16, 16, 16, 16, 16, 16, 16, 16, 16, 16], history_seqlens=[46692, 99093, 5280, 2927, 92245, 1440, 12538, 27558, 1075, 8138, 12461, 9900, 916]
Agg TFLOPS uses useful attention work across all TP ranks and p50(max_across_ranks); Avg/GPU divides it by world_size.
KV GB/s/GPU is average logical BF16 K+V bytes read per TP rank divided by p50(max_across_ranks); it is not hardware-counter HBM traffic.

Running B=13, q_tokens=208, history_tokens=320263, causal=True

B=13, q_tokens=208, history_tokens=320263, QH=32, KVH=2, D=128, TP=8, DCP=4, mode=causal
Method                   Time ms                                                                                                                                     Agg TFLOPS    Avg/GPU  KV GB/s/GPU      Check  Note
dcp_mega_varlen          t0=0.083, t1=0.083, t2=0.078, t3=0.079, t4=0.081, t5=0.079, t6=0.082, t7=0.079 | p50(max_across_ranks)=0.083, p90(max_across_ranks)=0.086       1006.1      125.8        492.4       skip  eager; output=bf16_ipc_a2a; runner_preallocated; timing=mega_kernel_only
Wrote benchmark JSON to /home/hychen/min_fa3_demo/benchmark_logs/experiment_suite/20260812-231044-dcp-cp-suite/01_dcp_wave/results/arrival_1/dcp_4/fa3_native_fifo/comm_sm_16/case_000042_dcp4_hkv2_eager.json

================================================================================
Mega comm_sm=16, case 44/100: case_000043_dcp4_hkv2: B=19, Sq=[16, 16, 16, 16, 16, 16, 16, 16, 16, 16, 16, 16, 16, 16, 16, 16, 16, 16, 16], Sk=[3980, 6986, 4924, 65729, 2842, 1801, 5125, 2918, 19190, 1473, 25309, 31014, 9606, 4520, 2440, 5162, 24937, 1335, 7417], DCP=4, Hkv=2
================================================================================
Config: world_size=8, methods=['dcp_mega_varlen'], QH=32, KVH=2, D=128, TP=8, DCP=4, workload=chunk, execution=eager, baseline_phase_timing=False, warmup=40, iters=60, check=False
Workload: B=19, q_tokens=304, history_tokens=226708, q_seqlens=[16, 16, 16, 16, 16, 16, 16, 16, 16, 16, 16, 16, 16, 16, 16, 16, 16, 16, 16], history_seqlens=[3980, 6986, 4924, 65729, 2842, 1801, 5125, 2918, 19190, 1473, 25309, 31014, 9606, 4520, 2440, 5162, 24937, 1335, 7417]
Agg TFLOPS uses useful attention work across all TP ranks and p50(max_across_ranks); Avg/GPU divides it by world_size.
KV GB/s/GPU is average logical BF16 K+V bytes read per TP rank divided by p50(max_across_ranks); it is not hardware-counter HBM traffic.

Running B=19, q_tokens=304, history_tokens=226708, causal=True

B=19, q_tokens=304, history_tokens=226708, QH=32, KVH=2, D=128, TP=8, DCP=4, mode=causal
Method                   Time ms                                                                                                                                     Agg TFLOPS    Avg/GPU  KV GB/s/GPU      Check  Note
dcp_mega_varlen          t0=0.079, t1=0.079, t2=0.074, t3=0.076, t4=0.078, t5=0.076, t6=0.078, t7=0.076 | p50(max_across_ranks)=0.080, p90(max_across_ranks)=0.083        740.0       92.5        363.0       skip  eager; output=bf16_ipc_a2a; runner_preallocated; timing=mega_kernel_only
Wrote benchmark JSON to /home/hychen/min_fa3_demo/benchmark_logs/experiment_suite/20260812-231044-dcp-cp-suite/01_dcp_wave/results/arrival_1/dcp_4/fa3_native_fifo/comm_sm_16/case_000043_dcp4_hkv2_eager.json

================================================================================
Mega comm_sm=16, case 45/100: case_000044_dcp4_hkv2: B=13, Sq=[16, 16, 16, 16, 16, 16, 16, 16, 16, 16, 16, 16, 456], Sk=[11102, 1907, 19798, 2684, 2810, 7254, 4792, 14773, 2562, 2200, 13124, 11421, 4608], DCP=4, Hkv=2
================================================================================
Config: world_size=8, methods=['dcp_mega_varlen'], QH=32, KVH=2, D=128, TP=8, DCP=4, workload=chunk, execution=eager, baseline_phase_timing=False, warmup=40, iters=60, check=False
Workload: B=13, q_tokens=648, history_tokens=99035, q_seqlens=[16, 16, 16, 16, 16, 16, 16, 16, 16, 16, 16, 16, 456], history_seqlens=[11102, 1907, 19798, 2684, 2810, 7254, 4792, 14773, 2562, 2200, 13124, 11421, 4608]
Agg TFLOPS uses useful attention work across all TP ranks and p50(max_across_ranks); Avg/GPU divides it by world_size.
KV GB/s/GPU is average logical BF16 K+V bytes read per TP rank divided by p50(max_across_ranks); it is not hardware-counter HBM traffic.

Running B=13, q_tokens=648, history_tokens=99035, causal=True

B=13, q_tokens=648, history_tokens=99035, QH=32, KVH=2, D=128, TP=8, DCP=4, mode=causal
Method                   Time ms                                                                                                                                     Agg TFLOPS    Avg/GPU  KV GB/s/GPU      Check  Note
dcp_mega_varlen          t0=0.093, t1=0.091, t2=0.088, t3=0.089, t4=0.090, t5=0.089, t6=0.091, t7=0.088 | p50(max_across_ranks)=0.093, p90(max_across_ranks)=0.094        655.2       81.9        139.9       skip  eager; output=bf16_ipc_a2a; runner_preallocated; timing=mega_kernel_only
Wrote benchmark JSON to /home/hychen/min_fa3_demo/benchmark_logs/experiment_suite/20260812-231044-dcp-cp-suite/01_dcp_wave/results/arrival_1/dcp_4/fa3_native_fifo/comm_sm_16/case_000044_dcp4_hkv2_eager.json

================================================================================
Mega comm_sm=16, case 46/100: case_000045_dcp4_hkv2: B=7, Sq=[16, 16, 16, 16, 16, 16, 16], Sk=[5043, 9558, 1921, 12485, 14396, 5178, 5623], DCP=4, Hkv=2
================================================================================
Config: world_size=8, methods=['dcp_mega_varlen'], QH=32, KVH=2, D=128, TP=8, DCP=4, workload=chunk, execution=eager, baseline_phase_timing=False, warmup=40, iters=60, check=False
Workload: B=7, q_tokens=112, history_tokens=54204, q_seqlens=[16, 16, 16, 16, 16, 16, 16], history_seqlens=[5043, 9558, 1921, 12485, 14396, 5178, 5623]
Agg TFLOPS uses useful attention work across all TP ranks and p50(max_across_ranks); Avg/GPU divides it by world_size.
KV GB/s/GPU is average logical BF16 K+V bytes read per TP rank divided by p50(max_across_ranks); it is not hardware-counter HBM traffic.

Running B=7, q_tokens=112, history_tokens=54204, causal=True

B=7, q_tokens=112, history_tokens=54204, QH=32, KVH=2, D=128, TP=8, DCP=4, mode=causal
Method                   Time ms                                                                                                                                     Agg TFLOPS    Avg/GPU  KV GB/s/GPU      Check  Note
dcp_mega_varlen          t0=0.050, t1=0.051, t2=0.046, t3=0.047, t4=0.048, t5=0.046, t6=0.048, t7=0.045 | p50(max_across_ranks)=0.051, p90(max_across_ranks)=0.053        280.1       35.0        137.7       skip  eager; output=bf16_ipc_a2a; runner_preallocated; timing=mega_kernel_only
Wrote benchmark JSON to /home/hychen/min_fa3_demo/benchmark_logs/experiment_suite/20260812-231044-dcp-cp-suite/01_dcp_wave/results/arrival_1/dcp_4/fa3_native_fifo/comm_sm_16/case_000045_dcp4_hkv2_eager.json

================================================================================
Mega comm_sm=16, case 47/100: case_000046_dcp4_hkv2: B=6, Sq=[16, 16, 16, 16, 16, 16], Sk=[4859, 4827, 11972, 21219, 9551, 5215], DCP=4, Hkv=2
================================================================================
Config: world_size=8, methods=['dcp_mega_varlen'], QH=32, KVH=2, D=128, TP=8, DCP=4, workload=chunk, execution=eager, baseline_phase_timing=False, warmup=40, iters=60, check=False
Workload: B=6, q_tokens=96, history_tokens=57643, q_seqlens=[16, 16, 16, 16, 16, 16], history_seqlens=[4859, 4827, 11972, 21219, 9551, 5215]
Agg TFLOPS uses useful attention work across all TP ranks and p50(max_across_ranks); Avg/GPU divides it by world_size.
KV GB/s/GPU is average logical BF16 K+V bytes read per TP rank divided by p50(max_across_ranks); it is not hardware-counter HBM traffic.

Running B=6, q_tokens=96, history_tokens=57643, causal=True

B=6, q_tokens=96, history_tokens=57643, QH=32, KVH=2, D=128, TP=8, DCP=4, mode=causal
Method                   Time ms                                                                                                                                     Agg TFLOPS    Avg/GPU  KV GB/s/GPU      Check  Note
dcp_mega_varlen          t0=0.053, t1=0.053, t2=0.048, t3=0.049, t4=0.050, t5=0.049, t6=0.051, t7=0.048 | p50(max_across_ranks)=0.053, p90(max_across_ranks)=0.058        283.5       35.4        139.2       skip  eager; output=bf16_ipc_a2a; runner_preallocated; timing=mega_kernel_only
Wrote benchmark JSON to /home/hychen/min_fa3_demo/benchmark_logs/experiment_suite/20260812-231044-dcp-cp-suite/01_dcp_wave/results/arrival_1/dcp_4/fa3_native_fifo/comm_sm_16/case_000046_dcp4_hkv2_eager.json

================================================================================
Mega comm_sm=16, case 48/100: case_000047_dcp4_hkv2: B=9, Sq=[16, 16, 16, 16, 16, 16, 16, 16, 16], Sk=[93753, 1605, 10139, 6044, 15394, 1140, 1011, 970, 5249], DCP=4, Hkv=2
================================================================================
Config: world_size=8, methods=['dcp_mega_varlen'], QH=32, KVH=2, D=128, TP=8, DCP=4, workload=chunk, execution=eager, baseline_phase_timing=False, warmup=40, iters=60, check=False
Workload: B=9, q_tokens=144, history_tokens=135305, q_seqlens=[16, 16, 16, 16, 16, 16, 16, 16, 16], history_seqlens=[93753, 1605, 10139, 6044, 15394, 1140, 1011, 970, 5249]
Agg TFLOPS uses useful attention work across all TP ranks and p50(max_across_ranks); Avg/GPU divides it by world_size.
KV GB/s/GPU is average logical BF16 K+V bytes read per TP rank divided by p50(max_across_ranks); it is not hardware-counter HBM traffic.

Running B=9, q_tokens=144, history_tokens=135305, causal=True

B=9, q_tokens=144, history_tokens=135305, QH=32, KVH=2, D=128, TP=8, DCP=4, mode=causal
Method                   Time ms                                                                                                                                     Agg TFLOPS    Avg/GPU  KV GB/s/GPU      Check  Note
dcp_mega_varlen          t0=0.067, t1=0.067, t2=0.063, t3=0.065, t4=0.065, t5=0.064, t6=0.066, t7=0.063 | p50(max_across_ranks)=0.068, p90(max_across_ranks)=0.071        524.2       65.5        256.9       skip  eager; output=bf16_ipc_a2a; runner_preallocated; timing=mega_kernel_only
Wrote benchmark JSON to /home/hychen/min_fa3_demo/benchmark_logs/experiment_suite/20260812-231044-dcp-cp-suite/01_dcp_wave/results/arrival_1/dcp_4/fa3_native_fifo/comm_sm_16/case_000047_dcp4_hkv2_eager.json

================================================================================
Mega comm_sm=16, case 49/100: case_000048_dcp4_hkv2: B=10, Sq=[16, 16, 16, 16, 16, 16, 16, 16, 16, 16], Sk=[2288, 2353, 15819, 16831, 1089, 5741, 7977, 14548, 2419, 925], DCP=4, Hkv=2
================================================================================
Config: world_size=8, methods=['dcp_mega_varlen'], QH=32, KVH=2, D=128, TP=8, DCP=4, workload=chunk, execution=eager, baseline_phase_timing=False, warmup=40, iters=60, check=False
Workload: B=10, q_tokens=160, history_tokens=69990, q_seqlens=[16, 16, 16, 16, 16, 16, 16, 16, 16, 16], history_seqlens=[2288, 2353, 15819, 16831, 1089, 5741, 7977, 14548, 2419, 925]
Agg TFLOPS uses useful attention work across all TP ranks and p50(max_across_ranks); Avg/GPU divides it by world_size.
KV GB/s/GPU is average logical BF16 K+V bytes read per TP rank divided by p50(max_across_ranks); it is not hardware-counter HBM traffic.

Running B=10, q_tokens=160, history_tokens=69990, causal=True

B=10, q_tokens=160, history_tokens=69990, QH=32, KVH=2, D=128, TP=8, DCP=4, mode=causal
Method                   Time ms                                                                                                                                     Agg TFLOPS    Avg/GPU  KV GB/s/GPU      Check  Note
dcp_mega_varlen          t0=0.061, t1=0.062, t2=0.057, t3=0.058, t4=0.058, t5=0.056, t6=0.059, t7=0.056 | p50(max_across_ranks)=0.062, p90(max_across_ranks)=0.065        295.4       36.9        145.4       skip  eager; output=bf16_ipc_a2a; runner_preallocated; timing=mega_kernel_only
Wrote benchmark JSON to /home/hychen/min_fa3_demo/benchmark_logs/experiment_suite/20260812-231044-dcp-cp-suite/01_dcp_wave/results/arrival_1/dcp_4/fa3_native_fifo/comm_sm_16/case_000048_dcp4_hkv2_eager.json

================================================================================
Mega comm_sm=16, case 50/100: case_000049_dcp4_hkv2: B=12, Sq=[16, 16, 16, 16, 16, 16, 16, 16, 16, 16, 16, 16], Sk=[1663, 2874, 53471, 3412, 1136, 5736, 7780, 2693, 8369, 11684, 1576, 13179], DCP=4, Hkv=2
================================================================================
Config: world_size=8, methods=['dcp_mega_varlen'], QH=32, KVH=2, D=128, TP=8, DCP=4, workload=chunk, execution=eager, baseline_phase_timing=False, warmup=40, iters=60, check=False
Workload: B=12, q_tokens=192, history_tokens=113573, q_seqlens=[16, 16, 16, 16, 16, 16, 16, 16, 16, 16, 16, 16], history_seqlens=[1663, 2874, 53471, 3412, 1136, 5736, 7780, 2693, 8369, 11684, 1576, 13179]
Agg TFLOPS uses useful attention work across all TP ranks and p50(max_across_ranks); Avg/GPU divides it by world_size.
KV GB/s/GPU is average logical BF16 K+V bytes read per TP rank divided by p50(max_across_ranks); it is not hardware-counter HBM traffic.

Running B=12, q_tokens=192, history_tokens=113573, causal=True

B=12, q_tokens=192, history_tokens=113573, QH=32, KVH=2, D=128, TP=8, DCP=4, mode=causal
Method                   Time ms                                                                                                                                     Agg TFLOPS    Avg/GPU  KV GB/s/GPU      Check  Note
dcp_mega_varlen          t0=0.064, t1=0.065, t2=0.060, t3=0.062, t4=0.063, t5=0.061, t6=0.063, t7=0.061 | p50(max_across_ranks)=0.065, p90(max_across_ranks)=0.069        456.7       57.1        224.3       skip  eager; output=bf16_ipc_a2a; runner_preallocated; timing=mega_kernel_only
Wrote benchmark JSON to /home/hychen/min_fa3_demo/benchmark_logs/experiment_suite/20260812-231044-dcp-cp-suite/01_dcp_wave/results/arrival_1/dcp_4/fa3_native_fifo/comm_sm_16/case_000049_dcp4_hkv2_eager.json

================================================================================
Mega comm_sm=16, case 51/100: case_000050_dcp4_hkv2: B=4, Sq=[16, 16, 16, 16], Sk=[8861, 16140, 24958, 31913], DCP=4, Hkv=2
================================================================================
Config: world_size=8, methods=['dcp_mega_varlen'], QH=32, KVH=2, D=128, TP=8, DCP=4, workload=chunk, execution=eager, baseline_phase_timing=False, warmup=40, iters=60, check=False
Workload: B=4, q_tokens=64, history_tokens=81872, q_seqlens=[16, 16, 16, 16], history_seqlens=[8861, 16140, 24958, 31913]
Agg TFLOPS uses useful attention work across all TP ranks and p50(max_across_ranks); Avg/GPU divides it by world_size.
KV GB/s/GPU is average logical BF16 K+V bytes read per TP rank divided by p50(max_across_ranks); it is not hardware-counter HBM traffic.

Running B=4, q_tokens=64, history_tokens=81872, causal=True

B=4, q_tokens=64, history_tokens=81872, QH=32, KVH=2, D=128, TP=8, DCP=4, mode=causal
Method                   Time ms                                                                                                                                     Agg TFLOPS    Avg/GPU  KV GB/s/GPU      Check  Note
dcp_mega_varlen          t0=0.054, t1=0.054, t2=0.049, t3=0.050, t4=0.052, t5=0.050, t6=0.052, t7=0.049 | p50(max_across_ranks)=0.054, p90(max_across_ranks)=0.058        394.1       49.3        193.0       skip  eager; output=bf16_ipc_a2a; runner_preallocated; timing=mega_kernel_only
Wrote benchmark JSON to /home/hychen/min_fa3_demo/benchmark_logs/experiment_suite/20260812-231044-dcp-cp-suite/01_dcp_wave/results/arrival_1/dcp_4/fa3_native_fifo/comm_sm_16/case_000050_dcp4_hkv2_eager.json

================================================================================
Mega comm_sm=16, case 52/100: case_000051_dcp4_hkv2: B=10, Sq=[16, 16, 16, 16, 16, 16, 16, 16, 16, 16], Sk=[13090, 9854, 2404, 1384, 18871, 1729, 3451, 5381, 7908, 6644], DCP=4, Hkv=2
================================================================================
Config: world_size=8, methods=['dcp_mega_varlen'], QH=32, KVH=2, D=128, TP=8, DCP=4, workload=chunk, execution=eager, baseline_phase_timing=False, warmup=40, iters=60, check=False
Workload: B=10, q_tokens=160, history_tokens=70716, q_seqlens=[16, 16, 16, 16, 16, 16, 16, 16, 16, 16], history_seqlens=[13090, 9854, 2404, 1384, 18871, 1729, 3451, 5381, 7908, 6644]
Agg TFLOPS uses useful attention work across all TP ranks and p50(max_across_ranks); Avg/GPU divides it by world_size.
KV GB/s/GPU is average logical BF16 K+V bytes read per TP rank divided by p50(max_across_ranks); it is not hardware-counter HBM traffic.

Running B=10, q_tokens=160, history_tokens=70716, causal=True

B=10, q_tokens=160, history_tokens=70716, QH=32, KVH=2, D=128, TP=8, DCP=4, mode=causal
Method                   Time ms                                                                                                                                     Agg TFLOPS    Avg/GPU  KV GB/s/GPU      Check  Note
dcp_mega_varlen          t0=0.058, t1=0.058, t2=0.053, t3=0.055, t4=0.056, t5=0.054, t6=0.057, t7=0.053 | p50(max_across_ranks)=0.058, p90(max_across_ranks)=0.062        317.5       39.7        156.3       skip  eager; output=bf16_ipc_a2a; runner_preallocated; timing=mega_kernel_only
Wrote benchmark JSON to /home/hychen/min_fa3_demo/benchmark_logs/experiment_suite/20260812-231044-dcp-cp-suite/01_dcp_wave/results/arrival_1/dcp_4/fa3_native_fifo/comm_sm_16/case_000051_dcp4_hkv2_eager.json

================================================================================
Mega comm_sm=16, case 53/100: case_000052_dcp4_hkv2: B=6, Sq=[16, 16, 16, 16, 16, 16], Sk=[22079, 3793, 10389, 9643, 11090, 22232], DCP=4, Hkv=2
================================================================================
Config: world_size=8, methods=['dcp_mega_varlen'], QH=32, KVH=2, D=128, TP=8, DCP=4, workload=chunk, execution=eager, baseline_phase_timing=False, warmup=40, iters=60, check=False
Workload: B=6, q_tokens=96, history_tokens=79226, q_seqlens=[16, 16, 16, 16, 16, 16], history_seqlens=[22079, 3793, 10389, 9643, 11090, 22232]
Agg TFLOPS uses useful attention work across all TP ranks and p50(max_across_ranks); Avg/GPU divides it by world_size.
KV GB/s/GPU is average logical BF16 K+V bytes read per TP rank divided by p50(max_across_ranks); it is not hardware-counter HBM traffic.

Running B=6, q_tokens=96, history_tokens=79226, causal=True

B=6, q_tokens=96, history_tokens=79226, QH=32, KVH=2, D=128, TP=8, DCP=4, mode=causal
Method                   Time ms                                                                                                                                     Agg TFLOPS    Avg/GPU  KV GB/s/GPU      Check  Note
dcp_mega_varlen          t0=0.051, t1=0.054, t2=0.051, t3=0.052, t4=0.049, t5=0.050, t6=0.053, t7=0.051 | p50(max_across_ranks)=0.054, p90(max_across_ranks)=0.057        384.6       48.1        188.6       skip  eager; output=bf16_ipc_a2a; runner_preallocated; timing=mega_kernel_only
Wrote benchmark JSON to /home/hychen/min_fa3_demo/benchmark_logs/experiment_suite/20260812-231044-dcp-cp-suite/01_dcp_wave/results/arrival_1/dcp_4/fa3_native_fifo/comm_sm_16/case_000052_dcp4_hkv2_eager.json

================================================================================
Mega comm_sm=16, case 54/100: case_000053_dcp4_hkv2: B=11, Sq=[16, 16, 16, 16, 16, 16, 16, 16, 16, 16, 16], Sk=[15600, 4771, 5987, 4915, 11518, 29856, 16469, 20321, 14695, 4618, 13577], DCP=4, Hkv=2
================================================================================
Config: world_size=8, methods=['dcp_mega_varlen'], QH=32, KVH=2, D=128, TP=8, DCP=4, workload=chunk, execution=eager, baseline_phase_timing=False, warmup=40, iters=60, check=False
Workload: B=11, q_tokens=176, history_tokens=142327, q_seqlens=[16, 16, 16, 16, 16, 16, 16, 16, 16, 16, 16], history_seqlens=[15600, 4771, 5987, 4915, 11518, 29856, 16469, 20321, 14695, 4618, 13577]
Agg TFLOPS uses useful attention work across all TP ranks and p50(max_across_ranks); Avg/GPU divides it by world_size.
KV GB/s/GPU is average logical BF16 K+V bytes read per TP rank divided by p50(max_across_ranks); it is not hardware-counter HBM traffic.

Running B=11, q_tokens=176, history_tokens=142327, causal=True

B=11, q_tokens=176, history_tokens=142327, QH=32, KVH=2, D=128, TP=8, DCP=4, mode=causal
Method                   Time ms                                                                                                                                     Agg TFLOPS    Avg/GPU  KV GB/s/GPU      Check  Note
dcp_mega_varlen          t0=0.058, t1=0.060, t2=0.056, t3=0.057, t4=0.056, t5=0.056, t6=0.059, t7=0.056 | p50(max_across_ranks)=0.061, p90(max_across_ranks)=0.064        616.2       77.0        302.2       skip  eager; output=bf16_ipc_a2a; runner_preallocated; timing=mega_kernel_only
Wrote benchmark JSON to /home/hychen/min_fa3_demo/benchmark_logs/experiment_suite/20260812-231044-dcp-cp-suite/01_dcp_wave/results/arrival_1/dcp_4/fa3_native_fifo/comm_sm_16/case_000053_dcp4_hkv2_eager.json

================================================================================
Mega comm_sm=16, case 55/100: case_000054_dcp4_hkv2: B=8, Sq=[16, 16, 16, 16, 16, 16, 16, 616], Sk=[1398, 7165, 6767, 24497, 4352, 1593, 3169, 1536], DCP=4, Hkv=2
================================================================================
Config: world_size=8, methods=['dcp_mega_varlen'], QH=32, KVH=2, D=128, TP=8, DCP=4, workload=chunk, execution=eager, baseline_phase_timing=False, warmup=40, iters=60, check=False
Workload: B=8, q_tokens=728, history_tokens=50477, q_seqlens=[16, 16, 16, 16, 16, 16, 16, 616], history_seqlens=[1398, 7165, 6767, 24497, 4352, 1593, 3169, 1536]
Agg TFLOPS uses useful attention work across all TP ranks and p50(max_across_ranks); Avg/GPU divides it by world_size.
KV GB/s/GPU is average logical BF16 K+V bytes read per TP rank divided by p50(max_across_ranks); it is not hardware-counter HBM traffic.

Running B=8, q_tokens=728, history_tokens=50477, causal=True

B=8, q_tokens=728, history_tokens=50477, QH=32, KVH=2, D=128, TP=8, DCP=4, mode=causal
Method                   Time ms                                                                                                                                     Agg TFLOPS    Avg/GPU  KV GB/s/GPU      Check  Note
dcp_mega_varlen          t0=0.085, t1=0.085, t2=0.081, t3=0.082, t4=0.084, t5=0.082, t6=0.084, t7=0.081 | p50(max_across_ranks)=0.086, p90(max_across_ranks)=0.088        367.2       45.9         79.8       skip  eager; output=bf16_ipc_a2a; runner_preallocated; timing=mega_kernel_only
Wrote benchmark JSON to /home/hychen/min_fa3_demo/benchmark_logs/experiment_suite/20260812-231044-dcp-cp-suite/01_dcp_wave/results/arrival_1/dcp_4/fa3_native_fifo/comm_sm_16/case_000054_dcp4_hkv2_eager.json

================================================================================
Mega comm_sm=16, case 56/100: case_000055_dcp4_hkv2: B=5, Sq=[16, 16, 16, 16, 16], Sk=[14878, 9621, 2315, 10974, 1100], DCP=4, Hkv=2
================================================================================
Config: world_size=8, methods=['dcp_mega_varlen'], QH=32, KVH=2, D=128, TP=8, DCP=4, workload=chunk, execution=eager, baseline_phase_timing=False, warmup=40, iters=60, check=False
Workload: B=5, q_tokens=80, history_tokens=38888, q_seqlens=[16, 16, 16, 16, 16], history_seqlens=[14878, 9621, 2315, 10974, 1100]
Agg TFLOPS uses useful attention work across all TP ranks and p50(max_across_ranks); Avg/GPU divides it by world_size.
KV GB/s/GPU is average logical BF16 K+V bytes read per TP rank divided by p50(max_across_ranks); it is not hardware-counter HBM traffic.

Running B=5, q_tokens=80, history_tokens=38888, causal=True

B=5, q_tokens=80, history_tokens=38888, QH=32, KVH=2, D=128, TP=8, DCP=4, mode=causal
Method                   Time ms                                                                                                                                     Agg TFLOPS    Avg/GPU  KV GB/s/GPU      Check  Note
dcp_mega_varlen          t0=0.049, t1=0.049, t2=0.045, t3=0.046, t4=0.047, t5=0.045, t6=0.047, t7=0.044 | p50(max_across_ranks)=0.050, p90(max_across_ranks)=0.052        206.2       25.8        101.4       skip  eager; output=bf16_ipc_a2a; runner_preallocated; timing=mega_kernel_only
Wrote benchmark JSON to /home/hychen/min_fa3_demo/benchmark_logs/experiment_suite/20260812-231044-dcp-cp-suite/01_dcp_wave/results/arrival_1/dcp_4/fa3_native_fifo/comm_sm_16/case_000055_dcp4_hkv2_eager.json

================================================================================
Mega comm_sm=16, case 57/100: case_000056_dcp4_hkv2: B=7, Sq=[16, 16, 16, 16, 16, 16, 16], Sk=[10754, 22303, 21052, 31849, 18058, 5316, 2288], DCP=4, Hkv=2
================================================================================
Config: world_size=8, methods=['dcp_mega_varlen'], QH=32, KVH=2, D=128, TP=8, DCP=4, workload=chunk, execution=eager, baseline_phase_timing=False, warmup=40, iters=60, check=False
Workload: B=7, q_tokens=112, history_tokens=111620, q_seqlens=[16, 16, 16, 16, 16, 16, 16], history_seqlens=[10754, 22303, 21052, 31849, 18058, 5316, 2288]
Agg TFLOPS uses useful attention work across all TP ranks and p50(max_across_ranks); Avg/GPU divides it by world_size.
KV GB/s/GPU is average logical BF16 K+V bytes read per TP rank divided by p50(max_across_ranks); it is not hardware-counter HBM traffic.

Running B=7, q_tokens=112, history_tokens=111620, causal=True

B=7, q_tokens=112, history_tokens=111620, QH=32, KVH=2, D=128, TP=8, DCP=4, mode=causal
Method                   Time ms                                                                                                                                     Agg TFLOPS    Avg/GPU  KV GB/s/GPU      Check  Note
dcp_mega_varlen          t0=0.054, t1=0.054, t2=0.050, t3=0.052, t4=0.052, t5=0.050, t6=0.053, t7=0.050 | p50(max_across_ranks)=0.055, p90(max_across_ranks)=0.058        531.4       66.4        260.4       skip  eager; output=bf16_ipc_a2a; runner_preallocated; timing=mega_kernel_only
Wrote benchmark JSON to /home/hychen/min_fa3_demo/benchmark_logs/experiment_suite/20260812-231044-dcp-cp-suite/01_dcp_wave/results/arrival_1/dcp_4/fa3_native_fifo/comm_sm_16/case_000056_dcp4_hkv2_eager.json

================================================================================
Mega comm_sm=16, case 58/100: case_000057_dcp4_hkv2: B=8, Sq=[16, 16, 16, 16, 16, 16, 16, 16], Sk=[19200, 48158, 8257, 7464, 10078, 4215, 6080, 1212], DCP=4, Hkv=2
================================================================================
Config: world_size=8, methods=['dcp_mega_varlen'], QH=32, KVH=2, D=128, TP=8, DCP=4, workload=chunk, execution=eager, baseline_phase_timing=False, warmup=40, iters=60, check=False
Workload: B=8, q_tokens=128, history_tokens=104664, q_seqlens=[16, 16, 16, 16, 16, 16, 16, 16], history_seqlens=[19200, 48158, 8257, 7464, 10078, 4215, 6080, 1212]
Agg TFLOPS uses useful attention work across all TP ranks and p50(max_across_ranks); Avg/GPU divides it by world_size.
KV GB/s/GPU is average logical BF16 K+V bytes read per TP rank divided by p50(max_across_ranks); it is not hardware-counter HBM traffic.

Running B=8, q_tokens=128, history_tokens=104664, causal=True

B=8, q_tokens=128, history_tokens=104664, QH=32, KVH=2, D=128, TP=8, DCP=4, mode=causal
Method                   Time ms                                                                                                                                     Agg TFLOPS    Avg/GPU  KV GB/s/GPU      Check  Note
dcp_mega_varlen          t0=0.063, t1=0.063, t2=0.059, t3=0.060, t4=0.061, t5=0.059, t6=0.061, t7=0.058 | p50(max_across_ranks)=0.064, p90(max_across_ranks)=0.065        432.2       54.0        211.9       skip  eager; output=bf16_ipc_a2a; runner_preallocated; timing=mega_kernel_only
Wrote benchmark JSON to /home/hychen/min_fa3_demo/benchmark_logs/experiment_suite/20260812-231044-dcp-cp-suite/01_dcp_wave/results/arrival_1/dcp_4/fa3_native_fifo/comm_sm_16/case_000057_dcp4_hkv2_eager.json

================================================================================
Mega comm_sm=16, case 59/100: case_000058_dcp4_hkv2: B=8, Sq=[16, 16, 16, 16, 16, 16, 16, 16], Sk=[3244, 2082, 5398, 1762, 1817, 1448, 8679, 44699], DCP=4, Hkv=2
================================================================================
Config: world_size=8, methods=['dcp_mega_varlen'], QH=32, KVH=2, D=128, TP=8, DCP=4, workload=chunk, execution=eager, baseline_phase_timing=False, warmup=40, iters=60, check=False
Workload: B=8, q_tokens=128, history_tokens=69129, q_seqlens=[16, 16, 16, 16, 16, 16, 16, 16], history_seqlens=[3244, 2082, 5398, 1762, 1817, 1448, 8679, 44699]
Agg TFLOPS uses useful attention work across all TP ranks and p50(max_across_ranks); Avg/GPU divides it by world_size.
KV GB/s/GPU is average logical BF16 K+V bytes read per TP rank divided by p50(max_across_ranks); it is not hardware-counter HBM traffic.

Running B=8, q_tokens=128, history_tokens=69129, causal=True

B=8, q_tokens=128, history_tokens=69129, QH=32, KVH=2, D=128, TP=8, DCP=4, mode=causal
Method                   Time ms                                                                                                                                     Agg TFLOPS    Avg/GPU  KV GB/s/GPU      Check  Note
dcp_mega_varlen          t0=0.062, t1=0.061, t2=0.058, t3=0.059, t4=0.059, t5=0.058, t6=0.060, t7=0.057 | p50(max_across_ranks)=0.062, p90(max_across_ranks)=0.064        292.2       36.5        143.6       skip  eager; output=bf16_ipc_a2a; runner_preallocated; timing=mega_kernel_only
Wrote benchmark JSON to /home/hychen/min_fa3_demo/benchmark_logs/experiment_suite/20260812-231044-dcp-cp-suite/01_dcp_wave/results/arrival_1/dcp_4/fa3_native_fifo/comm_sm_16/case_000058_dcp4_hkv2_eager.json

================================================================================
Mega comm_sm=16, case 60/100: case_000059_dcp4_hkv2: B=8, Sq=[16, 16, 16, 16, 16, 16, 16, 4096], Sk=[6089, 25323, 7445, 7274, 14399, 1576, 2074, 12800], DCP=4, Hkv=2
================================================================================
Config: world_size=8, methods=['dcp_mega_varlen'], QH=32, KVH=2, D=128, TP=8, DCP=4, workload=chunk, execution=eager, baseline_phase_timing=False, warmup=40, iters=60, check=False
Workload: B=8, q_tokens=4208, history_tokens=76980, q_seqlens=[16, 16, 16, 16, 16, 16, 16, 4096], history_seqlens=[6089, 25323, 7445, 7274, 14399, 1576, 2074, 12800]
Agg TFLOPS uses useful attention work across all TP ranks and p50(max_across_ranks); Avg/GPU divides it by world_size.
KV GB/s/GPU is average logical BF16 K+V bytes read per TP rank divided by p50(max_across_ranks); it is not hardware-counter HBM traffic.

Running B=8, q_tokens=4208, history_tokens=76980, causal=True

B=8, q_tokens=4208, history_tokens=76980, QH=32, KVH=2, D=128, TP=8, DCP=4, mode=causal
Method                   Time ms                                                                                                                                     Agg TFLOPS    Avg/GPU  KV GB/s/GPU      Check  Note
dcp_mega_varlen          t0=0.328, t1=0.328, t2=0.325, t3=0.326, t4=0.327, t5=0.323, t6=0.327, t7=0.324 | p50(max_across_ranks)=0.332, p90(max_across_ranks)=0.336       3049.3      381.2         36.1       skip  eager; output=bf16_ipc_a2a; runner_preallocated; timing=mega_kernel_only
Wrote benchmark JSON to /home/hychen/min_fa3_demo/benchmark_logs/experiment_suite/20260812-231044-dcp-cp-suite/01_dcp_wave/results/arrival_1/dcp_4/fa3_native_fifo/comm_sm_16/case_000059_dcp4_hkv2_eager.json

================================================================================
Mega comm_sm=16, case 61/100: case_000060_dcp4_hkv2: B=13, Sq=[16, 16, 16, 16, 16, 16, 16, 16, 16, 16, 16, 16, 16], Sk=[1506, 1436, 13666, 5306, 3605, 7767, 4537, 3352, 14920, 13577, 32892, 6117, 968], DCP=4, Hkv=2
================================================================================
Config: world_size=8, methods=['dcp_mega_varlen'], QH=32, KVH=2, D=128, TP=8, DCP=4, workload=chunk, execution=eager, baseline_phase_timing=False, warmup=40, iters=60, check=False
Workload: B=13, q_tokens=208, history_tokens=109649, q_seqlens=[16, 16, 16, 16, 16, 16, 16, 16, 16, 16, 16, 16, 16], history_seqlens=[1506, 1436, 13666, 5306, 3605, 7767, 4537, 3352, 14920, 13577, 32892, 6117, 968]
Agg TFLOPS uses useful attention work across all TP ranks and p50(max_across_ranks); Avg/GPU divides it by world_size.
KV GB/s/GPU is average logical BF16 K+V bytes read per TP rank divided by p50(max_across_ranks); it is not hardware-counter HBM traffic.

Running B=13, q_tokens=208, history_tokens=109649, causal=True

B=13, q_tokens=208, history_tokens=109649, QH=32, KVH=2, D=128, TP=8, DCP=4, mode=causal
Method                   Time ms                                                                                                                                     Agg TFLOPS    Avg/GPU  KV GB/s/GPU      Check  Note
dcp_mega_varlen          t0=0.065, t1=0.064, t2=0.060, t3=0.061, t4=0.063, t5=0.061, t6=0.063, t7=0.060 | p50(max_across_ranks)=0.065, p90(max_across_ranks)=0.067        440.4       55.1        216.5       skip  eager; output=bf16_ipc_a2a; runner_preallocated; timing=mega_kernel_only
Wrote benchmark JSON to /home/hychen/min_fa3_demo/benchmark_logs/experiment_suite/20260812-231044-dcp-cp-suite/01_dcp_wave/results/arrival_1/dcp_4/fa3_native_fifo/comm_sm_16/case_000060_dcp4_hkv2_eager.json

================================================================================
Mega comm_sm=16, case 62/100: case_000061_dcp4_hkv2: B=7, Sq=[16, 16, 16, 16, 16, 16, 16], Sk=[3743, 20732, 9086, 1333, 1841, 5197, 13474], DCP=4, Hkv=2
================================================================================
Config: world_size=8, methods=['dcp_mega_varlen'], QH=32, KVH=2, D=128, TP=8, DCP=4, workload=chunk, execution=eager, baseline_phase_timing=False, warmup=40, iters=60, check=False
Workload: B=7, q_tokens=112, history_tokens=55406, q_seqlens=[16, 16, 16, 16, 16, 16, 16], history_seqlens=[3743, 20732, 9086, 1333, 1841, 5197, 13474]
Agg TFLOPS uses useful attention work across all TP ranks and p50(max_across_ranks); Avg/GPU divides it by world_size.
KV GB/s/GPU is average logical BF16 K+V bytes read per TP rank divided by p50(max_across_ranks); it is not hardware-counter HBM traffic.

Running B=7, q_tokens=112, history_tokens=55406, causal=True

B=7, q_tokens=112, history_tokens=55406, QH=32, KVH=2, D=128, TP=8, DCP=4, mode=causal
Method                   Time ms                                                                                                                                     Agg TFLOPS    Avg/GPU  KV GB/s/GPU      Check  Note
dcp_mega_varlen          t0=0.053, t1=0.053, t2=0.050, t3=0.050, t4=0.051, t5=0.050, t6=0.052, t7=0.049 | p50(max_across_ranks)=0.054, p90(max_across_ranks)=0.057        270.1       33.8        132.8       skip  eager; output=bf16_ipc_a2a; runner_preallocated; timing=mega_kernel_only
Wrote benchmark JSON to /home/hychen/min_fa3_demo/benchmark_logs/experiment_suite/20260812-231044-dcp-cp-suite/01_dcp_wave/results/arrival_1/dcp_4/fa3_native_fifo/comm_sm_16/case_000061_dcp4_hkv2_eager.json

================================================================================
Mega comm_sm=16, case 63/100: case_000062_dcp4_hkv2: B=7, Sq=[16, 16, 16, 16, 16, 16, 16], Sk=[4387, 11763, 48591, 17436, 3589, 2146, 1121], DCP=4, Hkv=2
================================================================================
Config: world_size=8, methods=['dcp_mega_varlen'], QH=32, KVH=2, D=128, TP=8, DCP=4, workload=chunk, execution=eager, baseline_phase_timing=False, warmup=40, iters=60, check=False
Workload: B=7, q_tokens=112, history_tokens=89033, q_seqlens=[16, 16, 16, 16, 16, 16, 16], history_seqlens=[4387, 11763, 48591, 17436, 3589, 2146, 1121]
Agg TFLOPS uses useful attention work across all TP ranks and p50(max_across_ranks); Avg/GPU divides it by world_size.
KV GB/s/GPU is average logical BF16 K+V bytes read per TP rank divided by p50(max_across_ranks); it is not hardware-counter HBM traffic.

Running B=7, q_tokens=112, history_tokens=89033, causal=True

B=7, q_tokens=112, history_tokens=89033, QH=32, KVH=2, D=128, TP=8, DCP=4, mode=causal
Method                   Time ms                                                                                                                                     Agg TFLOPS    Avg/GPU  KV GB/s/GPU      Check  Note
dcp_mega_varlen          t0=0.062, t1=0.062, t2=0.057, t3=0.059, t4=0.060, t5=0.058, t6=0.061, t7=0.057 | p50(max_across_ranks)=0.063, p90(max_across_ranks)=0.069        372.9       46.6        182.9       skip  eager; output=bf16_ipc_a2a; runner_preallocated; timing=mega_kernel_only
Wrote benchmark JSON to /home/hychen/min_fa3_demo/benchmark_logs/experiment_suite/20260812-231044-dcp-cp-suite/01_dcp_wave/results/arrival_1/dcp_4/fa3_native_fifo/comm_sm_16/case_000062_dcp4_hkv2_eager.json

================================================================================
Mega comm_sm=16, case 64/100: case_000063_dcp4_hkv2: B=8, Sq=[16, 16, 16, 16, 16, 16, 16, 16], Sk=[8734, 2194, 34780, 4364, 13675, 1744, 9701, 2967], DCP=4, Hkv=2
================================================================================
Config: world_size=8, methods=['dcp_mega_varlen'], QH=32, KVH=2, D=128, TP=8, DCP=4, workload=chunk, execution=eager, baseline_phase_timing=False, warmup=40, iters=60, check=False
Workload: B=8, q_tokens=128, history_tokens=78159, q_seqlens=[16, 16, 16, 16, 16, 16, 16, 16], history_seqlens=[8734, 2194, 34780, 4364, 13675, 1744, 9701, 2967]
Agg TFLOPS uses useful attention work across all TP ranks and p50(max_across_ranks); Avg/GPU divides it by world_size.
KV GB/s/GPU is average logical BF16 K+V bytes read per TP rank divided by p50(max_across_ranks); it is not hardware-counter HBM traffic.

Running B=8, q_tokens=128, history_tokens=78159, causal=True

B=8, q_tokens=128, history_tokens=78159, QH=32, KVH=2, D=128, TP=8, DCP=4, mode=causal
Method                   Time ms                                                                                                                                     Agg TFLOPS    Avg/GPU  KV GB/s/GPU      Check  Note
dcp_mega_varlen          t0=0.054, t1=0.054, t2=0.051, t3=0.051, t4=0.052, t5=0.051, t6=0.053, t7=0.049 | p50(max_across_ranks)=0.055, p90(max_across_ranks)=0.056        374.0       46.7        183.6       skip  eager; output=bf16_ipc_a2a; runner_preallocated; timing=mega_kernel_only
Wrote benchmark JSON to /home/hychen/min_fa3_demo/benchmark_logs/experiment_suite/20260812-231044-dcp-cp-suite/01_dcp_wave/results/arrival_1/dcp_4/fa3_native_fifo/comm_sm_16/case_000063_dcp4_hkv2_eager.json

================================================================================
Mega comm_sm=16, case 65/100: case_000064_dcp4_hkv2: B=7, Sq=[16, 16, 16, 16, 16, 16, 16], Sk=[5362, 1350, 18594, 2622, 16046, 20440, 2642], DCP=4, Hkv=2
================================================================================
Config: world_size=8, methods=['dcp_mega_varlen'], QH=32, KVH=2, D=128, TP=8, DCP=4, workload=chunk, execution=eager, baseline_phase_timing=False, warmup=40, iters=60, check=False
Workload: B=7, q_tokens=112, history_tokens=67056, q_seqlens=[16, 16, 16, 16, 16, 16, 16], history_seqlens=[5362, 1350, 18594, 2622, 16046, 20440, 2642]
Agg TFLOPS uses useful attention work across all TP ranks and p50(max_across_ranks); Avg/GPU divides it by world_size.
KV GB/s/GPU is average logical BF16 K+V bytes read per TP rank divided by p50(max_across_ranks); it is not hardware-counter HBM traffic.

Running B=7, q_tokens=112, history_tokens=67056, causal=True

B=7, q_tokens=112, history_tokens=67056, QH=32, KVH=2, D=128, TP=8, DCP=4, mode=causal
Method                   Time ms                                                                                                                                     Agg TFLOPS    Avg/GPU  KV GB/s/GPU      Check  Note
dcp_mega_varlen          t0=0.056, t1=0.056, t2=0.051, t3=0.053, t4=0.053, t5=0.052, t6=0.054, t7=0.051 | p50(max_across_ranks)=0.057, p90(max_across_ranks)=0.060        308.8       38.6        151.7       skip  eager; output=bf16_ipc_a2a; runner_preallocated; timing=mega_kernel_only
Wrote benchmark JSON to /home/hychen/min_fa3_demo/benchmark_logs/experiment_suite/20260812-231044-dcp-cp-suite/01_dcp_wave/results/arrival_1/dcp_4/fa3_native_fifo/comm_sm_16/case_000064_dcp4_hkv2_eager.json

================================================================================
Mega comm_sm=16, case 66/100: case_000065_dcp4_hkv2: B=9, Sq=[16, 16, 16, 16, 16, 16, 16, 16, 400], Sk=[2085, 14196, 2563, 19769, 1251, 2519, 8897, 4113, 512], DCP=4, Hkv=2
================================================================================
Config: world_size=8, methods=['dcp_mega_varlen'], QH=32, KVH=2, D=128, TP=8, DCP=4, workload=chunk, execution=eager, baseline_phase_timing=False, warmup=40, iters=60, check=False
Workload: B=9, q_tokens=528, history_tokens=55905, q_seqlens=[16, 16, 16, 16, 16, 16, 16, 16, 400], history_seqlens=[2085, 14196, 2563, 19769, 1251, 2519, 8897, 4113, 512]
Agg TFLOPS uses useful attention work across all TP ranks and p50(max_across_ranks); Avg/GPU divides it by world_size.
KV GB/s/GPU is average logical BF16 K+V bytes read per TP rank divided by p50(max_across_ranks); it is not hardware-counter HBM traffic.

Running B=9, q_tokens=528, history_tokens=55905, causal=True

B=9, q_tokens=528, history_tokens=55905, QH=32, KVH=2, D=128, TP=8, DCP=4, mode=causal
Method                   Time ms                                                                                                                                     Agg TFLOPS    Avg/GPU  KV GB/s/GPU      Check  Note
dcp_mega_varlen          t0=0.071, t1=0.071, t2=0.067, t3=0.068, t4=0.070, t5=0.068, t6=0.070, t7=0.066 | p50(max_across_ranks)=0.072, p90(max_across_ranks)=0.073        268.5       33.6        103.8       skip  eager; output=bf16_ipc_a2a; runner_preallocated; timing=mega_kernel_only
Wrote benchmark JSON to /home/hychen/min_fa3_demo/benchmark_logs/experiment_suite/20260812-231044-dcp-cp-suite/01_dcp_wave/results/arrival_1/dcp_4/fa3_native_fifo/comm_sm_16/case_000065_dcp4_hkv2_eager.json

================================================================================
Mega comm_sm=16, case 67/100: case_000066_dcp4_hkv2: B=11, Sq=[16, 16, 16, 16, 16, 16, 16, 16, 16, 16, 16], Sk=[14568, 3614, 4265, 9629, 16227, 2672, 5902, 14321, 12905, 8894, 1462], DCP=4, Hkv=2
================================================================================
Config: world_size=8, methods=['dcp_mega_varlen'], QH=32, KVH=2, D=128, TP=8, DCP=4, workload=chunk, execution=eager, baseline_phase_timing=False, warmup=40, iters=60, check=False
Workload: B=11, q_tokens=176, history_tokens=94459, q_seqlens=[16, 16, 16, 16, 16, 16, 16, 16, 16, 16, 16], history_seqlens=[14568, 3614, 4265, 9629, 16227, 2672, 5902, 14321, 12905, 8894, 1462]
Agg TFLOPS uses useful attention work across all TP ranks and p50(max_across_ranks); Avg/GPU divides it by world_size.
KV GB/s/GPU is average logical BF16 K+V bytes read per TP rank divided by p50(max_across_ranks); it is not hardware-counter HBM traffic.

Running B=11, q_tokens=176, history_tokens=94459, causal=True

B=11, q_tokens=176, history_tokens=94459, QH=32, KVH=2, D=128, TP=8, DCP=4, mode=causal
Method                   Time ms                                                                                                                                     Agg TFLOPS    Avg/GPU  KV GB/s/GPU      Check  Note
dcp_mega_varlen          t0=0.064, t1=0.064, t2=0.059, t3=0.061, t4=0.062, t5=0.061, t6=0.063, t7=0.059 | p50(max_across_ranks)=0.065, p90(max_across_ranks)=0.067        381.7       47.7        187.6       skip  eager; output=bf16_ipc_a2a; runner_preallocated; timing=mega_kernel_only
Wrote benchmark JSON to /home/hychen/min_fa3_demo/benchmark_logs/experiment_suite/20260812-231044-dcp-cp-suite/01_dcp_wave/results/arrival_1/dcp_4/fa3_native_fifo/comm_sm_16/case_000066_dcp4_hkv2_eager.json

================================================================================
Mega comm_sm=16, case 68/100: case_000067_dcp4_hkv2: B=8, Sq=[16, 16, 16, 16, 16, 16, 16, 16], Sk=[2647, 16728, 1254, 4958, 7694, 1263, 1908, 2364], DCP=4, Hkv=2
================================================================================
Config: world_size=8, methods=['dcp_mega_varlen'], QH=32, KVH=2, D=128, TP=8, DCP=4, workload=chunk, execution=eager, baseline_phase_timing=False, warmup=40, iters=60, check=False
Workload: B=8, q_tokens=128, history_tokens=38816, q_seqlens=[16, 16, 16, 16, 16, 16, 16, 16], history_seqlens=[2647, 16728, 1254, 4958, 7694, 1263, 1908, 2364]
Agg TFLOPS uses useful attention work across all TP ranks and p50(max_across_ranks); Avg/GPU divides it by world_size.
KV GB/s/GPU is average logical BF16 K+V bytes read per TP rank divided by p50(max_across_ranks); it is not hardware-counter HBM traffic.

Running B=8, q_tokens=128, history_tokens=38816, causal=True

B=8, q_tokens=128, history_tokens=38816, QH=32, KVH=2, D=128, TP=8, DCP=4, mode=causal
Method                   Time ms                                                                                                                                     Agg TFLOPS    Avg/GPU  KV GB/s/GPU      Check  Note
dcp_mega_varlen          t0=0.050, t1=0.049, t2=0.044, t3=0.047, t4=0.047, t5=0.046, t6=0.048, t7=0.044 | p50(max_across_ranks)=0.050, p90(max_across_ranks)=0.051        203.9       25.5        100.7       skip  eager; output=bf16_ipc_a2a; runner_preallocated; timing=mega_kernel_only
Wrote benchmark JSON to /home/hychen/min_fa3_demo/benchmark_logs/experiment_suite/20260812-231044-dcp-cp-suite/01_dcp_wave/results/arrival_1/dcp_4/fa3_native_fifo/comm_sm_16/case_000067_dcp4_hkv2_eager.json

================================================================================
Mega comm_sm=16, case 69/100: case_000068_dcp4_hkv2: B=10, Sq=[16, 16, 16, 16, 16, 16, 16, 16, 16, 16], Sk=[10637, 15331, 8481, 4844, 15971, 1085, 6729, 18439, 20854, 23058], DCP=4, Hkv=2
================================================================================
Config: world_size=8, methods=['dcp_mega_varlen'], QH=32, KVH=2, D=128, TP=8, DCP=4, workload=chunk, execution=eager, baseline_phase_timing=False, warmup=40, iters=60, check=False
Workload: B=10, q_tokens=160, history_tokens=125429, q_seqlens=[16, 16, 16, 16, 16, 16, 16, 16, 16, 16], history_seqlens=[10637, 15331, 8481, 4844, 15971, 1085, 6729, 18439, 20854, 23058]
Agg TFLOPS uses useful attention work across all TP ranks and p50(max_across_ranks); Avg/GPU divides it by world_size.
KV GB/s/GPU is average logical BF16 K+V bytes read per TP rank divided by p50(max_across_ranks); it is not hardware-counter HBM traffic.

Running B=10, q_tokens=160, history_tokens=125429, causal=True

B=10, q_tokens=160, history_tokens=125429, QH=32, KVH=2, D=128, TP=8, DCP=4, mode=causal
Method                   Time ms                                                                                                                                     Agg TFLOPS    Avg/GPU  KV GB/s/GPU      Check  Note
dcp_mega_varlen          t0=0.061, t1=0.061, t2=0.057, t3=0.058, t4=0.059, t5=0.058, t6=0.060, t7=0.057 | p50(max_across_ranks)=0.062, p90(max_across_ranks)=0.064        531.6       66.5        260.7       skip  eager; output=bf16_ipc_a2a; runner_preallocated; timing=mega_kernel_only
Wrote benchmark JSON to /home/hychen/min_fa3_demo/benchmark_logs/experiment_suite/20260812-231044-dcp-cp-suite/01_dcp_wave/results/arrival_1/dcp_4/fa3_native_fifo/comm_sm_16/case_000068_dcp4_hkv2_eager.json

================================================================================
Mega comm_sm=16, case 70/100: case_000069_dcp4_hkv2: B=5, Sq=[16, 16, 16, 16, 16], Sk=[3323, 11331, 40589, 58538, 6431], DCP=4, Hkv=2
================================================================================
Config: world_size=8, methods=['dcp_mega_varlen'], QH=32, KVH=2, D=128, TP=8, DCP=4, workload=chunk, execution=eager, baseline_phase_timing=False, warmup=40, iters=60, check=False
Workload: B=5, q_tokens=80, history_tokens=120212, q_seqlens=[16, 16, 16, 16, 16], history_seqlens=[3323, 11331, 40589, 58538, 6431]
Agg TFLOPS uses useful attention work across all TP ranks and p50(max_across_ranks); Avg/GPU divides it by world_size.
KV GB/s/GPU is average logical BF16 K+V bytes read per TP rank divided by p50(max_across_ranks); it is not hardware-counter HBM traffic.

Running B=5, q_tokens=80, history_tokens=120212, causal=True

B=5, q_tokens=80, history_tokens=120212, QH=32, KVH=2, D=128, TP=8, DCP=4, mode=causal
Method                   Time ms                                                                                                                                     Agg TFLOPS    Avg/GPU  KV GB/s/GPU      Check  Note
dcp_mega_varlen          t0=0.060, t1=0.061, t2=0.057, t3=0.057, t4=0.059, t5=0.058, t6=0.059, t7=0.056 | p50(max_across_ranks)=0.061, p90(max_across_ranks)=0.064        517.3       64.7        253.2       skip  eager; output=bf16_ipc_a2a; runner_preallocated; timing=mega_kernel_only
Wrote benchmark JSON to /home/hychen/min_fa3_demo/benchmark_logs/experiment_suite/20260812-231044-dcp-cp-suite/01_dcp_wave/results/arrival_1/dcp_4/fa3_native_fifo/comm_sm_16/case_000069_dcp4_hkv2_eager.json

================================================================================
Mega comm_sm=16, case 71/100: case_000070_dcp4_hkv2: B=10, Sq=[16, 16, 16, 16, 16, 16, 16, 16, 16, 16], Sk=[3256, 15600, 3515, 2941, 1156, 1152, 4543, 1008, 3080, 11947], DCP=4, Hkv=2
================================================================================
Config: world_size=8, methods=['dcp_mega_varlen'], QH=32, KVH=2, D=128, TP=8, DCP=4, workload=chunk, execution=eager, baseline_phase_timing=False, warmup=40, iters=60, check=False
Workload: B=10, q_tokens=160, history_tokens=48198, q_seqlens=[16, 16, 16, 16, 16, 16, 16, 16, 16, 16], history_seqlens=[3256, 15600, 3515, 2941, 1156, 1152, 4543, 1008, 3080, 11947]
Agg TFLOPS uses useful attention work across all TP ranks and p50(max_across_ranks); Avg/GPU divides it by world_size.
KV GB/s/GPU is average logical BF16 K+V bytes read per TP rank divided by p50(max_across_ranks); it is not hardware-counter HBM traffic.

Running B=10, q_tokens=160, history_tokens=48198, causal=True

B=10, q_tokens=160, history_tokens=48198, QH=32, KVH=2, D=128, TP=8, DCP=4, mode=causal
Method                   Time ms                                                                                                                                     Agg TFLOPS    Avg/GPU  KV GB/s/GPU      Check  Note
dcp_mega_varlen          t0=0.059, t1=0.059, t2=0.055, t3=0.056, t4=0.057, t5=0.055, t6=0.057, t7=0.055 | p50(max_across_ranks)=0.059, p90(max_across_ranks)=0.063        212.9       26.6        105.1       skip  eager; output=bf16_ipc_a2a; runner_preallocated; timing=mega_kernel_only
Wrote benchmark JSON to /home/hychen/min_fa3_demo/benchmark_logs/experiment_suite/20260812-231044-dcp-cp-suite/01_dcp_wave/results/arrival_1/dcp_4/fa3_native_fifo/comm_sm_16/case_000070_dcp4_hkv2_eager.json

================================================================================
Mega comm_sm=16, case 72/100: case_000071_dcp4_hkv2: B=4, Sq=[16, 16, 16, 16], Sk=[1313, 95285, 24119, 14797], DCP=4, Hkv=2
================================================================================
Config: world_size=8, methods=['dcp_mega_varlen'], QH=32, KVH=2, D=128, TP=8, DCP=4, workload=chunk, execution=eager, baseline_phase_timing=False, warmup=40, iters=60, check=False
Workload: B=4, q_tokens=64, history_tokens=135514, q_seqlens=[16, 16, 16, 16], history_seqlens=[1313, 95285, 24119, 14797]
Agg TFLOPS uses useful attention work across all TP ranks and p50(max_across_ranks); Avg/GPU divides it by world_size.
KV GB/s/GPU is average logical BF16 K+V bytes read per TP rank divided by p50(max_across_ranks); it is not hardware-counter HBM traffic.

Running B=4, q_tokens=64, history_tokens=135514, causal=True

B=4, q_tokens=64, history_tokens=135514, QH=32, KVH=2, D=128, TP=8, DCP=4, mode=causal
Method                   Time ms                                                                                                                                     Agg TFLOPS    Avg/GPU  KV GB/s/GPU      Check  Note
dcp_mega_varlen          t0=0.065, t1=0.065, t2=0.061, t3=0.062, t4=0.063, t5=0.062, t6=0.064, t7=0.061 | p50(max_across_ranks)=0.066, p90(max_across_ranks)=0.069        541.7       67.7        264.9       skip  eager; output=bf16_ipc_a2a; runner_preallocated; timing=mega_kernel_only
Wrote benchmark JSON to /home/hychen/min_fa3_demo/benchmark_logs/experiment_suite/20260812-231044-dcp-cp-suite/01_dcp_wave/results/arrival_1/dcp_4/fa3_native_fifo/comm_sm_16/case_000071_dcp4_hkv2_eager.json

================================================================================
Mega comm_sm=16, case 73/100: case_000072_dcp4_hkv2: B=5, Sq=[16, 16, 16, 16, 16], Sk=[1691, 4276, 5047, 1060, 931], DCP=4, Hkv=2
================================================================================
Config: world_size=8, methods=['dcp_mega_varlen'], QH=32, KVH=2, D=128, TP=8, DCP=4, workload=chunk, execution=eager, baseline_phase_timing=False, warmup=40, iters=60, check=False
Workload: B=5, q_tokens=80, history_tokens=13005, q_seqlens=[16, 16, 16, 16, 16], history_seqlens=[1691, 4276, 5047, 1060, 931]
Agg TFLOPS uses useful attention work across all TP ranks and p50(max_across_ranks); Avg/GPU divides it by world_size.
KV GB/s/GPU is average logical BF16 K+V bytes read per TP rank divided by p50(max_across_ranks); it is not hardware-counter HBM traffic.

Running B=5, q_tokens=80, history_tokens=13005, causal=True

B=5, q_tokens=80, history_tokens=13005, QH=32, KVH=2, D=128, TP=8, DCP=4, mode=causal
Method                   Time ms                                                                                                                                     Agg TFLOPS    Avg/GPU  KV GB/s/GPU      Check  Note
dcp_mega_varlen          t0=0.045, t1=0.045, t2=0.041, t3=0.041, t4=0.042, t5=0.041, t6=0.043, t7=0.040 | p50(max_across_ranks)=0.046, p90(max_across_ranks)=0.048         74.4        9.3         37.1       skip  eager; output=bf16_ipc_a2a; runner_preallocated; timing=mega_kernel_only
Wrote benchmark JSON to /home/hychen/min_fa3_demo/benchmark_logs/experiment_suite/20260812-231044-dcp-cp-suite/01_dcp_wave/results/arrival_1/dcp_4/fa3_native_fifo/comm_sm_16/case_000072_dcp4_hkv2_eager.json

================================================================================
Mega comm_sm=16, case 74/100: case_000073_dcp4_hkv2: B=7, Sq=[16, 16, 16, 16, 16, 16, 16], Sk=[109473, 3820, 7001, 7363, 9089, 1744, 4273], DCP=4, Hkv=2
================================================================================
Config: world_size=8, methods=['dcp_mega_varlen'], QH=32, KVH=2, D=128, TP=8, DCP=4, workload=chunk, execution=eager, baseline_phase_timing=False, warmup=40, iters=60, check=False
Workload: B=7, q_tokens=112, history_tokens=142763, q_seqlens=[16, 16, 16, 16, 16, 16, 16], history_seqlens=[109473, 3820, 7001, 7363, 9089, 1744, 4273]
Agg TFLOPS uses useful attention work across all TP ranks and p50(max_across_ranks); Avg/GPU divides it by world_size.
KV GB/s/GPU is average logical BF16 K+V bytes read per TP rank divided by p50(max_across_ranks); it is not hardware-counter HBM traffic.

Running B=7, q_tokens=112, history_tokens=142763, causal=True

B=7, q_tokens=112, history_tokens=142763, QH=32, KVH=2, D=128, TP=8, DCP=4, mode=causal
Method                   Time ms                                                                                                                                     Agg TFLOPS    Avg/GPU  KV GB/s/GPU      Check  Note
dcp_mega_varlen          t0=0.069, t1=0.069, t2=0.066, t3=0.066, t4=0.067, t5=0.065, t6=0.068, t7=0.065 | p50(max_across_ranks)=0.070, p90(max_across_ranks)=0.074        537.4       67.2        263.1       skip  eager; output=bf16_ipc_a2a; runner_preallocated; timing=mega_kernel_only
Wrote benchmark JSON to /home/hychen/min_fa3_demo/benchmark_logs/experiment_suite/20260812-231044-dcp-cp-suite/01_dcp_wave/results/arrival_1/dcp_4/fa3_native_fifo/comm_sm_16/case_000073_dcp4_hkv2_eager.json

================================================================================
Mega comm_sm=16, case 75/100: case_000074_dcp4_hkv2: B=14, Sq=[16, 16, 16, 16, 16, 16, 16, 16, 16, 16, 16, 16, 16, 16], Sk=[33784, 1322, 23660, 15241, 17366, 5628, 4103, 14722, 30289, 8289, 49727, 13117, 1172, 28644], DCP=4, Hkv=2
================================================================================
Config: world_size=8, methods=['dcp_mega_varlen'], QH=32, KVH=2, D=128, TP=8, DCP=4, workload=chunk, execution=eager, baseline_phase_timing=False, warmup=40, iters=60, check=False
Workload: B=14, q_tokens=224, history_tokens=247064, q_seqlens=[16, 16, 16, 16, 16, 16, 16, 16, 16, 16, 16, 16, 16, 16], history_seqlens=[33784, 1322, 23660, 15241, 17366, 5628, 4103, 14722, 30289, 8289, 49727, 13117, 1172, 28644]
Agg TFLOPS uses useful attention work across all TP ranks and p50(max_across_ranks); Avg/GPU divides it by world_size.
KV GB/s/GPU is average logical BF16 K+V bytes read per TP rank divided by p50(max_across_ranks); it is not hardware-counter HBM traffic.

Running B=14, q_tokens=224, history_tokens=247064, causal=True

B=14, q_tokens=224, history_tokens=247064, QH=32, KVH=2, D=128, TP=8, DCP=4, mode=causal
Method                   Time ms                                                                                                                                     Agg TFLOPS    Avg/GPU  KV GB/s/GPU      Check  Note
dcp_mega_varlen          t0=0.077, t1=0.078, t2=0.074, t3=0.076, t4=0.076, t5=0.074, t6=0.077, t7=0.074 | p50(max_across_ranks)=0.079, p90(max_across_ranks)=0.080        825.3      103.2        404.3       skip  eager; output=bf16_ipc_a2a; runner_preallocated; timing=mega_kernel_only
Wrote benchmark JSON to /home/hychen/min_fa3_demo/benchmark_logs/experiment_suite/20260812-231044-dcp-cp-suite/01_dcp_wave/results/arrival_1/dcp_4/fa3_native_fifo/comm_sm_16/case_000074_dcp4_hkv2_eager.json

================================================================================
Mega comm_sm=16, case 76/100: case_000075_dcp4_hkv2: B=9, Sq=[16, 16, 16, 16, 16, 16, 16, 16, 16], Sk=[34124, 8602, 28971, 4206, 11859, 15223, 2108, 13995, 5210], DCP=4, Hkv=2
================================================================================
Config: world_size=8, methods=['dcp_mega_varlen'], QH=32, KVH=2, D=128, TP=8, DCP=4, workload=chunk, execution=eager, baseline_phase_timing=False, warmup=40, iters=60, check=False
Workload: B=9, q_tokens=144, history_tokens=124298, q_seqlens=[16, 16, 16, 16, 16, 16, 16, 16, 16], history_seqlens=[34124, 8602, 28971, 4206, 11859, 15223, 2108, 13995, 5210]
Agg TFLOPS uses useful attention work across all TP ranks and p50(max_across_ranks); Avg/GPU divides it by world_size.
KV GB/s/GPU is average logical BF16 K+V bytes read per TP rank divided by p50(max_across_ranks); it is not hardware-counter HBM traffic.

Running B=9, q_tokens=144, history_tokens=124298, causal=True

B=9, q_tokens=144, history_tokens=124298, QH=32, KVH=2, D=128, TP=8, DCP=4, mode=causal
Method                   Time ms                                                                                                                                     Agg TFLOPS    Avg/GPU  KV GB/s/GPU      Check  Note
dcp_mega_varlen          t0=0.064, t1=0.064, t2=0.060, t3=0.060, t4=0.062, t5=0.060, t6=0.062, t7=0.059 | p50(max_across_ranks)=0.065, p90(max_across_ranks)=0.066        505.4       63.2        247.8       skip  eager; output=bf16_ipc_a2a; runner_preallocated; timing=mega_kernel_only
Wrote benchmark JSON to /home/hychen/min_fa3_demo/benchmark_logs/experiment_suite/20260812-231044-dcp-cp-suite/01_dcp_wave/results/arrival_1/dcp_4/fa3_native_fifo/comm_sm_16/case_000075_dcp4_hkv2_eager.json

================================================================================
Mega comm_sm=16, case 77/100: case_000076_dcp4_hkv2: B=6, Sq=[16, 16, 16, 16, 16, 16], Sk=[4213, 21817, 18299, 5447, 19231, 4827], DCP=4, Hkv=2
================================================================================
Config: world_size=8, methods=['dcp_mega_varlen'], QH=32, KVH=2, D=128, TP=8, DCP=4, workload=chunk, execution=eager, baseline_phase_timing=False, warmup=40, iters=60, check=False
Workload: B=6, q_tokens=96, history_tokens=73834, q_seqlens=[16, 16, 16, 16, 16, 16], history_seqlens=[4213, 21817, 18299, 5447, 19231, 4827]
Agg TFLOPS uses useful attention work across all TP ranks and p50(max_across_ranks); Avg/GPU divides it by world_size.
KV GB/s/GPU is average logical BF16 K+V bytes read per TP rank divided by p50(max_across_ranks); it is not hardware-counter HBM traffic.

Running B=6, q_tokens=96, history_tokens=73834, causal=True

B=6, q_tokens=96, history_tokens=73834, QH=32, KVH=2, D=128, TP=8, DCP=4, mode=causal
Method                   Time ms                                                                                                                                     Agg TFLOPS    Avg/GPU  KV GB/s/GPU      Check  Note
dcp_mega_varlen          t0=0.050, t1=0.050, t2=0.045, t3=0.048, t4=0.048, t5=0.046, t6=0.049, t7=0.046 | p50(max_across_ranks)=0.051, p90(max_across_ranks)=0.052        380.4       47.6        186.6       skip  eager; output=bf16_ipc_a2a; runner_preallocated; timing=mega_kernel_only
Wrote benchmark JSON to /home/hychen/min_fa3_demo/benchmark_logs/experiment_suite/20260812-231044-dcp-cp-suite/01_dcp_wave/results/arrival_1/dcp_4/fa3_native_fifo/comm_sm_16/case_000076_dcp4_hkv2_eager.json

================================================================================
Mega comm_sm=16, case 78/100: case_000077_dcp4_hkv2: B=10, Sq=[16, 16, 16, 16, 16, 16, 16, 16, 4096, 4096], Sk=[22549, 4333, 1595, 10042, 35320, 4521, 64380, 1300, 25088, 20992], DCP=4, Hkv=2
================================================================================
Config: world_size=8, methods=['dcp_mega_varlen'], QH=32, KVH=2, D=128, TP=8, DCP=4, workload=chunk, execution=eager, baseline_phase_timing=False, warmup=40, iters=60, check=False
Workload: B=10, q_tokens=8320, history_tokens=190120, q_seqlens=[16, 16, 16, 16, 16, 16, 16, 16, 4096, 4096], history_seqlens=[22549, 4333, 1595, 10042, 35320, 4521, 64380, 1300, 25088, 20992]
Agg TFLOPS uses useful attention work across all TP ranks and p50(max_across_ranks); Avg/GPU divides it by world_size.
KV GB/s/GPU is average logical BF16 K+V bytes read per TP rank divided by p50(max_across_ranks); it is not hardware-counter HBM traffic.

Running B=10, q_tokens=8320, history_tokens=190120, causal=True

B=10, q_tokens=8320, history_tokens=190120, QH=32, KVH=2, D=128, TP=8, DCP=4, mode=causal
Method                   Time ms                                                                                                                                     Agg TFLOPS    Avg/GPU  KV GB/s/GPU      Check  Note
dcp_mega_varlen          t0=0.859, t1=0.859, t2=0.859, t3=0.872, t4=0.844, t5=0.849, t6=0.847, t7=0.852 | p50(max_across_ranks)=0.872, p90(max_across_ranks)=0.877       3907.1      488.4         32.8       skip  eager; output=bf16_ipc_a2a; runner_preallocated; timing=mega_kernel_only
Wrote benchmark JSON to /home/hychen/min_fa3_demo/benchmark_logs/experiment_suite/20260812-231044-dcp-cp-suite/01_dcp_wave/results/arrival_1/dcp_4/fa3_native_fifo/comm_sm_16/case_000077_dcp4_hkv2_eager.json

================================================================================
Mega comm_sm=16, case 79/100: case_000078_dcp4_hkv2: B=8, Sq=[16, 16, 16, 16, 16, 16, 16, 16], Sk=[8677, 1828, 32269, 14832, 4730, 43231, 1018, 3922], DCP=4, Hkv=2
================================================================================
Config: world_size=8, methods=['dcp_mega_varlen'], QH=32, KVH=2, D=128, TP=8, DCP=4, workload=chunk, execution=eager, baseline_phase_timing=False, warmup=40, iters=60, check=False
Workload: B=8, q_tokens=128, history_tokens=110507, q_seqlens=[16, 16, 16, 16, 16, 16, 16, 16], history_seqlens=[8677, 1828, 32269, 14832, 4730, 43231, 1018, 3922]
Agg TFLOPS uses useful attention work across all TP ranks and p50(max_across_ranks); Avg/GPU divides it by world_size.
KV GB/s/GPU is average logical BF16 K+V bytes read per TP rank divided by p50(max_across_ranks); it is not hardware-counter HBM traffic.

Running B=8, q_tokens=128, history_tokens=110507, causal=True

B=8, q_tokens=128, history_tokens=110507, QH=32, KVH=2, D=128, TP=8, DCP=4, mode=causal
Method                   Time ms                                                                                                                                     Agg TFLOPS    Avg/GPU  KV GB/s/GPU      Check  Note
dcp_mega_varlen          t0=0.062, t1=0.062, t2=0.058, t3=0.060, t4=0.061, t5=0.058, t6=0.060, t7=0.058 | p50(max_across_ranks)=0.063, p90(max_across_ranks)=0.066        461.0       57.6        226.0       skip  eager; output=bf16_ipc_a2a; runner_preallocated; timing=mega_kernel_only
Wrote benchmark JSON to /home/hychen/min_fa3_demo/benchmark_logs/experiment_suite/20260812-231044-dcp-cp-suite/01_dcp_wave/results/arrival_1/dcp_4/fa3_native_fifo/comm_sm_16/case_000078_dcp4_hkv2_eager.json

================================================================================
Mega comm_sm=16, case 80/100: case_000079_dcp4_hkv2: B=9, Sq=[16, 16, 16, 16, 16, 16, 16, 16, 592], Sk=[9271, 5322, 7408, 9085, 24588, 2838, 9289, 23871, 4608], DCP=4, Hkv=2
================================================================================
Config: world_size=8, methods=['dcp_mega_varlen'], QH=32, KVH=2, D=128, TP=8, DCP=4, workload=chunk, execution=eager, baseline_phase_timing=False, warmup=40, iters=60, check=False
Workload: B=9, q_tokens=720, history_tokens=96280, q_seqlens=[16, 16, 16, 16, 16, 16, 16, 16, 592], history_seqlens=[9271, 5322, 7408, 9085, 24588, 2838, 9289, 23871, 4608]
Agg TFLOPS uses useful attention work across all TP ranks and p50(max_across_ranks); Avg/GPU divides it by world_size.
KV GB/s/GPU is average logical BF16 K+V bytes read per TP rank divided by p50(max_across_ranks); it is not hardware-counter HBM traffic.

Running B=9, q_tokens=720, history_tokens=96280, causal=True

B=9, q_tokens=720, history_tokens=96280, QH=32, KVH=2, D=128, TP=8, DCP=4, mode=causal
Method                   Time ms                                                                                                                                     Agg TFLOPS    Avg/GPU  KV GB/s/GPU      Check  Note
dcp_mega_varlen          t0=0.093, t1=0.093, t2=0.089, t3=0.090, t4=0.092, t5=0.090, t6=0.092, t7=0.089 | p50(max_across_ranks)=0.093, p90(max_across_ranks)=0.096        766.7       95.8        135.9       skip  eager; output=bf16_ipc_a2a; runner_preallocated; timing=mega_kernel_only
Wrote benchmark JSON to /home/hychen/min_fa3_demo/benchmark_logs/experiment_suite/20260812-231044-dcp-cp-suite/01_dcp_wave/results/arrival_1/dcp_4/fa3_native_fifo/comm_sm_16/case_000079_dcp4_hkv2_eager.json

================================================================================
Mega comm_sm=16, case 81/100: case_000080_dcp4_hkv2: B=8, Sq=[16, 16, 16, 16, 16, 16, 16, 16], Sk=[4683, 1830, 8706, 21710, 26532, 3827, 2769, 5147], DCP=4, Hkv=2
================================================================================
Config: world_size=8, methods=['dcp_mega_varlen'], QH=32, KVH=2, D=128, TP=8, DCP=4, workload=chunk, execution=eager, baseline_phase_timing=False, warmup=40, iters=60, check=False
Workload: B=8, q_tokens=128, history_tokens=75204, q_seqlens=[16, 16, 16, 16, 16, 16, 16, 16], history_seqlens=[4683, 1830, 8706, 21710, 26532, 3827, 2769, 5147]
Agg TFLOPS uses useful attention work across all TP ranks and p50(max_across_ranks); Avg/GPU divides it by world_size.
KV GB/s/GPU is average logical BF16 K+V bytes read per TP rank divided by p50(max_across_ranks); it is not hardware-counter HBM traffic.

Running B=8, q_tokens=128, history_tokens=75204, causal=True

B=8, q_tokens=128, history_tokens=75204, QH=32, KVH=2, D=128, TP=8, DCP=4, mode=causal
Method                   Time ms                                                                                                                                     Agg TFLOPS    Avg/GPU  KV GB/s/GPU      Check  Note
dcp_mega_varlen          t0=0.053, t1=0.053, t2=0.049, t3=0.050, t4=0.051, t5=0.050, t6=0.052, t7=0.049 | p50(max_across_ranks)=0.054, p90(max_across_ranks)=0.066        368.1       46.0        180.8       skip  eager; output=bf16_ipc_a2a; runner_preallocated; timing=mega_kernel_only
Wrote benchmark JSON to /home/hychen/min_fa3_demo/benchmark_logs/experiment_suite/20260812-231044-dcp-cp-suite/01_dcp_wave/results/arrival_1/dcp_4/fa3_native_fifo/comm_sm_16/case_000080_dcp4_hkv2_eager.json

================================================================================
Mega comm_sm=16, case 82/100: case_000081_dcp4_hkv2: B=9, Sq=[16, 16, 16, 16, 16, 16, 16, 16, 16], Sk=[4715, 1850, 8731, 21738, 26558, 3855, 2799, 5179, 1291], DCP=4, Hkv=2
================================================================================
Config: world_size=8, methods=['dcp_mega_varlen'], QH=32, KVH=2, D=128, TP=8, DCP=4, workload=chunk, execution=eager, baseline_phase_timing=False, warmup=40, iters=60, check=False
Workload: B=9, q_tokens=144, history_tokens=76716, q_seqlens=[16, 16, 16, 16, 16, 16, 16, 16, 16], history_seqlens=[4715, 1850, 8731, 21738, 26558, 3855, 2799, 5179, 1291]
Agg TFLOPS uses useful attention work across all TP ranks and p50(max_across_ranks); Avg/GPU divides it by world_size.
KV GB/s/GPU is average logical BF16 K+V bytes read per TP rank divided by p50(max_across_ranks); it is not hardware-counter HBM traffic.

Running B=9, q_tokens=144, history_tokens=76716, causal=True

B=9, q_tokens=144, history_tokens=76716, QH=32, KVH=2, D=128, TP=8, DCP=4, mode=causal
Method                   Time ms                                                                                                                                     Agg TFLOPS    Avg/GPU  KV GB/s/GPU      Check  Note
dcp_mega_varlen          t0=0.062, t1=0.061, t2=0.058, t3=0.058, t4=0.060, t5=0.058, t6=0.060, t7=0.057 | p50(max_across_ranks)=0.063, p90(max_across_ranks)=0.066        321.1       40.1        157.8       skip  eager; output=bf16_ipc_a2a; runner_preallocated; timing=mega_kernel_only
Wrote benchmark JSON to /home/hychen/min_fa3_demo/benchmark_logs/experiment_suite/20260812-231044-dcp-cp-suite/01_dcp_wave/results/arrival_1/dcp_4/fa3_native_fifo/comm_sm_16/case_000081_dcp4_hkv2_eager.json

================================================================================
Mega comm_sm=16, case 83/100: case_000082_dcp4_hkv2: B=8, Sq=[16, 16, 16, 16, 16, 16, 16, 16], Sk=[4095, 3988, 9172, 21766, 29230, 1222, 10350, 5243], DCP=4, Hkv=2
================================================================================
Config: world_size=8, methods=['dcp_mega_varlen'], QH=32, KVH=2, D=128, TP=8, DCP=4, workload=chunk, execution=eager, baseline_phase_timing=False, warmup=40, iters=60, check=False
Workload: B=8, q_tokens=128, history_tokens=85066, q_seqlens=[16, 16, 16, 16, 16, 16, 16, 16], history_seqlens=[4095, 3988, 9172, 21766, 29230, 1222, 10350, 5243]
Agg TFLOPS uses useful attention work across all TP ranks and p50(max_across_ranks); Avg/GPU divides it by world_size.
KV GB/s/GPU is average logical BF16 K+V bytes read per TP rank divided by p50(max_across_ranks); it is not hardware-counter HBM traffic.

Running B=8, q_tokens=128, history_tokens=85066, causal=True

B=8, q_tokens=128, history_tokens=85066, QH=32, KVH=2, D=128, TP=8, DCP=4, mode=causal
Method                   Time ms                                                                                                                                     Agg TFLOPS    Avg/GPU  KV GB/s/GPU      Check  Note
dcp_mega_varlen          t0=0.060, t1=0.060, t2=0.055, t3=0.058, t4=0.057, t5=0.056, t6=0.058, t7=0.055 | p50(max_across_ranks)=0.061, p90(max_across_ranks)=0.063        366.6       45.8        179.9       skip  eager; output=bf16_ipc_a2a; runner_preallocated; timing=mega_kernel_only
Wrote benchmark JSON to /home/hychen/min_fa3_demo/benchmark_logs/experiment_suite/20260812-231044-dcp-cp-suite/01_dcp_wave/results/arrival_1/dcp_4/fa3_native_fifo/comm_sm_16/case_000082_dcp4_hkv2_eager.json

================================================================================
Mega comm_sm=16, case 84/100: case_000083_dcp4_hkv2: B=8, Sq=[16, 16, 16, 16, 16, 16, 16, 16], Sk=[50866, 1965, 8855, 6423, 3336, 3374, 3654, 4103], DCP=4, Hkv=2
================================================================================
Config: world_size=8, methods=['dcp_mega_varlen'], QH=32, KVH=2, D=128, TP=8, DCP=4, workload=chunk, execution=eager, baseline_phase_timing=False, warmup=40, iters=60, check=False
Workload: B=8, q_tokens=128, history_tokens=82576, q_seqlens=[16, 16, 16, 16, 16, 16, 16, 16], history_seqlens=[50866, 1965, 8855, 6423, 3336, 3374, 3654, 4103]
Agg TFLOPS uses useful attention work across all TP ranks and p50(max_across_ranks); Avg/GPU divides it by world_size.
KV GB/s/GPU is average logical BF16 K+V bytes read per TP rank divided by p50(max_across_ranks); it is not hardware-counter HBM traffic.

Running B=8, q_tokens=128, history_tokens=82576, causal=True

B=8, q_tokens=128, history_tokens=82576, QH=32, KVH=2, D=128, TP=8, DCP=4, mode=causal
Method                   Time ms                                                                                                                                     Agg TFLOPS    Avg/GPU  KV GB/s/GPU      Check  Note
dcp_mega_varlen          t0=0.060, t1=0.060, t2=0.056, t3=0.057, t4=0.058, t5=0.057, t6=0.059, t7=0.056 | p50(max_across_ranks)=0.061, p90(max_across_ranks)=0.062        356.7       44.6        175.1       skip  eager; output=bf16_ipc_a2a; runner_preallocated; timing=mega_kernel_only
Wrote benchmark JSON to /home/hychen/min_fa3_demo/benchmark_logs/experiment_suite/20260812-231044-dcp-cp-suite/01_dcp_wave/results/arrival_1/dcp_4/fa3_native_fifo/comm_sm_16/case_000083_dcp4_hkv2_eager.json

================================================================================
Mega comm_sm=16, case 85/100: case_000084_dcp4_hkv2: B=9, Sq=[16, 16, 16, 16, 16, 16, 16, 16, 4096], Sk=[12191, 1335, 9198, 1915, 3046, 1183, 5688, 66146, 512], DCP=4, Hkv=2
================================================================================
Config: world_size=8, methods=['dcp_mega_varlen'], QH=32, KVH=2, D=128, TP=8, DCP=4, workload=chunk, execution=eager, baseline_phase_timing=False, warmup=40, iters=60, check=False
Workload: B=9, q_tokens=4224, history_tokens=101214, q_seqlens=[16, 16, 16, 16, 16, 16, 16, 16, 4096], history_seqlens=[12191, 1335, 9198, 1915, 3046, 1183, 5688, 66146, 512]
Agg TFLOPS uses useful attention work across all TP ranks and p50(max_across_ranks); Avg/GPU divides it by world_size.
KV GB/s/GPU is average logical BF16 K+V bytes read per TP rank divided by p50(max_across_ranks); it is not hardware-counter HBM traffic.

Running B=9, q_tokens=4224, history_tokens=101214, causal=True

B=9, q_tokens=4224, history_tokens=101214, QH=32, KVH=2, D=128, TP=8, DCP=4, mode=causal
Method                   Time ms                                                                                                                                     Agg TFLOPS    Avg/GPU  KV GB/s/GPU      Check  Note
dcp_mega_varlen          t0=0.246, t1=0.247, t2=0.243, t3=0.243, t4=0.246, t5=0.244, t6=0.247, t7=0.243 | p50(max_across_ranks)=0.248, p90(max_across_ranks)=0.250        797.9       99.7         60.9       skip  eager; output=bf16_ipc_a2a; runner_preallocated; timing=mega_kernel_only
Wrote benchmark JSON to /home/hychen/min_fa3_demo/benchmark_logs/experiment_suite/20260812-231044-dcp-cp-suite/01_dcp_wave/results/arrival_1/dcp_4/fa3_native_fifo/comm_sm_16/case_000084_dcp4_hkv2_eager.json

================================================================================
Mega comm_sm=16, case 86/100: case_000085_dcp4_hkv2: B=6, Sq=[16, 16, 16, 16, 16, 16], Sk=[1182, 40183, 37132, 3449, 4806, 1657], DCP=4, Hkv=2
================================================================================
Config: world_size=8, methods=['dcp_mega_varlen'], QH=32, KVH=2, D=128, TP=8, DCP=4, workload=chunk, execution=eager, baseline_phase_timing=False, warmup=40, iters=60, check=False
Workload: B=6, q_tokens=96, history_tokens=88409, q_seqlens=[16, 16, 16, 16, 16, 16], history_seqlens=[1182, 40183, 37132, 3449, 4806, 1657]
Agg TFLOPS uses useful attention work across all TP ranks and p50(max_across_ranks); Avg/GPU divides it by world_size.
KV GB/s/GPU is average logical BF16 K+V bytes read per TP rank divided by p50(max_across_ranks); it is not hardware-counter HBM traffic.

Running B=6, q_tokens=96, history_tokens=88409, causal=True

B=6, q_tokens=96, history_tokens=88409, QH=32, KVH=2, D=128, TP=8, DCP=4, mode=causal
Method                   Time ms                                                                                                                                     Agg TFLOPS    Avg/GPU  KV GB/s/GPU      Check  Note
dcp_mega_varlen          t0=0.060, t1=0.060, t2=0.057, t3=0.058, t4=0.058, t5=0.056, t6=0.060, t7=0.056 | p50(max_across_ranks)=0.061, p90(max_across_ranks)=0.063        379.5       47.4        186.0       skip  eager; output=bf16_ipc_a2a; runner_preallocated; timing=mega_kernel_only
Wrote benchmark JSON to /home/hychen/min_fa3_demo/benchmark_logs/experiment_suite/20260812-231044-dcp-cp-suite/01_dcp_wave/results/arrival_1/dcp_4/fa3_native_fifo/comm_sm_16/case_000085_dcp4_hkv2_eager.json

================================================================================
Mega comm_sm=16, case 87/100: case_000086_dcp4_hkv2: B=12, Sq=[16, 16, 16, 16, 16, 16, 16, 16, 16, 16, 16, 16], Sk=[1781, 9213, 4759, 8397, 11459, 9811, 2614, 9438, 13766, 7279, 11117, 16903], DCP=4, Hkv=2
================================================================================
Config: world_size=8, methods=['dcp_mega_varlen'], QH=32, KVH=2, D=128, TP=8, DCP=4, workload=chunk, execution=eager, baseline_phase_timing=False, warmup=40, iters=60, check=False
Workload: B=12, q_tokens=192, history_tokens=106537, q_seqlens=[16, 16, 16, 16, 16, 16, 16, 16, 16, 16, 16, 16], history_seqlens=[1781, 9213, 4759, 8397, 11459, 9811, 2614, 9438, 13766, 7279, 11117, 16903]
Agg TFLOPS uses useful attention work across all TP ranks and p50(max_across_ranks); Avg/GPU divides it by world_size.
KV GB/s/GPU is average logical BF16 K+V bytes read per TP rank divided by p50(max_across_ranks); it is not hardware-counter HBM traffic.

Running B=12, q_tokens=192, history_tokens=106537, causal=True

B=12, q_tokens=192, history_tokens=106537, QH=32, KVH=2, D=128, TP=8, DCP=4, mode=causal
Method                   Time ms                                                                                                                                     Agg TFLOPS    Avg/GPU  KV GB/s/GPU      Check  Note
dcp_mega_varlen          t0=0.059, t1=0.059, t2=0.055, t3=0.057, t4=0.057, t5=0.056, t6=0.058, t7=0.054 | p50(max_across_ranks)=0.060, p90(max_across_ranks)=0.062        467.3       58.4        229.6       skip  eager; output=bf16_ipc_a2a; runner_preallocated; timing=mega_kernel_only
Wrote benchmark JSON to /home/hychen/min_fa3_demo/benchmark_logs/experiment_suite/20260812-231044-dcp-cp-suite/01_dcp_wave/results/arrival_1/dcp_4/fa3_native_fifo/comm_sm_16/case_000086_dcp4_hkv2_eager.json

================================================================================
Mega comm_sm=16, case 88/100: case_000087_dcp4_hkv2: B=5, Sq=[16, 16, 16, 16, 16], Sk=[13078, 19454, 22090, 13314, 2295], DCP=4, Hkv=2
================================================================================
Config: world_size=8, methods=['dcp_mega_varlen'], QH=32, KVH=2, D=128, TP=8, DCP=4, workload=chunk, execution=eager, baseline_phase_timing=False, warmup=40, iters=60, check=False
Workload: B=5, q_tokens=80, history_tokens=70231, q_seqlens=[16, 16, 16, 16, 16], history_seqlens=[13078, 19454, 22090, 13314, 2295]
Agg TFLOPS uses useful attention work across all TP ranks and p50(max_across_ranks); Avg/GPU divides it by world_size.
KV GB/s/GPU is average logical BF16 K+V bytes read per TP rank divided by p50(max_across_ranks); it is not hardware-counter HBM traffic.

Running B=5, q_tokens=80, history_tokens=70231, causal=True

B=5, q_tokens=80, history_tokens=70231, QH=32, KVH=2, D=128, TP=8, DCP=4, mode=causal
Method                   Time ms                                                                                                                                     Agg TFLOPS    Avg/GPU  KV GB/s/GPU      Check  Note
dcp_mega_varlen          t0=0.050, t1=0.049, t2=0.046, t3=0.047, t4=0.048, t5=0.046, t6=0.048, t7=0.045 | p50(max_across_ranks)=0.050, p90(max_across_ranks)=0.053        366.4       45.8        179.6       skip  eager; output=bf16_ipc_a2a; runner_preallocated; timing=mega_kernel_only
Wrote benchmark JSON to /home/hychen/min_fa3_demo/benchmark_logs/experiment_suite/20260812-231044-dcp-cp-suite/01_dcp_wave/results/arrival_1/dcp_4/fa3_native_fifo/comm_sm_16/case_000087_dcp4_hkv2_eager.json

================================================================================
Mega comm_sm=16, case 89/100: case_000088_dcp4_hkv2: B=7, Sq=[16, 16, 16, 16, 16, 16, 16], Sk=[11502, 1197, 63646, 6427, 19636, 30571, 11357], DCP=4, Hkv=2
================================================================================
Config: world_size=8, methods=['dcp_mega_varlen'], QH=32, KVH=2, D=128, TP=8, DCP=4, workload=chunk, execution=eager, baseline_phase_timing=False, warmup=40, iters=60, check=False
Workload: B=7, q_tokens=112, history_tokens=144336, q_seqlens=[16, 16, 16, 16, 16, 16, 16], history_seqlens=[11502, 1197, 63646, 6427, 19636, 30571, 11357]
Agg TFLOPS uses useful attention work across all TP ranks and p50(max_across_ranks); Avg/GPU divides it by world_size.
KV GB/s/GPU is average logical BF16 K+V bytes read per TP rank divided by p50(max_across_ranks); it is not hardware-counter HBM traffic.

Running B=7, q_tokens=112, history_tokens=144336, causal=True

B=7, q_tokens=112, history_tokens=144336, QH=32, KVH=2, D=128, TP=8, DCP=4, mode=causal
Method                   Time ms                                                                                                                                     Agg TFLOPS    Avg/GPU  KV GB/s/GPU      Check  Note
dcp_mega_varlen          t0=0.063, t1=0.063, t2=0.059, t3=0.060, t4=0.061, t5=0.059, t6=0.062, t7=0.058 | p50(max_across_ranks)=0.064, p90(max_across_ranks)=0.066        595.2       74.4        291.4       skip  eager; output=bf16_ipc_a2a; runner_preallocated; timing=mega_kernel_only
Wrote benchmark JSON to /home/hychen/min_fa3_demo/benchmark_logs/experiment_suite/20260812-231044-dcp-cp-suite/01_dcp_wave/results/arrival_1/dcp_4/fa3_native_fifo/comm_sm_16/case_000088_dcp4_hkv2_eager.json

================================================================================
Mega comm_sm=16, case 90/100: case_000089_dcp4_hkv2: B=3, Sq=[16, 16, 16], Sk=[75335, 14038, 4360], DCP=4, Hkv=2
================================================================================
Config: world_size=8, methods=['dcp_mega_varlen'], QH=32, KVH=2, D=128, TP=8, DCP=4, workload=chunk, execution=eager, baseline_phase_timing=False, warmup=40, iters=60, check=False
Workload: B=3, q_tokens=48, history_tokens=93733, q_seqlens=[16, 16, 16], history_seqlens=[75335, 14038, 4360]
Agg TFLOPS uses useful attention work across all TP ranks and p50(max_across_ranks); Avg/GPU divides it by world_size.
KV GB/s/GPU is average logical BF16 K+V bytes read per TP rank divided by p50(max_across_ranks); it is not hardware-counter HBM traffic.

Running B=3, q_tokens=48, history_tokens=93733, causal=True

B=3, q_tokens=48, history_tokens=93733, QH=32, KVH=2, D=128, TP=8, DCP=4, mode=causal
Method                   Time ms                                                                                                                                     Agg TFLOPS    Avg/GPU  KV GB/s/GPU      Check  Note
dcp_mega_varlen          t0=0.063, t1=0.063, t2=0.059, t3=0.059, t4=0.061, t5=0.059, t6=0.061, t7=0.057 | p50(max_across_ranks)=0.063, p90(max_across_ranks)=0.065        387.5       48.4        189.6       skip  eager; output=bf16_ipc_a2a; runner_preallocated; timing=mega_kernel_only
Wrote benchmark JSON to /home/hychen/min_fa3_demo/benchmark_logs/experiment_suite/20260812-231044-dcp-cp-suite/01_dcp_wave/results/arrival_1/dcp_4/fa3_native_fifo/comm_sm_16/case_000089_dcp4_hkv2_eager.json

================================================================================
Mega comm_sm=16, case 91/100: case_000090_dcp4_hkv2: B=17, Sq=[16, 16, 16, 16, 16, 16, 16, 16, 16, 16, 16, 16, 16, 16, 16, 16, 16], Sk=[52580, 1328, 1313, 1246, 9961, 32871, 1332, 6428, 5812, 2918, 2837, 14704, 5013, 14094, 7682, 3731, 4478], DCP=4, Hkv=2
================================================================================
Config: world_size=8, methods=['dcp_mega_varlen'], QH=32, KVH=2, D=128, TP=8, DCP=4, workload=chunk, execution=eager, baseline_phase_timing=False, warmup=40, iters=60, check=False
Workload: B=17, q_tokens=272, history_tokens=168328, q_seqlens=[16, 16, 16, 16, 16, 16, 16, 16, 16, 16, 16, 16, 16, 16, 16, 16, 16], history_seqlens=[52580, 1328, 1313, 1246, 9961, 32871, 1332, 6428, 5812, 2918, 2837, 14704, 5013, 14094, 7682, 3731, 4478]
Agg TFLOPS uses useful attention work across all TP ranks and p50(max_across_ranks); Avg/GPU divides it by world_size.
KV GB/s/GPU is average logical BF16 K+V bytes read per TP rank divided by p50(max_across_ranks); it is not hardware-counter HBM traffic.

Running B=17, q_tokens=272, history_tokens=168328, causal=True

B=17, q_tokens=272, history_tokens=168328, QH=32, KVH=2, D=128, TP=8, DCP=4, mode=causal
Method                   Time ms                                                                                                                                     Agg TFLOPS    Avg/GPU  KV GB/s/GPU      Check  Note
dcp_mega_varlen          t0=0.069, t1=0.070, t2=0.066, t3=0.067, t4=0.070, t5=0.069, t6=0.070, t7=0.067 | p50(max_across_ranks)=0.071, p90(max_across_ranks)=0.074        622.0       77.7        305.4       skip  eager; output=bf16_ipc_a2a; runner_preallocated; timing=mega_kernel_only
Wrote benchmark JSON to /home/hychen/min_fa3_demo/benchmark_logs/experiment_suite/20260812-231044-dcp-cp-suite/01_dcp_wave/results/arrival_1/dcp_4/fa3_native_fifo/comm_sm_16/case_000090_dcp4_hkv2_eager.json

================================================================================
Mega comm_sm=16, case 92/100: case_000091_dcp4_hkv2: B=13, Sq=[16, 16, 16, 16, 16, 16, 16, 16, 16, 16, 16, 592, 4096], Sk=[2360, 3183, 6866, 16663, 2988, 18236, 4289, 52311, 3042, 4364, 52034, 16896, 512], DCP=4, Hkv=2
================================================================================
Config: world_size=8, methods=['dcp_mega_varlen'], QH=32, KVH=2, D=128, TP=8, DCP=4, workload=chunk, execution=eager, baseline_phase_timing=False, warmup=40, iters=60, check=False
Workload: B=13, q_tokens=4864, history_tokens=183744, q_seqlens=[16, 16, 16, 16, 16, 16, 16, 16, 16, 16, 16, 592, 4096], history_seqlens=[2360, 3183, 6866, 16663, 2988, 18236, 4289, 52311, 3042, 4364, 52034, 16896, 512]
Agg TFLOPS uses useful attention work across all TP ranks and p50(max_across_ranks); Avg/GPU divides it by world_size.
KV GB/s/GPU is average logical BF16 K+V bytes read per TP rank divided by p50(max_across_ranks); it is not hardware-counter HBM traffic.

Running B=13, q_tokens=4864, history_tokens=183744, causal=True

B=13, q_tokens=4864, history_tokens=183744, QH=32, KVH=2, D=128, TP=8, DCP=4, mode=causal
Method                   Time ms                                                                                                                                     Agg TFLOPS    Avg/GPU  KV GB/s/GPU      Check  Note
dcp_mega_varlen          t0=0.237, t1=0.234, t2=0.232, t3=0.232, t4=0.236, t5=0.233, t6=0.235, t7=0.230 | p50(max_across_ranks)=0.239, p90(max_across_ranks)=0.244       1596.4      199.5        108.6       skip  eager; output=bf16_ipc_a2a; runner_preallocated; timing=mega_kernel_only
Wrote benchmark JSON to /home/hychen/min_fa3_demo/benchmark_logs/experiment_suite/20260812-231044-dcp-cp-suite/01_dcp_wave/results/arrival_1/dcp_4/fa3_native_fifo/comm_sm_16/case_000091_dcp4_hkv2_eager.json

================================================================================
Mega comm_sm=16, case 93/100: case_000092_dcp4_hkv2: B=8, Sq=[16, 16, 16, 16, 16, 16, 16, 16], Sk=[35428, 57819, 1362, 16824, 24141, 1061, 4085, 17397], DCP=4, Hkv=2
================================================================================
Config: world_size=8, methods=['dcp_mega_varlen'], QH=32, KVH=2, D=128, TP=8, DCP=4, workload=chunk, execution=eager, baseline_phase_timing=False, warmup=40, iters=60, check=False
Workload: B=8, q_tokens=128, history_tokens=158117, q_seqlens=[16, 16, 16, 16, 16, 16, 16, 16], history_seqlens=[35428, 57819, 1362, 16824, 24141, 1061, 4085, 17397]
Agg TFLOPS uses useful attention work across all TP ranks and p50(max_across_ranks); Avg/GPU divides it by world_size.
KV GB/s/GPU is average logical BF16 K+V bytes read per TP rank divided by p50(max_across_ranks); it is not hardware-counter HBM traffic.

Running B=8, q_tokens=128, history_tokens=158117, causal=True

B=8, q_tokens=128, history_tokens=158117, QH=32, KVH=2, D=128, TP=8, DCP=4, mode=causal
Method                   Time ms                                                                                                                                     Agg TFLOPS    Avg/GPU  KV GB/s/GPU      Check  Note
dcp_mega_varlen          t0=0.065, t1=0.064, t2=0.060, t3=0.062, t4=0.064, t5=0.061, t6=0.064, t7=0.060 | p50(max_across_ranks)=0.066, p90(max_across_ranks)=0.067        632.7       79.1        309.8       skip  eager; output=bf16_ipc_a2a; runner_preallocated; timing=mega_kernel_only
Wrote benchmark JSON to /home/hychen/min_fa3_demo/benchmark_logs/experiment_suite/20260812-231044-dcp-cp-suite/01_dcp_wave/results/arrival_1/dcp_4/fa3_native_fifo/comm_sm_16/case_000092_dcp4_hkv2_eager.json

================================================================================
Mega comm_sm=16, case 94/100: case_000093_dcp4_hkv2: B=13, Sq=[16, 16, 16, 16, 16, 16, 16, 16, 16, 16, 16, 16, 16], Sk=[1286, 1252, 7040, 7094, 1880, 9881, 28012, 10260, 2061, 12888, 4519, 3652, 30575], DCP=4, Hkv=2
================================================================================
Config: world_size=8, methods=['dcp_mega_varlen'], QH=32, KVH=2, D=128, TP=8, DCP=4, workload=chunk, execution=eager, baseline_phase_timing=False, warmup=40, iters=60, check=False
Workload: B=13, q_tokens=208, history_tokens=120400, q_seqlens=[16, 16, 16, 16, 16, 16, 16, 16, 16, 16, 16, 16, 16], history_seqlens=[1286, 1252, 7040, 7094, 1880, 9881, 28012, 10260, 2061, 12888, 4519, 3652, 30575]
Agg TFLOPS uses useful attention work across all TP ranks and p50(max_across_ranks); Avg/GPU divides it by world_size.
KV GB/s/GPU is average logical BF16 K+V bytes read per TP rank divided by p50(max_across_ranks); it is not hardware-counter HBM traffic.

Running B=13, q_tokens=208, history_tokens=120400, causal=True

B=13, q_tokens=208, history_tokens=120400, QH=32, KVH=2, D=128, TP=8, DCP=4, mode=causal
Method                   Time ms                                                                                                                                     Agg TFLOPS    Avg/GPU  KV GB/s/GPU      Check  Note
dcp_mega_varlen          t0=0.063, t1=0.064, t2=0.060, t3=0.061, t4=0.062, t5=0.060, t6=0.063, t7=0.060 | p50(max_across_ranks)=0.064, p90(max_across_ranks)=0.066        490.7       61.3        241.0       skip  eager; output=bf16_ipc_a2a; runner_preallocated; timing=mega_kernel_only
Wrote benchmark JSON to /home/hychen/min_fa3_demo/benchmark_logs/experiment_suite/20260812-231044-dcp-cp-suite/01_dcp_wave/results/arrival_1/dcp_4/fa3_native_fifo/comm_sm_16/case_000093_dcp4_hkv2_eager.json

================================================================================
Mega comm_sm=16, case 95/100: case_000094_dcp4_hkv2: B=5, Sq=[16, 16, 16, 16, 16], Sk=[8472, 3751, 18873, 1565, 1892], DCP=4, Hkv=2
================================================================================
Config: world_size=8, methods=['dcp_mega_varlen'], QH=32, KVH=2, D=128, TP=8, DCP=4, workload=chunk, execution=eager, baseline_phase_timing=False, warmup=40, iters=60, check=False
Workload: B=5, q_tokens=80, history_tokens=34553, q_seqlens=[16, 16, 16, 16, 16], history_seqlens=[8472, 3751, 18873, 1565, 1892]
Agg TFLOPS uses useful attention work across all TP ranks and p50(max_across_ranks); Avg/GPU divides it by world_size.
KV GB/s/GPU is average logical BF16 K+V bytes read per TP rank divided by p50(max_across_ranks); it is not hardware-counter HBM traffic.

Running B=5, q_tokens=80, history_tokens=34553, causal=True

B=5, q_tokens=80, history_tokens=34553, QH=32, KVH=2, D=128, TP=8, DCP=4, mode=causal
Method                   Time ms                                                                                                                                     Agg TFLOPS    Avg/GPU  KV GB/s/GPU      Check  Note
dcp_mega_varlen          t0=0.050, t1=0.050, t2=0.046, t3=0.047, t4=0.048, t5=0.046, t6=0.048, t7=0.045 | p50(max_across_ranks)=0.051, p90(max_across_ranks)=0.058        179.5       22.4         88.4       skip  eager; output=bf16_ipc_a2a; runner_preallocated; timing=mega_kernel_only
Wrote benchmark JSON to /home/hychen/min_fa3_demo/benchmark_logs/experiment_suite/20260812-231044-dcp-cp-suite/01_dcp_wave/results/arrival_1/dcp_4/fa3_native_fifo/comm_sm_16/case_000094_dcp4_hkv2_eager.json

================================================================================
Mega comm_sm=16, case 96/100: case_000095_dcp4_hkv2: B=8, Sq=[16, 16, 16, 16, 16, 16, 16, 16], Sk=[2476, 5076, 34310, 1428, 4047, 996, 7357, 5854], DCP=4, Hkv=2
================================================================================
Config: world_size=8, methods=['dcp_mega_varlen'], QH=32, KVH=2, D=128, TP=8, DCP=4, workload=chunk, execution=eager, baseline_phase_timing=False, warmup=40, iters=60, check=False
Workload: B=8, q_tokens=128, history_tokens=61544, q_seqlens=[16, 16, 16, 16, 16, 16, 16, 16], history_seqlens=[2476, 5076, 34310, 1428, 4047, 996, 7357, 5854]
Agg TFLOPS uses useful attention work across all TP ranks and p50(max_across_ranks); Avg/GPU divides it by world_size.
KV GB/s/GPU is average logical BF16 K+V bytes read per TP rank divided by p50(max_across_ranks); it is not hardware-counter HBM traffic.

Running B=8, q_tokens=128, history_tokens=61544, causal=True

B=8, q_tokens=128, history_tokens=61544, QH=32, KVH=2, D=128, TP=8, DCP=4, mode=causal
Method                   Time ms                                                                                                                                     Agg TFLOPS    Avg/GPU  KV GB/s/GPU      Check  Note
dcp_mega_varlen          t0=0.058, t1=0.058, t2=0.054, t3=0.055, t4=0.056, t5=0.055, t6=0.057, t7=0.054 | p50(max_across_ranks)=0.059, p90(max_across_ranks)=0.062        274.2       34.3        134.8       skip  eager; output=bf16_ipc_a2a; runner_preallocated; timing=mega_kernel_only
Wrote benchmark JSON to /home/hychen/min_fa3_demo/benchmark_logs/experiment_suite/20260812-231044-dcp-cp-suite/01_dcp_wave/results/arrival_1/dcp_4/fa3_native_fifo/comm_sm_16/case_000095_dcp4_hkv2_eager.json

================================================================================
Mega comm_sm=16, case 97/100: case_000096_dcp4_hkv2: B=17, Sq=[16, 16, 16, 16, 16, 16, 16, 16, 16, 16, 16, 16, 16, 16, 16, 16, 16], Sk=[63460, 13315, 1376, 14715, 22633, 4804, 10229, 1399, 6367, 1776, 5206, 26885, 16890, 4411, 966, 10503, 34048], DCP=4, Hkv=2
================================================================================
Config: world_size=8, methods=['dcp_mega_varlen'], QH=32, KVH=2, D=128, TP=8, DCP=4, workload=chunk, execution=eager, baseline_phase_timing=False, warmup=40, iters=60, check=False
Workload: B=17, q_tokens=272, history_tokens=238983, q_seqlens=[16, 16, 16, 16, 16, 16, 16, 16, 16, 16, 16, 16, 16, 16, 16, 16, 16], history_seqlens=[63460, 13315, 1376, 14715, 22633, 4804, 10229, 1399, 6367, 1776, 5206, 26885, 16890, 4411, 966, 10503, 34048]
Agg TFLOPS uses useful attention work across all TP ranks and p50(max_across_ranks); Avg/GPU divides it by world_size.
KV GB/s/GPU is average logical BF16 K+V bytes read per TP rank divided by p50(max_across_ranks); it is not hardware-counter HBM traffic.

Running B=17, q_tokens=272, history_tokens=238983, causal=True

B=17, q_tokens=272, history_tokens=238983, QH=32, KVH=2, D=128, TP=8, DCP=4, mode=causal
Method                   Time ms                                                                                                                                     Agg TFLOPS    Avg/GPU  KV GB/s/GPU      Check  Note
dcp_mega_varlen          t0=0.081, t1=0.080, t2=0.077, t3=0.078, t4=0.079, t5=0.077, t6=0.081, t7=0.078 | p50(max_across_ranks)=0.082, p90(max_across_ranks)=0.085        762.7       95.3        373.9       skip  eager; output=bf16_ipc_a2a; runner_preallocated; timing=mega_kernel_only
Wrote benchmark JSON to /home/hychen/min_fa3_demo/benchmark_logs/experiment_suite/20260812-231044-dcp-cp-suite/01_dcp_wave/results/arrival_1/dcp_4/fa3_native_fifo/comm_sm_16/case_000096_dcp4_hkv2_eager.json

================================================================================
Mega comm_sm=16, case 98/100: case_000097_dcp4_hkv2: B=6, Sq=[16, 16, 16, 16, 16, 16], Sk=[1256, 1816, 17135, 4887, 1318, 1624], DCP=4, Hkv=2
================================================================================
Config: world_size=8, methods=['dcp_mega_varlen'], QH=32, KVH=2, D=128, TP=8, DCP=4, workload=chunk, execution=eager, baseline_phase_timing=False, warmup=40, iters=60, check=False
Workload: B=6, q_tokens=96, history_tokens=28036, q_seqlens=[16, 16, 16, 16, 16, 16], history_seqlens=[1256, 1816, 17135, 4887, 1318, 1624]
Agg TFLOPS uses useful attention work across all TP ranks and p50(max_across_ranks); Avg/GPU divides it by world_size.
KV GB/s/GPU is average logical BF16 K+V bytes read per TP rank divided by p50(max_across_ranks); it is not hardware-counter HBM traffic.

Running B=6, q_tokens=96, history_tokens=28036, causal=True

B=6, q_tokens=96, history_tokens=28036, QH=32, KVH=2, D=128, TP=8, DCP=4, mode=causal
Method                   Time ms                                                                                                                                     Agg TFLOPS    Avg/GPU  KV GB/s/GPU      Check  Note
dcp_mega_varlen          t0=0.053, t1=0.054, t2=0.049, t3=0.050, t4=0.052, t5=0.050, t6=0.052, t7=0.049 | p50(max_across_ranks)=0.054, p90(max_across_ranks)=0.057        136.4       17.1         67.4       skip  eager; output=bf16_ipc_a2a; runner_preallocated; timing=mega_kernel_only
Wrote benchmark JSON to /home/hychen/min_fa3_demo/benchmark_logs/experiment_suite/20260812-231044-dcp-cp-suite/01_dcp_wave/results/arrival_1/dcp_4/fa3_native_fifo/comm_sm_16/case_000097_dcp4_hkv2_eager.json

================================================================================
Mega comm_sm=16, case 99/100: case_000098_dcp4_hkv2: B=3, Sq=[16, 16, 400], Sk=[1631, 1956, 512], DCP=4, Hkv=2
================================================================================
Config: world_size=8, methods=['dcp_mega_varlen'], QH=32, KVH=2, D=128, TP=8, DCP=4, workload=chunk, execution=eager, baseline_phase_timing=False, warmup=40, iters=60, check=False
Workload: B=3, q_tokens=432, history_tokens=4099, q_seqlens=[16, 16, 400], history_seqlens=[1631, 1956, 512]
Agg TFLOPS uses useful attention work across all TP ranks and p50(max_across_ranks); Avg/GPU divides it by world_size.
KV GB/s/GPU is average logical BF16 K+V bytes read per TP rank divided by p50(max_across_ranks); it is not hardware-counter HBM traffic.

Running B=3, q_tokens=432, history_tokens=4099, causal=True

B=3, q_tokens=432, history_tokens=4099, QH=32, KVH=2, D=128, TP=8, DCP=4, mode=causal
Method                   Time ms                                                                                                                                     Agg TFLOPS    Avg/GPU  KV GB/s/GPU      Check  Note
dcp_mega_varlen          t0=0.050, t1=0.050, t2=0.045, t3=0.047, t4=0.048, t5=0.046, t6=0.049, t7=0.045 | p50(max_across_ranks)=0.050, p90(max_across_ranks)=0.053        111.5       13.9         14.8       skip  eager; output=bf16_ipc_a2a; runner_preallocated; timing=mega_kernel_only
Wrote benchmark JSON to /home/hychen/min_fa3_demo/benchmark_logs/experiment_suite/20260812-231044-dcp-cp-suite/01_dcp_wave/results/arrival_1/dcp_4/fa3_native_fifo/comm_sm_16/case_000098_dcp4_hkv2_eager.json

================================================================================
Mega comm_sm=16, case 100/100: case_000099_dcp4_hkv2: B=10, Sq=[16, 16, 16, 16, 16, 16, 16, 16, 16, 16], Sk=[1728, 22644, 1431, 5197, 11475, 17491, 6091, 5082, 963, 1688], DCP=4, Hkv=2
================================================================================
Config: world_size=8, methods=['dcp_mega_varlen'], QH=32, KVH=2, D=128, TP=8, DCP=4, workload=chunk, execution=eager, baseline_phase_timing=False, warmup=40, iters=60, check=False
Workload: B=10, q_tokens=160, history_tokens=73790, q_seqlens=[16, 16, 16, 16, 16, 16, 16, 16, 16, 16], history_seqlens=[1728, 22644, 1431, 5197, 11475, 17491, 6091, 5082, 963, 1688]
Agg TFLOPS uses useful attention work across all TP ranks and p50(max_across_ranks); Avg/GPU divides it by world_size.
KV GB/s/GPU is average logical BF16 K+V bytes read per TP rank divided by p50(max_across_ranks); it is not hardware-counter HBM traffic.

Running B=10, q_tokens=160, history_tokens=73790, causal=True

B=10, q_tokens=160, history_tokens=73790, QH=32, KVH=2, D=128, TP=8, DCP=4, mode=causal
Method                   Time ms                                                                                                                                     Agg TFLOPS    Avg/GPU  KV GB/s/GPU      Check  Note
dcp_mega_varlen          t0=0.062, t1=0.061, t2=0.058, t3=0.059, t4=0.061, t5=0.058, t6=0.060, t7=0.057 | p50(max_across_ranks)=0.062, p90(max_across_ranks)=0.064        310.1       38.8        152.6       skip  eager; output=bf16_ipc_a2a; runner_preallocated; timing=mega_kernel_only
Wrote benchmark JSON to /home/hychen/min_fa3_demo/benchmark_logs/experiment_suite/20260812-231044-dcp-cp-suite/01_dcp_wave/results/arrival_1/dcp_4/fa3_native_fifo/comm_sm_16/case_000099_dcp4_hkv2_eager.json

Mega comm_sm=16 summary

Mega DCP batch summary
Case                   DCP Method                       p50 ms     p90 ms   Agg TFLOPS
case_000000_dcp4_hkv2    4 dcp_mega_varlen               0.055      0.060        532.2
case_000001_dcp4_hkv2    4 dcp_mega_varlen               0.049      0.051        108.6
case_000002_dcp4_hkv2    4 dcp_mega_varlen               0.062      0.064        554.0
case_000003_dcp4_hkv2    4 dcp_mega_varlen               0.054      0.055        404.0
case_000004_dcp4_hkv2    4 dcp_mega_varlen               0.056      0.062        240.7
case_000005_dcp4_hkv2    4 dcp_mega_varlen               0.052      0.059        258.3
case_000006_dcp4_hkv2    4 dcp_mega_varlen               0.072      0.076        778.7
case_000007_dcp4_hkv2    4 dcp_mega_varlen               0.058      0.060        306.6
case_000008_dcp4_hkv2    4 dcp_mega_varlen               0.063      0.070        603.6
case_000009_dcp4_hkv2    4 dcp_mega_varlen               0.054      0.056        323.8
case_000010_dcp4_hkv2    4 dcp_mega_varlen               0.060      0.064        199.1
case_000011_dcp4_hkv2    4 dcp_mega_varlen               0.061      0.064        498.1
case_000012_dcp4_hkv2    4 dcp_mega_varlen               0.057      0.059        395.6
case_000013_dcp4_hkv2    4 dcp_mega_varlen               0.069      0.071        663.2
case_000014_dcp4_hkv2    4 dcp_mega_varlen               1.731      1.760       4397.5
case_000015_dcp4_hkv2    4 dcp_mega_varlen               0.058      0.061        510.1
case_000016_dcp4_hkv2    4 dcp_mega_varlen               0.068      0.069        467.7
case_000017_dcp4_hkv2    4 dcp_mega_varlen               0.067      0.073        399.5
case_000018_dcp4_hkv2    4 dcp_mega_varlen               0.063      0.065        352.3
case_000019_dcp4_hkv2    4 dcp_mega_varlen               0.071      0.073        552.8
case_000020_dcp4_hkv2    4 dcp_mega_varlen               0.197      0.200       1001.1
case_000021_dcp4_hkv2    4 dcp_mega_varlen               0.067      0.069        489.5
case_000022_dcp4_hkv2    4 dcp_mega_varlen               0.057      0.060        391.4
case_000023_dcp4_hkv2    4 dcp_mega_varlen               0.079      0.083        285.7
case_000024_dcp4_hkv2    4 dcp_mega_varlen               0.066      0.069         65.2
case_000025_dcp4_hkv2    4 dcp_mega_varlen               0.086      0.088        512.0
case_000026_dcp4_hkv2    4 dcp_mega_varlen               0.055      0.057        311.3
case_000027_dcp4_hkv2    4 dcp_mega_varlen               0.060      0.062        670.8
case_000028_dcp4_hkv2    4 dcp_mega_varlen               0.059      0.061        468.3
case_000029_dcp4_hkv2    4 dcp_mega_varlen               0.071      0.074        613.7
case_000030_dcp4_hkv2    4 dcp_mega_varlen               0.062      0.063        381.4
case_000031_dcp4_hkv2    4 dcp_mega_varlen               0.050      0.053        268.6
case_000032_dcp4_hkv2    4 dcp_mega_varlen               1.301      1.305       4363.4
case_000033_dcp4_hkv2    4 dcp_mega_varlen               0.061      0.063        312.6
case_000034_dcp4_hkv2    4 dcp_mega_varlen               0.056      0.058        306.8
case_000035_dcp4_hkv2    4 dcp_mega_varlen               0.057      0.058        240.5
case_000036_dcp4_hkv2    4 dcp_mega_varlen               0.070      0.072        709.2
case_000037_dcp4_hkv2    4 dcp_mega_varlen               0.156      0.165       2283.4
case_000038_dcp4_hkv2    4 dcp_mega_varlen               0.053      0.055        333.9
case_000039_dcp4_hkv2    4 dcp_mega_varlen               0.053      0.055        334.9
case_000040_dcp4_hkv2    4 dcp_mega_varlen               0.063      0.069        453.1
case_000041_dcp4_hkv2    4 dcp_mega_varlen               0.052      0.053        315.0
case_000042_dcp4_hkv2    4 dcp_mega_varlen               0.083      0.086       1006.1
case_000043_dcp4_hkv2    4 dcp_mega_varlen               0.080      0.083        740.0
case_000044_dcp4_hkv2    4 dcp_mega_varlen               0.093      0.094        655.2
case_000045_dcp4_hkv2    4 dcp_mega_varlen               0.051      0.053        280.1
case_000046_dcp4_hkv2    4 dcp_mega_varlen               0.053      0.058        283.5
case_000047_dcp4_hkv2    4 dcp_mega_varlen               0.068      0.071        524.2
case_000048_dcp4_hkv2    4 dcp_mega_varlen               0.062      0.065        295.4
case_000049_dcp4_hkv2    4 dcp_mega_varlen               0.065      0.069        456.7
case_000050_dcp4_hkv2    4 dcp_mega_varlen               0.054      0.058        394.1
case_000051_dcp4_hkv2    4 dcp_mega_varlen               0.058      0.062        317.5
case_000052_dcp4_hkv2    4 dcp_mega_varlen               0.054      0.057        384.6
case_000053_dcp4_hkv2    4 dcp_mega_varlen               0.061      0.064        616.2
case_000054_dcp4_hkv2    4 dcp_mega_varlen               0.086      0.088        367.2
case_000055_dcp4_hkv2    4 dcp_mega_varlen               0.050      0.052        206.2
case_000056_dcp4_hkv2    4 dcp_mega_varlen               0.055      0.058        531.4
case_000057_dcp4_hkv2    4 dcp_mega_varlen               0.064      0.065        432.2
case_000058_dcp4_hkv2    4 dcp_mega_varlen               0.062      0.064        292.2
case_000059_dcp4_hkv2    4 dcp_mega_varlen               0.332      0.336       3049.3
case_000060_dcp4_hkv2    4 dcp_mega_varlen               0.065      0.067        440.4
case_000061_dcp4_hkv2    4 dcp_mega_varlen               0.054      0.057        270.1
case_000062_dcp4_hkv2    4 dcp_mega_varlen               0.063      0.069        372.9
case_000063_dcp4_hkv2    4 dcp_mega_varlen               0.055      0.056        374.0
case_000064_dcp4_hkv2    4 dcp_mega_varlen               0.057      0.060        308.8
case_000065_dcp4_hkv2    4 dcp_mega_varlen               0.072      0.073        268.5
case_000066_dcp4_hkv2    4 dcp_mega_varlen               0.065      0.067        381.7
case_000067_dcp4_hkv2    4 dcp_mega_varlen               0.050      0.051        203.9
case_000068_dcp4_hkv2    4 dcp_mega_varlen               0.062      0.064        531.6
case_000069_dcp4_hkv2    4 dcp_mega_varlen               0.061      0.064        517.3
case_000070_dcp4_hkv2    4 dcp_mega_varlen               0.059      0.063        212.9
case_000071_dcp4_hkv2    4 dcp_mega_varlen               0.066      0.069        541.7
case_000072_dcp4_hkv2    4 dcp_mega_varlen               0.046      0.048         74.4
case_000073_dcp4_hkv2    4 dcp_mega_varlen               0.070      0.074        537.4
case_000074_dcp4_hkv2    4 dcp_mega_varlen               0.079      0.080        825.3
case_000075_dcp4_hkv2    4 dcp_mega_varlen               0.065      0.066        505.4
case_000076_dcp4_hkv2    4 dcp_mega_varlen               0.051      0.052        380.4
case_000077_dcp4_hkv2    4 dcp_mega_varlen               0.872      0.877       3907.1
case_000078_dcp4_hkv2    4 dcp_mega_varlen               0.063      0.066        461.0
case_000079_dcp4_hkv2    4 dcp_mega_varlen               0.093      0.096        766.7
case_000080_dcp4_hkv2    4 dcp_mega_varlen               0.054      0.066        368.1
case_000081_dcp4_hkv2    4 dcp_mega_varlen               0.063      0.066        321.1
case_000082_dcp4_hkv2    4 dcp_mega_varlen               0.061      0.063        366.6
case_000083_dcp4_hkv2    4 dcp_mega_varlen               0.061      0.062        356.7
case_000084_dcp4_hkv2    4 dcp_mega_varlen               0.248      0.250        797.9
case_000085_dcp4_hkv2    4 dcp_mega_varlen               0.061      0.063        379.5
case_000086_dcp4_hkv2    4 dcp_mega_varlen               0.060      0.062        467.3
case_000087_dcp4_hkv2    4 dcp_mega_varlen               0.050      0.053        366.4
case_000088_dcp4_hkv2    4 dcp_mega_varlen               0.064      0.066        595.2
case_000089_dcp4_hkv2    4 dcp_mega_varlen               0.063      0.065        387.5
case_000090_dcp4_hkv2    4 dcp_mega_varlen               0.071      0.074        622.0
case_000091_dcp4_hkv2    4 dcp_mega_varlen               0.239      0.244       1596.4
case_000092_dcp4_hkv2    4 dcp_mega_varlen               0.066      0.067        632.7
case_000093_dcp4_hkv2    4 dcp_mega_varlen               0.064      0.066        490.7
case_000094_dcp4_hkv2    4 dcp_mega_varlen               0.051      0.058        179.5
case_000095_dcp4_hkv2    4 dcp_mega_varlen               0.059      0.062        274.2
case_000096_dcp4_hkv2    4 dcp_mega_varlen               0.082      0.085        762.7
case_000097_dcp4_hkv2    4 dcp_mega_varlen               0.054      0.057        136.4
case_000098_dcp4_hkv2    4 dcp_mega_varlen               0.050      0.053        111.5
case_000099_dcp4_hkv2    4 dcp_mega_varlen               0.062      0.064        310.1

Mega DCP workload-weighted summary
Topology        DCP Method                     Cases    Mean ms  Mean TFLOPS     Weighted  Weighted/GPU
dcp4_hkv2         4 dcp_mega_varlen              100      0.108        598.9       1976.8         247.1
Wrote batch manifest to /home/hychen/min_fa3_demo/benchmark_logs/experiment_suite/20260812-231044-dcp-cp-suite/01_dcp_wave/results/arrival_1/dcp_4/fa3_native_fifo/manifest.json
