CUDA_VISIBLE_DEVICES=0\,1\,2\,3\,4\,5\,6\,7 /home/hychen/min_fa3_demo/.venv/bin/torchrun --standalone --nproc_per_node=8 --module dcp_test.benchmark_dcp_mega_batch --config dcp_test/configs/dcp_mega_six_loads.json --trace-config dcp_test/trace/example_config.json --trace-cases /home/hychen/min_fa3_demo/benchmark_logs/experiment_suite/20260812-231044-dcp-cp-suite/01_dcp_wave/results/arrival_2/dcp_2/trace/cases.jsonl --trace-arrival-time-scale 2 --trace-dcp-size 2 --num-cases 100 --dcp-sizes 2 --implementations mega --num-splits 0 --mega-block-n auto --mega-num-comm-sms 12 --warmup 40 --iters 60 --no-check --no-cuda-graph --no-mega-phase-timestamps --no-baseline-phase-timing --mega-scheduler-heuristic --mega-history-order release-lpt --output-dir /home/hychen/min_fa3_demo/benchmark_logs/experiment_suite/20260812-231044-dcp-cp-suite/01_dcp_wave/results/arrival_2/dcp_2/critical_wave_release_lpt --manifest /home/hychen/min_fa3_demo/benchmark_logs/experiment_suite/20260812-231044-dcp-cp-suite/01_dcp_wave/results/arrival_2/dcp_2/critical_wave_release_lpt/manifest.json
Mega DCP batch: name=dcp_mega_trace, mode=eager, cases=100, methods=['dcp_mega_varlen'], comm_sm_sweep=[12], baseline_phase_timing=False

================================================================================
Mega comm_sm=12, case 1/100: case_000000_dcp2_hkv4: B=19, Sq=[16, 16, 16, 16, 16, 16, 16, 16, 16, 16, 16, 16, 16, 16, 16, 16, 16, 16, 16], Sk=[1458, 95870, 67433, 1256, 67753, 4966, 8788, 9912, 15221, 15272, 5890, 16546, 11994, 2741, 9023, 7447, 27540, 4161, 18588], DCP=2, Hkv=4
================================================================================
Config: world_size=8, methods=['dcp_mega_varlen'], QH=32, KVH=4, D=128, TP=8, DCP=2, workload=chunk, execution=eager, baseline_phase_timing=False, warmup=40, iters=60, check=False
Workload: B=19, q_tokens=304, history_tokens=391859, q_seqlens=[16, 16, 16, 16, 16, 16, 16, 16, 16, 16, 16, 16, 16, 16, 16, 16, 16, 16, 16], history_seqlens=[1458, 95870, 67433, 1256, 67753, 4966, 8788, 9912, 15221, 15272, 5890, 16546, 11994, 2741, 9023, 7447, 27540, 4161, 18588]
Agg TFLOPS uses useful attention work across all TP ranks and p50(max_across_ranks); Avg/GPU divides it by world_size.
KV GB/s/GPU is average logical BF16 K+V bytes read per TP rank divided by p50(max_across_ranks); it is not hardware-counter HBM traffic.

Running B=19, q_tokens=304, history_tokens=391859, causal=True

B=19, q_tokens=304, history_tokens=391859, QH=32, KVH=4, D=128, TP=8, DCP=2, mode=causal
Method                   Time ms                                                                                                                                     Agg TFLOPS    Avg/GPU  KV GB/s/GPU      Check  Note
dcp_mega_varlen          t0=0.095, t1=0.090, t2=0.095, t3=0.092, t4=0.094, t5=0.094, t6=0.093, t7=0.093 | p50(max_across_ranks)=0.096, p90(max_across_ranks)=0.098       1069.8      133.7       1045.9       skip  eager; output=bf16_ipc_a2a; runner_preallocated; timing=mega_kernel_only
Wrote benchmark JSON to /home/hychen/min_fa3_demo/benchmark_logs/experiment_suite/20260812-231044-dcp-cp-suite/01_dcp_wave/results/arrival_2/dcp_2/critical_wave_release_lpt/comm_sm_12/case_000000_dcp2_hkv4_eager.json

================================================================================
Mega comm_sm=12, case 2/100: case_000001_dcp2_hkv4: B=14, Sq=[16, 16, 16, 16, 16, 16, 16, 16, 16, 16, 16, 16, 16, 16], Sk=[2006, 15574, 29934, 1292, 1118, 13418, 11877, 8998, 5191, 1630, 4901, 8137, 999, 7858], DCP=2, Hkv=4
================================================================================
Config: world_size=8, methods=['dcp_mega_varlen'], QH=32, KVH=4, D=128, TP=8, DCP=2, workload=chunk, execution=eager, baseline_phase_timing=False, warmup=40, iters=60, check=False
Workload: B=14, q_tokens=224, history_tokens=112933, q_seqlens=[16, 16, 16, 16, 16, 16, 16, 16, 16, 16, 16, 16, 16, 16], history_seqlens=[2006, 15574, 29934, 1292, 1118, 13418, 11877, 8998, 5191, 1630, 4901, 8137, 999, 7858]
Agg TFLOPS uses useful attention work across all TP ranks and p50(max_across_ranks); Avg/GPU divides it by world_size.
KV GB/s/GPU is average logical BF16 K+V bytes read per TP rank divided by p50(max_across_ranks); it is not hardware-counter HBM traffic.

Running B=14, q_tokens=224, history_tokens=112933, causal=True

B=14, q_tokens=224, history_tokens=112933, QH=32, KVH=4, D=128, TP=8, DCP=2, mode=causal
Method                   Time ms                                                                                                                                     Agg TFLOPS    Avg/GPU  KV GB/s/GPU      Check  Note
dcp_mega_varlen          t0=0.077, t1=0.074, t2=0.076, t3=0.074, t4=0.076, t5=0.076, t6=0.075, t7=0.074 | p50(max_across_ranks)=0.077, p90(max_across_ranks)=0.080        382.5       47.8        374.7       skip  eager; output=bf16_ipc_a2a; runner_preallocated; timing=mega_kernel_only
Wrote benchmark JSON to /home/hychen/min_fa3_demo/benchmark_logs/experiment_suite/20260812-231044-dcp-cp-suite/01_dcp_wave/results/arrival_2/dcp_2/critical_wave_release_lpt/comm_sm_12/case_000001_dcp2_hkv4_eager.json

================================================================================
Mega comm_sm=12, case 3/100: case_000002_dcp2_hkv4: B=14, Sq=[16, 16, 16, 16, 16, 16, 16, 16, 16, 16, 16, 16, 16, 16], Sk=[21598, 18093, 1351, 17231, 66610, 28813, 11887, 6134, 5172, 8666, 83928, 2309, 95046, 5404], DCP=2, Hkv=4
================================================================================
Config: world_size=8, methods=['dcp_mega_varlen'], QH=32, KVH=4, D=128, TP=8, DCP=2, workload=chunk, execution=eager, baseline_phase_timing=False, warmup=40, iters=60, check=False
Workload: B=14, q_tokens=224, history_tokens=372242, q_seqlens=[16, 16, 16, 16, 16, 16, 16, 16, 16, 16, 16, 16, 16, 16], history_seqlens=[21598, 18093, 1351, 17231, 66610, 28813, 11887, 6134, 5172, 8666, 83928, 2309, 95046, 5404]
Agg TFLOPS uses useful attention work across all TP ranks and p50(max_across_ranks); Avg/GPU divides it by world_size.
KV GB/s/GPU is average logical BF16 K+V bytes read per TP rank divided by p50(max_across_ranks); it is not hardware-counter HBM traffic.

Running B=14, q_tokens=224, history_tokens=372242, causal=True

B=14, q_tokens=224, history_tokens=372242, QH=32, KVH=4, D=128, TP=8, DCP=2, mode=causal
Method                   Time ms                                                                                                                                     Agg TFLOPS    Avg/GPU  KV GB/s/GPU      Check  Note
dcp_mega_varlen          t0=0.092, t1=0.087, t2=0.092, t3=0.089, t4=0.091, t5=0.090, t6=0.093, t7=0.089 | p50(max_across_ranks)=0.094, p90(max_across_ranks)=0.095       1038.8      129.8       1015.3       skip  eager; output=bf16_ipc_a2a; runner_preallocated; timing=mega_kernel_only
Wrote benchmark JSON to /home/hychen/min_fa3_demo/benchmark_logs/experiment_suite/20260812-231044-dcp-cp-suite/01_dcp_wave/results/arrival_2/dcp_2/critical_wave_release_lpt/comm_sm_12/case_000002_dcp2_hkv4_eager.json

================================================================================
Mega comm_sm=12, case 4/100: case_000003_dcp2_hkv4: B=8, Sq=[16, 16, 16, 16, 16, 16, 16, 16], Sk=[33687, 6745, 1314, 2395, 1661, 14146, 6849, 3470], DCP=2, Hkv=4
================================================================================
Config: world_size=8, methods=['dcp_mega_varlen'], QH=32, KVH=4, D=128, TP=8, DCP=2, workload=chunk, execution=eager, baseline_phase_timing=False, warmup=40, iters=60, check=False
Workload: B=8, q_tokens=128, history_tokens=70267, q_seqlens=[16, 16, 16, 16, 16, 16, 16, 16], history_seqlens=[33687, 6745, 1314, 2395, 1661, 14146, 6849, 3470]
Agg TFLOPS uses useful attention work across all TP ranks and p50(max_across_ranks); Avg/GPU divides it by world_size.
KV GB/s/GPU is average logical BF16 K+V bytes read per TP rank divided by p50(max_across_ranks); it is not hardware-counter HBM traffic.

Running B=8, q_tokens=128, history_tokens=70267, causal=True

B=8, q_tokens=128, history_tokens=70267, QH=32, KVH=4, D=128, TP=8, DCP=2, mode=causal
Method                   Time ms                                                                                                                                     Agg TFLOPS    Avg/GPU  KV GB/s/GPU      Check  Note
dcp_mega_varlen          t0=0.068, t1=0.064, t2=0.068, t3=0.065, t4=0.067, t5=0.066, t6=0.067, t7=0.065 | p50(max_across_ranks)=0.069, p90(max_across_ranks)=0.070        268.6       33.6        263.0       skip  eager; output=bf16_ipc_a2a; runner_preallocated; timing=mega_kernel_only
Wrote benchmark JSON to /home/hychen/min_fa3_demo/benchmark_logs/experiment_suite/20260812-231044-dcp-cp-suite/01_dcp_wave/results/arrival_2/dcp_2/critical_wave_release_lpt/comm_sm_12/case_000003_dcp2_hkv4_eager.json

================================================================================
Mega comm_sm=12, case 5/100: case_000004_dcp2_hkv4: B=11, Sq=[16, 16, 16, 16, 16, 16, 16, 16, 16, 16, 16], Sk=[10641, 18780, 24398, 9745, 2001, 6759, 2732, 18820, 967, 4559, 18946], DCP=2, Hkv=4
================================================================================
Config: world_size=8, methods=['dcp_mega_varlen'], QH=32, KVH=4, D=128, TP=8, DCP=2, workload=chunk, execution=eager, baseline_phase_timing=False, warmup=40, iters=60, check=False
Workload: B=11, q_tokens=176, history_tokens=118348, q_seqlens=[16, 16, 16, 16, 16, 16, 16, 16, 16, 16, 16], history_seqlens=[10641, 18780, 24398, 9745, 2001, 6759, 2732, 18820, 967, 4559, 18946]
Agg TFLOPS uses useful attention work across all TP ranks and p50(max_across_ranks); Avg/GPU divides it by world_size.
KV GB/s/GPU is average logical BF16 K+V bytes read per TP rank divided by p50(max_across_ranks); it is not hardware-counter HBM traffic.

Running B=11, q_tokens=176, history_tokens=118348, causal=True

B=11, q_tokens=176, history_tokens=118348, QH=32, KVH=4, D=128, TP=8, DCP=2, mode=causal
Method                   Time ms                                                                                                                                     Agg TFLOPS    Avg/GPU  KV GB/s/GPU      Check  Note
dcp_mega_varlen          t0=0.087, t1=0.083, t2=0.086, t3=0.084, t4=0.084, t5=0.084, t6=0.086, t7=0.083 | p50(max_across_ranks)=0.088, p90(max_across_ranks)=0.089        354.6       44.3        347.1       skip  eager; output=bf16_ipc_a2a; runner_preallocated; timing=mega_kernel_only
Wrote benchmark JSON to /home/hychen/min_fa3_demo/benchmark_logs/experiment_suite/20260812-231044-dcp-cp-suite/01_dcp_wave/results/arrival_2/dcp_2/critical_wave_release_lpt/comm_sm_12/case_000004_dcp2_hkv4_eager.json

================================================================================
Mega comm_sm=12, case 6/100: case_000005_dcp2_hkv4: B=12, Sq=[16, 16, 16, 16, 16, 16, 16, 16, 16, 16, 16, 16], Sk=[20862, 1190, 1715, 1140, 8037, 13080, 67338, 12913, 6559, 3112, 10345, 917], DCP=2, Hkv=4
================================================================================
Config: world_size=8, methods=['dcp_mega_varlen'], QH=32, KVH=4, D=128, TP=8, DCP=2, workload=chunk, execution=eager, baseline_phase_timing=False, warmup=40, iters=60, check=False
Workload: B=12, q_tokens=192, history_tokens=147208, q_seqlens=[16, 16, 16, 16, 16, 16, 16, 16, 16, 16, 16, 16], history_seqlens=[20862, 1190, 1715, 1140, 8037, 13080, 67338, 12913, 6559, 3112, 10345, 917]
Agg TFLOPS uses useful attention work across all TP ranks and p50(max_across_ranks); Avg/GPU divides it by world_size.
KV GB/s/GPU is average logical BF16 K+V bytes read per TP rank divided by p50(max_across_ranks); it is not hardware-counter HBM traffic.

Running B=12, q_tokens=192, history_tokens=147208, causal=True

B=12, q_tokens=192, history_tokens=147208, QH=32, KVH=4, D=128, TP=8, DCP=2, mode=causal
Method                   Time ms                                                                                                                                     Agg TFLOPS    Avg/GPU  KV GB/s/GPU      Check  Note
dcp_mega_varlen          t0=0.077, t1=0.073, t2=0.076, t3=0.074, t4=0.076, t5=0.074, t6=0.076, t7=0.073 | p50(max_across_ranks)=0.078, p90(max_across_ranks)=0.079        497.7       62.2        487.0       skip  eager; output=bf16_ipc_a2a; runner_preallocated; timing=mega_kernel_only
Wrote benchmark JSON to /home/hychen/min_fa3_demo/benchmark_logs/experiment_suite/20260812-231044-dcp-cp-suite/01_dcp_wave/results/arrival_2/dcp_2/critical_wave_release_lpt/comm_sm_12/case_000005_dcp2_hkv4_eager.json

================================================================================
Mega comm_sm=12, case 7/100: case_000006_dcp2_hkv4: B=10, Sq=[16, 16, 16, 16, 16, 16, 16, 16, 16, 16], Sk=[1868, 1305, 13222, 67487, 13075, 6711, 15222, 39684, 3840, 27631], DCP=2, Hkv=4
================================================================================
Config: world_size=8, methods=['dcp_mega_varlen'], QH=32, KVH=4, D=128, TP=8, DCP=2, workload=chunk, execution=eager, baseline_phase_timing=False, warmup=40, iters=60, check=False
Workload: B=10, q_tokens=160, history_tokens=190045, q_seqlens=[16, 16, 16, 16, 16, 16, 16, 16, 16, 16], history_seqlens=[1868, 1305, 13222, 67487, 13075, 6711, 15222, 39684, 3840, 27631]
Agg TFLOPS uses useful attention work across all TP ranks and p50(max_across_ranks); Avg/GPU divides it by world_size.
KV GB/s/GPU is average logical BF16 K+V bytes read per TP rank divided by p50(max_across_ranks); it is not hardware-counter HBM traffic.

Running B=10, q_tokens=160, history_tokens=190045, causal=True

B=10, q_tokens=160, history_tokens=190045, QH=32, KVH=4, D=128, TP=8, DCP=2, mode=causal
Method                   Time ms                                                                                                                                     Agg TFLOPS    Avg/GPU  KV GB/s/GPU      Check  Note
dcp_mega_varlen          t0=0.085, t1=0.081, t2=0.084, t3=0.081, t4=0.083, t5=0.082, t6=0.083, t7=0.081 | p50(max_across_ranks)=0.085, p90(max_across_ranks)=0.087        585.7       73.2        572.6       skip  eager; output=bf16_ipc_a2a; runner_preallocated; timing=mega_kernel_only
Wrote benchmark JSON to /home/hychen/min_fa3_demo/benchmark_logs/experiment_suite/20260812-231044-dcp-cp-suite/01_dcp_wave/results/arrival_2/dcp_2/critical_wave_release_lpt/comm_sm_12/case_000006_dcp2_hkv4_eager.json

================================================================================
Mega comm_sm=12, case 8/100: case_000007_dcp2_hkv4: B=15, Sq=[16, 16, 16, 16, 16, 16, 16, 16, 16, 16, 16, 16, 16, 4096, 4096], Sk=[124461, 2751, 6140, 7133, 4306, 25800, 34377, 21021, 2028, 999, 15581, 915, 11174, 57856, 12800], DCP=2, Hkv=4
================================================================================
Config: world_size=8, methods=['dcp_mega_varlen'], QH=32, KVH=4, D=128, TP=8, DCP=2, workload=chunk, execution=eager, baseline_phase_timing=False, warmup=40, iters=60, check=False
Workload: B=15, q_tokens=8400, history_tokens=327342, q_seqlens=[16, 16, 16, 16, 16, 16, 16, 16, 16, 16, 16, 16, 16, 4096, 4096], history_seqlens=[124461, 2751, 6140, 7133, 4306, 25800, 34377, 21021, 2028, 999, 15581, 915, 11174, 57856, 12800]
Agg TFLOPS uses useful attention work across all TP ranks and p50(max_across_ranks); Avg/GPU divides it by world_size.
KV GB/s/GPU is average logical BF16 K+V bytes read per TP rank divided by p50(max_across_ranks); it is not hardware-counter HBM traffic.

Running B=15, q_tokens=8400, history_tokens=327342, causal=True

B=15, q_tokens=8400, history_tokens=327342, QH=32, KVH=4, D=128, TP=8, DCP=2, mode=causal
Method                   Time ms                                                                                                                                     Agg TFLOPS    Avg/GPU  KV GB/s/GPU      Check  Note
dcp_mega_varlen          t0=1.087, t1=1.086, t2=1.098, t3=1.093, t4=1.057, t5=1.054, t6=1.095, t7=1.098 | p50(max_across_ranks)=1.101, p90(max_across_ranks)=1.111       4617.4      577.2         80.0       skip  eager; output=bf16_ipc_a2a; runner_preallocated; timing=mega_kernel_only
Wrote benchmark JSON to /home/hychen/min_fa3_demo/benchmark_logs/experiment_suite/20260812-231044-dcp-cp-suite/01_dcp_wave/results/arrival_2/dcp_2/critical_wave_release_lpt/comm_sm_12/case_000007_dcp2_hkv4_eager.json

================================================================================
Mega comm_sm=12, case 9/100: case_000008_dcp2_hkv4: B=12, Sq=[16, 16, 16, 16, 16, 16, 16, 16, 16, 16, 16, 2720], Sk=[7482, 8904, 45717, 28457, 4491, 2165, 1049, 24162, 7464, 27141, 1307, 512], DCP=2, Hkv=4
================================================================================
Config: world_size=8, methods=['dcp_mega_varlen'], QH=32, KVH=4, D=128, TP=8, DCP=2, workload=chunk, execution=eager, baseline_phase_timing=False, warmup=40, iters=60, check=False
Workload: B=12, q_tokens=2896, history_tokens=158851, q_seqlens=[16, 16, 16, 16, 16, 16, 16, 16, 16, 16, 16, 2720], history_seqlens=[7482, 8904, 45717, 28457, 4491, 2165, 1049, 24162, 7464, 27141, 1307, 512]
Agg TFLOPS uses useful attention work across all TP ranks and p50(max_across_ranks); Avg/GPU divides it by world_size.
KV GB/s/GPU is average logical BF16 K+V bytes read per TP rank divided by p50(max_across_ranks); it is not hardware-counter HBM traffic.

Running B=12, q_tokens=2896, history_tokens=158851, causal=True

B=12, q_tokens=2896, history_tokens=158851, QH=32, KVH=4, D=128, TP=8, DCP=2, mode=causal
Method                   Time ms                                                                                                                                     Agg TFLOPS    Avg/GPU  KV GB/s/GPU      Check  Note
dcp_mega_varlen          t0=0.199, t1=0.195, t2=0.198, t3=0.194, t4=0.199, t5=0.196, t6=0.198, t7=0.195 | p50(max_across_ranks)=0.200, p90(max_across_ranks)=0.202        624.9       78.1        210.7       skip  eager; output=bf16_ipc_a2a; runner_preallocated; timing=mega_kernel_only
Wrote benchmark JSON to /home/hychen/min_fa3_demo/benchmark_logs/experiment_suite/20260812-231044-dcp-cp-suite/01_dcp_wave/results/arrival_2/dcp_2/critical_wave_release_lpt/comm_sm_12/case_000008_dcp2_hkv4_eager.json

================================================================================
Mega comm_sm=12, case 10/100: case_000009_dcp2_hkv4: B=26, Sq=[16, 16, 16, 16, 16, 16, 16, 16, 16, 16, 16, 16, 16, 16, 16, 16, 16, 16, 16, 16, 16, 16, 16, 16, 16, 16], Sk=[5934, 1472, 24053, 10830, 7889, 33190, 1881, 4532, 5947, 43356, 26295, 4765, 12370, 1100, 28613, 6599, 26872, 1274, 24212, 1023, 5156, 2648, 9542, 1284, 4856, 1413], DCP=2, Hkv=4
================================================================================
Config: world_size=8, methods=['dcp_mega_varlen'], QH=32, KVH=4, D=128, TP=8, DCP=2, workload=chunk, execution=eager, baseline_phase_timing=False, warmup=40, iters=60, check=False
Workload: B=26, q_tokens=416, history_tokens=297106, q_seqlens=[16, 16, 16, 16, 16, 16, 16, 16, 16, 16, 16, 16, 16, 16, 16, 16, 16, 16, 16, 16, 16, 16, 16, 16, 16, 16], history_seqlens=[5934, 1472, 24053, 10830, 7889, 33190, 1881, 4532, 5947, 43356, 26295, 4765, 12370, 1100, 28613, 6599, 26872, 1274, 24212, 1023, 5156, 2648, 9542, 1284, 4856, 1413]
Agg TFLOPS uses useful attention work across all TP ranks and p50(max_across_ranks); Avg/GPU divides it by world_size.
KV GB/s/GPU is average logical BF16 K+V bytes read per TP rank divided by p50(max_across_ranks); it is not hardware-counter HBM traffic.

Running B=26, q_tokens=416, history_tokens=297106, causal=True

B=26, q_tokens=416, history_tokens=297106, QH=32, KVH=4, D=128, TP=8, DCP=2, mode=causal
Method                   Time ms                                                                                                                                     Agg TFLOPS    Avg/GPU  KV GB/s/GPU      Check  Note
dcp_mega_varlen          t0=0.089, t1=0.086, t2=0.088, t3=0.088, t4=0.087, t5=0.087, t6=0.088, t7=0.086 | p50(max_across_ranks)=0.090, p90(max_across_ranks)=0.092        867.1      108.4        848.5       skip  eager; output=bf16_ipc_a2a; runner_preallocated; timing=mega_kernel_only
Wrote benchmark JSON to /home/hychen/min_fa3_demo/benchmark_logs/experiment_suite/20260812-231044-dcp-cp-suite/01_dcp_wave/results/arrival_2/dcp_2/critical_wave_release_lpt/comm_sm_12/case_000009_dcp2_hkv4_eager.json

================================================================================
Mega comm_sm=12, case 11/100: case_000010_dcp2_hkv4: B=24, Sq=[16, 16, 16, 16, 16, 16, 16, 16, 16, 16, 16, 16, 16, 16, 16, 16, 16, 16, 16, 16, 16, 16, 16, 16], Sk=[1576, 4115, 30627, 11332, 13601, 17054, 1268, 19085, 17369, 1179, 24420, 6072, 2358, 8982, 11077, 10968, 15322, 15033, 1062, 14095, 7965, 12995, 32417, 1579], DCP=2, Hkv=4
================================================================================
Config: world_size=8, methods=['dcp_mega_varlen'], QH=32, KVH=4, D=128, TP=8, DCP=2, workload=chunk, execution=eager, baseline_phase_timing=False, warmup=40, iters=60, check=False
Workload: B=24, q_tokens=384, history_tokens=281551, q_seqlens=[16, 16, 16, 16, 16, 16, 16, 16, 16, 16, 16, 16, 16, 16, 16, 16, 16, 16, 16, 16, 16, 16, 16, 16], history_seqlens=[1576, 4115, 30627, 11332, 13601, 17054, 1268, 19085, 17369, 1179, 24420, 6072, 2358, 8982, 11077, 10968, 15322, 15033, 1062, 14095, 7965, 12995, 32417, 1579]
Agg TFLOPS uses useful attention work across all TP ranks and p50(max_across_ranks); Avg/GPU divides it by world_size.
KV GB/s/GPU is average logical BF16 K+V bytes read per TP rank divided by p50(max_across_ranks); it is not hardware-counter HBM traffic.

Running B=24, q_tokens=384, history_tokens=281551, causal=True

B=24, q_tokens=384, history_tokens=281551, QH=32, KVH=4, D=128, TP=8, DCP=2, mode=causal
Method                   Time ms                                                                                                                                     Agg TFLOPS    Avg/GPU  KV GB/s/GPU      Check  Note
dcp_mega_varlen          t0=0.088, t1=0.083, t2=0.086, t3=0.084, t4=0.086, t5=0.085, t6=0.086, t7=0.084 | p50(max_across_ranks)=0.088, p90(max_across_ranks)=0.090        836.4      104.6        818.5       skip  eager; output=bf16_ipc_a2a; runner_preallocated; timing=mega_kernel_only
Wrote benchmark JSON to /home/hychen/min_fa3_demo/benchmark_logs/experiment_suite/20260812-231044-dcp-cp-suite/01_dcp_wave/results/arrival_2/dcp_2/critical_wave_release_lpt/comm_sm_12/case_000010_dcp2_hkv4_eager.json

================================================================================
Mega comm_sm=12, case 12/100: case_000011_dcp2_hkv4: B=15, Sq=[16, 16, 16, 16, 16, 16, 16, 16, 16, 16, 16, 16, 4096, 4096, 1928], Sk=[3376, 11546, 6689, 11085, 4037, 3223, 4062, 4252, 4302, 1797, 42378, 7037, 33280, 8704, 4608], DCP=2, Hkv=4
================================================================================
Config: world_size=8, methods=['dcp_mega_varlen'], QH=32, KVH=4, D=128, TP=8, DCP=2, workload=chunk, execution=eager, baseline_phase_timing=False, warmup=40, iters=60, check=False
Workload: B=15, q_tokens=10312, history_tokens=150376, q_seqlens=[16, 16, 16, 16, 16, 16, 16, 16, 16, 16, 16, 16, 4096, 4096, 1928], history_seqlens=[3376, 11546, 6689, 11085, 4037, 3223, 4062, 4252, 4302, 1797, 42378, 7037, 33280, 8704, 4608]
Agg TFLOPS uses useful attention work across all TP ranks and p50(max_across_ranks); Avg/GPU divides it by world_size.
KV GB/s/GPU is average logical BF16 K+V bytes read per TP rank divided by p50(max_across_ranks); it is not hardware-counter HBM traffic.

Running B=15, q_tokens=10312, history_tokens=150376, causal=True

B=15, q_tokens=10312, history_tokens=150376, QH=32, KVH=4, D=128, TP=8, DCP=2, mode=causal
Method                   Time ms                                                                                                                                     Agg TFLOPS    Avg/GPU  KV GB/s/GPU      Check  Note
dcp_mega_varlen          t0=0.821, t1=0.783, t2=0.751, t3=0.769, t4=0.748, t5=0.761, t6=0.794, t7=0.759 | p50(max_across_ranks)=0.821, p90(max_across_ranks)=0.823       4015.2      501.9         53.3       skip  eager; output=bf16_ipc_a2a; runner_preallocated; timing=mega_kernel_only
Wrote benchmark JSON to /home/hychen/min_fa3_demo/benchmark_logs/experiment_suite/20260812-231044-dcp-cp-suite/01_dcp_wave/results/arrival_2/dcp_2/critical_wave_release_lpt/comm_sm_12/case_000011_dcp2_hkv4_eager.json

================================================================================
Mega comm_sm=12, case 13/100: case_000012_dcp2_hkv4: B=17, Sq=[16, 16, 16, 16, 16, 16, 16, 16, 16, 16, 16, 16, 16, 16, 16, 16, 4096], Sk=[12649, 25525, 7210, 3455, 3063, 15137, 23989, 30934, 3469, 6250, 16018, 8692, 4190, 13057, 5925, 6923, 25088], DCP=2, Hkv=4
================================================================================
Config: world_size=8, methods=['dcp_mega_varlen'], QH=32, KVH=4, D=128, TP=8, DCP=2, workload=chunk, execution=eager, baseline_phase_timing=False, warmup=40, iters=60, check=False
Workload: B=17, q_tokens=4352, history_tokens=211574, q_seqlens=[16, 16, 16, 16, 16, 16, 16, 16, 16, 16, 16, 16, 16, 16, 16, 16, 4096], history_seqlens=[12649, 25525, 7210, 3455, 3063, 15137, 23989, 30934, 3469, 6250, 16018, 8692, 4190, 13057, 5925, 6923, 25088]
Agg TFLOPS uses useful attention work across all TP ranks and p50(max_across_ranks); Avg/GPU divides it by world_size.
KV GB/s/GPU is average logical BF16 K+V bytes read per TP rank divided by p50(max_across_ranks); it is not hardware-counter HBM traffic.

Running B=17, q_tokens=4352, history_tokens=211574, causal=True

B=17, q_tokens=4352, history_tokens=211574, QH=32, KVH=4, D=128, TP=8, DCP=2, mode=causal
Method                   Time ms                                                                                                                                     Agg TFLOPS    Avg/GPU  KV GB/s/GPU      Check  Note
dcp_mega_varlen          t0=0.476, t1=0.470, t2=0.475, t3=0.472, t4=0.470, t5=0.470, t6=0.475, t7=0.472 | p50(max_across_ranks)=0.477, p90(max_across_ranks)=0.479       3924.0      490.5        118.3       skip  eager; output=bf16_ipc_a2a; runner_preallocated; timing=mega_kernel_only
Wrote benchmark JSON to /home/hychen/min_fa3_demo/benchmark_logs/experiment_suite/20260812-231044-dcp-cp-suite/01_dcp_wave/results/arrival_2/dcp_2/critical_wave_release_lpt/comm_sm_12/case_000012_dcp2_hkv4_eager.json

================================================================================
Mega comm_sm=12, case 14/100: case_000013_dcp2_hkv4: B=17, Sq=[16, 16, 16, 16, 16, 16, 16, 16, 16, 16, 16, 16, 16, 16, 16, 16, 16], Sk=[4596, 11962, 4977, 6704, 4658, 12524, 4321, 13974, 6037, 21392, 21796, 2558, 1645, 24750, 8576, 4963, 16788], DCP=2, Hkv=4
================================================================================
Config: world_size=8, methods=['dcp_mega_varlen'], QH=32, KVH=4, D=128, TP=8, DCP=2, workload=chunk, execution=eager, baseline_phase_timing=False, warmup=40, iters=60, check=False
Workload: B=17, q_tokens=272, history_tokens=172221, q_seqlens=[16, 16, 16, 16, 16, 16, 16, 16, 16, 16, 16, 16, 16, 16, 16, 16, 16], history_seqlens=[4596, 11962, 4977, 6704, 4658, 12524, 4321, 13974, 6037, 21392, 21796, 2558, 1645, 24750, 8576, 4963, 16788]
Agg TFLOPS uses useful attention work across all TP ranks and p50(max_across_ranks); Avg/GPU divides it by world_size.
KV GB/s/GPU is average logical BF16 K+V bytes read per TP rank divided by p50(max_across_ranks); it is not hardware-counter HBM traffic.

Running B=17, q_tokens=272, history_tokens=172221, causal=True

B=17, q_tokens=272, history_tokens=172221, QH=32, KVH=4, D=128, TP=8, DCP=2, mode=causal
Method                   Time ms                                                                                                                                     Agg TFLOPS    Avg/GPU  KV GB/s/GPU      Check  Note
dcp_mega_varlen          t0=0.063, t1=0.059, t2=0.063, t3=0.061, t4=0.062, t5=0.062, t6=0.062, t7=0.060 | p50(max_across_ranks)=0.064, p90(max_across_ranks)=0.066        706.7       88.3        691.8       skip  eager; output=bf16_ipc_a2a; runner_preallocated; timing=mega_kernel_only
Wrote benchmark JSON to /home/hychen/min_fa3_demo/benchmark_logs/experiment_suite/20260812-231044-dcp-cp-suite/01_dcp_wave/results/arrival_2/dcp_2/critical_wave_release_lpt/comm_sm_12/case_000013_dcp2_hkv4_eager.json

================================================================================
Mega comm_sm=12, case 15/100: case_000014_dcp2_hkv4: B=18, Sq=[16, 16, 16, 16, 16, 16, 16, 16, 16, 16, 16, 16, 16, 16, 16, 16, 16, 16], Sk=[1752, 17497, 1650, 2699, 6701, 10274, 2202, 9192, 21820, 18725, 10257, 3339, 1116, 10820, 34831, 9013, 3197, 5285], DCP=2, Hkv=4
================================================================================
Config: world_size=8, methods=['dcp_mega_varlen'], QH=32, KVH=4, D=128, TP=8, DCP=2, workload=chunk, execution=eager, baseline_phase_timing=False, warmup=40, iters=60, check=False
Workload: B=18, q_tokens=288, history_tokens=170370, q_seqlens=[16, 16, 16, 16, 16, 16, 16, 16, 16, 16, 16, 16, 16, 16, 16, 16, 16, 16], history_seqlens=[1752, 17497, 1650, 2699, 6701, 10274, 2202, 9192, 21820, 18725, 10257, 3339, 1116, 10820, 34831, 9013, 3197, 5285]
Agg TFLOPS uses useful attention work across all TP ranks and p50(max_across_ranks); Avg/GPU divides it by world_size.
KV GB/s/GPU is average logical BF16 K+V bytes read per TP rank divided by p50(max_across_ranks); it is not hardware-counter HBM traffic.

Running B=18, q_tokens=288, history_tokens=170370, causal=True

B=18, q_tokens=288, history_tokens=170370, QH=32, KVH=4, D=128, TP=8, DCP=2, mode=causal
Method                   Time ms                                                                                                                                     Agg TFLOPS    Avg/GPU  KV GB/s/GPU      Check  Note
dcp_mega_varlen          t0=0.087, t1=0.082, t2=0.085, t3=0.084, t4=0.084, t5=0.084, t6=0.085, t7=0.082 | p50(max_across_ranks)=0.087, p90(max_across_ranks)=0.092        511.7       64.0        500.9       skip  eager; output=bf16_ipc_a2a; runner_preallocated; timing=mega_kernel_only
Wrote benchmark JSON to /home/hychen/min_fa3_demo/benchmark_logs/experiment_suite/20260812-231044-dcp-cp-suite/01_dcp_wave/results/arrival_2/dcp_2/critical_wave_release_lpt/comm_sm_12/case_000014_dcp2_hkv4_eager.json

================================================================================
Mega comm_sm=12, case 16/100: case_000015_dcp2_hkv4: B=16, Sq=[16, 16, 16, 16, 16, 16, 16, 16, 16, 16, 16, 16, 16, 16, 16, 4096], Sk=[17624, 1785, 2823, 2341, 9324, 21945, 18861, 10947, 34972, 3339, 17949, 7794, 2582, 21552, 15070, 25088], DCP=2, Hkv=4
================================================================================
Config: world_size=8, methods=['dcp_mega_varlen'], QH=32, KVH=4, D=128, TP=8, DCP=2, workload=chunk, execution=eager, baseline_phase_timing=False, warmup=40, iters=60, check=False
Workload: B=16, q_tokens=4336, history_tokens=213996, q_seqlens=[16, 16, 16, 16, 16, 16, 16, 16, 16, 16, 16, 16, 16, 16, 16, 4096], history_seqlens=[17624, 1785, 2823, 2341, 9324, 21945, 18861, 10947, 34972, 3339, 17949, 7794, 2582, 21552, 15070, 25088]
Agg TFLOPS uses useful attention work across all TP ranks and p50(max_across_ranks); Avg/GPU divides it by world_size.
KV GB/s/GPU is average logical BF16 K+V bytes read per TP rank divided by p50(max_across_ranks); it is not hardware-counter HBM traffic.

Running B=16, q_tokens=4336, history_tokens=213996, causal=True

B=16, q_tokens=4336, history_tokens=213996, QH=32, KVH=4, D=128, TP=8, DCP=2, mode=causal
Method                   Time ms                                                                                                                                     Agg TFLOPS    Avg/GPU  KV GB/s/GPU      Check  Note
dcp_mega_varlen          t0=0.475, t1=0.464, t2=0.477, t3=0.472, t4=0.467, t5=0.465, t6=0.473, t7=0.469 | p50(max_across_ranks)=0.477, p90(max_across_ranks)=0.479       3920.2      490.0        119.5       skip  eager; output=bf16_ipc_a2a; runner_preallocated; timing=mega_kernel_only
Wrote benchmark JSON to /home/hychen/min_fa3_demo/benchmark_logs/experiment_suite/20260812-231044-dcp-cp-suite/01_dcp_wave/results/arrival_2/dcp_2/critical_wave_release_lpt/comm_sm_12/case_000015_dcp2_hkv4_eager.json

================================================================================
Mega comm_sm=12, case 17/100: case_000016_dcp2_hkv4: B=22, Sq=[16, 16, 16, 16, 16, 16, 16, 16, 16, 16, 16, 16, 16, 16, 16, 16, 16, 16, 16, 16, 16, 4096], Sk=[11283, 8129, 2944, 21915, 5498, 28975, 6831, 1889, 54854, 4583, 4366, 30637, 5388, 13705, 3865, 1019, 10398, 8652, 15677, 931, 1281, 512], DCP=2, Hkv=4
================================================================================
Config: world_size=8, methods=['dcp_mega_varlen'], QH=32, KVH=4, D=128, TP=8, DCP=2, workload=chunk, execution=eager, baseline_phase_timing=False, warmup=40, iters=60, check=False
Workload: B=22, q_tokens=4432, history_tokens=243332, q_seqlens=[16, 16, 16, 16, 16, 16, 16, 16, 16, 16, 16, 16, 16, 16, 16, 16, 16, 16, 16, 16, 16, 4096], history_seqlens=[11283, 8129, 2944, 21915, 5498, 28975, 6831, 1889, 54854, 4583, 4366, 30637, 5388, 13705, 3865, 1019, 10398, 8652, 15677, 931, 1281, 512]
Agg TFLOPS uses useful attention work across all TP ranks and p50(max_across_ranks); Avg/GPU divides it by world_size.
KV GB/s/GPU is average logical BF16 K+V bytes read per TP rank divided by p50(max_across_ranks); it is not hardware-counter HBM traffic.

Running B=22, q_tokens=4432, history_tokens=243332, causal=True

B=22, q_tokens=4432, history_tokens=243332, QH=32, KVH=4, D=128, TP=8, DCP=2, mode=causal
Method                   Time ms                                                                                                                                     Agg TFLOPS    Avg/GPU  KV GB/s/GPU      Check  Note
dcp_mega_varlen          t0=0.218, t1=0.214, t2=0.218, t3=0.214, t4=0.217, t5=0.215, t6=0.216, t7=0.214 | p50(max_across_ranks)=0.219, p90(max_across_ranks)=0.221       1073.8      134.2        294.3       skip  eager; output=bf16_ipc_a2a; runner_preallocated; timing=mega_kernel_only
Wrote benchmark JSON to /home/hychen/min_fa3_demo/benchmark_logs/experiment_suite/20260812-231044-dcp-cp-suite/01_dcp_wave/results/arrival_2/dcp_2/critical_wave_release_lpt/comm_sm_12/case_000016_dcp2_hkv4_eager.json

================================================================================
Mega comm_sm=12, case 18/100: case_000017_dcp2_hkv4: B=14, Sq=[16, 16, 16, 16, 16, 16, 16, 16, 16, 16, 16, 16, 16, 16], Sk=[31971, 8904, 2108, 20326, 1349, 3680, 6206, 12816, 14788, 13663, 5156, 7433, 13862, 11903], DCP=2, Hkv=4
================================================================================
Config: world_size=8, methods=['dcp_mega_varlen'], QH=32, KVH=4, D=128, TP=8, DCP=2, workload=chunk, execution=eager, baseline_phase_timing=False, warmup=40, iters=60, check=False
Workload: B=14, q_tokens=224, history_tokens=154165, q_seqlens=[16, 16, 16, 16, 16, 16, 16, 16, 16, 16, 16, 16, 16, 16], history_seqlens=[31971, 8904, 2108, 20326, 1349, 3680, 6206, 12816, 14788, 13663, 5156, 7433, 13862, 11903]
Agg TFLOPS uses useful attention work across all TP ranks and p50(max_across_ranks); Avg/GPU divides it by world_size.
KV GB/s/GPU is average logical BF16 K+V bytes read per TP rank divided by p50(max_across_ranks); it is not hardware-counter HBM traffic.

Running B=14, q_tokens=224, history_tokens=154165, causal=True

B=14, q_tokens=224, history_tokens=154165, QH=32, KVH=4, D=128, TP=8, DCP=2, mode=causal
Method                   Time ms                                                                                                                                     Agg TFLOPS    Avg/GPU  KV GB/s/GPU      Check  Note
dcp_mega_varlen          t0=0.079, t1=0.077, t2=0.079, t3=0.078, t4=0.078, t5=0.078, t6=0.078, t7=0.076 | p50(max_across_ranks)=0.080, p90(max_across_ranks)=0.082        506.6       63.3        495.8       skip  eager; output=bf16_ipc_a2a; runner_preallocated; timing=mega_kernel_only
Wrote benchmark JSON to /home/hychen/min_fa3_demo/benchmark_logs/experiment_suite/20260812-231044-dcp-cp-suite/01_dcp_wave/results/arrival_2/dcp_2/critical_wave_release_lpt/comm_sm_12/case_000017_dcp2_hkv4_eager.json

================================================================================
Mega comm_sm=12, case 19/100: case_000018_dcp2_hkv4: B=22, Sq=[16, 16, 16, 16, 16, 16, 16, 16, 16, 16, 16, 16, 16, 16, 16, 16, 16, 16, 16, 16, 16, 16], Sk=[7617, 1527, 7205, 3780, 6081, 1250, 4895, 5607, 6714, 9861, 2730, 1169, 1537, 14253, 7194, 94909, 11034, 1681, 19801, 1049, 1290, 950], DCP=2, Hkv=4
================================================================================
Config: world_size=8, methods=['dcp_mega_varlen'], QH=32, KVH=4, D=128, TP=8, DCP=2, workload=chunk, execution=eager, baseline_phase_timing=False, warmup=40, iters=60, check=False
Workload: B=22, q_tokens=352, history_tokens=212134, q_seqlens=[16, 16, 16, 16, 16, 16, 16, 16, 16, 16, 16, 16, 16, 16, 16, 16, 16, 16, 16, 16, 16, 16], history_seqlens=[7617, 1527, 7205, 3780, 6081, 1250, 4895, 5607, 6714, 9861, 2730, 1169, 1537, 14253, 7194, 94909, 11034, 1681, 19801, 1049, 1290, 950]
Agg TFLOPS uses useful attention work across all TP ranks and p50(max_across_ranks); Avg/GPU divides it by world_size.
KV GB/s/GPU is average logical BF16 K+V bytes read per TP rank divided by p50(max_across_ranks); it is not hardware-counter HBM traffic.

Running B=22, q_tokens=352, history_tokens=212134, causal=True

B=22, q_tokens=352, history_tokens=212134, QH=32, KVH=4, D=128, TP=8, DCP=2, mode=causal
Method                   Time ms                                                                                                                                     Agg TFLOPS    Avg/GPU  KV GB/s/GPU      Check  Note
dcp_mega_varlen          t0=0.092, t1=0.088, t2=0.092, t3=0.089, t4=0.090, t5=0.092, t6=0.090, t7=0.089 | p50(max_across_ranks)=0.093, p90(max_across_ranks)=0.095        600.4       75.0        587.7       skip  eager; output=bf16_ipc_a2a; runner_preallocated; timing=mega_kernel_only
Wrote benchmark JSON to /home/hychen/min_fa3_demo/benchmark_logs/experiment_suite/20260812-231044-dcp-cp-suite/01_dcp_wave/results/arrival_2/dcp_2/critical_wave_release_lpt/comm_sm_12/case_000018_dcp2_hkv4_eager.json

================================================================================
Mega comm_sm=12, case 20/100: case_000019_dcp2_hkv4: B=16, Sq=[16, 16, 16, 16, 16, 16, 16, 16, 16, 16, 16, 16, 16, 16, 16, 16], Sk=[39093, 1442, 2805, 3752, 15768, 1469, 3756, 5455, 10232, 33514, 994, 9334, 3008, 4846, 5441, 1924], DCP=2, Hkv=4
================================================================================
Config: world_size=8, methods=['dcp_mega_varlen'], QH=32, KVH=4, D=128, TP=8, DCP=2, workload=chunk, execution=eager, baseline_phase_timing=False, warmup=40, iters=60, check=False
Workload: B=16, q_tokens=256, history_tokens=142833, q_seqlens=[16, 16, 16, 16, 16, 16, 16, 16, 16, 16, 16, 16, 16, 16, 16, 16], history_seqlens=[39093, 1442, 2805, 3752, 15768, 1469, 3756, 5455, 10232, 33514, 994, 9334, 3008, 4846, 5441, 1924]
Agg TFLOPS uses useful attention work across all TP ranks and p50(max_across_ranks); Avg/GPU divides it by world_size.
KV GB/s/GPU is average logical BF16 K+V bytes read per TP rank divided by p50(max_across_ranks); it is not hardware-counter HBM traffic.

Running B=16, q_tokens=256, history_tokens=142833, causal=True

B=16, q_tokens=256, history_tokens=142833, QH=32, KVH=4, D=128, TP=8, DCP=2, mode=causal
Method                   Time ms                                                                                                                                     Agg TFLOPS    Avg/GPU  KV GB/s/GPU      Check  Note
dcp_mega_varlen          t0=0.073, t1=0.069, t2=0.073, t3=0.070, t4=0.071, t5=0.071, t6=0.071, t7=0.070 | p50(max_across_ranks)=0.074, p90(max_across_ranks)=0.076        506.4       63.3        495.8       skip  eager; output=bf16_ipc_a2a; runner_preallocated; timing=mega_kernel_only
Wrote benchmark JSON to /home/hychen/min_fa3_demo/benchmark_logs/experiment_suite/20260812-231044-dcp-cp-suite/01_dcp_wave/results/arrival_2/dcp_2/critical_wave_release_lpt/comm_sm_12/case_000019_dcp2_hkv4_eager.json

================================================================================
Mega comm_sm=12, case 21/100: case_000020_dcp2_hkv4: B=13, Sq=[16, 16, 16, 16, 16, 16, 16, 16, 16, 16, 16, 16, 16], Sk=[1405, 1676, 1684, 1157, 1999, 3273, 1306, 5280, 16365, 39269, 1454, 27395, 1449], DCP=2, Hkv=4
================================================================================
Config: world_size=8, methods=['dcp_mega_varlen'], QH=32, KVH=4, D=128, TP=8, DCP=2, workload=chunk, execution=eager, baseline_phase_timing=False, warmup=40, iters=60, check=False
Workload: B=13, q_tokens=208, history_tokens=103712, q_seqlens=[16, 16, 16, 16, 16, 16, 16, 16, 16, 16, 16, 16, 16], history_seqlens=[1405, 1676, 1684, 1157, 1999, 3273, 1306, 5280, 16365, 39269, 1454, 27395, 1449]
Agg TFLOPS uses useful attention work across all TP ranks and p50(max_across_ranks); Avg/GPU divides it by world_size.
KV GB/s/GPU is average logical BF16 K+V bytes read per TP rank divided by p50(max_across_ranks); it is not hardware-counter HBM traffic.

Running B=13, q_tokens=208, history_tokens=103712, causal=True

B=13, q_tokens=208, history_tokens=103712, QH=32, KVH=4, D=128, TP=8, DCP=2, mode=causal
Method                   Time ms                                                                                                                                     Agg TFLOPS    Avg/GPU  KV GB/s/GPU      Check  Note
dcp_mega_varlen          t0=0.062, t1=0.058, t2=0.061, t3=0.059, t4=0.060, t5=0.060, t6=0.060, t7=0.058 | p50(max_across_ranks)=0.062, p90(max_across_ranks)=0.064        438.5       54.8        429.5       skip  eager; output=bf16_ipc_a2a; runner_preallocated; timing=mega_kernel_only
Wrote benchmark JSON to /home/hychen/min_fa3_demo/benchmark_logs/experiment_suite/20260812-231044-dcp-cp-suite/01_dcp_wave/results/arrival_2/dcp_2/critical_wave_release_lpt/comm_sm_12/case_000020_dcp2_hkv4_eager.json

================================================================================
Mega comm_sm=12, case 22/100: case_000021_dcp2_hkv4: B=12, Sq=[16, 16, 16, 16, 16, 16, 16, 16, 16, 16, 16, 16], Sk=[3749, 16807, 7916, 3816, 21471, 19875, 1656, 40474, 1768, 2144, 17940, 3133], DCP=2, Hkv=4
================================================================================
Config: world_size=8, methods=['dcp_mega_varlen'], QH=32, KVH=4, D=128, TP=8, DCP=2, workload=chunk, execution=eager, baseline_phase_timing=False, warmup=40, iters=60, check=False
Workload: B=12, q_tokens=192, history_tokens=140749, q_seqlens=[16, 16, 16, 16, 16, 16, 16, 16, 16, 16, 16, 16], history_seqlens=[3749, 16807, 7916, 3816, 21471, 19875, 1656, 40474, 1768, 2144, 17940, 3133]
Agg TFLOPS uses useful attention work across all TP ranks and p50(max_across_ranks); Avg/GPU divides it by world_size.
KV GB/s/GPU is average logical BF16 K+V bytes read per TP rank divided by p50(max_across_ranks); it is not hardware-counter HBM traffic.

Running B=12, q_tokens=192, history_tokens=140749, causal=True

B=12, q_tokens=192, history_tokens=140749, QH=32, KVH=4, D=128, TP=8, DCP=2, mode=causal
Method                   Time ms                                                                                                                                     Agg TFLOPS    Avg/GPU  KV GB/s/GPU      Check  Note
dcp_mega_varlen          t0=0.063, t1=0.059, t2=0.063, t3=0.061, t4=0.061, t5=0.061, t6=0.063, t7=0.060 | p50(max_across_ranks)=0.064, p90(max_across_ranks)=0.066        577.9       72.2        565.5       skip  eager; output=bf16_ipc_a2a; runner_preallocated; timing=mega_kernel_only
Wrote benchmark JSON to /home/hychen/min_fa3_demo/benchmark_logs/experiment_suite/20260812-231044-dcp-cp-suite/01_dcp_wave/results/arrival_2/dcp_2/critical_wave_release_lpt/comm_sm_12/case_000021_dcp2_hkv4_eager.json

================================================================================
Mega comm_sm=12, case 23/100: case_000022_dcp2_hkv4: B=11, Sq=[16, 16, 16, 16, 16, 16, 16, 16, 16, 16, 16], Sk=[2249, 2626, 1241, 75029, 2803, 8083, 17092, 5436, 9473, 11686, 1158], DCP=2, Hkv=4
================================================================================
Config: world_size=8, methods=['dcp_mega_varlen'], QH=32, KVH=4, D=128, TP=8, DCP=2, workload=chunk, execution=eager, baseline_phase_timing=False, warmup=40, iters=60, check=False
Workload: B=11, q_tokens=176, history_tokens=136876, q_seqlens=[16, 16, 16, 16, 16, 16, 16, 16, 16, 16, 16], history_seqlens=[2249, 2626, 1241, 75029, 2803, 8083, 17092, 5436, 9473, 11686, 1158]
Agg TFLOPS uses useful attention work across all TP ranks and p50(max_across_ranks); Avg/GPU divides it by world_size.
KV GB/s/GPU is average logical BF16 K+V bytes read per TP rank divided by p50(max_across_ranks); it is not hardware-counter HBM traffic.

Running B=11, q_tokens=176, history_tokens=136876, causal=True

B=11, q_tokens=176, history_tokens=136876, QH=32, KVH=4, D=128, TP=8, DCP=2, mode=causal
Method                   Time ms                                                                                                                                     Agg TFLOPS    Avg/GPU  KV GB/s/GPU      Check  Note
dcp_mega_varlen          t0=0.079, t1=0.075, t2=0.079, t3=0.076, t4=0.078, t5=0.077, t6=0.077, t7=0.075 | p50(max_across_ranks)=0.079, p90(max_across_ranks)=0.082        452.5       56.6        442.8       skip  eager; output=bf16_ipc_a2a; runner_preallocated; timing=mega_kernel_only
Wrote benchmark JSON to /home/hychen/min_fa3_demo/benchmark_logs/experiment_suite/20260812-231044-dcp-cp-suite/01_dcp_wave/results/arrival_2/dcp_2/critical_wave_release_lpt/comm_sm_12/case_000022_dcp2_hkv4_eager.json

================================================================================
Mega comm_sm=12, case 24/100: case_000023_dcp2_hkv4: B=16, Sq=[16, 16, 16, 16, 16, 16, 16, 16, 16, 16, 16, 16, 16, 16, 16, 4096], Sk=[12634, 17891, 58058, 2171, 1055, 1017, 68156, 5056, 5940, 26802, 2148, 6948, 16377, 1100, 11969, 37376], DCP=2, Hkv=4
================================================================================
Config: world_size=8, methods=['dcp_mega_varlen'], QH=32, KVH=4, D=128, TP=8, DCP=2, workload=chunk, execution=eager, baseline_phase_timing=False, warmup=40, iters=60, check=False
Workload: B=16, q_tokens=4336, history_tokens=274698, q_seqlens=[16, 16, 16, 16, 16, 16, 16, 16, 16, 16, 16, 16, 16, 16, 16, 4096], history_seqlens=[12634, 17891, 58058, 2171, 1055, 1017, 68156, 5056, 5940, 26802, 2148, 6948, 16377, 1100, 11969, 37376]
Agg TFLOPS uses useful attention work across all TP ranks and p50(max_across_ranks); Avg/GPU divides it by world_size.
KV GB/s/GPU is average logical BF16 K+V bytes read per TP rank divided by p50(max_across_ranks); it is not hardware-counter HBM traffic.

Running B=16, q_tokens=4336, history_tokens=274698, causal=True

B=16, q_tokens=4336, history_tokens=274698, QH=32, KVH=4, D=128, TP=8, DCP=2, mode=causal
Method                   Time ms                                                                                                                                     Agg TFLOPS    Avg/GPU  KV GB/s/GPU      Check  Note
dcp_mega_varlen          t0=0.696, t1=0.681, t2=0.668, t3=0.659, t4=0.663, t5=0.664, t6=0.660, t7=0.654 | p50(max_across_ranks)=0.697, p90(max_across_ranks)=0.709       3886.8      485.9        104.1       skip  eager; output=bf16_ipc_a2a; runner_preallocated; timing=mega_kernel_only
Wrote benchmark JSON to /home/hychen/min_fa3_demo/benchmark_logs/experiment_suite/20260812-231044-dcp-cp-suite/01_dcp_wave/results/arrival_2/dcp_2/critical_wave_release_lpt/comm_sm_12/case_000023_dcp2_hkv4_eager.json

================================================================================
Mega comm_sm=12, case 25/100: case_000024_dcp2_hkv4: B=15, Sq=[16, 16, 16, 16, 16, 16, 16, 16, 16, 16, 16, 16, 16, 16, 16], Sk=[58337, 2460, 1342, 68420, 5335, 6202, 2409, 16630, 46775, 12247, 1325, 21696, 1164, 2828, 9169], DCP=2, Hkv=4
================================================================================
Config: world_size=8, methods=['dcp_mega_varlen'], QH=32, KVH=4, D=128, TP=8, DCP=2, workload=chunk, execution=eager, baseline_phase_timing=False, warmup=40, iters=60, check=False
Workload: B=15, q_tokens=240, history_tokens=256339, q_seqlens=[16, 16, 16, 16, 16, 16, 16, 16, 16, 16, 16, 16, 16, 16, 16], history_seqlens=[58337, 2460, 1342, 68420, 5335, 6202, 2409, 16630, 46775, 12247, 1325, 21696, 1164, 2828, 9169]
Agg TFLOPS uses useful attention work across all TP ranks and p50(max_across_ranks); Avg/GPU divides it by world_size.
KV GB/s/GPU is average logical BF16 K+V bytes read per TP rank divided by p50(max_across_ranks); it is not hardware-counter HBM traffic.

Running B=15, q_tokens=240, history_tokens=256339, causal=True

B=15, q_tokens=240, history_tokens=256339, QH=32, KVH=4, D=128, TP=8, DCP=2, mode=causal
Method                   Time ms                                                                                                                                     Agg TFLOPS    Avg/GPU  KV GB/s/GPU      Check  Note
dcp_mega_varlen          t0=0.080, t1=0.077, t2=0.079, t3=0.077, t4=0.078, t5=0.077, t6=0.079, t7=0.076 | p50(max_across_ranks)=0.080, p90(max_across_ranks)=0.082        836.4      104.5        817.9       skip  eager; output=bf16_ipc_a2a; runner_preallocated; timing=mega_kernel_only
Wrote benchmark JSON to /home/hychen/min_fa3_demo/benchmark_logs/experiment_suite/20260812-231044-dcp-cp-suite/01_dcp_wave/results/arrival_2/dcp_2/critical_wave_release_lpt/comm_sm_12/case_000024_dcp2_hkv4_eager.json

================================================================================
Mega comm_sm=12, case 26/100: case_000025_dcp2_hkv4: B=18, Sq=[16, 16, 16, 16, 16, 16, 16, 16, 16, 16, 16, 16, 16, 16, 16, 16, 16, 16], Sk=[10405, 27112, 3311, 21194, 2889, 7486, 5782, 6922, 60238, 24518, 17817, 11034, 1055, 7530, 3702, 11898, 21229, 1410], DCP=2, Hkv=4
================================================================================
Config: world_size=8, methods=['dcp_mega_varlen'], QH=32, KVH=4, D=128, TP=8, DCP=2, workload=chunk, execution=eager, baseline_phase_timing=False, warmup=40, iters=60, check=False
Workload: B=18, q_tokens=288, history_tokens=245532, q_seqlens=[16, 16, 16, 16, 16, 16, 16, 16, 16, 16, 16, 16, 16, 16, 16, 16, 16, 16], history_seqlens=[10405, 27112, 3311, 21194, 2889, 7486, 5782, 6922, 60238, 24518, 17817, 11034, 1055, 7530, 3702, 11898, 21229, 1410]
Agg TFLOPS uses useful attention work across all TP ranks and p50(max_across_ranks); Avg/GPU divides it by world_size.
KV GB/s/GPU is average logical BF16 K+V bytes read per TP rank divided by p50(max_across_ranks); it is not hardware-counter HBM traffic.

Running B=18, q_tokens=288, history_tokens=245532, causal=True

B=18, q_tokens=288, history_tokens=245532, QH=32, KVH=4, D=128, TP=8, DCP=2, mode=causal
Method                   Time ms                                                                                                                                     Agg TFLOPS    Avg/GPU  KV GB/s/GPU      Check  Note
dcp_mega_varlen          t0=0.097, t1=0.092, t2=0.095, t3=0.094, t4=0.094, t5=0.094, t6=0.095, t7=0.092 | p50(max_across_ranks)=0.097, p90(max_across_ranks)=0.101        665.6       83.2        651.1       skip  eager; output=bf16_ipc_a2a; runner_preallocated; timing=mega_kernel_only
Wrote benchmark JSON to /home/hychen/min_fa3_demo/benchmark_logs/experiment_suite/20260812-231044-dcp-cp-suite/01_dcp_wave/results/arrival_2/dcp_2/critical_wave_release_lpt/comm_sm_12/case_000025_dcp2_hkv4_eager.json

================================================================================
Mega comm_sm=12, case 27/100: case_000026_dcp2_hkv4: B=20, Sq=[16, 16, 16, 16, 16, 16, 16, 16, 16, 16, 16, 16, 16, 16, 16, 16, 16, 16, 16, 16], Sk=[3396, 8130, 12080, 25536, 14471, 25044, 12973, 4167, 24748, 1817, 2283, 8545, 6064, 1061, 7078, 1841, 1110, 917, 14372, 3665], DCP=2, Hkv=4
================================================================================
Config: world_size=8, methods=['dcp_mega_varlen'], QH=32, KVH=4, D=128, TP=8, DCP=2, workload=chunk, execution=eager, baseline_phase_timing=False, warmup=40, iters=60, check=False
Workload: B=20, q_tokens=320, history_tokens=179298, q_seqlens=[16, 16, 16, 16, 16, 16, 16, 16, 16, 16, 16, 16, 16, 16, 16, 16, 16, 16, 16, 16], history_seqlens=[3396, 8130, 12080, 25536, 14471, 25044, 12973, 4167, 24748, 1817, 2283, 8545, 6064, 1061, 7078, 1841, 1110, 917, 14372, 3665]
Agg TFLOPS uses useful attention work across all TP ranks and p50(max_across_ranks); Avg/GPU divides it by world_size.
KV GB/s/GPU is average logical BF16 K+V bytes read per TP rank divided by p50(max_across_ranks); it is not hardware-counter HBM traffic.

Running B=20, q_tokens=320, history_tokens=179298, causal=True

B=20, q_tokens=320, history_tokens=179298, QH=32, KVH=4, D=128, TP=8, DCP=2, mode=causal
Method                   Time ms                                                                                                                                     Agg TFLOPS    Avg/GPU  KV GB/s/GPU      Check  Note
dcp_mega_varlen          t0=0.075, t1=0.071, t2=0.073, t3=0.073, t4=0.073, t5=0.072, t6=0.074, t7=0.071 | p50(max_across_ranks)=0.075, p90(max_across_ranks)=0.079        623.5       77.9        610.5       skip  eager; output=bf16_ipc_a2a; runner_preallocated; timing=mega_kernel_only
Wrote benchmark JSON to /home/hychen/min_fa3_demo/benchmark_logs/experiment_suite/20260812-231044-dcp-cp-suite/01_dcp_wave/results/arrival_2/dcp_2/critical_wave_release_lpt/comm_sm_12/case_000026_dcp2_hkv4_eager.json

================================================================================
Mega comm_sm=12, case 28/100: case_000027_dcp2_hkv4: B=18, Sq=[16, 16, 16, 16, 16, 16, 16, 16, 16, 16, 16, 16, 16, 16, 16, 16, 16, 16], Sk=[10904, 8049, 2209, 3135, 19756, 3139, 12528, 4745, 3838, 1647, 29258, 3080, 15169, 1026, 5240, 947, 927, 13107], DCP=2, Hkv=4
================================================================================
Config: world_size=8, methods=['dcp_mega_varlen'], QH=32, KVH=4, D=128, TP=8, DCP=2, workload=chunk, execution=eager, baseline_phase_timing=False, warmup=40, iters=60, check=False
Workload: B=18, q_tokens=288, history_tokens=138704, q_seqlens=[16, 16, 16, 16, 16, 16, 16, 16, 16, 16, 16, 16, 16, 16, 16, 16, 16, 16], history_seqlens=[10904, 8049, 2209, 3135, 19756, 3139, 12528, 4745, 3838, 1647, 29258, 3080, 15169, 1026, 5240, 947, 927, 13107]
Agg TFLOPS uses useful attention work across all TP ranks and p50(max_across_ranks); Avg/GPU divides it by world_size.
KV GB/s/GPU is average logical BF16 K+V bytes read per TP rank divided by p50(max_across_ranks); it is not hardware-counter HBM traffic.

Running B=18, q_tokens=288, history_tokens=138704, causal=True

B=18, q_tokens=288, history_tokens=138704, QH=32, KVH=4, D=128, TP=8, DCP=2, mode=causal
Method                   Time ms                                                                                                                                     Agg TFLOPS    Avg/GPU  KV GB/s/GPU      Check  Note
dcp_mega_varlen          t0=0.066, t1=0.062, t2=0.066, t3=0.064, t4=0.064, t5=0.064, t6=0.065, t7=0.062 | p50(max_across_ranks)=0.066, p90(max_across_ranks)=0.069        547.7       68.5        536.5       skip  eager; output=bf16_ipc_a2a; runner_preallocated; timing=mega_kernel_only
Wrote benchmark JSON to /home/hychen/min_fa3_demo/benchmark_logs/experiment_suite/20260812-231044-dcp-cp-suite/01_dcp_wave/results/arrival_2/dcp_2/critical_wave_release_lpt/comm_sm_12/case_000027_dcp2_hkv4_eager.json

================================================================================
Mega comm_sm=12, case 29/100: case_000028_dcp2_hkv4: B=19, Sq=[16, 16, 16, 16, 16, 16, 16, 16, 16, 16, 16, 16, 16, 16, 16, 16, 16, 16, 16], Sk=[11610, 2955, 46052, 20065, 41199, 14595, 5591, 1749, 9369, 98766, 26544, 3732, 12330, 15865, 5134, 16229, 2772, 92144, 1330], DCP=2, Hkv=4
================================================================================
Config: world_size=8, methods=['dcp_mega_varlen'], QH=32, KVH=4, D=128, TP=8, DCP=2, workload=chunk, execution=eager, baseline_phase_timing=False, warmup=40, iters=60, check=False
Workload: B=19, q_tokens=304, history_tokens=428031, q_seqlens=[16, 16, 16, 16, 16, 16, 16, 16, 16, 16, 16, 16, 16, 16, 16, 16, 16, 16, 16], history_seqlens=[11610, 2955, 46052, 20065, 41199, 14595, 5591, 1749, 9369, 98766, 26544, 3732, 12330, 15865, 5134, 16229, 2772, 92144, 1330]
Agg TFLOPS uses useful attention work across all TP ranks and p50(max_across_ranks); Avg/GPU divides it by world_size.
KV GB/s/GPU is average logical BF16 K+V bytes read per TP rank divided by p50(max_across_ranks); it is not hardware-counter HBM traffic.

Running B=19, q_tokens=304, history_tokens=428031, causal=True

B=19, q_tokens=304, history_tokens=428031, QH=32, KVH=4, D=128, TP=8, DCP=2, mode=causal
Method                   Time ms                                                                                                                                     Agg TFLOPS    Avg/GPU  KV GB/s/GPU      Check  Note
dcp_mega_varlen          t0=0.102, t1=0.099, t2=0.102, t3=0.099, t4=0.099, t5=0.100, t6=0.101, t7=0.098 | p50(max_across_ranks)=0.103, p90(max_across_ranks)=0.104       1092.6      136.6       1068.1       skip  eager; output=bf16_ipc_a2a; runner_preallocated; timing=mega_kernel_only
Wrote benchmark JSON to /home/hychen/min_fa3_demo/benchmark_logs/experiment_suite/20260812-231044-dcp-cp-suite/01_dcp_wave/results/arrival_2/dcp_2/critical_wave_release_lpt/comm_sm_12/case_000028_dcp2_hkv4_eager.json

================================================================================
Mega comm_sm=12, case 30/100: case_000029_dcp2_hkv4: B=18, Sq=[16, 16, 16, 16, 16, 16, 16, 16, 16, 16, 16, 16, 16, 16, 16, 16, 16, 16], Sk=[20644, 34146, 13513, 19654, 1709, 10171, 31895, 11796, 6698, 14716, 1104, 3965, 17579, 12947, 1858, 974, 4751, 8689], DCP=2, Hkv=4
================================================================================
Config: world_size=8, methods=['dcp_mega_varlen'], QH=32, KVH=4, D=128, TP=8, DCP=2, workload=chunk, execution=eager, baseline_phase_timing=False, warmup=40, iters=60, check=False
Workload: B=18, q_tokens=288, history_tokens=216809, q_seqlens=[16, 16, 16, 16, 16, 16, 16, 16, 16, 16, 16, 16, 16, 16, 16, 16, 16, 16], history_seqlens=[20644, 34146, 13513, 19654, 1709, 10171, 31895, 11796, 6698, 14716, 1104, 3965, 17579, 12947, 1858, 974, 4751, 8689]
Agg TFLOPS uses useful attention work across all TP ranks and p50(max_across_ranks); Avg/GPU divides it by world_size.
KV GB/s/GPU is average logical BF16 K+V bytes read per TP rank divided by p50(max_across_ranks); it is not hardware-counter HBM traffic.

Running B=18, q_tokens=288, history_tokens=216809, causal=True

B=18, q_tokens=288, history_tokens=216809, QH=32, KVH=4, D=128, TP=8, DCP=2, mode=causal
Method                   Time ms                                                                                                                                     Agg TFLOPS    Avg/GPU  KV GB/s/GPU      Check  Note
dcp_mega_varlen          t0=0.078, t1=0.074, t2=0.078, t3=0.076, t4=0.076, t5=0.075, t6=0.076, t7=0.075 | p50(max_across_ranks)=0.079, p90(max_across_ranks)=0.082        722.5       90.3        706.9       skip  eager; output=bf16_ipc_a2a; runner_preallocated; timing=mega_kernel_only
Wrote benchmark JSON to /home/hychen/min_fa3_demo/benchmark_logs/experiment_suite/20260812-231044-dcp-cp-suite/01_dcp_wave/results/arrival_2/dcp_2/critical_wave_release_lpt/comm_sm_12/case_000029_dcp2_hkv4_eager.json

================================================================================
Mega comm_sm=12, case 31/100: case_000030_dcp2_hkv4: B=22, Sq=[16, 16, 16, 16, 16, 16, 16, 16, 16, 16, 16, 16, 16, 16, 16, 16, 16, 16, 16, 16, 16, 16], Sk=[10490, 8212, 3048, 7913, 1740, 1232, 1450, 12151, 3753, 16102, 9774, 8836, 111941, 18526, 1224, 4480, 14254, 1188, 5866, 16309, 956, 13277], DCP=2, Hkv=4
================================================================================
Config: world_size=8, methods=['dcp_mega_varlen'], QH=32, KVH=4, D=128, TP=8, DCP=2, workload=chunk, execution=eager, baseline_phase_timing=False, warmup=40, iters=60, check=False
Workload: B=22, q_tokens=352, history_tokens=272722, q_seqlens=[16, 16, 16, 16, 16, 16, 16, 16, 16, 16, 16, 16, 16, 16, 16, 16, 16, 16, 16, 16, 16, 16], history_seqlens=[10490, 8212, 3048, 7913, 1740, 1232, 1450, 12151, 3753, 16102, 9774, 8836, 111941, 18526, 1224, 4480, 14254, 1188, 5866, 16309, 956, 13277]
Agg TFLOPS uses useful attention work across all TP ranks and p50(max_across_ranks); Avg/GPU divides it by world_size.
KV GB/s/GPU is average logical BF16 K+V bytes read per TP rank divided by p50(max_across_ranks); it is not hardware-counter HBM traffic.

Running B=22, q_tokens=352, history_tokens=272722, causal=True

B=22, q_tokens=352, history_tokens=272722, QH=32, KVH=4, D=128, TP=8, DCP=2, mode=causal
Method                   Time ms                                                                                                                                     Agg TFLOPS    Avg/GPU  KV GB/s/GPU      Check  Note
dcp_mega_varlen          t0=0.093, t1=0.089, t2=0.092, t3=0.089, t4=0.091, t5=0.090, t6=0.092, t7=0.088 | p50(max_across_ranks)=0.093, p90(max_across_ranks)=0.098        767.6       96.0        751.0       skip  eager; output=bf16_ipc_a2a; runner_preallocated; timing=mega_kernel_only
Wrote benchmark JSON to /home/hychen/min_fa3_demo/benchmark_logs/experiment_suite/20260812-231044-dcp-cp-suite/01_dcp_wave/results/arrival_2/dcp_2/critical_wave_release_lpt/comm_sm_12/case_000030_dcp2_hkv4_eager.json

================================================================================
Mega comm_sm=12, case 32/100: case_000031_dcp2_hkv4: B=10, Sq=[16, 16, 16, 16, 16, 16, 16, 16, 16, 16], Sk=[40524, 1350, 1088, 12764, 4797, 973, 966, 16413, 48573, 40131], DCP=2, Hkv=4
================================================================================
Config: world_size=8, methods=['dcp_mega_varlen'], QH=32, KVH=4, D=128, TP=8, DCP=2, workload=chunk, execution=eager, baseline_phase_timing=False, warmup=40, iters=60, check=False
Workload: B=10, q_tokens=160, history_tokens=167579, q_seqlens=[16, 16, 16, 16, 16, 16, 16, 16, 16, 16], history_seqlens=[40524, 1350, 1088, 12764, 4797, 973, 966, 16413, 48573, 40131]
Agg TFLOPS uses useful attention work across all TP ranks and p50(max_across_ranks); Avg/GPU divides it by world_size.
KV GB/s/GPU is average logical BF16 K+V bytes read per TP rank divided by p50(max_across_ranks); it is not hardware-counter HBM traffic.

Running B=10, q_tokens=160, history_tokens=167579, causal=True

B=10, q_tokens=160, history_tokens=167579, QH=32, KVH=4, D=128, TP=8, DCP=2, mode=causal
Method                   Time ms                                                                                                                                     Agg TFLOPS    Avg/GPU  KV GB/s/GPU      Check  Note
dcp_mega_varlen          t0=0.081, t1=0.079, t2=0.081, t3=0.079, t4=0.078, t5=0.079, t6=0.080, t7=0.078 | p50(max_across_ranks)=0.082, p90(max_across_ranks)=0.084        537.0       67.1        525.2       skip  eager; output=bf16_ipc_a2a; runner_preallocated; timing=mega_kernel_only
Wrote benchmark JSON to /home/hychen/min_fa3_demo/benchmark_logs/experiment_suite/20260812-231044-dcp-cp-suite/01_dcp_wave/results/arrival_2/dcp_2/critical_wave_release_lpt/comm_sm_12/case_000031_dcp2_hkv4_eager.json

================================================================================
Mega comm_sm=12, case 33/100: case_000032_dcp2_hkv4: B=18, Sq=[16, 16, 16, 16, 16, 16, 16, 16, 16, 16, 16, 16, 16, 16, 16, 16, 16, 16], Sk=[23794, 1882, 13415, 8402, 1993, 81091, 19327, 1152, 1898, 1341, 4622, 5760, 4362, 14433, 14607, 2458, 3809, 10827], DCP=2, Hkv=4
================================================================================
Config: world_size=8, methods=['dcp_mega_varlen'], QH=32, KVH=4, D=128, TP=8, DCP=2, workload=chunk, execution=eager, baseline_phase_timing=False, warmup=40, iters=60, check=False
Workload: B=18, q_tokens=288, history_tokens=215173, q_seqlens=[16, 16, 16, 16, 16, 16, 16, 16, 16, 16, 16, 16, 16, 16, 16, 16, 16, 16], history_seqlens=[23794, 1882, 13415, 8402, 1993, 81091, 19327, 1152, 1898, 1341, 4622, 5760, 4362, 14433, 14607, 2458, 3809, 10827]
Agg TFLOPS uses useful attention work across all TP ranks and p50(max_across_ranks); Avg/GPU divides it by world_size.
KV GB/s/GPU is average logical BF16 K+V bytes read per TP rank divided by p50(max_across_ranks); it is not hardware-counter HBM traffic.

Running B=18, q_tokens=288, history_tokens=215173, causal=True

B=18, q_tokens=288, history_tokens=215173, QH=32, KVH=4, D=128, TP=8, DCP=2, mode=causal
Method                   Time ms                                                                                                                                     Agg TFLOPS    Avg/GPU  KV GB/s/GPU      Check  Note
dcp_mega_varlen          t0=0.077, t1=0.075, t2=0.078, t3=0.076, t4=0.076, t5=0.076, t6=0.078, t7=0.075 | p50(max_across_ranks)=0.079, p90(max_across_ranks)=0.081        716.3       89.5        700.9       skip  eager; output=bf16_ipc_a2a; runner_preallocated; timing=mega_kernel_only
Wrote benchmark JSON to /home/hychen/min_fa3_demo/benchmark_logs/experiment_suite/20260812-231044-dcp-cp-suite/01_dcp_wave/results/arrival_2/dcp_2/critical_wave_release_lpt/comm_sm_12/case_000032_dcp2_hkv4_eager.json

================================================================================
Mega comm_sm=12, case 34/100: case_000033_dcp2_hkv4: B=15, Sq=[16, 16, 16, 16, 16, 16, 16, 16, 16, 16, 16, 16, 16, 16, 16], Sk=[5125, 12359, 8233, 9246, 18808, 3504, 7350, 29462, 15406, 8750, 34069, 6284, 12655, 9441, 20416], DCP=2, Hkv=4
================================================================================
Config: world_size=8, methods=['dcp_mega_varlen'], QH=32, KVH=4, D=128, TP=8, DCP=2, workload=chunk, execution=eager, baseline_phase_timing=False, warmup=40, iters=60, check=False
Workload: B=15, q_tokens=240, history_tokens=201108, q_seqlens=[16, 16, 16, 16, 16, 16, 16, 16, 16, 16, 16, 16, 16, 16, 16], history_seqlens=[5125, 12359, 8233, 9246, 18808, 3504, 7350, 29462, 15406, 8750, 34069, 6284, 12655, 9441, 20416]
Agg TFLOPS uses useful attention work across all TP ranks and p50(max_across_ranks); Avg/GPU divides it by world_size.
KV GB/s/GPU is average logical BF16 K+V bytes read per TP rank divided by p50(max_across_ranks); it is not hardware-counter HBM traffic.

Running B=15, q_tokens=240, history_tokens=201108, causal=True

B=15, q_tokens=240, history_tokens=201108, QH=32, KVH=4, D=128, TP=8, DCP=2, mode=causal
Method                   Time ms                                                                                                                                     Agg TFLOPS    Avg/GPU  KV GB/s/GPU      Check  Note
dcp_mega_varlen          t0=0.067, t1=0.063, t2=0.066, t3=0.065, t4=0.065, t5=0.064, t6=0.065, t7=0.063 | p50(max_across_ranks)=0.067, p90(max_across_ranks)=0.069        784.4       98.1        767.4       skip  eager; output=bf16_ipc_a2a; runner_preallocated; timing=mega_kernel_only
Wrote benchmark JSON to /home/hychen/min_fa3_demo/benchmark_logs/experiment_suite/20260812-231044-dcp-cp-suite/01_dcp_wave/results/arrival_2/dcp_2/critical_wave_release_lpt/comm_sm_12/case_000033_dcp2_hkv4_eager.json

================================================================================
Mega comm_sm=12, case 35/100: case_000034_dcp2_hkv4: B=19, Sq=[16, 16, 16, 16, 16, 16, 16, 16, 16, 16, 16, 16, 16, 16, 16, 16, 16, 16, 16], Sk=[8392, 18984, 3664, 7524, 15578, 8914, 34223, 6433, 9603, 20586, 6081, 6146, 5409, 84876, 2932, 19030, 992, 9187, 1556], DCP=2, Hkv=4
================================================================================
Config: world_size=8, methods=['dcp_mega_varlen'], QH=32, KVH=4, D=128, TP=8, DCP=2, workload=chunk, execution=eager, baseline_phase_timing=False, warmup=40, iters=60, check=False
Workload: B=19, q_tokens=304, history_tokens=270110, q_seqlens=[16, 16, 16, 16, 16, 16, 16, 16, 16, 16, 16, 16, 16, 16, 16, 16, 16, 16, 16], history_seqlens=[8392, 18984, 3664, 7524, 15578, 8914, 34223, 6433, 9603, 20586, 6081, 6146, 5409, 84876, 2932, 19030, 992, 9187, 1556]
Agg TFLOPS uses useful attention work across all TP ranks and p50(max_across_ranks); Avg/GPU divides it by world_size.
KV GB/s/GPU is average logical BF16 K+V bytes read per TP rank divided by p50(max_across_ranks); it is not hardware-counter HBM traffic.

Running B=19, q_tokens=304, history_tokens=270110, causal=True

B=19, q_tokens=304, history_tokens=270110, QH=32, KVH=4, D=128, TP=8, DCP=2, mode=causal
Method                   Time ms                                                                                                                                     Agg TFLOPS    Avg/GPU  KV GB/s/GPU      Check  Note
dcp_mega_varlen          t0=0.083, t1=0.080, t2=0.083, t3=0.080, t4=0.082, t5=0.081, t6=0.081, t7=0.079 | p50(max_across_ranks)=0.084, p90(max_across_ranks)=0.085        844.4      105.6        826.0       skip  eager; output=bf16_ipc_a2a; runner_preallocated; timing=mega_kernel_only
Wrote benchmark JSON to /home/hychen/min_fa3_demo/benchmark_logs/experiment_suite/20260812-231044-dcp-cp-suite/01_dcp_wave/results/arrival_2/dcp_2/critical_wave_release_lpt/comm_sm_12/case_000034_dcp2_hkv4_eager.json

================================================================================
Mega comm_sm=12, case 36/100: case_000035_dcp2_hkv4: B=17, Sq=[16, 16, 16, 16, 16, 16, 16, 16, 16, 16, 16, 16, 16, 16, 16, 16, 4096], Sk=[2991, 16408, 5104, 16775, 1109, 11795, 6103, 4009, 1029, 7688, 5844, 19339, 2329, 4474, 7497, 914, 10240], DCP=2, Hkv=4
================================================================================
Config: world_size=8, methods=['dcp_mega_varlen'], QH=32, KVH=4, D=128, TP=8, DCP=2, workload=chunk, execution=eager, baseline_phase_timing=False, warmup=40, iters=60, check=False
Workload: B=17, q_tokens=4352, history_tokens=123648, q_seqlens=[16, 16, 16, 16, 16, 16, 16, 16, 16, 16, 16, 16, 16, 16, 16, 16, 4096], history_seqlens=[2991, 16408, 5104, 16775, 1109, 11795, 6103, 4009, 1029, 7688, 5844, 19339, 2329, 4474, 7497, 914, 10240]
Agg TFLOPS uses useful attention work across all TP ranks and p50(max_across_ranks); Avg/GPU divides it by world_size.
KV GB/s/GPU is average logical BF16 K+V bytes read per TP rank divided by p50(max_across_ranks); it is not hardware-counter HBM traffic.

Running B=17, q_tokens=4352, history_tokens=123648, causal=True

B=17, q_tokens=4352, history_tokens=123648, QH=32, KVH=4, D=128, TP=8, DCP=2, mode=causal
Method                   Time ms                                                                                                                                     Agg TFLOPS    Avg/GPU  KV GB/s/GPU      Check  Note
dcp_mega_varlen          t0=0.245, t1=0.240, t2=0.246, t3=0.243, t4=0.242, t5=0.245, t6=0.246, t7=0.241 | p50(max_across_ranks)=0.247, p90(max_across_ranks)=0.249       3460.0      432.5        137.2       skip  eager; output=bf16_ipc_a2a; runner_preallocated; timing=mega_kernel_only
Wrote benchmark JSON to /home/hychen/min_fa3_demo/benchmark_logs/experiment_suite/20260812-231044-dcp-cp-suite/01_dcp_wave/results/arrival_2/dcp_2/critical_wave_release_lpt/comm_sm_12/case_000035_dcp2_hkv4_eager.json

================================================================================
Mega comm_sm=12, case 37/100: case_000036_dcp2_hkv4: B=23, Sq=[16, 16, 16, 16, 16, 16, 16, 16, 16, 16, 16, 16, 16, 16, 16, 16, 16, 16, 16, 16, 16, 16, 1648], Sk=[34439, 12261, 7951, 6773, 3260, 4227, 15954, 3666, 2571, 3909, 2408, 25900, 1075, 2752, 6014, 1469, 2413, 1338, 997, 19907, 4627, 17564, 16896], DCP=2, Hkv=4
================================================================================
Config: world_size=8, methods=['dcp_mega_varlen'], QH=32, KVH=4, D=128, TP=8, DCP=2, workload=chunk, execution=eager, baseline_phase_timing=False, warmup=40, iters=60, check=False
Workload: B=23, q_tokens=2000, history_tokens=198371, q_seqlens=[16, 16, 16, 16, 16, 16, 16, 16, 16, 16, 16, 16, 16, 16, 16, 16, 16, 16, 16, 16, 16, 16, 1648], history_seqlens=[34439, 12261, 7951, 6773, 3260, 4227, 15954, 3666, 2571, 3909, 2408, 25900, 1075, 2752, 6014, 1469, 2413, 1338, 997, 19907, 4627, 17564, 16896]
Agg TFLOPS uses useful attention work across all TP ranks and p50(max_across_ranks); Avg/GPU divides it by world_size.
KV GB/s/GPU is average logical BF16 K+V bytes read per TP rank divided by p50(max_across_ranks); it is not hardware-counter HBM traffic.

Running B=23, q_tokens=2000, history_tokens=198371, causal=True

B=23, q_tokens=2000, history_tokens=198371, QH=32, KVH=4, D=128, TP=8, DCP=2, mode=causal
Method                   Time ms                                                                                                                                     Agg TFLOPS    Avg/GPU  KV GB/s/GPU      Check  Note
dcp_mega_varlen          t0=0.163, t1=0.160, t2=0.164, t3=0.161, t4=0.161, t5=0.161, t6=0.162, t7=0.159 | p50(max_across_ranks)=0.164, p90(max_across_ranks)=0.167       3201.0      400.1        315.2       skip  eager; output=bf16_ipc_a2a; runner_preallocated; timing=mega_kernel_only
Wrote benchmark JSON to /home/hychen/min_fa3_demo/benchmark_logs/experiment_suite/20260812-231044-dcp-cp-suite/01_dcp_wave/results/arrival_2/dcp_2/critical_wave_release_lpt/comm_sm_12/case_000036_dcp2_hkv4_eager.json

================================================================================
Mega comm_sm=12, case 38/100: case_000037_dcp2_hkv4: B=17, Sq=[16, 16, 16, 16, 16, 16, 16, 16, 16, 16, 16, 16, 16, 16, 16, 16, 16], Sk=[35253, 1329, 16490, 3943, 18839, 42390, 4982, 2094, 2381, 1721, 4878, 5972, 22543, 14718, 3614, 11609, 10862], DCP=2, Hkv=4
================================================================================
Config: world_size=8, methods=['dcp_mega_varlen'], QH=32, KVH=4, D=128, TP=8, DCP=2, workload=chunk, execution=eager, baseline_phase_timing=False, warmup=40, iters=60, check=False
Workload: B=17, q_tokens=272, history_tokens=203618, q_seqlens=[16, 16, 16, 16, 16, 16, 16, 16, 16, 16, 16, 16, 16, 16, 16, 16, 16], history_seqlens=[35253, 1329, 16490, 3943, 18839, 42390, 4982, 2094, 2381, 1721, 4878, 5972, 22543, 14718, 3614, 11609, 10862]
Agg TFLOPS uses useful attention work across all TP ranks and p50(max_across_ranks); Avg/GPU divides it by world_size.
KV GB/s/GPU is average logical BF16 K+V bytes read per TP rank divided by p50(max_across_ranks); it is not hardware-counter HBM traffic.

Running B=17, q_tokens=272, history_tokens=203618, causal=True

B=17, q_tokens=272, history_tokens=203618, QH=32, KVH=4, D=128, TP=8, DCP=2, mode=causal
Method                   Time ms                                                                                                                                     Agg TFLOPS    Avg/GPU  KV GB/s/GPU      Check  Note
dcp_mega_varlen          t0=0.075, t1=0.072, t2=0.075, t3=0.072, t4=0.074, t5=0.073, t6=0.073, t7=0.072 | p50(max_across_ranks)=0.076, p90(max_across_ranks)=0.081        701.5       87.7        686.4       skip  eager; output=bf16_ipc_a2a; runner_preallocated; timing=mega_kernel_only
Wrote benchmark JSON to /home/hychen/min_fa3_demo/benchmark_logs/experiment_suite/20260812-231044-dcp-cp-suite/01_dcp_wave/results/arrival_2/dcp_2/critical_wave_release_lpt/comm_sm_12/case_000037_dcp2_hkv4_eager.json

================================================================================
Mega comm_sm=12, case 39/100: case_000038_dcp2_hkv4: B=15, Sq=[16, 16, 16, 16, 16, 16, 16, 16, 16, 16, 16, 16, 16, 16, 16], Sk=[35479, 19075, 42614, 2325, 1935, 5128, 14947, 3828, 11840, 11106, 1597, 1429, 20563, 15501, 1100], DCP=2, Hkv=4
================================================================================
Config: world_size=8, methods=['dcp_mega_varlen'], QH=32, KVH=4, D=128, TP=8, DCP=2, workload=chunk, execution=eager, baseline_phase_timing=False, warmup=40, iters=60, check=False
Workload: B=15, q_tokens=240, history_tokens=188467, q_seqlens=[16, 16, 16, 16, 16, 16, 16, 16, 16, 16, 16, 16, 16, 16, 16], history_seqlens=[35479, 19075, 42614, 2325, 1935, 5128, 14947, 3828, 11840, 11106, 1597, 1429, 20563, 15501, 1100]
Agg TFLOPS uses useful attention work across all TP ranks and p50(max_across_ranks); Avg/GPU divides it by world_size.
KV GB/s/GPU is average logical BF16 K+V bytes read per TP rank divided by p50(max_across_ranks); it is not hardware-counter HBM traffic.

Running B=15, q_tokens=240, history_tokens=188467, causal=True

B=15, q_tokens=240, history_tokens=188467, QH=32, KVH=4, D=128, TP=8, DCP=2, mode=causal
Method                   Time ms                                                                                                                                     Agg TFLOPS    Avg/GPU  KV GB/s/GPU      Check  Note
dcp_mega_varlen          t0=0.083, t1=0.080, t2=0.083, t3=0.082, t4=0.081, t5=0.081, t6=0.081, t7=0.080 | p50(max_across_ranks)=0.084, p90(max_across_ranks)=0.088        585.9       73.2        573.2       skip  eager; output=bf16_ipc_a2a; runner_preallocated; timing=mega_kernel_only
Wrote benchmark JSON to /home/hychen/min_fa3_demo/benchmark_logs/experiment_suite/20260812-231044-dcp-cp-suite/01_dcp_wave/results/arrival_2/dcp_2/critical_wave_release_lpt/comm_sm_12/case_000038_dcp2_hkv4_eager.json

================================================================================
Mega comm_sm=12, case 40/100: case_000039_dcp2_hkv4: B=25, Sq=[16, 16, 16, 16, 16, 16, 16, 16, 16, 16, 16, 16, 16, 16, 16, 16, 16, 16, 16, 16, 16, 16, 16, 16, 16], Sk=[43205, 33729, 1712, 11157, 1954, 8682, 32971, 71320, 18882, 4171, 8793, 17670, 11161, 10614, 28037, 118482, 1808, 4205, 13218, 118526, 21510, 979, 25368, 14253, 44534], DCP=2, Hkv=4
================================================================================
Config: world_size=8, methods=['dcp_mega_varlen'], QH=32, KVH=4, D=128, TP=8, DCP=2, workload=chunk, execution=eager, baseline_phase_timing=False, warmup=40, iters=60, check=False
Workload: B=25, q_tokens=400, history_tokens=666941, q_seqlens=[16, 16, 16, 16, 16, 16, 16, 16, 16, 16, 16, 16, 16, 16, 16, 16, 16, 16, 16, 16, 16, 16, 16, 16, 16], history_seqlens=[43205, 33729, 1712, 11157, 1954, 8682, 32971, 71320, 18882, 4171, 8793, 17670, 11161, 10614, 28037, 118482, 1808, 4205, 13218, 118526, 21510, 979, 25368, 14253, 44534]
Agg TFLOPS uses useful attention work across all TP ranks and p50(max_across_ranks); Avg/GPU divides it by world_size.
KV GB/s/GPU is average logical BF16 K+V bytes read per TP rank divided by p50(max_across_ranks); it is not hardware-counter HBM traffic.

Running B=25, q_tokens=400, history_tokens=666941, causal=True

B=25, q_tokens=400, history_tokens=666941, QH=32, KVH=4, D=128, TP=8, DCP=2, mode=causal
Method                   Time ms                                                                                                                                     Agg TFLOPS    Avg/GPU  KV GB/s/GPU      Check  Note
dcp_mega_varlen          t0=0.130, t1=0.126, t2=0.128, t3=0.126, t4=0.126, t5=0.125, t6=0.128, t7=0.125 | p50(max_across_ranks)=0.130, p90(max_across_ranks)=0.133       1341.8      167.7       1311.5       skip  eager; output=bf16_ipc_a2a; runner_preallocated; timing=mega_kernel_only
Wrote benchmark JSON to /home/hychen/min_fa3_demo/benchmark_logs/experiment_suite/20260812-231044-dcp-cp-suite/01_dcp_wave/results/arrival_2/dcp_2/critical_wave_release_lpt/comm_sm_12/case_000039_dcp2_hkv4_eager.json

================================================================================
Mega comm_sm=12, case 41/100: case_000040_dcp2_hkv4: B=16, Sq=[16, 16, 16, 16, 16, 16, 16, 16, 16, 16, 16, 16, 16, 16, 16, 16], Sk=[15963, 6433, 1255, 22617, 43909, 21496, 11589, 1821, 2166, 1756, 4994, 8208, 1312, 9939, 6475, 963], DCP=2, Hkv=4
================================================================================
Config: world_size=8, methods=['dcp_mega_varlen'], QH=32, KVH=4, D=128, TP=8, DCP=2, workload=chunk, execution=eager, baseline_phase_timing=False, warmup=40, iters=60, check=False
Workload: B=16, q_tokens=256, history_tokens=160896, q_seqlens=[16, 16, 16, 16, 16, 16, 16, 16, 16, 16, 16, 16, 16, 16, 16, 16], history_seqlens=[15963, 6433, 1255, 22617, 43909, 21496, 11589, 1821, 2166, 1756, 4994, 8208, 1312, 9939, 6475, 963]
Agg TFLOPS uses useful attention work across all TP ranks and p50(max_across_ranks); Avg/GPU divides it by world_size.
KV GB/s/GPU is average logical BF16 K+V bytes read per TP rank divided by p50(max_across_ranks); it is not hardware-counter HBM traffic.

Running B=16, q_tokens=256, history_tokens=160896, causal=True

B=16, q_tokens=256, history_tokens=160896, QH=32, KVH=4, D=128, TP=8, DCP=2, mode=causal
Method                   Time ms                                                                                                                                     Agg TFLOPS    Avg/GPU  KV GB/s/GPU      Check  Note
dcp_mega_varlen          t0=0.071, t1=0.067, t2=0.070, t3=0.068, t4=0.069, t5=0.069, t6=0.070, t7=0.067 | p50(max_across_ranks)=0.072, p90(max_across_ranks)=0.076        586.3       73.3        573.9       skip  eager; output=bf16_ipc_a2a; runner_preallocated; timing=mega_kernel_only
Wrote benchmark JSON to /home/hychen/min_fa3_demo/benchmark_logs/experiment_suite/20260812-231044-dcp-cp-suite/01_dcp_wave/results/arrival_2/dcp_2/critical_wave_release_lpt/comm_sm_12/case_000040_dcp2_hkv4_eager.json

================================================================================
Mega comm_sm=12, case 42/100: case_000041_dcp2_hkv4: B=24, Sq=[16, 16, 16, 16, 16, 16, 16, 16, 16, 16, 16, 16, 16, 16, 16, 16, 16, 16, 16, 16, 16, 16, 16, 16], Sk=[16440, 1438, 1441, 1458, 15463, 3854, 5136, 2816, 53446, 3428, 1174, 5781, 7859, 2752, 11776, 1712, 13320, 20841, 12705, 2672, 31732, 1038, 2154, 22643], DCP=2, Hkv=4
================================================================================
Config: world_size=8, methods=['dcp_mega_varlen'], QH=32, KVH=4, D=128, TP=8, DCP=2, workload=chunk, execution=eager, baseline_phase_timing=False, warmup=40, iters=60, check=False
Workload: B=24, q_tokens=384, history_tokens=243079, q_seqlens=[16, 16, 16, 16, 16, 16, 16, 16, 16, 16, 16, 16, 16, 16, 16, 16, 16, 16, 16, 16, 16, 16, 16, 16], history_seqlens=[16440, 1438, 1441, 1458, 15463, 3854, 5136, 2816, 53446, 3428, 1174, 5781, 7859, 2752, 11776, 1712, 13320, 20841, 12705, 2672, 31732, 1038, 2154, 22643]
Agg TFLOPS uses useful attention work across all TP ranks and p50(max_across_ranks); Avg/GPU divides it by world_size.
KV GB/s/GPU is average logical BF16 K+V bytes read per TP rank divided by p50(max_across_ranks); it is not hardware-counter HBM traffic.

Running B=24, q_tokens=384, history_tokens=243079, causal=True

B=24, q_tokens=384, history_tokens=243079, QH=32, KVH=4, D=128, TP=8, DCP=2, mode=causal
Method                   Time ms                                                                                                                                     Agg TFLOPS    Avg/GPU  KV GB/s/GPU      Check  Note
dcp_mega_varlen          t0=0.083, t1=0.079, t2=0.083, t3=0.081, t4=0.080, t5=0.081, t6=0.081, t7=0.081 | p50(max_across_ranks)=0.084, p90(max_across_ranks)=0.086        758.8       94.8        742.7       skip  eager; output=bf16_ipc_a2a; runner_preallocated; timing=mega_kernel_only
Wrote benchmark JSON to /home/hychen/min_fa3_demo/benchmark_logs/experiment_suite/20260812-231044-dcp-cp-suite/01_dcp_wave/results/arrival_2/dcp_2/critical_wave_release_lpt/comm_sm_12/case_000041_dcp2_hkv4_eager.json

================================================================================
Mega comm_sm=12, case 43/100: case_000042_dcp2_hkv4: B=23, Sq=[16, 16, 16, 16, 16, 16, 16, 16, 16, 16, 16, 16, 16, 16, 16, 16, 16, 16, 16, 16, 16, 16, 4096], Sk=[3853, 5540, 8233, 4747, 1178, 3041, 30245, 8467, 4212, 6191, 19366, 2760, 5378, 11910, 12303, 5101, 27377, 15764, 918, 7517, 913, 5093, 11264], DCP=2, Hkv=4
================================================================================
Config: world_size=8, methods=['dcp_mega_varlen'], QH=32, KVH=4, D=128, TP=8, DCP=2, workload=chunk, execution=eager, baseline_phase_timing=False, warmup=40, iters=60, check=False
Workload: B=23, q_tokens=4448, history_tokens=201371, q_seqlens=[16, 16, 16, 16, 16, 16, 16, 16, 16, 16, 16, 16, 16, 16, 16, 16, 16, 16, 16, 16, 16, 16, 4096], history_seqlens=[3853, 5540, 8233, 4747, 1178, 3041, 30245, 8467, 4212, 6191, 19366, 2760, 5378, 11910, 12303, 5101, 27377, 15764, 918, 7517, 913, 5093, 11264]
Agg TFLOPS uses useful attention work across all TP ranks and p50(max_across_ranks); Avg/GPU divides it by world_size.
KV GB/s/GPU is average logical BF16 K+V bytes read per TP rank divided by p50(max_across_ranks); it is not hardware-counter HBM traffic.

Running B=23, q_tokens=4448, history_tokens=201371, causal=True

B=23, q_tokens=4448, history_tokens=201371, QH=32, KVH=4, D=128, TP=8, DCP=2, mode=causal
Method                   Time ms                                                                                                                                     Agg TFLOPS    Avg/GPU  KV GB/s/GPU      Check  Note
dcp_mega_varlen          t0=0.259, t1=0.257, t2=0.258, t3=0.257, t4=0.257, t5=0.257, t6=0.256, t7=0.255 | p50(max_across_ranks)=0.260, p90(max_across_ranks)=0.264       3628.0      453.5        207.0       skip  eager; output=bf16_ipc_a2a; runner_preallocated; timing=mega_kernel_only
Wrote benchmark JSON to /home/hychen/min_fa3_demo/benchmark_logs/experiment_suite/20260812-231044-dcp-cp-suite/01_dcp_wave/results/arrival_2/dcp_2/critical_wave_release_lpt/comm_sm_12/case_000042_dcp2_hkv4_eager.json

================================================================================
Mega comm_sm=12, case 44/100: case_000043_dcp2_hkv4: B=13, Sq=[16, 16, 16, 16, 16, 16, 16, 16, 16, 16, 16, 16, 16], Sk=[4280, 16750, 4105, 4682, 9790, 17793, 21947, 10583, 4307, 11004, 8821, 4524, 38524], DCP=2, Hkv=4
================================================================================
Config: world_size=8, methods=['dcp_mega_varlen'], QH=32, KVH=4, D=128, TP=8, DCP=2, workload=chunk, execution=eager, baseline_phase_timing=False, warmup=40, iters=60, check=False
Workload: B=13, q_tokens=208, history_tokens=157110, q_seqlens=[16, 16, 16, 16, 16, 16, 16, 16, 16, 16, 16, 16, 16], history_seqlens=[4280, 16750, 4105, 4682, 9790, 17793, 21947, 10583, 4307, 11004, 8821, 4524, 38524]
Agg TFLOPS uses useful attention work across all TP ranks and p50(max_across_ranks); Avg/GPU divides it by world_size.
KV GB/s/GPU is average logical BF16 K+V bytes read per TP rank divided by p50(max_across_ranks); it is not hardware-counter HBM traffic.

Running B=13, q_tokens=208, history_tokens=157110, causal=True

B=13, q_tokens=208, history_tokens=157110, QH=32, KVH=4, D=128, TP=8, DCP=2, mode=causal
Method                   Time ms                                                                                                                                     Agg TFLOPS    Avg/GPU  KV GB/s/GPU      Check  Note
dcp_mega_varlen          t0=0.075, t1=0.070, t2=0.073, t3=0.072, t4=0.072, t5=0.072, t6=0.073, t7=0.070 | p50(max_across_ranks)=0.075, p90(max_across_ranks)=0.077        551.1       68.9        539.2       skip  eager; output=bf16_ipc_a2a; runner_preallocated; timing=mega_kernel_only
Wrote benchmark JSON to /home/hychen/min_fa3_demo/benchmark_logs/experiment_suite/20260812-231044-dcp-cp-suite/01_dcp_wave/results/arrival_2/dcp_2/critical_wave_release_lpt/comm_sm_12/case_000043_dcp2_hkv4_eager.json

================================================================================
Mega comm_sm=12, case 45/100: case_000044_dcp2_hkv4: B=16, Sq=[16, 16, 16, 16, 16, 16, 16, 16, 16, 16, 16, 16, 16, 16, 16, 16], Sk=[21146, 20381, 22266, 3586, 5046, 1624, 27292, 5475, 4951, 27740, 1417, 11388, 2827, 1030, 8277, 15691], DCP=2, Hkv=4
================================================================================
Config: world_size=8, methods=['dcp_mega_varlen'], QH=32, KVH=4, D=128, TP=8, DCP=2, workload=chunk, execution=eager, baseline_phase_timing=False, warmup=40, iters=60, check=False
Workload: B=16, q_tokens=256, history_tokens=180137, q_seqlens=[16, 16, 16, 16, 16, 16, 16, 16, 16, 16, 16, 16, 16, 16, 16, 16], history_seqlens=[21146, 20381, 22266, 3586, 5046, 1624, 27292, 5475, 4951, 27740, 1417, 11388, 2827, 1030, 8277, 15691]
Agg TFLOPS uses useful attention work across all TP ranks and p50(max_across_ranks); Avg/GPU divides it by world_size.
KV GB/s/GPU is average logical BF16 K+V bytes read per TP rank divided by p50(max_across_ranks); it is not hardware-counter HBM traffic.

Running B=16, q_tokens=256, history_tokens=180137, causal=True

B=16, q_tokens=256, history_tokens=180137, QH=32, KVH=4, D=128, TP=8, DCP=2, mode=causal
Method                   Time ms                                                                                                                                     Agg TFLOPS    Avg/GPU  KV GB/s/GPU      Check  Note
dcp_mega_varlen          t0=0.095, t1=0.091, t2=0.094, t3=0.092, t4=0.092, t5=0.092, t6=0.094, t7=0.091 | p50(max_across_ranks)=0.095, p90(max_across_ranks)=0.098        495.7       62.0        485.1       skip  eager; output=bf16_ipc_a2a; runner_preallocated; timing=mega_kernel_only
Wrote benchmark JSON to /home/hychen/min_fa3_demo/benchmark_logs/experiment_suite/20260812-231044-dcp-cp-suite/01_dcp_wave/results/arrival_2/dcp_2/critical_wave_release_lpt/comm_sm_12/case_000044_dcp2_hkv4_eager.json

================================================================================
Mega comm_sm=12, case 46/100: case_000045_dcp2_hkv4: B=7, Sq=[16, 16, 16, 16, 16, 16, 2592], Sk=[21813, 8922, 32264, 8541, 4131, 3315, 8704], DCP=2, Hkv=4
================================================================================
Config: world_size=8, methods=['dcp_mega_varlen'], QH=32, KVH=4, D=128, TP=8, DCP=2, workload=chunk, execution=eager, baseline_phase_timing=False, warmup=40, iters=60, check=False
Workload: B=7, q_tokens=2688, history_tokens=87690, q_seqlens=[16, 16, 16, 16, 16, 16, 2592], history_seqlens=[21813, 8922, 32264, 8541, 4131, 3315, 8704]
Agg TFLOPS uses useful attention work across all TP ranks and p50(max_across_ranks); Avg/GPU divides it by world_size.
KV GB/s/GPU is average logical BF16 K+V bytes read per TP rank divided by p50(max_across_ranks); it is not hardware-counter HBM traffic.

Running B=7, q_tokens=2688, history_tokens=87690, causal=True

B=7, q_tokens=2688, history_tokens=87690, QH=32, KVH=4, D=128, TP=8, DCP=2, mode=causal
Method                   Time ms                                                                                                                                     Agg TFLOPS    Avg/GPU  KV GB/s/GPU      Check  Note
dcp_mega_varlen          t0=0.166, t1=0.162, t2=0.166, t3=0.161, t4=0.164, t5=0.164, t6=0.165, t7=0.162 | p50(max_across_ranks)=0.167, p90(max_across_ranks)=0.169       2670.1      333.8        142.8       skip  eager; output=bf16_ipc_a2a; runner_preallocated; timing=mega_kernel_only
Wrote benchmark JSON to /home/hychen/min_fa3_demo/benchmark_logs/experiment_suite/20260812-231044-dcp-cp-suite/01_dcp_wave/results/arrival_2/dcp_2/critical_wave_release_lpt/comm_sm_12/case_000045_dcp2_hkv4_eager.json

================================================================================
Mega comm_sm=12, case 47/100: case_000046_dcp2_hkv4: B=13, Sq=[16, 16, 16, 16, 16, 16, 16, 16, 16, 16, 16, 16, 16], Sk=[4599, 3781, 39274, 8279, 19350, 2298, 6497, 2106, 7421, 1733, 1026, 12851, 1229], DCP=2, Hkv=4
================================================================================
Config: world_size=8, methods=['dcp_mega_varlen'], QH=32, KVH=4, D=128, TP=8, DCP=2, workload=chunk, execution=eager, baseline_phase_timing=False, warmup=40, iters=60, check=False
Workload: B=13, q_tokens=208, history_tokens=110444, q_seqlens=[16, 16, 16, 16, 16, 16, 16, 16, 16, 16, 16, 16, 16], history_seqlens=[4599, 3781, 39274, 8279, 19350, 2298, 6497, 2106, 7421, 1733, 1026, 12851, 1229]
Agg TFLOPS uses useful attention work across all TP ranks and p50(max_across_ranks); Avg/GPU divides it by world_size.
KV GB/s/GPU is average logical BF16 K+V bytes read per TP rank divided by p50(max_across_ranks); it is not hardware-counter HBM traffic.

Running B=13, q_tokens=208, history_tokens=110444, causal=True

B=13, q_tokens=208, history_tokens=110444, QH=32, KVH=4, D=128, TP=8, DCP=2, mode=causal
Method                   Time ms                                                                                                                                     Agg TFLOPS    Avg/GPU  KV GB/s/GPU      Check  Note
dcp_mega_varlen          t0=0.070, t1=0.067, t2=0.070, t3=0.067, t4=0.068, t5=0.068, t6=0.068, t7=0.067 | p50(max_across_ranks)=0.070, p90(max_across_ranks)=0.073        411.2       51.4        402.7       skip  eager; output=bf16_ipc_a2a; runner_preallocated; timing=mega_kernel_only
Wrote benchmark JSON to /home/hychen/min_fa3_demo/benchmark_logs/experiment_suite/20260812-231044-dcp-cp-suite/01_dcp_wave/results/arrival_2/dcp_2/critical_wave_release_lpt/comm_sm_12/case_000046_dcp2_hkv4_eager.json

================================================================================
Mega comm_sm=12, case 48/100: case_000047_dcp2_hkv4: B=16, Sq=[16, 16, 16, 16, 16, 16, 16, 16, 16, 16, 16, 16, 16, 16, 16, 16], Sk=[19525, 2443, 7565, 1882, 1165, 12999, 1016, 993, 3293, 966, 13931, 960, 4521, 28943, 1700, 8892], DCP=2, Hkv=4
================================================================================
Config: world_size=8, methods=['dcp_mega_varlen'], QH=32, KVH=4, D=128, TP=8, DCP=2, workload=chunk, execution=eager, baseline_phase_timing=False, warmup=40, iters=60, check=False
Workload: B=16, q_tokens=256, history_tokens=110794, q_seqlens=[16, 16, 16, 16, 16, 16, 16, 16, 16, 16, 16, 16, 16, 16, 16, 16], history_seqlens=[19525, 2443, 7565, 1882, 1165, 12999, 1016, 993, 3293, 966, 13931, 960, 4521, 28943, 1700, 8892]
Agg TFLOPS uses useful attention work across all TP ranks and p50(max_across_ranks); Avg/GPU divides it by world_size.
KV GB/s/GPU is average logical BF16 K+V bytes read per TP rank divided by p50(max_across_ranks); it is not hardware-counter HBM traffic.

Running B=16, q_tokens=256, history_tokens=110794, causal=True

B=16, q_tokens=256, history_tokens=110794, QH=32, KVH=4, D=128, TP=8, DCP=2, mode=causal
Method                   Time ms                                                                                                                                     Agg TFLOPS    Avg/GPU  KV GB/s/GPU      Check  Note
dcp_mega_varlen          t0=0.062, t1=0.058, t2=0.062, t3=0.059, t4=0.061, t5=0.060, t6=0.060, t7=0.059 | p50(max_across_ranks)=0.063, p90(max_across_ranks)=0.064        462.9       57.9        453.6       skip  eager; output=bf16_ipc_a2a; runner_preallocated; timing=mega_kernel_only
Wrote benchmark JSON to /home/hychen/min_fa3_demo/benchmark_logs/experiment_suite/20260812-231044-dcp-cp-suite/01_dcp_wave/results/arrival_2/dcp_2/critical_wave_release_lpt/comm_sm_12/case_000047_dcp2_hkv4_eager.json

================================================================================
Mega comm_sm=12, case 49/100: case_000048_dcp2_hkv4: B=21, Sq=[16, 16, 16, 16, 16, 16, 16, 16, 16, 16, 16, 16, 16, 16, 16, 16, 16, 16, 16, 16, 4096], Sk=[1522, 1396, 14872, 7253, 109175, 7039, 1333, 5490, 13976, 13830, 37076, 18087, 10450, 3944, 2758, 5609, 8808, 5190, 4476, 15475, 8704], DCP=2, Hkv=4
================================================================================
Config: world_size=8, methods=['dcp_mega_varlen'], QH=32, KVH=4, D=128, TP=8, DCP=2, workload=chunk, execution=eager, baseline_phase_timing=False, warmup=40, iters=60, check=False
Workload: B=21, q_tokens=4416, history_tokens=296463, q_seqlens=[16, 16, 16, 16, 16, 16, 16, 16, 16, 16, 16, 16, 16, 16, 16, 16, 16, 16, 16, 16, 4096], history_seqlens=[1522, 1396, 14872, 7253, 109175, 7039, 1333, 5490, 13976, 13830, 37076, 18087, 10450, 3944, 2758, 5609, 8808, 5190, 4476, 15475, 8704]
Agg TFLOPS uses useful attention work across all TP ranks and p50(max_across_ranks); Avg/GPU divides it by world_size.
KV GB/s/GPU is average logical BF16 K+V bytes read per TP rank divided by p50(max_across_ranks); it is not hardware-counter HBM traffic.

Running B=21, q_tokens=4416, history_tokens=296463, causal=True

B=21, q_tokens=4416, history_tokens=296463, QH=32, KVH=4, D=128, TP=8, DCP=2, mode=causal
Method                   Time ms                                                                                                                                     Agg TFLOPS    Avg/GPU  KV GB/s/GPU      Check  Note
dcp_mega_varlen          t0=0.257, t1=0.253, t2=0.254, t3=0.251, t4=0.253, t5=0.253, t6=0.257, t7=0.252 | p50(max_across_ranks)=0.258, p90(max_across_ranks)=0.260       3088.8      386.1        302.9       skip  eager; output=bf16_ipc_a2a; runner_preallocated; timing=mega_kernel_only
Wrote benchmark JSON to /home/hychen/min_fa3_demo/benchmark_logs/experiment_suite/20260812-231044-dcp-cp-suite/01_dcp_wave/results/arrival_2/dcp_2/critical_wave_release_lpt/comm_sm_12/case_000048_dcp2_hkv4_eager.json

================================================================================
Mega comm_sm=12, case 50/100: case_000049_dcp2_hkv4: B=21, Sq=[16, 16, 16, 16, 16, 16, 16, 16, 16, 16, 16, 16, 16, 16, 16, 16, 16, 16, 16, 16, 16], Sk=[12142, 93664, 21271, 22935, 1354, 4020, 30918, 2248, 20019, 4163, 8640, 15867, 12409, 9395, 2097, 12378, 1003, 14139, 2424, 24633, 5913], DCP=2, Hkv=4
================================================================================
Config: world_size=8, methods=['dcp_mega_varlen'], QH=32, KVH=4, D=128, TP=8, DCP=2, workload=chunk, execution=eager, baseline_phase_timing=False, warmup=40, iters=60, check=False
Workload: B=21, q_tokens=336, history_tokens=321632, q_seqlens=[16, 16, 16, 16, 16, 16, 16, 16, 16, 16, 16, 16, 16, 16, 16, 16, 16, 16, 16, 16, 16], history_seqlens=[12142, 93664, 21271, 22935, 1354, 4020, 30918, 2248, 20019, 4163, 8640, 15867, 12409, 9395, 2097, 12378, 1003, 14139, 2424, 24633, 5913]
Agg TFLOPS uses useful attention work across all TP ranks and p50(max_across_ranks); Avg/GPU divides it by world_size.
KV GB/s/GPU is average logical BF16 K+V bytes read per TP rank divided by p50(max_across_ranks); it is not hardware-counter HBM traffic.

Running B=21, q_tokens=336, history_tokens=321632, causal=True

B=21, q_tokens=336, history_tokens=321632, QH=32, KVH=4, D=128, TP=8, DCP=2, mode=causal
Method                   Time ms                                                                                                                                     Agg TFLOPS    Avg/GPU  KV GB/s/GPU      Check  Note
dcp_mega_varlen          t0=0.091, t1=0.087, t2=0.091, t3=0.088, t4=0.089, t5=0.087, t6=0.088, t7=0.088 | p50(max_across_ranks)=0.092, p90(max_across_ranks)=0.095        920.5      115.1        900.3       skip  eager; output=bf16_ipc_a2a; runner_preallocated; timing=mega_kernel_only
Wrote benchmark JSON to /home/hychen/min_fa3_demo/benchmark_logs/experiment_suite/20260812-231044-dcp-cp-suite/01_dcp_wave/results/arrival_2/dcp_2/critical_wave_release_lpt/comm_sm_12/case_000049_dcp2_hkv4_eager.json

================================================================================
Mega comm_sm=12, case 51/100: case_000050_dcp2_hkv4: B=17, Sq=[16, 16, 16, 16, 16, 16, 16, 16, 16, 16, 16, 16, 16, 16, 16, 16, 16], Sk=[21786, 4575, 4039, 3504, 8119, 22247, 8591, 6227, 8212, 40977, 40460, 1318, 10668, 955, 15512, 3861, 5830], DCP=2, Hkv=4
================================================================================
Config: world_size=8, methods=['dcp_mega_varlen'], QH=32, KVH=4, D=128, TP=8, DCP=2, workload=chunk, execution=eager, baseline_phase_timing=False, warmup=40, iters=60, check=False
Workload: B=17, q_tokens=272, history_tokens=206881, q_seqlens=[16, 16, 16, 16, 16, 16, 16, 16, 16, 16, 16, 16, 16, 16, 16, 16, 16], history_seqlens=[21786, 4575, 4039, 3504, 8119, 22247, 8591, 6227, 8212, 40977, 40460, 1318, 10668, 955, 15512, 3861, 5830]
Agg TFLOPS uses useful attention work across all TP ranks and p50(max_across_ranks); Avg/GPU divides it by world_size.
KV GB/s/GPU is average logical BF16 K+V bytes read per TP rank divided by p50(max_across_ranks); it is not hardware-counter HBM traffic.

Running B=17, q_tokens=272, history_tokens=206881, causal=True

B=17, q_tokens=272, history_tokens=206881, QH=32, KVH=4, D=128, TP=8, DCP=2, mode=causal
Method                   Time ms                                                                                                                                     Agg TFLOPS    Avg/GPU  KV GB/s/GPU      Check  Note
dcp_mega_varlen          t0=0.094, t1=0.090, t2=0.094, t3=0.092, t4=0.092, t5=0.092, t6=0.092, t7=0.091 | p50(max_across_ranks)=0.094, p90(max_across_ranks)=0.096        574.7       71.8        562.3       skip  eager; output=bf16_ipc_a2a; runner_preallocated; timing=mega_kernel_only
Wrote benchmark JSON to /home/hychen/min_fa3_demo/benchmark_logs/experiment_suite/20260812-231044-dcp-cp-suite/01_dcp_wave/results/arrival_2/dcp_2/critical_wave_release_lpt/comm_sm_12/case_000050_dcp2_hkv4_eager.json

================================================================================
Mega comm_sm=12, case 52/100: case_000051_dcp2_hkv4: B=22, Sq=[16, 16, 16, 16, 16, 16, 16, 16, 16, 16, 16, 16, 16, 16, 16, 16, 16, 16, 16, 16, 16, 16], Sk=[55209, 2427, 23074, 2049, 16034, 3324, 1978, 11428, 6628, 3226, 10746, 4633, 6763, 18140, 51364, 1327, 29773, 14292, 921, 8212, 4942, 5120], DCP=2, Hkv=4
================================================================================
Config: world_size=8, methods=['dcp_mega_varlen'], QH=32, KVH=4, D=128, TP=8, DCP=2, workload=chunk, execution=eager, baseline_phase_timing=False, warmup=40, iters=60, check=False
Workload: B=22, q_tokens=352, history_tokens=281610, q_seqlens=[16, 16, 16, 16, 16, 16, 16, 16, 16, 16, 16, 16, 16, 16, 16, 16, 16, 16, 16, 16, 16, 16], history_seqlens=[55209, 2427, 23074, 2049, 16034, 3324, 1978, 11428, 6628, 3226, 10746, 4633, 6763, 18140, 51364, 1327, 29773, 14292, 921, 8212, 4942, 5120]
Agg TFLOPS uses useful attention work across all TP ranks and p50(max_across_ranks); Avg/GPU divides it by world_size.
KV GB/s/GPU is average logical BF16 K+V bytes read per TP rank divided by p50(max_across_ranks); it is not hardware-counter HBM traffic.

Running B=22, q_tokens=352, history_tokens=281610, causal=True

B=22, q_tokens=352, history_tokens=281610, QH=32, KVH=4, D=128, TP=8, DCP=2, mode=causal
Method                   Time ms                                                                                                                                     Agg TFLOPS    Avg/GPU  KV GB/s/GPU      Check  Note
dcp_mega_varlen          t0=0.099, t1=0.095, t2=0.098, t3=0.096, t4=0.097, t5=0.097, t6=0.097, t7=0.095 | p50(max_across_ranks)=0.099, p90(max_across_ranks)=0.102        745.8       93.2        729.6       skip  eager; output=bf16_ipc_a2a; runner_preallocated; timing=mega_kernel_only
Wrote benchmark JSON to /home/hychen/min_fa3_demo/benchmark_logs/experiment_suite/20260812-231044-dcp-cp-suite/01_dcp_wave/results/arrival_2/dcp_2/critical_wave_release_lpt/comm_sm_12/case_000051_dcp2_hkv4_eager.json

================================================================================
Mega comm_sm=12, case 53/100: case_000052_dcp2_hkv4: B=23, Sq=[16, 16, 16, 16, 16, 16, 16, 16, 16, 16, 16, 16, 16, 16, 16, 16, 16, 16, 16, 16, 16, 16, 16], Sk=[22848, 1512, 1411, 5192, 22024, 62781, 14891, 54748, 10000, 6262, 19859, 20512, 1191, 14203, 33640, 13231, 8521, 10453, 19737, 982, 7332, 19657, 11113], DCP=2, Hkv=4
================================================================================
Config: world_size=8, methods=['dcp_mega_varlen'], QH=32, KVH=4, D=128, TP=8, DCP=2, workload=chunk, execution=eager, baseline_phase_timing=False, warmup=40, iters=60, check=False
Workload: B=23, q_tokens=368, history_tokens=382100, q_seqlens=[16, 16, 16, 16, 16, 16, 16, 16, 16, 16, 16, 16, 16, 16, 16, 16, 16, 16, 16, 16, 16, 16, 16], history_seqlens=[22848, 1512, 1411, 5192, 22024, 62781, 14891, 54748, 10000, 6262, 19859, 20512, 1191, 14203, 33640, 13231, 8521, 10453, 19737, 982, 7332, 19657, 11113]
Agg TFLOPS uses useful attention work across all TP ranks and p50(max_across_ranks); Avg/GPU divides it by world_size.
KV GB/s/GPU is average logical BF16 K+V bytes read per TP rank divided by p50(max_across_ranks); it is not hardware-counter HBM traffic.

Running B=23, q_tokens=368, history_tokens=382100, causal=True

B=23, q_tokens=368, history_tokens=382100, QH=32, KVH=4, D=128, TP=8, DCP=2, mode=causal
Method                   Time ms                                                                                                                                     Agg TFLOPS    Avg/GPU  KV GB/s/GPU      Check  Note
dcp_mega_varlen          t0=0.096, t1=0.092, t2=0.097, t3=0.094, t4=0.094, t5=0.093, t6=0.094, t7=0.094 | p50(max_across_ranks)=0.097, p90(max_across_ranks)=0.099       1029.7      128.7       1007.0       skip  eager; output=bf16_ipc_a2a; runner_preallocated; timing=mega_kernel_only
Wrote benchmark JSON to /home/hychen/min_fa3_demo/benchmark_logs/experiment_suite/20260812-231044-dcp-cp-suite/01_dcp_wave/results/arrival_2/dcp_2/critical_wave_release_lpt/comm_sm_12/case_000052_dcp2_hkv4_eager.json

================================================================================
Mega comm_sm=12, case 54/100: case_000053_dcp2_hkv4: B=23, Sq=[16, 16, 16, 16, 16, 16, 16, 16, 16, 16, 16, 16, 16, 16, 16, 16, 16, 16, 16, 16, 16, 16, 16], Sk=[1618, 5301, 22130, 62899, 54872, 6365, 20645, 14324, 33759, 13341, 8644, 10569, 19851, 1112, 7453, 19771, 11233, 33500, 15395, 15551, 10573, 12197, 14024], DCP=2, Hkv=4
================================================================================
Config: world_size=8, methods=['dcp_mega_varlen'], QH=32, KVH=4, D=128, TP=8, DCP=2, workload=chunk, execution=eager, baseline_phase_timing=False, warmup=40, iters=60, check=False
Workload: B=23, q_tokens=368, history_tokens=415127, q_seqlens=[16, 16, 16, 16, 16, 16, 16, 16, 16, 16, 16, 16, 16, 16, 16, 16, 16, 16, 16, 16, 16, 16, 16], history_seqlens=[1618, 5301, 22130, 62899, 54872, 6365, 20645, 14324, 33759, 13341, 8644, 10569, 19851, 1112, 7453, 19771, 11233, 33500, 15395, 15551, 10573, 12197, 14024]
Agg TFLOPS uses useful attention work across all TP ranks and p50(max_across_ranks); Avg/GPU divides it by world_size.
KV GB/s/GPU is average logical BF16 K+V bytes read per TP rank divided by p50(max_across_ranks); it is not hardware-counter HBM traffic.

Running B=23, q_tokens=368, history_tokens=415127, causal=True

B=23, q_tokens=368, history_tokens=415127, QH=32, KVH=4, D=128, TP=8, DCP=2, mode=causal
Method                   Time ms                                                                                                                                     Agg TFLOPS    Avg/GPU  KV GB/s/GPU      Check  Note
dcp_mega_varlen          t0=0.097, t1=0.094, t2=0.097, t3=0.094, t4=0.096, t5=0.095, t6=0.096, t7=0.093 | p50(max_across_ranks)=0.098, p90(max_across_ranks)=0.099       1113.1      139.1       1088.5       skip  eager; output=bf16_ipc_a2a; runner_preallocated; timing=mega_kernel_only
Wrote benchmark JSON to /home/hychen/min_fa3_demo/benchmark_logs/experiment_suite/20260812-231044-dcp-cp-suite/01_dcp_wave/results/arrival_2/dcp_2/critical_wave_release_lpt/comm_sm_12/case_000053_dcp2_hkv4_eager.json

================================================================================
Mega comm_sm=12, case 55/100: case_000054_dcp2_hkv4: B=20, Sq=[16, 16, 16, 16, 16, 16, 16, 16, 16, 16, 16, 16, 16, 16, 16, 16, 16, 16, 16, 16], Sk=[2721, 24057, 2526, 23177, 7815, 1232, 9056, 5763, 16386, 1164, 8235, 1053, 9122, 11037, 9087, 979, 27436, 9302, 4308, 13854], DCP=2, Hkv=4
================================================================================
Config: world_size=8, methods=['dcp_mega_varlen'], QH=32, KVH=4, D=128, TP=8, DCP=2, workload=chunk, execution=eager, baseline_phase_timing=False, warmup=40, iters=60, check=False
Workload: B=20, q_tokens=320, history_tokens=188310, q_seqlens=[16, 16, 16, 16, 16, 16, 16, 16, 16, 16, 16, 16, 16, 16, 16, 16, 16, 16, 16, 16], history_seqlens=[2721, 24057, 2526, 23177, 7815, 1232, 9056, 5763, 16386, 1164, 8235, 1053, 9122, 11037, 9087, 979, 27436, 9302, 4308, 13854]
Agg TFLOPS uses useful attention work across all TP ranks and p50(max_across_ranks); Avg/GPU divides it by world_size.
KV GB/s/GPU is average logical BF16 K+V bytes read per TP rank divided by p50(max_across_ranks); it is not hardware-counter HBM traffic.

Running B=20, q_tokens=320, history_tokens=188310, causal=True

B=20, q_tokens=320, history_tokens=188310, QH=32, KVH=4, D=128, TP=8, DCP=2, mode=causal
Method                   Time ms                                                                                                                                     Agg TFLOPS    Avg/GPU  KV GB/s/GPU      Check  Note
dcp_mega_varlen          t0=0.075, t1=0.073, t2=0.075, t3=0.074, t4=0.073, t5=0.073, t6=0.074, t7=0.073 | p50(max_across_ranks)=0.076, p90(max_across_ranks)=0.079        647.3       80.9        633.7       skip  eager; output=bf16_ipc_a2a; runner_preallocated; timing=mega_kernel_only
Wrote benchmark JSON to /home/hychen/min_fa3_demo/benchmark_logs/experiment_suite/20260812-231044-dcp-cp-suite/01_dcp_wave/results/arrival_2/dcp_2/critical_wave_release_lpt/comm_sm_12/case_000054_dcp2_hkv4_eager.json

================================================================================
Mega comm_sm=12, case 56/100: case_000055_dcp2_hkv4: B=19, Sq=[16, 16, 16, 16, 16, 16, 16, 16, 16, 16, 16, 16, 16, 16, 16, 16, 16, 16, 16], Sk=[9523, 9486, 9711, 14322, 4668, 15449, 13533, 1105, 6462, 2659, 3605, 47656, 9243, 9996, 24861, 1220, 6323, 31182, 11766], DCP=2, Hkv=4
================================================================================
Config: world_size=8, methods=['dcp_mega_varlen'], QH=32, KVH=4, D=128, TP=8, DCP=2, workload=chunk, execution=eager, baseline_phase_timing=False, warmup=40, iters=60, check=False
Workload: B=19, q_tokens=304, history_tokens=232770, q_seqlens=[16, 16, 16, 16, 16, 16, 16, 16, 16, 16, 16, 16, 16, 16, 16, 16, 16, 16, 16], history_seqlens=[9523, 9486, 9711, 14322, 4668, 15449, 13533, 1105, 6462, 2659, 3605, 47656, 9243, 9996, 24861, 1220, 6323, 31182, 11766]
Agg TFLOPS uses useful attention work across all TP ranks and p50(max_across_ranks); Avg/GPU divides it by world_size.
KV GB/s/GPU is average logical BF16 K+V bytes read per TP rank divided by p50(max_across_ranks); it is not hardware-counter HBM traffic.

Running B=19, q_tokens=304, history_tokens=232770, causal=True

B=19, q_tokens=304, history_tokens=232770, QH=32, KVH=4, D=128, TP=8, DCP=2, mode=causal
Method                   Time ms                                                                                                                                     Agg TFLOPS    Avg/GPU  KV GB/s/GPU      Check  Note
dcp_mega_varlen          t0=0.079, t1=0.076, t2=0.078, t3=0.077, t4=0.078, t5=0.075, t6=0.078, t7=0.075 | p50(max_across_ranks)=0.080, p90(max_across_ranks)=0.082        766.0       95.8        749.5       skip  eager; output=bf16_ipc_a2a; runner_preallocated; timing=mega_kernel_only
Wrote benchmark JSON to /home/hychen/min_fa3_demo/benchmark_logs/experiment_suite/20260812-231044-dcp-cp-suite/01_dcp_wave/results/arrival_2/dcp_2/critical_wave_release_lpt/comm_sm_12/case_000055_dcp2_hkv4_eager.json

================================================================================
Mega comm_sm=12, case 57/100: case_000056_dcp2_hkv4: B=12, Sq=[16, 16, 16, 16, 16, 16, 16, 16, 16, 16, 16, 16], Sk=[24739, 4488, 11982, 1568, 41410, 6323, 3635, 8058, 997, 1125, 6567, 5026], DCP=2, Hkv=4
================================================================================
Config: world_size=8, methods=['dcp_mega_varlen'], QH=32, KVH=4, D=128, TP=8, DCP=2, workload=chunk, execution=eager, baseline_phase_timing=False, warmup=40, iters=60, check=False
Workload: B=12, q_tokens=192, history_tokens=115918, q_seqlens=[16, 16, 16, 16, 16, 16, 16, 16, 16, 16, 16, 16], history_seqlens=[24739, 4488, 11982, 1568, 41410, 6323, 3635, 8058, 997, 1125, 6567, 5026]
Agg TFLOPS uses useful attention work across all TP ranks and p50(max_across_ranks); Avg/GPU divides it by world_size.
KV GB/s/GPU is average logical BF16 K+V bytes read per TP rank divided by p50(max_across_ranks); it is not hardware-counter HBM traffic.

Running B=12, q_tokens=192, history_tokens=115918, causal=True

B=12, q_tokens=192, history_tokens=115918, QH=32, KVH=4, D=128, TP=8, DCP=2, mode=causal
Method                   Time ms                                                                                                                                     Agg TFLOPS    Avg/GPU  KV GB/s/GPU      Check  Note
dcp_mega_varlen          t0=0.075, t1=0.071, t2=0.075, t3=0.073, t4=0.074, t5=0.074, t6=0.074, t7=0.072 | p50(max_across_ranks)=0.076, p90(max_across_ranks)=0.079        400.8       50.1        392.3       skip  eager; output=bf16_ipc_a2a; runner_preallocated; timing=mega_kernel_only
Wrote benchmark JSON to /home/hychen/min_fa3_demo/benchmark_logs/experiment_suite/20260812-231044-dcp-cp-suite/01_dcp_wave/results/arrival_2/dcp_2/critical_wave_release_lpt/comm_sm_12/case_000056_dcp2_hkv4_eager.json

================================================================================
Mega comm_sm=12, case 58/100: case_000057_dcp2_hkv4: B=13, Sq=[16, 16, 16, 16, 16, 16, 16, 16, 16, 16, 16, 16, 16], Sk=[4550, 12051, 41461, 6389, 3694, 8110, 1066, 6639, 5085, 1738, 20933, 11986, 11142], DCP=2, Hkv=4
================================================================================
Config: world_size=8, methods=['dcp_mega_varlen'], QH=32, KVH=4, D=128, TP=8, DCP=2, workload=chunk, execution=eager, baseline_phase_timing=False, warmup=40, iters=60, check=False
Workload: B=13, q_tokens=208, history_tokens=134844, q_seqlens=[16, 16, 16, 16, 16, 16, 16, 16, 16, 16, 16, 16, 16], history_seqlens=[4550, 12051, 41461, 6389, 3694, 8110, 1066, 6639, 5085, 1738, 20933, 11986, 11142]
Agg TFLOPS uses useful attention work across all TP ranks and p50(max_across_ranks); Avg/GPU divides it by world_size.
KV GB/s/GPU is average logical BF16 K+V bytes read per TP rank divided by p50(max_across_ranks); it is not hardware-counter HBM traffic.

Running B=13, q_tokens=208, history_tokens=134844, causal=True

B=13, q_tokens=208, history_tokens=134844, QH=32, KVH=4, D=128, TP=8, DCP=2, mode=causal
Method                   Time ms                                                                                                                                     Agg TFLOPS    Avg/GPU  KV GB/s/GPU      Check  Note
dcp_mega_varlen          t0=0.066, t1=0.063, t2=0.065, t3=0.063, t4=0.064, t5=0.063, t6=0.064, t7=0.063 | p50(max_across_ranks)=0.067, p90(max_across_ranks)=0.069        530.4       66.3        519.1       skip  eager; output=bf16_ipc_a2a; runner_preallocated; timing=mega_kernel_only
Wrote benchmark JSON to /home/hychen/min_fa3_demo/benchmark_logs/experiment_suite/20260812-231044-dcp-cp-suite/01_dcp_wave/results/arrival_2/dcp_2/critical_wave_release_lpt/comm_sm_12/case_000057_dcp2_hkv4_eager.json

================================================================================
Mega comm_sm=12, case 59/100: case_000058_dcp2_hkv4: B=19, Sq=[16, 16, 16, 16, 16, 16, 16, 16, 16, 16, 16, 16, 16, 16, 16, 16, 16, 16, 4096], Sk=[5161, 1624, 3059, 20879, 1303, 2344, 1357, 2158, 75231, 17931, 5937, 1155, 17785, 5287, 4535, 18149, 3152, 937, 512], DCP=2, Hkv=4
================================================================================
Config: world_size=8, methods=['dcp_mega_varlen'], QH=32, KVH=4, D=128, TP=8, DCP=2, workload=chunk, execution=eager, baseline_phase_timing=False, warmup=40, iters=60, check=False
Workload: B=19, q_tokens=4384, history_tokens=188496, q_seqlens=[16, 16, 16, 16, 16, 16, 16, 16, 16, 16, 16, 16, 16, 16, 16, 16, 16, 16, 4096], history_seqlens=[5161, 1624, 3059, 20879, 1303, 2344, 1357, 2158, 75231, 17931, 5937, 1155, 17785, 5287, 4535, 18149, 3152, 937, 512]
Agg TFLOPS uses useful attention work across all TP ranks and p50(max_across_ranks); Avg/GPU divides it by world_size.
KV GB/s/GPU is average logical BF16 K+V bytes read per TP rank divided by p50(max_across_ranks); it is not hardware-counter HBM traffic.

Running B=19, q_tokens=4384, history_tokens=188496, causal=True

B=19, q_tokens=4384, history_tokens=188496, QH=32, KVH=4, D=128, TP=8, DCP=2, mode=causal
Method                   Time ms                                                                                                                                     Agg TFLOPS    Avg/GPU  KV GB/s/GPU      Check  Note
dcp_mega_varlen          t0=0.190, t1=0.183, t2=0.189, t3=0.187, t4=0.186, t5=0.188, t6=0.189, t7=0.186 | p50(max_across_ranks)=0.190, p90(max_across_ranks)=0.192       1160.9      145.1        265.1       skip  eager; output=bf16_ipc_a2a; runner_preallocated; timing=mega_kernel_only
Wrote benchmark JSON to /home/hychen/min_fa3_demo/benchmark_logs/experiment_suite/20260812-231044-dcp-cp-suite/01_dcp_wave/results/arrival_2/dcp_2/critical_wave_release_lpt/comm_sm_12/case_000058_dcp2_hkv4_eager.json

================================================================================
Mega comm_sm=12, case 60/100: case_000059_dcp2_hkv4: B=24, Sq=[16, 16, 16, 16, 16, 16, 16, 16, 16, 16, 16, 16, 16, 16, 16, 16, 16, 16, 16, 16, 16, 16, 16, 16], Sk=[5460, 75540, 1479, 5598, 18472, 3488, 5941, 7727, 6417, 59282, 4970, 1607, 97242, 82502, 18785, 5893, 46103, 6711, 22770, 5251, 20037, 30278, 4401, 2517], DCP=2, Hkv=4
================================================================================
Config: world_size=8, methods=['dcp_mega_varlen'], QH=32, KVH=4, D=128, TP=8, DCP=2, workload=chunk, execution=eager, baseline_phase_timing=False, warmup=40, iters=60, check=False
Workload: B=24, q_tokens=384, history_tokens=538471, q_seqlens=[16, 16, 16, 16, 16, 16, 16, 16, 16, 16, 16, 16, 16, 16, 16, 16, 16, 16, 16, 16, 16, 16, 16, 16], history_seqlens=[5460, 75540, 1479, 5598, 18472, 3488, 5941, 7727, 6417, 59282, 4970, 1607, 97242, 82502, 18785, 5893, 46103, 6711, 22770, 5251, 20037, 30278, 4401, 2517]
Agg TFLOPS uses useful attention work across all TP ranks and p50(max_across_ranks); Avg/GPU divides it by world_size.
KV GB/s/GPU is average logical BF16 K+V bytes read per TP rank divided by p50(max_across_ranks); it is not hardware-counter HBM traffic.

Running B=24, q_tokens=384, history_tokens=538471, causal=True

B=24, q_tokens=384, history_tokens=538471, QH=32, KVH=4, D=128, TP=8, DCP=2, mode=causal
Method                   Time ms                                                                                                                                     Agg TFLOPS    Avg/GPU  KV GB/s/GPU      Check  Note
dcp_mega_varlen          t0=0.117, t1=0.113, t2=0.117, t3=0.114, t4=0.113, t5=0.116, t6=0.115, t7=0.114 | p50(max_across_ranks)=0.118, p90(max_across_ranks)=0.126       1192.0      149.0       1165.3       skip  eager; output=bf16_ipc_a2a; runner_preallocated; timing=mega_kernel_only
Wrote benchmark JSON to /home/hychen/min_fa3_demo/benchmark_logs/experiment_suite/20260812-231044-dcp-cp-suite/01_dcp_wave/results/arrival_2/dcp_2/critical_wave_release_lpt/comm_sm_12/case_000059_dcp2_hkv4_eager.json

================================================================================
Mega comm_sm=12, case 61/100: case_000060_dcp2_hkv4: B=29, Sq=[16, 16, 16, 16, 16, 16, 16, 16, 16, 16, 16, 16, 16, 16, 16, 16, 16, 16, 16, 16, 16, 16, 16, 16, 16, 16, 16, 16, 4096], Sk=[8535, 64027, 2320, 14328, 6144, 33249, 6088, 12060, 9259, 6928, 1519, 13244, 15638, 16529, 14240, 16547, 4891, 13383, 10313, 15622, 15091, 1173, 9466, 25711, 10354, 1203, 13559, 9584, 512], DCP=2, Hkv=4
================================================================================
Config: world_size=8, methods=['dcp_mega_varlen'], QH=32, KVH=4, D=128, TP=8, DCP=2, workload=chunk, execution=eager, baseline_phase_timing=False, warmup=40, iters=60, check=False
Workload: B=29, q_tokens=4544, history_tokens=371517, q_seqlens=[16, 16, 16, 16, 16, 16, 16, 16, 16, 16, 16, 16, 16, 16, 16, 16, 16, 16, 16, 16, 16, 16, 16, 16, 16, 16, 16, 16, 4096], history_seqlens=[8535, 64027, 2320, 14328, 6144, 33249, 6088, 12060, 9259, 6928, 1519, 13244, 15638, 16529, 14240, 16547, 4891, 13383, 10313, 15622, 15091, 1173, 9466, 25711, 10354, 1203, 13559, 9584, 512]
Agg TFLOPS uses useful attention work across all TP ranks and p50(max_across_ranks); Avg/GPU divides it by world_size.
KV GB/s/GPU is average logical BF16 K+V bytes read per TP rank divided by p50(max_across_ranks); it is not hardware-counter HBM traffic.

Running B=29, q_tokens=4544, history_tokens=371517, causal=True

B=29, q_tokens=4544, history_tokens=371517, QH=32, KVH=4, D=128, TP=8, DCP=2, mode=causal
Method                   Time ms                                                                                                                                     Agg TFLOPS    Avg/GPU  KV GB/s/GPU      Check  Note
dcp_mega_varlen          t0=0.227, t1=0.222, t2=0.227, t3=0.225, t4=0.226, t5=0.225, t6=0.225, t7=0.224 | p50(max_across_ranks)=0.228, p90(max_across_ranks)=0.230       1178.8      147.4        426.7       skip  eager; output=bf16_ipc_a2a; runner_preallocated; timing=mega_kernel_only
Wrote benchmark JSON to /home/hychen/min_fa3_demo/benchmark_logs/experiment_suite/20260812-231044-dcp-cp-suite/01_dcp_wave/results/arrival_2/dcp_2/critical_wave_release_lpt/comm_sm_12/case_000060_dcp2_hkv4_eager.json

================================================================================
Mega comm_sm=12, case 62/100: case_000061_dcp2_hkv4: B=24, Sq=[16, 16, 16, 16, 16, 16, 16, 16, 16, 16, 16, 16, 16, 16, 16, 16, 16, 16, 16, 16, 16, 16, 16, 4096], Sk=[1716, 6899, 2069, 1804, 4063, 1269, 8579, 2572, 1276, 1240, 25645, 18799, 3378, 10190, 3094, 1136, 8898, 1352, 1330, 1833, 1758, 9254, 23808, 8704], DCP=2, Hkv=4
================================================================================
Config: world_size=8, methods=['dcp_mega_varlen'], QH=32, KVH=4, D=128, TP=8, DCP=2, workload=chunk, execution=eager, baseline_phase_timing=False, warmup=40, iters=60, check=False
Workload: B=24, q_tokens=4464, history_tokens=150666, q_seqlens=[16, 16, 16, 16, 16, 16, 16, 16, 16, 16, 16, 16, 16, 16, 16, 16, 16, 16, 16, 16, 16, 16, 16, 4096], history_seqlens=[1716, 6899, 2069, 1804, 4063, 1269, 8579, 2572, 1276, 1240, 25645, 18799, 3378, 10190, 3094, 1136, 8898, 1352, 1330, 1833, 1758, 9254, 23808, 8704]
Agg TFLOPS uses useful attention work across all TP ranks and p50(max_across_ranks); Avg/GPU divides it by world_size.
KV GB/s/GPU is average logical BF16 K+V bytes read per TP rank divided by p50(max_across_ranks); it is not hardware-counter HBM traffic.

Running B=24, q_tokens=4464, history_tokens=150666, causal=True

B=24, q_tokens=4464, history_tokens=150666, QH=32, KVH=4, D=128, TP=8, DCP=2, mode=causal
Method                   Time ms                                                                                                                                     Agg TFLOPS    Avg/GPU  KV GB/s/GPU      Check  Note
dcp_mega_varlen          t0=0.220, t1=0.220, t2=0.221, t3=0.220, t4=0.220, t5=0.219, t6=0.219, t7=0.219 | p50(max_across_ranks)=0.222, p90(max_across_ranks)=0.223       3425.7      428.2        184.4       skip  eager; output=bf16_ipc_a2a; runner_preallocated; timing=mega_kernel_only
Wrote benchmark JSON to /home/hychen/min_fa3_demo/benchmark_logs/experiment_suite/20260812-231044-dcp-cp-suite/01_dcp_wave/results/arrival_2/dcp_2/critical_wave_release_lpt/comm_sm_12/case_000061_dcp2_hkv4_eager.json

================================================================================
Mega comm_sm=12, case 63/100: case_000062_dcp2_hkv4: B=23, Sq=[16, 16, 16, 16, 16, 16, 16, 16, 16, 16, 16, 16, 16, 16, 16, 16, 16, 16, 16, 16, 16, 16, 16], Sk=[4744, 2056, 2382, 8119, 2070, 7639, 5264, 16671, 20248, 12186, 59096, 2636, 14273, 5181, 18533, 17737, 1770, 1510, 4660, 2860, 5946, 13874, 6967], DCP=2, Hkv=4
================================================================================
Config: world_size=8, methods=['dcp_mega_varlen'], QH=32, KVH=4, D=128, TP=8, DCP=2, workload=chunk, execution=eager, baseline_phase_timing=False, warmup=40, iters=60, check=False
Workload: B=23, q_tokens=368, history_tokens=236422, q_seqlens=[16, 16, 16, 16, 16, 16, 16, 16, 16, 16, 16, 16, 16, 16, 16, 16, 16, 16, 16, 16, 16, 16, 16], history_seqlens=[4744, 2056, 2382, 8119, 2070, 7639, 5264, 16671, 20248, 12186, 59096, 2636, 14273, 5181, 18533, 17737, 1770, 1510, 4660, 2860, 5946, 13874, 6967]
Agg TFLOPS uses useful attention work across all TP ranks and p50(max_across_ranks); Avg/GPU divides it by world_size.
KV GB/s/GPU is average logical BF16 K+V bytes read per TP rank divided by p50(max_across_ranks); it is not hardware-counter HBM traffic.

Running B=23, q_tokens=368, history_tokens=236422, causal=True

B=23, q_tokens=368, history_tokens=236422, QH=32, KVH=4, D=128, TP=8, DCP=2, mode=causal
Method                   Time ms                                                                                                                                     Agg TFLOPS    Avg/GPU  KV GB/s/GPU      Check  Note
dcp_mega_varlen          t0=0.086, t1=0.082, t2=0.085, t3=0.085, t4=0.085, t5=0.085, t6=0.084, t7=0.083 | p50(max_across_ranks)=0.086, p90(max_across_ranks)=0.090        717.5       89.7        702.3       skip  eager; output=bf16_ipc_a2a; runner_preallocated; timing=mega_kernel_only
Wrote benchmark JSON to /home/hychen/min_fa3_demo/benchmark_logs/experiment_suite/20260812-231044-dcp-cp-suite/01_dcp_wave/results/arrival_2/dcp_2/critical_wave_release_lpt/comm_sm_12/case_000062_dcp2_hkv4_eager.json

================================================================================
Mega comm_sm=12, case 64/100: case_000063_dcp2_hkv4: B=18, Sq=[16, 16, 16, 16, 16, 16, 16, 16, 16, 16, 16, 16, 16, 16, 16, 16, 16, 4096], Sk=[5495, 16911, 59326, 18741, 17971, 1977, 1733, 3090, 6180, 14098, 19000, 37173, 1985, 1003, 32202, 970, 19078, 12800], DCP=2, Hkv=4
================================================================================
Config: world_size=8, methods=['dcp_mega_varlen'], QH=32, KVH=4, D=128, TP=8, DCP=2, workload=chunk, execution=eager, baseline_phase_timing=False, warmup=40, iters=60, check=False
Workload: B=18, q_tokens=4368, history_tokens=269733, q_seqlens=[16, 16, 16, 16, 16, 16, 16, 16, 16, 16, 16, 16, 16, 16, 16, 16, 16, 4096], history_seqlens=[5495, 16911, 59326, 18741, 17971, 1977, 1733, 3090, 6180, 14098, 19000, 37173, 1985, 1003, 32202, 970, 19078, 12800]
Agg TFLOPS uses useful attention work across all TP ranks and p50(max_across_ranks); Avg/GPU divides it by world_size.
KV GB/s/GPU is average logical BF16 K+V bytes read per TP rank divided by p50(max_across_ranks); it is not hardware-counter HBM traffic.

Running B=18, q_tokens=4368, history_tokens=269733, causal=True

B=18, q_tokens=4368, history_tokens=269733, QH=32, KVH=4, D=128, TP=8, DCP=2, mode=causal
Method                   Time ms                                                                                                                                     Agg TFLOPS    Avg/GPU  KV GB/s/GPU      Check  Note
dcp_mega_varlen          t0=0.302, t1=0.300, t2=0.300, t3=0.299, t4=0.299, t5=0.299, t6=0.302, t7=0.297 | p50(max_across_ranks)=0.303, p90(max_across_ranks)=0.307       3508.0      438.5        235.1       skip  eager; output=bf16_ipc_a2a; runner_preallocated; timing=mega_kernel_only
Wrote benchmark JSON to /home/hychen/min_fa3_demo/benchmark_logs/experiment_suite/20260812-231044-dcp-cp-suite/01_dcp_wave/results/arrival_2/dcp_2/critical_wave_release_lpt/comm_sm_12/case_000063_dcp2_hkv4_eager.json

================================================================================
Mega comm_sm=12, case 65/100: case_000064_dcp2_hkv4: B=18, Sq=[16, 16, 16, 16, 16, 16, 16, 16, 16, 16, 16, 16, 16, 16, 16, 16, 16, 16], Sk=[47863, 14668, 3744, 6281, 11862, 8403, 19340, 16822, 13831, 2213, 7943, 1069, 25538, 2557, 50335, 9725, 20215, 15705], DCP=2, Hkv=4
================================================================================
Config: world_size=8, methods=['dcp_mega_varlen'], QH=32, KVH=4, D=128, TP=8, DCP=2, workload=chunk, execution=eager, baseline_phase_timing=False, warmup=40, iters=60, check=False
Workload: B=18, q_tokens=288, history_tokens=278114, q_seqlens=[16, 16, 16, 16, 16, 16, 16, 16, 16, 16, 16, 16, 16, 16, 16, 16, 16, 16], history_seqlens=[47863, 14668, 3744, 6281, 11862, 8403, 19340, 16822, 13831, 2213, 7943, 1069, 25538, 2557, 50335, 9725, 20215, 15705]
Agg TFLOPS uses useful attention work across all TP ranks and p50(max_across_ranks); Avg/GPU divides it by world_size.
KV GB/s/GPU is average logical BF16 K+V bytes read per TP rank divided by p50(max_across_ranks); it is not hardware-counter HBM traffic.

Running B=18, q_tokens=288, history_tokens=278114, causal=True

B=18, q_tokens=288, history_tokens=278114, QH=32, KVH=4, D=128, TP=8, DCP=2, mode=causal
Method                   Time ms                                                                                                                                     Agg TFLOPS    Avg/GPU  KV GB/s/GPU      Check  Note
dcp_mega_varlen          t0=0.083, t1=0.080, t2=0.083, t3=0.081, t4=0.082, t5=0.082, t6=0.082, t7=0.080 | p50(max_across_ranks)=0.084, p90(max_across_ranks)=0.087        866.1      108.3        847.1       skip  eager; output=bf16_ipc_a2a; runner_preallocated; timing=mega_kernel_only
Wrote benchmark JSON to /home/hychen/min_fa3_demo/benchmark_logs/experiment_suite/20260812-231044-dcp-cp-suite/01_dcp_wave/results/arrival_2/dcp_2/critical_wave_release_lpt/comm_sm_12/case_000064_dcp2_hkv4_eager.json

================================================================================
Mega comm_sm=12, case 66/100: case_000065_dcp2_hkv4: B=23, Sq=[16, 16, 16, 16, 16, 16, 16, 16, 16, 16, 16, 16, 16, 16, 16, 16, 16, 16, 16, 16, 16, 16, 16], Sk=[20383, 1809, 21283, 18074, 25195, 25453, 12267, 7048, 14795, 1271, 10622, 6867, 1246, 1823, 9352, 5724, 7140, 15334, 50465, 10281, 7628, 917, 2330], DCP=2, Hkv=4
================================================================================
Config: world_size=8, methods=['dcp_mega_varlen'], QH=32, KVH=4, D=128, TP=8, DCP=2, workload=chunk, execution=eager, baseline_phase_timing=False, warmup=40, iters=60, check=False
Workload: B=23, q_tokens=368, history_tokens=277307, q_seqlens=[16, 16, 16, 16, 16, 16, 16, 16, 16, 16, 16, 16, 16, 16, 16, 16, 16, 16, 16, 16, 16, 16, 16], history_seqlens=[20383, 1809, 21283, 18074, 25195, 25453, 12267, 7048, 14795, 1271, 10622, 6867, 1246, 1823, 9352, 5724, 7140, 15334, 50465, 10281, 7628, 917, 2330]
Agg TFLOPS uses useful attention work across all TP ranks and p50(max_across_ranks); Avg/GPU divides it by world_size.
KV GB/s/GPU is average logical BF16 K+V bytes read per TP rank divided by p50(max_across_ranks); it is not hardware-counter HBM traffic.

Running B=23, q_tokens=368, history_tokens=277307, causal=True

B=23, q_tokens=368, history_tokens=277307, QH=32, KVH=4, D=128, TP=8, DCP=2, mode=causal
Method                   Time ms                                                                                                                                     Agg TFLOPS    Avg/GPU  KV GB/s/GPU      Check  Note
dcp_mega_varlen          t0=0.086, t1=0.082, t2=0.085, t3=0.085, t4=0.084, t5=0.083, t6=0.084, t7=0.082 | p50(max_across_ranks)=0.087, p90(max_across_ranks)=0.090        836.5      104.6        818.5       skip  eager; output=bf16_ipc_a2a; runner_preallocated; timing=mega_kernel_only
Wrote benchmark JSON to /home/hychen/min_fa3_demo/benchmark_logs/experiment_suite/20260812-231044-dcp-cp-suite/01_dcp_wave/results/arrival_2/dcp_2/critical_wave_release_lpt/comm_sm_12/case_000065_dcp2_hkv4_eager.json

================================================================================
Mega comm_sm=12, case 67/100: case_000066_dcp2_hkv4: B=15, Sq=[16, 16, 16, 16, 16, 16, 16, 16, 16, 16, 16, 16, 16, 16, 16], Sk=[25696, 10757, 6725, 13549, 11815, 10118, 14625, 10277, 1568, 1415, 4006, 2762, 4186, 3827, 3635], DCP=2, Hkv=4
================================================================================
Config: world_size=8, methods=['dcp_mega_varlen'], QH=32, KVH=4, D=128, TP=8, DCP=2, workload=chunk, execution=eager, baseline_phase_timing=False, warmup=40, iters=60, check=False
Workload: B=15, q_tokens=240, history_tokens=124961, q_seqlens=[16, 16, 16, 16, 16, 16, 16, 16, 16, 16, 16, 16, 16, 16, 16], history_seqlens=[25696, 10757, 6725, 13549, 11815, 10118, 14625, 10277, 1568, 1415, 4006, 2762, 4186, 3827, 3635]
Agg TFLOPS uses useful attention work across all TP ranks and p50(max_across_ranks); Avg/GPU divides it by world_size.
KV GB/s/GPU is average logical BF16 K+V bytes read per TP rank divided by p50(max_across_ranks); it is not hardware-counter HBM traffic.

Running B=15, q_tokens=240, history_tokens=124961, causal=True

B=15, q_tokens=240, history_tokens=124961, QH=32, KVH=4, D=128, TP=8, DCP=2, mode=causal
Method                   Time ms                                                                                                                                     Agg TFLOPS    Avg/GPU  KV GB/s/GPU      Check  Note
dcp_mega_varlen          t0=0.056, t1=0.053, t2=0.055, t3=0.054, t4=0.054, t5=0.054, t6=0.054, t7=0.053 | p50(max_across_ranks)=0.056, p90(max_across_ranks)=0.060        581.7       72.7        569.7       skip  eager; output=bf16_ipc_a2a; runner_preallocated; timing=mega_kernel_only
Wrote benchmark JSON to /home/hychen/min_fa3_demo/benchmark_logs/experiment_suite/20260812-231044-dcp-cp-suite/01_dcp_wave/results/arrival_2/dcp_2/critical_wave_release_lpt/comm_sm_12/case_000066_dcp2_hkv4_eager.json

================================================================================
Mega comm_sm=12, case 68/100: case_000067_dcp2_hkv4: B=12, Sq=[16, 16, 16, 16, 16, 16, 16, 16, 16, 16, 16, 16], Sk=[43431, 13327, 7195, 14713, 2677, 6137, 6428, 11384, 19646, 18302, 7094, 18633], DCP=2, Hkv=4
================================================================================
Config: world_size=8, methods=['dcp_mega_varlen'], QH=32, KVH=4, D=128, TP=8, DCP=2, workload=chunk, execution=eager, baseline_phase_timing=False, warmup=40, iters=60, check=False
Workload: B=12, q_tokens=192, history_tokens=168967, q_seqlens=[16, 16, 16, 16, 16, 16, 16, 16, 16, 16, 16, 16], history_seqlens=[43431, 13327, 7195, 14713, 2677, 6137, 6428, 11384, 19646, 18302, 7094, 18633]
Agg TFLOPS uses useful attention work across all TP ranks and p50(max_across_ranks); Avg/GPU divides it by world_size.
KV GB/s/GPU is average logical BF16 K+V bytes read per TP rank divided by p50(max_across_ranks); it is not hardware-counter HBM traffic.

Running B=12, q_tokens=192, history_tokens=168967, causal=True

B=12, q_tokens=192, history_tokens=168967, QH=32, KVH=4, D=128, TP=8, DCP=2, mode=causal
Method                   Time ms                                                                                                                                     Agg TFLOPS    Avg/GPU  KV GB/s/GPU      Check  Note
dcp_mega_varlen          t0=0.061, t1=0.062, t2=0.064, t3=0.061, t4=0.063, t5=0.062, t6=0.062, t7=0.061 | p50(max_across_ranks)=0.064, p90(max_across_ranks)=0.066        689.7       86.2        674.7       skip  eager; output=bf16_ipc_a2a; runner_preallocated; timing=mega_kernel_only
Wrote benchmark JSON to /home/hychen/min_fa3_demo/benchmark_logs/experiment_suite/20260812-231044-dcp-cp-suite/01_dcp_wave/results/arrival_2/dcp_2/critical_wave_release_lpt/comm_sm_12/case_000067_dcp2_hkv4_eager.json

================================================================================
Mega comm_sm=12, case 69/100: case_000068_dcp2_hkv4: B=15, Sq=[16, 16, 16, 16, 16, 16, 16, 16, 16, 16, 16, 16, 16, 16, 16], Sk=[8427, 4909, 7457, 25467, 6472, 1848, 1286, 20505, 8659, 3234, 1364, 7528, 3574, 5680, 21269], DCP=2, Hkv=4
================================================================================
Config: world_size=8, methods=['dcp_mega_varlen'], QH=32, KVH=4, D=128, TP=8, DCP=2, workload=chunk, execution=eager, baseline_phase_timing=False, warmup=40, iters=60, check=False
Workload: B=15, q_tokens=240, history_tokens=127679, q_seqlens=[16, 16, 16, 16, 16, 16, 16, 16, 16, 16, 16, 16, 16, 16, 16], history_seqlens=[8427, 4909, 7457, 25467, 6472, 1848, 1286, 20505, 8659, 3234, 1364, 7528, 3574, 5680, 21269]
Agg TFLOPS uses useful attention work across all TP ranks and p50(max_across_ranks); Avg/GPU divides it by world_size.
KV GB/s/GPU is average logical BF16 K+V bytes read per TP rank divided by p50(max_across_ranks); it is not hardware-counter HBM traffic.

Running B=15, q_tokens=240, history_tokens=127679, causal=True

B=15, q_tokens=240, history_tokens=127679, QH=32, KVH=4, D=128, TP=8, DCP=2, mode=causal
Method                   Time ms                                                                                                                                     Agg TFLOPS    Avg/GPU  KV GB/s/GPU      Check  Note
dcp_mega_varlen          t0=0.055, t1=0.051, t2=0.054, t3=0.053, t4=0.054, t5=0.053, t6=0.054, t7=0.052 | p50(max_across_ranks)=0.055, p90(max_across_ranks)=0.057        605.0       75.6        592.5       skip  eager; output=bf16_ipc_a2a; runner_preallocated; timing=mega_kernel_only
Wrote benchmark JSON to /home/hychen/min_fa3_demo/benchmark_logs/experiment_suite/20260812-231044-dcp-cp-suite/01_dcp_wave/results/arrival_2/dcp_2/critical_wave_release_lpt/comm_sm_12/case_000068_dcp2_hkv4_eager.json

================================================================================
Mega comm_sm=12, case 70/100: case_000069_dcp2_hkv4: B=12, Sq=[16, 16, 16, 16, 16, 16, 16, 16, 16, 16, 16, 16], Sk=[16960, 1457, 24092, 14010, 2572, 15092, 10519, 6773, 14954, 6289, 11988, 6686], DCP=2, Hkv=4
================================================================================
Config: world_size=8, methods=['dcp_mega_varlen'], QH=32, KVH=4, D=128, TP=8, DCP=2, workload=chunk, execution=eager, baseline_phase_timing=False, warmup=40, iters=60, check=False
Workload: B=12, q_tokens=192, history_tokens=131392, q_seqlens=[16, 16, 16, 16, 16, 16, 16, 16, 16, 16, 16, 16], history_seqlens=[16960, 1457, 24092, 14010, 2572, 15092, 10519, 6773, 14954, 6289, 11988, 6686]
Agg TFLOPS uses useful attention work across all TP ranks and p50(max_across_ranks); Avg/GPU divides it by world_size.
KV GB/s/GPU is average logical BF16 K+V bytes read per TP rank divided by p50(max_across_ranks); it is not hardware-counter HBM traffic.

Running B=12, q_tokens=192, history_tokens=131392, causal=True

B=12, q_tokens=192, history_tokens=131392, QH=32, KVH=4, D=128, TP=8, DCP=2, mode=causal
Method                   Time ms                                                                                                                                     Agg TFLOPS    Avg/GPU  KV GB/s/GPU      Check  Note
dcp_mega_varlen          t0=0.054, t1=0.052, t2=0.054, t3=0.053, t4=0.054, t5=0.053, t6=0.054, t7=0.052 | p50(max_across_ranks)=0.055, p90(max_across_ranks)=0.058        626.8       78.4        613.4       skip  eager; output=bf16_ipc_a2a; runner_preallocated; timing=mega_kernel_only
Wrote benchmark JSON to /home/hychen/min_fa3_demo/benchmark_logs/experiment_suite/20260812-231044-dcp-cp-suite/01_dcp_wave/results/arrival_2/dcp_2/critical_wave_release_lpt/comm_sm_12/case_000069_dcp2_hkv4_eager.json

================================================================================
Mega comm_sm=12, case 71/100: case_000070_dcp2_hkv4: B=23, Sq=[16, 16, 16, 16, 16, 16, 16, 16, 16, 16, 16, 16, 16, 16, 16, 16, 16, 16, 16, 16, 16, 16, 128], Sk=[54496, 18978, 1410, 5462, 8581, 14424, 7919, 1710, 4951, 8874, 4750, 7002, 6021, 32628, 9878, 1411, 4771, 78037, 4929, 6115, 22758, 6141, 4608], DCP=2, Hkv=4
================================================================================
Config: world_size=8, methods=['dcp_mega_varlen'], QH=32, KVH=4, D=128, TP=8, DCP=2, workload=chunk, execution=eager, baseline_phase_timing=False, warmup=40, iters=60, check=False
Workload: B=23, q_tokens=480, history_tokens=315854, q_seqlens=[16, 16, 16, 16, 16, 16, 16, 16, 16, 16, 16, 16, 16, 16, 16, 16, 16, 16, 16, 16, 16, 16, 128], history_seqlens=[54496, 18978, 1410, 5462, 8581, 14424, 7919, 1710, 4951, 8874, 4750, 7002, 6021, 32628, 9878, 1411, 4771, 78037, 4929, 6115, 22758, 6141, 4608]
Agg TFLOPS uses useful attention work across all TP ranks and p50(max_across_ranks); Avg/GPU divides it by world_size.
KV GB/s/GPU is average logical BF16 K+V bytes read per TP rank divided by p50(max_across_ranks); it is not hardware-counter HBM traffic.

Running B=23, q_tokens=480, history_tokens=315854, causal=True

B=23, q_tokens=480, history_tokens=315854, QH=32, KVH=4, D=128, TP=8, DCP=2, mode=causal
Method                   Time ms                                                                                                                                     Agg TFLOPS    Avg/GPU  KV GB/s/GPU      Check  Note
dcp_mega_varlen          t0=0.096, t1=0.091, t2=0.094, t3=0.094, t4=0.094, t5=0.094, t6=0.094, t7=0.093 | p50(max_across_ranks)=0.097, p90(max_across_ranks)=0.100        944.9      118.1        838.1       skip  eager; output=bf16_ipc_a2a; runner_preallocated; timing=mega_kernel_only
Wrote benchmark JSON to /home/hychen/min_fa3_demo/benchmark_logs/experiment_suite/20260812-231044-dcp-cp-suite/01_dcp_wave/results/arrival_2/dcp_2/critical_wave_release_lpt/comm_sm_12/case_000070_dcp2_hkv4_eager.json

================================================================================
Mega comm_sm=12, case 72/100: case_000071_dcp2_hkv4: B=19, Sq=[16, 16, 16, 16, 16, 16, 16, 16, 16, 16, 16, 16, 16, 16, 16, 16, 16, 16, 16], Sk=[6738, 1319, 18651, 12745, 1920, 18881, 2917, 1183, 11217, 6878, 17894, 6100, 31895, 5301, 12009, 9627, 11243, 6618, 1145], DCP=2, Hkv=4
================================================================================
Config: world_size=8, methods=['dcp_mega_varlen'], QH=32, KVH=4, D=128, TP=8, DCP=2, workload=chunk, execution=eager, baseline_phase_timing=False, warmup=40, iters=60, check=False
Workload: B=19, q_tokens=304, history_tokens=184281, q_seqlens=[16, 16, 16, 16, 16, 16, 16, 16, 16, 16, 16, 16, 16, 16, 16, 16, 16, 16, 16], history_seqlens=[6738, 1319, 18651, 12745, 1920, 18881, 2917, 1183, 11217, 6878, 17894, 6100, 31895, 5301, 12009, 9627, 11243, 6618, 1145]
Agg TFLOPS uses useful attention work across all TP ranks and p50(max_across_ranks); Avg/GPU divides it by world_size.
KV GB/s/GPU is average logical BF16 K+V bytes read per TP rank divided by p50(max_across_ranks); it is not hardware-counter HBM traffic.

Running B=19, q_tokens=304, history_tokens=184281, causal=True

B=19, q_tokens=304, history_tokens=184281, QH=32, KVH=4, D=128, TP=8, DCP=2, mode=causal
Method                   Time ms                                                                                                                                     Agg TFLOPS    Avg/GPU  KV GB/s/GPU      Check  Note
dcp_mega_varlen          t0=0.096, t1=0.093, t2=0.095, t3=0.094, t4=0.094, t5=0.094, t6=0.095, t7=0.092 | p50(max_across_ranks)=0.096, p90(max_across_ranks)=0.098        502.4       62.8        491.8       skip  eager; output=bf16_ipc_a2a; runner_preallocated; timing=mega_kernel_only
Wrote benchmark JSON to /home/hychen/min_fa3_demo/benchmark_logs/experiment_suite/20260812-231044-dcp-cp-suite/01_dcp_wave/results/arrival_2/dcp_2/critical_wave_release_lpt/comm_sm_12/case_000071_dcp2_hkv4_eager.json

================================================================================
Mega comm_sm=12, case 73/100: case_000072_dcp2_hkv4: B=13, Sq=[16, 16, 16, 16, 16, 16, 16, 16, 16, 16, 16, 16, 16], Sk=[1656, 32238, 9964, 6973, 18925, 3230, 4842, 1076, 2413, 1906, 1033, 24767, 1294], DCP=2, Hkv=4
================================================================================
Config: world_size=8, methods=['dcp_mega_varlen'], QH=32, KVH=4, D=128, TP=8, DCP=2, workload=chunk, execution=eager, baseline_phase_timing=False, warmup=40, iters=60, check=False
Workload: B=13, q_tokens=208, history_tokens=110317, q_seqlens=[16, 16, 16, 16, 16, 16, 16, 16, 16, 16, 16, 16, 16], history_seqlens=[1656, 32238, 9964, 6973, 18925, 3230, 4842, 1076, 2413, 1906, 1033, 24767, 1294]
Agg TFLOPS uses useful attention work across all TP ranks and p50(max_across_ranks); Avg/GPU divides it by world_size.
KV GB/s/GPU is average logical BF16 K+V bytes read per TP rank divided by p50(max_across_ranks); it is not hardware-counter HBM traffic.

Running B=13, q_tokens=208, history_tokens=110317, causal=True

B=13, q_tokens=208, history_tokens=110317, QH=32, KVH=4, D=128, TP=8, DCP=2, mode=causal
Method                   Time ms                                                                                                                                     Agg TFLOPS    Avg/GPU  KV GB/s/GPU      Check  Note
dcp_mega_varlen          t0=0.058, t1=0.054, t2=0.056, t3=0.055, t4=0.056, t5=0.055, t6=0.056, t7=0.054 | p50(max_across_ranks)=0.058, p90(max_across_ranks)=0.060        499.8       62.5        489.4       skip  eager; output=bf16_ipc_a2a; runner_preallocated; timing=mega_kernel_only
Wrote benchmark JSON to /home/hychen/min_fa3_demo/benchmark_logs/experiment_suite/20260812-231044-dcp-cp-suite/01_dcp_wave/results/arrival_2/dcp_2/critical_wave_release_lpt/comm_sm_12/case_000072_dcp2_hkv4_eager.json

================================================================================
Mega comm_sm=12, case 74/100: case_000073_dcp2_hkv4: B=16, Sq=[16, 16, 16, 16, 16, 16, 16, 16, 16, 16, 16, 16, 16, 16, 16, 4096], Sk=[1754, 2400, 5136, 3133, 4511, 2365, 3603, 4505, 1776, 23286, 8927, 18009, 8645, 7675, 3326, 29184], DCP=2, Hkv=4
================================================================================
Config: world_size=8, methods=['dcp_mega_varlen'], QH=32, KVH=4, D=128, TP=8, DCP=2, workload=chunk, execution=eager, baseline_phase_timing=False, warmup=40, iters=60, check=False
Workload: B=16, q_tokens=4336, history_tokens=128235, q_seqlens=[16, 16, 16, 16, 16, 16, 16, 16, 16, 16, 16, 16, 16, 16, 16, 4096], history_seqlens=[1754, 2400, 5136, 3133, 4511, 2365, 3603, 4505, 1776, 23286, 8927, 18009, 8645, 7675, 3326, 29184]
Agg TFLOPS uses useful attention work across all TP ranks and p50(max_across_ranks); Avg/GPU divides it by world_size.
KV GB/s/GPU is average logical BF16 K+V bytes read per TP rank divided by p50(max_across_ranks); it is not hardware-counter HBM traffic.

Running B=16, q_tokens=4336, history_tokens=128235, causal=True

B=16, q_tokens=4336, history_tokens=128235, QH=32, KVH=4, D=128, TP=8, DCP=2, mode=causal
Method                   Time ms                                                                                                                                     Agg TFLOPS    Avg/GPU  KV GB/s/GPU      Check  Note
dcp_mega_varlen          t0=0.532, t1=0.529, t2=0.531, t3=0.529, t4=0.526, t5=0.527, t6=0.530, t7=0.520 | p50(max_across_ranks)=0.532, p90(max_across_ranks)=0.534       3985.3      498.2         65.8       skip  eager; output=bf16_ipc_a2a; runner_preallocated; timing=mega_kernel_only
Wrote benchmark JSON to /home/hychen/min_fa3_demo/benchmark_logs/experiment_suite/20260812-231044-dcp-cp-suite/01_dcp_wave/results/arrival_2/dcp_2/critical_wave_release_lpt/comm_sm_12/case_000073_dcp2_hkv4_eager.json

================================================================================
Mega comm_sm=12, case 75/100: case_000074_dcp2_hkv4: B=16, Sq=[16, 16, 16, 16, 16, 16, 16, 16, 16, 16, 16, 16, 16, 16, 16, 4096], Sk=[23650, 1827, 2457, 6991, 2079, 19294, 3809, 18426, 15328, 9619, 4166, 33139, 1290, 42721, 8187, 37376], DCP=2, Hkv=4
================================================================================
Config: world_size=8, methods=['dcp_mega_varlen'], QH=32, KVH=4, D=128, TP=8, DCP=2, workload=chunk, execution=eager, baseline_phase_timing=False, warmup=40, iters=60, check=False
Workload: B=16, q_tokens=4336, history_tokens=230359, q_seqlens=[16, 16, 16, 16, 16, 16, 16, 16, 16, 16, 16, 16, 16, 16, 16, 4096], history_seqlens=[23650, 1827, 2457, 6991, 2079, 19294, 3809, 18426, 15328, 9619, 4166, 33139, 1290, 42721, 8187, 37376]
Agg TFLOPS uses useful attention work across all TP ranks and p50(max_across_ranks); Avg/GPU divides it by world_size.
KV GB/s/GPU is average logical BF16 K+V bytes read per TP rank divided by p50(max_across_ranks); it is not hardware-counter HBM traffic.

Running B=16, q_tokens=4336, history_tokens=230359, causal=True

B=16, q_tokens=4336, history_tokens=230359, QH=32, KVH=4, D=128, TP=8, DCP=2, mode=causal
Method                   Time ms                                                                                                                                     Agg TFLOPS    Avg/GPU  KV GB/s/GPU      Check  Note
dcp_mega_varlen          t0=0.666, t1=0.660, t2=0.660, t3=0.663, t4=0.665, t5=0.660, t6=0.663, t7=0.657 | p50(max_across_ranks)=0.668, p90(max_across_ranks)=0.702       4036.3      504.5         91.6       skip  eager; output=bf16_ipc_a2a; runner_preallocated; timing=mega_kernel_only
Wrote benchmark JSON to /home/hychen/min_fa3_demo/benchmark_logs/experiment_suite/20260812-231044-dcp-cp-suite/01_dcp_wave/results/arrival_2/dcp_2/critical_wave_release_lpt/comm_sm_12/case_000074_dcp2_hkv4_eager.json

================================================================================
Mega comm_sm=12, case 76/100: case_000075_dcp2_hkv4: B=19, Sq=[16, 16, 16, 16, 16, 16, 16, 16, 16, 16, 16, 16, 16, 16, 16, 16, 16, 16, 672], Sk=[14791, 4808, 9741, 24282, 16013, 1227, 5674, 30087, 3169, 9297, 18368, 16640, 2784, 42861, 17056, 1754, 979, 5514, 1536], DCP=2, Hkv=4
================================================================================
Config: world_size=8, methods=['dcp_mega_varlen'], QH=32, KVH=4, D=128, TP=8, DCP=2, workload=chunk, execution=eager, baseline_phase_timing=False, warmup=40, iters=60, check=False
Workload: B=19, q_tokens=960, history_tokens=226581, q_seqlens=[16, 16, 16, 16, 16, 16, 16, 16, 16, 16, 16, 16, 16, 16, 16, 16, 16, 16, 672], history_seqlens=[14791, 4808, 9741, 24282, 16013, 1227, 5674, 30087, 3169, 9297, 18368, 16640, 2784, 42861, 17056, 1754, 979, 5514, 1536]
Agg TFLOPS uses useful attention work across all TP ranks and p50(max_across_ranks); Avg/GPU divides it by world_size.
KV GB/s/GPU is average logical BF16 K+V bytes read per TP rank divided by p50(max_across_ranks); it is not hardware-counter HBM traffic.

Running B=19, q_tokens=960, history_tokens=226581, causal=True

B=19, q_tokens=960, history_tokens=226581, QH=32, KVH=4, D=128, TP=8, DCP=2, mode=causal
Method                   Time ms                                                                                                                                     Agg TFLOPS    Avg/GPU  KV GB/s/GPU      Check  Note
dcp_mega_varlen          t0=0.113, t1=0.110, t2=0.113, t3=0.111, t4=0.113, t5=0.112, t6=0.113, t7=0.109 | p50(max_across_ranks)=0.114, p90(max_across_ranks)=0.116        699.5       87.4        513.7       skip  eager; output=bf16_ipc_a2a; runner_preallocated; timing=mega_kernel_only
Wrote benchmark JSON to /home/hychen/min_fa3_demo/benchmark_logs/experiment_suite/20260812-231044-dcp-cp-suite/01_dcp_wave/results/arrival_2/dcp_2/critical_wave_release_lpt/comm_sm_12/case_000075_dcp2_hkv4_eager.json

================================================================================
Mega comm_sm=12, case 77/100: case_000076_dcp2_hkv4: B=22, Sq=[16, 16, 16, 16, 16, 16, 16, 16, 16, 16, 16, 16, 16, 16, 16, 16, 16, 16, 16, 16, 16, 4032], Sk=[62170, 17553, 3683, 14787, 11813, 68229, 3858, 1657, 10888, 1164, 5344, 1186, 1203, 2329, 22158, 15255, 4513, 1286, 8350, 15441, 970, 8704], DCP=2, Hkv=4
================================================================================
Config: world_size=8, methods=['dcp_mega_varlen'], QH=32, KVH=4, D=128, TP=8, DCP=2, workload=chunk, execution=eager, baseline_phase_timing=False, warmup=40, iters=60, check=False
Workload: B=22, q_tokens=4368, history_tokens=282541, q_seqlens=[16, 16, 16, 16, 16, 16, 16, 16, 16, 16, 16, 16, 16, 16, 16, 16, 16, 16, 16, 16, 16, 4032], history_seqlens=[62170, 17553, 3683, 14787, 11813, 68229, 3858, 1657, 10888, 1164, 5344, 1186, 1203, 2329, 22158, 15255, 4513, 1286, 8350, 15441, 970, 8704]
Agg TFLOPS uses useful attention work across all TP ranks and p50(max_across_ranks); Avg/GPU divides it by world_size.
KV GB/s/GPU is average logical BF16 K+V bytes read per TP rank divided by p50(max_across_ranks); it is not hardware-counter HBM traffic.

Running B=22, q_tokens=4368, history_tokens=282541, causal=True

B=22, q_tokens=4368, history_tokens=282541, QH=32, KVH=4, D=128, TP=8, DCP=2, mode=causal
Method                   Time ms                                                                                                                                     Agg TFLOPS    Avg/GPU  KV GB/s/GPU      Check  Note
dcp_mega_varlen          t0=0.242, t1=0.240, t2=0.241, t3=0.240, t4=0.242, t5=0.240, t6=0.241, t7=0.241 | p50(max_across_ranks)=0.243, p90(max_across_ranks)=0.245       3208.6      401.1        306.7       skip  eager; output=bf16_ipc_a2a; runner_preallocated; timing=mega_kernel_only
Wrote benchmark JSON to /home/hychen/min_fa3_demo/benchmark_logs/experiment_suite/20260812-231044-dcp-cp-suite/01_dcp_wave/results/arrival_2/dcp_2/critical_wave_release_lpt/comm_sm_12/case_000076_dcp2_hkv4_eager.json

================================================================================
Mega comm_sm=12, case 78/100: case_000077_dcp2_hkv4: B=15, Sq=[16, 16, 16, 16, 16, 16, 16, 16, 16, 16, 16, 16, 16, 16, 16], Sk=[109581, 3966, 7594, 1999, 4548, 1482, 2543, 19913, 20781, 2511, 1101, 5854, 1041, 2087, 14273], DCP=2, Hkv=4
================================================================================
Config: world_size=8, methods=['dcp_mega_varlen'], QH=32, KVH=4, D=128, TP=8, DCP=2, workload=chunk, execution=eager, baseline_phase_timing=False, warmup=40, iters=60, check=False
Workload: B=15, q_tokens=240, history_tokens=199274, q_seqlens=[16, 16, 16, 16, 16, 16, 16, 16, 16, 16, 16, 16, 16, 16, 16], history_seqlens=[109581, 3966, 7594, 1999, 4548, 1482, 2543, 19913, 20781, 2511, 1101, 5854, 1041, 2087, 14273]
Agg TFLOPS uses useful attention work across all TP ranks and p50(max_across_ranks); Avg/GPU divides it by world_size.
KV GB/s/GPU is average logical BF16 K+V bytes read per TP rank divided by p50(max_across_ranks); it is not hardware-counter HBM traffic.

Running B=15, q_tokens=240, history_tokens=199274, causal=True

B=15, q_tokens=240, history_tokens=199274, QH=32, KVH=4, D=128, TP=8, DCP=2, mode=causal
Method                   Time ms                                                                                                                                     Agg TFLOPS    Avg/GPU  KV GB/s/GPU      Check  Note
dcp_mega_varlen          t0=0.108, t1=0.106, t2=0.108, t3=0.107, t4=0.108, t5=0.107, t6=0.109, t7=0.105 | p50(max_across_ranks)=0.109, p90(max_across_ranks)=0.113        479.4       59.9        469.0       skip  eager; output=bf16_ipc_a2a; runner_preallocated; timing=mega_kernel_only
Wrote benchmark JSON to /home/hychen/min_fa3_demo/benchmark_logs/experiment_suite/20260812-231044-dcp-cp-suite/01_dcp_wave/results/arrival_2/dcp_2/critical_wave_release_lpt/comm_sm_12/case_000077_dcp2_hkv4_eager.json

================================================================================
Mega comm_sm=12, case 79/100: case_000078_dcp2_hkv4: B=21, Sq=[16, 16, 16, 16, 16, 16, 16, 16, 16, 16, 16, 16, 16, 16, 16, 16, 16, 16, 16, 16, 4096], Sk=[3007, 2175, 4505, 3098, 1290, 9030, 1924, 19654, 7779, 2477, 12867, 1060, 18624, 4004, 1012, 10201, 11674, 18939, 35885, 52400, 20992], DCP=2, Hkv=4
================================================================================
Config: world_size=8, methods=['dcp_mega_varlen'], QH=32, KVH=4, D=128, TP=8, DCP=2, workload=chunk, execution=eager, baseline_phase_timing=False, warmup=40, iters=60, check=False
Workload: B=21, q_tokens=4416, history_tokens=242597, q_seqlens=[16, 16, 16, 16, 16, 16, 16, 16, 16, 16, 16, 16, 16, 16, 16, 16, 16, 16, 16, 16, 4096], history_seqlens=[3007, 2175, 4505, 3098, 1290, 9030, 1924, 19654, 7779, 2477, 12867, 1060, 18624, 4004, 1012, 10201, 11674, 18939, 35885, 52400, 20992]
Agg TFLOPS uses useful attention work across all TP ranks and p50(max_across_ranks); Avg/GPU divides it by world_size.
KV GB/s/GPU is average logical BF16 K+V bytes read per TP rank divided by p50(max_across_ranks); it is not hardware-counter HBM traffic.

Running B=21, q_tokens=4416, history_tokens=242597, causal=True

B=21, q_tokens=4416, history_tokens=242597, QH=32, KVH=4, D=128, TP=8, DCP=2, mode=causal
Method                   Time ms                                                                                                                                     Agg TFLOPS    Avg/GPU  KV GB/s/GPU      Check  Note
dcp_mega_varlen          t0=0.409, t1=0.406, t2=0.405, t3=0.406, t4=0.408, t5=0.408, t6=0.406, t7=0.400 | p50(max_across_ranks)=0.410, p90(max_across_ranks)=0.415       3914.9      489.4        157.1       skip  eager; output=bf16_ipc_a2a; runner_preallocated; timing=mega_kernel_only
Wrote benchmark JSON to /home/hychen/min_fa3_demo/benchmark_logs/experiment_suite/20260812-231044-dcp-cp-suite/01_dcp_wave/results/arrival_2/dcp_2/critical_wave_release_lpt/comm_sm_12/case_000078_dcp2_hkv4_eager.json

================================================================================
Mega comm_sm=12, case 80/100: case_000079_dcp2_hkv4: B=25, Sq=[16, 16, 16, 16, 16, 16, 16, 16, 16, 16, 16, 16, 16, 16, 16, 16, 16, 16, 16, 16, 16, 16, 16, 16, 16], Sk=[2452, 9370, 53409, 4459, 1523, 1499, 13026, 25563, 22559, 7294, 4633, 27596, 2923, 7373, 10329, 5432, 1103, 7076, 13702, 2352, 2866, 1068, 7733, 61826, 15488], DCP=2, Hkv=4
================================================================================
Config: world_size=8, methods=['dcp_mega_varlen'], QH=32, KVH=4, D=128, TP=8, DCP=2, workload=chunk, execution=eager, baseline_phase_timing=False, warmup=40, iters=60, check=False
Workload: B=25, q_tokens=400, history_tokens=312654, q_seqlens=[16, 16, 16, 16, 16, 16, 16, 16, 16, 16, 16, 16, 16, 16, 16, 16, 16, 16, 16, 16, 16, 16, 16, 16, 16], history_seqlens=[2452, 9370, 53409, 4459, 1523, 1499, 13026, 25563, 22559, 7294, 4633, 27596, 2923, 7373, 10329, 5432, 1103, 7076, 13702, 2352, 2866, 1068, 7733, 61826, 15488]
Agg TFLOPS uses useful attention work across all TP ranks and p50(max_across_ranks); Avg/GPU divides it by world_size.
KV GB/s/GPU is average logical BF16 K+V bytes read per TP rank divided by p50(max_across_ranks); it is not hardware-counter HBM traffic.

Running B=25, q_tokens=400, history_tokens=312654, causal=True

B=25, q_tokens=400, history_tokens=312654, QH=32, KVH=4, D=128, TP=8, DCP=2, mode=causal
Method                   Time ms                                                                                                                                     Agg TFLOPS    Avg/GPU  KV GB/s/GPU      Check  Note
dcp_mega_varlen          t0=0.090, t1=0.086, t2=0.088, t3=0.088, t4=0.088, t5=0.088, t6=0.089, t7=0.087 | p50(max_across_ranks)=0.091, p90(max_across_ranks)=0.100        902.6      112.8        883.1       skip  eager; output=bf16_ipc_a2a; runner_preallocated; timing=mega_kernel_only
Wrote benchmark JSON to /home/hychen/min_fa3_demo/benchmark_logs/experiment_suite/20260812-231044-dcp-cp-suite/01_dcp_wave/results/arrival_2/dcp_2/critical_wave_release_lpt/comm_sm_12/case_000079_dcp2_hkv4_eager.json

================================================================================
Mega comm_sm=12, case 81/100: case_000080_dcp2_hkv4: B=17, Sq=[16, 16, 16, 16, 16, 16, 16, 16, 16, 16, 16, 16, 16, 16, 16, 16, 16], Sk=[16558, 7109, 15826, 7244, 5342, 11002, 1087, 1209, 18977, 15676, 14395, 2177, 5571, 4287, 56495, 1533, 4131], DCP=2, Hkv=4
================================================================================
Config: world_size=8, methods=['dcp_mega_varlen'], QH=32, KVH=4, D=128, TP=8, DCP=2, workload=chunk, execution=eager, baseline_phase_timing=False, warmup=40, iters=60, check=False
Workload: B=17, q_tokens=272, history_tokens=188619, q_seqlens=[16, 16, 16, 16, 16, 16, 16, 16, 16, 16, 16, 16, 16, 16, 16, 16, 16], history_seqlens=[16558, 7109, 15826, 7244, 5342, 11002, 1087, 1209, 18977, 15676, 14395, 2177, 5571, 4287, 56495, 1533, 4131]
Agg TFLOPS uses useful attention work across all TP ranks and p50(max_across_ranks); Avg/GPU divides it by world_size.
KV GB/s/GPU is average logical BF16 K+V bytes read per TP rank divided by p50(max_across_ranks); it is not hardware-counter HBM traffic.

Running B=17, q_tokens=272, history_tokens=188619, causal=True

B=17, q_tokens=272, history_tokens=188619, QH=32, KVH=4, D=128, TP=8, DCP=2, mode=causal
Method                   Time ms                                                                                                                                     Agg TFLOPS    Avg/GPU  KV GB/s/GPU      Check  Note
dcp_mega_varlen          t0=0.078, t1=0.075, t2=0.078, t3=0.075, t4=0.075, t5=0.077, t6=0.076, t7=0.075 | p50(max_across_ranks)=0.079, p90(max_across_ranks)=0.092        625.4       78.2        612.1       skip  eager; output=bf16_ipc_a2a; runner_preallocated; timing=mega_kernel_only
Wrote benchmark JSON to /home/hychen/min_fa3_demo/benchmark_logs/experiment_suite/20260812-231044-dcp-cp-suite/01_dcp_wave/results/arrival_2/dcp_2/critical_wave_release_lpt/comm_sm_12/case_000080_dcp2_hkv4_eager.json

================================================================================
Mega comm_sm=12, case 82/100: case_000081_dcp2_hkv4: B=14, Sq=[16, 16, 16, 16, 16, 16, 16, 16, 16, 16, 16, 16, 16, 4096], Sk=[51646, 6109, 1962, 4983, 27175, 3872, 8073, 19526, 1026, 1036, 1014, 3252, 42080, 78336], DCP=2, Hkv=4
================================================================================
Config: world_size=8, methods=['dcp_mega_varlen'], QH=32, KVH=4, D=128, TP=8, DCP=2, workload=chunk, execution=eager, baseline_phase_timing=False, warmup=40, iters=60, check=False
Workload: B=14, q_tokens=4304, history_tokens=250090, q_seqlens=[16, 16, 16, 16, 16, 16, 16, 16, 16, 16, 16, 16, 16, 4096], history_seqlens=[51646, 6109, 1962, 4983, 27175, 3872, 8073, 19526, 1026, 1036, 1014, 3252, 42080, 78336]
Agg TFLOPS uses useful attention work across all TP ranks and p50(max_across_ranks); Avg/GPU divides it by world_size.
KV GB/s/GPU is average logical BF16 K+V bytes read per TP rank divided by p50(max_across_ranks); it is not hardware-counter HBM traffic.

Running B=14, q_tokens=4304, history_tokens=250090, causal=True

B=14, q_tokens=4304, history_tokens=250090, QH=32, KVH=4, D=128, TP=8, DCP=2, mode=causal
Method                   Time ms                                                                                                                                     Agg TFLOPS    Avg/GPU  KV GB/s/GPU      Check  Note
dcp_mega_varlen          t0=1.303, t1=1.308, t2=1.317, t3=1.310, t4=1.313, t5=1.302, t6=1.304, t7=1.300 | p50(max_across_ranks)=1.322, p90(max_across_ranks)=1.334       4113.4      514.2         50.1       skip  eager; output=bf16_ipc_a2a; runner_preallocated; timing=mega_kernel_only
Wrote benchmark JSON to /home/hychen/min_fa3_demo/benchmark_logs/experiment_suite/20260812-231044-dcp-cp-suite/01_dcp_wave/results/arrival_2/dcp_2/critical_wave_release_lpt/comm_sm_12/case_000081_dcp2_hkv4_eager.json

================================================================================
Mega comm_sm=12, case 83/100: case_000082_dcp2_hkv4: B=21, Sq=[16, 16, 16, 16, 16, 16, 16, 16, 16, 16, 16, 16, 16, 16, 16, 16, 16, 16, 16, 16, 16], Sk=[40570, 23141, 10050, 1300, 4137, 1266, 1262, 13730, 13268, 9661, 7081, 19964, 12002, 8850, 4455, 8096, 11154, 9508, 2408, 9251, 1394], DCP=2, Hkv=4
================================================================================
Config: world_size=8, methods=['dcp_mega_varlen'], QH=32, KVH=4, D=128, TP=8, DCP=2, workload=chunk, execution=eager, baseline_phase_timing=False, warmup=40, iters=60, check=False
Workload: B=21, q_tokens=336, history_tokens=212548, q_seqlens=[16, 16, 16, 16, 16, 16, 16, 16, 16, 16, 16, 16, 16, 16, 16, 16, 16, 16, 16, 16, 16], history_seqlens=[40570, 23141, 10050, 1300, 4137, 1266, 1262, 13730, 13268, 9661, 7081, 19964, 12002, 8850, 4455, 8096, 11154, 9508, 2408, 9251, 1394]
Agg TFLOPS uses useful attention work across all TP ranks and p50(max_across_ranks); Avg/GPU divides it by world_size.
KV GB/s/GPU is average logical BF16 K+V bytes read per TP rank divided by p50(max_across_ranks); it is not hardware-counter HBM traffic.

Running B=21, q_tokens=336, history_tokens=212548, causal=True

B=21, q_tokens=336, history_tokens=212548, QH=32, KVH=4, D=128, TP=8, DCP=2, mode=causal
Method                   Time ms                                                                                                                                     Agg TFLOPS    Avg/GPU  KV GB/s/GPU      Check  Note
dcp_mega_varlen          t0=0.098, t1=0.094, t2=0.097, t3=0.095, t4=0.096, t5=0.095, t6=0.097, t7=0.093 | p50(max_across_ranks)=0.099, p90(max_across_ranks)=0.104        566.1       70.8        554.1       skip  eager; output=bf16_ipc_a2a; runner_preallocated; timing=mega_kernel_only
Wrote benchmark JSON to /home/hychen/min_fa3_demo/benchmark_logs/experiment_suite/20260812-231044-dcp-cp-suite/01_dcp_wave/results/arrival_2/dcp_2/critical_wave_release_lpt/comm_sm_12/case_000082_dcp2_hkv4_eager.json

================================================================================
Mega comm_sm=12, case 84/100: case_000083_dcp2_hkv4: B=16, Sq=[16, 16, 16, 16, 16, 16, 16, 16, 16, 16, 16, 16, 16, 16, 16, 16], Sk=[2109, 4973, 3723, 1221, 9612, 7255, 6595, 12493, 23346, 41867, 30007, 1032, 14909, 1038, 12769, 1588], DCP=2, Hkv=4
================================================================================
Config: world_size=8, methods=['dcp_mega_varlen'], QH=32, KVH=4, D=128, TP=8, DCP=2, workload=chunk, execution=eager, baseline_phase_timing=False, warmup=40, iters=60, check=False
Workload: B=16, q_tokens=256, history_tokens=174537, q_seqlens=[16, 16, 16, 16, 16, 16, 16, 16, 16, 16, 16, 16, 16, 16, 16, 16], history_seqlens=[2109, 4973, 3723, 1221, 9612, 7255, 6595, 12493, 23346, 41867, 30007, 1032, 14909, 1038, 12769, 1588]
Agg TFLOPS uses useful attention work across all TP ranks and p50(max_across_ranks); Avg/GPU divides it by world_size.
KV GB/s/GPU is average logical BF16 K+V bytes read per TP rank divided by p50(max_across_ranks); it is not hardware-counter HBM traffic.

Running B=16, q_tokens=256, history_tokens=174537, causal=True

B=16, q_tokens=256, history_tokens=174537, QH=32, KVH=4, D=128, TP=8, DCP=2, mode=causal
Method                   Time ms                                                                                                                                     Agg TFLOPS    Avg/GPU  KV GB/s/GPU      Check  Note
dcp_mega_varlen          t0=0.080, t1=0.074, t2=0.078, t3=0.076, t4=0.078, t5=0.076, t6=0.079, t7=0.075 | p50(max_across_ranks)=0.080, p90(max_across_ranks)=0.081        572.8       71.6        560.6       skip  eager; output=bf16_ipc_a2a; runner_preallocated; timing=mega_kernel_only
Wrote benchmark JSON to /home/hychen/min_fa3_demo/benchmark_logs/experiment_suite/20260812-231044-dcp-cp-suite/01_dcp_wave/results/arrival_2/dcp_2/critical_wave_release_lpt/comm_sm_12/case_000083_dcp2_hkv4_eager.json

================================================================================
Mega comm_sm=12, case 85/100: case_000084_dcp2_hkv4: B=19, Sq=[16, 16, 16, 16, 16, 16, 16, 16, 16, 16, 16, 16, 16, 16, 16, 16, 16, 16, 4096], Sk=[14081, 11149, 4757, 7723, 1884, 3356, 2659, 4234, 6030, 7572, 1104, 18542, 2641, 10593, 7199, 79063, 4771, 1295, 12800], DCP=2, Hkv=4
================================================================================
Config: world_size=8, methods=['dcp_mega_varlen'], QH=32, KVH=4, D=128, TP=8, DCP=2, workload=chunk, execution=eager, baseline_phase_timing=False, warmup=40, iters=60, check=False
Workload: B=19, q_tokens=4384, history_tokens=201453, q_seqlens=[16, 16, 16, 16, 16, 16, 16, 16, 16, 16, 16, 16, 16, 16, 16, 16, 16, 16, 4096], history_seqlens=[14081, 11149, 4757, 7723, 1884, 3356, 2659, 4234, 6030, 7572, 1104, 18542, 2641, 10593, 7199, 79063, 4771, 1295, 12800]
Agg TFLOPS uses useful attention work across all TP ranks and p50(max_across_ranks); Avg/GPU divides it by world_size.
KV GB/s/GPU is average logical BF16 K+V bytes read per TP rank divided by p50(max_across_ranks); it is not hardware-counter HBM traffic.

Running B=19, q_tokens=4384, history_tokens=201453, causal=True

B=19, q_tokens=4384, history_tokens=201453, QH=32, KVH=4, D=128, TP=8, DCP=2, mode=causal
Method                   Time ms                                                                                                                                     Agg TFLOPS    Avg/GPU  KV GB/s/GPU      Check  Note
dcp_mega_varlen          t0=0.297, t1=0.289, t2=0.295, t3=0.294, t4=0.294, t5=0.295, t6=0.295, t7=0.290 | p50(max_across_ranks)=0.298, p90(max_across_ranks)=0.300       3512.6      439.1        180.7       skip  eager; output=bf16_ipc_a2a; runner_preallocated; timing=mega_kernel_only
Wrote benchmark JSON to /home/hychen/min_fa3_demo/benchmark_logs/experiment_suite/20260812-231044-dcp-cp-suite/01_dcp_wave/results/arrival_2/dcp_2/critical_wave_release_lpt/comm_sm_12/case_000084_dcp2_hkv4_eager.json

================================================================================
Mega comm_sm=12, case 86/100: case_000085_dcp2_hkv4: B=13, Sq=[16, 16, 16, 16, 16, 16, 16, 16, 16, 16, 16, 16, 16], Sk=[6460, 30366, 9283, 74957, 3784, 4162, 17612, 7651, 10151, 17282, 13903, 26647, 4335], DCP=2, Hkv=4
================================================================================
Config: world_size=8, methods=['dcp_mega_varlen'], QH=32, KVH=4, D=128, TP=8, DCP=2, workload=chunk, execution=eager, baseline_phase_timing=False, warmup=40, iters=60, check=False
Workload: B=13, q_tokens=208, history_tokens=226593, q_seqlens=[16, 16, 16, 16, 16, 16, 16, 16, 16, 16, 16, 16, 16], history_seqlens=[6460, 30366, 9283, 74957, 3784, 4162, 17612, 7651, 10151, 17282, 13903, 26647, 4335]
Agg TFLOPS uses useful attention work across all TP ranks and p50(max_across_ranks); Avg/GPU divides it by world_size.
KV GB/s/GPU is average logical BF16 K+V bytes read per TP rank divided by p50(max_across_ranks); it is not hardware-counter HBM traffic.

Running B=13, q_tokens=208, history_tokens=226593, causal=True

B=13, q_tokens=208, history_tokens=226593, QH=32, KVH=4, D=128, TP=8, DCP=2, mode=causal
Method                   Time ms                                                                                                                                     Agg TFLOPS    Avg/GPU  KV GB/s/GPU      Check  Note
dcp_mega_varlen          t0=0.077, t1=0.072, t2=0.074, t3=0.072, t4=0.075, t5=0.071, t6=0.076, t7=0.074 | p50(max_across_ranks)=0.077, p90(max_across_ranks)=0.079        771.1       96.4        754.0       skip  eager; output=bf16_ipc_a2a; runner_preallocated; timing=mega_kernel_only
Wrote benchmark JSON to /home/hychen/min_fa3_demo/benchmark_logs/experiment_suite/20260812-231044-dcp-cp-suite/01_dcp_wave/results/arrival_2/dcp_2/critical_wave_release_lpt/comm_sm_12/case_000085_dcp2_hkv4_eager.json

================================================================================
Mega comm_sm=12, case 87/100: case_000086_dcp2_hkv4: B=15, Sq=[16, 16, 16, 16, 16, 16, 16, 16, 16, 16, 16, 16, 16, 16, 4096], Sk=[75403, 14339, 2863, 25206, 95732, 6934, 7199, 20569, 7323, 4701, 13220, 5941, 1642, 16276, 12800], DCP=2, Hkv=4
================================================================================
Config: world_size=8, methods=['dcp_mega_varlen'], QH=32, KVH=4, D=128, TP=8, DCP=2, workload=chunk, execution=eager, baseline_phase_timing=False, warmup=40, iters=60, check=False
Workload: B=15, q_tokens=4320, history_tokens=310148, q_seqlens=[16, 16, 16, 16, 16, 16, 16, 16, 16, 16, 16, 16, 16, 16, 4096], history_seqlens=[75403, 14339, 2863, 25206, 95732, 6934, 7199, 20569, 7323, 4701, 13220, 5941, 1642, 16276, 12800]
Agg TFLOPS uses useful attention work across all TP ranks and p50(max_across_ranks); Avg/GPU divides it by world_size.
KV GB/s/GPU is average logical BF16 K+V bytes read per TP rank divided by p50(max_across_ranks); it is not hardware-counter HBM traffic.

Running B=15, q_tokens=4320, history_tokens=310148, causal=True

B=15, q_tokens=4320, history_tokens=310148, QH=32, KVH=4, D=128, TP=8, DCP=2, mode=causal
Method                   Time ms                                                                                                                                     Agg TFLOPS    Avg/GPU  KV GB/s/GPU      Check  Note
dcp_mega_varlen          t0=0.320, t1=0.312, t2=0.316, t3=0.310, t4=0.313, t5=0.312, t6=0.317, t7=0.313 | p50(max_across_ranks)=0.320, p90(max_across_ranks)=0.322       3358.8      419.9        255.1       skip  eager; output=bf16_ipc_a2a; runner_preallocated; timing=mega_kernel_only
Wrote benchmark JSON to /home/hychen/min_fa3_demo/benchmark_logs/experiment_suite/20260812-231044-dcp-cp-suite/01_dcp_wave/results/arrival_2/dcp_2/critical_wave_release_lpt/comm_sm_12/case_000086_dcp2_hkv4_eager.json

================================================================================
Mega comm_sm=12, case 88/100: case_000087_dcp2_hkv4: B=21, Sq=[16, 16, 16, 16, 16, 16, 16, 16, 16, 16, 16, 16, 16, 16, 16, 16, 16, 16, 16, 16, 16], Sk=[2788, 5404, 7944, 1980, 5639, 5374, 13430, 12282, 15203, 36831, 8844, 27022, 2392, 16653, 19292, 13111, 34390, 5382, 28132, 4061, 913], DCP=2, Hkv=4
================================================================================
Config: world_size=8, methods=['dcp_mega_varlen'], QH=32, KVH=4, D=128, TP=8, DCP=2, workload=chunk, execution=eager, baseline_phase_timing=False, warmup=40, iters=60, check=False
Workload: B=21, q_tokens=336, history_tokens=267067, q_seqlens=[16, 16, 16, 16, 16, 16, 16, 16, 16, 16, 16, 16, 16, 16, 16, 16, 16, 16, 16, 16, 16], history_seqlens=[2788, 5404, 7944, 1980, 5639, 5374, 13430, 12282, 15203, 36831, 8844, 27022, 2392, 16653, 19292, 13111, 34390, 5382, 28132, 4061, 913]
Agg TFLOPS uses useful attention work across all TP ranks and p50(max_across_ranks); Avg/GPU divides it by world_size.
KV GB/s/GPU is average logical BF16 K+V bytes read per TP rank divided by p50(max_across_ranks); it is not hardware-counter HBM traffic.

Running B=21, q_tokens=336, history_tokens=267067, causal=True

B=21, q_tokens=336, history_tokens=267067, QH=32, KVH=4, D=128, TP=8, DCP=2, mode=causal
Method                   Time ms                                                                                                                                     Agg TFLOPS    Avg/GPU  KV GB/s/GPU      Check  Note
dcp_mega_varlen          t0=0.084, t1=0.080, t2=0.083, t3=0.082, t4=0.082, t5=0.081, t6=0.081, t7=0.081 | p50(max_across_ranks)=0.085, p90(max_across_ranks)=0.087        828.3      103.5        810.4       skip  eager; output=bf16_ipc_a2a; runner_preallocated; timing=mega_kernel_only
Wrote benchmark JSON to /home/hychen/min_fa3_demo/benchmark_logs/experiment_suite/20260812-231044-dcp-cp-suite/01_dcp_wave/results/arrival_2/dcp_2/critical_wave_release_lpt/comm_sm_12/case_000087_dcp2_hkv4_eager.json

================================================================================
Mega comm_sm=12, case 89/100: case_000088_dcp2_hkv4: B=12, Sq=[16, 16, 16, 16, 16, 16, 16, 16, 16, 16, 16, 16], Sk=[2991, 8166, 5595, 2584, 19494, 34599, 5584, 28327, 1089, 37505, 991, 955], DCP=2, Hkv=4
================================================================================
Config: world_size=8, methods=['dcp_mega_varlen'], QH=32, KVH=4, D=128, TP=8, DCP=2, workload=chunk, execution=eager, baseline_phase_timing=False, warmup=40, iters=60, check=False
Workload: B=12, q_tokens=192, history_tokens=147880, q_seqlens=[16, 16, 16, 16, 16, 16, 16, 16, 16, 16, 16, 16], history_seqlens=[2991, 8166, 5595, 2584, 19494, 34599, 5584, 28327, 1089, 37505, 991, 955]
Agg TFLOPS uses useful attention work across all TP ranks and p50(max_across_ranks); Avg/GPU divides it by world_size.
KV GB/s/GPU is average logical BF16 K+V bytes read per TP rank divided by p50(max_across_ranks); it is not hardware-counter HBM traffic.

Running B=12, q_tokens=192, history_tokens=147880, causal=True

B=12, q_tokens=192, history_tokens=147880, QH=32, KVH=4, D=128, TP=8, DCP=2, mode=causal
Method                   Time ms                                                                                                                                     Agg TFLOPS    Avg/GPU  KV GB/s/GPU      Check  Note
dcp_mega_varlen          t0=0.089, t1=0.084, t2=0.088, t3=0.085, t4=0.086, t5=0.085, t6=0.086, t7=0.084 | p50(max_across_ranks)=0.089, p90(max_across_ranks)=0.093        434.5       54.3        425.1       skip  eager; output=bf16_ipc_a2a; runner_preallocated; timing=mega_kernel_only
Wrote benchmark JSON to /home/hychen/min_fa3_demo/benchmark_logs/experiment_suite/20260812-231044-dcp-cp-suite/01_dcp_wave/results/arrival_2/dcp_2/critical_wave_release_lpt/comm_sm_12/case_000088_dcp2_hkv4_eager.json

================================================================================
Mega comm_sm=12, case 90/100: case_000089_dcp2_hkv4: B=12, Sq=[16, 16, 16, 16, 16, 16, 16, 16, 16, 16, 16, 4096], Sk=[8234, 2662, 34667, 28395, 1166, 37581, 1067, 1030, 6295, 4083, 922, 25088], DCP=2, Hkv=4
================================================================================
Config: world_size=8, methods=['dcp_mega_varlen'], QH=32, KVH=4, D=128, TP=8, DCP=2, workload=chunk, execution=eager, baseline_phase_timing=False, warmup=40, iters=60, check=False
Workload: B=12, q_tokens=4272, history_tokens=151190, q_seqlens=[16, 16, 16, 16, 16, 16, 16, 16, 16, 16, 16, 4096], history_seqlens=[8234, 2662, 34667, 28395, 1166, 37581, 1067, 1030, 6295, 4083, 922, 25088]
Agg TFLOPS uses useful attention work across all TP ranks and p50(max_across_ranks); Avg/GPU divides it by world_size.
KV GB/s/GPU is average logical BF16 K+V bytes read per TP rank divided by p50(max_across_ranks); it is not hardware-counter HBM traffic.

Running B=12, q_tokens=4272, history_tokens=151190, causal=True

B=12, q_tokens=4272, history_tokens=151190, QH=32, KVH=4, D=128, TP=8, DCP=2, mode=causal
Method                   Time ms                                                                                                                                     Agg TFLOPS    Avg/GPU  KV GB/s/GPU      Check  Note
dcp_mega_varlen          t0=0.476, t1=0.466, t2=0.474, t3=0.471, t4=0.473, t5=0.470, t6=0.469, t7=0.466 | p50(max_across_ranks)=0.477, p90(max_across_ranks)=0.481       3891.2      486.4         85.8       skip  eager; output=bf16_ipc_a2a; runner_preallocated; timing=mega_kernel_only
Wrote benchmark JSON to /home/hychen/min_fa3_demo/benchmark_logs/experiment_suite/20260812-231044-dcp-cp-suite/01_dcp_wave/results/arrival_2/dcp_2/critical_wave_release_lpt/comm_sm_12/case_000089_dcp2_hkv4_eager.json

================================================================================
Mega comm_sm=12, case 91/100: case_000090_dcp2_hkv4: B=15, Sq=[16, 16, 16, 16, 16, 16, 16, 16, 16, 16, 16, 16, 16, 16, 16], Sk=[36687, 46930, 4892, 3287, 34229, 18611, 15832, 1054, 1301, 4098, 1548, 2749, 4343, 4522, 3839], DCP=2, Hkv=4
================================================================================
Config: world_size=8, methods=['dcp_mega_varlen'], QH=32, KVH=4, D=128, TP=8, DCP=2, workload=chunk, execution=eager, baseline_phase_timing=False, warmup=40, iters=60, check=False
Workload: B=15, q_tokens=240, history_tokens=183922, q_seqlens=[16, 16, 16, 16, 16, 16, 16, 16, 16, 16, 16, 16, 16, 16, 16], history_seqlens=[36687, 46930, 4892, 3287, 34229, 18611, 15832, 1054, 1301, 4098, 1548, 2749, 4343, 4522, 3839]
Agg TFLOPS uses useful attention work across all TP ranks and p50(max_across_ranks); Avg/GPU divides it by world_size.
KV GB/s/GPU is average logical BF16 K+V bytes read per TP rank divided by p50(max_across_ranks); it is not hardware-counter HBM traffic.

Running B=15, q_tokens=240, history_tokens=183922, causal=True

B=15, q_tokens=240, history_tokens=183922, QH=32, KVH=4, D=128, TP=8, DCP=2, mode=causal
Method                   Time ms                                                                                                                                     Agg TFLOPS    Avg/GPU  KV GB/s/GPU      Check  Note
dcp_mega_varlen          t0=0.072, t1=0.068, t2=0.071, t3=0.070, t4=0.070, t5=0.070, t6=0.071, t7=0.068 | p50(max_across_ranks)=0.073, p90(max_across_ranks)=0.075        661.1       82.6        646.9       skip  eager; output=bf16_ipc_a2a; runner_preallocated; timing=mega_kernel_only
Wrote benchmark JSON to /home/hychen/min_fa3_demo/benchmark_logs/experiment_suite/20260812-231044-dcp-cp-suite/01_dcp_wave/results/arrival_2/dcp_2/critical_wave_release_lpt/comm_sm_12/case_000090_dcp2_hkv4_eager.json

================================================================================
Mega comm_sm=12, case 92/100: case_000091_dcp2_hkv4: B=19, Sq=[16, 16, 16, 16, 16, 16, 16, 16, 16, 16, 16, 16, 16, 16, 16, 16, 16, 16, 16], Sk=[5984, 4922, 1259, 1249, 7007, 7053, 1915, 9875, 10307, 2123, 12970, 4570, 30734, 10040, 10570, 22021, 29371, 9448, 907], DCP=2, Hkv=4
================================================================================
Config: world_size=8, methods=['dcp_mega_varlen'], QH=32, KVH=4, D=128, TP=8, DCP=2, workload=chunk, execution=eager, baseline_phase_timing=False, warmup=40, iters=60, check=False
Workload: B=19, q_tokens=304, history_tokens=182325, q_seqlens=[16, 16, 16, 16, 16, 16, 16, 16, 16, 16, 16, 16, 16, 16, 16, 16, 16, 16, 16], history_seqlens=[5984, 4922, 1259, 1249, 7007, 7053, 1915, 9875, 10307, 2123, 12970, 4570, 30734, 10040, 10570, 22021, 29371, 9448, 907]
Agg TFLOPS uses useful attention work across all TP ranks and p50(max_across_ranks); Avg/GPU divides it by world_size.
KV GB/s/GPU is average logical BF16 K+V bytes read per TP rank divided by p50(max_across_ranks); it is not hardware-counter HBM traffic.

Running B=19, q_tokens=304, history_tokens=182325, causal=True

B=19, q_tokens=304, history_tokens=182325, QH=32, KVH=4, D=128, TP=8, DCP=2, mode=causal
Method                   Time ms                                                                                                                                     Agg TFLOPS    Avg/GPU  KV GB/s/GPU      Check  Note
dcp_mega_varlen          t0=0.090, t1=0.085, t2=0.089, t3=0.087, t4=0.087, t5=0.086, t6=0.088, t7=0.086 | p50(max_across_ranks)=0.091, p90(max_across_ranks)=0.092        528.0       66.0        516.9       skip  eager; output=bf16_ipc_a2a; runner_preallocated; timing=mega_kernel_only
Wrote benchmark JSON to /home/hychen/min_fa3_demo/benchmark_logs/experiment_suite/20260812-231044-dcp-cp-suite/01_dcp_wave/results/arrival_2/dcp_2/critical_wave_release_lpt/comm_sm_12/case_000091_dcp2_hkv4_eager.json

================================================================================
Mega comm_sm=12, case 93/100: case_000092_dcp2_hkv4: B=15, Sq=[16, 16, 16, 16, 16, 16, 16, 16, 16, 16, 16, 16, 16, 16, 4096], Sk=[1341, 29055, 2826, 17520, 13927, 12176, 7660, 1101, 7934, 12452, 57383, 2276, 2489, 17410, 25088], DCP=2, Hkv=4
================================================================================
Config: world_size=8, methods=['dcp_mega_varlen'], QH=32, KVH=4, D=128, TP=8, DCP=2, workload=chunk, execution=eager, baseline_phase_timing=False, warmup=40, iters=60, check=False
Workload: B=15, q_tokens=4320, history_tokens=210638, q_seqlens=[16, 16, 16, 16, 16, 16, 16, 16, 16, 16, 16, 16, 16, 16, 4096], history_seqlens=[1341, 29055, 2826, 17520, 13927, 12176, 7660, 1101, 7934, 12452, 57383, 2276, 2489, 17410, 25088]
Agg TFLOPS uses useful attention work across all TP ranks and p50(max_across_ranks); Avg/GPU divides it by world_size.
KV GB/s/GPU is average logical BF16 K+V bytes read per TP rank divided by p50(max_across_ranks); it is not hardware-counter HBM traffic.

Running B=15, q_tokens=4320, history_tokens=210638, causal=True

B=15, q_tokens=4320, history_tokens=210638, QH=32, KVH=4, D=128, TP=8, DCP=2, mode=causal
Method                   Time ms                                                                                                                                     Agg TFLOPS    Avg/GPU  KV GB/s/GPU      Check  Note
dcp_mega_varlen          t0=0.480, t1=0.468, t2=0.474, t3=0.468, t4=0.464, t5=0.465, t6=0.476, t7=0.469 | p50(max_across_ranks)=0.480, p90(max_across_ranks)=0.481       3897.3      487.2        117.0       skip  eager; output=bf16_ipc_a2a; runner_preallocated; timing=mega_kernel_only
Wrote benchmark JSON to /home/hychen/min_fa3_demo/benchmark_logs/experiment_suite/20260812-231044-dcp-cp-suite/01_dcp_wave/results/arrival_2/dcp_2/critical_wave_release_lpt/comm_sm_12/case_000092_dcp2_hkv4_eager.json

================================================================================
Mega comm_sm=12, case 94/100: case_000093_dcp2_hkv4: B=19, Sq=[16, 16, 16, 16, 16, 16, 16, 16, 16, 16, 16, 16, 16, 16, 16, 16, 16, 16, 4096], Sk=[11243, 2512, 1260, 1937, 24631, 17939, 2021, 17980, 4443, 2105, 4074, 1489, 9694, 11655, 61689, 1506, 10792, 12316, 12800], DCP=2, Hkv=4
================================================================================
Config: world_size=8, methods=['dcp_mega_varlen'], QH=32, KVH=4, D=128, TP=8, DCP=2, workload=chunk, execution=eager, baseline_phase_timing=False, warmup=40, iters=60, check=False
Workload: B=19, q_tokens=4384, history_tokens=212086, q_seqlens=[16, 16, 16, 16, 16, 16, 16, 16, 16, 16, 16, 16, 16, 16, 16, 16, 16, 16, 4096], history_seqlens=[11243, 2512, 1260, 1937, 24631, 17939, 2021, 17980, 4443, 2105, 4074, 1489, 9694, 11655, 61689, 1506, 10792, 12316, 12800]
Agg TFLOPS uses useful attention work across all TP ranks and p50(max_across_ranks); Avg/GPU divides it by world_size.
KV GB/s/GPU is average logical BF16 K+V bytes read per TP rank divided by p50(max_across_ranks); it is not hardware-counter HBM traffic.

Running B=19, q_tokens=4384, history_tokens=212086, causal=True

B=19, q_tokens=4384, history_tokens=212086, QH=32, KVH=4, D=128, TP=8, DCP=2, mode=causal
Method                   Time ms                                                                                                                                     Agg TFLOPS    Avg/GPU  KV GB/s/GPU      Check  Note
dcp_mega_varlen          t0=0.297, t1=0.291, t2=0.297, t3=0.293, t4=0.293, t5=0.295, t6=0.296, t7=0.295 | p50(max_across_ranks)=0.298, p90(max_across_ranks)=0.300       3517.6      439.7        189.6       skip  eager; output=bf16_ipc_a2a; runner_preallocated; timing=mega_kernel_only
Wrote benchmark JSON to /home/hychen/min_fa3_demo/benchmark_logs/experiment_suite/20260812-231044-dcp-cp-suite/01_dcp_wave/results/arrival_2/dcp_2/critical_wave_release_lpt/comm_sm_12/case_000093_dcp2_hkv4_eager.json

================================================================================
Mega comm_sm=12, case 95/100: case_000094_dcp2_hkv4: B=31, Sq=[16, 16, 16, 16, 16, 16, 16, 16, 16, 16, 16, 16, 16, 16, 16, 16, 16, 16, 16, 16, 16, 16, 16, 16, 16, 16, 16, 16, 16, 16, 16], Sk=[3562, 9353, 2936, 63271, 13206, 1272, 1342, 14701, 22602, 4784, 10241, 1473, 6421, 1855, 5277, 27010, 16987, 4526, 1107, 10632, 34192, 5962, 5388, 32338, 21701, 14815, 8533, 958, 1463, 18242, 1332], DCP=2, Hkv=4
================================================================================
Config: world_size=8, methods=['dcp_mega_varlen'], QH=32, KVH=4, D=128, TP=8, DCP=2, workload=chunk, execution=eager, baseline_phase_timing=False, warmup=40, iters=60, check=False
Workload: B=31, q_tokens=496, history_tokens=367482, q_seqlens=[16, 16, 16, 16, 16, 16, 16, 16, 16, 16, 16, 16, 16, 16, 16, 16, 16, 16, 16, 16, 16, 16, 16, 16, 16, 16, 16, 16, 16, 16, 16], history_seqlens=[3562, 9353, 2936, 63271, 13206, 1272, 1342, 14701, 22602, 4784, 10241, 1473, 6421, 1855, 5277, 27010, 16987, 4526, 1107, 10632, 34192, 5962, 5388, 32338, 21701, 14815, 8533, 958, 1463, 18242, 1332]
Agg TFLOPS uses useful attention work across all TP ranks and p50(max_across_ranks); Avg/GPU divides it by world_size.
KV GB/s/GPU is average logical BF16 K+V bytes read per TP rank divided by p50(max_across_ranks); it is not hardware-counter HBM traffic.

Running B=31, q_tokens=496, history_tokens=367482, causal=True

B=31, q_tokens=496, history_tokens=367482, QH=32, KVH=4, D=128, TP=8, DCP=2, mode=causal
Method                   Time ms                                                                                                                                     Agg TFLOPS    Avg/GPU  KV GB/s/GPU      Check  Note
dcp_mega_varlen          t0=0.099, t1=0.095, t2=0.098, t3=0.097, t4=0.098, t5=0.097, t6=0.098, t7=0.096 | p50(max_across_ranks)=0.100, p90(max_across_ranks)=0.103        965.3      120.7        944.5       skip  eager; output=bf16_ipc_a2a; runner_preallocated; timing=mega_kernel_only
Wrote benchmark JSON to /home/hychen/min_fa3_demo/benchmark_logs/experiment_suite/20260812-231044-dcp-cp-suite/01_dcp_wave/results/arrival_2/dcp_2/critical_wave_release_lpt/comm_sm_12/case_000094_dcp2_hkv4_eager.json

================================================================================
Mega comm_sm=12, case 96/100: case_000095_dcp2_hkv4: B=20, Sq=[16, 16, 16, 16, 16, 16, 16, 16, 16, 16, 16, 16, 16, 16, 16, 16, 16, 16, 16, 2592], Sk=[1792, 1296, 11991, 3249, 44085, 31055, 1107, 1163, 1316, 8390, 17606, 22323, 4492, 1085, 4346, 3045, 17082, 4934, 7368, 8704], DCP=2, Hkv=4
================================================================================
Config: world_size=8, methods=['dcp_mega_varlen'], QH=32, KVH=4, D=128, TP=8, DCP=2, workload=chunk, execution=eager, baseline_phase_timing=False, warmup=40, iters=60, check=False
Workload: B=20, q_tokens=2896, history_tokens=196429, q_seqlens=[16, 16, 16, 16, 16, 16, 16, 16, 16, 16, 16, 16, 16, 16, 16, 16, 16, 16, 16, 2592], history_seqlens=[1792, 1296, 11991, 3249, 44085, 31055, 1107, 1163, 1316, 8390, 17606, 22323, 4492, 1085, 4346, 3045, 17082, 4934, 7368, 8704]
Agg TFLOPS uses useful attention work across all TP ranks and p50(max_across_ranks); Avg/GPU divides it by world_size.
KV GB/s/GPU is average logical BF16 K+V bytes read per TP rank divided by p50(max_across_ranks); it is not hardware-counter HBM traffic.

Running B=20, q_tokens=2896, history_tokens=196429, causal=True

B=20, q_tokens=2896, history_tokens=196429, QH=32, KVH=4, D=128, TP=8, DCP=2, mode=causal
Method                   Time ms                                                                                                                                     Agg TFLOPS    Avg/GPU  KV GB/s/GPU      Check  Note
dcp_mega_varlen          t0=0.172, t1=0.168, t2=0.169, t3=0.166, t4=0.168, t5=0.168, t6=0.170, t7=0.167 | p50(max_across_ranks)=0.172, p90(max_across_ranks)=0.175       2749.6      343.7        300.3       skip  eager; output=bf16_ipc_a2a; runner_preallocated; timing=mega_kernel_only
Wrote benchmark JSON to /home/hychen/min_fa3_demo/benchmark_logs/experiment_suite/20260812-231044-dcp-cp-suite/01_dcp_wave/results/arrival_2/dcp_2/critical_wave_release_lpt/comm_sm_12/case_000095_dcp2_hkv4_eager.json

================================================================================
Mega comm_sm=12, case 97/100: case_000096_dcp2_hkv4: B=12, Sq=[16, 16, 16, 16, 16, 16, 16, 16, 16, 16, 16, 16], Sk=[1780, 5420, 2044, 38810, 5972, 7136, 5058, 1174, 7405, 14926, 2627, 1695], DCP=2, Hkv=4
================================================================================
Config: world_size=8, methods=['dcp_mega_varlen'], QH=32, KVH=4, D=128, TP=8, DCP=2, workload=chunk, execution=eager, baseline_phase_timing=False, warmup=40, iters=60, check=False
Workload: B=12, q_tokens=192, history_tokens=94047, q_seqlens=[16, 16, 16, 16, 16, 16, 16, 16, 16, 16, 16, 16], history_seqlens=[1780, 5420, 2044, 38810, 5972, 7136, 5058, 1174, 7405, 14926, 2627, 1695]
Agg TFLOPS uses useful attention work across all TP ranks and p50(max_across_ranks); Avg/GPU divides it by world_size.
KV GB/s/GPU is average logical BF16 K+V bytes read per TP rank divided by p50(max_across_ranks); it is not hardware-counter HBM traffic.

Running B=12, q_tokens=192, history_tokens=94047, causal=True

B=12, q_tokens=192, history_tokens=94047, QH=32, KVH=4, D=128, TP=8, DCP=2, mode=causal
Method                   Time ms                                                                                                                                     Agg TFLOPS    Avg/GPU  KV GB/s/GPU      Check  Note
dcp_mega_varlen          t0=0.075, t1=0.072, t2=0.074, t3=0.074, t4=0.073, t5=0.073, t6=0.073, t7=0.071 | p50(max_across_ranks)=0.076, p90(max_across_ranks)=0.079        325.6       40.7        318.9       skip  eager; output=bf16_ipc_a2a; runner_preallocated; timing=mega_kernel_only
Wrote benchmark JSON to /home/hychen/min_fa3_demo/benchmark_logs/experiment_suite/20260812-231044-dcp-cp-suite/01_dcp_wave/results/arrival_2/dcp_2/critical_wave_release_lpt/comm_sm_12/case_000096_dcp2_hkv4_eager.json

================================================================================
Mega comm_sm=12, case 98/100: case_000097_dcp2_hkv4: B=12, Sq=[16, 16, 16, 16, 16, 16, 16, 16, 16, 16, 16, 16], Sk=[1864, 5505, 2123, 7230, 5150, 1266, 15036, 1783, 1311, 940, 16136, 51560], DCP=2, Hkv=4
================================================================================
Config: world_size=8, methods=['dcp_mega_varlen'], QH=32, KVH=4, D=128, TP=8, DCP=2, workload=chunk, execution=eager, baseline_phase_timing=False, warmup=40, iters=60, check=False
Workload: B=12, q_tokens=192, history_tokens=109904, q_seqlens=[16, 16, 16, 16, 16, 16, 16, 16, 16, 16, 16, 16], history_seqlens=[1864, 5505, 2123, 7230, 5150, 1266, 15036, 1783, 1311, 940, 16136, 51560]
Agg TFLOPS uses useful attention work across all TP ranks and p50(max_across_ranks); Avg/GPU divides it by world_size.
KV GB/s/GPU is average logical BF16 K+V bytes read per TP rank divided by p50(max_across_ranks); it is not hardware-counter HBM traffic.

Running B=12, q_tokens=192, history_tokens=109904, causal=True

B=12, q_tokens=192, history_tokens=109904, QH=32, KVH=4, D=128, TP=8, DCP=2, mode=causal
Method                   Time ms                                                                                                                                     Agg TFLOPS    Avg/GPU  KV GB/s/GPU      Check  Note
dcp_mega_varlen          t0=0.077, t1=0.074, t2=0.077, t3=0.076, t4=0.076, t5=0.075, t6=0.076, t7=0.075 | p50(max_across_ranks)=0.078, p90(max_across_ranks)=0.081        367.9       46.0        360.2       skip  eager; output=bf16_ipc_a2a; runner_preallocated; timing=mega_kernel_only
Wrote benchmark JSON to /home/hychen/min_fa3_demo/benchmark_logs/experiment_suite/20260812-231044-dcp-cp-suite/01_dcp_wave/results/arrival_2/dcp_2/critical_wave_release_lpt/comm_sm_12/case_000097_dcp2_hkv4_eager.json

================================================================================
Mega comm_sm=12, case 99/100: case_000098_dcp2_hkv4: B=23, Sq=[16, 16, 16, 16, 16, 16, 16, 16, 16, 16, 16, 16, 16, 16, 16, 16, 16, 16, 16, 16, 16, 16, 1960], Sk=[12720, 1781, 7131, 4408, 23871, 1740, 3629, 30761, 1256, 6593, 79230, 3739, 8635, 30305, 19361, 4559, 37280, 3187, 7877, 7946, 2185, 6764, 4608], DCP=2, Hkv=4
================================================================================
Config: world_size=8, methods=['dcp_mega_varlen'], QH=32, KVH=4, D=128, TP=8, DCP=2, workload=chunk, execution=eager, baseline_phase_timing=False, warmup=40, iters=60, check=False
Workload: B=23, q_tokens=2312, history_tokens=309566, q_seqlens=[16, 16, 16, 16, 16, 16, 16, 16, 16, 16, 16, 16, 16, 16, 16, 16, 16, 16, 16, 16, 16, 16, 1960], history_seqlens=[12720, 1781, 7131, 4408, 23871, 1740, 3629, 30761, 1256, 6593, 79230, 3739, 8635, 30305, 19361, 4559, 37280, 3187, 7877, 7946, 2185, 6764, 4608]
Agg TFLOPS uses useful attention work across all TP ranks and p50(max_across_ranks); Avg/GPU divides it by world_size.
KV GB/s/GPU is average logical BF16 K+V bytes read per TP rank divided by p50(max_across_ranks); it is not hardware-counter HBM traffic.

Running B=23, q_tokens=2312, history_tokens=309566, causal=True

B=23, q_tokens=2312, history_tokens=309566, QH=32, KVH=4, D=128, TP=8, DCP=2, mode=causal
Method                   Time ms                                                                                                                                     Agg TFLOPS    Avg/GPU  KV GB/s/GPU      Check  Note
dcp_mega_varlen          t0=0.212, t1=0.203, t2=0.208, t3=0.204, t4=0.204, t5=0.205, t6=0.208, t7=0.204 | p50(max_across_ranks)=0.212, p90(max_across_ranks)=0.216       1223.6      152.9        379.3       skip  eager; output=bf16_ipc_a2a; runner_preallocated; timing=mega_kernel_only
Wrote benchmark JSON to /home/hychen/min_fa3_demo/benchmark_logs/experiment_suite/20260812-231044-dcp-cp-suite/01_dcp_wave/results/arrival_2/dcp_2/critical_wave_release_lpt/comm_sm_12/case_000098_dcp2_hkv4_eager.json

================================================================================
Mega comm_sm=12, case 100/100: case_000099_dcp2_hkv4: B=22, Sq=[16, 16, 16, 16, 16, 16, 16, 16, 16, 16, 16, 16, 16, 16, 16, 16, 16, 16, 16, 16, 4096, 1368], Sk=[3071, 6574, 8879, 12076, 118673, 4037, 27706, 13633, 1075, 37369, 10834, 5171, 1294, 12284, 2777, 3928, 4812, 17212, 1062, 938, 12800, 512], DCP=2, Hkv=4
================================================================================
Config: world_size=8, methods=['dcp_mega_varlen'], QH=32, KVH=4, D=128, TP=8, DCP=2, workload=chunk, execution=eager, baseline_phase_timing=False, warmup=40, iters=60, check=False
Workload: B=22, q_tokens=5784, history_tokens=306717, q_seqlens=[16, 16, 16, 16, 16, 16, 16, 16, 16, 16, 16, 16, 16, 16, 16, 16, 16, 16, 16, 16, 4096, 1368], history_seqlens=[3071, 6574, 8879, 12076, 118673, 4037, 27706, 13633, 1075, 37369, 10834, 5171, 1294, 12284, 2777, 3928, 4812, 17212, 1062, 938, 12800, 512]
Agg TFLOPS uses useful attention work across all TP ranks and p50(max_across_ranks); Avg/GPU divides it by world_size.
KV GB/s/GPU is average logical BF16 K+V bytes read per TP rank divided by p50(max_across_ranks); it is not hardware-counter HBM traffic.

Running B=22, q_tokens=5784, history_tokens=306717, causal=True

B=22, q_tokens=5784, history_tokens=306717, QH=32, KVH=4, D=128, TP=8, DCP=2, mode=causal
Method                   Time ms                                                                                                                                     Agg TFLOPS    Avg/GPU  KV GB/s/GPU      Check  Note
dcp_mega_varlen          t0=0.319, t1=0.321, t2=0.318, t3=0.320, t4=0.319, t5=0.318, t6=0.319, t7=0.320 | p50(max_across_ranks)=0.322, p90(max_across_ranks)=0.324       3422.2      427.8        253.4       skip  eager; output=bf16_ipc_a2a; runner_preallocated; timing=mega_kernel_only
Wrote benchmark JSON to /home/hychen/min_fa3_demo/benchmark_logs/experiment_suite/20260812-231044-dcp-cp-suite/01_dcp_wave/results/arrival_2/dcp_2/critical_wave_release_lpt/comm_sm_12/case_000099_dcp2_hkv4_eager.json

Mega comm_sm=12 summary

Mega DCP batch summary
Case                   DCP Method                       p50 ms     p90 ms   Agg TFLOPS
case_000000_dcp2_hkv4    2 dcp_mega_varlen               0.096      0.098       1069.8
case_000001_dcp2_hkv4    2 dcp_mega_varlen               0.077      0.080        382.5
case_000002_dcp2_hkv4    2 dcp_mega_varlen               0.094      0.095       1038.8
case_000003_dcp2_hkv4    2 dcp_mega_varlen               0.069      0.070        268.6
case_000004_dcp2_hkv4    2 dcp_mega_varlen               0.088      0.089        354.6
case_000005_dcp2_hkv4    2 dcp_mega_varlen               0.078      0.079        497.7
case_000006_dcp2_hkv4    2 dcp_mega_varlen               0.085      0.087        585.7
case_000007_dcp2_hkv4    2 dcp_mega_varlen               1.101      1.111       4617.4
case_000008_dcp2_hkv4    2 dcp_mega_varlen               0.200      0.202        624.9
case_000009_dcp2_hkv4    2 dcp_mega_varlen               0.090      0.092        867.1
case_000010_dcp2_hkv4    2 dcp_mega_varlen               0.088      0.090        836.4
case_000011_dcp2_hkv4    2 dcp_mega_varlen               0.821      0.823       4015.2
case_000012_dcp2_hkv4    2 dcp_mega_varlen               0.477      0.479       3924.0
case_000013_dcp2_hkv4    2 dcp_mega_varlen               0.064      0.066        706.7
case_000014_dcp2_hkv4    2 dcp_mega_varlen               0.087      0.092        511.7
case_000015_dcp2_hkv4    2 dcp_mega_varlen               0.477      0.479       3920.2
case_000016_dcp2_hkv4    2 dcp_mega_varlen               0.219      0.221       1073.8
case_000017_dcp2_hkv4    2 dcp_mega_varlen               0.080      0.082        506.6
case_000018_dcp2_hkv4    2 dcp_mega_varlen               0.093      0.095        600.4
case_000019_dcp2_hkv4    2 dcp_mega_varlen               0.074      0.076        506.4
case_000020_dcp2_hkv4    2 dcp_mega_varlen               0.062      0.064        438.5
case_000021_dcp2_hkv4    2 dcp_mega_varlen               0.064      0.066        577.9
case_000022_dcp2_hkv4    2 dcp_mega_varlen               0.079      0.082        452.5
case_000023_dcp2_hkv4    2 dcp_mega_varlen               0.697      0.709       3886.8
case_000024_dcp2_hkv4    2 dcp_mega_varlen               0.080      0.082        836.4
case_000025_dcp2_hkv4    2 dcp_mega_varlen               0.097      0.101        665.6
case_000026_dcp2_hkv4    2 dcp_mega_varlen               0.075      0.079        623.5
case_000027_dcp2_hkv4    2 dcp_mega_varlen               0.066      0.069        547.7
case_000028_dcp2_hkv4    2 dcp_mega_varlen               0.103      0.104       1092.6
case_000029_dcp2_hkv4    2 dcp_mega_varlen               0.079      0.082        722.5
case_000030_dcp2_hkv4    2 dcp_mega_varlen               0.093      0.098        767.6
case_000031_dcp2_hkv4    2 dcp_mega_varlen               0.082      0.084        537.0
case_000032_dcp2_hkv4    2 dcp_mega_varlen               0.079      0.081        716.3
case_000033_dcp2_hkv4    2 dcp_mega_varlen               0.067      0.069        784.4
case_000034_dcp2_hkv4    2 dcp_mega_varlen               0.084      0.085        844.4
case_000035_dcp2_hkv4    2 dcp_mega_varlen               0.247      0.249       3460.0
case_000036_dcp2_hkv4    2 dcp_mega_varlen               0.164      0.167       3201.0
case_000037_dcp2_hkv4    2 dcp_mega_varlen               0.076      0.081        701.5
case_000038_dcp2_hkv4    2 dcp_mega_varlen               0.084      0.088        585.9
case_000039_dcp2_hkv4    2 dcp_mega_varlen               0.130      0.133       1341.8
case_000040_dcp2_hkv4    2 dcp_mega_varlen               0.072      0.076        586.3
case_000041_dcp2_hkv4    2 dcp_mega_varlen               0.084      0.086        758.8
case_000042_dcp2_hkv4    2 dcp_mega_varlen               0.260      0.264       3628.0
case_000043_dcp2_hkv4    2 dcp_mega_varlen               0.075      0.077        551.1
case_000044_dcp2_hkv4    2 dcp_mega_varlen               0.095      0.098        495.7
case_000045_dcp2_hkv4    2 dcp_mega_varlen               0.167      0.169       2670.1
case_000046_dcp2_hkv4    2 dcp_mega_varlen               0.070      0.073        411.2
case_000047_dcp2_hkv4    2 dcp_mega_varlen               0.063      0.064        462.9
case_000048_dcp2_hkv4    2 dcp_mega_varlen               0.258      0.260       3088.8
case_000049_dcp2_hkv4    2 dcp_mega_varlen               0.092      0.095        920.5
case_000050_dcp2_hkv4    2 dcp_mega_varlen               0.094      0.096        574.7
case_000051_dcp2_hkv4    2 dcp_mega_varlen               0.099      0.102        745.8
case_000052_dcp2_hkv4    2 dcp_mega_varlen               0.097      0.099       1029.7
case_000053_dcp2_hkv4    2 dcp_mega_varlen               0.098      0.099       1113.1
case_000054_dcp2_hkv4    2 dcp_mega_varlen               0.076      0.079        647.3
case_000055_dcp2_hkv4    2 dcp_mega_varlen               0.080      0.082        766.0
case_000056_dcp2_hkv4    2 dcp_mega_varlen               0.076      0.079        400.8
case_000057_dcp2_hkv4    2 dcp_mega_varlen               0.067      0.069        530.4
case_000058_dcp2_hkv4    2 dcp_mega_varlen               0.190      0.192       1160.9
case_000059_dcp2_hkv4    2 dcp_mega_varlen               0.118      0.126       1192.0
case_000060_dcp2_hkv4    2 dcp_mega_varlen               0.228      0.230       1178.8
case_000061_dcp2_hkv4    2 dcp_mega_varlen               0.222      0.223       3425.7
case_000062_dcp2_hkv4    2 dcp_mega_varlen               0.086      0.090        717.5
case_000063_dcp2_hkv4    2 dcp_mega_varlen               0.303      0.307       3508.0
case_000064_dcp2_hkv4    2 dcp_mega_varlen               0.084      0.087        866.1
case_000065_dcp2_hkv4    2 dcp_mega_varlen               0.087      0.090        836.5
case_000066_dcp2_hkv4    2 dcp_mega_varlen               0.056      0.060        581.7
case_000067_dcp2_hkv4    2 dcp_mega_varlen               0.064      0.066        689.7
case_000068_dcp2_hkv4    2 dcp_mega_varlen               0.055      0.057        605.0
case_000069_dcp2_hkv4    2 dcp_mega_varlen               0.055      0.058        626.8
case_000070_dcp2_hkv4    2 dcp_mega_varlen               0.097      0.100        944.9
case_000071_dcp2_hkv4    2 dcp_mega_varlen               0.096      0.098        502.4
case_000072_dcp2_hkv4    2 dcp_mega_varlen               0.058      0.060        499.8
case_000073_dcp2_hkv4    2 dcp_mega_varlen               0.532      0.534       3985.3
case_000074_dcp2_hkv4    2 dcp_mega_varlen               0.668      0.702       4036.3
case_000075_dcp2_hkv4    2 dcp_mega_varlen               0.114      0.116        699.5
case_000076_dcp2_hkv4    2 dcp_mega_varlen               0.243      0.245       3208.6
case_000077_dcp2_hkv4    2 dcp_mega_varlen               0.109      0.113        479.4
case_000078_dcp2_hkv4    2 dcp_mega_varlen               0.410      0.415       3914.9
case_000079_dcp2_hkv4    2 dcp_mega_varlen               0.091      0.100        902.6
case_000080_dcp2_hkv4    2 dcp_mega_varlen               0.079      0.092        625.4
case_000081_dcp2_hkv4    2 dcp_mega_varlen               1.322      1.334       4113.4
case_000082_dcp2_hkv4    2 dcp_mega_varlen               0.099      0.104        566.1
case_000083_dcp2_hkv4    2 dcp_mega_varlen               0.080      0.081        572.8
case_000084_dcp2_hkv4    2 dcp_mega_varlen               0.298      0.300       3512.6
case_000085_dcp2_hkv4    2 dcp_mega_varlen               0.077      0.079        771.1
case_000086_dcp2_hkv4    2 dcp_mega_varlen               0.320      0.322       3358.8
case_000087_dcp2_hkv4    2 dcp_mega_varlen               0.085      0.087        828.3
case_000088_dcp2_hkv4    2 dcp_mega_varlen               0.089      0.093        434.5
case_000089_dcp2_hkv4    2 dcp_mega_varlen               0.477      0.481       3891.2
case_000090_dcp2_hkv4    2 dcp_mega_varlen               0.073      0.075        661.1
case_000091_dcp2_hkv4    2 dcp_mega_varlen               0.091      0.092        528.0
case_000092_dcp2_hkv4    2 dcp_mega_varlen               0.480      0.481       3897.3
case_000093_dcp2_hkv4    2 dcp_mega_varlen               0.298      0.300       3517.6
case_000094_dcp2_hkv4    2 dcp_mega_varlen               0.100      0.103        965.3
case_000095_dcp2_hkv4    2 dcp_mega_varlen               0.172      0.175       2749.6
case_000096_dcp2_hkv4    2 dcp_mega_varlen               0.076      0.079        325.6
case_000097_dcp2_hkv4    2 dcp_mega_varlen               0.078      0.081        367.9
case_000098_dcp2_hkv4    2 dcp_mega_varlen               0.212      0.216       1223.6
case_000099_dcp2_hkv4    2 dcp_mega_varlen               0.322      0.324       3422.2

Mega DCP workload-weighted summary
Topology        DCP Method                     Cases    Mean ms  Mean TFLOPS     Weighted  Weighted/GPU
dcp2_hkv4         2 dcp_mega_varlen              100      0.177       1399.7       2631.0         328.9
Wrote batch manifest to /home/hychen/min_fa3_demo/benchmark_logs/experiment_suite/20260812-231044-dcp-cp-suite/01_dcp_wave/results/arrival_2/dcp_2/critical_wave_release_lpt/manifest.json
